13,02,09,1,小倉,1,01,未勝利,7,ダ,1,1000,重,リッシンロケット  ,牡,3,松山弘平,56.0,14,01,5,5,0,0.8,5,59.4,"0594",0,0,0,8,8,35.8,458,作田誠二,栗,50,10102884,01126,01006,1013110101,小原該一,武牧場,アドマイヤコジーン,レモンリーフ,リンドシェーバー,芦毛,100226,   10.4,  ,    ,48.9
13,02,09,1,小倉,1,01,未勝利,7,ダ,1,1000,重,グランデラポール  ,牡,3,西村太一,54.0,14,02,7,7,0,1,13,59.6,"0596",0,0,0,7,6,36.1,482,和田正道,美,0,10104664,01131,00353,1013110102,グランデオーナーズ,絵笛牧場,スタチューオブリバティ,サシモノ,Diesis,黒鹿,100325,  174.4,  ,    ,47.6
13,02,09,1,小倉,1,01,未勝利,7,ダ,1,1000,重,エリモフェザー    ,牝,3,黛弘人,54.0,14,03,3,3,0,0.7,4,59.3,"0593",0,0,0,4,3,36.2,406,中野栄治,美,130,10101787,01109,01010,1013110103,山本慎一,エクセルマネジメン,シニスターミニスター,リトルマーメード,トワイニング,栗毛,100313,    7.0,  ,    ,45.7
13,02,09,1,小倉,1,01,未勝利,7,ダ,1,1000,重,バクシンパワー    ,セ,3,松田大作,56.0,14,04,4,4,0,0.8,8,59.4,"0594",0,0,0,4,5,36.3,458,鈴木孝志,栗,75,10105178,01030,01111,1013110104,宮内牧場,宮内牧場,サクラバクシンオー,ホクセツクィーン,サンデーサイレンス,鹿毛,100515,   36.1,  ,    ,45.5
13,02,09,1,小倉,1,01,未勝利,7,ダ,1,1000,重,ヒカリユニキャスト,牡,3,高倉稜,56.0,14,05,1,1,0,-0.5,1,58.6,"0586",0,0,0,1,1,35.8,532,谷潔,栗,500,10104695,01130,00431,1013110105,ヒカリクラブ,岡本昌市,スタチューオブリバティ,レーサ,フジキセキ,黒鹿,100511,    3.2,  ,    ,45.5
13,02,09,1,小倉,1,01,未勝利,7,ダ,1,1000,重,ゴーイングビート  ,牡,3,大野拓弥,56.0,14,06,11,11,0,2.5,14,61.1,"1011",0,0,0,14,14,36.9,494,岩元市三,栗,0,10105224,01096,00397,1013110106,田畑利彦,モトスファーム,ストラヴィンスキー,ビートローズ,フジキセキ,鹿毛,100418,  253.6,  ,    ,48.4
13,02,09,1,小倉,1,01,未勝利,7,ダ,1,1000,重,カシノラッキー    ,牡,3,二本柳壮,56.0,14,07,8,8,0,2,12,60.6,"1006",0,0,0,8,8,37,470,二本柳俊,美,0,10100453,01049,00370,1013110107,柏木務,下河辺牧場,ロージズインメイ,エアファーギー,エアシャカール,青鹿,100318,  116.1,  ,    ,45.7
13,02,09,1,小倉,1,01,未勝利,7,ダ,1,1000,重,ゼンノビッグワン  ,牡,3,武幸四郎,56.0,14,08,2,2,0,0.5,2,59.1,"0591",0,0,0,2,2,36.2,524,中竹和也,栗,200,10105418,01026,01039,1013110108,大迫久美子,川島牧場,"Mr. Greeley",フォーマルアプローバル,Kingmambo,鹿毛,100318,    3.5,  ,    ,44.9
13,02,09,1,小倉,1,01,未勝利,7,ダ,1,1000,重,アスターキング    ,牡,3,北村友一,56.0,14,09,6,6,0,0.9,3,59.5,"0595",0,0,0,3,3,36.5,474,加藤敬二,栗,0,10103461,01102,00379,1013110109,加藤久枝,新井牧場,クリストワイニング,ヒサクィーン,アグネスタキオン,栗毛,100505,    5.1,  ,    ,44.5
13,02,09,1,小倉,1,01,未勝利,7,ダ,1,1000,重,フリムカナイデ    ,牝,3,中舘英二,54.0,14,10,14,14,0,2.7,9,61.3,"1013",0,0,0,8,10,37.7,456,粕谷昌央,美,0,10104771,00635,01096,1013110110,小田切有一,木村牧場,サウスヴィグラス,ウソツキ,ダンスインザダーク,栗毛,100508,   37.9,  ,    ,43.9
13,02,09,1,小倉,1,01,未勝利,7,ダ,1,1000,重,メイショウゲンナイ,牡,3,菱田裕二,53.0,14,11,10,10,0,2.3,10,60.9,"1009",0,0,0,12,10,36.8,402,武田博,栗,0,10105217,01144,00224,1013110111,松本和子,本巣敦,トワイニング,マチカネモユルコイ,サンデーサイレンス,鹿毛,100321,   65.1,  ,    ,48.2
13,02,09,1,小倉,1,01,未勝利,7,ダ,1,1000,重,イデアリスタ      ,セ,3,勝浦正樹,56.0,14,12,9,9,0,2.1,11,60.7,"1007",0,0,0,12,10,36.6,470,菊川正達,美,0,10100091,01025,01052,1013110112,西森道男,原田新治,フサイチコンコルド,ナイキアムール,マヤノトップガン,鹿毛,100409,   82.7,  ,    ,48.8
13,02,09,1,小倉,1,01,未勝利,7,ダ,1,1000,重,イニシャルダブル  ,牝,3,中井裕二,51.0,14,13,13,13,0,2.7,6,61.3,"1013",0,0,0,11,13,37.5,414,荒川義之,栗,0,10103683,01141,01095,1013110113,社台レースホース,社台ファーム,ウォーエンブレム,ウォートルベリー,Starborough,鹿毛,100224,   11.5,  ,    ,45.2
13,02,09,1,小倉,1,01,未勝利,7,ダ,1,1000,重,タイキシャーリー  ,牝,3,横山和生,51.0,14,14,12,12,0,2.6,7,61.2,"1012",0,0,0,6,6,38,434,伊藤圭三,美,0,10106231,01140,01023,1013110114,大樹ファーム,大樹ファーム,タイキシャトル,タイキプロバンス,トワイニング,栗毛,100108,   34.1,  ,    ,41.6
13,02,09,1,小倉,1,02,500万下・牝,23,ダ,1,1700,重,パーティブロッサム,牝,4,松山弘平,54.0,10,01,1,1,0,-0.4,7,105.1,"1451",0,5,3,3,3,37.2,472,角田晃一,栗,670,09103841,01126,01121,1013110201,飯田良枝,千代田牧場,キングヘイロー,ジェミーブロッサム,"Wild Again",黒鹿,090217,   16.8,  ,    ,49.6
13,02,09,1,小倉,1,02,500万下・牝,23,ダ,1,1700,重,フジチャン        ,牝,5,丸田恭介,55.0,10,02,7,7,0,1.3,2,106.4,"1464",0,1,1,1,1,38.7,482,清水英克,美,0,08103672,01117,01080,1013110202,臼井義太郎,中田英樹,ネオユニヴァース,アイドリカ,"Rainbow Quest",鹿毛,080419,    4.6,  ,    ,45.4
13,02,09,1,小倉,1,02,500万下・牝,23,ダ,1,1700,重,パリーナチャン    ,牝,4,西田雄一,54.0,10,03,4,4,0,0.5,9,105.6,"1456",0,6,6,5,3,37.6,444,加藤和宏,美,100,09100469,01004,01077,1013110203,松栄牧場,松栄牧場,メイショウオウドウ,アングウィッシュ,"El Gran Senor",鹿毛,090422,   19.0,  ,    ,48.6
13,02,09,1,小倉,1,02,500万下・牝,23,ダ,1,1700,重,マコトラピスラズリ,牝,4,丸山元気,54.0,10,04,8,8,0,1.3,5,106.4,"1464",0,6,6,5,5,38.4,446,鮫島一歩,栗,0,09100101,01127,01046,1013110204,尾田左知子,出口繁夫,フサイチコンコルド,マコトコーラン,ブライアンズタイム,鹿毛,090411,    7.5,  ,    ,46.6
13,02,09,1,小倉,1,02,500万下・牝,23,ダ,1,1700,重,ホワイトジュエル  ,牝,6,西村太一,53.0,10,05,3,3,0,0.5,8,105.6,"1456",0,8,8,8,8,37.4,444,伊藤伸一,美,170,07100858,01131,01031,1013110205,フジワラ・ファーム,フジワラフアーム,ホワイトマズル,ヒカルトクタイセイ,スターオブコジーン,芦毛,070315,   17.9,  ,    ,49.5
13,02,09,1,小倉,1,02,500万下・牝,23,ダ,1,1700,重,ヘヴンリーカラーズ,牝,4,勝浦正樹,54.0,10,06,10,10,0,4.1,10,109.2,"1492",0,2,2,5,10,41.2,440,藤原辰雄,美,0,09103526,01025,00435,1013110206,ヒダカ・ブリーダー,グランド牧場,アドマイヤムーン,ニューヘヴン,"Southern Halo",栗毛,090329,   41.3,  ,    ,40.0
13,02,09,1,小倉,1,02,500万下・牝,23,ダ,1,1700,重,ケイジーシオン    ,牝,5,黛弘人,55.0,10,07,6,6,0,1,4,106.1,"1461",0,9,9,10,8,37.6,476,萱野浩二,美,0,08101911,01109,01024,1013110207,鹿倉勝爾,梅田牧場,マーベラスサンデー,コウヨウヒロイン,ホリスキー,黒鹿,080502,    5.9,  ,    ,49.4
13,02,09,1,小倉,1,02,500万下・牝,23,ダ,1,1700,重,フェアリーガーデン,牝,4,宮崎北斗,54.0,10,08,2,2,0,0.4,6,105.5,"1455",0,2,3,2,2,37.8,440,武藤善則,美,270,09105460,01118,01064,1013110208,田頭勇貴,飯原牧場,サウスヴィグラス,シズノサンデー,ラシアンボンド,鹿毛,090420,   10.0,  ,    ,47.7
13,02,09,1,小倉,1,02,500万下・牝,23,ダ,1,1700,重,ラヴァズアゲイン  ,牝,4,中舘英二,54.0,10,09,9,9,0,2.4,1,107.5,"1475",0,4,5,3,7,39.7,462,大久保龍,栗,0,09100020,00635,01058,1013110209,岡浩二,エクセルマネジメン,ファルブラヴ,ロスマリヌス,サンデーサイレンス,栗毛,090218,    4.1,  ,    ,43.2
13,02,09,1,小倉,1,02,500万下・牝,23,ダ,1,1700,重,シーズガレット    ,牝,5,藤岡康太,55.0,10,10,5,5,0,0.7,3,105.8,"1458",0,10,9,8,5,37.6,456,宮徹,栗,67,08101892,01116,01018,1013110210,橋場勇二,市川フアーム,アグネスフライト,マダムチェロキー,"Cherokee Run",栗毛,080506,    5.0,  ,    ,48.9
13,02,09,1,小倉,1,03,未勝利,7,芝,0,1200,良,テイエムライオネス,牝,3,水口優也,51.0,18,01,7,7,0,0.8,4,69.5,"1095",0,0,0,10,10,34.6,460,木原一良,栗,0,10106031,01133,01033,1013110301,竹園正繼,松浦牧場,フジキセキ,ストーミーウェザー,"Storm Cat",青鹿,100504,   13.9,  ,    ,50.9
13,02,09,1,小倉,1,03,未勝利,7,芝,0,1200,良,デイドリーマー    ,牝,3,丸田恭介,54.0,18,02,5,5,0,0.6,2,69.3,"1093",0,0,0,7,6,34.7,424,久保田貴,美,50,10100683,01117,01067,1013110302,H.H.シェイク・ハム,ダーレー・ジャパン,ネオユニヴァース,ドリームスキーム,Machiavellian,鹿毛,100125,    5.5,  ,    ,49.7
13,02,09,1,小倉,1,03,未勝利,7,芝,0,1200,良,アイアンブランド  ,牝,3,高倉稜,54.0,18,03,18,18,0,2.5,18,71.2,"1112",0,0,0,17,17,35.6,382,坪憲章,栗,0,10101332,01130,00361,1013110303,池上一馬,グローリーファーム,ロサード,アイアンゴールド,マイネルラヴ,青鹿,100322,  275.3,  ,    ,50.0
13,02,09,1,小倉,1,03,未勝利,7,芝,0,1200,良,ゴールデンステッキ,牡,3,藤岡康太,56.0,18,04,16,16,0,1.5,7,70.2,"1102",0,0,0,10,10,35.3,506,藤岡健一,栗,0,10110083,01116,01062,1013110304,小川勲,"Liberation Farm &","Any Given Saturday","Riviera Colleen",Dehere,栗毛,100330,   19.7,  ,    ,48.9
13,02,09,1,小倉,1,03,未勝利,7,芝,0,1200,良,ジャパンイモン    ,牝,3,黛弘人,54.0,18,05,3,3,0,0.3,5,69,"1090",0,0,0,1,1,35.1,434,尾関知人,美,130,10100388,01109,01103,1013110305,井門敏雄,坂牧場,アドマイヤジャパン,シャコーマインド,ハウスバスター,栗毛,100331,   14.3,  ,    ,46.6
13,02,09,1,小倉,1,03,未勝利,7,芝,0,1200,良,タッテハンジョウ  ,牡,3,勝浦正樹,56.0,18,06,13,13,0,1.4,13,70.1,"1101",0,0,0,13,13,34.9,448,谷原義明,美,0,10103581,01025,00402,1013110306,平岡茂樹,平岡牧場,エアジハード,エレガンス,ロドリゴデトリアーノ,栗毛,100405,   64.7,  ,    ,50.9
13,02,09,1,小倉,1,03,未勝利,7,芝,0,1200,良,ワールドリーヴァ  ,牡,3,松田大作,56.0,18,07,9,9,0,1,12,69.7,"1097",0,0,0,6,6,35.3,420,矢作芳人,栗,0,10106306,01030,01075,1013110307,リーヴァ,パカパカファーム,アグネスタキオン,チアズヒカリ,マヤノトップガン,鹿毛,100326,   53.4,  ,    ,47.5
13,02,09,1,小倉,1,03,未勝利,7,芝,0,1200,良,シュリメジャー    ,牡,3,丸山元気,56.0,18,08,10,10,0,1.1,6,69.8,"1098",0,0,0,18,17,34.1,460,相沢郁,美,0,10106204,01127,01020,1013110308,星野壽市,若林牧場,ダイワメジャー,ジョリブロンド,トニービン,黒鹿,100411,   16.4,  ,    ,54.7
13,02,09,1,小倉,1,03,未勝利,7,芝,0,1200,良,ジンセイハオマツリ,牡,3,菱田裕二,53.0,18,09,1,1,0,-0.2,1,68.7,"1087",0,0,0,4,4,34.6,478,佐々木晶,栗,500,10102890,01144,00429,1013110309,小田切有一,田中裕之,オレハマッテルゼ,キマグレ,サクラバクシンオー,黒鹿,100411,    1.8,  ,    ,48.6
13,02,09,1,小倉,1,03,未勝利,7,芝,0,1200,良,ヒアルロンサン    ,牝,3,丹内祐次,54.0,18,10,15,15,0,1.4,14,70.1,"1101",0,0,0,15,15,34.7,426,伊藤伸一,美,0,10102059,01091,01031,1013110310,ミルファーム,小池博幸,トワイニング,ゴッドエンジェル,ラムタラ,鹿毛,100415,   67.4,  ,    ,52.0
13,02,09,1,小倉,1,03,未勝利,7,芝,0,1200,良,ゴールデンハンター,牡,3,中井裕二,53.0,18,11,17,17,0,1.8,11,70.5,"1105",0,0,0,15,15,35.1,480,加用正,栗,0,10100625,01141,00425,1013110311,協栄,タバタファーム,アドマイヤボス,セントクリスマス,コマンダーインチーフ,鹿毛,100506,   47.2,  ,    ,50.9
13,02,09,1,小倉,1,03,未勝利,7,芝,0,1200,良,ファンタジーデイ  ,牝,3,北村友一,54.0,18,12,4,4,0,0.6,3,69.3,"1093",0,0,0,5,4,35,458,本田優,栗,75,10101655,01102,01099,1013110312,安原浩司,三石川上牧場,ジャイアントレッカー,イケイケサンドリン,フォーティナイナー,栗毛,100430,   12.7,  ,    ,48.0
13,02,09,1,小倉,1,03,未勝利,7,芝,0,1200,良,エレガントアゲン  ,牝,3,西村太一,52.0,18,13,6,6,0,0.6,17,69.3,"1093",0,0,0,8,8,34.6,412,萱野浩二,美,0,10103423,01131,01024,1013110313,浅川皓司,由利徳之,タイキシャトル,キュートアゲン,Rahy,栗毛,100423,  246.9,  ,    ,50.3
13,02,09,1,小倉,1,03,未勝利,7,芝,0,1200,良,チェイスザゴールド,牡,3,松山弘平,56.0,18,14,8,8,0,1,10,69.7,"1097",0,0,0,10,10,34.7,530,中竹和也,栗,0,10101224,01126,01039,1013110314,前田幸治,上村清志,アグネスタキオン,クラッシーシャーロット,"A.P. Indy",鹿毛,100324,   37.4,  ,    ,50.9
13,02,09,1,小倉,1,03,未勝利,7,芝,0,1200,良,ソウキュウ        ,牝,3,横山和生,51.0,18,15,14,14,0,1.4,9,70.1,"1101",0,0,0,13,13,34.9,426,鈴木伸尋,美,0,10102285,01140,01026,1013110315,荒木隆之介,伏木田牧場,ファルブラヴ,パーフェクトブルー,サンデーサイレンス,鹿毛,100406,   32.5,  ,    ,50.9
13,02,09,1,小倉,1,03,未勝利,7,芝,0,1200,良,ブルーモントレー  ,牝,3,大野拓弥,54.0,18,16,12,12,0,1.2,15,69.9,"1099",0,0,0,2,2,35.9,466,和田正道,美,0,10110106,01096,00353,1013110316,那須野牧場,"Fares Farm LLC","Henny Hughes","Empty Portrait","Coronado's Quest",栗毛,100201,   89.2,  ,    ,44.7
13,02,09,1,小倉,1,03,未勝利,7,芝,0,1200,良,ターフジェニック  ,牝,3,鮫島良太,54.0,18,17,11,11,0,1.2,16,69.9,"1099",0,0,0,8,8,35.2,470,藤沢則雄,栗,0,10106510,01099,01041,1013110317,柏木務,マリオステーブル,ホワイトマズル,エイシンパンジー,トニービン,鹿毛,100523,  204.3,  ,    ,48.6
13,02,09,1,小倉,1,03,未勝利,7,芝,0,1200,良,カシノワルツ      ,牝,3,二本柳壮,54.0,18,18,2,2,0,0.2,8,68.9,"1089",0,0,0,2,2,34.9,436,二本柳俊,美,200,10105716,01049,00370,1013110318,柏木務,中地義次,ローエングリン,マキノワルツ,ダンスインザダーク,黒鹿,100422,   24.3,  ,    ,47.4
13,02,09,1,小倉,1,04,未勝利,7,芝,0,1800,良,テイエムレンジャー,牡,3,大野拓弥,56.0,16,01,1,1,0,-0.2,2,108.5,"1485",0,13,11,10,5,34.2,484,岩元市三,栗,500,10104774,01096,00397,1013110401,竹園正繼,木村牧場,ローエングリン,サインボード,サンデーサイレンス,鹿毛,100504,    4.9,  ,    ,58.6
13,02,09,1,小倉,1,04,未勝利,7,芝,0,1800,良,マッシヴビクトリー,牡,3,鮫島良太,56.0,16,02,12,12,0,1.7,11,110.2,"1502",0,11,11,12,12,35.7,486,大橋勇樹,栗,0,10101916,01099,01065,1013110402,小川勲,市川牧場,ダンスインザダーク,アトモスフィアー,エルコンドルパサー,黒鹿,100426,   90.1,  ,    ,54.3
13,02,09,1,小倉,1,04,未勝利,7,芝,0,1800,良,エーシンラクーン  ,牝,3,北村友一,54.0,16,03,3,3,0,0.2,3,108.7,"1487",0,5,8,8,6,34.6,456,大久保龍,栗,130,10104645,01102,01058,1013110403,栄進堂,栄進牧場,ジャングルポケット,エイシンルーデンス,サンデーサイレンス,鹿毛,100329,    6.5,  ,    ,57.1
13,02,09,1,小倉,1,04,未勝利,7,芝,0,1800,良,ヤマニンアンビー  ,牡,3,伊藤工真,56.0,16,04,15,15,0,2.5,13,111,"1510",0,9,10,14,15,36.3,440,栗田博憲,美,0,10105806,01119,00341,1013110404,土井肇,錦岡牧場,ファンタスティックライト,ヤマニンアリーナ,サンデーサイレンス,栗毛,100228,  195.6,  ,    ,52.9
13,02,09,1,小倉,1,04,未勝利,7,芝,0,1800,良,メイショウブシン  ,牡,3,丸田恭介,56.0,16,05,4,4,0,0.4,6,108.9,"1489",0,16,16,16,12,33.9,450,沖芳夫,栗,75,10101965,01117,00378,1013110405,松本好雄,大島牧場,メイショウサムソン,ワイルドリリー,"Wild Again",鹿毛,100413,   10.7,  ,    ,60.6
13,02,09,1,小倉,1,04,未勝利,7,芝,0,1800,良,シアワセノホシ    ,牡,3,原田和真,53.0,16,06,14,14,0,2,14,110.5,"1505",0,13,14,12,14,36,426,鈴木伸尋,美,0,10100339,01143,01026,1013110406,木村牧場,木村牧場,アドマイヤムーン,ゴールデンシルヴァー,"Sadler's Wells",鹿毛,100308,  202.8,  ,    ,53.5
13,02,09,1,小倉,1,04,未勝利,7,芝,0,1800,良,コスモサリー      ,牝,3,丸山元気,54.0,16,07,8,8,0,1.1,7,109.6,"1496",0,15,15,14,11,34.9,418,飯田雄三,栗,0,10105944,01127,01050,1013110407,ビッグレッドファー,ビッグレッドファー,ジャングルポケット,コスモマーベラス,フジキセキ,黒鹿,100315,   25.5,  ,    ,57.0
13,02,09,1,小倉,1,04,未勝利,7,芝,0,1800,良,ルミアージュ      ,牝,3,松山弘平,54.0,16,08,9,9,0,1.2,1,109.7,"1497",0,5,5,5,6,35.8,498,羽月友彦,栗,0,10104342,01126,01091,1013110408,サンデーレーシング,ノーザンファーム,ハーツクライ,ラタフィア,Cozzene,栗毛,100204,    2.4,  ,    ,53.2
13,02,09,1,小倉,1,04,未勝利,7,芝,0,1800,良,スプリングシャトル,牡,3,菱田裕二,53.0,16,09,11,11,0,1.6,10,110.1,"1501",0,9,9,7,9,36.1,476,野村彰彦,栗,0,10101897,01144,00375,1013110409,加藤春夫,堀弘康,タイキシャトル,ヤクモアサシオ,ヤマニンスキー,栗毛,100422,   84.6,  ,    ,52.5
13,02,09,1,小倉,1,04,未勝利,7,芝,0,1800,良,オクターブユニゾン,牝,3,勝浦正樹,54.0,16,10,13,13,0,1.9,5,110.4,"1504",0,5,3,4,6,36.7,466,高野友和,栗,0,10104040,01025,01117,1013110410,キャロットファーム,ノーザンファーム,メイショウサムソン,インディスユニゾン,サンデーサイレンス,鹿毛,100319,   10.0,  ,    ,50.4
13,02,09,1,小倉,1,04,未勝利,7,芝,0,1800,良,デンコウリキ      ,牡,3,武幸四郎,56.0,16,11,2,2,0,0.2,4,108.7,"1487",0,2,2,2,2,35.1,496,小野幸治,栗,200,10101884,01026,00350,1013110411,田中康弘,中脇一幸,タイキシャトル,デンコウレジーナ,サクラバクシンオー,黒鹿,100501,    6.5,  ,    ,54.8
13,02,09,1,小倉,1,04,未勝利,7,芝,0,1800,良,ディアプリンセス  ,牝,3,中舘英二,54.0,16,12,7,7,0,0.9,15,109.4,"1494",0,1,1,1,1,36,440,高橋義忠,栗,0,10101101,00635,01129,1013110412,栗本博晴,松平牧場,マイネルラヴ,レーシングスパイス,グルームダンサー,黒鹿,100220,  216.2,  ,    ,51.9
13,02,09,1,小倉,1,04,未勝利,7,芝,0,1800,良,シルバートーク    ,牡,3,二本柳壮,56.0,16,13,10,10,0,1.4,16,109.9,"1499",0,4,5,5,3,36.1,480,柴田政人,美,0,10105343,01049,01007,1013110413,加藤徹,大狩部牧場,シルバーチャーム,キシュウソウシュウ,Machiavellian,芦毛,100222,  264.5,  ,    ,52.2
13,02,09,1,小倉,1,04,未勝利,7,芝,0,1800,良,クリノヒマラヤオー,牡,3,柴山雄一,56.0,16,14,5,5,0,0.6,9,109.1,"1491",0,3,3,2,3,35.5,462,荒川義之,栗,50,10100338,05243,01095,1013110414,栗本博晴,木村牧場,キングカメハメハ,クリノスペシャル,スペシャルウィーク,黒鹿,100510,   39.1,  ,    ,53.7
13,02,09,1,小倉,1,04,未勝利,7,芝,0,1800,良,ファウヌス        ,牡,3,中井裕二,53.0,16,15,16,16,0,2.7,12,111.2,"1512",0,5,5,10,15,36.9,510,宮本博,栗,0,10100304,01141,01073,1013110415,ヒダカ・ブリーダー,オリオンファーム,シンボリクリスエス,タイキフォレスト,"Green Forest",鹿毛,100321,  160.9,  ,    ,50.7
13,02,09,1,小倉,1,04,未勝利,7,芝,0,1800,良,コーラルタワー    ,牡,3,丹内祐次,56.0,16,16,6,6,0,0.7,8,109.2,"1492",0,12,11,8,9,35.1,444,矢野照正,美,0,10103099,01091,00364,1013110416,由井健太郎,鳥谷勝彦,フサイチホウオー,エリザベスサクラ,アラムシャー,黒鹿,100318,   34.5,  ,    ,55.6
13,02,09,1,小倉,1,05,500万下,23,ダ,1,2400,重,ワンダーバライル  ,牡,6,水口優也,54.0,11,01,7,7,0,1.6,6,154.1,"2341",0,10,10,9,8,38.8,494,小原伊佐,栗,0,07101480,01133,00337,1013110501,山本信行,小柳牧場,シルバーチャーム,ワンダーグラシア,"Be My Guest",芦毛,070412,   17.5,  ,    ,49.1
13,02,09,1,小倉,1,05,500万下,23,ダ,1,2400,重,エイコオレジェンド,牡,6,宮崎北斗,57.0,11,02,8,8,0,1.8,8,154.3,"2343",0,3,3,5,4,39.3,482,柴田政人,美,0,07103789,01118,01007,1013110502,井上久光,萩澤泰博,マーベラスサンデー,ホクトブルーバード,アサティス,黒鹿,070501,   38.0,  ,    ,47.5
13,02,09,1,小倉,1,05,500万下,23,ダ,1,2400,重,タイソンバローズ  ,牡,5,勝浦正樹,57.0,11,03,3,3,0,0.7,3,153.2,"2332",0,3,3,3,3,38.5,482,清水久詞,栗,170,08105792,01025,01110,1013110503,猪熊広次,ダーレー・ジャパン,ファンタスティックライト,ライフストーリー,Capote,栗毛,080412,    6.6,  ,    ,49.3
13,02,09,1,小倉,1,05,500万下,23,ダ,1,2400,重,ヤマニンメダイユ  ,牡,4,田中健,56.0,11,04,4,4,0,0.7,7,153.2,"2332",0,7,7,5,4,38.2,470,浅見秀一,栗,100,09104004,01114,00411,1013110504,土井薫,中田浩美,ホワイトマズル,エムエヌメロディー,グラスワンダー,鹿毛,090505,   23.6,  ,    ,50.3
13,02,09,1,小倉,1,05,500万下,23,ダ,1,2400,重,レッドデセーオ    ,牝,5,中舘英二,55.0,11,05,1,1,0,0,2,152.5,"2325",0,2,2,2,2,38.1,496,庄野靖志,栗,670,08105618,00635,01087,1013110505,東京ホースレーシン,下河辺牧場,アグネスタキオン,レミニセントリー,Affirmed,栗毛,080214,    3.1,  ,    ,50.1
13,02,09,1,小倉,1,05,500万下,23,ダ,1,2400,重,シンワカントリー  ,牡,5,菱田裕二,54.0,11,06,10,10,0,2.6,11,155.1,"2351",0,9,9,10,11,39.5,506,武宏平,栗,0,08105338,01144,00221,1013110506,ロイヤルパーク,エンドレスファーム,ティンバーカントリー,マチカネクサマクラ,サンダーガルチ,黒鹿,080209,   56.5,  ,    ,47.6
13,02,09,1,小倉,1,05,500万下,23,ダ,1,2400,重,ラインレグルス    ,牡,5,古川吉洋,57.0,11,07,2,2,0,0,5,152.5,"2325",0,1,1,1,1,38.2,496,松永昌博,栗,270,08104085,01015,01083,1013110507,大澤繁昌,高橋修,クロフネ,オートサンデー,サンデーサイレンス,鹿毛,080201,   15.2,  ,    ,49.7
13,02,09,1,小倉,1,05,500万下,23,ダ,1,2400,重,ラグナロク        ,セ,7,中井裕二,54.0,11,08,5,5,0,0.7,9,153.2,"2332",0,6,6,5,7,38.1,492,岩戸孝樹,美,67,06100739,01141,01051,1013110508,岡田牧雄,岡田スタツド,マイネルラヴ,オールドスタッフ,"Irish River",黒鹿,060515,   48.2,  ,    ,50.7
13,02,09,1,小倉,1,05,500万下,23,ダ,1,2400,重,ウォーターデューク,牡,5,武幸四郎,57.0,11,09,9,9,0,2.4,1,154.9,"2349",0,7,7,4,4,40.1,444,安田隆行,栗,0,08103403,01026,00438,1013110509,山岡正人,乾皆雄,ゼンノロブロイ,スギノセンヒメ,フォーティナイナー,鹿毛,080212,    2.2,  ,    ,45.4
13,02,09,1,小倉,1,05,500万下,23,ダ,1,2400,重,リバークリーク    ,牡,5,柴山雄一,57.0,11,10,11,11,0,2.7,10,155.2,"2352",0,3,3,5,8,40.1,516,作田誠二,栗,0,08104969,05243,01006,1013110510,河越武治,渕瀬フアーム,マーベラスサンデー,スレーター,スマコバクリーク,栗毛,080306,   53.9,  ,    ,45.7
13,02,09,1,小倉,1,05,500万下,23,ダ,1,2400,重,チキリリキオー    ,牡,4,鮫島良太,56.0,11,11,6,6,0,1,4,153.5,"2335",0,11,11,10,8,38,486,梅田康雄,栗,0,09103722,01099,00131,1013110511,ちきり組合,高橋フアーム,ストーミングホーム,ユウキフォーティ,フォーティナイナー,黒鹿,090330,   11.8,  ,    ,51.3
13,02,09,1,小倉,1,06,500万下,23,ダ,1,1000,重,プラッキーエリーナ,牝,4,西村太一,53.0,13,01,4,4,0,0.5,11,59.2,"0592",0,0,0,8,7,35.6,464,矢野英一,美,100,09100111,01131,01108,1013110601,井上一郎,中脇一幸,マヤノトップガン,ショコット,デインヒル,栗毛,090421,   82.6,  ,    ,49.4
13,02,09,1,小倉,1,06,500万下,23,ダ,1,1000,重,コウユーサムライ  ,牡,4,丸山元気,57.0,13,02,2,2,0,0.1,4,58.8,"0588",0,0,0,11,9,34.9,484,森秀行,栗,270,09109251,01127,00427,1013110602,加治屋貞光,戸田ゆり子,ロドリゴデトリアーノ,キサスキサスキサス,シアトルダンサー2,栗毛,090406,    7.4,  ,    ,52.7
13,02,09,1,小倉,1,06,500万下,23,ダ,1,1000,重,メイショウノーベル,牡,4,菱田裕二,54.0,13,03,6,6,0,0.7,2,59.4,"0594",0,0,0,8,6,35.9,516,武田博,栗,0,09100623,01144,00224,1013110603,松本和子,富田牧場,スペシャルウィーク,ミスキ,Miswaki,栗毛,090331,    3.9,  ,    ,48.2
13,02,09,1,小倉,1,06,500万下,23,ダ,1,1000,重,トミケンスプリング,牝,4,勝浦正樹,55.0,13,04,1,1,0,-0.1,6,58.7,"0587",0,0,0,1,1,35.8,468,水野貴広,美,670,09103749,01025,01094,1013110604,冨樫賢二,田中裕之,スズカマンボ,キャサリンクリスタ,クリスタルグリツターズ,青鹿,090317,   10.8,  ,    ,45.9
13,02,09,1,小倉,1,06,500万下,23,ダ,1,1000,重,タカノキング      ,牡,6,西田雄一,57.0,13,05,9,9,0,0.9,3,59.6,"0596",0,0,0,13,12,35.5,460,梅田康雄,栗,0,07102316,01004,00131,1013110605,山口多賀司,山下恭茂,トワイニング,イクテリーナ,Secreto,鹿毛,070323,    6.9,  ,    ,51.8
13,02,09,1,小倉,1,06,500万下,23,ダ,1,1000,重,ワンダーエレメント,牝,5,中井裕二,52.0,13,06,3,3,0,0.4,8,59.1,"0591",0,0,0,5,4,35.7,488,牧田和弥,栗,170,08104033,01141,01123,1013110606,山本信行,小柳牧場,ボストンハーバー,ワンダーグラシア,"Be My Guest",鹿毛,080330,   34.7,  ,    ,48.3
13,02,09,1,小倉,1,06,500万下,23,ダ,1,1000,重,クールオーシャン  ,牡,5,菅原隆一,54.0,13,07,7,7,0,0.8,9,59.5,"0595",0,0,0,11,12,35.6,518,目野哲也,栗,0,08103457,01129,00387,1013110607,川上哲司,沖田博志,アフリート,クールシャドウ,ディアブロ,栗毛,080215,   62.1,  ,    ,50.7
13,02,09,1,小倉,1,06,500万下,23,ダ,1,1000,重,ダイキチチョウナン,牡,5,高倉稜,57.0,13,08,11,11,0,1.2,7,59.9,"0599",0,0,0,10,11,36.2,482,武市康男,美,0,08103405,01130,01089,1013110608,西村新一郎,乾皆雄,ルールオブロー,ダイキチムスメ,タイキブリザード,鹿毛,080414,   30.6,  ,    ,48.2
13,02,09,1,小倉,1,06,500万下,23,ダ,1,1000,重,パスパルトゥー    ,牝,4,松山弘平,55.0,13,09,8,8,0,0.8,5,59.5,"0595",0,0,0,2,2,36.6,432,鈴木孝志,栗,0,09105044,01126,01111,1013110609,ノースヒルズ,ノースヒルズマネジ,ゼンノロブロイ,レッドスレッド,パントレセレブル,栗毛,090330,    8.1,  ,    ,43.9
13,02,09,1,小倉,1,06,500万下,23,ダ,1,1000,重,ウォーターメジャー,牡,5,鮫島良太,57.0,13,10,12,12,0,1.5,13,60.2,"1002",0,0,0,5,9,36.8,474,鮫島一歩,栗,0,08101204,01099,01046,1013110610,山岡良一,畔高牧場,ウォーターリーグ,ワイルドダンシング,"Wild Again",黒鹿,080304,  224.5,  ,    ,45.4
13,02,09,1,小倉,1,06,500万下,23,ダ,1,1000,重,ブランシェール    ,牝,5,水口優也,52.0,13,11,10,10,0,1,1,59.7,"0597",0,0,0,4,4,36.5,460,松永幹夫,栗,0,08102761,01133,01092,1013110611,山本剛史,社台ファーム,ディープインパクト,アドヴァーシティ,"Seeking the Gold",鹿毛,080403,    2.5,  ,    ,45.3
13,02,09,1,小倉,1,06,500万下,23,ダ,1,1000,重,ケツァール        ,牝,5,柴山雄一,55.0,13,12,5,5,0,0.7,10,59.4,"0594",0,0,0,2,2,36.5,484,畠山吉宏,美,67,08102764,05243,01048,1013110612,Basic,社台ファーム,ストラヴィンスキー,アマビリータ,ダンシングブレーヴ,鹿毛,080414,   63.9,  ,    ,44.1
13,02,09,1,小倉,1,06,500万下,23,ダ,1,1000,重,カシノアクセル    ,牡,5,二本柳壮,57.0,13,13,13,13,0,1.9,12,60.6,"1006",0,0,0,5,7,37.2,440,二本柳俊,美,0,08109163,01049,00370,1013110613,柏木務,片山建治,ロドリゴデトリアーノ,ベルガモットシール,ダンツシアトル,鹿毛,080313,  216.6,  ,    ,44.4
13,02,09,1,小倉,1,07,500万下・牝,23,芝,0,1800,良,モスカートローザ  ,牝,5,丸田恭介,55.0,16,01,12,12,0,0.7,6,108.9,"1489",0,16,13,5,5,35.6,474,木村哲也,美,0,08103387,01117,01126,1013110701,吉田勝己,ノーザンファーム,ディープインパクト,ローザロバータ,"Fire Maker",鹿毛,080504,    9.7,  ,    ,52.9
13,02,09,1,小倉,1,07,500万下・牝,23,芝,0,1800,良,フローリストライフ,牝,6,黛弘人,55.0,16,02,9,9,0,0.6,14,108.8,"1488",0,8,10,12,12,35,442,戸田博文,美,0,07102812,01109,01054,1013110702,難波経雄,社台ファーム,ネオユニヴァース,セトフローリアン2,Bellotto,鹿毛,070321,   41.5,  ,    ,55.4
13,02,09,1,小倉,1,07,500万下・牝,23,芝,0,1800,良,ヒダカアルテミス  ,牝,5,柴山雄一,55.0,16,03,11,11,0,0.6,12,108.8,"1488",0,5,5,7,5,35.3,496,栗田徹,美,0,08101622,05243,01127,1013110703,辻牧場,辻牧場,アッミラーレ,セルリアンブルー,コマンダーインチーフ,栗毛,080402,   24.2,  ,    ,54.1
13,02,09,1,小倉,1,07,500万下・牝,23,芝,0,1800,良,ショウナンマハ    ,牝,5,勝浦正樹,55.0,16,04,1,1,0,0,3,108.2,"1482",0,13,16,16,15,34,444,須貝尚介,栗,670,08105068,01025,01105,1013110704,湘南,ムラカミファーム,タイキシャトル,フェアノータム,アグネスタキオン,黒鹿,080215,    7.0,  ,    ,59.1
13,02,09,1,小倉,1,07,500万下・牝,23,芝,0,1800,良,リングネブラ      ,牝,4,二本柳壮,54.0,16,05,10,10,0,0.6,2,108.8,"1488",0,7,8,14,12,34.9,452,堀宣行,美,0,09106376,01049,01070,1013110705,吉田勝己,ノーザンファーム,ハーツクライ,ユーアンミー,Marquetry,黒鹿,090522,    6.8,  ,    ,55.9
13,02,09,1,小倉,1,07,500万下・牝,23,芝,0,1800,良,ウアジェト        ,牝,5,菱田裕二,52.0,16,06,4,4,0,0.2,1,108.4,"1484",0,1,1,4,2,35.2,486,清水出美,栗,100,08101637,01144,00369,1013110706,岡浩二,辻牧場,シンボリクリスエス,リーチトゥピース,"Mud Route",黒鹿,080503,    5.7,  ,    ,54.0
13,02,09,1,小倉,1,07,500万下・牝,23,芝,0,1800,良,ガンセ            ,牝,4,大野拓弥,54.0,16,07,6,6,0,0.3,7,108.5,"1485",0,15,11,7,5,35.1,492,高木登,美,0,09104768,01096,01088,1013110707,西森鶴,隆栄牧場,クロフネ,ガデスオブマーシー,ラストタイクーン,鹿毛,090415,   10.4,  ,    ,54.6
13,02,09,1,小倉,1,07,500万下・牝,23,芝,0,1800,良,ニーレンベルギア  ,牝,4,水口優也,51.0,16,08,8,8,0,0.5,8,108.7,"1487",0,10,11,12,10,34.9,432,西園正都,栗,0,09105815,01133,01028,1013110708,吉田照哉,社台ファーム,アグネスタキオン,シルヴァーカップ,Almutawakel,黒鹿,090303,   14.0,  ,    ,55.7
13,02,09,1,小倉,1,07,500万下・牝,23,芝,0,1800,良,シャドウライフ    ,牝,4,高倉稜,54.0,16,09,2,2,0,0,11,108.2,"1482",0,11,13,10,8,34.5,448,加藤征弘,美,270,09106013,01130,01059,1013110709,飯塚知一,社台ファーム,サクラバクシンオー,ライブリーダンス,サンデーサイレンス,黒鹿,090225,   19.0,  ,    ,56.8
13,02,09,1,小倉,1,07,500万下・牝,23,芝,0,1800,良,インパクトゲーム  ,牝,5,松田大作,55.0,16,10,3,3,0,0.2,13,108.4,"1484",0,3,3,5,2,35.1,466,今野貞一,栗,170,08103138,01030,01128,1013110710,キャロットファーム,ノーザンファーム,ディープインパクト,グッドゲーム,"Fly Till Dawn",黒鹿,080422,   27.3,  ,    ,54.4
13,02,09,1,小倉,1,07,500万下・牝,23,芝,0,1800,良,マイネアルナイル  ,牝,4,丹内祐次,54.0,16,11,5,5,0,0.2,9,108.4,"1484",0,13,8,1,1,35.5,478,中村均,栗,67,09105140,01091,00261,1013110711,サラブレッドクラブ,ビッグレッドファー,ロージズインメイ,コスモキララ,タマモクロス,青鹿,090201,   15.3,  ,    ,52.7
13,02,09,1,小倉,1,07,500万下・牝,23,芝,0,1800,良,アルアマーナ      ,牝,4,北村友一,54.0,16,12,13,13,0,0.8,4,109,"1490",0,8,5,10,12,35.3,432,石坂正,栗,0,09106578,01102,01022,1013110712,サンデーレーシング,追分ファーム,ディープインパクト,オネストリーダーリン,Kingmambo,鹿毛,090213,    8.1,  ,    ,54.4
13,02,09,1,小倉,1,07,500万下・牝,23,芝,0,1800,良,レッドマーキュリー,牝,4,中舘英二,54.0,16,13,16,16,0,2.9,10,111.1,"1511",0,3,3,2,8,38.1,444,北出成人,栗,0,09104147,00635,01078,1013110713,深見富朗,フジワラフアーム,マンハッタンカフェ,ソロシンガー,リヴリア,鹿毛,090518,   18.0,  ,    ,45.8
13,02,09,1,小倉,1,07,500万下・牝,23,芝,0,1800,良,ソロデビュー      ,牝,4,中井裕二,51.0,16,14,7,7,0,0.4,15,108.6,"1486",0,5,5,9,10,35,486,山内研二,栗,0,09101565,01141,00388,1013110714,フォーレスト,嶋田牧場,シンボリクリスエス,オーサンコンドル,エルコンドルパサー,黒鹿,090320,   63.9,  ,    ,55.1
13,02,09,1,小倉,1,07,500万下・牝,23,芝,0,1800,良,クラウディーハート,牝,4,西村太一,52.0,16,15,14,14,0,0.9,16,109.1,"1491",0,11,15,15,15,35.1,456,田村康仁,美,0,09100745,01131,01027,1013110715,"Him Rock Racing",松田牧場,クロフネ,サザンシーラ,"Southern Halo",鹿毛,090320,  228.8,  ,    ,55.4
13,02,09,1,小倉,1,07,500万下・牝,23,芝,0,1800,良,ルナフォンターナ  ,牝,4,松山弘平,54.0,16,16,15,15,0,1,5,109.2,"1492",0,2,2,2,2,36.2,460,池江泰寿,栗,0,09102666,01126,01071,1013110716,H.H.シェイク・モハ,ダーレー・ジャパン,アドマイヤムーン,ファーザ,"Mr. Prospector",栗毛,090422,    9.3,  ,    ,50.8
13,02,09,1,小倉,1,08,500万下,23,芝,0,1200,良,ユキノサイレンス  ,牡,6,中井裕二,54.0,15,01,10,10,0,0.5,4,68.9,"1089",0,0,0,6,7,34.4,472,領家政蔵,栗,0,07105909,01141,00345,1013110801,ロイヤルパーク,浜本牧場,ステイゴールド,ユキノスイトピー,ラストタイクーン,鹿毛,070418,    7.9,  ,    ,50.3
13,02,09,1,小倉,1,08,500万下,23,芝,0,1200,良,オウケンハナミズキ,牝,4,北村友一,55.0,15,02,12,12,0,0.9,7,69.3,"1093",0,0,0,13,14,34.2,406,牧浦充徳,栗,0,09100106,01102,01113,1013110802,福井明,富田恭司,バゴ,デュプレ,Singspiel,青毛,090325,   17.8,  ,    ,52.6
13,02,09,1,小倉,1,08,500万下,23,芝,0,1200,良,グリューネワルト  ,牝,6,中舘英二,55.0,15,03,8,8,0,0.3,10,68.7,"1087",0,0,0,9,10,33.9,474,岡田稲男,栗,0,07103195,00635,01066,1013110803,サンデーレーシング,ノーザンファーム,スペシャルウィーク,シェーンクライト,エリシオ,青鹿,070601,   23.7,  ,    ,52.7
13,02,09,1,小倉,1,08,500万下,23,芝,0,1200,良,アイビーフォールド,牡,6,菱田裕二,54.0,15,04,3,3,0,0.2,5,68.6,"1086",0,0,0,6,7,34.1,462,吉田直弘,栗,170,07103848,01144,01101,1013110804,キャロットファーム,広田牧場,ジャングルポケット,ビューティテイスト,ダンスインザダーク,鹿毛,070510,   12.6,  ,    ,51.2
13,02,09,1,小倉,1,08,500万下,23,芝,0,1200,良,ローレルエナジー  ,牡,4,西村太一,55.0,15,05,6,6,0,0.3,9,68.7,"1087",0,0,0,4,4,34.4,500,和田正道,美,0,09104599,01131,00353,1013110805,ローレルレーシング,協和牧場,スクワートルスクワート,キョウワオーシャン,コマンダーインチーフ,黒鹿,090417,   21.3,  ,    ,49.7
13,02,09,1,小倉,1,08,500万下,23,芝,0,1200,良,アスターローズ    ,牝,7,水口優也,52.0,15,06,9,9,0,0.4,15,68.8,"1088",0,0,0,12,13,33.8,448,加藤敬二,栗,0,06105596,01133,00379,1013110806,加藤久枝,シンコーファーム,マイネルラヴ,シンコウローズ,ブライアンズタイム,鹿毛,060217,  202.3,  ,    ,53.6
13,02,09,1,小倉,1,08,500万下,23,芝,0,1200,良,ヨドノグレイス    ,牝,4,高倉稜,55.0,15,07,13,13,0,0.9,2,69.3,"1093",0,0,0,9,9,34.6,424,松元茂樹,栗,0,09102052,01130,00419,1013110807,海原聖一,二風谷ファーム,バゴ,ハナマル,アフリート,鹿毛,090331,    4.5,  ,    ,50.3
13,02,09,1,小倉,1,08,500万下,23,芝,0,1200,良,アラカメジョウ    ,牝,4,丹内祐次,55.0,15,08,5,5,0,0.2,8,68.6,"1086",0,0,0,3,2,34.4,448,阿部新生,美,67,09104439,01091,00106,1013110808,アラキファーム,アラキフアーム,キングカメハメハ,アラマサダンサー,ダンシングブレーヴ,鹿毛,090219,   20.5,  ,    ,49.4
13,02,09,1,小倉,1,08,500万下,23,芝,0,1200,良,オフ              ,牝,5,宮崎北斗,55.0,15,09,15,15,0,1.1,14,69.5,"1095",0,0,0,11,11,34.6,428,高市圭二,美,0,08106410,01118,01014,1013110809,森澤芳彦,坂東牧場,オンファイア,ビービーレイラ,ホワイトマズル,鹿毛,080326,  173.7,  ,    ,50.9
13,02,09,1,小倉,1,08,500万下,23,芝,0,1200,良,サクラカノン      ,牝,5,勝浦正樹,55.0,15,10,14,14,0,1,13,69.4,"1094",0,0,0,15,14,34,462,金成貴史,美,0,08104388,01025,01132,1013110810,さくらコマース,川上牧場,サクラプレジデント,フリーエンジェル,アフリート,鹿毛,080424,  116.1,  ,    ,54.1
13,02,09,1,小倉,1,08,500万下,23,芝,0,1200,良,セルリアンレッド  ,牡,6,古川吉洋,57.0,15,11,11,11,0,0.7,12,69.1,"1091",0,0,0,13,11,34,484,梅内忍,栗,0,07102539,01015,00398,1013110811,イクタ,フラット牧場,トウカイテイオー,セルリアンアルル,リンドシェーバー,黒鹿,070506,   69.9,  ,    ,53.2
13,02,09,1,小倉,1,08,500万下,23,芝,0,1200,良,ベストブルーム    ,牡,6,西田雄一,57.0,15,12,4,4,0,0.2,6,68.6,"1086",0,0,0,4,4,34.2,464,岩戸孝樹,美,100,07102821,01004,01051,1013110812,横瀬兼二,社台ファーム,フジキセキ,タヤスブルーム,Caerleon,鹿毛,070326,   16.4,  ,    ,50.6
13,02,09,1,小倉,1,08,500万下,23,芝,0,1200,良,ビットスターダム  ,牡,5,大野拓弥,57.0,15,13,1,1,0,0,3,68.4,"1084",0,0,0,6,4,33.9,470,大根田裕,栗,670,08105387,01096,01032,1013110813,馬場祥晃,カネツ牧場,オンファイア,カネツプリンセス,サクラバクシンオー,芦毛,080323,    7.8,  ,    ,51.8
13,02,09,1,小倉,1,08,500万下,23,芝,0,1200,良,ミラクルベリー    ,牝,5,松山弘平,55.0,15,14,7,7,0,0.3,1,68.7,"1087",0,0,0,1,1,34.8,452,池添兼雄,栗,0,08103019,01126,01021,1013110814,市川義美,社台ファーム,ファルブラヴ,ミラクルワウ,フジキセキ,黒鹿,080216,    2.6,  ,    ,47.4
13,02,09,1,小倉,1,08,500万下,23,芝,0,1200,良,レヴァンタール    ,セ,4,黛弘人,57.0,15,15,2,2,0,0,11,68.4,"1084",0,0,0,2,2,34.3,438,蛯名利弘,美,270,09104888,01109,01131,1013110815,岡田牧雄,土井牧場,ファルブラヴ,パンペロウ,"Conquistador Cielo",鹿毛,090402,   42.4,  ,    ,49.4
13,02,09,1,小倉,1,09,500万下,23,ダ,1,1700,重,アサクサニッポン  ,牡,4,丸田恭介,56.0,13,01,7,7,0,1,5,106.6,"1466",0,11,11,11,10,36.8,470,加藤征弘,美,0,09106046,01117,01059,1013110901,田原慶子,社台ファーム,シンボリクリスエス,レリックレーヌ,サンデーサイレンス,青毛,090328,    6.7,  ,    ,53.5
13,02,09,1,小倉,1,09,500万下,23,ダ,1,1700,重,タケルハヤテ      ,牡,5,勝浦正樹,57.0,13,02,5,5,0,0.5,1,106.1,"1461",0,13,12,5,3,37,460,池上昌弘,美,67,08101043,01025,00390,1013110902,森保彦,レキシントンファー,オペラハウス,リキオリンピア,"End Sweep",鹿毛,080320,    3.5,  ,    ,51.9
13,02,09,1,小倉,1,09,500万下,23,ダ,1,1700,重,カテキンパワー    ,牡,4,宮崎北斗,56.0,13,03,11,11,0,2,12,107.6,"1476",0,3,4,8,10,38,468,境直行,栗,0,09106651,01118,00346,1013110903,山上和良,浦河育成牧場,メイショウオウドウ,ダンシングチャチャ,ダンシングブレーヴ,鹿毛,090331,  112.1,  ,    ,49.9
13,02,09,1,小倉,1,09,500万下,23,ダ,1,1700,重,トーホウベスト    ,牡,5,西村太一,55.0,13,04,1,1,0,-0.3,7,105.6,"1456",0,1,1,1,1,37,498,古賀史生,美,670,08100382,01131,00392,1013110904,東豊物産,静内フジカワ牧場,ジャングルポケット,トーホウハート,チーフベアハート,鹿毛,080311,   16.6,  ,    ,51.1
13,02,09,1,小倉,1,09,500万下,23,ダ,1,1700,重,シルクアポロン    ,牡,4,松山弘平,56.0,13,05,6,6,0,0.9,6,106.5,"1465",0,2,2,3,4,37.5,510,池添兼雄,栗,0,09104282,01126,01021,1013110905,シルクレーシング,マークリ牧場,タイキシャトル,ロイヤルオーキッド,サクラバクシンオー,鹿毛,090219,   11.2,  ,    ,50.4
13,02,09,1,小倉,1,09,500万下,23,ダ,1,1700,重,ベルラピエル      ,牡,4,北村友一,56.0,13,06,4,4,0,0.4,2,106,"1460",0,5,5,6,6,36.6,490,中尾秀正,栗,100,09106610,01102,01069,1013110906,社台レースホース,追分ファーム,シンボリクリスエス,ベルディマンシェ,サンデーサイレンス,黒鹿,090325,    4.7,  ,    ,53.4
13,02,09,1,小倉,1,09,500万下,23,ダ,1,1700,重,オーブライツ      ,牡,4,中井裕二,53.0,13,07,9,9,0,1.2,10,106.8,"1468",0,3,3,3,4,37.8,476,大橋勇樹,栗,0,09100400,01141,01065,1013110907,村上稔,金成吉田牧場,ファンタスティックライト,フィエスタ,"Unbridled's Song",芦毛,090421,   58.3,  ,    ,49.6
13,02,09,1,小倉,1,09,500万下,23,ダ,1,1700,重,コスモイフリート  ,牡,6,丹内祐次,57.0,13,08,2,2,0,0.3,3,105.9,"1459",0,8,7,8,7,36.3,508,田中清隆,美,270,07104972,01091,00408,1013110908,ビッグレッドファー,北星村田牧場,アフリート,ローレルヴェロッサ,ブライアンズタイム,栗毛,070501,    6.0,  ,    ,54.6
13,02,09,1,小倉,1,09,500万下,23,ダ,1,1700,重,シュガーシャック  ,牡,4,松田大作,56.0,13,09,3,3,0,0.4,4,106,"1460",0,7,7,2,2,37.3,512,宮本博,栗,170,09106370,01030,01073,1013110909,吉田勝己,ノーザンファーム,アドマイヤドン,メイプルシロップ,ヘクタープロテクター,栗毛,090224,    6.4,  ,    ,50.5
13,02,09,1,小倉,1,09,500万下,23,ダ,1,1700,重,ゼンノルジェロ    ,牡,5,丸山元気,57.0,13,10,8,8,0,1.1,8,106.7,"1467",0,10,9,8,7,37.1,494,池江泰寿,栗,0,08103293,01127,01071,1013110910,大迫久美子,ノーザンファーム,シンボリクリスエス,フサイチエアデール,サンデーサイレンス,青毛,080430,   21.5,  ,    ,52.3
13,02,09,1,小倉,1,09,500万下,23,ダ,1,1700,重,メジロハクリュウ  ,牡,5,黛弘人,57.0,13,11,10,10,0,1.4,11,107,"1470",0,5,5,6,7,37.6,470,土田稔,美,0,08102524,01109,00417,1013110911,岩崎伸道,メジロ牧場,メジロベイリー,メジロテディベア,トニービン,鹿毛,080408,   84.3,  ,    ,50.7
13,02,09,1,小倉,1,09,500万下,23,ダ,1,1700,重,ウォーターワールド,牡,5,西田雄一,57.0,13,12,13,13,0,4.3,13,109.9,"1499",0,8,9,13,13,39.9,440,田所秀孝,栗,0,08101016,01004,01009,1013110912,山岡正人,矢野牧場,アグネスタキオン,ヒシバイタル,トニービン,栗毛,080228,  161.8,  ,    ,45.7
13,02,09,1,小倉,1,09,500万下,23,ダ,1,1700,重,クリーンイメージ  ,牡,5,菱田裕二,54.0,13,13,12,12,0,2.2,9,107.8,"1478",0,11,12,11,12,37.9,464,武宏平,栗,0,08100532,01144,00221,1013110913,石橋和夫,千代田牧場,アグネスデジタル,イマジネーション,トニービン,栗毛,080512,   22.3,  ,    ,50.6
13,02,09,1,小倉,1,10,かささぎ500*,23,芝,0,1200,良,ワンダフルジュエル,牝,3,大野拓弥,54.0,16,01,9,9,0,0.9,9,69.1,"1091",0,0,0,9,9,34.8,458,柄崎孝,美,0,10104971,01096,00380,1013111001,辻牧場,辻牧場,アドマイヤマックス,フレイムバード,エルコンドルパサー,鹿毛,100416,   27.5,  ,    ,48.6
13,02,09,1,小倉,1,10,かささぎ500*,23,芝,0,1200,良,ミリオンフレッシュ,牡,3,勝浦正樹,56.0,16,02,1,1,0,-0.1,4,68.2,"1082",0,0,0,12,9,33.7,468,本田優,栗,850,10103327,01025,01099,1013111002,田畑利彦,真歌田中牧場,ソングオブウインド,フレッシュバニラ,"Grand Slam",黒鹿,100422,   11.0,  ,    ,52.4
13,02,09,1,小倉,1,10,かささぎ500*,23,芝,0,1200,良,メイショウガンツ  ,牝,3,鮫島良太,54.0,16,03,5,5,0,0.4,6,68.6,"1086",0,0,0,7,7,34.5,426,松永昌博,栗,85,10105141,01099,01083,1013111003,松本好雄,三嶋牧場,ダイワメジャー,ステイトリースター,"Deputy Minister",鹿毛,100310,   15.0,  ,    ,48.8
13,02,09,1,小倉,1,10,かささぎ500*,23,芝,0,1200,良,テイエムシングン  ,牡,3,菱田裕二,56.0,16,04,4,4,0,0.4,14,68.6,"1086",0,0,0,4,3,35,478,鈴木孝志,栗,130,10102644,01144,01111,1013111004,竹園正繼,グランド牧場,サクラバクシンオー,スズカブルーム,スキャターザゴールド,鹿毛,100331,   58.6,  ,    ,46.0
13,02,09,1,小倉,1,10,かささぎ500*,23,芝,0,1200,良,ケイアイウィルゴー,牝,3,中井裕二,54.0,16,05,10,10,0,0.9,12,69.1,"1091",0,0,0,1,1,35.9,444,山内研二,栗,0,10102744,01141,00388,1013111005,亀田和弘,佐竹学,タイキシャトル,ケイアイギャラリー,ウォーニング,鹿毛,100210,   43.5,  ,    ,42.5
13,02,09,1,小倉,1,10,かささぎ500*,23,芝,0,1200,良,モーニングコール  ,牝,3,丸田恭介,54.0,16,06,3,3,0,0.1,3,68.3,"1083",0,0,0,2,2,35,422,角田晃一,栗,210,10102996,01117,01121,1013111006,飯田正剛,千代田牧場,ブライアンズタイム,ピースオブワールド,サンデーサイレンス,鹿毛,100415,    8.0,  ,    ,45.1
13,02,09,1,小倉,1,10,かささぎ500*,23,芝,0,1200,良,ドクトルバロン    ,牡,3,黛弘人,56.0,16,07,13,13,0,1.5,16,69.7,"1097",0,0,0,12,13,35.1,466,大江原哲,美,0,10105952,01109,01012,1013111007,湯澤寛,ビッグレッドファー,アドマイヤマックス,スプリングダイアナ,メリーナイス,栗毛,100221,  209.8,  ,    ,48.6
13,02,09,1,小倉,1,10,かささぎ500*,23,芝,0,1200,良,ベルライン        ,牝,3,松山弘平,54.0,16,08,6,6,0,0.4,1,68.6,"1086",0,0,0,4,3,35,426,羽月友彦,栗,0,10104076,01126,01091,1013111008,永田和彦,ノーザンファーム,ダイワメジャー,カリズマティックゴールド,Charismatic,栗毛,100307,    2.2,  ,    ,46.0
13,02,09,1,小倉,1,10,かささぎ500*,23,芝,0,1200,良,テーオーレイチェル,牝,3,中舘英二,54.0,16,09,15,15,0,1.6,10,69.8,"1098",0,0,0,9,9,35.5,422,岡田稲男,栗,0,10106257,00635,01066,1013111009,小笹公也,社台コーポレーショ,キングカメハメハ,ナイキフェイバー,"Favorite Trick",芦毛,100423,   42.5,  ,    ,46.6
13,02,09,1,小倉,1,10,かささぎ500*,23,芝,0,1200,良,アップアンカー    ,牡,3,丸山元気,56.0,16,10,14,14,0,1.6,7,69.8,"1098",0,0,0,9,12,35.4,518,矢作芳人,栗,0,10106495,01127,01075,1013111010,加藤守,モリナガファーム,サクラバクシンオー,ユーワジョイナー,ミルジヨージ,栗毛,100209,   20.9,  ,    ,47.2
13,02,09,1,小倉,1,10,かささぎ500*,23,芝,0,1200,良,オメガファイター  ,牡,3,北村友一,56.0,16,11,12,12,0,1.3,2,69.5,"1095",0,0,0,3,3,36,488,安田隆行,栗,0,10103716,01102,00438,1013111011,原礼子,社台ファーム,サクラバクシンオー,オメガトゥルカラー,クロフネ,鹿毛,100302,    4.8,  ,    ,43.1
13,02,09,1,小倉,1,10,かささぎ500*,23,芝,0,1200,良,マイネヴァイザー  ,牝,3,丹内祐次,54.0,16,12,8,8,0,0.9,8,69.1,"1091",0,0,0,7,7,35.1,398,西園正都,栗,0,10105930,01091,01028,1013111012,サラブレッドクラブ,ビッグレッドファー,ステイゴールド,コウエイソフィア,フォーティナイナー,黒鹿,100214,   26.5,  ,    ,46.9
13,02,09,1,小倉,1,10,かささぎ500*,23,芝,0,1200,良,メイショウホマレ  ,牝,3,武幸四郎,54.0,16,13,16,16,0,1.8,13,70,"1100",0,0,0,14,13,35.1,434,小野幸治,栗,0,10101885,01026,00350,1013111013,松本和子,中脇一幸,メイショウボーラー,ピッコレット,アグネスタキオン,栗毛,100216,   51.4,  ,    ,49.4
13,02,09,1,小倉,1,10,かささぎ500*,23,芝,0,1200,良,エピカ            ,牝,3,伊藤工真,54.0,16,14,11,11,0,1.2,15,69.4,"1094",0,0,0,16,16,33.9,420,清水久詞,栗,0,10105842,01119,01110,1013111014,ノースヒルズ,ノースヒルズ,マイネルラヴ,ティンクルハート,サンデーサイレンス,黒鹿,100311,  107.4,  ,    ,54.7
13,02,09,1,小倉,1,10,かささぎ500*,23,芝,0,1200,良,ライブリシュネル  ,牡,3,松田大作,56.0,16,15,7,7,0,0.6,11,68.8,"1088",0,0,0,15,13,33.8,474,佐山優,栗,0,10102500,01030,00357,1013111015,加藤哲郎,岡田スタツド,アドマイヤコジーン,ローズウッド,ホワイトマズル,鹿毛,100330,   42.8,  ,    ,53.6
13,02,09,1,小倉,1,10,かささぎ500*,23,芝,0,1200,良,ピンゾロ          ,牡,3,高倉稜,56.0,16,16,2,2,0,0.1,5,68.3,"1083",0,0,0,6,6,34.4,460,領家政蔵,栗,340,10105015,01130,00345,1013111016,西森鶴,中島牧場,アドマイヤムーン,メイショウユウゼン,タイキシャトル,栗毛,100320,   13.9,  ,    ,48.5
13,02,09,1,小倉,1,11,壇之浦特1000,43,芝,0,2000,良,フェータルローズ  ,牝,4,大野拓弥,54.0,11,01,8,8,0,0.3,1,120.1,"2001",0,3,3,3,3,34.6,436,荒川義之,栗,0,09105960,01096,01095,1013111101,兼松利男,社台ファーム,タニノギムレット,プリムローズイヴ,サンデーサイレンス,栗毛,090227,    3.6,  ,    ,55.9
13,02,09,1,小倉,1,11,壇之浦特1000,43,芝,0,2000,良,シーキングフェイム,牝,6,北村友一,55.0,11,02,1,1,0,0,6,119.8,"1598",0,8,8,8,7,33.9,478,田中章博,栗,1280,07100358,01102,00413,1013111102,ヒダカ・ブリーダー,静内白井牧場,ダンスインザダーク,タイランツフェイム,ブレイヴエストローマン,鹿毛,070327,    7.6,  ,    ,58.6
13,02,09,1,小倉,1,11,壇之浦特1000,43,芝,0,2000,良,サイドアタック    ,牡,5,中舘英二,57.0,11,03,10,10,0,0.7,5,120.5,"2005",0,6,6,6,7,34.7,474,大久保龍,栗,0,08102606,00635,01058,1013111103,杉山忠国,追分ファーム,スペシャルウィーク,ティークリッパー,トニービン,栗毛,080307,    7.0,  ,    ,56.0
13,02,09,1,小倉,1,11,壇之浦特1000,43,芝,0,2000,良,ヤマニンリップル  ,牝,5,伊藤工真,55.0,11,04,2,2,0,0,4,119.8,"1598",0,3,4,3,3,34.3,478,栗田博憲,美,510,08104793,01119,00341,1013111104,土井肇,錦岡牧場,スペシャルウィーク,ヤマニンプラシード,サクラユタカオー,黒鹿,080329,    6.6,  ,    ,56.8
13,02,09,1,小倉,1,11,壇之浦特1000,43,芝,0,2000,良,スマートリバティー,牡,5,武幸四郎,57.0,11,05,11,11,0,0.8,3,120.6,"2006",0,9,8,8,9,34.6,444,宮徹,栗,0,08103812,01026,01018,1013111105,大川徹,広田牧場,ステイゴールド,リザーブシート,クリエイター,鹿毛,080316,    6.3,  ,    ,56.5
13,02,09,1,小倉,1,11,壇之浦特1000,43,芝,0,2000,良,ヤマニンガーゴイル,牡,6,松山弘平,57.0,11,06,7,7,0,0.3,9,120.1,"2001",0,6,6,6,5,34.4,502,柴田政見,栗,0,07102267,01126,00406,1013111106,土井肇,廣田伉助,トウカイテイオー,ヤマニングロッシー,ヤマニンゼファー,鹿毛,070424,   28.3,  ,    ,56.8
13,02,09,1,小倉,1,11,壇之浦特1000,43,芝,0,2000,良,ホーマンベルウィン,牡,5,水口優也,57.0,11,07,6,6,0,0.2,10,120,"2000",0,9,8,10,10,33.8,466,西園正都,栗,0,08106419,01133,01028,1013111107,久保博文,びらとり牧場,キングカメハメハ,ホーマンソレイユ,サンデーサイレンス,黒鹿,080505,   42.6,  ,    ,59.3
13,02,09,1,小倉,1,11,壇之浦特1000,43,芝,0,2000,良,ケルンフォーティー,牡,4,丸山元気,56.0,11,08,3,3,0,0.1,7,119.9,"1599",0,2,2,2,1,34.6,454,小崎憲,栗,320,09100715,01127,01085,1013111108,谷和光彦,ひるかわ育成牧場,フォーティナイナーズサン,ケルンアリュール,ゴールドアリュール,栗毛,090330,   11.4,  ,    ,55.7
13,02,09,1,小倉,1,11,壇之浦特1000,43,芝,0,2000,良,ゴーイングストーン,牡,4,松田大作,56.0,11,09,9,9,0,0.7,8,120.5,"2005",0,3,4,3,5,35,478,岩元市三,栗,0,09103434,01030,00397,1013111109,林進,片岡博,クーリンガー,グランドグリーン,ナリタブライアン,栗毛,090410,   22.5,  ,    ,54.7
13,02,09,1,小倉,1,11,壇之浦特1000,43,芝,0,2000,良,メイショウスクラム,牡,7,中井裕二,57.0,11,10,4,4,0,0.1,11,119.9,"1599",0,11,11,10,10,33.7,494,田島良保,栗,190,06102232,01141,00416,1013111110,松本好雄,林孝輝,シンボリクリスエス,マルターズブリーズ,サンダーガルチ,鹿毛,060521,   87.3,  ,    ,59.6
13,02,09,1,小倉,1,11,壇之浦特1000,43,芝,0,2000,良,タガノレイヨネ    ,牡,4,高倉稜,56.0,11,11,5,5,0,0.1,2,119.9,"1599",0,1,1,1,2,34.7,508,本田優,栗,128,09104947,01130,01099,1013111111,八木良司,新冠タガノファーム,フジキセキ,タガノシャルフ,トニービン,栗毛,090508,    5.1,  ,    ,55.2
13,02,09,1,小倉,1,12,巌流島特500,23,芝,0,1200,良,クルージンミジー  ,牝,4,北村友一,55.0,15,01,7,7,0,0.7,5,68.5,"1085",0,0,0,1,1,35.3,488,安田隆行,栗,0,09110123,01102,00438,1013111201,吉田和美,"Brian O'Rourke & D","Mizzen Mast","Baby Lets Cruise","Tale of the Cat",芦毛,090323,    8.6,  ,    ,44.1
13,02,09,1,小倉,1,12,巌流島特500,23,芝,0,1200,良,ナムラハヤテ      ,牡,4,松田大作,57.0,15,02,1,1,0,-0.2,2,67.8,"1078",0,0,0,3,3,34,466,牧浦充徳,栗,880,09100066,01030,01113,1013111202,奈村信重,猿倉牧場,サクラバクシンオー,トリプルリーチ,スペシャルウィーク,黒鹿,090325,    5.2,  ,    ,49.4
13,02,09,1,小倉,1,12,巌流島特500,23,芝,0,1200,良,ミスターマスタード,牡,5,古川吉洋,57.0,15,03,9,9,0,1.1,10,68.9,"1089",0,0,0,2,2,35.6,468,角田晃一,栗,0,08102561,01015,01121,1013111203,薪浦亨,吉田三郎,ジャングルポケット,マッキーヴォーグ,ダンスインザダーク,鹿毛,080422,   33.9,  ,    ,43.5
13,02,09,1,小倉,1,12,巌流島特500,23,芝,0,1200,良,キボウダクリチャン,牝,4,宮崎北斗,55.0,15,04,4,4,0,0.5,13,68.3,"1083",0,0,0,13,9,33.5,446,高市圭二,美,130,09101152,01118,01014,1013111204,栗本博晴,猿橋義昭,チーフベアハート,ウッドフェアリー,Woodman,栗毛,090409,   66.5,  ,    ,53.9
13,02,09,1,小倉,1,12,巌流島特500,23,芝,0,1200,良,デイジーバローズ  ,牝,4,鮫島良太,55.0,15,05,11,11,0,1.1,12,68.9,"1089",0,0,0,14,14,34,458,武田博,栗,0,09101378,01099,00224,1013111205,猪熊広次,吉田ファーム,ダイワメジャー,ダイイチボタン,ティンバーカントリー,栗毛,090516,   62.1,  ,    ,52.6
13,02,09,1,小倉,1,12,巌流島特500,23,芝,0,1200,良,サウンドマンデュロ,牡,4,菱田裕二,57.0,15,06,10,10,0,1.1,4,68.9,"1089",0,0,0,4,5,34.9,478,佐藤正雄,栗,0,09110096,01144,01025,1013111206,増田雄一,"Denford Stud Ltd",Manduro,"Joshua's Princess",Danehill,青鹿,090424,    6.7,  ,    ,47.4
13,02,09,1,小倉,1,12,巌流島特500,23,芝,0,1200,良,レディオブパーシャ,牝,5,丸山元気,55.0,15,07,3,3,0,0.4,3,68.2,"1082",0,0,0,5,3,34.1,468,西浦勝一,栗,220,08105782,01127,01016,1013111207,H.R.H.プリンセス・,ダーレー・ジャパン,Shamardal,ビールジャント,"Green Desert",栗毛,080405,    5.7,  ,    ,50.0
13,02,09,1,小倉,1,12,巌流島特500,23,芝,0,1200,良,ウインジェラルド  ,牡,6,高倉稜,57.0,15,08,14,14,0,1.3,14,69.1,"1091",0,0,0,15,14,34,482,武市康男,美,0,07105013,01130,01089,1013111208,ウイン,村上欽哉,アグネスタキオン,ウインディアナ,サンダーガルチ,栗毛,070316,   87.8,  ,    ,53.2
13,02,09,1,小倉,1,12,巌流島特500,23,芝,0,1200,良,メイショウコウボウ,牡,4,松山弘平,57.0,15,09,5,5,0,0.5,6,68.3,"1083",0,0,0,9,9,33.8,464,佐山優,栗,88,09106821,01126,00357,1013111209,松本和子,赤田牧場,タニノギムレット,キスミーキャンドル,フジキセキ,黒鹿,090303,   13.5,  ,    ,52.1
13,02,09,1,小倉,1,12,巌流島特500,23,芝,0,1200,良,ホットサマーデイ  ,牝,5,勝浦正樹,55.0,15,10,6,6,0,0.6,7,68.4,"1084",0,0,0,7,6,34.1,460,坂口正則,栗,0,08105162,01025,00356,1013111210,藤田在子,山岡牧場,アポインテッドデイ,マルターズヒート,"Old Trieste",鹿毛,080305,   18.3,  ,    ,50.6
13,02,09,1,小倉,1,12,巌流島特500,23,芝,0,1200,良,テイエムジョニクロ,牡,5,柴山雄一,57.0,15,11,8,8,0,1,8,68.8,"1088",0,0,0,11,12,34.1,486,石栗龍彦,美,0,08101542,05243,01043,1013111211,竹園正繼,惣田英幸,プリサイスエンド,アスペンスノー,Lyphard,黒鹿,080408,   20.0,  ,    ,51.8
13,02,09,1,小倉,1,12,巌流島特500,23,芝,0,1200,良,フリーアズアバード,牡,5,大野拓弥,57.0,15,12,15,15,0,1.4,8,69.2,"1092",0,0,0,11,12,34.5,480,金成貴史,美,0,08101689,01096,01132,1013111212,ヒダカ・ブリーダー,日進牧場,ロックオブジブラルタル,イソシギ,タイキシャトル,鹿毛,080514,   20.0,  ,    ,50.6
13,02,09,1,小倉,1,12,巌流島特500,23,芝,0,1200,良,ユキノラムセス    ,牡,6,西田雄一,57.0,15,13,13,13,0,1.3,15,69.1,"1091",0,0,0,7,6,34.9,494,和田正一,美,0,07100871,01004,01114,1013111213,井上基之,フジワラフアーム,ラムタラ,ユキノシンデレラ,サンダーガルチ,栗毛,070509,  117.1,  ,    ,48.0
13,02,09,1,小倉,1,12,巌流島特500,23,芝,0,1200,良,サウスビクトル    ,牡,4,丸田恭介,57.0,15,14,2,2,0,0.2,1,68,"1080",0,0,0,5,6,33.9,464,久保田貴,美,350,09101399,01117,01067,1013111214,南波壽,猪野毛牧場,サウスヴィグラス,サラトガヴィーナス,ブライアンズタイム,黒鹿,090305,    3.5,  ,    ,50.6
13,02,09,1,小倉,1,12,巌流島特500,23,芝,0,1200,良,メイショウセトウチ,牡,5,武幸四郎,57.0,15,15,12,12,0,1.2,11,69,"1090",0,0,0,9,9,34.6,454,小野幸治,栗,0,08101216,01026,00350,1013111215,松本好雄,磯野牧場,トウカイテイオー,アイノサンライト,キングヘイロー,鹿毛,080314,   34.5,  ,    ,49.4
13,02,10,1,小倉,2,01,未勝利,7,ダ,1,1700,稍,メインオーバル    ,牡,3,丹内祐次,56.0,16,01,7,7,0,2.9,15,109.1,"1491",0,7,6,6,4,39.6,528,粕谷昌央,美,0,10102447,01091,01096,1013120101,岡田牧雄,岡田スタツド,アドマイヤジュピタ,キョウエイマリー,ヘクタープロテクター,栗毛,100429,  242.5,  ,    ,45.7
13,02,10,1,小倉,2,01,未勝利,7,ダ,1,1700,稍,マイティウォリアー,牡,3,丸田恭介,56.0,16,02,1,1,0,-0.5,2,106.2,"1462",0,4,3,3,3,37,466,田中章博,栗,500,10105028,01117,00413,1013120102,日進牧場,日進牧場,ルールオブロー,キティーパラダイス,パラダイスクリーク,栗毛,100504,    3.5,  ,    ,52.0
13,02,10,1,小倉,2,01,未勝利,7,ダ,1,1700,稍,トウショウアミラル,牡,3,横山和生,53.0,16,03,4,4,0,1.9,12,108.1,"1481",0,12,11,9,8,38.4,466,杉浦宏昭,美,75,10103053,01140,01008,1013120103,トウショウ産業,トウショウ産業株式,ワイルドラッシュ,ニュエラトウショウ,ソヴィエトスター,黒鹿,100521,  110.3,  ,    ,49.0
13,02,10,1,小倉,2,01,未勝利,7,ダ,1,1700,稍,セトノプロミス    ,牡,3,和田竜二,56.0,16,04,5,5,0,2.3,5,108.5,"1485",0,9,9,8,4,38.9,490,鈴木孝志,栗,50,10100602,01018,01111,1013120104,難波澄子,滝本健二,スパイキュール,セトノウインド,ジェネラス,鹿毛,100407,    9.9,  ,    ,47.6
13,02,10,1,小倉,2,01,未勝利,7,ダ,1,1700,稍,スキャットマン    ,牡,3,大野拓弥,56.0,16,05,9,9,0,3,11,109.2,"1492",0,14,14,11,11,39.3,454,鈴木伸尋,美,0,10101396,01096,01026,1013120105,千葉正人,白井吉美,タニノギムレット,ガイアレインボー,フジキセキ,黒鹿,100512,   68.0,  ,    ,47.0
13,02,10,1,小倉,2,01,未勝利,7,ダ,1,1700,稍,キゲキ            ,牝,3,菱田裕二,51.0,16,06,15,15,0,5.5,14,111.7,"1517",0,9,6,13,15,41.7,470,谷潔,栗,0,10106532,01144,00431,1013120106,小田切有一,中地康弘,シンボリクリスエス,スマイルフォライフ,ホワイトマズル,鹿毛,100415,  189.6,  ,    ,41.6
13,02,10,1,小倉,2,01,未勝利,7,ダ,1,1700,稍,ケイキカネタヤス  ,牡,3,松山弘平,56.0,16,07,11,11,0,3.3,10,109.5,"1495",0,9,11,14,12,39.2,534,池添兼雄,栗,0,10105679,01126,01021,1013120107,横瀬兼二,対馬正,アグネスデジタル,プリティタヤス,マーベラスサンデー,栗毛,100320,   41.8,  ,    ,47.8
13,02,10,1,小倉,2,01,未勝利,7,ダ,1,1700,稍,トウカイルーチェ  ,牡,3,丸山元気,56.0,16,08,16,16,0,6.2,6,112.4,"1524",0,13,11,9,13,42.7,510,松元茂樹,栗,0,10100083,01127,00419,1013120108,内村正則,二風谷ファーム,ダンスインザダーク,トウカイポピー,スピニングワールド,青鹿,100418,   17.3,  ,    ,39.0
13,02,10,1,小倉,2,01,未勝利,7,ダ,1,1700,稍,アロウィーバイオ  ,牡,3,国分優作,56.0,16,09,3,3,0,0.6,3,106.8,"1468",0,1,1,1,1,37.9,472,西浦勝一,栗,130,10100045,01125,01016,1013120109,バイオ,清水牧場,ネオユニヴァース,ケイパブルバイオ,ジェリ,鹿毛,100519,    5.4,  ,    ,49.2
13,02,10,1,小倉,2,01,未勝利,7,ダ,1,1700,稍,イエーガー        ,牡,3,中井裕二,53.0,16,10,10,10,0,3.1,8,109.3,"1493",0,4,5,6,4,39.8,474,清水久詞,栗,0,10101476,01141,01110,1013120110,前田幸治,土居忠吉,スペシャルウィーク,エンブレイス,アフリート,栗毛,100208,   30.6,  ,    ,45.2
13,02,10,1,小倉,2,01,未勝利,7,ダ,1,1700,稍,レッドサクセサー  ,牡,3,川須栄彦,56.0,16,11,2,2,0,0.5,1,106.7,"1467",0,2,2,2,2,37.7,518,角居勝彦,栗,200,10100095,01128,01053,1013120111,東京ホースレーシン,坂東牧場,シンボリクリスエス,オールザチャット,Westminster,青鹿,100504,    3.1,  ,    ,49.8
13,02,10,1,小倉,2,01,未勝利,7,ダ,1,1700,稍,ターンザタイド    ,牡,3,上村洋行,56.0,16,12,13,13,0,5,7,111.2,"1512",0,2,3,3,8,42,488,田島良保,栗,0,10101467,00709,00416,1013120112,松田整二,土田扶美子,サウスヴィグラス,コンゴウマライカ,ダンスインザダーク,栗毛,100331,   24.4,  ,    ,39.9
13,02,10,1,小倉,2,01,未勝利,7,ダ,1,1700,稍,サンモリッツ      ,牝,3,松田大作,54.0,16,13,12,12,0,4.8,16,111,"1510",0,16,16,16,15,40.1,466,佐山優,栗,0,10100079,01030,00357,1013120113,田口廣,中田牧場,ブラックホーク,パトリニア,ジェニュイン,鹿毛,100422,  500.1,  ,    ,46.4
13,02,10,1,小倉,2,01,未勝利,7,ダ,1,1700,稍,カシノソラーレ    ,牝,3,水口優也,51.0,16,14,8,8,0,2.9,9,109.1,"1491",0,14,15,11,8,39.2,462,日吉正和,栗,0,10109210,01133,01122,1013120114,柏木務,柏木務,アルデバラン2,ゲイリーアミューズ,"Crafty Prospector",栗毛,100406,   39.4,  ,    ,47.3
13,02,10,1,小倉,2,01,未勝利,7,ダ,1,1700,稍,ダノンチャコ      ,牝,3,北村友一,54.0,16,15,6,6,0,2.4,4,108.6,"1486",0,4,6,5,4,39.2,490,安田隆行,栗,0,10110103,01102,00438,1013120115,ダノックス,"Dan J. Agnew","Empire Maker","Fortunate Event","Event of the Year",黒鹿,100322,    7.0,  ,    ,46.6
13,02,10,1,小倉,2,01,未勝利,7,ダ,1,1700,稍,プラチナアックス  ,牡,3,西田雄一,56.0,16,16,14,14,0,5.2,13,111.4,"1514",0,7,9,14,13,41.2,448,岩戸孝樹,美,0,10101516,01004,01051,1013120116,田頭勇貴,中村和夫,ゴールドヘイロー,ロングモニュメント,"Thunder Gulch",芦毛,100327,  151.8,  ,    ,42.9
13,02,10,1,小倉,2,02,500万下,23,ダ,1,1000,稍,キングスウィープ  ,牡,7,西田雄一,57.0,14,01,7,7,0,0.2,13,59.6,"0596",0,0,0,10,7,36,474,星野忍,美,0,06103733,01004,01030,1013120201,増田陽一,築紫洋,サウスヴィグラス,アイアイサー,"Fairy King",青鹿,060404,  172.4,  ,    ,48.3
13,02,10,1,小倉,2,02,500万下,23,ダ,1,1000,稍,ハナズフレイム    ,牡,4,大下智,57.0,14,02,9,9,0,0.4,14,59.8,"0598",0,0,0,13,14,35.8,472,加藤和宏,美,0,09101810,01111,01077,1013120202,M.タバート,前川勇,ボストンハーバー,エイシンガンマ,ミシエロ,栗毛,090424,  312.8,  ,    ,50.6
13,02,10,1,小倉,2,02,500万下,23,ダ,1,1000,稍,カルブンクルス    ,牝,4,勝浦正樹,55.0,14,03,3,3,0,0,2,59.4,"0594",0,0,0,5,4,36,472,田村康仁,美,170,09100433,01025,01027,1013120203,高樽さゆり,斉藤英牧場,スタチューオブリバティ,フェアナタリー,ダンスインザダーク,青毛,090502,    4.4,  ,    ,47.5
13,02,10,1,小倉,2,02,500万下,23,ダ,1,1000,稍,エーシンクルゼ    ,牡,4,和田竜二,57.0,14,04,11,11,0,0.6,1,60,"1000",0,0,0,10,9,36.3,508,川村禎彦,栗,0,09100255,01018,01003,1013120204,栄進堂,栄進牧場,クロフネ,メンフィスガール,"Thunder Gulch",芦毛,090115,    2.1,  ,    ,47.9
13,02,10,1,小倉,2,02,500万下,23,ダ,1,1000,稍,メイショウオハツ  ,牝,4,菱田裕二,52.0,14,05,2,2,0,0,10,59.4,"0594",0,0,0,3,4,36.3,486,武田博,栗,270,09100859,01144,00224,1013120205,松本好雄,本巣敦,オレハマッテルゼ,メイショウサチカゼ,クリスタルグリツターズ,黒鹿,090310,   46.3,  ,    ,45.5
13,02,10,1,小倉,2,02,500万下,23,ダ,1,1000,稍,ハクユウリリー    ,牝,4,中舘英二,55.0,14,06,5,5,0,0,6,59.4,"0594",0,0,0,2,2,36.5,430,作田誠二,栗,67,09104566,00635,01006,1013120206,H.Iコーポレーショ,川上悦夫,サクラプレジデント,フジノトップロマン,ロイヤルスキー,栗毛,090311,   16.0,  ,    ,44.1
13,02,10,1,小倉,2,02,500万下,23,ダ,1,1000,稍,ジルコニア        ,牝,6,横山和生,52.0,14,07,6,6,0,0.1,3,59.5,"0595",0,0,0,10,9,35.8,494,武藤善則,美,0,07105530,01140,01064,1013120207,下河邉行雄,下河辺牧場,タイキシャトル,スパイシークラウン,"Tabasco Cat",栗毛,070223,    6.8,  ,    ,49.3
13,02,10,1,小倉,2,02,500万下,23,ダ,1,1000,稍,アラビアンマジック,牡,4,川須栄彦,57.0,14,08,1,1,0,0,7,59.4,"0594",0,0,0,3,3,36.4,468,岩戸孝樹,美,670,09104865,01128,01051,1013120208,吉田勝利,つつみ牧場,スターリングローズ,スイートヒカル,ブライアンズタイム,鹿毛,090405,   16.6,  ,    ,44.8
13,02,10,1,小倉,2,02,500万下,23,ダ,1,1000,稍,エゾムサシ        ,牡,4,柴山雄一,57.0,14,09,4,4,0,0,11,59.4,"0594",0,0,0,14,12,35.3,470,畠山吉宏,美,100,09109085,05243,01048,1013120209,瀬口信正,山白竹見,サニングデール,ノーリグレッグ,フジキセキ,青鹿,090403,   78.7,  ,    ,52.4
13,02,10,1,小倉,2,02,500万下,23,ダ,1,1000,稍,クリーンヒット    ,牝,4,大野拓弥,55.0,14,10,12,12,0,0.7,8,60.1,"1001",0,0,0,5,7,36.7,472,古賀史生,美,0,09100281,01096,00392,1013120210,牧畠清久,大西牧場,バゴ,リバティスプライト,サクラバクシンオー,鹿毛,090404,   29.0,  ,    ,45.6
13,02,10,1,小倉,2,02,500万下,23,ダ,1,1000,稍,エーティーランボー,牡,5,松田大作,57.0,14,11,8,8,0,0.4,4,59.8,"0598",0,0,0,9,9,36.3,478,木原一良,栗,0,08102418,01030,01033,1013120211,荒木徹,青藍牧場,ホワイトマズル,ヒカルトルネード,フォーティナイナー,鹿毛,080404,   12.4,  ,    ,47.1
13,02,10,1,小倉,2,02,500万下,23,ダ,1,1000,稍,レアプラチナ      ,牝,4,中井裕二,52.0,14,12,13,13,0,0.9,12,60.3,"1003",0,0,0,5,12,37,448,田島良保,栗,0,09102854,01141,00416,1013120212,松田整二,野島牧場,スターオブコジーン,プラチナウィンク,アフリート,鹿毛,090329,  100.4,  ,    ,44.5
13,02,10,1,小倉,2,02,500万下,23,ダ,1,1000,稍,ウエスタンハピネス,牝,5,水口優也,52.0,14,13,10,10,0,0.5,5,59.9,"0599",0,0,0,5,6,36.5,490,西園正都,栗,0,08100922,01133,01028,1013120213,西川賢,北西牧場,テイエムオペラオー,ウエスタンベガ,アドマイヤベガ,鹿毛,080324,   12.7,  ,    ,46.2
13,02,10,1,小倉,2,02,500万下,23,ダ,1,1000,稍,ノボプレシャス    ,牝,4,原田和真,52.0,14,14,14,14,0,1,9,60.4,"1004",0,0,0,1,1,37.7,476,天間昭一,美,0,09101099,01143,01090,1013120214,LS.M,高昭牧場,ゴールドアリュール,ノボサンシャイン,"Gone West",栗毛,090502,   37.6,  ,    ,40.3
13,02,10,1,小倉,2,03,未勝利,7,芝,0,1200,良,コスモフォーユー  ,牡,3,丹内祐次,56.0,18,01,10,10,0,0.6,12,70.3,"1103",0,0,0,11,9,35.5,492,中尾秀正,栗,0,10101110,01091,01069,1013120301,ビッグレッドファー,三輪牧場,スウェプトオーヴァーボード,マチカネキミガタメ,ブライアンズタイム,鹿毛,100325,   79.9,  ,    ,48.0
13,02,10,1,小倉,2,03,未勝利,7,芝,0,1200,良,ファイアポイント  ,牡,3,川島信二,56.0,18,02,7,7,0,0.5,8,70.2,"1102",0,0,0,17,17,34.1,452,和田正道,美,0,10102353,01062,00353,1013120302,田頭勇貴,荒木貴宏,マイネルラヴ,センシュアス,ダンスインザダーク,黒鹿,100410,   23.1,  ,    ,55.9
13,02,10,1,小倉,2,03,未勝利,7,芝,0,1200,良,パティキュラリー  ,牝,3,勝浦正樹,54.0,18,03,4,4,0,0.3,5,70,"1100",0,0,0,1,1,36.1,442,谷原義明,美,75,10103586,01025,00402,1013120303,平岡茂樹,平岡牧場,スウェプトオーヴァーボード,ミスソヴリン,ワカオライデン,鹿毛,100317,   14.5,  ,    ,43.9
13,02,10,1,小倉,2,03,未勝利,7,芝,0,1200,良,スズカサファイヤ  ,牝,3,国分優作,54.0,18,04,12,12,0,0.7,7,70.4,"1104",0,0,0,14,9,35.3,386,坪憲章,栗,0,10103457,01125,00361,1013120304,永井啓弍,新井牧場,ラスカルスズカ,サンレイスズカ,サンデーサイレンス,黒鹿,100412,   21.9,  ,    ,49.4
13,02,10,1,小倉,2,03,未勝利,7,芝,0,1200,良,ブリリアンシー    ,牡,3,和田竜二,56.0,18,05,7,7,0,0.5,9,70.2,"1102",0,0,0,8,7,35.8,470,戸田博文,美,0,10101286,01018,01054,1013120305,青山洋一,片山牧場,チチカステナンゴ,バトルルビー,フジキセキ,芦毛,100212,   25.3,  ,    ,46.1
13,02,10,1,小倉,2,03,未勝利,7,芝,0,1200,良,イキ              ,牡,3,丸田恭介,56.0,18,06,1,1,0,-0.1,1,69.7,"1097",0,0,0,4,3,35.6,480,矢作芳人,栗,500,10105835,01117,01075,1013120306,前田幸治,ノースヒルズ,アグネスタキオン,サーガノヴェル,Boundary,栗毛,100211,    2.1,  ,    ,45.8
13,02,10,1,小倉,2,03,未勝利,7,芝,0,1200,良,イクラン          ,牡,3,黛弘人,56.0,18,07,11,11,0,0.6,14,70.3,"1103",0,0,0,14,15,35.3,458,小野次郎,美,0,10105201,01109,01125,1013120307,ミルファーム,ミルファーム,フォーティナイナーズサン,セイクリッドラヴ,ジェイドロバリー,栗毛,100420,  151.5,  ,    ,49.2
13,02,10,1,小倉,2,03,未勝利,7,芝,0,1200,良,ワイドキング      ,牡,3,西村太一,54.0,18,08,3,3,0,0.3,10,70,"1100",0,0,0,13,9,35.1,474,藤岡健一,栗,130,10103489,01131,01062,1013120308,幅田昌伸,上水牧場,キングカメハメハ,バイオレントハート,ダンスインザダーク,鹿毛,100307,   40.1,  ,    ,49.4
13,02,10,1,小倉,2,03,未勝利,7,芝,0,1200,良,ドントタッチミー  ,牡,3,松田大作,56.0,18,09,9,9,0,0.6,2,70.3,"1103",0,0,0,2,2,36.3,446,牧浦充徳,栗,0,10100863,01030,01113,1013120309,山田貢一,日西牧場,サクラバクシンオー,モアマイガール,フジキセキ,鹿毛,100425,    5.8,  ,    ,43.7
13,02,10,1,小倉,2,03,未勝利,7,芝,0,1200,良,アノヒミタユメ    ,牝,3,丸山元気,54.0,18,10,14,14,0,0.7,16,70.4,"1104",0,0,0,16,15,34.9,424,本間忍,美,0,10105288,01127,01056,1013120310,小田切有一,アサヒ牧場,サムライハート,オシャレジョウズ,コマンダーインチーフ,黒鹿,100331,  198.4,  ,    ,51.7
13,02,10,1,小倉,2,03,未勝利,7,芝,0,1200,良,ピンクストーン    ,牝,3,中井裕二,51.0,18,11,16,16,0,1.2,4,70.9,"1109",0,0,0,2,3,36.9,438,小崎憲,栗,0,10105151,01141,01085,1013120311,吉澤克己,三嶋牧場,サクラバクシンオー,ホットスウェル,"Fusaichi Pegasus",鹿毛,100305,    8.1,  ,    ,42.1
13,02,10,1,小倉,2,03,未勝利,7,芝,0,1200,良,カシノコゴロウ    ,牡,3,原田和真,53.0,18,12,6,6,0,0.5,17,70.2,"1102",0,0,0,11,14,35.4,460,蛯名利弘,美,0,10109176,01143,01131,1013120312,柏木務,片山建治,ロドリゴデトリアーノ,ベルガモットシール,ダンツシアトル,鹿毛,100325,  237.8,  ,    ,48.3
13,02,10,1,小倉,2,03,未勝利,7,芝,0,1200,良,コスモハヅキ      ,牝,3,伊藤工真,54.0,18,13,17,17,0,1.2,11,70.9,"1109",0,0,0,9,9,36.3,450,大和田成,美,0,10106155,01119,01124,1013120313,ビッグレッドファー,八木常郎,スターリングローズ,ウインクパール,トニービン,鹿毛,100416,   61.8,  ,    ,45.3
13,02,10,1,小倉,2,03,未勝利,7,芝,0,1200,良,プラチナテーラー  ,牝,3,藤岡康太,54.0,18,14,15,15,0,1,3,70.7,"1107",0,0,0,6,3,36.5,462,宮徹,栗,0,10102455,01116,01018,1013120314,中西浩一,岡田スタツド,ジャングルポケット,シャルムダンサー,"Groom Dancer",鹿毛,100509,    7.1,  ,    ,43.7
13,02,10,1,小倉,2,03,未勝利,7,芝,0,1200,良,ダンツバーゴ      ,牝,3,菱田裕二,51.0,18,15,13,13,0,0.7,15,70.4,"1104",0,0,0,10,9,35.7,438,本田優,栗,0,10102839,01144,01099,1013120315,山元哲二,タイヘイ牧場,マンハッタンカフェ,グランドアメリフローラ,"Grand Slam",黒鹿,100209,  165.6,  ,    ,47.2
13,02,10,1,小倉,2,03,未勝利,7,芝,0,1200,良,エイプリルメロディ,牝,3,大野拓弥,54.0,18,16,5,5,0,0.5,13,70.2,"1102",0,0,0,6,7,35.9,446,小笠倫弘,美,50,10100206,01096,01076,1013120316,岡田牧雄,いとう牧場,ネオユニヴァース,ファインメロディ,"Green Desert",黒鹿,100413,  121.5,  ,    ,45.5
13,02,10,1,小倉,2,03,未勝利,7,芝,0,1200,良,パープルシャイン  ,牡,3,北村友一,56.0,18,17,18,18,0,1.9,18,71.6,"1116",0,0,0,17,18,35.6,472,境直行,栗,0,10100195,01102,00346,1013120317,中野銀十,石原牧場,アドマイヤジュピタ,アイシャイン,マルゼンスキー,栗毛,100407,  384.9,  ,    ,51.1
13,02,10,1,小倉,2,03,未勝利,7,芝,0,1200,良,トウシンヴィーナス,牝,3,松山弘平,54.0,18,18,2,2,0,0.1,6,69.8,"1098",0,0,0,4,3,35.7,408,浅見秀一,栗,200,10103857,01126,00411,1013120318,サトー,社台ファーム,ディープインパクト,バイザスポーツ,"Devil's Bag",青鹿,100131,   18.0,  ,    ,45.5
13,02,10,1,小倉,2,04,未勝利,7,芝,0,2000,良,ノアオーカン      ,牡,3,鮫島良太,56.0,18,01,7,7,0,0.4,9,121.5,"2015",0,13,16,15,9,35.4,462,福島信晴,栗,0,10106188,01099,00396,1013120401,杉元四男,芳住革二,スターリングローズ,ドーパミン,フジキセキ,黒鹿,100513,   22.3,  ,    ,54.2
13,02,10,1,小倉,2,04,未勝利,7,芝,0,2000,良,ゼンノゼフィロス  ,牡,3,四位洋文,56.0,18,02,15,15,0,2.2,5,123.3,"2033",0,13,13,12,9,37.5,536,松永幹夫,栗,0,10106063,00700,01092,1013120402,大迫久美子,村上欽哉,シンボリクリスエス,ウインゼフィール,サンデーサイレンス,鹿毛,100405,    7.7,  ,    ,48.1
13,02,10,1,小倉,2,04,未勝利,7,芝,0,2000,良,ニシノアイボウ    ,牡,3,大庭和弥,56.0,18,03,8,8,0,0.7,13,121.8,"2018",0,9,9,12,7,35.9,480,杉浦宏昭,美,0,10100835,01061,01008,1013120403,西山茂行,川上牧場,ネオユニヴァース,マラチバンド,"Dixieland Band",鹿毛,100308,   60.6,  ,    ,52.5
13,02,10,1,小倉,2,04,未勝利,7,芝,0,2000,良,キングデザイヤー  ,牡,3,松田大作,56.0,18,04,6,6,0,0.4,11,121.5,"2015",0,1,1,1,1,36.6,490,鈴木孝志,栗,0,10102740,01030,01111,1013120404,山口敦広,佐竹学,ダンスインザダーク,ウマヒトスジ,"Tale of the Cat",黒鹿,100420,   27.3,  ,    ,49.4
13,02,10,1,小倉,2,04,未勝利,7,芝,0,2000,良,レコンダイト      ,牡,3,菱田裕二,53.0,18,05,1,1,0,-0.1,4,121.1,"2011",0,5,3,3,2,35.8,456,音無秀孝,栗,500,10103963,01144,01002,1013120405,金子真人ホールディ,社台ファーム,ハーツクライ,モテック,"Last Tycoon",黒鹿,100214,    6.5,  ,    ,52.1
13,02,10,1,小倉,2,04,未勝利,7,芝,0,2000,良,エーシンヒリュー  ,牡,3,丸山元気,56.0,18,06,11,11,0,1.2,14,122.3,"2023",0,17,17,15,16,36.2,472,松元茂樹,栗,0,10104641,01127,00419,1013120406,栄進堂,栄進牧場,アグネスタキオン,エイシンマッカレン,Woodman,栗毛,100422,   93.4,  ,    ,51.9
13,02,10,1,小倉,2,04,未勝利,7,芝,0,2000,良,トリガー          ,牡,3,松山弘平,56.0,18,07,17,17,0,2.3,1,123.4,"2034",0,2,2,2,9,38.2,480,角田晃一,栗,0,10101472,01126,01121,1013120407,石川達絵,筒井征文,グラスワンダー,テイエムサイレン,サンデーサイレンス,鹿毛,100318,    4.4,  ,    ,45.6
13,02,10,1,小倉,2,04,未勝利,7,芝,0,2000,良,エリンジューム    ,牝,3,大野拓弥,54.0,18,08,2,2,0,0.1,12,121.2,"2012",0,6,6,9,3,35.6,462,高木登,美,200,10102588,01096,01088,1013120408,シルクレーシング,神垣道弘,ゼンノロブロイ,ヒカルバイオレット,マルゼンスキー,黒鹿,100318,   31.8,  ,    ,53.0
13,02,10,1,小倉,2,04,未勝利,7,芝,0,2000,良,マコトクオバディス,牝,3,和田竜二,54.0,18,09,16,16,0,2.2,8,123.3,"2033",0,3,3,3,3,38,470,北出成人,栗,0,10109137,01018,01078,1013120409,ディアマント,シンボリ牧場,ダイワメジャー,ゲーリックチューン,Danzig,鹿毛,100226,   21.7,  ,    ,46.2
13,02,10,1,小倉,2,04,未勝利,7,芝,0,2000,良,コスモアオイ      ,牝,3,中井裕二,51.0,18,10,13,13,0,1.9,18,123,"2030",0,3,3,3,6,37.7,478,松永康利,美,0,10105972,01141,01093,1013120410,ビッグレッドファー,ビッグレッドファー,アグネスデジタル,マイネシャローナ,コマンダーインチーフ,鹿毛,100302,  257.2,  ,    ,47.0
13,02,10,1,小倉,2,04,未勝利,7,芝,0,2000,良,エーシンオマーン  ,牝,3,北村友一,54.0,18,11,10,10,0,1.1,3,122.2,"2022",0,6,6,6,14,36.8,472,高野友和,栗,0,10104646,01102,01117,1013120411,栄進堂,栄進牧場,アグネスデジタル,エイシンワンシャン,トニービン,鹿毛,100513,    6.4,  ,    ,49.5
13,02,10,1,小倉,2,04,未勝利,7,芝,0,2000,良,エスターブレ      ,牝,3,川須栄彦,54.0,18,12,9,9,0,0.8,2,121.9,"2019",0,9,9,11,9,36.2,446,高野友和,栗,0,10102951,01128,01117,1013120412,草野仁,千代田牧場,タニノギムレット,グロリアスアーチ,サンデーサイレンス,栗毛,100226,    5.7,  ,    ,51.5
13,02,10,1,小倉,2,04,未勝利,7,芝,0,2000,良,シゲルオヒツジザ  ,牡,3,西田雄一,56.0,18,13,5,5,0,0.4,6,121.5,"2015",0,6,6,6,7,36,478,牧田和弥,栗,50,10102895,01004,01123,1013120413,森中蕃,田中裕之,ロージズインメイ,パキータ,スペシャルウィーク,青毛,100330,    8.5,  ,    ,51.8
13,02,10,1,小倉,2,04,未勝利,7,芝,0,2000,良,カネトシエターナル,牝,3,丸田恭介,54.0,18,14,4,4,0,0.3,10,121.4,"2014",0,13,13,17,14,35.2,420,鈴木伸尋,美,75,10101466,01117,01026,1013120414,兼松利男,土田扶美子,ハーツクライ,コンゴウアンゲルス,カーネギー,栗毛,100422,   25.1,  ,    ,55.0
13,02,10,1,小倉,2,04,未勝利,7,芝,0,2000,良,キョウワナイト    ,牡,3,水口優也,53.0,18,15,12,12,0,1.5,16,122.6,"2026",0,17,17,18,18,36.3,462,佐山優,栗,0,10105430,01133,00357,1013120415,協和牧場,協和牧場,サムライハート,キョウワプラチナ,"Sadler's Wells",鹿毛,100331,  204.7,  ,    ,51.9
13,02,10,1,小倉,2,04,未勝利,7,芝,0,2000,良,マイネマロニエ    ,牝,3,丹内祐次,54.0,18,16,14,14,0,2,15,123.1,"2031",0,13,13,14,16,37.1,402,堀井雅広,美,0,10105973,01091,00436,1013120416,サラブレッドクラブ,ビッグレッドファー,ステイゴールド,マイネシャンゼリゼ,トウカイテイオー,鹿毛,100323,  153.2,  ,    ,49.3
13,02,10,1,小倉,2,04,未勝利,7,芝,0,2000,良,カシノハートフル  ,牝,3,上村洋行,54.0,18,17,18,18,0,2.6,17,123.7,"2037",0,9,9,6,9,38.2,462,谷潔,栗,0,10109187,00709,00431,1013120417,柏木務,本田土寿,サムライハート,シルクドレスアップ,ブライアンズタイム,黒鹿,100324,  252.9,  ,    ,45.9
13,02,10,1,小倉,2,04,未勝利,7,芝,0,2000,良,ヤマニンアルゴシー,牡,3,勝浦正樹,56.0,18,18,3,3,0,0.2,7,121.3,"2013",0,12,12,9,3,35.7,464,池上昌弘,美,130,10105811,01025,00390,1013120418,土井肇,錦岡牧場,ヤマニンセラフィム,ヤマニンジャルダン,マイネルラヴ,栗毛,100312,   18.6,  ,    ,52.8
13,02,10,1,小倉,2,05,新馬,15,芝,0,1200,良,モルフェキッド    ,牝,3,黛弘人,54.0,16,01,0,0,4,999.9,16,0,"----",0,0,0,13,14,0,426,大江原哲,美,0,10102720,01109,01012,1013120501,並河賢一郎,坂本智広,モルフェデスペクタ,モルフェアトラクト,ニューイングランド,栗毛,100324,  173.5,  ,    , 0.0
13,02,10,1,小倉,2,05,新馬,15,芝,0,1200,良,ラドゥガ          ,牝,3,松山弘平,54.0,16,02,1,1,0,-0.2,1,69.8,"1098",0,0,0,1,1,36,434,牧田和弥,栗,600,10100888,01126,01123,1013120502,浜本牧場,浜本牧場,サクラバクシンオー,エイコーンリング,ジェイドロバリー,鹿毛,100523,    2.3,  ,    ,43.9
13,02,10,1,小倉,2,05,新馬,15,芝,0,1200,良,ヤマニンペルル    ,牝,3,中井裕二,51.0,16,03,4,4,0,0.5,3,70.3,"1103",0,0,0,7,7,35.7,422,中村均,栗,90,10105805,01141,00261,1013120503,土井肇,錦岡牧場,スウェプトオーヴァーボード,ヤマニンアリュール,サンデーサイレンス,芦毛,100604,   12.8,  ,    ,46.9
13,02,10,1,小倉,2,05,新馬,15,芝,0,1200,良,アイアムイシュタル,牝,3,菱田裕二,51.0,16,04,6,6,0,0.6,6,70.4,"1104",0,0,0,11,8,35.5,484,荒川義之,栗,0,10103653,01144,01095,1013120504,堀紘一,社台ファーム,アグネスタキオン,アイアムエンジェル,ボストンハーバー,黒鹿,100328,   14.4,  ,    ,48.3
13,02,10,1,小倉,2,05,新馬,15,芝,0,1200,良,ヤマニンプチタルト,牝,3,伊藤工真,54.0,16,05,10,10,0,1.2,4,71,"1110",0,0,0,7,8,36.4,458,西橋豊治,栗,0,10105819,01119,00434,1013120505,土井肇,錦岡牧場,アグネスデジタル,ヤマニンプチフール,フレンチデピュティ,栗毛,100119,   13.1,  ,    ,45.1
13,02,10,1,小倉,2,05,新馬,15,芝,0,1200,良,ライブリクリール  ,牡,3,北村友一,56.0,16,06,3,3,0,0.3,15,70.1,"1101",0,0,0,5,6,35.8,458,沖芳夫,栗,150,10103503,01102,00378,1013120506,加藤哲郎,大川牧場,ザール,シルキーガイア,"Benny the Dip",黒鹿,100214,   80.7,  ,    ,45.8
13,02,10,1,小倉,2,05,新馬,15,芝,0,1200,良,ランドリーマー    ,牡,3,荻野琢真,56.0,16,07,12,12,0,1.3,7,71.1,"1111",0,0,0,4,4,37,442,羽月友彦,栗,0,10100197,01112,01091,1013120507,宮本貞雄,石原牧場,サニングデール,ハッピーラベンダー,バブルガムフェロー,鹿毛,100604,   17.1,  ,    ,42.2
13,02,10,1,小倉,2,05,新馬,15,芝,0,1200,良,インカンデセンス  ,牝,3,国分優作,54.0,16,08,5,5,0,0.5,14,70.3,"1103",0,0,0,2,2,36.4,448,西浦勝一,栗,60,10100653,01125,01016,1013120508,H.H.シェイク・モハ,ダーレー・ジャパン,ファンタスティックライト,ゴールドサンライズ,"Forty Niner",鹿毛,100510,   55.4,  ,    ,43.1
13,02,10,1,小倉,2,05,新馬,15,芝,0,1200,良,タマモキラリ      ,牝,3,川須栄彦,54.0,16,09,7,7,0,0.8,10,70.6,"1106",0,0,0,5,5,36.3,438,中竹和也,栗,0,10102831,01128,01039,1013120509,タマモ,曾我博,アドマイヤムーン,チャームダイヤ,ヘネシー,鹿毛,100320,   20.4,  ,    ,44.5
13,02,10,1,小倉,2,05,新馬,15,芝,0,1200,良,メタリックゴールド,牡,3,丸山元気,56.0,16,10,14,14,0,3,8,72.8,"1128",0,0,0,15,15,36,486,小原伊佐,栗,0,10102383,01127,00337,1013120510,ヒダカ・ブリーダー,井高牧場,フォーティナイナーズサン,パピオンライン,タイキシャトル,栗毛,100425,   19.3,  ,    ,52.2
13,02,10,1,小倉,2,05,新馬,15,芝,0,1200,良,ミススキャンダル  ,牝,3,竹之下智,54.0,16,11,11,11,0,1.2,11,71,"1110",0,0,0,7,8,36.3,392,友道康夫,栗,0,10105163,01036,01061,1013120511,吉澤克己,三嶋牧場,デュランダル,ラララウィンパル,エリシオ,栗毛,100326,   30.8,  ,    ,45.6
13,02,10,1,小倉,2,05,新馬,15,芝,0,1200,良,ホクテンオーカン  ,牡,3,西村太一,54.0,16,12,15,15,0,4.3,12,74.1,"1141",0,0,0,16,16,36.9,464,古賀史生,美,0,10105107,01131,00392,1013120512,小川幸助,マミーファーム,モルフェデスペクタ,ホクテンマミードン,アグネスカミカゼ,鹿毛,100628,   49.3,  ,    ,50.8
13,02,10,1,小倉,2,05,新馬,15,芝,0,1200,良,メイショウテンニョ,牝,3,水口優也,51.0,16,13,13,13,0,1.3,13,71.1,"1111",0,0,0,10,8,36.3,422,南井克巳,栗,0,10101470,01133,01049,1013120513,松本好雄,土田扶美子,グラスワンダー,ハーツデザイヤー,アグネスタキオン,栗毛,100322,   49.7,  ,    ,45.9
13,02,10,1,小倉,2,05,新馬,15,芝,0,1200,良,ダイワフレーム    ,牝,3,丸田恭介,54.0,16,14,8,8,0,1,5,70.8,"1108",0,0,0,14,13,34.8,390,宗像義忠,美,0,10103193,01117,00420,1013120514,大城敬三,服部牧場,ダイワメジャー,ラドランファーマ,ホワイトマズル,黒鹿,100316,   13.1,  ,    ,53.4
13,02,10,1,小倉,2,05,新馬,15,芝,0,1200,良,アスターストーム  ,牡,3,古川吉洋,56.0,16,15,9,9,0,1,9,70.8,"1108",0,0,0,12,12,35.7,486,武田博,栗,0,10110066,01015,00224,1013120515,加藤久枝,"Mineola Farm II LL","Tale of the Cat",Spread,"Coronado's Quest",鹿毛,100319,   19.7,  ,    ,48.3
13,02,10,1,小倉,2,05,新馬,15,芝,0,1200,良,グッドジーン      ,牡,3,和田竜二,56.0,16,16,2,2,0,0.2,2,70,"1100",0,0,0,2,2,36.1,466,山内研二,栗,240,10103265,01018,00388,1013120516,フォーレスト,フジワラフアーム,グラスワンダー,ダンツプリンセス,サンデーサイレンス,栗毛,100308,    4.8,  ,    ,43.9
13,02,10,1,小倉,2,06,500万下,23,芝,0,2600,良,マイネルアクロス  ,牡,4,丹内祐次,56.0,13,01,3,3,0,0.3,8,159.9,"2399",0,2,2,3,3,34.8,464,宮本博,栗,170,09105142,01091,01073,1013120601,サラブレッドクラブ,ビッグレッドファー,ブライアンズタイム,コスモダンスナイト,ダンスインザダーク,黒鹿,090323,   26.6,  ,    ,57.8
13,02,10,1,小倉,2,06,500万下,23,芝,0,2600,良,バンダムラディウス,牡,5,丸田恭介,57.0,13,02,6,6,0,0.4,1,160,"2400",0,4,6,6,5,34.7,468,大竹正博,美,0,08102209,01117,01102,1013120602,山科統,バンダム牧場,デュランダル,ミラクルケープ,フォーティナイナー,栃栗,080331,    3.5,  ,    ,58.3
13,02,10,1,小倉,2,06,500万下,23,芝,0,2600,良,エルヴィスバローズ,牡,5,大野拓弥,57.0,13,03,7,7,0,0.6,6,160.2,"2402",0,8,8,8,7,34.8,482,中竹和也,栗,0,08105785,01096,01039,1013120603,猪熊広次,ダーレー・ジャパン,ディープインパクト,ファーザ,"Mr. Prospector",鹿毛,080317,   10.5,  ,    ,58.1
13,02,10,1,小倉,2,06,500万下,23,芝,0,2600,良,ラブラドライト    ,セ,4,松山弘平,56.0,13,04,2,2,0,0.2,2,159.8,"2398",0,2,2,2,2,34.9,486,音無秀孝,栗,270,09106222,01126,01002,1013120604,吉田勝己,ノーザンファーム,キングカメハメハ,タンザナイト,サンデーサイレンス,鹿毛,090515,    3.6,  ,    ,57.4
13,02,10,1,小倉,2,06,500万下,23,芝,0,2600,良,カーマイン        ,牡,5,北村友一,57.0,13,05,5,5,0,0.3,3,159.9,"2399",0,4,4,3,3,34.9,464,石坂正,栗,67,08103188,01102,01022,1013120605,サンデーレーシング,ノーザンファーム,キングカメハメハ,スカーレットレディ,サンデーサイレンス,鹿毛,080411,    8.0,  ,    ,57.4
13,02,10,1,小倉,2,06,500万下,23,芝,0,2600,良,アクアブルーフライ,牡,6,国分優作,57.0,13,06,4,4,0,0.3,7,159.9,"2399",0,13,13,12,10,34.3,514,西浦勝一,栗,100,07103934,01125,01016,1013120606,佐野清,三石川上牧場,アグネスフライト,ミスポーラ,タイキシャトル,栗毛,070404,   11.0,  ,    ,59.9
13,02,10,1,小倉,2,06,500万下,23,芝,0,2600,良,ローリングストーン,牡,4,中井裕二,53.0,13,07,8,8,0,1,9,160.6,"2406",0,10,10,6,5,35.4,502,相沢郁,美,0,09104724,01141,01020,1013120607,佐々木徹,シンユウフアーム,マヤノトップガン,ジョリーン,トワイニング,鹿毛,090317,   35.9,  ,    ,56.1
13,02,10,1,小倉,2,06,500万下,23,芝,0,2600,良,サトノエンデバー  ,牡,4,伊藤工真,55.0,13,08,9,9,0,1.3,5,160.9,"2409",0,7,6,8,7,35.5,476,宗像義忠,美,0,09110105,01119,00420,1013120608,里見治,"Roncon Cobra Blood","Encosta De Lago","Private Steer","Danehill Dancer",黒鹿,091028,    8.1,  ,    ,56.0
13,02,10,1,小倉,2,06,500万下,23,芝,0,2600,良,クリーンメタボ    ,牡,5,川須栄彦,57.0,13,09,12,12,0,1.9,10,161.5,"2415",0,11,11,10,11,36,472,清水英克,美,0,08100274,01128,01080,1013120609,石橋和夫,グランド牧場,シンボリクリスエス,テレサザティーチャ,"Cure the Blues",黒鹿,080417,   38.9,  ,    ,54.6
13,02,10,1,小倉,2,06,500万下,23,芝,0,2600,良,リッカタキシード  ,牡,6,中舘英二,57.0,13,10,11,11,0,1.9,12,161.5,"2415",0,8,8,3,7,36.4,458,藤沢則雄,栗,0,07106051,00635,01041,1013120610,立花幸雄,宝寄山忠則,ブラックタキシード,ヤマシロラッキー,ダミスター,黒鹿,070430,   67.8,  ,    ,53.1
13,02,10,1,小倉,2,06,500万下,23,芝,0,2600,良,グルービーメテオ  ,牡,4,黛弘人,56.0,13,11,13,13,0,2.5,13,162.1,"2421",0,4,4,10,11,36.6,468,柄崎孝,美,0,09100596,01109,00380,1013120611,辻牧場,辻牧場,ジャングルポケット,ボーディーススズカ,サンデーサイレンス,栗毛,090425,  182.2,  ,    ,52.9
13,02,10,1,小倉,2,06,500万下,23,芝,0,2600,良,ファーマペニー    ,牝,5,菱田裕二,52.0,13,12,10,10,0,1.6,11,161.2,"2412",0,11,12,13,13,35,424,加藤敬二,栗,0,08105712,01144,00379,1013120612,中西功,高山牧場,ジャングルポケット,ミスチバスペニー,テイエムオペラオー,鹿毛,080422,   42.7,  ,    ,58.2
13,02,10,1,小倉,2,06,500万下,23,芝,0,2600,良,アドマイヤネアルコ,牡,5,丸山元気,57.0,13,13,1,1,0,-0.2,4,159.6,"2396",0,1,1,1,1,34.8,480,友道康夫,栗,670,08104213,01127,01061,1013120613,近藤利一,秋田牧場,リンカーン,エーピーサルート,エーピーダンサー,芦毛,080322,    8.1,  ,    ,57.6
13,02,10,1,小倉,2,07,500万下,23,ダ,1,1700,稍,プリモスズカ      ,牡,4,中舘英二,56.0,12,01,12,12,0,3.1,12,109.6,"1496",0,9,8,4,6,41,498,伊藤圭三,美,0,09110008,00635,01023,1013120701,永井啓弍,"Yoshiyuki Ito","Lawyer Ron","Primo Star","Sunday Silence",鹿毛,090430,   62.0,  ,    ,41.3
13,02,10,1,小倉,2,07,500万下,23,ダ,1,1700,稍,ハクユウサンサン  ,牡,5,国分優作,57.0,12,02,9,9,0,0.9,7,107.4,"1474",0,1,1,1,1,39,494,目野哲也,栗,0,08103492,01125,00387,1013120702,H.Iコーポレーショ,加野牧場,スキャン,シャドウレディ,ルション,鹿毛,080411,   14.3,  ,    ,45.7
13,02,10,1,小倉,2,07,500万下,23,ダ,1,1700,稍,サダルメリク      ,牡,6,菱田裕二,54.0,12,03,6,6,0,0.1,3,106.6,"1466",0,4,5,8,6,37.7,482,武田博,栗,0,07110091,01144,00224,1013120703,前田幸治,"Marianne C Chess",Trippi,"Cool Decor","The Cool Virginian",鹿毛,070214,    5.3,  ,    ,49.7
13,02,10,1,小倉,2,07,500万下,23,ダ,1,1700,稍,ファンタズミック  ,牡,5,柴山雄一,57.0,12,04,4,4,0,0.1,8,106.6,"1466",0,10,10,9,9,37.6,502,浅見秀一,栗,100,08103228,05243,00411,1013120704,大塚亮一,ノーザンファーム,ハーツクライ,ティエッチグリーン,Kingmambo,鹿毛,080424,   26.9,  ,    ,50.1
13,02,10,1,小倉,2,07,500万下,23,ダ,1,1700,稍,メイショウカイオウ,牡,5,菅原隆一,54.0,12,05,10,10,0,1.2,11,107.7,"1477",0,8,8,10,9,38.4,490,飯田明弘,栗,0,08102046,01129,00389,1013120705,松本好雄,高昭牧場,アグネスタキオン,ウイングドキャット,"Storm Cat",鹿毛,080229,   59.1,  ,    ,48.4
13,02,10,1,小倉,2,07,500万下,23,ダ,1,1700,稍,スターマイン      ,牡,4,和田竜二,56.0,12,06,11,11,0,3,6,109.5,"1495",0,2,2,2,2,41,472,荒川義之,栗,0,09105043,01018,01095,1013120706,ノースヒルズ,ノースヒルズマネジ,マンハッタンカフェ,レスレクシオン,"Mt. Livermore",青毛,090429,    9.5,  ,    ,41.1
13,02,10,1,小倉,2,07,500万下,23,ダ,1,1700,稍,エクチュア        ,牡,4,川須栄彦,56.0,12,07,2,2,0,0,4,106.5,"1465",0,4,3,2,2,38,450,矢作芳人,栗,270,09110019,01128,01075,1013120707,前田幸治,"Value Bloodstock",Dalakhani,Oliena,"Desert Prince",鹿毛,090217,    7.6,  ,    ,48.3
13,02,10,1,小倉,2,07,500万下,23,ダ,1,1700,稍,ゴールウェイ      ,牝,4,西田雄一,54.0,12,08,8,8,0,0.3,9,106.8,"1468",0,7,7,5,4,38.1,460,栗田徹,美,0,09105639,01004,01127,1013120708,吉田和美,メジロ牧場,フサイチコンコルド,メジロシルエット,メジロライアン,鹿毛,090418,   27.5,  ,    ,48.4
13,02,10,1,小倉,2,07,500万下,23,ダ,1,1700,稍,セトノハリケーン  ,牡,5,古川吉洋,57.0,12,09,1,1,0,0,1,106.5,"1465",0,6,5,5,6,37.8,522,南井克巳,栗,670,08105559,01015,01049,1013120709,難波澄子,下河辺牧場,ゴールドアリュール,クリムゾンクローバ,サクラユタカオー,鹿毛,080405,    3.8,  ,    ,49.1
13,02,10,1,小倉,2,07,500万下,23,ダ,1,1700,稍,ダイゴロー        ,牡,5,大庭和弥,57.0,12,10,5,5,0,0.1,2,106.6,"1466",0,12,12,10,9,37.3,516,杉浦宏昭,美,67,08103893,01061,01008,1013120710,山岸桂市,三石川上牧場,プリサイスエンド,ライジングフラッグ,ラムタラ,鹿毛,080401,    4.2,  ,    ,51.3
13,02,10,1,小倉,2,07,500万下,23,ダ,1,1700,稍,アクシーバンダム  ,牡,4,松山弘平,56.0,12,11,3,3,0,0,10,106.5,"1465",0,10,10,10,12,37.2,450,柴田政見,栗,170,09101253,01126,00406,1013120711,山科統,バンダム牧場,リンカーン,グレイスケープ,サクラローレル,黒鹿,090202,   35.1,  ,    ,51.6
13,02,10,1,小倉,2,07,500万下,23,ダ,1,1700,稍,コスモマイギフト  ,牡,4,丹内祐次,56.0,12,12,7,7,0,0.2,5,106.7,"1467",0,3,3,5,4,38,498,堀井雅広,美,0,09100679,01091,00436,1013120712,ビッグレッドファー,日田牧場,アッミラーレ,マイアドレス,スピニングワールド,黒鹿,090220,    7.8,  ,    ,48.6
13,02,10,1,小倉,2,08,500万下,23,芝,0,2000,良,マイネキャスリーン,牝,4,丸山元気,54.0,14,01,6,6,0,0.8,13,120.7,"2007",0,14,14,4,3,35.5,480,畠山重則,美,0,09105179,01127,00339,1013120801,サラブレッドクラブ,ビッグレッドファー,ロージズインメイ,ベリーリズミック,ダンシングブレーヴ,黒鹿,090402,  110.1,  ,    ,52.9
13,02,10,1,小倉,2,08,500万下,23,芝,0,2000,良,スイートテン      ,牝,6,中舘英二,55.0,14,02,14,14,0,1.3,7,121.2,"2012",0,3,3,2,3,36.1,518,千田輝彦,栗,0,07105504,00635,01120,1013120802,青山洋一,下河辺牧場,スペシャルウィーク,エスカニア,"Edgy Diplomat",栗毛,070301,   14.9,  ,    ,51.0
13,02,10,1,小倉,2,08,500万下,23,芝,0,2000,良,コスモユウチャン  ,牡,4,丹内祐次,56.0,14,03,9,9,0,1,8,120.9,"2009",0,5,3,4,3,35.7,470,清水美波,美,0,09101672,01091,00347,1013120803,ビッグレッドファー,中村和夫,ゴールドヘイロー,アコレード,Alysheba,鹿毛,090529,   45.7,  ,    ,52.3
13,02,10,1,小倉,2,08,500万下,23,芝,0,2000,良,テーオーレジェンド,牡,4,藤岡康太,56.0,14,04,7,7,0,0.9,4,120.8,"2008",0,1,1,1,1,35.9,504,藤岡健一,栗,0,09103150,01116,01062,1013120804,小笹公也,ヤナガワ牧場,アドマイヤムーン,トランクイルデイズ,"Easy Goer",栗毛,090328,    8.4,  ,    ,51.4
13,02,10,1,小倉,2,08,500万下,23,芝,0,2000,良,エーシングルーオン,牡,4,川須栄彦,56.0,14,05,8,8,0,0.9,3,120.8,"2008",0,8,8,12,12,35.3,456,坂口正則,栗,0,09100208,01128,00356,1013120805,栄進堂,栄進牧場,アグネスタキオン,エイシンサンサン,キャロルハウス,栗毛,090430,    8.1,  ,    ,53.8
13,02,10,1,小倉,2,08,500万下,23,芝,0,2000,良,スプリングアルタ  ,牡,6,丸田恭介,57.0,14,06,10,10,0,1,12,120.9,"2009",0,2,2,2,2,35.9,462,高橋文雅,美,0,07101109,01117,01134,1013120806,加藤春夫,様似共栄牧場,ステイゴールド,ヤクモサワヤカ,シンボリルドルフ,鹿毛,070414,   70.7,  ,    ,51.5
13,02,10,1,小倉,2,08,500万下,23,芝,0,2000,良,マンハッタンコード,牡,4,北村友一,56.0,14,07,4,4,0,0.5,11,120.4,"2004",0,10,10,13,12,34.7,476,浅見秀一,栗,100,09106354,01102,00411,1013120807,林正道,ノーザンファーム,ネオユニヴァース,マンハッタン,アフリート,鹿毛,090212,   62.3,  ,    ,55.8
13,02,10,1,小倉,2,08,500万下,23,芝,0,2000,良,ベルニーニ        ,牡,4,菱田裕二,53.0,14,08,1,1,0,-0.2,2,119.9,"1599",0,5,5,4,3,34.7,466,岡田稲男,栗,670,09102640,01144,01066,1013120808,H.H.シェイク・モハ,ダーレー・ジャパン,ジャングルポケット,スカルプトレス,サンデーサイレンス,鹿毛,090407,    5.0,  ,    ,55.2
13,02,10,1,小倉,2,08,500万下,23,芝,0,2000,良,ミッキーマスカット,牡,5,松山弘平,57.0,14,09,3,3,0,0.3,1,120.2,"2002",0,8,8,9,8,34.8,524,橋口弘次,栗,170,08103157,01126,00343,1013120809,野田みづき,ノーザンファーム,スニッツェル,サファイヤコースト,サンデーサイレンス,鹿毛,080127,    2.2,  ,    ,55.2
13,02,10,1,小倉,2,08,500万下,23,芝,0,2000,良,マイネルアウストロ,牡,7,大野拓弥,57.0,14,10,12,12,0,1.1,10,121,"2010",0,5,5,8,8,35.7,506,田中清隆,美,0,06104831,01096,00408,1013120810,サラブレッドクラブ,ビッグレッドファー,ゴールドアリュール,エオルスハルフェ,トニービン,栗毛,060411,   60.5,  ,    ,52.4
13,02,10,1,小倉,2,08,500万下,23,芝,0,2000,良,スリーヴェローチェ,牡,4,鮫島良太,56.0,14,11,11,11,0,1.1,14,121,"2010",0,12,12,13,14,35.2,460,武宏平,栗,0,09103736,01099,00221,1013120811,永井商事,武牧場,ダイワメジャー,スリーローマン,ブライアンズタイム,鹿毛,090215,  125.7,  ,    ,54.5
13,02,10,1,小倉,2,08,500万下,23,芝,0,2000,良,コーディリア      ,牝,4,国分優作,54.0,14,12,5,5,0,0.7,9,120.6,"2006",0,12,12,9,8,35.2,446,清水出美,栗,67,09106585,01125,00369,1013120812,社台レースホース,追分ファーム,シンボリクリスエス,コードネーム,サンデーサイレンス,青毛,090319,   52.2,  ,    ,54.0
13,02,10,1,小倉,2,08,500万下,23,芝,0,2000,良,ウインサーガ      ,セ,4,和田竜二,56.0,14,13,13,13,0,1.1,5,121,"2010",0,4,5,4,3,35.8,468,池江泰寿,栗,0,09105291,01018,01071,1013120813,ウイン,村上欽哉,ゼンノロブロイ,ウインルミエール,"Saint Ballado",黒鹿,090307,   10.0,  ,    ,52.0
13,02,10,1,小倉,2,08,500万下,23,芝,0,2000,良,アルティスト      ,牡,6,中井裕二,54.0,14,14,2,2,0,0.2,6,120.1,"2001",0,11,11,9,8,34.7,490,中野栄治,美,270,07102143,01141,01010,1013120814,塩入満洋,高岸順一,シックスセンス,メイショウチャチャ,メジロライアン,鹿毛,070505,   11.3,  ,    ,55.5
13,02,10,1,小倉,2,09,500万下・牝,23,芝,0,1200,良,ディザイラブル    ,牝,4,松山弘平,55.0,18,01,9,9,0,0.9,7,69.1,"1091",0,0,0,6,7,34.9,412,清水久詞,栗,0,09105005,01126,01110,1013120901,ノースヒルズ,ノースヒルズマネジ,タニノギムレット,アンドレルノートル,サンデーサイレンス,黒鹿,090318,   11.3,  ,    ,48.0
13,02,10,1,小倉,2,09,500万下・牝,23,芝,0,1200,良,エーシンエムディー,牝,4,北村友一,55.0,18,02,3,3,0,0.4,10,68.6,"1086",0,0,0,3,4,34.6,462,大久保龍,栗,170,09100231,01102,01058,1013120902,栄進堂,栄進牧場,キングカメハメハ,エイシンルーデンス,サンデーサイレンス,黒鹿,090403,   18.6,  ,    ,48.3
13,02,10,1,小倉,2,09,500万下・牝,23,芝,0,1200,良,ダイヤモンドアスク,牝,5,大野拓弥,55.0,18,03,13,13,0,1.2,9,69.4,"1094",0,0,0,12,12,34.7,442,伊藤正徳,美,0,08100905,01096,00383,1013120903,廣崎利洋,藤原牧場,ジャングルポケット,フューチャサンデー,サンデーサイレンス,黒鹿,080427,   17.9,  ,    ,50.0
13,02,10,1,小倉,2,09,500万下・牝,23,芝,0,1200,良,ミスネバー        ,牝,4,中井裕二,52.0,18,04,7,7,0,0.8,5,69,"1090",0,0,0,1,2,35.2,470,山内研二,栗,0,09104276,01141,00388,1013120904,澤洋,マークリ牧場,タイキシャトル,ネバーネバー,ジェネラス,栗毛,090224,    9.7,  ,    ,46.0
13,02,10,1,小倉,2,09,500万下・牝,23,芝,0,1200,良,サトノフローラ    ,牝,5,二本柳壮,55.0,18,05,5,5,0,0.6,2,68.8,"1088",0,0,0,10,9,34.3,436,堀宣行,美,67,08103364,01049,01070,1013120905,里見治,ノーザンファーム,アグネスタキオン,リアリーハッピー,"Avenue of Flags",鹿毛,080428,    5.8,  ,    ,50.6
13,02,10,1,小倉,2,09,500万下・牝,23,芝,0,1200,良,マイネサヴァラン  ,牝,4,丹内祐次,55.0,18,06,6,6,0,0.8,8,69,"1090",0,0,0,5,4,34.9,452,清水英克,美,0,09105192,01091,01080,1013120906,サラブレッドクラブ,ビッグレッドファー,マンハッタンカフェ,マイネデセール,マイネルラヴ,青鹿,090330,   11.5,  ,    ,47.7
13,02,10,1,小倉,2,09,500万下・牝,23,芝,0,1200,良,ナムラシンシン    ,牝,4,勝浦正樹,55.0,18,07,11,11,0,1,15,69.2,"1092",0,0,0,17,17,34.1,434,大和田成,美,0,09100648,01025,01124,1013120907,奈村信重,中島牧場,サクラプレジデント,ナムラクロシェット,Miswaki,栗毛,090402,   52.1,  ,    ,52.9
13,02,10,1,小倉,2,09,500万下・牝,23,芝,0,1200,良,メイショウアレーナ,牝,4,水口優也,52.0,18,08,10,10,0,0.9,14,69.1,"1091",0,0,0,17,13,34.1,410,安田隆行,栗,0,09100806,01133,00438,1013120908,松本好雄,三嶋牧場,アグネスタキオン,ロスケイ,Woodman,栗毛,090318,   49.4,  ,    ,52.6
13,02,10,1,小倉,2,09,500万下・牝,23,芝,0,1200,良,ハピシン          ,牝,5,国分優作,55.0,18,09,12,12,0,1,6,69.2,"1092",0,0,0,10,9,34.7,470,田所秀孝,栗,0,08101566,01125,01009,1013120909,副島義久,田中スタッド,ルールオブロー,フランチェスカ,ブラックタイアフェアー,黒鹿,080312,   10.2,  ,    ,49.4
13,02,10,1,小倉,2,09,500万下・牝,23,芝,0,1200,良,テイエムコウノトリ,牝,4,柴山雄一,55.0,18,10,1,1,0,-0.2,13,68.2,"1082",0,0,0,8,7,33.9,446,石栗龍彦,美,670,09100079,05243,01043,1013120910,竹園正繼,清水スタッド,デュランダル,タカトモアップ,Tunerup,黒鹿,090424,   33.9,  ,    ,51.2
13,02,10,1,小倉,2,09,500万下・牝,23,芝,0,1200,良,バラードソング    ,牝,5,松田大作,55.0,18,11,2,2,0,0.2,1,68.4,"1084",0,0,0,6,4,34.2,458,牧浦充徳,栗,270,08102892,01030,01113,1013120911,グリーンファーム,社台ファーム,ハーツクライ,ソロリサイタル,Rahy,鹿毛,080424,    5.3,  ,    ,50.0
13,02,10,1,小倉,2,09,500万下・牝,23,芝,0,1200,良,ドナメデューサ    ,牝,4,中舘英二,55.0,18,12,17,17,0,1.4,12,69.6,"1096",0,0,0,15,15,34.8,472,崎山博樹,栗,0,09102848,00635,00365,1013120912,山田貢一,日西牧場,サクラバクシンオー,モアマイガール,フジキセキ,黒鹿,090418,   23.3,  ,    ,50.0
13,02,10,1,小倉,2,09,500万下・牝,23,芝,0,1200,良,ノーザンソング    ,牝,5,西田雄一,55.0,18,13,8,8,0,0.9,11,69.1,"1091",0,0,0,8,9,34.7,464,梅田康雄,栗,0,08102562,01004,00131,1013120913,薪浦亨,吉田三郎,マンハッタンカフェ,マッキーエクセル,デュラブ,鹿毛,080425,   19.7,  ,    ,49.1
13,02,10,1,小倉,2,09,500万下・牝,23,芝,0,1200,良,クラウンハッピー  ,牝,5,上野翔,55.0,18,14,16,16,0,1.3,17,69.5,"1095",0,0,0,15,15,34.7,432,小野次郎,美,0,08102247,01087,01125,1013120914,矢野悦三,福岡光夫,スウェプトオーヴァーボード,シルクピュアハート,マヤノトップガン,芦毛,080421,  158.6,  ,    ,50.3
13,02,10,1,小倉,2,09,500万下・牝,23,芝,0,1200,良,ヤマニンボンプアン,牝,5,菱田裕二,52.0,18,15,4,4,0,0.4,3,68.6,"1086",0,0,0,2,1,34.8,482,木原一良,栗,100,08104780,01144,01033,1013120915,土井肇,錦岡牧場,ファンタスティックライト,ヤマニンアルシオン,サンデーサイレンス,鹿毛,080402,    7.9,  ,    ,47.1
13,02,10,1,小倉,2,09,500万下・牝,23,芝,0,1200,良,カシノラピス      ,牝,4,菅原隆一,52.0,18,16,14,14,0,1.2,18,69.4,"1094",0,0,0,12,13,34.7,428,梅内忍,栗,0,09101815,01129,00398,1013120916,柏木務,前川隆則,グランデラ,マヤノロゼッタ,マヤノトップガン,栗毛,090308,  159.4,  ,    ,50.0
13,02,10,1,小倉,2,09,500万下・牝,23,芝,0,1200,良,ブラックウィドー  ,牝,4,川須栄彦,55.0,18,17,15,15,0,1.3,4,69.5,"1095",0,0,0,3,3,35.5,472,小崎憲,栗,0,09106853,01128,01085,1013120917,吉澤克己,トラストスリーファ,ネオユニヴァース,ゼットマリア,フォーティナイナー,栗毛,090303,    9.4,  ,    ,45.8
13,02,10,1,小倉,2,09,500万下・牝,23,芝,0,1200,良,ソーニ            ,牝,5,丸山元気,55.0,18,18,18,18,0,3.3,16,71.5,"1115",0,0,0,12,18,36.8,438,森秀行,栗,0,08102991,01127,00427,1013120918,平井裕,社台ファーム,シンボリクリスエス,ホリデイインミラノ,サンデーサイレンス,青鹿,080221,  138.3,  ,    ,44.3
13,02,10,1,小倉,2,10,小倉城特500,23,芝,0,1800,良,シベリアンスパーブ,牡,4,丸山元気,56.0,14,01,5,5,0,0.4,12,107.3,"1473",0,7,7,9,7,35,496,手塚貴久,美,88,09105407,01127,01038,1013121001,藤田在子,山岡牧場,シベリアンホーク,マルターズスパーブ,"With Approval",鹿毛,090201,   46.5,  ,    ,53.3
13,02,10,1,小倉,2,10,小倉城特500,23,芝,0,1800,良,マイネヴォヤージ  ,牝,4,丹内祐次,54.0,14,02,11,11,0,0.9,13,107.8,"1478",0,12,12,12,13,35.2,414,清水美波,美,0,09110016,01091,00347,1013121002,サラブレッドクラブ,"Curtasse S A S",Teofilo,Hambye,"Distant Relative",黒鹿,090303,  153.8,  ,    ,53.1
13,02,10,1,小倉,2,10,小倉城特500,23,芝,0,1800,良,ルナ              ,牡,4,横山和生,56.0,14,03,3,3,0,0.1,6,107,"1470",0,1,1,1,1,35.2,476,杉浦宏昭,美,220,09100528,01140,01008,1013121003,山岸桂市,田中スタッド,クロフネ,レッダンゴールド,サンデーサイレンス,芦毛,090315,   11.1,  ,    ,52.0
13,02,10,1,小倉,2,10,小倉城特500,23,芝,0,1800,良,スリーアフロディテ,牝,4,荻野琢真,54.0,14,04,2,2,0,0.1,1,107,"1470",0,4,4,4,3,34.9,500,須貝尚介,栗,350,09105449,01112,01105,1013121004,永井商事,新井牧場,スズカマンボ,アイライクスズカ,ラムタラ,鹿毛,090415,    4.1,  ,    ,53.3
13,02,10,1,小倉,2,10,小倉城特500,23,芝,0,1800,良,マーティンボロ    ,牡,4,川須栄彦,56.0,14,05,4,4,0,0.3,2,107.2,"1472",0,11,10,9,7,34.8,434,友道康夫,栗,130,09106265,01128,01061,1013121005,吉田和美,ノーザンファーム,ディープインパクト,ハルーワソング,Nureyev,青鹿,090820,    4.3,  ,    ,54.0
13,02,10,1,小倉,2,10,小倉城特500,23,芝,0,1800,良,ビコーミハイル    ,牡,4,佐久間寛,56.0,14,06,8,8,0,0.7,14,107.6,"1476",0,7,7,9,11,35.2,488,鹿戸明,栗,0,09104309,01080,00368,1013121006,レジェンド,山口修二,ストラヴィンスキー,サザンクロスビコー,アーミジャー,鹿毛,090320,  186.2,  ,    ,52.8
13,02,10,1,小倉,2,10,小倉城特500,23,芝,0,1800,良,ダイシンハンター  ,牡,4,北村友一,56.0,14,07,14,14,0,1.2,4,108.1,"1481",0,4,4,4,7,36,492,松田博資,栗,0,09106491,01102,00348,1013121007,大八木信行,社台コーポレーショ,ネオユニヴァース,ダイシンパーティー,ブライアンズタイム,鹿毛,090115,    8.8,  ,    ,50.1
13,02,10,1,小倉,2,10,小倉城特500,23,芝,0,1800,良,マイネルスパーブ  ,牡,4,大野拓弥,56.0,14,08,9,9,0,0.7,7,107.6,"1476",0,4,4,8,7,35.4,462,小笠倫弘,美,0,09104661,01096,01076,1013121008,サラブレッドクラブ,コスモヴューファー,アドマイヤコジーン,マイネサンサン,スペシャルウィーク,鹿毛,090205,   12.7,  ,    ,52.0
13,02,10,1,小倉,2,10,小倉城特500,23,芝,0,1800,良,トウカイクオーレ  ,牡,4,勝浦正樹,56.0,14,09,12,12,0,0.9,10,107.8,"1478",0,2,2,2,2,35.9,456,栗田博憲,美,0,09100292,01025,00341,1013121009,内村正則,岡部牧場,ハーツクライ,ボブズディレンマ,"Mr. Prospector",鹿毛,090426,   21.9,  ,    ,50.1
13,02,10,1,小倉,2,10,小倉城特500,23,芝,0,1800,良,カシノスターライト,牝,6,二本柳壮,55.0,14,10,10,10,0,0.7,11,107.6,"1476",0,7,10,4,3,35.5,504,二本柳俊,美,0,07106620,01049,00370,1013121010,柏木務,中村農場,マーベラスサンデー,センシュートレジャ,ミホシンザン,鹿毛,070528,   45.5,  ,    ,51.5
13,02,10,1,小倉,2,10,小倉城特500,23,芝,0,1800,良,メイショウリョウマ,牡,5,菱田裕二,57.0,14,11,7,7,0,0.6,8,107.5,"1475",0,7,7,4,3,35.4,524,岡田稲男,栗,0,08102671,01144,01066,1013121011,松本好雄,社台コーポレーショ,ダンスインザダーク,ジョリブロンド,トニービン,黒鹿,080328,   16.3,  ,    ,51.8
13,02,10,1,小倉,2,10,小倉城特500,23,芝,0,1800,良,スズカアンペール  ,牡,5,松山弘平,57.0,14,12,6,6,0,0.5,3,107.4,"1474",0,12,12,14,14,34.6,452,武宏平,栗,0,08102322,01126,00221,1013121012,永井啓弍,新井牧場,ロイヤルスズカ,スズカアンゼラ,ブラックタイアフェアー,鹿毛,080427,    5.6,  ,    ,55.2
13,02,10,1,小倉,2,10,小倉城特500,23,芝,0,1800,良,ソールデスタン    ,牡,6,黛弘人,57.0,14,13,1,1,0,-0.1,9,106.9,"1469",0,12,14,12,11,34.3,456,奥平雅士,美,880,07106424,01109,01074,1013121013,前川企画,鎌田正嗣,アドマイヤドン,レッツビギン,パドスール,鹿毛,070304,   19.0,  ,    ,55.8
13,02,10,1,小倉,2,10,小倉城特500,23,芝,0,1800,良,シルクフラッシュ  ,牡,5,和田竜二,57.0,14,14,13,13,0,1,5,107.9,"1479",0,3,2,3,3,35.9,470,田島良保,栗,0,08104705,01018,00416,1013121014,シルクレーシング,中村農場,ジャングルポケット,シルキーウィズ,エンドスウィープ,芦毛,080505,    9.3,  ,    ,50.3
13,02,10,1,小倉,2,11,北九州Ｈ1600,67,ダ,1,1700,稍,キングブレイク    ,牡,4,大野拓弥,56.0,16,01,4,4,0,0.7,2,103.9,"1439",0,9,9,10,8,36.9,510,羽月友彦,栗,240,09101274,01096,01091,1013121101,阿部東亜子,バンブー牧場,キングカメハメハ,トロピカルナイト,サンデーサイレンス,栗毛,090218,    8.8,  ,    ,49.0
13,02,10,1,小倉,2,11,北九州Ｈ1600,67,ダ,1,1700,稍,パルラメンターレ  ,牡,6,上村洋行,55.0,16,02,8,8,0,1.7,12,104.9,"1449",0,1,1,1,2,38.9,480,池江泰寿,栗,0,07110023,00709,01071,1013121102,藤田孟司,"Takeshi Fujita","Empire Maker","Knight Prospector","Native Prospector",鹿毛,070410,  102.9,  ,    ,42.5
13,02,10,1,小倉,2,11,北九州Ｈ1600,67,ダ,1,1700,稍,エスジーブルーム  ,牝,4,中舘英二,52.0,16,03,12,12,0,2.3,8,105.5,"1455",0,3,4,4,4,39,470,藤岡範士,栗,0,09100575,00635,00289,1013121103,竹下千亜子,辻牧場,アフリート,エスジービアンカ,マルゼンスキー,鹿毛,090327,   20.8,  ,    ,43.0
13,02,10,1,小倉,2,11,北九州Ｈ1600,67,ダ,1,1700,稍,アッシュール      ,牡,6,丸田恭介,52.0,16,04,7,7,0,1.1,13,104.3,"1443",0,15,15,14,9,36.9,478,沖芳夫,栗,0,07104614,01117,00378,1013121104,吉田勝己,富本茂喜,スペシャルウィーク,アタラマ,"Sadler's Wells",鹿毛,070316,  109.5,  ,    ,49.6
13,02,10,1,小倉,2,11,北九州Ｈ1600,67,ダ,1,1700,稍,バトードール      ,牡,6,北村友一,57.0,16,05,3,3,0,0.5,4,103.7,"1437",0,9,8,6,4,37,520,池江泰寿,栗,400,07103290,01102,01071,1013121105,キャロットファーム,ノーザンファーム,クロフネ,ビスクドール,サンデーサイレンス,栗毛,070217,   16.6,  ,    ,48.3
13,02,10,1,小倉,2,11,北九州Ｈ1600,67,ダ,1,1700,稍,キラウエア        ,牡,6,川須栄彦,56.0,16,06,5,5,0,0.8,3,104,"1440",0,7,7,6,7,37.3,460,橋口弘次,栗,158,07103169,01128,00343,1013121106,金子真人ホールディ,ノーザンファーム,キングカメハメハ,クロウキャニオン,フレンチデピュティ,黒鹿,070220,   12.9,  ,    ,47.5
13,02,10,1,小倉,2,11,北九州Ｈ1600,67,ダ,1,1700,稍,ジョウノボヘミアン,牡,7,西田雄一,54.0,16,07,11,11,0,2.1,15,105.3,"1453",0,16,15,14,14,38,496,加藤征弘,美,0,06105442,01004,01059,1013121107,小川義勝,三城牧場,シンボリクリスエス,クリヴィア,トニービン,鹿毛,060514,  248.1,  ,    ,46.6
13,02,10,1,小倉,2,11,北九州Ｈ1600,67,ダ,1,1700,稍,ジョヴァンニ      ,牡,4,四位洋文,56.5,16,08,1,1,0,-0.2,1,103.2,"1432",0,3,3,2,1,37.1,514,千田輝彦,栗,1580,09102625,00700,01120,1013121108,H.H.シェイク・モハ,ダーレー・ジャパン,アドマイヤムーン,オータムメロディー,Kingmambo,栗毛,090510,    1.5,  ,    ,47.2
13,02,10,1,小倉,2,11,北九州Ｈ1600,67,ダ,1,1700,稍,ミッキーバラード  ,牡,6,鮫島良太,54.0,16,09,10,10,0,2.1,11,105.3,"1453",0,9,11,13,12,38.1,548,高野友和,栗,0,07103624,01099,01117,1013121109,野田みづき,下屋敷牧場,"Fusaichi Pegasus",セイントリースカウト,"Saint Ballado",鹿毛,070201,   89.2,  ,    ,46.2
13,02,10,1,小倉,2,11,北九州Ｈ1600,67,ダ,1,1700,稍,ライジングサン    ,牡,5,松山弘平,55.0,16,10,9,9,0,1.8,5,105,"1450",0,5,5,4,4,38.5,522,小野幸治,栗,0,08103425,01126,00350,1013121110,名古屋友豊,大平牧場,アドマイヤジャパン,テンタシオン,エリシオ,栗毛,080422,   16.7,  ,    ,44.2
13,02,10,1,小倉,2,11,北九州Ｈ1600,67,ダ,1,1700,稍,ジョーメテオ      ,牡,7,菱田裕二,55.0,16,11,2,2,0,0.2,10,103.4,"1434",0,12,11,6,3,36.8,514,柴田光陽,栗,630,06101140,01144,00400,1013121111,上田けい子,田中裕之,ネオユニヴァース,ジョーセクレタリー,トニービン,鹿毛,060328,   44.8,  ,    ,48.7
13,02,10,1,小倉,2,11,北九州Ｈ1600,67,ダ,1,1700,稍,メタギャラクシー  ,牡,6,松田大作,55.0,16,12,6,6,0,1,7,104.2,"1442",0,14,14,14,12,36.8,490,領家政蔵,栗,0,07100284,01030,00345,1013121112,ヒダカ・ブリーダー,グランド牧場,ネオユニヴァース,ヨシファンタジア,アフリート,鹿毛,070423,   19.5,  ,    ,49.9
13,02,10,1,小倉,2,11,北九州Ｈ1600,67,ダ,1,1700,稍,ダノンハラショー  ,牡,6,中井裕二,53.0,16,13,15,15,0,4.2,16,107.4,"1474",0,5,5,6,16,40.7,470,松田国英,栗,0,07103211,01141,01011,1013121113,ダノックス,ノーザンファーム,タニノギムレット,ジュピターズジャズ,サンデーサイレンス,栗毛,070427,  376.8,  ,    ,39.4
13,02,10,1,小倉,2,11,北九州Ｈ1600,67,ダ,1,1700,稍,ママキジャ        ,牝,5,勝浦正樹,53.0,16,14,14,14,0,2.5,9,105.7,"1457",0,8,9,10,14,38.8,450,清水久詞,栗,0,08104580,01025,01110,1013121114,北所直人,隆栄牧場,ストラヴィンスキー,サヤカ,"A.P. Indy",芦毛,080503,   33.1,  ,    ,44.0
13,02,10,1,小倉,2,11,北九州Ｈ1600,67,ダ,1,1700,稍,セブンサミッツ    ,牡,7,国分優作,55.0,16,15,13,13,0,2.4,14,105.6,"1456",0,12,11,12,9,38.5,516,石坂正,栗,0,06102849,01125,01022,1013121115,社台レースホース,社台コーポレーショ,フジキセキ,マキシマムデニール,ノーザンテースト,栗毛,060510,  199.0,  ,    ,45.1
13,02,10,1,小倉,2,11,北九州Ｈ1600,67,ダ,1,1700,稍,スターバリオン    ,牡,4,藤岡康太,55.0,16,16,16,16,0,4.3,6,107.5,"1475",0,2,2,3,9,41.2,496,藤岡健一,栗,0,09102303,01116,01062,1013121116,幅田昌伸,カネツ牧場,ゴールドアリュール,カネツプリンセス,サクラバクシンオー,芦毛,090319,   17.4,  ,    ,37.8
13,02,10,1,小倉,2,12,紫川特別1000,43,芝,0,1200,良,ミヤジエムジェイ  ,牡,5,和田竜二,57.0,17,01,5,5,0,0.8,1,68.2,"1082",0,0,0,1,1,35.2,500,岩元市三,栗,128,08102293,01018,00397,1013121201,曽我司,村中牧場,キングカメハメハ,ミヤジプロスパー,マルゼンスキー,鹿毛,080318,    1.9,  ,    ,43.8
13,02,10,1,小倉,2,12,紫川特別1000,43,芝,0,1200,良,タマモコントラバス,牡,6,松田大作,57.0,17,02,3,3,0,0.8,4,68.2,"1082",0,0,0,8,8,34.3,466,池添兼雄,栗,320,07106560,01030,01021,1013121202,タマモ,前田牧場,フジキセキ,ヒナゲシ,サクラユタカオー,黒鹿,070225,   11.7,  ,    ,48.8
13,02,10,1,小倉,2,12,紫川特別1000,43,芝,0,1200,良,タイセイジーニアス,牡,5,丸田恭介,57.0,17,03,7,7,0,1,13,68.4,"1084",0,0,0,13,16,34.1,474,宮本博,栗,0,08100219,01117,01073,1013121203,田中成奉,カントリー牧場,タニノギムレット,タニノジャドール,サンデーサイレンス,黒鹿,080311,   64.5,  ,    ,50.6
13,02,10,1,小倉,2,12,紫川特別1000,43,芝,0,1200,良,メイショウヒデタダ,牡,4,川島信二,57.0,17,04,8,8,0,1.1,9,68.5,"1085",0,0,0,10,10,34.4,472,南井克巳,栗,0,09100967,01062,01049,1013121204,松本好雄,王蔵牧場,メイショウボーラー,メイショウサマンサ,キンググローリアス,黒鹿,090312,   30.9,  ,    ,49.1
13,02,10,1,小倉,2,12,紫川特別1000,43,芝,0,1200,良,コスモアクセス    ,牝,4,丹内祐次,55.0,17,05,9,9,0,1.1,15,68.5,"1085",0,0,0,13,12,34.2,452,田島俊明,美,0,09105141,01091,01112,1013121205,ビッグレッドファー,ビッグレッドファー,ロージズインメイ,コスモスカイライン,グラスワンダー,栗毛,090413,   97.5,  ,    ,50.3
13,02,10,1,小倉,2,12,紫川特別1000,43,芝,0,1200,良,タニマサホーク    ,牡,6,勝浦正樹,57.0,17,06,12,12,0,1.1,7,68.5,"1085",0,0,0,10,12,34.4,508,栗田博憲,美,0,07106781,01025,00341,1013121206,谷研司,多田正弘,ブラックホーク,ニューブレハット,イブンベイ,鹿毛,070423,   22.3,  ,    ,49.1
13,02,10,1,小倉,2,12,紫川特別1000,43,芝,0,1200,良,パープルタイガー  ,牡,4,黛弘人,57.0,17,07,17,17,0,1.7,17,69.1,"1091",0,0,0,4,3,35.6,474,鈴木孝志,栗,0,09100135,01109,01111,1013121207,中野銀十,山本和彦,クリストワイニング,ドア,フジキセキ,栗毛,090512,  132.3,  ,    ,44.1
13,02,10,1,小倉,2,12,紫川特別1000,43,芝,0,1200,良,フレデフォート    ,牡,6,大野拓弥,57.0,17,08,4,4,0,0.8,8,68.2,"1082",0,0,0,17,17,33.5,452,安田隆行,栗,190,07110124,01096,00438,1013121208,キャロットファーム,"Barree Stud",Dubawi,"Perfect Promise",Caesour,鹿毛,070906,   24.4,  ,    ,53.6
13,02,10,1,小倉,2,12,紫川特別1000,43,芝,0,1200,良,オメガセニョリーナ,牝,4,松山弘平,55.0,17,09,11,11,0,1.1,3,68.5,"1085",0,0,0,3,3,35.1,478,松永幹夫,栗,0,09105814,01126,01092,1013121209,原礼子,社台ファーム,アグネスタキオン,ショーコ,Efisio,鹿毛,090320,   11.7,  ,    ,45.2
13,02,10,1,小倉,2,12,紫川特別1000,43,芝,0,1200,良,メイショウローラン,牡,8,鮫島良太,57.0,17,10,14,14,0,1.2,14,68.6,"1086",0,0,0,16,14,34.2,468,飯田明弘,栗,0,05105814,01099,00389,1013121210,松本和子,磯野牧場,メイショウオウドウ,プリンセスロード,トウシヨウボーイ,鹿毛,050515,   97.2,  ,    ,50.6
13,02,10,1,小倉,2,12,紫川特別1000,43,芝,0,1200,良,シエラデルタ      ,牡,6,国分優作,57.0,17,11,13,13,0,1.2,12,68.6,"1086",0,0,0,8,8,34.8,460,野中賢二,栗,0,07105605,01125,01098,1013121211,山上和良,白井牧場,フサイチコンコルド,レモングラス,サクラユタカオー,黒鹿,070322,   63.2,  ,    ,47.1
13,02,10,1,小倉,2,12,紫川特別1000,43,芝,0,1200,良,サンデージョウ    ,牝,6,中舘英二,55.0,17,12,10,10,0,1.1,11,68.5,"1085",0,0,0,6,6,34.8,498,岡田稲男,栗,0,07104582,00635,01066,1013121212,河内孝夫,対馬正,グラスワンダー,イシノクイル,サンデーサイレンス,青毛,070502,   56.6,  ,    ,46.8
13,02,10,1,小倉,2,12,紫川特別1000,43,芝,0,1200,良,アルベルトバローズ,牡,4,四位洋文,57.0,17,13,6,6,0,0.8,2,68.2,"1082",0,0,0,6,6,34.5,492,清水久詞,栗,0,09104586,00700,01110,1013121213,猪熊広次,川島牧場,ディクタット,ダムドコンパニー,Kingmambo,鹿毛,090401,    5.4,  ,    ,47.7
13,02,10,1,小倉,2,12,紫川特別1000,43,芝,0,1200,良,ピサノベッテル    ,牝,4,丸山元気,55.0,17,14,15,15,0,1.5,10,68.9,"1089",0,0,0,13,14,34.6,444,安達昭夫,栗,0,09104149,01127,01042,1013121214,市川義美ホールディ,フジワラフアーム,クロフネ,ダイヤモンドピサ,サンデーサイレンス,黒鹿,090129,   46.4,  ,    ,49.1
13,02,10,1,小倉,2,12,紫川特別1000,43,芝,0,1200,良,キタサンエピソード,牡,4,北村友一,57.0,17,15,2,2,0,0.7,6,68.1,"1081",0,0,0,2,2,35.1,492,橋口弘次,栗,510,09104832,01102,00343,1013121215,大野商事,大栄牧場,フジキセキ,キタサンメッセージ,キングヘイロー,栗毛,090405,   14.9,  ,    ,44.0
13,02,10,1,小倉,2,12,紫川特別1000,43,芝,0,1200,良,ジークジオン      ,牡,4,川須栄彦,57.0,17,16,16,16,0,1.6,16,69,"1090",0,0,0,10,11,34.9,470,加用正,栗,0,09101396,01128,00425,1013121216,幅田昌伸,猪野毛牧場,タニノギムレット,ウインクルアーリー,"Thunder Gulch",栗毛,090313,  112.3,  ,    ,47.7
13,02,10,1,小倉,2,12,紫川特別1000,43,芝,0,1200,良,アルーリングライフ,牝,6,菱田裕二,55.0,17,17,1,1,0,-0.7,5,67.4,"1074",0,0,0,4,3,33.9,496,野村彰彦,栗,1280,07102995,01144,00375,1013121217,社台レースホース,社台コーポレーショ,フレンチデピュティ,アルーリングアクト,"End Sweep",鹿毛,070316,   12.4,  ,    ,48.8
13,02,16,1,小倉,3,01,未勝利,7,ダ,1,1000,重,シアージュ        ,牝,3,松山弘平,54.0,14,01,7,7,0,1.7,5,60.6,"1006",0,0,0,4,4,36.9,438,和田正道,美,0,10110073,01126,00353,1013130101,前田幸治,"Foxborough Farm et","Raven's Pass",Dancesowell,"Sadler's Wells",黒鹿,100205,    8.6,  ,    ,46.3
13,02,16,1,小倉,3,01,未勝利,7,ダ,1,1000,重,ジョウショーレディ,牝,3,勝浦正樹,54.0,14,02,8,8,0,1.8,12,60.7,"1007",0,0,0,12,9,36.1,418,西橋豊治,栗,0,10106485,01025,00434,1013130102,熊田義孝,豊田田村牧場,ファルブラヴ,シャイニングレディ,アスワン,鹿毛,100508,  173.8,  ,    ,52.2
13,02,16,1,小倉,3,01,未勝利,7,ダ,1,1000,重,ベルウッドシーマ  ,牡,3,西村太一,54.0,14,03,1,1,0,-0.1,6,58.9,"0589",0,0,0,8,5,34.9,502,二ノ宮敬,美,500,10105190,01131,00409,1013130103,鈴木照雄,ミリオンファーム,タイキシャトル,グロウリボン,グロウ,黒鹿,100220,   11.1,  ,    ,53.2
13,02,16,1,小倉,3,01,未勝利,7,ダ,1,1000,重,メイショウラムダ  ,牡,3,菱田裕二,54.0,14,04,4,4,0,0.5,4,59.4,"0594",0,0,0,2,2,36,448,高橋義忠,栗,75,10104577,01144,01129,1013130104,松本好隆,赤田牧場,メイショウボーラー,メイショウシーカー,シンボリクリスエス,黒鹿,100410,    7.3,  ,    ,47.5
13,02,16,1,小倉,3,01,未勝利,7,ダ,1,1000,重,デンポウ          ,牝,3,二本柳壮,54.0,14,05,11,11,0,1.9,13,60.8,"1008",0,0,0,12,12,36.2,378,嶋田潤,美,0,10101826,01049,00401,1013130105,村田滋,様似堀牧場,スウェプトオーヴァーボード,アナタモハッピー,"Silver Hawk",芦毛,100216,  219.3,  ,    ,51.9
13,02,16,1,小倉,3,01,未勝利,7,ダ,1,1000,重,レモンスカッシュ  ,牝,3,菅原隆一,51.0,14,06,10,10,0,1.9,10,60.8,"1008",0,0,0,10,9,36.3,414,大根田裕,栗,0,10106003,01129,01032,1013130106,ロイヤルパーク,北星村田牧場,アルデバラン2,アンブレラ,サンデーサイレンス,栗毛,100218,  157.0,  ,    ,51.2
13,02,16,1,小倉,3,01,未勝利,7,ダ,1,1000,重,ドラゴンオサム    ,牡,3,中井裕二,53.0,14,07,5,5,0,1.3,2,60.2,"1002",0,0,0,3,5,36.6,560,山内研二,栗,50,10103393,01141,00388,1013130107,大久保和夫,三木田牧場,クロフネ,リンガスマドンナ,トウシヨウボーイ,鹿毛,100506,    3.8,  ,    ,46.7
13,02,16,1,小倉,3,01,未勝利,7,ダ,1,1000,重,ダイメイチャーム  ,牝,3,西田雄一,54.0,14,08,9,9,0,1.9,14,60.8,"1008",0,0,0,9,9,36.4,466,本間忍,美,0,10103468,01004,01056,1013130108,宮本孝一,池本久志,シルバーチャーム,インカブレイブ,アメリカンボス,鹿毛,100410,  299.4,  ,    ,50.5
13,02,16,1,小倉,3,01,未勝利,7,ダ,1,1000,重,シゲルアクエリアス,牡,3,北村友一,56.0,14,09,12,12,0,2.1,9,61,"1010",0,0,0,4,8,37.2,506,加藤敬二,栗,0,10110116,01102,00379,1013130109,森中蕃,Lambholm,Pomeroy,Recapture,"Put It Back",鹿毛,100415,   36.4,  ,    ,46.0
13,02,16,1,小倉,3,01,未勝利,7,ダ,1,1000,重,マルカイーグル    ,牝,3,長岡禎仁,51.0,14,10,13,13,0,2.2,11,61.1,"1011",0,0,0,14,14,36.2,430,武宏平,栗,0,10101685,01142,00221,1013130110,原口輝昭,三石ファーム,イーグルカフェ,マルカハマナス,サクラチトセオー,鹿毛,100307,  166.2,  ,    ,53.2
13,02,16,1,小倉,3,01,未勝利,7,ダ,1,1000,重,トドロック        ,牡,3,黛弘人,56.0,14,11,2,2,0,0.1,1,59,"0590",0,0,0,4,3,35.3,484,奥平雅士,美,200,10105413,01109,01074,1013130111,山岸桂市,川島牧場,ファスリエフ,テイクオンミー,サンデーサイレンス,鹿毛,100320,    3.3,  ,    ,50.7
13,02,16,1,小倉,3,01,未勝利,7,ダ,1,1000,重,アイティコスモス  ,牝,3,丹内祐次,54.0,14,12,6,6,0,1.5,7,60.4,"1004",0,0,0,4,7,36.7,418,矢野照正,美,0,10103529,01091,00364,1013130112,一ノ瀬恭,貞広賢治,スウェプトオーヴァーボード,ビビディバビディブ,スペシャルウィーク,黒鹿,100515,   15.3,  ,    ,46.9
13,02,16,1,小倉,3,01,未勝利,7,ダ,1,1000,重,エリモフェザー    ,牝,3,松田大作,54.0,14,13,3,3,0,0.2,3,59.1,"0591",0,0,0,1,1,35.7,412,中野栄治,美,130,10101787,01030,01010,1013130113,山本慎一,エクセルマネジメン,シニスターミニスター,リトルマーメード,トワイニング,栗毛,100313,    5.4,  ,    ,48.3
13,02,16,1,小倉,3,01,未勝利,7,ダ,1,1000,重,スワッガー        ,牡,3,丸山元気,56.0,14,14,14,14,0,3,8,61.9,"1019",0,0,0,10,12,37.4,482,土田稔,美,0,10101450,01127,00417,1013130114,日下部勝徳,土田和男,ボストンハーバー,タイキシュガー,"Distant View",鹿毛,100503,   23.9,  ,    ,48.3
13,02,16,1,小倉,3,02,未勝利・牝,7,ダ,1,1700,重,ワンダフルムーン  ,牝,3,鮫島良太,54.0,16,01,12,12,0,2.6,13,108.8,"1488",0,9,7,9,8,38.7,440,加用正,栗,0,10104847,01099,00425,1013130201,ターフ・スポート,笹地牧場,アドマイヤムーン,ラパシオン,ノーザンテースト,栗毛,100330,  106.0,  ,    ,48.8
13,02,16,1,小倉,3,02,未勝利・牝,7,ダ,1,1700,重,サンミッシェル    ,牝,3,柴山雄一,54.0,16,02,5,5,0,1.5,14,107.7,"1477",0,3,3,4,3,38.1,430,田島良保,栗,50,10105127,05243,00416,1013130202,武田茂男,まるとみ冨岡牧場,ジャイアントレッカー,レッドシャトル,タイキシャトル,栗毛,100323,  121.0,  ,    ,49.6
13,02,16,1,小倉,3,02,未勝利・牝,7,ダ,1,1700,重,アクメバイオ      ,牝,3,荻野琢真,54.0,16,03,10,10,0,1.9,12,108.1,"1481",0,13,13,14,12,37.6,468,梅田智之,栗,0,10104133,01112,01084,1013130203,バイオ,ノーザンファーム,ネオユニヴァース,サンチェッス,Wolfhound,鹿毛,100222,   56.5,  ,    ,52.3
13,02,16,1,小倉,3,02,未勝利・牝,7,ダ,1,1700,重,エーシンウェンディ,牝,3,丸山元気,54.0,16,04,1,1,0,-0.6,2,106.2,"1462",0,1,1,1,1,36.9,468,川村禎彦,栗,500,10102342,01127,01003,1013130204,栄進堂,吉田ファーム,ネオユニヴァース,ワイオミングガール,Supremo,栗毛,100326,    3.7,  ,    ,52.4
13,02,16,1,小倉,3,02,未勝利・牝,7,ダ,1,1700,重,ソフトライム      ,牝,3,大野拓弥,54.0,16,05,7,7,0,1.6,9,107.8,"1478",0,5,3,4,5,38.1,460,伊藤圭三,美,0,10103668,01096,01023,1013130205,吉田照哉,社台ファーム,フジキセキ,アスピリンスノー,エルコンドルパサー,黒鹿,100225,   26.0,  ,    ,49.8
13,02,16,1,小倉,3,02,未勝利・牝,7,ダ,1,1700,重,サマニトップレディ,牝,3,北村友一,54.0,16,06,2,2,0,0.6,4,106.8,"1468",0,2,2,2,2,37.4,440,加藤敬二,栗,200,10101830,01102,00379,1013130206,渡辺牧場,様似渡辺牧場,アグネスタキオン,クリームパフ,ブライアンズタイム,鹿毛,100327,    9.0,  ,    ,51.2
13,02,16,1,小倉,3,02,未勝利・牝,7,ダ,1,1700,重,ブレイヴフィート  ,牝,3,松田大作,54.0,16,07,4,4,0,1.4,5,107.6,"1476",0,7,7,7,7,37.8,416,矢作芳人,栗,75,10100464,01030,01075,1013130207,下河邉行雄,下河辺牧場,キングカメハメハ,グローバルフィート,アグネスタキオン,鹿毛,100401,   11.8,  ,    ,50.7
13,02,16,1,小倉,3,02,未勝利・牝,7,ダ,1,1700,重,ワイングラス      ,牝,3,中井裕二,51.0,16,08,13,13,0,2.8,10,109,"1490",0,9,9,13,12,38.7,450,加用正,栗,0,10106282,01141,00425,1013130208,猪野毛雅人,猪野毛牧場,スペシャルウィーク,ウインクルアーリー,"Thunder Gulch",栗毛,100310,   27.3,  ,    ,49.1
13,02,16,1,小倉,3,02,未勝利・牝,7,ダ,1,1700,重,メモリーロワジール,牝,3,古川吉洋,54.0,16,09,6,6,0,1.6,3,107.8,"1478",0,15,14,11,8,37.6,482,武田博,栗,0,10104920,01015,00224,1013130209,シンザンクラブ,谷川牧場,アグネスタキオン,シルカズギフト,"Cadeaux Genereux",栗毛,100406,    6.1,  ,    ,51.8
13,02,16,1,小倉,3,02,未勝利・牝,7,ダ,1,1700,重,ケンブリッジアトナ,牝,3,西田雄一,54.0,16,10,14,14,0,3,16,109.2,"1492",0,12,11,11,8,39,416,星野忍,美,0,10106287,01004,01030,1013130210,中西宏彰,ケンブリッジバレー,ヤマニンセラフィム,ケンチャメワン,ミシエロ,栗毛,100419,  264.7,  ,    ,48.2
13,02,16,1,小倉,3,02,未勝利・牝,7,ダ,1,1700,重,ディアリヴァル    ,牝,3,勝浦正樹,54.0,16,11,11,11,0,2.3,6,108.5,"1485",0,9,12,8,8,38.5,458,水野貴広,美,0,10102927,01025,01094,1013130211,ディアレスト,大典牧場,デュランダル,サムタイム,ブライアンズタイム,青鹿,100318,   11.8,  ,    ,49.2
13,02,16,1,小倉,3,02,未勝利・牝,7,ダ,1,1700,重,メイショウブリエ  ,牝,3,菱田裕二,52.0,16,12,3,3,0,1.1,1,107.3,"1473",0,3,3,2,3,37.9,418,本田優,栗,130,10104854,01144,01099,1013130212,松本好雄,松栄牧場,タイキシャトル,メイショウラメール,ジョリーズヘイロー,鹿毛,100214,    3.6,  ,    ,49.9
13,02,16,1,小倉,3,02,未勝利・牝,7,ダ,1,1700,重,テイエムメデル    ,牝,3,松山弘平,54.0,16,13,8,8,0,1.7,8,107.9,"1479",0,5,3,4,5,38.3,438,鈴木孝志,栗,0,10101264,01126,01111,1013130213,竹園正繼,沖田博志,ネオユニヴァース,ポルベニル,"Green Desert",黒鹿,100503,   21.4,  ,    ,49.1
13,02,16,1,小倉,3,02,未勝利・牝,7,ダ,1,1700,重,エリモグラマー    ,牝,3,長岡禎仁,51.0,16,14,9,9,0,1.7,15,107.9,"1479",0,16,16,15,15,37,470,清水久詞,栗,0,10101776,01142,01110,1013130214,山本敏晴,エクセルマネジメン,ジャングルポケット,エリモフィナーレ,サンデーサイレンス,鹿毛,100428,  256.0,  ,    ,54.5
13,02,16,1,小倉,3,02,未勝利・牝,7,ダ,1,1700,重,レッドヴィヴィアン,牝,3,川須栄彦,54.0,16,15,16,16,0,4,7,110.2,"1502",0,13,14,15,16,39.4,416,平田修,栗,0,10104027,01128,01082,1013130215,東京ホースレーシン,ノーザンファーム,キングカメハメハ,アドマイヤリッチ,サンデーサイレンス,黒鹿,100210,   16.1,  ,    ,48.0
13,02,16,1,小倉,3,02,未勝利・牝,7,ダ,1,1700,重,レッツグルーヴ    ,牝,3,宮崎北斗,54.0,16,16,15,15,0,3.5,11,109.7,"1497",0,7,9,9,14,39.6,480,武藤善則,美,0,10103877,01118,01064,1013130216,グリーンファーム,社台ファーム,フレンチデピュティ,フィールグルービー,トニービン,栗毛,100427,   27.8,  ,    ,46.6
13,02,16,1,小倉,3,03,未勝利,7,芝,0,1200,良,アルジャン        ,牡,3,松田大作,56.0,18,01,5,5,0,0.6,12,69.8,"1098",0,0,0,8,8,35.1,420,昆貢,栗,50,10106122,01030,01044,1013130301,エーティー,村田牧場,ネオユニヴァース,メジェール,"Tabasco Cat",鹿毛,100318,   38.8,  ,    ,48.9
13,02,16,1,小倉,3,03,未勝利,7,芝,0,1200,良,マジシャンズレッド,牡,3,大庭和弥,56.0,18,02,9,9,0,0.8,7,70,"1100",0,0,0,2,2,35.7,464,高橋裕,美,0,10100225,01061,00412,1013130302,北所直人,永村侑,スターリングローズ,ダーリンキスミー,フォーティナイナー,栗毛,100403,   21.3,  ,    ,46.1
13,02,16,1,小倉,3,03,未勝利,7,芝,0,1200,良,トシファイブスター,牡,3,北村友一,56.0,18,03,2,2,0,0.3,3,69.5,"1095",0,0,0,16,14,34.1,440,飯田雄三,栗,200,10102124,01102,01050,1013130303,田畑利彦,鮫川啓一,フジキセキ,ゴールドグレース,エリシオ,黒鹿,100418,    7.3,  ,    ,53.8
13,02,16,1,小倉,3,03,未勝利,7,芝,0,1200,良,エムエフフラワー  ,牝,3,松山弘平,54.0,18,04,13,13,0,1.2,4,70.4,"1104",0,0,0,8,8,35.6,496,和田正道,美,0,10102211,01126,00353,1013130304,和田牧場,中村雅明,ルールオブロー,ヒシフラワー,フジキセキ,青鹿,100321,    7.9,  ,    ,47.8
13,02,16,1,小倉,3,03,未勝利,7,芝,0,1200,良,エクスブルグ      ,牡,3,菱田裕二,54.0,18,05,8,8,0,0.7,2,69.9,"1099",0,0,0,14,15,34.6,466,西園正都,栗,0,10102840,01144,01028,1013130305,前原敏行,タイヘイ牧場,サクラバクシンオー,サニーサイド,コマンダーインチーフ,鹿毛,100226,    7.2,  ,    ,52.0
13,02,16,1,小倉,3,03,未勝利,7,芝,0,1200,良,アグランディール  ,牝,3,西村太一,52.0,18,06,6,6,0,0.6,16,69.8,"1098",0,0,0,5,5,35.3,414,新開幸一,美,0,10104833,01131,01116,1013130306,SKYホース組合,佐々木恵一,ブラックタイド,ミスベイブリッジ,ラシアンルーブル,鹿毛,100421,   72.2,  ,    ,47.7
13,02,16,1,小倉,3,03,未勝利,7,芝,0,1200,良,メイショウソウイン,牡,3,川須栄彦,56.0,18,07,7,7,0,0.7,1,69.9,"1099",0,0,0,8,8,35.2,438,牧浦充徳,栗,0,10106491,01128,01113,1013130307,松本好雄,赤田牧場,ハーツクライ,レディーデイ,タイキシャトル,鹿毛,100213,    2.5,  ,    ,48.6
13,02,16,1,小倉,3,03,未勝利,7,芝,0,1200,良,ドニゼッティ      ,牡,3,勝浦正樹,56.0,18,08,12,12,0,1,11,70.2,"1102",0,0,0,11,12,35.2,440,西浦勝一,栗,0,10100648,01025,01016,1013130308,H.H.シェイク・ハム,ダーレー・ジャパン,Bernstein,ギフトオブソング,"Unbridled's Song",鹿毛,100213,   33.8,  ,    ,49.4
13,02,16,1,小倉,3,03,未勝利,7,芝,0,1200,良,アンスーリール    ,牝,3,横山和生,51.0,18,09,11,11,0,1,17,70.2,"1102",0,0,0,14,15,34.9,424,国枝栄,美,0,10103484,01140,00399,1013130309,ヒダカ・ブリーダー,上水牧場,タニノギムレット,シーセモア,サンデーサイレンス,鹿毛,100309,   76.6,  ,    ,51.1
13,02,16,1,小倉,3,03,未勝利,7,芝,0,1200,良,ラジアントカット  ,牡,3,藤岡康太,56.0,18,10,15,15,0,1.4,9,70.6,"1106",0,0,0,5,5,36.1,466,中竹和也,栗,0,10103912,01116,01039,1013130310,G1レーシング,社台ファーム,ロージズインメイ,プリンセスカット,トニービン,栗毛,100305,   24.7,  ,    ,45.6
13,02,16,1,小倉,3,03,未勝利,7,芝,0,1200,良,ハギノエルドラド  ,牡,3,中井裕二,53.0,18,11,10,10,0,1,8,70.2,"1102",0,0,0,16,17,34.8,434,松田国英,栗,0,10102146,01141,01011,1013130311,安岡美津子,大成牧場,キングカメハメハ,ハギノポンパドール,クロフネ,鹿毛,100314,   23.1,  ,    ,51.7
13,02,16,1,小倉,3,03,未勝利,7,芝,0,1200,良,コスモチャペル    ,牡,3,丹内祐次,56.0,18,12,1,1,0,-0.3,5,69.2,"1092",0,0,0,11,5,34.2,472,池上昌弘,美,500,10106437,01091,00390,1013130312,ビッグレッドファー,赤田牧場,スタチューオブリバティ,タイキチャペル,フジキセキ,鹿毛,100512,   13.2,  ,    ,52.3
13,02,16,1,小倉,3,03,未勝利,7,芝,0,1200,良,レディーピンク    ,牝,3,長岡禎仁,51.0,18,13,16,16,0,1.5,13,70.7,"1107",0,0,0,2,2,36.5,426,伊藤正徳,美,0,10103203,01142,00383,1013130313,小林博雄,原達也,シニスターミニスター,ワイルドピンク,タイキシャトル,鹿毛,100311,   39.3,  ,    ,43.7
13,02,16,1,小倉,3,03,未勝利,7,芝,0,1200,良,ダイキチサブロウ  ,牡,3,大野拓弥,56.0,18,14,17,17,0,1.6,10,70.8,"1108",0,0,0,11,12,35.8,456,武市康男,美,0,10101216,01096,01089,1013130314,西村新一郎,乾皆雄,ファンタスティックライト,ダイキチムスメ,タイキブリザード,栗毛,100330,   28.0,  ,    ,47.8
13,02,16,1,小倉,3,03,未勝利,7,芝,0,1200,良,マヤノラムダ      ,牡,3,古川吉洋,56.0,18,15,4,4,0,0.5,14,69.7,"1097",0,0,0,2,2,35.4,490,梅内忍,栗,75,10101613,01015,00398,1013130315,田所英子,前川隆則,キングヘイロー,ポットブリリアンス,キンググローリアス,栗毛,100430,   52.4,  ,    ,46.9
13,02,16,1,小倉,3,03,未勝利,7,芝,0,1200,良,トキンパンチ      ,牡,3,西田雄一,56.0,18,16,18,18,0,3.1,18,72.3,"1123",0,0,0,18,18,36.7,486,蛯名利弘,美,0,10105051,01004,01131,1013130316,西村新一郎,日本中央競馬会日高,ケイムホーム,ワンモアベイビー,ジェネラス,栗毛,100401,  538.1,  ,    ,47.0
13,02,16,1,小倉,3,03,未勝利,7,芝,0,1200,良,パッシートジビッボ,牝,3,中舘英二,54.0,18,17,3,3,0,0.4,6,69.6,"1096",0,0,0,1,1,35.6,432,木村哲也,美,130,10100134,00635,01126,1013130317,吉田和美,雅牧場,サクラバクシンオー,ブライティアナイル,アドマイヤベガ,鹿毛,100402,   16.8,  ,    ,45.5
13,02,16,1,小倉,3,03,未勝利,7,芝,0,1200,良,メイショウソレイユ,牡,3,小牧太,56.0,18,18,14,14,0,1.4,15,70.6,"1106",0,0,0,5,8,36.1,454,小野幸治,栗,0,10104880,00894,00350,1013130318,松本好雄,太陽牧場,メイショウボーラー,ズリ,"Kris S.",鹿毛,100525,   64.5,  ,    ,45.6
13,02,16,1,小倉,3,04,未勝利,7,芝,0,2000,良,ダイワレーヌ      ,牝,3,松山弘平,54.0,18,01,2,2,0,0.7,3,121.3,"2013",0,5,5,6,6,35.9,436,松田国英,栗,200,10103805,01126,01011,1013130401,大城敬三,社台ファーム,チチカステナンゴ,ダイワスカーレット,アグネスタキオン,黒鹿,100306,    8.4,  ,    ,51.9
13,02,16,1,小倉,3,04,未勝利,7,芝,0,2000,良,ヴェイパーコーン  ,牡,3,勝浦正樹,56.0,18,02,3,3,0,0.8,7,121.4,"2014",0,5,3,4,3,36.2,518,和田正道,美,130,10109124,01025,00353,1013130402,グリーンファーム,前田宗将,ゴールドアリュール,ミスエアクラフト,Marquetry,栗毛,100425,   19.8,  ,    ,50.9
13,02,16,1,小倉,3,04,未勝利,7,芝,0,2000,良,ワキノグレース    ,牝,3,西田雄一,54.0,18,03,18,18,0,3.4,18,124,"2040",0,7,7,7,8,38.4,456,大根田裕,栗,0,10101568,01004,01032,1013130403,脇山良之,広田牧場,ローエングリン,ワキノバクシン,サクラバクシンオー,鹿毛,100309,  492.7,  ,    ,45.5
13,02,16,1,小倉,3,04,未勝利,7,芝,0,2000,良,ミッキーサクセス  ,牡,3,北村友一,56.0,18,04,4,4,0,0.8,2,121.4,"2014",0,2,2,2,2,36.4,494,音無秀孝,栗,75,10104126,01102,01002,1013130404,野田みづき,ノーザンファーム,タニノギムレット,サファイヤコースト,サンデーサイレンス,栗毛,100408,    7.2,  ,    ,50.1
13,02,16,1,小倉,3,04,未勝利,7,芝,0,2000,良,ウインアルザス    ,牡,3,中井裕二,53.0,18,05,1,1,0,-0.7,1,120.6,"2006",0,1,1,1,1,35.7,498,西園正都,栗,500,10105282,01141,01028,1013130405,ウイン,秋田牧場,シンボリクリスエス,シシーダルザス,Sicyos,鹿毛,100329,    1.7,  ,    ,51.9
13,02,16,1,小倉,3,04,未勝利,7,芝,0,2000,良,シャドークイーン  ,牝,3,中舘英二,54.0,18,06,15,15,0,2.8,13,123.4,"2034",0,3,5,9,13,37.6,438,本田優,栗,0,10102743,00635,01099,1013130406,深見富朗,佐竹学,マンハッタンカフェ,シーズババズディライト,"Distorted Humor",青鹿,100228,  150.4,  ,    ,47.8
13,02,16,1,小倉,3,04,未勝利,7,芝,0,2000,良,ロードプレアデス  ,牡,3,菱田裕二,54.0,18,07,16,16,0,2.9,12,123.5,"2035",0,13,12,14,17,37.1,504,笹田和秀,栗,0,10101341,01144,01104,1013130407,ロードホースクラブ,ケイアイファーム,アルデバラン2,アンビナウン,"Wild Again",鹿毛,100430,  119.5,  ,    ,49.8
13,02,16,1,小倉,3,04,未勝利,7,芝,0,2000,良,ケイアイリーラ    ,牝,3,西村太一,52.0,18,08,11,11,0,2.2,10,122.8,"2028",0,7,7,7,7,37.2,454,和田正一,美,0,10104987,01131,01114,1013130408,亀田和弘,富田牧場,メイショウサムソン,エーシンアクセント,Cozzene,鹿毛,100206,   75.9,  ,    ,48.6
13,02,16,1,小倉,3,04,未勝利,7,芝,0,2000,良,ミヤビハカン      ,牡,3,高倉稜,56.0,18,09,12,12,0,2.2,14,122.8,"2028",0,12,10,11,11,36.7,486,橋口弘次,栗,0,10100892,01130,00343,1013130409,村上義勝,浜本牧場,キングヘイロー,サンライトロバリー,ジェイドロバリー,青鹿,100327,  199.3,  ,    ,50.5
13,02,16,1,小倉,3,04,未勝利,7,芝,0,2000,良,キタサンヤマビコ  ,セ,3,菅原隆一,53.0,18,10,17,17,0,2.9,16,123.5,"2035",0,10,12,17,18,37,420,鹿戸明,栗,0,10100984,01129,00368,1013130410,大野商事,ファーミングヤナキ,バブルガムフェロー,ニシオノーブル,サツカーボーイ,鹿毛,100327,  382.0,  ,    ,50.2
13,02,16,1,小倉,3,04,未勝利,7,芝,0,2000,良,マイネルランスタン,牡,3,丹内祐次,56.0,18,11,6,6,0,1.3,11,121.9,"2019",0,10,10,10,8,36,450,池上昌弘,美,0,10105971,01091,00390,1013130411,サラブレッドクラブ,ビッグレッドファー,ステイゴールド,マイネシャリマー,ムタファーウエク,栗毛,100502,   91.5,  ,    ,52.3
13,02,16,1,小倉,3,04,未勝利,7,芝,0,2000,良,エリタージュ      ,牝,3,藤岡康太,54.0,18,12,14,14,0,2.4,17,123,"2030",0,14,15,14,15,36.6,446,松元茂樹,栗,0,10102128,01116,00419,1013130412,佐々木雄二,鮫川啓一,バブルガムフェロー,ラティエラ,スキャターザゴールド,鹿毛,100227,  420.2,  ,    ,51.2
13,02,16,1,小倉,3,04,未勝利,7,芝,0,2000,良,ヒカリサスペンス  ,牡,3,小牧太,56.0,18,13,8,8,0,1.4,4,122,"2020",0,16,15,17,15,35.4,472,牧田和弥,栗,0,10103335,00894,01123,1013130413,ヒカリクラブ,前谷武志,ゼンノエルシド,マウントモガミ,モガミ,鹿毛,100405,    9.6,  ,    ,54.8
13,02,16,1,小倉,3,04,未勝利,7,芝,0,2000,良,ミシシッピデルタ  ,牡,3,柴山雄一,56.0,18,14,13,13,0,2.3,6,122.9,"2029",0,3,3,2,4,37.8,470,田島俊明,美,0,10103977,05243,01112,1013130414,難波経雄,社台ファーム,チチカステナンゴ,リバラン,アグネスタキオン,芦毛,100511,   16.5,  ,    ,46.5
13,02,16,1,小倉,3,04,未勝利,7,芝,0,2000,良,キクノセントロ    ,牡,3,川須栄彦,56.0,18,15,5,5,0,1.2,8,121.8,"2018",0,7,7,4,4,36.5,460,吉田直弘,栗,50,10105097,01128,01101,1013130415,菊池五郎,松田憲一,タイキシャトル,メグミロマンス,ラムタラ,栗毛,100326,   43.5,  ,    ,50.2
13,02,16,1,小倉,3,04,未勝利,7,芝,0,2000,良,コスモピースフル  ,牝,3,大野拓弥,54.0,18,16,9,9,0,1.4,5,122,"2020",0,18,18,14,12,35.6,452,伊藤大士,美,0,10105946,01096,01109,1013130416,ビッグレッドファー,ビッグレッドファー,ステイゴールド,コスモメルベーユ,Fasliyev,鹿毛,100522,   13.2,  ,    ,54.0
13,02,16,1,小倉,3,04,未勝利,7,芝,0,2000,良,ワイズマン        ,牡,3,古川吉洋,56.0,18,17,10,10,0,1.4,9,122,"2020",0,14,12,11,8,35.8,472,梅田智之,栗,0,10100949,01015,01084,1013130417,古賀和夫,日高大洋牧場,フジキセキ,ミントエンジェル,Machiavellian,鹿毛,100131,   55.9,  ,    ,53.2
13,02,16,1,小倉,3,04,未勝利,7,芝,0,2000,良,ウインプライズ    ,牡,3,荻野琢真,56.0,18,18,7,7,0,1.4,15,122,"2020",0,17,15,13,13,35.7,446,高橋祥泰,美,0,10105316,01112,00359,1013130418,ウイン,石田牧場,フォーティナイナーズサン,シルクアワード,スピニングワールド,鹿毛,100408,  337.8,  ,    ,53.6
13,02,16,1,小倉,3,05,500万下,23,ダ,1,1000,重,クレバーアポロ    ,牡,4,丸山元気,57.0,14,01,2,2,0,0,1,58.5,"0585",0,0,0,4,4,35.6,488,小西一男,美,270,09105489,01127,00405,1013130501,ウエスタンファーム,上水牧場,キングカメハメハ,フランダース,サンデーサイレンス,栗毛,090305,    5.3,  ,    ,46.5
13,02,16,1,小倉,3,05,500万下,23,ダ,1,1000,重,ミヤジチョビ      ,牡,4,中井裕二,54.0,14,02,7,7,0,0.3,4,58.8,"0588",0,0,0,4,4,35.9,474,川村禎彦,栗,0,09105301,01141,01003,1013130502,曽我司,村上欽哉,アグネスデジタル,プレンティオブラヴ,コマンダーインチーフ,栗毛,090301,    6.0,  ,    ,45.7
13,02,16,1,小倉,3,05,500万下,23,ダ,1,1000,重,メリーチャン      ,牝,5,柴山雄一,55.0,14,03,5,5,0,0.2,7,58.7,"0587",0,0,0,7,7,35.5,464,畠山吉宏,美,67,08102917,05243,01048,1013130503,ケンレーシング組合,社台ファーム,フジキセキ,ツーオブハート,メジロマックイーン,芦毛,080216,    9.8,  ,    ,48.0
13,02,16,1,小倉,3,05,500万下,23,ダ,1,1000,重,トーセンスタッフ  ,牝,5,中舘英二,55.0,14,04,13,13,0,1.9,5,60.4,"1004",0,0,0,4,6,37.4,458,中川公成,美,0,08100166,00635,01081,1013130504,島川隆哉,岡田牧場,アフリート,フラワータテヤマ,ブライアンズタイム,黒鹿,080517,    7.4,  ,    ,42.2
13,02,16,1,小倉,3,05,500万下,23,ダ,1,1000,重,キーメール        ,牡,4,熊沢重文,57.0,14,05,11,11,0,0.9,13,59.4,"0594",0,0,0,7,7,36.2,490,目野哲也,栗,0,09104779,00652,00387,1013130505,北前孔一郎,高瀬敦,タヤスツヨシ,キーラッキー,ティンバーカントリー,鹿毛,090404,  179.9,  ,    ,46.1
13,02,16,1,小倉,3,05,500万下,23,ダ,1,1000,重,シゲルカリン      ,牡,4,川須栄彦,57.0,14,06,6,6,0,0.3,2,58.8,"0588",0,0,0,1,1,36.2,490,藤沢則雄,栗,0,09110125,01128,01041,1013130506,森中蕃,"James M. Herbener","Friends Lake","Carolina Blue","Victory Gallop",栗毛,090226,    5.4,  ,    ,43.6
13,02,16,1,小倉,3,05,500万下,23,ダ,1,1000,重,オンワードナスキー,牡,4,黛弘人,57.0,14,07,10,10,0,0.9,12,59.4,"0594",0,0,0,10,11,35.9,458,谷原義明,美,0,09100997,01109,00402,1013130507,中西功,オンワード牧場,アグネスフライト,オンワードシルフィ,トワイニング,栗毛,090402,  126.7,  ,    ,48.2
13,02,16,1,小倉,3,05,500万下,23,ダ,1,1000,重,シゲルカイチョウ  ,牡,5,菱田裕二,55.0,14,08,3,3,0,0,8,58.5,"0585",0,0,0,13,11,34.7,502,服部利之,栗,170,08110095,01144,01040,1013130508,森中蕃,"Dr. John Piconi",Benchmark,"Eleanor Rose","In Excess",黒鹿,080217,   12.4,  ,    ,52.9
13,02,16,1,小倉,3,05,500万下,23,ダ,1,1000,重,ヤマニンアルシェ  ,牡,5,小牧太,57.0,14,09,9,9,0,0.8,11,59.3,"0593",0,0,0,12,13,35.6,520,田中章博,栗,0,08104797,00894,00413,1013130509,土井肇,錦岡牧場,ヤマニンゼファー,ワンオブアクライン,Danzig,鹿毛,080508,   93.6,  ,    ,49.9
13,02,16,1,小倉,3,05,500万下,23,ダ,1,1000,重,シムーン          ,牡,4,西田雄一,57.0,14,10,14,14,0,2.6,9,61.1,"1011",0,0,0,2,3,38.5,502,天間昭一,美,0,09100920,01004,01090,1013130510,ターフ・スポート,市川フアーム,メイショウボーラー,デルタラヴ,"Mr. Prospector",鹿毛,090528,   20.1,  ,    ,38.1
13,02,16,1,小倉,3,05,500万下,23,ダ,1,1000,重,エルウェーオージャ,セ,5,松山弘平,57.0,14,11,4,4,0,0.2,6,58.7,"0587",0,0,0,10,10,35.2,468,小野幸治,栗,100,08103495,01126,00350,1013130511,雑古隆夫,加野牧場,マイネルセレクト,ブルーハピネス,エイシンサンディ,青毛,080413,    8.3,  ,    ,50.1
13,02,16,1,小倉,3,05,500万下,23,ダ,1,1000,重,イエスマイダーリン,牝,6,二本柳壮,55.0,14,12,8,8,0,0.7,14,59.2,"0592",0,0,0,13,13,35.3,522,小桧山悟,美,0,07105905,01049,01005,1013130512,浅田次郎,浜本牧場,キングカメハメハ,スポーティングラダー,Danzig,鹿毛,070525,  245.3,  ,    ,51.6
13,02,16,1,小倉,3,05,500万下,23,ダ,1,1000,重,ヤマノグラス      ,牝,5,西村太一,53.0,14,13,1,1,0,0,10,58.5,"0585",0,0,0,7,7,35.3,486,伊藤大士,美,670,08105731,01131,01109,1013130513,山住れい子,竹島幸治,バブルガムフェロー,ヤマノタンポポ,トウシヨウボーイ,鹿毛,080411,   42.3,  ,    ,48.6
13,02,16,1,小倉,3,05,500万下,23,ダ,1,1000,重,コロカムイ        ,セ,5,高倉稜,57.0,14,14,12,12,0,1.1,3,59.6,"0596",0,0,0,2,2,37,466,目野哲也,栗,0,08101722,01130,00387,1013130514,蛭川年明,ひるかわ育成牧場,ノボジャック,メルヘンローズ,プルラリズム,栗毛,080314,    5.6,  ,    ,41.6
13,02,16,1,小倉,3,06,500万下,23,芝,0,2000,良,マイネルヴェリタス,牡,4,柴山雄一,56.0,11,01,9,9,0,0.8,7,121.3,"2013",0,5,6,6,6,35.1,506,斎藤誠,美,0,09100989,05243,01086,1013130601,サラブレッドクラブ,荻伏三好フアーム,チーフベアハート,カルチェラタン,トニービン,栗毛,090312,   13.8,  ,    ,55.3
13,02,16,1,小倉,3,06,500万下,23,芝,0,2000,良,アルティスト      ,牡,6,中井裕二,54.0,11,02,7,7,0,0.5,4,121,"2010",0,9,10,10,10,34.2,492,中野栄治,美,0,07102143,01141,01010,1013130602,塩入満洋,高岸順一,シックスセンス,メイショウチャチャ,メジロライアン,鹿毛,070505,    6.7,  ,    ,58.8
13,02,16,1,小倉,3,06,500万下,23,芝,0,2000,良,レッドシェリフ    ,牡,5,小牧太,57.0,11,03,2,2,0,0,5,120.5,"2005",0,3,3,2,2,34.6,492,橋口弘次,栗,270,08102919,00894,00343,1013130603,東京ホースレーシン,社台ファーム,ハーツクライ,デルモニコキャット,"Storm Cat",栗毛,080508,    8.7,  ,    ,56.4
13,02,16,1,小倉,3,06,500万下,23,芝,0,2000,良,マツリダジャパン  ,セ,6,宮崎北斗,57.0,11,04,3,3,0,0.1,6,120.6,"2006",0,5,5,5,4,34.5,470,加藤和宏,美,170,07100112,01118,01077,1013130604,岡田牧雄,岡田スタツド,ロージズインメイ,ペイパーレイン,"Bel Bolide",青毛,070416,   12.7,  ,    ,57.0
13,02,16,1,小倉,3,06,500万下,23,芝,0,2000,良,ガンセ            ,牝,4,大野拓弥,54.0,11,05,6,6,0,0.4,9,120.9,"2009",0,9,8,8,6,34.5,490,高木登,美,0,09104768,01096,01088,1013130605,西森鶴,隆栄牧場,クロフネ,ガデスオブマーシー,ラストタイクーン,鹿毛,090415,   26.0,  ,    ,57.3
13,02,16,1,小倉,3,06,500万下,23,芝,0,2000,良,サトノエンデバー  ,牡,4,丸山元気,55.0,11,06,8,8,0,0.7,8,121.2,"2012",0,11,11,10,11,34.4,476,宗像義忠,美,0,09110105,01127,00420,1013130606,里見治,"Roncon Cobra Blood","Encosta De Lago","Private Steer","Danehill Dancer",黒鹿,091028,   14.5,  ,    ,58.1
13,02,16,1,小倉,3,06,500万下,23,芝,0,2000,良,サンライズマルス  ,牡,5,中舘英二,57.0,11,07,1,1,0,0,1,120.5,"2005",0,1,1,1,1,34.9,472,羽月友彦,栗,670,08102632,00635,01091,1013130607,松岡隆雄,社台コーポレーショ,ジャングルポケット,ヴァルールーズ,Nashwan,栗毛,080218,    3.7,  ,    ,55.1
13,02,16,1,小倉,3,06,500万下,23,芝,0,2000,良,サクセスフェイト  ,牡,4,松山弘平,56.0,11,08,4,4,0,0.3,2,120.8,"2008",0,8,8,9,6,34.3,448,藤原英昭,栗,100,09101380,01126,01055,1013130608,高嶋哲,吉田ファーム,ディープインパクト,フェアレストケープ,"Storm Cat",黒鹿,090514,    4.2,  ,    ,58.1
13,02,16,1,小倉,3,06,500万下,23,芝,0,2000,良,マイネルスパーブ  ,牡,4,丹内祐次,56.0,11,09,5,5,0,0.3,10,120.8,"2008",0,2,2,2,2,34.9,464,小笠倫弘,美,67,09104661,01091,01076,1013130609,サラブレッドクラブ,コスモヴューファー,アドマイヤコジーン,マイネサンサン,スペシャルウィーク,鹿毛,090205,   39.0,  ,    ,55.5
13,02,16,1,小倉,3,06,500万下,23,芝,0,2000,良,マイネルアウストロ,牡,7,高倉稜,57.0,11,10,11,11,0,2,11,122.5,"2025",0,3,3,4,4,36.5,506,田中清隆,美,0,06104831,01130,00408,1013130610,サラブレッドクラブ,ビッグレッドファー,ゴールドアリュール,エオルスハルフェ,トニービン,栗毛,060411,   88.1,  ,    ,51.0
13,02,16,1,小倉,3,06,500万下,23,芝,0,2000,良,サングヒーロー    ,牡,4,菱田裕二,54.0,11,11,10,10,0,0.9,3,121.4,"2014",0,5,6,6,6,35.2,464,音無秀孝,栗,0,09106101,01144,01002,1013130611,金子真人ホールディ,ノーザンファーム,ディープインパクト,オイスターチケット,ウイニングチケット,黒鹿,090310,    5.1,  ,    ,55.0
13,02,16,1,小倉,3,07,500万下,23,芝,0,1200,良,ウェルトレインド  ,セ,4,高倉稜,57.0,18,01,12,12,0,1.6,9,69.9,"1099",0,0,0,18,17,34.9,456,中村均,栗,0,09105356,01130,00261,1013130701,岡田牧雄,村本牧場,チーフベアハート,トーワダーリン,ニホンピロウイナー,鹿毛,090323,   13.8,  ,    ,50.3
13,02,16,1,小倉,3,07,500万下,23,芝,0,1200,良,オフ              ,牝,5,宮崎北斗,55.0,18,02,18,18,0,2.4,18,70.7,"1107",0,0,0,15,17,35.9,436,高市圭二,美,0,08106410,01118,01014,1013130702,森澤芳彦,坂東牧場,オンファイア,ビービーレイラ,ホワイトマズル,鹿毛,080326,  155.9,  ,    ,46.9
13,02,16,1,小倉,3,07,500万下,23,芝,0,1200,良,クロンドローリエ  ,牝,6,西村太一,53.0,18,03,4,4,0,0.9,3,69.2,"1092",0,0,0,15,12,34.4,426,加藤和宏,美,100,07101671,01131,01077,1013130703,ヒダカ・ブリーダー,富菜牧場,フジキセキ,アルフェッカ,ダンシングブレーヴ,青鹿,070420,    7.7,  ,    ,51.2
13,02,16,1,小倉,3,07,500万下,23,芝,0,1200,良,コーラルビュー    ,牝,5,原田和真,52.0,18,04,8,8,0,1.1,11,69.4,"1094",0,0,0,3,3,35.5,486,天間昭一,美,0,08106126,01143,01090,1013130704,ヒダカ・ブリーダー,古川雅且,キングヘイロー,ホウヨウマリン,アレミロード,鹿毛,080411,   22.7,  ,    ,45.5
13,02,16,1,小倉,3,07,500万下,23,芝,0,1200,良,ジルコニア        ,牝,6,横山和生,52.0,18,05,1,1,0,-0.2,2,68.3,"1083",0,0,0,2,2,34.6,486,武藤善則,美,670,07105530,01140,01064,1013130705,下河邉行雄,下河辺牧場,タイキシャトル,スパイシークラウン,"Tabasco Cat",栗毛,070223,    7.3,  ,    ,47.4
13,02,16,1,小倉,3,07,500万下,23,芝,0,1200,良,コスモルミナス    ,牡,4,丹内祐次,57.0,18,06,6,6,0,1,6,69.3,"1093",0,0,0,10,9,34.7,474,岩戸孝樹,美,0,09100463,01091,01051,1013130706,ビッグレッドファー,笹地牧場,アグネスデジタル,ピサノルミナス,アグネスタキオン,栗毛,090523,    9.7,  ,    ,49.7
13,02,16,1,小倉,3,07,500万下,23,芝,0,1200,良,ダイヤモンドアスク,牝,5,藤岡康太,55.0,18,07,16,16,0,1.8,12,70.1,"1101",0,0,0,10,12,35.5,444,伊藤正徳,美,0,08100905,01116,00383,1013130707,廣崎利洋,藤原牧場,ジャングルポケット,フューチャサンデー,サンデーサイレンス,黒鹿,080427,   24.6,  ,    ,47.5
13,02,16,1,小倉,3,07,500万下,23,芝,0,1200,良,カシノアクセル    ,牡,5,二本柳壮,57.0,18,08,13,13,0,1.6,17,69.9,"1099",0,0,0,10,9,35.3,434,二本柳俊,美,0,08109163,01049,00370,1013130708,柏木務,片山建治,ロドリゴデトリアーノ,ベルガモットシール,ダンツシアトル,鹿毛,080313,  147.9,  ,    ,48.0
13,02,16,1,小倉,3,07,500万下,23,芝,0,1200,良,ゴールデンウィナー,牡,4,中井裕二,54.0,18,09,7,7,0,1,7,69.3,"1093",0,0,0,7,6,34.9,472,加用正,栗,0,09102601,01141,00425,1013130709,協栄,タバタファーム,ダイワメジャー,スターエンジェル,アフリート,栗毛,090423,   10.4,  ,    ,48.6
13,02,16,1,小倉,3,07,500万下,23,芝,0,1200,良,ヴェリタスローズ  ,牝,6,菅原隆一,52.0,18,10,5,5,0,0.9,4,69.2,"1092",0,0,0,7,6,34.8,448,佐藤正雄,栗,67,07100152,01129,01025,1013130710,松本肇,岡田牧場,ニューイングランド,レイジングカホー,ルション,青毛,070318,    7.9,  ,    ,48.9
13,02,16,1,小倉,3,07,500万下,23,芝,0,1200,良,テイエムタイホー  ,牡,4,長岡禎仁,54.0,18,11,2,2,0,0.2,15,68.5,"1085",0,0,0,4,3,34.5,478,鈴木孝志,栗,270,09103182,01142,01111,1013130711,竹園正繼,若林武雄,ニューイングランド,マンダリンママ,"Lord At War",栗毛,090429,   67.2,  ,    ,48.6
13,02,16,1,小倉,3,07,500万下,23,芝,0,1200,良,ワイルドジョイ    ,牡,6,大野拓弥,57.0,18,12,11,11,0,1.3,16,69.6,"1096",0,0,0,13,15,34.9,462,小島茂之,美,0,07103951,01096,01068,1013130712,竹内昭二,三石ファーム,イーグルカフェ,ステラモア,サクラトウコウ,鹿毛,070210,   87.5,  ,    ,49.4
13,02,16,1,小倉,3,07,500万下,23,芝,0,1200,良,グリューネワルト  ,牝,6,鮫島良太,55.0,18,13,14,14,0,1.7,10,70,"1100",0,0,0,7,9,35.5,470,岡田稲男,栗,0,07103195,01099,01066,1013130713,サンデーレーシング,ノーザンファーム,スペシャルウィーク,シェーンクライト,エリシオ,青鹿,070601,   15.4,  ,    ,47.2
13,02,16,1,小倉,3,07,500万下,23,芝,0,1200,良,チェリービスティー,牝,5,勝浦正樹,55.0,18,14,10,10,0,1.3,1,69.6,"1096",0,0,0,13,12,34.9,438,伊藤大士,美,0,08103348,01025,01109,1013130714,備前島敏子,ノーザンファーム,サクラバクシンオー,ミレニアムポップ,Bering,栗毛,080324,    5.6,  ,    ,49.4
13,02,16,1,小倉,3,07,500万下,23,芝,0,1200,良,クラウンカイザー  ,牡,4,柴山雄一,57.0,18,15,3,3,0,0.5,5,68.8,"1088",0,0,0,4,3,34.7,498,大根田裕,栗,170,09104499,05243,01032,1013130715,クラウン,奥山博,カルストンライトオ,カルストンサイダー,デュラブ,黒鹿,090511,    8.7,  ,    ,48.3
13,02,16,1,小倉,3,07,500万下,23,芝,0,1200,良,ベルシエロ        ,牝,4,黛弘人,55.0,18,16,15,15,0,1.7,13,70,"1100",0,0,0,15,16,35.2,484,大久保洋,美,0,09106498,01109,00138,1013130716,社台レースホース,社台コーポレーショ,ダイワメジャー,ディーバ,"Crafty Prospector",栗毛,090119,   43.7,  ,    ,48.9
13,02,16,1,小倉,3,07,500万下,23,芝,0,1200,良,レイズオブザサン  ,牡,4,菱田裕二,55.0,18,17,9,9,0,1.2,14,69.5,"1095",0,0,0,6,6,35.2,450,服部利之,栗,0,09101598,01144,01040,1013130717,吉田修,タガミファーム,スパイキュール,レイオブライト,ウイニングチケット,黒鹿,090418,   54.9,  ,    ,47.4
13,02,16,1,小倉,3,07,500万下,23,芝,0,1200,良,テイエムアモーレ  ,牝,5,松山弘平,55.0,18,18,17,17,0,2,8,70.3,"1103",0,0,0,1,1,36.7,482,柴田政見,栗,0,08101528,01126,00406,1013130718,竹園正繼,信成牧場,タイキシャトル,ロイヤルキャニオン,ラストタイクーン,鹿毛,080421,   13.4,  ,    ,41.6
13,02,16,1,小倉,3,08,500万下・牝,23,ダ,1,1700,重,ラルシュドール    ,牝,4,松山弘平,54.0,16,01,3,3,0,0.5,1,105.5,"1455",0,8,5,14,12,36.8,516,池江泰寿,栗,170,09106562,01126,01071,1013130801,サンデーレーシング,社台コーポレーショ,シンボリクリスエス,レクレドール,サンデーサイレンス,鹿毛,090214,    2.3,  ,    ,51.8
13,02,16,1,小倉,3,08,500万下・牝,23,ダ,1,1700,重,キョウエイヒドラ  ,牝,5,勝浦正樹,55.0,16,02,9,9,0,1.1,7,106.1,"1461",0,2,1,5,5,38,496,藤原辰雄,美,0,08102098,01025,00435,1013130802,田中晴夫,鮫川啓一,フジキセキ,マルカフルート,ティンバーカントリー,栗毛,080419,   15.4,  ,    ,47.8
13,02,16,1,小倉,3,08,500万下・牝,23,ダ,1,1700,重,アクロスザライト  ,牝,5,川須栄彦,55.0,16,03,11,11,0,1.2,6,106.2,"1462",0,5,3,9,10,37.8,492,松元茂樹,栗,0,08102771,01128,00419,1013130803,吉田照哉,社台ファーム,ネオユニヴァース,イクスペクトトゥシャイン,"Mr. Prospector",鹿毛,080422,   13.9,  ,    ,48.7
13,02,16,1,小倉,3,08,500万下・牝,23,ダ,1,1700,重,アグネスローザ    ,牝,4,丸山元気,54.0,16,04,12,12,0,1.5,13,106.5,"1465",0,9,9,14,12,37.8,426,小崎憲,栗,0,09101076,01127,01085,1013130804,渡辺孝男,高昭牧場,アグネスフライト,アグネスシルキー,ホワイトマズル,鹿毛,090524,   41.4,  ,    ,49.1
13,02,16,1,小倉,3,08,500万下・牝,23,ダ,1,1700,重,コーラルグリッタ  ,牝,4,中井裕二,51.0,16,05,5,5,0,0.8,3,105.8,"1458",0,6,5,9,8,37.4,464,池添兼雄,栗,67,09101155,01141,01021,1013130805,ターフ・スポート,猿橋義昭,ゼンノロブロイ,オールモストフォーエヴァー,"King of Kings",黒鹿,090415,   12.2,  ,    ,49.8
13,02,16,1,小倉,3,08,500万下・牝,23,ダ,1,1700,重,コスモレイラ      ,牝,4,丹内祐次,54.0,16,06,10,10,0,1.2,14,106.2,"1462",0,11,11,13,12,37.6,482,佐藤吉勝,美,0,09105204,01091,01035,1013130806,ビッグレッドファー,ビッグレッドファー,マイネルセレクト,リーガルジョイ,"Regal and Royal",青鹿,090531,   89.6,  ,    ,49.5
13,02,16,1,小倉,3,08,500万下・牝,23,ダ,1,1700,重,シーズガレット    ,牝,5,横山和生,52.0,16,07,4,4,0,0.5,5,105.5,"1455",0,16,16,2,3,37.6,452,宮徹,栗,100,08101892,01140,01018,1013130807,橋場勇二,市川フアーム,アグネスフライト,マダムチェロキー,"Cherokee Run",栗毛,080506,   12.7,  ,    ,48.5
13,02,16,1,小倉,3,08,500万下・牝,23,ダ,1,1700,重,デコレイト        ,牝,4,鮫島良太,54.0,16,08,2,2,0,0.3,8,105.3,"1453",0,9,9,9,7,36.9,456,松田国英,栗,270,09106600,01099,01011,1013130808,吉田正志,追分ファーム,スペシャルウィーク,デゴッドドーター,"De Niro",鹿毛,090408,   18.1,  ,    ,51.1
13,02,16,1,小倉,3,08,500万下・牝,23,ダ,1,1700,重,ラインキャメロン  ,牝,4,高倉稜,54.0,16,09,6,6,0,0.9,12,105.9,"1459",0,3,3,1,1,38.1,434,松永昌博,栗,0,09103711,01130,01083,1013130809,大澤繁昌,高橋修,キングカメハメハ,オートサンデー,サンデーサイレンス,黒鹿,090323,   33.7,  ,    ,47.1
13,02,16,1,小倉,3,08,500万下・牝,23,ダ,1,1700,重,セイルアゲン      ,牝,5,黛弘人,55.0,16,10,15,15,0,1.8,16,106.8,"1468",0,14,13,16,16,37.8,454,中野栄治,美,0,08104659,01109,01010,1013130810,浅川皓司,対馬正,クロフネ,ストロングデイジー,タイキシャトル,芦毛,080421,  247.0,  ,    ,49.6
13,02,16,1,小倉,3,08,500万下・牝,23,ダ,1,1700,重,エーシンフルハウス,牝,4,藤岡康太,54.0,16,11,14,14,0,1.6,9,106.6,"1466",0,1,2,9,12,38.2,468,藤岡健一,栗,0,09100214,01116,01062,1013130811,平井泰男,まるとみ冨岡牧場,オペラハウス,エイシンセーリング,"Fit to Fight",黒鹿,090312,   20.7,  ,    ,47.7
13,02,16,1,小倉,3,08,500万下・牝,23,ダ,1,1700,重,エスジーアンクル  ,牝,4,西村太一,52.0,16,12,13,13,0,1.6,4,106.6,"1466",0,3,5,5,10,38.5,436,藤岡範士,栗,0,09100574,01131,00289,1013130812,窪田滋,辻牧場,シニスターミニスター,エスジーナタリー,フォーティナイナー,鹿毛,090318,   12.3,  ,    ,46.5
13,02,16,1,小倉,3,08,500万下・牝,23,ダ,1,1700,重,シゲルアケビ      ,牝,4,北村友一,54.0,16,13,16,16,0,3.3,11,108.3,"1483",0,6,8,2,8,40.4,456,谷潔,栗,0,09101767,01102,00431,1013130813,森中蕃,広田牧場,ゴールドアリュール,メイショウフレスコ,ダンシングブレーヴ,鹿毛,090414,   30.6,  ,    ,41.7
13,02,16,1,小倉,3,08,500万下・牝,23,ダ,1,1700,重,シゲルリンゴ      ,牝,4,柴山雄一,54.0,16,14,8,8,0,1,10,106,"1460",0,13,13,5,5,37.9,442,田中章博,栗,0,09101828,05243,00413,1013130814,森中蕃,前田宗将,ゴールドアリュール,タヤスオドリコ,ミルジヨージ,栗毛,090407,   25.7,  ,    ,48.0
13,02,16,1,小倉,3,08,500万下・牝,23,ダ,1,1700,重,クリック          ,牝,4,宮崎北斗,54.0,16,15,7,7,0,0.9,15,105.9,"1459",0,11,11,2,2,38,496,谷潔,栗,0,09102749,01118,00431,1013130815,栗本博晴,富川田中牧場,キッケンクリス,サーボキセキ,フジキセキ,青毛,090530,  181.5,  ,    ,47.5
13,02,16,1,小倉,3,08,500万下・牝,23,ダ,1,1700,重,フーラブライド    ,牝,4,古川吉洋,54.0,16,16,1,1,0,-0.3,2,105,"1450",0,14,13,5,3,36.9,452,木原一良,栗,670,09105546,01015,01033,1013130816,吉田和子,青藍牧場,ゴールドアリュール,ヒカルカリーナ,メジロマックイーン,鹿毛,090509,    5.4,  ,    ,50.7
13,02,16,1,小倉,3,09,500万下,23,芝,0,1800,良,ブイコナン        ,牡,6,北村友一,57.0,16,01,0,0,3,999.9,0,0,"----",0,0,0,0,0,0,504,福島信晴,栗,0,07103958,01102,00396,1013130901,藤原征士郎,村上牧場,フサイチコンコルド,ブイルージュ,ウォーニング,鹿毛,070406,    0.0,  ,    , 0.0
13,02,16,1,小倉,3,09,500万下,23,芝,0,1800,良,ブルースビスティー,牡,5,上野翔,57.0,16,02,6,6,0,0.5,12,109,"1490",0,3,5,4,3,35.1,472,伊藤大士,美,0,08105597,01087,01109,1013130902,備前島敏子,下河辺牧場,ダンスインザダーク,フィラストリート,Cozzene,鹿毛,080410,   44.5,  ,    ,55.3
13,02,16,1,小倉,3,09,500万下,23,芝,0,1800,良,イースタリーガスト,牡,6,黛弘人,57.0,16,03,13,13,0,1,9,109.5,"1495",0,8,9,7,9,35.4,508,大久保洋,美,0,07102905,01109,00138,1013130903,鶴見清,社台ファーム,トウカイテイオー,ブリージーキス,Caerleon,黒鹿,070303,   31.7,  ,    ,54.7
13,02,16,1,小倉,3,09,500万下,23,芝,0,1800,良,キタサンパイロット,牡,4,長岡禎仁,53.0,16,04,10,10,0,0.7,7,109.2,"1492",0,2,2,1,1,35.6,466,清水久詞,栗,0,09101497,01142,01110,1013130904,大野商事,木田祐博,ゼンノロブロイ,キタサンオウシャン,Kingmambo,鹿毛,090407,   10.9,  ,    ,53.4
13,02,16,1,小倉,3,09,500万下,23,芝,0,1800,良,カンタベリーダダ  ,牡,5,西田雄一,57.0,16,05,8,8,0,0.6,11,109.1,"1491",0,3,4,4,3,35.2,462,蛯名利弘,美,0,08106577,01004,01131,1013130905,峰哲馬,ヤマイチ牧場,ルールオブロー,デリバティブ,トニービン,鹿毛,080306,   42.2,  ,    ,55.0
13,02,16,1,小倉,3,09,500万下,23,芝,0,1800,良,レインボーデイズ  ,牝,5,宮崎北斗,55.0,16,06,11,11,0,0.9,14,109.4,"1494",0,11,12,13,13,35,438,新開幸一,美,0,08105879,01118,01116,1013130906,ターフ・スポート,ナカノファーム,ジャングルポケット,クロッサンドラ,フジキセキ,栗毛,080323,  176.5,  ,    ,56.3
13,02,16,1,小倉,3,09,500万下,23,芝,0,1800,良,タツストロング    ,牡,4,松山弘平,56.0,16,07,1,1,0,0,6,108.5,"1485",0,6,5,7,7,34.5,490,鮫島一歩,栗,670,09106751,01126,01046,1013130907,原司郎,坂戸節子,サクラバクシンオー,リンリングリーン,タイキシャトル,栗毛,090307,    8.9,  ,    ,57.2
13,02,16,1,小倉,3,09,500万下,23,芝,0,1800,良,ピースフルアース  ,牡,5,菱田裕二,55.0,16,08,7,7,0,0.5,5,109,"1490",0,1,1,2,2,35.3,464,本田優,栗,0,08102790,01144,01099,1013130908,社台レースホース,社台ファーム,ステイゴールド,エアピース,ティンバーカントリー,鹿毛,080429,    7.7,  ,    ,54.4
13,02,16,1,小倉,3,09,500万下,23,芝,0,1800,良,アドマイヤバートン,牡,5,丸山元気,57.0,16,09,5,5,0,0.4,3,108.9,"1489",0,11,11,11,12,34.7,482,松田博資,栗,67,08103047,01127,00348,1013130909,近藤利一,社台ファーム,ジャングルポケット,リズムオブザレイン,サンデーサイレンス,栗毛,080516,    5.8,  ,    ,56.9
13,02,16,1,小倉,3,09,500万下,23,芝,0,1800,良,プリンシペアスール,牡,4,高倉稜,56.0,16,10,9,9,0,0.7,4,109.2,"1492",0,8,7,7,9,35.1,464,宮本博,栗,0,09105963,01130,01073,1013130910,吉田照哉,社台ファーム,シンボリクリスエス,プリンセスルシータ,サンデーサイレンス,鹿毛,090427,    7.5,  ,    ,55.6
13,02,16,1,小倉,3,09,500万下,23,芝,0,1800,良,モエレマリーア    ,牝,4,大野拓弥,54.0,16,11,14,14,0,1.5,10,110,"1500",0,3,2,2,3,36.3,448,小島茂之,美,0,09101697,01096,01068,1013130911,中村和夫,中村和夫,"Scat Daddy",モエレゴールド,サンデーサイレンス,黒鹿,090221,   42.0,  ,    ,51.5
13,02,16,1,小倉,3,09,500万下,23,芝,0,1800,良,ヴィオラーネ      ,牝,4,柴山雄一,54.0,16,12,2,2,0,0,2,108.5,"1485",0,7,7,4,3,34.7,452,斎藤誠,美,270,09105944,05243,01086,1013130912,平井裕,社台ファーム,フジキセキ,フロムファースト,ドクターデヴィアス,青鹿,090503,    5.2,  ,    ,56.3
13,02,16,1,小倉,3,09,500万下,23,芝,0,1800,良,マイティースコール,牡,5,鮫島良太,57.0,16,13,4,4,0,0.3,8,108.8,"1488",0,14,14,11,9,34.5,456,宮徹,栗,100,08102719,01099,01018,1013130913,小川勲,社台コーポレーショ,ステイゴールド,マイティーカラー,トニービン,栗毛,080412,   25.9,  ,    ,57.7
13,02,16,1,小倉,3,09,500万下,23,芝,0,1800,良,ワタシマッテルワ  ,牝,4,川須栄彦,54.0,16,14,3,3,0,0.2,1,108.7,"1487",0,10,9,7,7,34.7,434,牧浦充徳,栗,170,09100650,01128,01113,1013130914,ターフ・スポート,中島牧場,オレハマッテルゼ,パントミーマ,シアトルダンサー2,鹿毛,090411,    3.9,  ,    ,56.6
13,02,16,1,小倉,3,09,500万下,23,芝,0,1800,良,スカイノレイ      ,牝,5,荻野琢真,55.0,16,15,15,15,0,1.5,15,110,"1500",0,11,12,14,15,35.5,452,高橋義忠,栗,0,08103352,01112,01129,1013130915,江賦晨,ノーザンファーム,シンボリクリスエス,メゾンブランシュ,Alleged,青鹿,080407,  183.8,  ,    ,54.9
13,02,16,1,小倉,3,09,500万下,23,芝,0,1800,良,メイショウシレトコ,牡,5,古川吉洋,57.0,16,16,12,12,0,0.9,13,109.4,"1494",0,15,15,14,13,34.9,466,梅内忍,栗,0,08105917,01015,00398,1013130916,松本好雄,日西牧場,メイショウオウドウ,メイショウカルミア,メジロライアン,鹿毛,080326,   58.2,  ,    ,56.7
13,02,16,1,小倉,3,10,あすなろ500*,23,芝,0,2000,良,ウイングリート    ,牡,3,大野拓弥,56.0,8,01,2,2,0,0.2,5,120.5,"2005",0,1,1,1,1,36.1,470,加用正,栗,340,10103092,01096,00425,1013131001,ウイン,友田牧場,クロフネ,ハローアゲイン,アグネスタキオン,鹿毛,100511,   11.4,  ,    ,50.2
13,02,16,1,小倉,3,10,あすなろ500*,23,芝,0,2000,良,テイエムレンジャー,牡,3,小牧太,56.0,8,02,4,4,0,0.5,2,120.8,"2008",0,8,8,7,7,35.6,486,岩元市三,栗,130,10104774,00894,00397,1013131002,竹園正繼,木村牧場,ローエングリン,サインボード,サンデーサイレンス,鹿毛,100504,    6.3,  ,    ,52.6
13,02,16,1,小倉,3,10,あすなろ500*,23,芝,0,2000,良,ジャングルパサー  ,牡,3,松山弘平,56.0,8,03,5,5,0,0.5,1,120.8,"2008",0,6,6,6,5,35.8,494,山内研二,栗,85,10106578,01126,00388,1013131003,シルクレーシング,フジワラフアーム,ジャングルポケット,アーモンドパサー,エルコンドルパサー,鹿毛,100312,    1.6,  ,    ,51.8
13,02,16,1,小倉,3,10,あすなろ500*,23,芝,0,2000,良,クレスコモア      ,牡,3,川須栄彦,56.0,8,04,6,6,0,0.6,4,120.9,"2009",0,2,2,2,2,36.4,514,石坂正,栗,0,10102017,01128,01022,1013131004,堀川三郎,笠松牧場,マンハッタンカフェ,ラブレター,"Rock of Gibraltar",黒鹿,100225,    8.8,  ,    ,49.5
13,02,16,1,小倉,3,10,あすなろ500*,23,芝,0,2000,良,ナムラバクサイ    ,牡,3,高倉稜,56.0,8,05,8,8,0,4.2,7,124.5,"2045",0,2,3,3,8,39.7,468,目野哲也,栗,0,10101561,01130,00387,1013131005,奈村信重,平野牧場,ワイルドラッシュ,ナムラミステリー,ジェニュイン,栗毛,100315,   72.8,  ,    ,41.5
13,02,16,1,小倉,3,10,あすなろ500*,23,芝,0,2000,良,シンネン          ,牡,3,北村友一,56.0,8,06,1,1,0,-0.2,3,120.3,"2003",0,4,4,3,3,35.5,476,浅見秀一,栗,850,10101321,01102,00411,1013131006,林正道,木田祐博,ステイゴールド,キタサンバースデー,マリエンバード,栗毛,100412,    6.4,  ,    ,52.4
13,02,16,1,小倉,3,10,あすなろ500*,23,芝,0,2000,良,ノースパストラル  ,牝,3,勝浦正樹,54.0,8,07,3,3,0,0.4,6,120.7,"2007",0,5,5,3,3,36,476,西浦勝一,栗,210,10102087,01025,01016,1013131007,高昭牧場,高昭牧場,キングヘイロー,ブランピュール,アンバーシヤダイ,鹿毛,100517,   12.8,  ,    ,50.8
13,02,16,1,小倉,3,10,あすなろ500*,23,芝,0,2000,良,キンショータイム  ,牡,3,丸山元気,56.0,8,08,7,7,0,0.8,8,121.1,"2011",0,6,6,7,5,36,478,中村均,栗,0,10103450,01127,00261,1013131008,礒野日出夫,阿部栄乃進,ブライアンズタイム,ギンマクノヨウセイ,グラスワンダー,栗毛,100420,   89.0,  ,    ,51.3
13,02,16,1,小倉,3,11,和布刈特1000,43,ダ,1,1700,重,ケイジーウィンザー,牡,5,岩部純二,57.0,16,01,16,16,0,4.4,8,107.6,"1476",0,1,1,1,8,42.1,496,萱野浩二,美,0,08100377,00726,01024,1013131101,鹿倉勝爾,静内フジカワ牧場,アッミラーレ,シーキングハーフォーチュン,"Crafty Prospector",栗毛,080504,   20.1,  ,    ,34.9
13,02,16,1,小倉,3,11,和布刈特1000,43,ダ,1,1700,重,シャイニーダンディ,牡,5,古川吉洋,57.0,16,02,12,12,0,1.5,14,104.7,"1447",0,16,16,16,16,37,470,湯窪幸雄,栗,0,08106334,01015,01057,1013131102,小林昌志,コアレススタッド,リンカーン,ブライティアガール,アフリート,青鹿,080410,  144.1,  ,    ,49.8
13,02,16,1,小倉,3,11,和布刈特1000,43,ダ,1,1700,重,ツルマルスピリット,牡,6,小牧太,57.0,16,03,2,2,0,0.1,1,103.3,"1433",0,4,5,5,3,37.5,502,橋口弘次,栗,510,07102817,00894,00343,1013131103,鶴田鈴子,社台ファーム,シンボリクリスエス,タックスシェルター,フジキセキ,青鹿,070207,    2.1,  ,    ,45.7
13,02,16,1,小倉,3,11,和布刈特1000,43,ダ,1,1700,重,ドリームマジシャン,牡,6,菱田裕二,57.0,16,04,11,11,0,1.5,10,104.7,"1447",0,6,6,5,3,38.9,490,宮本博,栗,0,07104922,01144,01073,1013131104,ライオンレースホー,コスモヴューファー,ロージズインメイ,マイネマジック,ギヤロツプダイナ,青鹿,070324,   22.4,  ,    ,42.3
13,02,16,1,小倉,3,11,和布刈特1000,43,ダ,1,1700,重,バンブーリバプール,牡,5,中井裕二,57.0,16,05,4,4,0,0.5,3,103.7,"1437",0,2,2,2,1,38.2,484,佐藤正雄,栗,190,08102218,01141,01025,1013131105,バンブー牧場,バンブー牧場,マンハッタンカフェ,チリビリビン,ブロッコ,青鹿,080309,    8.0,  ,    ,43.5
13,02,16,1,小倉,3,11,和布刈特1000,43,ダ,1,1700,重,ビタースウィート  ,牝,6,川須栄彦,55.0,16,06,7,7,0,0.9,7,104.1,"1441",0,11,9,9,8,38,456,加用正,栗,0,07100337,01128,00425,1013131106,桜井牧場,桜井牧場,"Afleet Alex",ムーンライトガーデンズ,"Unbridled's Song",鹿毛,070212,   18.9,  ,    ,44.9
13,02,16,1,小倉,3,11,和布刈特1000,43,ダ,1,1700,重,トーセンケイトゥー,セ,5,勝浦正樹,57.0,16,07,5,5,0,0.7,6,103.9,"1439",0,8,8,7,3,38,464,角居勝彦,栗,128,08102950,01025,01053,1013131107,島川隆哉,社台ファーム,ハーツクライ,ファイナルデスティネーション,O'Reilly,栗毛,080402,   17.8,  ,    ,44.6
13,02,16,1,小倉,3,11,和布刈特1000,43,ダ,1,1700,重,タイガーシード    ,牡,4,熊沢重文,56.0,16,08,9,9,0,1.2,4,104.4,"1444",0,12,12,11,12,38,494,大橋勇樹,栗,0,09101060,00652,01065,1013131108,伊藤和夫,桑田正己,ブラックタキシード,アイアンレディ,ホリスキー,黒鹿,090501,   10.2,  ,    ,45.3
13,02,16,1,小倉,3,11,和布刈特1000,43,ダ,1,1700,重,セフティオリビエト,牡,4,鮫島良太,56.0,16,09,15,15,0,2.5,9,105.7,"1457",0,8,11,12,14,39.1,512,藤岡範士,栗,0,09100352,01099,00289,1013131109,池田實,杵臼斉藤牧場,デュランダル,サウンドアメニティ,キンググローリアス,栗毛,090423,   21.7,  ,    ,42.9
13,02,16,1,小倉,3,11,和布刈特1000,43,ダ,1,1700,重,クレーンズラヴァー,牝,6,丸山元気,55.0,16,10,13,13,0,2,16,105.2,"1452",0,14,13,14,14,38.3,450,清水英克,美,0,07103866,01127,01080,1013131110,本桐牧場,本桐牧場,ゼンノロブロイ,ギャラントハウス,キャロルハウス,栗毛,070409,  259.8,  ,    ,45.3
13,02,16,1,小倉,3,11,和布刈特1000,43,ダ,1,1700,重,レッドシュナイト  ,牡,5,中舘英二,57.0,16,11,6,6,0,0.8,12,104,"1440",0,8,9,9,8,37.8,494,尾関知人,美,0,08102990,00635,01103,1013131111,東京ホースレーシン,社台ファーム,フレンチデピュティ,ベルモット,サンデーサイレンス,栗毛,080430,   57.9,  ,    ,45.5
13,02,16,1,小倉,3,11,和布刈特1000,43,ダ,1,1700,重,オウケンイチゲキ  ,牡,4,北村友一,56.0,16,12,14,14,0,2.4,5,105.6,"1456",0,3,3,3,3,39.9,450,音無秀孝,栗,0,09104783,01102,01002,1013131112,福井明,高瀬牧場,タニノギムレット,オウケンガール,マーベラスサンデー,鹿毛,090506,   13.3,  ,    ,39.8
13,02,16,1,小倉,3,11,和布刈特1000,43,ダ,1,1700,重,キタサンシンガー  ,牡,4,藤岡康太,56.0,16,13,10,10,0,1.4,13,104.6,"1446",0,14,15,14,12,37.8,486,梅田智之,栗,0,09101491,01116,01084,1013131113,大野商事,木田牧場,アドマイヤコジーン,キタサンラブソング,ダンスインザダーク,芦毛,090322,   85.6,  ,    ,46.4
13,02,16,1,小倉,3,11,和布刈特1000,43,ダ,1,1700,重,ハギノコメント    ,牡,4,横山和生,56.0,16,14,8,8,0,1.1,15,104.3,"1443",0,13,13,12,8,37.8,482,松永幹夫,栗,0,09105031,01140,01092,1013131114,日隈良江,ノースヒルズマネジ,ファルブラヴ,ハギノフェリーチェ,サンデーサイレンス,鹿毛,090321,  204.9,  ,    ,46.0
13,02,16,1,小倉,3,11,和布刈特1000,43,ダ,1,1700,重,サンライズブレット,牡,5,松山弘平,57.0,16,15,1,1,0,-0.1,2,103.2,"1432",0,4,3,3,2,37.5,478,平田修,栗,1280,08102808,01126,01082,1013131115,松岡隆雄,社台ファーム,ステイゴールド,オスティエンセ,エリシオ,栗毛,080402,    5.6,  ,    ,45.6
13,02,16,1,小倉,3,11,和布刈特1000,43,ダ,1,1700,重,カチューシャ      ,牝,4,大野拓弥,54.0,16,16,3,3,0,0.3,11,103.5,"1435",0,6,6,7,7,37.6,472,角田晃一,栗,320,09103906,01096,01121,1013131116,窪田芳郎,千代田牧場,ケイムホーム,ロマンスプレゼント,ティンバーカントリー,栃栗,090219,   54.2,  ,    ,45.6
13,02,16,1,小倉,3,12,合馬特別500,23,芝,0,1200,良,アースツリー      ,牝,6,古川吉洋,55.0,17,01,14,14,0,0.7,13,69.6,"1096",0,0,0,12,16,34.4,440,田中章博,栗,0,07102850,01015,00413,1013131201,社台レースホース,社台ファーム,デュランダル,ドライアッド,トニービン,栗毛,070228,   25.5,  ,    ,52.3
13,02,16,1,小倉,3,12,合馬特別500,23,芝,0,1200,良,ベストブルーム    ,牡,6,西田雄一,57.0,17,02,1,1,0,0,3,68.9,"1089",0,0,0,6,5,34.5,466,岩戸孝樹,美,880,07102821,01004,01051,1013131202,横瀬兼二,社台ファーム,フジキセキ,タヤスブルーム,Caerleon,鹿毛,070326,    7.5,  ,    ,49.7
13,02,16,1,小倉,3,12,合馬特別500,23,芝,0,1200,良,サンライズポパイ  ,牡,5,勝浦正樹,57.0,17,03,13,13,0,0.7,6,69.6,"1096",0,0,0,16,12,34.2,464,羽月友彦,栗,0,08105592,01025,01091,1013131203,松岡隆雄,下河辺牧場,サクラバクシンオー,ビッグマリーン,フジキセキ,鹿毛,080410,    9.5,  ,    ,53.5
13,02,16,1,小倉,3,12,合馬特別500,23,芝,0,1200,良,タツフラッシュ    ,牡,5,高倉稜,57.0,17,04,4,4,0,0,9,68.9,"1089",0,0,0,2,2,34.9,484,鮫島一歩,栗,130,08110134,01130,01046,1013131204,村山忠弘,"New Century Bloods","Action This Day","Noble Grass","Mill George",鹿毛,080419,   17.8,  ,    ,47.4
13,02,16,1,小倉,3,12,合馬特別500,23,芝,0,1200,良,アドマイヤクーガー,牡,5,丸山元気,57.0,17,05,2,2,0,0,10,68.9,"1089",0,0,0,17,16,33.4,462,松田博資,栗,350,08102644,01127,00348,1013131205,近藤利一,社台コーポレーショ,ロックオブジブラルタル,キャッチザゴールド,サンデーサイレンス,栗毛,080216,   19.5,  ,    ,56.3
13,02,16,1,小倉,3,12,合馬特別500,23,芝,0,1200,良,ユキノラムセス    ,牡,6,柴山雄一,57.0,17,06,5,5,0,0.2,16,69.1,"1091",0,0,0,4,3,34.9,490,和田正一,美,88,07100871,05243,01114,1013131206,井上基之,フジワラフアーム,ラムタラ,ユキノシンデレラ,サンダーガルチ,栗毛,070509,   78.3,  ,    ,48.0
13,02,16,1,小倉,3,12,合馬特別500,23,芝,0,1200,良,クラウンハッピー  ,牝,5,上野翔,55.0,17,07,17,17,0,0.9,17,69.8,"1098",0,0,0,12,12,34.7,430,小野次郎,美,0,08102247,01087,01125,1013131207,矢野悦三,福岡光夫,スウェプトオーヴァーボード,シルクピュアハート,マヤノトップガン,芦毛,080421,  219.6,  ,    ,51.2
13,02,16,1,小倉,3,12,合馬特別500,23,芝,0,1200,良,アルドワーズ      ,牡,5,中舘英二,57.0,17,08,12,12,0,0.6,11,69.5,"1095",0,0,0,9,10,34.8,454,村山明,栗,0,08103362,00635,01107,1013131208,キャロットファーム,ノーザンファーム,サクラバクシンオー,ラフィントレイル,エルコンドルパサー,芦毛,080405,   20.8,  ,    ,49.7
13,02,16,1,小倉,3,12,合馬特別500,23,芝,0,1200,良,オウケンハナミズキ,牝,4,松田大作,55.0,17,09,15,15,0,0.8,14,69.7,"1097",0,0,0,1,1,35.8,408,牧浦充徳,栗,0,09100106,01030,01113,1013131209,福井明,富田恭司,バゴ,デュプレ,Singspiel,青毛,090325,   33.0,  ,    ,44.7
13,02,16,1,小倉,3,12,合馬特別500,23,芝,0,1200,良,ダブルスパーク    ,牝,4,川須栄彦,55.0,17,10,8,8,0,0.5,1,69.4,"1094",0,0,0,6,7,35,454,藤岡範士,栗,0,09105475,01128,00289,1013131210,吉永清美,上水牧場,アドマイヤコジーン,エアステビア,Woodman,芦毛,090329,    5.6,  ,    ,48.3
13,02,16,1,小倉,3,12,合馬特別500,23,芝,0,1200,良,スピログラフ      ,牡,5,北村友一,57.0,17,11,11,11,0,0.6,12,69.5,"1095",0,0,0,11,12,34.5,492,大久保龍,栗,0,08103385,01102,01058,1013131211,キャロットファーム,ノーザンファーム,サクラバクシンオー,ローカス,トニービン,鹿毛,080210,   21.2,  ,    ,51.4
13,02,16,1,小倉,3,12,合馬特別500,23,芝,0,1200,良,ラブグランデー    ,牝,6,大野拓弥,55.0,17,12,3,3,0,0,2,68.9,"1089",0,0,0,9,7,34.1,476,星野忍,美,220,07103827,01096,01030,1013131212,増田陽一,パラダイス・ファー,グランデラ,レムリア,Theatrical,鹿毛,070409,    6.2,  ,    ,52.1
13,02,16,1,小倉,3,12,合馬特別500,23,芝,0,1200,良,フェブムービング  ,牡,6,中井裕二,57.0,17,13,6,6,0,0.3,7,69.2,"1092",0,0,0,3,3,35.1,494,川村禎彦,栗,0,07103991,01141,01003,1013131213,釘田義広,森政巳,レギュラーメンバー,アラベスク,ブライアンズタイム,鹿毛,070407,   16.0,  ,    ,47.2
13,02,16,1,小倉,3,12,合馬特別500,23,芝,0,1200,良,エステージャ      ,牝,4,松山弘平,55.0,17,14,16,16,0,0.9,15,69.8,"1098",0,0,0,4,5,35.6,408,加藤和宏,美,0,09101920,01126,01077,1013131214,岡田牧雄,森俊雄,チアズブライトリー,イケタイトル,ヤマニンゼファー,芦毛,090312,   41.3,  ,    ,46.1
13,02,16,1,小倉,3,12,合馬特別500,23,芝,0,1200,良,キボウダクリチャン,牝,4,宮崎北斗,55.0,17,15,7,7,0,0.5,5,69.4,"1094",0,0,0,12,11,34.2,444,高市圭二,美,0,09101152,01118,01014,1013131215,栗本博晴,猿橋義昭,チーフベアハート,ウッドフェアリー,Woodman,栗毛,090409,    8.2,  ,    ,52.9
13,02,16,1,小倉,3,12,合馬特別500,23,芝,0,1200,良,タイヨウパフューム,牝,5,菱田裕二,55.0,17,16,9,9,0,0.5,8,69.4,"1094",0,0,0,12,15,34.2,388,岡田稲男,栗,0,08106004,01144,01066,1013131216,小野田健治,日高大洋牧場,ジャングルポケット,ノーザンヴィーナス,ノーザンテースト,鹿毛,080209,   16.2,  ,    ,52.9
13,02,16,1,小倉,3,12,合馬特別500,23,芝,0,1200,良,ニュアージゲラン  ,牝,4,黛弘人,55.0,17,17,10,10,0,0.6,4,69.5,"1095",0,0,0,6,7,35.1,450,大久保洋,美,0,09103004,01109,00138,1013131217,白井岳,碧雲牧場,オンファイア,レーヴドゲラン,リアルシヤダイ,鹿毛,090324,    8.0,  ,    ,48.0
13,02,17,1,小倉,4,01,未勝利,7,ダ,1,1700,重,ダイコウキ        ,牡,3,高倉稜,56.0,16,01,5,5,0,1.1,3,107.4,"1474",0,1,1,1,1,40.3,518,南井克巳,栗,50,10100815,01130,01049,1013140101,小林茂行,ナカノファーム,スタチューオブリバティ,ホウライサンデー,サンデーサイレンス,青鹿,100316,    8.3,  ,    ,40.8
13,02,17,1,小倉,4,01,未勝利,7,ダ,1,1700,重,トウカイビジョン  ,牡,3,川田将雅,56.0,16,02,3,3,0,0.7,2,107,"1470",0,3,3,3,3,39.6,486,野中賢二,栗,130,10101020,01088,01098,1013140102,内村正則,碧雲牧場,ゴールドアリュール,トウカイファイン,フレンチデピュティ,鹿毛,100323,    4.4,  ,    ,42.8
13,02,17,1,小倉,4,01,未勝利,7,ダ,1,1700,重,タイセイボルト    ,牡,3,松田大作,56.0,16,03,4,4,0,0.9,5,107.2,"1472",0,15,15,13,13,38.7,454,矢作芳人,栗,75,10105798,01030,01075,1013140103,田中成奉,新冠橋本牧場,シンボリクリスエス,ルナースフィア,ジェイドロバリー,青鹿,100218,   11.9,  ,    ,46.5
13,02,17,1,小倉,4,01,未勝利,7,ダ,1,1700,重,エーシンカオルーン,牡,3,川須栄彦,56.0,16,04,11,11,0,1.7,1,108,"1480",0,4,6,4,4,40.4,480,小崎憲,栗,0,10104658,01128,01085,1013140104,栄進堂,栄進牧場,フジキセキ,レマーズガール,Defrere,黒鹿,100306,    2.0,  ,    ,41.3
13,02,17,1,小倉,4,01,未勝利,7,ダ,1,1700,重,ナスノニシキ      ,牡,3,中舘英二,56.0,16,05,2,2,0,0.6,9,106.9,"1469",0,12,13,14,14,38.2,482,尾関知人,美,200,10102849,00635,01103,1013140105,那須野牧場,タイヘイ牧場,ジャングルポケット,パーフェクトダンス,サンデーサイレンス,栗毛,100216,   38.1,  ,    ,48.1
13,02,17,1,小倉,4,01,未勝利,7,ダ,1,1700,重,ブリリアントパレス,牡,3,北村友一,56.0,16,06,15,15,0,4.6,16,110.9,"1509",0,16,16,16,16,40.7,528,大根田裕,栗,0,10106355,01102,01032,1013140106,小林量,出羽牧場,アドマイヤメイン,ドリームスマイル,クロコルージュ,栗毛,100317,  298.2,  ,    ,44.1
13,02,17,1,小倉,4,01,未勝利,7,ダ,1,1700,重,トーセンツリー    ,牡,3,黛弘人,56.0,16,07,8,8,0,1.5,7,107.8,"1478",0,4,3,4,4,40.3,462,奥平雅士,美,0,10100247,01109,01074,1013140107,島川隆哉,エスティファーム,ルールオブロー,トーセンビレッタ,スウェプトオーヴァーボード,芦毛,100215,   27.7,  ,    ,41.4
13,02,17,1,小倉,4,01,未勝利,7,ダ,1,1700,重,バンブーデルピエロ,牡,3,松山弘平,56.0,16,08,1,1,0,-0.6,15,106.3,"1463",0,2,2,2,2,39.1,486,鈴木孝志,栗,500,10102248,01126,01111,1013140108,バンブー牧場,バンブー牧場,アフリート,ソラーティカ,Halo,鹿毛,100302,  168.1,  ,    ,43.7
13,02,17,1,小倉,4,01,未勝利,7,ダ,1,1700,重,ミヤビワンド      ,牡,3,吉田隼人,56.0,16,09,7,7,0,1.4,14,107.7,"1477",0,12,11,12,11,39.6,492,大久保洋,美,0,10102144,01095,00138,1013140109,村上義勝,大成牧場,アドマイヤムーン,ジョーディシラオキ,オジジアン,鹿毛,100220,  155.2,  ,    ,43.8
13,02,17,1,小倉,4,01,未勝利,7,ダ,1,1700,重,ニホンピロマイティ,牡,3,酒井学,56.0,16,10,6,6,0,1.4,6,107.7,"1477",0,4,3,4,4,40.2,444,大橋勇樹,栗,0,10103226,01034,01065,1013140110,小林百太郎,福岡清,ブラックタイド,ニホンピロアブミ,コマンダーインチーフ,黒鹿,100220,   22.3,  ,    ,41.6
13,02,17,1,小倉,4,01,未勝利,7,ダ,1,1700,重,ショウサンメグレス,牡,3,宮崎北斗,56.0,16,11,14,14,0,2,12,108.3,"1483",0,10,7,7,7,40.6,486,牧田和弥,栗,0,10104703,01118,01123,1013140111,鈴木昭和,帰山清貴,クロフネ,オルビタル,Caerleon,芦毛,100415,  133.8,  ,    ,41.0
13,02,17,1,小倉,4,01,未勝利,7,ダ,1,1700,重,コウエイアース    ,牡,3,丸山元気,56.0,16,12,9,9,0,1.5,8,107.8,"1478",0,12,11,10,7,39.9,462,川村禎彦,栗,0,10102651,01127,01003,1013140112,西岡静男,グランド牧場,スズカマンボ,セクシーシューズ,パラダイスクリーク,鹿毛,100315,   30.0,  ,    ,42.8
13,02,17,1,小倉,4,01,未勝利,7,ダ,1,1700,重,レッドクラーケン  ,牡,3,西村太一,54.0,16,13,12,12,0,1.8,10,108.1,"1481",0,7,7,7,7,40.3,490,西園正都,栗,0,10103937,01131,01028,1013140113,東京ホースレーシン,社台ファーム,メイショウサムソン,マルカフローリアン,サンデーサイレンス,鹿毛,100305,   63.8,  ,    ,41.8
13,02,17,1,小倉,4,01,未勝利,7,ダ,1,1700,重,クリノロブソン    ,牡,3,丸田恭介,56.0,16,14,16,16,0,6.2,13,112.5,"1525",0,9,13,15,15,43,448,田中章博,栗,0,10106377,01117,00413,1013140114,栗本博晴,ダイヤモンドファー,アグネスデジタル,タカラグリーン,タマモクロス,黒鹿,100312,  143.1,  ,    ,38.2
13,02,17,1,小倉,4,01,未勝利,7,ダ,1,1700,重,デルマコナキジジ  ,牡,3,北村宏司,56.0,16,15,13,13,0,1.9,11,108.2,"1482",0,10,10,10,11,40.3,498,和田正道,美,0,10100966,01043,00353,1013140115,浅沼廣幸,ファニーヒルファー,バトルライン,アドマイヤラップ,フジキセキ,栗毛,100407,  123.0,  ,    ,41.9
13,02,17,1,小倉,4,01,未勝利,7,ダ,1,1700,重,タイムアラウド    ,牡,3,横山和生,53.0,16,16,10,10,0,1.7,4,108,"1480",0,7,7,7,7,40.2,452,木原一良,栗,0,10104443,01140,01033,1013140116,シルクレーシング,社台コーポレーショ,ダイワメジャー,タイムトラベリング,ブライアンズタイム,鹿毛,100318,    8.7,  ,    ,42.0
13,02,17,1,小倉,4,02,500万下,23,ダ,1,1000,重,キボウノチカラ    ,牡,4,二本柳壮,57.0,14,01,9,9,0,1,13,59.1,"0591",0,0,0,12,11,35.1,462,二本柳俊,美,0,09104075,01049,00370,1013140201,上田忠男,畠山牧場,スウェプトオーヴァーボード,プラセール,ヘクタープロテクター,鹿毛,090319,  132.0,  ,    ,52.6
13,02,17,1,小倉,4,02,500万下,23,ダ,1,1000,重,キングリホリホ    ,牡,5,酒井学,57.0,14,02,10,10,0,1.2,11,59.3,"0593",0,0,0,11,12,35.4,490,田所秀孝,栗,0,08103422,01034,01009,1013140202,平井裕,上村清志,キングカメハメハ,ルナジェーナ,フォーティナイナー,栗毛,080419,   64.8,  ,    ,51.3
13,02,17,1,小倉,4,02,500万下,23,ダ,1,1000,重,ハマノヴィグラス  ,牡,4,高倉稜,57.0,14,03,11,11,0,1.2,7,59.3,"0593",0,0,0,13,12,35.2,514,服部利之,栗,0,09103112,01130,01040,1013140203,浜井弘至,モリナガファーム,サウスヴィグラス,ミラクルファンタジ,スキャン,栗毛,090418,   19.2,  ,    ,52.7
13,02,17,1,小倉,4,02,500万下,23,ダ,1,1000,重,ランファン        ,牝,5,丹内祐次,55.0,14,04,13,13,0,1.3,8,59.4,"0594",0,0,0,8,8,35.9,454,金成貴史,美,0,08101690,01091,01132,1013140204,日進牧場,日進牧場,タヤスツヨシ,ウィンワーシップ,マイニング,鹿毛,080312,   53.3,  ,    ,48.2
13,02,17,1,小倉,4,02,500万下,23,ダ,1,1000,重,ダンシングロイヤル,牝,5,丸田恭介,55.0,14,05,5,5,0,0.4,1,58.5,"0585",0,0,0,2,2,35.9,478,大竹正博,美,67,08105189,01117,01102,1013140205,藤田浩一,ロイヤルファーム新,サクラバクシンオー,デビルインマインド,ダンスインザダーク,鹿毛,080227,    3.0,  ,    ,44.4
13,02,17,1,小倉,4,02,500万下,23,ダ,1,1000,重,コウユーサムライ  ,牡,4,丸山元気,57.0,14,06,1,1,0,0,2,58.1,"0581",0,0,0,5,3,35,484,森秀行,栗,670,09109251,01127,00427,1013140206,加治屋貞光,戸田ゆり子,ロドリゴデトリアーノ,キサスキサスキサス,シアトルダンサー2,栗毛,090406,    3.0,  ,    ,49.0
13,02,17,1,小倉,4,02,500万下,23,ダ,1,1000,重,コップヒヤザケ    ,牡,4,北村宏司,57.0,14,07,2,2,0,0,6,58.1,"0581",0,0,0,1,1,35.7,466,鹿戸雄一,美,270,09100368,01043,01097,1013140207,大久保與志雄,杵臼牧場,サクラバクシンオー,デヴォア,"Distant View",鹿毛,090415,   12.9,  ,    ,44.1
13,02,17,1,小倉,4,02,500万下,23,ダ,1,1000,重,ブルーミングメイン,牝,5,菱田裕二,53.0,14,08,12,12,0,1.3,12,59.4,"0594",0,0,0,7,8,36.2,458,村山明,栗,0,08106003,01144,01107,1013140208,内田滋三,日高大洋牧場,タイキシャトル,トワイライトミュージック,"Seeking the Gold",栗毛,080505,  126.4,  ,    ,46.1
13,02,17,1,小倉,4,02,500万下,23,ダ,1,1000,重,ショウナンアルプ  ,牝,4,吉田隼人,55.0,14,09,7,7,0,0.8,10,58.9,"0589",0,0,0,4,5,35.9,454,古賀史生,美,0,09101050,01095,00392,1013140209,国本哲秀,桑田牧場,フレンチデピュティ,ゴールデンページ,サンデーサイレンス,鹿毛,090409,   56.6,  ,    ,46.1
13,02,17,1,小倉,4,02,500万下,23,ダ,1,1000,重,モリトブイコール  ,セ,5,横山和生,54.0,14,10,8,8,0,0.9,5,59,"0590",0,0,0,8,8,35.6,480,小桧山悟,美,0,08106354,01140,01005,1013140210,石橋忠之,スガタ牧場,オンファイア,プリンセスヒムカ,プリンスオブバーズ,栗毛,080215,   12.8,  ,    ,48.6
13,02,17,1,小倉,4,02,500万下,23,ダ,1,1000,重,ヘンリーフォンテン,牡,4,勝浦正樹,57.0,14,11,4,4,0,0.2,4,58.3,"0583",0,0,0,5,5,35.2,470,高橋裕,美,100,09102150,01025,00412,1013140211,吉橋計,新井弘幸,スウェプトオーヴァーボード,バーデンフォンテン,サクラバクシンオー,鹿毛,090509,    8.4,  ,    ,48.4
13,02,17,1,小倉,4,02,500万下,23,ダ,1,1000,重,トーセンモーション,牡,6,大野拓弥,57.0,14,12,14,14,0,2,14,60.1,"1001",0,0,0,14,14,35,454,菅原泰夫,美,0,07105284,01096,00415,1013140212,島川隆哉,エスティファーム,フレンチデピュティ,トーセンビュー,サンデーサイレンス,栗毛,070302,  270.3,  ,    ,57.6
13,02,17,1,小倉,4,02,500万下,23,ダ,1,1000,重,リッカスウィープ  ,牡,6,小牧太,57.0,14,13,6,6,0,0.7,9,58.8,"0588",0,0,0,8,7,35.3,478,藤沢則雄,栗,0,07106795,00894,01041,1013140213,立花幸雄,佐々木貴博,スウェプトオーヴァーボード,パラダイスチャイム,ハイセイコー,鹿毛,070410,   55.8,  ,    ,49.9
13,02,17,1,小倉,4,02,500万下,23,ダ,1,1000,重,タイセイマグナム  ,牡,5,中井裕二,54.0,14,14,3,3,0,0.1,3,58.2,"0582",0,0,0,2,3,35.5,532,新川恵,栗,170,08105034,01141,00202,1013140214,田中成奉,松本信行,スターリングローズ,セッテルンルン,アスワン,栗毛,080409,    5.6,  ,    ,45.9
13,02,17,1,小倉,4,03,未勝利・牝,7,芝,0,1200,良,タガノトレフル    ,牝,3,北村宏司,54.0,18,01,15,15,0,2.2,16,71.2,"1112",0,0,0,16,17,36.2,422,牧浦充徳,栗,0,10105764,01043,01113,1013140301,八木良司,新冠タガノファーム,タガノゲルニカ,タガノミステリアス,マリエンバード,栗毛,100503,  134.2,  ,    ,46.7
13,02,17,1,小倉,4,03,未勝利・牝,7,芝,0,1200,良,エーシンタヒチ    ,牝,3,川須栄彦,54.0,18,02,11,11,0,1.2,11,70.2,"1102",0,0,0,9,9,35.9,428,田所秀孝,栗,0,10104637,01128,01009,1013140302,栄進堂,栄進牧場,オレハマッテルゼ,エイシンチタニア,スピニングワールド,鹿毛,100223,   44.2,  ,    ,45.5
13,02,17,1,小倉,4,03,未勝利・牝,7,芝,0,1200,良,メイショウピオーネ,牝,3,川田将雅,54.0,18,03,0,0,4,999.9,4,0,"----",0,0,0,14,15,0,430,藤原英昭,栗,0,10105157,01088,01055,1013140303,松本好雄,三嶋牧場,アグネスタキオン,メイショウオッチモ,フォーティナイナー,栗毛,100411,    8.7,  ,    , 0.0
13,02,17,1,小倉,4,03,未勝利・牝,7,芝,0,1200,良,ブロンドバレット  ,牝,3,宮崎北斗,54.0,18,04,9,9,0,1.1,9,70.1,"1101",0,0,0,5,5,36,452,新開幸一,美,0,10102112,01118,01116,1013140304,河原義宏,小島牧場,サクラプレジデント,ピュアウインド,デザートキング,栗毛,100420,   26.3,  ,    ,44.7
13,02,17,1,小倉,4,03,未勝利・牝,7,芝,0,1200,良,ラッキーマンボ    ,牝,3,勝浦正樹,54.0,18,05,7,7,0,0.9,1,69.9,"1099",0,0,0,1,1,36.2,484,西浦勝一,栗,0,10101664,01025,01016,1013140305,三石川上牧場,三石川上牧場,スズカマンボ,ミスポーラ,タイキシャトル,鹿毛,100403,    2.5,  ,    ,43.1
13,02,17,1,小倉,4,03,未勝利・牝,7,芝,0,1200,良,シュウギン        ,牝,3,吉田隼人,54.0,18,06,6,6,0,0.8,10,69.8,"1098",0,0,0,5,5,35.7,430,高木登,美,0,10103426,01095,01088,1013140306,山住勲,レキシントンファー,スウェプトオーヴァーボード,キングスミール,Theatrical,鹿毛,100416,   40.1,  ,    ,45.5
13,02,17,1,小倉,4,03,未勝利・牝,7,芝,0,1200,良,プライマリーカラー,牝,3,小牧太,54.0,18,07,13,13,0,1.3,6,70.3,"1103",0,0,0,16,16,35.3,410,松永幹夫,栗,0,10109141,00894,01092,1013140307,前田幸治,シンボリ牧場,ディープインパクト,スイートオーキッド,"Gone West",鹿毛,100209,   10.4,  ,    ,49.2
13,02,17,1,小倉,4,03,未勝利・牝,7,芝,0,1200,良,ロングサリア      ,牝,3,北村友一,54.0,18,08,10,10,0,1.1,13,70.1,"1101",0,0,0,10,12,35.6,424,大根田裕,栗,0,10101984,01102,01032,1013140308,中井敏雄,荻伏三好フアーム,タニノギムレット,ロングフラワー,チーフベアハート,鹿毛,100419,   55.0,  ,    ,46.9
13,02,17,1,小倉,4,03,未勝利・牝,7,芝,0,1200,良,チェリーミルズ    ,牝,3,松山弘平,54.0,18,09,12,12,0,1.2,15,70.2,"1102",0,0,0,2,2,36.5,470,池添兼雄,栗,0,10100689,01126,01021,1013140309,H.H.シェイク・モハ,ダーレー・ジャパン,"Invincible Spirit",ヒントオブスプリング,"Seeking the Gold",鹿毛,100320,   76.3,  ,    ,42.3
13,02,17,1,小倉,4,03,未勝利・牝,7,芝,0,1200,良,アンスタンフィール,牝,3,松田大作,54.0,18,10,3,3,0,0.7,2,69.7,"1097",0,0,0,5,5,35.6,478,松永昌博,栗,130,10103299,01030,01083,1013140310,吉岡泰治,藤原牧場,スタチューオブリバティ,ネヴァカグラ,アグネスタキオン,鹿毛,100306,    7.5,  ,    ,45.8
13,02,17,1,小倉,4,03,未勝利・牝,7,芝,0,1200,良,クリノアンナプルナ,牝,3,伊藤工真,54.0,18,11,14,14,0,1.5,18,70.5,"1105",0,0,0,10,10,36.1,416,日吉正和,栗,0,10105380,01119,01122,1013140311,栗本博晴,柏木一則,ファンタスティックライト,パシティア,シンボリクリスエス,鹿毛,100321,  299.8,  ,    ,45.3
13,02,17,1,小倉,4,03,未勝利・牝,7,芝,0,1200,良,ドルチェダモーレ  ,牝,3,菱田裕二,52.0,18,12,17,17,0,2.8,14,71.8,"1118",0,0,0,18,18,36.6,458,笹田和秀,栗,0,10101366,01144,01104,1013140312,一村哲也,斉藤正男,マイネルラヴ,ゲンパチダンサー,Daylami,芦毛,100408,   71.9,  ,    ,46.2
13,02,17,1,小倉,4,03,未勝利・牝,7,芝,0,1200,良,カシノワルツ      ,牝,3,二本柳壮,54.0,18,13,2,2,0,0.4,3,69.4,"1094",0,0,0,3,2,35.6,438,二本柳俊,美,200,10105716,01049,00370,1013140313,柏木務,中地義次,ローエングリン,マキノワルツ,ダンスインザダーク,黒鹿,100422,    7.8,  ,    ,44.9
13,02,17,1,小倉,4,03,未勝利・牝,7,芝,0,1200,良,コウエイシーチャン,牝,3,横山和生,51.0,18,14,16,16,0,2.4,17,71.4,"1114",0,0,0,10,13,37,412,山内研二,栗,0,10109206,01140,00388,1013140314,伊東政清,伊東政清,マンハッタンカフェ,コウエイマーベラス,アフリート,鹿毛,100131,  212.8,  ,    ,43.0
13,02,17,1,小倉,4,03,未勝利・牝,7,芝,0,1200,良,レッドムーヴ      ,牝,3,中舘英二,54.0,18,15,8,8,0,0.9,8,69.9,"1099",0,0,0,10,10,35.4,444,藤岡健一,栗,0,10103814,00635,01062,1013140315,東京ホースレーシン,社台ファーム,"Rock of Gibraltar",ダンスオブザマンボ,Kingmambo,鹿毛,100304,   22.9,  ,    ,47.5
13,02,17,1,小倉,4,03,未勝利・牝,7,芝,0,1200,良,ニシノモンクス    ,牝,3,中井裕二,51.0,18,16,1,1,0,-0.4,5,69,"1090",0,0,0,8,5,34.8,442,宮本博,栗,500,10101117,01141,01073,1013140316,西山茂行,メイプルファーム,タニノギムレット,パープルストック,フレンチデピュティ,鹿毛,100403,    9.1,  ,    ,48.3
13,02,17,1,小倉,4,03,未勝利・牝,7,芝,0,1200,良,キャメロンロード  ,牝,3,高倉稜,54.0,18,17,4,4,0,0.8,7,69.8,"1098",0,0,0,14,13,35.1,450,北出成人,栗,75,10105742,01130,01078,1013140317,森保彦,長浜牧場,デュランダル,オーデコロン,ボストンハーバー,鹿毛,100325,   17.3,  ,    ,48.9
13,02,17,1,小倉,4,03,未勝利・牝,7,芝,0,1200,良,ショウナンパレット,牝,3,大野拓弥,54.0,18,18,5,5,0,0.8,12,69.8,"1098",0,0,0,3,2,35.9,458,古賀史生,美,50,10105375,01096,00392,1013140318,湘南,柏木一則,ショウナンカンプ,チェリーポップ,スキャターザゴールド,黒鹿,100308,   51.4,  ,    ,44.4
13,02,17,1,小倉,4,04,未勝利,7,芝,0,1800,良,ルーツオブゴールド,牡,3,丸山元気,56.0,16,01,2,2,0,0.4,2,110.5,"1505",0,12,10,9,11,35.6,462,小崎憲,栗,200,10100868,01127,01085,1013140401,広尾レース,野島牧場,ステイゴールド,ゴールドウインク,サクラユタカオー,鹿毛,100405,    4.8,  ,    ,55.2
13,02,17,1,小倉,4,04,未勝利,7,芝,0,1800,良,コスモスターター  ,牝,3,黛弘人,54.0,16,02,4,4,0,0.5,8,110.6,"1506",0,3,3,3,3,36.1,406,鈴木康弘,美,75,10105931,01109,00208,1013140402,ビッグレッドファー,ビッグレッドファー,アドマイヤマックス,コスモエンドレス,スターオブコジーン,栗毛,100503,   20.0,  ,    ,53.2
13,02,17,1,小倉,4,04,未勝利,7,芝,0,1800,良,ベストドロップ    ,牡,3,中井裕二,53.0,16,03,10,10,0,1.4,13,111.5,"1515",0,7,6,9,5,36.7,434,岩戸孝樹,美,0,10102487,01141,01051,1013140403,岡田牧雄,岡田スタツド,トーセンダンス,プレシャスドロップ,フレンチデピュティ,栗毛,100402,   48.2,  ,    ,51.9
13,02,17,1,小倉,4,04,未勝利,7,芝,0,1800,良,サンレイフローラ  ,牝,3,伊藤工真,54.0,16,04,13,13,0,1.6,15,111.7,"1517",0,15,15,16,15,36.1,444,西橋豊治,栗,0,10100109,01119,00434,1013140404,永井宏明,びらとり牧場,スズカマンボ,スズカフローラ,フレンチデピュティ,鹿毛,100405,  117.2,  ,    ,54.7
13,02,17,1,小倉,4,04,未勝利,7,芝,0,1800,良,ハダシノミライ    ,牡,3,吉田隼人,56.0,16,05,9,9,0,1.2,3,111.3,"1513",0,7,8,12,15,36.3,510,荒川義之,栗,0,10103860,01095,01095,1013140405,ビリオンスター,社台ファーム,クロフネ,バブルファンタジー,スペシャルウィーク,黒鹿,100308,    7.3,  ,    ,53.3
13,02,17,1,小倉,4,04,未勝利,7,芝,0,1800,良,マキシマムジョイ  ,牝,3,勝浦正樹,54.0,16,06,12,12,0,1.4,7,111.5,"1515",0,14,14,13,11,36.4,448,須貝尚介,栗,0,10101695,01025,01105,1013140406,杉山忠国,明治牧場,ハーツクライ,シャイニングピアス,ブライアンズタイム,黒鹿,100428,   17.4,  ,    ,53.2
13,02,17,1,小倉,4,04,未勝利,7,芝,0,1800,良,パープルルビー    ,牝,3,酒井学,54.0,16,07,8,8,0,1.1,11,111.2,"1512",0,5,6,7,5,36.5,442,境直行,栗,0,10101010,01034,00346,1013140407,中野銀十,藤本ファーム,タイキシャトル,ベネットクィーン,"Clever Trick",黒鹿,100204,   26.6,  ,    ,52.3
13,02,17,1,小倉,4,04,未勝利,7,芝,0,1800,良,ポセイドンバローズ,牡,3,川田将雅,56.0,16,08,1,1,0,-0.4,1,110.1,"1501",0,2,2,2,2,35.8,454,武田博,栗,500,10105787,01088,00224,1013140408,猪熊広次,新冠橋本牧場,ハーツクライ,ダディーズシューズ,サクラユタカオー,栗毛,100504,    3.2,  ,    ,53.8
13,02,17,1,小倉,4,04,未勝利,7,芝,0,1800,良,ミエノハートハート,牡,3,中舘英二,56.0,16,09,7,7,0,0.8,9,110.9,"1509",0,15,15,15,9,35.6,428,尾関知人,美,0,10103842,00635,01103,1013140409,里見美惠子,社台ファーム,チチカステナンゴ,ニフティハート,サンデーサイレンス,鹿毛,100410,   20.4,  ,    ,55.8
13,02,17,1,小倉,4,04,未勝利,7,芝,0,1800,良,ハーデス          ,牡,3,北村友一,56.0,16,10,6,6,0,0.6,5,110.7,"1507",0,3,3,3,3,36.3,502,平田修,栗,0,10100807,01102,01082,1013140410,ターフ・スポート,ナカノファーム,シンボリクリスエス,クロッサンドラ,フジキセキ,青毛,100203,   11.2,  ,    ,52.5
13,02,17,1,小倉,4,04,未勝利,7,芝,0,1800,良,ハイフェアレディー,牝,3,宮崎北斗,54.0,16,11,16,16,0,2.2,16,112.3,"1523",0,13,13,14,14,37.1,388,高市圭二,美,0,10104799,01118,01014,1013140411,井上久光,グラストレーニング,アドマイヤコジーン,シャラララ,アフリート,栗毛,100411,  314.4,  ,    ,51.3
13,02,17,1,小倉,4,04,未勝利,7,芝,0,1800,良,コスモギガデイン  ,牡,3,丹内祐次,56.0,16,12,15,15,0,1.7,12,111.8,"1518",0,10,10,6,9,37.2,460,黒岩陽一,美,0,10100344,01091,01133,1013140412,岡田繁幸,木村牧場,リンカーン,ラヴリーサンダー,"Thunder Gulch",栗毛,100303,   48.1,  ,    ,50.3
13,02,17,1,小倉,4,04,未勝利,7,芝,0,1800,良,ボンボニエール    ,牝,3,横山和生,51.0,16,13,14,14,0,1.6,14,111.7,"1517",0,5,5,3,5,37.2,432,菊川正達,美,0,10106111,01140,01052,1013140413,丸岡啓一,村田牧場,チチカステナンゴ,アイレスバリーヒル,Woodman,芦毛,100304,   89.8,  ,    ,50.1
13,02,17,1,小倉,4,04,未勝利,7,芝,0,1800,良,フューチャステップ,牡,3,川須栄彦,56.0,16,14,5,5,0,0.5,4,110.6,"1506",0,10,12,9,5,35.8,444,池江泰寿,栗,50,10100558,01128,01071,1013140414,嶋田賢,シンコーファーム,アドマイヤムーン,シンコウラブリイ,Caerleon,鹿毛,100402,    7.6,  ,    ,54.5
13,02,17,1,小倉,4,04,未勝利,7,芝,0,1800,良,ソリーソアンジェロ,牝,3,北村宏司,54.0,16,15,11,11,0,1.4,10,111.5,"1515",0,7,8,7,11,36.8,454,橋口弘次,栗,0,10104001,01043,00343,1013140415,社台レースホース,社台ファーム,ディープインパクト,レンドフェリーチェ,Cozzene,鹿毛,100203,   24.4,  ,    ,51.5
13,02,17,1,小倉,4,04,未勝利,7,芝,0,1800,良,ラノララク        ,牝,3,嘉藤貴行,54.0,16,16,3,3,0,0.4,6,110.5,"1505",0,1,1,1,1,36.4,468,高橋祥泰,美,130,10102239,01051,00359,1013140416,ミルファーム,バンダム牧場,オレハマッテルゼ,ミラクルケープ,フォーティナイナー,栗毛,100323,   12.7,  ,    ,51.8
13,02,17,1,小倉,4,05,新馬,15,芝,0,2000,良,イキイキシンサク  ,牡,3,丸田恭介,56.0,16,01,15,15,0,3.9,16,129,"2090",0,16,16,15,15,38.3,488,武宏平,栗,0,10102876,01117,00221,1013140501,中山速水,武牧場,アルカセット,ゼラニウム,フォーティナイナー,鹿毛,100301,  125.3,  ,    ,51.5
13,02,17,1,小倉,4,05,新馬,15,芝,0,2000,良,ワイドエクセレント,牡,3,中舘英二,56.0,16,02,9,9,0,0.6,3,125.7,"2057",0,1,1,1,1,37.4,534,藤岡健一,栗,0,10110044,00635,01062,1013140502,古賀慎一,"Gulf Coast Farms L","Midnight Lute","Clay's Rocket","American Chance",鹿毛,100223,    7.4,  ,    ,51.2
13,02,17,1,小倉,4,05,新馬,15,芝,0,2000,良,ニチドウカムイ    ,牡,3,菱田裕二,54.0,16,03,13,13,0,1.5,10,126.6,"2066",0,2,2,2,2,38.3,500,高橋義忠,栗,0,10101237,01144,01129,1013140503,山田伸,大平牧場,ジャングルポケット,ニチドウジョリーズ,ジョリーズヘイロー,黒鹿,100419,   29.2,  ,    ,48.8
13,02,17,1,小倉,4,05,新馬,15,芝,0,2000,良,ライドンシャフト  ,牡,3,川田将雅,56.0,16,04,5,5,0,0.2,7,125.3,"2053",0,13,13,6,5,36.6,500,松田博資,栗,60,10104084,01088,00348,1013140504,サンデーレーシング,ノーザンファーム,ネオユニヴァース,キッスパシオン,ジェイドロバリー,栗毛,100510,   12.6,  ,    ,53.9
13,02,17,1,小倉,4,05,新馬,15,芝,0,2000,良,プリエールエスペレ,牡,3,北村宏司,56.0,16,05,10,10,0,0.8,4,125.9,"2059",0,9,8,10,9,36.8,524,鹿戸雄一,美,0,10103749,01043,01097,1013140505,グリーンファーム,社台ファーム,グラスワンダー,サイレントプレアー,サンデーサイレンス,栗毛,100312,    8.3,  ,    ,53.8
13,02,17,1,小倉,4,05,新馬,15,芝,0,2000,良,ユニバーサルキング,牡,3,高倉稜,56.0,16,06,14,14,0,3,8,128.1,"2081",0,14,14,14,14,37.9,488,松永昌博,栗,0,10104149,01130,01083,1013140506,シルクレーシング,ノーザンファーム,スペシャルウィーク,シルクユニバーサル,ブライアンズタイム,鹿毛,100208,   15.5,  ,    ,52.0
13,02,17,1,小倉,4,05,新馬,15,芝,0,2000,良,モンモン          ,牡,3,勝浦正樹,56.0,16,07,11,11,0,0.9,11,126,"2060",0,5,5,6,7,37.2,480,谷潔,栗,0,10104889,01025,00431,1013140507,小田切有一,高野牧場,サムライハート,イッシュンノユメ,サクラローレル,鹿毛,100511,   29.6,  ,    ,52.3
13,02,17,1,小倉,4,05,新馬,15,芝,0,2000,良,ドリームプレイヤー,牡,3,松田大作,56.0,16,08,7,7,0,0.4,12,125.5,"2055",0,5,5,6,9,36.7,500,木原一良,栗,0,10104555,01030,01033,1013140508,セゾンレースホース,追分ファーム,グラスワンダー,プレギエーラ,サンデーサイレンス,栗毛,100416,   44.8,  ,    ,53.7
13,02,17,1,小倉,4,05,新馬,15,芝,0,2000,良,ムテキザセカンド  ,牡,3,中井裕二,53.0,16,09,6,6,0,0.4,5,125.5,"2055",0,2,2,2,2,37.2,508,長浜博之,栗,0,10102600,01141,00395,1013140509,谷水雄三,カントリー牧場,グラスワンダー,タニノジャドール,サンデーサイレンス,栗毛,100323,    8.5,  ,    ,51.7
13,02,17,1,小倉,4,05,新馬,15,芝,0,2000,良,オリオンザヒーロー,牡,3,小牧太,56.0,16,10,1,1,0,0,9,125.1,"2051",0,5,5,5,5,36.6,458,飯田雄三,栗,600,10102352,00894,01050,1013140510,平本敏夫,荒木貴宏,ストーミングホーム,ザペキンハート,サンデーウェル,黒鹿,100202,   21.2,  ,    ,53.6
13,02,17,1,小倉,4,05,新馬,15,芝,0,2000,良,メイショウタタラ  ,牡,3,松山弘平,56.0,16,11,0,0,4,999.9,2,0,"----",0,15,14,16,16,0,528,中村均,栗,0,10104739,01126,00261,1013140511,松本好雄,ガーベラパークスタ,マンハッタンカフェ,ジョーベアトリチェ,キャロルハウス,青鹿,100408,    4.9,  ,    , 0.0
13,02,17,1,小倉,4,05,新馬,15,芝,0,2000,良,エイヴィアンボス  ,牡,3,川須栄彦,56.0,16,12,4,4,0,0.2,15,125.3,"2053",0,9,8,10,9,36.2,512,橋口弘次,栗,90,10100895,01128,00343,1013140512,桑畑隆信,浜本牧場,シンボリクリスエス,ツルマルオジョウ,ダンスインザダーク,鹿毛,100611,   96.7,  ,    ,55.5
13,02,17,1,小倉,4,05,新馬,15,芝,0,2000,良,ルナレガーロ      ,牝,3,北村友一,54.0,16,13,2,2,0,0,6,125.1,"2051",0,8,8,6,7,36.4,480,音無秀孝,栗,240,10104077,01102,01002,1013140513,サンデーレーシング,ノーザンファーム,アドマイヤムーン,カーリーエンジェル,ジヤツジアンジエルーチ,鹿毛,100204,   10.8,  ,    ,54.4
13,02,17,1,小倉,4,05,新馬,15,芝,0,2000,良,メイショウジロキチ,牡,3,吉田隼人,56.0,16,14,8,8,0,0.5,14,125.6,"2056",0,12,11,10,12,36.4,492,荒川義之,栗,0,10106499,01095,01095,1013140514,松本好雄,吉田又治,クロフネ,フラワーチャンプ,フジキセキ,芦毛,100512,   62.5,  ,    ,55.0
13,02,17,1,小倉,4,05,新馬,15,芝,0,2000,良,ニホンピロホウオー,牡,3,酒井学,56.0,16,15,12,12,0,1.3,13,126.4,"2064",0,11,11,13,13,36.8,444,服部利之,栗,0,10103228,01034,01040,1013140515,小林百太郎,福岡清,フサイチホウオー,ニホンピロポリーナ,ニホンピロウイナー,黒鹿,100523,   55.9,  ,    ,54.3
13,02,17,1,小倉,4,05,新馬,15,芝,0,2000,良,メイショウバッカス,牡,3,丸山元気,56.0,16,16,3,3,0,0.1,1,125.2,"2052",0,4,2,2,2,36.8,468,角居勝彦,栗,150,10105150,01127,01053,1013140516,松本好雄,三嶋牧場,"Cape Cross",ベルナール,Alzao,鹿毛,100130,    3.9,  ,    ,53.0
13,02,17,1,小倉,4,06,500万下,23,ダ,1,1700,重,リバータイキ      ,牡,4,北村友一,56.0,12,01,6,6,0,0.4,6,105.3,"1453",0,4,3,5,6,37.5,490,作田誠二,栗,0,09101968,01102,01006,1013140601,河越武治,稲原牧場,タイキシャトル,エアコムロー,オペラハウス,栗毛,090324,    8.8,  ,    ,48.6
13,02,17,1,小倉,4,06,500万下,23,ダ,1,1700,重,ダノンクルソラ    ,セ,5,川須栄彦,57.0,12,02,8,8,0,0.6,12,105.5,"1455",0,9,9,12,11,37,474,高柳瑞樹,美,0,08103133,01128,01118,1013140602,ダノックス,ノーザンファーム,"Fusaichi Pegasus",クルソラ,"Candy Stripes",鹿毛,080330,  114.5,  ,    ,51.0
13,02,17,1,小倉,4,06,500万下,23,ダ,1,1700,重,シゲルハンベイ    ,牡,6,高倉稜,57.0,12,03,11,11,0,1.1,8,106,"1460",0,9,9,9,11,37.7,494,梅内忍,栗,0,07100070,01130,00398,1013140603,森中蕃,及川ミツ子,トワイニング,ミスグランドコーホ,ヤマニンスキー,栗毛,070502,   28.4,  ,    ,48.8
13,02,17,1,小倉,4,06,500万下,23,ダ,1,1700,重,バサラヴォーグ    ,牡,4,西田雄一,56.0,12,04,4,4,0,0.4,5,105.3,"1453",0,1,1,1,1,37.8,486,大竹正博,美,100,09101353,01004,01102,1013140604,湊義明,村下牧場,スウェプトオーヴァーボード,ナリタランバード,Miswaki,芦毛,090428,    8.4,  ,    ,47.4
13,02,17,1,小倉,4,06,500万下,23,ダ,1,1700,重,オルレアンノオトメ,牝,6,嘉藤貴行,55.0,12,05,12,12,0,1.2,10,106.1,"1461",0,4,5,5,8,38.2,474,武市康男,美,0,07104109,01051,01089,1013140605,ミルファーム,イワミ牧場,チーフベアハート,マイネカプリース,タヤスツヨシ,鹿毛,070323,   42.9,  ,    ,47.0
13,02,17,1,小倉,4,06,500万下,23,ダ,1,1700,重,ビービーアックス  ,牡,5,中井裕二,54.0,12,06,5,5,0,0.4,2,105.3,"1453",0,2,2,2,2,37.7,494,手塚貴久,美,67,08104714,01141,01038,1013140606,坂東牧場,中本牧場,アドマイヤジャパン,ダイヤターン,メジロテイターン,鹿毛,080329,    4.1,  ,    ,47.8
13,02,17,1,小倉,4,06,500万下,23,ダ,1,1700,重,ブリスコーラ      ,牡,4,大野拓弥,56.0,12,07,1,1,0,-0.1,1,104.9,"1449",0,6,7,5,4,37.1,498,千田輝彦,栗,670,09102866,01096,01120,1013140607,山口正行,長谷川一男,オンファイア,トーホウハヤカゼ,エリシオ,鹿毛,090317,    3.5,  ,    ,49.7
13,02,17,1,小倉,4,06,500万下,23,ダ,1,1700,重,クオリティタイム  ,セ,7,松山弘平,57.0,12,08,10,10,0,0.9,4,105.8,"1458",0,11,11,11,10,37.4,426,小野幸治,栗,0,06103177,01126,00350,1013140608,名古屋友豊,ノーザンファーム,トワイニング,カタリスト,"Sadler's Wells",鹿毛,060404,    7.0,  ,    ,49.8
13,02,17,1,小倉,4,06,500万下,23,ダ,1,1700,重,アポロダッシュ    ,牡,4,勝浦正樹,56.0,12,09,3,3,0,0.3,7,105.2,"1452",0,2,3,2,2,37.6,452,矢野英一,美,170,09103084,01025,01108,1013140609,アポロサラブレッド,三輪幸子,アポロキングダム,キタノオペラ,グランドオペラ,栗毛,090328,   17.2,  ,    ,48.1
13,02,17,1,小倉,4,06,500万下,23,ダ,1,1700,重,キョウエイプラウド,牡,5,丸田恭介,57.0,12,10,9,9,0,0.8,9,105.7,"1457",0,6,5,4,4,38,514,藤原辰雄,美,0,08101050,01117,00435,1013140610,田中晴夫,田湯牧場,タイキファイヤー,グリシーナ,ジェイドロバリー,鹿毛,080527,   33.0,  ,    ,47.2
13,02,17,1,小倉,4,06,500万下,23,ダ,1,1700,重,エスペリア        ,牡,4,丸山元気,56.0,12,11,2,2,0,0.1,11,105,"1450",0,11,12,9,7,36.8,456,松元茂樹,栗,270,09106742,01127,00419,1013140611,佐々木雄二,モリナガファーム,デュランダル,バーシャ,"Chief's Crown",栗毛,090531,   46.7,  ,    ,51.1
13,02,17,1,小倉,4,06,500万下,23,ダ,1,1700,重,メイショウヤギュウ,牡,4,菱田裕二,54.0,12,12,7,7,0,0.5,3,105.4,"1454",0,8,8,8,8,37.3,462,南井克巳,栗,0,09104161,01144,01049,1013140612,松本好雄,フジワラフアーム,クロフネ,ピサノベネチアン,サンデーサイレンス,栗毛,090404,    5.7,  ,    ,49.6
13,02,17,1,小倉,4,07,500万下,23,芝,0,2600,良,ミライヘノカゼ    ,牡,4,高倉稜,56.0,13,01,9,9,0,1.7,4,161.5,"2415",0,4,4,7,7,37.2,468,伊藤大士,美,0,09103880,01130,01109,1013140701,三島宣彦,千代田牧場,マンハッタンカフェ,フサイチシルヴィ,アフリート,鹿毛,090226,    7.5,  ,    ,50.2
13,02,17,1,小倉,4,07,500万下,23,芝,0,2600,良,マイネルテンクウ  ,牡,4,丹内祐次,56.0,13,02,3,3,0,0.4,6,160.2,"2402",0,5,5,3,2,36.2,508,手塚貴久,美,170,09105148,01091,01038,1013140702,サラブレッドクラブ,ビッグレッドファー,タニノギムレット,コスモフライハイ,ダンスインザダーク,鹿毛,090203,    8.5,  ,    ,52.8
13,02,17,1,小倉,4,07,500万下,23,芝,0,2600,良,エメラルブライト  ,牡,5,菱田裕二,55.0,13,03,11,11,0,2.9,13,162.7,"2427",0,6,6,7,10,38.4,448,加藤敬二,栗,0,08105769,01144,00379,1013140703,高橋勉,ダーレー・ジャパン,ファンタスティックライト,ストロベリーフェア,Kingmambo,黒鹿,080214,  207.8,  ,    ,47.1
13,02,17,1,小倉,4,07,500万下,23,芝,0,2600,良,ゴッドフローラ    ,牝,5,中井裕二,52.0,13,04,13,13,0,5.4,9,165.2,"2452",0,1,1,6,13,41.1,496,角田晃一,栗,0,08105113,01141,01121,1013140704,中西憲治,森永正志,アグネスタキオン,ゴッドインチーフ,コマンダーインチーフ,芦毛,080224,   26.4,  ,    ,40.6
13,02,17,1,小倉,4,07,500万下,23,芝,0,2600,良,メジロダイボサツ  ,牡,5,黛弘人,57.0,13,05,2,2,0,0.3,7,160.1,"2401",0,6,6,7,6,35.8,460,大久保洋,美,270,08102525,01109,00138,1013140705,岩崎伸道,メジロ牧場,ディープインパクト,メジロドーベル,メジロライアン,鹿毛,080414,   14.6,  ,    ,54.2
13,02,17,1,小倉,4,07,500万下,23,芝,0,2600,良,バンダムラディウス,牡,5,丸田恭介,57.0,13,06,4,4,0,0.8,1,160.6,"2406",0,11,10,11,7,36,468,大竹正博,美,100,08102209,01117,01102,1013140706,山科統,バンダム牧場,デュランダル,ミラクルケープ,フォーティナイナー,栃栗,080331,    3.6,  ,    ,53.8
13,02,17,1,小倉,4,07,500万下,23,芝,0,2600,良,ディープスノー    ,牝,5,丸山元気,55.0,13,07,12,12,0,4.5,11,164.3,"2443",0,2,2,2,7,40.5,464,牧光二,美,0,08104247,01127,01106,1013140707,日下部勝徳,石郷岡雅樹,ディープインパクト,カフェオペラ,"Sadler's Wells",鹿毛,080322,   31.8,  ,    ,41.7
13,02,17,1,小倉,4,07,500万下,23,芝,0,2600,良,リッカタキシード  ,牡,6,小牧太,57.0,13,08,10,10,0,2.2,12,162,"2420",0,12,13,13,11,37.1,450,藤沢則雄,栗,0,07106051,00894,01041,1013140708,立花幸雄,宝寄山忠則,ブラックタキシード,ヤマシロラッキー,ダミスター,黒鹿,070430,   81.0,  ,    ,51.0
13,02,17,1,小倉,4,07,500万下,23,芝,0,2600,良,ジェラルド        ,牡,4,川須栄彦,56.0,13,09,7,7,0,1.1,3,160.9,"2409",0,6,6,3,3,36.9,484,友道康夫,栗,0,09106181,01128,01061,1013140709,キャロットファーム,ノーザンファーム,アグネスタキオン,ジェイズジュエリー,リアルシヤダイ,栗毛,090311,    5.9,  ,    ,50.8
13,02,17,1,小倉,4,07,500万下,23,芝,0,2600,良,テーオーダンシング,セ,6,勝浦正樹,57.0,13,10,6,6,0,1,10,160.8,"2408",0,3,3,1,1,37,528,梅田智之,栗,0,07106306,01025,01084,1013140710,小笹公也,清水牧場,ダンスインザダーク,プライムタイムサンデー,Premiership,鹿毛,070327,   27.1,  ,    ,50.4
13,02,17,1,小倉,4,07,500万下,23,芝,0,2600,良,カンタベリーナイト,牡,4,二本柳壮,56.0,13,11,1,1,0,-0.3,5,159.8,"2398",0,12,12,7,3,35.5,498,二本柳俊,美,670,09106738,01049,00370,1013140711,峰哲馬,藤吉牧場,スパイキュール,トミノラブラドール,ハンティングホーク,鹿毛,090419,    8.1,  ,    ,55.0
13,02,17,1,小倉,4,07,500万下,23,芝,0,2600,良,テイエムオペラドン,牡,4,酒井学,56.0,13,12,8,8,0,1.4,8,161.2,"2412",0,9,9,3,3,37.2,462,新川恵,栗,0,09100335,01034,00202,1013140712,竹園正繼,川越ファーム,テイエムオペラオー,テイエムオーシャン,ダンシングブレーヴ,鹿毛,090313,   18.2,  ,    ,50.0
13,02,17,1,小倉,4,07,500万下,23,芝,0,2600,良,ランフォージン    ,牡,4,松山弘平,56.0,13,13,5,5,0,0.9,2,160.7,"2407",0,9,10,11,11,36.1,454,清水出美,栗,67,09106551,01126,00369,1013140713,社台レースホース,社台コーポレーショ,タニノギムレット,ライクリーティナ,サンデーサイレンス,黒鹿,090126,    5.3,  ,    ,53.5
13,02,17,1,小倉,4,08,500万下・牝,23,芝,0,1200,良,ドリームパワー    ,牝,4,西村太一,53.0,18,01,12,12,0,1,10,69.2,"1092",0,0,0,4,4,35.7,434,二ノ宮敬,美,0,09104837,01131,00409,1013140801,大栄牧場,大栄牧場,キングヘイロー,ニシノコマチ,Miswaki,鹿毛,090327,   31.7,  ,    ,43.8
13,02,17,1,小倉,4,08,500万下・牝,23,芝,0,1200,良,センティラシオン  ,牝,5,西田雄一,55.0,18,02,17,17,0,1.8,18,70,"1100",0,0,0,15,17,35.6,484,柄崎孝,美,0,08101613,01004,00380,1013140802,中村博亮,辻牧場,クロフネ,ガーデンローズ,トニービン,芦毛,080207,  180.9,  ,    ,46.6
13,02,17,1,小倉,4,08,500万下・牝,23,芝,0,1200,良,ヒミノミズキ      ,牝,5,高倉稜,55.0,18,03,16,16,0,1.3,13,69.5,"1095",0,0,0,7,8,35.7,474,坪憲章,栗,0,08106059,01130,00361,1013140803,佐々木八郎,福満牧場,アドマイヤマックス,ショウエイミズキ,Nashwan,栗毛,080330,   81.6,  ,    ,44.7
13,02,17,1,小倉,4,08,500万下・牝,23,芝,0,1200,良,サクラブライト    ,牝,5,黛弘人,55.0,18,04,5,5,0,0.6,6,68.8,"1088",0,0,0,1,1,35.8,436,奥平雅士,美,67,08100406,01109,01074,1013140804,さくらコマース,新和牧場,サクラプレジデント,サクラブラッサム,"Seattle Slew",黒鹿,080217,   13.6,  ,    ,42.2
13,02,17,1,小倉,4,08,500万下・牝,23,芝,0,1200,良,タガノカノープス  ,牝,4,北村友一,55.0,18,05,13,13,0,1.1,9,69.3,"1093",0,0,0,13,14,35.1,430,川村禎彦,栗,0,09104948,01102,01003,1013140805,八木良司,八木牧場,ストラヴィンスキー,タガノシャルマン,トニービン,鹿毛,090223,   19.0,  ,    ,47.4
13,02,17,1,小倉,4,08,500万下・牝,23,芝,0,1200,良,クィンビークイーン,牝,6,丸山元気,55.0,18,06,7,7,0,0.7,12,68.9,"1089",0,0,0,17,16,33.9,444,小西一男,美,0,07102127,01127,00405,1013140806,竹森幹雄,大成牧場,アドマイヤマックス,ジョーディッガー,ジェイドロバリー,鹿毛,070410,   40.0,  ,    ,53.2
13,02,17,1,小倉,4,08,500万下・牝,23,芝,0,1200,良,ワンダーストーリリ,牝,6,菅原隆一,52.0,18,07,15,15,0,1.3,17,69.5,"1095",0,0,0,7,10,35.7,410,佐藤正雄,栗,0,07106714,01129,01025,1013140807,山本信行,フクダファーム,バゴ,ワンダーマドンナ,ピルサドスキー,黒鹿,070416,  179.8,  ,    ,44.7
13,02,17,1,小倉,4,08,500万下・牝,23,芝,0,1200,良,アーベントロート  ,牝,4,菱田裕二,53.0,18,08,4,4,0,0.5,4,68.7,"1087",0,0,0,7,6,35,434,笹田和秀,栗,100,09105917,01144,01104,1013140808,社台レースホース,社台ファーム,フジキセキ,ビルアンドクー,ジェイドロバリー,黒鹿,090323,    6.6,  ,    ,46.3
13,02,17,1,小倉,4,08,500万下・牝,23,芝,0,1200,良,サンキストビーチ  ,牝,5,松山弘平,55.0,18,09,6,6,0,0.6,11,68.8,"1088",0,0,0,13,12,34.6,440,阿部新生,美,0,08102230,01126,00106,1013140809,新木鈴子,ヒダカフアーム,ワイルドラッシュ,ソープオペラクイーン,"Never Tabled",鹿毛,080416,   32.2,  ,    ,48.8
13,02,17,1,小倉,4,08,500万下・牝,23,芝,0,1200,良,フジドリーム      ,牝,4,丹内祐次,55.0,18,10,14,14,0,1.2,7,69.4,"1094",0,0,0,12,12,35.4,422,清水英克,美,0,09104467,01091,01080,1013140810,藤田達男,イワミ牧場,オペラハウス,コスモハイクラス,ウォーニング,鹿毛,090226,   14.6,  ,    ,46.0
13,02,17,1,小倉,4,08,500万下・牝,23,芝,0,1200,良,アブシンベル      ,牝,4,横山和生,52.0,18,11,18,18,0,2.4,16,70.6,"1106",0,0,0,18,18,35.2,434,山内研二,栗,0,09103728,01140,00388,1013140811,山田貞蔵,武岡牧場,ルールオブロー,デフィニット,Dehere,鹿毛,090511,  112.8,  ,    ,50.6
13,02,17,1,小倉,4,08,500万下・牝,23,芝,0,1200,良,グランサンク      ,牝,5,北村宏司,55.0,18,12,9,9,0,0.8,8,69,"1090",0,0,0,2,2,35.9,480,鹿戸雄一,美,0,08100543,01043,01097,1013140812,村木隆,千代田牧場,ジャングルポケット,グランシェール,ビゼンニシキ,栗毛,080312,   18.0,  ,    ,42.2
13,02,17,1,小倉,4,08,500万下・牝,23,芝,0,1200,良,オースミマイカ    ,牝,5,松田大作,55.0,18,13,2,2,0,0.4,1,68.6,"1086",0,0,0,4,4,35.1,462,昆貢,栗,270,08105190,01030,01044,1013140813,オースミ,若林牧場,ディープインパクト,グレイトグレイス,グルームダンサー,鹿毛,080402,    3.8,  ,    ,45.4
13,02,17,1,小倉,4,08,500万下・牝,23,芝,0,1200,良,エクセレントピーク,牝,5,川須栄彦,55.0,18,14,1,1,0,-0.4,2,68.2,"1082",0,0,0,2,3,35,466,伊藤大士,美,670,08100569,01128,01109,1013140814,飯田正剛,千代田牧場,アドマイヤジャパン,チョウカイクリス,サクラバクシンオー,鹿毛,080406,    5.7,  ,    ,44.9
13,02,17,1,小倉,4,08,500万下・牝,23,芝,0,1200,良,マヤノポルカ      ,牝,4,中井裕二,52.0,18,15,11,11,0,1,15,69.2,"1092",0,0,0,15,14,34.8,428,梅内忍,栗,0,09105352,01141,00398,1013140815,田所英子,村田牧場,マヤノトップガン,モガミヒメ,カコイーシーズ,鹿毛,090321,   88.6,  ,    ,48.9
13,02,17,1,小倉,4,08,500万下・牝,23,芝,0,1200,良,エムアイチャンドラ,牝,4,大野拓弥,55.0,18,16,8,8,0,0.8,14,69,"1090",0,0,0,4,6,35.4,462,松永康利,美,0,09102447,01096,01093,1013140816,礒川正明,下河辺牧場,ムーンバラッド,グウィボー,Woodman,栗毛,090408,   86.2,  ,    ,44.9
13,02,17,1,小倉,4,08,500万下・牝,23,芝,0,1200,良,トップルビー      ,牝,5,酒井学,55.0,18,17,10,10,0,1,3,69.2,"1092",0,0,0,7,10,35.5,454,新川恵,栗,0,08101804,01034,00202,1013140817,宮内牧場,宮内牧場,チーフベアハート,タガノルビー,サンデーサイレンス,黒鹿,080305,    6.6,  ,    ,44.9
13,02,17,1,小倉,4,08,500万下・牝,23,芝,0,1200,良,ケイツーノース    ,牝,6,丸田恭介,55.0,18,18,3,3,0,0.5,5,68.7,"1087",0,0,0,11,8,34.8,506,大竹正博,美,170,07104657,01117,01102,1013140818,楠本勝美,長浜忠,ファルブラヴ,シャフィガ,Woodman,栗毛,070319,    8.1,  ,    ,47.4
13,02,17,1,小倉,4,09,500万下,23,ダ,1,1700,重,サプライズ        ,牡,4,松田大作,56.0,15,01,14,14,0,2.5,7,106.9,"1469",0,11,11,10,10,38.9,468,千田輝彦,栗,0,09100601,01030,01120,1013140901,深見富朗,辻牧場,ネオユニヴァース,ライサムード,ブラックタイアフェアー,鹿毛,090125,   30.5,  ,    ,45.3
13,02,17,1,小倉,4,09,500万下,23,ダ,1,1700,重,ブルーイングリーン,牡,4,丸山元気,56.0,15,02,5,5,0,0.8,9,105.2,"1452",0,11,11,4,5,38.3,486,手塚貴久,美,67,09106397,01127,01038,1013140902,青芝商事,ノーザンファーム,フジキセキ,レイズアンドコール,サクラバクシンオー,栗毛,090308,   50.7,  ,    ,45.3
13,02,17,1,小倉,4,09,500万下,23,ダ,1,1700,重,トーホウサターン  ,牡,4,中井裕二,53.0,15,03,12,12,0,2.4,10,106.8,"1468",0,8,10,15,15,38.3,484,川村禎彦,栗,0,09102584,01141,01003,1013140903,東豊物産,竹島幸治,トーホウエンペラー,トーホウグレース,フォーティナイナー,青鹿,090324,   56.6,  ,    ,47.6
13,02,17,1,小倉,4,09,500万下,23,ダ,1,1700,重,ハシルヨミテテ    ,牡,6,大野拓弥,57.0,15,04,6,6,0,0.9,6,105.3,"1453",0,13,13,13,10,37.1,528,清水美波,美,0,07101986,01096,00347,1013140904,田中幹雄,荻伏三好フアーム,マーベラスサンデー,キスユアドリーム,サクラバクシンオー,鹿毛,070402,   20.6,  ,    ,50.3
13,02,17,1,小倉,4,09,500万下,23,ダ,1,1700,重,サウンドブレーヴ  ,牡,4,菱田裕二,54.0,15,05,7,7,0,1,8,105.4,"1454",0,5,4,5,4,38.4,470,安達昭夫,栗,0,09100705,01144,01042,1013140905,増田雄一,林孝輝,キングカメハメハ,マルターズブリーズ,サンダーガルチ,栗毛,090416,   41.0,  ,    ,45.2
13,02,17,1,小倉,4,09,500万下,23,ダ,1,1700,重,リサーチアゲン    ,牡,5,横山和生,54.0,15,06,15,15,0,2.8,11,107.2,"1472",0,7,7,10,13,39.3,490,中野栄治,美,0,08101400,01140,01010,1013140906,浅川皓司,川越牧場,スキャン,ストロングアゲン,ポリッシュネイビー,鹿毛,080403,   61.5,  ,    ,44.2
13,02,17,1,小倉,4,09,500万下,23,ダ,1,1700,重,シンデンアラタ    ,牡,4,丹内祐次,56.0,15,07,11,11,0,2.3,14,106.7,"1467",0,5,4,7,8,39.4,510,嶋田潤,美,0,09103414,01091,00401,1013140907,神田通博,落合一巳,オンファイア,スイートリヴァー,パラダイスクリーク,黒鹿,090421,  148.9,  ,    ,43.2
13,02,17,1,小倉,4,09,500万下,23,ダ,1,1700,重,スプリングシーズン,牡,5,勝浦正樹,57.0,15,08,2,2,0,0,1,104.4,"1444",0,1,1,1,1,37.7,506,西浦勝一,栗,270,08105771,01025,01016,1013140908,H.H.シェイク・モハ,ダーレー・ジャパン,ブライアンズタイム,スプリングレイン,"Dubai Millennium",鹿毛,080428,    2.0,  ,    ,46.5
13,02,17,1,小倉,4,09,500万下,23,ダ,1,1700,重,キョウエイショウリ,牡,5,伊藤工真,57.0,15,09,13,13,0,2.5,12,106.9,"1469",0,8,8,10,12,38.9,460,中川公成,美,0,08101858,01119,01081,1013140909,田中晴夫,山口義彦,スウェプトオーヴァーボード,ビギンザビギン,リズム,黒鹿,080406,  112.3,  ,    ,45.3
13,02,17,1,小倉,4,09,500万下,23,ダ,1,1700,重,ウエスタンブラボー,牡,6,西田雄一,57.0,15,10,9,9,0,2,13,106.4,"1464",0,8,8,8,8,38.9,480,鈴木康弘,美,0,07100904,01004,00208,1013140910,西川賢,北西牧場,ゼンノロブロイ,ウエスタンベッキー,"Kris S.",青鹿,070325,  141.7,  ,    ,44.6
13,02,17,1,小倉,4,09,500万下,23,ダ,1,1700,重,ケイジーシオン    ,牝,5,吉田隼人,55.0,15,11,10,10,0,2.2,5,106.6,"1466",0,13,13,14,14,38.3,474,萱野浩二,美,0,08101911,01095,01024,1013140911,鹿倉勝爾,梅田牧場,マーベラスサンデー,コウヨウヒロイン,ホリスキー,黒鹿,080502,   18.9,  ,    ,47.3
13,02,17,1,小倉,4,09,500万下,23,ダ,1,1700,重,シゲルクルミ      ,牡,4,宮崎北斗,56.0,15,12,4,4,0,0.8,15,105.2,"1452",0,2,2,2,2,38.5,472,佐藤吉勝,美,100,09100775,01118,01035,1013140912,森中蕃,三枝牧場,メイショウボーラー,ラストドーター,ブラックタイアフェアー,鹿毛,090401,  217.3,  ,    ,44.5
13,02,17,1,小倉,4,09,500万下,23,ダ,1,1700,重,デンコウアクティブ,牡,4,川須栄彦,56.0,15,13,3,3,0,0.1,3,104.5,"1445",0,3,3,2,3,37.7,500,坂口正則,栗,170,09102560,01128,00356,1013140913,田中康弘,瀬戸牧場,エイシンサンディ,グラッドハンド,コマンダーインチーフ,鹿毛,090513,    7.0,  ,    ,46.6
13,02,17,1,小倉,4,09,500万下,23,ダ,1,1700,重,バーチャルトラック,牡,5,丸田恭介,57.0,15,14,1,1,0,0,4,104.4,"1444",0,15,15,9,7,36.7,456,藤原辰雄,美,670,08104606,01117,00435,1013140914,宮崎冴子,田上光征,リンカーン,ヴァイタルトラック,ダハール,鹿毛,080503,   18.2,  ,    ,50.6
13,02,17,1,小倉,4,09,500万下,23,ダ,1,1700,重,ハーコット        ,牡,4,北村宏司,56.0,15,15,8,8,0,1.2,2,105.6,"1456",0,3,6,5,6,38.5,466,鹿戸雄一,美,0,09105714,01043,01097,1013140915,社台レースホース,社台ファーム,ゼンノロブロイ,アプリコットデュー,ヘクタープロテクター,鹿毛,090425,    3.3,  ,    ,45.1
13,02,17,1,小倉,4,10,日田特別500,23,芝,0,2000,良,フローリストライフ,牝,6,黛弘人,55.0,13,01,8,8,0,0.9,11,122,"2020",0,6,6,7,9,36.1,444,戸田博文,美,0,07102812,01109,01054,1013141001,難波経雄,社台ファーム,ネオユニヴァース,セトフローリアン2,Bellotto,鹿毛,070321,   52.1,  ,    ,52.0
13,02,17,1,小倉,4,10,日田特別500,23,芝,0,2000,良,スリーアフロディテ,牝,4,丸山元気,54.0,13,02,1,1,0,-0.1,1,121.1,"2011",0,3,4,4,3,35.4,498,須貝尚介,栗,880,09105449,01127,01105,1013141002,永井商事,新井牧場,スズカマンボ,アイライクスズカ,ラムタラ,鹿毛,090415,    1.8,  ,    ,53.8
13,02,17,1,小倉,4,10,日田特別500,23,芝,0,2000,良,クラウディーハート,牝,4,西村太一,54.0,13,03,12,12,0,1.7,13,122.8,"2028",0,13,13,13,13,36.1,464,田村康仁,美,0,09100745,01131,01027,1013141003,"Him Rock Racing",松田牧場,クロフネ,サザンシーラ,"Southern Halo",鹿毛,090320,  201.1,  ,    ,52.9
13,02,17,1,小倉,4,10,日田特別500,23,芝,0,2000,良,タガノミュルザンヌ,牝,4,川田将雅,54.0,13,04,3,3,0,0.3,2,121.4,"2014",0,9,9,5,5,35.6,412,松田博資,栗,220,09106564,01088,00348,1013141004,八木良司,社台コーポレーショ,アグネスタキオン,レディアップステージ,Alzao,鹿毛,090130,    5.2,  ,    ,53.3
13,02,17,1,小倉,4,10,日田特別500,23,芝,0,2000,良,スイートテン      ,牝,6,中舘英二,55.0,13,05,4,4,0,0.6,7,121.7,"2017",0,3,3,2,3,36.2,522,千田輝彦,栗,130,07105504,00635,01120,1013141005,青山洋一,下河辺牧場,スペシャルウィーク,エスカニア,"Edgy Diplomat",栗毛,070301,   21.0,  ,    ,51.2
13,02,17,1,小倉,4,10,日田特別500,23,芝,0,2000,良,コスモアンドロメダ,牝,4,丹内祐次,54.0,13,06,11,11,0,1.5,5,122.6,"2026",0,2,2,2,2,37.2,432,中野栄治,美,0,09104656,01091,01010,1013141006,ビッグレッドファー,コスモヴューファー,ロージズインメイ,ダイイチビビット,トニービン,黒鹿,090511,   16.0,  ,    ,48.4
13,02,17,1,小倉,4,10,日田特別500,23,芝,0,2000,良,エアカリナン      ,牝,4,北村宏司,54.0,13,07,7,7,0,0.8,6,121.9,"2019",0,6,6,7,7,35.9,452,藤原英昭,栗,0,09106095,01043,01055,1013141007,ラッキーフィールド,ノーザンファーム,ディープインパクト,エポカブラヴァ,"Point Given",鹿毛,090215,   19.2,  ,    ,52.7
13,02,17,1,小倉,4,10,日田特別500,23,芝,0,2000,良,パッシフローラ    ,牝,4,大野拓弥,54.0,13,08,6,6,0,0.7,3,121.8,"2018",0,9,9,9,9,35.6,430,小島茂之,美,0,09106220,01096,01068,1013141008,サンデーレーシング,ノーザンファーム,ディープインパクト,タイムウィルテル,ブライアンズタイム,鹿毛,090228,    6.4,  ,    ,53.8
13,02,17,1,小倉,4,10,日田特別500,23,芝,0,2000,良,サイレントクロップ,牝,4,吉田隼人,54.0,13,09,2,2,0,0.1,4,121.2,"2012",0,1,1,1,1,35.9,512,国枝栄,美,350,09105801,01095,00399,1013141009,グリーンファーム,社台ファーム,シンボリクリスエス,サイレントハピネス,サンデーサイレンス,青鹿,090129,   10.4,  ,    ,51.8
13,02,17,1,小倉,4,10,日田特別500,23,芝,0,2000,良,トーアディアマンテ,牝,4,北村友一,54.0,13,10,10,10,0,1.4,10,122.5,"2025",0,6,8,9,7,36.3,420,大根田裕,栗,0,09105566,01102,01032,1013141010,高山ランド,トーア牧場,デュランダル,トーアツキアカリ,ホワイトマズル,鹿毛,090209,   51.5,  ,    ,51.8
13,02,17,1,小倉,4,10,日田特別500,23,芝,0,2000,良,ブラックビスケット,牝,4,宮崎北斗,54.0,13,11,13,13,0,1.9,12,123,"2030",0,3,4,5,5,37.2,410,境直行,栗,0,09102546,01118,00346,1013141011,三宅勝俊,白瀬明,ケイムホーム,スイートソウル,ソウルオブザマター,黒鹿,090402,   74.5,  ,    ,48.8
13,02,17,1,小倉,4,10,日田特別500,23,芝,0,2000,良,エクセレントブルー,牝,5,小牧太,55.0,13,12,5,5,0,0.7,8,121.8,"2018",0,11,11,11,11,35.3,464,森秀行,栗,88,08104390,00894,00427,1013141012,ブルーマネジメント,川上牧場,ディープインパクト,マヤノアブソルート,デインヒル,鹿毛,080508,   40.5,  ,    ,55.0
13,02,17,1,小倉,4,10,日田特別500,23,芝,0,2000,良,ソロデビュー      ,牝,4,中井裕二,54.0,13,13,9,9,0,1,9,122.1,"2021",0,11,11,12,11,35.5,492,山内研二,栗,0,09101565,01141,00388,1013141013,フォーレスト,嶋田牧場,シンボリクリスエス,オーサンコンドル,エルコンドルパサー,黒鹿,090320,   48.7,  ,    ,54.5
13,02,17,1,小倉,4,11,小倉大賞ＨG3,163,芝,0,1800,良,パッションダンス  ,牡,5,川田将雅,55.0,16,01,5,5,0,0.3,1,106.7,"1467",0,5,4,4,3,35.2,512,友道康夫,栗,400,08103125,01088,01061,1013141101,金子真人ホールディ,ノーザンファーム,ディープインパクト,キッスパシオン,ジェイドロバリー,鹿毛,080409,    3.5,  ,    ,51.6
13,02,17,1,小倉,4,11,小倉大賞ＨG3,163,芝,0,1800,良,ダコール          ,牡,5,丸田恭介,55.0,16,02,2,2,0,0,2,106.4,"1464",0,13,14,12,7,34.3,456,中竹和也,栗,1600,08104798,01117,01039,1013141102,ノースヒルズ,ノースヒルズマネジ,ディープインパクト,アジアンミーティア,Unbridled,鹿毛,080317,    5.5,  ,    ,55.1
13,02,17,1,小倉,4,11,小倉大賞ＨG3,163,芝,0,1800,良,ダイワズーム      ,牝,4,北村宏司,52.0,16,03,7,7,0,0.4,9,106.8,"1468",0,9,6,9,7,35,464,鹿戸雄一,美,0,09105930,01043,01097,1013141103,大城敬三,社台ファーム,ハーツクライ,フォルナリーナ,Capote,栗毛,090208,   19.7,  ,    ,52.6
13,02,17,1,小倉,4,11,小倉大賞ＨG3,163,芝,0,1800,良,シャイニーホーク  ,牡,5,小牧太,54.0,16,04,8,8,0,0.6,8,107,"1470",0,15,11,1,1,35.8,516,橋口弘次,栗,0,08106438,00894,00343,1013141104,小林昌志,雅牧場,フジキセキ,スプリングネヴァー,サクラユタカオー,栗毛,080310,   18.7,  ,    ,49.4
13,02,17,1,小倉,4,11,小倉大賞ＨG3,163,芝,0,1800,良,ヒットザターゲット,牡,5,大野拓弥,57.0,16,05,1,1,0,0,6,106.4,"1464",0,11,11,12,11,34.3,512,加藤敬二,栗,4000,08104835,01096,00379,1013141105,前田晋二,ノースヒルズマネジ,キングカメハメハ,ラティール,タマモクロス,栗毛,080306,   10.6,  ,    ,55.1
13,02,17,1,小倉,4,11,小倉大賞ＨG3,163,芝,0,1800,良,マルカボルト      ,牡,6,吉田隼人,55.0,16,06,4,4,0,0.3,3,106.7,"1467",0,10,10,11,11,34.8,490,羽月友彦,栗,600,07101515,01095,01091,1013141106,日下部猛,笹地牧場,ネオユニヴァース,ラパシオン,ノーザンテースト,黒鹿,070219,    7.0,  ,    ,53.3
13,02,17,1,小倉,4,11,小倉大賞ＨG3,163,芝,0,1800,良,キングストリート  ,牡,7,酒井学,55.0,16,07,14,14,0,1,14,107.4,"1474",0,12,13,14,16,35.2,494,西園正都,栗,0,06101091,01034,01028,1013141107,河崎五市,タイヘイ牧場,キングカメハメハ,ドーンランサム,"Red Ransom",鹿毛,060406,   45.6,  ,    ,52.6
13,02,17,1,小倉,4,11,小倉大賞ＨG3,163,芝,0,1800,良,コパノジングー    ,牡,8,中舘英二,54.0,16,08,15,15,0,1,16,107.4,"1474",0,13,14,14,14,35.2,514,宮徹,栗,0,05106934,00635,01018,1013141108,小林祥晃,ヤナガワ牧場,アグネスタキオン,ウェディングオーク,トニービン,黒鹿,050424,  218.1,  ,    ,52.6
13,02,17,1,小倉,4,11,小倉大賞ＨG3,163,芝,0,1800,良,テイエムアンコール,牡,9,丸山元気,55.0,16,09,11,11,0,0.7,12,107.1,"1471",0,6,6,9,11,35.3,466,柴田政見,栗,0,04101228,01127,00406,1013141109,竹園正繼,坂本牧場,オペラハウス,スナークサクセス,ブライアンズタイム,芦毛,040326,   38.2,  ,    ,51.7
13,02,17,1,小倉,4,11,小倉大賞ＨG3,163,芝,0,1800,良,マイネルスターリー,牡,8,丹内祐次,56.0,16,10,9,9,0,0.6,15,107,"1470",0,2,3,4,3,35.6,486,田中剛,美,0,05103510,01091,01119,1013141110,サラブレッドクラブ,野島牧場,スターオブコジーン,スイートウインク,サンデーサイレンス,鹿毛,050329,  151.6,  ,    ,50.3
13,02,17,1,小倉,4,11,小倉大賞ＨG3,163,芝,0,1800,良,エクスペディション,牡,6,川須栄彦,57.0,16,11,16,16,0,1.1,4,107.5,"1475",0,6,9,7,7,35.8,448,石坂正,栗,0,07103061,01128,01022,1013141111,社台レースホース,社台コーポレーショ,ステイゴールド,ビーモル,Lyphard,栗毛,070517,    8.7,  ,    ,50.1
13,02,17,1,小倉,4,11,小倉大賞ＨG3,163,芝,0,1800,良,ダローネガ        ,牡,4,北村友一,55.0,16,12,3,3,0,0.3,5,106.7,"1467",0,4,4,4,3,35.3,492,佐々木晶,栗,1000,09106109,01102,00429,1013141112,キャロットファーム,ノーザンファーム,ダイワメジャー,カメリアローズ,ホワイトマズル,鹿毛,090504,    9.6,  ,    ,51.1
13,02,17,1,小倉,4,11,小倉大賞ＨG3,163,芝,0,1800,良,コウセイコタロウ  ,牡,4,黛弘人,54.0,16,13,12,12,0,0.8,13,107.2,"1472",0,15,16,16,14,34.9,496,中野栄治,美,0,09104870,01109,01010,1013141113,杉安浩一郎,堤牧場,フォーティナイナーズサン,シルクグラフィック,ブライアンズタイム,黒鹿,090308,   39.2,  ,    ,53.6
13,02,17,1,小倉,4,11,小倉大賞ＨG3,163,芝,0,1800,良,サトノパンサー    ,牡,5,松田大作,54.0,16,14,10,10,0,0.7,10,107.1,"1471",0,6,6,7,7,35.4,496,南井克巳,栗,0,08100877,01030,01049,1013141114,里見治,フジワラフアーム,キングカメハメハ,ピサノベネチアン,サンデーサイレンス,鹿毛,080324,   20.9,  ,    ,51.3
13,02,17,1,小倉,4,11,小倉大賞ＨG3,163,芝,0,1800,良,ゲシュタルト      ,牡,6,勝浦正樹,57.0,16,15,6,6,0,0.4,7,106.8,"1468",0,2,2,2,2,35.6,516,長浜博之,栗,0,07104975,01025,00395,1013141115,畑佐博,細川農場,マンハッタンカフェ,エンドレスウェルズ,エンドスウィープ,鹿毛,070225,   14.5,  ,    ,50.0
13,02,17,1,小倉,4,11,小倉大賞ＨG3,163,芝,0,1800,良,ミッキードリーム  ,牡,6,松山弘平,57.0,16,16,13,13,0,0.9,11,107.3,"1473",0,1,1,2,3,36.1,480,音無秀孝,栗,0,07103315,01126,01002,1013141116,野田みづき,ノーザンファーム,キングカメハメハ,フローリッドコート,サンデーサイレンス,栗毛,070205,   30.8,  ,    ,48.6
13,02,17,1,小倉,4,12,帆柱山特1000,43,芝,0,1200,良,トミケンスプリング,牝,4,勝浦正樹,55.0,17,01,17,17,0,1.6,13,69.8,"1098",0,0,0,3,7,36.6,466,水野貴広,美,0,09103749,01025,01094,1013141201,冨樫賢二,田中裕之,スズカマンボ,キャサリンクリスタ,クリスタルグリツターズ,青鹿,090317,   60.0,  ,    ,40.7
13,02,17,1,小倉,4,12,帆柱山特1000,43,芝,0,1200,良,ショウナンスマイル,牡,6,大野拓弥,57.0,17,02,13,13,0,0.8,11,69,"1090",0,0,0,8,11,35.2,464,古賀史生,美,0,07101781,01096,00392,1013141202,湘南,まるとみ冨岡牧場,ショウナンカンプ,ショウナンラビアル,エルコンドルパサー,鹿毛,070407,   36.8,  ,    ,46.0
13,02,17,1,小倉,4,12,帆柱山特1000,43,芝,0,1200,良,メイショウツガル  ,牡,5,菱田裕二,57.0,17,03,3,3,0,0.1,3,68.3,"1083",0,0,0,5,8,34.8,462,武田博,栗,320,08101549,01144,00224,1013141203,松本好雄,太陽牧場,キングカメハメハ,フラワーキャット,"Mountain Cat",鹿毛,080125,    5.6,  ,    ,46.3
13,02,17,1,小倉,4,12,帆柱山特1000,43,芝,0,1200,良,エクレウス        ,牡,8,宮崎北斗,57.0,17,04,16,16,0,1.2,17,69.4,"1094",0,0,0,13,14,35.2,500,星野忍,美,0,05105406,01118,01030,1013141204,栗本守,ノースヒルズマネジ,タイキシャトル,ライヴ,"Storm Cat",黒鹿,050320,  221.7,  ,    ,47.2
13,02,17,1,小倉,4,12,帆柱山特1000,43,芝,0,1200,良,タガノラヴキセキ  ,牝,5,丹内祐次,55.0,17,05,15,15,0,1.2,9,69.4,"1094",0,0,0,12,11,35.4,474,河内洋,栗,0,08105144,01091,01072,1013141205,八木良司,八木牧場,フジキセキ,タガノシャルマン,トニービン,黒鹿,080228,   28.4,  ,    ,46.0
13,02,17,1,小倉,4,12,帆柱山特1000,43,芝,0,1200,良,サクラベル        ,牝,5,松田大作,55.0,17,06,8,8,0,0.3,10,68.5,"1085",0,0,0,8,8,34.8,498,牧浦充徳,栗,0,08100408,01030,01113,1013141206,さくらコマース,新和牧場,サクラプレジデント,サクラレイリ,サクラバクシンオー,栗毛,080313,   31.2,  ,    ,46.8
13,02,17,1,小倉,4,12,帆柱山特1000,43,芝,0,1200,良,トップモデル      ,牝,5,丸山元気,55.0,17,07,14,14,0,1,15,69.2,"1092",0,0,0,17,17,34.5,436,藤岡範士,栗,0,08100480,01127,00289,1013141207,間野隆司,田中裕之,ロックオブジブラルタル,タフネススター,ラグビーボール,鹿毛,080326,  101.1,  ,    ,50.6
13,02,17,1,小倉,4,12,帆柱山特1000,43,芝,0,1200,良,アルマリンピア    ,牝,5,丸田恭介,55.0,17,08,2,2,0,0,1,68.2,"1082",0,0,0,11,8,34.3,476,佐々木晶,栗,510,08100570,01117,00429,1013141208,飯田正剛,千代田牧場,タイキシャトル,テイクザレインズ,ブライアンズタイム,鹿毛,080311,    4.2,  ,    ,48.8
13,02,17,1,小倉,4,12,帆柱山特1000,43,芝,0,1200,良,ケンブリッジヒーロ,牡,5,大庭和弥,57.0,17,09,7,7,0,0.3,8,68.5,"1085",0,0,0,8,4,34.8,470,森秀行,栗,0,08104630,01061,00427,1013141209,中西宏彰,タニグチ牧場,マヤノトップガン,バイオレントムーヴ,"Seeking the Gold",栗毛,080429,   23.7,  ,    ,46.8
13,02,17,1,小倉,4,12,帆柱山特1000,43,芝,0,1200,良,エランドール      ,牝,5,北村友一,55.0,17,10,6,6,0,0.3,12,68.5,"1085",0,0,0,16,16,34.2,436,坪憲章,栗,0,08101619,01102,00361,1013141210,辻牧場,辻牧場,アドマイヤマックス,スズカブリーズ,ボストンハーバー,鹿毛,080307,   38.7,  ,    ,50.3
13,02,17,1,小倉,4,12,帆柱山特1000,43,芝,0,1200,良,クリアンサス      ,牝,5,中舘英二,55.0,17,11,12,12,0,0.8,7,69,"1090",0,0,0,1,1,36,484,松永幹夫,栗,0,08102710,00635,01092,1013141211,サンデーレーシング,社台コーポレーショ,"Redoute's Choice",フラワーパーク,ニホンピロウイナー,鹿毛,080207,   13.5,  ,    ,41.7
13,02,17,1,小倉,4,12,帆柱山特1000,43,芝,0,1200,良,ハノハノ          ,牡,5,酒井学,57.0,17,12,1,1,0,0,2,68.2,"1082",0,0,0,2,2,35.1,464,西園正都,栗,1280,08104778,01034,01028,1013141212,錦岡牧場,錦岡牧場,アドマイヤコジーン,プロミネントカット,トニービン,鹿毛,080310,    4.9,  ,    ,44.3
13,02,17,1,小倉,4,12,帆柱山特1000,43,芝,0,1200,良,モトヒメ          ,牝,6,高倉稜,55.0,17,13,10,10,0,0.5,16,68.7,"1087",0,0,0,13,14,34.5,446,清水久詞,栗,0,07100092,01130,01110,1013141213,黒澤尚,岡田スタツド,ショウナンカンプ,ケイシュウプライム,マジツクミラー,鹿毛,070326,  157.6,  ,    ,49.1
13,02,17,1,小倉,4,12,帆柱山特1000,43,芝,0,1200,良,ゴールドスマイル  ,牡,5,吉田隼人,57.0,17,14,9,9,0,0.5,14,68.7,"1087",0,0,0,13,11,34.6,480,高市圭二,美,0,08104988,01095,01014,1013141214,居城要,北勝ファーム,スターリングローズ,ササブエ,キョウワアリシバ,鹿毛,080406,   73.1,  ,    ,48.6
13,02,17,1,小倉,4,12,帆柱山特1000,43,芝,0,1200,良,ドリームフォワード,牡,6,松山弘平,57.0,17,15,4,4,0,0.1,6,68.3,"1083",0,0,0,5,4,34.9,456,吉田直弘,栗,190,07104894,01126,01101,1013141215,セゾンレースホース,ビッグレッドファー,アドマイヤマックス,トライトップゴール,ミルジヨージ,栗毛,070524,   11.2,  ,    ,45.7
13,02,17,1,小倉,4,12,帆柱山特1000,43,芝,0,1200,良,レッドエレンシア  ,牝,5,北村宏司,55.0,17,16,5,5,0,0.3,4,68.5,"1085",0,0,0,5,4,35,424,鹿戸雄一,美,128,08101708,01043,01097,1013141216,東京ホースレーシン,信岡牧場,ジャングルポケット,マイハート,ブライアンズタイム,黒鹿,080212,    6.6,  ,    ,45.7
13,02,17,1,小倉,4,12,帆柱山特1000,43,芝,0,1200,良,アンプレシオネ    ,牝,8,川田将雅,55.0,17,17,11,11,0,0.6,5,68.8,"1088",0,0,0,3,3,35.6,452,小野幸治,栗,0,05100193,01088,00350,1013141217,ヒダカ・ブリーダー,カタオカステーブル,クロフネ,アペレース,サンデーサイレンス,芦毛,050502,    8.8,  ,    ,43.3
13,02,23,1,小倉,5,01,未勝利,7,ダ,1,1700,稍,スズカブルパップ  ,牡,3,水口優也,53.0,16,01,11,11,0,3.3,15,110.4,"1504",0,9,10,9,10,40.3,472,小島茂之,美,0,10100011,01133,01068,1013150101,永井啓弍,稲原牧場,スズカフェニックス,ブリイジースズカ,Danzig,黒鹿,100411,  182.4,  ,    ,44.9
13,02,23,1,小倉,5,01,未勝利,7,ダ,1,1700,稍,ヒートヘイズ      ,牡,3,高倉稜,56.0,16,02,8,8,0,2.3,12,109.4,"1494",0,16,16,15,13,38.3,418,宮本博,栗,0,10105838,01130,01073,1013150102,前田葉子,ノースヒルズ,キングカメハメハ,ジーニアス,ダンスインザダーク,鹿毛,100210,   79.8,  ,    ,51.3
13,02,23,1,小倉,5,01,未勝利,7,ダ,1,1700,稍,マンハッタンケイ  ,牡,3,菱田裕二,54.0,16,03,6,6,0,1.1,4,108.2,"1482",0,7,9,8,7,38.2,460,橋口弘次,栗,0,10103401,01144,00343,1013150103,橋口博,矢野牧場,マンハッタンカフェ,ヴェルサーチ,Gulch,青毛,100325,    9.9,  ,    ,50.0
13,02,23,1,小倉,5,01,未勝利,7,ダ,1,1700,稍,スーサンタイガー  ,牡,3,柴山雄一,56.0,16,04,12,12,0,3.4,7,110.5,"1505",0,13,13,11,11,40,446,大根田裕,栗,0,10102306,05243,01032,1013150104,林千枝子,村下清志,クロフネ,ベルキス,エルハーブ,栗毛,100323,   18.6,  ,    ,46.1
13,02,23,1,小倉,5,01,未勝利,7,ダ,1,1700,稍,ティアップサニー  ,牝,3,黛弘人,54.0,16,05,4,4,0,0.9,6,108,"1480",0,3,3,3,3,38.5,464,奥平雅士,美,75,10103603,01109,01074,1013150105,田中昇,メジロ牧場,シンボリクリスエス,サオヒメ,サンデーサイレンス,黒鹿,100517,   16.5,  ,    ,48.5
13,02,23,1,小倉,5,01,未勝利,7,ダ,1,1700,稍,ライブリーゲイト  ,牡,3,丹内祐次,56.0,16,06,3,3,0,0.8,13,107.9,"1479",0,5,5,6,6,38,456,小野幸治,栗,130,10100529,01091,00350,1013150106,名古屋友豊,白井牧場,アグネスデジタル,ウインフィオーレ,フジキセキ,栗毛,100223,  139.1,  ,    ,50.3
13,02,23,1,小倉,5,01,未勝利,7,ダ,1,1700,稍,トミケンブリランテ,牡,3,川須栄彦,56.0,16,07,9,9,0,2.6,8,109.7,"1497",0,14,14,13,11,39,482,坂口正則,栗,0,10101783,01128,00356,1013150107,冨樫賢二,エクセルマネジメン,シンボリクリスエス,プラチナガール,ステイゴールド,黒鹿,100527,   27.0,  ,    ,48.9
13,02,23,1,小倉,5,01,未勝利,7,ダ,1,1700,稍,リリーゴーゴー    ,牡,3,中井裕二,53.0,16,08,13,13,0,4.1,9,111.2,"1512",0,5,5,6,8,41.3,436,池添兼雄,栗,0,10105060,01141,01021,1013150108,土井孝夫,林孝輝,ダイワメジャー,マルターズブリーズ,サンダーガルチ,栗毛,100430,   27.5,  ,    ,42.3
13,02,23,1,小倉,5,01,未勝利,7,ダ,1,1700,稍,ベルモントホウオウ,牝,3,丸山元気,54.0,16,09,5,5,0,1.1,10,108.2,"1482",0,1,1,1,1,39,488,鈴木伸尋,美,50,10105993,01127,01026,1013150109,ベルモントファーム,ベルモントファーム,フジキセキ,ベルモントフェリス,アジュディケーティング,青鹿,100221,   32.4,  ,    ,46.8
13,02,23,1,小倉,5,01,未勝利,7,ダ,1,1700,稍,ナスノニシキ      ,牡,3,中舘英二,56.0,16,10,1,1,0,-0.2,3,107.1,"1471",0,7,5,5,4,37.3,482,尾関知人,美,500,10102849,00635,01103,1013150110,那須野牧場,タイヘイ牧場,ジャングルポケット,パーフェクトダンス,サンデーサイレンス,栗毛,100216,    4.6,  ,    ,52.1
13,02,23,1,小倉,5,01,未勝利,7,ダ,1,1700,稍,スピーディシャープ,牡,3,村田一誠,56.0,16,11,15,15,0,4.3,14,111.4,"1514",0,15,14,15,14,40.3,410,目野哲也,栗,0,10104671,01031,00387,1013150111,吉永清美,大西ファーム,ゴールドヘイロー,ハウリングサクセス,ノーザンテースト,鹿毛,100310,  142.4,  ,    ,46.2
13,02,23,1,小倉,5,01,未勝利,7,ダ,1,1700,稍,トウショウアミラル,牡,3,横山和生,53.0,16,12,7,7,0,1.1,5,108.2,"1482",0,9,10,9,8,38.1,466,杉浦宏昭,美,0,10103053,01140,01008,1013150112,トウショウ産業,トウショウ産業株式,ワイルドラッシュ,ニュエラトウショウ,ソヴィエトスター,黒鹿,100521,   13.9,  ,    ,50.4
13,02,23,1,小倉,5,01,未勝利,7,ダ,1,1700,稍,シゲルカラスザ    ,セ,3,鮫島良太,56.0,16,13,14,14,0,4.1,16,111.2,"1512",0,9,10,13,14,40.5,476,加藤敬二,栗,0,10103371,01099,00379,1013150113,森中蕃,マークリ牧場,フサイチコンコルド,ディープハニー,コマンダーインチーフ,鹿毛,100501,  280.9,  ,    ,45.2
13,02,23,1,小倉,5,01,未勝利,7,ダ,1,1700,稍,エーシンザホット  ,牡,3,松山弘平,56.0,16,14,2,2,0,0.2,1,107.3,"1473",0,2,2,2,2,38,484,北出成人,栗,200,10110008,01126,01078,1013150114,栄進堂,"Haras du Quesnay",Anabaa,"Silvery Bay",Numerous,鹿毛,100212,    2.8,  ,    ,49.5
13,02,23,1,小倉,5,01,未勝利,7,ダ,1,1700,稍,ゴットファザー    ,牡,3,勝浦正樹,56.0,16,15,16,16,0,5.6,11,112.7,"1527",0,9,8,11,16,42.3,464,蛯名利弘,美,0,10101439,01025,01131,1013150115,畑佐博,谷口育成牧場,アドマイヤコジーン,シプカクラッチュ,デヒア,芦毛,100430,   41.3,  ,    ,40.8
13,02,23,1,小倉,5,01,未勝利,7,ダ,1,1700,稍,フェートグランド  ,牡,3,大野拓弥,56.0,16,16,10,10,0,3,2,110.1,"1501",0,3,3,3,4,40.6,486,武藤善則,美,0,10104470,01096,01064,1013150116,社台レースホース,社台コーポレーショ,ハーツクライ,フェートデュヴァン,メジロマックイーン,鹿毛,100409,    4.4,  ,    ,43.4
13,02,23,1,小倉,5,02,500万下・牝,23,ダ,1,1000,稍,テングジョウ      ,牝,8,宮崎北斗,55.0,14,01,1,1,0,0,5,59.1,"0591",0,0,0,9,8,35.1,478,柄崎孝,美,670,05105987,01118,00380,1013150201,中村博亮,杵臼斉藤牧場,マーベラスサンデー,フェアリージェム,"Fairy King",鹿毛,050330,   13.9,  ,    ,52.6
13,02,23,1,小倉,5,02,500万下・牝,23,ダ,1,1000,稍,ナイキトリック    ,牝,5,大野拓弥,55.0,14,02,14,14,0,2.5,7,61.6,"1016",0,0,0,1,1,38.4,500,古賀史生,美,0,08102693,01096,00392,1013150202,小野誠治,社台コーポレーショ,サクラバクシンオー,ナイキフェイバー,"Favorite Trick",鹿毛,080505,   16.7,  ,    ,40.6
13,02,23,1,小倉,5,02,500万下・牝,23,ダ,1,1000,稍,カルブンクルス    ,牝,4,勝浦正樹,55.0,14,03,2,2,0,0,2,59.1,"0591",0,0,0,6,4,35.4,472,田村康仁,美,270,09100433,01025,01027,1013150203,高樽さゆり,斉藤英牧場,スタチューオブリバティ,フェアナタリー,ダンスインザダーク,青毛,090502,    3.1,  ,    ,50.4
13,02,23,1,小倉,5,02,500万下・牝,23,ダ,1,1000,稍,ナーゴナーゴサユリ,牝,4,村田一誠,55.0,14,04,13,13,0,1.9,14,61,"1010",0,0,0,14,14,36.3,414,清水出美,栗,0,09104109,01031,00369,1013150204,石川美代子,原フアーム,フォーティナイナーズサン,グラールピアリ,ダンシングブレーヴ,鹿毛,090513,  426.0,  ,    ,52.1
13,02,23,1,小倉,5,02,500万下・牝,23,ダ,1,1000,稍,ナイトフライト    ,牝,5,松山弘平,55.0,14,05,11,11,0,1.4,4,60.5,"1005",0,0,0,2,2,37.2,482,吉村圭司,栗,0,08104876,01126,01130,1013150205,橋元勇氣,パカパカファーム,ゴールドアリュール,ダウンライトオールライト,"Future Storm",栗毛,080325,   11.7,  ,    ,44.0
13,02,23,1,小倉,5,02,500万下・牝,23,ダ,1,1000,稍,ノボプレシャス    ,牝,4,原田和真,52.0,14,06,12,12,0,1.6,8,60.7,"1007",0,0,0,4,4,37.2,478,天間昭一,美,0,09101099,01143,01090,1013150206,LS.M,高昭牧場,ゴールドアリュール,ノボサンシャイン,"Gone West",栗毛,090502,   19.8,  ,    ,44.8
13,02,23,1,小倉,5,02,500万下・牝,23,ダ,1,1000,稍,ハローエフェクト  ,牝,5,高倉稜,55.0,14,07,7,7,0,0.8,11,59.9,"0599",0,0,0,12,11,35.6,448,庄野靖志,栗,0,08104686,01130,01087,1013150207,三宅勝俊,飛渡牧場,キングヘイロー,ホーマンガール,タイキシャトル,鹿毛,080311,   49.1,  ,    ,52.4
13,02,23,1,小倉,5,02,500万下・牝,23,ダ,1,1000,稍,ケツァール        ,牝,5,柴山雄一,55.0,14,08,8,8,0,1.1,10,60.2,"1002",0,0,0,6,8,36.5,480,畠山吉宏,美,0,08102764,05243,01048,1013150208,Basic,社台ファーム,ストラヴィンスキー,アマビリータ,ダンシングブレーヴ,鹿毛,080414,   25.9,  ,    ,47.4
13,02,23,1,小倉,5,02,500万下・牝,23,ダ,1,1000,稍,アラマサスチール  ,牝,5,丹内祐次,55.0,14,09,4,4,0,0.2,12,59.3,"0593",0,0,0,6,4,35.5,464,阿部新生,美,100,08104245,01091,00106,1013150209,アラキファーム,アラキフアーム,マヤノトップガン,ターミナルフラワー,"Salt Lake",鹿毛,080411,   75.2,  ,    ,50.6
13,02,23,1,小倉,5,02,500万下・牝,23,ダ,1,1000,稍,ミヤジガンバレ    ,牝,4,中井裕二,52.0,14,10,3,3,0,0.2,1,59.3,"0593",0,0,0,2,2,36,484,川村禎彦,栗,170,09101361,01141,01003,1013150210,曽我司,村中牧場,ファスリエフ,ミヤジプロスパー,マルゼンスキー,鹿毛,090417,    3.0,  ,    ,47.1
13,02,23,1,小倉,5,02,500万下・牝,23,ダ,1,1000,稍,タガノプラージュ  ,牝,4,西村太一,53.0,14,11,5,5,0,0.6,3,59.7,"0597",0,0,0,9,8,35.8,474,平田修,栗,67,09104952,01131,01082,1013150211,八木良司,新冠タガノファーム,シーキングザダイヤ,タガノラピス,サンデーサイレンス,黒鹿,090503,    7.3,  ,    ,50.1
13,02,23,1,小倉,5,02,500万下・牝,23,ダ,1,1000,稍,カプリースレディー,牝,5,伊藤工真,55.0,14,12,6,6,0,0.6,13,59.7,"0597",0,0,0,11,11,35.5,416,石毛善彦,美,0,08101417,01119,00428,1013150212,杵臼斉藤牧場,杵臼斉藤牧場,ジャングルポケット,フェアリージェム,"Fairy King",鹿毛,080427,  134.3,  ,    ,52.3
13,02,23,1,小倉,5,02,500万下・牝,23,ダ,1,1000,稍,プラッキーエリーナ,牝,4,横山和生,52.0,14,13,10,10,0,1.3,9,60.4,"1004",0,0,0,12,13,36,462,矢野英一,美,0,09100111,01140,01108,1013150213,井上一郎,中脇一幸,マヤノトップガン,ショコット,デインヒル,栗毛,090421,   23.4,  ,    ,51.7
13,02,23,1,小倉,5,02,500万下・牝,23,ダ,1,1000,稍,スマイルヴィジット,牝,4,丸田恭介,55.0,14,14,9,9,0,1.2,6,60.3,"1003",0,0,0,4,4,36.8,436,池上昌弘,美,0,09104393,01117,00390,1013150214,ディアレスト,赤石久夫,スターリングローズ,サンデーギムレット,タニノギムレット,栗毛,090318,   14.9,  ,    ,45.8
13,02,23,1,小倉,5,03,未勝利,7,芝,0,1200,良,タニセンダイナスト,牡,3,吉田隼人,56.0,18,01,6,6,0,0.4,6,69.5,"1095",0,0,0,7,7,34.8,454,萱野浩二,美,0,10104755,01095,01024,1013150301,染谷幸雄,杵臼牧場,キングカメハメハ,アベルクイーン,"Star de Naskra",鹿毛,100211,   11.8,  ,    ,49.7
13,02,23,1,小倉,5,03,未勝利,7,芝,0,1200,良,ライブリクリール  ,牡,3,北村友一,56.0,18,02,14,14,0,1.2,2,70.3,"1103",0,0,0,14,14,35.2,456,沖芳夫,栗,0,10103503,01102,00378,1013150302,加藤哲郎,大川牧場,ザール,シルキーガイア,"Benny the Dip",黒鹿,100214,    5.4,  ,    ,49.7
13,02,23,1,小倉,5,03,未勝利,7,芝,0,1200,良,マリンルック      ,牝,3,丸田恭介,54.0,18,03,8,8,0,0.4,10,69.5,"1095",0,0,0,11,13,34.6,420,中竹和也,栗,0,10104568,01117,01039,1013150303,岡浩二,追分ファーム,スペシャルウィーク,レールマラン,"Silver Deputy",鹿毛,100205,   29.3,  ,    ,50.9
13,02,23,1,小倉,5,03,未勝利,7,芝,0,1200,良,タニノセレナーデ  ,牝,3,菱田裕二,52.0,18,04,11,11,0,0.8,7,69.9,"1099",0,0,0,11,10,35,416,岡田稲男,栗,0,10102596,01144,01066,1013150304,谷水雄三,カントリー牧場,ストーミングホーム,タニノエクセレント,ブライアンズタイム,黒鹿,100429,   14.8,  ,    ,49.7
13,02,23,1,小倉,5,03,未勝利,7,芝,0,1200,良,ヨベルシチー      ,牡,3,西村太一,54.0,18,05,17,17,0,1.6,17,70.7,"1107",0,0,0,16,17,35.3,454,谷原義明,美,0,10100194,01131,00402,1013150305,友駿ホースクラブ,幾千世牧場,タップダンスシチー,ブルージュビリー,エルコンドルパサー,黒鹿,100412,  274.3,  ,    ,50.3
13,02,23,1,小倉,5,03,未勝利,7,芝,0,1200,良,ラガーライオン    ,牡,3,古川吉洋,56.0,18,06,12,12,0,1,15,70.1,"1101",0,0,0,7,10,35.4,464,柴田政見,栗,0,10106259,01015,00406,1013150306,奥村啓二,橋本牧場,フサイチレオン,エンサイスタ,マルゼンスキー,鹿毛,100317,  198.0,  ,    ,48.0
13,02,23,1,小倉,5,03,未勝利,7,芝,0,1200,良,ホノオノマイ      ,牝,3,丹内祐次,54.0,18,07,16,16,0,1.4,13,70.5,"1105",0,0,0,1,1,36.4,442,田中剛,美,0,10104844,01091,01119,1013150307,ターフ・スポート,笹地牧場,アッミラーレ,ヒノトリ,フレンチデピュティ,鹿毛,100427,  163.5,  ,    ,43.7
13,02,23,1,小倉,5,03,未勝利,7,芝,0,1200,良,エイティグローリー,牝,3,丸山元気,54.0,18,08,3,3,0,0.2,8,69.3,"1093",0,0,0,4,3,35,412,坂口正則,栗,130,10105600,01127,00356,1013150308,前田篤久,高瀬牧場,スペシャルウィーク,プリッシーブリッチーズ,Kingmambo,栗毛,100504,   15.0,  ,    ,48.0
13,02,23,1,小倉,5,03,未勝利,7,芝,0,1200,良,ジャパンイモン    ,牝,3,黛弘人,54.0,18,09,2,2,0,0.2,1,69.3,"1093",0,0,0,2,2,35.2,434,尾関知人,美,200,10100388,01109,01103,1013150309,井門敏雄,坂牧場,アドマイヤジャパン,シャコーマインド,ハウスバスター,栗毛,100331,    4.0,  ,    ,46.9
13,02,23,1,小倉,5,03,未勝利,7,芝,0,1200,良,エイプリルメロディ,牝,3,大野拓弥,54.0,18,10,10,10,0,0.6,11,69.7,"1097",0,0,0,5,5,35.3,446,小笠倫弘,美,0,10100206,01096,01076,1013150310,岡田牧雄,いとう牧場,ネオユニヴァース,ファインメロディ,"Green Desert",黒鹿,100413,   35.6,  ,    ,47.5
13,02,23,1,小倉,5,03,未勝利,7,芝,0,1200,良,デンコウショウイン,牡,3,水口優也,53.0,18,11,15,15,0,1.3,14,70.4,"1104",0,0,0,16,15,35.1,452,佐山優,栗,0,10101886,01133,00357,1013150311,田中康弘,中脇一幸,オレハマッテルゼ,ヤスミンゴールド,ダンシングブレーヴ,青鹿,100531,  180.4,  ,    ,50.6
13,02,23,1,小倉,5,03,未勝利,7,芝,0,1200,良,シゲルトビウオザ  ,牡,3,武幸四郎,56.0,18,12,5,5,0,0.3,12,69.4,"1094",0,0,0,3,3,35.2,486,中村均,栗,50,10102368,01026,00261,1013150312,森中蕃,石川栄一,マイネルラヴ,フェアリーベル,サクラバクシンオー,鹿毛,100308,   43.4,  ,    ,47.2
13,02,23,1,小倉,5,03,未勝利,7,芝,0,1200,良,マインユアーズ    ,牝,3,横山和生,51.0,18,13,13,13,0,1.1,16,70.2,"1102",0,0,0,18,17,34.5,430,的場均,美,0,10101094,01140,01063,1013150313,藤田秀行,増尾牧場,ローエングリン,オーブシュプレーム,サクラバクシンオー,栗毛,100306,  268.2,  ,    ,53.5
13,02,23,1,小倉,5,03,未勝利,7,芝,0,1200,良,コアレスドラゴン  ,牡,3,藤岡康太,56.0,18,14,4,4,0,0.3,5,69.4,"1094",0,0,0,7,7,34.7,486,羽月友彦,栗,75,10100131,01116,01091,1013150314,小林昌志,雅牧場,サクラバクシンオー,ダイタクドルチェ,スペシャルウィーク,鹿毛,100405,    9.1,  ,    ,50.0
13,02,23,1,小倉,5,03,未勝利,7,芝,0,1200,良,ドラゴンサクラ    ,牝,3,勝浦正樹,54.0,18,15,1,1,0,-0.2,3,69.1,"1091",0,0,0,11,10,34.3,428,森秀行,栗,500,10100681,01025,00427,1013150315,大久保和夫,ダーレー・ジャパン,ステイゴールド,ドバイソプラノ,Zafonic,青鹿,100407,    5.4,  ,    ,51.5
13,02,23,1,小倉,5,03,未勝利,7,芝,0,1200,良,キルト            ,牡,3,中井裕二,53.0,18,16,7,7,0,0.4,4,69.5,"1095",0,0,0,7,7,34.8,400,木原一良,栗,0,10106140,01141,01033,1013150316,山内邦一,森永聡,デュランダル,デイム,ウォーニング,鹿毛,100219,    6.7,  ,    ,49.7
13,02,23,1,小倉,5,03,未勝利,7,芝,0,1200,良,シゲルヘビザ      ,牡,3,松山弘平,56.0,18,17,8,8,0,0.4,9,69.5,"1095",0,0,0,5,5,35,482,鈴木孝志,栗,0,10101252,01126,01111,1013150317,森中蕃,沖田忠幸,アドマイヤドン,タイキフローラ,タイキシャトル,黒鹿,100311,   19.0,  ,    ,48.6
13,02,23,1,小倉,5,03,未勝利,7,芝,0,1200,良,シゲルクジャクザ  ,牝,3,村田一誠,54.0,18,18,18,18,0,1.9,18,71,"1110",0,0,0,14,15,35.8,440,藤沢則雄,栗,0,10100725,01031,01041,1013150318,森中蕃,千葉飯田牧場,ディクタット,シゲルハチマンタイ,シンボリクリスエス,黒鹿,100329,  354.3,  ,    ,48.3
13,02,23,1,小倉,5,04,未勝利,7,芝,0,2000,良,バジンガ          ,牡,3,北村友一,56.0,18,01,8,8,0,1.5,1,122.8,"2028",0,1,1,1,2,37.1,490,安田隆行,栗,0,10104067,01102,00438,1013150401,金子真人ホールディ,ノーザンファーム,ディープインパクト,オイスターチケット,ウイニングチケット,鹿毛,100308,    2.1,  ,    ,49.0
13,02,23,1,小倉,5,04,未勝利,7,芝,0,2000,良,コスモフルーリング,牝,3,中井裕二,51.0,18,02,18,18,0,4.4,12,125.7,"2057",0,2,2,5,12,39.7,362,黒岩陽一,美,0,10106546,01141,01133,1013150402,ビッグレッドファー,川端牧場,ステイゴールド,マイネマリエ,ミルコウジ,鹿毛,100308,   82.5,  ,    ,42.8
13,02,23,1,小倉,5,04,未勝利,7,芝,0,2000,良,ハリバット        ,牡,3,丸田恭介,56.0,18,03,10,10,0,1.9,14,123.2,"2032",0,4,4,5,7,37.2,444,安達昭夫,栗,0,10106046,01117,01042,1013150403,山内邦一,松本信行,サムライハート,ノットローズハート,スキャン,青鹿,100324,  132.4,  ,    ,49.1
13,02,23,1,小倉,5,04,未勝利,7,芝,0,2000,良,メイショウユウスゲ,牝,3,松山弘平,54.0,18,04,14,14,0,3.1,9,124.4,"2044",0,6,7,15,14,37.8,464,中村均,栗,0,10102556,01126,00261,1013150404,松本好雄,落合一巳,マンハッタンカフェ,スプリングジャガー,グラスワンダー,黒鹿,100324,   48.0,  ,    ,48.2
13,02,23,1,小倉,5,04,未勝利,7,芝,0,2000,良,クリノヒマラヤオー,牡,3,吉田隼人,56.0,18,05,7,7,0,1.4,4,122.7,"2027",0,2,2,2,5,36.9,460,荒川義之,栗,0,10100338,01095,01095,1013150405,栗本博晴,木村牧場,キングカメハメハ,クリノスペシャル,スペシャルウィーク,黒鹿,100510,    9.9,  ,    ,49.7
13,02,23,1,小倉,5,04,未勝利,7,芝,0,2000,良,ヤマニンアルゴシー,牡,3,勝浦正樹,56.0,18,06,2,2,0,0,2,121.3,"2013",0,12,13,5,3,35.3,468,池上昌弘,美,200,10105811,01025,00390,1013150406,土井肇,錦岡牧場,ヤマニンセラフィム,ヤマニンジャルダン,マイネルラヴ,栗毛,100312,    4.5,  ,    ,54.4
13,02,23,1,小倉,5,04,未勝利,7,芝,0,2000,良,サンマルホーム    ,牡,3,大野拓弥,56.0,18,07,3,3,0,0,3,121.3,"2013",0,16,15,13,10,34.9,426,山内研二,栗,130,10200007,01096,00388,1013150407,相馬勇,太陽ジョイフル牧場,ストーミングホーム,アイエスシャイン,マヤノトップガン,栗毛,100310,    5.8,  ,    ,56.1
13,02,23,1,小倉,5,04,未勝利,7,芝,0,2000,良,スイートサンバ    ,牝,3,西村太一,52.0,18,08,16,16,0,3.7,17,125,"2050",0,18,18,15,14,38.4,418,宗像義忠,美,0,10109142,01131,00420,1013150408,シンボリ牧場,シンボリ牧場,ダンスインザダーク,スイートカトマンズ,シンボリクリスエス,栗毛,100417,  288.6,  ,    ,46.7
13,02,23,1,小倉,5,04,未勝利,7,芝,0,2000,良,アテンファースト  ,牡,3,古川吉洋,56.0,18,09,15,15,0,3.4,11,124.7,"2047",0,9,10,17,18,37.7,462,田中章博,栗,0,10104902,01015,00413,1013150409,玉置潔,多田善弘,オレハマッテルゼ,ニューフェアリー,フレンチデピュティ,栗毛,100525,   74.4,  ,    ,48.9
13,02,23,1,小倉,5,04,未勝利,7,芝,0,2000,良,ジェットソング    ,牡,3,松田大作,56.0,18,10,9,9,0,1.6,5,122.9,"2029",0,4,4,8,11,36.7,446,野中賢二,栗,0,10104533,01030,01098,1013150410,橋元勇氣,追分ファーム,マンハッタンカフェ,ジュリエット,"Sadler's Wells",黒鹿,100402,   14.9,  ,    ,50.7
13,02,23,1,小倉,5,04,未勝利,7,芝,0,2000,良,ゴッドフロアー    ,牝,3,丸山元気,54.0,18,11,1,1,0,0,6,121.3,"2013",0,14,15,11,6,35,482,松永幹夫,栗,500,10106226,01127,01092,1013150411,広尾レース,大樹ファーム,ハーツクライ,ウェルシュステラ,Zafonic,鹿毛,100322,   15.5,  ,    ,55.7
13,02,23,1,小倉,5,04,未勝利,7,芝,0,2000,良,エーシンアプローズ,牡,3,高倉稜,56.0,18,12,5,5,0,0.5,7,121.8,"2018",0,14,14,4,3,35.9,492,坂口正則,栗,50,10105124,01130,00356,1013150412,栄進堂,まるとみ冨岡牧場,オペラハウス,エイシンセーリング,"Fit to Fight",黒鹿,100331,   35.4,  ,    ,52.5
13,02,23,1,小倉,5,04,未勝利,7,芝,0,2000,良,デンコウウンリュウ,牡,3,武幸四郎,56.0,18,13,4,4,0,0.3,13,121.6,"2016",0,9,10,2,1,35.9,494,松永昌博,栗,75,10105154,01026,01083,1013150413,田中康弘,三嶋牧場,メイショウサムソン,メイショウアイリス,ジョリーズヘイロー,鹿毛,100310,   91.3,  ,    ,52.3
13,02,23,1,小倉,5,04,未勝利,7,芝,0,2000,良,シゲルペガススザ  ,セ,3,村田一誠,56.0,18,14,6,6,0,1.3,15,122.6,"2026",0,12,12,11,7,36.3,416,日吉正和,栗,0,10106105,01031,01122,1013150414,森中蕃,村上雅規,マヤノトップガン,ケイウンコスモ,ジェニュイン,黒鹿,100208,  170.3,  ,    ,51.9
13,02,23,1,小倉,5,04,未勝利,7,芝,0,2000,良,ファインドラゴン  ,牡,3,荻野琢真,56.0,18,15,12,12,0,2.2,18,123.5,"2035",0,17,17,17,14,36.6,428,阿部新生,美,0,10106158,01112,00106,1013150415,吉田昭一,八木常郎,ファルブラヴ,ラストベガ,アドマイヤベガ,鹿毛,100327,  404.5,  ,    ,51.8
13,02,23,1,小倉,5,04,未勝利,7,芝,0,2000,良,テワヒポウナム    ,牝,3,柴山雄一,54.0,18,16,11,11,0,2,10,123.3,"2033",0,6,7,13,13,36.9,426,蛯名利弘,美,0,10105203,05243,01131,1013150416,ミルファーム,ミルファーム,ストーミングホーム,ドリームシーン,"Sadler's Wells",鹿毛,100507,   72.5,  ,    ,50.3
13,02,23,1,小倉,5,04,未勝利,7,芝,0,2000,良,ダイショウザー    ,牡,3,菱田裕二,54.0,18,17,17,17,0,4.2,16,125.5,"2055",0,9,9,8,17,39.4,474,大根田裕,栗,0,10104892,01144,01032,1013150417,馬場祥晃,高野牧場,ザール,ロングパイル,スペシャルウィーク,黒鹿,100317,  205.3,  ,    ,43.7
13,02,23,1,小倉,5,04,未勝利,7,芝,0,2000,良,モスコーオペラ    ,牝,3,川須栄彦,54.0,18,18,13,13,0,2.7,8,124,"2040",0,6,4,8,9,37.9,452,牧田和弥,栗,0,10103961,01128,01123,1013150418,吉田千津,社台ファーム,ハーツクライ,モスコーバーニング,"Moscow Ballet",黒鹿,100224,   45.4,  ,    ,47.4
13,02,23,1,小倉,5,05,未勝利,7,芝,0,1800,良,エリンジューム    ,牝,3,大野拓弥,54.0,16,01,2,2,0,0,6,108.6,"1486",0,3,3,3,2,34.6,462,高木登,美,200,10102588,01096,01088,1013150501,シルクレーシング,神垣道弘,ゼンノロブロイ,ヒカルバイオレット,マルゼンスキー,黒鹿,100318,   11.0,  ,    ,56.9
13,02,23,1,小倉,5,05,未勝利,7,芝,0,1800,良,デンコウリキ      ,牡,3,武幸四郎,56.0,16,02,1,1,0,0,2,108.6,"1486",0,10,9,6,2,34.4,490,小野幸治,栗,500,10101884,01026,00350,1013150502,田中康弘,中脇一幸,タイキシャトル,デンコウレジーナ,サクラバクシンオー,黒鹿,100501,    3.9,  ,    ,57.8
13,02,23,1,小倉,5,05,未勝利,7,芝,0,1800,良,ナリタカマー      ,牡,3,松山弘平,56.0,16,03,7,7,0,0.7,7,109.3,"1493",0,16,16,16,14,33.9,474,松元茂樹,栗,0,10103959,01126,00419,1013150503,オースミ,社台ファーム,ジャングルポケット,メディアウォーズ,サンデーサイレンス,黒鹿,100307,   17.3,  ,    ,61.2
13,02,23,1,小倉,5,05,未勝利,7,芝,0,1800,良,メイショウユウヤケ,牝,3,横山和生,51.0,16,04,9,9,0,1.1,16,109.7,"1497",0,10,11,12,14,34.9,422,増本豊,栗,0,10101858,01140,00301,1013150504,松本和子,清水誠一,メイショウボーラー,アンジェラスロマン,シービークロス,黒鹿,100329,  379.1,  ,    ,57.2
13,02,23,1,小倉,5,05,未勝利,7,芝,0,1800,良,デンコウシラヌイ  ,牡,3,丸田恭介,56.0,16,05,10,10,0,1.3,11,109.9,"1499",0,15,15,13,12,34.9,444,坂口正則,栗,0,10100040,01117,00356,1013150505,田中康弘,コアレススタッド,チーフベアハート,ブライティアバード,"Forest Wildcat",鹿毛,100401,  112.8,  ,    ,57.4
13,02,23,1,小倉,5,05,未勝利,7,芝,0,1800,良,プランスペスカ    ,牡,3,北村友一,56.0,16,06,3,3,0,0,5,108.6,"1486",0,6,6,8,5,34.3,450,松永昌博,栗,130,10105143,01102,01083,1013150506,山田信太郎,三嶋牧場,ブラックタイド,ダンシングドミニア,ブライアンズタイム,鹿毛,100508,    9.8,  ,    ,58.3
13,02,23,1,小倉,5,05,未勝利,7,芝,0,1800,良,マルイチワンダー  ,牡,3,高倉稜,56.0,16,07,6,6,0,0.6,15,109.2,"1492",0,8,9,11,10,34.6,448,湯窪幸雄,栗,0,10100222,01130,01057,1013150507,小林茂行,浦新徳司,グラスワンダー,ビンジンスキー,Nijinsky,栗毛,100325,  273.1,  ,    ,57.8
13,02,23,1,小倉,5,05,未勝利,7,芝,0,1800,良,ショウナンバーキン,牝,3,丸山元気,54.0,16,08,4,4,0,0.1,4,108.7,"1487",0,5,5,6,5,34.5,448,中村均,栗,75,10102776,01127,00261,1013150508,国本哲秀,静内フアーム,フジキセキ,ショウナンマライア,クロフネ,青毛,100121,    7.5,  ,    ,57.5
13,02,23,1,小倉,5,05,未勝利,7,芝,0,1800,良,ニシノワン        ,牝,3,中井裕二,51.0,16,09,12,12,0,1.6,9,110.2,"1502",0,8,8,9,10,35.7,394,宮本博,栗,0,10104125,01141,01073,1013150509,西山茂行,ノーザンファーム,ウォーエンブレム,サビアーレ,Capote,鹿毛,100217,  101.2,  ,    ,54.3
13,02,23,1,小倉,5,05,未勝利,7,芝,0,1800,良,チョウダンディー  ,牡,3,西田雄一,56.0,16,10,15,15,0,1.9,13,110.5,"1505",0,6,6,5,5,36.4,466,日吉正和,栗,0,10104791,01004,01122,1013150510,丸山隆雄,草薙利昭,オンファイア,チョウハッスル,ラストタイクーン,鹿毛,100407,  152.6,  ,    ,51.8
13,02,23,1,小倉,5,05,未勝利,7,芝,0,1800,良,ミラフローレス    ,牝,3,藤岡康太,54.0,16,11,11,11,0,1.5,12,110.1,"1501",0,13,13,13,12,35.1,436,高野友和,栗,0,10104459,01116,01117,1013150511,社台レースホース,社台コーポレーショ,ダンスインザダーク,パナマックス,クロフネ,黒鹿,100403,  115.7,  ,    ,56.8
13,02,23,1,小倉,5,05,未勝利,7,芝,0,1800,良,ウインバース      ,牡,3,菱田裕二,54.0,16,12,16,16,0,3.3,14,111.9,"1519",0,13,13,13,16,36.9,462,梅田智之,栗,0,10104919,01144,01084,1013150512,ウイン,谷川牧場,タニノギムレット,キャニオンリリー,エルハーブ,黒鹿,100410,  222.6,  ,    ,51.6
13,02,23,1,小倉,5,05,未勝利,7,芝,0,1800,良,マイネルコイヌール,牡,3,丹内祐次,56.0,16,13,13,13,0,1.7,8,110.3,"1503",0,2,2,2,2,36.4,448,西園正都,栗,0,10106302,01091,01028,1013150513,サラブレッドクラブ,パカパカファーム,ネオユニヴァース,タイキダイヤ,Ogygian,鹿毛,100508,   63.6,  ,    ,51.5
13,02,23,1,小倉,5,05,未勝利,7,芝,0,1800,良,ポールシッター    ,牡,3,川須栄彦,56.0,16,14,14,14,0,1.9,3,110.5,"1505",0,3,3,3,5,36.5,450,佐山優,栗,0,10102488,01128,00357,1013150514,平川浩之,岡田スタツド,マイネルラヴ,ヘヴンリービーナス,フジキセキ,青鹿,100428,    4.8,  ,    ,51.4
13,02,23,1,小倉,5,05,未勝利,7,芝,0,1800,良,クリノチョモラーリ,牝,3,西村太一,52.0,16,15,8,8,0,0.9,10,109.5,"1495",0,1,1,1,1,35.8,474,高橋義博,美,0,10106460,01131,01036,1013150515,栗本博晴,若林武雄,スパイキュール,マンダリンママ,"Lord At War",栗毛,100430,  108.2,  ,    ,52.9
13,02,23,1,小倉,5,05,未勝利,7,芝,0,1800,良,レッドカチューシャ,牝,3,吉田隼人,54.0,16,16,5,5,0,0.4,1,109,"1490",0,12,11,9,5,34.5,460,矢作芳人,栗,50,10103830,01095,01075,1013150516,東京ホースレーシン,社台ファーム,ディープインパクト,デルモニコキャット,"Storm Cat",青鹿,100414,    3.0,  ,    ,58.0
13,02,23,1,小倉,5,06,500万下・牝,23,ダ,1,1700,稍,シルクシンフォニー,牝,4,菱田裕二,52.0,14,01,9,9,0,0.9,2,107.5,"1475",0,12,12,12,12,37.2,454,加用正,栗,0,09105111,01144,00425,1013150601,シルクレーシング,樋渡信義,ストーミングホーム,クイーンオブタイム,ブライアンズタイム,栗毛,090310,    5.9,  ,    ,53.1
13,02,23,1,小倉,5,06,500万下・牝,23,ダ,1,1700,稍,リアライズクレア  ,牝,4,高倉稜,54.0,14,02,3,3,0,0.6,1,107.2,"1472",0,3,4,4,2,37.7,536,加藤征弘,美,170,09106476,01130,01059,1013150602,工藤圭司,社台コーポレーショ,ゴールドアリュール,ストレイキャット,"Storm Cat",栗毛,090410,    2.6,  ,    ,50.6
13,02,23,1,小倉,5,06,500万下・牝,23,ダ,1,1700,稍,プレシャスペスカ  ,牝,4,古川吉洋,54.0,14,03,11,11,0,1.1,11,107.7,"1477",0,8,8,11,11,37.7,464,角田晃一,栗,0,09101306,01015,01121,1013150603,山田信太郎,福岡光夫,フジキセキ,マイシェリープレイメイト,Woodman,黒鹿,090408,   37.7,  ,    ,51.3
13,02,23,1,小倉,5,06,500万下・牝,23,ダ,1,1700,稍,ホワイトジュエル  ,牝,6,西村太一,53.0,14,04,10,10,0,1,4,107.6,"1476",0,12,12,7,8,37.8,444,伊藤伸一,美,0,07100858,01131,01031,1013150604,フジワラ・ファーム,フジワラフアーム,ホワイトマズル,ヒカルトクタイセイ,スターオブコジーン,芦毛,070315,    7.7,  ,    ,50.7
13,02,23,1,小倉,5,06,500万下・牝,23,ダ,1,1700,稍,オルレアンノオトメ,牝,6,黛弘人,55.0,14,05,7,7,0,0.7,13,107.3,"1473",0,5,4,5,5,37.7,474,武市康男,美,0,07104109,01109,01089,1013150605,ミルファーム,イワミ牧場,チーフベアハート,マイネカプリース,タヤスツヨシ,鹿毛,070323,   76.7,  ,    ,50.7
13,02,23,1,小倉,5,06,500万下・牝,23,ダ,1,1700,稍,アッパレオリュウ  ,牝,4,松山弘平,54.0,14,06,13,13,0,1.5,12,108.1,"1481",0,9,11,12,12,37.9,504,柴田光陽,栗,0,09103626,01126,00400,1013150606,華山龍一,静内酒井牧場,シーロ,ロッコーブルー,アジュディケーティング,黒鹿,090515,   44.1,  ,    ,51.0
13,02,23,1,小倉,5,06,500万下・牝,23,ダ,1,1700,稍,エリザベートアスク,牝,5,大野拓弥,55.0,14,07,12,12,0,1.2,14,107.8,"1478",0,14,14,14,12,37.3,482,伊藤正徳,美,0,08100891,01096,00383,1013150607,廣崎玲子,藤原牧場,タイキシャトル,アスクローザ,リアルシヤダイ,栗毛,080331,  118.6,  ,    ,53.1
13,02,23,1,小倉,5,06,500万下・牝,23,ダ,1,1700,稍,ラブリーアリュール,牝,4,川須栄彦,54.0,14,08,14,14,0,1.9,7,108.5,"1485",0,2,2,2,2,39.2,472,石坂正,栗,0,09106554,01128,01022,1013150608,松岡隆雄,社台コーポレーショ,ゴールドアリュール,ラブリープリンセス,エンドスウィープ,黒鹿,090109,   14.3,  ,    ,46.4
13,02,23,1,小倉,5,06,500万下・牝,23,ダ,1,1700,稍,ゴールウェイ      ,牝,4,丸田恭介,54.0,14,09,1,1,0,-0.3,5,106.6,"1466",0,6,6,7,5,36.9,460,栗田徹,美,670,09105639,01117,01127,1013150609,吉田和美,メジロ牧場,フサイチコンコルド,メジロシルエット,メジロライアン,鹿毛,090418,   12.3,  ,    ,53.0
13,02,23,1,小倉,5,06,500万下・牝,23,ダ,1,1700,稍,コーラルビュー    ,牝,5,中舘英二,55.0,14,10,2,2,0,0.3,8,106.9,"1469",0,1,1,1,1,37.7,478,天間昭一,美,270,08106126,00635,01090,1013150610,ヒダカ・ブリーダー,古川雅且,キングヘイロー,ホウヨウマリン,アレミロード,鹿毛,080411,   22.4,  ,    ,50.1
13,02,23,1,小倉,5,06,500万下・牝,23,ダ,1,1700,稍,カルトマリーヌ    ,牝,6,西田雄一,55.0,14,11,5,5,0,0.6,9,107.2,"1472",0,9,8,10,9,37.3,454,成島英春,美,67,07100433,01004,00433,1013150611,ヒダカ・ブリーダー,武岡牧場,クロフネ,アイリスタイム,ブライアンズタイム,鹿毛,070228,   23.7,  ,    ,52.2
13,02,23,1,小倉,5,06,500万下・牝,23,ダ,1,1700,稍,シンワウォッカ    ,牝,4,中井裕二,51.0,14,12,8,8,0,0.7,6,107.3,"1473",0,9,8,7,9,37.5,450,武宏平,栗,0,09105658,01141,00221,1013150612,ロイヤルパーク,安田幸子,シーキングザダイヤ,ビーマイプリンセス,リンドシェーバー,鹿毛,090507,   12.5,  ,    ,51.5
13,02,23,1,小倉,5,06,500万下・牝,23,ダ,1,1700,稍,キョウエイヒドラ  ,牝,5,勝浦正樹,55.0,14,13,6,6,0,0.7,10,107.3,"1473",0,3,2,2,2,38,494,藤原辰雄,美,0,08102098,01025,00435,1013150613,田中晴夫,鮫川啓一,フジキセキ,マルカフルート,ティンバーカントリー,栗毛,080419,   24.7,  ,    ,49.5
13,02,23,1,小倉,5,06,500万下・牝,23,ダ,1,1700,稍,フェアリーガーデン,牝,4,宮崎北斗,54.0,14,14,4,4,0,0.6,3,107.2,"1472",0,6,6,5,5,37.6,438,武藤善則,美,100,09105460,01118,01064,1013150614,田頭勇貴,飯原牧場,サウスヴィグラス,シズノサンデー,ラシアンボンド,鹿毛,090420,    7.3,  ,    ,51.0
13,02,23,1,小倉,5,07,500万下,23,ダ,1,1000,稍,エゾムサシ        ,牡,4,柴山雄一,57.0,14,01,3,3,0,0.4,2,59,"0590",0,0,0,10,7,35.2,468,畠山吉宏,美,170,09109085,05243,01048,1013150701,瀬口信正,山白竹見,サニングデール,ノーリグレッグ,フジキセキ,青鹿,090403,    4.7,  ,    ,51.4
13,02,23,1,小倉,5,07,500万下,23,ダ,1,1000,稍,ウォーターメジャー,牡,5,鮫島良太,57.0,14,02,7,7,0,0.9,14,59.5,"0595",0,0,0,5,4,36.1,480,鮫島一歩,栗,0,08101204,01099,01046,1013150702,山岡良一,畔高牧場,ウォーターリーグ,ワイルドダンシング,"Wild Again",黒鹿,080304,  185.7,  ,    ,47.2
13,02,23,1,小倉,5,07,500万下,23,ダ,1,1000,稍,オーパルス        ,牡,5,大野拓弥,57.0,14,03,5,5,0,0.5,5,59.1,"0591",0,0,0,5,4,35.7,504,黒岩陽一,美,67,08100516,01096,01133,1013150703,広尾レース,大典牧場,アドマイヤコジーン,アインアイン,パークリージエント,芦毛,080215,   11.8,  ,    ,48.3
13,02,23,1,小倉,5,07,500万下,23,ダ,1,1000,稍,キングスウィープ  ,牡,7,西田雄一,57.0,14,04,8,8,0,1,7,59.6,"0596",0,0,0,10,8,35.9,472,星野忍,美,0,06103733,01004,01030,1013150704,増田陽一,築紫洋,サウスヴィグラス,アイアイサー,"Fairy King",青鹿,060404,   14.9,  ,    ,49.0
13,02,23,1,小倉,5,07,500万下,23,ダ,1,1000,稍,シューサクオー    ,セ,4,高倉稜,57.0,14,05,12,12,0,2.5,8,61.1,"1011",0,0,0,13,13,37.1,476,中尾秀正,栗,0,09101056,01130,01069,1013150705,杉田周作,桑田牧場,ダイワメジャー,フィーユドノワール,クロフネ,鹿毛,090127,   16.8,  ,    ,47.0
13,02,23,1,小倉,5,07,500万下,23,ダ,1,1000,稍,キクノラフィカ    ,牡,4,藤岡康太,57.0,14,06,2,2,0,0,10,58.6,"0586",0,0,0,1,1,35.6,476,佐藤正雄,栗,270,09101771,01116,01025,1013150706,菊池五郎,フクダファーム,ケイムホーム,キクノジェニー,ジェニュイン,青鹿,090415,   19.5,  ,    ,46.9
13,02,23,1,小倉,5,07,500万下,23,ダ,1,1000,稍,メイショウヨシミツ,牡,4,水口優也,54.0,14,07,10,10,0,2.1,13,60.7,"1007",0,0,0,12,12,36.8,444,梅内忍,栗,0,09102845,01133,00398,1013150707,松本好雄,日西牧場,マヤノトップガン,メイショウブリーズ,サンデーサイレンス,栗毛,090310,   97.6,  ,    ,47.4
13,02,23,1,小倉,5,07,500万下,23,ダ,1,1000,稍,マッシヴリーダー  ,牡,5,中井裕二,54.0,14,08,1,1,0,0,1,58.6,"0586",0,0,0,2,2,35.5,486,大橋勇樹,栗,670,08105066,01141,01065,1013150708,小川勲,ムラカミファーム,ゴールドアリュール,ビオンディーナ,エンドスウィープ,栗毛,080216,    3.6,  ,    ,47.6
13,02,23,1,小倉,5,07,500万下,23,ダ,1,1000,稍,トウショウクルス  ,牡,4,菱田裕二,55.0,14,09,14,14,0,2.9,6,61.5,"1015",0,0,0,5,8,38.1,450,武田博,栗,0,09103938,01144,00224,1013150709,トウショウ産業,トウショウ産業株式,ゼンノエルシド,ストームトウショウ,スターオブコジーン,黒鹿,090329,   13.7,  ,    ,42.1
13,02,23,1,小倉,5,07,500万下,23,ダ,1,1000,稍,エヌワイグレース  ,牝,4,川須栄彦,55.0,14,10,13,13,0,2.8,4,61.4,"1014",0,0,0,5,11,38.1,476,武藤善則,美,0,09101817,01128,01064,1013150710,サンアンドコム,前川牧場,アグネスタキオン,ティエッチグレース,Capote,鹿毛,090504,    8.4,  ,    ,41.7
13,02,23,1,小倉,5,07,500万下,23,ダ,1,1000,稍,モンサンジュピター,牡,4,丸山元気,57.0,14,11,4,4,0,0.4,3,59,"0590",0,0,0,2,2,35.9,500,牧光二,美,100,09103730,01127,01106,1013150711,山下新一,武岡牧場,ケイムホーム,ベルベティーン,タイキシャトル,栗毛,090326,    5.5,  ,    ,46.5
13,02,23,1,小倉,5,07,500万下,23,ダ,1,1000,稍,メイショウジビュス,牝,4,武幸四郎,55.0,14,12,9,9,0,1.6,9,60.2,"1002",0,0,0,9,8,36.6,468,小野幸治,栗,0,09100505,01026,00350,1013150712,松本和子,太陽牧場,フジキセキ,フォーフリーダムス,"Green Desert",鹿毛,090219,   17.0,  ,    ,46.7
13,02,23,1,小倉,5,07,500万下,23,ダ,1,1000,稍,クールテツマル    ,牡,5,横山和生,54.0,14,13,6,6,0,0.8,11,59.4,"0594",0,0,0,4,4,36.2,500,矢野英一,美,0,08105739,01140,01108,1013150713,川上哲司,田中元寿,トワイニング,レディピーチ,Mujtahid,栗毛,080405,   29.2,  ,    ,46.1
13,02,23,1,小倉,5,07,500万下,23,ダ,1,1000,稍,ニシノコハク      ,牝,4,勝浦正樹,55.0,14,14,11,11,0,2.5,12,61.1,"1011",0,0,0,13,14,37.1,472,水野貴広,美,0,09103388,01025,01094,1013150714,西山茂行,岡田牧場,ゴールドアリュール,ニシノフジムスメ,キングヘイロー,栗毛,090313,   51.3,  ,    ,47.0
13,02,23,1,小倉,5,08,500万下,23,芝,0,1800,良,エーブフウジン    ,牡,5,吉田隼人,57.0,16,01,3,3,0,0.6,2,106.3,"1463",0,5,5,8,5,35,478,高橋文雅,美,170,08103641,01095,01134,1013150801,レーシングホースジ,ダイイチ牧場,キングカメハメハ,ダイイチサクラ,サンデーサイレンス,栗毛,080315,    5.7,  ,    ,51.9
13,02,23,1,小倉,5,08,500万下,23,芝,0,1800,良,アグネスベネッセ  ,牡,4,上村洋行,56.0,16,02,14,14,0,3.1,16,108.8,"1488",0,12,15,16,16,36.8,442,森秀行,栗,0,09105700,00709,00427,1013150802,渡辺公美子,社台ファーム,アグネスタキオン,アグネスクール,アグネスワールド,栗毛,090426,  238.1,  ,    ,47.8
13,02,23,1,小倉,5,08,500万下,23,芝,0,1800,良,アプフェルヴァイン,牝,4,松山弘平,54.0,16,03,12,12,0,2.3,11,108,"1480",0,12,12,14,14,36.1,424,村山明,栗,0,09102443,01126,01107,1013150803,下河辺隆行,下河辺牧場,ダンスインザダーク,ギネビアケイ,"Gone West",鹿毛,090426,   68.8,  ,    ,49.6
13,02,23,1,小倉,5,08,500万下,23,芝,0,1800,良,ダノンハロー      ,牡,5,中井裕二,54.0,16,04,5,5,0,1,9,106.7,"1467",0,9,9,11,8,35.2,452,松田国英,栗,67,08103317,01141,01011,1013150804,ダノックス,ノーザンファーム,ハーツクライ,ペルヴィアンリリー,フレンチデピュティ,鹿毛,080216,   27.5,  ,    ,51.6
13,02,23,1,小倉,5,08,500万下,23,芝,0,1800,良,カシノスターライト,牝,6,二本柳壮,55.0,16,05,4,4,0,0.7,5,106.4,"1464",0,2,4,3,5,35.3,504,二本柳俊,美,100,07106620,01049,00370,1013150805,柏木務,中村農場,マーベラスサンデー,センシュートレジャ,ミホシンザン,鹿毛,070528,   10.2,  ,    ,50.7
13,02,23,1,小倉,5,08,500万下,23,芝,0,1800,良,マイネルナタリス  ,牡,6,大野拓弥,57.0,16,06,8,8,0,1.5,3,107.2,"1472",0,5,5,3,3,36.2,472,松山将樹,美,0,07104376,01096,01100,1013150806,サラブレッドクラブ,コスモヴューファー,アドマイヤマックス,マイネノエル,トニービン,黒鹿,070228,    6.4,  ,    ,48.1
13,02,23,1,小倉,5,08,500万下,23,芝,0,1800,良,ブルースビスティー,牡,5,上野翔,57.0,16,07,15,15,0,3.3,10,109,"1490",0,5,5,6,10,37.8,470,伊藤大士,美,0,08105597,01087,01109,1013150807,備前島敏子,下河辺牧場,ダンスインザダーク,フィラストリート,Cozzene,鹿毛,080410,   37.7,  ,    ,44.2
13,02,23,1,小倉,5,08,500万下,23,芝,0,1800,良,ドリームパワー    ,牝,4,西村太一,52.0,16,08,10,10,0,2.2,14,107.9,"1479",0,2,2,3,3,36.9,426,二ノ宮敬,美,0,09104837,01131,00409,1013150808,大栄牧場,大栄牧場,キングヘイロー,ニシノコマチ,Miswaki,鹿毛,090327,   96.7,  ,    ,46.2
13,02,23,1,小倉,5,08,500万下,23,芝,0,1800,良,サンライズトリプル,牡,6,藤岡康太,57.0,16,09,6,6,0,1.1,4,106.8,"1468",0,16,16,14,8,35,488,平田修,栗,0,07103018,01116,01082,1013150809,松岡隆雄,社台コーポレーショ,ダンスインザダーク,シトローネ,"Gone West",鹿毛,070207,    9.2,  ,    ,52.6
13,02,23,1,小倉,5,08,500万下,23,芝,0,1800,良,ルナ              ,牡,4,横山和生,53.0,16,10,1,1,0,0,1,105.7,"1457",0,1,1,1,1,35.1,476,杉浦宏昭,美,670,09100528,01140,01008,1013150810,山岸桂市,田中スタッド,クロフネ,レッダンゴールド,サンデーサイレンス,芦毛,090315,    2.6,  ,    ,50.6
13,02,23,1,小倉,5,08,500万下,23,芝,0,1800,良,リバーハイランド  ,牡,6,菱田裕二,55.0,16,11,13,13,0,2.7,6,108.4,"1484",0,5,5,6,10,37.2,492,野村彰彦,栗,0,07106571,01144,00375,1013150811,山上和良,藤本ファーム,バブルガムフェロー,タイキクリスティー,Theatrical,鹿毛,070320,   11.0,  ,    ,45.7
13,02,23,1,小倉,5,08,500万下,23,芝,0,1800,良,コスモマクスウェル,牝,6,伊藤工真,55.0,16,12,16,16,0,4,15,109.7,"1497",0,12,13,12,14,38.1,472,清水美波,美,0,07104370,01119,00347,1013150812,ビッグレッドファー,コスモヴューファー,アドマイヤマックス,ニューシャグラ,"Lead On Time",鹿毛,070604,  130.4,  ,    ,44.0
13,02,23,1,小倉,5,08,500万下,23,芝,0,1800,良,メイショウデビッド,牡,4,水口優也,53.0,16,13,7,7,0,1.3,12,107,"1470",0,12,13,12,13,35.4,458,池添兼雄,栗,0,09100293,01133,01021,1013150813,松本好隆,岡部牧場,デビッドジュニア,ランビー,Turkoman,鹿毛,090426,   69.1,  ,    ,51.1
13,02,23,1,小倉,5,08,500万下,23,芝,0,1800,良,マイネルヴァルム  ,牡,5,丹内祐次,57.0,16,14,9,9,0,1.5,8,107.2,"1472",0,9,9,8,5,35.9,474,畠山重則,美,0,08104484,01091,00339,1013150814,サラブレッドクラブ,コスモヴューファー,ロージズインメイ,ダイイチサザン,サンデーサイレンス,青鹿,080517,   26.6,  ,    ,49.3
13,02,23,1,小倉,5,08,500万下,23,芝,0,1800,良,ヒダカアルテミス  ,牝,5,柴山雄一,55.0,16,15,11,11,0,2.3,13,108,"1480",0,9,9,8,10,36.6,502,栗田徹,美,0,08101622,05243,01127,1013150815,辻牧場,辻牧場,アッミラーレ,セルリアンブルー,コマンダーインチーフ,栗毛,080402,   93.7,  ,    ,47.5
13,02,23,1,小倉,5,08,500万下,23,芝,0,1800,良,シベリアンスパーブ,牡,4,丸山元気,56.0,16,16,2,2,0,0,7,105.7,"1457",0,2,2,2,2,35,492,手塚貴久,美,270,09105407,01127,01038,1013150816,藤田在子,山岡牧場,シベリアンホーク,マルターズスパーブ,"With Approval",鹿毛,090201,   12.5,  ,    ,51.0
13,02,23,1,小倉,5,09,500万下,23,芝,0,2600,良,セルリアンディンゴ,牡,5,菱田裕二,55.0,12,01,7,7,0,1.3,8,163.2,"2432",0,1,1,2,2,34.9,476,福島信晴,栗,0,08104145,01144,00396,1013150901,イクタ,フラット牧場,タップダンスシチー,セルリアンジャンヌ,ナトルーン,黒鹿,080528,   29.2,  ,    ,60.3
13,02,23,1,小倉,5,09,500万下,23,芝,0,2600,良,トミケンプライム  ,牡,8,丸山元気,57.0,12,02,11,11,0,1.8,6,163.7,"2437",0,9,10,6,8,35.1,422,和田正道,美,0,05100181,01127,00353,1013150902,冨樫賢二,落合一巳,ステイゴールド,ローズシラオキ,ハギノカムイオー,栗毛,050311,   21.8,  ,    ,59.9
13,02,23,1,小倉,5,09,500万下,23,芝,0,2600,良,ローリングストーン,牡,4,丸田恭介,56.0,12,03,3,3,0,0.7,5,162.6,"2426",0,3,3,6,4,34,504,相沢郁,美,170,09104724,01117,01020,1013150903,佐々木徹,シンユウフアーム,マヤノトップガン,ジョリーン,トワイニング,鹿毛,090317,    9.3,  ,    ,63.5
13,02,23,1,小倉,5,09,500万下,23,芝,0,2600,良,エルヴィスバローズ,牡,5,松山弘平,57.0,12,04,4,4,0,1.1,3,163,"2430",0,8,7,11,11,34,484,中竹和也,栗,100,08105785,01126,01039,1013150904,猪熊広次,ダーレー・ジャパン,ディープインパクト,ファーザ,"Mr. Prospector",鹿毛,080317,    6.1,  ,    ,63.8
13,02,23,1,小倉,5,09,500万下,23,芝,0,2600,良,ダノンフェニックス,牡,5,川須栄彦,57.0,12,05,2,2,0,0.5,1,162.4,"2424",0,5,5,6,7,33.8,446,角居勝彦,栗,270,08103264,01128,01053,1013150905,ダノックス,ノーザンファーム,ネオユニヴァース,バシマー,"Grand Lodge",黒鹿,080413,    2.9,  ,    ,64.1
13,02,23,1,小倉,5,09,500万下,23,芝,0,2600,良,アクアブルーフライ,牡,6,勝浦正樹,57.0,12,06,1,1,0,-0.5,2,161.9,"2419",0,9,7,1,1,33.7,508,西浦勝一,栗,670,07103934,01025,01016,1013150906,佐野清,三石川上牧場,アグネスフライト,ミスポーラ,タイキシャトル,栗毛,070404,    3.0,  ,    ,64.1
13,02,23,1,小倉,5,09,500万下,23,芝,0,2600,良,カシノアクセル    ,牡,5,水口優也,54.0,12,07,12,12,0,5,12,166.9,"2469",0,12,12,12,12,37.7,432,二本柳俊,美,0,08109163,01133,00370,1013150907,柏木務,片山建治,ロドリゴデトリアーノ,ベルガモットシール,ダンツシアトル,鹿毛,080313,  190.5,  ,    ,52.8
13,02,23,1,小倉,5,09,500万下,23,芝,0,2600,良,ファーマペニー    ,牝,5,大野拓弥,55.0,12,08,6,6,0,1.3,11,163.2,"2432",0,11,10,9,10,34.3,422,加藤敬二,栗,0,08105712,01096,00379,1013150908,中西功,高山牧場,ジャングルポケット,ミスチバスペニー,テイエムオペラオー,鹿毛,080422,   82.6,  ,    ,62.7
13,02,23,1,小倉,5,09,500万下,23,芝,0,2600,良,トーセンモーション,牡,6,伊藤工真,57.0,12,09,10,10,0,1.7,10,163.6,"2436",0,6,7,9,8,34.7,452,菅原泰夫,美,0,07105284,01119,00415,1013150909,島川隆哉,エスティファーム,フレンチデピュティ,トーセンビュー,サンデーサイレンス,栗毛,070302,   81.2,  ,    ,61.4
13,02,23,1,小倉,5,09,500万下,23,芝,0,2600,良,マイネルイグアス  ,牡,4,丹内祐次,56.0,12,10,9,9,0,1.5,4,163.4,"2434",0,6,5,4,4,34.9,462,宮本博,栗,0,09102917,01091,01073,1013150910,サラブレッドクラブ,日高大洋牧場,シンボリクリスエス,スプラッシュクイン,トニービン,青鹿,090322,    7.8,  ,    ,60.5
13,02,23,1,小倉,5,09,500万下,23,芝,0,2600,良,アメイジングアスク,牡,5,松田大作,57.0,12,11,5,5,0,1.2,7,163.1,"2431",0,2,2,3,2,34.7,424,野中賢二,栗,67,08105598,01030,01098,1013150911,廣崎利洋,下河辺牧場,ステイゴールド,フィリス,アフリート,黒鹿,080326,   22.4,  ,    ,61.0
13,02,23,1,小倉,5,09,500万下,23,芝,0,2600,良,ジョビアーレ      ,牝,4,吉田隼人,54.0,12,12,8,8,0,1.5,9,163.4,"2434",0,3,3,4,4,34.9,526,松永幹夫,栗,0,09104364,01095,01092,1013150912,広尾レース,大樹ファーム,ゴールドアリュール,ウェルシュステラ,Zafonic,栗毛,090315,   44.7,  ,    ,60.5
13,02,23,1,小倉,5,10,くすのき500*,23,ダ,1,1700,良,ミヤジエルビス    ,牡,3,中井裕二,56.0,10,01,10,10,0,1.9,3,107.2,"1472",0,3,3,3,6,39,486,川村禎彦,栗,0,10106028,01141,01003,1013151001,曽我司,松浦牧場,ブライアンズタイム,キャタラクト,"Storm Cat",青鹿,100221,    4.7,  ,    ,45.4
13,02,23,1,小倉,5,10,くすのき500*,23,ダ,1,1700,良,タイセイウインディ,牡,3,松山弘平,56.0,10,02,1,1,0,0,10,105.3,"1453",0,5,5,5,3,36.9,438,高野友和,栗,850,10102713,01126,01117,1013151002,田中成奉,酒井秀紀,マンハッタンカフェ,フィクシャス,Kingmambo,黒鹿,100420,   42.7,  ,    ,51.1
13,02,23,1,小倉,5,10,くすのき500*,23,ダ,1,1700,良,タマノペルセウス  ,牡,3,勝浦正樹,56.0,10,03,4,4,0,0.8,7,106.1,"1461",0,6,5,5,5,37.8,506,本田優,栗,130,10102308,01025,01099,1013151003,玉腰勇吉,村下貞憲,ワイルドラッシュ,ピサノノゾミ,ダンスインザダーク,鹿毛,100207,   14.1,  ,    ,48.6
13,02,23,1,小倉,5,10,くすのき500*,23,ダ,1,1700,良,ブロードソード    ,牡,3,鮫島良太,56.0,10,04,2,2,0,0,2,105.3,"1453",0,4,3,3,3,37.2,502,松田国英,栗,340,10104277,01099,01011,1013151004,キャロットファーム,ノーザンファーム,ダイワメジャー,ブロードアピール,"Broad Brush",黒鹿,100122,    4.7,  ,    ,49.9
13,02,23,1,小倉,5,10,くすのき500*,23,ダ,1,1700,良,コウセン          ,牡,3,川須栄彦,56.0,10,05,3,3,0,0.7,1,106,"1460",0,2,2,2,2,38.3,474,領家政蔵,栗,210,10105893,01128,00345,1013151005,西村專次,ヒカル牧場,アドマイヤムーン,グリーンヒルマック,ダンシングブレーヴ,鹿毛,100329,    2.7,  ,    ,46.4
13,02,23,1,小倉,5,10,くすのき500*,23,ダ,1,1700,良,アドマイヤイバマ  ,牡,3,丸山元気,56.0,10,06,7,7,0,0.8,8,106.1,"1461",0,8,8,7,7,37.6,474,友道康夫,栗,0,10104180,01127,01061,1013151006,近藤利一,ノーザンファーム,クロフネ,スペシャライズ,スペシャルウィーク,芦毛,100126,   24.4,  ,    ,49.4
13,02,23,1,小倉,5,10,くすのき500*,23,ダ,1,1700,良,マイティウォリアー,牡,3,丸田恭介,56.0,10,07,6,6,0,0.8,5,106.1,"1461",0,9,9,9,7,37.2,468,田中章博,栗,0,10105028,01117,00413,1013151007,日進牧場,日進牧場,ルールオブロー,キティーパラダイス,パラダイスクリーク,栗毛,100504,   10.9,  ,    ,51.0
13,02,23,1,小倉,5,10,くすのき500*,23,ダ,1,1700,良,タガノギャラクシー,牡,3,中舘英二,56.0,10,08,8,8,0,0.9,4,106.2,"1462",0,1,1,1,1,38.5,530,庄野靖志,栗,0,10105767,00635,01087,1013151008,八木良司,新冠タガノファーム,アルデバラン2,タガノレイヤード,クロフネ,鹿毛,100404,    9.0,  ,    ,45.9
13,02,23,1,小倉,5,10,くすのき500*,23,ダ,1,1700,良,ポイントキセキ    ,牝,3,荻野琢真,54.0,10,09,9,9,0,1.3,6,106.6,"1466",0,7,7,8,7,37.9,500,須貝尚介,栗,0,10100767,01112,01105,1013151009,小林英一ホールディ,出口牧場,フジキセキ,ポイントフラッグ,メジロマックイーン,栗毛,100316,   12.6,  ,    ,48.9
13,02,23,1,小倉,5,10,くすのき500*,23,ダ,1,1700,良,アチーヴ          ,牡,3,大野拓弥,56.0,10,10,5,5,0,0.8,9,106.1,"1461",0,10,10,10,10,36.8,462,加藤敬二,栗,85,10101478,01096,00379,1013151010,前田晋二,土居忠吉,フジキセキ,プレシャスマンデー,アフリート,黒鹿,100319,   24.6,  ,    ,52.7
13,02,23,1,小倉,5,11,太宰府特1000,43,芝,0,1800,良,ニシノテキーラ    ,牝,5,柴山雄一,55.0,16,01,2,2,0,0,14,105.9,"1459",0,8,8,3,3,34.7,460,浅見秀一,栗,510,08102473,05243,00411,1013151101,西山茂行,西山牧場,マンハッタンカフェ,リーヴザマーク,Kingmambo,鹿毛,080307,   44.5,  ,    ,52.6
13,02,23,1,小倉,5,11,太宰府特1000,43,芝,0,1800,良,フレイムコード    ,牝,4,中舘英二,54.0,16,02,13,13,0,0.7,3,106.6,"1466",0,2,2,2,2,36.3,460,谷潔,栗,0,09105355,00635,00431,1013151102,イクタ,村本牧場,タヤスツヨシ,シマノラピス,オペラハウス,鹿毛,090220,    7.6,  ,    ,46.8
13,02,23,1,小倉,5,11,太宰府特1000,43,芝,0,1800,良,フェータルローズ  ,牝,4,吉田隼人,54.0,16,03,1,1,0,0,4,105.9,"1459",0,5,5,8,6,34.4,436,荒川義之,栗,1280,09105960,01095,01095,1013151103,兼松利男,社台ファーム,タニノギムレット,プリムローズイヴ,サンデーサイレンス,栗毛,090227,    7.6,  ,    ,53.9
13,02,23,1,小倉,5,11,太宰府特1000,43,芝,0,1800,良,マイファーストラヴ,牝,7,武幸四郎,55.0,16,04,4,4,0,0.1,6,106,"1460",0,12,13,12,10,34.1,450,松元茂樹,栗,190,06104350,01026,00419,1013151104,廣村茂一,小泉牧場,スエヒロコマンダー,パールクイン,Kenmare,青鹿,060402,   10.3,  ,    ,55.4
13,02,23,1,小倉,5,11,太宰府特1000,43,芝,0,1800,良,マイネマオ        ,牝,5,丹内祐次,55.0,16,05,6,6,0,0.2,8,106.1,"1461",0,12,12,10,10,34.4,502,宮本博,栗,0,08104559,01091,01073,1013151105,サラブレッドクラブ,須崎牧場,キングカメハメハ,レッドジグ,Danzig,鹿毛,080329,   14.7,  ,    ,54.2
13,02,23,1,小倉,5,11,太宰府特1000,43,芝,0,1800,良,タガノイノセンス  ,牝,6,鮫島良太,55.0,16,06,10,10,0,0.4,13,106.3,"1463",0,14,13,14,14,34.3,504,岡田稲男,栗,0,07106460,01099,01066,1013151106,八木良司,猿橋義昭,マンハッタンカフェ,ウッドフェアリー,Woodman,青毛,070417,   39.3,  ,    ,55.0
13,02,23,1,小倉,5,11,太宰府特1000,43,芝,0,1800,良,マイネイディール  ,牝,5,大野拓弥,55.0,16,07,9,9,0,0.4,9,106.3,"1463",0,8,8,10,10,34.6,498,高木登,美,0,08105633,01096,01088,1013151107,サラブレッドクラブ,白井牧場,アドマイヤマックス,オールフォーゲラン,ジェイドロバリー,青鹿,080424,   18.3,  ,    ,53.6
13,02,23,1,小倉,5,11,太宰府特1000,43,芝,0,1800,良,ショウナンマハ    ,牝,5,勝浦正樹,55.0,16,08,11,11,0,0.4,11,106.3,"1463",0,15,15,15,14,34.1,444,須貝尚介,栗,0,08105068,01025,01105,1013151108,湘南,ムラカミファーム,タイキシャトル,フェアノータム,アグネスタキオン,黒鹿,080215,   19.5,  ,    ,55.9
13,02,23,1,小倉,5,11,太宰府特1000,43,芝,0,1800,良,ヤマニンリップル  ,牝,5,伊藤工真,55.0,16,09,8,8,0,0.3,2,106.2,"1462",0,6,5,6,6,34.8,476,栗田博憲,美,0,08104793,01119,00341,1013151109,土井肇,錦岡牧場,スペシャルウィーク,ヤマニンプラシード,サクラユタカオー,黒鹿,080329,    6.5,  ,    ,52.6
13,02,23,1,小倉,5,11,太宰府特1000,43,芝,0,1800,良,クイーンキセキ    ,牝,4,松田大作,54.0,16,10,14,14,0,1.3,15,107.2,"1472",0,3,3,3,6,36,430,岩元市三,栗,0,09100199,01030,00397,1013151110,林進,浦河日成牧場,フジキセキ,ダンスミュージカル,ダンシングブレーヴ,黒鹿,090225,   53.7,  ,    ,48.9
13,02,23,1,小倉,5,11,太宰府特1000,43,芝,0,1800,良,クリスティロマンス,牝,6,川須栄彦,55.0,16,11,3,3,0,0.1,10,106,"1460",0,6,7,6,5,34.6,468,友道康夫,栗,320,07102799,01128,01061,1013151111,社台レースホース,社台ファーム,シンボリクリスエス,スターリーロマンス,サンデーサイレンス,黒鹿,070302,   18.7,  ,    ,53.2
13,02,23,1,小倉,5,11,太宰府特1000,43,芝,0,1800,良,イイデステップ    ,牝,5,村田一誠,55.0,16,12,12,12,0,0.6,1,106.5,"1465",0,1,1,1,1,36.3,508,北出成人,栗,0,08105154,01031,01078,1013151112,アールエスエーカン,山岡ファーム,ファンタスティックライト,パレガルニエ,シアトルダンサー2,鹿毛,080405,    4.9,  ,    ,46.7
13,02,23,1,小倉,5,11,太宰府特1000,43,芝,0,1800,良,サンレガーロ      ,牝,5,藤岡康太,55.0,16,13,7,7,0,0.3,5,106.2,"1462",0,10,10,8,6,34.7,426,藤岡健一,栗,0,08102588,01116,01062,1013151113,青山洋一,追分ファーム,ディープインパクト,オネストリーダーリン,Kingmambo,鹿毛,080216,    9.3,  ,    ,53.0
13,02,23,1,小倉,5,11,太宰府特1000,43,芝,0,1800,良,ハイタッチクイーン,牝,6,丸山元気,55.0,16,14,5,5,0,0.2,7,106.1,"1461",0,3,4,3,3,34.9,454,相沢郁,美,128,07106112,01127,01020,1013151114,星野壽市,前野牧場,キングヘイロー,オペラレディ,オペラハウス,栗毛,070425,   12.0,  ,    ,52.0
13,02,23,1,小倉,5,11,太宰府特1000,43,芝,0,1800,良,リトルダーリン    ,牝,5,菱田裕二,55.0,16,15,16,16,0,1.9,12,107.8,"1478",0,10,10,12,13,36,422,角居勝彦,栗,0,08101078,01144,01053,1013151115,金子真人ホールディ,エクセルマネジメン,ディープインパクト,エリモエクセル,ロドリゴデトリアーノ,黒鹿,080228,   20.5,  ,    ,49.7
13,02,23,1,小倉,5,11,太宰府特1000,43,芝,0,1800,良,スペシャルピース  ,牝,5,松山弘平,55.0,16,16,15,15,0,1.6,16,107.5,"1475",0,16,15,16,16,35,470,牧浦充徳,栗,0,08105562,01126,01113,1013151116,下河辺牧場,下河辺牧場,スペシャルウィーク,グローリーティアラ,アフリート,栗毛,080204,  129.4,  ,    ,53.6
13,02,23,1,小倉,5,12,大牟田特500,23,芝,0,1200,良,クラウンエンビー  ,牡,4,西田雄一,57.0,18,01,6,6,0,0.4,5,68.6,"1086",0,0,0,12,11,34,458,日吉正和,栗,0,09109237,01004,01122,1013151201,クラウン,小園孝一,ロドリゴデトリアーノ,ワンダージュレーム,ヘクタープロテクター,栗毛,090414,   14.3,  ,    ,51.8
13,02,23,1,小倉,5,12,大牟田特500,23,芝,0,1200,良,ホットサマーデイ  ,牝,5,勝浦正樹,55.0,18,02,2,2,0,0.1,6,68.3,"1083",0,0,0,8,7,34,462,坂口正則,栗,350,08105162,01025,00356,1013151202,藤田在子,山岡牧場,アポインテッドデイ,マルターズヒート,"Old Trieste",鹿毛,080305,   16.5,  ,    ,50.9
13,02,23,1,小倉,5,12,大牟田特500,23,芝,0,1200,良,ナムラシンシン    ,牝,4,村田一誠,55.0,18,03,12,12,0,0.7,17,68.9,"1089",0,0,0,14,14,34.2,438,大和田成,美,0,09100648,01031,01124,1013151203,奈村信重,中島牧場,サクラプレジデント,ナムラクロシェット,Miswaki,栗毛,090402,  178.0,  ,    ,51.5
13,02,23,1,小倉,5,12,大牟田特500,23,芝,0,1200,良,レディオブパーシャ,牝,5,丸山元気,55.0,18,04,1,1,0,-0.1,2,68.2,"1082",0,0,0,10,10,33.8,472,西浦勝一,栗,880,08105782,01127,01016,1013151204,H.R.H.プリンセス・,ダーレー・ジャパン,Shamardal,ビールジャント,"Green Desert",栗毛,080405,    4.7,  ,    ,51.8
13,02,23,1,小倉,5,12,大牟田特500,23,芝,0,1200,良,ホウショウキング  ,牡,5,松田大作,57.0,18,05,17,17,0,1.2,18,69.4,"1094",0,0,0,16,16,34.4,476,中野栄治,美,0,08110057,01030,01010,1013151205,芳賀吉孝,"Green Gates Farm",Eurosilver,"Mari Go Round","Mari's Book",芦毛,080425,  238.4,  ,    ,51.7
13,02,23,1,小倉,5,12,大牟田特500,23,芝,0,1200,良,アラカメジョウ    ,牝,4,丹内祐次,55.0,18,06,7,7,0,0.4,8,68.6,"1086",0,0,0,5,5,34.5,448,阿部新生,美,0,09104439,01091,00106,1013151206,アラキファーム,アラキフアーム,キングカメハメハ,アラマサダンサー,ダンシングブレーヴ,鹿毛,090219,   24.9,  ,    ,48.8
13,02,23,1,小倉,5,12,大牟田特500,23,芝,0,1200,良,セルリアンレッド  ,牡,6,古川吉洋,57.0,18,07,16,16,0,1,14,69.2,"1092",0,0,0,14,15,34.5,486,梅内忍,栗,0,07102539,01015,00398,1013151207,イクタ,フラット牧場,トウカイテイオー,セルリアンアルル,リンドシェーバー,黒鹿,070506,  124.4,  ,    ,50.6
13,02,23,1,小倉,5,12,大牟田特500,23,芝,0,1200,良,サウスビクトル    ,牡,4,丸田恭介,57.0,18,08,3,3,0,0.1,1,68.3,"1083",0,0,0,6,5,34.1,468,久保田貴,美,220,09101399,01117,01067,1013151208,南波壽,猪野毛牧場,サウスヴィグラス,サラトガヴィーナス,ブライアンズタイム,黒鹿,090305,    2.2,  ,    ,50.3
13,02,23,1,小倉,5,12,大牟田特500,23,芝,0,1200,良,サラローサ        ,牝,4,藤岡康太,55.0,18,09,18,18,0,1.2,16,69.4,"1094",0,0,0,16,16,34.4,436,小崎憲,栗,0,09105034,01116,01085,1013151209,ノースヒルズ,ノースヒルズマネジ,アグネスタキオン,フランカ,"Seeking the Gold",鹿毛,090315,  161.9,  ,    ,51.7
13,02,23,1,小倉,5,12,大牟田特500,23,芝,0,1200,良,スピードルーラー  ,牡,4,柴山雄一,57.0,18,10,5,5,0,0.3,10,68.5,"1085",0,0,0,3,3,34.5,510,二ノ宮敬,美,88,09103373,05243,00409,1013151210,嶋田賢,岡田牧場,フォーティナイナーズサン,クインズプライド,グラスワンダー,鹿毛,090520,   36.3,  ,    ,48.6
13,02,23,1,小倉,5,12,大牟田特500,23,芝,0,1200,良,セントアンズ      ,牝,6,伊藤工真,55.0,18,11,15,15,0,0.9,15,69.1,"1091",0,0,0,6,7,34.9,468,石毛善彦,美,0,07101037,01119,00428,1013151211,吉橋計,レキシントンファー,スペシャルウィーク,ローズレディ,フォーティナイナー,栗毛,070509,  131.9,  ,    ,48.0
13,02,23,1,小倉,5,12,大牟田特500,23,芝,0,1200,良,サウンドマンデュロ,牡,4,菱田裕二,57.0,18,12,4,4,0,0.2,7,68.4,"1084",0,0,0,2,1,34.7,470,佐藤正雄,栗,130,09110096,01144,01025,1013151212,増田雄一,"Denford Stud Ltd",Manduro,"Joshua's Princess",Danehill,青鹿,090424,   18.1,  ,    ,47.1
13,02,23,1,小倉,5,12,大牟田特500,23,芝,0,1200,良,ミラクルベリー    ,牝,5,松山弘平,55.0,18,13,14,14,0,0.9,3,69.1,"1091",0,0,0,1,2,35.4,450,池添兼雄,栗,0,08103019,01126,01021,1013151213,市川義美,社台ファーム,ファルブラヴ,ミラクルワウ,フジキセキ,黒鹿,080216,    8.7,  ,    ,45.2
13,02,23,1,小倉,5,12,大牟田特500,23,芝,0,1200,良,メイショウセトウチ,牡,5,武幸四郎,57.0,18,14,13,13,0,0.8,12,69,"1090",0,0,0,12,11,34.4,452,小野幸治,栗,0,08101216,01026,00350,1013151214,松本好雄,磯野牧場,トウカイテイオー,アイノサンライト,キングヘイロー,鹿毛,080314,   78.8,  ,    ,50.6
13,02,23,1,小倉,5,12,大牟田特500,23,芝,0,1200,良,ユキノサイレンス  ,牡,6,大野拓弥,57.0,18,15,9,9,0,0.5,9,68.7,"1087",0,0,0,3,3,34.7,470,領家政蔵,栗,0,07105909,01096,00345,1013151215,ロイヤルパーク,浜本牧場,ステイゴールド,ユキノスイトピー,ラストタイクーン,鹿毛,070418,   30.9,  ,    ,48.0
13,02,23,1,小倉,5,12,大牟田特500,23,芝,0,1200,良,クレムリンシチー  ,牡,6,高倉稜,57.0,18,16,8,8,0,0.5,13,68.7,"1087",0,0,0,18,16,33.4,526,清水出美,栗,0,07106724,01130,00369,1013151216,友駿ホースクラブ,アイオイファーム,グラスワンダー,ドラマチックアーツ,ソヴィエトスター,栗毛,070423,   93.2,  ,    ,55.7
13,02,23,1,小倉,5,12,大牟田特500,23,芝,0,1200,良,フリーアズアバード,牡,5,西村太一,57.0,18,17,11,11,0,0.7,11,68.9,"1089",0,0,0,8,7,34.6,480,金成貴史,美,0,08101689,01131,01132,1013151217,ヒダカ・ブリーダー,日進牧場,ロックオブジブラルタル,イソシギ,タイキシャトル,鹿毛,080514,   58.7,  ,    ,49.1
13,02,23,1,小倉,5,12,大牟田特500,23,芝,0,1200,良,アンゲネーム      ,セ,5,川須栄彦,57.0,18,18,10,10,0,0.6,4,68.8,"1088",0,0,0,10,11,34.3,464,和田正道,美,0,08104802,01128,00353,1013151218,ノースヒルズ,ノースヒルズマネジ,サクラバクシンオー,エミナ,Danehill,鹿毛,080308,    9.7,  ,    ,50.6
13,02,24,1,小倉,6,01,未勝利・牝,7,ダ,1,1000,良,ビーマイラブ      ,牝,3,藤岡康太,54.0,14,01,1,1,0,-0.7,1,60.9,"1009",0,0,0,1,1,37,490,宮徹,栗,500,10106579,01116,01018,1013160101,フォーレスト,フジワラフアーム,ダイワメジャー,ゼットフウリン,ジャングルポケット,鹿毛,100309,    1.3,  ,    ,46.9
13,02,24,1,小倉,6,01,未勝利・牝,7,ダ,1,1000,良,ウエスタンカリーナ,牝,3,西村太一,52.0,14,02,6,6,0,1.2,14,62.1,"1021",0,0,0,7,6,37.6,478,古賀史生,美,0,10102407,01131,00392,1013160102,西川賢,北西牧場,ゼンノロブロイ,エイティカラー,コマンダーインチーフ,黒鹿,100224,  133.4,  ,    ,47.7
13,02,24,1,小倉,6,01,未勝利・牝,7,ダ,1,1000,良,シキランマン      ,牝,3,丸田恭介,54.0,14,03,3,3,0,0.7,7,61.6,"1016",0,0,0,7,6,37.1,402,石栗龍彦,美,130,10104853,01117,01043,1013160103,高樽さゆり,松栄牧場,アドマイヤジャパン,ベリージュエル,マヤノトップガン,栗毛,100315,   29.3,  ,    ,49.1
13,02,24,1,小倉,6,01,未勝利・牝,7,ダ,1,1000,良,メイショウメロディ,牝,3,西田雄一,54.0,14,04,2,2,0,0.7,8,61.6,"1016",0,0,0,4,4,37.5,438,西浦勝一,栗,200,10104629,01004,01016,1013160104,松本好隆,浦河日成牧場,メイショウボーラー,ドリームモア,サクラバクシンオー,鹿毛,100310,   32.2,  ,    ,46.4
13,02,24,1,小倉,6,01,未勝利・牝,7,ダ,1,1000,良,ニシノマオジュー  ,牝,3,勝浦正樹,54.0,14,05,8,8,0,1.4,12,62.3,"1023",0,0,0,12,10,37.4,464,松山将樹,美,0,10102080,01025,01100,1013160105,西山茂行,高昭牧場,マイネルラヴ,ニシノマオ,サクラバクシンオー,鹿毛,100403,   78.0,  ,    ,49.9
13,02,24,1,小倉,6,01,未勝利・牝,7,ダ,1,1000,良,ベンテンオリュウ  ,牝,3,松山弘平,54.0,14,06,11,11,0,2.2,10,63.1,"1031",0,0,0,14,12,37.8,458,柴田光陽,栗,0,10102761,01126,00400,1013160106,華山龍一,静内酒井牧場,サウスヴィグラス,ロッコーブルー,アジュディケーティング,黒鹿,100418,   53.1,  ,    ,50.4
13,02,24,1,小倉,6,01,未勝利・牝,7,ダ,1,1000,良,ターフジェニック  ,牝,3,古川吉洋,54.0,14,07,9,9,0,1.5,13,62.4,"1024",0,0,0,12,12,37.4,468,藤沢則雄,栗,0,10106510,01015,01041,1013160107,柏木務,マリオステーブル,ホワイトマズル,エイシンパンジー,トニービン,鹿毛,100523,   94.6,  ,    ,50.3
13,02,24,1,小倉,6,01,未勝利・牝,7,ダ,1,1000,良,ロックフォード    ,牝,3,上野翔,54.0,14,08,0,0,4,999.9,3,0,"----",0,0,0,6,14,0,516,松永康利,美,0,10100626,01087,01093,1013160108,"Him Rock Racing",タバタファーム,ファスリエフ,ノーアフェアー,Swain,鹿毛,100421,   17.1,  ,    , 0.0
13,02,24,1,小倉,6,01,未勝利・牝,7,ダ,1,1000,良,フチ              ,牝,3,菱田裕二,52.0,14,09,12,12,0,2.8,5,63.7,"1037",0,0,0,4,5,39.6,502,谷潔,栗,0,10105069,01144,00431,1013160109,蛭川年明,ひるかわ育成牧場,スズカフェニックス,エビスザクラ,マリエンバード,鹿毛,100302,   20.9,  ,    ,41.3
13,02,24,1,小倉,6,01,未勝利・牝,7,ダ,1,1000,良,チェリーボンバ    ,牝,3,水口優也,51.0,14,10,4,4,0,0.8,6,61.7,"1017",0,0,0,2,2,37.8,446,領家政蔵,栗,75,10104959,01133,00345,1013160110,大谷高雄,辻牧場,ネオユニヴァース,エンキャンタドゥ,Rahy,栗毛,100204,   24.1,  ,    ,44.8
13,02,24,1,小倉,6,01,未勝利・牝,7,ダ,1,1000,良,イサミノキセキ    ,牝,3,中井裕二,51.0,14,11,5,5,0,0.9,9,61.8,"1018",0,0,0,2,3,37.9,410,羽月友彦,栗,50,10101944,01141,01091,1013160111,前田哲郎,梅田牧場,ファンタスティックライト,マリーンウィナー,フジキセキ,鹿毛,100311,   32.7,  ,    ,44.6
13,02,24,1,小倉,6,01,未勝利・牝,7,ダ,1,1000,良,フクノスーパーベガ,牝,3,中舘英二,54.0,14,12,13,13,0,2.9,11,63.8,"1038",0,0,0,9,8,39.2,422,新開幸一,美,0,10101774,00635,01116,1013160112,福島実,エクセルマネジメン,タニノギムレット,エリモセントラル,ドクターデヴィアス,鹿毛,100308,   55.4,  ,    ,44.1
13,02,24,1,小倉,6,01,未勝利・牝,7,ダ,1,1000,良,メイショウアザミ  ,牝,3,吉田隼人,54.0,14,13,10,10,0,1.5,2,62.4,"1024",0,0,0,10,8,37.7,426,中野栄治,美,0,10105161,01095,01010,1013160113,松本和子,三嶋牧場,タニノギムレット,メイショウフルール,フジキセキ,栗毛,100311,    8.0,  ,    ,48.3
13,02,24,1,小倉,6,01,未勝利・牝,7,ダ,1,1000,良,エミオン          ,牝,3,松田大作,54.0,14,14,7,7,0,1.2,4,62.1,"1021",0,0,0,10,10,37.4,450,加用正,栗,0,10101225,01030,00425,1013160114,幅田昌伸,上村清志,スペシャルウィーク,ジョージアンベイ,"Storm Cat",青鹿,100409,   19.6,  ,    ,49.1
13,02,24,1,小倉,6,02,500万下,23,ダ,1,1700,良,レッドバビロン    ,牡,4,中井裕二,53.0,16,01,12,12,0,2.4,9,108.5,"1485",0,6,8,7,7,39.8,502,角居勝彦,栗,0,09105980,01141,01053,1013160201,東京ホースレーシン,社台ファーム,ネオユニヴァース,マニエラ,フォーティナイナー,青鹿,090430,   26.4,  ,    ,44.2
13,02,24,1,小倉,6,02,500万下,23,ダ,1,1700,良,オーシャンパワー  ,牡,5,川須栄彦,57.0,16,02,1,1,0,-0.2,1,106.1,"1461",0,6,6,3,2,37.9,468,石坂正,栗,670,08102210,01128,01022,1013160202,松岡隆雄,バンダム牧場,マヤノトップガン,リターンキャスト,ノーザンテースト,鹿毛,080213,    2.4,  ,    ,48.2
13,02,24,1,小倉,6,02,500万下,23,ダ,1,1700,良,エーシンデューク  ,牡,4,丸田恭介,56.0,16,03,9,9,0,1.7,11,107.8,"1478",0,15,15,15,14,38.6,484,沖芳夫,栗,0,09100254,01117,00378,1013160203,栄進堂,高野牧場,フジキセキ,ミッションガール,"Deputy Minister",青鹿,090421,   40.9,  ,    ,47.8
13,02,24,1,小倉,6,02,500万下,23,ダ,1,1700,良,スズカルパン      ,牡,4,菱田裕二,54.0,16,04,6,6,0,1.3,5,107.4,"1474",0,12,12,12,9,38.4,458,西橋豊治,栗,0,09103405,01144,00434,1013160204,永井宏明,岡野牧場,スズカマンボ,ルンルンスズカ,ラムタラ,鹿毛,090316,   10.8,  ,    ,48.0
13,02,24,1,小倉,6,02,500万下,23,ダ,1,1700,良,アウゲンイカロス  ,牡,5,鮫島良太,57.0,16,05,3,3,0,0.8,7,106.9,"1469",0,2,2,2,1,39,506,大根田裕,栗,170,08102272,01099,01032,1013160205,槙清孝,村下清志,サクラプレジデント,ナコマ,"Deputy Minister",黒鹿,080319,   24.1,  ,    ,45.0
13,02,24,1,小倉,6,02,500万下,23,ダ,1,1700,良,タケルハヤテ      ,牡,5,勝浦正樹,57.0,16,06,5,5,0,1,2,107.1,"1471",0,13,13,12,6,38.1,464,池上昌弘,美,67,08101043,01025,00390,1013160206,森保彦,レキシントンファー,オペラハウス,リキオリンピア,"End Sweep",鹿毛,080320,    5.1,  ,    ,48.8
13,02,24,1,小倉,6,02,500万下,23,ダ,1,1700,良,バトルシュリイマン,牡,6,的場勇人,57.0,16,07,15,15,0,5.4,12,111.5,"1515",0,3,3,5,11,43.1,462,的場均,美,0,07109035,01108,01063,1013160207,宮川秋信,下河辺トレーニング,フサイチコンコルド,グッドポジション,トニービン,鹿毛,070228,   53.7,  ,    ,36.6
13,02,24,1,小倉,6,02,500万下,23,ダ,1,1700,良,メイショウアルザス,牡,4,水口優也,53.0,16,08,13,13,0,3.9,15,110,"1500",0,1,1,1,3,42.2,456,藤岡範士,栗,0,09100594,01133,00289,1013160208,松本好隆,辻牧場,ワイルドラッシュ,ヘイローマジック,キングヘイロー,鹿毛,090319,  203.5,  ,    ,37.6
13,02,24,1,小倉,6,02,500万下,23,ダ,1,1700,良,ロノ              ,牡,4,中舘英二,56.0,16,09,16,16,0,6,6,112.1,"1521",0,3,4,5,14,43.6,460,池江泰寿,栗,0,09102923,00635,01071,1013160209,金子真人ホールディ,日高大洋牧場,キングカメハメハ,ネネグース,クロフネ,黒鹿,090301,   22.3,  ,    ,35.7
13,02,24,1,小倉,6,02,500万下,23,ダ,1,1700,良,ネオザタイタン    ,牡,5,松山弘平,57.0,16,10,14,14,0,4.9,14,111,"1510",0,8,6,7,14,42.3,544,黒岩陽一,美,0,08102641,01126,01133,1013160210,小林仁幸,社台コーポレーショ,クロフネ,カデンツァ,サンデーサイレンス,芦毛,080205,   83.8,  ,    ,38.6
13,02,24,1,小倉,6,02,500万下,23,ダ,1,1700,良,ダイゴロー        ,牡,5,大庭和弥,57.0,16,11,4,4,0,1,3,107.1,"1471",0,16,16,16,10,37.8,518,杉浦宏昭,美,100,08103893,01061,01008,1013160211,山岸桂市,三石川上牧場,プリサイスエンド,ライジングフラッグ,ラムタラ,鹿毛,080401,    6.4,  ,    ,50.0
13,02,24,1,小倉,6,02,500万下,23,ダ,1,1700,良,ニシノキミヨ      ,牝,5,横山和生,52.0,16,12,7,7,0,1.7,16,107.8,"1478",0,5,5,3,5,39.5,448,武藤善則,美,0,08104130,01140,01064,1013160212,西山茂行,西山牧場,バゴ,ナドラ,"Sadler's Wells",黒鹿,080224,  351.4,  ,    ,44.3
13,02,24,1,小倉,6,02,500万下,23,ダ,1,1700,良,ファンタズミック  ,牡,5,柴山雄一,57.0,16,13,10,10,0,1.8,8,107.9,"1479",0,13,13,10,7,39,500,浅見秀一,栗,0,08103228,05243,00411,1013160213,大塚亮一,ノーザンファーム,ハーツクライ,ティエッチグリーン,Kingmambo,鹿毛,080424,   26.0,  ,    ,46.4
13,02,24,1,小倉,6,02,500万下,23,ダ,1,1700,良,ニライジンク      ,牡,4,吉田隼人,56.0,16,14,11,11,0,1.8,13,107.9,"1479",0,9,9,10,11,39.1,504,池添兼雄,栗,0,09103559,01095,01021,1013160214,フォーレスト,今牧場,キングカメハメハ,トップレディスター,サンデーサイレンス,栗毛,090314,   80.5,  ,    ,46.0
13,02,24,1,小倉,6,02,500万下,23,ダ,1,1700,良,マルティニーク    ,牡,6,松田大作,57.0,16,15,8,8,0,1.7,10,107.8,"1478",0,10,11,12,11,38.8,506,千田輝彦,栗,0,07102752,01030,01120,1013160215,社台レースホース,社台ファーム,アグネスタキオン,カリブレディ,"Sadler's Wells",鹿毛,070420,   29.4,  ,    ,47.0
13,02,24,1,小倉,6,02,500万下,23,ダ,1,1700,良,バサラヴォーグ    ,牡,4,西田雄一,56.0,16,16,2,2,0,0.2,4,106.3,"1463",0,10,10,7,3,37.7,482,大竹正博,美,270,09101353,01004,01102,1013160216,湊義明,村下牧場,スウェプトオーヴァーボード,ナリタランバード,Miswaki,芦毛,090428,    8.4,  ,    ,49.3
13,02,24,1,小倉,6,03,未勝利・牝,7,芝,0,1800,良,カミーリア        ,牝,3,柴山雄一,54.0,16,01,5,5,0,0.5,2,109.8,"1498",0,4,3,3,3,35.7,484,小野幸治,栗,50,10100528,05243,00350,1013160301,名古屋友豊,白井牧場,スペシャルウィーク,アマゾンリリー,ホワイトマズル,鹿毛,100220,    6.4,  ,    ,53.8
13,02,24,1,小倉,6,03,未勝利・牝,7,芝,0,1800,良,ロングボンズ      ,牝,3,中井裕二,51.0,16,02,2,2,0,0,7,109.3,"1493",0,7,7,7,6,35,416,長浜博之,栗,200,10100153,01141,00395,1013160302,中井敏雄,天羽牧場,シンボリクリスエス,トップエクセレント,アグネスタキオン,黒鹿,100320,   15.6,  ,    ,56.1
13,02,24,1,小倉,6,03,未勝利・牝,7,芝,0,1800,良,リメインサイレント,牝,3,古川吉洋,54.0,16,03,9,9,0,0.6,3,109.9,"1499",0,10,9,8,9,35.4,482,田中章博,栗,0,10103747,01015,00413,1013160303,社台レースホース,社台ファーム,ホワイトマズル,サイレントアスク,サンデーサイレンス,鹿毛,100315,   10.3,  ,    ,55.2
13,02,24,1,小倉,6,03,未勝利・牝,7,芝,0,1800,良,ヴァレンティーア  ,牝,3,菱田裕二,52.0,16,04,13,13,0,0.9,12,110.2,"1502",0,10,9,11,14,35.5,450,中尾秀正,栗,0,10104193,01144,01069,1013160304,佐々木主浩,ノーザンファーム,ハーツクライ,タイキロザリオ,"Spinning World",栗毛,100204,   56.0,  ,    ,55.2
13,02,24,1,小倉,6,03,未勝利・牝,7,芝,0,1800,良,インカンデセンス  ,牝,3,藤岡康太,54.0,16,05,1,1,0,0,14,109.3,"1493",0,4,6,5,5,35.1,444,西浦勝一,栗,500,10100653,01116,01016,1013160305,H.H.シェイク・モハ,ダーレー・ジャパン,ファンタスティックライト,ゴールドサンライズ,"Forty Niner",鹿毛,100510,   77.4,  ,    ,55.7
13,02,24,1,小倉,6,03,未勝利・牝,7,芝,0,1800,良,ディオネー        ,牝,3,松山弘平,54.0,16,06,7,7,0,0.6,6,109.9,"1499",0,15,14,15,14,34.9,406,角田晃一,栗,0,10104025,01126,01121,1013160306,キャロットファーム,ノーザンファーム,ジャングルポケット,アドマイヤメガミ,エルコンドルパサー,鹿毛,100130,   15.5,  ,    ,57.4
13,02,24,1,小倉,6,03,未勝利・牝,7,芝,0,1800,良,ナゲットハント    ,牝,3,松田大作,54.0,16,07,15,15,0,1.9,16,111.2,"1512",0,7,8,8,9,36.8,422,吉村圭司,栗,0,10100479,01030,01130,1013160307,下河辺牧場,下河辺牧場,ステイゴールド,ダンシングナゲット,"Seeking the Gold",青鹿,100506,  303.3,  ,    ,51.1
13,02,24,1,小倉,6,03,未勝利・牝,7,芝,0,1800,良,ナンヨーカノン    ,牝,3,水口優也,51.0,16,08,6,6,0,0.5,10,109.8,"1498",0,7,9,11,9,35.1,444,領家政蔵,栗,0,10104253,01133,00345,1013160308,中村徳也,ノーザンファーム,フジキセキ,ピラミマ,"Unbridled's Song",青鹿,100123,   26.3,  ,    ,56.4
13,02,24,1,小倉,6,03,未勝利・牝,7,芝,0,1800,良,シルヴァーグレイス,牝,3,丸山元気,54.0,16,09,3,3,0,0.2,1,109.5,"1495",0,10,12,8,6,35.1,438,須貝尚介,栗,130,10103767,01127,01105,1013160309,吉田千津,社台ファーム,ハーツクライ,シルヴァーカップ,Almutawakel,鹿毛,100304,    2.0,  ,    ,56.0
13,02,24,1,小倉,6,03,未勝利・牝,7,芝,0,1800,良,セントアモーレ    ,牝,3,荻野琢真,54.0,16,10,11,11,0,0.8,15,110.1,"1501",0,16,14,11,9,35.4,410,矢作芳人,栗,0,10102602,01112,01075,1013160310,谷水雄三,カントリー牧場,ブライアンズタイム,タニノハイクレア,クロフネ,鹿毛,100204,  260.9,  ,    ,55.5
13,02,24,1,小倉,6,03,未勝利・牝,7,芝,0,1800,良,セイウンヒマワリ  ,牝,3,丸田恭介,54.0,16,11,10,10,0,0.8,4,110.1,"1501",0,1,1,1,1,36.2,394,田所秀孝,栗,0,10105018,01117,01009,1013160311,西山茂行,中脇満,ステイゴールド,ヒカルプリンセス,クロコルージュ,栗毛,100425,   13.3,  ,    ,52.1
13,02,24,1,小倉,6,03,未勝利・牝,7,芝,0,1800,良,クインポルカ      ,牝,3,中舘英二,54.0,16,12,16,16,0,2.8,13,112.1,"1521",0,2,3,3,8,38,438,岩元市三,栗,0,10104632,00635,00397,1013160312,田畑利彦,浦河日成牧場,タニノギムレット,レイナワルツ,ブラックタイアフェアー,芦毛,100308,   59.4,  ,    ,47.5
13,02,24,1,小倉,6,03,未勝利・牝,7,芝,0,1800,良,コスモサンチャン  ,牝,3,吉田隼人,54.0,16,13,12,12,0,0.9,11,110.2,"1502",0,14,14,15,16,35.3,422,小野次郎,美,0,10105486,01095,01125,1013160313,ビッグレッドファー,コスモヴューファー,ロージズインメイ,マイネサンサン,スペシャルウィーク,鹿毛,100131,   49.1,  ,    ,56.1
13,02,24,1,小倉,6,03,未勝利・牝,7,芝,0,1800,良,マーヴェリックス  ,牝,3,鮫島良太,54.0,16,14,14,14,0,1.2,8,110.5,"1505",0,10,13,11,9,35.9,440,藤原英昭,栗,0,10104060,01099,01055,1013160314,市川義美,ノーザンファーム,"Smart Strike",エルノヴァ,サンデーサイレンス,鹿毛,100302,   16.6,  ,    ,53.9
13,02,24,1,小倉,6,03,未勝利・牝,7,芝,0,1800,良,ファンタジーデイ  ,牝,3,勝浦正樹,54.0,16,15,8,8,0,0.6,9,109.9,"1499",0,4,5,5,3,35.7,454,本田優,栗,0,10101655,01025,01099,1013160315,安原浩司,三石川上牧場,ジャイアントレッカー,イケイケサンドリン,フォーティナイナー,栗毛,100430,   20.2,  ,    ,53.9
13,02,24,1,小倉,6,03,未勝利・牝,7,芝,0,1800,良,ディオジェーヌ    ,牝,3,川須栄彦,54.0,16,16,4,4,0,0.4,5,109.7,"1497",0,2,2,2,2,35.7,418,石坂正,栗,75,10104264,01128,01022,1013160316,サンデーレーシング,ノーザンファーム,ディープインパクト,フォーシンズ,Sinndar,鹿毛,100501,   13.9,  ,    ,53.6
13,02,24,1,小倉,6,04,未勝利,7,芝,0,1200,良,トーセンベイビー  ,牝,3,菅原隆一,51.0,18,01,14,14,0,1,16,70.8,"1108",0,0,0,15,15,35,434,柴崎勇,美,0,10100239,01129,00430,1013160401,島川隆哉,エスティファーム,ロージズインメイ,トーセンオマージュ,ダンスインザダーク,青毛,100413,  257.0,  ,    ,52.3
13,02,24,1,小倉,6,04,未勝利,7,芝,0,1200,良,ロマンティックガイ,牡,3,吉田隼人,56.0,18,02,12,12,0,0.9,12,70.7,"1107",0,0,0,15,15,35,478,高橋文雅,美,0,10102609,01095,01134,1013160402,安倍光昭,キヨタケ牧場,サクラバクシンオー,ゲラウトマイウエイ,スキャターザゴールド,鹿毛,100602,   43.7,  ,    ,52.0
13,02,24,1,小倉,6,04,未勝利,7,芝,0,1200,良,タケデンアズマ    ,牡,3,黛弘人,56.0,18,03,18,18,0,2.1,18,71.9,"1119",0,0,0,18,18,35.4,464,高橋義博,美,0,10101258,01109,01036,1013160403,武市弘,沖田哲夫,サムライハート,タケデンアンナ,グリーンマウント,栗毛,100516,  454.3,  ,    ,53.1
13,02,24,1,小倉,6,04,未勝利,7,芝,0,1200,良,レフア            ,牝,3,川須栄彦,54.0,18,04,6,6,0,0.4,4,70.2,"1102",0,0,0,8,5,35.2,436,水野貴広,美,0,10101093,01128,01094,1013160404,桑畑隆信,槇本牧場,キングカメハメハ,リュウシンティア,マンハッタンカフェ,鹿毛,100427,    7.3,  ,    ,49.4
13,02,24,1,小倉,6,04,未勝利,7,芝,0,1200,良,マヤノラムダ      ,牡,3,古川吉洋,56.0,18,05,3,3,0,0.3,3,70.1,"1101",0,0,0,4,3,35.3,480,梅内忍,栗,130,10101613,01015,00398,1013160405,田所英子,前川隆則,キングヘイロー,ポットブリリアンス,キンググローリアス,栗毛,100430,    6.0,  ,    ,48.6
13,02,24,1,小倉,6,04,未勝利,7,芝,0,1200,良,アリオンバローズ  ,牡,3,松山弘平,56.0,18,06,13,13,0,0.9,11,70.7,"1107",0,0,0,4,5,35.8,454,藤沢則雄,栗,0,10102842,01126,01041,1013160406,猪熊広次,タイヘイ牧場,ステイゴールド,ダンジグジョイ,Danzig,鹿毛,100323,   38.5,  ,    ,47.5
13,02,24,1,小倉,6,04,未勝利,7,芝,0,1200,良,ウォーターシュート,牡,3,佐久間寛,56.0,18,07,7,7,0,0.4,14,70.2,"1102",0,0,0,12,9,34.9,396,鹿戸明,栗,0,10105232,01080,00368,1013160407,山岡良一,本巣牧場,ブラックタイド,ウォーターリボーン,"Alphabet Soup",鹿毛,100328,   87.1,  ,    ,51.1
13,02,24,1,小倉,6,04,未勝利,7,芝,0,1200,良,グッドジーン      ,牡,3,西村太一,54.0,18,08,1,1,0,-0.2,1,69.8,"1098",0,0,0,1,1,35.2,466,山内研二,栗,500,10103265,01131,00388,1013160408,フォーレスト,フジワラフアーム,グラスワンダー,ダンツプリンセス,サンデーサイレンス,栗毛,100308,    3.6,  ,    ,48.3
13,02,24,1,小倉,6,04,未勝利,7,芝,0,1200,良,ラーストチカ      ,牝,3,鮫島良太,54.0,18,09,4,4,0,0.3,6,70.1,"1101",0,0,0,15,15,34.3,428,宮徹,栗,75,10102310,01099,01018,1013160409,岡田牧雄,村下農場,スウェプトオーヴァーボード,イソノスワロー,デヒア,黒鹿,100323,   15.0,  ,    ,54.4
13,02,24,1,小倉,6,04,未勝利,7,芝,0,1200,良,ブラゾン          ,牡,3,中舘英二,56.0,18,10,11,11,0,0.7,8,70.5,"1105",0,0,0,9,9,35.3,452,尾関知人,美,0,10110114,00635,01103,1013160410,前田幸治,"Brandywine Farm (J","Rockport Harbor","L X Pretty Woman","Dixieland Band",芦毛,100501,   18.9,  ,    ,49.7
13,02,24,1,小倉,6,04,未勝利,7,芝,0,1200,良,サマーフェアリー  ,牝,3,柴山雄一,54.0,18,11,2,2,0,0.2,7,70,"1100",0,0,0,4,5,35.1,436,畠山吉宏,美,200,10104545,05243,01048,1013160411,ライオンレースホー,追分ファーム,ゴールドアリュール,デゴッドドーター,"De Niro",栗毛,100403,   18.7,  ,    ,49.4
13,02,24,1,小倉,6,04,未勝利,7,芝,0,1200,良,ベルゲンクライ    ,牡,3,松田大作,56.0,18,12,9,9,0,0.5,10,70.3,"1103",0,0,0,12,13,35,486,大久保洋,美,0,10101972,01030,00138,1013160412,大原詔宏,大原ファーム,ハーツクライ,フェストネ,Balleroy,芦毛,100421,   34.3,  ,    ,50.9
13,02,24,1,小倉,6,04,未勝利,7,芝,0,1200,良,ペルセクション    ,牝,3,藤岡康太,54.0,18,13,8,8,0,0.4,9,70.2,"1102",0,0,0,2,2,35.5,456,田所秀孝,栗,0,10110084,01116,01009,1013160413,門野重雄,"Winchester Farm",Invasor,"Star Mullein",Woodman,黒鹿,100331,   23.6,  ,    ,47.7
13,02,24,1,小倉,6,04,未勝利,7,芝,0,1200,良,キセキノナルシスト,牡,3,原田和真,53.0,18,14,17,17,0,1.3,17,71.1,"1111",0,0,0,4,5,36.2,500,鈴木伸尋,美,0,10105046,01143,01026,1013160414,梶原哲朗,日本中央競馬会日高,ケイムホーム,キセキスティール,フジキセキ,黒鹿,100329,  360.6,  ,    ,46.4
13,02,24,1,小倉,6,04,未勝利,7,芝,0,1200,良,フェアリーシチー  ,牝,3,上村洋行,54.0,18,15,16,16,0,1.2,15,71,"1110",0,0,0,14,13,35.5,450,清水出美,栗,0,10101583,00709,00369,1013160415,友駿ホースクラブ,幌村牧場,アルカセット,ダンシングメリー,シンボリルドルフ,芦毛,100221,  106.6,  ,    ,50.0
13,02,24,1,小倉,6,04,未勝利,7,芝,0,1200,良,デイドリーマー    ,牝,3,丸田恭介,54.0,18,16,5,5,0,0.4,2,70.2,"1102",0,0,0,9,9,35.1,422,久保田貴,美,50,10100683,01117,01067,1013160416,H.H.シェイク・ハム,ダーレー・ジャパン,ネオユニヴァース,ドリームスキーム,Machiavellian,鹿毛,100125,    4.1,  ,    ,50.0
13,02,24,1,小倉,6,04,未勝利,7,芝,0,1200,良,メイショウカルマン,牝,3,荻野琢真,54.0,18,17,15,15,0,1,13,70.8,"1108",0,0,0,9,9,35.6,434,南井克巳,栗,0,10101469,01112,01049,1013160417,松本好雄,土田扶美子,フジキセキ,ターフフラッパー,フォーティナイナー,鹿毛,100409,   45.2,  ,    ,48.9
13,02,24,1,小倉,6,04,未勝利,7,芝,0,1200,良,パティキュラリー  ,牝,3,勝浦正樹,54.0,18,18,10,10,0,0.6,5,70.4,"1104",0,0,0,2,3,35.7,434,谷原義明,美,0,10103586,01025,00402,1013160418,平岡茂樹,平岡牧場,スウェプトオーヴァーボード,ミスソヴリン,ワカオライデン,鹿毛,100317,   11.7,  ,    ,47.2
13,02,24,1,小倉,6,05,新馬,15,芝,0,1800,良,サダムサロペット  ,牝,3,川須栄彦,54.0,12,01,7,7,0,1.1,5,109.8,"1498",0,6,4,3,5,37,476,松永幹夫,栗,0,10104403,01128,01092,1013160501,大西定,社台コーポレーショ,スペシャルウィーク,キッズトゥデイ,Siphon,芦毛,100405,   13.3,  ,    ,48.4
13,02,24,1,小倉,6,05,新馬,15,芝,0,1800,良,オンワードナルシス,牡,3,松山弘平,56.0,12,02,8,8,0,1.4,10,110.1,"1501",0,1,1,1,1,37.6,474,村山明,栗,0,10101985,01126,01107,1013160502,樫山章子,オンワード牧場,ザール,オンワードイイデス,カコイーシーズ,黒鹿,100304,   38.7,  ,    ,46.4
13,02,24,1,小倉,6,05,新馬,15,芝,0,1800,良,マコトラヴィッサン,牝,3,勝浦正樹,54.0,12,03,9,9,0,1.6,11,110.3,"1503",0,6,6,7,8,37.1,436,松田国英,栗,0,10105793,01025,01011,1013160503,ディアマント,新冠橋本牧場,キングカメハメハ,マコトマンリョウ,サンデーサイレンス,青鹿,100405,   51.6,  ,    ,48.7
13,02,24,1,小倉,6,05,新馬,15,芝,0,1800,良,デインツリー      ,牡,3,中井裕二,53.0,12,04,1,1,0,-0.2,1,108.7,"1487",0,2,2,2,2,36.2,480,長浜博之,栗,600,10104544,01141,00395,1013160504,社台レースホース,追分ファーム,スペシャルウィーク,デインスカヤ,Danehill,青鹿,100120,    2.9,  ,    ,50.1
13,02,24,1,小倉,6,05,新馬,15,芝,0,1800,良,フェブサクセス    ,牡,3,上村洋行,56.0,12,05,11,11,0,2.8,4,111.5,"1515",0,12,12,12,12,36.8,458,湯窪幸雄,栗,0,10103342,00709,01057,1013160505,釘田義広,前田牧場,ブラックタイド,ナイトスペル,"Fairy King",鹿毛,100417,   10.7,  ,    ,51.5
13,02,24,1,小倉,6,05,新馬,15,芝,0,1800,良,リュクスエンブレム,牝,3,丸田恭介,54.0,12,06,10,10,0,1.7,9,110.4,"1504",0,3,3,3,3,37.6,398,荒川義之,栗,0,10104476,01117,01095,1013160506,田畑憲士,社台コーポレーショ,ウォーエンブレム,ブラッシングプリンセス,"Crafty Prospector",黒鹿,100208,   38.0,  ,    ,46.8
13,02,24,1,小倉,6,05,新馬,15,芝,0,1800,良,クーファチック    ,牝,3,松田大作,54.0,12,07,12,12,0,2.9,7,111.6,"1516",0,3,4,3,6,38.8,502,松永昌博,栗,0,10105411,01030,01083,1013160507,大迫久美子,川島牧場,ハーツクライ,ダムドコンパニー,Kingmambo,黒鹿,100324,   14.1,  ,    ,43.8
13,02,24,1,小倉,6,05,新馬,15,芝,0,1800,良,シャイニングタイム,牝,3,丸山元気,54.0,12,08,2,2,0,0.2,6,108.9,"1489",0,9,9,7,6,35.7,416,荒川義之,栗,240,10104378,01127,01095,1013160508,キャロットファーム,社台コーポレーショ,フジキセキ,アウトオブタイム,Panis,黒鹿,100219,   14.0,  ,    ,52.5
13,02,24,1,小倉,6,05,新馬,15,芝,0,1800,良,マンノアクトレス  ,牝,3,菱田裕二,52.0,12,09,5,5,0,0.7,8,109.4,"1494",0,11,11,11,10,35.5,426,角田晃一,栗,60,10106202,01144,01121,1013160509,萬野順啓,若林牧場,ハーツクライ,ウェーブクイーン,サツカーボーイ,鹿毛,100412,   14.4,  ,    ,54.1
13,02,24,1,小倉,6,05,新馬,15,芝,0,1800,良,ナリタアップスター,牡,3,中舘英二,56.0,12,10,4,4,0,0.3,12,109,"1490",0,10,10,10,10,35.2,432,小野幸治,栗,90,10100537,00635,00350,1013160510,オースミ,白井牧場,ナリタセンチュリー,ナリタトパーズ,ヘクタープロテクター,栗毛,100407,  101.6,  ,    ,54.8
13,02,24,1,小倉,6,05,新馬,15,芝,0,1800,良,トレザイール      ,牡,3,吉田隼人,56.0,12,11,6,6,0,0.9,3,109.6,"1496",0,8,8,9,8,36.3,500,笹田和秀,栗,0,10101278,01095,01104,1013160511,幅田昌伸,折手牧場,マンハッタンカフェ,マークプロミス,トウシヨウボーイ,鹿毛,100404,    6.6,  ,    ,51.0
13,02,24,1,小倉,6,05,新馬,15,芝,0,1800,良,トーホウスマート  ,牡,3,鮫島良太,56.0,12,12,3,3,0,0.2,2,108.9,"1489",0,3,6,6,3,35.9,476,藤原英昭,栗,150,10102337,01099,01055,1013160512,東豊物産,吉田ファーム,ネオユニヴァース,トーホウアスカ,チーフベアハート,栗毛,100226,    3.3,  ,    ,51.7
13,02,24,1,小倉,6,06,500万下,23,ダ,1,2400,良,ダノンクルソラ    ,セ,5,吉田隼人,57.0,14,01,13,13,0,1.7,10,157.5,"2375",0,12,12,12,12,38.3,474,高柳瑞樹,美,0,08103133,01095,01118,1013160601,ダノックス,ノーザンファーム,"Fusaichi Pegasus",クルソラ,"Candy Stripes",鹿毛,080330,   34.1,  ,    ,53.7
13,02,24,1,小倉,6,06,500万下,23,ダ,1,2400,良,トニーポケット    ,牡,4,松田大作,56.0,14,02,2,2,0,0.2,2,156,"2360",0,5,3,2,2,38.4,476,矢作芳人,栗,270,09105430,01030,01075,1013160602,藤田浩一,ロイヤルファーム新,ジャングルポケット,デビルインマインド,ダンスインザダーク,鹿毛,090322,    4.2,  ,    ,52.1
13,02,24,1,小倉,6,06,500万下,23,ダ,1,2400,良,クラウディーハート,牝,4,西村太一,52.0,14,03,14,14,0,2.8,11,158.6,"2386",0,13,13,13,13,39.2,464,田村康仁,美,0,09100745,01131,01027,1013160603,"Him Rock Racing",松田牧場,クロフネ,サザンシーラ,"Southern Halo",鹿毛,090320,   68.7,  ,    ,51.5
13,02,24,1,小倉,6,06,500万下,23,ダ,1,2400,良,ボストンリョウマ  ,牡,5,横山和生,54.0,14,04,12,12,0,1.6,8,157.4,"2374",0,2,3,7,8,39,476,岩元市三,栗,0,08101810,01140,00397,1013160604,ボストンホース,宮内牧場,マンハッタンカフェ,ファンドリオボッコ,ワツスルタツチ,青鹿,080304,   29.9,  ,    ,51.2
13,02,24,1,小倉,6,06,500万下,23,ダ,1,2400,良,センティラシオン  ,牝,5,西田雄一,55.0,14,05,8,8,0,1.4,13,157.2,"2372",0,5,6,9,8,38.5,476,柄崎孝,美,0,08101613,01004,00380,1013160605,中村博亮,辻牧場,クロフネ,ガーデンローズ,トニービン,芦毛,080207,  185.1,  ,    ,52.8
13,02,24,1,小倉,6,06,500万下,23,ダ,1,2400,良,タイソンバローズ  ,牡,5,勝浦正樹,57.0,14,06,7,7,0,1.4,1,157.2,"2372",0,2,2,5,3,39.4,486,清水久詞,栗,0,08105792,01025,01110,1013160606,猪熊広次,ダーレー・ジャパン,ファンタスティックライト,ライフストーリー,Capote,栗毛,080412,    3.0,  ,    ,49.7
13,02,24,1,小倉,6,06,500万下,23,ダ,1,2400,良,ダテノスイミー    ,牡,6,田中健,57.0,14,07,9,9,0,1.5,5,157.3,"2373",0,13,13,13,13,37.9,446,白井寿昭,栗,0,07109314,01114,00201,1013160607,関駿也,関兵牧場,ブライアンズタイム,アジュディケーター,アジュディケーティング,栗毛,070331,    8.6,  ,    ,55.0
13,02,24,1,小倉,6,06,500万下,23,ダ,1,2400,良,ラグナロク        ,セ,7,中井裕二,54.0,14,08,5,5,0,1,4,156.8,"2368",0,4,5,6,6,38.6,486,岩戸孝樹,美,67,06100739,01141,01051,1013160608,岡田牧雄,岡田スタツド,マイネルラヴ,オールドスタッフ,"Irish River",黒鹿,060515,    7.7,  ,    ,52.1
13,02,24,1,小倉,6,06,500万下,23,ダ,1,2400,良,キョウエイプラウド,牡,5,丸田恭介,57.0,14,09,10,10,0,1.5,9,157.3,"2373",0,10,11,9,8,38.6,506,藤原辰雄,美,0,08101050,01117,00435,1013160609,田中晴夫,田湯牧場,タイキファイヤー,グリシーナ,ジェイドロバリー,鹿毛,080527,   31.0,  ,    ,52.5
13,02,24,1,小倉,6,06,500万下,23,ダ,1,2400,良,ビコークラウン    ,牡,4,佐久間寛,56.0,14,10,6,6,0,1,14,156.8,"2368",0,9,7,4,5,39.1,476,鹿戸明,栗,0,09104308,01080,00368,1013160610,レジェンド,山口修二,チーフベアハート,カーネリアンビコー,ダンシングブレーヴ,栗毛,090505,  380.3,  ,    ,50.3
13,02,24,1,小倉,6,06,500万下,23,ダ,1,2400,良,ミチャエル        ,牡,4,荻野琢真,56.0,14,11,11,11,0,1.5,12,157.3,"2373",0,8,9,11,11,38.2,452,小崎憲,栗,0,09102286,01112,01085,1013160611,クレイベンチャー,オリオンファーム,Officer,サマータイムヴァル,"Summer Squall",鹿毛,090316,   83.0,  ,    ,53.9
13,02,24,1,小倉,6,06,500万下,23,ダ,1,2400,良,ハワイアンソルト  ,牡,4,川須栄彦,56.0,14,12,1,1,0,-0.2,3,155.8,"2358",0,1,1,1,1,38.3,476,友道康夫,栗,670,09106359,01128,01061,1013160612,金子真人ホールディ,ノーザンファーム,ディープインパクト,ミスパスカリ,"Mr. Greeley",芦毛,090210,    7.4,  ,    ,52.3
13,02,24,1,小倉,6,06,500万下,23,ダ,1,2400,良,ヴェイロン        ,牡,5,丸山元気,57.0,14,13,3,3,0,0.3,6,156.1,"2361",0,10,10,7,6,37.7,490,吉村圭司,栗,170,08104830,01127,01130,1013160613,前田幸治,ノースヒルズマネジ,キングカメハメハ,ヘヴンリーロマンス,サンデーサイレンス,栗毛,080420,   10.7,  ,    ,54.7
13,02,24,1,小倉,6,06,500万下,23,ダ,1,2400,良,メイショウシャイン,牡,6,菱田裕二,55.0,14,14,4,4,0,0.8,7,156.6,"2366",0,7,7,2,3,39,476,佐山優,栗,100,07101731,01144,00357,1013160614,松本好雄,林孝輝,オペラハウス,メイショウアゲハ,クリエイター,鹿毛,070419,   12.5,  ,    ,50.5
13,02,24,1,小倉,6,07,500万下・牝,23,芝,0,1800,良,マイネクイーン    ,牝,5,黛弘人,55.0,15,01,1,1,0,-0.2,7,108.7,"1487",0,1,1,1,1,34.3,458,田中清隆,美,670,08104036,01109,00408,1013160701,サラブレッドクラブ,富田牧場,アグネスタキオン,ファストルック,"Seeking the Gold",鹿毛,080216,   14.8,  ,    ,58.5
13,02,24,1,小倉,6,07,500万下・牝,23,芝,0,1800,良,コスモオアシス    ,牝,4,荻野琢真,54.0,15,02,9,9,0,0.5,14,109.2,"1492",0,9,9,7,6,34.2,416,畠山重則,美,0,09104663,01112,00339,1013160702,ビッグレッドファー,コスモヴューファー,ステイゴールド,マイネトップレディ,ムタファーウエク,鹿毛,090420,  115.7,  ,    ,59.6
13,02,24,1,小倉,6,07,500万下・牝,23,芝,0,1800,良,ディープスノー    ,牝,5,原田和真,52.0,15,03,8,8,0,0.4,15,109.1,"1491",0,6,6,7,6,34.1,464,牧光二,美,0,08104247,01143,01106,1013160703,日下部勝徳,石郷岡雅樹,ディープインパクト,カフェオペラ,"Sadler's Wells",鹿毛,080322,  118.2,  ,    ,60.0
13,02,24,1,小倉,6,07,500万下・牝,23,芝,0,1800,良,インパクトゲーム  ,牝,5,松田大作,55.0,15,04,3,3,0,0.2,4,108.9,"1489",0,3,3,3,3,34.2,468,今野貞一,栗,170,08103138,01030,01128,1013160704,キャロットファーム,ノーザンファーム,ディープインパクト,グッドゲーム,"Fly Till Dawn",黒鹿,080422,    7.9,  ,    ,59.2
13,02,24,1,小倉,6,07,500万下・牝,23,芝,0,1800,良,モスカートローザ  ,牝,5,丸田恭介,55.0,15,05,2,2,0,0.2,9,108.9,"1489",0,12,12,10,10,33.7,476,木村哲也,美,270,08103387,01117,01126,1013160705,吉田勝己,ノーザンファーム,ディープインパクト,ローザロバータ,"Fire Maker",鹿毛,080504,   21.2,  ,    ,61.6
13,02,24,1,小倉,6,07,500万下・牝,23,芝,0,1800,良,ロゼシャンパーニュ,牝,4,柴山雄一,54.0,15,06,6,6,0,0.3,12,109,"1490",0,6,6,3,3,34.2,404,浅見秀一,栗,0,09106078,05243,00411,1013160706,大塚亮一,ノーザンファーム,ゼンノロブロイ,アーティストチョイス,"Giant's Causeway",黒鹿,090124,   47.5,  ,    ,59.4
13,02,24,1,小倉,6,07,500万下・牝,23,芝,0,1800,良,ワタシマッテルワ  ,牝,4,川須栄彦,54.0,15,07,7,7,0,0.4,1,109.1,"1491",0,8,8,9,9,34,438,牧浦充徳,栗,0,09100650,01128,01113,1013160707,ターフ・スポート,中島牧場,オレハマッテルゼ,パントミーマ,シアトルダンサー2,鹿毛,090411,    3.2,  ,    ,60.4
13,02,24,1,小倉,6,07,500万下・牝,23,芝,0,1800,良,アンリミテッドピサ,牝,5,松山弘平,55.0,15,08,15,15,0,1,6,109.7,"1497",0,5,5,6,6,34.8,440,大久保龍,栗,0,08102705,01126,01058,1013160708,市川義美,社台コーポレーショ,シンボリクリスエス,ピサノパスティーユ,サンデーサイレンス,鹿毛,080315,   13.7,  ,    ,57.6
13,02,24,1,小倉,6,07,500万下・牝,23,芝,0,1800,良,ラミアプリマベーラ,牝,4,伊藤工真,54.0,15,09,11,11,0,0.7,11,109.4,"1494",0,9,10,10,10,34.2,440,清水美波,美,0,09103330,01119,00347,1013160709,岡田壮史,岡田スタツド,トーセンダンス,ディコーラム,フレンチグローリー,栗毛,090507,   43.6,  ,    ,59.9
13,02,24,1,小倉,6,07,500万下・牝,23,芝,0,1800,良,ハギノトラスト    ,牝,7,菱田裕二,53.0,15,10,12,12,0,0.7,8,109.4,"1494",0,3,3,3,3,34.7,448,鮫島一歩,栗,0,06106412,01144,01046,1013160710,安岡美津子,村下明博,ヘクタープロテクター,サベージレディ,デイクタス,栃栗,060516,   15.5,  ,    ,57.6
13,02,24,1,小倉,6,07,500万下・牝,23,芝,0,1800,良,セシリア          ,牝,4,藤岡康太,54.0,15,11,4,4,0,0.3,5,109,"1490",0,2,2,2,2,34.5,440,矢作芳人,栗,100,09102124,01116,01075,1013160711,田所英子,天羽牧場,アグネスタキオン,マシュール,"Giant's Causeway",栗毛,090315,    8.2,  ,    ,58.0
13,02,24,1,小倉,6,07,500万下・牝,23,芝,0,1800,良,グルーヴィクイーン,牝,5,勝浦正樹,55.0,15,12,14,14,0,1,13,109.7,"1497",0,14,14,15,13,34.1,400,庄野靖志,栗,0,08103090,01025,01087,1013160712,サンデーレーシング,ノーザンファーム,キングカメハメハ,イントゥザグルーヴ,サンデーサイレンス,栗毛,080410,   67.8,  ,    ,60.9
13,02,24,1,小倉,6,07,500万下・牝,23,芝,0,1800,良,ヴィーヴァブーケ  ,牝,7,丸山元気,55.0,15,13,13,13,0,0.9,10,109.6,"1496",0,9,10,13,13,34.2,418,相沢郁,美,0,06100776,01127,01020,1013160713,芹澤精一,岡田スタツド,キングカメハメハ,ブルーリッジリバー,フジキセキ,青鹿,060330,   23.7,  ,    ,60.2
13,02,24,1,小倉,6,07,500万下・牝,23,芝,0,1800,良,マイネアルナイル  ,牝,4,吉田隼人,54.0,15,14,10,10,0,0.7,3,109.4,"1494",0,13,12,10,10,34.1,476,中村均,栗,0,09105140,01095,00261,1013160714,サラブレッドクラブ,ビッグレッドファー,ロージズインメイ,コスモキララ,タマモクロス,青鹿,090201,    7.3,  ,    ,60.4
13,02,24,1,小倉,6,07,500万下・牝,23,芝,0,1800,良,シャドウライフ    ,牝,4,中井裕二,51.0,15,15,5,5,0,0.3,2,109,"1490",0,14,14,13,13,33.6,450,加藤征弘,美,67,09106013,01141,01059,1013160715,飯塚知一,社台ファーム,サクラバクシンオー,ライブリーダンス,サンデーサイレンス,黒鹿,090225,    5.2,  ,    ,62.2
13,02,24,1,小倉,6,08,500万下,23,芝,0,1200,良,ミヤビリファイン  ,牡,4,古川吉洋,57.0,18,01,5,5,0,0.3,6,69,"1090",0,0,0,3,3,34.5,494,大久保洋,美,67,09103716,01015,00138,1013160801,村上義勝,高橋修,ロージズインメイ,ミヤビキララ,スペシャルウィーク,青鹿,090511,   10.5,  ,    ,50.0
13,02,24,1,小倉,6,08,500万下,23,芝,0,1200,良,ヤマニンボンプアン,牝,5,菱田裕二,53.0,18,02,3,3,0,0.1,3,68.8,"1088",0,0,0,1,1,34.6,478,木原一良,栗,170,08104780,01144,01033,1013160802,土井肇,錦岡牧場,ファンタスティックライト,ヤマニンアルシオン,サンデーサイレンス,鹿毛,080402,    6.7,  ,    ,48.8
13,02,24,1,小倉,6,08,500万下,23,芝,0,1200,良,イッセキニチョウ  ,牡,4,勝浦正樹,57.0,18,03,7,7,0,0.3,12,69,"1090",0,0,0,8,7,34.1,462,和田正道,美,0,09104533,01025,00353,1013160803,山口春夫,柏木一則,エイシンワシントン,ハツネスキップラヴ,マイネルラヴ,鹿毛,090511,   46.0,  ,    ,52.3
13,02,24,1,小倉,6,08,500万下,23,芝,0,1200,良,バラードソング    ,牝,5,松田大作,55.0,18,04,2,2,0,0,1,68.7,"1087",0,0,0,7,7,34,458,牧浦充徳,栗,270,08102892,01030,01113,1013160804,グリーンファーム,社台ファーム,ハーツクライ,ソロリサイタル,Rahy,鹿毛,080424,    3.1,  ,    ,52.1
13,02,24,1,小倉,6,08,500万下,23,芝,0,1200,良,カシノラピス      ,牝,4,菅原隆一,52.0,18,05,17,17,0,1.3,17,70,"1100",0,0,0,8,9,35.2,434,梅内忍,栗,0,09101815,01129,00398,1013160805,柏木務,前川隆則,グランデラ,マヤノロゼッタ,マヤノトップガン,栗毛,090308,  282.3,  ,    ,48.9
13,02,24,1,小倉,6,08,500万下,23,芝,0,1200,良,ドクトルコスモ    ,牝,4,横山和生,52.0,18,06,7,7,0,0.3,18,69,"1090",0,0,0,11,9,34,430,松永康利,美,0,09100144,01140,01093,1013160806,湯澤寛,畔高牧場,オレハマッテルゼ,ウォーターセレブ,サクラローレル,栗毛,090427,  416.6,  ,    ,52.9
13,02,24,1,小倉,6,08,500万下,23,芝,0,1200,良,レヴァンタール    ,セ,4,黛弘人,57.0,18,07,9,9,0,0.3,5,69,"1090",0,0,0,3,5,34.5,432,蛯名利弘,美,0,09104888,01109,01131,1013160807,岡田牧雄,土井牧場,ファルブラヴ,パンペロウ,"Conquistador Cielo",鹿毛,090402,    8.0,  ,    ,50.0
13,02,24,1,小倉,6,08,500万下,23,芝,0,1200,良,ケイツーノース    ,牝,6,丸田恭介,55.0,18,08,10,10,0,0.4,4,69.1,"1091",0,0,0,14,9,33.8,500,大竹正博,美,0,07104657,01117,01102,1013160808,楠本勝美,長浜忠,ファルブラヴ,シャフィガ,Woodman,栗毛,070319,    7.0,  ,    ,54.4
13,02,24,1,小倉,6,08,500万下,23,芝,0,1200,良,カレンシェリーメイ,牝,4,丸山元気,55.0,18,09,16,16,0,1.1,2,69.8,"1098",0,0,0,13,13,34.6,400,安田隆行,栗,0,09105828,01127,00438,1013160809,鈴木隆司,社台ファーム,ディープインパクト,スプリングチケット,トニービン,鹿毛,090308,    5.9,  ,    ,51.7
13,02,24,1,小倉,6,08,500万下,23,芝,0,1200,良,コスモルミナス    ,牡,4,荻野琢真,57.0,18,10,15,15,0,1.1,11,69.8,"1098",0,0,0,14,15,34.5,468,岩戸孝樹,美,0,09100463,01112,01051,1013160810,ビッグレッドファー,笹地牧場,アグネスデジタル,ピサノルミナス,アグネスタキオン,栗毛,090523,   36.5,  ,    ,52.3
13,02,24,1,小倉,6,08,500万下,23,芝,0,1200,良,ダークラム        ,牡,5,柴山雄一,57.0,18,11,12,12,0,0.9,16,69.6,"1096",0,0,0,11,15,34.5,484,黒岩陽一,美,0,08105399,05243,01133,1013160811,ジェイアール,賀張三浦牧場,タニノギムレット,タガノブラッサム,サンデーサイレンス,黒鹿,080517,  212.4,  ,    ,51.7
13,02,24,1,小倉,6,08,500万下,23,芝,0,1200,良,マイネサヴァラン  ,牝,4,吉田隼人,55.0,18,12,14,14,0,1.1,7,69.8,"1098",0,0,0,8,9,34.9,446,清水英克,美,0,09105192,01095,01080,1013160812,サラブレッドクラブ,ビッグレッドファー,マンハッタンカフェ,マイネデセール,マイネルラヴ,青鹿,090330,   19.9,  ,    ,50.0
13,02,24,1,小倉,6,08,500万下,23,芝,0,1200,良,ダイキチチョウナン,牡,5,中舘英二,57.0,18,13,18,18,0,2,14,70.7,"1107",0,0,0,3,5,36.2,486,武市康男,美,0,08103405,00635,01089,1013160813,西村新一郎,乾皆雄,ルールオブロー,ダイキチムスメ,タイキブリザード,鹿毛,080414,  103.8,  ,    ,45.3
13,02,24,1,小倉,6,08,500万下,23,芝,0,1200,良,ディザイラブル    ,牝,4,藤岡康太,55.0,18,14,4,4,0,0.1,10,68.8,"1088",0,0,0,16,13,33.4,414,清水久詞,栗,100,09105005,01116,01110,1013160814,ノースヒルズ,ノースヒルズマネジ,タニノギムレット,アンドレルノートル,サンデーサイレンス,黒鹿,090318,   33.6,  ,    ,56.0
13,02,24,1,小倉,6,08,500万下,23,芝,0,1200,良,ナガレボシイチバン,牡,6,伊藤工真,57.0,18,15,6,6,0,0.3,13,69,"1090",0,0,0,17,15,33.5,478,金成貴史,美,0,07100163,01119,01132,1013160815,尾上松壽,小倉光博,タイキシャトル,スカーレットミカ,アドマイヤベガ,鹿毛,070410,   48.1,  ,    ,56.0
13,02,24,1,小倉,6,08,500万下,23,芝,0,1200,良,キーパップ        ,牝,4,中井裕二,52.0,18,16,1,1,0,0,8,68.7,"1087",0,0,0,2,2,34.4,466,高柳瑞樹,美,670,09106458,01141,01118,1013160816,辰己岩夫,社台コーポレーショ,フレンチデピュティ,サルール,サンデーサイレンス,鹿毛,090114,   26.0,  ,    ,49.7
13,02,24,1,小倉,6,08,500万下,23,芝,0,1200,良,ケープジャスミン  ,牝,4,川須栄彦,55.0,18,17,13,13,0,1,15,69.7,"1097",0,0,0,17,18,34.2,432,沖芳夫,栗,0,09105021,01128,00378,1013160817,ノースヒルズ,ノースヒルズマネジ,クロフネ,シェイクハンド,"Mr. Prospector",芦毛,090401,  120.9,  ,    ,53.8
13,02,24,1,小倉,6,08,500万下,23,芝,0,1200,良,ミスネバー        ,牝,4,西村太一,53.0,18,18,11,11,0,0.7,9,69.4,"1094",0,0,0,3,3,35,466,山内研二,栗,0,09104276,01131,00388,1013160818,澤洋,マークリ牧場,タイキシャトル,ネバーネバー,ジェネラス,栗毛,090224,   28.3,  ,    ,48.3
13,02,24,1,小倉,6,09,500万下,23,ダ,1,1700,良,エクチュア        ,牡,4,川須栄彦,56.0,16,01,14,14,0,1.7,3,108.4,"1484",0,13,13,13,11,39.2,452,矢作芳人,栗,0,09110019,01128,01075,1013160901,前田幸治,"Value Bloodstock",Dalakhani,Oliena,"Desert Prince",鹿毛,090217,    5.3,  ,    ,46.3
13,02,24,1,小倉,6,09,500万下,23,ダ,1,1700,良,ヴァンヘルシング  ,牡,4,菱田裕二,54.0,16,02,1,1,0,0,1,106.7,"1467",0,6,6,5,5,38.2,442,角居勝彦,栗,670,09105810,01144,01053,1013160902,市川真奈美,社台ファーム,ディープインパクト,シャイニンレーサー,ノーザンテースト,青鹿,090413,    2.9,  ,    ,47.8
13,02,24,1,小倉,6,09,500万下,23,ダ,1,1700,良,テイエムエビスオー,牡,5,佐久間寛,57.0,16,03,4,4,0,0.3,13,107,"1470",0,11,11,9,7,38.2,508,鹿戸明,栗,100,08104049,01080,00368,1013160903,竹園正繼,馬道繁樹,アドマイヤドン,メイケイキララ,タイキシャトル,鹿毛,080411,   87.6,  ,    ,48.2
13,02,24,1,小倉,6,09,500万下,23,ダ,1,1700,良,サダルメリク      ,牡,6,古川吉洋,57.0,16,04,9,9,0,1,5,107.7,"1477",0,9,9,13,14,38.4,480,武田博,栗,0,07110091,01015,00224,1013160904,前田幸治,"Marianne C Chess",Trippi,"Cool Decor","The Cool Virginian",鹿毛,070214,   13.4,  ,    ,48.4
13,02,24,1,小倉,6,09,500万下,23,ダ,1,1700,良,メイショウマルクル,牡,5,横山和生,54.0,16,05,10,10,0,1.1,15,107.8,"1478",0,6,6,11,11,38.9,496,増本豊,栗,0,08105912,01140,00301,1013160905,松本和子,日西牧場,チーフベアハート,ビワハルカゼ,サンデーサイレンス,栗毛,080219,  140.2,  ,    ,46.6
13,02,24,1,小倉,6,09,500万下,23,ダ,1,1700,良,ハクユウサンサン  ,牡,5,水口優也,54.0,16,06,11,11,0,1.3,12,108,"1480",0,1,1,1,2,40,494,目野哲也,栗,0,08103492,01133,00387,1013160906,H.Iコーポレーショ,加野牧場,スキャン,シャドウレディ,ルション,鹿毛,080411,   71.8,  ,    ,42.7
13,02,24,1,小倉,6,09,500万下,23,ダ,1,1700,良,エーシンバサラ    ,牡,5,上村洋行,57.0,16,07,7,7,0,0.7,6,107.4,"1474",0,8,6,5,3,38.9,566,中尾秀正,栗,0,08110078,00709,01069,1013160907,栄進堂,"Cloyce Clark Jr.","Silver Train",Annacious,Dehere,青鹿,080222,   16.3,  ,    ,46.1
13,02,24,1,小倉,6,09,500万下,23,ダ,1,1700,良,カバリノランパンテ,牡,4,丸田恭介,56.0,16,08,12,12,0,1.3,14,108,"1480",0,15,15,15,14,38.3,462,土田稔,美,0,09102141,01117,00417,1013160908,ヒダカ・ブリーダー,天羽禮治,ネオユニヴァース,リトルスポーツカー,"Seeking the Gold",栗毛,090420,  106.3,  ,    ,49.3
13,02,24,1,小倉,6,09,500万下,23,ダ,1,1700,良,コスモユウチャン  ,牡,4,伊藤工真,56.0,16,09,15,15,0,1.8,10,108.5,"1485",0,11,11,11,11,39.5,470,清水美波,美,0,09101672,01119,00347,1013160909,ビッグレッドファー,中村和夫,ゴールドヘイロー,アコレード,Alysheba,鹿毛,090529,   32.5,  ,    ,45.3
13,02,24,1,小倉,6,09,500万下,23,ダ,1,1700,良,リンクルリッジ    ,牡,5,西田雄一,57.0,16,10,13,13,0,1.4,16,108.1,"1481",0,16,15,15,16,38.4,478,成島英春,美,0,08100451,01004,00433,1013160910,ヒダカ・ブリーダー,武岡牧場,ジャングルポケット,タケノマーキュリ,スキャターザゴールド,黒鹿,080330,  142.5,  ,    ,49.0
13,02,24,1,小倉,6,09,500万下,23,ダ,1,1700,良,モンサンミーティア,牡,4,宮崎北斗,56.0,16,11,5,5,0,0.7,9,107.4,"1474",0,13,13,8,5,38.7,474,佐々木晶,栗,67,09102478,01118,00429,1013160911,山下新一,下河辺牧場,アフリート,ビブラートデプス,ブライアンズタイム,鹿毛,090327,   22.1,  ,    ,46.8
13,02,24,1,小倉,6,09,500万下,23,ダ,1,1700,良,タガノナパヴァレー,セ,4,鮫島良太,56.0,16,12,8,8,0,0.8,11,107.5,"1475",0,9,9,9,7,38.7,468,岡田稲男,栗,0,09104942,01099,01066,1013160912,八木良司,新冠タガノファーム,シーキングザダイヤ,オーベルジュ,エルコンドルパサー,黒鹿,090515,   51.1,  ,    ,47.0
13,02,24,1,小倉,6,09,500万下,23,ダ,1,1700,良,イースターパレード,セ,4,荻野琢真,56.0,16,13,2,2,0,0,4,106.7,"1467",0,4,4,3,3,38.4,492,平田修,栗,270,09106572,01112,01082,1013160913,G1レーシング,追分ファーム,ゴールドアリュール,インディパレード,"A.P. Indy",栗毛,090127,    8.8,  ,    ,47.0
13,02,24,1,小倉,6,09,500万下,23,ダ,1,1700,良,プレミアクラウン  ,牡,4,丸山元気,56.0,16,14,3,3,0,0.2,2,106.9,"1469",0,2,2,2,1,38.8,510,友道康夫,栗,170,09109162,01127,01061,1013160914,杉山忠国,シンボリ牧場,シンボリクリスエス,ラモレイエ,Theatrical,鹿毛,090522,    4.4,  ,    ,45.7
13,02,24,1,小倉,6,09,500万下,23,ダ,1,1700,良,エーシンクーフラン,牡,4,中井裕二,53.0,16,15,16,16,0,1.8,8,108.5,"1485",0,3,3,3,10,40.1,468,野中賢二,栗,0,09100244,01141,01098,1013160915,栄進堂,栄進牧場,ハーツクライ,サンタマリアガール,"High Yield",青毛,090212,   21.3,  ,    ,43.0
13,02,24,1,小倉,6,09,500万下,23,ダ,1,1700,良,フィオリア        ,牡,5,吉田隼人,57.0,16,16,6,6,0,0.7,7,107.4,"1474",0,5,5,5,7,38.8,476,吉村圭司,栗,0,08110022,01095,01130,1013160916,鳴戸雄一,"F. K. N. Partners",Dynaformer,"Glint in Her Eye",Arazi,鹿毛,080518,   17.8,  ,    ,46.4
13,02,24,1,小倉,6,10,唐戸特別500,23,芝,0,2000,良,ベンジャミン      ,牡,5,松田大作,57.0,11,01,4,4,0,0.3,3,119.4,"1594",0,6,6,5,6,34.6,508,池添兼雄,栗,130,08101021,01030,01021,1013161001,福本圭佐,矢野牧場,タイキシャトル,ルプロムナード,Theatrical,青鹿,080409,    6.7,  ,    ,55.0
13,02,24,1,小倉,6,10,唐戸特別500,23,芝,0,2000,良,トウカイクオーレ  ,牡,4,勝浦正樹,56.0,11,02,7,7,0,0.5,6,119.6,"1596",0,3,3,3,4,35,454,栗田博憲,美,0,09100292,01025,00341,1013161002,内村正則,岡部牧場,ハーツクライ,ボブズディレンマ,"Mr. Prospector",鹿毛,090426,   15.4,  ,    ,53.6
13,02,24,1,小倉,6,10,唐戸特別500,23,芝,0,2000,良,ゲットハッピー    ,牡,5,丸田恭介,57.0,11,03,5,5,0,0.4,8,119.5,"1595",0,2,2,2,2,35.1,470,中竹和也,栗,88,08103575,01117,01039,1013161003,ターフ・スポート,佐藤陽一,マンハッタンカフェ,ラクシャリーラス,ノーザンテースト,黒鹿,080304,   29.8,  ,    ,53.1
13,02,24,1,小倉,6,10,唐戸特別500,23,芝,0,2000,良,ラブイズブーシェ  ,牡,4,中舘英二,56.0,11,04,1,1,0,0,2,119.1,"1591",0,3,3,3,2,34.6,454,村山明,栗,880,09101075,00635,01107,1013161004,小林祥晃,小池博幸,マンハッタンカフェ,ローリエ,メジロマックイーン,黒鹿,090324,    4.1,  ,    ,54.7
13,02,24,1,小倉,6,10,唐戸特別500,23,芝,0,2000,良,エクセレントブルー,牝,5,吉田隼人,55.0,11,05,6,6,0,0.4,7,119.5,"1595",0,8,8,8,6,34.3,466,森秀行,栗,0,08104390,01095,00427,1013161005,ブルーマネジメント,川上牧場,ディープインパクト,マヤノアブソルート,デインヒル,鹿毛,080508,   24.7,  ,    ,56.5
13,02,24,1,小倉,6,10,唐戸特別500,23,芝,0,2000,良,ミッキーマスカット,牡,5,松山弘平,57.0,11,06,3,3,0,0.2,1,119.3,"1593",0,5,5,5,4,34.6,532,橋口弘次,栗,220,08103157,01126,00343,1013161006,野田みづき,ノーザンファーム,スニッツェル,サファイヤコースト,サンデーサイレンス,鹿毛,080127,    2.5,  ,    ,54.9
13,02,24,1,小倉,6,10,唐戸特別500,23,芝,0,2000,良,ディーエスライダー,牡,4,柴山雄一,56.0,11,07,10,10,0,1.1,10,120.2,"2002",0,9,8,8,10,35.1,502,成島英春,美,0,09103300,05243,00433,1013161007,秋谷壽之,岡田スタツド,ロージズインメイ,オイワケヒカリ,ダンスインザダーク,黒鹿,090122,   36.0,  ,    ,53.9
13,02,24,1,小倉,6,10,唐戸特別500,23,芝,0,2000,良,スリーヴェローチェ,牡,4,鮫島良太,56.0,11,08,8,8,0,0.6,11,119.7,"1597",0,9,10,10,8,34.2,456,武宏平,栗,0,09103736,01099,00221,1013161008,永井商事,武牧場,ダイワメジャー,スリーローマン,ブライアンズタイム,鹿毛,090215,   98.4,  ,    ,57.1
13,02,24,1,小倉,6,10,唐戸特別500,23,芝,0,2000,良,ルミナスレッド    ,牝,4,宮崎北斗,54.0,11,09,11,11,0,1.2,4,120.3,"2003",0,7,6,5,8,35.5,478,柴崎勇,美,0,09103350,01118,00430,1013161009,岡田牧雄,岡田スタツド,トーセンダンス,マンジュデンレッド,ヘクタープロテクター,鹿毛,090319,    6.9,  ,    ,52.4
13,02,24,1,小倉,6,10,唐戸特別500,23,芝,0,2000,良,マイネキャスリーン,牝,4,丸山元気,54.0,11,10,9,9,0,1.1,9,120.2,"2002",0,11,11,10,11,34.6,482,畠山重則,美,0,09105179,01127,00339,1013161010,サラブレッドクラブ,ビッグレッドファー,ロージズインメイ,ベリーリズミック,ダンシングブレーヴ,黒鹿,090402,   31.3,  ,    ,56.0
13,02,24,1,小倉,6,10,唐戸特別500,23,芝,0,2000,良,テーオーレジェンド,牡,4,藤岡康太,56.0,11,11,2,2,0,0,5,119.1,"1591",0,1,1,1,1,34.8,498,藤岡健一,栗,350,09103150,01116,01062,1013161011,小笹公也,ヤナガワ牧場,アドマイヤムーン,トランクイルデイズ,"Easy Goer",栗毛,090328,    9.9,  ,    ,53.8
13,02,24,1,小倉,6,11,関門橋Ｓ1600,67,芝,0,1800,良,テーオーケンジャ  ,牡,6,古川吉洋,57.0,13,01,6,6,0,0.3,9,107.2,"1472",0,7,6,7,6,33.9,506,梅田智之,栗,0,07100764,01015,01084,1013161101,小笹公也,服部牧場,キャプテンスティーヴ,シースシルエット,ラムタラ,栗毛,070319,   40.5,  ,    ,58.1
13,02,24,1,小倉,6,11,関門橋Ｓ1600,67,芝,0,1800,良,スカイリュウホー  ,牡,9,藤岡康太,57.0,13,02,11,11,0,0.5,12,107.4,"1474",0,3,3,3,4,34.4,464,平田修,栗,0,04105617,01116,01082,1013161102,小林久義,下河辺牧場,サツカーボーイ,ケイケヤキ,ニホンピロウイナー,鹿毛,040329,   92.0,  ,    ,56.1
13,02,24,1,小倉,6,11,関門橋Ｓ1600,67,芝,0,1800,良,オメガホームラン  ,牡,4,丸山元気,56.0,13,03,13,13,0,0.6,6,107.5,"1475",0,11,10,12,12,33.5,458,安田隆行,栗,0,09105856,01127,00438,1013161103,原禮子,社台ファーム,ダイワメジャー,ダンスーズデトワール,"Highest Honor",芦毛,090215,    9.8,  ,    ,60.4
13,02,24,1,小倉,6,11,関門橋Ｓ1600,67,芝,0,1800,良,ナムラオウドウ    ,牡,5,松田大作,57.0,13,04,2,2,0,0,4,106.9,"1469",0,5,6,7,6,33.5,466,福島信晴,栗,630,08100791,01030,00396,1013161104,奈村信重,八田ファーム,チーフベアハート,ビストロドゥパリ,フレンチグローリー,黒鹿,080530,    9.2,  ,    ,59.6
13,02,24,1,小倉,6,11,関門橋Ｓ1600,67,芝,0,1800,良,ヒラボクビクトリー,牡,5,勝浦正樹,57.0,13,05,3,3,0,0.2,3,107.1,"1471",0,7,6,6,6,33.9,454,大久保龍,栗,400,08100538,01025,01058,1013161105,平田牧場,千代田牧場,アルカセット,キャトルセゾン,サンデーサイレンス,鹿毛,080215,    5.8,  ,    ,58.0
13,02,24,1,小倉,6,11,関門橋Ｓ1600,67,芝,0,1800,良,シーキングフェイム,牝,6,丸田恭介,55.0,13,06,5,5,0,0.2,7,107.1,"1471",0,9,9,10,9,33.5,478,田中章博,栗,158,07100358,01117,00413,1013161106,ヒダカ・ブリーダー,静内白井牧場,ダンスインザダーク,タイランツフェイム,ブレイヴエストローマン,鹿毛,070327,   15.8,  ,    ,59.9
13,02,24,1,小倉,6,11,関門橋Ｓ1600,67,芝,0,1800,良,アロマティコ      ,牝,4,松山弘平,54.0,13,07,1,1,0,0,1,106.9,"1469",0,12,12,11,11,33.2,470,佐々木晶,栗,1580,09106257,01126,00429,1013161107,サンデーレーシング,ノーザンファーム,キングカメハメハ,ナスカ,サンデーサイレンス,栗毛,090517,    2.6,  ,    ,61.0
13,02,24,1,小倉,6,11,関門橋Ｓ1600,67,芝,0,1800,良,メイショウゾウセン,牡,5,吉田隼人,57.0,13,08,12,12,0,0.5,8,107.4,"1474",0,1,1,1,1,34.7,458,荒川義之,栗,0,08105704,01095,01095,1013161108,松本好雄,高柳隆男,ネオユニヴァース,メイショウデンコー,ジェイドロバリー,黒鹿,080310,   18.0,  ,    ,54.8
13,02,24,1,小倉,6,11,関門橋Ｓ1600,67,芝,0,1800,良,ダノンミル        ,セ,5,鮫島良太,57.0,13,09,10,10,0,0.5,2,107.4,"1474",0,3,3,3,4,34.4,466,藤原英昭,栗,0,08102875,01099,01055,1013161109,ダノックス,社台ファーム,ジャングルポケット,スターリーロマンス,サンデーサイレンス,栗毛,080324,    5.5,  ,    ,56.1
13,02,24,1,小倉,6,11,関門橋Ｓ1600,67,芝,0,1800,良,チュウワプリンス  ,牡,7,荻野琢真,57.0,13,10,9,9,0,0.4,13,107.3,"1473",0,9,10,7,9,33.9,448,大久保龍,栗,0,06102787,01112,01058,1013161110,中西忍,社台コーポレーショ,マンハッタンカフェ,コンパス,ノーザンテースト,黒鹿,060118,   99.7,  ,    ,58.3
13,02,24,1,小倉,6,11,関門橋Ｓ1600,67,芝,0,1800,良,エドノヤマト      ,牡,6,柴山雄一,57.0,13,11,4,4,0,0.2,10,107.1,"1471",0,2,2,2,2,34.3,474,梅田智之,栗,240,07105301,05243,01084,1013161111,遠藤喜松,エンドレスファーム,マンハッタンカフェ,ヘイワンリーフ,スズカコバン,青毛,070209,   56.3,  ,    ,56.1
13,02,24,1,小倉,6,11,関門橋Ｓ1600,67,芝,0,1800,良,デンコウジュピター,牡,5,川須栄彦,57.0,13,12,8,8,0,0.4,5,107.3,"1473",0,13,13,13,12,33,518,佐山優,栗,0,08101170,01128,00357,1013161112,田中康弘,中脇一幸,メイショウオウドウ,ツリー,ゴールデンフェザント,鹿毛,080407,    9.3,  ,    ,62.6
13,02,24,1,小倉,6,11,関門橋Ｓ1600,67,芝,0,1800,良,マイネルエルフ    ,牡,7,伊藤工真,57.0,13,13,7,7,0,0.4,11,107.3,"1473",0,5,3,3,3,34.4,518,鹿戸雄一,美,0,06104838,01119,01097,1013161113,サラブレッドクラブ,ビッグレッドファー,シンボリクリスエス,ゲイリーピクシー,Rahy,鹿毛,060325,   65.1,  ,    ,56.0
13,02,24,1,小倉,6,12,周防灘Ｈ1000,43,芝,0,1200,良,ストロングロビン  ,牡,7,宮崎北斗,54.0,18,01,3,3,0,0.1,11,68,"1080",0,0,0,7,8,34,478,宗像義忠,美,320,06101222,01118,00420,1013161201,村木篤,千代田牧場,タイキシャトル,テイクザレインズ,ブライアンズタイム,鹿毛,060328,   31.7,  ,    ,50.0
13,02,24,1,小倉,6,12,周防灘Ｈ1000,43,芝,0,1200,良,ナムラハヤテ      ,牡,4,松田大作,55.0,18,02,4,4,0,0.2,1,68.1,"1081",0,0,0,6,5,34.3,466,牧浦充徳,栗,190,09100066,01030,01113,1013161202,奈村信重,猿倉牧場,サクラバクシンオー,トリプルリーチ,スペシャルウィーク,黒鹿,090325,    3.6,  ,    ,48.5
13,02,24,1,小倉,6,12,周防灘Ｈ1000,43,芝,0,1200,良,シセイハヤテ      ,牡,8,古川吉洋,54.0,18,03,16,16,0,1.2,17,69.1,"1091",0,0,0,18,18,34.1,474,宗像義忠,美,0,05103794,01015,00420,1013161203,猪苗代勇,メイプルファーム,フレンチデピュティ,ブライアンズイブ,ブライアンズタイム,鹿毛,050129,  196.1,  ,    ,52.6
13,02,24,1,小倉,6,12,周防灘Ｈ1000,43,芝,0,1200,良,トーセンムンク    ,牝,4,吉田隼人,52.0,18,04,18,18,0,2.1,16,70,"1100",0,0,0,14,15,35.7,468,古賀史生,美,0,09102212,01095,00392,1013161204,島川隆哉,エスティファーム,キングカメハメハ,トーセンアート,Woodman,鹿毛,090318,   60.6,  ,    ,46.1
13,02,24,1,小倉,6,12,周防灘Ｈ1000,43,芝,0,1200,良,タマモコントラバス,牡,6,菱田裕二,56.0,18,05,7,7,0,0.4,6,68.3,"1083",0,0,0,7,8,34.4,468,池添兼雄,栗,0,07106560,01144,01021,1013161205,タマモ,前田牧場,フジキセキ,ヒナゲシ,サクラユタカオー,黒鹿,070225,   13.5,  ,    ,48.5
13,02,24,1,小倉,6,12,周防灘Ｈ1000,43,芝,0,1200,良,フィリラ          ,牝,4,藤岡康太,52.0,18,06,13,13,0,0.6,4,68.5,"1085",0,0,0,3,3,34.8,440,藤岡健一,栗,0,09102669,01116,01062,1013161206,H.H.シェイク・モハ,ダーレー・ジャパン,アドマイヤムーン,フラグラントオアシス,Rahy,栗毛,090520,   11.1,  ,    ,46.8
13,02,24,1,小倉,6,12,周防灘Ｈ1000,43,芝,0,1200,良,マヤノリュウジン  ,牡,6,丸田恭介,57.5,18,07,1,1,0,0,5,67.9,"1079",0,0,0,3,3,34.3,534,庄野靖志,栗,1280,07103884,01117,01087,1013161207,田所英子,前川隆則,キングヘイロー,ポットブリリアンス,キンググローリアス,栗毛,070322,   12.6,  ,    ,48.0
13,02,24,1,小倉,6,12,周防灘Ｈ1000,43,芝,0,1200,良,タマニューホープ  ,牡,7,中舘英二,55.0,18,08,8,8,0,0.4,8,68.3,"1083",0,0,0,16,15,33.6,476,相沢郁,美,0,06104399,00635,01020,1013161208,玉井鶴枝,斉藤安行,ロサード,タマビッグエックス,リドヘイム,鹿毛,060513,   17.3,  ,    ,53.3
13,02,24,1,小倉,6,12,周防灘Ｈ1000,43,芝,0,1200,良,グレナディーン    ,牝,6,松山弘平,55.0,18,09,12,12,0,0.5,2,68.4,"1084",0,0,0,7,12,34.4,474,橋口弘次,栗,0,07102818,01126,00343,1013161209,社台レースホース,社台ファーム,スペシャルウィーク,タックスヘイブン,Alydar,黒鹿,070411,    4.5,  ,    ,48.8
13,02,24,1,小倉,6,12,周防灘Ｈ1000,43,芝,0,1200,良,イントゥザストーム,牝,4,中井裕二,52.0,18,10,11,11,0,0.5,14,68.4,"1084",0,0,0,11,8,34.3,406,村山明,栗,0,09102925,01141,01107,1013161210,金子真人ホールディ,日高大洋牧場,ディープインパクト,バイユーストーム,"Storm Cat",鹿毛,090210,   51.6,  ,    ,49.4
13,02,24,1,小倉,6,12,周防灘Ｈ1000,43,芝,0,1200,良,アグネスハビット  ,牡,4,勝浦正樹,54.0,18,11,5,5,0,0.2,9,68.1,"1081",0,0,0,12,11,33.9,462,河内洋,栗,128,09105705,01025,01072,1013161211,渡辺公美子,社台ファーム,アグネスワールド,アグネスマジカル,アグネスタキオン,黒鹿,090409,   20.5,  ,    ,50.9
13,02,24,1,小倉,6,12,周防灘Ｈ1000,43,芝,0,1200,良,ニコールバローズ  ,牝,4,丸山元気,52.0,18,12,15,15,0,0.9,7,68.8,"1088",0,0,0,3,5,35.1,442,角田晃一,栗,0,09104381,01127,01121,1013161212,猪熊広次,新田牧場,ゼンノロブロイ,ブーケドレーヌ,フレンチデピュティ,黒鹿,090128,   17.0,  ,    ,46.0
13,02,24,1,小倉,6,12,周防灘Ｈ1000,43,芝,0,1200,良,キタサンエピソード,牡,4,川須栄彦,56.0,18,13,9,9,0,0.4,3,68.3,"1083",0,0,0,2,1,34.9,496,橋口弘次,栗,0,09104832,01128,00343,1013161213,大野商事,大栄牧場,フジキセキ,キタサンメッセージ,キングヘイロー,栗毛,090405,    5.9,  ,    ,45.7
13,02,24,1,小倉,6,12,周防灘Ｈ1000,43,芝,0,1200,良,メイショウハガクレ,牡,4,川島信二,55.0,18,14,6,6,0,0.3,15,68.2,"1082",0,0,0,16,15,33.5,464,荒川義之,栗,0,09101079,01062,01095,1013161214,松本好雄,高昭牧場,ジャングルポケット,アミロティン,"Gone West",鹿毛,090413,   52.8,  ,    ,53.6
13,02,24,1,小倉,6,12,周防灘Ｈ1000,43,芝,0,1200,良,パイライトパワー  ,牝,4,横山和生,52.0,18,15,10,10,0,0.5,13,68.4,"1084",0,0,0,14,13,34,446,鈴木伸尋,美,0,09104774,01140,01026,1013161215,西森鶴,隆栄牧場,ケイムホーム,パイクーニャン,フレンチデピュティ,鹿毛,090322,   43.6,  ,    ,51.2
13,02,24,1,小倉,6,12,周防灘Ｈ1000,43,芝,0,1200,良,ビップヴィットリオ,牡,4,黛弘人,53.0,18,16,17,17,0,1.4,18,69.3,"1093",0,0,0,12,13,35.1,476,清水久詞,栗,0,09102646,01109,01110,1013161216,鈴木邦英,ダーレー・ジャパン,Consolidator,ソングオブサイレンス,"Unbridled's Song",黒鹿,090331,  233.4,  ,    ,47.4
13,02,24,1,小倉,6,12,周防灘Ｈ1000,43,芝,0,1200,良,ビットスターダム  ,牡,5,柴山雄一,55.0,18,17,2,2,0,0,10,67.9,"1079",0,0,0,7,5,33.9,468,大根田裕,栗,510,08105387,05243,01032,1013161217,馬場祥晃,カネツ牧場,オンファイア,カネツプリンセス,サクラバクシンオー,芦毛,080323,   29.5,  ,    ,50.3
13,02,24,1,小倉,6,12,周防灘Ｈ1000,43,芝,0,1200,良,ピエナアプローズ  ,牝,4,荻野琢真,53.0,18,18,14,14,0,0.9,12,68.8,"1088",0,0,0,1,2,35.4,480,須貝尚介,栗,0,09100768,01112,01105,1013161218,本谷兼三,まるとみ冨岡牧場,フジキセキ,ピエナマーメイド,タイキシャトル,黒鹿,090416,   34.5,  ,    ,44.4
13,03,02,1,小倉,7,01,未勝利,7,ダ,1,1000,稍,バクシンパワー    ,セ,3,城戸義政,53.0,14,01,6,6,0,0.9,7,59.5,"0595",0,0,0,6,4,35.8,458,鈴木孝志,栗,0,10105178,01147,01111,1013170101,宮内牧場,宮内牧場,サクラバクシンオー,ホクセツクィーン,サンデーサイレンス,鹿毛,100515,   22.0,  ,    ,49.3
13,03,02,1,小倉,7,01,未勝利,7,ダ,1,1000,稍,ミラクルルーマー  ,牡,3,川須栄彦,56.0,14,02,4,4,0,0.5,3,59.1,"0591",0,0,0,8,8,35.1,522,佐山優,栗,75,10102212,01128,00357,1013170102,阿部雅英,中村雅明,ヒシミラクル,ヒシルーマー,デヒア,芦毛,100412,   10.2,  ,    ,52.6
13,03,02,1,小倉,7,01,未勝利,7,ダ,1,1000,稍,トドロック        ,牡,3,黛弘人,56.0,14,03,3,3,0,0.4,1,59,"0590",0,0,0,3,2,35.4,486,奥平雅士,美,130,10105413,01109,01074,1013170103,山岸桂市,川島牧場,ファスリエフ,テイクオンミー,サンデーサイレンス,鹿毛,100320,    2.1,  ,    ,50.0
13,03,02,1,小倉,7,01,未勝利,7,ダ,1,1000,稍,メイショウメロディ,牝,3,西田雄一,54.0,14,04,5,5,0,0.8,8,59.4,"0594",0,0,0,8,5,35.3,434,西浦勝一,栗,50,10104629,01004,01016,1013170104,松本好隆,浦河日成牧場,メイショウボーラー,ドリームモア,サクラバクシンオー,鹿毛,100310,   48.7,  ,    ,52.4
13,03,02,1,小倉,7,01,未勝利,7,ダ,1,1000,稍,マンリー          ,牡,3,大野拓弥,56.0,14,05,2,2,0,0.3,5,58.9,"0589",0,0,0,2,2,35.4,504,和田正道,美,200,10105670,01096,00353,1013170105,古賀和夫,対馬正,マイネルラヴ,ウィンブルーム,オース,鹿毛,100401,   15.7,  ,    ,49.6
13,03,02,1,小倉,7,01,未勝利,7,ダ,1,1000,稍,シキランマン      ,牝,3,丸田恭介,54.0,14,06,7,7,0,1,9,59.6,"0596",0,0,0,8,10,35.5,390,石栗龍彦,美,0,10104853,01117,01043,1013170106,高樽さゆり,松栄牧場,アドマイヤジャパン,ベリージュエル,マヤノトップガン,栗毛,100315,   49.1,  ,    ,51.8
13,03,02,1,小倉,7,01,未勝利,7,ダ,1,1000,稍,カシノオーブ      ,牡,3,中井裕二,54.0,14,07,10,10,0,1.5,13,60.1,"1001",0,0,0,11,11,35.8,446,梅内忍,栗,0,10101614,01141,00398,1013170107,柏木務,前川隆則,キングヘイロー,マヤノロゼッタ,マヤノトップガン,鹿毛,100209,  371.0,  ,    ,51.8
13,03,02,1,小倉,7,01,未勝利,7,ダ,1,1000,稍,ケージーイチバン  ,牡,3,古川吉洋,56.0,14,08,13,13,0,2.4,10,61,"1010",0,0,0,11,12,36.8,470,水野貴広,美,0,10101639,01015,01094,1013170108,川井五郎,松本牧場,キングヘイロー,ケージーキセキ,フジキセキ,黒鹿,100327,   67.9,  ,    ,48.6
13,03,02,1,小倉,7,01,未勝利,7,ダ,1,1000,稍,カシノマインド    ,牡,3,二本柳壮,56.0,14,09,12,12,0,2.2,11,60.8,"1008",0,0,0,11,12,36.6,468,二本柳俊,美,0,10101154,01049,00370,1013170109,柏木務,門別牧場,ケイムホーム,メイショウカゼッコ,タイキシャトル,鹿毛,100328,  132.0,  ,    ,49.2
13,03,02,1,小倉,7,01,未勝利,7,ダ,1,1000,稍,リッシンロケット  ,牡,3,吉田隼人,56.0,14,10,8,8,0,1,6,59.6,"0596",0,0,0,7,8,35.7,450,作田誠二,栗,0,10102884,01095,01006,1013170110,小原該一,武牧場,アドマイヤコジーン,レモンリーフ,リンドシェーバー,芦毛,100226,   19.0,  ,    ,50.4
13,03,02,1,小倉,7,01,未勝利,7,ダ,1,1000,稍,カシノグリップ    ,牡,3,菅原隆一,56.0,14,11,14,14,0,3.9,14,62.5,"1025",0,0,0,14,14,38.1,436,田所秀孝,栗,0,10101148,01129,01009,1013170111,柏木務,門別牧場,ブラックホーク,ガルデーニエ,タマモクロス,鹿毛,100306,  443.6,  ,    ,46.1
13,03,02,1,小倉,7,01,未勝利,7,ダ,1,1000,稍,エリモフェザー    ,牝,3,松田大作,54.0,14,12,1,1,0,-0.3,4,58.6,"0586",0,0,0,1,1,35.3,412,中野栄治,美,500,10101787,01030,01010,1013170112,山本慎一,エクセルマネジメン,シニスターミニスター,リトルマーメード,トワイニング,栗毛,100313,   11.0,  ,    ,49.0
13,03,02,1,小倉,7,01,未勝利,7,ダ,1,1000,稍,ブイキャスター    ,牡,3,原田敬伍,53.0,14,13,11,11,0,1.8,12,60.4,"1004",0,0,0,3,5,36.8,458,福島信晴,栗,0,10102739,01148,00396,1013170113,駒秀,桜井牧場,アフリート,モリトオウカ,ブライアンズタイム,栗毛,100530,  140.7,  ,    ,46.2
13,03,02,1,小倉,7,01,未勝利,7,ダ,1,1000,稍,ゼンノビッグワン  ,牡,3,勝浦正樹,56.0,14,14,9,9,0,1.1,2,59.7,"0597",0,0,0,3,5,36.1,528,中竹和也,栗,0,10105418,01025,01039,1013170114,大迫久美子,川島牧場,"Mr. Greeley",フォーマルアプローバル,Kingmambo,鹿毛,100318,    3.0,  ,    ,48.1
13,03,02,1,小倉,7,02,500万下・牝,23,ダ,1,1700,稍,コーリングオブラブ,牝,6,菱田裕二,53.0,16,01,1,1,0,-0.2,6,104.8,"1448",0,9,5,4,3,37.2,476,安達昭夫,栗,670,07100565,01144,01042,1013170201,飯田良枝,千代田牧場,キングカメハメハ,フローレス,サンデーサイレンス,栗毛,070320,   10.7,  ,    ,49.1
13,03,02,1,小倉,7,02,500万下・牝,23,ダ,1,1700,稍,レインボーデイズ  ,牝,5,大野拓弥,55.0,16,02,12,12,0,2,13,106.8,"1468",0,16,16,15,15,38.4,434,新開幸一,美,0,08105879,01096,01116,1013170202,ターフ・スポート,ナカノファーム,ジャングルポケット,クロッサンドラ,フジキセキ,栗毛,080323,  111.4,  ,    ,47.2
13,03,02,1,小倉,7,02,500万下・牝,23,ダ,1,1700,稍,パリーナチャン    ,牝,4,西田雄一,55.0,16,03,5,5,0,0.8,8,105.6,"1456",0,6,5,7,6,37.9,452,加藤和宏,美,67,09100469,01004,01077,1013170203,松栄牧場,松栄牧場,メイショウオウドウ,アングウィッシュ,"El Gran Senor",鹿毛,090422,   14.7,  ,    ,47.4
13,03,02,1,小倉,7,02,500万下・牝,23,ダ,1,1700,稍,ツバキ            ,牝,4,丹内祐次,55.0,16,04,13,13,0,2.2,15,107,"1470",0,14,14,15,15,38.7,476,小野幸治,栗,0,09102517,01091,00350,1013170204,白井岳,白井牧場,アフリート,アサガオ,マルゼンスキー,鹿毛,090226,  221.9,  ,    ,46.3
13,03,02,1,小倉,7,02,500万下・牝,23,ダ,1,1700,稍,シーズガレット    ,牝,5,横山和生,52.0,16,05,3,3,0,0.5,3,105.3,"1453",0,15,15,12,9,37.2,454,宮徹,栗,170,08101892,01140,01018,1013170205,橋場勇二,市川フアーム,アグネスフライト,マダムチェロキー,"Cherokee Run",栗毛,080506,    6.2,  ,    ,49.9
13,03,02,1,小倉,7,02,500万下・牝,23,ダ,1,1700,稍,ブルーメリディアン,牝,4,川須栄彦,55.0,16,06,4,4,0,0.5,5,105.3,"1453",0,11,9,9,6,37.4,450,加藤征弘,美,100,09103604,01128,01059,1013170206,ブルーマネジメント,佐竹学,フジキセキ,カズサヒロイン,ゴールデンフェザント,黒鹿,090507,    9.7,  ,    ,49.0
13,03,02,1,小倉,7,02,500万下・牝,23,ダ,1,1700,稍,カルテブランシェ  ,牝,6,吉田隼人,55.0,16,07,11,11,0,1.8,16,106.6,"1466",0,13,13,12,12,38.4,472,高橋裕,美,0,07101433,01095,00412,1013170207,大塚亮一,杵臼牧場,ゴールドアリュール,シェナンドアリバー,ホワイトマズル,鹿毛,070330,  222.4,  ,    ,46.9
13,03,02,1,小倉,7,02,500万下・牝,23,ダ,1,1700,稍,ゴールドジェーン  ,牝,5,高倉稜,55.0,16,08,8,8,0,1.1,9,105.9,"1459",0,7,9,12,12,37.8,450,清水出美,栗,0,08101504,01130,00369,1013170208,加藤充彦,笹島政信,キングカメハメハ,インキュラブルロマンティック,"Stop the Music",鹿毛,080603,   22.8,  ,    ,48.3
13,03,02,1,小倉,7,02,500万下・牝,23,ダ,1,1700,稍,フジチャン        ,牝,5,丸田恭介,55.0,16,09,7,7,0,1,4,105.8,"1458",0,3,3,2,2,38.4,482,清水英克,美,0,08103672,01117,01080,1013170209,臼井義太郎,中田英樹,ネオユニヴァース,アイドリカ,"Rainbow Quest",鹿毛,080419,    8.5,  ,    ,45.7
13,03,02,1,小倉,7,02,500万下・牝,23,ダ,1,1700,稍,ツィンクルブーケ  ,牝,5,松田大作,55.0,16,10,14,14,0,2.2,10,107,"1470",0,3,3,3,5,39.5,462,高橋義忠,栗,0,08103227,01030,01129,1013170210,吉田勝己,ノーザンファーム,シンボリクリスエス,ツィンクルヴェール,サンデーサイレンス,芦毛,080211,   27.7,  ,    ,43.2
13,03,02,1,小倉,7,02,500万下・牝,23,ダ,1,1700,稍,オーファメイ      ,牝,4,北村友一,55.0,16,11,15,15,0,3.2,1,108,"1480",0,3,5,4,6,40.4,452,高野友和,栗,0,09106219,01102,01117,1013170211,吉田勝己,ノーザンファーム,ディープインパクト,タイトルド,"Rainbow Quest",鹿毛,090505,    3.6,  ,    ,41.3
13,03,02,1,小倉,7,02,500万下・牝,23,ダ,1,1700,稍,クリック          ,牝,4,鮫島良太,55.0,16,12,10,10,0,1.6,11,106.4,"1464",0,7,8,9,11,38.5,496,谷潔,栗,0,09102749,01099,00431,1013170212,栗本博晴,富川田中牧場,キッケンクリス,サーボキセキ,フジキセキ,青毛,090530,   70.6,  ,    ,46.2
13,03,02,1,小倉,7,02,500万下・牝,23,ダ,1,1700,稍,コーラルグリッタ  ,牝,4,中井裕二,53.0,16,13,9,9,0,1.2,7,106,"1460",0,9,12,9,9,38.1,462,池添兼雄,栗,0,09101155,01141,01021,1013170213,ターフ・スポート,猿橋義昭,ゼンノロブロイ,オールモストフォーエヴァー,"King of Kings",黒鹿,090415,   11.0,  ,    ,47.2
13,03,02,1,小倉,7,02,500万下・牝,23,ダ,1,1700,稍,チキウミサキ      ,牝,4,宮崎北斗,55.0,16,14,6,6,0,0.9,14,105.7,"1457",0,2,2,1,1,38.3,438,牧田和弥,栗,0,09100313,01118,01123,1013170214,三宅勝俊,カナイシスタッド,メイショウボーラー,アルクトゥルス,アドマイヤベガ,青鹿,090423,  161.9,  ,    ,46.0
13,03,02,1,小倉,7,02,500万下・牝,23,ダ,1,1700,稍,ヘヴンリーカラーズ,牝,4,勝浦正樹,55.0,16,15,16,16,0,3.9,12,108.7,"1487",0,1,1,4,12,41.1,442,藤原辰雄,美,0,09103526,01025,00435,1013170215,ヒダカ・ブリーダー,グランド牧場,アドマイヤムーン,ニューヘヴン,"Southern Halo",栗毛,090329,   80.4,  ,    ,39.7
13,03,02,1,小倉,7,02,500万下・牝,23,ダ,1,1700,稍,メモリーシャルマン,牝,4,古川吉洋,55.0,16,16,2,2,0,0.2,2,105,"1450",0,11,9,7,3,37.3,488,湯窪幸雄,栗,270,09100547,01015,01057,1013170216,橋元幸次,谷川牧場,アジュディケーティング,メモリージュエル,アーミジャー,鹿毛,090511,    4.6,  ,    ,49.0
13,03,02,1,小倉,7,03,未勝利,7,芝,0,1200,良,シゴトガコイビト  ,牝,3,古川吉洋,54.0,18,01,15,15,0,1.9,16,71.4,"1114",0,0,0,18,18,35.7,380,日吉正和,栗,0,10100858,01015,01122,1013170301,高山直樹,日西牧場,チャクラ,メイショウカルミア,メジロライアン,栗毛,100308,  221.4,  ,    ,50.0
13,03,02,1,小倉,7,03,未勝利,7,芝,0,1200,良,ムジョウノカゼ    ,牝,3,大庭和弥,54.0,18,02,14,14,0,1.8,13,71.3,"1113",0,0,0,15,17,35.9,434,高橋義博,美,0,10100980,01061,01036,1013170302,國分純,ファニーフレンズフ,オンファイア,ラブリークンクン,アイネスフウジン,栗毛,100318,  116.9,  ,    ,48.6
13,03,02,1,小倉,7,03,未勝利,7,芝,0,1200,良,ガッテンテン      ,牝,3,西田雄一,54.0,18,03,13,13,0,1.7,8,71.2,"1112",0,0,0,6,8,36.5,438,岩戸孝樹,美,0,10101116,01004,01051,1013170303,芳賀克也,メイプルファーム,チチカステナンゴ,ハイネスティアラ,アグネスタキオン,鹿毛,100212,   34.6,  ,    ,45.1
13,03,02,1,小倉,7,03,未勝利,7,芝,0,1200,良,ラブジョーイ      ,牝,3,伊藤工真,54.0,18,04,6,6,0,0.7,14,70.2,"1102",0,0,0,14,14,35.1,426,星野忍,美,0,10106483,01119,01030,1013170304,増田陽一,中地義次,スパイキュール,テンザンジョイ,マイネルラヴ,青鹿,100424,  119.4,  ,    ,50.0
13,03,02,1,小倉,7,03,未勝利,7,芝,0,1200,良,アワサンシャイン  ,牝,3,横山和生,51.0,18,05,12,12,0,1.4,11,70.9,"1109",0,0,0,8,10,36,430,伊藤圭三,美,0,10101617,01140,01023,1013170305,吉田和子,前川正美,アグネスタキオン,ドリームインザサン,トニービン,栗毛,100316,   76.6,  ,    ,46.9
13,03,02,1,小倉,7,03,未勝利,7,芝,0,1200,良,フロントタック    ,牝,3,宮崎北斗,54.0,18,06,17,17,0,2.2,12,71.7,"1117",0,0,0,15,14,36.3,406,宮本博,栗,0,10100508,01118,01073,1013170306,下河辺牧場,下河辺牧場,"Macho Uno",マーキーアトラクション,"Storm Cat",芦毛,100302,   78.9,  ,    ,47.5
13,03,02,1,小倉,7,03,未勝利,7,芝,0,1200,良,ティアップベリー  ,牡,3,大野拓弥,56.0,18,07,4,4,0,0.6,3,70.1,"1101",0,0,0,3,3,35.7,498,高木登,美,62,10103464,01096,01088,1013170307,田中昇,飯原牧場,サクラバクシンオー,クードゥシャンス,ジェイドロバリー,鹿毛,100413,    8.4,  ,    ,46.4
13,03,02,1,小倉,7,03,未勝利,7,芝,0,1200,良,ビコーピリラニ    ,牡,3,佐久間寛,56.0,18,08,9,9,0,1,9,70.5,"1105",0,0,0,4,3,36,466,鹿戸明,栗,0,10100590,01080,00368,1013170308,レジェンド,高柳隆男,キングカメハメハ,ビコーソフィア,エンドスウィープ,栗毛,100221,   41.9,  ,    ,45.8
13,03,02,1,小倉,7,03,未勝利,7,芝,0,1200,良,カシノワルツ      ,牝,3,二本柳壮,54.0,18,09,1,1,0,-0.2,2,69.5,"1095",0,0,0,2,2,35.2,434,二本柳俊,美,500,10105716,01049,00370,1013170309,柏木務,中地義次,ローエングリン,マキノワルツ,ダンスインザダーク,黒鹿,100422,    3.3,  ,    ,47.4
13,03,02,1,小倉,7,03,未勝利,7,芝,0,1200,良,イムディーナ      ,牝,3,高倉稜,54.0,18,10,8,8,0,1,6,70.5,"1105",0,0,0,4,3,36,422,手塚貴久,美,0,10106171,01130,01038,1013170310,ヒダカ・ブリーダー,山岡牧場,スペシャルウィーク,マルターズヒート,"Old Trieste",栗毛,100304,   18.4,  ,    ,45.8
13,03,02,1,小倉,7,03,未勝利,7,芝,0,1200,良,ワイドキング      ,牡,3,城戸義政,53.0,18,11,7,7,0,1,5,70.5,"1105",0,0,0,11,10,35.5,468,藤岡健一,栗,0,10103489,01147,01062,1013170311,幅田昌伸,上水牧場,キングカメハメハ,バイオレントハート,ダンスインザダーク,鹿毛,100307,   12.2,  ,    ,48.6
13,03,02,1,小倉,7,03,未勝利,7,芝,0,1200,良,レーリュッケン    ,牝,3,吉田隼人,54.0,18,12,2,2,0,0.2,10,69.7,"1097",0,0,0,1,1,35.5,440,柴田光陽,栗,200,10102827,01095,00400,1013170312,ターフ・スポート,聖心台牧場,キングヘイロー,プリティメーカー,バブルガムフェロー,黒鹿,100328,   56.4,  ,    ,46.3
13,03,02,1,小倉,7,03,未勝利,7,芝,0,1200,良,エーシンジョーイ  ,牡,3,菱田裕二,54.0,18,13,4,4,0,0.6,4,70.1,"1101",0,0,0,8,7,35.3,438,沖芳夫,栗,62,10104654,01144,00378,1013170313,栄進堂,栄進牧場,ファルブラヴ,マシロンガール,"With Approval",鹿毛,100406,    8.7,  ,    ,48.6
13,03,02,1,小倉,7,03,未勝利,7,芝,0,1200,良,トウケイプラチナ  ,牝,3,原田敬伍,51.0,18,14,10,10,0,1.2,17,70.7,"1107",0,0,0,11,14,35.7,448,五十嵐忠,栗,0,10100676,01148,00422,1013170314,木村信彦,ダーレー・ジャパン,ルールオブロー,チリースタート,Caerleon,鹿毛,100211,  227.9,  ,    ,48.0
13,03,02,1,小倉,7,03,未勝利,7,芝,0,1200,良,クラウンシュバルツ,牡,3,北村友一,56.0,18,15,11,11,0,1.2,7,70.7,"1107",0,0,0,15,13,35.3,456,大根田裕,栗,0,10109011,01102,01032,1013170315,クラウン,一山育成牧場,カリズマティック,ケイアイステルス,マヤノトップガン,栗毛,100307,   19.7,  ,    ,50.3
13,03,02,1,小倉,7,03,未勝利,7,芝,0,1200,良,コスモカワギリ    ,牡,3,丹内祐次,56.0,18,16,16,16,0,2,15,71.5,"1115",0,0,0,11,10,36.5,494,松山将樹,美,0,10105955,01091,01100,1013170316,ビッグレッドファー,ビッグレッドファー,アドマイヤマックス,タイグビジンソウ,パラダイスクリーク,鹿毛,100320,  145.2,  ,    ,45.9
13,03,02,1,小倉,7,03,未勝利,7,芝,0,1200,良,キーナー          ,牝,3,鮫島良太,54.0,18,17,18,18,0,2.9,18,72.4,"1124",0,0,0,6,8,37.7,410,畠山吉宏,美,0,10109061,01099,01048,1013170317,田中春美,田中一夫,バイオマスター,デジタルワイン,アグネスデジタル,鹿毛,100501,  430.4,  ,    ,42.0
13,03,02,1,小倉,7,03,未勝利,7,芝,0,1200,良,サダムコーテイ    ,牡,3,川須栄彦,56.0,18,18,3,3,0,0.4,1,69.9,"1099",0,0,0,8,3,35,492,西園正都,栗,130,10104398,01128,01028,1013170318,大西定,社台コーポレーショ,ウォーエンブレム,オレンジパラダイス,エリシオ,鹿毛,100225,    2.5,  ,    ,49.7
13,03,02,1,小倉,7,04,未勝利,7,芝,0,2000,良,グランスエルテ    ,牡,3,中井裕二,54.0,18,01,11,11,0,1.7,8,123,"2030",0,15,15,16,16,36.1,462,長浜博之,栗,0,10104444,01141,00395,1013170401,サンデーレーシング,社台コーポレーショ,アグネスタキオン,タンタスエルテ,Stuka,栗毛,100122,   34.3,  ,    ,53.2
13,03,02,1,小倉,7,04,未勝利,7,芝,0,2000,良,メイショウバッカス,牡,3,中舘英二,56.0,18,02,4,4,0,0.5,2,121.8,"2018",0,1,1,1,1,36.2,460,角居勝彦,栗,75,10105150,00635,01053,1013170402,松本好雄,三嶋牧場,"Cape Cross",ベルナール,Alzao,鹿毛,100130,    4.5,  ,    ,51.3
13,03,02,1,小倉,7,04,未勝利,7,芝,0,2000,良,ナガラセンプー    ,牡,3,田中健,56.0,18,03,14,14,0,2.1,11,123.4,"2034",0,4,5,8,12,37.1,432,福島信晴,栗,0,10104800,01114,00396,1013170403,長良レーシングクラ,グラストレーニング,サイレントディール,トップビクトリア,タマモクロス,栃栗,100508,   53.9,  ,    ,49.7
13,03,02,1,小倉,7,04,未勝利,7,芝,0,2000,良,ヒシサファイヤ    ,牝,3,水口優也,54.0,18,04,16,16,0,2.3,18,123.6,"2036",0,11,13,14,16,36.8,466,佐山優,栗,0,10102208,01133,00357,1013170404,阿部雅英,中村雅明,ダンスインザダーク,ヒシタエコ,"Chief's Crown",黒鹿,100330,  514.9,  ,    ,51.1
13,03,02,1,小倉,7,04,未勝利,7,芝,0,2000,良,ニシノアイボウ    ,牡,3,横山和生,53.0,18,05,17,17,0,2.4,7,123.7,"2037",0,8,9,12,14,37.2,482,杉浦宏昭,美,0,10100835,01140,01008,1013170405,西山茂行,川上牧場,ネオユニヴァース,マラチバンド,"Dixieland Band",鹿毛,100308,   32.3,  ,    ,49.7
13,03,02,1,小倉,7,04,未勝利,7,芝,0,2000,良,コスモサリー      ,牝,3,丹内祐次,54.0,18,06,5,5,0,0.8,9,122.1,"2021",0,8,7,6,6,35.9,412,飯田雄三,栗,50,10105944,01091,01050,1013170406,ビッグレッドファー,ビッグレッドファー,ジャングルポケット,コスモマーベラス,フジキセキ,黒鹿,100315,   36.9,  ,    ,52.9
13,03,02,1,小倉,7,04,未勝利,7,芝,0,2000,良,クリノマナスル    ,牝,3,古川吉洋,54.0,18,07,18,18,0,2.4,16,123.7,"2037",0,11,12,8,9,37.3,434,日吉正和,栗,0,10100842,01015,01122,1013170407,栗本博晴,日西牧場,ファスリエフ,キシュウファンタジ,サクラユタカオー,鹿毛,100228,  365.4,  ,    ,49.3
13,03,02,1,小倉,7,04,未勝利,7,芝,0,2000,良,エーブドラゴンマン,牡,3,北村友一,56.0,18,08,9,9,0,1.4,13,122.7,"2027",0,17,17,18,16,35.4,506,沖芳夫,栗,0,10101980,01102,00378,1013170408,レーシングホースジ,荻伏三好フアーム,グラスワンダー,エンジェルスポート,サンデーサイレンス,青鹿,100414,  144.6,  ,    ,55.7
13,03,02,1,小倉,7,04,未勝利,7,芝,0,2000,良,グランプリナイト  ,牡,3,大野拓弥,56.0,18,09,3,3,0,0.1,4,121.4,"2014",0,11,10,8,7,35,480,鮫島一歩,栗,130,10101309,01096,01046,1013170409,グランプリ,川端英幸,スウェプトオーヴァーボード,アイラインローザー,バブルガムフェロー,黒鹿,100511,    6.2,  ,    ,55.8
13,03,02,1,小倉,7,04,未勝利,7,芝,0,2000,良,スノーストーム    ,牡,3,高倉稜,56.0,18,10,8,8,0,1.3,10,122.6,"2026",0,18,17,17,12,35.5,476,清水久詞,栗,0,10104308,01130,01110,1013170410,キャロットファーム,ノーザンファーム,リンカーン,マチカネササメユキ,Woodman,栗毛,100208,   44.3,  ,    ,55.2
13,03,02,1,小倉,7,04,未勝利,7,芝,0,2000,良,イクラン          ,牡,3,上野翔,56.0,18,11,15,15,0,2.2,15,123.5,"2035",0,15,15,14,14,36.7,452,小野次郎,美,0,10105201,01087,01125,1013170411,ミルファーム,ミルファーム,フォーティナイナーズサン,セイクリッドラヴ,ジェイドロバリー,栗毛,100420,  287.2,  ,    ,51.4
13,03,02,1,小倉,7,04,未勝利,7,芝,0,2000,良,ヤマニンアルゴシー,牡,3,丸田恭介,56.0,18,12,2,2,0,0.1,1,121.4,"2014",0,4,4,4,4,35.4,466,池上昌弘,美,200,10105811,01117,00390,1013170412,土井肇,錦岡牧場,ヤマニンセラフィム,ヤマニンジャルダン,マイネルラヴ,栗毛,100312,    2.6,  ,    ,54.1
13,03,02,1,小倉,7,04,未勝利,7,芝,0,2000,良,ナリタエックス    ,牡,3,竹之下智,56.0,18,13,10,10,0,1.5,12,122.8,"2028",0,2,2,2,2,37.1,450,木原一良,栗,0,10100536,01036,01033,1013170413,オースミ,白井牧場,ジャングルポケット,ナリタシークレット,フジキセキ,栗毛,100414,   79.0,  ,    ,49.0
13,03,02,1,小倉,7,04,未勝利,7,芝,0,2000,良,ラスカルスピード  ,牡,3,松田大作,56.0,18,14,1,1,0,-0.1,3,121.3,"2013",0,7,5,4,4,35.3,458,橋田満,栗,500,10104965,01030,00362,1013170414,永井啓弍,辻牧場,ラスカルスズカ,スズカローラン,サンデーサイレンス,鹿毛,100513,    5.0,  ,    ,54.4
13,03,02,1,小倉,7,04,未勝利,7,芝,0,2000,良,ウインデスティニー,牡,3,菱田裕二,54.0,18,15,7,7,0,1.1,6,122.4,"2024",0,14,13,12,10,35.8,426,宮徹,栗,0,10105960,01144,01018,1013170415,ウイン,ビッグレッドファー,ステイゴールド,ドラールフローラン,Halling,栗毛,100320,   31.4,  ,    ,53.7
13,03,02,1,小倉,7,04,未勝利,7,芝,0,2000,良,キチ              ,牡,3,大庭和弥,56.0,18,16,13,13,0,2.1,14,123.4,"2034",0,4,7,8,10,37.1,454,南井克巳,栗,0,10104728,01061,01049,1013170416,飯田吉哉,川越ファーム,ファンタスティックライト,アクアブルーマーチ,タイキシャトル,栗毛,100327,  224.4,  ,    ,49.7
13,03,02,1,小倉,7,04,未勝利,7,芝,0,2000,良,ヴェイパーコーン  ,牡,3,勝浦正樹,56.0,18,17,6,6,0,1,5,122.3,"2023",0,2,2,2,2,36.6,514,和田正道,美,0,10109124,01025,00353,1013170417,グリーンファーム,前田宗将,ゴールドアリュール,ミスエアクラフト,Marquetry,栗毛,100425,   10.8,  ,    ,50.4
13,03,02,1,小倉,7,04,未勝利,7,芝,0,2000,良,カシノソラーレ    ,牝,3,西田雄一,54.0,18,18,12,12,0,1.9,17,123.2,"2032",0,10,10,6,8,37,460,日吉正和,栗,0,10109210,01004,01122,1013170418,柏木務,柏木務,アルデバラン2,ゲイリーアミューズ,"Crafty Prospector",栗毛,100406,  375.5,  ,    ,49.8
13,03,02,1,小倉,7,05,未勝利・牝,7,芝,0,1200,良,チェリッシュハート,牝,3,西田雄一,54.0,18,01,4,4,0,0.4,15,70.5,"1105",0,0,0,4,4,35.5,428,岩戸孝樹,美,75,10106527,01004,01051,1013170501,中村光利,太陽ジョイフル牧場,ゴールドヘイロー,スイートイノセント,トニービン,鹿毛,100518,  286.9,  ,    ,48.6
13,03,02,1,小倉,7,05,未勝利・牝,7,芝,0,1200,良,キャメロンロード  ,牝,3,高倉稜,54.0,18,02,1,1,0,0,6,70.1,"1101",0,0,0,1,1,35.4,452,北出成人,栗,500,10105742,01130,01078,1013170502,森保彦,長浜牧場,デュランダル,オーデコロン,ボストンハーバー,鹿毛,100325,   10.3,  ,    ,48.0
13,03,02,1,小倉,7,05,未勝利・牝,7,芝,0,1200,良,キュールエアリス  ,牝,3,吉田隼人,54.0,18,03,5,5,0,0.4,2,70.5,"1105",0,0,0,2,2,35.7,444,中尾秀正,栗,50,10104528,01095,01069,1013170503,岡本良三,追分ファーム,ウォーエンブレム,クリックヒア,サンデーサイレンス,青鹿,100121,    3.7,  ,    ,47.5
13,03,02,1,小倉,7,05,未勝利・牝,7,芝,0,1200,良,ハーツコンセンサス,牝,3,川須栄彦,54.0,18,04,11,11,0,0.9,9,71,"1110",0,0,0,7,11,35.8,454,石坂正,栗,0,10104516,01128,01022,1013170504,サンデーレーシング,追分ファーム,ハーツクライ,インコグニート,"Gone West",青鹿,100402,   44.9,  ,    ,48.3
13,03,02,1,小倉,7,05,未勝利・牝,7,芝,0,1200,良,ブイダッシュ      ,牝,3,城戸義政,51.0,18,05,9,9,0,0.7,13,70.8,"1108",0,0,0,14,15,35.2,372,作田誠二,栗,0,10105336,01147,01006,1013170505,小林久義,岩見牧場,ストーミングホーム,ボーンザスカイ,タイキシャトル,鹿毛,100209,   98.2,  ,    ,51.1
13,03,02,1,小倉,7,05,未勝利・牝,7,芝,0,1200,良,アンスタンフィール,牝,3,松田大作,54.0,18,06,2,2,0,0,1,70.1,"1101",0,0,0,10,8,34.8,476,松永昌博,栗,200,10103299,01030,01083,1013170506,吉岡泰治,藤原牧場,スタチューオブリバティ,ネヴァカグラ,アグネスタキオン,鹿毛,100306,    3.7,  ,    ,51.4
13,03,02,1,小倉,7,05,未勝利・牝,7,芝,0,1200,良,ヤマニンペルル    ,牝,3,中井裕二,52.0,18,07,17,17,0,1.5,5,71.6,"1116",0,0,0,11,13,36.2,420,中村均,栗,0,10105805,01141,00261,1013170507,土井肇,錦岡牧場,スウェプトオーヴァーボード,ヤマニンアリュール,サンデーサイレンス,芦毛,100604,    9.0,  ,    ,47.8
13,03,02,1,小倉,7,05,未勝利・牝,7,芝,0,1200,良,ファインスカイ    ,牝,3,勝浦正樹,54.0,18,08,6,6,0,0.4,4,70.5,"1105",0,0,0,6,6,35.4,460,角田晃一,栗,0,10105423,01025,01121,1013170508,ローレルレーシング,協和牧場,アグネスタキオン,アサカフジ,"Seeking the Gold",鹿毛,100421,    7.9,  ,    ,49.2
13,03,02,1,小倉,7,05,未勝利・牝,7,芝,0,1200,良,クリノアルプス    ,牝,3,伊藤工真,54.0,18,09,12,12,0,0.9,18,71,"1110",0,0,0,14,13,35.4,422,石毛善彦,美,0,10102427,01119,00428,1013170509,栗本博晴,大滝康晴,トワイニング,サラトガワールド,"Saratoga Six",栗毛,100519,  328.1,  ,    ,50.6
13,03,02,1,小倉,7,05,未勝利・牝,7,芝,0,1200,良,ダンツバーゴ      ,牝,3,中舘英二,54.0,18,10,16,16,0,1.4,12,71.5,"1115",0,0,0,2,2,36.7,436,本田優,栗,0,10102839,00635,01099,1013170510,山元哲二,タイヘイ牧場,マンハッタンカフェ,グランドアメリフローラ,"Grand Slam",黒鹿,100209,   97.4,  ,    ,44.8
13,03,02,1,小倉,7,05,未勝利・牝,7,芝,0,1200,良,セイクラベ        ,牝,3,宮崎北斗,54.0,18,11,13,13,0,1,16,71.1,"1111",0,0,0,17,17,34.9,438,佐藤吉勝,美,0,10106449,01118,01035,1013170511,江川伸夫,安達洋生,トーヨーヒリュウ,メイプルスピカ,シャンハイ,青鹿,100505,  289.7,  ,    ,53.7
13,03,02,1,小倉,7,05,未勝利・牝,7,芝,0,1200,良,ペプチドパール    ,牝,3,横山和生,51.0,18,12,15,15,0,1.2,17,71.3,"1113",0,0,0,16,15,35.4,448,昆貢,栗,0,10104768,01140,01044,1013170512,沼川一彦,杵臼牧場,スペシャルウィーク,ペプチドモアー,サクラローレル,黒鹿,100214,  327.2,  ,    ,51.4
13,03,02,1,小倉,7,05,未勝利・牝,7,芝,0,1200,良,ブラックイモン    ,牝,3,水口優也,54.0,18,13,18,18,0,2.1,14,72.2,"1122",0,0,0,18,18,35.3,430,小原伊佐,栗,0,10100379,01133,00337,1013170513,井門敏雄,坂牧場,ブラックタイド,アイティマーク,マークオブディスティンクション,青鹿,100327,  267.9,  ,    ,54.5
13,03,02,1,小倉,7,05,未勝利・牝,7,芝,0,1200,良,リージェンシー    ,牝,3,鮫島良太,54.0,18,14,8,8,0,0.6,7,70.7,"1107",0,0,0,11,8,35.3,480,中竹和也,栗,0,10100641,01099,01039,1013170514,H.H.シェイク・モハ,ダーレー・ジャパン,タニノギムレット,ヴェルヴェットクイーン,Singspiel,鹿毛,100314,   18.1,  ,    ,50.3
13,03,02,1,小倉,7,05,未勝利・牝,7,芝,0,1200,良,トウシンヴィーナス,牝,3,北村友一,54.0,18,15,3,3,0,0.2,3,70.3,"1103",0,0,0,4,4,35.4,410,浅見秀一,栗,130,10103857,01102,00411,1013170515,サトー,社台ファーム,ディープインパクト,バイザスポーツ,"Devil's Bag",青鹿,100131,    5.4,  ,    ,48.6
13,03,02,1,小倉,7,05,未勝利・牝,7,芝,0,1200,良,ヴィラデステ      ,牝,3,原田敬伍,51.0,18,16,10,10,0,0.9,11,71,"1110",0,0,0,13,11,35.5,456,田所秀孝,栗,0,10106392,01148,01009,1013170516,平田修,佐々木康治,ゼンノロブロイ,ハセノアリエス,ヘクタープロテクター,鹿毛,100329,   56.2,  ,    ,50.0
13,03,02,1,小倉,7,05,未勝利・牝,7,芝,0,1200,良,ハナチャン        ,牝,3,丸田恭介,54.0,18,17,14,14,0,1,10,71.1,"1111",0,0,0,7,8,35.9,416,藤岡健一,栗,0,10104511,01117,01062,1013170517,花垣春男,社台コーポレーショ,シンボリクリスエス,ローズバレッタ,サンデーサイレンス,青鹿,100126,   54.7,  ,    ,48.1
13,03,02,1,小倉,7,05,未勝利・牝,7,芝,0,1200,良,ショウナンパレット,牝,3,大野拓弥,54.0,18,18,7,7,0,0.6,8,70.7,"1107",0,0,0,7,6,35.5,452,古賀史生,美,0,10105375,01096,00392,1013170518,湘南,柏木一則,ショウナンカンプ,チェリーポップ,スキャターザゴールド,黒鹿,100308,   19.4,  ,    ,49.2
13,03,02,1,小倉,7,06,500万下,23,ダ,1,2400,稍,テーオーダンシング,セ,6,高倉稜,57.0,15,01,3,3,0,0.4,6,152.8,"2328",0,3,3,3,4,38.1,524,梅田智之,栗,170,07106306,01130,01084,1013170601,小笹公也,清水牧場,ダンスインザダーク,プライムタイムサンデー,Premiership,鹿毛,070327,    9.1,  ,    ,50.3
13,03,02,1,小倉,7,06,500万下,23,ダ,1,2400,稍,ダヴィンチバローズ,牡,5,菱田裕二,55.0,15,02,5,5,0,0.7,7,153.1,"2331",0,8,10,9,9,37.9,480,武田博,栗,67,08104215,01144,00224,1013170602,猪熊広次,秋田牧場,ディープインパクト,シシーダルザス,Sicyos,鹿毛,080329,    9.6,  ,    ,51.3
13,03,02,1,小倉,7,06,500万下,23,ダ,1,2400,稍,スリープレシャス  ,牡,5,吉田隼人,57.0,15,03,15,15,0,2.8,13,155.2,"2352",0,10,6,9,13,40,466,伊藤圭三,美,0,08100279,01095,01023,1013170603,永井商事,グランド牧場,スズカマンボ,プレシャスキャット,"Storm Cat",青毛,080426,   96.7,  ,    ,46.0
13,03,02,1,小倉,7,06,500万下,23,ダ,1,2400,稍,カバリノランパンテ,牡,4,勝浦正樹,56.0,15,04,12,12,0,1.4,15,153.8,"2338",0,13,13,12,12,38.4,460,土田稔,美,0,09102141,01025,00417,1013170604,ヒダカ・ブリーダー,天羽禮治,ネオユニヴァース,リトルスポーツカー,"Seeking the Gold",栗毛,090420,  155.7,  ,    ,50.2
13,03,02,1,小倉,7,06,500万下,23,ダ,1,2400,稍,コスモマイギフト  ,牡,4,丹内祐次,56.0,15,05,11,11,0,1.3,4,153.7,"2337",0,13,13,15,13,38.1,492,堀井雅広,美,0,09100679,01091,00436,1013170605,ビッグレッドファー,日田牧場,アッミラーレ,マイアドレス,スピニングワールド,黒鹿,090220,    7.6,  ,    ,51.1
13,03,02,1,小倉,7,06,500万下,23,ダ,1,2400,稍,タツグレート      ,牡,4,丸田恭介,56.0,15,06,6,6,0,0.7,1,153.1,"2331",0,2,2,2,2,38.6,454,鮫島一歩,栗,0,09100348,01117,01046,1013170606,原司郎,ガーベラパークスタ,ダイワメジャー,ユウサンポリッシュ,エルセニョール,栗毛,090328,    4.7,  ,    ,48.9
13,03,02,1,小倉,7,06,500万下,23,ダ,1,2400,稍,トニーポケット    ,牡,4,松田大作,56.0,15,07,7,7,0,0.8,2,153.2,"2332",0,6,6,3,2,38.4,470,矢作芳人,栗,0,09105430,01030,01075,1013170607,藤田浩一,ロイヤルファーム新,ジャングルポケット,デビルインマインド,ダンスインザダーク,鹿毛,090322,    4.9,  ,    ,49.7
13,03,02,1,小倉,7,06,500万下,23,ダ,1,2400,稍,ラグナロク        ,セ,7,中井裕二,55.0,15,08,13,13,0,1.5,11,153.9,"2339",0,3,3,3,8,39.1,486,岩戸孝樹,美,0,06100739,01141,01051,1013170608,岡田牧雄,岡田スタツド,マイネルラヴ,オールドスタッフ,"Irish River",黒鹿,060515,   43.6,  ,    ,47.9
13,03,02,1,小倉,7,06,500万下,23,ダ,1,2400,稍,ヤマニンメダイユ  ,牡,4,田中健,56.0,15,09,8,8,0,0.9,9,153.3,"2333",0,3,3,9,9,38.1,478,浅見秀一,栗,0,09104004,01114,00411,1013170609,土井薫,中田浩美,ホワイトマズル,エムエヌメロディー,グラスワンダー,鹿毛,090505,   27.1,  ,    ,50.8
13,03,02,1,小倉,7,06,500万下,23,ダ,1,2400,稍,シンボリカンヌ    ,牡,6,北村友一,57.0,15,10,4,4,0,0.6,12,153,"2330",0,15,15,12,9,37.6,506,荒川義之,栗,100,07109150,01102,01095,1013170610,シンボリ牧場,シンボリ牧場,シンボリクリスエス,スイートミルド,Dancehall,鹿毛,070331,   53.7,  ,    ,52.3
13,03,02,1,小倉,7,06,500万下,23,ダ,1,2400,稍,ラインレグルス    ,牡,5,古川吉洋,57.0,15,11,9,9,0,1.1,3,153.5,"2335",0,1,1,1,1,39.1,494,松永昌博,栗,0,08104085,01015,01083,1013170611,大澤繁昌,高橋修,クロフネ,オートサンデー,サンデーサイレンス,鹿毛,080201,    4.9,  ,    ,47.5
13,03,02,1,小倉,7,06,500万下,23,ダ,1,2400,稍,ウィロー          ,牡,4,鮫島良太,56.0,15,12,10,10,0,1.1,10,153.5,"2335",0,6,6,7,6,38.5,472,吉村圭司,栗,0,09102650,01099,01130,1013170612,H.H.シェイク・ハム,ダーレー・ジャパン,アドマイヤムーン,チェルビム,サンデーサイレンス,黒鹿,090211,   35.4,  ,    ,49.6
13,03,02,1,小倉,7,06,500万下,23,ダ,1,2400,稍,ワンダーバライル  ,牡,6,水口優也,57.0,15,13,14,14,0,1.7,14,154.1,"2341",0,12,12,12,13,38.7,494,小原伊佐,栗,0,07101480,01133,00337,1013170613,山本信行,小柳牧場,シルバーチャーム,ワンダーグラシア,"Be My Guest",芦毛,070412,  123.4,  ,    ,49.4
13,03,02,1,小倉,7,06,500万下,23,ダ,1,2400,稍,ヴェイロン        ,牡,5,川須栄彦,57.0,15,14,1,1,0,-0.2,5,152.4,"2324",0,8,9,7,6,37.4,482,吉村圭司,栗,670,08104830,01128,01130,1013170614,前田幸治,ノースヒルズマネジ,キングカメハメハ,ヘヴンリーロマンス,サンデーサイレンス,栗毛,080420,    8.4,  ,    ,52.5
13,03,02,1,小倉,7,06,500万下,23,ダ,1,2400,稍,ハシルヨミテテ    ,牡,6,大野拓弥,57.0,15,15,2,2,0,0.2,8,152.6,"2326",0,10,10,3,5,37.8,528,清水美波,美,270,07101986,01096,00347,1013170615,田中幹雄,荻伏三好フアーム,マーベラスサンデー,キスユアドリーム,サクラバクシンオー,鹿毛,070402,   25.1,  ,    ,51.2
13,03,02,1,小倉,7,07,500万下,23,ダ,1,1000,稍,ハナズフレイム    ,牡,4,大下智,57.0,14,01,5,5,0,0.5,12,59.7,"0597",0,0,0,13,12,35.2,472,加藤和宏,美,67,09101810,01111,01077,1013170701,M.タバート,前川勇,ボストンハーバー,エイシンガンマ,ミシエロ,栗毛,090424,   72.8,  ,    ,54.4
13,03,02,1,小倉,7,07,500万下,23,ダ,1,1000,稍,カルブンクルス    ,牝,4,勝浦正樹,55.0,14,02,2,2,0,0,2,59.2,"0592",0,0,0,5,3,35.8,472,田村康仁,美,270,09100433,01025,01027,1013170702,高樽さゆり,斉藤英牧場,スタチューオブリバティ,フェアナタリー,ダンスインザダーク,青毛,090502,    4.0,  ,    ,48.0
13,03,02,1,小倉,7,07,500万下,23,ダ,1,1000,稍,タイセイマグナム  ,牡,5,中井裕二,55.0,14,03,6,6,0,0.5,1,59.7,"0597",0,0,0,5,3,36.3,532,浜田多実,栗,0,08105034,01141,01138,1013170703,田中成奉,松本信行,スターリングローズ,セッテルンルン,アスワン,栗毛,080409,    2.3,  ,    ,46.7
13,03,02,1,小倉,7,07,500万下,23,ダ,1,1000,稍,イエスマイダーリン,牝,6,二本柳壮,55.0,14,04,1,1,0,0,13,59.2,"0592",0,0,0,11,9,34.9,518,小桧山悟,美,670,07105905,01049,01005,1013170704,浅田次郎,浜本牧場,キングカメハメハ,スポーティングラダー,Danzig,鹿毛,070525,  146.0,  ,    ,54.4
13,03,02,1,小倉,7,07,500万下,23,ダ,1,1000,稍,サクラブライト    ,牝,5,黛弘人,55.0,14,05,8,8,0,1,5,60.2,"1002",0,0,0,1,1,37.1,432,奥平雅士,美,0,08100406,01109,01074,1013170705,さくらコマース,新和牧場,サクラプレジデント,サクラブラッサム,"Seattle Slew",黒鹿,080217,   10.7,  ,    ,43.4
13,03,02,1,小倉,7,07,500万下,23,ダ,1,1000,稍,イイデカントリ    ,牝,4,原田敬伍,52.0,14,06,9,9,0,1.1,3,60.3,"1003",0,0,0,9,7,36.6,454,北出成人,栗,0,09104814,01148,01078,1013170706,アールエスエーカン,武田牧場,ロージズインメイ,ウージャ,Woodman,青鹿,090531,    9.2,  ,    ,47.1
13,03,02,1,小倉,7,07,500万下,23,ダ,1,1000,稍,メイショウオハツ  ,牝,4,菱田裕二,53.0,14,07,7,7,0,0.7,4,59.9,"0599",0,0,0,7,9,36.4,484,武田博,栗,0,09100859,01144,00224,1013170707,松本好雄,本巣敦,オレハマッテルゼ,メイショウサチカゼ,クリスタルグリツターズ,黒鹿,090310,    9.3,  ,    ,46.8
13,03,02,1,小倉,7,07,500万下,23,ダ,1,1000,稍,コウヨウゼウス    ,牡,4,中舘英二,57.0,14,08,4,4,0,0.3,10,59.5,"0595",0,0,0,7,3,36,488,武藤善則,美,100,09100531,00635,01064,1013170708,寺内正光,谷川牧場,マーベラスサンデー,カナハラオラクル,シエイデイハイツ,芦毛,090514,   49.5,  ,    ,47.9
13,03,02,1,小倉,7,07,500万下,23,ダ,1,1000,稍,オーパルス        ,牡,5,大野拓弥,57.0,14,09,3,3,0,0.2,7,59.4,"0594",0,0,0,9,9,35.6,502,黒岩陽一,美,170,08100516,01096,01133,1013170709,広尾レース,大典牧場,アドマイヤコジーン,アインアイン,パークリージエント,芦毛,080215,   14.2,  ,    ,50.3
13,03,02,1,小倉,7,07,500万下,23,ダ,1,1000,稍,シゲルコウギョク  ,牡,4,高倉稜,57.0,14,10,12,12,0,1.8,14,61,"1010",0,0,0,14,14,36.2,472,田中章博,栗,0,09102085,01130,00413,1013170710,森中蕃,船越伸也,アドマイヤドン,パーティランド,ミルジヨージ,鹿毛,090425,  371.6,  ,    ,52.8
13,03,02,1,小倉,7,07,500万下,23,ダ,1,1000,稍,ハクユウリリー    ,牝,4,吉田隼人,55.0,14,11,11,11,0,1.5,6,60.7,"1007",0,0,0,2,2,37.5,426,作田誠二,栗,0,09104566,01095,01006,1013170711,H.Iコーポレーショ,川上悦夫,サクラプレジデント,フジノトップロマン,ロイヤルスキー,栗毛,090311,   11.9,  ,    ,42.8
13,03,02,1,小倉,7,07,500万下,23,ダ,1,1000,稍,トーセンスタッフ  ,牝,5,伊藤工真,55.0,14,12,13,13,0,2.2,8,61.4,"1014",0,0,0,2,3,38.2,454,中川公成,美,0,08100166,01119,01081,1013170712,島川隆哉,岡田牧場,アフリート,フラワータテヤマ,ブライアンズタイム,黒鹿,080517,   32.3,  ,    ,41.1
13,03,02,1,小倉,7,07,500万下,23,ダ,1,1000,稍,クロト            ,牝,4,横山和生,52.0,14,13,14,14,0,2.4,11,61.6,"1016",0,0,0,4,7,38.3,460,鈴木孝志,栗,0,09106881,01140,01111,1013170713,岡浩二,岡田隆志,サウスヴィグラス,アネモス,フサイチコンコルド,黒鹿,090409,   68.8,  ,    ,41.3
13,03,02,1,小倉,7,07,500万下,23,ダ,1,1000,稍,キンシツーストン  ,牡,4,北村友一,57.0,14,14,10,10,0,1.2,9,60.4,"1004",0,0,0,11,13,36.1,492,浅見秀一,栗,0,09100123,01102,00411,1013170714,若草クラブ,ホウセイ牧場,ストラヴィンスキー,ハッピーバースディ,タイキシャトル,鹿毛,090214,   44.1,  ,    ,51.0
13,03,02,1,小倉,7,08,500万下・牝,23,芝,0,2000,良,マイネエミリー    ,牝,4,大野拓弥,55.0,16,01,13,13,0,1,6,121.9,"2019",0,3,3,5,3,36.6,404,武藤善則,美,0,09105199,01096,01064,1013170801,サラブレッドクラブ,ビッグレッドファー,ステイゴールド,マイネメリアン,パントレセレブル,鹿毛,090329,   12.3,  ,    ,49.9
13,03,02,1,小倉,7,08,500万下・牝,23,芝,0,2000,良,オルレアンノオトメ,牝,6,高倉稜,55.0,16,02,11,11,0,0.9,11,121.8,"2018",0,7,7,13,14,35.9,468,武市康男,美,0,07104109,01130,01089,1013170802,ミルファーム,イワミ牧場,チーフベアハート,マイネカプリース,タヤスツヨシ,鹿毛,070323,   59.3,  ,    ,52.5
13,03,02,1,小倉,7,08,500万下・牝,23,芝,0,2000,良,サイレントクロップ,牝,4,吉田隼人,55.0,16,03,5,5,0,0.4,1,121.3,"2013",0,1,1,1,1,36.3,514,国枝栄,美,67,09105801,01095,00399,1013170803,グリーンファーム,社台ファーム,シンボリクリスエス,サイレントハピネス,サンデーサイレンス,青鹿,090129,    2.9,  ,    ,50.4
13,03,02,1,小倉,7,08,500万下・牝,23,芝,0,2000,良,ソロデビュー      ,牝,4,西村太一,55.0,16,04,4,4,0,0.4,10,121.3,"2013",0,5,6,9,9,35.7,492,山内研二,栗,100,09101565,01131,00388,1013170804,フォーレスト,嶋田牧場,シンボリクリスエス,オーサンコンドル,エルコンドルパサー,黒鹿,090320,   41.3,  ,    ,52.8
13,03,02,1,小倉,7,08,500万下・牝,23,芝,0,2000,良,エリザベートアスク,牝,5,松田大作,55.0,16,05,15,15,0,2.4,16,123.3,"2033",0,2,2,2,3,38.2,480,伊藤正徳,美,0,08100891,01030,00383,1013170805,廣崎玲子,藤原牧場,タイキシャトル,アスクローザ,リアルシヤダイ,栗毛,080331,  239.2,  ,    ,45.5
13,03,02,1,小倉,7,08,500万下・牝,23,芝,0,2000,良,ヴィーヴァブーケ  ,牝,7,中井裕二,53.0,16,06,3,3,0,0.2,7,121.1,"2011",0,9,9,5,6,35.7,408,相沢郁,美,170,06100776,01141,01020,1013170806,芹澤精一,岡田スタツド,キングカメハメハ,ブルーリッジリバー,フジキセキ,青鹿,060330,   23.0,  ,    ,52.5
13,03,02,1,小倉,7,08,500万下・牝,23,芝,0,2000,良,アルアマーナ      ,牝,4,川須栄彦,55.0,16,07,6,6,0,0.4,5,121.3,"2013",0,9,9,12,12,35.6,424,石坂正,栗,0,09106578,01128,01022,1013170807,サンデーレーシング,追分ファーム,ディープインパクト,オネストリーダーリン,Kingmambo,鹿毛,090213,    9.4,  ,    ,53.2
13,03,02,1,小倉,7,08,500万下・牝,23,芝,0,2000,良,シュピッツェ      ,牝,4,勝浦正樹,55.0,16,08,2,2,0,0.1,3,121,"2010",0,5,5,4,3,35.8,466,森秀行,栗,270,09105812,01025,00427,1013170808,吉田照哉,社台ファーム,Azamour,シャピーラ,Kornado,鹿毛,090415,    5.5,  ,    ,52.0
13,03,02,1,小倉,7,08,500万下・牝,23,芝,0,2000,良,ニシノキミヨ      ,牝,5,原田和真,52.0,16,09,10,10,0,0.7,13,121.6,"2016",0,7,7,8,9,36.1,446,武藤善則,美,0,08104130,01143,01064,1013170809,西山茂行,西山牧場,バゴ,ナドラ,"Sadler's Wells",黒鹿,080224,   89.6,  ,    ,51.5
13,03,02,1,小倉,7,08,500万下・牝,23,芝,0,2000,良,カネトシカトリーヌ,牝,4,西田雄一,55.0,16,10,9,9,0,0.6,8,121.5,"2015",0,15,15,9,9,35.9,430,日吉正和,栗,0,09101599,01004,01122,1013170810,兼松利男,田上稔,ハーツクライ,アルアメント,"Sadler's Wells",鹿毛,090312,   32.0,  ,    ,52.2
13,03,02,1,小倉,7,08,500万下・牝,23,芝,0,2000,良,スマイルヴィジット,牝,4,横山和生,52.0,16,11,14,14,0,1.4,14,122.3,"2023",0,9,11,15,15,36.1,430,池上昌弘,美,0,09104393,01140,00390,1013170811,ディアレスト,赤石久夫,スターリングローズ,サンデーギムレット,タニノギムレット,栗毛,090318,  169.1,  ,    ,52.3
13,03,02,1,小倉,7,08,500万下・牝,23,芝,0,2000,良,ラミアプリマベーラ,牝,4,丹内祐次,55.0,16,12,8,8,0,0.6,9,121.5,"2015",0,12,11,13,12,35.7,436,清水美波,美,0,09103330,01091,00347,1013170812,岡田壮史,岡田スタツド,トーセンダンス,ディコーラム,フレンチグローリー,栗毛,090507,   37.6,  ,    ,53.0
13,03,02,1,小倉,7,08,500万下・牝,23,芝,0,2000,良,クラウディーハート,牝,4,北村友一,55.0,16,13,16,16,0,12.3,15,133.2,"2132",0,16,16,16,16,42,460,田村康仁,美,0,09100745,01102,01027,1013170813,"Him Rock Racing",松田牧場,クロフネ,サザンシーラ,"Southern Halo",鹿毛,090320,  218.3,  ,    ,43.1
13,03,02,1,小倉,7,08,500万下・牝,23,芝,0,2000,良,ウアジェト        ,牝,5,菱田裕二,53.0,16,14,7,7,0,0.5,4,121.4,"2014",0,3,3,2,2,36.3,492,清水出美,栗,0,08101637,01144,00369,1013170814,岡浩二,辻牧場,シンボリクリスエス,リーチトゥピース,"Mud Route",黒鹿,080503,    5.9,  ,    ,50.5
13,03,02,1,小倉,7,08,500万下・牝,23,芝,0,2000,良,リングネブラ      ,牝,4,丸田恭介,55.0,16,15,1,1,0,-0.1,2,120.9,"2009",0,13,13,9,6,35.3,454,堀宣行,美,670,09106376,01117,01070,1013170815,吉田勝己,ノーザンファーム,ハーツクライ,ユーアンミー,Marquetry,黒鹿,090522,    5.3,  ,    ,53.9
13,03,02,1,小倉,7,08,500万下・牝,23,芝,0,2000,良,フローリストライフ,牝,6,黛弘人,55.0,16,16,12,12,0,0.9,12,121.8,"2018",0,13,13,5,6,36.4,446,戸田博文,美,0,07102812,01109,01054,1013170816,難波経雄,社台ファーム,ネオユニヴァース,セトフローリアン2,Bellotto,鹿毛,070321,   70.9,  ,    ,50.5
13,03,02,1,小倉,7,09,500万下,23,ダ,1,1700,稍,アポロダッシュ    ,牡,4,勝浦正樹,57.0,16,01,3,3,0,0.1,1,105.9,"1459",0,15,15,12,11,37,450,矢野英一,美,170,09103084,01025,01108,1013170901,アポロサラブレッド,三輪幸子,アポロキングダム,キタノオペラ,グランドオペラ,栗毛,090328,    3.1,  ,    ,51.6
13,03,02,1,小倉,7,09,500万下,23,ダ,1,1700,稍,チャームドライフ  ,牡,6,古川吉洋,57.0,16,02,10,10,0,0.6,15,106.4,"1464",0,8,8,13,13,37.3,474,柴田光陽,栗,0,07106123,01015,00400,1013170902,ヒダカ・ブリーダー,槇本牧場,シルバーチャーム,スウィートエルフ,タマモクロス,黒鹿,070303,  137.0,  ,    ,51.0
13,03,02,1,小倉,7,09,500万下,23,ダ,1,1700,稍,ブラックイレブン  ,牡,6,菱田裕二,55.0,16,03,9,9,0,0.5,5,106.3,"1463",0,5,5,9,8,37.5,450,松元茂樹,栗,0,07105788,01144,00419,1013170903,吉野加壽代,豊郷牧場,アルカセット,ドリームシフト,コマンダーインチーフ,黒鹿,070327,   13.3,  ,    ,50.1
13,03,02,1,小倉,7,09,500万下,23,ダ,1,1700,稍,タマモエスプレッソ,牡,5,城戸義政,54.0,16,04,2,2,0,0.1,13,105.9,"1459",0,1,1,1,1,37.7,508,小原伊佐,栗,270,08100888,01147,00337,1013170904,タマモ,フジワラフアーム,マンハッタンカフェ,ムーランルージュ,クロコルージュ,黒鹿,080520,   85.9,  ,    ,48.7
13,03,02,1,小倉,7,09,500万下,23,ダ,1,1700,稍,ビービーアックス  ,牡,5,中井裕二,55.0,16,05,7,7,0,0.3,6,106.1,"1461",0,5,5,4,6,37.5,492,手塚貴久,美,0,08104714,01141,01038,1013170905,坂東牧場,中本牧場,アドマイヤジャパン,ダイヤターン,メジロテイターン,鹿毛,080329,   13.4,  ,    ,49.8
13,03,02,1,小倉,7,09,500万下,23,ダ,1,1700,稍,モンサンミーティア,牡,4,宮崎北斗,57.0,16,06,0,0,4,999.9,9,0,"----",0,10,11,13,13,0,468,佐々木晶,栗,0,09102478,01118,00429,1013170906,山下新一,下河辺牧場,アフリート,ビブラートデプス,ブライアンズタイム,鹿毛,090327,   33.5,  ,    , 0.0
13,03,02,1,小倉,7,09,500万下,23,ダ,1,1700,稍,メイショウヤギュウ,牡,4,鮫島良太,57.0,16,07,8,8,0,0.3,8,106.1,"1461",0,12,14,16,15,36.8,462,南井克巳,栗,0,09104161,01099,01049,1013170907,松本好雄,フジワラフアーム,クロフネ,ピサノベネチアン,サンデーサイレンス,栗毛,090404,   20.7,  ,    ,52.7
13,03,02,1,小倉,7,09,500万下,23,ダ,1,1700,稍,デンコウアクティブ,牡,4,川須栄彦,57.0,16,08,1,1,0,-0.1,2,105.8,"1458",0,16,16,8,8,37.1,502,坂口正則,栗,670,09102560,01128,00356,1013170908,田中康弘,瀬戸牧場,エイシンサンディ,グラッドハンド,コマンダーインチーフ,鹿毛,090513,    3.7,  ,    ,51.0
13,03,02,1,小倉,7,09,500万下,23,ダ,1,1700,稍,テイエムワカタカ  ,牡,4,原田敬伍,54.0,16,09,14,14,0,1.2,11,107,"1470",0,12,12,15,15,37.8,476,木原一良,栗,0,09102730,01148,01033,1013170909,竹園正繼,テイエム牧場日高支,テイエムサンデー,テイエムメダリスト,フレンチデピュティ,栗毛,090506,   59.1,  ,    ,49.9
13,03,02,1,小倉,7,09,500万下,23,ダ,1,1700,稍,リプレイスインディ,セ,4,吉田隼人,57.0,16,10,15,15,0,1.3,10,107.1,"1471",0,2,2,2,2,38.8,486,中川公成,美,0,09103624,01095,01081,1013170910,古川智洋,静内酒井牧場,シニスターミニスター,ベルグチェリー,サクラバクシンオー,鹿毛,090503,   53.2,  ,    ,46.0
13,03,02,1,小倉,7,09,500万下,23,ダ,1,1700,稍,コスモイフリート  ,牡,6,丹内祐次,57.0,16,11,11,11,0,0.6,3,106.4,"1464",0,8,9,9,8,37.6,508,田中清隆,美,0,07104972,01091,00408,1013170911,ビッグレッドファー,北星村田牧場,アフリート,ローレルヴェロッサ,ブライアンズタイム,栗毛,070501,    5.7,  ,    ,49.8
13,03,02,1,小倉,7,09,500万下,23,ダ,1,1700,稍,キングモンブラン  ,牡,4,北村友一,57.0,16,12,13,13,0,0.8,12,106.6,"1466",0,10,9,9,11,37.8,436,吉村圭司,栗,0,09100370,01102,01130,1013170912,沼川一彦,杵臼牧場,キングカメハメハ,ドリームスピカ,バブルガムフェロー,鹿毛,090502,   60.0,  ,    ,49.3
13,03,02,1,小倉,7,09,500万下,23,ダ,1,1700,稍,ドリームリーグ    ,牡,4,大野拓弥,57.0,16,13,4,4,0,0.2,16,106,"1460",0,12,12,4,2,37.4,516,畠山吉宏,美,100,09100492,01096,01048,1013170913,ライオンレースホー,駿河牧場,ダイワメジャー,メモリーズオブロニー,"Storm Cat",栗毛,090505,  215.6,  ,    ,50.0
13,03,02,1,小倉,7,09,500万下,23,ダ,1,1700,稍,リバータイキ      ,牡,4,中舘英二,57.0,16,14,6,6,0,0.2,7,106,"1460",0,4,3,2,2,37.6,494,作田誠二,栗,0,09101968,00635,01006,1013170914,河越武治,稲原牧場,タイキシャトル,エアコムロー,オペラハウス,栗毛,090324,   20.3,  ,    ,49.2
13,03,02,1,小倉,7,09,500万下,23,ダ,1,1700,稍,シュガーシャック  ,牡,4,松田大作,57.0,16,15,12,12,0,0.7,4,106.5,"1465",0,5,5,4,6,37.9,510,宮本博,栗,0,09106370,01030,01073,1013170915,吉田勝己,ノーザンファーム,アドマイヤドン,メイプルシロップ,ヘクタープロテクター,栗毛,090224,    8.4,  ,    ,48.7
13,03,02,1,小倉,7,09,500万下,23,ダ,1,1700,稍,ジョナパランセ    ,牡,4,横山和生,54.0,16,16,5,5,0,0.2,14,106,"1460",0,3,3,4,2,37.4,500,坂口正則,栗,67,09102351,01140,00356,1013170916,青木基秀,グリーンヒルスタッ,ブライアンズタイム,リブレメンテ,"Fly So Free",栗毛,090205,  121.9,  ,    ,50.0
13,03,02,1,小倉,7,10,脊振山特500,23,芝,0,1800,良,マイネルコランダム,牡,4,丹内祐次,57.0,15,01,11,11,0,0.9,7,109.8,"1498",0,8,8,9,7,34.5,472,伊藤大士,美,0,09104655,01091,01109,1013171001,サラブレッドクラブ,コスモヴューファー,ロージズインメイ,ダイイチシガー,トニービン,青鹿,090421,   16.9,  ,    ,59.1
13,03,02,1,小倉,7,10,脊振山特500,23,芝,0,1800,良,ヴィオラーネ      ,牝,4,大野拓弥,55.0,15,02,4,4,0,0.5,2,109.4,"1494",0,4,4,4,6,34.3,450,斎藤誠,美,130,09105944,01096,01086,1013171002,平井裕,社台ファーム,フジキセキ,フロムファースト,ドクターデヴィアス,青鹿,090503,    3.9,  ,    ,59.5
13,03,02,1,小倉,7,10,脊振山特500,23,芝,0,1800,良,ガンセ            ,牝,4,吉田隼人,55.0,15,03,12,12,0,0.9,9,109.8,"1498",0,12,13,12,12,34.1,490,高木登,美,0,09104768,01095,01088,1013171003,西森鶴,隆栄牧場,クロフネ,ガデスオブマーシー,ラストタイクーン,鹿毛,090415,   18.3,  ,    ,61.0
13,03,02,1,小倉,7,10,脊振山特500,23,芝,0,1800,良,マツリダジャパン  ,セ,6,宮崎北斗,57.0,15,04,6,6,0,0.5,3,109.4,"1494",0,6,6,7,7,34.2,466,加藤和宏,美,0,07100112,01118,01077,1013171004,岡田牧雄,岡田スタツド,ロージズインメイ,ペイパーレイン,"Bel Bolide",青毛,070416,    7.9,  ,    ,59.9
13,03,02,1,小倉,7,10,脊振山特500,23,芝,0,1800,良,ピースフルアース  ,牡,5,中舘英二,57.0,15,05,8,8,0,0.6,6,109.5,"1495",0,6,6,4,3,34.5,464,本田優,栗,0,08102790,00635,01099,1013171005,社台レースホース,社台ファーム,ステイゴールド,エアピース,ティンバーカントリー,鹿毛,080429,   14.9,  ,    ,58.7
13,03,02,1,小倉,7,10,脊振山特500,23,芝,0,1800,良,ホッコーゼニト    ,牡,4,勝浦正樹,57.0,15,06,3,3,0,0.4,11,109.3,"1493",0,11,10,10,10,33.9,454,西浦勝一,栗,220,09104139,01025,01016,1013171006,矢部道晃,藤沢牧場,アグネスタキオン,シークレットコサージュ,"Lost Soldier",鹿毛,090428,   46.8,  ,    ,61.2
13,03,02,1,小倉,7,10,脊振山特500,23,芝,0,1800,良,デンコウチャレンジ,牝,4,古川吉洋,55.0,15,07,10,10,0,0.7,12,109.6,"1496",0,2,2,4,3,34.5,430,南井克巳,栗,0,09100769,01015,01049,1013171007,田中康弘,まるとみ冨岡牧場,マンハッタンカフェ,ベストオブチャンス,サクラローレル,鹿毛,090309,   75.3,  ,    ,58.8
13,03,02,1,小倉,7,10,脊振山特500,23,芝,0,1800,良,シベリアンスパーブ,牡,4,川須栄彦,57.0,15,08,1,1,0,-0.4,1,108.9,"1489",0,2,2,2,2,34.1,490,手塚貴久,美,880,09105407,01128,01038,1013171008,藤田在子,山岡牧場,シベリアンホーク,マルターズスパーブ,"With Approval",鹿毛,090201,    2.7,  ,    ,59.7
13,03,02,1,小倉,7,10,脊振山特500,23,芝,0,1800,良,ビコーミハイル    ,牡,4,佐久間寛,57.0,15,09,9,9,0,0.7,15,109.6,"1496",0,1,1,1,1,34.9,488,鹿戸明,栗,0,09104309,01080,00368,1013171009,レジェンド,山口修二,ストラヴィンスキー,サザンクロスビコー,アーミジャー,鹿毛,090320,  190.7,  ,    ,57.0
13,03,02,1,小倉,7,10,脊振山特500,23,芝,0,1800,良,カシノスターライト,牝,6,二本柳壮,55.0,15,10,2,2,0,0.4,8,109.3,"1493",0,4,4,2,3,34.4,502,二本柳俊,美,350,07106620,01049,00370,1013171010,柏木務,中村農場,マーベラスサンデー,センシュートレジャ,ミホシンザン,鹿毛,070528,   18.2,  ,    ,58.9
13,03,02,1,小倉,7,10,脊振山特500,23,芝,0,1800,良,サトノエンデバー  ,牡,4,丸田恭介,56.0,15,11,13,13,0,1,10,109.9,"1499",0,14,15,15,15,33.9,474,宗像義忠,美,0,09110105,01117,00420,1013171011,里見治,"Roncon Cobra Blood","Encosta De Lago","Private Steer","Danehill Dancer",黒鹿,091028,   22.4,  ,    ,62.1
13,03,02,1,小倉,7,10,脊振山特500,23,芝,0,1800,良,ブイコナン        ,牡,6,原田敬伍,57.0,15,12,15,15,0,1.7,13,110.6,"1506",0,10,10,12,12,34.9,500,福島信晴,栗,0,07103958,01148,00396,1013171012,藤原征士郎,村上牧場,フサイチコンコルド,ブイルージュ,ウォーニング,鹿毛,070406,  145.8,  ,    ,58.5
13,03,02,1,小倉,7,10,脊振山特500,23,芝,0,1800,良,マイティースコール,牡,5,鮫島良太,57.0,15,13,7,7,0,0.6,5,109.5,"1495",0,14,12,10,10,34,456,宮徹,栗,0,08102719,01099,01018,1013171013,小川勲,社台コーポレーショ,ステイゴールド,マイティーカラー,トニービン,栗毛,080412,   12.7,  ,    ,61.0
13,03,02,1,小倉,7,10,脊振山特500,23,芝,0,1800,良,ダイシンハンター  ,牡,4,北村友一,57.0,15,14,5,5,0,0.5,4,109.4,"1494",0,8,8,7,7,34.2,488,松田博資,栗,88,09106491,01102,00348,1013171014,大八木信行,社台コーポレーショ,ネオユニヴァース,ダイシンパーティー,ブライアンズタイム,鹿毛,090115,   11.3,  ,    ,59.9
13,03,02,1,小倉,7,10,脊振山特500,23,芝,0,1800,良,イースタリーガスト,牡,6,黛弘人,57.0,15,15,14,14,0,1.5,14,110.4,"1504",0,12,13,12,14,34.8,518,大久保洋,美,0,07102905,01109,00138,1013171015,鶴見清,社台ファーム,トウカイテイオー,ブリージーキス,Caerleon,黒鹿,070303,  177.4,  ,    ,58.6
13,03,02,1,小倉,7,11,皿倉山特1000,43,芝,0,2600,良,カンタベリーナイト,牡,4,二本柳壮,56.0,16,01,12,12,0,1.5,3,160.3,"2403",0,16,16,9,9,37,494,二本柳俊,美,0,09106738,01049,00370,1013171101,峰哲馬,藤吉牧場,スパイキュール,トミノラブラドール,ハンティングホーク,鹿毛,090419,    6.7,  ,    ,50.0
13,03,02,1,小倉,7,11,皿倉山特1000,43,芝,0,2600,良,ソールデスタン    ,牡,6,黛弘人,57.0,16,02,2,2,0,0.6,7,159.4,"2394",0,13,12,11,12,35.9,456,奥平雅士,美,510,07106424,01109,01074,1013171102,前川企画,鎌田正嗣,アドマイヤドン,レッツビギン,パドスール,鹿毛,070304,   18.6,  ,    ,53.2
13,03,02,1,小倉,7,11,皿倉山特1000,43,芝,0,2600,良,エクセルサス      ,牡,6,川須栄彦,57.0,16,03,9,9,0,1,1,159.8,"2398",0,6,6,4,5,36.8,518,石坂正,栗,0,07103374,01128,01022,1013171103,サンデーレーシング,ノーザンファーム,スペシャルウィーク,ラタフィア,Cozzene,栃栗,070430,    4.4,  ,    ,50.3
13,03,02,1,小倉,7,11,皿倉山特1000,43,芝,0,2600,良,メイショウスクラム,牡,7,中井裕二,57.0,16,04,3,3,0,0.6,9,159.4,"2394",0,10,10,9,6,36.1,494,田島良保,栗,320,06102232,01141,00416,1013171104,松本好雄,林孝輝,シンボリクリスエス,マルターズブリーズ,サンダーガルチ,鹿毛,060521,   20.0,  ,    ,52.5
13,03,02,1,小倉,7,11,皿倉山特1000,43,芝,0,2600,良,ドリームマジシャン,牡,6,菱田裕二,57.0,16,05,13,13,0,2.3,14,161.1,"2411",0,4,4,4,9,38,494,宮本博,栗,0,07104922,01144,01073,1013171105,ライオンレースホー,コスモヴューファー,ロージズインメイ,マイネマジック,ギヤロツプダイナ,青鹿,070324,   42.3,  ,    ,47.2
13,03,02,1,小倉,7,11,皿倉山特1000,43,芝,0,2600,良,スーサングレート  ,牡,5,丸田恭介,57.0,16,06,5,5,0,0.7,13,159.5,"2395",0,1,1,1,1,36.9,512,鈴木孝志,栗,128,08101252,01117,01111,1013171106,林進,浦河日成牧場,キングカメハメハ,ヴァレリー,サンデーサイレンス,栗毛,080419,   39.3,  ,    ,49.7
13,03,02,1,小倉,7,11,皿倉山特1000,43,芝,0,2600,良,マッキーバッハ    ,牡,8,松田大作,57.0,16,07,1,1,0,-0.6,11,158.8,"2388",0,7,7,7,2,35.6,480,牧田和弥,栗,1280,05103543,01030,01123,1013171107,薪浦亨,浜本牧場,ダンスインザダーク,ノーザンヴィーナス,ノーザンテースト,鹿毛,050329,   27.0,  ,    ,53.8
13,03,02,1,小倉,7,11,皿倉山特1000,43,芝,0,2600,良,スズカゲイル      ,牡,8,西田雄一,57.0,16,08,11,11,0,1.3,16,160.1,"2401",0,10,10,15,14,36.4,416,柄崎孝,美,0,05106608,01004,00380,1013171108,永井啓弍,小島牧場,ロイヤルスズカ,シアトルスズラン,シアトルダンサー2,鹿毛,050324,  206.3,  ,    ,52.0
13,03,02,1,小倉,7,11,皿倉山特1000,43,芝,0,2600,良,コスモカンタービレ,牡,6,丹内祐次,57.0,16,09,7,7,0,0.9,12,159.7,"2397",0,12,12,11,9,36.2,504,松山将樹,美,0,07106551,01091,01100,1013171109,ビッグレッドファー,西村和夫,アグネスデジタル,タガノニューソング,デインヒル,黒鹿,070408,   32.4,  ,    ,52.3
13,03,02,1,小倉,7,11,皿倉山特1000,43,芝,0,2600,良,アクアブルーフライ,牡,6,勝浦正樹,57.0,16,10,4,4,0,0.7,2,159.5,"2395",0,15,14,4,2,36.5,502,西浦勝一,栗,190,07103934,01025,01016,1013171110,佐野清,三石川上牧場,アグネスフライト,ミスポーラ,タイキシャトル,栗毛,070404,    4.7,  ,    ,51.1
13,03,02,1,小倉,7,11,皿倉山特1000,43,芝,0,2600,良,ケージーカチボシ  ,牡,7,宮崎北斗,57.0,16,11,14,14,0,2.7,15,161.5,"2415",0,7,8,11,16,38,548,高市圭二,美,0,06104157,01118,01014,1013171111,栗本博晴,岩見牧場,マヤノトップガン,ナポレオンオオミネ,ダンスインザダーク,鹿毛,060321,  152.2,  ,    ,47.5
13,03,02,1,小倉,7,11,皿倉山特1000,43,芝,0,2600,良,ホーマンベルウィン,牡,5,水口優也,57.0,16,12,10,10,0,1.3,10,160.1,"2401",0,13,14,15,12,36.5,466,西園正都,栗,0,08106419,01133,01028,1013171112,久保博文,びらとり牧場,キングカメハメハ,ホーマンソレイユ,サンデーサイレンス,黒鹿,080505,   20.6,  ,    ,51.6
13,03,02,1,小倉,7,11,皿倉山特1000,43,芝,0,2600,良,ロードランパート  ,牡,5,大野拓弥,57.0,16,13,16,16,0,2.9,5,161.7,"2417",0,9,8,11,14,38.2,480,池江泰寿,栗,0,08103540,01096,01071,1013171113,ロードホースクラブ,ケイアイファーム,ディープインパクト,ジャズキャット,"Storm Cat",鹿毛,080322,    7.5,  ,    ,47.0
13,03,02,1,小倉,7,11,皿倉山特1000,43,芝,0,2600,良,サイドアタック    ,牡,5,高倉稜,57.0,16,14,15,15,0,2.7,6,161.5,"2415",0,3,3,3,7,38.6,468,大久保龍,栗,0,08102606,01130,01058,1013171114,杉山忠国,追分ファーム,スペシャルウィーク,ティークリッパー,トニービン,栗毛,080307,   17.8,  ,    ,45.5
13,03,02,1,小倉,7,11,皿倉山特1000,43,芝,0,2600,良,アドマイヤネアルコ,牡,5,北村友一,57.0,16,15,6,6,0,0.9,4,159.7,"2397",0,2,2,2,2,36.9,486,友道康夫,栗,0,08104213,01102,01061,1013171115,近藤利一,秋田牧場,リンカーン,エーピーサルート,エーピーダンサー,芦毛,080322,    6.7,  ,    ,49.8
13,03,02,1,小倉,7,11,皿倉山特1000,43,芝,0,2600,良,マイネルアイザック,牡,4,吉田隼人,56.0,16,16,8,8,0,0.9,8,159.7,"2397",0,5,5,7,7,36.5,448,宮徹,栗,0,09105122,01095,01018,1013171116,サラブレッドクラブ,ビッグレッドファー,ステイゴールド,アイアイサクラ,ペンタイア,黒鹿,090419,   18.7,  ,    ,51.3
13,03,02,1,小倉,7,12,八代特別500,23,芝,0,1200,良,ダイキチチョウナン,牡,5,黛弘人,57.0,18,01,6,6,0,0.6,17,69.2,"1092",0,0,0,4,3,34.9,484,武市康男,美,0,08103405,01109,01089,1013171201,西村新一郎,乾皆雄,ルールオブロー,ダイキチムスメ,タイキブリザード,鹿毛,080414,  205.2,  ,    ,48.3
13,03,02,1,小倉,7,12,八代特別500,23,芝,0,1200,良,アグネスマチュア  ,牡,4,勝浦正樹,57.0,18,02,2,2,0,0.1,2,68.7,"1087",0,0,0,9,6,34.2,484,長浜博之,栗,350,09100610,01025,00395,1013171202,渡辺公美子,富田牧場,サクラバクシンオー,アグネスシスター,ダンスインザダーク,鹿毛,090523,    5.2,  ,    ,50.9
13,03,02,1,小倉,7,12,八代特別500,23,芝,0,1200,良,テイエムタイホー  ,牡,4,松田大作,57.0,18,03,1,1,0,-0.1,7,68.6,"1086",0,0,0,4,3,34.3,474,鈴木孝志,栗,880,09103182,01030,01111,1013171203,竹園正繼,若林武雄,ニューイングランド,マンダリンママ,"Lord At War",栗毛,090429,   17.0,  ,    ,50.0
13,03,02,1,小倉,7,12,八代特別500,23,芝,0,1200,良,ラブグランデー    ,牝,6,大野拓弥,55.0,18,04,11,11,0,0.9,4,69.5,"1095",0,0,0,9,8,35,474,星野忍,美,0,07103827,01096,01030,1013171204,増田陽一,パラダイス・ファー,グランデラ,レムリア,Theatrical,鹿毛,070409,    8.2,  ,    ,48.6
13,03,02,1,小倉,7,12,八代特別500,23,芝,0,1200,良,キボウノチカラ    ,牡,4,二本柳壮,57.0,18,05,18,18,0,1.5,15,70.1,"1101",0,0,0,18,18,34.8,464,二本柳俊,美,0,09104075,01049,00370,1013171205,上田忠男,畠山牧場,スウェプトオーヴァーボード,プラセール,ヘクタープロテクター,鹿毛,090319,  104.0,  ,    ,51.4
13,03,02,1,小倉,7,12,八代特別500,23,芝,0,1200,良,フェブムービング  ,牡,6,中舘英二,57.0,18,06,15,15,0,1.2,13,69.8,"1098",0,0,0,1,1,35.8,490,川村禎彦,栗,0,07103991,00635,01003,1013171206,釘田義広,森政巳,レギュラーメンバー,アラベスク,ブライアンズタイム,鹿毛,070407,   35.4,  ,    ,45.0
13,03,02,1,小倉,7,12,八代特別500,23,芝,0,1200,良,ナガレボシイチバン,牡,6,伊藤工真,57.0,18,07,4,4,0,0.5,11,69.1,"1091",0,0,0,14,12,34.3,474,金成貴史,美,130,07100163,01119,01132,1013171207,尾上松壽,小倉光博,タイキシャトル,スカーレットミカ,アドマイヤベガ,鹿毛,070410,   28.1,  ,    ,51.5
13,03,02,1,小倉,7,12,八代特別500,23,芝,0,1200,良,ボールドマックス  ,牡,4,北村友一,57.0,18,08,12,12,0,0.9,16,69.5,"1095",0,0,0,12,14,34.8,450,千田輝彦,栗,0,09105103,01102,01120,1013171208,増田陽一,平山牧場,アドマイヤマックス,ジュバリー,ブライアンズタイム,栗毛,090320,  192.0,  ,    ,49.7
13,03,02,1,小倉,7,12,八代特別500,23,芝,0,1200,良,ゴーゲッター      ,牡,6,古川吉洋,57.0,18,09,10,10,0,0.8,5,69.4,"1094",0,0,0,16,15,34.5,528,南井克巳,栗,0,07101527,01015,01049,1013171209,松元保,昭和牧場,ゼンノロブロイ,ペレブラッサム,ダンシングブレーヴ,鹿毛,070226,   10.1,  ,    ,51.2
13,03,02,1,小倉,7,12,八代特別500,23,芝,0,1200,良,スピードルーラー  ,牡,4,西田雄一,57.0,18,10,3,3,0,0.4,12,69,"1090",0,0,0,2,2,34.9,508,二ノ宮敬,美,220,09103373,01004,00409,1013171210,嶋田賢,岡田牧場,フォーティナイナーズサン,クインズプライド,グラスワンダー,鹿毛,090520,   34.1,  ,    ,47.7
13,03,02,1,小倉,7,12,八代特別500,23,芝,0,1200,良,タツフラッシュ    ,牡,5,高倉稜,57.0,18,11,13,13,0,1.1,3,69.7,"1097",0,0,0,7,8,35.3,484,鮫島一歩,栗,0,08110134,01130,01046,1013171211,村山忠弘,"New Century Bloods","Action This Day","Noble Grass","Mill George",鹿毛,080419,    7.7,  ,    ,47.5
13,03,02,1,小倉,7,12,八代特別500,23,芝,0,1200,良,サウスビクトル    ,牡,4,丸田恭介,57.0,18,12,5,5,0,0.6,1,69.2,"1092",0,0,0,9,11,34.7,462,久保田貴,美,88,09101399,01117,01067,1013171212,南波壽,猪野毛牧場,サウスヴィグラス,サラトガヴィーナス,ブライアンズタイム,黒鹿,090305,    3.2,  ,    ,49.4
13,03,02,1,小倉,7,12,八代特別500,23,芝,0,1200,良,ナムラシンシン    ,牝,4,宮崎北斗,55.0,18,13,8,8,0,0.8,18,69.4,"1094",0,0,0,14,15,34.6,436,大和田成,美,0,09100648,01118,01124,1013171213,奈村信重,中島牧場,サクラプレジデント,ナムラクロシェット,Miswaki,栗毛,090402,  262.9,  ,    ,50.6
13,03,02,1,小倉,7,12,八代特別500,23,芝,0,1200,良,ノボプレシャス    ,牝,4,大庭和弥,55.0,18,14,16,16,0,1.3,14,69.9,"1099",0,0,0,16,15,35,472,天間昭一,美,0,09101099,01061,01090,1013171214,LS.M,高昭牧場,ゴールドアリュール,ノボサンシャイン,"Gone West",栗毛,090502,   99.0,  ,    ,49.7
13,03,02,1,小倉,7,12,八代特別500,23,芝,0,1200,良,ダブルスパーク    ,牝,4,川須栄彦,55.0,18,15,14,14,0,1.2,10,69.8,"1098",0,0,0,3,3,35.6,448,藤岡範士,栗,0,09105475,01128,00289,1013171215,吉永清美,上水牧場,アドマイヤコジーン,エアステビア,Woodman,芦毛,090329,   26.0,  ,    ,46.1
13,03,02,1,小倉,7,12,八代特別500,23,芝,0,1200,良,ユキノアイオロス  ,セ,5,吉田隼人,57.0,18,16,7,7,0,0.7,6,69.3,"1093",0,0,0,12,12,34.7,466,和田正道,美,0,08100889,01095,00353,1013171216,井上基之,フジワラフアーム,サクラプレジデント,ユキノシンデレラ,サンダーガルチ,鹿毛,080425,   11.5,  ,    ,49.7
13,03,02,1,小倉,7,12,八代特別500,23,芝,0,1200,良,オリーブジュエル  ,牝,4,菱田裕二,55.0,18,17,17,17,0,1.5,8,70.1,"1101",0,0,0,7,8,35.7,442,岡田稲男,栗,0,09105763,01144,01066,1013171217,社台レースホース,社台ファーム,ディープインパクト,オリーブクラウン,ドクターデヴィアス,青鹿,090514,   21.6,  ,    ,46.4
13,03,02,1,小倉,7,12,八代特別500,23,芝,0,1200,良,ユールフェスト    ,牝,4,中井裕二,54.0,18,18,9,9,0,0.8,9,69.4,"1094",0,0,0,4,6,35.1,454,須貝尚介,栗,0,09110091,01141,01105,1013171218,キャロットファーム,"Mr G Harvey","More Than Ready","High Honour","Best Western",青鹿,090912,   22.0,  ,    ,47.7
13,03,03,1,小倉,8,01,未勝利,7,ダ,1,1700,稍,ミカサパワー      ,牡,3,中井裕二,54.0,16,01,9,9,0,2.1,7,109.4,"1494",0,13,14,13,12,38.6,458,音無秀孝,栗,0,10101942,01141,01002,1013180101,西浦和男,梅田牧場,フジキセキ,タケノダンシング,ダンシングブレーヴ,黒鹿,100311,   33.7,  ,    ,50.0
13,03,03,1,小倉,8,01,未勝利,7,ダ,1,1700,稍,カシノハッピー    ,牡,3,横山和生,53.0,16,02,8,8,0,1.6,15,108.9,"1489",0,9,9,11,8,38.4,452,二本柳俊,美,0,10104788,01140,00370,1013180102,柏木務,金成吉田牧場,バゴ,フィエスタ,"Unbridled's Song",栗毛,100515,  175.5,  ,    ,50.1
13,03,03,1,小倉,8,01,未勝利,7,ダ,1,1700,稍,ティアップサニー  ,牝,3,黛弘人,54.0,16,03,4,4,0,0.4,6,107.7,"1477",0,6,7,4,4,37.9,466,奥平雅士,美,75,10103603,01109,01074,1013180103,田中昇,メジロ牧場,シンボリクリスエス,サオヒメ,サンデーサイレンス,黒鹿,100517,   16.4,  ,    ,50.5
13,03,03,1,小倉,8,01,未勝利,7,ダ,1,1700,稍,メイキングドラマ  ,牡,3,宮崎北斗,56.0,16,04,11,11,0,2.6,16,109.9,"1499",0,15,14,8,12,39.6,472,谷潔,栗,0,10104981,01118,00431,1013180104,齊藤直信,冨岡博一,フォーティナイナーズサン,ノッティングギャル,ダンスインザダーク,栗毛,100317,  242.7,  ,    ,46.8
13,03,03,1,小倉,8,01,未勝利,7,ダ,1,1700,稍,アロウィーバイオ  ,牡,3,国分優作,56.0,16,05,1,1,0,-0.2,1,107.3,"1473",0,3,3,6,4,37.3,474,西浦勝一,栗,500,10100045,01125,01016,1013180105,バイオ,清水牧場,ネオユニヴァース,ケイパブルバイオ,ジェリ,鹿毛,100519,    1.7,  ,    ,52.4
13,03,03,1,小倉,8,01,未勝利,7,ダ,1,1700,稍,ヒキャクノアシ    ,牡,3,丸山元気,56.0,16,06,2,2,0,0.2,3,107.5,"1475",0,11,11,2,2,38,458,佐々木晶,栗,200,10106533,01127,00429,1013180106,小田切有一,中地康弘,シンボリクリスエス,ナゾ,スターマン,鹿毛,100512,    7.9,  ,    ,49.8
13,03,03,1,小倉,8,01,未勝利,7,ダ,1,1700,稍,タッテハンジョウ  ,牡,3,西村太一,56.0,16,07,12,12,0,3.3,14,110.6,"1506",0,11,11,13,14,39.8,458,谷原義明,美,0,10103581,01131,00402,1013180107,平岡茂樹,平岡牧場,エアジハード,エレガンス,ロドリゴデトリアーノ,栗毛,100405,  157.7,  ,    ,47.0
13,03,03,1,小倉,8,01,未勝利,7,ダ,1,1700,稍,タイセイボルト    ,牡,3,松田大作,56.0,16,08,5,5,0,1.2,4,108.5,"1485",0,13,13,11,10,38,450,矢作芳人,栗,50,10105798,01030,01075,1013180108,田中成奉,新冠橋本牧場,シンボリクリスエス,ルナースフィア,ジェイドロバリー,青鹿,100218,    9.6,  ,    ,51.2
13,03,03,1,小倉,8,01,未勝利,7,ダ,1,1700,稍,セトノプロミス    ,牡,3,松山弘平,56.0,16,09,3,3,0,0.2,5,107.5,"1475",0,6,8,8,4,37.2,486,鈴木孝志,栗,130,10100602,01126,01111,1013180109,難波澄子,滝本健二,スパイキュール,セトノウインド,ジェネラス,鹿毛,100407,   13.8,  ,    ,53.1
13,03,03,1,小倉,8,01,未勝利,7,ダ,1,1700,稍,ルーベル          ,牡,3,大野拓弥,56.0,16,10,14,14,0,3.7,12,111,"1510",0,16,16,15,15,39.5,462,岩元市三,栗,0,10102972,01096,00397,1013180110,林進,千代田牧場,キングカメハメハ,ダイヤモンド,"Rainbow Quest",鹿毛,100331,   98.0,  ,    ,48.7
13,03,03,1,小倉,8,01,未勝利,7,ダ,1,1700,稍,キセキノチャンス  ,牝,3,藤岡康太,54.0,16,11,6,6,0,1.2,8,108.5,"1485",0,9,9,8,7,38.3,476,小野幸治,栗,0,10103402,01116,00350,1013180111,深見富朗,矢野牧場,ゴールドアリュール,シフォンベール,"El Prado",栗毛,100315,   39.2,  ,    ,50.0
13,03,03,1,小倉,8,01,未勝利,7,ダ,1,1700,稍,サマニトップレディ,牝,3,北村友一,54.0,16,12,7,7,0,1.4,2,108.7,"1487",0,1,1,1,1,39.2,436,加藤敬二,栗,0,10101830,01102,00379,1013180112,渡辺牧場,様似渡辺牧場,アグネスタキオン,クリームパフ,ブライアンズタイム,鹿毛,100327,    6.1,  ,    ,46.7
13,03,03,1,小倉,8,01,未勝利,7,ダ,1,1700,稍,カンタベリーリュウ,牡,3,柴山雄一,56.0,16,13,16,16,0,4,13,111.3,"1513",0,3,5,15,15,39.9,484,石栗龍彦,美,0,10105527,05243,01043,1013180113,峰哲馬,佐藤信広,スターリングローズ,フジバラード,スペシャルウィーク,鹿毛,100316,  123.4,  ,    ,47.6
13,03,03,1,小倉,8,01,未勝利,7,ダ,1,1700,稍,アイノタマテバコ  ,牝,3,竹之下智,54.0,16,14,13,13,0,3.3,9,110.6,"1506",0,3,3,5,8,40.7,424,友道康夫,栗,0,10103890,01036,01061,1013180114,國分純,社台ファーム,デュランダル,フジヤマエンゼル,"Holy Bull",黒鹿,100315,   42.9,  ,    ,43.7
13,03,03,1,小倉,8,01,未勝利,7,ダ,1,1700,稍,カシノラッキー    ,牡,3,二本柳壮,56.0,16,15,15,15,0,3.7,11,111,"1510",0,6,5,6,10,41,470,二本柳俊,美,0,10100453,01049,00370,1013180115,柏木務,下河辺牧場,ロージズインメイ,エアファーギー,エアシャカール,青鹿,100318,   66.8,  ,    ,43.1
13,03,03,1,小倉,8,01,未勝利,7,ダ,1,1700,稍,クリノアンデス    ,牝,3,菱田裕二,52.0,16,16,10,10,0,2.6,10,109.9,"1499",0,2,2,2,2,40.4,418,田中章博,栗,0,10106412,01144,00413,1013180116,栗本博晴,競優牧場,タイキシャトル,リキサンフラッシュ,フラツシユオブステイール,鹿毛,100409,   63.0,  ,    ,43.8
13,03,03,1,小倉,8,02,500万下,23,ダ,1,1000,稍,クーデター        ,牡,4,高倉稜,57.0,14,01,8,8,0,0.8,12,59.2,"0592",0,0,0,14,13,35.3,462,川村禎彦,栗,0,09102057,01130,01003,1013180201,杉立恭平,二風谷ファーム,ネオユニヴァース,モーディッシュ,Singspiel,黒鹿,090324,   57.9,  ,    ,51.6
13,03,03,1,小倉,8,02,500万下,23,ダ,1,1000,稍,メリーチャン      ,牝,5,柴山雄一,55.0,14,02,9,9,0,0.9,7,59.3,"0593",0,0,0,10,9,35.9,468,畠山吉宏,美,0,08102917,05243,01048,1013180202,ケンレーシング組合,社台ファーム,フジキセキ,ツーオブハート,メジロマックイーン,芦毛,080216,   17.3,  ,    ,47.8
13,03,03,1,小倉,8,02,500万下,23,ダ,1,1000,稍,コップヒヤザケ    ,牡,4,中舘英二,57.0,14,03,3,3,0,0.4,1,58.8,"0588",0,0,0,1,1,36.2,470,鹿戸雄一,美,170,09100368,00635,01097,1013180203,大久保與志雄,杵臼牧場,サクラバクシンオー,デヴォア,"Distant View",鹿毛,090415,    3.0,  ,    ,43.6
13,03,03,1,小倉,8,02,500万下,23,ダ,1,1000,稍,サルジュ          ,牡,5,原田敬伍,54.0,14,04,4,4,0,0.5,9,58.9,"0589",0,0,0,2,2,36.2,518,岩戸孝樹,美,100,08100348,01148,01051,1013180204,福島実,佐竹学,シルバーチャーム,スールドゥカノウ,サクラバクシンオー,芦毛,080306,   22.8,  ,    ,44.1
13,03,03,1,小倉,8,02,500万下,23,ダ,1,1000,稍,シシリアンルージュ,牝,4,大野拓弥,55.0,14,05,10,10,0,1.1,8,59.5,"0595",0,0,0,10,11,36,460,蛯名利弘,美,0,09100988,01096,01131,1013180205,ターフ・スポート,荻伏服部牧場,プリサイスエンド,ラフィーク,アグネスタキオン,栗毛,090509,   22.5,  ,    ,47.9
13,03,03,1,小倉,8,02,500万下,23,ダ,1,1000,稍,モリトブイコール  ,セ,5,横山和生,54.0,14,06,7,7,0,0.7,13,59.1,"0591",0,0,0,10,11,35.7,480,小桧山悟,美,0,08106354,01140,01005,1013180206,石橋忠之,スガタ牧場,オンファイア,プリンセスヒムカ,プリンスオブバーズ,栗毛,080215,   65.5,  ,    ,48.3
13,03,03,1,小倉,8,02,500万下,23,ダ,1,1000,稍,ワンダーエレメント,牝,5,中井裕二,53.0,14,07,11,11,0,1.2,5,59.6,"0596",0,0,0,6,7,36.4,490,牧田和弥,栗,0,08104033,01141,01123,1013180207,山本信行,小柳牧場,ボストンハーバー,ワンダーグラシア,"Be My Guest",鹿毛,080330,   13.1,  ,    ,45.6
13,03,03,1,小倉,8,02,500万下,23,ダ,1,1000,稍,スズカベラミー    ,牝,6,松田大作,55.0,14,08,14,14,0,1.8,11,60.2,"1002",0,0,0,13,13,36.4,454,橋田満,栗,0,07100279,01030,00362,1013180208,永井啓弍,グランド牧場,アグネスタキオン,ベラミアモーレ,"Storm Cat",栗毛,070220,   55.5,  ,    ,48.1
13,03,03,1,小倉,8,02,500万下,23,ダ,1,1000,稍,サクラライジング  ,牡,5,藤岡康太,57.0,14,09,12,12,0,1.3,10,59.7,"0597",0,0,0,6,7,36.5,466,羽月友彦,栗,0,08100732,01116,01091,1013180209,さくらコマース,西村和夫,サクラプレジデント,サクラヒーロー,サクラユタカオー,鹿毛,080504,   35.3,  ,    ,45.3
13,03,03,1,小倉,8,02,500万下,23,ダ,1,1000,稍,クレバーアポロ    ,牡,4,丸山元気,57.0,14,10,1,1,0,-0.2,2,58.4,"0584",0,0,0,6,4,35.1,490,小西一男,美,670,09105489,01127,00405,1013180210,ウエスタンファーム,上水牧場,キングカメハメハ,フランダース,サンデーサイレンス,栗毛,090305,    4.0,  ,    ,49.6
13,03,03,1,小倉,8,02,500万下,23,ダ,1,1000,稍,メイショウドルセー,牡,4,北村友一,57.0,14,11,6,6,0,0.6,4,59,"0590",0,0,0,4,4,36.1,478,武田博,栗,0,09100801,01102,00224,1013180211,松本好雄,三嶋牧場,メイショウボーラー,メイショウサンサン,ウインドストース,黒鹿,090505,   10.1,  ,    ,45.2
13,03,03,1,小倉,8,02,500万下,23,ダ,1,1000,稍,アスターポメリー  ,牡,5,川須栄彦,57.0,14,12,13,13,0,1.5,14,59.9,"0599",0,0,0,6,9,36.6,444,中竹和也,栗,0,08110127,01128,01039,1013180212,加藤久枝,"Joanne Crowe & Don",Pomeroy,Scattitude,Scatmandu,栗毛,080210,  104.2,  ,    ,45.5
13,03,03,1,小倉,8,02,500万下,23,ダ,1,1000,稍,エリクサー        ,牡,4,吉田隼人,57.0,14,13,5,5,0,0.5,6,58.9,"0589",0,0,0,2,3,36.2,472,伊藤圭三,美,67,09103515,01095,01023,1013180213,H.H.シェイク・モハ,グランド牧場,アドマイヤムーン,セクレゴールド,"Seeking the Gold",栗毛,090220,   13.3,  ,    ,44.1
13,03,03,1,小倉,8,02,500万下,23,ダ,1,1000,稍,シゲルカイチョウ  ,牡,5,菱田裕二,55.0,14,14,2,2,0,0.2,3,58.6,"0586",0,0,0,5,4,35.5,500,服部利之,栗,270,08110095,01144,01040,1013180214,森中蕃,"Dr. John Piconi",Benchmark,"Eleanor Rose","In Excess",黒鹿,080217,    5.2,  ,    ,47.6
13,03,03,1,小倉,8,03,未勝利,7,芝,0,1200,良,ボンジュールココロ,牝,3,川須栄彦,54.0,18,01,4,4,0,0.2,6,69.3,"1093",0,0,0,2,1,35.7,452,天間昭一,美,75,10105912,01128,01090,1013180301,田中善次郎,平山牧場,リンカーン,レディネス,デインヒル,鹿毛,100411,    9.8,  ,    ,44.1
13,03,03,1,小倉,8,03,未勝利,7,芝,0,1200,良,ハッピーチャート  ,牝,3,菱田裕二,52.0,18,02,5,5,0,0.5,2,69.6,"1096",0,0,0,3,3,35.8,458,加用正,栗,50,10102738,01144,00425,1013180302,ヒダカ・ブリーダー,桜井牧場,クロフネ,ムーンライトガーデンズ,"Unbridled's Song",芦毛,100406,    7.5,  ,    ,44.4
13,03,03,1,小倉,8,03,未勝利,7,芝,0,1200,良,ライブリヘイロー  ,牝,3,水口優也,54.0,18,03,11,11,0,1,16,70.1,"1101",0,0,0,17,17,34.9,462,湯窪幸雄,栗,0,10103512,01133,01057,1013180303,加藤哲郎,大川牧場,キングヘイロー,ライブリウイナー,ニホンピロウイナー,鹿毛,100331,  196.0,  ,    ,50.9
13,03,03,1,小倉,8,03,未勝利,7,芝,0,1200,良,ウチケンジェーニオ,牡,3,大野拓弥,56.0,18,04,7,7,0,0.5,14,69.6,"1096",0,0,0,14,14,35,444,佐藤吉勝,美,0,10101187,01096,01035,1013180304,内田健一,横井哲,スクワートルスクワート,ナリタスーパアゲン,"Wild Again",栗毛,100426,  112.4,  ,    ,48.9
13,03,03,1,小倉,8,03,未勝利,7,芝,0,1200,良,ベルエアファルコン,牡,3,丸山元気,56.0,18,05,3,3,0,0.1,10,69.2,"1092",0,0,0,5,3,35.3,482,森秀行,栗,130,10103708,01127,00427,1013180305,榮義則,社台ファーム,アグネスタキオン,エービーヌードル,"Alphabet Soup",栗毛,100420,   20.3,  ,    ,46.0
13,03,03,1,小倉,8,03,未勝利,7,芝,0,1200,良,シゲルトビウオザ  ,牡,3,中井裕二,54.0,18,06,8,8,0,0.5,4,69.6,"1096",0,0,0,1,2,36,486,中村均,栗,0,10102368,01141,00261,1013180306,森中蕃,石川栄一,マイネルラヴ,フェアリーベル,サクラバクシンオー,鹿毛,100308,    8.1,  ,    ,43.3
13,03,03,1,小倉,8,03,未勝利,7,芝,0,1200,良,ヤマニンシェリル  ,牝,3,鮫島良太,54.0,18,07,13,13,0,1.2,9,70.3,"1103",0,0,0,8,7,36.1,440,浅見秀一,栗,0,10105809,01099,00411,1013180307,土井肇,錦岡牧場,アグネスタキオン,ヤマニンザナドゥ,トニービン,栗毛,100303,   13.8,  ,    ,44.7
13,03,03,1,小倉,8,03,未勝利,7,芝,0,1200,良,スターボウ        ,牝,3,丹内祐次,54.0,18,08,6,6,0,0.5,11,69.6,"1096",0,0,0,14,11,35,452,高橋裕,美,0,10105630,01091,00412,1013180308,岡田牧雄,タニグチ牧場,テイエムサンデー,レインボーフェロー,メジロマックイーン,鹿毛,100222,   70.3,  ,    ,48.9
13,03,03,1,小倉,8,03,未勝利,7,芝,0,1200,良,ミナミワオリーブ  ,牝,3,松山弘平,54.0,18,09,12,12,0,1.1,7,70.2,"1102",0,0,0,7,7,36.2,412,鈴木孝志,栗,0,10100314,01126,01111,1013180309,鈴木邦英,賀張中川牧場,タイキシャトル,レインボーロマンス,エアジハード,栗毛,100318,   12.4,  ,    ,43.9
13,03,03,1,小倉,8,03,未勝利,7,芝,0,1200,良,トップギャル      ,牝,3,中舘英二,54.0,18,10,17,17,0,1.9,13,71,"1110",0,0,0,8,9,36.9,460,小野次郎,美,0,10103280,00635,01125,1013180310,吉岡實,フジワラフアーム,ワイルドラッシュ,マイマスタートップ,ウォーニング,鹿毛,100228,   99.5,  ,    ,42.4
13,03,03,1,小倉,8,03,未勝利,7,芝,0,1200,良,ラフィットオフ    ,牝,3,城戸義政,51.0,18,11,14,14,0,1.4,8,70.5,"1105",0,0,0,3,6,36.7,422,梅田智之,栗,0,10103006,01147,01084,1013180311,飯田正剛,千代田牧場,キングヘイロー,マイルドスマイル,バブルガムフェロー,鹿毛,100322,   12.8,  ,    ,42.1
13,03,03,1,小倉,8,03,未勝利,7,芝,0,1200,良,ハイランドコンドル,牝,3,横山和生,51.0,18,12,9,9,0,0.6,18,69.7,"1097",0,0,0,12,11,35.2,418,二本柳俊,美,0,10105331,01140,00370,1013180312,小林久義,岩見牧場,ザール,スカイメーテル,ジョリーズヘイロー,黒鹿,100222,  268.0,  ,    ,48.0
13,03,03,1,小倉,8,03,未勝利,7,芝,0,1200,良,メイショウライナー,牡,3,藤岡康太,56.0,18,13,2,2,0,0,1,69.1,"1091",0,0,0,5,3,35.2,458,高橋義忠,栗,200,10102111,01116,01129,1013180313,松本好隆,小島牧場,キングヘイロー,ナナヨーティアラ,マイネルラヴ,鹿毛,100416,    3.3,  ,    ,46.3
13,03,03,1,小倉,8,03,未勝利,7,芝,0,1200,良,スピードサンダー  ,牡,3,黛弘人,56.0,18,14,16,16,0,1.5,17,70.6,"1106",0,0,0,12,15,36.1,462,本田優,栗,0,10103336,01109,01099,1013180314,池田豊治,前田牧場,アルデバラン2,アイアムクロス,タマモクロス,栗毛,100308,  246.7,  ,    ,45.6
13,03,03,1,小倉,8,03,未勝利,7,芝,0,1200,良,エーシンマイェスタ,牡,3,高倉稜,56.0,18,15,1,1,0,0,5,69.1,"1091",0,0,0,8,9,34.9,506,田所秀孝,栗,500,10105135,01130,01009,1013180315,栄進堂,三嶋牧場,スペシャルウィーク,エイシンシンシアナ,"Storm Cat",黒鹿,100418,    8.6,  ,    ,48.0
13,03,03,1,小倉,8,03,未勝利,7,芝,0,1200,良,マーティンゴールド,牝,3,西村太一,54.0,18,16,18,18,0,2.8,15,71.9,"1119",0,0,0,18,18,36.3,452,沖芳夫,栗,0,10104911,01131,00378,1013180316,大戸時子,田中スタッド,タイキシャトル,レッダンゴールド,サンデーサイレンス,栗毛,100507,  174.6,  ,    ,48.1
13,03,03,1,小倉,8,03,未勝利,7,芝,0,1200,良,サチヒメ          ,牝,3,古川吉洋,54.0,18,17,15,15,0,1.4,12,70.5,"1105",0,0,0,16,15,35.8,430,日吉正和,栗,0,10100443,01015,01122,1013180317,林孝輝,鹿戸美明,スウェプトオーヴァーボード,トーコーヘイロー,ジョリーズヘイロー,青鹿,100325,   77.5,  ,    ,46.9
13,03,03,1,小倉,8,03,未勝利,7,芝,0,1200,良,サマーフェアリー  ,牝,3,柴山雄一,54.0,18,18,10,10,0,0.6,3,69.7,"1097",0,0,0,11,11,35.3,434,畠山吉宏,美,0,10104545,05243,01048,1013180318,ライオンレースホー,追分ファーム,ゴールドアリュール,デゴッドドーター,"De Niro",栗毛,100403,    7.5,  ,    ,47.5
13,03,03,1,小倉,8,04,未勝利・牝,7,芝,0,2000,良,ヒアルロンサン    ,牝,3,嘉藤貴行,54.0,18,01,15,15,0,2.2,13,123.6,"2036",0,9,9,10,12,36.8,430,伊藤伸一,美,0,10102059,01051,01031,1013180401,ミルファーム,小池博幸,トワイニング,ゴッドエンジェル,ラムタラ,鹿毛,100415,  166.2,  ,    ,51.1
13,03,03,1,小倉,8,04,未勝利・牝,7,芝,0,2000,良,ジョウノグロリア  ,牝,3,中舘英二,54.0,18,02,12,12,0,1.8,10,123.2,"2032",0,13,13,14,16,36,440,平田修,栗,0,10100425,00635,01082,1013180402,小川義勝,三城牧場,シンボリクリスエス,ジョウノエリザベス,サンデーサイレンス,鹿毛,100412,   56.1,  ,    ,53.8
13,03,03,1,小倉,8,04,未勝利・牝,7,芝,0,2000,良,コスモスターター  ,牝,3,黛弘人,54.0,18,03,1,1,0,-0.6,7,121.4,"2014",0,15,15,1,1,35.5,412,鈴木康弘,美,500,10105931,01109,00208,1013180403,ビッグレッドファー,ビッグレッドファー,アドマイヤマックス,コスモエンドレス,スターオブコジーン,栗毛,100503,   25.0,  ,    ,53.7
13,03,03,1,小倉,8,04,未勝利・牝,7,芝,0,2000,良,パルトゥーラ      ,牝,3,柴山雄一,54.0,18,04,9,9,0,1.5,14,122.9,"2029",0,13,13,14,14,35.7,436,田中剛,美,0,10103614,05243,01119,1013180404,加藤誠,メジロ牧場,デュランダル,メジロマルチネス,フォーティナイナー,栗毛,100308,  169.5,  ,    ,54.7
13,03,03,1,小倉,8,04,未勝利・牝,7,芝,0,2000,良,ダイワレーヌ      ,牝,3,松山弘平,54.0,18,05,10,10,0,1.6,3,123,"2030",0,4,6,6,5,36.6,440,松田国英,栗,0,10103805,01126,01011,1013180405,大城敬三,社台ファーム,チチカステナンゴ,ダイワスカーレット,アグネスタキオン,黒鹿,100306,    4.1,  ,    ,51.2
13,03,03,1,小倉,8,04,未勝利・牝,7,芝,0,2000,良,カネトシエターナル,牝,3,丸田恭介,54.0,18,06,2,2,0,0.6,4,122,"2020",0,11,9,10,8,35.3,426,鈴木伸尋,美,200,10101466,01117,01026,1013180406,兼松利男,土田扶美子,ハーツクライ,コンゴウアンゲルス,カーネギー,栗毛,100422,    7.5,  ,    ,55.3
13,03,03,1,小倉,8,04,未勝利・牝,7,芝,0,2000,良,エーシンラクーン  ,牝,3,北村友一,54.0,18,07,7,7,0,1.3,1,122.7,"2027",0,9,9,12,10,35.7,460,大久保龍,栗,0,10104645,01102,01058,1013180407,栄進堂,栄進牧場,ジャングルポケット,エイシンルーデンス,サンデーサイレンス,鹿毛,100329,    3.4,  ,    ,54.4
13,03,03,1,小倉,8,04,未勝利・牝,7,芝,0,2000,良,ムゲンコウネン    ,牝,3,藤岡康太,54.0,18,08,4,4,0,0.8,6,122.2,"2022",0,4,6,6,5,35.8,416,藤岡健一,栗,75,10103817,01116,01062,1013180408,青山洋一,社台ファーム,デュランダル,ダンスフォーママ,エリシオ,鹿毛,100501,   14.1,  ,    ,53.4
13,03,03,1,小倉,8,04,未勝利・牝,7,芝,0,2000,良,テンプトミーノット,牝,3,丸山元気,54.0,18,09,6,6,0,1,8,122.4,"2024",0,8,6,6,5,35.9,448,高野友和,栗,0,10104319,01127,01117,1013180409,サンデーレーシング,ノーザンファーム,ステイゴールド,マージナルグラマー,"Crafty Prospector",鹿毛,100310,   27.1,  ,    ,53.3
13,03,03,1,小倉,8,04,未勝利・牝,7,芝,0,2000,良,ウインノーヴァ    ,牝,3,菱田裕二,52.0,18,10,3,3,0,0.6,11,122,"2020",0,1,1,2,2,35.9,420,高橋祥泰,美,130,10102019,01144,00359,1013180410,ウイン,上山牧場,ジャングルポケット,アガーテ,フォーティナイナー,青鹿,100529,   97.7,  ,    ,52.8
13,03,03,1,小倉,8,04,未勝利・牝,7,芝,0,2000,良,マイネマロニエ    ,牝,3,丹内祐次,54.0,18,11,14,14,0,2,17,123.4,"2034",0,15,15,17,16,35.8,398,堀井雅広,美,0,10105973,01091,00436,1013180411,サラブレッドクラブ,ビッグレッドファー,ステイゴールド,マイネシャンゼリゼ,トウカイテイオー,鹿毛,100323,  346.6,  ,    ,54.9
13,03,03,1,小倉,8,04,未勝利・牝,7,芝,0,2000,良,レッドアモーレ    ,牝,3,中井裕二,52.0,18,12,8,8,0,1.3,5,122.7,"2027",0,2,2,2,3,36.6,484,松永幹夫,栗,0,10103738,01141,01092,1013180412,東京ホースレーシン,社台ファーム,ダイワメジャー,グレースアンドグローリー,"Sadler's Wells",鹿毛,100416,   10.1,  ,    ,50.8
13,03,03,1,小倉,8,04,未勝利・牝,7,芝,0,2000,良,エリンジューム    ,牝,3,大野拓弥,54.0,18,13,5,5,0,0.8,2,122.2,"2022",0,2,2,2,3,36.1,464,高木登,美,50,10102588,01096,01088,1013180413,シルクレーシング,神垣道弘,ゼンノロブロイ,ヒカルバイオレット,マルゼンスキー,黒鹿,100318,    3.9,  ,    ,52.2
13,03,03,1,小倉,8,04,未勝利・牝,7,芝,0,2000,良,アノヒミタユメ    ,牝,3,吉田隼人,54.0,18,14,11,11,0,1.8,15,123.2,"2032",0,11,12,12,12,36.3,422,本間忍,美,0,10105288,01095,01056,1013180414,小田切有一,アサヒ牧場,サムライハート,オシャレジョウズ,コマンダーインチーフ,黒鹿,100331,  243.4,  ,    ,52.6
13,03,03,1,小倉,8,04,未勝利・牝,7,芝,0,2000,良,オトメザミッキー  ,牝,3,田中健,54.0,18,15,18,18,0,3.7,16,125.1,"2051",0,18,18,18,18,37.3,426,福島信晴,栗,0,10103644,01114,00396,1013180415,三木久史,吉田牧場,チーフベアハート,ワカオーカン,マグニテユード,栗毛,100217,  316.3,  ,    ,50.9
13,03,03,1,小倉,8,04,未勝利・牝,7,芝,0,2000,良,エスパシオ        ,牝,3,川須栄彦,54.0,18,16,13,13,0,2,9,123.4,"2034",0,4,4,5,9,37.1,420,大橋勇樹,栗,0,10103559,01128,01065,1013180416,田邉廣己,東振牧場,サムライハート,マル,ホワイトマズル,黒鹿,100409,   46.9,  ,    ,49.7
13,03,03,1,小倉,8,04,未勝利・牝,7,芝,0,2000,良,コウエイキズナ    ,牝,3,西村太一,54.0,18,17,17,17,0,3,18,124.4,"2044",0,17,17,14,14,37.1,414,山内研二,栗,0,10106385,01131,00388,1013180417,伊東政清,オリエント牧場,グラスワンダー,エイシンナポリタン,サンデーサイレンス,栗毛,100227,  355.6,  ,    ,50.8
13,03,03,1,小倉,8,04,未勝利・牝,7,芝,0,2000,良,ジョロキアキャット,牝,3,原田敬伍,51.0,18,18,16,16,0,2.7,12,124.1,"2041",0,4,4,9,10,37.5,380,北出成人,栗,0,10102531,01148,01078,1013180418,ヒダカ・ブリーダー,岡田牧場,タニノギムレット,ハバネロキャット,タバスコキャット,鹿毛,100325,  152.7,  ,    ,49.0
13,03,03,1,小倉,8,05,未勝利,7,芝,0,1800,良,メイショウブシン  ,牡,3,丸田恭介,56.0,16,01,1,1,0,-0.2,2,108.2,"1482",0,15,15,12,10,34.7,450,沖芳夫,栗,500,10101965,01117,00378,1013180501,松本好雄,大島牧場,メイショウサムソン,ワイルドリリー,"Wild Again",鹿毛,100413,    4.9,  ,    ,55.9
13,03,03,1,小倉,8,05,未勝利,7,芝,0,1800,良,オールウェイズラブ,牝,3,藤岡康太,54.0,16,02,13,13,0,1.7,10,109.9,"1499",0,12,13,9,12,36.7,458,中竹和也,栗,0,10105856,01116,01039,1013180502,前田幸治,ノースヒルズ,ディープインパクト,ライヴ,"Storm Cat",鹿毛,100319,   32.7,  ,    ,49.7
13,03,03,1,小倉,8,05,未勝利,7,芝,0,1800,良,ファミリータイズ  ,牡,3,原田敬伍,53.0,16,03,10,10,0,1.3,15,109.5,"1495",0,12,13,14,14,35.7,450,五十嵐忠,栗,0,10101751,01148,00422,1013180503,深見富朗,山本昇寿,イーグルカフェ,サイレンスマリア,サンデーサイレンス,鹿毛,100331,  122.7,  ,    ,53.4
13,03,03,1,小倉,8,05,未勝利,7,芝,0,1800,良,サンライズピーク  ,牡,3,丹内祐次,56.0,16,04,2,2,0,0.2,1,108.4,"1484",0,8,8,6,3,35.5,502,河内洋,栗,200,10102732,01091,01072,1013180504,松岡隆雄,桜井牧場,マンハッタンカフェ,アイリーンズハート,ティンバーカントリー,黒鹿,100215,    3.1,  ,    ,52.7
13,03,03,1,小倉,8,05,未勝利,7,芝,0,1800,良,ラフジェントリー  ,牡,3,松田大作,56.0,16,05,12,12,0,1.5,13,109.7,"1497",0,3,3,3,3,37,484,北出成人,栗,0,10106326,01030,01078,1013180505,今西和雄,カネツ牧場,ゼンノロブロイ,カネツプリンセス,サクラバクシンオー,黒鹿,100302,   41.7,  ,    ,48.2
13,03,03,1,小倉,8,05,未勝利,7,芝,0,1800,良,パッシオーネ      ,牝,3,北村友一,54.0,16,06,7,7,0,0.8,5,109,"1490",0,3,5,4,3,36.2,426,吉田直弘,栗,0,10104078,01102,01101,1013180506,吉田勝己,ノーザンファーム,ゼンノロブロイ,カーリーパッション,トニービン,栗毛,100509,    9.2,  ,    ,50.6
13,03,03,1,小倉,8,05,未勝利,7,芝,0,1800,良,サムソンズプライド,牡,3,横山和生,53.0,16,07,3,3,0,0.2,6,108.4,"1484",0,2,2,2,1,35.9,462,杉浦宏昭,美,130,10104261,01140,01008,1013180507,シルクレーシング,ノーザンファーム,メイショウサムソン,フェザーレイ,エルコンドルパサー,鹿毛,100326,   14.3,  ,    ,51.0
13,03,03,1,小倉,8,05,未勝利,7,芝,0,1800,良,ヤマノレガロ      ,牡,3,大野拓弥,56.0,16,08,6,6,0,0.7,12,108.9,"1489",0,12,12,12,10,35.4,450,千田輝彦,栗,0,10103429,01096,01120,1013180508,山住勲,レキシントンファー,タップダンスシチー,シルバートレイン,Singspiel,鹿毛,100213,   41.6,  ,    ,53.8
13,03,03,1,小倉,8,05,未勝利,7,芝,0,1800,良,プランスペスカ    ,牡,3,吉田隼人,56.0,16,09,4,4,0,0.7,3,108.9,"1489",0,9,10,11,12,35.6,448,松永昌博,栗,75,10105143,01095,01083,1013180509,山田信太郎,三嶋牧場,ブラックタイド,ダンシングドミニア,ブライアンズタイム,鹿毛,100508,    6.3,  ,    ,52.9
13,03,03,1,小倉,8,05,未勝利,7,芝,0,1800,良,デビルマン        ,牡,3,柴山雄一,56.0,16,10,16,16,0,2.2,16,110.4,"1504",0,9,10,15,16,36.5,446,千田輝彦,栗,0,10104963,05243,01120,1013180510,安原浩司,辻牧場,ジャイアントレッカー,シャンパンセラー,マンハッタンカフェ,栗毛,100317,  165.9,  ,    ,51.2
13,03,03,1,小倉,8,05,未勝利,7,芝,0,1800,良,マイネルヴォル    ,牡,3,中井裕二,54.0,16,11,14,14,0,1.8,14,110,"1500",0,3,3,4,6,37.2,490,加用正,栗,0,10105475,01141,00425,1013180511,サラブレッドクラブ,コスモヴューファー,ダイワメジャー,ヴォルピア,"Ski Champ",芦毛,100318,   82.3,  ,    ,47.8
13,03,03,1,小倉,8,05,未勝利,7,芝,0,1800,良,デンカノホウトウ  ,牡,3,丸山元気,56.0,16,12,9,9,0,1.1,9,109.3,"1493",0,16,16,16,14,35.2,456,小島茂之,美,0,10103792,01127,01068,1013180512,グリーンファーム,社台ファーム,デュランダル,センボンザクラ,サクラユタカオー,栗毛,100501,   25.5,  ,    ,55.3
13,03,03,1,小倉,8,05,未勝利,7,芝,0,1800,良,ラノララク        ,牝,3,嘉藤貴行,54.0,16,13,15,15,0,1.9,8,110.1,"1501",0,1,1,1,2,37.7,464,高橋祥泰,美,0,10102239,01051,00359,1013180513,ミルファーム,バンダム牧場,オレハマッテルゼ,ミラクルケープ,フォーティナイナー,栗毛,100323,   23.3,  ,    ,46.0
13,03,03,1,小倉,8,05,未勝利,7,芝,0,1800,良,ミッキーサクセス  ,牡,3,菱田裕二,54.0,16,14,5,5,0,0.7,4,108.9,"1489",0,6,6,7,6,35.8,496,音無秀孝,栗,50,10104126,01144,01002,1013180514,野田みづき,ノーザンファーム,タニノギムレット,サファイヤコースト,サンデーサイレンス,栗毛,100408,    7.6,  ,    ,52.1
13,03,03,1,小倉,8,05,未勝利,7,芝,0,1800,良,クライナーヘルツ  ,牡,3,松山弘平,56.0,16,15,11,11,0,1.4,11,109.6,"1496",0,9,9,9,6,36.4,416,松田国英,栗,0,10104337,01126,01011,1013180515,林正道,ノーザンファーム,ネオユニヴァース,ライジングクロス,"Cape Cross",鹿毛,100125,   39.6,  ,    ,50.5
13,03,03,1,小倉,8,05,未勝利,7,芝,0,1800,良,サトノユニコーン  ,牡,3,川須栄彦,56.0,16,16,8,8,0,1,7,109.2,"1492",0,7,6,7,6,36.1,454,橋口弘次,栗,0,10102640,01128,00343,1013180516,サトミホースカンパ,グランド牧場,ディープインパクト,シャイアーズエンデ,"El Prado",鹿毛,100408,   18.5,  ,    ,51.2
13,03,03,1,小倉,8,06,500万下・牝,23,芝,0,1200,良,クリーンヒット    ,牝,4,西村太一,55.0,18,01,17,17,0,1.1,18,69.8,"1098",0,0,0,1,2,36.5,476,古賀史生,美,0,09100281,01131,00392,1013180601,牧畠清久,大西牧場,バゴ,リバティスプライト,サクラバクシンオー,鹿毛,090404,  177.2,  ,    ,41.2
13,03,03,1,小倉,8,06,500万下・牝,23,芝,0,1200,良,アマルフィターナ  ,牝,6,丸田恭介,55.0,18,02,3,3,0,0.1,6,68.8,"1088",0,0,0,9,6,34.8,462,平田修,栗,170,07103340,01117,01082,1013180602,キャロットファーム,ノーザンファーム,シンボリクリスエス,ホワットケイティーディド,Nureyev,黒鹿,070324,   16.1,  ,    ,47.7
13,03,03,1,小倉,8,06,500万下・牝,23,芝,0,1200,良,サトノフローラ    ,牝,5,松山弘平,55.0,18,03,1,1,0,0,3,68.7,"1087",0,0,0,9,6,34.7,434,堀宣行,美,670,08103364,01126,01070,1013180603,里見治,ノーザンファーム,アグネスタキオン,リアリーハッピー,"Avenue of Flags",鹿毛,080428,    5.8,  ,    ,48.0
13,03,03,1,小倉,8,06,500万下・牝,23,芝,0,1200,良,ハピシン          ,牝,5,原田敬伍,52.0,18,04,11,11,0,0.6,11,69.3,"1093",0,0,0,5,4,35.6,462,田所秀孝,栗,0,08101566,01148,01009,1013180604,副島義久,田中スタッド,ルールオブロー,フランチェスカ,ブラックタイアフェアー,黒鹿,080312,   33.8,  ,    ,44.7
13,03,03,1,小倉,8,06,500万下・牝,23,芝,0,1200,良,オースミマイカ    ,牝,5,松田大作,55.0,18,05,13,13,0,0.7,1,69.4,"1094",0,0,0,5,6,35.7,458,昆貢,栗,0,08105190,01030,01044,1013180605,オースミ,若林牧場,ディープインパクト,グレイトグレイス,グルームダンサー,鹿毛,080402,    3.2,  ,    ,44.4
13,03,03,1,小倉,8,06,500万下・牝,23,芝,0,1200,良,クロンドローリエ  ,牝,6,横山和生,52.0,18,06,2,2,0,0,7,68.7,"1087",0,0,0,13,10,34.4,424,加藤和宏,美,270,07101671,01140,01077,1013180606,ヒダカ・ブリーダー,富菜牧場,フジキセキ,アルフェッカ,ダンシングブレーヴ,青鹿,070420,   16.9,  ,    ,49.7
13,03,03,1,小倉,8,06,500万下・牝,23,芝,0,1200,良,ヨドノグレイス    ,牝,4,高倉稜,55.0,18,07,8,8,0,0.2,5,68.9,"1089",0,0,0,2,1,35.5,428,松元茂樹,栗,0,09102052,01130,00419,1013180607,海原聖一,二風谷ファーム,バゴ,ハナマル,アフリート,鹿毛,090331,   15.9,  ,    ,44.1
13,03,03,1,小倉,8,06,500万下・牝,23,芝,0,1200,良,エンプレスラブ    ,牝,4,国分優作,55.0,18,08,14,14,0,0.7,10,69.4,"1094",0,0,0,3,2,35.9,494,加藤敬二,栗,0,09101360,01125,00379,1013180608,IHR,村中牧場,マイネルラヴ,フィールドエミュー,"You and I",黒鹿,090425,   26.8,  ,    ,43.3
13,03,03,1,小倉,8,06,500万下・牝,23,芝,0,1200,良,パスパルトゥー    ,牝,4,丸山元気,55.0,18,09,18,18,0,1.2,12,69.9,"1099",0,0,0,13,15,35.6,434,鈴木孝志,栗,0,09105044,01127,01111,1013180609,ノースヒルズ,ノースヒルズマネジ,ゼンノロブロイ,レッドスレッド,パントレセレブル,栗毛,090330,   36.2,  ,    ,46.3
13,03,03,1,小倉,8,06,500万下・牝,23,芝,0,1200,良,エーシンエムディー,牝,4,北村友一,55.0,18,10,5,5,0,0.1,2,68.8,"1088",0,0,0,3,4,35.2,458,大久保龍,栗,67,09100231,01102,01058,1013180610,栄進堂,栄進牧場,キングカメハメハ,エイシンルーデンス,サンデーサイレンス,黒鹿,090403,    4.9,  ,    ,45.5
13,03,03,1,小倉,8,06,500万下・牝,23,芝,0,1200,良,アルティメイト    ,牝,4,吉田隼人,55.0,18,11,9,9,0,0.3,14,69,"1090",0,0,0,17,15,34.5,426,境直行,栗,0,09103975,01095,00346,1013180611,アルツト組合,飛野牧場,ブライアンズタイム,ピサノダイアナ,サンデーサイレンス,青鹿,090414,   48.2,  ,    ,50.0
13,03,03,1,小倉,8,06,500万下・牝,23,芝,0,1200,良,ミラクルムーン    ,牝,4,大庭和弥,55.0,18,12,15,15,0,0.9,17,69.6,"1096",0,0,0,9,13,35.5,428,清水英克,美,0,09101168,01061,01080,1013180612,阿部紀子,大北牧場,アドマイヤムーン,ノースフライト,トニービン,黒鹿,090331,  131.2,  ,    ,46.1
13,03,03,1,小倉,8,06,500万下・牝,23,芝,0,1200,良,メイショウアキシノ,牝,4,丹内祐次,55.0,18,13,4,4,0,0.1,16,68.8,"1088",0,0,0,17,15,34.3,434,小野幸治,栗,100,09100613,01091,00350,1013180613,松本好雄,富田牧場,デュランダル,アンティックタイル,"Fusaichi Pegasus",鹿毛,090419,   62.7,  ,    ,50.6
13,03,03,1,小倉,8,06,500万下・牝,23,芝,0,1200,良,ヤマノラヴ        ,牝,5,川須栄彦,55.0,18,14,10,10,0,0.6,8,69.3,"1093",0,0,0,8,10,35.4,480,飯田雄三,栗,0,08105732,01128,01050,1013180614,山住れい子,竹島幸治,アグネスデジタル,ヤマノバイオレット,フジキセキ,鹿毛,080308,   22.7,  ,    ,45.8
13,03,03,1,小倉,8,06,500万下・牝,23,芝,0,1200,良,ハッシュドトーン  ,牝,4,中井裕二,53.0,18,15,16,16,0,1,13,69.7,"1097",0,0,0,9,10,35.7,464,西園正都,栗,0,09105893,01141,01028,1013180615,グリーンファーム,社台ファーム,マンハッタンカフェ,ハッシュバンバン,Kaldoun,青鹿,090522,   38.6,  ,    ,45.2
13,03,03,1,小倉,8,06,500万下・牝,23,芝,0,1200,良,カルナヴァレ      ,牝,4,菱田裕二,53.0,18,16,7,7,0,0.2,9,68.9,"1089",0,0,0,5,6,35.2,472,本田優,栗,0,09104243,01144,01099,1013180616,安原浩司,前田牧場,ローエングリン,プットオンジュエル,ダイヤモンドショール,鹿毛,090430,   25.3,  ,    ,45.7
13,03,03,1,小倉,8,06,500万下・牝,23,芝,0,1200,良,アーベントロート  ,牝,4,藤岡康太,55.0,18,17,6,6,0,0.2,4,68.9,"1089",0,0,0,13,13,34.6,434,笹田和秀,栗,0,09105917,01116,01104,1013180617,社台レースホース,社台ファーム,フジキセキ,ビルアンドクー,ジェイドロバリー,黒鹿,090323,    9.2,  ,    ,49.1
13,03,03,1,小倉,8,06,500万下・牝,23,芝,0,1200,良,チアフルアイズ    ,牝,5,古川吉洋,55.0,18,18,12,12,0,0.6,15,69.3,"1093",0,0,0,16,15,34.9,454,千田輝彦,栗,0,08100871,01015,01120,1013180618,ラムダ組合,フジワラフアーム,ロックオブジブラルタル,チアフルスマイル,サンデーサイレンス,鹿毛,080314,   52.5,  ,    ,48.6
13,03,03,1,小倉,8,07,500万下,23,ダ,1,1700,稍,ブルーイングリーン,牡,4,中井裕二,55.0,16,01,13,13,0,1.3,8,107.3,"1473",0,9,9,6,8,38.4,480,手塚貴久,美,0,09106397,01141,01038,1013180701,青芝商事,ノーザンファーム,フジキセキ,レイズアンドコール,サクラバクシンオー,栗毛,090308,   21.2,  ,    ,47.9
13,03,03,1,小倉,8,07,500万下,23,ダ,1,1700,稍,マコトローゼンボー,牡,5,川須栄彦,57.0,16,02,11,11,0,1.2,6,107.2,"1472",0,7,7,8,8,38.2,462,矢作芳人,栗,0,08101156,01128,01075,1013180702,尾田左知子,出口繁夫,アグネスフライト,マコトコーラン,ブライアンズタイム,黒鹿,080424,   12.9,  ,    ,48.5
13,03,03,1,小倉,8,07,500万下,23,ダ,1,1700,稍,マイネルハーシェル,牡,4,丹内祐次,57.0,16,03,6,6,0,0.8,13,106.8,"1468",0,10,11,11,10,37.7,476,松永康利,美,0,09104665,01091,01093,1013180703,サラブレッドクラブ,コスモヴューファー,ロージズインメイ,マイネルキナ,ブライアンズタイム,栗毛,090215,   74.3,  ,    ,50.0
13,03,03,1,小倉,8,07,500万下,23,ダ,1,1700,稍,メルシーラスカル  ,牡,4,水口優也,57.0,16,04,12,12,0,1.3,12,107.3,"1473",0,3,4,11,12,38.1,474,藤岡範士,栗,0,09100052,01133,00289,1013180704,永井康郎,様似共栄牧場,ラスカルスズカ,メルシーアージュ,ラムタラ,鹿毛,090421,   62.4,  ,    ,49.1
13,03,03,1,小倉,8,07,500万下,23,ダ,1,1700,稍,シャイニークラウン,牡,4,原田敬伍,54.0,16,05,14,14,0,1.7,11,107.7,"1477",0,5,5,15,16,38.1,458,福島信晴,栗,0,09102003,01148,00396,1013180705,小林昌志,コアレススタッド,チーフベアハート,ブライティアガール,アフリート,栗毛,090412,   55.6,  ,    ,49.6
13,03,03,1,小倉,8,07,500万下,23,ダ,1,1700,稍,ディアヴァンドーム,牡,5,松田大作,57.0,16,06,4,4,0,0.6,3,106.6,"1466",0,8,7,3,3,38,466,昆貢,栗,100,08100896,01030,01044,1013180706,寺田千代乃,藤原牧場,アグネスタキオン,グロリアスバラッド,Kingmambo,栗毛,080307,    7.0,  ,    ,48.5
13,03,03,1,小倉,8,07,500万下,23,ダ,1,1700,稍,メジロハクリュウ  ,牡,5,黛弘人,57.0,16,07,9,9,0,0.9,14,106.9,"1469",0,6,5,3,4,38.2,466,土田稔,美,0,08102524,01109,00417,1013180707,岩崎伸道,メジロ牧場,メジロベイリー,メジロテディベア,トニービン,鹿毛,080408,   74.5,  ,    ,48.1
13,03,03,1,小倉,8,07,500万下,23,ダ,1,1700,稍,キョウエイショウリ,牡,5,伊藤工真,57.0,16,08,3,3,0,0.6,15,106.6,"1466",0,15,15,15,15,36.9,460,中川公成,美,170,08101858,01119,01081,1013180708,田中晴夫,山口義彦,スウェプトオーヴァーボード,ビギンザビギン,リズム,黒鹿,080406,  168.4,  ,    ,53.0
13,03,03,1,小倉,8,07,500万下,23,ダ,1,1700,稍,ベルラピエル      ,牡,4,北村友一,57.0,16,09,8,8,0,0.9,2,106.9,"1469",0,12,13,6,6,38,490,中尾秀正,栗,0,09106610,01102,01069,1013180709,社台レースホース,追分ファーム,シンボリクリスエス,ベルディマンシェ,サンデーサイレンス,黒鹿,090325,    5.1,  ,    ,48.9
13,03,03,1,小倉,8,07,500万下,23,ダ,1,1700,稍,アクシーバンダム  ,牡,4,松山弘平,57.0,16,10,1,1,0,-0.3,7,106,"1460",0,14,14,14,12,36.6,448,柴田政見,栗,670,09101253,01126,00406,1013180710,山科統,バンダム牧場,リンカーン,グレイスケープ,サクラローレル,黒鹿,090202,   16.0,  ,    ,53.4
13,03,03,1,小倉,8,07,500万下,23,ダ,1,1700,稍,エスペリア        ,牡,4,丸山元気,57.0,16,11,7,7,0,0.8,5,106.8,"1468",0,15,15,8,4,37.8,454,松元茂樹,栗,0,09106742,01127,00419,1013180711,佐々木雄二,モリナガファーム,デュランダル,バーシャ,"Chief's Crown",栗毛,090531,    7.5,  ,    ,49.6
13,03,03,1,小倉,8,07,500万下,23,ダ,1,1700,稍,ジョーラプター    ,牡,4,菱田裕二,55.0,16,12,10,10,0,1,4,107,"1470",0,2,1,8,10,38,472,柴田光陽,栗,0,09101242,01144,00400,1013180712,上田けい子,ハッピーネモファー,ネオユニヴァース,ジョーフュージョン,オペラハウス,鹿毛,090220,    7.2,  ,    ,49.0
13,03,03,1,小倉,8,07,500万下,23,ダ,1,1700,稍,ワンダーアシャード,牡,4,藤岡康太,57.0,16,13,2,2,0,0.3,1,106.3,"1463",0,3,3,2,2,37.9,512,笹田和秀,栗,270,09100973,01116,01104,1013180713,山本能成,大島牧場,アグネスフライト,ハッピーデキシー,"Chimes Band",栗毛,090409,    3.0,  ,    ,48.4
13,03,03,1,小倉,8,07,500万下,23,ダ,1,1700,稍,シンデンアラタ    ,牡,4,上野翔,57.0,16,14,15,15,0,1.8,16,107.8,"1478",0,10,10,11,12,38.7,512,嶋田潤,美,0,09103414,01087,00401,1013180714,神田通博,落合一巳,オンファイア,スイートリヴァー,パラダイスクリーク,黒鹿,090421,  403.4,  ,    ,47.4
13,03,03,1,小倉,8,07,500万下,23,ダ,1,1700,稍,カネトシスタチュー,牡,4,柴山雄一,57.0,16,15,16,16,0,3.4,10,109.4,"1494",0,1,2,3,6,40.7,472,田中章博,栗,0,09100814,05243,00413,1013180715,兼松昌男,宮内牧場,スタチューオブリバティ,トップエルコン,エルコンドルパサー,青鹿,090319,   47.1,  ,    ,42.1
13,03,03,1,小倉,8,07,500万下,23,ダ,1,1700,稍,サンライズドバイ  ,牡,5,国分優作,57.0,16,16,5,5,0,0.6,9,106.6,"1466",0,12,11,1,1,38.3,494,羽月友彦,栗,67,08105764,01125,01091,1013180716,松岡隆雄,ダーレー・ジャパン,"Dubai Destination",サイレント,サンデーサイレンス,芦毛,080304,   25.9,  ,    ,47.3
13,03,03,1,小倉,8,08,500万下,23,芝,0,1200,良,ワンダーストーリリ,牝,6,菅原隆一,55.0,18,01,16,16,0,1.6,17,70.4,"1104",0,0,0,10,11,35.7,408,佐藤正雄,栗,0,07106714,01129,01025,1013180801,山本信行,フクダファーム,バゴ,ワンダーマドンナ,ピルサドスキー,黒鹿,070416,  182.8,  ,    ,47.2
13,03,03,1,小倉,8,08,500万下,23,芝,0,1200,良,レイズオブザサン  ,牡,4,国分優作,57.0,18,02,6,6,0,0.6,12,69.4,"1094",0,0,0,2,1,35.3,450,服部利之,栗,0,09101598,01125,01040,1013180802,吉田修,タガミファーム,スパイキュール,レイオブライト,ウイニングチケット,黒鹿,090418,   36.3,  ,    ,46.6
13,03,03,1,小倉,8,08,500万下,23,芝,0,1200,良,フジドリーム      ,牝,4,丹内祐次,55.0,18,03,10,10,0,0.8,15,69.6,"1096",0,0,0,4,5,35.3,426,清水英克,美,0,09104467,01091,01080,1013180803,藤田達男,イワミ牧場,オペラハウス,コスモハイクラス,ウォーニング,鹿毛,090226,  132.0,  ,    ,47.2
13,03,03,1,小倉,8,08,500万下,23,芝,0,1200,良,リッカスウィープ  ,牡,6,大野拓弥,57.0,18,04,11,11,0,0.8,11,69.6,"1096",0,0,0,1,2,35.5,474,藤沢則雄,栗,0,07106795,01096,01041,1013180804,立花幸雄,佐々木貴博,スウェプトオーヴァーボード,パラダイスチャイム,ハイセイコー,鹿毛,070410,   31.7,  ,    ,46.1
13,03,03,1,小倉,8,08,500万下,23,芝,0,1200,良,シセイギンガ      ,牡,7,北村友一,57.0,18,05,8,8,0,0.7,13,69.5,"1095",0,0,0,17,18,34,446,北出成人,栗,0,06106134,01102,01078,1013180805,猪苗代勇,メイプルファーム,ダンスインザダーク,ブライアンズイブ,ブライアンズタイム,青毛,060315,   81.9,  ,    ,54.4
13,03,03,1,小倉,8,08,500万下,23,芝,0,1200,良,クラウンカイザー  ,牡,4,柴山雄一,57.0,18,06,9,9,0,0.8,3,69.6,"1096",0,0,0,7,7,35,496,大根田裕,栗,0,09104499,05243,01032,1013180806,クラウン,奥山博,カルストンライトオ,カルストンサイダー,デュラブ,黒鹿,090511,    5.0,  ,    ,48.9
13,03,03,1,小倉,8,08,500万下,23,芝,0,1200,良,アイビーフォールド,牡,6,菱田裕二,55.0,18,07,1,1,0,-0.2,1,68.8,"1088",0,0,0,4,4,34.5,462,吉田直弘,栗,670,07103848,01144,01101,1013180807,キャロットファーム,広田牧場,ジャングルポケット,ビューティテイスト,ダンスインザダーク,鹿毛,070510,    4.2,  ,    ,49.4
13,03,03,1,小倉,8,08,500万下,23,芝,0,1200,良,ランファン        ,牝,5,吉田隼人,55.0,18,08,17,17,0,1.9,16,70.7,"1107",0,0,0,16,16,35.4,442,金成貴史,美,0,08101690,01095,01132,1013180808,日進牧場,日進牧場,タヤスツヨシ,ウィンワーシップ,マイニング,鹿毛,080312,  152.0,  ,    ,49.7
13,03,03,1,小倉,8,08,500万下,23,芝,0,1200,良,キボウダクリチャン,牝,4,宮崎北斗,55.0,18,09,13,13,0,1,6,69.8,"1098",0,0,0,14,11,34.8,442,高市圭二,美,0,09101152,01118,01014,1013180809,栗本博晴,猿橋義昭,チーフベアハート,ウッドフェアリー,Woodman,栗毛,090409,   14.5,  ,    ,50.6
13,03,03,1,小倉,8,08,500万下,23,芝,0,1200,良,タガノカノープス  ,牝,4,古川吉洋,55.0,18,10,12,12,0,0.9,14,69.7,"1097",0,0,0,17,16,34.2,426,川村禎彦,栗,0,09104948,01015,01003,1013180810,八木良司,八木牧場,ストラヴィンスキー,タガノシャルマン,トニービン,鹿毛,090223,  101.8,  ,    ,53.8
13,03,03,1,小倉,8,08,500万下,23,芝,0,1200,良,ゴールデンウィナー,牡,4,高倉稜,57.0,18,11,5,5,0,0.6,9,69.4,"1094",0,0,0,7,8,34.9,474,加用正,栗,67,09102601,01130,00425,1013180811,協栄,タバタファーム,ダイワメジャー,スターエンジェル,アフリート,栗毛,090423,   23.2,  ,    ,48.9
13,03,03,1,小倉,8,08,500万下,23,芝,0,1200,良,ユキノラムセス    ,牡,6,西田雄一,57.0,18,12,2,2,0,0.2,8,69,"1090",0,0,0,2,2,34.9,484,和田正一,美,270,07100871,01004,01114,1013180812,井上基之,フジワラフアーム,ラムタラ,ユキノシンデレラ,サンダーガルチ,栗毛,070509,   19.6,  ,    ,47.7
13,03,03,1,小倉,8,08,500万下,23,芝,0,1200,良,メイショウコウボウ,牡,4,松山弘平,57.0,18,13,4,4,0,0.3,2,69.1,"1091",0,0,0,4,5,34.8,462,佐山優,栗,100,09106821,01126,00357,1013180813,松本和子,赤田牧場,タニノギムレット,キスミーキャンドル,フジキセキ,黒鹿,090303,    4.5,  ,    ,48.6
13,03,03,1,小倉,8,08,500万下,23,芝,0,1200,良,ネグレスコ        ,セ,5,松田大作,57.0,18,14,18,18,0,2.6,7,71.4,"1114",0,0,0,7,11,36.8,450,今野貞一,栗,0,08104226,01030,01128,1013180814,吉田和美,アサヒ牧場,ネオユニヴァース,マイネコサージュ,スターオブコジーン,黒鹿,080305,   18.2,  ,    ,44.0
13,03,03,1,小倉,8,08,500万下,23,芝,0,1200,良,オフ              ,牝,5,横山和生,52.0,18,15,14,14,0,1.3,18,70.1,"1101",0,0,0,14,15,35,430,高市圭二,美,0,08106410,01140,01014,1013180815,森澤芳彦,坂東牧場,オンファイア,ビービーレイラ,ホワイトマズル,鹿毛,080326,  231.0,  ,    ,50.3
13,03,03,1,小倉,8,08,500万下,23,芝,0,1200,良,ディザイラブル    ,牝,4,藤岡康太,55.0,18,16,3,3,0,0.3,4,69.1,"1091",0,0,0,13,8,34.2,410,清水久詞,栗,170,09105005,01116,01110,1013180816,ノースヒルズ,ノースヒルズマネジ,タニノギムレット,アンドレルノートル,サンデーサイレンス,黒鹿,090318,    7.7,  ,    ,52.0
13,03,03,1,小倉,8,08,500万下,23,芝,0,1200,良,レッドアーヴィング,セ,4,中井裕二,55.0,18,17,15,15,0,1.3,5,70.1,"1101",0,0,0,10,11,35.3,468,松永幹夫,栗,0,09106100,01141,01092,1013180817,東京ホースレーシン,ノーザンファーム,アドマイヤムーン,エンプレスティアラ,クロフネ,栗毛,090209,   10.0,  ,    ,48.6
13,03,03,1,小倉,8,08,500万下,23,芝,0,1200,良,クィンビークイーン,牝,6,丸山元気,55.0,18,18,7,7,0,0.7,10,69.5,"1095",0,0,0,10,10,34.8,442,小西一男,美,0,07102127,01127,00405,1013180818,竹森幹雄,大成牧場,アドマイヤマックス,ジョーディッガー,ジェイドロバリー,鹿毛,070410,   23.5,  ,    ,49.7
13,03,03,1,小倉,8,09,500万下,23,芝,0,2000,良,メイショウシレトコ,牡,5,古川吉洋,57.0,18,01,9,9,0,0.5,17,121,"2010",0,9,9,7,7,35,466,梅内忍,栗,0,08105917,01015,00398,1013180901,松本好雄,日西牧場,メイショウオウドウ,メイショウカルミア,メジロライアン,鹿毛,080326,  147.9,  ,    ,55.3
13,03,03,1,小倉,8,09,500万下,23,芝,0,2000,良,スプリングアルタ  ,牡,6,丸田恭介,57.0,18,02,2,2,0,0,15,120.5,"2005",0,1,1,1,1,35.2,454,高橋文雅,美,270,07101109,01117,01134,1013180902,加藤春夫,様似共栄牧場,ステイゴールド,ヤクモサワヤカ,シンボリルドルフ,鹿毛,070414,   57.9,  ,    ,53.9
13,03,03,1,小倉,8,09,500万下,23,芝,0,2000,良,マイネルスパーブ  ,牡,4,大野拓弥,57.0,18,03,3,3,0,0,7,120.5,"2005",0,2,2,2,2,35.1,462,小笠倫弘,美,170,09104661,01096,01076,1013180903,サラブレッドクラブ,コスモヴューファー,アドマイヤコジーン,マイネサンサン,スペシャルウィーク,鹿毛,090205,   16.8,  ,    ,54.3
13,03,03,1,小倉,8,09,500万下,23,芝,0,2000,良,マーティンボロ    ,牡,4,川須栄彦,57.0,18,04,1,1,0,0,1,120.5,"2005",0,6,5,5,3,34.7,434,友道康夫,栗,670,09106265,01128,01061,1013180904,吉田和美,ノーザンファーム,ディープインパクト,ハルーワソング,Nureyev,青鹿,090820,    3.0,  ,    ,56.0
13,03,03,1,小倉,8,09,500万下,23,芝,0,2000,良,コーディリア      ,牝,4,国分優作,55.0,18,05,10,10,0,0.6,12,121.1,"2011",0,13,15,17,17,34.3,450,清水出美,栗,0,09106585,01125,00369,1013180905,社台レースホース,追分ファーム,シンボリクリスエス,コードネーム,サンデーサイレンス,青毛,090319,   35.4,  ,    ,58.5
13,03,03,1,小倉,8,09,500万下,23,芝,0,2000,良,スズカアンペール  ,牡,5,松山弘平,57.0,18,06,11,11,0,0.6,3,121.1,"2011",0,15,15,18,11,34.2,462,武宏平,栗,0,08102322,01126,00221,1013180906,永井啓弍,新井牧場,ロイヤルスズカ,スズカアンゼラ,ブラックタイアフェアー,鹿毛,080427,    6.2,  ,    ,58.9
13,03,03,1,小倉,8,09,500万下,23,芝,0,2000,良,マルケサス        ,牡,4,菱田裕二,55.0,18,07,7,7,0,0.4,6,120.9,"2009",0,17,17,15,17,34.2,452,吉田直弘,栗,0,09106246,01144,01101,1013180907,キャロットファーム,ノーザンファーム,ハーツクライ,トキオタヒーチ,"Wild Again",青鹿,090421,   15.1,  ,    ,58.6
13,03,03,1,小倉,8,09,500万下,23,芝,0,2000,良,レッドキングダム  ,牡,4,中井裕二,55.0,18,08,8,8,0,0.5,10,121,"2010",0,17,17,15,15,34.3,460,松永幹夫,栗,0,09105955,01141,01092,1013180908,東京ホースレーシン,社台ファーム,ディープインパクト,プラウドビューティー,Danehill,鹿毛,090223,   27.2,  ,    ,58.3
13,03,03,1,小倉,8,09,500万下,23,芝,0,2000,良,ミライヘノカゼ    ,牡,4,柴山雄一,57.0,18,09,16,16,0,1.5,5,122,"2020",0,3,3,3,4,36.5,470,伊藤大士,美,0,09103880,05243,01109,1013180909,三島宣彦,千代田牧場,マンハッタンカフェ,フサイチシルヴィ,アフリート,鹿毛,090226,   13.1,  ,    ,50.4
13,03,03,1,小倉,8,09,500万下,23,芝,0,2000,良,オマモリ          ,牡,4,高倉稜,57.0,18,10,17,17,0,1.6,16,122.1,"2021",0,9,9,11,11,35.9,436,谷潔,栗,0,09100901,01130,00431,1013180910,小田切有一,吉田又治,キングカメハメハ,フラワーチャンプ,フジキセキ,黒鹿,090320,  128.6,  ,    ,52.9
13,03,03,1,小倉,8,09,500万下,23,芝,0,2000,良,グルービーメテオ  ,牡,4,黛弘人,57.0,18,11,15,15,0,1.1,18,121.6,"2016",0,11,12,11,11,35.4,466,柄崎孝,美,0,09100596,01109,00380,1013180911,辻牧場,辻牧場,ジャングルポケット,ボーディーススズカ,サンデーサイレンス,栗毛,090425,  296.1,  ,    ,54.4
13,03,03,1,小倉,8,09,500万下,23,芝,0,2000,良,マンハッタンコード,牡,4,丸山元気,57.0,18,12,13,13,0,0.8,9,121.3,"2013",0,15,14,14,15,34.8,474,浅見秀一,栗,0,09106354,01127,00411,1013180912,林正道,ノーザンファーム,ネオユニヴァース,マンハッタン,アフリート,鹿毛,090212,   20.4,  ,    ,56.5
13,03,03,1,小倉,8,09,500万下,23,芝,0,2000,良,メイショウタマカゼ,牡,4,吉田隼人,57.0,18,13,14,14,0,1,11,121.5,"2015",0,11,9,7,7,35.5,430,荒川義之,栗,0,09100789,01095,01095,1013180913,松本好雄,三嶋牧場,ダイワメジャー,ダンシングブルーム,コマンダーインチーフ,栗毛,090427,   35.0,  ,    ,53.8
13,03,03,1,小倉,8,09,500万下,23,芝,0,2000,良,ネオザイオン      ,牡,5,藤岡康太,57.0,18,14,6,6,0,0.4,13,120.9,"2009",0,6,7,7,7,34.9,462,黒岩陽一,美,0,08102784,01116,01133,1013180914,小林仁幸,社台ファーム,アグネスタキオン,エアザイオン,グルームダンサー,鹿毛,080311,   48.9,  ,    ,55.6
13,03,03,1,小倉,8,09,500万下,23,芝,0,2000,良,マイネルヴェリタス,牡,4,丹内祐次,57.0,18,15,12,12,0,0.6,14,121.1,"2011",0,3,3,3,4,35.5,500,斎藤誠,美,0,09100989,01091,01086,1013180915,サラブレッドクラブ,荻伏三好フアーム,チーフベアハート,カルチェラタン,トニービン,栗毛,090312,   54.4,  ,    ,53.3
13,03,03,1,小倉,8,09,500万下,23,芝,0,2000,良,レッドシェリフ    ,牡,5,北村友一,57.0,18,16,5,5,0,0.4,2,120.9,"2009",0,5,5,5,4,35.2,494,橋口弘次,栗,67,08102919,01102,00343,1013180916,東京ホースレーシン,社台ファーム,ハーツクライ,デルモニコキャット,"Storm Cat",栗毛,080508,    5.0,  ,    ,54.3
13,03,03,1,小倉,8,09,500万下,23,芝,0,2000,良,アルティスト      ,牡,6,二本柳壮,57.0,18,17,4,4,0,0.2,8,120.7,"2007",0,6,7,7,7,34.8,492,中野栄治,美,100,07102143,01049,01010,1013180917,塩入満洋,高岸順一,シックスセンス,メイショウチャチャ,メジロライアン,鹿毛,070505,   17.3,  ,    ,55.8
13,03,03,1,小倉,8,09,500万下,23,芝,0,2000,良,ダブルイーグル    ,牡,5,鮫島良太,57.0,18,18,18,18,0,2,4,122.5,"2025",0,13,12,13,11,36.2,476,大橋勇樹,栗,0,08102492,01099,01065,1013180918,田邉廣己,フラット牧場,ゴールドアリュール,ダブルタイトル,ホワイトマズル,鹿毛,080420,   11.2,  ,    ,52.2
13,03,03,1,小倉,8,10,萌黄賞500*,23,芝,0,1200,良,メイショウガンツ  ,牝,3,鮫島良太,54.0,18,01,5,5,0,0.4,6,69,"1090",0,0,0,14,15,34.8,426,松永昌博,栗,85,10105141,01099,01083,1013181001,松本好雄,三嶋牧場,ダイワメジャー,ステイトリースター,"Deputy Minister",鹿毛,100310,   13.6,  ,    ,48.3
13,03,03,1,小倉,8,10,萌黄賞500*,23,芝,0,1200,良,テイエムシングン  ,牡,3,柴山雄一,56.0,18,02,6,6,0,0.4,11,69,"1090",0,0,0,5,2,35.3,472,鈴木孝志,栗,0,10102644,05243,01111,1013181002,竹園正繼,グランド牧場,サクラバクシンオー,スズカブルーム,スキャターザゴールド,鹿毛,100331,   18.0,  ,    ,45.5
13,03,03,1,小倉,8,10,萌黄賞500*,23,芝,0,1200,良,ライブリシュネル  ,牡,3,松田大作,56.0,18,03,4,4,0,0.2,9,68.8,"1088",0,0,0,10,7,34.7,470,佐山優,栗,130,10102500,01030,00357,1013181003,加藤哲郎,岡田スタツド,アドマイヤコジーン,ローズウッド,ホワイトマズル,鹿毛,100330,   16.0,  ,    ,48.3
13,03,03,1,小倉,8,10,萌黄賞500*,23,芝,0,1200,良,ラヴァーズポイント,牝,3,宮崎北斗,54.0,18,04,13,13,0,1.1,7,69.7,"1097",0,0,0,6,4,35.9,460,境直行,栗,0,10104858,01118,00346,1013181004,三宅勝俊,昭和牧場,マイネルラヴ,ハートフルシフォン,タマモクロス,青鹿,100327,   14.6,  ,    ,44.2
13,03,03,1,小倉,8,10,萌黄賞500*,23,芝,0,1200,良,マイネヴァイザー  ,牝,3,丹内祐次,54.0,18,05,14,14,0,1.3,14,69.9,"1099",0,0,0,6,7,36,402,西園正都,栗,0,10105930,01091,01028,1013181005,サラブレッドクラブ,ビッグレッドファー,ステイゴールド,コウエイソフィア,フォーティナイナー,黒鹿,100214,   62.2,  ,    ,44.2
13,03,03,1,小倉,8,10,萌黄賞500*,23,芝,0,1200,良,クリノタカラチャン,牝,3,大庭和弥,54.0,18,06,2,2,0,0,4,68.6,"1086",0,0,0,1,1,35.2,404,天間昭一,美,340,10102252,01061,01090,1013181006,栗本博晴,バンブー牧場,アドマイヤコジーン,バンビーナピノ,マンハッタンカフェ,黒鹿,100415,   11.5,  ,    ,44.9
13,03,03,1,小倉,8,10,萌黄賞500*,23,芝,0,1200,良,ピンゾロ          ,牡,3,高倉稜,56.0,18,07,1,1,0,0,1,68.6,"1086",0,0,0,2,2,35.1,464,領家政蔵,栗,850,10105015,01130,00345,1013181007,西森鶴,中島牧場,アドマイヤムーン,メイショウユウゼン,タイキシャトル,栗毛,100320,    4.0,  ,    ,45.4
13,03,03,1,小倉,8,10,萌黄賞500*,23,芝,0,1200,良,エメラルハヤブサ  ,牝,3,国分優作,54.0,18,08,11,11,0,0.9,2,69.5,"1095",0,0,0,14,15,35.2,480,西浦勝一,栗,0,10101868,01125,01016,1013181008,高橋勉,高村伸一,タイキシャトル,トウヨウロイヤル,"Royal Academy",鹿毛,100314,    5.6,  ,    ,47.4
13,03,03,1,小倉,8,10,萌黄賞500*,23,芝,0,1200,良,ラドゥガ          ,牝,3,吉田隼人,54.0,18,09,18,18,0,2.4,5,71,"1110",0,0,0,2,4,37.4,424,牧田和弥,栗,0,10100888,01095,01123,1013181009,浜本牧場,浜本牧場,サクラバクシンオー,エイコーンリング,ジェイドロバリー,鹿毛,100523,   13.3,  ,    ,39.8
13,03,03,1,小倉,8,10,萌黄賞500*,23,芝,0,1200,良,シゲルホウオウザ  ,牡,3,北村友一,56.0,18,10,7,7,0,0.6,13,69.2,"1092",0,0,0,10,12,35.1,462,松永昌博,栗,0,10100309,01102,01083,1013181010,森中蕃,加藤牧場,シンボリクリスエス,エクボ,リンドシェーバー,鹿毛,100225,   31.2,  ,    ,47.2
13,03,03,1,小倉,8,10,萌黄賞500*,23,芝,0,1200,良,トゥルーカラーズ  ,牝,3,藤岡康太,54.0,18,11,17,17,0,2,16,70.6,"1106",0,0,0,6,10,36.7,408,河内洋,栗,0,10104994,01116,01072,1013181011,畑佐博,富田牧場,アルデバラン2,メイクマイバンドル,サンデーサイレンス,鹿毛,100309,  125.5,  ,    ,42.4
13,03,03,1,小倉,8,10,萌黄賞500*,23,芝,0,1200,良,ワンダフルジュエル,牝,3,西田雄一,54.0,18,12,16,16,0,1.5,15,70.1,"1101",0,0,0,10,12,36,456,柄崎孝,美,0,10104971,01004,00380,1013181012,辻牧場,辻牧場,アドマイヤマックス,フレイムバード,エルコンドルパサー,鹿毛,100416,  102.8,  ,    ,44.7
13,03,03,1,小倉,8,10,萌黄賞500*,23,芝,0,1200,良,ヤマノレオ        ,セ,3,西村太一,56.0,18,13,12,12,0,0.9,8,69.5,"1095",0,0,0,14,15,35.2,460,山内研二,栗,0,10102608,01131,00388,1013181013,節英司,キヨタケ牧場,グラスワンダー,カチョウフウゲツ,ラムタラ,栗毛,100422,   14.7,  ,    ,47.4
13,03,03,1,小倉,8,10,萌黄賞500*,23,芝,0,1200,良,ファイアキング    ,牡,3,川須栄彦,56.0,18,14,9,9,0,0.7,17,69.3,"1093",0,0,0,18,18,34.7,450,高市圭二,美,0,10101949,01128,01014,1013181014,栗本博晴,恵比寿牧場,オンファイア,エビストップクイン,ダミスター,鹿毛,100331,  232.1,  ,    ,49.7
13,03,03,1,小倉,8,10,萌黄賞500*,23,芝,0,1200,良,ジンセイハオマツリ,牡,3,菱田裕二,56.0,18,15,3,3,0,0.1,10,68.7,"1087",0,0,0,6,7,34.9,480,佐々木晶,栗,210,10102890,01144,00429,1013181015,小田切有一,田中裕之,オレハマッテルゼ,キマグレ,サクラバクシンオー,黒鹿,100411,   16.4,  ,    ,46.8
13,03,03,1,小倉,8,10,萌黄賞500*,23,芝,0,1200,良,モーニングコール  ,牝,3,丸田恭介,54.0,18,16,8,8,0,0.7,3,69.3,"1093",0,0,0,2,4,35.7,426,角田晃一,栗,0,10102996,01117,01121,1013181016,飯田正剛,千代田牧場,ブライアンズタイム,ピースオブワールド,サンデーサイレンス,鹿毛,100415,    5.7,  ,    ,44.1
13,03,03,1,小倉,8,10,萌黄賞500*,23,芝,0,1200,良,ドクトルバロン    ,牡,3,嘉藤貴行,56.0,18,17,15,15,0,1.4,18,70,"1100",0,0,0,10,12,35.9,466,大江原哲,美,0,10105952,01051,01012,1013181017,湯澤寛,ビッグレッドファー,アドマイヤマックス,スプリングダイアナ,メリーナイス,栗毛,100221,  447.7,  ,    ,45.0
13,03,03,1,小倉,8,10,萌黄賞500*,23,芝,0,1200,良,ハプスブルク      ,牡,3,大野拓弥,56.0,18,18,10,10,0,0.8,12,69.4,"1094",0,0,0,14,10,35.1,442,佐藤吉勝,美,0,10102580,01096,01035,1013181018,片山博志,片岡牧場,サクラプレジデント,ファインルナラック,カコイーシーズ,鹿毛,100417,   30.7,  ,    ,47.7
13,03,03,1,小倉,8,11,早鞆特Ｈ1000,43,ダ,1,1700,稍,ペガサスヒーロー  ,牡,6,北村友一,54.0,16,01,9,9,0,0.8,11,105.8,"1458",0,5,5,11,7,37.8,468,石坂正,栗,0,07103094,01102,01022,1013181101,松岡隆雄,社台コーポレーショ,サンライズペガサス,ラブリープリンセス,エンドスウィープ,鹿毛,070117,   46.3,  ,    ,48.1
13,03,03,1,小倉,8,11,早鞆特Ｈ1000,43,ダ,1,1700,稍,ピンクデージー    ,牝,6,宮崎北斗,51.0,16,02,13,13,0,1.8,7,106.8,"1468",0,1,1,2,2,39.8,492,田島良保,栗,0,07105881,01118,00416,1013181102,野島春男,野島牧場,ワイルドラッシュ,ループスキークロス,ナスルエルアラブ,黒鹿,070322,   20.8,  ,    ,41.8
13,03,03,1,小倉,8,11,早鞆特Ｈ1000,43,ダ,1,1700,稍,スマートスパークル,牡,7,横山和生,51.0,16,03,16,16,0,5.7,16,110.7,"1507",0,2,2,11,16,42.7,510,高市圭二,美,0,06100919,01140,01014,1013181103,栗本博晴,グランド牧場,スマートボーイ,ケイジーイグザーベランス,Exuberant,栗毛,060311,  317.7,  ,    ,36.9
13,03,03,1,小倉,8,11,早鞆特Ｈ1000,43,ダ,1,1700,稍,トウカイノーマル  ,牡,6,的場勇人,54.0,16,04,11,11,0,1.1,15,106.1,"1461",0,8,8,8,7,38.2,532,的場均,美,0,07105003,01108,01063,1013181104,内村正則,的場牧場,ティンバーカントリー,トウカイファニー,ダンスインザダーク,青鹿,070516,   76.9,  ,    ,47.0
13,03,03,1,小倉,8,11,早鞆特Ｈ1000,43,ダ,1,1700,稍,トキノゲンジ      ,牡,5,西田雄一,55.0,16,05,5,5,0,0.5,9,105.5,"1455",0,14,14,14,11,37.4,494,梅田康雄,栗,128,08101350,01004,00131,1013181105,中野正則,小倉牧場,プリサイスエンド,オータムリーフ,アーミジャー,鹿毛,080403,   30.1,  ,    ,49.3
13,03,03,1,小倉,8,11,早鞆特Ｈ1000,43,ダ,1,1700,稍,ロングロウ        ,牡,6,松山弘平,57.0,16,06,4,4,0,0.4,1,105.4,"1454",0,11,11,16,12,37.2,534,松田国英,栗,190,07103181,01126,01011,1013181106,吉田和子,ノーザンファーム,クロフネ,ゴールドティアラ,"Seeking the Gold",芦毛,070330,    2.0,  ,    ,50.0
13,03,03,1,小倉,8,11,早鞆特Ｈ1000,43,ダ,1,1700,稍,セトノハリケーン  ,牡,5,古川吉洋,54.0,16,07,8,8,0,0.8,6,105.8,"1458",0,15,15,11,14,37.8,518,南井克巳,栗,0,08105559,01015,01049,1013181107,難波澄子,下河辺牧場,ゴールドアリュール,クリムゾンクローバ,サクラユタカオー,鹿毛,080405,   18.8,  ,    ,48.1
13,03,03,1,小倉,8,11,早鞆特Ｈ1000,43,ダ,1,1700,稍,サナシオン        ,牡,4,丸山元気,54.0,16,08,6,6,0,0.6,12,105.6,"1456",0,4,4,5,3,38,462,松永幹夫,栗,0,09106184,01127,01092,1013181108,サンデーレーシング,ノーザンファーム,シンボリクリスエス,ジェダイト,サンデーサイレンス,鹿毛,090204,   64.5,  ,    ,47.0
13,03,03,1,小倉,8,11,早鞆特Ｈ1000,43,ダ,1,1700,稍,トーホウベスト    ,牡,5,西村太一,53.0,16,09,14,14,0,1.8,14,106.8,"1468",0,9,9,6,7,39.1,496,古賀史生,美,0,08100382,01131,00392,1013181109,東豊物産,静内フジカワ牧場,ジャングルポケット,トーホウハート,チーフベアハート,鹿毛,080311,   76.8,  ,    ,44.4
13,03,03,1,小倉,8,11,早鞆特Ｈ1000,43,ダ,1,1700,稍,ダノンボルケーノ  ,牡,6,川須栄彦,53.0,16,10,10,10,0,0.9,10,105.9,"1459",0,13,13,8,12,38,478,加藤征弘,美,0,07103137,01128,01059,1013181110,ダノックス,ノーザンファーム,デュランダル,ウエスタンワールド,"Gone West",栗毛,070321,   35.5,  ,    ,47.5
13,03,03,1,小倉,8,11,早鞆特Ｈ1000,43,ダ,1,1700,稍,ケイティーズハート,牝,4,高倉稜,52.0,16,11,15,15,0,1.9,8,106.9,"1469",0,2,2,3,5,39.6,456,宮本博,栗,0,09106142,01130,01073,1013181111,キャロットファーム,ノーザンファーム,ハーツクライ,ケイティーズファースト,Kris,鹿毛,090425,   25.5,  ,    ,42.7
13,03,03,1,小倉,8,11,早鞆特Ｈ1000,43,ダ,1,1700,稍,メルシーサイレンス,牡,6,水口優也,50.0,16,12,12,12,0,1.1,13,106.1,"1461",0,9,9,6,7,38.4,484,藤岡範士,栗,0,07101633,01133,00289,1013181112,永井康郎,辻牧場,ゼンノロブロイ,エスジーボナンザ,ブライアンズタイム,栗毛,070407,   75.0,  ,    ,46.2
13,03,03,1,小倉,8,11,早鞆特Ｈ1000,43,ダ,1,1700,稍,カチューシャ      ,牝,4,大野拓弥,53.0,16,13,3,3,0,0.3,2,105.3,"1453",0,5,6,3,3,37.9,466,角田晃一,栗,320,09103906,01096,01121,1013181113,窪田芳郎,千代田牧場,ケイムホーム,ロマンスプレゼント,ティンバーカントリー,栃栗,090219,    5.6,  ,    ,47.0
13,03,03,1,小倉,8,11,早鞆特Ｈ1000,43,ダ,1,1700,稍,シルクキングリー  ,牡,4,菱田裕二,55.0,16,14,2,2,0,0.2,3,105.2,"1452",0,7,7,1,1,38.2,464,岡田稲男,栗,510,09100785,01144,01066,1013181114,シルクレーシング,三嶋牧場,ディープインパクト,ステイトリースター,"Deputy Minister",鹿毛,090301,    8.6,  ,    ,45.7
13,03,03,1,小倉,8,11,早鞆特Ｈ1000,43,ダ,1,1700,稍,バーチャルトラック,牡,5,丸田恭介,54.0,16,15,7,7,0,0.7,5,105.7,"1457",0,16,16,14,14,37.6,454,藤原辰雄,美,0,08104606,01117,00435,1013181115,宮崎冴子,田上光征,リンカーン,ヴァイタルトラック,ダハール,鹿毛,080503,   12.3,  ,    ,48.8
13,03,03,1,小倉,8,11,早鞆特Ｈ1000,43,ダ,1,1700,稍,サンビスタ        ,牝,4,吉田隼人,52.0,16,16,1,1,0,-0.2,4,105,"1450",0,12,11,8,5,37.2,468,角居勝彦,栗,1280,09103532,01095,01053,1013181116,ヒダカ・ブリーダー,グランド牧場,スズカマンボ,ホワイトカーニバル,ミシル,黒鹿,090318,   10.2,  ,    ,49.4
13,03,03,1,小倉,8,12,呼子特別500,23,芝,0,2600,良,クリーンメタボ    ,牡,5,川須栄彦,57.0,11,01,8,8,0,0.9,8,163.8,"2438",0,7,7,7,7,35,468,清水英克,美,0,08100274,01128,01080,1013181201,石橋和夫,グランド牧場,シンボリクリスエス,テレサザティーチャ,"Cure the Blues",黒鹿,080417,  105.5,  ,    ,60.4
13,03,03,1,小倉,8,12,呼子特別500,23,芝,0,2600,良,ゴットマスタング  ,牡,5,中舘英二,57.0,11,02,5,5,0,0.6,1,163.5,"2435",0,6,4,4,4,35.3,468,木原一良,栗,88,08101715,00635,01033,1013181202,後藤進,日の出牧場,フジキセキ,インコンパス,"Sadler's Wells",青鹿,080327,    2.0,  ,    ,59.0
13,03,03,1,小倉,8,12,呼子特別500,23,芝,0,2600,良,ラブラドライト    ,セ,4,松山弘平,56.0,11,03,1,1,0,0,2,162.9,"2429",0,1,1,1,1,34.9,480,音無秀孝,栗,880,09106222,01126,01002,1013181203,吉田勝己,ノーザンファーム,キングカメハメハ,タンザナイト,サンデーサイレンス,鹿毛,090515,    3.2,  ,    ,60.0
13,03,03,1,小倉,8,12,呼子特別500,23,芝,0,2600,良,マイネルテンクウ  ,牡,4,丹内祐次,56.0,11,04,2,2,0,0,5,162.9,"2429",0,4,4,4,2,34.7,510,手塚貴久,美,350,09105148,01091,01038,1013181204,サラブレッドクラブ,ビッグレッドファー,タニノギムレット,コスモフライハイ,ダンスインザダーク,鹿毛,090203,   13.1,  ,    ,60.8
13,03,03,1,小倉,8,12,呼子特別500,23,芝,0,2600,良,シンワカントリー  ,牡,5,菱田裕二,57.0,11,05,11,11,0,3.5,10,166.4,"2464",0,7,7,9,11,37.3,508,武宏平,栗,0,08105338,01144,00221,1013181205,ロイヤルパーク,エンドレスファーム,ティンバーカントリー,マチカネクサマクラ,サンダーガルチ,黒鹿,080209,  195.7,  ,    ,53.8
13,03,03,1,小倉,8,12,呼子特別500,23,芝,0,2600,良,カーマイン        ,牡,5,北村友一,57.0,11,06,4,4,0,0.2,4,163.1,"2431",0,4,4,6,4,34.7,466,石坂正,栗,130,08103188,01102,01022,1013181206,サンデーレーシング,ノーザンファーム,キングカメハメハ,スカーレットレディ,サンデーサイレンス,鹿毛,080411,    9.4,  ,    ,61.0
13,03,03,1,小倉,8,12,呼子特別500,23,芝,0,2600,良,ムカワタイガー    ,牡,5,柴山雄一,57.0,11,07,10,10,0,2.3,11,165.2,"2452",0,9,7,8,9,36.3,456,石栗龍彦,美,0,08106300,05243,01043,1013181207,小田廣美,稲原牧場,グラスワンダー,エアコムロー,オペラハウス,栗毛,080319,  273.5,  ,    ,56.5
13,03,03,1,小倉,8,12,呼子特別500,23,芝,0,2600,良,マイネルアクロス  ,牡,4,中井裕二,56.0,11,08,7,7,0,0.8,7,163.7,"2437",0,2,2,2,2,35.7,462,宮本博,栗,0,09105142,01141,01073,1013181208,サラブレッドクラブ,ビッグレッドファー,ブライアンズタイム,コスモダンスナイト,ダンスインザダーク,黒鹿,090323,   18.5,  ,    ,57.6
13,03,03,1,小倉,8,12,呼子特別500,23,芝,0,2600,良,メジロダイボサツ  ,牡,5,黛弘人,57.0,11,09,6,6,0,0.6,3,163.5,"2435",0,2,2,3,4,35.4,454,大久保洋,美,0,08102525,01109,00138,1013181209,岩崎伸道,メジロ牧場,ディープインパクト,メジロドーベル,メジロライアン,鹿毛,080414,    9.3,  ,    ,58.6
13,03,03,1,小倉,8,12,呼子特別500,23,芝,0,2600,良,リッカタキシード  ,牡,6,丸山元気,57.0,11,10,9,9,0,1.1,9,164,"2440",0,11,11,11,9,34.4,450,藤沢則雄,栗,0,07106051,01127,01041,1013181210,立花幸雄,宝寄山忠則,ブラックタキシード,ヤマシロラッキー,ダミスター,黒鹿,070430,  110.2,  ,    ,63.0
13,03,03,1,小倉,8,12,呼子特別500,23,芝,0,2600,良,ローリングストーン,牡,4,丸田恭介,56.0,11,11,3,3,0,0.1,6,163,"2430",0,9,10,10,8,33.6,498,相沢郁,美,220,09104724,01117,01020,1013181211,佐々木徹,シンユウフアーム,マヤノトップガン,ジョリーン,トワイニング,鹿毛,090317,   16.5,  ,    ,65.5
