13,11,02,5,京都,1,01,未勝利*,7,ダ,1,1800,良,ヤマノボンバー    ,牡,2,和田翼,52.0,16,01,1,1,0,-0.1,3,115.7,"1557",0,1,1,1,1,38.1,444,崎山博樹,栗,500,11100657,01146,00365,0813510101,澤村敏雄,富川田中牧場,シルバーチャーム,エクスカベーション,マイニング,芦毛,110420,    5.5,  ,    ,51.8
13,11,02,5,京都,1,01,未勝利*,7,ダ,1,1800,良,キタサンウンゲツ  ,牡,2,川田将雅,55.0,16,02,6,6,0,0.4,4,116.1,"1561",0,2,2,2,2,38.4,506,橋口弘次,栗,0,11101278,01088,00343,0813510102,大野商事,木田祐博,ゴールドアリュール,キタサンオウシャン,Kingmambo,鹿毛,110317,    6.5,  ,    ,51.2
13,11,02,5,京都,1,01,未勝利*,7,ダ,1,1800,良,メイショウクローバ,牝,2,武幸四郎,54.0,16,03,9,9,0,0.7,13,116.4,"1564",0,12,12,11,10,37.8,496,角田晃一,栗,0,11106081,01026,01121,0813510103,松本好雄,三嶋牧場,メイショウサムソン,チアズグレイス,サンデーサイレンス,鹿毛,110414,   98.9,  ,    ,54.0
13,11,02,5,京都,1,01,未勝利*,7,ダ,1,1800,良,ボールドジャパン  ,牡,2,Ｍ．デム,55.0,16,04,2,2,0,0.1,2,115.8,"1558",0,6,5,7,7,37.7,504,中村均,栗,200,11104859,05212,00261,0813510104,増田陽一,武田修一,アドマイヤジャパン,ラブミラー,ミラクルアドマイヤ,鹿毛,110414,    4.6,  ,    ,53.6
13,11,02,5,京都,1,01,未勝利*,7,ダ,1,1800,良,マイネルプレセンテ,牡,2,太宰啓介,55.0,16,05,11,11,0,1,15,116.7,"1567",0,14,14,14,14,37.8,452,清水久詞,栗,0,11104738,01037,01110,0813510105,サラブレッドクラブ,コスモヴューファー,ブライアンズタイム,モエレカトリーナ,ゴールドヘイロー,鹿毛,110319,  125.9,  ,    ,54.4
13,11,02,5,京都,1,01,未勝利*,7,ダ,1,1800,良,ゴーワン          ,牡,2,川島信二,55.0,16,06,10,10,0,0.7,8,116.4,"1564",0,4,3,4,4,38.5,512,飯田明弘,栗,0,11100327,01062,00389,0813510106,佐々木政充,下河辺牧場,ジャングルポケット,クリムゾンクローバ,サクラユタカオー,黒鹿,110207,   26.0,  ,    ,51.2
13,11,02,5,京都,1,01,未勝利*,7,ダ,1,1800,良,ローゼロッセ      ,牝,2,松田大作,54.0,16,07,7,7,0,0.6,7,116.3,"1563",0,10,9,8,8,38,482,宮本博,栗,0,11103942,01030,01073,0813510107,近藤克麿,ノーザンファーム,ハーツクライ,ソーマサイト,グラスワンダー,鹿毛,110307,   15.2,  ,    ,53.0
13,11,02,5,京都,1,01,未勝利*,7,ダ,1,1800,良,クインズパール    ,牡,2,幸英明,55.0,16,08,12,12,0,1.2,16,116.9,"1569",0,13,13,14,13,38,512,平田修,栗,0,11106261,00732,01082,0813510108,クイーンズ・ランチ,隆栄牧場,Tiznow,アルヴェナ,"Seeking the Gold",鹿毛,110319,  146.5,  ,    ,53.8
13,11,02,5,京都,1,01,未勝利*,7,ダ,1,1800,良,テーオーイージス  ,牡,2,藤岡康太,55.0,16,09,3,3,0,0.2,5,115.9,"1559",0,3,3,2,2,38.1,484,梅田智之,栗,130,11106568,01116,01084,0813510109,小笹公也,ヤナガワ牧場,ゴールドアリュール,ライヴリーデイズ,ブライアンズタイム,黒鹿,110302,    7.3,  ,    ,52.1
13,11,02,5,京都,1,01,未勝利*,7,ダ,1,1800,良,トーコープラネット,牡,2,岩田康誠,55.0,16,10,4,4,0,0.2,6,115.9,"1559",0,10,9,10,8,37.5,460,橋田満,栗,75,11103035,05203,00362,0813510110,森田藤治,市川フアーム,ネオユニヴァース,マダムチェロキー,"Cherokee Run",栗毛,110421,   10.6,  ,    ,54.5
13,11,02,5,京都,1,01,未勝利*,7,ダ,1,1800,良,ファイヤーロック  ,牡,2,リスポリ,55.0,16,11,5,5,0,0.3,1,116,"1560",0,7,7,4,4,38,472,村山明,栗,50,11103965,05472,01107,0813510111,金子真人ホールディ,ノーザンファーム,キングカメハメハ,ディアマンブルー,サンデーサイレンス,黒鹿,110507,    3.9,  ,    ,52.6
13,11,02,5,京都,1,01,未勝利*,7,ダ,1,1800,良,ジョウイチロウ    ,牡,2,秋山真一,55.0,16,12,8,8,0,0.6,14,116.3,"1563",0,16,16,16,16,37.2,522,西橋豊治,栗,0,11103149,01019,00434,0813510112,泉一郎,高昭牧場,スタチューオブリバティ,スラボン,フレンチデピュティ,鹿毛,110129,  107.3,  ,    ,56.3
13,11,02,5,京都,1,01,未勝利*,7,ダ,1,1800,良,ハギノアルソーレ  ,牡,2,松山弘平,55.0,16,13,15,15,0,2.1,11,117.8,"1578",0,14,15,13,14,39.1,478,中竹和也,栗,0,11105101,01126,01039,0813510113,日隈良江,ノースヒルズ,ネオユニヴァース,ハギノアウグラーレ,Kingmambo,栗毛,110507,   58.0,  ,    ,50.6
13,11,02,5,京都,1,01,未勝利*,7,ダ,1,1800,良,セルリアンジェダイ,牡,2,小牧太,55.0,16,14,13,13,0,1.3,9,117,"1570",0,9,11,11,10,38.4,466,飯田雄三,栗,0,11105368,00894,01050,0813510114,イクタ,ムラカミファーム,アドマイヤジャパン,ピアルージュ,スキャン,栗毛,110330,   34.0,  ,    ,52.3
13,11,02,5,京都,1,01,未勝利*,7,ダ,1,1800,良,デジタルスパーク  ,牡,2,酒井学,55.0,16,15,16,16,0,3.7,10,119.4,"1594",0,7,7,8,10,41,444,田所秀孝,栗,0,11101187,01034,01009,0813510115,畑清介,上村清志,アグネスデジタル,アイアンブリッジ,トニービン,鹿毛,110317,   52.3,  ,    ,45.6
13,11,02,5,京都,1,01,未勝利*,7,ダ,1,1800,良,オウケンゴールド  ,牡,2,北村友一,55.0,16,16,14,14,0,1.3,12,117,"1570",0,4,5,4,4,39,484,音無秀孝,栗,0,11105548,01102,01002,0813510116,福井明,浦河小林牧場,ワイルドラッシュ,ワイエムサチ,タバスコキャット,栃栗,110325,   66.3,  ,    ,50.0
13,11,02,5,京都,1,02,未勝利*,7,芝,0,1600,良,ディープミタカ    ,牡,2,藤岡康太,55.0,14,01,5,5,0,2.2,5,94.5,"1345",0,0,0,3,3,36.4,472,藤岡健一,栗,50,11102525,01116,01062,0813510201,深見敏男,フジワラフアーム,ディープスカイ,アンジェラスキッス,"Gone West",栗毛,110428,   27.3,  ,    ,45.8
13,11,02,5,京都,1,02,未勝利*,7,芝,0,1600,良,クリノオー        ,牡,2,森一馬,52.0,14,02,9,9,0,2.7,14,95,"1350",0,0,0,7,7,36.2,424,谷潔,栗,0,11105771,01139,00431,0813510202,栗本守,笹地牧場,オペラハウス,プリンセスヴェール,アグネスタキオン,栗毛,110423,  286.3,  ,    ,47.5
13,11,02,5,京都,1,02,未勝利*,7,芝,0,1600,良,ミッキーアイル    ,牡,2,浜中俊,55.0,14,03,1,1,0,-0.8,1,92.3,"1323",0,0,0,1,1,34.6,476,音無秀孝,栗,500,11103916,01115,01002,0813510203,野田みづき,ノーザンファーム,ディープインパクト,スターアイル,"Rock of Gibraltar",鹿毛,110312,    1.2,  ,    ,50.1
13,11,02,5,京都,1,02,未勝利*,7,芝,0,1600,良,オブシディアン    ,牡,2,小牧太,55.0,14,04,13,13,0,4.3,13,96.6,"1366",0,0,0,10,14,37.3,466,笹田和秀,栗,0,11103666,00894,01104,0813510204,ノースヒルズ,社台コーポレーショ,シンボリクリスエス,プレイサイレンス,"Sunday Silence",青鹿,110426,  206.7,  ,    ,45.4
13,11,02,5,京都,1,02,未勝利*,7,芝,0,1600,良,ミンディ          ,牝,2,北村友一,54.0,14,05,8,8,0,2.5,9,94.8,"1348",0,0,0,11,10,35.5,446,吉田直弘,栗,0,11106323,01102,01101,0813510205,小林秀樹,日優牧場,クロフネ,ジェニーソング,Rahy,芦毛,110518,   77.0,  ,    ,50.2
13,11,02,5,京都,1,02,未勝利*,7,芝,0,1600,良,ネオヴァリアント  ,牡,2,松山弘平,55.0,14,06,4,4,0,1.5,2,93.8,"1338",0,0,0,2,2,35.9,480,小崎憲,栗,75,11104335,01126,01085,0813510206,小林仁幸,社台ファーム,チチカステナンゴ,ネオベローナ,グラスワンダー,鹿毛,110427,    9.9,  ,    ,46.8
13,11,02,5,京都,1,02,未勝利*,7,芝,0,1600,良,メイショウビザン  ,牝,2,岩田康誠,54.0,14,07,3,3,0,1.3,4,93.6,"1336",0,0,0,5,3,35.4,486,荒川義之,栗,130,11106080,05203,01095,0813510207,松本好雄,三嶋牧場,ダイワメジャー,ダンシングブルーム,コマンダーインチーフ,栗毛,110327,   11.6,  ,    ,48.6
13,11,02,5,京都,1,02,未勝利*,7,芝,0,1600,良,オウショウ        ,牡,2,酒井学,55.0,14,08,10,10,0,2.7,8,95,"1350",0,0,0,7,7,36.2,456,西園正都,栗,0,11101694,01034,01028,0813510208,西川賢,ウエスタンファーム,ブライアンズタイム,ウエスタンベガ,アドマイヤベガ,鹿毛,110302,   68.2,  ,    ,47.5
13,11,02,5,京都,1,02,未勝利*,7,芝,0,1600,良,パラプリュイ      ,牝,2,太宰啓介,54.0,14,09,6,6,0,2.3,6,94.6,"1346",0,0,0,9,9,35.5,448,羽月友彦,栗,0,11103798,01037,01091,0813510209,永田和彦,ノーザンファーム,ゼンノロブロイ,エポカローザ,"El Prado",栗毛,110209,   51.5,  ,    ,49.9
13,11,02,5,京都,1,02,未勝利*,7,芝,0,1600,良,ナガラフライト    ,牝,2,幸英明,54.0,14,10,11,11,0,2.9,7,95.2,"1352",0,0,0,13,12,35.6,462,大根田裕,栗,0,11103070,00732,01032,0813510210,長良レーシングクラ,大島牧場,スタチューオブリバティ,オオシマセリーヌ,トワイニング,黒鹿,110326,   64.9,  ,    ,50.4
13,11,02,5,京都,1,02,未勝利*,7,芝,0,1600,良,インペリアルブルー,牡,2,和田竜二,55.0,14,11,12,12,0,2.9,11,95.2,"1352",0,0,0,13,12,35.6,434,牧田和弥,栗,0,11101477,01018,01123,0813510211,ブルーマネジメント,本桐牧場,メイショウボーラー,プリンセスレール,サツカーボーイ,栗毛,110504,   88.7,  ,    ,50.4
13,11,02,5,京都,1,02,未勝利*,7,芝,0,1600,良,ルールウイニング  ,牡,2,国分恭介,55.0,14,12,7,7,0,2.5,10,94.8,"1348",0,0,0,11,10,35.5,470,福島信晴,栗,0,11100775,01124,00396,0813510212,杉元四男,春木昭雄,ルールオブロー,マルサヒロイン,カコイーシーズ,鹿毛,110415,   78.8,  ,    ,50.2
13,11,02,5,京都,1,02,未勝利*,7,芝,0,1600,良,エアカミュゼ      ,牡,2,リスポリ,55.0,14,13,2,2,0,0.8,3,93.1,"1331",0,0,0,6,5,34.7,496,池江泰寿,栗,200,11103958,05472,01071,0813510213,ラッキーフィールド,ノーザンファーム,キングカメハメハ,ツィンクルヴェール,サンデーサイレンス,黒鹿,110223,   10.0,  ,    ,51.0
13,11,02,5,京都,1,02,未勝利*,7,芝,0,1600,良,スズカルーブル    ,牡,2,熊沢重文,55.0,14,14,14,14,0,4.7,12,97,"1370",0,0,0,3,6,38.7,472,大橋勇樹,栗,0,11103193,00652,01065,0813510214,永井啓弍,小島牧場,スズカマンボ,スズカルビー,キングヘイロー,鹿毛,110519,   97.7,  ,    ,40.4
13,11,02,5,京都,1,03,未勝利*,7,ダ,1,1200,良,アイズユーニン    ,牝,2,酒井学,54.0,16,01,5,5,0,1.8,15,74.5,"1145",0,0,0,8,7,38.5,484,梅内忍,栗,50,11105690,01034,00398,0813510301,江口雄一郎,杵臼牧場,サクラバクシンオー,ナムラエラン,アグネスタキオン,栗毛,110427,  161.7,  ,    ,43.5
13,11,02,5,京都,1,03,未勝利*,7,ダ,1,1200,良,ナムラレモン      ,牝,2,松山弘平,54.0,16,02,16,16,0,5.6,16,78.3,"1183",0,0,0,16,16,39.2,454,作田誠二,栗,0,11102121,01126,01006,0813510302,奈村信重,武牧場,アサクサデンエン,レモンリーフ,リンドシェーバー,黒鹿,110304,  247.3,  ,    ,49.7
13,11,02,5,京都,1,03,未勝利*,7,ダ,1,1200,良,マッサローザ      ,牝,2,バルザロ,54.0,16,03,14,14,0,2.8,6,75.5,"1155",0,0,0,15,15,37.7,424,森秀行,栗,0,11103002,05504,00427,0813510303,赤沼秀典,富田恭司,ワイルドラッシュ,デュプレ,Singspiel,青鹿,110404,    9.2,  ,    ,50.3
13,11,02,5,京都,1,03,未勝利*,7,ダ,1,1200,良,ハニードント      ,牝,2,国分恭介,54.0,16,04,1,1,0,-0.7,7,72.7,"1127",0,0,0,1,1,37.4,452,梅田康雄,栗,500,11102872,01124,00131,0813510304,薪浦州平,吉田三郎,クロフネ,マッキーロイヤル,フジキセキ,栗毛,110501,    9.5,  ,    ,44.4
13,11,02,5,京都,1,03,未勝利*,7,ダ,1,1200,良,ローゼルキュート  ,牝,2,藤岡康太,54.0,16,05,7,7,0,1.8,12,74.5,"1145",0,0,0,4,3,38.8,464,小原伊佐,栗,0,11100932,01116,00337,0813510305,村上稔,松平牧場,ファスリエフ,セイヴィングス,サクラバクシンオー,鹿毛,110409,   55.4,  ,    ,42.0
13,11,02,5,京都,1,03,未勝利*,7,ダ,1,1200,良,シゲルヤシュウ    ,牡,2,福永祐一,55.0,16,06,12,12,0,2.6,11,75.3,"1153",0,0,0,11,11,38.6,504,西橋豊治,栗,0,11106301,01014,00434,0813510306,森中蕃,中橋清,アポインテッドデイ,タカミプリムラ,エルハーブ,黒鹿,110326,   50.9,  ,    ,45.1
13,11,02,5,京都,1,03,未勝利*,7,ダ,1,1200,良,マッドアバウトユー,牝,2,松田大作,54.0,16,07,2,2,0,0.7,2,73.4,"1134",0,0,0,2,2,37.9,462,木原一良,栗,200,11101482,01030,01033,0813510307,加藤千豊,前川勇,アルデバラン2,エイシンメッチェン,サクラユタカオー,栗毛,110403,    4.9,  ,    ,43.7
13,11,02,5,京都,1,03,未勝利*,7,ダ,1,1200,良,ストレイトウェザー,牡,2,四位洋文,55.0,16,08,4,4,0,1.4,10,74.1,"1141",0,0,0,13,11,36.8,484,増本豊,栗,75,11102480,00700,00301,0813510308,吉岡泰治,原フアーム,スタチューオブリバティ,グラールピアリ,ダンシングブレーヴ,黒鹿,110504,   46.3,  ,    ,51.4
13,11,02,5,京都,1,03,未勝利*,7,ダ,1,1200,良,タガノヴィグラス  ,牡,2,小牧太,55.0,16,09,8,8,0,1.9,3,74.6,"1146",0,0,0,3,3,38.9,556,庄野靖志,栗,0,11105020,00894,01087,0813510309,八木良司,新冠タガノファーム,サウスヴィグラス,タガノレイヤード,クロフネ,鹿毛,110406,    6.2,  ,    ,41.8
13,11,02,5,京都,1,03,未勝利*,7,ダ,1,1200,良,カシノボルト      ,牡,2,幸英明,55.0,16,10,3,3,0,0.8,4,73.5,"1135",0,0,0,4,3,37.8,504,藤沢則雄,栗,130,11106035,00732,01041,0813510310,柏木務,松田牧場,ボストンハーバー,サザンシーラ,"Southern Halo",鹿毛,110320,    7.1,  ,    ,44.4
13,11,02,5,京都,1,03,未勝利*,7,ダ,1,1200,良,セフィーロ        ,牡,2,Ｍ．デム,55.0,16,11,6,6,0,1.8,1,74.5,"1145",0,0,0,13,14,37.2,454,荒川義之,栗,0,11104168,05212,01095,0813510311,グリーンファーム,社台ファーム,ディープインパクト,ウィンドサイレンス,"A.P. Indy",鹿毛,110126,    4.4,  ,    ,50.3
13,11,02,5,京都,1,03,未勝利*,7,ダ,1,1200,良,フルアヘッド      ,牡,2,岩田康誠,55.0,16,12,11,11,0,2.4,5,75.1,"1151",0,0,0,8,7,39,472,浅見秀一,栗,0,11109235,05203,00411,0813510312,関駿也,関兵牧場,ダイワメジャー,シルバーシャワーズ,Zilzal,栗毛,110302,    8.5,  ,    ,42.6
13,11,02,5,京都,1,03,未勝利*,7,ダ,1,1200,良,テイエムスイテン  ,牡,2,太宰啓介,55.0,16,13,15,15,0,3.4,13,76.1,"1161",0,0,0,11,13,39.2,510,柴田光陽,栗,0,11102206,01037,00400,0813510313,竹園正繼,千代田牧場,パイロ,グッドセイラー,Premiership,芦毛,110225,   56.2,  ,    ,44.1
13,11,02,5,京都,1,03,未勝利*,7,ダ,1,1200,良,キタサンゲッコウ  ,牝,2,国分優作,54.0,16,14,13,13,0,2.6,8,75.3,"1153",0,0,0,7,9,39.3,474,鹿戸明,栗,0,11100752,01125,00368,0813510314,大野商事,浜本牧場,ハーツクライ,ショウナンタイム,"Gilded Time",青鹿,110310,   18.9,  ,    ,41.6
13,11,02,5,京都,1,03,未勝利*,7,ダ,1,1200,良,セトノヴィラーゴ  ,牝,2,和田竜二,54.0,16,15,9,9,0,2.2,9,74.9,"1149",0,0,0,10,9,38.5,496,南井克巳,栗,0,11104453,01018,01049,0813510315,難波澄子,社台ファーム,ダイワメジャー,ミルククラウン,"Mr. Greeley",栗毛,110327,   23.9,  ,    ,44.5
13,11,02,5,京都,1,03,未勝利*,7,ダ,1,1200,良,エスコルピオン    ,牝,2,森一馬,51.0,16,16,10,10,0,2.3,14,75,"1150",0,0,0,4,6,39.2,458,野村彰彦,栗,0,11100064,01139,00375,0813510316,シルクレーシング,いとう牧場,ダンスインザダーク,フィールドソング,Gulch,鹿毛,110416,   77.7,  ,    ,41.3
13,11,02,5,京都,1,04,未勝利*,7,芝,8,1800,良,コウエイワンマン  ,牡,2,太宰啓介,55.0,16,01,6,6,0,0.4,8,107.9,"1479",0,0,0,4,4,34.6,526,川村禎彦,栗,0,11101337,01037,01003,0813510401,釘田義広,田上稔,ジャングルポケット,ジョウテンセレブ,アジュディケーティング,黒鹿,110410,   17.4,  ,    ,55.9
13,11,02,5,京都,1,04,未勝利*,7,芝,8,1800,良,マイネルプレッジ  ,牡,2,リスポリ,55.0,16,02,5,5,0,0.4,11,107.9,"1479",0,0,0,8,8,34.4,432,宮本博,栗,50,11104725,05472,01073,0813510402,サラブレッドクラブ,コスモヴューファー,ステイゴールド,マイネアモーレ,アンバーシヤダイ,鹿毛,110502,   75.2,  ,    ,56.8
13,11,02,5,京都,1,04,未勝利*,7,芝,8,1800,良,サトノロブロイ    ,牡,2,松田大作,55.0,16,03,1,1,0,0,9,107.5,"1475",0,0,0,1,1,34.5,510,南井克巳,栗,500,11102526,01030,01049,0813510403,里見治,フジワラフアーム,ゼンノロブロイ,ヴィヴァシャスヴィヴィアン,"Distorted Humor",鹿毛,110509,   34.3,  ,    ,55.8
13,11,02,5,京都,1,04,未勝利*,7,芝,8,1800,良,クールオープニング,牡,2,川田将雅,55.0,16,04,11,11,0,1,4,108.5,"1485",0,0,0,10,10,34.9,432,橋口弘次,栗,0,11105107,01088,00343,0813510404,前田晋二,ノースヒルズ,マンハッタンカフェ,ファレノプシス,ブライアンズタイム,青鹿,110209,    7.2,  ,    ,55.4
13,11,02,5,京都,1,04,未勝利*,7,芝,8,1800,良,アバンダンティア  ,牝,2,バルザロ,54.0,16,05,9,9,0,0.8,10,108.3,"1483",0,0,0,12,12,34.6,506,牧田和弥,栗,0,11103799,05504,01123,0813510405,永田和彦,ノーザンファーム,ハーツクライ,エラティス,"El Gran Senor",鹿毛,110317,   36.2,  ,    ,56.5
13,11,02,5,京都,1,04,未勝利*,7,芝,8,1800,良,サウンズオブアース,牡,2,Ｍ．デム,55.0,16,06,2,2,0,0,1,107.5,"1475",0,0,0,15,13,33.6,494,藤岡健一,栗,200,11104377,05212,01062,0813510406,吉田照哉,社台ファーム,ネオユニヴァース,ファーストバイオリン,"Dixieland Band",黒鹿,110412,    2.5,  ,    ,60.0
13,11,02,5,京都,1,04,未勝利*,7,芝,8,1800,良,アクアマリンブレス,牡,2,岩田康誠,55.0,16,07,4,4,0,0.4,6,107.9,"1479",0,0,0,6,5,34.5,496,浅見秀一,栗,75,11103761,05203,00411,0813510407,サンデーレーシング,ノーザンファーム,キングカメハメハ,アメジストリング,フジキセキ,黒鹿,110311,   14.8,  ,    ,56.4
13,11,02,5,京都,1,04,未勝利*,7,芝,8,1800,良,ドリームアドリーム,牝,2,福永祐一,54.0,16,08,12,12,0,1.1,7,108.6,"1486",0,0,0,13,13,34.8,444,笹田和秀,栗,0,11103513,01014,01104,0813510408,青山洋一,追分ファーム,ディープインパクト,ジョシュズマデリン,"Quiet American",鹿毛,110404,   16.0,  ,    ,56.0
13,11,02,5,京都,1,04,未勝利*,7,芝,8,1800,良,ニシノテレポート  ,牡,2,松山弘平,55.0,16,09,15,15,0,2.3,14,109.8,"1498",0,0,0,15,16,35.7,462,吉村圭司,栗,0,11103718,01126,01130,0813510409,西山茂行,川上牧場,ブライアンズタイム,ナドラ,"Sadler's Wells",鹿毛,110401,  318.1,  ,    ,53.8
13,11,02,5,京都,1,04,未勝利*,7,芝,8,1800,良,ディープオセロ    ,牝,2,森一馬,51.0,16,10,13,13,0,2.1,16,109.6,"1496",0,0,0,13,15,35.8,466,五十嵐忠,栗,0,11105309,01139,00422,0813510410,深見敏男,松浦牧場,ディープスカイ,デビルインマインド,ダンスインザダーク,栗毛,110523,  355.7,  ,    ,53.1
13,11,02,5,京都,1,04,未勝利*,7,芝,8,1800,良,シゲルシモツケ    ,牡,2,国分恭介,55.0,16,11,14,14,0,2.2,15,109.7,"1497",0,0,0,2,2,36.6,468,日吉正和,栗,0,11103158,01124,01122,0813510411,森中蕃,高昭牧場,ジャイアントレッカー,ディアハニー,タイキシャトル,鹿毛,110326,  353.8,  ,    ,49.9
13,11,02,5,京都,1,04,未勝利*,7,芝,8,1800,良,ペンタトニック    ,牡,2,小牧太,55.0,16,12,3,3,0,0.1,2,107.6,"1476",0,0,0,10,10,34,482,大久保龍,栗,130,11104056,00894,01058,0813510412,吉田勝己,ノーザンファーム,ジャングルポケット,ポップス,サンデーサイレンス,栗毛,110331,    4.6,  ,    ,58.2
13,11,02,5,京都,1,04,未勝利*,7,芝,8,1800,良,シーサイドバウンド,牡,2,浜中俊,55.0,16,13,7,7,0,0.6,5,108.1,"1481",0,0,0,6,5,34.8,474,石坂正,栗,0,11103917,01115,01022,0813510413,サンデーレーシング,ノーザンファーム,"Big Brown",スターダムバウンド,Tapit,芦毛,110418,   13.3,  ,    ,55.3
13,11,02,5,京都,1,04,未勝利*,7,芝,8,1800,良,アグネスユニコーン,牡,2,酒井学,55.0,16,14,10,10,0,0.9,12,108.4,"1484",0,0,0,2,2,35.3,510,村山明,栗,0,11104149,01034,01107,0813510414,渡辺公美子,社台ファーム,ホワイトマズル,アグネスモリガン,グラスワンダー,黒鹿,110404,  283.9,  ,    ,53.5
13,11,02,5,京都,1,04,未勝利*,7,芝,8,1800,良,タガノフローレンス,牝,2,和田竜二,54.0,16,15,16,16,0,2.9,13,110.4,"1504",0,0,0,4,5,37.2,462,庄野靖志,栗,0,11105014,01018,01087,0813510415,八木良司,新冠タガノファーム,ゴールドアリュール,タガノプレジール,スウェプトオーヴァーボード,芦毛,110309,  292.3,  ,    ,48.4
13,11,02,5,京都,1,04,未勝利*,7,芝,8,1800,良,ファシーノ        ,牡,2,幸英明,55.0,16,16,8,8,0,0.7,3,108.2,"1482",0,0,0,8,8,34.7,460,北出成人,栗,0,11103501,00732,01078,0813510416,社台レースホース,追分ファーム,シンボリクリスエス,オリエントチャーム,サンデーサイレンス,鹿毛,110221,    7.0,  ,    ,55.9
13,11,02,5,京都,1,05,新馬,15,芝,0,1400,良,サンシカゴ        ,牡,2,秋山真一,55.0,18,01,1,1,0,-0.3,2,81.3,"1213",0,0,0,5,3,34.4,478,田所秀孝,栗,700,11100157,01019,01009,0813510501,加藤信之,加藤ステーブル,リキアイワカタカ,シーサイドエンゼル,ジヤツジアンジエルーチ,栗毛,110501,    7.0,  ,    ,52.3
13,11,02,5,京都,1,05,新馬,15,芝,0,1400,良,アルプサロン      ,牝,2,Ｍ．デム,54.0,18,02,0,0,4,999.9,7,0,"----",0,0,0,0,0,0,474,坂口正則,栗,0,11106400,05212,00356,0813510502,鈴木照雄,メイプルファーム,アドマイヤムーン,ラピュセル,エリシオ,栗毛,110402,   26.4,  ,    , 0.0
13,11,02,5,京都,1,05,新馬,15,芝,0,1400,良,メイショウライウン,牡,2,森一馬,52.0,18,03,14,14,0,2.2,17,83.5,"1235",0,0,0,1,2,36.8,434,沖芳夫,栗,0,11100722,01139,00378,0813510503,松本好雄,日西牧場,メイショウボーラー,メイショウラピート,ダンシングブレーヴ,鹿毛,110327,  236.2,  ,    ,45.2
13,11,02,5,京都,1,05,新馬,15,芝,0,1400,良,アドマイヤサンダー,牡,2,岩田康誠,55.0,18,04,13,13,0,2,9,83.3,"1233",0,0,0,9,9,35.8,426,橋田満,栗,0,11104129,05203,00362,0813510504,近藤利一,ノーザンファーム,クロフネ,ロゼダンジュ,サンデーサイレンス,芦毛,110311,   36.9,  ,    ,49.5
13,11,02,5,京都,1,05,新馬,15,芝,0,1400,良,タマモエイブ      ,牡,2,松山弘平,55.0,18,05,16,16,0,2.6,15,83.9,"1239",0,0,0,15,15,35.6,432,大橋勇樹,栗,0,11102410,01126,01065,0813510505,タマモ,野坂牧場,リンカーン,タマモビューティー,フレンチデピュティ,鹿毛,110329,  203.2,  ,    ,51.8
13,11,02,5,京都,1,05,新馬,15,芝,0,1400,良,テイエムカタナ    ,牡,2,太宰啓介,55.0,18,06,15,15,0,2.4,14,83.7,"1237",0,0,0,17,17,34.9,424,柴田光陽,栗,0,11101408,01037,00400,0813510506,竹園正繼,中村和夫,クロフネ,ビューティーレディ,サンデーサイレンス,芦毛,110322,  180.1,  ,    ,54.9
13,11,02,5,京都,1,05,新馬,15,芝,0,1400,良,クールスティール  ,牡,2,小牧太,55.0,18,07,10,10,0,1.6,10,82.9,"1229",0,0,0,16,15,34.5,450,清水久詞,栗,0,11101224,00894,01110,0813510507,川上哲司,沖田博志,ハイアーゲーム,サクラチェリー,サクラバクシンオー,鹿毛,110310,   47.4,  ,    ,55.2
13,11,02,5,京都,1,05,新馬,15,芝,0,1400,良,トシストロング    ,牡,2,幸英明,55.0,18,08,2,2,0,0.3,8,81.6,"1216",0,0,0,8,8,34.3,482,西浦勝一,栗,280,11105534,00732,01016,0813510508,上村利幸,浦河小林牧場,オレハマッテルゼ,ソルトレイクスター,マイニング,鹿毛,110514,   28.1,  ,    ,53.4
13,11,02,5,京都,1,05,新馬,15,芝,0,1400,良,マルカシグナス    ,セ,2,北村友一,55.0,18,09,6,6,0,1.1,11,82.4,"1224",0,0,0,9,10,34.8,472,羽月友彦,栗,0,11105678,01102,01091,0813510509,河長産業,杵臼牧場,チチカステナンゴ,アッサムヒル,サンデーサイレンス,芦毛,110329,  124.8,  ,    ,52.6
13,11,02,5,京都,1,05,新馬,15,芝,0,1400,良,タカノワールド    ,牡,2,松田大作,55.0,18,10,8,8,0,1.6,3,82.9,"1229",0,0,0,3,3,36.1,470,昆貢,栗,0,11106524,01030,01044,0813510510,山口多賀司,アイオイファーム,ハーツクライ,ダイタクラグーン,グルームダンサー,鹿毛,110305,    8.0,  ,    ,47.2
13,11,02,5,京都,1,05,新馬,15,芝,0,1400,良,ペイシャモンシェリ,牡,2,国分恭介,55.0,18,11,5,5,0,0.6,13,81.9,"1219",0,0,0,14,14,33.8,444,野村彰彦,栗,70,11101031,01124,00375,0813510511,北所直人,赤石牧場,ショウナンカンプ,ウィズペイシェンス,ネオユニヴァース,鹿毛,110514,  165.2,  ,    ,56.7
13,11,02,5,京都,1,05,新馬,15,芝,0,1400,良,カメット          ,牡,2,和田竜二,55.0,18,12,7,7,0,1.1,6,82.4,"1224",0,0,0,12,11,34.6,452,岩元市三,栗,0,11106021,01018,00397,0813510512,林千枝子,細道牧場,ヨハネスブルグ,グランジョイ,ダンスインザダーク,栗毛,110415,   15.7,  ,    ,53.6
13,11,02,5,京都,1,05,新馬,15,芝,0,1400,良,トライアンフシチー,牡,2,酒井学,55.0,18,13,11,11,0,1.7,16,83,"1230",0,0,0,12,11,35.2,426,作田誠二,栗,0,11106401,01034,01006,0813510513,友駿ホースクラブ,幾千世牧場,カンパニー,シャンゼリゼシチー,ブライアンズタイム,鹿毛,110327,  228.4,  ,    ,51.8
13,11,02,5,京都,1,05,新馬,15,芝,0,1400,良,クレインテオドーラ,牝,2,国分優作,54.0,18,14,12,12,0,1.9,12,83.2,"1232",0,0,0,3,3,36.3,470,橋口弘次,栗,0,11103038,01125,00343,0813510514,ターフ・スポート,市川牧場,タニノギムレット,ツルマルグラマー,フジキセキ,鹿毛,110517,  151.0,  ,    ,46.9
13,11,02,5,京都,1,05,新馬,15,芝,0,1400,良,チャーマー        ,牡,2,バルザロ,55.0,18,15,9,9,0,1.6,4,82.9,"1229",0,0,0,2,1,36.2,490,安田隆行,栗,0,11100524,05504,00438,0813510515,H.H.シェイク・モハ,ダーレー・ジャパン,ストーミングホーム,ヴェルヴェットクイーン,Singspiel,青鹿,110312,   10.6,  ,    ,46.8
13,11,02,5,京都,1,05,新馬,15,芝,0,1400,良,フェイトカラー    ,牝,2,川田将雅,54.0,18,16,4,4,0,0.6,5,81.9,"1219",0,0,0,7,3,34.9,492,浜田多実,栗,110,11103781,01088,01138,0813510516,吉田和美,ノーザンファーム,サクラバクシンオー,ウエストコースト,シンボリクリスエス,黒鹿,110322,   11.1,  ,    ,51.0
13,11,02,5,京都,1,05,新馬,15,芝,0,1400,良,クリノベンザイテン,牝,2,藤岡康太,54.0,18,17,17,17,0,2.7,18,84,"1240",0,0,0,9,11,36.4,440,藤沢則雄,栗,0,11102079,01116,01041,0813510517,栗本博晴,タイヘイ牧場,ゼンノロブロイ,クレイジーラブ,タイキシャトル,栗毛,110430,  384.6,  ,    ,48.1
13,11,02,5,京都,1,05,新馬,15,芝,0,1400,良,ノボリフジ        ,牡,2,福永祐一,55.0,18,18,3,3,0,0.4,1,81.7,"1217",0,0,0,5,7,34.7,510,松永昌博,栗,180,11105681,01014,01083,0813510518,原田豊,杵臼牧場,サクラバクシンオー,サンデーミッチー,サンデーサイレンス,鹿毛,110530,    1.8,  ,    ,51.6
13,11,02,5,京都,1,06,新馬,15,ダ,1,1200,良,ベストルーラー    ,牡,2,岩田康誠,55.0,14,01,1,1,0,-1,1,72.4,"1124",0,0,0,1,1,36.5,492,石坂正,栗,700,11110090,05203,01022,0813510601,馬場幸夫,"J. Adcock","Roman Ruler","Mila's Fame",Aptitude,黒鹿,110304,    1.6,  ,    ,48.4
13,11,02,5,京都,1,06,新馬,15,ダ,1,1200,良,ストロベリーローズ,牝,2,太宰啓介,54.0,14,02,11,11,0,3.5,14,75.9,"1159",0,0,0,13,13,37.8,438,野村彰彦,栗,0,11103462,01037,00375,0813510602,古賀禎彦,下屋敷牧場,ゼンノロブロイ,セイントリースカウト,"Saint Ballado",栗毛,110531,  240.4,  ,    ,50.8
13,11,02,5,京都,1,06,新馬,15,ダ,1,1200,良,ハクユウデイジー  ,牝,2,川田将雅,54.0,14,03,10,10,0,3.4,4,75.8,"1158",0,0,0,12,12,38,450,作田誠二,栗,0,11106276,01088,01006,0813510603,H.Iコーポレーショ,幾千世牧場,ストーミングホーム,スカーレットソナタ,ティンバーカントリー,鹿毛,110404,    9.8,  ,    ,49.5
13,11,02,5,京都,1,06,新馬,15,ダ,1,1200,良,ルスナイプリンセス,牝,2,秋山真一,54.0,14,04,4,4,0,1.5,3,73.9,"1139",0,0,0,2,2,37.8,518,飯田明弘,栗,110,11103155,01019,00389,0813510604,高昭牧場,高昭牧場,ファスリエフ,ダノンエトランゼル,"Broken Vow",鹿毛,110430,    9.7,  ,    ,45.5
13,11,02,5,京都,1,06,新馬,15,ダ,1,1200,良,チーフアセスメント,牡,2,Ｍ．デム,55.0,14,05,2,2,0,1,2,73.4,"1134",0,0,0,6,6,36.7,486,五十嵐忠,栗,280,11103635,05212,00422,0813510605,社台レースホース,社台コーポレーショ,フジキセキ,チーフオフィサー2,Officer,鹿毛,110316,    5.1,  ,    ,50.0
13,11,02,5,京都,1,06,新馬,15,ダ,1,1200,良,テイエムゴージャス,牝,2,熊沢重文,54.0,14,06,12,12,0,3.7,8,76.1,"1161",0,0,0,11,11,38.9,496,岩元市三,栗,0,11101052,00652,00397,0813510606,竹園正繼,北島牧場,アジュディケーティング,エンプレスロッチ,カコイーシーズ,鹿毛,110204,   58.1,  ,    ,45.6
13,11,02,5,京都,1,06,新馬,15,ダ,1,1200,良,クーゲル          ,牡,2,酒井学,55.0,14,07,3,3,0,1.2,7,73.6,"1136",0,0,0,4,3,37.4,506,加用正,栗,180,11105621,01034,00425,0813510607,幅田昌伸,岡本牧場,ブライアンズタイム,フューチャハッピー,デインヒル,栗毛,110327,   31.1,  ,    ,46.8
13,11,02,5,京都,1,06,新馬,15,ダ,1,1200,良,シゲルアワ        ,牡,2,幸英明,55.0,14,08,14,14,0,5.2,10,77.6,"1176",0,0,0,8,10,40.7,472,藤沢則雄,栗,0,11100829,00732,01041,0813510608,森中蕃,福満牧場,ボストンハーバー,アルボラーダ,マリエンバード,鹿毛,110409,   85.1,  ,    ,40.7
13,11,02,5,京都,1,06,新馬,15,ダ,1,1200,良,ランガージュ      ,牡,2,福永祐一,55.0,14,09,9,9,0,2.4,5,74.8,"1148",0,0,0,9,7,37.7,500,高橋亮,栗,0,11103573,01014,01136,0813510609,窪田康志,社台コーポレーショ,ゴールドアリュール,エクリチュール,テイエムオペラオー,鹿毛,110116,   19.2,  ,    ,48.4
13,11,02,5,京都,1,06,新馬,15,ダ,1,1200,良,サンライズホーム  ,牡,2,藤岡康太,55.0,14,10,5,5,0,1.6,12,74,"1140",0,0,0,9,7,36.8,468,平田修,栗,70,11105321,01116,01082,0813510610,松岡隆雄,松本信行,ケイムホーム,エピーメロン,サンデーサイレンス,青鹿,110502,  106.7,  ,    ,51.1
13,11,02,5,京都,1,06,新馬,15,ダ,1,1200,良,メイショウバローダ,牝,2,武幸四郎,54.0,14,11,8,8,0,2.3,13,74.7,"1147",0,0,0,6,7,37.9,484,安達昭夫,栗,0,11105805,01026,01042,0813510611,松本好雄,太陽牧場,スタチューオブリバティ,ナリタシャルマン,サンデーサイレンス,鹿毛,110407,  169.2,  ,    ,47.1
13,11,02,5,京都,1,06,新馬,15,ダ,1,1200,良,ナガラブルボン    ,牡,2,和田竜二,55.0,14,12,6,6,0,1.9,6,74.3,"1143",0,0,0,4,5,38,458,小原伊佐,栗,0,11106532,01018,00337,0813510612,長良レーシングクラ,グラストレーニング,パイロ,カンタベリービート,メイショウオウドウ,鹿毛,110305,   21.7,  ,    ,45.5
13,11,02,5,京都,1,06,新馬,15,ダ,1,1200,良,サトノプロシオン  ,牡,2,北村友一,55.0,14,13,13,13,0,3.9,11,76.3,"1163",0,0,0,14,14,37.6,526,的場均,美,0,11104460,01102,01063,0813510613,里見治,社台ファーム,ゼンノロブロイ,メイボール,"Cadeaux Genereux",黒鹿,110205,   91.1,  ,    ,52.9
13,11,02,5,京都,1,06,新馬,15,ダ,1,1200,良,ドリームアチーブ  ,牡,2,国分恭介,55.0,14,14,7,7,0,2.3,9,74.7,"1147",0,0,0,2,3,38.6,482,南井克巳,栗,0,11104684,01124,01049,0813510614,ライオンレースホー,畔柳作次,ルールオブロー,バンブーズルド,エアエミネム,黒鹿,110216,   58.5,  ,    ,43.5
13,11,02,5,京都,1,07,500万下*,23,芝,0,1400,良,ウインリバティ    ,牝,2,Ｍ．デム,54.0,9,01,5,5,0,0.4,3,82.3,"1223",0,0,0,7,7,34,434,飯田雄三,栗,70,11104724,05212,01050,0813510701,ウイン,コスモヴューファー,ダンスインザダーク,フリーヴァケイション,"Fly So Free",黒鹿,110424,    4.0,  ,    ,56.5
13,11,02,5,京都,1,07,500万下*,23,芝,0,1400,良,マダムリシェス    ,牝,2,北村友一,54.0,9,02,7,7,0,0.9,7,82.8,"1228",0,0,0,7,7,34.4,434,安田隆行,栗,0,11101792,01102,00438,0813510702,原礼子,岡田スタツド,サクラバクシンオー,ワイキューブ,アグネスタキオン,栗毛,110409,   30.1,  ,    ,55.5
13,11,02,5,京都,1,07,500万下*,23,芝,0,1400,良,ナムラアッパー    ,牡,2,和田翼,52.0,9,03,3,3,0,0.3,4,82.2,"1222",0,0,0,5,4,34.1,410,野村彰彦,栗,180,11105849,01146,00375,0813510703,奈村信重,谷川牧場,カンパニー,ナムラハル,アドマイヤベガ,鹿毛,110426,    8.1,  ,    ,55.8
13,11,02,5,京都,1,07,500万下*,23,芝,0,1400,良,コパノサムタイム  ,牡,2,国分優作,55.0,9,04,8,8,0,1,9,82.9,"1229",0,0,0,7,7,34.5,440,崎山博樹,栗,0,11102383,01125,00365,0813510704,小林祥晃,西村和夫,コパノフウジン,サムタイムレーター,エンドスウィープ,鹿毛,110327,  139.8,  ,    ,55.2
13,11,02,5,京都,1,07,500万下*,23,芝,0,1400,良,マイネルフォルス  ,牡,2,和田竜二,55.0,9,05,6,6,0,0.6,6,82.5,"1225",0,0,0,5,4,34.4,466,吉田直弘,栗,0,11105217,01018,01101,0813510705,サラブレッドクラブ,ビッグレッドファー,ゴールドアリュール,チャンネルワン,ポリッシュネイビー,鹿毛,110411,   20.7,  ,    ,54.9
13,11,02,5,京都,1,07,500万下*,23,芝,0,1400,良,ツィンクルソード  ,牡,2,リスポリ,55.0,9,06,1,1,0,-0.2,2,81.9,"1219",0,0,0,3,2,33.9,476,松永昌博,栗,700,11103959,05472,01083,0813510706,サンデーレーシング,ノーザンファーム,デュランダル,ツィンクルブライド,Lyphard,芦毛,110325,    3.3,  ,    ,56.2
13,11,02,5,京都,1,07,500万下*,23,芝,0,1400,良,エイシンキサナドゥ,牡,2,福永祐一,55.0,9,07,2,2,0,0.2,1,82.1,"1221",0,0,0,2,2,34.2,532,野中賢二,栗,280,11110041,01014,01098,0813510707,栄進堂,"Stonestreet Thorou","Distorted Humor","River's Prayer","Devon Lane",栗毛,110317,    2.4,  ,    ,55.0
13,11,02,5,京都,1,07,500万下*,23,芝,0,1400,良,ピンクノサイロ    ,牝,2,森一馬,51.0,9,08,9,9,0,1.3,8,83.2,"1232",0,0,0,1,1,35.4,444,沖芳夫,栗,0,11102394,01139,00378,0813510708,小林祥晃,西村和夫,サウスヴィグラス,プリティロマンサー,ダンスインザダーク,鹿毛,110402,   86.6,  ,    ,51.3
13,11,02,5,京都,1,07,500万下*,23,芝,0,1400,良,モンラッシェ      ,牡,2,小牧太,55.0,9,09,4,4,0,0.3,5,82.2,"1222",0,0,0,3,4,34.2,460,橋口弘次,栗,110,11104269,00894,00343,0813510709,吉澤克己,社台ファーム,タニノギムレット,スコルピオンキッス,"French Deputy",栗毛,110223,   17.0,  ,    ,55.3
13,11,02,5,京都,1,08,500万下・牝,23,ダ,1,1800,良,ビコーワンダフル  ,牝,4,佐久間寛,55.0,13,01,11,11,0,3.2,13,114.8,"1548",0,9,9,10,11,38.1,438,鹿戸明,栗,0,09104307,01080,00368,0813510801,レジェンド,山口修二,マーベラスサンデー,アイリスビコー,Apollo,栗毛,090413,  317.7,  ,    ,50.7
13,11,02,5,京都,1,08,500万下・牝,23,ダ,1,1800,良,ロゼラニ          ,牝,3,国分優作,53.0,13,02,3,3,0,0.7,1,112.3,"1523",0,3,3,4,4,36.3,462,崎山博樹,栗,180,10105905,01125,00365,0813510802,宮田守,平山牧場,ブラックタイド,ジュバリー,ブライアンズタイム,鹿毛,100406,    3.8,  ,    ,54.7
13,11,02,5,京都,1,08,500万下・牝,23,ダ,1,1800,良,メイショウユウヤケ,牝,3,四位洋文,53.0,13,03,12,12,0,3.4,10,115,"1550",0,12,13,13,13,37.6,422,増本豊,栗,0,10101858,00700,00301,0813510803,松本和子,清水誠一,メイショウボーラー,アンジェラスロマン,シービークロス,黒鹿,100329,   43.4,  ,    ,52.9
13,11,02,5,京都,1,08,500万下・牝,23,ダ,1,1800,良,トウカイメリー    ,牝,4,岩田康誠,55.0,13,04,7,7,0,1.4,6,113,"1530",0,1,1,1,1,37.3,454,野中賢二,栗,0,09102973,05203,01098,0813510804,内村正則,福満牧場,マンハッタンカフェ,トウカイロータス,ダンシングブレーヴ,青鹿,090531,    9.4,  ,    ,51.5
13,11,02,5,京都,1,08,500万下・牝,23,ダ,1,1800,良,ファシネートダイア,牝,4,リスポリ,55.0,13,05,1,1,0,-0.5,2,111.6,"1516",0,2,2,2,2,35.8,450,高橋義忠,栗,720,09106248,05472,01129,0813510805,サンデーレーシング,ノーザンファーム,アグネスタキオン,トコア,カーネギー,鹿毛,090503,    4.3,  ,    ,55.9
13,11,02,5,京都,1,08,500万下・牝,23,ダ,1,1800,良,トーワフォーエバー,牝,3,藤田伸二,53.0,13,06,9,9,0,1.7,7,113.3,"1533",0,12,12,10,9,36.7,458,佐山優,栗,0,10102138,00705,00357,0813510806,齋藤すゞ,猿橋義昭,ステイゴールド,トーワクリスタル,コマンダーインチーフ,芦毛,100423,   14.2,  ,    ,54.4
13,11,02,5,京都,1,08,500万下・牝,23,ダ,1,1800,良,ブライトエルフ    ,牝,4,和田竜二,55.0,13,07,2,2,0,0.5,4,112.1,"1521",0,5,5,4,3,36.1,468,柴田光陽,栗,290,09103059,01018,00400,0813510807,ヒダカ・ブリーダー,槇本牧場,ブライアンズタイム,スウィートエルフ,タマモクロス,栗毛,090325,    7.1,  ,    ,55.3
13,11,02,5,京都,1,08,500万下・牝,23,ダ,1,1800,良,シーズガレット    ,牝,5,浜中俊,55.0,13,08,4,4,0,0.9,8,112.5,"1525",0,9,7,8,6,36.2,470,宮徹,栗,110,08101892,01115,01018,0813510808,橋場勇二,市川フアーム,アグネスフライト,マダムチェロキー,"Cherokee Run",栗毛,080506,   28.5,  ,    ,55.4
13,11,02,5,京都,1,08,500万下・牝,23,ダ,1,1800,良,タマモアルバ      ,牝,3,太宰啓介,53.0,13,09,10,10,0,2.9,12,114.5,"1545",0,7,9,3,5,38.6,480,佐藤正雄,栗,0,10102524,01037,01025,0813510809,タマモ,岡田牧場,クロフネ,チャームピクチャー,ダンスインザダーク,鹿毛,100326,  102.2,  ,    ,48.3
13,11,02,5,京都,1,08,500万下・牝,23,ダ,1,1800,良,デコレイト        ,牝,4,Ｍ．デム,55.0,13,10,8,8,0,1.7,9,113.3,"1533",0,7,7,8,8,36.9,468,松田国英,栗,0,09106600,05212,01011,0813510810,吉田正志,追分ファーム,スペシャルウィーク,デゴッドドーター,"De Niro",鹿毛,090408,   31.5,  ,    ,53.5
13,11,02,5,京都,1,08,500万下・牝,23,ダ,1,1800,良,メイケイペガムーン,牝,3,国分恭介,53.0,13,11,13,13,0,4.2,11,115.8,"1558",0,3,3,6,12,39.5,456,木原一良,栗,0,10102760,01124,01033,0813510811,名古屋競馬,静内酒井牧場,アドマイヤムーン,ベラミロード,アレミロード,黒鹿,100408,   77.4,  ,    ,46.6
13,11,02,5,京都,1,08,500万下・牝,23,ダ,1,1800,良,ヴァレンティーア  ,牝,3,川田将雅,53.0,13,12,6,6,0,0.9,5,112.5,"1525",0,9,11,10,9,35.9,450,中尾秀正,栗,0,10104193,01088,01069,0813510812,佐々木主浩,ノーザンファーム,ハーツクライ,タイキロザリオ,"Spinning World",栗毛,100204,    7.5,  ,    ,56.7
13,11,02,5,京都,1,08,500万下・牝,23,ダ,1,1800,良,ショウナンバーキン,牝,3,福永祐一,53.0,13,13,5,5,0,0.9,3,112.5,"1525",0,6,6,6,6,36.3,460,中村均,栗,72,10102776,01014,00261,0813510813,国本哲秀,静内フアーム,フジキセキ,ショウナンマライア,クロフネ,青毛,100121,    5.1,  ,    ,55.0
13,11,02,5,京都,1,09,近江特別1000,43,芝,8,1800,良,カッパドキア      ,牡,3,松田大作,55.0,10,01,9,9,0,0.5,10,106,"1460",0,0,0,9,9,33.9,478,昆貢,栗,0,10104962,01030,01044,0813510901,寺田千代乃,辻牧場,キングカメハメハ,コンサーンナッカ,Concern,黒鹿,100507,   51.0,  ,    ,56.3
13,11,02,5,京都,1,09,近江特別1000,43,芝,8,1800,良,リグヴェーダ      ,牡,3,リスポリ,55.0,10,02,3,3,0,0.4,4,105.9,"1459",0,0,0,6,6,34.2,456,池江泰寿,栗,360,10104549,05472,01071,0813510902,社台レースホース,追分ファーム,ディープインパクト,ニキーヤ,Nureyev,鹿毛,100126,    6.6,  ,    ,54.8
13,11,02,5,京都,1,09,近江特別1000,43,芝,8,1800,良,サトノキングリー  ,牡,3,Ｍ．デム,55.0,10,03,6,6,0,0.5,2,106,"1460",0,0,0,10,10,33.6,480,藤原英昭,栗,0,10103876,05212,01055,0813510903,里見治,社台ファーム,ダイワメジャー,ファンジカ,"Law Society",鹿毛,100205,    3.7,  ,    ,57.7
13,11,02,5,京都,1,09,近江特別1000,43,芝,8,1800,良,ダイナミックガイ  ,牡,3,福永祐一,55.0,10,04,7,7,0,0.5,9,106,"1460",0,0,0,6,6,34.2,480,目野哲也,栗,0,10104751,01014,00387,0813510904,小川勲,杵臼斉藤牧場,オレハマッテルゼ,スリースキム,ティンバーカントリー,栗毛,100406,   24.1,  ,    ,55.0
13,11,02,5,京都,1,09,近江特別1000,43,芝,8,1800,良,デウスウルト      ,セ,5,藤岡康太,57.0,10,05,1,1,0,0,1,105.5,"1455",0,0,0,2,2,34.2,464,平田修,栗,1440,08103265,01116,01082,0813510905,吉田勝己,ノーザンファーム,キングカメハメハ,バプティスタ,サンデーサイレンス,黒鹿,080402,    3.3,  ,    ,54.2
13,11,02,5,京都,1,09,近江特別1000,43,芝,8,1800,良,アルバタックス    ,牡,3,浜中俊,55.0,10,06,2,2,0,0,6,105.5,"1455",0,0,0,3,3,34,498,石坂正,栗,580,10103798,01115,01022,0813510906,社台レースホース,社台ファーム,キングカメハメハ,タックスシェルター,フジキセキ,栗毛,100308,   10.8,  ,    ,55.1
13,11,02,5,京都,1,09,近江特別1000,43,芝,8,1800,良,ローレルブレット  ,牡,4,和田竜二,57.0,10,07,10,10,0,0.5,3,106,"1460",0,0,0,4,4,34.4,446,今野貞一,栗,0,09104585,01018,01128,0813510907,ローレルレーシング,川島牧場,サムライハート,タッソーニー,テンビー,黒鹿,090309,    6.4,  ,    ,54.1
13,11,02,5,京都,1,09,近江特別1000,43,芝,8,1800,良,ウインミーティア  ,牝,4,北村友一,55.0,10,08,8,8,0,0.5,7,106,"1460",0,0,0,4,4,34.4,484,梅田智之,栗,0,09106267,01102,01084,0813510908,ウイン,ノーザンファーム,アグネスタキオン,バシマー,"Grand Lodge",栗毛,090416,   16.3,  ,    ,54.1
13,11,02,5,京都,1,09,近江特別1000,43,芝,8,1800,良,スズカアンペール  ,牡,5,バルザロ,57.0,10,09,5,5,0,0.5,8,106,"1460",0,0,0,8,6,34.2,476,武宏平,栗,144,08102322,05504,00221,0813510909,永井啓弍,新井牧場,ロイヤルスズカ,スズカアンゼラ,ブラックタイアフェアー,鹿毛,080427,   18.9,  ,    ,55.0
13,11,02,5,京都,1,09,近江特別1000,43,芝,8,1800,良,ジャイアントリープ,牡,3,川田将雅,55.0,10,10,4,4,0,0.5,5,106,"1460",0,0,0,1,1,34.8,500,村山明,栗,220,10104344,01088,01107,0813510910,キャロットファーム,ノーザンファーム,ネオユニヴァース,ラフィントレイル,エルコンドルパサー,芦毛,100412,    9.2,  ,    ,52.3
13,11,02,5,京都,1,10,渡月橋Ｓ1600,67,ダ,1,1400,良,キクノフレヴァン  ,牡,7,熊沢重文,57.0,11,01,2,2,0,0.1,11,83.5,"1235",0,0,0,8,6,36.1,482,北出成人,栗,700,06106892,00652,01078,0813511001,菊池五郎,フクダファーム,スキャン,キクノロマニー,ダンシングブレーヴ,鹿毛,060407,  210.9,  ,    ,48.5
13,11,02,5,京都,1,10,渡月橋Ｓ1600,67,ダ,1,1400,良,アマノレインジャー,牡,5,幸英明,57.0,11,02,6,6,0,0.4,6,83.8,"1238",0,0,0,6,6,36.5,498,湯窪幸雄,栗,0,08101246,00732,01057,0813511002,中村孝,浦河土肥牧場,タイキシャトル,アルフィーネ,ラムタラ,栗毛,080408,   16.9,  ,    ,47.2
13,11,02,5,京都,1,10,渡月橋Ｓ1600,67,ダ,1,1400,良,シルヴァーグレイス,牝,3,秋山真一,54.0,11,03,9,9,0,0.6,4,84,"1240",0,0,0,4,3,36.9,448,須貝尚介,栗,0,10103767,01019,01105,0813511003,吉田千津,社台ファーム,ハーツクライ,シルヴァーカップ,Almutawakel,鹿毛,100304,    6.4,  ,    ,45.7
13,11,02,5,京都,1,10,渡月橋Ｓ1600,67,ダ,1,1400,良,クレバーサンデー  ,牡,6,国分優作,57.0,11,04,8,8,0,0.5,8,83.9,"1239",0,0,0,11,11,35.9,470,崎山博樹,栗,0,07102161,01125,00365,0813511004,岡崎牧場,東栄牧場,フレンチデピュティ,カガミサンデー,サンデーサイレンス,鹿毛,070309,   54.2,  ,    ,50.3
13,11,02,5,京都,1,10,渡月橋Ｓ1600,67,ダ,1,1400,良,ブロードソード    ,牡,3,リスポリ,56.0,11,05,7,7,0,0.5,1,83.9,"1239",0,0,0,10,10,36.3,498,松田国英,栗,0,10104277,05472,01011,0813511005,キャロットファーム,ノーザンファーム,ダイワメジャー,ブロードアピール,"Broad Brush",黒鹿,100122,    2.7,  ,    ,48.3
13,11,02,5,京都,1,10,渡月橋Ｓ1600,67,ダ,1,1400,良,モエレジュンキン  ,牡,6,和田竜二,57.0,11,06,3,3,0,0.1,9,83.5,"1235",0,0,0,4,3,36.4,472,武市康男,美,440,07103667,01018,01089,0813511006,鈴木照雄,藤坂秋雄,ゴールドヘイロー,シャンハイファスト,ヒシアリダー,鹿毛,070425,  101.6,  ,    ,47.0
13,11,02,5,京都,1,10,渡月橋Ｓ1600,67,ダ,1,1400,良,ウィキマジック    ,牡,5,岩田康誠,57.0,11,07,5,5,0,0.2,2,83.6,"1236",0,0,0,1,1,36.8,522,領家政蔵,栗,174,08104250,05203,00345,0813511007,宮川純造,石郷岡雅樹,ゴールドアリュール,シンデレラロード,アジュディケーティング,黒鹿,080403,    3.9,  ,    ,45.4
13,11,02,5,京都,1,10,渡月橋Ｓ1600,67,ダ,1,1400,良,ユメノキラメキ    ,牝,6,酒井学,55.0,11,08,4,4,0,0.2,7,83.6,"1236",0,0,0,2,2,36.7,496,加用正,栗,260,07102839,01034,00425,0813511008,諸江幸祐,社台ファーム,ロージズインメイ,ツァリーヌ,メジロライアン,栗毛,070312,   22.0,  ,    ,45.8
13,11,02,5,京都,1,10,渡月橋Ｓ1600,67,ダ,1,1400,良,ナリタスーパーワン,牡,4,福永祐一,57.0,11,09,1,1,0,-0.1,3,83.4,"1234",0,0,0,8,6,35.9,490,松永昌博,栗,1740,09106545,01014,01083,0813511009,オースミ,社台コーポレーショ,ウォーエンブレム,マルセイユキャット,フレンチデピュティ,鹿毛,090508,    3.9,  ,    ,49.2
13,11,02,5,京都,1,10,渡月橋Ｓ1600,67,ダ,1,1400,良,エーシンハダル    ,牡,6,バルザロ,57.0,11,10,10,10,0,1.3,5,84.7,"1247",0,0,0,6,6,37.4,516,野中賢二,栗,0,07106523,05504,01098,0813511010,栄進堂,タイヘイ牧場,サクラバクシンオー,フジャブ,Woodman,鹿毛,070421,   13.3,  ,    ,44.9
13,11,02,5,京都,1,10,渡月橋Ｓ1600,67,ダ,1,1400,良,ホクトキングダム  ,牡,5,太宰啓介,57.0,11,11,11,11,0,2.9,10,86.3,"1263",0,0,0,3,3,39.3,498,本田優,栗,0,08101993,01037,01099,0813511011,布施光章,上山牧場,スウェプトオーヴァーボード,エリダヌス,ジェイドロバリー,青鹿,080414,  168.9,  ,    ,39.7
13,11,02,5,京都,1,11,京洛ＳＨ,131,芝,0,1200,良,エイシンオスマン  ,牡,5,太宰啓介,55.0,15,01,10,10,0,0.6,12,67.6,"1076",0,0,0,8,10,33.2,486,坂口正則,栗,0,08103390,01037,00356,0813511101,栄進堂,ノーザンレーシング,ロックオブジブラルタル,ゲルニカ,Luhuk,鹿毛,080429,   79.1,  ,    ,53.6
13,11,02,5,京都,1,11,京洛ＳＨ,131,芝,0,1200,良,レジェトウショウ  ,牝,7,熊沢重文,52.0,15,02,5,5,0,0.3,10,67.3,"1073",0,0,0,15,13,32.5,478,土田稔,美,210,06101287,00652,00417,0813511102,トウショウ産業,トウショウ産業株式,キングヘイロー,ウイッチトウショウ,ジェイドロバリー,栗毛,060610,   57.8,  ,    ,57.1
13,11,02,5,京都,1,11,京洛ＳＨ,131,芝,0,1200,良,メモリアルイヤー  ,牝,5,小牧太,53.0,15,03,14,14,0,0.7,3,67.7,"1077",0,0,0,1,1,34.1,488,村山明,栗,0,08103928,00894,01107,0813511103,西村新一郎,釘田義美,ゴールドアリュール,アーバンクイーン,サクラバクシンオー,栗毛,080322,    5.7,  ,    ,48.5
13,11,02,5,京都,1,11,京洛ＳＨ,131,芝,0,1200,良,プレイズエターナル,牡,3,バルザロ,54.0,15,04,2,2,0,0.1,1,67.1,"1071",0,0,0,11,11,32.6,476,安田隆行,栗,840,10100707,05504,00438,0813511104,H.H.シェイク・モハ,ダーレー・ジャパン,アドマイヤムーン,メイビーフォーエヴァー,Zafonic,黒鹿,100328,    1.9,  ,    ,55.8
13,11,02,5,京都,1,11,京洛ＳＨ,131,芝,0,1200,良,マイネルエテルネル,牡,3,和田竜二,55.0,15,05,13,13,0,0.7,2,67.7,"1077",0,0,0,3,3,33.9,484,西園正都,栗,0,10110064,01018,01028,0813511105,サラブレッドクラブ,"Redpender Stud Ltd",Tamayuz,"For Evva Silca",Piccolo,栗毛,100405,    5.3,  ,    ,49.7
13,11,02,5,京都,1,11,京洛ＳＨ,131,芝,0,1200,良,ブルーデジャブ    ,セ,6,国分優作,53.0,15,06,3,3,0,0.1,14,67.1,"1071",0,0,0,12,13,32.5,518,大根田裕,栗,530,07104334,01125,01032,0813511106,ブルーマネジメント,ケンブリッジバレー,アドマイヤコジーン,ケンスターダンサー,サクラローレル,芦毛,070515,  147.2,  ,    ,56.5
13,11,02,5,京都,1,11,京洛ＳＨ,131,芝,0,1200,良,ケイアイアストン  ,牡,8,幸英明,54.0,15,07,9,9,0,0.5,13,67.5,"1075",0,0,0,8,8,33.1,478,和田正道,美,0,05106682,00732,00353,0813511107,亀田和弘,松田三千雄,フジキセキ,ケイアイカーニバル,Wolfhound,鹿毛,050417,  133.9,  ,    ,53.9
13,11,02,5,京都,1,11,京洛ＳＨ,131,芝,0,1200,良,クリーンエコロジー,牡,5,秋山真一,53.0,15,08,7,7,0,0.4,11,67.4,"1074",0,0,0,14,13,32.6,502,須貝尚介,栗,0,08100563,01019,01105,0813511108,石橋和夫,千代田牧場,キングカメハメハ,スパークルジュエル,"Unbridled's Song",芦毛,080327,   61.1,  ,    ,56.7
13,11,02,5,京都,1,11,京洛ＳＨ,131,芝,0,1200,良,キョウワマグナム  ,牡,6,北村友一,55.0,15,09,4,4,0,0.2,9,67.2,"1072",0,0,0,6,6,33,548,角田晃一,栗,320,07104301,01102,01121,0813511109,協和牧場,協和牧場,キングカメハメハ,キョウワプラチナ,"Sadler's Wells",鹿毛,070217,   52.6,  ,    ,53.6
13,11,02,5,京都,1,11,京洛ＳＨ,131,芝,0,1200,良,ビウイッチアス    ,牝,4,浜中俊,52.0,15,10,12,12,0,0.6,6,67.6,"1076",0,0,0,3,3,33.7,444,武藤善則,美,0,09102183,01115,01064,0813511110,井上一郎,いとう牧場,ダイワメジャー,フィールドソング,Gulch,黒鹿,090319,   16.6,  ,    ,50.6
13,11,02,5,京都,1,11,京洛ＳＨ,131,芝,0,1200,良,メイショウデイム  ,牝,6,松山弘平,53.0,15,11,11,11,0,0.6,7,67.6,"1076",0,0,0,3,3,33.8,472,佐山優,栗,0,07101565,01126,00357,0813511111,松本和子,太陽牧場,マンハッタンカフェ,メイショウカガヤキ,ヘクタープロテクター,黒鹿,070326,   27.7,  ,    ,50.0
13,11,02,5,京都,1,11,京洛ＳＨ,131,芝,0,1200,良,ハノハノ          ,牡,5,酒井学,55.0,15,12,1,1,0,-0.1,4,67,"1070",0,0,0,6,6,32.8,468,西園正都,栗,2100,08104778,01034,01028,0813511112,錦岡牧場,錦岡牧場,アドマイヤコジーン,プロミネントカット,トニービン,鹿毛,080310,   12.6,  ,    ,54.3
13,11,02,5,京都,1,11,京洛ＳＨ,131,芝,0,1200,良,ビラゴーティアラ  ,牝,6,川島信二,52.0,15,13,15,15,0,1.1,15,68.1,"1081",0,0,0,12,11,33.5,434,松山将樹,美,0,07104013,01062,01100,0813511113,三浦一泰,山野牧場,スターオブコジーン,ブルーファイブ,シンコウキング,鹿毛,070423,  199.1,  ,    ,53.3
13,11,02,5,京都,1,11,京洛ＳＨ,131,芝,0,1200,良,カラフルデイズ    ,牝,5,岩田康誠,53.0,15,14,8,8,0,0.4,5,67.4,"1074",0,0,0,8,8,33.1,456,藤原英昭,栗,0,08102625,05203,01055,0813511114,サンデーレーシング,社台コーポレーショ,フジキセキ,アイヴォリーカラー,クロフネ,栗毛,080410,   13.0,  ,    ,53.6
13,11,02,5,京都,1,11,京洛ＳＨ,131,芝,0,1200,良,リュンヌ          ,牝,6,国分恭介,52.0,15,15,6,6,0,0.4,8,67.4,"1074",0,0,0,2,2,33.7,484,服部利之,栗,0,07106768,01124,01040,0813511115,吉田修,タガミファーム,クロフネ,レイオブライト,ウイニングチケット,鹿毛,070407,   34.2,  ,    ,50.0
13,11,02,5,京都,1,12,1000万下,43,ダ,1,1400,良,ティズトレメンダス,牝,3,浜中俊,54.0,16,01,8,8,0,0.7,2,84.5,"1245",0,0,0,1,1,37.3,494,佐山優,栗,0,10110032,01115,00357,0813511201,岡田牧雄,"Morgan's Ford Farm","Tiz Wonderful","Proof Positive","Editor's Note",鹿毛,100409,    4.8,  ,    ,44.9
13,11,02,5,京都,1,12,1000万下,43,ダ,1,1400,良,テルミーホワイ    ,牡,6,国分恭介,57.0,16,02,1,1,0,-0.2,7,83.8,"1238",0,0,0,11,10,35.6,498,梅田康雄,栗,990,07102630,01124,00131,0813511202,薪浦亨,吉田三郎,マンハッタンカフェ,マッキーエクセル,デュラブ,鹿毛,070502,   12.2,  ,    ,51.5
13,11,02,5,京都,1,12,1000万下,43,ダ,1,1400,良,ピエナトップガン  ,牡,3,和田竜二,56.0,16,03,7,7,0,0.6,9,84.4,"1244",0,0,0,16,16,35.6,466,田中章博,栗,0,10101001,01018,00413,0813511203,本谷兼三,藤本友則,マヤノトップガン,ホットキャスケード,フォーティナイナー,栗毛,100531,   23.0,  ,    ,52.8
13,11,02,5,京都,1,12,1000万下,43,ダ,1,1400,良,タガノプリンス    ,牡,5,藤岡康太,57.0,16,04,5,5,0,0.5,14,84.3,"1243",0,0,0,13,14,35.7,460,小原伊佐,栗,99,08104749,01116,00337,0813511204,八木秀之,新冠タガノファーム,ワイルドラッシュ,タガノクィーン,サンデーサイレンス,鹿毛,080519,  124.1,  ,    ,52.1
13,11,02,5,京都,1,12,1000万下,43,ダ,1,1400,良,アテーナーズブレス,牝,5,酒井学,55.0,16,05,3,3,0,0.2,11,84,"1240",0,0,0,9,8,36,470,増本豊,栗,250,08110056,01034,00301,0813511205,黒岩晴男,"Green Gates Farm","Malibu Moon",Matsue,Lure,鹿毛,080213,   36.7,  ,    ,50.0
13,11,02,5,京都,1,12,1000万下,43,ダ,1,1400,良,モズベラベラ      ,牡,4,小牧太,57.0,16,06,11,11,0,1.1,5,84.9,"1249",0,0,0,6,9,37.1,488,中尾秀正,栗,0,09102930,00894,01069,0813511206,北側雅司,日高大洋牧場,ワイルドラッシュ,ホッカイキャシー,ウォーニング,栗毛,090307,    8.5,  ,    ,46.6
13,11,02,5,京都,1,12,1000万下,43,ダ,1,1400,良,ツルオカハチマン  ,牡,4,岩田康誠,57.0,16,07,2,2,0,0.2,4,84,"1240",0,0,0,13,11,35.4,520,大久保龍,栗,400,09105219,05203,01058,0813511207,居城要,北勝ファーム,ゴールドアリュール,アジヤタイリン,サクラユタカオー,鹿毛,090416,    7.5,  ,    ,53.0
13,11,02,5,京都,1,12,1000万下,43,ダ,1,1400,良,アメージングタクト,牡,3,秋山真一,56.0,16,08,9,9,0,0.8,6,84.6,"1246",0,0,0,4,5,37.1,456,野村彰彦,栗,0,10104387,01019,00375,0813511208,サンデーレーシング,社台コーポレーショ,ウォーエンブレム,アルーリングアクト,"End Sweep",鹿毛,100209,   10.6,  ,    ,46.0
13,11,02,5,京都,1,12,1000万下,43,ダ,1,1400,良,リズミックビート  ,牡,6,太宰啓介,57.0,16,09,15,15,0,2,15,85.8,"1258",0,0,0,13,14,37.3,516,小野幸治,栗,0,07105604,01037,00350,0813511209,名古屋友豊,白井牧場,クロフネ,リュバンドール,トニービン,栗毛,070320,  132.2,  ,    ,47.5
13,11,02,5,京都,1,12,1000万下,43,ダ,1,1400,良,マンドレイク      ,牡,3,松山弘平,56.0,16,10,13,13,0,1.2,8,85,"1250",0,0,0,2,2,37.7,488,高野友和,栗,0,10104924,01126,01117,0813511210,ターフ・スポート,谷川牧場,スズカマンボ,ドリームライフ,ラストタイクーン,黒鹿,100330,   14.0,  ,    ,44.1
13,11,02,5,京都,1,12,1000万下,43,ダ,1,1400,良,ダノンジュピター  ,牡,8,北村友一,57.0,16,11,4,4,0,0.3,12,84.1,"1241",0,0,0,12,12,35.7,482,佐々木晶,栗,150,05101133,01102,00429,0813511211,ダノックス,エクセルマネジメン,ブライアンズタイム,レディーマーゴット,"Sadler's Wells",栗毛,050201,   66.4,  ,    ,51.7
13,11,02,5,京都,1,12,1000万下,43,ダ,1,1400,良,シゲルモトナリ    ,牡,6,幸英明,57.0,16,12,10,10,0,0.8,10,84.6,"1246",0,0,0,6,3,36.8,510,藤岡範士,栗,0,07104998,00732,00289,0813511212,森中蕃,松本信行,マーベラスサンデー,シューペルブ,ミスターシービー,黒鹿,070414,   25.8,  ,    ,47.4
13,11,02,5,京都,1,12,1000万下,43,ダ,1,1400,良,シンケンショウブ  ,牡,5,熊沢重文,57.0,16,13,16,16,0,2.4,16,86.2,"1262",0,0,0,9,12,38.1,496,田中章博,栗,0,08100273,00652,00413,0813511213,栗本博晴,グランド牧場,スズカマンボ,チアリーダー,アサティス,鹿毛,080329,  285.4,  ,    ,44.7
13,11,02,5,京都,1,12,1000万下,43,ダ,1,1400,良,スズカジョンブル  ,牡,4,森一馬,54.0,16,14,12,12,0,1.1,3,84.9,"1249",0,0,0,4,5,37.3,452,西橋豊治,栗,0,09105452,01139,00434,0813511214,永井啓弍,新井牧場,ジャングルポケット,サワヤカスズカ,サクラバクシンオー,鹿毛,090307,    5.5,  ,    ,45.7
13,11,02,5,京都,1,12,1000万下,43,ダ,1,1400,良,ポップアイコン    ,牝,4,バルザロ,55.0,16,15,6,6,0,0.5,1,84.3,"1243",0,0,0,6,5,36.5,476,吉村圭司,栗,0,09102557,05504,01130,0813511215,H.H.シェイク・モハ,シンコーファーム,ダイワメジャー,ピンクタートル,"Blushing Groom",栗毛,090208,    4.6,  ,    ,48.2
13,11,02,5,京都,1,12,1000万下,43,ダ,1,1400,良,メロート          ,牡,5,国分優作,57.0,16,16,14,14,0,1.3,13,85.1,"1251",0,0,0,3,3,37.7,458,湯窪幸雄,栗,0,08100479,01125,01057,0813511216,小林茂行,田中裕之,オンファイア,ジョーシナリー,ノーザンテースト,黒鹿,080403,   98.7,  ,    ,44.3
13,11,03,5,京都,2,01,未勝利・牝*,7,芝,0,1400,良,メイザフォース    ,牝,2,高倉稜,54.0,13,01,10,10,0,1.2,13,82.8,"1228",0,0,0,8,9,35.3,456,崎山博樹,栗,0,11101373,01130,00365,0813520101,宮田守,土田農場,シンボリクリスエス,ベレッツァ,フジキセキ,鹿毛,110425,  237.3,  ,    ,50.9
13,11,03,5,京都,2,01,未勝利・牝*,7,芝,0,1400,良,オールオブナイト  ,牝,2,Ｍ．デム,54.0,13,02,3,3,0,0.1,2,81.7,"1217",0,0,0,4,5,34.5,408,大久保龍,栗,130,11104008,05212,01058,0813520102,市川義美ホールディ,ノーザンファーム,キングカメハメハ,ピサノグラフ,サンデーサイレンス,黒鹿,110401,    5.0,  ,    ,52.6
13,11,03,5,京都,2,01,未勝利・牝*,7,芝,0,1400,良,ガートルード      ,牝,2,福永祐一,54.0,13,03,6,6,0,0.3,1,81.9,"1219",0,0,0,1,1,35,446,須貝尚介,栗,0,11103769,01014,01105,0813520103,サンデーレーシング,ノーザンファーム,ジャングルポケット,アンブロワーズ,フレンチデピュティ,黒鹿,110316,    2.3,  ,    ,50.5
13,11,03,5,京都,2,01,未勝利・牝*,7,芝,0,1400,良,ピッツネイル      ,牝,2,和田竜二,54.0,13,04,9,9,0,1.1,7,82.7,"1227",0,0,0,6,5,35.5,506,河内洋,栗,0,11101879,01018,01072,0813520104,ノルマンディーサラ,カントリー牧場,クロフネ,スヴレッタ,Nureyev,芦毛,110418,   21.3,  ,    ,49.7
13,11,03,5,京都,2,01,未勝利・牝*,7,芝,0,1400,良,ディアメドゥーサ  ,牝,2,国分優作,54.0,13,05,7,7,0,0.4,8,82,"1220",0,0,0,6,5,34.8,446,西浦勝一,栗,0,11101249,01125,01016,0813520105,高樽さゆり,片山牧場,ダイワメジャー,ピアノリサイタル,カーネギー,栗毛,110326,   21.6,  ,    ,51.7
13,11,03,5,京都,2,01,未勝利・牝*,7,芝,0,1400,良,アップルシェア    ,牝,2,大野拓弥,54.0,13,06,12,12,0,2.7,9,84.3,"1243",0,0,0,2,2,37.3,458,目野哲也,栗,0,11103137,01096,00387,0813520106,津村圭一,桑田牧場,スペシャルウィーク,マジックガーデン,フサイチソニック,鹿毛,110319,   29.0,  ,    ,44.5
13,11,03,5,京都,2,01,未勝利・牝*,7,芝,0,1400,良,ブランネージュ    ,牝,2,藤岡康太,54.0,13,07,2,2,0,0,3,81.6,"1216",0,0,0,2,2,34.6,460,藤岡健一,栗,200,11103510,01116,01062,0813520107,社台レースホース,追分ファーム,シンボリクリスエス,シナノネージュ,フレンチデピュティ,鹿毛,110125,    5.1,  ,    ,51.9
13,11,03,5,京都,2,01,未勝利・牝*,7,芝,0,1400,良,ベラフォレスタ    ,牝,2,浜中俊,54.0,13,08,1,1,0,0,5,81.6,"1216",0,0,0,8,8,34.1,466,石坂正,栗,500,11104475,01115,01022,0813520108,社台レースホース,社台ファーム,ゼンノロブロイ,ラスリングカプス,Woodman,黒鹿,110323,   10.9,  ,    ,54.5
13,11,03,5,京都,2,01,未勝利・牝*,7,芝,0,1400,良,シゲルリクチュウ  ,牝,2,川須栄彦,54.0,13,09,8,8,0,0.6,4,82.2,"1222",0,0,0,4,4,35.1,448,沖芳夫,栗,0,11109054,01128,00378,0813520109,森中蕃,諏訪牧場,カンパニー,ダーリングベリー,ボストンハーバー,鹿毛,110501,    8.7,  ,    ,50.6
13,11,03,5,京都,2,01,未勝利・牝*,7,芝,0,1400,良,ヒデノヒロイン    ,牝,2,太宰啓介,54.0,13,10,5,5,0,0.2,10,81.8,"1218",0,0,0,12,12,33.8,424,佐藤正雄,栗,50,11106585,01037,01025,0813520110,大石秀夫,グラストレーニング,クロフネ,アイレンベルク,ゴールドヘイロー,芦毛,110313,   79.4,  ,    ,56.5
13,11,03,5,京都,2,01,未勝利・牝*,7,芝,0,1400,良,タマモカグヤヒメ  ,牝,2,幸英明,54.0,13,11,11,11,0,1.4,12,83,"1230",0,0,0,10,9,35.4,430,小原伊佐,栗,0,11102405,00732,00337,0813520111,タマモ,野坂牧場,ダンスインザダーク,アンミツヒメ,アフリート,鹿毛,110205,  198.0,  ,    ,50.8
13,11,03,5,京都,2,01,未勝利・牝*,7,芝,0,1400,良,ブロンクスステップ,牝,2,北村友一,54.0,13,12,4,4,0,0.1,6,81.7,"1217",0,0,0,10,11,34,470,音無秀孝,栗,75,11104305,01102,01002,0813520112,金子真人ホールディ,社台ファーム,ゼンノロブロイ,ダンシングエディ,"Moscow Ballet",鹿毛,110327,   15.6,  ,    ,55.2
13,11,03,5,京都,2,01,未勝利・牝*,7,芝,0,1400,良,イエスオッケー    ,牝,2,菱田裕二,53.0,13,13,13,13,0,4.7,11,86.3,"1263",0,0,0,13,13,37,458,崎山博樹,栗,0,11102490,01144,00365,0813520113,松岡隆雄,福岡清,サンライズペガサス,イエスオアノー,サクラバクシンオー,鹿毛,110510,  185.4,  ,    ,49.9
13,11,03,5,京都,2,02,未勝利*,7,ダ,1,1400,良,シゲルエッチュウ  ,牡,2,幸英明,55.0,15,01,10,10,0,2.4,12,88.8,"1288",0,0,0,14,15,38.3,450,福島信晴,栗,0,11102516,00732,00396,0813520201,森中蕃,藤沢牧場,ヨハネスブルグ,プロヴァンス,サツカーボーイ,鹿毛,110311,  139.9,  ,    ,48.9
13,11,03,5,京都,2,02,未勝利*,7,ダ,1,1400,良,シゲルヒタチ      ,牡,2,藤田伸二,55.0,15,02,4,4,0,1.7,5,88.1,"1281",0,0,0,12,11,37.9,468,木原一良,栗,75,11106292,00705,01033,0813520202,森中蕃,大樹ファーム,タイキシャトル,タイキプロバンス,トワイニング,栗毛,110331,   41.1,  ,    ,49.3
13,11,03,5,京都,2,02,未勝利*,7,ダ,1,1400,良,エイユーバーチョ  ,牝,2,大野拓弥,54.0,15,03,7,7,0,1.8,11,88.2,"1282",0,0,0,5,5,39.1,426,目野哲也,栗,0,11101365,01096,00387,0813520203,笹部和子,土田和男,タイキシャトル,ウェディングタイム,ブライアンズタイム,黒鹿,110325,  126.5,  ,    ,44.2
13,11,03,5,京都,2,02,未勝利*,7,ダ,1,1400,良,カシノチャンプ    ,牝,2,小坂忠士,54.0,15,04,13,13,0,3.2,8,89.6,"1296",0,0,0,9,9,39.8,444,境直行,栗,0,11106062,01063,00346,0813520204,柏木務,三枝牧場,タイキシャトル,チャンジイ,"El Gran Senor",鹿毛,110402,   70.9,  ,    ,43.8
13,11,03,5,京都,2,02,未勝利*,7,ダ,1,1400,良,タイセイジャスミン,牝,2,小牧太,54.0,15,05,9,9,0,2.4,3,88.8,"1288",0,0,0,7,7,39.3,452,大橋勇樹,栗,0,11102691,00894,01065,0813520205,田中成奉,田湯牧場,プリサイスエンド,スカーレットオハラ,ブライアンズタイム,黒鹿,110307,   11.7,  ,    ,44.5
13,11,03,5,京都,2,02,未勝利*,7,ダ,1,1400,良,クラウンフラップ  ,牡,2,太宰啓介,55.0,15,06,15,15,0,3.9,6,90.3,"1303",0,0,0,3,4,41.7,462,大根田裕,栗,0,11106580,01037,01032,0813520206,クラウン,向別牧場,ゴールドアリュール,ヤシャヒメ,モガミ,栗毛,110317,   45.5,  ,    ,37.4
13,11,03,5,京都,2,02,未勝利*,7,ダ,1,1400,良,テイエムオドロキ  ,牝,2,佐久間寛,54.0,15,07,8,8,0,2.4,14,88.8,"1288",0,0,0,9,10,38.8,436,鹿戸明,栗,0,11100637,01080,00368,0813520207,竹園正繼,テイエム牧場日高支,マーベラスサンデー,テイエムビックイ,テイエムオペラオー,栗毛,110516,  353.8,  ,    ,46.6
13,11,03,5,京都,2,02,未勝利*,7,ダ,1,1400,良,イダス            ,牡,2,森一馬,52.0,15,08,11,11,0,2.6,10,89,"1290",0,0,0,11,12,38.9,488,領家政蔵,栗,0,11105151,01139,00345,0813520208,杉澤光雄,ヒカル牧場,スクリーンヒーロー,テンザンローズ,フレンチデピュティ,栗毛,110419,  104.6,  ,    ,46.6
13,11,03,5,京都,2,02,未勝利*,7,ダ,1,1400,良,タマモライト      ,牡,2,池添謙一,55.0,15,09,2,2,0,0.4,7,86.8,"1268",0,0,0,6,5,37.5,446,池添兼雄,栗,200,11101820,01032,01021,0813520209,タマモ,岡田牧場,ヨハネスブルグ,チャームライト,ワイルドラッシュ,鹿毛,110303,   52.2,  ,    ,48.6
13,11,03,5,京都,2,02,未勝利*,7,ダ,1,1400,良,サカイヤデモズ    ,牡,2,バルザロ,55.0,15,10,5,5,0,1.7,4,88.1,"1281",0,0,0,2,2,39.8,468,森秀行,栗,50,11100857,05504,00427,0813520210,北側雅司,碧雲牧場,アドマイヤジャパン,プレインエンジェル,トニービン,栗毛,110506,   17.4,  ,    ,41.0
13,11,03,5,京都,2,02,未勝利*,7,ダ,1,1400,良,ゼンノロンゴ      ,牡,2,福永祐一,55.0,15,11,1,1,0,-0.4,1,86.4,"1264",0,0,0,4,3,37.6,480,浅見秀一,栗,500,11105341,01014,00411,0813520211,大迫久美子,村上欽哉,キングカメハメハ,ウインミュートス,ダンスインザダーク,鹿毛,110120,    1.3,  ,    ,47.3
13,11,03,5,京都,2,02,未勝利*,7,ダ,1,1400,良,ナムラジョーズ    ,牡,2,国分恭介,55.0,15,12,14,14,0,3.5,13,89.9,"1299",0,0,0,14,12,39.3,526,目野哲也,栗,0,11105836,01124,00387,0813520212,奈村睦弘,谷川牧場,アドマイヤジャパン,アワーオアシス,デザートキング,栗毛,110323,  340.8,  ,    ,46.6
13,11,03,5,京都,2,02,未勝利*,7,ダ,1,1400,良,テイエムシナモン  ,牝,2,田村太雅,54.0,15,13,12,12,0,3.1,15,89.5,"1295",0,0,0,12,12,39.1,450,鹿戸明,栗,0,11100635,01105,00368,0813520213,竹園正繼,テイエム牧場日高支,テイエムオペラオー,テイエムシーズン,カコイーシーズ,鹿毛,110501,  499.3,  ,    ,46.7
13,11,03,5,京都,2,02,未勝利*,7,ダ,1,1400,良,パープルパルピナ  ,牡,2,和田翼,52.0,15,14,6,6,0,1.7,9,88.1,"1281",0,0,0,7,7,38.7,476,野村彰彦,栗,0,11101532,01146,00375,0813520214,中野銀十,三石川上牧場,タイキシャトル,スパイシーソース,"Storm Cat",鹿毛,110324,   86.3,  ,    ,45.7
13,11,03,5,京都,2,02,未勝利*,7,ダ,1,1400,良,シゲルミマサカ    ,牝,2,国分優作,54.0,15,15,3,3,0,0.8,2,87.2,"1272",0,0,0,1,1,39.1,428,湯窪幸雄,栗,130,11105378,01125,01057,0813520215,森中蕃,村上牧場,サウスヴィグラス,ボンジュールカレン,ゴールドアリュール,青鹿,110331,    5.7,  ,    ,42.3
13,11,03,5,京都,2,03,新馬・牝,15,芝,0,1600,良,ザナイトビフォー  ,牝,2,秋山真一,54.0,18,01,16,16,0,2.3,15,98.8,"1388",0,0,0,16,17,35.8,434,坪憲章,栗,0,11101916,01019,00361,0813520301,グランド牧場,グランド牧場,クロフネ,グレートハーベスト,サンデーサイレンス,芦毛,110429,  217.7,  ,    ,55.6
13,11,03,5,京都,2,03,新馬・牝,15,芝,0,1600,良,アルトゥーナ      ,牝,2,池添謙一,54.0,18,02,1,1,0,-0.2,4,96.5,"1365",0,0,0,10,11,34.4,426,長浜博之,栗,700,11104164,01032,00395,0813520302,社台レースホース,社台ファーム,ハーツクライ,インディアナカーヴ,"A.P. Indy",黒鹿,110218,   16.0,  ,    ,58.3
13,11,03,5,京都,2,03,新馬・牝,15,芝,0,1600,良,スズカシャーマン  ,牝,2,太宰啓介,54.0,18,03,18,18,0,2.3,12,98.8,"1388",0,0,0,1,1,37.4,462,藤沢則雄,栗,0,11102511,01037,01041,0813520303,永井啓弍,藤沢牧場,チチカステナンゴ,シャドウリング,タマモクロス,芦毛,110225,   97.1,  ,    ,48.5
13,11,03,5,京都,2,03,新馬・牝,15,芝,0,1600,良,タガノマイフレンド,牝,2,川島信二,54.0,18,04,10,10,0,0.7,17,97.2,"1372",0,0,0,6,5,35.5,444,高橋亮,栗,0,11103615,01062,01136,0813520304,八木良司,社台コーポレーショ,マンハッタンカフェ,スターパレード,"Parade Marshal",黒鹿,110122,  220.3,  ,    ,54.3
13,11,03,5,京都,2,03,新馬・牝,15,芝,0,1600,良,レッドオーラム    ,牝,2,小牧太,54.0,18,05,4,4,0,0.2,8,96.7,"1367",0,0,0,6,5,34.9,468,橋口弘次,栗,110,11104294,00894,00343,0813520305,東京ホースレーシン,社台ファーム,ダイワメジャー,タッチフォーゴールド,"Mr. Prospector",鹿毛,110119,   29.9,  ,    ,56.2
13,11,03,5,京都,2,03,新馬・牝,15,芝,0,1600,良,ナリタメロディ    ,牝,2,松田大作,54.0,18,06,5,5,0,0.3,7,96.8,"1368",0,0,0,2,2,35.3,422,木原一良,栗,70,11100411,01030,01033,0813520306,オースミ,白井牧場,シンボリクリスエス,ナリタシークレット,フジキセキ,青鹿,110421,   24.8,  ,    ,54.5
13,11,03,5,京都,2,03,新馬・牝,15,芝,0,1600,良,ダニカ            ,牝,2,バルザロ,54.0,18,07,7,7,0,0.4,5,96.9,"1369",0,0,0,5,5,35.2,508,池江泰寿,栗,0,11100614,05504,01071,0813520307,H.H.シェイク・モハ,ダーレー・ジャパン,Bernardini,ロイヤルバラード,"Elusive Quality",黒鹿,110129,   16.4,  ,    ,55.2
13,11,03,5,京都,2,03,新馬・牝,15,芝,0,1600,良,アルカンジュ      ,牝,2,和田竜二,54.0,18,08,6,6,0,0.3,13,96.8,"1368",0,0,0,3,2,35.3,422,鈴木孝志,栗,0,11103827,01018,01111,0813520308,小林竜太郎,ノーザンファーム,チチカステナンゴ,キャンディーストア,スペシャルウィーク,芦毛,110321,  170.3,  ,    ,54.5
13,11,03,5,京都,2,03,新馬・牝,15,芝,0,1600,良,プレイフォーマザー,牝,2,内田博幸,54.0,18,09,12,12,0,1,11,97.5,"1375",0,0,0,9,9,35.5,436,池江泰寿,栗,0,11100429,00422,01071,0813520309,嶋田賢,シンコーファーム,ディープスカイ,シンコウラブリイ,Caerleon,鹿毛,110530,   81.3,  ,    ,54.8
13,11,03,5,京都,2,03,新馬・牝,15,芝,0,1600,良,ヤマニンエルフィン,牝,2,松山弘平,54.0,18,10,8,8,0,0.4,6,96.9,"1369",0,0,0,3,2,35.3,458,柴田政見,栗,0,11103348,01126,00406,0813520310,土井肇,廣田伉助,スウィフトカレント,ヤマニングロワール,フレンチデピュティ,鹿毛,110212,   20.0,  ,    ,54.7
13,11,03,5,京都,2,03,新馬・牝,15,芝,0,1600,良,パーティードレス  ,牝,2,Ｍ．デム,54.0,18,11,13,13,0,1.1,9,97.6,"1376",0,0,0,11,12,35.3,462,松永幹夫,栗,0,11104230,05212,01092,0813520311,原禮子,社台ファーム,デュランダル,グロンシャール,ヘクタープロテクター,栗毛,110326,   43.8,  ,    ,55.9
13,11,03,5,京都,2,03,新馬・牝,15,芝,0,1600,良,ウィステリアカフナ,牝,2,武幸四郎,54.0,18,12,14,14,0,1.6,16,98.1,"1381",0,0,0,14,15,35.6,458,千田輝彦,栗,0,11105334,01026,01120,0813520312,大迫基弘,村上欽哉,スペシャルウィーク,ウインキナウ,キングカメハメハ,黒鹿,110528,  219.2,  ,    ,55.3
13,11,03,5,京都,2,03,新馬・牝,15,芝,0,1600,良,ジューンヴィエナ  ,牝,2,藤岡康太,54.0,18,13,15,15,0,2,14,98.5,"1385",0,0,0,17,16,35.5,438,小原伊佐,栗,0,11102376,01116,00337,0813520313,吉川潤,西村和夫,カンパニー,ゴルトクローネ,ラムタラ,鹿毛,110215,  182.6,  ,    ,56.5
13,11,03,5,京都,2,03,新馬・牝,15,芝,0,1600,良,アドマイヤウイング,牝,2,川田将雅,54.0,18,14,3,3,0,0.2,3,96.7,"1367",0,0,0,11,9,34.6,464,松田博資,栗,180,11103816,01088,00348,0813520314,近藤利一,ノーザンファーム,スペシャルウィーク,カリズマティックゴールド,Charismatic,鹿毛,110321,   11.7,  ,    ,57.7
13,11,03,5,京都,2,03,新馬・牝,15,芝,0,1600,良,タマモチョコパフェ,牝,2,国分優作,54.0,18,15,2,2,0,0.2,10,96.7,"1367",0,0,0,8,5,34.8,434,南井克巳,栗,280,11102530,01125,01049,0813520315,タマモ,フジワラフアーム,マンハッタンカフェ,ゼリービーン,タイキシャトル,鹿毛,110303,   69.4,  ,    ,56.7
13,11,03,5,京都,2,03,新馬・牝,15,芝,0,1600,良,リリコイパイ      ,牝,2,岩田康誠,54.0,18,16,9,9,0,0.5,2,97,"1370",0,0,0,13,12,34.6,444,藤原英昭,栗,0,11100783,05203,01055,0813520316,金子真人ホールディ,日高大洋牧場,ディープインパクト,クイーンカアフマヌ,"King's Best",鹿毛,110418,    7.7,  ,    ,58.2
13,11,03,5,京都,2,03,新馬・牝,15,芝,0,1600,良,ハナズフィフティ  ,牝,2,森一馬,51.0,18,17,17,17,0,2.3,18,98.8,"1388",0,0,0,17,18,35.5,438,加藤和宏,美,0,11101610,01139,01077,0813520317,M.タバート,山野牧場,スウィフトカレント,ナナミメロディー,"Sri Pekan",黒鹿,110309,  365.2,  ,    ,57.0
13,11,03,5,京都,2,03,新馬・牝,15,芝,0,1600,良,ロザリンド        ,牝,2,福永祐一,54.0,18,18,11,11,0,0.8,1,97.3,"1373",0,0,0,15,12,34.7,480,角居勝彦,栗,0,11103895,01014,01053,0813520318,キャロットファーム,ノーザンファーム,シンボリクリスエス,シーザリオ,スペシャルウィーク,黒鹿,110203,    1.4,  ,    ,58.2
13,11,03,5,京都,2,04,障害未勝利,7,ダ,3,2910,良,ナシュワンヒーロー,牡,6,林満明,60.0,14,01,8,8,0,1.6,5,199.3,"3193",0,2,2,7,5,13.7,462,藤岡範士,栗,0,07100899,00655,00289,0813520401,間野隆司,へいはた牧場,バゴ,レガシークラウド,アーミジャー,栗毛,070331,   15.5,  ,    , 0.0
13,11,03,5,京都,2,04,障害未勝利,7,ダ,3,2910,良,キーメール        ,牡,4,江田勇亮,60.0,14,02,9,9,0,2.4,11,200.1,"3201",0,5,4,5,6,13.8,500,南田美知,美,0,09104779,01023,00437,0813520402,北前孔一郎,高瀬敦,タヤスツヨシ,キーラッキー,ティンバーカントリー,鹿毛,090404,   88.5,  ,    , 0.0
13,11,03,5,京都,2,04,障害未勝利,7,ダ,3,2910,良,ヤマニンアーマー  ,牡,5,白浜雄造,60.0,14,03,2,2,0,0,2,197.7,"3177",0,4,4,1,1,13.6,472,浅見秀一,栗,280,08104791,01035,00411,0813520403,土井肇,錦岡牧場,ヤマニンセラフィム,ヤマニンファセット,ムタファーウエク,鹿毛,080213,    3.2,  ,    , 0.0
13,11,03,5,京都,2,04,障害未勝利,7,ダ,3,2910,良,アイアンラチェット,牡,6,田村太雅,60.0,14,04,1,1,0,0,4,197.7,"3177",0,8,9,3,3,13.6,498,坪憲章,栗,700,07103300,01105,00361,0813520404,池上一馬,ノーザンファーム,サクラバクシンオー,ピールオブサンダー,Theatrical,黒鹿,070424,    7.6,  ,    , 0.0
13,11,03,5,京都,2,04,障害未勝利,7,ダ,3,2910,良,ウォンテッド      ,牡,3,平沢健治,58.0,14,05,4,4,0,0.4,7,198.1,"3181",0,6,6,2,2,13.6,480,松田国英,栗,110,10102603,01067,01011,0813520405,谷水雄三,カントリー牧場,タニノギムレット,タニノホロホロ,トニービン,黒鹿,100501,   32.0,  ,    , 0.0
13,11,03,5,京都,2,04,障害未勝利,7,ダ,3,2910,良,テイエムダイエース,牡,3,草野太郎,58.0,14,06,11,11,0,2.7,9,200.4,"3204",0,11,11,11,11,13.8,480,五十嵐忠,栗,0,10101644,01113,00422,0813520406,竹園正繼,松本牧場,マンハッタンカフェ,トゥインクルレイン,"Gilded Time",鹿毛,100417,   40.8,  ,    , 0.0
13,11,03,5,京都,2,04,障害未勝利,7,ダ,3,2910,良,ハジメレンジャー  ,牡,7,森一馬,57.0,14,07,7,7,0,1.4,10,199.1,"3191",0,10,10,10,10,13.7,496,小野幸治,栗,0,06105164,01139,00350,0813520407,池田實,新井昭二,ブラックタキシード,シアトルブリッジ,スキャン,鹿毛,060430,   54.8,  ,    , 0.0
13,11,03,5,京都,2,04,障害未勝利,7,ダ,3,2910,良,アマクサハイヤ    ,牡,4,難波剛健,60.0,14,08,12,12,0,3,14,200.7,"3207",0,12,11,12,12,13.8,512,加藤敬二,栗,0,09100288,01066,00379,0813520408,奈良崎孝一郎,大柳ファーム,ルールオブロー,メイクアスメリー,"Easy Goer",青鹿,090315,  210.9,  ,    , 0.0
13,11,03,5,京都,2,04,障害未勝利,7,ダ,3,2910,良,トキノフウジン    ,牡,6,西谷誠,60.0,14,09,5,5,0,0.8,1,198.5,"3185",0,1,1,9,9,13.6,456,昆貢,栗,70,07105064,01005,01044,0813520409,田中準市,村田牧場,キングヘイロー,ラヴァーズレーン,メジロライアン,黒鹿,070408,    3.2,  ,    , 0.0
13,11,03,5,京都,2,04,障害未勝利,7,ダ,3,2910,良,キープトライン    ,牡,3,五十嵐雄,58.0,14,10,10,10,0,2.7,13,200.4,"3204",0,2,2,5,7,13.8,488,粕谷昌央,美,0,10101660,01069,01096,0813520410,岡田牧雄,三石川上牧場,アルカセット,タカノヒカル,ジェネラス,鹿毛,100516,  178.4,  ,    , 0.0
13,11,03,5,京都,2,04,障害未勝利,7,ダ,3,2910,良,カリスマアキラ    ,牡,4,金子光希,60.0,14,11,14,14,0,10.8,12,208.5,"3285",0,14,14,14,14,14.3,484,上原博之,美,0,09102603,01052,00423,0813520411,"Him Rock Racing",タバタファーム,スターリングローズ,ロイヤルアタック,ジェネラス,栗毛,090402,  128.1,  ,    , 0.0
13,11,03,5,京都,2,04,障害未勝利,7,ダ,3,2910,良,テイエムドンマイ  ,牡,5,北沢伸也,60.0,14,12,6,6,0,0.8,3,198.5,"3185",0,6,7,8,7,13.6,512,福島信晴,栗,0,08102127,00691,00396,0813520412,竹園正繼,高岸順一,プリサイスエンド,エンピリカル,Miswaki,黒鹿,080326,    4.0,  ,    , 0.0
13,11,03,5,京都,2,04,障害未勝利,7,ダ,3,2910,良,コウエイレディー  ,牝,3,中村将之,56.0,14,13,3,3,0,0.3,6,198,"3180",0,8,8,3,3,13.6,458,松元茂樹,栗,180,10105455,01101,00419,0813520413,西岡静男,小泉牧場,タニノギムレット,タケカワルキューレ,ダンスインザダーク,鹿毛,100302,   17.3,  ,    , 0.0
13,11,03,5,京都,2,04,障害未勝利,7,ダ,3,2910,良,ハマノヴィグラス  ,牡,4,黒岩悠,60.0,14,14,13,13,0,5,8,202.7,"3227",0,13,13,13,13,13.9,516,服部利之,栗,0,09103112,01072,01040,0813520414,浜井弘至,モリナガファーム,サウスヴィグラス,ミラクルファンタジ,スキャン,栗毛,090418,   40.6,  ,    , 0.0
13,11,03,5,京都,2,05,新馬,15,芝,8,1800,良,アスターノワール  ,牡,2,川須栄彦,55.0,16,01,15,15,0,2.3,14,112.8,"1528",0,0,0,11,12,35.4,522,加藤敬二,栗,0,11105653,01128,00379,0813520501,加藤久枝,川越ファーム,マンハッタンカフェ,アクアブルーマーチ,タイキシャトル,黒鹿,110315,  125.9,  ,    ,59.3
13,11,03,5,京都,2,05,新馬,15,芝,8,1800,良,ジョウノムサシ    ,牡,2,Ｍ．デム,55.0,16,02,2,2,0,0,3,110.5,"1505",0,0,0,3,3,34,478,森秀行,栗,280,11100290,05212,00427,0813520502,小川義勝,三城牧場,バゴ,ジョウノカトリーヌ,サンデーサイレンス,鹿毛,110421,    5.3,  ,    ,62.5
13,11,03,5,京都,2,05,新馬,15,芝,8,1800,良,ルヴァンカー      ,牡,2,内田博幸,55.0,16,03,10,10,0,0.9,6,111.4,"1514",0,0,0,8,9,34.3,466,小崎憲,栗,0,11103602,00422,01085,0813520503,キャロットファーム,社台コーポレーショ,ステイゴールド,シャンスイ,スウェプトオーヴァーボード,鹿毛,110416,   10.2,  ,    ,62.4
13,11,03,5,京都,2,05,新馬,15,芝,8,1800,良,サルターレ        ,牝,2,浜中俊,54.0,16,04,11,11,0,1.1,10,111.6,"1516",0,0,0,8,9,34.5,428,田中章博,栗,0,11100986,01115,00413,0813520504,山口敦広,門別牧場,ケイムホーム,エクレラージュ,Dehere,栗毛,110521,   34.1,  ,    ,61.7
13,11,03,5,京都,2,05,新馬,15,芝,8,1800,良,テイエムイチリュウ,牡,2,国分優作,55.0,16,05,14,14,0,2,12,112.5,"1525",0,0,0,11,12,35.1,480,五十嵐忠,栗,0,11101602,01125,00422,0813520505,竹園正繼,山際牧場,バゴ,サンデーブレーヴ,ダンシングブレーヴ,栗毛,110312,   68.3,  ,    ,60.3
13,11,03,5,京都,2,05,新馬,15,芝,8,1800,良,ポメグラネイト    ,牡,2,岩田康誠,55.0,16,06,13,13,0,2,8,112.5,"1525",0,0,0,14,15,34.8,534,長浜博之,栗,0,11100016,05203,00395,0813520506,畑佐博,天羽牧場,ダイワメジャー,フレンチバージン,フレンチデピュティ,栗毛,110122,   16.8,  ,    ,61.6
13,11,03,5,京都,2,05,新馬,15,芝,8,1800,良,マルシゲダイハード,牡,2,幸英明,55.0,16,07,7,7,0,0.8,15,111.3,"1513",0,0,0,5,5,34.5,492,湯窪幸雄,栗,0,11103052,00732,01057,0813520507,坂東島繁藤,馬道繁樹,アドマイヤドン,ルビーバーミリオン,コマンダーインチーフ,鹿毛,110505,  146.7,  ,    ,61.3
13,11,03,5,京都,2,05,新馬,15,芝,8,1800,良,ウォーターブギウギ,牡,2,武幸四郎,55.0,16,08,12,12,0,1.2,11,111.7,"1517",0,0,0,2,2,35.6,474,田所秀孝,栗,0,11103363,01026,01009,0813520508,山岡正人,伏木田牧場,ダンスインザダーク,ウォーターゾラ,"High Yield",栗毛,110402,   62.8,  ,    ,56.9
13,11,03,5,京都,2,05,新馬,15,芝,8,1800,良,ティーエスキング  ,牡,2,太宰啓介,55.0,16,09,16,16,0,5.4,16,115.9,"1559",0,0,0,16,16,37.8,500,岩元市三,栗,0,11101858,01037,00397,0813520509,田畑利彦,片岡博,キングヘイロー,クールグレース,フォーティナイナー,芦毛,110311,  153.1,  ,    ,53.3
13,11,03,5,京都,2,05,新馬,15,芝,8,1800,良,アクトナチュラリー,牝,2,四位洋文,54.0,16,10,5,5,0,0.4,1,110.9,"1509",0,0,0,5,7,34,462,昆貢,栗,70,11101918,00700,01044,0813520510,グランド牧場,グランド牧場,ディープインパクト,シャイアーズエンデ,"El Prado",鹿毛,110522,    4.4,  ,    ,63.1
13,11,03,5,京都,2,05,新馬,15,芝,8,1800,良,ワイルドバローズ  ,牡,2,松山弘平,55.0,16,11,9,9,0,0.8,13,111.3,"1513",0,0,0,15,14,33.6,450,藤沢則雄,栗,0,11102671,01126,01041,0813520511,猪熊広次,矢野牧場,ネオユニヴァース,ヤナビ,"Silver Hawk",黒鹿,110515,   72.0,  ,    ,65.6
13,11,03,5,京都,2,05,新馬,15,芝,8,1800,良,ベストガーディアン,牝,2,北村友一,54.0,16,12,8,8,0,0.8,7,111.3,"1513",0,0,0,11,11,34,544,大根田裕,栗,0,11105926,01102,01032,0813520512,宮川純造,富田牧場,ハーツクライ,ファストルック,"Seeking the Gold",鹿毛,110505,   15.5,  ,    ,63.7
13,11,03,5,京都,2,05,新馬,15,芝,8,1800,良,デビル            ,牡,2,福永祐一,55.0,16,13,4,4,0,0.4,4,110.9,"1509",0,0,0,3,3,34.3,510,笹田和秀,栗,110,11103922,01014,01104,0813520513,寺田寿男,ノーザンファーム,ダイワメジャー,スプリットザナイト,トニービン,黒鹿,110310,    7.5,  ,    ,61.7
13,11,03,5,京都,2,05,新馬,15,芝,8,1800,良,アドマイヤデウス  ,牡,2,和田竜二,55.0,16,14,3,3,0,0.2,9,110.7,"1507",0,0,0,8,7,33.7,470,橋田満,栗,180,11105911,01018,00362,0813520514,近藤利一,辻牧場,アドマイヤドン,ロイヤルカード,サンデーサイレンス,栗毛,110606,   17.9,  ,    ,64.2
13,11,03,5,京都,2,05,新馬,15,芝,8,1800,良,アルティメイタム  ,牡,2,バルザロ,55.0,16,15,1,1,0,0,5,110.5,"1505",0,0,0,1,1,34.4,492,藤原英昭,栗,700,11100532,05504,01055,0813520515,H.H.シェイク・モハ,ダーレー・ジャパン,ディープスカイ,キュームレイト,"Gone West",鹿毛,110214,    9.0,  ,    ,60.6
13,11,03,5,京都,2,05,新馬,15,芝,8,1800,良,ジェットブラック  ,牡,2,藤岡康太,55.0,16,16,6,6,0,0.6,2,111.1,"1511",0,0,0,5,5,34.3,484,友道康夫,栗,0,11103992,01116,01061,0813520516,キャロットファーム,ノーザンファーム,ゼンノロブロイ,ハルーワソング,Nureyev,青毛,110227,    4.4,  ,    ,62.0
13,11,03,5,京都,2,06,500万下*,23,ダ,1,1200,良,ルイカズマ        ,牡,2,幸英明,55.0,14,01,6,6,0,1,1,73.1,"1131",0,0,0,11,11,37.3,482,西浦勝一,栗,0,11101915,00732,01016,0813520601,雅苑興業,グランド牧場,パイロ,グランドホイッスル,シアトルスズカ,鹿毛,110306,    2.9,  ,    ,46.0
13,11,03,5,京都,2,06,500万下*,23,ダ,1,1200,良,エンドレスシャイン,牡,2,松山弘平,55.0,14,02,8,8,0,1.4,12,73.5,"1135",0,0,0,7,6,37.9,428,鈴木孝志,栗,0,11100419,01126,01111,0813520602,岡田牧雄,白井牧場,ヨハネスブルグ,マコトエンエン,サンデーサイレンス,鹿毛,110511,  163.1,  ,    ,43.9
13,11,03,5,京都,2,06,500万下*,23,ダ,1,1200,良,トリックデック    ,牡,2,岩田康誠,55.0,14,03,3,3,0,0.7,3,72.8,"1128",0,0,0,4,4,37.6,450,松永幹夫,栗,180,11105081,05203,01092,0813520603,前田幸治,ノースヒルズ,ゴールドアリュール,グッバイマイラブ,ノーザンテースト,栗毛,110310,    4.9,  ,    ,43.6
13,11,03,5,京都,2,06,500万下*,23,ダ,1,1200,良,ミヤジカールソン  ,牡,2,浜中俊,55.0,14,04,11,11,0,1.6,5,73.7,"1137",0,0,0,5,8,38.2,494,本田優,栗,0,11105654,01115,01099,0813520604,曽我司,川越ファーム,キングカメハメハ,ケイアイバラード,リヴリア,鹿毛,110412,   11.8,  ,    ,42.9
13,11,03,5,京都,2,06,500万下*,23,ダ,1,1200,良,プロスパー        ,牡,2,小牧太,55.0,14,05,5,5,0,1,4,73.1,"1131",0,0,0,5,4,37.6,470,白井寿昭,栗,70,11105077,00894,00201,0813520605,前田晋二,ノースヒルズ,タニノギムレット,オーディエンス,スペシャルウィーク,黒鹿,110316,    9.9,  ,    ,44.4
13,11,03,5,京都,2,06,500万下*,23,ダ,1,1200,良,ニホンピロアンバー,牝,2,酒井学,54.0,14,06,10,10,0,1.6,9,73.7,"1137",0,0,0,1,1,39,440,田所秀孝,栗,0,11102347,01034,01009,0813520606,小林百太郎,友田牧場,スウェプトオーヴァーボード,ニホンピロエミリー,デヒア,青鹿,110312,   31.3,  ,    ,39.0
13,11,03,5,京都,2,06,500万下*,23,ダ,1,1200,良,タマモエスカルゴ  ,牝,2,和田翼,51.0,14,07,7,7,0,1.1,11,73.2,"1132",0,0,0,2,2,38.4,450,伊藤圭三,美,0,11102613,01146,01023,0813520607,タマモ,前田牧場,ケイムホーム,チャームレディ,アグネスタキオン,青鹿,110424,   39.7,  ,    ,40.6
13,11,03,5,京都,2,06,500万下*,23,ダ,1,1200,良,メイショウカフウ  ,牡,2,武幸四郎,55.0,14,08,2,2,0,0.7,10,72.8,"1128",0,0,0,13,12,36.7,466,藤沢則雄,栗,280,11106193,01026,01041,0813520608,松本和子,吉田又治,スタチューオブリバティ,キタノフラワー,バブルガムフェロー,鹿毛,110516,   33.1,  ,    ,48.4
13,11,03,5,京都,2,06,500万下*,23,ダ,1,1200,良,アーネストミノル  ,牡,2,北村友一,55.0,14,09,4,4,0,0.8,6,72.9,"1129",0,0,0,10,12,37.1,430,北出成人,栗,110,11102537,01102,01078,0813520609,吉岡實,フジワラフアーム,スウェプトオーヴァーボード,チアズガディス,フレンチデピュティ,鹿毛,110310,   18.5,  ,    ,46.5
13,11,03,5,京都,2,06,500万下*,23,ダ,1,1200,良,フェブノヘア      ,牝,2,和田竜二,54.0,14,10,13,13,0,2.2,7,74.3,"1143",0,0,0,7,6,38.6,434,川村禎彦,栗,0,11103406,01018,01003,0813520610,釘田義広,村中牧場,ヨハネスブルグ,ミヤジマッドレー,アグネスタキオン,栗毛,110320,   27.9,  ,    ,42.5
13,11,03,5,京都,2,06,500万下*,23,ダ,1,1200,良,クリノプリムラ    ,牝,2,国分優作,54.0,14,11,12,12,0,2.1,13,74.2,"1142",0,0,0,7,8,38.4,424,梅内忍,栗,0,11100713,01125,00398,0813520611,栗本博晴,日西牧場,メイショウホウオウ,キシュウマドンナ,トワイニング,栗毛,110327,  171.0,  ,    ,43.2
13,11,03,5,京都,2,06,500万下*,23,ダ,1,1200,良,トラストフェアリー,牝,2,大野拓弥,54.0,14,12,9,9,0,1.6,8,73.7,"1137",0,0,0,11,8,37.8,420,羽月友彦,栗,0,11103054,01096,01091,0813520612,菅波雅巳,梅田牧場,ケイムホーム,アブラシオ,グラスワンダー,栗毛,110420,   28.1,  ,    ,45.0
13,11,03,5,京都,2,06,500万下*,23,ダ,1,1200,良,ニシケンモノノフ  ,牡,2,福永祐一,55.0,14,13,1,1,0,-0.7,2,72.1,"1121",0,0,0,3,2,37.1,494,領家政蔵,栗,700,11105438,01014,00345,0813520613,西森鶴,八木常郎,メイショウボーラー,グリーンヒルコマチ,アフリート,栗毛,110311,    3.4,  ,    ,44.3
13,11,03,5,京都,2,06,500万下*,23,ダ,1,1200,良,アピロボーイ      ,牡,2,森一馬,52.0,14,14,0,0,1,999.9,0,0,"----",0,0,0,0,0,0,0,松永昌博,栗,0,11102561,01139,01083,0813520614,吉岡泰治,藤原牧場,シニスターミニスター,エアソーニャ,アグネスタキオン,鹿毛,110511,    0.0,  ,    , 0.0
13,11,03,5,京都,2,07,500万下,23,芝,0,2000,良,アドマイヤディープ,牡,3,内田博幸,55.0,13,01,3,3,0,0.1,3,120.4,"2004",0,11,11,5,5,33.9,488,友道康夫,栗,180,10104156,00422,01061,0813520701,近藤利一,ノーザンファーム,ディープインパクト,シーズアン,Zieten,鹿毛,100429,    7.4,  ,    ,59.4
13,11,03,5,京都,2,07,500万下,23,芝,0,2000,良,フロアクラフト    ,牝,3,松山弘平,53.0,13,02,1,1,0,0,4,120.3,"2003",0,2,4,3,1,33.9,500,西園正都,栗,720,10104347,01126,01028,0813520702,キャロットファーム,ノーザンファーム,フジキセキ,リッチダンサー,Halling,黒鹿,100505,    9.2,  ,    ,59.2
13,11,03,5,京都,2,07,500万下,23,芝,0,2000,良,ウエスタンディオ  ,牡,6,浜中俊,57.0,13,03,9,9,0,0.8,11,121.1,"2011",0,1,2,1,4,35,490,千田輝彦,栗,0,07100903,01115,01120,0813520703,西川賢,北西牧場,フレンチデピュティ,ウエスタンシャープ,サンデーサイレンス,鹿毛,070504,   59.8,  ,    ,55.4
13,11,03,5,京都,2,07,500万下,23,芝,0,2000,良,サンライズタイセイ,牡,3,四位洋文,55.0,13,04,8,8,0,0.6,9,120.9,"2009",0,9,10,12,12,33.6,462,増本豊,栗,0,10106549,00700,00301,0813520704,松岡隆雄,ヤナガワ牧場,ディープインパクト,タイセイエトワール,トニービン,鹿毛,100428,   23.0,  ,    ,61.4
13,11,03,5,京都,2,07,500万下,23,芝,0,2000,良,ヤマニンプードレ  ,牝,3,Ｍ．デム,53.0,13,05,2,2,0,0,8,120.3,"2003",0,7,8,9,11,33.2,474,河内洋,栗,290,10105807,05212,01072,0813520705,土井肇,錦岡牧場,チチカステナンゴ,ヤマニンカルフール,エリシオ,芦毛,100422,   21.2,  ,    ,62.4
13,11,03,5,京都,2,07,500万下,23,芝,0,2000,良,ミッキータイガー  ,牡,3,小牧太,55.0,13,06,11,11,0,0.9,7,121.2,"2012",0,13,13,12,12,34,488,橋口弘次,栗,0,10104033,00894,00343,0813520706,野田みづき,ノーザンファーム,キングカメハメハ,アルフォンシーヌ,サンデーサイレンス,鹿毛,100124,   14.7,  ,    ,59.9
13,11,03,5,京都,2,07,500万下,23,芝,0,2000,良,ハッピーモーメント,牡,3,バルザロ,55.0,13,07,5,5,0,0.2,1,120.5,"2005",0,4,1,2,2,34.3,472,角居勝彦,栗,72,10104022,05504,01053,0813520707,サンデーレーシング,ノーザンファーム,ディープインパクト,アドマイヤハッピー,トニービン,鹿毛,100422,    2.3,  ,    ,57.7
13,11,03,5,京都,2,07,500万下,23,芝,0,2000,良,ディープウェーブ  ,牡,3,川田将雅,55.0,13,08,7,7,0,0.6,6,120.9,"2009",0,12,12,9,8,33.9,432,松田博資,栗,0,10104503,01088,00348,0813520708,万波健二,社台コーポレーショ,ディープインパクト,ラリーズン,Labeeb,青鹿,100130,    9.3,  ,    ,60.0
13,11,03,5,京都,2,07,500万下,23,芝,0,2000,良,ディープサウス    ,牝,3,福永祐一,53.0,13,09,6,6,0,0.5,5,120.8,"2008",0,9,8,9,9,33.8,456,松永幹夫,栗,0,10104178,01014,01092,0813520709,窪田康志,ノーザンファーム,ディープインパクト,ストレイトフロムテキサス,"Judge T C",青毛,100326,    9.2,  ,    ,60.3
13,11,03,5,京都,2,07,500万下,23,芝,0,2000,良,プラチナテーラー  ,牝,3,藤岡康太,53.0,13,10,10,10,0,0.8,10,121.1,"2011",0,2,3,3,2,34.7,454,宮徹,栗,0,10102455,01116,01018,0813520710,中西浩一,岡田スタツド,ジャングルポケット,シャルムダンサー,"Groom Dancer",鹿毛,100509,   46.0,  ,    ,56.7
13,11,03,5,京都,2,07,500万下,23,芝,0,2000,良,ヒシアルコル      ,牝,4,菱田裕二,54.0,13,11,12,12,0,1,13,121.3,"2013",0,7,7,7,9,34.5,456,佐山優,栗,0,09101220,01144,00357,0813520711,阿部雅英,中村雅明,ダイワメジャー,ヒシピナクル,Theatrical,鹿毛,090319,  400.3,  ,    ,57.8
13,11,03,5,京都,2,07,500万下,23,芝,0,2000,良,エーシンハクリュー,牡,3,岩田康誠,55.0,13,12,4,4,0,0.1,2,120.4,"2004",0,4,5,7,6,33.6,510,藤岡健一,栗,110,10104639,05203,01062,0813520712,栄進堂,栄進牧場,ジャングルポケット,エイシンビーナス,サンデーサイレンス,芦毛,100417,    6.1,  ,    ,60.7
13,11,03,5,京都,2,07,500万下,23,芝,0,2000,良,シゲルオオカミザ  ,牡,3,国分優作,55.0,13,13,13,13,0,1.3,12,121.6,"2016",0,4,5,5,6,35,472,服部利之,栗,0,10105889,01125,01040,0813520713,森中蕃,浜口牧場,フォーティナイナーズサン,テンザンノゾミ,ジェネラス,栗毛,100501,  397.6,  ,    ,56.0
13,11,03,5,京都,2,08,500万下,23,ダ,1,1200,良,エイユーラピス    ,牝,4,藤田伸二,55.0,16,01,10,10,0,1.4,10,72.4,"1124",0,0,0,7,8,37.6,478,飯田雄三,栗,0,09103967,00705,01050,0813520801,笹部和子,飛野牧場,ファスリエフ,コスモリバー,ヘクタープロテクター,鹿毛,090428,   26.7,  ,    ,42.6
13,11,03,5,京都,2,08,500万下,23,ダ,1,1200,良,シルクバーニッシュ,牡,4,福永祐一,57.0,16,02,16,16,0,2.7,1,73.7,"1137",0,0,0,1,2,39.6,494,領家政蔵,栗,0,09102068,01014,00345,0813520802,シルクレーシング,坂東牧場,アドマイヤムーン,ビービーバーニング,バブルガムフェロー,鹿毛,090326,    3.8,  ,    ,36.1
13,11,03,5,京都,2,08,500万下,23,ダ,1,1200,良,エイシンテキサス  ,牡,3,和田竜二,56.0,16,03,5,5,0,0.5,7,71.5,"1115",0,0,0,2,1,37.4,482,松元茂樹,栗,72,10110110,01018,00419,0813520803,平井克彦,"Redmon Farm LLC",Speightstown,"Stylish Wildcat","Forest Wildcat",青毛,100228,   13.2,  ,    ,41.2
13,11,03,5,京都,2,08,500万下,23,ダ,1,1200,良,マッキンリー      ,牡,5,藤岡康太,57.0,16,04,11,11,0,1.6,12,72.6,"1126",0,0,0,10,10,37.5,520,柴田光陽,栗,0,08101256,01116,00400,0813520804,林進,浦河日成牧場,ストラヴィンスキー,バルバラ,Slewpy,鹿毛,080403,   65.0,  ,    ,43.6
13,11,03,5,京都,2,08,500万下,23,ダ,1,1200,良,ローレルボルケーノ,牡,4,秋山真一,57.0,16,05,2,2,0,0.1,4,71.1,"1111",0,0,0,5,4,36.5,522,山内研二,栗,290,09104133,01019,00388,0813520805,ローレルレーシング,藤川フアーム,ファスリエフ,コンゴウエンジェル,"Salt Lake",鹿毛,090428,    7.3,  ,    ,44.8
13,11,03,5,京都,2,08,500万下,23,ダ,1,1200,良,アスターストーム  ,牡,3,幸英明,56.0,16,06,14,14,0,1.9,9,72.9,"1129",0,0,0,3,3,38.6,482,武田博,栗,0,10110066,00732,00224,0813520806,加藤久枝,"Mineola Farm II LL","Tale of the Cat",Spread,"Coronado's Quest",鹿毛,100319,   20.0,  ,    ,38.9
13,11,03,5,京都,2,08,500万下,23,ダ,1,1200,良,ロケットダッシュ  ,牡,3,松山弘平,56.0,16,07,15,15,0,2.2,8,73.2,"1132",0,0,0,13,14,37.6,484,吉田直弘,栗,0,10110109,01126,01101,0813520807,キャロットファーム,"Northwest Farms LL","Bluegrass Cat","Unfinished Dream","Silver Deputy",鹿毛,100423,   18.4,  ,    ,44.7
13,11,03,5,京都,2,08,500万下,23,ダ,1,1200,良,ヒラボクダッシュ  ,牡,4,北村友一,57.0,16,08,6,6,0,0.6,5,71.6,"1116",0,0,0,11,12,36.3,452,加藤敬二,栗,0,09100287,01102,00379,0813520808,平田牧場,大柳ファーム,ケイムホーム,ヒラボクキャロル,ダンスインザダーク,栗毛,090308,   12.5,  ,    ,47.2
13,11,03,5,京都,2,08,500万下,23,ダ,1,1200,良,サイズミックレディ,牝,5,酒井学,55.0,16,09,13,13,0,1.8,13,72.8,"1128",0,0,0,3,4,38.4,504,田所秀孝,栗,0,08105573,01034,01009,0813520809,細谷典幸,下河辺牧場,サクラバクシンオー,スイートテイスト,"Salt Lake",鹿毛,080416,   66.6,  ,    ,39.6
13,11,03,5,京都,2,08,500万下,23,ダ,1,1200,良,ヴィクタシア      ,牝,4,岩田康誠,55.0,16,10,1,1,0,-0.1,11,71,"1110",0,0,0,8,7,36,496,千田輝彦,栗,720,09110044,05203,01120,0813520810,前原敏行,"Dr. Masatake Iida","Bluegrass Cat",Toroca,Nureyev,黒鹿,090415,   41.2,  ,    ,47.2
13,11,03,5,京都,2,08,500万下,23,ダ,1,1200,良,ゴールデンオブジェ,牡,5,国分優作,57.0,16,11,9,9,0,1.2,15,72.2,"1122",0,0,0,14,14,36.5,472,加用正,栗,0,08105742,01125,00425,0813520811,協栄,タバタファーム,ステイゴールド,セントクリスマス,コマンダーインチーフ,栗毛,080411,  210.4,  ,    ,47.8
13,11,03,5,京都,2,08,500万下,23,ダ,1,1200,良,グランプリブルー  ,牡,4,浜中俊,57.0,16,12,7,7,0,0.9,3,71.9,"1119",0,0,0,11,10,36.6,478,牧浦充徳,栗,0,09106270,01115,01113,0813520812,北側雅勝,ノーザンファーム,トワイニング,パーシャンブルー,サンデーサイレンス,栗毛,090310,    5.8,  ,    ,46.4
13,11,03,5,京都,2,08,500万下,23,ダ,1,1200,良,スランジバール    ,牡,4,Ｍ．デム,57.0,16,13,3,3,0,0.3,2,71.3,"1113",0,0,0,5,4,36.8,474,佐々木晶,栗,180,09100667,05212,00429,0813520813,日進牧場,日進牧場,ケイムホーム,キティーパラダイス,パラダイスクリーク,鹿毛,090423,    4.1,  ,    ,43.8
13,11,03,5,京都,2,08,500万下,23,ダ,1,1200,良,テイエムキュウベエ,牡,4,国分恭介,57.0,16,14,8,8,0,0.9,16,71.9,"1119",0,0,0,14,13,36.1,506,柴田政見,栗,0,09109243,01124,00406,0813520814,竹園正繼,テイエム牧場,ストラヴィンスキー,テイエムグラマー,フォーティナイナー,栗毛,090330,  290.7,  ,    ,49.2
13,11,03,5,京都,2,08,500万下,23,ダ,1,1200,良,ライオンズバイツ  ,牡,3,四位洋文,56.0,16,15,4,4,0,0.3,6,71.3,"1113",0,0,0,16,14,35.3,464,増本豊,栗,110,10110140,00700,00301,0813520815,黒岩晴男,"Green Gates Farm","Lion Heart",Matsue,Lure,鹿毛,100211,   13.2,  ,    ,52.0
13,11,03,5,京都,2,08,500万下,23,ダ,1,1200,良,サマーハピネス    ,牝,4,菱田裕二,54.0,16,16,12,12,0,1.6,14,72.6,"1126",0,0,0,8,8,37.6,490,松元茂樹,栗,0,09102476,01144,00419,0813520816,セゾンレースホース,下河辺牧場,アグネスタキオン,ビッグハッピー,アフリート,鹿毛,090426,  127.4,  ,    ,43.1
13,11,03,5,京都,2,09,嵯峨野Ｈ1000,43,ダ,1,1800,良,タガノギャラクシー,牡,3,小牧太,53.0,16,01,9,9,0,0.8,10,112.4,"1524",0,9,8,11,12,36.9,534,庄野靖志,栗,0,10105767,00894,01087,0813520901,八木良司,新冠タガノファーム,アルデバラン2,タガノレイヤード,クロフネ,鹿毛,100404,   25.9,  ,    ,52.3
13,11,03,5,京都,2,09,嵯峨野Ｈ1000,43,ダ,1,1800,良,ノボリドリーム    ,牡,4,高倉稜,56.0,16,02,5,5,0,0,2,111.6,"1516",0,2,2,3,7,36.7,450,松永昌博,栗,144,09100363,01130,01083,0813520902,原田豊,杵臼牧場,シンボリクリスエス,サンデーミッチー,サンデーサイレンス,鹿毛,090420,    4.7,  ,    ,52.0
13,11,03,5,京都,2,09,嵯峨野Ｈ1000,43,ダ,1,1800,良,エーシンバリントン,牡,5,川田将雅,57.0,16,03,13,13,0,1.4,5,113,"1530",0,9,8,10,8,37.6,484,中尾秀正,栗,0,08101291,01088,01069,0813520903,栄進堂,三嶋牧場,"Awesome Again",バーモントガール,"Mi Cielo",鹿毛,080218,   10.5,  ,    ,50.3
13,11,03,5,京都,2,09,嵯峨野Ｈ1000,43,ダ,1,1800,良,メイショウドゥーマ,牡,3,太宰啓介,53.0,16,04,7,7,0,0.2,9,111.8,"1518",0,12,13,13,12,36.2,480,本田優,栗,0,10105936,01037,01099,0813520904,松本好隆,ビッグレッドファー,ロージズインメイ,コスモスプラッシュ,メジロブライト,黒鹿,100129,   24.1,  ,    ,54.4
13,11,03,5,京都,2,09,嵯峨野Ｈ1000,43,ダ,1,1800,良,ハッピーストーリー,牡,4,岩田康誠,54.0,16,05,16,16,0,2.5,15,114.1,"1541",0,6,5,6,11,38.9,524,宮徹,栗,0,09104205,05203,01018,0813520905,小川勲,へいはた牧場,ゴールドアリュール,レガシーエンプレス,パラダイスクリーク,黒鹿,090324,   73.8,  ,    ,46.7
13,11,03,5,京都,2,09,嵯峨野Ｈ1000,43,ダ,1,1800,良,コルージャ        ,セ,5,国分優作,56.0,16,06,1,1,0,0,4,111.6,"1516",0,15,15,6,3,36.4,490,高橋亮,栗,1440,08105950,01125,01136,0813520906,野島春男,野島牧場,ブライアンズタイム,ロッチラヴウインク,ダンシングブレーヴ,鹿毛,080525,    8.4,  ,    ,53.3
13,11,03,5,京都,2,09,嵯峨野Ｈ1000,43,ダ,1,1800,良,テツキセキ        ,牡,7,畑端省吾,53.0,16,07,15,15,0,1.8,16,113.4,"1534",0,11,11,14,15,37.6,444,吉田直弘,栗,0,06101893,01057,01101,0813520907,木村哲也,ガーベラパークスタ,フジキセキ,エルゼビアー,Elocutionist,黒鹿,060530,  333.7,  ,    ,50.8
13,11,03,5,京都,2,09,嵯峨野Ｈ1000,43,ダ,1,1800,良,クローバーリーフ  ,牝,5,菱田裕二,53.0,16,08,4,4,0,0,12,111.6,"1516",0,2,2,2,2,36.8,468,浜田多実,栗,220,08103376,01144,01138,0813520908,吉田勝己,ノーザンファーム,タニノギムレット,レースウィング,バブルガムフェロー,鹿毛,080402,   32.4,  ,    ,51.6
13,11,03,5,京都,2,09,嵯峨野Ｈ1000,43,ダ,1,1800,良,ロゼッタストーン  ,牡,4,川須栄彦,54.0,16,09,6,6,0,0.1,11,111.7,"1517",0,14,14,14,12,35.9,474,矢作芳人,栗,0,09102128,01128,01075,0813520909,太田珠々子,天羽牧場,ディープインパクト,ローズボー,"Spinning World",鹿毛,090422,   31.1,  ,    ,55.6
13,11,03,5,京都,2,09,嵯峨野Ｈ1000,43,ダ,1,1800,良,テーオーフェアリー,牝,4,北村友一,52.0,16,10,14,14,0,1.7,14,113.3,"1533",0,5,5,6,8,38.1,486,岡田稲男,栗,0,09100790,01102,01066,0813520910,小笹公也,三嶋牧場,キングカメハメハ,チアズグレイス,サンデーサイレンス,栗毛,090415,   56.3,  ,    ,48.7
13,11,03,5,京都,2,09,嵯峨野Ｈ1000,43,ダ,1,1800,良,ショーグン        ,牡,3,福永祐一,54.0,16,11,3,3,0,0,3,111.6,"1516",0,16,16,16,15,35.6,624,千田輝彦,栗,360,10100666,01014,01120,0813520911,H.H.シェイク・モハ,ダーレー・ジャパン,Doyen,ジャパニーズウィスパー,Machiavellian,鹿毛,100211,    7.3,  ,    ,56.7
13,11,03,5,京都,2,09,嵯峨野Ｈ1000,43,ダ,1,1800,良,サンライズバロン  ,牡,3,池添謙一,54.0,16,12,10,10,0,0.8,6,112.4,"1524",0,1,1,1,1,37.8,504,増本豊,栗,0,10100514,01032,00301,0813520912,松岡隆雄,下河辺牧場,ワイルドラッシュ,ラウンドダンス,アフリート,鹿毛,100315,   12.7,  ,    ,48.7
13,11,03,5,京都,2,09,嵯峨野Ｈ1000,43,ダ,1,1800,良,マイネルクロップ  ,牡,3,Ｍ．デム,54.0,16,13,2,2,0,0,1,111.6,"1516",0,6,7,5,3,36.5,490,飯田雄三,栗,580,10102637,05212,01050,0813520913,サラブレッドクラブ,グランド牧場,クロフネ,グレートハーベスト,サンデーサイレンス,芦毛,100416,    3.2,  ,    ,52.9
13,11,03,5,京都,2,09,嵯峨野Ｈ1000,43,ダ,1,1800,良,ハイランドジャガー,牡,4,和田竜二,57.0,16,14,12,12,0,1.2,8,112.8,"1528",0,4,4,3,3,37.8,514,平田修,栗,0,09102471,01018,01082,0813520914,小林都美子,下河辺牧場,ロージズインメイ,ノベンバーサンライズ,Danzig,芦毛,090121,   20.5,  ,    ,49.2
13,11,03,5,京都,2,09,嵯峨野Ｈ1000,43,ダ,1,1800,良,スズカウラノス    ,牡,4,幸英明,55.0,16,15,8,8,0,0.2,13,111.8,"1518",0,12,12,11,8,36.3,458,坪憲章,栗,0,09103495,00732,00361,0813520915,永井啓弍,グランド牧場,スズカマンボ,ウエスティンタイム,ブライアンズタイム,鹿毛,090303,   32.9,  ,    ,54.0
13,11,03,5,京都,2,09,嵯峨野Ｈ1000,43,ダ,1,1800,良,マッシヴプリンス  ,牡,3,藤田伸二,53.0,16,16,11,11,0,0.9,7,112.5,"1525",0,8,8,6,3,37.3,492,大橋勇樹,栗,0,10102925,00705,01065,0813520916,小川勲,大典牧場,ブライアンズタイム,エンシャントゴールド,"Seeking the Gold",黒鹿,100331,   20.0,  ,    ,50.8
13,11,03,5,京都,2,10,長岡京Ｓ1600,67,芝,8,1400,良,アルティシムス    ,牡,5,秋山真一,57.0,12,01,8,8,0,0.7,8,81.5,"1215",0,0,0,9,8,33.2,452,野村彰彦,栗,0,08102629,01019,00375,0813521001,社台レースホース,社台コーポレーショ,ディープインパクト,アルーリングアクト,"End Sweep",鹿毛,080302,   33.6,  ,    ,59.1
13,11,03,5,京都,2,10,長岡京Ｓ1600,67,芝,8,1400,良,エールブリーズ    ,牡,3,川田将雅,56.0,12,02,2,2,0,0.1,2,80.9,"1209",0,0,0,4,3,33.2,510,鮫島一歩,栗,700,10104377,01088,01046,0813521002,社台レースホース,社台コーポレーショ,フジキセキ,アイリッシュカーリ,Caerleon,青鹿,100131,    5.2,  ,    ,57.8
13,11,03,5,京都,2,10,長岡京Ｓ1600,67,芝,8,1400,良,ロードロックスター,牡,7,池添謙一,57.0,12,03,9,9,0,0.7,12,81.5,"1215",0,0,0,2,2,34,518,笹田和秀,栗,0,06110092,01032,01104,0813521003,ロードホースクラブ,"K.I. Farm","Rock of Gibraltar","Lady Pastel","Tony Bin",鹿毛,060322,   75.2,  ,    ,54.8
13,11,03,5,京都,2,10,長岡京Ｓ1600,67,芝,8,1400,良,オースミナイン    ,牡,3,福永祐一,56.0,12,04,5,5,0,0.4,1,81.2,"1212",0,0,0,7,6,33.1,472,松永昌博,栗,174,10101834,01014,01083,0813521004,オースミ,猿倉牧場,ディープインパクト,エアイゾルテ,ノーザンテースト,鹿毛,100223,    1.8,  ,    ,59.0
13,11,03,5,京都,2,10,長岡京Ｓ1600,67,芝,8,1400,良,ティアップゴールド,牡,7,太宰啓介,57.0,12,05,1,1,0,-0.1,9,80.8,"1208",0,0,0,1,1,33.4,478,西浦勝一,栗,1740,06100130,01037,01016,0813521005,田中昇,富田恭司,クロフネ,アラデヤ,Machiavellian,鹿毛,060307,   37.5,  ,    ,56.4
13,11,03,5,京都,2,10,長岡京Ｓ1600,67,芝,8,1400,良,アルマリンピア    ,牝,5,浜中俊,55.0,12,06,12,12,0,1,11,81.8,"1218",0,0,0,3,3,34.2,480,佐々木晶,栗,0,08100570,01115,00429,0813521006,飯田正剛,千代田牧場,タイキシャトル,テイクザレインズ,ブライアンズタイム,鹿毛,080311,   54.3,  ,    ,54.4
13,11,03,5,京都,2,10,長岡京Ｓ1600,67,芝,8,1400,良,ノーブルディード  ,牡,5,酒井学,57.0,12,07,10,10,0,0.8,7,81.6,"1216",0,0,0,4,5,33.9,504,清水出美,栗,0,08103255,01034,00369,0813521007,サンデーレーシング,ノーザンファーム,サクラバクシンオー,ノビーディード,ブライアンズタイム,黒鹿,080511,   20.6,  ,    ,55.5
13,11,03,5,京都,2,10,長岡京Ｓ1600,67,芝,8,1400,良,ウエストエンド    ,牡,5,和田竜二,57.0,12,08,6,6,0,0.4,6,81.2,"1212",0,0,0,6,6,33.3,476,白井寿昭,栗,0,08105768,01018,00201,0813521008,H.H.シェイク・モハ,ダーレー・ジャパン,Pivotal,ステージスクール,"Sunday Silence",鹿毛,080420,   15.3,  ,    ,57.9
13,11,03,5,京都,2,10,長岡京Ｓ1600,67,芝,8,1400,良,シルクドリーマー  ,牡,4,北村友一,57.0,12,09,3,3,0,0.3,5,81.1,"1211",0,0,0,12,12,32.5,480,音無秀孝,栗,440,09101016,01102,01002,0813521009,シルクレーシング,笠松牧場,タニノギムレット,ドリームキセキ,フジキセキ,鹿毛,090425,   12.5,  ,    ,62.2
13,11,03,5,京都,2,10,長岡京Ｓ1600,67,芝,8,1400,良,マイネボヌール    ,牝,4,Ｍ．デム,55.0,12,10,4,4,0,0.4,4,81.2,"1212",0,0,0,8,8,33,464,宮徹,栗,260,09105146,05212,01018,0813521010,サラブレッドクラブ,ビッグレッドファー,ロージズインメイ,コスモフォーチュン,マイネルラヴ,青鹿,090219,   11.1,  ,    ,59.5
13,11,03,5,京都,2,10,長岡京Ｓ1600,67,芝,8,1400,良,ニシノビークイック,牡,4,岩田康誠,57.0,12,11,7,7,0,0.5,3,81.3,"1213",0,0,0,9,10,32.9,480,河内洋,栗,0,09101803,05203,01072,0813521011,西山茂行,本桐牧場,デュランダル,ニシノビギン,パラダイスクリーク,栗毛,090402,   10.3,  ,    ,60.3
13,11,03,5,京都,2,10,長岡京Ｓ1600,67,芝,8,1400,良,オーシャンカレント,牡,7,バルザロ,57.0,12,12,11,11,0,0.8,10,81.6,"1216",0,0,0,9,10,33.3,502,今野貞一,栗,0,06103417,05504,01128,0813521012,吉田和美,ノーザンファーム,タイキシャトル,レッドヴェルベット,"Avenue of Flags",鹿毛,060324,   53.6,  ,    ,58.8
13,11,03,5,京都,2,11,みやこＳG3,163,ダ,1,1800,良,レッドクラウディア,牝,4,バルザロ,54.0,16,01,15,15,0,4.2,11,113.4,"1534",0,2,2,1,2,41,488,石坂正,栗,0,09106164,05504,01022,0813521101,東京ホースレーシン,ノーザンファーム,アグネスタキオン,シェアザストーリー,コマンダーインチーフ,栗毛,090404,   61.3,  ,    ,38.3
13,11,03,5,京都,2,11,みやこＳG3,163,ダ,1,1800,良,タイムズアロー    ,牡,5,川田将雅,56.0,16,02,8,8,0,1.3,9,110.5,"1505",0,6,6,6,8,37.4,492,松田博資,栗,0,08102658,01088,00348,0813521102,社台レースホース,社台コーポレーショ,タイムパラドックス,サンデーエイコーン,サンデーサイレンス,栗毛,080126,   56.6,  ,    ,47.7
13,11,03,5,京都,2,11,みやこＳG3,163,ダ,1,1800,良,ブライトライン    ,牡,4,福永祐一,56.0,16,03,1,1,0,0,2,109.2,"1492",0,4,3,3,1,36.7,522,鮫島一歩,栗,3500,09105023,01014,01046,0813521103,ノースヒルズ,ノースヒルズマネジ,フジキセキ,シェリーズスマイル,"King of Kings",青毛,090506,    4.2,  ,    ,48.8
13,11,03,5,京都,2,11,みやこＳG3,163,ダ,1,1800,良,キラウエア        ,牡,6,藤田伸二,56.0,16,04,7,7,0,1.1,16,110.3,"1503",0,10,10,12,12,36.7,470,橋口弘次,栗,0,07103169,00705,00343,0813521104,金子真人ホールディ,ノーザンファーム,キングカメハメハ,クロウキャニオン,フレンチデピュティ,黒鹿,070220,  190.4,  ,    ,50.3
13,11,03,5,京都,2,11,みやこＳG3,163,ダ,1,1800,良,ケイアイレオーネ  ,牡,3,幸英明,55.0,16,05,12,12,0,1.7,5,110.9,"1509",0,14,14,14,14,37,574,西浦勝一,栗,0,10104996,00732,01016,0813521105,亀田和弘,富田牧場,"Henny Hughes",モストリマーカブル,Marquetry,芦毛,100519,    8.1,  ,    ,49.9
13,11,03,5,京都,2,11,みやこＳG3,163,ダ,1,1800,良,ローマンレジェンド,牡,5,岩田康誠,59.0,16,06,3,3,0,0.2,1,109.4,"1494",0,5,5,4,3,36.5,514,藤原英昭,栗,880,08102944,05203,01055,0813521106,太田珠々子,社台ファーム,スペシャルウィーク,パーソナルレジェンド,"Awesome Again",黒鹿,080224,    3.5,  ,    ,49.9
13,11,03,5,京都,2,11,みやこＳG3,163,ダ,1,1800,良,サトノパンサー    ,牡,5,和田竜二,56.0,16,07,14,14,0,4.2,14,113.4,"1534",0,8,8,9,9,40,500,南井克巳,栗,0,08100877,01018,01049,0813521107,里見治,フジワラフアーム,キングカメハメハ,ピサノベネチアン,サンデーサイレンス,鹿毛,080324,  154.3,  ,    ,41.8
13,11,03,5,京都,2,11,みやこＳG3,163,ダ,1,1800,良,ヒラボクキング    ,牡,6,松田大作,56.0,16,08,13,13,0,2.6,12,111.8,"1518",0,3,3,4,5,39,534,大久保龍,栗,0,07101634,01030,01058,0813521108,平田牧場,辻牧場,キングカメハメハ,エンキャンタドゥ,Rahy,鹿毛,070209,   81.3,  ,    ,43.3
13,11,03,5,京都,2,11,みやこＳG3,163,ダ,1,1800,良,ナイスミーチュー  ,牡,6,小牧太,56.0,16,09,4,4,0,0.4,3,109.6,"1496",0,8,8,8,6,36.4,516,橋口弘次,栗,530,07103402,00894,00343,0813521109,ダノックス,ノーザンファーム,キングカメハメハ,ローザロバータ,"Fire Maker",鹿毛,070416,    5.5,  ,    ,50.5
13,11,03,5,京都,2,11,みやこＳG3,163,ダ,1,1800,良,オーブルチェフ    ,牡,4,浜中俊,56.0,16,10,11,11,0,1.7,15,110.9,"1509",0,16,16,16,16,36.4,508,萩原清,美,0,09110053,01115,01017,0813521110,前田幸治,"Bloodstock Holding","Malibu Moon","Chatter Chatter","Lost Soldier",栗毛,090414,  183.7,  ,    ,52.3
13,11,03,5,京都,2,11,みやこＳG3,163,ダ,1,1800,良,インカンテーション,牡,3,大野拓弥,55.0,16,11,2,2,0,0,7,109.2,"1492",0,6,6,6,3,36.2,486,羽月友彦,栗,1400,10104916,01096,01091,0813521111,ターフ・スポート,谷川牧場,シニスターミニスター,オリジナルスピン,Machiavellian,鹿毛,100324,   16.6,  ,    ,50.8
13,11,03,5,京都,2,11,みやこＳG3,163,ダ,1,1800,良,マルカプレジオ    ,牡,5,内田博幸,56.0,16,12,9,9,0,1.4,13,110.6,"1506",0,15,15,14,14,36.7,480,今野貞一,栗,0,08102938,00422,01128,0813521112,日下部猛,社台ファーム,ゴールドアリュール,バトルエンプレス,トニービン,栃栗,080420,  118.0,  ,    ,50.7
13,11,03,5,京都,2,11,みやこＳG3,163,ダ,1,1800,良,グランドシチー    ,牡,6,津村明秀,57.0,16,13,5,5,0,0.5,6,109.7,"1497",0,10,10,9,9,36.3,498,相沢郁,美,350,07103864,01092,01020,0813521113,友駿ホースクラブ,幌村牧場,キングカメハメハ,レディクラシック,ブライアンズタイム,鹿毛,070419,   11.0,  ,    ,51.1
13,11,03,5,京都,2,11,みやこＳG3,163,ダ,1,1800,良,グレープブランデー,牡,5,Ｍ．デム,59.0,16,14,10,10,0,1.6,4,110.8,"1508",0,10,10,9,11,37.3,534,安田隆行,栗,0,08103069,05212,00438,0813521114,社台レースホース,社台ファーム,マンハッタンカフェ,ワインアンドローズ,ジヤツジアンジエルーチ,黒鹿,080411,    7.5,  ,    ,48.5
13,11,03,5,京都,2,11,みやこＳG3,163,ダ,1,1800,良,アイファーソング  ,牡,5,川須栄彦,56.0,16,15,16,16,0,5.1,10,114.3,"1543",0,1,1,2,6,41.8,492,坪憲章,栗,0,08100386,01128,00361,0813521115,中島稔,静内山田牧場,ソングオブウインド,アイファーペガサス,デヒア,青鹿,080321,   58.9,  ,    ,36.7
13,11,03,5,京都,2,11,みやこＳG3,163,ダ,1,1800,良,ヴァンヌーヴォー  ,牡,4,北村友一,56.0,16,16,6,6,0,1.1,8,110.3,"1503",0,13,13,12,12,36.6,504,角田晃一,栗,0,09102658,01102,01121,0813521116,H.H.シェイク・モハ,ダーレー・ジャパン,"Cherokee Run",ニューチャプター2,"A.P. Indy",鹿毛,090501,   18.8,  ,    ,50.7
13,11,03,5,京都,2,12,1000万下,43,芝,0,1200,良,カゼニタツライオン,牡,3,小坂忠士,56.0,15,01,12,12,0,1.4,13,68.7,"1087",0,0,0,12,11,34.2,512,音無秀孝,栗,0,10102889,01063,01002,0813521201,小田切光,田中裕之,ネオユニヴァース,アナタゴノミ,デヒア,栗毛,100615,  112.2,  ,    ,50.9
13,11,03,5,京都,2,12,1000万下,43,芝,0,1200,良,アーベントロート  ,牝,4,浜中俊,55.0,15,02,11,11,0,1.4,10,68.7,"1087",0,0,0,3,4,34.7,452,笹田和秀,栗,0,09105917,01115,01104,0813521202,社台レースホース,社台ファーム,フジキセキ,ビルアンドクー,ジェイドロバリー,黒鹿,090323,   44.0,  ,    ,48.0
13,11,03,5,京都,2,12,1000万下,43,芝,0,1200,良,ジンセイハオマツリ,牡,3,菱田裕二,55.0,15,03,10,10,0,1.2,14,68.5,"1085",0,0,0,3,4,34.4,482,佐々木晶,栗,0,10102890,01144,00429,0813521203,小田切有一,田中裕之,オレハマッテルゼ,キマグレ,サクラバクシンオー,黒鹿,100411,  117.3,  ,    ,49.1
13,11,03,5,京都,2,12,1000万下,43,芝,0,1200,良,シゲルアセロラ    ,牡,4,国分優作,57.0,15,04,7,7,0,1,3,68.3,"1083",0,0,0,1,1,34.6,474,目野哲也,栗,0,09110077,01125,00387,0813521204,森中蕃,"Mr. & Mrs. Don K L","Wildcat Heir",Conqueress,"Conquistador Cielo",黒鹿,090226,    6.9,  ,    ,47.4
13,11,03,5,京都,2,12,1000万下,43,芝,0,1200,良,スピークソフトリー,牝,4,武幸四郎,55.0,15,05,9,9,0,1,4,68.3,"1083",0,0,0,14,14,33.6,494,千田輝彦,栗,0,09102631,01026,01120,0813521205,H.H.シェイク・モハ,ダーレー・ジャパン,アルカセット,サイレント,サンデーサイレンス,鹿毛,090409,   14.9,  ,    ,53.3
13,11,03,5,京都,2,12,1000万下,43,芝,0,1200,良,ヤマノレオ        ,セ,3,和田竜二,56.0,15,06,7,7,0,1,6,68.3,"1083",0,0,0,6,7,34.1,480,山内研二,栗,0,10102608,01018,00388,0813521206,節英司,キヨタケ牧場,グラスワンダー,カチョウフウゲツ,ラムタラ,栗毛,100422,   22.9,  ,    ,50.3
13,11,03,5,京都,2,12,1000万下,43,芝,0,1200,良,レディオブオペラ  ,牝,3,藤田伸二,54.0,15,07,1,1,0,-0.4,1,67.3,"1073",0,0,0,2,2,33.5,488,白井寿昭,栗,990,10100717,00705,00201,0813521207,H.H.シェイク・モハ,ダーレー・ジャパン,Singspiel,レディミドルトン,Kingmambo,黒鹿,100128,    1.7,  ,    ,50.9
13,11,03,5,京都,2,12,1000万下,43,芝,0,1200,良,ルナフォンターナ  ,牝,4,バルザロ,55.0,15,08,2,2,0,0.4,2,67.7,"1077",0,0,0,8,7,33.4,468,池江泰寿,栗,400,09102666,05504,01071,0813521208,H.H.シェイク・モハ,ダーレー・ジャパン,アドマイヤムーン,ファーザ,"Mr. Prospector",栗毛,090422,    5.6,  ,    ,52.7
13,11,03,5,京都,2,12,1000万下,43,芝,0,1200,良,ラヴァーズポイント,牝,3,酒井学,54.0,15,09,6,6,0,0.9,5,68.2,"1082",0,0,0,6,4,34.1,498,境直行,栗,0,10104858,01034,00346,0813521209,三宅勝俊,昭和牧場,マイネルラヴ,ハートフルシフォン,タマモクロス,青鹿,100327,   18.4,  ,    ,50.0
13,11,03,5,京都,2,12,1000万下,43,芝,0,1200,良,ビットスターダム  ,牡,5,幸英明,57.0,15,10,5,5,0,0.9,15,68.2,"1082",0,0,0,11,9,33.8,466,大根田裕,栗,99,08105387,00732,01032,0813521210,馬場祥晃,カネツ牧場,オンファイア,カネツプリンセス,サクラバクシンオー,芦毛,080323,  193.3,  ,    ,51.8
13,11,03,5,京都,2,12,1000万下,43,芝,0,1200,良,エランドール      ,牝,5,高倉稜,55.0,15,11,4,4,0,0.8,9,68.1,"1081",0,0,0,14,15,33.4,450,坪憲章,栗,150,08101619,01130,00361,0813521211,辻牧場,辻牧場,アドマイヤマックス,スズカブリーズ,ボストンハーバー,鹿毛,080307,   43.0,  ,    ,53.9
13,11,03,5,京都,2,12,1000万下,43,芝,0,1200,良,サンライズネガノ  ,牡,3,大野拓弥,56.0,15,12,13,13,0,1.6,11,68.9,"1089",0,0,0,3,3,35,480,安田隆行,栗,0,10100485,01096,00438,0813521212,松岡隆雄,下河辺牧場,クロフネ,ネガノ,Miswaki,芦毛,100316,   49.8,  ,    ,46.9
13,11,03,5,京都,2,12,1000万下,43,芝,0,1200,良,ワキノキセキ      ,牡,3,福永祐一,56.0,15,13,15,15,0,2.4,8,69.7,"1097",0,0,0,9,9,35.4,460,清水久詞,栗,0,10105992,01014,01110,0813521213,脇山良之,ベルモントファーム,フジキセキ,ベルモントピノコ,アジュディケーティング,黒鹿,100124,   33.5,  ,    ,46.9
13,11,03,5,京都,2,12,1000万下,43,芝,0,1200,良,ラインミーティア  ,牡,3,松田大作,56.0,15,14,14,14,0,1.9,12,69.2,"1092",0,0,0,9,11,34.8,456,水野貴広,美,0,10105298,01030,01094,0813521214,大澤繁昌,アラキフアーム,メイショウボーラー,アラマサフェアリー,オース,鹿毛,100226,  109.2,  ,    ,48.9
13,11,03,5,京都,2,12,1000万下,43,芝,0,1200,良,カシノランナウェイ,セ,3,松山弘平,56.0,15,15,3,3,0,0.6,7,67.9,"1079",0,0,0,12,11,33.4,490,梅内忍,栗,250,10109208,01126,00398,0813521215,柏木務,柏木務,マーベラスサンデー,カシノエスケイプ,スズカストリート,栗毛,100420,   32.3,  ,    ,53.3
13,11,09,5,京都,3,01,未勝利*,7,ダ,1,1400,良,シュンブレイン    ,牡,2,和田竜二,55.0,13,01,3,3,0,0.7,7,86.3,"1263",0,0,0,3,3,37.7,470,川村禎彦,栗,130,11100414,01018,01003,0813530101,石川博,白井牧場,カンパニー,ピュアハーモニー,グラスワンダー,栗毛,110401,   29.9,  ,    ,46.7
13,11,09,5,京都,3,01,未勝利*,7,ダ,1,1400,良,ロングリバイバル  ,牡,2,松山弘平,55.0,13,02,4,4,0,0.8,4,86.4,"1264",0,0,0,7,5,37.3,490,小野幸治,栗,75,11105747,01126,00350,0813530102,中井敏雄,酒井牧場,クロフネ,アピールポイント,アグネスタキオン,鹿毛,110323,    9.8,  ,    ,48.7
13,11,09,5,京都,3,01,未勝利*,7,ダ,1,1400,良,カッサイ          ,牡,2,浜中俊,55.0,13,03,1,1,0,-0.5,3,85.6,"1256",0,0,0,1,1,37.3,484,田中章博,栗,500,11102037,01115,00413,0813530103,静内白井牧場,静内白井牧場,スクリーンヒーロー,ロッタ,ティンバーカントリー,鹿毛,110402,    5.6,  ,    ,47.1
13,11,09,5,京都,3,01,未勝利*,7,ダ,1,1400,良,シゲルエチゴ      ,牡,2,太宰啓介,55.0,13,04,6,6,0,1.1,10,86.7,"1267",0,0,0,10,7,37.4,448,川村禎彦,栗,0,11100046,01037,01003,0813530104,ブルアンドベア,新井昭二,デュランダル,ロイヤルライン,クロフネ,芦毛,110430,  159.4,  ,    ,48.9
13,11,09,5,京都,3,01,未勝利*,7,ダ,1,1400,良,ドクターナイーヴ  ,牡,2,戸崎圭太,55.0,13,05,12,12,0,5.7,8,91.3,"1313",0,0,0,5,9,42.3,470,庄野靖志,栗,0,11105765,05386,01087,0813530105,迎徹,笹島政信,デュランダル,ミスサイベリア,"Giant's Causeway",栗毛,110320,   33.3,  ,    ,36.9
13,11,09,5,京都,3,01,未勝利*,7,ダ,1,1400,良,グレイトハスラー  ,牡,2,内田博幸,55.0,13,06,8,8,0,2.7,5,88.3,"1283",0,0,0,10,9,38.8,466,作田誠二,栗,0,11109001,00422,01006,0813530106,小川勲,荒谷牧場,キャプテンスティーヴ,グランドアピア,デュラブ,栗毛,110323,   20.5,  ,    ,45.7
13,11,09,5,京都,3,01,未勝利*,7,ダ,1,1400,良,サトノプロシオン  ,牡,2,秋山真一,55.0,13,07,13,13,0,8.5,11,94.1,"1341",0,0,0,13,13,43.5,522,的場均,美,0,11104460,01019,01063,0813530107,里見治,社台ファーム,ゼンノロブロイ,メイボール,"Cadeaux Genereux",黒鹿,110205,  187.0,  ,    ,37.2
13,11,09,5,京都,3,01,未勝利*,7,ダ,1,1400,良,ヒャクマンバリキ  ,牡,2,藤岡康太,55.0,13,08,7,7,0,1.4,12,87,"1270",0,0,0,9,8,37.6,496,山内研二,栗,0,11101683,01116,00388,0813530108,伊東政清,伊藤敏明,フジキセキ,クリサンテーム,コマンダーインチーフ,鹿毛,110528,  197.5,  ,    ,48.5
13,11,09,5,京都,3,01,未勝利*,7,ダ,1,1400,良,インワンブレス    ,牝,2,森一馬,51.0,13,09,11,11,0,3.2,13,88.8,"1288",0,0,0,7,12,39.6,426,木原一良,栗,0,11102787,01139,01033,0813530109,名古屋友豊,青藍牧場,ダイワメジャー,クラクエンレディー,トニービン,栗毛,110424,  216.2,  ,    ,43.2
13,11,09,5,京都,3,01,未勝利*,7,ダ,1,1400,良,マジェスティシップ,牡,2,武幸四郎,55.0,13,10,10,10,0,3.1,9,88.7,"1287",0,0,0,12,9,39,454,清水出美,栗,0,11103665,01026,00369,0813530110,キャロットファーム,社台コーポレーショ,クロフネ,プリンセスミラクル,フジキセキ,黒鹿,110309,  119.4,  ,    ,45.6
13,11,09,5,京都,3,01,未勝利*,7,ダ,1,1400,良,ワンダフルワールド,牡,2,岩田康誠,55.0,13,11,9,9,0,3,2,88.6,"1286",0,0,0,6,5,39.7,502,高橋義忠,栗,0,11100325,05203,01129,0813530111,三田昌宏,下河辺牧場,タイキシャトル,キャットアリ,"Storm Cat",栗毛,110421,    5.3,  ,    ,42.4
13,11,09,5,京都,3,01,未勝利*,7,ダ,1,1400,良,ドリームスカイハイ,牡,2,松田大作,55.0,13,12,5,5,0,1,6,86.6,"1266",0,0,0,3,3,38,488,木原一良,栗,50,11102015,01030,01033,0813530112,ライオンレースホー,佐竹学,ディープスカイ,シーズババズディライト,"Distorted Humor",栗毛,110222,   22.6,  ,    ,45.9
13,11,09,5,京都,3,01,未勝利*,7,ダ,1,1400,良,メイショウホウトウ,牡,2,武豊,55.0,13,13,2,2,0,0.5,1,86.1,"1261",0,0,0,2,2,37.6,478,沖芳夫,栗,200,11103071,00666,00378,0813530113,松本好雄,大島牧場,スズカマンボ,オオシマパンジー,スキャン,青鹿,110402,    1.7,  ,    ,46.7
13,11,09,5,京都,3,02,未勝利*,7,芝,0,1600,良,カウガールブルース,牝,2,和田竜二,54.0,13,01,10,10,0,1.4,10,96.8,"1368",0,0,0,9,9,35.9,468,松元茂樹,栗,0,11104409,01018,00419,0813530201,吉田照哉,社台ファーム,ステイゴールド,プリティカウガール,"Gone West",栗毛,110219,  124.2,  ,    ,51.8
13,11,09,5,京都,3,02,未勝利*,7,芝,0,1600,良,ラディウス        ,牡,2,Ｍ．デム,55.0,13,02,2,2,0,0.2,3,95.6,"1356",0,0,0,4,4,35.3,444,領家政蔵,栗,200,11104612,05212,00345,0813530202,名古屋友豊,オリエント牧場,マンハッタンカフェ,ポポラス,フォーティナイナー,鹿毛,110314,    4.3,  ,    ,52.5
13,11,09,5,京都,3,02,未勝利*,7,芝,0,1600,良,テイエムデザイヤー,牝,2,森一馬,51.0,13,03,11,11,0,2.1,11,97.5,"1375",0,0,0,1,1,37.6,438,五十嵐忠,栗,0,11100634,01139,00422,0813530203,竹園正繼,テイエム牧場日高支,ステイゴールド,テイエムグラマー,フォーティナイナー,栗毛,110619,  151.9,  ,    ,45.6
13,11,09,5,京都,3,02,未勝利*,7,芝,0,1600,良,ラブセレクター    ,牝,2,和田翼,51.0,13,04,12,12,0,2.3,13,97.7,"1377",0,0,0,2,2,37.8,422,中村均,栗,0,11100992,01146,00261,0813530204,増田陽一,門別牧場,マイネルセレクト,マイネリーリオ,フジキセキ,黒鹿,110424,  683.3,  ,    ,45.1
13,11,09,5,京都,3,02,未勝利*,7,芝,0,1600,良,デンコウガイア    ,牝,2,内田博幸,54.0,13,05,9,9,0,1.3,6,96.7,"1367",0,0,0,11,11,35.6,438,坂口正則,栗,0,11102646,00422,00356,0813530205,田中康弘,見上牧場,ブライアンズタイム,シルキーマニッシュ,リズム,鹿毛,110415,   58.7,  ,    ,53.0
13,11,09,5,京都,3,02,未勝利*,7,芝,0,1600,良,ブレイクアウト    ,牡,2,横山典弘,55.0,13,06,4,4,0,0.3,4,95.7,"1357",0,0,0,7,7,35.1,474,本田優,栗,75,11106091,00660,01099,0813530206,安原浩司,三嶋牧場,コマンズ,マルヴァーンスプリング,"Silver Deputy",青鹿,110305,    8.8,  ,    ,53.6
13,11,09,5,京都,3,02,未勝利*,7,芝,0,1600,良,カゼノコ          ,牡,2,武豊,55.0,13,07,5,5,0,0.7,5,96.1,"1361",0,0,0,13,13,34.8,454,藤岡範士,栗,50,11102128,00666,00289,0813530207,ヌデ嶋孝司,田中裕之,アグネスデジタル,タフネススター,ラグビーボール,鹿毛,110406,   29.6,  ,    ,55.7
13,11,09,5,京都,3,02,未勝利*,7,芝,0,1600,良,マイネルティエラ  ,牡,2,バルザロ,55.0,13,08,7,7,0,0.8,9,96.2,"1362",0,0,0,7,7,35.6,472,高野友和,栗,0,11105234,05504,01117,0813530208,サラブレッドクラブ,ビッグレッドファー,コンデュイット,マイネガイア,サンデーサイレンス,鹿毛,110421,  110.0,  ,    ,52.1
13,11,09,5,京都,3,02,未勝利*,7,芝,0,1600,良,ウイングリッター  ,牡,2,国分恭介,55.0,13,09,6,6,0,0.7,12,96.1,"1361",0,0,0,11,11,35,484,中村均,栗,0,11102713,01124,00261,0813530209,ウイン,市川牧場,アドマイヤジャパン,アリシーナ,Alysheba,鹿毛,110328,  176.2,  ,    ,54.7
13,11,09,5,京都,3,02,未勝利*,7,芝,0,1600,良,オリハルコン      ,牡,2,浜中俊,55.0,13,10,1,1,0,-0.2,1,95.4,"1354",0,0,0,6,2,35,510,池江泰寿,栗,500,11103887,01115,01071,0813530210,G1レーシング,ノーザンファーム,ディープインパクト,シルヴァースカヤ,"Silver Hawk",黒鹿,110414,    2.2,  ,    ,53.5
13,11,09,5,京都,3,02,未勝利*,7,芝,0,1600,良,モッシュ          ,牡,2,酒井学,55.0,13,11,8,8,0,1,8,96.4,"1364",0,0,0,9,9,35.6,506,浜田多実,栗,0,11103186,01034,01138,0813530211,小嶋將則,小島牧場,スズカマンボ,エイシンヒューロン,Dayjur,芦毛,110415,   94.2,  ,    ,52.5
13,11,09,5,京都,3,02,未勝利*,7,芝,0,1600,良,タガノシュナイダー,牡,2,池添謙一,55.0,13,12,13,13,0,2.3,7,97.7,"1377",0,0,0,3,4,37.5,432,池添兼雄,栗,0,11105021,01032,01021,0813530212,八木良司,新冠タガノファーム,カンパニー,タガノレジェンダ,ヘネシー,鹿毛,110508,   74.1,  ,    ,46.3
13,11,09,5,京都,3,02,未勝利*,7,芝,0,1600,良,リバーソウル      ,牡,2,岩田康誠,55.0,13,13,3,3,0,0.3,2,95.7,"1357",0,0,0,4,4,35.4,442,浅見秀一,栗,130,11103937,05203,00411,0813530213,林正道,ノーザンファーム,ネオユニヴァース,ソニンク,Machiavellian,黒鹿,110212,    2.9,  ,    ,52.2
13,11,09,5,京都,3,03,未勝利*,7,ダ,1,1800,良,カーマンライン    ,牡,2,武豊,55.0,14,01,1,1,0,-0.1,4,116,"1560",0,9,9,9,8,37.1,508,今野貞一,栗,500,11104229,00666,01128,0813530301,吉田照哉,社台ファーム,ゴールドアリュール,グレインライン,タイキシャトル,鹿毛,110318,    5.9,  ,    ,56.3
13,11,09,5,京都,3,03,未勝利*,7,ダ,1,1800,良,フィリグラーナ    ,牡,2,池添謙一,55.0,14,02,7,7,0,1.2,3,117.2,"1572",0,7,8,4,6,38.5,450,角田晃一,栗,0,11105401,01032,01121,0813530302,畑佐博,村本牧場,ステイゴールド,ゴシップクイーン,フレンチデピュティ,栗毛,110503,    5.7,  ,    ,52.2
13,11,09,5,京都,3,03,未勝利*,7,ダ,1,1800,良,ブレイズゴールド  ,牡,2,浜中俊,55.0,14,03,13,13,0,2.6,5,118.6,"1586",0,14,14,14,14,38.8,484,梅田智之,栗,0,11104096,01115,01084,0813530303,キャロットファーム,ノーザンファーム,ステイゴールド,ラヴァーズチェイス,"Peaks and Valleys",鹿毛,110603,   11.4,  ,    ,52.8
13,11,09,5,京都,3,03,未勝利*,7,ダ,1,1800,良,テイエムファラオ  ,牡,2,佐久間寛,55.0,14,04,11,11,0,1.8,11,117.8,"1578",0,11,11,12,12,38.4,466,鹿戸明,栗,0,11100640,01080,00368,0813530304,竹園正繼,テイエム牧場日高支,マヤノトップガン,テイエムベルベット,ジェネラス,栗毛,110527,   69.3,  ,    ,53.4
13,11,09,5,京都,3,03,未勝利*,7,ダ,1,1800,良,サカジロハンサム  ,牡,2,国分恭介,55.0,14,05,10,10,0,1.7,12,117.7,"1577",0,11,12,13,12,38.1,474,湯窪幸雄,栗,0,11101504,01124,01057,0813530305,ロイヤルパーク,前田宗将,アグネスデジタル,モエレヒライス,エリシオ,栗毛,110423,  130.2,  ,    ,54.5
13,11,09,5,京都,3,03,未勝利*,7,ダ,1,1800,良,ロワサーブル      ,牡,2,内田博幸,55.0,14,06,4,4,0,0.6,8,116.6,"1566",0,9,4,2,3,38.1,492,吉田直弘,栗,75,11103782,00422,01101,0813530306,サンデーレーシング,ノーザンファーム,フレンチデピュティ,ウシュアイア,バブルガムフェロー,栗毛,110412,   22.3,  ,    ,53.0
13,11,09,5,京都,3,03,未勝利*,7,ダ,1,1800,良,ガンジー          ,牡,2,岩田康誠,55.0,14,07,5,5,0,1.1,2,117.1,"1571",0,7,9,5,6,38.3,492,宮本博,栗,50,11100625,05203,01073,0813530307,岡浩二,千葉飯田牧場,アグネスデジタル,レインボークイーン,リンドシェーバー,栗毛,110514,    5.0,  ,    ,52.9
13,11,09,5,京都,3,03,未勝利*,7,ダ,1,1800,良,ティーポイズン    ,牡,2,国分優作,55.0,14,08,2,2,0,0.1,6,116.1,"1561",0,4,4,5,3,37.4,498,五十嵐忠,栗,200,11102290,01125,00422,0813530308,深見富朗,寺越政幸,キングカメハメハ,ホシノメガミ,サンデーサイレンス,栗毛,110330,   11.7,  ,    ,55.2
13,11,09,5,京都,3,03,未勝利*,7,ダ,1,1800,良,アカリロンドン    ,牡,2,藤岡康太,55.0,14,09,8,8,0,1.3,1,117.3,"1573",0,4,4,5,3,38.7,452,村山明,栗,0,11102451,01116,01107,0813530309,小林祥晃,服部牧場,ゼンノロブロイ,イノチノアカリ,ラムタラ,鹿毛,110222,    3.2,  ,    ,51.6
13,11,09,5,京都,3,03,未勝利*,7,ダ,1,1800,良,テイエムゲッタドン,牡,2,和田竜二,55.0,14,10,3,3,0,0.1,9,116.1,"1561",0,1,1,2,1,37.7,484,山内研二,栗,130,11109191,01018,00388,0813530310,竹園正繼,テイエム牧場,テイエムオペラオー,テイエムジャンヌ,タイキシャトル,栗毛,110330,   22.8,  ,    ,54.0
13,11,09,5,京都,3,03,未勝利*,7,ダ,1,1800,良,エイシンスバシリ  ,牡,2,小牧太,55.0,14,11,0,0,4,999.9,7,0,"----",0,2,2,1,2,0,522,中尾秀正,栗,0,11110098,00894,01069,0813530311,栄進堂,"Kona Stables","Henny Hughes","Dressed for Succes","Tricky Mister",鹿毛,110323,   12.8,  ,    , 0.0
13,11,09,5,京都,3,03,未勝利*,7,ダ,1,1800,良,スプリングカンナ  ,牝,2,和田翼,51.0,14,12,9,9,0,1.6,13,117.6,"1576",0,3,3,9,10,38.5,470,野村彰彦,栗,0,11103021,01146,00375,0813530312,加藤春夫,堀弘康,ブラックタイド,ヤクモアサシオ,ヤマニンスキー,黒鹿,110411,  246.9,  ,    ,52.7
13,11,09,5,京都,3,03,未勝利*,7,ダ,1,1800,良,マルカブラン      ,牡,2,横山典弘,55.0,14,13,12,12,0,2.2,10,118.2,"1582",0,13,13,9,10,39.1,492,中村均,栗,0,11102970,00660,00261,0813530313,河長産業,猿倉牧場,キングカメハメハ,サワヤカブラン,クロフネ,芦毛,110303,   34.9,  ,    ,51.2
13,11,09,5,京都,3,03,未勝利*,7,ダ,1,1800,良,ゼンノスサノヲ    ,牡,2,森一馬,52.0,14,14,6,6,0,1.1,14,117.1,"1571",0,6,4,8,9,38.1,466,日吉正和,栗,0,11105337,01139,01122,0813530314,大迫久美子,村上欽哉,ゼンノロブロイ,ウインディアナ,サンダーガルチ,栗毛,110322,  263.9,  ,    ,53.7
13,11,09,5,京都,3,04,未勝利*,7,芝,0,2000,良,スプルス          ,セ,2,和田竜二,55.0,11,01,9,9,0,0.7,10,123.9,"2039",0,10,10,10,9,34.4,470,石坂正,栗,0,11103103,01018,01022,0813530401,水上行雄,笠松牧場,ディープスカイ,プレシャスキール,ノーザンテースト,栗毛,110404,  119.5,  ,    ,61.5
13,11,09,5,京都,3,04,未勝利*,7,芝,0,2000,良,ダノンロンシャン  ,牡,2,ルメール,55.0,11,02,2,2,0,0.1,5,123.3,"2033",0,2,2,1,1,34.6,458,松田国英,栗,200,11104470,05339,01011,0813530402,ダノックス,社台ファーム,Medicean,ライムライト2,Dalakhani,芦毛,110307,   13.9,  ,    ,59.9
13,11,09,5,京都,3,04,未勝利*,7,芝,0,2000,良,エクストレミティー,牡,2,岩田康誠,55.0,11,03,7,7,0,0.5,2,123.7,"2037",0,4,4,7,9,34.4,494,梅田智之,栗,0,11103794,05203,01084,0813530403,J.ウィルソン,ノーザンファーム,ハーツクライ,エクソセット,"Deposit Ticket",鹿毛,110306,    4.1,  ,    ,61.3
13,11,09,5,京都,3,04,未勝利*,7,芝,0,2000,良,オカホンコー      ,牡,2,国分優作,55.0,11,04,3,3,0,0.2,8,123.4,"2034",0,3,4,5,3,34.3,480,湯窪幸雄,栗,130,11103431,01125,01057,0813530404,小林茂行,オンワード牧場,キングカメハメハ,オンワードサマンサ,フジキセキ,鹿毛,110324,   46.9,  ,    ,61.3
13,11,09,5,京都,3,04,未勝利*,7,芝,0,2000,良,ゼウスバローズ    ,牡,2,バルザロ,55.0,11,05,1,1,0,-0.1,1,123.2,"2032",0,4,4,5,5,34.1,444,角居勝彦,栗,500,11106377,05504,01053,0813530405,猪熊広次,パカパカファーム,ディープインパクト,ラヴアンドバブルズ,"Loup Sauvage",鹿毛,110131,    1.9,  ,    ,62.0
13,11,09,5,京都,3,04,未勝利*,7,芝,0,2000,良,ショウサンミーベル,牝,2,松山弘平,54.0,11,06,6,6,0,0.4,7,123.6,"2036",0,8,8,7,6,34.4,488,牧田和弥,栗,0,11101519,01126,01123,0813530406,鈴木昭和,水上習孝,フジキセキ,スズカリーガル,ホワイトマズル,鹿毛,110405,   23.7,  ,    ,61.1
13,11,09,5,京都,3,04,未勝利*,7,芝,0,2000,良,ワクワクカンヲ    ,牡,2,武豊,55.0,11,07,4,4,0,0.3,4,123.5,"2035",0,4,4,3,3,34.6,464,音無秀孝,栗,75,11105707,00666,01002,0813530407,小田切有一,木村牧場,カンパニー,ガンバリッコ,サンデーサイレンス,鹿毛,110313,   10.0,  ,    ,60.1
13,11,09,5,京都,3,04,未勝利*,7,芝,0,2000,良,カレンヴィットリア,牡,2,川田将雅,55.0,11,08,5,5,0,0.3,3,123.5,"2035",0,7,3,2,2,34.7,484,平田修,栗,50,11103812,01088,01082,0813530408,鈴木隆司,ノーザンファーム,ジャングルポケット,カスタリア,サンデーサイレンス,黒鹿,110417,    6.6,  ,    ,59.7
13,11,09,5,京都,3,04,未勝利*,7,芝,0,2000,良,ミヤジディーノ    ,牡,2,Ｍ．デム,55.0,11,09,8,8,0,0.7,6,123.9,"2039",0,10,11,7,8,34.6,470,牧田和弥,栗,0,11102257,05212,01123,0813530409,曽我司,千代田牧場,ブライアンズタイム,ビバムールフィユ,サンデーサイレンス,鹿毛,110513,   17.4,  ,    ,60.6
13,11,09,5,京都,3,04,未勝利*,7,芝,0,2000,良,サチノクイーン    ,牝,2,国分恭介,54.0,11,10,10,10,0,3.1,9,126.3,"2063",0,1,1,3,6,37.3,458,服部利之,栗,0,11106329,01124,01040,0813530410,佐藤勝士,トラストスリーファ,ダイワメジャー,ノーススポット,タイトスポット,鹿毛,110310,   75.1,  ,    ,52.3
13,11,09,5,京都,3,04,未勝利*,7,芝,0,2000,良,ブリーズラプソディ,牝,2,酒井学,54.0,11,11,11,11,0,3.2,11,126.4,"2064",0,9,9,10,11,36.6,456,庄野靖志,栗,0,11106227,01034,01087,0813530411,シルクレーシング,メイプルファーム,マンハッタンカフェ,ブリージーキス,Caerleon,青鹿,110212,  313.5,  ,    ,55.2
13,11,09,5,京都,3,05,新馬,15,芝,0,1600,良,メモリービビッド  ,牡,2,太宰啓介,55.0,11,01,7,7,0,1.3,7,97.8,"1378",0,0,0,6,7,35.1,438,柴田光陽,栗,0,11105856,01037,00400,0813530501,シンザンクラブ,谷川牧場,ザール,メモリージュエル,アーミジャー,鹿毛,110329,   30.2,  ,    ,57.2
13,11,09,5,京都,3,05,新馬,15,芝,0,1600,良,ロードヴォルケーノ,牡,2,ルメール,55.0,11,02,4,4,0,0.6,3,97.1,"1371",0,0,0,4,4,34.6,456,笹田和秀,栗,110,11103445,05339,01104,0813530502,ロードホースクラブ,ケイアイファーム,キングカメハメハ,ジャズキャット,"Storm Cat",鹿毛,110322,    4.0,  ,    ,58.4
13,11,09,5,京都,3,05,新馬,15,芝,0,1600,良,スマートブルーム  ,牝,2,武幸四郎,54.0,11,03,10,10,0,1.9,10,98.4,"1384",0,0,0,10,10,35.3,444,安達昭夫,栗,0,11101758,01026,01042,0813530503,大川徹,岡田スタツド,ロージズインメイ,スマートドレス,スウェプトオーヴァーボード,芦毛,110411,  150.8,  ,    ,57.3
13,11,09,5,京都,3,05,新馬,15,芝,0,1600,良,トーホウエトワール,牝,2,松田大作,54.0,11,04,8,8,0,1.4,11,97.9,"1379",0,0,0,8,8,35.1,438,崎山博樹,栗,0,11100485,01030,00365,0813530504,東豊物産,竹島幸治,ジャングルポケット,トーホウシャイン,スペシャルウィーク,栗毛,110309,  164.5,  ,    ,57.4
13,11,09,5,京都,3,05,新馬,15,芝,0,1600,良,クリノダイコクテン,牡,2,国分恭介,55.0,11,05,6,6,0,1.1,6,97.6,"1376",0,0,0,10,10,34.5,480,谷潔,栗,0,11100420,01124,00431,0813530505,栗本博晴,白井牧場,ハーツクライ,メガミゲラン,シエイデイハイツ,栃栗,110308,   11.0,  ,    ,59.7
13,11,09,5,京都,3,05,新馬,15,芝,0,1600,良,ビアンコカンドーレ,牝,2,浜中俊,54.0,11,06,2,2,0,0.4,5,96.9,"1369",0,0,0,1,1,34.8,446,矢作芳人,栗,280,11104025,01115,01075,0813530506,吉田勝己,ノーザンファーム,チチカステナンゴ,フサイチミニヨン,サンデーサイレンス,芦毛,110201,    9.3,  ,    ,57.1
13,11,09,5,京都,3,05,新馬,15,芝,0,1600,良,レッドハミング    ,牝,2,和田竜二,54.0,11,07,11,11,0,2.2,9,98.7,"1387",0,0,0,8,9,35.8,416,坂口正則,栗,0,11105361,01018,00356,0813530507,グリーンスウォード,ムラカミファーム,ステイゴールド,カネスベネフィシオ,フォーティナイナー,黒鹿,110430,   76.1,  ,    ,55.4
13,11,09,5,京都,3,05,新馬,15,芝,0,1600,良,ショウナンサンタ  ,牡,2,バルザロ,55.0,11,08,9,9,0,1.5,8,98,"1380",0,0,0,2,2,35.7,464,中村均,栗,0,11103605,05504,00261,0813530508,湘南,三嶋牧場,シンボリクリスエス,ショウナンサリーレ,キャプテンスティーヴ,鹿毛,110326,   35.7,  ,    ,54.7
13,11,09,5,京都,3,05,新馬,15,芝,0,1600,良,サトノルパン      ,牡,2,小牧太,55.0,11,09,3,3,0,0.6,1,97.1,"1371",0,0,0,4,4,34.5,464,村山明,栗,180,11102913,00894,01107,0813530509,里見治,エクセルマネジメン,ディープインパクト,エリモピクシー,ダンシングブレーヴ,黒鹿,110307,    3.1,  ,    ,58.9
13,11,09,5,京都,3,05,新馬,15,芝,0,1600,良,メイショウゼロセン,牡,2,武豊,55.0,11,10,5,5,0,1,4,97.5,"1375",0,0,0,2,2,35.1,492,松永昌博,栗,70,11106077,00666,01083,0813530510,松本好雄,三嶋牧場,スペシャルウィーク,ステイトリースター,"Deputy Minister",黒鹿,110409,    9.2,  ,    ,56.7
13,11,09,5,京都,3,05,新馬,15,芝,0,1600,良,アズマシャトル    ,牡,2,松山弘平,55.0,11,11,1,1,0,-0.4,2,96.5,"1365",0,0,0,6,6,33.8,490,加用正,栗,700,11100370,01126,00425,0813530511,東哲次,下河辺牧場,ゼンノロブロイ,ブレッシング,マルゼンスキー,鹿毛,110405,    3.5,  ,    ,61.3
13,11,09,5,京都,3,06,新馬,15,ダ,1,1400,良,メンカウラー      ,牡,2,武豊,55.0,13,01,7,7,0,1.3,3,87.6,"1276",0,0,0,13,12,37.4,492,小崎憲,栗,0,11110096,00666,01085,0813530601,前田幸治,"Caroline Huckabay","Tale of the Cat",Tizmeanttobe,Tiznow,黒鹿,110419,    7.5,  ,    ,50.7
13,11,09,5,京都,3,06,新馬,15,ダ,1,1400,良,スターリーオレンジ,牝,2,秋山真一,54.0,13,02,12,12,0,2.1,6,88.4,"1284",0,0,0,7,5,39.4,482,野村彰彦,栗,0,11101445,01019,00375,0813530602,山上和良,久井牧場,サウスヴィグラス,ゲイングローリー,"Mt. Livermore",栗毛,110328,   22.5,  ,    ,43.3
13,11,09,5,京都,3,06,新馬,15,ダ,1,1400,良,スズカレビン      ,牡,2,国分恭介,55.0,13,03,11,11,0,2,10,88.3,"1283",0,0,0,11,11,38.4,472,藤岡範士,栗,0,11102884,01124,00289,0813530603,永井啓弍,レイクヴィラファー,シニスターミニスター,アフェクショネイト,クロフネ,鹿毛,110401,   61.9,  ,    ,47.5
13,11,09,5,京都,3,06,新馬,15,ダ,1,1400,良,サカジロヴィグラス,牝,2,酒井学,54.0,13,04,13,13,0,2.2,13,88.5,"1285",0,0,0,8,9,39.3,478,崎山博樹,栗,0,11102738,01034,00365,0813530604,ロイヤルパーク,宇南山牧場,サウスヴィグラス,ヒカルマイハート,フジキセキ,黒鹿,110530,  168.7,  ,    ,43.9
13,11,09,5,京都,3,06,新馬,15,ダ,1,1400,良,イチザブイ        ,牡,2,小牧太,55.0,13,05,9,9,0,1.9,7,88.2,"1282",0,0,0,4,5,39.3,510,坪憲章,栗,0,11101893,00894,00361,0813530605,奈良崎孝一郎,キヨタケ牧場,スタチューオブリバティ,フリートサクシード,ラムタラ,黒鹿,110504,   23.3,  ,    ,43.3
13,11,09,5,京都,3,06,新馬,15,ダ,1,1400,良,クリアザコースト  ,牡,2,岩田康誠,55.0,13,06,2,2,0,0.1,5,86.4,"1264",0,0,0,1,1,37.8,532,加用正,栗,280,11104468,05203,00425,0813530606,谷掛龍夫,社台ファーム,ダイワメジャー,ライブリーチューン,"Dixieland Band",鹿毛,110226,   18.7,  ,    ,46.4
13,11,09,5,京都,3,06,新馬,15,ダ,1,1400,良,オメガヴェンデッタ,牡,2,ルメール,55.0,13,07,4,4,0,0.3,1,86.6,"1266",0,0,0,8,8,37.4,518,安田隆行,栗,110,11104366,05339,00438,0813530607,原禮子,社台ファーム,ゼンノロブロイ,ビハインドザマスク,ホワイトマズル,鹿毛,110127,    1.8,  ,    ,48.7
13,11,09,5,京都,3,06,新馬,15,ダ,1,1400,良,ラフィネシチー    ,牝,2,浜中俊,54.0,13,08,1,1,0,-0.1,2,86.3,"1263",0,0,0,2,2,37.6,454,岡田稲男,栗,700,11101468,01115,01066,0813530608,友駿ホースクラブ,幌村牧場,ゴールドアリュール,レディクラシック,ブライアンズタイム,青鹿,110430,    4.0,  ,    ,47.1
13,11,09,5,京都,3,06,新馬,15,ダ,1,1400,良,ヒロノメビウス    ,牝,2,国分優作,54.0,13,09,8,8,0,1.8,8,88.1,"1281",0,0,0,12,12,38,454,羽月友彦,栗,0,11106374,01125,01091,0813530609,守内ひろ子,パカパカファーム,キングカメハメハ,タイキメビウス,ダンスオブライフ,栗毛,110401,   30.7,  ,    ,48.9
13,11,09,5,京都,3,06,新馬,15,ダ,1,1400,良,ホワイトクリスマス,牡,2,池添謙一,55.0,13,10,6,6,0,1.1,9,87.4,"1274",0,0,0,3,3,38.6,496,清水出美,栗,0,11104513,01032,00369,0813530610,岡浩二,赤石久夫,スウェプトオーヴァーボード,アラマサブレーヴ,ダンシングブレーヴ,芦毛,110320,   35.3,  ,    ,44.8
13,11,09,5,京都,3,06,新馬,15,ダ,1,1400,良,ダイリュウキセキ  ,牝,2,小林徹弥,54.0,13,11,5,5,0,0.4,11,86.7,"1267",0,0,0,10,9,37.3,454,目野哲也,栗,70,11101272,00722,00387,0813530611,大野龍,木田牧場,ファスリエフ,キタサンラブソング,ダンスインザダーク,黒鹿,110216,   64.1,  ,    ,49.3
13,11,09,5,京都,3,06,新馬,15,ダ,1,1400,良,テンマティーニ    ,牡,2,戸崎圭太,55.0,13,12,3,3,0,0.1,4,86.4,"1264",0,0,0,4,3,37.5,490,作田誠二,栗,180,11102600,05386,01006,0813530612,芹澤精一,前谷武志,ブライアンズタイム,エンジェルライト,スキャン,栗毛,110224,   15.5,  ,    ,47.8
13,11,09,5,京都,3,06,新馬,15,ダ,1,1400,良,メイショウシシマル,牡,2,森一馬,52.0,13,13,10,10,0,1.9,12,88.2,"1282",0,0,0,4,7,39.2,476,沖芳夫,栗,0,11103388,01139,00378,0813530613,松本好雄,村下明博,ノボジャック,メイショウチュラ,アドマイヤベガ,鹿毛,110531,   65.0,  ,    ,43.8
13,11,09,5,京都,3,07,500万下,23,芝,8,2200,良,プロフェッサー    ,牡,4,戸崎圭太,57.0,10,01,6,6,0,0.3,5,135.5,"2155",0,3,3,4,4,34.2,460,音無秀孝,栗,0,09100576,05386,01002,0813530701,近藤英子,辻牧場,リンカーン,カーニバルソング,エルコンドルパサー,鹿毛,090308,   17.4,  ,    ,61.1
13,11,09,5,京都,3,07,500万下,23,芝,8,2200,良,トーセンギャラリー,牡,4,武豊,57.0,10,02,7,7,0,0.4,1,135.6,"2156",0,7,7,8,8,33.8,490,佐々木晶,栗,0,09106154,00666,00429,0813530702,島川隆哉,ノーザンファーム,フジキセキ,サドラーズメイド,"Sadler's Wells",鹿毛,090416,    1.7,  ,    ,62.9
13,11,09,5,京都,3,07,500万下,23,芝,8,2200,良,ダイシンブラック  ,牡,4,ルメール,57.0,10,03,1,1,0,0,7,135.2,"2152",0,2,2,2,2,34.1,498,庄野靖志,栗,720,09105378,05339,01087,0813530703,大八木信行,守矢牧場,マンハッタンカフェ,フジダイヤ,ジェイドロバリー,鹿毛,090305,   32.3,  ,    ,61.2
13,11,09,5,京都,3,07,500万下,23,芝,8,2200,良,フィオリア        ,牡,5,秋山真一,57.0,10,04,5,5,0,0.3,8,135.5,"2155",0,1,1,1,1,34.7,478,吉村圭司,栗,72,08110022,01019,01130,0813530704,鳴戸雄一,"F. K. N. Partners",Dynaformer,"Glint in Her Eye",Arazi,鹿毛,080518,   65.0,  ,    ,58.9
13,11,09,5,京都,3,07,500万下,23,芝,8,2200,良,コーダリー        ,牡,4,国分優作,57.0,10,05,10,10,0,1.4,10,136.6,"2166",0,10,10,10,10,34.2,444,橋口弘次,栗,0,09105013,01125,00343,0813530705,ノースヒルズ,ノースヒルズマネジ,アグネスタキオン,キュンティア,Darshaan,黒鹿,090304,  228.9,  ,    ,62.3
13,11,09,5,京都,3,07,500万下,23,芝,8,2200,良,ゴールドテーラー  ,牝,3,Ｍ．デム,53.0,10,06,2,2,0,0,2,135.2,"2152",0,4,4,3,3,34,418,河内洋,栗,290,10103921,05212,01072,0813530706,中西浩一,社台ファーム,ステイゴールド,ホットレッグス,Galileo,栗毛,100219,    3.7,  ,    ,61.6
13,11,09,5,京都,3,07,500万下,23,芝,8,2200,良,マコトタンホイザー,牡,3,松山弘平,55.0,10,07,9,9,0,0.8,9,136,"2160",0,7,7,7,6,34.3,490,中村均,栗,0,10101873,01126,00261,0813530707,ディアマント,出口繁夫,ゼンノエルシド,マコトエンジェルス,コマンダーインチーフ,青鹿,100528,   85.1,  ,    ,61.2
13,11,09,5,京都,3,07,500万下,23,芝,8,2200,良,ダイシンハンター  ,牡,4,川田将雅,57.0,10,08,4,4,0,0.2,4,135.4,"2154",0,5,5,5,5,34,486,松田博資,栗,110,09106491,01088,00348,0813530708,大八木信行,社台コーポレーショ,ネオユニヴァース,ダイシンパーティー,ブライアンズタイム,鹿毛,090115,   15.6,  ,    ,61.8
13,11,09,5,京都,3,07,500万下,23,芝,8,2200,良,スペルヴィア      ,牡,4,岩田康誠,57.0,10,09,8,8,0,0.8,3,136,"2160",0,9,9,9,8,34,532,橋田満,栗,0,09106305,05203,00362,0813530709,佐々木主浩,ノーザンファーム,シンボリクリスエス,フサイチパンドラ,サンデーサイレンス,黒鹿,090220,    6.7,  ,    ,62.5
13,11,09,5,京都,3,07,500万下,23,芝,8,2200,良,ゴッドフロアー    ,牝,3,内田博幸,53.0,10,10,3,3,0,0.2,6,135.4,"2154",0,6,5,6,6,33.8,498,松永幹夫,栗,180,10106226,00422,01092,0813530710,広尾レース,大樹ファーム,ハーツクライ,ウェルシュステラ,Zafonic,鹿毛,100322,   26.9,  ,    ,62.7
13,11,09,5,京都,3,08,京都ジャJG3,163,芝,2,3170,良,メイショウヨウドウ,セ,5,高田潤,60.0,7,01,2,2,0,0.3,4,212.7,"3327",0,3,3,3,3,13.4,482,池添兼雄,栗,1100,08106244,01046,01021,0813530801,松本好雄,ヤナガワ牧場,ステイゴールド,ウェディングラヴ,Caerleon,黒鹿,080221,    8.1,  ,    , 0.0
13,11,09,5,京都,3,08,京都ジャJG3,163,芝,2,3170,良,ニジブルーム      ,牡,5,小坂忠士,60.0,7,02,3,3,0,0.8,3,213.2,"3332",0,2,2,2,2,13.5,490,山内研二,栗,700,08102897,01063,00388,0813530802,横瀬兼二,社台ファーム,ダンスインザダーク,タヤスブルーム,Caerleon,芦毛,080426,    7.9,  ,    , 0.0
13,11,09,5,京都,3,08,京都ジャJG3,163,芝,2,3170,良,オンワードデューク,牝,5,難波剛健,58.0,7,03,4,4,0,0.9,2,213.3,"3333",0,6,6,5,5,13.5,456,柴田政見,栗,420,08101969,01066,00406,0813530803,樫山章子,オンワード牧場,アグネスデジタル,オンワードラトゥル,ストローズクリーク,栗毛,080406,    6.4,  ,    , 0.0
13,11,09,5,京都,3,08,京都ジャJG3,163,芝,2,3170,良,ワシャモノタリン  ,牡,7,中村将之,60.0,7,04,5,5,0,0.9,5,213.3,"3333",0,4,4,4,4,13.5,508,谷潔,栗,280,06103593,01101,00431,0813530804,小田切有一,木下牧場,エアエミネム,ジョウネツノアラシ,アフリート,黒鹿,060318,   12.6,  ,    , 0.0
13,11,09,5,京都,3,08,京都ジャJG3,163,芝,2,3170,良,カネスラファール  ,牡,9,上野翔,60.0,7,05,7,7,0,4.3,6,216.7,"3367",0,4,5,5,6,13.7,488,小野次郎,美,0,04105494,01087,01125,0813530805,杉澤光雄,坂牧場,ミシエロ,サムソンフェアリー,サンデーサイレンス,黒鹿,040511,   25.2,  ,    , 0.0
13,11,09,5,京都,3,08,京都ジャJG3,163,芝,2,3170,良,マンノプロジェクト,牡,4,北沢伸也,60.0,7,06,6,6,0,3.9,7,216.3,"3363",0,7,6,7,7,13.6,482,松元茂樹,栗,0,09105436,00691,00419,0813530806,萬野順啓,若林牧場,トウカイテイオー,マリエンマ,Nureyev,鹿毛,090503,   46.3,  ,    , 0.0
13,11,09,5,京都,3,08,京都ジャJG3,163,芝,2,3170,良,デンコウオクトパス,牡,6,西谷誠,61.0,7,07,1,1,0,-0.3,1,212.4,"3324",0,1,1,1,1,13.4,470,坂口正則,栗,2800,07100973,01005,00356,0813530807,田中康弘,見上牧場,マヤノトップガン,シルキーマニッシュ,リズム,鹿毛,070412,    1.4,  ,    , 0.0
13,11,09,5,京都,3,09,黄菊賞500*,23,芝,8,1800,良,レッドカイザー    ,牡,2,藤岡康太,55.0,13,01,7,7,0,0.8,9,107.3,"1473",0,0,0,5,5,36.1,490,角居勝彦,栗,0,11103862,01116,01053,0813530901,東京ホースレーシン,ノーザンファーム,ゼンノロブロイ,サセッティ,Selkirk,黒鹿,110130,   34.9,  ,    ,48.6
13,11,09,5,京都,3,09,黄菊賞500*,23,芝,8,1800,良,メイショウコルノ  ,牡,2,武幸四郎,55.0,13,02,9,9,0,1,8,107.5,"1475",0,0,0,3,2,36.6,514,河内洋,栗,0,11105920,01026,01072,0813530902,松本好雄,富田牧場,マンハッタンカフェ,アンノウンウォーターズ,Rahy,黒鹿,110320,   31.0,  ,    ,46.9
13,11,09,5,京都,3,09,黄菊賞500*,23,芝,8,1800,良,オーシャンヒーロー,牡,2,酒井学,55.0,13,03,3,3,0,0.3,1,106.8,"1468",0,0,0,1,1,36.1,508,田所秀孝,栗,240,11104686,01034,01009,0813530903,上田宗義,競優牧場,スクリーンヒーロー,エレガントマリー,シャンハイ,栗毛,110523,    2.7,  ,    ,47.9
13,11,09,5,京都,3,09,黄菊賞500*,23,芝,8,1800,良,トゥザワールド    ,牡,2,川田将雅,55.0,13,04,1,1,0,-0.3,2,106.5,"1465",0,0,0,3,2,35.5,506,池江泰寿,栗,950,11103975,01088,01071,0813530904,キャロットファーム,ノーザンファーム,キングカメハメハ,トゥザヴィクトリー,サンデーサイレンス,鹿毛,110412,    2.8,  ,    ,50.0
13,11,09,5,京都,3,09,黄菊賞500*,23,芝,8,1800,良,ヴォルシェーブ    ,牡,2,内田博幸,55.0,13,05,5,5,0,0.6,3,107.1,"1471",0,0,0,9,7,35.6,500,友道康夫,栗,95,11103789,00422,01061,0813530905,佐々木主浩,ノーザンファーム,ネオユニヴァース,ヴェイルオブアヴァロン,"Thunder Gulch",栗毛,110316,    5.2,  ,    ,50.4
13,11,09,5,京都,3,09,黄菊賞500*,23,芝,8,1800,良,ウインレーベン    ,牡,2,バルザロ,55.0,13,06,13,13,0,7,12,113.5,"1535",0,0,0,13,13,39.9,436,中村均,栗,0,11106314,05504,00261,0813530906,ウイン,モリナガファーム,ハーツクライ,ユーワジョイナー,ミルジヨージ,青鹿,110423,  226.5,  ,    ,42.2
13,11,09,5,京都,3,09,黄菊賞500*,23,芝,8,1800,良,ヴァンクウィッシュ,牡,2,岩田康誠,55.0,13,07,10,10,0,1.3,7,107.8,"1478",0,0,0,7,7,36.4,484,池江泰寿,栗,0,11105071,05203,01071,0813530907,前田幸治,ノースヒルズ,マンハッタンカフェ,アランセラ,"Dixieland Band",青鹿,110203,   23.3,  ,    ,48.1
13,11,09,5,京都,3,09,黄菊賞500*,23,芝,8,1800,良,キングズオブザサン,牡,2,Ｍ．デム,55.0,13,08,4,4,0,0.4,6,106.9,"1469",0,0,0,5,5,35.7,472,荒川義之,栗,140,11104272,05212,01095,0813530908,社台レースホース,社台ファーム,チチカステナンゴ,スティンガー,サンデーサイレンス,芦毛,110514,   21.6,  ,    ,49.7
13,11,09,5,京都,3,09,黄菊賞500*,23,芝,8,1800,良,キンコバン        ,牡,2,国分恭介,55.0,13,09,6,6,0,0.7,13,107.2,"1472",0,0,0,10,9,35.4,464,西橋豊治,栗,0,11100697,01124,00434,0813530909,熊田義孝,中原牧場,アドマイヤジャパン,ベンテンヒカル,ウォーニング,栗毛,110314,  257.8,  ,    ,51.4
13,11,09,5,京都,3,09,黄菊賞500*,23,芝,8,1800,良,カバーストーリー  ,牡,2,松山弘平,55.0,13,10,8,8,0,0.8,5,107.3,"1473",0,0,0,12,11,35,470,清水久詞,栗,0,11101390,01126,01110,0813530910,前田晋二,土居忠吉,ダイワメジャー,エンブレイス,アフリート,栗毛,110207,   20.4,  ,    ,53.3
13,11,09,5,京都,3,09,黄菊賞500*,23,芝,8,1800,良,シャドウダンサー  ,牡,2,戸崎圭太,55.0,13,11,2,2,0,0.3,4,106.8,"1468",0,0,0,8,9,35.2,492,角居勝彦,栗,380,11104306,05386,01053,0813530911,飯塚知一,社台ファーム,ホワイトマズル,ダンスインザムード,サンデーサイレンス,黒鹿,110311,   11.9,  ,    ,51.7
13,11,09,5,京都,3,09,黄菊賞500*,23,芝,8,1800,良,ビタミンエース    ,牡,2,横山典弘,55.0,13,12,11,11,0,1.5,10,108,"1480",0,0,0,2,2,37.1,498,本田優,栗,0,11101354,00660,01099,0813530912,村上稔,谷口育成牧場,ケイムホーム,シプカクラッチュ,デヒア,鹿毛,110501,   36.7,  ,    ,45.6
13,11,09,5,京都,3,09,黄菊賞500*,23,芝,8,1800,良,ロードフォワード  ,牡,2,池添謙一,55.0,13,13,12,12,0,1.6,11,108.1,"1481",0,0,0,11,12,35.8,430,高野友和,栗,0,11103443,01032,01117,0813530913,ロードホースクラブ,ケイアイファーム,ネオユニヴァース,サッカーマム,Kingmambo,青鹿,110331,  158.6,  ,    ,51.0
13,11,09,5,京都,3,10,比叡Ｓ1600,67,芝,8,2400,良,メイショウドンタク,牡,7,横山典弘,57.0,10,01,3,3,0,0,8,144.8,"2248",0,2,2,2,3,34.5,502,本田優,栗,440,06102061,00660,01099,0813531001,松本好雄,太陽牧場,マンハッタンカフェ,ミスティックライト,Machiavellian,黒鹿,060228,   74.2,  ,    ,56.6
13,11,09,5,京都,3,10,比叡Ｓ1600,67,芝,8,2400,良,フミノヤマビコ    ,牡,6,国分優作,57.0,10,02,10,10,0,0.9,7,145.7,"2257",0,5,5,5,5,34.8,496,西浦勝一,栗,0,07101489,01125,01016,0813531002,谷二,斉藤英牧場,アグネスフライト,リファン,Fappiano,鹿毛,070515,   62.6,  ,    ,56.2
13,11,09,5,京都,3,10,比叡Ｓ1600,67,芝,8,2400,良,スーサングレート  ,牡,5,藤岡康太,57.0,10,03,8,8,0,0.7,6,145.5,"2255",0,1,1,1,1,35.5,516,鈴木孝志,栗,0,08101252,01116,01111,0813531003,林進,浦河日成牧場,キングカメハメハ,ヴァレリー,サンデーサイレンス,栗毛,080419,   13.6,  ,    ,53.3
13,11,09,5,京都,3,10,比叡Ｓ1600,67,芝,8,2400,良,コウエイオトメ    ,牝,5,池添謙一,55.0,10,04,1,1,0,0,5,144.8,"2248",0,8,8,7,8,33.6,482,松元茂樹,栗,1740,08104252,01032,00419,0813531004,西岡静男,石郷岡雅樹,ハーツクライ,ホットマンボ,Kingmambo,鹿毛,080227,    7.9,  ,    ,60.3
13,11,09,5,京都,3,10,比叡Ｓ1600,67,芝,8,2400,良,トウカイオーロラ  ,牡,6,秋山真一,57.0,10,05,7,7,0,0.4,9,145.2,"2252",0,10,10,10,10,33.6,472,田所秀孝,栗,0,07106369,01019,01009,0813531005,内村正則,びらとり牧場,トウカイテイオー,トウカイパステル,サンデーサイレンス,黒鹿,070407,   83.9,  ,    ,60.7
13,11,09,5,京都,3,10,比叡Ｓ1600,67,芝,8,2400,良,ナリタパイレーツ  ,牡,3,内田博幸,55.0,10,06,6,6,0,0.4,4,145.2,"2252",0,4,4,4,3,34.8,440,宮本博,栗,0,10102526,00422,01073,0813531006,オースミ,岡田牧場,ジャングルポケット,ナリタジューン,フジキセキ,鹿毛,100406,    7.5,  ,    ,55.7
13,11,09,5,京都,3,10,比叡Ｓ1600,67,芝,8,2400,良,ハーバーコマンド  ,牡,5,岩田康誠,57.0,10,07,2,2,0,0,2,144.8,"2248",0,2,2,2,2,34.7,486,加用正,栗,700,08103060,05203,00425,0813531007,谷掛龍夫,社台ファーム,マンハッタンカフェ,レディイン,Kendor,芦毛,080227,    3.0,  ,    ,55.8
13,11,09,5,京都,3,10,比叡Ｓ1600,67,芝,8,2400,良,メイショウジンム  ,牡,7,Ｍ．デム,57.0,10,08,9,9,0,0.8,10,145.6,"2256",0,5,5,5,5,34.7,448,牧浦充徳,栗,0,06101915,05212,01113,0813531008,松本好雄,杵臼斉藤牧場,メイショウドトウ,ラッキーミシェロ,ミシエロ,鹿毛,060316,   91.2,  ,    ,56.5
13,11,09,5,京都,3,10,比叡Ｓ1600,67,芝,8,2400,良,マイネオーチャード,牝,5,ルメール,55.0,10,09,4,4,0,0,3,144.8,"2248",0,7,7,7,7,33.7,452,畠山吉宏,美,260,08105063,05339,01048,0813531009,サラブレッドクラブ,ムラカミファーム,ステイゴールド,シルキーヴェルジェ,ティンバーカントリー,栗毛,080412,    6.2,  ,    ,59.9
13,11,09,5,京都,3,10,比叡Ｓ1600,67,芝,8,2400,良,ピクシープリンセス,牝,5,バルザロ,55.0,10,10,5,5,0,0.4,1,145.2,"2252",0,8,8,9,8,33.9,456,野中賢二,栗,174,08105759,05504,01098,0813531010,H.H.シェイク・モハ,ダーレー・ジャパン,ディープインパクト,オータムメロディー,Kingmambo,鹿毛,080506,    2.7,  ,    ,59.4
13,11,09,5,京都,3,11,ファンタG3,163,芝,8,1400,良,フクノドリーム    ,牝,2,横山典弘,54.0,18,01,8,8,0,0.5,3,81.6,"1216",0,0,0,10,8,35.3,474,杉浦宏昭,美,0,11105841,00660,01008,0813531101,福島祐子,谷川牧場,ヨハネスブルグ,キャニオンリリー,エルハーブ,栗毛,110330,    6.0,  ,    ,48.4
13,11,09,5,京都,3,11,ファンタG3,163,芝,8,1400,良,ラヴィーネ        ,牝,2,ルメール,54.0,18,02,13,13,0,1,10,82.1,"1221",0,0,0,3,4,36,442,安田隆行,栗,0,11104499,05339,00438,0813531102,社台レースホース,社台ファーム,ゼンノロブロイ,レディイン,Kendor,芦毛,110314,   39.9,  ,    ,46.0
13,11,09,5,京都,3,11,ファンタG3,163,芝,8,1400,良,グランシェリー    ,牝,2,浜中俊,54.0,18,03,6,6,0,0.4,5,81.5,"1215",0,0,0,6,4,35.4,492,庄野靖志,栗,0,11105974,01115,01087,0813531103,間宮秀直,日本中央競馬会日高,アルデバラン2,エポックサクラ,サクラバクシンオー,芦毛,110320,    6.5,  ,    ,47.7
13,11,09,5,京都,3,11,ファンタG3,163,芝,8,1400,良,モズハツコイ      ,牝,2,バルザロ,54.0,18,04,2,2,0,0.2,7,81.3,"1213",0,0,0,10,8,34.9,454,牧田和弥,栗,1100,11103111,05504,01123,0813531104,キャピタル・システ,上山牧場,クロフネ,クールアンフルール,サクラバクシンオー,芦毛,110125,   16.1,  ,    ,49.7
13,11,09,5,京都,3,11,ファンタG3,163,芝,8,1400,良,タイセイララバイ  ,牝,2,松山弘平,54.0,18,05,7,7,0,0.5,12,81.6,"1216",0,0,0,15,12,35.1,466,高野友和,栗,0,11103900,01126,01117,0813531105,田中成奉,ノーザンファーム,シンボリクリスエス,シーディドアラバイ,ジャングルポケット,青鹿,110125,  112.3,  ,    ,49.4
13,11,09,5,京都,3,11,ファンタG3,163,芝,8,1400,良,エルノルテ        ,牝,2,内田博幸,54.0,18,06,9,9,0,0.6,2,81.7,"1217",0,0,0,14,12,35.2,454,音無秀孝,栗,0,11103899,00422,01002,0813531106,吉田勝己,ノーザンファーム,ディープインパクト,シーズオールエルティッシュ,Eltish,鹿毛,110224,    5.5,  ,    ,49.1
13,11,09,5,京都,3,11,ファンタG3,163,芝,8,1400,良,ベルカント        ,牝,2,武豊,54.0,18,07,1,1,0,-0.2,4,81.1,"1211",0,0,0,1,1,35.3,468,角田晃一,栗,2800,11101395,00666,01121,0813531107,ノースヒルズ,土居忠吉,サクラバクシンオー,セレブラール,ボストンハーバー,栗毛,110302,    6.2,  ,    ,47.3
13,11,09,5,京都,3,11,ファンタG3,163,芝,8,1400,良,ウメ              ,牝,2,酒井学,54.0,18,08,11,11,0,0.9,17,82,"1220",0,0,0,6,6,35.8,440,田所秀孝,栗,0,11106438,01034,01009,0813531108,副島義久,大西ファーム,アッミラーレ,ミルフィーユ,リアルシヤダイ,栗毛,110417,  222.7,  ,    ,46.8
13,11,09,5,京都,3,11,ファンタG3,163,芝,8,1400,良,テイエムチュラッコ,牝,2,太宰啓介,54.0,18,09,16,16,0,2.7,13,83.8,"1238",0,0,0,2,2,37.9,434,柴田光陽,栗,0,11109193,01037,00400,0813531109,竹園正繼,テイエム牧場,テイエムオペラオー,テイエムチュラサン,タイキシャトル,栗毛,110425,  118.0,  ,    ,40.8
13,11,09,5,京都,3,11,ファンタG3,163,芝,8,1400,良,アドマイヤビジン  ,牝,2,秋山真一,54.0,18,10,3,3,0,0.2,15,81.3,"1213",0,0,0,18,16,34.5,472,梅田智之,栗,700,11101543,01019,01084,0813531110,近藤利一,三石橋本牧場,クロフネ,スマイルビジン,ゴールドヘイロー,芦毛,110324,  126.0,  ,    ,51.7
13,11,09,5,京都,3,11,ファンタG3,163,芝,8,1400,良,マイネヴァリエンテ,牝,2,和田竜二,54.0,18,11,10,10,0,0.7,11,81.8,"1218",0,0,0,6,11,35.6,432,加用正,栗,0,11105186,01018,00425,0813531111,サラブレッドクラブ,ビッグレッドファー,コンデュイット,コスモヴァレンチ,マイネルラヴ,鹿毛,110224,   71.1,  ,    ,47.3
13,11,09,5,京都,3,11,ファンタG3,163,芝,8,1400,良,メイショウアサツユ,牝,2,池添謙一,54.0,18,12,12,12,0,0.9,9,82,"1220",0,0,0,15,18,35.1,484,池添兼雄,栗,0,11106064,01032,01021,0813531112,松本好雄,三嶋牧場,タイキシャトル,アッファビリティー,Unbridled,鹿毛,110310,   21.9,  ,    ,50.2
13,11,09,5,京都,3,11,ファンタG3,163,芝,8,1400,良,エイシンオルドス  ,牝,2,川田将雅,54.0,18,13,4,4,0,0.3,1,81.4,"1214",0,0,0,3,2,35.5,488,坂口正則,栗,420,11103055,01088,00356,0813531113,栄進堂,梅田牧場,フジキセキ,アルカイックレディ,"Mr. Greeley",栗毛,110226,    3.9,  ,    ,47.0
13,11,09,5,京都,3,11,ファンタG3,163,芝,8,1400,良,テイエムナデューラ,牝,2,佐久間寛,54.0,18,14,14,14,0,1.4,18,82.5,"1225",0,0,0,10,12,36.1,434,鹿戸明,栗,0,11104878,01080,00368,0813531114,竹園正繼,タニグチ牧場,アドマイヤジャパン,レインボーフェロー,メジロマックイーン,栗毛,110204,  353.3,  ,    ,46.4
13,11,09,5,京都,3,11,ファンタG3,163,芝,8,1400,良,ダンツキャンサー  ,牝,2,戸崎圭太,54.0,18,15,15,15,0,1.7,14,82.8,"1228",0,0,0,3,6,36.8,474,谷潔,栗,0,11102236,05386,00431,0813531115,山元哲二,千代田牧場,アドマイヤジャパン,チョウカイクリス,サクラバクシンオー,黒鹿,110204,  124.3,  ,    ,43.8
13,11,09,5,京都,3,11,ファンタG3,163,芝,8,1400,良,スイートガーデン  ,牝,2,藤岡康太,54.0,18,16,18,18,0,3.1,16,84.2,"1242",0,0,0,6,8,38.1,494,岩戸孝樹,美,0,11101843,01116,01051,0813531116,田頭勇貴,落合一巳,ブラックタイド,スイートリヴァー,パラダイスクリーク,鹿毛,110409,  175.3,  ,    ,40.7
13,11,09,5,京都,3,11,ファンタG3,163,芝,8,1400,良,ノボリレジェンド  ,牝,2,Ｍ．デム,54.0,18,17,17,17,0,3,8,84.1,"1241",0,0,0,10,12,37.7,436,河内洋,栗,0,11104454,05212,01072,0813531117,原田豊,社台ファーム,ディープインパクト,ミルグレイン,"Polish Precedent",鹿毛,110426,   16.2,  ,    ,42.3
13,11,09,5,京都,3,11,ファンタG3,163,芝,8,1400,良,リアルヴィーナス  ,牝,2,岩田康誠,54.0,18,18,5,5,0,0.3,6,81.4,"1214",0,0,0,15,16,34.7,452,安達昭夫,栗,280,11103108,05203,01042,0813531118,山内邦一,笠松牧場,ネオユニヴァース,ラブレター,"Rock of Gibraltar",鹿毛,110319,   12.0,  ,    ,50.9
13,11,09,5,京都,3,12,1000万下・牝,43,ダ,1,1200,良,カシノインカローズ,牝,4,酒井学,55.0,13,01,7,7,0,0.6,6,71.4,"1114",0,0,0,11,12,35.4,452,梅内忍,栗,0,09101813,01034,00398,0813531201,柏木務,前川隆則,キングヘイロー,ノーザンセレナード,ノーザンテースト,鹿毛,090329,    9.0,  ,    ,51.7
13,11,09,5,京都,3,12,1000万下・牝,43,ダ,1,1200,良,アートオブビーン  ,牝,6,和田竜二,55.0,13,02,5,5,0,0.4,12,71.2,"1112",0,0,0,5,5,36.1,468,小原伊佐,栗,99,07105937,01018,00337,0813531202,岡田隆寛,日高大洋牧場,アグネスデジタル,ギザニア,Nijinsky,鹿毛,070223,  201.2,  ,    ,47.2
13,11,09,5,京都,3,12,1000万下・牝,43,ダ,1,1200,良,ランミネルバ      ,牝,3,川田将雅,54.0,13,03,13,13,0,2,13,72.8,"1128",0,0,0,11,13,36.8,446,坂口正則,栗,0,10105596,01088,00356,0813531203,高瀬牧場,高瀬牧場,アグネスタキオン,アクイレジア,フォーティナイナー,鹿毛,100407,  217.6,  ,    ,47.8
13,11,09,5,京都,3,12,1000万下・牝,43,ダ,1,1200,良,メイショウユメゴゼ,牝,4,武豊,55.0,13,04,9,9,0,0.7,2,71.5,"1115",0,0,0,3,3,36.6,456,沖芳夫,栗,0,09100976,00666,00378,0813531204,松本好雄,大島牧場,ゴールドアリュール,レインボウスズラン,スキャン,栃栗,090408,    6.6,  ,    ,45.4
13,11,09,5,京都,3,12,1000万下・牝,43,ダ,1,1200,良,サンレーン        ,牝,3,バルザロ,54.0,13,05,2,2,0,0.2,4,71,"1110",0,0,0,3,3,36.1,462,西園正都,栗,400,10100698,05504,01028,0813531205,H.H.シェイク・モハ,ダーレー・ジャパン,"Oasis Dream",プリムローズレーン,サンデーサイレンス,鹿毛,100417,    8.2,  ,    ,46.7
13,11,09,5,京都,3,12,1000万下・牝,43,ダ,1,1200,良,ハーロンベイ      ,牝,3,秋山真一,54.0,13,06,1,1,0,-0.2,1,70.8,"1108",0,0,0,7,7,35.4,460,岡田稲男,栗,990,10100652,01019,01066,0813531206,H.H.シェイク・モハ,ダーレー・ジャパン,"Elusive Quality",コージーベイ,"Storm Cat",黒鹿,100302,    1.9,  ,    ,50.0
13,11,09,5,京都,3,12,1000万下・牝,43,ダ,1,1200,良,ガールズストーリー,牝,5,太宰啓介,55.0,13,07,4,4,0,0.4,11,71.2,"1112",0,0,0,9,9,35.4,436,藤岡範士,栗,150,08106573,01037,00289,0813531207,吉永清美,中村農場,シックスセンス,ウインクドリーム,ブライアンズタイム,黒鹿,080206,  155.4,  ,    ,51.1
13,11,09,5,京都,3,12,1000万下・牝,43,ダ,1,1200,良,タガノハピネス    ,牝,3,国分恭介,54.0,13,08,11,11,0,1,8,71.8,"1118",0,0,0,13,11,35.7,468,鈴木孝志,栗,0,10105766,01124,01111,0813531208,八木良司,新冠タガノファーム,タガノゲルニカ,タガノラフレシア,エリシオ,鹿毛,100529,   53.8,  ,    ,51.1
13,11,09,5,京都,3,12,1000万下・牝,43,ダ,1,1200,良,ランドクイーン    ,牝,3,内田博幸,54.0,13,09,3,3,0,0.4,5,71.2,"1112",0,0,0,1,1,36.7,472,和田正一,美,250,10105653,00422,01114,0813531209,山口敦広,大作ステーブル,サウスヴィグラス,クライインシンパシ,サクラバクシンオー,栗毛,100403,    8.6,  ,    ,44.0
13,11,09,5,京都,3,12,1000万下・牝,43,ダ,1,1200,良,シゲルアケビ      ,牝,4,戸崎圭太,55.0,13,10,8,8,0,0.7,9,71.5,"1115",0,0,0,9,9,35.7,468,谷潔,栗,0,09101767,05386,00431,0813531210,森中蕃,広田牧場,ゴールドアリュール,メイショウフレスコ,ダンシングブレーヴ,鹿毛,090414,   64.7,  ,    ,50.3
13,11,09,5,京都,3,12,1000万下・牝,43,ダ,1,1200,良,ビナスイート      ,牝,4,岩田康誠,55.0,13,11,6,6,0,0.5,3,71.3,"1113",0,0,0,5,5,36.2,486,作田誠二,栗,0,09101309,05203,01006,0813531211,井之口二三雄,伏木田牧場,シニスターミニスター,シンセイアカリ,マヤノトップガン,栗毛,090223,    7.8,  ,    ,47.0
13,11,09,5,京都,3,12,1000万下・牝,43,ダ,1,1200,良,デプロマトウショウ,牝,4,浜中俊,55.0,13,12,12,12,0,1.1,7,71.9,"1119",0,0,0,7,7,36.5,460,高木登,美,0,09103950,01115,01088,0813531212,トウショウ産業,トウショウ産業株式,ファスリエフ,マザートウショウ,ステイールハート,鹿毛,090419,   34.6,  ,    ,47.0
13,11,09,5,京都,3,12,1000万下・牝,43,ダ,1,1200,良,ハイマウンテン    ,牝,3,国分優作,54.0,13,13,10,10,0,1,10,71.8,"1118",0,0,0,2,2,37.2,438,目野哲也,栗,0,10100784,01125,00387,0813531213,北前孔一郎,豊郷牧場,アルデバラン2,ラブポエット,Daylami,鹿毛,100402,   93.5,  ,    ,43.0
13,11,10,5,京都,4,01,未勝利・牝*,7,ダ,1,1400,良,グランベラミ      ,牝,2,内田博幸,54.0,14,01,1,1,0,-0.1,7,87.1,"1271",0,0,0,13,13,37.5,448,森秀行,栗,500,11100286,00422,00427,0813540101,飯田訓大,三城牧場,ネオユニヴァース,ジョウノイザベラ,ウォーニング,鹿毛,110402,   16.7,  ,    ,49.2
13,11,10,5,京都,4,01,未勝利・牝*,7,ダ,1,1400,良,ケイウンヘブンズ  ,牝,2,森一馬,51.0,14,02,6,6,0,0.3,13,87.4,"1274",0,0,0,9,5,38.4,396,松永昌博,栗,0,11100041,01139,01083,0813540102,鋤元節夫,新井昭二,ブラックタイド,ブリンダーレ,エルコンドルパサー,青鹿,110404,  223.1,  ,    ,45.7
13,11,10,5,京都,4,01,未勝利・牝*,7,ダ,1,1400,良,フィールドエデン  ,牝,2,酒井学,54.0,14,03,13,13,0,1.1,9,88.2,"1282",0,0,0,10,11,38.8,418,西園正都,栗,0,11103828,01034,01028,0813540103,地田勝三,ノーザンファーム,オンファイア,ギャラリートーク,ブライアンズタイム,青毛,110421,   30.9,  ,    ,45.5
13,11,10,5,京都,4,01,未勝利・牝*,7,ダ,1,1400,良,タマモアネモネ    ,牝,2,和田翼,51.0,14,04,10,10,0,1,14,88.1,"1281",0,0,0,10,11,38.8,450,五十嵐忠,栗,0,11102414,01146,00422,0813540104,タマモ,野坂牧場,ボストンハーバー,ヒナギク,フォーティナイナー,栗毛,110307,  297.6,  ,    ,45.3
13,11,10,5,京都,4,01,未勝利・牝*,7,ダ,1,1400,良,ニューエトワール  ,牝,2,秋山真一,54.0,14,05,11,11,0,1,11,88.1,"1281",0,0,0,7,8,39.1,442,高橋亮,栗,0,11102278,01019,01136,0813540105,佐々木政充,千代田牧場,クロフネ,メイクヒストリー,サンデーサイレンス,芦毛,110305,  150.8,  ,    ,44.0
13,11,10,5,京都,4,01,未勝利・牝*,7,ダ,1,1400,良,パフュームボム    ,牝,2,三浦皇成,54.0,14,06,2,2,0,0.1,12,87.2,"1272",0,0,0,10,10,37.9,456,佐々木晶,栗,200,11102225,01122,00429,0813540106,飯田正剛,千代田牧場,プリサイスエンド,ジェミーブロッサム,"Wild Again",鹿毛,110411,  169.9,  ,    ,47.6
13,11,10,5,京都,4,01,未勝利・牝*,7,ダ,1,1400,良,ピンクプリンセス  ,牝,2,岩田康誠,54.0,14,07,8,8,0,0.7,1,87.8,"1278",0,0,0,14,14,37.7,508,小野幸治,栗,0,11100136,05203,00350,0813540107,木村久子,沖田牧場,シルバーチャーム,ヴィナカ,マルゼンスキー,芦毛,110311,    2.3,  ,    ,49.7
13,11,10,5,京都,4,01,未勝利・牝*,7,ダ,1,1400,良,アルレジェンヌ    ,牝,2,Ｍ．デム,54.0,14,08,9,9,0,0.8,5,87.9,"1279",0,0,0,3,3,39.2,452,高橋義忠,栗,0,11104444,05212,01129,0813540108,社台レースホース,社台ファーム,フレンチデピュティ,ミスアルダント,サンデーサイレンス,鹿毛,110314,    9.4,  ,    ,43.2
13,11,10,5,京都,4,01,未勝利・牝*,7,ダ,1,1400,良,パラディドル      ,牝,2,和田竜二,54.0,14,09,4,4,0,0.2,4,87.3,"1273",0,0,0,3,3,38.7,446,坂口正則,栗,75,11104841,01018,00356,0813540109,ローレルレーシング,高瀬牧場,キングカメハメハ,ヤマノボンディール,ダンスインザダーク,黒鹿,110515,    7.8,  ,    ,44.2
13,11,10,5,京都,4,01,未勝利・牝*,7,ダ,1,1400,良,タガノロマリア    ,牝,2,岡田祥嗣,54.0,14,10,12,12,0,1.1,8,88.2,"1282",0,0,0,7,8,39.2,440,加用正,栗,0,11105012,05429,00425,0813540110,八木良司,新冠タガノファーム,コンデュイット,タガノピアース,ダンスインザダーク,栗毛,110313,   21.6,  ,    ,43.8
13,11,10,5,京都,4,01,未勝利・牝*,7,ダ,1,1400,良,シゲルクシロ      ,牝,2,武幸四郎,54.0,14,11,3,3,0,0.1,6,87.2,"1272",0,0,0,5,5,38.4,474,飯田明弘,栗,130,11101035,01026,00389,0813540111,森中蕃,赤石牧場,スズカマンボ,フレンチフレイバー,フレンチデピュティ,鹿毛,110507,   10.9,  ,    ,45.3
13,11,10,5,京都,4,01,未勝利・牝*,7,ダ,1,1400,良,タガノティターニア,牝,2,武豊,54.0,14,12,7,7,0,0.5,3,87.6,"1276",0,0,0,1,1,39.2,474,本田優,栗,0,11105006,00666,01099,0813540112,八木良司,新冠タガノファーム,ブライアンズタイム,タガノシャルフ,トニービン,栗毛,110205,    7.1,  ,    ,42.6
13,11,10,5,京都,4,01,未勝利・牝*,7,ダ,1,1400,良,シュンメガミ      ,牝,2,太宰啓介,54.0,14,13,14,14,0,1.8,10,88.9,"1289",0,0,0,5,7,40,460,川村禎彦,栗,0,11105863,01037,01003,0813540113,石川博,谷口牧場,タイキシャトル,トップコメット,クロコルージュ,栗毛,110416,  111.0,  ,    ,41.7
13,11,10,5,京都,4,01,未勝利・牝*,7,ダ,1,1400,良,エイコーンウィル  ,牝,2,福永祐一,54.0,14,14,5,5,0,0.2,2,87.3,"1273",0,0,0,2,2,38.8,438,松田国英,栗,50,11105032,01014,01011,0813540114,ローレルレーシング,新冠橋本牧場,キングカメハメハ,サンデーエイコーン,サンデーサイレンス,黒鹿,110604,    5.7,  ,    ,43.8
13,11,10,5,京都,4,02,未勝利*,7,芝,0,1400,良,ホッコーサラスター,牝,2,池添謙一,54.0,12,01,2,2,0,0.3,2,82.2,"1222",0,0,0,3,3,35.3,462,飯田明弘,栗,200,11103175,01032,00389,0813540201,北幸商事,高昭牧場,ヨハネスブルグ,ホッコーメモリー,ダンシングブレーヴ,鹿毛,110417,    5.1,  ,    ,49.6
13,11,10,5,京都,4,02,未勝利*,7,芝,0,1400,良,リングランドムーン,牡,2,幸英明,55.0,12,02,4,4,0,0.6,8,82.5,"1225",0,0,0,7,6,35.3,488,清水出美,栗,75,11106003,00732,00369,0813540202,蛭川年明,ひるかわ育成牧場,アドマイヤムーン,フィールドミューズ,フレンチデピュティ,鹿毛,110312,   24.4,  ,    ,50.3
13,11,10,5,京都,4,02,未勝利*,7,芝,0,1400,良,コパノハリー      ,牡,2,福永祐一,55.0,12,03,7,7,0,0.7,5,82.6,"1226",0,0,0,8,9,35.3,458,田所秀孝,栗,0,11102023,01014,01009,0813540203,小林祥晃,佐竹学,ヨハネスブルグ,バクシンヒロイン,サクラバクシンオー,栗毛,110315,   10.5,  ,    ,50.5
13,11,10,5,京都,4,02,未勝利*,7,芝,0,1400,良,アヴァール        ,牝,2,岩田康誠,54.0,12,04,8,8,0,0.8,3,82.7,"1227",0,0,0,2,2,36.1,450,牧浦充徳,栗,0,11103486,05203,01113,0813540204,前原敏行,チャンピオンズファ,キングカメハメハ,ミッションヒルズ,アグネスデジタル,栗毛,110318,    5.6,  ,    ,46.8
13,11,10,5,京都,4,02,未勝利*,7,芝,0,1400,良,プリティブルー    ,牝,2,和田竜二,54.0,12,05,11,11,0,2.1,9,84,"1240",0,0,0,3,3,37.2,452,日吉正和,栗,0,11104710,01018,01122,0813540205,長谷川光司,越湖牧場,プリサイスエンド,レディタキオン,アグネスタキオン,青鹿,110418,   48.4,  ,    ,44.4
13,11,10,5,京都,4,02,未勝利*,7,芝,0,1400,良,コスモグラウベ    ,牡,2,Ｍ．デム,55.0,12,06,1,1,0,-0.3,1,81.9,"1219",0,0,0,5,3,35,440,西園正都,栗,500,11110076,05212,01028,0813540206,ビッグレッドファー,"Ron McCauley","Broken Vow","Exquisite Beauty",Bertrando,黒鹿,110213,    2.1,  ,    ,50.5
13,11,10,5,京都,4,02,未勝利*,7,芝,0,1400,良,ラガーベルリン    ,牡,2,武豊,55.0,12,07,12,12,0,2.1,6,84,"1240",0,0,0,5,6,36.9,452,柴田政見,栗,0,11101968,00666,00406,0813540207,奥村啓二,今牧場,サクラプレジデント,ラガーシンガー,ノーザンテースト,鹿毛,110429,   14.8,  ,    ,45.7
13,11,10,5,京都,4,02,未勝利*,7,芝,0,1400,良,メイショウヴェスタ,牝,2,酒井学,54.0,12,08,9,9,0,1.4,10,83.3,"1233",0,0,0,8,9,36,438,荒川義之,栗,0,11105809,01034,01095,0813540208,松本好雄,太陽牧場,スズカマンボ,メイショウピレネー,タイキシャトル,鹿毛,110506,  185.6,  ,    ,48.5
13,11,10,5,京都,4,02,未勝利*,7,芝,0,1400,良,ハクユウドルフィン,牡,2,松田大作,55.0,12,09,6,6,0,0.7,11,82.6,"1226",0,0,0,11,11,35.1,434,加藤敬二,栗,0,11106304,01030,00379,0813540209,H.Iコーポレーショ,川上牧場,サクラプレジデント,センターベンセール,コマンダーインチーフ,青鹿,110527,  255.5,  ,    ,51.5
13,11,10,5,京都,4,02,未勝利*,7,芝,0,1400,良,リヴィアード      ,牡,2,バルザロ,55.0,12,10,5,5,0,0.7,4,82.6,"1226",0,0,0,1,1,36,470,吉村圭司,栗,50,11100558,05504,01130,0813540210,H.H.シェイク・モハ,ダーレー・ジャパン,ストーミングホーム,ダイアゴネル,Darshaan,鹿毛,110324,    8.1,  ,    ,47.1
13,11,10,5,京都,4,02,未勝利*,7,芝,0,1400,良,メイショウラバンド,牝,2,武幸四郎,54.0,12,11,3,3,0,0.4,7,82.3,"1223",0,0,0,8,6,35.1,440,藤岡範士,栗,130,11101479,01026,00289,0813540211,松本好雄,本桐牧場,メイショウオウドウ,メイショウハナビ,メイショウドトウ,鹿毛,110212,   20.7,  ,    ,50.9
13,11,10,5,京都,4,02,未勝利*,7,芝,0,1400,良,カシノステイタス  ,牡,2,和田翼,52.0,12,12,10,10,0,1.4,12,83.3,"1233",0,0,0,11,11,35.9,436,梅内忍,栗,0,11104744,01146,00398,0813540212,柏木務,今野活博,シルクフェイマス,ライトミー,トレボロ,栗毛,110408,  371.1,  ,    ,49.0
13,11,10,5,京都,4,03,未勝利*,7,ダ,1,1200,稍,タガノハウリング  ,牡,2,和田翼,52.0,14,01,2,2,0,0,1,72.7,"1127",0,0,0,2,2,37.8,494,河内洋,栗,200,11104996,01146,01072,0813540301,八木良司,新冠タガノファーム,フジキセキ,ヴィオレットステラ,"Invincible Spirit",鹿毛,110407,    2.6,  ,    ,42.3
13,11,10,5,京都,4,03,未勝利*,7,ダ,1,1200,稍,ケンブリッジギルド,牡,2,藤田伸二,55.0,14,02,1,1,0,0,4,72.7,"1127",0,0,0,6,6,36.7,452,山内研二,栗,500,11103476,00705,00388,0813540302,中西宏彰,ケンブリッジバレー,メイショウボーラー,シルクハリウッド,Kingmambo,栗毛,110319,    8.4,  ,    ,48.1
13,11,10,5,京都,4,03,未勝利*,7,ダ,1,1200,稍,シゲルハリマ      ,牡,2,バルザロ,55.0,14,03,7,7,0,1.3,7,74,"1140",0,0,0,6,6,38,494,中村均,栗,0,11101538,05504,00261,0813540303,森中蕃,三石川上牧場,プリサイスエンド,ライジングフラッグ,ラムタラ,栗毛,110503,   58.2,  ,    ,44.7
13,11,10,5,京都,4,03,未勝利*,7,ダ,1,1200,稍,ゼンノステルス    ,牡,2,和田竜二,55.0,14,04,3,3,0,0.4,6,73.1,"1131",0,0,0,5,5,37.4,460,南井克巳,栗,130,11105342,01018,01049,0813540304,大迫久美子,村上欽哉,スウェプトオーヴァーボード,ウインラシェーナ,バブルガムフェロー,芦毛,110401,   12.8,  ,    ,45.5
13,11,10,5,京都,4,03,未勝利*,7,ダ,1,1200,稍,カネトシエンパシー,牡,2,幸英明,55.0,14,05,11,11,0,2.1,12,74.8,"1148",0,0,0,11,12,38,458,日吉正和,栗,0,11100956,00732,01122,0813540305,兼松利男,メイプルファーム,フレンチデピュティ,スプンキーウーマン,アルカセット,栗毛,110401,  288.4,  ,    ,46.8
13,11,10,5,京都,4,03,未勝利*,7,ダ,1,1200,稍,カシノキララ      ,牝,2,国分恭介,54.0,14,06,12,12,0,2.4,14,75.1,"1151",0,0,0,14,14,37.9,464,梅内忍,栗,0,11101485,01124,00398,0813540306,柏木務,前川隆則,プリサイスエンド,ニシノファンシー,キンググローリアス,栗毛,110407,  360.1,  ,    ,48.2
13,11,10,5,京都,4,03,未勝利*,7,ダ,1,1200,稍,バム              ,牡,2,松田大作,55.0,14,07,6,6,0,1.3,9,74,"1140",0,0,0,10,9,37.3,474,崎山博樹,栗,0,11103342,01030,00365,0813540307,北山敏隆,ヒダカフアーム,ワイルドラッシュ,フェザースティッチ,"Silver Hawk",鹿毛,110219,  143.4,  ,    ,48.4
13,11,10,5,京都,4,03,未勝利*,7,ダ,1,1200,稍,サージェントペパー,牡,2,藤岡康太,55.0,14,08,8,8,0,1.5,10,74.2,"1142",0,0,0,12,10,37.2,504,小原伊佐,栗,0,11100313,01116,00337,0813540308,薪浦亨,下川茂広,ファスリエフ,アンナ,クロフネ,鹿毛,110403,  153.3,  ,    ,49.5
13,11,10,5,京都,4,03,未勝利*,7,ダ,1,1200,稍,シゲルビッチュウ  ,セ,2,内田博幸,55.0,14,09,9,9,0,1.9,5,74.6,"1146",0,0,0,2,2,39.6,438,川村禎彦,栗,0,11102292,00422,01003,0813540309,森中蕃,出羽牧場,スクリーンヒーロー,アミダラ,キンググローリアス,青鹿,110423,   10.3,  ,    ,38.4
13,11,10,5,京都,4,03,未勝利*,7,ダ,1,1200,稍,ティーエスキセキ  ,牡,2,太宰啓介,55.0,14,10,14,14,0,2.6,13,75.3,"1153",0,0,0,9,10,38.7,486,岩元市三,栗,0,11106107,01037,00397,0813540310,田畑利彦,宮内牧場,フジキセキ,グランドグリーン,ナリタブライアン,鹿毛,110424,  296.3,  ,    ,44.6
13,11,10,5,京都,4,03,未勝利*,7,ダ,1,1200,稍,エトラ            ,牝,2,三浦皇成,54.0,14,11,13,13,0,2.5,8,75.2,"1152",0,0,0,12,12,38.3,440,村山明,栗,0,11104436,01122,01107,0813540311,佐藤則子,社台ファーム,メイショウサムソン,マルカジュリエット,サンデーサイレンス,鹿毛,110219,  140.7,  ,    ,46.3
13,11,10,5,京都,4,03,未勝利*,7,ダ,1,1200,稍,ヒカリセット      ,牡,2,森一馬,52.0,14,12,5,5,0,1,3,73.7,"1137",0,0,0,2,2,38.7,448,松永昌博,栗,50,11101007,01139,01083,0813540312,ヒカリクラブ,ヤナガワ牧場,アドマイヤジャパン,ヒカリアイ,アフリート,青鹿,110415,    5.9,  ,    ,40.4
13,11,10,5,京都,4,03,未勝利*,7,ダ,1,1200,稍,タマモパンテオン  ,牡,2,小林徹弥,55.0,14,13,10,10,0,1.9,11,74.6,"1146",0,0,0,6,8,38.5,470,川村禎彦,栗,0,11104984,00722,01003,0813540313,タマモ,長浜牧場,カンパニー,オードトワレ,コマンダーインチーフ,鹿毛,110327,  179.0,  ,    ,43.8
13,11,10,5,京都,4,03,未勝利*,7,ダ,1,1200,稍,スマートエビデンス,牡,2,武豊,55.0,14,14,4,4,0,0.8,2,73.5,"1135",0,0,0,1,1,38.7,506,浅見秀一,栗,75,11100887,00666,00411,0813540314,大川徹,本間牧場,サクラバクシンオー,マルハチリプリー,バブルガムフェロー,鹿毛,110228,    2.8,  ,    ,39.9
13,11,10,5,京都,4,04,新馬,15,芝,0,1200,稍,ディオレサンス    ,牝,2,福永祐一,54.0,12,01,6,6,0,0.6,3,70.9,"1109",0,0,0,5,5,34.6,452,清水久詞,栗,0,11105106,01014,01110,0813540401,ノースヒルズ,ノースヒルズ,フレンチデピュティ,パノラマビューティ,ダンスインザダーク,栗毛,110327,    7.7,  ,    ,54.9
13,11,10,5,京都,4,04,新馬,15,芝,0,1200,稍,ハクユウカンベエ  ,牡,2,内田博幸,55.0,12,02,3,3,0,0.3,4,70.6,"1106",0,0,0,2,2,34.5,474,作田誠二,栗,180,11106547,00422,01006,0813540402,H.Iコーポレーショ,若林武雄,マイネルラヴ,ロイヤルキャリー,ヤマニンゼファー,鹿毛,110412,   11.5,  ,    ,54.6
13,11,10,5,京都,4,04,新馬,15,芝,0,1200,稍,シャイニーガール  ,牝,2,幸英明,54.0,12,03,1,1,0,0,5,70.3,"1103",0,0,0,7,5,33.7,464,湯窪幸雄,栗,700,11101162,00732,01057,0813540403,小林昌志,雅牧場,ブラックタイド,ブライティアガール,アフリート,鹿毛,110428,   12.4,  ,    ,58.6
13,11,10,5,京都,4,04,新馬,15,芝,0,1200,稍,ボンセジュール    ,牝,2,藤岡康太,54.0,12,04,5,5,0,0.4,6,70.7,"1107",0,0,0,4,4,34.6,408,藤岡健一,栗,70,11102554,01116,01062,0813540404,ヒダカ・ブリーダー,フジワラフアーム,ダイワメジャー,マウンテンミステリー,"Mt. Livermore",栗毛,110310,   12.9,  ,    ,54.3
13,11,10,5,京都,4,04,新馬,15,芝,0,1200,稍,サトノスパークル  ,牡,2,Ｍ．デム,55.0,12,05,10,10,0,2.3,1,72.6,"1126",0,0,0,9,8,35.4,492,安田隆行,栗,0,11100338,05212,00438,0813540405,里見治,下河辺牧場,サクラバクシンオー,スイートテイスト,"Salt Lake",鹿毛,110201,    1.7,  ,    ,55.1
13,11,10,5,京都,4,04,新馬,15,芝,0,1200,稍,アイファーメリー  ,牝,2,松田大作,54.0,12,06,8,8,0,1.8,10,72.1,"1121",0,0,0,6,7,35.5,444,加藤敬二,栗,0,11102057,01030,00379,0813540406,中島稔,静内山田牧場,スターリングローズ,ネコヤナギ,ダンスインザダーク,鹿毛,110210,   98.3,  ,    ,53.1
13,11,10,5,京都,4,04,新馬,15,芝,0,1200,稍,クリノグラスオー  ,牡,2,蛯名正義,55.0,12,07,9,9,0,2,11,72.3,"1123",0,0,0,9,10,34.7,450,蛯名利弘,美,0,11100058,00663,01131,0813540407,栗本博晴,いとう牧場,グラスワンダー,ダノニー,マンハッタンカフェ,青毛,110423,  126.0,  ,    ,58.4
13,11,10,5,京都,4,04,新馬,15,芝,0,1200,稍,グッドイヴニング  ,牝,2,バルザロ,54.0,12,08,2,2,0,0,2,70.3,"1103",0,0,0,2,2,34.3,466,西園正都,栗,280,11100519,05504,01028,0813540408,H.H.シェイク・モハ,ダーレー・ジャパン,コマンズ,イブニングアフェア,Kingmambo,鹿毛,110301,    4.7,  ,    ,55.0
13,11,10,5,京都,4,04,新馬,15,芝,0,1200,稍,メイショウシンリン,牡,2,武幸四郎,55.0,12,09,12,12,0,6.2,8,76.5,"1165",0,0,0,12,12,37.8,448,飯田明弘,栗,0,11106165,01026,00389,0813540409,松本好雄,本巣敦,メイショウボーラー,メイショウユリヒメ,サンデーサイレンス,黒鹿,110415,   70.2,  ,    ,52.4
13,11,10,5,京都,4,04,新馬,15,芝,0,1200,稍,フィールハッピー  ,牝,2,三浦皇成,54.0,12,10,7,7,0,1.4,9,71.7,"1117",0,0,0,8,9,34.5,384,佐々木晶,栗,0,11105114,01122,00429,0813540410,ノースヒルズ,ノースヒルズ,キングカメハメハ,マザーレイク,サンデーサイレンス,黒鹿,110407,   86.0,  ,    ,57.8
13,11,10,5,京都,4,04,新馬,15,芝,0,1200,稍,エゴイスト        ,牝,2,岩田康誠,54.0,12,11,4,4,0,0.3,7,70.6,"1106",0,0,0,1,1,34.8,468,加用正,栗,110,11100499,05203,00425,0813540411,田端修,タバタファーム,ファスリエフ,ゴールデンチェリー,"Crafty Prospector",鹿毛,110413,   28.8,  ,    ,52.9
13,11,10,5,京都,4,04,新馬,15,芝,0,1200,稍,ジョーリブラン    ,牝,2,森一馬,51.0,12,12,11,11,0,3,12,73.3,"1133",0,0,0,11,11,35.2,422,柴田光陽,栗,0,11103237,01139,00400,0813540412,上田けい子,大北牧場,タイキシャトル,アウトゥリーチェ,コマンダーインチーフ,鹿毛,110312,  130.7,  ,    ,58.2
13,11,10,5,京都,4,05,新馬,15,芝,0,2000,稍,シホウ            ,牡,2,Ｍ．デム,55.0,9,01,7,7,0,1.1,4,127.3,"2073",0,6,6,6,6,34.8,518,笹田和秀,栗,0,11104676,05212,01104,0813540501,協和牧場,協和牧場,キングカメハメハ,ゴコウ,Danehill,鹿毛,110222,    9.8,  ,    ,63.9
13,11,10,5,京都,4,05,新馬,15,芝,0,2000,稍,ゴールデンクロス  ,牡,2,蛯名正義,55.0,9,02,4,4,0,0.7,6,126.9,"2069",0,4,4,4,4,34.7,456,庄野靖志,栗,110,11103995,00663,01087,0813540502,吉田勝利,ノーザンファーム,カンパニー,バプティスタ,サンデーサイレンス,鹿毛,110412,   16.6,  ,    ,63.9
13,11,10,5,京都,4,05,新馬,15,芝,0,2000,稍,マイネルフレスコ  ,牡,2,バルザロ,55.0,9,03,6,6,0,1,5,127.2,"2072",0,8,8,8,8,34.4,478,梅田智之,栗,0,11104713,05504,01084,0813540503,サラブレッドクラブ,コスモヴューファー,ステイゴールド,カートゥーン,リアルシヤダイ,栗毛,110513,   15.2,  ,    ,65.6
13,11,10,5,京都,4,05,新馬,15,芝,0,2000,稍,ピエナダイヤ      ,牡,2,幸英明,55.0,9,04,8,8,0,1.5,8,127.7,"2077",0,9,9,9,9,34.7,484,谷潔,栗,0,11106192,00732,00431,0813540504,本谷兼三,吉田又治,ディープスカイ,ウェディングダイヤ,ブライアンズタイム,黒鹿,110523,   48.5,  ,    ,64.9
13,11,10,5,京都,4,05,新馬,15,芝,0,2000,稍,ダノンアンビシャス,牡,2,福永祐一,55.0,9,05,1,1,0,0,1,126.2,"2062",0,5,5,4,4,33.8,466,藤原英昭,栗,700,11104508,01014,01055,0813540505,ダノックス,社台ファーム,ディープインパクト,レンドフェリーチェ,Cozzene,黒鹿,110212,    1.8,  ,    ,67.2
13,11,10,5,京都,4,05,新馬,15,芝,0,2000,稍,テイエムハヤカゼ  ,牡,2,佐久間寛,55.0,9,06,9,9,0,1.7,9,127.9,"2079",0,6,7,6,6,35.3,500,鹿戸明,栗,0,11100638,01080,00368,0813540506,竹園正繼,テイエム牧場日高支,マーベラスサンデー,テイエムフラッシュ,タイキシャトル,栗毛,110515,  119.1,  ,    ,62.4
13,11,10,5,京都,4,05,新馬,15,芝,0,2000,稍,ミトノシンボリ    ,牡,2,岩田康誠,55.0,9,07,5,5,0,1,7,127.2,"2072",0,1,1,1,1,35.3,422,坂口正則,栗,70,11100750,05203,00356,0813540507,ロイヤルパーク,浜本牧場,シンボリクリスエス,サンデーアイ,サンデーサイレンス,青鹿,110325,   34.0,  ,    ,61.6
13,11,10,5,京都,4,05,新馬,15,芝,0,2000,稍,デンコウセキトバ  ,牡,2,武豊,55.0,9,08,3,3,0,0.2,2,126.4,"2064",0,2,2,2,2,34.4,526,本田優,栗,180,11102456,00666,01099,0813540508,田中康弘,服部牧場,ハーツクライ,チャチャリーノ,"Unbridled's Song",黒鹿,110307,    3.8,  ,    ,64.6
13,11,10,5,京都,4,05,新馬,15,芝,0,2000,稍,レッドアルゴ      ,牡,2,和田竜二,55.0,9,09,2,2,0,0,3,126.2,"2062",0,2,2,2,2,34.2,538,友道康夫,栗,280,11105134,01018,01061,0813540509,東京ホースレーシン,ハシモトフアーム,クロフネ,ハリウッドドリーム,バブルガムフェロー,鹿毛,110127,    7.6,  ,    ,65.3
13,11,10,5,京都,4,06,500万下,23,ダ,1,1800,稍,ラガーライオン    ,牡,3,武豊,55.0,13,01,6,6,0,0.8,3,111.9,"1519",0,1,1,1,1,38.6,482,柴田政見,栗,0,10106259,00666,00406,0813540601,奥村啓二,橋本牧場,フサイチレオン,エンサイスタ,マルゼンスキー,鹿毛,100317,    9.1,  ,    ,44.9
13,11,10,5,京都,4,06,500万下,23,ダ,1,1800,稍,ゴールドルースター,セ,5,三浦皇成,57.0,13,02,11,11,0,2.8,12,113.9,"1539",0,13,12,12,12,39.2,466,佐々木晶,栗,0,08103291,01122,00429,0813540602,吉田和美,ノーザンファーム,シンボリクリスエス,フォルクローレ,ダンスインザダーク,鹿毛,080427,  126.0,  ,    ,45.3
13,11,10,5,京都,4,06,500万下,23,ダ,1,1800,稍,カシノラピス      ,牝,4,和田翼,52.0,13,03,13,13,0,4,13,115.1,"1551",0,2,2,5,8,41,442,梅内忍,栗,0,09101815,01146,00398,0813540603,柏木務,前川隆則,グランデラ,マヤノロゼッタ,マヤノトップガン,栗毛,090308,  346.5,  ,    ,40.4
13,11,10,5,京都,4,06,500万下,23,ダ,1,1800,稍,ノアオーカン      ,牡,3,幸英明,55.0,13,04,7,7,0,0.9,10,112,"1520",0,9,9,9,8,37.4,488,福島信晴,栗,0,10106188,00732,00396,0813540604,杉元四男,芳住革二,スターリングローズ,ドーパミン,フジキセキ,黒鹿,100513,   75.4,  ,    ,49.7
13,11,10,5,京都,4,06,500万下,23,ダ,1,1800,稍,ヒドゥンブレイド  ,牡,3,福永祐一,55.0,13,05,5,5,0,0.2,4,111.3,"1513",0,6,6,7,6,37,486,小崎憲,栗,72,10104105,01014,01085,0813540605,シルクレーシング,ノーザンファーム,シンボリクリスエス,クロースシークレット,"Storm Cat",黒鹿,100417,    9.5,  ,    ,50.4
13,11,10,5,京都,4,06,500万下,23,ダ,1,1800,稍,セブンフォース    ,牡,3,川田将雅,55.0,13,06,2,2,0,0,1,111.1,"1511",0,3,3,2,2,37.6,548,高野友和,栗,290,10104289,01088,01117,0813540606,前迫義幸,ノーザンファーム,ゴールドアリュール,ベルナデッタ,アフリート,栗毛,100203,    2.3,  ,    ,47.7
13,11,10,5,京都,4,06,500万下,23,ダ,1,1800,稍,デスティニーシチー,牡,3,秋山真一,55.0,13,07,4,4,0,0.2,9,111.3,"1513",0,5,3,4,4,37.7,472,岡田稲男,栗,110,10100188,01019,01066,0813540607,友駿ホースクラブ,幾千世牧場,タップダンスシチー,アデレードシチー,ラムタラ,栗毛,100219,   46.1,  ,    ,47.6
13,11,10,5,京都,4,06,500万下,23,ダ,1,1800,稍,ハギノブシドウ    ,牡,3,蛯名正義,55.0,13,08,12,12,0,2.9,6,114,"1540",0,9,9,7,6,39.7,492,松田国英,栗,0,10104225,00663,01011,0813540608,日隈良江,坂東牧場,サムライハート,トキオクレバー,ヘクタープロテクター,栗毛,100227,   25.5,  ,    ,43.6
13,11,10,5,京都,4,06,500万下,23,ダ,1,1800,稍,マイネルハートレー,牡,4,和田竜二,57.0,13,09,8,8,0,1.4,7,112.5,"1525",0,11,11,9,8,38,496,加用正,栗,0,09105136,01018,00425,0813540609,サラブレッドクラブ,ビッグレッドファー,ディープインパクト,コスモヴァレンチ,マイネルラヴ,青鹿,090131,   28.8,  ,    ,48.0
13,11,10,5,京都,4,06,500万下,23,ダ,1,1800,稍,エリモフラッシュ  ,牡,4,松田大作,57.0,13,10,9,9,0,2.1,8,113.2,"1532",0,6,6,9,11,38.6,450,鈴木孝志,栗,0,09100013,01030,01111,0813540610,山本慎一,エクセルマネジメン,ブライアンズタイム,セレブレイト,パントレセレブル,栗毛,090213,   41.2,  ,    ,46.6
13,11,10,5,京都,4,06,500万下,23,ダ,1,1800,稍,サウンドビガレス  ,牡,4,Ｍ．デム,57.0,13,11,3,3,0,0.1,5,111.2,"1512",0,6,6,5,5,37.1,482,安達昭夫,栗,180,09110064,05212,01042,0813540611,増田雄一,"Center Hills Farm","Flashy Bull",Berriesfromheaven,"Strawberry Road",栗毛,090420,   10.1,  ,    ,49.9
13,11,10,5,京都,4,06,500万下,23,ダ,1,1800,稍,ワンダーアシャード,牡,4,内田博幸,57.0,13,12,1,1,0,0,2,111.1,"1511",0,3,5,2,2,37.7,528,笹田和秀,栗,720,09100973,00422,01104,0813540612,山本能成,大島牧場,アグネスフライト,ハッピーデキシー,"Chimes Band",栗毛,090409,    2.9,  ,    ,47.3
13,11,10,5,京都,4,06,500万下,23,ダ,1,1800,稍,アーセナルゴール  ,牡,5,国分恭介,57.0,13,13,10,10,0,2.2,11,113.3,"1533",0,12,12,12,12,38.5,488,橋口弘次,栗,0,08102953,01124,00343,0813540613,渡邊隆,社台ファーム,ハーツクライ,ファミリーバイブル,"Sadler's Wells",鹿毛,080206,  107.4,  ,    ,47.1
13,11,10,5,京都,4,07,1000万下,43,ダ,1,1900,稍,ピンウィール      ,牝,4,三浦皇成,55.0,13,01,7,7,0,0.4,6,118.2,"1582",0,9,9,8,8,36.6,460,佐々木晶,栗,0,09105012,01122,00429,0813540701,ノースヒルズ,ノースヒルズマネジ,キングカメハメハ,オルカインパルス,サンデーサイレンス,栗毛,090411,   15.6,  ,    ,52.9
13,11,10,5,京都,4,07,1000万下,43,ダ,1,1900,稍,エアラギオール    ,牡,5,岩田康誠,57.0,13,02,6,6,0,0.3,2,118.1,"1581",0,5,5,6,5,37,502,藤原英昭,栗,0,08102896,05203,01055,0813540702,ラッキーフィールド,社台ファーム,タニノギムレット,タッチオブゴールド,ヘクタープロテクター,黒鹿,080219,    4.1,  ,    ,51.2
13,11,10,5,京都,4,07,1000万下,43,ダ,1,1900,稍,トウショウヘイロー,牡,4,川田将雅,57.0,13,03,3,3,0,0.2,4,118,"1580",0,2,2,3,2,37.3,522,庄野靖志,栗,250,09103927,01088,01087,0813540703,トウショウ産業,トウショウ産業株式,キングヘイロー,アンジュトウショウ,オジジアン,鹿毛,090402,    6.9,  ,    ,49.9
13,11,10,5,京都,4,07,1000万下,43,ダ,1,1900,稍,テツキセキ        ,牡,7,畑端省吾,57.0,13,04,13,13,0,4,13,121.8,"2018",0,1,1,1,2,41.5,444,吉田直弘,栗,0,06101893,01057,01101,0813540704,木村哲也,ガーベラパークスタ,フジキセキ,エルゼビアー,Elocutionist,黒鹿,060530,  290.4,  ,    ,39.3
13,11,10,5,京都,4,07,1000万下,43,ダ,1,1900,稍,シルクコスモス    ,セ,6,松田大作,57.0,13,05,8,8,0,1,11,118.8,"1588",0,8,8,10,10,37,454,北出成人,栗,0,07104604,01030,01078,0813540705,シルクレーシング,堤牧場,チーフベアハート,シルクユニバーサル,ブライアンズタイム,栗毛,070227,  110.2,  ,    ,52.0
13,11,10,5,京都,4,07,1000万下,43,ダ,1,1900,稍,エクセルフラッグ  ,牡,6,酒井学,57.0,13,06,10,10,0,1.5,12,119.3,"1593",0,12,12,12,12,36.9,510,清水出美,栗,0,07101053,01034,00369,0813540706,橋場勇二,エクセルマネジメン,スウェプトオーヴァーボード,エリモドリーム,ブライアンズタイム,鹿毛,070419,  172.8,  ,    ,53.1
13,11,10,5,京都,4,07,1000万下,43,ダ,1,1900,稍,ライブリシーラ    ,牡,6,小坂忠士,57.0,13,07,11,11,0,2.1,10,119.9,"1599",0,4,4,4,5,39,530,佐山優,栗,0,07102397,01063,00357,0813540707,加藤哲郎,大川牧場,チーフベアハート,ピサノポペット,ブライアンズタイム,栗毛,070430,  109.3,  ,    ,45.7
13,11,10,5,京都,4,07,1000万下,43,ダ,1,1900,稍,アサクサショパン  ,牡,5,福永祐一,57.0,13,08,1,1,0,-0.1,1,117.8,"1578",0,7,7,7,7,36.3,482,大久保龍,栗,990,08102954,01014,01058,0813540708,田原慶子,社台ファーム,ネオユニヴァース,ファンジカ,"Law Society",黒鹿,080130,    2.7,  ,    ,53.6
13,11,10,5,京都,4,07,1000万下,43,ダ,1,1900,稍,ペガサスフォース  ,牡,4,和田竜二,57.0,13,09,5,5,0,0.3,5,118.1,"1581",0,10,10,8,8,36.5,472,石坂正,栗,99,09106469,01018,01022,0813540709,松岡隆雄,社台コーポレーショ,サンライズペガサス,ショウナンラビアル,エルコンドルパサー,栗毛,090508,    8.8,  ,    ,53.2
13,11,10,5,京都,4,07,1000万下,43,ダ,1,1900,稍,コスモメルハバ    ,牡,4,Ｍ．デム,57.0,13,10,4,4,0,0.2,3,118,"1580",0,6,5,4,4,37.1,516,清水英克,美,150,09101600,05212,01080,0813540710,ビッグレッドファー,田上稔,ゴールドアリュール,エリモアリュール,"A.P. Indy",鹿毛,090317,    6.0,  ,    ,50.6
13,11,10,5,京都,4,07,1000万下,43,ダ,1,1900,稍,ソルモンターレ    ,牡,7,森一馬,54.0,13,11,2,2,0,0.1,8,117.9,"1579",0,2,2,2,1,37.6,468,高橋義忠,栗,400,06102080,01139,01129,0813540711,ターフ・スポート,谷川牧場,ブライアンズタイム,オリジナルスピン,Machiavellian,鹿毛,060503,   25.0,  ,    ,48.6
13,11,10,5,京都,4,07,1000万下,43,ダ,1,1900,稍,ウインベルカント  ,牡,6,幸英明,57.0,13,12,12,12,0,2.8,9,120.6,"2006",0,13,13,13,13,37.9,488,佐々木晶,栗,0,07103804,00732,00429,0813540712,ウイン,原口牧場,ネオユニヴァース,シルバーアクト,スラヴィック,黒鹿,070322,   35.9,  ,    ,50.7
13,11,10,5,京都,4,07,1000万下,43,ダ,1,1900,稍,メイショウスザンナ,牝,4,藤岡康太,55.0,13,13,9,9,0,1.3,7,119.1,"1591",0,10,11,11,11,37.1,458,高橋義忠,栗,0,09105230,01116,01129,0813540713,松本好隆,北星村田牧場,アグネスデジタル,グリーンオリーヴ,サンデーサイレンス,鹿毛,090427,   18.6,  ,    ,52.0
13,11,10,5,京都,4,08,1000万下,43,芝,0,2000,稍,シャイニーハーツ  ,牡,3,三浦皇成,55.0,11,01,6,6,0,0.6,4,121.1,"2011",0,11,11,11,11,34.2,466,佐々木晶,栗,0,10100128,01122,00429,0813540801,小林昌志,雅牧場,ハーツクライ,ダイタクアズミット,マヤノトップガン,栗毛,100402,    8.2,  ,    ,58.9
13,11,10,5,京都,4,08,1000万下,43,芝,0,2000,稍,スリーロブロイ    ,牡,4,太宰啓介,57.0,11,02,9,9,0,0.9,9,121.4,"2014",0,10,9,9,9,34.7,454,藤岡範士,栗,0,09100353,01037,00289,0813540802,永井商事,杵臼斉藤牧場,ゼンノロブロイ,サンキンレター,ホワイトマズル,鹿毛,090330,   53.0,  ,    ,57.1
13,11,10,5,京都,4,08,1000万下,43,芝,0,2000,稍,エアポートメサ    ,牡,5,森一馬,54.0,11,03,4,4,0,0.4,8,120.9,"2009",0,7,7,6,6,34.5,452,小原伊佐,栗,150,08105887,01139,00337,0813540803,新木鈴子,ナカノファーム,タイムパラドックス,リミウッド,Woodman,栗毛,080516,   33.5,  ,    ,57.3
13,11,10,5,京都,4,08,1000万下,43,芝,0,2000,稍,ダンツアトラス    ,牡,3,幸英明,55.0,11,04,8,8,0,0.7,6,121.2,"2012",0,4,4,3,3,35.1,472,谷潔,栗,0,10103266,00732,00431,0813540804,山元哲二,フジワラフアーム,バゴ,チアズガディス,フレンチデピュティ,鹿毛,100312,   16.4,  ,    ,55.1
13,11,10,5,京都,4,08,1000万下,43,芝,0,2000,稍,アイファーファルコ,牡,4,内田博幸,57.0,11,05,5,5,0,0.6,7,121.1,"2011",0,8,8,8,6,34.7,444,飯田雄三,栗,99,09104041,00422,01050,0813540805,中島稔,野表篤夫,スリリングサンデー,マグノリア,サツカーボーイ,栗毛,090215,   26.6,  ,    ,56.7
13,11,10,5,京都,4,08,1000万下,43,芝,0,2000,稍,マーティンボロ    ,牡,4,川田将雅,57.0,11,06,1,1,0,-0.1,2,120.5,"2005",0,5,4,3,5,34.3,446,友道康夫,栗,990,09106265,01088,01061,0813540806,吉田和美,ノーザンファーム,ディープインパクト,ハルーワソング,Nureyev,青鹿,090820,    3.3,  ,    ,57.7
13,11,10,5,京都,4,08,1000万下,43,芝,0,2000,稍,キタサンパイロット,牡,4,吉田豊,57.0,11,07,10,10,0,1.3,10,121.8,"2018",0,5,6,6,6,35.4,478,清水久詞,栗,0,09101497,00733,01110,0813540807,大野商事,木田祐博,ゼンノロブロイ,キタサンオウシャン,Kingmambo,鹿毛,090407,   92.7,  ,    ,54.6
13,11,10,5,京都,4,08,1000万下,43,芝,0,2000,稍,テイエムダイパワー,牡,3,松田大作,55.0,11,08,3,3,0,0.1,3,120.6,"2006",0,1,1,1,1,35.1,490,木原一良,栗,250,10104903,01030,01033,0813540808,竹園正繼,多田善弘,アドマイヤジャパン,フミノオリヒメ,グラスワンダー,栗毛,100516,    5.3,  ,    ,54.4
13,11,10,5,京都,4,08,1000万下,43,芝,0,2000,稍,リメインサイレント,牝,3,Ｍ．デム,53.0,11,09,2,2,0,0.1,1,120.6,"2006",0,2,2,2,2,34.6,488,田中章博,栗,400,10103747,05212,00413,0813540809,社台レースホース,社台ファーム,ホワイトマズル,サイレントアスク,サンデーサイレンス,鹿毛,100315,    2.7,  ,    ,56.5
13,11,10,5,京都,4,08,1000万下,43,芝,0,2000,稍,ポセイドンバローズ,牡,3,バルザロ,55.0,11,10,7,7,0,0.7,5,121.2,"2012",0,2,3,3,3,35.1,470,武田博,栗,0,10105787,05504,00224,0813540810,猪熊広次,新冠橋本牧場,ハーツクライ,ダディーズシューズ,サクラユタカオー,栗毛,100504,   10.2,  ,    ,55.1
13,11,10,5,京都,4,08,1000万下,43,芝,0,2000,稍,メイショウシレトコ,牡,5,国分恭介,57.0,11,11,11,11,0,1.8,11,122.3,"2023",0,9,9,9,9,35.6,460,梅内忍,栗,0,08105917,01124,00398,0813540811,松本好雄,日西牧場,メイショウオウドウ,メイショウカルミア,メジロライアン,鹿毛,080326,  111.3,  ,    ,54.4
13,11,10,5,京都,4,09,花園Ｓ1600,67,ダ,1,1800,稍,ナムラドキョウ    ,牡,3,古川吉洋,55.0,11,01,6,6,0,1.7,9,110.3,"1503",0,9,9,9,9,37.2,510,福島信晴,栗,0,10102391,01015,00396,0813540901,奈村信重,伊藤和明,フサイチリシャール,ナムラヒミコ,キンググローリアス,芦毛,100604,   70.1,  ,    ,48.3
13,11,10,5,京都,4,09,花園Ｓ1600,67,ダ,1,1800,稍,ソロル            ,牡,3,Ｍ．デム,55.0,11,02,1,1,0,-0.3,2,108.6,"1486",0,4,3,2,1,36.5,480,中竹和也,栗,1740,10104562,05212,01039,0813540902,サンデーレーシング,追分ファーム,シンボリクリスエス,ラバヤデール,サンデーサイレンス,黒鹿,100329,    4.8,  ,    ,48.8
13,11,10,5,京都,4,09,花園Ｓ1600,67,ダ,1,1800,稍,トーセンケイトゥー,セ,5,バルザロ,57.0,11,03,5,5,0,0.7,7,109.3,"1493",0,10,10,8,8,36.3,472,角居勝彦,栗,174,08102950,05504,01053,0813540903,島川隆哉,社台ファーム,ハーツクライ,ファイナルデスティネーション,O'Reilly,栗毛,080402,   21.7,  ,    ,50.6
13,11,10,5,京都,4,09,花園Ｓ1600,67,ダ,1,1800,稍,アメリカンウィナー,牡,4,福永祐一,57.0,11,04,2,2,0,0.3,1,108.9,"1489",0,6,6,7,6,36,490,戸田博文,美,700,09110026,01014,01054,0813540904,吉澤克己,"Woodcote Stud Ltd.",Bernardini,Zappeuse,Kingmambo,青鹿,090303,    2.9,  ,    ,51.2
13,11,10,5,京都,4,09,花園Ｓ1600,67,ダ,1,1800,稍,ダブルスター      ,牡,4,内田博幸,57.0,11,05,4,4,0,0.5,5,109.1,"1491",0,2,2,2,2,37,504,伊藤圭三,美,260,09103518,00422,01023,0813540905,グランド牧場,グランド牧場,シニスターミニスター,ダッシングハニー,アサティス,栗毛,090321,    6.5,  ,    ,47.4
13,11,10,5,京都,4,09,花園Ｓ1600,67,ダ,1,1800,稍,エーシンテンモク  ,牡,6,太宰啓介,57.0,11,06,8,8,0,2,11,110.6,"1506",0,7,7,9,9,37.6,484,野中賢二,栗,0,07106416,01037,01098,0813540906,栄進堂,築紫洋,エイシンサンディ,メンフィスベル,Cryptoclearance,鹿毛,070420,  189.3,  ,    ,47.1
13,11,10,5,京都,4,09,花園Ｓ1600,67,ダ,1,1800,稍,スターソード      ,牡,3,武豊,55.0,11,07,7,7,0,1.8,3,110.4,"1504",0,1,1,1,3,38.3,496,佐藤正雄,栗,0,10102508,00666,01025,0813540907,村上稔,岡田牧場,シニスターミニスター,カルメン,アンバーシヤダイ,鹿毛,100420,    4.9,  ,    ,44.1
13,11,10,5,京都,4,09,花園Ｓ1600,67,ダ,1,1800,稍,ハリケーン        ,牡,5,岩田康誠,57.0,11,08,3,3,0,0.5,6,109.1,"1491",0,8,7,4,4,36.6,514,音無秀孝,栗,440,08103271,05203,01002,0813540908,近藤英子,ノーザンファーム,ネオユニヴァース,ビバノンノ,"Storm Bird",鹿毛,080507,   11.4,  ,    ,49.0
13,11,10,5,京都,4,09,花園Ｓ1600,67,ダ,1,1800,稍,セイカフォルトゥナ,牝,4,吉田豊,55.0,11,09,11,11,0,2.7,8,111.3,"1513",0,3,3,4,6,38.7,476,相沢郁,美,0,09102695,00733,01020,0813540909,久米大,千葉飯田牧場,サウスヴィグラス,セイカカロブ,"Sadler's Wells",栗毛,090508,   49.9,  ,    ,43.8
13,11,10,5,京都,4,09,花園Ｓ1600,67,ダ,1,1800,稍,ヒルノマドリード  ,牡,4,藤田伸二,57.0,11,10,9,9,0,2,4,110.6,"1506",0,4,5,4,4,38,522,昆貢,栗,0,09101141,00705,01044,0813540910,ヒルノ,鮫川啓一,マンハッタンカフェ,ゴールドグレース,エリシオ,黒鹿,090425,    6.3,  ,    ,45.5
13,11,10,5,京都,4,09,花園Ｓ1600,67,ダ,1,1800,稍,コウユーヒーロー  ,牡,6,国分恭介,57.0,11,11,10,10,0,2.3,10,110.9,"1509",0,10,10,9,11,37.8,522,大根田裕,栗,0,07109067,01124,01032,0813540911,加治屋貞光,村山光弘,カコイーシーズ,リアルハイブローウ,リアルシヤダイ,青毛,070522,  110.4,  ,    ,46.7
13,11,10,5,京都,4,10,アンドロＨ,131,芝,0,2000,重,ダイシンプラン    ,牡,8,秋山真一,52.0,15,01,15,15,0,3,15,125.1,"2051",0,11,10,12,14,38.2,526,吉田直弘,栗,0,05105392,01019,01101,0813541001,大八木信行,ノースヒルズマネジ,タイキシャトル,ダイシンシルビア,Dehere,栗毛,050414,  236.0,  ,    ,47.5
13,11,10,5,京都,4,10,アンドロＨ,131,芝,0,2000,重,ウインドジャズ    ,牡,6,酒井学,52.0,15,02,6,6,0,0.5,12,122.6,"2026",0,5,7,10,11,36.1,502,佐山優,栗,0,07100083,01034,00357,0813541002,岡田牧雄,岡田スタツド,サクラバクシンオー,キタノシラユリ,ダンスインザダーク,黒鹿,070317,   45.6,  ,    ,52.7
13,11,10,5,京都,4,10,アンドロＨ,131,芝,0,2000,重,エーシンミズーリ  ,牡,5,太宰啓介,57.0,15,03,8,8,0,0.7,4,122.8,"2028",0,4,4,6,5,36.7,482,坂口正則,栗,0,08101288,01037,00356,0813541003,栄進堂,小島牧場,マンハッタンカフェ,セントルイスガール,"Silver Hawk",黒鹿,080315,    8.0,  ,    ,50.5
13,11,10,5,京都,4,10,アンドロＨ,131,芝,0,2000,重,ラウンドワールド  ,牡,3,岩田康誠,53.0,15,04,1,1,0,-0.3,1,122.1,"2021",0,8,9,8,5,35.8,452,松田博資,栗,2200,10104414,05203,00348,0813541004,G1レーシング,社台コーポレーショ,ディープインパクト,グレースランド,トニービン,鹿毛,100507,    4.5,  ,    ,53.3
13,11,10,5,京都,4,10,アンドロＨ,131,芝,0,2000,重,モズ              ,牡,6,松田大作,53.0,15,05,14,14,0,2.3,13,124.4,"2044",0,8,10,12,14,37.5,480,矢作芳人,栗,0,07102380,01030,01075,0813541005,グランプリ,上水牧場,スペシャルウィーク,ベストブート,"Storm Boot",青毛,070222,   47.6,  ,    ,49.3
13,11,10,5,京都,4,10,アンドロＨ,131,芝,0,2000,重,モンテエン        ,牡,6,内田博幸,55.0,15,06,4,4,0,0.3,7,122.4,"2024",0,14,14,15,13,35.2,474,松山康久,美,330,07105631,00422,00311,0813541006,毛利喜昭,瀬戸牧場,ゼンノロブロイ,サンセットキス,トニービン,鹿毛,070508,   12.4,  ,    ,56.2
13,11,10,5,京都,4,10,アンドロＨ,131,芝,0,2000,重,ロードオブザリング,牡,6,藤田伸二,54.0,15,07,3,3,0,0.3,11,122.4,"2024",0,15,14,10,9,35.9,494,笹田和秀,栗,550,07103591,00705,01104,0813541007,ロードホースクラブ,ケイアイファーム,ホワイトマズル,レディフューチャー,サンデーサイレンス,鹿毛,070221,   29.1,  ,    ,53.3
13,11,10,5,京都,4,10,アンドロＨ,131,芝,0,2000,重,テイエムイナズマ  ,牡,3,武豊,54.0,15,08,5,5,0,0.5,2,122.6,"2026",0,8,7,2,2,37.1,504,福島信晴,栗,220,10100356,00666,00396,0813541008,竹園正繼,グッドラック・ファ,ブラックタイド,クラスター,Danzig,黒鹿,100331,    5.1,  ,    ,48.8
13,11,10,5,京都,4,10,アンドロＨ,131,芝,0,2000,重,ドリームヒーロー  ,牡,6,吉田豊,53.0,15,09,10,10,0,1.1,10,123.2,"2032",0,2,2,3,3,37.4,448,鮫島一歩,栗,0,07101410,00733,01046,0813541009,田島政光,ガーベラパークスタ,マーベラスサンデー,マイドリームラン,ウォーニング,青鹿,070421,   26.4,  ,    ,48.3
13,11,10,5,京都,4,10,アンドロＨ,131,芝,0,2000,重,ダノンスパシーバ  ,牡,6,蛯名正義,55.0,15,10,11,11,0,1.3,8,123.4,"2034",0,12,13,14,12,36.5,512,佐々木晶,栗,0,07101071,00663,00429,0813541010,ダノックス,エクセルマネジメン,フレンチデピュティ,レースカム,"Mr. Prospector",鹿毛,070228,   17.0,  ,    ,52.0
13,11,10,5,京都,4,10,アンドロＨ,131,芝,0,2000,重,ユニバーサルバンク,牡,5,川田将雅,56.0,15,11,2,2,0,0.3,5,122.4,"2024",0,5,5,8,9,36.1,474,松田博資,栗,880,08103095,01088,00348,0813541011,サンデーレーシング,ノーザンファーム,ネオユニヴァース,ヴィクトリーバンク,ドクターデヴィアス,黒鹿,080416,    8.2,  ,    ,52.5
13,11,10,5,京都,4,10,アンドロＨ,131,芝,0,2000,重,サトノシュレン    ,牡,5,幸英明,54.0,15,12,13,13,0,1.8,6,123.9,"2039",0,1,1,1,1,38.6,492,村山明,栗,0,08101521,00732,01107,0813541012,里見治,昭和牧場,ステイゴールド,レッドダイヤモンド,エルハーブ,黒鹿,080517,    9.1,  ,    ,44.7
13,11,10,5,京都,4,10,アンドロＨ,131,芝,0,2000,重,フリソ            ,牡,7,三浦皇成,54.0,15,13,12,12,0,1.7,14,123.8,"2038",0,3,3,4,5,37.9,492,小島茂之,美,0,06106144,01122,01068,0813541013,藤田孟司,モリナガファーム,ゴールドアリュール,ナカミファンタジア,モガミ,鹿毛,060228,  140.7,  ,    ,47.1
13,11,10,5,京都,4,10,アンドロＨ,131,芝,0,2000,重,スマートギア      ,牡,8,福永祐一,57.0,15,14,7,7,0,0.6,9,122.7,"2027",0,5,5,6,8,36.5,464,佐山優,栗,0,05105204,01014,00357,0813541014,岡田壮史,大栄牧場,マーベラスサンデー,スケアヘッドライン,パドスール,栗毛,050212,   18.0,  ,    ,51.2
13,11,10,5,京都,4,10,アンドロＨ,131,芝,0,2000,重,カルドブレッサ    ,牡,5,Ｍ．デム,54.0,15,15,9,9,0,0.8,3,122.9,"2029",0,12,12,4,3,37,498,吉田直弘,栗,0,08103361,05212,01101,0813541015,キャロットファーム,ノーザンファーム,ジャングルポケット,ラフィカ,サンデーサイレンス,栗毛,080513,    6.1,  ,    ,49.5
13,11,10,5,京都,4,11,エリザベG1,195,芝,8,2200,重,オールザットジャズ,牝,5,バルザロ,56.0,18,01,7,7,0,0.6,7,137.2,"2172",0,15,15,10,11,34.4,464,角居勝彦,栗,0,08100868,05504,01053,0813541101,市川義美,フジワラフアーム,タニノギムレット,ダイヤモンドピサ,サンデーサイレンス,鹿毛,080224,   19.1,  ,    ,62.1
13,11,10,5,京都,4,11,エリザベG1,195,芝,8,2200,重,ディアデラマドレ  ,牝,3,藤岡康太,54.0,18,02,9,9,0,0.6,8,137.2,"2172",0,12,13,14,17,34.2,446,角居勝彦,栗,0,10104211,01116,01053,0813541102,キャロットファーム,ノーザンファーム,キングカメハメハ,ディアデラノビア,サンデーサイレンス,鹿毛,100222,   21.7,  ,    ,62.9
13,11,10,5,京都,4,11,エリザベG1,195,芝,8,2200,重,メイショウマンボ  ,牝,3,武幸四郎,54.0,18,03,1,1,0,-0.2,2,136.6,"2166",0,7,7,8,7,34.1,488,飯田明弘,栗,9000,10102094,01026,00389,0813541103,松本好雄,高昭牧場,スズカマンボ,メイショウモモカ,グラスワンダー,鹿毛,100225,    3.9,  ,    ,62.7
13,11,10,5,京都,4,11,エリザベG1,195,芝,8,2200,重,ミッドサマーフェア,牝,4,福永祐一,56.0,18,04,11,11,0,0.6,15,137.2,"2172",0,12,11,11,11,34.4,466,小島太,美,0,09102642,01014,01013,0813541104,H.H.シェイク・モハ,ダーレー・ジャパン,タニノギムレット,ストロベリーフェア,Kingmambo,青鹿,090223,   58.7,  ,    ,62.1
13,11,10,5,京都,4,11,エリザベG1,195,芝,8,2200,重,ホエールキャプチャ,牝,5,蛯名正義,56.0,18,05,6,6,0,0.5,4,137.1,"2171",0,9,9,11,11,34.4,478,田中清隆,美,0,08100544,00663,00408,0813541105,嶋田賢,千代田牧場,クロフネ,グローバルピース,サンデーサイレンス,芦毛,080224,   13.9,  ,    ,62.0
13,11,10,5,京都,4,11,エリザベG1,195,芝,8,2200,重,ハナズゴール      ,牝,4,武豊,56.0,18,06,8,8,0,0.6,9,137.2,"2172",0,10,9,7,9,34.6,426,加藤和宏,美,0,09106872,00666,01077,0813541106,M.タバート,不二牧場,オレハマッテルゼ,シャンハイジェル,シャンハイ,栗毛,090424,   27.6,  ,    ,61.2
13,11,10,5,京都,4,11,エリザベG1,195,芝,8,2200,重,アロマティコ      ,牝,4,三浦皇成,56.0,18,07,3,3,0,0.2,5,136.8,"2168",0,15,17,11,9,34.1,466,佐々木晶,栗,2300,09106257,01122,00429,0813541107,サンデーレーシング,ノーザンファーム,キングカメハメハ,ナスカ,サンデーサイレンス,栗毛,090517,   15.8,  ,    ,62.9
13,11,10,5,京都,4,11,エリザベG1,195,芝,8,2200,重,マルセリーナ      ,牝,5,Ｍ．デム,56.0,18,08,15,15,0,0.9,12,137.5,"2175",0,17,15,17,18,34.3,454,松田博資,栗,0,08103009,05212,00348,0813541108,社台レースホース,社台ファーム,ディープインパクト,マルバイユ,Marju,鹿毛,080217,   32.1,  ,    ,62.8
13,11,10,5,京都,4,11,エリザベG1,195,芝,8,2200,重,ヴィルシーナ      ,牝,4,岩田康誠,56.0,18,09,10,10,0,0.6,1,137.2,"2172",0,8,8,8,7,34.6,466,友道康夫,栗,0,09106264,05203,01061,0813541109,佐々木主浩,ノーザンファーム,ディープインパクト,ハルーワスウィート,Machiavellian,青毛,090305,    3.3,  ,    ,61.2
13,11,10,5,京都,4,11,エリザベG1,195,芝,8,2200,重,エディン          ,牝,4,藤田伸二,56.0,18,10,12,12,0,0.7,10,137.3,"2173",0,1,1,1,1,35.2,462,白井寿昭,栗,0,09105029,00705,00201,0813541110,ノースヒルズ,ノースヒルズマネジ,ジャングルポケット,ナインミューズ,タイキシャトル,栗毛,090331,   27.7,  ,    ,58.8
13,11,10,5,京都,4,11,エリザベG1,195,芝,8,2200,重,タガノイノセンス  ,牝,6,幸英明,56.0,18,11,17,17,0,1.4,16,138,"2180",0,10,11,14,14,35.2,518,岡田稲男,栗,0,07106460,00732,01066,0813541111,八木良司,猿橋義昭,マンハッタンカフェ,ウッドフェアリー,Woodman,青毛,070417,  176.3,  ,    ,59.5
13,11,10,5,京都,4,11,エリザベG1,195,芝,8,2200,重,セレブリティモデル,牝,3,松田大作,54.0,18,12,16,16,0,1.3,17,137.9,"2179",0,3,3,4,4,35.5,480,牧田和弥,栗,0,10103939,01030,01123,0813541112,社台レースホース,社台ファーム,キングカメハメハ,マンハッタンセレブ,サンデーサイレンス,黒鹿,100126,  271.4,  ,    ,58.2
13,11,10,5,京都,4,11,エリザベG1,195,芝,8,2200,重,レインボーダリア  ,牝,6,和田竜二,56.0,18,13,13,13,0,0.8,11,137.4,"2174",0,12,13,14,14,34.5,460,二ノ宮敬,美,0,07104556,01018,00409,0813541113,田中由子,大栄牧場,ブライアンズタイム,アローム,ノーザンテースト,栗毛,070427,   31.4,  ,    ,61.8
13,11,10,5,京都,4,11,エリザベG1,195,芝,8,2200,重,デニムアンドルビー,牝,3,内田博幸,54.0,18,14,5,5,0,0.5,3,137.1,"2171",0,18,18,17,14,34.1,440,角居勝彦,栗,900,10104287,00422,01053,0813541114,金子真人ホールディ,ノーザンファーム,ディープインパクト,ベネンシアドール,キングカメハメハ,鹿毛,100131,    5.0,  ,    ,63.3
13,11,10,5,京都,4,11,エリザベG1,195,芝,8,2200,重,スピードリッパー  ,牝,5,秋山真一,56.0,18,15,18,18,0,1.4,18,138,"2180",0,5,5,4,4,35.6,470,鹿戸雄一,美,0,08103322,01019,01097,0813541115,吉田勝己,ノーザンファーム,ファルブラヴ,ポップス,サンデーサイレンス,栗毛,080311,  273.6,  ,    ,57.9
13,11,10,5,京都,4,11,エリザベG1,195,芝,8,2200,重,セキショウ        ,牝,3,吉田豊,54.0,18,16,14,14,0,0.9,14,137.5,"2175",0,2,2,2,2,35.3,488,杉浦宏昭,美,0,10104294,00733,01008,0813541116,山岸桂市,坂東牧場,シンボリクリスエス,ホーネットピアス,サンデーサイレンス,青鹿,100527,   53.7,  ,    ,58.6
13,11,10,5,京都,4,11,エリザベG1,195,芝,8,2200,重,トーセンアルニカ  ,牝,3,池添謙一,54.0,18,17,4,4,0,0.5,13,137.1,"2171",0,5,6,6,4,34.7,438,木村哲也,美,1400,10100233,01032,01126,0813541117,島川隆哉,エスティファーム,メイショウサムソン,セシルブルース,エルコンドルパサー,鹿毛,100118,   50.9,  ,    ,60.7
13,11,10,5,京都,4,11,エリザベG1,195,芝,8,2200,重,ラキシス          ,牝,3,川田将雅,54.0,18,18,2,2,0,0.2,6,136.8,"2168",0,3,3,3,2,34.6,456,角居勝彦,栗,3600,10104304,01088,01053,0813541118,大島昌也,ノーザンファーム,ディープインパクト,マジックストーム,"Storm Cat",鹿毛,100131,   16.7,  ,    ,60.8
13,11,10,5,京都,4,12,ドンカＨ1000,43,芝,8,1600,重,インクレセント    ,牝,4,池添謙一,53.0,15,01,12,12,0,0.4,11,96.8,"1368",0,0,0,7,9,34.4,452,長浜博之,栗,0,09106571,01032,00395,0813541201,社台レースホース,追分ファーム,アグネスタキオン,インコグニート,"Gone West",青鹿,090412,   32.9,  ,    ,58.8
13,11,10,5,京都,4,12,ドンカＨ1000,43,芝,8,1600,重,ショウナンラムジ  ,牡,4,岩田康誠,57.0,15,02,13,13,0,0.6,9,97,"1370",0,0,0,4,6,34.9,502,矢作芳人,栗,0,09106523,05203,01075,0813541202,国本哲秀,社台コーポレーショ,ダンスインザダーク,フォーカルスター,ホワイトマズル,鹿毛,090117,   26.6,  ,    ,56.8
13,11,10,5,京都,4,12,ドンカＨ1000,43,芝,8,1600,重,テラノイロハ      ,牝,4,酒井学,52.0,15,03,4,4,0,0.2,10,96.6,"1366",0,0,0,1,1,34.8,464,松永幹夫,栗,220,09106233,01034,01092,0813541203,寺田寿男,ノーザンファーム,ゼンノロブロイ,ティエッチグリーン,Kingmambo,青鹿,090418,   27.6,  ,    ,56.6
13,11,10,5,京都,4,12,ドンカＨ1000,43,芝,8,1600,重,グリーンラヴ      ,牡,3,Ｍ．デム,54.0,15,04,11,11,0,0.3,3,96.7,"1367",0,0,0,15,12,33.9,470,中村均,栗,0,10109118,05212,00261,0813541204,グリーンファーム,恵比寿興業株式会社,ステイゴールド,ザカラーオブラヴ,ジェイドロバリー,栗毛,100508,    5.7,  ,    ,61.2
13,11,10,5,京都,4,12,ドンカＨ1000,43,芝,8,1600,重,ハーキュリーズ    ,牡,5,バルザロ,57.0,15,05,3,3,0,0.2,4,96.6,"1366",0,0,0,11,9,34,456,角居勝彦,栗,360,08102895,05504,01053,0813541205,社台レースホース,社台ファーム,ディープインパクト,タックスヘイブン,Alydar,鹿毛,080403,    6.0,  ,    ,60.5
13,11,10,5,京都,4,12,ドンカＨ1000,43,芝,8,1600,重,メイショウヤタロウ,牡,5,藤田伸二,56.0,15,06,8,8,0,0.3,5,96.7,"1367",0,0,0,9,9,34.3,480,白井寿昭,栗,0,08101718,00705,00201,0813541206,松本好雄,日の出牧場,アグネスタキオン,ナイスレイズ,"Storm Cat",鹿毛,080530,    7.5,  ,    ,59.2
13,11,10,5,京都,4,12,ドンカＨ1000,43,芝,8,1600,重,サクラキングオー  ,牡,7,幸英明,54.0,15,07,2,2,0,0.2,13,96.6,"1366",0,0,0,14,15,33.7,502,岡田稲男,栗,580,06101154,00732,01066,0813541207,さくらコマース,谷岡牧場,キングカメハメハ,サクラフォーエバー,ブライアンズタイム,栗毛,060317,  103.0,  ,    ,62.0
13,11,10,5,京都,4,12,ドンカＨ1000,43,芝,8,1600,重,マルタカシクレノン,牡,5,和田竜二,54.0,15,08,7,7,0,0.2,12,96.6,"1366",0,0,0,12,12,34,500,山内研二,栗,0,08101737,01018,00388,0813541208,國立治,細道牧場,スズカマンボ,シロキタガデス,サニーブライアン,青鹿,080409,   42.8,  ,    ,60.5
13,11,10,5,京都,4,12,ドンカＨ1000,43,芝,8,1600,重,ブルーハーツクライ,牡,4,藤岡康太,57.0,15,09,14,14,0,0.9,6,97.3,"1373",0,0,0,4,6,35.2,502,服部利之,栗,0,09101473,01116,01040,0813541209,ブルーマネジメント,加野牧場,ハーツクライ,ブルーベルベット,フォーティナイナー,栗毛,090317,   12.3,  ,    ,55.9
13,11,10,5,京都,4,12,ドンカＨ1000,43,芝,8,1600,重,サンライズメジャー,牡,4,福永祐一,57.5,15,10,1,1,0,-0.2,2,96.4,"1364",0,0,0,7,6,34.2,496,中村均,栗,1440,09102469,01014,00261,0813541210,松岡隆雄,下河辺牧場,ダイワメジャー,ティファニータッチ,"Deputy Minister",栗毛,090406,    5.0,  ,    ,59.1
13,11,10,5,京都,4,12,ドンカＨ1000,43,芝,8,1600,重,タガノエンブレム  ,牡,3,川田将雅,55.0,15,11,5,5,0,0.2,1,96.6,"1366",0,0,0,2,2,34.7,468,松田博資,栗,144,10104407,01088,00348,0813541211,八木良司,社台コーポレーショ,ウォーエンブレム,キャッチザゴールド,サンデーサイレンス,青鹿,100121,    4.3,  ,    ,57.0
13,11,10,5,京都,4,12,ドンカＨ1000,43,芝,8,1600,重,ダンツミュータント,牡,4,太宰啓介,57.0,15,12,8,8,0,0.3,8,96.7,"1367",0,0,0,3,2,34.7,442,本田優,栗,0,09104044,01037,01099,0813541212,山元哲二,野坂牧場,マイネルラヴ,ウメノローマン,リードワンダー,青鹿,090420,   19.4,  ,    ,57.2
13,11,10,5,京都,4,12,ドンカＨ1000,43,芝,8,1600,重,ディープフィールド,牡,5,内田博幸,54.0,15,13,15,15,0,1.3,14,97.7,"1377",0,0,0,12,14,35,504,音無秀孝,栗,0,08103201,00422,01002,0813541213,近藤英子,ノーザンファーム,ディープインパクト,スリーダイメンションズ,"Sadler's Wells",黒鹿,080422,  111.7,  ,    ,57.5
13,11,10,5,京都,4,12,ドンカＨ1000,43,芝,8,1600,重,ゴットラウディー  ,牡,5,松田大作,54.0,15,14,10,10,0,0.3,15,96.7,"1367",0,0,0,6,4,34.6,474,木原一良,栗,0,08106634,01030,01033,0813541214,後藤進,赤田牧場,ダンスインザダーク,ソフトパイン,Woodman,鹿毛,080420,  188.1,  ,    ,57.7
13,11,10,5,京都,4,12,ドンカＨ1000,43,芝,8,1600,重,シルクキングリー  ,牡,4,秋山真一,56.0,15,15,6,6,0,0.2,7,96.6,"1366",0,0,0,9,4,34.3,476,岡田稲男,栗,0,09100785,01019,01066,0813541215,シルクレーシング,三嶋牧場,ディープインパクト,ステイトリースター,"Deputy Minister",鹿毛,090301,   16.1,  ,    ,59.0
13,11,16,5,京都,5,01,未勝利*,7,ダ,1,1200,稍,タガノエークラス  ,牡,2,浜中俊,55.0,15,01,5,5,0,1.4,2,73.1,"1131",0,0,0,1,1,37.7,484,浅見秀一,栗,50,11104998,01115,00411,0813550101,八木良司,新冠タガノファーム,サウスヴィグラス,オープンマーチ,アサティス,栗毛,110505,    3.7,  ,    ,43.9
13,11,16,5,京都,5,01,未勝利*,7,ダ,1,1200,稍,トットコ          ,牡,2,和田翼,52.0,15,02,8,8,0,1.8,9,73.5,"1135",0,0,0,11,10,37.2,414,庄野靖志,栗,0,11104935,01146,01087,0813550102,中辻明,飛渡牧場,ケイムホーム,セレスアドラーブル,コマンダーインチーフ,黒鹿,110324,  118.4,  ,    ,47.6
13,11,16,5,京都,5,01,未勝利*,7,ダ,1,1200,稍,サウンドカール    ,牡,2,幸英明,55.0,15,03,3,3,0,0.4,5,72.1,"1121",0,0,0,4,4,36.4,452,安達昭夫,栗,130,11102602,00732,01042,0813550103,増田雄一,前谷武志,ザール,クイーンオブハルカ,Singspiel,青鹿,110319,   15.4,  ,    ,48.1
13,11,16,5,京都,5,01,未勝利*,7,ダ,1,1200,稍,ブラックソヴリン  ,牝,2,森一馬,51.0,15,04,4,4,0,1.1,10,72.8,"1128",0,0,0,2,2,37.3,442,谷原義明,美,75,11102828,01139,00402,0813550104,平岡茂樹,平岡牧場,ブラックタイド,ミスソヴリン,ワカオライデン,芦毛,110223,  127.1,  ,    ,45.2
13,11,16,5,京都,5,01,未勝利*,7,ダ,1,1200,稍,テイエムスイテン  ,牡,2,太宰啓介,55.0,15,05,14,14,0,3.6,12,75.3,"1153",0,0,0,12,14,38.8,514,柴田光陽,栗,0,11102206,01037,00400,0813550105,竹園正繼,千代田牧場,パイロ,グッドセイラー,Premiership,芦毛,110225,  248.3,  ,    ,44.1
13,11,16,5,京都,5,01,未勝利*,7,ダ,1,1200,稍,スイートポーラ    ,牝,2,和田竜二,54.0,15,06,12,12,0,3.1,11,74.8,"1148",0,0,0,7,7,38.8,456,高橋亮,栗,0,11109109,01018,01136,0813550106,シンボリ牧場,シンボリ牧場,スウェプトオーヴァーボード,スイートアマリリス,サクラバクシンオー,芦毛,110515,  205.5,  ,    ,42.8
13,11,16,5,京都,5,01,未勝利*,7,ダ,1,1200,稍,ハピネスイズヒア  ,牡,2,武豊,55.0,15,07,6,6,0,1.7,3,73.4,"1134",0,0,0,15,13,36.7,448,飯田雄三,栗,0,11102699,00666,01050,0813550107,阿部榮乃進,阿部栄乃進,デュランダル,ハナイチリン,ボストンハーバー,栗毛,110310,   10.5,  ,    ,50.0
13,11,16,5,京都,5,01,未勝利*,7,ダ,1,1200,稍,グッドウェーブ    ,牡,2,藤岡康太,55.0,15,08,11,11,0,2.7,7,74.4,"1144",0,0,0,6,6,38.6,442,宮徹,栗,0,11105156,01116,01018,0813550108,杉立恭平,ヒノデファーム,ローエングリン,グッドコマチ,アグネスタキオン,栗毛,110217,   26.5,  ,    ,42.7
13,11,16,5,京都,5,01,未勝利*,7,ダ,1,1200,稍,タマモパンテオン  ,牡,2,小林徹弥,55.0,15,09,10,10,0,2.4,15,74.1,"1141",0,0,0,7,7,38.2,468,川村禎彦,栗,0,11104984,00722,01003,0813550109,タマモ,長浜牧場,カンパニー,オードトワレ,コマンダーインチーフ,鹿毛,110327,  381.5,  ,    ,44.0
13,11,16,5,京都,5,01,未勝利*,7,ダ,1,1200,稍,クーゲル          ,牡,2,酒井学,55.0,15,10,2,2,0,0,4,71.7,"1117",0,0,0,3,3,36.1,506,加用正,栗,200,11105621,01034,00425,0813550110,幅田昌伸,岡本牧場,ブライアンズタイム,フューチャハッピー,デインヒル,栗毛,110327,   10.5,  ,    ,48.6
13,11,16,5,京都,5,01,未勝利*,7,ダ,1,1200,稍,チーフアセスメント,牡,2,Ｍ．デム,55.0,15,11,1,1,0,0,1,71.7,"1117",0,0,0,4,4,36,482,五十嵐忠,栗,500,11103635,05212,00422,0813550111,社台レースホース,社台コーポレーショ,フジキセキ,チーフオフィサー2,Officer,鹿毛,110316,    1.8,  ,    ,49.2
13,11,16,5,京都,5,01,未勝利*,7,ダ,1,1200,稍,エスコルピオン    ,牝,2,原田敬伍,51.0,15,12,9,9,0,1.8,14,73.5,"1135",0,0,0,13,11,36.9,466,野村彰彦,栗,0,11100064,01148,00375,0813550112,シルクレーシング,いとう牧場,ダンスインザダーク,フィールドソング,Gulch,鹿毛,110416,  305.1,  ,    ,49.2
13,11,16,5,京都,5,01,未勝利*,7,ダ,1,1200,稍,カネツスペシャル  ,牝,2,武幸四郎,54.0,15,13,7,7,0,1.8,6,73.5,"1135",0,0,0,10,7,37.3,454,鹿戸明,栗,0,11100163,01026,00368,0813550113,カネツ牧場,カネツ牧場,スペシャルウィーク,カネツテンビー,テンビー,鹿毛,110217,   16.9,  ,    ,47.1
13,11,16,5,京都,5,01,未勝利*,7,ダ,1,1200,稍,ビースティ        ,牡,2,福永祐一,55.0,15,14,13,13,0,3.2,8,74.9,"1149",0,0,0,13,14,38.3,478,平田修,栗,0,11100335,01014,01082,0813550114,小林久義,下河辺牧場,バゴ,シーガルサリー,フレンチデピュティ,栗毛,110121,   37.1,  ,    ,45.6
13,11,16,5,京都,5,01,未勝利*,7,ダ,1,1200,稍,クラウンフラップ  ,牡,2,国分優作,55.0,15,15,15,15,0,5.4,13,77.1,"1171",0,0,0,9,11,41,462,大根田裕,栗,0,11106580,01125,01032,0813550115,クラウン,向別牧場,ゴールドアリュール,ヤシャヒメ,モガミ,栗毛,110317,  299.9,  ,    ,38.0
13,11,16,5,京都,5,02,未勝利・牝*,7,芝,0,1600,良,ルールビクトリア  ,牝,2,松山弘平,54.0,14,01,4,4,0,0.2,6,95.4,"1354",0,0,0,1,1,35.4,466,北出成人,栗,75,11100784,01126,01078,0813550201,儀賀好子,日高大洋牧場,グラスワンダー,グッドバニラ,エンドスウィープ,栗毛,110126,   18.8,  ,    ,51.7
13,11,16,5,京都,5,02,未勝利・牝*,7,芝,0,1600,良,ヨッテウタッテ    ,牝,2,武豊,54.0,14,02,6,6,0,0.3,10,95.5,"1355",0,0,0,3,4,35.2,462,音無秀孝,栗,0,11104949,00666,01002,0813550202,小田切有一,中地康弘,オレハマッテルゼ,オジャッタモンセ,クロフネ,鹿毛,110330,   44.0,  ,    ,52.8
13,11,16,5,京都,5,02,未勝利・牝*,7,芝,0,1600,良,ナムラキッス      ,牝,2,幸英明,54.0,14,03,7,7,0,0.4,7,95.6,"1356",0,0,0,13,12,34.7,458,福島信晴,栗,0,11103015,00732,00396,0813550203,奈村睦弘,林時春,マツリダゴッホ,ナムラシンシア,パントレセレブル,鹿毛,110504,   21.6,  ,    ,55.3
13,11,16,5,京都,5,02,未勝利・牝*,7,芝,0,1600,良,マイネマレフィカ  ,牝,2,Ｍ．デム,54.0,14,04,3,3,0,0.2,5,95.4,"1354",0,0,0,9,10,34.8,436,中村均,栗,130,11104729,05212,00261,0813550204,サラブレッドクラブ,コスモヴューファー,コンデュイット,マイネサマンサ,ディアブロ,栗毛,110305,   16.9,  ,    ,54.5
13,11,16,5,京都,5,02,未勝利・牝*,7,芝,0,1600,良,ケイティーズスター,牝,2,ルメール,54.0,14,05,10,10,0,0.7,8,95.9,"1359",0,0,0,7,7,35.4,442,角田晃一,栗,0,11103851,05339,01121,0813550205,キャロットファーム,ノーザンファーム,ネオユニヴァース,ケイティーズベスト,ファルブラヴ,鹿毛,110212,   25.2,  ,    ,52.5
13,11,16,5,京都,5,02,未勝利・牝*,7,芝,0,1600,良,チャオプラヤ      ,牝,2,藤田伸二,54.0,14,06,13,13,0,1,9,96.2,"1362",0,0,0,5,4,35.9,428,山内研二,栗,0,11106514,00705,00388,0813550206,本間茂,オリエント牧場,ネオユニヴァース,ジョイオブフライト,"Silver Hawk",鹿毛,110306,   30.4,  ,    ,50.8
13,11,16,5,京都,5,02,未勝利・牝*,7,芝,0,1600,良,ウィステリアカフナ,牝,2,森一馬,51.0,14,07,12,12,0,0.7,13,95.9,"1359",0,0,0,9,10,35.3,464,千田輝彦,栗,0,11105334,01139,01120,0813550207,大迫基弘,村上欽哉,スペシャルウィーク,ウインキナウ,キングカメハメハ,黒鹿,110528,  393.3,  ,    ,53.0
13,11,16,5,京都,5,02,未勝利・牝*,7,芝,0,1600,良,リヴィエール      ,牝,2,岩田康誠,54.0,14,08,5,5,0,0.2,4,95.4,"1354",0,0,0,9,7,34.8,456,松田博資,栗,50,11101574,05203,00348,0813550208,杉山忠国,明治牧場,ハーツクライ,プラチナローズ,クロフネ,芦毛,110403,   11.8,  ,    ,54.5
13,11,16,5,京都,5,02,未勝利・牝*,7,芝,0,1600,良,エイシンオーキッド,牝,2,国分恭介,54.0,14,09,14,14,0,1.4,11,96.6,"1366",0,0,0,7,7,36.1,472,川村禎彦,栗,0,11101509,01124,01003,0813550209,栄進堂,松本牧場,マツリダゴッホ,キャントンガール,"Storm Boot",鹿毛,110406,   78.2,  ,    ,50.6
13,11,16,5,京都,5,02,未勝利・牝*,7,芝,0,1600,良,レッドメイヴ      ,牝,2,和田竜二,54.0,14,10,2,2,0,0,1,95.2,"1352",0,0,0,5,4,34.9,458,角居勝彦,栗,200,11104259,01018,01053,0813550210,東京ホースレーシン,社台ファーム,ディープインパクト,シンディ,"A.P. Indy",鹿毛,110410,    1.5,  ,    ,53.7
13,11,16,5,京都,5,02,未勝利・牝*,7,芝,0,1600,良,ダイヤモンドハイ  ,牝,2,武幸四郎,54.0,14,11,1,1,0,0,3,95.2,"1352",0,0,0,2,2,35.1,436,本田優,栗,500,11106101,01026,01099,0813550211,布施光章,三嶋牧場,アドマイヤムーン,ルックアミリオン,フレンチデピュティ,鹿毛,110416,    9.6,  ,    ,52.7
13,11,16,5,京都,5,02,未勝利・牝*,7,芝,0,1600,良,メアリーアート    ,牝,2,和田翼,51.0,14,12,9,9,0,0.6,14,95.8,"1358",0,0,0,13,14,34.9,412,佐藤正雄,栗,0,11102608,01146,01025,0813550212,村上稔,前田牧場,ルールオブロー,サンドピクチャー,アフリート,鹿毛,110430,  527.6,  ,    ,54.7
13,11,16,5,京都,5,02,未勝利・牝*,7,芝,0,1600,良,ゴルトエルゼ      ,牝,2,池添謙一,54.0,14,13,8,8,0,0.6,12,95.8,"1358",0,0,0,12,12,35.1,450,高野友和,栗,0,11100366,01032,01117,0813550213,下河辺牧場,下河辺牧場,ステイゴールド,フサイチワールド,ラストタイクーン,黒鹿,110429,  144.5,  ,    ,53.8
13,11,16,5,京都,5,02,未勝利・牝*,7,芝,0,1600,良,スピナッチ        ,牝,2,川田将雅,54.0,14,14,11,11,0,0.7,2,95.9,"1359",0,0,0,3,3,35.7,452,高野友和,栗,0,11105838,01088,01117,0813550214,橋元勇氣,谷川牧場,ゼンノロブロイ,オリジナルスピン,Machiavellian,青鹿,110331,    7.9,  ,    ,51.2
13,11,16,5,京都,5,03,未勝利*,7,芝,8,1800,良,クニサキオペラ    ,牝,2,森一馬,51.0,16,01,7,7,0,0.9,16,110.4,"1504",0,0,0,9,11,35.1,452,西橋豊治,栗,0,11106612,01139,00434,0813550301,國島周夫,川上悦夫,オペラハウス,ヤマノラヴリー,シャンハイ,鹿毛,110404,  512.1,  ,    ,57.3
13,11,16,5,京都,5,03,未勝利*,7,芝,8,1800,良,シンガン          ,牡,2,岩田康誠,55.0,16,02,1,1,0,-0.5,2,109.5,"1495",0,0,0,3,4,34.6,456,松田国英,栗,500,11110059,05203,01011,0813550302,林正道,"Castlemartin Sky &","Invincible Spirit","Madeira Mist","Grand Lodge",青鹿,110323,    3.9,  ,    ,58.2
13,11,16,5,京都,5,03,未勝利*,7,芝,8,1800,良,シゲルエッチュウ  ,牡,2,古川吉洋,55.0,16,03,16,16,0,3,12,112.5,"1525",0,0,0,11,14,37,446,福島信晴,栗,0,11102516,01015,00396,0813550303,森中蕃,藤沢牧場,ヨハネスブルグ,プロヴァンス,サツカーボーイ,鹿毛,110311,  244.4,  ,    ,52.0
13,11,16,5,京都,5,03,未勝利*,7,芝,8,1800,良,バレーナボス      ,牡,2,藤岡康太,55.0,16,04,8,8,0,1,7,110.5,"1505",0,0,0,5,5,35.5,462,宮徹,栗,0,11100124,01116,01018,0813550304,ロイヤルパーク,大江牧場,アドマイヤマックス,アメリカンタイトル,ウォーエンブレム,栗毛,110409,   70.2,  ,    ,55.6
13,11,16,5,京都,5,03,未勝利*,7,芝,8,1800,良,グロリアスカフェ  ,牡,2,藤田伸二,55.0,16,05,2,2,0,0.5,3,110,"1500",0,0,0,1,1,35.4,486,昆貢,栗,200,11101540,00705,01044,0813550305,西川光一,三石橋本牧場,マンハッタンカフェ,イントゥザライト,ブライアンズタイム,黒鹿,110216,    7.1,  ,    ,55.4
13,11,16,5,京都,5,03,未勝利*,7,芝,8,1800,良,ルヴァンカー      ,牡,2,バルザロ,55.0,16,06,3,3,0,0.7,9,110.2,"1502",0,0,0,2,2,35.5,466,小崎憲,栗,130,11103602,05504,01085,0813550306,キャロットファーム,社台コーポレーショ,ステイゴールド,シャンスイ,スウェプトオーヴァーボード,鹿毛,110416,   75.2,  ,    ,55.2
13,11,16,5,京都,5,03,未勝利*,7,芝,8,1800,良,エネミーゼロ      ,牡,2,松山弘平,55.0,16,07,12,12,0,1.3,14,110.8,"1508",0,0,0,7,8,35.6,472,宮本博,栗,0,11105099,01126,01073,0813550307,前田葉子,ノースヒルズ,チチカステナンゴ,ナインミューズ,タイキシャトル,鹿毛,110207,  389.6,  ,    ,55.6
13,11,16,5,京都,5,03,未勝利*,7,芝,8,1800,良,ハイプレッシャー  ,牡,2,小牧太,55.0,16,08,6,6,0,0.9,5,110.4,"1504",0,0,0,15,13,34.9,510,橋口弘次,栗,0,11105078,00894,00343,0813550308,ノースヒルズ,ノースヒルズ,ハーツクライ,クイーンリザーブ,Miswaki,黒鹿,110502,   21.1,  ,    ,58.2
13,11,16,5,京都,5,03,未勝利*,7,芝,8,1800,良,オペラハット      ,牡,2,小林徹弥,55.0,16,09,5,5,0,0.9,10,110.4,"1504",0,0,0,7,8,35.2,444,森秀行,栗,50,11101089,00722,00427,0813550309,小菅定雄,高橋啓,メイショウサムソン,ボウレジュ,ジャングルポケット,鹿毛,110112,  225.1,  ,    ,56.8
13,11,16,5,京都,5,03,未勝利*,7,芝,8,1800,良,ガルグイユ        ,牡,2,福永祐一,55.0,16,10,10,10,0,1.1,6,110.6,"1506",0,0,0,11,11,35.2,496,中尾秀正,栗,0,11103128,01014,01069,0813550310,杉山忠国,桑田牧場,ハーツクライ,キューピッズハート,"End Sweep",栗毛,110309,   31.7,  ,    ,57.1
13,11,16,5,京都,5,03,未勝利*,7,芝,8,1800,良,ハーレムシェイク  ,セ,2,国分恭介,55.0,16,11,15,15,0,2.1,13,111.6,"1516",0,0,0,15,14,35.9,420,小崎憲,栗,0,11109152,01124,01085,0813550311,二風谷ファーム,宮村牧場,カンパニー,マチカネササメユキ,Woodman,鹿毛,110305,  343.3,  ,    ,55.4
13,11,16,5,京都,5,03,未勝利*,7,芝,8,1800,良,サウンズオブアース,牡,2,Ｍ．デム,55.0,16,12,4,4,0,0.7,1,110.2,"1502",0,0,0,9,8,35,492,藤岡健一,栗,75,11104377,05212,01062,0813550312,吉田照哉,社台ファーム,ネオユニヴァース,ファーストバイオリン,"Dixieland Band",黒鹿,110412,    1.6,  ,    ,57.4
13,11,16,5,京都,5,03,未勝利*,7,芝,8,1800,良,クールスティール  ,牡,2,水口優也,55.0,16,13,14,14,0,1.6,15,111.1,"1511",0,0,0,13,14,35.5,454,清水久詞,栗,0,11101224,01133,01110,0813550313,川上哲司,沖田博志,ハイアーゲーム,サクラチェリー,サクラバクシンオー,鹿毛,110310,  454.6,  ,    ,56.5
13,11,16,5,京都,5,03,未勝利*,7,芝,8,1800,良,ティーエスギムレ  ,牡,2,和田竜二,55.0,16,14,9,9,0,1,11,110.5,"1505",0,0,0,3,3,35.7,430,鈴木孝志,栗,0,11105558,01018,01111,0813550314,田畑利彦,浦河日成牧場,タニノギムレット,ナイスヴァレー,フレンチデピュティ,栗毛,110407,  231.4,  ,    ,54.8
13,11,16,5,京都,5,03,未勝利*,7,芝,8,1800,良,キラノカリスマ    ,牡,2,国分優作,55.0,16,15,11,11,0,1.2,4,110.7,"1507",0,0,0,5,5,35.7,412,崎山博樹,栗,0,11106523,01125,00365,0813550315,畔柳年言,アイオイファーム,ジャングルポケット,タイキエンジェル,Woodman,鹿毛,110313,   15.8,  ,    ,55.0
13,11,16,5,京都,5,03,未勝利*,7,芝,8,1800,良,ウルパラクア      ,牡,2,幸英明,55.0,16,16,13,13,0,1.3,8,110.8,"1508",0,0,0,13,7,35.6,454,吉田直弘,栗,0,11104501,00732,01101,0813550316,金子真人ホールディ,社台ファーム,キングカメハメハ,レディオーキッド,アグネスタキオン,鹿毛,110226,   72.5,  ,    ,55.6
13,11,16,5,京都,5,04,障害未勝利,7,ダ,3,2910,良,ベネチアブルー    ,牝,5,鈴木慶太,58.0,11,01,9,9,0,3.9,11,204.4,"3244",0,9,9,8,9,14,450,石栗龍彦,美,0,08103304,01082,01043,0813550401,ブルーマネジメント,ノーザンファーム,ファルブラヴ,プティパ,ブライアンズタイム,黒鹿,080308,  123.2,  ,    , 0.0
13,11,16,5,京都,5,04,障害未勝利,7,ダ,3,2910,良,アンジェロフォーグ,牡,4,難波剛健,60.0,11,02,8,8,0,3.6,6,204.1,"3241",0,5,5,7,8,14,482,目野哲也,栗,0,09101710,01066,00387,0813550402,北所直人,ニシケンフアーム,オンファイア,ジンミスカオリ,クリエイター,黒鹿,090318,   30.6,  ,    , 0.0
13,11,16,5,京都,5,04,障害未勝利,7,ダ,3,2910,良,アイファーハイカラ,牡,6,林満明,60.0,11,03,6,6,0,1.7,8,202.2,"3222",0,3,4,5,5,13.9,480,坪憲章,栗,0,07104255,00655,00361,0813550403,中島稔,川上牧場,サクラプレジデント,ニシノマズルカ,ウォーニング,黒鹿,070426,   95.2,  ,    , 0.0
13,11,16,5,京都,5,04,障害未勝利,7,ダ,3,2910,良,マッキーバッハ    ,牡,8,高田潤,60.0,11,04,1,1,0,-0.5,2,200.5,"3205",0,9,7,2,1,13.8,492,牧田和弥,栗,700,05103543,01046,01123,0813550404,薪浦亨,浜本牧場,ダンスインザダーク,ノーザンヴィーナス,ノーザンテースト,鹿毛,050329,    5.2,  ,    , 0.0
13,11,16,5,京都,5,04,障害未勝利,7,ダ,3,2910,良,テイエムシシーポス,牡,3,田村太雅,58.0,11,05,7,7,0,1.8,7,202.3,"3223",0,8,9,8,7,13.9,480,鹿戸明,栗,0,10100752,01105,00368,0813550405,竹園正繼,テイエム牧場日高支,テイエムオペラオー,テイエムピンキー,トニービン,鹿毛,100321,   36.8,  ,    , 0.0
13,11,16,5,京都,5,04,障害未勝利,7,ダ,3,2910,良,ノッティングボーイ,牡,5,上野翔,60.0,11,06,2,2,0,0.5,5,201,"3210",0,5,5,3,3,13.8,502,伊藤伸一,美,280,08101640,01087,01031,0813550406,齊藤直信,冨岡博一,プリサイスエンド,ノッティングギャル,ダンスインザダーク,鹿毛,080401,   12.6,  ,    , 0.0
13,11,16,5,京都,5,04,障害未勝利,7,ダ,3,2910,良,シゲルソウウン    ,セ,6,平沢健治,60.0,11,07,3,3,0,0.8,1,201.3,"3213",0,1,1,1,2,13.8,540,大橋勇樹,栗,180,07103717,01067,01065,0813550407,森中蕃,仲野牧場,ボストンハーバー,ティルリール,"Dr Devious",栗毛,070424,    1.5,  ,    , 0.0
13,11,16,5,京都,5,04,障害未勝利,7,ダ,3,2910,良,ラフアウトラウド  ,牝,3,小野寺祐,56.0,11,08,10,10,0,4.9,9,205.4,"3254",0,7,7,10,10,14.1,454,畠山重則,美,0,10102241,01123,00339,0813550408,ミルファーム,バンダム牧場,ストラヴィンスキー,リターンケープ,マヤノトップガン,栗毛,100217,  102.3,  ,    , 0.0
13,11,16,5,京都,5,04,障害未勝利,7,ダ,3,2910,良,ヤマカツポセイドン,牡,4,北沢伸也,60.0,11,09,11,11,0,6.1,10,206.6,"3266",0,11,11,11,11,14.2,464,大根田裕,栗,0,09103439,00691,01032,0813550409,山田和夫,カタオカフアーム,アドマイヤボス,サッカータイカン,サツカーボーイ,黒鹿,090404,  104.2,  ,    , 0.0
13,11,16,5,京都,5,04,障害未勝利,7,ダ,3,2910,良,ラインレグルス    ,牡,5,森一馬,57.0,11,10,4,4,0,0.9,4,201.4,"3214",0,2,2,4,4,13.8,506,松永昌博,栗,110,08104085,01139,01083,0813550410,大澤繁昌,高橋修,クロフネ,オートサンデー,サンデーサイレンス,鹿毛,080201,   10.9,  ,    , 0.0
13,11,16,5,京都,5,04,障害未勝利,7,ダ,3,2910,良,アルゴリズム      ,牡,5,小坂忠士,60.0,11,11,5,5,0,1.5,3,202,"3220",0,3,2,6,6,13.9,476,安田隆行,栗,70,08103665,01063,00438,0813550411,前田幸治,鳥井牧場,アグネスタキオン,タイトーク,"Black Tie Affair",芦毛,080502,    7.6,  ,    , 0.0
13,11,16,5,京都,5,05,新馬・牝,15,ダ,1,1400,稍,ワンダーライツ    ,牝,2,藤岡康太,54.0,16,01,5,5,0,0.8,8,86.3,"1263",0,0,0,1,1,39,468,羽月友彦,栗,70,11101620,01116,01091,0813550501,山本信行,米田牧場,ケイムホーム,ワンダーブランニュ,シャーディー,黒鹿,110401,   34.0,  ,    ,41.0
13,11,16,5,京都,5,05,新馬・牝,15,ダ,1,1400,稍,ミヤジレイナ      ,牝,2,和田竜二,54.0,16,02,8,8,0,2,12,87.5,"1275",0,0,0,6,6,39.6,436,川村禎彦,栗,0,11106048,01018,01003,0813550502,曽我司,丸幸小林牧場,キングカメハメハ,パッショナルダンス,サンデーサイレンス,黒鹿,110510,   89.3,  ,    ,40.7
13,11,16,5,京都,5,05,新馬・牝,15,ダ,1,1400,稍,ムーントラベラー  ,牝,2,Ｍ．デム,54.0,16,03,7,7,0,1.5,6,87,"1270",0,0,0,10,8,38.6,446,宮本博,栗,0,11104080,05212,01073,0813550503,吉田勝己,ノーザンファーム,アドマイヤムーン,マージナルグラマー,"Crafty Prospector",鹿毛,110508,   22.6,  ,    ,44.0
13,11,16,5,京都,5,05,新馬・牝,15,ダ,1,1400,稍,ヴェルメンティーノ,牝,2,秋山真一,54.0,16,04,1,1,0,0,3,85.5,"1255",0,0,0,5,4,37.7,440,須貝尚介,栗,700,11104330,01019,01105,0813550504,吉川朋宏,社台ファーム,ダイワメジャー,ドメーヌ,Hussonet,栗毛,110318,    8.8,  ,    ,45.1
13,11,16,5,京都,5,05,新馬・牝,15,ダ,1,1400,稍,ハンマークラビア  ,牝,2,ルメール,54.0,16,05,3,3,0,0,2,85.5,"1255",0,0,0,10,7,37,458,高野友和,栗,180,11104020,05339,01117,0813550505,キャロットファーム,ノーザンファーム,ゼンノロブロイ,フォルテピアノ,フレンチデピュティ,黒鹿,110129,    4.3,  ,    ,48.3
13,11,16,5,京都,5,05,新馬・牝,15,ダ,1,1400,稍,トーセンクラウド  ,牝,2,岩田康誠,54.0,16,06,2,2,0,0,1,85.5,"1255",0,0,0,2,2,38.1,474,大久保龍,栗,280,11100105,05203,01058,0813550506,島川隆哉,エスティファーム,ダイワメジャー,トーセントップラン,ジャングルポケット,栗毛,110419,    1.8,  ,    ,43.3
13,11,16,5,京都,5,05,新馬・牝,15,ダ,1,1400,稍,ファーマティアラ  ,牝,2,松山弘平,54.0,16,07,14,14,0,3.5,16,89,"1290",0,0,0,8,10,40.7,460,加藤敬二,栗,0,11100473,01126,00379,0813550507,中西功,高山牧場,アルカセット,ミスチバスペニー,テイエムオペラオー,鹿毛,110408,  390.7,  ,    ,39.0
13,11,16,5,京都,5,05,新馬・牝,15,ダ,1,1400,稍,コウザンバニー    ,牝,2,酒井学,54.0,16,08,4,4,0,0.7,7,86.2,"1262",0,0,0,3,3,38.6,458,田所秀孝,栗,110,11105606,01034,01009,0813550508,山下良子,大柳ファーム,ストラヴィンスキー,ゴールドバニー,ヘクタープロテクター,栗毛,110424,   28.8,  ,    ,42.5
13,11,16,5,京都,5,05,新馬・牝,15,ダ,1,1400,稍,ビナシルク        ,牝,2,武幸四郎,54.0,16,09,10,10,0,2.8,14,88.3,"1283",0,0,0,16,15,38.8,432,清水出美,栗,0,11103207,01026,00369,0813550509,井之口二三雄,鮫川啓一,ジャングルポケット,アイノサウスポー,スキャン,栗毛,110322,  139.5,  ,    ,45.7
13,11,16,5,京都,5,05,新馬・牝,15,ダ,1,1400,稍,トミケンユオスタ  ,牝,2,小牧太,54.0,16,10,12,12,0,3.1,13,88.6,"1286",0,0,0,13,14,39.5,462,坂口正則,栗,0,11105792,00894,00356,0813550510,冨樫賢二,駿河牧場,ダイワメジャー,ツルマルローズ,クロフネ,鹿毛,110517,  129.8,  ,    ,43.2
13,11,16,5,京都,5,05,新馬・牝,15,ダ,1,1400,稍,クロップ          ,牝,2,池添謙一,54.0,16,11,13,13,0,3.4,10,88.9,"1289",0,0,0,15,16,39.6,506,村山明,栗,0,11103459,01032,01107,0813550511,ロードホースクラブ,ケイアイファーム,サウスヴィグラス,レディミステリー,Forestry,黒鹿,110315,   51.5,  ,    ,43.4
13,11,16,5,京都,5,05,新馬・牝,15,ダ,1,1400,稍,アグネスアミニソル,牝,2,和田翼,51.0,16,12,6,6,0,1.3,9,86.8,"1268",0,0,0,12,11,38,440,森秀行,栗,0,11103257,01146,00427,0813550512,渡辺公美子,高松牧場,アグネスデジタル,アグネスフィーバー,Vindication,鹿毛,110319,   39.8,  ,    ,46.3
13,11,16,5,京都,5,05,新馬・牝,15,ダ,1,1400,稍,キョウエイカプリス,牝,2,国分恭介,54.0,16,13,9,9,0,2.3,4,87.8,"1278",0,0,0,6,8,39.7,476,矢作芳人,栗,0,11106396,01124,01075,0813550513,田中晴夫,モリナガファーム,ゴールドアリュール,レイズユアグラス,アジュディケーティング,鹿毛,110321,   11.5,  ,    ,40.9
13,11,16,5,京都,5,05,新馬・牝,15,ダ,1,1400,稍,メサージュマロン  ,牝,2,太宰啓介,54.0,16,14,15,15,0,3.6,5,89.1,"1291",0,0,0,3,4,41.5,444,本田優,栗,0,11101211,01037,01099,0813550514,村上憲政,小河豊水,タイキシャトル,メジロウインク,サンデーサイレンス,栗毛,110428,   16.9,  ,    ,36.0
13,11,16,5,京都,5,05,新馬・牝,15,ダ,1,1400,稍,クニサキキャメロン,牝,2,国分優作,54.0,16,15,16,16,0,4.6,11,90.1,"1301",0,0,0,8,12,41.7,452,梅田康雄,栗,0,11106596,01125,00131,0813550515,國島周夫,川上牧場,パイロ,マルスフラウ,マルゼンスキー,鹿毛,110505,   81.3,  ,    ,37.1
13,11,16,5,京都,5,05,新馬・牝,15,ダ,1,1400,稍,シゲルシリベシ    ,牝,2,幸英明,54.0,16,16,11,11,0,2.9,15,88.4,"1284",0,0,0,13,12,39.4,478,坪憲章,栗,0,11100211,00732,00361,0813550516,森中蕃,木村牧場,ストラヴィンスキー,ラブリイマーチャン,ハンセル,鹿毛,110401,  305.6,  ,    ,43.3
13,11,16,5,京都,5,06,新馬,15,芝,0,1600,良,ジョーウォルター  ,牡,2,松山弘平,55.0,17,01,3,3,0,0.5,6,97.9,"1379",0,0,0,7,7,34.4,466,清水久詞,栗,180,11103203,01126,01110,0813550601,上田けい子,斉藤政志,ゼンノロブロイ,ジョーフュージョン,オペラハウス,鹿毛,110317,   23.8,  ,    ,60.8
13,11,16,5,京都,5,06,新馬,15,芝,0,1600,良,アイファーデューク,牡,2,国分恭介,55.0,17,02,13,13,0,1.6,16,99,"1390",0,0,0,13,13,34.9,412,加藤敬二,栗,0,11102053,01124,00379,0813550602,中島稔,静内山田牧場,ストーミングホーム,アイファールミ,シャンハイ,黒鹿,110328,  463.7,  ,    ,60.2
13,11,16,5,京都,5,06,新馬,15,芝,0,1600,良,ピノ              ,牝,2,幸英明,54.0,17,03,5,5,0,0.5,9,97.9,"1379",0,0,0,4,3,34.6,470,梅田智之,栗,70,11106268,00732,01084,0813550603,廣崎玲子,川上牧場,スペシャルウィーク,マーズプリンセス,デインヒル,鹿毛,110305,   81.8,  ,    ,59.8
13,11,16,5,京都,5,06,新馬,15,芝,0,1600,良,ブラックカイト    ,牡,2,酒井学,55.0,17,04,6,6,0,0.5,10,97.9,"1379",0,0,0,13,13,33.8,460,境直行,栗,0,11102345,01034,00346,0813550604,三宅勝俊,友田牧場,ブラックタイド,エアマディーナ,トニービン,黒鹿,110403,   89.4,  ,    ,63.8
13,11,16,5,京都,5,06,新馬,15,芝,0,1600,良,メイショウブーケ  ,牝,2,武豊,54.0,17,05,11,11,0,1.5,5,98.9,"1389",0,0,0,7,8,35.2,460,西浦勝一,栗,0,11106065,00666,01016,0813550605,松本好雄,三嶋牧場,フレンチデピュティ,アドマイヤベリー,ダンスインザダーク,栗毛,110430,   22.3,  ,    ,58.6
13,11,16,5,京都,5,06,新馬,15,芝,0,1600,良,タガノクルクス    ,牝,2,四位洋文,54.0,17,06,9,9,0,0.8,7,98.2,"1382",0,0,0,10,10,34.3,448,千田輝彦,栗,0,11105009,00700,01120,0813550606,八木良司,新冠タガノファーム,キングカメハメハ,タガノティアーズ,タニノギムレット,栗毛,110212,   29.5,  ,    ,61.8
13,11,16,5,京都,5,06,新馬,15,芝,0,1600,良,ディアレクラン    ,牝,2,藤田伸二,54.0,17,07,4,4,0,0.5,8,97.9,"1379",0,0,0,1,1,34.9,462,山内研二,栗,110,11102444,00705,00388,0813550607,ディアレスト,八田ファーム,マツリダゴッホ,サイレントベッド,ソウルオブザマター,鹿毛,110311,   68.5,  ,    ,58.3
13,11,16,5,京都,5,06,新馬,15,芝,0,1600,良,マイネルセプター  ,牡,2,和田竜二,55.0,17,08,2,2,0,0.3,12,97.7,"1377",0,0,0,2,2,34.6,460,宮徹,栗,280,11101186,01018,01018,0813550608,サラブレッドクラブ,猪野毛牧場,アルデバラン2,テイエムオーカン,ブライアンズタイム,鹿毛,110416,  117.7,  ,    ,59.4
13,11,16,5,京都,5,06,新馬,15,芝,0,1600,良,トップボンバー    ,牡,2,浜中俊,55.0,17,09,7,7,0,0.5,11,97.9,"1379",0,0,0,4,5,34.6,438,庄野靖志,栗,0,11100398,01115,01087,0813550609,コオロ,庄野牧場,ジャングルポケット,レッドプライム,スペシャルウィーク,鹿毛,110326,   93.9,  ,    ,59.8
13,11,16,5,京都,5,06,新馬,15,芝,0,1600,良,ボージェスト      ,牝,2,ルメール,54.0,17,10,8,8,0,0.7,2,98.1,"1381",0,0,0,10,10,34.2,460,友道康夫,栗,0,11103749,05339,01061,0813550610,吉田勝己,ノーザンファーム,キングカメハメハ,アドマイヤグルーヴ,サンデーサイレンス,栗毛,110312,    3.7,  ,    ,62.1
13,11,16,5,京都,5,06,新馬,15,芝,0,1600,良,ヤマニンカリヨン  ,牡,2,岩田康誠,55.0,17,11,12,12,0,1.6,13,99,"1390",0,0,0,16,15,34.6,476,西橋豊治,栗,0,11105065,05203,00434,0813550611,土井肇,錦岡牧場,アドマイヤマックス,ヤマニンフィオーレ,ソウルオブザマター,鹿毛,110507,  144.3,  ,    ,61.7
13,11,16,5,京都,5,06,新馬,15,芝,0,1600,良,エイシンブルズアイ,牡,2,福永祐一,55.0,17,12,1,1,0,-0.3,1,97.4,"1374",0,0,0,3,3,34.2,454,野中賢二,栗,700,11110099,01014,01098,0813550612,栄進堂,"Elijah Bailey",Belgravia,"Miss Fear Factor",Siphon,栗毛,110406,    1.5,  ,    ,60.9
13,11,16,5,京都,5,06,新馬,15,芝,0,1600,良,ウインアルチザン  ,牡,2,和田翼,52.0,17,13,14,14,0,1.8,15,99.2,"1392",0,0,0,10,10,35.3,470,梅田智之,栗,0,11101465,01146,01084,0813550613,ウイン,幌村牧場,ネオユニヴァース,アーチスト,"In The Wings",鹿毛,110430,  383.6,  ,    ,58.6
13,11,16,5,京都,5,06,新馬,15,芝,0,1600,良,ソネットライター  ,牝,2,Ｍ．デム,54.0,17,14,15,15,0,1.9,3,99.3,"1393",0,0,0,15,15,35.1,426,角田晃一,栗,0,11104220,05212,01121,0813550614,グリーンファーム,社台ファーム,マンハッタンカフェ,クイーンソネット,ノーザンテースト,黒鹿,110415,   19.5,  ,    ,59.7
13,11,16,5,京都,5,06,新馬,15,芝,0,1600,良,ダイゴセイリュウ  ,牡,2,太宰啓介,55.0,17,15,0,0,3,999.9,0,0,"----",0,0,0,0,0,0,494,野村彰彦,栗,0,11100880,01037,00375,0813550615,長谷川光司,細川牧場,ダイタクリーヴァ,クイーンモモコ,ホワイトマズル,青毛,110602,    0.0,  ,    , 0.0
13,11,16,5,京都,5,06,新馬,15,芝,0,1600,良,エーティーヤッホー,牡,2,国分優作,55.0,17,16,16,16,0,2,14,99.4,"1394",0,0,0,9,8,35.7,480,湯窪幸雄,栗,0,11101890,01125,01057,0813550616,荒木徹,キヨタケ牧場,ワイルドラッシュ,カチョウフウゲツ,ラムタラ,栗毛,110429,  215.7,  ,    ,57.1
13,11,16,5,京都,5,06,新馬,15,芝,0,1600,良,アズマムーン      ,牡,2,川田将雅,55.0,17,17,10,10,0,0.8,4,98.2,"1382",0,0,0,6,6,34.8,468,河内洋,栗,0,11100780,01088,01072,0813550617,東哲次,日高大洋牧場,キングカメハメハ,アズマサンダース,サンデーサイレンス,鹿毛,110422,   21.0,  ,    ,59.3
13,11,16,5,京都,5,07,500万下,23,ダ,1,1800,稍,スズカルパン      ,牡,4,福永祐一,57.0,16,01,8,8,0,1,6,111,"1510",0,13,14,14,12,36,474,西橋豊治,栗,0,09103405,01014,00434,0813550701,永井宏明,岡野牧場,スズカマンボ,ルンルンスズカ,ラムタラ,鹿毛,090316,   14.7,  ,    ,54.2
13,11,16,5,京都,5,07,500万下,23,ダ,1,1800,稍,ウォーシップマーチ,牡,3,岡田祥嗣,55.0,16,02,6,6,0,0.6,2,110.6,"1506",0,13,12,10,8,36,460,笹田和秀,栗,0,10103915,05429,01104,0813550702,谷掛龍夫,社台ファーム,アグネスタキオン,ヘヴンリーソング,Machiavellian,黒鹿,100505,    5.9,  ,    ,53.6
13,11,16,5,京都,5,07,500万下,23,ダ,1,1800,稍,カレングラスジョー,牡,3,Ｍ．デム,55.0,16,03,3,3,0,0.4,3,110.4,"1504",0,10,8,7,6,36.1,512,松永幹夫,栗,180,10104163,05212,01092,0813550703,鈴木隆司,ノーザンファーム,キングカメハメハ,ジェダイト,サンデーサイレンス,栗毛,100206,    6.9,  ,    ,52.9
13,11,16,5,京都,5,07,500万下,23,ダ,1,1800,稍,タマモプラネット  ,牡,3,水口優也,55.0,16,04,2,2,0,0.3,7,110.3,"1503",0,2,2,2,2,36.5,480,小原伊佐,栗,290,10103339,01133,00337,0813550704,タマモ,前田牧場,ネオユニヴァース,チャームスター,タマモクロス,芦毛,100422,   29.2,  ,    ,51.1
13,11,16,5,京都,5,07,500万下,23,ダ,1,1800,稍,エーシンヘディング,牡,3,酒井学,55.0,16,05,1,1,0,-0.3,14,110,"1500",0,5,6,4,3,36,470,中尾秀正,栗,720,10105148,01034,01069,0813550705,栄進堂,三嶋牧場,タニノギムレット,バーモントガール,"Mi Cielo",鹿毛,100506,  175.8,  ,    ,52.8
13,11,16,5,京都,5,07,500万下,23,ダ,1,1800,稍,サカジロスイセイ  ,牡,4,国分優作,57.0,16,06,5,5,0,0.5,12,110.5,"1505",0,4,4,4,3,36.5,498,大根田裕,栗,72,09102875,01125,01032,0813550706,ロイヤルパーク,長谷部牧場,マイネルラヴ,タガノビーム,ヘクタープロテクター,鹿毛,090329,   68.7,  ,    ,51.4
13,11,16,5,京都,5,07,500万下,23,ダ,1,1800,稍,アクシーバンダム  ,牡,4,松山弘平,57.0,16,07,14,14,0,1.9,13,111.9,"1519",0,16,16,16,15,36.6,448,柴田政見,栗,0,09101253,01126,00406,0813550707,山科統,バンダム牧場,リンカーン,グレイスケープ,サクラローレル,黒鹿,090202,   81.6,  ,    ,52.9
13,11,16,5,京都,5,07,500万下,23,ダ,1,1800,稍,オレアリア        ,牡,3,浜中俊,55.0,16,08,7,7,0,0.6,10,110.6,"1506",0,11,11,12,8,35.9,510,石坂正,栗,0,10104275,01115,01022,0813550708,キャロットファーム,ノーザンファーム,シンボリクリスエス,ブルーメンブラット,アドマイヤベガ,黒鹿,100207,   39.0,  ,    ,54.0
13,11,16,5,京都,5,07,500万下,23,ダ,1,1800,稍,キングスバーン    ,牡,4,小牧太,57.0,16,09,4,4,0,0.5,8,110.5,"1505",0,1,1,1,1,36.9,508,大久保龍,栗,110,09100445,00894,01058,0813550709,林正道,酒井牧場,アルカセット,ディアン,ブラックタイアフェアー,鹿毛,090425,   30.4,  ,    ,49.7
13,11,16,5,京都,5,07,500万下,23,ダ,1,1800,稍,ミッキークリスエス,牡,4,ルメール,57.0,16,10,12,12,0,1.7,4,111.7,"1517",0,5,5,6,6,37.6,536,音無秀孝,栗,0,09106020,05339,01002,0813550710,野田みづき,社台ファーム,シンボリクリスエス,ラブリネスオブパリ,サンデーサイレンス,黒鹿,090227,    9.9,  ,    ,48.5
13,11,16,5,京都,5,07,500万下,23,ダ,1,1800,稍,ルスナイスナイパー,牡,4,秋山真一,57.0,16,11,11,11,0,1.5,1,111.5,"1515",0,5,7,9,8,37.1,456,飯田明弘,栗,0,09101087,01019,00389,0813550711,高昭牧場,高昭牧場,マヤノトップガン,タワーライトブルー,アグネスタキオン,栗毛,090306,    2.0,  ,    ,50.3
13,11,16,5,京都,5,07,500万下,23,ダ,1,1800,稍,サダムダイジョウブ,牡,3,川田将雅,55.0,16,12,10,10,0,1.3,5,111.3,"1513",0,12,12,13,14,36.4,500,松田博資,栗,0,10104477,01088,00348,0813550712,大西定,社台コーポレーショ,ダイワメジャー,ブリアンダ,Alzao,青毛,100325,   10.6,  ,    ,52.9
13,11,16,5,京都,5,07,500万下,23,ダ,1,1800,稍,マイネルコンキスタ,牡,4,バルザロ,57.0,16,13,16,16,0,3.8,11,113.8,"1538",0,8,8,7,11,39.4,492,清水久詞,栗,0,09102789,05504,01110,0813550713,サラブレッドクラブ,中川牧場,アドマイヤマックス,プリティコンシエロ,"Conquistador Cielo",鹿毛,090426,   48.1,  ,    ,44.4
13,11,16,5,京都,5,07,500万下,23,ダ,1,1800,稍,トゥルーフレンド  ,牡,4,和田翼,54.0,16,14,9,9,0,1.3,16,111.3,"1513",0,15,15,14,15,36.2,482,野村彰彦,栗,0,09105660,01146,00375,0813550714,武田茂男,ヤマイチ牧場,ノボトゥルー,ジェンハオサイマ,コマンダーインチーフ,鹿毛,090422,  270.8,  ,    ,53.7
13,11,16,5,京都,5,07,500万下,23,ダ,1,1800,稍,キングベイビー    ,牝,3,岩田康誠,53.0,16,15,13,13,0,1.8,9,111.8,"1518",0,8,8,10,12,37.2,448,安田隆行,栗,0,10105836,05203,00438,0813550715,前田葉子,ノースヒルズ,マンハッタンカフェ,シネマスコープ,トニービン,黒鹿,100214,   38.1,  ,    ,50.3
13,11,16,5,京都,5,07,500万下,23,ダ,1,1800,稍,テイエムオオラジャ,牡,3,太宰啓介,55.0,16,16,15,15,0,3.4,15,113.4,"1534",0,3,3,3,5,39.5,544,柴田光陽,栗,0,10100173,01037,00400,0813550716,竹園正繼,新井昭二,シンボリクリスエス,キウィダンス,"Timber Country",鹿毛,100207,  222.3,  ,    ,43.5
13,11,16,5,京都,5,08,1000万下,43,ダ,1,1200,稍,タッチシタイ      ,牡,3,秋山真一,56.0,16,01,3,3,0,0.1,13,70.5,"1105",0,0,0,6,6,35.8,488,音無秀孝,栗,250,10101326,01019,01002,0813550801,小田切有一,木下牧場,オレハマッテルゼ,ジョウネツノアラシ,アフリート,栗毛,100327,   42.8,  ,    ,46.9
13,11,16,5,京都,5,08,1000万下,43,ダ,1,1200,稍,アースゼウス      ,牡,3,Ｍ．デム,56.0,16,02,4,4,0,0.2,1,70.6,"1106",0,0,0,1,1,36.7,506,和田正道,美,150,10110105,05212,00353,0813550802,グリーンファーム,"Burden Creek Farm",Officer,"Singing Sensation","Coronado's Quest",栗毛,100208,    2.3,  ,    ,42.4
13,11,16,5,京都,5,08,1000万下,43,ダ,1,1200,稍,ワンダーフォルテ  ,牡,5,国分恭介,57.0,16,03,11,11,0,0.9,6,71.3,"1113",0,0,0,8,9,36.4,502,藤岡範士,栗,0,08101936,01124,00289,0813550803,山本信行,大島牧場,アフリート,オオシマルチア,クリスタルグリツターズ,栗毛,080418,   20.8,  ,    ,45.9
13,11,16,5,京都,5,08,1000万下,43,ダ,1,1200,稍,ガクニホシ        ,牡,7,池添謙一,57.0,16,04,8,8,0,0.5,12,70.9,"1109",0,0,0,11,12,35.6,494,伊藤伸一,美,0,06101629,01032,01031,0813550804,矢野喜代春,マークリ牧場,デザートストーリー,ブランドエレッセ,ニシノエトランゼ,鹿毛,060301,   41.5,  ,    ,49.2
13,11,16,5,京都,5,08,1000万下,43,ダ,1,1200,稍,トップフライアー  ,牡,4,藤田伸二,57.0,16,05,16,16,0,5.1,5,75.5,"1155",0,0,0,16,16,39.1,490,杉浦宏昭,美,0,09100112,00705,01008,0813550805,井上一郎,中脇一幸,スタチューオブリバティ,シングフォアジョイ,グラスワンダー,青鹿,090517,   12.3,  ,    ,43.1
13,11,16,5,京都,5,08,1000万下,43,ダ,1,1200,稍,ウエストハーバー  ,牡,5,小牧太,57.0,16,06,7,7,0,0.5,16,70.9,"1109",0,0,0,14,14,35.2,532,中竹和也,栗,0,08110051,00894,01039,0813550806,加藤守,"Overbrook Farm","Mr. Greeley","Harbor Springs","Vice Regent",栗毛,080513,  226.2,  ,    ,51.4
13,11,16,5,京都,5,08,1000万下,43,ダ,1,1200,稍,コロカムイ        ,セ,5,原田敬伍,54.0,16,07,14,14,0,1.7,11,72.1,"1121",0,0,0,2,2,37.9,480,目野哲也,栗,0,08101722,01148,00387,0813550807,蛭川年明,ひるかわ育成牧場,ノボジャック,メルヘンローズ,プルラリズム,栗毛,080314,   39.6,  ,    ,40.2
13,11,16,5,京都,5,08,1000万下,43,ダ,1,1200,稍,ジャマイカジョー  ,牡,5,酒井学,57.0,16,08,9,9,0,0.6,9,71,"1110",0,0,0,13,11,35.6,476,梅田康雄,栗,0,08100013,01034,00131,0813550808,薪浦英稔,秋田育成牧場,タニノギムレット,スペシャルワールド,スペシャルウィーク,黒鹿,080509,   39.0,  ,    ,49.4
13,11,16,5,京都,5,08,1000万下,43,ダ,1,1200,稍,キンショーユウジャ,牡,5,バルザロ,57.0,16,09,15,15,0,1.7,15,72.1,"1121",0,0,0,8,8,37.2,492,田島俊明,美,0,08106631,05504,01112,0813550809,礒野日出夫,藤本牧場,アグネスデジタル,フジノササメユキ,ロドリゴデトリアーノ,栗毛,080313,  187.6,  ,    ,43.8
13,11,16,5,京都,5,08,1000万下,43,ダ,1,1200,稍,テイクファイア    ,牡,3,幸英明,56.0,16,10,6,6,0,0.4,7,70.8,"1108",0,0,0,4,4,36.4,476,湯窪幸雄,栗,0,10102260,00732,01057,0813550810,加藤守,ヒダカフアーム,サウスヴィグラス,テイクザケイク,スキャン,鹿毛,100503,   24.6,  ,    ,44.5
13,11,16,5,京都,5,08,1000万下,43,ダ,1,1200,稍,キンシザイル      ,牡,4,浜中俊,57.0,16,11,5,5,0,0.4,8,70.8,"1108",0,0,0,10,9,35.7,486,浅見秀一,栗,99,09103775,01115,00411,0813550811,若草クラブ,谷岡正次,フレンチデピュティ,ケイシンミツル,フジキセキ,鹿毛,090322,   32.4,  ,    ,48.3
13,11,16,5,京都,5,08,1000万下,43,ダ,1,1200,稍,ヤマニンアルシェ  ,牡,5,森一馬,54.0,16,12,12,12,0,0.9,14,71.3,"1113",0,0,0,11,12,36,528,田中章博,栗,0,08104797,01139,00413,0813550812,土井肇,錦岡牧場,ヤマニンゼファー,ワンオブアクライン,Danzig,鹿毛,080508,   77.6,  ,    ,48.1
13,11,16,5,京都,5,08,1000万下,43,ダ,1,1200,稍,リアリーサムシング,牡,5,国分優作,57.0,16,13,10,10,0,0.7,10,71.1,"1111",0,0,0,15,15,35.2,484,坪憲章,栗,0,08106716,01125,00361,0813550813,吉田修,タガミファーム,サクラバクシンオー,ユメノクラリティー,サンダーガルチ,栗毛,080313,   39.1,  ,    ,52.0
13,11,16,5,京都,5,08,1000万下,43,ダ,1,1200,稍,ストームジャガー  ,牡,3,ルメール,56.0,16,14,13,13,0,1.6,4,72,"1120",0,0,0,2,2,37.8,500,安田隆行,栗,0,10110128,05339,00438,0813550814,馬場幸夫,"Cloverleaf Farms I","After Market",Travelator,"A. P. Jet",鹿毛,100119,    8.0,  ,    ,40.5
13,11,16,5,京都,5,08,1000万下,43,ダ,1,1200,稍,サウンドガガ      ,牝,4,武豊,55.0,16,15,1,1,0,-0.1,2,70.4,"1104",0,0,0,4,4,35.9,492,佐藤正雄,栗,990,09110065,00666,01025,0813550815,増田雄一,"Peggy S. Dellheim","Roman Ruler","Whistle Call","Phone Trick",黒鹿,090503,    4.8,  ,    ,46.1
13,11,16,5,京都,5,08,1000万下,43,ダ,1,1200,稍,ゴッドツェッペリン,牡,4,太宰啓介,57.0,16,16,2,2,0,0.1,3,70.5,"1105",0,0,0,7,6,35.7,476,大根田裕,栗,400,09102171,01037,01032,0813550816,石川幸司,石原牧場,ファスリエフ,エキゾーストタイム,ブライアンズタイム,黒鹿,090411,    6.9,  ,    ,47.5
13,11,16,5,京都,5,09,もちの木500*,23,ダ,1,1800,稍,メイショウスミトモ,牡,2,古川吉洋,55.0,11,01,7,7,0,1.6,9,113.3,"1533",0,10,9,10,9,36.4,480,南井克巳,栗,0,11102556,01015,01049,0813550901,松本好雄,フジワラフアーム,ゴールドアリュール,ムゲン,アジュディケーティング,鹿毛,110422,   37.2,  ,    ,55.6
13,11,16,5,京都,5,09,もちの木500*,23,ダ,1,1800,稍,サトノバリアント  ,牡,2,ルメール,55.0,11,02,3,3,0,1,5,112.7,"1527",0,3,3,4,4,36.4,446,安田隆行,栗,240,11104456,05339,00438,0813550902,里見治,社台ファーム,キングカメハメハ,ミルフィオリ,サンデーサイレンス,鹿毛,110217,    8.5,  ,    ,54.8
13,11,16,5,京都,5,09,もちの木500*,23,ダ,1,1800,稍,サトノスーペリア  ,牡,2,秋山真一,55.0,11,03,6,6,0,1.4,6,113.1,"1531",0,7,7,8,6,36.4,458,平田修,栗,0,11104195,01019,01082,0813550903,サトミホースカンパ,社台ファーム,ハーツクライ,オスティエンセ,エリシオ,黒鹿,110227,   19.7,  ,    ,55.4
13,11,16,5,京都,5,09,もちの木500*,23,ダ,1,1800,稍,タガノハヤテ      ,牡,2,福永祐一,55.0,11,04,2,2,0,0.2,1,111.9,"1519",0,1,1,1,1,35.9,480,五十嵐忠,栗,380,11104993,01014,00422,0813550904,八木良司,岡牧場,ゴールドアリュール,アイチャンルック,ジェネラス,栗毛,110408,    1.9,  ,    ,55.8
13,11,16,5,京都,5,09,もちの木500*,23,ダ,1,1800,稍,ヤマノボンバー    ,牡,2,和田翼,55.0,11,05,8,8,0,1.6,11,113.3,"1533",0,5,5,10,10,36.4,436,崎山博樹,栗,0,11100657,01146,00365,0813550905,澤村敏雄,富川田中牧場,シルバーチャーム,エクスカベーション,マイニング,芦毛,110420,   86.3,  ,    ,55.6
13,11,16,5,京都,5,09,もちの木500*,23,ダ,1,1800,稍,マスクゾロ        ,牡,2,幸英明,55.0,11,06,5,5,0,1.3,3,113,"1530",0,10,11,7,6,36.4,540,岡田稲男,栗,95,11110069,00732,01066,0813550906,門野重雄,"Andre Lynch Dermot","Roman Ruler",Saravati,"Giant's Causeway",黒鹿,110218,    7.1,  ,    ,55.2
13,11,16,5,京都,5,09,もちの木500*,23,ダ,1,1800,稍,ナムラユキヒメ    ,牝,2,国分優作,54.0,11,07,10,10,0,1.7,10,113.4,"1534",0,7,9,8,10,36.6,420,目野哲也,栗,0,11101713,01125,00387,0813550907,奈村信重,漆原哲雄,ヨハネスブルグ,ナムラウタヒメ,フォーティナイナー,栗毛,110424,   53.0,  ,    ,54.9
13,11,16,5,京都,5,09,もちの木500*,23,ダ,1,1800,稍,セレッソレアル    ,牝,2,武豊,54.0,11,08,4,4,0,1.2,8,112.9,"1529",0,5,7,4,4,36.5,466,松元茂樹,栗,140,11106404,00666,00419,0813550908,三宅勝俊,昭和牧場,プリサイスエンド,アクトウエル,サクラローレル,栗毛,110427,   36.4,  ,    ,54.7
13,11,16,5,京都,5,09,もちの木500*,23,ダ,1,1800,稍,メイショウイチオシ,牡,2,武幸四郎,55.0,11,09,1,1,0,-0.2,2,111.7,"1517",0,3,3,3,2,35.5,522,庄野靖志,栗,950,11105439,01026,01087,0813550909,松本好雄,八木常郎,メイショウボーラー,グリーンヒルレッド,スキャン,黒鹿,110509,    6.8,  ,    ,57.3
13,11,16,5,京都,5,09,もちの木500*,23,ダ,1,1800,稍,ニューヘリテージ  ,牡,2,四位洋文,55.0,11,10,9,9,0,1.6,4,113.3,"1533",0,7,5,4,6,36.9,476,昆貢,栗,0,11103407,00700,01044,0813550910,安原浩司,安原実,ヨハネスブルグ,リベラノ,Rubiano,栗毛,110429,    7.2,  ,    ,53.5
13,11,16,5,京都,5,09,もちの木500*,23,ダ,1,1800,稍,マルカロゼッタ    ,牡,2,岩田康誠,55.0,11,11,11,11,0,2.5,7,114.2,"1542",0,2,2,2,2,38.1,490,今野貞一,栗,0,11104340,05203,01128,0813550911,日下部猛,社台ファーム,ゴールドアリュール,ノンストップレディ,ノーザンテースト,栗毛,110222,   22.3,  ,    ,49.9
13,11,16,5,京都,5,10,高雄特Ｈ1000,43,芝,8,2400,良,グッドカフェ      ,セ,5,武豊,55.0,10,01,5,5,0,0.5,6,146.4,"2264",0,3,2,3,3,33.9,484,松元茂樹,栗,144,08104463,00666,00419,0813551001,杉立恭平,小泉牧場,マンハッタンカフェ,ブランドシャトル,Theatrical,青鹿,080428,   14.1,  ,    ,60.6
13,11,16,5,京都,5,10,高雄特Ｈ1000,43,芝,8,2400,良,エーティータラント,牡,3,酒井学,54.0,10,02,2,2,0,0.2,3,146.1,"2261",0,7,7,7,5,33.4,500,木原一良,栗,580,10103543,01034,01033,0813551002,荒木徹,青藍牧場,デュランダル,ヒカルカリーナ,メジロマックイーン,芦毛,100607,    6.6,  ,    ,62.5
13,11,16,5,京都,5,10,高雄特Ｈ1000,43,芝,8,2400,良,サカジロオー      ,牡,4,国分優作,57.0,10,03,3,3,0,0.2,5,146.1,"2261",0,5,5,5,5,33.5,456,大根田裕,栗,360,09102703,01125,01032,0813551003,ロイヤルパーク,千葉飯田牧場,アドマイヤムーン,レインボーファスト,レインボーアンバー,栗毛,090302,    9.6,  ,    ,62.0
13,11,16,5,京都,5,10,高雄特Ｈ1000,43,芝,8,2400,良,タガノレイヨネ    ,牡,4,太宰啓介,56.0,10,04,4,4,0,0.4,2,146.3,"2263",0,1,1,1,1,34.4,502,本田優,栗,220,09104947,01037,01099,0813551004,八木良司,新冠タガノファーム,フジキセキ,タガノシャルフ,トニービン,栗毛,090508,    5.1,  ,    ,58.4
13,11,16,5,京都,5,10,高雄特Ｈ1000,43,芝,8,2400,良,メイショウタマカゼ,牡,4,浜中俊,55.0,10,05,1,1,0,-0.2,7,145.9,"2259",0,5,5,2,2,33.7,456,荒川義之,栗,1440,09100789,01115,01095,0813551005,松本好雄,三嶋牧場,ダイワメジャー,ダンシングブルーム,コマンダーインチーフ,栗毛,090427,   22.7,  ,    ,61.0
13,11,16,5,京都,5,10,高雄特Ｈ1000,43,芝,8,2400,良,アドマイヤスピカ  ,牡,3,川田将雅,55.0,10,06,6,6,0,0.7,1,146.6,"2266",0,9,8,8,8,33.7,486,松田博資,栗,0,10104059,01088,00348,0813551006,近藤利一,ノーザンファーム,キングカメハメハ,エルダンジュ,サンデーサイレンス,栗毛,100223,    2.0,  ,    ,61.7
13,11,16,5,京都,5,10,高雄特Ｈ1000,43,芝,8,2400,良,マイネルアイザック,牡,4,幸英明,56.0,10,07,7,7,0,0.8,4,146.7,"2267",0,2,2,3,3,34.3,456,宮徹,栗,0,09105122,00732,01018,0813551007,サラブレッドクラブ,ビッグレッドファー,ステイゴールド,アイアイサクラ,ペンタイア,黒鹿,090419,    8.6,  ,    ,59.2
13,11,16,5,京都,5,10,高雄特Ｈ1000,43,芝,8,2400,良,ウエスタンディオ  ,牡,6,福永祐一,54.0,10,08,9,9,0,1.5,9,147.4,"2274",0,4,4,5,5,34.8,488,千田輝彦,栗,0,07100903,01014,01120,0813551008,西川賢,北西牧場,フレンチデピュティ,ウエスタンシャープ,サンデーサイレンス,鹿毛,070504,   70.2,  ,    ,57.9
13,11,16,5,京都,5,10,高雄特Ｈ1000,43,芝,8,2400,良,スリーロブロイ    ,牡,4,和田竜二,54.0,10,09,8,8,0,1,10,146.9,"2269",0,9,10,9,9,33.9,448,藤岡範士,栗,0,09100353,01018,00289,0813551009,永井商事,杵臼斉藤牧場,ゼンノロブロイ,サンキンレター,ホワイトマズル,鹿毛,090330,   80.3,  ,    ,61.1
13,11,16,5,京都,5,10,高雄特Ｈ1000,43,芝,8,2400,良,シンゼンレンジャー,牡,4,四位洋文,54.0,10,10,10,10,0,2.3,8,148.2,"2282",0,8,8,9,10,35,490,飯田明弘,栗,0,09102195,00700,00389,0813551010,原司郎,インターナショナル,ケイムホーム,キョウエイフルハム,ジェリ,黒鹿,090503,   29.4,  ,    ,57.8
13,11,16,5,京都,5,11,修学院Ｈ1600,67,芝,0,2000,良,カネトシマーシャル,牡,5,藤岡康太,56.0,13,01,2,2,0,0.1,8,121,"2010",0,7,7,6,6,34.2,506,五十嵐忠,栗,700,08100364,01116,00422,0813551101,兼松昌男,静内酒井牧場,フレンチデピュティ,ベルグポルカ,ピルサドスキー,鹿毛,080403,   21.7,  ,    ,58.8
13,11,16,5,京都,5,11,修学院Ｈ1600,67,芝,0,2000,良,エーシンジャッカル,牡,5,幸英明,57.0,13,02,13,13,0,4.6,9,125.5,"2055",0,13,13,12,12,38.2,478,高野友和,栗,0,08101278,00732,01117,0813551102,栄進堂,栄進牧場,フジキセキ,エイシンリョンサン,アフリート,黒鹿,080224,   23.4,  ,    ,47.9
13,11,16,5,京都,5,11,修学院Ｈ1600,67,芝,0,2000,良,クランモンタナ    ,牡,4,Ｍ．デム,56.0,13,03,6,6,0,0.2,1,121.1,"2011",0,1,2,3,5,34.6,484,音無秀孝,栗,0,09105738,05212,01002,0813551103,社台レースホース,社台ファーム,ディープインパクト,エアトゥーレ,トニービン,芦毛,090212,    3.3,  ,    ,57.1
13,11,16,5,京都,5,11,修学院Ｈ1600,67,芝,0,2000,良,キャトルフィーユ  ,牝,4,バルザロ,53.0,13,04,3,3,0,0.1,4,121,"2010",0,2,1,3,3,34.5,460,角居勝彦,栗,440,09101532,05504,01053,0813551104,ロードホースクラブ,ケイアイファーム,ディープインパクト,ワンフォーローズ,"Tejano Run",鹿毛,090303,    7.5,  ,    ,57.5
13,11,16,5,京都,5,11,修学院Ｈ1600,67,芝,0,2000,良,ベストクルーズ    ,牝,6,川田将雅,54.0,13,05,8,8,0,0.4,7,121.3,"2013",0,4,4,6,6,34.5,444,松田博資,栗,0,07100569,01088,00348,0813551105,飯田正剛,千代田牧場,クロフネ,マサコチャン,サンデーサイレンス,芦毛,070213,   20.9,  ,    ,57.8
13,11,16,5,京都,5,11,修学院Ｈ1600,67,芝,0,2000,良,インパラトール    ,牡,3,和田竜二,55.0,13,06,5,5,0,0.2,2,121.1,"2011",0,12,12,12,13,33.7,508,領家政蔵,栗,174,10101063,01018,00345,0813551106,榊原源一郎,前川ファーム,ディープインパクト,エジード,"Storm Cat",鹿毛,100120,    4.1,  ,    ,61.1
13,11,16,5,京都,5,11,修学院Ｈ1600,67,芝,0,2000,良,コアレスドラード  ,牡,5,武豊,55.0,13,07,1,1,0,-0.1,6,120.9,"2009",0,10,10,10,9,33.7,454,五十嵐忠,栗,1740,08105982,00666,00422,0813551107,小林昌志,原田牧場,ステイゴールド,ラスブライティア,Bellotto,栗毛,080314,   12.3,  ,    ,60.9
13,11,16,5,京都,5,11,修学院Ｈ1600,67,芝,0,2000,良,シルクランスロット,牡,6,武幸四郎,53.0,13,08,7,7,0,0.3,11,121.2,"2012",0,6,6,1,1,35,518,中村均,栗,0,07106224,01026,00261,0813551108,シルクレーシング,ヤナガワ牧場,グラスワンダー,ムーンライトパワー,Miswaki,栗毛,070430,   60.2,  ,    ,55.6
13,11,16,5,京都,5,11,修学院Ｈ1600,67,芝,0,2000,良,スマートリバティー,牡,5,岩田康誠,55.0,13,09,10,10,0,0.8,5,121.7,"2017",0,4,4,3,3,35.2,456,宮徹,栗,0,08103812,05203,01018,0813551109,大川徹,広田牧場,ステイゴールド,リザーブシート,クリエイター,鹿毛,080316,   11.1,  ,    ,55.3
13,11,16,5,京都,5,11,修学院Ｈ1600,67,芝,0,2000,良,ローゼンケーニッヒ,牡,4,ルメール,56.0,13,10,9,9,0,0.6,3,121.5,"2015",0,10,10,10,9,34.3,468,橋口弘次,栗,0,09106416,05339,00343,0813551110,サンデーレーシング,ノーザンファーム,シンボリクリスエス,ローズバド,サンデーサイレンス,黒鹿,090129,    4.4,  ,    ,59.0
13,11,16,5,京都,5,11,修学院Ｈ1600,67,芝,0,2000,良,ヤマカツゴールド  ,牡,7,松山弘平,53.0,13,11,12,12,0,1.6,13,122.5,"2025",0,3,3,9,9,35.5,480,池添兼雄,栗,0,06103493,01126,01021,0813551111,山田博康,猪野毛牧場,キングカメハメハ,バルミーウインド,ノーザンテースト,栗毛,060302,  231.6,  ,    ,55.0
13,11,16,5,京都,5,11,修学院Ｈ1600,67,芝,0,2000,良,アグネスミヌエット,牝,8,和田翼,51.0,13,12,11,11,0,1,12,121.9,"2019",0,7,8,6,8,35.1,438,小崎憲,栗,0,05101419,01146,01085,0813551112,渡辺孝男,高昭牧場,アグネスフライト,アグネスシルキー,ホワイトマズル,鹿毛,050325,  206.2,  ,    ,56.0
13,11,16,5,京都,5,11,修学院Ｈ1600,67,芝,0,2000,良,ツルミプラチナム  ,牡,6,福永祐一,54.0,13,13,4,4,0,0.2,10,121.1,"2011",0,9,8,2,2,34.8,476,田中章博,栗,260,07101249,01014,00413,0813551113,鶴見ホース,浦河小林牧場,ステイゴールド,タイムヒロイン,ブライアンズタイム,黒鹿,070412,   58.9,  ,    ,56.3
13,11,16,5,京都,5,12,1000万下,43,芝,8,1400,良,オースミイージー  ,牡,5,和田竜二,57.0,14,01,1,1,0,-0.1,7,82.1,"1221",0,0,0,4,4,33.7,494,沖芳夫,栗,990,08106025,01018,00378,0813551201,オースミ,広富牧場,ハーツクライ,ナリタレインボウ,アフリート,鹿毛,080430,   31.2,  ,    ,57.7
13,11,16,5,京都,5,12,1000万下,43,芝,8,1400,良,ダイナミックガイ  ,牡,3,福永祐一,56.0,14,02,3,3,0,0.2,5,82.3,"1223",0,0,0,8,7,33.6,482,目野哲也,栗,250,10104751,01014,00387,0813551202,小川勲,杵臼斉藤牧場,オレハマッテルゼ,スリースキム,ティンバーカントリー,栗毛,100406,   12.3,  ,    ,58.7
13,11,16,5,京都,5,12,1000万下,43,芝,8,1400,良,シンコープリンス  ,牡,6,幸英明,57.0,14,03,10,10,0,0.6,6,82.7,"1227",0,0,0,4,4,34.2,466,湯窪幸雄,栗,0,07103937,00732,01057,0813551203,豊原正嗣,三石橋本牧場,マンハッタンカフェ,シンコールビー,サクラローレル,青鹿,070305,   25.1,  ,    ,56.4
13,11,16,5,京都,5,12,1000万下,43,芝,8,1400,良,リアリティー      ,牝,3,藤田伸二,54.0,14,04,12,12,0,1.3,8,83.4,"1234",0,0,0,1,1,35.2,466,本間忍,美,0,10100274,00705,01056,0813551204,小林弘明,大江牧場,アドマイヤマックス,アドマイヤセレッソ,サクラローレル,鹿毛,100426,   70.3,  ,    ,52.7
13,11,16,5,京都,5,12,1000万下,43,芝,8,1400,良,スリーアルテミス  ,牝,5,Ｍ．デム,55.0,14,05,9,9,0,0.6,9,82.7,"1227",0,0,0,2,2,34.5,472,武宏平,栗,0,08100461,05212,00221,0813551205,永井商事,武牧場,ゼンノロブロイ,スリーアモーラ,Twining,鹿毛,080325,   70.4,  ,    ,54.8
13,11,16,5,京都,5,12,1000万下,43,芝,8,1400,良,ビットスターダム  ,牡,5,太宰啓介,57.0,14,06,8,8,0,0.5,10,82.6,"1226",0,0,0,11,12,33.5,466,大根田裕,栗,0,08105387,01037,01032,0813551206,馬場祥晃,カネツ牧場,オンファイア,カネツプリンセス,サクラバクシンオー,芦毛,080323,   87.2,  ,    ,59.9
13,11,16,5,京都,5,12,1000万下,43,芝,8,1400,良,アドマイヤオウジャ,牡,3,岩田康誠,56.0,14,07,4,4,0,0.4,4,82.5,"1225",0,0,0,11,7,33.6,456,橋田満,栗,150,10104159,05203,00362,0813551207,近藤利一,ノーザンファーム,ディープインパクト,シーズオールエルティッシュ,Eltish,鹿毛,100309,    8.4,  ,    ,59.2
13,11,16,5,京都,5,12,1000万下,43,芝,8,1400,良,ダンスディレクター,牡,3,浜中俊,56.0,14,08,2,2,0,0.1,1,82.2,"1222",0,0,0,9,10,33.4,438,笹田和秀,栗,400,10103303,01115,01104,0813551208,太田珠々子,藤原牧場,アルデバラン2,マザーリーフ,サンデーサイレンス,鹿毛,100320,    1.8,  ,    ,59.6
13,11,16,5,京都,5,12,1000万下,43,芝,8,1400,良,ラインアンジュ    ,牝,5,四位洋文,55.0,14,09,7,7,0,0.4,3,82.5,"1225",0,0,0,11,12,33.5,498,領家政蔵,栗,0,08105997,00700,00345,0813551209,大澤繁昌,日高大洋牧場,"Rockport Harbor",シャルマンダー,Dehere,鹿毛,080414,    7.4,  ,    ,59.7
13,11,16,5,京都,5,12,1000万下,43,芝,8,1400,良,ニシノカチヅクシ  ,牡,4,酒井学,57.0,14,10,6,6,0,0.4,11,82.5,"1225",0,0,0,3,3,34.2,486,田所秀孝,栗,0,09106628,01034,01009,0813551210,西山茂行,川上牧場,ゼンノロブロイ,パラディナ,Rahy,黒鹿,090226,  147.7,  ,    ,55.9
13,11,16,5,京都,5,12,1000万下,43,芝,8,1400,良,ゴールドディガー  ,牡,5,水口優也,57.0,14,11,14,14,0,1.9,14,84,"1240",0,0,0,14,14,34.7,474,湯窪幸雄,栗,0,08105741,01133,01057,0813551211,加藤守,タバタファーム,ストラヴィンスキー,ゴールデンチェリー,"Crafty Prospector",栗毛,080425,  370.4,  ,    ,56.6
13,11,16,5,京都,5,12,1000万下,43,芝,8,1400,良,タイセイジーニアス,牡,5,松山弘平,57.0,14,12,11,11,0,0.9,12,83,"1230",0,0,0,9,10,34.2,468,宮本博,栗,0,08100219,01126,01073,0813551212,田中成奉,カントリー牧場,タニノギムレット,タニノジャドール,サンデーサイレンス,黒鹿,080311,  195.9,  ,    ,57.0
13,11,16,5,京都,5,12,1000万下,43,芝,8,1400,良,スターペスジンタ  ,牡,4,和田翼,54.0,14,13,13,13,0,1.5,13,83.6,"1236",0,0,0,7,7,35,448,藤岡範士,栗,0,09105297,01146,00289,0813551213,河野和香子,村上欽哉,タイムパラドックス,ピアローズ,ジェニュイン,鹿毛,090424,  278.3,  ,    ,54.1
13,11,16,5,京都,5,12,1000万下,43,芝,8,1400,良,ルナフォンターナ  ,牝,4,バルザロ,55.0,14,14,5,5,0,0.4,2,82.5,"1225",0,0,0,4,4,34.1,466,池江泰寿,栗,99,09102666,05504,01071,0813551214,H.H.シェイク・モハ,ダーレー・ジャパン,アドマイヤムーン,ファーザ,"Mr. Prospector",栗毛,090422,    4.7,  ,    ,56.5
13,11,17,5,京都,6,01,未勝利*,7,ダ,1,1400,稍,ベルリネッタ      ,牡,2,戸崎圭太,55.0,14,01,10,10,0,1.6,9,86.9,"1269",0,0,0,8,8,38.3,450,田中章博,栗,0,11106427,05386,00413,0813560101,大久保和夫,八木農場,マツリダゴッホ,エミネントプリティ,アンバーシヤダイ,鹿毛,110428,   53.8,  ,    ,45.2
13,11,17,5,京都,6,01,未勝利*,7,ダ,1,1400,稍,タケノペガサス    ,牝,2,岡田祥嗣,54.0,14,02,13,13,0,2.1,13,87.4,"1274",0,0,0,12,12,38.3,492,作田誠二,栗,0,11105596,05429,01006,0813560102,竹原孝昭,絵笛牧場,サウスヴィグラス,マイネマニフィーク,アドマイヤベガ,鹿毛,110531,  270.8,  ,    ,46.1
13,11,17,5,京都,6,01,未勝利*,7,ダ,1,1400,稍,シゲルイヨ        ,牡,2,藤岡康太,55.0,14,03,9,9,0,1.2,10,86.5,"1265",0,0,0,1,1,38.7,530,牧田和弥,栗,0,11101848,01116,01123,0813560103,森中蕃,鹿嶋牧場,マイネルセレクト,リバービックワン,サンシャインフォーエヴァー,黒鹿,110310,   71.6,  ,    ,42.6
13,11,17,5,京都,6,01,未勝利*,7,ダ,1,1400,稍,ハタノデバット    ,牡,2,横山典弘,55.0,14,04,8,8,0,1,5,86.3,"1263",0,0,0,13,12,36.9,478,昆貢,栗,0,11110006,00660,01044,0813560104,グッドラック・ファ,"SF Bloodstock LLC","U S Ranger","Woodman's Dancer",Woodman,鹿毛,110508,   15.3,  ,    ,50.4
13,11,17,5,京都,6,01,未勝利*,7,ダ,1,1400,稍,コスモグラフィティ,牡,2,ムーア,55.0,14,05,2,2,0,0.1,2,85.4,"1254",0,0,0,4,3,37.3,502,宮徹,栗,200,11110014,05366,01018,0813560105,ビッグレッドファー,"Josham Farms Limit","Old Fashioned","Dixie Talking","Dixieland Band",鹿毛,110318,    7.0,  ,    ,46.7
13,11,17,5,京都,6,01,未勝利*,7,ダ,1,1400,稍,エイユーバーチョ  ,牝,2,和田翼,51.0,14,06,14,14,0,2.2,14,87.5,"1275",0,0,0,8,10,38.9,428,目野哲也,栗,0,11101365,01146,00387,0813560106,笹部和子,土田和男,タイキシャトル,ウェディングタイム,ブライアンズタイム,黒鹿,110325,  392.1,  ,    ,43.7
13,11,17,5,京都,6,01,未勝利*,7,ダ,1,1400,稍,モズノハナミチ    ,牡,2,小牧太,55.0,14,07,11,11,0,1.8,11,87.1,"1271",0,0,0,8,11,38.3,470,中尾秀正,栗,0,11105842,00894,01069,0813560107,キャピタル・システ,谷川牧場,アドマイヤジャパン,グランプリチェリー,キングカメハメハ,鹿毛,110423,  168.7,  ,    ,45.6
13,11,17,5,京都,6,01,未勝利*,7,ダ,1,1400,稍,トータルヒート    ,牝,2,浜中俊,54.0,14,08,5,5,0,0.3,7,85.6,"1256",0,0,0,6,6,37.2,442,平田修,栗,50,11110003,01115,01082,0813560108,キャロットファーム,"Shadai Corporation","Street Cry","Lethal Heat","Unusual Heat",栗毛,110414,   18.1,  ,    ,47.6
13,11,17,5,京都,6,01,未勝利*,7,ダ,1,1400,稍,ダテノハクトラ    ,牡,2,幸英明,55.0,14,09,4,4,0,0.3,4,85.6,"1256",0,0,0,6,6,37.2,478,岡田稲男,栗,75,11103129,00732,01066,0813560109,河内孝夫,桑田牧場,クロフネ,ゴールデンページ,サンデーサイレンス,芦毛,110419,   11.9,  ,    ,47.6
13,11,17,5,京都,6,01,未勝利*,7,ダ,1,1400,稍,エイシンソルティー,牝,2,川田将雅,54.0,14,10,7,7,0,1,3,86.3,"1263",0,0,0,3,3,38.2,470,西園正都,栗,0,11110049,01088,01028,0813560110,栄進堂,"Redmon Farm LLC",Tapit,Eightyfivebroadst,"Unbridled's Song",芦毛,110124,    8.8,  ,    ,44.4
13,11,17,5,京都,6,01,未勝利*,7,ダ,1,1400,稍,メイショウバローダ,牝,2,武幸四郎,54.0,14,11,12,12,0,1.9,12,87.2,"1272",0,0,0,13,12,37.8,484,安達昭夫,栗,0,11105805,01026,01042,0813560111,松本好雄,太陽牧場,スタチューオブリバティ,ナリタシャルマン,サンデーサイレンス,鹿毛,110407,  247.4,  ,    ,48.0
13,11,17,5,京都,6,01,未勝利*,7,ダ,1,1400,稍,ブラボーランサー  ,牡,2,高倉稜,55.0,14,12,1,1,0,-0.1,8,85.3,"1253",0,0,0,2,2,37.4,516,梅田康雄,栗,500,11101667,01130,00131,0813560112,田畑富子,井高牧場,シニスターミニスター,カサパサー,エルコンドルパサー,鹿毛,110303,   53.4,  ,    ,46.1
13,11,17,5,京都,6,01,未勝利*,7,ダ,1,1400,稍,フジノゴールド    ,牡,2,和田竜二,55.0,14,13,6,6,0,0.9,6,86.2,"1262",0,0,0,8,8,37.6,486,川村禎彦,栗,0,11101134,01018,01003,0813560113,藤井五三,坂東牧場,フジキセキ,ホワイトトルネード,Warning,栗毛,110329,   16.4,  ,    ,46.9
13,11,17,5,京都,6,01,未勝利*,7,ダ,1,1400,稍,ゼアミ            ,牡,2,ビュイッ,55.0,14,14,3,3,0,0.1,1,85.4,"1254",0,0,0,4,3,37.2,532,音無秀孝,栗,130,11110089,05495,01002,0813560114,シルクレーシング,"Barnett Stables LL",Zensational,"Turtle Creek Babe","Grand Slam",芦毛,110327,    1.5,  ,    ,47.2
13,11,17,5,京都,6,02,未勝利*,7,芝,0,1200,良,ローゼルキュート  ,牝,2,藤岡康太,54.0,16,01,8,8,0,0.8,9,70.1,"1101",0,0,0,3,3,35.4,468,小原伊佐,栗,0,11100932,01116,00337,0813560201,村上稔,松平牧場,ファスリエフ,セイヴィングス,サクラバクシンオー,鹿毛,110409,   63.6,  ,    ,48.0
13,11,17,5,京都,6,02,未勝利*,7,芝,0,1200,良,ファーマフレア    ,牝,2,森一馬,51.0,16,02,9,9,0,0.9,12,70.2,"1102",0,0,0,7,8,34.9,388,日吉正和,栗,0,11101331,01139,01122,0813560202,中西功,タガミファーム,スウェプトオーヴァーボード,スウェリングドラマ,バブルガムフェロー,芦毛,110319,  133.7,  ,    ,51.1
13,11,17,5,京都,6,02,未勝利*,7,芝,0,1200,良,ヘップバーン      ,牝,2,上村洋行,54.0,16,03,14,14,0,1.7,14,71,"1110",0,0,0,16,16,34.8,482,谷原義明,美,0,11102822,00709,00402,0813560203,平岡茂樹,平岡牧場,アサクサデンエン,エレガンス,ロドリゴデトリアーノ,栗毛,110323,  284.1,  ,    ,54.0
13,11,17,5,京都,6,02,未勝利*,7,芝,0,1200,良,シゲルカワチ      ,牝,2,国分優作,54.0,16,04,10,10,0,1.1,2,70.4,"1104",0,0,0,1,1,36.3,460,服部利之,栗,0,11101181,01125,01040,0813560204,森中蕃,乾皆雄,ダイワメジャー,フェアバンクス,Bering,栗毛,110406,    5.2,  ,    ,43.9
13,11,17,5,京都,6,02,未勝利*,7,芝,0,1200,良,クリノオー        ,牡,2,和田竜二,55.0,16,05,13,13,0,1.3,13,70.6,"1106",0,0,0,14,14,34.7,418,谷潔,栗,0,11105771,01018,00431,0813560205,栗本守,笹地牧場,オペラハウス,プリンセスヴェール,アグネスタキオン,栗毛,110423,  176.2,  ,    ,53.5
13,11,17,5,京都,6,02,未勝利*,7,芝,0,1200,良,スズカルーブル    ,牡,2,幸英明,55.0,16,06,7,7,0,0.8,10,70.1,"1101",0,0,0,11,11,34.6,474,大橋勇樹,栗,0,11103193,00732,01065,0813560206,永井啓弍,小島牧場,スズカマンボ,スズカルビー,キングヘイロー,鹿毛,110519,   86.2,  ,    ,52.6
13,11,17,5,京都,6,02,未勝利*,7,芝,0,1200,良,カシノチャンプ    ,牝,2,秋山真一,54.0,16,07,12,12,0,1.3,11,70.6,"1106",0,0,0,12,12,35,450,境直行,栗,0,11106062,01019,00346,0813560207,柏木務,三枝牧場,タイキシャトル,チャンジイ,"El Gran Senor",鹿毛,110402,  118.4,  ,    ,51.7
13,11,17,5,京都,6,02,未勝利*,7,芝,0,1200,良,サカイヤデモズ    ,牡,2,福永祐一,55.0,16,08,6,6,0,0.7,7,70,"1100",0,0,0,5,5,35,468,森秀行,栗,0,11100857,01014,00427,0813560208,北側雅司,碧雲牧場,アドマイヤジャパン,プレインエンジェル,トニービン,栗毛,110506,   12.5,  ,    ,50.0
13,11,17,5,京都,6,02,未勝利*,7,芝,0,1200,良,クリノアルタミラ  ,牝,2,和田翼,51.0,16,09,15,15,0,1.9,16,71.2,"1112",0,0,0,14,14,35.3,410,本間忍,美,0,11103676,01146,01056,0813560209,栗本博晴,社台コーポレーショ,リンカーン,マキシムドリーム,リアルシヤダイ,鹿毛,110205,  493.4,  ,    ,51.7
13,11,17,5,京都,6,02,未勝利*,7,芝,0,1200,良,ハッピーロングラン,牝,2,浜中俊,54.0,16,10,2,2,0,0.3,1,69.6,"1096",0,0,0,6,5,34.5,416,安田隆行,栗,200,11103990,01115,00438,0813560210,馬場幸夫,ノーザンファーム,ネオユニヴァース,ハッピーラン,フレンチデピュティ,鹿毛,110401,    3.4,  ,    ,51.7
13,11,17,5,京都,6,02,未勝利*,7,芝,0,1200,良,タガノウォーリア  ,牡,2,横山典弘,55.0,16,11,3,3,0,0.5,6,69.8,"1098",0,0,0,4,4,34.9,434,本田優,栗,130,11105443,00660,01099,0813560211,八木良司,八木牧場,アルデバラン2,タガノシャルマン,トニービン,栗毛,110121,   11.3,  ,    ,50.0
13,11,17,5,京都,6,02,未勝利*,7,芝,0,1200,良,ミサキジュエル    ,牝,2,ルメール,54.0,16,12,5,5,0,0.6,5,69.9,"1099",0,0,0,9,9,34.5,438,牧田和弥,栗,50,11106557,05339,01123,0813560212,久保佳和,アイオイファーム,ネオユニヴァース,ヤマノトウショウ,トウシヨウボーイ,鹿毛,110510,    7.0,  ,    ,52.6
13,11,17,5,京都,6,02,未勝利*,7,芝,0,1200,良,レムミラス        ,牝,2,岩田康誠,54.0,16,13,1,1,0,-0.3,3,69.3,"1093",0,0,0,7,7,34.1,442,高橋義忠,栗,500,11105837,05203,01129,0813560213,ダイリン,谷川牧場,キングヘイロー,エルベレス,ダンスインザダーク,鹿毛,110311,    5.4,  ,    ,53.2
13,11,17,5,京都,6,02,未勝利*,7,芝,0,1200,良,アイノデンドウシ  ,牡,2,ムーア,55.0,16,14,4,4,0,0.5,4,69.8,"1098",0,0,0,12,12,34.2,398,須貝尚介,栗,75,11104345,05366,01105,0813560214,國分純,社台ファーム,タニノギムレット,ハッピームード,フジキセキ,鹿毛,110330,    6.1,  ,    ,54.1
13,11,17,5,京都,6,02,未勝利*,7,芝,0,1200,良,ミラクルアイドル  ,牝,2,高倉稜,54.0,16,15,11,11,0,1.1,8,70.4,"1104",0,0,0,2,2,36.3,446,菊川正達,美,0,11106070,01130,01052,0813560215,玉腰勇吉,三嶋牧場,オレハマッテルゼ,エクスエトワール,ホークアタック,黒鹿,110220,   19.4,  ,    ,43.9
13,11,17,5,京都,6,02,未勝利*,7,芝,0,1200,良,ラブセレクター    ,牝,2,石橋脩,54.0,16,16,16,16,0,2.3,15,71.6,"1116",0,0,0,9,9,36.2,422,中村均,栗,0,11100992,01077,00261,0813560216,増田陽一,門別牧場,マイネルセレクト,マイネリーリオ,フジキセキ,黒鹿,110424,  340.9,  ,    ,47.8
13,11,17,5,京都,6,03,未勝利*,7,ダ,1,1800,稍,ランガージュ      ,牡,2,福永祐一,55.0,16,01,10,10,0,1,9,115.4,"1554",0,9,9,8,8,39,484,高橋亮,栗,0,11103573,01014,01136,0813560301,窪田康志,社台コーポレーショ,ゴールドアリュール,エクリチュール,テイエムオペラオー,鹿毛,110116,   31.4,  ,    ,47.9
13,11,17,5,京都,6,03,未勝利*,7,ダ,1,1800,稍,オウショウ        ,牡,2,高倉稜,55.0,16,02,14,14,0,2.2,10,116.6,"1566",0,6,7,11,14,39.6,452,西園正都,栗,0,11101694,01130,01028,0813560302,西川賢,ウエスタンファーム,ブライアンズタイム,ウエスタンベガ,アドマイヤベガ,鹿毛,110302,   33.2,  ,    ,47.2
13,11,17,5,京都,6,03,未勝利*,7,ダ,1,1800,稍,ウォルフラム      ,牡,2,ルメール,55.0,16,03,7,7,0,0.7,6,115.1,"1551",0,6,6,5,4,39.1,502,高野友和,栗,0,11103948,05339,01117,0813560303,キャロットファーム,ノーザンファーム,クロフネ,タンザナイト,サンデーサイレンス,芦毛,110504,   15.6,  ,    ,47.2
13,11,17,5,京都,6,03,未勝利*,7,ダ,1,1800,稍,ディープオセロ    ,牝,2,岡田祥嗣,54.0,16,04,11,11,0,1,15,115.4,"1554",0,13,12,13,12,38.4,468,五十嵐忠,栗,0,11105309,05429,00422,0813560304,深見敏男,松浦牧場,ディープスカイ,デビルインマインド,ダンスインザダーク,栗毛,110523,  287.5,  ,    ,50.3
13,11,17,5,京都,6,03,未勝利*,7,ダ,1,1800,稍,ジョウイチロウ    ,牡,2,秋山真一,55.0,16,05,12,12,0,1.3,8,115.7,"1557",0,9,11,10,10,39,520,西橋豊治,栗,0,11103149,01019,00434,0813560305,泉一郎,高昭牧場,スタチューオブリバティ,スラボン,フレンチデピュティ,鹿毛,110129,   26.2,  ,    ,48.3
13,11,17,5,京都,6,03,未勝利*,7,ダ,1,1800,稍,ファイヤーロック  ,牡,2,ムーア,55.0,16,06,1,1,0,0,1,114.4,"1544",0,8,8,7,7,38.2,468,村山明,栗,500,11103965,05366,01107,0813560306,金子真人ホールディ,ノーザンファーム,キングカメハメハ,ディアマンブルー,サンデーサイレンス,黒鹿,110507,    2.9,  ,    ,49.7
13,11,17,5,京都,6,03,未勝利*,7,ダ,1,1800,稍,プレスリー        ,牡,2,国分優作,55.0,16,07,15,15,0,4.5,16,118.9,"1589",0,15,15,15,15,39.4,478,梅田康雄,栗,0,11106181,01125,00131,0813560307,田畑富子,山口義彦,メイショウボーラー,リヒター,フォーティナイナー,黒鹿,110331,  398.8,  ,    ,50.9
13,11,17,5,京都,6,03,未勝利*,7,ダ,1,1800,稍,メイショウゼロセン,牡,2,武豊,55.0,16,08,13,13,0,1.5,3,115.9,"1559",0,1,1,1,1,40.3,490,松永昌博,栗,0,11106077,00666,01083,0813560308,松本好雄,三嶋牧場,スペシャルウィーク,ステイトリースター,"Deputy Minister",黒鹿,110409,    6.1,  ,    ,43.8
13,11,17,5,京都,6,03,未勝利*,7,ダ,1,1800,稍,オウケンゴールド  ,牡,2,戸崎圭太,55.0,16,09,0,0,4,999.9,11,0,"----",0,0,0,0,0,0,478,音無秀孝,栗,0,11105548,05386,01002,0813560309,福井明,浦河小林牧場,ワイルドラッシュ,ワイエムサチ,タバスコキャット,栃栗,110325,   92.8,  ,    , 0.0
13,11,17,5,京都,6,03,未勝利*,7,ダ,1,1800,稍,クラウンデピュティ,牡,2,和田竜二,55.0,16,10,8,8,0,0.8,7,115.2,"1552",0,12,12,11,8,38.3,484,日吉正和,栗,0,11102100,01018,01122,0813560310,矢野恭裕,高橋修,クロフネ,オートサンデー,サンデーサイレンス,芦毛,110319,   25.2,  ,    ,50.4
13,11,17,5,京都,6,03,未勝利*,7,ダ,1,1800,稍,テーオーイージス  ,牡,2,藤岡康太,55.0,16,11,3,3,0,0.2,4,114.6,"1546",0,4,3,2,2,38.9,484,梅田智之,栗,130,11106568,01116,01084,0813560311,小笹公也,ヤナガワ牧場,ゴールドアリュール,ライヴリーデイズ,ブライアンズタイム,黒鹿,110302,    7.6,  ,    ,47.3
13,11,17,5,京都,6,03,未勝利*,7,ダ,1,1800,稍,セントコロナ      ,牡,2,小牧太,55.0,16,12,5,5,0,0.5,5,114.9,"1549",0,4,5,3,2,39.2,500,矢作芳人,栗,50,11103806,00894,01075,0813560312,キャロットファーム,ノーザンファーム,ハーツクライ,エンプレスティアラ,クロフネ,栗毛,110322,   10.2,  ,    ,46.6
13,11,17,5,京都,6,03,未勝利*,7,ダ,1,1800,稍,ボールドジャパン  ,牡,2,Ｍ．デム,55.0,16,13,6,6,0,0.7,2,115.1,"1551",0,9,9,5,4,39,500,中村均,栗,0,11104859,05212,00261,0813560313,増田陽一,武田修一,アドマイヤジャパン,ラブミラー,ミラクルアドマイヤ,鹿毛,110414,    3.6,  ,    ,47.6
13,11,17,5,京都,6,03,未勝利*,7,ダ,1,1800,稍,ハナズリベンジ    ,牝,2,幸英明,54.0,16,14,2,2,0,0,12,114.4,"1544",0,14,14,14,13,37.1,482,牧田和弥,栗,200,11104628,00732,01123,0813560314,M.タバート,カミイスタット,ハーツクライ,トロピカルフラワー,サクラバクシンオー,黒鹿,110330,  109.3,  ,    ,54.2
13,11,17,5,京都,6,03,未勝利*,7,ダ,1,1800,稍,マミーテイラー    ,牝,2,森一馬,51.0,16,15,9,9,0,0.9,13,115.3,"1553",0,3,3,9,10,38.7,490,須貝尚介,栗,0,11103911,01139,01105,0813560315,キャロットファーム,ノーザンファーム,ゼンノロブロイ,ジンジャーパンチ,"Awesome Again",鹿毛,110427,  141.3,  ,    ,49.0
13,11,17,5,京都,6,03,未勝利*,7,ダ,1,1800,稍,マッサローザ      ,牝,2,和田翼,51.0,16,16,4,4,0,0.4,14,114.8,"1548",0,2,2,4,4,39,422,森秀行,栗,75,11103002,01146,00427,0813560316,赤沼秀典,富田恭司,ワイルドラッシュ,デュプレ,Singspiel,青鹿,110404,  152.2,  ,    ,47.2
13,11,17,5,京都,6,04,未勝利*,7,芝,0,1600,良,ヤマニンルポ      ,牡,2,Ｍ．デム,55.0,18,01,11,11,0,1.5,11,96.8,"1368",0,0,0,11,10,35,482,浅見秀一,栗,0,11105058,05212,00411,0813560401,土井肇,錦岡牧場,スペシャルウィーク,ヤマニンシュクル,トウカイテイオー,鹿毛,110429,   69.7,  ,    ,55.9
13,11,17,5,京都,6,04,未勝利*,7,芝,0,1600,良,スズカグランデ    ,牡,2,戸崎圭太,55.0,18,02,6,6,0,0.8,4,96.1,"1361",0,0,0,12,10,34.3,456,橋田満,栗,0,11101041,05386,00362,0813560402,永井啓弍,稲原牧場,キングカメハメハ,スズカグレイス,サンデーサイレンス,栗毛,110426,   10.3,  ,    ,58.1
13,11,17,5,京都,6,04,未勝利*,7,芝,0,1600,良,ウォーターヴォイス,牝,2,佐久間寛,54.0,18,03,17,17,0,1.9,9,97.2,"1372",0,0,0,15,13,35.1,440,鹿戸明,栗,0,11106177,01080,00368,0813560403,山岡良一,本巣牧場,ブラックタイド,ウォーターリライ,ローズリーフ2,鹿毛,110417,   31.0,  ,    ,56.2
13,11,17,5,京都,6,04,未勝利*,7,芝,0,1600,良,フランキーバローズ,牡,2,バルザロ,55.0,18,04,8,8,0,1.4,6,96.7,"1367",0,0,0,12,13,34.7,538,清水久詞,栗,0,11102095,05504,01110,0813560404,猪熊広次,タイヘイ牧場,マンハッタンカフェ,ルンバブギー,"Rainbow Quest",鹿毛,110217,   12.1,  ,    ,57.2
13,11,17,5,京都,6,04,未勝利*,7,芝,0,1600,良,トミケンパシエンテ,牡,2,幸英明,55.0,18,05,13,13,0,1.7,13,97,"1370",0,0,0,16,18,34.8,472,西浦勝一,栗,0,11100616,00732,01016,0813560405,冨樫賢二,千葉飯田牧場,ニューイングランド,クリスティナリッチ,オペラハウス,栗毛,110305,  101.1,  ,    ,57.2
13,11,17,5,京都,6,04,未勝利*,7,芝,0,1600,良,ジューンヴィエナ  ,牝,2,水口優也,54.0,18,06,16,16,0,1.9,17,97.2,"1372",0,0,0,16,16,35,438,小原伊佐,栗,0,11102376,01133,00337,0813560406,吉川潤,西村和夫,カンパニー,ゴルトクローネ,ラムタラ,鹿毛,110215,  438.3,  ,    ,56.6
13,11,17,5,京都,6,04,未勝利*,7,芝,0,1600,良,ミンディ          ,牝,2,和田竜二,54.0,18,07,10,10,0,1.4,15,96.7,"1367",0,0,0,6,6,35.4,440,吉田直弘,栗,0,11106323,01018,01101,0813560407,小林秀樹,日優牧場,クロフネ,ジェニーソング,Rahy,芦毛,110518,  164.4,  ,    ,53.9
13,11,17,5,京都,6,04,未勝利*,7,芝,0,1600,良,タガノトラベラー  ,牝,2,蛯名正義,54.0,18,08,7,7,0,1.1,8,96.4,"1364",0,0,0,6,6,35.1,436,鈴木孝志,栗,0,11105026,00663,01111,0813560408,八木良司,新冠タガノファーム,タガノゲルニカ,リバレンスハーバー,ボストンハーバー,鹿毛,110329,   28.0,  ,    ,54.8
13,11,17,5,京都,6,04,未勝利*,7,芝,0,1600,良,ニホンピロディール,牝,2,横山典弘,54.0,18,09,5,5,0,0.5,7,95.8,"1358",0,0,0,4,4,34.8,446,大橋勇樹,栗,50,11102492,00660,01065,0813560409,小林百太郎,福岡清,サイレントディール,ニホンピロブリュレ,ミシル,栗毛,110407,   13.9,  ,    ,55.2
13,11,17,5,京都,6,04,未勝利*,7,芝,0,1600,良,メイショウビザン  ,牝,2,岩田康誠,54.0,18,10,4,4,0,0.3,3,95.6,"1356",0,0,0,9,8,34.1,486,荒川義之,栗,75,11106080,05203,01095,0813560410,松本好雄,三嶋牧場,ダイワメジャー,ダンシングブルーム,コマンダーインチーフ,栗毛,110327,    4.6,  ,    ,58.2
13,11,17,5,京都,6,04,未勝利*,7,芝,0,1600,良,ステファノス      ,牡,2,浜中俊,55.0,18,11,2,2,0,0,2,95.3,"1353",0,0,0,4,4,34.3,488,藤原英昭,栗,200,11103854,01115,01055,0813560411,キャロットファーム,ノーザンファーム,ディープインパクト,ココシュニック,クロフネ,鹿毛,110213,    3.8,  ,    ,56.7
13,11,17,5,京都,6,04,未勝利*,7,芝,0,1600,良,ルファルシオン    ,牡,2,福永祐一,55.0,18,12,1,1,0,0,5,95.3,"1353",0,0,0,1,1,34.7,506,松田国英,栗,500,11104273,01014,01011,0813560412,グリーンファーム,社台ファーム,チチカステナンゴ,ステラマリス,サンデーサイレンス,芦毛,110305,   11.1,  ,    ,54.8
13,11,17,5,京都,6,04,未勝利*,7,芝,0,1600,良,ラヴクレージー    ,牝,2,秋山真一,54.0,18,13,15,15,0,1.9,12,97.2,"1372",0,0,0,8,9,35.7,462,吉村圭司,栗,0,11105921,01019,01130,0813560413,橋元勇氣,富田牧場,ゼンノロブロイ,ゴーンクレージー,"Gone West",青鹿,110215,   76.1,  ,    ,53.4
13,11,17,5,京都,6,04,未勝利*,7,芝,0,1600,良,シゲルシモツケ    ,牡,2,国分優作,55.0,18,14,14,14,0,1.8,18,97.1,"1371",0,0,0,12,13,35.1,468,日吉正和,栗,0,11103158,01125,01122,0813560414,森中蕃,高昭牧場,ジャイアントレッカー,ディアハニー,タイキシャトル,鹿毛,110326,  439.5,  ,    ,56.0
13,11,17,5,京都,6,04,未勝利*,7,芝,0,1600,良,ブランネージュ    ,牝,2,藤岡康太,54.0,18,15,3,3,0,0.2,1,95.5,"1355",0,0,0,2,2,34.8,458,藤岡健一,栗,130,11103510,01116,01062,0813560415,社台レースホース,追分ファーム,シンボリクリスエス,シナノネージュ,フレンチデピュティ,鹿毛,110125,    3.7,  ,    ,54.7
13,11,17,5,京都,6,04,未勝利*,7,芝,0,1600,良,ダイシンウィン    ,牡,2,ルメール,55.0,18,16,9,9,0,1.4,14,96.7,"1367",0,0,0,9,10,35,492,庄野靖志,栗,0,11101957,05339,01087,0813560416,大八木信行,グランド牧場,クロフネ,マンボカーニバル,Kingmambo,鹿毛,110414,  106.7,  ,    ,55.8
13,11,17,5,京都,6,04,未勝利*,7,芝,0,1600,良,スリーマキシマム  ,牡,2,ムーア,55.0,18,17,12,12,0,1.6,10,96.9,"1369",0,0,0,16,16,34.7,468,武宏平,栗,0,11102115,05366,00221,0813560417,永井商事,武牧場,スズカマンボ,スリーローマン,ブライアンズタイム,鹿毛,110211,   32.9,  ,    ,57.6
13,11,17,5,京都,6,04,未勝利*,7,芝,0,1600,良,ウォーターブギウギ,牡,2,武幸四郎,55.0,18,18,18,18,0,2.1,16,97.4,"1374",0,0,0,2,2,36.6,470,田所秀孝,栗,0,11103363,01026,01009,0813560418,山岡正人,伏木田牧場,ダンスインザダーク,ウォーターゾラ,"High Yield",栗毛,110402,  182.7,  ,    ,49.7
13,11,17,5,京都,6,05,新馬,15,芝,8,1800,良,サンライズジャパン,牡,2,秋山真一,55.0,12,01,12,12,0,3.6,8,115.5,"1555",0,0,0,11,12,37.2,496,音無秀孝,栗,0,11105536,01019,01002,0813560501,松岡隆雄,浦河小林牧場,ステイゴールド,ソルトレイクブルー,デインヒル,鹿毛,110420,   41.9,  ,    ,55.2
13,11,17,5,京都,6,05,新馬,15,芝,8,1800,良,ウインバレリーナ  ,牝,2,和田竜二,54.0,12,02,7,7,0,0.9,11,112.8,"1528",0,0,0,7,7,34.6,412,宮本博,栗,0,11105194,01018,01073,0813560502,ウイン,ビッグレッドファー,コンデュイット,コスモダンスナイト,ダンスインザダーク,鹿毛,110325,  169.8,  ,    ,63.0
13,11,17,5,京都,6,05,新馬,15,芝,8,1800,良,ベルフィオーレ    ,牝,2,福永祐一,54.0,12,03,5,5,0,0.3,3,112.2,"1522",0,0,0,3,4,34.2,422,藤原英昭,栗,70,11103461,01014,01055,0813560503,ロードホースクラブ,ケイアイファーム,ディープインパクト,ワンフォーローズ,"Tejano Run",黒鹿,110518,    6.0,  ,    ,64.0
13,11,17,5,京都,6,05,新馬,15,芝,8,1800,良,スカイゴールド    ,牡,2,ムーア,55.0,12,04,8,8,0,1.1,6,113,"1530",0,0,0,3,4,35,466,野中賢二,栗,0,11103091,05366,01098,0813560504,橋元勇氣,笠松牧場,ディープスカイ,ゴールドレリック,Kingmambo,栗毛,110129,   28.8,  ,    ,61.4
13,11,17,5,京都,6,05,新馬,15,芝,8,1800,良,カフジスター      ,牡,2,幸英明,55.0,12,05,6,6,0,0.4,9,112.3,"1523",0,0,0,2,2,34.6,458,湯窪幸雄,栗,0,11109127,00732,01057,0813560505,加藤守,シンボリ牧場,ネオユニヴァース,ムレイニー,"Star de Naskra",青鹿,110504,  114.9,  ,    ,62.3
13,11,17,5,京都,6,05,新馬,15,芝,8,1800,良,マイネリベルタス  ,牝,2,松岡正海,54.0,12,06,10,10,0,1.8,12,113.7,"1537",0,0,0,7,9,35.5,418,宮本博,栗,0,11105180,01085,01073,0813560506,サラブレッドクラブ,ビッグレッドファー,コンデュイット,エアリバティー,トニービン,鹿毛,110609,  173.0,  ,    ,60.1
13,11,17,5,京都,6,05,新馬,15,芝,8,1800,良,キーストライプ    ,牡,2,藤岡康太,55.0,12,07,11,11,0,2,5,113.9,"1539",0,0,0,7,10,35.8,468,宮徹,栗,0,11104835,01116,01018,0813560507,北前孔一郎,高瀬敦,フサイチコンコルド,キーステージ,ジェニュイン,黒鹿,110410,   18.6,  ,    ,59.1
13,11,17,5,京都,6,05,新馬,15,芝,8,1800,良,メイショウファルコ,牡,2,武幸四郎,55.0,12,08,9,9,0,1.5,10,113.4,"1534",0,0,0,12,10,35.1,472,安達昭夫,栗,0,11105738,01026,01042,0813560508,松本好隆,近藤牧場,トーセンダンス,メイショウグレイス,グラスワンダー,黒鹿,110523,  137.5,  ,    ,61.5
13,11,17,5,京都,6,05,新馬,15,芝,8,1800,良,ショウナンアトラス,牡,2,浜中俊,55.0,12,09,4,4,0,0.3,4,112.2,"1522",0,0,0,10,4,34.4,500,梅田智之,栗,110,11103659,01115,01084,0813560509,国本哲秀,社台コーポレーショ,ディープインパクト,ブラッシングブライド,"Distant Relative",鹿毛,110412,    8.6,  ,    ,63.1
13,11,17,5,京都,6,05,新馬,15,芝,8,1800,良,ワールドインパクト,牡,2,岩田康誠,55.0,12,10,2,2,0,0.2,1,112.1,"1521",0,0,0,3,3,34.3,506,友道康夫,栗,280,11104051,05203,01061,0813560510,シルクレーシング,ノーザンファーム,ディープインパクト,ペンカナプリンセス,Pivotal,鹿毛,110405,    1.7,  ,    ,63.4
13,11,17,5,京都,6,05,新馬,15,芝,8,1800,良,アグネスミニッツ  ,牡,2,武豊,55.0,12,11,3,3,0,0.2,2,112.1,"1521",0,0,0,6,7,34.2,490,河内洋,栗,180,11104148,00666,01072,0813560511,上山牧,社台ファーム,グラスワンダー,アグネスマジカル,アグネスタキオン,栗毛,110519,    4.5,  ,    ,63.9
13,11,17,5,京都,6,05,新馬,15,芝,8,1800,良,スリーカラーナンゴ,牡,2,国分優作,55.0,12,12,1,1,0,-0.2,7,111.9,"1519",0,0,0,1,1,34.2,452,坪憲章,栗,700,11101922,01125,00361,0813560512,永井商事,グランド牧場,チチカステナンゴ,スズカカラーズ,サンデーサイレンス,鹿毛,110309,   34.6,  ,    ,63.6
13,11,17,5,京都,6,06,新馬,15,ダ,1,1800,稍,エクストラゴールド,牡,2,Ｍ．デム,55.0,9,01,3,3,0,0.3,6,114.2,"1542",0,7,6,2,2,37.1,502,千田輝彦,栗,180,11103479,05212,01120,0813560601,前原敏行,チャンピオンズファ,ゴールドアリュール,キングスミール,Theatrical,栗毛,110427,   12.9,  ,    ,53.9
13,11,17,5,京都,6,06,新馬,15,ダ,1,1800,稍,ヒシエギーユ      ,牡,2,川田将雅,55.0,9,02,0,0,3,999.9,0,0,"----",0,0,0,0,0,0,496,河内洋,栗,0,11103299,01088,01072,0813560602,阿部雅英,中村雅明,キングカメハメハ,ヒシピナクル,Theatrical,黒鹿,110325,    0.0,  ,    , 0.0
13,11,17,5,京都,6,06,新馬,15,ダ,1,1800,稍,バイザスターン    ,牡,2,福永祐一,55.0,9,03,4,4,0,0.4,3,114.3,"1543",0,1,1,3,3,37,476,浅見秀一,栗,110,11104349,01014,00411,0813560603,社台レースホース,社台ファーム,ネオユニヴァース,バイザスポーツ,"Devil's Bag",鹿毛,110315,    6.4,  ,    ,54.5
13,11,17,5,京都,6,06,新馬,15,ダ,1,1800,稍,アンファミーユ    ,牝,2,武豊,54.0,9,04,7,7,0,6.3,2,120.2,"2002",0,5,8,8,8,40.5,500,角田晃一,栗,0,11110026,00666,01121,0813560604,寺田寿男,"Diamond A Racing C","Medaglia d'Oro","Copper State","Jump Start",黒鹿,110124,    5.1,  ,    ,48.4
13,11,17,5,京都,6,06,新馬,15,ダ,1,1800,稍,アスタースカイ    ,牡,2,和田竜二,55.0,9,05,6,6,0,4.6,5,118.5,"1585",0,2,2,3,5,41,514,南井克巳,栗,0,11106433,01018,01049,0813560605,加藤久枝,オリエント牧場,ディープスカイ,シルクファビュラス,"Devil's Bag",栗毛,110219,    8.5,  ,    ,44.5
13,11,17,5,京都,6,06,新馬,15,ダ,1,1800,稍,メイショウサンキチ,牡,2,武幸四郎,55.0,9,06,8,8,0,9.4,8,123.3,"2033",0,3,3,6,7,45.3,532,安達昭夫,栗,0,11100720,01026,01042,0813560606,松本好雄,日西牧場,フレンチデピュティ,メイショウオスカル,フジキセキ,栗毛,110414,   47.3,  ,    ,36.1
13,11,17,5,京都,6,06,新馬,15,ダ,1,1800,稍,アドミッション    ,牡,2,浜中俊,55.0,9,07,5,5,0,2.7,7,116.6,"1566",0,7,6,5,3,39.1,544,飯田雄三,栗,70,11100478,01115,01050,0813560607,シルクレーシング,滝本健二,ホワイトマズル,ハッピーチケット,バブルガムフェロー,鹿毛,110401,   32.7,  ,    ,49.1
13,11,17,5,京都,6,06,新馬,15,ダ,1,1800,稍,ダノンバトゥーラ  ,牡,2,バルザロ,55.0,9,08,1,1,0,-0.2,1,113.9,"1539",0,3,4,1,1,36.9,476,角居勝彦,栗,700,11100329,05504,01053,0813560608,ダノックス,下河辺牧場,キングカメハメハ,グレイスティアラ,フジキセキ,黒鹿,110429,    2.0,  ,    ,54.3
13,11,17,5,京都,6,06,新馬,15,ダ,1,1800,稍,レッドロンメル    ,牡,2,岩田康誠,55.0,9,09,2,2,0,0.2,4,114.1,"1541",0,5,4,6,5,36.4,488,石坂正,栗,280,11103875,05203,01022,0813560609,東京ホースレーシン,ノーザンファーム,スペシャルウィーク,シェアザストーリー,コマンダーインチーフ,栗毛,110303,    6.9,  ,    ,56.7
13,11,17,5,京都,6,07,500万下,23,ダ,1,1400,稍,オビーディエント  ,牡,4,秋山真一,57.0,16,01,5,5,0,0.3,2,84.7,"1247",0,0,0,10,9,36.3,454,加藤敬二,栗,72,09105006,01019,00379,0813560701,ノースヒルズ,ノースヒルズマネジ,シンボリクリスエス,ウィルビーゼア,サンデーサイレンス,黒鹿,090310,    4.4,  ,    ,50.0
13,11,17,5,京都,6,07,500万下,23,ダ,1,1400,稍,エーシンブランコス,牡,4,川田将雅,57.0,16,02,2,2,0,0.1,4,84.5,"1245",0,0,0,4,5,36.4,438,高野友和,栗,290,09100253,01088,01117,0813560702,栄進堂,栄進牧場,ゴールドアリュール,マシロンガール,"With Approval",芦毛,090328,    5.6,  ,    ,49.1
13,11,17,5,京都,6,07,500万下,23,ダ,1,1400,稍,ステイウェル      ,牡,3,水口優也,56.0,16,03,3,3,0,0.1,1,84.5,"1245",0,0,0,2,2,36.6,490,佐々木晶,栗,180,10104897,01133,00429,0813560703,ヒダカ・ブリーダー,高村牧場,スウェプトオーヴァーボード,ムーンザドリーム,ダンスインザダーク,黒鹿,100402,    3.6,  ,    ,48.2
13,11,17,5,京都,6,07,500万下,23,ダ,1,1400,稍,マルカリョウマ    ,牡,4,武幸四郎,57.0,16,04,7,7,0,0.5,5,84.9,"1249",0,0,0,10,11,36.4,520,中村均,栗,0,09103590,01026,00261,0813560704,河長産業,坂本春雄,クロフネ,イサミマニッシュ,バブルガムフェロー,芦毛,090421,    8.7,  ,    ,49.9
13,11,17,5,京都,6,07,500万下,23,ダ,1,1400,稍,トゥルーピース    ,牝,3,森一馬,51.0,16,05,14,14,0,1.6,13,86,"1260",0,0,0,6,9,37.8,470,音無秀孝,栗,0,10106335,01139,01002,0813560705,小田切有一,山本通則,アドマイヤムーン,イッツマジック,ソウルオブザマター,栗毛,100303,  114.1,  ,    ,45.6
13,11,17,5,京都,6,07,500万下,23,ダ,1,1400,稍,トスカニーニ      ,牡,3,Ｍ．デム,56.0,16,06,11,11,0,1.2,10,85.6,"1256",0,0,0,16,14,36.6,452,笹田和秀,栗,0,10100151,05212,01104,0813560706,田所英子,天羽牧場,シンボリクリスエス,ギルティーコンシェンス,Entrepreneur,鹿毛,100302,   46.5,  ,    ,50.4
13,11,17,5,京都,6,07,500万下,23,ダ,1,1400,稍,タイザンホクト    ,牡,3,福永祐一,56.0,16,07,12,12,0,1.3,3,85.7,"1257",0,0,0,8,7,37.4,506,白井寿昭,栗,0,10105032,01014,00201,0813560707,日進牧場,日進牧場,スタチューオブリバティ,フィールソーナイス,アーミジャー,鹿毛,100222,    5.5,  ,    ,46.9
13,11,17,5,京都,6,07,500万下,23,ダ,1,1400,稍,ゼンノコンゴウ    ,牡,3,浜中俊,56.0,16,08,9,9,0,0.6,7,85,"1250",0,0,0,2,2,37,488,石坂正,栗,0,10106074,01115,01022,0813560708,吉田勝利,村上欽哉,ゼンノロブロイ,ジュリアビコー,ジェイドロバリー,栗毛,100404,   16.5,  ,    ,47.3
13,11,17,5,京都,6,07,500万下,23,ダ,1,1400,稍,トウショウタイド  ,牡,3,国分優作,56.0,16,09,8,8,0,0.5,15,84.9,"1249",0,0,0,14,14,36,576,坪憲章,栗,0,10103056,01125,00361,0813560709,トウショウ産業,トウショウ産業株式,プリサイスエンド,バーニントウショウ,バブルガムフェロー,鹿毛,100404,  223.6,  ,    ,51.9
13,11,17,5,京都,6,07,500万下,23,ダ,1,1400,稍,ドラグレスク      ,牡,3,横山典弘,56.0,16,10,13,13,0,1.5,11,85.9,"1259",0,0,0,1,1,38.2,526,本田優,栗,0,10100180,00660,01099,0813560710,村上憲政,荒井ファーム,キングヘイロー,アイアムトゥルー,"Yes It's True",鹿毛,100415,   52.1,  ,    ,43.7
13,11,17,5,京都,6,07,500万下,23,ダ,1,1400,稍,サトノモンスター  ,牡,5,蛯名正義,57.0,16,11,10,10,0,0.9,12,85.3,"1253",0,0,0,12,11,36.7,488,矢作芳人,栗,0,08110035,00663,01075,0813560711,里見治,"Masatake Iida","Fusaichi Pegasus","Cathy's Love","A.P. Indy",鹿毛,080301,   55.1,  ,    ,49.3
13,11,17,5,京都,6,07,500万下,23,ダ,1,1400,稍,シゲルケンシン    ,牡,6,戸崎圭太,57.0,16,12,4,4,0,0.3,6,84.7,"1247",0,0,0,14,14,36,474,沖芳夫,栗,110,07102177,05386,00378,0813560712,森中蕃,中村雅明,メイショウドトウ,シゲルアマゾネス,クロコルージュ,鹿毛,070504,   13.9,  ,    ,51.5
13,11,17,5,京都,6,07,500万下,23,ダ,1,1400,稍,ナリタマクリス    ,牡,4,幸英明,57.0,16,13,15,15,0,1.6,14,86,"1260",0,0,0,12,11,37.4,434,加藤敬二,栗,0,09105974,00732,00379,0813560713,オースミ,社台ファーム,ダイワメジャー,マクリス,グルームダンサー,栗毛,090510,  176.8,  ,    ,47.5
13,11,17,5,京都,6,07,500万下,23,ダ,1,1400,稍,ヴェントス        ,牝,3,藤岡康太,54.0,16,14,16,16,0,1.8,16,86.2,"1262",0,0,0,8,7,37.9,436,中竹和也,栗,0,10104475,01116,01039,0813560714,前田幸治,社台コーポレーショ,ウォーエンブレム,ブラッシングブライド,"Distant Relative",鹿毛,100330,  330.6,  ,    ,45.6
13,11,17,5,京都,6,07,500万下,23,ダ,1,1400,稍,シゲルシュサ      ,牝,5,和田竜二,55.0,16,15,6,6,0,0.4,8,84.8,"1248",0,0,0,4,2,36.7,446,柴田政見,栗,0,08105774,01018,00406,0813560715,森中蕃,ダーレー・ジャパン,"Henny Hughes",ディアマンティナ,"Seeking the Gold",鹿毛,080405,   26.4,  ,    ,48.3
13,11,17,5,京都,6,07,500万下,23,ダ,1,1400,稍,ミッキーヘネシー  ,牡,4,小牧太,57.0,16,16,1,1,0,-0.1,9,84.4,"1244",0,0,0,6,5,36.2,490,橋口弘次,栗,720,09104414,00894,00343,0813560716,野田みづき,秋田牧場,ハーツクライ,ストーミングヘヴン,Hennessy,栃栗,090219,   34.2,  ,    ,49.9
13,11,17,5,京都,6,08,1000万下,43,ダ,1,1800,稍,スプリングゲント  ,牡,13,白浜雄造,57.0,11,01,11,11,0,5.5,11,115.7,"1557",0,11,11,11,11,40.5,534,野村彰彦,栗,0,00100231,01035,00375,0813560801,加藤春夫,堀弘康,オペラハウス,スプリングマドンナ,ニツポーテイオー,鹿毛,000430,  207.5,  ,    ,42.8
13,11,17,5,京都,6,08,1000万下,43,ダ,1,1800,稍,フォルクスオーパー,牝,7,森一馬,52.0,11,02,8,8,0,1.8,9,112,"1520",0,9,8,9,8,38.2,488,木原一良,栗,0,06102334,01139,01033,0813560802,ヒダカ・ブリーダー,宮内牧場,テイエムオペラオー,ゴールデンハピネス,Sanglamore,栗毛,060510,  138.9,  ,    ,46.6
13,11,17,5,京都,6,08,1000万下,43,ダ,1,1800,稍,マーベラスバロン  ,牡,5,高倉稜,57.0,11,03,2,2,0,0,7,110.2,"1502",0,8,8,7,6,36.4,500,柴田政見,栗,400,08100311,01130,00406,0813560803,笹原貞生,酒井亨,マーベラスサンデー,マーベラスロマン,パラダイスクリーク,鹿毛,080217,   17.1,  ,    ,51.4
13,11,17,5,京都,6,08,1000万下,43,ダ,1,1800,稍,ツルマルスピリット,牡,6,小牧太,57.0,11,04,5,5,0,0.8,1,111,"1510",0,3,3,3,4,37.9,504,橋口弘次,栗,99,07102817,00894,00343,0813560804,鶴田鈴子,社台ファーム,シンボリクリスエス,タックスシェルター,フジキセキ,青鹿,070207,    3.1,  ,    ,46.4
13,11,17,5,京都,6,08,1000万下,43,ダ,1,1800,稍,メイショウコロンボ,牡,4,武幸四郎,57.0,11,05,3,3,0,0,2,110.2,"1502",0,1,1,1,1,37.3,490,角田晃一,栗,250,09100642,01026,01121,0813560805,松本好雄,中島俊明,マンハッタンカフェ,メイショウハーブ,エルハーブ,青毛,090319,    3.6,  ,    ,47.7
13,11,17,5,京都,6,08,1000万下,43,ダ,1,1800,稍,クリノスターオー  ,牡,3,幸英明,55.0,11,06,1,1,0,0,3,110.2,"1502",0,2,2,2,2,37.2,534,高橋義忠,栗,990,10100855,00732,01129,0813560806,栗本守,日西牧場,アドマイヤボス,マヤノスターライト,ジェイドロバリー,青毛,100511,    5.7,  ,    ,48.1
13,11,17,5,京都,6,08,1000万下,43,ダ,1,1800,稍,グレートチャールズ,牡,4,ムーア,57.0,11,07,6,6,0,1.6,4,111.8,"1518",0,5,6,5,5,38.5,516,吉田直弘,栗,0,09105635,05366,01101,0813560807,吉田和美,メジロ牧場,メジロベイリー,メジロカール,アフリート,栗毛,090328,    7.1,  ,    ,45.2
13,11,17,5,京都,6,08,1000万下,43,ダ,1,1800,稍,ワンダーアシャード,牡,4,武豊,57.0,11,08,4,4,0,0.6,5,110.8,"1508",0,5,3,3,3,37.7,528,笹田和秀,栗,150,09100973,00666,01104,0813560808,山本能成,大島牧場,アグネスフライト,ハッピーデキシー,"Chimes Band",栗毛,090409,    7.2,  ,    ,46.9
13,11,17,5,京都,6,08,1000万下,43,ダ,1,1800,稍,ニライジンク      ,牡,4,和田翼,54.0,11,09,9,9,0,2,8,112.2,"1522",0,7,7,7,7,38.5,494,池添兼雄,栗,0,09103559,01146,01021,0813560809,フォーレスト,今牧場,キングカメハメハ,トップレディスター,サンデーサイレンス,栗毛,090314,  105.0,  ,    ,45.7
13,11,17,5,京都,6,08,1000万下,43,ダ,1,1800,稍,シンケンショウブ  ,牡,5,和田竜二,57.0,11,10,7,7,0,1.7,10,111.9,"1519",0,9,10,10,10,37.7,496,田中章博,栗,0,08100273,01018,00413,0813560810,栗本博晴,グランド牧場,スズカマンボ,チアリーダー,アサティス,鹿毛,080329,  177.6,  ,    ,48.4
13,11,17,5,京都,6,08,1000万下,43,ダ,1,1800,稍,ナンヨーカノン    ,牝,3,Ｍ．デム,53.0,11,11,10,10,0,2.2,6,112.4,"1524",0,3,3,6,8,38.7,460,領家政蔵,栗,0,10104253,05212,00345,0813560811,中村徳也,ノーザンファーム,フジキセキ,ピラミマ,"Unbridled's Song",青鹿,100123,    8.9,  ,    ,45.2
13,11,17,5,京都,6,09,秋明菊賞500*,23,芝,0,1200,良,タガノブルグ      ,牡,2,川田将雅,55.0,12,01,4,4,0,0.5,5,69.5,"1095",0,0,0,7,7,33.1,444,鮫島一歩,栗,140,11105000,01088,01046,0813560901,八木秀之,新冠タガノファーム,ヨハネスブルグ,スペシャルディナー,スペシャルウィーク,鹿毛,110318,   14.5,  ,    ,60.0
13,11,17,5,京都,6,09,秋明菊賞500*,23,芝,0,1200,良,オールパーパス    ,牡,2,岩田康誠,55.0,12,02,5,5,0,0.6,1,69.6,"1096",0,0,0,3,3,34,472,中竹和也,栗,95,11105094,05203,01039,0813560902,前田晋二,ノースヒルズ,ダイワメジャー,ストラテジー,フレンチデピュティ,栗毛,110320,    1.9,  ,    ,54.7
13,11,17,5,京都,6,09,秋明菊賞500*,23,芝,0,1200,良,ニホンピロアンバー,牝,2,秋山真一,54.0,12,03,1,1,0,0,7,69,"1090",0,0,0,1,1,33.6,438,田所秀孝,栗,950,11102347,01019,01009,0813560903,小林百太郎,友田牧場,スウェプトオーヴァーボード,ニホンピロエミリー,デヒア,青鹿,110312,   23.6,  ,    ,55.4
13,11,17,5,京都,6,09,秋明菊賞500*,23,芝,0,1200,良,クリノジュロウジン,牡,2,和田竜二,55.0,12,04,10,10,0,1.9,9,70.9,"1109",0,0,0,11,11,34.1,458,川村禎彦,栗,0,11101382,01018,01003,0813560904,栗本博晴,土田陽介,タニノギムレット,タニノティアラ,サンデーサイレンス,栗毛,110507,   50.6,  ,    ,57.9
13,11,17,5,京都,6,09,秋明菊賞500*,23,芝,0,1200,良,キタサンラブコール,牡,2,横山典弘,55.0,12,05,3,3,0,0.4,6,69.4,"1094",0,0,0,6,6,33.3,460,昆貢,栗,240,11105395,00660,01044,0813560905,大野商事,村田牧場,キングヘイロー,ビッグテンビー,テンビー,鹿毛,110412,   15.2,  ,    ,58.4
13,11,17,5,京都,6,09,秋明菊賞500*,23,芝,0,1200,良,ヴォラータ        ,牝,2,松岡正海,54.0,12,06,9,9,0,1.9,10,70.9,"1109",0,0,0,5,3,35.2,414,清水久詞,栗,0,11105108,01085,01110,0813560906,藤田孟司,ノースヒルズ,アグネスデジタル,フェーデ,スペシャルウィーク,栗毛,110429,  142.9,  ,    ,51.4
13,11,17,5,京都,6,09,秋明菊賞500*,23,芝,0,1200,良,ロードストーム    ,牡,2,ビュイッ,55.0,12,07,6,6,0,1.5,4,70.5,"1105",0,0,0,9,9,33.9,476,安田隆行,栗,0,11103456,05495,00438,0813560907,ロードホースクラブ,ケイアイファーム,マンハッタンカフェ,レディブラッサム,"Storm Cat",青鹿,110217,    7.4,  ,    ,58.0
13,11,17,5,京都,6,09,秋明菊賞500*,23,芝,0,1200,良,ファイトバック    ,牡,2,Ｍ．デム,55.0,12,08,11,11,0,1.9,8,70.9,"1109",0,0,0,10,10,34.1,478,領家政蔵,栗,0,11104610,05212,00345,0813560908,宮川純造,オリエント牧場,アドマイヤジャパン,トウホープログレス,ナリタブライアン,黒鹿,110418,   24.1,  ,    ,57.9
13,11,17,5,京都,6,09,秋明菊賞500*,23,芝,0,1200,良,ラインスピリット  ,牡,2,幸英明,55.0,12,09,2,2,0,0,2,69,"1090",0,0,0,2,2,33.5,428,松永昌博,栗,380,11102579,00732,01083,0813560909,大澤繁昌,藤原牧場,スウェプトオーヴァーボード,リボンストライプ,トニービン,黒鹿,110326,    5.1,  ,    ,56.0
13,11,17,5,京都,6,09,秋明菊賞500*,23,芝,0,1200,良,コパノサムタイム  ,牡,2,高倉稜,55.0,12,10,7,7,0,1.5,12,70.5,"1105",0,0,0,8,7,34,438,崎山博樹,栗,0,11102383,01130,00365,0813560910,小林祥晃,西村和夫,コパノフウジン,サムタイムレーター,エンドスウィープ,鹿毛,110327,  167.9,  ,    ,57.4
13,11,17,5,京都,6,09,秋明菊賞500*,23,芝,0,1200,良,シシャモオージ    ,牡,2,武豊,55.0,12,11,8,8,0,1.5,3,70.5,"1105",0,0,0,3,3,34.9,456,松永昌博,栗,0,11102570,00666,01083,0813560911,大野満,藤原牧場,タイキシャトル,テンザンストーム,"Storm Cat",黒鹿,110317,    6.8,  ,    ,52.0
13,11,17,5,京都,6,09,秋明菊賞500*,23,芝,0,1200,良,ピンクノサイロ    ,牝,2,国分優作,54.0,12,12,12,12,0,6.8,11,75.8,"1158",0,0,0,12,12,38.6,442,沖芳夫,栗,0,11102394,01125,00378,0813560912,小林祥晃,西村和夫,サウスヴィグラス,プリティロマンサー,ダンスインザダーク,鹿毛,110402,  158.4,  ,    ,46.4
13,11,17,5,京都,6,10,衣笠特別1000,43,芝,8,1800,良,カノン            ,牝,3,高倉稜,53.0,15,01,9,9,0,0.6,12,107.7,"1477",0,0,0,5,6,34.4,454,崎山博樹,栗,0,10102263,01130,00365,0813561001,ヒダカ・ブリーダー,ヒダカフアーム,フォーティナイナーズサン,ピアノレッスン,メジロテイターン,鹿毛,100327,   87.9,  ,    ,56.5
13,11,17,5,京都,6,10,衣笠特別1000,43,芝,8,1800,良,ビッグスマイル    ,牝,5,Ｍ．デム,55.0,15,02,15,15,0,1.2,5,108.3,"1483",0,0,0,14,14,34.3,464,領家政蔵,栗,0,08104471,05212,00345,0813561002,西森鶴,小泉学,タニノギムレット,メイケイシラオキ,サンデーサイレンス,黒鹿,080325,   12.6,  ,    ,57.9
13,11,17,5,京都,6,10,衣笠特別1000,43,芝,8,1800,良,ウリウリ          ,牝,3,浜中俊,53.0,15,03,1,1,0,-0.1,1,107.1,"1471",0,0,0,7,8,33.7,454,藤原英昭,栗,1440,10104042,01115,01055,0813561003,金子真人ホールディ,ノーザンファーム,ディープインパクト,ウィキウィキ,フレンチデピュティ,青毛,100211,    1.8,  ,    ,58.9
13,11,17,5,京都,6,10,衣笠特別1000,43,芝,8,1800,良,デルマイザナミ    ,牝,4,岩田康誠,55.0,15,04,5,5,0,0.4,9,107.5,"1475",0,0,0,11,9,33.8,448,高野友和,栗,144,09102961,05203,01117,0813561004,浅沼廣幸,ファニーヒルファー,ホワイトマズル,ローザロッサ,ダンスインザダーク,鹿毛,090410,   36.8,  ,    ,59.0
13,11,17,5,京都,6,10,衣笠特別1000,43,芝,8,1800,良,マイファーストラヴ,牝,7,武幸四郎,55.0,15,05,13,13,0,1,13,108.1,"1481",0,0,0,15,14,34,460,松元茂樹,栗,0,06104350,01026,00419,0813561005,廣村茂一,小泉牧場,スエヒロコマンダー,パールクイン,Kenmare,青鹿,060402,  118.9,  ,    ,59.0
13,11,17,5,京都,6,10,衣笠特別1000,43,芝,8,1800,良,タンスチョキン    ,牝,3,蛯名正義,53.0,15,06,14,14,0,1.2,15,108.3,"1483",0,0,0,9,9,34.8,462,谷潔,栗,0,10100473,00663,00431,0813561006,栗本博晴,下河辺牧場,ストラヴィンスキー,ジャウンティング,"Seattle Slew",鹿毛,100308,  178.1,  ,    ,55.6
13,11,17,5,京都,6,10,衣笠特別1000,43,芝,8,1800,良,ラシンティランテ  ,牝,4,ムーア,55.0,15,07,6,6,0,0.5,3,107.6,"1476",0,0,0,7,6,34.3,462,友道康夫,栗,0,09106061,05366,01061,0813561007,サンデーレーシング,ノーザンファーム,アグネスタキオン,アドマイヤキラメキ,エンドスウィープ,栗毛,090314,    7.3,  ,    ,56.9
13,11,17,5,京都,6,10,衣笠特別1000,43,芝,8,1800,良,リトルダーリン    ,牝,5,バルザロ,55.0,15,08,12,12,0,0.9,14,108,"1480",0,0,0,9,9,34.4,434,角居勝彦,栗,0,08101078,05504,01053,0813561008,金子真人ホールディ,エクセルマネジメン,ディープインパクト,エリモエクセル,ロドリゴデトリアーノ,黒鹿,080228,  152.1,  ,    ,57.0
13,11,17,5,京都,6,10,衣笠特別1000,43,芝,8,1800,良,ウイングドウィール,牝,4,ルメール,55.0,15,09,2,2,0,0.1,7,107.2,"1472",0,0,0,5,5,34,472,宗像義忠,美,580,09105725,05339,00420,0813561009,グリーンファーム,社台ファーム,シンボリクリスエス,ウイングレット,タイキシャトル,黒鹿,090504,   27.3,  ,    ,57.6
13,11,17,5,京都,6,10,衣笠特別1000,43,芝,8,1800,良,スリーカーニバル  ,牝,3,和田竜二,53.0,15,10,7,7,0,0.5,10,107.6,"1476",0,0,0,3,2,34.6,456,南井克巳,栗,0,10102675,01018,01049,0813561010,永井商事,グランド牧場,マンハッタンカフェ,マンボカーニバル,Kingmambo,鹿毛,100331,   49.7,  ,    ,55.5
13,11,17,5,京都,6,10,衣笠特別1000,43,芝,8,1800,良,ウインミーティア  ,牝,4,藤岡康太,55.0,15,11,11,11,0,0.8,6,107.9,"1479",0,0,0,12,12,34.2,478,梅田智之,栗,0,09106267,01116,01084,0813561011,ウイン,ノーザンファーム,アグネスタキオン,バシマー,"Grand Lodge",栗毛,090416,   16.6,  ,    ,57.7
13,11,17,5,京都,6,10,衣笠特別1000,43,芝,8,1800,良,フィロパトール    ,牝,4,石橋脩,55.0,15,12,4,4,0,0.4,8,107.5,"1475",0,0,0,1,1,34.7,466,武藤善則,美,220,09100977,01077,01064,0813561012,高橋貴士,大島牧場,ジャングルポケット,ワイルドリリー,"Wild Again",鹿毛,090405,   28.4,  ,    ,54.9
13,11,17,5,京都,6,10,衣笠特別1000,43,芝,8,1800,良,イリュミナンス    ,牝,3,武豊,53.0,15,13,3,3,0,0.1,2,107.2,"1472",0,0,0,3,2,34.1,468,松永幹夫,栗,360,10104429,00666,01092,0813561013,中村昭博,社台コーポレーショ,マンハッタンカフェ,スキッフル,トニービン,鹿毛,100227,    6.3,  ,    ,57.2
13,11,17,5,京都,6,10,衣笠特別1000,43,芝,8,1800,良,ダンツカナリー    ,牝,3,横山典弘,53.0,15,14,8,8,0,0.6,4,107.7,"1477",0,0,0,2,2,34.7,478,本田優,栗,0,10101879,00660,01099,0813561014,山元哲二,富田恭司,フジキセキ,レディストロベリー,Caerleon,青鹿,100420,   12.2,  ,    ,55.2
13,11,17,5,京都,6,10,衣笠特別1000,43,芝,8,1800,良,アルアマーナ      ,牝,4,ビュイッ,55.0,15,15,10,10,0,0.7,11,107.8,"1478",0,0,0,12,12,34,426,石坂正,栗,0,09106578,05495,01022,0813561015,サンデーレーシング,追分ファーム,ディープインパクト,オネストリーダーリン,Kingmambo,鹿毛,090213,   51.2,  ,    ,58.5
13,11,17,5,京都,6,11,マイルチG1,195,芝,8,1600,良,コパノリチャード  ,牡,3,浜中俊,56.0,18,01,4,4,0,0.6,6,93,"1330",0,0,0,1,1,34.7,488,宮徹,栗,1500,10106552,01115,01018,0813561101,小林祥晃,ヤナガワ牧場,ダイワメジャー,ヒガシリンクス,トニービン,黒鹿,100415,   14.9,  ,    ,50.8
13,11,17,5,京都,6,11,マイルチG1,195,芝,8,1600,良,サダムパテック    ,牡,5,和田竜二,57.0,18,02,7,7,0,0.6,5,93,"1330",0,0,0,6,6,34.3,516,西園正都,栗,0,08102652,01018,01028,0813561102,大西定,社台コーポレーショ,フジキセキ,サマーナイトシティ,エリシオ,鹿毛,080330,   11.2,  ,    ,52.7
13,11,17,5,京都,6,11,マイルチG1,195,芝,8,1600,良,レッドオーヴァル  ,牝,3,Ｍ．デム,54.0,18,03,8,8,0,0.6,11,93,"1330",0,0,0,12,12,33.9,440,安田隆行,栗,0,10103743,05212,00438,0813561103,東京ホースレーシン,社台ファーム,ディープインパクト,コートアウト,"Smart Strike",鹿毛,100307,   29.7,  ,    ,54.6
13,11,17,5,京都,6,11,マイルチG1,195,芝,8,1600,良,ダイワマッジョーレ,牡,4,蛯名正義,57.0,18,04,2,2,0,0.2,3,92.6,"1326",0,0,0,3,4,34.1,440,矢作芳人,栗,4000,09105925,00663,01075,0813561104,大城敬三,社台ファーム,ダイワメジャー,ファンジカ,"Law Society",鹿毛,090117,    7.5,  ,    ,52.9
13,11,17,5,京都,6,11,マイルチG1,195,芝,8,1600,良,トーセンラー      ,牡,5,武豊,57.0,18,05,1,1,0,-0.2,2,92.4,"1324",0,0,0,15,14,33.3,460,藤原英昭,栗,10000,08102985,00666,01055,0813561105,島川隆哉,社台ファーム,ディープインパクト,プリンセスオリビア,Lycius,黒鹿,080421,    4.7,  ,    ,56.5
13,11,17,5,京都,6,11,マイルチG1,195,芝,8,1600,良,ガルボ            ,牡,6,石橋脩,57.0,18,06,14,14,0,1.2,17,93.6,"1336",0,0,0,2,2,35.2,468,清水英克,美,0,07101163,01077,01080,0813561106,石川一義,高村伸一,マンハッタンカフェ,ヤマトダマシイ,ジェネラス,青毛,070505,   99.0,  ,    ,49.5
13,11,17,5,京都,6,11,マイルチG1,195,芝,8,1600,良,サンレイレーザー  ,牡,4,藤岡康太,57.0,18,07,6,6,0,0.6,14,93,"1330",0,0,0,17,16,33.6,524,高橋義忠,栗,0,09103402,01116,01129,0813561107,永井啓弍,岡野牧場,ラスカルスズカ,サンレイククイン,Cozzene,鹿毛,090423,   60.9,  ,    ,56.1
13,11,17,5,京都,6,11,マイルチG1,195,芝,8,1600,良,カレンブラックヒル,牡,4,岩田康誠,57.0,18,08,18,18,0,2.1,8,94.5,"1345",0,0,0,6,6,35.9,464,平田修,栗,0,09106230,05203,01082,0813561108,鈴木隆司,ノーザンファーム,ダイワメジャー,チャールストンハーバー,Grindstone,黒鹿,090219,   18.9,  ,    ,47.9
13,11,17,5,京都,6,11,マイルチG1,195,芝,8,1600,良,ダノンヨーヨー    ,牡,7,幸英明,57.0,18,09,12,12,0,0.9,18,93.3,"1333",0,0,0,17,18,33.8,516,音無秀孝,栗,0,06103340,00732,01002,0813561109,ダノックス,ノーザンファーム,ダンスインザダーク,フローラルグリーン,フォーティナイナー,栗毛,060407,  177.1,  ,    ,55.6
13,11,17,5,京都,6,11,マイルチG1,195,芝,8,1600,良,ドナウブルー      ,牝,5,ビュイッ,55.0,18,10,5,5,0,0.6,10,93,"1330",0,0,0,15,16,33.8,440,石坂正,栗,1000,08103250,05495,01022,0813561110,サンデーレーシング,ノーザンファーム,ディープインパクト,ドナブリーニ,Bertolini,鹿毛,080209,   27.0,  ,    ,55.1
13,11,17,5,京都,6,11,マイルチG1,195,芝,8,1600,良,サクラゴスペル    ,牡,5,横山典弘,57.0,18,11,17,17,0,1.8,15,94.2,"1342",0,0,0,10,9,35.4,476,尾関知人,美,0,08101031,00660,01103,0813561111,さくらコマース,山田牧場,サクラプレジデント,サクラブルース,"Cure the Blues",黒鹿,080404,   70.6,  ,    ,49.7
13,11,17,5,京都,6,11,マイルチG1,195,芝,8,1600,良,クラレント        ,牡,4,川田将雅,57.0,18,12,11,11,0,0.9,4,93.3,"1333",0,0,0,3,2,34.9,502,橋口弘次,栗,0,09105009,01088,00343,0813561112,前田晋二,ノースヒルズマネジ,ダンスインザダーク,エリモピクシー,ダンシングブレーヴ,栗毛,090302,    7.5,  ,    ,50.4
13,11,17,5,京都,6,11,マイルチG1,195,芝,8,1600,良,ダノンシャーク    ,牡,5,福永祐一,57.0,18,13,3,3,0,0.3,1,92.7,"1327",0,0,0,8,6,34.1,444,大久保龍,栗,2500,08105554,01014,01058,0813561113,ダノックス,下河辺牧場,ディープインパクト,カーラパワー,Caerleon,鹿毛,080309,    3.8,  ,    ,53.1
13,11,17,5,京都,6,11,マイルチG1,195,芝,8,1600,良,リルダヴァル      ,牡,6,バルザロ,57.0,18,14,13,13,0,1,16,93.4,"1334",0,0,0,10,9,34.5,512,池江泰寿,栗,0,07103142,05504,01071,0813561114,サンデーレーシング,ノーザンファーム,アグネスタキオン,ヴェイルオブアヴァロン,"Thunder Gulch",栗毛,070408,   75.7,  ,    ,52.4
13,11,17,5,京都,6,11,マイルチG1,195,芝,8,1600,良,ダークシャドウ    ,牡,6,ムーア,57.0,18,15,16,16,0,1.6,9,94,"1340",0,0,0,12,14,35,504,堀宣行,美,0,07102929,05366,01070,0813561115,飯塚知一,社台ファーム,ダンスインザダーク,マチカネハツシマダ,"Private Account",栗毛,070217,   19.7,  ,    ,51.1
13,11,17,5,京都,6,11,マイルチG1,195,芝,8,1600,良,グランプリボス    ,牡,5,ルメール,57.0,18,16,9,9,0,0.7,7,93.1,"1331",0,0,0,8,9,34.3,510,矢作芳人,栗,0,08103388,05339,01075,0813561116,グランプリ,ノーザンファーム,サクラバクシンオー,ロージーミスト,サンデーサイレンス,鹿毛,080328,   15.0,  ,    ,52.9
13,11,17,5,京都,6,11,マイルチG1,195,芝,8,1600,良,マイネイサベル    ,牝,5,松岡正海,55.0,18,17,15,15,0,1.4,12,93.8,"1338",0,0,0,12,12,34.8,472,水野貴広,美,0,08104086,01085,01094,0813561117,サラブレッドクラブ,高橋修,テレグノシス,マイネレジーナ,サンデーサイレンス,鹿毛,080411,   30.9,  ,    ,51.7
13,11,17,5,京都,6,11,マイルチG1,195,芝,8,1600,良,リアルインパクト  ,牡,5,戸崎圭太,57.0,18,18,10,10,0,0.8,13,93.2,"1332",0,0,0,5,4,34.7,520,堀宣行,美,0,08103244,05386,01070,0813561118,キャロットファーム,ノーザンファーム,ディープインパクト,トキオリアリティー,Meadowlake,鹿毛,080514,   34.1,  ,    ,51.2
13,11,17,5,京都,6,12,貴船Ｓ1600,67,ダ,1,1200,稍,ズンダモチ        ,牡,7,ルメール,57.0,16,01,8,8,0,0.9,7,71.9,"1119",0,0,0,11,11,36,542,長浜博之,栗,0,06103063,05339,00395,0813561201,吉田哲哉,社台ファーム,Smadoun,ヘヴンリーソング,Machiavellian,芦毛,060429,   14.2,  ,    ,49.7
13,11,17,5,京都,6,12,貴船Ｓ1600,67,ダ,1,1200,稍,インディーズゲーム,牡,5,石橋脩,57.0,16,02,4,4,0,0.6,2,71.6,"1116",0,0,0,7,7,35.9,472,宗像義忠,美,260,08110132,01077,00420,0813561202,薗部博之,"Edward A. Seltzer","Indian Charlie","Bellini Sunrise",Machiavellian,鹿毛,080311,    4.1,  ,    ,49.4
13,11,17,5,京都,6,12,貴船Ｓ1600,67,ダ,1,1200,稍,マルコフジ        ,牡,5,川田将雅,57.0,16,03,11,11,0,1.2,5,72.2,"1122",0,0,0,9,10,36.4,474,坂口正則,栗,0,08101895,01088,00356,0813561203,岡田宏二,市川牧場,アグネスデジタル,ロイヤルミント,"Mt. Livermore",栗毛,080220,    9.0,  ,    ,48.4
13,11,17,5,京都,6,12,貴船Ｓ1600,67,ダ,1,1200,稍,ワールドエンド    ,牡,4,ムーア,57.0,16,04,7,7,0,0.9,3,71.9,"1119",0,0,0,1,1,36.8,518,田村康仁,美,0,09104938,05366,01027,0813561204,"Him Rock Racing",新冠伊藤牧場,サウスヴィグラス,レーシングハート,ロドリゴデトリアーノ,鹿毛,090517,    6.3,  ,    ,45.4
13,11,17,5,京都,6,12,貴船Ｓ1600,67,ダ,1,1200,稍,リッカアリュール  ,牡,7,岡田祥嗣,57.0,16,05,12,12,0,1.5,16,72.5,"1125",0,0,0,13,14,36.5,494,藤沢則雄,栗,0,06106716,05429,01041,0813561205,立花幸雄,佐々木貴博,ゴールドアリュール,ヤマシロ,エイシンワシントン,栗毛,060416,  295.7,  ,    ,48.6
13,11,17,5,京都,6,12,貴船Ｓ1600,67,ダ,1,1200,稍,クランチタイム    ,牡,5,高田潤,57.0,16,06,10,10,0,1.2,8,72.2,"1122",0,0,0,5,6,36.6,506,木原一良,栗,0,08104001,01046,01033,0813561206,加藤千豊,山本和彦,クリストワイニング,ドア,フジキセキ,鹿毛,080405,   15.9,  ,    ,47.3
13,11,17,5,京都,6,12,貴船Ｓ1600,67,ダ,1,1200,稍,ダイヤモンドムーン,牝,6,松岡正海,55.0,16,07,6,6,0,0.8,15,71.8,"1118",0,0,0,15,16,35.5,506,宮本博,栗,0,07105741,01085,01073,0813561207,岡浩二,千葉飯田牧場,マンハッタンカフェ,レインボークイーン,リンドシェーバー,黒鹿,070303,  216.3,  ,    ,52.3
13,11,17,5,京都,6,12,貴船Ｓ1600,67,ダ,1,1200,稍,ツリーズオブホープ,牡,6,国分優作,57.0,16,08,14,14,0,1.5,10,72.5,"1125",0,0,0,15,14,36.1,466,坪憲章,栗,0,07103651,01125,00361,0813561208,吉田修,タガミファーム,マイネルセレクト,ユメノクラリティー,サンダーガルチ,栗毛,070319,   78.9,  ,    ,50.8
13,11,17,5,京都,6,12,貴船Ｓ1600,67,ダ,1,1200,稍,グレイスフルリープ,牡,3,小牧太,56.0,16,09,15,15,0,1.5,4,72.5,"1125",0,0,0,13,13,36.4,542,橋口弘次,栗,0,10105860,00894,00343,0813561209,前田晋二,ノースヒルズ,ゴールドアリュール,ラビットフット,"Seeking the Gold",栗毛,100512,    8.3,  ,    ,49.2
13,11,17,5,京都,6,12,貴船Ｓ1600,67,ダ,1,1200,稍,オーラレガーレ    ,牝,5,秋山真一,55.0,16,10,5,5,0,0.7,13,71.7,"1117",0,0,0,2,2,36.4,462,野中賢二,栗,174,08102816,01019,01098,0813561210,吉田照哉,社台ファーム,マンハッタンカフェ,オーラ,"Quiet American",青鹿,080314,  146.5,  ,    ,47.0
13,11,17,5,京都,6,12,貴船Ｓ1600,67,ダ,1,1200,稍,サザンブレイズ    ,牡,5,上村洋行,57.0,16,11,9,9,0,1.1,12,72.1,"1121",0,0,0,3,3,36.7,478,加用正,栗,0,08105422,00709,00425,0813561211,南波壽,木村牧場,サウスヴィグラス,サウスビューティー,ラストタイクーン,栗毛,080221,  122.1,  ,    ,46.5
13,11,17,5,京都,6,12,貴船Ｓ1600,67,ダ,1,1200,稍,タールタン        ,牡,5,福永祐一,57.0,16,12,3,3,0,0.2,6,71.2,"1112",0,0,0,9,8,35.3,494,吉村圭司,栗,440,08110131,01014,01130,0813561212,グリーンフィールズ,"George Waggoner St",Tapit,"Indian Town",Glitterman,芦毛,080312,   10.7,  ,    ,51.7
13,11,17,5,京都,6,12,貴船Ｓ1600,67,ダ,1,1200,稍,ケビンドゥ        ,牡,4,戸崎圭太,57.0,16,13,1,1,0,-0.2,9,71,"1110",0,0,0,3,3,35.6,478,伊藤大士,美,1740,09102187,05386,01109,0813561213,井上一郎,いとう牧場,サウスヴィグラス,リトルナムラ,Ashkalani,栗毛,090326,   16.7,  ,    ,49.4
13,11,17,5,京都,6,12,貴船Ｓ1600,67,ダ,1,1200,稍,ホクトキングダム  ,牡,5,武幸四郎,57.0,16,14,13,13,0,1.5,14,72.5,"1125",0,0,0,11,11,36.5,496,本田優,栗,0,08101993,01026,01099,0813561214,布施光章,上山牧場,スウェプトオーヴァーボード,エリダヌス,ジェイドロバリー,青鹿,080414,  175.8,  ,    ,48.6
13,11,17,5,京都,6,12,貴船Ｓ1600,67,ダ,1,1200,稍,ウィキマジック    ,牡,5,岩田康誠,57.0,16,15,2,2,0,0.2,1,71.2,"1112",0,0,0,5,5,35.5,516,領家政蔵,栗,700,08104250,05203,00345,0813561215,宮川純造,石郷岡雅樹,ゴールドアリュール,シンデレラロード,アジュディケーティング,黒鹿,080403,    3.5,  ,    ,50.6
13,11,17,5,京都,6,12,貴船Ｓ1600,67,ダ,1,1200,稍,エイシンラトゥナ  ,牝,3,蛯名正義,54.0,16,16,16,16,0,1.6,11,72.6,"1126",0,0,0,7,8,36.8,506,松元茂樹,栗,0,10110055,00663,00419,0813561216,平井克彦,"R. S. Evans","Exchange Rate","Queen's Play",Kingmambo,黒鹿,100311,   86.7,  ,    ,47.3
13,11,23,5,京都,7,01,未勝利・牝*,7,ダ,1,1400,良,ダイリュウキセキ  ,牝,2,小林徹弥,54.0,16,01,1,1,0,-0.1,3,85.9,"1259",0,0,0,3,3,37.4,448,目野哲也,栗,500,11101272,00722,00387,0813570101,大野龍,木田牧場,ファスリエフ,キタサンラブソング,ダンスインザダーク,黒鹿,110216,    6.1,  ,    ,47.3
13,11,23,5,京都,7,01,未勝利・牝*,7,ダ,1,1400,良,マルヨラピド      ,牝,2,中井裕二,53.0,16,02,6,6,0,1.2,9,87.1,"1271",0,0,0,8,8,38.2,448,武宏平,栗,0,11102116,01141,00221,0813570102,野村春行,武牧場,ネオユニヴァース,セリノデートリッヒ,"Farma Way",青鹿,110505,   46.4,  ,    ,46.0
13,11,23,5,京都,7,01,未勝利・牝*,7,ダ,1,1400,良,シゲルミマサカ    ,牝,2,国分優作,54.0,16,03,3,3,0,0.9,1,86.8,"1268",0,0,0,1,1,38.6,430,湯窪幸雄,栗,130,11105378,01125,01057,0813570103,森中蕃,村上牧場,サウスヴィグラス,ボンジュールカレン,ゴールドアリュール,青鹿,110331,    3.3,  ,    ,43.7
13,11,23,5,京都,7,01,未勝利・牝*,7,ダ,1,1400,良,ダンシングバトー  ,牝,2,和田竜二,54.0,16,04,4,4,0,1.1,8,87,"1270",0,0,0,5,5,38.3,464,柴田政見,栗,75,11103323,01018,00406,0813570104,山科統,バンダム牧場,クロフネ,ダンシングスナーク,グルームダンサー,芦毛,110309,   15.4,  ,    ,45.4
13,11,23,5,京都,7,01,未勝利・牝*,7,ダ,1,1400,良,ワディ            ,牝,2,浜中俊,54.0,16,05,2,2,0,0.1,2,86,"1260",0,0,0,3,3,37.5,460,野中賢二,栗,200,11100584,01115,01098,0813570105,ゴドルフィン,ダーレー・ジャパン,パイロ,フラグラントオアシス,Rahy,栗毛,110320,    4.7,  ,    ,47.0
13,11,23,5,京都,7,01,未勝利・牝*,7,ダ,1,1400,良,アリュージョン    ,牝,2,小牧太,54.0,16,06,10,10,0,2.1,7,88,"1280",0,0,0,9,9,38.9,468,白井寿昭,栗,0,11100577,00894,00201,0813570106,H.H.シェイク・モハ,ダーレー・ジャパン,アドマイヤムーン,ヒントオブスプリング,"Seeking the Gold",鹿毛,110319,   12.5,  ,    ,44.7
13,11,23,5,京都,7,01,未勝利・牝*,7,ダ,1,1400,良,ディアメドゥーサ  ,牝,2,幸英明,54.0,16,07,5,5,0,1.1,5,87,"1270",0,0,0,7,7,38.2,448,西浦勝一,栗,50,11101249,00732,01016,0813570107,高樽さゆり,片山牧場,ダイワメジャー,ピアノリサイタル,カーネギー,栗毛,110326,    8.1,  ,    ,45.8
13,11,23,5,京都,7,01,未勝利・牝*,7,ダ,1,1400,良,カシノキララ      ,牝,2,酒井学,54.0,16,08,14,14,0,3,14,88.9,"1289",0,0,0,13,12,39.4,462,梅内忍,栗,0,11101485,01034,00398,0813570108,柏木務,前川隆則,プリサイスエンド,ニシノファンシー,キンググローリアス,栗毛,110407,  202.7,  ,    ,44.2
13,11,23,5,京都,7,01,未勝利・牝*,7,ダ,1,1400,良,シゲルクシロ      ,牝,2,武幸四郎,54.0,16,09,8,8,0,1.7,4,87.6,"1276",0,0,0,5,5,38.9,474,飯田明弘,栗,0,11101035,01026,00389,0813570109,森中蕃,赤石牧場,スズカマンボ,フレンチフレイバー,フレンチデピュティ,鹿毛,110507,    7.8,  ,    ,43.9
13,11,23,5,京都,7,01,未勝利・牝*,7,ダ,1,1400,良,テイエムゴージャス,牝,2,熊沢重文,54.0,16,10,13,13,0,3,12,88.9,"1289",0,0,0,14,14,39.1,496,岩元市三,栗,0,11101052,00652,00397,0813570110,竹園正繼,北島牧場,アジュディケーティング,エンプレスロッチ,カコイーシーズ,鹿毛,110204,   87.3,  ,    ,45.5
13,11,23,5,京都,7,01,未勝利・牝*,7,ダ,1,1400,良,テイエムデザイヤー,牝,2,藤懸貴志,52.0,16,11,16,16,0,3.5,10,89.4,"1294",0,0,0,9,12,40.2,436,五十嵐忠,栗,0,11100634,01138,00422,0813570111,竹園正繼,テイエム牧場日高支,ステイゴールド,テイエムグラマー,フォーティナイナー,栗毛,110619,   75.6,  ,    ,41.8
13,11,23,5,京都,7,01,未勝利・牝*,7,ダ,1,1400,良,メイザフォース    ,牝,2,和田翼,51.0,16,12,15,15,0,3.2,13,89.1,"1291",0,0,0,9,10,40,456,崎山博樹,栗,0,11101373,01146,00365,0813570112,宮田守,土田農場,シンボリクリスエス,ベレッツァ,フジキセキ,鹿毛,110425,  130.7,  ,    ,42.1
13,11,23,5,京都,7,01,未勝利・牝*,7,ダ,1,1400,良,ストロベリーローズ,牝,2,太宰啓介,54.0,16,13,11,11,0,2.3,15,88.2,"1282",0,0,0,15,14,38.3,444,野村彰彦,栗,0,11103462,01037,00375,0813570113,古賀禎彦,下屋敷牧場,ゼンノロブロイ,セイントリースカウト,"Saint Ballado",栗毛,110531,  218.0,  ,    ,47.7
13,11,23,5,京都,7,01,未勝利・牝*,7,ダ,1,1400,良,シュンメガミ      ,牝,2,川島信二,54.0,16,14,12,12,0,2.6,16,88.5,"1285",0,0,0,16,16,37.9,460,川村禎彦,栗,0,11105863,01062,01003,0813570114,石川博,谷口牧場,タイキシャトル,トップコメット,クロコルージュ,栗毛,110416,  227.8,  ,    ,50.1
13,11,23,5,京都,7,01,未勝利・牝*,7,ダ,1,1400,良,パフュームボム    ,牝,2,ルメール,54.0,16,15,9,9,0,1.7,6,87.6,"1276",0,0,0,9,10,38.4,454,佐々木晶,栗,0,11102225,05339,00429,0813570115,飯田正剛,千代田牧場,プリサイスエンド,ジェミーブロッサム,"Wild Again",鹿毛,110411,    9.4,  ,    ,46.1
13,11,23,5,京都,7,01,未勝利・牝*,7,ダ,1,1400,良,サカジロヴィグラス,牝,2,高倉稜,54.0,16,16,7,7,0,1.6,11,87.5,"1275",0,0,0,2,2,39.1,478,崎山博樹,栗,0,11102738,01130,00365,0813570116,ロイヤルパーク,宇南山牧場,サウスヴィグラス,ヒカルマイハート,フジキセキ,黒鹿,110530,   80.1,  ,    ,42.8
13,11,23,5,京都,7,02,未勝利*,7,芝,0,1400,良,アルカンジュ      ,牝,2,和田竜二,54.0,18,01,2,2,0,0.2,9,81.9,"1219",0,0,0,3,4,34.9,420,鈴木孝志,栗,200,11103827,01018,01111,0813570201,小林竜太郎,ノーザンファーム,チチカステナンゴ,キャンディーストア,スペシャルウィーク,芦毛,110321,   53.7,  ,    ,51.0
13,11,23,5,京都,7,02,未勝利*,7,芝,0,1400,良,シゲルリクチュウ  ,牝,2,川須栄彦,54.0,18,02,3,3,0,0.2,5,81.9,"1219",0,0,0,1,1,35.2,448,沖芳夫,栗,130,11109054,01128,00378,0813570202,森中蕃,諏訪牧場,カンパニー,ダーリングベリー,ボストンハーバー,鹿毛,110501,   12.0,  ,    ,49.5
13,11,23,5,京都,7,02,未勝利*,7,芝,0,1400,良,モッシュ          ,牡,2,池添謙一,55.0,18,03,12,12,0,0.8,14,82.5,"1225",0,0,0,12,12,34.8,510,浜田多実,栗,0,11103186,01032,01138,0813570203,小嶋將則,小島牧場,スズカマンボ,エイシンヒューロン,Dayjur,芦毛,110415,  143.1,  ,    ,52.8
13,11,23,5,京都,7,02,未勝利*,7,芝,0,1400,良,サチノクイーン    ,牝,2,国分優作,54.0,18,04,16,16,0,1.5,13,83.2,"1232",0,0,0,2,2,36.4,462,服部利之,栗,0,11106329,01125,01040,0813570204,佐藤勝士,トラストスリーファ,ダイワメジャー,ノーススポット,タイトスポット,鹿毛,110310,  133.1,  ,    ,46.4
13,11,23,5,京都,7,02,未勝利*,7,芝,0,1400,良,ゴッドエンペラー  ,牡,2,太宰啓介,55.0,18,05,15,15,0,1.4,15,83.1,"1231",0,0,0,14,15,35,454,角田晃一,栗,0,11105415,01037,01121,0813570205,中西憲治,森永聡,キングカメハメハ,ドルチェアモール,Cozzene,鹿毛,110407,  183.4,  ,    ,53.1
13,11,23,5,京都,7,02,未勝利*,7,芝,0,1400,良,サルターレ        ,牝,2,浜中俊,54.0,18,06,11,11,0,0.8,11,82.5,"1225",0,0,0,10,10,35.1,428,田中章博,栗,0,11100986,01115,00413,0813570206,山口敦広,門別牧場,ケイムホーム,エクレラージュ,Dehere,栗毛,110521,   90.9,  ,    ,51.3
13,11,23,5,京都,7,02,未勝利*,7,芝,0,1400,良,ラブセッター      ,牝,2,菱田裕二,53.0,18,07,17,17,0,1.8,16,83.5,"1235",0,0,0,17,17,35.1,462,千田輝彦,栗,0,11101284,01144,01120,0813570207,増田陽一,木下牧場,ハーツクライ,サンセットロード,キングカメハメハ,鹿毛,110328,  324.4,  ,    ,53.4
13,11,23,5,京都,7,02,未勝利*,7,芝,0,1400,良,ヤマニンエルフィン,牝,2,松山弘平,54.0,18,08,7,7,0,0.5,6,82.2,"1222",0,0,0,8,7,35,454,柴田政見,栗,0,11103348,01126,00406,0813570208,土井肇,廣田伉助,スウィフトカレント,ヤマニングロワール,フレンチデピュティ,鹿毛,110212,   12.2,  ,    ,51.1
13,11,23,5,京都,7,02,未勝利*,7,芝,0,1400,良,レッドオーラム    ,牝,2,小牧太,54.0,18,09,4,4,0,0.4,4,82.1,"1221",0,0,0,5,7,35,470,橋口弘次,栗,75,11104294,00894,00343,0813570209,東京ホースレーシン,社台ファーム,ダイワメジャー,タッチフォーゴールド,"Mr. Prospector",鹿毛,110119,   11.9,  ,    ,50.9
13,11,23,5,京都,7,02,未勝利*,7,芝,0,1400,良,ペイシャモンシェリ,牡,2,国分恭介,55.0,18,10,5,5,0,0.4,7,82.1,"1221",0,0,0,3,2,35.2,442,野村彰彦,栗,50,11101031,01124,00375,0813570210,北所直人,赤石牧場,ショウナンカンプ,ウィズペイシェンス,ネオユニヴァース,鹿毛,110514,   15.3,  ,    ,49.9
13,11,23,5,京都,7,02,未勝利*,7,芝,0,1400,良,ラゴアボニータ    ,牝,2,高倉稜,54.0,18,11,18,18,0,3.1,17,84.8,"1248",0,0,0,15,16,36.7,428,和田正一,美,0,11104818,01130,01114,0813570211,スピードファーム,スピードフアーム,スピードワールド,スピードフェザー,ヤマニンゼファー,芦毛,110214,  627.3,  ,    ,48.3
13,11,23,5,京都,7,02,未勝利*,7,芝,0,1400,良,トシストロング    ,牡,2,幸英明,55.0,18,12,1,1,0,-0.2,2,81.7,"1217",0,0,0,10,9,34.3,478,西浦勝一,栗,500,11105534,00732,01016,0813570212,上村利幸,浦河小林牧場,オレハマッテルゼ,ソルトレイクスター,マイニング,鹿毛,110514,    6.3,  ,    ,53.6
13,11,23,5,京都,7,02,未勝利*,7,芝,0,1400,良,エアシュノンソー  ,牝,2,武豊,54.0,18,13,13,13,0,1,10,82.7,"1227",0,0,0,9,10,35.3,410,吉村圭司,栗,0,11103792,00666,01130,0813570213,ラッキーフィールド,ノーザンファーム,シンボリクリスエス,エアパスカル,ウォーエンブレム,鹿毛,110322,   69.7,  ,    ,50.7
13,11,23,5,京都,7,02,未勝利*,7,芝,0,1400,良,ノボリフジ        ,牡,2,福永祐一,55.0,18,14,6,6,0,0.5,1,82.2,"1222",0,0,0,5,4,35.1,510,松永昌博,栗,0,11105681,01014,01083,0813570214,原田豊,杵臼牧場,サクラバクシンオー,サンデーミッチー,サンデーサイレンス,鹿毛,110530,    1.8,  ,    ,50.6
13,11,23,5,京都,7,02,未勝利*,7,芝,0,1400,良,テーオービックバン,牡,2,藤岡康太,55.0,18,15,8,8,0,0.7,12,82.4,"1224",0,0,0,17,17,34,498,藤岡健一,栗,0,11103594,01116,01062,0813570215,小笹公也,社台コーポレーショ,ゼンノロブロイ,ゴットザビート,フレンチデピュティ,栗毛,110130,  102.4,  ,    ,56.8
13,11,23,5,京都,7,02,未勝利*,7,芝,0,1400,良,アグネスミライ    ,牝,2,岩田康誠,54.0,18,16,10,10,0,0.8,8,82.5,"1225",0,0,0,13,12,34.7,478,長浜博之,栗,0,11103276,05203,00395,0813570216,渡辺孝男,中神牧場,プリサイスエンド,アグネスパンドラ,アグネスタキオン,鹿毛,110305,   37.8,  ,    ,53.3
13,11,23,5,京都,7,02,未勝利*,7,芝,0,1400,良,カシノステイタス  ,牡,2,藤懸貴志,53.0,18,17,14,14,0,1.3,18,83,"1230",0,0,0,16,14,34.8,440,梅内忍,栗,0,11104744,01138,00398,0813570217,柏木務,今野活博,シルクフェイマス,ライトミー,トレボロ,栗毛,110408,  870.4,  ,    ,53.9
13,11,23,5,京都,7,02,未勝利*,7,芝,0,1400,良,フルールシチー    ,牝,2,酒井学,54.0,18,18,9,9,0,0.7,3,82.4,"1224",0,0,0,5,4,35.2,488,西園正都,栗,0,11100790,01034,01028,0813570218,友駿ホースクラブ,日高大洋牧場,サクラバクシンオー,ブーケティアラ,アグネスタキオン,鹿毛,110315,    9.6,  ,    ,50.6
13,11,23,5,京都,7,03,未勝利*,7,ダ,1,1200,良,ルスナイプリンセス,牝,2,秋山真一,54.0,16,01,5,5,0,0.9,5,73.8,"1138",0,0,0,4,4,38.1,500,飯田明弘,栗,50,11103155,01019,00389,0813570301,高昭牧場,高昭牧場,ファスリエフ,ダノンエトランゼル,"Broken Vow",鹿毛,110430,    6.3,  ,    ,43.7
13,11,23,5,京都,7,03,未勝利*,7,ダ,1,1200,良,ヒカリセット      ,牡,2,福永祐一,55.0,16,02,3,3,0,0.7,4,73.6,"1136",0,0,0,11,10,36.9,450,松永昌博,栗,130,11101007,01014,01083,0813570302,ヒカリクラブ,ヤナガワ牧場,アドマイヤジャパン,ヒカリアイ,アフリート,青鹿,110415,    6.0,  ,    ,49.5
13,11,23,5,京都,7,03,未勝利*,7,ダ,1,1200,良,ビットアリエス    ,牝,2,川須栄彦,54.0,16,03,7,7,0,1.1,7,74,"1140",0,0,0,6,7,37.9,446,牧田和弥,栗,0,11102929,01128,01123,0813570303,礒川正明,エクセルマネジメン,ヨハネスブルグ,レッドバラード,"Saint Ballado",青鹿,110312,   15.8,  ,    ,45.3
13,11,23,5,京都,7,03,未勝利*,7,ダ,1,1200,良,サンレイロッキー  ,牡,2,森一馬,52.0,16,04,8,8,0,1.4,12,74.3,"1143",0,0,0,9,8,37.9,460,西橋豊治,栗,0,11102704,01139,00434,0813570304,永井啓弍,新井牧場,ゼンノロブロイ,サワヤカスズカ,サクラバクシンオー,鹿毛,110409,   88.9,  ,    ,46.0
13,11,23,5,京都,7,03,未勝利*,7,ダ,1,1200,良,クリノサプライズ  ,牡,2,和田竜二,55.0,16,05,11,11,0,1.9,15,74.8,"1148",0,0,0,15,12,37.6,450,梅内忍,栗,0,11100085,01018,00398,0813570305,栗本博晴,永村侑,スウェプトオーヴァーボード,ペガサスタキオン,アグネスタキオン,芦毛,110501,  140.2,  ,    ,48.9
13,11,23,5,京都,7,03,未勝利*,7,ダ,1,1200,良,クレインテオドーラ,牝,2,国分優作,54.0,16,06,12,12,0,2,14,74.9,"1149",0,0,0,9,8,38.5,470,橋口弘次,栗,0,11103038,01125,00343,0813570306,ターフ・スポート,市川牧場,タニノギムレット,ツルマルグラマー,フジキセキ,鹿毛,110517,  106.7,  ,    ,44.5
13,11,23,5,京都,7,03,未勝利*,7,ダ,1,1200,良,カシノボルト      ,牡,2,幸英明,55.0,16,07,4,4,0,0.7,2,73.6,"1136",0,0,0,3,3,38.1,510,藤沢則雄,栗,75,11106035,00732,01041,0813570307,柏木務,松田牧場,ボストンハーバー,サザンシーラ,"Southern Halo",鹿毛,110320,    4.4,  ,    ,43.2
13,11,23,5,京都,7,03,未勝利*,7,ダ,1,1200,良,シゲルビッチュウ  ,セ,2,松山弘平,55.0,16,08,10,10,0,1.8,9,74.7,"1147",0,0,0,8,10,38.4,434,川村禎彦,栗,0,11102292,01126,01003,0813570308,森中蕃,出羽牧場,スクリーンヒーロー,アミダラ,キンググローリアス,青鹿,110423,   59.1,  ,    ,44.5
13,11,23,5,京都,7,03,未勝利*,7,ダ,1,1200,良,メイショウライウン,牡,2,池添謙一,55.0,16,09,15,15,0,2.7,13,75.6,"1156",0,0,0,13,14,38.4,438,沖芳夫,栗,0,11100722,01032,00378,0813570309,松本好雄,日西牧場,メイショウボーラー,メイショウラピート,ダンシングブレーヴ,鹿毛,110327,  104.1,  ,    ,46.9
13,11,23,5,京都,7,03,未勝利*,7,ダ,1,1200,良,マッドアバウトユー,牝,2,古川吉洋,54.0,16,10,1,1,0,-0.5,3,72.9,"1129",0,0,0,2,2,37.6,458,木原一良,栗,500,11101482,01015,01033,0813570310,加藤千豊,前川勇,アルデバラン2,エイシンメッチェン,サクラユタカオー,栗毛,110403,    4.5,  ,    ,43.9
13,11,23,5,京都,7,03,未勝利*,7,ダ,1,1200,良,アレット          ,牡,2,浜中俊,55.0,16,11,2,2,0,0.5,6,73.4,"1134",0,0,0,5,4,37.6,506,岡田稲男,栗,200,11100590,01115,01066,0813570311,ゴドルフィン,ダーレー・ジャパン,コマンズ,プリムローズレーン,サンデーサイレンス,青毛,110501,   15.4,  ,    ,45.2
13,11,23,5,京都,7,03,未勝利*,7,ダ,1,1200,良,スマートエビデンス,牡,2,武豊,55.0,16,12,6,6,0,1.1,1,74,"1140",0,0,0,1,1,38.9,502,浅見秀一,栗,0,11100887,00666,00411,0813570312,大川徹,本間牧場,サクラバクシンオー,マルハチリプリー,バブルガムフェロー,鹿毛,110228,    4.0,  ,    ,40.2
13,11,23,5,京都,7,03,未勝利*,7,ダ,1,1200,良,アイズユーニン    ,牝,2,酒井学,54.0,16,13,13,13,0,2,10,74.9,"1149",0,0,0,12,12,38,482,梅内忍,栗,0,11105690,01034,00398,0813570313,江口雄一郎,杵臼牧場,サクラバクシンオー,ナムラエラン,アグネスタキオン,栗毛,110427,   66.8,  ,    ,47.1
13,11,23,5,京都,7,03,未勝利*,7,ダ,1,1200,良,クリノベンザイテン,牝,2,城戸義政,51.0,16,14,16,16,0,3.5,16,76.4,"1164",0,0,0,13,15,39.2,434,藤沢則雄,栗,0,11102079,01147,01041,0813570314,栗本博晴,タイヘイ牧場,ゼンノロブロイ,クレイジーラブ,タイキシャトル,栗毛,110430,  541.5,  ,    ,44.9
13,11,23,5,京都,7,03,未勝利*,7,ダ,1,1200,良,スターリーオレンジ,牝,2,原田敬伍,51.0,16,15,9,9,0,1.5,8,74.4,"1144",0,0,0,6,6,38.3,476,野村彰彦,栗,0,11101445,01148,00375,0813570315,山上和良,久井牧場,サウスヴィグラス,ゲイングローリー,"Mt. Livermore",栗毛,110328,   45.7,  ,    ,44.3
13,11,23,5,京都,7,03,未勝利*,7,ダ,1,1200,良,ドリームアチーブ  ,牡,2,国分恭介,55.0,16,16,14,14,0,2.1,11,75,"1150",0,0,0,16,16,37.6,486,南井克巳,栗,0,11104684,01124,01049,0813570316,ライオンレースホー,畔柳作次,ルールオブロー,バンブーズルド,エアエミネム,黒鹿,110216,   84.1,  ,    ,49.5
13,11,23,5,京都,7,04,障害未勝利,7,ダ,3,2910,良,トキノフウジン    ,牡,6,西谷誠,60.0,12,01,0,0,4,999.9,1,0,"----",0,4,4,1,0,0,460,昆貢,栗,0,07105064,01005,01044,0813570401,田中準市,村田牧場,キングヘイロー,ラヴァーズレーン,メジロライアン,黒鹿,070408,    2.8,  ,    , 0.0
13,11,23,5,京都,7,04,障害未勝利,7,ダ,3,2910,良,ゴーゲッター      ,牡,6,林満明,60.0,12,02,10,10,0,8.8,6,204.6,"3246",0,10,11,10,9,14.1,558,南井克巳,栗,0,07101527,00655,01049,0813570402,松元保,昭和牧場,ゼンノロブロイ,ペレブラッサム,ダンシングブレーヴ,鹿毛,070226,   32.7,  ,    , 0.0
13,11,23,5,京都,7,04,障害未勝利,7,ダ,3,2910,良,ビコーピリラニ    ,牡,3,田村太雅,58.0,12,03,5,5,0,0.8,5,196.6,"3166",0,2,2,6,6,13.5,484,鹿戸明,栗,70,10100590,01105,00368,0813570403,レジェンド,高柳隆男,キングカメハメハ,ビコーソフィア,エンドスウィープ,栗毛,100221,   15.7,  ,    , 0.0
13,11,23,5,京都,7,04,障害未勝利,7,ダ,3,2910,良,カイトケイラー    ,牡,3,平沢健治,58.0,12,04,6,6,0,2.8,11,198.6,"3186",0,5,5,4,3,13.6,486,武宏平,栗,0,10106314,01067,00221,0813570404,鈴木康弘,田鎖牧場,フサイチリシャール,アフロテンユウ,オジジアン,芦毛,100418,  166.3,  ,    , 0.0
13,11,23,5,京都,7,04,障害未勝利,7,ダ,3,2910,良,マイネルフィエスタ,牡,3,熊沢重文,58.0,12,05,2,2,0,0,3,195.8,"3158",0,3,3,2,1,13.5,506,中村均,栗,280,10105629,00652,00261,0813570405,サラブレッドクラブ,タニグチ牧場,シンボリクリスエス,フェリアード,ステートリードン,芦毛,100303,    3.6,  ,    , 0.0
13,11,23,5,京都,7,04,障害未勝利,7,ダ,3,2910,良,ナムラバクサイ    ,牡,3,黒岩悠,58.0,12,06,9,9,0,7.7,8,203.5,"3235",0,12,12,11,10,14,466,目野哲也,栗,0,10101561,01072,00387,0813570406,奈村信重,平野牧場,ワイルドラッシュ,ナムラミステリー,ジェニュイン,栗毛,100315,   99.8,  ,    , 0.0
13,11,23,5,京都,7,04,障害未勝利,7,ダ,3,2910,良,ビレッジトレンディ,牝,3,大江原圭,56.0,12,07,7,7,0,5.1,12,200.9,"3209",0,10,9,8,7,13.8,442,矢野照正,美,0,10105415,01120,00364,0813570407,村山輝雄,川島牧場,ファスリエフ,トレンディーバトー,モガンボ,鹿毛,100412,  179.3,  ,    , 0.0
13,11,23,5,京都,7,04,障害未勝利,7,ダ,3,2910,良,ピースフルアース  ,牡,5,中村将之,60.0,12,08,8,8,0,5.2,10,201,"3210",0,9,8,9,8,13.8,484,本田優,栗,0,08102790,01101,01099,0813570408,社台レースホース,社台ファーム,ステイゴールド,エアピース,ティンバーカントリー,鹿毛,080429,  136.4,  ,    , 0.0
13,11,23,5,京都,7,04,障害未勝利,7,ダ,3,2910,良,テイエムドンマイ  ,牡,5,北沢伸也,60.0,12,09,4,4,0,0.7,4,196.5,"3165",0,7,7,7,5,13.5,510,福島信晴,栗,110,08102127,00691,00396,0813570409,竹園正繼,高岸順一,プリサイスエンド,エンピリカル,Miswaki,黒鹿,080326,    6.5,  ,    , 0.0
13,11,23,5,京都,7,04,障害未勝利,7,ダ,3,2910,良,マーリンシチー    ,牡,7,植野貴也,60.0,12,10,3,3,0,0.7,7,196.5,"3165",0,5,5,4,4,13.5,464,作田誠二,栗,180,06106608,00727,01006,0813570410,友駿ホースクラブ,幾千世牧場,キングカメハメハ,ナンバーワンシチー,ノーザンテースト,鹿毛,060412,   34.5,  ,    , 0.0
13,11,23,5,京都,7,04,障害未勝利,7,ダ,3,2910,良,ヤマニンアーマー  ,牡,5,白浜雄造,60.0,12,11,1,1,0,0,2,195.8,"3158",0,1,1,3,2,13.5,466,浅見秀一,栗,700,08104791,01035,00411,0813570411,土井肇,錦岡牧場,ヤマニンセラフィム,ヤマニンファセット,ムタファーウエク,鹿毛,080213,    3.3,  ,    , 0.0
13,11,23,5,京都,7,04,障害未勝利,7,ダ,3,2910,良,キレイナダケデス  ,牝,4,森一馬,57.0,12,12,11,11,0,11.8,9,207.6,"3276",0,8,9,12,11,14.3,484,田中章博,栗,0,09104894,01139,00413,0813570412,小田切有一,中地康弘,オレハマッテルゼ,マナーリー,ラグビーボール,栗毛,090605,  135.8,  ,    , 0.0
13,11,23,5,京都,7,05,未勝利*,7,芝,0,2000,良,ジョウノムサシ    ,牡,2,Ｍ．デム,55.0,18,01,1,1,0,0,2,121.1,"2011",0,2,1,1,1,34.8,480,森秀行,栗,500,11100290,05212,00427,0813570501,小川義勝,三城牧場,バゴ,ジョウノカトリーヌ,サンデーサイレンス,鹿毛,110421,    4.3,  ,    ,56.3
13,11,23,5,京都,7,05,未勝利*,7,芝,0,2000,良,フドーシン        ,牡,2,藤岡康太,55.0,18,02,12,12,0,1.3,14,122.4,"2024",0,5,5,8,9,35.5,490,矢作芳人,栗,0,11100973,01116,01075,0813570502,林正道,モリナガファーム,ステイゴールド,ナカミファンタジア,モガミ,黒鹿,110423,   84.7,  ,    ,54.9
13,11,23,5,京都,7,05,未勝利*,7,芝,0,2000,良,マイネルプレッジ  ,牡,2,浜中俊,55.0,18,03,14,14,0,1.5,9,122.6,"2026",0,14,16,11,11,35.4,432,宮本博,栗,0,11104725,01115,01073,0813570503,サラブレッドクラブ,コスモヴューファー,ステイゴールド,マイネアモーレ,アンバーシヤダイ,鹿毛,110502,   24.3,  ,    ,55.6
13,11,23,5,京都,7,05,未勝利*,7,芝,0,2000,良,レッドアルゴ      ,牡,2,ルメール,55.0,18,04,4,4,0,0.5,3,121.6,"2016",0,4,4,4,4,34.9,534,友道康夫,栗,75,11105134,05339,01061,0813570504,東京ホースレーシン,ハシモトフアーム,クロフネ,ハリウッドドリーム,バブルガムフェロー,鹿毛,110127,    4.3,  ,    ,56.5
13,11,23,5,京都,7,05,未勝利*,7,芝,0,2000,良,アクアマリンブレス,牡,2,岩田康誠,55.0,18,05,7,7,0,0.6,6,121.7,"2017",0,8,8,10,9,34.8,498,浅見秀一,栗,0,11103761,05203,00411,0813570505,サンデーレーシング,ノーザンファーム,キングカメハメハ,アメジストリング,フジキセキ,黒鹿,110311,   10.0,  ,    ,57.0
13,11,23,5,京都,7,05,未勝利*,7,芝,0,2000,良,デュエット        ,牝,2,秋山真一,54.0,18,06,11,11,0,1.2,13,122.3,"2023",0,14,12,11,13,35.1,434,須貝尚介,栗,0,11104479,01019,01105,0813570506,吉田照哉,社台ファーム,コンデュイット,ランニングヒロイン,サンデーサイレンス,鹿毛,110325,   84.2,  ,    ,56.5
13,11,23,5,京都,7,05,未勝利*,7,芝,0,2000,良,シゲルヒダカ      ,牡,2,森一馬,52.0,18,07,15,15,0,2.2,16,123.3,"2033",0,8,10,11,15,35.8,504,小原伊佐,栗,0,11102112,01139,00337,0813570507,森中蕃,武牧場,スリーロールス,スズカダーリン,タイキシャトル,黒鹿,110428,  464.8,  ,    ,54.7
13,11,23,5,京都,7,05,未勝利*,7,芝,0,2000,良,コスモミレディー  ,牝,2,菱田裕二,53.0,18,08,13,13,0,1.4,12,122.5,"2025",0,10,12,16,17,34.8,434,飯田雄三,栗,0,11104714,01144,01050,0813570508,ビッグレッドファー,コスモヴューファー,コンデュイット,グレートキャティ,サクラユタカオー,栗毛,110223,   65.5,  ,    ,58.0
13,11,23,5,京都,7,05,未勝利*,7,芝,0,2000,良,テイエムイチリュウ,牡,2,国分優作,55.0,18,09,18,18,0,2.7,17,123.8,"2038",0,18,17,16,15,36.3,482,五十嵐忠,栗,0,11101602,01125,00422,0813570509,竹園正繼,山際牧場,バゴ,サンデーブレーヴ,ダンシングブレーヴ,栗毛,110312,  490.1,  ,    ,53.3
13,11,23,5,京都,7,05,未勝利*,7,芝,0,2000,良,ハギノハイブリッド,牡,2,幸英明,55.0,18,10,9,9,0,0.8,4,121.9,"2019",0,13,14,15,14,34.4,454,松田国英,栗,0,11104344,00732,01011,0813570510,日隈良江,社台ファーム,タニノギムレット,ハッピーペインター,トニービン,栗毛,110221,    8.9,  ,    ,59.0
13,11,23,5,京都,7,05,未勝利*,7,芝,0,2000,良,アドマイヤデウス  ,牡,2,和田竜二,55.0,18,11,2,2,0,0,5,121.1,"2011",0,10,9,4,4,34.4,470,橋田満,栗,200,11105911,01018,00362,0813570511,近藤利一,辻牧場,アドマイヤドン,ロイヤルカード,サンデーサイレンス,栗毛,110606,    9.9,  ,    ,58.0
13,11,23,5,京都,7,05,未勝利*,7,芝,0,2000,良,ジョウショーノブシ,牡,2,国分恭介,55.0,18,12,17,17,0,2.4,18,123.5,"2035",0,17,17,18,17,35.7,462,西橋豊治,栗,0,11106288,01124,00434,0813570512,熊田義孝,上田昭治,サムライハート,ジョウショークイン,ディアブロ,鹿毛,110310,  560.2,  ,    ,55.4
13,11,23,5,京都,7,05,未勝利*,7,芝,0,2000,良,テイエムボッケモン,牡,2,古川吉洋,55.0,18,13,16,16,0,2.3,15,123.4,"2034",0,10,11,11,11,36.2,482,木原一良,栗,0,11109185,01015,01033,0813570513,竹園正繼,テイエム牧場,マーベラスサンデー,テイエムアゲシオ,フォーティナイナー,栗毛,110228,  153.3,  ,    ,53.2
13,11,23,5,京都,7,05,未勝利*,7,芝,0,2000,良,デビル            ,牡,2,福永祐一,55.0,18,14,10,10,0,1.1,7,122.2,"2022",0,5,5,3,3,35.6,510,笹田和秀,栗,0,11103922,01014,01104,0813570514,寺田寿男,ノーザンファーム,ダイワメジャー,スプリットザナイト,トニービン,黒鹿,110310,   19.2,  ,    ,54.3
13,11,23,5,京都,7,05,未勝利*,7,芝,0,2000,良,クールオープニング,牡,2,武豊,55.0,18,15,8,8,0,0.8,8,121.9,"2019",0,7,7,7,7,35.1,438,橋口弘次,栗,0,11105107,00666,00343,0813570515,前田晋二,ノースヒルズ,マンハッタンカフェ,ファレノプシス,ブライアンズタイム,青鹿,110209,   20.5,  ,    ,56.0
13,11,23,5,京都,7,05,未勝利*,7,芝,0,2000,良,イイデフューチャー,牡,2,松田大作,55.0,18,16,6,6,0,0.6,11,121.7,"2017",0,1,2,2,2,35.3,448,北出成人,栗,0,11105451,01030,01078,0813570516,松本俊廣,山岡ファーム,アドマイヤジャパン,パレガルニエ,シアトルダンサー2,黒鹿,110403,   38.9,  ,    ,54.9
13,11,23,5,京都,7,05,未勝利*,7,芝,0,2000,良,マイネボニータ    ,牝,2,中井裕二,53.0,18,17,3,3,0,0.5,10,121.6,"2016",0,3,3,4,4,34.9,400,田所秀孝,栗,130,11104731,01141,01009,0813570517,サラブレッドクラブ,コスモヴューファー,コンデュイット,マイネシャリマー,ムタファーウエク,栗毛,110418,   36.9,  ,    ,56.5
13,11,23,5,京都,7,05,未勝利*,7,芝,0,2000,良,ペンタトニック    ,牡,2,ビュイッ,55.0,18,18,5,5,0,0.5,1,121.6,"2016",0,14,14,8,7,34.7,484,大久保龍,栗,50,11104056,05495,01058,0813570518,吉田勝己,ノーザンファーム,ジャングルポケット,ポップス,サンデーサイレンス,栗毛,110331,    4.3,  ,    ,57.3
13,11,23,5,京都,7,06,新馬,15,ダ,1,1200,良,スマッシュヒット  ,牡,2,和田竜二,55.0,10,01,10,10,0,2.9,6,77.2,"1172",0,0,0,6,6,39.7,480,山内研二,栗,0,11103227,01018,00388,0813570601,山田貞蔵,猿橋義昭,グラスワンダー,オンロード,ラストタイクーン,黒鹿,110317,   23.3,  ,    ,44.5
13,11,23,5,京都,7,06,新馬,15,ダ,1,1200,良,ミキノグランプリ  ,牡,2,国分恭介,55.0,10,02,3,3,0,0.4,10,74.7,"1147",0,0,0,1,1,38,434,南井克巳,栗,145,11106559,01124,01049,0813570602,谷口久和,浦河育成牧場,タイムパラドックス,ミキノモナコ,ディアブロ,栗毛,110425,   95.1,  ,    ,46.6
13,11,23,5,京都,7,06,新馬,15,ダ,1,1200,良,トウケイタイガー  ,牡,2,福永祐一,55.0,10,03,1,1,0,-0.2,1,74.3,"1143",0,0,0,4,4,37.3,464,清水久詞,栗,700,11102063,01014,01110,0813570603,木村信彦,下村繁正,タイムパラドックス,ヒノデモンテローザ,マルゼンスキー,黒鹿,110531,    1.6,  ,    ,49.2
13,11,23,5,京都,7,06,新馬,15,ダ,1,1200,良,ビートゴーズオン  ,牝,2,川田将雅,54.0,10,04,3,3,0,0.4,3,74.7,"1147",0,0,0,8,8,37,466,鮫島一歩,栗,145,11103627,01088,01046,0813570604,社台レースホース,社台コーポレーショ,Curlin,タドウィガ,"Fairy King",栗毛,110319,    6.9,  ,    ,51.9
13,11,23,5,京都,7,06,新馬,15,ダ,1,1200,良,エスケイキング    ,牡,2,池添謙一,55.0,10,05,8,8,0,1.4,7,75.7,"1157",0,0,0,6,6,38.2,480,清水出美,栗,0,11103284,01032,00369,0813570605,廣嶋誠二,中神牧場,ブラックタイド,マキシマムデニール,ノーザンテースト,青鹿,110504,   49.6,  ,    ,48.2
13,11,23,5,京都,7,06,新馬,15,ダ,1,1200,良,メイショウパワーズ,牡,2,武幸四郎,55.0,10,06,5,5,0,1,4,75.3,"1153",0,0,0,10,10,37,474,本田優,栗,70,11103387,01026,01099,0813570606,松本好雄,村下明博,メイショウボーラー,マイラッキー,"Elusive Quality",栗毛,110327,   12.0,  ,    ,53.5
13,11,23,5,京都,7,06,新馬,15,ダ,1,1200,良,ヒミノマンサク    ,牝,2,松山弘平,54.0,10,07,9,9,0,2.3,9,76.6,"1166",0,0,0,8,9,38.8,446,川村禎彦,栗,0,11101028,01126,01003,0813570607,佐々木八郎,若林武雄,サウスヴィグラス,ヒミノキセキ,フジキセキ,栗毛,110325,   82.1,  ,    ,47.4
13,11,23,5,京都,7,06,新馬,15,ダ,1,1200,良,サンレイクウッド  ,牡,2,浜中俊,55.0,10,08,2,2,0,0.2,2,74.5,"1145",0,0,0,2,2,37.7,514,谷潔,栗,280,11102837,01115,00431,0813570608,加藤信之,真壁信一,サンライズペガサス,テーオーグレース,メジロライアン,鹿毛,110430,    4.0,  ,    ,47.6
13,11,23,5,京都,7,06,新馬,15,ダ,1,1200,良,ステキナシンノスケ,牡,2,大下智,55.0,10,09,6,6,0,1,8,75.3,"1153",0,0,0,2,2,38.5,502,野中賢二,栗,0,11104697,01111,01098,0813570609,池田實,小泉牧場,ファスリエフ,タケカワルキューレ,ダンスインザダーク,青鹿,110219,   65.6,  ,    ,45.6
13,11,23,5,京都,7,06,新馬,15,ダ,1,1200,良,タマモグラッセ    ,牝,2,水口優也,54.0,10,10,7,7,0,1.2,5,75.5,"1155",0,0,0,5,5,38.2,438,木原一良,栗,0,11102612,01133,01033,0813570610,タマモ,前田牧場,サウスヴィグラス,チャームマロン,テイエムオペラオー,栗毛,110301,   22.5,  ,    ,47.6
13,11,23,5,京都,7,07,新馬,15,芝,0,1600,良,ミッキーラブソング,牡,2,ルメール,55.0,14,01,6,6,0,0.6,6,96.6,"1366",0,0,0,13,10,34.3,464,橋口弘次,栗,0,11104231,05339,00343,0813570701,野田みづき,社台ファーム,キングカメハメハ,コイウタ,フジキセキ,黒鹿,110404,   22.2,  ,    ,59.0
13,11,23,5,京都,7,07,新馬,15,芝,0,1600,良,ミキノブルーグラス,牡,2,熊沢重文,55.0,14,02,10,10,0,1.1,8,97.1,"1371",0,0,0,3,3,35.5,504,大橋勇樹,栗,0,11102491,00652,01065,0813570702,谷口久和,福岡清,グラスワンダー,コガネセンガン,クリスタルパレス,鹿毛,110321,   28.4,  ,    ,54.1
13,11,23,5,京都,7,07,新馬,15,芝,0,1600,良,リリカルホイッスル,牝,2,藤岡康太,54.0,14,03,3,3,0,0.3,7,96.3,"1363",0,0,0,9,7,34.3,430,宮徹,栗,180,11103619,01116,01018,0813570703,シルクレーシング,社台コーポレーショ,ゼンノロブロイ,ストームホイッスル,ブライアンズタイム,黒鹿,110109,   28.1,  ,    ,58.5
13,11,23,5,京都,7,07,新馬,15,芝,0,1600,良,ナッハフォルガー  ,牡,2,幸英明,55.0,14,04,9,9,0,1,10,97,"1370",0,0,0,10,10,34.8,460,中竹和也,栗,0,11103506,00732,01039,0813570704,前田幸治,追分ファーム,ウォーエンブレム,クリックヒア,サンデーサイレンス,青鹿,110121,   35.8,  ,    ,57.2
13,11,23,5,京都,7,07,新馬,15,芝,0,1600,良,マホン            ,牝,2,高倉稜,54.0,14,05,2,2,0,0.1,13,96.1,"1361",0,0,0,1,1,34.9,472,加藤敬二,栗,280,11100774,01130,00379,0813570705,重松國建,春木昭雄,グラスワンダー,プライベートビーチ,トウカイテイオー,栗毛,110312,  224.9,  ,    ,55.2
13,11,23,5,京都,7,07,新馬,15,芝,0,1600,良,ハッピーベリー    ,牝,2,畑端省吾,54.0,14,06,14,14,0,2.3,12,98.3,"1383",0,0,0,10,12,36,472,境直行,栗,0,11105691,01057,00346,0813570706,岩崎僖澄,杵臼牧場,カンパニー,ハッピースキャット,ドクターデヴィアス,鹿毛,110409,  109.0,  ,    ,53.8
13,11,23,5,京都,7,07,新馬,15,芝,0,1600,良,アドマイヤラブ    ,牝,2,福永祐一,54.0,14,07,8,8,0,0.9,2,96.9,"1369",0,0,0,5,5,35.1,462,橋田満,栗,0,11103747,01014,00362,0813570707,近藤利一,ノーザンファーム,アドマイヤムーン,アドマイヤカンナ,ブライアンズタイム,鹿毛,110203,    6.8,  ,    ,55.6
13,11,23,5,京都,7,07,新馬,15,芝,0,1600,良,アグネスキング    ,牡,2,四位洋文,55.0,14,08,1,1,0,-0.1,9,96,"1360",0,0,0,2,2,34.7,508,長浜博之,栗,700,11105918,00700,00395,0813570708,渡辺公美子,富田牧場,スタチューオブリバティ,アグネスルビー,タニノギムレット,黒鹿,110309,   29.9,  ,    ,56.0
13,11,23,5,京都,7,07,新馬,15,芝,0,1600,良,ロゴマーク        ,牝,2,Ｍ．デム,54.0,14,09,11,11,0,1.2,4,97.2,"1372",0,0,0,3,3,35.6,480,今野貞一,栗,0,11104274,05212,01128,0813570709,市川義美,社台ファーム,チチカステナンゴ,ステレオタイプ,サンデーサイレンス,青鹿,110323,    7.1,  ,    ,53.8
13,11,23,5,京都,7,07,新馬,15,芝,0,1600,良,ティーパンサー    ,牡,2,菱田裕二,54.0,14,10,13,13,0,2.1,14,98.1,"1381",0,0,0,10,13,35.8,450,田所秀孝,栗,0,11103044,01144,01009,0813570710,深見富朗,イーストファーム,ディープスカイ,タツグレース,ボストンハーバー,栗毛,110321,  280.1,  ,    ,54.4
13,11,23,5,京都,7,07,新馬,15,芝,0,1600,良,ビキニスタイル    ,牝,2,川田将雅,54.0,14,11,4,4,0,0.3,1,96.3,"1363",0,0,0,5,5,34.5,434,松田博資,栗,110,11103653,01088,00348,0813570711,石川達絵,社台コーポレーショ,ディープインパクト,フィバリッシュ,トニービン,黒鹿,110512,    1.9,  ,    ,57.5
13,11,23,5,京都,7,07,新馬,15,芝,0,1600,良,サヴィルロウ      ,牡,2,秋山真一,55.0,14,12,7,7,0,0.8,3,96.8,"1368",0,0,0,7,7,34.8,476,平田修,栗,0,11104265,01019,01082,0813570712,社台レースホース,社台ファーム,ダイワメジャー,ジェミードレス,トニービン,黒鹿,110522,    7.0,  ,    ,56.9
13,11,23,5,京都,7,07,新馬,15,芝,0,1600,良,ファイネスト      ,牡,2,浜中俊,55.0,14,13,12,12,0,1.8,11,97.8,"1378",0,0,0,14,14,35,476,荒川義之,栗,0,11103587,01115,01095,0813570713,キャロットファーム,社台コーポレーショ,ゼンノロブロイ,クリームオンリー,"Exchange Rate",栗毛,110217,   90.0,  ,    ,57.7
13,11,23,5,京都,7,07,新馬,15,芝,0,1600,良,クレアドール      ,牝,2,武豊,54.0,14,14,5,5,0,0.4,5,96.4,"1364",0,0,0,7,7,34.4,484,松永幹夫,栗,70,11104052,00666,01092,0813570714,サンデーレーシング,ノーザンファーム,ハーツクライ,ホワットケイティーディド,Nureyev,青鹿,110520,   10.3,  ,    ,58.1
13,11,23,5,京都,7,08,500万下,23,芝,8,1600,良,ダノンルージュ    ,牝,3,岩田康誠,54.0,18,01,1,1,0,0,5,93.8,"1338",0,0,0,6,6,33.9,460,藤原英昭,栗,720,10104262,05203,01055,0813570801,ダノックス,ノーザンファーム,サクラバクシンオー,フォトジェニー,スペシャルウィーク,鹿毛,100518,   11.8,  ,    ,56.0
13,11,23,5,京都,7,08,500万下,23,芝,8,1600,良,アチーヴ          ,牡,3,藤岡康太,56.0,18,02,11,11,0,0.8,12,94.6,"1346",0,0,0,18,18,33.2,464,加藤敬二,栗,0,10101478,01116,00379,0813570802,前田晋二,土居忠吉,フジキセキ,プレシャスマンデー,アフリート,黒鹿,100319,   31.2,  ,    ,61.0
13,11,23,5,京都,7,08,500万下,23,芝,8,1600,良,エインセル        ,牝,3,Ｍ．デム,54.0,18,03,6,6,0,0.5,6,94.3,"1343",0,0,0,16,16,33.4,432,牧田和弥,栗,0,10103871,05212,01123,0813570803,吉田照哉,社台ファーム,メイショウサムソン,ピクシーダスト,サンデーサイレンス,鹿毛,100402,   12.9,  ,    ,59.4
13,11,23,5,京都,7,08,500万下,23,芝,8,1600,良,ビリオネア        ,牝,3,太宰啓介,54.0,18,04,7,7,0,0.5,16,94.3,"1343",0,0,0,1,1,35.2,440,藤岡範士,栗,0,10102894,01037,00289,0813570804,間野隆司,田中裕之,タニノギムレット,タフネススター,ラグビーボール,鹿毛,100410,  251.1,  ,    ,50.7
13,11,23,5,京都,7,08,500万下,23,芝,8,1600,良,ジューヴルエール  ,牡,3,ビュイッ,56.0,18,05,10,10,0,0.7,7,94.5,"1345",0,0,0,9,8,34.3,468,池江泰寿,栗,0,10104309,05495,01071,0813570805,シルクレーシング,ノーザンファーム,ディープインパクト,マチカネタマカズラ,Kingmambo,黒鹿,100123,   15.6,  ,    ,55.3
13,11,23,5,京都,7,08,500万下,23,芝,8,1600,良,マナウス          ,牡,4,酒井学,57.0,18,06,17,17,0,2.5,18,96.3,"1363",0,0,0,8,8,36.2,482,小崎憲,栗,0,09104319,01034,01085,0813570806,鈴木義孝,矢野牧場,ダイワメジャー,マドモアゼルシッシ,"Sadler's Wells",鹿毛,090223,  374.6,  ,    ,49.6
13,11,23,5,京都,7,08,500万下,23,芝,8,1600,良,タガノゴージャス  ,牝,3,幸英明,54.0,18,07,18,18,0,3.2,14,97,"1370",0,0,0,4,4,37.4,420,鈴木孝志,栗,0,10105759,00732,01111,0813570807,八木良司,新冠タガノファーム,キングカメハメハ,タガノグラマラス,スペシャルウィーク,鹿毛,100419,  161.1,  ,    ,45.6
13,11,23,5,京都,7,08,500万下,23,芝,8,1600,良,デンコウタフネス  ,牡,4,国分優作,57.0,18,08,12,12,0,0.8,15,94.6,"1346",0,0,0,14,15,33.8,442,梅内忍,栗,0,09100675,01125,00398,0813570808,田中康弘,日進牧場,ステイゴールド,リボンストロベリー,デインヒル,鹿毛,090404,  199.5,  ,    ,57.9
13,11,23,5,京都,7,08,500万下,23,芝,8,1600,良,スリーネイチャー  ,牝,4,水口優也,55.0,18,09,16,16,0,1.4,17,95.2,"1352",0,0,0,12,11,34.7,452,湯窪幸雄,栗,0,09103404,01133,01057,0813570809,永井商事,岡野牧場,スズカマンボ,スリーネーション,チーフベアハート,黒鹿,090306,  278.4,  ,    ,54.6
13,11,23,5,京都,7,08,500万下,23,芝,8,1600,良,エーシンクーフラン,牡,4,秋山真一,57.0,18,10,15,15,0,1.3,13,95.1,"1351",0,0,0,9,11,34.7,486,野中賢二,栗,0,09100244,01019,01098,0813570810,栄進堂,栄進牧場,ハーツクライ,サンタマリアガール,"High Yield",青毛,090212,  157.2,  ,    ,54.4
13,11,23,5,京都,7,08,500万下,23,芝,8,1600,良,スナイプビッド    ,牡,5,小牧太,57.0,18,11,13,13,0,0.9,11,94.7,"1347",0,0,0,14,14,34.1,490,大久保龍,栗,0,08110004,00894,01058,0813570811,社台レースホース,"Fontainebleau Farm",Theatrical,"Antique Auction","Geiger Counter",鹿毛,080318,   28.5,  ,    ,56.6
13,11,23,5,京都,7,08,500万下,23,芝,8,1600,良,ヤマニンプードレ  ,牝,3,浜中俊,54.0,18,12,8,8,0,0.6,2,94.4,"1344",0,0,0,9,8,34.2,468,河内洋,栗,0,10105807,01115,01072,0813570812,土井肇,錦岡牧場,チチカステナンゴ,ヤマニンカルフール,エリシオ,芦毛,100422,    6.7,  ,    ,55.6
13,11,23,5,京都,7,08,500万下,23,芝,8,1600,良,アドマイヤバートン,牡,5,川田将雅,57.0,18,13,14,14,0,0.9,9,94.7,"1347",0,0,0,16,16,33.9,488,松田博資,栗,0,08103047,01088,00348,0813570813,近藤利一,社台ファーム,ジャングルポケット,リズムオブザレイン,サンデーサイレンス,栗毛,080516,   18.4,  ,    ,57.6
13,11,23,5,京都,7,08,500万下,23,芝,8,1600,良,アドマイヤキンカク,牡,3,福永祐一,56.0,18,14,2,2,0,0,1,93.8,"1338",0,0,0,5,5,34.1,444,友道康夫,栗,290,10104189,01014,01061,0813570814,近藤利一,ノーザンファーム,ディープインパクト,ソニックグルーヴ,フレンチデピュティ,鹿毛,100118,    2.5,  ,    ,55.0
13,11,23,5,京都,7,08,500万下,23,芝,8,1600,良,レネットグルーヴ  ,牝,3,松山弘平,54.0,18,15,5,5,0,0.3,10,94.1,"1341",0,0,0,6,6,34.2,420,笹田和秀,栗,72,10104041,01126,01104,0813570815,サンデーレーシング,ノーザンファーム,キングカメハメハ,イントゥザグルーヴ,サンデーサイレンス,黒鹿,100408,   25.7,  ,    ,55.1
13,11,23,5,京都,7,08,500万下,23,芝,8,1600,良,マルカファイン    ,牡,4,森一馬,54.0,18,16,9,9,0,0.6,4,94.4,"1344",0,0,0,2,2,35.2,496,松永昌博,栗,0,09100060,01139,01083,0813570816,日下部猛,猿倉牧場,アグネスタキオン,エアイゾルテ,ノーザンテースト,栗毛,090307,    9.3,  ,    ,50.9
13,11,23,5,京都,7,08,500万下,23,芝,8,1600,良,ノーブルコロネット,牝,3,ルメール,54.0,18,17,4,4,0,0.1,3,93.9,"1339",0,0,0,12,11,33.5,472,松永幹夫,栗,110,10103850,05339,01092,0813570817,G1レーシング,社台ファーム,ディープインパクト,ノーブルステラ,Monsun,黒鹿,100207,    7.8,  ,    ,58.2
13,11,23,5,京都,7,08,500万下,23,芝,8,1600,良,ダイナミックウオー,牡,3,川須栄彦,56.0,18,18,3,3,0,0,8,93.8,"1338",0,0,0,3,3,34.3,510,目野哲也,栗,180,10104870,01128,00387,0813570818,小川勲,駿河牧場,フジキセキ,クリノトップレディ,"Salt Lake",黒鹿,100415,   16.7,  ,    ,54.1
13,11,23,5,京都,7,09,京都２歳,131,芝,0,2000,良,シャンパーニュ    ,牡,2,松山弘平,55.0,9,01,5,5,0,0.5,6,121.3,"2013",0,6,7,7,8,34,480,加用正,栗,150,11104477,01126,00425,0813570901,グリーンファーム,社台ファーム,チチカステナンゴ,ラブリネスオブパリ,サンデーサイレンス,芦毛,110319,   22.0,  ,    ,60.0
13,11,23,5,京都,7,09,京都２歳,131,芝,0,2000,良,ラグタイム        ,牝,2,岩田康誠,54.0,9,02,8,8,0,0.7,8,121.5,"2015",0,9,9,9,9,33.9,432,森秀行,栗,0,11102919,05203,00427,0813570902,小田吉男,エクセルマネジメン,ディープインパクト,エーソングフォー,"More Than Ready",鹿毛,110322,   47.3,  ,    ,60.7
13,11,23,5,京都,7,09,京都２歳,131,芝,0,2000,良,マイネルメリエンダ,牡,2,和田竜二,55.0,9,03,7,7,0,0.6,3,121.4,"2014",0,3,3,3,3,34.6,456,和田正一,美,0,11101095,01018,01114,0813570903,サラブレッドクラブ,高橋幸男,チーフベアハート,ホッカイショコラ,スペシャルウィーク,栗毛,110406,   12.3,  ,    ,57.5
13,11,23,5,京都,7,09,京都２歳,131,芝,0,2000,良,ヤマニンアリエッタ,牝,2,高倉稜,54.0,9,04,6,6,0,0.6,9,121.4,"2014",0,5,5,5,6,34.4,494,山内研二,栗,0,11105064,01130,00388,0813570904,土井肇,錦岡牧場,シンボリクリスエス,ヤマニンファビュル,エアジハード,黒鹿,110311,   97.8,  ,    ,58.4
13,11,23,5,京都,7,09,京都２歳,131,芝,0,2000,良,ピークトラム      ,牡,2,ルメール,55.0,9,05,4,4,0,0.3,2,121.1,"2011",0,4,3,3,3,34.3,484,橋口弘次,栗,230,11104293,05339,00343,0813570905,冨田藤男,社台ファーム,チチカステナンゴ,タッチザピーク,スペシャルウィーク,黒鹿,110508,    3.9,  ,    ,58.5
13,11,23,5,京都,7,09,京都２歳,131,芝,0,2000,良,アグネスドリーム  ,牡,2,川田将雅,55.0,9,06,2,2,0,0,5,120.8,"2008",0,1,1,1,1,34.5,460,森秀行,栗,600,11103256,01088,00427,0813570906,渡辺公美子,高松牧場,マンハッタンカフェ,アグネスカルミア,"Came Home",黒鹿,110410,   14.9,  ,    ,57.2
13,11,23,5,京都,7,09,京都２歳,131,芝,0,2000,良,サトノロブロイ    ,牡,2,松田大作,55.0,9,07,3,3,0,0.2,4,121,"2010",0,2,2,2,2,34.5,518,南井克巳,栗,380,11102526,01030,01049,0813570907,里見治,フジワラフアーム,ゼンノロブロイ,ヴィヴァシャスヴィヴィアン,"Distorted Humor",鹿毛,110509,   12.7,  ,    ,57.5
13,11,23,5,京都,7,09,京都２歳,131,芝,0,2000,良,マコトサダイジン  ,牡,2,福永祐一,55.0,9,08,9,9,0,1.2,7,122,"2020",0,6,6,5,5,35,442,松田国英,栗,0,11105044,01014,01011,0813570908,ディアマント,新冠橋本牧場,キングカメハメハ,マコトマンリョウ,サンデーサイレンス,栗毛,110329,   40.4,  ,    ,56.5
13,11,23,5,京都,7,09,京都２歳,131,芝,0,2000,良,トーセンスターダム,牡,2,武豊,55.0,9,09,1,1,0,0,1,120.8,"2008",0,8,8,7,6,33.6,480,池江泰寿,栗,1500,11103748,00666,01071,0813570909,島川隆哉,ノーザンファーム,ディープインパクト,アドマイヤキラメキ,エンドスウィープ,黒鹿,110314,    1.5,  ,    ,61.2
13,11,23,5,京都,7,10,花背特別1000,43,ダ,1,1800,良,ブルータンザナイト,牡,4,川須栄彦,57.0,16,01,11,11,0,1,4,112.6,"1526",0,16,16,16,15,36.4,554,吉田直弘,栗,0,09103965,01128,01101,0813571001,桜井欣吾,飛野牧場,ブライアンズタイム,キーブギー,Lyphard,青鹿,090312,   10.0,  ,    ,54.7
13,11,23,5,京都,7,10,花背特別1000,43,ダ,1,1800,良,タイセイウインディ,牡,3,松山弘平,55.0,16,02,16,16,0,4.3,11,115.9,"1559",0,1,1,2,5,41.5,452,高野友和,栗,0,10102713,01126,01117,0813571002,田中成奉,酒井秀紀,マンハッタンカフェ,フィクシャス,Kingmambo,黒鹿,100420,   33.0,  ,    ,39.6
13,11,23,5,京都,7,10,花背特別1000,43,ダ,1,1800,良,ヒラボクプリンス  ,牡,3,浜中俊,55.0,16,03,2,2,0,0,9,111.6,"1516",0,9,9,8,7,36.4,484,加藤敬二,栗,580,10104680,01115,00379,0813571003,平田牧場,大柳ファーム,ストラヴィンスキー,ヒラボクキャロル,ダンスインザダーク,鹿毛,100322,   18.2,  ,    ,53.3
13,11,23,5,京都,7,10,花背特別1000,43,ダ,1,1800,良,エイヴィアンボス  ,牡,3,武豊,55.0,16,04,13,13,0,1.3,8,112.9,"1529",0,5,5,7,8,37.7,534,橋口弘次,栗,0,10100895,00666,00343,0813571004,桑畑隆信,浜本牧場,シンボリクリスエス,ツルマルオジョウ,ダンスインザダーク,鹿毛,100611,   17.5,  ,    ,49.7
13,11,23,5,京都,7,10,花背特別1000,43,ダ,1,1800,良,アテンファースト  ,牡,3,城戸義政,55.0,16,05,14,14,0,1.5,16,113.1,"1531",0,9,9,11,12,37.4,474,田中章博,栗,0,10104902,01147,00413,0813571005,玉置潔,多田善弘,オレハマッテルゼ,ニューフェアリー,フレンチデピュティ,栗毛,100525,  353.4,  ,    ,51.2
13,11,23,5,京都,7,10,花背特別1000,43,ダ,1,1800,良,カッパドキア      ,牡,3,松田大作,55.0,16,06,7,7,0,0.4,10,112,"1520",0,14,14,13,12,36.1,478,昆貢,栗,0,10104962,01030,01044,0813571006,寺田千代乃,辻牧場,キングカメハメハ,コンサーンナッカ,Concern,黒鹿,100507,   28.6,  ,    ,55.1
13,11,23,5,京都,7,10,花背特別1000,43,ダ,1,1800,良,ラローザブル      ,牡,3,幸英明,55.0,16,07,8,8,0,0.5,6,112.1,"1521",0,15,15,13,14,36.1,506,西浦勝一,栗,0,10104815,00732,01016,0813571007,高樽さゆり,斉藤英牧場,プリサイスエンド,フェアナタリー,ダンスインザダーク,栗毛,100520,   12.3,  ,    ,55.3
13,11,23,5,京都,7,10,花背特別1000,43,ダ,1,1800,良,ゴールデンヒーロー,牡,3,福永祐一,55.0,16,08,9,9,0,0.7,13,112.3,"1523",0,12,12,11,8,36.7,480,北出成人,栗,0,10104479,01014,01078,0813571008,シルクレーシング,社台コーポレーショ,シンボリクリスエス,プリンセスゴールド,サンデーサイレンス,鹿毛,100202,   42.9,  ,    ,53.0
13,11,23,5,京都,7,10,花背特別1000,43,ダ,1,1800,良,アドマイヤケルソ  ,牡,5,小牧太,57.0,16,09,6,6,0,0.4,7,112,"1520",0,11,11,8,8,36.6,492,橋田満,栗,0,08101638,00894,00362,0813571009,近藤利一,辻牧場,アドマイヤドン,ロイヤルカード,サンデーサイレンス,栗毛,080303,   14.2,  ,    ,53.0
13,11,23,5,京都,7,10,花背特別1000,43,ダ,1,1800,良,クラージュドール  ,牡,3,ルメール,55.0,16,10,4,4,0,0.1,5,111.7,"1517",0,7,7,10,11,36.1,502,池江泰寿,栗,220,10104507,05339,01071,0813571010,社台レースホース,社台コーポレーショ,キングカメハメハ,レクレドール,サンデーサイレンス,鹿毛,100127,   10.2,  ,    ,54.7
13,11,23,5,京都,7,10,花背特別1000,43,ダ,1,1800,良,マイネルクロップ  ,牡,3,Ｍ．デム,55.0,16,11,1,1,0,0,1,111.6,"1516",0,8,7,1,1,37.2,492,飯田雄三,栗,1440,10102637,05212,01050,0813571011,サラブレッドクラブ,グランド牧場,クロフネ,グレートハーベスト,サンデーサイレンス,芦毛,100416,    3.5,  ,    ,50.0
13,11,23,5,京都,7,10,花背特別1000,43,ダ,1,1800,良,ポイントブランク  ,牡,3,岩田康誠,55.0,16,12,5,5,0,0.2,2,111.8,"1518",0,2,2,2,2,37.4,538,友道康夫,栗,144,10104297,05203,01061,0813571012,キャロットファーム,ノーザンファーム,Ghostzapper,ポイントアシュリー,"Point Given",栗毛,100425,    4.7,  ,    ,49.5
13,11,23,5,京都,7,10,花背特別1000,43,ダ,1,1800,良,トウショウヘイロー,牡,4,川田将雅,57.0,16,13,3,3,0,0.1,3,111.7,"1517",0,4,4,4,3,36.8,526,庄野靖志,栗,360,09103927,01088,01087,0813571013,トウショウ産業,トウショウ産業株式,キングヘイロー,アンジュトウショウ,オジジアン,鹿毛,090402,    6.1,  ,    ,51.8
13,11,23,5,京都,7,10,花背特別1000,43,ダ,1,1800,良,ハギノサキガチ    ,牡,3,池添謙一,55.0,16,14,12,12,0,1.2,15,112.8,"1528",0,13,13,13,15,36.8,450,中竹和也,栗,0,10105846,01032,01039,0813571014,日隈良江,ノースヒルズ,アグネスタキオン,ハギノアウグラーレ,Kingmambo,鹿毛,100504,  244.1,  ,    ,53.3
13,11,23,5,京都,7,10,花背特別1000,43,ダ,1,1800,良,メイショウオオカゼ,牡,3,和田竜二,55.0,16,15,15,15,0,1.7,12,113.3,"1533",0,3,3,4,3,38.4,520,南井克巳,栗,0,10106256,01018,01049,0813571015,松本好雄,社台コーポレーショ,スタチューオブリバティ,オーソードレッシイ,ダンスインザダーク,黒鹿,100326,   39.6,  ,    ,47.5
13,11,23,5,京都,7,10,花背特別1000,43,ダ,1,1800,良,エーシンバリントン,牡,5,ビュイッ,57.0,16,16,10,10,0,0.9,14,112.5,"1525",0,5,5,6,5,37.5,478,中尾秀正,栗,0,08101291,05495,01069,0813571016,栄進堂,三嶋牧場,"Awesome Again",バーモントガール,"Mi Cielo",鹿毛,080218,   87.1,  ,    ,50.0
13,11,23,5,京都,7,11,京阪杯G3,163,芝,0,1200,良,アイラブリリ      ,牝,4,幸英明,54.0,17,01,2,2,0,0,8,67.5,"1075",0,0,0,1,1,33.4,452,福島信晴,栗,1500,09103971,00732,00396,0813571101,飛野牧場,飛野牧場,ストラヴィンスキー,チーキーガールズ,トワイニング,鹿毛,090213,   22.6,  ,    ,52.1
13,11,23,5,京都,7,11,京阪杯G3,163,芝,0,1200,良,サイレントソニック,牝,5,武幸四郎,54.0,17,02,15,15,0,0.8,9,68.3,"1083",0,0,0,17,17,32.6,460,国枝栄,美,0,08100343,01026,00399,0813571102,細谷典幸,桜井牧場,ディープインパクト,ムーンライトガーデンズ,"Unbridled's Song",黒鹿,080216,   27.0,  ,    ,59.5
13,11,23,5,京都,7,11,京阪杯G3,163,芝,0,1200,良,アースソニック    ,牡,4,Ｍ．デム,56.0,17,03,1,1,0,0,7,67.5,"1075",0,0,0,2,2,33.3,484,中竹和也,栗,3800,09104934,05212,01039,0813571103,前田幸治,新冠伊藤牧場,クロフネ,ダイヤモンドピアス,サクラユタカオー,鹿毛,090403,   15.8,  ,    ,52.7
13,11,23,5,京都,7,11,京阪杯G3,163,芝,0,1200,良,リトルゲルダ      ,牝,4,川田将雅,54.0,17,04,8,8,0,0.4,12,67.9,"1079",0,0,0,3,3,33.5,482,鮫島一歩,栗,0,09110133,01088,01046,0813571104,栗山良子,"Dapple Bloodstock","Closing Argument","Bijoux Miss",Buddha,芦毛,090329,   36.8,  ,    ,52.7
13,11,23,5,京都,7,11,京阪杯G3,163,芝,0,1200,良,スギノエンデバー  ,牡,5,福永祐一,56.0,17,05,3,3,0,0.1,10,67.6,"1076",0,0,0,3,3,33.2,460,浅見秀一,栗,950,08103919,01014,00411,0813571105,杉山忠国,明治牧場,サクラバクシンオー,シャイニングピアス,ブライアンズタイム,鹿毛,080402,   27.7,  ,    ,53.6
13,11,23,5,京都,7,11,京阪杯G3,163,芝,0,1200,良,マヤノリュウジン  ,牡,6,池添謙一,56.0,17,06,9,9,0,0.4,3,67.9,"1079",0,0,0,5,5,33.3,528,庄野靖志,栗,0,07103884,01032,01087,0813571106,田所英子,前川隆則,キングヘイロー,ポットブリリアンス,キンググローリアス,栗毛,070322,    5.3,  ,    ,53.9
13,11,23,5,京都,7,11,京阪杯G3,163,芝,0,1200,良,リュンヌ          ,牝,6,岡田祥嗣,54.0,17,07,17,17,0,2.6,15,70.1,"1101",0,0,0,5,6,35.5,480,服部利之,栗,0,07106768,05429,01040,0813571107,吉田修,タガミファーム,クロフネ,レイオブライト,ウイニングチケット,鹿毛,070407,  113.2,  ,    ,47.5
13,11,23,5,京都,7,11,京阪杯G3,163,芝,0,1200,良,ゲシュタルト      ,牡,6,四位洋文,56.0,17,08,13,13,0,0.7,14,68.2,"1082",0,0,0,11,11,33.1,522,長浜博之,栗,0,07104975,00700,00395,0813571108,畑佐博,細川農場,マンハッタンカフェ,エンドレスウェルズ,エンドスウィープ,鹿毛,070225,   97.8,  ,    ,56.0
13,11,23,5,京都,7,11,京阪杯G3,163,芝,0,1200,良,エピセアローム    ,牝,4,浜中俊,54.0,17,09,7,7,0,0.3,2,67.8,"1078",0,0,0,7,6,33,486,石坂正,栗,0,09106383,01115,01022,0813571109,吉田勝己,ノーザンファーム,ダイワメジャー,ラタフィア,Cozzene,栃栗,090201,    4.8,  ,    ,55.5
13,11,23,5,京都,7,11,京阪杯G3,163,芝,0,1200,良,ハノハノ          ,牡,5,酒井学,56.0,17,10,10,10,0,0.5,5,68,"1080",0,0,0,7,8,33.2,468,西園正都,栗,0,08104778,01034,01028,0813571110,錦岡牧場,錦岡牧場,アドマイヤコジーン,プロミネントカット,トニービン,鹿毛,080310,    8.2,  ,    ,54.8
13,11,23,5,京都,7,11,京阪杯G3,163,芝,0,1200,良,ブルーデジャブ    ,セ,6,国分優作,56.0,17,11,6,6,0,0.3,13,67.8,"1078",0,0,0,13,15,32.4,514,大根田裕,栗,0,07104334,01125,01032,0813571111,ブルーマネジメント,ケンブリッジバレー,アドマイヤコジーン,ケンスターダンサー,サクラローレル,芦毛,070515,   52.9,  ,    ,59.3
13,11,23,5,京都,7,11,京阪杯G3,163,芝,0,1200,良,オセアニアボス    ,牡,8,小牧太,56.0,17,12,16,16,0,0.8,17,68.3,"1083",0,0,0,16,15,32.7,494,矢作芳人,栗,0,05110228,00894,01075,0813571112,グランプリ,"Strawberry Hill St","Red Ransom","Touched By God","Sunday Silence",青鹿,050904,  221.1,  ,    ,58.9
13,11,23,5,京都,7,11,京阪杯G3,163,芝,0,1200,良,アドマイヤセプター,牝,5,岩田康誠,54.0,17,13,14,14,0,0.8,6,68.3,"1083",0,0,0,15,13,32.9,490,橋田満,栗,0,08103077,05203,00362,0813571113,近藤利一,ノーザンファーム,キングカメハメハ,アドマイヤグルーヴ,サンデーサイレンス,栗毛,080314,   13.5,  ,    ,57.6
13,11,23,5,京都,7,11,京阪杯G3,163,芝,0,1200,良,サドンストーム    ,牡,4,武豊,56.0,17,14,12,12,0,0.7,11,68.2,"1082",0,0,0,12,11,33,472,西浦勝一,栗,0,09102663,00666,01016,0813571114,H.H.シェイク・モハ,ダーレー・ジャパン,ストーミングホーム,ビールジャント,"Green Desert",栗毛,090414,   34.0,  ,    ,56.7
13,11,23,5,京都,7,11,京阪杯G3,163,芝,0,1200,良,プレイズエターナル,牡,3,ルメール,55.0,17,15,4,4,0,0.3,1,67.8,"1078",0,0,0,9,8,32.9,484,安田隆行,栗,570,10100707,05339,00438,0813571115,H.H.シェイク・モハ,ダーレー・ジャパン,アドマイヤムーン,メイビーフォーエヴァー,Zafonic,黒鹿,100328,    4.2,  ,    ,56.1
13,11,23,5,京都,7,11,京阪杯G3,163,芝,0,1200,良,ラトルスネーク    ,牡,5,ビュイッ,56.0,17,16,5,5,0,0.3,4,67.8,"1078",0,0,0,13,13,32.4,510,須貝尚介,栗,380,08101073,05495,01105,0813571116,吉田和美,タイヘイ牧場,タニノギムレット,ワシントンシティ,"Wagon Master",黒鹿,080318,    6.8,  ,    ,59.3
13,11,23,5,京都,7,11,京阪杯G3,163,芝,0,1200,良,メイショウデイム  ,牝,6,松山弘平,54.0,17,17,11,11,0,0.7,16,68.2,"1082",0,0,0,10,10,33.2,470,佐山優,栗,0,07101565,01126,00357,0813571117,松本和子,太陽牧場,マンハッタンカフェ,メイショウカガヤキ,ヘクタープロテクター,黒鹿,070326,  173.2,  ,    ,55.4
13,11,23,5,京都,7,12,1000万下,43,ダ,1,1400,良,スマートレパード  ,牡,3,武豊,56.0,16,01,2,2,0,0,2,84.6,"1246",0,0,0,1,1,36.7,496,安田隆行,栗,400,10103077,00666,00438,0813571201,大川徹,飛野牧場,ワイルドラッシュ,スウィフトレディー,フジキセキ,栃栗,100424,    6.0,  ,    ,47.9
13,11,23,5,京都,7,12,1000万下,43,ダ,1,1400,良,ツルオカハチマン  ,牡,4,岩田康誠,57.0,16,02,11,11,0,1.1,3,85.7,"1257",0,0,0,9,9,37.3,524,大久保龍,栗,0,09105219,05203,01058,0813571202,居城要,北勝ファーム,ゴールドアリュール,アジヤタイリン,サクラユタカオー,鹿毛,090416,    6.9,  ,    ,47.3
13,11,23,5,京都,7,12,1000万下,43,ダ,1,1400,良,エスジーブルーム  ,牝,4,幸英明,55.0,16,03,14,14,0,1.6,10,86.2,"1262",0,0,0,9,11,37.7,488,藤岡範士,栗,0,09100575,00732,00289,0813571203,竹下千亜子,辻牧場,アフリート,エスジービアンカ,マルゼンスキー,鹿毛,090327,   45.7,  ,    ,46.5
13,11,23,5,京都,7,12,1000万下,43,ダ,1,1400,良,オールブラックス  ,牡,4,浜中俊,57.0,16,04,3,3,0,0.2,1,84.8,"1248",0,0,0,5,4,36.6,490,中尾秀正,栗,250,09100598,01115,01069,0813571204,近藤英子,辻牧場,アグネスデジタル,マチルド,アドマイヤベガ,鹿毛,090515,    1.8,  ,    ,48.8
13,11,23,5,京都,7,12,1000万下,43,ダ,1,1400,良,ヒルノクオリア    ,牡,3,四位洋文,56.0,16,05,15,15,0,1.9,7,86.5,"1265",0,0,0,13,14,37.4,458,昆貢,栗,0,10102009,00700,01044,0813571205,ヒルノ,笠松牧場,ネオユニヴァース,フォーティカラーズ,フォーティナイナー,鹿毛,100320,   26.8,  ,    ,48.5
13,11,23,5,京都,7,12,1000万下,43,ダ,1,1400,良,イエスイットイズ  ,牡,4,国分恭介,57.0,16,06,12,12,0,1.3,11,85.9,"1259",0,0,0,2,2,37.9,524,梅田康雄,栗,0,09105680,01124,00131,0813571206,薪浦亨,吉田三郎,ダイワメジャー,マッキーハピネス,スピニングワールド,鹿毛,090517,   60.3,  ,    ,45.0
13,11,23,5,京都,7,12,1000万下,43,ダ,1,1400,良,アイビーフォールド,牡,6,ビュイッ,57.0,16,07,9,9,0,0.9,14,85.5,"1255",0,0,0,5,7,37.2,466,吉田直弘,栗,0,07103848,05495,01101,0813571207,キャロットファーム,広田牧場,ジャングルポケット,ビューティテイスト,ダンスインザダーク,鹿毛,070510,  213.0,  ,    ,47.4
13,11,23,5,京都,7,12,1000万下,43,ダ,1,1400,良,アルボナンザ      ,牝,3,武幸四郎,54.0,16,08,4,4,0,0.2,9,84.8,"1248",0,0,0,15,16,35.5,464,昆貢,栗,150,10104958,01026,01044,0813571208,エーティー,辻牧場,キングカメハメハ,エスジーボナンザ,ブライアンズタイム,栗毛,100325,   34.1,  ,    ,54.2
13,11,23,5,京都,7,12,1000万下,43,ダ,1,1400,良,トップオブザヘヴン,牝,6,Ｍ．デム,55.0,16,09,5,5,0,0.2,5,84.8,"1248",0,0,0,13,13,35.7,476,本田優,栗,99,07100235,05212,01099,0813571209,グランド牧場,グランド牧場,キングカメハメハ,アイアンドユー,"Silver Hawk",黒鹿,070415,   15.6,  ,    ,53.2
13,11,23,5,京都,7,12,1000万下,43,ダ,1,1400,良,アテーナーズブレス,牝,5,酒井学,55.0,16,10,7,7,0,0.6,8,85.2,"1252",0,0,0,11,11,36.5,468,中村均,栗,0,08110056,01034,00261,0813571210,黒岩晴男,"Green Gates Farm","Malibu Moon",Matsue,Lure,鹿毛,080213,   30.7,  ,    ,50.1
13,11,23,5,京都,7,12,1000万下,43,ダ,1,1400,良,マークスマン      ,牡,3,池添謙一,56.0,16,11,8,8,0,0.8,13,85.4,"1254",0,0,0,15,14,36.1,512,池添兼雄,栗,0,10100651,01032,01021,0813571211,ゴドルフィン,ダーレー・ジャパン,キングヘイロー,コムフレイ,"A.P. Indy",鹿毛,100416,  201.7,  ,    ,52.4
13,11,23,5,京都,7,12,1000万下,43,ダ,1,1400,良,ワイドバッハ      ,牡,4,川田将雅,57.0,16,12,1,1,0,0,6,84.6,"1246",0,0,0,7,7,36.2,484,庄野靖志,栗,990,09106697,01088,01087,0813571212,幅田京子,八木常郎,アジュディケーティング,グリーンヒルレッド,スキャン,鹿毛,090430,   16.6,  ,    ,50.3
13,11,23,5,京都,7,12,1000万下,43,ダ,1,1400,良,サトノジョリー    ,牝,4,ルメール,55.0,16,13,10,10,0,0.9,4,85.5,"1255",0,0,0,7,4,37.1,460,松田国英,栗,0,09102473,05339,01011,0813571213,里見治,下河辺牧場,Bernardini,ハニーローズ,Lode,青鹿,090415,   10.6,  ,    ,47.8
13,11,23,5,京都,7,12,1000万下,43,ダ,1,1400,良,アフリカンハンター,牡,5,小牧太,57.0,16,14,6,6,0,0.5,12,85.1,"1251",0,0,0,12,9,36.3,496,荒川義之,栗,0,08104081,00894,01095,0813571214,ゴドルフィン,グランド牧場,アグネスタキオン,チーター,"Seeking the Gold",栗毛,080427,  100.4,  ,    ,50.8
13,11,23,5,京都,7,12,1000万下,43,ダ,1,1400,良,レディワシントン  ,牝,5,秋山真一,55.0,16,15,16,16,0,4.2,15,88.8,"1288",0,0,0,3,4,40.7,452,吉村圭司,栗,0,08110087,01019,01130,0813571215,鳴戸雄一,"Yuichi Naruto",Vindication,Tenderly,Danehill,鹿毛,080118,  367.3,  ,    ,38.6
13,11,23,5,京都,7,12,1000万下,43,ダ,1,1400,良,ラブリイステラ    ,牝,5,川須栄彦,55.0,16,16,13,13,0,1.5,16,86.1,"1261",0,0,0,3,2,37.9,504,松元茂樹,栗,0,08101364,01128,00419,0813571216,リベリュール,カナイシスタッド,クロフネ,タイキステラ,Miswaki,芦毛,080406,  380.2,  ,    ,45.4
13,11,24,5,京都,8,01,未勝利*,7,ダ,1,1400,良,タカノワールド    ,牡,2,松田大作,55.0,16,01,9,9,0,1.7,5,87.2,"1272",0,0,0,14,11,37.2,470,昆貢,栗,0,11106524,01030,01044,0813580101,山口多賀司,アイオイファーム,ハーツクライ,ダイタクラグーン,グルームダンサー,鹿毛,110305,   11.4,  ,    ,50.8
13,11,24,5,京都,8,01,未勝利*,7,ダ,1,1400,良,サンマルウィーク  ,牡,2,川田将雅,55.0,16,02,11,11,0,2.7,6,88.2,"1282",0,0,0,8,10,38.8,462,牧浦充徳,栗,0,11100506,01088,01113,0813580102,相馬勇,田端牧場,スペシャルウィーク,サンマルアンサー,リンドシェーバー,青鹿,110215,   17.8,  ,    ,45.5
13,11,24,5,京都,8,01,未勝利*,7,ダ,1,1400,良,マジェスティシップ,牡,2,武幸四郎,55.0,16,03,15,15,0,4.2,13,89.7,"1297",0,0,0,16,16,39,452,清水出美,栗,0,11103665,01026,00369,0813580103,キャロットファーム,社台コーポレーショ,クロフネ,プリンセスミラクル,フジキセキ,黒鹿,110309,  208.4,  ,    ,47.5
13,11,24,5,京都,8,01,未勝利*,7,ダ,1,1400,良,シゲルヤシュウ    ,牡,2,菱田裕二,54.0,16,04,16,16,0,4.3,16,89.8,"1298",0,0,0,10,13,40,506,西橋豊治,栗,0,11106301,01144,00434,0813580104,森中蕃,中橋清,アポインテッドデイ,タカミプリムラ,エルハーブ,黒鹿,110326,  293.4,  ,    ,43.4
13,11,24,5,京都,8,01,未勝利*,7,ダ,1,1400,良,カメット          ,牡,2,和田竜二,55.0,16,05,7,7,0,1.4,9,86.9,"1269",0,0,0,1,1,38.8,448,岩元市三,栗,0,11106021,01018,00397,0813580105,林千枝子,細道牧場,ヨハネスブルグ,グランジョイ,ダンスインザダーク,栗毛,110415,   31.2,  ,    ,43.0
13,11,24,5,京都,8,01,未勝利*,7,ダ,1,1400,良,スリーサウス      ,牡,2,国分恭介,55.0,16,06,5,5,0,1.3,10,86.8,"1268",0,0,0,8,8,37.4,466,藤岡範士,栗,50,11102678,01124,00289,0813580106,永井商事,山田牧場,サウスヴィグラス,サクラエレガンス,サクラユタカオー,鹿毛,110415,   56.8,  ,    ,49.1
13,11,24,5,京都,8,01,未勝利*,7,ダ,1,1400,良,タマモライト      ,牡,2,池添謙一,55.0,16,07,3,3,0,0.9,4,86.4,"1264",0,0,0,3,2,38,440,池添兼雄,栗,130,11101820,01032,01021,0813580107,タマモ,岡田牧場,ヨハネスブルグ,チャームライト,ワイルドラッシュ,鹿毛,110303,    8.6,  ,    ,45.5
13,11,24,5,京都,8,01,未勝利*,7,ダ,1,1400,良,オメガヴェンデッタ,牡,2,ルメール,55.0,16,08,1,1,0,-0.8,1,85.5,"1255",0,0,0,2,2,37.3,504,安田隆行,栗,500,11104366,05339,00438,0813580108,原禮子,社台ファーム,ゼンノロブロイ,ビハインドザマスク,ホワイトマズル,鹿毛,110127,    1.8,  ,    ,46.9
13,11,24,5,京都,8,01,未勝利*,7,ダ,1,1400,良,バム              ,牡,2,水口優也,55.0,16,09,12,12,0,3.1,15,88.6,"1286",0,0,0,10,11,38.9,478,崎山博樹,栗,0,11103342,01133,00365,0813580109,北山敏隆,ヒダカフアーム,ワイルドラッシュ,フェザースティッチ,"Silver Hawk",鹿毛,110219,  279.6,  ,    ,45.8
13,11,24,5,京都,8,01,未勝利*,7,ダ,1,1400,良,マルシゲダイハード,牡,2,秋山真一,55.0,16,10,10,10,0,2,8,87.5,"1275",0,0,0,4,4,39.1,498,湯窪幸雄,栗,0,11103052,01019,01057,0813580110,坂東島繁藤,馬道繁樹,アドマイヤドン,ルビーバーミリオン,コマンダーインチーフ,鹿毛,110505,   28.5,  ,    ,42.8
13,11,24,5,京都,8,01,未勝利*,7,ダ,1,1400,良,ガンジー          ,牡,2,幸英明,55.0,16,11,4,4,0,0.9,2,86.4,"1264",0,0,0,5,4,37.9,490,宮本博,栗,75,11100625,00732,01073,0813580111,岡浩二,千葉飯田牧場,アグネスデジタル,レインボークイーン,リンドシェーバー,栗毛,110514,    7.1,  ,    ,46.0
13,11,24,5,京都,8,01,未勝利*,7,ダ,1,1400,良,ストレイトウェザー,牡,2,四位洋文,55.0,16,12,13,13,0,3.8,7,89.3,"1293",0,0,0,14,15,38.9,482,中村均,栗,0,11102480,00700,00261,0813580112,吉岡泰治,原フアーム,スタチューオブリバティ,グラールピアリ,ダンシングブレーヴ,黒鹿,110504,   24.8,  ,    ,47.2
13,11,24,5,京都,8,01,未勝利*,7,ダ,1,1400,良,キタサンウンゲツ  ,牡,2,川須栄彦,55.0,16,13,2,2,0,0.8,3,86.3,"1263",0,0,0,7,7,37.3,508,橋口弘次,栗,200,11101278,01128,00343,0813580113,大野商事,木田祐博,ゴールドアリュール,キタサンオウシャン,Kingmambo,鹿毛,110317,    8.2,  ,    ,48.5
13,11,24,5,京都,8,01,未勝利*,7,ダ,1,1400,良,シゲルエチゴ      ,牡,2,中井裕二,54.0,16,14,6,6,0,1.4,11,86.9,"1269",0,0,0,10,9,37.2,446,川村禎彦,栗,0,11100046,01141,01003,0813580114,ブルアンドベア,新井昭二,デュランダル,ロイヤルライン,クロフネ,芦毛,110430,   71.8,  ,    ,50.2
13,11,24,5,京都,8,01,未勝利*,7,ダ,1,1400,良,テイエムカタナ    ,牡,2,太宰啓介,55.0,16,15,14,14,0,4,14,89.5,"1295",0,0,0,13,13,39.5,424,柴田光陽,栗,0,11101408,01037,00400,0813580115,竹園正繼,中村和夫,クロフネ,ビューティーレディ,サンデーサイレンス,芦毛,110322,  253.4,  ,    ,44.9
13,11,24,5,京都,8,01,未勝利*,7,ダ,1,1400,良,パープルパルピナ  ,牡,2,和田翼,52.0,16,16,8,8,0,1.7,12,87.2,"1272",0,0,0,5,4,38.7,482,野村彰彦,栗,0,11101532,01146,00375,0813580116,中野銀十,三石川上牧場,タイキシャトル,スパイシーソース,"Storm Cat",鹿毛,110324,  175.0,  ,    ,44.0
13,11,24,5,京都,8,02,未勝利*,7,芝,0,1600,良,ウィズアミッション,牝,2,秋山真一,54.0,14,01,2,2,0,0,4,96,"1360",0,0,0,4,3,34.6,420,吉村圭司,栗,200,11110054,01019,01130,0813580201,吉田安惠,"Kushnarenkovo Synd","Danehill Dancer",Kushnarenkovo,"Sadler's Wells",鹿毛,110323,    9.5,  ,    ,56.5
13,11,24,5,京都,8,02,未勝利*,7,芝,0,1600,良,トミケンパシエンテ,牡,2,菱田裕二,54.0,14,02,9,9,0,0.8,11,96.8,"1368",0,0,0,7,6,35.2,476,西浦勝一,栗,0,11100616,01144,01016,0813580202,冨樫賢二,千葉飯田牧場,ニューイングランド,クリスティナリッチ,オペラハウス,栗毛,110305,  104.9,  ,    ,55.0
13,11,24,5,京都,8,02,未勝利*,7,芝,0,1600,良,エイユービリオネア,牡,2,鮫島良太,55.0,14,03,6,6,0,0.4,13,96.4,"1364",0,0,0,1,1,35.4,444,高野友和,栗,0,11105693,01099,01117,0813580203,笹部義則,杵臼牧場,ヨハネスブルグ,ビーウインド,スピニングワールド,栗毛,110501,  209.0,  ,    ,53.4
13,11,24,5,京都,8,02,未勝利*,7,芝,0,1600,良,イダス            ,牡,2,川須栄彦,55.0,14,04,8,8,0,0.6,7,96.6,"1366",0,0,0,14,14,34.3,486,領家政蔵,栗,0,11105151,01128,00345,0813580204,杉澤光雄,ヒカル牧場,スクリーンヒーロー,テンザンローズ,フレンチデピュティ,栗毛,110419,   70.6,  ,    ,59.0
13,11,24,5,京都,8,02,未勝利*,7,芝,0,1600,良,コウエイワンマン  ,牡,2,太宰啓介,55.0,14,05,1,1,0,0,3,96,"1360",0,0,0,10,9,34.1,530,川村禎彦,栗,500,11101337,01037,01003,0813580205,釘田義広,田上稔,ジャングルポケット,ジョウテンセレブ,アジュディケーティング,黒鹿,110410,    7.7,  ,    ,58.9
13,11,24,5,京都,8,02,未勝利*,7,芝,0,1600,良,エアカミュゼ      ,牡,2,ルメール,55.0,14,06,3,3,0,0,1,96,"1360",0,0,0,6,6,34.4,504,池江泰寿,栗,130,11103958,05339,01071,0813580206,ラッキーフィールド,ノーザンファーム,キングカメハメハ,ツィンクルヴェール,サンデーサイレンス,黒鹿,110223,    1.6,  ,    ,57.4
13,11,24,5,京都,8,02,未勝利*,7,芝,0,1600,良,サビーナクレスタ  ,セ,2,池添謙一,55.0,14,07,14,14,0,2.3,8,98.3,"1383",0,0,0,3,3,37,454,大竹正博,美,0,11101732,01032,01102,0813580207,ノルマンディーサラ,岡田スタツド,サクラバクシンオー,キョウエイアン,フォーティナイナー,鹿毛,110514,   76.0,  ,    ,49.4
13,11,24,5,京都,8,02,未勝利*,7,芝,0,1600,良,ラガーリンドー    ,牝,2,松山弘平,54.0,14,08,12,12,0,2.1,12,98.1,"1381",0,0,0,9,9,36.3,444,池添兼雄,栗,0,11103466,01126,01021,0813580208,奥村啓二,下屋敷牧場,ハーツクライ,ラヴリーハントレス,"Silver Hawk",鹿毛,110509,  158.7,  ,    ,52.1
13,11,24,5,京都,8,02,未勝利*,7,芝,0,1600,良,キタサンゲッコウ  ,牝,2,国分優作,54.0,14,09,5,5,0,0.3,9,96.3,"1363",0,0,0,2,2,35.2,476,鹿戸明,栗,50,11100752,01125,00368,0813580209,大野商事,浜本牧場,ハーツクライ,ショウナンタイム,"Gilded Time",青鹿,110310,   84.9,  ,    ,54.1
13,11,24,5,京都,8,02,未勝利*,7,芝,0,1600,良,アドマイヤウイング,牝,2,川田将雅,54.0,14,10,4,4,0,0.3,2,96.3,"1363",0,0,0,10,9,34.4,464,松田博資,栗,75,11103816,01088,00348,0813580210,近藤利一,ノーザンファーム,スペシャルウィーク,カリズマティックゴールド,Charismatic,鹿毛,110321,    6.0,  ,    ,58.0
13,11,24,5,京都,8,02,未勝利*,7,芝,0,1600,良,トーホウエトワール,牝,2,松田大作,54.0,14,11,13,13,0,2.1,14,98.1,"1381",0,0,0,4,5,36.6,436,崎山博樹,栗,0,11100485,01030,00365,0813580211,東豊物産,竹島幸治,ジャングルポケット,トーホウシャイン,スペシャルウィーク,栗毛,110309,  359.3,  ,    ,50.8
13,11,24,5,京都,8,02,未勝利*,7,芝,0,1600,良,ラッキーハンター  ,牡,2,和田竜二,55.0,14,12,10,10,0,1,6,97,"1370",0,0,0,13,13,34.9,476,佐藤正雄,栗,0,11101866,01018,01025,0813580212,西村憲人,カタオカフアーム,ハーツクライ,ユメノラッキー,"Salt Lake",栗毛,110423,   16.7,  ,    ,56.8
13,11,24,5,京都,8,02,未勝利*,7,芝,0,1600,良,ルールウイニング  ,牡,2,幸英明,55.0,14,13,7,7,0,0.4,10,96.4,"1364",0,0,0,7,6,34.7,472,福島信晴,栗,0,11100775,00732,00396,0813580213,杉元四男,春木昭雄,ルールオブロー,マルサヒロイン,カコイーシーズ,鹿毛,110415,  101.4,  ,    ,56.7
13,11,24,5,京都,8,02,未勝利*,7,芝,0,1600,良,キリシマホーマ    ,牡,2,小牧太,55.0,14,14,11,11,0,1.1,5,97.1,"1371",0,0,0,10,9,35.2,496,橋口弘次,栗,0,11109184,00894,00343,0813580214,土屋君春,土屋牧場,ロドリゴデトリアーノ,ラッキービクトリー,Dynaformer,鹿毛,110506,   14.7,  ,    ,55.5
13,11,24,5,京都,8,03,未勝利*,7,ダ,1,1800,良,ヒャクマンバリキ  ,牡,2,和田竜二,55.0,15,01,7,7,0,1.2,9,117.2,"1572",0,1,1,1,1,40.1,502,山内研二,栗,0,11101683,01018,00388,0813580301,伊東政清,伊藤敏明,フジキセキ,クリサンテーム,コマンダーインチーフ,鹿毛,110528,   28.2,  ,    ,46.1
13,11,24,5,京都,8,03,未勝利*,7,ダ,1,1800,良,ハナズフィフティ  ,牝,2,城戸義政,51.0,15,02,13,13,0,3.1,14,119.1,"1591",0,8,8,15,15,40.6,438,加藤和宏,美,0,11101610,01147,01077,0813580302,M.タバート,山野牧場,スウィフトカレント,ナナミメロディー,"Sri Pekan",黒鹿,110309,  356.6,  ,    ,46.7
13,11,24,5,京都,8,03,未勝利*,7,ダ,1,1800,良,アテッサ          ,セ,2,上村洋行,55.0,15,03,14,14,0,4,13,120,"2000",0,11,11,11,13,41.9,458,角田晃一,栗,0,11104640,00709,01121,0813580303,藤田孟司,川上悦夫,ステイゴールド,クロチェーラ,"Running Stag",黒鹿,110411,  201.7,  ,    ,43.2
13,11,24,5,京都,8,03,未勝利*,7,ダ,1,1800,良,シゲルヒタチ      ,牡,2,藤田伸二,55.0,15,04,2,2,0,0.6,6,116.6,"1566",0,13,13,13,5,38.3,468,木原一良,栗,200,11106292,00705,01033,0813580304,森中蕃,大樹ファーム,タイキシャトル,タイキプロバンス,トワイニング,栗毛,110331,   23.5,  ,    ,52.2
13,11,24,5,京都,8,03,未勝利*,7,ダ,1,1800,良,ダンツトゥルース  ,牡,2,松山弘平,55.0,15,05,10,10,0,1.7,8,117.7,"1577",0,3,5,4,5,40.2,480,池添兼雄,栗,0,11101372,01126,01021,0813580305,山元哲二,土田農場,アドマイヤムーン,ビアンキ,Gulch,鹿毛,110421,   26.1,  ,    ,46.4
13,11,24,5,京都,8,03,未勝利*,7,ダ,1,1800,良,ゼンノスサノヲ    ,牡,2,森一馬,52.0,15,06,9,9,0,1.6,10,117.6,"1576",0,8,8,8,8,39.9,466,日吉正和,栗,0,11105337,01139,01122,0813580306,大迫久美子,村上欽哉,ゼンノロブロイ,ウインディアナ,サンダーガルチ,栗毛,110322,   54.2,  ,    ,47.4
13,11,24,5,京都,8,03,未勝利*,7,ダ,1,1800,良,カメヤマシャチュウ,牡,2,川田将雅,55.0,15,07,5,5,0,1.1,3,117.1,"1571",0,6,5,4,5,39.6,468,森秀行,栗,50,11109155,01088,00427,0813580307,岡浩二,村山光弘,ゴールドアリュール,セレスシャイン,アグネスデジタル,鹿毛,110310,    5.0,  ,    ,47.9
13,11,24,5,京都,8,03,未勝利*,7,ダ,1,1800,良,ロードガンブラック,牡,2,菱田裕二,54.0,15,08,4,4,0,0.9,7,116.9,"1569",0,11,11,11,11,38.8,476,牧浦充徳,栗,75,11104746,01144,01113,0813580308,ロードホースクラブ,五丸農場,ブラックタイド,イクノハレスガタ,アルカング,鹿毛,110331,   24.2,  ,    ,50.6
13,11,24,5,京都,8,03,未勝利*,7,ダ,1,1800,良,ハイベストバイオ  ,牡,2,幸英明,55.0,15,09,8,8,0,1.4,5,117.4,"1574",0,14,13,14,11,39,532,梅田智之,栗,0,11103630,00732,01084,0813580309,バイオ,社台コーポレーショ,フジキセキ,ダイナズクラブ,Dynaformer,黒鹿,110116,   10.8,  ,    ,50.5
13,11,24,5,京都,8,03,未勝利*,7,ダ,1,1800,良,オールドバルディー,牡,2,藤岡康太,55.0,15,10,6,6,0,1.1,4,117.1,"1571",0,2,2,2,2,39.9,506,藤岡健一,栗,0,11103892,01116,01062,0813580310,G1レーシング,ノーザンファーム,Curlin,シーカーマ,"Exchange Rate",黒鹿,110413,    7.9,  ,    ,46.7
13,11,24,5,京都,8,03,未勝利*,7,ダ,1,1800,良,マコトヴィガラス  ,牡,2,川須栄彦,55.0,15,11,11,11,0,2.4,12,118.4,"1584",0,15,15,10,8,40.4,514,高野友和,栗,0,11102996,01128,01117,0813580311,ディアマント,出口繁夫,ゼンノロブロイ,マコトエンジェルス,コマンダーインチーフ,鹿毛,110530,   79.2,  ,    ,46.5
13,11,24,5,京都,8,03,未勝利*,7,ダ,1,1800,良,ティーポイズン    ,牡,2,国分優作,55.0,15,12,3,3,0,0.7,1,116.7,"1567",0,3,2,3,3,39.4,496,五十嵐忠,栗,130,11102290,01125,00422,0813580312,深見富朗,寺越政幸,キングカメハメハ,ホシノメガミ,サンデーサイレンス,栗毛,110330,    3.0,  ,    ,48.1
13,11,24,5,京都,8,03,未勝利*,7,ダ,1,1800,良,アスタースカイ    ,牡,2,熊沢重文,55.0,15,13,15,15,0,8,11,124,"2040",0,3,2,4,14,46.2,510,南井克巳,栗,0,11106433,00652,01049,0813580313,加藤久枝,オリエント牧場,ディープスカイ,シルクファビュラス,"Devil's Bag",栗毛,110219,   62.3,  ,    ,34.2
13,11,24,5,京都,8,03,未勝利*,7,ダ,1,1800,良,タイセイクルーズ  ,牡,2,ルメール,55.0,15,14,1,1,0,-0.6,2,116,"1560",0,6,5,7,3,38.4,512,矢作芳人,栗,500,11103800,05339,01075,0813580314,田中成奉,ノーザンファーム,クロフネ,エルダンジュ,サンデーサイレンス,栗毛,110411,    3.5,  ,    ,51.0
13,11,24,5,京都,8,03,未勝利*,7,ダ,1,1800,良,タマモアネモネ    ,牝,2,藤懸貴志,52.0,15,15,12,12,0,2.5,15,118.5,"1585",0,8,8,8,8,40.7,450,五十嵐忠,栗,0,11102414,01138,00422,0813580315,タマモ,野坂牧場,ボストンハーバー,ヒナギク,フォーティナイナー,栗毛,110307,  364.8,  ,    ,45.6
13,11,24,5,京都,8,04,障害・オープ,131,ダ,3,3170,良,テイエムオウショウ,牡,4,熊沢重文,60.0,14,01,12,12,0,3.4,4,217.1,"3371",0,6,5,10,12,13.7,452,柴田政見,栗,0,09102870,00652,00406,0813580401,竹園正繼,長谷川牧場,ハーツクライ,フェルナンディーナ,ノーザンテースト,栗毛,090211,    7.7,  ,    , 0.0
13,11,24,5,京都,8,04,障害・オープ,131,ダ,3,3170,良,レーザーインパクト,牡,4,中村将之,60.0,14,02,7,7,0,1.2,7,214.9,"3349",0,8,8,7,7,13.6,454,浅見秀一,栗,0,09105081,01101,00411,0813580402,杉山忠国,パカパカファーム,ディープインパクト,チアズヒカリ,マヤノトップガン,鹿毛,090331,   19.2,  ,    , 0.0
13,11,24,5,京都,8,04,障害・オープ,131,ダ,3,3170,良,サウンドアフリート,牡,4,田村太雅,60.0,14,03,8,8,0,1.3,11,215,"3350",0,3,4,4,6,13.6,462,佐藤正雄,栗,0,09101874,01105,01025,0813580403,増田雄一,三石橋本牧場,アフリート,チェリーテースト,ノーザンテースト,栗毛,090510,   46.3,  ,    , 0.0
13,11,24,5,京都,8,04,障害・オープ,131,ダ,3,3170,良,アシュヴィン      ,牡,4,林満明,60.0,14,04,1,1,0,-0.7,1,213.7,"3337",0,2,2,2,1,13.5,474,中竹和也,栗,1200,09110052,00655,01039,0813580404,前田幸治,"Lynch Bages Ltd &","Giant's Causeway","Crazy Volume",Machiavellian,栗毛,090302,    2.6,  ,    , 0.0
13,11,24,5,京都,8,04,障害・オープ,131,ダ,3,3170,良,サンライズロイヤル,牡,4,平沢健治,60.0,14,05,3,3,0,0.7,3,214.4,"3344",0,9,8,4,3,13.5,526,中村均,栗,300,09106049,01067,00261,0813580405,松岡隆雄,社台ファーム,クロフネ,ロイヤルパートナー,エリシオ,鹿毛,090220,    6.3,  ,    , 0.0
13,11,24,5,京都,8,04,障害・オープ,131,ダ,3,3170,良,オウケンウッド    ,牡,5,石神深一,60.0,14,06,11,11,0,2.8,5,216.5,"3365",0,11,12,11,10,13.7,446,田中剛,美,0,08103053,01059,01119,0813580406,福井明,社台ファーム,アドマイヤコジーン,リーフィーウッド,ホワイトマズル,芦毛,080214,    9.5,  ,    , 0.0
13,11,24,5,京都,8,04,障害・オープ,131,ダ,3,3170,良,ボンバルディエーレ,セ,7,鈴木慶太,60.0,14,07,0,0,4,999.9,12,0,"----",0,0,0,0,0,0,472,小西一男,美,0,06103345,01082,00405,0813580407,吉田勝己,ノーザンファーム,クロフネ,ブリガドーン,サンデーサイレンス,芦毛,060408,  111.2,  ,    , 0.0
13,11,24,5,京都,8,04,障害・オープ,131,ダ,3,3170,良,マイネルロブスト  ,牡,4,五十嵐雄,60.0,14,08,4,4,0,0.9,2,214.6,"3346",0,1,1,1,2,13.5,494,高橋裕,美,180,09104631,01069,00412,0813580408,サラブレッドクラブ,小泉牧場,ゼンノエルシド,コウエイベラドンナ,メジロライアン,黒鹿,090311,    4.7,  ,    , 0.0
13,11,24,5,京都,8,04,障害・オープ,131,ダ,3,3170,良,マサライト        ,牡,9,植野貴也,62.0,14,09,2,2,0,0.7,10,214.4,"3344",0,3,3,3,4,13.5,510,中村均,栗,480,04101502,00727,00261,0813580409,丸井サカミ,本桐牧場,マンハッタンカフェ,ギャラントハウス,キャロルハウス,鹿毛,040219,   29.0,  ,    , 0.0
13,11,24,5,京都,8,04,障害・オープ,131,ダ,3,3170,良,コブラボール      ,牡,9,横山義行,60.0,14,10,6,6,0,1.2,13,214.9,"3349",0,10,10,9,7,13.6,484,石毛善彦,美,0,04103894,00715,00428,0813580410,吉橋計,寺井文秀,ゴーカイ,ワゴンリー,サクラホクトオー,青鹿,040427,  132.7,  ,    , 0.0
13,11,24,5,京都,8,04,障害・オープ,131,ダ,3,3170,良,マサデパン        ,牡,5,上野翔,60.0,14,11,13,13,0,5.2,14,218.9,"3389",0,13,13,13,13,13.8,480,清水美波,美,0,08101606,01087,00347,0813580411,坂田行夫,津島優治,アドマイヤマックス,ツガルダンス,イルドブルボン,黒鹿,080517,  257.7,  ,    , 0.0
13,11,24,5,京都,8,04,障害・オープ,131,ダ,3,3170,良,メジロサンノウ    ,牡,5,原田和真,57.0,14,12,10,10,0,2.4,9,216.1,"3361",0,5,5,7,9,13.6,482,大久保洋,美,0,08102522,01143,00138,0813580412,岩崎伸道,メジロ牧場,キングカメハメハ,メジロダーリング,"Green Desert",黒鹿,080229,   28.3,  ,    , 0.0
13,11,24,5,京都,8,04,障害・オープ,131,ダ,3,3170,良,ブチカマシ        ,牡,9,難波剛健,62.0,14,13,5,5,0,1,6,214.7,"3347",0,6,7,4,5,13.5,484,加藤敬二,栗,120,04109253,01066,00379,0813580413,中西功,久保フアーム,ブラックタキシード,ランズランサー,ランズダーン,黒鹿,040316,   18.8,  ,    , 0.0
13,11,24,5,京都,8,04,障害・オープ,131,ダ,3,3170,良,タニノマンボ      ,牡,3,北沢伸也,58.0,14,14,9,9,0,1.4,8,215.1,"3351",0,11,11,11,10,13.6,478,村山明,栗,0,10102597,00691,01107,0813580414,谷水雄三,カントリー牧場,キングカメハメハ,タニノカリス,ジェネラス,鹿毛,100202,   24.9,  ,    , 0.0
13,11,24,5,京都,8,05,新馬,15,芝,0,2000,良,キングストーン    ,牡,2,ルメール,55.0,10,01,3,3,0,0.8,2,124.2,"2042",0,6,5,5,5,34.3,500,大久保龍,栗,180,11104176,05339,01058,0813580501,寺田寿男,社台ファーム,キングカメハメハ,エアウイングス,サンデーサイレンス,鹿毛,110306,    3.6,  ,    ,62.3
13,11,24,5,京都,8,05,新馬,15,芝,0,2000,良,ピースメーカー    ,牡,2,池添謙一,55.0,10,02,9,9,0,1.4,5,124.8,"2048",0,7,7,9,9,34.6,488,宮徹,栗,0,11103673,01032,01018,0813580502,小川勲,社台コーポレーショ,キングカメハメハ,マイティーカラー,トニービン,鹿毛,110310,   13.6,  ,    ,61.7
13,11,24,5,京都,8,05,新馬,15,芝,0,2000,良,オーバーチュア    ,牡,2,幸英明,55.0,10,03,10,10,0,2,3,125.4,"2054",0,9,9,5,5,35.5,444,角田晃一,栗,0,11102246,00732,01121,0813580503,西村專次,千代田牧場,ディープインパクト,ドリームカムカム,メジロライアン,鹿毛,110529,    4.1,  ,    ,58.5
13,11,24,5,京都,8,05,新馬,15,芝,0,2000,良,セセリ            ,牡,2,川田将雅,55.0,10,04,1,1,0,-0.2,1,123.4,"2034",0,1,1,1,1,34,490,森秀行,栗,700,11110009,01088,00427,0813580504,冨士井直哉,"William Paca Beats",Curlin,"Mine Inning",Mining,栗毛,110410,    3.6,  ,    ,62.7
13,11,24,5,京都,8,05,新馬,15,芝,0,2000,良,メレアグロス      ,牡,2,藤田伸二,55.0,10,05,4,4,0,1,7,124.4,"2044",0,2,2,2,2,34.9,518,松田国英,栗,110,11101886,00705,01011,0813580505,ノルマンディーサラ,カントリー牧場,ブライアンズタイム,タニノホロホロ,トニービン,鹿毛,110512,   22.7,  ,    ,59.9
13,11,24,5,京都,8,05,新馬,15,芝,0,2000,良,ライトパープル    ,牡,2,和田竜二,55.0,10,06,5,5,0,1.1,9,124.5,"2045",0,7,7,8,7,34.4,458,山内研二,栗,70,11106440,01018,00388,0813580506,フォーレスト,嶋田牧場,ダンスインザダーク,オーサンコンドル,エルコンドルパサー,鹿毛,110402,   63.0,  ,    ,62.3
13,11,24,5,京都,8,05,新馬,15,芝,0,2000,良,コマノオトコ      ,牡,2,松田大作,55.0,10,07,7,7,0,1.2,6,124.6,"2046",0,3,3,4,3,34.9,494,鮫島一歩,栗,0,11102365,01030,01046,0813580507,長谷川芳信,西川富岡牧場,シンボリクリスエス,コマノラミア,スペシャルウィーク,黒鹿,110314,   15.2,  ,    ,60.2
13,11,24,5,京都,8,05,新馬,15,芝,0,2000,良,スカラブルー      ,牝,2,中井裕二,53.0,10,08,8,8,0,1.2,10,124.6,"2046",0,5,5,7,7,34.6,398,森秀行,栗,0,11102581,01141,00427,0813580508,ブルーマネジメント,ケンブリッジバレー,オペラハウス,ケンエンデバー,マーベラスサンデー,栗毛,110426,  104.7,  ,    ,61.5
13,11,24,5,京都,8,05,新馬,15,芝,0,2000,良,ロードフェンネル  ,牡,2,四位洋文,55.0,10,09,2,2,0,0.2,4,123.6,"2036",0,3,3,3,3,34,486,昆貢,栗,280,11103458,00700,01044,0813580509,ロードホースクラブ,ケイアイファーム,ゼンノロブロイ,レディマーメイド,"Fusaichi Pegasus",黒鹿,110330,    4.6,  ,    ,62.9
13,11,24,5,京都,8,05,新馬,15,芝,0,2000,良,アデヤカコマチ    ,牝,2,川須栄彦,54.0,10,10,6,6,0,1.1,8,124.5,"2045",0,10,10,10,10,34,438,高野友和,栗,0,11104434,01128,01117,0813580510,キャロットファーム,社台ファーム,メイショウサムソン,マルカコマチ,サンデーサイレンス,鹿毛,110420,   38.0,  ,    ,64.1
13,11,24,5,京都,8,06,新馬,15,芝,0,1400,良,クリノミクス      ,牡,2,菱田裕二,54.0,15,01,14,14,0,2.9,14,85,"1250",0,0,0,12,11,36.1,470,加藤敬二,栗,0,11100712,01144,00379,0813580601,栗本博晴,日西牧場,ファルブラヴ,キシュウファンタジ,サクラユタカオー,鹿毛,110301,  254.9,  ,    ,51.6
13,11,24,5,京都,8,06,新馬,15,芝,0,1400,良,オグリキセキ      ,牝,2,佐久間寛,54.0,15,02,10,10,0,1.6,15,83.7,"1237",0,0,0,5,5,36.8,404,鹿戸明,栗,0,11105532,01080,00368,0813580602,小栗孝一,鵜木唯義,ハイアーゲーム,レディストーン,デザートキング,黒鹿,110419,  279.6,  ,    ,45.6
13,11,24,5,京都,8,06,新馬,15,芝,0,1400,良,ハワイアンローズ  ,牝,2,松山弘平,54.0,15,03,5,5,0,0.9,9,83,"1230",0,0,0,2,2,36.3,412,鮫島一歩,栗,70,11103384,01126,01046,0813580603,吉村敏治,村下明博,キングカメハメハ,サンタローズ,パントレセレブル,鹿毛,110424,   28.4,  ,    ,46.5
13,11,24,5,京都,8,06,新馬,15,芝,0,1400,良,サーレムフォレスト,牝,2,川須栄彦,54.0,15,04,9,9,0,1.4,3,83.5,"1235",0,0,0,12,13,34.4,426,橋口弘次,栗,0,11103568,01128,00343,0813580604,社台レースホース,社台コーポレーショ,ディープインパクト,ウッドマンズシック,Woodman,鹿毛,110118,   14.1,  ,    ,57.0
13,11,24,5,京都,8,06,新馬,15,芝,0,1400,良,サンレイフレンチ  ,牝,2,吉田隼人,54.0,15,05,12,12,0,2,8,84.1,"1241",0,0,0,12,11,35.3,422,西橋豊治,栗,0,11101138,01095,00434,0813580605,永井宏明,びらとり牧場,スズカフェニックス,スズカフローラ,フレンチデピュティ,栗毛,110314,   26.4,  ,    ,53.7
13,11,24,5,京都,8,06,新馬,15,芝,0,1400,良,タガノグランパ    ,牡,2,川田将雅,55.0,15,06,1,1,0,-0.3,1,82.1,"1221",0,0,0,5,5,35.2,492,松田博資,栗,700,11105005,01088,00348,0813580606,八木良司,新冠タガノファーム,キングカメハメハ,タガノグラマラス,スペシャルウィーク,鹿毛,110430,    1.4,  ,    ,49.9
13,11,24,5,京都,8,06,新馬,15,芝,0,1400,良,ファストアズソング,牡,2,岡田祥嗣,55.0,15,07,2,2,0,0.3,11,82.4,"1224",0,0,0,8,8,34.5,410,藤原英昭,栗,280,11103426,05429,01055,0813580607,グリーンファーム,吉田ファーム,Curlin,ファストアズライト,Hennessy,鹿毛,110325,   90.6,  ,    ,54.1
13,11,24,5,京都,8,06,新馬,15,芝,0,1400,良,ケープオブホープ  ,牝,2,小坂忠士,54.0,15,08,3,3,0,0.4,13,82.5,"1225",0,0,0,1,1,36.1,418,境直行,栗,180,11105756,01063,00346,0813580608,三宅勝俊,榊原敏明,エイシンサンディ,エイシンサンデリー,ブライアンズタイム,黒鹿,110511,  219.7,  ,    ,46.4
13,11,24,5,京都,8,06,新馬,15,芝,0,1400,良,マイネルアルテロ  ,牡,2,幸英明,55.0,15,09,7,7,0,1.4,2,83.5,"1235",0,0,0,7,7,36.2,468,西園正都,栗,0,11110036,00732,01028,0813580609,サラブレッドクラブ,"Mrs T. Stack and M","Holy Roman Emperor",Tarascon,Tirol,鹿毛,110420,    9.7,  ,    ,48.0
13,11,24,5,京都,8,06,新馬,15,芝,0,1400,良,ペプチドムーン    ,牡,2,和田竜二,55.0,15,10,8,8,0,1.4,6,83.5,"1235",0,0,0,3,3,36.7,472,岩元市三,栗,0,11105696,01018,00397,0813580610,沼川一彦,杵臼牧場,アドマイヤムーン,ファミリアーリング,Kingmambo,栗毛,110308,   18.3,  ,    ,45.6
13,11,24,5,京都,8,06,新馬,15,芝,0,1400,良,パトカー          ,牝,2,藤田伸二,54.0,15,11,11,11,0,1.9,10,84,"1240",0,0,0,8,10,35.9,424,河内洋,栗,0,11103163,00705,01072,0813580611,西山茂行,高昭牧場,アルデバラン2,ニシノナデシコ,クロフネ,栗毛,110324,   59.1,  ,    ,50.5
13,11,24,5,京都,8,06,新馬,15,芝,0,1400,良,ファイアーシチー  ,牡,2,中井裕二,54.0,15,12,4,4,0,0.6,7,82.7,"1227",0,0,0,10,9,34.4,464,佐々木晶,栗,110,11102210,01141,00429,0813580612,友駿ホースクラブ,千代田牧場,オンファイア,ケイエイローズ,"Slew o'Gold",青鹿,110412,   20.9,  ,    ,55.3
13,11,24,5,京都,8,06,新馬,15,芝,0,1400,良,シセイタマテ      ,牝,2,川島信二,54.0,15,13,13,13,0,2.3,12,84.4,"1244",0,0,0,15,15,35,452,北出成人,栗,0,11100407,01062,01078,0813580613,猪苗代勇,白井牧場,ゼンノロブロイ,シーヴィーナス,Dayjur,鹿毛,110427,  117.0,  ,    ,55.9
13,11,24,5,京都,8,06,新馬,15,芝,0,1400,良,エングロウス      ,セ,2,酒井学,55.0,15,14,6,6,0,1,5,83.1,"1231",0,0,0,3,3,36.3,448,田所秀孝,栗,0,11101954,01034,01009,0813580614,深見富朗,グランド牧場,ジャイアントレッカー,ホシノユメ,Danehill,栗毛,110406,   17.9,  ,    ,46.7
13,11,24,5,京都,8,06,新馬,15,芝,0,1400,良,アグネスモバイル  ,牝,2,四位洋文,54.0,15,15,15,15,0,3,4,85.1,"1251",0,0,0,11,13,36.2,422,長浜博之,栗,0,11104147,00700,00395,0813580615,渡辺孝男,社台ファーム,デュランダル,アグネスパサー,エルコンドルパサー,鹿毛,110213,   14.5,  ,    ,51.3
13,11,24,5,京都,8,07,500万下・牝,23,ダ,1,1400,良,ボストンビリーヴ  ,牝,3,国分優作,54.0,12,01,4,4,0,0.4,4,85.6,"1256",0,0,0,12,11,36.8,458,岩元市三,栗,110,10105167,01125,00397,0813580701,ボストンホース,宮内牧場,アグネスタキオン,イサミサクラ,アイネスフウジン,栗毛,100203,    9.2,  ,    ,49.5
13,11,24,5,京都,8,07,500万下・牝,23,ダ,1,1400,良,ヒシアルコル      ,牝,4,松山弘平,55.0,12,02,10,10,0,1.7,10,86.9,"1269",0,0,0,5,5,39,446,佐山優,栗,0,09101220,01126,00357,0813580702,阿部雅英,中村雅明,ダイワメジャー,ヒシピナクル,Theatrical,鹿毛,090319,   56.6,  ,    ,42.1
13,11,24,5,京都,8,07,500万下・牝,23,ダ,1,1400,良,カシノラピス      ,牝,4,藤懸貴志,53.0,12,03,8,8,0,0.9,11,86.1,"1261",0,0,0,10,10,37.7,438,梅内忍,栗,0,09101815,01138,00398,0813580703,柏木務,前川隆則,グランデラ,マヤノロゼッタ,マヤノトップガン,栗毛,090308,  251.9,  ,    ,46.3
13,11,24,5,京都,8,07,500万下・牝,23,ダ,1,1400,良,シンワウォッカ    ,牝,4,川島信二,55.0,12,04,2,2,0,0.2,6,85.4,"1254",0,0,0,9,8,37.2,478,武宏平,栗,290,09105658,01062,00221,0813580704,ロイヤルパーク,安田幸子,シーキングザダイヤ,ビーマイプリンセス,リンドシェーバー,鹿毛,090507,   22.9,  ,    ,47.2
13,11,24,5,京都,8,07,500万下・牝,23,ダ,1,1400,良,スズカルミナリー  ,牝,3,和田竜二,54.0,12,05,12,12,0,2.3,9,87.5,"1275",0,0,0,1,1,39.9,450,西橋豊治,栗,0,10102547,01018,00434,0813580705,永井啓弍,岡野牧場,スズカマンボ,ルンルンスズカ,ラムタラ,鹿毛,100322,   36.4,  ,    ,39.5
13,11,24,5,京都,8,07,500万下・牝,23,ダ,1,1400,良,パーティブロッサム,牝,4,中井裕二,54.0,12,06,6,6,0,0.6,5,85.8,"1258",0,0,0,5,5,37.8,482,角田晃一,栗,0,09103841,01141,01121,0813580706,飯田良枝,千代田牧場,キングヘイロー,ジェミーブロッサム,"Wild Again",黒鹿,090217,   13.8,  ,    ,45.2
13,11,24,5,京都,8,07,500万下・牝,23,ダ,1,1400,良,メイショウガンツ  ,牝,3,森一馬,51.0,12,07,11,11,0,2.2,8,87.4,"1274",0,0,0,2,2,39.7,444,松永昌博,栗,0,10105141,01139,01083,0813580707,松本好雄,三嶋牧場,ダイワメジャー,ステイトリースター,"Deputy Minister",鹿毛,100310,   35.9,  ,    ,40.1
13,11,24,5,京都,8,07,500万下・牝,23,ダ,1,1400,良,アメリ            ,牝,3,川田将雅,54.0,12,08,1,1,0,-0.2,2,85.2,"1252",0,0,0,2,2,37.4,446,池江泰寿,栗,720,10104018,01088,01071,0813580708,サンデーレーシング,ノーザンファーム,"Distorted Humor",アゼリ,"Jade Hunter",栗毛,100517,    3.3,  ,    ,45.9
13,11,24,5,京都,8,07,500万下・牝,23,ダ,1,1400,良,グレートエンジェル,牝,3,国分恭介,54.0,12,09,7,7,0,0.6,3,85.8,"1258",0,0,0,7,8,37.7,492,梅田康雄,栗,0,10102304,01124,00131,0813580709,田畑利彦,村下清志,プリサイスエンド,デーエスソロン,ノーザンテースト,鹿毛,100517,    9.2,  ,    ,45.7
13,11,24,5,京都,8,07,500万下・牝,23,ダ,1,1400,良,セトノミッシー    ,牝,3,幸英明,54.0,12,10,3,3,0,0.2,1,85.4,"1254",0,0,0,7,5,37.3,434,鈴木孝志,栗,180,10104473,00732,01111,0813580710,難波経雄,社台コーポレーショ,ゴールドアリュール,フレンチミステリー,フレンチデピュティ,鹿毛,100407,    2.0,  ,    ,46.7
13,11,24,5,京都,8,07,500万下・牝,23,ダ,1,1400,良,メイショウツバクロ,牝,3,武幸四郎,54.0,12,11,5,5,0,0.5,7,85.7,"1257",0,0,0,4,2,37.8,470,松永幹夫,栗,72,10105144,01026,01092,0813580711,松本好雄,三嶋牧場,フレンチデピュティ,ダンシングハピネス,ダンスインザダーク,鹿毛,100301,   29.4,  ,    ,45.0
13,11,24,5,京都,8,07,500万下・牝,23,ダ,1,1400,良,トーブプリンセス  ,牝,4,城戸義政,52.0,12,12,9,9,0,1,12,86.2,"1262",0,0,0,10,11,37.7,476,武田博,栗,0,09104512,01147,00224,0813580712,武井久夫,オリエント牧場,ケイムホーム,シルクファビュラス,"Devil's Bag",鹿毛,090124,  361.4,  ,    ,46.5
13,11,24,5,京都,8,08,500万下,23,ダ,1,1800,良,ナムララオウ      ,牡,3,ルメール,55.0,13,01,9,9,0,1.2,3,114.1,"1541",0,4,4,3,4,38.8,502,目野哲也,栗,0,10100202,05339,00387,0813580801,奈村信重,いとう牧場,ストーミングホーム,ナムラシゲコ,エンドスウィープ,栗毛,100505,    6.9,  ,    ,47.0
13,11,24,5,京都,8,08,500万下,23,ダ,1,1800,良,ラガートモヒーロ  ,牡,4,太宰啓介,57.0,13,02,3,3,0,0.1,1,113,"1530",0,6,6,7,3,37.5,460,柴田政見,栗,180,09106666,01037,00406,0813580802,奥村啓二,山春牧場,アドマイヤドン,フジタカローズ,ブライアンズタイム,黒鹿,090404,    2.8,  ,    ,50.7
13,11,24,5,京都,8,08,500万下,23,ダ,1,1800,良,メテオライト      ,牡,4,川田将雅,57.0,13,03,2,2,0,0,2,112.9,"1529",0,2,2,2,2,37.9,512,藤原英昭,栗,290,09106113,01088,01055,0813580803,キャロットファーム,ノーザンファーム,アグネスタキオン,ガヴィオラ,Cozzene,栗毛,090418,    3.0,  ,    ,48.9
13,11,24,5,京都,8,08,500万下,23,ダ,1,1800,良,チアフルウェルカム,牡,4,菱田裕二,56.0,13,04,12,12,0,2.3,12,115.2,"1552",0,2,2,5,4,39.9,488,荒川義之,栗,0,09105703,01144,01095,0813580804,吉田照哉,社台ファーム,アグネスタキオン,アグネスチーアフル,Mtoto,栗毛,090307,   55.3,  ,    ,44.4
13,11,24,5,京都,8,08,500万下,23,ダ,1,1800,良,ナムラマンジロウ  ,牡,3,藤懸貴志,53.0,13,05,13,13,0,5.4,4,118.3,"1583",0,1,1,3,13,42.9,488,五十嵐忠,栗,0,10100203,01138,00422,0813580805,奈村信重,いとう牧場,ハーツクライ,ナムラテンニョ,キンググローリアス,栗毛,100325,   14.2,  ,    ,37.9
13,11,24,5,京都,8,08,500万下,23,ダ,1,1800,良,ノアオーカン      ,牡,3,幸英明,55.0,13,06,4,4,0,0.4,10,113.3,"1533",0,8,8,8,7,37.6,488,福島信晴,栗,110,10106188,00732,00396,0813580806,杉元四男,芳住革二,スターリングローズ,ドーパミン,フジキセキ,黒鹿,100513,   36.5,  ,    ,50.7
13,11,24,5,京都,8,08,500万下,23,ダ,1,1800,良,ミルクディッパー  ,牡,4,藤岡康太,57.0,13,07,11,11,0,1.8,11,114.7,"1547",0,6,6,1,1,39.9,570,北出成人,栗,0,09110050,01116,01078,0813580807,ノースヒルズ,"North Hills Manage",Dynaformer,"Love Walked In","Storm Cat",黒鹿,090221,   49.4,  ,    ,43.7
13,11,24,5,京都,8,08,500万下,23,ダ,1,1800,良,ニジノハヤテ      ,牡,3,森一馬,52.0,13,08,10,10,0,1.5,13,114.4,"1544",0,8,8,8,8,38.6,474,境直行,栗,0,10101677,01139,00346,0813580808,三宅勝俊,三石ファーム,ネオユニヴァース,カネショウシャネル,フェアジャッジメント,黒鹿,100409,  111.4,  ,    ,48.2
13,11,24,5,京都,8,08,500万下,23,ダ,1,1800,良,エクチュア        ,牡,4,高倉稜,57.0,13,09,5,5,0,0.5,9,113.4,"1534",0,13,13,13,12,37.1,456,矢作芳人,栗,72,09110019,01130,01075,0813580809,前田幸治,"Value Bloodstock",Dalakhani,Oliena,"Desert Prince",鹿毛,090217,   21.9,  ,    ,52.8
13,11,24,5,京都,8,08,500万下,23,ダ,1,1800,良,カノヤプレジデント,セ,3,国分恭介,55.0,13,10,1,1,0,0,5,112.9,"1529",0,12,12,11,8,36.9,476,谷潔,栗,720,10103540,01124,00431,0813580810,神田アヤ子,青藍牧場,リンカーン,カノヤアカデミー,ロイヤルアカデミー2,鹿毛,100410,   16.1,  ,    ,53.0
13,11,24,5,京都,8,08,500万下,23,ダ,1,1800,良,ダブルファンタジー,牝,3,古川吉洋,53.0,13,11,8,8,0,1.1,8,114,"1540",0,10,10,11,8,38,468,高橋文雅,美,0,10104961,01015,01134,0813580811,安原浩司,辻牧場,ジャイアントレッカー,ガーデンローズ,トニービン,栗毛,100430,   19.1,  ,    ,50.0
13,11,24,5,京都,8,08,500万下,23,ダ,1,1800,良,ゴダール          ,牡,3,吉田隼人,55.0,13,12,6,6,0,0.9,6,113.8,"1538",0,4,4,5,4,38.4,482,吉田直弘,栗,0,10104186,01095,01101,0813580812,金子真人ホールディ,ノーザンファーム,ウォーエンブレム,セシルカット,サンデーサイレンス,黒鹿,100207,   17.3,  ,    ,48.2
13,11,24,5,京都,8,08,500万下,23,ダ,1,1800,良,タイムアラウド    ,牡,3,藤田伸二,55.0,13,13,7,7,0,1,7,113.9,"1539",0,10,11,10,8,37.9,466,木原一良,栗,0,10104443,00705,01033,0813580813,シルクレーシング,社台コーポレーショ,ダイワメジャー,タイムトラベリング,ブライアンズタイム,鹿毛,100318,   18.9,  ,    ,50.3
13,11,24,5,京都,8,09,1000万下,43,芝,0,1200,良,ユールフェスト    ,牝,4,秋山真一,55.0,15,01,12,12,0,1.2,2,69.3,"1093",0,0,0,6,6,34.3,466,須貝尚介,栗,0,09110091,01019,01105,0813580901,キャロットファーム,"Mr G Harvey","More Than Ready","High Honour","Best Western",青鹿,090912,    4.3,  ,    ,52.0
13,11,24,5,京都,8,09,1000万下,43,芝,0,1200,良,カシノランナウェイ,セ,3,国分優作,56.0,15,02,2,2,0,0.4,4,68.5,"1085",0,0,0,12,11,32.9,492,梅内忍,栗,400,10109208,01125,00398,0813580902,柏木務,柏木務,マーベラスサンデー,カシノエスケイプ,スズカストリート,栗毛,100420,    6.9,  ,    ,58.2
13,11,24,5,京都,8,09,1000万下,43,芝,0,1200,良,タイキガラハッド  ,牡,5,川須栄彦,57.0,15,03,10,10,0,1,8,69.1,"1091",0,0,0,14,15,33.2,502,松元茂樹,栗,0,08101723,01128,00419,0813580903,大樹ファーム,ビクトリーホースラ,タイキシャトル,カガミアスカ,"General Assembly",栗毛,080324,   30.3,  ,    ,58.1
13,11,24,5,京都,8,09,1000万下,43,芝,0,1200,良,ショウナンスマイル,牡,6,古川吉洋,57.0,15,04,8,8,0,0.9,15,69,"1090",0,0,0,3,3,34.2,464,古賀史生,美,0,07101781,01015,00392,0813580904,湘南,まるとみ冨岡牧場,ショウナンカンプ,ショウナンラビアル,エルコンドルパサー,鹿毛,070407,  184.3,  ,    ,51.8
13,11,24,5,京都,8,09,1000万下,43,芝,0,1200,良,エランドール      ,牝,5,高倉稜,55.0,15,05,3,3,0,0.6,5,68.7,"1087",0,0,0,11,11,33.1,448,坪憲章,栗,250,08101619,01130,00361,0813580905,辻牧場,辻牧場,アドマイヤマックス,スズカブリーズ,ボストンハーバー,鹿毛,080307,    9.3,  ,    ,57.6
13,11,24,5,京都,8,09,1000万下,43,芝,0,1200,良,アグネスマチュア  ,牡,4,藤田伸二,57.0,15,06,15,15,0,1.7,14,69.8,"1098",0,0,0,3,3,35,478,長浜博之,栗,0,09100610,00705,00395,0813580906,渡辺公美子,富田牧場,サクラバクシンオー,アグネスシスター,ダンスインザダーク,鹿毛,090523,  113.7,  ,    ,49.4
13,11,24,5,京都,8,09,1000万下,43,芝,0,1200,良,ジンセイハオマツリ,牡,3,菱田裕二,55.0,15,07,9,9,0,1,10,69.1,"1091",0,0,0,8,8,34,486,佐々木晶,栗,0,10102890,01144,00429,0813580907,小田切有一,田中裕之,オレハマッテルゼ,キマグレ,サクラバクシンオー,黒鹿,100411,   50.2,  ,    ,53.2
13,11,24,5,京都,8,09,1000万下,43,芝,0,1200,良,ハイマウンテン    ,牝,3,小林徹弥,54.0,15,08,5,5,0,0.7,13,68.8,"1088",0,0,0,9,9,33.5,446,目野哲也,栗,99,10100784,00722,00387,0813580908,北前孔一郎,豊郷牧場,アルデバラン2,ラブポエット,Daylami,鹿毛,100402,   95.5,  ,    ,55.4
13,11,24,5,京都,8,09,1000万下,43,芝,0,1200,良,アーベントロート  ,牝,4,吉田隼人,55.0,15,09,11,11,0,1,12,69.1,"1091",0,0,0,13,14,33.3,454,笹田和秀,栗,0,09105917,01095,01104,0813580909,社台レースホース,社台ファーム,フジキセキ,ビルアンドクー,ジェイドロバリー,黒鹿,090323,   58.7,  ,    ,57.5
13,11,24,5,京都,8,09,1000万下,43,芝,0,1200,良,ヤマノレオ        ,セ,3,和田竜二,56.0,15,10,7,7,0,0.9,6,69,"1090",0,0,0,3,3,34.2,476,山内研二,栗,0,10102608,01018,00388,0813580910,節英司,キヨタケ牧場,グラスワンダー,カチョウフウゲツ,ラムタラ,栗毛,100422,   12.6,  ,    ,51.8
13,11,24,5,京都,8,09,1000万下,43,芝,0,1200,良,ヒーラ            ,牝,4,中井裕二,54.0,15,11,14,14,0,1.5,7,69.6,"1096",0,0,0,2,2,35.2,430,森秀行,栗,0,09102525,01141,00427,0813580911,平井裕,白井牧場,ディープインパクト,セントフロンティア,Danehill,鹿毛,090225,   15.8,  ,    ,47.7
13,11,24,5,京都,8,09,1000万下,43,芝,0,1200,良,シゲルアセロラ    ,牡,4,ルメール,57.0,15,12,1,1,0,-0.4,1,68.1,"1081",0,0,0,1,1,33.9,476,目野哲也,栗,990,09110077,05339,00387,0813580912,森中蕃,"Mr. & Mrs. Don K L","Wildcat Heir",Conqueress,"Conquistador Cielo",黒鹿,090226,    3.1,  ,    ,50.9
13,11,24,5,京都,8,09,1000万下,43,芝,0,1200,良,ワキノブレイブ    ,牡,3,四位洋文,56.0,15,13,4,4,0,0.6,3,68.7,"1087",0,0,0,6,6,33.7,486,清水久詞,栗,150,10105904,00700,01110,0813580913,脇山良之,平山牧場,マイネルラヴ,ザフェイツ,ブライアンズタイム,青鹿,100503,    6.0,  ,    ,53.9
13,11,24,5,京都,8,09,1000万下,43,芝,0,1200,良,ドリームフォワード,牡,6,太宰啓介,57.0,15,14,6,6,0,0.8,9,68.9,"1089",0,0,0,9,9,33.6,470,吉田直弘,栗,0,07104894,01037,01101,0813580914,セゾンレースホース,ビッグレッドファー,アドマイヤマックス,トライトップゴール,ミルジヨージ,栗毛,070524,   38.2,  ,    ,55.1
13,11,24,5,京都,8,09,1000万下,43,芝,0,1200,良,アグネスキズナ    ,牡,3,幸英明,56.0,15,15,13,13,0,1.3,11,69.4,"1094",0,0,0,14,13,33.6,500,長浜博之,栗,0,10104983,00732,00395,0813580915,渡辺公美子,富田牧場,アグネスタキオン,アグネスバラード,ヘネシー,栗毛,100409,   52.3,  ,    ,56.5
13,11,24,5,京都,8,10,白菊賞500*,23,芝,0,1600,良,ベラフォレスタ    ,牝,2,菱田裕二,54.0,16,01,8,8,0,0.8,8,94.9,"1349",0,0,0,15,16,35,462,石坂正,栗,0,11104475,01144,01022,0813581001,社台レースホース,社台ファーム,ゼンノロブロイ,ラスリングカプス,Woodman,黒鹿,110323,   31.1,  ,    ,52.7
13,11,24,5,京都,8,10,白菊賞500*,23,芝,0,1600,良,ハニードント      ,牝,2,国分恭介,54.0,16,02,16,16,0,1.9,10,96,"1360",0,0,0,1,1,37.2,448,梅田康雄,栗,0,11102872,01124,00131,0813581002,薪浦州平,吉田三郎,クロフネ,マッキーロイヤル,フジキセキ,栗毛,110501,   81.1,  ,    ,44.8
13,11,24,5,京都,8,10,白菊賞500*,23,芝,0,1600,良,アルトゥーナ      ,牝,2,池添謙一,54.0,16,03,2,2,0,0,3,94.1,"1341",0,0,0,4,3,35,428,長浜博之,栗,380,11104164,01032,00395,0813581003,社台レースホース,社台ファーム,ハーツクライ,インディアナカーヴ,"A.P. Indy",黒鹿,110218,    5.9,  ,    ,51.3
13,11,24,5,京都,8,10,白菊賞500*,23,芝,0,1600,良,ダンツキャンサー  ,牝,2,小牧太,54.0,16,04,10,10,0,0.8,9,94.9,"1349",0,0,0,4,6,35.7,468,谷潔,栗,0,11102236,00894,00431,0813581004,山元哲二,千代田牧場,アドマイヤジャパン,チョウカイクリス,サクラバクシンオー,黒鹿,110204,   50.4,  ,    ,49.5
13,11,24,5,京都,8,10,白菊賞500*,23,芝,0,1600,良,ブルーヴァルキリー,牝,2,幸英明,54.0,16,05,6,6,0,0.5,12,94.6,"1346",0,0,0,8,9,35.2,430,鈴木孝志,栗,0,11103069,00732,01111,0813581005,ブルーマネジメント,大島牧場,デュランダル,オオシマジョリー,アフリート,栗毛,110313,  167.8,  ,    ,51.2
13,11,24,5,京都,8,10,白菊賞500*,23,芝,0,1600,良,カシノタロン      ,牝,2,太宰啓介,54.0,16,06,15,15,0,1.6,16,95.7,"1357",0,0,0,12,15,36,428,梅内忍,栗,0,11109172,01037,00398,0813581006,柏木務,柏木務,バゴ,カシノエスケイプ,スズカストリート,栗毛,110414,  449.9,  ,    ,49.5
13,11,24,5,京都,8,10,白菊賞500*,23,芝,0,1600,良,フェブノヘア      ,牝,2,川島信二,54.0,16,07,12,12,0,0.9,14,95,"1350",0,0,0,2,2,36.1,432,川村禎彦,栗,0,11103406,01062,01003,0813581007,釘田義広,村中牧場,ヨハネスブルグ,ミヤジマッドレー,アグネスタキオン,栗毛,110320,  288.7,  ,    ,47.9
13,11,24,5,京都,8,10,白菊賞500*,23,芝,0,1600,良,ダイワレジェンド  ,牝,2,ルメール,54.0,16,08,3,3,0,0.2,1,94.3,"1343",0,0,0,6,8,35,490,国枝栄,美,240,11104297,05339,00399,0813581008,大城敬三,社台ファーム,キングカメハメハ,ダイワスカーレット,アグネスタキオン,栗毛,110404,    2.2,  ,    ,51.7
13,11,24,5,京都,8,10,白菊賞500*,23,芝,0,1600,良,テイエムナデューラ,牝,2,国分優作,54.0,16,09,7,7,0,0.8,15,94.9,"1349",0,0,0,8,9,35.6,430,鹿戸明,栗,0,11104878,01125,00368,0813581009,竹園正繼,タニグチ牧場,アドマイヤジャパン,レインボーフェロー,メジロマックイーン,栗毛,110204,  373.5,  ,    ,49.9
13,11,24,5,京都,8,10,白菊賞500*,23,芝,0,1600,良,ウメ              ,牝,2,酒井学,54.0,16,10,11,11,0,0.8,11,94.9,"1349",0,0,0,6,3,35.7,442,田所秀孝,栗,0,11106438,01034,01009,0813581010,副島義久,大西ファーム,アッミラーレ,ミルフィーユ,リアルシヤダイ,栗毛,110417,  103.8,  ,    ,49.5
13,11,24,5,京都,8,10,白菊賞500*,23,芝,0,1600,良,アースウィンド    ,牝,2,松山弘平,54.0,16,11,4,4,0,0.3,7,94.4,"1344",0,0,0,14,6,34.8,478,的場均,美,140,11106058,01126,01063,0813581011,林正道,まるとみ冨岡牧場,ディープスカイ,ベストオブチャンス,サクラローレル,青鹿,110411,   28.9,  ,    ,52.8
13,11,24,5,京都,8,10,白菊賞500*,23,芝,0,1600,良,フェイブルネージュ,牝,2,中井裕二,54.0,16,12,5,5,0,0.5,6,94.6,"1346",0,0,0,10,12,35.1,440,加用正,栗,95,11103681,01141,00425,0813581012,社台レースホース,社台コーポレーショ,ディープインパクト,ミセススノー,Singspiel,鹿毛,110217,   16.9,  ,    ,51.7
13,11,24,5,京都,8,10,白菊賞500*,23,芝,0,1600,良,コスモマイルール  ,牝,2,高倉稜,54.0,16,13,14,14,0,1.3,13,95.4,"1354",0,0,0,10,9,36,418,萱野浩二,美,0,11105730,01130,01024,0813581013,岡田繁幸,久保昇,ルールオブロー,マイリリー,ミルジヨージ,栗毛,110503,  227.3,  ,    ,49.0
13,11,24,5,京都,8,10,白菊賞500*,23,芝,0,1600,良,レーヴデトワール  ,牝,2,川田将雅,54.0,16,14,1,1,0,0,2,94.1,"1341",0,0,0,15,13,34.3,456,松田博資,栗,950,11104124,01088,00348,0813581014,サンデーレーシング,ノーザンファーム,ゼンノロブロイ,レーヴドスカー,"Highest Honor",黒鹿,110129,    4.4,  ,    ,54.6
13,11,24,5,京都,8,10,白菊賞500*,23,芝,0,1600,良,アドマイヤビジン  ,牝,2,秋山真一,54.0,16,15,9,9,0,0.8,5,94.9,"1349",0,0,0,12,13,35.3,478,梅田智之,栗,0,11101543,01019,01084,0813581015,近藤利一,三石橋本牧場,クロフネ,スマイルビジン,ゴールドヘイロー,芦毛,110324,    9.9,  ,    ,51.3
13,11,24,5,京都,8,10,白菊賞500*,23,芝,0,1600,良,ペプチドスピカ    ,牝,2,上村洋行,54.0,16,16,13,13,0,1.2,4,95.3,"1353",0,0,0,2,3,36.3,408,吉村圭司,栗,0,11105688,00709,01130,0813581016,沼川一彦,杵臼牧場,ヨハネスブルグ,ドリームスピカ,バブルガムフェロー,鹿毛,110215,    9.4,  ,    ,47.5
13,11,24,5,京都,8,11,醍醐ＳＨ1600,67,芝,0,1200,良,オールブランニュー,牝,7,水口優也,51.0,13,01,4,4,0,0.4,12,68.3,"1083",0,0,0,12,12,33.2,466,湯窪幸雄,栗,260,06100570,01133,01057,0813581101,ヒダカ・ブリーダー,ヒダカフアーム,ノボジャック,ニューデイダウニング,"Gone West",黒鹿,060512,  188.9,  ,    ,55.7
13,11,24,5,京都,8,11,醍醐ＳＨ1600,67,芝,0,1200,良,マッキーコバルト  ,牡,7,太宰啓介,55.0,13,02,2,2,0,0.2,8,68.1,"1081",0,0,0,5,6,33.5,464,角田晃一,栗,700,06102717,01037,01121,0813581102,薪浦亨,吉田三郎,ジャングルポケット,マッキーヴォーグ,ダンスインザダーク,鹿毛,060420,   33.0,  ,    ,53.3
13,11,24,5,京都,8,11,醍醐ＳＨ1600,67,芝,0,1200,良,マコトナワラタナ  ,牝,4,川田将雅,56.0,13,03,9,9,0,0.7,2,68.6,"1086",0,0,0,10,9,33.7,452,鮫島一歩,栗,0,09106343,01088,01046,0813581103,ディアマント,ノーザンファーム,ファルブラヴ,マコトキンラン,サンデーサイレンス,鹿毛,090127,    5.0,  ,    ,53.6
13,11,24,5,京都,8,11,醍醐ＳＨ1600,67,芝,0,1200,良,リッカアリュール  ,牡,7,岡田祥嗣,51.0,13,04,12,12,0,1,13,68.9,"1089",0,0,0,12,12,33.8,498,藤沢則雄,栗,0,06106716,05429,01041,0813581104,立花幸雄,佐々木貴博,ゴールドアリュール,ヤマシロ,エイシンワシントン,栗毛,060416,  318.1,  ,    ,53.8
13,11,24,5,京都,8,11,醍醐ＳＨ1600,67,芝,0,1200,良,メイショウイザヨイ,牝,4,武幸四郎,54.0,13,05,3,3,0,0.2,3,68.1,"1081",0,0,0,1,1,34.4,500,小野幸治,栗,440,09100139,01026,00350,0813581105,松本好雄,赤田牧場,オレハマッテルゼ,シャコービクトリア,ジェイドロバリー,鹿毛,090319,   14.1,  ,    ,48.0
13,11,24,5,京都,8,11,醍醐ＳＨ1600,67,芝,0,1200,良,ダノンエレガント  ,牝,4,吉田隼人,52.0,13,06,6,6,0,0.5,4,68.4,"1084",0,0,0,3,3,34.1,450,国枝栄,美,0,09103862,01095,00399,0813581106,ダノックス,千代田牧場,ブライアンズタイム,ドリームカムカム,メジロライアン,鹿毛,090419,   14.6,  ,    ,50.6
13,11,24,5,京都,8,11,醍醐ＳＨ1600,67,芝,0,1200,良,ニシノビークイック,牡,4,幸英明,57.0,13,07,10,10,0,0.7,5,68.6,"1086",0,0,0,10,9,33.7,486,河内洋,栗,0,09101803,00732,01072,0813581107,西山茂行,本桐牧場,デュランダル,ニシノビギン,パラダイスクリーク,栗毛,090402,   20.8,  ,    ,53.6
13,11,24,5,京都,8,11,醍醐ＳＨ1600,67,芝,0,1200,良,レディオブオペラ  ,牝,3,藤田伸二,53.0,13,08,1,1,0,-0.2,1,67.9,"1079",0,0,0,2,2,33.7,490,白井寿昭,栗,1740,10100717,00705,00201,0813581108,H.H.シェイク・モハ,ダーレー・ジャパン,Singspiel,レディミドルトン,Kingmambo,黒鹿,100128,    1.4,  ,    ,51.5
13,11,24,5,京都,8,11,醍醐ＳＨ1600,67,芝,0,1200,良,アルマリンピア    ,牝,5,酒井学,53.0,13,09,7,7,0,0.5,7,68.4,"1084",0,0,0,7,7,33.8,472,佐々木晶,栗,0,08100570,01034,00429,0813581109,飯田正剛,千代田牧場,タイキシャトル,テイクザレインズ,ブライアンズタイム,鹿毛,080311,   32.1,  ,    ,52.4
13,11,24,5,京都,8,11,醍醐ＳＨ1600,67,芝,0,1200,良,メイショウツガル  ,牡,5,古川吉洋,55.0,13,10,8,8,0,0.6,9,68.5,"1085",0,0,0,8,9,33.7,474,武田博,栗,0,08101549,01015,00224,0813581110,松本好雄,太陽牧場,キングカメハメハ,フラワーキャット,"Mountain Cat",鹿毛,080125,   44.1,  ,    ,53.3
13,11,24,5,京都,8,11,醍醐ＳＨ1600,67,芝,0,1200,良,サザンブレイズ    ,牡,5,川島信二,54.0,13,11,13,13,0,1.1,11,69,"1090",0,0,0,4,4,34.6,478,加用正,栗,0,08105422,01062,00425,0813581111,南波壽,木村牧場,サウスヴィグラス,サウスビューティー,ラストタイクーン,栗毛,080221,  127.1,  ,    ,49.4
13,11,24,5,京都,8,11,醍醐ＳＨ1600,67,芝,0,1200,良,フレデフォート    ,牡,6,ルメール,55.0,13,12,5,5,0,0.4,6,68.3,"1083",0,0,0,8,7,33.6,458,安田隆行,栗,174,07110124,05339,00438,0813581112,キャロットファーム,"Barree Stud",Dubawi,"Perfect Promise",Caesour,鹿毛,070906,   23.3,  ,    ,53.3
13,11,24,5,京都,8,11,醍醐ＳＨ1600,67,芝,0,1200,良,オーシャンカレント,牡,7,和田竜二,56.0,13,13,11,11,0,0.9,10,68.8,"1088",0,0,0,5,4,34.3,502,今野貞一,栗,0,06103417,01018,01128,0813581113,吉田和美,ノーザンファーム,タイキシャトル,レッドヴェルベット,"Avenue of Flags",鹿毛,060324,   69.2,  ,    ,50.6
13,11,24,5,京都,8,12,京都オー,131,ダ,1,1400,良,スリーボストン    ,牡,6,秋山真一,58.0,16,01,8,8,0,0.2,3,83.6,"1236",0,0,0,2,2,36.6,520,藤岡範士,栗,0,07101419,01019,00289,0813581201,永井商事,杵臼斉藤牧場,ボストンハーバー,スリーサンナイナー,"Forty Niner",鹿毛,070316,    5.9,  ,    ,46.3
13,11,24,5,京都,8,12,京都オー,131,ダ,1,1400,良,ノーザンリバー    ,牡,5,和田竜二,56.0,16,02,1,1,0,0,4,83.4,"1234",0,0,0,5,5,36.2,480,浅見秀一,栗,2000,08103212,01018,00411,0813581202,林正道,ノーザンファーム,アグネスタキオン,ソニンク,Machiavellian,鹿毛,080412,    7.3,  ,    ,47.8
13,11,24,5,京都,8,12,京都オー,131,ダ,1,1400,良,タイムズアロー    ,牡,5,川田将雅,56.0,16,03,5,5,0,0.2,6,83.6,"1236",0,0,0,8,9,36.3,492,松田博資,栗,200,08102658,01088,00348,0813581203,社台レースホース,社台コーポレーショ,タイムパラドックス,サンデーエイコーン,サンデーサイレンス,栗毛,080126,   20.4,  ,    ,47.7
13,11,24,5,京都,8,12,京都オー,131,ダ,1,1400,良,キズマ            ,牡,4,藤田伸二,56.0,16,04,12,12,0,0.7,1,84.1,"1241",0,0,0,1,1,37.3,494,白井寿昭,栗,0,09102659,00705,00201,0813581204,H.H.シェイク・モハ,ダーレー・ジャパン,"Discreet Cat",ハンドオブフェイト,"Jade Robbery",鹿毛,090312,    2.7,  ,    ,44.1
13,11,24,5,京都,8,12,京都オー,131,ダ,1,1400,良,セイカプリコーン  ,牡,5,川須栄彦,56.0,16,05,6,6,0,0.2,13,83.6,"1236",0,0,0,16,16,35.2,498,服部利之,栗,0,08103895,01128,01040,0813581205,金田成基,三石橋本牧場,ステイゴールド,ケイアイエリザベス,フレンチデピュティ,鹿毛,080329,  227.1,  ,    ,53.1
13,11,24,5,京都,8,12,京都オー,131,ダ,1,1400,良,トキノエクセレント,牡,5,松田大作,56.0,16,06,9,9,0,0.3,12,83.7,"1237",0,0,0,10,9,36.2,466,矢野照正,美,0,08101778,01030,00364,0813581206,田中準市,三嶋牧場,アッミラーレ,ダンシングドミニア,ブライアンズタイム,黒鹿,080326,  102.8,  ,    ,48.4
13,11,24,5,京都,8,12,京都オー,131,ダ,1,1400,良,アーリーデイズ    ,セ,6,藤岡康太,56.0,16,07,3,3,0,0.1,16,83.5,"1235",0,0,0,15,13,35.4,474,中竹和也,栗,500,07110113,01116,01039,0813581207,加藤守,"George Pruette",Leroidesanimaux,"Java Drums","Java Gold",鹿毛,070215,  439.5,  ,    ,51.9
13,11,24,5,京都,8,12,京都オー,131,ダ,1,1400,良,シゲルソウサイ    ,牡,5,幸英明,56.0,16,08,11,11,0,0.5,8,83.9,"1239",0,0,0,10,12,36.4,512,湯窪幸雄,栗,0,08110094,00732,01057,0813581208,森中蕃,"F & F Investments","Tale of the Cat","Princes Melissa",Marquetry,鹿毛,080402,   44.6,  ,    ,47.9
13,11,24,5,京都,8,12,京都オー,131,ダ,1,1400,良,ナリタスーパーワン,牡,4,ルメール,56.0,16,09,2,2,0,0,2,83.4,"1234",0,0,0,10,9,35.8,490,松永昌博,栗,800,09106545,05339,01083,0813581209,オースミ,社台コーポレーショ,ウォーエンブレム,マルセイユキャット,フレンチデピュティ,鹿毛,090508,    4.1,  ,    ,49.7
13,11,24,5,京都,8,12,京都オー,131,ダ,1,1400,良,スノードラゴン    ,牡,5,吉田隼人,57.0,16,10,6,6,0,0.2,7,83.6,"1236",0,0,0,5,5,36.3,508,高木登,美,0,08104268,01095,01088,0813581210,岡田牧雄,イワミ牧場,アドマイヤコジーン,マイネカプリース,タヤスツヨシ,芦毛,080406,   24.7,  ,    ,47.7
13,11,24,5,京都,8,12,京都オー,131,ダ,1,1400,良,ロングロウ        ,牡,6,四位洋文,56.0,16,11,14,14,0,1.2,9,84.6,"1246",0,0,0,13,14,36.5,544,松田国英,栗,0,07103181,00700,01011,0813581211,吉田和子,ノーザンファーム,クロフネ,ゴールドティアラ,"Seeking the Gold",芦毛,070330,   47.8,  ,    ,48.8
13,11,24,5,京都,8,12,京都オー,131,ダ,1,1400,良,タイセイファントム,牡,5,菱田裕二,56.0,16,12,10,10,0,0.5,10,83.9,"1239",0,0,0,5,7,36.7,460,矢作芳人,栗,0,08102205,01144,01075,0813581212,田中成奉,バンダム牧場,ファンタスティックライト,タイキシャレード,Boundary,鹿毛,080430,   56.2,  ,    ,46.5
13,11,24,5,京都,8,12,京都オー,131,ダ,1,1400,良,レッドクラウディア,牝,4,池添謙一,53.0,16,13,15,15,0,1.3,5,84.7,"1247",0,0,0,2,3,37.7,488,石坂正,栗,0,09106164,01032,01022,0813581213,東京ホースレーシン,ノーザンファーム,アグネスタキオン,シェアザストーリー,コマンダーインチーフ,栗毛,090404,   11.3,  ,    ,43.5
13,11,24,5,京都,8,12,京都オー,131,ダ,1,1400,良,エスケープマジック,牡,5,小坂忠士,56.0,16,14,16,16,0,1.7,14,85.1,"1251",0,0,0,2,3,38,504,佐々木晶,栗,0,08103329,01063,00429,0813581214,サンデーレーシング,ノーザンファーム,"Maria's Mon",マジックストーム,"Storm Cat",鹿毛,080507,  413.2,  ,    ,43.0
13,11,24,5,京都,8,12,京都オー,131,ダ,1,1400,良,ホクセツダンス    ,牝,5,松山弘平,54.0,16,15,4,4,0,0.1,11,83.5,"1235",0,0,0,8,7,36.1,452,宮本博,栗,300,08105996,01126,01073,0813581215,平島尚武,日高大洋牧場,アグネスデジタル,サイレントラヴ,サンデーサイレンス,栗毛,080427,  100.5,  ,    ,48.5
13,11,24,5,京都,8,12,京都オー,131,ダ,1,1400,良,サウンドアクシス  ,牡,7,太宰啓介,56.0,16,16,13,13,0,1,15,84.4,"1244",0,0,0,13,14,36.3,494,音無秀孝,栗,0,06103191,01037,01002,0813581216,キャロットファーム,ノーザンファーム,フレンチデピュティ,キョウエイフォルテ,ノーザンテースト,栗毛,060428,  430.6,  ,    ,49.4
