16,01,16,1,中京,1,01,未勝利,7,ダ,1,1800,良,ミスターウインディ,牡,3,小坂忠士,56.0,16,01,9,9,0,2.2,8,119,"1590",0,11,11,9,10,38.8,494,奥村豊,栗,0,13106365,01063,01146,0716110101,阿部東亜子,能登浩,アドマイヤオーラ,ウインディーギフト,Singspiel,黒鹿,130321,   29.8,  ,    ,53.4
16,01,16,1,中京,1,01,未勝利,7,ダ,1,1800,良,ボーンレガシー    ,牡,3,石川裕紀,55.0,16,02,14,14,0,4.5,10,121.3,"2013",0,12,13,16,16,39.9,518,小島茂之,美,0,13105640,01150,01068,0716110102,グリーンファーム,社台ファーム,ショウナンカンプ,ボーンスター,サンデーサイレンス,黒鹿,130426,   52.2,  ,    ,52.0
16,01,16,1,中京,1,01,未勝利,7,ダ,1,1800,良,スノードルフィン  ,牡,3,和田竜二,56.0,16,03,2,2,0,0.9,3,117.7,"1577",0,5,5,4,4,38,492,野中賢二,栗,200,13100591,01018,01098,0716110103,ゴドルフィン,ダーレー・ジャパン,ストーミングホーム,スノーキトゥン,"Storm Cat",黒鹿,130206,    4.3,  ,    ,54.9
16,01,16,1,中京,1,01,未勝利,7,ダ,1,1800,良,ウインバーニング  ,牡,3,松山弘平,56.0,16,04,10,10,0,2.3,7,119.1,"1591",0,4,2,4,4,39.5,462,武市康男,美,0,13106311,01126,01089,0716110104,ウイン,中本牧場,ディープスカイ,シルクフレアー,Danzig,鹿毛,130320,   22.5,  ,    ,50.8
16,01,16,1,中京,1,01,未勝利,7,ダ,1,1800,良,レベルフラッグ    ,牡,3,田辺裕信,56.0,16,05,12,12,0,2.7,10,119.5,"1595",0,13,13,13,12,38.9,472,尾形和幸,美,0,13105702,01075,01141,0716110105,吉田照哉,社台ファーム,ワークフォース,ラバンディエーラ,サンデーサイレンス,鹿毛,130428,   52.2,  ,    ,53.6
16,01,16,1,中京,1,01,未勝利,7,ダ,1,1800,良,プライズコレクター,牡,3,吉田豊,56.0,16,06,1,1,0,-0.9,1,116.8,"1568",0,13,11,12,9,36.4,466,尾関知人,美,500,13102209,00733,01103,0716110106,明栄商事,沖田忠幸,ゴールドアリュール,エアリカコ,Halling,栗毛,130415,    3.1,  ,    ,60.4
16,01,16,1,中京,1,01,未勝利,7,ダ,1,1800,良,テイエムユメハナビ,牡,3,横山和生,56.0,16,07,13,13,0,4,14,120.8,"2008",0,13,15,14,14,39.9,492,石栗龍彦,美,0,13101353,01140,01043,0716110107,竹園正繼,上井農場,フサイチホウオー,リンダトリアーノ,ロドリゴデトリアーノ,黒鹿,130218,  136.9,  ,    ,51.4
16,01,16,1,中京,1,01,未勝利,7,ダ,1,1800,良,ライクアストン    ,牡,3,幸英明,56.0,16,08,11,11,0,2.5,12,119.3,"1593",0,7,7,7,7,39.4,480,久保田貴,美,0,13105375,00732,01067,0716110108,宇田豊,社台コーポレーショ,ハーツクライ,イスラコジーン,Cozzene,黒鹿,130427,   69.4,  ,    ,51.4
16,01,16,1,中京,1,01,未勝利,7,ダ,1,1800,良,アルマカイルア    ,牡,3,大野拓弥,56.0,16,09,8,8,0,2.2,9,119,"1590",0,7,7,7,7,39.1,470,池上昌和,美,0,13101424,01096,01150,0716110109,コウトミックレーシ,小泉牧場,タニノギムレット,タケカワルキューレ,ダンスインザダーク,黒鹿,130302,   35.7,  ,    ,52.2
16,01,16,1,中京,1,01,未勝利,7,ダ,1,1800,良,カシノカーニバル  ,牝,3,木幡初也,51.0,16,10,16,16,0,5.7,15,122.5,"2025",0,9,9,9,12,42.3,478,天間昭一,美,0,13109134,01153,01090,0716110110,柏木務,本田土寿,ジャイアントレッカー,ローランデイン,Danehill,鹿毛,130303,  169.3,  ,    ,44.8
16,01,16,1,中京,1,01,未勝利,7,ダ,1,1800,良,タイセイブラスト  ,牡,3,勝浦正樹,56.0,16,11,4,4,0,1,5,117.8,"1578",0,1,1,1,1,38.6,488,菊川正達,美,75,13100753,01025,01052,0716110111,田中成奉,日西牧場,ファスリエフ,キシュウウインド,フォーティナイナー,鹿毛,130421,   12.4,  ,    ,52.6
16,01,16,1,中京,1,01,未勝利,7,ダ,1,1800,良,ベルウッドタマド  ,牡,3,宮崎北斗,56.0,16,12,5,5,0,1.9,16,118.7,"1587",0,2,2,2,2,39.3,478,武市康男,美,50,13102384,01118,01089,0716110112,鈴木照雄,田中春美,ゴールドヘイロー,シャンハイファスト,ヒシアリダー,鹿毛,130502,  255.9,  ,    ,51.0
16,01,16,1,中京,1,01,未勝利,7,ダ,1,1800,良,キークラッカー    ,牡,3,丸山元気,56.0,16,13,15,15,0,4.5,4,121.3,"2013",0,3,4,2,2,41.8,492,土田稔,美,0,13101628,01127,00417,0716110113,北前孔一郎,対馬正,ジャングルポケット,ウーマンインレッド,ステイゴールド,鹿毛,130322,   10.1,  ,    ,45.1
16,01,16,1,中京,1,01,未勝利,7,ダ,1,1800,良,スズカミラージュ  ,牡,3,中谷雄太,56.0,16,14,3,3,0,1,2,117.8,"1578",0,5,6,4,4,38.1,484,須貝尚介,栗,130,13104374,01038,01105,0716110114,永井啓弍,武牧場,ヨハネスブルグ,ミエノサンデー,サンデーサイレンス,鹿毛,130315,    3.4,  ,    ,54.6
16,01,16,1,中京,1,01,未勝利,7,ダ,1,1800,良,スリーハーツクライ,牡,3,城戸義政,54.0,16,15,6,6,0,2,6,118.8,"1588",0,9,10,9,10,38.6,470,南井克巳,栗,0,13103411,01147,01049,0716110115,永井商事,金成吉田牧場,ハーツクライ,スリーエナジー,コマンダーインチーフ,鹿毛,130323,   21.2,  ,    ,53.9
16,01,16,1,中京,1,01,未勝利,7,ダ,1,1800,良,シャスールニング  ,牡,3,石橋脩,56.0,16,16,7,7,0,2.2,13,119,"1590",0,16,15,14,15,38.2,432,加藤和宏,美,0,13101137,01077,01077,0716110116,キャピタルクラブ,中田牧場,トワイニング,ニシノシャスール,キングカメハメハ,栗毛,130420,   98.3,  ,    ,55.8
16,01,16,1,中京,1,02,未勝利,7,ダ,1,1400,良,ウィップアロング  ,牡,3,義英真,54.0,16,01,11,11,0,1.6,7,88.4,"1284",0,0,0,10,11,39.1,458,天間昭一,美,0,13103741,01155,01090,0716110201,岡田牧雄,三枝牧場,ロージズインメイ,シャドーウィップ,ダンスインザダーク,青鹿,130305,   42.1,  ,    ,44.6
16,01,16,1,中京,1,02,未勝利,7,ダ,1,1400,良,ベストワークス    ,牡,3,和田竜二,56.0,16,02,5,5,0,0.8,4,87.6,"1276",0,0,0,1,1,40,458,羽月友彦,栗,50,13105779,01018,01091,0716110202,サンデーレーシング,ノーザンファーム,ファルブラヴ,アンソロジー,サクラバクシンオー,栗毛,130426,    9.8,  ,    ,39.2
16,01,16,1,中京,1,02,未勝利,7,ダ,1,1400,良,スイートレッドアイ,牝,3,伴啓太,52.0,16,03,15,15,0,3.3,16,90.1,"1301",0,0,0,16,16,38.6,460,本間忍,美,0,13100093,01149,01056,0716110203,島川隆哉,エスティファーム,トーセンブライト,トーセンサファイア,サンデーサイレンス,黒鹿,130410,  484.6,  ,    ,50.1
16,01,16,1,中京,1,02,未勝利,7,ダ,1,1400,良,ジークフリート    ,牡,3,大野拓弥,56.0,16,04,10,10,0,1.5,13,88.3,"1283",0,0,0,10,9,38.9,460,粕谷昌央,美,0,13103658,01096,01096,0716110204,ヒダカ・ブリーダー,日進牧場,アンライバルド,リリカルヴァース,マリエンバード,青鹿,130406,  143.3,  ,    ,45.2
16,01,16,1,中京,1,02,未勝利,7,ダ,1,1400,良,ディアメラク      ,牡,3,丸山元気,56.0,16,05,13,13,0,1.9,14,88.7,"1287",0,0,0,5,5,40,418,小野次郎,美,0,13103643,01127,01125,0716110205,ディアレストクラブ,南部功,サムライハート,ミスターキン,オジジアン,鹿毛,130517,  172.4,  ,    ,41.3
16,01,16,1,中京,1,02,未勝利,7,ダ,1,1400,良,マイネルゴール    ,牡,3,高倉稜,56.0,16,06,4,4,0,0.7,5,87.5,"1275",0,0,0,7,7,38.5,442,高橋祥泰,美,75,13102346,01130,00359,0716110206,サラブレッドクラブ,嶋田牧場,ネオユニヴァース,レディナデシコ,ワイルドラッシュ,鹿毛,130302,   24.4,  ,    ,45.5
16,01,16,1,中京,1,02,未勝利,7,ダ,1,1400,良,カイソクポリス    ,牡,3,鮫島克駿,54.0,16,07,8,8,0,1.1,3,87.9,"1279",0,0,0,4,4,39.6,476,田中章博,栗,0,13103405,01157,00413,0716110207,小田切光,木村牧場,メイショウサムソン,ピコピコハンマー,アグネスタキオン,鹿毛,130331,    5.1,  ,    ,41.5
16,01,16,1,中京,1,02,未勝利,7,ダ,1,1400,良,アイファーチェリー,牝,3,藤懸貴志,54.0,16,08,16,16,0,3.6,15,90.4,"1304",0,0,0,9,13,41.2,398,坪憲章,栗,0,13104283,01138,00361,0716110208,中島稔,静内山田牧場,テレグノシス,アイファークィーン,ナリタブライアン,鹿毛,130330,  482.5,  ,    ,39.6
16,01,16,1,中京,1,02,未勝利,7,ダ,1,1400,良,ラルブルドヴィ    ,牝,3,中谷雄太,54.0,16,09,9,9,0,1.5,8,88.3,"1283",0,0,0,6,5,39.5,460,伊藤伸一,美,0,13103808,01038,01031,0716110209,ミルファーム,ミルファーム,フィガロ,エバープレゼント,タイキシャトル,芦毛,130504,   58.4,  ,    ,42.7
16,01,16,1,中京,1,02,未勝利,7,ダ,1,1400,良,ダークフォース    ,牝,3,杉原誠人,54.0,16,10,3,3,0,0.7,10,87.5,"1275",0,0,0,13,14,37.8,488,小島茂之,美,130,13105704,01135,01068,0716110210,田原邦男,社台ファーム,ワークフォース,ラブアクチュアリー,ダンスインザダーク,鹿毛,130323,   99.5,  ,    ,48.6
16,01,16,1,中京,1,02,未勝利,7,ダ,1,1400,良,クラウンムーン    ,牝,3,黛弘人,54.0,16,11,14,14,0,2.4,12,89.2,"1292",0,0,0,13,14,39.6,440,菊川正達,美,0,13101341,01109,01052,0716110211,クラウン,カミイスタット,アドマイヤムーン,ヒシシンエイ,スペシャルウィーク,黒鹿,130308,  138.5,  ,    ,43.9
16,01,16,1,中京,1,02,未勝利,7,ダ,1,1400,良,ケンコンイッテキ  ,牡,3,松山弘平,56.0,16,12,2,2,0,0.6,1,87.4,"1274",0,0,0,2,2,39.7,500,田島俊明,美,200,13101848,01126,01112,0716110212,"CHEVAL ATTACHE",ハシモトフアーム,ナイキアディライト,クロスマイハート,スペシャルウィーク,青鹿,130422,    2.4,  ,    ,40.1
16,01,16,1,中京,1,02,未勝利,7,ダ,1,1400,良,ブレヴェスト      ,牡,3,幸英明,56.0,16,13,6,6,0,1,11,87.8,"1278",0,0,0,13,11,38.1,480,谷原義明,美,0,13105128,00732,00402,0716110213,平岡茂樹,平岡牧場,ソングオブウインド,シティオブライト,フレンチデピュティ,黒鹿,130323,  101.4,  ,    ,47.8
16,01,16,1,中京,1,02,未勝利,7,ダ,1,1400,良,コスモコレクション,牡,3,石橋脩,56.0,16,14,7,7,0,1.1,6,87.9,"1279",0,0,0,7,8,38.9,458,矢野英一,美,0,13103299,01077,01108,0716110214,ビッグレッドファー,岡本昌市,ノボジャック,パリコレクション,"Saint Ballado",栗毛,130505,   35.3,  ,    ,44.5
16,01,16,1,中京,1,02,未勝利,7,ダ,1,1400,良,シゲルシマカツオ  ,牡,3,菱田裕二,56.0,16,15,12,12,0,1.6,9,88.4,"1284",0,0,0,10,9,39.1,446,鈴木孝志,栗,0,13102011,01144,01111,0716110215,森中蕃,松本信行,エンパイアメーカー,キアーロ,ゴールドアリュール,鹿毛,130511,   67.8,  ,    ,44.6
16,01,16,1,中京,1,02,未勝利,7,ダ,1,1400,良,ワンダーリーデル  ,牡,3,松若風馬,56.0,16,16,1,1,0,-0.6,2,86.8,"1268",0,0,0,3,3,38.9,532,沖芳夫,栗,500,13102815,01154,00378,0716110216,山本能成,大島牧場,スタチューオブリバティ,アストレアピース,マヤノトップガン,鹿毛,130424,    2.6,  ,    ,42.4
16,01,16,1,中京,1,03,500万下・牝,23,ダ,1,1200,良,ユキノマルガリータ,牝,6,吉田隼人,55.0,16,01,7,7,0,0.4,12,73.9,"1139",0,0,0,11,8,37.5,466,和田正道,美,0,10103284,01095,00353,0716110301,井上基之,フジワラフアーム,スズカマンボ,ユキノシンデレラ,サンダーガルチ,鹿毛,100401,   75.5,  ,    ,47.1
16,01,16,1,中京,1,03,500万下・牝,23,ダ,1,1200,良,オールオブユー    ,牝,4,鮫島克駿,52.0,16,02,8,8,0,0.4,2,73.9,"1139",0,0,0,6,4,37.8,512,浅見秀一,栗,0,12104158,01157,00411,0716110302,三田昌宏,社台コーポレーショ,ダイワメジャー,エフロレス,キングカメハメハ,栗毛,120210,    4.8,  ,    ,45.5
16,01,16,1,中京,1,03,500万下・牝,23,ダ,1,1200,良,ウエスタンユーノー,牝,5,横山和生,55.0,16,03,2,2,0,0.1,8,73.6,"1136",0,0,0,6,4,37.5,480,菊沢隆徳,美,280,11101698,01140,01115,0716110303,西川賢,ウエスタンファーム,アドマイヤコジーン,ウエスタンルージュ,アフリート,芦毛,110311,   26.7,  ,    ,46.3
16,01,16,1,中京,1,03,500万下・牝,23,ダ,1,1200,良,アイムユアドリーム,牝,5,ヴェロン,55.0,16,04,1,1,0,-0.1,6,73.5,"1135",0,0,0,2,3,37.7,452,安田隆行,栗,700,11104001,05532,00438,0716110304,ユアストーリー,坂東牧場,フジキセキ,ビオンドパンテーラ,"Seeking the Gold",栗毛,110213,   10.1,  ,    ,45.0
16,01,16,1,中京,1,03,500万下・牝,23,ダ,1,1200,良,グリューヴァイン  ,牝,4,川須栄彦,54.0,16,05,4,4,0,0.1,3,73.6,"1136",0,0,0,15,14,36.9,466,牧田和弥,栗,110,12104858,01128,01123,0716110305,キャロットファーム,ノーザンファーム,ゴールドアリュール,マルティンスターク,シンボリクリスエス,栗毛,120311,    7.7,  ,    ,49.5
16,01,16,1,中京,1,03,500万下・牝,23,ダ,1,1200,良,シゲルゴホウサイ  ,牝,4,勝浦正樹,54.0,16,06,6,6,0,0.3,4,73.8,"1138",0,0,0,6,8,37.7,426,森田直行,栗,0,12100406,01025,01142,0716110306,森中蕃,中央牧場,パイロ,シゲルラブスカイ,ボストンハーバー,鹿毛,120429,    7.7,  ,    ,45.8
16,01,16,1,中京,1,03,500万下・牝,23,ダ,1,1200,良,トラストレイカ    ,牝,4,吉田豊,54.0,16,07,10,10,0,0.6,10,74.1,"1141",0,0,0,11,8,37.7,434,尾関知人,美,0,12102341,00733,01103,0716110307,菅波雅巳,嶋田牧場,ケイムホーム,シャコージュノー,ノーザンテースト,鹿毛,120515,   54.9,  ,    ,46.6
16,01,16,1,中京,1,03,500万下・牝,23,ダ,1,1200,良,エクレール        ,牝,4,藤懸貴志,54.0,16,08,16,16,0,2.5,14,76,"1160",0,0,0,16,16,39,448,牧浦充徳,栗,0,12103735,01138,01113,0716110308,前原敏行,チャンピオンズファ,ネオユニヴァース,フェアリーブレス,フレンチデピュティ,鹿毛,120224,   81.4,  ,    ,44.9
16,01,16,1,中京,1,03,500万下・牝,23,ダ,1,1200,良,タガノビーンズ    ,牝,5,和田竜二,55.0,16,09,11,11,0,0.6,7,74.1,"1141",0,0,0,6,11,37.9,432,西橋豊治,栗,0,11105024,01018,00434,0716110309,八木秀之,新冠タガノファーム,チチカステナンゴ,ライアメロディー,アドマイヤベガ,鹿毛,110113,   22.0,  ,    ,45.5
16,01,16,1,中京,1,03,500万下・牝,23,ダ,1,1200,良,アイファーマシェリ,牝,5,小牧太,55.0,16,10,15,15,0,1.9,9,75.4,"1154",0,0,0,6,11,39.3,456,加藤敬二,栗,0,11102051,00894,00379,0716110310,中島稔,静内山田牧場,スクリーンヒーロー,アイファークィーン,ナリタブライアン,黒鹿,110120,   37.7,  ,    ,41.9
16,01,16,1,中京,1,03,500万下・牝,23,ダ,1,1200,良,ジュエルアラモード,牝,4,大野拓弥,54.0,16,11,3,3,0,0.1,5,73.6,"1136",0,0,0,2,2,37.8,512,松山将樹,美,180,12101349,01096,01100,0716110311,西川礦,下河辺牧場,ダイワメジャー,スパイシークラウン,"Tabasco Cat",栗毛,120324,    8.0,  ,    ,44.7
16,01,16,1,中京,1,03,500万下・牝,23,ダ,1,1200,良,ヒデノヒロイン    ,牝,5,藤岡康太,55.0,16,12,5,5,0,0.2,1,73.7,"1137",0,0,0,4,4,37.8,442,佐藤正雄,栗,70,11106585,01116,01025,0716110312,大石秀夫,グラストレーニング,クロフネ,アイレンベルク,ゴールドヘイロー,芦毛,110313,    2.6,  ,    ,45.0
16,01,16,1,中京,1,03,500万下・牝,23,ダ,1,1200,良,ショウナンマキシム,牝,4,石川裕紀,53.0,16,13,13,13,0,1.7,11,75.2,"1152",0,0,0,11,14,38.7,428,北出成人,栗,0,12103337,01150,01078,0716110313,国本哲秀,西村和夫,メイショウサムソン,ショウナンアヤカ,ウォーエンブレム,鹿毛,120119,   61.8,  ,    ,44.3
16,01,16,1,中京,1,03,500万下・牝,23,ダ,1,1200,良,ネオヴォーグ      ,牝,4,幸英明,54.0,16,14,14,14,0,1.8,15,75.3,"1153",0,0,0,11,13,38.8,444,平田修,栗,0,12101972,00732,01082,0716110314,小林仁幸,メイプルファーム,スウェプトオーヴァーボード,プラチナキャスト,ティンバーカントリー,芦毛,120408,  128.6,  ,    ,44.1
16,01,16,1,中京,1,03,500万下・牝,23,ダ,1,1200,良,スリーチアサウス  ,牝,5,城戸義政,53.0,16,15,9,9,0,0.4,13,73.9,"1139",0,0,0,1,1,38.1,482,大橋勇樹,栗,0,11101936,01147,01065,0716110315,永井商事,グランド牧場,サウスヴィグラス,チャームカーニバル,アサティス,鹿毛,110413,   80.7,  ,    ,44.0
16,01,16,1,中京,1,03,500万下・牝,23,ダ,1,1200,良,ウーマン          ,牝,4,伴啓太,52.0,16,16,12,12,0,1.2,16,74.7,"1147",0,0,0,4,7,38.7,470,大江原哲,美,0,12101161,01149,01012,0716110316,栗本博晴,加藤牧場,デュランダル,ハリケンアスリート,フサイチコンコルド,青鹿,120416,  446.1,  ,    ,43.0
16,01,16,1,中京,1,04,障害未勝利,7,芝,2,3000,良,ディープフォンテン,セ,5,浜野谷憲,60.0,14,01,7,7,0,5.5,7,203.2,"3232",0,10,9,9,8,13.5,474,戸田博文,美,0,11102124,00695,01054,0716110401,吉橋計,田中裕之,ディープスカイ,ケイアイリュージン,グルームダンサー,栗毛,110330,   26.0,  ,    , 0.0
16,01,16,1,中京,1,04,障害未勝利,7,芝,2,3000,良,カンタベリーヒメ  ,牝,4,高野和馬,57.0,14,02,13,13,0,18.9,14,216.6,"3366",0,10,11,11,11,14.4,464,二本柳俊,美,0,12106370,01089,00370,0716110402,峰哲馬,藤吉牧場,ショウナンカンプ,トミノラブラドール,ハンティングホーク,鹿毛,120408,  200.8,  ,    , 0.0
16,01,16,1,中京,1,04,障害未勝利,7,芝,2,3000,良,ヒューガライゼン  ,牝,4,五十嵐雄,57.0,14,03,11,11,0,14.2,13,211.9,"3319",0,13,13,13,13,14.1,472,高木登,美,0,12105244,01069,01088,0716110403,塩川和則,久保昇,オンファイア,ロランラムール,ムタファーウエク,栗毛,120519,   89.4,  ,    , 0.0
16,01,16,1,中京,1,04,障害未勝利,7,芝,2,3000,良,シベリアンタイガー,セ,5,草野太郎,60.0,14,04,1,1,0,-0.5,1,197.7,"3177",0,3,3,2,2,13.2,470,栗田博憲,美,750,11106610,01113,00341,0716110404,岡田牧雄,増本良孝,タニノギムレット,クロネコ,ダンスインザダーク,鹿毛,110529,    2.4,  ,    , 0.0
16,01,16,1,中京,1,04,障害未勝利,7,芝,2,3000,良,セイウンチカラ    ,牡,6,上野翔,60.0,14,05,10,10,0,12.8,10,210.5,"3305",0,9,9,10,10,14,504,根本康広,美,0,10102077,01087,01029,0716110405,成田隆好,高昭牧場,サニングデール,ニシノアズール,エルコンドルパサー,鹿毛,100322,   52.7,  ,    , 0.0
16,01,16,1,中京,1,04,障害未勝利,7,芝,2,3000,良,スズカローラー    ,牝,5,林満明,58.0,14,06,4,4,0,1.9,4,199.6,"3196",0,5,5,5,5,13.3,476,橋田満,栗,110,11105913,00655,00362,0716110406,永井啓弍,辻牧場,スズカマンボ,ローマンスズカ2,"Seattle Slew",鹿毛,110324,   11.5,  ,    , 0.0
16,01,16,1,中京,1,04,障害未勝利,7,芝,2,3000,良,ツジスーパーサクラ,牝,4,植野貴也,57.0,14,07,8,8,0,6.7,11,204.4,"3244",0,8,8,8,8,13.6,462,田中章博,栗,0,12103615,00727,00413,0716110407,辻俊夫,岡田スタツド,チチカステナンゴ,ヴイプラド,"El Prado",芦毛,120403,   60.2,  ,    , 0.0
16,01,16,1,中京,1,04,障害未勝利,7,芝,2,3000,良,ロンギングケイシー,牡,5,大江原圭,60.0,14,08,6,6,0,2.2,6,199.9,"3199",0,7,7,7,6,13.3,484,竹内正洋,美,0,11103912,01120,01152,0716110408,坂本浩一,ノーザンファーム,キングカメハメハ,スカイクレイバー,サンデーサイレンス,黒鹿,110217,   21.5,  ,    , 0.0
16,01,16,1,中京,1,04,障害未勝利,7,芝,2,3000,良,シゲルオウシザ    ,牡,6,小野寺祐,60.0,14,09,9,9,0,12.8,5,210.5,"3305",0,1,1,3,7,14,528,伊藤正徳,美,0,10102196,01123,00383,0716110409,森中蕃,中村雅明,サウスヴィグラス,シゲルウエンセン,ジャングルポケット,栗毛,100314,   15.0,  ,    , 0.0
16,01,16,1,中京,1,04,障害未勝利,7,芝,2,3000,良,マコトサダイジン  ,セ,5,高田潤,60.0,14,10,3,3,0,0.8,3,198.5,"3185",0,4,4,4,3,13.2,460,松田国英,栗,190,11105044,01046,01011,0716110410,ディアマント,新冠橋本牧場,キングカメハメハ,マコトマンリョウ,サンデーサイレンス,栗毛,110329,    8.5,  ,    , 0.0
16,01,16,1,中京,1,04,障害未勝利,7,芝,2,3000,良,パルファンデュロワ,牡,4,森一馬,59.0,14,11,12,12,0,14.9,9,212.6,"3326",0,10,11,12,12,14.2,510,西園正都,栗,0,12104373,01139,01028,0716110411,社台レースホース,社台ファーム,キングカメハメハ,ブーケフレグランス,ダンスインザダーク,栗毛,120311,   50.8,  ,    , 0.0
16,01,16,1,中京,1,04,障害未勝利,7,芝,2,3000,良,セイクリッドロード,セ,7,蓑島靖典,60.0,14,12,5,5,0,2.2,8,199.9,"3199",0,6,5,6,4,13.3,508,高橋裕,美,75,09106336,01068,00412,0716110412,岡田牧雄,ノーザンファーム,シンボリクリスエス,ホーリーブラウン,フジキセキ,鹿毛,090501,   28.1,  ,    , 0.0
16,01,16,1,中京,1,04,障害未勝利,7,芝,2,3000,良,メイショウオヤシオ,セ,4,白浜雄造,59.0,14,13,2,2,0,0.5,2,198.2,"3182",0,2,2,1,1,13.2,474,浅見秀一,栗,300,12105338,01035,00411,0716110413,松本好雄,多田善弘,メイショウボーラー,メイショウガーベラ,"Kris S.",栗毛,120331,    2.7,  ,    , 0.0
16,01,16,1,中京,1,04,障害未勝利,7,芝,2,3000,良,メイショウハイネス,牡,4,田村太雅,59.0,14,14,0,0,4,999.9,12,0,"----",0,0,0,0,0,0,492,沖芳夫,栗,0,12105778,01105,00378,0716110414,松本好雄,大島牧場,スタチューオブリバティ,ワイルドリリー,"Wild Again",鹿毛,120402,   60.7,  ,    , 0.0
16,01,16,1,中京,1,05,障害・オープ,131,芝,2,3330,良,ファイアーシチー  ,牡,5,林満明,60.0,14,01,9,9,0,1.3,8,220.8,"3408",0,12,12,12,12,13.3,478,佐々木晶,栗,0,11102210,00655,00429,0716110501,友駿ホースクラブ,千代田牧場,オンファイア,ケイエイローズ,"Slew o'Gold",青鹿,110412,   26.8,  ,    , 0.0
16,01,16,1,中京,1,05,障害・オープ,131,芝,2,3330,良,ワンダフルワールド,牡,5,平沢健治,60.0,14,02,8,8,0,1,6,220.5,"3405",0,8,8,7,6,13.2,514,高橋義忠,栗,0,11100325,01067,01129,0716110502,三田昌宏,下河辺牧場,タイキシャトル,キャットアリ,"Storm Cat",栗毛,110421,    8.7,  ,    , 0.0
16,01,16,1,中京,1,05,障害・オープ,131,芝,2,3330,良,プレミアムウォーズ,セ,7,江田勇亮,60.0,14,03,11,11,0,1.5,11,221,"3410",0,7,3,2,4,13.3,466,星野忍,美,0,09104827,01023,01030,0716110503,中西宏彰,タニグチ牧場,オペラハウス,バイオレントムーヴ,"Seeking the Gold",栗毛,090408,   45.1,  ,    , 0.0
16,01,16,1,中京,1,05,障害・オープ,131,芝,2,3330,良,ラステラ          ,牝,5,浜野谷憲,58.0,14,04,7,7,0,0.8,4,220.3,"3403",0,3,3,4,2,13.2,484,尾形和幸,美,0,11106242,00695,01141,0716110504,岡田牧雄,能登浩,サツカーボーイ,ウインディーギフト,Singspiel,鹿毛,110314,    7.3,  ,    , 0.0
16,01,16,1,中京,1,05,障害・オープ,131,芝,2,3330,良,ニジブルーム      ,牡,8,小坂忠士,61.0,14,05,3,3,0,0.4,2,219.9,"3399",0,2,2,2,2,13.2,504,山内研二,栗,330,08102897,01063,00388,0716110505,横瀬兼二,社台ファーム,ダンスインザダーク,タヤスブルーム,Caerleon,芦毛,080426,    4.4,  ,    , 0.0
16,01,16,1,中京,1,05,障害・オープ,131,芝,2,3330,良,クリノイザナミ    ,牝,5,草野太郎,58.0,14,06,14,14,0,11.1,12,230.6,"3506",0,5,6,13,13,13.8,442,高橋義博,美,0,11102962,01113,01036,0716110506,栗本博晴,様似渡辺牧場,ディープインパクト,クリームパフ,ブライアンズタイム,青毛,110307,   47.5,  ,    , 0.0
16,01,16,1,中京,1,05,障害・オープ,131,芝,2,3330,良,シャドウカラーズ  ,牝,5,五十嵐雄,58.0,14,07,12,12,0,2.5,3,222,"3420",0,10,10,10,10,13.3,470,田中剛,美,0,11104250,01069,01119,0716110507,飯塚知一,社台ファーム,キングカメハメハ,シャドウストリーム,サンデーサイレンス,鹿毛,110516,    6.7,  ,    , 0.0
16,01,16,1,中京,1,05,障害・オープ,131,芝,2,3330,良,ヘリオスフィア    ,セ,7,原田和真,60.0,14,08,6,6,0,0.8,10,220.3,"3403",0,9,8,5,4,13.2,476,岩戸孝樹,美,0,09103338,01143,01051,0716110508,岡田牧雄,岡田スタツド,トーセンダンス,ファキューラ,"Seeking the Gold",黒鹿,090228,   39.5,  ,    , 0.0
16,01,16,1,中京,1,05,障害・オープ,131,芝,2,3330,良,テイエムシシーポス,牡,6,佐久間寛,60.0,14,09,13,13,0,4.3,14,223.8,"3438",0,14,14,14,14,13.4,490,日吉正和,栗,0,10100752,01080,01122,0716110509,竹園正繼,テイエム牧場日高支,テイエムオペラオー,テイエムピンキー,トニービン,鹿毛,100321,  164.2,  ,    , 0.0
16,01,16,1,中京,1,05,障害・オープ,131,芝,2,3330,良,ダイコウキ        ,牡,6,熊沢重文,60.0,14,10,4,4,0,0.6,7,220.1,"3401",0,1,1,1,1,13.2,544,南井克巳,栗,200,10100815,00652,01049,0716110510,小林茂行,ナカノファーム,スタチューオブリバティ,ホウライサンデー,サンデーサイレンス,青鹿,100316,   15.0,  ,    , 0.0
16,01,16,1,中京,1,05,障害・オープ,131,芝,2,3330,良,コアレスドラード  ,牡,8,難波剛健,60.0,14,11,1,1,0,-0.3,1,219.5,"3395",0,5,6,7,8,13.2,470,五十嵐忠,栗,1300,08105982,01066,00422,0716110511,小林昌志,原田牧場,ステイゴールド,ラスブライティア,Bellotto,栗毛,080314,    3.6,  ,    , 0.0
16,01,16,1,中京,1,05,障害・オープ,131,芝,2,3330,良,タイセイジーニアス,牡,8,白浜雄造,60.0,14,12,10,10,0,1.3,13,220.8,"3408",0,3,3,6,8,13.3,486,宮本博,栗,0,08100219,01035,01073,0716110512,田中成奉,カントリー牧場,タニノギムレット,タニノジャドール,サンデーサイレンス,黒鹿,080311,   58.2,  ,    , 0.0
16,01,16,1,中京,1,05,障害・オープ,131,芝,2,3330,良,レッドフォルツァ  ,セ,7,上野翔,60.0,14,13,2,2,0,0.3,5,219.8,"3398",0,10,10,7,6,13.2,488,藤沢和雄,美,520,09105278,01087,00386,0716110513,東京ホースレーシン,的場牧場,ゼンノロブロイ,ホワイトウォーター,Forestry,鹿毛,090423,    8.1,  ,    , 0.0
16,01,16,1,中京,1,05,障害・オープ,131,芝,2,3330,良,ビップハテンコウ  ,牡,4,中村将之,59.0,14,14,5,5,0,0.6,9,220.1,"3401",0,13,12,10,10,13.2,506,松下武士,栗,130,12100869,01101,01149,0716110514,鈴木邦英,村上雅規,アドマイヤムーン,サンターナズソング,サクラバクシンオー,鹿毛,120202,   27.4,  ,    , 0.0
16,01,16,1,中京,1,06,500万下,23,ダ,1,1800,良,メイショウゲントク,牡,4,国分恭介,56.0,14,01,13,13,0,2.8,12,116.6,"1566",0,6,6,13,14,39.1,476,池添兼雄,栗,0,12106346,01124,01021,0716110601,松本好雄,赤田牧場,フレンチデピュティ,ディープスマート,サクラローレル,栗毛,120504,  104.4,  ,    ,49.1
16,01,16,1,中京,1,06,500万下,23,ダ,1,1800,良,エイシンスペーシア,セ,5,松山弘平,57.0,14,02,11,11,0,2.6,10,116.4,"1564",0,3,3,11,12,39.5,456,鈴木伸尋,美,0,11105816,01126,01026,0716110602,岡田壮史,高野牧場,ゼンノロブロイ,マシロンガール,"With Approval",栗毛,110402,   39.4,  ,    ,47.3
16,01,16,1,中京,1,06,500万下,23,ダ,1,1800,良,ロイヤルパンプ    ,牡,4,松若風馬,56.0,14,03,2,2,0,0.2,1,114,"1540",0,1,1,1,1,39,530,長浜博之,栗,280,12104493,01154,00395,0716110603,吉田千津,稲原牧場,アグネスデジタル,ロイヤルタバスコ,タバスコキャット,栗毛,120322,    3.5,  ,    ,46.2
16,01,16,1,中京,1,06,500万下,23,ダ,1,1800,良,スマートガイア    ,牡,4,ヴェロン,56.0,14,04,4,4,0,0.6,4,114.4,"1544",0,4,4,4,4,38.9,484,安田隆行,栗,110,12104742,05532,00438,0716110604,大川徹,ノーザンファーム,ゼンノロブロイ,トロピカルブラッサム,"Thunder Gulch",鹿毛,120223,    6.9,  ,    ,47.0
16,01,16,1,中京,1,06,500万下,23,ダ,1,1800,良,カフジホーク      ,牡,5,小坂忠士,57.0,14,05,9,9,0,1.9,14,115.7,"1557",0,9,11,11,11,38.8,450,森田直行,栗,0,11100971,01063,01142,0716110605,加藤守,モリナガファーム,クリストワイニング,ウツセミ,Machiavellian,栗毛,110329,  290.0,  ,    ,49.1
16,01,16,1,中京,1,06,500万下,23,ダ,1,1800,良,セルリアンラビット,牡,7,中井裕二,57.0,14,06,7,7,0,1.5,11,115.3,"1553",0,9,11,9,9,38.9,464,飯田雄三,栗,0,09104374,01141,01050,0716110606,イクタ,高橋正三,スパイキュール,ダンツサクラ,ラムタラ,鹿毛,090430,   56.2,  ,    ,48.2
16,01,16,1,中京,1,06,500万下,23,ダ,1,1800,良,アンネイ          ,牡,4,勝浦正樹,56.0,14,07,14,14,0,3.8,8,117.6,"1576",0,5,4,4,7,42.2,512,中舘英二,美,0,12101772,01025,01153,0716110607,橋口,浜本牧場,キングヘイロー,テンシノダンス,ダンスインザダーク,栗毛,120213,   27.0,  ,    ,39.3
16,01,16,1,中京,1,06,500万下,23,ダ,1,1800,良,タイムアラウド    ,牡,6,和田竜二,57.0,14,08,3,3,0,0.4,9,114.2,"1542",0,6,6,8,5,38.2,460,木原一良,栗,180,10104443,01018,01033,0716110608,シルクレーシング,社台コーポレーショ,ダイワメジャー,タイムトラベリング,ブライアンズタイム,鹿毛,100318,   27.7,  ,    ,49.5
16,01,16,1,中京,1,06,500万下,23,ダ,1,1800,良,メイショウナガマサ,牡,4,藤岡康太,56.0,14,09,5,5,0,1.2,5,115,"1550",0,2,2,3,3,39.7,514,南井克巳,栗,70,12103494,01116,01049,0716110609,松本好雄,フジワラフアーム,マンハッタンカフェ,マウンテンミステリー,"Mt. Livermore",鹿毛,120224,    9.5,  ,    ,44.8
16,01,16,1,中京,1,06,500万下,23,ダ,1,1800,良,レイズオブザサン  ,牡,7,藤懸貴志,57.0,14,10,6,6,0,1.4,7,115.2,"1552",0,13,14,14,13,37.5,454,服部利之,栗,0,09101598,01138,01040,0716110610,吉田修,タガミファーム,スパイキュール,レイオブライト,ウイニングチケット,黒鹿,090418,   23.5,  ,    ,53.6
16,01,16,1,中京,1,06,500万下,23,ダ,1,1800,良,ドラゴンマジック  ,セ,4,幸英明,56.0,14,11,8,8,0,1.7,6,115.5,"1555",0,13,13,9,9,39.1,504,高橋亮,栗,0,12103211,00732,01136,0716110611,窪田康志,千代田牧場,ステイゴールド,マジカルウーマン,パラダイスクリーク,栗毛,120328,   18.8,  ,    ,47.7
16,01,16,1,中京,1,06,500万下,23,ダ,1,1800,良,デモニオ          ,牡,5,川田将雅,57.0,14,12,1,1,0,-0.2,3,113.8,"1538",0,6,6,4,5,38.3,500,西村真幸,栗,700,11103894,01088,01148,0716110612,サンデーレーシング,ノーザンファーム,ネオユニヴァース,シーザバッドガール,"Giant's Causeway",青毛,110129,    4.1,  ,    ,48.6
16,01,16,1,中京,1,06,500万下,23,ダ,1,1800,良,ライフトップガン  ,牡,6,小牧太,57.0,14,13,10,10,0,2.2,13,116,"1560",0,9,10,7,7,40.3,496,角田晃一,栗,0,10102915,00894,01121,0716110613,谷岡正次,谷岡正次,マヤノトップガン,ダンツクインビー,スペシャルウィーク,鹿毛,100412,  111.0,  ,    ,43.9
16,01,16,1,中京,1,06,500万下,23,ダ,1,1800,良,ロードプレステージ,牡,4,中谷雄太,56.0,14,14,12,12,0,2.7,2,116.5,"1565",0,9,6,2,2,41.4,446,昆貢,栗,0,12102298,01038,01044,0716110614,ロードホースクラブ,ケイアイファーム,ネオユニヴァース,タッチアス,Mineshaft,黒鹿,120317,    4.0,  ,    ,40.7
16,01,16,1,中京,1,07,未勝利,7,芝,0,1600,良,ゼーヴィント      ,牡,3,石川裕紀,55.0,16,01,6,6,0,0.3,3,95.6,"1356",0,0,10,11,9,34.5,482,木村哲也,美,0,13105904,01150,01126,0716110701,シルクレーシング,ノーザンファーム,ディープインパクト,シルキーラグーン,ブライアンズタイム,鹿毛,130512,    8.5,  ,    ,56.3
16,01,16,1,中京,1,07,未勝利,7,芝,0,1600,良,デイジーベル      ,牝,3,長岡禎仁,54.0,16,02,13,13,0,1.2,14,96.5,"1365",0,0,2,3,3,36.2,466,上原博之,美,0,13106073,01142,00423,0716110702,サンデーレーシング,ノーザンファーム,ネオユニヴァース,ベルスリーブ,シンボリクリスエス,鹿毛,130303,  263.9,  ,    ,49.9
16,01,16,1,中京,1,07,未勝利,7,芝,0,1600,良,オウケンビリーヴ  ,牝,3,ヴェロン,54.0,16,03,2,2,0,0,4,95.3,"1353",0,0,2,2,2,35.2,470,安田隆行,栗,200,13106022,05532,00438,0716110703,福井明,ノーザンファーム,クロフネ,ビスクドール,サンデーサイレンス,芦毛,130125,   12.1,  ,    ,52.4
16,01,16,1,中京,1,07,未勝利,7,芝,0,1600,良,イノセントワールド,牝,3,秋山真一,54.0,16,04,15,15,0,1.9,13,97.2,"1372",0,0,7,6,5,36.7,432,石栗龍彦,美,0,13106395,01019,01043,0716110704,堀口晴男,日西牧場,ロージズインメイ,キシュウマドンナ,トワイニング,栗毛,130308,  184.3,  ,    ,48.9
16,01,16,1,中京,1,07,未勝利,7,芝,0,1600,良,タガノガジュマル  ,牡,3,藤岡康太,56.0,16,05,3,3,0,0,2,95.3,"1353",0,0,1,1,1,35.3,428,本田優,栗,130,13101727,01116,01099,0716110705,八木良司,八木牧場,キンシャサノキセキ,タガノシャルマン,トニービン,黒鹿,130207,    5.7,  ,    ,52.0
16,01,16,1,中京,1,07,未勝利,7,芝,0,1600,良,ヤギリジャスパー  ,牡,3,川島信二,56.0,16,06,8,8,0,0.7,12,96,"1360",0,0,14,13,13,34.7,520,高橋義博,美,0,13104236,01062,01036,0716110706,内田ヤエ子,桜井牧場,タイキシャトル,ストック,キングカメハメハ,鹿毛,130405,  170.2,  ,    ,56.0
16,01,16,1,中京,1,07,未勝利,7,芝,0,1600,良,ガリゲット        ,牡,3,中谷雄太,56.0,16,07,11,11,0,1,11,96.3,"1363",0,0,13,14,13,35,504,吉田直弘,栗,0,13105859,01038,01101,0716110707,サンデーレーシング,ノーザンファーム,ダノンシャンティ,クーリドフレイズ,"Giant's Causeway",黒鹿,130129,   73.0,  ,    ,55.1
16,01,16,1,中京,1,07,未勝利,7,芝,0,1600,良,ゴールドインゴット,牡,3,高田潤,56.0,16,08,5,5,0,0.3,6,95.6,"1356",0,0,10,9,9,34.6,466,湯窪幸雄,栗,50,13103305,01046,01057,0716110708,玉井宏和,小倉牧場,プリサイスエンド,カタズオノンデ,サンデーウェル,黒鹿,130510,   19.0,  ,    ,55.8
16,01,16,1,中京,1,07,未勝利,7,芝,0,1600,良,ホットファイヤー  ,牡,3,高倉稜,56.0,16,09,4,4,0,0,7,95.3,"1353",0,0,2,3,3,35,458,松元茂樹,栗,75,13100488,01130,00419,0716110709,西田彰宏,スマイルファーム,ハービンジャー,サワノプリマベーラ,サンデーサイレンス,鹿毛,130408,   20.1,  ,    ,53.4
16,01,16,1,中京,1,07,未勝利,7,芝,0,1600,良,ラブターボ        ,牝,3,石橋脩,54.0,16,10,9,9,0,0.7,8,96,"1360",0,0,12,12,9,34.9,416,竹内正洋,美,0,13104632,01077,01152,0716110710,田頭勇貴,西村和夫,スクリーンヒーロー,コンドルウイング,エルコンドルパサー,鹿毛,130518,   22.3,  ,    ,55.0
16,01,16,1,中京,1,07,未勝利,7,芝,0,1600,良,ユーキホープ      ,牡,3,和田竜二,56.0,16,11,12,12,0,1.1,10,96.4,"1364",0,0,5,6,7,35.8,500,西橋豊治,栗,0,13106408,01018,00434,0716110711,田畑富子,和田牧場,デュランダル,ディアースパークル,マイネルラヴ,鹿毛,130421,   55.4,  ,    ,51.6
16,01,16,1,中京,1,07,未勝利,7,芝,0,1600,良,アッパレドンキ    ,牝,3,松若風馬,54.0,16,12,10,10,0,0.9,5,96.2,"1362",0,0,7,9,9,35.2,402,藤原英昭,栗,0,13104815,01154,01055,0716110712,廣崎利洋HD,藤原牧場,ディープインパクト,トレノトマト,デヒア,鹿毛,130327,   12.6,  ,    ,54.0
16,01,16,1,中京,1,07,未勝利,7,芝,0,1600,良,ラピスラズリ      ,牝,3,木幡初也,51.0,16,13,16,16,0,2.1,15,97.4,"1374",0,0,14,16,16,35.4,416,黒岩陽一,美,0,13102720,01153,01133,0716110713,佐々木雄二,富田恭司,ハイアーゲーム,デュプレ,Singspiel,青鹿,130430,  370.2,  ,    ,55.1
16,01,16,1,中京,1,07,未勝利,7,芝,0,1600,良,グランサーブル    ,牡,3,城戸義政,54.0,16,14,14,14,0,1.8,16,97.1,"1371",0,0,16,14,15,35.4,430,坂口正則,栗,0,13101688,01147,00356,0716110714,間宮秀直,長浜忠,トワイニング,フサイチケリー,サンデーサイレンス,芦毛,130410,  587.2,  ,    ,54.6
16,01,16,1,中京,1,07,未勝利,7,芝,0,1600,良,マテラアリオン    ,牡,3,川田将雅,56.0,16,15,1,1,0,0,1,95.3,"1353",0,0,5,5,5,34.8,466,森秀行,栗,500,13103024,01088,00427,0716110715,大野照旺,高松牧場,マンハッタンカフェ,アグネスフィーバー,Vindication,黒鹿,130320,    1.7,  ,    ,54.3
16,01,16,1,中京,1,07,未勝利,7,芝,0,1600,良,スズカウルトラ    ,牡,3,幸英明,56.0,16,16,7,7,0,0.4,9,95.7,"1357",0,0,7,8,7,35,454,大橋勇樹,栗,0,13103837,00732,01065,0716110716,永井啓弍,山口義彦,メイショウボーラー,スマートウェーブ,ネオユニヴァース,鹿毛,130420,   25.5,  ,    ,54.1
16,01,16,1,中京,1,08,500万下,23,ダ,1,1400,良,アイファーサンディ,牡,4,城戸義政,54.0,16,01,3,3,0,0.2,5,85.4,"1254",0,0,0,3,3,37.9,468,加藤敬二,栗,180,12103348,01147,00379,0716110801,中島稔,野表篤夫,エイシンサンディ,エフシア,アグネスデジタル,鹿毛,120214,   10.9,  ,    ,44.0
16,01,16,1,中京,1,08,500万下,23,ダ,1,1400,良,ノボリレジェンド  ,牝,5,川田将雅,55.0,16,02,8,8,0,0.9,3,86.1,"1261",0,0,0,1,1,38.9,448,河内洋,栗,0,11104454,01088,01072,0716110802,原田豊,社台ファーム,ディープインパクト,ミルグレイン,"Polish Precedent",鹿毛,110426,    6.2,  ,    ,41.0
16,01,16,1,中京,1,08,500万下,23,ダ,1,1400,良,ポールシッター    ,セ,6,田辺裕信,57.0,16,03,10,10,0,1.1,9,86.3,"1263",0,0,0,12,12,37.9,452,尾形和幸,美,0,10102488,01075,01141,0716110803,平川浩之,岡田スタツド,マイネルラヴ,ヘヴンリービーナス,フジキセキ,青鹿,100428,   77.0,  ,    ,45.8
16,01,16,1,中京,1,08,500万下,23,ダ,1,1400,良,トーコーグリーン  ,牡,6,和田翼,56.0,16,04,5,5,0,0.7,4,85.9,"1259",0,0,0,8,7,38.1,512,橋田満,栗,70,10102630,01146,00362,0716110804,森田藤治,グランド牧場,アグネスタキオン,ヴェスタ,"Fortunate Prospect",黒鹿,100211,   10.7,  ,    ,44.1
16,01,16,1,中京,1,08,500万下,23,ダ,1,1400,良,テーオークリスエス,牡,6,横山和生,57.0,16,05,7,7,0,0.9,15,86.1,"1261",0,0,0,10,10,38.1,504,小野次郎,美,0,10106553,01140,01125,0716110805,小笹公也,ヤナガワ牧場,シンボリクリスエス,ミヤコサンライズ,フジキセキ,鹿毛,100411,  227.3,  ,    ,44.5
16,01,16,1,中京,1,08,500万下,23,ダ,1,1400,良,ノーモアベット    ,牡,4,松山弘平,56.0,16,06,11,11,0,1.4,10,86.6,"1266",0,0,0,14,13,37.7,456,田島俊明,美,0,12101913,01126,01112,0716110806,高瀬真尚,本間牧場,スウェプトオーヴァーボード,プティパ,ブライアンズタイム,青鹿,120419,   80.9,  ,    ,47.3
16,01,16,1,中京,1,08,500万下,23,ダ,1,1400,良,パリーアーク      ,牡,5,石橋脩,57.0,16,07,4,4,0,0.4,6,85.6,"1256",0,0,0,10,10,37.6,476,加藤征弘,美,110,11104086,01077,01059,0716110807,サンデーレーシング,ノーザンファーム,ディープインパクト,ムーンライトダンス,Sinndar,鹿毛,110427,   12.2,  ,    ,45.7
16,01,16,1,中京,1,08,500万下,23,ダ,1,1400,良,ヴレクール        ,牡,5,幸英明,57.0,16,08,2,2,0,0.1,2,85.3,"1253",0,0,0,2,2,38,516,大久保龍,栗,280,11104091,00732,01058,0716110808,キャロットファーム,ノーザンファーム,ゴールドアリュール,モンプティクール,クロフネ,栗毛,110301,    4.4,  ,    ,43.4
16,01,16,1,中京,1,08,500万下,23,ダ,1,1400,良,コピーライター    ,セ,6,小坂忠士,57.0,16,09,6,6,0,0.9,7,86.1,"1261",0,0,0,8,7,38.3,504,奥村豊,栗,0,10101760,01063,01146,0716110809,グリーンスウォード,米田牧場,サウスヴィグラス,メディアプランナー,コマンダーインチーフ,鹿毛,100427,   20.6,  ,    ,43.6
16,01,16,1,中京,1,08,500万下,23,ダ,1,1400,良,イフウドウドウ    ,牡,6,木幡初也,54.0,16,10,15,15,0,3.5,14,88.7,"1287",0,0,0,13,14,40.1,478,天間昭一,美,0,10100059,01153,01090,0716110810,西村新一郎,高橋啓,アドマイヤジュピタ,ナスノファイン,マンハッタンカフェ,栗毛,100131,  211.7,  ,    ,40.9
16,01,16,1,中京,1,08,500万下,23,ダ,1,1400,良,ゴールドスーク    ,牡,5,藤岡康太,57.0,16,11,1,1,0,-0.1,1,85.2,"1252",0,0,0,6,4,37.6,514,小崎憲,栗,700,11103952,01116,01085,0716110811,サンデーレーシング,ノーザンファーム,ゴールドアリュール,ダークサファイア,"Out of Place",栗毛,110205,    2.1,  ,    ,44.9
16,01,16,1,中京,1,08,500万下,23,ダ,1,1400,良,エジル            ,牝,6,石川裕紀,54.0,16,12,16,16,0,4.9,13,90.1,"1301",0,0,0,7,7,42.4,554,木村哲也,美,0,10110129,01150,01126,0716110812,吉田和美,"White Cloud Bloods","Stormy Atlantic","One West","Gone West",栗毛,100316,  125.2,  ,    ,34.4
16,01,16,1,中京,1,08,500万下,23,ダ,1,1400,良,ホームゲーム      ,牝,4,黛弘人,54.0,16,13,14,14,0,3.3,16,88.5,"1285",0,0,0,3,4,41.1,472,蛯名利弘,美,0,12103375,01109,01131,0716110813,平川浩之,畠山牧場,オレハマッテルゼ,シルクマイホーム,"Storming Home",栗毛,120324,  418.9,  ,    ,36.5
16,01,16,1,中京,1,08,500万下,23,ダ,1,1400,良,ヴァッハウ        ,牡,4,和田竜二,56.0,16,14,13,13,0,2.4,12,87.6,"1276",0,0,0,3,4,40.1,496,田村康仁,美,0,12100009,01018,01027,0716110814,ラ・メール,赤石久夫,ファスリエフ,シンカンメグミ,マルゼンスキー,鹿毛,120427,   99.3,  ,    ,38.8
16,01,16,1,中京,1,08,500万下,23,ダ,1,1400,良,サンライズフレンチ,牡,5,義英真,55.0,16,15,9,9,0,1,8,86.2,"1262",0,0,0,16,16,37,508,崎山博樹,栗,0,11106135,01155,00365,0716110815,松岡隆雄,ミリオンファーム,フレンチデピュティ,ブロンドサンライズ,スペシャルウィーク,栗毛,110508,   53.5,  ,    ,49.7
16,01,16,1,中京,1,08,500万下,23,ダ,1,1400,良,レベニュー        ,牡,4,勝浦正樹,56.0,16,16,12,12,0,2.1,11,87.3,"1273",0,0,0,14,14,38.4,476,田中清隆,美,0,12100338,01025,00408,0716110816,嶋田賢,隆栄牧場,ケイムホーム,ネオイグザンプル,ネオユニヴァース,黒鹿,120317,   92.5,  ,    ,45.5
16,01,16,1,中京,1,09,500万下,23,芝,0,2000,良,キタサンキンボシ  ,牡,5,藤岡康太,57.0,17,01,13,13,0,1.2,7,121.6,"2016",0,1,1,1,1,36.4,488,梅田智之,栗,0,11100225,01116,01084,0716110901,大野商事,グッドラック・ファ,ステイゴールド,キタサンアカデミー,Rodwell,栗毛,110417,   18.2,  ,    ,50.3
16,01,16,1,中京,1,09,500万下,23,芝,0,2000,良,ビオラフォーエバー,セ,5,松若風馬,57.0,17,02,9,9,0,0.8,4,121.2,"2012",0,2,2,2,2,35.9,464,松永昌博,栗,0,11101782,01154,01083,0716110902,熊澤浩樹,岡田スタツド,スペシャルウィーク,ミッドキャップ,Entrepreneur,栗毛,110310,   13.0,  ,    ,51.8
16,01,16,1,中京,1,09,500万下,23,芝,0,2000,良,エインセル        ,牝,6,川須栄彦,55.0,17,03,12,12,0,1.2,14,121.6,"2016",0,7,7,8,7,35.9,470,牧田和弥,栗,0,10103871,01128,01123,0716110903,吉田照哉,社台ファーム,メイショウサムソン,ピクシーダスト,サンデーサイレンス,鹿毛,100402,   56.6,  ,    ,52.3
16,01,16,1,中京,1,09,500万下,23,芝,0,2000,良,トレモロアーム    ,牡,5,宮崎北斗,57.0,17,04,17,17,0,2.1,15,122.5,"2025",0,15,15,16,17,35.8,470,中川公成,美,0,11104329,01118,01081,0716110904,佐々木雄二,社台ファーム,ディープインパクト,トレアンサンブル,トニービン,黒鹿,110521,   99.1,  ,    ,53.8
16,01,16,1,中京,1,09,500万下,23,芝,0,2000,良,ラブコール        ,牝,5,和田翼,54.0,17,05,16,16,0,2,17,122.4,"2024",0,2,3,3,3,36.9,454,長浜博之,栗,0,11101877,01146,00395,0716110905,畑佐博,神垣道弘,チチカステナンゴ,レッドレターデイ,サンデーサイレンス,芦毛,110331,  169.8,  ,    ,49.3
16,01,16,1,中京,1,09,500万下,23,芝,0,2000,良,カルナヴァレスコ  ,牡,4,川田将雅,56.0,17,06,14,14,0,1.5,2,121.9,"2019",0,4,4,5,3,36.4,480,池江泰寿,栗,0,12104662,01088,01071,0716110906,シルクレーシング,社台コーポレーショ,ステイゴールド,シーズライクリオ,Boundary,黒鹿,120131,    4.5,  ,    ,50.7
16,01,16,1,中京,1,09,500万下,23,芝,0,2000,良,ケルンダッシュ    ,牡,4,幸英明,56.0,17,07,2,2,0,0.3,5,120.7,"2007",0,9,9,8,7,34.9,490,五十嵐忠,栗,280,12102741,00732,00422,0716110907,深見富朗,岡田牧場,ハーツクライ,アルフレンテ,スキャン,黒鹿,120211,   14.2,  ,    ,55.4
16,01,16,1,中京,1,09,500万下,23,芝,0,2000,良,ミュゼダルタニアン,牡,4,丸山元気,56.0,17,08,1,1,0,-0.3,1,120.4,"2004",0,7,7,5,7,34.7,512,高市圭二,美,700,12104129,01127,01014,0716110908,菊地祐司,社台ファーム,ハービンジャー,アルテシア,サンデーサイレンス,栗毛,120515,    2.2,  ,    ,55.8
16,01,16,1,中京,1,09,500万下,23,芝,0,2000,良,アドマイヤロワ    ,牡,4,ヴェロン,56.0,17,09,10,10,0,0.8,11,121.2,"2012",0,11,10,11,10,35.3,474,橋田満,栗,0,12104661,05532,00362,0716110909,近藤利一,ノーザンファーム,ディープインパクト,シーズオールエルティッシュ,Eltish,鹿毛,120409,   36.8,  ,    ,54.3
16,01,16,1,中京,1,09,500万下,23,芝,0,2000,良,メイショウヤマホコ,牡,6,義英真,55.0,17,10,3,3,0,0.3,3,120.7,"2007",0,10,10,8,10,34.8,470,藤沢則雄,栗,180,10100155,01155,01041,0716110910,松本好雄,天羽牧場,タニノギムレット,ナリタフローラ,サンデーサイレンス,黒鹿,100414,   10.0,  ,    ,55.8
16,01,16,1,中京,1,09,500万下,23,芝,0,2000,良,サダムロードショー,牡,6,石橋脩,57.0,17,11,5,5,0,0.5,8,120.9,"2009",0,17,17,16,16,34.3,472,中尾秀正,栗,70,10104412,01077,01069,0716110911,大西定,社台コーポレーショ,シンボリクリスエス,グランオマージュ,サンデーサイレンス,鹿毛,100310,   22.7,  ,    ,58.2
16,01,16,1,中京,1,09,500万下,23,芝,0,2000,良,クレスト          ,牡,4,小牧太,56.0,17,12,7,7,0,0.7,6,121.1,"2011",0,4,5,5,3,35.6,508,橋口弘次,栗,0,12100585,00894,00343,0716110912,前田晋二,ノースヒルズ,マンハッタンカフェ,キュンティア,Darshaan,青鹿,120215,   14.6,  ,    ,52.9
16,01,16,1,中京,1,09,500万下,23,芝,0,2000,良,エクストラファイン,牝,4,大野拓弥,54.0,17,13,11,11,0,1,9,121.4,"2014",0,6,5,3,3,35.9,452,矢野英一,美,0,12104281,01096,01108,0716110913,グリーンファーム,社台ファーム,シンボリクリスエス,ダノンスペシャル,スペシャルウィーク,鹿毛,120213,   31.1,  ,    ,52.1
16,01,16,1,中京,1,09,500万下,23,芝,0,2000,良,ダンカン          ,牡,4,国分恭介,56.0,17,14,15,15,0,1.8,16,122.2,"2022",0,13,13,13,12,36.1,460,中尾秀正,栗,0,12105828,01124,01069,0716110914,杉田周作,桑田牧場,カンパニー,カントリースタイル,リンドシェーバー,鹿毛,120509,  157.3,  ,    ,52.2
16,01,16,1,中京,1,09,500万下,23,芝,0,2000,良,マクベスバローズ  ,牡,6,秋山真一,57.0,17,15,8,8,0,0.8,10,121.2,"2012",0,16,15,15,15,34.8,466,松下武士,栗,0,10103833,01019,01149,0716110915,猪熊広次,社台ファーム,ステイゴールド,トップチョイス,Cryptoclearance,黒鹿,100425,   34.8,  ,    ,56.4
16,01,16,1,中京,1,09,500万下,23,芝,0,2000,良,マイネルレオーネ  ,牡,4,石川裕紀,55.0,17,16,6,6,0,0.5,12,120.9,"2009",0,14,14,13,14,34.6,406,清水久詞,栗,0,12103532,01150,01110,0716110916,サラブレッドクラブ,真歌田中牧場,ステイゴールド,ウェンブリー,サツカーボーイ,黒鹿,120215,   38.5,  ,    ,56.9
16,01,16,1,中京,1,09,500万下,23,芝,0,2000,良,コメットシーカー  ,牡,6,鮫島克駿,55.0,17,17,4,4,0,0.4,13,120.8,"2008",0,12,12,11,12,34.7,502,西村真幸,栗,110,10104079,01157,01148,0716110917,キャロットファーム,ノーザンファーム,ディープインパクト,ガヴィオラ,Cozzene,鹿毛,100502,   45.3,  ,    ,56.3
16,01,16,1,中京,1,10,庄内川特500,23,芝,0,1400,良,マラムデール      ,牝,5,鮫島克駿,55.0,18,01,6,6,0,0.2,6,81.2,"1212",0,0,0,8,6,34.6,444,松田国英,栗,0,11104022,01157,01011,0716111001,サンデーレーシング,ノーザンファーム,フレンチデピュティ,フサイチエアデール,サンデーサイレンス,栗毛,110226,   13.0,  ,    ,51.0
16,01,16,1,中京,1,10,庄内川特500,23,芝,0,1400,良,リスクオン        ,牝,5,吉田豊,55.0,18,02,11,11,0,0.7,14,81.7,"1217",0,0,0,11,9,34.8,474,高橋文雅,美,0,11103754,00733,01134,0716111002,ユアストーリー,ノーザンファーム,マツリダゴッホ,アドマイヤヒラリー,Nashwan,栗毛,110302,  127.5,  ,    ,51.1
16,01,16,1,中京,1,10,庄内川特500,23,芝,0,1400,良,ダノンブライト    ,牡,4,川田将雅,56.0,18,03,1,1,0,0,1,81,"1210",0,0,0,3,2,34.7,462,大久保龍,栗,950,12101386,01088,01058,0716111003,ダノックス,下河辺牧場,ディープインパクト,ペニーズフォーチュン,"Storm Cat",青鹿,120425,    3.7,  ,    ,50.1
16,01,16,1,中京,1,10,庄内川特500,23,芝,0,1400,良,サチノリーダース  ,牡,6,和田竜二,57.0,18,04,14,14,0,0.8,7,81.8,"1218",0,0,0,1,1,35.7,460,服部利之,栗,0,10105445,01018,01040,0716111004,佐藤勝士,競優牧場,ザール,バクシンオージョ,タイキシャトル,青鹿,100429,   14.6,  ,    ,46.8
16,01,16,1,中京,1,10,庄内川特500,23,芝,0,1400,良,トーホウハニー    ,牝,4,丸山元気,54.0,18,05,8,8,0,0.4,2,81.4,"1214",0,0,0,5,5,34.9,444,田中清隆,美,0,12103720,01127,00408,0716111005,東豊物産,竹島幸治,ステイゴールド,トーホウメドゥーサ,Meadowlake,鹿毛,120327,    4.6,  ,    ,49.9
16,01,16,1,中京,1,10,庄内川特500,23,芝,0,1400,良,サトノプレステージ,牡,6,幸英明,57.0,18,06,5,5,0,0.1,10,81.1,"1211",0,0,0,6,6,34.5,518,平田修,栗,95,10104219,00732,01082,0716111006,里見治,ノーザンファーム,ディープインパクト,ディメンティカタ,Danetime,鹿毛,100316,   35.1,  ,    ,51.3
16,01,16,1,中京,1,10,庄内川特500,23,芝,0,1400,良,アルトゥーナ      ,牝,5,松若風馬,55.0,18,07,9,9,0,0.6,13,81.6,"1216",0,0,0,15,14,34.4,434,長浜博之,栗,0,11104164,01154,00395,0716111007,社台レースホース,社台ファーム,ハーツクライ,インディアナカーヴ,"A.P. Indy",黒鹿,110218,  116.4,  ,    ,52.9
16,01,16,1,中京,1,10,庄内川特500,23,芝,0,1400,良,ダブルコーク      ,牡,5,勝浦正樹,57.0,18,08,4,4,0,0.1,11,81.1,"1211",0,0,0,17,17,33.5,484,鹿戸雄一,美,140,11104420,01025,01097,0716111008,G1レーシング,社台ファーム,キングカメハメハ,ホリデイオンアイス,ダンスインザダーク,黒鹿,110519,   44.2,  ,    ,56.6
16,01,16,1,中京,1,10,庄内川特500,23,芝,0,1400,良,リリーヴィクトリー,牡,4,松山弘平,56.0,18,09,11,11,0,0.7,8,81.7,"1217",0,0,0,2,2,35.4,502,池添兼雄,栗,0,12105587,01126,01021,0716111009,土井孝夫,三嶋牧場,マンハッタンカフェ,マルヴァーンスプリング,"Silver Deputy",黒鹿,120228,   22.5,  ,    ,48.1
16,01,16,1,中京,1,10,庄内川特500,23,芝,0,1400,良,キングデュナミス  ,牡,4,杉原誠人,56.0,18,10,15,15,0,0.9,12,81.9,"1219",0,0,0,11,9,35.1,468,小島茂之,美,0,12102972,01135,01068,0716111010,村上義勝,静内白井牧場,ステイゴールド,ミヤビグレイス,キングカメハメハ,鹿毛,120325,   64.2,  ,    ,50.0
16,01,16,1,中京,1,10,庄内川特500,23,芝,0,1400,良,カノヤカンザクラ  ,牡,4,小牧太,56.0,18,11,10,10,0,0.6,9,81.6,"1216",0,0,0,11,13,34.5,518,橋口弘次,栗,0,12101765,00894,00343,0716111011,神田アヤ子,浜本牧場,ダイワメジャー,ウッドマンズシック,Woodman,栗毛,120411,   28.9,  ,    ,52.4
16,01,16,1,中京,1,10,庄内川特500,23,芝,0,1400,良,アレスバローズ    ,牡,4,吉田隼人,56.0,18,12,3,3,0,0.1,5,81.1,"1211",0,0,0,9,9,34.2,494,角田晃一,栗,240,12102017,01095,01121,0716111012,猪熊広次,ヤナガワ牧場,ディープインパクト,タイセイエトワール,トニービン,黒鹿,120514,    8.6,  ,    ,52.9
16,01,16,1,中京,1,10,庄内川特500,23,芝,0,1400,良,キャノンプレート  ,牡,4,藤岡康太,56.0,18,13,7,7,0,0.3,4,81.3,"1213",0,0,0,3,4,34.9,490,昆貢,栗,0,12100883,01116,01044,0716111013,ローレルレーシング,村田牧場,マンハッタンカフェ,ビッグテンビー,テンビー,黒鹿,120406,    6.8,  ,    ,49.7
16,01,16,1,中京,1,10,庄内川特500,23,芝,0,1400,良,エアリーチューン  ,牝,4,藤懸貴志,54.0,18,14,18,18,0,2.1,18,83.1,"1231",0,0,0,14,14,35.9,388,柴田光陽,栗,0,12104470,01138,00400,0716111014,中島稔,社台ファーム,ステイゴールド,リーインフォースト,トニービン,黒鹿,120219,  277.1,  ,    ,48.6
16,01,16,1,中京,1,10,庄内川特500,23,芝,0,1400,良,ラミーロ          ,牡,4,石川裕紀,56.0,18,15,17,17,0,1.2,17,82.2,"1222",0,0,0,15,16,34.8,482,和田雄二,美,0,12102453,01150,01143,0716111015,門野重雄,原口牧場,アサクサデンエン,アラハ,アドマイヤベガ,栗毛,120414,  202.9,  ,    ,52.2
16,01,16,1,中京,1,10,庄内川特500,23,芝,0,1400,良,クィーンパレット  ,牝,4,田辺裕信,54.0,18,16,13,13,0,0.8,3,81.8,"1218",0,0,0,6,6,35.2,444,柴田政人,美,0,12100379,01075,01007,0716111016,井上久光,大栄牧場,ブラックタイド,カラフルパレット,キングカメハメハ,青鹿,120504,    5.6,  ,    ,49.3
16,01,16,1,中京,1,10,庄内川特500,23,芝,0,1400,良,シャイニーサン    ,牡,4,和田翼,56.0,18,17,2,2,0,0,16,81,"1210",0,0,0,9,9,34.1,468,羽月友彦,栗,380,12102164,01146,01091,0716111017,小林昌志,雅牧場,スニッツェル,ブライティアナイル,アドマイヤベガ,鹿毛,120408,  169.3,  ,    ,53.2
16,01,16,1,中京,1,10,庄内川特500,23,芝,0,1400,良,ドリームリヴァール,セ,6,中谷雄太,57.0,18,18,16,16,0,1.1,15,82.1,"1221",0,0,0,18,18,34.1,450,池上昌弘,美,0,10104563,01038,00390,0716111018,ライオンレースホー,追分ファーム,タニノギムレット,リヴァリーガーデン,サンデーサイレンス,黒鹿,100515,  167.9,  ,    ,55.6
16,01,16,1,中京,1,11,愛知杯ＨG3,163,芝,0,2000,良,リメインサイレント,牝,6,藤岡康太,53.0,18,01,7,7,0,0.6,15,119.4,"1594",0,14,13,13,11,35.8,502,田中章博,栗,0,10103747,01116,00413,0716111101,社台レースホース,社台ファーム,ホワイトマズル,サイレントアスク,サンデーサイレンス,鹿毛,100315,   42.2,  ,    ,50.1
16,01,16,1,中京,1,11,愛知杯ＨG3,163,芝,0,2000,良,ハピネスダンサー  ,牝,5,小牧太,53.0,18,02,13,13,0,1.2,3,120,"2000",0,7,8,9,7,36.6,498,高野友和,栗,0,11103837,00894,01117,0716111102,前迫義幸,ノーザンファーム,メイショウサムソン,クロノロジスト,クロフネ,鹿毛,110126,    6.9,  ,    ,47.7
16,01,16,1,中京,1,11,愛知杯ＨG3,163,芝,0,2000,良,ヴィルジニア      ,牝,6,鮫島克駿,50.0,18,03,6,6,0,0.4,10,119.2,"1592",0,11,15,15,11,35.5,460,池添学,栗,0,10104147,01157,01144,0716111103,G1レーシング,ノーザンファーム,Galileo,シルヴァースカヤ,"Silver Hawk",鹿毛,100329,   25.8,  ,    ,51.0
16,01,16,1,中京,1,11,愛知杯ＨG3,163,芝,0,2000,良,バウンスシャッセ  ,牝,5,田辺裕信,55.5,18,04,1,1,0,-0.2,8,118.8,"1588",0,15,16,15,15,35,540,藤沢和雄,美,3600,11104105,01075,00386,0716111104,キャロットファーム,ノーザンファーム,ゼンノロブロイ,リッチダンサー,Halling,鹿毛,110506,   21.9,  ,    ,52.6
16,01,16,1,中京,1,11,愛知杯ＨG3,163,芝,0,2000,良,クインズミラーグロ,牝,4,吉田豊,53.0,18,05,11,11,0,0.8,7,119.6,"1596",0,18,17,17,17,35.7,434,和田正道,美,0,12105433,00733,00353,0716111105,クイーンズ・ランチ,富田牧場,マンハッタンカフェ,ジャストトゥートゥー,"In Excess",黒鹿,120325,   15.3,  ,    ,50.7
16,01,16,1,中京,1,11,愛知杯ＨG3,163,芝,0,2000,良,グレイスフラワー  ,牝,7,勝浦正樹,52.0,18,06,10,10,0,0.7,16,119.5,"1595",0,15,13,13,15,35.7,464,宗像義忠,美,0,09106185,01025,00420,0716111106,佐藤壽男,ノーザンファーム,ダイワメジャー,ジャッキーテースト,カーネギー,青鹿,090304,   48.4,  ,    ,50.6
16,01,16,1,中京,1,11,愛知杯ＨG3,163,芝,0,2000,良,アースライズ      ,牝,4,川須栄彦,53.0,18,07,3,3,0,0.2,4,119,"1590",0,9,11,9,7,35.5,448,矢作芳人,栗,900,12104884,01128,01075,0716111107,吉田勝己,ノーザンファーム,マンハッタンカフェ,ライジングクロス,"Cape Cross",青鹿,120207,    7.0,  ,    ,50.8
16,01,16,1,中京,1,11,愛知杯ＨG3,163,芝,0,2000,良,フェリーチェレガロ,牝,6,和田竜二,52.0,18,08,16,16,0,1.6,9,120.4,"2004",0,3,4,4,3,37.2,486,友道康夫,栗,0,10103821,01018,01061,0716111108,平井裕,社台ファーム,マンハッタンカフェ,チャッターリップス,リファーズウィッシュ,黒鹿,100213,   25.2,  ,    ,45.9
16,01,16,1,中京,1,11,愛知杯ＨG3,163,芝,0,2000,良,アルマディヴァン  ,牝,6,幸英明,54.0,18,09,9,9,0,0.6,13,119.4,"1594",0,11,11,12,11,35.8,490,高橋文雅,美,0,10106366,00732,01134,0716111109,コウトミックレーシ,メイプルファーム,メジロベイリー,ゲームコンパイラ,メジロライアン,栗毛,100412,   34.9,  ,    ,50.1
16,01,16,1,中京,1,11,愛知杯ＨG3,163,芝,0,2000,良,メイショウスザンナ,牝,7,吉田隼人,55.0,18,10,12,12,0,1.1,18,119.9,"1599",0,5,4,4,5,36.6,474,高橋義忠,栗,0,09105230,01095,01129,0716111110,松本好隆,北星村田牧場,アグネスデジタル,グリーンオリーヴ,サンデーサイレンス,鹿毛,090427,   99.6,  ,    ,47.5
16,01,16,1,中京,1,11,愛知杯ＨG3,163,芝,0,2000,良,マキシマムドパリ  ,牝,4,ヴェロン,53.0,18,11,4,4,0,0.3,2,119.1,"1591",0,7,4,7,7,35.7,446,松元茂樹,栗,540,12104407,05532,00419,0716111111,グリーンファーム,社台ファーム,キングカメハメハ,マドモアゼルドパリ,サンデーサイレンス,芦毛,120201,    5.2,  ,    ,50.1
16,01,16,1,中京,1,11,愛知杯ＨG3,163,芝,0,2000,良,フレイムコード    ,牝,7,菱田裕二,53.0,18,12,14,14,0,1.3,14,120.1,"2001",0,2,2,3,3,37,474,谷潔,栗,0,09105355,01144,00431,0716111112,イクタ,村本牧場,タヤスツヨシ,シマノラピス,オペラハウス,鹿毛,090220,   36.4,  ,    ,46.3
16,01,16,1,中京,1,11,愛知杯ＨG3,163,芝,0,2000,良,マコトブリジャール,牝,6,秋山真一,53.0,18,13,18,18,0,1.8,17,120.6,"2006",0,3,2,2,2,37.6,406,鮫島一歩,栗,0,10101874,01019,01046,0716111113,ディアマント,出口繁夫,ストーミングホーム,マコトコーラン,ブライアンズタイム,鹿毛,100323,   59.3,  ,    ,44.6
16,01,16,1,中京,1,11,愛知杯ＨG3,163,芝,0,2000,良,レイヌドネージュ  ,牝,6,石川裕紀,53.0,18,14,5,5,0,0.3,12,119.1,"1591",0,17,17,17,17,35.1,494,菊沢隆徳,美,360,10104515,01150,01115,0716111114,サンデーレーシング,追分ファーム,フジキセキ,イルネージュ,トニービン,鹿毛,100323,   29.0,  ,    ,52.6
16,01,16,1,中京,1,11,愛知杯ＨG3,163,芝,0,2000,良,リーサルウェポン  ,牝,5,川島信二,50.0,18,15,2,2,0,0.2,5,119,"1590",0,11,8,11,11,35.4,436,荒川義之,栗,1400,11100497,01062,01095,0716111115,"Him Rock Racing",タバタファーム,ディープインパクト,クイックコマンド,"Gold Legend",鹿毛,110529,   13.8,  ,    ,51.2
16,01,16,1,中京,1,11,愛知杯ＨG3,163,芝,0,2000,良,シュンドルボン    ,牝,5,大野拓弥,54.0,18,16,8,8,0,0.6,1,119.4,"1594",0,5,4,4,5,36.1,502,矢野英一,美,0,11100352,01096,01108,0716111116,下河辺牧場,下河辺牧場,ハーツクライ,ネイチャーガイド,エルコンドルパサー,青鹿,110120,    4.0,  ,    ,48.9
16,01,16,1,中京,1,11,愛知杯ＨG3,163,芝,0,2000,良,タガノエトワール  ,牝,5,川田将雅,54.0,18,17,17,17,0,1.8,6,120.6,"2006",0,9,8,7,7,37.2,458,松田博資,栗,0,11103610,01088,00348,0716111117,八木良司,社台コーポレーショ,キングカメハメハ,シーサイドブリーズ,サンデーサイレンス,鹿毛,110112,   14.6,  ,    ,46.1
16,01,16,1,中京,1,11,愛知杯ＨG3,163,芝,0,2000,良,オツウ            ,牝,6,松山弘平,53.0,18,18,15,15,0,1.6,11,120.4,"2004",0,1,1,1,1,37.5,496,須貝尚介,栗,0,10104221,01126,01105,0716111118,大和屋暁,ノーザンファーム,ハーツクライ,デライトポイント,トウカイテイオー,鹿毛,100311,   27.7,  ,    ,44.7
16,01,16,1,中京,1,12,伊勢特別1000,43,ダ,1,1400,良,バコパ            ,牡,7,菱田裕二,57.0,16,01,16,16,0,2.3,15,85.7,"1257",0,0,0,3,3,38.9,498,長浜博之,栗,0,09100622,01144,00395,0716111201,畑佐博,富田牧場,フレンチデピュティ,ベア,サンデーサイレンス,栗毛,090311,  217.0,  ,    ,40.2
16,01,16,1,中京,1,12,伊勢特別1000,43,ダ,1,1400,良,ビッグギグ        ,牡,5,横山和生,57.0,16,02,5,5,0,1.1,7,84.5,"1245",0,0,0,8,7,37.2,526,菊沢隆徳,美,140,11104291,01140,01115,0716111202,吉田照哉,社台ファーム,ダイワメジャー,ソロリサイタル,Rahy,栗毛,110429,   27.9,  ,    ,45.4
16,01,16,1,中京,1,12,伊勢特別1000,43,ダ,1,1400,良,ロードヴォルケーノ,牡,5,勝浦正樹,57.0,16,03,4,4,0,1.1,3,84.5,"1245",0,0,0,5,5,37.5,496,笹田和秀,栗,210,11103445,01025,01104,0716111203,ロードホースクラブ,ケイアイファーム,キングカメハメハ,ジャズキャット,"Storm Cat",鹿毛,110322,    9.1,  ,    ,44.0
16,01,16,1,中京,1,12,伊勢特別1000,43,ダ,1,1400,良,ラインシュナイダー,牡,4,松山弘平,56.0,16,04,10,10,0,1.4,4,84.8,"1248",0,0,0,7,7,37.7,470,沖芳夫,栗,0,12103379,01126,00378,0716111204,大澤繁昌,畠山牧場,ヴァーミリアン,トウジュ,テンビー,鹿毛,120323,   14.1,  ,    ,43.7
16,01,16,1,中京,1,12,伊勢特別1000,43,ダ,1,1400,良,ブルミラコロ      ,牡,4,秋山真一,56.0,16,05,1,1,0,-0.8,1,83.4,"1234",0,0,0,2,2,36.8,516,大久保龍,栗,1400,12103724,01019,01058,0716111205,高田秀信,チャンピオンズファ,キンシャサノキセキ,キングスミール,Theatrical,鹿毛,120427,    1.5,  ,    ,45.0
16,01,16,1,中京,1,12,伊勢特別1000,43,ダ,1,1400,良,ヒラボクダッシュ  ,牡,7,川田将雅,57.0,16,06,11,11,0,1.6,9,85,"1250",0,0,0,12,13,37.3,466,加藤敬二,栗,0,09100287,01088,00379,0716111206,平田牧場,大柳ファーム,ケイムホーム,ヒラボクキャロル,ダンスインザダーク,栗毛,090308,   36.6,  ,    ,45.9
16,01,16,1,中京,1,12,伊勢特別1000,43,ダ,1,1400,良,ボーンレジェンド  ,牝,5,吉田隼人,55.0,16,07,12,12,0,1.6,13,85,"1250",0,0,0,8,7,37.7,492,田島俊明,美,0,11104421,01095,01112,0716111207,グリーンファーム,社台ファーム,サクラバクシンオー,ボーンスター,サンデーサイレンス,鹿毛,110215,   87.3,  ,    ,44.1
16,01,16,1,中京,1,12,伊勢特別1000,43,ダ,1,1400,良,コロマンデル      ,牡,4,ヴェロン,56.0,16,08,6,6,0,1.1,6,84.5,"1245",0,0,0,5,5,37.5,446,安田隆行,栗,0,12104853,05532,00438,0716111208,吉田勝己,ノーザンファーム,キングカメハメハ,マハーバリプラム,フジキセキ,黒鹿,120528,   18.1,  ,    ,44.0
16,01,16,1,中京,1,12,伊勢特別1000,43,ダ,1,1400,良,ウインガニオン    ,牡,4,松若風馬,56.0,16,09,13,13,0,1.7,10,85.1,"1251",0,0,0,3,3,38.3,482,西園正都,栗,0,12100245,01154,01028,0716111209,ウイン,コスモヴューファー,ステイゴールド,チャンネルワン,ポリッシュネイビー,黒鹿,120408,   40.9,  ,    ,41.6
16,01,16,1,中京,1,12,伊勢特別1000,43,ダ,1,1400,良,リアルプロジェクト,牡,4,藤岡康太,56.0,16,10,7,7,0,1.2,2,84.6,"1246",0,0,0,8,7,37.3,522,羽月友彦,栗,0,12103425,01116,01091,0716111210,吉岡泰治,原フアーム,カリズマティック,トレンドエッセンス,コマンダーインチーフ,鹿毛,120414,    7.5,  ,    ,45.1
16,01,16,1,中京,1,12,伊勢特別1000,43,ダ,1,1400,良,ライオンズバイツ  ,牡,6,石橋脩,57.0,16,11,3,3,0,0.9,8,84.3,"1243",0,0,0,15,15,35.8,480,浜田多実,栗,350,10110140,01077,01138,0716111211,黒岩晴男,"Green Gates Farm","Lion Heart",Matsue,Lure,鹿毛,100211,   30.3,  ,    ,51.6
16,01,16,1,中京,1,12,伊勢特別1000,43,ダ,1,1400,良,ルミナスパレード  ,牝,5,鮫島良太,55.0,16,12,15,15,0,1.8,12,85.2,"1252",0,0,0,8,11,37.9,484,藤原英昭,栗,0,11104118,01099,01055,0716111212,サンデーレーシング,ノーザンファーム,シンボリクリスエス,ルミナスポイント,アグネスタキオン,黒鹿,110311,   52.4,  ,    ,43.6
16,01,16,1,中京,1,12,伊勢特別1000,43,ダ,1,1400,良,ゴールドブラザー  ,牡,6,和田翼,57.0,16,13,9,9,0,1.2,16,84.6,"1246",0,0,0,14,13,36.7,492,高橋康之,栗,0,10104620,01146,01135,0716111213,加藤充彦,浦河土肥牧場,タイムパラドックス,サザンギフト,タイキシャトル,栗毛,100319,  250.4,  ,    ,47.9
16,01,16,1,中京,1,12,伊勢特別1000,43,ダ,1,1400,良,ナンヨーマーク    ,牡,5,鮫島克駿,57.0,16,14,14,14,0,1.7,14,85.1,"1251",0,0,0,15,15,36.6,530,松田国英,栗,0,11100364,01157,01011,0716111214,中村徳也,下河辺牧場,ゼンノロブロイ,フィリス,アフリート,青鹿,110411,  146.9,  ,    ,49.4
16,01,16,1,中京,1,12,伊勢特別1000,43,ダ,1,1400,良,ウインオリファン  ,牡,4,石川裕紀,56.0,16,15,2,2,0,0.8,5,84.2,"1242",0,0,0,1,1,37.8,486,上原博之,美,560,12101625,01150,00423,0716111215,ウイン,千葉飯田牧場,デュランダル,レインボークイーン,リンドシェーバー,栗毛,120501,   16.9,  ,    ,42.1
16,01,16,1,中京,1,12,伊勢特別1000,43,ダ,1,1400,良,ディープミタカ    ,牡,5,幸英明,57.0,16,16,8,8,0,1.2,11,84.6,"1246",0,0,0,12,11,37,470,藤岡健一,栗,0,11102525,00732,01062,0716111216,深見敏男,フジワラフアーム,ディープスカイ,アンジェラスキッス,"Gone West",栗毛,110428,   48.0,  ,    ,46.5
16,01,17,1,中京,2,01,未勝利,7,ダ,1,1200,良,トミケンブリクセム,セ,3,勝浦正樹,56.0,16,01,16,16,0,2.8,10,77,"1170",0,0,0,5,5,40.6,446,和田正一,美,0,13100303,01025,01114,0716120101,冨樫賢二,三城牧場,スウェプトオーヴァーボード,ジョウノマドンナ,ダンスインザダーク,芦毛,130325,  144.7,  ,    ,39.7
16,01,17,1,中京,2,01,未勝利,7,ダ,1,1200,良,ヤマニンロスター  ,牡,3,中村将之,56.0,16,02,5,5,0,0.5,9,74.7,"1147",0,0,0,13,13,37.2,476,浅見秀一,栗,50,13101787,01101,00411,0716120102,土井肇,錦岡牧場,グラスワンダー,ヤマニンファセット,ムタファーウエク,栗毛,130505,  106.4,  ,    ,50.8
16,01,17,1,中京,2,01,未勝利,7,ダ,1,1200,良,グランジュテ      ,牝,3,城戸義政,52.0,16,03,3,3,0,0.2,1,74.4,"1144",0,0,0,3,3,38.3,436,田中章博,栗,130,13103655,01147,00413,0716120103,日進牧場,日進牧場,キングヘイロー,フェールクークー,アラムシャー,栗毛,130307,    1.3,  ,    ,44.3
16,01,17,1,中京,2,01,未勝利,7,ダ,1,1200,良,フェアリーバズ    ,牝,3,伴啓太,52.0,16,04,12,12,0,1.8,16,76,"1160",0,0,0,16,16,37.4,434,的場均,美,0,13100311,01149,01063,0716120104,深見富朗,鹿戸武光,パーソナルラッシュ,エンドレスドリーム,コマンダーインチーフ,鹿毛,130330,  443.7,  ,    ,53.2
16,01,17,1,中京,2,01,未勝利,7,ダ,1,1200,良,シゲルチヌダイ    ,牝,3,酒井学,54.0,16,05,15,15,0,2.1,12,76.3,"1163",0,0,0,11,8,39.3,444,伊藤正徳,美,0,13109055,01034,00383,0716120105,森中蕃,大前典男,ナカヤマフェスタ,ミネルバローズ,フジキセキ,黒鹿,130509,  239.2,  ,    ,44.1
16,01,17,1,中京,2,01,未勝利,7,ダ,1,1200,良,アジロ            ,牝,3,川須栄彦,54.0,16,06,14,14,0,2,6,76.2,"1162",0,0,0,7,8,39.7,462,羽月友彦,栗,0,13102804,01128,01091,0716120106,永田和彦,エムエム、ヤマダフ,タイキシャトル,ボムシェル,キャプテンスティーヴ,栗毛,130308,   16.9,  ,    ,41.9
16,01,17,1,中京,2,01,未勝利,7,ダ,1,1200,良,ジランドラ        ,牡,3,幸英明,56.0,16,07,11,11,0,1.8,2,76,"1160",0,0,0,4,5,39.7,528,岡田稲男,栗,0,13110061,00732,01066,0716120107,前田葉子,"North Hills Co. Li","Kitten's Joy",Cornelia,"Forty Niner",栗毛,130517,    6.4,  ,    ,41.4
16,01,17,1,中京,2,01,未勝利,7,ダ,1,1200,良,ナムラモンロー    ,牝,3,横山和生,54.0,16,08,8,8,0,1.4,11,75.6,"1156",0,0,0,8,8,39,422,石栗龍彦,美,0,13103896,01140,01043,0716120108,奈村信重,伊藤和明,エンパイアメーカー,ナムラドロシー,タバスコキャット,鹿毛,130423,  164.1,  ,    ,43.8
16,01,17,1,中京,2,01,未勝利,7,ダ,1,1200,良,パイナップルキング,牡,3,義英真,54.0,16,09,9,9,0,1.5,15,75.7,"1157",0,0,0,10,11,38.9,444,谷原義明,美,0,13104115,01155,00402,0716120109,田頭勇貴,金宏二,マヤノトップガン,グレースポーラ,アフリート,栗毛,130417,  394.6,  ,    ,44.6
16,01,17,1,中京,2,01,未勝利,7,ダ,1,1200,良,サンライズムーヴ  ,牡,3,ヴェロン,56.0,16,10,6,6,0,0.9,5,75.1,"1151",0,0,0,15,15,37,464,安田隆行,栗,0,13103677,05532,00438,0716120110,松岡隆雄,信岡牧場,サンライズペガサス,フレッチャロッサ,アグネスデジタル,黒鹿,130403,   16.6,  ,    ,53.0
16,01,17,1,中京,2,01,未勝利,7,ダ,1,1200,良,カシノミライ      ,牝,3,二本柳壮,54.0,16,11,10,10,0,1.6,13,75.8,"1158",0,0,0,11,11,38.7,406,二本柳俊,美,0,13101109,01049,00370,0716120111,柏木務,協栄組合,アッミラーレ,トキオシンフォニー,Danzig,黒鹿,130509,  251.1,  ,    ,45.9
16,01,17,1,中京,2,01,未勝利,7,ダ,1,1200,良,トウショウスレッジ,牡,3,松若風馬,56.0,16,12,1,1,0,-0.1,4,74.2,"1142",0,0,0,8,5,37.6,494,栗田博憲,美,500,13104579,01154,00341,0716120112,藤田衛成,トウショウ産業株式,カネヒキリ,メイトウショウ,ジェネラス,栗毛,130308,   14.9,  ,    ,47.3
16,01,17,1,中京,2,01,未勝利,7,ダ,1,1200,良,ブラックウィンダム,牡,3,丸山元気,56.0,16,13,7,7,0,1.2,8,75.4,"1154",0,0,0,5,3,39,442,天間昭一,美,0,13102028,01127,01090,0716120113,菅原広隆,村上欽哉,キングカメハメハ,ウイントゥルーラヴ,ロックオブジブラルタル,黒鹿,130408,   92.6,  ,    ,43.3
16,01,17,1,中京,2,01,未勝利,7,ダ,1,1200,良,ニケトップラン    ,牝,3,嶋田純次,54.0,16,14,2,2,0,0.1,7,74.3,"1143",0,0,0,1,1,38.5,438,池上昌和,美,200,13100099,01134,01150,0716120114,島川隆哉,エスティファーム,トーセンファントム,トーセントップラン,ジャングルポケット,鹿毛,130524,   28.7,  ,    ,43.0
16,01,17,1,中京,2,01,未勝利,7,ダ,1,1200,良,メイショウハチキン,牝,3,和田翼,53.0,16,15,12,12,0,1.8,14,76,"1160",0,0,0,13,14,38.4,384,池添学,栗,0,13103493,01146,01144,0716120115,松本好雄,太陽牧場,オレハマッテルゼ,メイショウルピナス,タニノギムレット,栗毛,130430,  302.7,  ,    ,47.9
16,01,17,1,中京,2,01,未勝利,7,ダ,1,1200,良,キタサンコトブキ  ,セ,3,鮫島良太,56.0,16,16,4,4,0,0.4,3,74.6,"1146",0,0,0,2,2,38.7,482,昆貢,栗,75,13102077,01099,01044,0716120116,大野商事,村田牧場,キングヘイロー,キタサンユキ,マリエンバード,青鹿,130226,   12.1,  ,    ,42.8
16,01,17,1,中京,2,02,未勝利・牝,7,ダ,1,1800,良,ネフェルティティ  ,牝,3,松若風馬,54.0,16,01,9,9,0,1.2,1,118,"1580",0,13,13,12,11,39.3,462,松元茂樹,栗,0,13101828,01154,00419,0716120201,前田幸治,ノースヒルズ,ゴールドアリュール,ラヴェリータ,"Unbridled's Song",芦毛,130218,    3.1,  ,    ,50.1
16,01,17,1,中京,2,02,未勝利・牝,7,ダ,1,1800,良,フィオレンツァ    ,牝,3,幸英明,54.0,16,02,13,13,0,3.2,3,120,"2000",0,2,3,4,8,41.8,490,清水英克,美,0,13103972,00732,01080,0716120202,ノルマンディーサラ,岡田スタツド,グラスワンダー,チェリーラブ,サクラユタカオー,栗毛,130206,    6.7,  ,    ,43.5
16,01,17,1,中京,2,02,未勝利・牝,7,ダ,1,1800,良,キタノスズラン    ,牝,3,酒井学,54.0,16,03,10,10,0,1.9,4,118.7,"1587",0,6,8,13,13,39.8,444,土田稔,美,0,13103540,01034,00417,0716120203,フジワラ・ファーム,谷口牧場,シニスターミニスター,オカノスズラン,カーネギー,鹿毛,130429,    8.5,  ,    ,49.1
16,01,17,1,中京,2,02,未勝利・牝,7,ダ,1,1800,良,サウンドガリア    ,牝,3,勝浦正樹,54.0,16,04,12,12,0,2.1,10,118.9,"1589",0,4,5,10,11,40.4,418,吉田直弘,栗,0,13103469,01025,01101,0716120204,増田雄一,信成牧場,バゴ,ミッドナイトダンス,ダンスインザダーク,栗毛,130519,   55.1,  ,    ,47.2
16,01,17,1,中京,2,02,未勝利・牝,7,ダ,1,1800,良,エイシンイマコマチ,牝,3,北村友一,54.0,16,05,2,2,0,0.1,6,116.9,"1569",0,10,11,10,10,38.3,436,今野貞一,栗,200,13103255,01102,01128,0716120205,栄進堂,栄進牧場,エイシンデピュティ,エイシンハッピー,グラスワンダー,栗毛,130220,   13.5,  ,    ,52.6
16,01,17,1,中京,2,02,未勝利・牝,7,ダ,1,1800,良,レーヴドミカ      ,牝,3,松田大作,54.0,16,06,7,7,0,0.9,7,117.7,"1577",0,9,8,8,4,39.3,478,松山将樹,美,0,13100381,01030,01100,0716120206,尾上松壽,下河辺牧場,ドリームジャーニー,プリスティン,"Gone West",栗毛,130125,   14.5,  ,    ,49.7
16,01,17,1,中京,2,02,未勝利・牝,7,ダ,1,1800,良,アイアンアヴァロン,牝,3,義英真,52.0,16,07,5,5,0,0.4,13,117.2,"1572",0,6,5,8,8,38.8,442,坪憲章,栗,50,13102286,01155,00361,0716120207,池上一馬,グローリーファーム,キャプテントゥーレ,アイアンゴールド,マイネルラヴ,芦毛,130417,   85.0,  ,    ,51.0
16,01,17,1,中京,2,02,未勝利・牝,7,ダ,1,1800,良,ピンクアゲート    ,牝,3,吉田隼人,54.0,16,08,1,1,0,-0.1,2,116.8,"1568",0,10,8,2,3,38.9,456,高橋義忠,栗,500,13102960,01095,01129,0716120208,ディアレスト,小島牧場,ワークフォース,レッドアゲート,マンハッタンカフェ,鹿毛,130518,    3.6,  ,    ,50.1
16,01,17,1,中京,2,02,未勝利・牝,7,ダ,1,1800,良,プリンセスミエル  ,牝,3,木幡初也,51.0,16,09,6,6,0,0.4,12,117.2,"1572",0,4,4,4,4,39.1,454,武井亮,美,0,13102322,01153,01147,0716120209,古賀慎一,斉藤スタッド,キンシャサノキセキ,ステラ,デビッドジュニア,黒鹿,130421,   65.3,  ,    ,49.9
16,01,17,1,中京,2,02,未勝利・牝,7,ダ,1,1800,良,グランクリューピサ,牝,3,岡田祥嗣,54.0,16,10,15,15,0,3.9,9,120.7,"2007",0,6,5,4,4,42.6,464,尾形和幸,美,0,13102353,05429,01141,0716120210,村田哲朗,城地和義,ヴィクトワールピサ,テールトゥノーズ,ノーザンテースト,鹿毛,130326,   42.0,  ,    ,41.7
16,01,17,1,中京,2,02,未勝利・牝,7,ダ,1,1800,良,ファンシークイーン,牝,3,和田翼,53.0,16,11,14,14,0,3.9,16,120.7,"2007",0,13,14,14,15,41.5,398,田中章博,栗,0,13100773,01146,00413,0716120211,イクタ,長谷川一男,ヴァーミリアン,ユウアールシー,クロフネ,芦毛,130420,  334.1,  ,    ,45.4
16,01,17,1,中京,2,02,未勝利・牝,7,ダ,1,1800,良,サトノサンシャイン,牝,3,ヴェロン,54.0,16,12,8,8,0,1,5,117.8,"1578",0,12,12,4,4,39.6,416,安田隆行,栗,0,13105573,05532,00438,0716120212,里見治,社台ファーム,ステイゴールド,ノーブルステラ,Monsun,青鹿,130318,    8.7,  ,    ,48.7
16,01,17,1,中京,2,02,未勝利・牝,7,ダ,1,1800,良,ティーパフォーマー,牝,3,国分恭介,54.0,16,13,4,4,0,0.3,8,117.1,"1571",0,1,1,1,1,39.4,428,牧田和弥,栗,75,13100060,01124,01123,0716120213,深見富朗,いとう牧場,スパイキュール,ナムラメロディー,ジェイドロバリー,黒鹿,130425,   30.0,  ,    ,48.6
16,01,17,1,中京,2,02,未勝利・牝,7,ダ,1,1800,良,セイカマルカート  ,牝,3,伴啓太,52.0,16,14,16,16,0,5.8,15,122.6,"2026",0,16,16,16,15,43.2,416,南田美知,美,0,13100699,01149,00437,0716120214,久米誠,中川欽一,グラスワンダー,ハーバーオジョー,コマンダーインチーフ,栗毛,130421,  178.1,  ,    ,41.9
16,01,17,1,中京,2,02,未勝利・牝,7,ダ,1,1800,良,タイセイスピカ    ,牝,3,和田竜二,54.0,16,15,11,11,0,2.1,14,118.9,"1589",0,15,14,14,14,39.7,396,池上昌和,美,0,13100199,01018,01150,0716120215,田中成奉,菊地牧場,キャプテントゥーレ,ヤナビ,"Silver Hawk",鹿毛,130518,  164.1,  ,    ,49.7
16,01,17,1,中京,2,02,未勝利・牝,7,ダ,1,1800,良,クラウンロマン    ,牝,3,横山和生,54.0,16,16,3,3,0,0.2,11,117,"1570",0,2,2,2,2,39.2,448,小野次郎,美,130,13102133,01140,01125,0716120216,矢野まり子,ヤマタケ牧場,カネヒキリ,オグリロマンス,ノーザンテースト,芦毛,130510,   56.5,  ,    ,49.2
16,01,17,1,中京,2,03,500万下,23,ダ,1,1200,良,モリトハリウッド  ,牡,5,勝浦正樹,57.0,16,01,6,6,0,0.6,11,73.4,"1134",0,0,0,13,12,36.9,516,水野貴広,美,0,11103253,01025,01094,0716120301,石橋忠之,高岸順一,プリサイスエンド,ラヴコマンダー,コマンダーインチーフ,鹿毛,110408,   37.0,  ,    ,48.9
16,01,17,1,中京,2,03,500万下,23,ダ,1,1200,良,マルカメテオ      ,牡,4,川須栄彦,56.0,16,02,1,1,0,0,1,72.8,"1128",0,0,0,4,2,37,484,羽月友彦,栗,700,12104135,01128,01091,0716120302,日下部猛,社台ファーム,ネオユニヴァース,イクスペクトトゥシャイン,"Mr. Prospector",栗毛,120522,    2.4,  ,    ,46.8
16,01,17,1,中京,2,03,500万下,23,ダ,1,1200,良,スリーエスペラント,牡,6,和田竜二,57.0,16,03,7,7,0,0.7,12,73.5,"1135",0,0,0,8,5,37.4,516,西橋豊治,栗,0,10102875,01018,00434,0716120303,永井商事,武牧場,スズカフェニックス,スリーエチュード,タイキシャトル,栗毛,100228,   68.1,  ,    ,46.5
16,01,17,1,中京,2,03,500万下,23,ダ,1,1200,良,レッドランタン    ,牝,4,中井裕二,54.0,16,04,8,8,0,0.8,3,73.6,"1136",0,0,0,1,1,38.2,476,中内田充,栗,0,12105307,01141,01137,0716120304,K.C.タン,駿河牧場,オレハマッテルゼ,メモリーズオブロニー,"Storm Cat",青鹿,120416,    8.9,  ,    ,42.7
16,01,17,1,中京,2,03,500万下,23,ダ,1,1200,良,ドルメロ          ,牡,4,鮫島克駿,54.0,16,05,11,11,0,1,7,73.8,"1138",0,0,0,8,8,37.7,474,尾関知人,美,0,12105331,01157,01103,0716120305,NICKS,高村牧場,エンパイアメーカー,チェリーエンジェル,フジキセキ,黒鹿,120430,   16.7,  ,    ,45.8
16,01,17,1,中京,2,03,500万下,23,ダ,1,1200,良,ハルコマチ        ,牝,6,中谷雄太,55.0,16,06,14,14,0,1.3,10,74.1,"1141",0,0,0,10,12,37.8,464,星野忍,美,0,10105727,01038,01030,0716120306,松尾正,中本牧場,タイムパラドックス,ユウターマライア,ダンスインザダーク,鹿毛,100531,   31.9,  ,    ,46.0
16,01,17,1,中京,2,03,500万下,23,ダ,1,1200,良,フローラルダンサー,牝,4,黛弘人,54.0,16,07,2,2,0,0,8,72.8,"1128",0,0,0,2,2,37.2,522,田島俊明,美,280,12100974,01109,01112,0716120307,岡田牧雄,若林牧場,ファスリエフ,ラインクラージュ,グラスワンダー,鹿毛,120523,   20.0,  ,    ,45.7
16,01,17,1,中京,2,03,500万下,23,ダ,1,1200,良,メイショウトリトン,牡,6,幸英明,57.0,16,08,12,12,0,1.1,14,73.9,"1139",0,0,0,13,14,37.4,494,藤沢則雄,栗,0,10104888,00732,01041,0716120308,松本好雄,太陽牧場,メイショウサムソン,メイショウフクヒメ,バブルガムフェロー,黒鹿,100315,  200.3,  ,    ,47.6
16,01,17,1,中京,2,03,500万下,23,ダ,1,1200,良,ビットアリエス    ,牝,5,松若風馬,55.0,16,09,9,9,0,0.9,2,73.7,"1137",0,0,0,4,5,37.9,474,牧田和弥,栗,0,11102929,01154,01123,0716120309,礒川正明,エクセルマネジメン,ヨハネスブルグ,レッドバラード,"Saint Ballado",青鹿,110312,    4.0,  ,    ,44.5
16,01,17,1,中京,2,03,500万下,23,ダ,1,1200,良,スズカマドンナ    ,牝,4,ヴェロン,54.0,16,10,10,10,0,1,9,73.8,"1138",0,0,0,10,10,37.6,448,橋田満,栗,0,12102056,05532,00362,0716120310,永井啓弍,稲原牧場,ディープインパクト,スズカローズマリー,アフリート,鹿毛,120312,   28.9,  ,    ,46.3
16,01,17,1,中京,2,03,500万下,23,ダ,1,1200,良,ヒカリユニキャスト,牡,6,高倉稜,57.0,16,11,16,16,0,4.1,16,76.9,"1169",0,0,0,6,8,40.9,548,谷潔,栗,0,10104695,01130,00431,0716120311,ヒカリクラブ,岡本昌市,スタチューオブリバティ,レーサ,フジキセキ,黒鹿,100511,  457.8,  ,    ,38.0
16,01,17,1,中京,2,03,500万下,23,ダ,1,1200,良,ワンダーヴィーヴァ,牡,6,横山和生,57.0,16,12,4,4,0,0.3,5,73.1,"1131",0,0,0,6,7,37.1,552,笹田和秀,栗,110,10101958,01140,01104,0716120312,山本能成,大島牧場,スタチューオブリバティ,オオシマパンジー,スキャン,青鹿,100401,   11.4,  ,    ,47.0
16,01,17,1,中京,2,03,500万下,23,ダ,1,1200,良,サイモングレゴリー,牡,4,酒井学,56.0,16,13,13,13,0,1.2,13,74,"1140",0,0,0,13,16,37.5,512,天間昭一,美,0,12105599,01034,01090,0716120313,澤田昭紀,三嶋牧場,マツリダゴッホ,メイショウマンテン,サンダーガルチ,黒鹿,120323,  191.2,  ,    ,47.3
16,01,17,1,中京,2,03,500万下,23,ダ,1,1200,良,ザショットアロー  ,牡,6,木幡初也,54.0,16,14,3,3,0,0.2,4,73,"1130",0,0,0,13,14,36.5,512,粕谷昌央,美,180,10102318,01153,01096,0716120314,ターフ・スポート,村下牧場,マイネルラヴ,ヨドノドリーマ,ラムタラ,鹿毛,100322,   11.3,  ,    ,50.0
16,01,17,1,中京,2,03,500万下,23,ダ,1,1200,良,ペイシャピュア    ,牡,4,伴啓太,54.0,16,15,15,15,0,1.4,15,74.2,"1142",0,0,0,2,2,38.6,484,本間忍,美,0,12102180,01149,01056,0716120315,北所直人,飯岡牧場,タイキシャトル,ピュアフレグランス,ヘクタープロテクター,栗毛,120322,  291.1,  ,    ,42.2
16,01,17,1,中京,2,03,500万下,23,ダ,1,1200,良,アンスタンフィール,牝,6,北村友一,55.0,16,16,5,5,0,0.5,6,73.3,"1133",0,0,0,10,10,37,474,松永昌博,栗,70,10103299,01102,01083,0716120316,吉岡泰治,藤原牧場,スタチューオブリバティ,ネヴァカグラ,アグネスタキオン,鹿毛,100306,   15.7,  ,    ,48.1
16,01,17,1,中京,2,04,障害未勝利,7,芝,2,3000,良,テイエムナデューラ,牝,5,佐久間寛,58.0,14,01,7,7,0,1.5,6,202.7,"3227",0,1,1,1,1,13.5,454,柴田光陽,栗,0,11104878,01080,00400,0716120401,竹園正繼,タニグチ牧場,アドマイヤジャパン,レインボーフェロー,メジロマックイーン,栗毛,110204,   22.5,  ,    , 0.0
16,01,17,1,中京,2,04,障害未勝利,7,芝,2,3000,良,ビッグチャンピオン,牡,4,小野寺祐,59.0,14,02,11,11,0,3.5,13,204.7,"3247",0,13,14,13,13,13.6,504,和田雄二,美,0,12100538,01123,01143,0716120402,坪野谷和平,新冠橋本牧場,ハービンジャー,スプレッドウィング,サンデーサイレンス,黒鹿,120107,  176.4,  ,    , 0.0
16,01,17,1,中京,2,04,障害未勝利,7,芝,2,3000,良,ビットアレグロ    ,牡,7,五十嵐雄,60.0,14,03,6,6,0,1,12,202.2,"3222",0,10,11,9,7,13.5,486,松永康利,美,0,09100957,01069,01093,0716120403,礒川正明,エムエム、ヤマダフ,ゴールドアリュール,アイノブリーズ,ブラックタイアフェアー,栗毛,090327,  106.9,  ,    , 0.0
16,01,17,1,中京,2,04,障害未勝利,7,芝,2,3000,良,ニシノマテンロウ  ,牡,5,小坂忠士,60.0,14,04,1,1,0,-0.4,1,201.2,"3212",0,2,2,2,2,13.4,512,浅見秀一,栗,750,11103161,01063,00411,0716120404,西山茂行,高昭牧場,マンハッタンカフェ,ニシノアズール,エルコンドルパサー,黒鹿,110312,    2.9,  ,    , 0.0
16,01,17,1,中京,2,04,障害未勝利,7,芝,2,3000,良,メイショウカンベエ,牡,4,熊沢重文,59.0,14,05,9,9,0,2.3,7,203.5,"3235",0,14,11,11,10,13.6,444,南井克巳,栗,0,12105427,00652,01049,0716120405,松本好雄,富田牧場,ファルブラヴ,エリモマドンナ,ダンスインザダーク,鹿毛,120429,   27.3,  ,    , 0.0
16,01,17,1,中京,2,04,障害未勝利,7,芝,2,3000,良,ワンダーバイファル,牡,5,黒岩悠,60.0,14,06,12,12,0,7.4,11,208.6,"3286",0,8,11,9,11,13.9,470,牧田和弥,栗,0,11103072,01072,01123,0716120406,山本能成,大島牧場,ヨハネスブルグ,カイロローズ,"Sadler's Wells",鹿毛,110209,   50.3,  ,    , 0.0
16,01,17,1,中京,2,04,障害未勝利,7,芝,2,3000,良,マッカナバラ      ,牝,4,白浜雄造,57.0,14,07,13,13,0,11.7,9,212.9,"3329",0,3,3,14,14,14.2,458,北出成人,栗,0,12101499,01035,01078,0716120407,協栄,タバタファーム,スターリングローズ,ゴールドエンジェル,クロフネ,芦毛,120225,   30.4,  ,    , 0.0
16,01,17,1,中京,2,04,障害未勝利,7,芝,2,3000,良,シゲルヒノクニ    ,牡,4,草野太郎,59.0,14,08,2,2,0,0.4,3,201.6,"3216",0,6,5,5,5,13.4,508,伊藤正徳,美,300,12106003,01113,00383,0716120408,森中蕃,中村雅明,パイロ,シゲルウエンセン,ジャングルポケット,栗毛,120512,    4.5,  ,    , 0.0
16,01,17,1,中京,2,04,障害未勝利,7,芝,2,3000,良,アスターコリント  ,セ,7,林満明,60.0,14,09,0,0,4,999.9,5,0,"----",0,8,5,7,8,0,524,武田博,栗,0,09110122,00655,00224,0716120409,加藤久枝,"Mr. & Mrs. C. W. M",Corinthian,Menifeeque,Menifee,黒鹿,090126,   15.4,  ,    , 0.0
16,01,17,1,中京,2,04,障害未勝利,7,芝,2,3000,良,リスヴェリアート  ,牡,6,難波剛健,60.0,14,10,3,3,0,0.7,4,201.9,"3219",0,3,3,3,2,13.5,450,松元茂樹,栗,190,10104551,01066,00419,0716120410,G1レーシング,追分ファーム,ウォーエンブレム,バレエブラン,ダンスインザダーク,鹿毛,100513,    8.8,  ,    , 0.0
16,01,17,1,中京,2,04,障害未勝利,7,芝,2,3000,良,フォルテリコルド  ,牡,7,浜野谷憲,60.0,14,11,4,4,0,0.9,10,202.1,"3221",0,10,8,7,8,13.5,546,古賀史生,美,110,09106477,00695,00392,0716120411,サンデーレーシング,社台コーポレーショ,シンボリクリスエス,ストロングメモリー,"End Sweep",鹿毛,090211,   44.7,  ,    , 0.0
16,01,17,1,中京,2,04,障害未勝利,7,芝,2,3000,良,ブロードスター    ,セ,6,高田潤,60.0,14,12,8,8,0,1.5,2,202.7,"3227",0,6,8,5,6,13.5,496,鮫島一歩,栗,0,10102247,01046,01046,0716120412,安原浩司,バンブー牧場,メイショウボーラー,シヤボナ,Kingmambo,鹿毛,100329,    3.2,  ,    , 0.0
16,01,17,1,中京,2,04,障害未勝利,7,芝,2,3000,良,ニューコネクション,牡,9,石神深一,60.0,14,13,5,5,0,1,8,202.2,"3222",0,5,5,3,4,13.5,498,石毛善彦,美,75,07104703,01059,00428,0716120413,吉橋計,新冠橋本牧場,アルカセット,カーテンコール2,Theatrical,栗毛,070225,   28.5,  ,    , 0.0
16,01,17,1,中京,2,04,障害未勝利,7,芝,2,3000,良,ユニコーンスター  ,牡,4,上野翔,59.0,14,14,10,10,0,2.4,14,203.6,"3236",0,10,8,12,12,13.6,460,浅野洋一,美,0,12103004,01087,00421,0716120414,田頭勇貴,聖心台牧場,アジュディミツオー,シンコウイマージン,"Dixieland Band",栗毛,120406,  180.6,  ,    , 0.0
16,01,17,1,中京,2,05,未勝利,7,芝,0,2200,良,サンケネット      ,牝,3,嶋田純次,54.0,18,01,17,17,0,2.1,18,138,"2180",0,3,3,3,3,36.6,446,伊藤伸一,美,0,13106325,01134,01031,0716120501,加藤信之,浦河育成牧場,スウィフトカレント,ホッコーマイクイン,タイキシャトル,青鹿,130514,  385.0,  ,    ,53.9
16,01,17,1,中京,2,05,未勝利,7,芝,0,2200,良,スイフトアタック  ,牡,3,松若風馬,56.0,18,02,18,18,0,2.2,12,138.1,"2181",0,1,1,1,1,37,518,橋口弘次,栗,0,13105389,01154,00343,0716120502,ノースヒルズ,社台ファーム,ワークフォース,ヴィアラクテア,アグネスタキオン,鹿毛,130208,  117.5,  ,    ,52.5
16,01,17,1,中京,2,05,未勝利,7,芝,0,2200,良,トーコージュエリー,牝,3,義英真,52.0,18,03,12,12,0,1.1,10,137,"2170",0,7,6,9,8,35.3,418,橋田満,栗,0,13105197,01155,00362,0716120503,森田藤治,レイクヴィラファー,ジャングルポケット,プラチナベール,アグネスタキオン,芦毛,130223,   35.6,  ,    ,58.0
16,01,17,1,中京,2,05,未勝利,7,芝,0,2200,良,ナムラヘイハチロー,牡,3,松田大作,56.0,18,04,1,1,0,-0.2,4,135.9,"2159",0,10,10,12,11,33.9,456,中村均,栗,500,13103521,01030,00261,0716120504,奈村信重,谷川牧場,ディープインパクト,サンクイーン2,"Storm Cat",鹿毛,130331,    7.0,  ,    ,62.8
16,01,17,1,中京,2,05,未勝利,7,芝,0,2200,良,コスモブランカ    ,牡,3,丸山元気,56.0,18,05,13,13,0,1.7,11,137.6,"2176",0,14,13,2,2,36.4,454,中舘英二,美,0,13100735,01127,01153,0716120505,岡田繁幸,長田ファーム,キングヘイロー,アラブランカ,ディアブロ,黒鹿,130329,  105.4,  ,    ,54.3
16,01,17,1,中京,2,05,未勝利,7,芝,0,2200,良,エッジースタイル  ,牝,3,吉田隼人,54.0,18,06,3,3,0,0.3,1,136.2,"2162",0,5,3,7,8,34.5,454,高橋義忠,栗,130,13106141,01095,01129,0716120506,サンデーレーシング,ノーザンファーム,ハービンジャー,ランズエッジ,ダンスインザダーク,栗毛,130131,    2.9,  ,    ,60.5
16,01,17,1,中京,2,05,未勝利,7,芝,0,2200,良,インザサイレンス  ,牡,3,勝浦正樹,56.0,18,07,2,2,0,0.2,5,136.1,"2161",0,7,9,11,11,34.1,462,佐藤正雄,栗,200,13104013,01025,01025,0716120507,岡田隆寛,岡田猛,リキアイサイレンス,カーリービッド,ティッカネン,芦毛,130522,    8.3,  ,    ,62.2
16,01,17,1,中京,2,05,未勝利,7,芝,0,2200,良,ウインラングロワ  ,牡,3,黛弘人,56.0,18,08,15,15,0,1.8,17,137.7,"2177",0,15,15,16,17,35.2,422,黒岩陽一,美,0,13104864,01109,01133,0716120508,ウイン,増本牧場,マツリダゴッホ,シーダーローズ,タイキシャトル,栗毛,130427,  307.8,  ,    ,59.2
16,01,17,1,中京,2,05,未勝利,7,芝,0,2200,良,マーヴェラスデー  ,牝,3,伴啓太,52.0,18,09,16,16,0,2.1,15,138,"2180",0,13,14,14,14,35.8,438,上原博之,美,0,13101147,01149,00423,0716120509,栗山良子,二風谷ファーム,キャプテントゥーレ,トウカイロゼット,トウカイテイオー,芦毛,130331,  173.4,  ,    ,57.1
16,01,17,1,中京,2,05,未勝利,7,芝,0,2200,良,ブリーロ          ,牝,3,国分恭介,54.0,18,10,7,7,0,0.8,16,136.7,"2167",0,18,18,18,17,34.2,406,奥村武,美,0,13101937,01124,01145,0716120510,ビッグレッドファー,ビッグレッドファー,コンデュイット,マイネエストレヤ,スターオブコジーン,鹿毛,130304,  193.1,  ,    ,62.4
16,01,17,1,中京,2,05,未勝利,7,芝,0,2200,良,マールデルプラタ  ,牝,3,川須栄彦,54.0,18,11,11,11,0,1.1,13,137,"2170",0,17,17,16,16,34.6,434,角田晃一,栗,0,13105985,01128,01121,0716120511,G1レーシング,ノーザンファーム,ステイゴールド,データ,Roy,鹿毛,130331,  141.6,  ,    ,61.0
16,01,17,1,中京,2,05,未勝利,7,芝,0,2200,良,マテンロウバッハ  ,牡,3,幸英明,56.0,18,12,5,5,0,0.5,8,136.4,"2164",0,15,15,14,14,34.2,498,高橋康之,栗,50,13105974,00732,01135,0716120512,寺田千代乃,ノーザンファーム,ハービンジャー,ディアチャンス,タイキシャトル,黒鹿,130301,   26.6,  ,    ,62.1
16,01,17,1,中京,2,05,未勝利,7,芝,0,2200,良,キタサンミサイル  ,牡,3,高倉稜,56.0,18,13,6,6,0,0.7,2,136.6,"2166",0,10,10,9,8,34.9,522,清水久詞,栗,0,13101604,01130,01110,0716120513,大野商事,大栄牧場,ヴィクトワールピサ,キタサンメッセージ,キングヘイロー,青鹿,130221,    5.7,  ,    ,59.3
16,01,17,1,中京,2,05,未勝利,7,芝,0,2200,良,ディープロワイヤル,牡,3,北村友一,56.0,18,14,9,9,0,1,14,136.9,"2169",0,12,12,12,11,34.9,480,本田優,栗,0,13104787,01102,01099,0716120514,深見敏男,フジワラフアーム,ハービンジャー,ディープデザイア,アグネスタキオン,鹿毛,130515,  157.8,  ,    ,59.6
16,01,17,1,中京,2,05,未勝利,7,芝,0,2200,良,ゴールドラッシュ  ,牡,3,松山弘平,56.0,18,15,10,10,0,1,6,136.9,"2169",0,2,2,3,5,35.4,460,池江泰寿,栗,0,13101829,01126,01071,0716120515,前田晋二,ノースヒルズ,キングカメハメハ,ラティール,タマモクロス,鹿毛,130316,    9.8,  ,    ,57.5
16,01,17,1,中京,2,05,未勝利,7,芝,0,2200,良,ヨカグラ          ,牡,3,川島信二,56.0,18,16,4,4,0,0.4,7,136.3,"2163",0,7,6,6,5,34.8,482,中竹和也,栗,75,13105539,01062,01039,0716120516,社台レースホース,社台ファーム,ハービンジャー,ダンスオールナイト,エルコンドルパサー,栗毛,130430,   12.6,  ,    ,59.4
16,01,17,1,中京,2,05,未勝利,7,芝,0,2200,良,ナンヨーリノ      ,牝,3,鮫島克駿,52.0,18,17,14,14,0,1.8,9,137.7,"2177",0,3,3,3,3,36.3,448,松田国英,栗,0,13103128,01157,01011,0716120517,中村徳也,福岡光夫,マンハッタンカフェ,イタリアンオリーブ,アフリート,黒鹿,130322,   32.2,  ,    ,54.8
16,01,17,1,中京,2,05,未勝利,7,芝,0,2200,良,ダノンプレシャス  ,牡,3,和田竜二,56.0,18,18,8,8,0,0.8,3,136.7,"2167",0,6,6,7,7,35.1,458,角居勝彦,栗,0,13104135,01018,01053,0716120518,ダノックス,グランド牧場,ディープインパクト,スズカエルマンボ,シンボリクリスエス,青鹿,130311,    6.6,  ,    ,58.5
16,01,17,1,中京,2,06,新馬,15,ダ,1,1400,良,スリーサンレーザー,牝,3,三津谷隼,51.0,16,01,13,13,0,4.8,13,91.4,"1314",0,0,0,14,15,40.4,504,目野哲也,栗,0,13103585,01159,00387,0716120601,永井商事,辻牧場,ジャイアントレッカー,スリーサンナイナー,"Forty Niner",黒鹿,130217,   56.3,  ,    ,44.7
16,01,17,1,中京,2,06,新馬,15,ダ,1,1400,良,ニシノラディアント,牡,3,酒井学,56.0,16,02,3,3,0,1.1,2,87.7,"1277",0,0,0,2,2,39.1,500,北出成人,栗,150,13103801,01034,01078,0716120602,西山茂行,ミリオンファーム,アドマイヤマックス,スターデュエット,"Dixieland Band",鹿毛,130501,    5.2,  ,    ,43.2
16,01,17,1,中京,2,06,新馬,15,ダ,1,1400,良,バトルハルトマン  ,牡,3,和田翼,55.0,16,03,2,2,0,0.9,1,87.5,"1275",0,0,0,1,1,39.3,512,本田優,栗,240,13104914,01146,01099,0716120603,宮川秋信,山岸康,メイショウボーラー,ノルブリンカ,ダンスインザダーク,栗毛,130325,    4.0,  ,    ,42.0
16,01,17,1,中京,2,06,新馬,15,ダ,1,1400,良,オーラパ          ,牝,3,松田大作,54.0,16,04,15,15,0,5.4,12,92,"1320",0,0,0,13,14,41.1,440,木原一良,栗,0,13101323,01030,01033,0716120604,名古屋友豊,オリエント牧場,ダイワメジャー,ポポラス,フォーティナイナー,栗毛,130317,   41.2,  ,    ,42.9
16,01,17,1,中京,2,06,新馬,15,ダ,1,1400,良,ニシノフォルス    ,牡,3,嶋田純次,56.0,16,05,16,16,0,6,15,92.6,"1326",0,0,0,12,12,41.9,432,武井亮,美,0,13104727,01134,01147,0716120605,西村亮二,原フアーム,ジャイアントレッカー,グラールピアリ,ダンシングブレーヴ,鹿毛,130415,  183.7,  ,    ,40.8
16,01,17,1,中京,2,06,新馬,15,ダ,1,1400,良,クインズキンバリー,牝,3,北村友一,54.0,16,06,12,12,0,4.6,10,91.2,"1312",0,0,0,14,12,40.2,468,平田修,栗,0,13104157,01102,01082,0716120606,クイーンズ・ランチ,グランド牧場,ゼンノロブロイ,プリエミネンス,アフリート,鹿毛,130330,   21.5,  ,    ,45.1
16,01,17,1,中京,2,06,新馬,15,ダ,1,1400,良,トゥルーリーウィル,牡,3,松山弘平,56.0,16,07,8,8,0,1.9,3,88.5,"1285",0,0,0,10,10,38,516,和田正一,美,0,13110044,01126,01114,0716120607,ノースヒルズ,"Overbrook Farm",Speightstown,"Alpha Centauri",Dynaformer,鹿毛,130309,    6.6,  ,    ,49.7
16,01,17,1,中京,2,06,新馬,15,ダ,1,1400,良,テイエムポメロ    ,牝,3,川須栄彦,54.0,16,08,11,11,0,4.4,16,91,"1310",0,0,0,8,9,41.2,464,浜田多実,栗,0,13100845,01128,01138,0716120608,竹園正繼,日高テイエム牧場,ローエングリン,テイエムノキセキ,フジキセキ,鹿毛,130613,  197.1,  ,    ,40.7
16,01,17,1,中京,2,06,新馬,15,ダ,1,1400,良,コウザンベル      ,牡,3,熊沢重文,56.0,16,09,5,5,0,1.4,4,88,"1280",0,0,0,6,6,38.6,468,湯窪幸雄,栗,60,13102213,00652,01057,0716120609,山下良子,沖田忠幸,ヴァーミリアン,タイキフローラ,タイキシャトル,青鹿,130202,    7.3,  ,    ,46.0
16,01,17,1,中京,2,06,新馬,15,ダ,1,1400,良,コスモアントリア  ,牡,3,高倉稜,56.0,16,10,4,4,0,1.4,8,88,"1280",0,0,0,8,8,38.2,464,飯田雄三,栗,90,13101376,01130,01050,0716120610,ビッグレッドファー,川島牧場,アグネスデジタル,ウインアズライト,フジキセキ,栗毛,130518,   18.9,  ,    ,47.8
16,01,17,1,中京,2,06,新馬,15,ダ,1,1400,良,マグナムバローズ  ,牡,3,ヴェロン,56.0,16,11,14,14,0,5.3,7,91.9,"1319",0,0,0,16,16,38.9,524,田中剛,美,0,13104863,05532,01119,0716120611,猪熊広次,増本牧場,デュランダル,シーダーアラジ,アラジ,栗毛,130513,   14.3,  ,    ,52.2
16,01,17,1,中京,2,06,新馬,15,ダ,1,1400,良,カシマホープスター,牡,3,丸山元気,56.0,16,12,6,6,0,1.6,6,88.2,"1282",0,0,0,5,5,39.1,506,南井克巳,栗,0,13105033,01127,01049,0716120612,鹿島敏裕,上水牧場,キングカメハメハ,カシマヴィーナス,シンボリクリスエス,黒鹿,130402,   11.0,  ,    ,44.2
16,01,17,1,中京,2,06,新馬,15,ダ,1,1400,良,アグネスブレイブ  ,牡,3,和田竜二,56.0,16,13,7,7,0,1.6,11,88.2,"1282",0,0,0,2,3,39.6,470,小崎憲,栗,0,13102898,01018,01085,0716120613,渡辺公美子,高昭牧場,グラスワンダー,アグネスシルキー,ホワイトマズル,鹿毛,130320,   30.3,  ,    ,42.0
16,01,17,1,中京,2,06,新馬,15,ダ,1,1400,良,ゴールドサミット  ,牡,3,黛弘人,56.0,16,14,10,10,0,3.7,14,90.3,"1303",0,0,0,7,7,40.7,462,加藤和宏,美,0,13103968,01109,01077,0716120614,西森道男,岡田スタツド,マツリダゴッホ,タニノローゼ,ジェネラス,青鹿,130123,   71.1,  ,    ,41.4
16,01,17,1,中京,2,06,新馬,15,ダ,1,1400,良,ブライスガウ      ,牝,3,中谷雄太,54.0,16,15,1,1,0,-0.9,5,86.6,"1266",0,0,0,4,3,37.8,486,岡田稲男,栗,600,13104161,01038,01066,0716120615,一村哲也,グランド牧場,パイロ,プリモスター,サンデーサイレンス,栗毛,130511,    8.2,  ,    ,46.8
16,01,17,1,中京,2,06,新馬,15,ダ,1,1400,良,ブラックハウス    ,牡,3,勝浦正樹,56.0,16,16,9,9,0,2.6,9,89.2,"1292",0,0,0,10,10,38.8,464,二ノ宮敬,美,0,13100627,01025,00409,0716120616,H.H.シェイク・モハ,ダーレー・ジャパン,ストーミングホーム,プレミアノアール,スペシャルウィーク,鹿毛,130324,   21.4,  ,    ,47.4
16,01,17,1,中京,2,07,500万下・牝,23,ダ,1,1800,良,サンレイフローラ  ,牝,6,和田翼,54.0,10,01,10,10,0,0.9,7,115.8,"1558",0,10,10,10,10,37.5,452,西橋豊治,栗,0,10100109,01146,00434,0716120701,永井宏明,びらとり牧場,スズカマンボ,スズカフローラ,フレンチデピュティ,鹿毛,100405,   24.2,  ,    ,54.4
16,01,17,1,中京,2,07,500万下・牝,23,ダ,1,1800,良,ゲットクローサー  ,牝,4,北村友一,54.0,10,02,4,4,0,0.3,3,115.2,"1552",0,1,1,1,1,38.1,508,吉田直弘,栗,110,12104847,01102,01101,0716120702,サンデーレーシング,ノーザンファーム,ワイルドラッシュ,マチカネチコウヨレ,"Deputy Minister",青鹿,120227,    4.3,  ,    ,51.2
16,01,17,1,中京,2,07,500万下・牝,23,ダ,1,1800,良,モアニケアラ      ,牝,4,鮫島克駿,52.0,10,03,1,1,0,-0.2,1,114.9,"1549",0,3,3,3,3,37.7,458,松永幹夫,栗,700,12104298,01157,01092,0716120703,名古屋友豊,社台ファーム,マンハッタンカフェ,ツーオブハート,メジロマックイーン,芦毛,120327,    2.2,  ,    ,52.4
16,01,17,1,中京,2,07,500万下・牝,23,ダ,1,1800,良,ベーリングメファ  ,牝,4,岡田祥嗣,54.0,10,04,5,5,0,0.4,2,115.3,"1553",0,4,4,4,4,38,454,牧浦充徳,栗,70,12102958,05429,01113,0716120704,手嶋康雄,佐竹学,スニッツェル,ミレニアムポップ,Bering,栗毛,120220,    4.2,  ,    ,51.7
16,01,17,1,中京,2,07,500万下・牝,23,ダ,1,1800,良,ナイトブルーミング,牝,6,丸山元気,55.0,10,05,9,9,0,0.8,4,115.7,"1557",0,6,6,6,4,38.2,470,根本康広,美,0,10106338,01127,01029,0716120705,平賀久枝,鎌田正嗣,リンカーン,フックライン,Shaadi,芦毛,100411,    9.0,  ,    ,51.4
16,01,17,1,中京,2,07,500万下・牝,23,ダ,1,1800,良,バードオンアスク  ,牝,5,勝浦正樹,55.0,10,06,3,3,0,0.3,8,115.2,"1552",0,7,7,7,7,37.5,484,中舘英二,美,180,11102560,01025,01153,0716120706,戸賀智子,藤原牧場,マンハッタンカフェ,アスクコマンダー,コマンダーインチーフ,鹿毛,110312,   32.2,  ,    ,53.6
16,01,17,1,中京,2,07,500万下・牝,23,ダ,1,1800,良,メイショウクローバ,牝,5,義英真,53.0,10,07,2,2,0,0.2,6,115.1,"1551",0,2,2,2,2,38,514,角田晃一,栗,280,11106081,01155,01121,0716120707,松本好雄,三嶋牧場,メイショウサムソン,チアズグレイス,サンデーサイレンス,鹿毛,110414,   17.9,  ,    ,51.4
16,01,17,1,中京,2,07,500万下・牝,23,ダ,1,1800,良,クロカミノオトメ  ,牝,6,松山弘平,55.0,10,08,6,6,0,0.6,5,115.5,"1555",0,9,8,9,9,37.7,486,羽月友彦,栗,0,10104385,01126,01091,0716120708,サンデーレーシング,社台コーポレーショ,シンボリクリスエス,アルストロメリア,サンデーサイレンス,青毛,100410,   13.8,  ,    ,53.2
16,01,17,1,中京,2,07,500万下・牝,23,ダ,1,1800,良,シニョリーナ      ,牝,5,幸英明,55.0,10,09,8,8,0,0.6,9,115.5,"1555",0,5,5,4,4,38.1,456,菊川正達,美,0,11103187,00732,01052,0716120709,高樽さゆり,小島牧場,キングヘイロー,エヌティミラクル,フジキセキ,青鹿,110215,   47.4,  ,    ,51.6
16,01,17,1,中京,2,07,500万下・牝,23,ダ,1,1800,良,カノンブルー      ,牝,4,横山和生,54.0,10,10,7,7,0,0.6,10,115.5,"1555",0,8,8,7,7,37.8,448,尾形和幸,美,0,12105769,01140,01141,0716120710,YGGホースクラブ,大島牧場,フレンチデピュティ,アムルタート,サンデーサイレンス,鹿毛,120402,   98.2,  ,    ,52.8
16,01,17,1,中京,2,08,500万下,23,ダ,1,1900,良,リーゼントロック  ,牡,5,中谷雄太,57.0,12,01,8,8,0,1.7,4,121.9,"2019",0,5,5,4,3,40,516,矢作芳人,栗,0,11102464,01038,01075,0716120801,三浦大輔,服部牧場,ダイワメジャー,レディインディ,"A.P. Indy",黒鹿,110302,    7.3,  ,    ,44.5
16,01,17,1,中京,2,08,500万下,23,ダ,1,1900,良,モーグリ          ,牡,4,和田竜二,56.0,12,02,9,9,0,2.1,7,122.3,"2023",0,6,5,4,3,40.4,548,村山明,栗,0,12103931,01018,01107,0716120802,大林一彦,レイクヴィラファー,ハービンジャー,ソーマサイト,グラスワンダー,栗毛,120320,   15.2,  ,    ,43.6
16,01,17,1,中京,2,08,500万下,23,ダ,1,1900,良,クリノエビスジン  ,牡,5,横山和生,57.0,12,03,7,7,0,1.4,9,121.6,"2016",0,8,8,8,8,39.4,490,天間昭一,美,0,11109009,01140,01090,0716120803,栗本博晴,イズモリファーム,シニスターミニスター,マルダイロマン,タバスコキャット,鹿毛,110330,   44.5,  ,    ,46.3
16,01,17,1,中京,2,08,500万下,23,ダ,1,1900,良,サリレモンド      ,牡,5,幸英明,57.0,12,04,6,6,0,1.3,2,121.5,"2015",0,1,1,1,1,39.9,520,和田正道,美,0,11110020,00732,00353,0716120804,ノースヒルズ,"Brandywine Farm Ch",Speightstown,"Gallileo Figaro",Galileo,栗毛,110221,    5.0,  ,    ,44.4
16,01,17,1,中京,2,08,500万下,23,ダ,1,1900,良,エルドリッジ      ,牡,6,黛弘人,57.0,12,05,2,2,0,0,3,120.2,"2002",0,2,2,2,2,38.5,524,高木登,美,280,10106400,01109,01088,0716120805,一村哲也,桑原牧場,ティンバーカントリー,グレイスフルハート,チーフベアハート,青鹿,100326,    5.9,  ,    ,47.9
16,01,17,1,中京,2,08,500万下,23,ダ,1,1900,良,クラウンリバティー,牡,4,酒井学,56.0,12,06,11,11,0,2.7,12,122.9,"2029",0,4,2,7,8,40.8,508,天間昭一,美,0,12101213,01034,01090,0716120806,矢野恭裕,クラウン日高牧場,リンカーン,サザンベル,サウスヴィグラス,鹿毛,120531,  254.7,  ,    ,42.9
16,01,17,1,中京,2,08,500万下,23,ダ,1,1900,良,トウカイパイロ    ,牡,4,岡田祥嗣,56.0,12,07,10,10,0,2.3,5,122.5,"2025",0,6,5,4,6,40.6,466,野中賢二,栗,0,12101855,05429,01098,0716120807,内村正則,福満牧場,パイロ,トウカイラブ,ダンスインザダーク,黒鹿,120505,   10.7,  ,    ,43.1
16,01,17,1,中京,2,08,500万下,23,ダ,1,1900,良,テイエムコンドル  ,牡,5,松若風馬,57.0,12,08,1,1,0,0,8,120.2,"2002",0,10,10,11,10,37.5,462,石栗龍彦,美,700,11100643,01154,01043,0716120808,竹園正繼,テイエム牧場日高支,テイエムオペラオー,テイエムヨカオゴ,ヘネシー,鹿毛,110329,   19.3,  ,    ,51.8
16,01,17,1,中京,2,08,500万下,23,ダ,1,1900,良,カレングランブルー,牡,5,ヴェロン,57.0,12,09,12,12,0,3,11,123.2,"2032",0,2,2,3,3,41.4,464,安田隆行,栗,0,11104232,05532,00438,0716120809,鈴木隆司,社台ファーム,ハーツクライ,ココナッツパルム,フレンチデピュティ,栗毛,110331,   93.0,  ,    ,41.2
16,01,17,1,中京,2,08,500万下,23,ダ,1,1900,良,スリーヴェローチェ,牡,7,伴啓太,55.0,12,10,5,5,0,1,6,121.2,"2012",0,12,12,10,10,38.7,472,石橋守,栗,70,09103736,01149,01140,0716120810,永井商事,武牧場,ダイワメジャー,スリーローマン,ブライアンズタイム,鹿毛,090215,   13.2,  ,    ,48.4
16,01,17,1,中京,2,08,500万下,23,ダ,1,1900,良,クリノロッキー    ,牡,6,木幡初也,54.0,12,11,4,4,0,0.8,10,121,"2010",0,11,11,11,12,38.4,506,高市圭二,美,110,10101155,01153,01014,0716120811,栗本博晴,ヤナガワ牧場,アフリート,クインズフラッグ,ブライアンズタイム,栗毛,100218,   92.9,  ,    ,49.3
16,01,17,1,中京,2,08,500万下,23,ダ,1,1900,良,ウインユニファイド,牡,4,松山弘平,56.0,12,12,3,3,0,0.2,1,120.4,"2004",0,9,9,9,6,38,516,飯田雄三,栗,180,12100555,01126,01050,0716120812,ウイン,新冠橋本牧場,キンシャサノキセキ,ユーキャンドゥイット,"Gold Alert",黒鹿,120425,    2.4,  ,    ,50.1
16,01,17,1,中京,2,09,500万下,23,芝,0,1200,良,フジケンシン      ,牡,5,伊藤工真,57.0,18,01,8,8,0,0.7,16,69.4,"1094",0,0,0,3,3,34.4,510,清水英克,美,0,11104774,01119,01080,0716120901,藤田達男,佐藤信広,サクラバクシンオー,フジファレノプシス,アジュディケーティング,鹿毛,110323,  102.2,  ,    ,51.7
16,01,17,1,中京,2,09,500万下,23,芝,0,1200,良,カレンステイシー  ,牝,5,吉田隼人,55.0,18,02,1,1,0,-0.3,4,68.7,"1087",0,0,0,1,1,34,482,安田隆行,栗,700,11100464,01095,00438,0716120902,鈴木隆司,高柳隆男,アドマイヤジャパン,カレンママ,エンドスウィープ,栗毛,110429,    8.0,  ,    ,52.1
16,01,17,1,中京,2,09,500万下,23,芝,0,1200,良,ベルリネッタ      ,牡,5,丸山元気,57.0,18,03,4,4,0,0.6,6,69.3,"1093",0,0,0,2,2,34.4,466,田中章博,栗,110,11106427,01127,00413,0716120903,大久保和夫,八木農場,マツリダゴッホ,エミネントプリティ,アンバーシヤダイ,鹿毛,110428,   11.1,  ,    ,51.5
16,01,17,1,中京,2,09,500万下,23,芝,0,1200,良,ビバリーヒルズ    ,牝,4,松山弘平,54.0,18,04,3,3,0,0.3,7,69,"1090",0,0,0,3,3,34,428,須貝尚介,栗,180,12104803,01126,01105,0716120904,近藤英子,ノーザンファーム,スニッツェル,ブリリアントベリー,ノーザンテースト,栗毛,120227,   13.6,  ,    ,52.9
16,01,17,1,中京,2,09,500万下,23,芝,0,1200,良,ゲネラルプローベ  ,牡,4,高倉稜,56.0,18,05,12,12,0,1.1,17,69.8,"1098",0,0,0,7,6,34.6,484,橋口弘次,栗,0,12106071,01130,00343,0716120905,前田葉子,福岡光夫,キンシャサノキセキ,ウルトラスキー,タマモクロス,鹿毛,120410,  125.6,  ,    ,51.7
16,01,17,1,中京,2,09,500万下,23,芝,0,1200,良,シュンクルーズ    ,牡,4,伴啓太,54.0,18,06,11,11,0,0.9,10,69.6,"1096",0,0,0,12,11,34,454,柄崎孝,美,0,12106162,01149,00380,0716120906,村田滋,パカパカファーム,タイキシャトル,タイキミューズ,スペシャルウィーク,黒鹿,120409,   38.4,  ,    ,54.7
16,01,17,1,中京,2,09,500万下,23,芝,0,1200,良,ブロンシェダーム  ,牝,5,川須栄彦,55.0,18,07,13,13,0,1.1,15,69.8,"1098",0,0,0,15,14,33.9,400,橋口弘次,栗,0,11103927,01128,00343,0716120907,サンデーレーシング,ノーザンファーム,ディープインパクト,スリープレスナイト,クロフネ,鹿毛,110127,   93.4,  ,    ,55.9
16,01,17,1,中京,2,09,500万下,23,芝,0,1200,良,スーパープリンセス,牝,4,田中博康,54.0,18,08,16,16,0,1.6,12,70.3,"1103",0,0,0,12,13,34.6,446,今野貞一,栗,0,12101984,01104,01128,0716120908,田島政光,モリナガファーム,スーパーホーネット,プリンセスメイク,キャプテンスティーヴ,栗毛,120423,   51.9,  ,    ,53.2
16,01,17,1,中京,2,09,500万下,23,芝,0,1200,良,ファストアズソング,牡,5,中谷雄太,57.0,18,09,17,17,0,1.8,14,70.5,"1105",0,0,0,15,17,34.4,422,小笠倫弘,美,0,11103426,01038,01076,0716120909,グリーンファーム,吉田ファーム,Curlin,ファストアズライト,Hennessy,鹿毛,110325,   87.9,  ,    ,54.9
16,01,17,1,中京,2,09,500万下,23,芝,0,1200,良,ヴァッフシュテルケ,牡,5,和田翼,56.0,18,10,5,5,0,0.6,13,69.3,"1093",0,0,0,5,5,34.2,488,岩元市三,栗,70,11106102,01146,00397,0716120910,宮内牧場,宮内牧場,ダイワメジャー,イサミサクラ,アイネスフウジン,青鹿,110305,   86.4,  ,    ,52.6
16,01,17,1,中京,2,09,500万下,23,芝,0,1200,良,アドマイヤジャズ  ,牡,4,和田竜二,56.0,18,11,6,6,0,0.7,3,69.4,"1094",0,0,0,7,8,34,480,友道康夫,栗,0,12104667,01018,01061,0716120911,近藤利一,ノーザンファーム,タニノギムレット,ジュピターズジャズ,サンデーサイレンス,青鹿,120318,    7.2,  ,    ,54.1
16,01,17,1,中京,2,09,500万下,23,芝,0,1200,良,バシニアティヴ    ,牝,6,川島信二,55.0,18,12,18,18,0,2,18,70.7,"1107",0,0,0,12,14,34.8,432,高橋義博,美,0,10103606,01062,01036,0716120912,石橋英郎,メジロ牧場,ダイワメジャー,メジロアダーラ,フレンチデピュティ,栗毛,100205,  328.3,  ,    ,53.2
16,01,17,1,中京,2,09,500万下,23,芝,0,1200,良,ダラニ            ,牝,5,ヴェロン,55.0,18,13,7,7,0,0.7,8,69.4,"1094",0,0,0,11,11,33.8,502,小崎憲,栗,0,11103484,05532,01085,0716120913,山住勲,チャンピオンズファ,サクラバクシンオー,パーフェクトブルー,サンデーサイレンス,栗毛,110504,   20.1,  ,    ,55.3
16,01,17,1,中京,2,09,500万下,23,芝,0,1200,良,ビリーヴザワン    ,セ,5,北村友一,57.0,18,14,10,10,0,0.8,9,69.5,"1095",0,0,0,9,8,34.2,472,中野栄治,美,0,11101776,01102,01010,0716120914,岡田壮史,岡田スタツド,マツリダゴッホ,ブルーミングガール,サクラバクシンオー,鹿毛,110421,   23.1,  ,    ,53.2
16,01,17,1,中京,2,09,500万下,23,芝,0,1200,良,エルノルテ        ,牝,5,松若風馬,55.0,18,15,14,14,0,1.2,5,69.9,"1099",0,0,0,15,14,34,476,音無秀孝,栗,0,11103899,01154,01002,0716120915,吉田勝己,ノーザンファーム,ディープインパクト,シーズオールエルティッシュ,Eltish,鹿毛,110224,   10.0,  ,    ,55.6
16,01,17,1,中京,2,09,500万下,23,芝,0,1200,良,モアアピール      ,牝,4,黛弘人,54.0,18,16,15,15,0,1.4,11,70.1,"1101",0,0,0,18,17,33.9,480,尾関知人,美,0,12104786,01109,01103,0716120916,岩切企画,ノーザンファーム,クロフネ,フォトジェニー,スペシャルウィーク,芦毛,120218,   39.9,  ,    ,56.8
16,01,17,1,中京,2,09,500万下,23,芝,0,1200,良,シャンデリアハウス,牝,4,松田大作,54.0,18,17,9,9,0,0.8,2,69.5,"1095",0,0,0,10,10,34,444,牧浦充徳,栗,0,12104583,01030,01113,0716120917,サンデーレーシング,ノーザンファーム,ヴァーミリアン,カーリーエンジェル,ジヤツジアンジエルーチ,黒鹿,120405,    4.7,  ,    ,54.4
16,01,17,1,中京,2,09,500万下,23,芝,0,1200,良,ロイヤルストリート,牝,4,鮫島克駿,52.0,18,18,2,2,0,0.3,1,69,"1090",0,0,0,5,6,33.8,436,藤原英昭,栗,280,12101374,01157,01055,0716120918,下河邉行雄,下河辺牧場,ディープインパクト,フィラストリート,Cozzene,鹿毛,120511,    3.3,  ,    ,54.1
16,01,17,1,中京,2,10,はこべら500*,23,ダ,1,1400,良,ノーモアゲーム    ,牡,3,丸山元気,56.0,16,01,4,4,0,0.4,12,85.9,"1259",0,0,0,16,16,36.2,470,浅野洋一,美,130,13100708,01127,00421,0716121001,内藤好江,中館牧場,ハイアーゲーム,メジロホリデイ,フレンチデピュティ,鹿毛,130320,   97.1,  ,    ,53.0
16,01,17,1,中京,2,10,はこべら500*,23,ダ,1,1400,良,プリンシパルスター,牡,3,中谷雄太,56.0,16,02,13,13,0,3,5,88.5,"1285",0,0,0,8,9,40,438,矢作芳人,栗,0,13105905,01038,01075,0716121002,シルクレーシング,ノーザンファーム,ダイワメジャー,シルクプリマドンナ,ブライアンズタイム,青鹿,130304,    9.4,  ,    ,40.9
16,01,17,1,中京,2,10,はこべら500*,23,ダ,1,1400,良,メイショウミラコロ,牡,3,幸英明,56.0,16,03,6,6,0,1.1,9,86.6,"1266",0,0,0,5,5,38.4,508,松永昌博,栗,0,13103243,00732,01083,0716121003,松本好雄,浦河日成牧場,エンパイアメーカー,ウルトラシートゥ,Gulch,鹿毛,130216,   23.6,  ,    ,44.1
16,01,17,1,中京,2,10,はこべら500*,23,ダ,1,1400,良,ヨウチエンコース  ,牡,3,ヴェロン,56.0,16,04,11,11,0,2.2,10,87.7,"1277",0,0,0,8,9,39.2,460,小崎憲,栗,0,13102459,05532,01085,0716121004,一村哲也,萩澤俊雄,ノボジャック,エリモジェニー,オジジアン,栗毛,130616,   30.9,  ,    ,42.8
16,01,17,1,中京,2,10,はこべら500*,23,ダ,1,1400,良,ゼンノサーベイヤー,牡,3,松田大作,56.0,16,05,2,2,0,0,3,85.5,"1255",0,0,0,8,7,37.1,502,中内田充,栗,360,13110043,01030,01137,0716121005,大迫久美子,"Kumiko Osako",Mineshaft,"Eden's Causeway","Giant's Causeway",栗毛,130201,    5.1,  ,    ,47.8
16,01,17,1,中京,2,10,はこべら500*,23,ダ,1,1400,良,レディエントブルー,牝,3,横山和生,54.0,16,06,14,14,0,3.3,15,88.8,"1288",0,0,0,4,3,40.7,458,尾形和幸,美,0,13102816,01140,01141,0716121006,ブルーマネジメント,大島牧場,バトルプラン,オオシマジョリー,アフリート,栗毛,130422,  215.3,  ,    ,38.6
16,01,17,1,中京,2,10,はこべら500*,23,ダ,1,1400,良,コウエイエンブレム,牡,3,松山弘平,56.0,16,07,3,3,0,0.2,6,85.7,"1257",0,0,0,2,2,37.9,516,山内研二,栗,220,13104699,01126,00388,0716121007,伊東政清,服部健太郎,シニスターミニスター,ニシノシンデレラ,"Forty Niner",栗毛,130417,   10.6,  ,    ,44.6
16,01,17,1,中京,2,10,はこべら500*,23,ダ,1,1400,良,ロンドンタウン    ,牡,3,松若風馬,56.0,16,08,5,5,0,0.6,7,86.1,"1261",0,0,0,2,3,38.2,508,牧田和弥,栗,89,13101999,01154,01123,0716121008,薪浦亨,松浦牧場,カネヒキリ,フェアリーバニヤン,"Honour and Glory",鹿毛,130422,   14.9,  ,    ,44.0
16,01,17,1,中京,2,10,はこべら500*,23,ダ,1,1400,良,フィランソロフィー,牡,3,黛弘人,56.0,16,09,15,15,0,3.8,14,89.3,"1293",0,0,0,12,13,40.5,452,中川公成,美,0,13100290,01109,01081,0716121009,伊達敏明,サンシャイン牧場,スクリーンヒーロー,フェアリーライド,サザンヘイロー,栗毛,130418,  207.1,  ,    ,40.4
16,01,17,1,中京,2,10,はこべら500*,23,ダ,1,1400,良,マザックヤース    ,牝,3,伴啓太,54.0,16,10,9,9,0,1.5,11,87,"1270",0,0,0,14,12,38.1,432,高柳瑞樹,美,0,13100046,01149,01118,0716121010,山崎泰博,新井弘幸,キンシャサノキセキ,イーサンラヴ,マイネルラヴ,鹿毛,130503,   86.1,  ,    ,46.3
16,01,17,1,中京,2,10,はこべら500*,23,ダ,1,1400,良,デピュティプライム,牡,3,勝浦正樹,56.0,16,11,8,8,0,1.2,2,86.7,"1267",0,0,0,15,15,37.6,478,小島茂之,美,0,13105495,01025,01068,0716121011,丸山担,社台ファーム,フレンチデピュティ,ジャドール,フジキセキ,栗毛,130320,    4.5,  ,    ,47.9
16,01,17,1,中京,2,10,はこべら500*,23,ダ,1,1400,良,アドマイヤムテキ  ,牡,3,和田竜二,56.0,16,12,7,7,0,1.2,8,86.7,"1267",0,0,0,7,7,38.4,482,中尾秀正,栗,0,13105192,01018,01069,0716121012,近藤利一,レイクヴィラファー,ヴァーミリアン,セメイユドゥヴォン,"Sadler's Wells",黒鹿,130319,   18.5,  ,    ,44.3
16,01,17,1,中京,2,10,はこべら500*,23,ダ,1,1400,良,エムティーシャトル,牝,3,伊藤工真,54.0,16,13,16,16,0,4,16,89.5,"1295",0,0,0,5,5,41.3,486,清水英克,美,0,13101332,01119,01080,0716121013,門別牧場,柏木一則,ノボジャック,ラヴリンクス,ネオユニヴァース,黒鹿,130323,  320.0,  ,    ,37.5
16,01,17,1,中京,2,10,はこべら500*,23,ダ,1,1400,良,シゲルナガイワシ  ,牡,3,酒井学,56.0,16,14,12,12,0,2.4,13,87.9,"1279",0,0,0,8,9,39.4,452,小野次郎,美,0,13100894,01034,01125,0716121014,森中蕃,船越牧場,ブラックタキシード,ヤマノビーナス,ラストタイクーン,栗毛,130203,  177.1,  ,    ,42.3
16,01,17,1,中京,2,10,はこべら500*,23,ダ,1,1400,良,ドライヴナイト    ,牡,3,北村友一,56.0,16,15,1,1,0,0,1,85.5,"1255",0,0,0,1,1,37.8,504,奥村豊,栗,890,13102037,01102,01146,0716121015,桂土地,村上欽哉,カジノドライヴ,カウントオンミー,バブルガムフェロー,黒鹿,130318,    3.5,  ,    ,44.6
16,01,17,1,中京,2,10,はこべら500*,23,ダ,1,1400,良,ラスベガスシチー  ,牡,3,吉田隼人,56.0,16,16,10,10,0,1.9,4,87.4,"1274",0,0,0,12,13,38.6,516,田中清隆,美,0,13104495,01095,00408,0716121016,友駿ホースクラブ,千代田牧場,カジノドライヴ,ハッピーメール,キングカメハメハ,栗毛,130310,    8.0,  ,    ,44.8
16,01,17,1,中京,2,11,長篠Ｓ1600,67,芝,0,1200,良,アブマーシュ      ,牝,7,丸山元気,55.0,13,01,6,6,0,0.5,4,68.5,"1085",0,0,0,10,12,33.8,488,菊沢隆徳,美,0,09102385,01127,01115,0716121101,伊達敏明,サンシャイン牧場,ディクタット,アリヴェ,Diesis,鹿毛,090417,   11.0,  ,    ,52.7
16,01,17,1,中京,2,11,長篠Ｓ1600,67,芝,0,1200,良,タガノザイオン    ,牡,9,田中博康,57.0,13,02,4,4,0,0.2,9,68.2,"1082",0,0,0,13,13,33.2,494,石橋守,栗,260,07104687,01104,01140,0716121102,八木秀之,新冠タガノファーム,グラスワンダー,タガノクィーン,サンデーサイレンス,鹿毛,070526,   26.7,  ,    ,55.4
16,01,17,1,中京,2,11,長篠Ｓ1600,67,芝,0,1200,良,サマールナ        ,牝,7,松田大作,55.0,13,03,7,7,0,0.5,7,68.5,"1085",0,0,0,7,7,34.1,466,木原一良,栗,0,09105270,01030,01033,0716121103,ライオンレースホー,松本信行,アドマイヤムーン,パシアン,サクラユタカオー,鹿毛,090306,   23.0,  ,    ,50.9
16,01,17,1,中京,2,11,長篠Ｓ1600,67,芝,0,1200,良,アットウィル      ,牡,6,幸英明,57.0,13,04,3,3,0,0.1,1,68.1,"1081",0,0,0,1,1,34.2,502,高橋義忠,栗,430,10104985,00732,01129,0716121104,宮川純造,富田牧場,アドマイヤムーン,アフレタータ,タイキシャトル,栗毛,100207,    1.9,  ,    ,49.1
16,01,17,1,中京,2,11,長篠Ｓ1600,67,芝,0,1200,良,ユキノアイオロス  ,セ,8,川須栄彦,57.0,13,05,2,2,0,0.1,10,68.1,"1081",0,0,0,7,7,33.7,482,和田正道,美,690,08100889,01128,00353,0716121105,井上基之,フジワラフアーム,サクラプレジデント,ユキノシンデレラ,サンダーガルチ,鹿毛,080425,   36.7,  ,    ,52.1
16,01,17,1,中京,2,11,長篠Ｓ1600,67,芝,0,1200,良,マジックシャトル  ,牡,4,松若風馬,56.0,13,06,10,10,0,1.3,8,69.3,"1093",0,0,0,3,3,35.1,498,清水久詞,栗,0,12101868,01154,01110,0716121106,林正道,藤本ファーム,タイキシャトル,デイトナイト,"Forest Wildcat",栗毛,120316,   24.3,  ,    ,47.4
16,01,17,1,中京,2,11,長篠Ｓ1600,67,芝,0,1200,良,ルミナスウイング  ,牡,6,ヴェロン,57.0,13,07,5,5,0,0.3,6,68.3,"1083",0,0,0,11,10,33.7,494,安田隆行,栗,172,10104357,05532,00438,0716121107,キャロットファーム,ノーザンファーム,クロフネ,ルミナスポイント,アグネスタキオン,鹿毛,100305,   17.2,  ,    ,52.7
16,01,17,1,中京,2,11,長篠Ｓ1600,67,芝,0,1200,良,エンプレスラブ    ,牝,7,北村友一,55.0,13,08,13,13,0,1.7,13,69.7,"1097",0,0,0,2,2,35.6,520,加藤敬二,栗,0,09101360,01102,00379,0716121108,IHR,村中牧場,マイネルラヴ,フィールドエミュー,"You and I",黒鹿,090425,  220.0,  ,    ,45.8
16,01,17,1,中京,2,11,長篠Ｓ1600,67,芝,0,1200,良,シンデレラボーイ  ,牡,6,二本柳壮,57.0,13,09,1,1,0,-0.1,2,68,"1080",0,0,0,11,10,33.4,502,矢作芳人,栗,1720,10102102,01049,01075,0716121109,田畑利彦,高昭牧場,マンハッタンカフェ,ルスナイクリスティ,リンドシェーバー,鹿毛,100128,    5.3,  ,    ,53.6
16,01,17,1,中京,2,11,長篠Ｓ1600,67,芝,0,1200,良,ヴィクタープライム,牡,4,松山弘平,56.0,13,10,8,8,0,0.6,5,68.6,"1086",0,0,0,7,7,34.1,456,本田優,栗,0,12103587,01126,01099,0716121110,村上憲政,三木田牧場,マイネルラヴ,スーリア,ラストタイクーン,青鹿,120413,   11.7,  ,    ,51.2
16,01,17,1,中京,2,11,長篠Ｓ1600,67,芝,0,1200,良,エリーティアラ    ,牝,4,和田竜二,54.0,13,11,9,9,0,1,3,69,"1090",0,0,0,3,3,34.7,466,武市康男,美,0,12102404,01018,01089,0716121111,谷川正純,土田農場,ケイムホーム,ペイルローズ,フジキセキ,青鹿,120504,    6.7,  ,    ,48.8
16,01,17,1,中京,2,11,長篠Ｓ1600,67,芝,0,1200,良,デンファレ        ,牝,9,中谷雄太,55.0,13,12,11,11,0,1.3,12,69.3,"1093",0,0,0,3,3,35.1,486,的場均,美,0,07101820,01038,01063,0716121112,ヒダカ・ブリーダー,宮内牧場,フジキセキ,ゴールデンハピネス,Sanglamore,栗毛,070507,  142.0,  ,    ,47.4
16,01,17,1,中京,2,11,長篠Ｓ1600,67,芝,0,1200,良,クリノタカラチャン,牝,6,酒井学,55.0,13,13,12,12,0,1.5,11,69.5,"1095",0,0,0,3,3,35.3,418,天間昭一,美,0,10102252,01034,01090,0716121113,栗本博晴,バンブー牧場,アドマイヤコジーン,バンビーナピノ,マンハッタンカフェ,黒鹿,100415,   66.9,  ,    ,46.9
16,01,17,1,中京,2,12,恋路ケ浜1000,43,芝,0,2000,良,ドラゴンレジェンド,牡,6,松田大作,57.0,13,01,7,7,0,0.5,5,121.6,"2016",0,3,3,4,4,34.4,502,久保田貴,美,0,10104362,01030,01067,0716121201,窪田芳郎,ノーザンファーム,ステイゴールド,レーゲンボーゲン,フレンチデピュティ,栗毛,100127,   11.9,  ,    ,58.6
16,01,17,1,中京,2,12,恋路ケ浜1000,43,芝,0,2000,良,クールオープニング,牡,5,北村友一,57.0,13,02,6,6,0,0.4,8,121.5,"2015",0,7,5,7,7,34,468,橋口弘次,栗,0,11105107,01102,00343,0716121202,前田晋二,ノースヒルズ,マンハッタンカフェ,ファレノプシス,ブライアンズタイム,青鹿,110209,   29.1,  ,    ,60.3
16,01,17,1,中京,2,12,恋路ケ浜1000,43,芝,0,2000,良,カラフルブラッサム,牝,6,松山弘平,55.0,13,03,3,3,0,0.1,1,121.2,"2012",0,12,12,10,10,33.4,468,鈴木孝志,栗,350,10104227,01126,01111,0716121203,吉田勝己,ノーザンファーム,ハーツクライ,トロピカルブラッサム,"Thunder Gulch",鹿毛,100330,    3.0,  ,    ,62.7
16,01,17,1,中京,2,12,恋路ケ浜1000,43,芝,0,2000,良,メイショウオオゼキ,セ,6,松若風馬,57.0,13,04,12,12,0,1.2,13,122.3,"2023",0,13,13,13,13,34.2,486,池添兼雄,栗,0,10106550,01154,01021,0716121204,松本好雄,ヤナガワ牧場,ハーツクライ,トランクイルデイズ,"Easy Goer",鹿毛,100326,  122.1,  ,    ,60.4
16,01,17,1,中京,2,12,恋路ケ浜1000,43,芝,0,2000,良,ヒロノプリンス    ,牡,6,ヴェロン,57.0,13,05,5,5,0,0.4,7,121.5,"2015",0,1,1,1,1,34.6,474,村山明,栗,140,10100297,05532,01107,0716121205,サンエイ開発,オリオンファーム,ファンタスティックライト,ヴァルホーリング,Halling,鹿毛,100310,   28.2,  ,    ,57.6
16,01,17,1,中京,2,12,恋路ケ浜1000,43,芝,0,2000,良,グランアルマダ    ,牡,4,酒井学,56.0,13,06,1,1,0,0,2,121.1,"2011",0,2,2,2,2,34.1,536,西園正都,栗,1400,12104926,01034,01028,0716121206,サンデーレーシング,ノーザンファーム,ダイワメジャー,レディスキッパー,クロフネ,芦毛,120204,    3.3,  ,    ,59.3
16,01,17,1,中京,2,12,恋路ケ浜1000,43,芝,0,2000,良,ヤマトダイアンサス,牝,6,川須栄彦,55.0,13,07,13,13,0,1.6,10,122.7,"2027",0,5,5,4,6,35.3,490,大竹正博,美,0,10101172,01128,01102,0716121207,みの商事,山際辰夫,ゼンノロブロイ,ノエラロワイヤル,"Garde Royale",栃栗,100425,   51.1,  ,    ,56.1
16,01,17,1,中京,2,12,恋路ケ浜1000,43,芝,0,2000,良,サンデーウィザード,牡,4,和田竜二,56.0,13,08,2,2,0,0,3,121.1,"2011",0,6,5,4,4,33.8,456,大久保龍,栗,560,12104659,01018,01058,0716121208,巽祐子,ノーザンファーム,ネオユニヴァース,シーズインクルーデッド,Include,鹿毛,120214,    4.7,  ,    ,60.7
16,01,17,1,中京,2,12,恋路ケ浜1000,43,芝,0,2000,良,ボールドジャパン  ,牡,5,中谷雄太,57.0,13,09,8,8,0,0.5,12,121.6,"2016",0,7,8,9,9,34,520,中村均,栗,0,11104859,01038,00261,0716121209,増田陽一,武田修一,アドマイヤジャパン,ラブミラー,ミラクルアドマイヤ,鹿毛,110414,   83.2,  ,    ,60.4
16,01,17,1,中京,2,12,恋路ケ浜1000,43,芝,0,2000,良,ピースオブジャパン,牡,4,鮫島克駿,56.0,13,10,4,4,0,0.2,4,121.3,"2013",0,10,8,10,10,33.6,486,宮徹,栗,210,12101690,01157,01018,0716121210,小川勲,中原牧場,ダイワメジャー,マイティーカラー,トニービン,栗毛,120219,    9.8,  ,    ,61.9
16,01,17,1,中京,2,12,恋路ケ浜1000,43,芝,0,2000,良,ギブアンドテイク  ,牡,5,勝浦正樹,57.0,13,11,10,10,0,0.7,9,121.8,"2018",0,3,3,3,3,34.7,498,二ノ宮敬,美,0,11106405,01025,00409,0716121211,嶋田賢,昭和牧場,ステイゴールド,レッドダイヤモンド,エルハーブ,栗毛,110505,   37.1,  ,    ,57.6
16,01,17,1,中京,2,12,恋路ケ浜1000,43,芝,0,2000,良,アドマイヤガスト  ,牡,4,丸山元気,56.0,13,12,9,9,0,0.6,6,121.7,"2017",0,7,8,7,7,34.2,532,松田博資,栗,0,12104872,01127,00348,0716121212,近藤利一,ノーザンファーム,チチカステナンゴ,ムガール,"Silver Hawk",鹿毛,120124,   13.0,  ,    ,59.6
16,01,17,1,中京,2,12,恋路ケ浜1000,43,芝,0,2000,良,ノーブルリーズン  ,牝,4,幸英明,54.0,13,13,11,11,0,0.7,11,121.8,"2018",0,11,11,12,12,33.9,436,佐々木晶,栗,0,12104578,00732,00429,0716121213,キャロットファーム,ノーザンファーム,ネオユニヴァース,カメリアローズ,ホワイトマズル,黒鹿,120214,   57.9,  ,    ,61.1
16,01,23,1,中京,3,01,未勝利,7,ダ,1,1800,稍,カレンコマンドール,牡,3,ヴェロン,56.0,16,01,3,3,0,0.5,2,117.1,"1571",0,1,1,1,1,38.6,470,安田隆行,栗,130,13100499,05532,00438,0716130101,鈴木隆司,高柳隆男,ベーカバド,カレンママ,エンドスウィープ,鹿毛,130508,    4.3,  ,    ,51.7
16,01,23,1,中京,3,01,未勝利,7,ダ,1,1800,稍,コスモタウルス    ,牡,3,丹内祐次,56.0,16,02,12,12,0,2.3,8,118.9,"1589",0,7,7,10,7,39.8,416,岩戸孝樹,美,0,13101921,01091,01051,0716130102,ビッグレッドファー,ビッグレッドファー,ロージズインメイ,ダンサーズブロンド,ゴールドアリュール,青鹿,130218,   25.6,  ,    ,49.4
16,01,23,1,中京,3,01,未勝利,7,ダ,1,1800,稍,エンジェルサイン  ,牡,3,丸山元気,56.0,16,03,10,10,0,1.9,6,118.5,"1585",0,4,4,4,3,39.7,480,久保田貴,美,0,13105812,01127,01067,0716130103,窪田康志,ノーザンファーム,タニノギムレット,エルダンジュ,サンデーサイレンス,黒鹿,130430,   16.0,  ,    ,49.2
16,01,23,1,中京,3,01,未勝利,7,ダ,1,1800,稍,ボンナヴァン      ,牡,3,加藤祥太,54.0,16,04,1,1,0,0,1,116.6,"1566",0,4,4,4,3,37.8,534,藤原英昭,栗,500,13105241,01156,01055,0716130104,吉田晴哉,追分ファーム,シンボリクリスエス,シナノネージュ,フレンチデピュティ,鹿毛,130120,    2.8,  ,    ,54.2
16,01,23,1,中京,3,01,未勝利,7,ダ,1,1800,稍,ウインウェルス    ,牡,3,国分恭介,56.0,16,05,5,5,0,1.4,16,118,"1580",0,12,12,12,12,38.7,502,吉田直弘,栗,50,13103498,01124,01101,0716130105,ウイン,高野牧場,プリサイスエンド,ロングパイル,スペシャルウィーク,栗毛,130319,  221.7,  ,    ,52.5
16,01,23,1,中京,3,01,未勝利,7,ダ,1,1800,稍,ヤマタケジャイアン,セ,3,勝浦正樹,56.0,16,06,6,6,0,1.5,12,118.1,"1581",0,10,10,10,7,39,456,萱野浩二,美,0,13103229,01025,01024,0716130106,山中和子,浦河小林牧場,ジャイアントレッカー,トシザサンサン,ブラックタイアフェアー,芦毛,130320,   72.9,  ,    ,51.4
16,01,23,1,中京,3,01,未勝利,7,ダ,1,1800,稍,トウケイイダテン  ,牡,3,鮫島克駿,54.0,16,07,13,13,0,2.7,10,119.3,"1593",0,10,10,7,7,40.4,470,加用正,栗,0,13104212,01157,00425,0716130107,木村信彦,坂本智広,タニノギムレット,マリエッタ,ゼンノロブロイ,鹿毛,130307,   53.3,  ,    ,47.6
16,01,23,1,中京,3,01,未勝利,7,ダ,1,1800,稍,カフジプリンス    ,牡,3,川須栄彦,56.0,16,08,11,11,0,2,4,118.6,"1586",0,7,7,7,11,39.6,512,矢作芳人,栗,0,13105844,01128,01075,0716130108,加藤守,ノーザンファーム,ハーツクライ,ギンザフローラル,シンボリクリスエス,栗毛,130330,    8.3,  ,    ,49.7
16,01,23,1,中京,3,01,未勝利,7,ダ,1,1800,稍,ダンツブルース    ,牡,3,松山弘平,56.0,16,09,9,9,0,1.8,15,118.4,"1584",0,13,12,12,12,39,484,山内研二,栗,0,13103141,01126,00388,0716130109,山元哲二,藤春修二,メイショウボーラー,エメラルドコースト,ダンスインザダーク,黒鹿,130324,  186.5,  ,    ,51.8
16,01,23,1,中京,3,01,未勝利,7,ダ,1,1800,稍,タマモアルム      ,牡,3,藤岡康太,56.0,16,10,2,2,0,0,7,116.6,"1566",0,2,2,2,2,38,506,南井克巳,栗,200,13104321,01116,01049,0716130110,タマモ,曾我博,ワイルドラッシュ,ハイジ,ダンスインザダーク,鹿毛,130521,   18.2,  ,    ,53.4
16,01,23,1,中京,3,01,未勝利,7,ダ,1,1800,稍,オースミマルス    ,牡,3,北村友一,56.0,16,11,16,16,0,5.8,11,122.4,"2024",0,3,3,2,6,43.7,462,加藤敬二,栗,0,13104020,01102,00379,0716130111,オースミ,岡田牧場,ジャングルポケット,オースミマコ,フレンチデピュティ,鹿毛,130313,   53.4,  ,    ,40.0
16,01,23,1,中京,3,01,未勝利,7,ダ,1,1800,稍,サウンドスプレッド,牡,3,幸英明,56.0,16,12,8,8,0,1.8,5,118.4,"1584",0,15,15,15,16,38.7,466,高橋康之,栗,0,13101757,00732,01135,0716130112,増田雄一,新冠橋本牧場,ワークフォース,スプレッドウィング,サンデーサイレンス,鹿毛,130330,   12.0,  ,    ,53.0
16,01,23,1,中京,3,01,未勝利,7,ダ,1,1800,稍,ダイメイキング    ,牡,3,伊藤工真,56.0,16,13,7,7,0,1.6,13,118.2,"1582",0,13,14,12,12,38.8,480,石毛善彦,美,0,13101182,01119,00428,0716130113,宮本孝一,びらとり牧場,エンパイアメーカー,ホーマンソレイユ,サンデーサイレンス,鹿毛,130423,  125.2,  ,    ,52.3
16,01,23,1,中京,3,01,未勝利,7,ダ,1,1800,稍,ディープロワイヤル,牡,3,城戸義政,54.0,16,14,15,15,0,4,9,120.6,"2006",0,7,7,7,7,41.6,476,本田優,栗,0,13104787,01147,01099,0716130114,深見敏男,フジワラフアーム,ハービンジャー,ディープデザイア,アグネスタキオン,鹿毛,130515,   47.7,  ,    ,45.0
16,01,23,1,中京,3,01,未勝利,7,ダ,1,1800,稍,シゲルクロダイ    ,牡,3,吉田隼人,56.0,16,15,4,4,0,0.7,3,117.3,"1573",0,4,4,4,3,38.5,486,伊藤圭三,美,75,13100653,01095,01023,0716130115,森中蕃,千葉飯田牧場,パイロ,シゲルコラバ,ハンセル,鹿毛,130330,    4.5,  ,    ,52.3
16,01,23,1,中京,3,01,未勝利,7,ダ,1,1800,稍,ロードディロング  ,牡,3,伴啓太,54.0,16,16,14,14,0,3.5,14,120.1,"2001",0,16,16,15,15,40.4,532,菊沢隆徳,美,0,13100691,01149,01115,0716130116,ロードホースクラブ,道見牧場,ゴールドヘイロー,ロングモニー,ホワイトマズル,青鹿,130402,  171.0,  ,    ,48.6
16,01,23,1,中京,3,02,未勝利,7,ダ,1,1400,稍,ビリケンラッシュ  ,牡,3,松山弘平,56.0,16,01,1,1,0,-0.1,2,86.7,"1267",0,0,0,3,3,39.2,500,高橋亮,栗,500,13103537,01126,01136,0716130201,市川義美ホールディ,谷川牧場,バゴ,ランブルジャンヌ,Mutakddim,鹿毛,130319,    3.2,  ,    ,40.9
16,01,23,1,中京,3,02,未勝利,7,ダ,1,1400,稍,アドマイヤフォルム,牡,3,菱田裕二,56.0,16,02,13,13,0,2.6,13,89.3,"1293",0,0,0,6,6,41.4,456,橋田満,栗,0,13105989,01144,00362,0716130202,近藤利一,ノーザンファーム,クロフネ,トラヴェシーア,ディープインパクト,黒鹿,130507,   46.8,  ,    ,36.8
16,01,23,1,中京,3,02,未勝利,7,ダ,1,1400,稍,キャプテンブレイズ,牡,3,加藤祥太,54.0,16,03,5,5,0,1.4,5,88.1,"1281",0,0,0,9,11,39.8,498,森秀行,栗,50,13103447,01156,00427,0716130203,玉井宏和,笹島政信,エンパイアメーカー,ミスサイベリア,"Giant's Causeway",鹿毛,130501,   14.3,  ,    ,41.0
16,01,23,1,中京,3,02,未勝利,7,ダ,1,1400,稍,エイコオレクレール,牝,3,丸山元気,54.0,16,04,8,8,0,1.9,16,88.6,"1286",0,0,0,9,8,40.3,442,天間昭一,美,0,13102464,01127,01090,0716130204,木村直樹,萩澤泰博,ゴールドアリュール,ホクトブルーバード,アサティス,鹿毛,130525,  309.1,  ,    ,39.9
16,01,23,1,中京,3,02,未勝利,7,ダ,1,1400,稍,トータルビクトリー,牡,3,勝浦正樹,56.0,16,05,11,11,0,2.2,9,88.9,"1289",0,0,0,12,12,40.3,478,小野次郎,美,0,13101083,01025,01125,0716130205,明栄商事,稲原牧場,ファスリエフ,ベネチアンテンズ,クリスタルグリツターズ,鹿毛,130423,   22.5,  ,    ,40.4
16,01,23,1,中京,3,02,未勝利,7,ダ,1,1400,稍,ララパルーザ      ,牡,3,藤岡康太,56.0,16,06,7,7,0,1.9,3,88.6,"1286",0,0,0,6,8,40.7,524,岩戸孝樹,美,0,13103294,01116,01051,0716130206,ノルマンディーサラ,大柳ファーム,カネヒキリ,アンダルシア,アルカセット,鹿毛,130419,    9.4,  ,    ,38.3
16,01,23,1,中京,3,02,未勝利,7,ダ,1,1400,稍,テンプルツリー    ,牝,3,吉田隼人,54.0,16,07,2,2,0,0.1,1,86.8,"1268",0,0,0,1,1,39.7,434,栗田博憲,美,200,13102098,01095,00341,0716130207,山口功一郎,森牧場,ブラックタイド,シルクヴィーナス,ティンバーカントリー,黒鹿,130512,    2.9,  ,    ,39.0
16,01,23,1,中京,3,02,未勝利,7,ダ,1,1400,稍,ヘイハチハピネス  ,牝,3,中井裕二,54.0,16,08,9,9,0,2,8,88.7,"1287",0,0,0,13,14,40,430,作田誠二,栗,0,13102347,01141,01006,0716130208,伊藤貴憲,下屋敷牧場,プリサイスエンド,インディアリング,スペシャルウィーク,鹿毛,130416,   21.4,  ,    ,41.3
16,01,23,1,中京,3,02,未勝利,7,ダ,1,1400,稍,ノアシャトル      ,牡,3,幸英明,56.0,16,09,16,16,0,3.1,12,89.8,"1298",0,0,0,3,4,42.3,518,天間昭一,美,0,13105134,00732,01090,0716130209,佐山公男,藤澤昭勝,タイキシャトル,シャコーアデル,アジュディケーティング,栗毛,130327,   39.8,  ,    ,34.2
16,01,23,1,中京,3,02,未勝利,7,ダ,1,1400,稍,ルナマティーノ    ,牝,3,丹内祐次,54.0,16,10,6,6,0,1.5,10,88.2,"1282",0,0,0,13,12,39.5,446,二ノ宮敬,美,0,13103015,01091,00409,0716130210,赤沼秀典,大北牧場,キンシャサノキセキ,ロザージュ,"Giant's Causeway",鹿毛,130512,   31.0,  ,    ,42.5
16,01,23,1,中京,3,02,未勝利,7,ダ,1,1400,稍,ビレッジエンパイア,牡,3,松田大作,56.0,16,11,15,15,0,2.9,11,89.6,"1296",0,0,0,6,6,41.6,466,土田稔,美,0,13102345,01030,00417,0716130211,村山浩伸,嶋田牧場,エンパイアメーカー,レディアモーレ,フレンチデピュティ,鹿毛,130314,   39.5,  ,    ,36.5
16,01,23,1,中京,3,02,未勝利,7,ダ,1,1400,稍,ビークイック      ,牡,3,木幡初也,53.0,16,12,3,3,0,0.2,14,86.9,"1269",0,0,0,15,15,37.5,462,田中清隆,美,130,13104779,01153,00408,0716130212,フジワラ・ファーム,フジワラフアーム,シニスターミニスター,ダイヤモンドギフト,ブライアンズタイム,栗毛,130427,   51.4,  ,    ,48.8
16,01,23,1,中京,3,02,未勝利,7,ダ,1,1400,稍,サカジロチュウオー,牡,3,城戸義政,54.0,16,13,10,10,0,2,15,88.7,"1287",0,0,0,16,16,38.9,472,坂口正則,栗,0,13106341,01147,00356,0716130213,ロイヤルパーク,幾千世牧場,キンシャサノキセキ,サイキョウレディー,コマンダーインチーフ,鹿毛,130520,   74.5,  ,    ,46.0
16,01,23,1,中京,3,02,未勝利,7,ダ,1,1400,稍,グロウインザダーク,セ,3,横山和生,56.0,16,14,14,14,0,2.8,4,89.5,"1295",0,0,0,3,4,41.9,474,鈴木伸尋,美,0,13105541,01140,01026,0716130214,社台レースホース,社台ファーム,ダンスインザダーク,ダークエンディング,"End Sweep",鹿毛,130505,   10.8,  ,    ,35.2
16,01,23,1,中京,3,02,未勝利,7,ダ,1,1400,稍,ラインスラッガー  ,牡,3,川須栄彦,56.0,16,15,12,12,0,2.4,7,89.1,"1291",0,0,0,2,2,41.9,472,蛯名利弘,美,0,13102012,01128,01131,0716130215,大澤繁昌,松本信行,ベーカバド,ノットローズハート,スキャン,鹿毛,130309,   20.0,  ,    ,34.5
16,01,23,1,中京,3,02,未勝利,7,ダ,1,1400,稍,ホウオウレックス  ,牡,3,西田雄一,56.0,16,16,4,4,0,0.5,6,87.2,"1272",0,0,0,9,8,39,526,池上昌和,美,75,13105443,01004,01150,0716130216,小笹芳央,社台ファーム,ダノンシャンティ,クリスマスツリー,トニービン,鹿毛,130323,   19.1,  ,    ,42.7
16,01,23,1,中京,3,03,500万下,23,ダ,1,1200,稍,アシドベリー      ,牝,4,和田翼,53.0,16,01,9,9,0,1.1,12,73.5,"1135",0,0,0,11,11,36.8,452,柴田光陽,栗,0,12101949,01146,00400,0716130301,槇本牧場,槇本牧場,スウェプトオーヴァーボード,ワイルドベリー,フジキセキ,鹿毛,120418,  115.6,  ,    ,49.7
16,01,23,1,中京,3,03,500万下,23,ダ,1,1200,稍,シゲルノマオイ    ,牡,4,菱田裕二,56.0,16,02,11,11,0,1.7,5,74.1,"1141",0,0,0,14,14,36.8,492,柴田光陽,栗,0,12106005,01144,00400,0716130302,森中蕃,中村雅明,ストーミングホーム,シゲルホープ,フレンチデピュティ,栗毛,120301,   18.7,  ,    ,51.4
16,01,23,1,中京,3,03,500万下,23,ダ,1,1200,稍,ハリケーンリリー  ,セ,5,宮崎北斗,57.0,16,03,6,6,0,0.8,10,73.2,"1132",0,0,0,9,9,36.8,508,中川公成,美,0,11105712,01118,01081,0716130303,山上和良,木村牧場,マイネルセレクト,トウエンクィーン,ジェイドロバリー,鹿毛,110327,   72.5,  ,    ,48.9
16,01,23,1,中京,3,03,500万下,23,ダ,1,1200,稍,キングアンドクイン,牝,4,木幡初也,51.0,16,04,13,13,0,2.1,13,74.5,"1145",0,0,0,11,12,37.9,474,牧浦充徳,栗,0,12103723,01153,01113,0716130304,山住勲,チャンピオンズファ,キングカメハメハ,エレガンスクイーン,スペシャルウィーク,黒鹿,120126,  158.9,  ,    ,46.6
16,01,23,1,中京,3,03,500万下,23,ダ,1,1200,稍,サトノハーデス    ,牡,4,城戸義政,54.0,16,05,12,12,0,1.8,11,74.2,"1142",0,0,0,4,3,38.6,488,南井克巳,栗,0,12103474,01147,01049,0716130305,里見治,フジワラフアーム,エンパイアメーカー,ダイヤモンドクイン,ラムタラ,鹿毛,120404,  110.1,  ,    ,42.2
16,01,23,1,中京,3,03,500万下,23,ダ,1,1200,稍,コパノチャールズ  ,牡,4,加藤祥太,54.0,16,06,8,8,0,1,7,73.4,"1134",0,0,0,4,3,37.8,500,宮徹,栗,0,12102705,01156,01018,0716130306,小林祥晃,伊藤敏明,コパノフウジン,スパイオブラヴ,フレンチデピュティ,栗毛,120410,   39.5,  ,    ,44.2
16,01,23,1,中京,3,03,500万下,23,ダ,1,1200,稍,ウエスタンパレス  ,牡,6,丸山元気,57.0,16,07,16,16,0,2.4,14,74.8,"1148",0,0,0,16,16,36.9,542,和田雄二,美,0,10110037,01127,01143,0716130307,ウエスタンファーム,"Dr. Masatake Iida","Bluegrass Cat","Universal Peace","Sunday Silence",鹿毛,100208,  333.4,  ,    ,52.7
16,01,23,1,中京,3,03,500万下,23,ダ,1,1200,稍,アヴェーヌモン    ,牡,4,ヴェロン,56.0,16,08,5,5,0,0.8,3,73.2,"1132",0,0,0,1,1,37.9,544,中竹和也,栗,70,12110080,05532,01039,0716130308,加藤誠,"Justice Farm & Gre","Lantana Mob","Princes Melissa",Marquetry,鹿毛,120410,    5.8,  ,    ,43.1
16,01,23,1,中京,3,03,500万下,23,ダ,1,1200,稍,ハンサムザムライ  ,牡,6,西田雄一,57.0,16,09,7,7,0,0.9,9,73.3,"1133",0,0,0,10,10,36.8,482,松山将樹,美,0,10105975,01004,01100,0716130309,スリースターズレー,ビッグレッドファー,アドマイヤマックス,マイネシンデレラ,タマモクロス,芦毛,100426,   49.8,  ,    ,49.2
16,01,23,1,中京,3,03,500万下,23,ダ,1,1200,稍,ゼアミ            ,牡,5,松山弘平,57.0,16,10,1,1,0,0,1,72.4,"1124",0,0,0,8,8,36.3,558,音無秀孝,栗,700,11110089,01126,01002,0716130310,シルクレーシング,"Barnett Stables LL",Zensational,"Turtle Creek Babe","Grand Slam",芦毛,110327,    1.8,  ,    ,49.4
16,01,23,1,中京,3,03,500万下,23,ダ,1,1200,稍,メイショウアバラガ,牡,4,幸英明,56.0,16,11,3,3,0,0.2,6,72.6,"1126",0,0,0,7,6,36.7,516,角田晃一,栗,180,12105845,00732,01121,0716130311,松本和子,高昭牧場,エンパイアメーカー,オールオールオール,アグネスタキオン,鹿毛,120327,   26.0,  ,    ,47.8
16,01,23,1,中京,3,03,500万下,23,ダ,1,1200,稍,フライングニンバス,牝,4,鮫島克駿,52.0,16,12,2,2,0,0,2,72.4,"1124",0,0,0,2,2,37,504,野中賢二,栗,280,12110066,01157,01098,0716130312,橋元勇氣,"Glendalough LLC","Awesome Again","Ryan's Inheritance","Valid Expectations",鹿毛,120307,    4.2,  ,    ,45.7
16,01,23,1,中京,3,03,500万下,23,ダ,1,1200,稍,ヤマタケマツリ    ,牝,4,横山和生,54.0,16,13,14,14,0,2.3,15,74.7,"1147",0,0,0,3,3,39.2,470,萱野浩二,美,0,12103622,01140,01024,0716130313,山中和子,岡田スタツド,マツリダゴッホ,キョウエイカナ,ヘクタープロテクター,鹿毛,120413,  352.1,  ,    ,40.6
16,01,23,1,中京,3,03,500万下,23,ダ,1,1200,稍,ニューエディション,牝,4,松田大作,54.0,16,14,10,10,0,1.2,4,73.6,"1136",0,0,0,6,6,37.8,466,中内田充,栗,0,12101574,01030,01137,0716130314,H.H.シェイク・モハ,ダーレー・ジャパン,アドマイヤムーン,ニューチャプター2,"A.P. Indy",黒鹿,120321,   11.3,  ,    ,44.7
16,01,23,1,中京,3,03,500万下,23,ダ,1,1200,稍,ノアブギー        ,牡,4,熊沢重文,56.0,16,15,15,15,0,2.3,16,74.7,"1147",0,0,0,13,13,37.8,486,坪憲章,栗,0,12102123,00652,00361,0716130315,中島稔,原田新治,ファルブラヴ,ノアスピリタス,スペシャルウィーク,栗毛,120516,  714.2,  ,    ,47.6
16,01,23,1,中京,3,03,500万下,23,ダ,1,1200,稍,エクスシア        ,牝,5,長岡禎仁,55.0,16,16,4,4,0,0.7,8,73.1,"1131",0,0,0,14,14,35.7,440,大江原哲,美,110,11104803,01142,01012,0716130316,岡田牧雄,須崎牧場,シニスターミニスター,ハネダテンシ,フジキセキ,鹿毛,110323,   40.5,  ,    ,54.8
16,01,23,1,中京,3,04,障害未勝利,7,芝,2,3000,稍,ハクサンゲイン    ,牡,4,金子光希,59.0,14,01,1,1,0,-0.2,4,199.7,"3197",0,3,3,3,3,13.3,462,浅野洋一,美,750,12105656,01052,00421,0716130401,篠崎恒雄,モトスファーム,タイムパラドックス,ローモンドガール,Montbrook,栗毛,120402,    7.8,  ,    , 0.0
16,01,23,1,中京,3,04,障害未勝利,7,芝,2,3000,稍,サトノシーザー    ,牡,7,五十嵐雄,60.0,14,02,14,14,0,9.7,9,209.4,"3294",0,14,14,14,14,14,528,池上昌和,美,0,09102434,01069,01150,0716130402,里見治,下河辺牧場,シンボリクリスエス,ウィルダネスストーム,"Storm Cat",青毛,090424,   37.1,  ,    , 0.0
16,01,23,1,中京,3,04,障害未勝利,7,芝,2,3000,稍,ローレルソラン    ,牡,8,浜野谷憲,60.0,14,03,3,3,0,0.4,6,200.1,"3201",0,1,1,1,1,13.3,470,奥平雅士,美,190,08104899,00695,01074,0716130403,ローレルレーシング,樋渡信義,マヤノトップガン,ソラーラ,Gulch,鹿毛,080317,   13.9,  ,    , 0.0
16,01,23,1,中京,3,04,障害未勝利,7,芝,2,3000,稍,ワイルドジーク    ,牡,5,上野翔,60.0,14,04,11,11,0,4.4,12,204.1,"3241",0,12,12,11,11,13.6,460,松永康利,美,0,11105126,01087,01093,0716130404,ディアレストクラブ,ハクツ牧場,サウスヴィグラス,メジロカンナ,メジロライアン,栗毛,110401,   79.8,  ,    , 0.0
16,01,23,1,中京,3,04,障害未勝利,7,芝,2,3000,稍,クリノチョモラーリ,牝,6,大江原圭,58.0,14,05,12,12,0,5.6,13,205.3,"3253",0,11,11,12,12,13.7,484,高橋義博,美,0,10106460,01120,01036,0716130405,栗本博晴,若林武雄,スパイキュール,マンダリンママ,"Lord At War",栗毛,100430,  152.0,  ,    , 0.0
16,01,23,1,中京,3,04,障害未勝利,7,芝,2,3000,稍,ハクユウドルフィン,牡,5,難波剛健,60.0,14,06,4,4,0,0.7,2,200.4,"3204",0,9,9,8,8,13.4,462,加藤敬二,栗,110,11106304,01066,00379,0716130406,H.Iコーポレーショ,川上牧場,サクラプレジデント,センターベンセール,コマンダーインチーフ,青鹿,110527,    4.0,  ,    , 0.0
16,01,23,1,中京,3,04,障害未勝利,7,芝,2,3000,稍,クラウンジューン  ,牡,4,草野太郎,59.0,14,07,10,10,0,4.2,14,203.9,"3239",0,7,7,9,9,13.6,468,田中剛,美,0,12101214,01113,01119,0716130407,クラウン,クラウン日高牧場,アドマイヤジャパン,チャップ,ダンシングブレーヴ,鹿毛,120616,  158.0,  ,    , 0.0
16,01,23,1,中京,3,04,障害未勝利,7,芝,2,3000,稍,コスモトゥルーラヴ,牡,7,原田和真,60.0,14,08,13,13,0,7.9,11,207.6,"3276",0,13,13,13,13,13.8,500,栗田博憲,美,0,09102742,01143,00341,0716130408,ビッグレッドファー,戸川牧場,ハーツクライ,トリプルチェリー,アフリート,鹿毛,090324,   61.0,  ,    , 0.0
16,01,23,1,中京,3,04,障害未勝利,7,芝,2,3000,稍,ワンダーアベニール,牡,6,西谷誠,60.0,14,09,8,8,0,2.9,8,202.6,"3226",0,2,2,2,2,13.5,500,小崎憲,栗,0,10101982,01005,01085,0716130409,山本信行,荻伏三好フアーム,タイキシャトル,カルミナブラーナ,リンドシェーバー,鹿毛,100414,   20.6,  ,    , 0.0
16,01,23,1,中京,3,04,障害未勝利,7,芝,2,3000,稍,エクセレントミノル,牡,5,小野寺祐,60.0,14,10,7,7,0,2.9,10,202.6,"3226",0,5,5,4,6,13.5,484,中舘英二,美,0,11102536,01123,01153,0716130410,吉岡實,フジワラフアーム,クロフネ,ダンツプリンセス,サンデーサイレンス,鹿毛,110222,   48.7,  ,    , 0.0
16,01,23,1,中京,3,04,障害未勝利,7,芝,2,3000,稍,ピンクマン        ,牡,4,熊沢重文,59.0,14,11,5,5,0,1.3,5,201,"3210",0,7,7,6,5,13.4,456,池添兼雄,栗,75,12105240,00652,01021,0716130411,福本圭佐,金成吉田牧場,ネオユニヴァース,ビシャーラ,Alhaarth,黒鹿,120404,    8.5,  ,    , 0.0
16,01,23,1,中京,3,04,障害未勝利,7,芝,2,3000,稍,プレスリー        ,牡,5,蓑島靖典,60.0,14,12,2,2,0,0.2,7,199.9,"3199",0,4,4,4,4,13.3,498,南田美知,美,300,11106181,01068,00437,0716130412,田畑富子,山口義彦,メイショウボーラー,リヒター,フォーティナイナー,黒鹿,110331,   20.0,  ,    , 0.0
16,01,23,1,中京,3,04,障害未勝利,7,芝,2,3000,稍,ピュアソルジャー  ,牡,6,高野和馬,60.0,14,13,9,9,0,3.2,3,202.9,"3229",0,10,9,10,10,13.5,488,高橋文雅,美,0,10103016,01089,01134,0716130413,鶴見芳子,千代田牧場,ジャングルポケット,ラブアンドピース,キングカメハメハ,鹿毛,100225,    5.4,  ,    , 0.0
16,01,23,1,中京,3,04,障害未勝利,7,芝,2,3000,稍,ナッハフォルガー  ,セ,5,林満明,60.0,14,14,6,6,0,1.7,1,201.4,"3214",0,5,6,6,6,13.4,484,中竹和也,栗,0,11103506,00655,01039,0716130414,前田幸治,追分ファーム,ウォーエンブレム,クリックヒア,サンデーサイレンス,青鹿,110121,    3.1,  ,    , 0.0
16,01,23,1,中京,3,05,障害・オープ,131,芝,2,3330,稍,トニーポケット    ,牡,7,黒岩悠,60.0,14,01,11,11,0,1.2,9,224.3,"3443",0,10,9,7,9,13.5,482,矢作芳人,栗,0,09105430,01072,01075,0716130501,藤田浩一,ロイヤルファーム新,ジャングルポケット,デビルインマインド,ダンスインザダーク,鹿毛,090322,   32.5,  ,    , 0.0
16,01,23,1,中京,3,05,障害・オープ,131,芝,2,3330,稍,タガノグーフォ    ,セ,7,平沢健治,60.0,14,02,9,9,0,0.7,2,223.8,"3438",0,5,5,5,6,13.4,484,五十嵐忠,栗,0,09104946,01067,00422,0716130502,八木良司,八木牧場,ネオユニヴァース,タガノサファイヤ,ダンシングブレーヴ,黒鹿,090417,    5.4,  ,    , 0.0
16,01,23,1,中京,3,05,障害・オープ,131,芝,2,3330,稍,ワールドマッチ    ,牡,5,林満明,60.0,14,03,2,2,0,0.3,10,223.4,"3434",0,2,1,1,1,13.4,504,中竹和也,栗,520,11103998,00655,01039,0716130503,サンデーレーシング,ノーザンファーム,コンデュイット,パーフェクトマッチ,サンデーサイレンス,栗毛,110212,   34.4,  ,    , 0.0
16,01,23,1,中京,3,05,障害・オープ,131,芝,2,3330,稍,ウインアーマー    ,牡,4,熊沢重文,59.0,14,04,6,6,0,0.6,4,223.7,"3437",0,3,3,3,4,13.4,466,中村均,栗,0,12100246,00652,00261,0716130504,ウイン,コスモヴューファー,タニノギムレット,ピサノサンデー,サンデーサイレンス,栗毛,120220,    7.3,  ,    , 0.0
16,01,23,1,中京,3,05,障害・オープ,131,芝,2,3330,稍,カシマシンセイ    ,牡,7,山本康志,61.0,14,05,3,3,0,0.3,7,223.4,"3434",0,1,2,2,2,13.4,522,奥村武,美,330,09100276,01008,01145,0716130505,松浦一久,大西ファーム,アッミラーレ,ミルフィーユ,リアルシヤダイ,鹿毛,090511,   23.3,  ,    , 0.0
16,01,23,1,中京,3,05,障害・オープ,131,芝,2,3330,稍,トーセンハナミズキ,牝,6,小野寺祐,58.0,14,06,7,7,0,0.7,12,223.8,"3438",0,14,13,9,11,13.4,474,成島英春,美,0,10104096,01123,00433,0716130506,島川隆哉,ノーザンファーム,タイキシャトル,クラレットパンチ,フジキセキ,鹿毛,100320,   53.3,  ,    , 0.0
16,01,23,1,中京,3,05,障害・オープ,131,芝,2,3330,稍,アラビアンドラゴン,セ,6,白浜雄造,60.0,14,07,14,14,0,4.4,14,227.5,"3475",0,12,13,14,14,13.7,432,森秀行,栗,0,10104234,01035,00427,0716130507,吉田勝利,ノーザンファーム,クロフネ,ネオクラシック,サンデーサイレンス,芦毛,100423,  213.2,  ,    , 0.0
16,01,23,1,中京,3,05,障害・オープ,131,芝,2,3330,稍,ユキノスライダー  ,牡,6,難波剛健,60.0,14,08,5,5,0,0.5,5,223.6,"3436",0,6,7,7,8,13.4,454,高橋義忠,栗,130,10100330,01066,01129,0716130508,遠藤定子,川端正博,デュランダル,ユキノチャンプ,タバスコキャット,栗毛,100418,    8.9,  ,    , 0.0
16,01,23,1,中京,3,05,障害・オープ,131,芝,2,3330,稍,マイネルアダマス  ,牡,7,五十嵐雄,62.0,14,09,4,4,0,0.3,1,223.4,"3434",0,11,11,9,6,13.4,436,菅原泰夫,美,200,09104662,01069,00415,0716130509,サラブレッドクラブ,コスモヴューファー,アドマイヤマックス,マイネディアマンテ,マヤノトップガン,鹿毛,090221,    2.9,  ,    , 0.0
16,01,23,1,中京,3,05,障害・オープ,131,芝,2,3330,稍,ニジブルーム      ,牡,8,小坂忠士,61.0,14,10,8,8,0,0.7,3,223.8,"3438",0,4,4,3,2,13.4,506,山内研二,栗,0,08102897,01063,00388,0716130510,横瀬兼二,社台ファーム,ダンスインザダーク,タヤスブルーム,Caerleon,芦毛,080426,    5.4,  ,    , 0.0
16,01,23,1,中京,3,05,障害・オープ,131,芝,2,3330,稍,カウウェラ        ,牡,6,浜野谷憲,60.0,14,11,1,1,0,-0.3,6,223.1,"3431",0,6,6,5,5,13.4,468,戸田博文,美,1300,10104560,00695,01054,0716130511,サンデーレーシング,追分ファーム,キングカメハメハ,メモリアルサマー,サンデーサイレンス,青鹿,100323,    9.8,  ,    , 0.0
16,01,23,1,中京,3,05,障害・オープ,131,芝,2,3330,稍,クラウンデピュティ,牡,5,金子光希,60.0,14,12,10,10,0,1,13,224.1,"3441",0,8,7,9,10,13.5,508,金成貴史,美,0,11102100,01052,01132,0716130512,矢野恭裕,高橋修,クロフネ,オートサンデー,サンデーサイレンス,芦毛,110319,   90.5,  ,    , 0.0
16,01,23,1,中京,3,05,障害・オープ,131,芝,2,3330,稍,タピエス          ,牡,4,中村将之,59.0,14,13,13,13,0,3.3,11,226.4,"3464",0,8,9,12,11,13.6,488,浅見秀一,栗,0,12102446,01101,00411,0716130513,細川祐季子,萩澤俊雄,キンシャサノキセキ,エリモジェニー,オジジアン,鹿毛,120422,   40.6,  ,    , 0.0
16,01,23,1,中京,3,05,障害・オープ,131,芝,2,3330,稍,グリッターウイング,牡,9,森一馬,60.0,14,14,12,12,0,1.8,8,224.9,"3449",0,12,11,12,13,13.5,534,西村真幸,栗,0,07103395,01139,01148,0716130514,吉田勝己,ノーザンファーム,クロフネ,レースウィング,バブルガムフェロー,栗毛,070425,   26.5,  ,    , 0.0
16,01,23,1,中京,3,06,500万下・牝,23,ダ,1,1800,稍,ノーブルガイア    ,牝,7,松田大作,55.0,12,01,8,8,0,1.2,10,116.3,"1563",0,10,11,11,11,37.4,448,土田稔,美,0,09102750,01030,00417,0716130601,菅波立知子,富川田中牧場,マリエンバード,パールピアス,サンシャインフォーエヴァー,黒鹿,090325,   68.0,  ,    ,55.5
16,01,23,1,中京,3,06,500万下・牝,23,ダ,1,1800,稍,タマノベレッツァ  ,牝,4,鮫島克駿,52.0,12,02,9,9,0,1.3,6,116.4,"1564",0,3,3,5,5,38.3,470,中内田充,栗,0,12105595,01157,01137,0716130602,玉腰勇吉,三嶋牧場,ワイルドラッシュ,メイショウハイパス,ダンスインザダーク,黒鹿,120408,   11.9,  ,    ,52.0
16,01,23,1,中京,3,06,500万下・牝,23,ダ,1,1800,稍,バイオレットフィズ,牝,4,城戸義政,52.0,12,03,5,5,0,0.6,1,115.7,"1557",0,6,6,9,8,37.3,434,飯田祐史,栗,70,12101809,01147,01139,0716130603,中山泰志,日高大洋牧場,タニノギムレット,プライムオブユース,"Deputy Minister",黒鹿,120324,    3.6,  ,    ,55.1
16,01,23,1,中京,3,06,500万下・牝,23,ダ,1,1800,稍,クライミングローズ,牝,4,藤岡康太,54.0,12,04,2,2,0,0,7,115.1,"1551",0,1,1,2,2,37.1,428,角田晃一,栗,280,12100611,01116,01121,0716130604,前田幸治,ノースヒルズ,マンハッタンカフェ,ファレノプシス,ブライアンズタイム,青鹿,120428,   13.0,  ,    ,55.1
16,01,23,1,中京,3,06,500万下・牝,23,ダ,1,1800,稍,オトメチャン      ,牝,4,伴啓太,52.0,12,05,4,4,0,0.3,4,115.4,"1554",0,8,8,9,8,36.9,504,高柳瑞樹,美,110,12103354,01149,01118,0716130605,明栄商事,野坂牧場,ヴァーミリアン,キロロプラム,シアトルダンサー2,鹿毛,120406,    6.3,  ,    ,56.4
16,01,23,1,中京,3,06,500万下・牝,23,ダ,1,1800,稍,ユキノマルガリータ,牝,6,吉田隼人,55.0,12,06,11,11,0,2.1,8,117.2,"1572",0,5,5,6,8,38.9,464,和田正道,美,0,10103284,01095,00353,0716130606,井上基之,フジワラフアーム,スズカマンボ,ユキノシンデレラ,サンダーガルチ,鹿毛,100401,   57.1,  ,    ,50.6
16,01,23,1,中京,3,06,500万下・牝,23,ダ,1,1800,稍,メイショウウケヅキ,牝,5,加藤祥太,53.0,12,07,7,7,0,1.2,11,116.3,"1563",0,2,2,2,3,38.3,466,松下武士,栗,0,11106526,01156,01149,0716130607,松本好雄,赤田牧場,フレンチデピュティ,シーエンプレス,ダンスインザダーク,鹿毛,110124,   76.4,  ,    ,51.8
16,01,23,1,中京,3,06,500万下・牝,23,ダ,1,1800,稍,エーティーロゼッタ,牝,4,ヴェロン,54.0,12,08,3,3,0,0.2,2,115.3,"1553",0,6,6,6,5,37,486,木原一良,栗,180,12103843,05532,01033,0716130608,荒木徹,青藍牧場,ディープスカイ,ヒカルカリーナ,メジロマックイーン,鹿毛,120407,    3.9,  ,    ,55.8
16,01,23,1,中京,3,06,500万下・牝,23,ダ,1,1800,稍,ビスカリア        ,牝,4,菱田裕二,54.0,12,09,1,1,0,0,5,115.1,"1551",0,9,9,6,5,36.8,444,山内研二,栗,700,12103663,01144,00388,0716130609,ノルマンディーサラ,岡田スタツド,ヴァーミリアン,フサイチジェット,"Gilded Time",鹿毛,120424,    8.4,  ,    ,56.4
16,01,23,1,中京,3,06,500万下・牝,23,ダ,1,1800,稍,カノンブルー      ,牝,4,横山和生,54.0,12,10,6,6,0,1.1,9,116.2,"1562",0,12,12,12,12,36.2,450,尾形和幸,美,0,12105769,01140,01141,0716130610,YGGホースクラブ,大島牧場,フレンチデピュティ,アムルタート,サンデーサイレンス,鹿毛,120402,   64.9,  ,    ,60.5
16,01,23,1,中京,3,06,500万下・牝,23,ダ,1,1800,稍,グレイスビクトリア,牝,5,木幡初也,52.0,12,11,10,10,0,1.5,12,116.6,"1566",0,10,9,1,1,39.1,456,相沢郁,美,0,11102234,01153,01020,0716130611,飯田良枝,千代田牧場,マーベラスサンデー,スレンダーガール,アフリート,栗毛,110323,  239.6,  ,    ,49.1
16,01,23,1,中京,3,06,500万下・牝,23,ダ,1,1800,稍,メイショウブーケ  ,牝,5,幸英明,55.0,12,12,12,12,0,2.1,3,117.2,"1572",0,3,3,2,3,39.2,470,西浦勝一,栗,0,11106065,00732,01016,0716130612,松本好雄,三嶋牧場,フレンチデピュティ,アドマイヤベリー,ダンスインザダーク,栗毛,110430,    4.5,  ,    ,49.5
16,01,23,1,中京,3,07,未勝利,7,芝,0,1400,稍,マイネルアウトラン,牡,3,丹内祐次,56.0,18,01,14,14,0,1.8,13,84.5,"1245",0,0,0,11,9,36.5,436,和田正道,美,0,13101903,01091,00353,0716130701,サラブレッドクラブ,ビッグレッドファー,ステイゴールド,コスモスカイライン,グラスワンダー,栗毛,130423,  138.4,  ,    ,48.6
16,01,23,1,中京,3,07,未勝利,7,芝,0,1400,稍,アンデンモント    ,牡,3,幸英明,56.0,18,02,12,12,0,1.6,7,84.3,"1243",0,0,0,15,12,36.1,460,西浦勝一,栗,0,13100628,00732,01016,0716130702,H.H.シェイク・モハ,ダーレー・ジャパン,アドマイヤムーン,ヘニーズソング,"Unbridled's Song",鹿毛,130415,   18.0,  ,    ,50.1
16,01,23,1,中京,3,07,未勝利,7,芝,0,1400,稍,ハトマークレディ  ,牝,3,藤岡康太,54.0,18,03,13,13,0,1.8,5,84.5,"1245",0,0,0,3,3,37.1,394,奥村豊,栗,0,13105084,01116,01146,0716130703,山田美喜男,社台牧場,ヨハネスブルグ,マンイーター,タイキシャトル,鹿毛,130302,   12.7,  ,    ,45.8
16,01,23,1,中京,3,07,未勝利,7,芝,0,1400,稍,ティノ            ,牝,3,丸山元気,54.0,18,04,5,5,0,0.7,9,83.4,"1234",0,0,0,11,12,35.2,394,坂口正則,栗,50,13105694,01127,00356,0716130704,ローレルレーシング,社台ファーム,キンシャサノキセキ,ライプオレンジ,ヘクタープロテクター,黒鹿,130409,   50.3,  ,    ,52.7
16,01,23,1,中京,3,07,未勝利,7,芝,0,1400,稍,クニサキゴメスタア,牝,3,鮫島克駿,52.0,18,05,7,7,0,0.7,10,83.4,"1234",0,0,0,17,17,34.9,456,西橋豊治,栗,0,13103846,01157,00434,0716130705,國島周夫,山田昇史,オレハマッテルゼ,タイキジャスパー,タイキシャトル,栗毛,130313,   56.2,  ,    ,54.2
16,01,23,1,中京,3,07,未勝利,7,芝,0,1400,稍,レーヌユニヴェール,牝,3,伴啓太,52.0,18,06,8,8,0,0.8,15,83.5,"1235",0,0,0,14,12,35.3,438,本間忍,美,0,13103389,01149,01056,0716130706,田中純一,杵臼牧場,タイキシャトル,ペプチドネオパレス,ネオユニヴァース,鹿毛,130403,  223.7,  ,    ,52.4
16,01,23,1,中京,3,07,未勝利,7,芝,0,1400,稍,ワンアフター      ,牡,3,国分恭介,56.0,18,07,1,1,0,-0.2,12,82.7,"1227",0,0,0,15,16,34.3,458,西村真幸,栗,500,13102399,01124,01148,0716130707,薪浦亨,土田農場,アドマイヤムーン,エキゾチックエレガンス,"Storm Cat",栗毛,130403,   82.8,  ,    ,55.8
16,01,23,1,中京,3,07,未勝利,7,芝,0,1400,稍,スリーミュージアム,牡,3,中谷雄太,56.0,18,08,11,11,0,1.4,8,84.1,"1241",0,0,0,8,5,36.5,420,柄崎孝,美,0,13103674,01038,00380,0716130708,永井商事,信岡牧場,オペラハウス,スズカミネルバ,フレンチデピュティ,鹿毛,130423,   42.1,  ,    ,47.8
16,01,23,1,中京,3,07,未勝利,7,芝,0,1400,稍,ビットロブスト    ,牡,3,森一馬,56.0,18,09,17,17,0,3.5,16,86.2,"1262",0,0,0,11,12,38,434,西村真幸,栗,0,13109114,01139,01148,0716130709,馬場祥晃,下河辺トレーニング,ジャングルポケット,シャーペンゴールド,Diesis,栗毛,130318,  290.2,  ,    ,45.1
16,01,23,1,中京,3,07,未勝利,7,芝,0,1400,稍,ピッツバーグ      ,牡,3,ヴェロン,56.0,18,10,2,2,0,0.2,2,82.9,"1229",0,0,0,6,5,35.2,490,矢作芳人,栗,200,13100677,05532,01075,0716130710,ディアレストクラブ,戸川牧場,ダノンシャンティ,メジロフランシス,カーネギー,鹿毛,130211,    3.0,  ,    ,51.6
16,01,23,1,中京,3,07,未勝利,7,芝,0,1400,稍,スーパーエメラルド,牝,3,宮崎北斗,54.0,18,11,15,15,0,2.4,18,85.1,"1251",0,0,0,10,9,37.1,404,栗田博憲,美,0,13100909,01118,00341,0716130711,岡田牧雄,豊洋牧場,タニノギムレット,カラーガード,スペシャルウィーク,鹿毛,130521,  331.2,  ,    ,47.0
16,01,23,1,中京,3,07,未勝利,7,芝,0,1400,稍,トウシンゼファー  ,牡,3,菱田裕二,56.0,18,12,6,6,0,0.7,11,83.4,"1234",0,0,0,18,17,34.8,488,佐々木晶,栗,0,13104453,01144,00429,0716130712,サトー,千代田牧場,クロフネ,グロリアスアーチ,サンデーサイレンス,鹿毛,130422,   56.9,  ,    ,54.7
16,01,23,1,中京,3,07,未勝利,7,芝,0,1400,稍,ヘッドストロング  ,牡,3,和田翼,55.0,18,13,16,16,0,2.7,14,85.4,"1254",0,0,0,1,1,38.3,514,本田優,栗,0,13104789,01146,01099,0716130713,フジワラ・ファーム,フジワラフアーム,クロフネ,ネフェルメモリー,アジュディケーティング,鹿毛,130304,  139.7,  ,    ,42.2
16,01,23,1,中京,3,07,未勝利,7,芝,0,1400,稍,チェイスダウン    ,牡,3,勝浦正樹,56.0,18,14,9,9,0,1,3,83.7,"1237",0,0,0,8,9,35.7,464,水野貴広,美,0,13103614,01025,01094,0716130714,畑佐博,富田牧場,アルデバラン2,ジニオマッジョーレ,フジキセキ,鹿毛,130307,   10.0,  ,    ,50.8
16,01,23,1,中京,3,07,未勝利,7,芝,0,1400,稍,ミスズスター      ,牡,3,加藤祥太,54.0,18,15,3,3,0,0.4,1,83.1,"1231",0,0,0,3,5,35.4,454,加藤敬二,栗,130,13102626,01156,00379,0716130715,永井啓弍,山際セントラルスタ,スクリーンヒーロー,フィールザミリオン,Aptitude,鹿毛,130418,    2.4,  ,    ,51.1
16,01,23,1,中京,3,07,未勝利,7,芝,0,1400,稍,オーミポルカ      ,牝,3,北村友一,54.0,18,16,10,10,0,1.2,6,83.9,"1239",0,0,0,2,2,36.6,468,作田誠二,栗,0,13102009,01102,01006,0716130716,岩崎僖澄,松木加代,キングヘイロー,パープルパンチ,マリエンバード,鹿毛,130406,   13.0,  ,    ,46.9
16,01,23,1,中京,3,07,未勝利,7,芝,0,1400,稍,タカイチモン      ,牝,3,城戸義政,52.0,18,17,4,4,0,0.5,4,83.2,"1232",0,0,0,3,4,35.7,424,田中章博,栗,75,13106467,01147,00413,0716130717,西本資史,川上牧場,マツリダゴッホ,サッサイア,ブライアンズタイム,青鹿,130325,   11.5,  ,    ,49.8
16,01,23,1,中京,3,07,未勝利,7,芝,0,1400,稍,ワンダフルアース  ,牝,3,木幡初也,51.0,18,18,18,18,0,3.9,17,86.6,"1266",0,0,0,6,8,38.8,440,和田正一,美,0,13102831,01153,01114,0716130718,スピードファーム,荻伏三好フアーム,グラスワンダー,カルチェラタン,トニービン,栗毛,130404,  290.9,  ,    ,42.4
16,01,23,1,中京,3,08,500万下,23,ダ,1,1900,稍,テイエムキュアオウ,牡,4,佐久間寛,56.0,14,01,14,14,0,6.3,12,127.5,"2075",0,10,9,12,13,42.9,492,柴田光陽,栗,0,12100369,01080,00400,0716130801,竹園正繼,タニグチ牧場,ディープスカイ,テイエムプリキュア,パラダイスクリーク,栗毛,120320,  101.6,  ,    ,41.0
16,01,23,1,中京,3,08,500万下,23,ダ,1,1900,稍,デルマカマイタチ  ,牡,6,宮崎北斗,57.0,14,02,12,12,0,3.2,10,124.4,"2044",0,13,13,4,7,40.7,508,堀井雅広,美,0,10100965,01118,00436,0716130802,浅沼廣幸,ファニーヒルファー,スリリングサンデー,アドマイヤアイリス,ジェイドロバリー,黒鹿,100328,   94.7,  ,    ,44.9
16,01,23,1,中京,3,08,500万下,23,ダ,1,1900,稍,エムオーハンター  ,牡,4,丹内祐次,56.0,14,03,13,13,0,6.2,9,127.4,"2074",0,3,4,10,13,43.1,498,黒岩陽一,美,0,12100874,01091,01133,0716130803,大浅貢,村田牧場,マヤノトップガン,アイレスバリーヒル,Woodman,栗毛,120523,   76.9,  ,    ,40.3
16,01,23,1,中京,3,08,500万下,23,ダ,1,1900,稍,ゲンパチケンザン  ,牡,5,勝浦正樹,57.0,14,04,2,2,0,0,7,121.2,"2012",0,7,7,7,6,37.2,516,萱野浩二,美,280,11101263,01025,01024,0716130804,平野武志,加野牧場,ゴールドアリュール,ブルーベルベット,フォーティナイナー,栗毛,110505,   17.7,  ,    ,54.2
16,01,23,1,中京,3,08,500万下,23,ダ,1,1900,稍,クラウンビュレット,牡,6,伴啓太,55.0,14,05,10,10,0,1.8,13,123,"2030",0,13,14,14,11,38.3,484,天間昭一,美,0,10103359,01149,01090,0716130805,矢野まり子,松田牧場,ブラックタイド,ファイヤーフレンチ,フレンチデピュティ,鹿毛,100211,  149.2,  ,    ,52.1
16,01,23,1,中京,3,08,500万下,23,ダ,1,1900,稍,チャオ            ,セ,5,杉原誠人,57.0,14,06,1,1,0,0,5,121.2,"2012",0,6,5,4,4,37.5,458,古賀慎明,美,700,11100348,01135,01079,0716130806,ヒダカ・ブリーダー,下河辺牧場,クロフネ,ツルマルハロー,アグネスデジタル,芦毛,110427,   11.4,  ,    ,53.0
16,01,23,1,中京,3,08,500万下,23,ダ,1,1900,稍,サトノバリアント  ,牡,5,ヴェロン,57.0,14,07,7,7,0,1.2,2,122.4,"2024",0,11,11,9,9,38.3,464,安田隆行,栗,0,11104456,05532,00438,0716130807,里見治,社台ファーム,キングカメハメハ,ミルフィオリ,サンデーサイレンス,鹿毛,110217,    4.3,  ,    ,51.3
16,01,23,1,中京,3,08,500万下,23,ダ,1,1900,稍,シーサイドバウンド,セ,5,菱田裕二,57.0,14,08,6,6,0,0.8,4,122,"2020",0,12,12,10,9,37.7,470,石坂正,栗,0,11103917,01144,01022,0716130808,サンデーレーシング,ノーザンファーム,"Big Brown",スターダムバウンド,Tapit,芦毛,110418,    8.5,  ,    ,53.2
16,01,23,1,中京,3,08,500万下,23,ダ,1,1900,稍,キングルアウ      ,牡,4,北村友一,56.0,14,09,5,5,0,0.7,6,121.9,"2019",0,3,5,4,4,38.3,498,奥村豊,栗,70,12104044,01102,01146,0716130809,社台レースホース,追分ファーム,キングカメハメハ,リュートフルシティ,ウォーエンブレム,鹿毛,120124,   15.1,  ,    ,50.7
16,01,23,1,中京,3,08,500万下,23,ダ,1,1900,稍,ラインフェルス    ,牡,4,丸山元気,56.0,14,10,4,4,0,0.5,1,121.7,"2017",0,1,1,1,1,38.4,484,斎藤誠,美,110,12101317,01127,01086,0716130810,村野康司,下河辺牧場,ワイルドラッシュ,インプレスゴールド,ブライアンズタイム,栗毛,120408,    2.4,  ,    ,50.1
16,01,23,1,中京,3,08,500万下,23,ダ,1,1900,稍,オーマイホース    ,牡,4,加藤祥太,54.0,14,11,11,11,0,2,11,123.2,"2032",0,7,7,7,7,39.2,472,清水英克,美,0,12103571,01156,01080,0716130811,高岡義雄,見上牧場,チチカステナンゴ,スナークエレガント,ダンスインザダーク,鹿毛,120314,   98.5,  ,    ,48.9
16,01,23,1,中京,3,08,500万下,23,ダ,1,1900,稍,コアプライド      ,牡,4,藤岡康太,56.0,14,12,3,3,0,0.1,3,121.3,"2013",0,2,2,2,2,37.9,510,和田正道,美,180,12100587,01116,00353,0716130812,前田幸治,ノースヒルズ,マンハッタンカフェ,グローリーブラッド,"Gone West",鹿毛,120308,    4.7,  ,    ,51.6
16,01,23,1,中京,3,08,500万下,23,ダ,1,1900,稍,リッカシェクル    ,セ,7,熊沢重文,57.0,14,13,9,9,0,1.5,14,122.7,"2027",0,9,9,12,12,38.2,416,武田博,栗,0,09104402,00652,00224,0716130813,立花幸雄,赤石久夫,スエヒロコマンダー,フレールドリラ,トニービン,鹿毛,090412,  187.6,  ,    ,52.1
16,01,23,1,中京,3,08,500万下,23,ダ,1,1900,稍,カシノカーム      ,牡,5,西田雄一,57.0,14,14,8,8,0,1.4,8,122.6,"2026",0,3,3,3,3,39.1,480,和田雄二,美,0,11109010,01004,01143,0716130814,柏木務,一山育成牧場,カーム,アトラスマーカー,アンバーシヤダイ,芦毛,110421,   74.6,  ,    ,48.6
16,01,23,1,中京,3,09,500万下,23,芝,0,1600,稍,モンテエベレスト  ,セ,6,吉田隼人,57.0,16,01,5,5,0,0.4,1,97,"1370",0,0,2,4,4,34.5,502,二ノ宮敬,美,70,10100451,01095,00409,0716130901,毛利喜昭,下河辺牧場,アグネスタキオン,ウィルダネスストーム,"Storm Cat",青鹿,100509,    3.0,  ,    ,58.7
16,01,23,1,中京,3,09,500万下,23,芝,0,1600,稍,ザハッピエスト    ,牝,4,ヴェロン,54.0,16,02,13,13,0,0.9,2,97.5,"1375",0,0,5,6,7,34.7,402,堀宣行,美,0,12104026,05532,01070,0716130902,吉田晴哉,追分ファーム,ディープインパクト,フェリシア,グラスワンダー,鹿毛,120126,    6.4,  ,    ,58.6
16,01,23,1,中京,3,09,500万下,23,芝,0,1600,稍,ダイワブレイディ  ,セ,6,伴啓太,55.0,16,03,6,6,0,0.5,4,97.1,"1371",0,0,5,6,5,34.5,508,菊沢隆徳,美,0,10103804,01149,01115,0716130903,大城敬三,社台ファーム,チチカステナンゴ,ダイワジェラート,フジキセキ,芦毛,100317,    8.1,  ,    ,58.9
16,01,23,1,中京,3,09,500万下,23,芝,0,1600,稍,イオラニ          ,セ,5,加藤祥太,55.0,16,04,8,8,0,0.5,9,97.1,"1371",0,0,16,16,16,33.7,486,栗田博憲,美,0,11101727,01156,00341,0716130904,ノルマンディーサラ,岡田スタツド,キングカメハメハ,オークルーム,ペンタイア,黒鹿,110414,   21.8,  ,    ,62.9
16,01,23,1,中京,3,09,500万下,23,芝,0,1600,稍,ファイナルブロー  ,牡,5,宮崎北斗,57.0,16,05,14,14,0,1.4,12,98,"1380",0,0,13,13,9,35.1,432,伊藤伸一,美,0,11105884,01118,01031,0716130905,ヒダカ・ブリーダー,辻牧場,カンパニー,アドマイヤパンチ,ワイルドラッシュ,鹿毛,110302,   61.0,  ,    ,57.5
16,01,23,1,中京,3,09,500万下,23,芝,0,1600,稍,ピエールドリュヌ  ,牝,5,鮫島克駿,53.0,16,06,3,3,0,0.2,3,96.8,"1368",0,0,8,11,13,33.6,482,佐々木晶,栗,180,11105824,01157,00429,0716130906,ヒダカ・ブリーダー,高村牧場,キングカメハメハ,ムーンザドリーム,ダンスインザダーク,黒鹿,110610,    6.5,  ,    ,62.9
16,01,23,1,中京,3,09,500万下,23,芝,0,1600,稍,オルロフ          ,牡,4,幸英明,56.0,16,07,12,12,0,0.9,6,97.5,"1375",0,0,10,9,9,34.6,522,鮫島一歩,栗,0,12100620,00732,01046,0716130907,寺田寿男,ノースヒルズ,スペシャルウィーク,ラビットフット,"Seeking the Gold",黒鹿,120225,   11.5,  ,    ,59.1
16,01,23,1,中京,3,09,500万下,23,芝,0,1600,稍,トスカニーニ      ,牡,6,岡田祥嗣,57.0,16,08,9,9,0,0.7,15,97.3,"1373",0,0,10,12,11,34.2,462,笹田和秀,栗,0,10100151,05429,01104,0716130908,田所英子,天羽牧場,シンボリクリスエス,ギルティーコンシェンス,Entrepreneur,鹿毛,100302,  185.6,  ,    ,60.7
16,01,23,1,中京,3,09,500万下,23,芝,0,1600,稍,バイオレットムーン,牡,6,畑端省吾,57.0,16,09,16,16,0,1.9,16,98.5,"1385",0,0,1,1,1,36.3,526,服部利之,栗,0,10100280,01057,01040,0716130909,池田實,沖田牧場,リンカーン,アスカ,アフリート,栗毛,100311,  235.9,  ,    ,52.8
16,01,23,1,中京,3,09,500万下,23,芝,0,1600,稍,スズトラッド      ,牡,5,中井裕二,57.0,16,10,11,11,0,0.8,14,97.4,"1374",0,0,2,2,2,35.1,490,高橋裕,美,0,11101594,01141,00412,0716130910,森達郎,山際セントラルスタ,ヨハネスブルグ,グラスレビン,ブライアンズタイム,鹿毛,110407,  108.3,  ,    ,56.5
16,01,23,1,中京,3,09,500万下,23,芝,0,1600,稍,テイエムジョウネツ,牝,4,竹之下智,54.0,16,11,15,15,0,1.8,13,98.4,"1384",0,0,12,13,14,35.1,430,木原一良,栗,0,12100801,01036,01033,0716130911,竹園正繼,松浦牧場,ステイゴールド,モーニングタイド,"Seeking the Gold",黒鹿,120513,   86.0,  ,    ,58.2
16,01,23,1,中京,3,09,500万下,23,芝,0,1600,稍,ドルメロ          ,牡,4,北村友一,56.0,16,12,2,2,0,0.1,7,96.7,"1367",0,0,2,4,5,34.1,462,尾関知人,美,280,12105331,01102,01103,0716130912,NICKS,高村牧場,エンパイアメーカー,チェリーエンジェル,フジキセキ,黒鹿,120430,   13.5,  ,    ,60.1
16,01,23,1,中京,3,09,500万下,23,芝,0,1600,稍,シークレットベース,牝,8,勝浦正樹,55.0,16,13,4,4,0,0.2,10,96.8,"1368",0,0,7,6,7,34,448,和田正一,美,110,08105203,01025,01114,0716130913,山口春夫,旭牧場,テレグノシス,アペイロン,エルコンドルパサー,鹿毛,080302,   22.5,  ,    ,60.8
16,01,23,1,中京,3,09,500万下,23,芝,0,1600,稍,シュヴァリエ      ,牝,5,菱田裕二,55.0,16,14,1,1,0,-0.1,11,96.6,"1366",0,0,8,2,2,34.2,458,山内研二,栗,700,11101881,01144,00388,0716130914,ノルマンディーサラ,カントリー牧場,フレンチデピュティ,タニノカリス,ジェネラス,栗毛,110321,   23.0,  ,    ,59.5
16,01,23,1,中京,3,09,500万下,23,芝,0,1600,稍,フォーワンタイキ  ,牡,4,松田大作,56.0,16,15,10,10,0,0.7,5,97.3,"1373",0,0,13,13,14,34,464,石毛善彦,美,0,12102188,01030,00428,0716130915,川島与市,猪野毛牧場,アルデバラン2,ウインクルディール,ブライアンズタイム,栗毛,120423,   10.8,  ,    ,61.7
16,01,23,1,中京,3,09,500万下,23,芝,0,1600,稍,スカーレットデビル,牡,4,丸山元気,56.0,16,16,7,7,0,0.5,8,97.1,"1371",0,0,13,9,11,34,472,金成貴史,美,0,12104263,01127,01132,0716130916,片山晃,社台ファーム,ハービンジャー,スペシャルリボン,スペシャルウィーク,鹿毛,120321,   18.1,  ,    ,61.4
16,01,23,1,中京,3,10,なずな賞500*,23,芝,0,1400,稍,ハートイズハート  ,牡,3,松田大作,56.0,15,01,8,8,0,0.9,8,82.9,"1229",0,0,0,2,2,36.8,464,中野栄治,美,0,13106425,01030,01010,0716131001,北村和江,高橋啓,アンライバルド,タオルミーナ,タイキシャトル,栗毛,130214,   18.7,  ,    ,44.0
16,01,23,1,中京,3,10,なずな賞500*,23,芝,0,1400,稍,レッドカーペット  ,牡,3,川須栄彦,56.0,15,02,9,9,0,1.3,2,83.3,"1233",0,0,0,5,4,36.6,510,高野友和,栗,0,13105962,01128,01117,0716131002,泉新キャピタル,ノーザンファーム,ダノンシャンティ,タペストリー,"Fusaichi Pegasus",栗毛,130507,    4.0,  ,    ,45.7
16,01,23,1,中京,3,10,なずな賞500*,23,芝,0,1400,稍,ウメマツサクラ    ,牝,3,国分恭介,54.0,15,03,2,2,0,0.4,7,82.4,"1224",0,0,0,1,1,36.3,450,森田直行,栗,360,13100689,01124,01142,0716131003,木村信彦,道見牧場,ゴールドヘイロー,マルタカウィーラ,アレミロード,鹿毛,130324,   15.6,  ,    ,45.2
16,01,23,1,中京,3,10,なずな賞500*,23,芝,0,1400,稍,キンシロケット    ,牡,3,鮫島克駿,56.0,15,04,7,7,0,0.8,14,82.8,"1228",0,0,0,5,4,36.1,474,浅見秀一,栗,0,13100658,01157,00411,0716131004,若草クラブ,千葉飯田牧場,ジャングルポケット,ビオジオズベイビー,"Belong to Me",鹿毛,130217,   58.4,  ,    ,47.0
16,01,23,1,中京,3,10,なずな賞500*,23,芝,0,1400,稍,クラウンスカイ    ,牡,3,横山和生,56.0,15,05,3,3,0,0.6,10,82.6,"1226",0,0,0,9,8,35.6,448,小野次郎,美,220,13101866,01140,01125,0716131005,クラウン,ヒカル牧場,メイショウボーラー,アオゾラ,ムーンバラッド,青鹿,130402,   46.8,  ,    ,49.0
16,01,23,1,中京,3,10,なずな賞500*,23,芝,0,1400,稍,マイネルパッセ    ,牡,3,丹内祐次,56.0,15,06,14,14,0,2.4,11,84.4,"1244",0,0,0,3,3,37.9,450,萱野浩二,美,0,13101901,01091,01024,0716131006,サラブレッドクラブ,ビッグレッドファー,ダノンシャンティ,コスモクラッベ,マイネルラヴ,栗毛,130320,   50.8,  ,    ,42.0
16,01,23,1,中京,3,10,なずな賞500*,23,芝,0,1400,稍,サクレメジャー    ,牡,3,松山弘平,56.0,15,07,4,4,0,0.7,13,82.7,"1227",0,0,0,10,10,35.5,518,村山明,栗,130,13105670,01126,01107,0716131007,K.S.ヤップ,社台コーポレーショ,ダイワメジャー,ミセススノー,Singspiel,栗毛,130109,   56.3,  ,    ,49.7
16,01,23,1,中京,3,10,なずな賞500*,23,芝,0,1400,稍,ショウナンアヴィド,牡,3,藤岡康太,56.0,15,08,13,13,0,2.1,1,84.1,"1241",0,0,0,4,4,37.5,482,須貝尚介,栗,0,13100724,01116,01105,0716131008,湘南,中原牧場,ゼンノロブロイ,ショウナンサリーレ,キャプテンスティーヴ,青鹿,130320,    2.6,  ,    ,43.2
16,01,23,1,中京,3,10,なずな賞500*,23,芝,0,1400,稍,クライシス        ,牡,3,幸英明,56.0,15,09,10,10,0,1.4,4,83.4,"1234",0,0,0,7,7,36.5,484,鮫島一歩,栗,0,13101817,00732,01046,0716131009,前田幸治,ノースヒルズ,ネオユニヴァース,スウィートデジャヴ,"Seeking the Gold",鹿毛,130428,    9.8,  ,    ,46.4
16,01,23,1,中京,3,10,なずな賞500*,23,芝,0,1400,稍,フェイス          ,牡,3,ヴェロン,56.0,15,10,15,15,0,2.9,9,84.9,"1249",0,0,0,10,11,37.6,480,安田隆行,栗,0,13100425,05532,00438,0716131010,金子真人ホールディ,白井牧場,アドマイヤムーン,チリエージェ,サクラバクシンオー,栗毛,130228,   26.4,  ,    ,44.3
16,01,23,1,中京,3,10,なずな賞500*,23,芝,0,1400,稍,バーバリライオン  ,牡,3,丸山元気,56.0,15,11,11,11,0,1.6,15,83.6,"1236",0,0,0,13,13,36,470,根本康広,美,0,13100170,01127,01029,0716131011,村山忠弘,カネツ牧場,オンファイア,アポロカリビアン,ブライアンズタイム,鹿毛,130424,  161.2,  ,    ,49.2
16,01,23,1,中京,3,10,なずな賞500*,23,芝,0,1400,稍,フリームーヴメント,牡,3,菱田裕二,56.0,15,12,6,6,0,0.8,3,82.8,"1228",0,0,0,14,14,35.1,444,宗像義忠,美,0,13106293,01144,00420,0716131012,ディアレストクラブ,三嶋牧場,ドリームジャーニー,コイクレナイ,タイキシャトル,栗毛,130422,    8.5,  ,    ,51.9
16,01,23,1,中京,3,10,なずな賞500*,23,芝,0,1400,稍,ペイシャフェリシタ,牝,3,吉田隼人,54.0,15,13,1,1,0,-0.4,6,82,"1220",0,0,0,12,11,34.7,474,高木登,美,890,13104606,01095,01088,0716131013,北所直人,友田牧場,ハーツクライ,プレザントケイプ,"Cape Cross",黒鹿,130310,   13.8,  ,    ,52.2
16,01,23,1,中京,3,10,なずな賞500*,23,芝,0,1400,稍,ウォーターミリオン,牡,3,武幸四郎,56.0,15,14,12,12,0,2,12,84,"1240",0,0,0,14,14,36.3,436,田所秀孝,栗,0,13101028,01026,01009,0716131014,山岡正人,山際辰夫,ハーツクライ,セーフアズロック,"Rock of Gibraltar",栗毛,130320,   54.9,  ,    ,48.6
16,01,23,1,中京,3,10,なずな賞500*,23,芝,0,1400,稍,リッジマン        ,牡,3,加藤祥太,56.0,15,15,5,5,0,0.8,5,82.8,"1228",0,0,0,7,8,35.8,434,庄野靖志,栗,89,13103569,01156,01087,0716131015,辻牧場,辻牧場,スウェプトオーヴァーボード,アドマイヤモンロー,Caerleon,鹿毛,130525,   12.4,  ,    ,48.5
16,01,23,1,中京,3,11,中京スポ1000,43,ダ,1,1900,稍,オーサムレジェンド,牡,4,松田大作,56.0,14,01,3,3,0,0.5,2,120.9,"2009",0,3,3,4,4,38.3,504,藤原英昭,栗,350,12104337,01030,01055,0716131101,社台レースホース,社台ファーム,ゼンノロブロイ,パーソナルレジェンド,"Awesome Again",栗毛,120301,    3.9,  ,    ,49.5
16,01,23,1,中京,3,11,中京スポ1000,43,ダ,1,1900,稍,ヤマカツポセイドン,牡,7,国分恭介,57.0,14,02,5,5,0,0.8,7,121.2,"2012",0,14,14,13,13,37.7,478,大根田裕,栗,140,09103439,01124,01032,0716131102,山田和夫,カタオカフアーム,アドマイヤボス,サッカータイカン,サツカーボーイ,黒鹿,090404,   16.0,  ,    ,52.2
16,01,23,1,中京,3,11,中京スポ1000,43,ダ,1,1900,稍,マッシヴヒーロー  ,牡,7,和田翼,57.0,14,03,7,7,0,1.1,6,121.5,"2015",0,6,8,7,5,38.6,468,大橋勇樹,栗,0,09104540,01146,01065,0716131103,小川勲,カミイスタット,ゼンノロブロイ,トロピカルフラワー,サクラバクシンオー,鹿毛,090409,   12.0,  ,    ,49.1
16,01,23,1,中京,3,11,中京スポ1000,43,ダ,1,1900,稍,ルアノヴァ        ,牝,5,田中博康,55.0,14,04,11,11,0,1.4,13,121.8,"2018",0,13,13,13,13,38.3,416,鮫島一歩,栗,0,11105118,01104,01046,0716131104,ノースヒルズ,ノースヒルズ,ワイルドラッシュ,ルアシェイア,フジキセキ,鹿毛,110302,   86.1,  ,    ,50.6
16,01,23,1,中京,3,11,中京スポ1000,43,ダ,1,1900,稍,ショウリノウタゲ  ,牝,6,吉田隼人,55.0,14,05,10,10,0,1.3,10,121.7,"2017",0,9,9,10,10,38.6,520,藤原辰雄,美,0,10100331,01095,00435,0716131105,平井裕,川端正博,プリサイスエンド,ワンアンドオール,Arch,鹿毛,100430,   32.9,  ,    ,49.4
16,01,23,1,中京,3,11,中京スポ1000,43,ダ,1,1900,稍,スマートラファエル,牡,7,ヴェロン,57.0,14,06,2,2,0,0,1,120.4,"2004",0,6,5,7,5,37.6,478,松田国英,栗,560,09106306,05532,01011,0716131106,大川徹,ノーザンファーム,キングカメハメハ,フラッシュウェーブ,サンデーサイレンス,黒鹿,090504,    3.6,  ,    ,51.6
16,01,23,1,中京,3,11,中京スポ1000,43,ダ,1,1900,稍,デビルズハーツ    ,牡,6,中谷雄太,57.0,14,07,1,1,0,0,8,120.4,"2004",0,10,10,10,9,37.3,486,昆貢,栗,1400,10104967,01038,01044,0716131107,安原浩司,辻牧場,ハーツクライ,セルリアンブルー,コマンダーインチーフ,鹿毛,100429,   17.5,  ,    ,52.8
16,01,23,1,中京,3,11,中京スポ1000,43,ダ,1,1900,稍,クラウディオス    ,セ,6,菱田裕二,57.0,14,08,14,14,0,1.6,9,122,"2020",0,6,5,6,8,39.3,492,石坂正,栗,0,10104068,01144,01022,0716131108,シルクレーシング,ノーザンファーム,ネオユニヴァース,オーバーザウォール,ドクターデヴィアス,栗毛,100306,   20.9,  ,    ,47.1
16,01,23,1,中京,3,11,中京スポ1000,43,ダ,1,1900,稍,ヤマカツティラノ  ,牡,7,藤岡康太,57.0,14,09,12,12,0,1.5,14,121.9,"2019",0,12,10,9,10,38.9,492,高橋康之,栗,0,09103381,01116,01135,0716131109,山田和夫,岡田牧場,マヤノトップガン,ステイトネラ,アスワン,鹿毛,090309,  124.3,  ,    ,48.5
16,01,23,1,中京,3,11,中京スポ1000,43,ダ,1,1900,稍,シンクヴェトリル  ,牡,7,川須栄彦,57.0,14,10,9,9,0,1.2,12,121.6,"2016",0,1,1,1,1,39.5,564,和田正道,美,0,09110051,01128,00353,0716131110,ノースヒルズ,"Boyd Browning","Master Command","State Cup","Elusive Quality",鹿毛,090207,   51.3,  ,    ,45.9
16,01,23,1,中京,3,11,中京スポ1000,43,ダ,1,1900,稍,フジインザスカイ  ,牝,5,丸山元気,55.0,14,11,8,8,0,1.1,11,121.5,"2015",0,5,5,4,5,38.9,460,荒川義之,栗,0,11103176,01127,01095,0716131111,藤澤眞佐子,高昭牧場,ディープスカイ,ホーマンキュート,ジョリーズヘイロー,鹿毛,110212,   38.6,  ,    ,48.0
16,01,23,1,中京,3,11,中京スポ1000,43,ダ,1,1900,稍,ヒムカ            ,牝,5,幸英明,55.0,14,12,4,4,0,0.5,4,120.9,"2009",0,11,12,12,12,37.7,508,高木登,美,210,11104347,00732,01088,0716131112,G1レーシング,社台ファーム,ゴールドアリュール,ハートサムデイ,ティンバーカントリー,栗毛,110514,    7.4,  ,    ,51.9
16,01,23,1,中京,3,11,中京スポ1000,43,ダ,1,1900,稍,ハーストイーグル  ,牡,6,勝浦正樹,57.0,14,13,6,6,0,1.1,5,121.5,"2015",0,2,2,2,2,39.2,510,粕谷昌央,美,0,10104918,01025,01096,0716131113,高瀬真尚,谷川牧場,ゼンノロブロイ,キャニオンジュノー,Dehere,鹿毛,100302,   10.8,  ,    ,46.9
16,01,23,1,中京,3,11,中京スポ1000,43,ダ,1,1900,稍,ビーチブレイブ    ,牡,6,松山弘平,57.0,14,14,13,13,0,1.6,3,122,"2020",0,3,3,3,3,39.6,504,今野貞一,栗,0,10103870,01126,01128,0716131114,谷掛龍夫,社台ファーム,ハーツクライ,ビーチフラッグ,Boundary,芦毛,100222,    6.6,  ,    ,46.0
16,01,23,1,中京,3,12,西尾特別500,23,芝,0,2000,稍,クィーンチャーム  ,牝,4,藤岡康太,54.0,14,01,7,7,0,0.3,6,122.5,"2025",0,12,12,12,11,35.1,436,池江泰寿,栗,0,12103980,01116,01071,0716131201,サンデーレーシング,追分ファーム,キングカメハメハ,オリエントチャーム,サンデーサイレンス,黒鹿,120223,   10.6,  ,    ,56.7
16,01,23,1,中京,3,12,西尾特別500,23,芝,0,2000,稍,ティックルゴールド,牝,5,勝浦正樹,55.0,14,02,5,5,0,0.2,3,122.4,"2024",0,8,6,4,2,36.2,456,田島俊明,美,95,11103636,01025,01112,0716131202,シルクレーシング,社台コーポレーショ,ステイゴールド,ティックルピンク,フレンチデピュティ,鹿毛,110405,    5.7,  ,    ,52.1
16,01,23,1,中京,3,12,西尾特別500,23,芝,0,2000,稍,スペランツァデーア,牝,5,菱田裕二,55.0,14,03,9,9,0,0.4,7,122.6,"2026",0,10,10,10,9,35.4,448,牧田和弥,栗,0,11104170,01144,01123,0716131203,吉田照哉,社台ファーム,マンハッタンカフェ,ウェイクアップマギー,Xaar,黒鹿,110321,   15.7,  ,    ,55.6
16,01,23,1,中京,3,12,西尾特別500,23,芝,0,2000,稍,サトノシャルマン  ,牝,4,松田大作,54.0,14,04,6,6,0,0.2,1,122.4,"2024",0,5,5,4,6,35.8,480,藤原英昭,栗,0,12104222,01030,01055,0716131204,サトミホースカンパ,社台ファーム,ディープインパクト,サクラサク2,デインヒル,鹿毛,120207,    3.9,  ,    ,53.7
16,01,23,1,中京,3,12,西尾特別500,23,芝,0,2000,稍,ベルメール        ,牝,4,丸山元気,54.0,14,05,14,14,0,2.5,9,124.7,"2047",0,4,4,4,5,38.2,508,水野貴広,美,0,12100779,01127,01094,0716131205,畑佐博,細川農場,ハーツクライ,エンドレスウェルズ,エンドスウィープ,鹿毛,120212,   25.0,  ,    ,47.0
16,01,23,1,中京,3,12,西尾特別500,23,芝,0,2000,稍,アドマイヤアロマ  ,牝,5,北村友一,55.0,14,06,10,10,0,0.9,12,123.1,"2031",0,14,13,14,14,35.3,442,中尾秀正,栗,0,11104013,01102,01069,0716131206,近藤利一,ノーザンファーム,ネオユニヴァース,ピンクプルメリア,Caerleon,栗毛,110323,   45.6,  ,    ,56.6
16,01,23,1,中京,3,12,西尾特別500,23,芝,0,2000,稍,アプリコットベリー,牝,4,松山弘平,54.0,14,07,11,11,0,1,8,123.2,"2032",0,13,13,13,13,35.7,400,大久保龍,栗,0,12104078,01126,01058,0716131207,キャロットファーム,社台コーポレーショ,ステイゴールド,フィックルベリー,Cryptoclearance,青鹿,120505,   15.9,  ,    ,55.0
16,01,23,1,中京,3,12,西尾特別500,23,芝,0,2000,稍,ミューラルクラウン,牝,5,吉田隼人,55.0,14,08,12,12,0,1.7,13,123.9,"2039",0,7,8,8,7,37.2,476,和田正一,美,0,11104221,01095,01114,0716131208,グリーンファーム,社台ファーム,ホワイトマズル,クラウンプリンセス,スペシャルウィーク,青鹿,110316,   93.4,  ,    ,49.9
16,01,23,1,中京,3,12,西尾特別500,23,芝,0,2000,稍,センセーション    ,牝,5,ヴェロン,55.0,14,09,13,13,0,2,2,124.2,"2042",0,2,2,2,2,38,480,矢作芳人,栗,0,11100018,05532,01075,0716131209,田所英子,天羽牧場,ゼンノロブロイ,マシュール,"Giant's Causeway",鹿毛,110612,    5.4,  ,    ,47.2
16,01,23,1,中京,3,12,西尾特別500,23,芝,0,2000,稍,アンジュドボヌール,牝,5,加藤祥太,55.0,14,10,1,1,0,-0.1,14,122.2,"2022",0,3,3,3,2,35.9,498,伊藤大士,美,950,11100229,01156,01109,0716131210,杉山忠国,グッドラック・ファ,タイキシャトル,ハタノプリエ,ブライアンズタイム,栗毛,110503,   97.5,  ,    ,53.0
16,01,23,1,中京,3,12,西尾特別500,23,芝,0,2000,稍,マラムデール      ,牝,5,鮫島克駿,55.0,14,11,8,8,0,0.3,5,122.5,"2025",0,8,9,9,9,35.4,448,松田国英,栗,0,11104022,01157,01011,0716131211,サンデーレーシング,ノーザンファーム,フレンチデピュティ,フサイチエアデール,サンデーサイレンス,栗毛,110226,    8.5,  ,    ,55.4
16,01,23,1,中京,3,12,西尾特別500,23,芝,0,2000,稍,リッチガール      ,牝,4,幸英明,54.0,14,12,2,2,0,0.1,4,122.3,"2023",0,10,11,11,11,34.9,460,木原一良,栗,380,12104067,00732,01033,0716131212,吉田和子,社台コーポレーショ,ハーツクライ,ゴットザビート,フレンチデピュティ,栗毛,120229,    6.6,  ,    ,57.3
16,01,23,1,中京,3,12,西尾特別500,23,芝,0,2000,稍,ゴールドエッセンス,牝,4,川須栄彦,54.0,14,13,4,4,0,0.2,10,122.4,"2024",0,6,6,7,7,35.7,416,友道康夫,栗,140,12104748,01128,01061,0716131213,吉田勝己,ノーザンファーム,キングカメハメハ,ドバイマジェスティ,"Essence of Dubai",鹿毛,120414,   25.3,  ,    ,54.1
16,01,23,1,中京,3,12,西尾特別500,23,芝,0,2000,稍,テイエムフタエマル,牝,4,和田翼,54.0,14,14,3,3,0,0.1,11,122.3,"2023",0,1,1,1,1,36.4,464,岩元市三,栗,240,12100991,01146,00397,0716131214,竹園正繼,アイズスタッド,サムライハート,マイネフューチャー,コマンダーインチーフ,鹿毛,120405,   32.1,  ,    ,51.1
16,01,24,1,中京,4,01,未勝利・牝,7,ダ,1,1800,良,サムシングフレア  ,牝,3,加藤祥太,52.0,16,01,1,1,0,-0.4,11,119.1,"1591",0,3,4,7,6,41.1,482,松山将樹,美,500,13101632,01156,01100,0716140101,阿部善武,対馬正,メイショウサムソン,シルクヴァルキリー,マーベラスサンデー,鹿毛,130210,   82.5,  ,    ,44.9
16,01,24,1,中京,4,01,未勝利・牝,7,ダ,1,1800,良,ヤッパリエンカデス,牝,3,伴啓太,52.0,16,02,13,13,0,4,16,123.1,"2031",0,13,14,15,16,44.1,440,粕谷昌央,美,0,13103402,01149,01096,0716140102,小田切有一,木村牧場,オレハマッテルゼ,シキノイロドリ,アフリート,栗毛,130329,  364.8,  ,    ,39.6
16,01,24,1,中京,4,01,未勝利・牝,7,ダ,1,1800,良,クリスタルキャノン,牝,3,内田博幸,54.0,16,03,4,4,0,1.6,5,120.7,"2007",0,9,9,7,6,42.6,454,高橋義忠,栗,75,13104481,00422,01129,0716140103,飯田正剛,千代田牧場,クロフネ,ダイワジャンヌ,タニノギムレット,芦毛,130421,   27.4,  ,    ,41.7
16,01,24,1,中京,4,01,未勝利・牝,7,ダ,1,1800,良,ラチェット        ,牝,3,丸山元気,54.0,16,04,7,7,0,2,3,121.1,"2011",0,1,1,4,4,43.4,456,和田雄二,美,0,13104001,01127,01143,0716140104,荻伏服部牧場,岡田スタツド,フレンチデピュティ,ライフブリーズ,ステイゴールド,栗毛,130215,   10.9,  ,    ,39.5
16,01,24,1,中京,4,01,未勝利・牝,7,ダ,1,1800,良,ナガラダンサー    ,牝,3,中谷雄太,54.0,16,05,12,12,0,3.6,13,122.7,"2027",0,9,9,7,6,44.6,414,田中章博,栗,0,13102817,01038,00413,0716140105,長良レーシングクラ,大島牧場,ナカヤマフェスタ,オオシマセリーヌ,トワイニング,栗毛,130507,  119.6,  ,    ,37.6
16,01,24,1,中京,4,01,未勝利・牝,7,ダ,1,1800,良,ラタンドレス      ,牝,3,松若風馬,54.0,16,06,2,2,0,0.4,7,119.5,"1595",0,16,14,10,10,41.1,462,山内研二,栗,200,13103963,01154,00388,0716140106,ノルマンディーサラ,岡田スタツド,エンパイアメーカー,タニノカリス,ジェネラス,鹿毛,130302,   31.3,  ,    ,45.4
16,01,24,1,中京,4,01,未勝利・牝,7,ダ,1,1800,良,シゲルコブダイ    ,牝,3,太宰啓介,54.0,16,07,5,5,0,1.7,14,120.8,"2008",0,13,13,10,11,42.5,428,伊藤正徳,美,50,13105065,01037,00383,0716140107,森中蕃,サイファーム,オペラハウス,アミューズ,ウインマーベラス,鹿毛,130324,  174.5,  ,    ,42.1
16,01,24,1,中京,4,01,未勝利・牝,7,ダ,1,1800,良,ヒデノホープ      ,牝,3,幸英明,54.0,16,08,3,3,0,0.8,6,119.9,"1599",0,13,14,12,12,41.3,402,佐藤正雄,栗,130,13106426,00732,01025,0716140108,大石秀夫,グラストレーニング,バトルプラン,アイレンベルク,ゴールドヘイロー,鹿毛,130424,   31.2,  ,    ,45.2
16,01,24,1,中京,4,01,未勝利・牝,7,ダ,1,1800,良,クリノエディンバラ,牝,3,北村友一,54.0,16,09,8,8,0,2.4,10,121.5,"2015",0,5,5,4,4,43.7,442,作田誠二,栗,0,13102258,01102,01006,0716140109,栗本博晴,加野牧場,ダンスインザダーク,ディーズハイビガー,アグネスデジタル,鹿毛,130508,   79.1,  ,    ,39.0
16,01,24,1,中京,4,01,未勝利・牝,7,ダ,1,1800,良,アルセナーレ      ,牝,3,勝浦正樹,54.0,16,10,15,15,0,15.2,2,134.3,"2143",0,2,3,1,2,56.9,508,新開幸一,美,0,13102296,01025,01116,0716140110,ロードホースクラブ,ケイアイファーム,クロフネ,エアジュリアード,スペシャルウィーク,鹿毛,130315,    2.8,  ,    ,18.0
16,01,24,1,中京,4,01,未勝利・牝,7,ダ,1,1800,良,マーキークラブ    ,牝,3,浜中俊,54.0,16,11,0,0,4,999.9,1,0,"----",0,3,2,2,1,0,540,藤岡健一,栗,0,13106028,01115,01062,0716140111,市川義美ホールディ,ノーザンファーム,クロフネ,ピサノグラフ,サンデーサイレンス,芦毛,130405,    1.8,  ,    , 0.0
16,01,24,1,中京,4,01,未勝利・牝,7,ダ,1,1800,良,インフィニティラヴ,牝,3,岩田康誠,54.0,16,12,14,14,0,10.6,4,129.7,"2097",0,7,7,12,14,51.1,464,矢作芳人,栗,0,13103018,05203,01075,0716140112,キャロットファーム,高岸順一,ファルブラヴ,スターリットラヴ,スペシャルウィーク,黒鹿,130422,   21.5,  ,    ,26.9
16,01,24,1,中京,4,01,未勝利・牝,7,ダ,1,1800,良,アツコ            ,牝,3,田辺裕信,54.0,16,13,6,6,0,1.9,8,121,"2010",0,7,7,3,3,43.4,482,尾関知人,美,0,13100913,01075,01103,0716140113,由井健太郎,豊洋牧場,ワークフォース,シックファイター,ヘクタープロテクター,鹿毛,130327,   34.7,  ,    ,39.4
16,01,24,1,中京,4,01,未勝利・牝,7,ダ,1,1800,良,リリースタイル    ,牝,3,鮫島克駿,52.0,16,14,9,9,0,3,12,122.1,"2021",0,12,11,12,13,43.5,458,加用正,栗,0,13105011,01157,00425,0716140114,阿部榮乃進,阿部栄乃進,マンハッタンカフェ,ファイナルリリー,ロージズインメイ,鹿毛,130424,  105.2,  ,    ,40.3
16,01,24,1,中京,4,01,未勝利・牝,7,ダ,1,1800,良,コイウラナイ      ,牝,3,木幡初也,51.0,16,15,10,10,0,3.2,15,122.3,"2023",0,9,11,15,14,43.3,498,矢野英一,美,0,13104457,01153,01108,0716140115,飯田良枝,千代田牧場,フレンチデピュティ,コパノオマモリ,エリシオ,鹿毛,130411,  310.5,  ,    ,41.2
16,01,24,1,中京,4,01,未勝利・牝,7,ダ,1,1800,良,グローリアスロウラ,牝,3,吉田隼人,54.0,16,16,11,11,0,3.3,9,122.4,"2024",0,5,5,4,6,44.7,504,牧光二,美,0,13101278,01095,01106,0716140116,日下部勝徳,石田牧場,アサクサキングス,シルクアピール,フォーティナイナー,鹿毛,130425,   34.8,  ,    ,36.9
16,01,24,1,中京,4,02,未勝利,7,ダ,1,1900,良,ヤサカブレイブ    ,牡,3,的場勇人,56.0,14,01,7,7,0,1.6,9,126.2,"2062",0,10,10,9,9,40.4,472,水野貴広,美,0,13100817,01108,01094,0716140201,志邑宣彦,日高大洋牧場,ジャングルポケット,シャルマンダー,Dehere,芦毛,130520,   75.8,  ,    ,48.0
16,01,24,1,中京,4,02,未勝利,7,ダ,1,1900,良,シゲルトゲフグ    ,牡,3,大庭和弥,56.0,14,02,12,12,0,4.6,13,129.2,"2092",0,13,13,13,13,41.4,452,蛯名利弘,美,0,13104929,01061,01131,0716140202,森中蕃,田湯牧場,オレハマッテルゼ,ダンスドゥフォコン,"Sadler's Wells",栗毛,130425,  172.2,  ,    ,47.9
16,01,24,1,中京,4,02,未勝利,7,ダ,1,1900,良,ヤマノダイオー    ,牡,3,加藤祥太,54.0,14,03,13,13,0,6.1,7,130.7,"2107",0,7,8,10,11,44.4,534,崎山博樹,栗,0,13100163,01156,00365,0716140203,澤村敏雄,オリオンファーム,マンハッタンカフェ,カーリア,"Carson City",鹿毛,130206,   57.4,  ,    ,39.7
16,01,24,1,中京,4,02,未勝利,7,ダ,1,1900,良,デルマスギサク    ,牡,3,西田雄一,56.0,14,04,14,14,0,6.6,12,131.2,"2112",0,10,11,11,11,44.5,410,堀井雅広,美,0,13105441,01004,00436,0716140204,浅沼廣幸,社台ファーム,キャプテントゥーレ,クイーンソネット,ノーザンテースト,栗毛,130413,  143.9,  ,    ,39.9
16,01,24,1,中京,4,02,未勝利,7,ダ,1,1900,良,ディト            ,牡,3,中谷雄太,56.0,14,05,10,10,0,3.4,6,128,"2080",0,5,5,5,5,43.1,478,矢作芳人,栗,0,13101812,01038,01075,0716140205,ノースヒルズ,ノースヒルズ,マンハッタンカフェ,ザナ,Galileo,黒鹿,130303,   40.6,  ,    ,40.9
16,01,24,1,中京,4,02,未勝利,7,ダ,1,1900,良,サムライフォンテン,牡,3,松田大作,56.0,14,06,4,4,0,0.9,11,125.5,"2055",0,12,12,11,10,38.8,470,石毛善彦,美,75,13105125,01030,00428,0716140206,吉橋興生,登別上水牧場,サムライハート,ヨーカンドパリ,ティンバーカントリー,黒鹿,130327,  132.6,  ,    ,53.1
16,01,24,1,中京,4,02,未勝利,7,ダ,1,1900,良,タマモベルガモ    ,牡,3,鮫島克駿,54.0,14,07,5,5,0,1.3,10,125.9,"2059",0,9,9,8,8,40.4,474,川村禎彦,栗,50,13101248,01157,01003,0716140207,タマモ,アサヒ牧場,クロフネ,マキノチーフ,チーフベアハート,栗毛,130325,  105.6,  ,    ,47.7
16,01,24,1,中京,4,02,未勝利,7,ダ,1,1900,良,サンマルクラウン  ,牡,3,太宰啓介,56.0,14,08,3,3,0,0.9,8,125.5,"2055",0,6,6,5,5,40.6,480,大橋勇樹,栗,130,13106256,01037,01065,0716140208,相馬勇,田端牧場,ディープスカイ,サンマルアンサー,リンドシェーバー,鹿毛,130314,   70.4,  ,    ,46.5
16,01,24,1,中京,4,02,未勝利,7,ダ,1,1900,良,ディアクーシー    ,牡,3,岩田康誠,56.0,14,09,1,1,0,0,1,124.6,"2046",0,2,2,2,1,40.2,510,斎藤誠,美,500,13105426,05203,01086,0716140209,ディアレストクラブ,社台ファーム,マンハッタンカフェ,オーラ,"Quiet American",鹿毛,130309,    1.3,  ,    ,46.9
16,01,24,1,中京,4,02,未勝利,7,ダ,1,1900,良,アイアンヒロイン  ,牝,3,内田博幸,54.0,14,10,8,8,0,1.9,2,126.5,"2065",0,4,4,4,4,41.9,488,森秀行,栗,0,13110069,00422,00427,0716140210,大野照旺,"Jack Dickerson",Congrats,"Superior Storm","Stormy Atlantic",鹿毛,130410,    4.7,  ,    ,43.2
16,01,24,1,中京,4,02,未勝利,7,ダ,1,1900,良,ワンダーウノ      ,牡,3,幸英明,56.0,14,11,9,9,0,3,5,127.6,"2076",0,1,1,1,2,43.3,500,牧光二,美,0,13110041,00732,01106,0716140211,岡田牧雄,"John R. Penn","Macho Uno",Remembermefondly,"Van Nistelrooy",芦毛,130424,   35.1,  ,    ,39.9
16,01,24,1,中京,4,02,未勝利,7,ダ,1,1900,良,サンホッブズ      ,牡,3,古川吉洋,56.0,14,12,2,2,0,0,3,124.6,"2046",0,7,6,5,5,39.7,476,中舘英二,美,200,13103690,01015,01153,0716140212,加藤ステーブル,日の出牧場,メイショウサムソン,パピュラ,ブライアンズタイム,鹿毛,130407,   10.7,  ,    ,48.7
16,01,24,1,中京,4,02,未勝利,7,ダ,1,1900,良,ダンツワイズ      ,セ,3,小坂忠士,56.0,14,13,11,11,0,4.1,14,128.7,"2087",0,14,14,14,14,40.4,442,山内研二,栗,0,13103992,01063,00388,0716140213,山元哲二,岡田スタツド,ロージズインメイ,プリティダンス,ダンスインザダーク,青鹿,130208,  180.8,  ,    ,50.9
16,01,24,1,中京,4,02,未勝利,7,ダ,1,1900,良,マックール        ,牡,3,吉田隼人,56.0,14,14,6,6,0,1.4,4,126,"2060",0,3,3,3,2,41.5,484,田中剛,美,0,13103597,01095,01119,0716140214,ヒダカ・ブリーダー,辻牧場,ジャイアントレッカー,モスキャンピオン,マンハッタンカフェ,鹿毛,130402,   11.7,  ,    ,44.0
16,01,24,1,中京,4,03,未勝利,7,ダ,1,1200,良,パラヴィオン      ,牝,3,横山和生,54.0,16,01,14,14,0,3,15,77.3,"1173",0,0,0,7,10,41.5,448,国枝栄,美,0,13103943,01140,00399,0716140301,ノルマンディーサラ,岡田スタツド,マツリダゴッホ,クイックメール,タイキシャトル,鹿毛,130324,   82.0,  ,    ,36.3
16,01,24,1,中京,4,03,未勝利,7,ダ,1,1200,良,クリノマルボルク  ,牡,3,古川吉洋,56.0,16,02,12,12,0,2.4,13,76.7,"1167",0,0,0,15,15,39.6,458,南井克巳,栗,0,13100974,01015,01049,0716140302,栗本博晴,三輪牧場,ゴールドヘイロー,クイックリプライ,Pulpit,青鹿,130319,   73.1,  ,    ,43.7
16,01,24,1,中京,4,03,未勝利,7,ダ,1,1200,良,カノヤパリティ    ,牝,3,幸英明,54.0,16,03,9,9,0,1.7,4,76,"1160",0,0,0,14,11,39,448,坂口正則,栗,0,13100784,00732,00356,0716140303,神田アヤ子,浜本牧場,ロージズインメイ,カノヤザミラクル,ダンスインザダーク,栗毛,130428,    9.9,  ,    ,44.9
16,01,24,1,中京,4,03,未勝利,7,ダ,1,1200,良,オプティマスローズ,牝,3,勝浦正樹,54.0,16,04,16,16,0,4.3,11,78.6,"1186",0,0,0,11,13,42,432,古賀史生,美,0,13106451,01025,00392,0716140304,ドリームジャパンホ,山春牧場,ヨハネスブルグ,フジタカローズ,ブライアンズタイム,青鹿,130501,   47.3,  ,    ,37.1
16,01,24,1,中京,4,03,未勝利,7,ダ,1,1200,良,スプレーモゲレイロ,牡,3,伴啓太,54.0,16,05,10,10,0,1.7,9,76,"1160",0,0,0,8,9,40,442,佐藤正雄,栗,0,13104031,01149,01025,0716140305,ヒダカ・ブリーダー,岡田牧場,ローレルゲレイロ,スキャニングジョイ,スキャン,鹿毛,130413,   33.6,  ,    ,40.0
16,01,24,1,中京,4,03,未勝利,7,ダ,1,1200,良,キタサンコトブキ  ,セ,3,岩田康誠,56.0,16,06,5,5,0,1,3,75.3,"1153",0,0,0,1,1,40.6,486,昆貢,栗,50,13102077,05203,01044,0716140306,大野商事,村田牧場,キングヘイロー,キタサンユキ,マリエンバード,青鹿,130226,    4.2,  ,    ,35.5
16,01,24,1,中京,4,03,未勝利,7,ダ,1,1200,良,ビップフウマ      ,牡,3,松若風馬,56.0,16,07,2,2,0,0.3,1,74.6,"1146",0,0,0,2,2,39.7,530,松下武士,栗,200,13105908,01154,01149,0716140307,鈴木邦英,ノーザンファーム,キンシャサノキセキ,シンフォニーライツ,Vindication,鹿毛,130417,    3.2,  ,    ,37.9
16,01,24,1,中京,4,03,未勝利,7,ダ,1,1200,良,クレイジーインラヴ,牝,3,丹内祐次,54.0,16,08,15,15,0,3.6,12,77.9,"1179",0,0,0,3,3,42.8,418,南田美知,美,0,13106437,01091,00437,0716140308,藤本幸雄,藤本直弘,マイネルラヴ,ソニア,アドマイヤマックス,鹿毛,130417,   49.0,  ,    ,32.0
16,01,24,1,中京,4,03,未勝利,7,ダ,1,1200,良,クラウンサングリア,牡,3,太宰啓介,56.0,16,09,13,13,0,2.7,8,77,"1170",0,0,0,16,16,39.4,492,大根田裕,栗,0,13106234,01037,01032,0716140309,矢野恭裕,パカパカファーム,ストーミングホーム,フルーツパンチ,Barathea,青鹿,130322,   30.6,  ,    ,45.4
16,01,24,1,中京,4,03,未勝利,7,ダ,1,1200,良,エバーチェンジング,牡,3,西田雄一,56.0,16,10,7,7,0,1.3,7,75.6,"1156",0,0,0,9,7,39.5,466,天間昭一,美,0,13102463,01004,01090,0716140310,今秀幸,萩澤泰博,ケイムホーム,ツウカイヤスナム,カリスタグローリ,鹿毛,130528,   27.1,  ,    ,41.4
16,01,24,1,中京,4,03,未勝利,7,ダ,1,1200,良,ツバメガエシ      ,牡,3,津村明秀,56.0,16,11,8,8,0,1.6,10,75.9,"1159",0,0,0,5,6,40.5,470,佐々木晶,栗,0,13103559,01092,00429,0716140311,ターフ・スポート,大道牧場,サムライハート,ラブバレンタイン,ラムタラ,栗毛,130325,   39.4,  ,    ,37.4
16,01,24,1,中京,4,03,未勝利,7,ダ,1,1200,良,ヨシオ            ,牡,3,内田博幸,56.0,16,12,1,1,0,-0.3,2,74.3,"1143",0,0,0,5,5,38.9,468,森秀行,栗,500,13103671,00422,00427,0716140312,加藤志明,日本中央競馬会日高,ヨハネスブルグ,フローラルホーム,ケイムホーム,鹿毛,130509,    3.4,  ,    ,41.0
16,01,24,1,中京,4,03,未勝利,7,ダ,1,1200,良,ヤマニンロスター  ,牡,3,中村将之,56.0,16,13,6,6,0,1.2,6,75.5,"1155",0,0,0,13,13,38.6,476,浅見秀一,栗,0,13101787,01101,00411,0716140313,土井肇,錦岡牧場,グラスワンダー,ヤマニンファセット,ムタファーウエク,栗毛,130505,   19.0,  ,    ,45.6
16,01,24,1,中京,4,03,未勝利,7,ダ,1,1200,良,ヒロイックサーガ  ,セ,3,吉田隼人,56.0,16,14,4,4,0,0.8,14,75.1,"1151",0,0,0,9,7,38.9,488,新開幸一,美,75,13106215,01095,01116,0716140314,岡田牧雄,パカパカファーム,パイロ,デアリングヴァース,"Opening Verse",黒鹿,130511,   77.0,  ,    ,43.1
16,01,24,1,中京,4,03,未勝利,7,ダ,1,1200,良,ホープトウショウ  ,牝,3,丸山元気,54.0,16,15,11,11,0,2.3,16,76.6,"1166",0,0,0,11,11,40.1,466,土田稔,美,0,13104566,01127,00417,0716140315,トウショウ産業,トウショウ産業株式,メイショウボーラー,ストームトウショウ,スターオブコジーン,鹿毛,130406,  394.6,  ,    ,41.0
16,01,24,1,中京,4,03,未勝利,7,ダ,1,1200,良,テイエムスタンリー,牡,3,加藤祥太,54.0,16,16,3,3,0,0.4,5,74.7,"1147",0,0,0,3,3,39.5,448,柴田光陽,栗,130,13102250,01156,00400,0716140316,竹園正繼,加野牧場,プリサイスエンド,イセノトウショウ,トウシヨウボーイ,鹿毛,130315,   17.8,  ,    ,39.1
16,01,24,1,中京,4,04,障害未勝利,7,芝,2,3000,良,スマッシュスマイル,セ,8,小坂忠士,60.0,14,01,12,12,0,6.4,4,210.4,"3304",0,12,11,13,13,14,482,長浜博之,栗,0,08102884,01063,00395,0716140401,社台レースホース,社台ファーム,ゼンノロブロイ,スマラ,Antheus,栃栗,080523,   10.3,  ,    , 0.0
16,01,24,1,中京,4,04,障害未勝利,7,芝,2,3000,良,クリノヤクマン    ,牡,4,大江原圭,59.0,14,02,10,10,0,4.1,9,208.1,"3281",0,4,4,6,7,13.9,500,蛯名利弘,美,0,12109194,01120,01131,0716140402,栗本博晴,釘田義美,スクワートルスクワート,シンコペーション,フジキセキ,鹿毛,120422,   46.4,  ,    , 0.0
16,01,24,1,中京,4,04,障害未勝利,7,芝,2,3000,良,ハドソンシチー    ,牡,6,林満明,60.0,14,03,7,7,0,1.4,7,205.4,"3254",0,11,11,11,9,13.7,472,佐々木晶,栗,0,10101581,00655,00429,0716140403,友駿ホースクラブ,幌村牧場,マンハッタンカフェ,イソノフォーティ,フォーティナイナー,黒鹿,100309,   19.4,  ,    , 0.0
16,01,24,1,中京,4,04,障害未勝利,7,芝,2,3000,良,アルディエス      ,牡,7,西谷誠,60.0,14,04,5,5,0,0.7,1,204.7,"3247",0,10,10,3,3,13.6,464,松永幹夫,栗,75,09106604,01005,01092,0716140404,G1レーシング,追分ファーム,キングカメハメハ,バレエブラン,ダンスインザダーク,鹿毛,090417,    2.5,  ,    , 0.0
16,01,24,1,中京,4,04,障害未勝利,7,芝,2,3000,良,サーシスリーフ    ,牡,6,黒岩悠,60.0,14,05,6,6,0,1.4,10,205.4,"3254",0,7,7,8,8,13.7,496,坂口正則,栗,0,10101040,01072,00356,0716140405,ヒダカ・ブリーダー,豊洋牧場,マイネルラヴ,ネオメープルリーフ,スペシャルウィーク,鹿毛,100408,   48.1,  ,    , 0.0
16,01,24,1,中京,4,04,障害未勝利,7,芝,2,3000,良,ロレーヌクロス    ,牡,6,山本康志,60.0,14,06,11,11,0,6.2,6,210.2,"3302",0,8,8,9,10,14,492,加藤征弘,美,0,10104043,01008,01059,0716140406,シルクレーシング,ノーザンファーム,マンハッタンカフェ,ウィストラム,フレンチデピュティ,鹿毛,100224,   18.6,  ,    , 0.0
16,01,24,1,中京,4,04,障害未勝利,7,芝,2,3000,良,グッドカフェ      ,セ,8,中村将之,60.0,14,07,4,4,0,0.2,2,204.2,"3242",0,3,3,5,5,13.6,490,松元茂樹,栗,110,08104463,01101,00419,0716140407,杉立恭平,小泉牧場,マンハッタンカフェ,ブランドシャトル,Theatrical,青鹿,080428,    3.2,  ,    , 0.0
16,01,24,1,中京,4,04,障害未勝利,7,芝,2,3000,良,バトルボンネビル  ,牡,4,浜野谷憲,59.0,14,08,1,1,0,0,11,204,"3240",0,9,9,6,6,13.6,454,尾形和幸,美,750,12105672,00695,01141,0716140408,宮川秋信,山田昇史,ヴリル,ミナミノエレガンス,Woodman,芦毛,120405,   49.5,  ,    , 0.0
16,01,24,1,中京,4,04,障害未勝利,7,芝,2,3000,良,エスティレジェンド,牝,5,五十嵐雄,58.0,14,09,8,8,0,3.5,5,207.5,"3275",0,1,1,1,2,13.8,440,菅原泰夫,美,0,11100114,01069,00415,0716140409,島川隆哉,エスティファーム,ロージズインメイ,トーセンレジェンド,エルコンドルパサー,黒鹿,110228,   13.9,  ,    , 0.0
16,01,24,1,中京,4,04,障害未勝利,7,芝,2,3000,良,シャトーボルト    ,牡,4,上野翔,59.0,14,10,0,0,4,999.9,14,0,"----",0,5,4,9,11,0,506,根本康広,美,0,12102202,01087,01029,0716140410,円城幸男,大高朝幸,モルフェデスペクタ,タキノエンジェル,ダイタクリーヴァ,鹿毛,120411,   88.1,  ,    , 0.0
16,01,24,1,中京,4,04,障害未勝利,7,芝,2,3000,良,ゴールドクラウス  ,セ,5,石神深一,60.0,14,11,3,3,0,0.2,8,204.2,"3242",0,2,2,2,1,13.6,450,武井亮,美,190,11101327,01059,01147,0716140411,磯波勇,城地和義,シンボリクリスエス,テールトゥノーズ,ノーザンテースト,鹿毛,110323,   19.5,  ,    , 0.0
16,01,24,1,中京,4,04,障害未勝利,7,芝,2,3000,良,トーセンオウジ    ,牡,7,小野寺祐,60.0,14,12,9,9,0,3.9,13,207.9,"3279",0,13,13,12,12,13.9,494,成島英春,美,0,09101751,01123,00433,0716140412,島川隆哉,ヒサイファーム,ティンバーカントリー,アナスミラビリス,リアルシヤダイ,栗毛,090401,   56.9,  ,    , 0.0
16,01,24,1,中京,4,04,障害未勝利,7,芝,2,3000,良,タイキフロンティア,牡,4,草野太郎,59.0,14,13,2,2,0,0,3,204,"3240",0,5,4,3,3,13.6,468,伊藤圭三,美,300,12105505,01113,01023,0716140413,大樹ファーム,ビクトリーホースラ,スペシャルウィーク,タイキガイア,"Phone Trick",黒鹿,120328,    8.7,  ,    , 0.0
16,01,24,1,中京,4,04,障害未勝利,7,芝,2,3000,良,シャイニーヘイロー,牡,4,金子光希,59.0,14,14,13,13,0,22.6,12,226.6,"3466",0,14,14,14,14,15.1,542,谷原義明,美,0,12102158,01052,00402,0716140414,小林昌志,雅牧場,キングヘイロー,コアレスサンデー,ジェニュイン,鹿毛,120406,   54.7,  ,    , 0.0
16,01,24,1,中京,4,05,新馬,15,芝,0,2000,良,ホンマカイナ      ,牡,3,畑端省吾,56.0,18,01,11,11,0,1.5,15,128.2,"2082",0,13,11,11,10,35.9,430,大根田裕,栗,0,13104612,01057,01032,0716140501,内田玄祥,鳥谷勝彦,ベーカバド,エリザベスサクラ,アラムシャー,鹿毛,130430,   90.0,  ,    ,60.2
16,01,24,1,中京,4,05,新馬,15,芝,0,2000,良,トレジャーハンター,牡,3,田辺裕信,56.0,18,02,9,9,0,1.2,3,127.9,"2079",0,14,14,15,15,35.2,526,石坂正,栗,0,13106082,01075,01022,0716140502,サンデーレーシング,社台コーポレーショ,ステイゴールド,ポーレン,Orpen,黒鹿,130315,    5.6,  ,    ,62.9
16,01,24,1,中京,4,05,新馬,15,芝,0,2000,良,ウインカートゥーン,牡,3,幸英明,56.0,18,03,3,3,0,0.2,7,126.9,"2069",0,9,9,7,6,34.8,478,西園正都,栗,150,13101438,00732,01028,0716140503,ウイン,コスモヴューファー,ステイゴールド,カートゥーン,リアルシヤダイ,黒鹿,130325,   14.3,  ,    ,63.4
16,01,24,1,中京,4,05,新馬,15,芝,0,2000,良,リーズ            ,牝,3,内田博幸,54.0,18,04,8,8,0,1.1,10,127.8,"2078",0,11,11,11,10,35.4,470,崎山博樹,栗,0,13103538,00422,00365,0716140504,阿部東亜子,谷川牧場,ヴィクトワールピサ,リトルジュン,クロフネ,芦毛,130311,   25.5,  ,    ,61.9
16,01,24,1,中京,4,05,新馬,15,芝,0,2000,良,サンライズユウオウ,牡,3,津村明秀,56.0,18,05,17,17,0,4.2,16,130.9,"2109",0,14,16,16,17,37.3,466,庄野靖志,栗,0,13102987,01092,01087,0716140505,松岡隆雄,猿橋義昭,ハーツクライ,タツグレース,ボストンハーバー,黒鹿,130319,   95.3,  ,    ,57.5
16,01,24,1,中京,4,05,新馬,15,芝,0,2000,良,ショウナンタイザン,牡,3,松田大作,56.0,18,06,1,1,0,-0.2,2,126.7,"2067",0,6,5,5,5,34.8,470,梅田智之,栗,600,13102770,01030,01084,0716140506,国本哲秀,秋場牧場,マンハッタンカフェ,ロックオブサリサ,"Rock of Gibraltar",黒鹿,130531,    5.2,  ,    ,63.2
16,01,24,1,中京,4,05,新馬,15,芝,0,2000,良,ヤマニンレガリーノ,牝,3,丸山元気,54.0,18,07,10,10,0,1.4,9,128.1,"2081",0,4,4,3,3,36.4,452,黒岩陽一,美,0,13101780,01127,01133,0716140507,土井肇,錦岡牧場,ブラックタイド,ヤマニンギモーヴ,アグネスデジタル,鹿毛,130123,   21.6,  ,    ,58.0
16,01,24,1,中京,4,05,新馬,15,芝,0,2000,良,ヤマニンバビルサ  ,牡,3,丹内祐次,56.0,18,08,14,14,0,1.7,13,128.4,"2084",0,18,18,17,16,35.4,468,千田輝彦,栗,0,13101788,01091,01120,0716140508,土井肇,錦岡牧場,キングカメハメハ,ヤマニンファビュル,エアジハード,鹿毛,130428,   56.7,  ,    ,62.6
16,01,24,1,中京,4,05,新馬,15,芝,0,2000,良,エクセレントミスズ,牡,3,吉田隼人,56.0,18,09,4,4,0,0.4,6,127.1,"2071",0,4,5,7,6,35.1,460,加藤敬二,栗,90,13105031,01095,00379,0716140509,永井啓弍,上水牧場,ナカヤマフェスタ,アスクレピアス,ヘクタープロテクター,鹿毛,130327,   10.4,  ,    ,62.3
16,01,24,1,中京,4,05,新馬,15,芝,0,2000,良,ブルービーム      ,牡,3,松若風馬,56.0,18,10,16,16,0,2.8,17,129.5,"2095",0,14,14,13,13,36.9,464,鈴木孝志,栗,0,13110120,01154,01111,0716140510,田畑利彦,"Haras de Bernesq",Teofilo,"Neige Du Ninian",Trempolino,黒鹿,130501,   98.9,  ,    ,57.5
16,01,24,1,中京,4,05,新馬,15,芝,0,2000,良,デスタンフォルス  ,牡,3,古川吉洋,56.0,18,11,18,18,0,4.8,12,131.5,"2115",0,17,16,17,18,37.6,408,宮徹,栗,0,13104432,01015,01018,0716140511,首藤徳,田原橋本牧場,ステイゴールド,ローリエ,メジロマックイーン,黒鹿,130303,   55.4,  ,    ,57.0
16,01,24,1,中京,4,05,新馬,15,芝,0,2000,良,フォルテミノル    ,牡,3,熊沢重文,56.0,18,12,13,13,0,1.7,18,128.4,"2084",0,6,5,9,10,36.1,480,北出成人,栗,0,13102232,00652,01078,0716140512,吉岡實,折手牧場,ワークフォース,アヴェニューズレディ,"Avenue of Flags",鹿毛,130408,  100.3,  ,    ,59.6
16,01,24,1,中京,4,05,新馬,15,芝,0,2000,良,ベラポーサ        ,牝,3,岩田康誠,54.0,18,13,7,7,0,1.1,1,127.8,"2078",0,2,2,3,3,36,474,堀宣行,美,0,13110091,05203,01070,0716140513,吉田和子,"Gainesway Thorough",Tapit,"Livin Lovin",Birdstone,鹿毛,130518,    4.7,  ,    ,59.3
16,01,24,1,中京,4,05,新馬,15,芝,0,2000,良,ナリタエイト      ,牡,3,北村友一,56.0,18,14,2,2,0,0.2,8,126.9,"2069",0,2,2,2,2,35.4,468,松永昌博,栗,240,13105510,01102,01083,0716140514,オースミ,社台ファーム,キングカメハメハ,スペシャルフロート,スペシャルウィーク,鹿毛,130305,   16.2,  ,    ,60.8
16,01,24,1,中京,4,05,新馬,15,芝,0,2000,良,リュッケンヴィント,牡,3,鮫島克駿,54.0,18,15,12,12,0,1.5,14,128.2,"2082",0,1,1,1,1,36.8,456,宮徹,栗,0,13110054,01157,01018,0716140515,岡田牧雄,"Oghill House Stud",Manduro,"Journey's End","In The Wings",鹿毛,130310,   74.4,  ,    ,56.4
16,01,24,1,中京,4,05,新馬,15,芝,0,2000,良,レッドエルディスト,牡,3,中谷雄太,56.0,18,16,5,5,0,0.5,4,127.2,"2072",0,9,10,10,9,35,508,笹田和秀,栗,60,13105902,01038,01104,0716140516,東京ホースレーシン,ノーザンファーム,ゼンノロブロイ,ショウダウン,Darshaan,芦毛,130219,    6.8,  ,    ,62.9
16,01,24,1,中京,4,05,新馬,15,芝,0,2000,良,トゥルーハート    ,牡,3,加藤祥太,54.0,18,17,6,6,0,0.6,5,127.3,"2073",0,11,13,13,13,34.8,458,庄野靖志,栗,0,13102687,01156,01087,0716140517,ヒダカ・ブリーダー,猿倉牧場,ハーツクライ,スコアズビー,"Rock of Gibraltar",黒鹿,130309,    9.8,  ,    ,63.9
16,01,24,1,中京,4,05,新馬,15,芝,0,2000,良,ショウリュウスター,牡,3,中井裕二,56.0,18,18,15,15,0,2,11,128.7,"2087",0,6,5,5,6,36.6,472,佐々木晶,栗,0,13104500,01141,00429,0716140518,上田亙,千代田牧場,キングカメハメハ,バンドゥッチ,Rossini,栗毛,130307,   40.9,  ,    ,57.8
16,01,24,1,中京,4,06,500万下・牝,23,ダ,1,1400,良,ウエバフラッシュ  ,牝,4,岩田康誠,54.0,16,01,15,15,0,3.5,3,89.8,"1298",0,0,0,4,4,43.1,480,牧田和弥,栗,0,12103847,05203,01123,0716140601,上羽浩平,高橋農場,ダイワメジャー,ダイアモンドコア,ジェイドロバリー,栗毛,120513,    6.4,  ,    ,31.3
16,01,24,1,中京,4,06,500万下・牝,23,ダ,1,1400,良,メイスンヴィーナス,牝,4,幸英明,54.0,16,02,16,16,0,4.1,13,90.4,"1304",0,0,0,1,1,44.1,478,岩戸孝樹,美,0,12106276,00732,01051,0716140602,梅村浩,土田和男,サウスヴィグラス,スタートウショウ,スキャターザゴールド,栗毛,120330,  105.9,  ,    ,28.7
16,01,24,1,中京,4,06,500万下・牝,23,ダ,1,1400,良,リリーグランツ    ,牝,4,田辺裕信,54.0,16,03,3,3,0,0,5,86.3,"1263",0,0,0,10,10,39.1,446,矢野英一,美,180,12102520,01075,01108,0716140603,Gリビエール・レー,前川正美,ハーツクライ,コメンデーション,コマンダーインチーフ,鹿毛,120425,   13.4,  ,    ,40.5
16,01,24,1,中京,4,06,500万下・牝,23,ダ,1,1400,良,シラユキ          ,牝,4,内田博幸,54.0,16,04,4,4,0,0.3,1,86.6,"1266",0,0,0,2,2,40.1,516,高野友和,栗,110,12104516,00422,01117,0716140604,ワタナベホールディ,ノーザンファーム,クロフネ,アドマイヤフッキー,フジキセキ,芦毛,120123,    2.7,  ,    ,37.0
16,01,24,1,中京,4,06,500万下・牝,23,ダ,1,1400,良,セングウ          ,牝,4,太宰啓介,54.0,16,05,5,5,0,0.4,4,86.7,"1267",0,0,0,7,6,39.9,474,加藤敬二,栗,70,12105263,01037,00379,0716140605,重松國建,榊原敏明,マイネルセレクト,ホクザンパール,クリスタルグリツターズ,栗毛,120405,   10.5,  ,    ,38.0
16,01,24,1,中京,4,06,500万下・牝,23,ダ,1,1400,良,ハンマークラビア  ,牝,5,鮫島克駿,53.0,16,06,13,13,0,1.5,10,87.8,"1278",0,0,0,12,11,40.4,474,池添学,栗,0,11104020,01157,01144,0716140606,キャロットファーム,ノーザンファーム,ゼンノロブロイ,フォルテピアノ,フレンチデピュティ,黒鹿,110129,   22.5,  ,    ,38.0
16,01,24,1,中京,4,06,500万下・牝,23,ダ,1,1400,良,サンマルメジャール,牝,4,松若風馬,54.0,16,07,7,7,0,0.6,7,86.9,"1269",0,0,0,2,3,40.3,454,山内研二,栗,0,12105194,01154,00388,0716140607,相馬勇,木戸口牧場,カネヒキリ,マサノメジャー,シンボリクリスエス,鹿毛,120206,   15.7,  ,    ,36.7
16,01,24,1,中京,4,06,500万下・牝,23,ダ,1,1400,良,トーコーヴィオラ  ,牝,6,加藤祥太,53.0,16,08,1,1,0,0,2,86.3,"1263",0,0,0,12,11,38.9,472,橋田満,栗,700,10104090,01156,00362,0716140608,森田藤治,ノーザンファーム,ディープインパクト,キョウエイフォルテ,ノーザンテースト,黒鹿,100502,    4.5,  ,    ,41.4
16,01,24,1,中京,4,06,500万下・牝,23,ダ,1,1400,良,グレイスミノル    ,牝,4,吉田隼人,54.0,16,09,2,2,0,0,6,86.3,"1263",0,0,0,8,8,39.2,478,本田優,栗,280,12100358,01095,01099,0716140609,吉岡實,武田牧場,バゴ,シャンハイレディ,シャンハイ,青鹿,120324,   14.4,  ,    ,40.1
16,01,24,1,中京,4,06,500万下・牝,23,ダ,1,1400,良,ワンダーブライド  ,牝,6,小坂忠士,55.0,16,10,14,14,0,3.1,16,89.4,"1294",0,0,0,4,6,42.7,406,奥村豊,栗,0,10100861,01063,01146,0716140610,山本信行,日西牧場,ゴールドアリュール,メイショウマキバコ,ヤマニンゼファー,栗毛,100319,  334.8,  ,    ,32.0
16,01,24,1,中京,4,06,500万下・牝,23,ダ,1,1400,良,ビオレント        ,牝,5,北村友一,55.0,16,11,6,6,0,0.5,12,86.8,"1268",0,0,0,16,16,38.9,456,金成貴史,美,0,11100202,01102,01132,0716140611,細谷典幸,木村牧場,ゼンノロブロイ,スターオブジュニパー,"Sadler's Wells",栗毛,110218,   66.8,  ,    ,42.4
16,01,24,1,中京,4,06,500万下・牝,23,ダ,1,1400,良,シンキングジョリー,牝,4,勝浦正樹,54.0,16,12,12,12,0,1.1,8,87.4,"1274",0,0,0,4,4,40.7,496,田島俊明,美,0,12100652,01025,01112,0716140612,野谷美千,浜口牧場,タイムパラドックス,ディアンサス,ティンバーカントリー,鹿毛,120422,   19.6,  ,    ,36.1
16,01,24,1,中京,4,06,500万下・牝,23,ダ,1,1400,良,パーティブロッサム,牝,7,松田大作,55.0,16,13,11,11,0,1,15,87.3,"1273",0,0,0,14,14,39.5,486,武市康男,美,0,09103841,01030,01089,0716140613,飯田良枝,千代田牧場,キングヘイロー,ジェミーブロッサム,"Wild Again",黒鹿,090217,  133.4,  ,    ,40.8
16,01,24,1,中京,4,06,500万下・牝,23,ダ,1,1400,良,クリノツネチャン  ,牝,5,嶋田純次,55.0,16,14,8,8,0,0.8,11,87.1,"1271",0,0,0,10,11,39.9,450,星野忍,美,0,11100187,01134,01030,0716140614,栗本博晴,川島良一,マイネルセレクト,モカサンデー,サンデーサイレンス,栗毛,110420,   43.5,  ,    ,38.7
16,01,24,1,中京,4,06,500万下・牝,23,ダ,1,1400,良,ウインレナータ    ,牝,4,津村明秀,54.0,16,15,9,9,0,0.9,14,87.2,"1272",0,0,0,14,14,39.5,442,尾関知人,美,0,12105222,01092,01103,0716140615,ウイン,杵臼牧場,キンシャサノキセキ,ラーナック,Montjeu,黒鹿,120402,  128.5,  ,    ,40.6
16,01,24,1,中京,4,06,500万下・牝,23,ダ,1,1400,良,カゼノトビラ      ,牝,4,丸山元気,54.0,16,16,10,10,0,0.9,9,87.2,"1272",0,0,0,8,8,40.2,456,根本康広,美,0,12100922,01127,01029,0716140616,福田光博,八木常郎,ソングオブウインド,ラフレシアダンサー,ファーディナンド,鹿毛,120321,   20.4,  ,    ,37.7
16,01,24,1,中京,4,07,500万下,23,ダ,1,1800,良,ディグニファイド  ,牡,4,松若風馬,56.0,15,01,11,11,0,1.9,2,117.5,"1575",0,5,7,9,9,39.9,542,高野友和,栗,0,12104780,01154,01117,0716140701,シルクレーシング,ノーザンファーム,ネオユニヴァース,ファストフレンド,アイネスフウジン,栗毛,120411,    5.5,  ,    ,47.2
16,01,24,1,中京,4,07,500万下,23,ダ,1,1800,良,ダンスールクレール,セ,5,田辺裕信,57.0,15,02,5,5,0,1.1,7,116.7,"1567",0,9,9,12,13,38.7,486,矢野英一,美,70,11103930,01075,01108,0716140702,シルクレーシング,ノーザンファーム,ブラックタイド,スーパーバレリーナ,"Storm Bird",鹿毛,110428,   22.4,  ,    ,50.8
16,01,24,1,中京,4,07,500万下,23,ダ,1,1800,良,メイショウトリトン,牡,6,太宰啓介,57.0,15,03,9,9,0,1.4,14,117,"1570",0,11,13,14,13,38.9,484,藤沢則雄,栗,0,10104888,01037,01041,0716140703,松本好雄,太陽牧場,メイショウサムソン,メイショウフクヒメ,バブルガムフェロー,黒鹿,100315,   94.1,  ,    ,50.4
16,01,24,1,中京,4,07,500万下,23,ダ,1,1800,良,サリレモンド      ,牡,5,内田博幸,57.0,15,04,7,7,0,1.2,4,116.8,"1568",0,4,3,4,4,39.7,518,和田正道,美,0,11110020,00422,00353,0716140704,ノースヒルズ,"Brandywine Farm Ch",Speightstown,"Gallileo Figaro",Galileo,栗毛,110221,    7.6,  ,    ,47.1
16,01,24,1,中京,4,07,500万下,23,ダ,1,1800,良,コウエイアース    ,牡,6,中井裕二,57.0,15,05,12,12,0,1.9,10,117.5,"1575",0,11,11,10,10,39.7,476,川村禎彦,栗,0,10102651,01141,01003,0716140705,西岡静男,グランド牧場,スズカマンボ,セクシーシューズ,パラダイスクリーク,鹿毛,100315,   64.8,  ,    ,48.0
16,01,24,1,中京,4,07,500万下,23,ダ,1,1800,良,サダムダイジョウブ,牡,6,鮫島克駿,55.0,15,06,3,3,0,0.7,3,116.3,"1563",0,2,2,2,2,39.4,510,松田博資,栗,180,10104477,01157,00348,0716140706,大西定,社台コーポレーショ,ダイワメジャー,ブリアンダ,Alzao,青毛,100325,    6.1,  ,    ,47.6
16,01,24,1,中京,4,07,500万下,23,ダ,1,1800,良,サードグラッド    ,牡,4,木幡初也,53.0,15,07,8,8,0,1.3,11,116.9,"1569",0,1,1,1,1,40,494,松山将樹,美,0,12103813,01153,01100,0716140707,吉岡泰治,笹川大晃牧場,バゴ,エスワイジュピター,タイキシャトル,黒鹿,120411,   71.7,  ,    ,46.1
16,01,24,1,中京,4,07,500万下,23,ダ,1,1800,良,デグニティクローズ,牡,5,古川吉洋,57.0,15,08,2,2,0,0.1,6,115.7,"1557",0,5,5,4,4,38.6,540,栗田徹,美,280,11105098,01015,01127,0716140708,ノースヒルズ,ノースヒルズ,ファスリエフ,ドレスコード,サンデーサイレンス,鹿毛,110502,    9.3,  ,    ,49.9
16,01,24,1,中京,4,07,500万下,23,ダ,1,1800,良,ホッコーペリノア  ,牡,4,幸英明,56.0,15,09,6,6,0,1.2,8,116.8,"1568",0,8,8,7,7,39.3,478,西浦勝一,栗,0,12105882,00732,01016,0716140709,矢部道晃,高昭牧場,キングカメハメハ,ホッコーティアラ,アドマイヤベガ,栗毛,120228,   57.8,  ,    ,48.6
16,01,24,1,中京,4,07,500万下,23,ダ,1,1800,良,ホッコーエイコウ  ,牡,5,伴啓太,55.0,15,10,13,13,0,2.1,15,117.7,"1577",0,9,9,7,7,40.3,512,松永康利,美,0,11103141,01149,01093,0716140710,矢部道晃,高昭牧場,ネオユニヴァース,ウイングドキャット,"Storm Cat",鹿毛,110317,  112.7,  ,    ,46.0
16,01,24,1,中京,4,07,500万下,23,ダ,1,1800,良,エッジクリフ      ,牡,4,吉田隼人,56.0,15,11,4,4,0,0.7,5,116.3,"1563",0,2,3,3,3,39.3,514,池上昌和,美,110,12101606,01095,01150,0716140711,H.H.シェイク・モハ,ダーレー・ジャパン,コマンズ,ラッシュカッター,"Red Ransom",鹿毛,120218,    8.9,  ,    ,48.0
16,01,24,1,中京,4,07,500万下,23,ダ,1,1800,良,エルメネジルド    ,牡,4,岩田康誠,56.0,15,12,1,1,0,-0.1,1,115.6,"1556",0,5,5,4,4,38.4,492,中内田充,栗,700,12103191,05203,01137,0716140712,飯田正剛,千代田牧場,エンパイアメーカー,ハローレイチェル,Mining,鹿毛,120530,    2.4,  ,    ,50.5
16,01,24,1,中京,4,07,500万下,23,ダ,1,1800,良,スズカチャンプ    ,牡,7,加藤祥太,55.0,15,13,14,14,0,2.1,13,117.7,"1577",0,11,11,10,10,40,514,坪憲章,栗,0,09103514,01156,00361,0716140713,永井啓弍,グランド牧場,ディープインパクト,スプリングマンボ,Kingmambo,鹿毛,090217,   82.3,  ,    ,47.1
16,01,24,1,中京,4,07,500万下,23,ダ,1,1800,良,ビクトリーミノル  ,牡,4,勝浦正樹,56.0,15,14,10,10,0,1.6,9,117.2,"1572",0,15,15,12,10,39.3,486,北出成人,栗,0,12103493,01025,01078,0716140714,吉岡實,フジワラフアーム,ディープスカイ,プロフェシーライツ,アフリート,栗毛,120314,   62.0,  ,    ,49.1
16,01,24,1,中京,4,07,500万下,23,ダ,1,1800,良,ブルーメーア      ,牡,4,松田大作,56.0,15,15,15,15,0,2.3,12,117.9,"1579",0,14,14,15,15,39.3,480,小崎憲,栗,0,12105759,01030,01085,0716140715,YGGホースクラブ,エムエム、ヤマダフ,パイロ,ジュエルビスティー,クロフネ,鹿毛,120420,   72.5,  ,    ,50.0
16,01,24,1,中京,4,08,500万下,23,芝,0,2200,良,ハギノパトリオット,セ,4,鮫島克駿,54.0,16,01,15,15,0,2.7,8,138.9,"2189",0,3,2,5,7,38.1,478,松田国英,栗,0,12104966,01157,01011,0716140801,日隈良江,エクセルマネジメン,キングカメハメハ,エリモファイナル,オペラハウス,黒鹿,120320,   28.1,  ,    ,49.2
16,01,24,1,中京,4,08,500万下,23,芝,0,2200,良,スペルヴィア      ,牡,7,加藤祥太,55.0,16,02,13,13,0,1.9,15,138.1,"2181",0,11,14,14,14,36.8,534,橋田満,栗,0,09106305,01156,00362,0716140802,佐々木主浩,ノーザンファーム,シンボリクリスエス,フサイチパンドラ,サンデーサイレンス,黒鹿,090220,   93.9,  ,    ,53.2
16,01,24,1,中京,4,08,500万下,23,芝,0,2200,良,セプティエーム    ,牡,4,北村友一,56.0,16,03,7,7,0,0.7,12,136.9,"2169",0,2,2,3,4,36.3,498,池添学,栗,0,12110095,01102,01144,0716140803,吉田和美,"Machmer Hall Chero","Harlan's Holiday","Some Pretender","Strong Contender",芦毛,120219,   65.2,  ,    ,53.9
16,01,24,1,中京,4,08,500万下,23,芝,0,2200,良,グラブザフラッグ  ,セ,4,岩田康誠,56.0,16,04,5,5,0,0.6,4,136.8,"2168",0,8,8,10,11,35.8,496,中竹和也,栗,70,12110037,05203,01039,0716140804,前田幸治,"North Hills Co. LT",Tapit,Cornelia,"Forty Niner",栗毛,120423,    8.2,  ,    ,55.8
16,01,24,1,中京,4,08,500万下,23,芝,0,2200,良,アンシャックルド  ,セ,6,中谷雄太,57.0,16,05,10,10,0,1.3,13,137.5,"2175",0,13,12,10,7,36.6,484,田中章博,栗,0,10110093,01038,00413,0716140805,大樹ファーム,"S. F. Bloodstock L",Pivotal,"Starlight Dreams","Black Tie Affair",栗毛,100306,   69.6,  ,    ,53.4
16,01,24,1,中京,4,08,500万下,23,芝,0,2200,良,シウダニーニャ    ,牝,4,勝浦正樹,54.0,16,06,14,14,0,2.1,16,138.3,"2183",0,4,5,8,7,37.4,456,森秀行,栗,0,12110060,01025,00427,0716140806,一村哲也,"Diamond A Racing C",Leroidesanimaux,Starinthemeadow,Meadowlake,栗毛,120310,  143.5,  ,    ,51.2
16,01,24,1,中京,4,08,500万下,23,芝,0,2200,良,モラルタ          ,牡,4,太宰啓介,56.0,16,07,16,16,0,12.4,11,148.6,"2286",0,9,10,15,16,45.7,522,鈴木孝志,栗,0,12104603,01037,01111,0716140807,永田和彦,ノーザンファーム,スニッツェル,クレヨンルージュ,フジキセキ,鹿毛,120229,   62.0,  ,    ,34.4
16,01,24,1,中京,4,08,500万下,23,芝,0,2200,良,テンカイチ        ,牡,6,大庭和弥,57.0,16,08,12,12,0,1.4,9,137.6,"2176",0,15,10,2,2,37.2,460,高橋文雅,美,0,10101971,01061,01134,0716140808,大原詔宏,大原ファーム,リンカーン,ニュウモダン,オペラハウス,鹿毛,100218,   31.1,  ,    ,51.2
16,01,24,1,中京,4,08,500万下,23,芝,0,2200,良,ロングスピーク    ,牡,4,吉田隼人,56.0,16,09,3,3,0,0.3,2,136.5,"2165",0,1,1,1,1,36.2,592,荒川義之,栗,180,12104125,01095,01095,0716140809,社台レースホース,社台ファーム,ハーツクライ,アルヴァーダ,Hernando,鹿毛,120115,    4.0,  ,    ,53.9
16,01,24,1,中京,4,08,500万下,23,芝,0,2200,良,マイネルフレスコ  ,牡,5,丹内祐次,57.0,16,10,11,11,0,1.4,6,137.6,"2176",0,11,12,12,12,36.5,492,梅田智之,栗,0,11104713,01091,01084,0716140810,サラブレッドクラブ,コスモヴューファー,ステイゴールド,カートゥーン,リアルシヤダイ,栗毛,110513,   10.9,  ,    ,53.9
16,01,24,1,中京,4,08,500万下,23,芝,0,2200,良,オリハルコン      ,牡,5,内田博幸,57.0,16,11,2,2,0,0.2,5,136.4,"2164",0,9,9,5,4,35.7,548,池江泰寿,栗,280,11103887,00422,01071,0716140811,G1レーシング,ノーザンファーム,ディープインパクト,シルヴァースカヤ,"Silver Hawk",黒鹿,110414,    9.0,  ,    ,55.8
16,01,24,1,中京,4,08,500万下,23,芝,0,2200,良,ララエクラテール  ,牡,4,田中博康,56.0,16,12,1,1,0,-0.2,7,136.2,"2162",0,15,15,13,12,35.1,426,今野貞一,栗,700,12100276,01104,01128,0716140812,フジイ興産,佐藤信広,ステイゴールド,オリミツキネン,ジヤツジアンジエルーチ,鹿毛,120501,   16.8,  ,    ,58.0
16,01,24,1,中京,4,08,500万下,23,芝,0,2200,良,セフィーロ        ,牡,5,西田雄一,57.0,16,13,8,8,0,1,14,137.2,"2172",0,7,7,8,7,36.4,476,黒岩陽一,美,0,11104168,01004,01133,0716140813,グリーンファーム,社台ファーム,ディープインパクト,ウィンドサイレンス,"A.P. Indy",鹿毛,110126,   82.2,  ,    ,53.8
16,01,24,1,中京,4,08,500万下,23,芝,0,2200,良,カレンラストショー,牡,4,松若風馬,56.0,16,14,4,4,0,0.4,3,136.6,"2166",0,4,4,5,4,35.9,440,橋口弘次,栗,110,12104549,01154,00343,0716140814,鈴木隆司,ノーザンファーム,タニノギムレット,ヴィヴィッドカラー,ダンスインザダーク,栗毛,120408,    6.5,  ,    ,55.2
16,01,24,1,中京,4,08,500万下,23,芝,0,2200,良,クリールハヤテ    ,牡,7,横山和生,57.0,16,15,9,9,0,1.3,10,137.5,"2175",0,14,15,15,15,35.8,498,笹田和秀,栗,0,09101516,01140,01104,0716140815,横山修二,ケイアイファーム,アドマイヤムーン,エイトディズアパート,"Forest Wildcat",栗毛,090331,   39.4,  ,    ,56.5
16,01,24,1,中京,4,08,500万下,23,芝,0,2200,良,チャパラ          ,牡,4,丸山元気,56.0,16,16,6,6,0,0.6,1,136.8,"2168",0,6,5,3,2,36.3,492,吉村圭司,栗,0,12101536,01127,01130,0716140816,H.H.シェイク・モハ,ダーレー・ジャパン,ストーミングホーム,グワダラハラ,Acatenango,黒鹿,120425,    3.3,  ,    ,53.8
16,01,24,1,中京,4,09,500万下,23,ダ,1,1400,良,タタラ            ,牡,4,加藤祥太,54.0,16,01,8,8,0,1.7,8,86.9,"1269",0,0,0,1,1,40,422,和田正一,美,0,12100028,01156,01114,0716140901,スピードファーム,アサヒ牧場,アドマイヤオーラ,クバター,"De Ramiro",栗毛,120422,   25.9,  ,    ,37.9
16,01,24,1,中京,4,09,500万下,23,ダ,1,1400,良,カネータ          ,牡,4,津村明秀,56.0,16,02,5,5,0,0.5,2,85.7,"1257",0,0,0,4,3,38.4,524,相沢郁,美,70,12101907,01092,01020,0716140902,高瀬真尚,本間牧場,オンファイア,ウイッチ,グラスワンダー,黒鹿,120410,    5.9,  ,    ,42.4
16,01,24,1,中京,4,09,500万下,23,ダ,1,1400,良,ウェイトアンドシー,セ,5,吉田隼人,57.0,16,03,2,2,0,0,1,85.2,"1252",0,0,0,2,2,38.2,496,新開幸一,美,280,11105825,01095,01116,0716140903,岡田牧雄,高村牧場,オレハマッテルゼ,レディージーニアス,エブロス,黒鹿,110429,    1.7,  ,    ,42.3
16,01,24,1,中京,4,09,500万下,23,ダ,1,1400,良,ガンマーフォンテン,牡,4,松田大作,56.0,16,04,7,7,0,1.7,14,86.9,"1269",0,0,0,11,10,38.4,500,石毛善彦,美,0,12101039,01030,00428,0716140904,吉橋計,新井弘幸,リンカーン,ルビーフォンテン,アフリート,栗毛,120329,  172.9,  ,    ,44.7
16,01,24,1,中京,4,09,500万下,23,ダ,1,1400,良,イチザラブ        ,牝,4,鮫島克駿,52.0,16,05,14,14,0,2.8,16,88,"1280",0,0,0,8,7,40,426,坪憲章,栗,0,12103752,01157,00361,0716140905,奈良崎孝一郎,小野瀬晃司,タイムパラドックス,リトルラブソング,マイネルラヴ,鹿毛,120419,  228.4,  ,    ,40.0
16,01,24,1,中京,4,09,500万下,23,ダ,1,1400,良,トレノカチドキ    ,セ,5,伴啓太,55.0,16,06,13,13,0,2.6,10,87.8,"1278",0,0,0,14,15,38.6,460,高柳瑞樹,美,0,11105619,01149,01118,0716140906,廣崎利洋HD,岡本牧場,ゴールドアリュール,ネヴァーピリオド,タイキシャトル,栗毛,110310,   48.0,  ,    ,45.6
16,01,24,1,中京,4,09,500万下,23,ダ,1,1400,良,スリーデーモン    ,牡,6,西田雄一,57.0,16,07,11,11,0,2.3,12,87.5,"1275",0,0,0,14,14,38.3,534,柄崎孝,美,0,10100115,01004,00380,0716140907,永井商事,びらとり牧場,アサクサデンエン,レオコマチ,ダンスインザダーク,青鹿,100513,  144.4,  ,    ,46.3
16,01,24,1,中京,4,09,500万下,23,ダ,1,1400,良,ブイキャスター    ,セ,6,幸英明,57.0,16,08,15,15,0,3.2,11,88.4,"1284",0,0,0,9,10,40.2,462,高橋康之,栗,0,10102739,00732,01135,0716140908,駒秀,桜井牧場,アフリート,モリトオウカ,ブライアンズタイム,栗毛,100530,   76.4,  ,    ,39.9
16,01,24,1,中京,4,09,500万下,23,ダ,1,1400,良,アグリナンバーワン,牝,4,熊沢重文,54.0,16,09,16,16,0,5.5,13,90.7,"1307",0,0,0,7,7,43,406,坪憲章,栗,0,12105195,00652,00361,0716140909,アグリRC,杵臼斉藤牧場,ローレルゲレイロ,アクティブアクト,ダンスインザダーク,青鹿,120408,  147.3,  ,    ,33.2
16,01,24,1,中京,4,09,500万下,23,ダ,1,1400,良,サンマルスカイ    ,牡,4,丸山元気,56.0,16,10,12,12,0,2.3,9,87.5,"1275",0,0,0,11,10,39.1,460,牧浦充徳,栗,0,12101290,01127,01113,0716140910,相馬勇,三城牧場,アルデバラン2,ジョウノオーロラ,サンデーサイレンス,鹿毛,120511,   42.4,  ,    ,42.8
16,01,24,1,中京,4,09,500万下,23,ダ,1,1400,良,メイプルレジェンド,牡,5,田中博康,57.0,16,11,10,10,0,2.3,15,87.5,"1275",0,0,0,13,13,38.6,504,宗像義忠,美,0,11104633,01104,00420,0716140911,青木基秀,カミイスタット,パイロ,ヒシシンエイ,スペシャルウィーク,鹿毛,110212,  205.9,  ,    ,45.0
16,01,24,1,中京,4,09,500万下,23,ダ,1,1400,良,サマーラヴ        ,牡,5,木幡初也,54.0,16,12,3,3,0,0.4,7,85.6,"1256",0,0,0,6,6,38.1,460,小野次郎,美,180,11101865,01153,01125,0716140912,Basic,カタオカフアーム,マイネルラヴ,フェスティブシャン,サニーブライアン,黒鹿,110425,   21.4,  ,    ,43.5
16,01,24,1,中京,4,09,500万下,23,ダ,1,1400,良,ノースウッド      ,牡,4,北村友一,56.0,16,13,1,1,0,0,3,85.2,"1252",0,0,0,3,3,38,512,野中賢二,栗,700,12101528,01102,01098,0716140913,ゴドルフィン,ダーレー・ジャパン,コマンズ,オータムメロディー,Kingmambo,鹿毛,120211,    7.9,  ,    ,43.2
16,01,24,1,中京,4,09,500万下,23,ダ,1,1400,良,ケンブリッジゼウス,牡,4,岩田康誠,56.0,16,14,4,4,0,0.5,4,85.7,"1257",0,0,0,9,7,37.6,548,大久保龍,栗,110,12106224,05203,01058,0716140914,中西宏彰,川上牧場,マーベラスサンデー,トーヨーサンバ,ティンバーカントリー,栗毛,120514,   11.3,  ,    ,45.9
16,01,24,1,中京,4,09,500万下,23,ダ,1,1400,良,スズカオーショウ  ,牡,5,内田博幸,57.0,16,15,6,6,0,0.7,6,85.9,"1259",0,0,0,4,5,38.6,516,柄崎孝,美,0,11105789,00422,00380,0716140915,永井啓弍,駿河牧場,ヨハネスブルグ,オマイタ,Miswaki,栗毛,110425,   16.8,  ,    ,41.9
16,01,24,1,中京,4,09,500万下,23,ダ,1,1400,良,ポップアップハート,牡,6,松若風馬,57.0,16,16,9,9,0,1.9,5,87.1,"1271",0,0,0,16,16,37.5,510,小島茂之,美,0,10104300,01154,01068,0716140916,丸山担,ノーザンファーム,ジャングルポケット,ポップチャート,アフリート,栗毛,100312,   13.8,  ,    ,49.2
16,01,24,1,中京,4,10,蒲郡特別500,23,芝,0,1200,良,ツクバアラモード  ,牝,6,田辺裕信,55.0,18,01,4,4,0,0.2,8,70.1,"1101",0,0,0,4,4,35.7,466,田中清隆,美,140,10103319,01075,00408,0716141001,細谷武史,真歌伊藤牧場,サムライハート,バレリアン,アジュディケーティング,栗毛,100216,   16.4,  ,    ,46.4
16,01,24,1,中京,4,10,蒲郡特別500,23,芝,0,1200,良,イワヌガハナ      ,セ,4,横山和生,56.0,18,02,12,12,0,0.8,17,70.7,"1107",0,0,0,1,1,36.9,474,小野次郎,美,0,12101466,01140,01125,0716141002,國分純,スマイルファーム,ファルブラヴ,マッチオブジュエル,フジキセキ,黒鹿,120425,  132.3,  ,    ,41.6
16,01,24,1,中京,4,10,蒲郡特別500,23,芝,0,1200,良,コスモマイルール  ,牝,5,丹内祐次,55.0,18,03,8,8,0,0.6,9,70.5,"1105",0,0,0,10,10,35.5,430,萱野浩二,美,0,11105730,01091,01024,0716141003,岡田繁幸,久保昇,ルールオブロー,マイリリー,ミルジヨージ,栗毛,110503,   17.1,  ,    ,48.6
16,01,24,1,中京,4,10,蒲郡特別500,23,芝,0,1200,良,イーグルアモン    ,牝,5,幸英明,55.0,18,04,5,5,0,0.3,13,70.2,"1102",0,0,0,2,2,36.2,462,谷原義明,美,95,11102827,00732,00402,0716141004,平岡茂樹,平岡牧場,イーグルカフェ,ミスアモン,メジロライアン,鹿毛,110312,   52.5,  ,    ,43.9
16,01,24,1,中京,4,10,蒲郡特別500,23,芝,0,1200,良,シンラバンショウ  ,牝,4,吉田隼人,54.0,18,05,9,9,0,0.6,5,70.5,"1105",0,0,0,3,3,36.3,430,新開幸一,美,0,12104866,01095,01116,0716141005,グリーンファーム,ノーザンファーム,サクラバクシンオー,ミスティフォレスト,ジャングルポケット,鹿毛,120119,    8.8,  ,    ,44.2
16,01,24,1,中京,4,10,蒲郡特別500,23,芝,0,1200,良,デビュタント      ,牝,4,松若風馬,54.0,18,06,3,3,0,0.2,1,70.1,"1101",0,0,0,7,6,35.4,458,佐々木晶,栗,240,12103219,01154,00429,0716141006,前田幸治,千代田牧場,ディープインパクト,モアザンベスト,"Giant's Causeway",鹿毛,120206,    4.7,  ,    ,48.0
16,01,24,1,中京,4,10,蒲郡特別500,23,芝,0,1200,良,エーシンザピーク  ,牡,6,伴啓太,57.0,18,07,0,0,4,999.9,18,0,"----",0,0,0,18,18,0,480,南田美知,美,0,10110063,01149,00437,0716141007,本田恒雄,"Elkhorn Creek Farm","Giant's Causeway","Jewel in the Crown","Seeking the Gold",栗毛,100329,  150.0,  ,    , 0.0
16,01,24,1,中京,4,10,蒲郡特別500,23,芝,0,1200,良,ダークブルー      ,牝,4,内田博幸,54.0,18,08,10,10,0,0.6,10,70.5,"1105",0,0,0,10,10,35.4,482,五十嵐忠,栗,0,12109094,00422,00422,0716141008,那須野牧場,恵比寿興業株式会社,ダンスインザダーク,ユーチャリス,Boundary,黒鹿,120428,   20.1,  ,    ,49.2
16,01,24,1,中京,4,10,蒲郡特別500,23,芝,0,1200,良,ヴァッフシュテルケ,牡,5,中井裕二,57.0,18,09,6,6,0,0.4,7,70.3,"1103",0,0,0,10,10,35.2,488,岩元市三,栗,0,11106102,01141,00397,0716141009,宮内牧場,宮内牧場,ダイワメジャー,イサミサクラ,アイネスフウジン,青鹿,110305,   12.7,  ,    ,49.7
16,01,24,1,中京,4,10,蒲郡特別500,23,芝,0,1200,良,トウカイクローネ  ,牡,4,松田大作,56.0,18,10,2,2,0,0,2,69.9,"1099",0,0,0,14,15,34.6,476,中村均,栗,380,12102277,01030,00261,0716141010,内村正則,木下牧場,オレハマッテルゼ,アイペイバック,グラスワンダー,青鹿,120415,    6.6,  ,    ,52.0
16,01,24,1,中京,4,10,蒲郡特別500,23,芝,0,1200,良,テイエムチュラッコ,牝,5,加藤祥太,55.0,18,11,16,16,0,1.6,12,71.5,"1115",0,0,0,4,6,36.8,454,柴田光陽,栗,0,11109193,01156,00400,0716141011,竹園正繼,テイエム牧場,テイエムオペラオー,テイエムチュラサン,タイキシャトル,栗毛,110425,   27.7,  ,    ,44.3
16,01,24,1,中京,4,10,蒲郡特別500,23,芝,0,1200,良,アグネスキズナ    ,セ,6,古川吉洋,57.0,18,12,1,1,0,0,16,69.9,"1099",0,0,0,16,16,34.5,502,長浜博之,栗,950,10104983,01015,00395,0716141012,渡辺公美子,富田牧場,アグネスタキオン,アグネスバラード,ヘネシー,栗毛,100409,  116.2,  ,    ,52.6
16,01,24,1,中京,4,10,蒲郡特別500,23,芝,0,1200,良,オトコギマサムネ  ,牡,5,中谷雄太,57.0,18,13,17,17,0,1.8,3,71.7,"1117",0,0,0,14,10,36.6,502,吉村圭司,栗,0,11104121,01038,01130,0716141013,塩澤正樹,ノーザンファーム,ジャングルポケット,レッドベリル,スペシャルウィーク,鹿毛,110317,    6.7,  ,    ,45.9
16,01,24,1,中京,4,10,蒲郡特別500,23,芝,0,1200,良,グレイスフルワード,牝,4,北村友一,54.0,18,14,11,11,0,0.6,11,70.5,"1105",0,0,0,17,17,34.7,418,土田稔,美,0,12103646,01102,00417,0716141014,ノルマンディーサラ,岡田スタツド,ハーツクライ,タニノハイクレア,クロフネ,鹿毛,120218,   27.3,  ,    ,53.2
16,01,24,1,中京,4,10,蒲郡特別500,23,芝,0,1200,良,ステイブレイズ    ,牝,5,西田雄一,55.0,18,15,14,14,0,0.9,14,70.8,"1108",0,0,0,7,6,36,482,岩戸孝樹,美,0,11104964,01004,01051,0716141015,ノルマンディーサラ,中本隆志,ステイゴールド,フロントアクセス,トニービン,鹿毛,110310,   52.7,  ,    ,46.7
16,01,24,1,中京,4,10,蒲郡特別500,23,芝,0,1200,良,ルネッタアスール  ,牝,7,津村明秀,55.0,18,16,13,13,0,0.9,15,70.8,"1108",0,0,0,7,6,36,474,武藤善則,美,0,09105867,01092,01064,0716141016,青木照吉,社台ファーム,ロージズインメイ,ティーパートナー,エリシオ,鹿毛,090503,   90.7,  ,    ,46.7
16,01,24,1,中京,4,10,蒲郡特別500,23,芝,0,1200,良,メジャーフォルム  ,牝,4,勝浦正樹,54.0,18,17,7,7,0,0.5,4,70.4,"1104",0,0,0,4,4,35.9,458,大江原哲,美,0,12104340,01025,01012,0716141017,社台レースホース,社台ファーム,ダイワメジャー,ビルアンドクー,ジェイドロバリー,栗毛,120506,    7.2,  ,    ,46.1
16,01,24,1,中京,4,10,蒲郡特別500,23,芝,0,1200,良,トップオブテーラー,牡,4,太宰啓介,56.0,18,18,15,15,0,1,6,70.9,"1109",0,0,0,10,10,35.8,516,石橋守,栗,0,12101194,01037,01140,0716141018,中西浩一,北田剛,タイキシャトル,プレアデス,ラストタイクーン,鹿毛,120401,   10.1,  ,    ,48.0
16,01,24,1,中京,4,11,東海ＳG2,179,ダ,1,1800,良,ライドオンウインド,牡,4,勝浦正樹,55.0,12,01,12,12,0,4.2,12,116.1,"1561",0,4,4,7,7,40.3,508,木原一良,栗,0,12101787,01025,01033,0716141101,名古屋友豊,春木昭雄,アグネスデジタル,サンシャインバレイ,サンデーサイレンス,栗毛,120507,  102.3,  ,    ,44.0
16,01,24,1,中京,4,11,東海ＳG2,179,ダ,1,1800,良,イッシンドウタイ  ,牡,7,丸山元気,56.0,12,02,7,7,0,1.6,6,113.5,"1535",0,6,6,9,7,37.6,522,伊藤圭三,美,0,09103539,01127,01023,0716141102,グランド牧場,グランド牧場,スズカマンボ,ラストヒット,スラヴィック,鹿毛,090420,   26.1,  ,    ,50.9
16,01,24,1,中京,4,11,東海ＳG2,179,ダ,1,1800,良,スターバリオン    ,牡,7,北村友一,56.0,12,03,10,10,0,2,9,113.9,"1539",0,9,10,11,11,37.7,498,藤岡健一,栗,0,09102303,01102,01062,0716141103,幅田昌伸,カネツ牧場,ゴールドアリュール,カネツプリンセス,サクラバクシンオー,芦毛,090319,   43.7,  ,    ,51.1
16,01,24,1,中京,4,11,東海ＳG2,179,ダ,1,1800,良,ダブルスター      ,牡,7,吉田隼人,56.0,12,04,4,4,0,1.3,11,113.2,"1532",0,3,3,3,3,37.8,508,伊藤圭三,美,830,09103518,01095,01023,0716141104,グランド牧場,グランド牧場,シニスターミニスター,ダッシングハニー,アサティス,栗毛,090321,   88.8,  ,    ,49.7
16,01,24,1,中京,4,11,東海ＳG2,179,ダ,1,1800,良,ロワジャルダン    ,牡,5,横山和生,56.0,12,05,3,3,0,0.9,1,112.8,"1528",0,4,4,5,5,37.2,504,戸田博文,美,1400,11104144,01140,01054,0716141105,社台レースホース,社台ファーム,キングカメハメハ,アグネスショコラ,サンデーサイレンス,鹿毛,110324,    3.3,  ,    ,51.6
16,01,24,1,中京,4,11,東海ＳG2,179,ダ,1,1800,良,アスカノロマン    ,牡,5,太宰啓介,56.0,12,06,1,1,0,-0.3,4,111.9,"1519",0,2,2,2,2,36.7,526,川村禎彦,栗,5500,11104994,01037,01003,0716141106,豊田智郎,新冠タガノファーム,アグネスデジタル,アスカノヒミコ,タバスコキャット,栗毛,110522,    6.7,  ,    ,52.5
16,01,24,1,中京,4,11,東海ＳG2,179,ダ,1,1800,良,インカンテーション,牡,6,内田博幸,56.0,12,07,11,11,0,2.2,3,114.1,"1541",0,9,8,5,5,38.6,502,羽月友彦,栗,0,10104916,00422,01091,0716141107,ターフ・スポート,谷川牧場,シニスターミニスター,オリジナルスピン,Machiavellian,鹿毛,100324,    4.3,  ,    ,47.8
16,01,24,1,中京,4,11,東海ＳG2,179,ダ,1,1800,良,ローマンレジェンド,牡,8,岩田康誠,57.0,12,08,6,6,0,1.6,5,113.5,"1535",0,6,6,7,7,37.7,530,藤原英昭,栗,0,08102944,05203,01055,0716141108,太田珠々子,社台ファーム,スペシャルウィーク,パーソナルレジェンド,"Awesome Again",黒鹿,080224,    7.8,  ,    ,50.5
16,01,24,1,中京,4,11,東海ＳG2,179,ダ,1,1800,良,グランドシチー    ,牡,9,津村明秀,56.0,12,09,5,5,0,1.5,10,113.4,"1534",0,11,11,10,7,37.4,492,相沢郁,美,550,07103864,01092,01020,0716141109,友駿ホースクラブ,幌村牧場,キングカメハメハ,レディクラシック,ブライアンズタイム,鹿毛,070419,   54.7,  ,    ,51.6
16,01,24,1,中京,4,11,東海ＳG2,179,ダ,1,1800,良,モンドクラッセ    ,牡,5,田辺裕信,56.0,12,10,2,2,0,0.3,2,112.2,"1522",0,1,1,1,1,37.1,528,清水英克,美,2200,11102026,01075,01080,0716141110,サンコウ牧場,サンコウ牧場,アグネスデジタル,クッキーキティ,ラグビーボール,鹿毛,110506,    3.5,  ,    ,51.2
16,01,24,1,中京,4,11,東海ＳG2,179,ダ,1,1800,良,ナリタポセイドン  ,牡,7,松田大作,56.0,12,11,9,9,0,2,8,113.9,"1539",0,12,12,12,12,37.1,498,南井克巳,栗,0,09105977,01030,01049,0716141111,オースミ,社台ファーム,ハーツクライ,マチカネハツシマダ,"Private Account",鹿毛,090204,   35.4,  ,    ,53.5
16,01,24,1,中京,4,11,東海ＳG2,179,ダ,1,1800,良,ストロングサウザー,牡,5,幸英明,56.0,12,12,8,8,0,1.7,7,113.6,"1536",0,8,8,3,3,38.3,476,久保田貴,美,0,11104189,00732,01067,0716141112,村木篤,社台ファーム,ハーツクライ,エヴァンタイユ,"Lear Fan",鹿毛,110128,   29.0,  ,    ,48.3
16,01,24,1,中京,4,12,知立特Ｈ1000,43,芝,0,1400,良,レッドカーラ      ,牝,4,岩田康誠,54.0,17,01,14,14,0,1.3,1,83.4,"1234",0,0,0,7,6,36.8,438,松永幹夫,栗,0,12104243,05203,01092,0716141201,東京ホースレーシン,社台ファーム,マンハッタンカフェ,シンデレラロマンス,"Elusive Quality",黒鹿,120119,    3.2,  ,    ,45.0
16,01,24,1,中京,4,12,知立特Ｈ1000,43,芝,0,1400,良,コスモドーム      ,牡,5,丹内祐次,55.0,17,02,2,2,0,0,6,82.1,"1221",0,0,0,6,6,35.5,518,金成貴史,美,560,11105200,01091,01132,0716141202,ビッグレッドファー,ビッグレッドファー,アドマイヤマックス,コスモパルムドール,Yonaguska,鹿毛,110317,   16.1,  ,    ,48.5
16,01,24,1,中京,4,12,知立特Ｈ1000,43,芝,0,1400,良,スノーエンジェル  ,牝,4,鮫島克駿,52.0,17,03,13,13,0,1.3,11,83.4,"1234",0,0,0,10,14,36.3,458,浅見秀一,栗,0,12104221,01157,00411,0716141203,三田昌宏,社台ファーム,スウェプトオーヴァーボード,サイレントプレアー,サンデーサイレンス,芦毛,120401,   31.1,  ,    ,47.3
16,01,24,1,中京,4,12,知立特Ｈ1000,43,芝,0,1400,良,ポルボローネ      ,牝,4,吉田隼人,51.0,17,04,8,8,0,0.6,14,82.7,"1227",0,0,0,10,9,35.8,432,作田誠二,栗,0,12100086,01095,01006,0716141204,小林都美子,岩見牧場,フレンチデピュティ,ボーンザスカイ,タイキシャトル,栗毛,120329,   48.7,  ,    ,48.3
16,01,24,1,中京,4,12,知立特Ｈ1000,43,芝,0,1400,良,ラインロバート    ,牡,7,嶋田純次,53.0,17,05,15,15,0,1.4,17,83.5,"1235",0,0,0,2,2,37.2,472,水野貴広,美,0,09106242,01134,01094,0716141205,大澤繁昌,ノーザンファーム,キングヘイロー,ディマクコンダ,バチアー,青鹿,090214,  188.9,  ,    ,43.3
16,01,24,1,中京,4,12,知立特Ｈ1000,43,芝,0,1400,良,ステイウェル      ,牡,6,松若風馬,55.0,17,06,11,11,0,1.1,12,83.2,"1232",0,0,0,4,4,36.7,492,佐々木晶,栗,0,10104897,01154,00429,0716141206,ヒダカ・ブリーダー,高村牧場,スウェプトオーヴァーボード,ムーンザドリーム,ダンスインザダーク,黒鹿,100402,   32.3,  ,    ,45.0
16,01,24,1,中京,4,12,知立特Ｈ1000,43,芝,0,1400,良,エクスクライム    ,牡,7,木幡初也,53.0,17,07,10,10,0,1,16,83.1,"1231",0,0,0,17,17,35.7,458,牧浦充徳,栗,0,09102706,01153,01113,0716141207,前原敏行,長谷川牧場,ハーツクライ,フェアリーブレス,フレンチデピュティ,栗毛,090130,   94.8,  ,    ,49.6
16,01,24,1,中京,4,12,知立特Ｈ1000,43,芝,0,1400,良,リアルヴィーナス  ,牝,5,加藤祥太,54.0,17,08,16,16,0,1.5,5,83.6,"1236",0,0,0,15,16,36.4,464,安達昭夫,栗,0,11103108,01156,01042,0716141208,山内邦一,笠松牧場,ネオユニヴァース,ラブレター,"Rock of Gibraltar",鹿毛,110319,   14.7,  ,    ,47.3
16,01,24,1,中京,4,12,知立特Ｈ1000,43,芝,0,1400,良,ブリクスト        ,牡,4,北村友一,56.0,17,09,5,5,0,0.4,2,82.5,"1225",0,0,0,10,9,35.7,492,吉田直弘,栗,140,12104814,01102,01101,0716141209,西岡透,ノーザンファーム,チチカステナンゴ,プロミストスパーク,フジキセキ,黒鹿,120308,    4.2,  ,    ,48.3
16,01,24,1,中京,4,12,知立特Ｈ1000,43,芝,0,1400,良,キングソング      ,牡,6,太宰啓介,54.0,17,10,9,9,0,0.9,15,83,"1230",0,0,0,14,13,36,450,平田修,栗,0,10100463,01037,01082,0716141210,松岡隆雄,下河辺牧場,キングカメハメハ,グレイスティアラ,フジキセキ,鹿毛,100227,   65.5,  ,    ,47.9
16,01,24,1,中京,4,12,知立特Ｈ1000,43,芝,0,1400,良,ライブリシュネル  ,牡,6,古川吉洋,54.0,17,11,1,1,0,0,8,82.1,"1221",0,0,0,10,9,35.2,488,森田直行,栗,1400,10102500,01015,01142,0716141211,加藤哲郎,岡田スタツド,アドマイヤコジーン,ローズウッド,ホワイトマズル,鹿毛,100330,   22.6,  ,    ,49.9
16,01,24,1,中京,4,12,知立特Ｈ1000,43,芝,0,1400,良,スマートプラネット,牝,4,中井裕二,53.0,17,12,7,7,0,0.5,3,82.6,"1226",0,0,0,9,9,35.7,462,和田雄二,美,0,12106216,01141,01143,0716141212,田島榮二郎,大柳ファーム,ファルブラヴ,アンダルシア,アルカセット,鹿毛,120407,    7.1,  ,    ,48.5
16,01,24,1,中京,4,12,知立特Ｈ1000,43,芝,0,1400,良,リンガディンドン  ,牡,4,勝浦正樹,54.0,17,13,17,17,0,1.6,13,83.7,"1237",0,0,0,1,1,37.5,524,松元茂樹,栗,0,12104046,01025,00419,0716141213,吉田晴哉,追分ファーム,ゴールドアリュール,リングジアラーム,スウェプトオーヴァーボード,芦毛,120203,   41.9,  ,    ,42.4
16,01,24,1,中京,4,12,知立特Ｈ1000,43,芝,0,1400,良,ボブキャット      ,牡,6,内田博幸,55.0,17,14,12,12,0,1.3,10,83.4,"1234",0,0,0,2,2,37,512,久保田貴,美,0,10100458,00422,01067,0716141214,村木克子,下河辺牧場,ダイワメジャー,カーラパワー,Caerleon,鹿毛,100414,   30.8,  ,    ,44.1
16,01,24,1,中京,4,12,知立特Ｈ1000,43,芝,0,1400,良,アースプレイ      ,牝,5,田中博康,52.0,17,15,6,6,0,0.5,9,82.6,"1226",0,0,0,16,14,35.5,444,宗像義忠,美,0,11105664,01104,00420,0716141215,松山増男,ガーベラパークスタ,ゼンノロブロイ,ミスイースター,ウォーニング,青鹿,110428,   29.0,  ,    ,49.5
16,01,24,1,中京,4,12,知立特Ｈ1000,43,芝,0,1400,良,プルメリアスター  ,牝,4,中谷雄太,52.0,17,16,4,4,0,0.4,4,82.5,"1225",0,0,0,5,4,36,432,矢作芳人,栗,210,12104913,01038,01075,0716141216,キャロットファーム,ノーザンファーム,ゼンノロブロイ,リリサイド,"American Post",黒鹿,120129,    7.1,  ,    ,46.9
16,01,24,1,中京,4,12,知立特Ｈ1000,43,芝,0,1400,良,ナムラアッパー    ,牡,5,幸英明,54.0,17,17,3,3,0,0.3,7,82.4,"1224",0,0,0,7,6,35.7,430,福島信晴,栗,350,11105849,00732,00396,0716141217,奈村信重,谷川牧場,カンパニー,ナムラハル,アドマイヤベガ,鹿毛,110426,   20.2,  ,    ,48.1
16,01,30,1,中京,5,01,未勝利,7,ダ,1,1200,不,メープルパール    ,牝,3,松山弘平,54.0,16,01,3,3,0,0.8,7,73.1,"1131",0,0,0,1,1,38.5,418,和田正一,美,130,13101545,01126,01114,0716150101,スピードファーム,スピードフアーム,アドマイヤオーラ,ハニーカラー,スピードワールド,栗毛,130404,   14.8,  ,    ,39.9
16,01,30,1,中京,5,01,未勝利,7,ダ,1,1200,不,レッドボルテクス  ,牡,3,鮫島克駿,54.0,16,02,9,9,0,1.5,2,73.8,"1138",0,0,0,8,8,37.9,492,松田国英,栗,0,13104597,01157,01011,0716150102,東京ホースレーシン,飛野牧場,キングカメハメハ,プレイガール,Caerleon,栗毛,130313,    6.7,  ,    ,44.7
16,01,30,1,中京,5,01,未勝利,7,ダ,1,1200,不,ウインプリマ      ,牝,3,黛弘人,54.0,16,03,12,12,0,2.9,13,75.2,"1152",0,0,0,12,10,38.9,428,高橋祥泰,美,0,13101440,01109,00359,0716150103,ウイン,コスモヴューファー,メイショウボーラー,ケイアイダンサー,フォーティナイナー,栗毛,130219,   91.3,  ,    ,43.3
16,01,30,1,中京,5,01,未勝利,7,ダ,1,1200,不,メイショウヒナタ  ,牝,3,木幡初也,51.0,16,04,4,4,0,1.1,5,73.4,"1134",0,0,0,14,14,36.7,456,牧浦充徳,栗,75,13103363,01153,01113,0716150104,松本好雄,木戸口牧場,メイショウボーラー,トロピカルベリーズ,ダンスインザダーク,青鹿,130522,   10.3,  ,    ,50.0
16,01,30,1,中京,5,01,未勝利,7,ダ,1,1200,不,リヴァイタライズ  ,牡,3,バルジュ,56.0,16,05,6,6,0,1.2,9,73.5,"1135",0,0,0,12,13,37.3,488,高野友和,栗,0,13105896,05336,01117,0716150105,サンデーレーシング,ノーザンファーム,シンボリクリスエス,シャルロットノアル,フジキセキ,青鹿,130330,   22.4,  ,    ,47.1
16,01,30,1,中京,5,01,未勝利,7,ダ,1,1200,不,フォルス          ,牡,3,丸田恭介,56.0,16,06,1,1,0,-0.8,4,72.3,"1123",0,0,0,2,2,37.7,490,大竹正博,美,500,13103910,01117,01102,0716150106,ウエスタンファーム,ウエスタンファーム,ファスリエフ,ベベコリエンド,"More Than Ready",鹿毛,130331,    8.9,  ,    ,41.8
16,01,30,1,中京,5,01,未勝利,7,ダ,1,1200,不,シルヴィーボーテ  ,牝,3,丸山元気,54.0,16,07,5,5,0,1.2,6,73.5,"1135",0,0,0,8,10,37.5,456,松永昌博,栗,50,13102956,01127,01083,0716150107,菅原広隆,小島牧場,キングカメハメハ,ナナヨーティアラ,マイネルラヴ,鹿毛,130404,   14.4,  ,    ,46.0
16,01,30,1,中京,5,01,未勝利,7,ダ,1,1200,不,ディアヒラリー    ,牝,3,加藤祥太,52.0,16,08,15,15,0,4,10,76.3,"1163",0,0,0,3,3,41.4,428,羽月友彦,栗,0,13105766,01156,01091,0716150108,永田和彦,ノーザンファーム,ネオユニヴァース,アドマイヤヒラリー,Nashwan,栗毛,130209,   26.2,  ,    ,34.3
16,01,30,1,中京,5,01,未勝利,7,ダ,1,1200,不,タガノシェーヴル  ,牡,3,北村友一,56.0,16,09,2,2,0,0.8,3,73.1,"1131",0,0,0,8,8,37.1,434,今野貞一,栗,200,13101745,01102,01128,0716150109,八木良司,新冠タガノファーム,カジノドライヴ,ラヴソレイユ,フジキセキ,栗毛,130301,    7.7,  ,    ,47.0
16,01,30,1,中京,5,01,未勝利,7,ダ,1,1200,不,シゲルオニアジ    ,牝,3,城戸義政,52.0,16,10,13,13,0,3.5,11,75.8,"1158",0,0,0,5,5,40.5,468,坂口正則,栗,0,13103152,01147,00356,0716150110,森中蕃,三好牧場,パイロ,シゲルオセンノカタ,バゴ,鹿毛,130417,   37.7,  ,    ,37.2
16,01,30,1,中京,5,01,未勝利,7,ダ,1,1200,不,ビップフウマ      ,牡,3,幸英明,56.0,16,11,9,9,0,1.5,1,73.8,"1138",0,0,0,4,3,38.8,532,松下武士,栗,0,13105908,00732,01149,0716150111,鈴木邦英,ノーザンファーム,キンシャサノキセキ,シンフォニーライツ,Vindication,鹿毛,130417,    2.3,  ,    ,40.2
16,01,30,1,中京,5,01,未勝利,7,ダ,1,1200,不,ウィンディ        ,牡,3,太宰啓介,56.0,16,12,11,11,0,2.7,8,75,"1150",0,0,0,5,5,39.8,446,田中清隆,美,0,13102800,01037,00408,0716150112,臼倉勲,エムエム、ヤマダフ,スウェプトオーヴァーボード,コウユーナナエヤエ,アグネスデジタル,鹿毛,130328,   18.7,  ,    ,38.4
16,01,30,1,中京,5,01,未勝利,7,ダ,1,1200,不,ウメジマコマチ    ,牝,3,長岡禎仁,54.0,16,13,14,14,0,3.9,16,76.2,"1162",0,0,0,15,15,39.2,414,柄崎孝,美,0,13100967,01142,00380,0716150113,村田滋,松平牧場,ヴァーミリアン,ナスニコイシテ,アジュディケーティング,鹿毛,130421,  362.0,  ,    ,44.4
16,01,30,1,中京,5,01,未勝利,7,ダ,1,1200,不,トキメキユキチャン,牝,3,吉田隼人,54.0,16,14,8,8,0,1.5,12,73.8,"1138",0,0,0,8,10,37.8,436,佐藤吉勝,美,0,13104089,01095,01035,0716150114,片岡正雄,片岡牧場,ブライアンズタイム,トキメキハニー,フジキセキ,青鹿,130420,   65.7,  ,    ,45.2
16,01,30,1,中京,5,01,未勝利,7,ダ,1,1200,不,チェダー          ,セ,3,中谷雄太,56.0,16,15,7,7,0,1.4,14,73.7,"1137",0,0,0,7,5,38.3,468,金成貴史,美,0,13104339,01038,01132,0716150115,四本昭弘,タイヘイ牧場,アドマイヤムーン,モンテミウ,ボストンハーバー,栗毛,130316,  184.2,  ,    ,42.4
16,01,30,1,中京,5,01,未勝利,7,ダ,1,1200,不,ドジョウスクイ    ,牡,3,伊藤工真,56.0,16,16,16,16,0,4.7,15,77,"1170",0,0,0,16,16,39.2,426,石毛善彦,美,0,13102668,01119,00428,0716150116,小田切有一,小田牧場,エーシンフォワード,シンジルキボウアイ,ジャングルポケット,鹿毛,130430,  286.7,  ,    ,46.4
16,01,30,1,中京,5,02,未勝利・若,7,ダ,1,1800,不,サンケネット      ,牝,3,嶋田純次,54.0,16,01,14,14,0,3.4,11,118.6,"1586",0,13,14,15,15,40.4,446,伊藤伸一,美,0,13106325,01134,01031,0716150201,加藤信之,浦河育成牧場,スウィフトカレント,ホッコーマイクイン,タイキシャトル,青鹿,130514,   70.2,  ,    ,46.8
16,01,30,1,中京,5,02,未勝利・若,7,ダ,1,1800,不,ウインマッキンリー,牡,3,伴啓太,54.0,16,02,8,8,0,1.6,9,116.8,"1568",0,4,6,7,6,39.8,486,金成貴史,美,0,13101439,01149,01132,0716150202,ウイン,コスモヴューファー,コンデュイット,グレートキャティ,サクラユタカオー,栗毛,130402,   44.4,  ,    ,46.7
16,01,30,1,中京,5,02,未勝利・若,7,ダ,1,1800,不,ニシノタイタン    ,牡,3,原田和真,56.0,16,03,1,1,0,0,2,115.2,"1552",0,6,6,6,3,38.4,546,小桧山悟,美,500,13102919,01143,01005,0716150203,西山茂行,高昭牧場,カジノドライヴ,ソシアルチャーム,"Silver Charm",鹿毛,130330,    3.8,  ,    ,50.0
16,01,30,1,中京,5,02,未勝利・若,7,ダ,1,1800,不,カレンコマンドール,牡,3,加藤祥太,54.0,16,04,0,0,1,999.9,0,0,"----",0,0,0,0,0,0,0,安田隆行,栗,0,13100499,01156,00438,0716150204,鈴木隆司,高柳隆男,ベーカバド,カレンママ,エンドスウィープ,鹿毛,130508,    0.0,  ,    , 0.0
16,01,30,1,中京,5,02,未勝利・若,7,ダ,1,1800,不,スクリューネイバー,牡,3,三津谷隼,53.0,16,05,7,7,0,1.2,6,116.4,"1564",0,4,4,3,3,39.8,496,南井克巳,栗,0,13104790,01159,01049,0716150205,松元保,フジワラフアーム,ブラックタイド,ヒカルトクタイセイ,スターオブコジーン,芦毛,130406,   18.1,  ,    ,46.2
16,01,30,1,中京,5,02,未勝利・若,7,ダ,1,1800,不,タマモワッショイ  ,牡,3,木幡初也,53.0,16,06,9,9,0,2,7,117.2,"1572",0,11,10,11,10,39.9,454,伊藤圭三,美,0,13104855,01153,01023,0716150206,タマモ,前田牧場,マツリダゴッホ,チャームダンス,アフリート,鹿毛,130329,   21.7,  ,    ,46.9
16,01,30,1,中京,5,02,未勝利・若,7,ダ,1,1800,不,プルシアロワイヤル,牝,3,横山和生,54.0,16,07,4,4,0,0.4,8,115.6,"1556",0,11,10,13,13,38,432,小野次郎,美,75,13102202,01140,01125,0716150207,ミルファーム,小河豊水,ジャングルポケット,グレートダンサー,ネオユニヴァース,鹿毛,130409,   26.1,  ,    ,52.1
16,01,30,1,中京,5,02,未勝利・若,7,ダ,1,1800,不,ウインウェルス    ,牡,3,花田大昂,56.0,16,08,5,5,0,0.7,4,115.9,"1559",0,15,14,7,8,38.9,502,吉田直弘,栗,50,13103498,01137,01101,0716150208,ウイン,高野牧場,プリサイスエンド,ロングパイル,スペシャルウィーク,栗毛,130319,    8.4,  ,    ,49.0
16,01,30,1,中京,5,02,未勝利・若,7,ダ,1,1800,不,サンプライス      ,牝,3,平野優,54.0,16,09,15,15,0,3.7,10,118.9,"1589",0,8,8,7,10,41.8,460,千田輝彦,栗,0,13103182,01132,01120,0716150209,加藤信之,山田牧場,スウィフトカレント,マイネパトリシア,シルヴァーエンディング,青鹿,130508,   57.6,  ,    ,42.2
16,01,30,1,中京,5,02,未勝利・若,7,ダ,1,1800,不,ロードレグナム    ,牡,3,鮫島克駿,54.0,16,10,3,3,0,0.2,1,115.4,"1554",0,3,3,3,3,38.7,502,浅見秀一,栗,130,13102315,01157,00411,0716150210,ロードホースクラブ,ケイアイファーム,ハーツクライ,レディプリンセス,ブライアンズタイム,青鹿,130228,    3.2,  ,    ,49.1
16,01,30,1,中京,5,02,未勝利・若,7,ダ,1,1800,不,ティーパフォーマー,牝,3,水口優也,54.0,16,11,2,2,0,0,3,115.2,"1552",0,1,1,1,1,38.8,430,牧田和弥,栗,200,13100060,01133,01123,0716150211,深見富朗,いとう牧場,スパイキュール,ナムラメロディー,ジェイドロバリー,黒鹿,130425,    4.3,  ,    ,48.5
16,01,30,1,中京,5,02,未勝利・若,7,ダ,1,1800,不,ケンブリッジエス  ,牡,3,藤懸貴志,56.0,16,12,10,10,0,2.3,13,117.5,"1575",0,10,10,13,14,39.8,452,山内研二,栗,0,13101364,01138,00388,0716150212,中西宏彰,川上牧場,マーベラスサンデー,トモロネヴァノウズ,ブライアンズタイム,栗毛,130520,   80.5,  ,    ,47.6
16,01,30,1,中京,5,02,未勝利・若,7,ダ,1,1800,不,リネンジェット    ,牡,3,小野寺祐,56.0,16,13,13,13,0,3.1,15,118.3,"1583",0,13,10,11,10,41,480,和田雄二,美,0,13100942,01123,01143,0716150213,戸山昌彦,前川義則,オレハマッテルゼ,リネンステージ,シャンハイ,青鹿,130410,  186.6,  ,    ,44.3
16,01,30,1,中京,5,02,未勝利・若,7,ダ,1,1800,不,アズミノニフクカゼ,牡,3,長岡禎仁,56.0,16,14,12,12,0,2.8,14,118,"1580",0,6,4,3,6,41.4,466,中野栄治,美,0,13106440,01142,01010,0716150214,芳賀克也,アイオイファーム,ファルブラヴ,ドラマチックメリア,マンハッタンカフェ,栗毛,130418,   85.7,  ,    ,42.5
16,01,30,1,中京,5,02,未勝利・若,7,ダ,1,1800,不,スリーサンレーザー,牝,3,中井裕二,54.0,16,15,11,11,0,2.7,12,117.9,"1579",0,2,2,2,2,41.5,492,目野哲也,栗,0,13103585,01141,00387,0716150215,永井商事,辻牧場,ジャイアントレッカー,スリーサンナイナー,"Forty Niner",黒鹿,130217,   75.9,  ,    ,42.0
16,01,30,1,中京,5,02,未勝利・若,7,ダ,1,1800,不,スリーハーツクライ,牡,3,城戸義政,54.0,16,16,6,6,0,1.1,5,116.3,"1563",0,8,8,7,8,39.3,472,南井克巳,栗,0,13103411,01147,01049,0716150216,永井商事,金成吉田牧場,ハーツクライ,スリーエナジー,コマンダーインチーフ,鹿毛,130323,   10.0,  ,    ,48.0
16,01,30,1,中京,5,03,未勝利・牝,7,ダ,1,1400,不,テイエムオールマル,牝,3,加藤祥太,52.0,16,01,8,8,0,1.7,12,87.4,"1274",0,0,0,6,6,39,406,奥村豊,栗,0,13103819,01156,01146,0716150301,竹園正繼,室田千秋,トワイニング,クレバーダンス,ダンスインザダーク,栗毛,130308,   71.4,  ,    ,43.1
16,01,30,1,中京,5,03,未勝利・牝,7,ダ,1,1400,不,ブルーネビュラ    ,牝,3,横山和生,54.0,16,02,7,7,0,1.6,8,87.3,"1273",0,0,0,13,11,38.4,446,畠山吉宏,美,0,13102261,01140,01048,0716150302,YGGホースクラブ,加野牧場,サムライハート,ブルーポラリス,ウェイオブライト,鹿毛,130308,   33.6,  ,    ,45.5
16,01,30,1,中京,5,03,未勝利・牝,7,ダ,1,1400,不,タマモブレスレット,牝,3,藤岡康太,54.0,16,03,6,6,0,1.6,6,87.3,"1273",0,0,0,7,7,38.7,426,藤沢則雄,栗,0,13100490,01116,01041,0716150303,タマモ,スマイルファーム,ナカヤマフェスタ,チャームペンダント,ボストンハーバー,黒鹿,130212,   16.2,  ,    ,44.2
16,01,30,1,中京,5,03,未勝利・牝,7,ダ,1,1400,不,ピッコラストレーガ,牝,3,吉田隼人,54.0,16,04,9,9,0,1.8,11,87.5,"1275",0,0,0,7,7,39,432,吉田直弘,栗,0,13105360,01095,01101,0716150304,吉田照哉,社台ファーム,ゼンノロブロイ,アナモリ,トワイニング,黒鹿,130222,   67.5,  ,    ,43.3
16,01,30,1,中京,5,03,未勝利・牝,7,ダ,1,1400,不,タガノティアラ    ,牝,3,田中博康,54.0,16,05,13,13,0,3.1,13,88.8,"1288",0,0,0,7,7,40.3,460,石橋守,栗,0,13101716,01104,01140,0716150305,八木良司,新冠タガノファーム,メイショウサムソン,オレンジシュプール,ジャングルポケット,鹿毛,130424,  133.1,  ,    ,40.3
16,01,30,1,中京,5,03,未勝利・牝,7,ダ,1,1400,不,クリノセゴビア    ,牝,3,田中健,54.0,16,06,2,2,0,0.4,1,86.1,"1261",0,0,0,4,4,37.9,452,川村禎彦,栗,200,13102680,01114,01003,0716150306,栗本博晴,様似渡辺牧場,ゼンノロブロイ,クリームパフ,ブライアンズタイム,黒鹿,130407,    3.2,  ,    ,45.4
16,01,30,1,中京,5,03,未勝利・牝,7,ダ,1,1400,不,アレルキナーダ    ,牝,3,和田翼,53.0,16,07,11,11,0,2,15,87.7,"1277",0,0,0,10,11,39,496,千田輝彦,栗,0,13104976,01146,01120,0716150307,服部統祥,チャンピオンズファ,シンボリクリスエス,ヤマノサッシュ,ファルブラヴ,鹿毛,130203,  148.5,  ,    ,43.7
16,01,30,1,中京,5,03,未勝利・牝,7,ダ,1,1400,不,フジクイーン      ,牝,3,鮫島克駿,52.0,16,08,3,3,0,1.1,3,86.8,"1268",0,0,0,4,5,38.6,468,加用正,栗,130,13103621,01157,00425,0716150308,平口信行,笹島智則,クロフネ,ベア,サンデーサイレンス,栗毛,130501,    4.7,  ,    ,43.7
16,01,30,1,中京,5,03,未勝利・牝,7,ダ,1,1400,不,コスモプルート    ,牝,3,黛弘人,54.0,16,09,15,15,0,3.9,16,89.6,"1296",0,0,0,16,16,39.9,412,伊藤伸一,美,0,13101886,01109,01031,0716150309,ビッグレッドファー,ビッグレッドファー,マツリダゴッホ,イシノミューズ,ラムタラ,栗毛,130210,  200.1,  ,    ,43.4
16,01,30,1,中京,5,03,未勝利・牝,7,ダ,1,1400,不,クラウンボルチモア,牝,3,丸田恭介,54.0,16,10,16,16,0,4.2,10,89.9,"1299",0,0,0,10,10,41.1,422,松永康利,美,0,13101339,01117,01093,0716150310,クラウン,カミイスタット,ディープスカイ,ヒシクリッパー,ジャングルポケット,鹿毛,130316,   48.6,  ,    ,39.1
16,01,30,1,中京,5,03,未勝利・牝,7,ダ,1,1400,不,セトノチーター    ,牝,3,幸英明,54.0,16,11,4,4,0,1.2,5,86.9,"1269",0,0,0,1,1,39,448,鈴木孝志,栗,75,13100518,00732,01111,0716150311,難波澄子,滝本健二,マルカシェンク,セトノウインド,ジェネラス,栗毛,130528,    7.5,  ,    ,42.1
16,01,30,1,中京,5,03,未勝利・牝,7,ダ,1,1400,不,シャインアウト    ,牝,3,藤懸貴志,54.0,16,12,12,12,0,2.2,14,87.9,"1279",0,0,0,15,15,38.9,424,音無秀孝,栗,0,13100320,01138,01002,0716150312,下河辺牧場,下河辺牧場,アドマイヤムーン,エクシードワン,ナリタブライアン,黒鹿,130409,  148.3,  ,    ,44.5
16,01,30,1,中京,5,03,未勝利・牝,7,ダ,1,1400,不,オールフォーユー  ,牝,3,川須栄彦,54.0,16,13,14,14,0,3.9,9,89.6,"1296",0,0,0,10,11,40.9,434,高野友和,栗,0,13104532,01128,01117,0716150313,飯田正剛,千代田牧場,シンボリクリスエス,ラブアンドピース,キングカメハメハ,鹿毛,130503,   34.5,  ,    ,39.3
16,01,30,1,中京,5,03,未勝利・牝,7,ダ,1,1400,不,リヴァイバル      ,牝,3,菱田裕二,54.0,16,14,1,1,0,-0.4,4,85.7,"1257",0,0,0,2,2,37.6,496,岡田稲男,栗,500,13102881,01144,01066,0716150314,杉山忠国,桑田牧場,ワイルドラッシュ,ショウナンアクト,フレンチデピュティ,栗毛,130117,    6.6,  ,    ,45.9
16,01,30,1,中京,5,03,未勝利・牝,7,ダ,1,1400,不,マルクデラポム    ,牝,3,川島信二,54.0,16,15,5,5,0,1.3,2,87,"1270",0,0,0,2,2,39,474,松下武士,栗,50,13106313,01062,01149,0716150315,三宅勝俊,昭和牧場,ロージズインメイ,ウキフネ,タイキシャトル,青鹿,130327,    4.6,  ,    ,42.3
16,01,30,1,中京,5,03,未勝利・牝,7,ダ,1,1400,不,ダンツチェック    ,牝,3,松山弘平,54.0,16,16,10,10,0,1.9,7,87.6,"1276",0,0,0,13,11,38.7,490,山内研二,栗,0,13101671,01126,00388,0716150316,山元哲二,中本隆志,スターリングローズ,ディマー,Caerleon,鹿毛,130425,   25.9,  ,    ,44.8
16,01,30,1,中京,5,04,500万下,23,ダ,1,1900,不,スズカレビン      ,牡,5,三津谷隼,54.0,11,01,8,8,0,1.8,11,121.2,"2012",0,5,5,7,6,37.9,488,目野哲也,栗,0,11102884,01159,00387,0716150401,永井啓弍,レイクヴィラファー,シニスターミニスター,アフェクショネイト,クロフネ,鹿毛,110401,   89.3,  ,    ,51.4
16,01,30,1,中京,5,04,500万下,23,ダ,1,1900,不,マコトグランドゥ  ,牡,4,荻野琢真,56.0,11,02,11,11,0,2.4,5,121.8,"2018",0,9,10,11,10,38,482,宮本博,栗,0,12101431,01112,01073,0716150402,ディアマント,白井牧場,ファルブラヴ,マコトエンエン,サンデーサイレンス,栗毛,120428,   16.3,  ,    ,51.8
16,01,30,1,中京,5,04,500万下,23,ダ,1,1900,不,エルドリッジ      ,牡,6,黛弘人,57.0,11,03,1,1,0,0,1,119.4,"1594",0,3,3,3,3,36.3,524,高木登,美,700,10106400,01109,01088,0716150403,一村哲也,桑原牧場,ティンバーカントリー,グレイスフルハート,チーフベアハート,青鹿,100326,    2.4,  ,    ,55.7
16,01,30,1,中京,5,04,500万下,23,ダ,1,1900,不,アイハヴアドリーム,セ,5,石橋脩,57.0,11,04,9,9,0,1.8,10,121.2,"2012",0,5,5,5,6,38,532,高橋文雅,美,0,11103918,01077,01134,0716150404,馬場幸夫,ノーザンファーム,ゼンノロブロイ,ステージヴァージン,トニービン,青毛,110212,   80.3,  ,    ,51.1
16,01,30,1,中京,5,04,500万下,23,ダ,1,1900,不,オアフライダー    ,牡,6,吉田隼人,57.0,11,05,10,10,0,1.8,8,121.2,"2012",0,11,11,10,10,37.6,492,和田雄二,美,0,10100627,01095,01143,0716150405,"Him Rock Racing",タバタファーム,ファスリエフ,ハレクラニ,ブライアンズタイム,鹿毛,100423,   27.7,  ,    ,52.6
16,01,30,1,中京,5,04,500万下,23,ダ,1,1900,不,セプテントリオ    ,セ,6,勝浦正樹,57.0,11,06,4,4,0,1.4,9,120.8,"2008",0,9,9,7,6,37.5,492,中舘英二,美,110,10104400,01025,01153,0716150406,社台レースホース,社台コーポレーショ,ステイゴールド,オータムブリーズ,ティンバーカントリー,黒鹿,100306,   58.1,  ,    ,52.5
16,01,30,1,中京,5,04,500万下,23,ダ,1,1900,不,クリノロッキー    ,牡,6,木幡初也,54.0,11,07,7,7,0,1.7,6,121.1,"2011",0,8,8,7,9,37.7,510,高市圭二,美,0,10101155,01153,01014,0716150407,栗本博晴,ヤナガワ牧場,アフリート,クインズフラッグ,ブライアンズタイム,栗毛,100218,   18.6,  ,    ,52.1
16,01,30,1,中京,5,04,500万下,23,ダ,1,1900,不,サトノメダリスト  ,牡,4,松田大作,56.0,11,08,2,2,0,0,3,119.4,"1594",0,1,1,1,1,36.6,522,藤原英昭,栗,280,12101363,01030,01055,0716150408,里見治,下河辺牧場,ゼンノロブロイ,ハニーローズ,Lode,黒鹿,120411,    4.8,  ,    ,54.4
16,01,30,1,中京,5,04,500万下,23,ダ,1,1900,不,アグリッパーバイオ,牡,5,ヴェロン,57.0,11,09,3,3,0,1.2,4,120.6,"2006",0,2,2,2,2,37.7,458,須貝尚介,栗,180,11103940,05532,01105,0716150409,バイオ,ノーザンファーム,チチカステナンゴ,ソングバード,ダンスインザダーク,黒鹿,110120,   10.3,  ,    ,51.5
16,01,30,1,中京,5,04,500万下,23,ダ,1,1900,不,ドラゴンマジック  ,セ,4,幸英明,56.0,11,10,6,6,0,1.5,7,120.9,"2009",0,3,3,3,3,37.9,508,高橋亮,栗,0,12103211,00732,01136,0716150410,窪田康志,千代田牧場,ステイゴールド,マジカルウーマン,パラダイスクリーク,栗毛,120328,   22.7,  ,    ,51.1
16,01,30,1,中京,5,04,500万下,23,ダ,1,1900,不,レレオーネ        ,牡,4,北村友一,56.0,11,11,5,5,0,1.4,2,120.8,"2008",0,5,7,5,3,37.6,492,吉田直弘,栗,70,12104832,01102,01101,0716150411,キャロットファーム,ノーザンファーム,ディープインパクト,ポトリザリス,Potrillazo,鹿毛,120319,    3.2,  ,    ,52.1
16,01,30,1,中京,5,05,未勝利,7,芝,0,1400,不,タガノガジュマル  ,牡,3,藤岡康太,56.0,18,01,3,3,0,0.4,1,85.5,"1255",0,0,0,1,1,37.8,426,本田優,栗,130,13101727,01116,01099,0716150501,八木良司,八木牧場,キンシャサノキセキ,タガノシャルマン,トニービン,黒鹿,130207,    3.3,  ,    ,44.6
16,01,30,1,中京,5,05,未勝利,7,芝,0,1400,不,コイハオヤスミ    ,牝,3,川島信二,54.0,18,02,14,14,0,2.2,18,87.3,"1273",0,0,0,12,12,38.6,420,田中章博,栗,0,13103404,01062,00413,0716150502,小田切有一,木村牧場,カンパニー,ハナヨメノレン,フジキセキ,栗毛,130210,  221.8,  ,    ,44.6
16,01,30,1,中京,5,05,未勝利,7,芝,0,1400,不,ヤマニンゲイナー  ,牡,3,田中博康,56.0,18,03,12,12,0,1.8,13,86.9,"1269",0,0,0,18,18,37,442,石橋守,栗,0,13101775,01104,01140,0716150503,土井肇,錦岡牧場,ジャングルポケット,ヤマニンアリエル,サンデーサイレンス,青鹿,130317,   76.4,  ,    ,51.1
16,01,30,1,中京,5,05,未勝利,7,芝,0,1400,不,コイスルキセキ    ,牝,3,松山弘平,54.0,18,04,7,7,0,0.8,3,85.9,"1259",0,0,0,9,8,37.7,454,西園正都,栗,0,13106097,01126,01028,0716150504,キャロットファーム,ノーザンファーム,キンシャサノキセキ,マチカネホレルナヨ,Caerleon,鹿毛,130406,    5.8,  ,    ,45.9
16,01,30,1,中京,5,05,未勝利,7,芝,0,1400,不,パテティーク      ,牝,3,石橋脩,54.0,18,05,11,11,0,1.5,8,86.6,"1266",0,0,0,3,5,38.6,426,栗田徹,美,0,13101907,01077,01127,0716150505,ビッグレッドファー,ビッグレッドファー,アドマイヤマックス,コスモパルムドール,Yonaguska,鹿毛,130225,   24.4,  ,    ,43.3
16,01,30,1,中京,5,05,未勝利,7,芝,0,1400,不,ジュラーレ        ,牝,3,丸田恭介,54.0,18,06,2,2,0,0.2,12,85.3,"1253",0,0,0,5,2,37.5,416,日吉正和,栗,200,13104873,01117,01122,0716150506,ヒダカ・ブリーダー,松田牧場,ジャングルポケット,セクシーココナッツ,ダンスインザダーク,鹿毛,130429,   71.9,  ,    ,45.6
16,01,30,1,中京,5,05,未勝利,7,芝,0,1400,不,マイネルロミオ    ,牡,3,黛弘人,56.0,18,07,5,5,0,0.5,11,85.6,"1256",0,0,0,5,2,37.7,472,黒岩陽一,美,50,13100180,01109,01133,0716150507,サラブレッドクラブ,賀張中川牧場,ビービーガルダン,リトルジュリエット,ワイルドラッシュ,青鹿,130420,   40.9,  ,    ,45.3
16,01,30,1,中京,5,05,未勝利,7,芝,0,1400,不,コウザンベル      ,牡,3,熊沢重文,56.0,18,08,6,6,0,0.5,10,85.6,"1256",0,0,0,7,7,37.5,466,湯窪幸雄,栗,0,13102213,00652,01057,0716150508,山下良子,沖田忠幸,ヴァーミリアン,タイキフローラ,タイキシャトル,青鹿,130202,   39.3,  ,    ,46.2
16,01,30,1,中京,5,05,未勝利,7,芝,0,1400,不,オウケンビリーヴ  ,牝,3,ヴェロン,54.0,18,09,1,1,0,-0.2,2,85.1,"1251",0,0,0,3,5,37.1,470,安田隆行,栗,500,13106022,05532,00438,0716150509,福井明,ノーザンファーム,クロフネ,ビスクドール,サンデーサイレンス,芦毛,130125,    3.8,  ,    ,47.0
16,01,30,1,中京,5,05,未勝利,7,芝,0,1400,不,リュクスプレスト  ,牝,3,バルジュ,54.0,18,10,15,15,0,2.2,16,87.3,"1273",0,0,0,15,14,38.2,402,大和田成,美,0,13105620,05336,01124,0716150510,田畑憲士,社台ファーム,ハービンジャー,ブローザキャンドル,サンデーサイレンス,栗毛,130425,  177.0,  ,    ,46.4
16,01,30,1,中京,5,05,未勝利,7,芝,0,1400,不,ナヴラトリ        ,牝,3,加藤祥太,52.0,18,11,10,10,0,1.3,7,86.4,"1264",0,0,0,15,17,37,426,奥村豊,栗,0,13103956,01156,01146,0716150511,田上雅春,岡田スタツド,ヴァーミリアン,スヴレッタ,Nureyev,青鹿,130528,   17.6,  ,    ,50.1
16,01,30,1,中京,5,05,未勝利,7,芝,0,1400,不,ナノセカンド      ,牡,3,高倉稜,56.0,18,12,8,8,0,1.3,5,86.4,"1264",0,0,0,13,12,37.7,440,宮本博,栗,0,13100468,01130,01073,0716150512,近藤克麿,シンボリ牧場,キンシャサノキセキ,スイートチャーム,Cozzene,青鹿,130404,   10.0,  ,    ,46.9
16,01,30,1,中京,5,05,未勝利,7,芝,0,1400,不,ストーリーライター,牝,3,荻野琢真,54.0,18,13,9,9,0,1.3,15,86.4,"1264",0,0,0,14,15,37.2,422,松山将樹,美,0,13104222,01112,01100,0716150513,スリースターズレー,坂本智広,ソングオブウインド,モルフェフラウア,バブルガムフェロー,鹿毛,130211,  138.9,  ,    ,49.2
16,01,30,1,中京,5,05,未勝利,7,芝,0,1400,不,コパハマッテルゼ  ,牡,3,伴啓太,54.0,18,14,17,17,0,2.9,17,88,"1280",0,0,0,15,15,38.8,436,菊沢隆徳,美,0,13101390,01149,01115,0716150514,小林祥晃,川島牧場,オレハマッテルゼ,ヤワラブライト,コマンダーインチーフ,栗毛,130522,  182.9,  ,    ,45.1
16,01,30,1,中京,5,05,未勝利,7,芝,0,1400,不,マイネルアーベント,牡,3,中谷雄太,56.0,18,15,16,16,0,2.7,14,87.8,"1278",0,0,0,9,10,39.3,500,飯田雄三,栗,0,13100004,01038,01050,0716150515,サラブレッドクラブ,アイズスタッド,ケイムホーム,グレイスサンセット,ジャングルポケット,鹿毛,130329,   79.1,  ,    ,42.6
16,01,30,1,中京,5,05,未勝利,7,芝,0,1400,不,スターストリーム  ,牝,3,和田翼,53.0,18,16,18,18,0,4.1,6,89.2,"1292",0,0,0,2,2,41.4,432,千田輝彦,栗,0,13104819,01146,01120,0716150516,ヒダカ・ブリーダー,藤原牧場,ダイワメジャー,リボンストライプ,トニービン,黒鹿,130318,   12.9,  ,    ,36.6
16,01,30,1,中京,5,05,未勝利,7,芝,0,1400,不,ダイメイプリンセス,牝,3,菱田裕二,54.0,18,17,13,13,0,1.9,9,87,"1270",0,0,0,9,10,38.5,496,森田直行,栗,0,13101042,01144,01142,0716150517,宮本孝一,横井哲,キングヘイロー,ダイメイダーク,ダンスインザダーク,黒鹿,130409,   35.7,  ,    ,44.5
16,01,30,1,中京,5,05,未勝利,7,芝,0,1400,不,ゴーフォワード    ,牡,3,鮫島克駿,54.0,18,18,4,4,0,0.4,4,85.5,"1255",0,0,0,7,8,37.3,460,松永昌博,栗,75,13103969,01157,01083,0716150518,前田剛,岡田スタツド,マツリダゴッホ,タマヒカル,パラダイスクリーク,鹿毛,130417,    9.1,  ,    ,46.9
16,01,30,1,中京,5,06,新馬,15,芝,0,1600,不,シルバーパゴダ    ,牝,3,長岡禎仁,54.0,16,01,12,12,0,2.6,15,102.5,"1425",0,0,9,6,7,39.8,366,竹内正洋,美,0,13106090,01142,01152,0716150601,吉田和美,ノーザンファーム,タニノギムレット,マチカネアズサユミ,ティンバーカントリー,黒鹿,130404,  113.6,  ,    ,44.5
16,01,30,1,中京,5,06,新馬,15,芝,0,1600,不,アグネスリバティ  ,牡,3,三津谷隼,53.0,16,02,2,2,0,0,13,99.9,"1399",0,0,15,13,7,37.2,472,宮本博,栗,240,13105355,01159,01073,0716150602,渡辺公美子,社台ファーム,マンハッタンカフェ,アグネスラブ,ジェイドロバリー,黒鹿,130524,   50.7,  ,    ,51.1
16,01,30,1,中京,5,06,新馬,15,芝,0,1600,不,カネトシブレス    ,牝,3,城戸義政,52.0,16,03,1,1,0,0,4,99.9,"1399",0,0,1,1,1,37.6,426,田中章博,栗,600,13101575,01147,00413,0716150603,兼松昌男,武田寛治,ダノンシャンティ,カネトシレジアス,ジャングルポケット,鹿毛,130405,    7.2,  ,    ,49.4
16,01,30,1,中京,5,06,新馬,15,芝,0,1600,不,ライブリシュナイト,牡,3,田中博康,56.0,16,04,8,8,0,1.5,2,101.4,"1414",0,0,14,15,14,38.3,482,石橋守,栗,0,13100323,01104,01140,0716150604,加藤哲郎,下河辺牧場,ブラックタイド,ギネビアケイ,"Gone West",鹿毛,130308,    5.6,  ,    ,48.9
16,01,30,1,中京,5,06,新馬,15,芝,0,1600,不,ピンクノオウマサン,牝,3,加藤祥太,52.0,16,05,9,9,0,1.6,10,101.5,"1415",0,0,13,13,15,38.2,414,牧浦充徳,栗,0,13102686,01156,01113,0716150605,石川幸司,猿倉牧場,ジャングルポケット,サワヤカブラン,クロフネ,芦毛,130225,   17.3,  ,    ,49.4
16,01,30,1,中京,5,06,新馬,15,芝,0,1600,不,ヴェリタスフェスタ,セ,3,高倉稜,56.0,16,06,4,4,0,0.4,12,100.3,"1403",0,0,9,8,10,37.5,448,佐藤正雄,栗,90,13102075,01130,01025,0716150606,松本洋子,村上雅規,ナカヤマフェスタ,ライムライト,アグネスタキオン,栗毛,130521,   44.0,  ,    ,50.5
16,01,30,1,中京,5,06,新馬,15,芝,0,1600,不,ディバインブレス  ,牝,3,北村友一,54.0,16,07,6,6,0,1.4,6,101.3,"1413",0,0,6,3,2,38.9,434,宮徹,栗,0,13103513,01102,01018,0716150607,橋場勇二,田中スタッド,キャプテントゥーレ,プリリンモンロー,ジェイドロバリー,鹿毛,130507,   10.6,  ,    ,46.2
16,01,30,1,中京,5,06,新馬,15,芝,0,1600,不,アグネスプレジール,牝,3,和田翼,53.0,16,08,3,3,0,0.4,8,100.3,"1403",0,0,12,10,2,37.9,500,長浜博之,栗,150,13103603,01146,00395,0716150608,渡辺公美子,富田牧場,ダイワメジャー,アグネスバラード,ヘネシー,栗毛,130412,   13.0,  ,    ,48.8
16,01,30,1,中京,5,06,新馬,15,芝,0,1600,不,メイショウメリリー,牝,3,田中健,54.0,16,09,5,5,0,1.4,14,101.3,"1413",0,0,3,6,7,38.6,452,坂口正則,栗,60,13103217,01114,00356,0716150609,松本好雄,磯野牧場,オペラハウス,トウカイマイルド,トウカイテイオー,黒鹿,130519,   68.5,  ,    ,47.5
16,01,30,1,中京,5,06,新馬,15,芝,0,1600,不,メイショウレクセラ,牝,3,ヴェロン,54.0,16,10,7,7,0,1.4,1,101.3,"1413",0,0,2,2,2,38.9,456,安田隆行,栗,0,13103754,05532,00438,0716150610,松本好雄,三嶋牧場,キングカメハメハ,ダンシングハピネス,ダンスインザダーク,鹿毛,130324,    5.2,  ,    ,46.2
16,01,30,1,中京,5,06,新馬,15,芝,0,1600,不,ミラボー          ,牝,3,伴啓太,52.0,16,11,14,14,0,2.7,11,102.6,"1426",0,0,5,11,12,39.6,432,牧光二,美,0,13103195,01149,01106,0716150611,高嶋航,吉田ファーム,バゴ,ルクールダンジェ,アグネスタキオン,鹿毛,130505,   40.3,  ,    ,45.5
16,01,30,1,中京,5,06,新馬,15,芝,0,1600,不,ファラオカズマ    ,牡,3,幸英明,56.0,16,12,11,11,0,2.3,3,102.2,"1422",0,0,8,8,10,39.4,448,西浦勝一,栗,0,13100017,00732,01016,0716150612,雅苑興業,天羽牧場,ダイワメジャー,ブルーオアシス,"Sadler's Wells",栗毛,130215,    6.0,  ,    ,45.6
16,01,30,1,中京,5,06,新馬,15,芝,0,1600,不,カスミポップコーン,牡,3,川須栄彦,56.0,16,13,10,10,0,1.9,5,101.8,"1418",0,0,3,3,5,39.3,490,高橋裕,美,0,13102050,01128,00412,0716150613,吉田勝利,村上欽哉,ベーカバド,ママズディッシュ,クロフネ,芦毛,130118,    8.9,  ,    ,45.4
16,01,30,1,中京,5,06,新馬,15,芝,0,1600,不,ドルンベルガー    ,牡,3,勝浦正樹,56.0,16,14,15,15,0,4.2,9,104.1,"1441",0,0,6,3,5,41.5,510,吉田直弘,栗,0,13101110,01025,01101,0716150614,グランデオーナーズ,協栄組合,タイキシャトル,ドナマッハ,アドマイヤベガ,鹿毛,130224,   16.2,  ,    ,40.5
16,01,30,1,中京,5,06,新馬,15,芝,0,1600,不,アルーリングハート,牝,3,鮫島良太,54.0,16,15,13,13,0,2.6,7,102.5,"1425",0,0,9,11,12,39.5,466,松田博資,栗,0,13105307,01099,00348,0716150615,吉田和子,社台コーポレーショ,ダイワメジャー,アルーリングボイス,フレンチデピュティ,栗毛,130115,   11.5,  ,    ,45.7
16,01,30,1,中京,5,06,新馬,15,芝,0,1600,不,エテルナミノル    ,牝,3,石橋脩,54.0,16,16,0,0,1,999.9,0,0,"----",0,0,0,0,0,0,0,本田優,栗,0,13104783,01077,01099,0716150616,吉岡實,フジワラフアーム,エンパイアメーカー,ダイワジェラート,フジキセキ,黒鹿,130524,    0.0,  ,    , 0.0
16,01,30,1,中京,5,07,500万下・牝,23,ダ,1,1400,不,スズカプリティー  ,牝,5,中谷雄太,55.0,16,01,10,10,0,1.2,11,85.9,"1259",0,0,0,9,9,38.1,458,柄崎孝,美,0,11105897,01038,00380,0716150701,永井啓弍,辻牧場,スズカマンボ,スズカフォイル,フレンチデピュティ,鹿毛,110324,  117.1,  ,    ,44.1
16,01,30,1,中京,5,07,500万下・牝,23,ダ,1,1400,不,トリンカファイブ  ,牝,4,幸英明,54.0,16,02,13,13,0,2.1,8,86.8,"1268",0,0,0,1,1,39.9,428,西浦勝一,栗,0,12105893,00732,01016,0716150702,ターフ・スポート,高昭牧場,ステイゴールド,レイドフラワー,コマンダーインチーフ,鹿毛,120412,   24.1,  ,    ,38.2
16,01,30,1,中京,5,07,500万下・牝,23,ダ,1,1400,不,エアリーチューン  ,牝,4,藤懸貴志,54.0,16,03,15,15,0,3.1,14,87.8,"1278",0,0,0,9,10,40,386,柴田光陽,栗,0,12104470,01138,00400,0716150703,中島稔,社台ファーム,ステイゴールド,リーインフォースト,トニービン,黒鹿,120219,  197.4,  ,    ,39.6
16,01,30,1,中京,5,07,500万下・牝,23,ダ,1,1400,不,カクシアジ        ,牝,5,城戸義政,53.0,16,04,9,9,0,0.5,10,85.2,"1252",0,0,0,4,4,38,434,大江原哲,美,0,11100360,01147,01012,0716150704,栗本博晴,下河辺牧場,スウェプトオーヴァーボード,ビフォーダーク,キングカメハメハ,鹿毛,110417,   83.8,  ,    ,43.2
16,01,30,1,中京,5,07,500万下・牝,23,ダ,1,1400,不,ベルディーヴァ    ,牝,4,鮫島克駿,52.0,16,05,5,5,0,0.3,2,85,"1250",0,0,0,2,2,38,480,高野友和,栗,70,12104760,01157,01117,0716150705,キャロットファーム,ノーザンファーム,ダイワメジャー,ハルーワソング,Nureyev,栗毛,120311,    3.2,  ,    ,42.8
16,01,30,1,中京,5,07,500万下・牝,23,ダ,1,1400,不,レディゴーラウンド,牝,4,宮崎北斗,54.0,16,06,2,2,0,0,9,84.7,"1247",0,0,0,7,6,37.2,456,菊沢隆徳,美,280,12104097,01118,01115,0716150706,サンデーレーシング,社台コーポレーショ,クロフネ,レティセントガール,フォーティナイナー,芦毛,120126,   57.6,  ,    ,45.8
16,01,30,1,中京,5,07,500万下・牝,23,ダ,1,1400,不,マコトカンパネッロ,牝,4,藤岡康太,54.0,16,07,1,1,0,0,7,84.7,"1247",0,0,0,11,10,36.8,448,岩戸孝樹,美,700,12105020,01116,01051,0716150707,ディアマント,出口繁夫,デュランダル,マコトコーラン,ブライアンズタイム,栗毛,120517,   18.5,  ,    ,47.6
16,01,30,1,中京,5,07,500万下・牝,23,ダ,1,1400,不,アスタキサンチン  ,牝,4,川須栄彦,54.0,16,08,7,7,0,0.4,5,85.1,"1251",0,0,0,7,8,37.5,456,松下武士,栗,0,12105245,01128,01149,0716150708,三宅勝俊,小葉松幸雄,ヴリル,テンセイフジ,ハウスバスター,栗毛,120506,   14.2,  ,    ,45.2
16,01,30,1,中京,5,07,500万下・牝,23,ダ,1,1400,不,モズマッテタワ    ,牝,6,バルジュ,55.0,16,09,4,4,0,0.1,6,84.8,"1248",0,0,0,11,10,36.8,492,牧浦充徳,栗,110,10105235,05336,01113,0716150709,キャピタル・システ,山口義彦,オレハマッテルゼ,オレンジスペシャル,ジェイドロバリー,黒鹿,100409,   15.3,  ,    ,47.8
16,01,30,1,中京,5,07,500万下・牝,23,ダ,1,1400,不,グレイスミノル    ,牝,4,吉田隼人,54.0,16,10,8,8,0,0.4,3,85.1,"1251",0,0,0,2,2,38.1,480,本田優,栗,0,12100358,01095,01099,0716150710,吉岡實,武田牧場,バゴ,シャンハイレディ,シャンハイ,青鹿,120324,    7.0,  ,    ,42.5
16,01,30,1,中京,5,07,500万下・牝,23,ダ,1,1400,不,クイーンズターフ  ,牝,4,松山弘平,54.0,16,11,3,3,0,0,1,84.7,"1247",0,0,0,6,4,37.3,454,須貝尚介,栗,180,12104793,01126,01105,0716150711,小林英一ホールディ,ノーザンファーム,ディープインパクト,フラッテローザ,ブライアンズタイム,青鹿,120211,    2.6,  ,    ,45.3
16,01,30,1,中京,5,07,500万下・牝,23,ダ,1,1400,不,ホームゲーム      ,牝,4,黛弘人,54.0,16,12,14,14,0,2.4,15,87.1,"1271",0,0,0,14,14,38.9,476,蛯名利弘,美,0,12103375,01109,01131,0716150712,平川浩之,畠山牧場,オレハマッテルゼ,シルクマイホーム,"Storming Home",栗毛,120324,  213.1,  ,    ,42.9
16,01,30,1,中京,5,07,500万下・牝,23,ダ,1,1400,不,エスケイミネルバ  ,牝,4,太宰啓介,54.0,16,13,12,12,0,1.7,16,86.4,"1264",0,0,0,16,16,37.8,458,坪憲章,栗,0,12105938,01037,00361,0716150713,服部新平,鮫川フアーム,メイショウボーラー,メイショウシスタス,バブルガムフェロー,青毛,120327,  241.0,  ,    ,46.4
16,01,30,1,中京,5,07,500万下・牝,23,ダ,1,1400,不,クラウンエンジェル,牝,4,丸田恭介,54.0,16,14,11,11,0,1.5,12,86.2,"1262",0,0,0,11,10,38.2,434,松永康利,美,0,12105670,01117,01093,0716150714,矢野まり子,山田昇史,スウェプトオーヴァーボード,テンシノユメ,エルコンドルパサー,青鹿,120417,  150.3,  ,    ,44.2
16,01,30,1,中京,5,07,500万下・牝,23,ダ,1,1400,不,オールオブナイト  ,牝,5,松田大作,55.0,16,15,6,6,0,0.3,4,85,"1250",0,0,0,14,14,36.7,434,大久保龍,栗,0,11104008,01030,01058,0716150715,市川義美ホールディ,ノーザンファーム,キングカメハメハ,ピサノグラフ,サンデーサイレンス,黒鹿,110401,    7.5,  ,    ,48.7
16,01,30,1,中京,5,07,500万下・牝,23,ダ,1,1400,不,ホホエムオンナ    ,牝,4,丸山元気,54.0,16,16,16,16,0,3.5,13,88.2,"1282",0,0,0,4,6,41,430,浅野洋一,美,0,12105951,01127,00421,0716150716,大北牧場,大北牧場,ミスキャスト,エガオヨシ,タイキシャトル,鹿毛,120331,  152.4,  ,    ,36.3
16,01,30,1,中京,5,08,500万下,23,ダ,1,1800,不,ノーブルクリスタル,牡,4,横山和生,56.0,13,01,8,8,0,2.4,11,113.6,"1536",0,9,8,8,8,37.8,476,水野貴広,美,0,12103940,01140,01094,0716150801,吉木伸彦,レイクヴィラファー,キンシャサノキセキ,メジロジョーンズ,メジロライアン,鹿毛,120425,   81.6,  ,    ,50.3
16,01,30,1,中京,5,08,500万下,23,ダ,1,1800,不,アドマイヤカロ    ,牡,5,藤岡康太,57.0,13,02,5,5,0,1.6,8,112.8,"1528",0,5,5,4,4,37.3,534,中尾秀正,栗,70,11103805,01116,01069,0716150802,近藤利一,ノーザンファーム,ゴールドアリュール,エンゼルカロ,スターオブコジーン,栗毛,110424,   19.3,  ,    ,51.2
16,01,30,1,中京,5,08,500万下,23,ダ,1,1800,不,スマートガイア    ,牡,4,ヴェロン,56.0,13,03,12,12,0,3.3,4,114.5,"1545",0,9,8,7,9,38.9,482,安田隆行,栗,0,12104742,05532,00438,0716150803,大川徹,ノーザンファーム,ゼンノロブロイ,トロピカルブラッサム,"Thunder Gulch",鹿毛,120223,    7.0,  ,    ,47.2
16,01,30,1,中京,5,08,500万下,23,ダ,1,1800,不,キタサンキンボシ  ,牡,5,荻野琢真,57.0,13,04,9,9,0,2.5,6,113.7,"1537",0,2,3,11,12,37.7,486,梅田智之,栗,0,11100225,01112,01084,0716150804,大野商事,グッドラック・ファ,ステイゴールド,キタサンアカデミー,Rodwell,栗毛,110417,   12.9,  ,    ,50.8
16,01,30,1,中京,5,08,500万下,23,ダ,1,1800,不,ラミーロ          ,牡,4,黛弘人,56.0,13,05,11,11,0,3.3,12,114.5,"1545",0,7,6,4,4,39,484,和田雄二,美,0,12102453,01109,01143,0716150805,門野重雄,原口牧場,アサクサデンエン,アラハ,アドマイヤベガ,栗毛,120414,  100.6,  ,    ,46.8
16,01,30,1,中京,5,08,500万下,23,ダ,1,1800,不,クラウンリバティー,牡,4,木幡初也,53.0,13,06,10,10,0,3.3,13,114.5,"1545",0,7,6,4,6,39.1,508,天間昭一,美,0,12101213,01153,01090,0716150806,矢野恭裕,クラウン日高牧場,リンカーン,サザンベル,サウスヴィグラス,鹿毛,120531,  206.4,  ,    ,46.4
16,01,30,1,中京,5,08,500万下,23,ダ,1,1800,不,キータイプ        ,牡,4,勝浦正樹,56.0,13,07,3,3,0,0.9,3,112.1,"1521",0,4,3,2,3,36.9,444,池上昌弘,美,180,12100461,01025,00390,0716150807,北前孔一郎,高瀬敦,フォーティナイナーズサン,キーステージ,ジェニュイン,栗毛,120415,    6.1,  ,    ,51.9
16,01,30,1,中京,5,08,500万下,23,ダ,1,1800,不,デグニティクローズ,牡,5,石橋脩,57.0,13,08,1,1,0,0,2,111.2,"1512",0,2,2,2,2,36.1,532,栗田徹,美,700,11105098,01077,01127,0716150808,ノースヒルズ,ノースヒルズ,ファスリエフ,ドレスコード,サンデーサイレンス,鹿毛,110502,    5.8,  ,    ,54.0
16,01,30,1,中京,5,08,500万下,23,ダ,1,1800,不,ホッコーペリノア  ,牡,4,幸英明,56.0,13,09,0,0,4,999.9,10,0,"----",0,5,13,0,0,0,474,西浦勝一,栗,0,12105882,00732,01016,0716150809,矢部道晃,高昭牧場,キングカメハメハ,ホッコーティアラ,アドマイヤベガ,栗毛,120228,   57.1,  ,    , 0.0
16,01,30,1,中京,5,08,500万下,23,ダ,1,1800,不,アースコネクター  ,牡,5,中谷雄太,57.0,13,10,2,2,0,0,1,111.2,"1512",0,1,1,1,1,36.2,506,和田正道,美,280,11110093,01038,00353,0716150810,グリーンファーム,"FEM Management Cor","Any Given Saturday","Rahy Connection",Rahy,栗毛,110426,    2.6,  ,    ,53.6
16,01,30,1,中京,5,08,500万下,23,ダ,1,1800,不,スマイルフォース  ,牡,4,松山弘平,56.0,13,11,4,4,0,1.5,7,112.7,"1527",0,11,10,11,11,36.6,454,森田直行,栗,110,12106055,01126,01142,0716150811,上茶谷一,ヒダカフアーム,バトルプラン,ジョイフルスマイル,マヤノトップガン,鹿毛,120313,   16.5,  ,    ,54.0
16,01,30,1,中京,5,08,500万下,23,ダ,1,1800,不,アメリカンストーム,牡,4,松田大作,56.0,13,12,6,6,0,1.6,9,112.8,"1528",0,11,10,8,6,37.1,538,相沢郁,美,0,12110039,01030,01020,0716150812,吉澤克己,"Reiko Baum & Micha","Giant's Causeway","Lady Canna",Unbridled,栗毛,120116,   23.5,  ,    ,52.0
16,01,30,1,中京,5,08,500万下,23,ダ,1,1800,不,タイムアラウド    ,牡,6,バルジュ,57.0,13,13,7,7,0,2,5,113.2,"1532",0,13,12,10,9,37.3,460,木原一良,栗,0,10104443,05336,01033,0716150813,シルクレーシング,社台コーポレーショ,ダイワメジャー,タイムトラベリング,ブライアンズタイム,鹿毛,100318,    8.7,  ,    ,51.7
16,01,30,1,中京,5,09,500万下,23,ダ,1,1400,不,キリシマツバサ    ,牡,4,松田大作,56.0,16,01,13,13,0,1,13,85.2,"1252",0,0,0,8,8,37.6,484,石毛善彦,美,0,12109197,01030,00428,0716150901,土屋君春,土屋牧場,スクワートルスクワート,ラッキービクトリー,Dynaformer,黒鹿,120430,  121.1,  ,    ,44.9
16,01,30,1,中京,5,09,500万下,23,ダ,1,1400,不,パトロクロス      ,牡,6,丸山元気,57.0,16,02,10,10,0,0.4,6,84.6,"1246",0,0,0,13,13,36.7,480,栗田徹,美,0,10102449,01127,01127,0716150902,岡田牧雄,岡田スタツド,トワイニング,クラックコード,ダンスインザダーク,栗毛,100317,   14.7,  ,    ,47.9
16,01,30,1,中京,5,09,500万下,23,ダ,1,1400,不,スズカプリオール  ,牡,5,丸田恭介,57.0,16,03,4,4,0,0.1,10,84.3,"1243",0,0,0,14,13,36.3,494,柄崎孝,美,110,11105905,01117,00380,0716150903,永井啓弍,辻牧場,プリサイスエンド,ヘイローマジック,キングヘイロー,鹿毛,110313,   68.5,  ,    ,49.2
16,01,30,1,中京,5,09,500万下,23,ダ,1,1400,不,マイティディーバ  ,牝,4,吉田隼人,54.0,16,04,15,15,0,2.2,11,86.4,"1264",0,0,0,5,5,39,420,和田正道,美,0,12100417,01095,00353,0716150904,古賀和夫,対馬正,バトルプラン,ラヴリゼット,ジャングルポケット,黒鹿,120329,   75.0,  ,    ,41.2
16,01,30,1,中京,5,09,500万下,23,ダ,1,1400,不,ジャズコンボ      ,牡,5,中谷雄太,57.0,16,05,9,9,0,0.2,16,84.4,"1244",0,0,0,8,8,36.9,452,西村真幸,栗,0,11105161,01038,01148,0716150905,礒川正明,平山牧場,トワイニング,ジュバリー,ブライアンズタイム,栗毛,110430,  176.1,  ,    ,46.5
16,01,30,1,中京,5,09,500万下,23,ダ,1,1400,不,コンクエストシチー,牡,4,太宰啓介,56.0,16,06,7,7,0,0.2,7,84.4,"1244",0,0,0,16,16,35.8,474,村山明,栗,0,12102486,01037,01107,0716150906,友駿ホースクラブ,幌村牧場,ネオユニヴァース,フレームオブトゥルース,"Rainbow Quest",栗毛,120407,   29.2,  ,    ,51.8
16,01,30,1,中京,5,09,500万下,23,ダ,1,1400,不,トーコーグリーン  ,牡,6,和田翼,56.0,16,07,11,11,0,0.4,3,84.6,"1246",0,0,0,12,12,36.9,508,橋田満,栗,0,10102630,01146,00362,0716150907,森田藤治,グランド牧場,アグネスタキオン,ヴェスタ,"Fortunate Prospect",黒鹿,100211,   10.9,  ,    ,47.0
16,01,30,1,中京,5,09,500万下,23,ダ,1,1400,不,ツーエムマイスター,牡,4,北村友一,56.0,16,08,2,2,0,0,4,84.2,"1242",0,0,0,1,1,37.2,458,本田優,栗,280,12105538,01102,01099,0716150908,水谷昌晃,丸幸小林牧場,メイショウボーラー,アウロラハート,ゴールドアリュール,黒鹿,120420,   12.1,  ,    ,44.8
16,01,30,1,中京,5,09,500万下,23,ダ,1,1400,不,ヴレクール        ,牡,5,幸英明,57.0,16,09,5,5,0,0.2,1,84.4,"1244",0,0,0,2,2,37.3,510,大久保龍,栗,70,11104091,00732,01058,0716150909,キャロットファーム,ノーザンファーム,ゴールドアリュール,モンプティクール,クロフネ,栗毛,110301,    1.9,  ,    ,44.7
16,01,30,1,中京,5,09,500万下,23,ダ,1,1400,不,アイファーサンディ,牡,4,城戸義政,54.0,16,10,1,1,0,0,2,84.2,"1242",0,0,0,5,5,36.9,470,加藤敬二,栗,700,12103348,01147,00379,0716150910,中島稔,野表篤夫,エイシンサンディ,エフシア,アグネスデジタル,鹿毛,120214,    3.7,  ,    ,46.1
16,01,30,1,中京,5,09,500万下,23,ダ,1,1400,不,ハイイノベーション,牡,4,鮫島克駿,54.0,16,11,16,16,0,2.4,15,86.6,"1266",0,0,0,14,15,38.6,462,坪憲章,栗,0,12105934,01157,00361,0716150911,服部新平,鮫川フアーム,フォーティナイナーズサン,ティアラプリンセス,ラムタラ,栗毛,120427,  167.5,  ,    ,43.3
16,01,30,1,中京,5,09,500万下,23,ダ,1,1400,不,キタサンコンサート,牡,4,鮫島良太,56.0,16,12,8,8,0,0.2,5,84.4,"1244",0,0,0,2,2,37.3,488,昆貢,栗,0,12103439,01099,01044,0716150912,大野商事,藤川フアーム,キンシャサノキセキ,キンセイマル,クロフネ,芦毛,120323,   12.5,  ,    ,44.7
16,01,30,1,中京,5,09,500万下,23,ダ,1,1400,不,ブルーガーディアン,牡,4,田中博康,56.0,16,13,12,12,0,0.6,9,84.8,"1248",0,0,0,8,8,37.2,486,石橋守,栗,0,12102265,01104,01140,0716150913,YGGホースクラブ,加野牧場,マーベラスサンデー,ブルーポラリス,ウェイオブライト,黒鹿,120328,   33.9,  ,    ,46.0
16,01,30,1,中京,5,09,500万下,23,ダ,1,1400,不,モントルルシュマン,牡,4,荻野琢真,56.0,16,14,6,6,0,0.2,8,84.4,"1244",0,0,0,8,8,36.9,460,今野貞一,栗,0,12103156,01112,01128,0716150914,藤井亮輔,千代田牧場,スウェプトオーヴァーボード,サトノサクラ,シンボリクリスエス,鹿毛,120202,   30.7,  ,    ,46.5
16,01,30,1,中京,5,09,500万下,23,ダ,1,1400,不,メイショウカイモン,セ,5,熊沢重文,57.0,16,15,3,3,0,0,14,84.2,"1242",0,0,0,5,5,36.9,476,小島太,美,180,11106163,00652,01013,0716150915,松本好雄,本巣敦,メイショウサムソン,マチカネモユルコイ,サンデーサイレンス,鹿毛,110417,  144.7,  ,    ,46.1
16,01,30,1,中京,5,09,500万下,23,ダ,1,1400,不,ユキノマルガリータ,牝,6,菱田裕二,55.0,16,16,14,14,0,1.5,12,85.7,"1257",0,0,0,2,4,38.6,468,和田正道,美,0,10103284,01144,00353,0716150916,井上基之,フジワラフアーム,スズカマンボ,ユキノシンデレラ,サンダーガルチ,鹿毛,100401,  115.1,  ,    ,41.5
16,01,30,1,中京,5,10,金山特別500,23,芝,0,2200,重,レッドファルダ    ,牡,4,川須栄彦,56.0,10,01,8,8,0,1.2,4,142.2,"2222",0,8,8,8,7,36.3,526,友道康夫,栗,0,12104482,01128,01061,0716151001,東京ホースレーシン,社台コーポレーショ,ゼンノロブロイ,レックスレイノス,Intikhab,栗毛,120216,    5.9,  ,    ,59.4
16,01,30,1,中京,5,10,金山特別500,23,芝,0,2200,重,コアプライド      ,牡,4,藤岡康太,56.0,10,02,6,6,0,1.1,3,142.1,"2221",0,5,5,4,5,36.5,508,和田正道,美,0,12100587,01116,00353,0716151002,前田幸治,ノースヒルズ,マンハッタンカフェ,グローリーブラッド,"Gone West",鹿毛,120308,    5.5,  ,    ,58.5
16,01,30,1,中京,5,10,金山特別500,23,芝,0,2200,重,トウキョウタフガイ,牡,5,菱田裕二,57.0,10,03,9,9,0,1.2,1,142.2,"2222",0,10,10,10,10,35.5,470,松田博資,栗,0,11103545,01144,00348,0716151003,市川義美ホールディ,追分ファーム,キングカメハメハ,リュートフルシティ,ウォーエンブレム,鹿毛,110126,    3.5,  ,    ,62.7
16,01,30,1,中京,5,10,金山特別500,23,芝,0,2200,重,スズカステイボーイ,牡,4,ヴェロン,56.0,10,04,4,4,0,0.8,2,141.8,"2218",0,6,6,6,5,36.2,438,須貝尚介,栗,140,12105401,05532,01105,0716151004,永井啓弍,辻牧場,ステイゴールド,サイレンスアモール,テイエムオペラオー,鹿毛,120305,    4.7,  ,    ,59.4
16,01,30,1,中京,5,10,金山特別500,23,芝,0,2200,重,フロリダパンサー  ,牡,5,高倉稜,57.0,10,05,2,2,0,0.3,6,141.3,"2213",0,1,1,1,1,36.7,494,宮本博,栗,380,11104371,01130,01073,0716151005,吉田照哉,社台ファーム,シンボリクリスエス,ピューマカフェ,サンデーサイレンス,青鹿,110509,    9.8,  ,    ,56.9
16,01,30,1,中京,5,10,金山特別500,23,芝,0,2200,重,モンテエクリプス  ,セ,7,鮫島克駿,57.0,10,06,7,7,0,1.1,9,142.1,"2221",0,3,3,3,3,36.9,462,松田国英,栗,0,09102449,01157,01011,0716151006,毛利喜昭,下河辺牧場,ディープインパクト,ケイウーマン,"Last Tycoon",鹿毛,090311,   28.5,  ,    ,56.9
16,01,30,1,中京,5,10,金山特別500,23,芝,0,2200,重,メイショウヤマホコ,牡,6,幸英明,57.0,10,07,1,1,0,-0.3,5,141,"2210",0,2,2,2,2,36.1,464,藤沢則雄,栗,950,10100155,00732,01041,0716151007,松本好雄,天羽牧場,タニノギムレット,ナリタフローラ,サンデーサイレンス,黒鹿,100414,    6.9,  ,    ,59.0
16,01,30,1,中京,5,10,金山特別500,23,芝,0,2200,重,アグネスマクシム  ,牝,4,丸田恭介,54.0,10,08,3,3,0,0.5,7,141.5,"2215",0,4,4,4,4,36.1,440,鮫島一歩,栗,240,12104110,01117,01046,0716151008,上山牧,社台ファーム,アグネスデジタル,アグネスタラリア,アグネスタキオン,栗毛,120505,   15.0,  ,    ,59.5
16,01,30,1,中京,5,10,金山特別500,23,芝,0,2200,重,サトノファンタス  ,牡,4,バルジュ,56.0,10,09,10,10,0,1.4,10,142.4,"2224",0,9,9,9,9,36.3,426,鹿戸雄一,美,0,12103408,05336,01097,0716151009,里見治,服部牧場,ステイゴールド,レディインディ,"A.P. Indy",鹿毛,120301,   43.1,  ,    ,59.6
16,01,30,1,中京,5,10,金山特別500,23,芝,0,2200,重,スリーヴェローチェ,牡,7,田中博康,57.0,10,10,5,5,0,1,8,142,"2220",0,7,7,7,7,36.1,474,石橋守,栗,95,09103736,01104,01140,0716151010,永井商事,武牧場,ダイワメジャー,スリーローマン,ブライアンズタイム,鹿毛,090215,   27.9,  ,    ,60.0
16,01,30,1,中京,5,11,伊良湖Ｈ1000,43,ダ,1,1400,不,キーブランド      ,牡,7,高倉稜,54.0,16,01,14,14,0,1,13,84.3,"1243",0,0,0,12,14,37,516,宮徹,栗,0,09102591,01130,01018,0716151101,北前孔一郎,田中元寿,ホワイトマズル,キーアマリリス,ブロッコ,鹿毛,090504,   34.5,  ,    ,45.9
16,01,30,1,中京,5,11,伊良湖Ｈ1000,43,ダ,1,1400,不,ゴールドスーク    ,牡,5,藤岡康太,55.0,16,02,2,2,0,0,3,83.3,"1233",0,0,0,7,6,36.5,514,小崎憲,栗,560,11103952,01116,01085,0716151102,サンデーレーシング,ノーザンファーム,ゴールドアリュール,ダークサファイア,"Out of Place",栗毛,110205,    5.8,  ,    ,46.2
16,01,30,1,中京,5,11,伊良湖Ｈ1000,43,ダ,1,1400,不,マルカメテオ      ,牡,4,川須栄彦,54.0,16,03,13,13,0,1,10,84.3,"1243",0,0,0,9,9,37.4,484,羽月友彦,栗,0,12104135,01128,01091,0716151103,日下部猛,社台ファーム,ネオユニヴァース,イクスペクトトゥシャイン,"Mr. Prospector",栗毛,120522,   23.4,  ,    ,44.1
16,01,30,1,中京,5,11,伊良湖Ｈ1000,43,ダ,1,1400,不,シュテルングランツ,牡,5,ヴェロン,56.0,16,04,3,3,0,0.2,2,83.5,"1235",0,0,0,4,3,37,482,須貝尚介,栗,350,11104326,05532,01105,0716151104,酒井孝敏,社台ファーム,ステイゴールド,トゥースペシャル,"Two Punch",黒鹿,110219,    4.9,  ,    ,44.3
16,01,30,1,中京,5,11,伊良湖Ｈ1000,43,ダ,1,1400,不,ココ              ,牝,4,加藤祥太,52.0,16,05,5,5,0,0.3,9,83.6,"1236",0,0,0,4,3,37.1,520,加用正,栗,140,12101342,01156,00425,0716151105,副島義久,下河辺牧場,ロージズインメイ,シルバーベル,"Red Ransom",芦毛,120407,   23.4,  ,    ,44.0
16,01,30,1,中京,5,11,伊良湖Ｈ1000,43,ダ,1,1400,不,ショウナンワダチ  ,牡,5,勝浦正樹,56.0,16,06,10,10,0,0.6,12,83.9,"1239",0,0,0,12,12,36.6,490,大竹正博,美,0,11102041,01025,01102,0716151106,国本哲秀,静内フアーム,ショウナンカンプ,ショウナンマライア,クロフネ,芦毛,110201,   25.9,  ,    ,46.9
16,01,30,1,中京,5,11,伊良湖Ｈ1000,43,ダ,1,1400,不,グレイスフルデイズ,セ,6,石橋脩,54.0,16,07,9,9,0,0.5,16,83.8,"1238",0,0,0,10,11,36.7,496,西園正都,栗,0,10103880,01077,01028,0716151107,グリーンファーム,社台ファーム,チチカステナンゴ,フェイムドグレイス,サンデーサイレンス,芦毛,100402,   63.0,  ,    ,46.3
16,01,30,1,中京,5,11,伊良湖Ｈ1000,43,ダ,1,1400,不,ロゼッタストーン  ,牡,7,中谷雄太,53.0,16,08,4,4,0,0.2,15,83.5,"1235",0,0,0,16,16,36,464,矢作芳人,栗,210,09102128,01038,01075,0716151108,太田珠々子,天羽牧場,ディープインパクト,ローズボー,"Spinning World",鹿毛,090422,   49.0,  ,    ,49.0
16,01,30,1,中京,5,11,伊良湖Ｈ1000,43,ダ,1,1400,不,アイアムナチュラル,牡,5,菱田裕二,54.0,16,09,6,6,0,0.4,6,83.7,"1237",0,0,0,7,6,37,532,長浜博之,栗,0,11104139,01144,00395,0716151109,堀紘一,社台ファーム,ゴールドアリュール,アイアムザウィナー,"Danzig Connection",鹿毛,110222,   12.4,  ,    ,44.7
16,01,30,1,中京,5,11,伊良湖Ｈ1000,43,ダ,1,1400,不,スズカアーサー    ,牡,7,丸田恭介,55.0,16,10,8,8,0,0.4,7,83.7,"1237",0,0,0,12,15,36.4,492,柄崎孝,美,0,09101967,01117,00380,0716151110,永井啓弍,稲原牧場,ラスカルスズカ,アイシースズカ,サンデーサイレンス,鹿毛,090519,   13.7,  ,    ,47.5
16,01,30,1,中京,5,11,伊良湖Ｈ1000,43,ダ,1,1400,不,キタサンウンゲツ  ,牡,5,松山弘平,54.0,16,11,7,7,0,0.4,5,83.7,"1237",0,0,0,12,12,36.4,522,橋口弘次,栗,0,11101278,01126,00343,0716151111,大野商事,木田祐博,ゴールドアリュール,キタサンオウシャン,Kingmambo,鹿毛,110317,   11.9,  ,    ,47.5
16,01,30,1,中京,5,11,伊良湖Ｈ1000,43,ダ,1,1400,不,メイショウホウトウ,牡,5,幸英明,54.0,16,12,12,12,0,0.9,11,84.2,"1242",0,0,0,10,9,37.2,492,沖芳夫,栗,0,11103071,00732,00378,0716151112,松本好雄,大島牧場,スズカマンボ,オオシマパンジー,スキャン,青鹿,110402,   24.8,  ,    ,44.8
16,01,30,1,中京,5,11,伊良湖Ｈ1000,43,ダ,1,1400,不,シュウギン        ,牝,6,吉田隼人,52.0,16,13,15,15,0,1.1,14,84.4,"1244",0,0,0,4,6,37.9,454,高木登,美,0,10103426,01095,01088,0716151113,山住勲,レキシントンファー,スウェプトオーヴァーボード,キングスミール,Theatrical,鹿毛,100416,   44.8,  ,    ,42.0
16,01,30,1,中京,5,11,伊良湖Ｈ1000,43,ダ,1,1400,不,ウインオリファン  ,牡,4,丸山元気,55.0,16,14,11,11,0,0.6,1,83.9,"1239",0,0,0,1,1,37.8,492,上原博之,美,0,12101625,01127,00423,0716151114,ウイン,千葉飯田牧場,デュランダル,レインボークイーン,リンドシェーバー,栗毛,120501,    4.5,  ,    ,41.5
16,01,30,1,中京,5,11,伊良湖Ｈ1000,43,ダ,1,1400,不,ハラペーニョペパー,牝,4,鮫島克駿,52.0,16,15,1,1,0,0,4,83.3,"1233",0,0,0,2,2,37.1,496,加用正,栗,1400,12104484,01157,00425,0716151115,グリーンファーム,社台ファーム,ゼンノロブロイ,レッドチリペッパー,Unbridled,芦毛,120304,    9.4,  ,    ,43.4
16,01,30,1,中京,5,11,伊良湖Ｈ1000,43,ダ,1,1400,不,アドマイヤシャドウ,牡,7,北村友一,54.0,16,16,16,16,0,1.6,8,84.9,"1249",0,0,0,3,5,38.5,494,中尾秀正,栗,0,09100359,01102,01069,0716151116,近藤利一,杵臼牧場,アドマイヤジャパン,アドマイヤイチ,ヘクタープロテクター,鹿毛,090323,   15.6,  ,    ,40.4
16,01,30,1,中京,5,12,鞍ケ池特500,23,芝,0,1600,重,ペガサスボス      ,牡,4,バルジュ,56.0,14,01,7,7,0,1.1,2,98.6,"1386",0,0,4,4,3,37.4,520,矢作芳人,栗,0,12101006,05336,01075,0716151201,天羽牧場,天羽牧場,ディープインパクト,ファイトガリバー,ダイナガリバー,黒鹿,120401,    6.3,  ,    ,48.2
16,01,30,1,中京,5,12,鞍ケ池特500,23,芝,0,1600,重,アフェクシオン    ,牝,4,吉田隼人,54.0,14,02,14,14,0,3.5,14,101,"1410",0,0,1,1,1,40,430,高橋裕,美,0,12100736,01095,00412,0716151202,サラブレッドクラブ,ビッグレッドファー,コンデュイット,マイネミモーゼ,ブライアンズタイム,鹿毛,120206,  168.5,  ,    ,41.5
16,01,30,1,中京,5,12,鞍ケ池特500,23,芝,0,1600,重,ラクアミ          ,牝,4,松山弘平,54.0,14,03,6,6,0,1,5,98.5,"1385",0,0,2,3,3,37.3,454,音無秀孝,栗,0,12104923,01126,01002,0716151203,西浦和男,ノーザンファーム,ダイワメジャー,レイズアンドコール,サクラバクシンオー,栗毛,120130,    8.5,  ,    ,48.4
16,01,30,1,中京,5,12,鞍ケ池特500,23,芝,0,1600,重,ジョーウォルター  ,牡,5,加藤祥太,57.0,14,04,5,5,0,1,7,98.5,"1385",0,0,8,6,6,37.1,470,清水久詞,栗,95,11103203,01156,01110,0716151204,上田けい子,斉藤政志,ゼンノロブロイ,ジョーフュージョン,オペラハウス,鹿毛,110317,   15.1,  ,    ,49.3
16,01,30,1,中京,5,12,鞍ケ池特500,23,芝,0,1600,重,クィーンパレット  ,牝,4,黛弘人,54.0,14,05,10,10,0,1.4,8,98.9,"1389",0,0,6,6,6,37.5,444,柴田政人,美,0,12100379,01109,01007,0716151205,井上久光,大栄牧場,ブラックタイド,カラフルパレット,キングカメハメハ,青鹿,120504,   24.2,  ,    ,48.2
16,01,30,1,中京,5,12,鞍ケ池特500,23,芝,0,1600,重,アルパーシャン    ,牡,4,太宰啓介,56.0,14,06,1,1,0,-0.7,1,97.5,"1375",0,0,12,11,9,35.9,460,昆貢,栗,950,12103064,01037,01044,0716151206,エーティー,武牧場,キングカメハメハ,パーシャンブルー,サンデーサイレンス,栗毛,120225,    2.4,  ,    ,53.0
16,01,30,1,中京,5,12,鞍ケ池特500,23,芝,0,1600,重,タガノロブロイ    ,牡,4,菱田裕二,56.0,14,07,13,13,0,2.9,11,100.4,"1404",0,0,8,12,14,37.7,494,奥村豊,栗,0,12100526,01144,01146,0716151207,八木良司,新冠タガノファーム,ゼンノロブロイ,ブリアンダ,Alzao,鹿毛,120114,   35.7,  ,    ,49.8
16,01,30,1,中京,5,12,鞍ケ池特500,23,芝,0,1600,重,タガノスカイ      ,牝,5,丸山元気,55.0,14,08,12,12,0,2.2,6,99.7,"1397",0,0,14,14,12,37.4,476,浅見秀一,栗,0,11104997,01127,00411,0716151208,八木良司,新冠タガノファーム,チチカステナンゴ,オーバーザスカイ,アグネスタキオン,鹿毛,110201,   14.9,  ,    ,49.9
16,01,30,1,中京,5,12,鞍ケ池特500,23,芝,0,1600,重,ホッコータフネス  ,牡,5,幸英明,57.0,14,09,8,8,0,1.1,12,98.6,"1386",0,0,8,9,9,37,458,西浦勝一,栗,0,11103174,00732,01016,0716151209,矢部道晃,高昭牧場,スズカフェニックス,ホッコーソレイユ,バンブーアトラス,鹿毛,110331,  112.8,  ,    ,49.9
16,01,30,1,中京,5,12,鞍ケ池特500,23,芝,0,1600,重,サトノスティング  ,牡,5,石橋脩,57.0,14,10,4,4,0,0.9,4,98.4,"1384",0,0,5,4,3,37.2,464,的場均,美,140,11104263,01077,01063,0716151210,サトミホースカンパ,社台ファーム,フジキセキ,ジェットスパークル,シンボリクリスエス,青鹿,110411,    7.4,  ,    ,48.7
16,01,30,1,中京,5,12,鞍ケ池特500,23,芝,0,1600,重,ブラックバード    ,牡,4,鮫島克駿,56.0,14,11,2,2,0,0.7,9,98.2,"1382",0,0,2,2,2,37.2,468,加用正,栗,380,12101504,01157,00425,0716151211,"Him Rock Racingホ",タバタファーム,ダイワメジャー,ハレクラニ,ブライアンズタイム,鹿毛,120607,   28.8,  ,    ,48.4
16,01,30,1,中京,5,12,鞍ケ池特500,23,芝,0,1600,重,ホープフルデイズ  ,牝,4,高倉稜,54.0,14,12,11,11,0,2,13,99.5,"1395",0,0,11,12,12,37.2,448,萱野浩二,美,0,12100717,01130,01024,0716151212,サラブレッドクラブ,ビッグレッドファー,マンハッタンカフェ,マイネエスポワール,アグネスデジタル,黒鹿,120224,  160.0,  ,    ,50.5
16,01,30,1,中京,5,12,鞍ケ池特500,23,芝,0,1600,重,ガルデルスリール  ,牝,5,藤岡康太,55.0,14,13,3,3,0,0.9,3,98.4,"1384",0,0,6,6,6,36.9,478,梅田智之,栗,240,11103993,01116,01084,0716151213,吉田勝己,ノーザンファーム,ダイワメジャー,バシマー,"Grand Lodge",鹿毛,110410,    6.8,  ,    ,50.0
16,01,30,1,中京,5,12,鞍ケ池特500,23,芝,0,1600,重,キングナポレオン  ,セ,5,ヴェロン,57.0,14,14,9,9,0,1.2,10,98.7,"1387",0,0,12,9,9,37,482,矢作芳人,栗,0,11103738,05532,01075,0716151214,田畑利彦,ノーザンファーム,ディープインパクト,アイルドフランス,Nureyev,黒鹿,110330,   32.9,  ,    ,50.1
16,01,31,1,中京,6,01,未勝利,7,ダ,1,1800,重,タイセイパートナー,牡,3,酒井学,56.0,16,01,8,8,0,2.3,11,117.7,"1577",0,5,6,10,10,40.4,502,菊川正達,美,0,13104486,01034,01052,0716160101,田中成奉,千代田牧場,クロフネ,トウカイパートナー,ブライアンズタイム,芦毛,130502,   81.4,  ,    ,45.7
16,01,31,1,中京,6,01,未勝利,7,ダ,1,1800,重,スリージェット    ,牡,3,松田大作,56.0,16,02,16,16,0,6.7,13,122.1,"2021",0,2,1,2,7,45.3,486,伊藤圭三,美,0,13104134,01030,01023,0716160102,永井商事,グランド牧場,サウスヴィグラス,ジョンコ,アグネスタキオン,栗毛,130424,   91.2,  ,    ,34.8
16,01,31,1,中京,6,01,未勝利,7,ダ,1,1800,重,ヒッサツ          ,牡,3,宮崎北斗,56.0,16,03,9,9,0,2.3,14,117.7,"1577",0,13,13,15,15,39.7,460,金成貴史,美,0,13105095,01118,01132,0716160103,内田玄祥,青藍牧場,タニノギムレット,ミスセイラン,ダンスインザダーク,黒鹿,130411,  111.9,  ,    ,48.2
16,01,31,1,中京,6,01,未勝利,7,ダ,1,1800,重,アイアンアヴァロン,牝,3,義英真,52.0,16,04,10,10,0,2.4,8,117.8,"1578",0,11,11,13,11,40.2,440,坪憲章,栗,0,13102286,01155,00361,0716160104,池上一馬,グローリーファーム,キャプテントゥーレ,アイアンゴールド,マイネルラヴ,芦毛,130417,   25.7,  ,    ,46.5
16,01,31,1,中京,6,01,未勝利,7,ダ,1,1800,重,ブロンテ          ,牡,3,伊藤工真,56.0,16,05,11,11,0,2.6,12,118,"1580",0,16,15,10,11,40.6,432,宗像義忠,美,0,13102110,01119,00420,0716160105,佐藤壽男,森永聡,クロフネ,サイキョウロマン,サンデーサイレンス,芦毛,130408,   84.6,  ,    ,45.3
16,01,31,1,中京,6,01,未勝利,7,ダ,1,1800,重,モンストルコント  ,牡,3,菱田裕二,56.0,16,06,2,2,0,0.8,5,116.2,"1562",0,1,2,1,1,39.5,484,本田優,栗,200,13105732,01144,01099,0716160106,社台レースホース,社台ファーム,ヴィクトワールピサ,レディイン,Kendor,黒鹿,130523,   13.1,  ,    ,47.1
16,01,31,1,中京,6,01,未勝利,7,ダ,1,1800,重,イーグルバイオ    ,牡,3,丸山元気,56.0,16,07,5,5,0,1.4,9,116.8,"1568",0,11,12,8,3,39.7,502,西浦勝一,栗,50,13101116,01127,01016,0716160107,バイオ,清水牧場,シンボリクリスエス,ケイパブルバイオ,ジェリ,鹿毛,130320,   33.3,  ,    ,47.1
16,01,31,1,中京,6,01,未勝利,7,ダ,1,1800,重,サンナシュア      ,牝,3,嶋田純次,54.0,16,08,14,14,0,3.8,15,119.2,"1592",0,5,6,10,11,41.8,468,中野栄治,美,0,13103887,01134,01010,0716160108,加藤信之,井高牧場,シニスターミニスター,カサパサー,エルコンドルパサー,芦毛,130119,  115.9,  ,    ,42.6
16,01,31,1,中京,6,01,未勝利,7,ダ,1,1800,重,ベルウッドユウキ  ,牡,3,黛弘人,56.0,16,09,15,15,0,4.6,16,120,"2000",0,15,15,15,15,42.1,476,和田雄二,美,0,13105021,01109,01143,0716160109,鈴木照雄,市川牧場,ブラックタイド,エルプリメロ,フレンチデピュティ,鹿毛,130401,  231.3,  ,    ,42.5
16,01,31,1,中京,6,01,未勝利,7,ダ,1,1800,重,キクノシュペール  ,牡,3,吉田隼人,56.0,16,10,4,4,0,1.2,3,116.6,"1566",0,5,6,5,6,39.6,476,吉田直弘,栗,75,13103717,01095,01101,0716160110,菊池五郎,松田憲一,クロフネ,レディブライアン,ブライアンズタイム,芦毛,130328,    4.0,  ,    ,47.2
16,01,31,1,中京,6,01,未勝利,7,ダ,1,1800,重,スズカミラージュ  ,牡,3,中谷雄太,56.0,16,11,1,1,0,-0.8,2,115.4,"1554",0,3,3,2,2,38.7,478,須貝尚介,栗,500,13104374,01038,01105,0716160111,永井啓弍,武牧場,ヨハネスブルグ,ミエノサンデー,サンデーサイレンス,鹿毛,130315,    3.7,  ,    ,49.1
16,01,31,1,中京,6,01,未勝利,7,ダ,1,1800,重,タガノバトラ      ,牝,3,鮫島克駿,52.0,16,12,3,3,0,1.1,4,116.5,"1565",0,4,3,5,3,39.5,416,池添学,栗,130,13105637,01157,01144,0716160112,八木良司,社台ファーム,フレンチデピュティ,ホワイトペッパー,サンデーサイレンス,鹿毛,130514,    6.9,  ,    ,47.5
16,01,31,1,中京,6,01,未勝利,7,ダ,1,1800,重,ゴールデンゲート  ,牡,3,バルジュ,56.0,16,13,6,6,0,1.4,1,116.8,"1568",0,5,5,4,3,39.9,504,中内田充,栗,0,13100567,05336,01137,0716160113,H.H.シェイク・モハ,ダーレー・ジャパン,ステイゴールド,ヴェルヴェットクイーン,Singspiel,黒鹿,130420,    3.6,  ,    ,46.4
16,01,31,1,中京,6,01,未勝利,7,ダ,1,1800,重,コスモアントリア  ,牡,3,高倉稜,56.0,16,14,12,12,0,2.6,7,118,"1580",0,9,10,8,7,40.9,460,飯田雄三,栗,0,13101376,01130,01050,0716160114,ビッグレッドファー,川島牧場,アグネスデジタル,ウインアズライト,フジキセキ,栗毛,130518,   18.9,  ,    ,44.3
16,01,31,1,中京,6,01,未勝利,7,ダ,1,1800,重,シルバーゲイル    ,牡,3,幸英明,56.0,16,15,7,7,0,1.9,10,117.3,"1573",0,14,13,13,14,39.6,494,浜田多実,栗,0,13106301,00732,01138,0716160115,林正道,増本良孝,アドマイヤコジーン,クロネコ,ダンスインザダーク,芦毛,130522,   61.6,  ,    ,48.1
16,01,31,1,中京,6,01,未勝利,7,ダ,1,1800,重,シエラヴェルデ    ,牡,3,勝浦正樹,56.0,16,16,13,13,0,2.8,6,118.2,"1582",0,9,6,5,7,41.2,494,田島俊明,美,0,13105484,01025,01112,0716160116,グリーンファーム,社台ファーム,ナカヤマフェスタ,シンディ,"A.P. Indy",鹿毛,130312,   18.6,  ,    ,43.4
16,01,31,1,中京,6,02,未勝利,7,ダ,1,1400,重,ドンボラーレ      ,牡,3,藤懸貴志,56.0,16,01,4,4,0,0.8,7,86.1,"1261",0,0,0,7,6,38.2,442,牧浦充徳,栗,75,13104977,01138,01113,0716160201,山田貢一,チャンピオンズファ,ドリームジャーニー,リキマドレード,Miswaki,栗毛,130520,   38.8,  ,    ,44.0
16,01,31,1,中京,6,02,未勝利,7,ダ,1,1400,重,ラトナプラ        ,牝,3,幸英明,54.0,16,02,5,5,0,1.1,9,86.4,"1264",0,0,0,15,11,37.8,410,笹田和秀,栗,50,13110049,00732,01104,0716160202,前田葉子,"Bryant H. Prentice","Distorted Humor","Bon Jovi Girl","Malibu Moon",鹿毛,130214,   49.7,  ,    ,46.4
16,01,31,1,中京,6,02,未勝利,7,ダ,1,1400,重,ベルウッドタマド  ,牡,3,宮崎北斗,56.0,16,03,10,10,0,2.8,13,88.1,"1281",0,0,0,7,9,40.2,484,武市康男,美,0,13102384,01118,01089,0716160203,鈴木照雄,田中春美,ゴールドヘイロー,シャンハイファスト,ヒシアリダー,鹿毛,130502,   77.3,  ,    ,39.4
16,01,31,1,中京,6,02,未勝利,7,ダ,1,1400,重,キクノレジェ      ,牡,3,吉田隼人,56.0,16,04,1,1,0,-0.2,1,85.3,"1253",0,0,0,4,4,37.8,472,吉田直弘,栗,500,13100763,01095,01101,0716160204,菊池五郎,野島牧場,フレンチデピュティ,エフエロッチ,スペシャルウィーク,鹿毛,130520,    1.9,  ,    ,44.2
16,01,31,1,中京,6,02,未勝利,7,ダ,1,1400,重,アーリードライヴ  ,牝,3,菱田裕二,54.0,16,05,15,15,0,4.3,6,89.6,"1296",0,0,0,2,2,42.4,484,岡田稲男,栗,0,13105762,01144,01066,0716160205,シルクレーシング,ノーザンファーム,カジノドライヴ,アデンピアモ,アグネスタキオン,芦毛,130220,   32.8,  ,    ,33.5
16,01,31,1,中京,6,02,未勝利,7,ダ,1,1400,重,ショーオレク      ,牡,3,加藤祥太,54.0,16,06,12,12,0,3,8,88.3,"1283",0,0,0,12,8,40.1,462,吉村圭司,栗,0,13105438,01156,01130,0716160206,吉冨学,社台ファーム,コンデュイット,クインリーグレイス,スペシャルウィーク,栗毛,130328,   41.7,  ,    ,40.1
16,01,31,1,中京,6,02,未勝利,7,ダ,1,1400,重,ダッシュビーム    ,牡,3,丸山元気,56.0,16,07,7,7,0,2.4,11,87.7,"1277",0,0,0,4,6,40.2,490,金成貴史,美,0,13104844,01127,01132,0716160207,矢野秀春,真歌田中牧場,サウスヴィグラス,トミノドリーム,ディアブロ,鹿毛,130309,   61.6,  ,    ,38.6
16,01,31,1,中京,6,02,未勝利,7,ダ,1,1400,重,シゲルサンマ      ,牡,3,太宰啓介,56.0,16,08,8,8,0,2.5,12,87.8,"1278",0,0,0,12,11,39.5,518,飯田祐史,栗,0,13100505,01037,01139,0716160208,森中蕃,高山博,ファスリエフ,シゲルバツグン,ジェニュイン,黒鹿,130319,   67.1,  ,    ,41.7
16,01,31,1,中京,6,02,未勝利,7,ダ,1,1400,重,ニシノラディアント,牡,3,酒井学,56.0,16,09,6,6,0,1.5,3,86.8,"1268",0,0,0,4,4,39.3,494,北出成人,栗,0,13103801,01034,01078,0716160209,西山茂行,ミリオンファーム,アドマイヤマックス,スターデュエット,"Dixieland Band",鹿毛,130501,    8.2,  ,    ,40.6
16,01,31,1,中京,6,02,未勝利,7,ダ,1,1400,重,ニシノディアマン  ,牡,3,嶋田純次,56.0,16,10,13,13,0,3.1,16,88.4,"1284",0,0,0,12,11,40.1,476,武井亮,美,0,13102108,01134,01147,0716160210,西村亮二,森永聡,ファスリエフ,サイキョウヒカリ,フレンチデピュティ,鹿毛,130227,  236.4,  ,    ,40.3
16,01,31,1,中京,6,02,未勝利,7,ダ,1,1400,重,アイファーヴリル  ,牡,3,柿原翔,56.0,16,11,16,16,0,6.1,14,91.4,"1314",0,0,0,7,11,43.6,446,飯田雄三,栗,0,13104655,05435,01050,0716160211,中島稔,野表篤夫,ヴリル,マグノリア,サツカーボーイ,栗毛,130318,  132.0,  ,    ,32.2
16,01,31,1,中京,6,02,未勝利,7,ダ,1,1400,重,グラスウォリアー  ,牡,3,的場勇人,56.0,16,12,11,11,0,2.9,10,88.2,"1282",0,0,0,10,9,40.2,482,牧光二,美,0,13104998,01108,01106,0716160212,半沢,静内フジカワ牧場,キャプテントゥーレ,グラスブロード,"Fusaichi Pegasus",芦毛,130322,   61.1,  ,    ,39.6
16,01,31,1,中京,6,02,未勝利,7,ダ,1,1400,重,マイネルゴール    ,牡,3,高倉稜,56.0,16,13,9,9,0,2.7,5,88,"1280",0,0,0,15,16,39.5,444,高橋祥泰,美,0,13102346,01130,00359,0716160213,サラブレッドクラブ,嶋田牧場,ネオユニヴァース,レディナデシコ,ワイルドラッシュ,鹿毛,130302,   21.8,  ,    ,42.1
16,01,31,1,中京,6,02,未勝利,7,ダ,1,1400,重,サンマルトゥーレ  ,牡,3,バルジュ,56.0,16,14,14,14,0,3.1,15,88.4,"1284",0,0,0,11,11,40.3,464,佐藤吉勝,美,0,13100549,05336,01035,0716160214,相馬勇,田端牧場,キャプテントゥーレ,サンマルセイコー,ビワタケヒデ,芦毛,130218,  183.2,  ,    ,39.5
16,01,31,1,中京,6,02,未勝利,7,ダ,1,1400,重,アメリカンイナズマ,牡,3,松若風馬,56.0,16,15,2,2,0,0.2,2,85.5,"1255",0,0,0,1,1,38.3,574,音無秀孝,栗,200,13110020,01154,01002,0716160215,吉澤克己,"Stonestreet Thorou","Smart Strike","River's Prayer","Devon Lane",青鹿,130404,    3.2,  ,    ,42.4
16,01,31,1,中京,6,02,未勝利,7,ダ,1,1400,重,エイシンビジョン  ,牡,3,松田大作,56.0,16,16,3,3,0,0.2,4,85.5,"1255",0,0,0,2,2,38.2,454,藤原英昭,栗,130,13110062,01030,01055,0716160216,栄進堂,"Stonestreet Thorou",Lonhro,"Christine Daae","Giant's Causeway",鹿毛,130314,   11.1,  ,    ,42.9
16,01,31,1,中京,6,03,500万下・牝,23,ダ,1,1800,重,スモーキーナイト  ,牝,4,加藤祥太,52.0,9,01,6,6,0,1,6,116.5,"1565",0,5,5,7,6,37.1,500,吉村圭司,栗,0,12104415,01156,01130,0716160301,市川義美,社台ファーム,シンボリクリスエス,マルカフローリアン,サンデーサイレンス,鹿毛,120331,    8.5,  ,    ,57.0
16,01,31,1,中京,6,03,500万下・牝,23,ダ,1,1800,重,ハギノセゾン      ,牝,5,鮫島克駿,53.0,9,02,4,4,0,0.3,7,115.8,"1558",0,9,7,2,2,37.4,468,鮫島一歩,栗,110,11103385,01157,01046,0716160302,安岡美津子,村下明博,シンボリクリスエス,ハギノエアロ,フジキセキ,青鹿,110403,   12.2,  ,    ,54.8
16,01,31,1,中京,6,03,500万下・牝,23,ダ,1,1800,重,ノーブルガイア    ,牝,7,松田大作,55.0,9,03,9,9,0,1.6,9,117.1,"1571",0,8,8,9,8,37.4,450,土田稔,美,0,09102750,01030,00417,0716160303,菅波立知子,富川田中牧場,マリエンバード,パールピアス,サンシャインフォーエヴァー,黒鹿,090325,   54.5,  ,    ,56.6
16,01,31,1,中京,6,03,500万下・牝,23,ダ,1,1800,重,バードオンアスク  ,牝,5,勝浦正樹,55.0,9,04,7,7,0,1,4,116.5,"1565",0,3,3,4,4,37.5,490,中舘英二,美,0,11102560,01025,01153,0716160304,戸賀智子,藤原牧場,マンハッタンカフェ,アスクコマンダー,コマンダーインチーフ,鹿毛,110312,    7.4,  ,    ,55.3
16,01,31,1,中京,6,03,500万下・牝,23,ダ,1,1800,重,メイショウクローバ,牝,5,義英真,53.0,9,05,1,1,0,-0.3,1,115.5,"1555",0,1,1,1,1,37.3,520,角田晃一,栗,700,11106081,01155,01121,0716160305,松本好雄,三嶋牧場,メイショウサムソン,チアズグレイス,サンデーサイレンス,鹿毛,110414,    3.7,  ,    ,54.8
16,01,31,1,中京,6,03,500万下・牝,23,ダ,1,1800,重,パパラヴズマンボ  ,牝,4,黛弘人,54.0,9,06,2,2,0,0.3,3,115.8,"1558",0,2,2,3,2,37.1,440,藤原辰雄,美,280,12102883,01109,00435,0716160306,グランド牧場,グランド牧場,スズカマンボ,プリモタイム,ブライアンズタイム,青鹿,120326,    4.7,  ,    ,56.1
16,01,31,1,中京,6,03,500万下・牝,23,ダ,1,1800,重,ベーリングメファ  ,牝,4,柿原翔,54.0,9,07,3,3,0,0.3,2,115.8,"1558",0,5,5,6,6,36.5,450,牧浦充徳,栗,180,12102958,05435,01113,0716160307,手嶋康雄,佐竹学,スニッツェル,ミレニアムポップ,Bering,栗毛,120220,    3.8,  ,    ,58.6
16,01,31,1,中京,6,03,500万下・牝,23,ダ,1,1800,重,トウシンハンター  ,牝,4,菱田裕二,54.0,9,08,5,5,0,0.5,5,116,"1560",0,3,3,4,4,37.1,446,松田博資,栗,70,12103182,01144,00348,0716160308,サトー,千代田牧場,エンパイアメーカー,トレンドハンター,マンハッタンカフェ,黒鹿,120415,    7.9,  ,    ,56.3
16,01,31,1,中京,6,03,500万下・牝,23,ダ,1,1800,重,サンレイフローラ  ,牝,6,松若風馬,55.0,9,09,8,8,0,1.2,8,116.7,"1567",0,7,8,7,8,37.3,458,西橋豊治,栗,0,10100109,01154,00434,0716160309,永井宏明,びらとり牧場,スズカマンボ,スズカフローラ,フレンチデピュティ,鹿毛,100405,   31.8,  ,    ,56.4
16,01,31,1,中京,6,04,障害未勝利,7,芝,2,3000,重,ヤマニンアリエッタ,牝,5,小坂忠士,58.0,14,01,10,10,0,4.5,7,207.6,"3276",0,4,3,4,7,13.8,532,山内研二,栗,0,11105064,01063,00388,0716160401,土井肇,錦岡牧場,シンボリクリスエス,ヤマニンファビュル,エアジハード,黒鹿,110311,   16.0,  ,    , 0.0
16,01,31,1,中京,6,04,障害未勝利,7,芝,2,3000,重,インスタントリー  ,牡,4,山本康志,59.0,14,02,11,11,0,9,10,212.1,"3321",0,11,10,11,11,14.1,474,小笠倫弘,美,0,12104949,01008,01076,0716160402,岡浩二,エクセルマネジメン,キングカメハメハ,プラチナガール,ステイゴールド,黒鹿,120303,  101.9,  ,    , 0.0
16,01,31,1,中京,6,04,障害未勝利,7,芝,2,3000,重,シゲルハリマ      ,牡,5,草野太郎,60.0,14,03,6,6,0,2.1,5,205.2,"3252",0,6,6,6,4,13.7,506,伊藤正徳,美,0,11101538,01113,00383,0716160403,森中蕃,三石川上牧場,プリサイスエンド,ライジングフラッグ,ラムタラ,栗毛,110503,   12.1,  ,    , 0.0
16,01,31,1,中京,6,04,障害未勝利,7,芝,2,3000,重,カワキタバルク    ,牡,7,小野寺祐,60.0,14,04,9,9,0,3.6,13,206.7,"3267",0,10,11,10,10,13.8,488,大和田成,美,0,09103031,01123,01124,0716160404,川島吉男,細川牧場,ボーンキング,ラブリーインチーフ,コマンダーインチーフ,青鹿,090506,  148.8,  ,    , 0.0
16,01,31,1,中京,6,04,障害未勝利,7,芝,2,3000,重,クラウンフレイム  ,牡,4,難波剛健,59.0,14,05,4,4,0,1.2,9,204.3,"3243",0,8,8,8,6,13.6,492,大根田裕,栗,110,12101215,01066,01032,0716160405,クラウン,クラウン日高牧場,オンファイア,ハイフレンドモア,"Mt. Livermore",鹿毛,120405,   80.0,  ,    , 0.0
16,01,31,1,中京,6,04,障害未勝利,7,芝,2,3000,重,シゲルウシュウ    ,牡,5,上野翔,60.0,14,06,8,8,0,3,8,206.1,"3261",0,8,8,9,8,13.7,468,水野貴広,美,0,11106505,01087,01094,0716160406,森中蕃,奥山博,スクリーンヒーロー,ケイアイスパイダー,サザンヘイロー,栗毛,110509,   37.4,  ,    , 0.0
16,01,31,1,中京,6,04,障害未勝利,7,芝,2,3000,重,マイネルクレイズ  ,牡,6,高野和馬,60.0,14,07,7,7,0,2.8,6,205.9,"3259",0,6,6,6,8,13.7,504,和田正一,美,0,10105881,01089,01114,0716160407,サラブレッドクラブ,ハシモトフアーム,ダンスインザダーク,ロストインラヴ,ホワイトマズル,黒鹿,100309,   13.8,  ,    , 0.0
16,01,31,1,中京,6,04,障害未勝利,7,芝,2,3000,重,ルミナスギャラン  ,牡,4,金子光希,59.0,14,08,12,12,0,13.2,11,216.3,"3363",0,12,12,12,12,14.4,448,中川公成,美,0,12103090,01052,01081,0716160408,小林都美子,棚川光男,ソングオブウインド,ミスチフ,クロフネ,芦毛,120321,  103.1,  ,    , 0.0
16,01,31,1,中京,6,04,障害未勝利,7,芝,2,3000,重,エルインペレイター,セ,6,浜野谷憲,60.0,14,09,5,5,0,1.4,1,204.5,"3245",0,2,2,2,2,13.6,498,戸田博文,美,75,10103789,00695,01054,0716160409,ジェイアール,社台ファーム,グラスワンダー,スマートカスタム,マンハッタンカフェ,鹿毛,100510,    3.0,  ,    , 0.0
16,01,31,1,中京,6,04,障害未勝利,7,芝,2,3000,重,ヴィクトリースター,牡,8,白浜雄造,60.0,14,10,2,2,0,0.4,2,203.5,"3235",0,5,3,4,4,13.6,486,吉村圭司,栗,300,08102584,01035,01130,0716160410,サンデーレーシング,追分ファーム,ディープインパクト,ヴィクトリークライ,Caerleon,鹿毛,080429,    4.6,  ,    , 0.0
16,01,31,1,中京,6,04,障害未勝利,7,芝,2,3000,重,クリノダイコクテン,牡,5,植野貴也,60.0,14,11,1,1,0,-0.4,4,203.1,"3231",0,2,3,3,3,13.5,484,谷潔,栗,750,11100420,00727,00431,0716160411,栗本博晴,白井牧場,ハーツクライ,メガミゲラン,シエイデイハイツ,栃栗,110308,    4.9,  ,    , 0.0
16,01,31,1,中京,6,04,障害未勝利,7,芝,2,3000,重,サンセドナ        ,牝,4,蓑島靖典,57.0,14,12,0,0,3,999.9,0,0,"----",0,0,0,0,0,0,448,伊藤伸一,美,0,12102726,01068,01031,0716160412,加藤信之,漆原武男,ロッコウオロシ,ソニャトーレ,ジェネラス,栗毛,120328,    0.0,  ,    , 0.0
16,01,31,1,中京,6,04,障害未勝利,7,芝,2,3000,重,マコトサダイジン  ,セ,5,高田潤,60.0,14,13,3,3,0,0.5,3,203.6,"3236",0,1,1,1,1,13.6,464,松田国英,栗,190,11105044,01046,01011,0716160413,ディアマント,新冠橋本牧場,キングカメハメハ,マコトマンリョウ,サンデーサイレンス,栗毛,110329,    4.6,  ,    , 0.0
16,01,31,1,中京,6,04,障害未勝利,7,芝,2,3000,重,アイアムライジング,牡,6,五十嵐雄,60.0,14,14,13,13,0,17.1,12,220.2,"3402",0,13,13,13,13,14.7,540,奥平雅士,美,0,10103652,01069,01074,0716160414,堀紘一,社台ファーム,ネオユニヴァース,アイアムアドーター,デヒア,黒鹿,100507,  144.2,  ,    , 0.0
16,01,31,1,中京,6,05,障害未勝利,7,芝,2,3000,重,メイショウオヤシオ,セ,4,白浜雄造,59.0,14,01,3,3,0,0.5,1,202.2,"3222",0,3,2,2,2,13.5,472,浅見秀一,栗,190,12105338,01035,00411,0716160501,松本好雄,多田善弘,メイショウボーラー,メイショウガーベラ,"Kris S.",栗毛,120331,    1.6,  ,    , 0.0
16,01,31,1,中京,6,05,障害未勝利,7,芝,2,3000,重,スズプリンセス    ,牝,5,小野寺祐,58.0,14,02,14,14,0,14,12,215.7,"3357",0,5,7,11,12,14.4,470,伊藤正徳,美,0,11105978,01123,00383,0716160502,小紫嘉之,日本中央競馬会日高,アルデバラン2,フジティアス,フジキセキ,鹿毛,110315,   76.3,  ,    , 0.0
16,01,31,1,中京,6,05,障害未勝利,7,芝,2,3000,重,ワンパクチョウサン,牡,4,金子光希,59.0,14,03,9,9,0,7.4,8,209.1,"3291",0,12,12,11,11,13.9,430,中舘英二,美,0,12102126,01052,01153,0716160503,チョウサン,坂東牧場,ステイゴールド,シャドウシルエット,シンボリクリスエス,青鹿,120429,   62.2,  ,    , 0.0
16,01,31,1,中京,6,05,障害未勝利,7,芝,2,3000,重,スカイパッション  ,牝,4,平沢健治,57.0,14,04,1,1,0,-0.1,5,201.7,"3217",0,1,1,1,1,13.4,444,作田誠二,栗,750,12101393,01067,01006,0716160504,小林都美子,下河辺牧場,スペシャルウィーク,ユキノマイ,"Rock of Gibraltar",栗毛,120227,   24.7,  ,    , 0.0
16,01,31,1,中京,6,05,障害未勝利,7,芝,2,3000,重,ペルフェクトゥス  ,牝,5,難波剛健,58.0,14,05,11,11,0,12.1,9,213.8,"3338",0,5,7,9,10,14.3,490,福島信晴,栗,0,11105402,01066,00396,0716160505,イクタ,村本牧場,ダンスインザダーク,シマノラピス,オペラハウス,鹿毛,110213,   64.6,  ,    , 0.0
16,01,31,1,中京,6,05,障害未勝利,7,芝,2,3000,重,クラウンロベルト  ,牡,4,上野翔,59.0,14,06,8,8,0,7.3,11,209,"3290",0,2,2,6,7,13.9,438,小野次郎,美,0,12105848,01087,01125,0716160506,矢野恭裕,高昭牧場,ブライアンズタイム,カワカミキラリン,Vindication,青鹿,120212,   73.5,  ,    , 0.0
16,01,31,1,中京,6,05,障害未勝利,7,芝,2,3000,重,ホーカーテンペスト,セ,7,五十嵐雄,60.0,14,07,2,2,0,0.1,2,201.8,"3218",0,7,5,4,3,13.5,516,藤沢和雄,美,300,09106388,01069,00386,0716160507,キャロットファーム,ノーザンファーム,"Hawk Wing",リッチダンサー,Halling,栗毛,090411,    3.7,  ,    , 0.0
16,01,31,1,中京,6,05,障害未勝利,7,芝,2,3000,重,アルテミシア      ,牝,6,浜野谷憲,58.0,14,08,6,6,0,3.1,7,204.8,"3248",0,8,9,8,7,13.7,488,古賀史生,美,0,10101239,00695,00392,0716160508,岡田牧雄,小河豊水,クロフネ,エイシンアイノウタ,サンデーサイレンス,鹿毛,100529,   30.8,  ,    , 0.0
16,01,31,1,中京,6,05,障害未勝利,7,芝,2,3000,重,エンパイアライン  ,牝,4,山本康志,57.0,14,09,10,10,0,8.4,6,210.1,"3301",0,11,9,9,9,14,510,清水英克,美,0,12103814,01008,01080,0716160509,ノルマンディーサラ,笹川大晃牧場,エンパイアメーカー,サクセスビスケット,サンデーサイレンス,黒鹿,120611,   29.9,  ,    , 0.0
16,01,31,1,中京,6,05,障害未勝利,7,芝,2,3000,重,サクラアドニス    ,牡,8,小坂忠士,60.0,14,10,7,7,0,5.1,4,206.8,"3268",0,8,5,4,5,13.8,472,村山明,栗,0,08100495,01063,01107,0716160510,さくらコマース,谷岡牧場,サクラプレジデント,サクラウォーニング,ウォーニング,黒鹿,080310,   11.9,  ,    , 0.0
16,01,31,1,中京,6,05,障害未勝利,7,芝,2,3000,重,ワンダーウインディ,牡,4,田村太雅,59.0,14,11,13,13,0,12.6,14,214.3,"3343",0,14,14,14,14,14.3,516,佐藤正雄,栗,0,12102360,01105,01025,0716160511,山本能成,城地清満,ワンダースピード,ジョプリンガール,"Silver Hawk",黒鹿,120524,  179.1,  ,    , 0.0
16,01,31,1,中京,6,05,障害未勝利,7,芝,2,3000,重,モリトブイコール  ,セ,8,高野和馬,60.0,14,12,4,4,0,1.4,10,203.1,"3231",0,8,9,6,5,13.5,482,小桧山悟,美,110,08106354,01089,01005,0716160512,石橋忠之,スガタ牧場,オンファイア,プリンセスヒムカ,プリンスオブバーズ,栗毛,080215,   70.8,  ,    , 0.0
16,01,31,1,中京,6,05,障害未勝利,7,芝,2,3000,重,セイクリッドロード,セ,7,蓑島靖典,60.0,14,13,5,5,0,1.8,3,203.5,"3235",0,3,2,2,3,13.6,510,高橋裕,美,75,09106336,01068,00412,0716160513,岡田牧雄,ノーザンファーム,シンボリクリスエス,ホーリーブラウン,フジキセキ,鹿毛,090501,    9.6,  ,    , 0.0
16,01,31,1,中京,6,05,障害未勝利,7,芝,2,3000,重,シゲルワッショイ  ,牡,4,草野太郎,59.0,14,14,12,12,0,12.4,13,214.1,"3341",0,12,13,13,13,14.3,488,萱野浩二,美,0,12102260,01113,01024,0716160514,森中蕃,加野牧場,プリサイスエンド,グロリアスシーン,キンググローリアス,栗毛,120511,   86.4,  ,    , 0.0
16,01,31,1,中京,6,06,500万下,23,ダ,1,1200,重,メイショウアバラガ,牡,4,幸英明,56.0,16,01,2,2,0,0,2,71.6,"1116",0,0,0,8,8,36.3,508,角田晃一,栗,280,12105845,00732,01121,0716160601,松本和子,高昭牧場,エンパイアメーカー,オールオールオール,アグネスタキオン,鹿毛,120327,    4.6,  ,    ,47.2
16,01,31,1,中京,6,06,500万下,23,ダ,1,1200,重,メイスンヴィーナス,牝,4,丹内祐次,54.0,16,02,16,16,0,2.6,15,74.2,"1142",0,0,0,4,4,39.2,478,岩戸孝樹,美,0,12106276,01091,01051,0716160602,梅村浩,土田和男,サウスヴィグラス,スタートウショウ,スキャターザゴールド,栗毛,120330,   70.9,  ,    ,39.3
16,01,31,1,中京,6,06,500万下,23,ダ,1,1200,重,ザショットアロー  ,牡,6,木幡初也,54.0,16,03,11,11,0,1.6,7,73.2,"1132",0,0,0,14,13,37.2,514,粕谷昌央,美,0,10102318,01153,01096,0716160603,ターフ・スポート,村下牧場,マイネルラヴ,ヨドノドリーマ,ラムタラ,鹿毛,100322,   14.3,  ,    ,46.8
16,01,31,1,中京,6,06,500万下,23,ダ,1,1200,重,ウエスタンニンジャ,牡,5,太宰啓介,57.0,16,04,3,3,0,0.3,13,71.9,"1119",0,0,0,11,11,36.3,472,田中清隆,美,180,11101699,01037,00408,0716160604,西川賢,ウエスタンファーム,サムライハート,ウエスタンレジーナ,ダンシングブレーヴ,栗毛,110216,   65.3,  ,    ,48.1
16,01,31,1,中京,6,06,500万下,23,ダ,1,1200,重,ウーマン          ,牝,4,城戸義政,52.0,16,05,15,15,0,2.6,14,74.2,"1142",0,0,0,10,9,38.8,474,大江原哲,美,0,12101161,01147,01012,0716160605,栗本博晴,加藤牧場,デュランダル,ハリケンアスリート,フサイチコンコルド,青鹿,120416,   66.5,  ,    ,41.2
16,01,31,1,中京,6,06,500万下,23,ダ,1,1200,重,アスターペニー    ,牝,4,義英真,52.0,16,06,8,8,0,1.5,16,73.1,"1131",0,0,0,12,13,37.2,450,加藤敬二,栗,0,12103772,01155,00379,0716160606,加藤久枝,新井牧場,クリストワイニング,ヒサクィーン,アグネスタキオン,鹿毛,120428,  111.5,  ,    ,46.5
16,01,31,1,中京,6,06,500万下,23,ダ,1,1200,重,スリーエスペラント,牡,6,松田大作,57.0,16,07,9,9,0,1.5,12,73.1,"1131",0,0,0,12,12,37.3,512,西橋豊治,栗,0,10102875,01030,00434,0716160607,永井商事,武牧場,スズカフェニックス,スリーエチュード,タイキシャトル,栗毛,100228,   58.6,  ,    ,46.0
16,01,31,1,中京,6,06,500万下,23,ダ,1,1200,重,ゴマスリオトコ    ,牡,4,加藤祥太,54.0,16,08,12,12,0,1.7,9,73.3,"1133",0,0,0,15,15,37,518,音無秀孝,栗,0,12105326,01156,01002,0716160608,小田切有一,高野牧場,オレハマッテルゼ,アッチッチ,アフリート,黒鹿,120505,   20.9,  ,    ,48.1
16,01,31,1,中京,6,06,500万下,23,ダ,1,1200,重,サンアルパイン    ,牡,4,岩部純二,56.0,16,09,13,13,0,1.9,11,73.5,"1135",0,0,0,16,16,37,498,萱野浩二,美,0,12105076,00726,01024,0716160609,加藤ステーブル,今井秀樹,アッミラーレ,ライデンガール,ワカオライデン,鹿毛,120512,   55.4,  ,    ,48.6
16,01,31,1,中京,6,06,500万下,23,ダ,1,1200,重,ウエスタンユーノー,牝,5,伴啓太,53.0,16,10,4,4,0,0.5,6,72.1,"1121",0,0,0,6,6,37,486,菊沢隆徳,美,110,11101698,01149,01115,0716160610,西川賢,ウエスタンファーム,アドマイヤコジーン,ウエスタンルージュ,アフリート,芦毛,110311,   12.9,  ,    ,44.9
16,01,31,1,中京,6,06,500万下,23,ダ,1,1200,重,タマモイレブン    ,牡,4,バルジュ,56.0,16,11,1,1,0,0,1,71.6,"1116",0,0,0,4,4,36.7,530,中竹和也,栗,700,12100912,05336,01039,0716160611,タマモ,守矢牧場,サウスヴィグラス,ドリーミーアイ,カコイーシーズ,鹿毛,120326,    3.4,  ,    ,45.1
16,01,31,1,中京,6,06,500万下,23,ダ,1,1200,重,ワキノハガクレ    ,牡,4,松若風馬,56.0,16,12,5,5,0,0.7,8,72.3,"1123",0,0,0,8,9,37.1,426,松下武士,栗,70,12100662,01154,01149,0716160612,脇山良之,平山牧場,ハーツクライ,ホーリーグレイル,ブライアンズタイム,黒鹿,120419,   15.9,  ,    ,44.9
16,01,31,1,中京,6,06,500万下,23,ダ,1,1200,重,フローラルダンサー,牝,4,黛弘人,54.0,16,13,14,14,0,2.2,3,73.8,"1138",0,0,0,6,6,38.7,520,田島俊明,美,0,12100974,01109,01112,0716160613,岡田牧雄,若林牧場,ファスリエフ,ラインクラージュ,グラスワンダー,鹿毛,120523,    6.3,  ,    ,40.7
16,01,31,1,中京,6,06,500万下,23,ダ,1,1200,重,アイファーサラオー,牡,4,吉田隼人,56.0,16,14,6,6,0,0.9,4,72.5,"1125",0,0,0,2,2,37.8,500,坪憲章,栗,0,12100100,01095,00361,0716160614,中島稔,大林ファーム,タイムパラドックス,アイファーペガサス,デヒア,鹿毛,120317,    9.3,  ,    ,41.8
16,01,31,1,中京,6,06,500万下,23,ダ,1,1200,重,ツクバジャパン    ,牡,5,勝浦正樹,57.0,16,15,10,10,0,1.5,10,73.1,"1131",0,0,0,1,1,38.5,530,小野次郎,美,0,11101247,01025,01125,0716160615,荻原昭二,片山牧場,デュランダル,ウェディングバレー,"Peaks and Valleys",芦毛,110115,   21.1,  ,    ,39.9
16,01,31,1,中京,6,06,500万下,23,ダ,1,1200,重,ワンダーヴィーヴァ,牡,6,横山和生,57.0,16,16,7,7,0,0.9,5,72.5,"1125",0,0,0,2,2,37.8,550,笹田和秀,栗,0,10101958,01140,01104,0716160616,山本能成,大島牧場,スタチューオブリバティ,オオシマパンジー,スキャン,青鹿,100401,   11.5,  ,    ,41.8
16,01,31,1,中京,6,07,未勝利,7,芝,0,2000,重,ワンスインアライフ,牡,3,北村友一,56.0,18,01,7,7,0,1.4,4,125.9,"2059",0,3,3,4,2,38.6,458,谷潔,栗,0,13103777,01102,00431,0716160701,前田幸治,宮内牧場,ドリームジャーニー,エレガントトーク,Machiavellian,鹿毛,130317,    8.5,  ,    ,46.9
16,01,31,1,中京,6,07,未勝利,7,芝,0,2000,重,クレッシェレ      ,牡,3,菱田裕二,56.0,18,02,9,9,0,1.7,9,126.2,"2062",0,8,8,6,6,38.6,460,本田優,栗,0,13105035,01144,01099,0716160702,布施光章,上水牧場,キンシャサノキセキ,クライム,Gulch,黒鹿,130328,   33.2,  ,    ,47.3
16,01,31,1,中京,6,07,未勝利,7,芝,0,2000,重,ネイチャーレット  ,牡,3,丸山元気,56.0,18,03,3,3,0,0.4,6,124.9,"2049",0,6,6,5,5,37.5,456,根本康広,美,130,13104816,01127,01029,0716160703,井上修一,藤原牧場,タニノギムレット,ネヴァカグラ,アグネスタキオン,鹿毛,130416,   18.9,  ,    ,49.9
16,01,31,1,中京,6,07,未勝利,7,芝,0,2000,重,ホットファイヤー  ,牡,3,高倉稜,56.0,18,04,2,2,0,0.2,3,124.7,"2047",0,1,1,1,1,37.9,456,松元茂樹,栗,200,13100488,01130,00419,0716160704,西田彰宏,スマイルファーム,ハービンジャー,サワノプリマベーラ,サンデーサイレンス,鹿毛,130408,    4.5,  ,    ,48.2
16,01,31,1,中京,6,07,未勝利,7,芝,0,2000,重,ラオコーン        ,牡,3,バルジュ,56.0,18,05,10,10,0,1.9,15,126.4,"2064",0,14,13,15,13,37.8,484,森田直行,栗,0,13105057,05336,01142,0716160705,前田幸治,大川牧場,ナカヤマフェスタ,マイスイートベス,Haafhd,栗毛,130515,   95.3,  ,    ,50.5
16,01,31,1,中京,6,07,未勝利,7,芝,0,2000,重,マイネルコローレ  ,牡,3,川須栄彦,56.0,18,06,13,13,0,3.1,11,127.6,"2076",0,12,11,11,9,39.5,474,池上昌弘,美,0,13101681,01128,00390,0716160706,サラブレッドクラブ,中本牧場,ホワイトマズル,ヒロコゴールド,ステイゴールド,黒鹿,130430,   77.9,  ,    ,45.6
16,01,31,1,中京,6,07,未勝利,7,芝,0,2000,重,ダンデライオンマル,牡,3,嶋田純次,56.0,18,07,17,17,0,10.1,18,134.6,"2146",0,16,16,18,18,44.3,454,谷原義明,美,0,13101859,01134,00402,0716160707,田頭勇貴,浜口牧場,ブラックタイド,アズサローレル,サクラローレル,鹿毛,130201,  203.1,  ,    ,37.4
16,01,31,1,中京,6,07,未勝利,7,芝,0,2000,重,ブルハ            ,牝,3,吉田隼人,54.0,18,08,12,12,0,3,12,127.5,"2075",0,17,17,16,16,38.4,380,高橋康之,栗,0,13101805,01095,01135,0716160708,前田葉子,ノースヒルズ,ステイゴールド,クリニエルドゥオル,Cozzene,鹿毛,130304,   78.4,  ,    ,49.4
16,01,31,1,中京,6,07,未勝利,7,芝,0,2000,重,ヨカグラ          ,牡,3,勝浦正樹,56.0,18,09,4,4,0,0.4,2,124.9,"2049",0,14,13,11,11,36.7,490,中竹和也,栗,75,13105539,01025,01039,0716160709,社台レースホース,社台ファーム,ハービンジャー,ダンスオールナイト,エルコンドルパサー,栗毛,130430,    4.3,  ,    ,53.0
16,01,31,1,中京,6,07,未勝利,7,芝,0,2000,重,レザニティエ      ,牝,3,柿原翔,54.0,18,10,16,16,0,3.7,14,128.2,"2082",0,3,3,11,13,39.6,452,矢作芳人,栗,0,13110096,05435,01075,0716160710,吉田和子,"Padua Stables LLC",Bernardini,"Bohemian Lady","Carson City",鹿毛,130207,   91.5,  ,    ,45.9
16,01,31,1,中京,6,07,未勝利,7,芝,0,2000,重,ホロスコープ      ,牡,3,鮫島克駿,54.0,18,11,11,11,0,2,8,126.5,"2065",0,7,7,6,7,38.7,474,角居勝彦,栗,0,13100588,01157,01053,0716160711,H.H.シェイク・モハ,ダーレー・ジャパン,アドマイヤムーン,スタリア,アルカセット,鹿毛,130329,   28.6,  ,    ,47.2
16,01,31,1,中京,6,07,未勝利,7,芝,0,2000,重,コスモシャンティ  ,牡,3,丹内祐次,56.0,18,12,5,5,0,1,7,125.5,"2055",0,5,3,3,2,38.2,502,伊藤大士,美,50,13101916,01091,01109,0716160712,ビッグレッドファー,ビッグレッドファー,ダノンシャンティ,スクリーマー,エンドスウィープ,栗毛,130131,   20.7,  ,    ,47.9
16,01,31,1,中京,6,07,未勝利,7,芝,0,2000,重,クラウンドリーム  ,牡,3,杉原誠人,56.0,18,13,8,8,0,1.6,17,126.1,"2061",0,8,9,10,9,38,458,金成貴史,美,0,13101871,01135,01132,0716160713,矢野まり子,ヒカル牧場,ソングオブウインド,ピュアドリーム,オース,芦毛,130422,  162.3,  ,    ,49.4
16,01,31,1,中京,6,07,未勝利,7,芝,0,2000,重,ゴールドインゴット,牡,3,高田潤,56.0,18,14,0,0,4,999.9,5,0,"----",0,8,9,8,12,0,462,湯窪幸雄,栗,0,13103305,01046,01057,0716160714,玉井宏和,小倉牧場,プリサイスエンド,カタズオノンデ,サンデーウェル,黒鹿,130510,   10.6,  ,    , 0.0
16,01,31,1,中京,6,07,未勝利,7,芝,0,2000,重,ミヤビエンブレム  ,牡,3,幸英明,56.0,18,15,1,1,0,-0.2,1,124.5,"2045",0,11,11,8,7,36.7,492,高橋文雅,美,500,13101306,00732,01134,0716160715,村上義勝,大狩部牧場,マンハッタンカフェ,ミヤビハルカ,ウォーエンブレム,黒鹿,130407,    3.1,  ,    ,52.5
16,01,31,1,中京,6,07,未勝利,7,芝,0,2000,重,ダイシンアレッタ  ,牡,3,酒井学,56.0,18,16,15,15,0,3.6,16,128.1,"2081",0,18,17,16,16,39.1,454,松田博資,栗,0,13100727,01034,00348,0716160716,大八木信行,中原牧場,ドリームジャーニー,ダイシンシルビア,Dehere,黒鹿,130502,  154.3,  ,    ,47.6
16,01,31,1,中京,6,07,未勝利,7,芝,0,2000,重,トーホウカンナ    ,牝,3,松若風馬,54.0,18,17,14,14,0,3.4,10,127.9,"2079",0,13,13,11,15,39.1,416,藤原英昭,栗,0,13103192,01154,01055,0716160717,東豊物産,吉田ファーム,ステイゴールド,トーホウアスカ,チーフベアハート,黒鹿,130403,   33.8,  ,    ,47.3
16,01,31,1,中京,6,07,未勝利,7,芝,0,2000,重,トモジャハリーフ  ,牡,3,加藤祥太,54.0,18,18,6,6,0,1.2,13,125.7,"2057",0,2,2,2,2,38.4,446,栗田博憲,美,0,13103786,01156,00341,0716160718,吉冨学,宮内牧場,バゴ,トップジョリー,ジョリーズヘイロー,黒鹿,130512,   89.8,  ,    ,47.4
16,01,31,1,中京,6,08,500万下・若,23,ダ,1,1800,重,クロカミノオトメ  ,牝,6,木幡初也,52.0,14,01,13,13,0,2.1,9,115.5,"1555",0,13,13,13,13,38.2,484,羽月友彦,栗,0,10104385,01153,01091,0716160801,サンデーレーシング,社台コーポレーショ,シンボリクリスエス,アルストロメリア,サンデーサイレンス,青毛,100410,   23.6,  ,    ,51.2
16,01,31,1,中京,6,08,500万下・若,23,ダ,1,1800,重,シルバーソード    ,牡,4,藤懸貴志,56.0,14,02,8,8,0,0.8,10,114.2,"1542",0,6,4,6,5,38.6,502,中村均,栗,0,12100604,01138,00261,0716160802,ノースヒルズ,ノースヒルズ,ハービンジャー,ナインミューズ,タイキシャトル,鹿毛,120331,   26.9,  ,    ,47.9
16,01,31,1,中京,6,08,500万下・若,23,ダ,1,1800,重,ヤマカツライデン  ,牡,4,城戸義政,54.0,14,03,9,9,0,0.8,6,114.2,"1542",0,8,7,10,9,38.3,528,池添兼雄,栗,0,12103496,01147,01021,0716160803,山田博康,フジワラフアーム,シンボリクリスエス,ヤマカツオーキッド,ダンスインザダーク,黒鹿,120505,   11.0,  ,    ,49.1
16,01,31,1,中京,6,08,500万下・若,23,ダ,1,1800,重,エッジクリフ      ,牡,4,横山和生,56.0,14,04,2,2,0,0.1,4,113.5,"1535",0,1,1,2,2,38.2,512,池上昌和,美,280,12101606,01140,01150,0716160804,H.H.シェイク・モハ,ダーレー・ジャパン,コマンズ,ラッシュカッター,"Red Ransom",鹿毛,120218,    6.5,  ,    ,48.6
16,01,31,1,中京,6,08,500万下・若,23,ダ,1,1800,重,レッドアライヴ    ,牡,5,鮫島克駿,55.0,14,05,4,4,0,0.5,3,113.9,"1539",0,4,4,6,5,38.3,462,松永幹夫,栗,110,11104430,01157,01092,0716160805,東京ホースレーシン,社台ファーム,マンハッタンカフェ,マチカネハヤテ,サクラバクシンオー,鹿毛,110502,    5.6,  ,    ,48.7
16,01,31,1,中京,6,08,500万下・若,23,ダ,1,1800,重,ロードプレステージ,牡,4,義英真,54.0,14,06,3,3,0,0.3,2,113.7,"1537",0,10,10,2,5,38.3,440,昆貢,栗,180,12102298,01155,01044,0716160806,ロードホースクラブ,ケイアイファーム,ネオユニヴァース,タッチアス,Mineshaft,黒鹿,120317,    5.5,  ,    ,48.4
16,01,31,1,中京,6,08,500万下・若,23,ダ,1,1800,重,キザシ            ,牡,4,原田和真,56.0,14,07,7,7,0,0.7,12,114.1,"1541",0,11,11,12,12,38.1,456,小桧山悟,美,0,12102676,01143,01005,0716160807,フジワラ・ファーム,池田牧場,サウスヴィグラス,ダイヤモンドギフト,ブライアンズタイム,栗毛,120420,  126.4,  ,    ,49.7
16,01,31,1,中京,6,08,500万下・若,23,ダ,1,1800,重,デルマカマイタチ  ,牡,6,小野寺祐,57.0,14,08,12,12,0,1.3,13,114.7,"1547",0,12,12,10,11,38.8,508,堀井雅広,美,0,10100965,01123,00436,0716160808,浅沼廣幸,ファニーヒルファー,スリリングサンデー,アドマイヤアイリス,ジェイドロバリー,黒鹿,100328,  152.7,  ,    ,47.8
16,01,31,1,中京,6,08,500万下・若,23,ダ,1,1800,重,ミスティーフリップ,牡,4,杉原誠人,56.0,14,09,11,11,0,1.1,7,114.5,"1545",0,2,2,2,1,39.2,490,笹田和秀,栗,0,12104426,01135,01104,0716160809,吉田照哉,社台コーポレーショ,ゼンノロブロイ,ミセススノー,Singspiel,栗毛,120131,   12.8,  ,    ,46.0
16,01,31,1,中京,6,08,500万下・若,23,ダ,1,1800,重,シュバリエブラン  ,牡,4,加藤祥太,54.0,14,10,10,10,0,1,8,114.4,"1544",0,8,7,9,9,38.6,482,庄野靖志,栗,0,12104252,01156,01087,0716160810,"Viridian Keiba Clu",社台ファーム,チチカステナンゴ,ジャドール,フジキセキ,芦毛,120320,   17.3,  ,    ,48.2
16,01,31,1,中京,6,08,500万下・若,23,ダ,1,1800,重,コウエイアース    ,牡,6,森一馬,57.0,14,11,0,0,1,999.9,0,0,"----",0,0,0,0,0,0,0,川村禎彦,栗,0,10102651,01139,01003,0716160811,西岡静男,グランド牧場,スズカマンボ,セクシーシューズ,パラダイスクリーク,鹿毛,100315,    0.0,  ,    , 0.0
16,01,31,1,中京,6,08,500万下・若,23,ダ,1,1800,重,ディグニファイド  ,牡,4,嶋田純次,56.0,14,12,6,6,0,0.7,5,114.1,"1541",0,2,2,1,2,38.8,540,高野友和,栗,0,12104780,01134,01117,0716160812,シルクレーシング,ノーザンファーム,ネオユニヴァース,ファストフレンド,アイネスフウジン,栗毛,120411,    8.1,  ,    ,47.0
16,01,31,1,中京,6,08,500万下・若,23,ダ,1,1800,重,シングンパワー    ,牡,4,長岡禎仁,56.0,14,13,1,1,0,-0.1,1,113.4,"1534",0,4,4,6,5,37.9,490,高市圭二,美,700,12102066,01142,01014,0716160813,伊坂重憲,川向高橋育成牧場,モルフェデスペクタ,モルフェスペシャル,スペシャルウィーク,栗毛,120331,    3.8,  ,    ,49.6
16,01,31,1,中京,6,08,500万下・若,23,ダ,1,1800,重,チャンスメイク    ,牡,5,伴啓太,55.0,14,14,5,5,0,0.7,11,114.1,"1541",0,6,7,2,2,38.8,458,加藤和宏,美,70,11106410,01149,01077,0716160814,平本敏夫,川上牧場,パイロ,アクティブサンサン,ブライアンズタイム,青毛,110617,   28.5,  ,    ,47.0
16,01,31,1,中京,6,09,500万下,23,芝,0,1400,重,タイキパラドックス,牡,4,城戸義政,54.0,18,01,7,7,0,0.6,15,84.7,"1247",0,0,0,1,2,37.4,440,田中章博,栗,0,12105508,01147,00413,0716160901,大樹ファーム,ビクトリーホースラ,タイムパラドックス,タイキマフィン,"Devil's Bag",栗毛,120302,   73.5,  ,    ,44.9
16,01,31,1,中京,6,09,500万下,23,芝,0,1400,重,アサクサリーダー  ,セ,4,伴啓太,54.0,18,02,12,12,0,0.8,17,84.9,"1249",0,0,0,8,5,37.3,460,菊沢隆徳,美,0,12104232,01149,01115,0716160902,田原慶子,社台ファーム,メイショウサムソン,シャイニンググラス,サンデーサイレンス,黒鹿,120409,  114.3,  ,    ,45.7
16,01,31,1,中京,6,09,500万下,23,芝,0,1400,重,ティアップブロンド,牝,4,丸山元気,54.0,18,03,2,2,0,0,12,84.1,"1241",0,0,0,3,1,36.9,506,西浦勝一,栗,280,12105910,01127,01016,0716160903,田中昇,小林仁,ゴールドアリュール,フォーティエース,フォーティナイナー,栗毛,120531,   38.8,  ,    ,45.9
16,01,31,1,中京,6,09,500万下,23,芝,0,1400,重,アブソリュカフェ  ,牡,5,太宰啓介,57.0,18,04,16,16,0,1.3,7,85.4,"1254",0,0,0,2,3,38,498,小島太,美,0,11106545,01037,01013,0716160904,西川光一,ヤナガワ牧場,マンハッタンカフェ,シルクチャプター,アフリート,黒鹿,110121,   11.5,  ,    ,43.6
16,01,31,1,中京,6,09,500万下,23,芝,0,1400,重,ケイリンボス      ,牡,5,中谷雄太,57.0,18,05,1,1,0,0,3,84.1,"1241",0,0,0,6,5,36.4,516,矢作芳人,栗,700,11100022,01038,01075,0716160905,山田裕仁,天羽牧場,ダイワメジャー,マリンフェスタ,サクラバクシンオー,栗毛,110309,    7.3,  ,    ,48.3
16,01,31,1,中京,6,09,500万下,23,芝,0,1400,重,ジンセイハオマツリ,牡,6,鮫島克駿,55.0,18,06,11,11,0,0.7,14,84.8,"1248",0,0,0,12,12,36.5,508,佐々木晶,栗,0,10102890,01157,00429,0716160906,小田切有一,田中裕之,オレハマッテルゼ,キマグレ,サクラバクシンオー,黒鹿,100411,   44.4,  ,    ,49.2
16,01,31,1,中京,6,09,500万下,23,芝,0,1400,重,サウンドドゥイット,牡,4,加藤祥太,54.0,18,07,10,10,0,0.7,10,84.8,"1248",0,0,0,3,3,37.4,450,吉田直弘,栗,0,12105571,01156,01101,0716160907,増田雄一,三嶋牧場,コンデュイット,シージョー,フジキセキ,鹿毛,120405,   17.2,  ,    ,45.1
16,01,31,1,中京,6,09,500万下,23,芝,0,1400,重,ウォーターラボ    ,牝,4,北村友一,54.0,18,08,3,3,0,0,4,84.1,"1241",0,0,0,15,15,35.6,462,安田隆行,栗,180,12103929,01102,00438,0716160908,山岡良一,レイクヴィラファー,マンハッタンカフェ,クライウィズジョイ,トニービン,青鹿,120403,    7.6,  ,    ,52.2
16,01,31,1,中京,6,09,500万下,23,芝,0,1400,重,テンテマリ        ,牝,5,酒井学,55.0,18,09,4,4,0,0.1,11,84.2,"1242",0,0,0,15,10,36.1,436,柄崎孝,美,110,11105901,01034,00380,0716160909,三度屋,辻牧場,スズカフェニックス,テンイムホウ,ラムタラ,黒鹿,110412,   34.3,  ,    ,49.9
16,01,31,1,中京,6,09,500万下,23,芝,0,1400,重,サトノネネ        ,牝,6,吉田隼人,55.0,18,10,9,9,0,0.7,2,84.8,"1248",0,0,0,5,5,37.1,464,池江泰寿,栗,0,10103898,01095,01071,0716160910,里見治,社台ファーム,ディープインパクト,フローリオット,Monsun,鹿毛,100408,    6.9,  ,    ,46.4
16,01,31,1,中京,6,09,500万下,23,芝,0,1400,重,コスモエルデスト  ,牝,5,丹内祐次,55.0,18,11,17,17,0,1.4,8,85.5,"1255",0,0,0,8,10,37.4,460,畠山吉宏,美,0,11105940,01091,01048,0716160911,ビッグレッドファー,鳥井征士,ブラックホーク,ビューティアイ,アッミラーレ,鹿毛,110602,   13.6,  ,    ,46.5
16,01,31,1,中京,6,09,500万下,23,芝,0,1400,重,コスモヨハネ      ,牡,4,高倉稜,56.0,18,12,5,5,0,0.1,6,84.2,"1242",0,0,0,10,8,36.4,492,高橋裕,美,70,12102070,01130,00412,0716160912,ビッグレッドファー,北島牧場,ヨハネスブルグ,エンプレスロッチ,カコイーシーズ,栗毛,120304,   11.3,  ,    ,48.5
16,01,31,1,中京,6,09,500万下,23,芝,0,1400,重,ルアンジュ        ,牝,4,幸英明,54.0,18,13,8,8,0,0.6,5,84.7,"1247",0,0,0,15,15,36.2,480,笹田和秀,栗,0,12102296,00732,01104,0716160913,ロードホースクラブ,ケイアイファーム,マンハッタンカフェ,サッカーマム,Kingmambo,青毛,120312,    8.9,  ,    ,50.5
16,01,31,1,中京,6,09,500万下,23,芝,0,1400,重,イタリアンフェッテ,牝,5,松若風馬,55.0,18,14,14,14,0,1,16,85.1,"1251",0,0,0,14,15,36.6,408,中野栄治,美,0,11101086,01154,01010,0716160914,芳賀克也,高橋啓,ヨハネスブルグ,インカルネ,フレンチデピュティ,鹿毛,110115,   92.5,  ,    ,49.4
16,01,31,1,中京,6,09,500万下,23,芝,0,1400,重,バトルミュートゥス,牡,5,川須栄彦,57.0,18,15,18,18,0,2.4,18,86.5,"1265",0,0,0,18,18,37.6,430,伊藤大士,美,0,11102388,01128,01109,0716160915,宮川秋信,西村和夫,ジャングルポケット,バトルサクヤビメ,フジキセキ,栗毛,110503,  207.6,  ,    ,47.5
16,01,31,1,中京,6,09,500万下,23,芝,0,1400,重,ダブルコーク      ,牡,5,勝浦正樹,57.0,18,16,6,6,0,0.2,1,84.3,"1243",0,0,0,12,12,36,490,鹿戸雄一,美,0,11104420,01025,01097,0716160916,G1レーシング,社台ファーム,キングカメハメハ,ホリデイオンアイス,ダンスインザダーク,黒鹿,110519,    4.6,  ,    ,50.6
16,01,31,1,中京,6,09,500万下,23,芝,0,1400,重,キンシノキセキ    ,セ,5,杉原誠人,57.0,18,17,15,15,0,1.1,13,85.2,"1252",0,0,0,10,12,36.9,482,浅見秀一,栗,0,11106366,01135,00411,0716160917,若草クラブ,パカパカファーム,フジキセキ,アブソリューション,タイキシャトル,鹿毛,110122,   44.2,  ,    ,48.2
16,01,31,1,中京,6,09,500万下,23,芝,0,1400,重,タイガーボス      ,牡,4,バルジュ,56.0,18,18,13,13,0,0.9,9,85,"1250",0,0,0,6,8,37.1,468,大橋勇樹,栗,0,12103307,05336,01065,0716160918,伊藤和夫,友田牧場,カンパニー,レディアレグレット,Caerleon,鹿毛,120514,   14.9,  ,    ,46.8
16,01,31,1,中京,6,10,ごぎょう500*,23,ダ,1,1200,重,アンフレシェ      ,牝,3,宮崎北斗,54.0,14,01,14,14,0,2.4,11,74.8,"1148",0,0,0,13,13,37.6,442,大江原哲,美,0,13102954,01118,01012,0716161001,井上一郎,小島牧場,マンハッタンカフェ,ディアコトミ,プリサイスエンド,黒鹿,130427,  116.3,  ,    ,48.9
16,01,31,1,中京,6,10,ごぎょう500*,23,ダ,1,1200,重,クリノシャンボール,牡,3,丸山元気,56.0,14,02,12,12,0,1.9,8,74.3,"1143",0,0,0,5,5,38.3,490,川村禎彦,栗,0,13102547,01127,01003,0716161002,栗本博晴,水上習孝,ネオユニヴァース,ゲッコウ,キングカメハメハ,黒鹿,130401,   26.2,  ,    ,44.0
16,01,31,1,中京,6,10,ごぎょう500*,23,ダ,1,1200,重,アポロテキサス    ,牡,3,菱田裕二,56.0,14,03,8,8,0,0.8,2,73.2,"1132",0,0,0,11,11,36.5,490,山内研二,栗,0,13110108,01144,00388,0716161003,アポロサラブレッド,"William B. Thompso","Colonel John","Bible Belt",Pulpit,鹿毛,130316,    4.0,  ,    ,50.5
16,01,31,1,中京,6,10,ごぎょう500*,23,ダ,1,1200,重,スノードリーム    ,牝,3,松田大作,54.0,14,04,3,3,0,0.2,6,72.6,"1126",0,0,0,9,9,36.3,438,高橋義忠,栗,220,13100720,01030,01129,0716161004,三田昌宏,ナカノファーム,スウェプトオーヴァーボード,マルカジュリエット,サンデーサイレンス,芦毛,130218,   13.3,  ,    ,50.0
16,01,31,1,中京,6,10,ごぎょう500*,23,ダ,1,1200,重,シゲルクロマグロ  ,牡,3,鮫島克駿,56.0,14,05,6,6,0,0.6,10,73,"1130",0,0,0,2,2,37.3,512,川村禎彦,栗,0,13103001,01157,01003,0716161005,森中蕃,大北牧場,アグネスデジタル,エガオヨシ,タイキシャトル,黒鹿,130323,   83.7,  ,    ,45.7
16,01,31,1,中京,6,10,ごぎょう500*,23,ダ,1,1200,重,プリンセスセイコ  ,牝,3,柿原翔,54.0,14,06,13,13,0,2.3,13,74.7,"1147",0,0,0,14,13,37.4,438,藤ヶ崎一,地,0,13101295,05435,05177,0716161006,西村健,岩見牧場,カネヒキリ,ケージーフジムスメ,キングカメハメハ,栗毛,130428,  170.0,  ,    ,49.7
16,01,31,1,中京,6,10,ごぎょう500*,23,ダ,1,1200,重,ワンダーリーデル  ,牡,3,松若風馬,56.0,14,07,4,4,0,0.5,3,72.9,"1129",0,0,0,5,5,36.9,530,沖芳夫,栗,130,13102815,01154,00378,0716161007,山本能成,大島牧場,スタチューオブリバティ,アストレアピース,マヤノトップガン,鹿毛,130424,    8.7,  ,    ,47.6
16,01,31,1,中京,6,10,ごぎょう500*,23,ダ,1,1200,重,ラブゴーギャン    ,牡,3,勝浦正樹,56.0,14,08,11,11,0,1.7,7,74.1,"1141",0,0,0,12,12,37.3,480,伊藤大士,美,0,13104882,01025,01109,0716161008,森田千秋,見上牧場,スウェプトオーヴァーボード,ヒロアンジェロ,グラスワンダー,鹿毛,130311,   22.3,  ,    ,48.7
16,01,31,1,中京,6,10,ごぎょう500*,23,ダ,1,1200,重,シンゼンスタチュー,牡,3,太宰啓介,56.0,14,09,9,9,0,0.9,4,73.3,"1133",0,0,0,8,8,37.2,506,飯田祐史,栗,0,13106286,01037,01139,0716161009,原司郎,大作ステーブル,スタチューオブリバティ,ジーエスレインボー,トーヨーレインボー,黒鹿,130406,    9.5,  ,    ,47.0
16,01,31,1,中京,6,10,ごぎょう500*,23,ダ,1,1200,重,ダイアモンドノーム,牝,3,黛弘人,54.0,14,10,5,5,0,0.6,14,73,"1130",0,0,0,2,2,37.3,420,中野栄治,美,89,13100210,01109,01010,0716161010,友水達也,木村牧場,ディープスカイ,サウスサプライズ,サウスヴィグラス,栗毛,130408,  232.7,  ,    ,45.7
16,01,31,1,中京,6,10,ごぎょう500*,23,ダ,1,1200,重,オフクヒメ        ,牝,3,バルジュ,54.0,14,11,10,10,0,1.6,9,74,"1140",0,0,0,9,9,37.8,434,松下武士,栗,0,13103410,05336,01149,0716161011,山田裕仁,金成吉田牧場,キンシャサノキセキ,シーソング,コマンダーインチーフ,黒鹿,130322,   60.1,  ,    ,45.8
16,01,31,1,中京,6,10,ごぎょう500*,23,ダ,1,1200,重,メイショウカネサダ,牡,3,酒井学,56.0,14,12,1,1,0,-0.1,1,72.4,"1124",0,0,0,4,4,36.6,502,藤沢則雄,栗,890,13103656,01034,01041,0716161012,松本好雄,日進牧場,タイキシャトル,ブラックティー,チーフベアハート,栗毛,130404,    2.1,  ,    ,47.8
16,01,31,1,中京,6,10,ごぎょう500*,23,ダ,1,1200,重,タマモシルクハット,牡,3,横山和生,56.0,14,13,7,7,0,0.7,12,73.1,"1131",0,0,0,5,5,37.1,470,水野貴広,美,0,13101425,01140,01094,0716161013,タマモ,小泉牧場,ケイムホーム,チャームキャップ,キャプテンスティーヴ,黒鹿,130308,  119.3,  ,    ,47.0
16,01,31,1,中京,6,10,ごぎょう500*,23,ダ,1,1200,重,シゲルサケガシラ  ,牡,3,吉田隼人,56.0,14,14,2,2,0,0.1,5,72.5,"1125",0,0,0,1,1,37,442,伊藤圭三,美,360,13106230,01095,01023,0716161014,森中蕃,パカパカファーム,スウェプトオーヴァーボード,タイキジャンヌ,ティンバーカントリー,鹿毛,130416,   10.1,  ,    ,45.9
16,01,31,1,中京,6,11,中京スポ1000,43,芝,0,1600,重,サウンドデューク  ,牡,6,幸英明,57.0,12,01,11,11,0,0.6,7,97.8,"1378",0,0,12,12,11,35,482,安達昭夫,栗,0,10110112,00732,01042,0716161101,増田雄一,"Round Hill Stud","Duke of Marmalade","Leopard Hunt",Diesis,栗毛,100318,   10.3,  ,    ,57.7
16,01,31,1,中京,6,11,中京スポ1000,43,芝,0,1600,重,マイティースコール,牡,8,熊沢重文,57.0,12,02,5,5,0,0.3,12,97.5,"1375",0,0,5,4,3,35.3,480,宮徹,栗,140,08102719,00652,01018,0716161102,小川勲,社台コーポレーショ,ステイゴールド,マイティーカラー,トニービン,栗毛,080412,   99.6,  ,    ,55.7
16,01,31,1,中京,6,11,中京スポ1000,43,芝,0,1600,重,タガノエンブレム  ,牡,6,菱田裕二,57.0,12,03,10,10,0,0.6,8,97.8,"1378",0,0,10,10,8,35.2,482,松田博資,栗,0,10104407,01144,00348,0716161103,八木良司,社台コーポレーショ,ウォーエンブレム,キャッチザゴールド,サンデーサイレンス,青鹿,100121,   17.9,  ,    ,56.7
16,01,31,1,中京,6,11,中京スポ1000,43,芝,0,1600,重,オンタケハート    ,牡,5,丸山元気,57.0,12,04,8,8,0,0.4,2,97.6,"1376",0,0,7,7,5,35.2,486,伊藤大士,美,0,11103229,01127,01109,0716161104,宮原廣伸,猿橋義昭,サムライハート,プリティラパス,ラムタラ,鹿毛,110425,    4.1,  ,    ,56.4
16,01,31,1,中京,6,11,中京スポ1000,43,芝,0,1600,重,メイクアップ      ,牡,5,松若風馬,57.0,12,05,4,4,0,0.2,1,97.4,"1374",0,0,6,6,5,35.1,482,谷潔,栗,210,11102076,01154,00431,0716161105,岡浩二,タイヘイ牧場,オレハマッテルゼ,エンプレスマティルダ,"Sadler's Wells",栗毛,110226,    3.3,  ,    ,56.5
16,01,31,1,中京,6,11,中京スポ1000,43,芝,0,1600,重,ハドソンヤード    ,牡,5,バルジュ,57.0,12,06,3,3,0,0.2,4,97.4,"1374",0,0,1,1,1,35.5,470,西園正都,栗,350,11103984,05336,01028,0716161106,サンデーレーシング,ノーザンファーム,マンハッタンカフェ,ドリームスケイプ,エルコンドルパサー,黒鹿,110406,    8.6,  ,    ,54.6
16,01,31,1,中京,6,11,中京スポ1000,43,芝,0,1600,重,レーヴデトワール  ,牝,5,北村友一,55.0,12,07,2,2,0,0,3,97.2,"1372",0,0,7,9,8,34.6,468,松田博資,栗,560,11104124,01102,00348,0716161107,サンデーレーシング,ノーザンファーム,ゼンノロブロイ,レーヴドスカー,"Highest Honor",黒鹿,110129,    8.2,  ,    ,58.6
16,01,31,1,中京,6,11,中京スポ1000,43,芝,0,1600,重,インストアイベント,牡,6,伴啓太,57.0,12,08,7,7,0,0.4,5,97.6,"1376",0,0,10,11,11,34.8,490,菊沢隆徳,美,0,10103795,01149,01115,0716161108,社台レースホース,社台ファーム,スペシャルウィーク,ソロリサイタル,Rahy,栗毛,100421,    8.7,  ,    ,58.3
16,01,31,1,中京,6,11,中京スポ1000,43,芝,0,1600,重,シュヴァリエ      ,牝,5,吉田隼人,55.0,12,09,9,9,0,0.5,9,97.7,"1377",0,0,2,2,2,35.7,458,山内研二,栗,0,11101881,01095,00388,0716161109,ノルマンディーサラ,カントリー牧場,フレンチデピュティ,タニノカリス,ジェネラス,栗毛,110321,   23.6,  ,    ,54.2
16,01,31,1,中京,6,11,中京スポ1000,43,芝,0,1600,重,アルテ            ,牡,5,松田大作,57.0,12,10,1,1,0,0,6,97.2,"1372",0,0,2,3,3,35,472,北出成人,栗,1400,11102532,01030,01078,0716161110,フジワラ・ファーム,フジワラフアーム,マツリダゴッホ,ダイヤモンドクイン,ラムタラ,栗毛,110416,    9.8,  ,    ,56.6
16,01,31,1,中京,6,11,中京スポ1000,43,芝,0,1600,重,サンセットスカイ  ,牡,6,勝浦正樹,57.0,12,11,6,6,0,0.3,11,97.5,"1375",0,0,7,7,8,35,496,宮本博,栗,0,10105824,01025,01073,0716161111,前田晋二,ノースヒルズ,ネオユニヴァース,ヴァーチュ,タイキシャトル,栗毛,100223,   44.4,  ,    ,57.1
16,01,31,1,中京,6,11,中京スポ1000,43,芝,0,1600,重,ニホンピロディール,牝,5,酒井学,55.0,12,12,12,12,0,1.5,10,98.7,"1387",0,0,2,4,5,36.4,454,大橋勇樹,栗,0,11102492,01034,01065,0716161112,小林百太郎,福岡清,サイレントディール,ニホンピロブリュレ,ミシル,栗毛,110407,   29.1,  ,    ,52.7
16,01,31,1,中京,6,12,熱田特別500,23,芝,0,2000,重,アースミッション  ,牡,6,川須栄彦,57.0,12,01,9,9,0,2.3,10,125.6,"2056",0,4,4,3,3,39.3,442,伊藤大士,美,0,10103430,01128,01109,0716161201,前原敏行,レキシントンファー,アグネスタキオン,ミッションヒルズ,アグネスデジタル,栗毛,100327,   68.5,  ,    ,44.1
16,01,31,1,中京,6,12,熱田特別500,23,芝,0,2000,重,コートオブアームズ,牡,4,中谷雄太,56.0,12,02,3,3,0,0.4,8,123.7,"2037",0,12,12,12,11,36.5,450,矢作芳人,栗,240,12104534,01038,01075,0716161202,シルクレーシング,ノーザンファーム,ディープインパクト,アーマイン,"Exchange Rate",鹿毛,120124,   26.1,  ,    ,52.4
16,01,31,1,中京,6,12,熱田特別500,23,芝,0,2000,重,ラウレアブルーム  ,牡,4,松若風馬,56.0,12,03,8,8,0,2.1,2,125.4,"2054",0,10,10,10,8,38.7,500,山内研二,栗,0,12101971,01154,00388,0716161203,横瀬兼二,メイプルファーム,ハーツクライ,タヤスブルーム,Caerleon,鹿毛,120217,    6.1,  ,    ,46.0
16,01,31,1,中京,6,12,熱田特別500,23,芝,0,2000,重,マンディスキュア  ,牝,5,長岡禎仁,55.0,12,04,10,10,0,2.4,11,125.7,"2057",0,7,8,7,10,38.8,456,高市圭二,美,0,11100808,01142,01014,0716161204,広富牧場,広富牧場,シンボリクリスエス,マンリーポッケ,タヤスツヨシ,黒鹿,110310,   74.9,  ,    ,46.0
16,01,31,1,中京,6,12,熱田特別500,23,芝,0,2000,重,サクラビクトワール,セ,6,バルジュ,57.0,12,05,7,7,0,1.5,9,124.8,"2048",0,2,2,1,1,38.9,474,高柳瑞樹,美,0,10102814,05336,01118,0716161205,さくらコマース,新和牧場,サクラローレル,サクラメガマックス,クロフネ,鹿毛,100401,   28.4,  ,    ,44.6
16,01,31,1,中京,6,12,熱田特別500,23,芝,0,2000,重,ベルメール        ,牝,4,勝浦正樹,54.0,12,06,11,11,0,2.7,7,126,"2060",0,3,3,3,3,39.6,504,水野貴広,美,0,12100779,01025,01094,0716161206,畑佐博,細川農場,ハーツクライ,エンドレスウェルズ,エンドスウィープ,鹿毛,120212,   21.5,  ,    ,43.5
16,01,31,1,中京,6,12,熱田特別500,23,芝,0,2000,重,ケルンダッシュ    ,牡,4,幸英明,56.0,12,07,6,6,0,0.9,1,124.2,"2042",0,10,11,7,8,37.5,488,五十嵐忠,栗,0,12102741,00732,00422,0716161207,深見富朗,岡田牧場,ハーツクライ,アルフレンテ,スキャン,黒鹿,120211,    1.9,  ,    ,49.1
16,01,31,1,中京,6,12,熱田特別500,23,芝,0,2000,重,チャップリン      ,牡,4,松田大作,56.0,12,08,4,4,0,0.5,5,123.8,"2038",0,6,6,5,3,37.5,486,鮫島一歩,栗,140,12106095,01030,01046,0716161208,高瀬真尚,村下明博,ステイゴールド,ハギノスプレンダー,ヘクタープロテクター,黒鹿,120430,   10.1,  ,    ,48.6
16,01,31,1,中京,6,12,熱田特別500,23,芝,0,2000,重,シウダニーニャ    ,牝,4,柿原翔,54.0,12,09,12,12,0,4.5,12,127.8,"2078",0,7,6,11,11,40.6,454,森秀行,栗,0,12110060,05435,00427,0716161209,一村哲也,"Diamond A Racing C",Leroidesanimaux,Starinthemeadow,Meadowlake,栗毛,120310,  235.8,  ,    ,42.0
16,01,31,1,中京,6,12,熱田特別500,23,芝,0,2000,重,ビオラフォーエバー,セ,5,北村友一,57.0,12,10,2,2,0,0.3,3,123.6,"2036",0,4,4,5,3,37.2,458,松永昌博,栗,380,11101782,01102,01083,0716161210,熊澤浩樹,岡田スタツド,スペシャルウィーク,ミッドキャップ,Entrepreneur,栗毛,110310,    6.3,  ,    ,49.5
16,01,31,1,中京,6,12,熱田特別500,23,芝,0,2000,重,スマートルピナス  ,牝,6,杉原誠人,55.0,12,11,5,5,0,0.6,6,123.9,"2039",0,9,9,7,7,37.4,476,小桧山悟,美,95,10106459,01135,01005,0716161211,大久保典義,碧雲牧場,ハーツクライ,シクレノンソシエテ,"Law Society",鹿毛,100505,   14.1,  ,    ,49.1
16,01,31,1,中京,6,12,熱田特別500,23,芝,0,2000,重,パワーウーマン    ,牝,4,太宰啓介,54.0,12,12,1,1,0,-0.3,4,123.3,"2033",0,1,1,2,2,37.4,490,昆貢,栗,950,12105397,01037,01044,0716161212,寺田千代乃,辻牧場,ハービンジャー,エンキャンタドゥ,Rahy,栗毛,120411,    9.4,  ,    ,48.4
