16,04,09,1,福島,1,01,未勝利・牝,7,ダ,1,1700,重,アイヅナヨタケ    ,牝,3,吉田隼人,54.0,15,01,9,9,0,2,12,110.3,"1503",0,15,14,7,6,40.7,468,佐藤吉勝,美,0,13106366,01095,01035,0316110101,真部晴徳,能登浩,フレンチデピュティ,ペリドット,"Green Desert",鹿毛,130427,   81.1,  ,    ,43.3
16,04,09,1,福島,1,01,未勝利・牝,7,ダ,1,1700,重,レディーゴー      ,牝,3,津村明秀,54.0,15,02,8,8,0,1.8,1,110.1,"1501",0,7,7,9,6,40.4,474,矢野英一,美,0,13106409,01092,01108,0316110102,高岡義雄,赤田牧場,キンシャサノキセキ,ブーケドレーヌ,フレンチデピュティ,鹿毛,130323,    2.8,  ,    ,44.1
16,04,09,1,福島,1,01,未勝利・牝,7,ダ,1,1700,重,モズエエヤン      ,牝,3,中谷雄太,54.0,15,03,12,12,0,3.2,8,111.5,"1515",0,14,15,15,15,41,486,鮫島一歩,栗,0,13100988,01038,01046,0316110103,キャピタル・システ,目黒牧場,アグネスデジタル,グランプリシリウス,アグネスタキオン,栗毛,130527,   21.6,  ,    ,43.8
16,04,09,1,福島,1,01,未勝利・牝,7,ダ,1,1700,重,ローマンカモミール,牝,3,森一馬,54.0,15,04,13,13,0,3.3,14,111.6,"1516",0,11,11,14,13,41.3,446,湯窪幸雄,栗,0,13104228,01139,01057,0316110104,山本堅治,坂本春雄,ブラックタイド,スティルシャイン,エリシオ,黒鹿,130522,  294.3,  ,    ,42.8
16,04,09,1,福島,1,01,未勝利・牝,7,ダ,1,1700,重,スクラッタ        ,牝,3,井上敏樹,52.0,15,05,1,1,0,-0.3,6,108.3,"1483",0,13,13,11,10,38.4,386,武市康男,美,500,13105408,01151,01089,0316110105,吉田照哉,社台ファーム,キングカメハメハ,エミーズスマイル,アグネスタキオン,黒鹿,130304,   10.2,  ,    ,49.3
16,04,09,1,福島,1,01,未勝利・牝,7,ダ,1,1700,重,ディスグラース    ,牝,3,鮫島克駿,53.0,15,06,10,10,0,2.3,3,110.6,"1506",0,10,10,11,11,40.7,488,吉村圭司,栗,0,13105749,01157,01130,0316110106,サンデーレーシング,ノーザンファーム,ワークフォース,アイスドール,キャプテンスティーヴ,黒鹿,130305,    6.8,  ,    ,43.7
16,04,09,1,福島,1,01,未勝利・牝,7,ダ,1,1700,重,アイルーロス      ,牝,3,丹内祐次,54.0,15,07,2,2,0,0.3,4,108.6,"1486",0,5,6,5,3,39.1,448,中川公成,美,200,13109076,01091,01081,0316110107,ビッグレッドファー,諏訪牧場,キャプテンスティーヴ,メジロボンベイ,スペシャルウィーク,黒鹿,130422,    7.6,  ,    ,47.0
16,04,09,1,福島,1,01,未勝利・牝,7,ダ,1,1700,重,ローズオーラ      ,牝,3,原田和真,51.0,15,08,6,6,0,1.6,15,109.9,"1499",0,4,4,5,3,40.4,430,天間昭一,美,0,13103453,01143,01090,0316110108,ターフ・スポート,笹地牧場,アドマイヤマックス,バアゼルローズ,サンダーガルチ,鹿毛,130423,  296.0,  ,    ,43.8
16,04,09,1,福島,1,01,未勝利・牝,7,ダ,1,1700,重,ルーセントアイズ  ,牝,3,北村友一,54.0,15,09,7,7,0,1.8,10,110.1,"1501",0,7,7,4,5,40.7,498,加用正,栗,0,13105472,01102,00425,0316110109,吉田照哉,社台ファーム,ワークフォース,シャイニンググラス,サンデーサイレンス,黒鹿,130330,   35.5,  ,    ,43.0
16,04,09,1,福島,1,01,未勝利・牝,7,ダ,1,1700,重,ゼラルダ          ,牝,3,加藤祥太,52.0,15,10,11,11,0,2.9,9,111.2,"1512",0,1,1,1,1,42.1,488,庄野靖志,栗,0,13100664,01156,01087,0316110110,幅田昌伸,坪田信作,アグネスデジタル,アンピエッツア,ワイルドラッシュ,栗毛,130610,   24.4,  ,    ,39.5
16,04,09,1,福島,1,01,未勝利・牝,7,ダ,1,1700,重,ジョリガーニャント,牝,3,木幡初也,51.0,15,11,5,5,0,1.2,5,109.5,"1495",0,2,2,2,2,40.3,480,矢野英一,美,50,13101528,01153,01108,0316110111,井上一郎,須崎牧場,キングカメハメハ,クロスウォーター2,"Storm Cat",鹿毛,130207,    9.8,  ,    ,43.7
16,04,09,1,福島,1,01,未勝利・牝,7,ダ,1,1700,重,サノルア          ,牝,3,中井裕二,53.0,15,12,14,14,0,3.5,11,111.8,"1518",0,2,3,2,6,42.5,438,中野栄治,美,0,13102813,01141,01010,0316110112,ビジョンサラブレッ,王蔵牧場,ヴァーミリアン,ナムララピス,キングヘイロー,黒鹿,130525,   50.8,  ,    ,38.9
16,04,09,1,福島,1,01,未勝利・牝,7,ダ,1,1700,重,クラウンロマン    ,牝,3,横山和生,54.0,15,13,4,4,0,1.1,2,109.4,"1494",0,5,4,7,6,39.8,442,小野次郎,美,75,13102133,01140,01125,0316110113,矢野まり子,ヤマタケ牧場,カネヒキリ,オグリロマンス,ノーザンテースト,芦毛,130510,    5.7,  ,    ,45.4
16,04,09,1,福島,1,01,未勝利・牝,7,ダ,1,1700,重,ピントゥリッキオ  ,牝,3,丸田恭介,54.0,15,14,3,3,0,0.9,7,109.2,"1492",0,11,11,13,11,39,450,池上昌和,美,130,13103722,01117,01150,0316110114,大塚亮一,松田牧場,カンパニー,リモーネフレイバー,クロフネ,鹿毛,130324,   11.2,  ,    ,48.2
16,04,09,1,福島,1,01,未勝利・牝,7,ダ,1,1700,重,シンボリメルケル  ,牝,3,木幡巧也,51.0,15,15,15,15,0,3.7,13,112,"1520",0,7,7,9,13,42.2,470,牧光二,美,0,13100458,01162,01106,0316110115,シンボリ牧場,シンボリ牧場,ダンスインザダーク,カドルーパ,"Big Shuffle",栗毛,130404,  156.6,  ,    ,40.2
16,04,09,1,福島,1,02,未勝利,7,芝,0,2000,良,オウケンボクサー  ,牡,3,伊藤工真,56.0,16,01,15,15,0,4.4,14,126.3,"2063",0,15,15,16,16,39.1,488,田中剛,美,0,13105203,01119,01119,0316110201,福井明,レイクヴィラファー,ダノンシャンティ,メジロバーミューズ,アサティス,黒鹿,130426,  177.9,  ,    ,45.6
16,04,09,1,福島,1,02,未勝利,7,芝,0,2000,良,アシャカキセキ    ,牡,3,津村明秀,56.0,16,02,11,11,0,1.5,9,123.4,"2034",0,13,13,12,13,36.9,512,鈴木伸尋,美,0,13105758,01092,01026,0316110202,吉冨学,ノーザンファーム,ハービンジャー,アステリオン,フレンチデピュティ,黒鹿,130509,   55.4,  ,    ,50.5
16,04,09,1,福島,1,02,未勝利,7,芝,0,2000,良,セシルクラウン    ,牡,3,小野寺祐,56.0,16,03,7,7,0,1.1,15,123,"2030",0,16,16,12,10,36.5,490,木村哲也,美,0,13100083,01123,01126,0316110203,島川隆哉,エスティファーム,シンボリクリスエス,セシルブルース,エルコンドルパサー,黒鹿,130329,  180.8,  ,    ,51.6
16,04,09,1,福島,1,02,未勝利,7,芝,0,2000,良,トウシンゼファー  ,牡,3,加藤祥太,54.0,16,04,5,5,0,0.4,8,122.3,"2023",0,5,5,5,5,36.3,482,佐々木晶,栗,50,13104453,01156,00429,0316110204,サトー,千代田牧場,クロフネ,グロリアスアーチ,サンデーサイレンス,鹿毛,130422,   39.7,  ,    ,51.5
16,04,09,1,福島,1,02,未勝利,7,芝,0,2000,良,カパオパンゴ      ,牡,3,勝浦正樹,56.0,16,05,3,3,0,0.2,10,122.1,"2021",0,1,1,1,1,36.6,478,田中剛,美,130,13106176,01025,01119,0316110205,吉田勝己,社台コーポレーショ,ハービンジャー,レティセントガール,フォーティナイナー,黒鹿,130121,   58.0,  ,    ,50.1
16,04,09,1,福島,1,02,未勝利,7,芝,0,2000,良,ミュートエアー    ,牡,3,原田和真,53.0,16,06,2,2,0,0.1,3,122,"2020",0,3,3,4,3,36.2,452,和田正道,美,200,13104007,01143,00353,0316110206,岡田壮史,岡田スタツド,ジャングルポケット,レットイットスノー,ハーツクライ,黒鹿,130401,   17.0,  ,    ,51.6
16,04,09,1,福島,1,02,未勝利,7,芝,0,2000,良,メイショウサトヤマ,セ,3,熊沢重文,56.0,16,07,13,13,0,1.7,7,123.6,"2036",0,8,8,12,12,37.2,480,高橋義忠,栗,0,13103592,00652,01129,0316110207,松本好雄,辻牧場,バゴ,ボーディーススズカ,サンデーサイレンス,栗毛,130511,   38.9,  ,    ,49.5
16,04,09,1,福島,1,02,未勝利,7,芝,0,2000,良,スモモチャン      ,牝,3,嘉藤貴行,54.0,16,08,9,9,0,1.2,5,123.1,"2031",0,2,2,2,2,37.6,436,大和田成,美,0,13105586,01051,01124,0316110208,ケンレーシング組合,社台ファーム,ハービンジャー,パラダイスバード,エルコンドルパサー,栗毛,130331,   32.2,  ,    ,47.5
16,04,09,1,福島,1,02,未勝利,7,芝,0,2000,良,ゼットマックイーン,牡,3,木幡初也,53.0,16,09,10,10,0,1.3,2,123.2,"2032",0,13,13,15,14,36.6,454,池添兼雄,栗,0,13102488,01153,01021,0316110209,フォーレスト,広田牧場,シンボリクリスエス,モリトヴィーナス,リンドシェーバー,鹿毛,130424,   13.1,  ,    ,51.4
16,04,09,1,福島,1,02,未勝利,7,芝,0,2000,良,シャインブライト  ,牡,3,吉田隼人,56.0,16,10,1,1,0,-0.1,1,121.9,"2019",0,3,3,3,3,36.2,466,池上昌和,美,500,13106140,01095,01150,0316110210,了徳寺健二ホールデ,ノーザンファーム,ジャングルポケット,ラルーチェ,クロフネ,芦毛,130412,    1.1,  ,    ,51.5
16,04,09,1,福島,1,02,未勝利,7,芝,0,2000,良,マジックダイオウ  ,牡,3,小坂忠士,56.0,16,11,12,12,0,1.6,16,123.5,"2035",0,5,5,5,7,37.6,456,岩元市三,栗,0,13103387,01063,00397,0316110211,杵臼牧場,杵臼牧場,テイエムオペラオー,ファイヤーオパール,アグネスタキオン,栗毛,130317,  262.0,  ,    ,47.9
16,04,09,1,福島,1,02,未勝利,7,芝,0,2000,良,リネンリトルキング,牡,3,村田一誠,56.0,16,12,6,6,0,1,4,122.9,"2029",0,12,12,9,7,36.7,430,和田雄二,美,0,13100943,01031,01143,0316110212,戸山光男,前川義則,オペラハウス,リネンフィールド,パラダイスクリーク,鹿毛,130403,   19.4,  ,    ,50.7
16,04,09,1,福島,1,02,未勝利,7,芝,0,2000,良,タガノゼウス      ,牡,3,木幡巧也,53.0,16,13,8,8,0,1.2,11,123.1,"2031",0,10,11,9,10,36.9,450,浜田多実,栗,0,13101743,01162,01138,0316110213,八木良司,新冠タガノファーム,クロフネ,ベニチドリ,"Rock of Gibraltar",黒鹿,130115,   60.0,  ,    ,50.1
16,04,09,1,福島,1,02,未勝利,7,芝,0,2000,良,シグマグレード    ,牡,3,横山和生,56.0,16,14,4,4,0,0.4,13,122.3,"2023",0,8,8,9,7,36.1,498,勢司和浩,美,75,13105967,01140,01047,0316110214,G1レーシング,ノーザンファーム,シンボリクリスエス,ダークエンジェル,ダンスインザダーク,黒鹿,130209,  148.2,  ,    ,52.3
16,04,09,1,福島,1,02,未勝利,7,芝,0,2000,良,アルコナチュラーレ,牡,3,中谷雄太,56.0,16,15,14,14,0,1.7,12,123.6,"2036",0,10,8,5,5,37.7,518,矢作芳人,栗,0,13104677,01038,01075,0316110215,ヒダカ・ブリーダー,畠山牧場,シンボリクリスエス,アルコセニョーラ,ステイゴールド,鹿毛,130415,   60.5,  ,    ,47.7
16,04,09,1,福島,1,02,未勝利,7,芝,0,2000,良,アレイオブサン    ,牡,3,坂井瑠星,53.0,16,16,16,16,0,6.2,6,128.1,"2081",0,5,5,8,15,42,434,須貝尚介,栗,0,13105973,01163,01105,0316110216,シルクレーシング,ノーザンファーム,ステイゴールド,ディアジーナ,メジロマックイーン,芦毛,130228,   38.6,  ,    ,37.9
16,04,09,1,福島,1,03,未勝利・若,7,ダ,1,1700,稍,ユキノハーモニー  ,牝,3,横山和生,54.0,15,01,5,5,0,2.3,5,110.8,"1508",0,12,13,10,9,40,422,奥村武,美,50,13100793,01140,01145,0316110301,山科統,浜本牧場,マンハッタンカフェ,ユキノスイトピー,ラストタイクーン,青鹿,130412,   55.7,  ,    ,46.5
16,04,09,1,福島,1,03,未勝利・若,7,ダ,1,1700,稍,デスマッチ        ,牡,3,伴啓太,54.0,15,02,8,8,0,2.5,9,111,"1510",0,7,7,10,11,40.2,464,作田誠二,栗,0,13105160,01149,01006,0316110302,泉一郎,ヤマイチ牧場,ブラックタイド,カルストンツバサ,オジジアン,鹿毛,130504,   77.7,  ,    ,46.1
16,04,09,1,福島,1,03,未勝利・若,7,ダ,1,1700,稍,コウエイドルバコ  ,牡,3,藤懸貴志,56.0,15,03,6,6,0,2.3,8,110.8,"1508",0,4,4,6,6,40.8,504,山内研二,栗,0,13104859,01138,00388,0316110303,伊東政清,前田牧場,カネヒキリ,マイディアガビー,ヘクタープロテクター,栗毛,130507,   76.2,  ,    ,43.6
16,04,09,1,福島,1,03,未勝利・若,7,ダ,1,1700,稍,オーミソナタ      ,牝,3,野中悠太,51.0,15,04,11,11,0,3.1,14,111.6,"1516",0,10,12,14,13,40.6,418,松永康利,美,0,13102746,01158,01093,0316110304,岩崎僖澄,山本和彦,ビービーガルダン,ジャングルウィップ,ジャングルポケット,青鹿,130507,  282.2,  ,    ,45.4
16,04,09,1,福島,1,03,未勝利・若,7,ダ,1,1700,稍,アドマイヤディーバ,牝,3,坂井瑠星,51.0,15,05,10,10,0,2.9,13,111.4,"1514",0,15,15,15,14,40,414,須貝尚介,栗,0,13106067,01163,01105,0316110305,近藤利一,ノーザンファーム,ステイゴールド,プロミネント,タイキシャトル,黒鹿,130213,  169.4,  ,    ,47.4
16,04,09,1,福島,1,03,未勝利・若,7,ダ,1,1700,稍,ゴシップローズ    ,牝,3,井上敏樹,52.0,15,06,9,9,0,2.6,7,111.1,"1511",0,5,4,9,9,40.6,472,鈴木伸尋,美,0,13102091,01151,01026,0316110306,ビッグレッドファー,村本牧場,ロージズインメイ,ゴシップクイーン,フレンチデピュティ,鹿毛,130502,   59.5,  ,    ,44.7
16,04,09,1,福島,1,03,未勝利・若,7,ダ,1,1700,稍,ヒラボクマドンナ  ,牝,3,原田和真,51.0,15,07,13,13,0,3.6,3,112.1,"1521",0,1,1,1,3,42.9,444,大竹正博,美,0,13103339,01143,01102,0316110307,平田牧場,鎌田正嗣,バゴ,ヒラボクスペシャル,スペシャルウィーク,青鹿,130422,   13.7,  ,    ,38.0
16,04,09,1,福島,1,03,未勝利・若,7,ダ,1,1700,稍,ゴテツ            ,牡,3,中井裕二,55.0,15,08,2,2,0,0.2,2,108.7,"1487",0,2,2,2,2,39.5,482,浜田多実,栗,200,13104465,01141,01138,0316110308,橋元勇氣,千代田牧場,ブライアンズタイム,シジェームサン,"Septieme Ciel",青鹿,130501,    6.5,  ,    ,45.6
16,04,09,1,福島,1,03,未勝利・若,7,ダ,1,1700,稍,クーイカヌウ      ,牡,3,加藤祥太,54.0,15,09,3,3,0,2,6,110.5,"1505",0,14,14,12,11,39.6,458,西園正都,栗,130,13101770,01156,01028,0316110309,錦岡牧場,錦岡牧場,ステイゴールド,ガンダーラプソディ,ジェイドロバリー,栗毛,130301,   58.9,  ,    ,47.7
16,04,09,1,福島,1,03,未勝利・若,7,ダ,1,1700,稍,ライムチャン      ,牝,3,木幡巧也,51.0,15,10,1,1,0,-0.2,1,108.5,"1485",0,3,3,4,1,39.1,464,牧光二,美,500,13105436,01162,01106,0316110310,ケンレーシング組合,社台ファーム,キンシャサノキセキ,キープザフェイス,エアジハード,鹿毛,130322,    1.1,  ,    ,46.8
16,04,09,1,福島,1,03,未勝利・若,7,ダ,1,1700,稍,セイムヒアー      ,牝,3,西村太一,54.0,15,11,4,4,0,2.2,12,110.7,"1507",0,9,7,6,7,40.6,406,石毛善彦,美,75,13103813,01131,00428,0316110311,ミルファーム,ミルファーム,アポロキングダム,ハチノヨウニサス,"War Chant",鹿毛,130414,  124.4,  ,    ,44.2
16,04,09,1,福島,1,03,未勝利・若,7,ダ,1,1700,稍,シャルメーヌ      ,牝,3,鮫島克駿,53.0,15,12,14,14,0,3.8,4,112.3,"1523",0,11,10,8,8,42,472,浅見秀一,栗,0,13105916,01157,00411,0316110312,三田昌宏,ノーザンファーム,ヴィクトワールピサ,シーズアン,Zieten,鹿毛,130327,   17.6,  ,    ,41.3
16,04,09,1,福島,1,03,未勝利・若,7,ダ,1,1700,稍,タイセイアスリート,セ,3,長岡禎仁,54.0,15,13,7,7,0,2.4,10,110.9,"1509",0,13,10,2,3,41.7,480,二ノ宮敬,美,0,13100373,01142,00409,0316110313,田中成奉,下河辺牧場,ディープスカイ,フィリス,アフリート,栗毛,130516,   88.7,  ,    ,40.5
16,04,09,1,福島,1,03,未勝利・若,7,ダ,1,1700,稍,イチオクノユメ    ,牝,3,嶋田純次,54.0,15,14,12,12,0,3.1,15,111.6,"1516",0,6,4,5,5,41.9,454,伊藤伸一,美,0,13104438,01134,01031,0316110314,鎌田博隆,大典牧場,アグネスデジタル,ハシルジョウオー,メジロライアン,栗毛,130501,  330.4,  ,    ,40.7
16,04,09,1,福島,1,03,未勝利・若,7,ダ,1,1700,稍,オーテンバール    ,牝,3,平野優,54.0,15,15,15,15,0,7.6,11,116.1,"1561",0,7,7,12,15,45.2,452,二ノ宮敬,美,0,13101607,01132,00409,0316110315,和泉憲一,大栄牧場,ナカヤマフェスタ,ナカヤママニッシュ,トワイニング,鹿毛,130507,  112.7,  ,    ,35.6
16,04,09,1,福島,1,04,障害未勝利,7,芝,2,2750,良,ポールシッター    ,セ,6,石神深一,60.0,14,01,6,6,0,1.1,9,181.9,"3019",0,2,2,2,2,13.2,452,尾形和幸,美,0,10102488,01059,01141,0316110401,平川浩之,岡田スタツド,マイネルラヴ,ヘヴンリービーナス,フジキセキ,青鹿,100428,   51.4,  ,    , 0.0
16,04,09,1,福島,1,04,障害未勝利,7,芝,2,2750,良,ブリエアヴェニール,セ,4,原田和真,57.0,14,02,13,13,0,9.2,12,190,"3100",0,4,4,13,13,13.8,484,栗田博憲,美,0,12103031,01143,00341,0316110402,岡田牧雄,タイヘイ牧場,オペラハウス,モンテチェリー,ホワイトマズル,鹿毛,120226,   97.6,  ,    , 0.0
16,04,09,1,福島,1,04,障害未勝利,7,芝,2,2750,良,アルテミシア      ,牝,6,浜野谷憲,58.0,14,03,7,7,0,1.9,13,182.7,"3027",0,4,5,5,5,13.3,486,古賀史生,美,0,10101239,00695,00392,0316110403,岡田牧雄,小河豊水,クロフネ,エイシンアイノウタ,サンデーサイレンス,鹿毛,100529,  102.6,  ,    , 0.0
16,04,09,1,福島,1,04,障害未勝利,7,芝,2,2750,良,ジュールドトネール,牡,6,小野寺祐,60.0,14,04,4,4,0,0.8,6,181.6,"3016",0,12,10,7,7,13.2,506,宗像義忠,美,110,10104038,01123,00420,0316110404,吉田和美,ノーザンファーム,ディープインパクト,アーマイン,"Exchange Rate",青鹿,100206,   16.8,  ,    , 0.0
16,04,09,1,福島,1,04,障害未勝利,7,芝,2,2750,良,シャトーボルト    ,牡,4,大江原圭,59.0,14,05,14,14,0,11.3,14,192.1,"3121",0,14,14,14,14,14,498,根本康広,美,0,12102202,01120,01029,0316110405,円城幸男,大高朝幸,モルフェデスペクタ,タキノエンジェル,ダイタクリーヴァ,鹿毛,120411,  259.9,  ,    , 0.0
16,04,09,1,福島,1,04,障害未勝利,7,芝,2,2750,良,ウインイルソーレ  ,牡,5,五十嵐雄,60.0,14,06,5,5,0,0.9,1,181.7,"3017",0,7,7,5,5,13.2,484,高橋祥泰,美,75,11105272,01069,00359,0316110406,ウイン,北星村田牧場,ファスリエフ,アンブレラ,サンデーサイレンス,鹿毛,110130,    2.1,  ,    , 0.0
16,04,09,1,福島,1,04,障害未勝利,7,芝,2,2750,良,マコトサダイジン  ,セ,5,高田潤,60.0,14,07,1,1,0,-0.2,3,180.8,"3008",0,3,3,4,4,13.1,446,松田国英,栗,750,11105044,01046,01011,0316110407,ディアマント,新冠橋本牧場,キングカメハメハ,マコトマンリョウ,サンデーサイレンス,栗毛,110329,    6.6,  ,    , 0.0
16,04,09,1,福島,1,04,障害未勝利,7,芝,2,2750,良,ラノララク        ,牝,6,江田勇亮,58.0,14,08,12,12,0,6.3,10,187.1,"3071",0,9,9,8,12,13.6,476,南田美知,美,0,10102239,01023,00437,0316110408,ミルファーム,バンダム牧場,オレハマッテルゼ,ミラクルケープ,フォーティナイナー,栗毛,100323,   58.7,  ,    , 0.0
16,04,09,1,福島,1,04,障害未勝利,7,芝,2,2750,良,オベレック        ,牡,6,高野和馬,60.0,14,09,9,9,0,2.5,11,183.3,"3033",0,12,12,11,10,13.3,480,佐藤吉勝,美,0,10100847,01089,01035,0316110409,片山博志,日西牧場,メイショウサムソン,ダンスエターナル,ダンスインザダーク,鹿毛,100409,   62.7,  ,    , 0.0
16,04,09,1,福島,1,04,障害未勝利,7,芝,2,2750,良,グリーティングワン,牡,6,上野翔,60.0,14,10,10,10,0,2.8,7,183.6,"3036",0,11,12,12,11,13.4,446,柴田政人,美,0,10100656,01087,01007,0316110410,井上久光,ダーレー・ジャパン,"Dubai Destination",サマーセレナーデ,"Sadler's Wells",黒鹿,100426,   27.0,  ,    , 0.0
16,04,09,1,福島,1,04,障害未勝利,7,芝,2,2750,良,クラウンフレイム  ,牡,4,北沢伸也,59.0,14,11,3,3,0,0.3,5,181.1,"3011",0,4,5,3,3,13.2,488,大根田裕,栗,190,12101215,00691,01032,0316110411,クラウン,クラウン日高牧場,オンファイア,ハイフレンドモア,"Mt. Livermore",鹿毛,120405,    8.9,  ,    , 0.0
16,04,09,1,福島,1,04,障害未勝利,7,芝,2,2750,良,チョウゴキゲン    ,牡,4,熊沢重文,59.0,14,12,8,8,0,2,8,182.8,"3028",0,10,10,8,8,13.3,522,日吉正和,栗,0,12100360,00652,01122,0316110412,丸山隆雄,武田牧場,エンパイアメーカー,チョウキセキ,フジキセキ,黒鹿,120226,   41.5,  ,    , 0.0
16,04,09,1,福島,1,04,障害未勝利,7,芝,2,2750,良,タガノレイヨネ    ,牡,7,森一馬,60.0,14,13,11,11,0,2.9,4,183.7,"3037",0,7,8,8,9,13.4,502,本田優,栗,0,09104947,01139,01099,0316110413,八木良司,新冠タガノファーム,フジキセキ,タガノシャルフ,トニービン,栗毛,090508,    8.3,  ,    , 0.0
16,04,09,1,福島,1,04,障害未勝利,7,芝,2,2750,良,ザラストロ        ,牡,6,山本康志,60.0,14,14,2,2,0,0.2,2,181,"3010",0,1,1,1,1,13.2,482,武藤善則,美,300,10103357,01008,01064,0316110414,高橋貴士,松田牧場,ホワイトマズル,セクシーココナッツ,ダンスインザダーク,鹿毛,100214,    4.9,  ,    , 0.0
16,04,09,1,福島,1,05,障害・オープ,131,芝,2,2750,良,ドリームハヤテ    ,牡,6,熊沢重文,62.0,14,01,2,2,0,1,1,179.9,"2599",0,1,1,1,1,13.1,504,南井克巳,栗,520,10100880,00652,01049,0316110501,ライオンレースホー,長谷川一男,メイショウボーラー,トーホウハヤカゼ,エリシオ,鹿毛,100410,    2.3,  ,    , 0.0
16,04,09,1,福島,1,05,障害・オープ,131,芝,2,2750,良,シゲルヒタチ      ,牡,5,草野太郎,60.0,14,02,9,9,0,3.7,11,182.6,"3026",0,3,3,6,6,13.3,498,木原一良,栗,0,11106292,01113,01033,0316110502,森中蕃,大樹ファーム,タイキシャトル,タイキプロバンス,トワイニング,栗毛,110331,   84.7,  ,    , 0.0
16,04,09,1,福島,1,05,障害・オープ,131,芝,2,2750,良,コスモパルダ      ,牡,7,山本康志,60.0,14,03,4,4,0,1.6,7,180.5,"3005",0,2,2,2,2,13.1,502,和田正道,美,200,09105131,01008,00353,0316110503,ビッグレッドファー,ビッグレッドファー,ロージズインメイ,オトメノイノリ,サンデーサイレンス,青鹿,090327,   22.6,  ,    , 0.0
16,04,09,1,福島,1,05,障害・オープ,131,芝,2,2750,良,セイウンコレット  ,牝,5,上野翔,58.0,14,04,11,11,0,4.2,13,183.1,"3031",0,6,8,13,13,13.3,462,鈴木伸尋,美,0,11100952,01087,01026,0316110504,西山茂行,メイプルファーム,マンハッタンカフェ,シュフルール,パントレセレブル,黒鹿,110311,  127.2,  ,    , 0.0
16,04,09,1,福島,1,05,障害・オープ,131,芝,2,2750,良,マイネルピクトル  ,牡,5,五十嵐雄,62.0,14,05,7,7,0,3.1,6,182,"3020",0,3,4,9,9,13.2,508,菅原泰夫,美,0,11102177,01069,00415,0316110505,サラブレッドクラブ,大典牧場,ゼンノロブロイ,アートブライアン,サニーブライアン,鹿毛,110412,   17.8,  ,    , 0.0
16,04,09,1,福島,1,05,障害・オープ,131,芝,2,2750,良,トーセンハナミズキ,牝,6,小野寺祐,58.0,14,06,6,6,0,1.8,4,180.7,"3007",0,14,13,11,11,13.1,468,成島英春,美,0,10104096,01123,00433,0316110506,島川隆哉,ノーザンファーム,タイキシャトル,クラレットパンチ,フジキセキ,鹿毛,100320,    7.6,  ,    , 0.0
16,04,09,1,福島,1,05,障害・オープ,131,芝,2,2750,良,カシノデューク    ,牡,7,蓑島靖典,60.0,14,07,12,12,0,5.3,12,184.2,"3042",0,12,14,14,14,13.4,504,二本柳俊,美,0,09109199,01068,00370,0316110507,柏木務,本田土寿,アメリカンボス,ビーナス,サクラローレル,栗毛,090228,   99.2,  ,    , 0.0
16,04,09,1,福島,1,05,障害・オープ,131,芝,2,2750,良,ピッツネイル      ,牝,5,原田和真,57.0,14,08,0,0,4,999.9,10,0,"----",0,10,10,7,6,0,510,清水英克,美,0,11101879,01143,01080,0316110508,ノルマンディーサラ,カントリー牧場,クロフネ,スヴレッタ,Nureyev,芦毛,110418,   50.8,  ,    , 0.0
16,04,09,1,福島,1,05,障害・オープ,131,芝,2,2750,良,ユキノスライダー  ,牡,6,植野貴也,60.0,14,09,1,1,0,-1,3,178.9,"2589",0,5,4,3,2,13,452,高橋義忠,栗,1300,10100330,00727,01129,0316110509,遠藤定子,川端正博,デュランダル,ユキノチャンプ,タバスコキャット,栗毛,100418,    7.3,  ,    , 0.0
16,04,09,1,福島,1,05,障害・オープ,131,芝,2,2750,良,タイセイジーニアス,牡,8,北沢伸也,60.0,14,10,8,8,0,3.2,8,182.1,"3021",0,12,11,10,10,13.2,474,宮本博,栗,0,08100219,00691,01073,0316110510,田中成奉,カントリー牧場,タニノギムレット,タニノジャドール,サンデーサイレンス,黒鹿,080311,   27.7,  ,    , 0.0
16,04,09,1,福島,1,05,障害・オープ,131,芝,2,2750,良,ウインヤード      ,牡,5,高野和馬,60.0,14,11,0,0,4,999.9,9,0,"----",0,7,4,4,4,0,470,小桧山悟,美,0,11106614,01089,01005,0316110511,柴原榮,川上牧場,オペラハウス,レディルナ,フォーティナイナー,鹿毛,110311,   29.5,  ,    , 0.0
16,04,09,1,福島,1,05,障害・オープ,131,芝,2,2750,良,ドリームセーリング,牡,9,石神深一,61.0,14,12,3,3,0,1.6,2,180.5,"3005",0,7,7,7,8,13.1,480,田島俊明,美,330,07106537,01059,01112,0316110512,ライオンレースホー,千代田牧場,クロフネ,グローバルピース,サンデーサイレンス,栗毛,070214,    4.3,  ,    , 0.0
16,04,09,1,福島,1,05,障害・オープ,131,芝,2,2750,良,アイティテイオー  ,牡,8,浜野谷憲,60.0,14,13,5,5,0,1.7,5,180.6,"3006",0,9,8,4,4,13.1,468,竹内正洋,美,130,08104413,00695,01152,0316110513,一ノ瀬恭,川島牧場,ムーンバラッド,ローレルデフィー,ラムタラ,栗毛,080505,    9.9,  ,    , 0.0
16,04,09,1,福島,1,05,障害・オープ,131,芝,2,2750,良,タピエス          ,牡,4,中村将之,59.0,14,14,10,10,0,3.7,14,182.6,"3026",0,11,11,12,12,13.3,486,浅見秀一,栗,0,12102446,01101,00411,0316110514,細川祐季子,萩澤俊雄,キンシャサノキセキ,エリモジェニー,オジジアン,鹿毛,120422,  130.3,  ,    , 0.0
16,04,09,1,福島,1,06,500万下,23,ダ,1,1700,稍,トーセンミラージュ,牡,5,井上敏樹,55.0,15,01,13,13,0,1.8,11,109,"1490",0,12,12,10,13,39.8,512,菅原泰夫,美,0,11103960,01151,00415,0316110601,島川隆哉,ノーザンファーム,スペシャルウィーク,ティエッチマンボ,Kingmambo,青鹿,110226,   37.4,  ,    ,44.8
16,04,09,1,福島,1,06,500万下,23,ダ,1,1700,稍,ステイリッチ      ,牡,4,吉田隼人,57.0,15,02,8,8,0,0.8,1,108,"1480",0,5,6,7,5,39,540,加藤征弘,美,0,12104136,01095,01059,0316110602,宇田豊,社台コーポレーショ,ステイゴールド,イスラコジーン,Cozzene,栗毛,120507,    2.8,  ,    ,46.5
16,04,09,1,福島,1,06,500万下,23,ダ,1,1700,稍,バイザスコット    ,牡,4,伊藤工真,57.0,15,03,3,3,0,0,12,107.2,"1472",0,3,3,5,3,38.4,488,大竹正博,美,180,12101365,01119,01102,0316110603,窪田康志,下河辺牧場,ゼンノロブロイ,バイザキャット,"Storm Cat",栗毛,120403,   60.6,  ,    ,47.7
16,04,09,1,福島,1,06,500万下,23,ダ,1,1700,稍,コスモカウピリ    ,牡,5,丹内祐次,57.0,15,04,4,4,0,0.1,6,107.3,"1473",0,8,9,10,9,38.1,482,高橋祥泰,美,110,11102186,01091,00359,0316110604,ビッグレッドファー,大典牧場,ハイアーゲーム,シックスポケット,Charismatic,鹿毛,110320,    9.9,  ,    ,49.1
16,04,09,1,福島,1,06,500万下,23,ダ,1,1700,稍,アビエイター      ,牡,5,加藤祥太,55.0,15,05,11,11,0,1.5,8,108.7,"1487",0,8,9,7,9,39.7,526,伊藤正徳,美,0,11101456,01156,00383,0316110605,ヒダカ・ブリーダー,広田牧場,ディープスカイ,リザーブシート,クリエイター,栗毛,110217,   20.5,  ,    ,44.8
16,04,09,1,福島,1,06,500万下,23,ダ,1,1700,稍,セルリアンラビット,牡,7,中井裕二,56.0,15,06,1,1,0,0,9,107.2,"1472",0,15,15,13,7,37.9,458,飯田雄三,栗,700,09104374,01141,01050,0316110606,イクタ,高橋正三,スパイキュール,ダンツサクラ,ラムタラ,鹿毛,090430,   25.4,  ,    ,49.7
16,04,09,1,福島,1,06,500万下,23,ダ,1,1700,稍,カフェライジング  ,牡,4,鮫島克駿,56.0,15,07,9,9,0,0.8,4,108,"1480",0,14,13,4,3,39.3,506,松永幹夫,栗,0,12102566,01157,01092,0316110607,西川恭子,三石橋本牧場,マンハッタンカフェ,カフェララルー,Stravinsky,鹿毛,120412,    8.9,  ,    ,45.4
16,04,09,1,福島,1,06,500万下,23,ダ,1,1700,稍,ペプチドアルマ    ,牡,4,畑端省吾,57.0,15,08,12,12,0,1.7,5,108.9,"1489",0,2,2,2,5,40.3,448,吉村圭司,栗,0,12105220,01057,01130,0316110608,沼川一彦,杵臼牧場,シンボリクリスエス,ペプチドルビー,コロナドズクエスト,黒鹿,120417,    9.8,  ,    ,42.8
16,04,09,1,福島,1,06,500万下,23,ダ,1,1700,稍,カズノテナンゴ    ,牡,4,西田雄一,57.0,15,09,6,6,0,0.1,3,107.3,"1473",0,5,5,2,2,38.8,474,尾形充弘,美,0,12103703,01004,00349,0316110609,鈴木可一,矢野牧場,チチカステナンゴ,シフォンベール,"El Prado",栗毛,120317,    6.3,  ,    ,46.3
16,04,09,1,福島,1,06,500万下,23,ダ,1,1700,稍,フユハナビ        ,セ,5,木幡初也,54.0,15,10,15,15,0,2.5,15,109.7,"1497",0,13,13,15,15,39.3,444,小野次郎,美,0,11106489,01153,01125,0316110610,大久保與志雄,競優牧場,バゴ,ルビーベイビー,Housebuster,鹿毛,110413,  358.5,  ,    ,47.7
16,04,09,1,福島,1,06,500万下,23,ダ,1,1700,稍,メイショウトリトン,牡,6,北村友一,57.0,15,11,7,7,0,0.2,7,107.4,"1474",0,11,11,14,13,37.9,480,藤沢則雄,栗,0,10104888,01102,01041,0316110611,松本好雄,太陽牧場,メイショウサムソン,メイショウフクヒメ,バブルガムフェロー,黒鹿,100315,   14.4,  ,    ,50.0
16,04,09,1,福島,1,06,500万下,23,ダ,1,1700,稍,サードグラッド    ,牡,4,木幡巧也,54.0,15,12,10,10,0,1.4,13,108.6,"1486",0,3,3,7,11,39.6,490,松山将樹,美,0,12103813,01162,01100,0316110612,吉岡泰治,笹川大晃牧場,バゴ,エスワイジュピター,タイキシャトル,黒鹿,120411,   94.5,  ,    ,45.0
16,04,09,1,福島,1,06,500万下,23,ダ,1,1700,稍,メイジン          ,牡,5,津村明秀,57.0,15,13,5,5,0,0.1,10,107.3,"1473",0,1,1,1,1,38.9,460,蛯名利弘,美,70,11100448,01092,01131,0316110613,國分純,スマイルファーム,アドマイヤドン,アドマイヤサクラ,マーベラスサンデー,栗毛,110612,   34.6,  ,    ,45.9
16,04,09,1,福島,1,06,500万下,23,ダ,1,1700,稍,ジョーヌドール    ,牡,6,長岡禎仁,55.0,15,14,14,14,0,2.4,14,109.6,"1496",0,8,6,5,7,40.8,470,二ノ宮敬,美,0,10101998,01142,00409,0316110614,広尾レース,笠松牧場,アグネスタキオン,アビ,"Chief's Crown",栗毛,100404,  122.0,  ,    ,42.0
16,04,09,1,福島,1,06,500万下,23,ダ,1,1700,稍,コマクサ          ,牡,4,原田和真,54.0,15,15,2,2,0,0,2,107.2,"1472",0,7,8,10,11,38,470,小桧山悟,美,280,12100895,01143,01005,0316110615,江川伸夫,森田芳男,マーベラスサンデー,コマケン,スキャン,黒鹿,120310,    5.6,  ,    ,49.3
16,04,09,1,福島,1,07,未勝利,7,ダ,1,1150,稍,サンマリエッタ    ,牝,3,西村太一,54.0,16,01,9,9,0,1,11,72.8,"1128",0,0,0,11,11,37.8,434,蛯名利弘,美,0,13100244,01131,01131,0316110701,加藤信之,ケイズ,アドマイヤマックス,プットリー,ブラックホーク,鹿毛,130403,  121.5,  ,    ,51.0
16,04,09,1,福島,1,07,未勝利,7,ダ,1,1150,稍,リバティークイーン,牝,3,吉田隼人,54.0,16,02,8,8,0,1,1,72.8,"1128",0,0,0,13,14,37.4,450,小笠倫弘,美,0,13102693,01095,01076,0316110702,平川浩之,澤井義一,スタチューオブリバティ,ジンデンキセキ,フジキセキ,黒鹿,130502,    2.0,  ,    ,53.3
16,04,09,1,福島,1,07,未勝利,7,ダ,1,1150,稍,ホーミー          ,牡,3,宮崎北斗,56.0,16,03,15,15,0,2.9,13,74.7,"1147",0,0,0,8,10,40.2,440,中川公成,美,0,13101520,01118,01081,0316110703,小林竜太郎,スカイビーチステー,サウスヴィグラス,ユウフジ,サクラバクシンオー,黒鹿,130429,  229.7,  ,    ,43.6
16,04,09,1,福島,1,07,未勝利,7,ダ,1,1150,稍,オロフィナアスール,牝,3,長岡禎仁,52.0,16,04,6,6,0,0.9,7,72.7,"1127",0,0,0,10,9,38,436,二ノ宮敬,美,0,13103880,01142,00409,0316110704,アスール,石川栄一,キンシャサノキセキ,リメインフォレスト,アジュディケーティング,黒鹿,130420,   27.2,  ,    ,49.6
16,04,09,1,福島,1,07,未勝利,7,ダ,1,1150,稍,カシノマザー      ,牝,3,大庭和弥,54.0,16,05,12,12,0,1.7,12,73.5,"1135",0,0,0,8,8,39,432,蛯名利弘,美,0,13103420,01061,01131,0316110705,柏木務,近藤牧場,ヤマニンセラフィム,クリノオードリー,ロドリゴデトリアーノ,栗毛,130330,  152.7,  ,    ,46.5
16,04,09,1,福島,1,07,未勝利,7,ダ,1,1150,稍,ヤマイチキズナ    ,牝,3,木幡初也,51.0,16,06,14,14,0,2.8,14,74.6,"1146",0,0,0,16,16,38.9,416,大江原哲,美,0,13100271,01153,01012,0316110706,坂本肇,佐々木康治,クロフネ,ダイヤモンドリング,アグネスタキオン,栗毛,130613,  257.3,  ,    ,50.1
16,04,09,1,福島,1,07,未勝利,7,ダ,1,1150,稍,ビップフウマ      ,牡,3,勝浦正樹,56.0,16,07,2,2,0,0.1,3,71.9,"1119",0,0,0,4,4,38.1,526,松下武士,栗,200,13105908,01025,01149,0316110707,鈴木邦英,ノーザンファーム,キンシャサノキセキ,シンフォニーライツ,Vindication,鹿毛,130417,    6.7,  ,    ,46.8
16,04,09,1,福島,1,07,未勝利,7,ダ,1,1150,稍,ツバメガエシ      ,牡,3,鮫島克駿,55.0,16,08,10,10,0,1,9,72.8,"1128",0,0,0,4,6,38.9,474,佐々木晶,栗,0,13103559,01157,00429,0316110708,ターフ・スポート,大道牧場,サムライハート,ラブバレンタイン,ラムタラ,栗毛,130325,   49.2,  ,    ,45.1
16,04,09,1,福島,1,07,未勝利,7,ダ,1,1150,稍,トゥルーリーウィル,牡,3,北村友一,56.0,16,09,7,7,0,1,4,72.8,"1128",0,0,0,14,12,37.3,512,和田正一,美,0,13110044,01102,01114,0316110709,ノースヒルズ,"Overbrook Farm",Speightstown,"Alpha Centauri",Dynaformer,鹿毛,130309,    9.9,  ,    ,53.8
16,04,09,1,福島,1,07,未勝利,7,ダ,1,1150,稍,トモジャボーン    ,牡,3,津村明秀,56.0,16,10,4,4,0,0.3,6,72.1,"1121",0,0,0,2,2,38.6,512,鈴木伸尋,美,75,13106433,01092,01026,0316110710,吉冨学,北光牧場,スタチューオブリバティ,アジェンダ,マンハッタンカフェ,青鹿,130426,   14.2,  ,    ,44.7
16,04,09,1,福島,1,07,未勝利,7,ダ,1,1150,稍,トーアホホエミ    ,牝,3,原田和真,51.0,16,11,16,16,0,3.5,16,75.3,"1153",0,0,0,14,14,39.8,370,和田雄二,美,0,13105110,01143,01143,0316110711,高山ランド,トーア牧場,テレグノシス,トーアルシオール,タヤスツヨシ,鹿毛,130417,  418.6,  ,    ,47.3
16,04,09,1,福島,1,07,未勝利,7,ダ,1,1150,稍,アレッチ          ,牡,3,中谷雄太,56.0,16,12,3,3,0,0.2,5,72,"1120",0,0,0,6,5,37.9,472,森田直行,栗,130,13104255,01038,01142,0316110712,手嶋康雄,佐竹学,スウェプトオーヴァーボード,ミスホーユー,ダイナガリバー,鹿毛,130402,   11.9,  ,    ,48.2
16,04,09,1,福島,1,07,未勝利,7,ダ,1,1150,稍,ブルーガバナー    ,牡,3,井上敏樹,54.0,16,13,13,13,0,1.7,15,73.5,"1135",0,0,0,12,12,38.3,420,田島俊明,美,0,13101251,01151,01112,0316110713,YGGホースクラブ,安達洋生,エンパイアメーカー,グリーンフレイア,サンデーサイレンス,鹿毛,130401,  337.8,  ,    ,50.3
16,04,09,1,福島,1,07,未勝利,7,ダ,1,1150,稍,エルコラーノ      ,牝,3,川須栄彦,54.0,16,14,11,11,0,1.2,8,73,"1130",0,0,0,2,3,39.4,486,奥村武,美,0,13106232,01128,01145,0316110714,ラ・メール,パカパカファーム,ゴールドアリュール,タイキティファニー,サクラバクシンオー,黒鹿,130312,   36.1,  ,    ,43.0
16,04,09,1,福島,1,07,未勝利,7,ダ,1,1150,稍,ラッキーポイント  ,牡,3,野中悠太,53.0,16,15,1,1,0,-0.1,2,71.8,"1118",0,0,0,1,1,38.4,460,奥村武,美,500,13100997,01158,01145,0316110715,村山忠弘,モリナガファーム,タニノギムレット,スプライトダンス,ダンスインザダーク,鹿毛,130419,    4.3,  ,    ,44.9
16,04,09,1,福島,1,07,未勝利,7,ダ,1,1150,稍,スリージェット    ,牡,3,黛弘人,56.0,16,16,5,5,0,0.4,10,72.2,"1122",0,0,0,6,6,38.1,484,伊藤圭三,美,50,13104134,01109,01023,0316110716,永井商事,グランド牧場,サウスヴィグラス,ジョンコ,アグネスタキオン,栗毛,130424,   60.2,  ,    ,47.6
16,04,09,1,福島,1,08,500万下,23,芝,0,1200,良,イスルギ          ,牝,5,加藤祥太,53.0,16,01,6,6,0,0.4,9,69.6,"1096",0,0,0,7,7,35.1,456,牧浦充徳,栗,0,11103478,01156,01113,0316110801,山住勲,チャンピオンズファ,キングカメハメハ,エレガンスクイーン,スペシャルウィーク,黒鹿,110120,   43.6,  ,    ,48.3
16,04,09,1,福島,1,08,500万下,23,芝,0,1200,良,オルティラアスール,牝,4,西田雄一,55.0,16,02,13,13,0,1.7,12,70.9,"1109",0,0,0,16,16,35.4,484,武藤善則,美,0,12102678,01004,01064,0316110802,アスール,石川栄一,キンシャサノキセキ,サングレアズール,クロフネ,鹿毛,120503,  107.7,  ,    ,50.3
16,04,09,1,福島,1,08,500万下,23,芝,0,1200,良,プライマリーコード,牝,5,鮫島克駿,54.0,16,03,3,3,0,0.1,6,69.3,"1093",0,0,0,13,11,34.4,484,佐々木晶,栗,180,11103773,01157,00429,0316110803,キャロットファーム,ノーザンファーム,クロフネ,インディスユニゾン,サンデーサイレンス,芦毛,110511,   26.9,  ,    ,51.5
16,04,09,1,福島,1,08,500万下,23,芝,0,1200,良,ハッシュ          ,牝,5,坂井瑠星,52.0,16,04,1,1,0,-0.1,2,69.2,"1092",0,0,0,1,1,35.3,480,高橋義忠,栗,700,11100540,01163,01129,0316110804,H.H.シェイク・モハ,ダーレー・ジャパン,コマンズ,サイレント,サンデーサイレンス,芦毛,110330,    3.1,  ,    ,46.0
16,04,09,1,福島,1,08,500万下,23,芝,0,1200,良,サダムリスペクト  ,牡,4,吉田隼人,57.0,16,05,5,5,0,0.3,4,69.5,"1095",0,0,0,12,14,34.7,460,本間忍,美,70,12106262,01095,01056,0316110805,大西美生子,神垣道弘,キンシャサノキセキ,ハナランマン,サクラユタカオー,鹿毛,120407,    7.8,  ,    ,50.3
16,04,09,1,福島,1,08,500万下,23,芝,0,1200,良,ツクバジャパン    ,牡,5,勝浦正樹,57.0,16,06,4,4,0,0.3,3,69.5,"1095",0,0,0,2,2,35.5,524,小野次郎,美,110,11101247,01025,01125,0316110806,荻原昭二,片山牧場,デュランダル,ウェディングバレー,"Peaks and Valleys",芦毛,110115,    7.3,  ,    ,45.8
16,04,09,1,福島,1,08,500万下,23,芝,0,1200,良,コスモイノセント  ,牡,5,木幡初也,54.0,16,07,2,2,0,0.1,5,69.3,"1093",0,0,0,3,3,35,474,高橋祥泰,美,280,11102350,01153,00359,0316110807,鈴木芳夫,友田牧場,マイネルラヴ,フジノプログレス,ブライアンズタイム,青鹿,110411,   12.4,  ,    ,48.0
16,04,09,1,福島,1,08,500万下,23,芝,0,1200,良,クラウンエンジェル,牝,4,横山和生,55.0,16,08,16,16,0,2.1,16,71.3,"1113",0,0,0,8,14,36.7,432,松永康利,美,0,12105670,01140,01093,0316110808,矢野まり子,山田昇史,スウェプトオーヴァーボード,テンシノユメ,エルコンドルパサー,青鹿,120417,  293.3,  ,    ,44.3
16,04,09,1,福島,1,08,500万下,23,芝,0,1200,良,レッドブラッサム  ,牝,4,伴啓太,53.0,16,09,14,14,0,1.7,11,70.9,"1109",0,0,0,3,5,36.6,436,黒岩陽一,美,0,12104261,01149,01133,0316110809,東京ホースレーシン,社台ファーム,チチカステナンゴ,スプリングアマイン,タヤスツヨシ,黒鹿,120129,   63.1,  ,    ,43.7
16,04,09,1,福島,1,08,500万下,23,芝,0,1200,良,ナリノネーヴェ    ,牝,4,井上敏樹,53.0,16,10,8,8,0,0.6,15,69.8,"1098",0,0,0,13,12,34.9,406,上原博之,美,0,12104381,01151,00423,0316110810,成塚清志,社台ファーム,スウェプトオーヴァーボード,プリンセストロイ,ダンスインザダーク,芦毛,120522,  262.2,  ,    ,50.0
16,04,09,1,福島,1,08,500万下,23,芝,0,1200,良,ダイシンカレラ    ,牡,4,北村友一,57.0,16,11,7,7,0,0.6,1,69.8,"1098",0,0,0,8,7,35.2,478,庄野靖志,栗,0,12101685,01102,01087,0316110811,大八木信行,中原牧場,キンシャサノキセキ,ダイシンシルビア,Dehere,黒鹿,120424,    2.4,  ,    ,48.3
16,04,09,1,福島,1,08,500万下,23,芝,0,1200,良,ディアエトワール  ,牡,5,丸田恭介,57.0,16,12,11,11,0,1.6,14,70.8,"1108",0,0,0,3,5,36.4,476,高橋裕,美,0,11102676,01117,00412,0316110812,ディアレストクラブ,山際智,アドマイヤジャパン,メイショウアヤメ,ジェイドロバリー,栗毛,110410,  154.7,  ,    ,44.5
16,04,09,1,福島,1,08,500万下,23,芝,0,1200,良,アブソリュカフェ  ,牡,5,木幡巧也,54.0,16,13,15,15,0,1.8,7,71,"1110",0,0,0,3,4,36.7,492,小島太,美,0,11106545,01162,01013,0316110813,西川光一,ヤナガワ牧場,マンハッタンカフェ,シルクチャプター,アフリート,黒鹿,110121,   31.7,  ,    ,43.5
16,04,09,1,福島,1,08,500万下,23,芝,0,1200,良,ハルコマチ        ,牝,6,中谷雄太,55.0,16,14,10,10,0,1,13,70.2,"1102",0,0,0,15,13,35.1,468,星野忍,美,0,10105727,01038,01030,0316110814,松尾正,中本牧場,タイムパラドックス,ユウターマライア,ダンスインザダーク,鹿毛,100531,  120.5,  ,    ,50.0
16,04,09,1,福島,1,08,500万下,23,芝,0,1200,良,カボスチャン      ,牝,4,嘉藤貴行,55.0,16,15,12,12,0,1.7,10,70.9,"1109",0,0,0,8,10,36.3,432,牧光二,美,0,12104414,01051,01106,0316110815,ケンレーシング組合,社台ファーム,タニノギムレット,マルカパール,サンデーサイレンス,黒鹿,120512,   57.9,  ,    ,45.3
16,04,09,1,福島,1,08,500万下,23,芝,0,1200,良,フクノグローリア  ,牝,4,丹内祐次,55.0,16,16,9,9,0,0.9,8,70.1,"1101",0,0,0,8,7,35.5,458,杉浦宏昭,美,0,12100411,01091,01008,0316110816,福島祐子,対馬正,ブライアンズタイム,シルクヴァルキリー,マーベラスサンデー,黒鹿,120310,   32.4,  ,    ,47.5
16,04,09,1,福島,1,09,500万下,23,ダ,1,1150,稍,テキスタイルアート,セ,4,原田和真,54.0,16,01,3,3,0,0.3,2,69.7,"1097",0,0,0,1,1,37.5,468,栗田博憲,美,180,12104467,01143,00341,0316110901,岡田壮史,社台ファーム,ロージズインメイ,リバティープリント,スウェプトオーヴァーボード,青鹿,120402,    4.2,  ,    ,43.7
16,04,09,1,福島,1,09,500万下,23,ダ,1,1150,稍,マイティティー    ,牝,4,黛弘人,55.0,16,02,14,14,0,3.3,3,72.7,"1127",0,0,0,12,16,39.4,460,本田優,栗,0,12103478,01109,01099,0316110902,五影慶則,フジワラフアーム,エンパイアメーカー,チアズガディス,フレンチデピュティ,鹿毛,120306,    6.8,  ,    ,42.2
16,04,09,1,福島,1,09,500万下,23,ダ,1,1150,稍,クラシックマーク  ,牝,5,伊藤工真,55.0,16,03,9,9,0,1.1,12,70.5,"1105",0,0,0,15,12,36.9,446,粕谷昌央,美,0,11106573,01119,01096,0316110903,小田切統二,木下牧場,アグネスデジタル,ステキプレゼント,ジェニュイン,栗毛,110427,   53.5,  ,    ,49.3
16,04,09,1,福島,1,09,500万下,23,ダ,1,1150,稍,セルリアンコスモ  ,牡,4,鮫島克駿,56.0,16,04,7,7,0,1.1,9,70.5,"1105",0,0,0,4,3,38,516,川村禎彦,栗,0,12100854,01157,01003,0316110904,イクタ,ムラカミファーム,キンシャサノキセキ,フレンドリーステラ,タバスコキャット,鹿毛,120517,   22.6,  ,    ,43.3
16,04,09,1,福島,1,09,500万下,23,ダ,1,1150,稍,キクノセントロ    ,牡,6,北村友一,57.0,16,05,15,15,0,3.8,13,73.2,"1132",0,0,0,2,3,41,480,吉田直弘,栗,0,10105097,01102,01101,0316110905,菊池五郎,松田憲一,タイキシャトル,メグミロマンス,ラムタラ,栗毛,100326,   67.8,  ,    ,35.7
16,04,09,1,福島,1,09,500万下,23,ダ,1,1150,稍,タタラ            ,牡,4,木幡巧也,54.0,16,06,5,5,0,0.7,7,70.1,"1101",0,0,0,8,7,37.2,426,和田正一,美,70,12100028,01162,01114,0316110906,スピードファーム,アサヒ牧場,アドマイヤオーラ,クバター,"De Ramiro",栗毛,120422,   13.8,  ,    ,46.5
16,04,09,1,福島,1,09,500万下,23,ダ,1,1150,稍,バーニーズ        ,牡,6,長岡禎仁,55.0,16,07,6,6,0,0.9,10,70.3,"1103",0,0,0,11,9,37.3,478,武市康男,美,0,10102950,01142,01089,0316110907,村木隆,千代田牧場,フォーティナイナーズサン,グランシェール,ビゼンニシキ,栗毛,100308,   30.0,  ,    ,46.5
16,04,09,1,福島,1,09,500万下,23,ダ,1,1150,稍,ティーエスバラ    ,牡,4,川島信二,57.0,16,08,10,10,0,1.3,8,70.7,"1107",0,0,0,4,5,38.2,502,岩元市三,栗,0,12105113,01062,00397,0316110908,田畑利彦,浦河日成牧場,ダイワメジャー,バラシング,ダンシングブレーヴ,鹿毛,120327,   16.4,  ,    ,42.8
16,04,09,1,福島,1,09,500万下,23,ダ,1,1150,稍,レンズフルパワー  ,牡,4,小坂忠士,57.0,16,09,8,8,0,1.1,4,70.5,"1105",0,0,0,12,11,37.2,500,奥村豊,栗,0,12105606,01063,01146,0316110909,田畑富子,宮内牧場,エンパイアメーカー,キャロルブラボー,キャロルハウス,鹿毛,120512,    8.0,  ,    ,47.7
16,04,09,1,福島,1,09,500万下,23,ダ,1,1150,稍,アスターペニー    ,牝,4,加藤祥太,53.0,16,10,12,12,0,1.8,11,71.2,"1112",0,0,0,12,12,37.9,436,加藤敬二,栗,0,12103772,01156,00379,0316110910,加藤久枝,新井牧場,クリストワイニング,ヒサクィーン,アグネスタキオン,鹿毛,120428,   32.0,  ,    ,45.9
16,04,09,1,福島,1,09,500万下,23,ダ,1,1150,稍,スローライフ      ,牝,5,横山和生,55.0,16,11,11,11,0,1.6,16,71,"1110",0,0,0,16,15,37.3,498,畠山吉宏,美,0,11104218,01140,01048,0316110911,村野康司,社台ファーム,ハーツクライ,キープザフェイス,エアジハード,栗毛,110228,  176.0,  ,    ,48.6
16,04,09,1,福島,1,09,500万下,23,ダ,1,1150,稍,ハリケーンリリー  ,セ,5,宮崎北斗,57.0,16,12,1,1,0,0,5,69.4,"1094",0,0,0,8,7,36.6,502,中川公成,美,700,11105712,01118,01081,0316110912,山上和良,木村牧場,マイネルセレクト,トウエンクィーン,ジェイドロバリー,鹿毛,110327,   11.0,  ,    ,47.8
16,04,09,1,福島,1,09,500万下,23,ダ,1,1150,稍,ヤマニンアタシャン,牝,5,木幡初也,52.0,16,13,4,4,0,0.6,6,70,"1100",0,0,0,4,5,37.5,418,西橋豊治,栗,110,11105062,01153,00434,0316110913,土井肇,錦岡牧場,フレンチデピュティ,ヤマニンパンテール,ニホンピロウイナー,鹿毛,110406,   11.1,  ,    ,44.5
16,04,09,1,福島,1,09,500万下,23,ダ,1,1150,稍,ルミニズム        ,セ,5,吉田隼人,57.0,16,14,2,2,0,0,1,69.4,"1094",0,0,0,2,2,37.1,500,大竹正博,美,280,11103701,01095,01102,0316110914,社台レースホース,社台コーポレーショ,ゼンノロブロイ,ルミネンス,ジェイドロバリー,黒鹿,110203,    3.7,  ,    ,45.0
16,04,09,1,福島,1,09,500万下,23,ダ,1,1150,稍,デザイアドライブ  ,牝,5,丸田恭介,55.0,16,15,13,13,0,2.5,14,71.9,"1119",0,0,0,8,9,39,450,金成貴史,美,0,11102392,01117,01132,0316110915,片山晃,西村和夫,ホワイトマズル,ピサノボニータ,サンデーサイレンス,黒鹿,110215,  147.0,  ,    ,42.0
16,04,09,1,福島,1,09,500万下,23,ダ,1,1150,稍,マダムアグライア  ,牝,5,西村太一,55.0,16,16,16,16,0,4.4,15,73.8,"1138",0,0,0,7,12,41.2,484,新開幸一,美,0,11100083,01131,01116,0316110916,ディアレストクラブ,浦新徳司,ケイムホーム,マリスカ,アグネスタキオン,鹿毛,110319,  162.0,  ,    ,36.3
16,04,09,1,福島,1,10,ひめさゆ500*,23,芝,0,2000,良,ギャラントグリフ  ,牡,3,木幡巧也,56.0,11,01,7,7,0,1.5,4,121.5,"2015",0,2,2,3,3,37.8,498,牧光二,美,0,13106463,01162,01106,0316111001,岡田牧雄,鹿戸正幸,ホワイトマズル,ビコーガイア,アドマイヤベガ,黒鹿,130408,   12.5,  ,    ,44.9
16,04,09,1,福島,1,10,ひめさゆ500*,23,芝,0,2000,良,スクエアフォールド,セ,3,丸田恭介,56.0,11,02,4,4,0,0.9,9,120.9,"2009",0,8,9,8,8,36.7,464,伊藤圭三,美,130,13105519,01117,01023,0316111002,社台レースホース,社台ファーム,シンボリクリスエス,センシュアルドレス,アグネスタキオン,鹿毛,130207,   33.5,  ,    ,48.3
16,04,09,1,福島,1,10,ひめさゆ500*,23,芝,0,2000,良,モーゼス          ,牡,3,川須栄彦,56.0,11,03,3,3,0,0.7,2,120.7,"2007",0,10,9,8,10,36.6,500,大江原哲,美,220,13105194,01128,01012,0316111003,菊地祐司,レイクヴィラファー,ダイワメジャー,チャールストンハーバー,Grindstone,黒鹿,130421,    4.5,  ,    ,48.5
16,04,09,1,福島,1,10,ひめさゆ500*,23,芝,0,2000,良,ペイシャマリヤ    ,牝,3,西田雄一,54.0,11,04,8,8,0,2.2,10,122.2,"2022",0,4,5,6,5,38.3,444,松永康利,美,0,13104604,01004,01093,0316111004,北所直人,友田牧場,タイキシャトル,ハローアゲイン,アグネスタキオン,栗毛,130426,   52.4,  ,    ,43.9
16,04,09,1,福島,1,10,ひめさゆ500*,23,芝,0,2000,良,シャインレッド    ,牡,3,吉田隼人,56.0,11,05,6,6,0,1.3,3,121.3,"2013",0,2,2,2,2,37.7,496,武井亮,美,0,13105767,01095,01147,0316111005,了徳寺健二ホールデ,ノーザンファーム,ハービンジャー,アドマイヤフッキー,フジキセキ,鹿毛,130214,    5.9,  ,    ,45.0
16,04,09,1,福島,1,10,ひめさゆ500*,23,芝,0,2000,良,イチダイ          ,牡,3,津村明秀,56.0,11,06,2,2,0,0.4,5,120.4,"2004",0,8,8,8,8,36.3,516,板垣吉則,地,360,13103589,01092,05685,0316111006,三度屋,辻牧場,シンボリクリスエス,テンイムホウ,ラムタラ,鹿毛,130515,   14.5,  ,    ,49.3
16,04,09,1,福島,1,10,ひめさゆ500*,23,芝,0,2000,良,シベリウス        ,牡,3,村田一誠,56.0,11,07,9,9,0,2.3,11,122.3,"2023",0,4,4,3,5,38.6,446,藤原辰雄,美,0,13104137,01031,00435,0316111007,浅田次郎,グランド牧場,サウスヴィグラス,スズカシャンティー,"Giant's Causeway",栗毛,130330,  116.2,  ,    ,42.9
16,04,09,1,福島,1,10,ひめさゆ500*,23,芝,0,2000,良,メイショウカクオビ,牡,3,川島信二,56.0,11,08,5,5,0,1.1,7,121.1,"2011",0,11,11,11,10,36.6,476,南井克巳,栗,89,13106315,01062,01049,0316111008,松本好雄,昭和牧場,ファルブラヴ,マチカネフウリン,サンデーサイレンス,鹿毛,130511,   16.8,  ,    ,48.9
16,04,09,1,福島,1,10,ひめさゆ500*,23,芝,0,2000,良,グランドサッチャー,牝,3,中谷雄太,54.0,11,09,11,11,0,3.7,6,123.7,"2037",0,1,1,1,1,40.2,492,岩元市三,栗,0,13103249,01038,00397,0316111009,田畑利彦,浦河日成牧場,ダイワメジャー,バラシング,ダンシングブレーヴ,栗毛,130423,   16.4,  ,    ,39.0
16,04,09,1,福島,1,10,ひめさゆ500*,23,芝,0,2000,良,アシュワガンダ    ,牡,3,勝浦正樹,56.0,11,10,1,1,0,-0.4,8,120,"2000",0,6,5,6,5,36.1,472,本間忍,美,890,13100929,01025,01056,0316111010,高瀬真尚,本間牧場,タニノギムレット,サララ,アドマイヤベガ,鹿毛,130417,   21.5,  ,    ,49.6
16,04,09,1,福島,1,10,ひめさゆ500*,23,芝,0,2000,良,ステイパーシスト  ,牡,3,北村友一,56.0,11,11,10,10,0,2.3,1,122.3,"2023",0,6,5,3,3,38.6,412,尾関知人,美,0,13105744,01102,01103,0316111011,吉田照哉,社台コーポレーショ,ステイゴールド,ロマンシエール,アグネスデジタル,黒鹿,130520,    2.0,  ,    ,42.9
16,04,09,1,福島,1,11,吾妻小Ｈ1000,43,芝,0,1200,良,エルカミーノレアル,牡,5,鮫島克駿,56.0,16,01,3,3,0,0.4,1,68.7,"1087",0,0,0,8,4,34.5,492,小崎憲,栗,350,11103132,01157,01085,0316111101,広尾レース,桑田牧場,キングカメハメハ,ショウナンタレント,アグネスタキオン,鹿毛,110430,    3.5,  ,    ,49.1
16,04,09,1,福島,1,11,吾妻小Ｈ1000,43,芝,0,1200,良,セレッソブランコ  ,牝,4,加藤祥太,52.0,16,02,7,7,0,1.1,10,69.4,"1094",0,0,0,8,8,35.3,478,奥村豊,栗,0,12101015,01156,01146,0316111102,三宅勝俊,天羽禮治,スウェプトオーヴァーボード,グランバザール,タマモクロス,芦毛,120501,   24.7,  ,    ,46.6
16,04,09,1,福島,1,11,吾妻小Ｈ1000,43,芝,0,1200,良,ハッピーノリチャン,牝,4,伴啓太,52.0,16,03,1,1,0,-0.2,2,68.3,"1083",0,0,0,1,1,34.6,462,黒岩陽一,美,1400,12103033,01149,01133,0316111103,足立範子,タイヘイ牧場,サクラバクシンオー,ラストワルツ,ゼンノロブロイ,栗毛,120209,    4.1,  ,    ,47.4
16,04,09,1,福島,1,11,吾妻小Ｈ1000,43,芝,0,1200,良,クリノスイートピー,牝,4,西田雄一,53.0,16,04,14,14,0,1.7,8,70,"1100",0,0,0,3,2,36,434,星野忍,美,0,12106382,01004,01030,0316111104,栗本守,中地義次,アドマイヤコジーン,テンザンジョイ,マイネルラヴ,黒鹿,120324,   23.1,  ,    ,44.4
16,04,09,1,福島,1,11,吾妻小Ｈ1000,43,芝,0,1200,良,ミンナノプリンセス,牝,4,津村明秀,52.0,16,05,9,9,0,1.2,5,69.5,"1095",0,0,0,3,7,35.6,442,西浦勝一,栗,0,12102554,01092,01016,0316111105,ターフ・スポート,三石川上牧場,コマンズ,カワカミプリンセス,キングヘイロー,黒鹿,120314,   13.0,  ,    ,45.2
16,04,09,1,福島,1,11,吾妻小Ｈ1000,43,芝,0,1200,良,ケイアイユニコーン,牡,7,藤懸貴志,55.0,16,06,4,4,0,0.8,9,69.1,"1091",0,0,0,12,12,34.7,490,山内研二,栗,210,09104256,01138,00388,0316111106,亀田和弘,松田牧場,キングカメハメハ,ケイアイギャラリー,ウォーニング,栗毛,090226,   23.6,  ,    ,49.1
16,04,09,1,福島,1,11,吾妻小Ｈ1000,43,芝,0,1200,良,ゴースルー        ,牡,6,丹内祐次,52.0,16,07,5,5,0,1,14,69.3,"1093",0,0,0,3,2,35.3,464,田中章博,栗,140,10103151,01091,00413,0316111107,静内白井牧場,橋本牧場,アドマイヤマックス,ジプシーダンサー,ウォーニング,鹿毛,100331,   45.8,  ,    ,46.3
16,04,09,1,福島,1,11,吾妻小Ｈ1000,43,芝,0,1200,良,メイショウアズミノ,牝,5,川島信二,53.0,16,08,16,16,0,2.7,11,71,"1110",0,0,0,2,8,37.2,458,池添兼雄,栗,0,11105927,01062,01021,0316111108,松本好雄,富田牧場,ハーツクライ,フレンチミステリー,フレンチデピュティ,鹿毛,110424,   27.8,  ,    ,40.9
16,04,09,1,福島,1,11,吾妻小Ｈ1000,43,芝,0,1200,良,ボブキャット      ,牡,6,村田一誠,55.0,16,09,10,10,0,1.4,13,69.7,"1097",0,0,0,10,8,35.4,506,久保田貴,美,0,10100458,01031,01067,0316111109,村木克子,下河辺牧場,ダイワメジャー,カーラパワー,Caerleon,鹿毛,100414,   40.7,  ,    ,46.9
16,04,09,1,福島,1,11,吾妻小Ｈ1000,43,芝,0,1200,良,マンハッタンヘンジ,牡,5,黛弘人,55.0,16,10,15,15,0,2.4,6,70.7,"1107",0,0,0,3,4,36.7,520,柴田政人,美,0,11106326,01109,01007,0316111110,加藤厚子,大狩部牧場,ザール,アナステーシア,ソヴィエトスター,黒鹿,110520,   16.2,  ,    ,42.6
16,04,09,1,福島,1,11,吾妻小Ｈ1000,43,芝,0,1200,良,リッパーザウィン  ,牡,4,川須栄彦,55.0,16,11,8,8,0,1.1,3,69.4,"1094",0,0,0,3,4,35.4,502,矢作芳人,栗,0,12105689,01128,01075,0316111111,ラ・メール,日本中央競馬会日高,ヨハネスブルグ,シャトルシャロン,タイキシャトル,栗毛,120429,    5.6,  ,    ,46.0
16,04,09,1,福島,1,11,吾妻小Ｈ1000,43,芝,0,1200,良,ハナフブキ        ,牝,5,吉田隼人,52.0,16,12,6,6,0,1,4,69.3,"1093",0,0,0,10,8,35,422,武井亮,美,0,11103425,01095,01147,0316111112,幅田昌伸,吉田ファーム,ディープインパクト,ハンナフレグランス,"Favorite Trick",黒鹿,110330,   12.3,  ,    ,48.0
16,04,09,1,福島,1,11,吾妻小Ｈ1000,43,芝,0,1200,良,フィボナッチ      ,牡,6,勝浦正樹,54.0,16,13,13,13,0,1.5,15,69.8,"1098",0,0,0,16,15,34.5,484,牧浦充徳,栗,0,10102015,01025,01113,0316111113,水上行雄,笠松牧場,ゴールドアリュール,モエレヒストリー,ファルブラヴ,鹿毛,100424,   57.2,  ,    ,52.3
16,04,09,1,福島,1,11,吾妻小Ｈ1000,43,芝,0,1200,良,ボストンサクラ    ,牝,7,北村友一,52.0,16,14,11,11,0,1.4,12,69.7,"1097",0,0,0,13,14,34.9,440,岩元市三,栗,0,09100807,01102,00397,0316111114,ボストンホース,宮内牧場,ダイワメジャー,イサミサクラ,アイネスフウジン,黒鹿,090129,   29.3,  ,    ,49.7
16,04,09,1,福島,1,11,吾妻小Ｈ1000,43,芝,0,1200,良,ヤマニンマルキーザ,牡,5,丸田恭介,57.0,16,15,2,2,0,0.2,7,68.5,"1085",0,0,0,13,13,33.8,456,栗田徹,美,560,11105069,01117,01127,0316111115,土井肇,錦岡牧場,アドマイヤムーン,ヤマニンメルベイユ,メジロマックイーン,栗毛,110420,   17.2,  ,    ,52.7
16,04,09,1,福島,1,11,吾妻小Ｈ1000,43,芝,0,1200,良,スプリングサヴァン,牝,5,伊藤工真,51.0,16,16,12,12,0,1.4,16,69.7,"1097",0,0,0,15,15,34.7,422,上原博之,美,0,11103020,01119,00423,0316111116,加藤春夫,堀弘康,プリサイスエンド,スプリングレディー,イシノサンデー,鹿毛,110501,   78.1,  ,    ,50.9
16,04,09,1,福島,1,12,飯盛山特500,23,芝,0,1800,良,ドリームリヴァール,セ,6,大庭和弥,57.0,16,01,2,2,0,0.2,14,108.2,"1482",0,15,15,13,12,35,450,池上昌弘,美,380,10104563,01061,00390,0316111201,ライオンレースホー,追分ファーム,タニノギムレット,リヴァリーガーデン,サンデーサイレンス,黒鹿,100515,   88.8,  ,    ,54.6
16,04,09,1,福島,1,12,飯盛山特500,23,芝,0,1800,良,セルバンテス      ,牡,5,加藤祥太,57.0,16,02,6,6,0,0.4,3,108.4,"1484",0,12,13,13,15,35.2,430,久保田貴,美,0,11104014,01156,01067,0316111202,キャロットファーム,ノーザンファーム,キングカメハメハ,ファインセラ,サンデーサイレンス,黒鹿,110528,    6.4,  ,    ,54.0
16,04,09,1,福島,1,12,飯盛山特500,23,芝,0,1800,良,タルトオポム      ,牡,5,嶋田純次,57.0,16,03,5,5,0,0.4,11,108.4,"1484",0,5,6,5,3,35.7,448,尾形和幸,美,95,11103821,01134,01141,0316111203,野本巧,ノーザンファーム,ジャングルポケット,ガラディナー,サンデーサイレンス,黒鹿,110407,   46.8,  ,    ,51.8
16,04,09,1,福島,1,12,飯盛山特500,23,芝,0,1800,良,ハイアーレート    ,セ,5,中谷雄太,57.0,16,04,16,16,0,1.5,7,109.5,"1495",0,1,1,1,2,37.1,478,尾関知人,美,0,11103928,01038,01103,0316111204,キャロットファーム,ノーザンファーム,ゼンノロブロイ,スルーレート,フレンチデピュティ,黒鹿,110201,   12.8,  ,    ,47.6
16,04,09,1,福島,1,12,飯盛山特500,23,芝,0,1800,良,ダークネブラス    ,牡,4,津村明秀,57.0,16,05,3,3,0,0.3,8,108.3,"1483",0,8,9,11,6,35.3,466,鹿戸雄一,美,240,12104838,01092,01097,0316111205,サンデーレーシング,社台コーポレーショ,ハーツクライ,マイベストスター,Danehill,青鹿,120315,   26.0,  ,    ,53.4
16,04,09,1,福島,1,12,飯盛山特500,23,芝,0,1800,良,ストリートオベロン,牡,4,丸田恭介,57.0,16,06,11,11,0,1,9,109,"1490",0,3,4,5,6,36.3,468,大竹正博,美,0,12110064,01117,01102,0316111206,門野重雄,"Winchester Farm","Street Sense","Star Mullein",Woodman,黒鹿,120213,   28.1,  ,    ,50.1
16,04,09,1,福島,1,12,飯盛山特500,23,芝,0,1800,良,スターチェイサー  ,牡,4,北村友一,57.0,16,07,9,9,0,0.5,5,108.5,"1485",0,2,2,2,1,36.1,482,和田正道,美,0,12100329,01102,00353,0316111207,スピードファーム,スピードフアーム,アドマイヤオーラ,ハクサンフウロ,スピードワールド,芦毛,120302,   11.7,  ,    ,50.3
16,04,09,1,福島,1,12,飯盛山特500,23,芝,0,1800,良,シャインアロー    ,セ,4,長岡禎仁,57.0,16,08,12,12,0,1,6,109,"1490",0,8,8,5,6,36.2,450,浅野洋一,美,0,12100091,01142,00421,0316111208,岡田勇,大狩部牧場,サムライハート,インフレッタ,エンドスウィープ,栗毛,120404,   12.2,  ,    ,50.6
16,04,09,1,福島,1,12,飯盛山特500,23,芝,0,1800,良,レジメンタル      ,牡,4,吉田隼人,57.0,16,09,4,4,0,0.4,2,108.4,"1484",0,10,12,11,11,35.4,438,浅見秀一,栗,140,12104050,01095,00411,0316111209,G1レーシング,追分ファーム,ハービンジャー,レジネッタ,フレンチデピュティ,栗毛,120207,    5.5,  ,    ,53.1
16,04,09,1,福島,1,12,飯盛山特500,23,芝,0,1800,良,シンボリネルソン  ,牡,5,伊藤工真,57.0,16,10,13,13,0,1,15,109,"1490",0,10,9,10,12,36.1,432,石毛善彦,美,0,11109108,01119,00428,0316111210,シンボリ牧場,シンボリ牧場,タニノギムレット,スイートアスペン,シンボリルドルフ,黒鹿,110305,  148.2,  ,    ,51.0
16,04,09,1,福島,1,12,飯盛山特500,23,芝,0,1800,良,デスティニーシチー,牡,6,村田一誠,57.0,16,11,10,10,0,0.7,13,108.7,"1487",0,16,16,13,12,35.5,480,中野栄治,美,0,10100188,01031,01010,0316111211,友駿ホースクラブ,幾千世牧場,タップダンスシチー,アデレードシチー,ラムタラ,栗毛,100219,   88.4,  ,    ,53.1
16,04,09,1,福島,1,12,飯盛山特500,23,芝,0,1800,良,サトノスティング  ,牡,5,勝浦正樹,57.0,16,12,1,1,0,-0.2,1,108,"1480",0,7,6,3,3,35.5,460,的場均,美,950,11104263,01025,01063,0316111212,サトミホースカンパ,社台ファーム,フジキセキ,ジェットスパークル,シンボリクリスエス,青鹿,110411,    2.8,  ,    ,52.1
16,04,09,1,福島,1,12,飯盛山特500,23,芝,0,1800,良,トスカニーニ      ,牡,6,鮫島克駿,57.0,16,13,15,15,0,1.3,16,109.3,"1493",0,13,9,13,16,36.1,458,笹田和秀,栗,0,10100151,01157,01104,0316111213,田所英子,天羽牧場,シンボリクリスエス,ギルティーコンシェンス,Entrepreneur,鹿毛,100302,  266.0,  ,    ,51.4
16,04,09,1,福島,1,12,飯盛山特500,23,芝,0,1800,良,マイネヴァリエンテ,牝,5,丹内祐次,55.0,16,14,8,8,0,0.5,10,108.5,"1485",0,14,14,5,6,35.8,452,水野貴広,美,0,11105186,01091,01094,0316111214,サラブレッドクラブ,ビッグレッドファー,コンデュイット,コスモヴァレンチ,マイネルラヴ,鹿毛,110224,   35.8,  ,    ,51.5
16,04,09,1,福島,1,12,飯盛山特500,23,芝,0,1800,良,ブライトボイス    ,牡,4,川須栄彦,57.0,16,15,7,7,0,0.5,12,108.5,"1485",0,5,4,5,6,35.8,494,加用正,栗,0,12105425,01128,00425,0316111215,宮川純造,富田牧場,スペシャルウィーク,アフレタータ,タイキシャトル,栗毛,120327,   70.4,  ,    ,51.5
16,04,09,1,福島,1,12,飯盛山特500,23,芝,0,1800,良,ヴィンセンツイヤー,セ,5,黛弘人,57.0,16,16,14,14,0,1.2,4,109.2,"1492",0,3,3,3,3,36.7,480,松山将樹,美,0,11101775,01109,01100,0316111216,ノルマンディーサラ,岡田スタツド,マツリダゴッホ,ブリュメール,ティンバーカントリー,栗毛,110511,    6.8,  ,    ,48.8
16,04,10,1,福島,2,01,未勝利,7,ダ,1,1700,稍,トウシンタイガー  ,牡,3,松若風馬,56.0,15,01,2,2,0,0.2,2,108.8,"1488",0,7,7,4,5,38.4,512,山内研二,栗,200,13105693,01154,00388,0316120101,サトー,社台ファーム,ゴールドアリュール,ライブリーチューン,"Dixieland Band",鹿毛,130206,    2.4,  ,    ,50.0
16,04,10,1,福島,2,01,未勝利,7,ダ,1,1700,稍,ノーブルブラック  ,牝,3,勝浦正樹,54.0,15,02,8,8,0,2.5,10,111.1,"1511",0,9,9,9,7,40.4,414,水野貴広,美,0,13100203,01025,01094,0316120102,吉木伸彦,北田剛,ブラックタイド,ダイイチボタン,ティンバーカントリー,黒鹿,130423,   67.7,  ,    ,45.5
16,04,10,1,福島,2,01,未勝利,7,ダ,1,1700,稍,デオグラシアス    ,牡,3,原田和真,53.0,15,03,15,15,0,6.4,13,115,"1550",0,14,15,15,15,41.1,492,栗田博憲,美,0,13103976,01143,00341,0316120103,ノルマンディーサラ,岡田スタツド,アドマイヤコジーン,デオ,フサイチコンコルド,芦毛,130209,  168.9,  ,    ,48.1
16,04,10,1,福島,2,01,未勝利,7,ダ,1,1700,稍,ビクトリアシップ  ,牝,3,木幡巧也,51.0,15,04,10,10,0,2.8,9,111.4,"1514",0,3,4,6,8,40.9,446,斎藤誠,美,0,13104517,01162,01086,0316120104,ライオンレースホー,千代田牧場,クロフネ,ホットファッション,スペシャルウィーク,鹿毛,130410,   60.2,  ,    ,44.0
16,04,10,1,福島,2,01,未勝利,7,ダ,1,1700,稍,ヒパヒパ          ,牡,3,丹内祐次,56.0,15,05,11,11,0,3.9,14,112.5,"1525",0,8,7,10,11,41.6,506,星野忍,美,0,13101774,01091,01030,0316120105,錦岡牧場,錦岡牧場,カンパニー,マラガ,オサイチジョージ,鹿毛,130622,  244.2,  ,    ,43.0
16,04,10,1,福島,2,01,未勝利,7,ダ,1,1700,稍,クインズマーキュリ,牡,3,岩田康誠,56.0,15,06,7,7,0,2.3,4,110.9,"1509",0,14,13,10,9,40.1,474,和田正道,美,0,13102566,05203,00353,0316120106,クイーンズ・ランチ,三石川上牧場,キングヘイロー,ハートフルメロディ,チーフベアハート,栗毛,130313,    9.9,  ,    ,46.3
16,04,10,1,福島,2,01,未勝利,7,ダ,1,1700,稍,キホンハシコ      ,牝,3,黛弘人,54.0,15,07,5,5,0,1.8,6,110.4,"1504",0,5,5,6,5,39.9,468,鈴木伸尋,美,50,13104070,01109,01026,0316120107,芳賀克也,カタオカステーブル,ファスリエフ,キタサンレター,タニノギムレット,鹿毛,130322,   23.5,  ,    ,46.4
16,04,10,1,福島,2,01,未勝利,7,ダ,1,1700,稍,ブレイヴドラゴン  ,牡,3,伊藤工真,56.0,15,08,13,13,0,4.8,11,113.4,"1534",0,9,10,10,12,42.5,486,田島俊明,美,0,13104444,01119,01112,0316120108,窪田芳郎,千代田牧場,ワイルドラッシュ,イマジネーション,トニービン,黒鹿,130322,  101.0,  ,    ,41.0
16,04,10,1,福島,2,01,未勝利,7,ダ,1,1700,稍,エドノマツオー    ,牡,3,的場勇人,56.0,15,09,3,3,0,0.7,3,109.3,"1493",0,1,1,1,1,39.1,480,的場均,美,130,13102217,01108,01063,0316120109,遠藤喜松,沖田忠幸,アグネスデジタル,フレンチムスメ,フレンチデピュティ,栗毛,130511,    9.0,  ,    ,47.9
16,04,10,1,福島,2,01,未勝利,7,ダ,1,1700,稍,タネホカホカ      ,牡,3,西村太一,56.0,15,10,6,6,0,1.9,8,110.5,"1505",0,2,2,2,2,40.3,462,石毛善彦,美,0,13104107,01131,00428,0316120110,ミルファーム,キヨタケ牧場,アサクサデンエン,ノワゼット,ウォーニング,栗毛,130529,   39.9,  ,    ,45.0
16,04,10,1,福島,2,01,未勝利,7,ダ,1,1700,稍,ビッグオーラ      ,牡,3,藤田菜七,53.0,15,11,12,12,0,4,7,112.6,"1526",0,13,13,13,14,40.7,482,中野栄治,美,0,13104431,01164,01010,0316120111,西村新一郎,田原橋本牧場,アドマイヤオーラ,ミスフースイ,スキャターザゴールド,鹿毛,130317,   29.7,  ,    ,46.4
16,04,10,1,福島,2,01,未勝利,7,ダ,1,1700,稍,ベルウッドタマド  ,牡,3,宮崎北斗,56.0,15,12,4,4,0,0.7,5,109.3,"1493",0,3,2,2,2,39.1,474,武市康男,美,75,13102384,01118,01089,0316120112,鈴木照雄,田中春美,ゴールドヘイロー,シャンハイファスト,ヒシアリダー,鹿毛,130502,   15.2,  ,    ,47.9
16,04,10,1,福島,2,01,未勝利,7,ダ,1,1700,稍,トウケイワラウカド,牡,3,北村友一,56.0,15,13,1,1,0,-0.2,1,108.6,"1486",0,5,5,4,4,38.3,466,飯田祐史,栗,500,13101616,01102,01139,0316120113,木村信彦,大作ステーブル,ゴールドヘイロー,アイスダンス,"Jade Robbery",鹿毛,130222,    2.4,  ,    ,50.1
16,04,10,1,福島,2,01,未勝利,7,ダ,1,1700,稍,ロンシャンドリーム,牡,3,杉原誠人,56.0,15,14,14,14,0,4.9,12,113.5,"1535",0,11,10,13,13,41.7,420,古賀慎明,美,0,13104482,01135,01079,0316120114,ライオンレースホー,千代田牧場,ハービンジャー,チェンジユアセルフ,"Giant's Causeway",青鹿,130302,  112.4,  ,    ,43.9
16,04,10,1,福島,2,01,未勝利,7,ダ,1,1700,稍,ソロモンノユビワ  ,牡,3,野中悠太,53.0,15,15,9,9,0,2.8,15,111.4,"1514",0,11,10,6,9,40.8,458,根本康広,美,0,13102507,01158,01029,0316120115,福田光博,本桐牧場,マヤノトップガン,ニシノビギン,パラダイスクリーク,栗毛,130324,  347.1,  ,    ,44.4
16,04,10,1,福島,2,02,未勝利,7,芝,0,1200,良,ブライテストムーン,牝,3,柴田大知,54.0,16,01,12,12,0,0.8,3,70.8,"1108",0,0,0,3,6,36.9,384,伊藤大士,美,0,13101917,01009,01109,0316120201,サラブレッドクラブ,ビッグレッドファー,アドマイヤムーン,スターストリート,"Street Cry",黒鹿,130123,    8.1,  ,    ,41.9
16,04,10,1,福島,2,02,未勝利,7,芝,0,1200,良,ニシノオウレイ    ,牝,3,丹内祐次,54.0,16,02,9,9,0,0.5,14,70.5,"1105",0,0,0,9,7,36.2,512,尾形和幸,美,0,13102929,01091,01141,0316120202,西山茂行,高昭牧場,ダイワメジャー,ニシノマオ,サクラバクシンオー,黒鹿,130202,   84.3,  ,    ,44.8
16,04,10,1,福島,2,02,未勝利,7,芝,0,1200,良,キープサニーハート,牝,3,井上敏樹,52.0,16,03,3,3,0,0,10,70,"1100",0,0,0,8,7,35.8,462,蛯名利弘,美,130,13103148,01151,01131,0316120203,堀口晴男,丸村村下ファーム,キングヘイロー,サニーアンジェリカ,サクラバクシンオー,鹿毛,130409,   40.1,  ,    ,45.5
16,04,10,1,福島,2,02,未勝利,7,芝,0,1200,良,カシノクロエ      ,牝,3,黛弘人,54.0,16,04,8,8,0,0.3,6,70.3,"1103",0,0,0,14,14,35.2,444,和田雄二,美,0,13102833,01109,01143,0316120204,柏木務,荻伏三好フアーム,エンパイアメーカー,レギンレイヴ,ハンセル,鹿毛,130327,   11.7,  ,    ,49.7
16,04,10,1,福島,2,02,未勝利,7,芝,0,1200,良,ウォータースイング,牝,3,北村友一,54.0,16,05,5,5,0,0.1,15,70.1,"1101",0,0,0,13,12,35.1,436,鮫島一歩,栗,50,13103208,01102,01046,0316120205,山岡良一,畔高牧場,ウォーターリーグ,チェロキーテイル,"Cherokee Colony",鹿毛,130420,  153.5,  ,    ,49.7
16,04,10,1,福島,2,02,未勝利,7,芝,0,1200,良,タニマサガール    ,牝,3,原田和真,51.0,16,06,10,10,0,0.7,9,70.7,"1107",0,0,0,3,3,36.8,412,栗田博憲,美,0,13103627,01143,00341,0316120206,谷研司,富菜牧場,アグネスデジタル,オドゥールゲラン,ステイゴールド,鹿毛,130410,   21.8,  ,    ,42.1
16,04,10,1,福島,2,02,未勝利,7,芝,0,1200,良,ワイエムデマクール,牡,3,岩田康誠,56.0,16,07,1,1,0,0,8,70,"1100",0,0,0,12,11,35.2,468,森秀行,栗,500,13103667,05203,00427,0316120207,サンライズ,日本中央競馬会日高,ヨハネスブルグ,バクシンスクリーン,サクラバクシンオー,栗毛,130404,   18.4,  ,    ,48.9
16,04,10,1,福島,2,02,未勝利,7,芝,0,1200,良,ライオットストーム,牡,3,丸田恭介,56.0,16,08,13,13,0,0.9,13,70.9,"1109",0,0,0,15,15,35.5,466,高橋文雅,美,0,13104946,01117,01134,0316120208,西城公雄,メイプルファーム,デュランダル,エターナルロマンス,シンボリクリスエス,青鹿,130212,   71.3,  ,    ,49.7
16,04,10,1,福島,2,02,未勝利,7,芝,0,1200,良,フレンチジェンヌ  ,牝,3,長岡禎仁,52.0,16,09,6,6,0,0.2,12,70.2,"1102",0,0,0,1,1,36.5,452,久保田貴,美,0,13104282,01142,01067,0316120209,草間庸文,静内フジカワ牧場,グラスワンダー,フレンチドール,フレンチデピュティ,栗毛,130228,   55.4,  ,    ,42.3
16,04,10,1,福島,2,02,未勝利,7,芝,0,1200,良,ミライヘノサイン  ,牝,3,木幡初也,51.0,16,10,4,4,0,0.1,5,70.1,"1101",0,0,0,10,10,35.7,424,武藤善則,美,75,13101509,01153,01064,0316120210,田頭勇貴,シンユウフアーム,ブラックタイド,ジョリーン,トワイニング,鹿毛,130321,   10.2,  ,    ,46.4
16,04,10,1,福島,2,02,未勝利,7,芝,0,1200,良,ランポルテ        ,牝,3,吉田隼人,54.0,16,11,2,2,0,0,7,70,"1100",0,0,0,11,12,35.3,462,佐藤吉勝,美,200,13102555,01095,01035,0316120211,平本敏夫,水丸牧場,スウェプトオーヴァーボード,ミホダイリン,ラストタイクーン,芦毛,130519,   12.5,  ,    ,48.3
16,04,10,1,福島,2,02,未勝利,7,芝,0,1200,良,ブリスフルタイム  ,牝,3,木幡巧也,51.0,16,12,15,15,0,1.1,2,71.1,"1111",0,0,0,3,3,37.1,472,牧光二,美,0,13105770,01162,01106,0316120212,キャロットファーム,ノーザンファーム,ヴィクトワールピサ,アネモティス,"Fusaichi Pegasus",鹿毛,130522,    4.3,  ,    ,41.6
16,04,10,1,福島,2,02,未勝利,7,芝,0,1200,良,ベルロック        ,セ,3,鮫島克駿,55.0,16,13,11,11,0,0.8,1,70.8,"1108",0,0,0,3,7,36.8,524,西園正都,栗,0,13106024,01157,01028,0316120213,サンデーレーシング,ノーザンファーム,"Fastnet Rock",ビリーヴミー,"In The Wings",鹿毛,130403,    3.0,  ,    ,42.4
16,04,10,1,福島,2,02,未勝利,7,芝,0,1200,良,クレイジーインラヴ,牝,3,藤田菜七,51.0,16,14,14,14,0,1.1,4,71.1,"1111",0,0,0,3,3,37.1,418,南田美知,美,0,13106437,01164,00437,0316120214,藤本幸雄,藤本直弘,マイネルラヴ,ソニア,アドマイヤマックス,鹿毛,130417,    9.3,  ,    ,41.6
16,04,10,1,福島,2,02,未勝利,7,芝,0,1200,良,ベニバナミント    ,牝,3,伴啓太,52.0,16,15,16,16,0,2.3,16,72.3,"1123",0,0,0,16,16,36.7,394,田島俊明,美,0,13103170,01149,01112,0316120215,ベニバナ組合,村下農場,ブラックタイド,ローランウィスパー,Wolfhound,鹿毛,130330,  292.1,  ,    ,47.0
16,04,10,1,福島,2,02,未勝利,7,芝,0,1200,良,エイシンキラウエア,牝,3,丸山元気,54.0,16,16,7,7,0,0.3,11,70.3,"1103",0,0,0,2,2,36.5,446,坂口正則,栗,0,13102356,01127,00356,0316120216,栄進堂,城地清満,エイシンデピュティ,エーシンラージェス,Gulch,栗毛,130304,   47.5,  ,    ,42.6
16,04,10,1,福島,2,03,500万下・牝,23,ダ,1,1700,稍,アイヅラブリー    ,牝,5,丹内祐次,55.0,15,01,8,8,0,1.6,15,109.3,"1493",0,14,12,14,14,39.8,476,佐藤吉勝,美,0,11100691,01091,01035,0316120301,真部晴徳,ナカノファーム,ハイアーゲーム,プレーミオ,グラスワンダー,鹿毛,110322,  254.3,  ,    ,45.2
16,04,10,1,福島,2,03,500万下・牝,23,ダ,1,1700,稍,シャンタルエット  ,牝,4,松若風馬,55.0,15,02,5,5,0,1.3,7,109,"1490",0,10,10,10,10,40.1,472,鈴木孝志,栗,70,12104857,01154,01111,0316120302,サンデーレーシング,ノーザンファーム,メイショウサムソン,マリーシャンタル,サンデーサイレンス,鹿毛,120217,   23.4,  ,    ,43.7
16,04,10,1,福島,2,03,500万下・牝,23,ダ,1,1700,稍,シンキングジョリー,牝,4,勝浦正樹,55.0,15,03,14,14,0,3.5,11,111.2,"1512",0,1,1,1,4,43.7,492,田島俊明,美,0,12100652,01025,01112,0316120303,野谷美千,浜口牧場,タイムパラドックス,ディアンサス,ティンバーカントリー,鹿毛,120422,   94.8,  ,    ,34.3
16,04,10,1,福島,2,03,500万下・牝,23,ダ,1,1700,稍,コンコルダンス    ,牝,4,杉原誠人,55.0,15,04,10,10,0,2.3,10,110,"1500",0,3,3,5,5,41.8,510,中川公成,美,0,12104619,01135,01081,0316120304,サンデーレーシング,ノーザンファーム,クロフネ,コンコルディア,フジキセキ,芦毛,120128,   53.1,  ,    ,39.0
16,04,10,1,福島,2,03,500万下・牝,23,ダ,1,1700,稍,モアニレフア      ,牝,4,木幡初也,52.0,15,05,6,6,0,1.4,13,109.1,"1491",0,8,7,8,7,40.7,432,鹿戸雄一,美,0,12104273,01153,01097,0316120305,北村栄治,社台ファーム,ネオユニヴァース,ソヨカゼ2,Monsun,青鹿,120331,  170.6,  ,    ,41.7
16,04,10,1,福島,2,03,500万下・牝,23,ダ,1,1700,稍,メイショウウケヅキ,牝,5,川須栄彦,55.0,15,06,15,15,0,4.7,14,112.4,"1524",0,6,5,7,11,44.1,464,松下武士,栗,0,11106526,01128,01149,0316120306,松本好雄,赤田牧場,フレンチデピュティ,シーエンプレス,ダンスインザダーク,鹿毛,110124,  203.7,  ,    ,34.5
16,04,10,1,福島,2,03,500万下・牝,23,ダ,1,1700,稍,ナイトブルーミング,牝,6,藤田菜七,52.0,15,07,13,13,0,2.6,5,110.3,"1503",0,13,14,12,11,41.3,466,根本康広,美,0,10106338,01164,01029,0316120307,平賀久枝,鎌田正嗣,リンカーン,フックライン,Shaadi,芦毛,100411,   16.4,  ,    ,41.1
16,04,10,1,福島,2,03,500万下・牝,23,ダ,1,1700,稍,ノーブルガイア    ,牝,7,丸田恭介,55.0,15,08,11,11,0,2.4,12,110.1,"1501",0,12,12,15,15,40.5,454,土田稔,美,0,09102750,01117,00417,0316120308,菅波立知子,富川田中牧場,マリエンバード,パールピアス,サンシャインフォーエヴァー,黒鹿,090325,  169.8,  ,    ,43.7
16,04,10,1,福島,2,03,500万下・牝,23,ダ,1,1700,稍,ガラドリエル      ,牝,4,吉田隼人,55.0,15,09,7,7,0,1.5,4,109.2,"1492",0,2,2,2,3,41.5,500,高橋義忠,栗,0,12105350,01095,01129,0316120309,ダイリン,谷川牧場,カンパニー,エルベレス,ダンスインザダーク,栗毛,120312,   11.9,  ,    ,39.0
16,04,10,1,福島,2,03,500万下・牝,23,ダ,1,1700,稍,コマノサラサ      ,牝,4,加藤祥太,53.0,15,10,4,4,0,0.3,2,108,"1480",0,15,15,13,7,38.9,466,庄野靖志,栗,110,12103318,01156,01087,0316120310,長谷川芳信,西川富岡牧場,クロフネ,コマノマコ,フォーティナイナー,栗毛,120409,    3.8,  ,    ,46.9
16,04,10,1,福島,2,03,500万下・牝,23,ダ,1,1700,稍,エバーキュート    ,牝,4,田中勝春,55.0,15,11,1,1,0,-0.1,8,107.7,"1477",0,3,3,3,1,39.9,444,加藤征弘,美,700,12104360,00684,01059,0316120311,宇田豊,社台ファーム,チチカステナンゴ,フレジェール,アグネスタキオン,栗毛,120422,   27.5,  ,    ,42.7
16,04,10,1,福島,2,03,500万下・牝,23,ダ,1,1700,稍,マイティーハニー  ,牝,4,黛弘人,55.0,15,12,2,2,0,0.1,3,107.8,"1478",0,5,5,4,2,39.9,492,尾関知人,美,280,12104837,01109,01103,0316120312,キャロットファーム,ノーザンファーム,ハーツクライ,マイティースルー,クロフネ,芦毛,120205,    5.0,  ,    ,42.8
16,04,10,1,福島,2,03,500万下・牝,23,ダ,1,1700,稍,マッカナバラ      ,牝,4,北村友一,55.0,15,13,12,12,0,2.5,9,110.2,"1502",0,7,8,8,9,41.8,448,北出成人,栗,0,12101499,01102,01078,0316120313,協栄,タバタファーム,スターリングローズ,ゴールドエンジェル,クロフネ,芦毛,120225,   35.8,  ,    ,39.3
16,04,10,1,福島,2,03,500万下・牝,23,ダ,1,1700,稍,エンドレストライ  ,牝,5,長岡禎仁,53.0,15,14,3,3,0,0.2,6,107.9,"1479",0,10,11,10,11,39,480,武市康男,美,180,11102201,01142,01089,0316120314,飯田正剛,千代田牧場,ゼンノロブロイ,エンドレスガール,プリサイスエンド,黒鹿,110530,   22.9,  ,    ,46.4
16,04,10,1,福島,2,03,500万下・牝,23,ダ,1,1700,稍,クイーンズターフ  ,牝,4,岩田康誠,55.0,15,15,9,9,0,1.7,1,109.4,"1494",0,8,9,5,5,41.2,442,須貝尚介,栗,0,12104793,05203,01105,0316120315,小林英一ホールディ,ノーザンファーム,ディープインパクト,フラッテローザ,ブライアンズタイム,青鹿,120211,    2.2,  ,    ,40.3
16,04,10,1,福島,2,04,障害未勝利,7,芝,2,2750,良,スマートギア      ,牡,11,原田和真,57.0,14,01,4,4,0,0.9,1,180.5,"3005",0,7,6,5,5,13.1,472,岩戸孝樹,美,110,05105204,01143,01051,0316120401,岡田壮史,大栄牧場,マーベラスサンデー,スケアヘッドライン,パドスール,栗毛,050212,    2.4,  ,    , 0.0
16,04,10,1,福島,2,04,障害未勝利,7,芝,2,2750,良,サウスビクトル    ,牡,7,五十嵐雄,60.0,14,02,6,6,0,2.2,2,181.8,"3018",0,1,1,1,2,13.2,476,久保田貴,美,0,09101399,01069,01067,0316120402,南波壽,猪野毛牧場,サウスヴィグラス,サラトガヴィーナス,ブライアンズタイム,黒鹿,090305,    3.8,  ,    , 0.0
16,04,10,1,福島,2,04,障害未勝利,7,芝,2,2750,良,トウカイバレット  ,牡,4,高田潤,59.0,14,03,8,8,0,3.5,5,183.1,"3031",0,5,6,8,8,13.3,482,安田隆行,栗,0,12100639,01046,00438,0316120403,内村正則,ハシモトフアーム,ネオユニヴァース,オータムブリーズ,ティンバーカントリー,黒鹿,120126,   20.0,  ,    , 0.0
16,04,10,1,福島,2,04,障害未勝利,7,芝,2,2750,良,マサノジュエリー  ,牝,5,佐久間寛,58.0,14,04,13,13,0,9.3,13,188.9,"3089",0,10,11,13,13,13.7,478,加藤敬二,栗,0,11103050,01080,00379,0316120404,猪野毛雅人,馬道繁樹,メイショウボーラー,パルティシオン,エルコンドルパサー,鹿毛,110414,  168.6,  ,    , 0.0
16,04,10,1,福島,2,04,障害未勝利,7,芝,2,2750,良,シゲルヒノクニ    ,牡,4,草野太郎,59.0,14,05,3,3,0,0.3,4,179.9,"2599",0,8,8,5,4,13.1,504,伊藤正徳,美,190,12106003,01113,00383,0316120405,森中蕃,中村雅明,パイロ,シゲルウエンセン,ジャングルポケット,栗毛,120512,    7.7,  ,    , 0.0
16,04,10,1,福島,2,04,障害未勝利,7,芝,2,2750,良,トゥールモンド    ,セ,6,上野翔,60.0,14,06,1,1,0,0,3,179.6,"2596",0,5,5,3,2,13.1,472,尾形充弘,美,750,10110004,01087,00349,0316120406,サンデーレーシング,"Mr Raphael Verspie",Muhtathir,Toupie,Intikhab,栗毛,100327,    5.1,  ,    , 0.0
16,04,10,1,福島,2,04,障害未勝利,7,芝,2,2750,良,スズカプレスト    ,牡,4,北沢伸也,59.0,14,07,2,2,0,0,12,179.6,"2596",0,3,3,2,1,13.1,446,橋田満,栗,300,12103946,00691,00362,0316120407,永井啓弍,レイクヴィラファー,ダイワメジャー,メジロプレスト,メジロライアン,鹿毛,120503,   66.5,  ,    , 0.0
16,04,10,1,福島,2,04,障害未勝利,7,芝,2,2750,良,トーセンメリッサ  ,牝,4,小野寺祐,57.0,14,08,5,5,0,1.3,6,180.9,"3009",0,8,9,7,6,13.2,450,成島英春,美,75,12101108,01123,00433,0316120408,島川隆哉,エスティファーム,トーセンブライト,トーセンマドンナ,マンハッタンカフェ,青毛,120416,   25.8,  ,    , 0.0
16,04,10,1,福島,2,04,障害未勝利,7,芝,2,2750,良,ワンダーアベニール,牡,6,西谷誠,60.0,14,09,9,9,0,3.6,11,183.2,"3032",0,4,4,4,7,13.3,502,小崎憲,栗,0,10101982,01005,01085,0316120409,山本信行,荻伏三好フアーム,タイキシャトル,カルミナブラーナ,リンドシェーバー,鹿毛,100414,   52.7,  ,    , 0.0
16,04,10,1,福島,2,04,障害未勝利,7,芝,2,2750,良,ニシノファブレッド,牡,8,浜野谷憲,60.0,14,10,7,7,0,2.8,9,182.4,"3024",0,12,11,11,9,13.3,494,根本康広,美,0,08104141,00695,01029,0316120410,福田光博,西山牧場,"Giant's Causeway",マラチバンド,"Dixieland Band",鹿毛,080228,   32.3,  ,    , 0.0
16,04,10,1,福島,2,04,障害未勝利,7,芝,2,2750,良,テイエムオドロキ  ,牝,5,小坂忠士,58.0,14,11,10,10,0,3.9,8,183.5,"3035",0,11,10,9,9,13.3,460,日吉正和,栗,0,11100637,01063,01122,0316120411,竹園正繼,テイエム牧場日高支,マーベラスサンデー,テイエムビックイ,テイエムオペラオー,栗毛,110516,   29.2,  ,    , 0.0
16,04,10,1,福島,2,04,障害未勝利,7,芝,2,2750,良,シュトラール      ,牡,6,山本康志,60.0,14,12,14,14,0,14,7,193.6,"3136",0,2,2,9,12,14.1,488,武藤善則,美,0,10110126,01008,01064,0316120412,前田幸治,"Machmer Hall",Speightstown,Ling,"Fusaichi Pegasus",鹿毛,100201,   26.0,  ,    , 0.0
16,04,10,1,福島,2,04,障害未勝利,7,芝,2,2750,良,シンクヴェトリル  ,牡,7,石神深一,60.0,14,13,11,11,0,8.8,10,188.4,"3084",0,14,14,14,13,13.7,568,和田正道,美,0,09110051,01059,00353,0316120413,ノースヒルズ,"Boyd Browning","Master Command","State Cup","Elusive Quality",鹿毛,090207,   36.3,  ,    , 0.0
16,04,10,1,福島,2,04,障害未勝利,7,芝,2,2750,良,サリーシャッセ    ,牝,4,江田勇亮,57.0,14,14,12,12,0,9,14,188.6,"3086",0,13,13,12,11,13.7,508,鈴木伸尋,美,0,12102820,01023,01026,0316120414,黒須不二男,木村秀則,カネヒキリ,ポリーマグー,タバスコキャット,栗毛,120423,  283.1,  ,    , 0.0
16,04,10,1,福島,2,05,未勝利,7,芝,0,1200,良,タツデンコーセッカ,牝,3,北村友一,54.0,16,01,4,4,0,0.8,6,70.2,"1102",0,0,0,6,5,35.6,468,鮫島一歩,栗,75,13101359,01102,01046,0316120501,鈴木高幸,川上悦夫,カンパニー,ラードロチェキラ,キングヘイロー,栗毛,130417,   13.7,  ,    ,47.2
16,04,10,1,福島,2,05,未勝利,7,芝,0,1200,良,リリーウェントス  ,牝,3,木幡初也,51.0,16,02,10,10,0,1.6,14,71,"1110",0,0,0,4,4,36.7,428,高木登,美,0,13103702,01153,01088,0316120502,大樹ファーム,ビクトリーホースラ,キャプテントゥーレ,タイキフレンチキス,チーフベアハート,芦毛,130223,  136.9,  ,    ,43.5
16,04,10,1,福島,2,05,未勝利,7,芝,0,1200,良,シゲルメジロ      ,牡,3,丸田恭介,56.0,16,03,13,13,0,2,8,71.4,"1114",0,0,0,14,14,35.6,442,松永康利,美,0,13103918,01117,01093,0316120503,森中蕃,漆原武男,ショウナンカンプ,リキアイノキセキ,フジキセキ,黒鹿,130506,   31.7,  ,    ,50.6
16,04,10,1,福島,2,05,未勝利,7,芝,0,1200,良,オーゴンワンダー  ,牝,3,中井裕二,53.0,16,04,7,7,0,1.3,11,70.7,"1107",0,0,0,13,13,35.3,408,小野次郎,美,0,13101677,01141,01125,0316120504,永田さなえ,中本牧場,スクリーンヒーロー,キーツヨイ,タバスコキャット,黒鹿,130228,   53.7,  ,    ,50.3
16,04,10,1,福島,2,05,未勝利,7,芝,0,1200,良,エイシンピクシー  ,牝,3,丸山元気,54.0,16,05,14,14,0,2,12,71.4,"1114",0,0,0,16,15,35.3,418,坂口正則,栗,0,13103258,01127,00356,0316120505,栄進堂,栄進牧場,エイシンデピュティ,エイシンフェアリー,タイキシャトル,栗毛,130417,   91.4,  ,    ,52.3
16,04,10,1,福島,2,05,未勝利,7,芝,0,1200,良,カシノライセンス  ,セ,3,坂井瑠星,53.0,16,06,6,6,0,1,13,70.4,"1104",0,0,0,12,10,35.1,412,二本柳俊,美,0,13106200,01163,00370,0316120506,柏木務,奥山博,ソングオブウインド,ダイワフェニックス,エンドスウィープ,鹿毛,130420,  103.9,  ,    ,50.6
16,04,10,1,福島,2,05,未勝利,7,芝,0,1200,良,オーディンローズ  ,牡,3,木幡巧也,53.0,16,07,5,5,0,0.9,2,70.3,"1103",0,0,0,2,2,36.3,468,牧光二,美,50,13101629,01162,01106,0316120507,古賀和夫,対馬正,ディープスカイ,ヴィクトリアローズ,グラスワンダー,栗毛,130501,    4.7,  ,    ,43.7
16,04,10,1,福島,2,05,未勝利,7,芝,0,1200,良,クラウンネロ      ,牡,3,黛弘人,56.0,16,08,12,12,0,1.9,5,71.3,"1113",0,0,0,8,8,36.5,460,蛯名利弘,美,0,13101227,01109,01131,0316120508,クラウン,赤石久夫,スターリングローズ,ネロフェニーチェ,ウォーニング,鹿毛,130214,   13.0,  ,    ,45.3
16,04,10,1,福島,2,05,未勝利,7,芝,0,1200,良,ケイエスフェアリー,牝,3,伴啓太,52.0,16,09,1,1,0,-0.5,4,69.4,"1094",0,0,0,1,1,35.5,474,高柳瑞樹,美,500,13100500,01149,01118,0316120509,キヨシサービス,高柳隆男,ファルブラヴ,ケイエスアカリ,フジキセキ,黒鹿,130403,    6.3,  ,    ,45.5
16,04,10,1,福島,2,05,未勝利,7,芝,0,1200,良,フェアリーフォース,牝,3,加藤祥太,52.0,16,10,15,15,0,2.2,10,71.6,"1116",0,0,0,11,11,36.4,396,森田直行,栗,0,13103110,01156,01142,0316120510,上茶谷一,ヒダカフアーム,バトルプラン,ジョイフルスマイル,マヤノトップガン,鹿毛,130325,   53.5,  ,    ,46.7
16,04,10,1,福島,2,05,未勝利,7,芝,0,1200,良,ショコラ          ,牝,3,西村太一,54.0,16,11,8,8,0,1.5,7,70.9,"1109",0,0,0,8,8,36,446,蛯名利弘,美,0,13100478,01131,01131,0316120511,ミルファーム,シンボリ牧場,オレハマッテルゼ,スイートライラ,アフリート,栗毛,130323,   21.8,  ,    ,46.9
16,04,10,1,福島,2,05,未勝利,7,芝,0,1200,良,フェイマスアゲン  ,牝,3,丹内祐次,54.0,16,12,11,11,0,1.6,15,71,"1110",0,0,0,10,11,36,446,岩戸孝樹,美,0,13100889,01091,01051,0316120512,浅川皓司,藤本ファーム,カネヒキリ,スターカットジェム,フォーティナイナー,栗毛,130209,  165.7,  ,    ,47.2
16,04,10,1,福島,2,05,未勝利,7,芝,0,1200,良,タガノバレリーナ  ,牝,3,鮫島克駿,53.0,16,13,9,9,0,1.6,9,71,"1110",0,0,0,6,7,36.4,504,西園正都,栗,0,13101738,01157,01028,0316120513,八木良司,新冠タガノファーム,ファスリエフ,バレドクール,タニノギムレット,鹿毛,130515,   32.9,  ,    ,45.1
16,04,10,1,福島,2,05,未勝利,7,芝,0,1200,良,スリーパール      ,牝,3,長岡禎仁,52.0,16,14,16,16,0,3.5,16,72.9,"1129",0,0,0,14,16,37.1,440,柄崎孝,美,0,13104368,01142,00380,0316120514,永井商事,武牧場,ハービンジャー,スリーローマン,ブライアンズタイム,黒鹿,130430,  218.0,  ,    ,46.5
16,04,10,1,福島,2,05,未勝利,7,芝,0,1200,良,コスモバード      ,牡,3,柴田大知,56.0,16,15,2,2,0,0.5,3,69.9,"1099",0,0,0,3,3,35.7,492,池上昌和,美,200,13100733,01009,01150,0316120515,杉浦和也,中前牧場,ベーカバド,ヌレエフクイン,ストラヴィンスキー,鹿毛,130508,    5.8,  ,    ,45.8
16,04,10,1,福島,2,05,未勝利,7,芝,0,1200,良,ラカリフォルニー  ,牝,3,吉田隼人,54.0,16,16,3,3,0,0.6,1,70,"1100",0,0,0,5,5,35.6,478,木村哲也,美,130,13110052,01095,01126,0316120516,吉田和美,"Carmel Stud","Dutch Art","Secret History",Bahri,鹿毛,130215,    2.6,  ,    ,46.6
16,04,10,1,福島,2,06,未勝利,7,ダ,1,1150,稍,ゼンノリボーン    ,牡,3,北村友一,56.0,16,01,9,9,0,1.2,8,71.8,"1118",0,0,0,12,12,38.5,502,飯田祐史,栗,0,13102033,01102,01139,0316120601,大迫久美子,村上欽哉,キングカメハメハ,ウインラシェーナ,バブルガムフェロー,栗毛,130225,   43.3,  ,    ,44.4
16,04,10,1,福島,2,06,未勝利,7,ダ,1,1150,稍,ラストブライトネス,牝,3,丹内祐次,54.0,16,02,11,11,0,1.7,10,72.3,"1123",0,0,0,13,13,38.9,460,堀井雅広,美,0,13101950,01091,00436,0316120602,サラブレッドクラブ,ビッグレッドファー,ダイワメジャー,マイネブリリアン,サツカーボーイ,鹿毛,130117,   93.2,  ,    ,43.7
16,04,10,1,福島,2,06,未勝利,7,ダ,1,1150,稍,エイシンニバリキ  ,牡,3,鮫島良太,56.0,16,03,7,7,0,0.8,9,71.4,"1114",0,0,0,9,8,39,476,川村禎彦,栗,0,13103346,01099,01003,0316120603,栄進堂,川越ファーム,アドマイヤマックス,エーシンマンターナ,"Mr. Greeley",栗毛,130226,   54.1,  ,    ,40.6
16,04,10,1,福島,2,06,未勝利,7,ダ,1,1150,稍,ヴァロンダンス    ,牝,3,横山和生,54.0,16,04,15,15,0,2.6,15,73.2,"1132",0,0,0,15,15,38.1,428,古賀史生,美,0,13100119,01140,00392,0316120604,島川隆哉,エスティファーム,トーセンブライト,ハイランドダンス,ゼンノロブロイ,栗毛,130509,  238.4,  ,    ,50.5
16,04,10,1,福島,2,06,未勝利,7,ダ,1,1150,稍,リトルオーラ      ,牝,3,木幡巧也,51.0,16,05,12,12,0,2,13,72.6,"1126",0,0,0,14,14,37.8,384,中野栄治,美,0,13104619,01162,01010,0316120605,西村新一郎,中田浩美,アドマイヤオーラ,ミスヒテン,ダンスホール,青鹿,130217,  141.7,  ,    ,50.4
16,04,10,1,福島,2,06,未勝利,7,ダ,1,1150,稍,レオソフィア      ,牝,3,加藤祥太,52.0,16,06,14,14,0,2.4,14,73,"1130",0,0,0,9,10,40.6,438,田島俊明,美,0,13101142,01156,01112,0316120606,レオ,二風谷ファーム,クロフネ,エスティメーション,エンドスウィープ,芦毛,130519,  158.5,  ,    ,37.1
16,04,10,1,福島,2,06,未勝利,7,ダ,1,1150,稍,コーラルバード    ,牝,3,原田和真,51.0,16,07,13,13,0,2.1,11,72.7,"1127",0,0,0,7,9,40.5,424,池上昌弘,美,0,13102510,01143,00390,0316120607,本桐牧場,本桐牧場,サウスヴィグラス,バードオブワンダー,グラスワンダー,黒鹿,130305,   94.5,  ,    ,36.7
16,04,10,1,福島,2,06,未勝利,7,ダ,1,1150,稍,フュテール        ,牡,3,木幡初也,53.0,16,08,6,6,0,0.8,1,71.4,"1114",0,0,0,5,5,39.4,502,矢野英一,美,0,13101030,01153,01108,0316120608,落合幸弘,山際辰夫,スウェプトオーヴァーボード,ハーレムスウィング,マンハッタンカフェ,青鹿,130318,    2.3,  ,    ,38.6
16,04,10,1,福島,2,06,未勝利,7,ダ,1,1150,稍,モズワッショイ    ,牝,3,藤田菜七,51.0,16,09,3,3,0,0.1,3,70.7,"1107",0,0,0,2,1,38.9,406,牧浦充徳,栗,130,13100991,01164,01113,0316120609,キャピタル・システ,目黒牧場,サウスヴィグラス,バーレーヘッズ,スペシャルウィーク,黒鹿,130329,    3.6,  ,    ,39.2
16,04,10,1,福島,2,06,未勝利,7,ダ,1,1150,稍,イナフイズイナフ  ,牡,3,鮫島克駿,55.0,16,10,8,8,0,1,5,71.6,"1116",0,0,0,1,2,39.8,522,佐々木晶,栗,0,13104379,01157,00429,0316120610,小田切有一,田中裕之,オレハマッテルゼ,キマグレ,サクラバクシンオー,鹿毛,130504,   20.8,  ,    ,37.2
16,04,10,1,福島,2,06,未勝利,7,ダ,1,1150,稍,サンダーバトル    ,牝,3,岩田康誠,54.0,16,11,2,2,0,0,4,70.6,"1106",0,0,0,7,7,38.4,442,土田稔,美,200,13105678,05203,00417,0316120611,吉田喜代司,社台ファーム,キンシャサノキセキ,ムーディーサンダー,Gulch,黒鹿,130318,   11.8,  ,    ,41.5
16,04,10,1,福島,2,06,未勝利,7,ダ,1,1150,稍,マイティジャック  ,牡,3,柴田大知,56.0,16,12,1,1,0,0,2,70.6,"1106",0,0,0,2,2,38.8,444,和田雄二,美,500,13103101,01009,01143,0316120612,ヒダカ・ブリーダー,ヒダカフアーム,ノボジャック,アムネリス,サウスヴィグラス,黒鹿,130228,    3.6,  ,    ,39.4
16,04,10,1,福島,2,06,未勝利,7,ダ,1,1150,稍,ジャカ            ,牡,3,丸田恭介,56.0,16,13,5,5,0,0.3,6,70.9,"1109",0,0,0,5,5,38.8,444,宗像義忠,美,50,13102802,01117,00420,0316120613,ターフ・スポート,エムエム、ヤマダフ,バランスオブゲーム,ジュエルビスティー,クロフネ,芦毛,130409,   29.1,  ,    ,40.3
16,04,10,1,福島,2,06,未勝利,7,ダ,1,1150,稍,ジツリキヤシャ    ,牝,3,松若風馬,54.0,16,14,4,4,0,0.3,7,70.9,"1109",0,0,0,4,4,39,434,古賀慎明,美,75,13102863,01154,01079,0316120614,河合實貴男,上山牧場,プリサイスエンド,フクシア,ゴールドアリュール,栗毛,130223,   33.7,  ,    ,39.2
16,04,10,1,福島,2,06,未勝利,7,ダ,1,1150,稍,ゴールデンリバー  ,牡,3,伴啓太,54.0,16,15,10,10,0,1.3,16,71.9,"1119",0,0,0,11,10,39.3,416,作田誠二,栗,0,13102024,01149,01006,0316120615,河越武治,村上欽哉,タニノギムレット,ウインエトワール,フジキセキ,栗毛,130111,  239.1,  ,    ,40.5
16,04,10,1,福島,2,06,未勝利,7,ダ,1,1150,稍,ゴールドアラシ    ,牡,3,大庭和弥,56.0,16,16,16,16,0,4.4,12,75,"1150",0,0,0,16,16,37.7,484,勢司和浩,美,0,13100683,01061,01047,0316120616,ゴールドレーシング,豊郷牧場,サムライハート,モープラ,ブライアンズタイム,黒鹿,130429,  141.5,  ,    ,57.9
16,04,10,1,福島,2,07,未勝利,7,芝,0,1800,良,マーズアタック    ,牝,3,嶋田純次,54.0,16,01,8,8,0,1.8,9,110.1,"1501",0,7,7,6,7,37.1,444,成島英春,美,0,13103094,01134,00433,0316120701,島川隆哉,バンブー牧場,タイキシャトル,ティコティコタック,サツカーボーイ,栗毛,130405,   31.7,  ,    ,48.4
16,04,10,1,福島,2,07,未勝利,7,芝,0,1800,良,ディクタム        ,牡,3,勝浦正樹,56.0,16,02,4,4,0,1.2,3,109.5,"1495",0,9,10,10,10,36,466,木村哲也,美,75,13106089,01025,01126,0316120702,吉田勝己,ノーザンファーム,メイショウサムソン,マストビーラヴド,サンデーサイレンス,鹿毛,130328,    9.5,  ,    ,52.1
16,04,10,1,福島,2,07,未勝利,7,芝,0,1800,良,ジュントップヒトミ,牝,3,津村明秀,54.0,16,03,5,5,0,1.3,10,109.6,"1496",0,14,11,11,11,35.9,466,高柳瑞樹,美,50,13106145,01092,01118,0316120703,河合純二,ノーザンファーム,ゼンノロブロイ,リアルナンバー,"Rainbow Corner",鹿毛,130330,   38.2,  ,    ,52.6
16,04,10,1,福島,2,07,未勝利,7,芝,0,1800,良,ワンショットキラー,牡,3,田中勝春,56.0,16,04,6,6,0,1.4,5,109.7,"1497",0,8,8,8,7,36.4,482,新開幸一,美,0,13105343,00684,01116,0316120704,外池榮一郎,社台ファーム,ヴィクトワールピサ,アイアムラヴィング,ファルブラヴ,青鹿,130505,   11.4,  ,    ,50.7
16,04,10,1,福島,2,07,未勝利,7,芝,0,1800,良,オールドクラシック,牡,3,坂井瑠星,53.0,16,05,2,2,0,0.3,6,108.6,"1486",0,3,3,3,3,36,486,矢作芳人,栗,200,13106060,01163,01075,0316120705,リーヴァ,ノーザンファーム,ダノンシャンティ,ブローオブサンダー,クロフネ,青鹿,130505,   16.2,  ,    ,50.8
16,04,10,1,福島,2,07,未勝利,7,芝,0,1800,良,ユメミライ        ,牝,3,岩田康誠,54.0,16,06,10,10,0,2.2,11,110.5,"1505",0,3,3,3,4,37.9,504,斎藤誠,美,0,13102979,05203,01086,0316120706,林正道,鮫川啓一,マンハッタンカフェ,ラブジュリエット,フサイチコンコルド,黒鹿,130421,   49.8,  ,    ,45.8
16,04,10,1,福島,2,07,未勝利,7,芝,0,1800,良,ログライン        ,牝,3,長岡禎仁,52.0,16,07,12,12,0,2.4,16,110.7,"1507",0,12,11,11,12,36.9,456,小島茂之,美,0,13105308,01142,01068,0316120707,G1レーシング,社台コーポレーショ,ハービンジャー,イストワール,サンデーサイレンス,鹿毛,130125,  226.0,  ,    ,50.0
16,04,10,1,福島,2,07,未勝利,7,芝,0,1800,良,デルマタスケ      ,牡,3,横山和生,56.0,16,08,14,14,0,3.1,12,111.4,"1514",0,15,15,15,13,37.2,460,天間昭一,美,0,13100867,01140,01090,0316120708,浅沼廣幸,ファニーヒルファー,スウィフトカレント,テンシノウタ,シャンハイ,芦毛,130529,   77.2,  ,    ,49.7
16,04,10,1,福島,2,07,未勝利,7,芝,0,1800,良,コアコンピタンス  ,牡,3,松若風馬,56.0,16,09,9,9,0,1.9,2,110.2,"1502",0,3,3,3,5,37.6,504,国枝栄,美,0,13105502,01154,00399,0316120709,社台レースホース,社台ファーム,キングカメハメハ,スティンガー,サンデーサイレンス,鹿毛,130326,    4.5,  ,    ,46.5
16,04,10,1,福島,2,07,未勝利,7,芝,0,1800,良,キークラッカー    ,牡,3,柴田大知,56.0,16,10,3,3,0,0.7,4,109,"1490",0,1,1,1,1,36.7,496,土田稔,美,130,13101628,01009,00417,0316120710,北前孔一郎,対馬正,ジャングルポケット,ウーマンインレッド,ステイゴールド,鹿毛,130322,   11.3,  ,    ,48.5
16,04,10,1,福島,2,07,未勝利,7,芝,0,1800,良,トリデカゴン      ,牡,3,竹之下智,56.0,16,11,13,13,0,2.9,7,111.2,"1512",0,16,15,15,15,36.9,484,高橋義忠,栗,0,13103355,01036,01129,0316120711,一村哲也,ガーベラパークスタ,シンボリクリスエス,スターマーチ,フジキセキ,青鹿,130403,   20.3,  ,    ,50.7
16,04,10,1,福島,2,07,未勝利,7,芝,0,1800,良,スリーベアハート  ,牡,3,森一馬,56.0,16,12,15,15,0,3.3,14,111.6,"1516",0,9,11,14,16,37.5,484,湯窪幸雄,栗,0,13104058,01139,01057,0316120712,永井商事,岡野牧場,スズカマンボ,スリーネーション,チーフベアハート,鹿毛,130416,  185.7,  ,    ,48.8
16,04,10,1,福島,2,07,未勝利,7,芝,0,1800,良,カルヴァリオ      ,セ,3,吉田隼人,56.0,16,13,1,1,0,-0.3,1,108.3,"1483",0,2,2,2,2,35.9,470,大竹正博,美,500,13103934,01095,01102,0316120713,ノルマンディーサラ,岡田スタツド,マツリダゴッホ,オークルーム,ペンタイア,鹿毛,130330,    2.0,  ,    ,50.8
16,04,10,1,福島,2,07,未勝利,7,芝,0,1800,良,アリエ            ,セ,3,鮫島良太,56.0,16,14,16,16,0,3.3,15,111.6,"1516",0,9,8,11,14,37.9,474,岩元市三,栗,0,13103248,01099,00397,0316120714,林進,浦河日成牧場,ナカヤマフェスタ,ドリームモア,サクラバクシンオー,鹿毛,130404,  222.4,  ,    ,47.2
16,04,10,1,福島,2,07,未勝利,7,芝,0,1800,良,メイショウカネミツ,牡,3,小坂忠士,56.0,16,15,11,11,0,2.3,13,110.6,"1506",0,3,3,6,5,37.7,484,南井克巳,栗,0,13103486,01063,01049,0316120715,トニー倶楽部,太陽牧場,メイショウサムソン,フラワーキャット,"Mountain Cat",鹿毛,130129,   90.3,  ,    ,46.7
16,04,10,1,福島,2,07,未勝利,7,芝,0,1800,良,クラシカルチュチュ,牝,3,鮫島克駿,53.0,16,16,7,7,0,1.4,8,109.7,"1497",0,13,14,8,7,36.4,470,佐々木晶,栗,0,13105965,01157,00429,0316120716,鈴木史郎,ノーザンファーム,ゼンノロブロイ,ダンスザクラシックス,"Sadler's Wells",青鹿,130221,   26.3,  ,    ,50.7
16,04,10,1,福島,2,08,500万下・若,23,芝,0,2000,良,マサノマリリン    ,牝,5,原田和真,52.0,16,01,7,7,0,0.5,3,121.7,"2017",0,6,6,5,3,37,466,大竹正博,美,0,11101409,01143,01102,0316120801,中村時子,中村和夫,キングカメハメハ,モエレゴールド,サンデーサイレンス,黒鹿,110217,    8.5,  ,    ,48.1
16,04,10,1,福島,2,08,500万下・若,23,芝,0,2000,良,レッドカノーヴァ  ,牡,4,横山和生,57.0,16,02,1,1,0,-0.1,12,121.2,"2012",0,9,8,8,8,36.2,476,鹿戸雄一,美,700,12106228,01140,01097,0316120802,東京ホースレーシン,パカパカファーム,キングカメハメハ,スープリムゴディス,Theatrical,黒鹿,120220,   30.2,  ,    ,50.6
16,04,10,1,福島,2,08,500万下・若,23,芝,0,2000,良,マコトギンスバーグ,牡,4,野中悠太,54.0,16,03,3,3,0,0.1,1,121.3,"2013",0,7,8,8,5,36.3,456,尾形充弘,美,180,12102024,01158,00349,0316120803,ディアマント,ヤナガワ牧場,キングカメハメハ,マコトスズラン,サンデーサイレンス,鹿毛,120527,    3.2,  ,    ,50.4
16,04,10,1,福島,2,08,500万下・若,23,芝,0,2000,良,ウインティアラ    ,牝,4,木幡初也,52.0,16,04,11,11,0,1.2,8,122.4,"2024",0,12,12,15,13,37,424,畠山吉宏,美,0,12100236,01153,01048,0316120804,ウイン,コスモヴューファー,ハービンジャー,コスモプラチナ,ステイゴールド,鹿毛,120210,   16.3,  ,    ,48.9
16,04,10,1,福島,2,08,500万下・若,23,芝,0,2000,良,パフューマー      ,牡,4,伴啓太,55.0,16,05,16,16,0,3.5,14,124.7,"2047",0,1,2,1,3,41.1,460,高柳瑞樹,美,0,12104092,01149,01118,0316120805,キャロットファーム,社台コーポレーショ,ハーツクライ,シャンスイ,スウェプトオーヴァーボード,栗毛,120403,   84.5,  ,    ,37.2
16,04,10,1,福島,2,08,500万下・若,23,芝,0,2000,良,コーラルタワー    ,牡,6,長岡禎仁,55.0,16,06,2,2,0,0.1,11,121.3,"2013",0,10,10,11,8,36.1,456,竹内正洋,美,280,10103099,01142,01152,0316120806,由井健太郎,鳥谷勝彦,フサイチホウオー,エリザベスサクラ,アラムシャー,黒鹿,100318,   23.7,  ,    ,51.1
16,04,10,1,福島,2,08,500万下・若,23,芝,0,2000,良,パヴェダイヤモンド,牝,4,鮫島克駿,54.0,16,07,13,13,0,1.2,6,122.4,"2024",0,7,7,7,10,37.5,436,友道康夫,栗,0,12104794,01157,01061,0316120807,大塚亮一,ノーザンファーム,ゼンノロブロイ,フレンチバレリーナ,フレンチデピュティ,栗毛,120130,   14.6,  ,    ,47.0
16,04,10,1,福島,2,08,500万下・若,23,芝,0,2000,良,ラウレアブルーム  ,牡,4,藤懸貴志,57.0,16,08,4,4,0,0.2,2,121.4,"2014",0,15,15,3,2,37,490,山内研二,栗,110,12101971,01138,00388,0316120808,横瀬兼二,メイプルファーム,ハーツクライ,タヤスブルーム,Caerleon,鹿毛,120217,    3.9,  ,    ,47.8
16,04,10,1,福島,2,08,500万下・若,23,芝,0,2000,良,マイネルフレスコ  ,牡,5,三津谷隼,54.0,16,09,5,5,0,0.4,7,121.6,"2016",0,14,12,14,10,36.3,480,梅田智之,栗,70,11104713,01159,01084,0316120809,サラブレッドクラブ,コスモヴューファー,ステイゴールド,カートゥーン,リアルシヤダイ,栗毛,110513,   15.6,  ,    ,50.7
16,04,10,1,福島,2,08,500万下・若,23,芝,0,2000,良,ウィステリアメジロ,牝,5,藤田菜七,52.0,16,10,8,8,0,0.5,5,121.7,"2017",0,4,4,5,5,37,476,日吉正和,栗,0,11102904,01164,01122,0316120810,水谷昌晃,レイクヴィラファー,メジロベイリー,メジロランバダ,テリオス,黒鹿,110319,   12.7,  ,    ,48.1
16,04,10,1,福島,2,08,500万下・若,23,芝,0,2000,良,ニシノカザブエ    ,牝,5,森裕太朗,52.0,16,11,10,10,0,1.1,15,122.3,"2023",0,16,16,16,16,36.1,408,小桧山悟,美,0,11103716,01165,01005,0316120811,西山茂行,川上牧場,ステイゴールド,セイウンヒメラギ,コマンダーインチーフ,黒鹿,110411,  100.1,  ,    ,52.3
16,04,10,1,福島,2,08,500万下・若,23,芝,0,2000,良,マイネルスパーブ  ,牡,7,井上敏樹,55.0,16,12,6,6,0,0.4,4,121.6,"2016",0,3,3,3,1,37.3,468,小笠倫弘,美,0,09104661,01151,01076,0316120812,サラブレッドクラブ,コスモヴューファー,アドマイヤコジーン,マイネサンサン,スペシャルウィーク,鹿毛,090205,   11.0,  ,    ,46.9
16,04,10,1,福島,2,08,500万下・若,23,芝,0,2000,良,マンハッタンキング,牡,4,木幡巧也,54.0,16,13,12,12,0,1.2,13,122.4,"2024",0,4,5,8,10,37.4,442,小島太,美,0,12104419,01162,01013,0316120813,社台レースホース,社台ファーム,キングカメハメハ,マンハッタンフィズ,サンデーサイレンス,黒鹿,120202,   61.3,  ,    ,47.4
16,04,10,1,福島,2,08,500万下・若,23,芝,0,2000,良,インスタントリー  ,牡,4,嶋田純次,57.0,16,14,15,15,0,2.5,16,123.7,"2037",0,12,12,11,13,38.5,464,小笠倫弘,美,0,12104949,01134,01076,0316120814,岡浩二,エクセルマネジメン,キングカメハメハ,プラチナガール,ステイゴールド,黒鹿,120303,  141.0,  ,    ,44.8
16,04,10,1,福島,2,08,500万下・若,23,芝,0,2000,良,レッドファルダ    ,牡,4,杉原誠人,57.0,16,15,9,9,0,0.7,10,121.9,"2019",0,10,10,11,13,36.8,522,斉藤崇史,栗,0,12104482,01135,01151,0316120815,東京ホースレーシン,社台コーポレーショ,ゼンノロブロイ,レックスレイノス,Intikhab,栗毛,120216,   23.2,  ,    ,49.1
16,04,10,1,福島,2,08,500万下・若,23,芝,0,2000,良,アンジュデュバン  ,牝,5,西村太一,55.0,16,16,14,14,0,2.5,9,123.7,"2037",0,2,1,2,5,40.1,444,武市康男,美,0,11100051,01131,01089,0316120816,後藤英成,荒井ファーム,ハーツクライ,マイネレーヌ,マイネルラヴ,黒鹿,110304,   20.3,  ,    ,39.3
16,04,10,1,福島,2,09,500万下,23,ダ,1,1150,稍,ポッドフィズ      ,牝,4,藤懸貴志,55.0,16,01,14,14,0,1.9,9,70.7,"1107",0,0,0,9,9,38.2,468,畠山吉宏,美,0,12109114,01138,01048,0316120901,小川眞査雄,シンボリ牧場,エンパイアメーカー,スイートフィズ,クロフネ,鹿毛,120412,   70.5,  ,    ,42.8
16,04,10,1,福島,2,09,500万下,23,ダ,1,1150,稍,ルミラークル      ,牡,5,木幡初也,54.0,16,02,10,10,0,1.3,15,70.1,"1101",0,0,0,13,11,37.4,500,小野次郎,美,0,11104175,01153,01125,0316120902,Basic,社台ファーム,フジキセキ,ヴィエールソンリ,Cryptoclearance,青鹿,110220,  221.5,  ,    ,45.4
16,04,10,1,福島,2,09,500万下,23,ダ,1,1150,稍,マルターズシャトル,牡,4,原田和真,54.0,16,03,16,16,0,4.6,13,73.4,"1134",0,0,0,12,15,40.8,484,堀井雅広,美,0,12101022,01143,00436,0316120903,藤田在子,天羽禮治,タイキシャトル,マルターズホビー,"Spinning World",栗毛,120314,  166.1,  ,    ,37.2
16,04,10,1,福島,2,09,500万下,23,ダ,1,1150,稍,ロックフォール    ,牡,4,伊藤工真,57.0,16,04,8,8,0,1.3,7,70.1,"1101",0,0,0,9,9,37.6,432,田中剛,美,0,12104476,01119,01119,0316120904,四本昭弘,社台ファーム,マンハッタンカフェ,レイクサイドカップ,"Salt Lake",黒鹿,120312,   47.8,  ,    ,44.3
16,04,10,1,福島,2,09,500万下,23,ダ,1,1150,稍,スズカロードスター,牡,6,長岡禎仁,55.0,16,05,12,12,0,1.6,14,70.4,"1104",0,0,0,16,15,37.3,474,柄崎孝,美,0,10104980,01142,00380,0316120905,永井啓弍,辻牧場,シニスターミニスター,ロベリアスズカ,ジョリーズヘイロー,鹿毛,100329,  177.6,  ,    ,46.8
16,04,10,1,福島,2,09,500万下,23,ダ,1,1150,稍,ストロングトリトン,セ,4,杉原誠人,57.0,16,06,2,2,0,0.3,3,69.1,"1091",0,0,0,7,7,36.9,474,鹿戸雄一,美,280,12104259,01135,01097,0316120906,村木篤,社台ファーム,ゴールドアリュール,ストームティグレス,"Storm Cat",鹿毛,120203,    4.9,  ,    ,45.2
16,04,10,1,福島,2,09,500万下,23,ダ,1,1150,稍,エイシンカーニバル,牡,4,北村友一,57.0,16,07,4,4,0,0.6,1,69.4,"1094",0,0,0,5,5,37.4,474,今野貞一,栗,110,12105123,01102,01128,0316120907,栄進堂,栄進牧場,サウスヴィグラス,エーシンアマゾーン,ファルブラヴ,栗毛,120214,    2.2,  ,    ,43.3
16,04,10,1,福島,2,09,500万下,23,ダ,1,1150,稍,スナークエンジェル,牝,4,鮫島克駿,54.0,16,08,11,11,0,1.4,8,70.2,"1102",0,0,0,15,11,37.4,438,川村禎彦,栗,0,12103572,01157,01003,0316120908,杉本豊,見上牧場,タニノギムレット,スナークスマイル,フレンチデピュティ,黒鹿,120423,   48.4,  ,    ,45.7
16,04,10,1,福島,2,09,500万下,23,ダ,1,1150,稍,ラッキーダン      ,牡,4,丹内祐次,57.0,16,09,9,9,0,1.3,4,70.1,"1101",0,0,0,3,3,38.2,472,谷原義明,美,0,12101200,01091,00402,0316120909,田島榮二郎,木村牧場,ストラヴィンスキー,サウスサプライズ,サウスヴィグラス,黒鹿,120330,   15.2,  ,    ,41.1
16,04,10,1,福島,2,09,500万下,23,ダ,1,1150,稍,オーロラッシュ    ,牡,4,岩田康誠,57.0,16,10,6,6,0,1.1,5,69.9,"1099",0,0,0,8,7,37.6,458,土田稔,美,0,12100401,05203,00417,0316120910,山口敦広,大作ステーブル,パーソナルラッシュ,モエレサンタマリア,ゴールドヘイロー,鹿毛,120310,   20.7,  ,    ,43.7
16,04,10,1,福島,2,09,500万下,23,ダ,1,1150,稍,リバーコンサート  ,牝,5,井上敏樹,53.0,16,11,13,13,0,1.6,6,70.4,"1104",0,0,0,1,2,38.8,432,作田誠二,栗,0,11102004,01151,01006,0316120911,河越武治,桜井牧場,サウスヴィグラス,チェレスタ,スピニングワールド,栗毛,110403,   21.5,  ,    ,38.8
16,04,10,1,福島,2,09,500万下,23,ダ,1,1150,稍,サニーデイズ      ,牡,5,藤田菜七,54.0,16,12,1,1,0,-0.3,2,68.8,"1088",0,0,0,2,1,37.1,494,相沢郁,美,700,11100906,01164,01020,0316120912,星野祐介,前野牧場,フジキセキ,ピンククラウド,ボストンハーバー,黒鹿,110420,    3.0,  ,    ,43.2
16,04,10,1,福島,2,09,500万下,23,ダ,1,1150,稍,スカイアクセス    ,セ,7,西村太一,57.0,16,13,3,3,0,0.6,10,69.4,"1094",0,0,0,3,3,37.5,532,和田正道,美,180,09105485,01131,00353,0316120913,和田牧場,上水牧場,サクラバクシンオー,トリリウム,トニービン,鹿毛,090322,   72.6,  ,    ,42.8
16,04,10,1,福島,2,09,500万下,23,ダ,1,1150,稍,スリーエスペラント,牡,6,加藤祥太,55.0,16,14,7,7,0,1.2,11,70,"1100",0,0,0,13,11,37.3,498,西橋豊治,栗,0,10102875,01156,00434,0316120914,永井商事,武牧場,スズカフェニックス,スリーエチュード,タイキシャトル,栗毛,100228,   81.8,  ,    ,45.6
16,04,10,1,福島,2,09,500万下,23,ダ,1,1150,稍,クリノツネチャン  ,牝,5,嶋田純次,55.0,16,15,5,5,0,0.8,12,69.6,"1096",0,0,0,5,5,37.5,456,星野忍,美,70,11100187,01134,01030,0316120915,栗本博晴,川島良一,マイネルセレクト,モカサンデー,サンデーサイレンス,栗毛,110420,  131.1,  ,    ,43.4
16,04,10,1,福島,2,09,500万下,23,ダ,1,1150,稍,ホホエムオンナ    ,牝,4,宮崎北斗,55.0,16,16,15,15,0,2,16,70.8,"1108",0,0,0,9,11,38.4,428,浅野洋一,美,0,12105951,01118,00421,0316120916,大北牧場,大北牧場,ミスキャスト,エガオヨシ,タイキシャトル,鹿毛,120331,  296.7,  ,    ,42.0
16,04,10,1,福島,2,10,花見山特500,23,ダ,1,1700,稍,ユウセン          ,セ,8,丸山元気,57.0,15,01,15,15,0,6.5,13,114.5,"1545",0,15,14,15,15,43.2,448,萱野浩二,美,0,08103911,01127,01024,0316121001,野谷美千,村岡農夫,ステイゴールド,タカラハイウェイ,ダンシングブレーヴ,青鹿,080316,   86.3,  ,    ,40.0
16,04,10,1,福島,2,10,花見山特500,23,ダ,1,1700,稍,レイヨンヴェール  ,牝,5,宮崎北斗,55.0,15,02,9,9,0,1.7,8,109.7,"1497",0,1,1,2,4,40.1,488,武藤善則,美,0,11104196,01118,01064,0316121002,グリーンファーム,社台ファーム,ゴールドアリュール,オッティマルーチェ,"Fusaichi Pegasus",黒鹿,110313,   17.5,  ,    ,44.7
16,04,10,1,福島,2,10,花見山特500,23,ダ,1,1700,稍,ガンマーフォンテン,牡,4,丸田恭介,57.0,15,03,13,13,0,3.1,14,111.1,"1511",0,10,10,14,13,40.4,488,石毛善彦,美,0,12101039,01117,00428,0316121003,吉橋計,新井弘幸,リンカーン,ルビーフォンテン,アフリート,栗毛,120329,  105.4,  ,    ,45.5
16,04,10,1,福島,2,10,花見山特500,23,ダ,1,1700,稍,ゲンパチケンザン  ,牡,5,松若風馬,57.0,15,04,14,14,0,4.4,6,112.4,"1524",0,13,14,10,9,42,504,萱野浩二,美,0,11101263,01154,01024,0316121004,平野武志,加野牧場,ゴールドアリュール,ブルーベルベット,フォーティナイナー,栗毛,110505,    7.8,  ,    ,41.4
16,04,10,1,福島,2,10,花見山特500,23,ダ,1,1700,稍,グランシャリオ    ,牡,4,田中勝春,57.0,15,05,12,12,0,2.6,9,110.6,"1506",0,12,12,10,12,40.2,454,加藤征弘,美,0,12104173,00684,01059,0316121005,村野康司,社台ファーム,ハーツクライ,オリーブクラウン,ドクターデヴィアス,栗毛,120514,   21.5,  ,    ,45.5
16,04,10,1,福島,2,10,花見山特500,23,ダ,1,1700,稍,トミケンシェルフ  ,牡,4,吉田隼人,57.0,15,06,2,2,0,0,1,108,"1480",0,4,4,5,5,38.1,486,武井亮,美,380,12101132,01095,01147,0316121006,冨樫賢二,沖田牧場,サイレントディール,アグリフェスタ,ウイングアロー,栗毛,120227,    3.5,  ,    ,50.1
16,04,10,1,福島,2,10,花見山特500,23,ダ,1,1700,稍,トーコーグリーン  ,牡,6,加藤祥太,57.0,15,07,1,1,0,0,7,108,"1480",0,10,11,3,2,38.3,500,橋田満,栗,950,10102630,01156,00362,0316121007,森田藤治,グランド牧場,アグネスタキオン,ヴェスタ,"Fortunate Prospect",黒鹿,100211,    9.8,  ,    ,49.3
16,04,10,1,福島,2,10,花見山特500,23,ダ,1,1700,稍,ショウナンガッチャ,牡,5,北村友一,57.0,15,08,6,6,0,0.6,2,108.6,"1486",0,7,5,9,8,38.4,474,北出成人,栗,0,11100976,01102,01078,0316121008,国本哲秀,森永牧場,キングカメハメハ,アナバシュドチャーム,"Silver Deputy",栗毛,110326,    6.0,  ,    ,49.7
16,04,10,1,福島,2,10,花見山特500,23,ダ,1,1700,稍,ハイヴォルテージ  ,牡,4,黛弘人,57.0,15,09,7,7,0,1,11,109,"1490",0,4,5,8,9,38.9,450,藤原辰雄,美,0,12102855,01109,00435,0316121009,ヒダカ・ブリーダー,グランド牧場,サウスヴィグラス,スズカノオジョー,サンデーサイレンス,栗毛,120407,   79.7,  ,    ,48.3
16,04,10,1,福島,2,10,花見山特500,23,ダ,1,1700,稍,ワンダーブラザウン,牡,6,横山和生,57.0,15,10,11,11,0,2.1,12,110.1,"1501",0,9,8,10,11,39.7,458,松永幹夫,栗,0,10101956,01140,01092,0316121010,山本信行,大島牧場,フジキセキ,オオシマジョリー,アフリート,栗毛,100409,   82.2,  ,    ,46.7
16,04,10,1,福島,2,10,花見山特500,23,ダ,1,1700,稍,メイショウナガマサ,牡,4,岩田康誠,57.0,15,11,3,3,0,0.2,3,108.2,"1482",0,2,2,1,1,38.6,514,南井克巳,栗,240,12103494,05203,01049,0316121011,松本好雄,フジワラフアーム,マンハッタンカフェ,マウンテンミステリー,"Mt. Livermore",鹿毛,120224,    7.2,  ,    ,48.4
16,04,10,1,福島,2,10,花見山特500,23,ダ,1,1700,稍,アンシャックルド  ,セ,6,鮫島克駿,57.0,15,12,10,10,0,2,15,110,"1500",0,7,8,10,13,39.6,482,田中章博,栗,0,10110093,01157,00413,0316121012,大樹ファーム,"S. F. Bloodstock L",Pivotal,"Starlight Dreams","Black Tie Affair",栗毛,100306,  156.1,  ,    ,47.0
16,04,10,1,福島,2,10,花見山特500,23,ダ,1,1700,稍,フクノドービル    ,牡,4,丹内祐次,57.0,15,13,8,8,0,1,10,109,"1490",0,13,12,5,5,39.1,504,的場均,美,0,12101963,01091,01063,0316121013,福島祐子,三輪牧場,ヴァーミリアン,マチカネキミガタメ,ブライアンズタイム,鹿毛,120404,   62.2,  ,    ,47.5
16,04,10,1,福島,2,10,花見山特500,23,ダ,1,1700,稍,レンブラント      ,牡,5,津村明秀,57.0,15,14,5,5,0,0.3,4,108.3,"1483",0,3,3,3,3,38.6,484,武市康男,美,95,11100021,01092,01089,0316121014,田所英子,天羽牧場,チャクラ,マヤノマーガレット,フォーティナイナー,黒鹿,110419,    7.4,  ,    ,48.5
16,04,10,1,福島,2,10,花見山特500,23,ダ,1,1700,稍,シェーンメーア    ,セ,6,杉原誠人,57.0,15,15,4,4,0,0.3,5,108.3,"1483",0,4,5,7,5,38.3,544,藤沢和雄,美,140,10110017,01135,00386,0316121015,窪田康志,"Stone Farm",Arch,Chatham,"Maria's Mon",青鹿,100421,    7.6,  ,    ,49.7
16,04,10,1,福島,2,11,福島民報,131,芝,0,2000,良,ヤングマンパワー  ,牡,4,丸山元気,56.0,16,01,2,2,0,0.5,6,119.4,"1594",0,3,3,4,4,36.1,512,手塚貴久,美,960,12104685,01127,01038,0316121101,星野壽市,ノーザンファーム,スニッツェル,スナップショット,サンデーサイレンス,黒鹿,120414,   12.4,  ,    ,48.9
16,04,10,1,福島,2,11,福島民報,131,芝,0,2000,良,クランモンタナ    ,牡,7,松若風馬,57.0,16,02,4,4,0,0.6,12,119.5,"1595",0,13,11,16,15,35.5,482,音無秀孝,栗,360,09105738,01154,01002,0316121102,社台レースホース,社台ファーム,ディープインパクト,エアトゥーレ,トニービン,芦毛,090212,   45.8,  ,    ,51.4
16,04,10,1,福島,2,11,福島民報,131,芝,0,2000,良,シャイニープリンス,牡,6,北村友一,57.0,16,03,1,1,0,-0.5,9,118.9,"1589",0,2,2,2,2,35.7,500,栗田博憲,美,2400,10100035,01102,00341,0316121103,小林昌志,コアレススタッド,キングヘイロー,ダイタクピア,リンドシェーバー,青鹿,100426,   21.5,  ,    ,49.9
16,04,10,1,福島,2,11,福島民報,131,芝,0,2000,良,マテンロウボス    ,牡,5,岩田康誠,56.0,16,04,5,5,0,0.7,3,119.6,"1596",0,7,8,9,8,35.9,460,昆貢,栗,240,11101188,05203,01044,0316121104,寺田千代乃,上村清志,キングカメハメハ,アンダンテ,サンデーサイレンス,黒鹿,110312,    5.6,  ,    ,49.9
16,04,10,1,福島,2,11,福島民報,131,芝,0,2000,良,デウスウルト      ,セ,8,横山和生,57.0,16,05,7,7,0,0.8,14,119.7,"1597",0,5,5,7,8,36.2,466,平田修,栗,0,08103265,01140,01082,0316121105,吉田勝己,ノーザンファーム,キングカメハメハ,バプティスタ,サンデーサイレンス,黒鹿,080402,   52.8,  ,    ,48.9
16,04,10,1,福島,2,11,福島民報,131,芝,0,2000,良,ブレイズアトレイル,牡,7,鮫島克駿,57.0,16,06,8,8,0,0.8,11,119.7,"1597",0,7,7,7,4,36.2,494,藤岡健一,栗,0,09106384,01157,01062,0316121106,前田敏文,ノーザンファーム,ダイワメジャー,ラフィントレイル,エルコンドルパサー,芦毛,090413,   45.1,  ,    ,48.9
16,04,10,1,福島,2,11,福島民報,131,芝,0,2000,良,ダノンジェラート  ,牡,7,加藤祥太,56.0,16,07,12,12,0,1,8,119.9,"1599",0,14,14,14,12,36,500,萩原清,美,0,09106332,01156,01017,0316121107,ダノックス,ノーザンファーム,ディープインパクト,ペンカナプリンセス,Pivotal,鹿毛,090222,   19.5,  ,    ,49.9
16,04,10,1,福島,2,11,福島民報,131,芝,0,2000,良,ライズトゥフェイム,牡,6,田中勝春,56.0,16,08,10,10,0,0.8,7,119.7,"1597",0,16,16,14,12,35.8,486,加藤征弘,美,0,10104458,00684,01059,0316121108,シルクレーシング,社台コーポレーショ,ゼンノロブロイ,バラファミー,Barathea,鹿毛,100330,   15.8,  ,    ,50.4
16,04,10,1,福島,2,11,福島民報,131,芝,0,2000,良,サトノアポロ      ,セ,8,丸田恭介,58.0,16,09,11,11,0,1,15,119.9,"1599",0,10,10,13,12,36.1,516,国枝栄,美,0,08103016,01117,00399,0316121109,里見治,社台ファーム,シンボリクリスエス,ミスベルベール,Bering,黒鹿,080511,   58.6,  ,    ,49.5
16,04,10,1,福島,2,11,福島民報,131,芝,0,2000,良,マイネルミラノ    ,牡,6,丹内祐次,58.0,16,10,6,6,0,0.7,5,119.6,"1596",0,1,1,1,1,36.8,478,相沢郁,美,0,10105964,01091,01020,0316121110,サラブレッドクラブ,ビッグレッドファー,ステイゴールド,パールバーリー,"Polish Precedent",栗毛,100608,   11.4,  ,    ,46.4
16,04,10,1,福島,2,11,福島民報,131,芝,0,2000,良,バロンドゥフォール,牡,6,勝浦正樹,56.0,16,11,16,16,0,1.8,13,120.7,"2007",0,15,15,9,15,37,478,久保田貴,美,0,10104343,01025,01067,0316121111,窪田康志,ノーザンファーム,ディープインパクト,ラトラヴィアータ,サクラユタカオー,鹿毛,100303,   46.7,  ,    ,46.9
16,04,10,1,福島,2,11,福島民報,131,芝,0,2000,良,マイネルフロスト  ,牡,5,柴田大知,57.0,16,12,9,9,0,0.8,1,119.7,"1597",0,10,11,4,4,36.3,486,高木登,美,0,11106350,01009,01088,0316121112,サラブレッドクラブ,競優牧場,ブラックタイド,スリースノーグラス,グラスワンダー,芦毛,110308,    4.0,  ,    ,48.5
16,04,10,1,福島,2,11,福島民報,131,芝,0,2000,良,シベリアンスパーブ,牡,7,津村明秀,56.0,16,13,14,14,0,1.1,10,120,"2000",0,10,11,9,8,36.4,506,手塚貴久,美,0,09105407,01092,01038,0316121113,藤田在子,山岡牧場,シベリアンホーク,マルターズスパーブ,"With Approval",鹿毛,090201,   29.1,  ,    ,48.4
16,04,10,1,福島,2,11,福島民報,131,芝,0,2000,良,ミュゼゴースト    ,牡,4,川須栄彦,56.0,16,14,15,15,0,1.3,4,120.2,"2002",0,5,5,4,4,36.8,506,大江原哲,美,0,12102361,01128,01012,0316121114,坂本肇,城地清満,バゴ,トリプルタイム,リアルシヤダイ,黒鹿,120314,    8.6,  ,    ,47.1
16,04,10,1,福島,2,11,福島民報,131,芝,0,2000,良,マデイラ          ,牡,7,吉田隼人,56.0,16,15,13,13,0,1.1,16,120,"2000",0,7,8,9,8,36.4,486,荒川義之,栗,0,09106344,01095,01095,0316121115,キャロットファーム,ノーザンファーム,クロフネ,マチカネエンジイロ,サンデーサイレンス,栗毛,090408,   59.9,  ,    ,48.4
16,04,10,1,福島,2,11,福島民報,131,芝,0,2000,良,ヤマニンボワラクテ,セ,5,藤懸貴志,56.0,16,16,3,3,0,0.5,2,119.4,"1594",0,3,3,2,3,36.2,474,松永幹夫,栗,600,11105057,01138,01092,0316121116,土井肇,錦岡牧場,キングカメハメハ,ヤマニンカルフール,エリシオ,鹿毛,110506,    4.3,  ,    ,48.5
16,04,10,1,福島,2,12,喜多方特500,23,芝,0,1200,良,イキオイ          ,牡,4,丹内祐次,57.0,16,01,10,10,0,0.5,8,69.8,"1098",0,0,0,9,7,35.2,450,杉浦宏昭,美,0,12102808,01091,01008,0316121201,西村憲人,カタオカフアーム,マツリダゴッホ,ユメノラッキー,"Salt Lake",鹿毛,120423,   29.1,  ,    ,48.3
16,04,10,1,福島,2,12,喜多方特500,23,芝,0,1200,良,ヘニースウィフト  ,牡,4,藤田菜七,57.0,16,02,13,13,0,0.8,6,70.1,"1101",0,0,0,13,13,35.2,494,二ノ宮敬,美,0,12110083,01164,00409,0316121202,窪田康志,"Clear Creek Stud L","Henny Hughes","Swifty Victress","Macho Uno",栗毛,120505,   23.9,  ,    ,49.1
16,04,10,1,福島,2,12,喜多方特500,23,芝,0,1200,良,ショウナンアイ    ,牝,4,北村友一,55.0,16,03,8,8,0,0.4,11,69.7,"1097",0,0,0,9,12,35.1,464,奥村武,美,0,12110081,01102,01145,0316121203,国本哲秀,"Padua Stables LLC","Northern Afleet",Rhys,"Storm Cat",栗毛,120109,   33.4,  ,    ,48.6
16,04,10,1,福島,2,12,喜多方特500,23,芝,0,1200,良,ディレットリーチェ,牝,6,津村明秀,55.0,16,04,11,11,0,0.7,12,70,"1100",0,0,0,5,6,35.8,494,武市康男,美,0,10103001,01092,01089,0316121204,飯田正剛,千代田牧場,ダイワメジャー,ブロンコーネ,ブライアンズタイム,栗毛,100211,   40.1,  ,    ,45.5
16,04,10,1,福島,2,12,喜多方特500,23,芝,0,1200,良,アグネスユーリヤ  ,牡,4,丸山元気,57.0,16,05,5,5,0,0.3,3,69.6,"1096",0,0,0,9,10,35,476,長浜博之,栗,95,12104112,01127,00395,0316121205,畑佐博,社台ファーム,チチカステナンゴ,アグネスナチュラル,サクラバクシンオー,鹿毛,120414,    6.2,  ,    ,48.9
16,04,10,1,福島,2,12,喜多方特500,23,芝,0,1200,良,キンシノキセキ    ,セ,5,岩田康誠,57.0,16,06,12,12,0,0.7,4,70,"1100",0,0,0,15,15,34.8,480,浅見秀一,栗,0,11106366,05203,00411,0316121206,若草クラブ,パカパカファーム,フジキセキ,アブソリューション,タイキシャトル,鹿毛,110122,   12.0,  ,    ,51.1
16,04,10,1,福島,2,12,喜多方特500,23,芝,0,1200,良,アフェクシオン    ,牝,4,柴田大知,55.0,16,07,16,16,0,1.3,13,70.6,"1106",0,0,0,15,15,35.4,422,高橋裕,美,0,12100736,01009,00412,0316121207,サラブレッドクラブ,ビッグレッドファー,コンデュイット,マイネミモーゼ,ブライアンズタイム,鹿毛,120206,   68.8,  ,    ,49.4
16,04,10,1,福島,2,12,喜多方特500,23,芝,0,1200,良,スミレタンポポ    ,牝,4,伊藤工真,55.0,16,08,15,15,0,1.1,16,70.4,"1104",0,0,0,13,13,35.5,402,高橋義博,美,0,12105327,01119,01036,0316121208,海谷幸司,高野牧場,メイショウボーラー,ジーアイジェーン,コマンダーインチーフ,鹿毛,120420,  223.0,  ,    ,48.3
16,04,10,1,福島,2,12,喜多方特500,23,芝,0,1200,良,エスジープログレス,牡,4,川須栄彦,57.0,16,09,3,3,0,0.2,9,69.5,"1095",0,0,0,5,4,35.4,476,西浦勝一,栗,240,12102028,01128,01016,0316121209,竹下千亜子,山際辰夫,ダイワメジャー,バズマイハート,Unbridled,栗毛,120318,   29.5,  ,    ,46.3
16,04,10,1,福島,2,12,喜多方特500,23,芝,0,1200,良,トウシンムサシ    ,牡,5,藤懸貴志,57.0,16,10,7,7,0,0.3,10,69.6,"1096",0,0,0,7,7,35.3,462,山内研二,栗,0,11100930,01138,00388,0316121210,サトー,増尾牧場,ダイワメジャー,プリティベティ,フレンチデピュティ,栗毛,110509,   29.9,  ,    ,47.2
16,04,10,1,福島,2,12,喜多方特500,23,芝,0,1200,良,イワヌガハナ      ,セ,4,横山和生,57.0,16,11,9,9,0,0.5,14,69.8,"1098",0,0,0,1,1,36.4,470,小野次郎,美,0,12101466,01140,01125,0316121211,國分純,スマイルファーム,ファルブラヴ,マッチオブジュエル,フジキセキ,黒鹿,120425,   69.9,  ,    ,41.8
16,04,10,1,福島,2,12,喜多方特500,23,芝,0,1200,良,ビリーヴザワン    ,セ,5,黛弘人,57.0,16,12,6,6,0,0.3,5,69.6,"1096",0,0,0,4,4,35.6,472,中野栄治,美,0,11101776,01109,01010,0316121212,岡田壮史,岡田スタツド,マツリダゴッホ,ブルーミングガール,サクラバクシンオー,鹿毛,110421,   12.9,  ,    ,45.5
16,04,10,1,福島,2,12,喜多方特500,23,芝,0,1200,良,ユメノマイホーム  ,牝,4,吉田隼人,55.0,16,13,2,2,0,0.1,7,69.4,"1094",0,0,0,8,7,35,452,伊藤伸一,美,380,12105635,01095,01031,0316121213,ミルファーム,ミルファーム,ストーミングホーム,ニシノユメヲミセテ,ブライアンズタイム,栗毛,120219,   27.4,  ,    ,48.3
16,04,10,1,福島,2,12,喜多方特500,23,芝,0,1200,良,クラウンテイラー  ,牡,4,石神深一,57.0,16,14,14,14,0,0.8,15,70.1,"1101",0,0,0,9,10,35.5,456,田島俊明,美,0,12106080,01059,01112,0316121214,クラウン,藤春修二,アドマイヤオーラ,ポピーリース,フサイチコンコルド,鹿毛,120512,  205.9,  ,    ,47.5
16,04,10,1,福島,2,12,喜多方特500,23,芝,0,1200,良,リミットブレイク  ,セ,4,勝浦正樹,57.0,16,15,4,4,0,0.2,2,69.5,"1095",0,0,0,3,3,35.8,516,尾関知人,美,140,12104841,01025,01103,0316121215,シルクレーシング,ノーザンファーム,サクラバクシンオー,マザーウェル,シンボリクリスエス,鹿毛,120215,    6.1,  ,    ,44.1
16,04,10,1,福島,2,12,喜多方特500,23,芝,0,1200,良,ビバリーヒルズ    ,牝,4,松若風馬,55.0,16,16,1,1,0,-0.1,1,69.3,"1093",0,0,0,2,2,35.8,430,須貝尚介,栗,950,12104803,01154,01105,0316121216,近藤英子,ノーザンファーム,スニッツェル,ブリリアントベリー,ノーザンテースト,栗毛,120227,    2.0,  ,    ,43.6
16,04,16,1,福島,3,01,未勝利・牝,7,ダ,1,1700,稍,デルマノウヒメ    ,牝,3,黛弘人,54.0,15,01,10,10,0,2,8,110.7,"1507",0,14,12,10,11,40,464,尾関知人,美,0,13100872,01109,01103,0316130101,浅沼廣幸,ファニーヒルファー,アサクサデンエン,ローザロッサ,ダンスインザダーク,栗毛,130415,   29.4,  ,    ,46.4
16,04,16,1,福島,3,01,未勝利・牝,7,ダ,1,1700,稍,ソットヴォーチェ  ,牝,3,津村明秀,54.0,15,02,9,9,0,1.8,6,110.5,"1505",0,8,8,3,5,40.5,438,矢野英一,美,0,13105558,01092,01108,0316130102,社台レースホース,社台ファーム,ヴィクトワールピサ,トレアンサンブル,トニービン,鹿毛,130402,   14.4,  ,    ,44.3
16,04,16,1,福島,3,01,未勝利・牝,7,ダ,1,1700,稍,シゲルハマダイ    ,牝,3,松若風馬,54.0,15,03,12,12,0,3.3,13,112,"1520",0,14,15,15,12,40.5,496,松山将樹,美,0,13104854,01154,01100,0316130103,森中蕃,前田牧場,ファスリエフ,シゲルコレデモカ,キンググローリアス,黒鹿,130430,  105.8,  ,    ,46.3
16,04,16,1,福島,3,01,未勝利・牝,7,ダ,1,1700,稍,ニットウダリア    ,牝,3,井上敏樹,52.0,15,04,6,6,0,1,4,109.7,"1497",0,1,1,1,2,39.9,440,伊藤大士,美,0,13103662,01151,01109,0316130104,藤井謙,日東牧場,メイショウボーラー,ニットウサラン,アグネスカミカゼ,鹿毛,130513,    9.4,  ,    ,45.4
16,04,16,1,福島,3,01,未勝利・牝,7,ダ,1,1700,稍,ウートゥルメール  ,牝,3,吉田隼人,54.0,15,05,13,13,0,4.1,11,112.8,"1528",0,13,14,14,13,41.6,474,角田晃一,栗,0,13106419,01095,01121,0316130105,ターフ・スポート,大北牧場,マンハッタンカフェ,フェルメールブルー,ノーザンテースト,鹿毛,130119,   35.2,  ,    ,43.4
16,04,16,1,福島,3,01,未勝利・牝,7,ダ,1,1700,稍,ボーナスチャンス  ,牝,3,丸田恭介,54.0,15,06,3,3,0,0.3,10,109,"1490",0,4,3,5,3,38.9,480,小笠倫弘,美,130,13109017,01117,01076,0316130106,薗部博之,恵比寿興業株式会社,エンパイアメーカー,ポンテペルレ,"Green Desert",黒鹿,130410,   34.5,  ,    ,48.3
16,04,16,1,福島,3,01,未勝利・牝,7,ダ,1,1700,稍,タガノボワテュール,牝,3,藤懸貴志,54.0,15,07,4,4,0,0.7,9,109.4,"1494",0,9,9,6,7,39,436,高橋亮,栗,75,13101733,01138,01136,0316130107,八木良司,新冠タガノファーム,カジノドライヴ,タガノユニヴァース,ネオユニヴァース,栗毛,130303,   32.6,  ,    ,48.5
16,04,16,1,福島,3,01,未勝利・牝,7,ダ,1,1700,稍,バトルローザ      ,牝,3,加藤祥太,52.0,15,08,8,8,0,1.8,3,110.5,"1505",0,11,12,12,9,39.6,454,吉村圭司,栗,0,13104641,01156,01130,0316130108,宮川秋信,西村和夫,ロージズインメイ,バトルマドカ,スペシャルウィーク,鹿毛,130310,    9.4,  ,    ,47.7
16,04,16,1,福島,3,01,未勝利・牝,7,ダ,1,1700,稍,アイアンアヴァロン,牝,3,伴啓太,52.0,15,09,5,5,0,0.9,2,109.6,"1496",0,7,6,6,6,39.2,446,坪憲章,栗,50,13102286,01149,00361,0316130109,池上一馬,グローリーファーム,キャプテントゥーレ,アイアンゴールド,マイネルラヴ,芦毛,130417,    8.3,  ,    ,48.0
16,04,16,1,福島,3,01,未勝利・牝,7,ダ,1,1700,稍,アグネッタ        ,牝,3,丸山元気,54.0,15,10,2,2,0,0,1,108.7,"1487",0,2,2,2,1,38.9,464,羽月友彦,栗,200,13102192,01127,01091,0316130110,菅原広隆,上村清志,エンパイアメーカー,アンダンテ,サンデーサイレンス,鹿毛,130414,    1.8,  ,    ,47.9
16,04,16,1,福島,3,01,未勝利・牝,7,ダ,1,1700,稍,ベルリンガー      ,牝,3,勝浦正樹,54.0,15,11,1,1,0,0,5,108.7,"1487",0,4,5,3,3,38.7,476,西浦勝一,栗,500,13100602,01025,01016,0316130111,H.H.シェイク・モハ,ダーレー・ジャパン,マンハッタンカフェ,チューブラーベルズ,Kingmambo,黒鹿,130214,    9.9,  ,    ,48.7
16,04,16,1,福島,3,01,未勝利・牝,7,ダ,1,1700,稍,ボーリン          ,牝,3,川須栄彦,54.0,15,12,15,15,0,6.4,15,115.1,"1551",0,2,3,6,13,44.7,444,日吉正和,栗,0,13105097,01128,01122,0316130112,松田整二,高橋農場,アドマイヤマックス,ターキッシュブルー,カリズマティック,鹿毛,130306,  259.5,  ,    ,35.9
16,04,16,1,福島,3,01,未勝利・牝,7,ダ,1,1700,稍,ジェルブロワ      ,牝,3,平野優,54.0,15,13,14,14,0,5.3,14,114,"1540",0,10,11,13,15,43,484,松山将樹,美,0,13103114,01132,01100,0316130113,新木鈴子,ヒダカフアーム,シンボリクリスエス,ハンナローズ,"Mr. Greeley",鹿毛,130521,  114.0,  ,    ,40.1
16,04,16,1,福島,3,01,未勝利・牝,7,ダ,1,1700,稍,ハルノアシオト    ,牝,3,木幡巧也,51.0,15,14,11,11,0,2.8,12,111.5,"1515",0,6,6,9,9,41,470,清水英克,美,0,13102020,01162,01080,0316130114,ヒダカ・ブリーダー,三村卓也,エンパイアメーカー,ハルワカ,ワカオライデン,黒鹿,130225,   66.4,  ,    ,43.8
16,04,16,1,福島,3,01,未勝利・牝,7,ダ,1,1700,稍,ヴェルデリモーネ  ,牝,3,鮫島克駿,53.0,15,15,7,7,0,1.1,7,109.8,"1498",0,11,10,10,8,39.2,448,奥村豊,栗,0,13106100,01157,01146,0316130115,吉田和美,ノーザンファーム,ワークフォース,マハーバーラタ,ディープインパクト,鹿毛,130315,   28.4,  ,    ,48.2
16,04,16,1,福島,3,02,未勝利,7,芝,0,1200,良,コーディネーター  ,牡,3,森裕太朗,53.0,16,01,1,1,0,-0.4,10,69.7,"1097",0,0,0,1,1,35.5,480,鈴木孝志,栗,500,13101513,01165,01111,0316130201,岡浩二,スカイビーチステー,クロフネ,クロンヌドール,アグネスタキオン,栗毛,130404,   27.5,  ,    ,46.3
16,04,16,1,福島,3,02,未勝利,7,芝,0,1200,良,シーオーク        ,牝,3,北村友一,54.0,16,02,5,5,0,0.9,2,70.6,"1106",0,0,0,11,9,35.4,466,安田隆行,栗,50,13105240,01102,00438,0316130202,サンデーレーシング,追分ファーム,キングカメハメハ,サザンフェアリー,"Southern Halo",栗毛,130516,    4.0,  ,    ,49.4
16,04,16,1,福島,3,02,未勝利,7,芝,0,1200,良,ジョーマイク      ,牡,3,川須栄彦,56.0,16,03,4,4,0,0.5,1,70.2,"1102",0,0,0,12,11,34.9,458,中竹和也,栗,75,13102480,01128,01039,0316130203,上田けい子,平野牧場,アドマイヤムーン,ジョーフュージョン,オペラハウス,栗毛,130322,    4.0,  ,    ,51.1
16,04,16,1,福島,3,02,未勝利,7,芝,0,1200,良,モリカイソウ      ,牝,3,木幡初広,54.0,16,04,15,15,0,1.9,16,71.6,"1116",0,0,0,7,9,36.6,446,牧光二,美,0,13104701,00629,01106,0316130204,森島商事,服部健太郎,キングヘイロー,ユキノクイーン,タイキシャトル,黒鹿,130308,  239.6,  ,    ,45.6
16,04,16,1,福島,3,02,未勝利,7,芝,0,1200,良,オプティマスローズ,牝,3,伴啓太,52.0,16,05,16,16,0,1.9,14,71.6,"1116",0,0,0,13,13,36.2,422,古賀史生,美,0,13106451,01149,00392,0316130205,ドリームジャパンホ,山春牧場,ヨハネスブルグ,フジタカローズ,ブライアンズタイム,青鹿,130501,  186.8,  ,    ,47.8
16,04,16,1,福島,3,02,未勝利,7,芝,0,1200,良,ヤマニンモナムール,牝,3,井上敏樹,52.0,16,06,14,14,0,1.8,15,71.5,"1115",0,0,0,16,16,35.4,362,池上昌和,美,0,13101781,01151,01150,0316130206,土井肇,錦岡牧場,コンデュイット,ヤマニンザナドゥ,トニービン,栗毛,130523,  233.4,  ,    ,52.0
16,04,16,1,福島,3,02,未勝利,7,芝,0,1200,良,ストーリーライター,牝,3,黛弘人,54.0,16,07,13,13,0,1.8,13,71.5,"1115",0,0,0,15,15,35.6,426,松山将樹,美,0,13104222,01109,01100,0316130207,スリースターズレー,坂本智広,ソングオブウインド,モルフェフラウア,バブルガムフェロー,鹿毛,130211,  139.7,  ,    ,50.8
16,04,16,1,福島,3,02,未勝利,7,芝,0,1200,良,アカデミア        ,牡,3,吉田隼人,56.0,16,08,8,8,0,1.2,7,70.9,"1109",0,0,0,9,11,35.8,514,萩原清,美,0,13105378,01095,01017,0316130208,池谷誠一,社台ファーム,ダイワメジャー,インディアナカーヴ,"A.P. Indy",黒鹿,130220,   16.3,  ,    ,48.0
16,04,16,1,福島,3,02,未勝利,7,芝,0,1200,良,スパイチャクラ    ,牝,3,勝浦正樹,54.0,16,09,2,2,0,0.4,3,70.1,"1101",0,0,0,4,4,35.5,452,西浦勝一,栗,200,13106235,01025,01016,0316130209,"Him Rock Racingホ",タバタファーム,Shamardal,グリーンアイズ2,"Green Desert",鹿毛,130414,    5.4,  ,    ,47.5
16,04,16,1,福島,3,02,未勝利,7,芝,0,1200,良,キャンベルアーリー,牝,3,木幡初也,51.0,16,10,12,12,0,1.7,9,71.4,"1114",0,0,0,5,5,36.7,440,武藤善則,美,0,13105990,01153,01064,0316130210,キャロットファーム,ノーザンファーム,キンシャサノキセキ,トレッビアーノ,Teofilo,青鹿,130317,   24.8,  ,    ,44.6
16,04,16,1,福島,3,02,未勝利,7,芝,0,1200,良,ヌーベルマリエ    ,牝,3,古川吉洋,54.0,16,11,10,10,0,1.3,11,71,"1110",0,0,0,7,7,36,432,田中剛,美,0,13101825,01015,01119,0316130211,前田晋二,ノースヒルズ,ジャングルポケット,パノラマビューティ,ダンスインザダーク,鹿毛,130404,   31.3,  ,    ,47.2
16,04,16,1,福島,3,02,未勝利,7,芝,0,1200,良,シゲルアカメバル  ,牝,3,高倉稜,54.0,16,12,6,6,0,1,12,70.7,"1107",0,0,0,14,13,35,470,服部利之,栗,0,13103060,01130,01040,0316130212,森中蕃,中村雅明,ファスリエフ,シゲルホープ,フレンチデピュティ,鹿毛,130304,   93.6,  ,    ,52.0
16,04,16,1,福島,3,02,未勝利,7,芝,0,1200,良,プレアマール      ,牝,3,藤田菜七,51.0,16,13,11,11,0,1.4,4,71.1,"1111",0,0,0,2,2,36.8,426,和田雄二,美,0,13103051,01164,01143,0316130213,栗坂崇,中神牧場,ブラックタイド,フェリサティー,タバスコキャット,鹿毛,130330,    8.3,  ,    ,43.2
16,04,16,1,福島,3,02,未勝利,7,芝,0,1200,良,シンボリダルク    ,牝,3,松若風馬,54.0,16,14,7,7,0,1.1,8,70.8,"1108",0,0,0,9,7,35.7,452,高橋亮,栗,0,13100461,01154,01136,0316130214,杉浦和也,シンボリ牧場,シンボリクリスエス,スイートアスペン,シンボリルドルフ,青鹿,130222,   17.5,  ,    ,48.3
16,04,16,1,福島,3,02,未勝利,7,芝,0,1200,良,ルナディミエーレ  ,牝,3,長岡禎仁,52.0,16,15,9,9,0,1.2,5,70.9,"1109",0,0,0,2,2,36.6,506,黒岩陽一,美,0,13106006,01142,01133,0316130215,サンデーレーシング,ノーザンファーム,ファルブラヴ,ハニーハント,エンドスウィープ,栗毛,130209,    8.4,  ,    ,43.7
16,04,16,1,福島,3,02,未勝利,7,芝,0,1200,良,タイムレスメロディ,牝,3,中谷雄太,54.0,16,16,3,3,0,0.4,6,70.1,"1101",0,0,0,5,5,35.3,412,高野友和,栗,130,13105756,01038,01117,0316130216,シルクレーシング,ノーザンファーム,ディープインパクト,アコースティクス,"Cape Cross",鹿毛,130303,   13.7,  ,    ,48.6
16,04,16,1,福島,3,03,未勝利,7,ダ,1,1700,稍,ジョルジオ        ,セ,3,中井裕二,55.0,15,01,3,3,0,0.2,5,109.1,"1491",0,4,3,5,3,38.4,470,中内田充,栗,130,13110098,01141,01137,0316130301,飯田正剛,"Darley & Dr. Masat","Street Cry","Million Gift","Sunday Silence",鹿毛,130416,   15.8,  ,    ,50.4
16,04,16,1,福島,3,03,未勝利,7,ダ,1,1700,稍,ロジネオ          ,牡,3,木幡巧也,53.0,15,02,12,12,0,1.9,13,110.8,"1508",0,15,15,14,13,38.5,522,新開幸一,美,0,13105494,01162,01116,0316130302,久米田正明,社台ファーム,ヴィクトワールピサ,ジャズプリンセス,Bahhare,黒鹿,130318,   71.8,  ,    ,52.4
16,04,16,1,福島,3,03,未勝利,7,ダ,1,1700,稍,ネイチャーレット  ,牡,3,丸山元気,56.0,15,03,6,6,0,0.6,2,109.5,"1495",0,11,8,7,6,38.6,452,根本康広,美,0,13104816,01127,01029,0316130303,井上修一,藤原牧場,タニノギムレット,ネヴァカグラ,アグネスタキオン,鹿毛,130416,    4.2,  ,    ,50.2
16,04,16,1,福島,3,03,未勝利,7,ダ,1,1700,稍,タガノジャパン    ,牡,3,高倉稜,56.0,15,04,10,10,0,1.3,7,110.2,"1502",0,5,5,7,9,39.3,440,岡田稲男,栗,0,13101735,01130,01066,0316130304,八木昌司,八木牧場,ダイワメジャー,タバスコムスメ,タバスコキャット,青鹿,130227,   18.7,  ,    ,48.4
16,04,16,1,福島,3,03,未勝利,7,ダ,1,1700,稍,ボラテリティパズル,牡,3,吉田隼人,56.0,15,05,4,4,0,0.3,8,109.2,"1492",0,1,1,1,1,38.9,548,萩原清,美,75,13105625,01095,01017,0316130305,池谷誠一,社台ファーム,ネオユニヴァース,プリティカウガール,"Gone West",黒鹿,130224,   20.4,  ,    ,48.6
16,04,16,1,福島,3,03,未勝利,7,ダ,1,1700,稍,ピエナクルーズ    ,牡,3,古川吉洋,56.0,15,06,2,2,0,0.1,1,109,"1490",0,7,7,5,3,38.3,448,飯田祐史,栗,200,13105593,01015,01139,0316130306,本谷兼三,社台ファーム,ハービンジャー,ピエナヴィブレ,クロフネ,鹿毛,130224,    2.8,  ,    ,50.7
16,04,16,1,福島,3,03,未勝利,7,ダ,1,1700,稍,チャーミングリリ  ,牝,3,加藤祥太,52.0,15,07,13,13,0,2.8,6,111.7,"1517",0,3,3,3,8,41.2,406,奥村豊,栗,0,13103017,01156,01146,0316130307,杉元四男,高岸順一,プリサイスエンド,サイレントイヴ,アグネスタキオン,鹿毛,130508,   16.3,  ,    ,43.3
16,04,16,1,福島,3,03,未勝利,7,ダ,1,1700,稍,ジェムクオリティ  ,牡,3,西田雄一,56.0,15,08,8,8,0,1.1,10,110,"1500",0,6,5,3,3,39.5,476,大竹正博,美,0,13105924,01004,01102,0316130308,シルクレーシング,ノーザンファーム,フレンチデピュティ,ジェイズジュエリー,リアルシヤダイ,鹿毛,130301,   40.4,  ,    ,47.4
16,04,16,1,福島,3,03,未勝利,7,ダ,1,1700,稍,ユニバーサルソング,牡,3,藤田菜七,53.0,15,09,9,9,0,1.2,9,110.1,"1501",0,8,8,10,10,38.6,530,奥村武,美,0,13104480,01164,01145,0316130309,窪田康志,千代田牧場,ネオユニヴァース,ソングオブプライズ,"Giant's Causeway",鹿毛,130408,   33.7,  ,    ,51.0
16,04,16,1,福島,3,03,未勝利,7,ダ,1,1700,稍,シェイプマイハート,牡,3,松若風馬,56.0,15,10,15,15,0,4.5,12,113.4,"1534",0,14,14,12,15,41.7,536,鮫島一歩,栗,0,13105042,01154,01046,0316130310,二口雅一,上水牧場,ワークフォース,バイオレントハート,ダンスインザダーク,鹿毛,130309,   57.3,  ,    ,43.8
16,04,16,1,福島,3,03,未勝利,7,ダ,1,1700,稍,ナンベーサン      ,牡,3,勝浦正樹,56.0,15,11,5,5,0,0.3,4,109.2,"1492",0,8,8,9,6,38.2,502,伊藤大士,美,50,13100005,01025,01109,0316130311,宮原廣伸,アイズスタッド,スウェプトオーヴァーボード,グロッタアズーラ,フジキセキ,芦毛,130317,    6.6,  ,    ,51.4
16,04,16,1,福島,3,03,未勝利,7,ダ,1,1700,稍,オリエンタルイギー,牡,3,伴啓太,54.0,15,12,1,1,0,-0.1,3,108.9,"1489",0,2,2,2,2,38.6,464,大江原哲,美,500,13101316,01149,01012,0316130312,棚網るみ子,オリエント牧場,グラスワンダー,シルキーグルーヴ,トニービン,栗毛,130305,    6.5,  ,    ,49.3
16,04,16,1,福島,3,03,未勝利,7,ダ,1,1700,稍,テイケイアムール  ,牡,3,田中博康,56.0,15,13,11,11,0,1.6,11,110.5,"1505",0,12,12,10,10,39,520,鮫島一歩,栗,0,13103143,01104,01046,0316130313,兼松忠男,藤春修二,タニノギムレット,ハルカナルタビジ,サクラユタカオー,鹿毛,130408,   41.8,  ,    ,50.0
16,04,16,1,福島,3,03,未勝利,7,ダ,1,1700,稍,グランデボーボー  ,セ,3,杉原誠人,56.0,15,14,7,7,0,1,15,109.9,"1499",0,12,13,12,12,38.2,472,星野忍,美,0,13102471,01135,01030,0316130314,グランデオーナーズ,原口牧場,オンファイア,リボンキッス,エルコンドルパサー,鹿毛,130425,  143.2,  ,    ,52.4
16,04,16,1,福島,3,03,未勝利,7,ダ,1,1700,稍,ゴールデンベリル  ,牡,3,伊藤工真,56.0,15,15,14,14,0,3.1,14,112,"1520",0,10,11,14,14,39.7,458,久保田貴,美,0,13100316,01119,01067,0316130315,村木克子,下河辺牧場,ヴァーミリアン,アンプルカット,ナリタハヤブサ,鹿毛,130320,   80.5,  ,    ,49.3
16,04,16,1,福島,3,04,未勝利・牝,7,芝,0,1800,良,クィーンビー      ,牝,3,藤田菜七,51.0,16,01,14,14,0,2.9,9,112.5,"1525",0,16,16,16,16,36.2,478,和田正道,美,0,13101630,01164,00353,0316130401,和田牧場,対馬正,エンパイアメーカー,キルシュブリューテ,マンハッタンカフェ,鹿毛,130507,   27.1,  ,    ,55.4
16,04,16,1,福島,3,04,未勝利・牝,7,芝,0,1800,良,カドバン          ,牝,3,長岡禎仁,52.0,16,02,9,9,0,1.3,14,110.9,"1509",0,10,10,10,8,35.8,424,岩戸孝樹,美,0,13104443,01142,01051,0316130402,芳賀克也,千代田牧場,タイキシャトル,アールヌーヴォー,ブライアンズタイム,栗毛,130128,  207.1,  ,    ,54.9
16,04,16,1,福島,3,04,未勝利・牝,7,芝,0,1800,良,テーオーピコタン  ,牝,3,鮫島克駿,53.0,16,03,2,2,0,0.3,1,109.9,"1499",0,3,3,5,4,35.5,464,浜田多実,栗,200,13106405,01157,01138,0316130403,小笹公也,ヤナガワ牧場,ダイワメジャー,タイセイエトワール,トニービン,栗毛,130517,    2.4,  ,    ,54.8
16,04,16,1,福島,3,04,未勝利・牝,7,芝,0,1800,良,アカンパニスト    ,牝,3,杉原誠人,54.0,16,04,8,8,0,1.2,7,110.8,"1508",0,3,3,3,4,36.5,442,佐藤吉勝,美,0,13101609,01135,01035,0316130404,片山博志,大栄牧場,ダノンシャンティ,ピアニスト,ホワイトマズル,鹿毛,130310,   18.6,  ,    ,51.8
16,04,16,1,福島,3,04,未勝利・牝,7,芝,0,1800,良,スターズレディ    ,牝,3,北村友一,54.0,16,05,4,4,0,0.5,2,110.1,"1501",0,8,8,7,7,35.4,442,栗田徹,美,75,13105298,01102,01127,0316130405,社台レースホース,追分ファーム,ヴィクトワールピサ,レディマールボロ,"Smoke Glacken",栗毛,130102,    3.7,  ,    ,55.5
16,04,16,1,福島,3,04,未勝利・牝,7,芝,0,1800,良,クレアーリヒ      ,牝,3,伴啓太,52.0,16,06,10,10,0,1.6,12,111.2,"1512",0,15,14,14,14,35.8,442,高柳瑞樹,美,0,13105218,01149,01118,0316130406,社台レースホース,追分ファーム,ハービンジャー,アルメーリヒ,ネオユニヴァース,栗毛,130129,  135.7,  ,    ,55.3
16,04,16,1,福島,3,04,未勝利・牝,7,芝,0,1800,良,ウインマリカ      ,牝,3,木幡巧也,51.0,16,07,11,11,0,1.9,11,111.5,"1515",0,9,9,9,10,36.6,414,宗像義忠,美,0,13101188,01162,00420,0316130407,ウイン,船越伸也,ナカヤマフェスタ,シャインプレジャー,アグネスデジタル,鹿毛,130513,   97.3,  ,    ,52.3
16,04,16,1,福島,3,04,未勝利・牝,7,芝,0,1800,良,プルシアロワイヤル,牝,3,横山和生,54.0,16,08,6,6,0,0.7,8,110.3,"1503",0,12,12,13,10,35,428,小野次郎,美,0,13102202,01140,01125,0316130408,ミルファーム,小河豊水,ジャングルポケット,グレートダンサー,ネオユニヴァース,鹿毛,130409,   23.1,  ,    ,57.6
16,04,16,1,福島,3,04,未勝利・牝,7,芝,0,1800,良,ジスターキ        ,牝,3,津村明秀,54.0,16,09,16,16,0,3.6,6,113.2,"1532",0,1,1,1,1,39.1,472,田村康仁,美,0,13105920,01092,01027,0316130409,シルクレーシング,社台コーポレーショ,ステイゴールド,シーズライクリオ,Boundary,黒鹿,130120,   14.3,  ,    ,44.8
16,04,16,1,福島,3,04,未勝利・牝,7,芝,0,1800,良,フラットアプローチ,牝,3,鮫島良太,54.0,16,10,7,7,0,0.8,10,110.4,"1504",0,11,10,10,10,35.3,482,牧浦充徳,栗,0,13100338,01099,01113,0316130410,下河辺牧場,下河辺牧場,ハービンジャー,シャラポワ,サンデーサイレンス,鹿毛,130328,   51.9,  ,    ,56.4
16,04,16,1,福島,3,04,未勝利・牝,7,芝,0,1800,良,ブリガアルタ      ,牝,3,勝浦正樹,54.0,16,11,1,1,0,-0.3,3,109.6,"1496",0,2,2,2,2,35.4,436,尾形和幸,美,500,13106057,01025,01141,0316130411,サンデーレーシング,ノーザンファーム,コンデュイット,ブリガドーン,サンデーサイレンス,鹿毛,130417,    8.1,  ,    ,54.8
16,04,16,1,福島,3,04,未勝利・牝,7,芝,0,1800,良,アランチャ        ,牝,3,西田雄一,54.0,16,12,12,12,0,2.1,13,111.7,"1517",0,13,13,10,13,36.6,494,武藤善則,美,0,13105421,01004,01064,0316130412,グリーンファーム,社台ファーム,シンボリクリスエス,オレンジブロッサム,サンデーサイレンス,鹿毛,130401,  167.2,  ,    ,52.6
16,04,16,1,福島,3,04,未勝利・牝,7,芝,0,1800,良,マコトクラダリング,牝,3,吉田隼人,54.0,16,13,3,3,0,0.4,5,110,"1500",0,3,3,3,2,35.7,494,鮫島一歩,栗,130,13106086,01095,01046,0316130413,ディアマント,ノーザンファーム,シンボリクリスエス,マコトキンラン,サンデーサイレンス,鹿毛,130217,   13.7,  ,    ,54.1
16,04,16,1,福島,3,04,未勝利・牝,7,芝,0,1800,良,アグリロゼッタ    ,牝,3,木幡初也,51.0,16,14,15,15,0,3.3,15,112.9,"1529",0,6,6,8,8,38.1,384,竹内正洋,美,0,13104092,01153,01152,0316130414,アグリRC,神垣道弘,カンパニー,サイレントビーナス,サンデーサイレンス,栗毛,130316,  283.8,  ,    ,48.2
16,04,16,1,福島,3,04,未勝利・牝,7,芝,0,1800,良,ハロックライン    ,牝,3,石橋脩,54.0,16,15,5,5,0,0.6,4,110.2,"1502",0,6,6,6,4,35.7,416,斎藤誠,美,50,13105667,01077,01086,0316130415,社台レースホース,社台ファーム,キングカメハメハ,ミスティックリバー,サンデーサイレンス,鹿毛,130430,    8.4,  ,    ,54.3
16,04,16,1,福島,3,04,未勝利・牝,7,芝,0,1800,良,ノーブルパンドラ  ,牝,3,丹内祐次,54.0,16,16,13,13,0,2.5,16,112.1,"1521",0,14,14,15,15,36.4,456,松永康利,美,0,13102971,01091,01093,0316130416,吉木伸彦,鮫川啓一,メイショウボーラー,ケイズパステル,ネオユニヴァース,黒鹿,130222,  304.8,  ,    ,54.0
16,04,16,1,福島,3,05,未勝利,7,芝,0,1200,良,ハルク            ,牡,3,加藤祥太,54.0,16,01,8,8,0,1,6,70.6,"1106",0,0,0,7,6,36,478,高橋義忠,栗,0,13101753,01156,01129,0316130501,ダイリン,新冠橋本牧場,ベーカバド,サンデーエイコーン,サンデーサイレンス,鹿毛,130507,   22.9,  ,    ,46.1
16,04,16,1,福島,3,05,未勝利,7,芝,0,1200,良,ルドロージエ      ,牝,3,丹内祐次,54.0,16,02,9,9,0,1,10,70.6,"1106",0,0,0,12,12,35.7,468,小野次郎,美,0,13101942,01091,01125,0316130502,サラブレッドクラブ,ビッグレッドファー,ロージズインメイ,マイネシャンゼリゼ,トウカイテイオー,黒鹿,130309,   41.8,  ,    ,47.8
16,04,16,1,福島,3,05,未勝利,7,芝,0,1200,良,ジングルベルロック,牝,3,中谷雄太,54.0,16,03,5,5,0,0.6,1,70.2,"1102",0,0,0,4,3,35.8,438,高野友和,栗,50,13110036,01038,01117,0316130503,吉田和美,"Mme Elisabeth Vida","Rock of Gibraltar",Puggy,"Mark of Esteem",青鹿,130403,    1.7,  ,    ,46.1
16,04,16,1,福島,3,05,未勝利,7,芝,0,1200,良,クリノアルハンブラ,牝,3,藤田菜七,51.0,16,04,12,12,0,1.4,9,71,"1110",0,0,0,15,14,35.7,460,高市圭二,美,0,13109048,01164,01014,0316130504,栗本博晴,イズモリファーム,ロドリゴデトリアーノ,スプリングダイアナ,メリーナイス,栗毛,130508,   39.4,  ,    ,48.9
16,04,16,1,福島,3,05,未勝利,7,芝,0,1200,良,カゼノシッポ      ,牝,3,津村明秀,54.0,16,05,2,2,0,0.3,5,69.9,"1099",0,0,0,10,8,35.2,430,武藤善則,美,200,13103428,01092,01064,0316130505,酒井牧場,酒井牧場,ジャングルポケット,クリムゾンフレア,サンデーサイレンス,栗毛,130325,   21.6,  ,    ,48.6
16,04,16,1,福島,3,05,未勝利,7,芝,0,1200,良,ヒマラヤキンラン  ,牝,3,原田和真,51.0,16,06,7,7,0,0.8,11,70.4,"1104",0,0,0,4,6,36,428,小桧山悟,美,0,13104520,01143,01005,0316130506,辻大作,千代田牧場,ベーカバド,マイルドスマイル,バブルガムフェロー,鹿毛,130228,   71.9,  ,    ,45.6
16,04,16,1,福島,3,05,未勝利,7,芝,0,1200,良,ボスキャットグレイ,牡,3,吉田隼人,56.0,16,07,6,6,0,0.6,2,70.2,"1102",0,0,0,2,2,36,466,上原博之,美,0,13110135,01095,00423,0316130507,林正道,"Dr. Jerry Bilinski","Discreet Cat","Two Bad Girls",Diablo,芦毛,130128,    4.2,  ,    ,45.0
16,04,16,1,福島,3,05,未勝利,7,芝,0,1200,良,マロンバニラ      ,牝,3,嶋田純次,54.0,16,08,13,13,0,1.7,16,71.3,"1113",0,0,0,7,8,36.7,420,水野貴広,美,0,13102035,01134,01094,0316130508,坂本万夫,村上欽哉,ハービンジャー,ウインルミエール,"Saint Ballado",栗毛,130310,  185.5,  ,    ,44.3
16,04,16,1,福島,3,05,未勝利,7,芝,0,1200,良,フェイス          ,牡,3,北村友一,56.0,16,09,3,3,0,0.5,4,70.1,"1101",0,0,0,2,3,35.8,480,安田隆行,栗,130,13100425,01102,00438,0316130509,金子真人ホールディ,白井牧場,アドマイヤムーン,チリエージェ,サクラバクシンオー,栗毛,130228,   15.3,  ,    ,45.8
16,04,16,1,福島,3,05,未勝利,7,芝,0,1200,良,ナスノフラッシュ  ,牡,3,伊藤工真,56.0,16,10,15,15,0,2,12,71.6,"1116",0,0,0,14,14,36.4,510,和田正道,美,0,13110112,01119,00353,0316130510,那須野牧場,"WinStar Farm LLC","Sidney's Candy",Royalstraightflush,Pulpit,鹿毛,130330,   72.2,  ,    ,46.7
16,04,16,1,福島,3,05,未勝利,7,芝,0,1200,良,インテグリティー  ,牡,3,田中博康,56.0,16,11,14,14,0,1.9,15,71.5,"1115",0,0,0,16,16,35.8,470,高橋義忠,栗,0,13105036,01104,01129,0316130511,前田幸治,上水牧場,アドマイヤムーン,クリミナルコード,"Red Ransom",鹿毛,130416,  139.0,  ,    ,49.7
16,04,16,1,福島,3,05,未勝利,7,芝,0,1200,良,ハミルトンパーク  ,牡,3,木幡巧也,53.0,16,12,4,4,0,0.5,8,70.1,"1101",0,0,0,10,8,35.3,502,牧光二,美,75,13103988,01162,01106,0316130512,コロンバスサークル,岡田スタツド,ジャングルポケット,フランシール,アグネスタキオン,栗毛,130402,   34.8,  ,    ,48.6
16,04,16,1,福島,3,05,未勝利,7,芝,0,1200,良,ノブレジェンド    ,牡,3,長岡禎仁,54.0,16,13,10,10,0,1.2,14,70.8,"1108",0,0,0,7,8,36.2,426,小島茂之,美,0,13102689,01142,01068,0316130513,前田亘輝,猿倉牧場,マンハッタンカフェ,プルームリジェール,Diesis,鹿毛,130223,  134.3,  ,    ,45.6
16,04,16,1,福島,3,05,未勝利,7,芝,0,1200,良,ウインプリマ      ,牝,3,井上敏樹,52.0,16,14,11,11,0,1.2,13,70.8,"1108",0,0,0,13,13,35.7,428,高橋祥泰,美,0,13101440,01151,00359,0316130514,ウイン,コスモヴューファー,メイショウボーラー,ケイアイダンサー,フォーティナイナー,栗毛,130219,  130.1,  ,    ,48.3
16,04,16,1,福島,3,05,未勝利,7,芝,0,1200,良,グラミスキャッスル,牝,3,石橋脩,54.0,16,15,1,1,0,-0.3,3,69.6,"1096",0,0,0,1,1,35.5,452,尾関知人,美,500,13104449,01077,01103,0316130515,飯田良枝,千代田牧場,クロフネ,キャトルセゾン,サンデーサイレンス,鹿毛,130501,    8.0,  ,    ,46.1
16,04,16,1,福島,3,05,未勝利,7,芝,0,1200,良,ヒシヘンリー      ,牡,3,荻野極,53.0,16,16,16,16,0,2.2,7,71.8,"1118",0,0,0,4,5,37.4,478,清水久詞,栗,0,13100036,01160,01110,0316130516,阿部雅英,新井昭二,アドマイヤムーン,キウィダンス,"Timber Country",黒鹿,130406,   24.6,  ,    ,42.0
16,04,16,1,福島,3,06,未勝利,7,芝,0,2000,良,コスモシャンティ  ,牡,3,津村明秀,56.0,16,01,2,2,0,0.6,4,121.2,"2012",0,12,12,8,5,35.8,486,伊藤大士,美,200,13101916,01092,01109,0316130601,ビッグレッドファー,ビッグレッドファー,ダノンシャンティ,スクリーマー,エンドスウィープ,栗毛,130131,    5.7,  ,    ,52.2
16,04,16,1,福島,3,06,未勝利,7,芝,0,2000,良,シュティルヴァルト,牡,3,吉田隼人,56.0,16,02,4,4,0,1,5,121.6,"2016",0,8,8,8,6,36.1,482,栗田徹,美,75,13103947,01095,01127,0316130602,ノルマンディーサラ,岡田スタツド,ジャングルポケット,サイレンスブランド,サンデーサイレンス,栗毛,130408,   11.6,  ,    ,51.5
16,04,16,1,福島,3,06,未勝利,7,芝,0,2000,良,ダートカウボーイ  ,セ,3,宮崎北斗,56.0,16,03,12,12,0,2.7,14,123.3,"2033",0,14,13,12,12,37.5,464,菊沢隆徳,美,0,13104162,01118,01115,0316130603,グランド牧場,グランド牧場,スズカマンボ,プリモスペシャル,フォーティナイナー,鹿毛,130330,  128.6,  ,    ,48.1
16,04,16,1,福島,3,06,未勝利,7,芝,0,2000,良,ジョージフォンテン,牡,3,丹内祐次,56.0,16,04,16,16,0,3.7,16,124.3,"2043",0,8,8,11,12,38.6,456,高橋裕,美,0,13105123,01091,00412,0316130604,吉橋計,登別上水牧場,リンカーン,ジーナフォンテン,ベストタイアップ,鹿毛,130405,  340.3,  ,    ,45.2
16,04,16,1,福島,3,06,未勝利,7,芝,0,2000,良,トライブキング    ,牡,3,和田翼,55.0,16,05,3,3,0,0.8,7,121.4,"2014",0,3,3,3,2,36.4,426,中竹和也,栗,130,13104336,01146,01039,0316130605,前田幸治,タイヘイ牧場,ディープインパクト,ブロームフォンテン,"Cape Cross",鹿毛,130324,   17.9,  ,    ,50.1
16,04,16,1,福島,3,06,未勝利,7,芝,0,2000,良,ニシノジェニー    ,牝,3,木幡巧也,51.0,16,06,10,10,0,2,13,122.6,"2026",0,8,8,8,11,37.1,420,武井亮,美,0,13101140,01162,01147,0316130606,西村亮二,中田牧場,スズカマンボ,ミキ,コマンダーインチーフ,鹿毛,130413,  113.6,  ,    ,48.8
16,04,16,1,福島,3,06,未勝利,7,芝,0,2000,良,セブンスセンス    ,牝,3,杉原誠人,54.0,16,07,11,11,0,2.6,9,123.2,"2032",0,15,15,16,12,36.9,452,矢作芳人,栗,0,13105258,01135,01075,0316130607,G1レーシング,追分ファーム,キングカメハメハ,デインスカヤ,Danehill,鹿毛,130212,   58.4,  ,    ,50.2
16,04,16,1,福島,3,06,未勝利,7,芝,0,2000,良,ジュトゥヴ        ,牝,3,高倉稜,54.0,16,08,8,8,0,1.9,11,122.5,"2025",0,5,5,5,6,37.3,404,岡田稲男,栗,0,13103543,01130,01066,0316130608,谷口牧場,谷口牧場,エンパイアメーカー,フミノサチヒメ,タイキシャトル,鹿毛,130418,   78.8,  ,    ,47.9
16,04,16,1,福島,3,06,未勝利,7,芝,0,2000,良,トロピカルストーム,セ,3,中谷雄太,56.0,16,09,7,7,0,1.2,10,121.8,"2018",0,16,16,12,9,36,436,西村真幸,栗,0,13105912,01038,01148,0316130609,吉田和美,社台コーポレーショ,ハービンジャー,シーサイドブリーズ,サンデーサイレンス,黒鹿,130227,   72.4,  ,    ,52.1
16,04,16,1,福島,3,06,未勝利,7,芝,0,2000,良,スカイムーヴァー  ,牡,3,石橋脩,56.0,16,10,6,6,0,1.1,2,121.7,"2017",0,6,6,7,8,36.4,484,手塚貴久,美,0,13100400,01077,01038,0316130610,星野壽市,下河辺牧場,ディープインパクト,ランフォーイット,"El Prado",青鹿,130323,    4.6,  ,    ,50.4
16,04,16,1,福島,3,06,未勝利,7,芝,0,2000,良,オフリール        ,牝,3,木幡初広,54.0,16,11,15,15,0,3.6,12,124.2,"2042",0,11,11,15,16,38.2,402,田中剛,美,0,13106155,00629,01119,0316130611,落合幸弘,ノーザンファーム,ステイゴールド,リングレット,トニービン,黒鹿,130203,   89.5,  ,    ,46.5
16,04,16,1,福島,3,06,未勝利,7,芝,0,2000,良,エアビートワン    ,牡,3,鮫島克駿,55.0,16,12,9,9,0,2,6,122.6,"2026",0,2,2,2,2,37.7,434,吉村圭司,栗,0,13105396,01157,01130,0316130612,ラッキーフィールド,社台ファーム,ダイワメジャー,エアツイッター,クロフネ,栗毛,130422,   13.6,  ,    ,46.5
16,04,16,1,福島,3,06,未勝利,7,芝,0,2000,良,ルーレットクイーン,牝,3,井上敏樹,52.0,16,13,5,5,0,1.1,1,121.7,"2017",0,3,3,3,2,36.7,424,武井亮,美,50,13103464,01151,01147,0316130613,KTレーシング,昭和牧場,ドリームジャーニー,ペレブラッサム,ダンシングブレーヴ,栗毛,130502,    2.8,  ,    ,49.3
16,04,16,1,福島,3,06,未勝利,7,芝,0,2000,良,マコトガラハッド  ,牡,3,北村友一,56.0,16,14,14,14,0,3.5,15,124.1,"2041",0,13,13,12,15,38.3,492,鮫島一歩,栗,0,13102716,01102,01046,0316130614,ディアマント,出口繁夫,スズカマンボ,マコトコーラン,ブライアンズタイム,鹿毛,130518,  149.6,  ,    ,46.0
16,04,16,1,福島,3,06,未勝利,7,芝,0,2000,良,ステイインハート  ,牝,3,丸田恭介,54.0,16,15,13,13,0,3.1,8,123.7,"2037",0,6,6,5,9,38.5,398,二ノ宮敬,美,0,13105306,01117,00409,0316130615,社台レースホース,社台コーポレーショ,ステイゴールド,アルーリングアクト,"End Sweep",鹿毛,130412,   31.9,  ,    ,44.8
16,04,16,1,福島,3,06,未勝利,7,芝,0,2000,良,ヤマニンリュウセイ,牡,3,丸山元気,56.0,16,16,1,1,0,-0.6,3,120.6,"2006",0,1,1,1,1,35.8,460,栗田博憲,美,500,13101793,01127,00341,0316130616,土井肇,錦岡牧場,ステイゴールド,ヤマニンメルベイユ,メジロマックイーン,栗毛,130209,    5.3,  ,    ,51.5
16,04,16,1,福島,3,07,500万下,23,ダ,1,1150,良,ムラングシャンティ,牝,4,高倉稜,55.0,16,01,15,15,0,1.6,12,71,"1110",0,0,0,9,11,38,476,松元茂樹,栗,0,12102748,01130,00419,0316130701,三宅勝俊,岡田牧場,スウェプトオーヴァーボード,コリンズグラス,グラスワンダー,芦毛,120409,   47.9,  ,    ,44.7
16,04,16,1,福島,3,07,500万下,23,ダ,1,1150,良,カシノキングダム  ,牡,4,二本柳壮,57.0,16,02,16,16,0,1.6,13,71,"1110",0,0,0,12,13,37.8,470,二本柳俊,美,0,12102008,01049,00370,0316130702,柏木務,門別牧場,サウスヴィグラス,レースミストレス,サンデーサイレンス,鹿毛,120509,   68.4,  ,    ,45.8
16,04,16,1,福島,3,07,500万下,23,ダ,1,1150,良,サンビショップ    ,セ,4,古川吉洋,57.0,16,03,5,5,0,0.3,5,69.7,"1097",0,0,0,14,11,36.4,448,谷潔,栗,70,12105677,01015,00431,0316130703,三嶋牧場,吉田又治,メイショウボーラー,トウヨウテースト,ノーザンテースト,栗毛,120505,   12.0,  ,    ,49.8
16,04,16,1,福島,3,07,500万下,23,ダ,1,1150,良,サーティグランド  ,牡,4,中井裕二,56.0,16,04,6,6,0,0.5,7,69.9,"1099",0,0,0,7,7,37.2,510,崎山博樹,栗,0,12102641,01141,00365,0316130704,山上和良,山本昇寿,サウスヴィグラス,サザンカ,"Green Desert",鹿毛,120427,   16.8,  ,    ,45.9
16,04,16,1,福島,3,07,500万下,23,ダ,1,1150,良,エーシンサミット  ,牡,6,長岡禎仁,55.0,16,05,9,9,0,0.9,16,70.3,"1103",0,0,0,12,13,37.2,526,武市康男,美,0,10110098,01142,01089,0316130705,野谷美千,"Centaur Farms Inc.",Montbrook,"My Golden Quest","Coronado's Quest",黒鹿,100406,  309.5,  ,    ,47.1
16,04,16,1,福島,3,07,500万下,23,ダ,1,1150,良,リリーヴィクトリー,牡,4,北村友一,57.0,16,06,2,2,0,0.2,4,69.6,"1096",0,0,0,4,3,37.4,500,池添兼雄,栗,280,12105587,01102,01021,0316130706,土井孝夫,三嶋牧場,マンハッタンカフェ,マルヴァーンスプリング,"Silver Deputy",黒鹿,120228,   10.7,  ,    ,43.9
16,04,16,1,福島,3,07,500万下,23,ダ,1,1150,良,ドラゴンスパン    ,牡,5,木幡巧也,54.0,16,07,10,10,0,0.9,6,70.3,"1103",0,0,0,9,9,37.4,474,久保田貴,美,0,11110011,01162,01067,0316130707,窪田康志,"Brandywine Farm &","Hard Spun",Ammalu,"Boston Harbor",黒鹿,110223,   15.0,  ,    ,46.0
16,04,16,1,福島,3,07,500万下,23,ダ,1,1150,良,スズカブリザード  ,牡,10,藤懸貴志,57.0,16,08,12,12,0,1.1,14,70.5,"1105",0,0,0,15,16,36.9,498,坪憲章,栗,0,06106231,01138,00361,0316130708,永井啓弍,稲原牧場,ラスカルスズカ,ブリイジースズカ,Danzig,鹿毛,060528,  138.8,  ,    ,49.3
16,04,16,1,福島,3,07,500万下,23,ダ,1,1150,良,ジャストザヨコハマ,牡,4,丸山元気,57.0,16,09,13,13,0,1.2,8,70.6,"1106",0,0,0,2,4,38.6,514,牧浦充徳,栗,0,12109095,01127,01113,0316130709,ジャスト・タイムク,恵比寿興業株式会社,プリサイスエンド,カクテル,"Most Welcome",栗毛,120415,   17.1,  ,    ,40.4
16,04,16,1,福島,3,07,500万下,23,ダ,1,1150,良,キングヴァラール  ,牡,4,川須栄彦,57.0,16,10,7,7,0,0.7,3,70.1,"1101",0,0,0,4,4,38,514,羽月友彦,栗,0,12106042,01128,01091,0316130710,阿部東亜子,バンブー牧場,キングカメハメハ,トロピカルナイト,サンデーサイレンス,黒鹿,120227,    8.2,  ,    ,42.2
16,04,16,1,福島,3,07,500万下,23,ダ,1,1150,良,ナミノリゴリラ    ,牝,4,伴啓太,53.0,16,11,14,14,0,1.5,2,70.9,"1109",0,0,0,6,6,38.5,462,高橋祥泰,美,0,12101124,01149,00359,0316130711,小田切光,大江牧場,スウェプトオーヴァーボード,アドマイヤバレー,サンデーサイレンス,黒鹿,120509,    5.7,  ,    ,41.8
16,04,16,1,福島,3,07,500万下,23,ダ,1,1150,良,メイショウボノム  ,牡,4,吉田隼人,57.0,16,12,3,3,0,0.3,9,69.7,"1097",0,0,0,1,1,37.8,470,松永昌博,栗,180,12103504,01095,01083,0316130712,松本好雄,藤原牧場,キンシャサノキセキ,テンザンストーム,"Storm Cat",鹿毛,120407,   17.6,  ,    ,42.1
16,04,16,1,福島,3,07,500万下,23,ダ,1,1150,良,ニシノイナズマ    ,牡,5,勝浦正樹,57.0,16,13,4,4,0,0.3,10,69.7,"1097",0,0,0,7,7,37,500,松山将樹,美,110,11103732,01025,01100,0316130713,西山茂行,川上牧場,スウェプトオーヴァーボード,ブロードスマイル,ブライアンズタイム,芦毛,110307,   26.3,  ,    ,46.4
16,04,16,1,福島,3,07,500万下,23,ダ,1,1150,良,ミスズモンブラン  ,牡,5,和田翼,56.0,16,14,8,8,0,0.8,11,70.2,"1102",0,0,0,9,9,37.3,486,加藤敬二,栗,0,11102353,01146,00379,0316130714,永井啓弍,友田牧場,ブライアンズタイム,モンターニュドール,ヘネシー,栗毛,110311,   43.7,  ,    ,46.2
16,04,16,1,福島,3,07,500万下,23,ダ,1,1150,良,ハッピーセーラー  ,牝,5,横山和生,55.0,16,15,11,11,0,0.9,15,70.3,"1103",0,0,0,16,15,36.6,486,石栗龍彦,美,0,11100650,01140,01043,0316130715,小林英一ホールディ,出口牧場,ダンスインザダーク,ブライドウッド,Danzig,鹿毛,110225,  221.1,  ,    ,50.4
16,04,16,1,福島,3,07,500万下,23,ダ,1,1150,良,セトアロー        ,牡,5,松若風馬,57.0,16,16,1,1,0,-0.2,1,69.4,"1094",0,0,0,2,2,37.4,540,森秀行,栗,700,11110010,01154,00427,0316130716,難波澄子,"Stonestreet Thorou",Curlin,Ramatuelle,"Jeune Homme",鹿毛,110222,    2.3,  ,    ,43.3
16,04,16,1,福島,3,08,500万下・若,23,ダ,1,1700,良,ハッピーメモリーズ,牡,5,原田和真,54.0,15,01,2,2,0,0,5,107.1,"1471",0,13,14,12,7,38.1,482,大根田裕,栗,280,11106424,01143,01032,0316130801,石瀬浩三,競優牧場,アルカセット,フローラルジュノー,タイキシャトル,芦毛,110304,   11.5,  ,    ,48.8
16,04,16,1,福島,3,08,500万下・若,23,ダ,1,1700,良,レイズオブザサン  ,牡,7,藤懸貴志,57.0,15,02,4,4,0,0.5,2,107.6,"1476",0,13,12,8,9,38.8,446,服部利之,栗,110,09101598,01138,01040,0316130802,吉田修,タガミファーム,スパイキュール,レイオブライト,ウイニングチケット,黒鹿,090418,    4.9,  ,    ,46.7
16,04,16,1,福島,3,08,500万下・若,23,ダ,1,1700,良,メイショウヤギリ  ,牡,4,和田翼,56.0,15,03,6,6,0,0.8,9,107.9,"1479",0,3,2,2,1,40,482,池添学,栗,0,12106436,01146,01144,0316130803,松本好雄,日西牧場,ショウナンカンプ,メイショウエレノア,プリサイスエンド,黒鹿,120408,   19.3,  ,    ,42.6
16,04,16,1,福島,3,08,500万下・若,23,ダ,1,1700,良,デュアルフレイム  ,牡,4,木幡巧也,54.0,15,04,9,9,0,0.9,1,108,"1480",0,6,6,5,4,39.6,460,杉浦宏昭,美,0,12104372,01162,01008,0316130804,社台レースホース,社台ファーム,フレンチデピュティ,ブローザキャンドル,サンデーサイレンス,栗毛,120503,    4.6,  ,    ,44.2
16,04,16,1,福島,3,08,500万下・若,23,ダ,1,1700,良,モシモシ          ,牝,6,杉原誠人,55.0,15,05,3,3,0,0.1,12,107.2,"1472",0,15,15,14,7,38.1,420,高橋祥泰,美,180,10106531,01135,00359,0316130805,小田切有一,木村牧場,ジャングルポケット,ワナ,フジキセキ,黒鹿,100508,   32.8,  ,    ,48.9
16,04,16,1,福島,3,08,500万下・若,23,ダ,1,1700,良,レッドグルック    ,牡,5,木幡初也,54.0,15,06,7,7,0,0.8,7,107.9,"1479",0,9,8,5,4,39.5,484,手塚貴久,美,0,11104222,01153,01038,0316130806,東京ホースレーシン,社台ファーム,メイショウサムソン,クラシカルテースト,サンデーサイレンス,鹿毛,110426,   14.1,  ,    ,44.5
16,04,16,1,福島,3,08,500万下・若,23,ダ,1,1700,良,ジュリエッタ      ,牝,4,鮫島克駿,54.0,15,07,15,15,0,4.9,10,112,"1520",0,2,3,8,15,43.3,444,大久保龍,栗,0,12105183,01157,01058,0316130807,中辻明,川越ファーム,エンパイアメーカー,アクアブルーマーチ,タイキシャトル,鹿毛,120324,   24.4,  ,    ,36.5
16,04,16,1,福島,3,08,500万下・若,23,ダ,1,1700,良,ワンダーエターナル,牡,5,森裕太朗,54.0,15,08,13,13,0,1.9,15,109,"1490",0,8,8,12,13,40.1,452,羽月友彦,栗,0,11101523,01165,01091,0316130808,山本信行,水丸牧場,アルカセット,タケショウティアラ,ニホンピロウイナー,鹿毛,110520,  135.2,  ,    ,43.7
16,04,16,1,福島,3,08,500万下・若,23,ダ,1,1700,良,ファイアフライ    ,牝,4,横山和生,55.0,15,09,12,12,0,1.7,14,108.8,"1488",0,12,12,14,13,39.7,444,奥村武,美,0,12101534,01140,01145,0316130809,坂本浩一,ダーレー・ジャパン,パイロ,ギフトオブソング,"Unbridled's Song",栗毛,120320,  109.1,  ,    ,44.9
16,04,16,1,福島,3,08,500万下・若,23,ダ,1,1700,良,ベラフォレスタ    ,牝,5,井上敏樹,53.0,15,10,8,8,0,0.9,6,108,"1480",0,3,4,5,9,39.5,476,中舘英二,美,0,11104475,01151,01153,0316130810,社台レースホース,社台ファーム,ゼンノロブロイ,ラスリングカプス,Woodman,黒鹿,110323,   11.7,  ,    ,44.6
16,04,16,1,福島,3,08,500万下・若,23,ダ,1,1700,良,ヒラボクカイザー  ,牡,4,長岡禎仁,55.0,15,11,11,11,0,1,8,108.1,"1481",0,9,10,8,11,39.3,470,大竹正博,美,0,12105846,01142,01102,0316130811,平田牧場,高昭牧場,キングカメハメハ,カネトシディザイア,フジキセキ,黒鹿,120313,   17.8,  ,    ,45.5
16,04,16,1,福島,3,08,500万下・若,23,ダ,1,1700,良,チョウエンペラー  ,牡,5,藤田菜七,54.0,15,12,5,5,0,0.6,3,107.7,"1477",0,5,5,4,4,39.4,452,日吉正和,栗,70,11101588,01164,01122,0316130812,丸山隆雄,森政巳,トーホウエンペラー,エイシンシグマ,エイシンサンディ,栗毛,110429,    5.3,  ,    ,44.6
16,04,16,1,福島,3,08,500万下・若,23,ダ,1,1700,良,ウエバフラッシュ  ,牝,4,加藤祥太,53.0,15,13,14,14,0,2.5,11,109.6,"1496",0,1,1,1,2,41.8,490,牧田和弥,栗,0,12103847,01156,01123,0316130813,上羽浩平,高橋農場,ダイワメジャー,ダイアモンドコア,ジェイドロバリー,栗毛,120513,   24.7,  ,    ,38.5
16,04,16,1,福島,3,08,500万下・若,23,ダ,1,1700,良,トウケイアロー    ,牡,5,荻野極,54.0,15,14,1,1,0,0,4,107.1,"1471",0,6,6,3,2,38.9,466,松下武士,栗,700,11102617,01160,01149,0316130814,木村信彦,増本牧場,オンファイア,グリーンサンライズ,サツカーボーイ,鹿毛,110315,    6.4,  ,    ,45.6
16,04,16,1,福島,3,08,500万下・若,23,ダ,1,1700,良,トラヴィス        ,牡,5,伴啓太,55.0,15,15,10,10,0,0.9,13,108,"1480",0,9,11,8,11,39.3,480,山内研二,栗,0,11100688,01149,00388,0316130815,ターフ・スポート,ナカノファーム,ステイゴールド,スターフェスタ,エリシオ,鹿毛,110225,   83.6,  ,    ,45.4
16,04,16,1,福島,3,09,500万下・牝,23,芝,0,1800,良,プレスクアイル    ,牝,4,石橋脩,55.0,16,01,6,6,0,0.5,8,107.9,"1479",0,15,14,14,13,36,480,木村哲也,美,0,12104502,01077,01126,0316130901,吉田勝己,ノーザンファーム,ゼンノロブロイ,アイルドフランス,Nureyev,黒鹿,120412,   20.7,  ,    ,49.9
16,04,16,1,福島,3,09,500万下・牝,23,芝,0,1800,良,レッドベリンダ    ,牝,4,吉田隼人,55.0,16,02,7,7,0,0.5,2,107.9,"1479",0,10,11,11,12,36.2,440,古賀慎明,美,0,12104365,01095,01079,0316130902,東京ホースレーシン,社台ファーム,ハーツクライ,フローリオット,Monsun,鹿毛,120325,    4.9,  ,    ,49.0
16,04,16,1,福島,3,09,500万下・牝,23,芝,0,1800,良,ティックルゴールド,牝,5,勝浦正樹,55.0,16,03,2,2,0,0,1,107.4,"1474",0,7,8,11,8,35.8,454,田島俊明,美,280,11103636,01025,01112,0316130903,シルクレーシング,社台コーポレーショ,ステイゴールド,ティックルピンク,フレンチデピュティ,鹿毛,110405,    3.1,  ,    ,50.0
16,04,16,1,福島,3,09,500万下・牝,23,芝,0,1800,良,イタリアンフェッテ,牝,5,木幡巧也,52.0,16,04,9,9,0,1.1,10,108.5,"1485",0,16,16,16,13,36.2,410,中野栄治,美,0,11101086,01162,01010,0316130904,芳賀克也,高橋啓,ヨハネスブルグ,インカルネ,フレンチデピュティ,鹿毛,110115,   34.0,  ,    ,49.9
16,04,16,1,福島,3,09,500万下・牝,23,芝,0,1800,良,タカラフローリック,牝,5,加藤祥太,53.0,16,05,16,16,0,3.5,14,110.9,"1509",0,1,1,1,2,40.1,484,国枝栄,美,0,11104282,01156,00399,0316130905,村山義男,社台ファーム,マンハッタンカフェ,スモークンフローリック,"Smoke Glacken",芦毛,110208,   92.8,  ,    ,38.3
16,04,16,1,福島,3,09,500万下・牝,23,芝,0,1800,良,ヴェルジョワーズ  ,牝,5,伊藤工真,55.0,16,06,5,5,0,0.5,5,107.9,"1479",0,10,11,7,4,36.5,454,勢司和浩,美,70,11103650,01119,01047,0316130906,サンデーレーシング,社台コーポレーショ,ネオユニヴァース,ビートリックスキッド,"Victory Note",鹿毛,110117,    8.8,  ,    ,47.8
16,04,16,1,福島,3,09,500万下・牝,23,芝,0,1800,良,ノーブルルージュ  ,牝,4,高倉稜,55.0,16,07,12,12,0,1.4,4,108.8,"1488",0,2,2,2,1,37.9,450,宮本博,栗,0,12102006,01130,01073,0316130907,吉木伸彦,門別牧場,ショウナンカンプ,スプラッシュビート,タイキブリザード,黒鹿,120323,    7.5,  ,    ,43.5
16,04,16,1,福島,3,09,500万下・牝,23,芝,0,1800,良,スペランツァデーア,牝,5,川須栄彦,55.0,16,08,1,1,0,0,3,107.4,"1474",0,13,13,11,8,35.7,440,牧田和弥,栗,700,11104170,01128,01123,0316130908,吉田照哉,社台ファーム,マンハッタンカフェ,ウェイクアップマギー,Xaar,黒鹿,110321,    7.2,  ,    ,50.4
16,04,16,1,福島,3,09,500万下・牝,23,芝,0,1800,良,ソムニアシチー    ,牝,6,井上敏樹,53.0,16,09,14,14,0,2.3,12,109.7,"1497",0,4,3,7,13,38.3,446,谷原義明,美,0,10100190,01151,00402,0316130909,友駿ホースクラブ,幾千世牧場,メイショウサムソン,エレアシチー,エルコンドルパサー,鹿毛,100407,   54.5,  ,    ,43.2
16,04,16,1,福島,3,09,500万下・牝,23,芝,0,1800,良,ハートオブジュン  ,牝,5,長岡禎仁,53.0,16,10,10,10,0,1.2,13,108.6,"1486",0,6,5,7,8,37.2,468,松山将樹,美,0,11105788,01142,01100,0316130910,広富牧場,信成牧場,ハーツクライ,ロイヤルキャニオン,ラストタイクーン,鹿毛,110408,   84.8,  ,    ,46.0
16,04,16,1,福島,3,09,500万下・牝,23,芝,0,1800,良,マンディスキュア  ,牝,5,藤田菜七,52.0,16,11,4,4,0,0.4,9,107.8,"1478",0,7,8,7,6,36.4,470,高市圭二,美,110,11100808,01164,01014,0316130911,広富牧場,広富牧場,シンボリクリスエス,マンリーポッケ,タヤスツヨシ,黒鹿,110310,   30.7,  ,    ,48.1
16,04,16,1,福島,3,09,500万下・牝,23,芝,0,1800,良,ミューラルクラウン,牝,5,中谷雄太,55.0,16,12,15,15,0,3.5,15,110.9,"1509",0,7,5,3,6,39.9,484,和田正一,美,0,11104221,01038,01114,0316130912,グリーンファーム,社台ファーム,ホワイトマズル,クラウンプリンセス,スペシャルウィーク,青鹿,110316,  128.7,  ,    ,39.0
16,04,16,1,福島,3,09,500万下・牝,23,芝,0,1800,良,サグレス          ,牝,5,黛弘人,55.0,16,13,13,13,0,1.7,7,109.1,"1491",0,3,3,4,8,37.9,474,奥平雅士,美,0,11103815,01109,01074,0316130913,キャロットファーム,ノーザンファーム,フジキセキ,カラベルラティーナ,クロフネ,黒鹿,110122,   18.4,  ,    ,43.9
16,04,16,1,福島,3,09,500万下・牝,23,芝,0,1800,良,エクストラファイン,牝,4,丸山元気,55.0,16,14,3,3,0,0.2,6,107.6,"1476",0,10,10,4,2,36.4,452,矢野英一,美,180,12104281,01127,01108,0316130914,グリーンファーム,社台ファーム,シンボリクリスエス,ダノンスペシャル,スペシャルウィーク,鹿毛,120213,    8.8,  ,    ,47.8
16,04,16,1,福島,3,09,500万下・牝,23,芝,0,1800,良,アローシルバー    ,牝,4,北村友一,55.0,16,15,11,11,0,1.2,11,108.6,"1486",0,4,5,4,4,37.3,474,高橋康之,栗,0,12101328,01102,01135,0316130915,佐々木孝之,下河辺牧場,スペシャルウィーク,クリアーパス,"A.P. Indy",栗毛,120220,   50.9,  ,    ,45.6
16,04,16,1,福島,3,09,500万下・牝,23,芝,0,1800,良,エストレージャ    ,牝,4,伴啓太,53.0,16,16,8,8,0,0.9,16,108.3,"1483",0,13,15,14,13,36.4,492,栗田徹,美,0,12104877,01149,01127,0316130916,キャロットファーム,ノーザンファーム,シンボリクリスエス,メガクライト,アグネスタキオン,黒鹿,120322,  170.8,  ,    ,48.8
16,04,16,1,福島,3,10,燧ヶ岳特500,23,芝,0,2600,良,チャリシー        ,牝,4,勝浦正樹,55.0,16,01,7,7,0,0.3,6,161.8,"2418",0,6,5,6,6,35.8,500,小西一男,美,0,12104801,01025,00405,0316131001,吉田勝己,ノーザンファーム,ハービンジャー,ブリガドーン,サンデーサイレンス,鹿毛,120218,   10.6,  ,    ,55.6
16,04,16,1,福島,3,10,燧ヶ岳特500,23,芝,0,2600,良,ピースワンポイント,牡,4,長岡禎仁,57.0,16,02,15,15,0,1.2,16,162.7,"2427",0,6,5,12,14,36.3,504,松山将樹,美,0,12106238,01142,01100,0316131002,長谷川成利,昭和牧場,ダンスインザダーク,レッドダイヤモンド,エルハーブ,黒鹿,120520,  189.3,  ,    ,54.5
16,04,16,1,福島,3,10,燧ヶ岳特500,23,芝,0,2600,良,マスタープラマー  ,牡,4,井上敏樹,57.0,16,03,8,8,0,0.5,11,162,"2420",0,9,9,12,12,35.6,450,栗田博憲,美,0,12103641,01151,00341,0316131003,岡田牧雄,岡田スタツド,コンデュイット,スマーティコジーン,Cozzene,栗毛,120512,   55.6,  ,    ,56.5
16,04,16,1,福島,3,10,燧ヶ岳特500,23,芝,0,2600,良,テンカイチ        ,牡,6,田中博康,57.0,16,04,10,10,0,0.9,12,162.4,"2424",0,15,15,12,14,36,450,高橋文雅,美,0,10101971,01104,01134,0316131004,大原詔宏,大原ファーム,リンカーン,ニュウモダン,オペラハウス,鹿毛,100218,   68.7,  ,    ,55.3
16,04,16,1,福島,3,10,燧ヶ岳特500,23,芝,0,2600,良,トーカティヴ      ,セ,4,木幡巧也,57.0,16,05,12,12,0,1.1,13,162.6,"2426",0,14,14,10,11,36.3,438,小島太,美,0,12101569,01162,01013,0316131005,H.H.シェイク・モハ,ダーレー・ジャパン,ストーミングホーム,トークショウ,Diktat,青鹿,120131,   69.2,  ,    ,54.4
16,04,16,1,福島,3,10,燧ヶ岳特500,23,芝,0,2600,良,スリーヴェローチェ,牡,7,加藤祥太,57.0,16,06,3,3,0,0.2,9,161.7,"2417",0,9,9,9,6,35.5,468,石橋守,栗,240,09103736,01156,01140,0316131006,永井商事,武牧場,ダイワメジャー,スリーローマン,ブライアンズタイム,鹿毛,090215,   24.4,  ,    ,56.6
16,04,16,1,福島,3,10,燧ヶ岳特500,23,芝,0,2600,良,メイアルーア      ,牡,4,古川吉洋,57.0,16,07,1,1,0,0,5,161.5,"2415",0,11,11,6,4,35.4,482,伊藤大士,美,950,12104576,01015,01109,0316131007,キャロットファーム,社台コーポレーショ,スペシャルウィーク,カニョット,"Sunray Spirit",栗毛,120220,    9.4,  ,    ,56.9
16,04,16,1,福島,3,10,燧ヶ岳特500,23,芝,0,2600,良,バトルクライス    ,牡,4,丸山元気,57.0,16,08,6,6,0,0.3,2,161.8,"2418",0,3,3,4,4,35.9,462,吉村圭司,栗,0,12103341,01127,01130,0316131008,宮川秋信,西村和夫,クロフネ,バトルマドカ,スペシャルウィーク,鹿毛,120313,    5.1,  ,    ,55.2
16,04,16,1,福島,3,10,燧ヶ岳特500,23,芝,0,2600,良,ウインステージ    ,牝,5,高倉稜,55.0,16,09,9,9,0,0.8,15,162.3,"2423",0,12,12,15,16,35.7,394,池上昌和,美,0,11104736,01130,01150,0316131009,ウイン,コスモヴューファー,コンデュイット,マイネレプリーク,アフリート,栗毛,110212,  159.8,  ,    ,56.4
16,04,16,1,福島,3,10,燧ヶ岳特500,23,芝,0,2600,良,ベルメール        ,牝,4,松若風馬,55.0,16,10,16,16,0,3.2,14,164.7,"2447",0,1,1,1,6,39.1,494,水野貴広,美,0,12100779,01154,01094,0316131010,畑佐博,細川農場,ハーツクライ,エンドレスウェルズ,エンドスウィープ,鹿毛,120212,  106.6,  ,    ,46.4
16,04,16,1,福島,3,10,燧ヶ岳特500,23,芝,0,2600,良,ウインブルーローズ,牡,4,津村明秀,57.0,16,11,4,4,0,0.2,4,161.7,"2417",0,13,12,10,6,35.4,472,高橋祥泰,美,140,12106200,01092,00359,0316131011,ウイン,鎌田正嗣,キンシャサノキセキ,ハリウッドローズ,ラムタラ,鹿毛,120522,    6.5,  ,    ,57.0
16,04,16,1,福島,3,10,燧ヶ岳特500,23,芝,0,2600,良,ナンヨーテンプル  ,牡,4,黛弘人,57.0,16,12,2,2,0,0,7,161.5,"2415",0,8,8,6,2,35.5,480,奥平雅士,美,380,12102939,01109,01074,0316131012,中村徳也,桜井牧場,ゼンノロブロイ,ハイカックウ,"High Chaparral",黒鹿,120324,   17.2,  ,    ,56.5
16,04,16,1,福島,3,10,燧ヶ岳特500,23,芝,0,2600,良,コパノハミルトン  ,牡,4,丸田恭介,57.0,16,13,11,11,0,1,10,162.5,"2425",0,15,15,15,12,35.9,486,上原博之,美,0,12103404,01117,00423,0316131013,小林祥晃,服部牧場,ブラックタイド,マークリマニッシュ,アンバーシヤダイ,黒鹿,120303,   44.2,  ,    ,55.8
16,04,16,1,福島,3,10,燧ヶ岳特500,23,芝,0,2600,良,マイネルカレッツァ,牡,4,石橋脩,57.0,16,14,13,13,0,1.1,1,162.6,"2426",0,2,2,2,1,37,490,中舘英二,美,0,12101430,01077,01153,0316131014,サラブレッドクラブ,白井牧場,ステイゴールド,ポップコーンプリンセス,"Old Trieste",黒鹿,120522,    3.2,  ,    ,51.8
16,04,16,1,福島,3,10,燧ヶ岳特500,23,芝,0,2600,良,キーフォーサクセス,牡,4,吉田隼人,57.0,16,15,5,5,0,0.3,8,161.8,"2418",0,3,3,3,2,36,444,田中剛,美,95,12104289,01095,01119,0316131015,社台レースホース,社台ファーム,キングカメハメハ,ダンスパートナー,サンデーサイレンス,黒鹿,120505,   21.5,  ,    ,54.8
16,04,16,1,福島,3,10,燧ヶ岳特500,23,芝,0,2600,良,ウインレーベン    ,牡,5,丹内祐次,57.0,16,16,14,14,0,1.2,3,162.7,"2427",0,5,5,4,6,36.8,454,中村均,栗,0,11106314,01091,00261,0316131016,ウイン,モリナガファーム,ハーツクライ,ユーワジョイナー,ミルジヨージ,青鹿,110423,    6.0,  ,    ,52.6
16,04,16,1,福島,3,11,ラジオＨ1000,43,ダ,1,1150,良,ベストリーダー    ,牝,5,井上敏樹,53.0,16,01,7,7,0,0.8,7,69.3,"1093",0,0,0,1,1,37.4,454,中舘英二,美,0,11103571,01151,01153,0316131101,社台レースホース,社台コーポレーショ,ゼンノロブロイ,ヴェストリーレディ,Vicar,栗毛,110421,   23.9,  ,    ,43.0
16,04,16,1,福島,3,11,ラジオＨ1000,43,ダ,1,1150,良,スズカプリオール  ,牡,5,長岡禎仁,54.0,16,02,4,4,0,0.4,15,68.9,"1089",0,0,0,5,4,36.7,500,柄崎孝,美,210,11105905,01142,00380,0316131102,永井啓弍,辻牧場,プリサイスエンド,ヘイローマジック,キングヘイロー,鹿毛,110313,   95.1,  ,    ,45.7
16,04,16,1,福島,3,11,ラジオＨ1000,43,ダ,1,1150,良,スキースクール    ,牝,4,丸山元気,52.0,16,03,11,11,0,1,12,69.5,"1095",0,0,0,14,16,36.7,472,西浦勝一,栗,0,12101555,01127,01016,0316131103,H.H.シェイク・モハ,ダーレー・ジャパン,パイロ,スノーキトゥン,"Storm Cat",青鹿,120112,   43.6,  ,    ,47.5
16,04,16,1,福島,3,11,ラジオＨ1000,43,ダ,1,1150,良,ショコラブラン    ,牡,4,丸田恭介,57.0,16,04,1,1,0,-0.2,2,68.5,"1085",0,0,0,5,6,36.3,470,浅見秀一,栗,1400,12104108,01117,00411,0316131104,社台レースホース,社台ファーム,クロフネ,アグネスショコラ,サンデーサイレンス,芦毛,120321,    4.0,  ,    ,46.8
16,04,16,1,福島,3,11,ラジオＨ1000,43,ダ,1,1150,良,オーガンディー    ,牝,5,加藤祥太,51.0,16,05,12,12,0,1.4,16,69.9,"1099",0,0,0,5,8,37.7,448,和田雄二,美,0,11101785,01156,01143,0316131105,栗坂崇,岡田スタツド,フレンチデピュティ,ラソーミュロワーズ,Kendor,芦毛,110316,  139.3,  ,    ,43.2
16,04,16,1,福島,3,11,ラジオＨ1000,43,ダ,1,1150,良,ドリームカイザー  ,牡,5,川須栄彦,53.0,16,06,6,6,0,0.4,9,68.9,"1089",0,0,0,11,8,36.4,512,飯田雄三,栗,0,11100080,01128,01050,0316131106,ライオンレースホー,浦新徳司,キングカメハメハ,サルガソシー,Affirmed,栗毛,110214,   30.4,  ,    ,47.4
16,04,16,1,福島,3,11,ラジオＨ1000,43,ダ,1,1150,良,フライングニンバス,牝,4,吉田隼人,55.0,16,07,2,2,0,0.2,1,68.7,"1087",0,0,0,2,2,36.7,508,野中賢二,栗,560,12110066,01095,01098,0316131107,橋元勇氣,"Glendalough LLC","Awesome Again","Ryan's Inheritance","Valid Expectations",鹿毛,120307,    2.8,  ,    ,45.1
16,04,16,1,福島,3,11,ラジオＨ1000,43,ダ,1,1150,良,チェリーサマー    ,牡,4,勝浦正樹,55.0,16,08,8,8,0,0.9,5,69.4,"1094",0,0,0,16,15,36.5,514,小西一男,美,0,12105737,01025,00405,0316131108,櫻井悦朗,イーストファーム,チェリークラウン,チェリーノコイビト,スクワートルスクワート,鹿毛,120430,   15.9,  ,    ,48.3
16,04,16,1,福島,3,11,ラジオＨ1000,43,ダ,1,1150,良,セイウンチカラ    ,牡,6,藤田菜七,54.0,16,09,15,15,0,2,10,70.5,"1105",0,0,0,5,8,38.3,496,根本康広,美,0,10102077,01164,01029,0316131109,成田隆好,高昭牧場,サニングデール,ニシノアズール,エルコンドルパサー,鹿毛,100322,   37.2,  ,    ,41.7
16,04,16,1,福島,3,11,ラジオＨ1000,43,ダ,1,1150,良,ワキノハガクレ    ,牡,4,津村明秀,54.0,16,10,5,5,0,0.4,11,68.9,"1089",0,0,0,14,13,36.1,422,松下武士,栗,140,12100662,01092,01149,0316131110,脇山良之,平山牧場,ハーツクライ,ホーリーグレイル,ブライアンズタイム,黒鹿,120419,   39.8,  ,    ,49.1
16,04,16,1,福島,3,11,ラジオＨ1000,43,ダ,1,1150,良,ワンダフルラスター,牡,4,松若風馬,54.0,16,11,16,16,0,2,6,70.5,"1105",0,0,0,11,13,38,520,音無秀孝,栗,0,12110092,01154,01002,0316131111,シルクレーシング,"Spendthrift Farm L","Tiz Wonderful","Greer Lynn",Speightstown,鹿毛,120126,   21.7,  ,    ,43.3
16,04,16,1,福島,3,11,ラジオＨ1000,43,ダ,1,1150,良,ナリタモード      ,牝,5,藤懸貴志,54.0,16,12,9,9,0,1,8,69.5,"1095",0,0,0,2,3,37.5,440,藤沢則雄,栗,0,11105586,01138,01041,0316131112,オースミ,江渡繁治,ナリタセンチュリー,ナリタルナパーク,ブライアンズタイム,栗毛,110415,   25.7,  ,    ,43.1
16,04,16,1,福島,3,11,ラジオＨ1000,43,ダ,1,1150,良,アヴァール        ,牝,5,和田翼,52.0,16,13,10,10,0,1,13,69.5,"1095",0,0,0,11,8,37.1,446,牧浦充徳,栗,0,11103486,01146,01113,0316131113,前原敏行,チャンピオンズファ,キングカメハメハ,ミッションヒルズ,アグネスデジタル,栗毛,110318,   49.8,  ,    ,45.3
16,04,16,1,福島,3,11,ラジオＨ1000,43,ダ,1,1150,良,アレット          ,セ,5,石橋脩,56.0,16,14,3,3,0,0.3,3,68.8,"1088",0,0,0,2,4,36.8,510,岡田稲男,栗,350,11100590,01077,01066,0316131114,ゴドルフィン,ダーレー・ジャパン,コマンズ,プリムローズレーン,サンデーサイレンス,青毛,110501,    5.1,  ,    ,44.9
16,04,16,1,福島,3,11,ラジオＨ1000,43,ダ,1,1150,良,タガノヴェルリー  ,牝,4,北村友一,53.0,16,15,14,14,0,1.9,4,70.4,"1104",0,0,0,5,7,38.2,446,今野貞一,栗,0,12100511,01102,01128,0316131115,八木良司,新冠タガノファーム,ホワイトマズル,タガノデムジュール,ストラヴィンスキー,鹿毛,120116,    8.6,  ,    ,42.0
16,04,16,1,福島,3,11,ラジオＨ1000,43,ダ,1,1150,良,テイエムシャンパン,牡,4,古川吉洋,54.0,16,16,13,13,0,1.6,14,70.1,"1101",0,0,0,10,8,37.8,470,山内研二,栗,0,12102082,01015,00388,0316131116,竹園正繼,協栄組合,スウェプトオーヴァーボード,キヘイタウン,"Spinning World",芦毛,120418,   83.3,  ,    ,43.2
16,04,16,1,福島,3,12,医王寺特500,23,芝,0,1200,良,カガハリウッド    ,牡,4,岩部純二,57.0,16,01,13,13,0,0.9,8,70.5,"1105",0,0,0,12,12,35.2,472,萱野浩二,美,0,12100819,00726,01024,0316131201,香川憲次,三村卓也,スクリーンヒーロー,ジネブラルスキー,ピルサドスキー,栗毛,120210,   25.9,  ,    ,50.3
16,04,16,1,福島,3,12,医王寺特500,23,芝,0,1200,良,ステイブレイズ    ,牝,5,黛弘人,55.0,16,02,10,10,0,0.6,16,70.2,"1102",0,0,0,7,8,35.2,468,岩戸孝樹,美,0,11104964,01109,01051,0316131202,ノルマンディーサラ,中本隆志,ステイゴールド,フロントアクセス,トニービン,鹿毛,110310,  122.4,  ,    ,49.4
16,04,16,1,福島,3,12,医王寺特500,23,芝,0,1200,良,エナジータウン    ,牡,4,丸田恭介,57.0,16,03,14,14,0,0.9,6,70.5,"1105",0,0,0,1,1,35.9,460,藤岡健一,栗,0,12110068,01117,01062,0316131203,幅田昌伸,"Gallagher's Stud",Speightstown,Honoria,"Sadler's Wells",鹿毛,120124,    9.9,  ,    ,46.4
16,04,16,1,福島,3,12,医王寺特500,23,芝,0,1200,良,ベルモントラハイナ,牝,5,吉田隼人,55.0,16,04,15,15,0,1.2,2,70.8,"1108",0,0,0,3,4,36,468,和田正道,美,0,11105260,01095,00353,0316131204,和田牧場,ベルモントファーム,スウィフトカレント,ベルモントピノコ,アジュディケーティング,鹿毛,110126,    5.6,  ,    ,46.7
16,04,16,1,福島,3,12,医王寺特500,23,芝,0,1200,良,ヴァッフシュテルケ,牡,5,和田翼,57.0,16,05,9,9,0,0.4,12,70,"1100",0,0,0,3,4,35.2,490,岩元市三,栗,0,11106102,01146,00397,0316131205,宮内牧場,宮内牧場,ダイワメジャー,イサミサクラ,アイネスフウジン,青鹿,110305,   55.4,  ,    ,48.9
16,04,16,1,福島,3,12,医王寺特500,23,芝,0,1200,良,マイネルデアデビル,牡,4,丹内祐次,57.0,16,06,16,16,0,1.3,9,70.9,"1109",0,0,0,2,2,36.3,486,栗田博憲,美,0,12101192,01091,00341,0316131206,サラブレッドクラブ,北田剛,ブラックタイド,スウィープデビル,エンドスウィープ,鹿毛,120417,   27.6,  ,    ,45.3
16,04,16,1,福島,3,12,医王寺特500,23,芝,0,1200,良,ケイアイヴァーゲ  ,牡,6,西田雄一,57.0,16,07,2,2,0,0.2,5,69.8,"1098",0,0,0,12,12,34.5,436,西村真幸,栗,380,10105027,01004,01148,0316131207,亀田和弘,日進牧場,アドマイヤムーン,イソシギ,タイキシャトル,鹿毛,100319,    8.6,  ,    ,52.3
16,04,16,1,福島,3,12,医王寺特500,23,芝,0,1200,良,オトコギマサムネ  ,牡,5,北村友一,57.0,16,08,11,11,0,0.8,3,70.4,"1104",0,0,0,7,8,35.4,484,吉村圭司,栗,0,11104121,01102,01130,0316131208,塩澤正樹,ノーザンファーム,ジャングルポケット,レッドベリル,スペシャルウィーク,鹿毛,110317,    6.1,  ,    ,48.9
16,04,16,1,福島,3,12,医王寺特500,23,芝,0,1200,良,ムーンドロップ    ,牡,5,横山和生,57.0,16,09,3,3,0,0.2,13,69.8,"1098",0,0,0,15,15,34.3,444,小野次郎,美,240,11101117,01140,01125,0316131209,Basic,二風谷ファーム,アドマイヤムーン,ホーマンヴォイス,ダンシングブレーヴ,鹿毛,110414,   59.4,  ,    ,53.5
16,04,16,1,福島,3,12,医王寺特500,23,芝,0,1200,良,ドリームマークス  ,牡,6,丸山元気,57.0,16,10,12,12,0,0.9,14,70.5,"1105",0,0,0,10,8,35.4,458,池上昌弘,美,0,10105729,01127,00390,0316131210,ライオンレースホー,長沼幸一,フサイチリシャール,ローレンシーバード,セキテイリュウオー,鹿毛,100430,   68.8,  ,    ,49.2
16,04,16,1,福島,3,12,医王寺特500,23,芝,0,1200,良,タガノビーンズ    ,牝,5,古川吉洋,55.0,16,11,5,5,0,0.3,11,69.9,"1099",0,0,0,12,12,34.6,420,西橋豊治,栗,95,11105024,01015,00434,0316131211,八木秀之,新冠タガノファーム,チチカステナンゴ,ライアメロディー,アドマイヤベガ,鹿毛,110113,   54.0,  ,    ,52.0
16,04,16,1,福島,3,12,医王寺特500,23,芝,0,1200,良,デンコウウノ      ,牡,5,鮫島良太,57.0,16,12,1,1,0,-0.2,4,69.6,"1096",0,0,0,7,4,34.6,482,渡辺薫彦,栗,950,11103009,01099,01155,0316131212,田中康弘,中脇一幸,メイショウオウドウ,ツリー,ゴールデンフェザント,鹿毛,110401,    6.5,  ,    ,51.2
16,04,16,1,福島,3,12,医王寺特500,23,芝,0,1200,良,コスモマイルール  ,牝,5,井上敏樹,55.0,16,13,4,4,0,0.2,10,69.8,"1098",0,0,0,15,15,34.3,434,萱野浩二,美,140,11105730,01151,01024,0316131213,岡田繁幸,久保昇,ルールオブロー,マイリリー,ミルジヨージ,栗毛,110503,   36.1,  ,    ,53.5
16,04,16,1,福島,3,12,医王寺特500,23,芝,0,1200,良,スズカブレーン    ,牡,4,長岡禎仁,57.0,16,14,8,8,0,0.3,7,69.9,"1099",0,0,0,3,4,35.1,476,柄崎孝,美,0,12102059,01142,00380,0316131214,永井啓弍,稲原牧場,スズカフェニックス,ブリイジースズカ,Danzig,鹿毛,120406,   25.7,  ,    ,49.1
16,04,16,1,福島,3,12,医王寺特500,23,芝,0,1200,良,ベルリネッタ      ,牡,5,松若風馬,57.0,16,15,7,7,0,0.3,1,69.9,"1099",0,0,0,3,2,35.1,456,田中章博,栗,0,11106427,01154,00413,0316131215,大久保和夫,八木農場,マツリダゴッホ,エミネントプリティ,アンバーシヤダイ,鹿毛,110428,    3.2,  ,    ,49.1
16,04,16,1,福島,3,12,医王寺特500,23,芝,0,1200,良,レッドルシアン    ,牝,5,杉原誠人,55.0,16,16,6,6,0,0.3,15,69.9,"1099",0,0,0,11,8,34.7,432,鹿戸雄一,美,0,11103762,01135,01097,0316131216,東京ホースレーシン,ノーザンファーム,ゼンノロブロイ,アルウェン,トニービン,栗毛,110330,  102.5,  ,    ,51.4
16,04,17,1,福島,4,01,未勝利,7,ダ,1,1150,良,ヒロノブライアン  ,牡,3,古川吉洋,56.0,16,01,10,10,0,1.6,15,72,"1120",0,0,0,15,15,37.6,414,土田稔,美,0,13104658,01015,00417,0316140101,小野博郷,野坂牧場,ブライアンズタイム,アイノココロ,フジキセキ,黒鹿,130327,  175.7,  ,    ,49.8
16,04,17,1,福島,4,01,未勝利,7,ダ,1,1150,良,サンローズピンク  ,牝,3,西村太一,54.0,16,02,13,13,0,2.3,11,72.7,"1127",0,0,0,9,9,39.3,416,尾関知人,美,0,13102326,01131,01103,0316140102,ミルファーム,斉藤正男,ロージズインメイ,エフテーストライク,ブラックタキシード,青鹿,130518,  102.5,  ,    ,42.7
16,04,17,1,福島,4,01,未勝利,7,ダ,1,1150,良,クールマギー      ,牝,3,荻野極,51.0,16,03,12,12,0,1.8,2,72.2,"1122",0,0,0,10,10,38.6,440,清水久詞,栗,0,13103472,01160,01110,0316140103,川上哲司,駿河牧場,キンシャサノキセキ,ツルマルオトメ,タイキシャトル,鹿毛,130419,    4.2,  ,    ,45.0
16,04,17,1,福島,4,01,未勝利,7,ダ,1,1150,良,ナバホトウショウ  ,牝,3,木幡初也,51.0,16,04,7,7,0,1.3,16,71.7,"1117",0,0,0,6,6,38.5,516,天間昭一,美,0,13104576,01153,01090,0316140104,トウショウ産業,トウショウ産業株式,サムライハート,マイルズトウショウ,ティンバーカントリー,栗毛,130218,  183.9,  ,    ,44.1
16,04,17,1,福島,4,01,未勝利,7,ダ,1,1150,良,ヤワタフェスタ    ,牡,3,伴啓太,54.0,16,05,16,16,0,9.4,13,79.8,"1198",0,0,0,16,16,42.4,472,菊川正達,美,0,13100216,01149,01052,0316140105,平岩健一,木村牧場,ナカヤマフェスタ,ツルマイクィーン,メジロマックイーン,栗毛,130422,  118.9,  ,    ,46.2
16,04,17,1,福島,4,01,未勝利,7,ダ,1,1150,良,クインズネプチュン,牝,3,井上敏樹,52.0,16,06,9,9,0,1.6,12,72,"1120",0,0,0,12,12,38.3,426,和田正一,美,0,13103921,01151,01114,0316140106,クイーンズ・ランチ,大滝康晴,ファスリエフ,ケイアイシャープ,ブライアンズタイム,鹿毛,130521,  105.6,  ,    ,46.0
16,04,17,1,福島,4,01,未勝利,7,ダ,1,1150,良,ストロングハピネス,牡,3,石橋脩,56.0,16,07,3,3,0,0.5,3,70.9,"1109",0,0,0,4,4,37.9,426,斎藤誠,美,130,13105418,01077,01086,0316140107,ミルファーム,社台ファーム,ファルブラヴ,オメガリトルスター,ジャングルポケット,鹿毛,130206,    6.8,  ,    ,45.0
16,04,17,1,福島,4,01,未勝利,7,ダ,1,1150,良,ブラックスナイパー,セ,3,丹内祐次,56.0,16,08,14,14,0,2.3,10,72.7,"1127",0,0,0,12,12,39,480,岩戸孝樹,美,0,13101103,01091,01051,0316140108,村山卓也,黒川賢司,スパイキュール,ノーブルファニー,ディアブロ,黒鹿,130417,   66.3,  ,    ,44.3
16,04,17,1,福島,4,01,未勝利,7,ダ,1,1150,良,ワンダールジール  ,牡,3,中井裕二,55.0,16,09,6,6,0,1.2,8,71.6,"1116",0,0,0,10,10,38.1,472,日吉正和,栗,0,13102914,01141,01122,0316140109,山本信行,高昭牧場,ファスリエフ,ストームクオリティ,"Elusive Quality",鹿毛,130413,   30.2,  ,    ,45.9
16,04,17,1,福島,4,01,未勝利,7,ダ,1,1150,良,アキツシマ        ,牡,3,丸田恭介,56.0,16,10,4,4,0,0.8,9,71.2,"1112",0,0,0,14,12,37.1,418,宗像義忠,美,75,13102277,01117,00420,0316140110,那須野牧場,木田牧場,ストーミングホーム,ロバーブ,"Dubai Destination",鹿毛,130304,   54.5,  ,    ,50.3
16,04,17,1,福島,4,01,未勝利,7,ダ,1,1150,良,トウショウアパッチ,牡,3,宮崎北斗,56.0,16,11,8,8,0,1.5,6,71.9,"1119",0,0,0,1,1,39.2,466,菊沢隆徳,美,0,13104573,01118,01115,0316140111,トウショウ産業,トウショウ産業株式,ファスリエフ,ハイジトウショウ,バブルガムフェロー,鹿毛,130221,   11.6,  ,    ,41.0
16,04,17,1,福島,4,01,未勝利,7,ダ,1,1150,良,オーディンローズ  ,牡,3,木幡巧也,53.0,16,12,11,11,0,1.7,5,72.1,"1121",0,0,0,8,8,38.8,466,牧光二,美,0,13101629,01162,01106,0316140112,古賀和夫,対馬正,ディープスカイ,ヴィクトリアローズ,グラスワンダー,栗毛,130501,    8.9,  ,    ,43.6
16,04,17,1,福島,4,01,未勝利,7,ダ,1,1150,良,ジイサマ          ,牡,3,中谷雄太,56.0,16,13,2,2,0,0.4,7,70.8,"1108",0,0,0,4,4,37.8,478,高橋祥泰,美,200,13103408,01038,00359,0316140113,小田切光,木村牧場,オレハマッテルゼ,モットヒカリヲ,アフリート,栗毛,130426,   22.5,  ,    ,45.2
16,04,17,1,福島,4,01,未勝利,7,ダ,1,1150,良,トドロキボサツ    ,牝,3,長岡禎仁,52.0,16,14,15,15,0,2.3,14,72.7,"1127",0,0,0,2,2,40,418,古賀史生,美,0,13109087,01142,00392,0316140114,原田昭太郎,長谷地義正,ブラックタイド,ヤマカツアンナ,フォーティナイナー,鹿毛,130210,  132.3,  ,    ,39.2
16,04,17,1,福島,4,01,未勝利,7,ダ,1,1150,良,グロウインザダーク,セ,3,横山和生,56.0,16,15,5,5,0,1,1,71.4,"1114",0,0,0,6,7,38.2,478,鈴木伸尋,美,50,13105541,01140,01026,0316140115,社台レースホース,社台ファーム,ダンスインザダーク,ダークエンディング,"End Sweep",鹿毛,130505,    2.5,  ,    ,44.8
16,04,17,1,福島,4,01,未勝利,7,ダ,1,1150,良,クラウンヴォルカン,牡,3,川須栄彦,56.0,16,16,1,1,0,-0.4,4,70.4,"1104",0,0,0,2,2,37.6,502,梅田智之,栗,500,13100224,01128,01084,0316140116,矢野恭裕,クラウン日高牧場,ヴァーミリアン,ハイフレンドモア,"Mt. Livermore",青毛,130427,    8.3,  ,    ,45.2
16,04,17,1,福島,4,02,未勝利・牝,7,芝,0,1200,良,ドラゴンザムライ  ,牝,3,藤田菜七,51.0,16,01,13,13,0,1.9,8,72.3,"1123",0,0,0,9,8,36.7,442,竹内正洋,美,0,13104479,01164,01152,0316140201,窪田康志,千代田牧場,サムライハート,セリーナトロフィー,スペシャルウィーク,鹿毛,130523,   30.0,  ,    ,47.0
16,04,17,1,福島,4,02,未勝利・牝,7,芝,0,1200,良,キリエレガント    ,牝,3,荻野極,51.0,16,02,8,8,0,1.3,16,71.7,"1117",0,0,0,10,10,35.9,384,沖芳夫,栗,0,13102502,01160,00378,0316140202,本桐牧場,本桐牧場,タニノギムレット,キャッスルトン,ダンスインザダーク,鹿毛,130218,  120.0,  ,    ,49.7
16,04,17,1,福島,4,02,未勝利・牝,7,芝,0,1200,良,メロメロパンチ    ,牝,3,西村太一,54.0,16,03,6,6,0,1,14,71.4,"1114",0,0,0,6,4,36,446,谷原義明,美,0,13103815,01131,00402,0316140203,ミルファーム,ミルファーム,オレハマッテルゼ,ベルグチケット,ウイニングチケット,黒鹿,130316,  106.6,  ,    ,48.3
16,04,17,1,福島,4,02,未勝利・牝,7,芝,0,1200,良,コノハナサクヤヒメ,牝,3,藤懸貴志,54.0,16,04,14,14,0,2.9,11,73.3,"1133",0,0,0,13,14,36.8,438,谷潔,栗,0,13103602,01138,00431,0316140204,仁田脇彰,冨岡博一,メイショウボーラー,ピエナキューティー,デザートキング,鹿毛,130413,   92.7,  ,    ,49.2
16,04,17,1,福島,4,02,未勝利・牝,7,芝,0,1200,良,ティーハウス      ,牝,3,丸田恭介,54.0,16,05,12,12,0,1.8,5,72.2,"1122",0,0,0,15,15,34.9,454,二ノ宮敬,美,0,13100378,01117,00409,0316140205,下河辺牧場,下河辺牧場,キンシャサノキセキ,ブレッシング,マルゼンスキー,鹿毛,130417,   18.0,  ,    ,56.9
16,04,17,1,福島,4,02,未勝利・牝,7,芝,0,1200,良,シンボリピアフ    ,牝,3,伊藤工真,54.0,16,06,9,9,0,1.5,9,71.9,"1119",0,0,0,7,8,36.4,412,宗像義忠,美,0,13100460,01119,00420,0316140206,シンボリ牧場,シンボリ牧場,デュランダル,ジュアンレパン,Dynaformer,黒鹿,130316,   44.6,  ,    ,47.5
16,04,17,1,福島,4,02,未勝利・牝,7,芝,0,1200,良,サツキハイセンス  ,牝,3,木幡巧也,51.0,16,07,5,5,0,1,13,71.4,"1114",0,0,0,3,3,36.3,418,牧光二,美,50,13101255,01162,01106,0316140207,小野博郷,安達洋生,ハイアーゲーム,ミスルピナス,マルゼンスキー,鹿毛,130425,  104.7,  ,    ,46.7
16,04,17,1,福島,4,02,未勝利・牝,7,芝,0,1200,良,エレンシア        ,牝,3,黛弘人,54.0,16,08,15,15,0,3.9,10,74.3,"1143",0,0,0,15,16,36.9,392,和田正道,美,0,13101845,01109,00353,0316140208,グリーンファーム,ハシモトフアーム,ワークフォース,エリモシック,ダンシングブレーヴ,黒鹿,130409,   83.9,  ,    ,51.4
16,04,17,1,福島,4,02,未勝利・牝,7,芝,0,1200,良,ヴェロレジーナ    ,牝,3,加藤祥太,52.0,16,09,11,11,0,1.7,12,72.1,"1121",0,0,0,14,13,35.4,446,田島俊明,美,0,13103672,01156,01112,0316140209,森岡幸人,日本中央競馬会日高,バゴ,ワンモアベイビー,ジェネラス,栗毛,130512,   93.7,  ,    ,53.7
16,04,17,1,福島,4,02,未勝利・牝,7,芝,0,1200,良,フィーリングウェル,牝,3,和田翼,53.0,16,10,10,10,0,1.6,6,72,"1120",0,0,0,4,6,36.7,436,平田修,栗,0,13105268,01146,01082,0316140210,G1レーシング,社台コーポレーショ,ダイワメジャー,フィーリングトーン,ワイルドラッシュ,栗毛,130202,   25.0,  ,    ,46.2
16,04,17,1,福島,4,02,未勝利・牝,7,芝,0,1200,良,ハコダテキミコ    ,牝,3,井上敏樹,52.0,16,11,7,7,0,1.2,7,71.6,"1116",0,0,0,4,4,36.3,454,相沢郁,美,0,13101322,01151,01020,0316140211,大友靖岐,オリエント牧場,サムライハート,ホットマイハート,モガンボ,鹿毛,130407,   29.3,  ,    ,47.2
16,04,17,1,福島,4,02,未勝利・牝,7,芝,0,1200,良,プロイエット      ,牝,3,津村明秀,54.0,16,12,3,3,0,0.4,3,70.8,"1108",0,0,0,7,6,35.3,454,手塚貴久,美,130,13100402,01092,01038,0316140212,橋口,下河辺牧場,キングカメハメハ,レッドステラーノ,アグネスタキオン,栗毛,130209,    5.2,  ,    ,50.6
16,04,17,1,福島,4,02,未勝利・牝,7,芝,0,1200,良,ミュゼジュリエット,牝,3,丸山元気,54.0,16,13,2,2,0,0.4,2,70.8,"1108",0,0,0,2,2,36,448,高市圭二,美,200,13104936,01127,01014,0316140213,坂本肇,パカパカファーム,マンハッタンカフェ,ナン,"High Yield",黒鹿,130314,    4.7,  ,    ,46.7
16,04,17,1,福島,4,02,未勝利・牝,7,芝,0,1200,良,ウィズリーガーデン,牝,3,杉原誠人,54.0,16,14,4,4,0,0.5,4,70.9,"1109",0,0,0,12,11,34.6,454,池上昌和,美,75,13105983,01135,01150,0316140214,吉田和美,ノーザンファーム,ダイワメジャー,デュアルストーリー,"End Sweep",栗毛,130301,    6.9,  ,    ,54.9
16,04,17,1,福島,4,02,未勝利・牝,7,芝,0,1200,良,ウインアイリス    ,牝,3,高倉稜,54.0,16,15,16,16,0,4.1,15,74.5,"1145",0,0,0,10,12,38.6,438,水野貴広,美,0,13101437,01130,01094,0316140215,ウイン,コスモヴューファー,マツリダゴッホ,ヴォルピア,"Ski Champ",黒鹿,130514,  115.8,  ,    ,43.0
16,04,17,1,福島,4,02,未勝利・牝,7,芝,0,1200,良,パーリオミノル    ,牝,3,北村友一,54.0,16,16,1,1,0,-0.4,1,70.4,"1104",0,0,0,1,1,35.7,432,北出成人,栗,500,13104774,01102,01078,0316140216,吉岡實,フジワラフアーム,ディープインパクト,ヴィヴァシャスヴィヴィアン,"Distorted Humor",鹿毛,130419,    2.2,  ,    ,47.2
16,04,17,1,福島,4,03,未勝利・若,7,ダ,1,1700,稍,クラウンエイトドア,牡,3,木幡巧也,53.0,15,01,13,13,0,3.3,9,111.4,"1514",0,6,6,5,7,42.4,450,栗田徹,美,0,13109052,01162,01127,0316140301,矢野恭裕,今川満良,グラスワンダー,ミラクルラブ,サンデーサイレンス,鹿毛,130507,   40.6,  ,    ,38.8
16,04,17,1,福島,4,03,未勝利・若,7,ダ,1,1700,稍,タケルアヴァロン  ,牡,3,原田和真,53.0,15,02,10,10,0,2.2,7,110.3,"1503",0,9,8,5,4,41.3,508,伊藤大士,美,0,13102643,01143,01109,0316140302,森保彦,山本昇寿,タイキシャトル,レディレイナ,トウカイテイオー,栗毛,130313,   32.7,  ,    ,41.1
16,04,17,1,福島,4,03,未勝利・若,7,ダ,1,1700,稍,ジーパワー        ,牡,3,和田翼,55.0,15,03,5,5,0,0.9,3,109,"1490",0,11,11,9,7,39.8,466,田中章博,栗,50,13103476,01146,00413,0316140303,大久保和夫,駿河牧場,ヴァーミリアン,ユーワジュリエット,アフリート,鹿毛,130410,    6.2,  ,    ,44.8
16,04,17,1,福島,4,03,未勝利・若,7,ダ,1,1700,稍,トウケイダンディ  ,牡,3,荻野極,53.0,15,04,8,8,0,1.9,1,110,"1500",0,3,3,8,11,40.9,486,清水久詞,栗,0,13100687,01160,01110,0316140304,木村信彦,道見牧場,ロージズインメイ,プラントオジジアン,オジジアン,栗毛,130315,    2.1,  ,    ,42.2
16,04,17,1,福島,4,03,未勝利・若,7,ダ,1,1700,稍,プリンセスミエル  ,牝,3,木幡初也,51.0,15,05,6,6,0,1.7,8,109.8,"1498",0,7,7,5,4,40.8,452,武井亮,美,0,13102322,01153,01147,0316140305,古賀慎一,斉藤スタッド,キンシャサノキセキ,ステラ,デビッドジュニア,黒鹿,130421,   39.3,  ,    ,42.2
16,04,17,1,福島,4,03,未勝利・若,7,ダ,1,1700,稍,ニシノユメオウ    ,牡,3,藤田菜七,53.0,15,06,11,11,0,2.5,10,110.6,"1506",0,7,10,13,15,40.9,436,古賀慎明,美,0,13103803,01164,01079,0316140306,西山茂行,ミリオンファーム,タイキシャトル,ニシノヒナギク,アグネスタキオン,鹿毛,130328,   43.3,  ,    ,43.0
16,04,17,1,福島,4,03,未勝利・若,7,ダ,1,1700,稍,フラワーファースト,牝,3,森一馬,54.0,15,07,3,3,0,0.4,4,108.5,"1485",0,1,1,1,1,40,464,岡田稲男,栗,130,13105790,01139,01066,0316140307,KTレーシング,ノーザンファーム,ネオユニヴァース,ウィストラム,フレンチデピュティ,鹿毛,130318,    8.6,  ,    ,43.4
16,04,17,1,福島,4,03,未勝利・若,7,ダ,1,1700,稍,ヒロイックサーガ  ,セ,3,西村太一,56.0,15,08,15,15,0,4.2,12,112.3,"1523",0,12,12,13,13,42.5,486,新開幸一,美,0,13106215,01131,01116,0316140308,岡田牧雄,パカパカファーム,パイロ,デアリングヴァース,"Opening Verse",黒鹿,130511,   90.7,  ,    ,39.6
16,04,17,1,福島,4,03,未勝利・若,7,ダ,1,1700,稍,ボーントゥウインズ,牡,3,加藤祥太,54.0,15,09,9,9,0,2.1,11,110.2,"1502",0,15,15,9,9,40.9,500,牧田和弥,栗,0,13105971,01156,01123,0316140309,鈴木昭和,ノーザンファーム,カジノドライヴ,テイクワンズアイ,サンデーサイレンス,黒鹿,130317,   71.4,  ,    ,42.4
16,04,17,1,福島,4,03,未勝利・若,7,ダ,1,1700,稍,サンマルドライヴ  ,牡,3,藤懸貴志,56.0,15,10,2,2,0,0.2,5,108.3,"1483",0,14,13,12,9,38.7,440,千田輝彦,栗,200,13100550,01138,01120,0316140310,相馬勇,田端牧場,カジノドライヴ,サンマルバンベール,マンハッタンカフェ,黒鹿,130216,   12.0,  ,    ,48.1
16,04,17,1,福島,4,03,未勝利・若,7,ダ,1,1700,稍,タイセイパートナー,牡,3,横山和生,56.0,15,11,4,4,0,0.9,6,109,"1490",0,5,5,3,3,40.3,508,菊川正達,美,75,13104486,01140,01052,0316140311,田中成奉,千代田牧場,クロフネ,トウカイパートナー,ブライアンズタイム,芦毛,130502,   30.6,  ,    ,43.0
16,04,17,1,福島,4,03,未勝利・若,7,ダ,1,1700,稍,カシノジョウネツ  ,牡,3,中井裕二,55.0,15,12,12,12,0,3.2,15,111.3,"1513",0,9,8,9,13,42.1,548,日吉正和,栗,0,13100196,01141,01122,0316140312,柏木務,川端正博,ブラックタイド,ユキノチャンプ,タバスコキャット,鹿毛,130424,  245.9,  ,    ,39.7
16,04,17,1,福島,4,03,未勝利・若,7,ダ,1,1700,稍,トウショウシェル  ,牡,3,森裕太朗,53.0,15,13,14,14,0,4,14,112.1,"1521",0,2,2,3,4,43.3,470,池上昌弘,美,0,13104555,01165,00390,0316140313,トウショウ産業,トウショウ産業株式,クロフネ,クロストウショウ,アグネスタキオン,芦毛,130324,  136.8,  ,    ,36.7
16,04,17,1,福島,4,03,未勝利・若,7,ダ,1,1700,稍,コマノグランデ    ,牡,3,長岡禎仁,54.0,15,14,1,1,0,-0.2,2,108.1,"1481",0,3,3,2,2,39.6,480,二ノ宮敬,美,500,13104621,01142,00409,0316140314,長谷川芳信,西川富岡牧場,ゴールドアリュール,コマノマコ,フォーティナイナー,鹿毛,130324,    4.1,  ,    ,44.4
16,04,17,1,福島,4,03,未勝利・若,7,ダ,1,1700,稍,シアヌークビル    ,牝,3,井上敏樹,52.0,15,15,7,7,0,1.9,13,110,"1500",0,13,13,13,12,40.3,428,田中清隆,美,0,13101611,01151,00408,0316140315,嶋田賢,大栄牧場,ステイゴールド,ミツワオーロラ,メジロマックイーン,黒鹿,130507,  112.6,  ,    ,44.3
16,04,17,1,福島,4,04,障害未勝利,7,芝,2,2750,良,カケダシ          ,牡,6,草野太郎,60.0,14,01,0,0,4,999.9,11,0,"----",0,5,6,7,8,0,496,杉浦宏昭,美,0,10103903,01113,01008,0316140401,山岸桂市,社台ファーム,エアジハード,ブレスマイスターズ,ホワイトマズル,鹿毛,100305,  105.3,  ,    , 0.0
16,04,17,1,福島,4,04,障害未勝利,7,芝,2,2750,良,キープトライン    ,牡,6,原田和真,57.0,14,02,2,2,0,0.3,3,183.7,"3037",0,2,2,1,1,13.4,486,粕谷昌央,美,300,10101660,01143,01096,0316140402,岡田牧雄,三石川上牧場,アルカセット,タカノヒカル,ジェネラス,鹿毛,100516,    4.2,  ,    , 0.0
16,04,17,1,福島,4,04,障害未勝利,7,芝,2,2750,良,ラブリープラネット,牡,5,植野貴也,60.0,14,03,9,9,0,5.2,5,188.6,"3086",0,2,3,2,7,13.7,472,五十嵐忠,栗,0,11104481,00727,00422,0316140403,三田昌宏,社台ファーム,ダイワメジャー,ランペルティーザ,トワイニング,栗毛,110213,    8.5,  ,    , 0.0
16,04,17,1,福島,4,04,障害未勝利,7,芝,2,2750,良,マイネルマーク    ,牡,8,五十嵐雄,60.0,14,04,1,1,0,-0.3,2,183.4,"3034",0,7,7,4,3,13.3,468,高橋祥泰,美,750,08104924,01069,00359,0316140404,サラブレッドクラブ,ビッグレッドファー,ロージズインメイ,タカラカンナ,サツカーボーイ,青鹿,080401,    3.9,  ,    , 0.0
16,04,17,1,福島,4,04,障害未勝利,7,芝,2,2750,良,エンパイアサンデー,牡,4,蓑島靖典,59.0,14,05,3,3,0,0.9,12,184.3,"3043",0,13,10,6,4,13.4,524,谷原義明,美,190,12103529,01068,00402,0316140405,戸部政彦,真歌伊藤牧場,エンパイアメーカー,ミサトサンデー,フサイチコンコルド,鹿毛,120410,  112.9,  ,    , 0.0
16,04,17,1,福島,4,04,障害未勝利,7,芝,2,2750,良,ウイントゥモロー  ,牡,5,森一馬,60.0,14,06,11,11,0,8.5,7,191.9,"3119",0,9,11,14,14,14,510,西園正都,栗,0,11101471,01139,01028,0316140406,ウイン,本桐牧場,ステイゴールド,キョウモヨロシク,ジェイドロバリー,黒鹿,110409,   33.1,  ,    , 0.0
16,04,17,1,福島,4,04,障害未勝利,7,芝,2,2750,良,トーセンスラッガー,牡,4,小野寺祐,59.0,14,07,5,5,0,2,9,185.4,"3054",0,7,7,5,5,13.5,452,成島英春,美,75,12102185,01123,00433,0316140407,島川隆哉,乾皆雄,ヴァーミリアン,スギノセンヒメ,フォーティナイナー,黒鹿,120227,   45.1,  ,    , 0.0
16,04,17,1,福島,4,04,障害未勝利,7,芝,2,2750,良,アドマイヤロイヤル,牡,9,北沢伸也,60.0,14,08,8,8,0,4.3,1,187.7,"3077",0,11,11,12,10,13.7,534,橋田満,栗,0,07103350,00691,00362,0316140408,近藤利一,ノーザンファーム,キングカメハメハ,マストビーラヴド,サンデーサイレンス,鹿毛,070210,    3.5,  ,    , 0.0
16,04,17,1,福島,4,04,障害未勝利,7,芝,2,2750,良,ローレルソラン    ,牡,8,浜野谷憲,60.0,14,09,0,0,4,999.9,4,0,"----",0,5,4,8,11,0,464,奥平雅士,美,0,08104899,00695,01074,0316140409,ローレルレーシング,樋渡信義,マヤノトップガン,ソラーラ,Gulch,鹿毛,080317,    4.7,  ,    , 0.0
16,04,17,1,福島,4,04,障害未勝利,7,芝,2,2750,良,ウーマン          ,牝,4,大江原圭,57.0,14,10,12,12,0,14.6,13,198,"3180",0,4,4,10,13,14.4,462,大江原哲,美,0,12101161,01120,01012,0316140410,栗本博晴,加藤牧場,デュランダル,ハリケンアスリート,フサイチコンコルド,青鹿,120416,  113.2,  ,    , 0.0
16,04,17,1,福島,4,04,障害未勝利,7,芝,2,2750,良,ブリリアントミノル,牡,5,石神深一,60.0,14,11,10,10,0,6.7,8,190.1,"3101",0,11,13,13,12,13.8,452,中舘英二,美,0,11102547,01059,01153,0316140411,吉岡實,フジワラフアーム,グラスワンダー,フェバリットガール,ダンスインザダーク,鹿毛,110429,   39.6,  ,    , 0.0
16,04,17,1,福島,4,04,障害未勝利,7,芝,2,2750,良,ワイルドジーク    ,牡,5,上野翔,60.0,14,12,7,7,0,2,14,185.4,"3054",0,1,1,2,2,13.5,472,松永康利,美,0,11105126,01087,01093,0316140412,ディアレストクラブ,ハクツ牧場,サウスヴィグラス,メジロカンナ,メジロライアン,栗毛,110401,  252.6,  ,    , 0.0
16,04,17,1,福島,4,04,障害未勝利,7,芝,2,2750,良,サーシスリーフ    ,牡,6,黒岩悠,60.0,14,13,4,4,0,1.5,10,184.9,"3049",0,9,9,8,6,13.4,496,坂口正則,栗,110,10101040,01072,00356,0316140413,ヒダカ・ブリーダー,豊洋牧場,マイネルラヴ,ネオメープルリーフ,スペシャルウィーク,鹿毛,100408,   79.9,  ,    , 0.0
16,04,17,1,福島,4,04,障害未勝利,7,芝,2,2750,良,ルートヴィヒコード,牡,4,小坂忠士,59.0,14,14,6,6,0,2,6,185.4,"3054",0,14,14,11,8,13.5,456,長浜博之,栗,0,12104082,01063,00395,0316140414,G1レーシング,社台コーポレーショ,ディープインパクト,リトルハーモニー,コマンダーインチーフ,鹿毛,120217,   26.1,  ,    , 0.0
16,04,17,1,福島,4,05,障害未勝利,7,芝,2,2750,稍,ルミナスギャラン  ,牡,4,金子光希,59.0,13,01,11,11,0,7.3,13,190.8,"3108",0,13,13,13,13,13.9,448,中川公成,美,0,12103090,01052,01081,0316140501,小林都美子,棚川光男,ソングオブウインド,ミスチフ,クロフネ,芦毛,120321,  121.7,  ,    , 0.0
16,04,17,1,福島,4,05,障害未勝利,7,芝,2,2750,稍,レディー          ,牝,6,中村将之,58.0,13,02,12,12,0,7.5,12,191,"3110",0,4,6,12,12,13.9,436,浅見秀一,栗,0,10101496,01101,00411,0316140502,土井薫,中村和夫,ゴールドヘイロー,イブキピンクレディ,ノーザンテースト,鹿毛,100508,   97.7,  ,    , 0.0
16,04,17,1,福島,4,05,障害未勝利,7,芝,2,2750,稍,ラノララク        ,牝,6,江田勇亮,58.0,13,03,10,10,0,4.6,11,188.1,"3081",0,3,2,3,9,13.7,484,南田美知,美,0,10102239,01023,00437,0316140503,ミルファーム,バンダム牧場,オレハマッテルゼ,ミラクルケープ,フォーティナイナー,栗毛,100323,   56.5,  ,    , 0.0
16,04,17,1,福島,4,05,障害未勝利,7,芝,2,2750,稍,ルー              ,牡,6,山本康志,60.0,13,04,2,2,0,0.3,9,183.8,"3038",0,6,4,2,2,13.4,466,奥村武,美,300,10109123,01008,01145,0316140504,武田茂男,前田宗将,ケイムホーム,ブルーチャーム,"Kings Lake",鹿毛,100325,   38.0,  ,    , 0.0
16,04,17,1,福島,4,05,障害未勝利,7,芝,2,2750,稍,ワールドカップ    ,牡,4,佐久間寛,59.0,13,05,1,1,0,-0.3,6,183.5,"3035",0,9,7,6,3,13.3,470,柴田光陽,栗,750,12105953,01080,00400,0316140505,小島將之,大北牧場,ヴァーミリアン,キャッチアシーフ,グラスワンダー,黒鹿,120505,   14.5,  ,    , 0.0
16,04,17,1,福島,4,05,障害未勝利,7,芝,2,2750,稍,サクラアドニス    ,牡,8,小坂忠士,60.0,13,06,8,8,0,3.8,3,187.3,"3073",0,2,4,3,5,13.6,460,村山明,栗,0,08100495,01063,01107,0316140506,さくらコマース,谷岡牧場,サクラプレジデント,サクラウォーニング,ウォーニング,黒鹿,080310,    4.8,  ,    , 0.0
16,04,17,1,福島,4,05,障害未勝利,7,芝,2,2750,稍,ダークサイド      ,牡,5,五十嵐雄,60.0,13,07,4,4,0,1.1,2,184.6,"3046",0,8,9,8,8,13.4,474,高橋祥泰,美,110,11100910,01069,00359,0316140507,星野壽市,前野牧場,ストーミングホーム,ミスティックラヴ,ダンスインザダーク,黒鹿,110328,    4.4,  ,    , 0.0
16,04,17,1,福島,4,05,障害未勝利,7,芝,2,2750,稍,マイネプレセア    ,牝,5,石神深一,58.0,13,08,3,3,0,0.4,5,183.9,"3039",0,7,7,10,6,13.4,446,和田正一,美,190,11105191,01059,01114,0316140508,サラブレッドクラブ,ビッグレッドファー,マイネルラヴ,コスモキララ,タマモクロス,青鹿,110416,   11.5,  ,    , 0.0
16,04,17,1,福島,4,05,障害未勝利,7,芝,2,2750,稍,メイショウツガル  ,牡,8,森一馬,60.0,13,09,0,0,4,999.9,1,0,"----",0,1,1,1,1,0,472,渡辺薫彦,栗,0,08101549,01139,01155,0316140509,松本好雄,太陽牧場,キングカメハメハ,フラワーキャット,"Mountain Cat",鹿毛,080125,    3.5,  ,    , 0.0
16,04,17,1,福島,4,05,障害未勝利,7,芝,2,2750,稍,トウケイファルコン,牡,4,黒岩悠,59.0,13,10,7,7,0,3.6,8,187.1,"3071",0,11,12,11,11,13.6,488,池添兼雄,栗,0,12102279,01072,01021,0316140510,木村信彦,木下牧場,スペシャルウィーク,サンセットロード,キングカメハメハ,栗毛,120325,   28.6,  ,    , 0.0
16,04,17,1,福島,4,05,障害未勝利,7,芝,2,2750,稍,ディープフォンテン,セ,5,浜野谷憲,60.0,13,11,5,5,0,1.2,10,184.7,"3047",0,4,3,3,3,13.4,464,戸田博文,美,75,11102124,00695,01054,0316140511,吉橋計,田中裕之,ディープスカイ,ケイアイリュージン,グルームダンサー,栗毛,110330,   40.6,  ,    , 0.0
16,04,17,1,福島,4,05,障害未勝利,7,芝,2,2750,稍,モリトブイコール  ,セ,8,原田和真,57.0,13,12,6,6,0,1.3,7,184.8,"3048",0,9,9,7,7,13.4,490,小桧山悟,美,0,08106354,01143,01005,0316140512,石橋忠之,スガタ牧場,オンファイア,プリンセスヒムカ,プリンスオブバーズ,栗毛,080215,   14.6,  ,    , 0.0
16,04,17,1,福島,4,05,障害未勝利,7,芝,2,2750,稍,ビッグプレゼンター,牡,7,小野寺祐,60.0,13,13,9,9,0,3.9,4,187.4,"3074",0,11,9,8,10,13.6,480,和田雄二,美,0,09101390,01123,01143,0316140513,西村新一郎,乾皆雄,アグネスデジタル,ウエストミンスター,Diktat,鹿毛,090326,    5.1,  ,    , 0.0
16,04,17,1,福島,4,06,500万下,23,ダ,1,1700,稍,ディグニファイド  ,牡,4,中谷雄太,57.0,15,01,3,3,0,0,3,106.5,"1465",0,7,6,2,2,40,530,斉藤崇史,栗,180,12104780,01038,01151,0316140601,シルクレーシング,ノーザンファーム,ネオユニヴァース,ファストフレンド,アイネスフウジン,栗毛,120411,    4.6,  ,    ,40.7
16,04,17,1,福島,4,06,500万下,23,ダ,1,1700,稍,マックスユーキャン,牝,5,横山和生,55.0,15,02,4,4,0,0.3,4,106.8,"1468",0,15,14,13,12,38.8,492,鈴木伸尋,美,110,11103677,01140,01026,0316140602,キャロットファーム,社台コーポレーショ,ゴールドアリュール,マックスキャンドゥ,キンググローリアス,栗毛,110430,   10.5,  ,    ,45.6
16,04,17,1,福島,4,06,500万下,23,ダ,1,1700,稍,マルイチワンダー  ,牡,6,荻野極,54.0,15,03,10,10,0,1.5,6,108,"1480",0,4,4,5,5,41.2,456,湯窪幸雄,栗,0,10100222,01160,01057,0316140603,小林茂行,浦新徳司,グラスワンダー,ビンジンスキー,Nijinsky,栗毛,100325,   19.5,  ,    ,38.4
16,04,17,1,福島,4,06,500万下,23,ダ,1,1700,稍,オトコギイッポン  ,セ,4,長岡禎仁,55.0,15,04,15,15,0,4.7,13,111.2,"1512",0,2,2,8,14,44,484,金成貴史,美,0,12103195,01142,01132,0316140604,飯田正剛,千代田牧場,キングヘイロー,ビクトリーステップ,オジジアン,鹿毛,120510,   64.5,  ,    ,33.3
16,04,17,1,福島,4,06,500万下,23,ダ,1,1700,稍,ゲームフェイス    ,牡,6,北村友一,57.0,15,05,13,13,0,2.4,5,108.9,"1489",0,3,3,4,6,42.3,532,大根田裕,栗,0,10105179,01102,01032,0316140605,宮川純造,宮内牧場,ネオユニヴァース,ミュージー,"El Prado",芦毛,100228,   19.2,  ,    ,35.9
16,04,17,1,福島,4,06,500万下,23,ダ,1,1700,稍,ハードアスリート  ,牡,4,勝浦正樹,57.0,15,06,8,8,0,1.1,9,107.6,"1476",0,4,4,2,3,41.1,494,萱野浩二,美,0,12106247,01025,01024,0316140606,齋藤宏明,平山牧場,ゴールドアリュール,ザフェイツ,ブライアンズタイム,鹿毛,120517,   24.1,  ,    ,38.3
16,04,17,1,福島,4,06,500万下,23,ダ,1,1700,稍,フライガイザー    ,牡,4,井上敏樹,55.0,15,07,5,5,0,0.6,11,107.1,"1471",0,13,13,12,10,39.2,474,本間忍,美,70,12100131,01151,01056,0316140607,簗詰貴彦,カミイスタット,パイロ,ヒシエリート,スペシャルウィーク,黒鹿,120404,   46.6,  ,    ,44.5
16,04,17,1,福島,4,06,500万下,23,ダ,1,1700,稍,キタサンコンサート,牡,4,鮫島良太,57.0,15,08,2,2,0,0,2,106.5,"1465",0,1,1,1,1,40.2,482,昆貢,栗,280,12103439,01099,01044,0316140608,大野商事,藤川フアーム,キンシャサノキセキ,キンセイマル,クロフネ,芦毛,120323,    3.5,  ,    ,40.0
16,04,17,1,福島,4,06,500万下,23,ダ,1,1700,稍,オメガグランディス,牡,5,川須栄彦,57.0,15,09,11,11,0,1.5,12,108,"1480",0,10,10,10,7,40.6,502,勢司和浩,美,0,11104202,01128,01047,0316140609,原禮子,社台ファーム,チチカステナンゴ,オメガトゥルカラー,クロフネ,鹿毛,110304,   60.8,  ,    ,40.6
16,04,17,1,福島,4,06,500万下,23,ダ,1,1700,稍,サカジロビューティ,牝,4,和田翼,54.0,15,10,7,7,0,1,14,107.5,"1475",0,8,7,8,7,40.3,440,中竹和也,栗,0,12109109,01146,01039,0316140610,ロイヤルパーク,シンボリ牧場,シンボリクリスエス,スイートクラフティ,"Crafty Prospector",鹿毛,120512,   84.3,  ,    ,41.0
16,04,17,1,福島,4,06,500万下,23,ダ,1,1700,稍,ツクバイーメーカー,牡,4,古川吉洋,57.0,15,11,1,1,0,0,1,106.5,"1465",0,10,10,6,3,39.5,506,土田稔,美,700,12100853,01015,00417,0316140611,荻原昭二,ムラカミファーム,エンパイアメーカー,フェアノータム,アグネスタキオン,鹿毛,120229,    3.1,  ,    ,42.5
16,04,17,1,福島,4,06,500万下,23,ダ,1,1700,稍,マラカイトスター  ,牝,4,津村明秀,55.0,15,12,12,12,0,2,8,108.5,"1485",0,8,7,6,7,41.5,458,伊藤伸一,美,0,12102321,01092,01031,0316140612,本間茂,斉藤スタッド,シニスターミニスター,シークレットソング,カリズマティック,栗毛,120501,   21.7,  ,    ,38.1
16,04,17,1,福島,4,06,500万下,23,ダ,1,1700,稍,ワンダースパイア  ,牡,4,丸山元気,57.0,15,13,14,14,0,4.4,15,110.9,"1509",0,6,9,15,15,42.2,476,斎藤誠,美,0,12105773,01127,01086,0316140613,山本信行,大島牧場,サウスヴィグラス,カイロローズ,"Sadler's Wells",青鹿,120221,  230.9,  ,    ,38.8
16,04,17,1,福島,4,06,500万下,23,ダ,1,1700,稍,フォースフィールド,牡,4,森裕太朗,54.0,15,14,6,6,0,0.7,10,107.2,"1472",0,14,14,14,13,38.9,414,松永幹夫,栗,0,12101150,01165,01092,0316140614,岡浩二,オリオンファーム,ゼンノロブロイ,クルザダアメリカーナ,Nedawi,黒鹿,120314,   32.9,  ,    ,45.8
16,04,17,1,福島,4,06,500万下,23,ダ,1,1700,稍,ベストエビデンス  ,牝,4,藤田菜七,52.0,15,15,9,9,0,1.3,7,107.8,"1478",0,12,12,11,10,40.1,404,矢野英一,美,0,12104203,01164,01108,0316140615,大塚亮一,社台ファーム,ネオユニヴァース,クイーンソネット,ノーザンテースト,栗毛,120503,   20.2,  ,    ,42.1
16,04,17,1,福島,4,07,500万下・牝,23,芝,0,1200,稍,イルーシヴキャット,牝,5,勝浦正樹,55.0,16,01,3,3,0,0.1,2,70.3,"1103",0,0,0,1,1,36.3,468,松元茂樹,栗,180,11103549,01025,00419,0316140701,社台レースホース,追分ファーム,キングカメハメハ,レッドキャット,"Storm Cat",栗毛,110401,    4.8,  ,    ,43.7
16,04,17,1,福島,4,07,500万下・牝,23,芝,0,1200,稍,コスモラパン      ,牝,5,丹内祐次,55.0,16,02,7,7,0,0.4,5,70.6,"1106",0,0,0,3,4,36.2,414,畠山吉宏,美,0,11100988,01091,01048,0316140702,ビッグレッドファー,門別牧場,スクリーンヒーロー,スプラッシュビート,タイキブリザード,黒鹿,110413,    8.4,  ,    ,45.0
16,04,17,1,福島,4,07,500万下・牝,23,芝,0,1200,稍,タガノディナー    ,牝,4,荻野極,52.0,16,03,6,6,0,0.3,15,70.5,"1105",0,0,0,13,13,35.1,426,加用正,栗,0,12100501,01160,00425,0316140703,八木良司,新冠タガノファーム,タニノギムレット,スペシャルディナー,スペシャルウィーク,黒鹿,120411,   89.2,  ,    ,50.9
16,04,17,1,福島,4,07,500万下・牝,23,芝,0,1200,稍,ストロベリーズ    ,牝,4,村田一誠,55.0,16,04,12,12,0,0.6,13,70.8,"1108",0,0,0,2,2,36.6,448,小島太,美,0,12101554,01031,01013,0316140704,H.H.シェイク・モハ,ダーレー・ジャパン,コマンズ,ストロベリーフェア,Kingmambo,青鹿,120307,   43.9,  ,    ,43.4
16,04,17,1,福島,4,07,500万下・牝,23,芝,0,1200,稍,イーグルアモン    ,牝,5,木幡初也,52.0,16,05,4,4,0,0.1,6,70.3,"1103",0,0,0,6,4,35.7,462,谷原義明,美,110,11102827,01153,00402,0316140705,平岡茂樹,平岡牧場,イーグルカフェ,ミスアモン,メジロライアン,鹿毛,110312,    9.7,  ,    ,46.9
16,04,17,1,福島,4,07,500万下・牝,23,芝,0,1200,稍,ツクバアラモード  ,牝,6,丸田恭介,55.0,16,06,10,10,0,0.5,4,70.7,"1107",0,0,0,8,7,36,454,田中清隆,美,0,10103319,01117,00408,0316140706,細谷武史,真歌伊藤牧場,サムライハート,バレリアン,アジュディケーティング,栗毛,100216,    7.5,  ,    ,46.4
16,04,17,1,福島,4,07,500万下・牝,23,芝,0,1200,稍,ノーブルサイレンス,牝,5,杉原誠人,55.0,16,07,13,13,0,0.9,14,71.1,"1111",0,0,0,11,9,36,442,松永康利,美,0,11103468,01135,01093,0316140707,吉木伸彦,城地清満,マイネルラヴ,エイシンサイレンス,サンデーサイレンス,青鹿,110320,   67.4,  ,    ,47.5
16,04,17,1,福島,4,07,500万下・牝,23,芝,0,1200,稍,エスペランサナナ  ,牝,5,鮫島良太,55.0,16,08,8,8,0,0.4,16,70.6,"1106",0,0,0,15,16,34.9,458,西橋豊治,栗,0,11105704,01099,00434,0316140708,江上幸隆,杵臼牧場,フジキセキ,ロングディライト,ミルジヨージ,鹿毛,110214,  185.3,  ,    ,52.3
16,04,17,1,福島,4,07,500万下・牝,23,芝,0,1200,稍,ワイレアワヒネ    ,牝,5,木幡巧也,52.0,16,09,16,16,0,3.8,11,74,"1140",0,0,0,9,11,39.2,498,池添兼雄,栗,0,11104919,01162,01021,0316140709,横瀬兼二,対馬正,タイキシャトル,プリティタヤス,マーベラスサンデー,栗毛,110313,   35.6,  ,    ,38.8
16,04,17,1,福島,4,07,500万下・牝,23,芝,0,1200,稍,ホーリーシュラウド,牝,4,加藤祥太,53.0,16,10,14,14,0,1.2,3,71.4,"1114",0,0,0,6,7,36.8,434,斉藤崇史,栗,0,12104180,01156,01151,0316140710,星野康三,社台ファーム,"Cape Cross",オンヴェラ,"Smart Strike",黒鹿,120225,    5.6,  ,    ,44.0
16,04,17,1,福島,4,07,500万下・牝,23,芝,0,1200,稍,テイクウォーニング,牝,4,古川吉洋,55.0,16,11,15,15,0,1.4,8,71.6,"1116",0,0,0,3,2,37.3,484,藤岡健一,栗,0,12101540,01015,01062,0316140711,H.H.シェイク・モハ,ダーレー・ジャパン,ディープスカイ,ゴールドサンライズ,"Forty Niner",栗毛,120216,   17.5,  ,    ,42.0
16,04,17,1,福島,4,07,500万下・牝,23,芝,0,1200,稍,ダイワズットラブ  ,牝,4,川須栄彦,55.0,16,12,2,2,0,0,7,70.2,"1102",0,0,0,11,11,35.1,442,池上昌弘,美,280,12104140,01128,00390,0316140712,大城敬三,社台ファーム,ハーツクライ,ウインドヴェイン,エリシオ,栗毛,120315,   15.8,  ,    ,50.0
16,04,17,1,福島,4,07,500万下・牝,23,芝,0,1200,稍,テンテマリ        ,牝,5,長岡禎仁,53.0,16,13,11,11,0,0.6,1,70.8,"1108",0,0,0,16,14,34.8,448,柄崎孝,美,0,11105901,01142,00380,0316140713,三度屋,辻牧場,スズカフェニックス,テンイムホウ,ラムタラ,黒鹿,110412,    4.6,  ,    ,53.4
16,04,17,1,福島,4,07,500万下・牝,23,芝,0,1200,稍,クローソー        ,牝,4,藤懸貴志,55.0,16,14,1,1,0,0,10,70.2,"1102",0,0,0,9,9,35.3,418,平田修,栗,700,12104802,01138,01082,0316140714,大島昌也,ノーザンファーム,ハービンジャー,ブリトマルティス,スペシャルウィーク,鹿毛,120308,   34.0,  ,    ,48.9
16,04,17,1,福島,4,07,500万下・牝,23,芝,0,1200,稍,ラホーヤビーチ    ,牝,4,森一馬,55.0,16,15,9,9,0,0.5,9,70.7,"1107",0,0,0,3,4,36.3,458,松永昌博,栗,0,12103499,01139,01083,0316140715,ヒダカ・ブリーダー,藤原牧場,タイキシャトル,エアラホーヤ,ボストンハーバー,青鹿,120327,   24.5,  ,    ,44.8
16,04,17,1,福島,4,07,500万下・牝,23,芝,0,1200,稍,トキワ            ,牝,4,石橋脩,55.0,16,16,5,5,0,0.1,12,70.3,"1103",0,0,0,13,14,34.9,462,西村真幸,栗,70,12102200,01077,01148,0316140716,田畑利彦,上村清志,エンパイアメーカー,ルナジェーナ,フォーティナイナー,鹿毛,120324,   37.5,  ,    ,51.4
16,04,17,1,福島,4,08,500万下,23,ダ,1,1700,稍,ジャズダンサー    ,牝,6,黛弘人,55.0,13,01,12,12,0,3.6,3,109.5,"1495",0,8,9,10,11,41.2,440,藤原辰雄,美,0,10102642,01109,00435,0316140801,グランド牧場,グランド牧場,フジキセキ,ジャズカーニバル,マヤノトップガン,栃栗,100120,    8.8,  ,    ,40.4
16,04,17,1,福島,4,08,500万下,23,ダ,1,1700,稍,サトノマジカル    ,牝,4,荻野極,52.0,13,02,6,6,0,2.6,11,108.5,"1485",0,10,9,12,11,40.1,406,村山明,栗,0,12101986,01160,01107,0316140802,里見治,モリナガファーム,ステイゴールド,ミラクルファンタジ,スキャン,青鹿,120222,  135.0,  ,    ,43.0
16,04,17,1,福島,4,08,500万下,23,ダ,1,1700,稍,コスモバーダン    ,牡,4,丹内祐次,57.0,13,03,10,10,0,3.5,9,109.4,"1494",0,1,1,1,2,42,514,水野貴広,美,0,12102942,01091,01094,0316140803,ビッグレッドファー,大西ファーム,ヴァーミリアン,レディラック,タイキシャトル,鹿毛,120421,   67.8,  ,    ,37.5
16,04,17,1,福島,4,08,500万下,23,ダ,1,1700,稍,トシファイブスター,牡,6,中井裕二,56.0,13,04,13,13,0,8.3,10,114.2,"1542",0,3,3,13,13,45.4,446,飯田雄三,栗,0,10102124,01141,01050,0316140804,田畑利彦,鮫川啓一,フジキセキ,ゴールドグレース,エリシオ,黒鹿,100418,  123.7,  ,    ,32.7
16,04,17,1,福島,4,08,500万下,23,ダ,1,1700,稍,ロードプレステージ,牡,4,鮫島良太,57.0,13,05,4,4,0,2.1,2,108,"1480",0,12,12,7,4,40.1,434,昆貢,栗,110,12102298,01099,01044,0316140805,ロードホースクラブ,ケイアイファーム,ネオユニヴァース,タッチアス,Mineshaft,黒鹿,120317,    4.1,  ,    ,42.4
16,04,17,1,福島,4,08,500万下,23,ダ,1,1700,稍,タイムアラウド    ,牡,6,村田一誠,57.0,13,06,3,3,0,1.9,5,107.8,"1478",0,13,12,10,9,39.5,462,木原一良,栗,180,10104443,01031,01033,0316140806,シルクレーシング,社台コーポレーショ,ダイワメジャー,タイムトラベリング,ブライアンズタイム,鹿毛,100318,   17.6,  ,    ,44.3
16,04,17,1,福島,4,08,500万下,23,ダ,1,1700,稍,カボスチャン      ,牝,4,木幡巧也,52.0,13,07,7,7,0,2.8,7,108.7,"1487",0,3,3,2,3,41.2,434,牧光二,美,0,12104414,01162,01106,0316140807,ケンレーシング組合,社台ファーム,タニノギムレット,マルカパール,サンデーサイレンス,黒鹿,120512,   21.6,  ,    ,39.4
16,04,17,1,福島,4,08,500万下,23,ダ,1,1700,稍,メイショウキシドウ,牡,4,小島太一,57.0,13,08,9,9,0,3.4,8,109.3,"1493",0,2,2,5,4,41.5,488,小島太,美,0,12104293,01097,01013,0316140808,松本和子,社台コーポレーショ,メイショウサムソン,チャペルコンサート,サンデーサイレンス,鹿毛,120317,   39.2,  ,    ,39.1
16,04,17,1,福島,4,08,500万下,23,ダ,1,1700,稍,サトノコスミック  ,牡,4,古川吉洋,57.0,13,09,11,11,0,3.6,13,109.5,"1495",0,7,6,9,10,41.4,454,的場均,美,0,12103984,01015,01063,0316140809,里見治,追分ファーム,ゼンノロブロイ,オールピュール,"Touch Gold",黒鹿,120203,  148.5,  ,    ,39.7
16,04,17,1,福島,4,08,500万下,23,ダ,1,1700,稍,ディアコンチェルト,牡,4,勝浦正樹,57.0,13,10,1,1,0,-1.1,1,105.9,"1459",0,10,9,3,1,38.3,456,高木登,美,700,12103387,01025,01088,0316140810,ディアレストクラブ,八田ファーム,サムライハート,サイレントベッド,ソウルオブザマター,黒鹿,120228,    1.6,  ,    ,46.3
16,04,17,1,福島,4,08,500万下,23,ダ,1,1700,稍,ルミラークル      ,牡,5,木幡初也,54.0,13,11,5,5,0,2.1,12,108,"1480",0,8,8,7,4,40,486,小野次郎,美,70,11104175,01153,01125,0316140811,Basic,社台ファーム,フジキセキ,ヴィエールソンリ,Cryptoclearance,青鹿,110220,  138.4,  ,    ,42.7
16,04,17,1,福島,4,08,500万下,23,ダ,1,1700,稍,ライブザドリーム  ,牝,4,北村友一,55.0,13,12,8,8,0,3,6,108.9,"1489",0,3,5,3,4,41.3,500,飯田祐史,栗,0,12105867,01102,01139,0316140812,高昭牧場,高昭牧場,シニスターミニスター,トレトレジョリ,オジジアン,鹿毛,120207,   19.3,  ,    ,39.3
16,04,17,1,福島,4,08,500万下,23,ダ,1,1700,稍,クリノダイシャリン,牡,4,藤田菜七,54.0,13,13,2,2,0,1.1,4,107,"1470",0,6,6,5,4,39.2,500,高市圭二,美,280,12100286,01164,01014,0316140813,栗本博晴,佐藤信広,ゼンノロブロイ,ボーイントンキャニオン,"Gone West",栗毛,120224,   12.4,  ,    ,44.3
16,04,17,1,福島,4,09,500万下・牝,23,ダ,1,1150,稍,パイナワレア      ,牝,4,原田和真,52.0,16,01,11,11,0,1.3,8,71.4,"1114",0,0,0,12,11,37.7,468,栗田徹,美,0,12105691,01143,01127,0316140901,山口功一郎,日本中央競馬会日高,ヨハネスブルグ,バクシンスクリーン,サクラバクシンオー,栗毛,120324,   20.1,  ,    ,47.5
16,04,17,1,福島,4,09,500万下・牝,23,ダ,1,1150,稍,レモンイエロー    ,牝,4,長岡禎仁,53.0,16,02,4,4,0,0.4,11,70.5,"1105",0,0,0,7,5,37.2,440,羽月友彦,栗,110,12104922,01142,01091,0316140902,青芝商事,ノーザンファーム,サクラバクシンオー,ルーシーショー,フジキセキ,鹿毛,120212,   49.8,  ,    ,47.7
16,04,17,1,福島,4,09,500万下・牝,23,ダ,1,1150,稍,カワキタキャッスル,牝,4,中井裕二,54.0,16,03,15,15,0,4.4,14,74.5,"1145",0,0,0,3,8,41.7,474,浜田多実,栗,0,12100166,01141,01138,0316140903,川島吉男,川島牧場,ケイムホーム,テイクオンミー,サンデーサイレンス,黒鹿,120326,   75.7,  ,    ,35.8
16,04,17,1,福島,4,09,500万下・牝,23,ダ,1,1150,稍,セングウ          ,牝,4,和田翼,54.0,16,04,3,3,0,0.2,5,70.3,"1103",0,0,0,9,8,36.9,456,加藤敬二,栗,180,12105263,01146,00379,0316140904,重松國建,榊原敏明,マイネルセレクト,ホクザンパール,クリスタルグリツターズ,栗毛,120405,    7.5,  ,    ,48.7
16,04,17,1,福島,4,09,500万下・牝,23,ダ,1,1150,稍,センコウノマイヒメ,牝,4,木幡巧也,52.0,16,05,16,16,0,4.5,16,74.6,"1146",0,0,0,10,13,41.1,484,杉浦宏昭,美,0,12105368,01162,01008,0316140905,ホースアディクト,谷口牧場,スタチューオブリバティ,ジャンレーヴ,スキャン,黒鹿,120429,  299.9,  ,    ,38.9
16,04,17,1,福島,4,09,500万下・牝,23,ダ,1,1150,稍,リンガスヴィグラス,牝,4,藤田菜七,52.0,16,06,7,7,0,0.7,2,70.8,"1108",0,0,0,14,14,37,460,高橋祥泰,美,0,12103592,01164,00359,0316140906,伊藤巖,三木田牧場,サウスヴィグラス,リンガスローレル,サクラローレル,鹿毛,120215,    4.7,  ,    ,49.7
16,04,17,1,福島,4,09,500万下・牝,23,ダ,1,1150,稍,ダイワポデスタ    ,牝,4,宮崎北斗,55.0,16,07,12,12,0,2,12,72.1,"1121",0,0,0,12,11,38.4,486,菊沢隆徳,美,0,12104212,01118,01115,0316140907,大城敬三,社台ファーム,ダイワメジャー,グリッターズ,Glitterman,黒鹿,120425,   51.1,  ,    ,45.7
16,04,17,1,福島,4,09,500万下・牝,23,ダ,1,1150,稍,カレンローザネーラ,牝,4,石橋脩,55.0,16,08,8,8,0,0.8,3,70.9,"1109",0,0,0,1,1,38.3,464,安田隆行,栗,0,12101477,01077,00438,0316140908,鈴木隆司,高柳隆男,サムライハート,カレンママ,エンドスウィープ,鹿毛,120506,    6.0,  ,    ,42.9
16,04,17,1,福島,4,09,500万下・牝,23,ダ,1,1150,稍,ゼクト            ,牝,4,古川吉洋,55.0,16,09,1,1,0,0,1,70.1,"1101",0,0,0,3,3,37.2,460,大根田裕,栗,700,12102235,01015,01032,0316140909,宮田美恵子,小野秀治,サウスヴィグラス,スターオブジェンヌ,アジュディケーティング,黒鹿,120204,    4.2,  ,    ,46.5
16,04,17,1,福島,4,09,500万下・牝,23,ダ,1,1150,稍,ライブリヘイロー  ,牝,6,藤懸貴志,55.0,16,10,5,5,0,0.6,13,70.7,"1107",0,0,0,6,5,37.5,484,千田輝彦,栗,70,10103512,01138,01120,0316140910,加藤哲郎,大川牧場,キングヘイロー,ライブリウイナー,ニホンピロウイナー,鹿毛,100331,   52.6,  ,    ,46.6
16,04,17,1,福島,4,09,500万下・牝,23,ダ,1,1150,稍,メイショウルナ    ,牝,5,木幡初也,52.0,16,11,2,2,0,0,10,70.1,"1101",0,0,0,7,5,36.8,502,池添兼雄,栗,280,11105998,01153,01021,0316140911,松本好雄,日の出牧場,スタチューオブリバティ,チルシーカー,"Seeking the Gold",鹿毛,110328,   32.4,  ,    ,48.7
16,04,17,1,福島,4,09,500万下・牝,23,ダ,1,1150,稍,ヴァローア        ,牝,4,北村友一,55.0,16,12,14,14,0,4.2,7,74.3,"1143",0,0,0,15,15,40.2,464,奥村豊,栗,0,12105360,01102,01146,0316140912,ターフ・スポート,谷川牧場,エンパイアメーカー,ボーントゥブーギー,Tobougg,鹿毛,120328,   19.7,  ,    ,42.5
16,04,17,1,福島,4,09,500万下・牝,23,ダ,1,1150,稍,レディーピンク    ,牝,6,勝浦正樹,55.0,16,13,6,6,0,0.6,9,70.7,"1107",0,0,0,3,3,37.9,450,伊藤正徳,美,0,10103203,01025,00383,0316140913,小林博雄,原達也,シニスターミニスター,ワイルドピンク,タイキシャトル,鹿毛,100311,   22.0,  ,    ,44.4
16,04,17,1,福島,4,09,500万下・牝,23,ダ,1,1150,稍,ビアンコカンドーレ,牝,5,中谷雄太,55.0,16,14,13,13,0,3.3,15,73.4,"1134",0,0,0,16,15,39.2,446,西村真幸,栗,0,11104025,01038,01148,0316140914,吉田勝己,ノーザンファーム,チチカステナンゴ,フサイチミニヨン,サンデーサイレンス,芦毛,110201,  114.9,  ,    ,45.2
16,04,17,1,福島,4,09,500万下・牝,23,ダ,1,1150,稍,サンマルメジャール,牝,4,丹内祐次,55.0,16,15,10,10,0,1,4,71.1,"1111",0,0,0,10,8,37.6,466,山内研二,栗,0,12105194,01091,00388,0316140915,相馬勇,木戸口牧場,カネヒキリ,マサノメジャー,シンボリクリスエス,鹿毛,120206,    7.0,  ,    ,47.2
16,04,17,1,福島,4,09,500万下・牝,23,ダ,1,1150,稍,ビットアリエス    ,牝,5,荻野極,52.0,16,16,9,9,0,0.8,6,70.9,"1109",0,0,0,2,2,38.3,456,牧田和弥,栗,0,11102929,01160,01123,0316140916,礒川正明,エクセルマネジメン,ヨハネスブルグ,レッドバラード,"Saint Ballado",青鹿,110312,    9.3,  ,    ,42.9
16,04,17,1,福島,4,10,雪うさぎ500*,23,芝,0,1200,稍,ブロワ            ,牝,3,嘉藤貴行,54.0,16,01,3,3,0,0.4,6,70.5,"1105",0,0,0,1,1,36,452,尾関知人,美,220,13103812,01051,01103,0316141001,ミルファーム,ミルファーム,メイショウボーラー,タマビッグエックス,リドヘイム,黒鹿,130604,   11.5,  ,    ,45.8
16,04,17,1,福島,4,10,雪うさぎ500*,23,芝,0,1200,稍,キンシロケット    ,牡,3,加藤祥太,56.0,16,02,5,5,0,0.9,8,71,"1110",0,0,0,5,6,36.2,474,浅見秀一,栗,89,13100658,01156,00411,0316141002,若草クラブ,千葉飯田牧場,ジャングルポケット,ビオジオズベイビー,"Belong to Me",鹿毛,130217,   15.1,  ,    ,46.1
16,04,17,1,福島,4,10,雪うさぎ500*,23,芝,0,1200,稍,ラブミーロード    ,牝,3,藤懸貴志,54.0,16,03,9,9,0,1.2,13,71.3,"1113",0,0,0,5,5,36.5,446,沖芳夫,栗,0,13104263,01138,00378,0316141003,小林祥晃,静内酒井牧場,ディープスカイ,ベラミロード,アレミロード,鹿毛,130329,   87.4,  ,    ,45.3
16,04,17,1,福島,4,10,雪うさぎ500*,23,芝,0,1200,稍,メイショウアタカマ,牡,3,森一馬,56.0,16,04,10,10,0,1.4,15,71.5,"1115",0,0,0,9,8,36.3,460,本田優,栗,0,13104023,01139,01099,0316141004,松本和子,岡田牧場,マツリダゴッホ,キタノツムジカゼ,アフリート,鹿毛,130218,  111.7,  ,    ,47.0
16,04,17,1,福島,4,10,雪うさぎ500*,23,芝,0,1200,稍,サニーデイヒーロー,セ,3,宮崎北斗,56.0,16,05,11,11,0,2.2,14,72.3,"1123",0,0,0,2,2,37.7,454,菊川正達,美,0,13103954,01118,01052,0316141005,岡田牧雄,岡田スタツド,マツリダゴッホ,ジャスミンリーフ,ヘクタープロテクター,栗毛,130206,   91.8,  ,    ,41.8
16,04,17,1,福島,4,10,雪うさぎ500*,23,芝,0,1200,稍,アリアカンタービレ,牝,3,川須栄彦,54.0,16,06,13,13,0,2.6,10,72.7,"1127",0,0,0,9,10,37.6,430,高橋康之,栗,0,13104407,01128,01135,0316141006,ヒダカ・ブリーダー,谷岡牧場,ロージズインメイ,サクラアリア,マンハッタンカフェ,青鹿,130331,   35.1,  ,    ,43.4
16,04,17,1,福島,4,10,雪うさぎ500*,23,芝,0,1200,稍,メイショウトキン  ,牡,3,中井裕二,56.0,16,07,8,8,0,1.2,9,71.3,"1113",0,0,0,14,12,35.9,458,安達昭夫,栗,0,13103624,01141,01042,0316141007,松本好雄,富田牧場,メイショウボーラー,メイショウフェーヴ,フレンチデピュティ,黒鹿,130219,   18.4,  ,    ,48.6
16,04,17,1,福島,4,10,雪うさぎ500*,23,芝,0,1200,稍,キーナンバー      ,牡,3,古川吉洋,56.0,16,08,2,2,0,0.3,11,70.4,"1104",0,0,0,3,2,35.7,492,宮徹,栗,360,13103167,01015,01018,0316141008,北前孔一郎,村下農場,デュランダル,キーポケット,デヒア,栗毛,130508,   50.8,  ,    ,47.2
16,04,17,1,福島,4,10,雪うさぎ500*,23,芝,0,1200,稍,ナックビーナス    ,牝,3,勝浦正樹,54.0,16,09,1,1,0,-0.3,1,70.1,"1101",0,0,0,3,2,35.4,502,杉浦宏昭,美,890,13105736,01025,01008,0316141009,小松欣也,社台ファーム,ダイワメジャー,レディトゥプリーズ,"More Than Ready",青鹿,130311,    3.0,  ,    ,48.0
16,04,17,1,福島,4,10,雪うさぎ500*,23,芝,0,1200,稍,プリンセスオーラ  ,牝,3,西村太一,54.0,16,10,0,0,4,999.9,12,0,"----",0,0,0,8,8,0,432,新開幸一,美,0,13102967,01131,01116,0316141010,大森悌次,鮫川啓一,ドリームジャーニー,アランフェスロマン,イーグルカフェ,鹿毛,130227,   74.7,  ,    , 0.0
16,04,17,1,福島,4,10,雪うさぎ500*,23,芝,0,1200,稍,ヒルダ            ,牝,3,杉原誠人,54.0,16,11,6,6,0,1,2,71.1,"1111",0,0,0,13,12,35.8,460,黒岩陽一,美,0,13106014,01135,01133,0316141011,吉田和美,ノーザンファーム,ダイワメジャー,バロネスサッチャー,Johannesburg,栗毛,130126,    4.2,  ,    ,48.6
16,04,17,1,福島,4,10,雪うさぎ500*,23,芝,0,1200,稍,エビスリアン      ,牡,3,横山和生,56.0,16,12,0,0,4,999.9,4,0,"----",0,0,0,9,12,0,470,加藤征弘,美,0,13102798,01140,01059,0316141012,加藤晃央,恵比寿牧場,アドマイヤムーン,エビスオール,"Chief Seattle",鹿毛,130513,    9.6,  ,    , 0.0
16,04,17,1,福島,4,10,雪うさぎ500*,23,芝,0,1200,稍,ファジーネーブル  ,牝,3,田中博康,54.0,16,13,12,12,0,2.4,16,72.5,"1125",0,0,0,16,16,36.9,406,石毛善彦,美,0,13104690,01104,00428,0316141013,ミルファーム,畠山牧場,タニノギムレット,ヤマシロギク,アフリート,黒鹿,130225,  167.7,  ,    ,46.5
16,04,17,1,福島,4,10,雪うさぎ500*,23,芝,0,1200,稍,ショウナンアヴィド,牡,3,中谷雄太,56.0,16,14,7,7,0,1.1,5,71.2,"1112",0,0,0,14,12,35.7,480,須貝尚介,栗,0,13100724,01038,01105,0316141014,湘南,中原牧場,ゼンノロブロイ,ショウナンサリーレ,キャプテンスティーヴ,青鹿,130320,   10.1,  ,    ,49.4
16,04,17,1,福島,4,10,雪うさぎ500*,23,芝,0,1200,稍,アテンフェスタ    ,牡,3,和田翼,56.0,16,15,4,4,0,0.7,7,70.8,"1108",0,0,0,5,6,36,476,田中章博,栗,130,13103507,01146,00413,0316141015,河村隆平,多田善弘,ナカヤマフェスタ,ニューフェアリー,フレンチデピュティ,栗毛,130426,   14.8,  ,    ,46.7
16,04,17,1,福島,4,10,雪うさぎ500*,23,芝,0,1200,稍,カキツバタチグサ  ,牡,3,丹内祐次,56.0,16,16,0,0,4,999.9,3,0,"----",0,0,0,9,10,0,502,岩戸孝樹,美,0,13102718,01091,01051,0316141016,芳賀克也,富田恭司,パイロ,アラデヤ,Machiavellian,鹿毛,130510,    8.9,  ,    , 0.0
16,04,17,1,福島,4,11,奥の細道1000,43,芝,0,2600,稍,フジノサムライ    ,牡,4,杉原誠人,57.0,15,01,11,11,0,1.8,13,165.7,"2457",0,6,6,11,13,38.6,522,作田誠二,栗,0,12100116,01135,01006,0316141101,栗本博晴,柏木一則,スクリーンヒーロー,カシノヴィガ,デヒア,黒鹿,120324,   82.5,  ,    ,48.8
16,04,17,1,福島,4,11,奥の細道1000,43,芝,0,2600,稍,ウインインスパイア,牡,5,黛弘人,57.0,15,02,1,1,0,0,9,163.9,"2439",0,3,3,5,4,37.6,448,高橋祥泰,美,1400,11101476,01109,00359,0316141102,ウイン,本桐牧場,タニノギムレット,ハギノオマージュ,サンデーサイレンス,黒鹿,110405,   19.0,  ,    ,50.8
16,04,17,1,福島,4,11,奥の細道1000,43,芝,0,2600,稍,ラルプデュエズ    ,牡,6,北村友一,57.0,15,03,5,5,0,0.3,4,164.2,"2442",0,1,1,1,1,38.2,494,大久保龍,栗,140,10104248,01102,01058,0316141103,吉田勝己,ノーザンファーム,チチカステナンゴ,ビーポジティブ,サンデーサイレンス,黒鹿,100419,    7.8,  ,    ,49.0
16,04,17,1,福島,4,11,奥の細道1000,43,芝,0,2600,稍,プレストウィック  ,牡,5,津村明秀,57.0,15,04,3,3,0,0,1,163.9,"2439",0,10,10,5,4,37.6,528,武藤善則,美,350,11104030,01092,01064,0316141104,シルクレーシング,ノーザンファーム,ダイワメジャー,フーラクサ,Linamix,芦毛,110424,    3.5,  ,    ,50.8
16,04,17,1,福島,4,11,奥の細道1000,43,芝,0,2600,稍,ゴーゴーヒュウガ  ,牡,8,長岡禎仁,57.0,15,05,15,15,0,4.4,14,168.3,"2483",0,6,6,14,14,40.9,450,柄崎孝,美,0,08100933,01142,00380,0316141105,永井啓弍,北海道静内農業高等,スズカマンボ,フリソデ,Mujtahid,鹿毛,080516,  234.3,  ,    ,43.4
16,04,17,1,福島,4,11,奥の細道1000,43,芝,0,2600,稍,サトノフェアリー  ,牝,6,丸田恭介,55.0,15,06,6,6,0,0.4,11,164.3,"2443",0,14,14,13,10,37.1,440,宗像義忠,美,0,10104164,01117,00420,0316141106,里見治,ノーザンファーム,ディープインパクト,ジャッキーテースト,カーネギー,鹿毛,100317,   50.2,  ,    ,52.9
16,04,17,1,福島,4,11,奥の細道1000,43,芝,0,2600,稍,シークレットパス  ,牡,5,丹内祐次,57.0,15,07,4,4,0,0.3,6,164.2,"2442",0,3,3,5,7,37.9,448,尾形和幸,美,210,11101773,01091,01141,0316141107,岡田牧雄,岡田スタツド,コンデュイット,フサイチディコルサ,サンデーサイレンス,芦毛,110509,   11.0,  ,    ,50.0
16,04,17,1,福島,4,11,奥の細道1000,43,芝,0,2600,稍,メイショウブシン  ,牡,6,丸山元気,57.0,15,08,2,2,0,0,2,163.9,"2439",0,12,12,8,7,37.4,482,沖芳夫,栗,560,10101965,01127,00378,0316141108,松本好雄,大島牧場,メイショウサムソン,ワイルドリリー,"Wild Again",鹿毛,100413,    4.2,  ,    ,51.5
16,04,17,1,福島,4,11,奥の細道1000,43,芝,0,2600,稍,トニーポケット    ,牡,7,高倉稜,57.0,15,09,9,9,0,1.2,12,165.1,"2451",0,12,12,11,9,38.1,480,矢作芳人,栗,0,09105430,01130,01075,0316141109,藤田浩一,ロイヤルファーム新,ジャングルポケット,デビルインマインド,ダンスインザダーク,鹿毛,090322,   57.6,  ,    ,50.0
16,04,17,1,福島,4,11,奥の細道1000,43,芝,0,2600,稍,ジューヴルエール  ,牡,6,中谷雄太,57.0,15,10,12,12,0,2.2,7,166.1,"2461",0,10,11,10,11,39.2,490,池添学,栗,0,10104309,01038,01144,0316141110,シルクレーシング,ノーザンファーム,ディープインパクト,マチカネタマカズラ,Kingmambo,黒鹿,100123,   12.6,  ,    ,47.1
16,04,17,1,福島,4,11,奥の細道1000,43,芝,0,2600,稍,ララエクラテール  ,牡,4,田中博康,57.0,15,11,14,14,0,3.6,5,167.5,"2475",0,15,14,14,14,40,416,今野貞一,栗,0,12100276,01104,01128,0316141111,フジイ興産,佐藤信広,ステイゴールド,オリミツキネン,ジヤツジアンジエルーチ,鹿毛,120501,    9.8,  ,    ,45.6
16,04,17,1,福島,4,11,奥の細道1000,43,芝,0,2600,稍,グレートヴァリュー,牡,8,石橋脩,57.0,15,12,13,13,0,2.6,15,166.5,"2465",0,5,5,9,11,39.8,448,北出成人,栗,0,08101592,01077,01078,0316141112,小林竜太郎,谷口牧場,マーベラスサンデー,パトリシアローズ,クリスタルグリツターズ,黒鹿,080429,  366.2,  ,    ,45.5
16,04,17,1,福島,4,11,奥の細道1000,43,芝,0,2600,稍,イメージガール    ,牝,6,勝浦正樹,55.0,15,13,7,7,0,0.6,8,164.5,"2445",0,9,9,2,2,38.4,482,相沢郁,美,0,10102938,01025,01020,0316141113,飯田正剛,千代田牧場,ホワイトマズル,イマジネーション,トニービン,黒鹿,100427,   17.2,  ,    ,48.5
16,04,17,1,福島,4,11,奥の細道1000,43,芝,0,2600,稍,ゴールドメイン    ,牡,6,古川吉洋,57.0,15,14,10,10,0,1.3,10,165.2,"2452",0,8,8,2,4,39.1,462,田中清隆,美,0,10103195,01015,00408,0316141114,嶋田賢,服部牧場,ファンタスティックライト,レディベローナ,サンデーサイレンス,栗毛,100323,   30.1,  ,    ,46.8
16,04,17,1,福島,4,11,奥の細道1000,43,芝,0,2600,稍,エクストレミティー,牡,5,川須栄彦,57.0,15,15,8,8,0,0.9,3,164.8,"2448",0,2,2,2,2,38.8,498,梅田智之,栗,0,11103794,01128,01084,0316141115,J.ウィルソン,ノーザンファーム,ハーツクライ,エクソセット,"Deposit Ticket",鹿毛,110306,    7.5,  ,    ,47.4
16,04,17,1,福島,4,12,浄土平特500,23,芝,0,2000,稍,セフィーロ        ,牡,5,黛弘人,57.0,16,01,9,9,0,1,5,123.1,"2031",0,9,9,12,11,38.1,464,黒岩陽一,美,0,11104168,01109,01133,0316141201,グリーンファーム,社台ファーム,ディープインパクト,ウィンドサイレンス,"A.P. Indy",鹿毛,110126,   15.0,  ,    ,45.6
16,04,17,1,福島,4,12,浄土平特500,23,芝,0,2000,稍,オルロフ          ,牡,4,北村友一,57.0,16,02,14,14,0,2.6,7,124.7,"2047",0,1,1,2,4,40.5,516,鮫島一歩,栗,0,12100620,01102,01046,0316141202,寺田寿男,ノースヒルズ,スペシャルウィーク,ラビットフット,"Seeking the Gold",黒鹿,120225,   17.2,  ,    ,39.1
16,04,17,1,福島,4,12,浄土平特500,23,芝,0,2000,稍,アピシウス        ,セ,5,杉原誠人,57.0,16,03,13,13,0,2.5,10,124.6,"2046",0,14,15,15,15,39,480,藤沢和雄,美,0,11101182,01135,00386,0316141203,山本英俊,乾皆雄,スペシャルウィーク,プレシャスラバー,ペンタイア,青鹿,110210,   33.5,  ,    ,44.1
16,04,17,1,福島,4,12,浄土平特500,23,芝,0,2000,稍,アートフェスタ    ,牡,5,丸山元気,57.0,16,04,6,6,0,0.3,3,122.4,"2024",0,4,4,6,4,37.9,494,本間忍,美,0,11106046,01127,01056,0316141204,森山進,丸幸小林牧場,ゼンノロブロイ,サンフラワーガール,タイキシャトル,黒鹿,110530,    5.2,  ,    ,45.6
16,04,17,1,福島,4,12,浄土平特500,23,芝,0,2000,稍,ヴァンデミエール  ,牝,5,嘉藤貴行,55.0,16,05,5,5,0,0.3,4,122.4,"2024",0,8,7,9,7,37.7,442,伊藤大士,美,95,11105232,01051,01109,0316141205,ミルファーム,ビッグレッドファー,アサクサデンエン,マイネアクティース,タマモクロス,鹿毛,110303,   11.2,  ,    ,46.3
16,04,17,1,福島,4,12,浄土平特500,23,芝,0,2000,稍,カゼノドリーム    ,牡,4,村田一誠,57.0,16,06,10,10,0,1.3,15,123.4,"2034",0,15,16,15,15,37.7,448,中野栄治,美,0,12102542,01031,01010,0316141206,深井孟,水上習孝,エンパイアメーカー,タイフウジョオー,サンデーサイレンス,鹿毛,120414,  124.5,  ,    ,47.4
16,04,17,1,福島,4,12,浄土平特500,23,芝,0,2000,稍,グラブザフラッグ  ,セ,4,石橋脩,57.0,16,07,2,2,0,0,1,122.1,"2021",0,7,7,1,2,37.9,482,中竹和也,栗,380,12110037,01077,01039,0316141207,前田幸治,"North Hills Co. LT",Tapit,Cornelia,"Forty Niner",栗毛,120423,    2.5,  ,    ,45.2
16,04,17,1,福島,4,12,浄土平特500,23,芝,0,2000,稍,ミスエリカ        ,牝,4,津村明秀,55.0,16,08,12,12,0,2,12,124.1,"2041",0,6,5,2,9,39.8,526,手塚貴久,美,0,12110021,01092,01038,0316141208,荒牧政美,"Stonestreet Thorou",Blame,"Le Relais","Coronado's Quest",黒鹿,120416,   44.2,  ,    ,40.8
16,04,17,1,福島,4,12,浄土平特500,23,芝,0,2000,稍,ヴァルコイネン    ,牡,5,勝浦正樹,57.0,16,09,7,7,0,0.5,2,122.6,"2026",0,13,11,2,1,38.4,470,小笠倫弘,美,0,11104343,01025,01076,0316141209,吉田照哉,社台ファーム,ホワイトマズル,ハイエストホワイト,アグネスタキオン,芦毛,110319,    4.6,  ,    ,44.0
16,04,17,1,福島,4,12,浄土平特500,23,芝,0,2000,稍,エヴァンジル      ,牝,4,宮崎北斗,55.0,16,10,3,3,0,0.1,6,122.2,"2022",0,9,9,9,7,37.5,456,菊川正達,美,240,12106281,01118,01052,0316141210,岡田牧雄,奥山博,ブラックタイド,ヴァドヴィーツェ,エリシオ,黒鹿,120417,   15.3,  ,    ,46.8
16,04,17,1,福島,4,12,浄土平特500,23,芝,0,2000,稍,ナリノパシオン    ,牡,4,古川吉洋,57.0,16,11,11,11,0,1.6,11,123.7,"2037",0,2,2,2,3,39.5,486,上原博之,美,0,12104216,01015,00423,0316141211,成塚清志,社台ファーム,グラスワンダー,ココナッツパルム,フレンチデピュティ,栗毛,120320,   35.7,  ,    ,41.4
16,04,17,1,福島,4,12,浄土平特500,23,芝,0,2000,稍,ウインセイヴィア  ,牡,4,高倉稜,57.0,16,12,16,16,0,2.7,8,124.8,"2048",0,3,3,8,11,40.2,460,清水英克,美,0,12100255,01130,01080,0316141212,ウイン,コスモヴューファー,コンデュイット,モエレカトリーナ,ゴールドヘイロー,栗毛,120305,   31.4,  ,    ,40.2
16,04,17,1,福島,4,12,浄土平特500,23,芝,0,2000,稍,コアレスフェーブル,牝,4,木幡初也,55.0,16,13,15,15,0,2.7,13,124.8,"2048",0,4,5,9,14,40,418,武井亮,美,0,12102159,01153,01147,0316141213,小林昌志,雅牧場,ダイタクリーヴァ,コアレスパティオ,トウカイテイオー,鹿毛,120505,   60.6,  ,    ,40.9
16,04,17,1,福島,4,12,浄土平特500,23,芝,0,2000,稍,ネルトスグアサ    ,牡,6,原田和真,57.0,16,14,4,4,0,0.2,16,122.3,"2023",0,12,13,14,11,37,470,小桧山悟,美,140,10105019,01143,01005,0316141214,福田光博,中脇満,アドマイヤジャパン,ヒカルヤマト,ニホンピロウイナー,黒鹿,100422,  150.0,  ,    ,48.8
16,04,17,1,福島,4,12,浄土平特500,23,芝,0,2000,稍,コスモメリー      ,牝,5,丹内祐次,55.0,16,15,1,1,0,0,14,122.1,"2021",0,9,11,6,4,37.6,428,金成貴史,美,950,11101467,01091,01132,0316141215,ビッグレッドファー,幌村牧場,アドマイヤジャパン,ダンシングメリー,シンボリルドルフ,鹿毛,110324,   91.1,  ,    ,46.3
16,04,17,1,福島,4,12,浄土平特500,23,芝,0,2000,稍,クリールハヤテ    ,牡,7,加藤祥太,57.0,16,16,8,8,0,0.5,9,122.6,"2026",0,15,14,12,10,37.6,482,笹田和秀,栗,0,09101516,01156,01104,0316141216,横山修二,ケイアイファーム,アドマイヤムーン,エイトディズアパート,"Forest Wildcat",栗毛,090331,   33.4,  ,    ,46.9
16,04,23,1,福島,5,01,未勝利,7,ダ,1,1150,良,コドウ            ,牝,3,宮崎北斗,54.0,16,01,5,5,0,0.9,15,70.6,"1106",0,0,0,13,11,37.4,418,菅原泰夫,美,50,13100120,01118,00415,0316150101,島川隆哉,エスティファーム,ジャングルポケット,バーガンディレッド,"Star de Naskra",栗毛,130327,  260.1,  ,    ,46.8
16,04,23,1,福島,5,01,未勝利,7,ダ,1,1150,良,アルーリングハート,牝,3,加藤祥太,52.0,16,02,10,10,0,1.8,9,71.5,"1115",0,0,0,14,13,38.1,460,西村真幸,栗,0,13105307,01156,01148,0316150102,吉田和子,社台コーポレーショ,ダイワメジャー,アルーリングボイス,フレンチデピュティ,栗毛,130115,   45.4,  ,    ,45.6
16,04,23,1,福島,5,01,未勝利,7,ダ,1,1150,良,サーブルクーリール,牝,3,木幡巧也,51.0,16,03,3,3,0,0.7,6,70.4,"1104",0,0,0,3,3,38,462,久保田貴,美,130,13110093,01162,01067,0316150103,吉田和子,"Audley End","Tale of the Cat",Savviest,"El Corredor",青鹿,130220,   13.8,  ,    ,43.0
16,04,23,1,福島,5,01,未勝利,7,ダ,1,1150,良,ラインスラッガー  ,牡,3,伴啓太,54.0,16,04,8,8,0,1.5,12,71.2,"1112",0,0,0,9,11,38.3,464,蛯名利弘,美,0,13102012,01149,01131,0316150104,大澤繁昌,松本信行,ベーカバド,ノットローズハート,スキャン,鹿毛,130309,  108.5,  ,    ,43.7
16,04,23,1,福島,5,01,未勝利,7,ダ,1,1150,良,ビバラビダ        ,牝,3,長岡禎仁,52.0,16,05,6,6,0,1,5,70.7,"1107",0,0,0,6,6,38.1,452,石栗龍彦,美,0,13103416,01142,01043,0316150105,桐谷茂,久保昇,スウィフトカレント,リバティスプライト,サクラバクシンオー,鹿毛,130414,    8.6,  ,    ,43.3
16,04,23,1,福島,5,01,未勝利,7,ダ,1,1150,良,クリプトスコード  ,牝,3,勝浦正樹,54.0,16,06,1,1,0,0,3,69.7,"1097",0,0,0,1,1,37.7,476,田島俊明,美,500,13103944,01025,01112,0316150106,ノルマンディーサラ,岡田スタツド,ロージズインメイ,クラックコード,ダンスインザダーク,栗毛,130419,    4.3,  ,    ,42.6
16,04,23,1,福島,5,01,未勝利,7,ダ,1,1150,良,シゲルカマス      ,牝,3,川須栄彦,54.0,16,07,9,9,0,1.5,8,71.2,"1112",0,0,0,9,6,38.3,428,日吉正和,栗,0,13104853,01128,01122,0316150107,森中蕃,前田牧場,ファスリエフ,シゲルアサヒダケ,ネオユニヴァース,鹿毛,130306,   22.4,  ,    ,43.7
16,04,23,1,福島,5,01,未勝利,7,ダ,1,1150,良,コウユーハレノヒ  ,牡,3,西田雄一,56.0,16,08,16,16,0,10.1,13,79.8,"1198",0,0,0,16,16,41.4,454,松永康利,美,0,13106483,01004,01093,0316150108,加治屋貞光,大林ファーム,ディープスカイ,エスクルシーヴァ,アドマイヤジャパン,栗毛,130507,  135.7,  ,    ,51.2
16,04,23,1,福島,5,01,未勝利,7,ダ,1,1150,良,グランアルバス    ,牡,3,松若風馬,56.0,16,09,4,4,0,0.8,2,70.5,"1105",0,0,0,9,10,37.6,460,森秀行,栗,75,13100932,01154,00427,0316150109,飯田訓大,本間牧場,シンボリクリスエス,マルハチリプリー,バブルガムフェロー,鹿毛,130309,    4.0,  ,    ,45.5
16,04,23,1,福島,5,01,未勝利,7,ダ,1,1150,良,スリージェット    ,牡,3,黛弘人,56.0,16,10,12,12,0,1.9,7,71.6,"1116",0,0,0,8,6,38.9,484,伊藤圭三,美,0,13104134,01109,01023,0316150110,永井商事,グランド牧場,サウスヴィグラス,ジョンコ,アグネスタキオン,栗毛,130424,   17.3,  ,    ,41.7
16,04,23,1,福島,5,01,未勝利,7,ダ,1,1150,良,パーティザンマイ  ,セ,3,嘉藤貴行,56.0,16,11,14,14,0,2.2,16,71.9,"1119",0,0,0,15,15,38.3,446,松山将樹,美,0,13100937,01051,01100,0316150111,ミルファーム,前川義則,ブラックタキシード,クリスマスアウィン,マイニング,鹿毛,130528,  305.0,  ,    ,45.7
16,04,23,1,福島,5,01,未勝利,7,ダ,1,1150,良,スマートバーベナ  ,牝,3,森裕太朗,51.0,16,12,13,13,0,2.2,14,71.9,"1119",0,0,0,3,6,39.5,398,飯田祐史,栗,0,13106297,01165,01139,0316150112,鳴戸雄一,三嶋牧場,アドマイヤムーン,スマートオーシャン,"Mr. Greeley",栗毛,130425,  247.6,  ,    ,39.5
16,04,23,1,福島,5,01,未勝利,7,ダ,1,1150,良,キキズブルーム    ,牝,3,井上敏樹,52.0,16,13,11,11,0,1.8,11,71.5,"1115",0,0,0,12,14,38.5,464,成島英春,美,0,13106266,01151,00433,0316150113,加藤徹,大狩部牧場,ディープスカイ,アナステーシア,ソヴィエトスター,鹿毛,130429,   78.2,  ,    ,43.5
16,04,23,1,福島,5,01,未勝利,7,ダ,1,1150,良,ケイジーファルコン,牡,3,柴山雄一,56.0,16,14,7,7,0,1.5,4,71.2,"1112",0,0,0,6,4,38.6,430,萱野浩二,美,0,13104278,05243,01024,0316150114,鹿倉勝爾,静内フジカワ牧場,アグネスデジタル,ストロベリーパフェ,ブライアンズタイム,栗毛,130414,    7.3,  ,    ,42.1
16,04,23,1,福島,5,01,未勝利,7,ダ,1,1150,良,ピースワンハーツ  ,牝,3,三浦皇成,54.0,16,15,15,15,0,2.3,10,72,"1120",0,0,0,3,4,39.6,414,古賀慎明,美,0,13102334,01122,01079,0316150115,長谷川成利,佐藤陽一,ゼンノロブロイ,ラクシャリーラス,ノーザンテースト,青鹿,130222,   45.5,  ,    ,39.3
16,04,23,1,福島,5,01,未勝利,7,ダ,1,1150,良,コパノマイケル    ,牡,3,松山弘平,56.0,16,16,2,2,0,0,1,69.7,"1097",0,0,0,2,2,37.6,498,村山明,栗,200,13100295,01126,01107,0316150116,小林祥晃,三城牧場,ゴールドアリュール,ジョウノイザベラ,ウォーニング,栗毛,130419,    3.8,  ,    ,43.1
16,04,23,1,福島,5,02,未勝利・牝,7,芝,0,2000,良,ブリーズドゥメール,牝,3,三浦皇成,54.0,16,01,9,9,0,2.4,9,122.7,"2027",0,1,1,2,3,38.8,428,鹿戸雄一,美,0,13105553,01122,01097,0316150201,村野康司,社台ファーム,ヴィクトワールピサ,ディオニージア,"Tejano Run",青鹿,130320,   46.6,  ,    ,42.7
16,04,23,1,福島,5,02,未勝利・牝,7,芝,0,2000,良,スコルツェッテ    ,牝,3,柴山雄一,54.0,16,02,3,3,0,0.7,7,121,"2010",0,13,12,10,6,36.3,450,勢司和浩,美,130,13105996,05243,01047,0316150202,キャロットファーム,社台コーポレーショ,ハービンジャー,ドルチェリモーネ,サンデーサイレンス,鹿毛,130125,   13.2,  ,    ,50.0
16,04,23,1,福島,5,02,未勝利・牝,7,芝,0,2000,良,レイホービンテージ,牝,3,荻野極,51.0,16,03,13,13,0,4.3,12,124.6,"2046",0,15,15,15,15,35.6,474,谷潔,栗,0,13103580,01160,00431,0316150203,永井啓弍,辻牧場,スズカフェニックス,スズカビンテージ,Vindication,鹿毛,130225,   85.8,  ,    ,57.1
16,04,23,1,福島,5,02,未勝利・牝,7,芝,0,2000,良,アピアリング      ,牝,3,吉田隼人,54.0,16,04,11,11,0,3.2,1,123.5,"2035",0,2,2,3,6,39.5,494,高木登,美,0,13104961,01095,01088,0316150204,前原敏行,チャンピオンズファ,ステイゴールド,ジョリブロンド,トニービン,鹿毛,130426,    2.9,  ,    ,41.1
16,04,23,1,福島,5,02,未勝利・牝,7,芝,0,2000,良,ワイドチキチータ  ,牝,3,井上敏樹,52.0,16,05,10,10,0,3.1,13,123.4,"2034",0,8,7,6,6,39,412,武井亮,美,0,13103197,01151,01147,0316150205,幅田昌伸,吉田ファーム,ハービンジャー,ワイドサファイア,アグネスタキオン,黒鹿,130331,   86.8,  ,    ,42.7
16,04,23,1,福島,5,02,未勝利・牝,7,芝,0,2000,良,リュクスプレスト  ,牝,3,伴啓太,52.0,16,06,14,14,0,4.9,15,125.2,"2052",0,11,12,14,13,39.4,396,大和田成,美,0,13105620,01149,01124,0316150206,田畑憲士,社台ファーム,ハービンジャー,ブローザキャンドル,サンデーサイレンス,栗毛,130425,  425.3,  ,    ,43.3
16,04,23,1,福島,5,02,未勝利・牝,7,芝,0,2000,良,ジェミナ          ,牝,3,藤岡佑介,54.0,16,07,6,6,0,1.4,3,121.7,"2017",0,14,14,12,11,36.5,428,野中賢二,栗,0,13105491,01093,01098,0316150207,社台レースホース,社台ファーム,ハービンジャー,ジェルミナル,アグネスタキオン,鹿毛,130316,    7.0,  ,    ,50.0
16,04,23,1,福島,5,02,未勝利・牝,7,芝,0,2000,良,アポロオスカー    ,牝,3,西田雄一,54.0,16,08,4,4,0,0.9,5,121.2,"2012",0,6,7,6,9,36.8,434,岩戸孝樹,美,75,13103013,01004,01051,0316150208,アポロサラブレッド,大北牧場,スペシャルウィーク,ペリーヌ,トニービン,鹿毛,130419,    7.4,  ,    ,48.3
16,04,23,1,福島,5,02,未勝利・牝,7,芝,0,2000,良,ゴールドエフォート,牝,3,勝浦正樹,54.0,16,09,5,5,0,1.4,4,121.7,"2017",0,10,10,6,4,37.3,446,田島俊明,美,50,13105986,01025,01112,0316150209,シルクレーシング,社台コーポレーショ,カンパニー,トゥルーゴールド,フレンチデピュティ,栗毛,130301,    7.1,  ,    ,47.0
16,04,23,1,福島,5,02,未勝利・牝,7,芝,0,2000,良,ハイクラスバイオ  ,牝,3,木幡巧也,51.0,16,10,8,8,0,1.6,16,121.9,"2019",0,11,11,10,9,37.2,424,松山将樹,美,0,13100703,01162,01100,0316150210,バイオ,中館牧場,ブラックタイド,クレヴァネスバイオ,カーネギー,鹿毛,130404,  495.6,  ,    ,47.6
16,04,23,1,福島,5,02,未勝利・牝,7,芝,0,2000,良,アドリア          ,牝,3,大野拓弥,54.0,16,11,15,15,0,9.9,10,130.2,"2102",0,4,4,12,14,45,518,二ノ宮敬,美,0,13100564,01096,00409,0316150211,H.H.シェイク・モハ,ダーレー・ジャパン,ヴィクトワールピサ,ヴァレッタ,"Cape Cross",鹿毛,130404,   54.9,  ,    ,31.1
16,04,23,1,福島,5,02,未勝利・牝,7,芝,0,2000,良,クリノサンスーシ  ,牝,3,幸英明,54.0,16,12,1,1,0,-0.1,2,120.3,"2003",0,6,6,1,1,36.5,428,大根田裕,栗,500,13100214,00732,01032,0316150212,栗本博晴,木村牧場,ベーカバド,スターオブジュニパー,"Sadler's Wells",鹿毛,130416,    5.0,  ,    ,48.4
16,04,23,1,福島,5,02,未勝利・牝,7,芝,0,2000,良,デルマガラシャ    ,牝,3,北村友一,54.0,16,13,0,0,4,999.9,14,0,"----",0,16,16,0,0,0,498,和田正道,美,0,13100870,01102,00353,0316150213,浅沼廣幸,ファニーヒルファー,ミリオンディスク,フレンドリービューティ,Stalwart,鹿毛,130530,  167.8,  ,    , 0.0
16,04,23,1,福島,5,02,未勝利・牝,7,芝,0,2000,良,ヒメタチバナ      ,牝,3,田辺裕信,54.0,16,14,2,2,0,0.1,6,120.4,"2004",0,9,9,4,2,36.3,460,柴田政人,美,200,13104536,01075,01007,0316150214,岡田勇,千代田牧場,ナカヤマフェスタ,ルージュマジック,アフリート,黒鹿,130403,   12.8,  ,    ,49.3
16,04,23,1,福島,5,02,未勝利・牝,7,芝,0,2000,良,ラブミーリル      ,牝,3,長岡禎仁,52.0,16,15,7,7,0,1.4,8,121.7,"2017",0,4,4,5,4,37.5,378,小島茂之,美,0,13106400,01142,01068,0316150215,小林祥晃,ヤナガワ牧場,ハービンジャー,グッデーコパ,マンハッタンカフェ,青鹿,130312,   18.4,  ,    ,46.2
16,04,23,1,福島,5,02,未勝利・牝,7,芝,0,2000,良,ラチェット        ,牝,3,丸山元気,54.0,16,16,12,12,0,3.4,11,123.7,"2037",0,3,3,6,11,39.2,450,和田雄二,美,0,13104001,01127,01143,0316150216,荻伏服部牧場,岡田スタツド,フレンチデピュティ,ライフブリーズ,ステイゴールド,栗毛,130215,   75.7,  ,    ,42.4
16,04,23,1,福島,5,03,未勝利,7,ダ,1,1700,良,テイエムクック    ,牡,3,長岡禎仁,54.0,15,01,3,3,0,0.5,12,108,"1480",0,10,10,14,11,38.5,444,石栗龍彦,美,130,13101993,01142,01043,0316150301,竹園正繼,松浦牧場,マンハッタンカフェ,エキセントリック,マルゼンスキー,黒鹿,130625,   89.3,  ,    ,48.5
16,04,23,1,福島,5,03,未勝利,7,ダ,1,1700,良,タイセイプレゼンス,牡,3,川須栄彦,56.0,15,02,4,4,0,0.6,11,108.1,"1481",0,14,14,11,9,38.9,488,高橋義忠,栗,75,13102934,01128,01129,0316150302,田中成奉,高昭牧場,プリサイスエンド,バグワイザー,Kingmambo,黒鹿,130329,   55.9,  ,    ,47.0
16,04,23,1,福島,5,03,未勝利,7,ダ,1,1700,良,キングシャーロック,牡,3,井上敏樹,54.0,15,03,13,13,0,3.8,13,111.3,"1513",0,15,15,15,15,39.8,470,和田正一,美,0,13102127,01151,01114,0316150303,吉岡泰治,山岡ファーム,キングヘイロー,キャッチアップ,アフリート,鹿毛,130503,  214.2,  ,    ,48.0
16,04,23,1,福島,5,03,未勝利,7,ダ,1,1700,良,ビップトイトイトイ,牡,3,松若風馬,56.0,15,04,14,14,0,4.1,9,111.6,"1516",0,1,1,5,8,43.1,478,清水久詞,栗,0,13104428,01154,01110,0316150304,鈴木邦英,田原橋本牧場,ホワイトマズル,サンゴノウミヲ,フジキセキ,黒鹿,130326,   44.8,  ,    ,36.7
16,04,23,1,福島,5,03,未勝利,7,ダ,1,1700,良,フォルテミノル    ,牡,3,幸英明,56.0,15,05,1,1,0,-0.3,8,107.5,"1475",0,12,12,7,6,38.7,464,北出成人,栗,500,13102232,00732,01078,0316150305,吉岡實,折手牧場,ワークフォース,アヴェニューズレディ,"Avenue of Flags",鹿毛,130408,   36.0,  ,    ,47.0
16,04,23,1,福島,5,03,未勝利,7,ダ,1,1700,良,ヤマタケジャイアン,セ,3,丸山元気,56.0,15,06,15,15,0,5,6,112.5,"1525",0,2,2,7,14,43.8,448,萱野浩二,美,0,13103229,01127,01024,0316150306,山中和子,浦河小林牧場,ジャイアントレッカー,トシザサンサン,ブラックタイアフェアー,芦毛,130320,   29.7,  ,    ,35.6
16,04,23,1,福島,5,03,未勝利,7,ダ,1,1700,良,ショークール      ,牡,3,加藤祥太,54.0,15,07,5,5,0,0.7,1,108.2,"1482",0,2,3,1,2,40.2,504,庄野靖志,栗,50,13102154,01156,01087,0316150307,吉冨学,若林牧場,カネヒキリ,コーディング,"Mark of Esteem",栗毛,130507,    2.1,  ,    ,42.3
16,04,23,1,福島,5,03,未勝利,7,ダ,1,1700,良,ベストサポーター  ,牡,3,黛弘人,56.0,15,08,9,9,0,1.7,15,109.2,"1492",0,13,13,12,11,39.9,492,和田雄二,美,0,13104425,01109,01143,0316150308,西村新一郎,田原橋本牧場,アサクサキングス,アシュワー,Diktat,青鹿,130423,  416.9,  ,    ,44.7
16,04,23,1,福島,5,03,未勝利,7,ダ,1,1700,良,ウインピアチェーレ,牡,3,嘉藤貴行,56.0,15,09,10,10,0,1.8,10,109.3,"1493",0,4,4,7,9,40.5,470,大和田成,美,0,13106274,01051,01124,0316150309,ウイン,絵笛牧場,メイショウボーラー,ピアチェモルト,ブライアンズタイム,黒鹿,130503,   46.1,  ,    ,42.7
16,04,23,1,福島,5,03,未勝利,7,ダ,1,1700,良,ノーブルサンズ    ,牝,3,勝浦正樹,54.0,15,10,11,11,0,1.9,7,109.4,"1494",0,6,6,3,4,41.2,436,田村康仁,美,0,13103352,01025,01027,0316150310,吉木伸彦,ガーベラパークスタ,ゴールドアリュール,シルククインビー,キングカメハメハ,栗毛,130425,   33.2,  ,    ,40.3
16,04,23,1,福島,5,03,未勝利,7,ダ,1,1700,良,ナポレオンズワード,牡,3,柴山雄一,56.0,15,11,8,8,0,1.1,2,108.6,"1486",0,4,4,3,3,40.5,478,上原博之,美,0,13101293,05243,00423,0316150311,ヒダカ・ブリーダー,岩見牧場,エンパイアメーカー,オーサムチャーム,"Awesome Again",黒鹿,130411,    2.5,  ,    ,41.7
16,04,23,1,福島,5,03,未勝利,7,ダ,1,1700,良,サトノスピードオー,牡,3,三浦皇成,56.0,15,12,7,7,0,0.9,4,108.4,"1484",0,8,6,5,5,40,520,高柳瑞樹,美,0,13105506,01122,01118,0316150312,里見治,社台ファーム,ダノンシャンティ,ストームティグレス,"Storm Cat",青鹿,130227,   13.5,  ,    ,43.3
16,04,23,1,福島,5,03,未勝利,7,ダ,1,1700,良,シゲルシマダイ    ,牡,3,大野拓弥,56.0,15,13,2,2,0,0.3,3,107.8,"1478",0,6,8,2,1,39.8,510,伊藤正徳,美,200,13103496,01096,00383,0316150313,森中蕃,高野牧場,プリサイスエンド,ナナコフレスコ,メジロライアン,鹿毛,130509,    9.2,  ,    ,43.2
16,04,23,1,福島,5,03,未勝利,7,ダ,1,1700,良,ハーモニーフォルス,牡,3,木幡巧也,53.0,15,14,12,12,0,3.1,14,110.6,"1506",0,9,9,12,11,41.3,476,黒岩陽一,美,0,13102142,01162,01133,0316150314,日下部勝徳,芳住鉄兵,ベーカバド,コトノハ,フジキセキ,鹿毛,130215,  366.4,  ,    ,41.5
16,04,23,1,福島,5,03,未勝利,7,ダ,1,1700,良,スマートメダリオン,牡,3,田辺裕信,56.0,15,15,6,6,0,0.9,5,108.4,"1484",0,11,10,7,6,39.7,486,吉田直弘,栗,0,13100962,01075,01101,0316150315,トニー倶楽部,増尾牧場,ゴールドアリュール,ウッドウインド,ティンバーカントリー,栗毛,130317,   23.8,  ,    ,44.4
16,04,23,1,福島,5,04,障害・オープ,131,芝,2,3380,良,グレイトエンブレム,セ,6,平沢健治,60.0,14,01,3,3,0,0.8,6,226.8,"3468",0,1,1,1,1,13.4,426,作田誠二,栗,330,10104869,01067,01006,0316150401,小川勲,信成牧場,シニスターミニスター,レイクミード,ダンスインザダーク,栗毛,100418,   12.8,  ,    , 0.0
16,04,23,1,福島,5,04,障害・オープ,131,芝,2,3380,良,カシマシンセイ    ,牡,7,山本康志,61.0,14,02,7,7,0,2.4,5,228.4,"3484",0,6,7,7,7,13.5,514,奥村武,美,0,09100276,01008,01145,0316150402,松浦一久,大西ファーム,アッミラーレ,ミルフィーユ,リアルシヤダイ,鹿毛,090511,   10.5,  ,    , 0.0
16,04,23,1,福島,5,04,障害・オープ,131,芝,2,3380,良,ハクサンゲイン    ,牡,4,金子光希,59.0,14,03,11,11,0,3.5,10,229.5,"3495",0,11,12,11,11,13.6,460,浅野洋一,美,0,12105656,01052,00421,0316150403,篠崎恒雄,モトスファーム,タイムパラドックス,ローモンドガール,Montbrook,栗毛,120402,   42.4,  ,    , 0.0
16,04,23,1,福島,5,04,障害・オープ,131,芝,2,3380,良,リヴゴーシュ      ,セ,4,西谷誠,59.0,14,04,10,10,0,2.9,3,228.9,"3489",0,9,8,8,7,13.5,506,中竹和也,栗,0,12100619,01005,01039,0316150404,ノースヒルズ,ノースヒルズ,ハーツクライ,ライヴ,"Storm Cat",栗毛,120413,    6.6,  ,    , 0.0
16,04,23,1,福島,5,04,障害・オープ,131,芝,2,3380,良,シゲルヒタチ      ,牡,5,植野貴也,60.0,14,05,13,13,0,4.8,13,230.8,"3508",0,7,9,13,13,13.7,494,木原一良,栗,0,11106292,00727,01033,0316150405,森中蕃,大樹ファーム,タイキシャトル,タイキプロバンス,トワイニング,栗毛,110331,  126.1,  ,    , 0.0
16,04,23,1,福島,5,04,障害・オープ,131,芝,2,3380,良,テイエムオペラドン,牡,7,中村将之,62.0,14,06,2,2,0,0.6,2,226.6,"3466",0,4,4,2,2,13.4,476,浜田多実,栗,520,09100335,01101,01138,0316150406,竹園正繼,川越ファーム,テイエムオペラオー,テイエムオーシャン,ダンシングブレーヴ,鹿毛,090313,    5.5,  ,    , 0.0
16,04,23,1,福島,5,04,障害・オープ,131,芝,2,3380,良,アイティテイオー  ,牡,8,浜野谷憲,60.0,14,07,6,6,0,2.4,9,228.4,"3484",0,13,13,10,9,13.5,472,竹内正洋,美,0,08104413,00695,01152,0316150407,一ノ瀬恭,川島牧場,ムーンバラッド,ローレルデフィー,ラムタラ,栗毛,080505,   30.6,  ,    , 0.0
16,04,23,1,福島,5,04,障害・オープ,131,芝,2,3380,良,パスティ          ,牡,7,上野翔,61.0,14,08,1,1,0,-0.6,8,226,"3460",0,7,6,5,3,13.4,460,武井亮,美,1300,09100897,01087,01147,0316150408,坂田行夫,吉田又治,マンハッタンカフェ,サムソンレッド,Caerleon,鹿毛,090502,   17.6,  ,    , 0.0
16,04,23,1,福島,5,04,障害・オープ,131,芝,2,3380,良,ドクタールキア    ,牝,6,大江原圭,58.0,14,09,5,5,0,1.7,14,227.7,"3477",0,2,2,6,6,13.5,468,根本康広,美,130,10100524,01120,01029,0316150409,松岡悟,庄野牧場,キングヘイロー,ドクターベローナ,メジロライアン,鹿毛,100322,  150.5,  ,    , 0.0
16,04,23,1,福島,5,04,障害・オープ,131,芝,2,3380,良,ウメジマダイオー  ,牡,7,石神深一,60.0,14,10,8,8,0,2.4,12,228.4,"3484",0,9,10,9,10,13.5,520,星野忍,美,0,09102028,01059,01030,0316150410,村田滋,高橋啓,ブラックホーク,フレンチティー,フレンチデピュティ,鹿毛,090227,   86.0,  ,    , 0.0
16,04,23,1,福島,5,04,障害・オープ,131,芝,2,3380,良,マイネルアダマス  ,牡,7,五十嵐雄,62.0,14,11,12,12,0,3.6,7,229.6,"3496",0,11,10,11,12,13.6,434,菅原泰夫,美,0,09104662,01069,00415,0316150411,サラブレッドクラブ,コスモヴューファー,アドマイヤマックス,マイネディアマンテ,マヤノトップガン,鹿毛,090221,   17.2,  ,    , 0.0
16,04,23,1,福島,5,04,障害・オープ,131,芝,2,3380,良,ヴィクトリースター,牡,8,白浜雄造,60.0,14,12,4,4,0,1.1,4,227.1,"3471",0,4,4,2,3,13.4,476,吉村圭司,栗,200,08102584,01035,01130,0316150412,サンデーレーシング,追分ファーム,ディープインパクト,ヴィクトリークライ,Caerleon,鹿毛,080429,    9.8,  ,    , 0.0
16,04,23,1,福島,5,04,障害・オープ,131,芝,2,3380,良,カシノデューク    ,牡,7,蓑島靖典,60.0,14,13,14,14,0,5.2,11,231.2,"3512",0,14,14,14,14,13.7,502,二本柳俊,美,0,09109199,01068,00370,0316150413,柏木務,本田土寿,アメリカンボス,ビーナス,サクラローレル,栗毛,090228,   82.2,  ,    , 0.0
16,04,23,1,福島,5,04,障害・オープ,131,芝,2,3380,良,ピンクマン        ,牡,4,熊沢重文,59.0,14,14,9,9,0,2.4,1,228.4,"3484",0,2,2,2,5,13.5,436,池添兼雄,栗,0,12105240,00652,01021,0316150414,福本圭佐,金成吉田牧場,ネオユニヴァース,ビシャーラ,Alhaarth,黒鹿,120404,    2.2,  ,    , 0.0
16,04,23,1,福島,5,05,障害未勝利,7,芝,2,2770,良,アイハヴアドリーム,セ,5,江田勇亮,60.0,9,01,8,8,0,5.4,9,188.1,"3081",0,5,5,8,8,13.6,540,高橋文雅,美,0,11103918,01023,01134,0316150501,馬場幸夫,ノーザンファーム,ゼンノロブロイ,ステージヴァージン,トニービン,青毛,110212,   38.5,  ,    , 0.0
16,04,23,1,福島,5,05,障害未勝利,7,芝,2,2770,良,アルテミシア      ,牝,6,浜野谷憲,58.0,9,02,1,1,0,-0.1,7,182.7,"3027",0,2,2,2,2,13.2,486,古賀史生,美,750,10101239,00695,00392,0316150502,岡田牧雄,小河豊水,クロフネ,エイシンアイノウタ,サンデーサイレンス,鹿毛,100529,   29.6,  ,    , 0.0
16,04,23,1,福島,5,05,障害未勝利,7,芝,2,2770,良,グレイトハスラー  ,牡,5,平沢健治,60.0,9,03,6,6,0,2.1,3,184.8,"3048",0,7,6,6,6,13.3,476,作田誠二,栗,0,11109001,01067,01006,0316150503,小川勲,荒谷牧場,キャプテンスティーヴ,グランドアピア,デュラブ,栗毛,110323,    6.1,  ,    , 0.0
16,04,23,1,福島,5,05,障害未勝利,7,芝,2,2770,良,クリノイザナミ    ,牝,5,大江原圭,58.0,9,04,7,7,0,5.4,6,188.1,"3081",0,6,6,7,7,13.6,440,高橋義博,美,0,11102962,01120,01036,0316150504,栗本博晴,様似渡辺牧場,ディープインパクト,クリームパフ,ブライアンズタイム,青毛,110307,   23.5,  ,    , 0.0
16,04,23,1,福島,5,05,障害未勝利,7,芝,2,2770,良,ララオムドゥクー  ,牡,4,石神深一,59.0,9,05,2,2,0,0.1,1,182.8,"3028",0,3,3,3,3,13.2,474,粕谷昌央,美,300,12106048,01059,01096,0316150505,フジイ興産,ヒダカフアーム,ブライアンズタイム,アジタート,タイキシャトル,鹿毛,120513,    2.7,  ,    , 0.0
16,04,23,1,福島,5,05,障害未勝利,7,芝,2,2770,良,ラガーギアチェンジ,牡,5,黒岩悠,60.0,9,06,3,3,0,0.5,2,183.2,"3032",0,1,1,1,1,13.2,478,清水久詞,栗,190,11101489,01072,01110,0316150506,奥村啓二,前川正美,ハーツクライ,アンティックドール,"Fusaichi Pegasus",青鹿,110227,    3.0,  ,    , 0.0
16,04,23,1,福島,5,05,障害未勝利,7,芝,2,2770,良,ヴァッフシュテルケ,牡,5,中村将之,60.0,9,07,9,9,0,10.9,8,193.6,"3136",0,9,9,9,9,14,492,岩元市三,栗,0,11106102,01101,00397,0316150507,宮内牧場,宮内牧場,ダイワメジャー,イサミサクラ,アイネスフウジン,青鹿,110305,   35.7,  ,    , 0.0
16,04,23,1,福島,5,05,障害未勝利,7,芝,2,2770,良,トーセンメリッサ  ,牝,4,小野寺祐,57.0,9,08,5,5,0,2.1,5,184.8,"3048",0,8,8,5,5,13.3,448,成島英春,美,75,12101108,01123,00433,0316150508,島川隆哉,エスティファーム,トーセンブライト,トーセンマドンナ,マンハッタンカフェ,青毛,120416,    7.5,  ,    , 0.0
16,04,23,1,福島,5,05,障害未勝利,7,芝,2,2770,良,アビスコ          ,牡,6,金子光希,60.0,9,09,4,4,0,1.9,4,184.6,"3046",0,3,4,4,4,13.3,484,二ノ宮敬,美,110,10100532,01052,00409,0316150509,金子真人ホールディ,白井牧場,クロフネ,ギガンティア,"Fusaichi Pegasus",芦毛,100216,    7.4,  ,    , 0.0
16,04,23,1,福島,5,06,500万下・牝,23,ダ,1,1700,良,エクストラペトル  ,牝,4,菱田裕二,55.0,15,01,4,4,0,0.5,3,107.3,"1473",0,6,5,2,2,39.7,448,加藤征弘,美,110,12104080,01144,01059,0316150601,キャロットファーム,社台コーポレーショ,キングカメハメハ,ライラックレーン,Bahri,鹿毛,120604,    8.5,  ,    ,42.9
16,04,23,1,福島,5,06,500万下・牝,23,ダ,1,1700,良,パヴェダイヤモンド,牝,4,川須栄彦,55.0,15,02,5,5,0,1,8,107.8,"1478",0,12,10,7,6,39.8,432,友道康夫,栗,70,12104794,01128,01061,0316150602,大塚亮一,ノーザンファーム,ゼンノロブロイ,フレンチバレリーナ,フレンチデピュティ,栗毛,120130,   45.4,  ,    ,43.2
16,04,23,1,福島,5,06,500万下・牝,23,ダ,1,1700,良,アイヅラブリー    ,牝,5,大野拓弥,55.0,15,03,7,7,0,1.3,14,108.1,"1481",0,14,15,14,13,39.5,476,佐藤吉勝,美,0,11100691,01096,01035,0316150603,真部晴徳,ナカノファーム,ハイアーゲーム,プレーミオ,グラスワンダー,鹿毛,110322,  179.0,  ,    ,44.7
16,04,23,1,福島,5,06,500万下・牝,23,ダ,1,1700,良,エンドレストライ  ,牝,5,長岡禎仁,53.0,15,04,2,2,0,0.1,2,106.9,"1469",0,13,13,11,8,38.4,474,武市康男,美,280,11102201,01142,01089,0316150604,飯田正剛,千代田牧場,ゼンノロブロイ,エンドレスガール,プリサイスエンド,黒鹿,110530,    7.4,  ,    ,47.3
16,04,23,1,福島,5,06,500万下・牝,23,ダ,1,1700,良,パパラヴズマンボ  ,牝,4,黛弘人,55.0,15,05,6,6,0,1.1,4,107.9,"1479",0,7,7,2,3,40.2,440,藤原辰雄,美,0,12102883,01109,00435,0316150605,グランド牧場,グランド牧場,スズカマンボ,プリモタイム,ブライアンズタイム,青鹿,120326,   11.9,  ,    ,41.9
16,04,23,1,福島,5,06,500万下・牝,23,ダ,1,1700,良,マラケシュ        ,牝,4,吉田隼人,55.0,15,06,9,9,0,2.1,13,108.9,"1489",0,14,13,14,10,40.2,472,佐藤吉勝,美,0,12100864,01095,01035,0316150606,片山博志,村上牧場,ヴァーミリアン,ボンジュールカレン,ゴールドアリュール,青鹿,120527,  171.6,  ,    ,43.2
16,04,23,1,福島,5,06,500万下・牝,23,ダ,1,1700,良,スマートノエル    ,牝,4,幸英明,55.0,15,07,13,13,0,5.3,1,112.1,"1521",0,9,7,7,10,44.1,470,吉田直弘,栗,0,12102129,00732,01101,0316150607,大川徹,坂東牧場,ヴァーミリアン,スマートパルス,クロフネ,鹿毛,120228,    1.5,  ,    ,34.1
16,04,23,1,福島,5,06,500万下・牝,23,ダ,1,1700,良,ラブユー          ,牝,5,田辺裕信,55.0,15,08,1,1,0,-0.1,6,106.8,"1468",0,1,1,1,1,39.5,494,清水英克,美,700,11102027,01075,01080,0316150608,サンコウ牧場,サンコウ牧場,マーベラスサンデー,ファンタジー,パークリージエント,栗毛,110427,   15.1,  ,    ,42.9
16,04,23,1,福島,5,06,500万下・牝,23,ダ,1,1700,良,レスペート        ,牝,4,嘉藤貴行,55.0,15,09,8,8,0,1.7,11,108.5,"1485",0,7,9,7,7,40.6,462,田中清隆,美,0,12103471,01051,00408,0316150609,フジワラ・ファーム,フジワラフアーム,エンパイアメーカー,スズカノフジアロー,アサティス,鹿毛,120508,   69.7,  ,    ,41.2
16,04,23,1,福島,5,06,500万下・牝,23,ダ,1,1700,良,ラウレアメモリー  ,牝,4,西田雄一,55.0,15,10,14,14,0,6.8,15,113.6,"1536",0,2,2,11,15,45.2,420,岩戸孝樹,美,0,12102983,01004,01051,0316150610,横瀬兼二,静内フジカワ牧場,スウェプトオーヴァーボード,ダイアモンドタヤス,タヤスツヨシ,芦毛,120409,  257.8,  ,    ,32.5
16,04,23,1,福島,5,06,500万下・牝,23,ダ,1,1700,良,シームリー        ,牝,4,松山弘平,55.0,15,11,15,15,0,7.5,5,114.3,"1543",0,3,3,5,14,46.5,450,飯田雄三,栗,0,12103642,01126,01050,0316150611,岡田壮史,岡田スタツド,アグネスデジタル,スマートストーム,アグネスタキオン,栗毛,120507,   12.6,  ,    ,29.5
16,04,23,1,福島,5,06,500万下・牝,23,ダ,1,1700,良,カボスチャン      ,牝,4,木幡巧也,52.0,15,12,10,10,0,2.7,12,109.5,"1495",0,5,6,5,4,41.7,430,牧光二,美,0,12104414,01162,01106,0316150612,ケンレーシング組合,社台ファーム,タニノギムレット,マルカパール,サンデーサイレンス,黒鹿,120512,   70.9,  ,    ,38.7
16,04,23,1,福島,5,06,500万下・牝,23,ダ,1,1700,良,コウセイマユヒメ  ,牝,5,木幡初也,52.0,15,13,3,3,0,0.2,9,107,"1470",0,10,10,7,4,39.1,458,中野栄治,美,180,11104568,01153,01010,0316150613,杉安浩一郎,石郷岡雅樹,サムライハート,コリーナデルナ,ホワイトマズル,鹿毛,110406,   62.1,  ,    ,44.7
16,04,23,1,福島,5,06,500万下・牝,23,ダ,1,1700,良,シャンタルエット  ,牝,4,松若風馬,55.0,15,14,11,11,0,2.7,7,109.5,"1495",0,10,12,11,8,41.1,472,鈴木孝志,栗,0,12104857,01154,01111,0316150614,サンデーレーシング,ノーザンファーム,メイショウサムソン,マリーシャンタル,サンデーサイレンス,鹿毛,120217,   22.3,  ,    ,40.8
16,04,23,1,福島,5,06,500万下・牝,23,ダ,1,1700,良,マラカイトスター  ,牝,4,三浦皇成,55.0,15,15,12,12,0,5.1,10,111.9,"1519",0,3,3,2,10,44.3,456,伊藤伸一,美,0,12102321,01122,01031,0316150615,本間茂,斉藤スタッド,シニスターミニスター,シークレットソング,カリズマティック,栗毛,120501,   68.7,  ,    ,33.2
16,04,23,1,福島,5,07,未勝利,7,芝,0,1800,良,ヌーベルデフィー  ,牝,3,長岡禎仁,52.0,16,01,12,12,0,2.6,13,111.1,"1511",0,11,12,14,14,37.6,432,岩戸孝樹,美,0,13104503,01142,01051,0316150701,ライオンレースホー,千代田牧場,クロフネ,ピサノバーキン,サンデーサイレンス,栗毛,130216,  130.0,  ,    ,47.7
16,04,23,1,福島,5,07,未勝利,7,芝,0,1800,良,インペリアルスピア,牡,3,藤岡佑介,56.0,16,02,3,3,0,0.2,2,108.7,"1487",0,8,8,5,3,36,424,飯田祐史,栗,130,13101670,01093,01139,0316150702,野田善己,中村弘昭,スペシャルウィーク,マザーズウィッシュ,タイキシャトル,栗毛,130331,    7.9,  ,    ,51.0
16,04,23,1,福島,5,07,未勝利,7,芝,0,1800,良,キョウエイレグナム,牡,3,木幡巧也,53.0,16,03,10,10,0,2,16,110.5,"1505",0,9,8,8,9,37.7,458,萱野浩二,美,0,13101131,01162,01024,0316150703,田中晴夫,高橋啓,ロージズインメイ,ナスノファイン,マンハッタンカフェ,鹿毛,130313,  282.4,  ,    ,46.6
16,04,23,1,福島,5,07,未勝利,7,芝,0,1800,良,グアディアーナ    ,牝,3,井上敏樹,52.0,16,04,13,13,0,2.8,11,111.3,"1513",0,16,15,15,14,37.1,470,小島茂之,美,0,13101369,01151,01068,0316150704,藤田孟司,川上牧場,ハービンジャー,マンチャ,"King's Best",鹿毛,130413,  116.5,  ,    ,50.0
16,04,23,1,福島,5,07,未勝利,7,芝,0,1800,良,シャリオヴァルト  ,牡,3,田辺裕信,56.0,16,05,1,1,0,-0.2,1,108.5,"1485",0,14,13,12,9,35.3,450,尾関知人,美,500,13101799,01075,01103,0316150705,前田幸治,ノースヒルズ,マンハッタンカフェ,エミナ,Danehill,鹿毛,130420,    1.7,  ,    ,53.7
16,04,23,1,福島,5,07,未勝利,7,芝,0,1800,良,トモジャハリーフ  ,牡,3,丸山元気,56.0,16,06,9,9,0,1.8,5,110.3,"1503",0,3,4,5,5,37.6,448,栗田博憲,美,0,13103786,01127,00341,0316150706,吉冨学,宮内牧場,バゴ,トップジョリー,ジョリーズヘイロー,黒鹿,130512,    9.2,  ,    ,46.7
16,04,23,1,福島,5,07,未勝利,7,芝,0,1800,良,アルコナチュラーレ,牡,3,川島信二,56.0,16,07,11,11,0,2.1,9,110.6,"1506",0,11,10,8,12,37.7,514,矢作芳人,栗,0,13104677,01062,01075,0316150707,ヒダカ・ブリーダー,畠山牧場,シンボリクリスエス,アルコセニョーラ,ステイゴールド,鹿毛,130415,   58.3,  ,    ,46.7
16,04,23,1,福島,5,07,未勝利,7,芝,0,1800,良,コンゴウリキ      ,セ,3,黛弘人,56.0,16,08,15,15,0,5.3,12,113.8,"1538",0,14,16,16,16,39,432,藤原辰雄,美,0,13104744,01109,00435,0316150708,浅田次郎,藤川フアーム,マツリダゴッホ,コンゴウエンジェル,"Salt Lake",栗毛,130501,  126.1,  ,    ,45.9
16,04,23,1,福島,5,07,未勝利,7,芝,0,1800,良,キークラッカー    ,牡,3,吉田隼人,56.0,16,09,4,4,0,0.8,4,109.3,"1493",0,6,6,8,11,36.4,492,土田稔,美,75,13101628,01095,00417,0316150709,北前孔一郎,対馬正,ジャングルポケット,ウーマンインレッド,ステイゴールド,鹿毛,130322,    9.0,  ,    ,50.1
16,04,23,1,福島,5,07,未勝利,7,芝,0,1800,良,クリンクリン      ,牡,3,伴啓太,54.0,16,10,7,7,0,1.1,8,109.6,"1496",0,7,6,2,2,37.1,480,黒岩陽一,美,0,13101617,01149,01133,0316150710,スリースターズレー,大作ステーブル,ゴールドヘイロー,マイラヴユアラヴ,"Josr Algarhoud",鹿毛,130401,   37.3,  ,    ,47.7
16,04,23,1,福島,5,07,未勝利,7,芝,0,1800,良,シゲルコブダイ    ,牝,3,川須栄彦,54.0,16,11,8,8,0,1.1,15,109.6,"1496",0,13,13,12,12,36.3,410,伊藤正徳,美,0,13105065,01128,00383,0316150711,森中蕃,サイファーム,オペラハウス,アミューズ,ウインマーベラス,鹿毛,130324,  230.1,  ,    ,51.0
16,04,23,1,福島,5,07,未勝利,7,芝,0,1800,良,カパオパンゴ      ,牡,3,勝浦正樹,56.0,16,12,2,2,0,0.2,6,108.7,"1487",0,10,10,11,5,35.7,480,田中剛,美,200,13106176,01025,01119,0316150712,吉田勝己,社台コーポレーショ,ハービンジャー,レティセントガール,フォーティナイナー,黒鹿,130121,   10.8,  ,    ,52.2
16,04,23,1,福島,5,07,未勝利,7,芝,0,1800,良,コスモハイタッチ  ,牡,3,大野拓弥,56.0,16,13,16,16,0,6.8,10,115.3,"1553",0,1,1,2,5,42.9,498,大竹正博,美,0,13104616,01096,01102,0316150713,ビッグレッドファー,中田浩美,ハイアーゲーム,プラセール,ヘクタープロテクター,鹿毛,130519,   84.5,  ,    ,34.4
16,04,23,1,福島,5,07,未勝利,7,芝,0,1800,良,コスモボーラー    ,牡,3,嘉藤貴行,56.0,16,14,6,6,0,0.9,7,109.4,"1494",0,4,4,5,5,36.8,442,松永康利,美,0,13106344,01051,01093,0316150714,ビッグレッドファー,日西牧場,メイショウボーラー,ダービーゾーン,サニーブライアン,鹿毛,130430,   28.3,  ,    ,48.6
16,04,23,1,福島,5,07,未勝利,7,芝,0,1800,良,ウインシガーロ    ,牡,3,松山弘平,56.0,16,15,14,14,0,3.3,14,111.8,"1518",0,4,3,2,4,39.3,454,高橋裕,美,0,13101455,01126,00412,0316150715,ウイン,コスモヴューファー,マツリダゴッホ,ダイイチシガー,トニービン,鹿毛,130611,  147.8,  ,    ,42.2
16,04,23,1,福島,5,07,未勝利,7,芝,0,1800,良,ナッツスター      ,牡,3,西田雄一,56.0,16,16,5,5,0,0.9,3,109.4,"1494",0,2,2,1,1,37,440,武藤善則,美,50,13103929,01004,01064,0316150716,早川経一,岡田スタツド,マツリダゴッホ,ヴンダーゾンネ,グラスワンダー,鹿毛,130311,    8.0,  ,    ,47.8
16,04,23,1,福島,5,08,500万下,23,芝,0,1200,良,アズマクィーン    ,牝,4,幸英明,55.0,16,01,2,2,0,0.3,3,68.8,"1088",0,0,0,6,4,34.4,462,河内洋,栗,280,12101205,00732,01072,0316150801,東哲次,木村牧場,アドマイヤムーン,ハートオブクィーン,ジョリーズヘイロー,鹿毛,120305,    7.8,  ,    ,50.0
16,04,23,1,福島,5,08,500万下,23,芝,0,1200,良,ハワイアンリズ    ,牝,5,加藤祥太,53.0,16,02,10,10,0,1.2,15,69.7,"1097",0,0,0,9,9,34.9,420,森田直行,栗,0,11100359,01156,01142,0316150802,下河辺牧場,下河辺牧場,キングカメハメハ,ビッグエリザベス,サンデーサイレンス,黒鹿,110406,  192.9,  ,    ,49.7
16,04,23,1,福島,5,08,500万下,23,芝,0,1200,良,アレスバローズ    ,牡,4,藤岡佑介,57.0,16,03,1,1,0,-0.3,1,68.5,"1085",0,0,0,4,2,34.3,484,角田晃一,栗,700,12102017,01093,01121,0316150803,猪熊広次,ヤナガワ牧場,ディープインパクト,タイセイエトワール,トニービン,黒鹿,120514,    2.8,  ,    ,49.7
16,04,23,1,福島,5,08,500万下,23,芝,0,1200,良,ユメノマイホーム  ,牝,4,吉田隼人,55.0,16,04,3,3,0,0.4,4,68.9,"1089",0,0,0,9,9,34.1,444,伊藤伸一,美,180,12105635,01095,01031,0316150804,ミルファーム,ミルファーム,ストーミングホーム,ニシノユメヲミセテ,ブライアンズタイム,栗毛,120219,    8.1,  ,    ,52.1
16,04,23,1,福島,5,08,500万下,23,芝,0,1200,良,ジャストフォーユー,牡,4,木幡巧也,54.0,16,05,7,7,0,0.8,5,69.3,"1093",0,0,0,3,4,35.3,476,栗田徹,美,0,12103656,01162,01127,0316150805,ノルマンディーサラ,岡田スタツド,スペシャルウィーク,トーセンフォーユー,トニービン,鹿毛,120131,   13.3,  ,    ,46.3
16,04,23,1,福島,5,08,500万下,23,芝,0,1200,良,クラウドチェンバー,セ,7,柴山雄一,57.0,16,06,4,4,0,0.6,9,69.1,"1091",0,0,0,6,4,34.7,470,萩原清,美,110,09106357,05243,01017,0316150806,キャロットファーム,ノーザンファーム,ネオユニヴァース,ミスティーミス,"Distant Relative",鹿毛,090428,   21.2,  ,    ,49.1
16,04,23,1,福島,5,08,500万下,23,芝,0,1200,良,マサノハナチャン  ,牝,5,長岡禎仁,53.0,16,07,6,6,0,0.8,7,69.3,"1093",0,0,0,13,13,33.8,436,小島茂之,美,0,11101406,01142,01068,0316150807,中村時子,中村和夫,ゴールドヘイロー,センターアンジェロ,オペラハウス,鹿毛,110224,   17.2,  ,    ,55.0
16,04,23,1,福島,5,08,500万下,23,芝,0,1200,良,ブリッツカイザー  ,セ,5,中井裕二,56.0,16,08,13,13,0,1.3,16,69.8,"1098",0,0,0,5,4,35.5,480,柴田政人,美,0,11101752,01141,01007,0316150808,岡田牧雄,岡田スタツド,マツリダゴッホ,ジャスミンリーフ,ヘクタープロテクター,栗毛,110331,  232.0,  ,    ,46.6
16,04,23,1,福島,5,08,500万下,23,芝,0,1200,良,シゲルカゼノボン  ,牝,4,横山和生,55.0,16,09,15,15,0,1.6,8,70.1,"1101",0,0,0,2,1,36.2,500,小野次郎,美,0,12105741,01140,01125,0316150809,森中蕃,馬道繁樹,ファンタスティックライト,シゲルコレデモカ,キンググローリアス,黒鹿,120409,   20.4,  ,    ,43.6
16,04,23,1,福島,5,08,500万下,23,芝,0,1200,良,ラブレジェンド    ,牡,4,西田雄一,57.0,16,10,12,12,0,1.3,13,69.8,"1098",0,0,0,11,11,34.6,446,奥平雅士,美,0,12105302,01004,01074,0316150810,森田千秋,駿河牧場,アドマイヤムーン,オマイタ,Miswaki,栗毛,120524,  128.9,  ,    ,51.7
16,04,23,1,福島,5,08,500万下,23,芝,0,1200,良,オメガハートソング,牝,4,横山典弘,55.0,16,11,8,8,0,1,2,69.5,"1095",0,0,0,11,11,34.3,426,松永幹夫,栗,0,12104168,00660,01092,0316150811,原禮子,社台ファーム,ゼンノロブロイ,オメガアイランド,エルコンドルパサー,青鹿,120321,    4.3,  ,    ,52.6
16,04,23,1,福島,5,08,500万下,23,芝,0,1200,良,キミニヒトメボレ  ,牝,5,松若風馬,55.0,16,12,11,11,0,1.3,11,69.8,"1098",0,0,0,14,14,34,468,吉村圭司,栗,0,11104071,01154,01130,0316150812,大塚亮一,ノーザンファーム,フジキセキ,マチカネホレルナヨ,Caerleon,栗毛,110531,   27.2,  ,    ,55.3
16,04,23,1,福島,5,08,500万下,23,芝,0,1200,良,トミケンフィアブル,牡,6,菱田裕二,57.0,16,13,14,14,0,1.4,14,69.9,"1099",0,0,0,16,16,33.7,482,和田正道,美,0,10104890,01144,00353,0316150813,冨樫賢二,高野牧場,サイレントディール,ダンツマジック,Woodman,栗毛,100414,  150.9,  ,    ,57.4
16,04,23,1,福島,5,08,500万下,23,芝,0,1200,良,ハヤブサライデン  ,牡,4,田辺裕信,57.0,16,14,9,9,0,1,12,69.5,"1095",0,0,0,8,8,35,490,菊川正達,美,0,12103921,01075,01052,0316150814,吉田牧場,吉田牧場,キングヘイロー,プリティーメアー,ホリスキー,鹿毛,120517,   34.3,  ,    ,48.6
16,04,23,1,福島,5,08,500万下,23,芝,0,1200,良,コスモマイルール  ,牝,5,井上敏樹,53.0,16,15,5,5,0,0.8,10,69.3,"1093",0,0,0,14,14,33.5,438,萱野浩二,美,70,11105730,01151,01024,0316150815,岡田繁幸,久保昇,ルールオブロー,マイリリー,ミルジヨージ,栗毛,110503,   21.6,  ,    ,56.9
16,04,23,1,福島,5,08,500万下,23,芝,0,1200,良,ウィズアットレース,牝,4,木幡初也,52.0,16,16,16,16,0,1.7,6,70.2,"1102",0,0,0,1,2,36.4,406,池上昌弘,美,0,12102169,01153,00390,0316150816,岡田牧雄,ラツキー牧場,ローレルゲレイロ,シルキーウィズ,エンドスウィープ,黒鹿,120430,   17.0,  ,    ,42.9
16,04,23,1,福島,5,09,500万下,23,ダ,1,1150,良,ハッピーセーラー  ,牝,5,西田雄一,55.0,12,01,11,11,0,2.1,11,71.3,"1113",0,0,0,10,10,37.5,484,石栗龍彦,美,0,11100650,01004,01043,0316150901,小林英一ホールディ,出口牧場,ダンスインザダーク,ブライドウッド,Danzig,鹿毛,110225,   59.5,  ,    ,48.3
16,04,23,1,福島,5,09,500万下,23,ダ,1,1150,良,レガリアシチー    ,牡,6,丸山元気,57.0,12,02,8,8,0,1.5,10,70.7,"1107",0,0,0,8,7,37.3,502,根本康広,美,0,10100512,01127,01029,0316150902,友駿ホースクラブ,下河辺牧場,ロージズインメイ,ヤマトナデシコ2,"Silver Hawk",鹿毛,100219,   52.4,  ,    ,47.7
16,04,23,1,福島,5,09,500万下,23,ダ,1,1150,良,トーホウハンター  ,牡,4,松若風馬,57.0,12,03,12,12,0,3.4,4,72.6,"1126",0,0,0,4,4,39.7,494,崎山博樹,栗,0,12103719,01154,00365,0316150903,東豊物産,竹島幸治,アグネスデジタル,トーホウヘレン,コロナドズクエスト,栗毛,120406,    7.5,  ,    ,40.4
16,04,23,1,福島,5,09,500万下,23,ダ,1,1150,良,ナウシカ          ,牝,5,宮崎北斗,55.0,12,04,5,5,0,0.9,8,70.1,"1101",0,0,0,6,4,37,414,加藤和宏,美,70,11101887,01118,01077,0316150904,平川浩之,カントリー牧場,タニノギムレット,タニノローゼ,ジェネラス,鹿毛,110310,   20.4,  ,    ,47.6
16,04,23,1,福島,5,09,500万下,23,ダ,1,1150,良,タタラ            ,牡,4,木幡巧也,54.0,12,05,1,1,0,-0.6,2,69.2,"1092",0,0,0,2,1,36.7,422,和田正一,美,700,12100028,01162,01114,0316150905,スピードファーム,アサヒ牧場,アドマイヤオーラ,クバター,"De Ramiro",栗毛,120422,    4.3,  ,    ,46.6
16,04,23,1,福島,5,09,500万下,23,ダ,1,1150,良,ドリームポリーニ  ,牡,4,大野拓弥,57.0,12,06,9,9,0,1.5,7,70.7,"1107",0,0,0,10,12,36.8,460,岩元市三,栗,0,12105110,01096,00397,0316150906,ライオンレースホー,浦河日成牧場,タイキシャトル,クールレディ,フォーティナイナー,栗毛,120308,   20.4,  ,    ,50.5
16,04,23,1,福島,5,09,500万下,23,ダ,1,1150,良,シゲルユカタマツリ,牡,4,川須栄彦,57.0,12,07,3,3,0,0.7,6,69.9,"1099",0,0,0,1,2,37.5,494,伊藤正徳,美,180,12102659,01128,00383,0316150907,森中蕃,中橋清,スターリングローズ,オグリエンゼル,オグリキャップ,芦毛,120528,   13.2,  ,    ,44.3
16,04,23,1,福島,5,09,500万下,23,ダ,1,1150,良,ユキノラムセス    ,牡,9,長岡禎仁,55.0,12,08,10,10,0,1.8,9,71,"1110",0,0,0,8,9,37.5,468,和田正一,美,0,07100871,01142,01114,0316150908,井上基之,フジワラフアーム,ラムタラ,ユキノシンデレラ,サンダーガルチ,栗毛,070509,   22.7,  ,    ,47.5
16,04,23,1,福島,5,09,500万下,23,ダ,1,1150,良,サウスリバティー  ,牡,4,松山弘平,57.0,12,09,2,2,0,0.6,1,69.8,"1098",0,0,0,3,3,37,462,加用正,栗,280,12101201,01126,00425,0316150909,南波壽,木村牧場,サウスヴィグラス,サザンジュエリー,アフリート,栗毛,120228,    3.0,  ,    ,46.7
16,04,23,1,福島,5,09,500万下,23,ダ,1,1150,良,ナンヨールーク    ,牡,5,木幡初也,54.0,12,10,6,6,0,1.2,5,70.4,"1104",0,0,0,7,7,37.2,490,杉浦宏昭,美,0,11102566,01153,01008,0316150910,中村徳也,藤原牧場,ワイルドラッシュ,グロリアスバラッド,Kingmambo,栗毛,110302,    8.8,  ,    ,47.4
16,04,23,1,福島,5,09,500万下,23,ダ,1,1150,良,アルマクレヨン    ,牡,4,柴山雄一,57.0,12,11,4,4,0,0.8,3,70,"1100",0,0,0,5,4,37,496,池上昌弘,美,110,12102967,05243,00390,0316150911,コウトミックレーシ,静内酒井牧場,フサイチリシャール,ベルグチェリー,サクラバクシンオー,栗毛,120523,    5.4,  ,    ,47.3
16,04,23,1,福島,5,09,500万下,23,ダ,1,1150,良,スズカロードスター,牡,6,井上敏樹,55.0,12,12,7,7,0,1.4,12,70.6,"1106",0,0,0,12,11,36.3,470,柄崎孝,美,0,10104980,01151,00380,0316150912,永井啓弍,辻牧場,シニスターミニスター,ロベリアスズカ,ジョリーズヘイロー,鹿毛,100329,   92.1,  ,    ,53.1
16,04,23,1,福島,5,10,伏拝特別500,23,芝,0,1200,良,グレイスフルワード,牝,4,黛弘人,55.0,16,01,15,15,0,1.1,15,70.8,"1108",0,0,0,13,12,34.5,406,土田稔,美,0,12103646,01109,00417,0316151001,ノルマンディーサラ,岡田スタツド,ハーツクライ,タニノハイクレア,クロフネ,鹿毛,120218,  122.5,  ,    ,55.2
16,04,23,1,福島,5,10,伏拝特別500,23,芝,0,1200,良,マルターズレーン  ,牡,4,西田雄一,57.0,16,02,14,14,0,0.7,16,70.4,"1104",0,0,0,9,9,34.3,496,堀井雅広,美,0,12100937,01004,00436,0316151002,藤田在子,山岡牧場,シベリアンホーク,マルターズクラシカ,"Belong to Me",鹿毛,120509,  124.6,  ,    ,55.2
16,04,23,1,福島,5,10,伏拝特別500,23,芝,0,1200,良,サトノプレステージ,牡,6,幸英明,57.0,16,03,13,13,0,0.6,2,70.3,"1103",0,0,0,6,6,34.5,510,平田修,栗,0,10104219,00732,01082,0316151003,里見治,ノーザンファーム,ディープインパクト,ディメンティカタ,Danetime,鹿毛,100316,    4.7,  ,    ,53.8
16,04,23,1,福島,5,10,伏拝特別500,23,芝,0,1200,良,スリーネルソン    ,セ,6,川島信二,57.0,16,04,11,11,0,0.5,10,70.2,"1102",0,0,0,16,16,33.2,476,湯窪幸雄,栗,0,10102546,01062,01057,0316151004,永井商事,岡野牧場,スズカフェニックス,スリーネーション,チーフベアハート,黒鹿,100404,   29.2,  ,    ,61.4
16,04,23,1,福島,5,10,伏拝特別500,23,芝,0,1200,良,アグネスユーリヤ  ,牡,4,丸山元気,57.0,16,05,4,4,0,0.2,5,69.9,"1099",0,0,0,6,6,34.1,470,長浜博之,栗,140,12104112,01127,00395,0316151005,畑佐博,社台ファーム,チチカステナンゴ,アグネスナチュラル,サクラバクシンオー,鹿毛,120414,    9.1,  ,    ,55.0
16,04,23,1,福島,5,10,伏拝特別500,23,芝,0,1200,良,エスジープログレス,牡,4,川須栄彦,57.0,16,06,12,12,0,0.5,4,70.2,"1102",0,0,0,9,9,34.1,468,西浦勝一,栗,0,12102028,01128,01016,0316151006,竹下千亜子,山際辰夫,ダイワメジャー,バズマイハート,Unbridled,栗毛,120318,    8.6,  ,    ,55.9
16,04,23,1,福島,5,10,伏拝特別500,23,芝,0,1200,良,サダムリスペクト  ,牡,4,菱田裕二,57.0,16,07,9,9,0,0.4,7,70.1,"1101",0,0,0,9,12,33.9,454,本間忍,美,0,12106262,01144,01056,0316151007,大西美生子,神垣道弘,キンシャサノキセキ,ハナランマン,サクラユタカオー,鹿毛,120407,   11.2,  ,    ,56.8
16,04,23,1,福島,5,10,伏拝特別500,23,芝,0,1200,良,リミットブレイク  ,セ,4,横山典弘,57.0,16,08,16,16,0,1.2,1,70.9,"1109",0,0,0,15,15,34.3,510,尾関知人,美,0,12104841,00660,01103,0316151008,シルクレーシング,ノーザンファーム,サクラバクシンオー,マザーウェル,シンボリクリスエス,鹿毛,120215,    3.5,  ,    ,56.7
16,04,23,1,福島,5,10,伏拝特別500,23,芝,0,1200,良,エクスシア        ,牝,5,大野拓弥,55.0,16,09,10,10,0,0.4,13,70.1,"1101",0,0,0,9,9,33.9,442,大江原哲,美,0,11104803,01096,01012,0316151009,岡田牧雄,須崎牧場,シニスターミニスター,ハネダテンシ,フジキセキ,鹿毛,110323,   67.2,  ,    ,56.8
16,04,23,1,福島,5,10,伏拝特別500,23,芝,0,1200,良,タカミツスズラン  ,牝,5,藤岡佑介,55.0,16,10,3,3,0,0.2,6,69.9,"1099",0,0,0,4,3,34.3,468,高橋裕,美,240,11100047,01093,00412,0316151010,タカミツ,新井弘幸,タイキシャトル,イーサンラヴ,マイネルラヴ,鹿毛,110629,   10.5,  ,    ,53.8
16,04,23,1,福島,5,10,伏拝特別500,23,芝,0,1200,良,ショウナンバクフウ,牝,5,松山弘平,55.0,16,11,7,7,0,0.3,14,70,"1100",0,0,0,8,8,34.1,456,田中剛,美,0,11103243,01126,01119,0316151011,国本哲秀,大北牧場,ショウナンカンプ,ショウナンハピネス,"Kris S.",鹿毛,110327,   70.2,  ,    ,55.3
16,04,23,1,福島,5,10,伏拝特別500,23,芝,0,1200,良,ムーンドロップ    ,牡,5,横山和生,57.0,16,12,5,5,0,0.2,8,69.9,"1099",0,0,0,14,12,33.4,450,小野次郎,美,95,11101117,01140,01125,0316151012,Basic,二風谷ファーム,アドマイヤムーン,ホーマンヴォイス,ダンシングブレーヴ,鹿毛,110414,   21.8,  ,    ,59.3
16,04,23,1,福島,5,10,伏拝特別500,23,芝,0,1200,良,ツクバジャパン    ,牡,5,勝浦正樹,57.0,16,13,1,1,0,0,3,69.7,"1097",0,0,0,1,1,34.5,524,小野次郎,美,950,11101247,01025,01125,0316151013,荻原昭二,片山牧場,デュランダル,ウェディングバレー,"Peaks and Valleys",芦毛,110115,    7.5,  ,    ,52.0
16,04,23,1,福島,5,10,伏拝特別500,23,芝,0,1200,良,フクノグローリア  ,牝,4,嘉藤貴行,55.0,16,14,6,6,0,0.2,12,69.9,"1099",0,0,0,2,2,34.5,454,杉浦宏昭,美,0,12100411,01051,01008,0316151014,福島祐子,対馬正,ブライアンズタイム,シルクヴァルキリー,マーベラスサンデー,黒鹿,120310,   43.5,  ,    ,52.6
16,04,23,1,福島,5,10,伏拝特別500,23,芝,0,1200,良,オートクレール    ,牝,5,宮崎北斗,55.0,16,15,8,8,0,0.4,9,70.1,"1101",0,0,0,2,3,34.6,420,中野栄治,美,0,11100647,01118,01010,0316151015,岡田牧雄,出口牧場,デュランダル,ジョイアサーティン,フォーティナイナー,栗毛,110331,   24.9,  ,    ,52.6
16,04,23,1,福島,5,10,伏拝特別500,23,芝,0,1200,良,サウンドドゥイット,牡,4,松若風馬,57.0,16,16,2,2,0,0,11,69.7,"1097",0,0,0,5,3,34,440,吉田直弘,栗,380,12105571,01154,01101,0316151016,増田雄一,三嶋牧場,コンデュイット,シージョー,フジキセキ,鹿毛,120405,   37.2,  ,    ,55.0
16,04,23,1,福島,5,11,福島牝馬G3,163,芝,0,1800,良,ディープジュエリー,牝,4,三浦皇成,54.0,16,01,7,7,0,0.5,7,108,"1480",0,4,4,4,5,34.8,488,国枝栄,美,0,12104666,01122,00399,0316151101,吉田勝己,ノーザンファーム,ディープインパクト,ジュエルオブザナイト,"Giant's Causeway",鹿毛,120516,   17.0,  ,    ,55.2
16,04,23,1,福島,5,11,福島牝馬G3,163,芝,0,1800,良,フレイムコード    ,牝,7,菱田裕二,54.0,16,02,12,12,0,0.9,11,108.4,"1484",0,9,8,6,7,35,476,谷潔,栗,0,09105355,01144,00431,0316151102,イクタ,村本牧場,タヤスツヨシ,シマノラピス,オペラハウス,鹿毛,090220,   27.7,  ,    ,54.9
16,04,23,1,福島,5,11,福島牝馬G3,163,芝,0,1800,良,アースライズ      ,牝,4,丸山元気,54.0,16,03,4,4,0,0.4,3,107.9,"1479",0,11,10,12,10,34.2,440,矢作芳人,栗,570,12104884,01127,01075,0316151103,吉田勝己,ノーザンファーム,マンハッタンカフェ,ライジングクロス,"Cape Cross",青鹿,120207,    6.5,  ,    ,57.7
16,04,23,1,福島,5,11,福島牝馬G3,163,芝,0,1800,良,アルマディヴァン  ,牝,6,藤岡佑介,54.0,16,04,9,9,0,0.5,6,108,"1480",0,7,7,12,10,34.3,484,高橋文雅,美,0,10106366,01093,01134,0316151104,コウトミックレーシ,メイプルファーム,メジロベイリー,ゲームコンパイラ,メジロライアン,栗毛,100412,   13.9,  ,    ,57.4
16,04,23,1,福島,5,11,福島牝馬G3,163,芝,0,1800,良,クインズミラーグロ,牝,4,幸英明,54.0,16,05,5,5,0,0.4,8,107.9,"1479",0,8,8,6,5,34.5,456,和田正道,美,380,12105433,00732,00353,0316151105,クイーンズ・ランチ,富田牧場,マンハッタンカフェ,ジャストトゥートゥー,"In Excess",黒鹿,120325,   22.6,  ,    ,56.4
16,04,23,1,福島,5,11,福島牝馬G3,163,芝,0,1800,良,オツウ            ,牝,6,加藤祥太,54.0,16,06,3,3,0,0.2,13,107.7,"1477",0,1,1,1,1,34.8,498,須貝尚介,栗,950,10104221,01156,01105,0316151106,大和屋暁,ノーザンファーム,ハーツクライ,デライトポイント,トウカイテイオー,鹿毛,100311,   42.3,  ,    ,54.7
16,04,23,1,福島,5,11,福島牝馬G3,163,芝,0,1800,良,リーサルウェポン  ,牝,5,田辺裕信,54.0,16,07,10,10,0,0.6,5,108.1,"1481",0,16,14,12,10,34.4,434,荒川義之,栗,0,11100497,01075,01095,0316151107,"Him Rock Racing",タバタファーム,ディープインパクト,クイックコマンド,"Gold Legend",鹿毛,110529,   11.8,  ,    ,57.1
16,04,23,1,福島,5,11,福島牝馬G3,163,芝,0,1800,良,マコトブリジャール,牝,6,北村友一,54.0,16,08,1,1,0,-0.2,15,107.5,"1475",0,2,2,2,2,34.5,402,鮫島一歩,栗,3800,10101874,01102,01046,0316151108,ディアマント,出口繁夫,ストーミングホーム,マコトコーラン,ブライアンズタイム,鹿毛,100323,   53.1,  ,    ,55.8
16,04,23,1,福島,5,11,福島牝馬G3,163,芝,0,1800,良,ハピネスダンサー  ,牝,5,吉田隼人,54.0,16,09,6,6,0,0.4,2,107.9,"1479",0,4,4,4,3,34.7,492,高野友和,栗,0,11103837,01095,01117,0316151109,前迫義幸,ノーザンファーム,メイショウサムソン,クロノロジスト,クロフネ,鹿毛,110126,    6.1,  ,    ,55.5
16,04,23,1,福島,5,11,福島牝馬G3,163,芝,0,1800,良,キャットコイン    ,牝,4,柴山雄一,54.0,16,10,15,15,0,1.1,9,108.6,"1486",0,9,10,11,10,35,442,二ノ宮敬,美,0,12104074,05243,00409,0316151110,サンデーレーシング,社台コーポレーショ,ステイゴールド,ストレイキャット,"Storm Cat",栗毛,120304,   23.8,  ,    ,55.1
16,04,23,1,福島,5,11,福島牝馬G3,163,芝,0,1800,良,ノットフォーマル  ,牝,4,黛弘人,54.0,16,11,16,16,0,2,16,109.5,"1495",0,11,10,6,10,36,468,中野栄治,美,0,12103224,01109,01010,0316151111,芳賀克也,千代田牧場,ヴァーミリアン,リミッターブレイク,マンハッタンカフェ,黒鹿,120317,   76.9,  ,    ,52.1
16,04,23,1,福島,5,11,福島牝馬G3,163,芝,0,1800,良,メイショウスザンナ,牝,7,大野拓弥,54.0,16,12,8,8,0,0.5,4,108,"1480",0,13,10,6,7,34.6,472,高橋義忠,栗,0,09105230,01096,01129,0316151112,松本好隆,北星村田牧場,アグネスデジタル,グリーンオリーヴ,サンデーサイレンス,鹿毛,090427,    9.6,  ,    ,56.1
16,04,23,1,福島,5,11,福島牝馬G3,163,芝,0,1800,良,ウインリバティ    ,牝,5,松山弘平,54.0,16,13,11,11,0,0.9,10,108.4,"1484",0,2,3,3,3,35.3,452,飯田雄三,栗,0,11104724,01126,01050,0316151113,ウイン,コスモヴューファー,ダンスインザダーク,フリーヴァケイション,"Fly So Free",黒鹿,110424,   26.2,  ,    ,53.5
16,04,23,1,福島,5,11,福島牝馬G3,163,芝,0,1800,良,ミナレット        ,牝,6,嘉藤貴行,54.0,16,14,13,13,0,1,14,108.5,"1485",0,15,16,15,16,34.6,478,大和田成,美,0,10102611,01051,01124,0316151114,ミルファーム,キヨタケ牧場,スズカマンボ,ノワゼット,ウォーニング,鹿毛,100412,   53.1,  ,    ,56.8
16,04,23,1,福島,5,11,福島牝馬G3,163,芝,0,1800,良,カレンケカリーナ  ,牝,6,勝浦正樹,54.0,16,15,14,14,0,1,12,108.5,"1485",0,13,14,15,15,34.7,490,安田隆行,栗,0,10103791,01025,00438,0316151115,鈴木隆司,社台ファーム,ハーツクライ,センスオブアート,"Unbridled's Song",黒鹿,100211,   27.9,  ,    ,56.3
16,04,23,1,福島,5,11,福島牝馬G3,163,芝,0,1800,良,シャルール        ,牝,4,横山典弘,54.0,16,16,2,2,0,0.2,1,107.7,"1477",0,6,6,6,7,34.2,454,松永幹夫,栗,1500,12104065,00660,01092,0316151116,キャロットファーム,社台コーポレーショ,ゼンノロブロイ,グレイトフィーヴァー,Kaldoun,栗毛,120119,    2.8,  ,    ,57.5
16,04,23,1,福島,5,12,米沢特Ｈ1000,43,ダ,1,1700,良,ブライトジェム    ,牡,8,木幡初也,52.0,15,01,10,10,0,1.3,15,106.8,"1468",0,13,14,13,11,37.5,494,高市圭二,美,0,08106182,01153,01014,0316151201,栗本博晴,待兼牧場,クロフネ,マチカネベニツバキ,サンデーサイレンス,栗毛,080423,  131.1,  ,    ,50.8
16,04,23,1,福島,5,12,米沢特Ｈ1000,43,ダ,1,1700,良,サンライズワールド,セ,6,松若風馬,55.0,15,02,4,4,0,1,4,106.5,"1465",0,5,5,6,7,37.8,444,石坂正,栗,210,10102011,01154,01022,0316151202,松岡隆雄,笠松牧場,サンライズペガサス,プレシャスキール,ノーザンテースト,栗毛,100323,    8.1,  ,    ,49.1
16,04,23,1,福島,5,12,米沢特Ｈ1000,43,ダ,1,1700,良,アルファアリエス  ,牡,5,田辺裕信,55.0,15,03,14,14,0,1.6,9,107.1,"1471",0,13,12,13,14,37.9,458,小西一男,美,0,11104543,01075,00405,0316151203,貴悦,アサヒ牧場,ノボジャック,アルファエスパー,ゲイメセン,鹿毛,110504,   23.5,  ,    ,49.6
16,04,23,1,福島,5,12,米沢特Ｈ1000,43,ダ,1,1700,良,ノワールギャルソン,牡,4,柴山雄一,55.0,15,04,15,15,0,2.2,6,107.7,"1477",0,10,10,9,14,38.7,428,田村康仁,美,0,12105906,05243,01027,0316151204,ディアレストクラブ,小島牧場,アドマイヤムーン,レッドアゲート,マンハッタンカフェ,黒鹿,120506,   17.7,  ,    ,47.3
16,04,23,1,福島,5,12,米沢特Ｈ1000,43,ダ,1,1700,良,ワイドリーザワン  ,牡,4,横山和生,54.0,15,05,8,8,0,1.2,8,106.7,"1467",0,12,12,9,8,37.6,454,奥村武,美,0,12104192,01140,01145,0316151205,坂本浩一,社台コーポレーショ,キングカメハメハ,キャッチザゴールド,サンデーサイレンス,黒鹿,120214,   21.2,  ,    ,50.2
16,04,23,1,福島,5,12,米沢特Ｈ1000,43,ダ,1,1700,良,オールブラッシュ  ,牡,4,川須栄彦,57.0,15,06,2,2,0,0.5,1,106,"1460",0,5,5,3,3,37.6,482,村山明,栗,560,12104367,01128,01107,0316151206,社台レースホース,社台コーポレーショ,ウォーエンブレム,ブラッシングプリンセス,"Crafty Prospector",黒鹿,120307,    3.0,  ,    ,49.2
16,04,23,1,福島,5,12,米沢特Ｈ1000,43,ダ,1,1700,良,セルリアンラビット,牡,7,中井裕二,54.0,15,07,11,11,0,1.5,14,107,"1470",0,15,14,9,11,37.9,460,飯田雄三,栗,0,09104374,01141,01050,0316151207,イクタ,高橋正三,スパイキュール,ダンツサクラ,ラムタラ,鹿毛,090430,   76.3,  ,    ,49.4
16,04,23,1,福島,5,12,米沢特Ｈ1000,43,ダ,1,1700,良,メイショウヒコボシ,牡,5,川島信二,57.0,15,08,1,1,0,-0.5,2,105.5,"1455",0,7,8,6,6,36.8,530,安達昭夫,栗,1400,11105806,01062,01042,0316151208,松本和子,太陽牧場,メイショウボーラー,フォーフリーダムス,"Green Desert",鹿毛,110418,    4.3,  ,    ,51.8
16,04,23,1,福島,5,12,米沢特Ｈ1000,43,ダ,1,1700,良,アスカクイン      ,牝,5,菱田裕二,52.0,15,09,5,5,0,1,10,106.5,"1465",0,10,11,13,11,37.3,486,本間忍,美,140,11102567,01144,01056,0316151209,上野武,藤原牧場,スペシャルウィーク,グローバルソング,ブライアンズタイム,栗毛,110423,   35.7,  ,    ,51.2
16,04,23,1,福島,5,12,米沢特Ｈ1000,43,ダ,1,1700,良,ツーエムマイスター,牡,4,松山弘平,55.0,15,10,7,7,0,1.1,3,106.6,"1466",0,1,1,1,1,38.4,448,本田優,栗,0,12105538,01126,01099,0316151210,水谷昌晃,丸幸小林牧場,メイショウボーラー,アウロラハート,ゴールドアリュール,黒鹿,120420,    5.6,  ,    ,46.9
16,04,23,1,福島,5,12,米沢特Ｈ1000,43,ダ,1,1700,良,ゴーイングベル    ,牡,6,大野拓弥,56.0,15,11,9,9,0,1.2,7,106.7,"1467",0,3,3,5,5,38.1,516,岩元市三,栗,0,10104631,01096,00397,0316151211,田畑利彦,浦河日成牧場,クーリンガー,レイナシンフォニー,ブライアンズタイム,芦毛,100416,   18.6,  ,    ,48.2
16,04,23,1,福島,5,12,米沢特Ｈ1000,43,ダ,1,1700,良,タガノコルコバード,牡,5,藤岡佑介,54.0,15,12,6,6,0,1,5,106.5,"1465",0,9,9,9,8,37.5,438,藤岡健一,栗,0,11105445,01093,01062,0316151212,八木昌司,八木牧場,ブライアンズタイム,タバスコムスメ,タバスコキャット,鹿毛,110426,   13.1,  ,    ,50.4
16,04,23,1,福島,5,12,米沢特Ｈ1000,43,ダ,1,1700,良,シュシュブリーズ  ,牝,5,北村友一,52.0,15,13,13,13,0,1.6,11,107.1,"1471",0,8,7,6,8,38.4,474,中尾秀正,栗,0,11103661,01102,01069,0316151213,キャロットファーム,社台コーポレーショ,フジキセキ,ブリズデロートンヌ,シンボリクリスエス,黒鹿,110217,   40.3,  ,    ,47.6
16,04,23,1,福島,5,12,米沢特Ｈ1000,43,ダ,1,1700,良,トーコーグリーン  ,牡,6,加藤祥太,54.0,15,14,3,3,0,0.7,12,106.2,"1462",0,4,3,3,2,37.9,494,橋田満,栗,350,10102630,01156,00362,0316151214,森田藤治,グランド牧場,アグネスタキオン,ヴェスタ,"Fortunate Prospect",黒鹿,100211,   43.8,  ,    ,48.3
16,04,23,1,福島,5,12,米沢特Ｈ1000,43,ダ,1,1700,良,イレプレイスブル  ,牡,6,丸山元気,54.0,15,15,12,12,0,1.5,13,107,"1470",0,2,2,2,3,38.8,460,畠山吉宏,美,0,10103966,01127,01048,0316151215,Basic,社台ファーム,キングカメハメハ,ライブリーダンス,サンデーサイレンス,黒鹿,100424,   55.2,  ,    ,45.9
16,04,24,1,福島,6,01,未勝利・牝,7,ダ,1,1150,良,グランパルファン  ,牝,3,北村友一,54.0,16,01,10,10,0,1.2,1,70.8,"1108",0,0,0,1,2,39.3,452,池江泰寿,栗,0,13102002,01102,01071,0316160101,ローレルレーシング,松浦牧場,ゴールドアリュール,ボストンタイム,ブライアンズタイム,鹿毛,130327,    1.8,  ,    ,37.4
16,04,24,1,福島,6,01,未勝利・牝,7,ダ,1,1150,良,ハネト            ,牝,3,二本柳壮,54.0,16,02,7,7,0,1,11,70.6,"1106",0,0,0,5,4,38.6,448,柴田政人,美,0,13105004,01049,01007,0316160102,矢野和雅,ノースガーデン,アジュディケーティング,ウルトラエナジー,マヤノトップガン,鹿毛,130530,   35.8,  ,    ,40.4
16,04,24,1,福島,6,01,未勝利・牝,7,ダ,1,1150,良,メイショウレオネス,牝,3,長岡禎仁,52.0,16,03,4,4,0,0.7,13,70.3,"1103",0,0,0,10,12,37.5,430,荒川義之,栗,75,13103737,01142,01095,0316160103,松本好隆,まるとみ冨岡牧場,メイショウボーラー,メイショウグラナダ,マンハッタンカフェ,青鹿,130503,  208.4,  ,    ,45.4
16,04,24,1,福島,6,01,未勝利・牝,7,ダ,1,1150,良,ピンクルパン      ,牝,3,木幡初也,51.0,16,04,16,16,0,4.2,15,73.8,"1138",0,0,0,16,16,39.1,390,田中清隆,美,0,13104511,01153,00408,0316160104,飯田政子,千代田牧場,ホワイトマズル,ブルーミングデイズ,ブライアンズタイム,黒鹿,130208,  234.0,  ,    ,46.8
16,04,24,1,福島,6,01,未勝利・牝,7,ダ,1,1150,良,サノライド        ,牝,3,中井裕二,53.0,16,05,11,11,0,1.3,12,70.9,"1109",0,0,0,7,10,38.8,446,中野栄治,美,0,13101085,01141,01010,0316160105,ビジョンサラブレッ,川向高橋育成牧場,サウスヴィグラス,シーズアトムボイ,サマーサスピション,黒鹿,130327,  110.7,  ,    ,40.3
16,04,24,1,福島,6,01,未勝利・牝,7,ダ,1,1150,良,ジツリキヤシャ    ,牝,3,吉田隼人,54.0,16,06,6,6,0,0.9,6,70.5,"1105",0,0,0,7,6,38.3,438,古賀慎明,美,0,13102863,01095,01079,0316160106,河合實貴男,上山牧場,プリサイスエンド,フクシア,ゴールドアリュール,栗毛,130223,   23.6,  ,    ,41.7
16,04,24,1,福島,6,01,未勝利・牝,7,ダ,1,1150,良,サトノアイリ      ,牝,3,丸田恭介,54.0,16,07,12,12,0,1.4,5,71,"1110",0,0,0,3,4,39.3,412,宗像義忠,美,0,13104464,01117,00420,0316160107,サトミホースカンパ,千代田牧場,ステイゴールド,サーキットレディ,"Grand Slam",黒鹿,130129,   16.8,  ,    ,38.0
16,04,24,1,福島,6,01,未勝利・牝,7,ダ,1,1150,良,バースデイ        ,牝,3,原田和真,51.0,16,08,8,8,0,1,14,70.6,"1106",0,0,0,10,10,37.8,400,和田雄二,美,0,13105176,01143,01143,0316160108,薪浦亨,吉田三郎,ダイワメジャー,クリアーチャンス,デイクタス,栗毛,130326,  217.4,  ,    ,44.7
16,04,24,1,福島,6,01,未勝利・牝,7,ダ,1,1150,良,ゼロカラノキセキ  ,牝,3,黛弘人,54.0,16,09,9,9,0,1.1,7,70.7,"1107",0,0,0,14,14,37.5,480,尾関知人,美,0,13104098,01109,01103,0316160109,広尾レース,木村秀則,キンシャサノキセキ,スイートマカロン,"Tale of the Cat",鹿毛,130427,   25.9,  ,    ,46.6
16,04,24,1,福島,6,01,未勝利・牝,7,ダ,1,1150,良,アポロガッツ      ,牝,3,津村明秀,54.0,16,10,1,1,0,-0.1,4,69.6,"1096",0,0,0,4,3,37.7,476,鈴木伸尋,美,500,13105142,01092,01026,0316160110,アポロサラブレッド,真壁信一,アポロキングダム,トップバナナ,ドクターデヴィアス,栗毛,130502,    9.5,  ,    ,42.3
16,04,24,1,福島,6,01,未勝利・牝,7,ダ,1,1150,良,レオパラス        ,牝,3,丸山元気,54.0,16,11,13,13,0,1.4,9,71,"1110",0,0,0,13,12,38.1,440,古賀慎明,美,0,13102484,01127,01079,0316160111,レオ,平野牧場,シニスターミニスター,ナムラミステリー,ジェニュイン,鹿毛,130323,   31.8,  ,    ,44.2
16,04,24,1,福島,6,01,未勝利・牝,7,ダ,1,1150,良,ココロノキャンバス,牝,3,井上敏樹,52.0,16,12,5,5,0,0.7,8,70.3,"1103",0,0,0,10,8,37.6,390,中舘英二,美,50,13100062,01151,01153,0316160112,田頭勇貴,いとう牧場,スクリーンヒーロー,マルフクブリジャン,アグネスタキオン,栗毛,130318,   31.2,  ,    ,44.9
16,04,24,1,福島,6,01,未勝利・牝,7,ダ,1,1150,良,ラッキーガナドール,牝,3,木幡巧也,51.0,16,13,2,2,0,0.1,2,69.7,"1097",0,0,0,2,1,38.1,498,栗田徹,美,200,13103669,01162,01127,0316160113,上羽浩平,日本中央競馬会日高,ボストンハーバー,フジティアス,フジキセキ,青鹿,130417,    4.9,  ,    ,40.5
16,04,24,1,福島,6,01,未勝利・牝,7,ダ,1,1150,良,アラモアナブルーム,牝,3,丹内祐次,54.0,16,14,14,14,0,1.7,10,71.3,"1113",0,0,0,7,8,39.1,442,岩戸孝樹,美,0,13104192,01091,01051,0316160114,横瀬兼二,今牧場,サウスヴィグラス,プリティブルーム,タヤスツヨシ,黒鹿,130314,   35.6,  ,    ,39.8
16,04,24,1,福島,6,01,未勝利・牝,7,ダ,1,1150,良,テーオーエルメス  ,牝,3,五十嵐雄,54.0,16,15,15,15,0,3.2,16,72.8,"1128",0,0,0,15,15,38.5,448,尾形和幸,美,0,13101025,01069,01141,0316160115,小笹公也,ヤナガワ牧場,バトルプラン,ファンキーブロンド,アグネスタキオン,栗毛,130309,  447.4,  ,    ,47.2
16,04,24,1,福島,6,01,未勝利・牝,7,ダ,1,1150,良,ハヤブサミカリン  ,牝,3,伴啓太,52.0,16,16,3,3,0,0.5,3,70.1,"1101",0,0,0,5,6,38.1,452,高柳瑞樹,美,130,13105294,01149,01118,0316160116,武田修,追分ファーム,クロフネ,リードザウェイ,アグネスタキオン,芦毛,130303,    7.7,  ,    ,41.6
16,04,24,1,福島,6,02,未勝利,7,芝,0,1200,良,サンボルドー      ,牝,3,菱田裕二,54.0,16,01,8,8,0,1,13,70.8,"1108",0,0,0,1,1,36.5,436,清水英克,美,0,13103227,01144,01080,0316160201,加藤信之,浦河小林牧場,パーソナルラッシュ,トシキセキ,フジキセキ,鹿毛,130517,   93.6,  ,    ,44.0
16,04,24,1,福島,6,02,未勝利,7,芝,0,1200,良,ワールドムーン    ,牝,3,原田和真,51.0,16,02,14,14,0,1.8,16,71.6,"1116",0,0,0,11,10,36.5,374,畠山吉宏,美,0,13101491,01143,01048,0316160202,Basic,佐藤牧場,アドマイヤムーン,シャディーナ,"Dubai Destination",鹿毛,130318,  331.7,  ,    ,46.2
16,04,24,1,福島,6,02,未勝利,7,芝,0,1200,良,レシタルウォース  ,牡,3,岡田祥嗣,56.0,16,03,15,15,0,1.8,14,71.6,"1116",0,0,0,5,5,36.9,452,菊川正達,美,0,13102814,05429,01052,0316160203,高樽さゆり,王蔵牧場,フォーティナイナーズサン,ミズホユウセイ,デヒア,栗毛,130404,  101.7,  ,    ,44.0
16,04,24,1,福島,6,02,未勝利,7,芝,0,1200,良,ブレイズガール    ,牝,3,加藤祥太,52.0,16,04,1,1,0,-0.5,6,69.8,"1098",0,0,0,2,2,35.5,478,飯田雄三,栗,500,13100007,01156,01050,0316160204,岡田牧雄,旭牧場,ローレルゲレイロ,アペイロン,エルコンドルパサー,鹿毛,130407,   14.6,  ,    ,46.6
16,04,24,1,福島,6,02,未勝利,7,芝,0,1200,良,ベレーザフォンテン,牝,3,丸田恭介,54.0,16,05,13,13,0,1.5,11,71.3,"1113",0,0,0,14,13,35.5,444,高橋裕,美,0,13105122,01117,00412,0316160205,吉橋興生,登別上水牧場,オンファイア,グランプラス,サクラバクシンオー,黒鹿,130511,   44.0,  ,    ,50.8
16,04,24,1,福島,6,02,未勝利,7,芝,0,1200,良,マスカーニ        ,牡,3,和田翼,55.0,16,06,16,16,0,4.3,12,74.1,"1141",0,0,0,16,16,37.4,464,岩元市三,栗,0,13100405,01146,00397,0316160206,ライオンレースホー,"Shall Farm",ダイワメジャー,クールグラン,ジャングルポケット,栗毛,130410,   68.1,  ,    ,48.1
16,04,24,1,福島,6,02,未勝利,7,芝,0,1200,良,テイエムアムンゼン,牝,3,長岡禎仁,52.0,16,07,12,12,0,1.4,10,71.2,"1112",0,0,0,8,8,36.3,444,石栗龍彦,美,0,13100849,01142,01043,0316160207,竹園正繼,日高テイエム牧場,ブラックタイド,フルフリングス,ノーザンテースト,鹿毛,130506,   42.8,  ,    ,46.1
16,04,24,1,福島,6,02,未勝利,7,芝,0,1200,良,ピーエムルッカ    ,牝,3,井上敏樹,52.0,16,08,3,3,0,0.7,3,70.5,"1105",0,0,0,11,10,35.4,440,和田正一,美,130,13106159,01151,01114,0316160208,松山毅,ノーザンファーム,キンシャサノキセキ,ルカダンス,ヘクタープロテクター,鹿毛,130311,    7.6,  ,    ,49.2
16,04,24,1,福島,6,02,未勝利,7,芝,0,1200,良,ミライヘノサイン  ,牝,3,木幡初也,51.0,16,09,5,5,0,0.7,2,70.5,"1105",0,0,0,8,8,35.6,428,武藤善則,美,50,13101509,01153,01064,0316160209,田頭勇貴,シンユウフアーム,ブラックタイド,ジョリーン,トワイニング,鹿毛,130321,    4.4,  ,    ,48.0
16,04,24,1,福島,6,02,未勝利,7,芝,0,1200,良,シャイニーユース  ,牝,3,横山和生,54.0,16,10,9,9,0,1.2,7,71,"1110",0,0,0,14,15,35.3,412,畠山吉宏,美,0,13102067,01140,01048,0316160210,永田さなえ,村上牧場,スクリーンヒーロー,ポポラーレ,エブロス,栗毛,130414,   24.4,  ,    ,51.1
16,04,24,1,福島,6,02,未勝利,7,芝,0,1200,良,イネディット      ,牝,3,黛弘人,54.0,16,11,11,11,0,1.4,15,71.2,"1112",0,0,0,5,5,36.5,384,杉浦宏昭,美,0,13103651,01109,01008,0316160211,アドバンス・サッポ,日進牧場,タニノギムレット,ステラーホープ,グラスワンダー,栗毛,130223,  117.2,  ,    ,45.1
16,04,24,1,福島,6,02,未勝利,7,芝,0,1200,良,ラパンノワール    ,牝,3,丸山元気,54.0,16,12,10,10,0,1.4,5,71.2,"1112",0,0,0,10,10,36.2,418,斎藤誠,美,0,13105700,01127,01086,0316160212,鈴木史郎,社台ファーム,ステイゴールド,ラスリングカプス,Woodman,青鹿,130421,   10.9,  ,    ,46.7
16,04,24,1,福島,6,02,未勝利,7,芝,0,1200,良,リンガスウラン    ,牝,3,木幡巧也,51.0,16,13,4,4,0,0.7,4,70.5,"1105",0,0,0,13,13,35.3,408,中舘英二,美,75,13104411,01162,01153,0316160213,伊藤巖,谷岡牧場,ヴィクトワールピサ,サクラフォーエバー,ブライアンズタイム,黒鹿,130425,   10.6,  ,    ,49.7
16,04,24,1,福島,6,02,未勝利,7,芝,0,1200,良,コスモバード      ,牡,3,丹内祐次,56.0,16,14,2,2,0,0.5,1,70.3,"1103",0,0,0,3,3,35.8,488,池上昌和,美,200,13100733,01091,01150,0316160214,杉浦和也,中前牧場,ベーカバド,ヌレエフクイン,ストラヴィンスキー,鹿毛,130508,    2.3,  ,    ,46.4
16,04,24,1,福島,6,02,未勝利,7,芝,0,1200,良,ヴィランドリー    ,牝,3,西村太一,54.0,16,15,7,7,0,1,9,70.8,"1108",0,0,0,5,5,36,450,南田美知,美,0,13102613,01131,00437,0316160215,ミルファーム,元道牧場,オレハマッテルゼ,ノースソング,アンバーシヤダイ,栗毛,130329,   30.9,  ,    ,46.7
16,04,24,1,福島,6,02,未勝利,7,芝,0,1200,良,クリアーウェイ    ,牝,3,津村明秀,54.0,16,16,6,6,0,0.9,8,70.7,"1107",0,0,0,3,3,36.1,448,岩戸孝樹,美,0,13100399,01092,01051,0316160216,小林英一ホールディ,下河辺牧場,ダノンシャンティ,ランウェイスナップ,"Distant View",鹿毛,130319,   25.1,  ,    ,45.8
16,04,24,1,福島,6,03,未勝利,7,ダ,1,1700,良,キングズミッション,牡,3,北村友一,56.0,15,01,7,7,0,1,2,110.3,"1503",0,4,4,4,4,38.2,448,高木登,美,0,13105740,01102,01088,0316160301,吉田千津,社台ファーム,ゼンノロブロイ,ロイヤルタバスコ,タバスコキャット,栗毛,130517,    5.3,  ,    ,53.0
16,04,24,1,福島,6,03,未勝利,7,ダ,1,1700,良,リュクスレーヴ    ,牝,3,加藤祥太,52.0,15,02,15,15,0,7.6,14,116.9,"1569",0,10,10,12,15,43.8,454,庄野靖志,栗,0,13105456,01156,01087,0316160302,田畑憲士,社台ファーム,ヴァーミリアン,コーンドリー,"Indian Charlie",鹿毛,130506,  253.7,  ,    ,41.0
16,04,24,1,福島,6,03,未勝利,7,ダ,1,1700,良,ユメミグサ        ,牡,3,菱田裕二,56.0,15,03,8,8,0,1.2,10,110.5,"1505",0,2,2,2,3,38.7,490,渡辺薫彦,栗,0,13103979,01144,01155,0316160303,ノルマンディーサラ,岡田スタツド,アグネスデジタル,ナショナルフラワー,アグネスタキオン,栗毛,130503,   75.2,  ,    ,51.2
16,04,24,1,福島,6,03,未勝利,7,ダ,1,1700,良,スフェーン        ,牡,3,丸山元気,56.0,15,04,6,6,0,0.8,5,110.1,"1501",0,4,4,4,4,38,436,小西一男,美,0,13103448,01127,00405,0316160304,キャピタルクラブ,笹地牧場,メイショウボーラー,ウォータープレミア,ネオユニヴァース,鹿毛,130423,   13.6,  ,    ,53.5
16,04,24,1,福島,6,03,未勝利,7,ダ,1,1700,良,ブラッドジャーニー,牡,3,原田和真,53.0,15,05,14,14,0,4.5,15,113.8,"1538",0,7,7,10,12,41.3,412,清水英克,美,0,13102512,01143,01080,0316160305,本桐牧場,本桐牧場,ナカヤマフェスタ,ミスダイナクリス,Dynaformer,鹿毛,130411,  257.7,  ,    ,45.8
16,04,24,1,福島,6,03,未勝利,7,ダ,1,1700,良,エドノマツオー    ,牡,3,的場勇人,56.0,15,06,2,2,0,0.1,4,109.4,"1494",0,1,1,1,1,37.6,476,的場均,美,200,13102217,01108,01063,0316160306,遠藤喜松,沖田忠幸,アグネスデジタル,フレンチムスメ,フレンチデピュティ,栗毛,130511,    8.2,  ,    ,54.2
16,04,24,1,福島,6,03,未勝利,7,ダ,1,1700,良,フジマサスペシャル,牡,3,木幡巧也,53.0,15,07,1,1,0,-0.1,3,109.3,"1493",0,2,3,2,2,37.4,494,菊川正達,美,500,13100471,01162,01052,0316160307,藤原正一,シンボリ牧場,スペシャルウィーク,スイートフルーレ,"Green Desert",鹿毛,130403,    5.5,  ,    ,54.9
16,04,24,1,福島,6,03,未勝利,7,ダ,1,1700,良,トキノアイチャン  ,牡,3,津村明秀,56.0,15,08,5,5,0,0.5,11,109.8,"1498",0,13,13,12,11,36.8,436,相沢郁,美,50,13106207,01092,01020,0316160308,田中準市,川上牧場,エンパイアメーカー,カミングトゥルー,ブライアンズタイム,黒鹿,130310,   85.8,  ,    ,58.2
16,04,24,1,福島,6,03,未勝利,7,ダ,1,1700,良,ゴテツ            ,牡,3,吉田隼人,56.0,15,09,3,3,0,0.3,1,109.6,"1496",0,4,6,4,4,37.6,480,浜田多実,栗,130,13104465,01095,01138,0316160309,橋元勇氣,千代田牧場,ブライアンズタイム,シジェームサン,"Septieme Ciel",青鹿,130501,    1.8,  ,    ,54.4
16,04,24,1,福島,6,03,未勝利,7,ダ,1,1700,良,ビレッジイッキ    ,牡,3,横山和生,56.0,15,10,13,13,0,3.5,9,112.8,"1528",0,9,7,9,8,40.4,476,小野次郎,美,0,13100264,01140,01125,0316160310,村山輝雄,坂牧場,ロージズインメイ,スズプロポーション,マンハッタンカフェ,青鹿,130320,   74.5,  ,    ,47.7
16,04,24,1,福島,6,03,未勝利,7,ダ,1,1700,良,ゲンパチタッチ    ,牡,3,井上敏樹,54.0,15,11,10,10,0,2.5,7,111.8,"1518",0,14,14,12,13,38.8,504,田村康仁,美,0,13102577,01151,01027,0316160311,平野武志,三石橋本牧場,ハーツクライ,ケイアイエリザベス,フレンチデピュティ,鹿毛,130430,   46.8,  ,    ,52.6
16,04,24,1,福島,6,03,未勝利,7,ダ,1,1700,良,クレオヘリオス    ,牡,3,中井裕二,55.0,15,12,12,12,0,3.3,8,112.6,"1526",0,10,10,8,8,40.3,526,高橋祥泰,美,0,13101348,01141,00359,0316160312,池田草龍,上井農場,ネイティヴハート,ダービーキングダム,"Royal Academy",鹿毛,130424,   51.3,  ,    ,47.9
16,04,24,1,福島,6,03,未勝利,7,ダ,1,1700,良,セイザン          ,牝,3,長岡禎仁,52.0,15,13,11,11,0,2.8,12,112.1,"1521",0,14,14,15,14,38.8,452,大和田成,美,0,13105635,01142,01124,0316160313,久保田定,社台ファーム,ダイワメジャー,ホットレッグス,Galileo,栗毛,130407,   95.8,  ,    ,53.0
16,04,24,1,福島,6,03,未勝利,7,ダ,1,1700,良,カジノノーブル    ,牡,3,丸田恭介,56.0,15,14,9,9,0,2.4,13,111.7,"1517",0,10,10,10,10,39.2,404,奥村武,美,0,13104081,01117,01145,0316160314,遠藤良一,カタオカフアーム,カジノドライヴ,エジンバラシチー,ブライアンズタイム,栗毛,130529,  220.2,  ,    ,50.9
16,04,24,1,福島,6,03,未勝利,7,ダ,1,1700,良,シゲルシマカツオ  ,牡,3,伴啓太,54.0,15,15,4,4,0,0.3,6,109.6,"1496",0,7,7,7,4,37.4,434,鈴木孝志,栗,75,13102011,01149,01111,0316160315,森中蕃,松本信行,エンパイアメーカー,キアーロ,ゴールドアリュール,鹿毛,130511,   20.1,  ,    ,55.3
16,04,24,1,福島,6,04,障害未勝利,7,芝,2,2770,良,ウインスプラッシュ,牡,5,北沢伸也,60.0,12,01,8,8,0,4.4,5,185.7,"3057",0,6,6,8,6,13.4,504,加用正,栗,0,11100426,00691,00425,0316160401,ウイン,白瀬盛雄,マツリダゴッホ,デルフィーネ,フォーティナイナー,鹿毛,110402,   11.4,  ,    , 0.0
16,04,24,1,福島,6,04,障害未勝利,7,芝,2,2770,良,プルーヴダモール  ,牝,4,森一馬,57.0,12,02,9,9,0,4.7,6,186,"3060",0,3,4,5,6,13.4,430,西園正都,栗,0,12104813,01139,01028,0316160402,シルクレーシング,ノーザンファーム,チチカステナンゴ,プルーフオブラヴ,サンデーサイレンス,芦毛,120126,   18.0,  ,    , 0.0
16,04,24,1,福島,6,04,障害未勝利,7,芝,2,2770,良,リターンエース    ,牡,4,大江原圭,59.0,12,03,10,10,0,4.7,11,186,"3060",0,6,7,6,6,13.4,442,蛯名利弘,美,0,12103117,01120,01131,0316160403,西村新一郎,田原橋本牧場,パイロ,アサクサロータス,フサイチコンコルド,栗毛,120420,   46.0,  ,    , 0.0
16,04,24,1,福島,6,04,障害未勝利,7,芝,2,2770,良,ドリームトレイン  ,牡,7,中村将之,60.0,12,04,3,3,0,1.4,2,182.7,"3027",0,2,2,2,3,13.2,510,谷潔,栗,190,09105324,01101,00431,0316160404,前田幸治,村上牧場,ホワイトマズル,ドリームスタート,Diesis,黒鹿,090331,    4.7,  ,    , 0.0
16,04,24,1,福島,6,04,障害未勝利,7,芝,2,2770,良,マイネルポルトゥス,牡,4,上野翔,59.0,12,05,1,1,0,-1.2,1,181.3,"3013",0,4,3,3,2,13.1,482,伊藤伸一,美,750,12103115,01087,01031,0316160405,サラブレッドクラブ,谷藤弘美,ロージズインメイ,コスモボヤージュ,ピルサドスキー,鹿毛,120402,    2.1,  ,    , 0.0
16,04,24,1,福島,6,04,障害未勝利,7,芝,2,2770,良,エクセレントミノル,牡,5,石神深一,60.0,12,06,4,4,0,2.6,9,183.9,"3039",0,10,8,4,4,13.3,480,中舘英二,美,110,11102536,01059,01153,0316160406,吉岡實,フジワラフアーム,クロフネ,ダンツプリンセス,サンデーサイレンス,鹿毛,110222,   26.9,  ,    , 0.0
16,04,24,1,福島,6,04,障害未勝利,7,芝,2,2770,良,テイエムソラトブ  ,牡,4,江田勇亮,59.0,12,07,11,11,0,6.7,12,188,"3080",0,12,12,11,11,13.6,472,石栗龍彦,美,0,12106269,01023,01043,0316160407,竹園正繼,若林武雄,ニューイングランド,カントリーバッハ,ティンバーカントリー,栗毛,120413,  116.7,  ,    , 0.0
16,04,24,1,福島,6,04,障害未勝利,7,芝,2,2770,良,ボーイフレンド    ,牡,7,平沢健治,60.0,12,08,7,7,0,4.2,10,185.5,"3055",0,4,5,6,5,13.4,452,森秀行,栗,0,09102026,01067,00427,0316160408,北村和江,高橋啓,リンカーン,タオルミーナ,タイキシャトル,栗毛,090317,   33.5,  ,    , 0.0
16,04,24,1,福島,6,04,障害未勝利,7,芝,2,2770,良,ポンデザムール    ,セ,6,五十嵐雄,60.0,12,09,5,5,0,3.6,8,184.9,"3049",0,8,9,9,6,13.4,510,本間忍,美,75,10101257,01069,01056,0316160409,岡田牧雄,沖田哲夫,マイネルラヴ,クールドフランス,"Sadler's Wells",黒鹿,100527,   24.3,  ,    , 0.0
16,04,24,1,福島,6,04,障害未勝利,7,芝,2,2770,良,シゲルオウシザ    ,牡,6,小野寺祐,60.0,12,10,2,2,0,1.2,7,182.5,"3025",0,1,1,1,1,13.2,510,伊藤正徳,美,300,10102196,01123,00383,0316160410,森中蕃,中村雅明,サウスヴィグラス,シゲルウエンセン,ジャングルポケット,栗毛,100314,   22.8,  ,    , 0.0
16,04,24,1,福島,6,04,障害未勝利,7,芝,2,2770,良,メイショウゲントク,牡,4,熊沢重文,59.0,12,11,12,12,0,8.3,4,189.6,"3096",0,10,11,12,12,13.7,468,池添兼雄,栗,0,12106346,00652,01021,0316160411,松本好雄,赤田牧場,フレンチデピュティ,ディープスマート,サクラローレル,栗毛,120504,   10.4,  ,    , 0.0
16,04,24,1,福島,6,04,障害未勝利,7,芝,2,2770,良,ウルトラサウンド  ,牡,6,浜野谷憲,60.0,12,12,6,6,0,4.2,3,185.5,"3055",0,8,9,10,10,13.4,518,手塚貴久,美,0,10104354,00695,01038,0316160412,馬場幸夫,ノーザンファーム,サクラバクシンオー,ルビーマイディア,"Gone West",鹿毛,100131,    6.4,  ,    , 0.0
16,04,24,1,福島,6,05,未勝利,7,芝,0,2600,良,ブルービーム      ,牡,3,黛弘人,56.0,16,01,16,16,0,6.7,13,167.2,"2472",0,16,16,16,16,41.3,464,鈴木孝志,栗,0,13110120,01109,01111,0316160501,田畑利彦,"Haras de Bernesq",Teofilo,"Neige Du Ninian",Trempolino,黒鹿,130501,  140.6,  ,    ,41.5
16,04,24,1,福島,6,05,未勝利,7,芝,0,2600,良,カントリーロード  ,牡,3,津村明秀,56.0,16,02,3,3,0,0.3,2,160.8,"2408",0,8,7,4,5,36.8,446,高橋義忠,栗,130,13105348,01092,01129,0316160502,三田昌宏,社台ファーム,キングカメハメハ,アグネスショコラ,サンデーサイレンス,黒鹿,130327,    4.4,  ,    ,51.1
16,04,24,1,福島,6,05,未勝利,7,芝,0,2600,良,ワイルドハーブ    ,牝,3,木幡初也,51.0,16,03,14,14,0,4.3,14,164.8,"2448",0,5,7,14,15,40,434,武藤善則,美,0,13103224,01153,01064,0316160503,スピードファーム,鵜木唯義,ディープスカイ,オーマイクリス,シンボリクリスエス,鹿毛,130201,  152.8,  ,    ,43.6
16,04,24,1,福島,6,05,未勝利,7,芝,0,2600,良,ジュイール        ,牡,3,和田翼,55.0,16,04,2,2,0,0.2,7,160.7,"2407",0,1,1,1,1,37.1,500,角田晃一,栗,200,13101029,01146,01121,0316160504,前田幸治,山際辰夫,ハーツクライ,タイキシャイン,タイキシャトル,栗毛,130226,   15.2,  ,    ,49.9
16,04,24,1,福島,6,05,未勝利,7,芝,0,2600,良,エイリアンラバボー,牡,3,井上敏樹,54.0,16,05,11,11,0,3.4,8,163.9,"2439",0,8,9,10,11,39.6,460,武井亮,美,0,13110027,01151,01147,0316160505,林正道,"Guy Pariente Holdi",Kendargent,"Bedford Hope",Chato,芦毛,130227,   17.0,  ,    ,44.2
16,04,24,1,福島,6,05,未勝利,7,芝,0,2600,良,ウインブルースカイ,牡,3,木幡巧也,53.0,16,06,1,1,0,-0.2,3,160.5,"2405",0,5,4,4,2,36.6,456,清水英克,美,500,13109024,01162,01080,0316160506,ウイン,恵比寿興業株式会社,ディープスカイ,ブライアンマリア,ブライアンズタイム,栗毛,130421,    5.7,  ,    ,51.6
16,04,24,1,福島,6,05,未勝利,7,芝,0,2600,良,ブラソンアスール  ,牡,3,宮崎北斗,56.0,16,07,13,13,0,3.5,15,164,"2440",0,5,6,7,10,39.9,470,武藤善則,美,0,13103876,01118,01064,0316160507,アスール,石川栄一,シンボリクリスエス,サングレアズール,クロフネ,鹿毛,130418,  164.4,  ,    ,43.3
16,04,24,1,福島,6,05,未勝利,7,芝,0,2600,良,クーイカヌウ      ,牡,3,加藤祥太,54.0,16,08,7,7,0,1.2,5,161.7,"2417",0,14,15,10,8,37.4,452,西園正都,栗,0,13101770,01156,01028,0316160508,錦岡牧場,錦岡牧場,ステイゴールド,ガンダーラプソディ,ジェイドロバリー,栗毛,130301,    8.8,  ,    ,49.7
16,04,24,1,福島,6,05,未勝利,7,芝,0,2600,良,ヴィレッジダンサー,牝,3,平野優,54.0,16,09,12,12,0,3.5,12,164,"2440",0,2,2,2,5,40.3,480,伊藤大士,美,0,13100215,01132,01109,0316160509,木村牧場,木村牧場,エンパイアメーカー,ダイタクアズミット,マヤノトップガン,鹿毛,130319,   47.6,  ,    ,42.1
16,04,24,1,福島,6,05,未勝利,7,芝,0,2600,良,スパイクサーブ    ,牡,3,丸山元気,56.0,16,10,8,8,0,1.7,4,162.2,"2422",0,3,3,2,2,38.5,492,木村哲也,美,0,13105923,01127,01126,0316160510,保坂和孝,ノーザンファーム,ファルブラヴ,シーユーサンデー,サンデーサイレンス,栃栗,130423,    7.6,  ,    ,46.4
16,04,24,1,福島,6,05,未勝利,7,芝,0,2600,良,シャイニーストーム,牡,3,丹内祐次,56.0,16,11,15,15,0,5.9,10,166.4,"2464",0,4,4,7,12,42.2,454,武井亮,美,0,13101086,01091,01147,0316160511,小林昌志,川向高橋育成牧場,ダイタクリーヴァ,ストームサンデー,"Storm Bird",鹿毛,130414,   29.5,  ,    ,38.3
16,04,24,1,福島,6,05,未勝利,7,芝,0,2600,良,ホイストポイント  ,牡,3,原田和真,53.0,16,12,9,9,0,2.3,16,162.8,"2428",0,10,10,13,14,38.2,466,佐藤吉勝,美,0,13101544,01143,01035,0316160512,スピードファーム,スピードフアーム,トーホウエンペラー,スピードビウ,ウイニングチケット,黒鹿,130409,  208.6,  ,    ,47.9
16,04,24,1,福島,6,05,未勝利,7,芝,0,2600,良,スイートメモリーズ,牝,3,菱田裕二,54.0,16,13,5,5,0,0.8,6,161.3,"2413",0,11,13,14,9,36.5,482,中川公成,美,50,13102589,01144,01081,0316160513,堀口晴男,三石ファーム,ブラックタイド,セラフ,ホワイトマズル,鹿毛,130328,   13.5,  ,    ,52.6
16,04,24,1,福島,6,05,未勝利,7,芝,0,2600,良,レッドバルトーク  ,牡,3,丸田恭介,56.0,16,14,6,6,0,0.8,9,161.3,"2413",0,11,11,7,7,37.1,448,大竹正博,美,0,13106047,01117,01102,0316160514,東京ホースレーシン,ノーザンファーム,ジャングルポケット,フサイチミニヨン,サンデーサイレンス,黒鹿,130402,   21.5,  ,    ,50.4
16,04,24,1,福島,6,05,未勝利,7,芝,0,2600,良,アスターサムソン  ,セ,3,岡田祥嗣,56.0,16,15,4,4,0,0.4,1,160.9,"2409",0,14,13,4,2,37,474,中竹和也,栗,75,13105359,05429,01039,0316160515,加藤久枝,社台コーポレーショ,メイショウサムソン,アドマイヤマダム,サンデーサイレンス,鹿毛,130127,    3.9,  ,    ,50.5
16,04,24,1,福島,6,05,未勝利,7,芝,0,2600,良,ブロンテ          ,牡,3,伊藤工真,56.0,16,16,10,10,0,3.3,11,163.8,"2438",0,11,11,10,12,39.4,428,宗像義忠,美,0,13102110,01119,00420,0316160516,佐藤壽男,森永聡,クロフネ,サイキョウロマン,サンデーサイレンス,芦毛,130408,   30.9,  ,    ,44.7
16,04,24,1,福島,6,06,未勝利,7,芝,0,1200,良,アカネバローロ    ,牝,3,森一馬,54.0,16,01,13,13,0,2,14,71.3,"1113",0,0,0,4,7,37.2,456,岩元市三,栗,0,13103250,01139,00397,0316160601,ライオンレースホー,浦河日成牧場,ネオユニヴァース,バルバラ,Slewpy,鹿毛,130430,  124.6,  ,    ,41.7
16,04,24,1,福島,6,06,未勝利,7,芝,0,1200,良,コクリュウカフェ  ,牡,3,木幡巧也,53.0,16,02,6,6,0,1.2,4,70.5,"1105",0,0,0,14,14,35.5,448,小島太,美,0,13102728,01162,01013,0316160602,西川恭子,中脇一幸,シンボリクリスエス,シャイニーカフェ,マンハッタンカフェ,黒鹿,130519,    8.9,  ,    ,48.6
16,04,24,1,福島,6,06,未勝利,7,芝,0,1200,良,ファインキャプテン,牡,3,宮崎北斗,56.0,16,03,3,3,0,0.7,1,70,"1100",0,0,0,3,2,36.1,470,菊川正達,美,130,13103965,01118,01052,0316160603,湯浅健司,岡田スタツド,マツリダゴッホ,タニノジュレップ,コロナドズクエスト,栗毛,130213,    3.1,  ,    ,43.9
16,04,24,1,福島,6,06,未勝利,7,芝,0,1200,良,ソニックタイガー  ,牡,3,津村明秀,56.0,16,04,4,4,0,0.7,10,70,"1100",0,0,0,8,7,35.5,460,岩戸孝樹,美,75,13104880,01092,01051,0316160604,田頭勇貴,見上牧場,オンファイア,ウインクセレネ,ダンシングブレーヴ,黒鹿,130502,   42.1,  ,    ,47.2
16,04,24,1,福島,6,06,未勝利,7,芝,0,1200,良,ベージョ          ,牝,3,丹内祐次,54.0,16,05,9,9,0,1.5,12,70.8,"1108",0,0,0,6,5,36.5,466,萱野浩二,美,0,13103849,01091,01024,0316160605,ビッグレッドファー,山田昇史,スタチューオブリバティ,ビューヤマザクラ,エルコンドルパサー,黒鹿,130218,   67.4,  ,    ,44.0
16,04,24,1,福島,6,06,未勝利,7,芝,0,1200,良,カヤドーメジャー  ,牡,3,菱田裕二,56.0,16,06,15,15,0,2,13,71.3,"1113",0,0,0,8,10,36.8,438,畠山吉宏,美,0,13103998,01144,01048,0316160606,黒澤尚,岡田スタツド,ダイワメジャー,ムーニーポンズ,"Mizzen Mast",鹿毛,130412,   81.9,  ,    ,43.8
16,04,24,1,福島,6,06,未勝利,7,芝,0,1200,良,エレガントビーナス,牝,3,原田和真,51.0,16,07,11,11,0,1.6,8,70.9,"1109",0,0,0,1,1,37.3,416,小桧山悟,美,0,13106475,01143,01005,0316160607,澤田新吾,競優牧場,ダノンシャンティ,サチノスイーティー,カリスタグローリ,鹿毛,130416,   20.9,  ,    ,40.1
16,04,24,1,福島,6,06,未勝利,7,芝,0,1200,良,ホープトウショウ  ,牝,3,丸田恭介,54.0,16,08,10,10,0,1.6,16,70.9,"1109",0,0,0,15,15,35.6,456,土田稔,美,0,13104566,01117,00417,0316160608,トウショウ産業,トウショウ産業株式,メイショウボーラー,ストームトウショウ,スターオブコジーン,鹿毛,130406,  170.6,  ,    ,49.2
16,04,24,1,福島,6,06,未勝利,7,芝,0,1200,良,キープサニーハート,牝,3,井上敏樹,52.0,16,09,12,12,0,1.7,3,71,"1110",0,0,0,11,10,36.4,462,蛯名利弘,美,0,13103148,01151,01131,0316160609,堀口晴男,丸村村下ファーム,キングヘイロー,サニーアンジェリカ,サクラバクシンオー,鹿毛,130409,    5.3,  ,    ,45.1
16,04,24,1,福島,6,06,未勝利,7,芝,0,1200,良,キセキノヒーロー  ,牡,3,木幡初也,53.0,16,10,7,7,0,1.3,15,70.6,"1106",0,0,0,12,10,35.9,438,黒岩陽一,美,0,13106389,01153,01133,0316160610,ジェイアール,神垣道弘,キンシャサノキセキ,コンパス,ノーザンテースト,鹿毛,130217,  130.0,  ,    ,46.7
16,04,24,1,福島,6,06,未勝利,7,芝,0,1200,良,マイネルロタシオン,牡,3,丸山元気,56.0,16,11,2,2,0,0.7,9,70,"1100",0,0,0,6,5,35.7,468,菊沢隆徳,美,200,13101902,01127,01115,0316160611,サラブレッドクラブ,ビッグレッドファー,ナカヤマフェスタ,コスモジャイロ,"Macho Uno",栗毛,130223,   34.1,  ,    ,46.1
16,04,24,1,福島,6,06,未勝利,7,芝,0,1200,良,ユッセ            ,牝,3,横山和生,54.0,16,12,1,1,0,-0.7,5,69.3,"1093",0,0,0,4,2,35.2,462,奥平雅士,美,500,13103720,01140,01074,0316160612,ミルファーム,松田牧場,グラスワンダー,ビクトワールイゾレ,ダンスインザダーク,栗毛,130224,   16.7,  ,    ,46.9
16,04,24,1,福島,6,06,未勝利,7,芝,0,1200,良,プロジェクション  ,牝,3,長岡禎仁,52.0,16,13,14,14,0,2,7,71.3,"1113",0,0,0,2,2,37.6,466,和田正一,美,0,13105621,01142,01114,0316160613,和田牧場,社台ファーム,メイショウサムソン,プライムアクトレス,エルコンドルパサー,鹿毛,130211,   18.9,  ,    ,39.6
16,04,24,1,福島,6,06,未勝利,7,芝,0,1200,良,ランポルテ        ,牝,3,吉田隼人,54.0,16,14,8,8,0,1.4,2,70.7,"1107",0,0,0,8,9,36.2,456,佐藤吉勝,美,0,13102555,01095,01035,0316160614,平本敏夫,水丸牧場,スウェプトオーヴァーボード,ミホダイリン,ラストタイクーン,芦毛,130519,    3.3,  ,    ,45.3
16,04,24,1,福島,6,06,未勝利,7,芝,0,1200,良,クインズヴィーナス,牝,3,加藤祥太,52.0,16,15,0,0,4,999.9,11,0,"----",0,0,0,16,0,0,438,西村真幸,栗,0,13103156,01156,01148,0316160615,クイーンズ・ランチ,村下明博,ハギノハイグレイド,ハギノスプレンダー,ヘクタープロテクター,黒鹿,130421,   55.1,  ,    , 0.0
16,04,24,1,福島,6,06,未勝利,7,芝,0,1200,良,シェヴェルニー    ,牝,3,西村太一,54.0,16,16,5,5,0,1.1,6,70.4,"1104",0,0,0,12,10,35.7,432,石栗龍彦,美,50,13105548,01131,01043,0316160616,ミルファーム,社台ファーム,マヤノトップガン,テイクマイアイズ,アグネスタキオン,黒鹿,130430,   17.9,  ,    ,47.2
16,04,24,1,福島,6,07,500万下,23,ダ,1,1700,良,カシノカーム      ,牡,5,原田和真,54.0,14,01,2,2,0,0.3,7,107.3,"1473",0,4,3,4,5,38.1,482,和田雄二,美,280,11109010,01143,01143,0316160701,柏木務,一山育成牧場,カーム,アトラスマーカー,アンバーシヤダイ,芦毛,110421,   11.8,  ,    ,49.1
16,04,24,1,福島,6,07,500万下,23,ダ,1,1700,良,メイショウトリトン,牡,6,中井裕二,56.0,14,02,3,3,0,0.8,8,107.8,"1478",0,11,10,12,11,37.9,480,藤沢則雄,栗,180,10104888,01141,01041,0316160702,松本好雄,太陽牧場,メイショウサムソン,メイショウフクヒメ,バブルガムフェロー,黒鹿,100315,   14.3,  ,    ,50.6
16,04,24,1,福島,6,07,500万下,23,ダ,1,1700,良,ショウナンガッチャ,牡,5,丸山元気,57.0,14,03,5,5,0,0.9,3,107.9,"1479",0,4,5,6,6,38.5,474,北出成人,栗,70,11100976,01127,01078,0316160703,国本哲秀,森永牧場,キングカメハメハ,アナバシュドチャーム,"Silver Deputy",栗毛,110326,    6.2,  ,    ,48.3
16,04,24,1,福島,6,07,500万下,23,ダ,1,1700,良,コスモカウピリ    ,牡,5,丹内祐次,57.0,14,04,1,1,0,-0.3,2,107,"1470",0,6,6,4,4,37.8,492,高橋祥泰,美,700,11102186,01091,00359,0316160704,ビッグレッドファー,大典牧場,ハイアーゲーム,シックスポケット,Charismatic,鹿毛,110320,    5.2,  ,    ,49.9
16,04,24,1,福島,6,07,500万下,23,ダ,1,1700,良,フランクジョイ    ,牡,4,長岡禎仁,55.0,14,05,13,13,0,2.9,14,109.9,"1499",0,13,14,13,14,39.6,484,高橋文雅,美,0,12100831,01142,01134,0316160705,坂本万夫,村上欽哉,クロフネ,ウインルミエール,"Saint Ballado",芦毛,120114,  187.1,  ,    ,46.8
16,04,24,1,福島,6,07,500万下,23,ダ,1,1700,良,シャドウゲーム    ,セ,6,菱田裕二,57.0,14,06,11,11,0,2.3,9,109.3,"1493",0,2,2,2,2,40.3,464,加藤征弘,美,0,10103762,01144,01059,0316160706,飯塚知一,社台ファーム,チチカステナンゴ,シャドウストリーム,サンデーサイレンス,鹿毛,100405,   16.7,  ,    ,43.4
16,04,24,1,福島,6,07,500万下,23,ダ,1,1700,良,ハッピーロード    ,セ,5,北村友一,57.0,14,07,6,6,0,0.9,6,107.9,"1479",0,8,8,7,7,38.4,498,平田修,栗,0,11105322,01102,01082,0316160707,豊田一致,松本信行,サンライズペガサス,トヨサンハッピー,マリエンバード,栗毛,110428,    9.2,  ,    ,48.7
16,04,24,1,福島,6,07,500万下,23,ダ,1,1700,良,スマイルフォース  ,牡,4,加藤祥太,55.0,14,08,12,12,0,2.9,4,109.9,"1499",0,8,8,7,9,40.4,442,森田直行,栗,0,12106055,01156,01142,0316160708,上茶谷一,ヒダカフアーム,バトルプラン,ジョイフルスマイル,マヤノトップガン,鹿毛,120313,    6.6,  ,    ,43.8
16,04,24,1,福島,6,07,500万下,23,ダ,1,1700,良,ルミラークル      ,牡,5,木幡初也,54.0,14,09,10,10,0,1.4,13,108.4,"1484",0,11,10,10,9,38.7,486,小野次郎,美,0,11104175,01153,01125,0316160709,Basic,社台ファーム,フジキセキ,ヴィエールソンリ,Cryptoclearance,青鹿,110220,  117.6,  ,    ,48.2
16,04,24,1,福島,6,07,500万下,23,ダ,1,1700,良,ジュガンティーヤ  ,牡,5,木幡巧也,54.0,14,10,7,7,0,0.9,1,107.9,"1479",0,3,3,2,2,38.8,530,杉浦宏昭,美,0,11105968,01162,01008,0316160710,日進牧場,日進牧場,サウスヴィグラス,プライムウィッシュ,シンボリクリスエス,青毛,110218,    4.4,  ,    ,47.1
16,04,24,1,福島,6,07,500万下,23,ダ,1,1700,良,セプテントリオ    ,セ,6,井上敏樹,55.0,14,11,8,8,0,1.2,10,108.2,"1482",0,13,13,13,13,38,492,中舘英二,美,0,10104400,01151,01153,0316160711,社台レースホース,社台コーポレーショ,ステイゴールド,オータムブリーズ,ティンバーカントリー,黒鹿,100306,   35.7,  ,    ,50.8
16,04,24,1,福島,6,07,500万下,23,ダ,1,1700,良,モーグリ          ,牡,4,和田翼,56.0,14,12,9,9,0,1.3,11,108.3,"1483",0,7,7,7,7,38.7,544,村山明,栗,0,12103931,01146,01107,0316160712,大林一彦,レイクヴィラファー,ハービンジャー,ソーマサイト,グラスワンダー,栗毛,120320,   45.9,  ,    ,48.1
16,04,24,1,福島,6,07,500万下,23,ダ,1,1700,良,メイジン          ,牡,5,津村明秀,57.0,14,13,4,4,0,0.9,5,107.9,"1479",0,1,1,1,1,39,458,蛯名利弘,美,110,11100448,01092,01131,0316160713,國分純,スマイルファーム,アドマイヤドン,アドマイヤサクラ,マーベラスサンデー,栗毛,110612,    7.7,  ,    ,46.4
16,04,24,1,福島,6,07,500万下,23,ダ,1,1700,良,シンボリネルソン  ,牡,5,丸田恭介,57.0,14,14,14,14,0,3.1,12,110.1,"1501",0,10,10,10,11,40.3,432,石毛善彦,美,0,11109108,01117,00428,0316160714,シンボリ牧場,シンボリ牧場,タニノギムレット,スイートアスペン,シンボリルドルフ,黒鹿,110305,   74.7,  ,    ,44.5
16,04,24,1,福島,6,08,500万下,23,ダ,1,1150,良,スカイアクセス    ,セ,7,西村太一,57.0,13,01,13,13,0,1.4,6,70.1,"1101",0,0,0,12,12,37.4,526,和田正道,美,0,09105485,01131,00353,0316160801,和田牧場,上水牧場,サクラバクシンオー,トリリウム,トニービン,鹿毛,090322,   13.7,  ,    ,45.4
16,04,24,1,福島,6,08,500万下,23,ダ,1,1150,良,サンアルパイン    ,牡,4,岩部純二,57.0,13,02,7,7,0,1.2,5,69.9,"1099",0,0,0,12,12,37.1,496,萱野浩二,美,0,12105076,00726,01024,0316160802,加藤ステーブル,今井秀樹,アッミラーレ,ライデンガール,ワカオライデン,鹿毛,120512,   11.6,  ,    ,46.4
16,04,24,1,福島,6,08,500万下,23,ダ,1,1150,良,オーロラッシュ    ,牡,4,丸山元気,57.0,13,03,2,2,0,0.5,8,69.2,"1092",0,0,0,11,11,36.7,450,土田稔,美,280,12100401,01127,00417,0316160803,山口敦広,大作ステーブル,パーソナルラッシュ,モエレサンタマリア,ゴールドヘイロー,鹿毛,120310,   17.0,  ,    ,46.6
16,04,24,1,福島,6,08,500万下,23,ダ,1,1150,良,ピックアンドポップ,牡,4,井上敏樹,55.0,13,04,10,10,0,1.2,4,69.9,"1099",0,0,0,5,4,38,486,武井亮,美,0,12102545,01151,01147,0316160804,大内康平,水丸牧場,キンシャサノキセキ,ウィギング,Warning,青鹿,120316,    7.6,  ,    ,41.6
16,04,24,1,福島,6,08,500万下,23,ダ,1,1150,良,エストゥペンド    ,牡,5,吉田隼人,57.0,13,05,1,1,0,-0.5,1,68.7,"1087",0,0,0,8,6,36.4,500,小西一男,美,700,11104642,01095,00405,0316160805,平本敏夫,川上悦夫,オリオンザサンクス,ブルーフェアプレー,アジュディケーティング,鹿毛,110524,    3.5,  ,    ,46.8
16,04,24,1,福島,6,08,500万下,23,ダ,1,1150,良,クリノツネチャン  ,牝,5,伴啓太,53.0,13,06,11,11,0,1.3,10,70,"1100",0,0,0,8,6,37.8,450,星野忍,美,0,11100187,01149,01030,0316160806,栗本博晴,川島良一,マイネルセレクト,モカサンデー,サンデーサイレンス,栗毛,110420,   25.0,  ,    ,42.9
16,04,24,1,福島,6,08,500万下,23,ダ,1,1150,良,モンサンナシーラ  ,牡,4,木幡巧也,54.0,13,07,9,9,0,1.2,7,69.9,"1099",0,0,0,1,1,38.2,524,牧光二,美,0,12102707,01162,01106,0316160807,山下新一,伊藤敏明,カネヒキリ,バックアタック,アグネスデジタル,栗毛,120402,   16.6,  ,    ,40.5
16,04,24,1,福島,6,08,500万下,23,ダ,1,1150,良,スズカオーショウ  ,牡,5,長岡禎仁,55.0,13,08,3,3,0,0.6,3,69.3,"1093",0,0,0,5,6,37.4,512,柄崎孝,美,180,11105789,01142,00380,0316160808,永井啓弍,駿河牧場,ヨハネスブルグ,オマイタ,Miswaki,栗毛,110425,    6.0,  ,    ,43.0
16,04,24,1,福島,6,08,500万下,23,ダ,1,1150,良,イワヌガハナ      ,セ,4,横山和生,57.0,13,09,5,5,0,1,9,69.7,"1097",0,0,0,2,2,38,468,小野次郎,美,70,12101466,01140,01125,0316160809,國分純,スマイルファーム,ファルブラヴ,マッチオブジュエル,フジキセキ,黒鹿,120425,   19.9,  ,    ,41.0
16,04,24,1,福島,6,08,500万下,23,ダ,1,1150,良,ディスティニーガイ,牡,4,黛弘人,57.0,13,10,4,4,0,0.7,2,69.4,"1094",0,0,0,2,2,37.7,488,奥平雅士,美,110,12100958,01109,01074,0316160810,石瀬浩三,ラツキー牧場,スニッツェル,シアトルムーン,アグネスタキオン,鹿毛,120229,    3.7,  ,    ,41.7
16,04,24,1,福島,6,08,500万下,23,ダ,1,1150,良,ドリームマークス  ,牡,6,原田和真,54.0,13,11,8,8,0,1.2,13,69.9,"1099",0,0,0,8,10,37.7,456,池上昌弘,美,0,10105729,01143,00390,0316160811,ライオンレースホー,長沼幸一,フサイチリシャール,ローレンシーバード,セキテイリュウオー,鹿毛,100430,  139.1,  ,    ,43.2
16,04,24,1,福島,6,08,500万下,23,ダ,1,1150,良,カシノトラダマシイ,牡,4,二本柳壮,57.0,13,12,6,6,0,1.1,12,69.8,"1098",0,0,0,7,6,37.8,462,二本柳俊,美,0,12100119,01049,00370,0316160812,柏木務,柏木一則,マイネルセレクト,コスモユウコリン,マイネルラヴ,黒鹿,120430,   74.4,  ,    ,42.4
16,04,24,1,福島,6,08,500万下,23,ダ,1,1150,良,タカベラジオ      ,牝,5,木幡初也,52.0,13,13,12,12,0,1.4,11,70.1,"1101",0,0,0,4,5,38.3,502,高市圭二,美,0,11102645,01153,01014,0316160813,北所直人,見上牧場,スウェプトオーヴァーボード,シルキーステージ,ビワハヤヒデ,芦毛,110415,   55.6,  ,    ,40.6
16,04,24,1,福島,6,09,500万下,23,ダ,1,1700,良,サリレモンド      ,牡,5,和田翼,56.0,12,01,3,3,0,0.6,4,108.1,"1481",0,1,1,1,1,37.7,514,和田正道,美,180,11110020,01146,00353,0316160901,ノースヒルズ,"Brandywine Farm Ch",Speightstown,"Gallileo Figaro",Galileo,栗毛,110221,    7.6,  ,    ,51.9
16,04,24,1,福島,6,09,500万下,23,ダ,1,1700,良,アンリキャトル    ,セ,5,加藤祥太,55.0,12,02,7,7,0,1.2,6,108.7,"1487",0,9,9,9,7,37.6,456,古賀慎明,美,0,11104443,01156,01079,0316160902,村野康司,社台ファーム,ネオユニヴァース,マンボスルー,Kingmambo,黒鹿,110218,   15.1,  ,    ,53.1
16,04,24,1,福島,6,09,500万下,23,ダ,1,1700,良,アビエイター      ,牡,5,宮崎北斗,57.0,12,03,11,11,0,2.5,8,110,"1500",0,5,4,7,7,39,518,伊藤正徳,美,0,11101456,01118,00383,0316160903,ヒダカ・ブリーダー,広田牧場,ディープスカイ,リザーブシート,クリエイター,栗毛,110217,   32.1,  ,    ,49.3
16,04,24,1,福島,6,09,500万下,23,ダ,1,1700,良,アキトプレスト    ,牡,4,木幡巧也,54.0,12,04,6,6,0,1.1,7,108.6,"1486",0,2,2,2,2,38.1,492,牧光二,美,0,12101380,01162,01106,0316160904,岡田昭利,下河辺牧場,ゼンノロブロイ,ブルックリンハイツ,ドクターデヴィアス,栗毛,120308,   32.0,  ,    ,50.9
16,04,24,1,福島,6,09,500万下,23,ダ,1,1700,良,ワンダーブラザウン,牡,6,横山和生,57.0,12,05,8,8,0,1.7,11,109.2,"1492",0,3,4,5,5,38.4,462,松永幹夫,栗,0,10101956,01140,01092,0316160905,山本信行,大島牧場,フジキセキ,オオシマジョリー,アフリート,栗毛,100409,  109.9,  ,    ,50.6
16,04,24,1,福島,6,09,500万下,23,ダ,1,1700,良,ミラクルナイト    ,牡,4,丸田恭介,57.0,12,06,10,10,0,2.4,10,109.9,"1499",0,7,7,7,10,38.9,464,柴田政人,美,0,12100927,01117,01007,0316160906,小野博郷,山岡ファーム,ローエングリン,エーピーモモ,ダンスインザダーク,芦毛,120412,   81.7,  ,    ,49.6
16,04,24,1,福島,6,09,500万下,23,ダ,1,1700,良,フクノドービル    ,牡,4,丹内祐次,57.0,12,07,9,9,0,1.8,9,109.3,"1493",0,12,12,12,11,37.8,504,的場均,美,0,12101963,01091,01063,0316160907,福島祐子,三輪牧場,ヴァーミリアン,マチカネキミガタメ,ブライアンズタイム,鹿毛,120404,   42.2,  ,    ,53.2
16,04,24,1,福島,6,09,500万下,23,ダ,1,1700,良,コティニャック    ,牡,4,丸山元気,57.0,12,08,1,1,0,-0.3,2,107.5,"1475",0,3,3,2,3,37,524,南田美知,美,700,12101265,01127,00437,0316160908,伊達敏明,サンシャイン牧場,ハーツクライ,オルレアン,アフリート,青鹿,120406,    5.2,  ,    ,53.9
16,04,24,1,福島,6,09,500万下,23,ダ,1,1700,良,トミケンシェルフ  ,牡,4,吉田隼人,57.0,12,09,2,2,0,0.3,1,107.8,"1478",0,5,4,4,4,37.1,482,武井亮,美,280,12101132,01095,01147,0316160909,冨樫賢二,沖田牧場,サイレントディール,アグリフェスタ,ウイングアロー,栗毛,120227,    2.0,  ,    ,53.9
16,04,24,1,福島,6,09,500万下,23,ダ,1,1700,良,ボールドハート    ,牡,4,伊藤工真,57.0,12,10,12,12,0,3.4,12,110.9,"1509",0,7,7,9,11,39.8,488,星野忍,美,0,12100109,01119,01030,0316160910,増田陽一,奥山博,エンパイアメーカー,ラブハート,マイネルラヴ,鹿毛,120330,  225.3,  ,    ,47.4
16,04,24,1,福島,6,09,500万下,23,ダ,1,1700,良,ザンブローネ      ,牡,5,津村明秀,57.0,12,11,5,5,0,0.9,5,108.4,"1484",0,9,11,5,5,37.6,562,木村哲也,美,70,11110094,01092,01126,0316160911,吉田和美,"Helen K. Groves Re","Smart Strike",Tejida,Rahy,栗毛,110222,    9.5,  ,    ,52.7
16,04,24,1,福島,6,09,500万下,23,ダ,1,1700,良,コマクサ          ,牡,4,原田和真,54.0,12,12,4,4,0,0.8,3,108.3,"1483",0,9,9,11,7,37.1,468,小桧山悟,美,110,12100895,01143,01005,0316160912,江川伸夫,森田芳男,マーベラスサンデー,コマケン,スキャン,黒鹿,120310,    5.8,  ,    ,54.7
16,04,24,1,福島,6,10,桑折特別500,23,芝,0,2000,良,カレンリスベット  ,牝,5,吉田隼人,55.0,15,01,1,1,0,-0.1,5,120.5,"2005",0,7,8,9,7,35,484,国枝栄,美,950,11104256,01095,00399,0316161001,鈴木隆司,社台ファーム,マンハッタンカフェ,シルヴァーカップ,Almutawakel,黒鹿,110308,    7.8,  ,    ,54.7
16,04,24,1,福島,6,10,桑折特別500,23,芝,0,2000,良,ダブルフラワー    ,牝,4,丹内祐次,55.0,15,02,8,8,0,0.7,11,121.2,"2012",0,3,4,5,4,35.9,484,佐藤吉勝,美,0,12102287,01091,01035,0316161002,ビッグレッドファー,グローリーファーム,サムライハート,アースウイザード,エイシンプレストン,栗毛,120425,   28.5,  ,    ,51.8
16,04,24,1,福島,6,10,桑折特別500,23,芝,0,2000,良,ゴージャスガール  ,牝,4,丸田恭介,55.0,15,03,9,9,0,0.8,9,121.3,"2013",0,11,11,11,10,35.6,428,大竹正博,美,0,12103146,01117,01102,0316161003,飯田正剛,千代田牧場,ジャングルポケット,オッドアイビーナス,クロフネ,黒鹿,120209,   19.8,  ,    ,53.2
16,04,24,1,福島,6,10,桑折特別500,23,芝,0,2000,良,ノーブルソニック  ,牝,4,北村友一,55.0,15,04,3,3,0,0.4,6,120.9,"2009",0,15,15,13,13,34.9,462,斉藤崇史,栗,240,12104697,01102,01151,0316161004,シルクレーシング,ノーザンファーム,ネオユニヴァース,ソニックグルーヴ,フレンチデピュティ,黒鹿,120205,    8.7,  ,    ,55.6
16,04,24,1,福島,6,10,桑折特別500,23,芝,0,2000,良,トーホウハニー    ,牝,4,津村明秀,55.0,15,05,4,4,0,0.4,2,120.9,"2009",0,5,6,5,4,35.6,434,田中清隆,美,140,12103720,01092,00408,0316161005,東豊物産,竹島幸治,ステイゴールド,トーホウメドゥーサ,Meadowlake,鹿毛,120327,    5.8,  ,    ,52.7
16,04,24,1,福島,6,10,桑折特別500,23,芝,0,2000,良,シンキングジョリー,牝,4,西村太一,55.0,15,06,13,13,0,1.3,15,121.8,"2018",0,2,2,3,4,36.6,486,田島俊明,美,0,12100652,01131,01112,0316161006,野谷美千,浜口牧場,タイムパラドックス,ディアンサス,ティンバーカントリー,鹿毛,120422,  214.4,  ,    ,49.8
16,04,24,1,福島,6,10,桑折特別500,23,芝,0,2000,良,ウインティアラ    ,牝,4,黛弘人,55.0,15,07,6,6,0,0.5,12,121,"2010",0,8,8,9,7,35.4,418,畠山吉宏,美,0,12100236,01109,01048,0316161007,ウイン,コスモヴューファー,ハービンジャー,コスモプラチナ,ステイゴールド,鹿毛,120210,   45.1,  ,    ,53.6
16,04,24,1,福島,6,10,桑折特別500,23,芝,0,2000,良,アマレッティ      ,牝,4,丸山元気,55.0,15,08,7,7,0,0.5,8,121,"2010",0,8,7,8,7,35.6,460,久保田貴,美,0,12104750,01127,01067,0316161008,キャロットファーム,社台コーポレーショ,キングカメハメハ,ドルチェリモーネ,サンデーサイレンス,栗毛,120204,   16.0,  ,    ,52.8
16,04,24,1,福島,6,10,桑折特別500,23,芝,0,2000,良,ナイトブルーミング,牝,6,中井裕二,55.0,15,09,15,15,0,2.3,10,122.8,"2028",0,10,8,5,10,37.5,462,根本康広,美,0,10106338,01141,01029,0316161009,平賀久枝,鎌田正嗣,リンカーン,フックライン,Shaadi,芦毛,100411,   21.5,  ,    ,47.5
16,04,24,1,福島,6,10,桑折特別500,23,芝,0,2000,良,リプカ            ,牝,4,加藤祥太,55.0,15,10,11,11,0,1.1,13,121.6,"2016",0,13,13,13,14,35.7,372,高橋康之,栗,0,12104469,01156,01135,0316161010,佐藤理,社台ファーム,ハービンジャー,リボンアート,サンデーサイレンス,栗毛,120202,  114.3,  ,    ,53.1
16,04,24,1,福島,6,10,桑折特別500,23,芝,0,2000,良,アンジェリー      ,牝,4,木幡初也,55.0,15,11,10,10,0,1.1,14,121.6,"2016",0,13,13,13,14,35.6,450,宗像義忠,美,0,12104490,01153,00420,0316161011,佐藤壽男,社台ファーム,ゼンノロブロイ,レディトゥプリーズ,"More Than Ready",黒鹿,120310,  174.2,  ,    ,53.5
16,04,24,1,福島,6,10,桑折特別500,23,芝,0,2000,良,プリメラアスール  ,牝,4,菱田裕二,55.0,15,12,2,2,0,0.1,1,120.6,"2006",0,3,3,2,2,35.6,490,鈴木孝志,栗,380,12102682,01144,01111,0316161012,アスール,石川栄一,スペシャルウィーク,リメインフォレスト,アジュディケーティング,黒鹿,120310,    4.6,  ,    ,52.3
16,04,24,1,福島,6,10,桑折特別500,23,芝,0,2000,良,ヴァンデミエール  ,牝,5,伊藤工真,55.0,15,13,5,5,0,0.5,4,121,"2010",0,11,11,11,10,35.3,434,伊藤大士,美,95,11105232,01119,01109,0316161013,ミルファーム,ビッグレッドファー,アサクサデンエン,マイネアクティース,タマモクロス,鹿毛,110303,    6.7,  ,    ,54.0
16,04,24,1,福島,6,10,桑折特別500,23,芝,0,2000,良,テイエムフタエマル,牝,4,和田翼,55.0,15,14,14,14,0,1.3,7,121.8,"2018",0,1,1,1,1,36.9,468,岩元市三,栗,0,12100991,01146,00397,0316161014,竹園正繼,アイズスタッド,サムライハート,マイネフューチャー,コマンダーインチーフ,鹿毛,120405,   14.0,  ,    ,48.6
16,04,24,1,福島,6,10,桑折特別500,23,芝,0,2000,良,オデッタ          ,牝,4,横山和生,55.0,15,15,12,12,0,1.2,3,121.7,"2017",0,5,4,3,3,36.5,456,中尾秀正,栗,0,12105414,01140,01069,0316161015,近藤英子,辻牧場,キングカメハメハ,マチルド,アドマイヤベガ,黒鹿,120415,    5.9,  ,    ,50.0
16,04,24,1,福島,6,11,福島中央1000,43,芝,0,1200,良,ウイングパラダイス,牝,5,和田翼,55.0,16,01,12,12,0,0.8,9,69.1,"1091",0,0,0,4,4,35.2,470,目野哲也,栗,0,11102529,01146,00387,0316161101,池田實,フジワラフアーム,メイショウサムソン,セフティパラダイス,パラダイスクリーク,鹿毛,110415,   32.4,  ,    ,46.3
16,04,24,1,福島,6,11,福島中央1000,43,芝,0,1200,良,プラチナブロンド  ,牝,5,丸田恭介,55.0,16,02,5,5,0,0.4,2,68.7,"1087",0,0,0,8,7,34.4,430,大竹正博,美,140,11104092,01117,01102,0316161102,キャロットファーム,ノーザンファーム,ジャングルポケット,モンローブロンド,アドマイヤベガ,黒鹿,110405,    6.4,  ,    ,49.7
16,04,24,1,福島,6,11,福島中央1000,43,芝,0,1200,良,スマートカルロス  ,牡,4,北村友一,57.0,16,03,1,1,0,0,1,68.3,"1083",0,0,0,6,4,34.3,468,浅見秀一,栗,1400,12101892,01102,00411,0316161103,大川徹,豊洋牧場,キンシャサノキセキ,シュガーキャンディ,トニービン,鹿毛,120518,    2.1,  ,    ,49.1
16,04,24,1,福島,6,11,福島中央1000,43,芝,0,1200,良,セレッソブランコ  ,牝,4,小坂忠士,55.0,16,04,9,9,0,0.7,11,69,"1090",0,0,0,4,4,35.1,472,奥村豊,栗,0,12101015,01063,01146,0316161104,三宅勝俊,天羽禮治,スウェプトオーヴァーボード,グランバザール,タマモクロス,芦毛,120501,   42.5,  ,    ,46.6
16,04,24,1,福島,6,11,福島中央1000,43,芝,0,1200,良,ケイアイユニコーン,牡,7,丹内祐次,57.0,16,05,10,10,0,0.7,6,69,"1090",0,0,0,13,13,34.3,494,山内研二,栗,0,09104256,01091,00388,0316161105,亀田和弘,松田牧場,キングカメハメハ,ケイアイギャラリー,ウォーニング,栗毛,090226,   14.2,  ,    ,51.2
16,04,24,1,福島,6,11,福島中央1000,43,芝,0,1200,良,クラウンカイザー  ,牡,7,熊沢重文,57.0,16,06,13,13,0,0.8,5,69.1,"1091",0,0,0,2,2,35.4,494,大根田裕,栗,0,09104499,00652,01032,0316161106,クラウン,奥山博,カルストンライトオ,カルストンサイダー,デュラブ,黒鹿,090511,   12.6,  ,    ,45.2
16,04,24,1,福島,6,11,福島中央1000,43,芝,0,1200,良,スズカアーサー    ,牡,7,長岡禎仁,57.0,16,07,8,8,0,0.6,13,68.9,"1089",0,0,0,16,16,33.7,494,柄崎孝,美,0,09101967,01142,00380,0316161107,永井啓弍,稲原牧場,ラスカルスズカ,アイシースズカ,サンデーサイレンス,鹿毛,090519,   95.6,  ,    ,54.5
16,04,24,1,福島,6,11,福島中央1000,43,芝,0,1200,良,オオタニジムチョウ,牡,7,津村明秀,57.0,16,08,7,7,0,0.4,8,68.7,"1087",0,0,0,12,12,34.1,468,菊沢隆徳,美,0,09102965,01092,01115,0316161108,國分純,ファニーフレンズフ,スターオブコジーン,モードマニア,フジキセキ,黒鹿,090415,   29.3,  ,    ,51.5
16,04,24,1,福島,6,11,福島中央1000,43,芝,0,1200,良,アグネスキズナ    ,セ,6,加藤祥太,57.0,16,09,14,14,0,0.9,15,69.2,"1092",0,0,0,14,15,34.2,502,長浜博之,栗,0,10104983,01156,00395,0316161109,渡辺公美子,富田牧場,アグネスタキオン,アグネスバラード,ヘネシー,栗毛,100409,  150.0,  ,    ,52.3
16,04,24,1,福島,6,11,福島中央1000,43,芝,0,1200,良,リッパーザウィン  ,牡,4,二本柳壮,57.0,16,10,4,4,0,0.4,4,68.7,"1087",0,0,0,2,2,35,504,矢作芳人,栗,210,12105689,01049,01075,0316161110,ラ・メール,日本中央競馬会日高,ヨハネスブルグ,シャトルシャロン,タイキシャトル,栗毛,120429,    8.8,  ,    ,46.3
16,04,24,1,福島,6,11,福島中央1000,43,芝,0,1200,良,アースプレイ      ,牝,5,伊藤工真,55.0,16,11,6,6,0,0.4,12,68.7,"1087",0,0,0,11,8,34.3,444,宗像義忠,美,0,11105664,01119,00420,0316161111,松山増男,ガーベラパークスタ,ゼンノロブロイ,ミスイースター,ウォーニング,青鹿,110428,   66.1,  ,    ,50.3
16,04,24,1,福島,6,11,福島中央1000,43,芝,0,1200,良,トシザキミ        ,牝,5,横山和生,55.0,16,12,15,15,0,1,10,69.3,"1093",0,0,0,8,8,35,480,鮫島一歩,栗,0,11105539,01140,01046,0316161112,上村利幸,浦河小林牧場,ジャイアントレッカー,トシキセキ,フジキセキ,鹿毛,110419,   37.5,  ,    ,48.0
16,04,24,1,福島,6,11,福島中央1000,43,芝,0,1200,良,レムミラス        ,牝,5,菱田裕二,55.0,16,13,11,11,0,0.8,7,69.1,"1091",0,0,0,14,13,34.1,452,高橋義忠,栗,0,11105837,01144,01129,0316161113,ダイリン,谷川牧場,キングヘイロー,エルベレス,ダンスインザダーク,鹿毛,110311,   19.8,  ,    ,52.6
16,04,24,1,福島,6,11,福島中央1000,43,芝,0,1200,良,リバティーホール  ,牝,7,宮崎北斗,55.0,16,14,3,3,0,0.2,16,68.5,"1085",0,0,0,8,8,34.2,452,堀井雅広,美,350,09100706,01118,00436,0316161114,吉田好雄,林孝輝,ケイムホーム,ムーンライトソナタ,サクラバクシンオー,鹿毛,090330,  155.3,  ,    ,50.3
16,04,24,1,福島,6,11,福島中央1000,43,芝,0,1200,良,ラファーガ        ,牝,4,黛弘人,55.0,16,15,16,16,0,1.3,14,69.6,"1096",0,0,0,6,8,35.5,474,本間忍,美,0,12105767,01109,01056,0316161115,岡田壮史,王蔵牧場,バランスオブゲーム,レディークライスト,"Holy Bull",青鹿,120428,   97.4,  ,    ,46.1
16,04,24,1,福島,6,11,福島中央1000,43,芝,0,1200,良,アペルトゥーラ    ,牡,5,吉田隼人,57.0,16,16,2,2,0,0,3,68.3,"1083",0,0,0,1,1,34.7,502,国枝栄,美,560,11101774,01095,00399,0316161116,ノルマンディーサラ,岡田スタツド,マツリダゴッホ,フサイチリニモ,ジャングルポケット,栗毛,110407,    6.8,  ,    ,46.8
16,04,24,1,福島,6,12,川俣特別500,23,芝,0,1800,良,マクベスバローズ  ,牡,6,和田翼,57.0,16,01,14,14,0,1.4,14,108.3,"1483",0,14,14,7,10,36.9,462,松下武士,栗,0,10103833,01146,01149,0316161201,猪熊広次,社台ファーム,ステイゴールド,トップチョイス,Cryptoclearance,黒鹿,100425,   60.2,  ,    ,46.7
16,04,24,1,福島,6,12,川俣特別500,23,芝,0,1800,良,マリーナベイ      ,牡,5,小野寺祐,57.0,16,02,12,12,0,1.1,16,108,"1480",0,11,12,10,11,36.3,488,池上昌和,美,0,11110105,01123,01150,0316161202,保坂和孝,"Valeata Bloodstock",Lonhro,Household,"Chester House",青鹿,110912,  158.1,  ,    ,48.8
16,04,24,1,福島,6,12,川俣特別500,23,芝,0,1800,良,オーラクィーン    ,牝,4,長岡禎仁,55.0,16,03,11,11,0,1.1,15,108,"1480",0,13,13,13,11,36.1,438,小島茂之,美,0,12102779,01142,01068,0316161203,福島祐子,岡野牧場,アドマイヤオーラ,サンレイククイン,Cozzene,芦毛,120507,  110.0,  ,    ,49.6
16,04,24,1,福島,6,12,川俣特別500,23,芝,0,1800,良,コスモアルヘナ    ,牡,4,黛弘人,57.0,16,04,8,8,0,0.7,6,107.6,"1476",0,5,4,5,4,36.4,470,武市康男,美,0,12106250,01109,01089,0316161204,ビッグレッドファー,昭和牧場,キンシャサノキセキ,アサンブラージュ,タイキシャトル,青鹿,120430,   14.1,  ,    ,47.8
16,04,24,1,福島,6,12,川俣特別500,23,芝,0,1800,良,ロードグリッター  ,牡,4,熊沢重文,57.0,16,05,3,3,0,0.4,1,107.3,"1473",0,2,2,2,1,36.4,484,藤岡健一,栗,240,12102293,00652,01062,0316161205,ロードホースクラブ,ケイアイファーム,ステイゴールド,エイトディズアパート,"Forest Wildcat",栗毛,120428,    3.3,  ,    ,47.4
16,04,24,1,福島,6,12,川俣特別500,23,芝,0,1800,良,タルトオポム      ,牡,5,横山和生,57.0,16,06,9,9,0,0.9,9,107.8,"1478",0,11,11,13,11,35.9,448,尾形和幸,美,0,11103821,01140,01141,0316161206,野本巧,ノーザンファーム,ジャングルポケット,ガラディナー,サンデーサイレンス,黒鹿,110407,   21.8,  ,    ,50.1
16,04,24,1,福島,6,12,川俣特別500,23,芝,0,1800,良,サトノユニコーン  ,牡,6,中井裕二,57.0,16,07,13,13,0,1.1,8,108,"1480",0,3,3,3,4,37,474,橋口慎介,栗,0,10102640,01141,01154,0316161207,サトミホースカンパ,グランド牧場,ディープインパクト,シャイアーズエンデ,"El Prado",鹿毛,100408,   19.6,  ,    ,45.9
16,04,24,1,福島,6,12,川俣特別500,23,芝,0,1800,良,ナムラマサシゲ    ,牡,5,宮崎北斗,57.0,16,08,16,16,0,1.7,13,108.6,"1486",0,1,1,1,2,37.7,496,谷原義明,美,0,11100061,01118,00402,0316161208,奈村信重,いとう牧場,カンパニー,ナムラシゲコ,エンドスウィープ,栗毛,110428,   55.6,  ,    ,44.0
16,04,24,1,福島,6,12,川俣特別500,23,芝,0,1800,良,マイネルスパーブ  ,牡,7,丹内祐次,57.0,16,09,2,2,0,0.3,10,107.2,"1472",0,5,4,5,3,36,470,小笠倫弘,美,380,09104661,01091,01076,0316161209,サラブレッドクラブ,コスモヴューファー,アドマイヤコジーン,マイネサンサン,スペシャルウィーク,鹿毛,090205,   22.7,  ,    ,48.9
16,04,24,1,福島,6,12,川俣特別500,23,芝,0,1800,良,エイムハイ        ,牡,4,北村友一,57.0,16,10,5,5,0,0.6,5,107.5,"1475",0,5,7,7,6,36.1,462,安田隆行,栗,95,12100592,01102,00438,0316161210,前田幸治,ノースヒルズ,ディープインパクト,サンドリオン,コマンダーインチーフ,鹿毛,120427,   11.6,  ,    ,48.9
16,04,24,1,福島,6,12,川俣特別500,23,芝,0,1800,良,レッドカイザー    ,牡,5,吉田隼人,57.0,16,11,10,10,0,1,3,107.9,"1479",0,15,15,15,15,35.8,486,角居勝彦,栗,0,11103862,01095,01053,0316161211,東京ホースレーシン,ノーザンファーム,ゼンノロブロイ,サセッティ,Selkirk,黒鹿,110130,    6.0,  ,    ,50.7
16,04,24,1,福島,6,12,川俣特別500,23,芝,0,1800,良,ドリームリヴァール,セ,6,大庭和弥,57.0,16,12,6,6,0,0.7,7,107.6,"1476",0,15,16,15,15,35.4,450,池上昌弘,美,0,10104563,01061,00390,0316161212,ライオンレースホー,追分ファーム,タニノギムレット,リヴァリーガーデン,サンデーサイレンス,黒鹿,100515,   14.5,  ,    ,52.0
16,04,24,1,福島,6,12,川俣特別500,23,芝,0,1800,良,ヤマニンバステト  ,牝,5,丸田恭介,55.0,16,13,1,1,0,-0.3,2,106.9,"1469",0,9,9,10,7,35.3,460,千田輝彦,栗,950,11105053,01117,01120,0316161213,土井肇,錦岡牧場,ディープインパクト,マダニナ,"Sadler's Wells",鹿毛,110416,    5.4,  ,    ,51.4
16,04,24,1,福島,6,12,川俣特別500,23,芝,0,1800,良,エーデルグランツ  ,牡,5,丸山元気,57.0,16,14,15,15,0,1.5,11,108.4,"1484",0,3,4,4,7,37.3,472,斉藤崇史,栗,0,11104021,01127,01151,0316161214,キャロットファーム,ノーザンファーム,ディープインパクト,フォーシンズ,Sinndar,青鹿,110424,   27.1,  ,    ,45.3
16,04,24,1,福島,6,12,川俣特別500,23,芝,0,1800,良,ダークネブラス    ,牡,4,津村明秀,57.0,16,15,4,4,0,0.4,4,107.3,"1473",0,8,8,7,7,35.9,464,鹿戸雄一,美,140,12104838,01092,01097,0316161215,サンデーレーシング,社台コーポレーショ,ハーツクライ,マイベストスター,Danehill,青鹿,120315,    8.1,  ,    ,49.4
16,04,24,1,福島,6,12,川俣特別500,23,芝,0,1800,良,メリーモナーク    ,セ,4,菱田裕二,57.0,16,16,7,7,0,0.7,12,107.6,"1476",0,9,9,10,11,35.9,470,橋田満,栗,0,12104908,01144,00362,0316161216,キャロットファーム,ノーザンファーム,キングカメハメハ,リッチダンサー,Halling,鹿毛,120505,   39.0,  ,    ,49.9
