17,04,29,1,新潟,1,01,障害未勝利,7,芝,2,2890,良,ドンアルフォンス  ,牡,5,白浜雄造,60.0,14,01,4,4,0,1.1,9,189,"3090",0,7,7,7,5,13.1,466,庄野靖志,栗,120,12101725,01035,01087,0417110101,山田貢一,日西牧場,ダンスインザダーク,ドナプレミア,スキャターザゴールド,黒鹿,120424,   28.3,  ,    , 0.0
17,04,29,1,新潟,1,01,障害未勝利,7,芝,2,2890,良,クラウンコルデーロ,牡,4,高野和馬,59.0,14,02,13,13,0,6.9,13,194.8,"3148",0,9,10,11,12,13.5,480,天間昭一,美,0,13101097,01089,01090,0417110102,矢野恭裕,北島牧場,ワイルドラッシュ,タニノピカンテ,カーネギー,青毛,130406,  104.9,  ,    , 0.0
17,04,29,1,新潟,1,01,障害未勝利,7,芝,2,2890,良,ラブリープラネット,牡,6,平沢健治,60.0,14,03,7,7,0,2.9,10,190.8,"3108",0,3,3,4,4,13.2,494,五十嵐忠,栗,0,11104481,01067,00422,0417110103,三田昌宏,社台ファーム,ダイワメジャー,ランペルティーザ,トワイニング,栗毛,110213,   46.8,  ,    , 0.0
17,04,29,1,新潟,1,01,障害未勝利,7,芝,2,2890,良,ステージジャンプ  ,牡,7,五十嵐雄,60.0,14,04,2,2,0,0.1,7,188,"3080",0,2,2,2,2,13,504,岩戸孝樹,美,310,10104176,01069,01051,0417110104,小林英一ホールディ,ノーザンファーム,アドマイヤジャパン,ステージヴァージン,トニービン,鹿毛,100209,   21.4,  ,    , 0.0
17,04,29,1,新潟,1,01,障害未勝利,7,芝,2,2890,良,チョンマゲ        ,牡,4,浜野谷憲,59.0,14,05,11,11,0,4.6,11,192.5,"3125",0,14,14,13,12,13.3,444,奥平雅士,美,0,13104472,00695,01074,0417110105,内田玄祥,千代田牧場,ブラックタイド,ジューンブライド,アフリート,黒鹿,130309,   54.4,  ,    , 0.0
17,04,29,1,新潟,1,01,障害未勝利,7,芝,2,2890,良,クリノツネチャン  ,牝,6,上野翔,58.0,14,06,12,12,0,6.2,12,194.1,"3141",0,7,8,10,10,13.4,462,星野忍,美,0,11100187,01087,01030,0417110106,栗本博晴,川島良一,マイネルセレクト,モカサンデー,サンデーサイレンス,栗毛,110420,   86.0,  ,    , 0.0
17,04,29,1,新潟,1,01,障害未勝利,7,芝,2,2890,良,スリージェット    ,牡,4,草野太郎,59.0,14,07,9,9,0,4,8,191.9,"3119",0,3,5,6,7,13.3,482,伊藤圭三,美,0,13104134,01113,01023,0417110107,永井商事,グランド牧場,サウスヴィグラス,ジョンコ,アグネスタキオン,栗毛,130424,   26.1,  ,    , 0.0
17,04,29,1,新潟,1,01,障害未勝利,7,芝,2,2890,良,インパルスヒーロー,牡,7,石神深一,60.0,14,08,3,3,0,1,2,188.9,"3089",0,3,3,3,3,13.1,508,国枝栄,美,200,10103731,01059,00399,0417110108,佐々木政充,社台ファーム,クロフネ,クラシカルテースト,サンデーサイレンス,鹿毛,100227,    5.4,  ,    , 0.0
17,04,29,1,新潟,1,01,障害未勝利,7,芝,2,2890,良,キングズオブザサン,セ,6,熊沢重文,60.0,14,09,8,8,0,4,4,191.9,"3119",0,9,8,9,9,13.3,470,荒川義之,栗,0,11104272,00652,01095,0417110109,社台レースホース,社台ファーム,チチカステナンゴ,スティンガー,サンデーサイレンス,芦毛,110514,    7.1,  ,    , 0.0
17,04,29,1,新潟,1,01,障害未勝利,7,芝,2,2890,良,シゲルロウニンアジ,牡,4,植野貴也,59.0,14,10,5,5,0,2.7,5,190.6,"3106",0,11,11,8,7,13.2,498,湯窪幸雄,栗,78,13104365,00727,01057,0417110110,森中蕃,武牧場,ブラックタイド,スズカダーリン,タイキシャトル,鹿毛,130331,   14.3,  ,    , 0.0
17,04,29,1,新潟,1,01,障害未勝利,7,芝,2,2890,良,ベストサポーター  ,牡,4,金子光希,59.0,14,11,6,6,0,2.9,3,190.8,"3108",0,6,6,5,5,13.2,520,和田雄二,美,0,13104425,01052,01143,0417110111,西村新一郎,田原橋本牧場,アサクサキングス,アシュワー,Diktat,青鹿,130423,    6.3,  ,    , 0.0
17,04,29,1,新潟,1,01,障害未勝利,7,芝,2,2890,良,ミッキーディンドン,牡,4,山本康志,59.0,14,12,14,14,0,7.1,14,195,"3150",0,13,13,14,14,13.5,492,菊沢隆徳,美,0,13105713,01008,01115,0417110112,野田みづき,社台ファーム,ダノンシャンティ,リトルディッパー,アグネスワールド,鹿毛,130321,  114.7,  ,    , 0.0
17,04,29,1,新潟,1,01,障害未勝利,7,芝,2,2890,良,オビーディエント  ,牡,8,小坂忠士,60.0,14,13,10,10,0,4.2,6,192.1,"3121",0,11,11,12,10,13.3,470,加藤敬二,栗,0,09105006,01063,00379,0417110113,ノースヒルズ,ノースヒルズマネジ,シンボリクリスエス,ウィルビーゼア,サンデーサイレンス,黒鹿,090310,   18.0,  ,    , 0.0
17,04,29,1,新潟,1,01,障害未勝利,7,芝,2,2890,良,メイショウライナー,牡,7,難波剛健,60.0,14,14,1,1,0,-0.1,1,187.9,"3079",0,1,1,1,1,13,476,高橋義忠,栗,780,10102111,01066,01129,0417110114,松本好隆,小島牧場,キングヘイロー,ナナヨーティアラ,マイネルラヴ,鹿毛,100416,    2.2,  ,    , 0.0
17,04,29,1,新潟,1,02,未勝利・牝,7,ダ,1,1800,稍,トロイメライ      ,牝,3,西田雄一,54.0,15,01,13,13,0,3.6,5,120.4,"2004",0,4,5,7,9,42.9,518,岩戸孝樹,美,0,14104758,01004,01051,0417110201,飯田良枝,千代田牧場,アグネスデジタル,ストロングレダ,マンハッタンカフェ,黒鹿,140322,   32.5,  ,    ,40.3
17,04,29,1,新潟,1,02,未勝利・牝,7,ダ,1,1800,稍,タガノワンハート  ,牝,3,伴啓太,52.0,15,02,9,9,0,3.2,9,120,"2000",0,9,11,13,13,41.5,404,池添兼雄,栗,0,14100903,01149,01021,0417110202,八木良司,八木牧場,アイルハヴアナザー,タガノシャルマン,トニービン,鹿毛,140306,   67.2,  ,    ,44.6
17,04,29,1,新潟,1,02,未勝利・牝,7,ダ,1,1800,稍,イケジュンペガサス,牝,3,義英真,53.0,15,03,15,15,0,4.2,11,121,"2010",0,6,7,7,7,43.5,470,北出成人,栗,0,14103174,01155,01078,0417110203,鈴木等,杵臼牧場,クロフネ,マイクロス,タマモクロス,芦毛,140405,   80.8,  ,    ,39.1
17,04,29,1,新潟,1,02,未勝利・牝,7,ダ,1,1800,稍,プロヴェルビオ    ,牝,3,宮崎北斗,54.0,15,04,7,7,0,2.6,12,119.4,"1594",0,10,9,10,9,41.7,462,松永康利,美,0,14100735,01118,01093,0417110204,成富直行,ビッグレッドファー,ステイゴールド,マイネテレジア,ロージズインメイ,黒鹿,140220,   90.8,  ,    ,43.2
17,04,29,1,新潟,1,02,未勝利・牝,7,ダ,1,1800,稍,クリノヴィクトリア,牝,3,木幡初也,52.0,15,05,4,4,0,0.7,4,117.5,"1575",0,8,8,6,6,40.1,432,高市圭二,美,75,14109007,01153,01014,0417110205,栗本博晴,イズモリファーム,アサクサキングス,キボウ,サツカーボーイ,栗毛,140412,   12.2,  ,    ,46.5
17,04,29,1,新潟,1,02,未勝利・牝,7,ダ,1,1800,稍,タイムレスタイム  ,牝,3,津村明秀,54.0,15,06,6,6,0,2,6,118.8,"1588",0,15,13,11,9,41,478,和田雄二,美,0,14105644,01092,01143,0417110206,栗坂崇,社台ファーム,ゼンノロブロイ,フィールグルービー,トニービン,鹿毛,140204,   44.6,  ,    ,44.9
17,04,29,1,新潟,1,02,未勝利・牝,7,ダ,1,1800,稍,セイウンハニー    ,牝,3,勝浦正樹,54.0,15,07,12,12,0,3.5,7,120.3,"2003",0,12,13,14,14,40.7,458,田村康仁,美,0,14104959,01025,01027,0417110207,西山茂行,畠山牧場,アイルハヴアナザー,ブリーボーンズ,Hesabull,栗毛,140424,   59.6,  ,    ,47.8
17,04,29,1,新潟,1,02,未勝利・牝,7,ダ,1,1800,稍,マサノカオリ      ,牝,3,菱田裕二,54.0,15,08,11,11,0,3.5,10,120.3,"2003",0,10,9,9,7,42.7,430,加藤敬二,栗,0,14104705,01144,00379,0417110208,猪野毛雅人,田湯牧場,トーセンホマレボシ,パルティシオン,エルコンドルパサー,黒鹿,140426,   70.0,  ,    ,40.9
17,04,29,1,新潟,1,02,未勝利・牝,7,ダ,1,1800,稍,メイズオブオナー  ,牝,3,北村友一,54.0,15,09,2,2,0,0.3,1,117.1,"1571",0,6,6,5,3,39.9,444,藤原英昭,栗,200,14101086,01102,01055,0417110209,ロードホースクラブ,ケイアイファーム,ハーツクライ,キャサリンオブアラゴン,"Holy Roman Emperor",鹿毛,140318,    1.8,  ,    ,46.7
17,04,29,1,新潟,1,02,未勝利・牝,7,ダ,1,1800,稍,クリノアンヌ      ,牝,3,井上敏樹,52.0,15,10,8,8,0,2.7,8,119.5,"1595",0,12,12,12,12,41.6,454,伊藤伸一,美,0,14102612,01151,01031,0417110210,栗本博晴,ヤナガワ牧場,タイムパラドックス,ミヤコサンライズ,フジキセキ,栃栗,140413,   61.2,  ,    ,43.6
17,04,29,1,新潟,1,02,未勝利・牝,7,ダ,1,1800,稍,セレッソプレミオ  ,牝,3,藤懸貴志,54.0,15,11,10,10,0,3.2,13,120,"2000",0,1,1,2,3,43.2,426,松元茂樹,栗,0,14100986,01138,00419,0417110211,三宅勝俊,大平牧場,シンボリクリスエス,ニチドウジョリーズ,ジョリーズヘイロー,黒鹿,140511,  103.7,  ,    ,38.9
17,04,29,1,新潟,1,02,未勝利・牝,7,ダ,1,1800,稍,ヒデノエーデル    ,牝,3,荻野琢真,54.0,15,12,14,14,0,3.6,14,120.4,"2004",0,14,15,14,14,40.8,444,梅田智之,栗,0,14104971,01112,01084,0417110212,大石秀夫,服部健太郎,バトルプラン,ユキノクイーン,タイキシャトル,鹿毛,140307,  108.8,  ,    ,47.5
17,04,29,1,新潟,1,02,未勝利・牝,7,ダ,1,1800,稍,スカイリモーネ    ,牝,3,加藤祥太,53.0,15,13,5,5,0,1.9,15,118.7,"1587",0,4,3,4,5,41.7,442,西橋豊治,栗,50,14103678,01156,00434,0417110213,岩崎僖澄,市川牧場,ネオユニヴァース,ミステリューズ,ナリタトップロード,鹿毛,140328,  125.5,  ,    ,42.3
17,04,29,1,新潟,1,02,未勝利・牝,7,ダ,1,1800,稍,レッドエレノア    ,牝,3,丸山元気,54.0,15,14,3,3,0,0.5,2,117.3,"1573",0,2,2,1,1,40.6,522,木村哲也,美,130,14105185,01127,01126,0417110214,東京ホースレーシン,矢野牧場,ハーツクライ,サビアーレ,Capote,青鹿,140508,    3.3,  ,    ,44.5
17,04,29,1,新潟,1,02,未勝利・牝,7,ダ,1,1800,稍,ショウナンナナイロ,牝,3,坂井瑠星,52.0,15,15,1,1,0,-0.3,3,116.8,"1568",0,3,3,3,2,39.9,436,高野友和,栗,500,14104395,01163,01117,0417110215,国本哲秀,キヨタケ牧場,エンパイアメーカー,ショウナンアピア,ディープインパクト,青鹿,140310,    5.6,  ,    ,46.4
17,04,29,1,新潟,1,03,未勝利・若,7,ダ,1,1200,稍,ハクユウマックス  ,牡,3,伴啓太,54.0,15,01,8,8,0,2.4,3,75.5,"1155",0,0,0,12,12,38.7,498,作田誠二,栗,0,14102472,01149,01006,0417110301,H.Iコーポレーショ,松田一夫,アドマイヤマックス,シンシアナ,アフリート,栗毛,140420,    6.4,  ,    ,45.1
17,04,29,1,新潟,1,03,未勝利・若,7,ダ,1,1200,稍,ヒロノオンリーワン,牡,3,義英真,55.0,15,02,11,11,0,3,11,76.1,"1161",0,0,0,11,11,39.6,502,崎山博樹,栗,0,14105210,01155,00365,0417110302,小野博郷,山田牧場,ジャングルポケット,サクラワイズ,サクラバクシンオー,黒鹿,140226,   35.2,  ,    ,42.2
17,04,29,1,新潟,1,03,未勝利・若,7,ダ,1,1200,稍,フレンドリーナイト,牡,3,加藤祥太,55.0,15,03,9,9,0,2.4,14,75.5,"1155",0,0,0,7,7,39.7,462,松山将樹,美,0,14103332,01156,01100,0417110303,増山武志,大道牧場,バゴ,シーキングドーラ,"More Than Ready",栗毛,140529,  189.1,  ,    ,40.2
17,04,29,1,新潟,1,03,未勝利・若,7,ダ,1,1200,稍,セイユウダンサー  ,牝,3,横山武史,51.0,15,04,13,13,0,3.2,13,76.3,"1163",0,0,0,5,5,40.9,424,鈴木伸尋,美,0,14101772,01170,01026,0417110304,松岡正二,オリオンファーム,ネオユニヴァース,マイティーダンサー,Alzao,青鹿,140128,  101.3,  ,    ,36.6
17,04,29,1,新潟,1,03,未勝利・若,7,ダ,1,1200,稍,ブラストビート    ,牡,3,井上敏樹,54.0,15,05,12,12,0,3.2,8,76.3,"1163",0,0,0,12,13,39.5,504,黒岩陽一,美,0,14105649,01151,01133,0417110305,吉田照哉,社台ファーム,ショウナンカンプ,フォーノーワン,サンデーサイレンス,鹿毛,140508,   20.4,  ,    ,43.2
17,04,29,1,新潟,1,03,未勝利・若,7,ダ,1,1200,稍,ビップディオス    ,牡,3,藤懸貴志,56.0,15,06,6,6,0,1.9,6,75,"1150",0,0,0,9,9,38.9,488,清水久詞,栗,0,14109052,01138,01110,0417110306,鈴木邦英,タイヘイ牧場,キングズベスト,ラストワルツ,ゼンノロブロイ,栗毛,140202,   12.7,  ,    ,42.8
17,04,29,1,新潟,1,03,未勝利・若,7,ダ,1,1200,稍,シャルムポワント  ,牝,3,嶋田純次,54.0,15,07,14,14,0,4,15,77.1,"1171",0,0,0,14,14,39,420,小笠倫弘,美,0,14104269,01134,01076,0417110307,岡田牧雄,岡田スタツド,ナカヤマフェスタ,シャルムダンサー,"Groom Dancer",芦毛,140323,  217.1,  ,    ,47.7
17,04,29,1,新潟,1,03,未勝利・若,7,ダ,1,1200,稍,レディーフランソワ,牝,3,杉原誠人,54.0,15,08,5,5,0,1,12,74.1,"1141",0,0,0,6,5,38.6,490,伊藤正徳,美,50,14105068,01135,00383,0417110308,植木茂年,藤原牧場,タイキシャトル,オスカルフランソワ,ワイルドラッシュ,鹿毛,140312,   97.0,  ,    ,42.0
17,04,29,1,新潟,1,03,未勝利・若,7,ダ,1,1200,稍,ダンツプロシード  ,牡,3,森一馬,56.0,15,09,4,4,0,0.8,10,73.9,"1139",0,0,0,9,9,37.7,496,山内研二,栗,75,14104297,01139,00388,0417110309,山元哲二,岡田スタツド,アイルハヴアナザー,フランシール,アグネスタキオン,栗毛,140409,   29.2,  ,    ,46.0
17,04,29,1,新潟,1,03,未勝利・若,7,ダ,1,1200,稍,ロードコメット    ,セ,3,菊沢一樹,53.0,15,10,2,2,0,0.4,4,73.5,"1135",0,0,0,2,2,38.4,500,菊沢隆徳,美,200,14104226,01161,01115,0417110310,ロードホースクラブ,伊藤敏明,サウスヴィグラス,アイノビジン,グルームダンサー,栗毛,140429,    9.9,  ,    ,41.4
17,04,29,1,新潟,1,03,未勝利・若,7,ダ,1,1200,稍,ブルーベック      ,牡,3,中井裕二,56.0,15,11,0,0,4,999.9,7,0,"----",0,0,0,15,0,0,460,小西一男,美,0,14104008,01141,00405,0417110311,田島榮二郎,福岡光夫,ジャングルポケット,フヨウ,フジキセキ,栗毛,140617,   12.9,  ,    , 0.0
17,04,29,1,新潟,1,03,未勝利・若,7,ダ,1,1200,稍,アグリツーリスモ  ,牡,3,坂井瑠星,54.0,15,12,3,3,0,0.6,2,73.7,"1137",0,0,0,2,2,38.6,470,和田正一,美,130,14100327,01163,01114,0417110312,スピードファーム,スピードフアーム,ウォーターリーグ,ツールドコルス,ウインデュエル,栗毛,140326,    5.0,  ,    ,40.9
17,04,29,1,新潟,1,03,未勝利・若,7,ダ,1,1200,稍,ローブ            ,牝,3,木幡初也,52.0,15,13,7,7,0,2.2,5,75.3,"1153",0,0,0,7,8,39.5,454,栗田博憲,美,0,14103375,01153,00341,0417110313,辻牧場,辻牧場,カジノドライヴ,ポロメリア,プリサイスエンド,栗毛,140422,   10.7,  ,    ,40.6
17,04,29,1,新潟,1,03,未勝利・若,7,ダ,1,1200,稍,バナナボート      ,牡,3,小崎綾也,55.0,15,14,1,1,0,-0.4,1,73.1,"1131",0,0,0,1,1,38.2,418,柴田政人,美,500,14100256,01152,01007,0417110314,田頭勇貴,坂元芳春,タイムパラドックス,ツクバオトメ,ネオユニヴァース,栗毛,140420,    2.6,  ,    ,41.4
17,04,29,1,新潟,1,03,未勝利・若,7,ダ,1,1200,稍,トーヨーエース    ,牡,3,鮫島克駿,55.0,15,15,10,10,0,2.5,9,75.6,"1156",0,0,0,4,4,40.3,476,佐々木晶,栗,0,14104788,01157,00429,0417110315,中嶋宏,千代田牧場,キンシャサノキセキ,フラワーアーチ,Nashwan,鹿毛,140504,   28.9,  ,    ,37.6
17,04,29,1,新潟,1,04,障害・オープ,131,芝,2,2890,良,アムールスキー    ,牡,6,小野寺祐,60.0,14,01,3,3,0,0.9,3,188.6,"3086",0,14,14,11,10,13.1,508,小笠倫弘,美,340,11103649,01123,01076,0417110401,シルクレーシング,社台コーポレーショ,ゼンノロブロイ,ビワパシフィカス,ブライアンズタイム,鹿毛,110206,   10.0,  ,    , 0.0
17,04,29,1,新潟,1,04,障害・オープ,131,芝,2,2890,良,プリンスダム      ,牡,6,西谷誠,60.0,14,02,11,11,0,2.4,4,190.1,"3101",0,10,10,10,10,13.2,496,池江泰寿,栗,0,11104076,01005,01071,0417110402,サンデーレーシング,ノーザンファーム,キングカメハメハ,マリーシャンタル,サンデーサイレンス,黒鹿,110209,   12.7,  ,    , 0.0
17,04,29,1,新潟,1,04,障害・オープ,131,芝,2,2890,良,トーアヒミコ      ,牝,4,石神深一,57.0,14,03,7,7,0,1.6,7,189.3,"3093",0,11,11,9,9,13.1,444,星野忍,美,0,13105103,01059,01030,0417110403,高山ランド,トーア牧場,クロフネ,トーアセンヒメ,フジキセキ,黒鹿,130403,   19.8,  ,    , 0.0
17,04,29,1,新潟,1,04,障害・オープ,131,芝,2,2890,良,シベリアンタイガー,セ,6,金子光希,60.0,14,04,5,5,0,1.4,5,189.1,"3091",0,2,1,1,2,13.1,478,栗田博憲,美,135,11106610,01052,00341,0417110404,岡田牧雄,増本良孝,タニノギムレット,クロネコ,ダンスインザダーク,鹿毛,110529,   13.3,  ,    , 0.0
17,04,29,1,新潟,1,04,障害・オープ,131,芝,2,2890,良,ダローネガ        ,牡,8,高田潤,60.0,14,05,0,0,4,999.9,1,0,"----",0,4,3,2,1,0,510,佐々木晶,栗,0,09106109,01046,00429,0417110405,キャロットファーム,ノーザンファーム,ダイワメジャー,カメリアローズ,ホワイトマズル,鹿毛,090504,    2.4,  ,    , 0.0
17,04,29,1,新潟,1,04,障害・オープ,131,芝,2,2890,良,メイショウオヤシオ,セ,5,白浜雄造,60.0,14,06,4,4,0,1.1,9,188.8,"3088",0,4,5,6,6,13.1,482,浅見秀一,栗,200,12105338,01035,00411,0417110406,松本好雄,多田善弘,メイショウボーラー,メイショウガーベラ,"Kris S.",栗毛,120331,   30.8,  ,    , 0.0
17,04,29,1,新潟,1,04,障害・オープ,131,芝,2,2890,良,エルインペレイター,セ,7,浜野谷憲,60.0,14,07,13,13,0,13.6,12,201.3,"3213",0,1,2,14,14,13.9,494,戸田博文,美,0,10103789,00695,01054,0417110407,ジェイアール,社台ファーム,グラスワンダー,スマートカスタム,マンハッタンカフェ,鹿毛,100510,   55.8,  ,    , 0.0
17,04,29,1,新潟,1,04,障害・オープ,131,芝,2,2890,良,ウインイルソーレ  ,牡,6,山本康志,60.0,14,08,12,12,0,3.4,14,191.1,"3111",0,11,11,13,13,13.2,510,高橋祥泰,美,0,11105272,01008,00359,0417110408,ウイン,北星村田牧場,ファスリエフ,アンブレラ,サンデーサイレンス,鹿毛,110130,  150.6,  ,    , 0.0
17,04,29,1,新潟,1,04,障害・オープ,131,芝,2,2890,良,ミヤジタイガ      ,牡,7,小坂忠士,60.0,14,09,9,9,0,2,10,189.7,"3097",0,3,4,4,5,13.1,510,岩元市三,栗,0,10100540,01063,00397,0417110409,曽我司,白井牧場,ネオユニヴァース,フローレンスガール,"El Corredor",鹿毛,100227,   31.0,  ,    , 0.0
17,04,29,1,新潟,1,04,障害・オープ,131,芝,2,2890,良,スズカチャンプ    ,牡,8,田村太雅,60.0,14,10,6,6,0,1.5,13,189.2,"3092",0,8,7,6,7,13.1,498,羽月友彦,栗,0,09103514,01105,01091,0417110410,永井啓弍,グランド牧場,ディープインパクト,スプリングマンボ,Kingmambo,鹿毛,090217,  123.6,  ,    , 0.0
17,04,29,1,新潟,1,04,障害・オープ,131,芝,2,2890,良,サトノギャラント  ,セ,8,五十嵐雄,60.0,14,11,2,2,0,0.2,2,187.9,"3079",0,8,7,4,3,13,500,藤沢和雄,美,540,09105825,01069,00386,0417110411,サトミホースカンパ,社台ファーム,シンボリクリスエス,スティンガー,サンデーサイレンス,黒鹿,090213,    3.1,  ,    , 0.0
17,04,29,1,新潟,1,04,障害・オープ,131,芝,2,2890,良,リバーソウル      ,牡,6,中村将之,60.0,14,12,10,10,0,2.4,8,190.1,"3101",0,7,7,8,8,13.2,476,浅見秀一,栗,0,11103937,01101,00411,0417110412,林正道,ノーザンファーム,ネオユニヴァース,ソニンク,Machiavellian,黒鹿,110212,   23.9,  ,    , 0.0
17,04,29,1,新潟,1,04,障害・オープ,131,芝,2,2890,良,ウインセイヴィア  ,牡,5,草野太郎,60.0,14,13,8,8,0,1.7,11,189.4,"3094",0,11,11,11,12,13.1,464,清水英克,美,0,12100255,01113,01080,0417110413,ウイン,コスモヴューファー,コンデュイット,モエレカトリーナ,ゴールドヘイロー,栗毛,120305,   41.9,  ,    , 0.0
17,04,29,1,新潟,1,04,障害・オープ,131,芝,2,2890,良,ツジスーパーサクラ,牝,5,平沢健治,58.0,14,14,1,1,0,-0.2,6,187.7,"3077",0,6,5,3,3,13,474,作田誠二,栗,1350,12103615,01067,01006,0417110414,辻俊夫,岡田スタツド,チチカステナンゴ,ヴイプラド,"El Prado",芦毛,120403,   18.5,  ,    , 0.0
17,04,29,1,新潟,1,05,未勝利,7,芝,8,1600,良,ロマンチックワーク,牝,3,津村明秀,54.0,16,01,11,11,0,1.9,12,97,"1370",0,0,0,14,14,34.2,468,友道康夫,栗,0,14105472,01092,01061,0417110501,大塚亮一,社台ファーム,ワークフォース,クリスティロマンス,シンボリクリスエス,鹿毛,140511,   79.0,  ,    ,60.2
17,04,29,1,新潟,1,05,未勝利,7,芝,8,1600,良,ナムラマントル    ,セ,3,坂井瑠星,54.0,16,02,14,14,0,2.3,16,97.4,"1374",0,0,0,16,16,34.2,506,五十嵐忠,栗,0,14101665,01163,00422,0417110502,奈村信重,いとう牧場,マツリダゴッホ,ナムラクニヒメ,キンググローリアス,鹿毛,140427,  128.3,  ,    ,60.9
17,04,29,1,新潟,1,05,未勝利,7,芝,8,1600,良,コンゴウトシオー  ,牡,3,石橋脩,56.0,16,03,4,4,0,0.6,10,95.7,"1357",0,0,0,6,5,33.7,452,西村真幸,栗,75,14103687,01077,01148,0417110503,田畑利彦,梅田牧場,ハーツクライ,アルカイックレディ,"Mr. Greeley",青鹿,140321,   48.6,  ,    ,60.4
17,04,29,1,新潟,1,05,未勝利,7,芝,8,1600,良,ブルベアバイソン  ,牡,3,丸山元気,56.0,16,04,8,8,0,0.7,4,95.8,"1358",0,0,0,3,3,34,464,坂口正則,栗,0,14104958,01127,00356,0417110504,ブルアンドベア,畠山牧場,サマーバード,フローネ,アグネスタキオン,栗毛,140413,    6.4,  ,    ,59.1
17,04,29,1,新潟,1,05,未勝利,7,芝,8,1600,良,アスタークライ    ,牡,3,義英真,55.0,16,05,10,10,0,1.5,8,96.6,"1366",0,0,0,8,8,34.3,446,湯窪幸雄,栗,0,14104024,01155,01057,0417110505,加藤久枝,丸村村下ファーム,ハーツクライ,クリールソレイユ,フレンチデピュティ,栗毛,140419,   36.0,  ,    ,59.0
17,04,29,1,新潟,1,05,未勝利,7,芝,8,1600,良,ミルキークォーツ  ,牝,3,吉田隼人,54.0,16,06,5,5,0,0.6,2,95.7,"1357",0,0,0,3,3,33.9,406,池上昌和,美,50,14105913,01095,01150,0417110506,キャロットファーム,ノーザンファーム,シンボリクリスエス,ケイティーズジェム,ディープインパクト,黒鹿,140124,    3.9,  ,    ,59.4
17,04,29,1,新潟,1,05,未勝利,7,芝,8,1600,良,ライズイーグル    ,牡,3,中井裕二,56.0,16,07,3,3,0,0.5,7,95.6,"1356",0,0,0,5,5,33.6,504,浜田多実,栗,130,14110066,01141,01138,0417110507,大野照旺,"Mr Mike Ryan",Frankel,"Rose of Summer","El Prado",芦毛,140202,   30.1,  ,    ,60.7
17,04,29,1,新潟,1,05,未勝利,7,芝,8,1600,良,スリーチャーム    ,牝,3,菊沢一樹,51.0,16,08,12,12,0,2,15,97.1,"1371",0,0,0,10,10,34.5,478,柄崎孝,美,0,14104343,01161,00380,0417110508,永井商事,岡田牧場,ジャングルポケット,フォーチュネイター,フォーティナイナー,鹿毛,140301,   90.3,  ,    ,58.9
17,04,29,1,新潟,1,05,未勝利,7,芝,8,1600,良,テーオービクトリー,牝,3,勝浦正樹,54.0,16,09,1,1,0,-0.2,1,95.1,"1351",0,0,0,10,10,32.7,460,岡田稲男,栗,500,14102607,01025,01066,0417110509,小笹公也,ヤナガワ牧場,ブラックタイド,タイキクララ,デヒア,鹿毛,140323,    3.4,  ,    ,64.5
17,04,29,1,新潟,1,05,未勝利,7,芝,8,1600,良,ジェルファルレイ  ,牝,3,水口優也,54.0,16,10,6,6,0,0.7,9,95.8,"1358",0,0,0,1,1,34.2,462,池江泰寿,栗,0,14100826,01133,01071,0417110510,ローレルレーシング,村上欽哉,ハービンジャー,ウエストローズ,スピニングワールド,鹿毛,140518,   46.0,  ,    ,58.1
17,04,29,1,新潟,1,05,未勝利,7,芝,8,1600,良,カガヤクミナノユメ,セ,3,横山和生,56.0,16,11,15,15,0,2.7,11,97.8,"1378",0,0,0,9,8,35.5,500,小野次郎,美,0,14102081,01140,01125,0417110511,國分純,スマイルファーム,ミリオンディスク,マッチオブジュエル,フジキセキ,栗毛,140504,   58.5,  ,    ,55.3
17,04,29,1,新潟,1,05,未勝利,7,芝,8,1600,良,ミスティクィーン  ,牝,3,加藤祥太,53.0,16,12,13,13,0,2.2,13,97.3,"1373",0,0,0,2,2,35.6,378,斉藤崇史,栗,0,14103650,01156,01151,0417110512,阿部東亜子,山田昇史,タニノギムレット,ポーズ,ゼンノロブロイ,鹿毛,140411,   86.4,  ,    ,54.0
17,04,29,1,新潟,1,05,未勝利,7,芝,8,1600,良,シャンティローザ  ,牝,3,鮫島克駿,53.0,16,13,2,2,0,0.2,3,95.3,"1353",0,0,0,6,5,33.4,460,松永幹夫,栗,200,14105846,01157,01092,0417110513,ホシノレーシング,ノーザンファーム,ダノンシャンティ,エポカローザ,"El Prado",青鹿,140326,    4.4,  ,    ,61.2
17,04,29,1,新潟,1,05,未勝利,7,芝,8,1600,良,ピンクガーベラ    ,牝,3,丸田恭介,54.0,16,14,7,7,0,0.7,5,95.8,"1358",0,0,0,10,10,33.3,420,中竹和也,栗,0,14100617,01117,01039,0417110514,前田幸治,ノースヒルズ,ディープインパクト,ルシュクル,サクラバクシンオー,芦毛,140428,    8.9,  ,    ,62.6
17,04,29,1,新潟,1,05,未勝利,7,芝,8,1600,良,ウォルト          ,牡,3,北村友一,56.0,16,15,16,16,0,3.1,6,98.2,"1382",0,0,0,14,14,35.4,554,西園正都,栗,0,14101628,01102,01028,0417110515,天羽禮治牧場,天羽禮治,ハービンジャー,キルシュワッサー,サクラバクシンオー,栗毛,140305,   22.1,  ,    ,56.4
17,04,29,1,新潟,1,05,未勝利,7,芝,8,1600,良,ワインアンドダイン,牝,3,丹内祐次,54.0,16,16,9,9,0,1.1,14,96.2,"1362",0,0,0,13,13,33.6,414,伊藤大士,美,0,14100712,01091,01109,0417110516,サラブレッドクラブ,ビッグレッドファー,ステイゴールド,ピノブラン,クロフネ,鹿毛,140225,   88.1,  ,    ,61.8
17,04,29,1,新潟,1,06,未勝利,7,芝,0,2000,良,マイネルバローネ  ,牡,3,丹内祐次,56.0,15,01,10,10,0,1.6,10,123.1,"2031",0,4,3,4,6,37.4,482,手塚貴久,美,0,14103589,01091,01038,0417110601,サラブレッドクラブ,宮内牧場,シンボリクリスエス,キョウエイタキオン,アグネスタキオン,青鹿,140421,   27.1,  ,    ,48.2
17,04,29,1,新潟,1,06,未勝利,7,芝,0,2000,良,ライトオブピース  ,牡,3,石橋脩,56.0,15,02,4,4,0,0.3,3,121.8,"2018",0,11,10,11,11,35.4,470,佐々木晶,栗,75,14100584,01077,00429,0417110602,前田晋二,ノースヒルズ,ゼンノロブロイ,グッバイマイラブ,ノーザンテースト,鹿毛,140301,    4.9,  ,    ,54.6
17,04,29,1,新潟,1,06,未勝利,7,芝,0,2000,良,ドゥエルインハート,牡,3,勝浦正樹,56.0,15,03,15,15,0,2.2,13,123.7,"2037",0,9,8,11,12,37.3,472,加藤征弘,美,0,14104754,01025,01059,0417110603,飯田正剛,千代田牧場,タイキシャトル,ジューンブライド,アフリート,鹿毛,140222,  104.4,  ,    ,49.3
17,04,29,1,新潟,1,06,未勝利,7,芝,0,2000,良,アンフェインド    ,牡,3,丸田恭介,56.0,15,04,5,5,0,0.6,5,122.1,"2021",0,14,13,13,12,35.5,490,中竹和也,栗,50,14105723,01117,01039,0417110604,加藤誠,社台ファーム,ハービンジャー,ミルフィオリ,サンデーサイレンス,鹿毛,140519,    8.0,  ,    ,54.5
17,04,29,1,新潟,1,06,未勝利,7,芝,0,2000,良,ブレーメン        ,牝,3,荻野琢真,54.0,15,05,14,14,0,2.1,12,123.6,"2036",0,15,15,15,15,36.5,458,今野貞一,栗,0,14101936,01112,01128,0417110605,下河辺牧場,下河辺牧場,コンデュイット,シャンパンフルート,クロフネ,芦毛,140309,  102.8,  ,    ,52.3
17,04,29,1,新潟,1,06,未勝利,7,芝,0,2000,良,アルーリングデイズ,セ,3,小崎綾也,55.0,15,06,12,12,0,1.7,7,123.2,"2032",0,1,1,1,1,37.8,448,武井亮,美,0,14105339,01152,01147,0417110606,社台レースホース,社台コーポレーショ,ゼンノロブロイ,アルーリングライフ,フレンチデピュティ,黒鹿,140302,   16.8,  ,    ,46.8
17,04,29,1,新潟,1,06,未勝利,7,芝,0,2000,良,シンデン          ,牡,3,津村明秀,56.0,15,07,2,2,0,0,4,121.5,"2015",0,6,6,4,4,35.8,466,牧光二,美,200,14102619,01092,01106,0417110607,ケンレーシング組合,山際辰夫,コンデュイット,ハーレムスウィング,マンハッタンカフェ,鹿毛,140228,    6.5,  ,    ,52.6
17,04,29,1,新潟,1,06,未勝利,7,芝,0,2000,良,サーストンファラオ,牡,3,菊沢一樹,53.0,15,08,9,9,0,1.2,14,122.7,"2027",0,7,7,9,9,36.5,456,菊沢隆徳,美,0,14103295,01161,01115,0417110608,齊藤宣勝,田中スタッド,キングズベスト,レッダンゴールド,サンデーサイレンス,鹿毛,140311,  119.1,  ,    ,51.2
17,04,29,1,新潟,1,06,未勝利,7,芝,0,2000,良,コスモノーズプレス,牡,3,丸山元気,56.0,15,09,8,8,0,1.2,8,122.7,"2027",0,4,5,4,4,37,442,伊藤大士,美,0,14100741,01127,01109,0417110609,ビッグレッドファー,ビッグレッドファー,コンデュイット,マイネノーブレス,マヤノトップガン,栗毛,140316,   17.6,  ,    ,49.3
17,04,29,1,新潟,1,06,未勝利,7,芝,0,2000,良,ミルトプレスト    ,牡,3,吉田隼人,56.0,15,10,1,1,0,0,6,121.5,"2015",0,11,12,9,9,35.2,496,佐藤吉勝,美,500,14101640,01095,01035,0417110610,永山勝敏,新井昭二,アドマイヤムーン,シアトルブリッジ,スキャン,鹿毛,140411,   12.9,  ,    ,55.1
17,04,29,1,新潟,1,06,未勝利,7,芝,0,2000,良,ウインハイラント  ,牡,3,菱田裕二,56.0,15,11,11,11,0,1.7,2,123.2,"2032",0,2,2,2,2,37.8,436,金成貴史,美,0,14100210,01144,01132,0417110611,ウイン,コスモヴューファー,ステイゴールド,コウエイソフィア,フォーティナイナー,鹿毛,140516,    4.7,  ,    ,46.8
17,04,29,1,新潟,1,06,未勝利,7,芝,0,2000,良,ユキノエルドール  ,牡,3,北村友一,56.0,15,12,7,7,0,0.9,11,122.4,"2024",0,7,8,7,7,36.4,458,和田正一,美,0,14105062,01102,01114,0417110612,井上基之,フジワラフアーム,アサクサキングス,ユキノシンデレラ,サンダーガルチ,栗毛,140504,   47.9,  ,    ,51.3
17,04,29,1,新潟,1,06,未勝利,7,芝,0,2000,良,ビップラフォーレ  ,牡,3,坂井瑠星,54.0,15,13,3,3,0,0,1,121.5,"2015",0,9,10,7,7,35.5,436,清水久詞,栗,130,14101551,01163,01110,0417110613,鈴木邦英,坂東牧場,クロフネ,ビップピュアレディ,フジキセキ,栃栗,140408,    4.5,  ,    ,53.8
17,04,29,1,新潟,1,06,未勝利,7,芝,0,2000,良,サンライズジャック,牡,3,加藤祥太,55.0,15,14,13,13,0,2,15,123.5,"2035",0,13,13,13,14,36.9,464,庄野靖志,栗,0,14102011,01156,01087,0417110614,松岡隆雄,庄野牧場,サンライズペガサス,レインリバー,スウェプトオーヴァーボード,芦毛,140414,  141.4,  ,    ,50.6
17,04,29,1,新潟,1,06,未勝利,7,芝,0,2000,良,ヤマニンゼーレ    ,牡,3,木幡初也,54.0,15,15,6,6,0,0.9,9,122.4,"2024",0,3,3,2,2,36.9,496,栗田博憲,美,0,14100553,01153,00341,0417110615,土井肇,錦岡牧場,シンボリクリスエス,ヤマニンアリーナ,サンデーサイレンス,鹿毛,140514,   18.0,  ,    ,49.3
17,04,29,1,新潟,1,07,500万下・牝,23,ダ,1,1200,稍,ラファーガ        ,牝,5,黛弘人,55.0,15,01,4,4,0,0.7,10,73.8,"1138",0,0,0,6,5,38,482,本間忍,美,110,12105767,01109,01056,0417110701,岡田壮史,王蔵牧場,バランスオブゲーム,レディークライスト,"Holy Bull",青鹿,120428,   29.3,  ,    ,44.2
17,04,29,1,新潟,1,07,500万下・牝,23,ダ,1,1200,稍,メイショウルナ    ,牝,6,木幡初也,53.0,15,02,9,9,0,1.5,12,74.6,"1146",0,0,0,14,14,37.6,496,池添兼雄,栗,0,11105998,01153,01021,0417110702,松本好雄,日の出牧場,スタチューオブリバティ,チルシーカー,"Seeking the Gold",鹿毛,110328,   57.0,  ,    ,48.4
17,04,29,1,新潟,1,07,500万下・牝,23,ダ,1,1200,稍,レッドファーレン  ,牝,5,丸田恭介,55.0,15,03,8,8,0,1.4,13,74.5,"1145",0,0,0,14,14,37.6,438,宗像義忠,美,0,12104385,01117,00420,0417110703,東京ホースレーシン,社台ファーム,シンボリクリスエス,ヘヴンリークルーズ,ファルブラヴ,青鹿,120326,   78.5,  ,    ,48.1
17,04,29,1,新潟,1,07,500万下・牝,23,ダ,1,1200,稍,シャンパンサーベル,牝,5,杉原誠人,55.0,15,04,7,7,0,1.3,11,74.4,"1144",0,0,0,13,12,37.6,472,佐藤吉勝,美,0,12100798,01135,01035,0417110704,田頭勇貴,松浦牧場,キンシャサノキセキ,フェアリーバニヤン,"Honour and Glory",黒鹿,120404,   37.0,  ,    ,47.9
17,04,29,1,新潟,1,07,500万下・牝,23,ダ,1,1200,稍,トップライセンス  ,牝,4,吉田隼人,55.0,15,05,1,1,0,-0.6,2,73.1,"1131",0,0,0,1,1,38.1,488,尾関知人,美,750,13105841,01095,01103,0417110705,サンデーレーシング,ノーザンファーム,キンシャサノキセキ,キャリアコレクション,"General Meeting",青鹿,130211,    3.3,  ,    ,41.9
17,04,29,1,新潟,1,07,500万下・牝,23,ダ,1,1200,稍,ハッピーロングラン,牝,6,北村友一,55.0,15,06,3,3,0,0.7,6,73.8,"1138",0,0,0,8,8,37.6,432,安田隆行,栗,190,11103990,01102,00438,0417110706,馬場幸夫,ノーザンファーム,ネオユニヴァース,ハッピーラン,フレンチデピュティ,鹿毛,110401,   21.1,  ,    ,46.3
17,04,29,1,新潟,1,07,500万下・牝,23,ダ,1,1200,稍,ワタシダイナマイト,牝,5,丹内祐次,55.0,15,07,13,13,0,2.5,14,75.6,"1156",0,0,0,6,5,39.8,480,高橋祥泰,美,0,12106419,01091,00359,0417110707,小田切有一,木下牧場,スニッツェル,ステキプレゼント,ジェニュイン,栗毛,120508,  111.0,  ,    ,39.9
17,04,29,1,新潟,1,07,500万下・牝,23,ダ,1,1200,稍,メランコリア      ,牝,5,井上敏樹,53.0,15,08,6,6,0,1.1,7,74.2,"1142",0,0,0,11,10,37.6,480,蛯名利弘,美,0,12105638,01151,01131,0417110708,ミルファーム,ミルファーム,プリサイスエンド,フレンチポップス,フレンチデピュティ,栗毛,120422,   23.6,  ,    ,47.3
17,04,29,1,新潟,1,07,500万下・牝,23,ダ,1,1200,稍,ティアップブロンド,牝,5,坂井瑠星,53.0,15,09,10,10,0,1.7,1,74.8,"1148",0,0,0,4,4,39.3,510,西浦勝一,栗,0,12105910,01163,01016,0417110709,田中昇,小林仁,ゴールドアリュール,フォーティエース,フォーティナイナー,栗毛,120531,    2.9,  ,    ,40.3
17,04,29,1,新潟,1,07,500万下・牝,23,ダ,1,1200,稍,エクスシア        ,牝,6,中井裕二,55.0,15,10,2,2,0,0.6,4,73.7,"1137",0,0,0,8,8,37.6,434,大江原哲,美,300,11104803,01141,01012,0417110710,岡田牧雄,須崎牧場,シニスターミニスター,ハネダテンシ,フジキセキ,鹿毛,110323,   11.3,  ,    ,46.0
17,04,29,1,新潟,1,07,500万下・牝,23,ダ,1,1200,稍,スリーチアサウス  ,牝,6,水口優也,55.0,15,11,5,5,0,0.8,8,73.9,"1139",0,0,0,2,2,38.5,474,大橋勇樹,栗,75,11101936,01133,01065,0417110711,永井商事,グランド牧場,サウスヴィグラス,チャームカーニバル,アサティス,鹿毛,110413,   25.8,  ,    ,41.9
17,04,29,1,新潟,1,07,500万下・牝,23,ダ,1,1200,稍,ピクシーカフェ    ,牝,4,横山武史,52.0,15,12,14,14,0,2.6,15,75.7,"1157",0,0,0,4,5,40.1,436,小島太,美,0,13105024,01170,01013,0417110712,西川恭子,市川牧場,ネオユニヴァース,グリーティングス,"Rainbow Quest",鹿毛,130423,  137.3,  ,    ,38.8
17,04,29,1,新潟,1,07,500万下・牝,23,ダ,1,1200,稍,ペイシャオトメ    ,牝,4,加藤祥太,54.0,15,13,11,11,0,1.8,9,74.9,"1149",0,0,0,11,12,38.3,472,竹内正洋,美,0,13102792,01156,01152,0417110713,北所直人,梅田牧場,ファスリエフ,コイセヨオトメ,フジキセキ,鹿毛,130524,   25.9,  ,    ,45.6
17,04,29,1,新潟,1,07,500万下・牝,23,ダ,1,1200,稍,オメガハートソング,牝,5,石橋脩,55.0,15,14,12,12,0,1.9,3,75,"1150",0,0,0,10,10,38.6,440,松永幹夫,栗,0,12104168,01077,01092,0417110714,原禮子,社台ファーム,ゼンノロブロイ,オメガアイランド,エルコンドルパサー,青鹿,120321,    5.0,  ,    ,44.3
17,04,29,1,新潟,1,07,500万下・牝,23,ダ,1,1200,稍,ウィズアットレース,牝,5,伴啓太,53.0,15,15,15,15,0,2.9,5,76,"1160",0,0,0,2,3,40.6,410,池上昌弘,美,0,12102169,01149,00390,0417110715,岡田牧雄,ラツキー牧場,ローレルゲレイロ,シルキーウィズ,エンドスウィープ,黒鹿,120430,   19.8,  ,    ,37.2
17,04,29,1,新潟,1,08,500万下,23,ダ,1,1800,稍,リリーシューター  ,牡,4,藤懸貴志,57.0,15,01,5,5,0,1.5,7,116.8,"1568",0,9,9,8,9,39.6,498,平田修,栗,75,13100401,01138,01082,0417110801,土井孝夫,下河辺牧場,ネオユニヴァース,リオニアンレディー,Kingmambo,鹿毛,130123,   15.2,  ,    ,47.5
17,04,29,1,新潟,1,08,500万下,23,ダ,1,1800,稍,パラティーノ      ,牡,8,津村明秀,57.0,15,02,4,4,0,1.5,10,116.8,"1568",0,7,6,6,5,39.8,522,畠山吉宏,美,110,09105766,01092,01048,0417110802,村野康司,社台ファーム,シンボリクリスエス,オレンジピール,サンデーサイレンス,黒鹿,090316,   24.9,  ,    ,46.7
17,04,29,1,新潟,1,08,500万下,23,ダ,1,1800,稍,エルメネジルド    ,牡,5,坂井瑠星,55.0,15,03,12,12,0,2.4,9,117.7,"1577",0,15,15,15,14,39.6,490,杉山晴紀,栗,0,12103191,01163,01157,0417110803,飯田正剛,千代田牧場,エンパイアメーカー,ハローレイチェル,Mining,鹿毛,120530,   23.3,  ,    ,48.6
17,04,29,1,新潟,1,08,500万下,23,ダ,1,1800,稍,デューズワイルズ  ,牡,4,北村友一,57.0,15,04,8,8,0,1.9,4,117.2,"1572",0,14,14,13,13,39.6,464,鈴木孝志,栗,0,13105931,01102,01111,0417110804,キャロットファーム,ノーザンファーム,カジノドライヴ,ジューンアナガリス,サンデーサイレンス,黒鹿,130219,    9.8,  ,    ,48.0
17,04,29,1,新潟,1,08,500万下,23,ダ,1,1800,稍,マルカベッカム    ,牡,4,義英真,56.0,15,05,15,15,0,3.5,15,118.8,"1588",0,12,12,14,15,40.9,504,羽月友彦,栗,0,13105562,01155,01091,0417110805,日下部猛,社台ファーム,ワークフォース,ナショナルホリデー,ダンスインザダーク,鹿毛,130121,  125.9,  ,    ,45.2
17,04,29,1,新潟,1,08,500万下,23,ダ,1,1800,稍,ファンドレイザー  ,セ,4,吉田隼人,57.0,15,06,6,6,0,1.6,8,116.9,"1569",0,11,12,8,9,39.7,516,岩戸孝樹,美,0,13100601,01095,01051,0417110806,H.H.シェイク・モハ,ダーレー・ジャパン,エンパイアメーカー,チャリティークエスト,"Coronado's Quest",鹿毛,130311,   19.4,  ,    ,47.2
17,04,29,1,新潟,1,08,500万下,23,ダ,1,1800,稍,スフェーン        ,牡,4,丸山元気,57.0,15,07,2,2,0,1.2,5,116.5,"1565",0,4,4,4,2,39.7,440,小西一男,美,300,13103448,01127,00405,0417110807,キャピタルクラブ,笹地牧場,メイショウボーラー,ウォータープレミア,ネオユニヴァース,鹿毛,130423,   11.7,  ,    ,46.7
17,04,29,1,新潟,1,08,500万下,23,ダ,1,1800,稍,グランセノーテ    ,牡,4,石橋脩,57.0,15,08,1,1,0,-1.2,2,115.3,"1553",0,1,1,1,1,38.7,526,鮫島一歩,栗,750,13104027,01077,01046,0417110808,安原浩司,岡田牧場,ゴールドアリュール,コーディーライン,Miswaki,栗毛,130504,    5.2,  ,    ,49.0
17,04,29,1,新潟,1,08,500万下,23,ダ,1,1800,稍,タイセイストーム  ,牡,5,勝浦正樹,57.0,15,09,11,11,0,2.3,3,117.6,"1576",0,9,6,6,5,40.7,500,新開幸一,美,0,12105434,01025,01116,0417110809,田中成奉,富田牧場,スタチューオブリバティ,スベトラーナ,ネオユニヴァース,青鹿,120327,    8.3,  ,    ,44.5
17,04,29,1,新潟,1,08,500万下,23,ダ,1,1800,稍,ビッグランチ      ,牡,4,鮫島克駿,56.0,15,10,14,14,0,2.4,14,117.7,"1577",0,2,2,2,5,41,462,和田正道,美,0,13101546,01157,00353,0417110810,スピードファーム,スピードフアーム,アドマイヤオーラ,ファインショット,スピードワールド,栗毛,130316,   58.0,  ,    ,43.5
17,04,29,1,新潟,1,08,500万下,23,ダ,1,1800,稍,クリノロッキー    ,牡,7,木幡初也,55.0,15,11,9,9,0,2,12,117.3,"1573",0,12,11,12,12,39.9,518,高市圭二,美,0,10101155,01153,01014,0417110811,栗本博晴,ヤナガワ牧場,アフリート,クインズフラッグ,ブライアンズタイム,栗毛,100218,   31.5,  ,    ,47.0
17,04,29,1,新潟,1,08,500万下,23,ダ,1,1800,稍,ハギノグランコート,牡,4,中井裕二,57.0,15,12,3,3,0,1.3,1,116.6,"1566",0,4,6,8,5,39.5,516,高野友和,栗,190,13101822,01141,01117,0417110812,日隈良江,ノースヒルズ,ディープスカイ,ハギノサフィラ,シンボリクリスエス,栗毛,130408,    2.7,  ,    ,47.6
17,04,29,1,新潟,1,08,500万下,23,ダ,1,1800,稍,セカンドエフォート,牡,4,加藤祥太,56.0,15,13,10,10,0,2.2,6,117.5,"1575",0,2,2,2,2,40.8,492,村山明,栗,0,13105979,01156,01107,0417110813,シルクレーシング,ノーザンファーム,ワイルドラッシュ,ディフィカルト,Concern,青鹿,130214,   15.2,  ,    ,44.0
17,04,29,1,新潟,1,08,500万下,23,ダ,1,1800,稍,ショウナンガッチャ,牡,6,丹内祐次,57.0,15,14,13,13,0,2.4,13,117.7,"1577",0,4,4,4,2,40.9,498,北出成人,栗,0,11100976,01091,01078,0417110814,国本哲秀,森永牧場,キングカメハメハ,アナバシュドチャーム,"Silver Deputy",栗毛,110326,   44.8,  ,    ,43.9
17,04,29,1,新潟,1,08,500万下,23,ダ,1,1800,稍,オカホンコー      ,牡,6,菱田裕二,57.0,15,15,7,7,0,1.7,11,117,"1570",0,7,9,11,11,39.7,494,湯窪幸雄,栗,0,11103431,01144,01057,0417110815,小林茂行,オンワード牧場,キングカメハメハ,オンワードサマンサ,フジキセキ,鹿毛,110324,   27.3,  ,    ,47.4
17,04,29,1,新潟,1,09,500万下,23,ダ,1,1200,稍,タイセイラビッシュ,牡,5,石橋脩,57.0,15,01,11,11,0,1.8,2,74.5,"1145",0,0,0,6,6,39.2,486,青木孝文,美,0,12104594,01077,01156,0417110901,田中成奉,ノーザンファーム,カンパニー,ギンザフローラル,シンボリクリスエス,鹿毛,120219,    4.4,  ,    ,40.1
17,04,29,1,新潟,1,09,500万下,23,ダ,1,1200,稍,ヤマタケジャイアン,セ,4,岩部純二,57.0,15,02,12,12,0,2,12,74.7,"1147",0,0,0,9,9,39.1,462,萱野浩二,美,0,13103229,00726,01024,0417110902,山中和子,浦河小林牧場,ジャイアントレッカー,トシザサンサン,ブラックタイアフェアー,芦毛,130320,  120.4,  ,    ,41.0
17,04,29,1,新潟,1,09,500万下,23,ダ,1,1200,稍,サウスリュウセイ  ,牡,5,西田雄一,57.0,15,03,4,4,0,1.2,8,73.9,"1139",0,0,0,11,11,37.9,472,武藤善則,美,110,12105964,01004,01064,0417110903,南波壽,高岸順一,サウスヴィグラス,サウスエンピリカル,マンハッタンカフェ,鹿毛,120323,   52.6,  ,    ,45.0
17,04,29,1,新潟,1,09,500万下,23,ダ,1,1200,稍,ドンボラーレ      ,牡,4,吉田隼人,57.0,15,04,6,6,0,1.3,4,74,"1140",0,0,0,6,6,38.6,448,牧浦充徳,栗,0,13104977,01095,01113,0417110904,山田貢一,チャンピオンズファ,ドリームジャーニー,リキマドレード,Miswaki,栗毛,130520,    7.8,  ,    ,41.7
17,04,29,1,新潟,1,09,500万下,23,ダ,1,1200,稍,キチロクステージ  ,牡,4,二本柳壮,57.0,15,05,3,3,0,0.9,3,73.6,"1136",0,0,0,10,9,37.8,472,二本柳俊,美,190,13101414,01049,00370,0417110905,山本正美,競優牧場,ローレルゲレイロ,ステージワンスモア,タニノギムレット,鹿毛,130213,    7.4,  ,    ,44.7
17,04,29,1,新潟,1,09,500万下,23,ダ,1,1200,稍,サマニー          ,牡,4,原田和真,57.0,15,06,8,8,0,1.7,9,74.4,"1144",0,0,0,6,6,39,484,伊藤大士,美,0,13102729,01143,01109,0417110906,井上一郎,中脇一幸,スタチューオブリバティ,ショコット,デインヒル,青鹿,130426,   59.7,  ,    ,40.8
17,04,29,1,新潟,1,09,500万下,23,ダ,1,1200,稍,グランアラミス    ,セ,5,宮崎北斗,57.0,15,07,5,5,0,1.3,7,74,"1140",0,0,0,12,12,37.7,488,粕谷昌央,美,75,12102675,01118,01096,0417110907,岡田牧雄,池田牧場,フォーティナイナーズサン,ジェイケイスキャン,スキャン,栗毛,120417,   17.1,  ,    ,46.3
17,04,29,1,新潟,1,09,500万下,23,ダ,1,1200,稍,トウショウデュエル,牡,5,木幡初也,55.0,15,08,2,2,0,0.5,6,73.2,"1132",0,0,0,3,3,38.5,524,杉浦宏昭,美,300,12103265,01153,01008,0417110908,トウショウ産業,トウショウ産業株式,ローエングリン,ヘヴントウショウ,ダイタクヘリオス,栗毛,120425,   15.9,  ,    ,40.1
17,04,29,1,新潟,1,09,500万下,23,ダ,1,1200,稍,ワンダーグロワール,牡,5,小坂忠士,57.0,15,09,14,14,0,2.8,11,75.5,"1155",0,0,0,1,2,41,500,奥村豊,栗,0,12106437,01063,01146,0417110909,山本能成,日西牧場,ショウナンカンプ,ランドローリエ,"Danzig Connection",鹿毛,120414,  118.9,  ,    ,34.1
17,04,29,1,新潟,1,09,500万下,23,ダ,1,1200,稍,ハナズウェポン    ,牡,6,横山武史,54.0,15,10,7,7,0,1.4,13,74.1,"1141",0,0,0,12,12,37.7,484,加藤和宏,美,0,11102438,01170,01077,0417110910,M.タバート,畠山牧場,オレハマッテルゼ,プラセール,ヘクタープロテクター,栗毛,110424,  122.2,  ,    ,46.6
17,04,29,1,新潟,1,09,500万下,23,ダ,1,1200,稍,アイファーヴリル  ,牡,4,菱田裕二,57.0,15,11,15,15,0,3.5,15,76.2,"1162",0,0,0,14,14,39.6,452,飯田雄三,栗,0,13104655,01144,01050,0417110911,中島稔,野表篤夫,ヴリル,マグノリア,サツカーボーイ,栗毛,130318,  199.4,  ,    ,42.4
17,04,29,1,新潟,1,09,500万下,23,ダ,1,1200,稍,プラネットブルー  ,牡,4,井上敏樹,55.0,15,12,10,10,0,1.7,14,74.4,"1144",0,0,0,14,14,37.9,498,田島俊明,美,0,13105991,01151,01112,0417110912,Gリビエール・レー,ノーザンファーム,ゴールドアリュール,トロピカルブラッサム,"Thunder Gulch",栗毛,130303,  191.6,  ,    ,46.3
17,04,29,1,新潟,1,09,500万下,23,ダ,1,1200,稍,オレオールカフェ  ,牡,4,横山和生,57.0,15,13,13,13,0,2.5,10,75.2,"1152",0,0,0,5,5,40.2,452,小島太,美,0,13105452,01140,01013,0417110913,西川光一,社台ファーム,ネオユニヴァース,コミラス,Kaldoun,黒鹿,130316,   71.9,  ,    ,37.1
17,04,29,1,新潟,1,09,500万下,23,ダ,1,1200,稍,コパノマイケル    ,牡,4,小崎綾也,56.0,15,14,1,1,0,-0.5,1,72.7,"1127",0,0,0,2,1,38.1,520,村山明,栗,750,13100295,01152,01107,0417110914,小林祥晃,三城牧場,ゴールドアリュール,ジョウノイザベラ,ウォーニング,栗毛,130419,    2.1,  ,    ,40.8
17,04,29,1,新潟,1,09,500万下,23,ダ,1,1200,稍,ラスカルグレイ    ,セ,4,丸田恭介,57.0,15,15,9,9,0,1.7,5,74.4,"1144",0,0,0,3,3,39.6,476,木村哲也,美,0,13103959,01117,01126,0417110915,岡田牧雄,岡田スタツド,ショウナンカンプ,スマーティコジーン,Cozzene,芦毛,130508,   11.4,  ,    ,37.9
17,04,29,1,新潟,1,10,ゆきつば500*,23,芝,0,1200,良,キャラメルフレンチ,牝,3,嶋田純次,54.0,16,01,16,16,0,1.4,16,71.4,"1114",0,0,0,1,1,36.7,440,尾形和幸,美,0,14106428,01134,01141,0417111001,ノルマンディーサラ,惣田英幸,タイキシャトル,フレンチミステリー,フレンチデピュティ,栗毛,140504,  119.6,  ,    ,44.6
17,04,29,1,新潟,1,10,ゆきつば500*,23,芝,0,1200,良,アースミステリー  ,牡,3,津村明秀,56.0,16,02,5,5,0,0.5,6,70.5,"1105",0,0,0,3,2,35.5,458,和田正道,美,100,14110100,01092,00353,0417111002,グリーンファーム,"Best A Luck Farm L",Overdriven,"Terry M.","Crusader Sword",栗毛,140409,   12.3,  ,    ,48.6
17,04,29,1,新潟,1,10,ゆきつば500*,23,芝,0,1200,良,ニシノヒナマツリ  ,牝,3,丸山元気,54.0,16,03,4,4,0,0.3,7,70.3,"1103",0,0,0,6,7,35.1,468,根本康広,美,150,14102705,01127,01029,0417111003,西山茂行,本桐牧場,マツリダゴッホ,パラディナ,Rahy,栗毛,140208,   12.6,  ,    ,50.3
17,04,29,1,新潟,1,10,ゆきつば500*,23,芝,0,1200,良,ポンポン          ,牝,3,吉田隼人,54.0,16,04,2,2,0,0.1,3,70.1,"1101",0,0,0,3,6,35.1,426,田中清隆,美,400,14100625,01095,00408,0417111004,ミルファーム,ハクツ牧場,ブラックタイド,ポポチャン,トウカイテイオー,黒鹿,140317,    6.3,  ,    ,49.7
17,04,29,1,新潟,1,10,ゆきつば500*,23,芝,0,1200,良,ブリリアントアート,牝,3,丹内祐次,54.0,16,05,8,8,0,0.7,15,70.7,"1107",0,0,0,9,10,35.1,406,岩戸孝樹,美,0,14104299,01091,01051,0417111005,山田弘,岡田スタツド,アイルハヴアナザー,ブリリアントピース,アグネスタキオン,黒鹿,140417,  115.1,  ,    ,51.4
17,04,29,1,新潟,1,10,ゆきつば500*,23,芝,0,1200,良,ヴァルツァー      ,牝,3,木幡初也,54.0,16,06,15,15,0,1.2,9,71.2,"1112",0,0,0,11,10,35.5,414,小島茂之,美,0,14102927,01153,01068,0417111006,中村祐子,様似堀牧場,ジャングルポケット,マツリダワルツ,チーフベアハート,栗毛,140319,   41.0,  ,    ,50.6
17,04,29,1,新潟,1,10,ゆきつば500*,23,芝,0,1200,良,スズカアカデミー  ,牡,3,北村友一,56.0,16,07,6,6,0,0.5,4,70.5,"1105",0,0,0,2,2,35.6,480,藤沢則雄,栗,0,14102720,01102,01041,0417111007,永井啓弍,新井牧場,アーネストリー,サンレイスズカ,サンデーサイレンス,鹿毛,140407,    7.8,  ,    ,48.0
17,04,29,1,新潟,1,10,ゆきつば500*,23,芝,0,1200,良,ニシノキララコ    ,牝,3,丸田恭介,54.0,16,08,12,12,0,0.8,11,70.8,"1108",0,0,0,12,13,34.7,444,萱野浩二,美,0,14102322,01117,01024,0417111008,西山茂行,ガーベラパークスタ,アドマイヤムーン,ピュアーフレーム,"Silver Deputy",黒鹿,140323,   53.4,  ,    ,54.0
17,04,29,1,新潟,1,10,ゆきつば500*,23,芝,0,1200,良,スノードーナツ    ,牝,3,岩部純二,54.0,16,09,9,9,0,0.8,13,70.8,"1108",0,0,0,15,15,34.4,460,石毛善彦,美,0,14102332,00726,00428,0417111009,ミルファーム,野島牧場,パイロ,エフエロッチ,スペシャルウィーク,鹿毛,140524,   83.1,  ,    ,55.8
17,04,29,1,新潟,1,10,ゆきつば500*,23,芝,0,1200,良,ゲンパチケンシン  ,牡,3,鮫島克駿,56.0,16,10,11,11,0,0.8,2,70.8,"1108",0,0,0,3,2,35.7,462,加用正,栗,0,14103601,01157,00425,0417111010,平野武志,宮内牧場,クロフネ,レチャーダ,ディープインパクト,芦毛,140305,    3.6,  ,    ,48.3
17,04,29,1,新潟,1,10,ゆきつば500*,23,芝,0,1200,良,ザベストエバー    ,牡,3,黛弘人,56.0,16,11,10,10,0,0.8,5,70.8,"1108",0,0,0,6,7,35.5,442,武井亮,美,0,14105693,01109,01147,0417111011,古賀慎一,社台ファーム,キンシャサノキセキ,マイワイルドローズ,"Wild Again",黒鹿,140427,   10.1,  ,    ,49.4
17,04,29,1,新潟,1,10,ゆきつば500*,23,芝,0,1200,良,ミルトプリンス    ,牡,3,加藤祥太,56.0,16,12,14,14,0,1.1,14,71.1,"1111",0,0,0,14,14,34.8,432,石橋守,栗,0,14100470,01156,01140,0417111012,永山勝敏,長浜忠,ジャングルポケット,シャフィガ,Woodman,鹿毛,140412,   89.9,  ,    ,54.3
17,04,29,1,新潟,1,10,ゆきつば500*,23,芝,0,1200,良,カシノロマンス    ,牝,3,二本柳壮,54.0,16,13,13,13,0,0.9,8,70.9,"1109",0,0,0,6,2,35.7,424,二本柳俊,美,0,14103296,01049,00370,0417111013,柏木務,田中スタッド,タイキシャトル,ロマンスオーラ,フジキセキ,黒鹿,140407,   32.4,  ,    ,48.6
17,04,29,1,新潟,1,10,ゆきつば500*,23,芝,0,1200,良,ウーマッハ        ,牝,3,勝浦正樹,54.0,16,14,7,7,0,0.7,10,70.7,"1107",0,0,0,16,15,34.1,462,古賀史生,美,0,14106337,01025,00392,0417111014,鈴木康弘,山春牧場,ロードアルティマ,ダラス,ハイライズ,鹿毛,140521,   42.9,  ,    ,57.3
17,04,29,1,新潟,1,10,ゆきつば500*,23,芝,0,1200,良,カレン            ,牝,3,井上敏樹,54.0,16,15,1,1,0,-0.1,12,70,"1100",0,0,0,12,10,34,468,金成貴史,美,1000,14105017,01151,01132,0417111015,ミルファーム,藤沢牧場,ディープブリランテ,ヴェルナッツァ,"Unbridled's Song",栗毛,140403,   75.2,  ,    ,55.9
17,04,29,1,新潟,1,10,ゆきつば500*,23,芝,0,1200,良,ブレイヴバローズ  ,牡,3,菱田裕二,56.0,16,16,3,3,0,0.2,1,70.2,"1102",0,0,0,9,9,34.6,474,角田晃一,栗,250,14101960,01144,01121,0417111016,猪熊広次,下河辺牧場,マンハッタンカフェ,ネガノ,Miswaki,黒鹿,140513,    3.5,  ,    ,52.9
17,04,29,1,新潟,1,11,邁進特Ｈ1000,43,芝,0,1000,良,ダノンアイリス    ,牝,4,勝浦正樹,53.0,16,01,13,13,0,0.6,4,55.1,"0551",0,0,0,0,10,32.4,464,尾関知人,美,0,13105833,01025,01103,0417111101,ダノックス,ノーザンファーム,Arch,カリフォルニアネクター,"Stormy Atlantic",青鹿,130207,    7.7,  ,    ,55.1
17,04,29,1,新潟,1,11,邁進特Ｈ1000,43,芝,0,1000,良,グラミスキャッスル,牝,4,石橋脩,53.0,16,02,2,2,0,0,6,54.5,"0545",0,0,0,0,1,32.5,464,尾関知人,美,600,13104449,01077,01103,0417111102,飯田良枝,千代田牧場,クロフネ,キャトルセゾン,サンデーサイレンス,鹿毛,130501,   12.2,  ,    ,51.5
17,04,29,1,新潟,1,11,邁進特Ｈ1000,43,芝,0,1000,良,ラホーヤビーチ    ,牝,5,井上敏樹,51.0,16,03,9,9,0,0.5,12,55,"0550",0,0,0,0,4,32.7,476,伊藤正徳,美,0,12103499,01151,00383,0417111103,ヒダカ・ブリーダー,藤原牧場,タイキシャトル,エアラホーヤ,ボストンハーバー,青鹿,120327,   39.3,  ,    ,52.3
17,04,29,1,新潟,1,11,邁進特Ｈ1000,43,芝,0,1000,良,ゼットフーリ      ,牝,4,鮫島克駿,52.0,16,04,10,10,0,0.5,16,55,"0550",0,0,0,0,13,32.1,484,宮徹,栗,0,13104777,01157,01018,0417111104,フォーレスト,フジワラフアーム,ワークフォース,ゼットフウリン,ジャングルポケット,鹿毛,130502,   72.8,  ,    ,57.0
17,04,29,1,新潟,1,11,邁進特Ｈ1000,43,芝,0,1000,良,デンコウヒノマル  ,牡,6,坂井瑠星,53.0,16,05,14,14,0,0.8,15,55.3,"0553",0,0,0,0,6,32.8,486,坂口正則,栗,0,11103075,01163,00356,0417111105,田中康弘,大島牧場,ダイワメジャー,レインボウスズラン,スキャン,栗毛,110524,   55.6,  ,    ,52.9
17,04,29,1,新潟,1,11,邁進特Ｈ1000,43,芝,0,1000,良,メジェルダ        ,牝,4,横山武史,52.0,16,06,15,15,0,0.9,11,55.4,"0554",0,0,0,0,4,33.1,446,昆貢,栗,0,13102088,01170,01044,0417111106,ターフ・スポート,村田牧場,ディープインパクト,メリュジーヌ,フレンチデピュティ,鹿毛,130501,   32.8,  ,    ,51.1
17,04,29,1,新潟,1,11,邁進特Ｈ1000,43,芝,0,1000,良,ミキノドラマー    ,牡,4,丸山元気,54.0,16,07,6,6,0,0.3,14,54.8,"0548",0,0,0,0,15,31.8,480,南田美知,美,0,13106441,01127,00437,0417111107,谷口久和,浦河育成牧場,ショウナンカンプ,ケイアイミサイル,スペシャルウィーク,鹿毛,130429,   46.7,  ,    ,58.5
17,04,29,1,新潟,1,11,邁進特Ｈ1000,43,芝,0,1000,良,グランシェリー    ,牝,6,加藤祥太,54.0,16,08,3,3,0,0,3,54.5,"0545",0,0,0,0,1,32.5,518,庄野靖志,栗,380,11105974,01156,01087,0417111108,間宮秀直,日本中央競馬会日高,アルデバラン2,エポックサクラ,サクラバクシンオー,芦毛,110320,    7.6,  ,    ,51.5
17,04,29,1,新潟,1,11,邁進特Ｈ1000,43,芝,0,1000,良,スペチアーレ      ,牝,5,津村明秀,53.0,16,09,8,8,0,0.4,7,54.9,"0549",0,0,0,0,6,32.4,484,矢野英一,美,0,12101355,01092,01108,0417111109,青山洋一,下河辺牧場,ダイワメジャー,ターキー,Sinndar,鹿毛,120415,   12.4,  ,    ,54.2
17,04,29,1,新潟,1,11,邁進特Ｈ1000,43,芝,0,1000,良,テイエムシャンパン,牡,5,菱田裕二,54.0,16,10,12,12,0,0.6,9,55.1,"0551",0,0,0,0,10,32.4,492,山内研二,栗,0,12102082,01144,00388,0417111110,竹園正繼,協栄組合,スウェプトオーヴァーボード,キヘイタウン,"Spinning World",芦毛,120418,   17.0,  ,    ,55.1
17,04,29,1,新潟,1,11,邁進特Ｈ1000,43,芝,0,1000,良,ウエスタンユーノー,牝,6,菊沢一樹,53.0,16,11,7,7,0,0.3,13,54.8,"0548",0,0,0,0,3,32.6,496,菊沢隆徳,美,0,11101698,01161,01115,0417111111,西川賢,ウエスタンファーム,アドマイヤコジーン,ウエスタンルージュ,アフリート,芦毛,110311,   46.2,  ,    ,52.1
17,04,29,1,新潟,1,11,邁進特Ｈ1000,43,芝,0,1000,良,コンテッサトゥーレ,牝,5,北村友一,55.0,16,12,16,16,0,1.6,5,56.1,"0561",0,0,0,0,6,33.6,452,安田隆行,栗,0,12104153,01102,00438,0417111112,社台レースホース,社台ファーム,ディープインパクト,エアトゥーレ,トニービン,鹿毛,120405,   10.9,  ,    ,50.4
17,04,29,1,新潟,1,11,邁進特Ｈ1000,43,芝,0,1000,良,レヴァンタール    ,セ,8,黛弘人,51.0,16,13,11,11,0,0.6,10,55.1,"0551",0,0,0,0,16,31.8,450,蛯名利弘,美,0,09104888,01109,01131,0417111113,岡田牧雄,土井牧場,ファルブラヴ,パンペロウ,"Conquistador Cielo",鹿毛,090402,   28.6,  ,    ,59.9
17,04,29,1,新潟,1,11,邁進特Ｈ1000,43,芝,0,1000,良,ラインミーティア  ,牡,7,西田雄一,55.0,16,14,1,1,0,0,2,54.5,"0545",0,0,0,0,13,31.6,472,水野貴広,美,1500,10105298,01004,01094,0417111114,大澤繁昌,アラキフアーム,メイショウボーラー,アラマサフェアリー,オース,鹿毛,100226,    5.8,  ,    ,58.7
17,04,29,1,新潟,1,11,邁進特Ｈ1000,43,芝,0,1000,良,ライトフェアリー  ,牝,5,丸田恭介,53.0,16,15,4,4,0,0.1,1,54.6,"0546",0,0,0,0,6,32.1,492,石毛善彦,美,230,12100075,01117,00428,0417111115,シンボリ牧場,イワミ牧場,サムライハート,フラワーフェアリー,アルカセット,鹿毛,120409,    3.5,  ,    ,55.1
17,04,29,1,新潟,1,11,邁進特Ｈ1000,43,芝,0,1000,良,グランデサムライ  ,牡,5,吉田隼人,53.0,16,16,5,5,0,0.3,8,54.8,"0548",0,0,0,0,10,32.1,466,吉田直弘,栗,150,12101675,01095,01101,0417111116,グランデオーナーズ,ナカノファーム,サムライハート,パラダイスコースト,"Fusaichi Pegasus",青鹿,120427,   16.5,  ,    ,56.1
17,04,29,1,新潟,1,12,二王子特500,23,芝,8,1800,良,ミスズダンディー  ,牡,5,菱田裕二,57.0,15,01,2,2,0,0.3,6,106.6,"1466",0,0,0,8,7,34.4,466,加藤敬二,栗,420,12106040,01144,00379,0417111201,永井啓弍,バンブー牧場,アドマイヤムーン,ティコティコタック,サツカーボーイ,鹿毛,120213,    8.9,  ,    ,54.9
17,04,29,1,新潟,1,12,二王子特500,23,芝,8,1800,良,グランノーブル    ,牡,4,北村友一,57.0,15,02,7,7,0,1,8,107.3,"1473",0,0,0,1,1,36.1,492,佐々木晶,栗,0,13106322,01102,00429,0417111202,三宅勝俊,オリエント牧場,ブラックタイド,シルクファビュラス,"Devil's Bag",鹿毛,130322,   14.9,  ,    ,48.6
17,04,29,1,新潟,1,12,二王子特500,23,芝,8,1800,良,ブライトボイス    ,牡,5,吉田隼人,57.0,15,03,1,1,0,-0.3,2,106.3,"1463",0,0,0,3,2,34.9,500,加用正,栗,1050,12105425,01095,00425,0417111203,宮川純造,富田牧場,スペシャルウィーク,アフレタータ,タイキシャトル,栗毛,120327,    5.3,  ,    ,52.3
17,04,29,1,新潟,1,12,二王子特500,23,芝,8,1800,良,スクエアゴールド  ,牝,5,丸山元気,55.0,15,04,14,14,0,2.7,3,109,"1490",0,0,0,9,9,36.5,432,伊藤大士,美,0,12104277,01127,01109,0417111204,吉田照哉,社台ファーム,ステイゴールド,タッチフォーゴールド,"Mr. Prospector",黒鹿,120508,    7.2,  ,    ,49.3
17,04,29,1,新潟,1,12,二王子特500,23,芝,8,1800,良,ジェムラッシュ    ,牡,4,杉原誠人,57.0,15,05,13,13,0,2.3,15,108.6,"1486",0,0,0,12,13,34.8,536,小島茂之,美,0,13101303,01135,01068,0417111205,西見徹也,大狩部牧場,タイキシャトル,ティファニージェム,マンハッタンカフェ,栗毛,130502,  123.5,  ,    ,56.0
17,04,29,1,新潟,1,12,二王子特500,23,芝,8,1800,良,フィールドシャルム,牡,4,横山和生,57.0,15,06,4,4,0,0.8,13,107.1,"1471",0,0,0,2,2,35.7,486,土田稔,美,160,13106214,01140,00417,0417111206,岡浩二,パカパカファーム,アドマイヤムーン,タイキクラリティ,スペシャルウィーク,鹿毛,130308,   73.0,  ,    ,50.0
17,04,29,1,新潟,1,12,二王子特500,23,芝,8,1800,良,コメットシーカー  ,牡,7,鮫島克駿,57.0,15,07,8,8,0,1,4,107.3,"1473",0,0,0,10,10,34.4,494,西村真幸,栗,0,10104079,01157,01148,0417111207,キャロットファーム,ノーザンファーム,ディープインパクト,ガヴィオラ,Cozzene,鹿毛,100502,    7.4,  ,    ,56.0
17,04,29,1,新潟,1,12,二王子特500,23,芝,8,1800,良,トーセンカナロア  ,牡,5,宮崎北斗,57.0,15,08,5,5,0,0.9,9,107.2,"1472",0,0,0,6,6,35.3,488,小桧山悟,美,105,12103950,01118,01005,0417111208,島川隆哉,レイクヴィラファー,ブラックタイド,メジロレント,メジロブライト,鹿毛,120518,   20.2,  ,    ,51.8
17,04,29,1,新潟,1,12,二王子特500,23,芝,8,1800,良,アクート          ,牡,4,丸田恭介,57.0,15,09,3,3,0,0.3,1,106.6,"1466",0,0,0,11,11,33.5,432,宗像義忠,美,260,13105900,01117,00420,0417111209,サンデーレーシング,ノーザンファーム,ステイゴールド,シャーペンエッジ,クロフネ,鹿毛,130407,    3.9,  ,    ,59.1
17,04,29,1,新潟,1,12,二王子特500,23,芝,8,1800,良,キングナポレオン  ,セ,6,坂井瑠星,57.0,15,10,10,10,0,1.4,5,107.7,"1477",0,0,0,15,15,33.8,478,矢作芳人,栗,0,11103738,01163,01075,0417111210,田畑利彦,ノーザンファーム,ディープインパクト,アイルドフランス,Nureyev,黒鹿,110330,    8.6,  ,    ,59.3
17,04,29,1,新潟,1,12,二王子特500,23,芝,8,1800,良,ラッシュアタック  ,牡,5,石橋脩,57.0,15,11,6,6,0,1,7,107.3,"1473",0,0,0,6,7,35,502,菊川正達,美,0,12103944,01077,01052,0417111211,キャロットファーム,レイクヴィラファー,アグネスデジタル,メジロヒラリー,エルコンドルパサー,鹿毛,120422,   12.2,  ,    ,53.3
17,04,29,1,新潟,1,12,二王子特500,23,芝,8,1800,良,インペラトーレ    ,牡,4,小崎綾也,57.0,15,12,15,15,0,3.5,12,109.8,"1498",0,0,0,4,4,37.7,450,松田国英,栗,0,13104231,01152,01011,0417111212,吉澤克己,桜井牧場,タニノギムレット,クイーンエタニティ,Kingmambo,鹿毛,130320,   59.1,  ,    ,45.6
17,04,29,1,新潟,1,12,二王子特500,23,芝,8,1800,良,ダンガンコゾウ    ,牡,5,勝浦正樹,57.0,15,13,12,12,0,2.1,14,108.4,"1484",0,0,0,14,14,34.7,490,高橋義博,美,0,12103648,01025,01036,0417111213,海谷幸司,岡田スタツド,タイムパラドックス,タマヒカル,パラダイスクリーク,栗毛,120412,  113.7,  ,    ,56.2
17,04,29,1,新潟,1,12,二王子特500,23,芝,8,1800,良,トゥルーハート    ,牡,4,津村明秀,57.0,15,14,11,11,0,1.6,10,107.9,"1479",0,0,0,13,12,34.5,458,庄野靖志,栗,0,13102687,01092,01087,0417111214,ヒダカ・ブリーダー,猿倉牧場,ハーツクライ,スコアズビー,"Rock of Gibraltar",黒鹿,130309,   26.2,  ,    ,56.4
17,04,29,1,新潟,1,12,二王子特500,23,芝,8,1800,良,ラスイエットロス  ,牝,4,丹内祐次,55.0,15,15,9,9,0,1.3,11,107.6,"1476",0,0,0,5,5,35.6,412,水野貴広,美,0,13101887,01091,01094,0417111215,サラブレッドクラブ,ビッグレッドファー,ディープインパクト,イットウリョウダン,フサイチコンコルド,鹿毛,130124,   36.3,  ,    ,51.1
17,04,30,1,新潟,2,01,未勝利,7,ダ,1,1800,良,メイショウスイグン,牡,3,城戸義政,54.0,11,01,6,6,0,1.6,4,117.9,"1579",0,10,9,9,8,39.4,468,南井克巳,栗,0,14105061,01147,01049,0417120101,松本好雄,フジワラフアーム,スズカマンボ,ムゲン,アジュディケーティング,鹿毛,140305,   12.3,  ,    ,49.6
17,04,30,1,新潟,2,01,未勝利,7,ダ,1,1800,良,ビターココア      ,牝,3,水口優也,54.0,11,02,7,7,0,1.8,11,118.1,"1581",0,6,5,6,6,40.1,472,崎山博樹,栗,0,14100424,01133,00365,0417120102,山上和良,対馬正,トーセンホマレボシ,ローズドサハラ,フォーティナイナー,鹿毛,140403,   81.0,  ,    ,47.3
17,04,30,1,新潟,2,01,未勝利,7,ダ,1,1800,良,ヴェストリス      ,牡,3,加藤祥太,55.0,11,03,4,4,0,1.5,8,117.8,"1578",0,9,9,6,6,39.7,504,中竹和也,栗,75,14105316,01156,01039,0417120103,G1レーシング,追分ファーム,ストリートセンス,ラバヤデール,サンデーサイレンス,鹿毛,140408,   55.3,  ,    ,48.4
17,04,30,1,新潟,2,01,未勝利,7,ダ,1,1800,良,サンライズシー    ,牡,3,丸山元気,56.0,11,04,8,8,0,2.7,6,119,"1590",0,7,7,8,8,40.7,486,羽月友彦,栗,0,14104162,01127,01091,0417120104,松岡隆雄,ヤナガワ牧場,ワークフォース,オーパスクイーン,スペシャルウィーク,鹿毛,140222,   28.5,  ,    ,46.2
17,04,30,1,新潟,2,01,未勝利,7,ダ,1,1800,良,ヴァルト          ,牡,3,藤岡康太,56.0,11,05,5,5,0,1.6,5,117.9,"1579",0,3,3,4,5,40.2,484,森田直行,栗,50,14102581,01116,01142,0417120105,ターフ・スポート,モリナガファーム,ダイワメジャー,レイズユアグラス,アジュディケーティング,鹿毛,140328,   19.9,  ,    ,46.6
17,04,30,1,新潟,2,01,未勝利,7,ダ,1,1800,良,ダイヤモンドホース,牡,3,黛弘人,56.0,11,06,9,9,0,2.9,9,119.2,"1592",0,1,1,1,1,42,468,和田雄二,美,0,14100527,01109,01143,0417120106,大久保和夫,新冠橋本牧場,カンパニー,エメラルドチャーム,フジキセキ,鹿毛,140323,   57.9,  ,    ,41.9
17,04,30,1,新潟,2,01,未勝利,7,ダ,1,1800,良,モズダイキチ      ,牡,3,川須栄彦,56.0,11,07,2,2,0,0.4,3,116.7,"1567",0,5,5,4,3,38.9,456,牧浦充徳,栗,200,14102567,01128,01113,0417120107,キャピタル・システ,目黒牧場,トランセンド,ナチュラルブリッジ,ディープインパクト,黒鹿,140427,    4.4,  ,    ,50.0
17,04,30,1,新潟,2,01,未勝利,7,ダ,1,1800,良,レッドゼノン      ,牡,3,古川吉洋,56.0,11,08,1,1,0,-0.4,1,116.3,"1563",0,3,3,3,3,38.7,458,昆貢,栗,500,14103170,01015,01044,0417120108,東京ホースレーシン,杵臼牧場,ルーラーシップ,ハートスプリンクル,"Sadler's Wells",黒鹿,140409,    2.0,  ,    ,50.3
17,04,30,1,新潟,2,01,未勝利,7,ダ,1,1800,良,ナウズザタイム    ,セ,3,井上敏樹,54.0,11,09,11,11,0,4.5,7,120.8,"2008",0,7,7,10,10,42,446,武井亮,美,0,14103160,01151,01147,0417120109,武田修,杵臼牧場,ダノンシャンティ,ゴッドオブロマンス,ジャングルポケット,栗毛,140414,   45.3,  ,    ,43.8
17,04,30,1,新潟,2,01,未勝利,7,ダ,1,1800,良,メイショウクロス  ,牡,3,坂井瑠星,54.0,11,10,3,3,0,0.5,2,116.8,"1568",0,2,2,2,2,39.4,514,坂口正則,栗,130,14103238,01163,00356,0417120110,松本好雄,松栄牧場,タイキシャトル,ムーンライトソング,ステイゴールド,鹿毛,140403,    3.4,  ,    ,48.2
17,04,30,1,新潟,2,01,未勝利,7,ダ,1,1800,良,グリニカ          ,牡,3,荻野琢真,56.0,11,11,10,10,0,3.8,10,120.1,"2001",0,11,11,11,11,40.7,544,今野貞一,栗,0,14102524,01112,01128,0417120111,ヒダカ・ブリーダー,槇本牧場,ローエングリン,クロニカ,"Broad Brush",黒鹿,140329,   62.4,  ,    ,47.5
17,04,30,1,新潟,2,02,未勝利・牝,7,ダ,1,1200,良,ペイシャパッチ    ,牝,3,加藤祥太,53.0,15,01,9,9,0,1.8,14,75.1,"1151",0,0,0,9,11,39.2,440,竹内正洋,美,0,14101479,01156,01152,0417120201,北所直人,川向高橋育成牧場,スマートファルコン,ブライティアピア,キングヘイロー,栗毛,140506,  162.5,  ,    ,41.6
17,04,30,1,新潟,2,02,未勝利・牝,7,ダ,1,1200,良,ノーブルムーン    ,牝,3,木幡初也,52.0,15,02,14,14,0,2.8,8,76.1,"1161",0,0,0,12,11,40.1,428,田村康仁,美,0,14100636,01153,01027,0417120202,吉木伸彦,ハシモトフアーム,アドマイヤムーン,フェートデュヴァン,メジロマックイーン,黒鹿,140305,   34.9,  ,    ,39.8
17,04,30,1,新潟,2,02,未勝利・牝,7,ダ,1,1200,良,シャプレドサクレ  ,牝,3,荻野極,52.0,15,03,6,6,0,1.2,5,74.5,"1145",0,0,0,9,7,38.6,494,中内田充,栗,0,14106290,01160,01137,0417120203,吉田勝己,ノーザンファーム,タートルボウル,ピュアチャプレット,クロフネ,栗毛,140319,   11.0,  ,    ,43.0
17,04,30,1,新潟,2,02,未勝利・牝,7,ダ,1,1200,良,フェアウエル      ,牝,3,黛弘人,54.0,15,04,12,12,0,2.1,15,75.4,"1154",0,0,0,12,11,39.4,406,柴田政人,美,0,14101314,01109,01007,0417120204,加藤徹,本桐牧場,キングヘイロー,バイオレントムーヴ,"Seeking the Gold",栗毛,140505,  211.0,  ,    ,41.4
17,04,30,1,新潟,2,02,未勝利・牝,7,ダ,1,1200,良,サンレイハリケーン,牝,3,藤岡康太,54.0,15,05,7,7,0,1.3,10,74.6,"1146",0,0,0,15,15,38.3,418,西橋豊治,栗,0,14104454,01116,00434,0417120205,永井啓弍,グランド牧場,パイロ,プリモレディ,サンデーサイレンス,栗毛,140426,   43.9,  ,    ,44.8
17,04,30,1,新潟,2,02,未勝利・牝,7,ダ,1,1200,良,エボニーアイボリー,牝,3,丸田恭介,54.0,15,06,5,5,0,1.2,4,74.5,"1145",0,0,0,12,11,38.4,432,田中剛,美,50,14105550,01117,01119,0417120206,いとはんホールディ,社台ファーム,ファルブラヴ,セラフィーヌ,ネオユニヴァース,黒鹿,140309,    8.0,  ,    ,44.0
17,04,30,1,新潟,2,02,未勝利・牝,7,ダ,1,1200,良,キョウワヒラリー  ,牝,3,秋山真一,54.0,15,07,3,3,0,0.8,6,74.1,"1141",0,0,0,8,10,38.3,486,角田晃一,栗,130,14100172,01019,01121,0417120207,浅川昌彦,協和牧場,ダイワメジャー,キョウワプラチナ,"Sadler's Wells",鹿毛,140407,   15.3,  ,    ,43.5
17,04,30,1,新潟,2,02,未勝利・牝,7,ダ,1,1200,良,ノアキャッスル    ,牝,3,嶋田純次,54.0,15,08,13,13,0,2.2,11,75.5,"1155",0,0,0,5,5,39.9,484,尾形和幸,美,0,14101515,01134,01141,0417120208,佐山公男,スガタ牧場,シンボリクリスエス,ノアスカーレット,キングカメハメハ,鹿毛,140508,   72.2,  ,    ,39.2
17,04,30,1,新潟,2,02,未勝利・牝,7,ダ,1,1200,良,トーアポリネシア  ,牝,3,横山武史,51.0,15,09,11,11,0,2.1,12,75.4,"1154",0,0,0,9,7,39.5,472,加藤和宏,美,0,14102808,01170,01077,0417120209,高山ランド,トーア牧場,キンシャサノキセキ,トーアティアレ,ゴールドアリュール,鹿毛,140406,   97.8,  ,    ,40.9
17,04,30,1,新潟,2,02,未勝利・牝,7,ダ,1,1200,良,モズシャティン    ,牝,3,川須栄彦,54.0,15,10,15,15,0,3.6,9,76.9,"1169",0,0,0,5,7,41.3,460,牧田和弥,栗,0,14109054,01128,01123,0417120210,キャピタル・システ,タイヘイ牧場,キングズベスト,ワードパワー,"Oasis Dream",鹿毛,140219,   40.8,  ,    ,36.2
17,04,30,1,新潟,2,02,未勝利・牝,7,ダ,1,1200,良,グマナスティ      ,牝,3,藤田菜七,51.0,15,11,4,4,0,0.9,2,74.2,"1142",0,0,0,3,5,38.8,434,手塚貴久,美,75,14103281,01164,01038,0417120211,宮城寛也,高村牧場,サウスヴィグラス,ヤサシイキモチ,ビッグサンデー,鹿毛,140215,    3.3,  ,    ,41.2
17,04,30,1,新潟,2,02,未勝利・牝,7,ダ,1,1200,良,サウンドビクトリー,牝,3,中谷雄太,54.0,15,12,8,8,0,1.6,3,74.9,"1149",0,0,0,1,2,39.7,504,高橋康之,栗,0,14105157,01038,01135,0417120212,増田雄一,見上牧場,サウスヴィグラス,メジャービクトリー,ヘクタープロテクター,鹿毛,140504,    5.7,  ,    ,38.7
17,04,30,1,新潟,2,02,未勝利・牝,7,ダ,1,1200,良,ロイヤルルシアン  ,牝,3,井上敏樹,52.0,15,13,10,10,0,1.8,13,75.1,"1151",0,0,0,5,2,39.5,430,菊川正達,美,0,14100379,01151,01052,0417120213,岡田牧雄,タニグチ牧場,アドマイヤジャパン,セレサス,カーネギー,芦毛,140225,  138.6,  ,    ,40.1
17,04,30,1,新潟,2,02,未勝利・牝,7,ダ,1,1200,良,ヘルディン        ,牝,3,丸山元気,54.0,15,14,1,1,0,-0.7,1,73.3,"1133",0,0,0,2,1,38,420,土田稔,美,500,14100409,01127,00417,0417120214,金山敏也,大作ステーブル,ロードアルティマ,モエレサンタマリア,ゴールドヘイロー,青鹿,140309,    2.9,  ,    ,42.9
17,04,30,1,新潟,2,02,未勝利・牝,7,ダ,1,1200,良,ドナペリドット    ,牝,3,石川裕紀,54.0,15,15,2,2,0,0.7,7,74,"1140",0,0,0,3,2,38.6,462,池上昌和,美,200,14105259,01150,01150,0417120215,田邉秀郎,追分ファーム,キンシャサノキセキ,オルティア,"Saint Ballado",青鹿,140411,   29.2,  ,    ,41.7
17,04,30,1,新潟,2,03,未勝利,7,ダ,1,1800,良,ヤクマンブルース  ,牝,3,藤田菜七,51.0,15,01,7,7,0,3.1,10,118.6,"1586",0,3,2,7,6,41.8,446,根本康広,美,0,14106330,01164,01029,0417120301,向別牧場,川上牧場,カネヒキリ,セイウンヒメラギ,コマンダーインチーフ,黒鹿,140417,   59.7,  ,    ,41.9
17,04,30,1,新潟,2,03,未勝利,7,ダ,1,1800,良,グリーンマーチ    ,牡,3,西田雄一,56.0,15,02,12,12,0,5,13,120.5,"2005",0,15,14,13,13,42.1,502,柴田政人,美,0,14106321,01004,01007,0417120302,岡田勇,大狩部牧場,アドマイヤムーン,キシュウソウシュウ,Machiavellian,黒鹿,140430,  182.8,  ,    ,43.1
17,04,30,1,新潟,2,03,未勝利,7,ダ,1,1800,良,トーアアステリオス,牡,3,松若風馬,56.0,15,03,8,8,0,3.3,6,118.8,"1588",0,7,7,8,6,41.8,476,作田誠二,栗,0,14102812,01154,01006,0417120303,高山ランド,トーア牧場,アルデバラン2,トーアミッシェル,フジキセキ,栗毛,140216,   33.0,  ,    ,42.1
17,04,30,1,新潟,2,03,未勝利,7,ダ,1,1800,良,ティンガティンガ  ,牡,3,義英真,55.0,15,04,6,6,0,2.2,5,117.7,"1577",0,10,9,10,10,40.4,450,湯窪幸雄,栗,0,14103984,01155,01057,0417120304,新木鈴子,ヒダカフアーム,クロフネ,アジアンプリンセス,"Giant's Causeway",芦毛,140311,   29.2,  ,    ,45.7
17,04,30,1,新潟,2,03,未勝利,7,ダ,1,1800,良,ザンテツケン      ,牡,3,水口優也,56.0,15,05,13,13,0,5,9,120.5,"2005",0,14,14,13,13,42.1,520,崎山博樹,栗,0,14103873,01133,00365,0417120305,山上和良,鮫川啓一,メイショウボーラー,マッジョーレ,キンググローリアス,栗毛,140322,   58.5,  ,    ,43.1
17,04,30,1,新潟,2,03,未勝利,7,ダ,1,1800,良,トゥットベーネ    ,牡,3,丸田恭介,56.0,15,06,2,2,0,0.3,8,115.8,"1558",0,9,9,2,1,40,508,森田直行,栗,200,14103247,01117,01142,0417120306,加藤誠,駿河牧場,ディープブリランテ,ツルマルローズ,クロフネ,鹿毛,140425,   36.0,  ,    ,44.8
17,04,30,1,新潟,2,03,未勝利,7,ダ,1,1800,良,コスモフリオーソ  ,牡,3,丹内祐次,56.0,15,07,9,9,0,3.7,12,119.2,"1592",0,12,12,11,11,41.4,468,松永康利,美,0,14102454,01091,01093,0417120307,ビッグレッドファー,藤本ファーム,フリオーソ,ステファニーズホープ,"Java Gold",鹿毛,140514,  181.9,  ,    ,44.0
17,04,30,1,新潟,2,03,未勝利,7,ダ,1,1800,良,メイショウハチク  ,牡,3,藤岡康太,56.0,15,08,4,4,0,1.5,2,117,"1570",0,2,2,1,2,41.2,460,南井克巳,栗,75,14103896,01116,01049,0417120308,松本好雄,大北牧場,マンハッタンカフェ,エガオヨシ,タイキシャトル,鹿毛,140413,    4.9,  ,    ,42.0
17,04,30,1,新潟,2,03,未勝利,7,ダ,1,1800,良,マスラオ          ,牡,3,木幡初也,54.0,15,09,5,5,0,1.5,3,117,"1570",0,7,7,8,6,40,442,金成貴史,美,50,14102038,01153,01132,0417120309,Gリビエール・レー,白井牧場,ブレイクランアウト,マコトエンエン,サンデーサイレンス,栗毛,140510,   11.2,  ,    ,46.2
17,04,30,1,新潟,2,03,未勝利,7,ダ,1,1800,良,アシャカリブラ    ,牡,3,荻野極,54.0,15,10,3,3,0,1.4,4,116.9,"1569",0,5,5,4,4,40.6,516,斉藤崇史,栗,130,14102666,01160,01151,0417120310,吉冨学,シンボリ牧場,ケイムホーム,スイートローレライ,Rahy,黒鹿,140303,   12.4,  ,    ,44.0
17,04,30,1,新潟,2,03,未勝利,7,ダ,1,1800,良,キングスーサ      ,牡,3,鮫島克駿,55.0,15,11,10,10,0,3.8,15,119.3,"1593",0,13,12,11,11,41.6,460,飯田雄三,栗,0,14101272,01157,01050,0417120311,田上雅春,ヒサイファーム,ロージズインメイ,トーセンフルライフ,ティンバーカントリー,栗毛,140401,  246.2,  ,    ,43.4
17,04,30,1,新潟,2,03,未勝利,7,ダ,1,1800,良,フォースライン    ,牡,3,北村友一,56.0,15,12,1,1,0,-0.3,1,115.5,"1555",0,10,9,3,3,39.5,510,吉田直弘,栗,500,14106256,01102,01101,0417120312,吉田勝己,ノーザンファーム,ワークフォース,ローザブランカ,クロフネ,黒鹿,140302,    1.4,  ,    ,46.2
17,04,30,1,新潟,2,03,未勝利,7,ダ,1,1800,良,ペイシャムーラン  ,牝,3,井上敏樹,52.0,15,13,15,15,0,9.2,14,124.7,"2047",0,5,5,15,15,45.8,410,蛯名利弘,美,0,14103152,01151,01131,0417120313,北所直人,杵臼斉藤牧場,フリオーソ,ラッキーミシェロ,ミシエロ,鹿毛,140506,  245.9,  ,    ,36.1
17,04,30,1,新潟,2,03,未勝利,7,ダ,1,1800,良,グリーンジャケット,牡,3,中谷雄太,56.0,15,14,14,14,0,7.1,7,122.6,"2026",0,3,2,5,6,46.2,484,矢作芳人,栗,0,14105763,01038,01075,0417120314,リーヴァ,社台ファーム,ダノンシャンティ,レッドチリペッパー,Unbridled,鹿毛,140418,   33.1,  ,    ,32.7
17,04,30,1,新潟,2,03,未勝利,7,ダ,1,1800,良,ロードミュートス  ,牡,3,伴啓太,54.0,15,15,11,11,0,4.1,11,119.6,"1596",0,1,1,5,5,43.2,486,高柳瑞樹,美,0,14101108,01149,01118,0417120315,ロードホースクラブ,ケイアイファーム,ロードアルティマ,レディミューズ,ティンバーカントリー,栗毛,140217,   86.1,  ,    ,38.4
17,04,30,1,新潟,2,04,障害未勝利,7,芝,2,2890,良,ホウザンゴッド    ,牡,5,山本康志,60.0,14,01,5,5,0,1.9,10,191.8,"3118",0,8,6,6,5,13.3,488,南田美知,美,78,12103823,01008,00437,0417120401,加藤豊三,清水ファーム,フォーティナイナーズサン,ホウザングラマー,ダンスインザダーク,栗毛,120401,  112.4,  ,    , 0.0
17,04,30,1,新潟,2,04,障害未勝利,7,芝,2,2890,良,ナポレオン        ,牡,5,高野和馬,60.0,14,02,11,11,0,6.5,13,196.4,"3164",0,13,13,12,12,13.6,486,和田正一,美,0,12103029,01089,01114,0417120402,前迫義幸,タイヘイ牧場,ハービンジャー,ミメティコ,Monsun,栗毛,120510,  141.9,  ,    , 0.0
17,04,30,1,新潟,2,04,障害未勝利,7,芝,2,2890,良,マックール        ,牡,4,浜野谷憲,59.0,14,03,9,9,0,2.5,8,192.4,"3124",0,10,9,10,10,13.3,492,田中剛,美,0,13103597,00695,01119,0417120403,ヒダカ・ブリーダー,辻牧場,ジャイアントレッカー,モスキャンピオン,マンハッタンカフェ,鹿毛,130402,   17.6,  ,    , 0.0
17,04,30,1,新潟,2,04,障害未勝利,7,芝,2,2890,良,プレシャスムーン  ,牝,6,金子光希,58.0,14,04,8,8,0,2.4,9,192.3,"3123",0,10,11,9,9,13.3,460,栗田博憲,美,0,11101778,01052,00341,0417120404,鈴木芳夫,岡田スタツド,マツリダゴッホ,プレシャスドロップ,フレンチデピュティ,鹿毛,110414,   80.5,  ,    , 0.0
17,04,30,1,新潟,2,04,障害未勝利,7,芝,2,2890,良,モンマックス      ,牡,7,五十嵐雄,60.0,14,05,7,7,0,2,6,191.9,"3119",0,5,5,5,5,13.3,528,和田正道,美,0,10104732,01069,00353,0417120405,和田牧場,川越ファーム,サクラバクシンオー,トニーズメモリイ,トニービン,鹿毛,100415,   14.4,  ,    , 0.0
17,04,30,1,新潟,2,04,障害未勝利,7,芝,2,2890,良,ゴールドメダリオン,セ,5,難波剛健,60.0,14,06,4,4,0,1.8,5,191.7,"3117",0,7,6,6,5,13.3,452,松元茂樹,栗,120,12101461,01066,00419,0417120406,西田彰宏,スマイルファーム,コンデュイット,サワノプリマベーラ,サンデーサイレンス,栗毛,120326,    9.4,  ,    , 0.0
17,04,30,1,新潟,2,04,障害未勝利,7,芝,2,2890,良,ピースメーカー    ,牡,6,平沢健治,60.0,14,07,1,1,0,-0.1,1,189.9,"3099",0,4,4,3,3,13.1,486,宮徹,栗,780,11103673,01067,01018,0417120407,小川勲,社台コーポレーショ,キングカメハメハ,マイティーカラー,トニービン,鹿毛,110310,    3.2,  ,    , 0.0
17,04,30,1,新潟,2,04,障害未勝利,7,芝,2,2890,良,サウンドターゲット,牡,6,白浜雄造,60.0,14,08,6,6,0,1.9,7,191.8,"3118",0,1,1,1,1,13.3,478,庄野靖志,栗,0,11110064,01035,01087,0417120408,増田雄一,"J. M. Beever","Royal Applause","Fame Game",Fasliyev,鹿毛,110407,   16.4,  ,    , 0.0
17,04,30,1,新潟,2,04,障害未勝利,7,芝,2,2890,良,マテンロウボス    ,牡,6,西谷誠,60.0,14,09,10,10,0,5.1,3,195,"3150",0,2,2,2,2,13.5,466,昆貢,栗,0,11101188,01005,01044,0417120409,寺田千代乃,上村清志,キングカメハメハ,アンダンテ,サンデーサイレンス,黒鹿,110312,    5.5,  ,    , 0.0
17,04,30,1,新潟,2,04,障害未勝利,7,芝,2,2890,良,サトノプリンシパル,セ,7,小坂忠士,60.0,14,10,14,14,0,9.4,4,199.3,"3193",0,6,6,11,11,13.8,552,矢作芳人,栗,0,10110052,01063,01075,0417120410,里見治,"Dr. Masatake Iida",Bernardini,Toroca,Nureyev,鹿毛,100501,    9.1,  ,    , 0.0
17,04,30,1,新潟,2,04,障害未勝利,7,芝,2,2890,良,メイショウキシドウ,牡,5,草野太郎,60.0,14,11,12,12,0,8.9,11,198.8,"3188",0,10,12,13,13,13.8,484,小島太,美,0,12104293,01113,01013,0417120411,松本和子,社台コーポレーショ,メイショウサムソン,チャペルコンサート,サンデーサイレンス,鹿毛,120317,  131.3,  ,    , 0.0
17,04,30,1,新潟,2,04,障害未勝利,7,芝,2,2890,良,メリーモナーク    ,セ,5,北沢伸也,60.0,14,12,2,2,0,0.1,2,190,"3100",0,3,3,3,3,13.1,462,橋田満,栗,310,12104908,00691,00362,0417120412,キャロットファーム,ノーザンファーム,キングカメハメハ,リッチダンサー,Halling,鹿毛,120505,    3.2,  ,    , 0.0
17,04,30,1,新潟,2,04,障害未勝利,7,芝,2,2890,良,アルスマルカート  ,牡,9,中村将之,60.0,14,13,13,13,0,8.9,14,198.8,"3188",0,13,13,14,14,13.8,488,森田直行,栗,0,08101012,01101,01142,0417120413,池田正孝,矢野牧場,ファンタスティックライト,シークレットデスティニー,Cozzene,栗毛,080406,  272.5,  ,    , 0.0
17,04,30,1,新潟,2,04,障害未勝利,7,芝,2,2890,良,シャイニーサンダー,牡,4,上野翔,59.0,14,14,3,3,0,0.9,12,190.8,"3108",0,8,9,8,8,13.2,482,伊藤伸一,美,200,13101205,01087,01031,0417120414,小林昌志,雅牧場,キングヘイロー,ブライティアダンス,ダンスインザダーク,青鹿,130322,  140.2,  ,    , 0.0
17,04,30,1,新潟,2,05,未勝利,7,ダ,1,1200,良,アーチザスカイ    ,牡,3,荻野琢真,56.0,15,01,4,4,0,0.8,7,73.9,"1139",0,0,0,9,9,38.9,506,中村均,栗,75,14109091,01112,00261,0417120501,グリーンファーム,前田ファーム,ロージズインメイ,ザカラーオブラヴ,ジェイドロバリー,栗毛,140602,   32.2,  ,    ,40.0
17,04,30,1,新潟,2,05,未勝利,7,ダ,1,1200,良,サンナイト        ,牡,3,中谷雄太,56.0,15,02,11,11,0,2.7,10,75.8,"1158",0,0,0,11,11,40.1,510,杉山晴紀,栗,0,14100781,01038,01157,0417120502,新井康司,松浦牧場,マンハッタンカフェ,アリー,"Deputy Minister",黒鹿,140316,   77.8,  ,    ,39.0
17,04,30,1,新潟,2,05,未勝利,7,ダ,1,1200,良,シュートザスター  ,牡,3,中井裕二,56.0,15,03,0,0,1,999.9,0,0,"----",0,0,0,0,0,0,0,浜田多実,栗,0,14102535,01141,01138,0417120503,槇本牧場,槇本牧場,アドマイヤムーン,レースオブスターズ,アグネスタキオン,鹿毛,140522,    0.0,  ,    , 0.0
17,04,30,1,新潟,2,05,未勝利,7,ダ,1,1200,良,リボンナイト      ,牡,3,嶋田純次,56.0,15,04,7,7,0,1.8,11,74.9,"1149",0,0,0,3,3,40.7,442,石毛善彦,美,0,14100621,01134,00428,0417120504,吉田勝利,ハクツ牧場,サウスヴィグラス,クリーペル,タイキシャトル,鹿毛,140331,  103.9,  ,    ,34.0
17,04,30,1,新潟,2,05,未勝利,7,ダ,1,1200,良,ライバーバード    ,牡,3,石川裕紀,56.0,15,05,9,9,0,2.2,1,75.3,"1153",0,0,0,3,3,41.1,490,手塚貴久,美,0,14110098,01150,01038,0417120505,馬場幸夫,"Marablue Farm LLC","The Factor","Broadway Lullaby",Songandaprayer,芦毛,140413,    2.1,  ,    ,33.2
17,04,30,1,新潟,2,05,未勝利,7,ダ,1,1200,良,スマートバッカス  ,牡,3,北村友一,56.0,15,06,8,8,0,2.1,6,75.2,"1152",0,0,0,10,10,39.6,472,吉田直弘,栗,0,14106401,01102,01101,0417120506,大川徹,土田和男,サウスヴィグラス,ツクバハピネ,"Chapel Royal",鹿毛,140324,   20.6,  ,    ,39.9
17,04,30,1,新潟,2,05,未勝利,7,ダ,1,1200,良,サンシャワー      ,牝,3,坂井瑠星,52.0,15,07,6,6,0,1.7,8,74.8,"1148",0,0,0,1,1,40.9,448,矢作芳人,栗,0,14102389,01163,01075,0417120507,寺田寿男,日高大洋牧場,"Candy Ride",スウィートアンドセイヴォリー,"Storm Cat",鹿毛,140306,   34.6,  ,    ,32.9
17,04,30,1,新潟,2,05,未勝利,7,ダ,1,1200,良,トランプマジック  ,牡,3,西田雄一,56.0,15,08,13,13,0,3.2,14,76.3,"1163",0,0,0,13,12,40.2,446,加藤和宏,美,0,14106526,01004,01077,0417120508,平本敏夫,川上牧場,マツリダゴッホ,プリンセスエイブル,ジェイドロバリー,黒鹿,140425,  209.8,  ,    ,39.8
17,04,30,1,新潟,2,05,未勝利,7,ダ,1,1200,良,トミケンフリンク  ,牡,3,秋山真一,56.0,15,09,10,10,0,2.3,12,75.4,"1154",0,0,0,14,14,39,456,和田正道,美,0,14101267,01019,00353,0417120509,冨樫賢二,原口牧場,フリオーソ,ラッキーピンキー,グランドオペラ,栗毛,140327,  115.1,  ,    ,43.3
17,04,30,1,新潟,2,05,未勝利,7,ダ,1,1200,良,ホワイトファング  ,牡,3,松若風馬,56.0,15,10,1,1,0,-0.1,2,73.1,"1131",0,0,0,2,2,39.2,476,牧光二,美,500,14105225,01154,01106,0417120510,ノルマンディーサラ,岡田スタツド,アドマイヤコジーン,スマートシンパシー,ダンスインザダーク,芦毛,140319,    3.6,  ,    ,36.5
17,04,30,1,新潟,2,05,未勝利,7,ダ,1,1200,良,メイショウカリナン,牡,3,丸山元気,56.0,15,11,3,3,0,0.7,5,73.8,"1138",0,0,0,7,7,39.1,486,浅見秀一,栗,130,14104686,01127,00411,0417120511,松本好雄,谷岡牧場,サウスヴィグラス,プラチナム,スキャターザゴールド,鹿毛,140320,   16.4,  ,    ,38.7
17,04,30,1,新潟,2,05,未勝利,7,ダ,1,1200,良,イフェメラ        ,牡,3,鮫島克駿,55.0,15,12,14,14,0,4.6,13,77.7,"1177",0,0,0,11,12,42,476,宮徹,栗,0,14100985,01157,01018,0417120512,幅田京子,大平牧場,アドマイヤマックス,アリアローズ,ローエングリン,鹿毛,140226,  184.2,  ,    ,35.0
17,04,30,1,新潟,2,05,未勝利,7,ダ,1,1200,良,ルパルク          ,セ,3,藤岡康太,56.0,15,13,5,5,0,1.5,4,74.6,"1146",0,0,0,7,7,39.9,502,西園正都,栗,50,14105479,01116,01028,0417120513,社台レースホース,社台ファーム,タートルボウル,グランパドドゥ,フジキセキ,鹿毛,140507,   11.9,  ,    ,37.0
17,04,30,1,新潟,2,05,未勝利,7,ダ,1,1200,良,グロワールシチー  ,牡,3,義英真,55.0,15,14,2,2,0,0.1,3,73.2,"1132",0,0,0,3,6,38.9,458,岡田稲男,栗,200,14101964,01155,01066,0417120514,友駿ホースクラブ,下河辺牧場,ダノンシャンティ,バーグドール,サクラバクシンオー,鹿毛,140425,    4.8,  ,    ,38.2
17,04,30,1,新潟,2,05,未勝利,7,ダ,1,1200,良,シゲルヒョウ      ,牡,3,木幡初也,54.0,15,15,12,12,0,3.1,9,76.2,"1162",0,0,0,3,3,41.9,466,伊藤圭三,美,0,14104228,01153,01023,0417120515,森中蕃,伊藤敏明,スウェプトオーヴァーボード,サクラカンパネラ,サクラバクシンオー,鹿毛,140419,   58.4,  ,    ,31.9
17,04,30,1,新潟,2,06,未勝利,7,芝,0,1200,良,アプト            ,牝,3,伴啓太,52.0,16,01,1,1,0,-0.3,1,70.2,"1102",0,0,0,3,2,36.5,436,高柳瑞樹,美,500,14102205,01149,01118,0417120601,ゴドルフィン,ダーレー・ジャパン,アドマイヤムーン,フェリシタス,"King's Best",黒鹿,140501,    4.7,  ,    ,42.3
17,04,30,1,新潟,2,06,未勝利,7,芝,0,1200,良,マナツノヨノユメ  ,牝,3,横山武史,51.0,16,02,4,4,0,0.5,4,70.7,"1107",0,0,0,12,13,36.2,448,菊沢隆徳,美,75,14102065,01170,01115,0417120602,國分純,スマイルファーム,ヴィクトワールピサ,アドマイヤダッシュ,フサイチコンコルド,鹿毛,140514,    6.9,  ,    ,45.3
17,04,30,1,新潟,2,06,未勝利,7,芝,0,1200,良,アラロケ          ,牝,3,丹内祐次,54.0,16,03,15,15,0,3.6,15,73.8,"1138",0,0,0,8,6,39.7,422,高橋裕,美,0,14100052,01091,00412,0417120603,アラキファーム,アラキフアーム,カネヒキリ,アラマサローズ,スターリングローズ,鹿毛,140413,  121.4,  ,    ,35.9
17,04,30,1,新潟,2,06,未勝利,7,芝,0,1200,良,メタルソース      ,牡,3,荻野極,54.0,16,04,9,9,0,1.1,10,71.3,"1113",0,0,0,8,6,37.2,470,五十嵐忠,栗,0,14103519,01160,00422,0417120604,山田貞蔵,まるとみ冨岡牧場,メイショウボーラー,アルセイド,アグネスタキオン,鹿毛,140425,   28.2,  ,    ,41.7
17,04,30,1,新潟,2,06,未勝利,7,芝,0,1200,良,ラガーセブンカラー,牡,3,藤岡康太,56.0,16,05,12,12,0,1.4,12,71.6,"1116",0,0,0,3,4,37.9,456,清水久詞,栗,0,14101800,01116,01110,0417120605,奥村啓二,賀張三浦牧場,ダイワメジャー,ファリシーク,"Rainbow Quest",鹿毛,140328,   37.4,  ,    ,38.9
17,04,30,1,新潟,2,06,未勝利,7,芝,0,1200,良,ユトリチャン      ,牝,3,的場勇人,54.0,16,06,7,7,0,0.6,5,70.8,"1108",0,0,0,2,2,37.3,406,的場均,美,0,14106442,01108,01063,0417120606,田端修,安達洋生,メイショウボーラー,エプソムメサイア,エルコンドルパサー,鹿毛,140409,    7.4,  ,    ,39.8
17,04,30,1,新潟,2,06,未勝利,7,芝,0,1200,良,サンエリザベス    ,牝,3,加藤祥太,53.0,16,07,6,6,0,0.5,11,70.7,"1107",0,0,0,11,11,36.3,440,竹内正洋,美,0,14101861,01156,01152,0417120607,加藤ステーブル,ケイズ,ローエングリン,ワニタレスタリ,エイシンサンディ,鹿毛,140426,   32.9,  ,    ,44.8
17,04,30,1,新潟,2,06,未勝利,7,芝,0,1200,良,ネオヴェルモット  ,牝,3,黛弘人,54.0,16,08,2,2,0,0.3,2,70.5,"1105",0,0,0,12,11,36,424,伊藤正徳,美,200,14105600,01109,00383,0417120608,小林仁幸,社台ファーム,タニノギムレット,ネオランジュ,フジキセキ,青鹿,140320,    5.4,  ,    ,45.8
17,04,30,1,新潟,2,06,未勝利,7,芝,0,1200,良,アンチャーテッド  ,牡,3,石川裕紀,56.0,16,09,14,14,0,1.9,3,72.1,"1121",0,0,0,8,6,38,430,相沢郁,美,0,14101877,01150,01020,0417120609,吉澤克己,池添安雄,スウェプトオーヴァーボード,プロポーズギフト,アグネスタキオン,鹿毛,140307,    5.5,  ,    ,39.7
17,04,30,1,新潟,2,06,未勝利,7,芝,0,1200,良,フェアリーウイング,牝,3,古川吉洋,54.0,16,10,16,16,0,5.2,16,75.4,"1154",0,0,0,16,16,39.8,432,萱野浩二,美,0,14104953,01015,01024,0417120610,田頭勇貴,畠山牧場,バトルプラン,クリップフェアリー,タイキシャトル,鹿毛,140517,  171.4,  ,    ,39.4
17,04,30,1,新潟,2,06,未勝利,7,芝,0,1200,良,トミケンナプロスト,牡,3,丸山元気,56.0,16,11,13,13,0,1.5,14,71.7,"1117",0,0,0,1,1,38.4,488,南田美知,美,0,14109006,01127,00437,0417120611,冨樫賢二,石田英機,アドマイヤマックス,ダーティダンシング,"Danehill Dancer",鹿毛,140509,   74.9,  ,    ,36.7
17,04,30,1,新潟,2,06,未勝利,7,芝,0,1200,良,ベルベル          ,牝,3,西田雄一,54.0,16,12,3,3,0,0.5,6,70.7,"1107",0,0,0,15,13,35.9,396,高市圭二,美,130,14104869,01004,01014,0417120612,ミルファーム,泊寿幸,エイシンデピュティ,マイウィル,フジキセキ,栗毛,140427,   10.7,  ,    ,46.9
17,04,30,1,新潟,2,06,未勝利,7,芝,0,1200,良,キクノレレ        ,牝,3,北村友一,54.0,16,13,5,5,0,0.5,13,70.7,"1107",0,0,0,14,13,36.1,462,今野貞一,栗,50,14103498,01102,01128,0417120613,菊池五郎,松田憲一,ケイムホーム,キクノディアナ,アドマイヤベガ,黒鹿,140330,   39.3,  ,    ,45.8
17,04,30,1,新潟,2,06,未勝利,7,芝,0,1200,良,オシノイッテ      ,牡,3,木幡初也,54.0,16,14,10,10,0,1.3,8,71.5,"1115",0,0,0,7,6,37.5,434,天間昭一,美,0,14109024,01153,01090,0417120614,西村新一郎,久保フアーム,フサイチリシャール,コハルカントリー,ティンバーカントリー,栗毛,140406,   21.6,  ,    ,40.7
17,04,30,1,新潟,2,06,未勝利,7,芝,0,1200,良,ブルドッグギャル  ,牝,3,坂井瑠星,52.0,16,15,11,11,0,1.4,9,71.6,"1116",0,0,0,5,6,37.8,384,西浦勝一,栗,0,14103879,01163,01016,0417120615,"Him Rock Racing",鮫川啓一,ハーツクライ,リファールカンヌ,デインヒル,青鹿,140323,   26.6,  ,    ,39.4
17,04,30,1,新潟,2,06,未勝利,7,芝,0,1200,良,レッドフィエルテ  ,牝,3,横山和生,54.0,16,16,8,8,0,0.7,7,70.9,"1109",0,0,0,5,4,37.1,404,松永幹夫,栗,0,14103462,01140,01092,0417120616,東京ホースレーシン,信岡牧場,ステイゴールド,プラウドビューティー,Danehill,鹿毛,140217,   13.3,  ,    ,41.1
17,04,30,1,新潟,2,07,500万下・牝,23,芝,0,1000,良,ショウナンマキシム,牝,5,古川吉洋,55.0,15,01,8,8,0,0.7,10,57.8,"0578",0,0,0,0,12,34.5,440,北出成人,栗,0,12103337,01015,01078,0417120701,国本哲秀,西村和夫,メイショウサムソン,ショウナンアヤカ,ウォーエンブレム,鹿毛,120119,   25.5,  ,    ,51.3
17,04,30,1,新潟,2,07,500万下・牝,23,芝,0,1000,良,ファド            ,牝,4,木幡初也,53.0,15,02,7,7,0,0.6,3,57.7,"0577",0,0,0,0,4,34.9,490,矢野英一,美,0,13100782,01153,01108,0417120702,Gリビエール・レー,浜本牧場,ダイワメジャー,イルネージュ,トニービン,栗毛,130331,    5.4,  ,    ,48.0
17,04,30,1,新潟,2,07,500万下・牝,23,芝,0,1000,良,ラブローレル      ,牝,5,丹内祐次,55.0,15,03,11,11,0,0.7,2,57.8,"0578",0,0,0,0,15,34.3,414,森田直行,栗,0,12100777,01091,01142,0417120703,増田陽一,北星村田牧場,ブライアンズタイム,ローレルポラリス,サクラユタカオー,青鹿,120205,    5.1,  ,    ,52.8
17,04,30,1,新潟,2,07,500万下・牝,23,芝,0,1000,良,ヤマニンアタシャン,牝,6,荻野極,53.0,15,04,1,1,0,0,12,57.1,"0571",0,0,0,0,2,34.4,440,西橋豊治,栗,750,11105062,01160,00434,0417120704,土井肇,錦岡牧場,フレンチデピュティ,ヤマニンパンテール,ニホンピロウイナー,鹿毛,110406,   40.3,  ,    ,49.0
17,04,30,1,新潟,2,07,500万下・牝,23,芝,0,1000,良,オレンジガール    ,牝,4,井上敏樹,53.0,15,05,12,12,0,0.9,15,58,"0580",0,0,0,0,9,34.9,430,粕谷昌央,美,0,13103975,01151,01096,0417120705,樋口正蔵,岡田スタツド,ショウナンカンプ,ディコーラム,フレンチグローリー,鹿毛,130411,   88.2,  ,    ,49.3
17,04,30,1,新潟,2,07,500万下・牝,23,芝,0,1000,良,ハルマッタン      ,牝,5,松若風馬,55.0,15,06,10,10,0,0.7,5,57.8,"0578",0,0,0,0,2,35.1,492,河内洋,栗,0,12104406,01154,01072,0417120706,G1レーシング,社台ファーム,マンハッタンカフェ,マチカネハヤテ,サクラバクシンオー,鹿毛,120420,    8.7,  ,    ,47.0
17,04,30,1,新潟,2,07,500万下・牝,23,芝,0,1000,良,ユキノサンブライト,牝,6,西田雄一,55.0,15,07,6,6,0,0.4,13,57.5,"0575",0,0,0,0,14,34.1,468,和田正道,美,0,11102559,01004,00353,0417120707,井上基之,フジワラフアーム,ブラックタイド,ユキノシンデレラ,サンダーガルチ,鹿毛,110411,   56.6,  ,    ,52.9
17,04,30,1,新潟,2,07,500万下・牝,23,芝,0,1000,良,コウユーココロザシ,牝,5,北村友一,55.0,15,08,4,4,0,0.1,6,57.2,"0572",0,0,0,0,6,34.2,516,石栗龍彦,美,110,12103069,01102,01043,0417120708,加治屋貞光,武岡農場,ショウナンカンプ,キセキノメガミ,フジキセキ,鹿毛,120513,   11.4,  ,    ,50.9
17,04,30,1,新潟,2,07,500万下・牝,23,芝,0,1000,良,アリエスムーン    ,牝,6,加藤祥太,54.0,15,09,3,3,0,0,11,57.1,"0571",0,0,0,0,11,33.9,440,庄野靖志,栗,190,11106466,01156,01087,0417120709,橋場勇二,庄野牧場,アドマイヤムーン,キミーズキッド,Exploit,青鹿,110415,   33.9,  ,    ,52.7
17,04,30,1,新潟,2,07,500万下・牝,23,芝,0,1000,良,サトノアイリ      ,牝,4,丸田恭介,55.0,15,10,5,5,0,0.3,8,57.4,"0574",0,0,0,0,6,34.4,432,宗像義忠,美,75,13104464,01117,00420,0417120710,サトミホースカンパ,千代田牧場,ステイゴールド,サーキットレディ,"Grand Slam",黒鹿,130129,   14.9,  ,    ,50.3
17,04,30,1,新潟,2,07,500万下・牝,23,芝,0,1000,良,アイファーマシェリ,牝,6,坂井瑠星,53.0,15,11,9,9,0,0.7,14,57.8,"0578",0,0,0,0,6,34.8,454,加藤敬二,栗,0,11102051,01163,00379,0417120711,中島稔,静内山田牧場,スクリーンヒーロー,アイファークィーン,ナリタブライアン,黒鹿,110120,   86.4,  ,    ,49.1
17,04,30,1,新潟,2,07,500万下・牝,23,芝,0,1000,良,グレースシャンティ,牝,4,伴啓太,53.0,15,12,14,14,0,1,7,58.1,"0581",0,0,0,0,4,35.3,452,本間忍,美,0,13106459,01149,01056,0417120712,佐藤良二,中地義次,ダノンシャンティ,グレースシルエット,ミルジヨージ,芦毛,130518,   11.4,  ,    ,46.9
17,04,30,1,新潟,2,07,500万下・牝,23,芝,0,1000,良,アッパレドンキ    ,牝,4,丸山元気,55.0,15,13,15,15,0,1.3,9,58.4,"0584",0,0,0,0,9,35.3,422,青木孝文,美,0,13104815,01127,01156,0417120713,廣崎利洋HD,藤原牧場,ディープインパクト,トレノトマト,デヒア,鹿毛,130327,   22.6,  ,    ,48.2
17,04,30,1,新潟,2,07,500万下・牝,23,芝,0,1000,良,サチノクイーン    ,牝,6,藤岡康太,55.0,15,14,2,2,0,0,1,57.1,"0571",0,0,0,0,1,34.6,482,千田輝彦,栗,300,11106329,01116,01120,0417120714,佐藤勝士,トラストスリーファ,ダイワメジャー,ノーススポット,タイトスポット,鹿毛,110310,    4.8,  ,    ,47.5
17,04,30,1,新潟,2,07,500万下・牝,23,芝,0,1000,良,シンラバンショウ  ,牝,5,横山武史,52.0,15,15,13,13,0,0.9,4,58,"0580",0,0,0,0,12,34.7,428,新開幸一,美,0,12104866,01170,01116,0417120715,グリーンファーム,ノーザンファーム,サクラバクシンオー,ミスティフォレスト,ジャングルポケット,鹿毛,120119,    7.5,  ,    ,50.7
17,04,30,1,新潟,2,08,500万下・若,23,ダ,1,1200,良,メイショウアバラガ,牡,5,森一馬,57.0,15,01,7,7,0,0.6,3,73.7,"1137",0,0,0,11,12,37.7,526,角田晃一,栗,0,12105845,01139,01121,0417120801,松本和子,高昭牧場,エンパイアメーカー,オールオールオール,アグネスタキオン,鹿毛,120327,    8.2,  ,    ,45.5
17,04,30,1,新潟,2,08,500万下・若,23,ダ,1,1200,良,サラマンカ        ,牝,4,中井裕二,55.0,15,02,2,2,0,0.2,1,73.3,"1133",0,0,0,9,9,37.5,506,浜田多実,栗,300,13105187,01141,01138,0417120802,荒木謙次,レイクヴィラファー,ダノンシャンティ,ガバーナ,"Polish Precedent",黒鹿,130410,    2.0,  ,    ,45.5
17,04,30,1,新潟,2,08,500万下・若,23,ダ,1,1200,良,ホーミー          ,牡,4,嶋田純次,57.0,15,03,12,12,0,0.9,8,74,"1140",0,0,0,9,10,38.2,466,松永康利,美,0,13101520,01134,01093,0417120803,小林竜太郎,スカイビーチステー,サウスヴィグラス,ユウフジ,サクラバクシンオー,黒鹿,130429,   22.3,  ,    ,43.7
17,04,30,1,新潟,2,08,500万下・若,23,ダ,1,1200,良,マグレブ          ,セ,4,藤田菜七,54.0,15,04,15,15,0,1.8,5,74.9,"1149",0,0,0,8,8,39.6,466,高橋祥泰,美,0,13103987,01164,00359,0417120804,ノルマンディーサラ,岡田スタツド,マツリダゴッホ,フサイチリニモ,ジャングルポケット,鹿毛,130412,   14.2,  ,    ,39.1
17,04,30,1,新潟,2,08,500万下・若,23,ダ,1,1200,良,パーソナルブルー  ,牡,4,横山武史,54.0,15,05,14,14,0,1.4,11,74.5,"1145",0,0,0,14,15,38.1,468,松山将樹,美,0,13104189,01170,01100,0417120805,YGGホースクラブ,ケンブリッジバレー,パーソナルラッシュ,ラフレッシュブルー,グラスワンダー,鹿毛,130430,   24.3,  ,    ,45.5
17,04,30,1,新潟,2,08,500万下・若,23,ダ,1,1200,良,スリーパスポート  ,牡,4,井上敏樹,55.0,15,06,6,6,0,0.5,6,73.6,"1136",0,0,0,6,7,38.5,478,南井克巳,栗,0,13105015,01151,01049,0417120806,永井商事,新井牧場,スズカフェニックス,スズカパサー,エルコンドルパサー,黒鹿,130322,   17.6,  ,    ,41.2
17,04,30,1,新潟,2,08,500万下・若,23,ダ,1,1200,良,カレンコマンドール,セ,4,荻野極,55.0,15,07,1,1,0,-0.2,12,73.1,"1131",0,0,0,3,3,38.4,464,安田隆行,栗,750,13100499,01160,00438,0417120807,鈴木隆司,高柳隆男,ベーカバド,カレンママ,エンドスウィープ,鹿毛,130508,   27.6,  ,    ,40.4
17,04,30,1,新潟,2,08,500万下・若,23,ダ,1,1200,良,オールパーパス    ,セ,6,伴啓太,55.0,15,08,13,13,0,0.9,14,74,"1140",0,0,0,1,1,39.5,476,中竹和也,栗,0,11105094,01149,01039,0417120808,前田晋二,ノースヒルズ,ダイワメジャー,ストラテジー,フレンチデピュティ,栗毛,110320,   89.1,  ,    ,37.3
17,04,30,1,新潟,2,08,500万下・若,23,ダ,1,1200,良,ノートルスウェ    ,牡,4,義英真,56.0,15,09,4,4,0,0.3,2,73.4,"1134",0,0,0,6,6,38.3,516,竹内正洋,美,110,13103117,01155,01152,0417120809,ヒダカファーム,ヒダカフアーム,ブライアンズタイム,プレイザフィールド,スキャン,栗毛,130425,    7.2,  ,    ,41.6
17,04,30,1,新潟,2,08,500万下・若,23,ダ,1,1200,良,トウショウスレッジ,牡,4,木幡初也,55.0,15,10,8,8,0,0.7,9,73.8,"1138",0,0,0,14,14,37.5,488,栗田博憲,美,0,13104579,01153,00341,0417120810,藤田衛成,トウショウ産業株式,カネヒキリ,メイトウショウ,ジェネラス,栗毛,130308,   23.7,  ,    ,46.8
17,04,30,1,新潟,2,08,500万下・若,23,ダ,1,1200,良,サンマルスカイ    ,牡,5,藤懸貴志,57.0,15,11,9,9,0,0.7,15,73.8,"1138",0,0,0,11,10,37.8,428,牧浦充徳,栗,0,12101290,01138,01113,0417120811,相馬勇,三城牧場,アルデバラン2,ジョウノオーロラ,サンデーサイレンス,鹿毛,120511,  181.9,  ,    ,45.2
17,04,30,1,新潟,2,08,500万下・若,23,ダ,1,1200,良,ジュンゲル        ,セ,4,加藤祥太,56.0,15,12,5,5,0,0.4,13,73.5,"1135",0,0,0,3,3,38.8,452,武井亮,美,75,13105660,01156,01147,0417120812,幅田昌伸,社台ファーム,キンシャサノキセキ,マンデルーシュ,Alwuhush,鹿毛,130315,   42.0,  ,    ,39.4
17,04,30,1,新潟,2,08,500万下・若,23,ダ,1,1200,良,マカレア          ,牝,4,坂井瑠星,53.0,15,13,10,10,0,0.7,4,73.8,"1138",0,0,0,3,5,39,406,高野友和,栗,0,13106192,01163,01117,0417120813,キャロットファーム,ノーザンファーム,ダイワメジャー,ワイオラ,"Sadler's Wells",黒鹿,130325,   12.2,  ,    ,39.2
17,04,30,1,新潟,2,08,500万下・若,23,ダ,1,1200,良,シャインスプライト,牡,4,城戸義政,55.0,15,14,3,3,0,0.3,7,73.4,"1134",0,0,0,2,2,38.8,530,本田優,栗,190,13102183,01147,01099,0417120814,布施光章,稲葉牧場,ファスリエフ,クィーンロマンス,ティンバーカントリー,鹿毛,130329,   20.8,  ,    ,39.2
17,04,30,1,新潟,2,08,500万下・若,23,ダ,1,1200,良,レジメンタル      ,牡,5,鮫島克駿,56.0,15,15,11,11,0,0.8,10,73.9,"1139",0,0,0,11,12,37.8,442,浅見秀一,栗,0,12104050,01157,00411,0417120815,G1レーシング,追分ファーム,ハービンジャー,レジネッタ,フレンチデピュティ,栗毛,120207,   24.1,  ,    ,45.5
17,04,30,1,新潟,2,09,500万下・牝,23,ダ,1,1800,良,テイア            ,牝,5,嶋田純次,55.0,10,01,10,10,0,1.4,10,118.1,"1581",0,10,10,9,9,40.1,418,石毛善彦,美,0,12103681,01134,00428,0417120901,ミルファーム,岡田スタツド,マヤノトップガン,ロココスタイル,サンデーサイレンス,鹿毛,120417,  142.2,  ,    ,47.3
17,04,30,1,新潟,2,09,500万下・牝,23,ダ,1,1800,良,ハヤブサプリプリ  ,牝,4,石川裕紀,55.0,10,02,3,3,0,0.3,2,117,"1570",0,6,7,7,8,39.2,470,藤原辰雄,美,190,13104158,01150,00435,0417120902,武田修,グランド牧場,キングカメハメハ,プリモウェイ,"Giant's Causeway",鹿毛,130421,    5.7,  ,    ,49.2
17,04,30,1,新潟,2,09,500万下・牝,23,ダ,1,1800,良,ポロス            ,牝,4,西村太一,55.0,10,03,8,8,0,0.8,9,117.5,"1575",0,9,9,9,9,39.4,450,南田美知,美,0,13101571,01131,00437,0417120903,ミルファーム,高橋忍,バトルプラン,チチンプイプイ,マヤノトップガン,鹿毛,130430,   83.9,  ,    ,49.1
17,04,30,1,新潟,2,09,500万下・牝,23,ダ,1,1800,良,コウセイマユヒメ  ,牝,6,木幡初也,53.0,10,04,6,6,0,0.7,3,117.4,"1574",0,4,5,5,5,39.8,456,中野栄治,美,0,11104568,01153,01010,0417120904,杉安浩一郎,石郷岡雅樹,サムライハート,コリーナデルナ,ホワイトマズル,鹿毛,110406,    7.0,  ,    ,47.5
17,04,30,1,新潟,2,09,500万下・牝,23,ダ,1,1800,良,ライムチャン      ,牝,4,松若風馬,55.0,10,05,2,2,0,0,1,116.7,"1567",0,2,2,2,2,39.3,470,牧光二,美,300,13105436,01154,01106,0417120905,ケンレーシング組合,社台ファーム,キンシャサノキセキ,キープザフェイス,エアジハード,鹿毛,130322,    1.6,  ,    ,48.5
17,04,30,1,新潟,2,09,500万下・牝,23,ダ,1,1800,良,ミュークロール    ,牝,5,坂井瑠星,53.0,10,06,7,7,0,0.7,8,117.4,"1574",0,6,7,7,7,39.6,512,青木孝文,美,0,12104124,01163,01156,0417120906,ドラゴンヒルズホー,社台ファーム,ゴールドアリュール,アルウェット,"Empire Maker",黒鹿,120202,   71.6,  ,    ,48.2
17,04,30,1,新潟,2,09,500万下・牝,23,ダ,1,1800,良,ドゥリーミン      ,牝,4,横山武史,52.0,10,07,4,4,0,0.3,5,117,"1570",0,2,3,3,3,39.5,462,大江原哲,美,110,13100270,01170,01012,0417120907,菊地祐司,佐々木康治,シニスターミニスター,ゴールドバニヤン,アフリート,黒鹿,130419,   11.2,  ,    ,48.1
17,04,30,1,新潟,2,09,500万下・牝,23,ダ,1,1800,良,マカワオクイーン  ,牝,5,古川吉洋,55.0,10,08,5,5,0,0.5,6,117.2,"1572",0,4,3,3,3,39.7,478,二ノ宮敬,美,75,12101804,01015,00409,0417120908,金子真人ホールディ,日高大洋牧場,キングカメハメハ,ネネグース,クロフネ,栗毛,120418,   18.1,  ,    ,47.6
17,04,30,1,新潟,2,09,500万下・牝,23,ダ,1,1800,良,パヴェダイヤモンド,牝,5,丸田恭介,55.0,10,09,9,9,0,1.4,4,118.1,"1581",0,6,5,5,5,40.4,464,金成貴史,美,0,12104794,01117,01132,0417120909,大塚亮一,ノーザンファーム,ゼンノロブロイ,フレンチバレリーナ,フレンチデピュティ,栗毛,120130,    8.3,  ,    ,46.2
17,04,30,1,新潟,2,09,500万下・牝,23,ダ,1,1800,良,アイルーロス      ,牝,4,丹内祐次,55.0,10,10,1,1,0,0,7,116.7,"1567",0,1,1,1,1,39.4,462,岩戸孝樹,美,750,13109076,01091,01051,0417120910,ビッグレッドファー,諏訪牧場,キャプテンスティーヴ,メジロボンベイ,スペシャルウィーク,黒鹿,130422,   53.2,  ,    ,48.1
17,04,30,1,新潟,2,10,春日山特500,23,芝,8,2000,良,カミノライデン    ,セ,4,西田雄一,57.0,9,01,6,6,0,1.6,9,120.2,"2002",0,0,0,7,7,36.7,438,浅野洋一,美,0,13109108,01004,00421,0417121001,村上正喜,ワールドファーム,ニューイングランド,モーディッシュ,Singspiel,鹿毛,130401,   47.1,  ,    ,47.5
17,04,30,1,新潟,2,10,春日山特500,23,芝,8,2000,良,クールジョーカー  ,牡,6,川須栄彦,57.0,9,02,9,9,0,3.2,7,121.8,"2018",0,0,0,2,2,39,454,梅田智之,栗,0,11102995,01128,01084,0417121002,小林竜太郎,高村伸一,ヨハネスブルグ,ピサノロマン,コマンダーインチーフ,黒鹿,110318,   26.9,  ,    ,41.0
17,04,30,1,新潟,2,10,春日山特500,23,芝,8,2000,良,シンボリラパス    ,牡,4,中谷雄太,57.0,9,03,8,8,0,3,6,121.6,"2016",0,0,0,1,1,38.9,482,菊川正達,美,0,13100464,01038,01052,0417121003,シンボリ牧場,シンボリ牧場,ナカヤマフェスタ,スイートカルタゴ,ヘクタープロテクター,栗毛,130225,   22.5,  ,    ,41.1
17,04,30,1,新潟,2,10,春日山特500,23,芝,8,2000,良,コスモプロテア    ,牡,4,丹内祐次,57.0,9,04,5,5,0,1.3,4,119.9,"1599",0,0,0,3,2,37,478,高橋義博,美,105,13101919,01091,01036,0417121004,ビッグレッドファー,ビッグレッドファー,ジャングルポケット,スーパーウーマン,マーベラスサンデー,鹿毛,130322,    8.6,  ,    ,46.0
17,04,30,1,新潟,2,10,春日山特500,23,芝,8,2000,良,ビクトリーミノル  ,牡,5,藤岡康太,57.0,9,05,7,7,0,1.6,8,120.2,"2002",0,0,0,9,9,36.3,488,北出成人,栗,0,12103493,01116,01078,0417121005,吉岡實,フジワラフアーム,ディープスカイ,プロフェシーライツ,アフリート,栗毛,120314,   40.0,  ,    ,49.1
17,04,30,1,新潟,2,10,春日山特500,23,芝,8,2000,良,ルックトゥワイス  ,牡,4,北村友一,57.0,9,06,1,1,0,-1,2,118.6,"1586",0,0,0,7,7,35.2,432,藤原英昭,栗,1050,13105230,01102,01055,0417121006,飯塚知一,追分ファーム,ステイゴールド,エスユーエフシー,Alzao,鹿毛,130402,    2.9,  ,    ,51.5
17,04,30,1,新潟,2,10,春日山特500,23,芝,8,2000,良,ヒメタチバナ      ,牝,4,丸田恭介,55.0,9,07,4,4,0,1.2,1,119.8,"1598",0,0,0,5,5,36.9,470,柴田政人,美,160,13104536,01117,01007,0417121007,岡田勇,千代田牧場,ナカヤマフェスタ,ルージュマジック,アフリート,黒鹿,130403,    2.5,  ,    ,46.3
17,04,30,1,新潟,2,10,春日山特500,23,芝,8,2000,良,ジュンファイトクン,牡,5,松若風馬,57.0,9,08,2,2,0,1,3,119.6,"1596",0,0,0,4,4,36.6,448,森秀行,栗,420,12104194,01154,00427,0417121008,河合純二,社台ファーム,グラスワンダー,キャニオンビュー,ネオユニヴァース,栗毛,120321,    4.9,  ,    ,47.2
17,04,30,1,新潟,2,10,春日山特500,23,芝,8,2000,良,マコトクラダリング,牝,4,高田潤,55.0,9,09,3,3,0,1.2,5,119.8,"1598",0,0,0,6,5,36.6,510,鮫島一歩,栗,260,13106086,01046,01046,0417121009,ディアマント,ノーザンファーム,シンボリクリスエス,マコトキンラン,サンデーサイレンス,鹿毛,130217,   13.1,  ,    ,47.4
17,04,30,1,新潟,2,11,谷川岳Ｓ,131,芝,8,1600,良,ロイカバード      ,牡,4,古川吉洋,56.0,14,01,13,13,0,1.2,4,95.6,"1356",0,0,0,8,8,34.6,456,松永幹夫,栗,0,13105760,01015,01092,0417121101,寺田寿男,ノーザンファーム,ディープインパクト,アゼリ,"Jade Hunter",黒鹿,130308,    5.5,  ,    ,55.8
17,04,30,1,新潟,2,11,谷川岳Ｓ,131,芝,8,1600,良,レプランシュ      ,牡,4,北村友一,56.0,14,02,12,12,0,0.9,10,95.3,"1353",0,0,0,9,9,34.3,460,高野友和,栗,0,13106178,01102,01117,0417121102,キャロットファーム,ノーザンファーム,ディープインパクト,レディドーヴィル,Fasliyev,鹿毛,130412,   25.4,  ,    ,56.7
17,04,30,1,新潟,2,11,谷川岳Ｓ,131,芝,8,1600,良,タガノブルグ      ,牡,6,丸田恭介,56.0,14,03,10,9,7,0.8,13,95.2,"1352",0,0,0,10,10,34.1,456,鮫島一歩,栗,0,11105000,01117,01046,0417121103,八木秀之,新冠タガノファーム,ヨハネスブルグ,スペシャルディナー,スペシャルウィーク,鹿毛,110318,   47.8,  ,    ,57.5
17,04,30,1,新潟,2,11,谷川岳Ｓ,131,芝,8,1600,良,ダノンリバティ    ,牡,5,松若風馬,57.0,14,04,2,2,0,0,3,94.4,"1344",0,0,0,3,3,34.1,530,音無秀孝,栗,920,12104672,01154,01002,0417121104,ダノックス,ノーザンファーム,キングカメハメハ,スカーレットベル,エリシオ,鹿毛,120229,    4.9,  ,    ,56.1
17,04,30,1,新潟,2,11,谷川岳Ｓ,131,芝,8,1600,良,メドウラーク      ,牡,6,中谷雄太,56.0,14,05,6,6,0,0.3,11,94.7,"1347",0,0,0,6,5,34.2,502,橋田満,栗,0,11103741,01038,00362,0417121105,吉田勝己,ノーザンファーム,タニノギムレット,アゲヒバリ,クロフネ,鹿毛,110405,   29.7,  ,    ,56.1
17,04,30,1,新潟,2,11,谷川岳Ｓ,131,芝,8,1600,良,ウインガニオン    ,牡,5,坂井瑠星,56.0,14,06,1,1,0,0,12,94.4,"1344",0,0,0,1,1,34.5,490,西園正都,栗,2300,12100245,01163,01028,0417121106,ウイン,コスモヴューファー,ステイゴールド,チャンネルワン,ポリッシュネイビー,黒鹿,120408,   32.5,  ,    ,54.2
17,04,30,1,新潟,2,11,谷川岳Ｓ,131,芝,8,1600,良,マイネルラフレシア,牡,4,丹内祐次,56.0,14,07,9,10,0,0.8,8,95.2,"1352",0,0,0,12,12,34,454,高橋裕,美,0,13101928,01091,00412,0417121107,サラブレッドクラブ,ビッグレッドファー,ジャングルポケット,フライングメリッサ,ダンスインザダーク,栗毛,130209,   21.0,  ,    ,58.0
17,04,30,1,新潟,2,11,谷川岳Ｓ,131,芝,8,1600,良,ピークトラム      ,牡,6,石川裕紀,58.0,14,08,8,8,0,0.6,9,95,"1350",0,0,0,2,2,34.8,498,橋口慎介,栗,0,11104293,01150,01154,0417121108,冨田藤男,社台ファーム,チチカステナンゴ,タッチザピーク,スペシャルウィーク,黒鹿,110508,   22.7,  ,    ,53.8
17,04,30,1,新潟,2,11,谷川岳Ｓ,131,芝,8,1600,良,ミュゼエイリアン  ,セ,5,木幡初也,56.0,14,09,5,5,0,0.3,6,94.7,"1347",0,0,0,3,3,34.4,474,黒岩陽一,美,230,12104164,01153,01133,0417121109,ORTEGA,社台ファーム,スクリーンヒーロー,エールスタンス,エルコンドルパサー,鹿毛,120201,   16.7,  ,    ,55.2
17,04,30,1,新潟,2,11,谷川岳Ｓ,131,芝,8,1600,良,プロフェット      ,牡,4,秋山真一,57.0,14,10,4,4,0,0.2,2,94.6,"1346",0,0,0,7,7,34,462,池江泰寿,栗,350,13105930,01019,01071,0417121110,キャロットファーム,ノーザンファーム,ハービンジャー,ジュモー,タニノギムレット,鹿毛,130227,    4.7,  ,    ,56.9
17,04,30,1,新潟,2,11,谷川岳Ｓ,131,芝,8,1600,良,アルバタックス    ,牡,7,丸山元気,56.0,14,11,3,3,0,0.1,5,94.5,"1345",0,0,0,5,5,34.1,508,石坂正,栗,580,10103798,01127,01022,0417121111,社台レースホース,社台ファーム,キングカメハメハ,タックスシェルター,フジキセキ,栗毛,100308,   14.5,  ,    ,56.3
17,04,30,1,新潟,2,11,谷川岳Ｓ,131,芝,8,1600,良,ライズトゥフェイム,牡,7,荻野極,56.0,14,12,14,14,0,1.4,7,95.8,"1358",0,0,0,14,14,34.1,484,加藤征弘,美,0,10104458,01160,01059,0417121112,シルクレーシング,社台コーポレーショ,ゼンノロブロイ,バラファミー,Barathea,鹿毛,100330,   20.9,  ,    ,58.6
17,04,30,1,新潟,2,11,谷川岳Ｓ,131,芝,8,1600,良,ヒーズインラブ    ,牡,4,藤岡康太,56.0,14,13,7,7,0,0.5,1,94.9,"1349",0,0,0,12,13,33.5,520,藤岡健一,栗,0,13105917,01116,01062,0417121113,シルクレーシング,ノーザンファーム,ハービンジャー,シーズインクルーデッド,Include,鹿毛,130307,    3.9,  ,    ,60.0
17,04,30,1,新潟,2,11,谷川岳Ｓ,131,芝,8,1600,良,シベリアンスパーブ,牡,8,嶋田純次,56.0,14,14,11,11,0,0.8,14,95.2,"1352",0,0,0,10,10,34,516,手塚貴久,美,0,09105407,01134,01038,0417121114,藤田在子,山岡牧場,シベリアンホーク,マルターズスパーブ,"With Approval",鹿毛,090201,   92.3,  ,    ,58.0
17,04,30,1,新潟,2,12,五泉特別500,23,芝,0,1400,良,エスジープログレス,牡,5,坂井瑠星,57.0,16,01,12,12,0,1,8,82,"1220",0,0,0,8,9,35.9,482,西浦勝一,栗,0,12102028,01163,01016,0417121201,竹下千亜子,山際辰夫,ダイワメジャー,バズマイハート,Unbridled,栗毛,120318,   45.8,  ,    ,46.3
17,04,30,1,新潟,2,12,五泉特別500,23,芝,0,1400,良,マコトルーメン    ,牡,4,古川吉洋,57.0,16,02,5,5,0,0.4,11,81.4,"1214",0,0,0,13,11,34.8,484,北出成人,栗,105,13102717,01015,01078,0417121202,ディアマント,出口繁夫,ダイワメジャー,マコトサンゴ,タマモクロス,鹿毛,130312,   75.5,  ,    ,50.4
17,04,30,1,新潟,2,12,五泉特別500,23,芝,0,1400,良,パレード          ,牝,4,秋山真一,55.0,16,03,14,14,0,1.8,13,82.8,"1228",0,0,0,9,9,36.6,454,平田修,栗,0,13100364,01019,01082,0417121203,下河辺隆行,下河辺牧場,ディープインパクト,ハニーローズ,Lode,鹿毛,130415,  101.0,  ,    ,44.7
17,04,30,1,新潟,2,12,五泉特別500,23,芝,0,1400,良,ダイワプロパー    ,牝,5,川須栄彦,55.0,16,04,7,7,0,0.6,5,81.6,"1216",0,0,0,3,5,35.8,496,池上昌和,美,0,12103476,01128,01150,0417121204,大城敬三,フジワラフアーム,ダイワメジャー,ダイワエンジェル,タイキシャトル,栗毛,120320,    9.8,  ,    ,45.9
17,04,30,1,新潟,2,12,五泉特別500,23,芝,0,1400,良,レッドマジュール  ,牝,5,石川裕紀,55.0,16,05,6,6,0,0.4,7,81.4,"1214",0,0,0,11,11,35,452,手塚貴久,美,0,12104859,01150,01038,0417121205,東京ホースレーシン,ノーザンファーム,ディープインパクト,マンダララ,Lahib,青鹿,120522,   20.4,  ,    ,49.4
17,04,30,1,新潟,2,12,五泉特別500,23,芝,0,1400,良,セレッソプリマベラ,牝,4,加藤祥太,55.0,16,06,16,16,0,2.9,15,83.9,"1239",0,0,0,11,13,37.5,436,牧田和弥,栗,0,13102876,01156,01123,0417121206,三宅勝俊,桑田フアーム,プリサイスエンド,ナスノロビン,ネオユニヴァース,栗毛,130308,  173.2,  ,    ,42.8
17,04,30,1,新潟,2,12,五泉特別500,23,芝,0,1400,良,ヴェネト          ,牡,5,北村友一,57.0,16,07,4,4,0,0.2,1,81.2,"1212",0,0,0,5,5,35.3,452,藤原英昭,栗,160,12104085,01102,01055,0417121207,サンデーレーシング,社台コーポレーショ,ディープインパクト,レディオブヴェニス,"Loup Solitaire",鹿毛,120324,    2.5,  ,    ,47.5
17,04,30,1,新潟,2,12,五泉特別500,23,芝,0,1400,良,アイリーグレイ    ,牝,5,丹内祐次,55.0,16,08,1,1,0,-0.1,3,81,"1210",0,0,0,1,1,35.6,470,牧光二,美,1050,12103729,01091,01106,0417121208,前原敏行,チャンピオンズファ,クロフネ,ジョリブロンド,トニービン,芦毛,120523,    6.0,  ,    ,45.6
17,04,30,1,新潟,2,12,五泉特別500,23,芝,0,1400,良,スノーマン        ,牡,4,丸田恭介,57.0,16,09,3,3,0,0.1,4,81.1,"1211",0,0,0,9,8,34.9,496,高橋義忠,栗,260,13103576,01117,01129,0417121209,永井秀貴,辻牧場,スズカフェニックス,サンレイジャスパー,ミスズシャルダン,鹿毛,130328,    7.6,  ,    ,49.3
17,04,30,1,新潟,2,12,五泉特別500,23,芝,0,1400,良,ダノンブライト    ,牡,5,松若風馬,57.0,16,10,2,2,0,0.1,2,81.1,"1211",0,0,0,5,3,35.2,470,大久保龍,栗,420,12101386,01154,01058,0417121210,ダノックス,下河辺牧場,ディープインパクト,ペニーズフォーチュン,"Storm Cat",青鹿,120425,    4.0,  ,    ,47.8
17,04,30,1,新潟,2,12,五泉特別500,23,芝,0,1400,良,クラウンロベルト  ,牡,5,横山和生,57.0,16,11,13,13,0,1.2,14,82.2,"1222",0,0,0,3,3,36.5,438,小野次郎,美,0,12105848,01140,01125,0417121211,矢野恭裕,高昭牧場,ブライアンズタイム,カワカミキラリン,Vindication,青鹿,120212,  159.9,  ,    ,43.9
17,04,30,1,新潟,2,12,五泉特別500,23,芝,0,1400,良,スイートイデアル  ,牝,5,伴啓太,55.0,16,12,15,15,0,2.3,16,83.3,"1233",0,0,0,16,16,36.4,450,高橋祥泰,美,0,12109107,01149,00359,0417121212,和田啓子,シンボリ牧場,プリサイスエンド,スイートカトマンズ,シンボリクリスエス,栃栗,120329,  211.4,  ,    ,46.6
17,04,30,1,新潟,2,12,五泉特別500,23,芝,0,1400,良,ツインフルムーン  ,牝,4,丸山元気,55.0,16,13,10,10,0,0.9,10,81.9,"1219",0,0,0,2,2,36.3,454,伊藤大士,美,0,13103347,01127,01109,0417121213,小林秀樹,川越ファーム,アドマイヤムーン,ケイアイバラード,リヴリア,黒鹿,130429,   63.0,  ,    ,44.2
17,04,30,1,新潟,2,12,五泉特別500,23,芝,0,1400,良,メイショウカクオビ,牡,4,藤岡康太,57.0,16,14,8,8,0,0.7,9,81.7,"1217",0,0,0,13,13,35.1,492,南井克巳,栗,0,13106315,01116,01049,0417121214,松本好雄,昭和牧場,ファルブラヴ,マチカネフウリン,サンデーサイレンス,鹿毛,130511,   49.1,  ,    ,49.6
17,04,30,1,新潟,2,12,五泉特別500,23,芝,0,1400,良,プロタゴニスト    ,牡,6,平野優,57.0,16,15,9,9,0,0.9,12,81.9,"1219",0,0,0,15,15,35.1,422,高橋文雅,美,0,11103555,01132,01134,0417121215,佐久間拓士,社台コーポレーショ,ディープインパクト,アウトオブタイム,Panis,鹿毛,110324,   81.9,  ,    ,50.0
17,04,30,1,新潟,2,12,五泉特別500,23,芝,0,1400,良,カジノブギ        ,牝,4,中井裕二,55.0,16,16,11,11,0,0.9,6,81.9,"1219",0,0,0,5,5,36,462,中内田充,栗,0,13105437,01141,01137,0417121216,社台レースホース,社台ファーム,ワークフォース,ギミーシェルター,サンデーサイレンス,鹿毛,130416,   17.6,  ,    ,45.6
17,05,06,1,新潟,3,01,障害・オープ,131,芝,2,3290,良,カウウェラ        ,牡,7,浜野谷憲,60.0,14,01,8,8,0,3.3,12,218.8,"3388",0,13,11,8,8,13.3,476,戸田博文,美,0,10104560,00695,01054,0417130101,サンデーレーシング,追分ファーム,キングカメハメハ,メモリアルサマー,サンデーサイレンス,青鹿,100323,   79.9,  ,    , 0.0
17,05,06,1,新潟,3,01,障害・オープ,131,芝,2,3290,良,ビットアレグロ    ,牡,8,石神深一,59.0,14,02,5,5,0,2.2,11,217.7,"3377",0,8,7,8,8,13.2,504,松永康利,美,135,09100957,01059,01093,0417130102,礒川正明,エムエム、ヤマダフ,ゴールドアリュール,アイノブリーズ,ブラックタイアフェアー,栗毛,090327,   64.0,  ,    , 0.0
17,05,06,1,新潟,3,01,障害・オープ,131,芝,2,3290,良,ルートヴィヒコード,牡,5,小坂忠士,59.0,14,03,12,12,0,7.4,8,222.9,"3429",0,8,13,13,13,13.6,464,奥村豊,栗,0,12104082,01063,01146,0417130103,G1レーシング,社台コーポレーショ,ディープインパクト,リトルハーモニー,コマンダーインチーフ,鹿毛,120217,   33.7,  ,    , 0.0
17,05,06,1,新潟,3,01,障害・オープ,131,芝,2,3290,良,マドリードカフェ  ,牡,6,熊沢重文,59.0,14,04,1,1,0,-0.2,2,215.5,"3355",0,3,3,4,4,13.1,524,荒川義之,栗,1350,11103483,00652,01095,0417130104,"Him Rock Racingホ",チャンピオンズファ,マンハッタンカフェ,ステラマドレード,フォーティナイナー,黒鹿,110525,    2.7,  ,    , 0.0
17,05,06,1,新潟,3,01,障害・オープ,131,芝,2,3290,良,アレルキナーダ    ,牝,4,黒岩悠,57.0,14,05,10,10,0,3.9,13,219.4,"3394",0,6,9,10,10,13.3,514,千田輝彦,栗,0,13104976,01072,01120,0417130105,服部統祥,チャンピオンズファ,シンボリクリスエス,ヤマノサッシュ,ファルブラヴ,鹿毛,130203,   84.8,  ,    , 0.0
17,05,06,1,新潟,3,01,障害・オープ,131,芝,2,3290,良,ユウキビバワンダー,セ,4,林満明,58.0,14,06,7,7,0,2.9,9,218.4,"3384",0,2,2,2,2,13.3,504,藤沢則雄,栗,0,13106345,00655,01041,0417130106,雪本秀樹,日西牧場,サクラメガワンダー,ユウキビバ,フォーティナイナー,栗毛,130505,   41.1,  ,    , 0.0
17,05,06,1,新潟,3,01,障害・オープ,131,芝,2,3290,良,マジェスティハーツ,牡,7,森一馬,59.0,14,07,4,4,0,1.5,3,217,"3370",0,4,4,5,5,13.2,504,松永昌博,栗,200,10103287,01139,01083,0417130107,ヒダカ・ブリーダー,藤原牧場,ハーツクライ,エアラホーヤ,ボストンハーバー,鹿毛,100520,    8.9,  ,    , 0.0
17,05,06,1,新潟,3,01,障害・オープ,131,芝,2,3290,良,コスモパルダ      ,牡,8,山本康志,60.0,14,08,6,6,0,2.6,10,218.1,"3381",0,1,1,2,1,13.3,504,和田正道,美,0,09105131,01008,00353,0417130108,ビッグレッドファー,ビッグレッドファー,ロージズインメイ,オトメノイノリ,サンデーサイレンス,青鹿,090327,   59.4,  ,    , 0.0
17,05,06,1,新潟,3,01,障害・オープ,131,芝,2,3290,良,セイウンアワード  ,牡,5,草野太郎,59.0,14,09,13,13,0,11.2,14,226.7,"3467",0,10,11,14,14,13.8,532,杉浦宏昭,美,0,12100999,01113,01008,0417130109,西山茂行,厚賀古川牧場,キングヘイロー,ハッスルメール,ヴィクトリースピーチ,鹿毛,120430,  139.3,  ,    , 0.0
17,05,06,1,新潟,3,01,障害・オープ,131,芝,2,3290,良,ホーカーテンペスト,セ,8,五十嵐雄,60.0,14,10,3,3,0,0.3,1,215.8,"3358",0,11,7,6,6,13.1,510,藤沢和雄,美,340,09106388,01069,00386,0417130110,キャロットファーム,ノーザンファーム,"Hawk Wing",リッチダンサー,Halling,栗毛,090411,    2.1,  ,    , 0.0
17,05,06,1,新潟,3,01,障害・オープ,131,芝,2,3290,良,クラウンテイラー  ,牡,5,蓑島靖典,59.0,14,11,9,9,0,3.6,5,219.1,"3391",0,14,13,12,12,13.3,446,田島俊明,美,0,12106080,01068,01112,0417130111,クラウン,藤春修二,アドマイヤオーラ,ポピーリース,フサイチコンコルド,鹿毛,120512,   22.2,  ,    , 0.0
17,05,06,1,新潟,3,01,障害・オープ,131,芝,2,3290,良,スマートリバティー,牡,9,白浜雄造,60.0,14,12,11,11,0,4.7,7,220.2,"3402",0,4,6,10,11,13.4,466,宮徹,栗,0,08103812,01035,01018,0417130112,大川徹,広田牧場,ステイゴールド,リザーブシート,クリエイター,鹿毛,080316,   29.1,  ,    , 0.0
17,05,06,1,新潟,3,01,障害・オープ,131,芝,2,3290,良,ユキノスライダー  ,牡,7,難波剛健,60.0,14,13,0,0,4,999.9,4,0,"----",0,6,4,1,2,0,454,高橋義忠,栗,0,10100330,01066,01129,0417130113,遠藤定子,川端正博,デュランダル,ユキノチャンプ,タバスコキャット,栗毛,100418,   14.2,  ,    , 0.0
17,05,06,1,新潟,3,01,障害・オープ,131,芝,2,3290,良,アズマタックン    ,牡,4,北沢伸也,58.0,14,14,2,2,0,0.2,6,215.7,"3357",0,11,10,7,7,13.1,492,加用正,栗,540,13100361,00691,00425,0417130114,東哲次,下河辺牧場,ブラックタイド,ネイチャーガイド,エルコンドルパサー,青鹿,130117,   27.1,  ,    , 0.0
17,05,06,1,新潟,3,02,未勝利・牝,7,ダ,1,1800,良,コロリアージュ    ,牝,3,藤田菜七,51.0,14,01,12,12,0,4.9,14,120.7,"2007",0,13,13,13,13,41.7,420,根本康広,美,0,14101638,01164,01029,0417130201,田頭勇貴,新井昭二,ヴァーミリアン,アオモミジ,ブライアンズタイム,鹿毛,140220,  128.9,  ,    ,44.7
17,05,06,1,新潟,3,02,未勝利・牝,7,ダ,1,1800,良,ジュンテオドーラ  ,牝,3,藤岡康太,54.0,14,02,1,1,0,-0.2,1,115.8,"1558",0,4,4,4,3,38.7,450,友道康夫,栗,500,14105817,01116,01061,0417130202,河合純二,ノーザンファーム,ディープインパクト,アートプリンセス,Officer,鹿毛,140128,    1.4,  ,    ,49.6
17,05,06,1,新潟,3,02,未勝利・牝,7,ダ,1,1800,良,アリスパイレーツ  ,牝,3,木幡初也,52.0,14,03,5,5,0,1.3,10,117.1,"1571",0,11,12,9,8,39.1,430,鹿戸雄一,美,50,14102082,01153,01097,0417130203,NICKS,スマイルファーム,クロフネ,レッドシャンデル,ネオユニヴァース,鹿毛,140414,   58.9,  ,    ,49.7
17,05,06,1,新潟,3,02,未勝利・牝,7,ダ,1,1800,良,ルーナデラセーラー,牝,3,菱田裕二,54.0,14,04,2,2,0,0.2,4,116,"1560",0,1,1,1,1,39.2,474,加藤征弘,美,200,14103694,01144,01059,0417130204,加藤晃央,恵比寿牧場,ハーツクライ,フォーマルハウト,クロフネ,黒鹿,140406,   12.9,  ,    ,48.0
17,05,06,1,新潟,3,02,未勝利・牝,7,ダ,1,1800,良,ガジュマル        ,牝,3,木幡巧也,53.0,14,05,7,7,0,2.5,6,118.3,"1583",0,7,7,7,7,40.5,470,伊藤大士,美,0,14104138,01162,01109,0417130205,ニッシンレーシング,チャンピオンズファ,ヴィクトワールピサ,ピースヴィクトリア,マヤノトップガン,芦毛,140411,   23.7,  ,    ,46.0
17,05,06,1,新潟,3,02,未勝利・牝,7,ダ,1,1800,良,ルメイユール      ,牝,3,加藤祥太,53.0,14,06,9,9,0,3.2,5,119,"1590",0,11,10,2,3,42,502,山内研二,栗,0,14104298,01156,00388,0417130206,ノルマンディーサラ,岡田スタツド,アイルハヴアナザー,ブリュメール,ティンバーカントリー,黒鹿,140429,   13.2,  ,    ,41.7
17,05,06,1,新潟,3,02,未勝利・牝,7,ダ,1,1800,良,リブランディニー  ,牝,3,川又賢治,51.0,14,07,13,13,0,5.9,12,121.7,"2017",0,7,7,14,14,42.6,498,浜田多実,栗,0,14100164,01166,01138,0417130207,ローレルレーシング,川島牧場,カネヒキリ,ローレルデフィー,ラムタラ,青鹿,140414,   86.1,  ,    ,42.8
17,05,06,1,新潟,3,02,未勝利・牝,7,ダ,1,1800,良,パープルミネルバ  ,牝,3,義英真,53.0,14,08,4,4,0,1.3,2,117.1,"1571",0,2,2,2,2,40.2,458,崎山博樹,栗,75,14103605,01155,00365,0417130208,松岡隆雄,ミリオンファーム,サンライズバッカス,パープルスター,マーベラスサンデー,鹿毛,140422,    8.2,  ,    ,45.6
17,05,06,1,新潟,3,02,未勝利・牝,7,ダ,1,1800,良,レッドカサブランカ,牝,3,吉田隼人,54.0,14,09,8,8,0,3.2,9,119,"1590",0,14,14,11,10,40.7,508,久保田貴,美,0,14104552,01095,01067,0417130209,草間庸文,静内フジカワ牧場,ジャングルポケット,スイートフラッグ,Kingmambo,鹿毛,140430,   57.1,  ,    ,46.2
17,05,06,1,新潟,3,02,未勝利・牝,7,ダ,1,1800,良,ヴィエメンテ      ,牝,3,伴啓太,52.0,14,10,6,6,0,2.1,7,117.9,"1579",0,7,7,7,8,40.1,456,中舘英二,美,0,14103779,01149,01153,0417130210,杉田周作,桑田牧場,タートルボウル,ショウナンタレント,アグネスタキオン,鹿毛,140331,   42.0,  ,    ,47.0
17,05,06,1,新潟,3,02,未勝利・牝,7,ダ,1,1800,良,レイクルイーズ    ,牝,3,秋山真一,54.0,14,11,11,11,0,4.2,13,120,"2000",0,10,10,10,11,41.8,464,和田正道,美,0,14104119,01019,00353,0417130211,スピードファーム,大栄牧場,ディープスカイ,ナイストレビアン,ノーザンテースト,栗毛,140520,   95.0,  ,    ,43.5
17,05,06,1,新潟,3,02,未勝利・牝,7,ダ,1,1800,良,タカイチホワイト  ,牝,3,平野優,54.0,14,12,10,10,0,4.2,11,120,"2000",0,2,2,4,6,42.8,430,伊藤大士,美,0,14103958,01132,01109,0417130212,高橋一郎,野表俊一,クロフネ,ジョーテンオン,サンデーサイレンス,芦毛,140412,   74.1,  ,    ,40.2
17,05,06,1,新潟,3,02,未勝利・牝,7,ダ,1,1800,良,ティアップアンジュ,牝,3,黛弘人,54.0,14,13,3,3,0,0.9,3,116.7,"1567",0,4,6,6,5,39.3,448,奥平雅士,美,130,14103809,01109,01074,0417130213,田中昇,高昭牧場,エンパイアメーカー,シーギリアレディー,キングカメハメハ,鹿毛,140515,    9.4,  ,    ,48.5
17,05,06,1,新潟,3,02,未勝利・牝,7,ダ,1,1800,良,エイシンスイーツ  ,牝,3,鮫島克駿,53.0,14,14,14,14,0,6.7,8,122.5,"2025",0,4,4,12,12,44,488,川村禎彦,栗,0,14103556,01157,01003,0417130214,栄進堂,三嶋牧場,シンボリクリスエス,バーモントガール,"Mi Cielo",鹿毛,140415,   45.2,  ,    ,39.2
17,05,06,1,新潟,3,03,未勝利,7,ダ,1,1200,稍,マーベラスセンス  ,牡,3,太宰啓介,56.0,15,01,15,15,0,5.7,9,78.4,"1184",0,0,0,15,15,38.9,548,飯田祐史,栗,0,14104477,01037,01139,0417130301,笹原貞生,酒井亨,ストリートセンス,マーベラスロマン,パラダイスクリーク,鹿毛,140205,   80.9,  ,    ,51.5
17,05,06,1,新潟,3,03,未勝利,7,ダ,1,1200,稍,ベルウッドカペラ  ,牡,3,藤岡康太,56.0,15,02,11,11,0,3,8,75.7,"1157",0,0,0,11,11,39.8,454,高橋康之,栗,0,14102653,01116,01135,0417130302,鈴木照雄,シンボリ牧場,キンシャサノキセキ,スイートカルタゴ,ヘクタープロテクター,青鹿,140217,   78.9,  ,    ,40.2
17,05,06,1,新潟,3,03,未勝利,7,ダ,1,1200,稍,リンガスネオ      ,牡,3,吉田隼人,56.0,15,03,3,3,0,0.3,1,73,"1130",0,0,0,3,4,37.9,474,中舘英二,美,130,14105171,01095,01153,0417130303,伊藤巖,三木田牧場,ネオユニヴァース,リンガスローレル,サクラローレル,黒鹿,140325,    1.6,  ,    ,42.6
17,05,06,1,新潟,3,03,未勝利,7,ダ,1,1200,稍,テンエイハヤブサ  ,牡,3,杉原誠人,56.0,15,04,7,7,0,1.8,14,74.5,"1145",0,0,0,12,12,38.4,438,佐藤吉勝,美,0,14109110,01135,01035,0417130304,熊坂俊一,天栄牧場,ファスリエフ,ピンクサプライズ,ネオユニヴァース,鹿毛,140527,  193.8,  ,    ,44.0
17,05,06,1,新潟,3,03,未勝利,7,ダ,1,1200,稍,クラウントゥレス  ,牡,3,木幡初広,56.0,15,05,9,9,0,2.4,7,75.1,"1151",0,0,0,6,6,39.6,466,牧光二,美,0,14101841,00629,01106,0417130305,クラウン,クラウン日高牧場,スズカフェニックス,クラウンポインター,ワイルドラッシュ,鹿毛,140523,   63.2,  ,    ,39.6
17,05,06,1,新潟,3,03,未勝利,7,ダ,1,1200,稍,メイショウタカモリ,牡,3,坂井瑠星,54.0,15,06,8,8,0,1.8,6,74.5,"1145",0,0,0,12,12,38.3,492,中村均,栗,0,14103476,01163,00261,0417130306,松本好雄,日の出牧場,メイショウサムソン,ニンナナンナ,"Unbridled's Song",芦毛,140504,   44.9,  ,    ,44.5
17,05,06,1,新潟,3,03,未勝利,7,ダ,1,1200,稍,エイシンブリッツ  ,牡,3,石橋脩,56.0,15,07,1,1,0,-0.3,5,72.7,"1127",0,0,0,1,1,37.9,482,川村禎彦,栗,500,14103134,01077,01003,0417130307,栄進堂,川越ファーム,ダイワメジャー,エーシンマンターナ,"Mr. Greeley",栗毛,140303,   10.6,  ,    ,41.8
17,05,06,1,新潟,3,03,未勝利,7,ダ,1,1200,稍,テイエムボサノバ  ,牡,3,古川吉洋,56.0,15,08,10,10,0,2.5,15,75.2,"1152",0,0,0,14,14,38.4,466,石栗龍彦,美,0,14102400,01015,01043,0417130308,竹園正繼,日高大洋牧場,クロフネ,レディーファースト,ダンスインザダーク,芦毛,140521,  226.1,  ,    ,45.8
17,05,06,1,新潟,3,03,未勝利,7,ダ,1,1200,稍,アロハスピリット  ,牡,3,宮崎北斗,56.0,15,09,14,14,0,5.4,11,78.1,"1181",0,0,0,6,8,42.7,478,武藤善則,美,0,14100330,01118,01064,0417130309,スピードファーム,スピードフアーム,ウインクリューガー,ハートヴァイン,スピードワールド,芦毛,140313,   82.9,  ,    ,32.9
17,05,06,1,新潟,3,03,未勝利,7,ダ,1,1200,稍,セブンレジェンド  ,牡,3,井上敏樹,54.0,15,10,5,5,0,1.2,12,73.9,"1139",0,0,0,2,2,38.9,520,本間忍,美,50,14109051,01151,01056,0417130310,橋川欣司,タイヘイ牧場,トーセンホマレボシ,モンテチェリー,ホワイトマズル,黒鹿,140312,  116.9,  ,    ,40.0
17,05,06,1,新潟,3,03,未勝利,7,ダ,1,1200,稍,セブンハーバー    ,牝,3,藤田菜七,51.0,15,11,12,12,0,3.2,10,75.9,"1159",0,0,0,3,4,40.7,466,根本康広,美,0,14103138,01164,01029,0417130311,IHR,ガーベラパークスタ,ボストンハーバー,ジョーベアトリチェ,キャロルハウス,栗毛,140504,   81.3,  ,    ,36.5
17,05,06,1,新潟,3,03,未勝利,7,ダ,1,1200,稍,ストロベリームーン,牝,3,加藤祥太,53.0,15,12,2,2,0,0.3,2,73,"1130",0,0,0,10,9,37.2,436,庄野靖志,栗,200,14105431,01156,01087,0417130312,NICKS,社台ファーム,キンシャサノキセキ,エヴァディングタンペット,"Dubai Destination",青鹿,140325,    5.5,  ,    ,46.2
17,05,06,1,新潟,3,03,未勝利,7,ダ,1,1200,稍,マリノヒミコ      ,牝,3,横山和生,54.0,15,13,13,13,0,5.1,13,77.8,"1178",0,0,0,8,9,42.2,442,古賀史生,美,0,14101605,01140,00392,0417130313,矢野まり子,旭牧場,ローレルゲレイロ,スワヒメ,バブルガムフェロー,黒鹿,140523,  189.5,  ,    ,34.4
17,05,06,1,新潟,3,03,未勝利,7,ダ,1,1200,稍,ダノンイーグル    ,牡,3,木幡巧也,55.0,15,14,4,4,0,0.5,4,73.2,"1132",0,0,0,3,2,38,488,久保田貴,美,75,14105483,01162,01067,0417130314,ダノックス,社台ファーム,ダイワメジャー,ココナッツパルム,フレンチデピュティ,栗毛,140122,    8.6,  ,    ,42.6
17,05,06,1,新潟,3,03,未勝利,7,ダ,1,1200,稍,キタサンボルト    ,牡,3,鮫島良太,56.0,15,15,6,6,0,1.4,3,74.1,"1141",0,0,0,8,6,38.5,488,昆貢,栗,0,14103353,01099,01044,0417130315,大野商事,辻牧場,クロフネ,キタサンエデン,アドマイヤムーン,鹿毛,140320,    7.7,  ,    ,42.5
17,05,06,1,新潟,3,04,障害未勝利,7,芝,2,2890,稍,マイネルプロンプト,セ,5,森一馬,60.0,12,01,4,4,0,1.4,2,191.7,"3117",0,4,5,6,5,13.3,478,坂口正則,栗,120,12100683,01139,00356,0417130401,岡田壮史,コスモヴューファー,マツリダゴッホ,コスモクラッベ,マイネルラヴ,黒鹿,120317,    4.3,  ,    , 0.0
17,05,06,1,新潟,3,04,障害未勝利,7,芝,2,2890,稍,ブルーオリエント  ,牝,4,熊沢重文,57.0,12,02,7,7,0,2.8,4,193.1,"3131",0,7,7,10,10,13.4,470,松田国英,栗,0,13104596,00652,01011,0417130402,桜井欣吾,飛野牧場,ワイルドラッシュ,ピサノレインボー,"Rainbow Quest",鹿毛,130401,    7.3,  ,    , 0.0
17,05,06,1,新潟,3,04,障害未勝利,7,芝,2,2890,稍,ワークショップ    ,牡,4,蓑島靖典,59.0,12,03,2,2,0,0.8,8,191.1,"3111",0,10,11,8,7,13.2,506,加藤和宏,美,310,13101772,01068,01077,0417130403,小林薫,錦岡牧場,ワークフォース,ジョリーダンス,ダンスインザダーク,鹿毛,130212,   33.3,  ,    , 0.0
17,05,06,1,新潟,3,04,障害未勝利,7,芝,2,2890,稍,ウインレーベン    ,牡,6,平沢健治,60.0,12,04,1,1,0,-0.8,1,190.3,"3103",0,2,1,1,1,13.2,462,中村均,栗,780,11106314,01067,00261,0417130404,ウイン,モリナガファーム,ハーツクライ,ユーワジョイナー,ミルジヨージ,青鹿,110423,    2.4,  ,    , 0.0
17,05,06,1,新潟,3,04,障害未勝利,7,芝,2,2890,稍,スプレーモゲレイロ,牡,4,植野貴也,59.0,12,05,11,11,0,4.2,10,194.5,"3145",0,7,9,12,12,13.5,456,佐藤正雄,栗,0,13104031,00727,01025,0417130405,ヒダカ・ブリーダー,岡田牧場,ローレルゲレイロ,スキャニングジョイ,スキャン,鹿毛,130413,   49.2,  ,    , 0.0
17,05,06,1,新潟,3,04,障害未勝利,7,芝,2,2890,稍,スマートガルーダ  ,牡,4,上野翔,59.0,12,06,5,5,0,1.9,11,192.2,"3122",0,10,9,8,8,13.3,494,粕谷昌央,美,78,13101238,01087,01096,0417130406,大川徹,秋田牧場,ハーツクライ,ストーミングヘヴン,Hennessy,鹿毛,130310,   62.1,  ,    , 0.0
17,05,06,1,新潟,3,04,障害未勝利,7,芝,2,2890,稍,フミノファルコン  ,牡,7,黒岩悠,60.0,12,07,10,10,0,4,5,194.3,"3143",0,7,7,4,5,13.4,534,目野哲也,栗,0,10104837,01072,00387,0417130407,谷二,笹島政信,スタチューオブリバティ,セキサンジョオウ,サクラバクシンオー,黒鹿,100430,   10.3,  ,    , 0.0
17,05,06,1,新潟,3,04,障害未勝利,7,芝,2,2890,稍,アラタマシャトル  ,牡,6,北沢伸也,60.0,12,08,12,12,0,5.3,7,195.6,"3156",0,2,3,6,8,13.5,498,浜田多実,栗,0,11100912,00691,01138,0417130408,荒木謙次,槇本牧場,タイキシャトル,アラタマヘイロー,サザンヘイロー,鹿毛,110427,   23.1,  ,    , 0.0
17,05,06,1,新潟,3,04,障害未勝利,7,芝,2,2890,稍,マイネルヴァッサー,牡,4,山本康志,59.0,12,09,3,3,0,0.8,6,191.1,"3111",0,4,5,4,2,13.2,420,土田稔,美,200,13101904,01008,00417,0417130409,サラブレッドクラブ,ビッグレッドファー,ステイゴールド,コスモスプラッシュ,メジロブライト,鹿毛,130512,   22.4,  ,    , 0.0
17,05,06,1,新潟,3,04,障害未勝利,7,芝,2,2890,稍,デュアルメジャー  ,セ,5,草野太郎,60.0,12,10,6,6,0,2,3,192.3,"3123",0,1,2,2,2,13.3,480,黒岩陽一,美,0,12104730,01113,01133,0417130410,サンデーレーシング,ノーザンファーム,ダイワメジャー,デュアルストーリー,"End Sweep",青鹿,120224,    5.2,  ,    , 0.0
17,05,06,1,新潟,3,04,障害未勝利,7,芝,2,2890,稍,セガールフォンテン,牡,7,江田勇亮,60.0,12,11,9,9,0,2.9,12,193.2,"3132",0,12,11,11,11,13.4,490,石毛善彦,美,0,10101798,01023,00428,0417130411,吉橋興生,寺井文秀,ゴーカイ,ジターナフォンテン,パラダイスクリーク,栗毛,100516,  116.0,  ,    , 0.0
17,05,06,1,新潟,3,04,障害未勝利,7,芝,2,2890,稍,ドリームパワー    ,牝,8,浜野谷憲,58.0,12,12,8,8,0,2.9,9,193.2,"3132",0,4,3,3,2,13.4,460,二ノ宮敬,美,0,09104837,00695,00409,0417130412,大栄牧場,大栄牧場,キングヘイロー,ニシノコマチ,Miswaki,鹿毛,090327,   34.0,  ,    , 0.0
17,05,06,1,新潟,3,05,未勝利,7,芝,0,1400,稍,ディランフィールド,牡,3,石橋脩,56.0,16,01,13,13,0,1.6,7,85.4,"1254",0,0,0,10,10,37.2,478,浜田多実,栗,0,14106150,01077,01138,0417130501,大野照旺,ノーザンファーム,ディープブリランテ,マザーウェル,シンボリクリスエス,鹿毛,140205,   15.4,  ,    ,47.2
17,05,06,1,新潟,3,05,未勝利,7,芝,0,1400,稍,ワンオブクインズ  ,牝,3,木幡初也,52.0,16,02,1,1,0,0,2,83.8,"1238",0,0,0,1,1,36.6,462,谷原義明,美,500,14105095,01153,00402,0417130502,平岡茂樹,へいはた牧場,ソングオブウインド,レナリッチ,ムタファーウエク,鹿毛,140327,    5.2,  ,    ,46.7
17,05,06,1,新潟,3,05,未勝利,7,芝,0,1400,稍,サンマルペンダント,牝,3,竹之下智,54.0,16,03,9,9,0,0.7,15,84.5,"1245",0,0,0,12,12,36,420,千田輝彦,栗,0,14103147,01036,01120,0417130503,相馬勇,木戸口牧場,トビーズコーナー,ホクトペンダント,パークリージエント,栗毛,140528,  146.1,  ,    ,51.0
17,05,06,1,新潟,3,05,未勝利,7,芝,0,1400,稍,ビージュノー      ,牝,3,和田翼,53.0,16,04,8,8,0,0.5,9,84.3,"1243",0,0,0,3,3,36.8,392,斉藤崇史,栗,0,14101764,01146,01151,0417130504,馬場祥晃,オリオンファーム,ファルブラヴ,イブニングスカイ,ハーツクライ,鹿毛,140417,   28.9,  ,    ,46.8
17,05,06,1,新潟,3,05,未勝利,7,芝,0,1400,稍,リープリッヒターゲ,牝,3,菱田裕二,54.0,16,05,10,10,0,0.7,6,84.5,"1245",0,0,0,11,10,36.1,460,堀井雅広,美,0,14104079,01144,00436,0417130505,藤田在子,天羽禮治,シベリアンホーク,ビーラヴリー,Johannesburg,青毛,140330,   11.2,  ,    ,50.6
17,05,06,1,新潟,3,05,未勝利,7,芝,0,1400,稍,サトノガガ        ,牝,3,井上敏樹,52.0,16,06,15,15,0,3,14,86.8,"1268",0,0,0,15,15,37.3,460,新開幸一,美,0,14104813,01151,01116,0417130506,里見治,千代田牧場,ダイワメジャー,リーサムガガ,"Giant's Causeway",栗毛,140414,   86.4,  ,    ,49.5
17,05,06,1,新潟,3,05,未勝利,7,芝,0,1400,稍,ピティヴィエ      ,セ,3,勝浦正樹,56.0,16,07,6,6,0,0.2,12,84,"1240",0,0,0,5,5,36.4,440,南田美知,美,0,14101881,01025,00437,0417130507,伊達敏明,サンシャイン牧場,スクリーンヒーロー,オルレアン,アフリート,栗毛,140417,   61.8,  ,    ,48.1
17,05,06,1,新潟,3,05,未勝利,7,芝,0,1400,稍,スリーソードシチー,牡,3,藤岡康太,56.0,16,08,11,11,0,0.7,10,84.5,"1245",0,0,0,14,13,35.7,410,北出成人,栗,0,14101376,01116,01078,0417130508,友駿ホースクラブ,三石ファーム,デュランダル,スリーキュート,トワイニング,黒鹿,140408,   38.9,  ,    ,52.5
17,05,06,1,新潟,3,05,未勝利,7,芝,0,1400,稍,スペランツァ      ,牝,3,吉田隼人,54.0,16,09,7,7,0,0.4,3,84.2,"1242",0,0,0,7,7,36.3,486,小笠倫弘,美,0,14105113,01095,01076,0417130509,伴仁,前谷武志,リーチザクラウン,テディベア,ドクターデヴィアス,青毛,140422,    5.3,  ,    ,49.0
17,05,06,1,新潟,3,05,未勝利,7,芝,0,1400,稍,パンドラフォンテン,牝,3,木幡巧也,53.0,16,10,4,4,0,0.1,4,83.9,"1239",0,0,0,2,2,36.5,448,高橋裕,美,75,14101648,01162,00412,0417130510,吉橋興生,新井弘幸,アドマイヤジャパン,バーデンフォンテン,サクラバクシンオー,栗毛,140421,    5.4,  ,    ,47.4
17,05,06,1,新潟,3,05,未勝利,7,芝,0,1400,稍,ラヴィソント      ,牝,3,的場勇人,54.0,16,11,3,3,0,0.1,8,83.9,"1239",0,0,0,3,3,36.4,424,加藤和宏,美,130,14104251,01108,01077,0417130511,岡田壮史,岡田スタツド,マツリダゴッホ,エリモジェンヌ,ブライアンズタイム,鹿毛,140504,   15.8,  ,    ,47.9
17,05,06,1,新潟,3,05,未勝利,7,芝,0,1400,稍,ファイブフォース  ,牝,3,坂井瑠星,52.0,16,12,5,5,0,0.1,1,83.9,"1239",0,0,0,5,5,36.2,466,栗田徹,美,50,14103453,01163,01127,0417130512,サンライズ,日本中央競馬会日高,アルデバラン2,バクシンスクリーン,サクラバクシンオー,鹿毛,140413,    4.2,  ,    ,48.8
17,05,06,1,新潟,3,05,未勝利,7,芝,0,1400,稍,スリーオリジン    ,牝,3,太宰啓介,54.0,16,13,12,12,0,1.4,11,85.2,"1252",0,0,0,12,13,36.7,400,加藤敬二,栗,0,14103460,01037,00379,0417130513,永井商事,信岡牧場,スズカフェニックス,スリーオーシャン,オペラハウス,芦毛,140328,   50.4,  ,    ,49.1
17,05,06,1,新潟,3,05,未勝利,7,芝,0,1400,稍,マサノハヤテ      ,牡,3,中井裕二,56.0,16,14,0,0,3,999.9,0,0,"----",0,0,0,0,0,0,484,加用正,栗,0,14100967,01141,00425,0417130514,猪野毛雅人,猪野毛牧場,エンパイアメーカー,サラトガヴィーナス,ブライアンズタイム,黒鹿,140430,    0.0,  ,    , 0.0
17,05,06,1,新潟,3,05,未勝利,7,芝,0,1400,稍,ヒロノランマン    ,牡,3,小崎綾也,55.0,16,15,14,14,0,2.1,13,85.9,"1259",0,0,0,7,9,37.9,498,寺島良,栗,0,14103021,01152,01158,0417130515,サンエイ開発,浦河小林牧場,タイムパラドックス,ヒカルカグヤヒメ,ダンスインザダーク,栗毛,140418,   80.3,  ,    ,45.0
17,05,06,1,新潟,3,05,未勝利,7,芝,0,1400,稍,ヤマニンシーベリー,牝,3,黛弘人,54.0,16,16,2,2,0,0,5,83.8,"1238",0,0,0,7,7,35.8,428,黒岩陽一,美,200,14100557,01109,01133,0417130516,土井肇,錦岡牧場,ヴィクトワールピサ,ヤマニンギモーヴ,アグネスデジタル,栗毛,140122,    8.9,  ,    ,50.6
17,05,06,1,新潟,3,06,未勝利,7,芝,0,2400,稍,マイネルパロサント,牡,3,丹内祐次,56.0,16,01,14,14,0,2.8,9,154.8,"2348",0,12,13,7,7,39.1,480,中野栄治,美,0,14110004,01091,01010,0417130601,サラブレッドクラブ,"Lynch Bages Ltd",Excelebration,"Inca Wood","Timber Country",青鹿,140318,   39.0,  ,    ,48.6
17,05,06,1,新潟,3,06,未勝利,7,芝,0,2400,稍,タガノヤグラ      ,牡,3,藤懸貴志,56.0,16,02,3,3,0,1.1,7,153.1,"2331",0,12,12,10,7,37.2,442,千田輝彦,栗,130,14100523,01138,01120,0417130602,八木良司,新冠タガノファーム,カンパニー,ワイルドエキサイト,ダンスインザダーク,栗毛,140501,   36.5,  ,    ,53.9
17,05,06,1,新潟,3,06,未勝利,7,芝,0,2400,稍,ブリージーメイ    ,牝,3,木幡初也,52.0,16,03,2,2,0,0.7,5,152.7,"2327",0,9,8,5,6,37.3,412,伊藤伸一,美,200,14100367,01153,01031,0417130603,冨沢敦子,武田牧場,ディープブリランテ,スターオブアフリカ,Johannesburg,鹿毛,140510,   22.4,  ,    ,53.1
17,05,06,1,新潟,3,06,未勝利,7,芝,0,2400,稍,アドマイヤジョラス,牡,3,藤岡康太,56.0,16,04,5,5,0,1.2,2,153.2,"2332",0,5,3,3,2,37.9,476,梅田智之,栗,50,14106447,01116,01084,0417130604,近藤旬子,ノーザンファーム,ディープインパクト,アドマイヤカンナ,ブライアンズタイム,黒鹿,140121,    3.0,  ,    ,51.4
17,05,06,1,新潟,3,06,未勝利,7,芝,0,2400,稍,マイネルシルバリー,牡,3,木幡巧也,55.0,16,05,4,4,0,1.2,6,153.2,"2332",0,8,8,7,7,37.6,500,宮徹,栗,75,14104426,01162,01018,0417130605,杉浦和也,グランド牧場,メイショウサムソン,スズカカラーズ,サンデーサイレンス,芦毛,140426,   23.3,  ,    ,52.5
17,05,06,1,新潟,3,06,未勝利,7,芝,0,2400,稍,ハリウッドレーヴ  ,牡,3,坂井瑠星,54.0,16,06,6,6,0,1.8,8,153.8,"2338",0,12,13,15,12,37.5,430,中村均,栗,0,14100809,01163,00261,0417130606,ノルマンディーサラ,的場牧場,ロージズインメイ,ハリウッドレビュー,ノーザンテースト,鹿毛,140515,   38.3,  ,    ,53.4
17,05,06,1,新潟,3,06,未勝利,7,芝,0,2400,稍,ベリンダジーク    ,牝,3,菱田裕二,54.0,16,07,11,11,0,2.6,14,154.6,"2346",0,5,5,10,10,38.6,498,浜田多実,栗,0,14105055,01144,01138,0417130607,フジワラ・ファーム,フジワラフアーム,ハービンジャー,プロフェシーライツ,アフリート,黒鹿,140314,  117.5,  ,    ,50.2
17,05,06,1,新潟,3,06,未勝利,7,芝,0,2400,稍,バックナンバー    ,牡,3,太宰啓介,56.0,16,08,12,12,0,2.7,15,154.7,"2347",0,15,15,13,14,38.6,450,佐々木晶,栗,0,14106366,01037,00429,0417130608,三宅勝俊,昭和牧場,ロージズインメイ,ペレブラッサム,ダンシングブレーヴ,青鹿,140502,  128.8,  ,    ,50.3
17,05,06,1,新潟,3,06,未勝利,7,芝,0,2400,稍,ヘラクレスバイオ  ,牡,3,黛弘人,56.0,16,09,8,8,0,2.1,10,154.1,"2341",0,9,10,9,10,38.3,440,奥平雅士,美,0,14101596,01109,01074,0417130609,バイオ,清水牧場,キングズベスト,アイドルバイオ,ディープインパクト,黒鹿,140220,   40.9,  ,    ,50.8
17,05,06,1,新潟,3,06,未勝利,7,芝,0,2400,稍,シャトウチョウサン,牝,3,石神深一,54.0,16,10,9,9,0,2.1,16,154.1,"2341",0,15,15,13,12,37.9,446,和田正一,美,0,14101544,01059,01114,0417130610,チョウサン,坂東牧場,ステイゴールド,シャドウシルエット,シンボリクリスエス,鹿毛,140405,  130.8,  ,    ,52.2
17,05,06,1,新潟,3,06,未勝利,7,芝,0,2400,稍,ダンツプラズマ    ,牡,3,川又賢治,53.0,16,11,10,10,0,2.4,12,154.4,"2344",0,2,3,3,4,39.1,474,山内研二,栗,0,14102757,01166,00388,0417130611,山元哲二,大川牧場,スウィフトカレント,ブランフィル,アフリート,黒鹿,140412,   77.7,  ,    ,48.3
17,05,06,1,新潟,3,06,未勝利,7,芝,0,2400,稍,ウィズザウインド  ,牡,3,石橋脩,56.0,16,12,0,0,4,999.9,4,0,"----",0,5,5,0,0,0,502,国枝栄,美,0,14105272,01077,00399,0417130612,街風隆雄,追分ファーム,ハービンジャー,スカイトラベラー,ディープインパクト,鹿毛,140215,   18.3,  ,    , 0.0
17,05,06,1,新潟,3,06,未勝利,7,芝,0,2400,稍,パサデナ          ,牡,3,勝浦正樹,56.0,16,13,7,7,0,1.9,3,153.9,"2339",0,9,10,5,4,38.5,514,伊藤大士,美,0,14102686,01025,01109,0417130613,前原敏行,チャンピオンズファ,マンハッタンカフェ,パサパ,キングカメハメハ,青鹿,140415,   13.2,  ,    ,49.9
17,05,06,1,新潟,3,06,未勝利,7,芝,0,2400,稍,コンボルド        ,牡,3,吉田隼人,56.0,16,14,1,1,0,-0.7,1,152,"2320",0,3,2,1,1,36.9,442,中川公成,美,500,14105688,01095,01081,0417130614,金山敏也,社台ファーム,コンデュイット,ボルドグザグ,Layman,芦毛,140417,    1.8,  ,    ,54.0
17,05,06,1,新潟,3,06,未勝利,7,芝,0,2400,稍,メイショウマモン  ,牡,3,秋山真一,56.0,16,15,15,15,0,4.7,13,156.7,"2367",0,1,1,2,2,41.6,490,岡田稲男,栗,0,14102990,01019,01066,0417130615,松本好雄,赤田牧場,ワークフォース,メイショウナナボシ,サクラバクシンオー,鹿毛,140304,  102.0,  ,    ,42.2
17,05,06,1,新潟,3,06,未勝利,7,芝,0,2400,稍,ステッドファスト  ,牡,3,鮫島克駿,55.0,16,16,13,13,0,2.7,11,154.7,"2347",0,3,5,10,14,38.7,542,高野友和,栗,0,14106071,01157,01117,0417130616,キャロットファーム,ノーザンファーム,ディープインパクト,パーシステントリー,"Smoke Glacken",黒鹿,140501,   42.4,  ,    ,49.9
17,05,06,1,新潟,3,07,500万下・牝,23,ダ,1,1200,稍,スワニルダ        ,牝,4,藤岡康太,55.0,15,01,5,5,0,0.5,8,72.6,"1126",0,0,0,11,11,37.5,454,千田輝彦,栗,75,13104955,01116,01120,0417130701,服部統祥,チャンピオンズファ,クロフネ,オールザヴォーグ,ネオユニヴァース,芦毛,130418,   23.3,  ,    ,43.6
17,05,06,1,新潟,3,07,500万下・牝,23,ダ,1,1200,稍,ラブターボ        ,牝,4,藤田菜七,52.0,15,02,2,2,0,0.1,4,72.2,"1122",0,0,0,4,4,37.8,428,竹内正洋,美,300,13104632,01164,01152,0417130702,田頭勇貴,西村和夫,スクリーンヒーロー,コンドルウイング,エルコンドルパサー,鹿毛,130518,   11.5,  ,    ,41.0
17,05,06,1,新潟,3,07,500万下・牝,23,ダ,1,1200,稍,グリーンバシリスク,牝,4,吉田隼人,55.0,15,03,8,8,0,0.9,6,73,"1130",0,0,0,10,9,38.1,460,武井亮,美,0,13102061,01095,01147,0417130703,石瀬浩三,ムラカミファーム,サウスヴィグラス,ユーワオトメ,ナリタブライアン,栗毛,130307,   13.4,  ,    ,41.6
17,05,06,1,新潟,3,07,500万下・牝,23,ダ,1,1200,稍,ニケトップラン    ,牝,4,黛弘人,55.0,15,04,11,11,0,1.8,15,73.9,"1139",0,0,0,6,6,39.3,464,池上昌和,美,0,13100099,01109,01150,0417130704,島川隆哉,エスティファーム,トーセンファントム,トーセントップラン,ジャングルポケット,鹿毛,130524,   87.5,  ,    ,38.0
17,05,06,1,新潟,3,07,500万下・牝,23,ダ,1,1200,稍,ノーフェイト      ,牝,5,石橋脩,55.0,15,05,6,6,0,0.6,13,72.7,"1127",0,0,0,13,12,37,466,栗田徹,美,0,12105903,01077,01127,0417130705,ディアレストクラブ,小島牧場,サムライハート,ビットオブファット,エンドスウィープ,栗毛,120424,   64.8,  ,    ,46.5
17,05,06,1,新潟,3,07,500万下・牝,23,ダ,1,1200,稍,ナミノリゴリラ    ,牝,5,井上敏樹,53.0,15,06,1,1,0,-0.1,2,72.1,"1121",0,0,0,1,1,38.2,478,高橋祥泰,美,750,12101124,01151,00359,0417130706,小田切光,大江牧場,スウェプトオーヴァーボード,アドマイヤバレー,サンデーサイレンス,黒鹿,120509,    7.2,  ,    ,38.7
17,05,06,1,新潟,3,07,500万下・牝,23,ダ,1,1200,稍,ノースメイジャイ  ,牝,5,坂井瑠星,53.0,15,07,9,9,0,1.5,9,73.6,"1136",0,0,0,13,13,38,492,森田直行,栗,0,12106079,01163,01142,0417130707,吉澤克己,藤春修二,プリサイスエンド,ハルカナルタビジ,サクラユタカオー,鹿毛,120322,   30.6,  ,    ,43.7
17,05,06,1,新潟,3,07,500万下・牝,23,ダ,1,1200,稍,トキワ            ,牝,5,木幡巧也,54.0,15,08,4,4,0,0.2,5,72.3,"1123",0,0,0,3,3,38,470,西村真幸,栗,110,12102200,01162,01148,0417130708,田畑利彦,上村清志,エンパイアメーカー,ルナジェーナ,フォーティナイナー,鹿毛,120324,   11.5,  ,    ,40.3
17,05,06,1,新潟,3,07,500万下・牝,23,ダ,1,1200,稍,グラディス        ,牝,5,伴啓太,53.0,15,09,10,10,0,1.6,3,73.7,"1137",0,0,0,12,13,38.2,494,粕谷昌央,美,0,12105460,01149,01096,0417130709,日進牧場,日進牧場,スタチューオブリバティ,イソシギ,タイキシャトル,鹿毛,120312,   10.5,  ,    ,42.9
17,05,06,1,新潟,3,07,500万下・牝,23,ダ,1,1200,稍,ペイルブルードット,牝,4,勝浦正樹,55.0,15,10,12,12,0,1.8,14,73.9,"1139",0,0,0,13,15,38.3,444,二ノ宮敬,美,0,13104507,01025,00409,0417130710,飯田正剛,千代田牧場,ネオユニヴァース,フェミニンガール,Kingmambo,栗毛,130124,   86.6,  ,    ,43.0
17,05,06,1,新潟,3,07,500万下・牝,23,ダ,1,1200,稍,ミッキーオフィサー,牝,4,横山武史,52.0,15,11,3,3,0,0.1,7,72.2,"1122",0,0,0,2,2,38.1,444,萩原清,美,190,13105546,01170,01017,0417130711,野田みづき,社台コーポレーショ,ダノンシャンティ,チーフオフィサー2,Officer,鹿毛,130311,   15.5,  ,    ,39.5
17,05,06,1,新潟,3,07,500万下・牝,23,ダ,1,1200,稍,ロイヤルフレア    ,牝,4,丸山元気,55.0,15,12,15,15,0,2.8,11,74.9,"1149",0,0,0,6,6,40.4,446,金成貴史,美,0,13105630,01127,01132,0417130712,片山晃,社台ファーム,フレンチデピュティ,ヘヴンリークルーズ,ファルブラヴ,鹿毛,130316,   38.6,  ,    ,35.4
17,05,06,1,新潟,3,07,500万下・牝,23,ダ,1,1200,稍,サンマルメジャール,牝,5,加藤祥太,54.0,15,13,7,7,0,0.8,10,72.9,"1129",0,0,0,6,6,38.4,450,山内研二,栗,0,12105194,01156,00388,0417130713,相馬勇,木戸口牧場,カネヒキリ,マサノメジャー,シンボリクリスエス,鹿毛,120206,   32.0,  ,    ,39.8
17,05,06,1,新潟,3,07,500万下・牝,23,ダ,1,1200,稍,ヴィクトリアマンボ,牝,4,小崎綾也,54.0,15,14,14,14,0,2.4,1,74.5,"1145",0,0,0,4,4,40.1,452,小崎憲,栗,0,13105664,01152,01085,0417130714,キャロットファーム,社台ファーム,ヴィクトワールピサ,マンボスルー,Kingmambo,青鹿,130413,    1.9,  ,    ,35.8
17,05,06,1,新潟,3,07,500万下・牝,23,ダ,1,1200,稍,ペイシャスナッチ  ,牝,4,木幡初也,53.0,15,15,13,13,0,1.9,12,74,"1140",0,0,0,9,9,39.2,486,高橋裕,美,0,13102794,01153,00412,0417130715,北所直人,梅田牧場,バトルプラン,ナンヨーウエスト,コマンダーインチーフ,鹿毛,130326,   59.9,  ,    ,38.8
17,05,06,1,新潟,3,08,500万下・若,23,ダ,1,1800,重,アンリキャトル    ,セ,6,木幡初也,55.0,15,01,4,4,0,1.8,8,114.5,"1545",0,11,11,6,6,38.2,458,古賀慎明,美,110,11104443,01153,01079,0417130801,村野康司,社台ファーム,ネオユニヴァース,マンボスルー,Kingmambo,黒鹿,110218,   33.1,  ,    ,49.9
17,05,06,1,新潟,3,08,500万下・若,23,ダ,1,1800,重,シフォンカール    ,牝,4,井上敏樹,53.0,15,02,9,9,0,2.6,10,115.3,"1553",0,8,8,9,9,38.9,450,奥平雅士,美,0,13105835,01151,01074,0417130802,シルクレーシング,ノーザンファーム,クロフネ,カールファターレ,キングカメハメハ,芦毛,130124,   53.2,  ,    ,48.2
17,05,06,1,新潟,3,08,500万下・若,23,ダ,1,1800,重,コーディネーター  ,牡,4,横山武史,54.0,15,03,15,15,0,4.9,13,117.6,"1576",0,3,4,3,5,41.5,496,鈴木孝志,栗,0,13101513,01170,01111,0417130803,岡浩二,スカイビーチステー,クロフネ,クロンヌドール,アグネスタキオン,栗毛,130404,  117.5,  ,    ,41.7
17,05,06,1,新潟,3,08,500万下・若,23,ダ,1,1800,重,サンペドロ        ,牡,4,木幡巧也,56.0,15,04,7,7,0,2.1,4,114.8,"1548",0,6,6,6,6,38.5,466,田村康仁,美,0,13100915,01162,01027,0417130804,ディアレストクラブ,豊洋牧場,カネヒキリ,ハイセンスガール,サクラバクシンオー,栗毛,130226,    8.7,  ,    ,49.1
17,05,06,1,新潟,3,08,500万下・若,23,ダ,1,1800,重,ギンザマトリックス,牡,4,坂井瑠星,55.0,15,05,6,6,0,2.1,9,114.8,"1548",0,12,13,15,15,37.8,436,水野貴広,美,0,13102907,01163,01094,0417130805,有馬博文,高昭牧場,ジャングルポケット,ギンザクイーンビー,フレンチデピュティ,栗毛,130408,   44.0,  ,    ,51.9
17,05,06,1,新潟,3,08,500万下・若,23,ダ,1,1800,重,サトノメダリスト  ,牡,5,小崎綾也,56.0,15,06,5,5,0,2,1,114.7,"1547",0,3,2,3,3,38.7,522,藤原英昭,栗,75,12101363,01152,01055,0417130806,里見治,下河辺牧場,ゼンノロブロイ,ハニーローズ,Lode,黒鹿,120411,    3.0,  ,    ,48.2
17,05,06,1,新潟,3,08,500万下・若,23,ダ,1,1800,重,クリノプラハ      ,牡,4,藤懸貴志,57.0,15,07,8,8,0,2.6,12,115.3,"1553",0,14,14,12,14,38.6,524,谷潔,栗,0,13100430,01138,00431,0417130807,栗本博晴,白井牧場,キンシャサノキセキ,ポップコーンプリンセス,"Old Trieste",鹿毛,130519,  101.4,  ,    ,49.4
17,05,06,1,新潟,3,08,500万下・若,23,ダ,1,1800,重,コパノアラジン    ,牡,4,藤田菜七,54.0,15,08,1,1,0,-0.7,5,112.7,"1527",0,2,2,2,1,37.1,512,田所秀孝,栗,750,13103900,01164,01009,0417130808,小林祥晃,伊藤敏明,マーベラスサンデー,スパイオブラヴ,フレンチデピュティ,栗毛,130408,   10.7,  ,    ,51.9
17,05,06,1,新潟,3,08,500万下・若,23,ダ,1,1800,重,サンライズウィズ  ,牡,4,和田翼,56.0,15,09,2,2,0,0.7,3,113.4,"1534",0,1,1,1,2,37.8,484,河内洋,栗,300,13103232,01146,01072,0417130809,松岡隆雄,浦河小林牧場,サンライズペガサス,フォローミー,クロフネ,鹿毛,130327,    4.9,  ,    ,50.0
17,05,06,1,新潟,3,08,500万下・若,23,ダ,1,1800,重,シップーコウライ  ,牡,5,鮫島克駿,56.0,15,10,3,3,0,1.7,2,114.4,"1544",0,7,6,3,3,38.4,478,野中賢二,栗,190,12103076,01157,01098,0417130810,ヌデ嶋孝司,田中裕之,バゴ,タフネススター,ラグビーボール,栗毛,120407,    3.2,  ,    ,49.0
17,05,06,1,新潟,3,08,500万下・若,23,ダ,1,1800,重,ダッシングブルー  ,牡,5,伴啓太,55.0,15,11,10,10,0,3.3,11,116,"1560",0,15,15,12,11,39.3,504,蛯名利弘,美,0,12106148,01149,01131,0417130811,YGGホースクラブ,川上牧場,ストーミングホーム,ピスタチオ,ホワイトマズル,黒鹿,120523,   59.8,  ,    ,47.6
17,05,06,1,新潟,3,08,500万下・若,23,ダ,1,1800,重,ワールドリースター,牡,5,加藤祥太,56.0,15,12,11,11,0,3.6,6,116.3,"1563",0,12,11,6,6,40,468,渡辺薫彦,栗,0,12104087,01156,01155,0417130812,サンデーレーシング,社台コーポレーショ,"Admire Don",ワールドリープレジャー,"Devil His Due",鹿毛,120303,   22.4,  ,    ,45.4
17,05,06,1,新潟,3,08,500万下・若,23,ダ,1,1800,重,メイショウダッサイ,牡,4,義英真,56.0,15,13,12,12,0,3.6,7,116.3,"1563",0,3,4,9,11,39.8,496,飯田祐史,栗,0,13104138,01155,01139,0417130813,松本好雄,グランド牧場,スズカマンボ,スズカブルーム,スキャターザゴールド,黒鹿,130408,   28.0,  ,    ,46.1
17,05,06,1,新潟,3,08,500万下・若,23,ダ,1,1800,重,リネンソング      ,牡,4,中井裕二,57.0,15,14,13,13,0,4,15,116.7,"1567",0,9,8,11,9,40.1,470,加藤和宏,美,0,13102344,01141,01077,0417130814,戸山光男,嶋田牧場,ソングオブウインド,リネンエンプティ,"Native Prospector",黒鹿,130303,  156.9,  ,    ,45.5
17,05,06,1,新潟,3,08,500万下・若,23,ダ,1,1800,重,ナンベーサン      ,牡,4,原田和真,57.0,15,15,14,14,0,4.1,14,116.8,"1568",0,9,8,12,11,40.1,500,伊藤大士,美,0,13100005,01143,01109,0417130815,宮原廣伸,アイズスタッド,スウェプトオーヴァーボード,グロッタアズーラ,フジキセキ,芦毛,130317,  121.6,  ,    ,45.6
17,05,06,1,新潟,3,09,500万下,23,芝,8,2000,重,イタリアンフェッテ,牝,6,小崎綾也,54.0,15,01,13,13,0,1.5,12,124.7,"2047",0,0,0,13,12,36,424,中野栄治,美,0,11101086,01152,01010,0417130901,芳賀克也,高橋啓,ヨハネスブルグ,インカルネ,フレンチデピュティ,鹿毛,110115,  134.1,  ,    ,55.6
17,05,06,1,新潟,3,09,500万下,23,芝,8,2000,重,アルマレイモミ    ,牝,4,坂井瑠星,53.0,15,02,4,4,0,0.2,8,123.4,"2034",0,0,0,4,4,35.5,452,西浦勝一,栗,110,13102171,01163,01016,0417130902,コウトミックレーシ,須崎牧場,"Uncle Mo",マリブウィン,"Malibu Moon",鹿毛,130209,   23.2,  ,    ,56.1
17,05,06,1,新潟,3,09,500万下,23,芝,8,2000,重,キングナポレオン  ,セ,6,秋山真一,57.0,15,03,9,9,0,0.7,9,123.9,"2039",0,0,0,1,1,36.2,484,矢作芳人,栗,0,11103738,01019,01075,0417130903,田畑利彦,ノーザンファーム,ディープインパクト,アイルドフランス,Nureyev,黒鹿,110330,   24.7,  ,    ,53.8
17,05,06,1,新潟,3,09,500万下,23,芝,8,2000,重,メイショウフェイク,牡,5,横山和生,57.0,15,04,2,2,0,0,5,123.2,"2032",0,0,0,6,6,35,504,奥平雅士,美,300,12104825,01140,01074,0417130904,内田玄祥,ノーザンファーム,メイショウサムソン,ペルヴィアンリリー,フレンチデピュティ,鹿毛,120210,   10.0,  ,    ,58.0
17,05,06,1,新潟,3,09,500万下,23,芝,8,2000,重,ジェムラッシュ    ,牡,4,杉原誠人,57.0,15,05,15,15,0,3.8,15,127,"2070",0,0,0,15,15,38,538,小島茂之,美,0,13101303,01135,01068,0417130905,西見徹也,大狩部牧場,タイキシャトル,ティファニージェム,マンハッタンカフェ,栗毛,130502,  220.2,  ,    ,50.4
17,05,06,1,新潟,3,09,500万下,23,芝,8,2000,重,ファントムグレイ  ,牡,4,木幡巧也,56.0,15,06,5,5,0,0.4,14,123.6,"2036",0,0,0,5,4,35.6,434,杉浦宏昭,美,75,13100376,01162,01008,0417130906,山岸桂市,下河辺牧場,クロフネ,ブリッツフィナーレ,ディープインパクト,芦毛,130405,  162.9,  ,    ,55.9
17,05,06,1,新潟,3,09,500万下,23,芝,8,2000,重,エックスマス      ,牡,4,石橋脩,57.0,15,07,11,11,0,1.1,6,124.3,"2043",0,0,0,2,2,36.5,484,斎藤誠,美,0,13106058,01077,01086,0417130907,小田吉男,ノーザンファーム,メイショウサムソン,ブリトマルティス,スペシャルウィーク,鹿毛,130413,   12.9,  ,    ,53.1
17,05,06,1,新潟,3,09,500万下,23,芝,8,2000,重,コスモアルヘナ    ,牡,5,丹内祐次,57.0,15,08,7,7,0,0.4,11,123.6,"2036",0,0,0,10,10,35.2,486,武市康男,美,0,12106250,01091,01089,0417130908,ビッグレッドファー,昭和牧場,キンシャサノキセキ,アサンブラージュ,タイキシャトル,青鹿,120430,   49.1,  ,    ,57.6
17,05,06,1,新潟,3,09,500万下,23,芝,8,2000,重,フォルゴラーレ    ,牝,5,木幡初也,53.0,15,09,12,12,0,1.4,13,124.6,"2046",0,0,0,11,14,35.9,496,天間昭一,美,0,12101980,01153,01090,0417130909,藤田孟司,モリナガファーム,ハーツクライ,イリデ,"Indian Charlie",黒鹿,120413,  152.3,  ,    ,55.9
17,05,06,1,新潟,3,09,500万下,23,芝,8,2000,重,トーホウスペンサー,牡,5,吉田隼人,57.0,15,10,6,6,0,0.4,3,123.6,"2036",0,0,0,8,8,35.4,486,田中清隆,美,0,12102985,01095,00408,0417130910,東豊物産,静内フジカワ牧場,ジャングルポケット,トーホウアモーレ,アグネスタキオン,黒鹿,120510,    5.5,  ,    ,56.8
17,05,06,1,新潟,3,09,500万下,23,芝,8,2000,重,レッドグルック    ,牡,6,勝浦正樹,57.0,15,11,14,14,0,1.7,10,124.9,"2049",0,0,0,13,12,36.6,492,手塚貴久,美,0,11104222,01025,01038,0417130911,東京ホースレーシン,社台ファーム,メイショウサムソン,クラシカルテースト,サンデーサイレンス,鹿毛,110426,   44.6,  ,    ,53.4
17,05,06,1,新潟,3,09,500万下,23,芝,8,2000,重,マコトギンスバーグ,牡,5,井上敏樹,55.0,15,12,8,8,0,0.5,7,123.7,"2037",0,0,0,11,11,35.3,466,尾形充弘,美,0,12102024,01151,00349,0417130912,ディアマント,ヤナガワ牧場,キングカメハメハ,マコトスズラン,サンデーサイレンス,鹿毛,120527,   14.0,  ,    ,57.3
17,05,06,1,新潟,3,09,500万下,23,芝,8,2000,重,ラウレアブルーム  ,牡,5,加藤祥太,56.0,15,13,10,10,0,0.7,4,123.9,"2039",0,0,0,3,3,36,506,山内研二,栗,0,12101971,01156,00388,0417130913,横瀬兼二,メイプルファーム,ハーツクライ,タヤスブルーム,Caerleon,鹿毛,120217,    8.2,  ,    ,54.6
17,05,06,1,新潟,3,09,500万下,23,芝,8,2000,重,アドマイヤスター  ,牡,5,藤岡康太,57.0,15,14,3,3,0,0.1,2,123.3,"2033",0,0,0,6,6,35.3,496,友道康夫,栗,190,12104517,01116,01061,0417130914,近藤利一,ノーザンファーム,ディープインパクト,アドマイヤマリン,クロフネ,青鹿,120225,    4.2,  ,    ,56.8
17,05,06,1,新潟,3,09,500万下,23,芝,8,2000,重,ピンクブーケ      ,牝,5,丸山元気,55.0,15,15,1,1,0,0,1,123.2,"2032",0,0,0,8,8,35,498,小西一男,美,750,12104773,01127,00405,0417130915,キャロットファーム,ノーザンファーム,メイショウサムソン,ピノシェット,"Storm Cat",鹿毛,120405,    3.1,  ,    ,58.0
17,05,06,1,新潟,3,10,わらび賞500*,23,ダ,1,1800,重,シルヴァーメテオ  ,牡,3,藤田菜七,56.0,15,01,10,10,0,2.2,12,116.2,"1562",0,15,15,14,14,40.5,472,畠山吉宏,美,0,14103590,01164,01048,0417131001,ライオンレースホー,宮内牧場,ゴールドアリュール,クールリーヴ,ブライアンズタイム,芦毛,140423,   25.8,  ,    ,43.5
17,05,06,1,新潟,3,10,わらび賞500*,23,ダ,1,1800,重,ブラヴォバンビーノ,牡,3,石橋脩,56.0,15,02,7,7,0,2.1,6,116.1,"1561",0,4,4,5,5,41.3,490,武藤善則,美,0,14101327,01077,01064,0417131002,シルクレーシング,前田ファーム,ファルブラヴ,ゴールドポイント,サンデーサイレンス,鹿毛,140407,   12.0,  ,    ,40.6
17,05,06,1,新潟,3,10,わらび賞500*,23,ダ,1,1800,重,ハヤブサナンデダロ,牡,3,吉田隼人,56.0,15,03,3,3,0,0.8,2,114.8,"1548",0,1,1,1,1,41.1,526,伊藤圭三,美,250,14104415,01095,01023,0417131003,武田修,グランド牧場,パイロ,グランドホイッスル,シアトルスズカ,鹿毛,140320,    6.1,  ,    ,39.7
17,05,06,1,新潟,3,10,わらび賞500*,23,ダ,1,1800,重,ロッキーバローズ  ,牡,3,坂井瑠星,56.0,15,04,8,8,0,2.2,1,116.2,"1562",0,2,2,3,3,42,514,矢作芳人,栗,0,14104982,01163,01075,0417131004,猪熊広次,服部牧場,マンハッタンカフェ,レディインディ,"A.P. Indy",鹿毛,140301,    3.5,  ,    ,38.3
17,05,06,1,新潟,3,10,わらび賞500*,23,ダ,1,1800,重,アルムチャレンジ  ,牡,3,古川吉洋,56.0,15,05,1,1,0,-0.2,7,114,"1540",0,12,11,7,7,39.1,488,川村禎彦,栗,1000,14100508,01015,01003,0417131005,崎川美枝子,新冠タガノファーム,シンボリクリスエス,タガノスティード,チーフベアハート,黒鹿,140404,   13.9,  ,    ,45.8
17,05,06,1,新潟,3,10,わらび賞500*,23,ダ,1,1800,重,ダノンオブザイヤー,牡,3,秋山真一,56.0,15,06,14,14,0,5.2,5,119.2,"1592",0,6,6,7,11,44.2,496,池江泰寿,栗,0,14104817,01019,01071,0417131006,ダノックス,千代田牧場,ディープインパクト,レディジョアン,Orientate,青鹿,140206,   12.0,  ,    ,34.8
17,05,06,1,新潟,3,10,わらび賞500*,23,ダ,1,1800,重,ロージズバード    ,牡,3,木幡初広,56.0,15,07,5,5,0,0.8,9,114.8,"1548",0,12,12,13,11,39.3,504,牧光二,美,100,14105144,00629,01106,0417131007,鈴木芳夫,松田牧場,ロージズインメイ,ドリーミングバード,フォーティナイナー,黒鹿,140404,   15.3,  ,    ,46.1
17,05,06,1,新潟,3,10,わらび賞500*,23,ダ,1,1800,重,リュミエールドール,牝,3,丸山元気,54.0,15,08,2,2,0,0.2,8,114.2,"1542",0,8,7,3,3,39.9,496,浜田多実,栗,400,14105336,01127,01138,0417131008,社台レースホース,社台コーポレーショ,ルーラーシップ,アルスノヴァ,ダンスインザダーク,鹿毛,140103,   14.8,  ,    ,43.1
17,05,06,1,新潟,3,10,わらび賞500*,23,ダ,1,1800,重,ララメダイユドール,牡,3,藤岡康太,56.0,15,09,9,9,0,2.2,3,116.2,"1562",0,2,3,2,2,42.2,510,今野貞一,栗,0,14103994,01116,01128,0417131009,フジイ興産,ヒダカフアーム,ゴールドアリュール,テイクザケイク,スキャン,鹿毛,140518,    6.2,  ,    ,37.7
17,05,06,1,新潟,3,10,わらび賞500*,23,ダ,1,1800,重,スペシャルホース  ,牡,3,加藤祥太,56.0,15,10,6,6,0,1.4,4,115.4,"1554",0,8,9,7,7,40.5,510,西橋豊治,栗,0,14103691,01156,00434,0417131010,田畑富子,梅田牧場,シンボリクリスエス,マリーンウィナー,フジキセキ,黒鹿,140414,   11.3,  ,    ,42.5
17,05,06,1,新潟,3,10,わらび賞500*,23,ダ,1,1800,重,テイエムアンムート,牝,3,和田翼,54.0,15,11,4,4,0,0.8,10,114.8,"1548",0,14,14,10,7,39.7,472,柴田光陽,栗,150,14102411,01146,00400,0417131011,竹園正繼,日高テイエム牧場,パイロ,フィフスアベニュー,マンハッタンカフェ,黒鹿,140605,   16.9,  ,    ,44.6
17,05,06,1,新潟,3,10,わらび賞500*,23,ダ,1,1800,重,ミスズバード      ,牡,3,鮫島克駿,56.0,15,12,12,12,0,3,15,117,"1570",0,11,13,15,15,41.1,470,加藤敬二,栗,0,14103359,01157,00379,0417131012,永井啓弍,辻牧場,サマーバード,スズカモンスーン,"More Than Ready",鹿毛,140425,  134.6,  ,    ,42.3
17,05,06,1,新潟,3,10,わらび賞500*,23,ダ,1,1800,重,トワードポラリス  ,牡,3,勝浦正樹,56.0,15,13,15,15,0,5.3,11,119.3,"1593",0,7,7,12,13,44.1,450,加藤征弘,美,0,14105601,01025,01059,0417131013,吉田照哉,社台ファーム,ダイワメジャー,ノヴァホーク,"Hawk Wing",黒鹿,140212,   24.6,  ,    ,35.3
17,05,06,1,新潟,3,10,わらび賞500*,23,ダ,1,1800,重,スプリングフット  ,牡,3,伴啓太,56.0,15,14,13,13,0,3.7,13,117.7,"1577",0,8,10,10,10,42.6,484,小桧山悟,美,0,14101710,01149,01005,0417131014,島川隆哉,エスティファーム,トーセンブライト,トーセンパピヨン,フジキセキ,鹿毛,140417,   26.9,  ,    ,38.1
17,05,06,1,新潟,3,10,わらび賞500*,23,ダ,1,1800,重,デジャブ          ,牡,3,井上敏樹,56.0,15,15,11,11,0,2.6,14,116.6,"1566",0,4,4,5,5,41.9,504,小笠倫弘,美,0,14103129,01151,01076,0417131015,平賀久枝,鎌田正嗣,バゴ,ヤサカシーズン,コマンダーインチーフ,黒鹿,140309,  129.7,  ,    ,39.1
17,05,06,1,新潟,3,11,駿風Ｓ1600,67,芝,0,1000,重,アースエンジェル  ,牝,5,吉田隼人,55.0,16,01,9,9,0,1.2,7,57.6,"0576",0,0,0,0,9,34.4,440,田中剛,美,0,12102852,01095,01119,0417131101,ヒダカ・ブリーダー,グランド牧場,キンシャサノキセキ,スズカエンジェル,"High Yield",青鹿,120505,   15.5,  ,    ,51.2
17,05,06,1,新潟,3,11,駿風Ｓ1600,67,芝,0,1000,重,メイショウハガクレ,牡,8,丹内祐次,57.0,16,02,13,13,0,1.7,15,58.1,"0581",0,0,0,0,5,35.1,476,荒川義之,栗,0,09101079,01091,01095,0417131102,松本好雄,高昭牧場,ジャングルポケット,アミロティン,"Gone West",鹿毛,090413,  130.9,  ,    ,48.3
17,05,06,1,新潟,3,11,駿風Ｓ1600,67,芝,0,1000,重,ヴァイサーリッター,牡,6,黛弘人,57.0,16,03,12,12,0,1.6,14,58,"0580",0,0,0,0,5,35,472,尾関知人,美,0,11104032,01109,01103,0417131103,グリーンファーム,ノーザンファーム,デュランダル,ブランシュネージュ,サクラバクシンオー,芦毛,110302,  108.5,  ,    ,48.6
17,05,06,1,新潟,3,11,駿風Ｓ1600,67,芝,0,1000,重,パイメイメイ      ,牝,6,秋山真一,55.0,16,04,10,10,0,1.3,12,57.7,"0577",0,0,0,0,9,34.5,488,鈴木伸尋,美,0,11104833,01019,01026,0417131104,西森鶴,隆栄牧場,ファルブラヴ,パイクーニャン,フレンチデピュティ,鹿毛,110409,   50.5,  ,    ,50.9
17,05,06,1,新潟,3,11,駿風Ｓ1600,67,芝,0,1000,重,メジャーフォルム  ,牝,5,加藤祥太,55.0,16,05,16,16,0,2.3,11,58.7,"0587",0,0,0,0,3,35.9,472,大江原哲,美,0,12104340,01156,01012,0417131105,社台レースホース,社台ファーム,ダイワメジャー,ビルアンドクー,ジェイドロバリー,栗毛,120506,   45.8,  ,    ,45.3
17,05,06,1,新潟,3,11,駿風Ｓ1600,67,芝,0,1000,重,タイセイラナキラ  ,牝,4,丸山元気,55.0,16,06,15,15,0,1.9,9,58.3,"0583",0,0,0,0,15,34.9,500,西村真幸,栗,0,13103144,01127,01148,0417131106,田中成奉,藤春修二,カネヒキリ,ヒビキウィン,エブロス,栗毛,130427,   28.2,  ,    ,50.6
17,05,06,1,新潟,3,11,駿風Ｓ1600,67,芝,0,1000,重,ラインミーティア  ,牡,7,西田雄一,57.0,16,07,4,4,0,0.5,5,56.9,"0569",0,0,0,0,13,33.6,472,水野貴広,美,270,10105298,01004,01094,0417131107,大澤繁昌,アラキフアーム,メイショウボーラー,アラマサフェアリー,オース,鹿毛,100226,    8.8,  ,    ,54.0
17,05,06,1,新潟,3,11,駿風Ｓ1600,67,芝,0,1000,重,ボンボンキャスト  ,牝,5,藤岡康太,55.0,16,08,11,11,0,1.3,10,57.7,"0577",0,0,0,0,5,34.7,500,大竹正博,美,0,12106035,01116,01102,0417131108,山科統,バンダム牧場,ゼンノロブロイ,リターンキャスト,ノーザンテースト,青鹿,120402,   29.3,  ,    ,49.4
17,05,06,1,新潟,3,11,駿風Ｓ1600,67,芝,0,1000,重,リバティーホール  ,牝,8,宮崎北斗,55.0,16,09,8,8,0,1,16,57.4,"0574",0,0,0,0,13,34.1,456,堀井雅広,美,0,09100706,01118,00436,0417131109,吉田好雄,林孝輝,ケイムホーム,ムーンライトソナタ,サクラバクシンオー,鹿毛,090330,  194.5,  ,    ,52.5
17,05,06,1,新潟,3,11,駿風Ｓ1600,67,芝,0,1000,重,ブライトチェリー  ,牝,7,勝浦正樹,55.0,16,10,7,7,0,0.7,8,57.1,"0571",0,0,0,0,4,34.2,482,菊川正達,美,0,10106163,01025,01052,0417131110,IHR,山岡ファーム,マイネルラヴ,エーピーモモ,ダンスインザダーク,芦毛,100320,   24.2,  ,    ,50.4
17,05,06,1,新潟,3,11,駿風Ｓ1600,67,芝,0,1000,重,クリノタカラチャン,牝,7,木幡初也,55.0,16,11,14,14,0,1.8,13,58.2,"0582",0,0,0,0,15,34.8,416,天間昭一,美,0,10102252,01153,01090,0417131111,栗本博晴,バンブー牧場,アドマイヤコジーン,バンビーナピノ,マンハッタンカフェ,黒鹿,100415,   93.5,  ,    ,50.9
17,05,06,1,新潟,3,11,駿風Ｓ1600,67,芝,0,1000,重,キーナンバー      ,牡,4,鮫島良太,57.0,16,12,6,6,0,0.5,6,56.9,"0569",0,0,0,0,9,33.7,508,宮徹,栗,0,13103167,01099,01018,0417131112,北前孔一郎,村下農場,デュランダル,キーポケット,デヒア,栗毛,130508,   12.8,  ,    ,53.3
17,05,06,1,新潟,3,11,駿風Ｓ1600,67,芝,0,1000,重,ダンシングワンダー,牝,5,中井裕二,55.0,16,13,5,5,0,0.5,1,56.9,"0569",0,0,0,0,5,33.9,474,中内田充,栗,182,12104264,01141,01137,0417131113,窪田康志,社台ファーム,グラスワンダー,スマーティーダンス,"Smarty Jones",栗毛,120408,    3.7,  ,    ,51.8
17,05,06,1,新潟,3,11,駿風Ｓ1600,67,芝,0,1000,重,イオラニ          ,セ,6,木幡巧也,57.0,16,14,2,2,0,0.3,2,56.7,"0567",0,0,0,0,1,34.3,482,栗田博憲,美,730,11101727,01162,00341,0417131114,ノルマンディーサラ,岡田スタツド,キングカメハメハ,オークルーム,ペンタイア,黒鹿,110414,    4.5,  ,    ,48.0
17,05,06,1,新潟,3,11,駿風Ｓ1600,67,芝,0,1000,重,プレイズエターナル,牡,7,石橋脩,57.0,16,15,1,1,0,-0.3,4,56.4,"0564",0,0,0,0,9,33.2,492,安田隆行,栗,1820,10100707,01077,00438,0417131115,H.H.シェイク・モハ,ダーレー・ジャパン,アドマイヤムーン,メイビーフォーエヴァー,Zafonic,黒鹿,100328,    7.6,  ,    ,54.8
17,05,06,1,新潟,3,11,駿風Ｓ1600,67,芝,0,1000,重,アレスバローズ    ,牡,5,菱田裕二,57.0,16,16,3,3,0,0.3,3,56.7,"0567",0,0,0,0,2,34.1,496,角田晃一,栗,460,12102017,01144,01121,0417131116,猪熊広次,ヤナガワ牧場,ディープインパクト,タイセイエトワール,トニービン,黒鹿,120514,    5.2,  ,    ,49.4
17,05,06,1,新潟,3,12,三条特別500,23,芝,8,1600,重,カレンオプシス    ,牝,5,菱田裕二,55.0,16,01,7,7,0,0.5,8,97.2,"1372",0,0,0,1,1,36.5,472,平田修,栗,0,12104775,01144,01082,0417131201,鈴木隆司,ノーザンファーム,サムライハート,ピラミマ,"Unbridled's Song",青鹿,120131,   13.1,  ,    ,49.8
17,05,06,1,新潟,3,12,三条特別500,23,芝,8,1600,重,トルセドール      ,牡,6,丸山元気,57.0,16,02,3,3,0,0,3,96.7,"1367",0,0,0,7,7,35.5,480,高柳瑞樹,美,260,11110086,01127,01118,0417131202,窪田芳郎,"Cloverleaf Farms I","Malibu Moon",Travelator,"A. P. Jet",鹿毛,110210,    8.3,  ,    ,53.4
17,05,06,1,新潟,3,12,三条特別500,23,芝,8,1600,重,プラトリーナ      ,牝,4,石橋脩,55.0,16,03,9,9,0,0.7,9,97.4,"1374",0,0,0,4,4,36.4,408,木村哲也,美,0,13106049,01077,01126,0417131203,サンデーレーシング,ノーザンファーム,ディープインパクト,フラニーフロイド,Freud,鹿毛,130201,   16.1,  ,    ,50.5
17,05,06,1,新潟,3,12,三条特別500,23,芝,8,1600,重,ヨカグラ          ,セ,4,藤岡康太,57.0,16,04,11,11,0,0.9,11,97.6,"1376",0,0,0,11,11,36.1,472,中竹和也,栗,0,13105539,01116,01039,0417131204,社台レースホース,社台ファーム,ハービンジャー,ダンスオールナイト,エルコンドルパサー,栗毛,130430,   31.8,  ,    ,52.2
17,05,06,1,新潟,3,12,三条特別500,23,芝,8,1600,重,ハリウッドクイーン,牝,4,丹内祐次,55.0,16,05,8,8,0,0.7,13,97.4,"1374",0,0,0,4,4,36.3,502,菊川正達,美,0,13104446,01091,01052,0417131205,飯田正剛,千代田牧場,スペシャルウィーク,エイムアットビップ,アグネスデジタル,鹿毛,130301,   77.9,  ,    ,51.0
17,05,06,1,新潟,3,12,三条特別500,23,芝,8,1600,重,ヒカルエリントン  ,牡,7,西田雄一,57.0,16,06,16,16,0,2.1,14,98.8,"1388",0,0,0,8,9,37.4,514,戸田博文,美,0,10104213,01004,01054,0417131206,吉橋計,ノーザンファーム,ダイワメジャー,ディクシージャズ,トニービン,鹿毛,100216,   98.6,  ,    ,48.5
17,05,06,1,新潟,3,12,三条特別500,23,芝,8,1600,重,アドマイヤロマン  ,牡,4,小崎綾也,57.0,16,07,10,10,0,0.9,1,97.6,"1376",0,0,0,3,3,36.7,482,梅田智之,栗,0,13106052,01152,01084,0417131207,近藤旬子,ノーザンファーム,キングカメハメハ,フローリッドコート,サンデーサイレンス,栗毛,130130,    2.9,  ,    ,49.6
17,05,06,1,新潟,3,12,三条特別500,23,芝,8,1600,重,シンボリタピット  ,牡,5,木幡巧也,57.0,16,08,2,2,0,0,6,96.7,"1367",0,0,0,6,6,35.6,490,久保田貴,美,420,12110063,01162,01067,0417131208,シンボリ牧場,"Takahiro Wada",Tapit,"Miss Emma","Key of Luck",鹿毛,120330,   11.8,  ,    ,53.0
17,05,06,1,新潟,3,12,三条特別500,23,芝,8,1600,重,ホーリーシュラウド,牝,5,藤懸貴志,55.0,16,09,1,1,0,0,12,96.7,"1367",0,0,0,15,15,34.9,458,斉藤崇史,栗,1050,12104180,01138,01151,0417131209,星野康三,社台ファーム,"Cape Cross",オンヴェラ,"Smart Strike",黒鹿,120225,   45.7,  ,    ,56.2
17,05,06,1,新潟,3,12,三条特別500,23,芝,8,1600,重,クインズサン      ,牡,4,勝浦正樹,57.0,16,10,5,5,0,0.4,5,97.1,"1371",0,0,0,16,15,35.3,450,和田正道,美,105,13103646,01025,00353,0417131210,ケイアイスタリオン,日進牧場,キンシャサノキセキ,イソシギ,タイキシャトル,青毛,130320,   11.4,  ,    ,55.0
17,05,06,1,新潟,3,12,三条特別500,23,芝,8,1600,重,ゴールドサーベラス,牡,5,木幡初也,57.0,16,11,6,6,0,0.5,4,97.2,"1372",0,0,0,11,11,35.6,448,清水英克,美,0,12103429,01153,01080,0417131211,田頭勇貴,原田久司,スクリーンヒーロー,インシステント,Diesis,栗毛,120329,    9.8,  ,    ,53.8
17,05,06,1,新潟,3,12,三条特別500,23,芝,8,1600,重,ハドソンシチー    ,牡,7,和田翼,57.0,16,12,12,12,0,1.1,15,97.8,"1378",0,0,0,11,13,36.1,454,佐々木晶,栗,0,10101581,01146,00429,0417131212,友駿ホースクラブ,幌村牧場,マンハッタンカフェ,イソノフォーティ,フォーティナイナー,黒鹿,100309,   99.2,  ,    ,52.5
17,05,06,1,新潟,3,12,三条特別500,23,芝,8,1600,重,シャララ          ,牝,4,吉田隼人,55.0,16,13,4,4,0,0.3,2,97,"1370",0,0,0,2,2,36.2,484,上原博之,美,160,13103638,01095,00423,0417131213,"Him Rock Racingホ",中島牧場,メイショウサムソン,ナムラクロシェット,Miswaki,鹿毛,130411,    6.7,  ,    ,50.8
17,05,06,1,新潟,3,12,三条特別500,23,芝,8,1600,重,シンガン          ,牡,6,鮫島克駿,57.0,16,14,13,13,0,1.5,16,98.2,"1382",0,0,0,8,7,36.9,486,的場均,美,0,11110059,01157,01063,0417131214,林正道,"Castlemartin Sky &","Invincible Spirit","Madeira Mist","Grand Lodge",青鹿,110323,  130.1,  ,    ,49.7
17,05,06,1,新潟,3,12,三条特別500,23,芝,8,1600,重,シンシアズブレス  ,牝,4,秋山真一,55.0,16,15,15,15,0,1.5,7,98.2,"1382",0,0,0,11,13,36.6,492,池江泰寿,栗,0,13105847,01019,01071,0417131215,シルクレーシング,ノーザンファーム,ダイワメジャー,クラウンピース,"Seattle Slew",黒鹿,130226,   12.7,  ,    ,51.0
17,05,06,1,新潟,3,12,三条特別500,23,芝,8,1600,重,ヒルノマレット    ,牡,5,古川吉洋,57.0,16,16,14,14,0,1.5,10,98.2,"1382",0,0,0,10,9,36.7,522,北出成人,栗,0,12101055,01015,01078,0417131216,ヒルノ,いとう牧場,キングカメハメハ,ナムラクニヒメ,キンググローリアス,黒鹿,120418,   18.5,  ,    ,50.5
17,05,07,1,新潟,4,01,未勝利,7,ダ,1,1800,重,ビービーパドル    ,牡,3,勝浦正樹,56.0,10,01,2,2,0,0,5,116.3,"1563",0,7,7,1,1,40.1,464,中舘英二,美,200,14101240,01025,01153,0417140101,坂東勝彦,中橋清,ロードアルティマ,レディフェザー,トワイニング,鹿毛,140328,   20.1,  ,    ,45.0
17,05,07,1,新潟,4,01,未勝利,7,ダ,1,1800,重,モンスーンジャイア,牡,3,横山武史,53.0,10,02,3,3,0,1,3,117.3,"1573",0,2,2,3,3,40.6,446,新開幸一,美,130,14103014,01170,01116,0417140102,大塚亮一,浦河小林牧場,アンライバルド,オードリーローズ,ブライアンズタイム,栗毛,140605,    9.0,  ,    ,44.5
17,05,07,1,新潟,4,01,未勝利,7,ダ,1,1800,重,ミヤコギムレット  ,セ,3,木幡巧也,55.0,10,03,9,9,0,4.1,10,120.4,"2004",0,9,9,9,9,42.4,470,土田稔,美,0,14100405,01162,00417,0417140103,吉田喜代司,大作ステーブル,タニノギムレット,サンアイブライト,スペシャルウィーク,鹿毛,140315,   80.7,  ,    ,42.0
17,05,07,1,新潟,4,01,未勝利,7,ダ,1,1800,重,コウギョウスター  ,牡,3,原田和真,56.0,10,04,5,5,0,2.2,6,118.5,"1585",0,5,5,7,6,41.3,512,伊藤大士,美,50,14101983,01143,01109,0417140104,菊地捷士,下河辺牧場,フレンチデピュティ,ヘリテージゴールド,フジキセキ,栗毛,140419,   31.4,  ,    ,43.5
17,05,07,1,新潟,4,01,未勝利,7,ダ,1,1800,重,マサハヤスター    ,牡,3,和田竜二,56.0,10,05,1,1,0,0,1,116.3,"1563",0,5,5,5,3,39.3,480,今野貞一,栗,500,14105759,01018,01128,0417140105,中村政夫,社台ファーム,メイショウボーラー,レイナクーバ,アグネスタキオン,栗毛,140315,    1.2,  ,    ,48.0
17,05,07,1,新潟,4,01,未勝利,7,ダ,1,1800,重,シンボリバロン    ,セ,3,丹内祐次,56.0,10,06,10,10,0,4.2,8,120.5,"2005",0,10,10,9,9,42.6,460,尾形和幸,美,0,14102649,01091,01141,0417140106,シンボリ牧場,シンボリ牧場,キンシャサノキセキ,ジュアンレパン,Dynaformer,青鹿,140321,   40.7,  ,    ,41.4
17,05,07,1,新潟,4,01,未勝利,7,ダ,1,1800,重,テイエムガリバー  ,牡,3,川又賢治,53.0,10,07,6,6,0,2.5,7,118.8,"1588",0,4,2,3,3,42,482,山内研二,栗,0,14100454,01166,00388,0417140107,竹園正繼,中地義次,トランセンド,ペプチドプレシャス,スペシャルウィーク,栗毛,140425,   35.7,  ,    ,41.4
17,05,07,1,新潟,4,01,未勝利,7,ダ,1,1800,重,ミナミカゼ        ,牝,3,坂井瑠星,52.0,10,08,8,8,0,3.5,2,119.8,"1598",0,2,2,5,7,42.8,460,青木孝文,美,0,14103347,01163,01156,0417140108,辻牧場,辻牧場,トーセンホマレボシ,アドマイヤチャーム,キングヘイロー,黒鹿,140527,    8.8,  ,    ,40.0
17,05,07,1,新潟,4,01,未勝利,7,ダ,1,1800,重,キョウワベルナルド,牡,3,鮫島克駿,55.0,10,09,4,4,0,1.5,4,117.8,"1578",0,1,1,2,2,41.3,452,佐々木晶,栗,75,14100169,01157,00429,0417140109,協和牧場,協和牧場,ロージズインメイ,キョウワオーシャン,コマンダーインチーフ,鹿毛,140423,   17.8,  ,    ,42.6
17,05,07,1,新潟,4,01,未勝利,7,ダ,1,1800,重,トーマス          ,牡,3,伴啓太,54.0,10,10,7,7,0,3.5,9,119.8,"1598",0,8,8,8,8,42.2,438,池添兼雄,栗,0,14103303,01149,01021,0417140110,カナヤマホールディ,谷川牧場,シンボリクリスエス,コウヨウアイリーン,ダンスインザダーク,青鹿,140323,   58.0,  ,    ,41.9
17,05,07,1,新潟,4,02,未勝利・牝,7,ダ,1,1200,重,ボナッソーラ      ,牝,3,津村明秀,54.0,15,01,5,5,0,1.1,5,74.6,"1146",0,0,0,3,3,39.4,430,池上昌和,美,50,14103745,01092,01150,0417140201,水上行雄,笠松牧場,ストーミングホーム,ボーナラテルツァ,クロフネ,栗毛,140321,   13.6,  ,    ,39.3
17,05,07,1,新潟,4,02,未勝利・牝,7,ダ,1,1200,重,サンデュランゴ    ,牝,3,二本柳壮,54.0,15,02,3,3,0,0.5,4,74,"1140",0,0,0,6,5,38.4,470,蛯名利弘,美,130,14101353,01049,01131,0417140202,加藤ステーブル,三石川上牧場,バトルプラン,イケイケサンドリン,フォーティナイナー,栗毛,140517,    8.1,  ,    ,42.7
17,05,07,1,新潟,4,02,未勝利・牝,7,ダ,1,1200,重,コウセイエリザベス,牝,3,江田照男,54.0,15,03,6,6,0,1.3,9,74.8,"1148",0,0,0,9,10,38.9,470,中野栄治,美,0,14100084,00689,01010,0417140203,杉安浩一郎,イワミ牧場,アイルハヴアナザー,マイネカプリース,タヤスツヨシ,鹿毛,140402,   61.2,  ,    ,42.3
17,05,07,1,新潟,4,02,未勝利・牝,7,ダ,1,1200,重,スーサンゴー      ,牝,3,和田竜二,54.0,15,04,2,2,0,0.1,3,73.6,"1136",0,0,0,1,1,38.7,432,岩元市三,栗,200,14103034,01018,00397,0417140204,林千枝子,浦河日成牧場,ジャングルポケット,グランジョイ,ダンスインザダーク,鹿毛,140417,    6.2,  ,    ,40.2
17,05,07,1,新潟,4,02,未勝利・牝,7,ダ,1,1200,重,リネンスカッシュ  ,牝,3,丹内祐次,54.0,15,05,12,12,0,1.6,7,75.1,"1151",0,0,0,5,5,39.7,470,南田美知,美,0,14101014,01091,00437,0417140205,戸山光男,沖田博志,サウスヴィグラス,マキノスペシャル,スペシャルウィーク,栗毛,140313,   24.3,  ,    ,39.2
17,05,07,1,新潟,4,02,未勝利・牝,7,ダ,1,1200,重,ラリュール        ,牝,3,坂井瑠星,52.0,15,06,9,9,0,1.5,10,75,"1150",0,0,0,9,10,39.1,438,池上昌和,美,0,14101981,01163,01150,0417140206,下河辺牧場,下河辺牧場,ローエングリン,プティプランセス,キングカメハメハ,鹿毛,140222,   65.4,  ,    ,41.8
17,05,07,1,新潟,4,02,未勝利・牝,7,ダ,1,1200,重,ジョーシナモン    ,牝,3,石橋脩,54.0,15,07,11,11,0,1.6,11,75.1,"1151",0,0,0,13,13,38.5,402,中竹和也,栗,0,14101225,01077,01039,0417140207,上田けい子,土居牧場,ジョーカプチーノ,ジョーゲルダ,オペラハウス,芦毛,140227,  126.8,  ,    ,45.1
17,05,07,1,新潟,4,02,未勝利・牝,7,ダ,1,1200,重,ホーセズネック    ,牝,3,菱田裕二,54.0,15,08,7,7,0,1.4,2,74.9,"1149",0,0,0,9,9,39,452,加藤征弘,美,0,14106043,01144,01059,0417140208,イージス,ノーザンファーム,ゴールドアリュール,トレッビアーノ,Teofilo,鹿毛,140316,    5.2,  ,    ,42.1
17,05,07,1,新潟,4,02,未勝利・牝,7,ダ,1,1200,重,ビバジャンティ    ,牝,3,杉原誠人,54.0,15,09,10,10,0,1.5,8,75,"1150",0,0,0,12,12,38.8,474,石栗龍彦,美,0,14102021,01135,01043,0417140209,田畑利彦,"Shall Farm",クロフネ,ビバグリーン,フジキセキ,芦毛,140309,   41.2,  ,    ,43.3
17,05,07,1,新潟,4,02,未勝利・牝,7,ダ,1,1200,重,エイドローン      ,牝,3,秋山真一,54.0,15,10,1,1,0,-0.1,1,73.5,"1135",0,0,0,3,3,38.3,476,鈴木孝志,栗,500,14103321,01019,01111,0417140210,カナヤマホールディ,谷口牧場,プリサイスエンド,フミノアマゾン,フジキセキ,青鹿,140314,    1.9,  ,    ,41.9
17,05,07,1,新潟,4,02,未勝利・牝,7,ダ,1,1200,重,クールラディカル  ,牝,3,木幡初也,52.0,15,11,15,15,0,3.2,13,76.7,"1167",0,0,0,14,14,39.6,456,矢野英一,美,0,14101016,01153,01108,0417140211,川上哲司,沖田博志,キングヘイロー,レディピーチ,Mujtahid,栗毛,140407,  146.6,  ,    ,43.7
17,05,07,1,新潟,4,02,未勝利・牝,7,ダ,1,1200,重,アキノリーツリー  ,牝,3,菊沢一樹,51.0,15,12,8,8,0,1.4,15,74.9,"1149",0,0,0,8,8,39.2,440,田中剛,美,0,14101410,01161,01119,0417140212,穐吉正孝,森政巳,トビーズコーナー,リーツリー,ディクタット,青鹿,140430,  258.7,  ,    ,41.1
17,05,07,1,新潟,4,02,未勝利・牝,7,ダ,1,1200,重,カシノスイープ    ,牝,3,藤田菜七,51.0,15,13,4,4,0,0.5,6,74,"1140",0,0,0,2,2,39,492,和田雄二,美,75,14103731,01164,01143,0417140213,柏木務,荻伏三好フアーム,プリサイスエンド,レギンレイヴ,ハンセル,栗毛,140328,   15.8,  ,    ,39.7
17,05,07,1,新潟,4,02,未勝利・牝,7,ダ,1,1200,重,ウイングストーミン,牝,3,井上敏樹,52.0,15,14,13,13,0,2.9,12,76.4,"1164",0,0,0,15,15,39.2,430,田島俊明,美,0,14103815,01151,01112,0417140214,高昭牧場,高昭牧場,ストーミングホーム,タキオンコウショウ,アグネスタキオン,栗毛,140227,  134.8,  ,    ,44.9
17,05,07,1,新潟,4,02,未勝利・牝,7,ダ,1,1200,重,ラブリーエトワル  ,牝,3,横山武史,51.0,15,15,14,14,0,3.1,14,76.6,"1166",0,0,0,6,7,41,450,加藤和宏,美,0,14106350,01170,01077,0417140215,平本敏夫,川上牧場,オリオンザサンクス,エリモエトワール,マンハッタンカフェ,青毛,140321,  157.3,  ,    ,36.8
17,05,07,1,新潟,4,03,未勝利,7,ダ,1,1800,重,ジャイアンヴォーグ,牡,3,横山武史,53.0,11,01,9,9,0,1.9,9,118.8,"1588",0,8,8,9,9,40.8,508,鈴木伸尋,美,0,14109102,01170,01026,0417140301,千明牧場,千明牧場,マンハッタンカフェ,メイマドンナ,シンボリクリスエス,黒鹿,140305,  103.5,  ,    ,45.6
17,05,07,1,新潟,4,03,未勝利,7,ダ,1,1800,重,ディーエスファニー,牡,3,勝浦正樹,56.0,11,02,8,8,0,1.4,3,118.3,"1583",0,6,6,4,6,40.9,444,藤原辰雄,美,0,14104408,01025,00435,0417140302,秋谷壽之,グランド牧場,スズカマンボ,アイチェックユー,Miswaki,鹿毛,140222,    5.3,  ,    ,44.6
17,05,07,1,新潟,4,03,未勝利,7,ダ,1,1800,重,ビップアンフィル  ,牝,3,古川吉洋,54.0,11,03,7,7,0,1.3,8,118.2,"1582",0,1,1,1,1,41.5,444,松下武士,栗,0,14101291,01015,01149,0417140303,鈴木邦英,広田牧場,スマートファルコン,ワキノバクシン,サクラバクシンオー,栗毛,140309,   49.4,  ,    ,42.4
17,05,07,1,新潟,4,03,未勝利,7,ダ,1,1800,重,サンタナ          ,牡,3,川又賢治,53.0,11,04,10,10,0,4.6,4,121.5,"2015",0,4,4,4,7,44.1,500,荒川義之,栗,0,14101027,01166,01095,0417140304,折手邦雄,折手牧場,ハービンジャー,リヴァプール,ダンスインザダーク,黒鹿,140318,   15.3,  ,    ,37.8
17,05,07,1,新潟,4,03,未勝利,7,ダ,1,1800,重,ダノンウィンザー  ,牡,3,津村明秀,56.0,11,05,3,3,0,0.7,7,117.6,"1576",0,9,10,9,9,39.6,498,高柳瑞樹,美,130,14100817,01092,01118,0417140305,ダノックス,村上欽哉,ハービンジャー,ウインジュビリー,シンボリクリスエス,鹿毛,140319,   39.0,  ,    ,48.5
17,05,07,1,新潟,4,03,未勝利,7,ダ,1,1800,重,シャーロック      ,牡,3,熊沢重文,56.0,11,06,2,2,0,0.2,6,117.1,"1571",0,2,2,2,2,40.4,456,飯田祐史,栗,200,14102868,00652,01139,0417140306,薪浦州平,吉田三郎,ヴァーミリアン,マッキーアリエス,チーフベアハート,鹿毛,140422,   17.3,  ,    ,44.9
17,05,07,1,新潟,4,03,未勝利,7,ダ,1,1800,重,シンボリスーマラン,牡,3,木幡巧也,55.0,11,07,5,5,0,0.9,5,117.8,"1578",0,4,5,4,4,40.4,472,牧光二,美,50,14102652,01162,01106,0417140307,シンボリ牧場,シンボリ牧場,アドマイヤマックス,スイートカトマンズ,シンボリクリスエス,鹿毛,140321,   16.1,  ,    ,45.8
17,05,07,1,新潟,4,03,未勝利,7,ダ,1,1800,重,ミヤジユウダイ    ,牡,3,鮫島克駿,55.0,11,08,1,1,0,-0.2,1,116.9,"1569",0,6,6,4,4,39.5,536,川村禎彦,栗,500,14106037,01157,01003,0417140308,曽我司,ノーザンファーム,カンパニー,トゥザハピネス,シンボリクリスエス,鹿毛,140125,    1.9,  ,    ,48.0
17,05,07,1,新潟,4,03,未勝利,7,ダ,1,1800,重,スズカフューラー  ,牡,3,義英真,55.0,11,09,4,4,0,0.8,2,117.7,"1577",0,9,9,8,7,40,418,西橋豊治,栗,75,14101563,01155,00434,0417140309,永井啓弍,びらとり牧場,スズカフェニックス,スズカフローラ,フレンチデピュティ,栗毛,140315,    3.4,  ,    ,47.1
17,05,07,1,新潟,4,03,未勝利,7,ダ,1,1800,重,ムードン          ,牝,3,原田和真,54.0,11,10,11,11,0,5.1,11,122,"2020",0,11,10,11,11,43.4,464,伊藤大士,美,0,14103997,01143,01109,0417140310,北山敏隆,ヒダカフアーム,フレンチデピュティ,マルラニビスティー,ダンスインザダーク,鹿毛,140425,  236.8,  ,    ,40.6
17,05,07,1,新潟,4,03,未勝利,7,ダ,1,1800,重,タネノオー        ,牡,3,西村太一,56.0,11,11,6,6,0,1,10,117.9,"1579",0,3,3,3,3,40.9,486,久保田貴,美,0,14102899,01131,01067,0417140311,種村良平,レイクヴィラファー,ゼンノロブロイ,メジロバーミューズ,アサティス,青鹿,140511,  158.8,  ,    ,44.1
17,05,07,1,新潟,4,04,障害未勝利,7,芝,2,2890,重,クリノミユキチャン,牝,6,田村太雅,58.0,14,01,11,11,0,6.4,14,197.2,"3172",0,13,13,11,11,13.6,454,高橋義博,美,0,11105525,01105,01036,0417140401,栗本博晴,今井秀樹,キンググローリアス,ライデンガール,ワカオライデン,鹿毛,110506,  181.9,  ,    , 0.0
17,05,07,1,新潟,4,04,障害未勝利,7,芝,2,2890,重,コンゴウリキ      ,セ,4,五十嵐雄,59.0,14,02,14,14,0,10.8,4,201.6,"3216",0,14,14,12,12,14,432,藤原辰雄,美,0,13104744,01069,00435,0417140402,浅田次郎,藤川フアーム,マツリダゴッホ,コンゴウエンジェル,"Salt Lake",栗毛,130501,   15.1,  ,    , 0.0
17,05,07,1,新潟,4,04,障害未勝利,7,芝,2,2890,重,シゲルハマチ      ,牡,4,黒岩悠,59.0,14,03,12,12,0,8.9,13,199.7,"3197",0,12,12,14,14,13.8,442,服部利之,栗,0,13103776,01072,01040,0417140403,森中蕃,宮内牧場,オレハマッテルゼ,イサミステルス,トワイニング,栗毛,130417,  144.2,  ,    , 0.0
17,05,07,1,新潟,4,04,障害未勝利,7,芝,2,2890,重,サムライフォンテン,牡,4,石神深一,59.0,14,04,4,4,0,1.8,10,192.6,"3126",0,8,8,7,7,13.3,474,石毛善彦,美,120,13105125,01059,00428,0417140404,吉橋興生,登別上水牧場,サムライハート,ヨーカンドパリ,ティンバーカントリー,黒鹿,130327,   32.0,  ,    , 0.0
17,05,07,1,新潟,4,04,障害未勝利,7,芝,2,2890,重,ニシノリュウセイ  ,牡,4,大江原圭,59.0,14,05,2,2,0,1.5,3,192.3,"3123",0,11,10,9,9,13.3,416,根本康広,美,310,13100747,01120,01029,0417140405,西山茂行,本桐牧場,タニノギムレット,ニシノフェイム,ディープインパクト,黒鹿,130531,    6.4,  ,    , 0.0
17,05,07,1,新潟,4,04,障害未勝利,7,芝,2,2890,重,ライムチェイサー  ,牡,5,北沢伸也,60.0,14,06,7,7,0,2.3,7,193.1,"3131",0,3,5,6,6,13.4,480,中尾秀正,栗,0,12105836,00691,01069,0417140406,杉山忠国,桑田牧場,ゴールドアリュール,メヤディーニ,"Mr. Prospector",鹿毛,120208,   21.7,  ,    , 0.0
17,05,07,1,新潟,4,04,障害未勝利,7,芝,2,2890,重,メイショウヤギリ  ,牡,5,平沢健治,60.0,14,07,1,1,0,-1.5,1,190.8,"3108",0,5,2,1,1,13.2,482,池添学,栗,780,12106436,01067,01144,0417140407,松本好雄,日西牧場,ショウナンカンプ,メイショウエレノア,プリサイスエンド,黒鹿,120408,    1.9,  ,    , 0.0
17,05,07,1,新潟,4,04,障害未勝利,7,芝,2,2890,重,シゲルナマハゲ    ,牡,5,植野貴也,60.0,14,08,9,9,0,4.2,5,195,"3150",0,6,6,8,8,13.5,470,柴田光陽,栗,0,12105765,00727,00400,0417140408,森中蕃,王蔵牧場,ストーミングホーム,シゲルエスペレ,ダンスインザダーク,鹿毛,120516,   18.6,  ,    , 0.0
17,05,07,1,新潟,4,04,障害未勝利,7,芝,2,2890,重,ダテノハクトラ    ,牡,6,中村将之,60.0,14,09,5,5,0,1.9,8,192.7,"3127",0,1,1,2,3,13.3,508,岡田稲男,栗,78,11103129,01101,01066,0417140409,河内孝夫,桑田牧場,クロフネ,ゴールデンページ,サンデーサイレンス,芦毛,110419,   23.7,  ,    , 0.0
17,05,07,1,新潟,4,04,障害未勝利,7,芝,2,2890,重,ウインシンフォニア,牡,4,草野太郎,59.0,14,10,10,10,0,5.1,11,195.9,"3159",0,8,9,10,10,13.6,482,中野栄治,美,0,13102245,01113,01010,0417140410,ウイン,片山牧場,キングカメハメハ,ベルクラシック,"A.P. Indy",鹿毛,130510,   35.8,  ,    , 0.0
17,05,07,1,新潟,4,04,障害未勝利,7,芝,2,2890,重,マイネルヴォーダン,牡,5,山本康志,60.0,14,11,6,6,0,2.1,2,192.9,"3129",0,3,3,2,3,13.3,518,伊藤圭三,美,0,12103591,01008,01023,0417140411,サラブレッドクラブ,三木田牧場,カネヒキリ,リンガスマドンナ,トウシヨウボーイ,栗毛,120218,    5.0,  ,    , 0.0
17,05,07,1,新潟,4,04,障害未勝利,7,芝,2,2890,重,ストロングバルドル,牡,6,小野寺祐,60.0,14,12,3,3,0,1.7,12,192.5,"3125",0,7,7,5,3,13.3,484,小笠倫弘,美,200,11102281,01123,01076,0417140412,村木篤,千代田牧場,ジャングルポケット,ラブアンドピース,キングカメハメハ,鹿毛,110329,  142.2,  ,    , 0.0
17,05,07,1,新潟,4,04,障害未勝利,7,芝,2,2890,重,サカジロウィーク  ,牡,4,小坂忠士,59.0,14,13,13,13,0,8.9,9,199.7,"3197",0,8,11,13,13,13.8,510,崎山博樹,栗,0,13101129,01063,00365,0417140413,ロイヤルパーク,スガタ牧場,スペシャルウィーク,パシフィーク,ウォーエンブレム,黒鹿,130115,   23.7,  ,    , 0.0
17,05,07,1,新潟,4,04,障害未勝利,7,芝,2,2890,重,トーセンアゲイン  ,牡,8,上野翔,60.0,14,14,8,8,0,2.4,6,193.2,"3132",0,2,4,2,2,13.4,490,小野次郎,美,0,09102216,01087,01125,0417140414,島川隆哉,エスティファーム,シンボリクリスエス,トーセンオマージュ,ダンスインザダーク,黒鹿,090405,   21.0,  ,    , 0.0
17,05,07,1,新潟,4,05,未勝利,7,芝,8,1800,稍,ブルベアリンクス  ,牡,3,木幡巧也,55.0,16,01,3,3,0,1,10,109.4,"1494",0,0,0,9,9,35.3,448,杉山晴紀,栗,130,14104628,01162,01157,0417140501,ブルアンドベア,高橋義浩,ゼンノロブロイ,ポレンティーナ,ワイルドラッシュ,黒鹿,140317,   28.3,  ,    ,55.0
17,05,07,1,新潟,4,05,未勝利,7,芝,8,1800,稍,サバイバルチャンス,牡,3,丸山元気,56.0,16,02,10,10,0,1.7,8,110.1,"1501",0,0,0,5,5,36.5,462,根本康広,美,0,14101751,01127,01029,0417140502,福田光博,沖田牧場,グラスワンダー,カザグルマ,ソウルオブザマター,栗毛,140507,   17.6,  ,    ,50.8
17,05,07,1,新潟,4,05,未勝利,7,芝,8,1800,稍,キングチョウサン  ,牡,3,石神深一,56.0,16,03,15,15,0,5,15,113.4,"1534",0,0,0,15,15,37.9,466,和田正一,美,0,14101548,01059,01114,0417140503,チョウサン,坂東牧場,ハーツクライ,ステイヤング,サツカーボーイ,黒鹿,140422,   99.7,  ,    ,49.6
17,05,07,1,新潟,4,05,未勝利,7,芝,8,1800,稍,パステラリア      ,牝,3,浜中俊,54.0,16,04,2,2,0,0.9,2,109.3,"1493",0,0,0,6,7,35.4,468,高野友和,栗,200,14101104,01115,01117,0417140504,ロードホースクラブ,ケイアイファーム,エンパイアメーカー,レディパステル,トニービン,鹿毛,140222,    5.2,  ,    ,54.4
17,05,07,1,新潟,4,05,未勝利,7,芝,8,1800,稍,パワーフレーズ    ,牝,3,二本柳壮,54.0,16,05,9,9,0,1.7,14,110.1,"1501",0,0,0,4,3,36.7,440,矢作芳人,栗,0,14100973,01049,01075,0417140505,北駿競走馬組合,上村清志,クロフネ,アイアンブリッジ,トニービン,鹿毛,140306,   87.5,  ,    ,50.0
17,05,07,1,新潟,4,05,未勝利,7,芝,8,1800,稍,ペトロニウス      ,牡,3,石橋脩,56.0,16,06,11,11,0,2,11,110.4,"1504",0,0,0,2,2,37.2,490,栗田徹,美,0,14105283,01077,01127,0417140506,窪田康志,追分ファーム,ハービンジャー,ディミータ,ダンスインザダーク,鹿毛,140224,   32.2,  ,    ,48.4
17,05,07,1,新潟,4,05,未勝利,7,芝,8,1800,稍,ワンダーアマービレ,牝,3,義英真,53.0,16,07,4,4,0,1,4,109.4,"1494",0,0,0,8,7,35.4,430,杉山晴紀,栗,75,14101167,01155,01157,0417140507,山本能成,城地清満,サマーバード,ワンダービーナス,バゴ,鹿毛,140510,    8.6,  ,    ,54.5
17,05,07,1,新潟,4,05,未勝利,7,芝,8,1800,稍,サトノグラン      ,牡,3,坂井瑠星,54.0,16,08,1,1,0,-0.9,1,108.4,"1484",0,0,0,12,11,34.1,472,矢作芳人,栗,500,14105991,01163,01075,0417140508,サトミホースカンパ,ノーザンファーム,ハーツクライ,スネガエクスプレス,ウォーエンブレム,青鹿,140219,    2.7,  ,    ,58.9
17,05,07,1,新潟,4,05,未勝利,7,芝,8,1800,稍,アルセーヌメジャー,牡,3,竹之下智,56.0,16,09,13,13,0,2.4,13,110.8,"1508",0,0,0,13,13,35.9,500,千田輝彦,栗,0,14102680,01036,01120,0417140509,前原敏行,チャンピオンズファ,ダイワメジャー,グレイトグレイス,グルームダンサー,栗毛,140506,   71.8,  ,    ,54.3
17,05,07,1,新潟,4,05,未勝利,7,芝,8,1800,稍,バイアウト        ,牡,3,川又賢治,53.0,16,10,16,16,0,6.8,12,115.2,"1552",0,0,0,16,16,37,460,森秀行,栗,0,14105577,01166,00427,0417140510,社台レースホース,社台ファーム,キャプテントゥーレ,チケットトゥダンス,"Sadler's Wells",鹿毛,140202,   51.3,  ,    ,55.7
17,05,07,1,新潟,4,05,未勝利,7,芝,8,1800,稍,ビヨンドザスター  ,牡,3,津村明秀,56.0,16,11,7,7,0,1.5,5,109.9,"1499",0,0,0,3,3,36.5,444,和田正一,美,0,14100328,01092,01114,0417140511,スピードファーム,スピードフアーム,アドマイヤオーラ,ハクサンフウロ,スピードワールド,鹿毛,140304,   12.9,  ,    ,50.5
17,05,07,1,新潟,4,05,未勝利,7,芝,8,1800,稍,アルコ            ,牡,3,横山和生,56.0,16,12,12,12,0,2.4,9,110.8,"1508",0,0,0,14,14,35.7,432,勢司和浩,美,0,14101631,01140,01047,0417140512,松本俊廣,天羽禮治,ジャングルポケット,ビエンナーレ,ステイゴールド,黒鹿,140330,   21.0,  ,    ,55.2
17,05,07,1,新潟,4,05,未勝利,7,芝,8,1800,稍,アテンソード      ,牡,3,菱田裕二,56.0,16,13,14,14,0,2.5,16,110.9,"1509",0,0,0,9,9,36.7,440,谷潔,栗,0,14106343,01144,00431,0417140513,齊藤直信,吉田又治,ストーミングホーム,キタノフラワー,バブルガムフェロー,鹿毛,140328,  111.5,  ,    ,51.1
17,05,07,1,新潟,4,05,未勝利,7,芝,8,1800,稍,ホープバイオ      ,牡,3,和田竜二,56.0,16,14,6,6,0,1.1,7,109.5,"1495",0,0,0,6,6,35.8,430,斉藤崇史,栗,0,14105964,01018,01151,0417140514,バイオ,ノーザンファーム,カンパニー,シーダーブレイクス,ディープインパクト,鹿毛,140307,   14.1,  ,    ,52.9
17,05,07,1,新潟,4,05,未勝利,7,芝,8,1800,稍,ミステキサス      ,牝,3,伊藤工真,54.0,16,15,8,8,0,1.7,6,110.1,"1501",0,0,0,11,11,35.9,422,田島俊明,美,0,14105987,01119,01112,0417140515,窪田康志,ノーザンファーム,ネオユニヴァース,ストレイトフロムテキサス,"Judge T C",鹿毛,140212,   13.5,  ,    ,53.3
17,05,07,1,新潟,4,05,未勝利,7,芝,8,1800,稍,タマモアーサー    ,牡,3,藤岡康太,56.0,16,16,5,5,0,1,3,109.4,"1494",0,0,0,1,1,36.3,480,藤岡健一,栗,50,14100420,01116,01062,0417140516,タマモ,対馬正,キングズベスト,チャームアンサー,メジロライアン,鹿毛,140316,    7.8,  ,    ,50.7
17,05,07,1,新潟,4,06,未勝利,7,芝,0,1000,稍,ブルーネーベル    ,牝,3,義英真,53.0,16,01,15,15,0,3.1,16,60.1,"1001",0,0,0,0,9,37,412,畠山吉宏,美,0,14103695,01155,01048,0417140601,YGGホースクラブ,エムエム、ヤマダフ,ファスリエフ,エターナルラブ,シンボリクリスエス,黒鹿,140404,  167.4,  ,    ,43.6
17,05,07,1,新潟,4,06,未勝利,7,芝,0,1000,稍,ソルティピース    ,牝,3,勝浦正樹,54.0,16,02,3,3,0,0.1,3,57.1,"0571",0,0,0,0,6,34.2,442,中舘英二,美,130,14103455,01025,01153,0417140602,鈴木照雄,日本中央競馬会日高,バゴ,フジティアス,フジキセキ,黒鹿,140416,    7.3,  ,    ,50.4
17,05,07,1,新潟,4,06,未勝利,7,芝,0,1000,稍,ポップチューン    ,牝,3,鮫島克駿,53.0,16,03,8,8,0,1.2,10,58.2,"0582",0,0,0,0,14,34.4,476,安田隆行,栗,0,14105510,01157,00438,0417140603,市川義美ホールディ,社台ファーム,ファルブラヴ,シャイニンルビー,サンデーサイレンス,栗毛,140208,   57.7,  ,    ,53.8
17,05,07,1,新潟,4,06,未勝利,7,芝,0,1000,稍,エルミーロ        ,牡,3,川又賢治,53.0,16,04,6,6,0,0.8,15,57.8,"0578",0,0,0,0,15,33.9,468,森秀行,栗,0,14110064,01166,00427,0417140604,門野重雄,"Winchester Farm",Eskendereya,"Star Mullein",Woodman,栗毛,140305,  153.2,  ,    ,55.8
17,05,07,1,新潟,4,06,未勝利,7,芝,0,1000,稍,デルマオフクロサン,牝,3,西田雄一,54.0,16,05,9,9,0,1.2,2,58.2,"0582",0,0,0,0,1,35.6,436,蛯名利弘,美,0,14105398,01004,01131,0417140605,浅沼廣幸,社台ファーム,ホワイトマズル,アルデュール,フレンチデピュティ,黒鹿,140304,    4.6,  ,    ,45.2
17,05,07,1,新潟,4,06,未勝利,7,芝,0,1000,稍,ディアパリス      ,牡,3,坂井瑠星,54.0,16,06,11,11,0,1.3,7,58.3,"0583",0,0,0,0,4,35.6,438,西浦勝一,栗,0,14103849,01163,01016,0417140606,ディアレストクラブ,小島牧場,キングズベスト,デヴェロッペ,ボストンハーバー,鹿毛,140514,   19.3,  ,    ,45.6
17,05,07,1,新潟,4,06,未勝利,7,芝,0,1000,稍,ネオヴィヴィッド  ,牝,3,秋山真一,54.0,16,07,12,12,0,1.4,11,58.4,"0584",0,0,0,0,8,35.4,414,平田修,栗,0,14102559,01019,01082,0417140607,小林仁幸,メイプルファーム,キャプテントゥーレ,ネオザフラッシュ,タニノギムレット,芦毛,140219,   62.1,  ,    ,47.5
17,05,07,1,新潟,4,06,未勝利,7,芝,0,1000,稍,アルポアドール    ,牝,3,江田照男,54.0,16,08,14,14,0,1.7,9,58.7,"0587",0,0,0,0,1,36.1,418,石毛善彦,美,0,14104015,00689,00428,0417140608,清水敏,藤春修二,キンシャサノキセキ,アイランズギフト,キングカメハメハ,青鹿,140410,   50.8,  ,    ,43.9
17,05,07,1,新潟,4,06,未勝利,7,芝,0,1000,稍,クーロゼ          ,牝,3,西村太一,54.0,16,09,13,13,0,1.5,14,58.5,"0585",0,0,0,0,11,35.3,420,伊藤正徳,美,0,14105133,01131,00383,0417140609,ミルファーム,増本牧場,マツリダゴッホ,シーダーローズ,タイキシャトル,鹿毛,140513,  143.9,  ,    ,48.6
17,05,07,1,新潟,4,06,未勝利,7,芝,0,1000,稍,サンドベージュ    ,牝,3,藤田菜七,51.0,16,10,1,1,0,-0.1,8,57,"0570",0,0,0,0,1,34.4,450,和田雄二,美,500,14103986,01164,01143,0417140610,ヒダカ・ブリーダー,ヒダカフアーム,トビーズコーナー,アムネリス,サウスヴィグラス,栗毛,140304,   34.3,  ,    ,48.5
17,05,07,1,新潟,4,06,未勝利,7,芝,0,1000,稍,アイティプリンセス,牝,3,丹内祐次,54.0,16,11,7,7,0,0.9,5,57.9,"0579",0,0,0,0,6,35,476,竹内正洋,美,0,14100087,01091,01152,0417140611,一ノ瀬恭,岩見牧場,ファスリエフ,アイティアビー,フジキセキ,黒鹿,140305,    8.2,  ,    ,48.1
17,05,07,1,新潟,4,06,未勝利,7,芝,0,1000,稍,ウイナーズロード  ,牝,3,和田竜二,54.0,16,12,2,2,0,0.1,1,57.1,"0571",0,0,0,0,5,34.3,418,岩元市三,栗,200,14103596,01018,00397,0417140612,宮内牧場,宮内牧場,ケイムホーム,トップアクトレス,テイエムオペラオー,青鹿,140429,    2.4,  ,    ,49.7
17,05,07,1,新潟,4,06,未勝利,7,芝,0,1000,稍,ガーリー          ,牝,3,伴啓太,52.0,16,13,10,10,0,1.2,13,58.2,"0582",0,0,0,0,13,34.6,416,伊藤大士,美,0,14101127,01149,01109,0417140613,佐久間拓士,坂本牧場,メイショウボーラー,シャドウスプリング,デインヒル,栗毛,140213,   95.5,  ,    ,52.3
17,05,07,1,新潟,4,06,未勝利,7,芝,0,1000,稍,エマーブル        ,牝,3,井上敏樹,52.0,16,14,4,4,0,0.3,4,57.3,"0573",0,0,0,0,9,34.2,392,伊藤伸一,美,75,14100472,01151,01031,0417140614,ミルファーム,長浜秀昭,アドマイヤオーラ,アリママリア,トウカイテイオー,栗毛,140312,    7.3,  ,    ,51.3
17,05,07,1,新潟,4,06,未勝利,7,芝,0,1000,稍,ブラウンラファール,牡,3,丸山元気,56.0,16,15,16,16,0,3.2,6,60.2,"1002",0,0,0,0,16,36,478,武藤善則,美,0,14103115,01127,01064,0417140615,キャピタルクラブ,金石牧場,ディープブリランテ,フェアーシャトル,タイキシャトル,鹿毛,140521,   18.0,  ,    ,50.8
17,05,07,1,新潟,4,06,未勝利,7,芝,0,1000,稍,ココロヤサシイ    ,牝,3,横山武史,51.0,16,16,5,5,0,0.7,12,57.7,"0577",0,0,0,0,12,34.3,446,伊藤伸一,美,50,14104607,01170,01031,0417140616,高橋ファーム,高橋フアーム,ハイアーゲーム,アマノブラウニイー,サクラバクシンオー,黒鹿,140316,   94.3,  ,    ,52.3
17,05,07,1,新潟,4,07,500万下,23,ダ,1,1200,稍,モズジャカランダ  ,牝,4,川又賢治,51.0,15,01,9,9,0,2.3,5,73.9,"1139",0,0,0,14,14,37.9,452,小崎憲,栗,0,13110133,01166,01085,0417140701,キャピタル・システ,"Ramsey Pastoral Co",Congrats,"Redwood Dancer",Forestry,栗毛,131023,   14.0,  ,    ,45.0
17,05,07,1,新潟,4,07,500万下,23,ダ,1,1200,稍,グローリアスクロワ,牝,4,木幡巧也,54.0,15,02,7,7,0,1.9,9,73.5,"1135",0,0,0,13,12,37.7,448,土田稔,美,0,13102398,01162,00417,0417140702,日下部勝徳,土田和男,サウスヴィグラス,エアヘイリー,エアジハード,栗毛,130409,   30.4,  ,    ,45.0
17,05,07,1,新潟,4,07,500万下,23,ダ,1,1200,稍,マイフリヴァ      ,牡,6,石橋脩,57.0,15,03,11,11,0,2.4,10,74,"1140",0,0,0,10,12,38.5,508,友道康夫,栗,0,11104074,01077,01061,0417140703,金子真人ホールディ,ノーザンファーム,"Smart Strike",マネーキャントバイミーラヴ,Pivotal,黒鹿,110313,   32.6,  ,    ,42.2
17,05,07,1,新潟,4,07,500万下,23,ダ,1,1200,稍,アーネストミノル  ,牡,6,和田竜二,57.0,15,04,3,3,0,1.3,8,72.9,"1129",0,0,0,10,10,37.4,446,北出成人,栗,190,11102537,01018,01078,0417140704,吉岡實,フジワラフアーム,スウェプトオーヴァーボード,チアズガディス,フレンチデピュティ,鹿毛,110310,   26.8,  ,    ,44.9
17,05,07,1,新潟,4,07,500万下,23,ダ,1,1200,稍,ロマンティックサン,牡,4,宮崎北斗,57.0,15,05,12,12,0,2.5,14,74.1,"1141",0,0,0,6,6,39,480,古賀史生,美,0,13103332,01118,00392,0417140705,岡田牧雄,金石牧場,フォーティナイナーズサン,レイジングロマンス,Kingmambo,栗毛,130506,  139.5,  ,    ,40.0
17,05,07,1,新潟,4,07,500万下,23,ダ,1,1200,稍,マルカメテオ      ,牡,5,藤岡康太,57.0,15,06,5,5,0,1.7,4,73.3,"1133",0,0,0,3,3,38.6,492,羽月友彦,栗,75,12104135,01116,01091,0417140706,日下部猛,社台ファーム,ネオユニヴァース,イクスペクトトゥシャイン,"Mr. Prospector",栗毛,120522,   10.0,  ,    ,39.9
17,05,07,1,新潟,4,07,500万下,23,ダ,1,1200,稍,シゲルクロマグロ  ,牡,4,鮫島克駿,56.0,15,07,10,10,0,2.3,12,73.9,"1139",0,0,0,8,8,38.6,520,川村禎彦,栗,0,13103001,01157,01003,0417140707,森中蕃,大北牧場,アグネスデジタル,エガオヨシ,タイキシャトル,黒鹿,130323,   65.0,  ,    ,41.5
17,05,07,1,新潟,4,07,500万下,23,ダ,1,1200,稍,シースレス        ,牡,5,西田雄一,57.0,15,08,15,15,0,5.2,15,76.8,"1168",0,0,0,14,15,40.7,392,武市康男,美,0,12104018,01004,01089,0417140708,田畑憲士,社台コーポレーショ,ウォーエンブレム,ネバーエンディング,エンドスウィープ,黒鹿,120409,  219.2,  ,    ,38.7
17,05,07,1,新潟,4,07,500万下,23,ダ,1,1200,稍,ミスズモンブラン  ,牡,6,秋山真一,57.0,15,09,6,6,0,1.8,7,73.4,"1134",0,0,0,10,8,37.9,482,加藤敬二,栗,0,11102353,01019,00379,0417140709,永井啓弍,友田牧場,ブライアンズタイム,モンターニュドール,ヘネシー,栗毛,110311,   24.3,  ,    ,43.7
17,05,07,1,新潟,4,07,500万下,23,ダ,1,1200,稍,バリキ            ,牡,5,浜中俊,57.0,15,10,8,8,0,2.2,2,73.8,"1138",0,0,0,3,3,39.1,458,鈴木孝志,栗,0,12100849,01115,01111,0417140710,杉澤光雄,ムラカミファーム,ハーツクライ,カネスベネフィット,Miswaki,栗毛,120505,    4.1,  ,    ,38.7
17,05,07,1,新潟,4,07,500万下,23,ダ,1,1200,稍,イアペトス        ,牡,5,江田照男,57.0,15,11,13,13,0,2.6,6,74.2,"1142",0,0,0,3,3,39.5,488,武市康男,美,0,12105639,00689,01089,0417140711,ミルファーム,ミルファーム,フォーティナイナーズサン,プリンセスビコー,ブライアンズタイム,鹿毛,120429,   21.2,  ,    ,37.8
17,05,07,1,新潟,4,07,500万下,23,ダ,1,1200,稍,チビノヴァルタン  ,牝,4,原田和真,55.0,15,12,4,4,0,1.4,11,73,"1130",0,0,0,6,6,37.9,452,栗田徹,美,110,13105383,01143,01127,0417140712,梅澤明,社台ファーム,キンシャサノキセキ,ウィンドサイレンス,"A.P. Indy",鹿毛,130427,   45.5,  ,    ,42.6
17,05,07,1,新潟,4,07,500万下,23,ダ,1,1200,稍,プラチナダイヤ    ,牝,4,菊沢一樹,52.0,15,13,14,14,0,2.8,13,74.4,"1144",0,0,0,9,10,39,436,勢司和浩,美,0,13102196,01161,01047,0417140713,村田哲朗,上村清志,キングカメハメハ,ルナジェーナ,フォーティナイナー,栗毛,130312,  119.0,  ,    ,40.8
17,05,07,1,新潟,4,07,500万下,23,ダ,1,1200,稍,トブガゴトク      ,牡,4,勝浦正樹,57.0,15,14,2,2,0,0.5,3,72.1,"1121",0,0,0,1,1,38.1,494,藤原辰雄,美,300,13104154,01025,00435,0417140714,松尾正,グランド牧場,シニスターミニスター,バライロー,タニノギムレット,芦毛,130315,    4.5,  ,    ,39.2
17,05,07,1,新潟,4,07,500万下,23,ダ,1,1200,稍,エイシンパライソ  ,牡,5,津村明秀,57.0,15,15,1,1,0,-0.5,1,71.6,"1116",0,0,0,2,2,37.4,510,藤岡健一,栗,750,12110016,01092,01062,0417140715,栄進堂,"Liberation Farm &",Zensational,"Champagne Royale","French Deputy",栗毛,120430,    2.6,  ,    ,41.4
17,05,07,1,新潟,4,08,500万下,23,ダ,1,1800,稍,マウントゴールド  ,牡,4,鮫島克駿,56.0,15,01,9,9,0,2.6,4,116.3,"1563",0,4,4,3,3,41.5,458,池江泰寿,栗,0,13105646,01157,01071,0417140801,青芝商事,社台ファーム,ステイゴールド,マウントコブラ,"Mt. Livermore",鹿毛,130328,   13.9,  ,    ,40.1
17,05,07,1,新潟,4,08,500万下,23,ダ,1,1800,稍,プエルト          ,セ,5,秋山真一,57.0,15,02,6,6,0,2.2,3,115.9,"1559",0,8,8,10,7,40.5,524,大竹正博,美,0,12103932,01019,01102,0417140802,池谷誠一,レイクヴィラファー,メイショウサムソン,チャールストンハーバー,Grindstone,鹿毛,120425,    3.8,  ,    ,43.1
17,05,07,1,新潟,4,08,500万下,23,ダ,1,1800,稍,サウンドスタジオ  ,牡,4,和田竜二,57.0,15,03,3,3,0,1.3,9,115,"1550",0,8,8,6,6,40,496,吉田直弘,栗,190,13104902,01018,01101,0417140803,増田雄一,矢野牧場,ワークフォース,アートスタジオ,Bernardini,鹿毛,130303,   24.6,  ,    ,43.8
17,05,07,1,新潟,4,08,500万下,23,ダ,1,1800,稍,イェドプリオル    ,牡,5,坂井瑠星,55.0,15,04,4,4,0,1.5,5,115.2,"1552",0,4,4,3,3,40.4,516,高橋康之,栗,110,12101483,01163,01135,0417140804,ノースヒルズ,高山博,ヴァーミリアン,ビービーシグナス,ホワイトマズル,青鹿,120228,   17.0,  ,    ,42.6
17,05,07,1,新潟,4,08,500万下,23,ダ,1,1800,稍,ムーンドロップ    ,牡,6,横山和生,57.0,15,05,10,10,0,3.5,12,117.2,"1572",0,7,6,7,8,42,456,小野次郎,美,0,11101117,01140,01125,0417140805,Basic,二風谷ファーム,アドマイヤムーン,ホーマンヴォイス,ダンシングブレーヴ,鹿毛,110414,  103.6,  ,    ,39.5
17,05,07,1,新潟,4,08,500万下,23,ダ,1,1800,稍,トウシンタイガー  ,セ,4,川又賢治,54.0,15,06,7,7,0,2.5,10,116.2,"1562",0,11,11,11,10,40.6,492,山内研二,栗,0,13105693,01166,00388,0417140806,サトー,社台ファーム,ゴールドアリュール,ライブリーチューン,"Dixieland Band",鹿毛,130206,   42.3,  ,    ,43.1
17,05,07,1,新潟,4,08,500万下,23,ダ,1,1800,稍,ディープオーパス  ,牡,4,藤岡康太,57.0,15,07,1,1,0,-0.5,2,113.7,"1537",0,1,1,1,1,39.4,492,藤岡健一,栗,750,13110103,01116,01062,0417140807,深見敏男,"Richard Shultz","Exchange Rate",Lemonlime,"Lemon Drop Kid",芦毛,130211,    3.3,  ,    ,44.3
17,05,07,1,新潟,4,08,500万下,23,ダ,1,1800,稍,オンワードハンター,牡,6,藤田菜七,54.0,15,08,5,5,0,2.2,7,115.9,"1559",0,14,14,14,12,39.9,472,村山明,栗,75,11103430,01164,01107,0417140808,樫山章子,オンワード牧場,パイロ,オンワードイイデス,カコイーシーズ,鹿毛,110304,   22.0,  ,    ,45.2
17,05,07,1,新潟,4,08,500万下,23,ダ,1,1800,稍,ショウナンバローネ,牡,5,浜中俊,57.0,15,09,2,2,0,0.5,1,114.2,"1542",0,2,2,2,2,39.7,500,高野友和,栗,300,12102314,01115,01117,0417140809,国本哲秀,ケイアイファーム,キングカメハメハ,レディプリンセス,ブライアンズタイム,鹿毛,120309,    3.2,  ,    ,43.8
17,05,07,1,新潟,4,08,500万下,23,ダ,1,1800,稍,ミスエリカ        ,牝,5,石橋脩,55.0,15,10,15,15,0,5.8,13,119.5,"1595",0,2,3,7,13,44.2,548,西村真幸,栗,0,12110021,01077,01148,0417140810,荒牧政美,"Stonestreet Thorou",Blame,"Le Relais","Coronado's Quest",黒鹿,120416,  105.9,  ,    ,35.2
17,05,07,1,新潟,4,08,500万下,23,ダ,1,1800,稍,タイセイブラスト  ,牡,4,勝浦正樹,57.0,15,11,13,13,0,4.5,11,118.2,"1582",0,4,6,7,8,43,510,菊川正達,美,0,13100753,01025,01052,0417140811,田中成奉,日西牧場,ファスリエフ,キシュウウインド,フォーティナイナー,鹿毛,130421,   42.9,  ,    ,37.4
17,05,07,1,新潟,4,08,500万下,23,ダ,1,1800,稍,ゴテツ            ,牡,4,丸山元気,57.0,15,12,8,8,0,2.6,8,116.3,"1563",0,8,10,3,3,41.5,492,浜田多実,栗,0,13104465,01127,01138,0417140812,橋元勇氣,千代田牧場,ブライアンズタイム,シジェームサン,"Septieme Ciel",青鹿,130501,   24.0,  ,    ,40.1
17,05,07,1,新潟,4,08,500万下,23,ダ,1,1800,稍,メジャースターダム,セ,4,井上敏樹,55.0,15,13,12,12,0,4.1,14,117.8,"1578",0,13,13,12,11,42,562,尾形充弘,美,0,13105949,01151,00349,0417140813,伊東純一,ノーザンファーム,ダイワメジャー,セルキス,Monsun,栗毛,130129,  160.1,  ,    ,40.2
17,05,07,1,新潟,4,08,500万下,23,ダ,1,1800,稍,キャプテンロブロイ,牡,4,津村明秀,57.0,15,14,14,14,0,5.1,6,118.8,"1588",0,11,11,13,13,42.9,510,萩原清,美,0,13106175,01092,01017,0417140814,シルクレーシング,ノーザンファーム,ゼンノロブロイ,レツィーナ,キャプテンスティーヴ,青鹿,130217,   21.6,  ,    ,38.5
17,05,07,1,新潟,4,08,500万下,23,ダ,1,1800,稍,ダイメイホークス  ,牡,4,古川吉洋,57.0,15,15,11,11,0,3.9,15,117.6,"1576",0,14,14,15,15,41.2,548,石毛善彦,美,0,13104193,01015,00428,0417140815,宮本孝一,今牧場,プリサイスエンド,ラガーエレガンス,ジェイドロバリー,栗毛,130529,  251.1,  ,    ,42.7
17,05,07,1,新潟,4,09,500万下,23,芝,0,1200,稍,プリンセスオーラ  ,牝,4,横山和生,55.0,16,01,11,11,0,0.6,10,69.7,"1097",0,0,0,1,1,36,444,新開幸一,美,0,13102967,01140,01116,0417140901,大森悌次,鮫川啓一,ドリームジャーニー,アランフェスロマン,イーグルカフェ,鹿毛,130227,   21.2,  ,    ,43.6
17,05,07,1,新潟,4,09,500万下,23,芝,0,1200,稍,ティルヴィング    ,牝,4,古川吉洋,55.0,16,02,15,15,0,1.4,12,70.5,"1105",0,0,0,13,13,35.4,460,松永幹夫,栗,0,13105938,01015,01092,0417140902,前田幸治,ノーザンファーム,ディープインパクト,ストゥデンテッサ,"High Yield",青鹿,130227,   37.0,  ,    ,49.2
17,05,07,1,新潟,4,09,500万下,23,芝,0,1200,稍,ナッツスター      ,牡,4,西田雄一,57.0,16,03,14,14,0,1.2,15,70.3,"1103",0,0,0,15,13,34.8,448,武藤善則,美,0,13103929,01004,01064,0417140903,早川経一,岡田スタツド,マツリダゴッホ,ヴンダーゾンネ,グラスワンダー,鹿毛,130311,   81.5,  ,    ,52.0
17,05,07,1,新潟,4,09,500万下,23,芝,0,1200,稍,フリームーヴメント,牡,4,勝浦正樹,57.0,16,04,12,12,0,0.9,11,70,"1100",0,0,0,15,16,34.5,460,宗像義忠,美,0,13106293,01025,00420,0417140904,ディアレストクラブ,三嶋牧場,ドリームジャーニー,コイクレナイ,タイキシャトル,栗毛,130422,   29.4,  ,    ,52.9
17,05,07,1,新潟,4,09,500万下,23,芝,0,1200,稍,ウォーターラボ    ,牝,5,和田竜二,55.0,16,05,8,8,0,0.4,2,69.5,"1095",0,0,0,9,9,34.9,466,安田隆行,栗,0,12103929,01018,00438,0417140905,山岡良一,レイクヴィラファー,マンハッタンカフェ,クライウィズジョイ,トニービン,青鹿,120403,    4.9,  ,    ,49.1
17,05,07,1,新潟,4,09,500万下,23,芝,0,1200,稍,ウメマツサクラ    ,牝,4,丸山元気,55.0,16,06,7,7,0,0.3,7,69.4,"1094",0,0,0,6,7,35.1,470,森田直行,栗,0,13100689,01127,01142,0417140906,木村信彦,道見牧場,ゴールドヘイロー,マルタカウィーラ,アレミロード,鹿毛,130324,   12.6,  ,    ,47.7
17,05,07,1,新潟,4,09,500万下,23,芝,0,1200,稍,ブランデーグラス  ,牡,4,木幡巧也,56.0,16,07,2,2,0,0.2,4,69.3,"1093",0,0,0,4,4,35.3,488,牧光二,美,300,13103961,01162,01106,0417140907,ノルマンディーサラ,岡田スタツド,オレハマッテルゼ,ズブロッカ,アグネスデジタル,栗毛,130419,    8.0,  ,    ,46.3
17,05,07,1,新潟,4,09,500万下,23,芝,0,1200,稍,トウショウジャイロ,牡,4,秋山真一,57.0,16,08,1,1,0,-0.2,1,69.1,"1091",0,0,0,2,2,35.3,506,角田晃一,栗,750,13104560,01019,01121,0417140908,トウショウ産業,トウショウ産業株式,ダイワメジャー,シーイズトウショウ,サクラバクシンオー,黒鹿,130317,    3.8,  ,    ,45.8
17,05,07,1,新潟,4,09,500万下,23,芝,0,1200,稍,サチノリーダース  ,牡,7,川又賢治,54.0,16,09,10,10,0,0.5,14,69.6,"1096",0,0,0,6,7,35.3,474,千田輝彦,栗,0,10105445,01166,01120,0417140909,佐藤勝士,競優牧場,ザール,バクシンオージョ,タイキシャトル,青鹿,100429,   52.6,  ,    ,47.2
17,05,07,1,新潟,4,09,500万下,23,芝,0,1200,稍,ゲンキチハヤブサ  ,セ,5,鮫島克駿,56.0,16,10,5,5,0,0.2,6,69.3,"1093",0,0,0,2,2,35.4,458,川村禎彦,栗,75,12101282,01157,01003,0417140910,荒井元明,サンシャイン牧場,ヨハネスブルグ,ラーチャプルック,マーベラスサンデー,栗毛,120327,   11.7,  ,    ,45.8
17,05,07,1,新潟,4,09,500万下,23,芝,0,1200,稍,ツキミチャン      ,牝,6,伊藤工真,55.0,16,11,9,9,0,0.4,8,69.5,"1095",0,0,0,11,11,34.7,448,田所秀孝,栗,0,11106417,01119,01009,0417140911,瀬谷隆雄,ヤナガワ牧場,フジキセキ,ノーブルプライド,Caerleon,青鹿,110429,   14.9,  ,    ,50.3
17,05,07,1,新潟,4,09,500万下,23,芝,0,1200,稍,サーストンアクセス,牡,4,浜中俊,57.0,16,12,4,4,0,0.2,3,69.3,"1093",0,0,0,6,5,35,458,戸田博文,美,110,13100484,01115,01054,0417140912,齊藤宣勝,スマイルファーム,ブレイクランアウト,アドマイヤサクラ,マーベラスサンデー,黒鹿,130226,    8.0,  ,    ,48.0
17,05,07,1,新潟,4,09,500万下,23,芝,0,1200,稍,パーソナルベスト  ,牝,5,江田照男,55.0,16,13,16,16,0,2.2,16,71.3,"1113",0,0,0,14,15,36,418,伊藤正徳,美,0,12105253,00689,00383,0417140913,坂田行夫,酒井牧場,アルデバラン2,エミリア,サンデーサイレンス,鹿毛,120410,  138.3,  ,    ,48.1
17,05,07,1,新潟,4,09,500万下,23,芝,0,1200,稍,フェルクレール    ,牝,4,木幡初也,53.0,16,14,6,6,0,0.3,5,69.4,"1094",0,0,0,9,10,34.8,418,尾形和幸,美,0,13102278,01153,01141,0417140914,米津佳昭,木下牧場,ドリームジャーニー,ウェルカムミレニアム,Kendor,芦毛,130305,   11.4,  ,    ,49.4
17,05,07,1,新潟,4,09,500万下,23,芝,0,1200,稍,ハイレベルバイオ  ,牝,5,石橋脩,55.0,16,15,3,3,0,0.2,9,69.3,"1093",0,0,0,5,5,35.1,502,牧光二,美,190,12104828,01077,01106,0417140915,バイオ,ノーザンファーム,マンハッタンカフェ,ボシンシェ,Kingmambo,黒鹿,120221,   19.2,  ,    ,47.4
17,05,07,1,新潟,4,09,500万下,23,芝,0,1200,稍,メイショウベニフジ,牝,4,伴啓太,53.0,16,16,13,13,0,1,13,70.1,"1101",0,0,0,11,11,35.4,438,池添兼雄,栗,0,13103488,01149,01021,0417140916,松本好雄,太陽牧場,タイキシャトル,ミスティックライト,Machiavellian,黒鹿,130419,   50.3,  ,    ,48.0
17,05,07,1,新潟,4,10,荒川峡特500,23,芝,0,2400,稍,タガノアーバニティ,牡,4,古川吉洋,57.0,12,01,11,11,0,1.4,10,150.9,"2309",0,1,1,1,1,37.8,486,宮徹,栗,0,13101713,01015,01018,0417141001,八木良司,新冠タガノファーム,ゼンノロブロイ,ウインディアナ,サンダーガルチ,栗毛,130329,   60.5,  ,    ,49.7
17,05,07,1,新潟,4,10,荒川峡特500,23,芝,0,2400,稍,ユークリッド      ,牡,4,丸山元気,57.0,12,02,6,6,0,0.5,3,150,"2300",0,2,2,2,2,36.7,504,尾関知人,美,0,13105233,01127,01103,0417141002,サンデーレーシング,追分ファーム,ハービンジャー,オルティア,"Saint Ballado",栗毛,130322,    5.3,  ,    ,52.9
17,05,07,1,新潟,4,10,荒川峡特500,23,芝,0,2400,稍,ダイチラディウス  ,牡,4,原田和真,57.0,12,03,10,10,0,1,11,150.5,"2305",0,8,8,9,9,36.5,468,和田雄二,美,0,13102829,01143,01143,0417141003,荻伏服部牧場,荻伏服部牧場,キングヘイロー,クリスタルヴィオレ,"Skip Away",鹿毛,130417,   63.7,  ,    ,54.1
17,05,07,1,新潟,4,10,荒川峡特500,23,芝,0,2400,稍,プラウドウルフ    ,牡,6,木幡初広,57.0,12,04,12,12,0,1.8,12,151.3,"2313",0,3,3,6,7,37.5,480,高橋祥泰,美,0,11101740,00629,00359,0417141004,鈴木芳夫,岡田スタツド,マツリダゴッホ,キョウエイマリー,ヘクタープロテクター,栃栗,110515,  107.0,  ,    ,51.2
17,05,07,1,新潟,4,10,荒川峡特500,23,芝,0,2400,稍,ヴァンデミエール  ,牝,6,江田照男,55.0,12,05,8,8,0,0.8,9,150.3,"2303",0,11,11,12,11,36,446,伊藤大士,美,0,11105232,00689,01109,0417141005,ミルファーム,ビッグレッドファー,アサクサデンエン,マイネアクティース,タマモクロス,鹿毛,110303,   55.5,  ,    ,55.8
17,05,07,1,新潟,4,10,荒川峡特500,23,芝,0,2400,稍,アスコットチャンプ,牡,4,勝浦正樹,57.0,12,06,5,5,0,0.5,8,150,"2300",0,9,8,6,5,36.2,462,新開幸一,美,105,13105386,01025,01116,0417141006,星野隆男,社台ファーム,ハービンジャー,ウララカ,ワイルドラッシュ,栗毛,130502,   31.4,  ,    ,54.8
17,05,07,1,新潟,4,10,荒川峡特500,23,芝,0,2400,稍,エアワイバーン    ,牡,4,津村明秀,57.0,12,07,3,3,0,0.3,2,149.8,"2298",0,10,10,9,9,35.8,538,角居勝彦,栗,260,13106002,01092,01053,0417141007,ラッキーフィールド,ノーザンファーム,ハービンジャー,ネオイリュージョン,ネオユニヴァース,青鹿,130202,    4.3,  ,    ,56.1
17,05,07,1,新潟,4,10,荒川峡特500,23,芝,0,2400,稍,ラッシュアワー    ,牡,4,小野寺祐,57.0,12,08,2,2,0,0.2,6,149.7,"2297",0,12,11,11,11,35.5,496,木村哲也,美,420,13100555,01123,01126,0417141008,ゴドルフィン,ダーレー・ジャパン,ストーミングホーム,アドニータ,Singspiel,黒鹿,130201,   14.8,  ,    ,57.2
17,05,07,1,新潟,4,10,荒川峡特500,23,芝,0,2400,稍,フォイヤーヴェルク,牡,4,石橋脩,57.0,12,09,1,1,0,-0.2,1,149.5,"2295",0,3,3,3,3,36,438,池江泰寿,栗,1050,13106000,01077,01071,0417141009,サンデーレーシング,ノーザンファーム,ディープインパクト,ナイトマジック,Sholokhov,青鹿,130223,    2.5,  ,    ,55.1
17,05,07,1,新潟,4,10,荒川峡特500,23,芝,0,2400,稍,ハギノカエラ      ,牝,4,坂井瑠星,55.0,12,10,9,9,0,0.8,7,150.3,"2303",0,5,5,6,7,36.5,404,鮫島一歩,栗,0,13103160,01163,01046,0417141010,安岡美津子,村下明博,ハービンジャー,ハギノプリンセス,サンデーサイレンス,栗毛,130506,   29.0,  ,    ,53.9
17,05,07,1,新潟,4,10,荒川峡特500,23,芝,0,2400,稍,ナンヨーテンプル  ,牡,5,和田竜二,57.0,12,11,7,7,0,0.7,5,150.2,"2302",0,5,5,5,5,36.5,498,奥平雅士,美,0,12102939,01018,01074,0417141011,中村徳也,桜井牧場,ゼンノロブロイ,ハイカックウ,"High Chaparral",黒鹿,120324,   12.9,  ,    ,53.8
17,05,07,1,新潟,4,10,荒川峡特500,23,芝,0,2400,稍,ジャストコーズ    ,牡,4,浜中俊,57.0,12,12,4,4,0,0.4,4,149.9,"2299",0,5,5,3,3,36.3,510,岡田稲男,栗,160,13105332,01115,01066,0417141012,社台レースホース,社台コーポレーショ,マンハッタンカフェ,ラリーズン,Labeeb,青鹿,130218,    5.7,  ,    ,54.3
17,05,07,1,新潟,4,11,新潟大賞ＨG3,163,芝,8,2000,稍,トルークマクト    ,牡,7,江田照男,54.0,16,01,6,6,0,0.6,7,119.2,"1592",0,0,0,13,12,34.1,464,尾関知人,美,0,10102243,00689,01103,0417141101,ミルファーム,バンダム牧場,アドマイヤジャパン,ロゼ,"High Chaparral",鹿毛,100414,   23.6,  ,    ,57.0
17,05,07,1,新潟,4,11,新潟大賞ＨG3,163,芝,8,2000,稍,サンデーウィザード,牡,5,石橋脩,55.0,16,02,1,1,0,0,3,118.6,"1586",0,0,0,6,6,34.1,450,大久保龍,栗,4100,12104659,01077,01058,0417141102,巽祐子,ノーザンファーム,ネオユニヴァース,シーズインクルーデッド,Include,鹿毛,120214,    5.5,  ,    ,56.2
17,05,07,1,新潟,4,11,新潟大賞ＨG3,163,芝,8,2000,稍,モズライジン      ,牡,5,熊沢重文,55.0,16,03,16,16,0,3.1,13,121.7,"2017",0,0,0,9,9,36.9,478,矢作芳人,栗,0,12101974,00652,01075,0417141103,キャピタル・システ,目黒牧場,クロフネ,グランプリオーロラ,ウォーニング,芦毛,120324,   70.0,  ,    ,48.5
17,05,07,1,新潟,4,11,新潟大賞ＨG3,163,芝,8,2000,稍,シャイニープリンス,牡,7,津村明秀,56.5,16,04,14,14,0,1.4,6,120,"2000",0,0,0,9,10,35.3,498,栗田博憲,美,0,10100035,01092,00341,0417141104,小林昌志,コアレススタッド,キングヘイロー,ダイタクピア,リンドシェーバー,青鹿,100426,   17.5,  ,    ,52.8
17,05,07,1,新潟,4,11,新潟大賞ＨG3,163,芝,8,2000,稍,パリカラノテガミ  ,牡,6,木幡巧也,53.0,16,05,10,10,0,1,8,119.6,"1596",0,0,0,12,12,34.7,450,清水英克,美,0,11101814,01162,01080,0417141105,嶋田賢,岡田牧場,ジャングルポケット,シンコウローズ,ブライアンズタイム,鹿毛,110514,   25.9,  ,    ,54.9
17,05,07,1,新潟,4,11,新潟大賞ＨG3,163,芝,8,2000,稍,マイネルフロスト  ,牡,6,丹内祐次,57.0,16,06,2,2,0,0,11,118.6,"1586",0,0,0,2,2,34.3,488,高木登,美,1600,11106350,01091,01088,0417141106,サラブレッドクラブ,競優牧場,ブラックタイド,スリースノーグラス,グラスワンダー,芦毛,110308,   39.8,  ,    ,55.3
17,05,07,1,新潟,4,11,新潟大賞ＨG3,163,芝,8,2000,稍,ジュンヴァルカン  ,牡,4,藤岡康太,55.0,16,07,15,15,0,2.2,2,120.8,"2008",0,0,0,16,15,35.5,524,友道康夫,栗,0,13106033,01116,01061,0417141107,河合純二,ノーザンファーム,ネオユニヴァース,ピンクリップス,エンドスウィープ,鹿毛,130215,    4.6,  ,    ,53.0
17,05,07,1,新潟,4,11,新潟大賞ＨG3,163,芝,8,2000,稍,フルーキー        ,牡,7,和田竜二,57.5,16,08,4,4,0,0.3,4,118.9,"1589",0,0,0,15,15,33.6,498,角居勝彦,栗,620,10104134,01018,01053,0417141108,金子真人ホールディ,ノーザンファーム,"Redoute's Choice",サンデースマイル2,"Sunday Silence",青鹿,100331,   10.7,  ,    ,58.8
17,05,07,1,新潟,4,11,新潟大賞ＨG3,163,芝,8,2000,稍,ロンギングダンサー,牡,8,横山和生,54.0,16,09,9,9,0,0.8,9,119.4,"1594",0,0,0,13,12,34.4,488,田村康仁,美,0,09105855,01140,01027,0417141109,坂本浩一,社台ファーム,シンボリクリスエス,ダンスパートナー,サンデーサイレンス,黒鹿,090224,   31.5,  ,    ,55.9
17,05,07,1,新潟,4,11,新潟大賞ＨG3,163,芝,8,2000,稍,バロンドゥフォール,セ,7,古川吉洋,53.0,16,10,5,5,0,0.6,10,119.2,"1592",0,0,0,8,7,34.5,474,久保田貴,美,410,10104343,01015,01067,0417141110,窪田康志,ノーザンファーム,ディープインパクト,ラトラヴィアータ,サクラユタカオー,鹿毛,100303,   35.5,  ,    ,55.2
17,05,07,1,新潟,4,11,新潟大賞ＨG3,163,芝,8,2000,稍,メートルダール    ,牡,4,浜中俊,55.0,16,11,3,3,0,0.3,1,118.9,"1589",0,0,0,9,10,34.1,482,戸田博文,美,1000,13105785,01115,01054,0417141111,キャロットファーム,ノーザンファーム,ゼンノロブロイ,イグジビットワン,"Silver Hawk",鹿毛,130222,    2.4,  ,    ,56.6
17,05,07,1,新潟,4,11,新潟大賞ＨG3,163,芝,8,2000,稍,ウインインスパイア,牡,6,坂井瑠星,52.0,16,12,12,12,0,1.2,16,119.8,"1598",0,0,0,4,4,35.3,458,高橋祥泰,美,0,11101476,01163,00359,0417141112,ウイン,本桐牧場,タニノギムレット,ハギノオマージュ,サンデーサイレンス,黒鹿,110405,  120.8,  ,    ,52.6
17,05,07,1,新潟,4,11,新潟大賞ＨG3,163,芝,8,2000,稍,レッドソロモン    ,牡,5,勝浦正樹,56.0,16,13,13,13,0,1.2,5,119.8,"1598",0,0,0,6,7,35.1,488,庄野靖志,栗,0,12104519,01025,01087,0417141113,東京ホースレーシン,ノーザンファーム,メイショウサムソン,アドマイヤリッチ,サンデーサイレンス,鹿毛,120324,   13.9,  ,    ,53.4
17,05,07,1,新潟,4,11,新潟大賞ＨG3,163,芝,8,2000,稍,ムスカテール      ,牡,9,丸山元気,56.0,16,14,7,7,0,0.6,14,119.2,"1592",0,0,0,3,3,34.8,482,友道康夫,栗,0,08103165,01127,01061,0417141114,吉田勝己,ノーザンファーム,マヤノトップガン,シェリール,サンデーサイレンス,黒鹿,080418,   92.1,  ,    ,53.9
17,05,07,1,新潟,4,11,新潟大賞ＨG3,163,芝,8,2000,稍,シャドウウィザード,セ,7,菱田裕二,52.0,16,15,11,11,0,1.1,12,119.7,"1597",0,0,0,5,4,35.2,480,勢司和浩,美,0,10104875,01144,01047,0417141115,飯塚知一,成隆牧場,ハーツクライ,シャドウエルフ,Cozzene,黒鹿,100423,   49.8,  ,    ,52.9
17,05,07,1,新潟,4,11,新潟大賞ＨG3,163,芝,8,2000,稍,トーセンレーヴ    ,牡,9,秋山真一,57.0,16,16,8,8,0,0.7,15,119.3,"1593",0,0,0,1,1,35.2,488,池江泰寿,栗,0,08103273,01019,01071,0417141116,島川隆哉,ノーザンファーム,ディープインパクト,ビワハイジ,Caerleon,鹿毛,080321,  109.5,  ,    ,52.4
17,05,07,1,新潟,4,12,中ノ岳特1000,43,ダ,1,1800,稍,ゼンノスサノヲ    ,牡,6,熊沢重文,57.0,15,01,7,7,0,1.9,11,115.7,"1557",0,9,8,10,11,39.8,482,杉山晴紀,栗,0,11105337,00652,01157,0417141201,大迫久美子,村上欽哉,ゼンノロブロイ,ウインディアナ,サンダーガルチ,栗毛,110322,   45.6,  ,    ,45.4
17,05,07,1,新潟,4,12,中ノ岳特1000,43,ダ,1,1800,稍,アスタキサンチン  ,牝,5,菱田裕二,55.0,15,02,8,8,0,2.3,13,116.1,"1561",0,9,10,13,13,39.9,470,松下武士,栗,0,12105245,01144,01149,0417141202,三宅勝俊,小葉松幸雄,ヴリル,テンセイフジ,ハウスバスター,栗毛,120506,   62.9,  ,    ,45.5
17,05,07,1,新潟,4,12,中ノ岳特1000,43,ダ,1,1800,稍,サンライズレーヴ  ,牡,6,義英真,57.0,15,03,6,6,0,1.8,12,115.6,"1556",0,11,11,13,13,39.5,484,崎山博樹,栗,0,11106130,01155,00365,0417141203,松岡隆雄,ミリオンファーム,サンライズペガサス,ティボリサンライズ,ティンバーカントリー,栗毛,110225,   56.1,  ,    ,46.3
17,05,07,1,新潟,4,12,中ノ岳特1000,43,ダ,1,1800,稍,ケイツートール    ,牡,4,西田雄一,57.0,15,04,13,13,0,2.9,15,116.7,"1567",0,14,13,11,9,40.7,496,蛯名利弘,美,0,13101647,01004,01131,0417141204,楠本勝美,飛渡牧場,ディープスカイ,アジアンリゾート,Capote,青鹿,130512,  143.6,  ,    ,43.4
17,05,07,1,新潟,4,12,中ノ岳特1000,43,ダ,1,1800,稍,イーストオブザサン,牡,4,鮫島克駿,57.0,15,05,1,1,0,-0.5,4,113.8,"1538",0,5,6,7,6,38.3,470,浅見秀一,栗,1500,13105526,01157,00411,0417141205,三田昌宏,社台ファーム,キングカメハメハ,タックスシェルター,フジキセキ,黒鹿,130314,    9.3,  ,    ,48.6
17,05,07,1,新潟,4,12,中ノ岳特1000,43,ダ,1,1800,稍,ディアドナテロ    ,牡,5,丸山元気,57.0,15,06,4,4,0,0.9,2,114.7,"1547",0,3,4,3,3,39.4,482,池上昌弘,美,230,12100361,01127,00390,0417141206,ディアレストクラブ,武田牧場,スウィフトカレント,ハイフリート,アフリート,黒鹿,120430,    4.6,  ,    ,45.6
17,05,07,1,新潟,4,12,中ノ岳特1000,43,ダ,1,1800,稍,ペイシャゴンジセ  ,牡,6,江田照男,57.0,15,07,9,9,0,2.4,14,116.2,"1562",0,13,13,3,5,40.9,492,本間忍,美,0,11104825,00689,01056,0417141207,北所直人,隆栄牧場,ストーミングホーム,ガデスオブマーシー,ラストタイクーン,鹿毛,110507,   76.5,  ,    ,42.1
17,05,07,1,新潟,4,12,中ノ岳特1000,43,ダ,1,1800,稍,アスタリスク      ,牡,4,勝浦正樹,57.0,15,08,12,12,0,2.8,10,116.6,"1566",0,5,5,9,9,41,474,奥村武,美,0,13104917,01025,01145,0417141208,石川達絵,山際智,ブラックタイド,エンゼルジョーカー,ブライアンズタイム,鹿毛,130430,   41.7,  ,    ,42.2
17,05,07,1,新潟,4,12,中ノ岳特1000,43,ダ,1,1800,稍,デモニオ          ,牡,6,津村明秀,57.0,15,09,14,14,0,5.1,5,118.9,"1589",0,14,15,15,15,42.2,496,西村真幸,栗,0,11103894,01092,01148,0417141209,サンデーレーシング,ノーザンファーム,ネオユニヴァース,シーザバッドガール,"Giant's Causeway",青毛,110129,   15.0,  ,    ,40.9
17,05,07,1,新潟,4,12,中ノ岳特1000,43,ダ,1,1800,稍,アルカサル        ,牡,4,秋山真一,57.0,15,10,10,10,0,2.4,3,116.2,"1562",0,12,11,11,12,40.2,530,大竹正博,美,0,13105771,01019,01102,0417141210,サンデーレーシング,ノーザンファーム,ドリームジャーニー,アビラ,"Rock of Gibraltar",青鹿,130303,    7.3,  ,    ,44.5
17,05,07,1,新潟,4,12,中ノ岳特1000,43,ダ,1,1800,稍,アルセナーレ      ,牝,4,木幡巧也,55.0,15,11,2,2,0,0.5,9,114.3,"1543",0,1,1,1,1,39.5,520,新開幸一,美,600,13102296,01162,01116,0417141211,ロードホースクラブ,ケイアイファーム,クロフネ,エアジュリアード,スペシャルウィーク,鹿毛,130315,   26.0,  ,    ,44.7
17,05,07,1,新潟,4,12,中ノ岳特1000,43,ダ,1,1800,稍,リアリスト        ,牡,4,藤岡康太,57.0,15,12,3,3,0,0.6,1,114.4,"1544",0,5,6,3,3,39.2,488,相沢郁,美,380,13106143,01116,01020,0417141212,吉澤克己,ノーザンファーム,ゼンノロブロイ,リアリサトリス,Numerous,鹿毛,130411,    2.2,  ,    ,45.9
17,05,07,1,新潟,4,12,中ノ岳特1000,43,ダ,1,1800,稍,ナンヨーファミユ  ,牡,4,石橋脩,57.0,15,13,15,15,0,8.9,7,122.7,"2027",0,3,3,3,6,47.5,468,斎藤誠,美,0,13106042,01077,01086,0417141213,中村徳也,ノーザンファーム,ワイルドラッシュ,フォトジェニー,スペシャルウィーク,鹿毛,130225,   21.6,  ,    ,29.2
17,05,07,1,新潟,4,12,中ノ岳特1000,43,ダ,1,1800,稍,コスモバーダン    ,牡,5,和田竜二,57.0,15,14,5,5,0,1.4,6,115.2,"1552",0,2,2,2,2,40.3,524,水野貴広,美,150,12102942,01018,01094,0417141214,ビッグレッドファー,大西ファーム,ヴァーミリアン,レディラック,タイキシャトル,鹿毛,120421,   16.5,  ,    ,42.9
17,05,07,1,新潟,4,12,中ノ岳特1000,43,ダ,1,1800,稍,コスモボアソルテ  ,牡,5,丹内祐次,57.0,15,15,11,11,0,2.8,8,116.6,"1566",0,8,8,7,8,41.1,498,蛯名利弘,美,0,12102604,01091,01131,0417141215,ビッグレッドファー,元茂義一,シルバーチャーム,アイラブユーモア,ジェイドロバリー,芦毛,120414,   25.6,  ,    ,41.8
17,05,13,1,新潟,5,01,障害・オープ,131,芝,2,3290,稍,アドマイヤフォルム,牡,4,高田潤,59.0,14,01,13,13,0,5,11,220.9,"3409",0,11,10,14,14,13.4,474,中尾秀正,栗,0,13105989,01046,01069,0417150101,近藤利一,ノーザンファーム,クロフネ,トラヴェシーア,ディープインパクト,黒鹿,130507,   49.5,  ,    , 0.0
17,05,13,1,新潟,5,01,障害・オープ,131,芝,2,3290,稍,レッドヴィーヴォ  ,セ,7,上野翔,60.0,14,02,9,9,0,2.1,12,218,"3380",0,13,14,13,12,13.3,460,鹿戸雄一,美,0,10103686,01087,01097,0417150102,東京ホースレーシン,社台ファーム,ジャングルポケット,ヴィヴァチッシモ,サクラバクシンオー,黒鹿,100512,  102.3,  ,    , 0.0
17,05,13,1,新潟,5,01,障害・オープ,131,芝,2,3290,稍,メイショウライナー,牡,7,難波剛健,60.0,14,03,4,4,0,0.9,5,216.8,"3368",0,6,6,5,5,13.2,482,高橋義忠,栗,200,10102111,01066,01129,0417150103,松本好隆,小島牧場,キングヘイロー,ナナヨーティアラ,マイネルラヴ,鹿毛,100416,   18.8,  ,    , 0.0
17,05,13,1,新潟,5,01,障害・オープ,131,芝,2,3290,稍,コンコード        ,牡,5,石神深一,61.0,14,04,5,5,0,1.3,2,217.2,"3372",0,8,9,8,7,13.2,528,武井亮,美,135,12105255,01059,01147,0417150104,林正道,酒井牧場,エンパイアメーカー,トゥハーモニー,サンデーサイレンス,鹿毛,120406,    5.6,  ,    , 0.0
17,05,13,1,新潟,5,01,障害・オープ,131,芝,2,3290,稍,ルグランシェクル  ,牡,4,大江原圭,59.0,14,05,6,6,0,1.6,14,217.5,"3375",0,10,10,6,6,13.2,456,大江原哲,美,0,13100218,01120,01012,0417150105,藤田岳彦,木村牧場,パイロ,バラベルサイユ,アグネスデジタル,黒鹿,130303,  151.2,  ,    , 0.0
17,05,13,1,新潟,5,01,障害・オープ,131,芝,2,3290,稍,ハギノパトリオット,セ,5,熊沢重文,61.0,14,06,1,1,0,-0.3,1,215.9,"3359",0,8,7,3,2,13.1,460,松田国英,栗,1350,12104966,00652,01011,0417150106,日隈良江,エクセルマネジメン,キングカメハメハ,エリモファイナル,オペラハウス,黒鹿,120320,    1.7,  ,    , 0.0
17,05,13,1,新潟,5,01,障害・オープ,131,芝,2,3290,稍,ダノンゴールド    ,セ,8,五十嵐雄,62.0,14,07,2,2,0,0.3,3,216.2,"3362",0,1,1,1,1,13.1,538,藤沢和雄,美,540,09106014,01069,00386,0417150107,ダノックス,社台ファーム,ゴールドアリュール,ライブリーチューン,"Dixieland Band",黒鹿,090306,    7.4,  ,    , 0.0
17,05,13,1,新潟,5,01,障害・オープ,131,芝,2,3290,稍,ポセイドンバローズ,牡,7,小坂忠士,60.0,14,08,8,8,0,1.7,10,217.6,"3376",0,13,12,11,9,13.2,478,渡辺薫彦,栗,0,10105787,01063,01155,0417150108,猪熊広次,新冠橋本牧場,ハーツクライ,ダディーズシューズ,サクラユタカオー,栗毛,100504,   46.5,  ,    , 0.0
17,05,13,1,新潟,5,01,障害・オープ,131,芝,2,3290,稍,メイショウルンバ  ,牝,6,黒岩悠,58.0,14,09,11,11,0,4.2,9,220.1,"3401",0,6,7,8,8,13.4,492,角居勝彦,栗,0,11106067,01072,01053,0417150109,松本好雄,三嶋牧場,マツリダゴッホ,ヴァリッドアンセム,"Valid Appeal",栗毛,110429,   32.9,  ,    , 0.0
17,05,13,1,新潟,5,01,障害・オープ,131,芝,2,3290,稍,コージェント      ,牡,4,浜野谷憲,59.0,14,10,14,14,0,6.7,6,222.6,"3426",0,5,5,6,10,13.5,538,竹内正洋,美,0,13102855,00695,01152,0417150110,水上行雄,笠松牧場,ファスリエフ,ラフォルトゥナ,サンデーサイレンス,鹿毛,130411,   20.5,  ,    , 0.0
17,05,13,1,新潟,5,01,障害・オープ,131,芝,2,3290,稍,グッドスカイ      ,牝,4,森一馬,58.0,14,11,3,3,0,0.3,4,216.2,"3362",0,4,4,2,2,13.1,472,松元茂樹,栗,340,13106062,01139,00419,0417150111,杉立恭平,ノーザンファーム,ステイゴールド,プラチナチャリス,"Rock of Gibraltar",鹿毛,130209,    8.3,  ,    , 0.0
17,05,13,1,新潟,5,01,障害・オープ,131,芝,2,3290,稍,シゲルナガイワシ  ,牡,4,植野貴也,59.0,14,12,7,7,0,1.6,8,217.5,"3375",0,11,12,11,12,13.2,458,松永康利,美,0,13100894,00727,01093,0417150112,森中蕃,船越牧場,ブラックタキシード,ヤマノビーナス,ラストタイクーン,栗毛,130203,   32.8,  ,    , 0.0
17,05,13,1,新潟,5,01,障害・オープ,131,芝,2,3290,稍,マイネルポルトゥス,牡,5,大庭和弥,60.0,14,13,12,12,0,4.5,13,220.4,"3404",0,2,2,8,10,13.4,496,伊藤伸一,美,0,12103115,01061,01031,0417150113,サラブレッドクラブ,谷藤弘美,ロージズインメイ,コスモボヤージュ,ピルサドスキー,鹿毛,120402,  129.7,  ,    , 0.0
17,05,13,1,新潟,5,01,障害・オープ,131,芝,2,3290,稍,マイネルイルミナル,牡,7,山本康志,60.0,14,14,10,10,0,2.1,7,218,"3380",0,3,3,3,4,13.3,476,中野栄治,美,0,10100777,01008,01010,0417150114,サラブレッドクラブ,富川田中牧場,メジロベイリー,マイネアクティース,タマモクロス,鹿毛,100309,   32.4,  ,    , 0.0
17,05,13,1,新潟,5,02,未勝利・若,7,ダ,1,1800,稍,メイショウサワカゼ,牡,3,小崎綾也,55.0,15,01,6,6,0,2.2,11,117.9,"1579",0,12,15,15,14,38.9,430,本田優,栗,0,14103569,01152,01099,0417150201,松本好雄,三嶋牧場,メイショウボーラー,メイショウコブシ,スペシャルウィーク,鹿毛,140509,   64.7,  ,    ,51.5
17,05,13,1,新潟,5,02,未勝利・若,7,ダ,1,1800,稍,ヴェストリス      ,牡,3,藤懸貴志,56.0,15,02,13,13,0,3.1,10,118.8,"1588",0,9,12,14,14,40.1,506,中竹和也,栗,0,14105316,01138,01039,0417150202,G1レーシング,追分ファーム,ストリートセンス,ラバヤデール,サンデーサイレンス,鹿毛,140408,   33.9,  ,    ,48.1
17,05,13,1,新潟,5,02,未勝利・若,7,ダ,1,1800,稍,トーホウケタール  ,牡,3,城戸義政,54.0,15,03,12,12,0,2.9,15,118.6,"1586",0,12,12,11,12,40.1,474,本田優,栗,0,14102118,01147,01099,0417150203,東豊物産,竹島幸治,ワークフォース,トーホウスキャット,アグネスタキオン,鹿毛,140520,  240.9,  ,    ,47.9
17,05,13,1,新潟,5,02,未勝利・若,7,ダ,1,1800,稍,ホウオウステップ  ,牡,3,藤田菜七,53.0,15,04,8,8,0,2.3,6,118,"1580",0,12,9,7,6,40,460,奥村武,美,0,14105450,01164,01145,0417150204,小笹芳央,社台ファーム,ハービンジャー,オルトリンデ,ダンスインザダーク,栗毛,140318,   10.6,  ,    ,47.5
17,05,13,1,新潟,5,02,未勝利・若,7,ダ,1,1800,稍,ダンツブレーブ    ,牡,3,川又賢治,53.0,15,05,3,3,0,0.5,1,116.2,"1562",0,4,3,3,3,38.8,452,山内研二,栗,130,14102305,01166,00388,0417150205,山元哲二,長田ファーム,キングヘイロー,アラブランカ,ディアブロ,芦毛,140405,    2.8,  ,    ,49.7
17,05,13,1,新潟,5,02,未勝利・若,7,ダ,1,1800,稍,シロイバラ        ,牡,3,森一馬,56.0,15,06,7,7,0,2.3,12,118,"1580",0,5,6,7,8,40.1,470,和田正道,美,0,14102080,01139,00353,0417150206,和田牧場,スマイルファーム,カジノドライヴ,ファーストウインク,ロージズインメイ,栗毛,140321,  114.7,  ,    ,47.1
17,05,13,1,新潟,5,02,未勝利・若,7,ダ,1,1800,稍,アポロストロング  ,牡,3,原田和真,56.0,15,07,10,10,0,2.5,7,118.2,"1582",0,5,5,5,6,40.5,492,栗田徹,美,0,14104118,01143,01127,0417150207,アポロサラブレッド,今野活博,アポロキングダム,パラダイスキャリー,ブラックタキシード,栗毛,140518,   14.7,  ,    ,45.9
17,05,13,1,新潟,5,02,未勝利・若,7,ダ,1,1800,稍,ゼルビーノ        ,牡,3,加藤祥太,55.0,15,08,5,5,0,2.1,4,117.8,"1578",0,5,6,5,5,40.1,468,西園正都,栗,50,14106158,01156,01028,0417150208,キャロットファーム,ノーザンファーム,ゴールドアリュール,マチカネホレルナヨ,Caerleon,栗毛,140429,    6.8,  ,    ,46.9
17,05,13,1,新潟,5,02,未勝利・若,7,ダ,1,1800,稍,メイショウレーベン,牡,3,菊沢一樹,53.0,15,09,9,9,0,2.4,14,118.1,"1581",0,8,9,9,9,39.9,446,飯田祐史,栗,0,14103885,01161,01139,0417150209,松本好隆,鮫川フアーム,ロージズインメイ,メイショウアリス,マンハッタンカフェ,黒鹿,140312,  197.0,  ,    ,48.0
17,05,13,1,新潟,5,02,未勝利・若,7,ダ,1,1800,稍,ティーコア        ,牡,3,鮫島克駿,55.0,15,10,1,1,0,0,2,115.7,"1557",0,2,2,2,2,38.5,492,牧田和弥,栗,500,14101669,01157,01123,0417150210,深見富朗,いとう牧場,スマートファルコン,ナムラメロディー,ジェイドロバリー,栗毛,140515,    6.2,  ,    ,50.3
17,05,13,1,新潟,5,02,未勝利・若,7,ダ,1,1800,稍,メイショウハチク  ,牡,3,坂井瑠星,54.0,15,11,2,2,0,0,3,115.7,"1557",0,1,1,1,1,38.6,458,南井克巳,栗,200,14103896,01163,01049,0417150211,松本好雄,大北牧場,マンハッタンカフェ,エガオヨシ,タイキシャトル,鹿毛,140413,    6.3,  ,    ,49.9
17,05,13,1,新潟,5,02,未勝利・若,7,ダ,1,1800,稍,カジノシップ      ,牡,3,木幡育也,53.0,15,12,15,15,0,3.3,13,119,"1590",0,9,8,9,9,40.8,520,奥村武,美,0,14100200,01167,01145,0417150212,窪田康志,小泉学,カジノドライヴ,ドラゴンシップ,クロフネ,鹿毛,140329,  115.0,  ,    ,45.8
17,05,13,1,新潟,5,02,未勝利・若,7,ダ,1,1800,稍,カフェガーネット  ,牝,3,木幡巧也,53.0,15,13,14,14,0,3.2,9,118.9,"1589",0,15,12,11,11,40.5,460,古賀慎明,美,0,14101369,01162,01079,0417150213,西川光一,三石橋本牧場,カフェオリンポス,カフェドマーニ,マンハッタンカフェ,栗毛,140228,   18.9,  ,    ,46.8
17,05,13,1,新潟,5,02,未勝利・若,7,ダ,1,1800,稍,ストリートスマート,牡,3,和田翼,55.0,15,14,11,11,0,2.8,8,118.5,"1585",0,9,9,11,12,40.1,478,石橋守,栗,0,14104456,01146,01140,0417150214,畑佐博,グランド牧場,スマートボーイ,ヘヴンズムーン,アドマイヤムーン,鹿毛,140428,   18.6,  ,    ,47.8
17,05,13,1,新潟,5,02,未勝利・若,7,ダ,1,1800,稍,ウインコーラル    ,牡,3,木幡初也,54.0,15,15,4,4,0,2.1,5,117.8,"1578",0,2,3,3,3,40.4,480,黒岩陽一,美,75,14104695,01153,01133,0417150215,ウイン,田原橋本牧場,パイロ,サンゴノウミヲ,フジキセキ,栗毛,140401,   10.3,  ,    ,45.8
17,05,13,1,新潟,5,03,未勝利,7,ダ,1,1200,稍,セローフォース    ,牡,3,鮫島克駿,55.0,15,01,1,1,0,-0.5,6,73.2,"1132",0,0,0,4,3,38.3,502,池添学,栗,500,14105075,01157,01144,0417150301,カナヤマホールディ,藤原牧場,ワークフォース,テンザンオトヒメ,フジキセキ,鹿毛,140227,   14.5,  ,    ,41.1
17,05,13,1,新潟,5,03,未勝利,7,ダ,1,1200,稍,ディスカバー      ,牡,3,津村明秀,56.0,15,02,7,7,0,1.4,5,74.6,"1146",0,0,0,8,10,39,454,畠山吉宏,美,0,14105545,01092,01048,0417150302,村野康司,社台ファーム,ゼンノロブロイ,スペシャルポケット,ジャングルポケット,鹿毛,140222,   12.5,  ,    ,41.3
17,05,13,1,新潟,5,03,未勝利,7,ダ,1,1200,稍,ペイシャラジョワ  ,牝,3,伴啓太,52.0,15,03,10,10,0,2,15,75.2,"1152",0,0,0,13,13,39.2,448,青木孝文,美,0,14104881,01149,01156,0417150303,北所直人,友田牧場,ケイムホーム,ラジョワ,Kingmambo,鹿毛,140614,  259.9,  ,    ,41.8
17,05,13,1,新潟,5,03,未勝利,7,ダ,1,1200,稍,メグミ            ,牝,3,宮崎北斗,54.0,15,04,11,11,0,2.1,13,75.3,"1153",0,0,0,7,7,39.9,468,武市康男,美,0,14101330,01118,01089,0417150304,鈴木照雄,前田ファーム,シンボリクリスエス,フィールドボニータ,コロナドズクエスト,黒鹿,140315,  145.4,  ,    ,38.7
17,05,13,1,新潟,5,03,未勝利,7,ダ,1,1200,稍,バンダイクブラウン,牝,3,小崎綾也,53.0,15,05,12,12,0,2.3,8,75.5,"1155",0,0,0,8,10,39.9,450,牧浦充徳,栗,0,14104006,01152,01113,0417150305,松田整二,福岡光夫,タイキシャトル,シルキーリリー,ティンバーカントリー,栗毛,140517,   22.5,  ,    ,39.2
17,05,13,1,新潟,5,03,未勝利,7,ダ,1,1200,稍,シゲルシャチ      ,牡,3,吉田隼人,56.0,15,06,8,8,0,1.4,3,74.6,"1146",0,0,0,8,7,39,466,杉山晴紀,栗,0,14100070,01095,01157,0417150306,森中蕃,石田牧場,カネヒキリ,イシノウォーニング,ムーンバラッド,栗毛,140319,    4.8,  ,    ,41.3
17,05,13,1,新潟,5,03,未勝利,7,ダ,1,1200,稍,コロモホステフ    ,牝,3,伊藤工真,54.0,15,07,14,14,0,4.2,14,77.4,"1174",0,0,0,15,15,40.5,454,金成貴史,美,0,14102167,01119,01132,0417150307,内田玄祥,ダーレー・ジャパン,アドマイヤムーン,ジェネラスオプション,"Cadeaux Genereux",鹿毛,140128,  168.0,  ,    ,41.1
17,05,13,1,新潟,5,03,未勝利,7,ダ,1,1200,稍,ショウブノセック  ,牡,3,丹内祐次,56.0,15,08,5,5,0,1.1,4,74.3,"1143",0,0,0,4,5,39.4,464,尾形和幸,美,50,14102740,01091,01141,0417150308,古賀慎一,上水牧場,サウスヴィグラス,バンダ,キングヘイロー,栗毛,140505,    5.6,  ,    ,38.6
17,05,13,1,新潟,5,03,未勝利,7,ダ,1,1200,稍,コンピレーション  ,牡,3,柴山雄一,56.0,15,09,2,2,0,0.5,1,73.7,"1137",0,0,0,13,10,37.7,470,手塚貴久,美,200,14105813,05243,01038,0417150309,シルクレーシング,ノーザンファーム,ファルブラヴ,アンソロジー,サクラバクシンオー,黒鹿,140416,    3.6,  ,    ,45.5
17,05,13,1,新潟,5,03,未勝利,7,ダ,1,1200,稍,カゼノアスリート  ,牡,3,井上敏樹,54.0,15,10,6,6,0,1.2,12,74.4,"1144",0,0,0,1,1,39.8,410,中舘英二,美,0,14106441,01151,01153,0417150310,深井孟,U・M・A,エイシンアポロン,カゼノジュエリー,"Peace Rules",栗毛,140411,   72.7,  ,    ,36.9
17,05,13,1,新潟,5,03,未勝利,7,ダ,1,1200,稍,モーリーファ      ,牝,3,藤田菜七,51.0,15,11,9,9,0,1.8,9,75,"1150",0,0,0,8,7,39.4,468,和田雄二,美,0,14106019,01164,01143,0417150311,シルクレーシング,ノーザンファーム,ヴァーミリアン,チャイナドール,スペシャルウィーク,黒鹿,140125,   26.9,  ,    ,40.4
17,05,13,1,新潟,5,03,未勝利,7,ダ,1,1200,稍,トミケンスーペル  ,牝,3,木幡巧也,53.0,15,12,4,4,0,0.7,7,73.9,"1139",0,0,0,6,6,38.6,412,竹内正洋,美,75,14102481,01162,01152,0417150312,冨樫賢二,RUMIファーム,バトルプラン,チュウワビーナス,アグネスタキオン,栗毛,140222,   21.3,  ,    ,41.5
17,05,13,1,新潟,5,03,未勝利,7,ダ,1,1200,稍,テソーロ          ,牡,3,坂井瑠星,54.0,15,13,3,3,0,0.7,2,73.9,"1139",0,0,0,2,2,39.1,490,矢作芳人,栗,130,14106131,01163,01075,0417150313,了徳寺健二ホールデ,ノーザンファーム,ダイワメジャー,ベルワトリング,Dushyantor,鹿毛,140127,    4.0,  ,    ,39.0
17,05,13,1,新潟,5,03,未勝利,7,ダ,1,1200,稍,ハッピーサンディー,牝,3,横山武史,51.0,15,14,15,15,0,4.9,11,78.1,"1181",0,0,0,2,3,43.3,468,小笠倫弘,美,0,14102877,01170,01076,0417150314,高木競走馬育成牧場,レイクヴィラファー,カジノドライヴ,ガンアンドローズ,フジキセキ,栗毛,140327,   68.4,  ,    ,30.4
17,05,13,1,新潟,5,03,未勝利,7,ダ,1,1200,稍,ヴァーナルデイズ  ,牡,3,城戸義政,54.0,15,15,13,13,0,2.5,10,75.7,"1157",0,0,0,12,13,39.8,492,高橋康之,栗,0,14105884,01147,01135,0417150315,キャロットファーム,ノーザンレーシング,ファルブラヴ,キャンパスライフ,デュランダル,鹿毛,140326,   44.6,  ,    ,40.2
17,05,13,1,新潟,5,04,障害未勝利,7,芝,2,2890,稍,ジュールドトネール,牡,7,小野寺祐,60.0,11,01,2,2,0,0.3,4,190.5,"3105",0,5,4,4,4,13.2,500,宗像義忠,美,310,10104038,01123,00420,0417150401,吉田和美,ノーザンファーム,ディープインパクト,アーマイン,"Exchange Rate",青鹿,100206,    6.6,  ,    , 0.0
17,05,13,1,新潟,5,04,障害未勝利,7,芝,2,2890,稍,リミットブレイク  ,セ,5,五十嵐雄,60.0,11,02,5,5,0,1.3,8,191.5,"3115",0,1,1,3,3,13.3,516,尾関知人,美,78,12104841,01069,01103,0417150402,シルクレーシング,ノーザンファーム,サクラバクシンオー,マザーウェル,シンボリクリスエス,鹿毛,120215,   35.1,  ,    , 0.0
17,05,13,1,新潟,5,04,障害未勝利,7,芝,2,2890,稍,アルファヴィル    ,牡,4,難波剛健,59.0,11,03,9,9,0,4.8,11,195,"3150",0,3,4,6,7,13.5,456,五十嵐忠,栗,0,13105639,01066,00422,0417150403,三田昌宏,社台ファーム,"King's Best",ボルドグザグ,Layman,芦毛,130328,  103.1,  ,    , 0.0
17,05,13,1,新潟,5,04,障害未勝利,7,芝,2,2890,稍,キヨマサ          ,牡,5,北沢伸也,60.0,11,04,8,8,0,3,7,193.2,"3132",0,7,8,8,9,13.4,488,大根田裕,栗,0,12104946,00691,01032,0417150404,岡浩二,村山光弘,ソングオブウインド,セレスシャイン,アグネスデジタル,黒鹿,120415,   15.8,  ,    , 0.0
17,05,13,1,新潟,5,04,障害未勝利,7,芝,2,2890,稍,クラシックマーク  ,牝,6,石神深一,58.0,11,05,6,6,0,2.1,6,192.3,"3123",0,8,8,8,7,13.3,448,粕谷昌央,美,0,11106573,01059,01096,0417150405,小田切統二,木下牧場,アグネスデジタル,ステキプレゼント,ジェニュイン,栗毛,110427,    9.3,  ,    , 0.0
17,05,13,1,新潟,5,04,障害未勝利,7,芝,2,2890,稍,マックスドリーム  ,セ,10,平沢健治,60.0,11,06,1,1,0,-0.3,5,190.2,"3102",0,8,7,5,4,13.2,536,宮徹,栗,780,07100107,01067,01018,0417150406,山田弘,岡田スタツド,アドマイヤマックス,ドリーミングレイナ,パラダイスクリーク,青鹿,070524,    7.6,  ,    , 0.0
17,05,13,1,新潟,5,04,障害未勝利,7,芝,2,2890,稍,クラウンドリーム  ,牡,4,上野翔,59.0,11,07,3,3,0,0.4,1,190.6,"3106",0,2,2,2,2,13.2,484,伊藤伸一,美,200,13101871,01087,01031,0417150407,矢野まり子,ヒカル牧場,ソングオブウインド,ピュアドリーム,オース,芦毛,130422,    3.5,  ,    , 0.0
17,05,13,1,新潟,5,04,障害未勝利,7,芝,2,2890,稍,サビーナクレスタ  ,セ,6,草野太郎,60.0,11,08,10,10,0,6.9,9,197.1,"3171",0,10,10,10,10,13.6,498,本間忍,美,0,11101732,01113,01056,0417150408,ノルマンディーサラ,岡田スタツド,サクラバクシンオー,キョウエイアン,フォーティナイナー,鹿毛,110514,   72.9,  ,    , 0.0
17,05,13,1,新潟,5,04,障害未勝利,7,芝,2,2890,稍,スリーデーモン    ,牡,7,大庭和弥,60.0,11,09,11,11,0,8.3,10,198.5,"3185",0,11,11,11,11,13.7,532,柄崎孝,美,0,10100115,01061,00380,0417150409,永井商事,びらとり牧場,アサクサデンエン,レオコマチ,ダンスインザダーク,青鹿,100513,   85.7,  ,    , 0.0
17,05,13,1,新潟,5,04,障害未勝利,7,芝,2,2890,稍,クランモンタナ    ,牡,8,熊沢重文,60.0,11,10,7,7,0,3,2,193.2,"3132",0,5,6,6,6,13.4,480,音無秀孝,栗,0,09105738,00652,01002,0417150410,社台レースホース,社台ファーム,ディープインパクト,エアトゥーレ,トニービン,芦毛,090212,    3.5,  ,    , 0.0
17,05,13,1,新潟,5,04,障害未勝利,7,芝,2,2890,稍,レッドルーラー    ,牡,7,西谷誠,60.0,11,11,4,4,0,1.1,3,191.3,"3113",0,3,2,1,1,13.2,500,角居勝彦,栗,120,10104080,01005,01053,0417150411,東京ホースレーシン,ノーザンファーム,キングカメハメハ,ガゼルロワイヤル,"Garde Royale",鹿毛,100212,    5.7,  ,    , 0.0
17,05,13,1,新潟,5,05,未勝利・牝,7,芝,8,1800,稍,ピオニームーン    ,牝,3,坂井瑠星,52.0,16,01,5,5,0,0.3,7,109.1,"1491",0,0,0,3,4,35.5,470,高野友和,栗,50,14105212,01163,01117,0417150501,下河辺隆行,下河辺牧場,マンハッタンカフェ,サンドスラッシュ,"Holy Roman Emperor",鹿毛,140506,   28.7,  ,    ,53.7
17,05,13,1,新潟,5,05,未勝利・牝,7,芝,8,1800,稍,ブラックナイル    ,牝,3,鮫島克駿,53.0,16,02,11,11,0,1.1,6,109.9,"1499",0,0,0,5,5,36.1,494,安田隆行,栗,0,14101090,01157,00438,0417150502,ロードホースクラブ,ケイアイファーム,ルーラーシップ,ジャズキャット,"Storm Cat",黒鹿,140410,   16.7,  ,    ,52.2
17,05,13,1,新潟,5,05,未勝利・牝,7,芝,8,1800,稍,リリーハッピー    ,牝,3,川又賢治,51.0,16,03,12,12,0,1.6,13,110.4,"1504",0,0,0,10,10,35.8,432,平田修,栗,0,14106059,01166,01082,0417150503,土井孝夫,ノーザンファーム,ワークフォース,ハッピーユーゲント,ディープインパクト,鹿毛,140201,  119.9,  ,    ,54.2
17,05,13,1,新潟,5,05,未勝利・牝,7,芝,8,1800,稍,サンエルパソ      ,牝,3,西村太一,54.0,16,04,15,15,0,2.9,15,111.7,"1517",0,0,0,10,10,37.3,418,新開幸一,美,0,14101787,01131,01116,0417150504,加藤ステーブル,賀張中川牧場,ジャングルポケット,アップロー,カコイーシーズ,鹿毛,140424,  139.8,  ,    ,49.7
17,05,13,1,新潟,5,05,未勝利・牝,7,芝,8,1800,稍,フェアリーパウダー,牝,3,横山和生,54.0,16,05,6,6,0,0.4,3,109.2,"1492",0,0,0,8,8,35.1,456,松永幹夫,栗,0,14101958,01140,01092,0417150505,寺田千代乃,下河辺牧場,ハーツクライ,トワイスアップ,"Rock Hard Ten",黒鹿,140119,    6.1,  ,    ,55.6
17,05,13,1,新潟,5,05,未勝利・牝,7,芝,8,1800,稍,ウインラヴィベル  ,牝,3,菱田裕二,54.0,16,06,9,9,0,0.6,11,109.4,"1494",0,0,0,5,7,35.6,398,奥平雅士,美,0,14100234,01144,01074,0417150506,ウイン,コスモヴューファー,ステイゴールド,フリーヴァケイション,"Fly So Free",栗毛,140228,   74.2,  ,    ,53.7
17,05,13,1,新潟,5,05,未勝利・牝,7,芝,8,1800,稍,レーヌジャルダン  ,牝,3,津村明秀,54.0,16,07,1,1,0,0,1,108.8,"1488",0,0,0,5,5,35.1,440,高柳瑞樹,美,500,14105470,01092,01118,0417150507,グリーンファーム,社台ファーム,ディープインパクト,クィーンスプマンテ,ジャングルポケット,鹿毛,140418,    2.1,  ,    ,55.0
17,05,13,1,新潟,5,05,未勝利・牝,7,芝,8,1800,稍,ネーベルホルン    ,牝,3,加藤祥太,53.0,16,08,14,14,0,2.2,9,111,"1510",0,0,0,13,13,36.2,466,笹田和秀,栗,0,14101094,01156,01104,0417150508,ロードホースクラブ,ケイアイファーム,Henrythenavigator,ニンフェアアルバ,Monsun,黒鹿,140322,   52.7,  ,    ,53.3
17,05,13,1,新潟,5,05,未勝利・牝,7,芝,8,1800,稍,ライブリハナメ    ,牝,3,勝浦正樹,54.0,16,09,8,8,0,0.5,14,109.3,"1493",0,0,0,1,1,36,442,森田直行,栗,0,14104956,01025,01142,0417150509,加藤哲郎,畠山牧場,ディープブリランテ,シルクマイホーム,"Storming Home",鹿毛,140318,  129.9,  ,    ,51.8
17,05,13,1,新潟,5,05,未勝利・牝,7,芝,8,1800,稍,モーヴ            ,牝,3,秋山真一,54.0,16,10,7,7,0,0.5,8,109.3,"1493",0,0,0,10,10,35,420,高橋亮,栗,0,14105444,01019,01136,0417150510,原禮子,社台ファーム,シンボリクリスエス,オメガグレイス,サンデーサイレンス,青鹿,140227,   47.5,  ,    ,56.1
17,05,13,1,新潟,5,05,未勝利・牝,7,芝,8,1800,稍,グラニーズチップス,牝,3,北村友一,54.0,16,11,4,4,0,0.1,2,108.9,"1489",0,0,0,8,8,34.9,486,藤原英昭,栗,75,14105916,01102,01055,0417150511,キャロットファーム,ノーザンファーム,ハーツクライ,ココシュニック,クロフネ,芦毛,140315,    4.1,  ,    ,56.0
17,05,13,1,新潟,5,05,未勝利・牝,7,芝,8,1800,稍,ピンキージョーンズ,牝,3,丹内祐次,54.0,16,12,2,2,0,0,4,108.8,"1488",0,0,0,2,2,35.4,422,清水英克,美,200,14100705,01091,01080,0417150512,ビッグレッドファー,ビッグレッドファー,アイルハヴアナザー,スーパーウーマン,マーベラスサンデー,栗毛,140513,    9.9,  ,    ,53.7
17,05,13,1,新潟,5,05,未勝利・牝,7,芝,8,1800,稍,マリノレイラ      ,牝,3,小崎綾也,53.0,16,13,16,16,0,3.3,16,112.1,"1521",0,0,0,14,15,37.2,466,斎藤誠,美,0,14101842,01152,01086,0417150513,クラウン,クラウン日高牧場,グラスワンダー,チャップ,ダンシングブレーヴ,黒鹿,140312,  204.8,  ,    ,50.7
17,05,13,1,新潟,5,05,未勝利・牝,7,芝,8,1800,稍,スペシャルタレント,牝,3,井上敏樹,52.0,16,14,13,13,0,1.6,10,110.4,"1504",0,0,0,16,16,35.3,474,岩戸孝樹,美,0,14102824,01151,01051,0417150514,櫻井正,平岡牧場,スペシャルウィーク,フィールザタレント,Theatrical,鹿毛,140324,   59.9,  ,    ,56.4
17,05,13,1,新潟,5,05,未勝利・牝,7,芝,8,1800,稍,プラスドピラミッド,牝,3,菊沢一樹,51.0,16,15,10,10,0,1.1,12,109.9,"1499",0,0,0,14,13,35.1,442,大江原哲,美,0,14105731,01161,01012,0417150515,吉田千津,社台ファーム,ヴィクトワールピサ,モテック,"Last Tycoon",青鹿,140105,   95.8,  ,    ,56.6
17,05,13,1,新潟,5,05,未勝利・牝,7,芝,8,1800,稍,ボヌールバトー    ,牝,3,柴山雄一,54.0,16,16,3,3,0,0.1,5,108.9,"1489",0,0,0,3,2,35.4,422,石栗龍彦,美,130,14102256,05243,01043,0417150516,出口牧場,出口牧場,ジャングルポケット,ブライドウッド,Danzig,黒鹿,140414,   11.8,  ,    ,53.8
17,05,13,1,新潟,5,06,未勝利,7,芝,0,2400,稍,ディープサミット  ,牡,3,横山武史,53.0,16,01,15,15,0,5.7,16,154.3,"2343",0,2,2,2,4,41.8,400,水野貴広,美,0,14104658,01170,01094,0417150601,深見敏男,田中裕之,カジノドライヴ,ルナーコロナ,ネオユニヴァース,栗毛,140202,  293.7,  ,    ,39.7
17,05,13,1,新潟,5,06,未勝利,7,芝,0,2400,稍,ヴァントシルム    ,牡,3,秋山真一,56.0,16,02,1,1,0,-0.3,1,148.6,"2286",0,10,10,8,7,35.3,476,須貝尚介,栗,500,14102892,01019,01105,0417150602,キャロットファーム,レイクヴィラファー,ジャングルポケット,メジロシャレード,マンハッタンカフェ,鹿毛,140511,    2.3,  ,    ,57.0
17,05,13,1,新潟,5,06,未勝利,7,芝,0,2400,稍,ベルウッドデナリ  ,牡,3,菱田裕二,56.0,16,03,3,3,0,0.7,5,149.3,"2293",0,8,7,5,5,36.3,490,本間忍,美,130,14104276,01144,01056,0417150603,鈴木照雄,岡田スタツド,マツリダゴッホ,タニノエクセレント,ブライアンズタイム,黒鹿,140315,   13.1,  ,    ,53.8
17,05,13,1,新潟,5,06,未勝利,7,芝,0,2400,稍,クリノカエサル    ,牡,3,木幡育也,53.0,16,04,12,12,0,3,15,151.6,"2316",0,11,11,14,13,37.5,488,高橋義博,美,0,14103183,01167,01036,0417150604,栗本博晴,木村牧場,カンパニー,ナントカナルサ,アドマイヤコジーン,鹿毛,140415,  274.3,  ,    ,51.4
17,05,13,1,新潟,5,06,未勝利,7,芝,0,2400,稍,スプリングボックス,牡,3,北村友一,56.0,16,05,2,2,0,0.3,4,148.9,"2289",0,13,13,11,8,35.3,480,寺島良,栗,200,14102254,01102,01158,0417150605,吉田昌久,出口牧場,ハーツクライ,セカンドノホシ,シンボリルドルフ,黒鹿,140415,    8.5,  ,    ,57.3
17,05,13,1,新潟,5,06,未勝利,7,芝,0,2400,稍,ニホンピロワールド,牡,3,坂井瑠星,54.0,16,06,5,5,0,1.1,6,149.7,"2297",0,6,6,5,5,36.7,448,服部利之,栗,50,14104524,01163,01040,0417150606,小林百太郎,佐竹学,ファルブラヴ,ニホンピロシュラブ,デュランダル,鹿毛,140415,   14.4,  ,    ,52.6
17,05,13,1,新潟,5,06,未勝利,7,芝,0,2400,稍,マイネルハレオ    ,牡,3,丹内祐次,56.0,16,07,4,4,0,1,7,149.6,"2296",0,1,1,1,1,37.5,426,粕谷昌央,美,75,14101676,01091,01096,0417150607,サラブレッドクラブ,浦新徳司,ナカヤマフェスタ,カンタオーラ,Ballingarry,栗毛,140411,   20.3,  ,    ,49.6
17,05,13,1,新潟,5,06,未勝利,7,芝,0,2400,稍,ゼットディーン    ,牡,3,鮫島克駿,55.0,16,08,11,11,0,2.9,12,151.5,"2315",0,6,9,8,8,38.2,486,宮徹,栗,0,14100129,01157,01018,0417150608,フォーレスト,カミイスタット,ブラックタイド,ヒシクリッパー,ジャングルポケット,青鹿,140307,  137.0,  ,    ,48.9
17,05,13,1,新潟,5,06,未勝利,7,芝,0,2400,稍,サンライズジャック,牡,3,加藤祥太,55.0,16,09,16,16,0,8.1,13,156.7,"2367",0,2,2,7,12,43.5,462,庄野靖志,栗,0,14102011,01156,01087,0417150609,松岡隆雄,庄野牧場,サンライズペガサス,レインリバー,スウェプトオーヴァーボード,芦毛,140414,  169.6,  ,    ,36.7
17,05,13,1,新潟,5,06,未勝利,7,芝,0,2400,稍,ヨシヒコ          ,牡,3,伴啓太,54.0,16,10,8,8,0,1.5,3,150.1,"2301",0,2,4,2,2,37.6,470,大江原哲,美,0,14106148,01149,01012,0417150610,菊地祐司,ノーザンファーム,シンボリクリスエス,マギストラ,ディープインパクト,黒鹿,140423,    7.6,  ,    ,49.7
17,05,13,1,新潟,5,06,未勝利,7,芝,0,2400,稍,アーネストホープ  ,牡,3,津村明秀,56.0,16,11,7,7,0,1.2,8,149.8,"2298",0,15,14,12,10,36,484,中舘英二,美,0,14104274,01092,01153,0417150611,ノルマンディーサラ,岡田スタツド,コンデュイット,スマーティコジーン,Cozzene,栗毛,140604,   20.9,  ,    ,55.4
17,05,13,1,新潟,5,06,未勝利,7,芝,0,2400,稍,スムーズジャズ    ,牡,3,黛弘人,56.0,16,12,14,14,0,4.7,9,153.3,"2333",0,8,7,8,13,40,494,今野貞一,栗,0,14105256,01109,01128,0417150612,サンデーレーシング,追分ファーム,ローエングリン,エアフュージョン,シンボリクリスエス,黒鹿,140305,   78.7,  ,    ,44.4
17,05,13,1,新潟,5,06,未勝利,7,芝,0,2400,稍,ダブルディライト  ,牡,3,菊沢一樹,53.0,16,13,13,13,0,3.2,10,151.8,"2318",0,13,14,16,16,37.1,466,武市康男,美,0,14100194,01161,01089,0417150613,山口正行,小泉牧場,スクリーンヒーロー,マドモアゼルアン,サクラバクシンオー,栗毛,140510,   90.5,  ,    ,53.1
17,05,13,1,新潟,5,06,未勝利,7,芝,0,2400,稍,テイエムナナフク  ,牡,3,川又賢治,53.0,16,14,9,9,0,1.7,14,150.3,"2303",0,11,12,12,10,36.5,470,岩元市三,栗,0,14103752,01166,00397,0417150614,竹園正繼,笠松牧場,キングズベスト,ルサビ,アグネスタキオン,栗毛,140427,  204.6,  ,    ,53.9
17,05,13,1,新潟,5,06,未勝利,7,芝,0,2400,稍,タイセイキーマン  ,牡,3,木幡巧也,55.0,16,15,10,10,0,2.7,11,151.3,"2313",0,16,16,15,13,37.1,492,宮本博,栗,0,14101597,01162,01073,0417150615,田中成奉,アイズスタッド,ジャングルポケット,カスタラナ,"Key of Luck",黒鹿,140513,  130.3,  ,    ,52.6
17,05,13,1,新潟,5,06,未勝利,7,芝,0,2400,稍,ハルカノテソーロ  ,牡,3,吉田隼人,56.0,16,16,6,6,0,1.1,2,149.7,"2297",0,5,5,4,2,37,514,高木登,美,0,14104972,01095,01088,0417150616,了徳寺健二ホールデ,服部健太郎,ハービンジャー,ユキノマーメイド,スペシャルウィーク,鹿毛,140418,    3.6,  ,    ,51.5
17,05,13,1,新潟,5,07,500万下・牝,23,ダ,1,1800,稍,デアリングエッジ  ,牝,4,古川吉洋,55.0,15,01,3,3,0,0.3,9,115.2,"1552",0,6,4,5,3,40.2,434,寺島良,栗,190,13105551,01015,01158,0417150701,社台レースホース,社台ファーム,キングカメハメハ,デアリングハート,サンデーサイレンス,栗毛,130129,   20.5,  ,    ,43.3
17,05,13,1,新潟,5,07,500万下・牝,23,ダ,1,1800,稍,アウアウ          ,牝,4,吉田隼人,55.0,15,02,12,12,0,2.5,10,117.4,"1574",0,9,9,11,12,41.6,504,奥村武,美,0,13100819,01095,01145,0417150702,金子真人ホールディ,日高大洋牧場,カネヒキリ,ネネグース,クロフネ,鹿毛,130421,   27.8,  ,    ,41.1
17,05,13,1,新潟,5,07,500万下・牝,23,ダ,1,1800,稍,ダンツチェック    ,牝,4,北村友一,55.0,15,03,2,2,0,0,5,114.9,"1549",0,11,11,13,10,38.9,500,山内研二,栗,300,13101671,01102,00388,0417150703,山元哲二,中本隆志,スターリングローズ,ディマー,Caerleon,鹿毛,130425,   15.2,  ,    ,47.7
17,05,13,1,新潟,5,07,500万下・牝,23,ダ,1,1800,稍,コウギョウマシェリ,牝,4,原田和真,55.0,15,04,14,14,0,4.1,8,119,"1590",0,9,10,9,10,43.3,502,伊藤大士,美,0,13103162,01143,01109,0417150704,菊地捷士,村下清志,アサクサデンエン,ビューティソング,デインヒル,鹿毛,130430,   18.5,  ,    ,37.4
17,05,13,1,新潟,5,07,500万下・牝,23,ダ,1,1800,稍,セータコローナ    ,牝,4,秋山真一,55.0,15,05,1,1,0,0,2,114.9,"1549",0,1,1,1,1,40.3,496,池江泰寿,栗,750,13105487,01019,01071,0417150705,G1レーシング,社台ファーム,"Distorted Humor",シーエスシルク,"Medaglia d'Oro",鹿毛,130205,    6.1,  ,    ,42.6
17,05,13,1,新潟,5,07,500万下・牝,23,ダ,1,1800,稍,メイショウナゴミ  ,牝,5,坂井瑠星,53.0,15,06,6,6,0,0.7,3,115.6,"1556",0,7,6,7,7,40.4,466,南井克巳,栗,0,12102849,01163,01049,0417150706,松本好隆,グランド牧場,スズカマンボ,ザデイ,シンボリクリスエス,青鹿,120314,    9.7,  ,    ,43.1
17,05,13,1,新潟,5,07,500万下・牝,23,ダ,1,1800,稍,ドゥリーミン      ,牝,4,柴山雄一,55.0,15,07,10,10,0,2.3,6,117.2,"1572",0,7,6,3,3,42.3,454,大江原哲,美,0,13100270,05243,01012,0417150707,菊地祐司,佐々木康治,シニスターミニスター,ゴールドバニヤン,アフリート,黒鹿,130419,   15.5,  ,    ,38.5
17,05,13,1,新潟,5,07,500万下・牝,23,ダ,1,1800,稍,ポロス            ,牝,4,西村太一,55.0,15,08,4,4,0,0.3,15,115.2,"1552",0,13,13,14,12,39.1,458,南田美知,美,110,13101571,01131,00437,0417150708,ミルファーム,高橋忍,バトルプラン,チチンプイプイ,マヤノトップガン,鹿毛,130430,  301.3,  ,    ,47.3
17,05,13,1,新潟,5,07,500万下・牝,23,ダ,1,1800,稍,サンレイフレンチ  ,牝,6,城戸義政,53.0,15,09,9,9,0,1.9,14,116.8,"1568",0,15,15,14,12,40.7,428,西橋豊治,栗,0,11101138,01147,00434,0417150709,永井宏明,びらとり牧場,スズカフェニックス,スズカフローラ,フレンチデピュティ,栗毛,110314,  238.8,  ,    ,43.5
17,05,13,1,新潟,5,07,500万下・牝,23,ダ,1,1800,稍,オースミハナチャン,牝,4,川又賢治,52.0,15,10,11,11,0,2.3,4,117.2,"1572",0,2,2,2,2,42.5,476,宮本博,栗,0,13100419,01166,01073,0417150710,オースミ,白井牧場,ハーツクライ,オースミリンド,Woodman,栗毛,130209,   12.3,  ,    ,37.9
17,05,13,1,新潟,5,07,500万下・牝,23,ダ,1,1800,稍,ディオーサシチー  ,牝,7,丹内祐次,55.0,15,11,15,15,0,4.8,13,119.7,"1597",0,5,6,11,12,43.9,472,和田雄二,美,0,10101580,01091,01143,0417150711,友駿ホースクラブ,幌村牧場,シンボリクリスエス,アーチスト,"In The Wings",鹿毛,100314,  156.0,  ,    ,36.3
17,05,13,1,新潟,5,07,500万下・牝,23,ダ,1,1800,稍,ライムチャン      ,牝,4,木幡巧也,54.0,15,12,13,13,0,3,1,117.9,"1579",0,4,4,3,5,43,474,牧光二,美,0,13105436,01162,01106,0417150712,ケンレーシング組合,社台ファーム,キンシャサノキセキ,キープザフェイス,エアジハード,鹿毛,130322,    1.9,  ,    ,37.1
17,05,13,1,新潟,5,07,500万下・牝,23,ダ,1,1800,稍,スプリングキャロル,牝,4,井上敏樹,53.0,15,13,7,7,0,0.9,7,115.8,"1558",0,11,11,8,8,40.3,422,小島茂之,美,0,13106142,01151,01068,0417150713,サンデーレーシング,ノーザンファーム,クロフネ,ラークキャロル,ステイゴールド,鹿毛,130316,   15.7,  ,    ,43.7
17,05,13,1,新潟,5,07,500万下・牝,23,ダ,1,1800,稍,カラフルマーメイド,牝,5,加藤祥太,54.0,15,14,5,5,0,0.5,12,115.4,"1554",0,13,13,9,8,39.7,470,笹田和秀,栗,75,12104189,01156,01104,0417150714,谷掛龍夫,社台ファーム,ハービンジャー,カラフルトーク,サンデーサイレンス,鹿毛,120226,   83.2,  ,    ,45.3
17,05,13,1,新潟,5,07,500万下・牝,23,ダ,1,1800,稍,エレーデ          ,牝,4,和田翼,54.0,15,15,8,8,0,1.7,11,116.6,"1566",0,2,3,5,5,41.6,432,松元茂樹,栗,0,13101838,01146,00419,0417150715,前田幸治,ノースヒルズ,ディープインパクト,ローブデコルテ,Cozzene,鹿毛,130302,   27.9,  ,    ,40.1
17,05,13,1,新潟,5,08,500万下,23,ダ,1,1200,稍,トウショウデュエル,牡,5,木幡初也,55.0,15,01,9,9,0,1,3,73.1,"1131",0,0,0,8,6,38.4,528,杉浦宏昭,美,0,12103265,01153,01008,0417150801,トウショウ産業,トウショウ産業株式,ローエングリン,ヘヴントウショウ,ダイタクヘリオス,栗毛,120425,    7.5,  ,    ,40.4
17,05,13,1,新潟,5,08,500万下,23,ダ,1,1200,稍,ケイビイノキセキ  ,牡,5,岩部純二,57.0,15,02,13,13,0,2.1,14,74.2,"1142",0,0,0,12,13,38.8,512,萱野浩二,美,0,12105306,00726,01024,0417150802,菊池昭雄,駿河牧場,キンシャサノキセキ,トレヴィサンライズ,サンダーガルチ,鹿毛,120521,   95.0,  ,    ,41.2
17,05,13,1,新潟,5,08,500万下,23,ダ,1,1200,稍,ニシノアンジュ    ,牝,5,伴啓太,53.0,15,03,14,14,0,2.9,13,75,"1150",0,0,0,14,15,39.2,458,青木孝文,美,0,12102648,01149,01156,0417150803,西村亮二,米田牧場,キングヘイロー,キタサンオリュウ,マリエンバード,栗毛,120331,   91.4,  ,    ,41.3
17,05,13,1,新潟,5,08,500万下,23,ダ,1,1200,稍,セレノグラフィー  ,セ,4,柴山雄一,57.0,15,04,4,4,0,0.5,4,72.6,"1126",0,0,0,4,3,38.1,492,大竹正博,美,110,13100345,05243,01102,0417150804,村野康司,下河辺牧場,アドマイヤムーン,スイートテイスト,"Salt Lake",黒鹿,130407,    8.1,  ,    ,40.6
17,05,13,1,新潟,5,08,500万下,23,ダ,1,1200,稍,スペードクイーン  ,牝,4,北村友一,55.0,15,05,5,5,0,0.7,5,72.8,"1128",0,0,0,4,3,38.3,466,西村真幸,栗,75,13110114,01102,01148,0417150805,吉田和子,"Robert B. Trussell","Gio Ponti","Sarie Marais",Unbridled,栗毛,130228,   12.1,  ,    ,40.1
17,05,13,1,新潟,5,08,500万下,23,ダ,1,1200,稍,ヴェイルドスケール,牡,5,藤田菜七,54.0,15,06,10,10,0,1.3,7,73.4,"1134",0,0,0,14,14,37.6,522,畠山吉宏,美,0,12104147,01164,01048,0417150806,社台レースホース,社台ファーム,ダイワメジャー,ヴェイルドクリス,シンボリクリスエス,鹿毛,120214,   23.4,  ,    ,45.2
17,05,13,1,新潟,5,08,500万下,23,ダ,1,1200,稍,アヴェーヌモン    ,牡,5,加藤祥太,56.0,15,07,3,3,0,0.2,11,72.3,"1123",0,0,0,1,1,38.2,534,中竹和也,栗,190,12110080,01156,01039,0417150807,加藤誠,"Justice Farm & Gre","Lantana Mob","Princes Melissa",Marquetry,鹿毛,120410,   43.6,  ,    ,39.3
17,05,13,1,新潟,5,08,500万下,23,ダ,1,1200,稍,エスプリベルテ    ,牡,4,木幡巧也,56.0,15,08,10,10,0,1.3,15,73.4,"1134",0,0,0,10,10,38.4,498,斎藤誠,美,0,13104253,01162,01086,0417150808,小田吉男,佐竹学,アドマイヤムーン,バクシンヒロイン,サクラバクシンオー,栗毛,130322,  204.5,  ,    ,41.1
17,05,13,1,新潟,5,08,500万下,23,ダ,1,1200,稍,ツインプラネット  ,セ,7,木幡育也,54.0,15,09,2,2,0,0.1,9,72.2,"1122",0,0,0,2,2,38,506,中川公成,美,300,10110015,01167,01081,0417150809,窪田康志,Hertrich/McCarthy,"Street Sense",Autumnal,Forestry,鹿毛,100316,   32.7,  ,    ,40.0
17,05,13,1,新潟,5,08,500万下,23,ダ,1,1200,稍,エイシンヒマワリ  ,牝,4,坂井瑠星,53.0,15,10,12,12,0,1.6,2,73.7,"1137",0,0,0,3,3,39.3,502,今野貞一,栗,0,13110116,01163,01128,0417150810,栄進堂,"Michael Jawl","Uncle Mo","Home From Oz",Pulpit,鹿毛,130313,    4.0,  ,    ,37.5
17,05,13,1,新潟,5,08,500万下,23,ダ,1,1200,稍,チェイスダウン    ,牡,4,古川吉洋,57.0,15,11,1,1,0,-0.1,1,72.1,"1121",0,0,0,9,8,37.2,474,寺島良,栗,750,13103614,01015,01158,0417150811,畑佐博,富田牧場,アルデバラン2,ジニオマッジョーレ,フジキセキ,鹿毛,130307,    2.6,  ,    ,43.8
17,05,13,1,新潟,5,08,500万下,23,ダ,1,1200,稍,ビリケンラッシュ  ,セ,4,藤懸貴志,57.0,15,12,8,8,0,1,12,73.1,"1131",0,0,0,12,11,37.7,482,高橋亮,栗,0,13103537,01138,01136,0417150812,市川義美ホールディ,谷川牧場,バゴ,ランブルジャンヌ,Mutakddim,鹿毛,130319,   52.8,  ,    ,43.9
17,05,13,1,新潟,5,08,500万下,23,ダ,1,1200,稍,スズカプリズム    ,牝,4,和田翼,54.0,15,13,6,6,0,0.8,6,72.9,"1129",0,0,0,11,11,37.8,470,橋田満,栗,0,13101296,01146,00362,0417150813,永井啓弍,岩見牧場,プリサイスエンド,ケージーレインボー,ダンスインザダーク,栗毛,130425,   12.6,  ,    ,42.9
17,05,13,1,新潟,5,08,500万下,23,ダ,1,1200,稍,サウスリバティー  ,牡,5,鮫島克駿,56.0,15,14,7,7,0,0.8,10,72.9,"1129",0,0,0,6,6,38.3,468,加用正,栗,0,12101201,01157,00425,0417150814,南波壽,木村牧場,サウスヴィグラス,サザンジュエリー,アフリート,栗毛,120228,   35.8,  ,    ,40.3
17,05,13,1,新潟,5,08,500万下,23,ダ,1,1200,稍,シャインスプライト,牡,4,城戸義政,55.0,15,15,15,15,0,3.4,8,75.5,"1155",0,0,0,6,8,40.9,524,本田優,栗,0,13102183,01147,01099,0417150815,布施光章,稲葉牧場,ファスリエフ,クィーンロマンス,ティンバーカントリー,鹿毛,130329,   25.9,  ,    ,34.6
17,05,13,1,新潟,5,09,500万下,23,芝,0,1400,稍,サトノマイヒメ    ,牝,4,津村明秀,55.0,16,01,6,6,0,0.9,6,82.8,"1228",0,0,0,1,1,36.2,472,南井克巳,栗,0,13104782,01092,01049,0417150901,サトミホースカンパ,フジワラフアーム,ダイワメジャー,ダイワエンジェル,タイキシャトル,栗毛,130329,   20.1,  ,    ,46.5
17,05,13,1,新潟,5,09,500万下,23,芝,0,1400,稍,ヴェネト          ,牡,5,北村友一,57.0,16,02,1,1,0,0,1,81.9,"1219",0,0,0,3,4,35,454,藤原英昭,栗,750,12104085,01102,01055,0417150902,サンデーレーシング,社台コーポレーショ,ディープインパクト,レディオブヴェニス,"Loup Solitaire",鹿毛,120324,    1.8,  ,    ,50.5
17,05,13,1,新潟,5,09,500万下,23,芝,0,1400,稍,グランプリアクセル,牡,4,熊沢重文,57.0,16,03,15,15,0,2,12,83.9,"1239",0,0,0,12,12,36.3,476,矢作芳人,栗,0,13103396,00652,01075,0417150903,グランプリ,杵臼牧場,エンパイアメーカー,ロージーミスト,サンデーサイレンス,鹿毛,130409,   96.4,  ,    ,48.3
17,05,13,1,新潟,5,09,500万下,23,芝,0,1400,稍,マコトルーメン    ,牡,4,古川吉洋,57.0,16,04,8,8,0,1,8,82.9,"1229",0,0,0,6,8,35.7,482,北出成人,栗,0,13102717,01015,01078,0417150904,ディアマント,出口繁夫,ダイワメジャー,マコトサンゴ,タマモクロス,鹿毛,130312,   23.1,  ,    ,49.2
17,05,13,1,新潟,5,09,500万下,23,芝,0,1400,稍,バリス            ,牡,6,柴山雄一,57.0,16,05,2,2,0,0,3,81.9,"1219",0,0,0,5,4,34.9,494,鈴木孝志,栗,300,11104700,05243,01111,0417150905,杉澤光雄,小泉牧場,ステイゴールド,プラントパラダイス,パラダイスクリーク,栗毛,110329,   10.7,  ,    ,51.0
17,05,13,1,新潟,5,09,500万下,23,芝,0,1400,稍,ナタリーバローズ  ,牝,4,菱田裕二,55.0,16,06,13,13,0,1.5,5,83.4,"1234",0,0,0,6,7,36.3,454,角田晃一,栗,0,13106162,01144,01121,0417150906,猪熊広次,ノーザンファーム,メイショウサムソン,ルビーレジェンド,アグネスタキオン,鹿毛,130323,   14.3,  ,    ,47.3
17,05,13,1,新潟,5,09,500万下,23,芝,0,1400,稍,ダイワプロパー    ,牝,5,吉田隼人,55.0,16,07,14,14,0,1.5,7,83.4,"1234",0,0,0,6,4,36.2,496,池上昌和,美,0,12103476,01095,01150,0417150907,大城敬三,フジワラフアーム,ダイワメジャー,ダイワエンジェル,タイキシャトル,栗毛,120320,   21.0,  ,    ,47.8
17,05,13,1,新潟,5,09,500万下,23,芝,0,1400,稍,ボーアムルーズ    ,牝,4,黛弘人,55.0,16,08,11,11,0,1.3,15,83.2,"1232",0,0,0,10,10,35.8,484,伊藤正徳,美,0,13104707,01109,00383,0417150908,ヒダカ・ブリーダー,服部牧場,タニノギムレット,ダイワチャーム,フジキセキ,鹿毛,130414,  188.9,  ,    ,49.3
17,05,13,1,新潟,5,09,500万下,23,芝,0,1400,稍,ウォークロニクル  ,牝,5,木幡初也,53.0,16,09,3,3,0,0,4,81.9,"1219",0,0,0,9,8,34.6,464,鹿戸雄一,美,190,12104605,01153,01097,0417150909,キャロットファーム,ノーザンファーム,ウォーエンブレム,クロノロジスト,クロフネ,青鹿,120320,   13.0,  ,    ,52.5
17,05,13,1,新潟,5,09,500万下,23,芝,0,1400,稍,ティーエスバラ    ,牡,5,川又賢治,54.0,16,10,10,10,0,1.3,9,83.2,"1232",0,0,0,3,3,36.4,516,岩元市三,栗,0,12105113,01166,00397,0417150910,田畑利彦,浦河日成牧場,ダイワメジャー,バラシング,ダンシングブレーヴ,鹿毛,120327,   34.4,  ,    ,46.4
17,05,13,1,新潟,5,09,500万下,23,芝,0,1400,稍,ウェーニーウィキー,牝,4,勝浦正樹,55.0,16,11,9,9,0,1.1,11,83,"1230",0,0,0,13,14,35.2,488,古賀史生,美,0,13102951,01025,00392,0417150911,ディアレストクラブ,小島牧場,マツリダゴッホ,シバノコトエ,サンゼウス,栗毛,130415,   59.4,  ,    ,51.8
17,05,13,1,新潟,5,09,500万下,23,芝,0,1400,稍,エイブルボス      ,牡,5,菊沢一樹,54.0,16,12,4,4,0,0.5,10,82.4,"1224",0,0,0,15,15,34,470,二ノ宮敬,美,110,12102624,01161,00409,0417150912,中澤隆,山際牧場,キングヘイロー,エイブルアロー,サクラバクシンオー,黒鹿,120318,   36.2,  ,    ,56.8
17,05,13,1,新潟,5,09,500万下,23,芝,0,1400,稍,スノーマン        ,牡,4,坂井瑠星,55.0,16,13,5,5,0,0.6,2,82.5,"1225",0,0,0,15,15,34.1,494,高橋義忠,栗,75,13103576,01163,01129,0417150913,永井秀貴,辻牧場,スズカフェニックス,サンレイジャスパー,ミスズシャルダン,鹿毛,130328,    4.5,  ,    ,56.5
17,05,13,1,新潟,5,09,500万下,23,芝,0,1400,稍,ツインフルムーン  ,牝,4,井上敏樹,53.0,16,14,7,7,0,0.9,13,82.8,"1228",0,0,0,2,2,36.1,454,伊藤大士,美,0,13103347,01151,01109,0417150914,小林秀樹,川越ファーム,アドマイヤムーン,ケイアイバラード,リヴリア,黒鹿,130429,  115.8,  ,    ,47.0
17,05,13,1,新潟,5,09,500万下,23,芝,0,1400,稍,カレンヴィットリア,牡,6,藤懸貴志,57.0,16,15,16,16,0,2.6,14,84.5,"1245",0,0,0,13,12,36.8,488,平田修,栗,0,11103812,01138,01082,0417150915,鈴木隆司,ノーザンファーム,ジャングルポケット,カスタリア,サンデーサイレンス,黒鹿,110417,  186.2,  ,    ,47.2
17,05,13,1,新潟,5,09,500万下,23,芝,0,1400,稍,アブソリュカフェ  ,牡,6,木幡巧也,56.0,16,16,12,12,0,1.4,16,83.3,"1233",0,0,0,10,10,35.8,480,小島太,美,0,11106545,01162,01013,0417150916,西川光一,ヤナガワ牧場,マンハッタンカフェ,シルクチャプター,アフリート,黒鹿,110121,  216.4,  ,    ,49.5
17,05,13,1,新潟,5,10,はやぶさ500*,23,芝,0,1000,稍,ウランゲル        ,牝,3,丹内祐次,54.0,16,01,1,1,0,-0.4,11,55.8,"0558",0,0,0,0,4,33.3,412,松永康利,美,1000,14100698,01091,01093,0417151001,ビッグレッドファー,ビッグレッドファー,マツリダゴッホ,コスモランゲル,スターオブコジーン,鹿毛,140228,   23.7,  ,    ,51.4
17,05,13,1,新潟,5,10,はやぶさ500*,23,芝,0,1000,稍,ユイノルフィ      ,牡,3,黛弘人,56.0,16,02,12,12,0,2,7,57.8,"0578",0,0,0,0,4,35.3,446,尾関知人,美,0,14100936,01109,01103,0417151002,由井健太郎,若林牧場,デュランダル,ウインミネルヴァ,"More Than Ready",栗毛,140328,   15.2,  ,    ,45.6
17,05,13,1,新潟,5,10,はやぶさ500*,23,芝,0,1000,稍,キャラメルフレンチ,牝,3,中井裕二,54.0,16,03,7,7,0,0.9,15,56.7,"0567",0,0,0,0,1,34.5,440,尾形和幸,美,0,14106428,01141,01141,0417151003,ノルマンディーサラ,惣田英幸,タイキシャトル,フレンチミステリー,フレンチデピュティ,栗毛,140504,   75.4,  ,    ,46.5
17,05,13,1,新潟,5,10,はやぶさ500*,23,芝,0,1000,稍,クーロゼ          ,牝,3,西村太一,54.0,16,04,6,6,0,0.9,16,56.7,"0567",0,0,0,0,15,33.1,420,伊藤正徳,美,0,14105133,01131,00383,0417151004,ミルファーム,増本牧場,マツリダゴッホ,シーダーローズ,タイキシャトル,鹿毛,140513,  221.9,  ,    ,56.9
17,05,13,1,新潟,5,10,はやぶさ500*,23,芝,0,1000,稍,チェアーグライド  ,牡,3,吉田隼人,56.0,16,05,8,8,0,1,2,56.8,"0568",0,0,0,0,4,34.3,502,矢野英一,美,0,14105750,01095,01108,0417151005,社台レースホース,社台ファーム,ローエングリン,リトミックダンス,ダンスインザダーク,栗毛,140309,    5.9,  ,    ,48.4
17,05,13,1,新潟,5,10,はやぶさ500*,23,芝,0,1000,稍,ワシントンレガシー,牝,3,柴山雄一,54.0,16,06,9,9,0,1.2,1,57,"0570",0,0,0,0,4,34.5,458,戸田博文,美,0,14106109,05243,01054,0417151006,吉田勝己,ノーザンファーム,クロフネ,フロールデセレッソ,スウェプトオーヴァーボード,芦毛,140520,    4.0,  ,    ,47.8
17,05,13,1,新潟,5,10,はやぶさ500*,23,芝,0,1000,稍,ヨドノベスト      ,牡,3,木幡巧也,56.0,16,07,14,14,0,2.5,9,58.3,"0583",0,0,0,0,13,35.1,434,松元茂樹,栗,0,14100844,01162,00419,0417151007,海原聖一,村上牧場,スターリングローズ,カイアナイト,シンボリクリスエス,鹿毛,140518,   17.0,  ,    ,49.1
17,05,13,1,新潟,5,10,はやぶさ500*,23,芝,0,1000,稍,ニシノキララコ    ,牝,3,勝浦正樹,54.0,16,08,11,11,0,1.4,12,57.2,"0572",0,0,0,0,14,33.9,444,萱野浩二,美,0,14102322,01025,01024,0417151008,西山茂行,ガーベラパークスタ,アドマイヤムーン,ピュアーフレーム,"Silver Deputy",黒鹿,140323,   26.6,  ,    ,53.1
17,05,13,1,新潟,5,10,はやぶさ500*,23,芝,0,1000,稍,イヴノオモイデ    ,牝,3,西田雄一,54.0,16,09,4,4,0,0.5,4,56.3,"0563",0,0,0,0,3,33.9,420,牧田和弥,栗,150,14104344,01004,01123,0417151009,嶋田賢,岡田牧場,ヨハネスブルグ,プリンセスイブ,バブルガムフェロー,鹿毛,140211,    7.9,  ,    ,49.1
17,05,13,1,新潟,5,10,はやぶさ500*,23,芝,0,1000,稍,ソレイユフルール  ,牝,3,原田和真,54.0,16,10,2,2,0,0.4,3,56.2,"0562",0,0,0,0,1,34,470,和田雄二,美,400,14100691,01143,01143,0417151010,荻伏服部牧場,ビッグレッドファー,マツリダゴッホ,コスモジャイロ,"Macho Uno",黒鹿,140223,    6.1,  ,    ,47.9
17,05,13,1,新潟,5,10,はやぶさ500*,23,芝,0,1000,稍,キットダイジョウブ,牝,3,鮫島克駿,54.0,16,11,5,5,0,0.7,10,56.5,"0565",0,0,0,0,8,33.8,410,宮徹,栗,100,14104675,01157,01018,0417151011,小林祐介,谷岡牧場,ブラックタイド,イーグルバクシンオ,サクラバクシンオー,黒鹿,140303,   19.6,  ,    ,50.7
17,05,13,1,新潟,5,10,はやぶさ500*,23,芝,0,1000,稍,サンバダンサー    ,牝,3,宮崎北斗,54.0,16,12,15,15,0,2.6,5,58.4,"0584",0,0,0,0,11,35.4,430,和田正道,美,0,14103103,01118,00353,0417151012,グリーンスウォード,カナイシスタッド,アドマイヤマックス,サンバホイッスル,サウスヴィグラス,栗毛,140404,    9.2,  ,    ,47.5
17,05,13,1,新潟,5,10,はやぶさ500*,23,芝,0,1000,稍,アルポアドール    ,牝,3,伊藤工真,54.0,16,13,16,16,0,3.6,13,59.4,"0594",0,0,0,0,16,35.6,410,石毛善彦,美,0,14104015,01119,00428,0417151013,清水敏,藤春修二,キンシャサノキセキ,アイランズギフト,キングカメハメハ,青鹿,140410,   60.4,  ,    ,50.3
17,05,13,1,新潟,5,10,はやぶさ500*,23,芝,0,1000,稍,ダダッコ          ,牡,3,井上敏樹,56.0,16,14,13,13,0,2.2,14,58,"0580",0,0,0,0,12,34.9,474,本間忍,美,0,14101195,01151,01056,0417151014,小田切光,築紫洋,アッミラーレ,イイデショウ,フォーティナイナー,鹿毛,140416,   72.4,  ,    ,49.3
17,05,13,1,新潟,5,10,はやぶさ500*,23,芝,0,1000,稍,スノードーナツ    ,牝,3,岩部純二,54.0,16,15,3,3,0,0.4,6,56.2,"0562",0,0,0,0,10,33.3,448,石毛善彦,美,250,14102332,00726,00428,0417151015,ミルファーム,野島牧場,パイロ,エフエロッチ,スペシャルウィーク,鹿毛,140524,   12.5,  ,    ,53.2
17,05,13,1,新潟,5,10,はやぶさ500*,23,芝,0,1000,稍,サダコチャン      ,牝,3,藤田菜七,54.0,16,16,10,10,0,1.2,8,57,"0570",0,0,0,0,8,34.3,408,根本康広,美,0,14109029,01164,01029,0417151016,ケンレーシング組合,清水貞信,ローレルゲレイロ,プレミールサダコ,サニングデール,黒鹿,140504,   16.9,  ,    ,49.3
17,05,13,1,新潟,5,11,八海山特1000,43,ダ,1,1200,稍,ウインオスカー    ,牡,4,菱田裕二,57.0,15,01,1,1,0,0,1,71.6,"1116",0,0,0,4,3,37,506,飯田雄三,栗,1500,13101678,01144,01050,0417151101,ウイン,中本牧場,スクリーンヒーロー,グローリサンディ,エイシンサンディ,鹿毛,130331,    3.4,  ,    ,43.5
17,05,13,1,新潟,5,11,八海山特1000,43,ダ,1,1200,稍,ノーブルヴィーナス,牝,5,坂井瑠星,55.0,15,02,11,11,0,1.4,9,73,"1130",0,0,0,14,12,37.2,450,牧浦充徳,栗,0,12103410,01163,01113,0417151102,吉木伸彦,服部牧場,ケイムホーム,ローレンシア,ホリスキー,黒鹿,120408,   28.5,  ,    ,46.2
17,05,13,1,新潟,5,11,八海山特1000,43,ダ,1,1200,稍,ダブルフェイス    ,セ,6,吉田隼人,57.0,15,03,6,6,0,0.7,4,72.3,"1123",0,0,0,1,1,38.1,528,和田正一,美,0,11104896,01095,01114,0417151103,山口敦広,大作ステーブル,サウスヴィグラス,クライインシンパシ,サクラバクシンオー,栗毛,110418,    9.0,  ,    ,39.8
17,05,13,1,新潟,5,11,八海山特1000,43,ダ,1,1200,稍,パッシングブリーズ,牡,6,鮫島克駿,57.0,15,04,2,2,0,0,8,71.6,"1116",0,0,0,9,7,36.6,504,浅見秀一,栗,600,11104402,01157,00411,0417151104,三田昌宏,社台ファーム,クロフネ,ブローザキャンドル,サンデーサイレンス,鹿毛,110515,   25.7,  ,    ,45.6
17,05,13,1,新潟,5,11,八海山特1000,43,ダ,1,1200,稍,ヒカリトップメモリ,牝,4,木幡巧也,55.0,15,05,3,3,0,0.4,7,72,"1120",0,0,0,6,5,37.3,468,池上昌弘,美,380,13104708,01162,00390,0417151105,ヒカリクラブ,服部牧場,ハービンジャー,ヒカリマーガレット,フレンチデピュティ,鹿毛,130421,   16.8,  ,    ,43.0
17,05,13,1,新潟,5,11,八海山特1000,43,ダ,1,1200,稍,サウンドジャンゴ  ,牡,5,国分恭介,57.0,15,06,4,4,0,0.5,5,72.1,"1121",0,0,0,9,7,37.1,520,和田正道,美,230,12110089,01124,00353,0417151106,増田雄一,"Hibiscus Stables","Desert Party","Salt Water Reign","Salt Lake",鹿毛,120207,   11.6,  ,    ,44.3
17,05,13,1,新潟,5,11,八海山特1000,43,ダ,1,1200,稍,アンミ            ,牝,5,木幡初也,55.0,15,07,13,13,0,1.6,14,73.2,"1132",0,0,0,2,2,39,470,奥村武,美,0,12105554,01153,01145,0417151107,武田茂男,まるとみ冨岡牧場,アッミラーレ,プリティーキャット,タバスコキャット,鹿毛,120510,   79.2,  ,    ,37.7
17,05,13,1,新潟,5,11,八海山特1000,43,ダ,1,1200,稍,ウエスタンボルト  ,セ,4,横山和生,57.0,15,08,9,9,0,1,11,72.6,"1126",0,0,0,13,14,37.1,462,小野次郎,美,0,13103908,01140,01125,0417151108,西川賢,ウエスタンファーム,スペシャルウィーク,ウエスタンルージュ,アフリート,鹿毛,130415,   32.6,  ,    ,45.7
17,05,13,1,新潟,5,11,八海山特1000,43,ダ,1,1200,稍,ウォリアーズソウル,セ,5,津村明秀,57.0,15,09,14,14,0,2.6,6,74.2,"1142",0,0,0,11,11,39.1,516,矢野英一,美,0,12110028,01092,01108,0417151109,ノルマンディーサラ,"Dixiana Farms LLC","Warrior's Reward","I Luv U Nani",Vindication,鹿毛,120226,   16.0,  ,    ,39.8
17,05,13,1,新潟,5,11,八海山特1000,43,ダ,1,1200,稍,キタサンガンバ    ,牡,4,勝浦正樹,57.0,15,10,7,7,0,0.8,13,72.4,"1124",0,0,0,12,12,37,482,小笠倫弘,美,0,13101058,01025,01076,0417151110,大野商事,RUMIファーム,キンシャサノキセキ,ケイアイカミノアシ,ブライアンズタイム,鹿毛,130322,   37.9,  ,    ,45.7
17,05,13,1,新潟,5,11,八海山特1000,43,ダ,1,1200,稍,アイアムナチュラル,牡,6,黛弘人,57.0,15,11,8,8,0,0.9,3,72.5,"1125",0,0,0,6,7,37.8,514,奥平雅士,美,0,11104139,01109,01074,0417151111,堀紘一,社台ファーム,ゴールドアリュール,アイアムザウィナー,"Danzig Connection",鹿毛,110222,    7.0,  ,    ,41.8
17,05,13,1,新潟,5,11,八海山特1000,43,ダ,1,1200,稍,ヒカルランナー    ,牡,8,菊沢一樹,57.0,15,12,12,12,0,1.5,15,73.1,"1131",0,0,0,14,15,37.4,512,柄崎孝,美,0,09109113,01161,00380,0417151112,安蒜一修,安蒜忠圀,スクワートルスクワート,キヤツチングクイン,トウシヨウボーイ,鹿毛,090419,  146.3,  ,    ,45.5
17,05,13,1,新潟,5,11,八海山特1000,43,ダ,1,1200,稍,アデレードヒル    ,牝,4,柴山雄一,55.0,15,13,5,5,0,0.6,2,72.2,"1122",0,0,0,8,7,37.4,478,中舘英二,美,150,13102858,05243,01153,0417151113,吉田和美,笠松牧場,ゴールドヘイロー,レディビーナス,Kingmambo,鹿毛,130317,    3.4,  ,    ,43.0
17,05,13,1,新潟,5,11,八海山特1000,43,ダ,1,1200,稍,ミキノグランプリ  ,牡,6,井上敏樹,57.0,15,14,10,10,0,1.1,12,72.7,"1127",0,0,0,4,5,38.1,470,南井克巳,栗,0,11106559,01151,01049,0417151114,谷口久和,浦河育成牧場,タイムパラドックス,ミキノモナコ,ディアブロ,栗毛,110425,   36.4,  ,    ,40.8
17,05,13,1,新潟,5,11,八海山特1000,43,ダ,1,1200,稍,アポロリュウセイ  ,牡,4,丹内祐次,57.0,15,15,15,15,0,2.8,10,74.4,"1144",0,0,0,3,3,39.9,494,岩戸孝樹,美,0,13104032,01091,01051,0417151115,アポロサラブレッド,岡田牧場,ジャイアントレッカー,ゼリービーン,タイキシャトル,栗毛,130322,   30.3,  ,    ,36.5
17,05,13,1,新潟,5,12,石打特別500,23,芝,8,1800,稍,エイシンジルコン  ,牝,4,小崎綾也,55.0,16,01,2,2,0,0,4,107.8,"1478",0,0,0,5,5,35.1,454,野中賢二,栗,420,13102269,01152,01098,0417151201,栄進堂,木田牧場,ディープインパクト,エーシンコンファー,Dynaformer,黒鹿,130415,    8.3,  ,    ,53.6
17,05,13,1,新潟,5,12,石打特別500,23,芝,8,1800,稍,ダイワミランダ    ,牝,5,菊沢一樹,55.0,16,02,16,16,0,1.8,10,109.6,"1496",0,0,0,3,3,37.3,510,国枝栄,美,0,12104278,01161,00399,0417151202,大城敬三,社台ファーム,ハービンジャー,ダイワスカーレット,アグネスタキオン,栗毛,120313,   26.5,  ,    ,46.9
17,05,13,1,新潟,5,12,石打特別500,23,芝,8,1800,稍,リングオブハピネス,牝,4,北村友一,55.0,16,03,8,8,0,0.7,12,108.5,"1485",0,0,0,10,9,35.3,464,奥村豊,栗,0,13104776,01102,01146,0417151203,五影慶則,フジワラフアーム,コンデュイット,セフティパラダイス,パラダイスクリーク,栗毛,130227,   56.2,  ,    ,53.7
17,05,13,1,新潟,5,12,石打特別500,23,芝,8,1800,稍,アウェイク        ,牝,4,柴山雄一,55.0,16,04,4,4,0,0.2,2,108,"1480",0,0,0,12,12,34.8,466,斎藤誠,美,160,13105820,05243,01086,0417151204,キャロットファーム,ノーザンファーム,ディープインパクト,オールザウェイベイビー,"Grand Slam",鹿毛,130204,    4.6,  ,    ,55.2
17,05,13,1,新潟,5,12,石打特別500,23,芝,8,1800,稍,サンレイフローラ  ,牝,7,川又賢治,55.0,16,05,13,13,0,1.1,16,108.9,"1489",0,0,0,7,7,36.1,458,西橋豊治,栗,0,10100109,01166,00434,0417151205,永井宏明,びらとり牧場,スズカマンボ,スズカフローラ,フレンチデピュティ,鹿毛,100405,  194.3,  ,    ,50.8
17,05,13,1,新潟,5,12,石打特別500,23,芝,8,1800,稍,エクストラファイン,牝,5,勝浦正樹,55.0,16,06,3,3,0,0.1,1,107.9,"1479",0,0,0,2,2,35.7,458,矢野英一,美,260,12104281,01025,01108,0417151206,グリーンファーム,社台ファーム,シンボリクリスエス,ダノンスペシャル,スペシャルウィーク,鹿毛,120213,    3.2,  ,    ,51.1
17,05,13,1,新潟,5,12,石打特別500,23,芝,8,1800,稍,ブライティアスター,牝,6,丹内祐次,55.0,16,07,5,5,0,0.4,13,108.2,"1482",0,0,0,5,5,35.6,460,菊川正達,美,105,11101158,01091,01052,0417151207,小林昌志,雅牧場,ダイタクリーヴァ,ストームサンデー,"Storm Bird",黒鹿,110518,   95.6,  ,    ,52.0
17,05,13,1,新潟,5,12,石打特別500,23,芝,8,1800,稍,プリンセスアスク  ,牝,6,和田翼,55.0,16,08,1,1,0,0,9,107.8,"1478",0,0,0,1,1,35.8,460,河内洋,栗,1050,11106267,01146,01072,0417151208,廣崎利洋HD,川上牧場,ゼンノロブロイ,ディーズビバーチェ,エルコンドルパサー,青鹿,110426,   23.6,  ,    ,50.6
17,05,13,1,新潟,5,12,石打特別500,23,芝,8,1800,稍,グランディフローラ,牝,5,黛弘人,55.0,16,09,12,12,0,1,6,108.8,"1488",0,0,0,7,7,36.1,468,中村均,栗,0,12104364,01109,00261,0417151209,社台レースホース,社台ファーム,メイショウサムソン,フローラルカーヴ,アグネスタキオン,鹿毛,120417,   11.6,  ,    ,50.7
17,05,13,1,新潟,5,12,石打特別500,23,芝,8,1800,稍,ゴールドエフォート,牝,4,菱田裕二,55.0,16,10,11,11,0,1,11,108.8,"1488",0,0,0,14,14,35.4,442,田島俊明,美,0,13105986,01144,01112,0417151210,シルクレーシング,社台コーポレーショ,カンパニー,トゥルーゴールド,フレンチデピュティ,栗毛,130301,   39.1,  ,    ,53.7
17,05,13,1,新潟,5,12,石打特別500,23,芝,8,1800,稍,プレシャスメイト  ,牝,5,西田雄一,55.0,16,11,9,9,0,0.8,8,108.6,"1486",0,0,0,13,13,35.4,458,奥村武,美,0,12103180,01004,01145,0417151211,飯田正剛,千代田牧場,ステイゴールド,トウカイパートナー,ブライアンズタイム,鹿毛,120507,   20.7,  ,    ,53.4
17,05,13,1,新潟,5,12,石打特別500,23,芝,8,1800,稍,セレナビアンカ    ,牝,6,伊藤工真,55.0,16,12,15,15,0,1.6,15,109.4,"1494",0,0,0,16,16,35.6,460,宗像義忠,美,0,11104451,01119,00420,0417151212,島川利子,社台ファーム,ジャングルポケット,ミュージカルパレス,アグネスタキオン,鹿毛,110301,  148.2,  ,    ,53.7
17,05,13,1,新潟,5,12,石打特別500,23,芝,8,1800,稍,レッドリュンヌ    ,牝,4,木幡初也,55.0,16,13,14,14,0,1.2,14,109,"1490",0,0,0,9,9,36,426,手塚貴久,美,0,13106157,01153,01038,0417151213,Mr.ホース,ノーザンファーム,ゼンノロブロイ,リーチフォーザムーン,Pulpit,栗毛,130427,  121.0,  ,    ,51.4
17,05,13,1,新潟,5,12,石打特別500,23,芝,8,1800,稍,フェイズベロシティ,牝,4,吉田隼人,55.0,16,14,6,6,0,0.5,3,108.3,"1483",0,0,0,14,14,34.8,434,萩原清,美,0,13105945,01095,01017,0417151214,池谷誠一,ノーザンファーム,キングカメハメハ,スペシャルグルーヴ,スペシャルウィーク,栗毛,130124,    5.5,  ,    ,55.6
17,05,13,1,新潟,5,12,石打特別500,23,芝,8,1800,稍,クィーンビー      ,牝,4,秋山真一,55.0,16,15,10,10,0,0.9,7,108.7,"1487",0,0,0,10,9,35.7,456,和田正道,美,0,13101630,01019,00353,0417151215,和田牧場,対馬正,エンパイアメーカー,キルシュブリューテ,マンハッタンカフェ,鹿毛,130507,   19.5,  ,    ,52.2
17,05,13,1,新潟,5,12,石打特別500,23,芝,8,1800,稍,ディリジェンテ    ,牝,5,津村明秀,55.0,16,16,7,7,0,0.7,5,108.5,"1485",0,0,0,3,3,36.1,484,木村哲也,美,0,12104740,01092,01126,0417151216,吉田勝己,ノーザンファーム,ステイゴールド,トップモーション,シンボリクリスエス,栗毛,120507,   10.8,  ,    ,50.3
17,05,14,1,新潟,6,01,未勝利・牝,7,ダ,1,1800,稍,イケジュンペガサス,牝,3,酒井学,54.0,15,01,10,10,0,3.3,9,119.4,"1594",0,3,3,6,8,42.6,474,北出成人,栗,0,14103174,01034,01078,0417160101,鈴木等,杵臼牧場,クロフネ,マイクロス,タマモクロス,芦毛,140405,   37.3,  ,    ,40.1
17,05,14,1,新潟,6,01,未勝利・牝,7,ダ,1,1800,稍,メヌエット        ,牝,3,秋山真一,54.0,15,02,2,2,0,0.2,1,116.3,"1563",0,13,12,3,3,39.8,438,橋田満,栗,200,14101093,01019,00362,0417160102,ロードホースクラブ,ケイアイファーム,Tapit,スピニングワイルドキャット,"Hard Spun",芦毛,140228,    2.0,  ,    ,46.1
17,05,14,1,新潟,6,01,未勝利・牝,7,ダ,1,1800,稍,クリノヴィクトリア,牝,3,木幡初也,52.0,15,03,4,4,0,0.6,2,116.7,"1567",0,8,8,6,5,40,434,高市圭二,美,75,14109007,01153,01014,0417160103,栗本博晴,イズモリファーム,アサクサキングス,キボウ,サツカーボーイ,栗毛,140412,    4.8,  ,    ,45.9
17,05,14,1,新潟,6,01,未勝利・牝,7,ダ,1,1800,稍,ワインアンドダイン,牝,3,丹内祐次,54.0,15,04,13,13,0,5.8,5,121.9,"2019",0,13,14,13,13,44.2,416,伊藤大士,美,0,14100712,01091,01109,0417160104,サラブレッドクラブ,ビッグレッドファー,ステイゴールド,ピノブラン,クロフネ,鹿毛,140225,   18.9,  ,    ,37.9
17,05,14,1,新潟,6,01,未勝利・牝,7,ダ,1,1800,稍,フェアウエル      ,牝,3,伴啓太,52.0,15,05,12,12,0,3.8,15,119.9,"1599",0,1,1,3,5,43.4,402,柴田政人,美,0,14101314,01149,01007,0417160105,加藤徹,本桐牧場,キングヘイロー,バイオレントムーヴ,"Seeking the Gold",栗毛,140505,  222.5,  ,    ,38.1
17,05,14,1,新潟,6,01,未勝利・牝,7,ダ,1,1800,稍,スマイルメロディー,牝,3,大庭和弥,54.0,15,06,3,3,0,0.3,7,116.4,"1564",0,3,3,2,2,40.4,422,蛯名利弘,美,130,14102325,01061,01131,0417160106,堀口晴男,日西牧場,プリサイスエンド,キシュウティアラ,フジキセキ,栗毛,140327,   21.0,  ,    ,44.1
17,05,14,1,新潟,6,01,未勝利・牝,7,ダ,1,1800,稍,アメリカンジョーク,牝,3,宮崎北斗,54.0,15,07,14,14,0,6.1,12,122.2,"2022",0,6,6,11,14,44.9,460,和田正道,美,0,14103110,01118,00353,0417160107,山上和良,カナイシスタッド,カネヒキリ,ブラックジョーク,ブラックホーク,黒鹿,140315,   93.5,  ,    ,36.1
17,05,14,1,新潟,6,01,未勝利・牝,7,ダ,1,1800,稍,ヴォワルドール    ,牝,3,井上敏樹,52.0,15,08,6,6,0,2,10,118.1,"1581",0,10,10,10,10,41,438,小島茂之,美,0,14100822,01151,01068,0417160108,ヒダカ・ブリーダー,村上欽哉,ハービンジャー,ウインマリアベール,クロフネ,栗毛,140410,   49.7,  ,    ,44.0
17,05,14,1,新潟,6,01,未勝利・牝,7,ダ,1,1800,稍,デルマミダレガミ  ,牝,3,横山武史,51.0,15,09,15,15,0,6.4,14,122.5,"2025",0,7,6,6,8,45.8,430,小野次郎,美,0,14105718,01170,01125,0417160109,浅沼廣幸,社台ファーム,スウィフトカレント,ミュンシー,"Sadler's Wells",鹿毛,140416,  205.2,  ,    ,33.7
17,05,14,1,新潟,6,01,未勝利・牝,7,ダ,1,1800,稍,プティットクルール,牝,3,鮫島克駿,53.0,15,10,1,1,0,-0.2,8,116.1,"1561",0,8,9,9,7,39.2,422,宮徹,栗,500,14104702,01157,01018,0417160110,首藤徳,田原橋本牧場,マンハッタンカフェ,ローリエ,メジロマックイーン,黒鹿,140309,   21.4,  ,    ,48.1
17,05,14,1,新潟,6,01,未勝利・牝,7,ダ,1,1800,稍,ジュティアン      ,牝,3,加藤祥太,53.0,15,11,8,8,0,2.3,3,118.4,"1584",0,5,5,12,11,41,422,中竹和也,栗,0,14100575,01156,01039,0417160111,ノースヒルズ,ノースヒルズ,ヴィクトワールピサ,アンシャンタン,"Unbridled's Song",鹿毛,140325,    5.5,  ,    ,44.4
17,05,14,1,新潟,6,01,未勝利・牝,7,ダ,1,1800,稍,クリノアンヌ      ,牝,3,菱田裕二,54.0,15,12,5,5,0,1.4,11,117.5,"1575",0,10,10,1,1,41.5,454,伊藤伸一,美,50,14102612,01144,01031,0417160112,栗本博晴,ヤナガワ牧場,タイムパラドックス,ミヤコサンライズ,フジキセキ,栃栗,140413,   72.5,  ,    ,41.6
17,05,14,1,新潟,6,01,未勝利・牝,7,ダ,1,1800,稍,カフジジュエル    ,牝,3,川又賢治,51.0,15,13,7,7,0,2.3,4,118.4,"1584",0,2,2,3,3,42,460,松元茂樹,栗,0,14104597,01166,00419,0417160113,加藤守,タイヘイ牧場,Dalakhani,マルケサ,Kingmambo,栗毛,140430,   10.3,  ,    ,41.0
17,05,14,1,新潟,6,01,未勝利・牝,7,ダ,1,1800,稍,ダイワファッション,牝,3,菊沢一樹,51.0,15,14,9,9,0,2.3,13,118.4,"1584",0,12,13,13,11,40.8,494,池上昌和,美,0,14104763,01161,01150,0417160114,大城敬三,千代田牧場,ワークフォース,スレンダーガール,アフリート,鹿毛,140502,  118.8,  ,    ,45.1
17,05,14,1,新潟,6,01,未勝利・牝,7,ダ,1,1800,稍,ハッピーパーティー,牝,3,丸山元気,54.0,15,15,11,11,0,3.4,6,119.5,"1595",0,15,15,15,15,41.3,436,小西一男,美,0,14103229,01127,00405,0417160115,田頭勇貴,笹地牧場,クロフネ,ハッピーディレンマ,アグネスタキオン,芦毛,140407,   20.5,  ,    ,44.7
17,05,14,1,新潟,6,02,未勝利,7,ダ,1,1200,稍,マサリヤヒメ      ,牝,3,岩部純二,54.0,15,01,9,9,0,0.9,14,74.9,"1149",0,0,0,11,11,38.8,424,石毛善彦,美,0,14100277,00726,00428,0417160201,西本資史,佐藤義紀,ブラックタキシード,ディアンムー,ワカオライデン,栗毛,140514,  159.3,  ,    ,43.0
17,05,14,1,新潟,6,02,未勝利,7,ダ,1,1200,稍,シュンヒーロー    ,牡,3,鮫島克駿,55.0,15,02,6,6,0,0.3,3,74.3,"1143",0,0,0,3,4,39.2,476,川村禎彦,栗,0,14104950,01157,01003,0417160202,石川博,畠山牧場,ナカヤマフェスタ,ウスイ,オース,鹿毛,140408,    4.9,  ,    ,39.5
17,05,14,1,新潟,6,02,未勝利,7,ダ,1,1200,稍,ダブルミステリー  ,牝,3,小崎綾也,53.0,15,03,1,1,0,0,7,74,"1140",0,0,0,9,8,38.2,438,本田優,栗,500,14105059,01152,01099,0417160203,西山昌彦,フジワラフアーム,ダイワメジャー,マウンテンミステリー,"Mt. Livermore",栗毛,140220,   19.7,  ,    ,43.7
17,05,14,1,新潟,6,02,未勝利,7,ダ,1,1200,稍,アウトスマート    ,牝,3,加藤祥太,53.0,15,04,14,14,0,1.9,11,75.9,"1159",0,0,0,12,12,39.5,454,吉村圭司,栗,0,14110068,01156,01130,0417160204,橋元勇氣,"St George Farm LLC","Smart Strike",Sweettrickydancer,"Green Dancer",黒鹿,140513,   55.2,  ,    ,42.2
17,05,14,1,新潟,6,02,未勝利,7,ダ,1,1200,稍,クインズアイザ    ,牝,3,丸山元気,54.0,15,05,4,4,0,0,9,74,"1140",0,0,0,1,1,39.2,424,和田正一,美,75,14100528,01127,01114,0417160205,亀田和弘,新冠橋本牧場,タイキシャトル,ケイアイアテナ,"Afleet Alex",鹿毛,140406,   44.5,  ,    ,38.8
17,05,14,1,新潟,6,02,未勝利,7,ダ,1,1200,稍,サラデコラシオン  ,牝,3,丹内祐次,54.0,15,06,13,13,0,1.6,8,75.6,"1156",0,0,0,5,7,40.3,428,岩戸孝樹,美,0,14100778,01091,01051,0417160206,川崎賢二,前川隆範,タニノギムレット,アースツリー,デュランダル,栗毛,140327,   31.6,  ,    ,37.6
17,05,14,1,新潟,6,02,未勝利,7,ダ,1,1200,稍,フレッチャペガサス,牝,3,中井裕二,54.0,15,07,15,15,0,3.1,15,77.1,"1171",0,0,0,12,14,40.7,430,安田隆行,栗,0,14103461,01141,00438,0417160207,松岡隆雄,信岡牧場,サンライズペガサス,フレッチャロッサ,アグネスデジタル,栗毛,140322,  214.8,  ,    ,39.4
17,05,14,1,新潟,6,02,未勝利,7,ダ,1,1200,稍,ドラゴンボート    ,牡,3,藤田菜七,53.0,15,08,8,8,0,0.9,10,74.9,"1149",0,0,0,12,12,38.5,496,根本康広,美,0,14102271,01164,01029,0417160208,田頭勇貴,道見牧場,ロードアルティマ,トミーラヴ,フジキセキ,鹿毛,140514,   45.0,  ,    ,44.5
17,05,14,1,新潟,6,02,未勝利,7,ダ,1,1200,稍,ジャルダンヴェール,牝,3,伊藤工真,54.0,15,09,3,3,0,0,4,74,"1140",0,0,0,5,5,38.7,434,金成貴史,美,130,14103078,01119,01132,0417160209,平井裕,岡部牧場,ジャングルポケット,スイングバイ,ミルジヨージ,栗毛,140317,    8.9,  ,    ,41.2
17,05,14,1,新潟,6,02,未勝利,7,ダ,1,1200,稍,ミーヤリープリー  ,牝,3,木幡初也,52.0,15,10,12,12,0,1.6,13,75.6,"1156",0,0,0,8,8,40,416,武市康男,美,0,14103698,01153,01089,0417160210,臺佳彦,エムエム、ヤマダフ,パイロ,シエルト,ストラヴィンスキー,鹿毛,140523,  108.2,  ,    ,39.0
17,05,14,1,新潟,6,02,未勝利,7,ダ,1,1200,稍,キップヨシ        ,牡,3,井上敏樹,54.0,15,11,2,2,0,0,5,74,"1140",0,0,0,5,5,38.7,472,高木登,美,200,14101126,01151,01088,0417160211,北所直人,坂本牧場,ファスリエフ,グレースハート,チーフベアハート,鹿毛,140301,   10.0,  ,    ,41.2
17,05,14,1,新潟,6,02,未勝利,7,ダ,1,1200,稍,ハミングパッション,牝,3,石橋脩,54.0,15,12,10,10,0,1.3,2,75.3,"1153",0,0,0,2,2,40.4,476,牧光二,美,0,14104067,01077,01106,0417160212,高嶋祐子,吉田ファーム,ハーツクライ,ダンシングクイーン,"Giant's Causeway",青鹿,140316,    4.6,  ,    ,36.4
17,05,14,1,新潟,6,02,未勝利,7,ダ,1,1200,稍,クリノカグヤヒメ  ,牝,3,菊沢一樹,51.0,15,13,11,11,0,1.5,12,75.5,"1155",0,0,0,15,15,38.4,406,蛯名利弘,美,0,14105547,01161,01131,0417160213,栗本博晴,社台ファーム,ローエングリン,スマートカスタム,マンハッタンカフェ,黒鹿,140409,   89.7,  ,    ,46.6
17,05,14,1,新潟,6,02,未勝利,7,ダ,1,1200,稍,スカーレットジェム,牝,3,坂井瑠星,52.0,15,14,7,7,0,0.4,6,74.4,"1144",0,0,0,9,8,38.6,434,和田正一,美,0,14104096,01163,01114,0417160214,スピードファーム,スピードフアーム,ディープスカイ,エバーローズ,ウインクリューガー,栗毛,140410,   15.9,  ,    ,42.7
17,05,14,1,新潟,6,02,未勝利,7,ダ,1,1200,稍,クロースリーニット,牡,3,勝浦正樹,56.0,15,15,5,5,0,0.3,1,74.3,"1143",0,0,0,3,3,39.2,522,二ノ宮敬,美,50,14110015,01025,00409,0417160215,飯田正剛,"Dr. Masatake Iida","Bellamy Road","Romantic Romance",Rahy,鹿毛,140502,    2.5,  ,    ,39.5
17,05,14,1,新潟,6,03,未勝利,7,ダ,1,1800,稍,シンゼンキング    ,牡,3,酒井学,56.0,15,01,8,8,0,2.7,4,117,"1570",0,4,4,4,4,42.3,474,飯田祐史,栗,0,14100406,01034,01139,0417160301,原司郎,大作ステーブル,アイルハヴアナザー,ジーエスレインボー,トーヨーレインボー,黒鹿,140316,    5.1,  ,    ,38.3
17,05,14,1,新潟,6,03,未勝利,7,ダ,1,1800,稍,ラッキーパンチ    ,牡,3,木幡初也,54.0,15,02,13,13,0,5.8,1,120.1,"2001",0,4,4,7,8,44.5,492,矢野英一,美,0,14101872,01153,01108,0417160302,田島榮二郎,坂牧場,ベーカバド,ハイマーク,マヤノトップガン,鹿毛,140505,    4.1,  ,    ,34.9
17,05,14,1,新潟,6,03,未勝利,7,ダ,1,1800,稍,フィフティマッハ  ,セ,3,岩部純二,56.0,15,03,11,11,0,4.3,14,118.6,"1586",0,13,13,12,11,41.5,462,上原博之,美,0,14102520,00726,00423,0417160303,星野壽市,前野牧場,ストリートセンス,ファインドロップ,サクラバクシンオー,黒鹿,140304,  267.9,  ,    ,42.9
17,05,14,1,新潟,6,03,未勝利,7,ダ,1,1800,稍,ユキノエルドール  ,牡,3,津村明秀,56.0,15,04,4,4,0,1.8,7,116.1,"1561",0,8,7,6,5,41,462,和田正一,美,75,14105062,01092,01114,0417160304,井上基之,フジワラフアーム,アサクサキングス,ユキノシンデレラ,サンダーガルチ,栗毛,140504,   21.6,  ,    ,41.6
17,05,14,1,新潟,6,03,未勝利,7,ダ,1,1800,稍,シンコーマーチャン,牡,3,丸山元気,56.0,15,05,1,1,0,-1.2,10,114.3,"1543",0,1,1,1,1,40.2,478,土田稔,美,500,14104753,01127,00417,0417160305,豊原正嗣,千代田牧場,キングヘイロー,ジェミーブロッサム,"Wild Again",鹿毛,140517,   34.6,  ,    ,42.2
17,05,14,1,新潟,6,03,未勝利,7,ダ,1,1800,稍,タルガ            ,牡,3,藤岡康太,56.0,15,06,3,3,0,1.5,5,115.8,"1558",0,2,2,3,3,41.4,494,大久保龍,栗,130,14100582,01116,01058,0417160306,ノースヒルズ,ノースヒルズ,アイルハヴアナザー,カーナヴァル,ダンスインザダーク,黒鹿,140301,    7.4,  ,    ,39.9
17,05,14,1,新潟,6,03,未勝利,7,ダ,1,1800,稍,シーライオン      ,牡,3,秋山真一,56.0,15,07,6,6,0,2.4,8,116.7,"1567",0,11,11,11,11,39.8,494,大根田裕,栗,0,14100185,01019,01032,0417160307,石瀬浩三,小泉牧場,ファスリエフ,アドマイヤジュエル,アドマイヤベガ,黒鹿,140428,   22.6,  ,    ,46.6
17,05,14,1,新潟,6,03,未勝利,7,ダ,1,1800,稍,サイモンガオ      ,牡,3,伴啓太,54.0,15,08,12,12,0,5.4,15,119.7,"1597",0,15,15,15,14,42.4,452,中舘英二,美,0,14102602,01149,01153,0417160308,澤田昭紀,ヤナガワ牧場,バトルプラン,キャンディーストア,スペシャルウィーク,鹿毛,140402,  476.7,  ,    ,41.2
17,05,14,1,新潟,6,03,未勝利,7,ダ,1,1800,稍,ジャストヒーロー  ,牡,3,西田雄一,56.0,15,09,5,5,0,1.8,9,116.1,"1561",0,9,9,7,7,40.5,450,柴田政人,美,50,14104321,01004,01007,0417160309,密山根成,岡田猛,ローレルゲレイロ,ローズアイネス,アイネスフウジン,黒鹿,140503,   27.1,  ,    ,43.3
17,05,14,1,新潟,6,03,未勝利,7,ダ,1,1800,稍,ディープウィンダム,牡,3,加藤祥太,55.0,15,10,10,10,0,4.2,11,118.5,"1585",0,4,6,5,6,43.6,498,池添学,栗,0,14104500,01156,01144,0417160310,深見敏男,桜井牧場,"Exceed And Excel",エステフ,"Sadler's Wells",鹿毛,140302,   47.2,  ,    ,35.9
17,05,14,1,新潟,6,03,未勝利,7,ダ,1,1800,稍,コンフェクション  ,牡,3,小崎綾也,55.0,15,11,7,7,0,2.5,13,116.8,"1568",0,12,12,9,8,40.4,428,羽月友彦,栗,0,14100974,01152,01091,0417160311,北駿競走馬組合,上村清志,ストリートセンス,アンダンテ,サンデーサイレンス,鹿毛,140522,  216.3,  ,    ,44.6
17,05,14,1,新潟,6,03,未勝利,7,ダ,1,1800,稍,ロックイット      ,牡,3,菱田裕二,56.0,15,12,14,14,0,7.8,3,122.1,"2021",0,9,9,9,10,45.7,460,鮫島一歩,栗,0,14103719,01144,01046,0417160312,"CHEVAL ATTACHE",大島牧場,ナカヤマフェスタ,ガリカローズ,ロックオブジブラルタル,黒鹿,140309,    4.9,  ,    ,33.6
17,05,14,1,新潟,6,03,未勝利,7,ダ,1,1800,稍,マイネルピョートル,牡,3,丹内祐次,56.0,15,13,15,15,0,12.6,6,126.9,"2069",0,4,8,12,15,49.8,480,池上昌弘,美,0,14100722,01091,00390,0417160313,サラブレッドクラブ,ビッグレッドファー,アイルハヴアナザー,マイネエカテリーナ,アグネスタキオン,栗毛,140320,   19.6,  ,    ,27.4
17,05,14,1,新潟,6,03,未勝利,7,ダ,1,1800,稍,レコンキスタ      ,牡,3,石橋脩,56.0,15,14,2,2,0,1.2,2,115.5,"1555",0,2,2,2,2,41.3,494,斎藤誠,美,200,14102002,01077,01086,0417160314,村野康司,下河辺牧場,ゴールドアリュール,ロイヤルティアラ,ノーザンテースト,栗毛,140224,    4.4,  ,    ,39.8
17,05,14,1,新潟,6,03,未勝利,7,ダ,1,1800,稍,トゥザキングダム  ,牡,3,井上敏樹,54.0,15,15,9,9,0,2.8,12,117.1,"1571",0,13,13,12,11,40,462,田島俊明,美,0,14105285,01151,01112,0417160315,サンデーレーシング,追分ファーム,シンボリクリスエス,トゥザスターダム,ダンスインザダーク,青鹿,140502,   87.2,  ,    ,46.4
17,05,14,1,新潟,6,04,障害未勝利,7,芝,2,2890,稍,クリミアタイガー  ,セ,4,小野寺祐,59.0,13,01,4,4,0,1.2,8,191.3,"3113",0,8,8,8,9,13.2,524,木村哲也,美,120,13105821,01123,01126,0417160401,吉田和美,ノーザンファーム,"Fastnet Rock",オールマイラヴィング,"Sadler's Wells",鹿毛,130412,   21.5,  ,    , 0.0
17,05,14,1,新潟,6,04,障害未勝利,7,芝,2,2890,稍,サカジロウィーク  ,牡,4,小坂忠士,59.0,13,02,8,8,0,2.1,10,192.2,"3122",0,5,6,6,7,13.3,510,崎山博樹,栗,0,13101129,01063,00365,0417160402,ロイヤルパーク,スガタ牧場,スペシャルウィーク,パシフィーク,ウォーエンブレム,黒鹿,130115,  117.4,  ,    , 0.0
17,05,14,1,新潟,6,04,障害未勝利,7,芝,2,2890,稍,ラブリープラネット,牡,6,植野貴也,60.0,13,03,5,5,0,1.6,5,191.7,"3117",0,2,2,3,2,13.3,486,五十嵐忠,栗,78,11104481,00727,00422,0417160403,三田昌宏,社台ファーム,ダイワメジャー,ランペルティーザ,トワイニング,栗毛,110213,   16.9,  ,    , 0.0
17,05,14,1,新潟,6,04,障害未勝利,7,芝,2,2890,稍,クラウンスカイ    ,牡,4,上野翔,59.0,13,04,11,11,0,2.7,12,192.8,"3128",0,4,4,3,2,13.3,448,小野次郎,美,0,13101866,01087,01125,0417160404,クラウン,ヒカル牧場,メイショウボーラー,アオゾラ,ムーンバラッド,青鹿,130402,  136.8,  ,    , 0.0
17,05,14,1,新潟,6,04,障害未勝利,7,芝,2,2890,稍,ドゥドゥドゥ      ,牡,4,黒岩悠,59.0,13,05,9,9,0,2.2,2,192.3,"3123",0,5,5,6,5,13.3,458,坂口正則,栗,0,13100998,01072,00356,0417160405,ターフ・スポート,モリナガファーム,ロージズインメイ,ドゥーワップ,ジェイドロバリー,青鹿,130514,    6.2,  ,    , 0.0
17,05,14,1,新潟,6,04,障害未勝利,7,芝,2,2890,稍,ステージジャンプ  ,牡,7,五十嵐雄,60.0,13,06,1,1,0,-0.2,1,190.1,"3101",0,1,1,1,1,13.2,510,岩戸孝樹,美,780,10104176,01069,01051,0417160406,小林英一ホールディ,ノーザンファーム,アドマイヤジャパン,ステージヴァージン,トニービン,鹿毛,100209,    1.5,  ,    , 0.0
17,05,14,1,新潟,6,04,障害未勝利,7,芝,2,2890,稍,ビッグオーラ      ,牡,4,大庭和弥,59.0,13,07,13,13,0,14.4,13,204.5,"3245",0,13,13,13,13,14.2,496,中野栄治,美,0,13104431,01061,01010,0417160407,西村新一郎,田原橋本牧場,アドマイヤオーラ,ミスフースイ,スキャターザゴールド,鹿毛,130317,  157.7,  ,    , 0.0
17,05,14,1,新潟,6,04,障害未勝利,7,芝,2,2890,稍,サンライズアルプス,牡,6,平沢健治,60.0,13,08,12,12,0,12.9,6,203,"3230",0,12,12,12,12,14,452,牧浦充徳,栗,0,11105535,01067,01113,0417160408,松岡隆雄,浦河小林牧場,ステイゴールド,コルチカ,Machiavellian,鹿毛,110403,   17.8,  ,    , 0.0
17,05,14,1,新潟,6,04,障害未勝利,7,芝,2,2890,稍,メメニシコリ      ,牡,4,西谷誠,59.0,13,09,6,6,0,1.7,9,191.8,"3118",0,11,10,10,10,13.3,466,飯田雄三,栗,0,13105685,01005,01050,0417160409,本谷惠,社台ファーム,ワークフォース,メメエナン,フレンチデピュティ,鹿毛,130227,   37.0,  ,    , 0.0
17,05,14,1,新潟,6,04,障害未勝利,7,芝,2,2890,稍,ニシノファルコン  ,牡,4,高野和馬,59.0,13,10,10,10,0,2.4,11,192.5,"3125",0,9,11,11,11,13.3,448,高橋文雅,美,0,13102806,01089,01134,0417160410,西村亮二,王蔵牧場,フォーティナイナーズサン,ヴィーガズヘイロー,アドマイヤベガ,黒鹿,130419,  126.3,  ,    , 0.0
17,05,14,1,新潟,6,04,障害未勝利,7,芝,2,2890,稍,プレシャスタイム  ,牡,4,北沢伸也,59.0,13,11,3,3,0,0.5,7,190.6,"3106",0,9,8,8,7,13.2,430,藤沢則雄,栗,200,13103952,00691,01041,0417160411,小原該一,岡田スタツド,ロージズインメイ,シルキードルチェ,パレスミュージック,鹿毛,130328,   21.1,  ,    , 0.0
17,05,14,1,新潟,6,04,障害未勝利,7,芝,2,2890,稍,ソリッドアクシス  ,セ,5,山本康志,60.0,13,12,2,2,0,0.2,3,190.3,"3103",0,3,3,2,2,13.2,444,青木孝文,美,310,12110029,01008,01156,0417160412,ノルマンディーサラ,"Lantern Hill Farm","Flashy Bull","Sister Quick",Ide,栗毛,120408,    8.6,  ,    , 0.0
17,05,14,1,新潟,6,04,障害未勝利,7,芝,2,2890,稍,ゴールドバンカー  ,牡,5,石神深一,60.0,13,13,7,7,0,2,4,192.1,"3121",0,7,6,5,5,13.3,448,伊藤正徳,美,0,12103870,01059,00383,0417160413,磯波勇,登別上水牧場,トワイニング,レッドイオ,ゴールドアリュール,栗毛,120526,   16.3,  ,    , 0.0
17,05,14,1,新潟,6,05,未勝利,7,芝,8,1600,稍,スマイルプリティ  ,牝,3,酒井学,54.0,16,01,14,14,0,2.3,12,97,"1370",0,0,0,10,9,37.1,472,本間忍,美,0,14102358,01034,01056,0417160501,臼倉勲,浜本牧場,キンシャサノキセキ,カノヤトップレディ,キングヘイロー,鹿毛,140414,  120.0,  ,    ,46.9
17,05,14,1,新潟,6,05,未勝利,7,芝,8,1600,稍,トラフィックブルー,牡,3,岩部純二,56.0,16,02,6,6,0,0.9,11,95.6,"1356",0,0,0,6,6,35.8,486,蛯名利弘,美,0,14103769,00726,01131,0417160502,田頭勇貴,桑田フアーム,タイキシャトル,エメラルドミスト,ダンスインザダーク,栗毛,140524,   90.4,  ,    ,50.2
17,05,14,1,新潟,6,05,未勝利,7,芝,8,1600,稍,ミエノインパルス  ,牡,3,坂井瑠星,54.0,16,03,3,3,0,0.2,5,94.9,"1349",0,0,0,12,14,34.5,494,高橋康之,栗,130,14105471,01163,01135,0417160503,里見美惠子,社台ファーム,クロフネ,クラシカルテースト,サンデーサイレンス,栗毛,140429,   14.3,  ,    ,55.0
17,05,14,1,新潟,6,05,未勝利,7,芝,8,1600,稍,ブラウンプレスト  ,牡,3,丸山元気,56.0,16,04,4,4,0,0.4,7,95.1,"1351",0,0,0,5,5,35.5,460,佐々木晶,栗,75,14103109,01127,00429,0417160504,キャピタルクラブ,カナイシスタッド,ルーラーシップ,ブラウンシャイン,ヤマニンゼファー,鹿毛,140326,   20.8,  ,    ,50.7
17,05,14,1,新潟,6,05,未勝利,7,芝,8,1600,稍,リードアゲン      ,牡,3,菊沢一樹,53.0,16,05,9,9,0,1.3,13,96,"1360",0,0,0,6,6,36,472,岩戸孝樹,美,0,14105159,01161,01051,0417160505,浅川皓司,三木田明仁,サクラプレジデント,エキサイトアゲン,"Lear Fan",栗毛,140414,  136.2,  ,    ,50.0
17,05,14,1,新潟,6,05,未勝利,7,芝,8,1600,稍,シャンティローザ  ,牝,3,鮫島克駿,53.0,16,06,2,2,0,0.1,1,94.8,"1348",0,0,0,10,11,34.7,452,松永幹夫,栗,200,14105846,01157,01092,0417160506,ホシノレーシング,ノーザンファーム,ダノンシャンティ,エポカローザ,"El Prado",青鹿,140326,    2.0,  ,    ,53.9
17,05,14,1,新潟,6,05,未勝利,7,芝,8,1600,稍,ファンシーアモン  ,牝,3,木幡初也,52.0,16,07,8,8,0,1.3,6,96,"1360",0,0,0,8,6,36.3,470,谷原義明,美,0,14102826,01153,00402,0417160507,平岡茂樹,平岡牧場,ソングオブウインド,ミスアモン,メジロライアン,鹿毛,140315,   15.5,  ,    ,48.7
17,05,14,1,新潟,6,05,未勝利,7,芝,8,1600,稍,フルスプレンダー  ,牡,3,小崎綾也,55.0,16,08,15,15,0,4.1,15,98.8,"1388",0,0,0,3,3,39.2,458,森田直行,栗,0,14101172,01152,01142,0417160508,岡田牧雄,タガミファーム,ロージズインメイ,ダイワスプレンダー,タニノギムレット,栗毛,140416,  250.8,  ,    ,41.2
17,05,14,1,新潟,6,05,未勝利,7,芝,8,1600,稍,アロエ            ,牡,3,井上敏樹,54.0,16,09,12,12,0,2.1,14,96.8,"1368",0,0,0,13,15,36.3,400,相沢郁,美,0,14103451,01151,01020,0417160509,橋詰弘一,日本中央競馬会日高,ヨハネスブルグ,シャトルシャロン,タイキシャトル,鹿毛,140411,  175.8,  ,    ,50.0
17,05,14,1,新潟,6,05,未勝利,7,芝,8,1600,稍,ゴールドメモリアル,牝,3,横山武史,51.0,16,10,16,16,0,6.1,16,100.8,"1408",0,0,0,3,3,41.1,454,作田誠二,栗,0,14100811,01170,01006,0417160510,竹原孝昭,三村卓也,ヴァーミリアン,ジネブラルスキー,ピルサドスキー,黒鹿,140130,  293.2,  ,    ,37.2
17,05,14,1,新潟,6,05,未勝利,7,芝,8,1600,稍,スターゲイザー    ,牡,3,菱田裕二,56.0,16,11,11,11,0,2,4,96.7,"1367",0,0,0,1,2,38,454,角居勝彦,栗,0,14104578,01144,01053,0417160511,野田善己,飛野牧場,デュランダル,ヒガンバナ,ブライアンズタイム,鹿毛,140318,   11.9,  ,    ,42.7
17,05,14,1,新潟,6,05,未勝利,7,芝,8,1600,稍,モレッキ          ,牡,3,石橋脩,56.0,16,12,1,1,0,-0.1,2,94.7,"1347",0,0,0,13,11,34.7,492,斎藤誠,美,500,14105860,01077,01086,0417160512,サンデーレーシング,ノーザンファーム,ステイゴールド,オールザウェイベイビー,"Grand Slam",黒鹿,140213,    4.2,  ,    ,53.7
17,05,14,1,新潟,6,05,未勝利,7,芝,8,1600,稍,ゴレアーダ        ,牝,3,秋山真一,54.0,16,13,13,13,0,2.1,10,96.8,"1368",0,0,0,8,10,36.7,428,中尾秀正,栗,0,14105822,01019,01069,0417160513,キャロットファーム,ノーザンファーム,ハービンジャー,インパクトゲーム,ディープインパクト,栗毛,140424,   70.0,  ,    ,48.3
17,05,14,1,新潟,6,05,未勝利,7,芝,8,1600,稍,コスモディライト  ,牡,3,丹内祐次,56.0,16,14,10,10,0,1.8,8,96.5,"1365",0,0,0,15,16,36.1,432,伊藤伸一,美,0,14100694,01091,01031,0417160514,ビッグレッドファー,ビッグレッドファー,マツリダゴッホ,コスモディアレスト,マイネルラヴ,青鹿,140423,   22.5,  ,    ,50.4
17,05,14,1,新潟,6,05,未勝利,7,芝,8,1600,稍,コイヲダキシメヨウ,牝,3,西田雄一,54.0,16,15,5,5,0,0.5,3,95.2,"1352",0,0,0,2,1,36.5,488,尾関知人,美,50,14103210,01004,01103,0417160515,酒井牧場,酒井牧場,ワークフォース,トゥハーモニー,サンデーサイレンス,鹿毛,140510,    6.7,  ,    ,46.5
17,05,14,1,新潟,6,05,未勝利,7,芝,8,1600,稍,リウォード        ,牡,3,津村明秀,56.0,16,16,7,7,0,1,9,95.7,"1357",0,0,0,16,13,35.6,472,高柳瑞樹,美,0,14102189,01092,01118,0417160516,ゴドルフィン,ダーレー・ジャパン,キングズベスト,トリート,Barathea,鹿毛,140412,   58.6,  ,    ,51.3
17,05,14,1,新潟,6,06,未勝利,7,芝,0,2000,稍,ウインドフェスタ  ,牡,3,秋山真一,56.0,16,01,14,14,0,2.1,7,124,"2040",0,12,12,12,12,37.3,494,鈴木孝志,栗,0,14101475,01019,01111,0417160601,福原正博,川向高橋育成牧場,ナカヤマフェスタ,ダスティーミラー,エルコンドルパサー,黒鹿,140321,   22.8,  ,    ,49.6
17,05,14,1,新潟,6,06,未勝利,7,芝,0,2000,稍,パラディラタン    ,牝,3,菊沢一樹,51.0,16,02,9,9,0,1.2,12,123.1,"2031",0,8,8,10,11,36.7,436,加藤和宏,美,0,14105742,01161,01077,0417160602,堀祥子,社台コーポレーショ,ハービンジャー,ラタンバスケット,タイキシャトル,栗毛,140427,   87.1,  ,    ,50.9
17,05,14,1,新潟,6,06,未勝利,7,芝,0,2000,稍,ベルベールダンス  ,牝,3,丸山元気,54.0,16,03,15,15,0,2.9,13,124.8,"2048",0,14,13,13,12,37.9,446,青木孝文,美,0,14105714,01127,01156,0417160603,吉田千津,社台ファーム,ステイゴールド,ミスベルベール,Bering,青毛,140430,  118.4,  ,    ,48.3
17,05,14,1,新潟,6,06,未勝利,7,芝,0,2000,稍,タイキワンダー    ,牡,3,酒井学,56.0,16,04,13,13,0,1.7,14,123.6,"2036",0,3,3,3,4,37.7,448,小崎憲,栗,0,14103494,01034,01085,0417160604,大樹ファーム,ビクトリーホースラ,グラスワンダー,マロノヴィーナス,タニノギムレット,鹿毛,140404,  138.2,  ,    ,47.7
17,05,14,1,新潟,6,06,未勝利,7,芝,0,2000,稍,シンデン          ,牡,3,津村明秀,56.0,16,05,3,3,0,0.2,1,122.1,"2021",0,5,5,5,4,36,472,牧光二,美,130,14102619,01092,01106,0417160605,ケンレーシング組合,山際辰夫,コンデュイット,ハーレムスウィング,マンハッタンカフェ,鹿毛,140228,    2.9,  ,    ,52.5
17,05,14,1,新潟,6,06,未勝利,7,芝,0,2000,稍,ロードフェイム    ,牡,3,小崎綾也,55.0,16,06,6,6,0,0.8,5,122.7,"2027",0,14,15,13,14,35.7,506,池江泰寿,栗,0,14110002,01152,01071,0417160606,ロードホースクラブ,"K I Farm Corporati",Dansili,"Perfect Tribute",Dubawi,鹿毛,140226,    9.9,  ,    ,54.4
17,05,14,1,新潟,6,06,未勝利,7,芝,0,2000,稍,グリフレット      ,牡,3,勝浦正樹,56.0,16,07,8,8,0,1.1,11,123,"2030",0,8,8,10,10,36.6,432,水野貴広,美,0,14105393,01025,01094,0417160607,社台レースホース,社台ファーム,ローエングリン,アプリコットフィズ,ジャングルポケット,鹿毛,140508,   74.6,  ,    ,51.2
17,05,14,1,新潟,6,06,未勝利,7,芝,0,2000,稍,キープスマイル    ,牝,3,藤田菜七,51.0,16,08,10,10,0,1.4,6,123.3,"2033",0,1,1,1,1,37.8,438,天間昭一,美,0,14102480,01164,01090,0417160608,杉浦和也,豊洋牧場,ベーカバド,スマイルビクトリー,スペシャルウィーク,鹿毛,140317,   12.8,  ,    ,46.9
17,05,14,1,新潟,6,06,未勝利,7,芝,0,2000,稍,デルマフユゲシキ  ,牝,3,伴啓太,52.0,16,09,7,7,0,1,16,122.9,"2029",0,16,16,15,14,35.8,444,竹内正洋,美,0,14105548,01149,01152,0417160609,浅沼廣幸,社台ファーム,ワークフォース,スマートレディー,ジャングルポケット,鹿毛,140202,  264.9,  ,    ,54.3
17,05,14,1,新潟,6,06,未勝利,7,芝,0,2000,稍,オメガガーディアン,牡,3,石橋脩,56.0,16,10,2,2,0,0,2,121.9,"2019",0,2,2,2,2,36.2,550,高橋亮,栗,200,14105777,01077,01136,0417160610,原禮子,社台ファーム,シンボリクリスエス,ローズオットー,ダンスインザダーク,鹿毛,140501,    4.6,  ,    ,51.5
17,05,14,1,新潟,6,06,未勝利,7,芝,0,2000,稍,ウインクリムゾン  ,牡,3,井上敏樹,54.0,16,11,1,1,0,0,4,121.9,"2019",0,10,10,8,8,35.6,462,高木登,美,500,14100229,01151,01088,0417160611,ウイン,コスモヴューファー,マツリダゴッホ,ダイイチビビット,トニービン,鹿毛,140320,    7.1,  ,    ,53.9
17,05,14,1,新潟,6,06,未勝利,7,芝,0,2000,稍,アルマシャール    ,牡,3,鮫島克駿,55.0,16,12,4,4,0,0.2,3,122.1,"2021",0,3,3,3,3,36.2,502,佐々木晶,栗,75,14103981,01157,00429,0417160612,コウトミックレーシ,バンブー牧場,ヴァーミリアン,バンビーナココ,フォーティナイナー,鹿毛,140312,    5.1,  ,    ,51.7
17,05,14,1,新潟,6,06,未勝利,7,芝,0,2000,稍,マイネルバローネ  ,牡,3,丹内祐次,56.0,16,13,11,11,0,1.4,10,123.3,"2033",0,5,5,5,4,37.2,480,手塚貴久,美,0,14103589,01091,01038,0417160613,サラブレッドクラブ,宮内牧場,シンボリクリスエス,キョウエイタキオン,アグネスタキオン,青鹿,140421,   41.6,  ,    ,49.2
17,05,14,1,新潟,6,06,未勝利,7,芝,0,2000,稍,ハウエバー        ,牡,3,木幡初也,54.0,16,14,5,5,0,0.5,8,122.4,"2024",0,10,10,8,8,36.1,408,和田正一,美,50,14102061,01153,01114,0417160614,古賀和夫,スマイルファーム,ローエングリン,アイーンベル,サンデーサイレンス,栗毛,140401,   27.5,  ,    ,52.5
17,05,14,1,新潟,6,06,未勝利,7,芝,0,2000,稍,トーヨーピース    ,牡,3,坂井瑠星,54.0,16,15,12,12,0,1.5,9,123.4,"2034",0,7,5,5,4,37.3,458,西園正都,栗,0,14104771,01163,01028,0417160615,中嶋宏,千代田牧場,ホワイトマズル,ドラゴンフラワー,マンハッタンカフェ,鹿毛,140224,   37.9,  ,    ,48.9
17,05,14,1,新潟,6,06,未勝利,7,芝,0,2000,稍,ウイングレンツェン,牡,3,中井裕二,56.0,16,16,0,0,4,999.9,15,0,"----",0,13,14,16,16,0,496,和田正一,美,0,14101179,01141,01114,0417160616,ウイン,竹内良一,ディープブリランテ,ヤヨイコマチ,ホワイトマズル,鹿毛,140421,  184.2,  ,    , 0.0
17,05,14,1,新潟,6,07,500万下・牝,23,ダ,1,1200,稍,スターペスユウコ  ,牝,6,菱田裕二,55.0,15,01,5,5,0,0.3,1,73,"1130",0,0,0,7,7,37.8,468,石橋守,栗,75,11105353,01144,01140,0417160701,河野和香子,村上欽哉,バトルライン,ピアローズ,ジェニュイン,鹿毛,110319,    3.1,  ,    ,43.1
17,05,14,1,新潟,6,07,500万下・牝,23,ダ,1,1200,稍,ハッピーロングラン,牝,6,川又賢治,52.0,15,02,8,8,0,0.4,11,73.1,"1131",0,0,0,14,13,37.1,430,安田隆行,栗,0,11103990,01166,00438,0417160702,馬場幸夫,ノーザンファーム,ネオユニヴァース,ハッピーラン,フレンチデピュティ,鹿毛,110401,   35.8,  ,    ,47.0
17,05,14,1,新潟,6,07,500万下・牝,23,ダ,1,1200,稍,ノボホウセイ      ,牝,4,石橋脩,55.0,15,03,14,14,0,1.6,3,74.3,"1143",0,0,0,1,1,40.3,500,尾関知人,美,0,13102932,01077,01103,0417160703,LS.M,高昭牧場,ノボジャック,ノボサンシャイン,"Gone West",栗毛,130227,    7.1,  ,    ,34.4
17,05,14,1,新潟,6,07,500万下・牝,23,ダ,1,1200,稍,テンプルツリー    ,牝,4,木幡初也,53.0,15,04,6,6,0,0.3,8,73,"1130",0,0,0,9,10,37.7,446,栗田博憲,美,0,13102098,01153,00341,0417160704,山口功一郎,森牧場,ブラックタイド,シルクヴィーナス,ティンバーカントリー,黒鹿,130512,   18.8,  ,    ,43.6
17,05,14,1,新潟,6,07,500万下・牝,23,ダ,1,1200,稍,ペイシャバラード  ,牝,4,木幡育也,52.0,15,05,3,3,0,0.2,6,72.9,"1129",0,0,0,2,2,38.9,450,高市圭二,美,190,13102795,01167,01014,0417160705,北所直人,梅田牧場,ベーカバド,マリーンウィナー,フジキセキ,黒鹿,130415,   16.0,  ,    ,37.4
17,05,14,1,新潟,6,07,500万下・牝,23,ダ,1,1200,稍,クリノセゴビア    ,牝,4,酒井学,55.0,15,06,12,12,0,1,9,73.7,"1137",0,0,0,7,7,38.5,450,川村禎彦,栗,0,13102680,01034,01003,0417160706,栗本博晴,様似渡辺牧場,ゼンノロブロイ,クリームパフ,ブライアンズタイム,黒鹿,130407,   19.5,  ,    ,41.4
17,05,14,1,新潟,6,07,500万下・牝,23,ダ,1,1200,稍,フラマブル        ,牝,4,津村明秀,55.0,15,07,13,13,0,1.4,5,74.1,"1141",0,0,0,11,11,38.4,448,高柳瑞樹,美,0,13100635,01092,01118,0417160707,H.H.シェイク・モハ,ダーレー・ジャパン,パイロ,モケット,"Maria's Mon",栗毛,130410,   10.2,  ,    ,43.0
17,05,14,1,新潟,6,07,500万下・牝,23,ダ,1,1200,稍,ラガーエミリー    ,牝,4,坂井瑠星,53.0,15,08,2,2,0,0.1,12,72.8,"1128",0,0,0,3,3,38.5,472,池添学,栗,300,13104014,01163,01144,0417160708,奥村啓二,岡田猛,ブラックタイド,チャームオペラ,テイエムオペラオー,黒鹿,130421,   35.9,  ,    ,39.1
17,05,14,1,新潟,6,07,500万下・牝,23,ダ,1,1200,稍,ベストエビデンス  ,牝,5,丸山元気,55.0,15,09,7,7,0,0.4,14,73.1,"1131",0,0,0,15,15,37,424,土田稔,美,0,12104203,01127,00417,0417160709,大塚亮一,社台ファーム,ネオユニヴァース,クイーンソネット,ノーザンテースト,栗毛,120503,  131.3,  ,    ,47.6
17,05,14,1,新潟,6,07,500万下・牝,23,ダ,1,1200,稍,スリーチアサウス  ,牝,6,水口優也,55.0,15,10,10,10,0,0.6,10,73.3,"1133",0,0,0,4,4,38.8,472,大橋勇樹,栗,0,11101936,01133,01065,0417160710,永井商事,グランド牧場,サウスヴィグラス,チャームカーニバル,アサティス,鹿毛,110413,   27.2,  ,    ,38.9
17,05,14,1,新潟,6,07,500万下・牝,23,ダ,1,1200,稍,トラストマヴィア  ,牝,4,小崎綾也,54.0,15,11,4,4,0,0.2,4,72.9,"1129",0,0,0,5,5,38,484,羽月友彦,栗,110,13101996,01152,01091,0417160711,菅波雅巳,松浦牧場,シンボリクリスエス,ストーミーウェザー,"Storm Cat",黒鹿,130412,    9.8,  ,    ,41.8
17,05,14,1,新潟,6,07,500万下・牝,23,ダ,1,1200,稍,エクスシア        ,牝,6,勝浦正樹,55.0,15,12,9,9,0,0.5,7,73.2,"1132",0,0,0,13,13,37.3,436,大江原哲,美,0,11104803,01025,01012,0417160712,岡田牧雄,須崎牧場,シニスターミニスター,ハネダテンシ,フジキセキ,鹿毛,110323,   17.2,  ,    ,46.2
17,05,14,1,新潟,6,07,500万下・牝,23,ダ,1,1200,稍,ブリーズドゥメール,牝,4,加藤祥太,54.0,15,13,15,15,0,1.7,13,74.4,"1144",0,0,0,5,5,39.5,446,古賀慎明,美,0,13105553,01156,01079,0417160713,村野康司,社台ファーム,ヴィクトワールピサ,ディオニージア,"Tejano Run",青鹿,130320,   85.2,  ,    ,38.4
17,05,14,1,新潟,6,07,500万下・牝,23,ダ,1,1200,稍,サラマンカ        ,牝,4,中井裕二,55.0,15,14,1,1,0,-0.1,2,72.7,"1127",0,0,0,9,7,37.4,508,浜田多実,栗,750,13105187,01141,01138,0417160714,荒木謙次,レイクヴィラファー,ダノンシャンティ,ガバーナ,"Polish Precedent",黒鹿,130410,    3.9,  ,    ,44.4
17,05,14,1,新潟,6,07,500万下・牝,23,ダ,1,1200,稍,ハートオブジュン  ,牝,6,菊沢一樹,52.0,15,15,11,11,0,0.7,15,73.4,"1134",0,0,0,11,11,37.7,482,松山将樹,美,0,11105788,01161,01100,0417160715,広富牧場,信成牧場,ハーツクライ,ロイヤルキャニオン,ラストタイクーン,鹿毛,110408,  236.1,  ,    ,44.7
17,05,14,1,新潟,6,08,500万下・若,23,芝,8,2000,良,ヴォーチェ        ,牝,4,横山武史,52.0,16,01,14,14,0,3,11,123.3,"2033",0,0,0,4,8,37.9,470,星野忍,美,0,13106337,01170,01030,0417160801,トニー倶楽部,トラストスリーファ,カリズマティック,グッドファッション,アドマイヤマックス,栗毛,130427,   49.7,  ,    ,46.6
17,05,14,1,新潟,6,08,500万下・若,23,芝,8,2000,良,トライブキング    ,牡,4,鮫島克駿,56.0,16,02,11,11,0,2.2,4,122.5,"2025",0,0,0,4,4,37.4,444,中竹和也,栗,0,13104336,01157,01039,0417160802,前田幸治,タイヘイ牧場,ディープインパクト,ブロームフォンテン,"Cape Cross",鹿毛,130324,    8.5,  ,    ,47.5
17,05,14,1,新潟,6,08,500万下・若,23,芝,8,2000,良,アートハルキ      ,牡,4,伴啓太,55.0,16,03,15,15,0,4,13,124.3,"2043",0,0,0,14,14,38.6,460,本間忍,美,0,13103931,01149,01056,0417160803,森山進,岡田スタツド,ネオユニヴァース,エリモジェンヌ,ブライアンズタイム,鹿毛,130413,  110.0,  ,    ,45.2
17,05,14,1,新潟,6,08,500万下・若,23,芝,8,2000,良,ブランダルジャン  ,牝,5,木幡初也,53.0,16,04,6,6,0,0.8,6,121.1,"2011",0,0,0,8,8,35.7,474,勢司和浩,美,0,12104898,01153,01047,0417160804,河合純二,ノーザンファーム,ゼンノロブロイ,ラフィントレイル,エルコンドルパサー,芦毛,120425,   10.8,  ,    ,52.5
17,05,14,1,新潟,6,08,500万下・若,23,芝,8,2000,良,ポップスキャット  ,牝,5,嶋田純次,55.0,16,05,13,13,0,2.5,15,122.8,"2028",0,0,0,12,12,37.2,430,池上昌和,美,0,12104496,01134,01150,0417160805,今中俊平,社台ファーム,ダンスインザダーク,ロリポップガール,Trempolino,黒鹿,120208,  210.9,  ,    ,48.6
17,05,14,1,新潟,6,08,500万下・若,23,芝,8,2000,良,コートオブアームズ,牡,5,坂井瑠星,55.0,16,06,1,1,0,-0.1,1,120.3,"2003",0,0,0,14,14,34.9,460,角田晃一,栗,750,12104534,01163,01121,0417160806,シルクレーシング,ノーザンファーム,ディープインパクト,アーマイン,"Exchange Rate",鹿毛,120124,    2.8,  ,    ,54.9
17,05,14,1,新潟,6,08,500万下・若,23,芝,8,2000,良,ビクトリーミノル  ,牡,5,森一馬,57.0,16,07,4,4,0,0.2,10,120.5,"2005",0,0,0,13,12,35.1,480,北出成人,栗,110,12103493,01139,01078,0417160807,吉岡實,フジワラフアーム,ディープスカイ,プロフェシーライツ,アフリート,栗毛,120314,   24.2,  ,    ,54.3
17,05,14,1,新潟,6,08,500万下・若,23,芝,8,2000,良,ヴレ              ,牡,4,中井裕二,57.0,16,08,7,7,0,0.9,14,121.2,"2012",0,0,0,4,4,36.1,520,加用正,栗,0,13103616,01141,00425,0417160808,宮川純造,富田牧場,ハーツクライ,ストライキングヴェイル,"Smart Strike",栗毛,130312,  116.3,  ,    ,51.0
17,05,14,1,新潟,6,08,500万下・若,23,芝,8,2000,良,モンテエベレスト  ,セ,7,菊沢一樹,54.0,16,09,5,5,0,0.5,7,120.8,"2008",0,0,0,11,11,35.5,498,二ノ宮敬,美,75,10100451,01161,00409,0417160809,毛利喜昭,下河辺牧場,アグネスタキオン,ウィルダネスストーム,"Storm Cat",青鹿,100509,   15.5,  ,    ,53.0
17,05,14,1,新潟,6,08,500万下・若,23,芝,8,2000,良,ユッセ            ,牝,4,井上敏樹,53.0,16,10,12,12,0,2.5,12,122.8,"2028",0,0,0,1,1,37.9,476,奥平雅士,美,0,13103720,01151,01074,0417160810,ミルファーム,松田牧場,グラスワンダー,ビクトワールイゾレ,ダンスインザダーク,栗毛,130224,   98.3,  ,    ,46.0
17,05,14,1,新潟,6,08,500万下・若,23,芝,8,2000,良,コメットシーカー  ,牡,7,原田和真,57.0,16,11,3,3,0,0.1,3,120.4,"2004",0,0,0,8,8,35.4,496,西村真幸,栗,190,10104079,01143,01148,0417160811,キャロットファーム,ノーザンファーム,ディープインパクト,ガヴィオラ,Cozzene,鹿毛,100502,    6.8,  ,    ,52.9
17,05,14,1,新潟,6,08,500万下・若,23,芝,8,2000,良,レッドアルカナ    ,牝,4,杉原誠人,55.0,16,12,2,2,0,0.1,8,120.4,"2004",0,0,0,8,7,35.2,482,国枝栄,美,300,13105489,01135,00399,0417160812,東京ホースレーシン,社台ファーム,ディープインパクト,シークレットジプシー,"Sea of Secrets",鹿毛,130403,   19.5,  ,    ,53.7
17,05,14,1,新潟,6,08,500万下・若,23,芝,8,2000,良,ラハトケレブ      ,牡,4,加藤祥太,56.0,16,13,8,8,0,1.1,5,121.4,"2014",0,0,0,4,4,36.3,478,牧田和弥,栗,0,13105972,01156,01123,0417160813,永田和彦,ノーザンファーム,ファルブラヴ,ディアアドマイヤ,サンデーサイレンス,鹿毛,130210,   10.7,  ,    ,50.5
17,05,14,1,新潟,6,08,500万下・若,23,芝,8,2000,良,ベストレート      ,牝,4,小崎綾也,54.0,16,14,10,10,0,1.9,2,122.2,"2022",0,0,0,2,2,37.3,502,牧光二,美,0,13106068,01152,01106,0417160814,G1レーシング,ノーザンファーム,ゼンノロブロイ,プロモーション,ヘクタープロテクター,鹿毛,130328,    5.2,  ,    ,47.5
17,05,14,1,新潟,6,08,500万下・若,23,芝,8,2000,良,タルトオポム      ,牡,6,藤田菜七,54.0,16,15,9,9,0,1.5,9,121.8,"2018",0,0,0,3,3,36.9,456,尾形和幸,美,0,11103821,01164,01141,0417160815,野本巧,ノーザンファーム,ジャングルポケット,ガラディナー,サンデーサイレンス,黒鹿,110407,   21.1,  ,    ,48.6
17,05,14,1,新潟,6,08,500万下・若,23,芝,8,2000,良,エイユービリーヴ  ,セ,5,木幡育也,54.0,16,16,0,0,3,999.9,0,0,"----",0,0,0,0,0,0,472,作田誠二,栗,0,12106351,01167,01006,0417160816,笹部義則,赤田牧場,シンボリクリスエス,ミスティーキス,クロフネ,鹿毛,120312,    0.0,  ,    , 0.0
17,05,14,1,新潟,6,09,500万下,23,ダ,1,1800,稍,ロードサンダー    ,牡,4,菊沢一樹,54.0,15,01,7,7,0,2,14,115.2,"1552",0,7,7,9,8,40,470,藤原辰雄,美,0,13102309,01161,00435,0417160901,ロードホースクラブ,ケイアイファーム,ワイルドラッシュ,レディチャーム,サンデーサイレンス,黒鹿,130306,   67.1,  ,    ,44.0
17,05,14,1,新潟,6,09,500万下,23,ダ,1,1800,稍,スフェーン        ,牡,4,丸山元気,57.0,15,02,8,8,0,2.4,2,115.6,"1556",0,5,5,4,4,41.2,444,小西一男,美,0,13103448,01127,00405,0417160902,キャピタルクラブ,笹地牧場,メイショウボーラー,ウォータープレミア,ネオユニヴァース,鹿毛,130423,    5.7,  ,    ,40.3
17,05,14,1,新潟,6,09,500万下,23,ダ,1,1800,稍,ウメジマダイオー  ,牡,8,伴啓太,55.0,15,03,11,11,0,3.3,15,116.5,"1565",0,14,14,14,14,40.4,524,星野忍,美,0,09102028,01149,01030,0417160903,村田滋,高橋啓,ブラックホーク,フレンチティー,フレンチデピュティ,鹿毛,090227,  132.0,  ,    ,44.2
17,05,14,1,新潟,6,09,500万下,23,ダ,1,1800,稍,アルティジャーノ  ,セ,4,津村明秀,57.0,15,04,13,13,0,4.6,10,117.8,"1578",0,11,11,11,13,42.2,446,相沢郁,美,0,13104515,01092,01020,0417160904,渡邉顕三,千代田牧場,ディープスカイ,ベストマリッジ,シンボリクリスエス,鹿毛,130228,   29.5,  ,    ,39.6
17,05,14,1,新潟,6,09,500万下,23,ダ,1,1800,稍,レイズオブザサン  ,牡,8,鮫島克駿,56.0,15,05,10,10,0,3,13,116.2,"1562",0,10,10,11,11,40.7,454,服部利之,栗,0,09101598,01157,01040,0417160905,吉田修,タガミファーム,スパイキュール,レイオブライト,ウイニングチケット,黒鹿,090418,   63.9,  ,    ,42.8
17,05,14,1,新潟,6,09,500万下,23,ダ,1,1800,稍,カイシュウキリシマ,牡,4,石橋脩,57.0,15,06,12,12,0,4,1,117.2,"1572",0,2,2,2,2,43.2,474,青木孝文,美,0,13100391,01077,01156,0417160906,飯村孝男,下河辺牧場,グラスワンダー,ミリオンハッピー,アグネスタキオン,栗毛,130501,    3.8,  ,    ,35.6
17,05,14,1,新潟,6,09,500万下,23,ダ,1,1800,稍,ロードアルペジオ  ,牡,4,加藤祥太,56.0,15,07,3,3,0,1.3,4,114.5,"1545",0,7,8,6,6,39.8,506,笹田和秀,栗,190,13102313,01156,01104,0417160907,ロードホースクラブ,ケイアイファーム,キングカメハメハ,レディピアレス,"Point Given",栗毛,130206,    7.3,  ,    ,43.8
17,05,14,1,新潟,6,09,500万下,23,ダ,1,1800,稍,グランシャリオ    ,牡,5,坂井瑠星,55.0,15,08,9,9,0,2.7,9,115.9,"1559",0,13,13,11,11,40.4,460,田島俊明,美,0,12104173,01163,01112,0417160908,村野康司,社台ファーム,ハーツクライ,オリーブクラウン,ドクターデヴィアス,栗毛,120514,   22.0,  ,    ,43.4
17,05,14,1,新潟,6,09,500万下,23,ダ,1,1800,稍,エドノマツオー    ,牡,4,酒井学,57.0,15,09,5,5,0,1.5,11,114.7,"1547",0,3,3,3,2,40.5,488,的場均,美,75,13102217,01034,01063,0417160909,遠藤喜松,沖田忠幸,アグネスデジタル,フレンチムスメ,フレンチデピュティ,栗毛,130511,   35.5,  ,    ,41.6
17,05,14,1,新潟,6,09,500万下,23,ダ,1,1800,稍,カブキモノ        ,牡,4,中井裕二,57.0,15,10,1,1,0,-0.7,5,113.2,"1532",0,1,1,1,1,39.5,500,武市康男,美,750,13100491,01141,01089,0417160910,國分純,スマイルファーム,アンライバルド,デピュティプリミエ,フレンチデピュティ,黒鹿,130530,    8.7,  ,    ,43.3
17,05,14,1,新潟,6,09,500万下,23,ダ,1,1800,稍,ナンヨーアーミー  ,牡,4,菱田裕二,57.0,15,11,6,6,0,1.7,6,114.9,"1549",0,5,5,6,6,40.2,518,清水久詞,栗,0,13105895,01144,01110,0417160911,中村徳也,ノーザンファーム,キングカメハメハ,シャルルヴォア,スペシャルウィーク,鹿毛,130203,    9.6,  ,    ,42.9
17,05,14,1,新潟,6,09,500万下,23,ダ,1,1800,稍,ジュガンティーヤ  ,牡,6,横山和生,57.0,15,12,2,2,0,0.7,8,113.9,"1539",0,4,3,4,4,39.5,536,杉浦宏昭,美,300,11105968,01140,01008,0417160912,日進牧場,日進牧場,サウスヴィグラス,プライムウィッシュ,シンボリクリスエス,青毛,110218,   21.1,  ,    ,44.2
17,05,14,1,新潟,6,09,500万下,23,ダ,1,1800,稍,アップルハウス    ,牡,7,原田和真,57.0,15,13,0,0,4,999.9,12,0,"----",0,7,8,8,8,0,464,松山将樹,美,0,10102255,01143,01100,0417160913,新木鈴子,ヒダカフアーム,アジュディケーティング,アジアンプリンセス,"Giant's Causeway",青鹿,100415,   43.7,  ,    , 0.0
17,05,14,1,新潟,6,09,500万下,23,ダ,1,1800,稍,コアプライド      ,牡,5,秋山真一,57.0,15,14,14,14,0,8.1,3,121.3,"2013",0,15,15,15,15,43.5,510,和田正道,美,0,12100587,01019,00353,0417160914,前田幸治,ノースヒルズ,マンハッタンカフェ,グローリーブラッド,"Gone West",鹿毛,120308,    6.0,  ,    ,39.4
17,05,14,1,新潟,6,09,500万下,23,ダ,1,1800,稍,ミスターウインディ,牡,4,藤岡康太,57.0,15,15,4,4,0,1.4,7,114.6,"1546",0,11,11,9,8,39.3,508,奥村豊,栗,110,13106365,01116,01146,0417160915,阿部東亜子,能登浩,アドマイヤオーラ,ウインディーギフト,Singspiel,黒鹿,130321,   11.8,  ,    ,45.8
17,05,14,1,新潟,6,10,胎内川特500,23,芝,0,2200,良,ラウレアブルーム  ,牡,5,津村明秀,57.0,15,01,0,0,3,999.9,0,0,"----",0,0,0,0,0,0,506,山内研二,栗,0,12101971,01092,00388,0417161001,横瀬兼二,メイプルファーム,ハーツクライ,タヤスブルーム,Caerleon,鹿毛,120217,    0.0,  ,    , 0.0
17,05,14,1,新潟,6,10,胎内川特500,23,芝,0,2200,良,フォルゴラーレ    ,牝,5,木幡初也,55.0,15,02,14,14,0,1.8,14,136.2,"2162",0,1,1,2,4,37.6,494,天間昭一,美,0,12101980,01153,01090,0417161002,藤田孟司,モリナガファーム,ハーツクライ,イリデ,"Indian Charlie",黒鹿,120413,  182.0,  ,    ,48.3
17,05,14,1,新潟,6,10,胎内川特500,23,芝,0,2200,良,コパノハミルトン  ,牡,5,藤田菜七,57.0,15,03,13,13,0,1.7,8,136.1,"2161",0,9,9,11,13,36.9,500,上原博之,美,0,12103404,01164,00423,0417161003,小林祥晃,服部牧場,ブラックタイド,マークリマニッシュ,アンバーシヤダイ,黒鹿,120303,   34.7,  ,    ,50.8
17,05,14,1,新潟,6,10,胎内川特500,23,芝,0,2200,良,トモジャハリーフ  ,牡,4,原田和真,57.0,15,04,11,11,0,1.4,7,135.8,"2158",0,2,2,1,1,37.3,464,栗田博憲,美,0,13103786,01143,00341,0417161004,吉冨学,宮内牧場,バゴ,トップジョリー,ジョリーズヘイロー,黒鹿,130512,   30.1,  ,    ,49.0
17,05,14,1,新潟,6,10,胎内川特500,23,芝,0,2200,良,クラウンマグマ    ,牡,4,丸山元気,57.0,15,05,8,8,0,1,9,135.4,"2154",0,11,11,9,8,36.3,482,和田雄二,美,0,13105754,01127,01143,0417161005,矢野恭裕,ノーザンファーム,ヴィクトワールピサ,アガルタ,キングカメハメハ,黒鹿,130505,   36.2,  ,    ,52.4
17,05,14,1,新潟,6,10,胎内川特500,23,芝,0,2200,良,ヒメタチバナ      ,牝,4,藤岡康太,55.0,15,06,6,6,0,0.7,2,135.1,"2151",0,4,4,5,8,36.3,472,柴田政人,美,0,13104536,01116,01007,0417161006,岡田勇,千代田牧場,ナカヤマフェスタ,ルージュマジック,アフリート,黒鹿,130403,    3.9,  ,    ,52.1
17,05,14,1,新潟,6,10,胎内川特500,23,芝,0,2200,良,フォーラウェイ    ,牡,4,酒井学,57.0,15,07,1,1,0,-0.3,12,134.4,"2144",0,7,7,9,8,35.4,458,北出成人,栗,1050,13104780,01034,01078,0417161007,フジワラ・ファーム,フジワラフアーム,スズカマンボ,ダイヤモンドクイン,ラムタラ,鹿毛,130318,   54.4,  ,    ,54.9
17,05,14,1,新潟,6,10,胎内川特500,23,芝,0,2200,良,レッドカイザー    ,セ,6,秋山真一,57.0,15,08,9,9,0,1,5,135.4,"2154",0,9,9,5,4,36.6,492,寺島良,栗,0,11103862,01019,01158,0417161008,東京ホースレーシン,ノーザンファーム,ゼンノロブロイ,サセッティ,Selkirk,黒鹿,110130,   12.5,  ,    ,51.2
17,05,14,1,新潟,6,10,胎内川特500,23,芝,0,2200,良,コスモヴェッキオ  ,牡,4,宮崎北斗,57.0,15,09,7,7,0,0.8,11,135.2,"2152",0,4,5,5,4,36.5,470,小笠倫弘,美,0,13101461,01118,01076,0417161009,岡田繁幸,コスモヴューファー,コンデュイット,ポンテディリアルト,アグネスタキオン,黒鹿,130218,   46.0,  ,    ,51.4
17,05,14,1,新潟,6,10,胎内川特500,23,芝,0,2200,良,シャインブライト  ,牡,4,勝浦正樹,57.0,15,10,2,2,0,0.3,1,134.7,"2147",0,7,7,2,2,36.1,480,池上昌和,美,420,13106140,01025,01150,0417161010,了徳寺健二ホールデ,ノーザンファーム,ジャングルポケット,ラルーチェ,クロフネ,芦毛,130412,    2.7,  ,    ,52.4
17,05,14,1,新潟,6,10,胎内川特500,23,芝,0,2200,良,マルカブリスク    ,牡,4,菱田裕二,57.0,15,11,10,10,0,1,6,135.4,"2154",0,14,14,14,13,35.7,438,今野貞一,栗,0,13105476,01144,01128,0417161011,日下部猛,社台ファーム,キングカメハメハ,シャドウストリーム,サンデーサイレンス,栗毛,130205,   16.0,  ,    ,54.7
17,05,14,1,新潟,6,10,胎内川特500,23,芝,0,2200,良,レオクイック      ,牡,5,岩部純二,57.0,15,12,5,5,0,0.7,13,135.1,"2151",0,13,13,11,11,35.8,466,天間昭一,美,105,12105342,00726,01090,0417161012,坂田行夫,田中スタッド,キングヘイロー,ジルニーナ,オジジアン,鹿毛,120409,   65.5,  ,    ,54.0
17,05,14,1,新潟,6,10,胎内川特500,23,芝,0,2200,良,エックスマス      ,牡,4,石橋脩,57.0,15,13,12,12,0,1.4,4,135.8,"2158",0,2,2,2,2,37.3,484,斎藤誠,美,0,13106058,01077,01086,0417161013,小田吉男,ノーザンファーム,メイショウサムソン,ブリトマルティス,スペシャルウィーク,鹿毛,130413,    6.8,  ,    ,49.0
17,05,14,1,新潟,6,10,胎内川特500,23,芝,0,2200,良,マイネルプレッジ  ,牡,6,丹内祐次,57.0,15,14,3,3,0,0.6,3,135,"2150",0,6,5,5,4,36.2,444,宮本博,栗,260,11104725,01091,01073,0417161014,サラブレッドクラブ,コスモヴューファー,ステイゴールド,マイネアモーレ,アンバーシヤダイ,鹿毛,110502,    6.0,  ,    ,52.3
17,05,14,1,新潟,6,10,胎内川特500,23,芝,0,2200,良,ノーブルソニック  ,牝,5,鮫島克駿,55.0,15,15,4,4,0,0.6,10,135,"2150",0,12,11,11,11,35.8,480,斉藤崇史,栗,160,12104697,01157,01151,0417161015,シルクレーシング,ノーザンファーム,ネオユニヴァース,ソニックグルーヴ,フレンチデピュティ,黒鹿,120205,   37.5,  ,    ,53.9
17,05,14,1,新潟,6,11,赤倉特Ｈ1000,43,芝,8,1800,良,ラインハーディー  ,牝,6,菱田裕二,53.0,14,01,5,5,0,0.7,8,106.9,"1469",0,0,0,4,4,34.3,516,水野貴広,美,150,11103973,01144,01094,0417161101,大澤繁昌,ノーザンファーム,ゴールドアリュール,デライトポイント,トウカイテイオー,栗毛,110514,   17.2,  ,    ,55.8
17,05,14,1,新潟,6,11,赤倉特Ｈ1000,43,芝,8,1800,良,エアポートメサ    ,牡,9,横山武史,51.0,14,02,12,12,0,1.4,14,107.6,"1476",0,0,0,9,10,34.2,468,加藤和宏,美,0,08105887,01170,01077,0417161102,新木鈴子,ナカノファーム,タイムパラドックス,リミウッド,Woodman,栗毛,080516,  198.0,  ,    ,57.3
17,05,14,1,新潟,6,11,赤倉特Ｈ1000,43,芝,8,1800,良,メイショウミツボシ,牡,5,勝浦正樹,53.0,14,03,6,6,0,0.8,9,107,"1470",0,0,0,11,10,33.7,478,本田優,栗,0,12105498,01025,01099,0417161103,松本好雄,日の出牧場,メイショウサムソン,マミモナ,ダンスインザダーク,鹿毛,120315,   27.6,  ,    ,58.8
17,05,14,1,新潟,6,11,赤倉特Ｈ1000,43,芝,8,1800,良,レッツゴースター  ,牡,5,丸山元気,53.0,14,04,13,13,0,2.1,12,108.3,"1483",0,0,0,3,3,35.9,458,大和田成,美,0,12100285,01127,01124,0417161104,Basic,佐藤信広,ダイワメジャー,ベストフューチャー,ロージズインメイ,栗毛,120317,   43.1,  ,    ,50.8
17,05,14,1,新潟,6,11,赤倉特Ｈ1000,43,芝,8,1800,良,エーデルメイシュ  ,牝,4,津村明秀,52.0,14,05,1,1,0,-0.6,2,106.2,"1462",0,0,0,2,2,33.9,484,奥村武,美,1500,13103966,01092,01145,0417161105,ノルマンディーサラ,岡田スタツド,ヴィクトワールピサ,タニノハイクレア,クロフネ,鹿毛,130131,    5.3,  ,    ,56.6
17,05,14,1,新潟,6,11,赤倉特Ｈ1000,43,芝,8,1800,良,ギブアンドテイク  ,セ,6,丹内祐次,54.0,14,06,7,7,0,0.8,13,107,"1470",0,0,0,8,8,33.8,476,二ノ宮敬,美,0,11106405,01091,00409,0417161106,嶋田賢,昭和牧場,ステイゴールド,レッドダイヤモンド,エルハーブ,栗毛,110505,   70.8,  ,    ,58.3
17,05,14,1,新潟,6,11,赤倉特Ｈ1000,43,芝,8,1800,良,タガノカムイ      ,牡,5,秋山真一,55.0,14,07,9,9,0,1,7,107.2,"1472",0,0,0,4,4,34.6,464,中尾秀正,栗,0,12100529,01019,01069,0417161107,八木良司,新冠タガノファーム,ダイワメジャー,レイサッシュ,パラダイスクリーク,栗毛,120510,   11.6,  ,    ,54.9
17,05,14,1,新潟,6,11,赤倉特Ｈ1000,43,芝,8,1800,良,テスタメント      ,牡,6,杉原誠人,55.0,14,08,8,8,0,0.8,11,107,"1470",0,0,0,9,9,33.7,448,小島茂之,美,0,11104031,01135,01068,0417161108,田原邦男,ノーザンファーム,ディープインパクト,ブラックエンブレム,ウォーエンブレム,鹿毛,110413,   29.8,  ,    ,58.8
17,05,14,1,新潟,6,11,赤倉特Ｈ1000,43,芝,8,1800,良,オブリゲーション  ,牡,4,藤岡康太,55.0,14,09,2,2,0,0.6,3,106.8,"1468",0,0,0,13,13,33.2,472,奥村豊,栗,600,13103573,01116,01146,0417161109,辻牧場,辻牧場,アドマイヤマックス,カンシャノキモチ,カリズマティック,鹿毛,130419,    5.5,  ,    ,60.8
17,05,14,1,新潟,6,11,赤倉特Ｈ1000,43,芝,8,1800,良,キークラッカー    ,牡,4,横山和生,54.0,14,10,14,14,0,2.2,5,108.4,"1484",0,0,0,1,1,36.2,522,土田稔,美,0,13101628,01140,00417,0417161110,北前孔一郎,対馬正,ジャングルポケット,ウーマンインレッド,ステイゴールド,鹿毛,130322,   10.1,  ,    ,49.7
17,05,14,1,新潟,6,11,赤倉特Ｈ1000,43,芝,8,1800,良,ゴールドエッセンス,牝,5,鮫島克駿,52.0,14,11,4,4,0,0.7,6,106.9,"1469",0,0,0,6,6,34.2,418,斉藤崇史,栗,230,12104748,01157,01151,0417161111,吉田勝己,ノーザンファーム,キングカメハメハ,ドバイマジェスティ,"Essence of Dubai",鹿毛,120414,   10.1,  ,    ,56.3
17,05,14,1,新潟,6,11,赤倉特Ｈ1000,43,芝,8,1800,良,トーアライジン    ,牡,4,小崎綾也,55.0,14,12,10,10,0,1.1,4,107.3,"1473",0,0,0,7,7,34.4,508,村山明,栗,0,13105109,01152,01107,0417161112,高山ランド,トーア牧場,デュランダル,トーアライトニング,ミシル,芦毛,130320,    9.6,  ,    ,56.0
17,05,14,1,新潟,6,11,赤倉特Ｈ1000,43,芝,8,1800,良,デバイスドライバー,牡,5,伊藤工真,54.0,14,13,11,11,0,1.4,10,107.6,"1476",0,0,0,13,13,34,528,宗像義忠,美,0,12104575,01119,00420,0417161113,薗部博之,ノーザンファーム,ハーツクライ,カツラドライバー,ニホンピロウイナー,栗毛,120219,   29.1,  ,    ,58.2
17,05,14,1,新潟,6,11,赤倉特Ｈ1000,43,芝,8,1800,良,レーヌドブリエ    ,牝,5,坂井瑠星,53.0,14,14,3,3,0,0.6,1,106.8,"1468",0,0,0,11,10,33.3,438,矢作芳人,栗,380,12103942,01163,01075,0417161114,シルクレーシング,レイクヴィラファー,ゼンノロブロイ,メジロドーベル,メジロライアン,栗毛,120325,    3.4,  ,    ,60.4
17,05,14,1,新潟,6,12,飛竜特別500,23,芝,0,1000,良,スズカファイン    ,牡,5,坂井瑠星,57.0,16,01,10,10,0,0.9,7,56.8,"0568",0,0,0,0,15,33.2,490,橋田満,栗,0,12105406,01163,00362,0417161201,永井啓弍,辻牧場,スズカフェニックス,スズカフォイル,フレンチデピュティ,栗毛,120405,   12.0,  ,    ,56.6
17,05,14,1,新潟,6,12,飛竜特別500,23,芝,0,1000,良,アドマイヤジャズ  ,牡,5,丸山元気,57.0,16,02,13,13,0,1.2,13,57.1,"0571",0,0,0,0,14,33.8,474,友道康夫,栗,0,12104667,01127,01061,0417161202,近藤利一,ノーザンファーム,タニノギムレット,ジュピターズジャズ,サンデーサイレンス,青鹿,120318,   40.5,  ,    ,53.4
17,05,14,1,新潟,6,12,飛竜特別500,23,芝,0,1000,良,コウユーココロザシ,牝,5,木幡初也,55.0,16,03,11,11,0,1,8,56.9,"0569",0,0,0,0,10,34,516,石栗龍彦,美,0,12103069,01153,01043,0417161203,加治屋貞光,武岡農場,ショウナンカンプ,キセキノメガミ,フジキセキ,鹿毛,120513,   16.5,  ,    ,51.0
17,05,14,1,新潟,6,12,飛竜特別500,23,芝,0,1000,良,フェザリータッチ  ,牡,4,鮫島克駿,57.0,16,04,2,2,0,0,5,55.9,"0559",0,0,0,0,12,32.8,444,吉田直弘,栗,420,13105828,01157,01101,0417161204,キャロットファーム,ノーザンファーム,ダイワメジャー,カメリアローズ,ホワイトマズル,鹿毛,130320,    9.6,  ,    ,55.6
17,05,14,1,新潟,6,12,飛竜特別500,23,芝,0,1000,良,アロースコルトン  ,牡,4,宮崎北斗,57.0,16,05,15,15,0,1.5,15,57.4,"0574",0,0,0,0,10,34.5,472,蛯名利弘,美,0,13102129,01118,01131,0417161205,吉田好雄,山岡牧場,メイショウボーラー,オーガスタムーン,エブロス,鹿毛,130427,  167.9,  ,    ,49.6
17,05,14,1,新潟,6,12,飛竜特別500,23,芝,0,1000,良,ペイザージュ      ,牝,4,小崎綾也,55.0,16,06,12,12,0,1,10,56.9,"0569",0,0,0,0,16,32.9,480,大久保龍,栗,0,13100362,01152,01058,0417161206,落合幸弘,下河辺牧場,ダイワメジャー,ネガノ,Miswaki,栗毛,130428,   29.0,  ,    ,59.4
17,05,14,1,新潟,6,12,飛竜特別500,23,芝,0,1000,良,サチノクイーン    ,牝,6,藤岡康太,55.0,16,07,9,9,0,0.7,1,56.6,"0566",0,0,0,0,1,34.5,478,千田輝彦,栗,0,11106329,01116,01120,0417161207,佐藤勝士,トラストスリーファ,ダイワメジャー,ノーススポット,タイトスポット,鹿毛,110310,    3.6,  ,    ,46.1
17,05,14,1,新潟,6,12,飛竜特別500,23,芝,0,1000,良,バトルハルトマン  ,牡,4,酒井学,57.0,16,08,14,14,0,1.3,11,57.2,"0572",0,0,0,0,6,34.5,524,本田優,栗,0,13104914,01034,01099,0417161208,宮川秋信,山岸康,メイショウボーラー,ノルブリンカ,ダンスインザダーク,栗毛,130325,   32.9,  ,    ,48.7
17,05,14,1,新潟,6,12,飛竜特別500,23,芝,0,1000,良,スミレタンポポ    ,牝,5,勝浦正樹,55.0,16,09,6,6,0,0.6,14,56.5,"0565",0,0,0,0,12,33.4,430,高橋義博,美,0,12105327,01025,01036,0417161209,海谷幸司,高野牧場,メイショウボーラー,ジーアイジェーン,コマンダーインチーフ,鹿毛,120420,  100.4,  ,    ,53.7
17,05,14,1,新潟,6,12,飛竜特別500,23,芝,0,1000,良,ホザンナ          ,牝,5,杉原誠人,55.0,16,10,4,4,0,0.2,16,56.1,"0561",0,0,0,0,8,33.3,500,佐藤吉勝,美,160,12103917,01135,01035,0417161210,薪浦亨,吉田三郎,ダイワメジャー,マッキーエクセル,デュラブ,栗毛,120521,  172.6,  ,    ,52.7
17,05,14,1,新潟,6,12,飛竜特別500,23,芝,0,1000,良,カゼノシッポ      ,牝,4,津村明秀,55.0,16,11,8,8,0,0.7,12,56.6,"0566",0,0,0,0,6,33.9,430,武藤善則,美,0,13103428,01092,01064,0417161211,酒井牧場,酒井牧場,ジャングルポケット,クリムゾンフレア,サンデーサイレンス,栗毛,130325,   39.6,  ,    ,50.4
17,05,14,1,新潟,6,12,飛竜特別500,23,芝,0,1000,良,ハートイズハート  ,牡,4,藤田菜七,57.0,16,12,3,3,0,0.2,3,56.1,"0561",0,0,0,0,4,33.7,466,中野栄治,美,260,13106425,01164,01010,0417161212,北村和江,高橋啓,アンライバルド,タオルミーナ,タイキシャトル,栗毛,130214,    7.9,  ,    ,49.7
17,05,14,1,新潟,6,12,飛竜特別500,23,芝,0,1000,良,サトノアイリ      ,牝,4,石橋脩,55.0,16,13,7,7,0,0.7,4,56.6,"0566",0,0,0,0,4,34.2,432,宗像義忠,美,0,13104464,01077,00420,0417161213,サトミホースカンパ,千代田牧場,ステイゴールド,サーキットレディ,"Grand Slam",黒鹿,130129,    8.1,  ,    ,48.2
17,05,14,1,新潟,6,12,飛竜特別500,23,芝,0,1000,良,リュウツバメ      ,牝,7,秋山真一,55.0,16,14,1,1,0,0,6,55.9,"0559",0,0,0,0,8,33.1,550,和田正道,美,1050,10102214,01019,00353,0417161214,田中ふさ枝,中村雅明,スリリングサンデー,リュウロッキー,ジェイドロバリー,鹿毛,100524,   11.1,  ,    ,53.3
17,05,14,1,新潟,6,12,飛竜特別500,23,芝,0,1000,良,アリエスムーン    ,牝,6,加藤祥太,55.0,16,15,5,5,0,0.4,2,56.3,"0563",0,0,0,0,2,34.1,442,庄野靖志,栗,105,11106466,01156,01087,0417161215,橋場勇二,庄野牧場,アドマイヤムーン,キミーズキッド,Exploit,青鹿,110415,    4.6,  ,    ,47.7
17,05,14,1,新潟,6,12,飛竜特別500,23,芝,0,1000,良,ワンダフルラスター,牡,5,菱田裕二,57.0,16,16,16,16,0,1.8,9,57.7,"0577",0,0,0,0,2,35.5,520,橋口慎介,栗,0,12110092,01144,01154,0417161216,シルクレーシング,"Spendthrift Farm L","Tiz Wonderful","Greer Lynn",Speightstown,鹿毛,120126,   25.1,  ,    ,43.8
17,05,20,1,新潟,7,01,未勝利,7,ダ,1,1200,良,ネオヴィンチトーレ,牡,3,藤岡康太,56.0,15,01,13,13,0,3.3,14,75.3,"1153",0,0,0,13,13,38.9,530,鹿戸雄一,美,0,14102707,01116,01097,0417170101,小林仁幸,社台ファーム,ゼンノロブロイ,ネオベローナ,グラスワンダー,青鹿,140503,   95.2,  ,    ,43.6
17,05,20,1,新潟,7,01,未勝利,7,ダ,1,1200,良,ダノンイーグル    ,牡,3,吉田隼人,56.0,15,02,4,4,0,1.4,2,73.4,"1134",0,0,0,11,9,37.4,498,久保田貴,美,75,14105483,01095,01067,0417170102,ダノックス,社台ファーム,ダイワメジャー,ココナッツパルム,フレンチデピュティ,栗毛,140122,    5.0,  ,    ,46.3
17,05,20,1,新潟,7,01,未勝利,7,ダ,1,1200,良,サンデュランゴ    ,牝,3,二本柳壮,54.0,15,03,6,6,0,1.5,5,73.5,"1135",0,0,0,5,5,38.6,466,蛯名利弘,美,0,14101353,01049,01131,0417170103,加藤ステーブル,三石川上牧場,バトルプラン,イケイケサンドリン,フォーティナイナー,栗毛,140517,   14.6,  ,    ,40.4
17,05,20,1,新潟,7,01,未勝利,7,ダ,1,1200,良,ジャルダンヴェール,牝,3,伊藤工真,54.0,15,04,5,5,0,1.5,9,73.5,"1135",0,0,0,7,7,38.4,436,金成貴史,美,50,14103078,01119,01132,0417170104,平井裕,岡部牧場,ジャングルポケット,スイングバイ,ミルジヨージ,栗毛,140317,   27.5,  ,    ,41.4
17,05,20,1,新潟,7,01,未勝利,7,ダ,1,1200,良,アイファータキオン,牡,3,藤懸貴志,56.0,15,05,8,8,0,2.2,15,74.2,"1142",0,0,0,13,13,37.8,430,加藤敬二,栗,0,14104562,01138,00379,0417170105,中島稔,静内山田牧場,キャプテントゥーレ,アイファークィーン,ナリタブライアン,芦毛,140304,  207.3,  ,    ,46.3
17,05,20,1,新潟,7,01,未勝利,7,ダ,1,1200,良,メイショウランポ  ,牡,3,国分恭介,56.0,15,06,12,12,0,3.2,13,75.2,"1152",0,0,0,15,15,37.4,470,藤沢則雄,栗,0,14102991,01124,01041,0417170106,松本好雄,赤田牧場,ケイムホーム,メジロミシェル,アグネスタキオン,栗毛,140321,   88.9,  ,    ,51.1
17,05,20,1,新潟,7,01,未勝利,7,ダ,1,1200,良,ロードコメット    ,セ,3,菊沢一樹,53.0,15,07,3,3,0,1.2,3,73.2,"1132",0,0,0,3,3,38.5,504,菊沢隆徳,美,130,14104226,01161,01115,0417170107,ロードホースクラブ,伊藤敏明,サウスヴィグラス,アイノビジン,グルームダンサー,栗毛,140429,    6.4,  ,    ,40.1
17,05,20,1,新潟,7,01,未勝利,7,ダ,1,1200,良,ドナペリドット    ,牝,3,石川裕紀,54.0,15,08,14,14,0,3.3,8,75.3,"1153",0,0,0,11,12,39.3,462,池上昌和,美,0,14105259,01150,01150,0417170108,田邉秀郎,追分ファーム,キンシャサノキセキ,オルティア,"Saint Ballado",青鹿,140411,   25.9,  ,    ,41.6
17,05,20,1,新潟,7,01,未勝利,7,ダ,1,1200,良,シャイニーギフト  ,牡,3,和田翼,55.0,15,09,15,15,0,3.7,12,75.7,"1157",0,0,0,9,9,39.9,494,田島俊明,美,0,14104733,01146,01112,0417170109,ライオンレースホー,千代田牧場,アイルハヴアナザー,ギフトオブザラック,ディープインパクト,黒鹿,140323,   49.6,  ,    ,39.7
17,05,20,1,新潟,7,01,未勝利,7,ダ,1,1200,良,カシノスイープ    ,牝,3,藤田菜七,51.0,15,10,10,10,0,2.3,6,74.3,"1143",0,0,0,9,9,38.5,482,和田雄二,美,0,14103731,01164,01143,0417170110,柏木務,荻伏三好フアーム,プリサイスエンド,レギンレイヴ,ハンセル,栗毛,140328,   16.7,  ,    ,43.0
17,05,20,1,新潟,7,01,未勝利,7,ダ,1,1200,良,ボナッソーラ      ,牝,3,津村明秀,54.0,15,11,11,11,0,2.9,11,74.9,"1149",0,0,0,5,4,40,434,池上昌和,美,0,14103745,01092,01150,0417170111,水上行雄,笠松牧場,ストーミングホーム,ボーナラテルツァ,クロフネ,栗毛,140321,   41.0,  ,    ,37.2
17,05,20,1,新潟,7,01,未勝利,7,ダ,1,1200,良,アーチザスカイ    ,牡,3,荻野琢真,56.0,15,12,7,7,0,2.1,7,74.1,"1141",0,0,0,8,8,38.7,512,中村均,栗,0,14109091,01112,00261,0417170112,グリーンファーム,前田ファーム,ロージズインメイ,ザカラーオブラヴ,ジェイドロバリー,栗毛,140602,   17.0,  ,    ,41.5
17,05,20,1,新潟,7,01,未勝利,7,ダ,1,1200,良,クインズアイザ    ,牝,3,坂井瑠星,52.0,15,13,9,9,0,2.3,10,74.3,"1143",0,0,0,3,5,39.6,424,和田正一,美,0,14100528,01163,01114,0417170113,亀田和弘,新冠橋本牧場,タイキシャトル,ケイアイアテナ,"Afleet Alex",鹿毛,140406,   34.1,  ,    ,37.6
17,05,20,1,新潟,7,01,未勝利,7,ダ,1,1200,良,ストロベリームーン,牝,3,加藤祥太,53.0,15,14,1,1,0,-0.9,1,72,"1120",0,0,0,2,2,37.5,436,庄野靖志,栗,500,14105431,01156,01087,0417170114,NICKS,社台ファーム,キンシャサノキセキ,エヴァディングタンペット,"Dubai Destination",青鹿,140325,    2.3,  ,    ,42.0
17,05,20,1,新潟,7,01,未勝利,7,ダ,1,1200,良,キョウワヒラリー  ,牝,3,秋山真一,54.0,15,15,2,2,0,0.9,4,72.9,"1129",0,0,0,1,1,38.5,488,角田晃一,栗,200,14100172,01019,01121,0417170115,浅川昌彦,協和牧場,ダイワメジャー,キョウワプラチナ,"Sadler's Wells",鹿毛,140407,    8.6,  ,    ,39.4
17,05,20,1,新潟,7,02,未勝利・牝,7,芝,0,2000,良,マンボスカイ      ,牝,3,坂井瑠星,52.0,16,01,10,10,0,0.8,3,124.2,"2042",0,6,6,7,7,36.1,474,斉藤崇史,栗,0,14106021,01163,01151,0417170201,吉田和美,ノーザンファーム,ハーツクライ,ティエッチマンボ,Kingmambo,黒鹿,140309,    5.1,  ,    ,54.6
17,05,20,1,新潟,7,02,未勝利・牝,7,芝,0,2000,良,リネンロマン      ,牝,3,鮫島克駿,53.0,16,02,6,6,0,0.6,9,124,"2040",0,7,6,3,6,36.1,398,川村禎彦,栗,0,14101748,01157,01003,0417170202,戸山昌彦,沖田牧場,トーセンホマレボシ,ウィンディガーデン,タニノギムレット,鹿毛,140320,   21.0,  ,    ,54.4
17,05,20,1,新潟,7,02,未勝利・牝,7,芝,0,2000,良,ヴィクトリーダンス,牝,3,川須栄彦,54.0,16,03,15,15,0,3.4,11,126.8,"2068",0,16,16,16,16,36.4,422,牧浦充徳,栗,0,14106093,01128,01113,0417170203,G1レーシング,ノーザンファーム,ハービンジャー,フェアリーダンス,アグネスタキオン,鹿毛,140228,   45.3,  ,    ,56.4
17,05,20,1,新潟,7,02,未勝利・牝,7,芝,0,2000,良,ガンミ            ,牝,3,原田和真,54.0,16,04,16,16,0,4.6,15,128,"2080",0,1,1,1,3,40.4,436,栗田徹,美,0,14104914,01143,01127,0417170204,佐久間拓士,西村和夫,ブラックタイド,スピネッタ,シンボリクリスエス,鹿毛,140511,  243.5,  ,    ,42.9
17,05,20,1,新潟,7,02,未勝利・牝,7,芝,0,2000,良,ヘヴンオンアース  ,牝,3,木幡初也,52.0,16,05,12,12,0,1.6,13,125,"2050",0,4,3,7,7,36.9,408,黒岩陽一,美,0,14104268,01153,01133,0417170205,ノルマンディーサラ,岡田スタツド,ナカヤマフェスタ,シャトーサウザンド,プラウドデボネア,芦毛,140326,   92.8,  ,    ,52.3
17,05,20,1,新潟,7,02,未勝利・牝,7,芝,0,2000,良,ビートフォーセール,牝,3,秋山真一,54.0,16,06,8,8,0,0.7,2,124.1,"2041",0,10,8,9,7,35.9,454,池江泰寿,栗,0,14106192,01019,01071,0417170206,シルクレーシング,ノーザンファーム,ハーツクライ,ライフフォーセール,"Not For Sale",鹿毛,140123,    4.2,  ,    ,55.3
17,05,20,1,新潟,7,02,未勝利・牝,7,芝,0,2000,良,ネオヴィットーリア,牝,3,勝浦正樹,54.0,16,07,5,5,0,0.6,4,124,"2040",0,4,5,5,3,36,450,古賀史生,美,50,14102558,01025,00392,0417170207,ドリームジャパンホ,メイプルファーム,ディープブリランテ,ネオヴェリーベリー,ホワイトマズル,黒鹿,140410,    7.2,  ,    ,54.8
17,05,20,1,新潟,7,02,未勝利・牝,7,芝,0,2000,良,メロウハート      ,牝,3,吉田隼人,54.0,16,08,7,7,0,0.6,8,124,"2040",0,12,13,13,11,35.5,528,高柳瑞樹,美,0,14101107,01095,01118,0417170208,ロードホースクラブ,ケイアイファーム,ハーツクライ,レディマーメイド,"Fusaichi Pegasus",黒鹿,140201,   20.7,  ,    ,56.8
17,05,20,1,新潟,7,02,未勝利・牝,7,芝,0,2000,良,メイショウグロッケ,牝,3,津村明秀,54.0,16,09,1,1,0,-0.3,1,123.4,"2034",0,7,8,5,3,35.4,468,荒川義之,栗,500,14103524,01092,01095,0417170209,松本好隆,まるとみ冨岡牧場,メイショウサムソン,メイショウグラナダ,マンハッタンカフェ,鹿毛,140419,    4.0,  ,    ,56.5
17,05,20,1,新潟,7,02,未勝利・牝,7,芝,0,2000,良,ピジョンレッド    ,牝,3,藤田菜七,51.0,16,10,4,4,0,0.6,12,124,"2040",0,2,2,2,1,36.3,410,田村康仁,美,75,14103854,01164,01027,0417170210,ディアレストクラブ,小島牧場,キングズベスト,レッドアゲート,マンハッタンカフェ,鹿毛,140509,   67.1,  ,    ,53.5
17,05,20,1,新潟,7,02,未勝利・牝,7,芝,0,2000,良,イタリアンホワイト,牝,3,石川裕紀,54.0,16,11,2,2,0,0.3,6,123.7,"2037",0,3,3,3,2,35.8,490,相沢郁,美,200,14106219,01150,01020,0417170211,サンデーレーシング,社台コーポレーショ,ステイゴールド,リリウム,クロフネ,芦毛,140102,   13.1,  ,    ,55.2
17,05,20,1,新潟,7,02,未勝利・牝,7,芝,0,2000,良,マロンクリスタル  ,牝,3,宮崎北斗,54.0,16,12,13,13,0,1.9,14,125.3,"2053",0,14,14,14,14,36.6,454,中川公成,美,0,14104799,01118,01081,0417170212,大社聡,千代田牧場,タイキシャトル,マリンブラスト,アグネスデジタル,栗毛,140422,  206.7,  ,    ,53.9
17,05,20,1,新潟,7,02,未勝利・牝,7,芝,0,2000,良,テイエムローレン  ,牝,3,藤懸貴志,54.0,16,13,14,14,0,3.1,16,126.5,"2065",0,15,15,15,15,37.6,416,杉山晴紀,栗,0,14100384,01138,01157,0417170213,竹園正繼,タニグチ牧場,ディープブリランテ,フォクシーレッグス,フォーティナイナー,黒鹿,140317,  367.6,  ,    ,51.3
17,05,20,1,新潟,7,02,未勝利・牝,7,芝,0,2000,良,シェリトリンド    ,牝,3,杉原誠人,54.0,16,14,11,11,0,1.5,10,124.9,"2049",0,13,10,11,11,36.6,458,国枝栄,美,0,14106195,01135,00399,0417170214,キャロットファーム,ノーザンファーム,ステイゴールド,ラクカラチャ,Piccolo,黒鹿,140131,   37.9,  ,    ,53.4
17,05,20,1,新潟,7,02,未勝利・牝,7,芝,0,2000,良,ストロベリーハーツ,牝,3,藤岡康太,54.0,16,15,9,9,0,0.7,5,124.1,"2041",0,9,10,9,7,35.9,448,吉村圭司,栗,0,14102578,01116,01130,0417170215,田島政光,モリナガファーム,ハーツクライ,フラウラ,クロフネ,栗毛,140217,    8.7,  ,    ,55.3
17,05,20,1,新潟,7,02,未勝利・牝,7,芝,0,2000,良,ディアラビーニア  ,牝,3,丸田恭介,54.0,16,16,3,3,0,0.6,7,124,"2040",0,10,10,11,11,35.7,414,宗像義忠,美,130,14102232,01117,00420,0417170216,ディアレストクラブ,千葉飯田牧場,マンハッタンカフェ,クイーンギムレット,タニノギムレット,黒鹿,140328,   15.1,  ,    ,56.0
17,05,20,1,新潟,7,03,未勝利,7,ダ,1,1800,良,クインズベガ      ,牡,3,井上敏樹,54.0,15,01,8,8,0,2.5,14,117,"1570",0,13,15,14,14,39.2,558,和田正道,美,0,14100337,01151,00353,0417170301,亀田和弘,隆栄牧場,エンパイアメーカー,アルヴェナ,"Seeking the Gold",鹿毛,140311,  139.9,  ,    ,49.2
17,05,20,1,新潟,7,03,未勝利,7,ダ,1,1800,良,ゲキテキ          ,牡,3,吉田隼人,56.0,15,02,11,11,0,4,12,118.5,"1585",0,11,11,9,9,42.3,448,斎藤誠,美,0,14109009,01095,01086,0417170302,"CHEVAL ATTACHE",今川満良,トランセンド,ミラクルラブ,サンデーサイレンス,栃栗,140427,  132.4,  ,    ,40.1
17,05,20,1,新潟,7,03,未勝利,7,ダ,1,1800,良,シシリアンキッス  ,牡,3,藤岡康太,56.0,15,03,12,12,0,4.6,13,119.1,"1591",0,5,7,11,12,42.3,478,森田直行,栗,0,14103325,01116,01142,0417170303,吉澤克己,谷口牧場,ヴァーミリアン,ヨシサプライズ,フサイチコンコルド,黒鹿,140313,  132.7,  ,    ,40.8
17,05,20,1,新潟,7,03,未勝利,7,ダ,1,1800,良,モンスーンジャイア,牡,3,横山武史,53.0,15,04,7,7,0,2.5,7,117,"1570",0,5,5,7,6,41.3,448,新開幸一,美,0,14103014,01170,01116,0417170304,大塚亮一,浦河小林牧場,アンライバルド,オードリーローズ,ブライアンズタイム,栗毛,140605,   29.0,  ,    ,41.6
17,05,20,1,新潟,7,03,未勝利,7,ダ,1,1800,良,シンボリスーマラン,牡,3,川又賢治,53.0,15,05,5,5,0,1.8,8,116.3,"1563",0,9,9,8,7,40.3,474,牧光二,美,50,14102652,01166,01106,0417170305,シンボリ牧場,シンボリ牧場,アドマイヤマックス,スイートカトマンズ,シンボリクリスエス,鹿毛,140321,   38.8,  ,    ,44.3
17,05,20,1,新潟,7,03,未勝利,7,ダ,1,1800,良,クリノダヴィンチ  ,牡,3,加藤祥太,55.0,15,06,15,15,0,7.5,9,122,"2020",0,15,14,15,15,44,486,須貝尚介,栗,0,14104730,01156,01105,0417170306,栗本博晴,千代田牧場,キングズベスト,ガトーショコラ,フジキセキ,鹿毛,140215,   44.9,  ,    ,38.6
17,05,20,1,新潟,7,03,未勝利,7,ダ,1,1800,良,ヤマニンシレーナ  ,牝,3,大庭和弥,54.0,15,07,10,10,0,3.1,11,117.6,"1576",0,13,13,13,13,40.3,458,池上昌弘,美,0,14100567,01061,00390,0417170307,土井肇,錦岡牧場,ヴァーミリアン,ヤマニンミュゼット,マンハッタンカフェ,黒鹿,140508,  118.7,  ,    ,45.9
17,05,20,1,新潟,7,03,未勝利,7,ダ,1,1800,良,モズダイキチ      ,牡,3,川須栄彦,56.0,15,08,2,2,0,0,1,114.5,"1545",0,3,3,3,4,39.3,458,牧浦充徳,栗,200,14102567,01128,01113,0417170308,キャピタル・システ,目黒牧場,トランセンド,ナチュラルブリッジ,ディープインパクト,黒鹿,140427,    2.4,  ,    ,45.7
17,05,20,1,新潟,7,03,未勝利,7,ダ,1,1800,良,ミスターフウジン  ,牡,3,和田翼,55.0,15,09,13,13,0,4.9,6,119.4,"1594",0,2,2,6,7,43.9,492,羽月友彦,栗,0,14102910,01146,01091,0417170309,阿部東亜子,能登浩,サムライハート,ナスヲアイシテ,アジュディケーティング,黒鹿,140513,   18.1,  ,    ,36.0
17,05,20,1,新潟,7,03,未勝利,7,ダ,1,1800,良,シンボリラピッド  ,牡,3,小崎綾也,55.0,15,10,4,4,0,1.1,4,115.6,"1556",0,1,1,1,1,40.7,492,斎藤誠,美,75,14102929,01152,01086,0417170310,シンボリ牧場,様似渡辺牧場,アイルハヴアナザー,ビックリバコ,サンデーサイレンス,黒鹿,140421,   16.2,  ,    ,42.0
17,05,20,1,新潟,7,03,未勝利,7,ダ,1,1800,良,オーミルーティン  ,牡,3,国分恭介,56.0,15,11,9,9,0,2.8,15,117.3,"1573",0,12,12,11,11,40.5,462,高橋亮,栗,0,14103676,01124,01136,0417170311,岩崎僖澄,市川牧場,タニノギムレット,ツルマルグラマー,フジキセキ,鹿毛,140515,  176.5,  ,    ,44.8
17,05,20,1,新潟,7,03,未勝利,7,ダ,1,1800,良,マスラオ          ,牡,3,木幡初也,54.0,15,12,3,3,0,0.6,5,115.1,"1551",0,5,5,5,4,39.7,438,金成貴史,美,130,14102038,01153,01132,0417170312,Gリビエール・レー,白井牧場,ブレイクランアウト,マコトエンエン,サンデーサイレンス,栗毛,140510,   17.6,  ,    ,45.0
17,05,20,1,新潟,7,03,未勝利,7,ダ,1,1800,良,ビービーパドル    ,牡,3,勝浦正樹,56.0,15,13,6,6,0,2,3,116.5,"1565",0,8,7,2,2,41.5,464,中舘英二,美,0,14101240,01025,01153,0417170313,坂東勝彦,中橋清,ロードアルティマ,レディフェザー,トワイニング,鹿毛,140328,    3.8,  ,    ,40.4
17,05,20,1,新潟,7,03,未勝利,7,ダ,1,1800,良,ノーチェデパス    ,牡,3,鮫島克駿,55.0,15,14,14,14,0,5.3,10,119.8,"1598",0,9,9,9,10,43.6,540,鮫島一歩,栗,0,14105473,01157,01046,0417170314,吉田照哉,社台ファーム,ワークフォース,クリスマスキャロル,アグネスタキオン,鹿毛,140306,   84.4,  ,    ,37.4
17,05,20,1,新潟,7,03,未勝利,7,ダ,1,1800,良,ブルベアジュラフ  ,牡,3,津村明秀,56.0,15,15,1,1,0,0,2,114.5,"1545",0,3,3,3,3,39.4,500,川村禎彦,栗,500,14101206,01092,01003,0417170315,ブルアンドベア,土田農場,クロフネ,タッキーナ,アグネスタキオン,鹿毛,140530,    3.6,  ,    ,45.3
17,05,20,1,新潟,7,04,障害未勝利,7,芝,2,2890,良,クラウンプルートゥ,セ,7,草野太郎,60.0,14,01,0,0,4,999.9,14,0,"----",0,10,12,13,13,0,462,小野次郎,美,0,10105192,01113,01125,0417170401,矢野恭裕,ミリオンファーム,スウェプトオーヴァーボード,チーサキー,シアトルダンサー2,黒鹿,100527,  197.8,  ,    , 0.0
17,05,20,1,新潟,7,04,障害未勝利,7,芝,2,2890,良,カイソクポリス    ,牡,4,石神深一,59.0,14,02,12,12,0,5.4,9,193.5,"3135",0,10,11,12,12,13.4,492,星野忍,美,0,13103405,01059,01030,0417170402,小田切光,木村牧場,メイショウサムソン,ピコピコハンマー,アグネスタキオン,鹿毛,130331,   50.9,  ,    , 0.0
17,05,20,1,新潟,7,04,障害未勝利,7,芝,2,2890,良,トウケイウイン    ,牡,7,黒岩悠,60.0,14,03,7,7,0,2.5,8,190.6,"3106",0,6,7,6,7,13.2,450,飯田祐史,栗,0,10101505,01072,01139,0417170403,木村信彦,中村和夫,ゴールドヘイロー,ピサノガレー,ブライアンズタイム,黒鹿,100521,   45.5,  ,    , 0.0
17,05,20,1,新潟,7,04,障害未勝利,7,芝,2,2890,良,ドーノデルソーレ  ,牡,4,鈴木慶太,59.0,14,04,11,11,0,4.6,7,192.7,"3127",0,1,1,2,3,13.3,458,小西一男,美,0,13105884,01082,00405,0417170404,吉田勝己,ノーザンファーム,ファルブラヴ,サンウィルシャイン,サンデーサイレンス,黒鹿,130425,   44.3,  ,    , 0.0
17,05,20,1,新潟,7,04,障害未勝利,7,芝,2,2890,良,レッドサヴァージ  ,牡,5,金子光希,60.0,14,05,6,6,0,2.2,2,190.3,"3103",0,6,6,5,5,13.2,468,二ノ宮敬,美,0,12105379,01052,00409,0417170405,東京ホースレーシン,大道牧場,ステイゴールド,ヒカルラフィーネ,メジロマックイーン,青鹿,120526,    3.9,  ,    , 0.0
17,05,20,1,新潟,7,04,障害未勝利,7,芝,2,2890,良,リアルキング      ,牡,4,難波剛健,59.0,14,06,5,5,0,2.1,4,190.2,"3102",0,4,4,6,7,13.2,530,浅見秀一,栗,78,13102606,01066,00411,0417170406,杉山忠国,明治牧場,キングカメハメハ,レジェンドキャット,"Storm Cat",鹿毛,130504,   12.4,  ,    , 0.0
17,05,20,1,新潟,7,04,障害未勝利,7,芝,2,2890,良,スマートガルーダ  ,牡,4,上野翔,59.0,14,07,10,10,0,3.2,11,191.3,"3113",0,8,8,11,11,13.2,488,粕谷昌央,美,0,13101238,01087,01096,0417170407,大川徹,秋田牧場,ハーツクライ,ストーミングヘヴン,Hennessy,鹿毛,130310,   67.4,  ,    , 0.0
17,05,20,1,新潟,7,04,障害未勝利,7,芝,2,2890,良,シゲルシマダイ    ,牡,4,平沢健治,59.0,14,08,8,8,0,2.8,6,190.9,"3109",0,10,8,9,9,13.2,508,伊藤正徳,美,0,13103496,01067,00383,0417170408,森中蕃,高野牧場,プリサイスエンド,ナナコフレスコ,メジロライアン,鹿毛,130509,   19.1,  ,    , 0.0
17,05,20,1,新潟,7,04,障害未勝利,7,芝,2,2890,良,ホウザンゴッド    ,牡,5,山本康志,60.0,14,09,9,9,0,2.8,10,190.9,"3109",0,8,8,9,9,13.2,486,南田美知,美,0,12103823,01008,00437,0417170409,加藤豊三,清水ファーム,フォーティナイナーズサン,ホウザングラマー,ダンスインザダーク,栗毛,120401,   57.8,  ,    , 0.0
17,05,20,1,新潟,7,04,障害未勝利,7,芝,2,2890,良,メイショウテッサイ,牡,9,西谷誠,60.0,14,10,3,3,0,1.7,12,189.8,"3098",0,3,3,4,3,13.1,496,西橋豊治,栗,200,08101645,01005,00434,0417170410,松本好雄,富田牧場,ネオユニヴァース,アンノウンウォーターズ,Rahy,鹿毛,080208,   78.8,  ,    , 0.0
17,05,20,1,新潟,7,04,障害未勝利,7,芝,2,2890,良,シャイニーサンダー,牡,4,浜野谷憲,59.0,14,11,2,2,0,0.2,5,188.3,"3083",0,4,4,3,2,13,486,伊藤伸一,美,310,13101205,00695,01031,0417170411,小林昌志,雅牧場,キングヘイロー,ブライティアダンス,ダンスインザダーク,青鹿,130322,   13.1,  ,    , 0.0
17,05,20,1,新潟,7,04,障害未勝利,7,芝,2,2890,良,ニシノリュウセイ  ,牡,4,大江原圭,59.0,14,12,4,4,0,1.8,3,189.9,"3099",0,14,13,8,5,13.1,412,根本康広,美,120,13100747,01120,01029,0417170412,西山茂行,本桐牧場,タニノギムレット,ニシノフェイム,ディープインパクト,黒鹿,130531,    6.6,  ,    , 0.0
17,05,20,1,新潟,7,04,障害未勝利,7,芝,2,2890,良,メリーモナーク    ,セ,5,北沢伸也,60.0,14,13,1,1,0,-0.2,1,188.1,"3081",0,2,2,1,1,13,460,橋田満,栗,780,12104908,00691,00362,0417170413,キャロットファーム,ノーザンファーム,キングカメハメハ,リッチダンサー,Halling,鹿毛,120505,    1.9,  ,    , 0.0
17,05,20,1,新潟,7,04,障害未勝利,7,芝,2,2890,良,クリノリーズ      ,牝,4,五十嵐雄,57.0,14,14,0,0,4,999.9,13,0,"----",0,10,0,0,0,0,424,天間昭一,美,0,13101990,01069,01090,0417170414,栗本博晴,前川隆範,スターリングローズ,テンノベニバラ,サツカーボーイ,栗毛,130219,  172.3,  ,    , 0.0
17,05,20,1,新潟,7,05,未勝利,7,芝,0,2200,良,オーミカンタービレ,牝,3,岡田祥嗣,54.0,16,01,12,12,0,2,16,138.5,"2185",0,11,11,14,14,37.8,444,谷潔,栗,0,14106425,05429,00431,0417170501,岩崎僖澄,グラストレーニング,タニノギムレット,カンタベリービート,メイショウオウドウ,栗毛,140424,  349.0,  ,    ,49.9
17,05,20,1,新潟,7,05,未勝利,7,芝,0,2200,良,モズアトラクション,牡,3,川須栄彦,56.0,16,02,6,6,0,0.2,2,136.7,"2167",0,14,13,11,11,36.4,466,松下武士,栗,0,14101197,01128,01149,0417170502,キャピタル・システ,築紫洋,ジャングルポケット,エーシンラクーリエ,コロナドズクエスト,栗毛,140323,    4.7,  ,    ,53.3
17,05,20,1,新潟,7,05,未勝利,7,芝,0,2200,良,ブリージーメイ    ,牝,3,木幡初也,52.0,16,03,2,2,0,0,6,136.5,"2165",0,5,4,7,5,36.6,420,伊藤伸一,美,200,14100367,01153,01031,0417170503,冨沢敦子,武田牧場,ディープブリランテ,スターオブアフリカ,Johannesburg,鹿毛,140510,   12.2,  ,    ,52.4
17,05,20,1,新潟,7,05,未勝利,7,芝,0,2200,良,ロマンチックワーク,牝,3,小崎綾也,53.0,16,04,14,14,0,2.4,10,138.9,"2189",0,2,2,11,13,38.6,466,友道康夫,栗,0,14105472,01152,01061,0417170504,大塚亮一,社台ファーム,ワークフォース,クリスティロマンス,シンボリクリスエス,鹿毛,140511,   37.1,  ,    ,47.4
17,05,20,1,新潟,7,05,未勝利,7,芝,0,2200,良,フリージングレイン,牡,3,勝浦正樹,56.0,16,05,1,1,0,0,1,136.5,"2165",0,8,8,9,7,36.5,504,古賀慎明,美,500,14105760,01025,01079,0417170505,社台レースホース,社台ファーム,ハービンジャー,レインダンス,ダンスインザダーク,鹿毛,140421,    2.4,  ,    ,52.7
17,05,20,1,新潟,7,05,未勝利,7,芝,0,2200,良,サトノコロネット  ,牡,3,秋山真一,56.0,16,06,11,11,0,1.4,9,137.9,"2179",0,11,12,2,2,38.5,482,栗田徹,美,0,14105224,01019,01127,0417170506,里見治,バンダム牧場,ワークフォース,バンダムクローネ,スペシャルウィーク,鹿毛,140417,   32.3,  ,    ,46.8
17,05,20,1,新潟,7,05,未勝利,7,芝,0,2200,良,アンフェインド    ,牡,3,丸田恭介,56.0,16,07,5,5,0,0.2,4,136.7,"2167",0,10,10,2,2,37.2,498,中竹和也,栗,50,14105723,01117,01039,0417170507,加藤誠,社台ファーム,ハービンジャー,ミルフィオリ,サンデーサイレンス,鹿毛,140519,    8.6,  ,    ,50.3
17,05,20,1,新潟,7,05,未勝利,7,芝,0,2200,良,ロットワイラー    ,牡,3,菊沢一樹,53.0,16,08,15,15,0,2.6,14,139.1,"2191",0,16,16,16,16,37.5,446,宗像義忠,美,0,14101978,01161,00420,0417170508,村木隆,下河辺牧場,ディープブリランテ,ブルックリンハイツ,ドクターデヴィアス,鹿毛,140412,  221.4,  ,    ,51.6
17,05,20,1,新潟,7,05,未勝利,7,芝,0,2200,良,ケイツールピー    ,牝,3,横山武史,51.0,16,09,16,16,0,4.5,15,141,"2210",0,2,2,5,10,41.2,414,柴田政人,美,0,14100124,01170,01007,0417170509,楠本勝美,柏木一則,アドマイヤムーン,パシティア,シンボリクリスエス,鹿毛,140420,  306.0,  ,    ,40.8
17,05,20,1,新潟,7,05,未勝利,7,芝,0,2200,良,コスモノーズプレス,牡,3,津村明秀,56.0,16,10,13,13,0,2.3,8,138.8,"2188",0,8,9,5,5,39,444,伊藤大士,美,0,14100741,01092,01109,0417170510,ビッグレッドファー,ビッグレッドファー,コンデュイット,マイネノーブレス,マヤノトップガン,栗毛,140316,   29.1,  ,    ,46.0
17,05,20,1,新潟,7,05,未勝利,7,芝,0,2200,良,ギルデドアーマー  ,牡,3,中井裕二,56.0,16,11,3,3,0,0.1,3,136.6,"2166",0,5,6,9,7,36.5,500,中内田充,栗,130,14105310,01141,01137,0417170511,ゴドルフィン,追分ファーム,ステイゴールド,メダリアダムール,"Medaglia d'Oro",鹿毛,140201,    5.7,  ,    ,52.8
17,05,20,1,新潟,7,05,未勝利,7,芝,0,2200,良,タイセイバロン    ,牡,3,坂井瑠星,54.0,16,12,7,7,0,0.6,5,137.1,"2171",0,1,1,1,1,37.8,494,西村真幸,栗,0,14102132,01163,01148,0417170512,田中成奉,タバタファーム,エンパイアメーカー,バランバ,"King's Best",鹿毛,140423,   12.2,  ,    ,48.5
17,05,20,1,新潟,7,05,未勝利,7,芝,0,2200,良,サンピッツバーグ  ,牝,3,加藤祥太,53.0,16,13,8,8,0,1,11,137.5,"2175",0,13,13,11,11,37.3,424,田島俊明,美,0,14106288,01156,01112,0417170513,加藤ステーブル,ケイズ,ストーミングホーム,トシザミカ,ポリッシュネイビー,鹿毛,140529,   73.6,  ,    ,50.7
17,05,20,1,新潟,7,05,未勝利,7,芝,0,2200,良,マイネルシルバリー,牡,3,丹内祐次,56.0,16,14,9,9,0,1.2,7,137.7,"2177",0,5,6,7,7,37.8,496,宮徹,栗,0,14104426,01091,01018,0417170514,杉浦和也,グランド牧場,メイショウサムソン,スズカカラーズ,サンデーサイレンス,芦毛,140426,   26.8,  ,    ,49.1
17,05,20,1,新潟,7,05,未勝利,7,芝,0,2200,良,トーバスヌーマ    ,牝,3,井上敏樹,52.0,16,15,10,10,0,1.4,13,137.9,"2179",0,14,15,15,15,36.7,434,大竹正博,美,0,14105419,01151,01102,0417170515,石瀬浩三,社台ファーム,ワークフォース,ヴァインバッハ,アグネスタキオン,鹿毛,140218,  144.4,  ,    ,53.4
17,05,20,1,新潟,7,05,未勝利,7,芝,0,2200,良,エール            ,セ,3,鮫島克駿,55.0,16,16,4,4,0,0.2,12,136.7,"2167",0,4,4,4,4,37,446,矢作芳人,栗,75,14100590,01157,01075,0417170516,ノースヒルズ,ノースヒルズ,マンハッタンカフェ,ザナ,Galileo,黒鹿,140308,  105.0,  ,    ,51.0
17,05,20,1,新潟,7,06,未勝利,7,芝,0,1000,良,プルーフオブトップ,牝,3,鮫島克駿,53.0,16,01,10,10,0,1.2,14,57.6,"0576",0,0,0,0,15,33.6,438,森田直行,栗,0,14106123,01157,01142,0417170601,吉田勝己,ノーザンファーム,ファルブラヴ,プルーフオブラヴ,サンデーサイレンス,鹿毛,140504,   91.2,  ,    ,57.1
17,05,20,1,新潟,7,06,未勝利,7,芝,0,1000,良,サンモントレー    ,牝,3,西田雄一,54.0,16,02,8,8,0,1.2,7,57.6,"0576",0,0,0,0,13,33.7,436,菊川正達,美,0,14101860,01004,01052,0417170602,加藤ステーブル,ケイズ,クリストワイニング,ヤングエブロス,エブロス,栗毛,140427,   29.4,  ,    ,56.4
17,05,20,1,新潟,7,06,未勝利,7,芝,0,1000,良,メイショウクジャク,牝,3,吉田隼人,54.0,16,03,4,4,0,0.6,3,57,"0570",0,0,0,0,8,33.8,432,荒川義之,栗,75,14104133,01095,01095,0417170603,松本好雄,本巣敦,サウスヴィグラス,シェムリアップ,ネオユニヴァース,栗毛,140426,    7.9,  ,    ,53.0
17,05,20,1,新潟,7,06,未勝利,7,芝,0,1000,良,ナンヨービーナス  ,牝,3,小崎綾也,53.0,16,04,6,6,0,0.8,8,57.2,"0572",0,0,0,0,12,33.5,506,斎藤誠,美,0,14105797,01152,01086,0417170604,中村徳也,ノーザンファーム,ルーラーシップ,アドマイヤフッキー,フジキセキ,鹿毛,140314,   31.0,  ,    ,56.1
17,05,20,1,新潟,7,06,未勝利,7,芝,0,1000,良,ココロヤサシイ    ,牝,3,横山武史,51.0,16,05,13,13,0,1.7,13,58.1,"0581",0,0,0,0,10,34.6,448,伊藤伸一,美,0,14104607,01170,01031,0417170605,高橋ファーム,高橋フアーム,ハイアーゲーム,アマノブラウニイー,サクラバクシンオー,黒鹿,140316,   85.5,  ,    ,51.9
17,05,20,1,新潟,7,06,未勝利,7,芝,0,1000,良,クリワカ          ,牝,3,伴啓太,52.0,16,06,0,0,4,999.9,16,0,"----",0,0,0,0,0,0,450,黒岩陽一,美,0,14104394,01149,01133,0417170606,ヒダカ・ブリーダー,キヨタケ牧場,グラスワンダー,カチョウフウゲツ,ラムタラ,栗毛,140320,  243.9,  ,    , 0.0
17,05,20,1,新潟,7,06,未勝利,7,芝,0,1000,良,クララフトゥーラ  ,牝,3,菊沢一樹,51.0,16,07,12,12,0,1.7,9,58.1,"0581",0,0,0,0,2,35.3,416,菊川正達,美,0,14100438,01161,01052,0417170607,岡田牧雄,飛渡牧場,ディープブリランテ,シャトルタテヤマ,タイキシャトル,鹿毛,140408,   32.2,  ,    ,46.9
17,05,20,1,新潟,7,06,未勝利,7,芝,0,1000,良,ソルティピース    ,牝,3,勝浦正樹,54.0,16,08,1,1,0,0,2,56.4,"0564",0,0,0,0,2,33.6,440,中舘英二,美,500,14103455,01025,01153,0417170608,鈴木照雄,日本中央競馬会日高,バゴ,フジティアス,フジキセキ,黒鹿,140416,    3.8,  ,    ,51.8
17,05,20,1,新潟,7,06,未勝利,7,芝,0,1000,良,アドマイヤホルン  ,牝,3,藤岡康太,54.0,16,09,3,3,0,0.1,15,56.5,"0565",0,0,0,0,5,33.4,398,中尾秀正,栗,130,14105843,01116,01069,0417170609,近藤利一,ノーザンファーム,ファルブラヴ,エカルラート,ハーツクライ,栗毛,140320,  114.1,  ,    ,53.7
17,05,20,1,新潟,7,06,未勝利,7,芝,0,1000,良,エマーブル        ,牝,3,井上敏樹,52.0,16,10,14,14,0,1.8,4,58.2,"0582",0,0,0,0,5,35.1,392,伊藤伸一,美,0,14100472,01151,01031,0417170610,ミルファーム,長浜秀昭,アドマイヤオーラ,アリママリア,トウカイテイオー,栗毛,140312,   10.0,  ,    ,48.7
17,05,20,1,新潟,7,06,未勝利,7,芝,0,1000,良,ノーティインパクト,牡,3,丹内祐次,56.0,16,11,7,7,0,1,11,57.4,"0574",0,0,0,0,13,33.5,422,尾形和幸,美,0,14104978,01091,01141,0417170611,小関昭次,服部牧場,ディープブリランテ,ブランシュネージュ,サクラバクシンオー,栗毛,140318,   68.5,  ,    ,57.0
17,05,20,1,新潟,7,06,未勝利,7,芝,0,1000,良,マリノレビン      ,牝,3,木幡初也,52.0,16,12,11,11,0,1.3,12,57.7,"0577",0,0,0,0,9,34.4,406,天間昭一,美,0,14105084,01153,01090,0417170612,矢野まり子,へいはた牧場,メイショウボーラー,ケンエンデバー,マーベラスサンデー,青鹿,140329,   81.8,  ,    ,51.6
17,05,20,1,新潟,7,06,未勝利,7,芝,0,1000,良,グッバイサマー    ,牝,3,秋山真一,54.0,16,13,9,9,0,1.2,6,57.6,"0576",0,0,0,0,5,34.5,412,牧光二,美,0,14100994,01019,01106,0417170613,澤田孝之,小河豊水,サマーバード,プレラット,サンデーサイレンス,栗毛,140218,   21.3,  ,    ,50.4
17,05,20,1,新潟,7,06,未勝利,7,芝,0,1000,良,フィネス          ,牝,3,石川裕紀,54.0,16,14,2,2,0,0,5,56.4,"0564",0,0,0,0,2,33.6,416,斎藤誠,美,200,14101150,01150,01086,0417170614,落合幸弘,下屋敷牧場,ディープインパクト,ディアマンティナ,"Seeking the Gold",黒鹿,140524,   12.7,  ,    ,51.8
17,05,20,1,新潟,7,06,未勝利,7,芝,0,1000,良,ウイナーズロード  ,牝,3,川又賢治,51.0,16,15,5,5,0,0.8,1,57.2,"0572",0,0,0,0,1,34.5,416,岩元市三,栗,50,14103596,01166,00397,0417170615,宮内牧場,宮内牧場,ケイムホーム,トップアクトレス,テイエムオペラオー,青鹿,140429,    2.2,  ,    ,48.7
17,05,20,1,新潟,7,06,未勝利,7,芝,0,1000,良,スカーレットキス  ,牝,3,加藤祥太,53.0,16,16,15,15,0,2.1,10,58.5,"0585",0,0,0,0,10,35,410,久保田貴,美,0,14104066,01156,01067,0417170616,窪田康志,吉田ファーム,ディープインパクト,スカーレットドレス,ホワイトマズル,黒鹿,140212,   34.6,  ,    ,50.7
17,05,20,1,新潟,7,07,500万下,23,ダ,1,1200,良,グランアラミス    ,セ,5,宮崎北斗,57.0,15,01,8,8,0,1,9,73,"1130",0,0,0,9,10,37.9,490,粕谷昌央,美,0,12102675,01118,01096,0417170701,岡田牧雄,池田牧場,フォーティナイナーズサン,ジェイケイスキャン,スキャン,栗毛,120417,   30.3,  ,    ,42.6
17,05,20,1,新潟,7,07,500万下,23,ダ,1,1200,良,ラブターボ        ,牝,4,藤田菜七,52.0,15,02,4,4,0,0.6,2,72.6,"1126",0,0,0,6,6,37.8,432,竹内正洋,美,110,13104632,01164,01152,0417170702,田頭勇貴,西村和夫,スクリーンヒーロー,コンドルウイング,エルコンドルパサー,鹿毛,130518,    5.1,  ,    ,42.1
17,05,20,1,新潟,7,07,500万下,23,ダ,1,1200,良,ミッキーオフィサー,牝,4,横山武史,52.0,15,03,10,10,0,1.1,3,73.1,"1131",0,0,0,4,5,38.6,434,萩原清,美,0,13105546,01170,01017,0417170703,野田みづき,社台コーポレーショ,ダノンシャンティ,チーフオフィサー2,Officer,鹿毛,130311,    6.6,  ,    ,39.4
17,05,20,1,新潟,7,07,500万下,23,ダ,1,1200,良,ブライティアスワン,牝,6,坂井瑠星,53.0,15,04,13,13,0,1.6,15,73.6,"1136",0,0,0,13,12,38.3,542,湯窪幸雄,栗,0,11101161,01163,01057,0417170704,小林昌志,雅牧場,クロフネ,ブライティアカーム,キンググローリアス,芦毛,110228,   76.0,  ,    ,42.2
17,05,20,1,新潟,7,07,500万下,23,ダ,1,1200,良,ブレーヴブラッド  ,牡,5,加藤祥太,56.0,15,05,5,5,0,0.6,12,72.6,"1126",0,0,0,4,4,38,462,佐藤正雄,栗,75,12102753,01156,01025,0417170705,村上憲政,岡田牧場,メイショウボーラー,スキャニングジョイ,スキャン,鹿毛,120324,   67.9,  ,    ,41.1
17,05,20,1,新潟,7,07,500万下,23,ダ,1,1200,良,ステラルーチェ    ,牡,5,伴啓太,55.0,15,06,14,14,0,2.3,10,74.3,"1143",0,0,0,14,14,38.9,486,蛯名利弘,美,0,12102583,01149,01131,0417170706,池田草龍,三石ファーム,スターリングローズ,ブライアンズビコー,ブライアンズタイム,栗毛,120427,   36.3,  ,    ,41.0
17,05,20,1,新潟,7,07,500万下,23,ダ,1,1200,良,フジワンエンジェル,牝,4,井上敏樹,53.0,15,07,7,7,0,1,13,73,"1130",0,0,0,9,10,37.9,462,古賀史生,美,0,13104543,01151,00392,0417170707,富士開発,千代田牧場,キンシャサノキセキ,ワスレナグサ,アグネスデジタル,鹿毛,130222,   71.6,  ,    ,42.6
17,05,20,1,新潟,7,07,500万下,23,ダ,1,1200,良,ダブルコーク      ,牡,6,秋山真一,57.0,15,08,1,1,0,-0.1,4,72,"1120",0,0,0,9,8,36.9,494,鹿戸雄一,美,750,11104420,01019,01097,0417170708,G1レーシング,社台ファーム,キングカメハメハ,ホリデイオンアイス,ダンスインザダーク,黒鹿,110519,    8.3,  ,    ,45.1
17,05,20,1,新潟,7,07,500万下,23,ダ,1,1200,良,ウエスタンレオーネ,牡,5,菊沢一樹,54.0,15,09,12,12,0,1.2,7,73.2,"1132",0,0,0,6,8,38.3,486,菊沢隆徳,美,0,12102714,01161,01115,0417170709,西川賢,ウエスタンファーム,バゴ,ウエスタンベッラ,ハーツクライ,青鹿,120429,   14.7,  ,    ,41.1
17,05,20,1,新潟,7,07,500万下,23,ダ,1,1200,良,ドラグーン        ,セ,5,吉田隼人,57.0,15,10,3,3,0,0.5,6,72.5,"1125",0,0,0,1,1,38.4,514,土田稔,美,190,12101517,01095,00417,0417170710,ゴドルフィン,ダーレー・ジャパン,パイロ,アーキオロジー,"Seeking the Gold",鹿毛,120229,   11.5,  ,    ,38.8
17,05,20,1,新潟,7,07,500万下,23,ダ,1,1200,良,オールオブユー    ,牝,5,鮫島克駿,54.0,15,11,2,2,0,0.1,8,72.1,"1121",0,0,0,2,2,37.9,498,浅見秀一,栗,300,12104158,01157,00411,0417170711,三田昌宏,社台コーポレーショ,ダイワメジャー,エフロレス,キングカメハメハ,栗毛,120210,   17.7,  ,    ,40.2
17,05,20,1,新潟,7,07,500万下,23,ダ,1,1200,良,アラマサクロフネ  ,牝,6,津村明秀,55.0,15,12,11,11,0,1.1,5,73.1,"1131",0,0,0,2,3,38.8,520,高橋裕,美,0,11104560,01092,00412,0417170712,アラキファーム,アラキフアーム,クロフネ,サイレンスマンボウ,サンデーサイレンス,鹿毛,110420,    9.9,  ,    ,38.4
17,05,20,1,新潟,7,07,500万下,23,ダ,1,1200,良,スズカディープ    ,セ,5,小崎綾也,56.0,15,13,6,6,0,0.9,14,72.9,"1129",0,0,0,15,15,37,420,橋田満,栗,0,12105419,01152,00362,0417170713,永井啓弍,辻牧場,ディープインパクト,ローマンスズカ2,"Seattle Slew",青鹿,120322,   72.2,  ,    ,47.0
17,05,20,1,新潟,7,07,500万下,23,ダ,1,1200,良,ウォーターバオバブ,牡,4,国分恭介,57.0,15,14,9,9,0,1,1,73,"1130",0,0,0,6,6,38.2,482,岡田稲男,栗,0,13103133,01124,01066,0417170714,山岡良一,伏木田牧場,ウォーターリーグ,ウォーターエナン,"Boston Harbor",栗毛,130228,    2.9,  ,    ,41.1
17,05,20,1,新潟,7,07,500万下,23,ダ,1,1200,良,サウスリュウセイ  ,牡,5,西田雄一,57.0,15,15,15,15,0,2.5,11,74.5,"1145",0,0,0,12,12,39.3,470,武藤善則,美,0,12105964,01004,01064,0417170715,南波壽,高岸順一,サウスヴィグラス,サウスエンピリカル,マンハッタンカフェ,鹿毛,120323,   44.9,  ,    ,39.6
17,05,20,1,新潟,7,08,500万下・若,23,ダ,1,1800,良,モアニレフア      ,牝,5,杉原誠人,55.0,15,01,5,5,0,0.6,15,115.7,"1557",0,5,8,9,8,38.8,440,鹿戸雄一,美,75,12104273,01135,01097,0417170801,北村栄治,社台ファーム,ネオユニヴァース,ソヨカゼ2,Monsun,青鹿,120331,  313.0,  ,    ,49.1
17,05,20,1,新潟,7,08,500万下・若,23,ダ,1,1800,良,カレングランブルー,牡,6,川又賢治,54.0,15,02,11,11,0,0.9,7,116,"1560",0,1,1,2,2,39.7,448,安田隆行,栗,0,11104232,01166,00438,0417170802,鈴木隆司,社台ファーム,ハーツクライ,ココナッツパルム,フレンチデピュティ,栗毛,110331,   12.0,  ,    ,46.1
17,05,20,1,新潟,7,08,500万下・若,23,ダ,1,1800,良,オーパ            ,セ,4,坂井瑠星,55.0,15,03,8,8,0,0.9,6,116,"1560",0,12,11,12,14,38.8,488,石坂正,栗,0,13105800,01163,01022,0417170803,馬場幸夫,ノーザンファーム,ゼンノロブロイ,ヴィヤダーナ,Azamour,鹿毛,130214,    9.1,  ,    ,49.5
17,05,20,1,新潟,7,08,500万下・若,23,ダ,1,1800,良,コマクサ          ,牡,5,伴啓太,55.0,15,04,12,12,0,1,14,116.1,"1561",0,9,9,9,8,39.2,470,小桧山悟,美,0,12100895,01149,01005,0417170804,江川伸夫,森田芳男,マーベラスサンデー,コマケン,スキャン,黒鹿,120310,  170.9,  ,    ,48.1
17,05,20,1,新潟,7,08,500万下・若,23,ダ,1,1800,良,ハギノグランコート,牡,4,鮫島克駿,56.0,15,05,2,2,0,0.2,2,115.3,"1553",0,5,5,3,4,38.8,518,高野友和,栗,300,13101822,01157,01117,0417170805,日隈良江,ノースヒルズ,ディープスカイ,ハギノサフィラ,シンボリクリスエス,栗毛,130408,    5.1,  ,    ,48.6
17,05,20,1,新潟,7,08,500万下・若,23,ダ,1,1800,良,モンストルコント  ,牡,4,菊沢一樹,54.0,15,06,1,1,0,-0.2,8,115.1,"1551",0,3,3,3,7,38.6,492,本田優,栗,750,13105732,01161,01099,0417170806,社台レースホース,社台ファーム,ヴィクトワールピサ,レディイン,Kendor,黒鹿,130523,   13.0,  ,    ,49.1
17,05,20,1,新潟,7,08,500万下・若,23,ダ,1,1800,良,ワイルドゲーム    ,牡,4,横山武史,54.0,15,07,4,4,0,0.4,10,115.5,"1555",0,13,11,12,11,38.4,494,石栗龍彦,美,110,13102553,01170,01043,0417170807,小林英一ホールディ,水丸牧場,ハイアーゲーム,コフィーチャン,シンボリクリスエス,鹿毛,130317,   31.8,  ,    ,50.4
17,05,20,1,新潟,7,08,500万下・若,23,ダ,1,1800,良,ミュゼリバイアサン,牡,4,木幡初也,55.0,15,08,6,6,0,0.7,3,115.8,"1558",0,2,2,1,1,39.5,502,黒岩陽一,美,0,13102549,01153,01133,0417170808,菊地祐司,水上習孝,"Intense Focus",スキャンダルシート,Galileo,鹿毛,130427,    6.2,  ,    ,46.6
17,05,20,1,新潟,7,08,500万下・若,23,ダ,1,1800,良,アンリキャトル    ,セ,6,加藤祥太,56.0,15,09,15,15,0,2.9,11,118,"1580",0,14,14,9,11,41.1,458,古賀慎明,美,0,11104443,01156,01079,0417170809,村野康司,社台ファーム,ネオユニヴァース,マンボスルー,Kingmambo,黒鹿,110218,   34.5,  ,    ,43.6
17,05,20,1,新潟,7,08,500万下・若,23,ダ,1,1800,良,サトノメダリスト  ,牡,5,小崎綾也,56.0,15,10,7,7,0,0.9,1,116,"1560",0,10,9,3,3,39.5,520,藤原英昭,栗,0,12101363,01152,01055,0417170810,里見治,下河辺牧場,ゼンノロブロイ,ハニーローズ,Lode,黒鹿,120411,    4.2,  ,    ,46.8
17,05,20,1,新潟,7,08,500万下・若,23,ダ,1,1800,良,ショウナンガッチャ,牡,6,森一馬,57.0,15,11,3,3,0,0.3,13,115.4,"1554",0,14,14,12,11,38.3,488,北出成人,栗,190,11100976,01139,01078,0417170811,国本哲秀,森永牧場,キングカメハメハ,アナバシュドチャーム,"Silver Deputy",栗毛,110326,   90.8,  ,    ,50.7
17,05,20,1,新潟,7,08,500万下・若,23,ダ,1,1800,良,セレブレイトソング,セ,5,藤懸貴志,57.0,15,12,13,13,0,1,9,116.1,"1561",0,5,5,3,4,39.6,484,渡辺薫彦,栗,0,12104696,01138,01155,0417170812,キャロットファーム,ノーザンファーム,ワイルドラッシュ,セレブレイトコール,フレンチデピュティ,栗毛,120216,   19.4,  ,    ,46.6
17,05,20,1,新潟,7,08,500万下・若,23,ダ,1,1800,良,タイキオールブルー,牡,5,和田翼,56.0,15,13,8,8,0,0.9,5,116,"1560",0,3,3,3,4,39.5,452,西園正都,栗,0,12105503,01146,01028,0417170813,大樹ファーム,ビクトリーファーム,サウスヴィグラス,リープリッヒ,リアルシヤダイ,青鹿,120427,    9.1,  ,    ,46.8
17,05,20,1,新潟,7,08,500万下・若,23,ダ,1,1800,良,パルトネルラーフ  ,牡,4,原田和真,57.0,15,14,14,14,0,1.4,4,116.5,"1565",0,5,7,8,8,39.7,502,高木登,美,0,13100786,01143,01088,0417170814,ディアレストクラブ,浜本牧場,ヴァーミリアン,サクセスウイッチ,ブライアンズタイム,鹿毛,130430,    8.2,  ,    ,46.7
17,05,20,1,新潟,7,08,500万下・若,23,ダ,1,1800,良,クリノロッキー    ,牡,7,藤田菜七,54.0,15,15,8,8,0,0.9,12,116,"1560",0,11,11,15,15,38.5,514,高市圭二,美,0,10101155,01164,01014,0417170815,栗本博晴,ヤナガワ牧場,アフリート,クインズフラッグ,ブライアンズタイム,栗毛,100218,   35.2,  ,    ,50.6
17,05,20,1,新潟,7,09,500万下・牝,23,芝,8,1600,良,ミッキーディナシー,牝,4,藤岡康太,55.0,16,01,13,13,0,1.6,10,95.7,"1357",0,0,0,5,7,35.4,416,角居勝彦,栗,0,13105978,01116,01053,0417170901,野田みづき,ノーザンファーム,ハービンジャー,ディナシー,キングカメハメハ,黒鹿,130130,   25.8,  ,    ,52.2
17,05,20,1,新潟,7,09,500万下・牝,23,芝,8,1600,良,クラシックリディア,牝,4,井上敏樹,53.0,16,02,9,9,0,1.1,5,95.2,"1352",0,0,0,1,1,35.8,438,石坂正,栗,0,13106059,01151,01022,0417170902,キャロットファーム,ノーザンファーム,ハービンジャー,ブルーメンブラット,アドマイヤベガ,黒鹿,130302,   10.3,  ,    ,49.6
17,05,20,1,新潟,7,09,500万下・牝,23,芝,8,1600,良,オレンジガール    ,牝,4,木幡初也,53.0,16,03,12,12,0,1.6,16,95.7,"1357",0,0,0,3,3,35.6,430,粕谷昌央,美,0,13103975,01153,01096,0417170903,樋口正蔵,岡田スタツド,ショウナンカンプ,ディコーラム,フレンチグローリー,鹿毛,130411,  263.5,  ,    ,51.3
17,05,20,1,新潟,7,09,500万下・牝,23,芝,8,1600,良,アルマレイモミ    ,牝,4,勝浦正樹,55.0,16,04,7,7,0,1,7,95.1,"1351",0,0,0,5,5,34.8,456,西浦勝一,栗,0,13102171,01025,01016,0417170904,コウトミックレーシ,須崎牧場,"Uncle Mo",マリブウィン,"Malibu Moon",鹿毛,130209,   11.9,  ,    ,54.0
17,05,20,1,新潟,7,09,500万下・牝,23,芝,8,1600,良,ゴッドカリビアン  ,牝,4,秋山真一,55.0,16,05,11,11,0,1.4,2,95.5,"1355",0,0,0,15,15,33.9,450,角田晃一,栗,0,13102105,01019,01121,0417170905,中西憲治,森永聡,ベーカバド,オメガカリビアン,フレンチデピュティ,鹿毛,130428,    4.9,  ,    ,59.0
17,05,20,1,新潟,7,09,500万下・牝,23,芝,8,1600,良,エスペランサルル  ,牝,5,和田翼,54.0,16,06,10,10,0,1.2,14,95.3,"1353",0,0,0,16,15,33.8,430,西橋豊治,栗,0,12105695,01146,00434,0417170906,江上幸隆,日本中央競馬会日高,ヨハネスブルグ,ワンモアベイビー,ジェネラス,栗毛,120418,  162.0,  ,    ,59.2
17,05,20,1,新潟,7,09,500万下・牝,23,芝,8,1600,良,スターファセット  ,牝,5,吉田隼人,55.0,16,07,4,4,0,0.4,3,94.5,"1345",0,0,0,8,8,34.1,454,中川公成,美,110,12104196,01095,01081,0417170907,吉田照哉,社台ファーム,メイショウサムソン,キラリダイヤモンド,フジキセキ,鹿毛,120302,    6.2,  ,    ,56.3
17,05,20,1,新潟,7,09,500万下・牝,23,芝,8,1600,良,ピアレスピンク    ,牝,5,川又賢治,52.0,16,08,14,14,0,1.7,11,95.8,"1358",0,0,0,13,13,34.3,500,山内研二,栗,0,12105304,01166,00388,0417170908,ローレルレーシング,駿河牧場,エンパイアメーカー,ツルマルオトメ,タイキシャトル,黒鹿,120417,   27.8,  ,    ,57.6
17,05,20,1,新潟,7,09,500万下・牝,23,芝,8,1600,良,アポロオスカー    ,牝,4,津村明秀,55.0,16,09,6,6,0,1,4,95.1,"1351",0,0,0,5,5,34.8,444,岩戸孝樹,美,0,13103013,01092,01051,0417170909,アポロサラブレッド,大北牧場,スペシャルウィーク,ペリーヌ,トニービン,鹿毛,130419,   10.2,  ,    ,54.0
17,05,20,1,新潟,7,09,500万下・牝,23,芝,8,1600,良,サトノオニキス    ,牝,4,坂井瑠星,53.0,16,10,1,1,0,0,1,94.1,"1341",0,0,0,2,2,34.2,426,矢作芳人,栗,750,13106106,01163,01075,0417170910,サトミホースカンパ,ノーザンファーム,ディープインパクト,ミスティックリップス,Generous,黒鹿,130220,    4.1,  ,    ,55.1
17,05,20,1,新潟,7,09,500万下・牝,23,芝,8,1600,良,マサノマリリン    ,牝,6,丸田恭介,55.0,16,11,2,2,0,0,6,94.1,"1341",0,0,0,3,3,34,466,大竹正博,美,300,11101409,01117,01102,0417170911,中村時子,中村和夫,キングカメハメハ,モエレゴールド,サンデーサイレンス,黒鹿,110217,   11.1,  ,    ,56.1
17,05,20,1,新潟,7,09,500万下・牝,23,芝,8,1600,良,アッパレドンキ    ,牝,4,荻野琢真,55.0,16,12,15,15,0,2.3,13,96.4,"1364",0,0,0,14,13,34.8,420,青木孝文,美,0,13104815,01112,01156,0417170912,廣崎利洋HD,藤原牧場,ディープインパクト,トレノトマト,デヒア,鹿毛,130327,  107.4,  ,    ,56.2
17,05,20,1,新潟,7,09,500万下・牝,23,芝,8,1600,良,エバーパッション  ,牝,4,鮫島克駿,54.0,16,13,16,16,0,2.3,15,96.4,"1364",0,0,0,9,11,35.2,430,小笠倫弘,美,0,13105434,01157,01076,0417170913,宇田豊,社台ファーム,ゼンノロブロイ,キュートエンブレム,ウォーエンブレム,青鹿,130308,  214.6,  ,    ,54.3
17,05,20,1,新潟,7,09,500万下・牝,23,芝,8,1600,良,エールデュレーヴ  ,牝,4,加藤祥太,54.0,16,14,3,3,0,0.2,9,94.3,"1343",0,0,0,10,9,33.6,430,須貝尚介,栗,190,13106181,01156,01105,0417170914,キャロットファーム,ノーザンファーム,ディープインパクト,レーヴディマン,"Highest Honor",黒鹿,130516,   13.6,  ,    ,58.4
17,05,20,1,新潟,7,09,500万下・牝,23,芝,8,1600,良,スマイルミーティア,牝,5,石川裕紀,55.0,16,15,8,8,0,1.1,12,95.2,"1352",0,0,0,10,9,34.5,450,池上昌弘,美,0,12104633,01150,00390,0417170915,保坂和孝,ノーザンファーム,チチカステナンゴ,サンデースマイル2,"Sunday Silence",黒鹿,120330,   33.5,  ,    ,55.6
17,05,20,1,新潟,7,09,500万下・牝,23,芝,8,1600,良,オメガハートソング,牝,5,菱田裕二,55.0,16,16,5,5,0,0.8,8,94.9,"1349",0,0,0,12,12,33.8,436,松永幹夫,栗,75,12104168,01144,01092,0417170916,原禮子,社台ファーム,ゼンノロブロイ,オメガアイランド,エルコンドルパサー,青鹿,120321,   13.0,  ,    ,58.5
17,05,20,1,新潟,7,10,早苗賞500*,23,芝,8,1800,良,ユノディエール    ,牡,3,丸田恭介,56.0,11,01,9,9,0,1.5,8,109.4,"1494",0,0,0,7,7,34.9,442,岡田稲男,栗,0,14105971,01117,01066,0417171001,ロイヤルパーク,ノーザンファーム,ハービンジャー,ジュピターズジャズ,サンデーサイレンス,鹿毛,140307,   17.7,  ,    ,56.7
17,05,20,1,新潟,7,10,早苗賞500*,23,芝,8,1800,良,スティーマーレーン,牡,3,吉田隼人,56.0,11,02,3,3,0,0.2,5,108.1,"1481",0,0,0,4,4,33.8,470,浜田多実,栗,250,14105830,01095,01138,0417171002,キャロットファーム,ノーザンファーム,ダノンシャンティ,ウエストコースト,シンボリクリスエス,鹿毛,140322,    9.1,  ,    ,59.9
17,05,20,1,新潟,7,10,早苗賞500*,23,芝,8,1800,良,ヤマニンルサリー  ,牝,3,秋山真一,54.0,11,03,7,7,0,1.3,7,109.2,"1492",0,0,0,7,8,34.6,436,栗田徹,美,0,14100568,01019,01127,0417171003,土井肇,錦岡牧場,タートルボウル,ヤマニンメルベイユ,メジロマックイーン,鹿毛,140316,   17.3,  ,    ,57.8
17,05,20,1,新潟,7,10,早苗賞500*,23,芝,8,1800,良,フィアーノロマーノ,牡,3,藤岡康太,54.0,11,04,10,10,0,1.5,2,109.4,"1494",0,0,0,2,2,35.2,522,高野友和,栗,0,14110117,01116,01117,0417171004,吉田和美,"Kia Ora Stud","Fastnet Rock","Heart Ashley","Lion Heart",鹿毛,140821,    3.0,  ,    ,55.4
17,05,20,1,新潟,7,10,早苗賞500*,23,芝,8,1800,良,セダブリランテス  ,牡,3,石川裕紀,56.0,11,05,1,1,0,-0.1,1,107.9,"1479",0,0,0,6,4,33.6,526,手塚貴久,美,1000,14105949,01150,01038,0417171005,シルクレーシング,社台コーポレーショ,ディープブリランテ,シルクユニバーサル,ブライアンズタイム,鹿毛,140112,    2.7,  ,    ,60.6
17,05,20,1,新潟,7,10,早苗賞500*,23,芝,8,1800,良,マイネルエパティカ,牡,3,宮崎北斗,56.0,11,06,6,6,0,1.1,11,109,"1490",0,0,0,1,1,35,442,和田雄二,美,0,14100711,01118,01143,0417171006,サラブレッドクラブ,ビッグレッドファー,コンデュイット,バンブーユキヒメ,Gulch,栗毛,140302,  152.0,  ,    ,55.7
17,05,20,1,新潟,7,10,早苗賞500*,23,芝,8,1800,良,マイネルベレーロ  ,牡,3,丹内祐次,56.0,11,07,5,5,0,0.4,4,108.3,"1483",0,0,0,2,2,34.1,486,中野栄治,美,100,14100721,01091,01010,0417171007,サラブレッドクラブ,ビッグレッドファー,マツリダゴッホ,マイネヴォヤージ,Teofilo,栗毛,140327,    8.8,  ,    ,58.8
17,05,20,1,新潟,7,10,早苗賞500*,23,芝,8,1800,良,マッシュクール    ,牡,3,井上敏樹,56.0,11,08,8,8,0,1.4,9,109.3,"1493",0,0,0,9,8,34.7,494,本間忍,美,0,14101733,01151,01056,0417171008,島川隆哉,エスティファーム,トーセンブライト,マッシュレイヤー,ジャングルポケット,黒鹿,140319,   39.0,  ,    ,57.5
17,05,20,1,新潟,7,10,早苗賞500*,23,芝,8,1800,良,バスカヴィル      ,牡,3,勝浦正樹,56.0,11,09,4,4,0,0.4,3,108.3,"1483",0,0,0,4,4,34,470,二ノ宮敬,美,150,14110074,01025,00409,0417171009,ゴドルフィン,"Tenth Street Stabl",Bernardini,Divalarious,"Distorted Humor",鹿毛,140304,    8.6,  ,    ,59.3
17,05,20,1,新潟,7,10,早苗賞500*,23,芝,8,1800,良,ドンリッチ        ,牡,3,菱田裕二,56.0,11,10,2,2,0,0.1,6,108,"1480",0,0,0,10,10,33.2,504,牧浦充徳,栗,400,14100515,01144,01113,0417171010,山田貢一,新冠タガノファーム,ディープブリランテ,ドナフュージョン,シンボリクリスエス,鹿毛,140315,   15.0,  ,    ,62.7
17,05,20,1,新潟,7,10,早苗賞500*,23,芝,8,1800,良,オイカケマショウ  ,牡,3,坂井瑠星,56.0,11,11,11,11,0,2.6,10,110.5,"1505",0,0,0,11,11,35.4,446,谷潔,栗,0,14103184,01163,00431,0417171011,小田切有一,木村牧場,カンパニー,ハナヨメノレン,フジキセキ,鹿毛,140216,   65.2,  ,    ,56.1
17,05,20,1,新潟,7,11,火打山特1000,43,ダ,1,1200,良,ネバーリグレット  ,セ,4,津村明秀,57.0,15,01,14,14,0,1.8,7,73.8,"1138",0,0,0,14,15,38.1,480,木村哲也,美,0,13105860,01092,01126,0417171101,G1レーシング,ノーザンファーム,ダイワメジャー,グッドゲーム,"Fly Till Dawn",芦毛,130415,   19.1,  ,    ,43.7
17,05,20,1,新潟,7,11,火打山特1000,43,ダ,1,1200,良,マンハッタンヘンジ,牡,6,伴啓太,57.0,15,02,15,15,0,2,15,74,"1140",0,0,0,12,13,38.6,506,柴田政人,美,0,11106326,01149,01007,0417171102,加藤厚子,大狩部牧場,ザール,アナステーシア,ソヴィエトスター,黒鹿,110520,  143.8,  ,    ,41.7
17,05,20,1,新潟,7,11,火打山特1000,43,ダ,1,1200,良,タガノヴィッター  ,牡,4,藤岡康太,57.0,15,03,1,1,0,0,1,72,"1120",0,0,0,7,7,37,502,牧浦充徳,栗,1500,13101737,01116,01113,0417171103,八木良司,新冠タガノファーム,キンシャサノキセキ,ダンスティルドーン,"Sadler's Wells",鹿毛,130320,    3.1,  ,    ,44.6
17,05,20,1,新潟,7,11,火打山特1000,43,ダ,1,1200,良,ローゼンタール    ,牝,4,丸田恭介,55.0,15,04,10,10,0,0.6,10,72.6,"1126",0,0,0,7,7,37.7,488,森田直行,栗,0,13103962,01117,01142,0417171104,岡田牧雄,岡田スタツド,ロージズインメイ,タニノエクセレント,ブライアンズタイム,栗毛,130308,   22.7,  ,    ,42.6
17,05,20,1,新潟,7,11,火打山特1000,43,ダ,1,1200,良,ラフィネシチー    ,牝,6,菱田裕二,55.0,15,05,8,8,0,0.5,12,72.5,"1125",0,0,0,7,9,37.5,462,岡田稲男,栗,0,11101468,01144,01066,0417171105,友駿ホースクラブ,幌村牧場,ゴールドアリュール,レディクラシック,ブライアンズタイム,青鹿,110430,   31.2,  ,    ,43.3
17,05,20,1,新潟,7,11,火打山特1000,43,ダ,1,1200,良,ブルームーン      ,牡,5,勝浦正樹,57.0,15,06,5,5,0,0.2,5,72.2,"1122",0,0,0,14,14,36.5,476,清水久詞,栗,150,12100624,01025,01110,0417171106,ノースヒルズ,ノースヒルズ,パイロ,ルアシェイア,フジキセキ,鹿毛,120308,    9.8,  ,    ,47.8
17,05,20,1,新潟,7,11,火打山特1000,43,ダ,1,1200,良,ナミノリゴリラ    ,牝,5,井上敏樹,55.0,15,07,13,13,0,1.6,8,73.6,"1136",0,0,0,7,11,38.6,476,高橋祥泰,美,0,12101124,01151,00359,0417171107,小田切光,大江牧場,スウェプトオーヴァーボード,アドマイヤバレー,サンデーサイレンス,黒鹿,120509,   20.6,  ,    ,40.7
17,05,20,1,新潟,7,11,火打山特1000,43,ダ,1,1200,良,カレンコマンドール,セ,4,和田翼,57.0,15,08,9,9,0,0.6,11,72.6,"1126",0,0,0,3,4,38.2,464,安田隆行,栗,0,13100499,01146,00438,0417171108,鈴木隆司,高柳隆男,ベーカバド,カレンママ,エンドスウィープ,鹿毛,130508,   29.1,  ,    ,40.1
17,05,20,1,新潟,7,11,火打山特1000,43,ダ,1,1200,良,マーシレス        ,牡,6,中井裕二,57.0,15,09,2,2,0,0,9,72,"1120",0,0,0,1,1,37.8,472,浜田多実,栗,600,11100296,01141,01138,0417171109,窪田康志,三城牧場,ダイワメジャー,スイートリトリート,"Indian Ridge",栗毛,110516,   21.4,  ,    ,40.5
17,05,20,1,新潟,7,11,火打山特1000,43,ダ,1,1200,良,ワキノハガクレ    ,牡,5,石川裕紀,57.0,15,10,6,6,0,0.3,4,72.3,"1123",0,0,0,6,5,37.5,428,松下武士,栗,0,12100662,01150,01149,0417171110,脇山良之,平山牧場,ハーツクライ,ホーリーグレイル,ブライアンズタイム,黒鹿,120419,    7.8,  ,    ,42.8
17,05,20,1,新潟,7,11,火打山特1000,43,ダ,1,1200,良,パッシングブリーズ,牡,6,鮫島克駿,57.0,15,11,4,4,0,0.2,2,72.2,"1122",0,0,0,12,11,36.9,500,浅見秀一,栗,230,11104402,01157,00411,0417171111,三田昌宏,社台ファーム,クロフネ,ブローザキャンドル,サンデーサイレンス,鹿毛,110515,    5.8,  ,    ,45.7
17,05,20,1,新潟,7,11,火打山特1000,43,ダ,1,1200,良,キョウワエステル  ,牝,4,坂井瑠星,55.0,15,12,12,12,0,1.3,13,73.3,"1133",0,0,0,7,9,38.3,458,千田輝彦,栗,0,13101400,01163,01120,0417171112,協和牧場,協和牧場,プリサイスエンド,キョウワモンロー,ダンシングブレーヴ,鹿毛,130414,   64.2,  ,    ,41.4
17,05,20,1,新潟,7,11,火打山特1000,43,ダ,1,1200,良,クリプトスコード  ,牝,4,木幡初也,55.0,15,13,11,11,0,0.9,14,72.9,"1129",0,0,0,5,5,38.3,500,田島俊明,美,0,13103944,01153,01112,0417171113,ノルマンディーサラ,岡田スタツド,ロージズインメイ,クラックコード,ダンスインザダーク,栗毛,130419,  115.1,  ,    ,40.3
17,05,20,1,新潟,7,11,火打山特1000,43,ダ,1,1200,良,ウインバローラス  ,牡,5,丹内祐次,57.0,15,14,3,3,0,0.1,6,72.1,"1121",0,0,0,3,2,37.7,484,奥平雅士,美,380,12102178,01091,01074,0417171114,ウイン,飯岡牧場,スターリングローズ,ケージーダンサー,コマンダーインチーフ,鹿毛,120222,   14.2,  ,    ,41.2
17,05,20,1,新潟,7,11,火打山特1000,43,ダ,1,1200,良,トップライセンス  ,牝,4,吉田隼人,55.0,15,15,7,7,0,0.4,3,72.4,"1124",0,0,0,2,2,38.1,492,尾関知人,美,0,13105841,01095,01103,0417171115,サンデーレーシング,ノーザンファーム,キンシャサノキセキ,キャリアコレクション,"General Meeting",青鹿,130211,    5.9,  ,    ,40.0
17,05,20,1,新潟,7,12,湯沢特別500,23,芝,0,1200,良,ノミネーション    ,牡,5,森一馬,57.0,16,01,16,16,0,2.1,15,71.1,"1111",0,0,0,1,1,37.4,478,矢作芳人,栗,0,12103026,01139,01075,0417171201,石川達絵,タイヘイ牧場,ステイゴールド,バーンダンス,マルゼンスキー,黒鹿,120421,   85.0,  ,    ,40.1
17,05,20,1,新潟,7,12,湯沢特別500,23,芝,0,1200,良,サンライズビーム  ,牡,4,川須栄彦,57.0,16,02,11,11,0,1,4,70,"1100",0,0,0,3,3,36.1,448,羽月友彦,栗,0,13103234,01128,01091,0417171202,松岡隆雄,浦河小林牧場,ハービンジャー,ラトーヌサンライズ,タイキシャトル,芦毛,130423,    7.6,  ,    ,43.9
17,05,20,1,新潟,7,12,湯沢特別500,23,芝,0,1200,良,スナークスカイ    ,牡,4,津村明秀,57.0,16,03,7,7,0,0.4,6,69.4,"1094",0,0,0,13,13,34.8,456,川村禎彦,栗,0,13104881,01092,01003,0417171203,杉本豊,見上牧場,ダイワメジャー,スナークスズラン,ダンシングブレーヴ,鹿毛,130430,   10.9,  ,    ,49.4
17,05,20,1,新潟,7,12,湯沢特別500,23,芝,0,1200,良,ハートイズハート  ,牡,4,藤田菜七,57.0,16,04,15,15,0,1.6,9,70.6,"1106",0,0,0,3,3,36.7,462,中野栄治,美,0,13106425,01164,01010,0417171204,北村和江,高橋啓,アンライバルド,タオルミーナ,タイキシャトル,栗毛,130214,   19.0,  ,    ,42.4
17,05,20,1,新潟,7,12,湯沢特別500,23,芝,0,1200,良,スワーヴラーシド  ,牡,4,丸田恭介,57.0,16,05,1,1,0,-0.1,1,69,"1090",0,0,0,14,13,34.2,516,大竹正博,美,1050,13110033,01117,01102,0417171205,NICKS,"Az.Ag. Valdirone L","Poet's Voice",Marania,Marju,黒鹿,130227,    4.1,  ,    ,51.8
17,05,20,1,新潟,7,12,湯沢特別500,23,芝,0,1200,良,ケンブリッジリニア,牝,4,井上敏樹,55.0,16,06,12,12,0,1,16,70,"1100",0,0,0,6,8,35.9,458,石栗龍彦,美,0,13102504,01151,01043,0417171206,中西桂子,本桐牧場,タイキシャトル,ケンチャメワン,ミシエロ,栗毛,130429,  236.4,  ,    ,45.0
17,05,20,1,新潟,7,12,湯沢特別500,23,芝,0,1200,良,トーセンアルバータ,牝,4,勝浦正樹,54.0,16,07,14,14,0,1.5,8,70.5,"1105",0,0,0,9,10,36.2,474,古賀史生,美,0,13110131,01025,00392,0417171207,島川隆哉,"Arrowfield Pastora","More Than Ready",Alverta,"Flying Spur",鹿毛,131004,   18.1,  ,    ,44.8
17,05,20,1,新潟,7,12,湯沢特別500,23,芝,0,1200,良,エイシンピカソ    ,牝,4,吉田隼人,55.0,16,08,4,4,0,0.3,7,69.3,"1093",0,0,0,11,12,34.9,446,野中賢二,栗,160,13110066,01095,01098,0417171208,平井克彦,"Kendall E. Hansen",Drosselmeyer,"R Lady Joy",Vicar,栗毛,130222,   13.2,  ,    ,48.6
17,05,20,1,新潟,7,12,湯沢特別500,23,芝,0,1200,良,ヴァッフシュテルケ,牡,6,水口優也,57.0,16,09,9,9,0,0.7,10,69.7,"1097",0,0,0,6,3,35.7,488,岩元市三,栗,0,11106102,01133,00397,0417171209,宮内牧場,宮内牧場,ダイワメジャー,イサミサクラ,アイネスフウジン,青鹿,110305,   24.3,  ,    ,45.2
17,05,20,1,新潟,7,12,湯沢特別500,23,芝,0,1200,良,ゲンキチハヤブサ  ,セ,5,鮫島克駿,57.0,16,10,5,5,0,0.3,5,69.3,"1093",0,0,0,9,8,35,458,川村禎彦,栗,105,12101282,01157,01003,0417171210,荒井元明,サンシャイン牧場,ヨハネスブルグ,ラーチャプルック,マーベラスサンデー,栗毛,120327,    9.4,  ,    ,48.0
17,05,20,1,新潟,7,12,湯沢特別500,23,芝,0,1200,良,ベリースコール    ,セ,4,菱田裕二,57.0,16,11,2,2,0,0.1,2,69.1,"1091",0,0,0,11,10,34.7,484,岩元市三,栗,420,13110119,01144,00397,0417171211,田畑利彦,"Mr Franck Benillou","Elusive City","Spark Sept","Septieme Ciel",黒鹿,130509,    4.4,  ,    ,49.1
17,05,20,1,新潟,7,12,湯沢特別500,23,芝,0,1200,良,コリーナ          ,牝,4,嘉藤貴行,55.0,16,12,3,3,0,0.2,12,69.2,"1092",0,0,0,8,7,35,448,栗田徹,美,260,13102827,01051,01127,0417171212,山口功一郎,大島牧場,アドマイヤマックス,ワイルドリリー,"Wild Again",鹿毛,130426,   34.1,  ,    ,47.7
17,05,20,1,新潟,7,12,湯沢特別500,23,芝,0,1200,良,コパノチャンス    ,牡,4,杉原誠人,57.0,16,13,10,10,0,0.8,13,69.8,"1098",0,0,0,16,15,34.8,496,上原博之,美,0,13104408,01135,00423,0417171213,小林祥晃,谷岡牧場,タイキシャトル,サクラコールミー,マンハッタンカフェ,栗毛,130427,   69.2,  ,    ,50.6
17,05,20,1,新潟,7,12,湯沢特別500,23,芝,0,1200,良,ハイレベルバイオ  ,牝,5,中井裕二,55.0,16,14,6,6,0,0.4,3,69.4,"1094",0,0,0,2,2,35.6,502,牧光二,美,0,12104828,01141,01106,0417171214,バイオ,ノーザンファーム,マンハッタンカフェ,ボシンシェ,Kingmambo,黒鹿,120221,    7.5,  ,    ,44.9
17,05,20,1,新潟,7,12,湯沢特別500,23,芝,0,1200,良,ジェイラー        ,牝,4,丹内祐次,55.0,16,15,13,13,0,1.2,14,70.2,"1102",0,0,0,3,3,36.3,446,菊川正達,美,0,13103971,01091,01052,0417171215,岡田壮史,岡田スタツド,マツリダゴッホ,チェアユーアップ,エアジハード,栗毛,130514,   83.8,  ,    ,43.4
17,05,20,1,新潟,7,12,湯沢特別500,23,芝,0,1200,良,アルティマヒート  ,牝,4,藤懸貴志,55.0,16,16,8,8,0,0.5,11,69.5,"1095",0,0,0,15,15,34.6,464,平田修,栗,0,13105334,01138,01082,0417171216,キャロットファーム,社台コーポレーショ,ステイゴールド,リーサルヒート,"Unusual Heat",栗毛,130309,   33.4,  ,    ,50.9
17,05,21,1,新潟,8,01,未勝利,7,芝,0,1200,良,プリンセスライン  ,牝,3,菊沢一樹,51.0,16,01,13,13,0,1.4,16,70.7,"1107",0,0,0,13,14,34.7,420,小桧山悟,美,0,14102420,01161,01005,0417180101,加藤徹,広富牧場,パイロ,ナリタシルエット,フジキセキ,栗毛,140328,  169.7,  ,    ,53.7
17,05,21,1,新潟,8,01,未勝利,7,芝,0,1200,良,グラスハーモニー  ,牝,3,勝浦正樹,54.0,16,02,8,8,0,0.9,2,70.2,"1102",0,0,0,9,9,35.2,472,尾形和幸,美,0,14102605,01025,01141,0417180102,伊東純一,ヤナガワ牧場,カンパニー,シルバーバレーガール,"Deputy Minister",鹿毛,140226,    4.7,  ,    ,49.4
17,05,21,1,新潟,8,01,未勝利,7,芝,0,1200,良,パルトゥー        ,牝,3,津村明秀,52.0,16,03,11,11,0,1.2,1,70.5,"1105",0,0,0,5,6,36,510,田村康仁,美,0,14110069,01092,01027,0417180103,吉田和美,"Strawberry Hill St","More Than Ready","Sugar Babe","Exceed And Excel",鹿毛,140815,    4.0,  ,    ,45.8
17,05,21,1,新潟,8,01,未勝利,7,芝,0,1200,良,ベルベル          ,牝,3,西田雄一,54.0,16,04,7,7,0,0.9,10,70.2,"1102",0,0,0,9,9,35.1,400,高市圭二,美,0,14104869,01004,01014,0417180104,ミルファーム,泊寿幸,エイシンデピュティ,マイウィル,フジキセキ,栗毛,140427,   25.2,  ,    ,50.0
17,05,21,1,新潟,8,01,未勝利,7,芝,0,1200,良,ミラドール        ,牝,3,坂井瑠星,52.0,16,05,3,3,0,0.7,5,70,"1100",0,0,0,7,8,35.3,432,武市康男,美,130,14104801,01163,01089,0417180105,水上行雄,千代田牧場,ブラックタイド,ミラクルガール,ロックオブジブラルタル,青毛,140203,   11.8,  ,    ,48.3
17,05,21,1,新潟,8,01,未勝利,7,芝,0,1200,良,ショータイム      ,牝,3,横山和生,54.0,16,06,15,15,0,3.9,15,73.2,"1132",0,0,0,16,16,36.4,464,杉浦宏昭,美,0,14105667,01140,01008,0417180106,吉田千津,社台ファーム,ワークフォース,プライムステージ,サンデーサイレンス,鹿毛,140507,  144.1,  ,    ,51.1
17,05,21,1,新潟,8,01,未勝利,7,芝,0,1200,良,キクノレレ        ,牝,3,秋山真一,54.0,16,07,5,5,0,0.7,13,70,"1100",0,0,0,3,3,35.7,464,今野貞一,栗,50,14103498,01019,01128,0417180107,菊池五郎,松田憲一,ケイムホーム,キクノディアナ,アドマイヤベガ,黒鹿,140330,   45.5,  ,    ,46.1
17,05,21,1,新潟,8,01,未勝利,7,芝,0,1200,良,カホピーチ        ,牝,3,丸山元気,54.0,16,08,14,14,0,1.7,14,71,"1110",0,0,0,15,15,34.5,448,相沢郁,美,0,14105344,01127,01020,0417180108,星野壽市,社台コーポレーショ,ディープインパクト,カホマックス,クロフネ,鹿毛,140120,   51.1,  ,    ,55.8
17,05,21,1,新潟,8,01,未勝利,7,芝,0,1200,良,パルクリール      ,牝,3,丹内祐次,54.0,16,09,9,9,0,0.9,6,70.2,"1102",0,0,0,3,3,35.8,430,伊藤伸一,美,0,14100690,01091,01031,0417180109,サラブレッドクラブ,ビッグレッドファー,ダノンシャンティ,コスモクラッベ,マイネルラヴ,黒鹿,140420,   15.8,  ,    ,46.1
17,05,21,1,新潟,8,01,未勝利,7,芝,0,1200,良,ネオヴェルモット  ,牝,3,黛弘人,54.0,16,10,2,2,0,0.4,3,69.7,"1097",0,0,0,5,5,35.1,430,伊藤正徳,美,200,14105600,01109,00383,0417180110,小林仁幸,社台ファーム,タニノギムレット,ネオランジュ,フジキセキ,青鹿,140320,    4.9,  ,    ,48.6
17,05,21,1,新潟,8,01,未勝利,7,芝,0,1200,良,シャインサンデー  ,牝,3,吉田隼人,54.0,16,11,4,4,0,0.7,11,70,"1100",0,0,0,13,12,33.9,420,加藤征弘,美,75,14105700,01095,01059,0417180111,森保彦,社台ファーム,トワイニング,マニックサンデー,サンデーサイレンス,栗毛,140510,   35.3,  ,    ,56.5
17,05,21,1,新潟,8,01,未勝利,7,芝,0,1200,良,ファイブフォース  ,牝,3,小崎綾也,53.0,16,12,1,1,0,-0.4,4,69.3,"1093",0,0,0,1,1,35.3,470,栗田徹,美,500,14103453,01152,01127,0417180112,サンライズ,日本中央競馬会日高,アルデバラン2,バクシンスクリーン,サクラバクシンオー,鹿毛,140413,    6.2,  ,    ,46.3
17,05,21,1,新潟,8,01,未勝利,7,芝,0,1200,良,エターナルライフ  ,牝,3,中井裕二,54.0,16,13,6,6,0,0.9,8,70.2,"1102",0,0,0,11,11,34.6,452,中内田充,栗,0,14102215,01141,01137,0417180113,H.H.シェイク・モハ,ダーレー・ジャパン,アドマイヤムーン,メイビーフォーエヴァー,Zafonic,黒鹿,140131,   22.3,  ,    ,52.9
17,05,21,1,新潟,8,01,未勝利,7,芝,0,1200,良,ニュークラウン    ,牝,3,川又賢治,51.0,16,14,12,12,0,1.3,12,70.6,"1106",0,0,0,12,13,34.7,428,安田隆行,栗,0,14105489,01166,00438,0417180114,原禮子,社台ファーム,キャプテントゥーレ,ゴールデンプライズ,ホワイトマズル,芦毛,140403,   42.4,  ,    ,53.5
17,05,21,1,新潟,8,01,未勝利,7,芝,0,1200,良,デンコウアリオン  ,牡,3,義英真,55.0,16,15,10,10,0,1,9,70.3,"1103",0,0,0,2,2,36.2,460,本田優,栗,0,14102975,01155,01099,0417180115,田中康弘,中脇一幸,タイキシャトル,デンコウレジーナ,サクラバクシンオー,鹿毛,140417,   22.3,  ,    ,44.2
17,05,21,1,新潟,8,01,未勝利,7,芝,0,1200,良,クーペオブジェミニ,牡,3,藤岡康太,56.0,16,16,0,0,4,999.9,7,0,"----",0,0,0,7,6,0,434,寺島良,栗,0,14103468,01116,01158,0417180116,要海伸治,林孝輝,ケイムホーム,ブルーボックスボウ,サンデーサイレンス,栗毛,140516,   19.6,  ,    , 0.0
17,05,21,1,新潟,8,02,未勝利・若,7,ダ,1,1200,良,デルマヨサク      ,牡,3,横山武史,53.0,15,01,10,10,0,1.7,13,74,"1140",0,0,0,13,12,37.9,514,勢司和浩,美,0,14105433,01170,01047,0417180201,浅沼廣幸,社台ファーム,スウィフトカレント,エミスフェール,ホワイトマズル,黒鹿,140408,  154.3,  ,    ,45.3
17,05,21,1,新潟,8,02,未勝利・若,7,ダ,1,1200,良,ダンツプロシード  ,牡,3,森一馬,56.0,15,02,5,5,0,1,5,73.3,"1133",0,0,0,11,10,37.5,498,山内研二,栗,50,14104297,01139,00388,0417180202,山元哲二,岡田スタツド,アイルハヴアナザー,フランシール,アグネスタキオン,栗毛,140409,   17.6,  ,    ,45.5
17,05,21,1,新潟,8,02,未勝利・若,7,ダ,1,1200,良,スリーミネルバ    ,牝,3,菊沢一樹,51.0,15,03,12,12,0,2.2,6,74.5,"1145",0,0,0,13,12,38.4,434,柄崎孝,美,0,14103459,01161,00380,0417180203,永井商事,信岡牧場,バゴ,スズカミネルバ,フレンチデピュティ,黒鹿,140416,   18.9,  ,    ,44.0
17,05,21,1,新潟,8,02,未勝利・若,7,ダ,1,1200,良,ノボミリオンヌ    ,牝,3,中井裕二,54.0,15,04,8,8,0,1.2,7,73.5,"1135",0,0,0,1,1,38.8,450,小野次郎,美,0,14103838,01141,01125,0417180204,LS.M,高昭牧場,ノボジャック,ライズキッス,Dayjur,鹿毛,140504,   37.4,  ,    ,39.4
17,05,21,1,新潟,8,02,未勝利・若,7,ダ,1,1200,良,セブンレジェンド  ,牡,3,井上敏樹,54.0,15,05,7,7,0,1.1,12,73.4,"1134",0,0,0,3,3,38.4,520,本間忍,美,0,14109051,01151,01056,0417180205,橋川欣司,タイヘイ牧場,トーセンホマレボシ,モンテチェリー,ホワイトマズル,黒鹿,140312,   90.3,  ,    ,41.1
17,05,21,1,新潟,8,02,未勝利・若,7,ダ,1,1200,良,サンキューゴッド  ,セ,3,嶋田純次,56.0,15,06,14,14,0,3.1,14,75.4,"1154",0,0,0,12,12,39.4,492,手塚貴久,美,0,14105815,01134,01038,0417180206,星野壽市,ノーザンファーム,ハービンジャー,アンナヴァン,エンドスウィープ,鹿毛,140330,  243.3,  ,    ,41.4
17,05,21,1,新潟,8,02,未勝利・若,7,ダ,1,1200,良,ニットウバーブラ  ,牝,3,木幡初也,52.0,15,07,11,11,0,2.2,15,74.5,"1145",0,0,0,9,8,39,436,黒岩陽一,美,0,14103447,01153,01133,0417180207,藤井謙,日東牧場,カネヒキリ,ニットウディオンヌ,ゴールデンフェザント,黒鹿,140412,  378.5,  ,    ,41.0
17,05,21,1,新潟,8,02,未勝利・若,7,ダ,1,1200,良,アグリツーリスモ  ,牡,3,坂井瑠星,54.0,15,08,2,2,0,0.6,3,72.9,"1129",0,0,0,2,2,38.1,470,和田正一,美,200,14100327,01163,01114,0417180208,スピードファーム,スピードフアーム,ウォーターリーグ,ツールドコルス,ウインデュエル,栗毛,140326,    8.1,  ,    ,41.3
17,05,21,1,新潟,8,02,未勝利・若,7,ダ,1,1200,良,レディーフランソワ,牝,3,杉原誠人,54.0,15,09,9,9,0,1.5,10,73.8,"1138",0,0,0,5,5,38.7,486,伊藤正徳,美,0,14105068,01135,00383,0417180209,植木茂年,藤原牧場,タイキシャトル,オスカルフランソワ,ワイルドラッシュ,鹿毛,140312,   73.5,  ,    ,40.7
17,05,21,1,新潟,8,02,未勝利・若,7,ダ,1,1200,良,グロワールシチー  ,牡,3,義英真,55.0,15,10,1,1,0,-0.6,1,72.3,"1123",0,0,0,7,7,36.9,460,岡田稲男,栗,500,14101964,01155,01066,0417180210,友駿ホースクラブ,下河辺牧場,ダノンシャンティ,バーグドール,サクラバクシンオー,鹿毛,140425,    1.6,  ,    ,45.9
17,05,21,1,新潟,8,02,未勝利・若,7,ダ,1,1200,良,メイショウカリナン,牡,3,鮫島克駿,55.0,15,11,3,3,0,0.7,4,73,"1130",0,0,0,5,5,37.8,480,浅見秀一,栗,130,14104686,01157,00411,0417180211,松本好雄,谷岡牧場,サウスヴィグラス,プラチナム,スキャターザゴールド,鹿毛,140320,    8.4,  ,    ,43.1
17,05,21,1,新潟,8,02,未勝利・若,7,ダ,1,1200,良,オトチャン        ,牝,3,小崎綾也,53.0,15,12,15,15,0,8.6,9,80.9,"1209",0,0,0,7,10,45.5,520,音無秀孝,栗,0,14103162,01152,01002,0417180212,大塚亮一,杵臼牧場,ハーツクライ,シャペロンルージュ,サクラバクシンオー,黒鹿,140317,   58.1,  ,    ,27.8
17,05,21,1,新潟,8,02,未勝利・若,7,ダ,1,1200,良,プリンセスナナコ  ,牝,3,藤田菜七,51.0,15,13,13,13,0,2.5,8,74.8,"1148",0,0,0,15,15,38.3,430,根本康広,美,0,14103033,01164,01029,0417180213,ライオンレースホー,浦河日成牧場,メイショウボーラー,クールレディ,フォーティナイナー,栗毛,140403,   40.0,  ,    ,45.3
17,05,21,1,新潟,8,02,未勝利・若,7,ダ,1,1200,良,メイショウヒボタン,牝,3,藤懸貴志,54.0,15,14,4,4,0,0.7,11,73,"1130",0,0,0,9,8,37.4,440,藤沢則雄,栗,75,14104048,01138,01041,0417180214,松本好雄,村中牧場,ケイムホーム,スターペスキサコ,メジロマックイーン,栗毛,140328,   78.7,  ,    ,45.2
17,05,21,1,新潟,8,02,未勝利・若,7,ダ,1,1200,良,ハイレートクライム,牡,3,加藤祥太,55.0,15,15,6,6,0,1,2,73.3,"1133",0,0,0,3,3,38.3,472,庄野靖志,栗,0,14105995,01156,01087,0417180215,キャロットファーム,ノーザンファーム,ディープブリランテ,スルーレート,フレンチデピュティ,鹿毛,140128,    5.7,  ,    ,41.4
17,05,21,1,新潟,8,03,未勝利・牝,7,ダ,1,1800,良,ゴールドノーブル  ,牝,3,横山武史,51.0,15,01,13,13,0,4,14,119.3,"1593",0,11,7,10,11,40.6,472,加藤和宏,美,0,14100763,01170,01077,0417180301,居城寿与,北勝ファーム,キングヘイロー,ミヤマリンドウ,ニューイングランド,鹿毛,140406,  219.0,  ,    ,46.9
17,05,21,1,新潟,8,03,未勝利・牝,7,ダ,1,1800,良,ミヤギインザムーン,牝,3,木幡初也,52.0,15,02,14,14,0,5.2,15,120.5,"2005",0,9,10,15,15,41.2,468,飯田祐史,栗,0,14102646,01153,01139,0417180302,菅原光博,シンボリ牧場,ダンスインザダーク,ゲーリックチューン,Danzig,鹿毛,140305,  431.0,  ,    ,46.2
17,05,21,1,新潟,8,03,未勝利・牝,7,ダ,1,1800,良,イチザヒロイン    ,牝,3,川又賢治,51.0,15,03,4,4,0,1.3,8,116.6,"1566",0,6,4,7,6,38.4,436,加藤敬二,栗,75,14100339,01166,00379,0417180303,奈良崎孝一郎,隆栄牧場,ファスリエフ,グリーンプラネット,ダンシングブレーヴ,鹿毛,140529,   65.0,  ,    ,51.8
17,05,21,1,新潟,8,03,未勝利・牝,7,ダ,1,1800,良,アスヘノキボウ    ,牝,3,西田雄一,54.0,15,04,10,10,0,2.7,10,118,"1580",0,14,13,8,8,39.6,434,谷原義明,美,0,14104847,01004,00402,0417180304,ミルファーム,トウショウ産業株式,スズカマンボ,ホリデイトウショウ,タイキシャトル,鹿毛,140504,   84.6,  ,    ,49.0
17,05,21,1,新潟,8,03,未勝利・牝,7,ダ,1,1800,良,スカイリモーネ    ,牝,3,加藤祥太,53.0,15,05,7,7,0,2.3,11,117.6,"1576",0,2,2,3,3,39.7,446,西橋豊治,栗,0,14103678,01156,00434,0417180305,岩崎僖澄,市川牧場,ネオユニヴァース,ミステリューズ,ナリタトップロード,鹿毛,140328,   97.3,  ,    ,48.1
17,05,21,1,新潟,8,03,未勝利・牝,7,ダ,1,1800,良,ジャンティーユ    ,牝,3,丸山元気,54.0,15,06,6,6,0,2.1,13,117.4,"1574",0,4,4,4,5,39.3,438,南田美知,美,0,14101880,01127,00437,0417180306,伊達敏明,サンシャイン牧場,アンライバルド,イゾルデ,トニービン,栗毛,140505,  132.1,  ,    ,49.4
17,05,21,1,新潟,8,03,未勝利・牝,7,ダ,1,1800,良,スウィートグロリア,牝,3,津村明秀,54.0,15,07,9,9,0,2.6,6,117.9,"1579",0,8,7,9,9,39.4,472,矢野英一,美,0,14106009,01092,01108,0417180307,グリーンファーム,ノーザンファーム,キングヘイロー,タペストリー,"Fusaichi Pegasus",鹿毛,140506,   13.0,  ,    ,49.6
17,05,21,1,新潟,8,03,未勝利・牝,7,ダ,1,1800,良,フェザーリング    ,牝,3,丸田恭介,54.0,15,08,12,12,0,3.2,9,118.5,"1585",0,11,10,12,12,39.6,444,青木孝文,美,0,14105564,01117,01156,0417180308,社台レースホース,社台ファーム,タートルボウル,ダノンフローラ,アグネスタキオン,鹿毛,140313,   68.0,  ,    ,49.6
17,05,21,1,新潟,8,03,未勝利・牝,7,ダ,1,1800,良,ルーナデラセーラー,牝,3,菱田裕二,54.0,15,09,1,1,0,0,2,115.3,"1553",0,1,1,1,1,37.7,472,加藤征弘,美,500,14103694,01144,01059,0417180309,加藤晃央,恵比寿牧場,ハーツクライ,フォーマルハウト,クロフネ,黒鹿,140406,    3.0,  ,    ,52.9
17,05,21,1,新潟,8,03,未勝利・牝,7,ダ,1,1800,良,シュクルダール    ,牝,3,鮫島克駿,53.0,15,10,2,2,0,0,5,115.3,"1553",0,2,2,2,2,37.5,502,宮徹,栗,200,14105703,01157,01018,0417180310,社台レースホース,社台ファーム,シンボリクリスエス,マルカキャンディ,サンデーサイレンス,黒鹿,140212,   12.8,  ,    ,53.7
17,05,21,1,新潟,8,03,未勝利・牝,7,ダ,1,1800,良,スマイルメロディー,牝,3,大庭和弥,54.0,15,11,5,5,0,1.8,7,117.1,"1571",0,11,13,10,9,38.4,420,蛯名利弘,美,50,14102325,01061,01131,0417180311,堀口晴男,日西牧場,プリサイスエンド,キシュウティアラ,フジキセキ,栗毛,140327,   17.9,  ,    ,52.5
17,05,21,1,新潟,8,03,未勝利・牝,7,ダ,1,1800,良,キタノリツメイ    ,牝,3,伊藤工真,54.0,15,12,8,8,0,2.4,12,117.7,"1577",0,15,15,14,12,38.6,440,萱野浩二,美,0,14103618,01119,01024,0417180312,ミルファーム,ミルファーム,アイルハヴアナザー,リーベストラウム,ゼンノエルシド,栗毛,140404,   98.3,  ,    ,52.5
17,05,21,1,新潟,8,03,未勝利・牝,7,ダ,1,1800,良,メイズオブオナー  ,牝,3,坂井瑠星,52.0,15,13,3,3,0,0.2,1,115.5,"1555",0,9,10,4,3,37.4,450,藤原英昭,栗,130,14101086,01163,01055,0417180313,ロードホースクラブ,ケイアイファーム,ハーツクライ,キャサリンオブアラゴン,"Holy Roman Emperor",鹿毛,140318,    2.7,  ,    ,54.4
17,05,21,1,新潟,8,03,未勝利・牝,7,ダ,1,1800,良,ラーゴブルー      ,牝,3,秋山真一,54.0,15,14,15,15,0,5.3,4,120.6,"2006",0,4,6,12,14,41.8,500,池江泰寿,栗,0,14106128,01019,01071,0417180314,吉田和美,ノーザンファーム,ハーツクライ,ベネンシアドール,キングカメハメハ,栗毛,140210,    9.7,  ,    ,44.3
17,05,21,1,新潟,8,03,未勝利・牝,7,ダ,1,1800,良,ダンツブロケード  ,牝,3,伴啓太,52.0,15,15,11,11,0,2.9,3,118.2,"1582",0,6,7,4,6,40.1,472,池添兼雄,栗,0,14105020,01149,01021,0417180315,山元哲二,藤沢牧場,ディープスカイ,シャドウリング,タマモクロス,栗毛,140414,    5.7,  ,    ,47.4
17,05,21,1,新潟,8,04,障害未勝利,7,芝,2,2890,良,ストリートオベロン,牡,5,草野太郎,60.0,14,01,7,7,0,2.2,7,190.1,"3101",0,7,7,6,6,13.2,472,大竹正博,美,0,12110064,01113,01102,0417180401,門野重雄,"Winchester Farm","Street Sense","Star Mullein",Woodman,黒鹿,120213,   34.4,  ,    , 0.0
17,05,21,1,新潟,8,04,障害未勝利,7,芝,2,2890,良,ドンアルフォンス  ,牡,5,白浜雄造,60.0,14,02,1,1,0,-0.3,1,187.9,"3079",0,1,1,1,1,13,472,庄野靖志,栗,780,12101725,01035,01087,0417180402,山田貢一,日西牧場,ダンスインザダーク,ドナプレミア,スキャターザゴールド,黒鹿,120424,    1.8,  ,    , 0.0
17,05,21,1,新潟,8,04,障害未勝利,7,芝,2,2890,良,サマーラヴ        ,牡,6,上野翔,60.0,14,03,3,3,0,1.3,8,189.2,"3092",0,9,8,7,7,13.1,464,小野次郎,美,200,11101865,01087,01125,0417180403,Basic,カタオカフアーム,マイネルラヴ,フェスティブシャン,サニーブライアン,黒鹿,110425,   35.2,  ,    , 0.0
17,05,21,1,新潟,8,04,障害未勝利,7,芝,2,2890,良,サリレモンド      ,牡,6,高野和馬,60.0,14,04,12,12,0,4.2,13,192.1,"3121",0,8,8,10,11,13.3,532,和田正道,美,0,11110020,01089,00353,0417180404,ノースヒルズ,"Brandywine Farm Ch",Speightstown,"Gallileo Figaro",Galileo,栗毛,110221,  115.6,  ,    , 0.0
17,05,21,1,新潟,8,04,障害未勝利,7,芝,2,2890,良,プレジールシチー  ,牡,6,江田勇亮,60.0,14,05,5,5,0,1.8,4,189.7,"3097",0,2,2,4,4,13.1,506,田村康仁,美,78,11106273,01023,01027,0417180405,友駿ホースクラブ,幾千世牧場,ゴールドアリュール,エミネントシチー,ブライアンズタイム,黒鹿,110513,    9.7,  ,    , 0.0
17,05,21,1,新潟,8,04,障害未勝利,7,芝,2,2890,良,マックール        ,牡,4,五十嵐雄,59.0,14,06,11,11,0,3.9,8,191.8,"3118",0,4,5,9,8,13.3,480,田中剛,美,0,13103597,01069,01119,0417180406,ヒダカ・ブリーダー,辻牧場,ジャイアントレッカー,モスキャンピオン,マンハッタンカフェ,鹿毛,130402,   35.2,  ,    , 0.0
17,05,21,1,新潟,8,04,障害未勝利,7,芝,2,2890,良,スリージェット    ,牡,4,蓑島靖典,59.0,14,07,13,13,0,4.2,12,192.1,"3121",0,3,4,8,8,13.3,482,伊藤圭三,美,0,13104134,01068,01023,0417180407,永井商事,グランド牧場,サウスヴィグラス,ジョンコ,アグネスタキオン,栗毛,130424,   60.8,  ,    , 0.0
17,05,21,1,新潟,8,04,障害未勝利,7,芝,2,2890,良,ストロングバルドル,牡,6,小野寺祐,60.0,14,08,2,2,0,0.3,5,188.2,"3082",0,10,10,3,2,13,486,小笠倫弘,美,310,11102281,01123,01076,0417180408,村木篤,千代田牧場,ジャングルポケット,ラブアンドピース,キングカメハメハ,鹿毛,110329,   14.5,  ,    , 0.0
17,05,21,1,新潟,8,04,障害未勝利,7,芝,2,2890,良,プレシャスムーン  ,牝,6,金子光希,58.0,14,09,10,10,0,3.7,11,191.6,"3116",0,12,12,12,12,13.3,462,栗田博憲,美,0,11101778,01052,00341,0417180409,鈴木芳夫,岡田スタツド,マツリダゴッホ,プレシャスドロップ,フレンチデピュティ,鹿毛,110414,   58.2,  ,    , 0.0
17,05,21,1,新潟,8,04,障害未勝利,7,芝,2,2890,良,ウインドオブホープ,セ,4,浜野谷憲,59.0,14,10,14,14,0,7.8,14,195.7,"3157",0,13,14,14,14,13.5,532,鹿戸雄一,美,0,13100206,00695,01097,0417180410,木村牧場,木村牧場,スクリーンヒーロー,オンマイマインド,ティンバーカントリー,栗毛,130405,  134.5,  ,    , 0.0
17,05,21,1,新潟,8,04,障害未勝利,7,芝,2,2890,良,ゼンノトライブ    ,牡,4,難波剛健,59.0,14,11,6,6,0,2.1,2,190,"3100",0,6,5,4,4,13.1,436,浅見秀一,栗,0,13102041,01066,00411,0417180411,大迫久美子,村上欽哉,ステイゴールド,ジュリアビコー,ジェイドロバリー,黒鹿,130226,    5.7,  ,    , 0.0
17,05,21,1,新潟,8,04,障害未勝利,7,芝,2,2890,良,シゲルロウニンアジ,牡,4,植野貴也,59.0,14,12,4,4,0,1.5,6,189.4,"3094",0,4,2,2,2,13.1,496,湯窪幸雄,栗,120,13104365,00727,01057,0417180412,森中蕃,武牧場,ブラックタイド,スズカダーリン,タイキシャトル,鹿毛,130331,   16.9,  ,    , 0.0
17,05,21,1,新潟,8,04,障害未勝利,7,芝,2,2890,良,マイネルヴァッサー,牡,4,山本康志,59.0,14,13,8,8,0,2.6,3,190.5,"3105",0,11,11,10,8,13.2,420,土田稔,美,0,13101904,01008,00417,0417180413,サラブレッドクラブ,ビッグレッドファー,ステイゴールド,コスモスプラッシュ,メジロブライト,鹿毛,130512,    6.3,  ,    , 0.0
17,05,21,1,新潟,8,04,障害未勝利,7,芝,2,2890,良,ジャンボスピリット,牝,4,石神深一,57.0,14,14,9,9,0,2.8,10,190.7,"3107",0,13,13,13,13,13.2,464,田島俊明,美,0,13102607,01059,01112,0417180414,田島榮二郎,元茂牧場,アッミラーレ,ステッバイステップ,カリズマティック,栗毛,130528,   46.5,  ,    , 0.0
17,05,21,1,新潟,8,05,未勝利,7,芝,8,1800,良,ポイントオブエイム,牡,3,宮崎北斗,56.0,15,01,9,9,0,0.9,15,110.6,"1506",0,0,0,8,10,33.7,462,栗田博憲,美,0,14101202,01118,00341,0417180501,岡田牧雄,築紫洋,ロージズインメイ,ビビアンアロー,サンデーサイレンス,青鹿,140406,  242.9,  ,    ,64.1
17,05,21,1,新潟,8,05,未勝利,7,芝,8,1800,良,ダイシンコラード  ,牡,3,秋山真一,56.0,15,02,13,13,0,1.5,3,111.2,"1512",0,0,0,2,2,35.1,550,須貝尚介,栗,0,14100631,01019,01105,0417180502,大八木信行,ハシモトフアーム,ルーラーシップ,スクエアアウェイ,フジキセキ,鹿毛,140302,    7.5,  ,    ,58.4
17,05,21,1,新潟,8,05,未勝利,7,芝,8,1800,良,メイショウシオサイ,牡,3,小崎綾也,55.0,15,03,15,15,0,2.9,13,112.6,"1526",0,0,0,3,5,35.8,458,中村均,栗,0,14103398,01152,00261,0417180503,松本好雄,富田牧場,サマーバード,メイショウデリラ,マンハッタンカフェ,鹿毛,140316,  222.2,  ,    ,57.3
17,05,21,1,新潟,8,05,未勝利,7,芝,8,1800,良,リレントレス      ,牡,3,平野優,56.0,15,04,6,6,0,0.6,11,110.3,"1503",0,0,0,3,3,34.1,488,二ノ宮敬,美,0,14105306,01132,00409,0417180504,窪田康志,追分ファーム,ヴィクトワールピサ,ミゼリコルデ,Fasliyev,黒鹿,140401,  150.5,  ,    ,61.7
17,05,21,1,新潟,8,05,未勝利,7,芝,8,1800,良,ペガーズ          ,牡,3,菱田裕二,56.0,15,05,2,2,0,0,2,109.7,"1497",0,0,0,8,8,33.1,480,藤沢則雄,栗,200,14100645,01144,01041,0417180505,カナヤマホールディ,ヒカル牧場,スペシャルウィーク,アオゾラ,ムーンバラッド,鹿毛,140319,    4.2,  ,    ,65.7
17,05,21,1,新潟,8,05,未勝利,7,芝,8,1800,良,ベントデアモーレ  ,牝,3,木幡初也,52.0,15,06,12,12,0,1.4,14,111.1,"1511",0,0,0,8,8,34.4,386,田中剛,美,0,14100685,01153,01119,0417180506,サラブレッドクラブ,ビッグレッドファー,ステイゴールド,ケイティラブ,スキャン,鹿毛,140315,  229.0,  ,    ,61.5
17,05,21,1,新潟,8,05,未勝利,7,芝,8,1800,良,ヴァントネール    ,牝,3,丹内祐次,54.0,15,07,8,8,0,0.7,8,110.4,"1504",0,0,0,6,5,34,446,岩戸孝樹,美,0,14103406,01091,01051,0417180507,田頭勇貴,トラストスリーファ,サクラプレジデント,イズミナイナー,フォーティナイナー,栗毛,140505,   46.5,  ,    ,62.4
17,05,21,1,新潟,8,05,未勝利,7,芝,8,1800,良,バトルエニシ      ,牝,3,川又賢治,51.0,15,08,3,3,0,0.1,10,109.8,"1498",0,0,0,1,1,33.7,462,牧光二,美,130,14105620,01166,01106,0417180508,宮川秋信,社台ファーム,ネオユニヴァース,バルドネキア,"Indian Ridge",鹿毛,140210,   84.4,  ,    ,62.9
17,05,21,1,新潟,8,05,未勝利,7,芝,8,1800,良,ザストリート      ,牡,3,吉田隼人,56.0,15,09,7,7,0,0.6,6,110.3,"1503",0,0,0,13,12,33.4,444,高柳瑞樹,美,0,14102230,01095,01118,0417180509,中村智幸,ダーレー・ジャパン,ストリートセンス,ロイヤルガラ,"Dubai Millennium",鹿毛,140207,   18.1,  ,    ,65.1
17,05,21,1,新潟,8,05,未勝利,7,芝,8,1800,良,ロジキセキ        ,牡,3,横山武史,53.0,15,10,4,4,0,0.2,4,109.9,"1499",0,0,0,3,3,33.7,462,新開幸一,美,75,14105653,01170,01116,0417180510,久米田正明,社台コーポレーショ,キンシャサノキセキ,フラムドール,フレンチデピュティ,黒鹿,140419,   12.8,  ,    ,63.1
17,05,21,1,新潟,8,05,未勝利,7,芝,8,1800,良,ニホンピロメイデー,牝,3,黛弘人,54.0,15,11,11,11,0,1.1,12,110.8,"1508",0,0,0,6,5,34.3,448,田所秀孝,栗,0,14105001,01109,01009,0417180511,小林百太郎,福岡清,フサイチリシャール,ニホンピロアニカ,キャプテンスティーヴ,黒鹿,140410,  201.6,  ,    ,61.5
17,05,21,1,新潟,8,05,未勝利,7,芝,8,1800,良,カクタスバンガー  ,牡,3,丸田恭介,56.0,15,12,14,14,0,1.6,9,111.3,"1513",0,0,0,11,12,34.4,454,大竹正博,美,0,14104977,01117,01102,0417180512,ヒダカ・ブリーダー,服部牧場,マンハッタンカフェ,フレンチカクタス,タイキシャトル,青鹿,140423,   47.8,  ,    ,61.8
17,05,21,1,新潟,8,05,未勝利,7,芝,8,1800,良,チェスナットコート,牡,3,坂井瑠星,54.0,15,13,1,1,0,0,1,109.7,"1497",0,0,0,11,10,32.9,454,矢作芳人,栗,500,14101985,01163,01075,0417180513,藤田卓也,下河辺牧場,ハーツクライ,ホワイトヴェール,クロフネ,栗毛,140508,    1.7,  ,    ,66.7
17,05,21,1,新潟,8,05,未勝利,7,芝,8,1800,良,ブルベアリンクス  ,牡,3,鮫島克駿,55.0,15,14,5,5,0,0.4,5,110.1,"1501",0,0,0,14,12,33.2,452,杉山晴紀,栗,50,14104628,01157,01157,0417180514,ブルアンドベア,高橋義浩,ゼンノロブロイ,ポレンティーナ,ワイルドラッシュ,黒鹿,140317,   17.2,  ,    ,65.8
17,05,21,1,新潟,8,05,未勝利,7,芝,8,1800,良,ダノンナイスガイ  ,牡,3,古川吉洋,56.0,15,15,10,10,0,1,7,110.7,"1507",0,0,0,14,15,33.6,494,村山明,栗,0,14100028,01015,01107,0417180515,ダノックス,秋田牧場,ハーツクライ,スリリングヴィクトリー,"Event of the Year",栗毛,140314,   27.1,  ,    ,64.7
17,05,21,1,新潟,8,06,500万下・牝,23,ダ,1,1800,良,グロリアスメーカー,牝,4,秋山真一,55.0,12,01,12,12,0,2.7,4,116.3,"1563",0,1,1,1,1,42,440,藤岡健一,栗,0,13104802,01019,01062,0417180601,フジワラ・ファーム,フジワラフアーム,エンパイアメーカー,ラストアロー,アサティス,鹿毛,130402,    8.8,  ,    ,38.5
17,05,21,1,新潟,8,06,500万下・牝,23,ダ,1,1800,良,メープルフレイバー,牝,4,西村太一,55.0,12,02,3,3,0,0.5,6,114.1,"1541",0,11,11,12,12,38.2,450,久保田貴,美,190,13105947,01131,01067,0417180602,尾田信夫,ノーザンファーム,キングカメハメハ,スルージエアー,ダンスインザダーク,栗毛,130228,   15.8,  ,    ,49.3
17,05,21,1,新潟,8,06,500万下・牝,23,ダ,1,1800,良,フレグラントブレス,牝,4,鮫島克駿,54.0,12,03,2,2,0,0.3,1,113.9,"1539",0,4,4,4,4,39.2,490,高野友和,栗,300,13105865,01157,01117,0417180603,吉田勝己,ノーザンファーム,クロフネ,ケアレスウィスパー,フジキセキ,芦毛,130214,    2.8,  ,    ,45.3
17,05,21,1,新潟,8,06,500万下・牝,23,ダ,1,1800,良,ロイヤルクルーズ  ,牝,4,坂井瑠星,53.0,12,04,4,4,0,0.6,3,114.2,"1542",0,2,2,2,2,39.8,450,坂口正則,栗,110,13102781,01163,00356,0417180604,ターフ・スポート,市川牧場,ヴィクトワールピサ,ロイヤルミント,"Mt. Livermore",黒鹿,130415,    6.4,  ,    ,43.5
17,05,21,1,新潟,8,06,500万下・牝,23,ダ,1,1800,良,ミュークロール    ,牝,5,黛弘人,55.0,12,05,7,7,0,0.9,12,114.5,"1545",0,7,6,7,6,39.4,510,青木孝文,美,0,12104124,01109,01156,0417180605,ドラゴンヒルズホー,社台ファーム,ゴールドアリュール,アルウェット,"Empire Maker",黒鹿,120202,  166.6,  ,    ,45.3
17,05,21,1,新潟,8,06,500万下・牝,23,ダ,1,1800,良,ガラドリエル      ,牝,5,小崎綾也,54.0,12,06,8,8,0,0.9,7,114.5,"1545",0,9,9,11,10,39,486,大和田成,美,0,12105350,01152,01124,0417180606,ダイリン,谷川牧場,カンパニー,エルベレス,ダンスインザダーク,栗毛,120312,   19.9,  ,    ,46.8
17,05,21,1,新潟,8,06,500万下・牝,23,ダ,1,1800,良,スプリングキャロル,牝,4,井上敏樹,53.0,12,07,9,9,0,1.4,8,115,"1550",0,11,11,4,4,40.4,424,小島茂之,美,0,13106142,01151,01068,0417180607,サンデーレーシング,ノーザンファーム,クロフネ,ラークキャロル,ステイゴールド,鹿毛,130316,   20.6,  ,    ,42.3
17,05,21,1,新潟,8,06,500万下・牝,23,ダ,1,1800,良,ハヤブサプリプリ  ,牝,4,吉田隼人,55.0,12,08,6,6,0,0.8,2,114.4,"1544",0,4,6,7,6,39.3,466,藤原辰雄,美,0,13104158,01095,00435,0417180608,武田修,グランド牧場,キングカメハメハ,プリモウェイ,"Giant's Causeway",鹿毛,130421,    3.4,  ,    ,45.5
17,05,21,1,新潟,8,06,500万下・牝,23,ダ,1,1800,良,ジャーマンアイリス,牝,4,石橋脩,55.0,12,09,1,1,0,-0.3,5,113.6,"1536",0,3,3,3,3,39.1,470,吉田直弘,栗,750,13105791,01077,01101,0417180609,金子真人ホールディ,ノーザンファーム,カネヒキリ,ウィンターコスモス,キングカメハメハ,芦毛,130316,   10.8,  ,    ,45.3
17,05,21,1,新潟,8,06,500万下・牝,23,ダ,1,1800,良,バークレアヴィガ  ,牝,4,菱田裕二,55.0,12,10,10,10,0,1.8,11,115.4,"1554",0,4,4,6,6,40.5,422,吉田直弘,栗,0,13100184,01144,01101,0417180610,鈴木義孝,賀張三浦牧場,ジャングルポケット,クラサヴィカ,ワイルドラッシュ,鹿毛,130422,   72.6,  ,    ,42.5
17,05,21,1,新潟,8,06,500万下・牝,23,ダ,1,1800,良,コウセイマユヒメ  ,牝,6,木幡初也,53.0,12,11,5,5,0,0.7,9,114.3,"1543",0,9,10,9,9,38.9,462,中野栄治,美,75,11104568,01153,01010,0417180611,杉安浩一郎,石郷岡雅樹,サムライハート,コリーナデルナ,ホワイトマズル,鹿毛,110406,   23.7,  ,    ,46.9
17,05,21,1,新潟,8,06,500万下・牝,23,ダ,1,1800,良,マカワオクイーン  ,牝,5,古川吉洋,55.0,12,12,11,11,0,2.2,10,115.8,"1558",0,7,6,9,10,40.4,480,二ノ宮敬,美,0,12101804,01015,00409,0417180612,金子真人ホールディ,日高大洋牧場,キングカメハメハ,ネネグース,クロフネ,栗毛,120418,   39.2,  ,    ,43.3
17,05,21,1,新潟,8,07,500万下,23,ダ,1,1200,良,アグネスエーデル  ,牡,5,小崎綾也,56.0,15,01,3,3,0,0.4,2,72.3,"1123",0,0,0,3,4,37.1,528,小崎憲,栗,190,12105842,01152,01085,0417180701,渡辺公美子,高昭牧場,アグネスデジタル,アグネスシルキー,ホワイトマズル,鹿毛,120328,    4.5,  ,    ,44.9
17,05,21,1,新潟,8,07,500万下,23,ダ,1,1200,良,チビノヴァルタン  ,牝,4,原田和真,55.0,15,02,10,10,0,1.5,9,73.4,"1134",0,0,0,14,13,37,456,栗田徹,美,0,13105383,01143,01127,0417180702,梅澤明,社台ファーム,キンシャサノキセキ,ウィンドサイレンス,"A.P. Indy",鹿毛,130427,   24.3,  ,    ,48.4
17,05,21,1,新潟,8,07,500万下,23,ダ,1,1200,良,スマイルハッピー  ,牝,5,吉田隼人,55.0,15,03,5,5,0,0.9,14,72.8,"1128",0,0,0,10,10,36.7,450,田中清隆,美,75,12105673,01095,00408,0417180703,臼倉勲,山田昇史,オレハマッテルゼ,ユーワジュリエット,アフリート,鹿毛,120406,   93.6,  ,    ,48.4
17,05,21,1,新潟,8,07,500万下,23,ダ,1,1200,良,タマモシルクハット,牡,4,横山武史,54.0,15,04,4,4,0,0.5,8,72.4,"1124",0,0,0,5,4,37.1,462,水野貴広,美,110,13101425,01170,01094,0417180704,タマモ,小泉牧場,ケイムホーム,チャームキャップ,キャプテンスティーヴ,黒鹿,130308,   18.9,  ,    ,45.1
17,05,21,1,新潟,8,07,500万下,23,ダ,1,1200,良,タガノモーサン    ,牡,4,義英真,56.0,15,05,8,8,0,1.2,5,73.1,"1131",0,0,0,8,7,37.2,512,岡田稲男,栗,0,13104099,01155,01066,0417180705,八木良司,木村秀則,クロフネ,スターリーヘヴン,サンデーサイレンス,鹿毛,130110,   14.4,  ,    ,46.5
17,05,21,1,新潟,8,07,500万下,23,ダ,1,1200,良,アーネストミノル  ,牡,6,秋山真一,57.0,15,06,9,9,0,1.4,10,73.3,"1133",0,0,0,10,10,37.2,448,北出成人,栗,0,11102537,01019,01078,0417180706,吉岡實,フジワラフアーム,スウェプトオーヴァーボード,チアズガディス,フレンチデピュティ,鹿毛,110310,   30.5,  ,    ,47.0
17,05,21,1,新潟,8,07,500万下,23,ダ,1,1200,良,トウカイマインド  ,牝,6,横山和生,55.0,15,07,11,11,0,1.5,15,73.4,"1134",0,0,0,15,13,36.9,460,的場均,美,0,11105627,01140,01063,0417180707,内村正則,帰山清貴,ゴールドアリュール,トウカイデンヒル,デインヒル,鹿毛,110324,  140.3,  ,    ,48.9
17,05,21,1,新潟,8,07,500万下,23,ダ,1,1200,良,ホーミー          ,牡,4,森一馬,57.0,15,08,7,7,0,1,11,72.9,"1129",0,0,0,6,6,37.2,476,松永康利,美,0,13101520,01139,01093,0417180708,小林竜太郎,スカイビーチステー,サウスヴィグラス,ユウフジ,サクラバクシンオー,黒鹿,130429,   56.2,  ,    ,46.0
17,05,21,1,新潟,8,07,500万下,23,ダ,1,1200,良,トキワ            ,牝,5,石橋脩,55.0,15,09,6,6,0,0.9,6,72.8,"1128",0,0,0,3,2,37.6,474,西村真幸,栗,0,12102200,01077,01148,0417180709,田畑利彦,上村清志,エンパイアメーカー,ルナジェーナ,フォーティナイナー,鹿毛,120324,   15.8,  ,    ,43.6
17,05,21,1,新潟,8,07,500万下,23,ダ,1,1200,良,ペイシャバラード  ,牝,4,坂井瑠星,53.0,15,10,1,1,0,-0.3,4,71.9,"1119",0,0,0,1,1,37,448,高市圭二,美,750,13102795,01163,01014,0417180710,北所直人,梅田牧場,ベーカバド,マリーンウィナー,フジキセキ,黒鹿,130415,   13.5,  ,    ,44.3
17,05,21,1,新潟,8,07,500万下,23,ダ,1,1200,良,マイティジャック  ,牡,4,藤田菜七,54.0,15,11,14,14,0,2.3,7,74.2,"1142",0,0,0,10,15,38.1,448,和田雄二,美,0,13103101,01164,01143,0417180711,ヒダカ・ブリーダー,ヒダカフアーム,ノボジャック,アムネリス,サウスヴィグラス,黒鹿,130228,   16.3,  ,    ,44.8
17,05,21,1,新潟,8,07,500万下,23,ダ,1,1200,良,ポンテファブリチオ,牡,4,菊沢一樹,54.0,15,12,12,12,0,1.7,3,73.6,"1136",0,0,0,10,10,37.5,510,鹿戸雄一,美,0,13100404,01161,01097,0417180712,窪田康志,下河辺牧場,ダイワメジャー,ローマンブリッジ,ブライアンズタイム,鹿毛,130206,   13.5,  ,    ,46.3
17,05,21,1,新潟,8,07,500万下,23,ダ,1,1200,良,ラファーガ        ,牝,5,黛弘人,55.0,15,13,13,13,0,2.1,12,74,"1140",0,0,0,6,7,38.3,484,本間忍,美,0,12105767,01109,01056,0417180713,岡田壮史,王蔵牧場,バランスオブゲーム,レディークライスト,"Holy Bull",青鹿,120428,   57.3,  ,    ,43.2
17,05,21,1,新潟,8,07,500万下,23,ダ,1,1200,良,トブガゴトク      ,牡,4,勝浦正樹,57.0,15,14,2,2,0,0.3,1,72.2,"1122",0,0,0,2,2,37.1,490,藤原辰雄,美,300,13104154,01025,00435,0417180714,松尾正,グランド牧場,シニスターミニスター,バライロー,タニノギムレット,芦毛,130315,    2.0,  ,    ,44.6
17,05,21,1,新潟,8,07,500万下,23,ダ,1,1200,良,アンペラール      ,牡,4,伴啓太,55.0,15,15,15,15,0,2.5,13,74.4,"1144",0,0,0,8,9,38.5,446,池添兼雄,栗,0,13100968,01149,01021,0417180715,カナヤマホールディ,松平牧場,スウェプトオーヴァーボード,フルーリー,"Jade Robbery",芦毛,130531,   88.3,  ,    ,43.2
17,05,21,1,新潟,8,08,500万下,23,芝,0,2400,良,エアワイバーン    ,牡,4,津村明秀,57.0,14,01,4,4,0,0.5,2,146.9,"2269",0,7,8,7,4,36.2,536,角居勝彦,栗,110,13106002,01092,01053,0417180801,ラッキーフィールド,ノーザンファーム,ハービンジャー,ネオイリュージョン,ネオユニヴァース,青鹿,130202,    3.8,  ,    ,51.9
17,05,21,1,新潟,8,08,500万下,23,芝,0,2400,良,コスモヴェッキオ  ,牡,4,丹内祐次,57.0,14,02,13,13,0,1.8,9,148.2,"2282",0,7,5,5,7,37.6,470,小笠倫弘,美,0,13101461,01091,01076,0417180802,岡田繁幸,コスモヴューファー,コンデュイット,ポンテディリアルト,アグネスタキオン,黒鹿,130218,   29.3,  ,    ,48.0
17,05,21,1,新潟,8,08,500万下,23,芝,0,2400,良,ストーリーセラー  ,牡,6,丸山元気,57.0,14,03,6,6,0,0.5,5,146.9,"2269",0,3,3,5,4,36.3,526,和田正道,美,0,11103979,01127,00353,0417180803,サンデーレーシング,ノーザンファーム,カンパニー,トップセラー,スペシャルウィーク,鹿毛,110201,    9.5,  ,    ,51.6
17,05,21,1,新潟,8,08,500万下,23,芝,0,2400,良,タガノグリズリー  ,牡,6,藤懸貴志,57.0,14,04,10,10,0,1.4,12,147.8,"2278",0,12,13,14,14,36.3,482,千田輝彦,栗,0,11105442,01138,01120,0417180804,八木良司,八木牧場,ステイゴールド,タガノサファイヤ,ダンシングブレーヴ,鹿毛,110121,   41.9,  ,    ,52.4
17,05,21,1,新潟,8,08,500万下,23,芝,0,2400,良,グランドバローズ  ,セ,4,石橋脩,57.0,14,05,14,14,0,2.2,3,148.6,"2286",0,3,3,2,4,38.1,470,堀宣行,美,0,13105545,01077,01070,0417180805,猪熊広次,社台ファーム,ワークフォース,チューニー,サンデーサイレンス,鹿毛,130306,    6.1,  ,    ,46.7
17,05,21,1,新潟,8,08,500万下,23,芝,0,2400,良,ウメジマダイオー  ,牡,8,伴啓太,55.0,14,06,9,9,0,1.3,14,147.7,"2277",0,12,13,12,12,36.4,526,星野忍,美,0,09102028,01149,01030,0417180806,村田滋,高橋啓,ブラックホーク,フレンチティー,フレンチデピュティ,鹿毛,090227,  300.2,  ,    ,51.9
17,05,21,1,新潟,8,08,500万下,23,芝,0,2400,良,フォースフィールド,牡,5,横山武史,54.0,14,07,2,2,0,0.3,11,146.7,"2267",0,10,10,9,9,35.8,430,松永幹夫,栗,300,12101150,01170,01092,0417180807,岡浩二,オリオンファーム,ゼンノロブロイ,クルザダアメリカーナ,Nedawi,黒鹿,120314,   39.5,  ,    ,53.3
17,05,21,1,新潟,8,08,500万下,23,芝,0,2400,良,シフォンカール    ,牝,4,井上敏樹,53.0,14,08,11,11,0,1.5,8,147.9,"2279",0,11,11,12,12,36.6,458,奥平雅士,美,0,13105835,01151,01074,0417180808,シルクレーシング,ノーザンファーム,クロフネ,カールファターレ,キングカメハメハ,芦毛,130124,   24.5,  ,    ,51.4
17,05,21,1,新潟,8,08,500万下,23,芝,0,2400,良,ギャラントグリフ  ,セ,4,秋山真一,57.0,14,09,8,8,0,1.3,4,147.7,"2277",0,1,1,1,1,37.4,510,牧光二,美,0,13106463,01019,01106,0417180809,岡田牧雄,鹿戸正幸,ホワイトマズル,ビコーガイア,アドマイヤベガ,黒鹿,130408,    7.0,  ,    ,48.3
17,05,21,1,新潟,8,08,500万下,23,芝,0,2400,良,ディスピュート    ,牡,4,古川吉洋,57.0,14,10,3,3,0,0.4,7,146.8,"2268",0,9,8,7,7,36.1,432,牧田和弥,栗,190,13100779,01015,01123,0417180810,畑佐博,長谷川牧場,ドリームジャーニー,ミラクルキャンデー,ブライアンズタイム,鹿毛,130422,   20.3,  ,    ,52.2
17,05,21,1,新潟,8,08,500万下,23,芝,0,2400,良,スティルウォーター,牝,4,吉田隼人,55.0,14,11,1,1,0,-0.3,1,146.4,"2264",0,12,12,11,9,35.4,402,寺島良,栗,750,13104671,01095,01158,0417180811,ヒダカ・ブリーダー,橋本牧場,キングカメハメハ,ソリッドプラチナム,ステイゴールド,黒鹿,130319,    3.6,  ,    ,54.5
17,05,21,1,新潟,8,08,500万下,23,芝,0,2400,良,アイオシルケン    ,牡,5,川又賢治,54.0,14,12,12,12,0,1.5,10,147.9,"2279",0,2,2,2,2,37.5,486,西橋豊治,栗,0,12103426,01166,00434,0417180812,石川美代子,原フアーム,ヴリル,メモリージュエル,アーミジャー,黒鹿,120413,   31.3,  ,    ,48.1
17,05,21,1,新潟,8,08,500万下,23,芝,0,2400,良,ジャストコーズ    ,牡,4,菱田裕二,57.0,14,13,5,5,0,0.5,6,146.9,"2269",0,6,5,9,9,36,510,岡田稲男,栗,75,13105332,01144,01066,0417180813,社台レースホース,社台コーポレーショ,マンハッタンカフェ,ラリーズン,Labeeb,青鹿,130218,   10.5,  ,    ,52.7
17,05,21,1,新潟,8,08,500万下,23,芝,0,2400,良,マリネリス        ,牝,4,菊沢一樹,52.0,14,14,7,7,0,0.5,13,146.9,"2269",0,5,5,2,2,36.4,412,小桧山悟,美,0,13101893,01161,01005,0417180814,今中俊平,ビッグレッドファー,ステイゴールド,キャニオンドリーム,ブラックタイアフェアー,鹿毛,130308,  161.3,  ,    ,51.2
17,05,21,1,新潟,8,09,500万下,23,ダ,1,1800,良,プライズコレクター,牡,4,勝浦正樹,57.0,15,01,5,5,0,1.2,6,114.1,"1541",0,14,15,14,13,37.1,498,尾関知人,美,75,13102209,01025,01103,0417180901,明栄商事,沖田忠幸,ゴールドアリュール,エアリカコ,Halling,栗毛,130415,   14.7,  ,    ,53.8
17,05,21,1,新潟,8,09,500万下,23,ダ,1,1800,良,ハナズウェポン    ,牡,6,横山武史,54.0,15,02,12,12,0,2.8,14,115.7,"1557",0,8,10,11,12,39.1,490,加藤和宏,美,0,11102438,01170,01077,0417180902,M.タバート,畠山牧場,オレハマッテルゼ,プラセール,ヘクタープロテクター,栗毛,110424,  112.6,  ,    ,48.0
17,05,21,1,新潟,8,09,500万下,23,ダ,1,1800,良,デストリーライズ  ,牡,5,吉田隼人,57.0,15,03,15,15,0,4.4,10,117.3,"1573",0,11,13,14,14,40.3,520,鹿戸雄一,美,0,12102816,01095,01097,0417180903,広尾レース,木村秀則,カネヒキリ,スイートマカロン,"Tale of the Cat",鹿毛,120205,   33.4,  ,    ,45.5
17,05,21,1,新潟,8,09,500万下,23,ダ,1,1800,良,オカホンコー      ,牡,6,秋山真一,57.0,15,04,7,7,0,1.5,12,114.4,"1544",0,14,13,3,5,39,496,湯窪幸雄,栗,0,11103431,01019,01057,0417180904,小林茂行,オンワード牧場,キングカメハメハ,オンワードサマンサ,フジキセキ,鹿毛,110324,   67.1,  ,    ,46.7
17,05,21,1,新潟,8,09,500万下,23,ダ,1,1800,良,フォースリッチ    ,牡,4,菱田裕二,57.0,15,05,11,11,0,2.1,4,115,"1550",0,5,7,8,8,38.7,476,加藤征弘,美,0,13105795,01144,01059,0417180905,宇田豊,ノーザンファーム,ワークフォース,ヴァイスハイト,アドマイヤベガ,黒鹿,130413,   11.4,  ,    ,48.6
17,05,21,1,新潟,8,09,500万下,23,ダ,1,1800,良,ジュガンティーヤ  ,牡,6,横山和生,57.0,15,06,1,1,0,-0.2,7,112.9,"1529",0,3,3,5,3,37.4,532,杉浦宏昭,美,750,11105968,01140,01008,0417180906,日進牧場,日進牧場,サウスヴィグラス,プライムウィッシュ,シンボリクリスエス,青毛,110218,   16.9,  ,    ,50.9
17,05,21,1,新潟,8,09,500万下,23,ダ,1,1800,良,ドルチェリア      ,セ,4,岡田祥嗣,57.0,15,07,3,3,0,0.7,1,113.6,"1536",0,1,1,1,1,38.4,502,笹田和秀,栗,190,13104814,05429,01104,0417180907,太田珠々子,藤原牧場,エンパイアメーカー,テンザンデザート,"Green Desert",鹿毛,130305,    2.8,  ,    ,47.9
17,05,21,1,新潟,8,09,500万下,23,ダ,1,1800,良,ポントス          ,牡,5,西田雄一,57.0,15,08,4,4,0,1.1,9,114,"1540",0,5,5,6,6,38.1,472,蛯名利弘,美,110,12102830,01004,01131,0417180908,ミルファーム,キヨタケ牧場,シニスターミニスター,フリートサクシード,ラムタラ,鹿毛,120517,   30.3,  ,    ,49.6
17,05,21,1,新潟,8,09,500万下,23,ダ,1,1800,良,パラティーノ      ,牡,8,津村明秀,57.0,15,09,6,6,0,1.4,11,114.3,"1543",0,3,3,3,3,39,526,畠山吉宏,美,0,09105766,01092,01048,0417180909,村野康司,社台ファーム,シンボリクリスエス,オレンジピール,サンデーサイレンス,黒鹿,090316,   48.4,  ,    ,46.5
17,05,21,1,新潟,8,09,500万下,23,ダ,1,1800,良,ディゼトワール    ,牡,4,黛弘人,57.0,15,10,14,14,0,3.8,15,116.7,"1567",0,11,11,13,14,39.8,496,黒岩陽一,美,0,13105701,01109,01133,0417180910,岡田壮史,社台コーポレーショ,メイショウサムソン,ラタンバスケット,タイキシャトル,鹿毛,130418,  151.1,  ,    ,46.6
17,05,21,1,新潟,8,09,500万下,23,ダ,1,1800,良,カズノテイオー    ,牡,4,丸田恭介,57.0,15,11,8,8,0,1.5,8,114.4,"1544",0,11,11,11,11,37.8,480,田村康仁,美,0,13103551,01117,01027,0417180911,鈴木可一,大道牧場,エンパイアメーカー,イットーイチバン,ディープインパクト,黒鹿,130421,   21.4,  ,    ,51.3
17,05,21,1,新潟,8,09,500万下,23,ダ,1,1800,良,コティニャック    ,牡,5,丸山元気,57.0,15,12,2,2,0,0.2,2,113.1,"1531",0,2,2,2,2,37.9,540,南田美知,美,300,12101265,01127,00437,0417180912,伊達敏明,サンシャイン牧場,ハーツクライ,オルレアン,アフリート,青鹿,120406,    4.0,  ,    ,49.2
17,05,21,1,新潟,8,09,500万下,23,ダ,1,1800,良,クールジョーカー  ,牡,6,川又賢治,54.0,15,13,13,13,0,2.9,13,115.8,"1558",0,5,5,6,7,40,458,梅田智之,栗,0,11102995,01166,01084,0417180913,小林竜太郎,高村伸一,ヨハネスブルグ,ピサノロマン,コマンダーインチーフ,黒鹿,110318,   74.4,  ,    ,44.8
17,05,21,1,新潟,8,09,500万下,23,ダ,1,1800,良,シップーコウライ  ,牡,5,鮫島克駿,56.0,15,14,9,9,0,1.7,3,114.6,"1546",0,8,8,10,8,38.2,476,野中賢二,栗,0,12103076,01157,01098,0417180914,ヌデ嶋孝司,田中裕之,バゴ,タフネススター,ラグビーボール,栗毛,120407,    5.3,  ,    ,50.0
17,05,21,1,新潟,8,09,500万下,23,ダ,1,1800,良,エリモグレイス    ,牡,4,坂井瑠星,55.0,15,15,10,10,0,1.8,5,114.7,"1547",0,8,8,8,8,38.4,498,中野栄治,美,0,13105698,01163,01010,0417180915,山本慎一,社台ファーム,ゼンノロブロイ,ラインステッチ,"Fusaichi Pegasus",鹿毛,130313,   13.5,  ,    ,49.3
17,05,21,1,新潟,8,10,高田城特500,23,芝,8,1800,良,トーセンカナロア  ,牡,5,伴啓太,57.0,16,01,15,15,0,1.5,13,107.4,"1474",0,0,0,3,3,36,490,小桧山悟,美,0,12103950,01149,01005,0417181001,島川隆哉,レイクヴィラファー,ブラックタイド,メジロレント,メジロブライト,鹿毛,120518,   47.3,  ,    ,49.2
17,05,21,1,新潟,8,10,高田城特500,23,芝,8,1800,良,シンボリタピット  ,牡,5,石橋脩,57.0,16,02,2,2,0,0,4,105.9,"1459",0,0,0,1,1,34.9,494,久保田貴,美,420,12110063,01077,01067,0417181002,シンボリ牧場,"Takahiro Wada",Tapit,"Miss Emma","Key of Luck",鹿毛,120330,    6.6,  ,    ,51.7
17,05,21,1,新潟,8,10,高田城特500,23,芝,8,1800,良,ゴールドサーベラス,牡,5,木幡初也,57.0,16,03,7,7,0,0.4,9,106.3,"1463",0,0,0,15,15,33.8,450,清水英克,美,0,12103429,01153,01080,0417181003,田頭勇貴,原田久司,スクリーンヒーロー,インシステント,Diesis,栗毛,120329,   26.3,  ,    ,57.2
17,05,21,1,新潟,8,10,高田城特500,23,芝,8,1800,良,キングナポレオン  ,セ,6,坂井瑠星,57.0,16,04,10,10,0,0.8,10,106.7,"1467",0,0,0,4,3,35.3,482,矢作芳人,栗,0,11103738,01163,01075,0417181004,田畑利彦,ノーザンファーム,ディープインパクト,アイルドフランス,Nureyev,黒鹿,110330,   35.0,  ,    ,51.1
17,05,21,1,新潟,8,10,高田城特500,23,芝,8,1800,良,ブライアンジョー  ,牡,4,勝浦正樹,57.0,16,05,16,16,0,2.8,15,108.7,"1487",0,0,0,2,2,37.4,444,岡田稲男,栗,0,13104661,01025,01066,0417181005,河内孝夫,野坂牧場,ブライアンズタイム,ソーラーヴィジョン,タバスコキャット,鹿毛,130324,   65.8,  ,    ,45.3
17,05,21,1,新潟,8,10,高田城特500,23,芝,8,1800,良,ウイングチップ    ,セ,5,丸田恭介,57.0,16,06,4,4,0,0.3,2,106.2,"1462",0,0,0,4,5,34.6,492,宗像義忠,美,160,12104139,01117,00420,0417181006,社台レースホース,社台ファーム,シンボリクリスエス,ウイングレット,タイキシャトル,黒鹿,120311,    5.8,  ,    ,53.5
17,05,21,1,新潟,8,10,高田城特500,23,芝,8,1800,良,ローズクランス    ,牡,4,津村明秀,57.0,16,07,1,1,0,0,5,105.9,"1459",0,0,0,7,6,34.1,502,手塚貴久,美,1050,13105810,01092,01038,0417181007,グリーンフィールズ,ノーザンファーム,ネオユニヴァース,エリドゥバビロン,Bernstein,鹿毛,130218,    8.9,  ,    ,55.3
17,05,21,1,新潟,8,10,高田城特500,23,芝,8,1800,良,モンテエベレスト  ,セ,7,菊沢一樹,57.0,16,08,13,13,0,1.2,12,107.1,"1471",0,0,0,9,8,35,496,二ノ宮敬,美,0,10100451,01161,00409,0417181008,毛利喜昭,下河辺牧場,アグネスタキオン,ウィルダネスストーム,"Storm Cat",青鹿,100509,   46.1,  ,    ,53.0
17,05,21,1,新潟,8,10,高田城特500,23,芝,8,1800,良,トルセドール      ,牡,6,丸山元気,57.0,16,09,8,8,0,0.5,7,106.4,"1464",0,0,0,6,6,34.6,480,高柳瑞樹,美,0,11110086,01127,01118,0417181009,窪田芳郎,"Cloverleaf Farms I","Malibu Moon",Travelator,"A. P. Jet",鹿毛,110210,   12.2,  ,    ,53.8
17,05,21,1,新潟,8,10,高田城特500,23,芝,8,1800,良,メイショウフェイク,牡,5,嘉藤貴行,57.0,16,10,3,3,0,0.2,6,106.1,"1461",0,0,0,7,8,34.1,506,奥平雅士,美,260,12104825,01051,01074,0417181010,内田玄祥,ノーザンファーム,メイショウサムソン,ペルヴィアンリリー,フレンチデピュティ,鹿毛,120210,   10.3,  ,    ,55.6
17,05,21,1,新潟,8,10,高田城特500,23,芝,8,1800,良,ヨカグラ          ,セ,4,古川吉洋,57.0,16,11,14,14,0,1.4,16,107.3,"1473",0,0,0,9,8,35.2,470,中竹和也,栗,0,13105539,01015,01039,0417181011,社台レースホース,社台ファーム,ハービンジャー,ダンスオールナイト,エルコンドルパサー,栗毛,130430,   76.5,  ,    ,52.4
17,05,21,1,新潟,8,10,高田城特500,23,芝,8,1800,良,ロードプレミアム  ,牡,4,秋山真一,57.0,16,12,6,6,0,0.3,3,106.2,"1462",0,0,0,11,11,34,504,池江泰寿,栗,0,13102295,01019,01071,0417181012,ロードホースクラブ,ケイアイファーム,ディープインパクト,インディアナギャル,Intikhab,黒鹿,130226,    6.3,  ,    ,56.2
17,05,21,1,新潟,8,10,高田城特500,23,芝,8,1800,良,フィールドシャルム,牡,4,横山和生,57.0,16,13,11,11,0,0.8,8,106.7,"1467",0,0,0,12,13,34.3,482,土田稔,美,0,13106214,01140,00417,0417181013,岡浩二,パカパカファーム,アドマイヤムーン,タイキクラリティ,スペシャルウィーク,鹿毛,130308,   23.4,  ,    ,55.5
17,05,21,1,新潟,8,10,高田城特500,23,芝,8,1800,良,ミスズダンディー  ,牡,5,菱田裕二,57.0,16,14,5,5,0,0.3,1,106.2,"1462",0,0,0,12,13,33.8,474,加藤敬二,栗,105,12106040,01144,00379,0417181014,永井啓弍,バンブー牧場,アドマイヤムーン,ティコティコタック,サツカーボーイ,鹿毛,120213,    3.8,  ,    ,57.1
17,05,21,1,新潟,8,10,高田城特500,23,芝,8,1800,良,インターンシップ  ,牡,6,吉田隼人,57.0,16,15,9,9,0,0.6,11,106.5,"1465",0,0,0,12,12,34.2,458,中尾秀正,栗,0,11105889,01095,01069,0417181015,近藤英子,辻牧場,ディープインパクト,カーニバルソング,エルコンドルパサー,鹿毛,110211,   42.6,  ,    ,55.7
17,05,21,1,新潟,8,10,高田城特500,23,芝,8,1800,良,ブライティアスター,牝,6,丹内祐次,55.0,16,16,12,12,0,0.9,14,106.8,"1468",0,0,0,15,15,34.3,466,菊川正達,美,0,11101158,01091,01052,0417181016,小林昌志,雅牧場,ダイタクリーヴァ,ストームサンデー,"Storm Bird",黒鹿,110518,   53.2,  ,    ,55.7
17,05,21,1,新潟,8,11,韋駄天ＳＨ,131,芝,0,1000,良,クリノタカラチャン,牝,7,木幡初也,48.0,16,01,15,15,0,1.3,15,55.6,"0556",0,0,0,0,12,32.7,418,天間昭一,美,0,10102252,01153,01090,0417181101,栗本博晴,バンブー牧場,アドマイヤコジーン,バンビーナピノ,マンハッタンカフェ,黒鹿,100415,  173.1,  ,    ,55.0
17,05,21,1,新潟,8,11,韋駄天ＳＨ,131,芝,0,1000,良,メイショウハガクレ,牡,8,小野寺祐,50.0,16,02,10,10,0,1,16,55.3,"0553",0,0,0,0,8,32.6,476,荒川義之,栗,0,09101079,01123,01095,0417181102,松本好雄,高昭牧場,ジャングルポケット,アミロティン,"Gone West",鹿毛,090413,  214.4,  ,    ,54.4
17,05,21,1,新潟,8,11,韋駄天ＳＨ,131,芝,0,1000,良,ラズールリッキー  ,牝,4,黛弘人,52.0,16,03,9,9,0,0.9,9,55.2,"0552",0,0,0,0,6,32.6,450,武井亮,美,0,13104026,01109,01147,0417181103,岡田牧雄,岡田牧場,スタチューオブリバティ,コリンズグラス,グラスワンダー,黒鹿,130521,   18.4,  ,    ,54.0
17,05,21,1,新潟,8,11,韋駄天ＳＨ,131,芝,0,1000,良,イオラニ          ,セ,6,菱田裕二,53.0,16,04,16,16,0,1.5,6,55.8,"0558",0,0,0,0,1,33.6,482,栗田博憲,美,0,11101727,01144,00341,0417181104,ノルマンディーサラ,岡田スタツド,キングカメハメハ,オークルーム,ペンタイア,黒鹿,110414,    9.7,  ,    ,49.1
17,05,21,1,新潟,8,11,韋駄天ＳＨ,131,芝,0,1000,良,オメガヴェンデッタ,セ,6,吉田隼人,56.0,16,05,5,5,0,0.6,8,54.9,"0549",0,0,0,0,8,32.2,504,安田隆行,栗,230,11104366,01095,00438,0417181105,原禮子,社台ファーム,ゼンノロブロイ,ビハインドザマスク,ホワイトマズル,鹿毛,110127,   16.6,  ,    ,55.7
17,05,21,1,新潟,8,11,韋駄天ＳＨ,131,芝,0,1000,良,ウエスタンユーノー,牝,6,菊沢一樹,48.0,16,06,12,12,0,1.1,14,55.4,"0554",0,0,0,0,1,33.2,496,菊沢隆徳,美,0,11101698,01161,01115,0417181106,西川賢,ウエスタンファーム,アドマイヤコジーン,ウエスタンルージュ,アフリート,芦毛,110311,   54.6,  ,    ,50.3
17,05,21,1,新潟,8,11,韋駄天ＳＨ,131,芝,0,1000,良,ブライトチェリー  ,牝,7,藤田菜七,50.0,16,07,7,7,0,0.6,12,54.9,"0549",0,0,0,0,8,32.2,480,菊川正達,美,0,10106163,01164,01052,0417181107,IHR,山岡ファーム,マイネルラヴ,エーピーモモ,ダンスインザダーク,芦毛,100320,   28.3,  ,    ,55.7
17,05,21,1,新潟,8,11,韋駄天ＳＨ,131,芝,0,1000,良,フィドゥーシア    ,牝,5,石橋脩,54.0,16,08,1,1,0,-0.2,2,54.3,"0543",0,0,0,0,1,32.1,476,松元茂樹,栗,2300,12110038,01077,00419,0417181108,前田幸治,"North Hills Co. LT","Medaglia d'Oro",Believe,"Sunday Silence",鹿毛,120217,    5.5,  ,    ,53.7
17,05,21,1,新潟,8,11,韋駄天ＳＨ,131,芝,0,1000,良,レッドラウダ      ,牡,4,丸田恭介,55.0,16,09,3,3,0,0.2,5,54.5,"0545",0,0,0,0,11,31.7,506,音無秀孝,栗,580,13105631,01117,01002,0417181109,東京ホースレーシン,社台ファーム,ダイワメジャー,ヘヴンリーソング,Machiavellian,鹿毛,130326,    9.6,  ,    ,57.9
17,05,21,1,新潟,8,11,韋駄天ＳＨ,131,芝,0,1000,良,オデュッセウス    ,牡,4,秋山真一,54.0,16,10,11,11,0,1.1,10,55.4,"0554",0,0,0,0,15,32.3,496,手塚貴久,美,0,13106125,01019,01038,0417181110,ユアストーリー,ノーザンファーム,ファルブラヴ,ライツェント,スペシャルウィーク,鹿毛,130308,   22.7,  ,    ,57.3
17,05,21,1,新潟,8,11,韋駄天ＳＨ,131,芝,0,1000,良,プレイズエターナル,牡,7,津村明秀,55.0,16,11,6,6,0,0.6,1,54.9,"0549",0,0,0,0,16,31.6,494,安田隆行,栗,0,10100707,01092,00438,0417181111,H.H.シェイク・モハ,ダーレー・ジャパン,アドマイヤムーン,メイビーフォーエヴァー,Zafonic,黒鹿,100328,    4.9,  ,    ,60.6
17,05,21,1,新潟,8,11,韋駄天ＳＨ,131,芝,0,1000,良,ダンシングワンダー,牝,5,中井裕二,52.0,16,12,8,8,0,0.7,4,55,"0550",0,0,0,0,6,32.4,478,中内田充,栗,0,12104264,01141,01137,0417181112,窪田康志,社台ファーム,グラスワンダー,スマーティーダンス,"Smarty Jones",栗毛,120408,    7.9,  ,    ,54.6
17,05,21,1,新潟,8,11,韋駄天ＳＨ,131,芝,0,1000,良,リュウツバメ      ,牝,7,原田和真,48.0,16,13,14,14,0,1.2,13,55.5,"0555",0,0,0,0,13,32.5,546,和田正道,美,0,10102214,01143,00353,0417181113,田中ふさ枝,中村雅明,スリリングサンデー,リュウロッキー,ジェイドロバリー,鹿毛,100524,   34.3,  ,    ,56.2
17,05,21,1,新潟,8,11,韋駄天ＳＨ,131,芝,0,1000,良,シンボリディスコ  ,牡,7,丹内祐次,55.0,16,14,2,2,0,0.2,7,54.5,"0545",0,0,0,0,4,32.1,496,高橋祥泰,美,920,10109140,01091,00359,0417181114,シンボリ牧場,シンボリ牧場,アドマイヤマックス,スイートアマリリス,サクラバクシンオー,栗毛,100403,   13.3,  ,    ,54.7
17,05,21,1,新潟,8,11,韋駄天ＳＨ,131,芝,0,1000,良,スティンライクビー,牡,5,坂井瑠星,50.0,16,15,13,13,0,1.1,11,55.4,"0554",0,0,0,0,5,32.9,488,竹内正洋,美,0,12109217,01163,01152,0417181115,ローレルレーシング,ワールドファーム,キンシャサノキセキ,モーディッシュ,Singspiel,青鹿,120406,   25.7,  ,    ,52.6
17,05,21,1,新潟,8,11,韋駄天ＳＨ,131,芝,0,1000,良,ラインミーティア  ,牡,7,西田雄一,52.0,16,16,4,4,0,0.3,3,54.6,"0546",0,0,0,0,13,31.6,472,水野貴広,美,350,10105298,01004,01094,0417181116,大澤繁昌,アラキフアーム,メイショウボーラー,アラマサフェアリー,オース,鹿毛,100226,    5.8,  ,    ,59.2
17,05,21,1,新潟,8,12,大日岳特1000,43,芝,0,1200,良,スパイチャクラ    ,牝,4,津村明秀,55.0,15,01,12,12,0,0.9,1,69.9,"1099",0,0,0,5,5,35,476,西浦勝一,栗,0,13106235,01092,01016,0417181201,"Him Rock Racingホ",タバタファーム,Shamardal,グリーンアイズ2,"Green Desert",鹿毛,130414,    4.4,  ,    ,49.7
17,05,21,1,新潟,8,12,大日岳特1000,43,芝,0,1200,良,クラウンアイリス  ,牝,6,古川吉洋,55.0,15,02,7,7,0,0.5,5,69.5,"1095",0,0,0,8,8,34.2,402,大根田裕,栗,0,11109160,01015,01032,0417181202,クラウン,クラウンファーム,ロドリゴデトリアーノ,ユキノマーガレット,クロフネ,栗毛,110311,    8.4,  ,    ,53.2
17,05,21,1,新潟,8,12,大日岳特1000,43,芝,0,1200,良,アスクジョーダン  ,牡,5,菱田裕二,57.0,15,03,10,10,0,0.9,8,69.9,"1099",0,0,0,11,11,34.2,496,野中賢二,栗,0,12101406,01144,01098,0417181203,廣崎利洋,"Shall Farm",キンシャサノキセキ,ネヴァーピリオド,タイキシャトル,鹿毛,120320,   19.7,  ,    ,54.4
17,05,21,1,新潟,8,12,大日岳特1000,43,芝,0,1200,良,ファンデルワールス,セ,8,丸田恭介,57.0,15,04,5,5,0,0.3,9,69.3,"1093",0,0,0,5,5,34.4,488,大和田成,美,150,09105734,01117,01124,0417181204,社台レースホース,社台ファーム,ダイワメジャー,エアザイオン,グルームダンサー,鹿毛,090420,   30.5,  ,    ,51.5
17,05,21,1,新潟,8,12,大日岳特1000,43,芝,0,1200,良,ランディングバース,牡,5,嘉藤貴行,57.0,15,05,14,14,0,1.3,12,70.3,"1103",0,0,0,11,11,34.6,548,加藤征弘,美,0,12110093,01051,01059,0417181205,シルクレーシング,"Joe Walkoviak & Ge","Honest Man",Meadowlanding,Meadowlake,鹿毛,120131,   50.7,  ,    ,53.2
17,05,21,1,新潟,8,12,大日岳特1000,43,芝,0,1200,良,トロピカルガーデン,牝,5,西田雄一,55.0,15,06,9,9,0,0.7,11,69.7,"1097",0,0,0,10,10,34.2,492,武藤善則,美,0,12102832,01004,01064,0417181206,田頭勇貴,金宏二,ハイアーゲーム,ウディバードソング,Woodman,鹿毛,120228,   43.8,  ,    ,53.8
17,05,21,1,新潟,8,12,大日岳特1000,43,芝,0,1200,良,スノーエンジェル  ,牝,5,鮫島克駿,55.0,15,07,0,0,3,999.9,0,0,"----",0,0,0,0,0,0,450,浅見秀一,栗,0,12104221,01157,00411,0417181207,三田昌宏,社台ファーム,スウェプトオーヴァーボード,サイレントプレアー,サンデーサイレンス,芦毛,120401,    0.0,  ,    , 0.0
17,05,21,1,新潟,8,12,大日岳特1000,43,芝,0,1200,良,タマモブリリアン  ,牝,4,吉田隼人,55.0,15,08,1,1,0,0,7,69,"1090",0,0,0,3,3,34.4,468,南井克巳,栗,1500,13104320,01095,01049,0417181208,タマモ,曾我博,ダンスインザダーク,チャームダイヤ,ヘネシー,黒鹿,130328,   11.2,  ,    ,50.6
17,05,21,1,新潟,8,12,大日岳特1000,43,芝,0,1200,良,アグネスユーリヤ  ,牡,5,川又賢治,57.0,15,09,4,4,0,0.3,6,69.3,"1093",0,0,0,8,8,34,468,森秀行,栗,230,12104112,01166,00427,0417181209,畑佐博,社台ファーム,チチカステナンゴ,アグネスナチュラル,サクラバクシンオー,鹿毛,120414,   10.1,  ,    ,53.8
17,05,21,1,新潟,8,12,大日岳特1000,43,芝,0,1200,良,グラミスキャッスル,牝,4,石橋脩,55.0,15,10,8,8,0,0.5,4,69.5,"1095",0,0,0,1,1,35.3,468,尾関知人,美,0,13104449,01077,01103,0417181210,飯田良枝,千代田牧場,クロフネ,キャトルセゾン,サンデーサイレンス,鹿毛,130501,    6.6,  ,    ,46.9
17,05,21,1,新潟,8,12,大日岳特1000,43,芝,0,1200,良,パーリオミノル    ,牝,4,勝浦正樹,55.0,15,11,2,2,0,0,10,69,"1090",0,0,0,7,7,33.8,466,北出成人,栗,600,13104774,01025,01078,0417181211,吉岡實,フジワラフアーム,ディープインパクト,ヴィヴァシャスヴィヴィアン,"Distorted Humor",鹿毛,130419,   35.4,  ,    ,54.1
17,05,21,1,新潟,8,12,大日岳特1000,43,芝,0,1200,良,メイショウカイモン,セ,6,小島太一,57.0,15,12,13,13,0,1.1,14,70.1,"1101",0,0,0,14,14,34.1,478,小島太,美,0,11106163,01097,01013,0417181212,松本好雄,本巣敦,メイショウサムソン,マチカネモユルコイ,サンデーサイレンス,鹿毛,110417,  145.7,  ,    ,55.6
17,05,21,1,新潟,8,12,大日岳特1000,43,芝,0,1200,良,シルヴァーコード  ,牝,5,丸山元気,55.0,15,13,3,3,0,0.2,3,69.2,"1092",0,0,0,3,3,34.6,476,木村哲也,美,380,12103628,01127,01126,0417181213,田上雅春,岡田スタツド,スウェプトオーヴァーボード,クラックコード,ダンスインザダーク,芦毛,120315,    5.6,  ,    ,50.0
17,05,21,1,新潟,8,12,大日岳特1000,43,芝,0,1200,良,ディアエナ        ,牝,5,秋山真一,55.0,15,14,6,6,0,0.4,2,69.4,"1094",0,0,0,2,2,35.1,526,橋口慎介,栗,0,12104724,01019,01154,0417181214,桑畑隆信,ノーザンファーム,スニッツェル,ディアボレッサ,サンデーサイレンス,黒鹿,120207,    4.7,  ,    ,47.7
17,05,21,1,新潟,8,12,大日岳特1000,43,芝,0,1200,良,アドマイヤクーガー,牡,9,坂井瑠星,57.0,15,15,11,11,0,0.9,13,69.9,"1099",0,0,0,11,11,34.2,466,須貝尚介,栗,0,08102644,01163,01105,0417181215,近藤利一,社台コーポレーショ,ロックオブジブラルタル,キャッチザゴールド,サンデーサイレンス,栗毛,080216,   51.5,  ,    ,54.4
