18,01,27,1,東京,1,01,未勝利・牝,7,ダ,1,1400,不,ロジヒューズ      ,牝,3,内田博幸,54.0,16,01,2,2,0,0.3,4,88.3,"1283",0,0,0,1,1,40,474,古賀慎明,美,200,15100131,00422,01079,0518110101,久米田正明,オリエント牧場,ヘニーヒューズ,ロジヒット,ネオユニヴァース,鹿毛,150303,    5.8,  ,    ,40.6
18,01,27,1,東京,1,01,未勝利・牝,7,ダ,1,1400,不,カシノリヤン      ,牝,3,二本柳壮,54.0,16,02,13,13,0,3.4,16,91.4,"1314",0,0,0,16,16,39.7,462,二本柳俊,美,0,15103132,01049,00370,0518110102,柏木務,田中スタッド,パイロ,ロマンスオーラ,フジキセキ,栗毛,150427,  338.7,  ,    ,47.7
18,01,27,1,東京,1,01,未勝利・牝,7,ダ,1,1400,不,ホリーセクション  ,牝,3,嘉藤貴行,54.0,16,03,10,10,0,2.4,10,90.4,"1304",0,0,0,13,13,40.3,412,田中清隆,美,0,15106161,01051,00408,0518110103,フジワラ・ファーム,フジワラフアーム,タートルボウル,ダイヤモンドギフト,ブライアンズタイム,栗毛,150414,  108.5,  ,    ,43.2
18,01,27,1,東京,1,01,未勝利・牝,7,ダ,1,1400,不,レユシット        ,牝,3,戸崎圭太,54.0,16,04,3,3,0,0.3,3,88.3,"1283",0,0,0,3,3,39.7,456,矢野英一,美,130,15100170,05386,01108,0518110104,落合幸弘,川島牧場,ルーラーシップ,タッソーニー,テンビー,黒鹿,150318,    5.6,  ,    ,41.8
18,01,27,1,東京,1,01,未勝利・牝,7,ダ,1,1400,不,ブラッチョ        ,牝,3,宮崎北斗,54.0,16,05,16,16,0,6.8,12,94.8,"1348",0,0,0,13,13,44.7,448,青木孝文,美,0,15103066,01118,01156,0518110105,小林祐一,榊原敏明,ハイアーゲーム,ロマンロード,マイネルラヴ,青鹿,150510,  165.1,  ,    ,34.1
18,01,27,1,東京,1,01,未勝利・牝,7,ダ,1,1400,不,マサノカバーガール,牝,3,石橋脩,54.0,16,06,1,1,0,-0.3,8,88,"1280",0,0,0,2,2,39.6,450,小笠倫弘,美,500,15100407,01077,01076,0518110106,中村時子,大作ステーブル,サウスヴィグラス,モエレカバーガール,フレンチデピュティ,栗毛,150325,   22.9,  ,    ,41.7
18,01,27,1,東京,1,01,未勝利・牝,7,ダ,1,1400,不,チョウヨウ        ,牝,3,丹内祐次,54.0,16,07,11,11,0,2.4,13,90.4,"1304",0,0,0,8,7,41.3,446,小桧山悟,美,0,15100794,01091,01005,0518110107,中村勝彦,松浦牧場,シニスターミニスター,アオバ,ブライアンズタイム,鹿毛,150219,  169.9,  ,    ,39.2
18,01,27,1,東京,1,01,未勝利・牝,7,ダ,1,1400,不,セントオブウーマン,牝,3,武藤雅,51.0,16,08,8,8,0,1.9,7,89.9,"1299",0,0,0,3,5,41.1,410,水野貴広,美,0,15101865,01169,01094,0518110108,桜井忠隆,日高大洋牧場,キンシャサノキセキ,タイヨウパフューム,ジャングルポケット,鹿毛,150201,   22.0,  ,    ,39.1
18,01,27,1,東京,1,01,未勝利・牝,7,ダ,1,1400,不,ニシノステップ    ,牝,3,木幡初広,54.0,16,09,15,15,0,3.6,14,91.6,"1316",0,0,0,15,15,41,450,杉浦宏昭,美,0,15105204,00629,01008,0518110109,西山茂行,西村和夫,タートルボウル,バトルマドカ,スペシャルウィーク,鹿毛,150325,  252.8,  ,    ,42.6
18,01,27,1,東京,1,01,未勝利・牝,7,ダ,1,1400,不,アネラ            ,牝,3,北村宏司,54.0,16,10,7,7,0,1,9,89,"1290",0,0,0,10,9,39.8,436,高橋義博,美,0,15106443,01043,01036,0518110110,加藤義久,カタオカフアーム,シニスターミニスター,フェスティブシャン,サニーブライアン,鹿毛,150427,   53.8,  ,    ,42.7
18,01,27,1,東京,1,01,未勝利・牝,7,ダ,1,1400,不,サイモンジルバ    ,牝,3,大野拓弥,54.0,16,11,5,5,0,0.8,6,88.8,"1288",0,0,0,11,10,39.4,460,根本康広,美,50,15103377,01096,01029,0518110111,澤田昭紀,三嶋牧場,タートルボウル,メイショウチルチェ,キングカメハメハ,鹿毛,150409,    9.1,  ,    ,44.0
18,01,27,1,東京,1,01,未勝利・牝,7,ダ,1,1400,不,カガトゥインクル  ,牝,3,岩部純二,54.0,16,12,14,14,0,3.6,15,91.6,"1316",0,0,0,3,3,43,432,萱野浩二,美,0,15103685,00726,01024,0518110112,香川憲次,高岸順一,シニスターミニスター,サウスエンピリカル,マンハッタンカフェ,黒鹿,150313,  304.3,  ,    ,34.8
18,01,27,1,東京,1,01,未勝利・牝,7,ダ,1,1400,不,エリープラネット  ,牝,3,三浦皇成,54.0,16,13,4,4,0,0.3,5,88.3,"1283",0,0,0,12,10,38.9,424,天間昭一,美,75,15102564,01122,01090,0518110113,谷川正純,広田牧場,エスポワールシチー,ワキノバクシン,サクラバクシンオー,栗毛,150422,    8.7,  ,    ,45.2
18,01,27,1,東京,1,01,未勝利・牝,7,ダ,1,1400,不,サクラトップライフ,牝,3,西田雄一,54.0,16,14,12,12,0,2.9,11,90.9,"1309",0,0,0,6,7,41.9,452,武市康男,美,0,15105943,01004,01089,0518110114,トップフェロウ,千代田牧場,ネオユニヴァース,ヒラボクミラクル,アグネスデジタル,黒鹿,150216,  155.9,  ,    ,37.7
18,01,27,1,東京,1,01,未勝利・牝,7,ダ,1,1400,不,ゼットイーリス    ,牝,3,柴田大知,54.0,16,15,9,9,0,2.4,2,90.4,"1304",0,0,0,8,12,40.9,466,伊藤大士,美,0,15105173,01009,01109,0518110115,フォーレスト,チャンピオンズファ,ハードスパン,タイキアプローズ,"Devil's Bag",黒鹿,150202,    4.0,  ,    ,40.8
18,01,27,1,東京,1,01,未勝利・牝,7,ダ,1,1400,不,パリスハート      ,牝,3,吉田隼人,54.0,16,16,6,6,0,0.8,1,88.8,"1288",0,0,0,6,5,40,448,小笠倫弘,美,0,15104626,01095,01076,0518110116,日下幸徳,社台ファーム,メイショウボーラー,レリックレーヌ,サンデーサイレンス,鹿毛,150129,    3.5,  ,    ,41.5
18,01,27,1,東京,1,02,未勝利,7,ダ,1,2100,不,ヴァルカウス      ,牡,3,勝浦正樹,56.0,16,01,15,15,0,11.4,11,146.2,"2262",0,8,8,12,15,46.2,486,高柳瑞樹,美,0,15101652,01025,01118,0518110201,ゴドルフィン,ダーレー・ジャパン,キングズベスト,フィンランディア,Singspiel,鹿毛,150511,  219.4,  ,    ,36.6
18,01,27,1,東京,1,02,未勝利,7,ダ,1,2100,不,ディナミーデン    ,牡,3,野中悠太,53.0,16,02,11,11,0,6.5,5,141.3,"2213",0,2,3,4,7,44.2,460,田島俊明,美,0,15102857,01158,01112,0518110202,ライオンレースホー,浦河日成牧場,ゴールドアリュール,レイナワルツ,ブラックタイアフェアー,芦毛,150328,   13.0,  ,    ,37.9
18,01,27,1,東京,1,02,未勝利,7,ダ,1,2100,不,トーセンメテオ    ,牡,3,横山和生,56.0,16,03,16,16,0,11.7,12,146.5,"2265",0,15,16,16,16,41,544,土田稔,美,0,15101127,01140,00417,0518110203,島川隆哉,エスティファーム,ワークフォース,トーセンプリンセス,フジキセキ,鹿毛,150308,  220.9,  ,    ,52.9
18,01,27,1,東京,1,02,未勝利,7,ダ,1,2100,不,トサイチ          ,牡,3,丹内祐次,56.0,16,04,7,7,0,3.8,15,138.6,"2186",0,14,14,12,11,40.1,458,小桧山悟,美,0,15101888,01091,01005,0518110204,林啓二,広富牧場,ゼンノロブロイ,キアロディルーナ,"Malibu Moon",鹿毛,150311,  336.1,  ,    ,48.3
18,01,27,1,東京,1,02,未勝利,7,ダ,1,2100,不,スカルダイヤモンド,牡,3,松田大作,56.0,16,05,13,13,0,9.2,4,144,"2240",0,5,5,8,12,45.2,450,武井亮,美,0,15104844,01030,01147,0518110205,KTレーシング,ノーザンファーム,ドリームジャーニー,ステージヴァージン,トニービン,栗毛,150204,   12.3,  ,    ,37.4
18,01,27,1,東京,1,02,未勝利,7,ダ,1,2100,不,シャイニーロケット,牡,3,吉田隼人,56.0,16,06,2,2,0,0.4,3,135.2,"2152",0,8,8,7,3,38.7,458,尾形充弘,美,200,15102242,01095,00349,0518110206,小林昌志,雅牧場,ブラックタイド,ブライティアガール,アフリート,鹿毛,150308,    9.9,  ,    ,49.7
18,01,27,1,東京,1,02,未勝利,7,ダ,1,2100,不,コウセイゲキソウ  ,牡,3,武藤雅,53.0,16,07,9,9,0,4.1,10,138.9,"2189",0,11,13,10,8,41.6,494,中野栄治,美,0,15100907,01169,01010,0518110207,杉安浩一郎,村本牧場,スマートロビン,ヒロコカサブランカ,マヤノトップガン,青鹿,150520,   61.6,  ,    ,43.6
18,01,27,1,東京,1,02,未勝利,7,ダ,1,2100,不,ロンサムジョージ  ,牡,3,武士沢友,56.0,16,08,12,12,0,7.1,16,141.9,"2219",0,11,11,12,12,43.1,492,和田正一,美,0,15100334,01029,01114,0518110208,スピードファーム,スピードフアーム,マルカシェンク,ハミングトップ,リンドシェーバー,黒鹿,150320,  338.1,  ,    ,41.7
18,01,27,1,東京,1,02,未勝利,7,ダ,1,2100,不,セイカメテオライト,牡,3,津村明秀,56.0,16,09,3,3,0,2.2,7,137,"2170",0,7,7,4,3,40.5,454,相沢郁,美,130,15100289,01092,01020,0518110209,久米大,シンユウフアーム,メイショウサムソン,ジョリーン,トワイニング,鹿毛,150419,   31.4,  ,    ,45.3
18,01,27,1,東京,1,02,未勝利,7,ダ,1,2100,不,ショウナンガレオン,牡,3,北村宏司,56.0,16,10,4,4,0,2.8,6,137.6,"2176",0,5,5,4,3,41.2,500,大竹正博,美,75,15105845,01043,01102,0518110210,国本哲秀,棚川光男,スペシャルウィーク,ミスチフ,クロフネ,芦毛,150427,   13.7,  ,    ,43.6
18,01,27,1,東京,1,02,未勝利,7,ダ,1,2100,不,ニシノラヴコール  ,牝,3,内田博幸,54.0,16,11,8,8,0,3.8,2,138.6,"2186",0,4,3,2,2,42.4,440,尾形充弘,美,0,15101782,00422,00349,0518110211,西山茂行,村上欽哉,ルーラーシップ,ニシノナースコール,ブライアンズタイム,黒鹿,150216,    8.5,  ,    ,40.8
18,01,27,1,東京,1,02,未勝利,7,ダ,1,2100,不,ギャラルホルン    ,牡,3,ルメール,56.0,16,12,1,1,0,-0.4,1,134.8,"2148",0,2,2,1,1,38.7,530,高橋文雅,美,500,15105104,05339,01134,0518110212,サンデーレーシング,ノーザンファーム,スマートファルコン,ロッシェノワール,ブラックホーク,鹿毛,150313,    1.4,  ,    ,49.3
18,01,27,1,東京,1,02,未勝利,7,ダ,1,2100,不,アルマライル      ,牡,3,柴田大知,56.0,16,13,5,5,0,2.8,8,137.6,"2176",0,10,10,9,6,40.7,502,伊藤大士,美,50,15106049,01009,01109,0518110213,コウトミックレーシ,野坂牧場,ヴァーミリアン,ソーラーヴィジョン,タバスコキャット,青鹿,150403,   37.1,  ,    ,45.2
18,01,27,1,東京,1,02,未勝利,7,ダ,1,2100,不,オーネットヒーロー,牡,3,松岡正海,56.0,16,14,6,6,0,3.7,13,138.5,"2185",0,11,11,10,9,40.7,526,中舘英二,美,0,15101974,01085,01153,0518110214,醍醐伸之,前川義則,メイショウサムソン,ハツネ,トウカイテイオー,鹿毛,150327,  233.2,  ,    ,46.1
18,01,27,1,東京,1,02,未勝利,7,ダ,1,2100,不,フライトレーダー  ,牡,3,宮崎北斗,56.0,16,15,14,14,0,11.3,14,146.1,"2261",0,1,1,2,9,48.4,530,高橋裕,美,0,15100229,01118,00412,0518110215,コスモヴューファー,コスモヴューファー,アイルハヴアナザー,コスモフライハイ,ダンスインザダーク,鹿毛,150219,  313.6,  ,    ,30.7
18,01,27,1,東京,1,02,未勝利,7,ダ,1,2100,不,エンパイヤアーサー,牡,3,柴山雄一,56.0,16,16,10,10,0,4.7,9,139.5,"2195",0,15,15,15,14,40.4,520,黒岩陽一,美,0,15103500,05243,01133,0518110216,大島牧場,大島牧場,エンパイアメーカー,ココモオレンジ,キングカメハメハ,黒鹿,150315,   39.8,  ,    ,48.1
18,01,27,1,東京,1,03,新馬,15,ダ,1,1600,不,ホクセンジョウオー,牝,3,大野拓弥,54.0,16,01,15,15,0,6.8,7,106.3,"1463",0,0,0,12,16,43.3,476,松山将樹,美,0,15101288,01096,01100,0518110301,大野裕,佐々木康治,サムライハート,モルフェキイ,モルフェデスペクタ,黒鹿,150330,   28.7,  ,    ,37.3
18,01,27,1,東京,1,03,新馬,15,ダ,1,1600,不,シンティエンディー,牝,3,吉田隼人,54.0,16,02,12,12,0,5.5,4,105,"1450",0,0,0,2,4,43.5,500,尾形和幸,美,0,15110080,01095,01141,0518110302,岡田牧雄,"Robert G. Harvey","Shanghai Bobby",Hallnor,"Horse Chestnut",芦毛,150424,   13.0,  ,    ,34.8
18,01,27,1,東京,1,03,新馬,15,ダ,1,1600,不,ジョーカーワイルド,牡,3,西田雄一,56.0,16,03,10,10,0,3.7,13,103.2,"1432",0,0,0,12,11,40.8,522,浅野洋一,美,0,15103494,01004,00421,0518110303,TURH,王蔵牧場,ネオユニヴァース,レディークライスト,"Holy Bull",鹿毛,150426,  118.7,  ,    ,41.8
18,01,27,1,東京,1,03,新馬,15,ダ,1,1600,不,ラッシュラッシュ  ,牝,3,宮崎北斗,54.0,16,04,16,16,0,6.9,15,106.4,"1464",0,0,0,15,14,43.6,472,青木孝文,美,0,15101998,01118,01156,0518110304,槇本牧場,槇本牧場,バトルプラン,ラッシュウインド,ワイルドラッシュ,黒鹿,150515,  269.1,  ,    ,36.4
18,01,27,1,東京,1,03,新馬,15,ダ,1,1600,不,ジュンモユル      ,牡,3,北村宏司,56.0,16,05,4,4,0,1.8,5,101.3,"1413",0,0,0,4,5,39.6,494,尾関知人,美,90,15106542,01043,01103,0518110305,河合純二,マリオステーブル,ネオユニヴァース,エイシンパンジー,トニービン,鹿毛,150508,   14.3,  ,    ,43.5
18,01,27,1,東京,1,03,新馬,15,ダ,1,1600,不,インブルーム      ,牝,3,石橋脩,54.0,16,06,9,9,0,2.3,12,101.8,"1418",0,0,0,7,8,39.7,464,大和田成,美,0,15103000,01077,01124,0518110306,田中純一,杵臼牧場,シンボリクリスエス,タケショウナデシコ,スペシャルウィーク,青鹿,150219,   81.6,  ,    ,43.9
18,01,27,1,東京,1,03,新馬,15,ダ,1,1600,不,ハーヴェイ        ,牡,3,高野和馬,56.0,16,07,14,14,0,6.6,14,106.1,"1461",0,0,0,10,13,43.6,460,高橋文雅,美,0,15103506,01089,01134,0518110307,大原詔宏,大原ファーム,ストロングリターン,トワインブルーム,トワイニング,鹿毛,150513,  178.4,  ,    ,36.0
18,01,27,1,東京,1,03,新馬,15,ダ,1,1600,不,タイキメサイア    ,牡,3,松岡正海,56.0,16,08,3,3,0,1.4,6,100.9,"1409",0,0,0,7,8,38.8,498,高橋祥泰,美,150,15103313,01085,00359,0518110308,大樹ファーム,ビクトリーホースラ,ハードスパン,タイキエイワン,フサイチコンコルド,栗毛,150306,   21.9,  ,    ,46.0
18,01,27,1,東京,1,03,新馬,15,ダ,1,1600,不,ガッテンイキオイ  ,牝,3,二本柳壮,54.0,16,09,11,11,0,4.3,16,103.8,"1438",0,0,0,10,8,41.6,430,武市康男,美,0,15105883,01049,01089,0518110309,西村新一郎,田原橋本牧場,トーセンホマレボシ,スイートグラーツ,サクラバクシンオー,黒鹿,150112,  309.9,  ,    ,39.7
18,01,27,1,東京,1,03,新馬,15,ダ,1,1600,不,ジュールドミュゲ  ,牝,3,内田博幸,54.0,16,10,5,5,0,1.8,3,101.3,"1413",0,0,0,4,5,39.6,478,尾関知人,美,60,15104140,00422,01103,0518110310,サンデーレーシング,社台コーポレーショ,アイルハヴアナザー,ミュゲドボヌール,バブルガムフェロー,鹿毛,150316,    5.4,  ,    ,43.5
18,01,27,1,東京,1,03,新馬,15,ダ,1,1600,不,ブラックバローズ  ,牡,3,戸崎圭太,56.0,16,11,2,2,0,1.1,2,100.6,"1406",0,0,0,4,2,39.2,508,尾形和幸,美,240,15105787,05386,01141,0518110311,猪熊広次,タイヘイ牧場,キンシャサノキセキ,モンテチェリー,ホワイトマズル,黒鹿,150312,    2.7,  ,    ,44.0
18,01,27,1,東京,1,03,新馬,15,ダ,1,1600,不,アッチムイテホイ  ,牝,3,柴田善臣,54.0,16,12,13,13,0,6.2,9,105.7,"1457",0,0,0,2,2,44.4,460,高橋祥泰,美,0,15100462,00641,00359,0518110312,小田切光,中地康弘,サムライハート,レディーノパンチ,フレンチデピュティ,栗毛,150617,   64.9,  ,    ,32.8
18,01,27,1,東京,1,03,新馬,15,ダ,1,1600,不,プリサイスプロミス,牡,3,嶋田純次,56.0,16,13,6,6,0,2,11,101.5,"1415",0,0,0,16,14,38.8,520,松山将樹,美,0,15103553,01134,01100,0518110313,阿部善武,桑田フアーム,プリサイスエンド,シルクプロミス,マヤノトップガン,栗毛,150521,   77.6,  ,    ,47.0
18,01,27,1,東京,1,03,新馬,15,ダ,1,1600,不,ハウキュート      ,牝,3,浜中俊,54.0,16,14,7,7,0,2.3,8,101.8,"1418",0,0,0,12,11,39.4,460,菊川正達,美,0,15105713,01115,01052,0518110314,ノルマンディーサラ,静内白井牧場,アポロキングダム,ヤマトプリティ,アンバーシヤダイ,栗毛,150415,   29.2,  ,    ,45.0
18,01,27,1,東京,1,03,新馬,15,ダ,1,1600,不,プリンセスノンコ  ,牝,3,ルメール,54.0,16,15,1,1,0,-1.1,1,99.5,"1395",0,0,0,1,1,38.4,458,加藤征弘,美,600,15104357,05339,01059,0518110315,吉田千津,社台ファーム,Orb,シーニーンガール,"Spring At Last",栗毛,150228,    2.6,  ,    ,45.5
18,01,27,1,東京,1,03,新馬,15,ダ,1,1600,不,デルマグラッパ    ,牝,3,黛弘人,54.0,16,16,8,8,0,2.3,10,101.8,"1418",0,0,0,7,7,40,462,武井亮,美,0,15101911,01109,01147,0518110316,浅沼廣幸,ファニーヒルファー,スクリーンヒーロー,ユークロニア,アドマイヤベガ,青鹿,150530,   71.0,  ,    ,42.7
18,01,27,1,東京,1,04,未勝利,7,芝,0,2400,稍,ハーツイグニション,牝,3,柴山雄一,54.0,16,01,6,6,0,0.7,8,150.5,"2305",0,9,10,12,11,35.4,448,宗像義忠,美,0,15104940,05243,00420,0518110401,吉田勝己,ノーザンファーム,ハーツクライ,ビリーヴミー,"In The Wings",栗毛,150414,   46.8,  ,    ,58.4
18,01,27,1,東京,1,04,未勝利,7,芝,0,2400,稍,エピキュリアン    ,セ,3,西村太一,56.0,16,02,4,4,0,0.2,4,150,"2300",0,12,13,10,11,35,496,加藤征弘,美,75,15104226,01131,01059,0518110402,村野康司,社台ファーム,ルーラーシップ,イオス,バゴ,鹿毛,150219,    6.9,  ,    ,59.5
18,01,27,1,東京,1,04,未勝利,7,芝,0,2400,稍,ブラックデビル    ,牡,3,松田大作,56.0,16,03,2,2,0,0,5,149.8,"2298",0,5,2,2,4,35.3,486,栗田徹,美,200,15105451,01030,01127,0518110403,岡田壮史,岡田スタツド,マンハッタンカフェ,フサイチリニモ,ジャングルポケット,鹿毛,150312,   10.8,  ,    ,58.1
18,01,27,1,東京,1,04,未勝利,7,芝,0,2400,稍,マイネルシクザール,牡,3,宮崎北斗,56.0,16,04,12,12,0,1.8,10,151.6,"2316",0,7,5,8,8,36.8,556,高橋裕,美,0,15103322,01118,00412,0518110404,サラブレッドクラブ,松田牧場,ノヴェリスト,ビクトワールイゾレ,ダンスインザダーク,黒鹿,150219,  103.5,  ,    ,54.0
18,01,27,1,東京,1,04,未勝利,7,芝,0,2400,稍,エレガントテソーロ,牝,3,武藤雅,51.0,16,05,8,8,0,0.9,11,150.7,"2307",0,15,15,14,14,35.5,424,和田雄二,美,0,15104119,01169,01143,0518110405,了徳寺健二ホールデ,追分ファーム,ハーツクライ,ニライカナイ,Montjeu,鹿毛,150126,  167.6,  ,    ,58.2
18,01,27,1,東京,1,04,未勝利,7,芝,0,2400,稍,ジョーカー        ,牝,3,内田博幸,54.0,16,06,13,13,0,2.6,16,152.4,"2324",0,16,16,16,16,36.9,444,武市康男,美,0,15101550,00422,01089,0518110406,"Him Rock Racing",タバタファーム,ハーツクライ,グリーンアイズ2,"Green Desert",芦毛,150603,  416.6,  ,    ,54.3
18,01,27,1,東京,1,04,未勝利,7,芝,0,2400,稍,コスモキリュウ    ,牡,3,柴田大知,56.0,16,07,11,11,0,1.4,14,151.2,"2312",0,14,13,14,11,36.1,454,青木孝文,美,0,15100698,01009,01156,0518110407,ビッグレッドファー,ビッグレッドファー,ステイゴールド,コスモスプラッシュ,メジロブライト,鹿毛,150501,  329.9,  ,    ,56.3
18,01,27,1,東京,1,04,未勝利,7,芝,0,2400,稍,エストスペリオル  ,牡,3,石橋脩,56.0,16,08,7,7,0,0.7,2,150.5,"2305",0,9,8,10,8,35.7,446,堀宣行,美,0,15104575,01077,01070,0518110408,社台レースホース,社台ファーム,ディープインパクト,メイキアシー,"Sadler's Wells",鹿毛,150302,    4.6,  ,    ,57.2
18,01,27,1,東京,1,04,未勝利,7,芝,0,2400,稍,ギャラッド        ,牡,3,ルメール,56.0,16,09,1,1,0,0,1,149.8,"2298",0,6,5,5,5,35.2,474,田村康仁,美,500,15104743,05339,01027,0518110409,キャロットファーム,ノーザンファーム,ディープインパクト,ガヴィオラ,Cozzene,鹿毛,150430,    2.3,  ,    ,58.5
18,01,27,1,東京,1,04,未勝利,7,芝,0,2400,稍,ラッキーチョウサン,牡,3,野中悠太,53.0,16,10,14,14,0,2.6,12,152.4,"2324",0,9,10,5,5,37.8,532,和田正一,美,0,15102203,01158,01114,0518110410,チョウサン,坂東牧場,オルフェーヴル,シャドウシルエット,シンボリクリスエス,鹿毛,150507,  252.2,  ,    ,51.1
18,01,27,1,東京,1,04,未勝利,7,芝,0,2400,稍,ハッシュレート    ,牡,3,江田照男,56.0,16,11,16,16,0,3.5,15,153.3,"2333",0,2,4,2,2,38.9,492,佐藤吉勝,美,0,15101689,00689,01035,0518110411,田頭勇貴,千葉飯田牧場,エイシンフラッシュ,ロビングショット,ゼンノロブロイ,黒鹿,150220,  402.4,  ,    ,48.0
18,01,27,1,東京,1,04,未勝利,7,芝,0,2400,稍,ドリームセオリー  ,牡,3,柴田善臣,56.0,16,12,10,10,0,1.3,6,151.1,"2311",0,7,8,8,8,36.3,458,尾関知人,美,0,15101640,00641,01103,0518110412,ゴドルフィン,ダーレー・ジャパン,ステイゴールド,ドリームスキーム,Machiavellian,青鹿,150329,   15.4,  ,    ,55.4
18,01,27,1,東京,1,04,未勝利,7,芝,0,2400,稍,ロードジパング    ,牡,3,三浦皇成,56.0,16,13,3,3,0,0,7,149.8,"2298",0,1,1,1,1,35.6,448,菊川正達,美,130,15102832,01122,01052,0518110413,ロードホースクラブ,鵜木唯義,アドマイヤジャパン,ミルフォードスバル,ホークアタック,栗毛,150329,   17.4,  ,    ,56.9
18,01,27,1,東京,1,04,未勝利,7,芝,0,2400,稍,サノサン          ,牡,3,田辺裕信,56.0,16,14,5,5,0,0.6,3,150.4,"2304",0,2,2,2,2,36.1,468,尾形和幸,美,50,15101939,01075,01141,0518110414,佐野信幸,豊洋牧場,バゴ,エトレーヌ,ブライアンズタイム,黒鹿,150503,    5.5,  ,    ,55.5
18,01,27,1,東京,1,04,未勝利,7,芝,0,2400,稍,フィールザファラオ,牡,3,津村明秀,56.0,16,15,15,15,0,3.3,13,153.1,"2331",0,2,5,5,5,38.5,448,岩戸孝樹,美,0,15104010,01092,01051,0518110415,櫻井正,平岡牧場,ブラックタイド,フィールザビュウ,"Distant View",黒鹿,150616,  277.6,  ,    ,49.2
18,01,27,1,東京,1,04,未勝利,7,芝,0,2400,稍,ウインリベロ      ,牡,3,松岡正海,56.0,16,16,9,9,0,1.3,9,151.1,"2311",0,12,12,12,14,35.9,424,水野貴広,美,0,15100244,01085,01094,0518110416,ウイン,コスモヴューファー,ステイゴールド,フリーヴァケイション,"Fly So Free",栗毛,150314,   51.4,  ,    ,57.0
18,01,27,1,東京,1,05,未勝利・牝,7,芝,0,1800,稍,カサーレ          ,牝,3,北村宏司,54.0,16,01,9,9,0,1.4,7,110.4,"1504",0,0,1,1,1,35.6,428,古賀慎明,美,0,15105960,01043,01079,0518110501,飯田正剛,千代田牧場,マンハッタンカフェ,ミルフィアタッチ,キングカメハメハ,青鹿,150324,   27.0,  ,    ,55.1
18,01,27,1,東京,1,05,未勝利・牝,7,芝,0,1800,稍,フェイスマーク    ,牝,3,江田照男,54.0,16,02,15,15,0,2.8,14,111.8,"1518",0,0,16,16,16,35.7,468,田中剛,美,0,15104377,00689,01119,0518110502,吉田照哉,社台ファーム,ローエングリン,ステレオタイプ,サンデーサイレンス,鹿毛,150508,  284.7,  ,    ,56.6
18,01,27,1,東京,1,05,未勝利・牝,7,芝,0,1800,稍,ウーマンレジェンド,牝,3,吉田隼人,54.0,16,03,14,14,0,2.8,11,111.8,"1518",0,0,4,4,5,36.7,480,上原博之,美,0,15105933,01095,00423,0518110503,栗山良子,千代田牧場,ヴァーミリアン,ドラゴンフラワー,マンハッタンカフェ,黒鹿,150204,  198.1,  ,    ,52.3
18,01,27,1,東京,1,05,未勝利・牝,7,芝,0,1800,稍,リノワールド      ,牝,3,武藤雅,51.0,16,04,7,7,0,1.1,10,110.1,"1501",0,0,2,2,2,35.3,420,手塚貴久,美,0,15101984,01169,01038,0518110504,星野壽市,前野牧場,オルフェーヴル,ハイタッチクイーン,キングヘイロー,栗毛,150321,   36.5,  ,    ,55.9
18,01,27,1,東京,1,05,未勝利・牝,7,芝,0,1800,稍,ダノンポピー      ,牝,3,戸崎圭太,54.0,16,05,5,5,0,0.5,6,109.5,"1495",0,0,11,11,11,34.1,460,尾関知人,美,50,15105013,05386,01103,0518110505,ダノックス,ノーザンファーム,ダイワメジャー,マネーキャントバイミーラヴ,Pivotal,栗毛,150302,   14.9,  ,    ,60.6
18,01,27,1,東京,1,05,未勝利・牝,7,芝,0,1800,稍,ヤマタケクッキー  ,牝,3,岩部純二,54.0,16,06,12,12,0,1.5,15,110.5,"1505",0,0,10,7,10,35.2,496,萱野浩二,美,0,15101207,00726,01024,0518110506,山中和子,川端正博,キングヘイロー,ノエラロワイヤル,"Garde Royale",鹿毛,150529,  578.0,  ,    ,57.0
18,01,27,1,東京,1,05,未勝利・牝,7,芝,0,1800,稍,ミサトエルザ      ,牝,3,勝浦正樹,54.0,16,07,16,16,0,2.8,16,111.8,"1518",0,0,13,14,14,36,432,谷原義明,美,0,15106222,01025,00402,0518110507,戸部政彦,真歌伊藤牧場,ローエングリン,ミサトサンデー,フサイチコンコルド,栗毛,150501,  752.1,  ,    ,55.3
18,01,27,1,東京,1,05,未勝利・牝,7,芝,0,1800,稍,ウェディングベール,牝,3,宮崎北斗,54.0,16,08,13,13,0,1.9,12,110.9,"1509",0,0,4,4,5,35.8,448,粕谷昌央,美,0,15105455,01118,01096,0518110508,岡田牧雄,岡田スタツド,タートルボウル,プラチナベール,アグネスタキオン,芦毛,150423,  219.0,  ,    ,54.9
18,01,27,1,東京,1,05,未勝利・牝,7,芝,0,1800,稍,シャドウアイランド,牝,3,ルメール,54.0,16,09,1,1,0,-0.3,1,109,"1490",0,0,3,3,2,34.2,448,藤沢和雄,美,500,15102595,05339,00386,0518110509,飯塚知一,前川正美,ハーツクライ,テメリアイランド,Montjeu,鹿毛,150417,    2.1,  ,    ,59.4
18,01,27,1,東京,1,05,未勝利・牝,7,芝,0,1800,稍,パイオニアバイオ  ,牝,3,石橋脩,54.0,16,10,2,2,0,0.3,4,109.3,"1493",0,0,4,4,4,34.3,428,牧光二,美,200,15104664,01077,01106,0518110510,バイオ,ノーザンファーム,ルーラーシップ,アニメイトバイオ,ゼンノロブロイ,鹿毛,150303,    7.0,  ,    ,59.3
18,01,27,1,東京,1,05,未勝利・牝,7,芝,0,1800,稍,アイワナシーユー  ,牝,3,福永祐一,54.0,16,11,10,10,0,1.4,2,110.4,"1504",0,0,7,7,5,35.3,396,戸田博文,美,0,15105115,01014,01054,0518110511,DMMドリームクラブ,ノーザンファーム,ステイゴールド,ワナダンス,"The Leopard",鹿毛,150110,    6.2,  ,    ,56.4
18,01,27,1,東京,1,05,未勝利・牝,7,芝,0,1800,稍,プリマドンナ      ,牝,3,田辺裕信,54.0,16,12,3,3,0,0.3,9,109.3,"1493",0,0,11,13,13,33.8,416,菊沢隆徳,美,130,15103206,01075,01115,0518110512,近藤英子,辻牧場,ルーラーシップ,グローリアスローズ,ロックオブジブラルタル,黒鹿,150403,   30.8,  ,    ,61.7
18,01,27,1,東京,1,05,未勝利・牝,7,芝,0,1800,稍,レッドラフェスタ  ,牝,3,野中悠太,51.0,16,13,4,4,0,0.4,3,109.4,"1494",0,0,15,11,11,34,444,二ノ宮敬,美,75,15102257,01158,00409,0518110513,東京ホースレーシン,乾皆雄,オルフェーヴル,ジューシージーン,"High Chaparral",栗毛,150220,    6.7,  ,    ,60.9
18,01,27,1,東京,1,05,未勝利・牝,7,芝,0,1800,稍,パルクデラモール  ,牝,3,三浦皇成,54.0,16,14,6,6,0,0.5,5,109.5,"1495",0,0,7,7,8,34.3,454,鹿戸雄一,美,0,15104159,01122,01097,0518110514,G1レーシング,社台コーポレーショ,ディープインパクト,レディシャツィ,"Privately Held",鹿毛,150202,    8.0,  ,    ,59.6
18,01,27,1,東京,1,05,未勝利・牝,7,芝,0,1800,稍,ケイツーシリング  ,牝,3,柴田大知,54.0,16,15,8,8,0,1.3,13,110.3,"1503",0,0,13,15,14,34.5,420,高橋裕,美,0,15100119,01009,00412,0518110515,楠本勝美,オリエント牧場,タートルボウル,アイルビーファイン,アグネスタキオン,鹿毛,150321,  236.9,  ,    ,59.9
18,01,27,1,東京,1,05,未勝利・牝,7,芝,0,1800,稍,ハービンマオ      ,牝,3,松岡正海,54.0,16,16,11,11,0,1.4,8,110.4,"1504",0,0,7,7,8,35.2,448,中舘英二,美,0,15104002,01085,01153,0518110516,森口隆一郎,登別上水牧場,ハービンジャー,ダンシングマオ,ゴールドアリュール,栗毛,150402,   27.5,  ,    ,56.8
18,01,27,1,東京,1,06,500万下,23,ダ,1,1400,不,サンマルバロン    ,セ,6,小島太一,57.0,16,01,15,15,0,6.2,9,90.3,"1303",0,0,0,4,6,41.7,478,小島太,美,0,12101289,01097,01013,0518110601,相馬勇,三城牧場,バゴ,ジョウノエリザベス,サンデーサイレンス,栗毛,120514,   84.5,  ,    ,37.4
18,01,27,1,東京,1,06,500万下,23,ダ,1,1400,不,リネンジェット    ,牡,5,大庭和弥,57.0,16,02,14,14,0,6,15,90.1,"1301",0,0,0,15,15,40.2,528,南田美知,美,0,13100942,01061,00437,0518110602,戸山昌彦,前川義則,オレハマッテルゼ,リネンステージ,シャンハイ,青鹿,130410,  481.9,  ,    ,43.1
18,01,27,1,東京,1,06,500万下,23,ダ,1,1400,不,ハイアーヴォルト  ,牡,6,江田照男,57.0,16,03,11,11,0,1.8,11,85.9,"1259",0,0,0,11,11,36.9,498,尾形充弘,美,0,12106252,00689,00349,0518110603,伊東純一,昭和牧場,メイショウボーラー,リングフィンガー,ニホンピロウイナー,鹿毛,120302,   92.9,  ,    ,49.6
18,01,27,1,東京,1,06,500万下,23,ダ,1,1400,不,カシノアーニング  ,牡,5,二本柳壮,57.0,16,04,12,12,0,2.7,16,86.8,"1268",0,0,0,14,14,37.4,448,二本柳俊,美,0,13100435,01049,00370,0518110604,柏木務,白瀬盛雄,アドマイヤムーン,エリザベススイート,ティンバーカントリー,鹿毛,130410,  502.8,  ,    ,49.1
18,01,27,1,東京,1,06,500万下,23,ダ,1,1400,不,スールキートス    ,牝,6,津村明秀,55.0,16,05,8,8,0,1.1,6,85.2,"1252",0,0,0,9,9,36.5,502,矢野英一,美,0,12105471,01092,01108,0518110605,日進牧場,日進牧場,キングヘイロー,プライムウィッシュ,シンボリクリスエス,黒鹿,120325,   11.9,  ,    ,50.1
18,01,27,1,東京,1,06,500万下,23,ダ,1,1400,不,スズカゴーディー  ,牡,4,内田博幸,56.0,16,06,2,2,0,0.1,5,84.2,"1242",0,0,0,4,6,35.6,486,伊藤圭三,美,300,14101462,00422,01023,0518110606,永井啓弍,稲原牧場,スズカコーズウェイ,アイシースズカ,サンデーサイレンス,黒鹿,140514,    6.9,  ,    ,52.4
18,01,27,1,東京,1,06,500万下,23,ダ,1,1400,不,キングリッド      ,牡,4,戸崎圭太,56.0,16,07,7,7,0,1,1,85.1,"1251",0,0,0,4,4,36.7,448,池上昌弘,美,0,14105250,05386,00390,0518110607,吉田安惠,追分ファーム,キングカメハメハ,イングリッド,ディープインパクト,鹿毛,140207,    3.2,  ,    ,48.9
18,01,27,1,東京,1,06,500万下,23,ダ,1,1400,不,ソルサリエンテ    ,牡,4,柴山雄一,56.0,16,08,16,16,0,7.4,3,91.5,"1315",0,0,0,16,16,39.1,492,清水英克,美,0,14106307,05243,01080,0518110608,西森鶴,オリエント牧場,カネヒキリ,ゴルフガール,Kingmambo,栗毛,140329,    4.4,  ,    ,50.5
18,01,27,1,東京,1,06,500万下,23,ダ,1,1400,不,サーヒューストン  ,牡,4,松岡正海,56.0,16,09,10,10,0,1.8,8,85.9,"1259",0,0,0,11,13,36.7,486,杉浦宏昭,美,0,14105832,01085,01008,0518110609,窪田芳郎,ノーザンファーム,ダイワメジャー,ウルトラブレンド,"Richly Blended",栗毛,140207,   73.8,  ,    ,50.5
18,01,27,1,東京,1,06,500万下,23,ダ,1,1400,不,プッシュアゲン    ,牡,5,武藤雅,54.0,16,10,1,1,0,-0.1,2,84.1,"1241",0,0,0,8,6,35.5,516,中野栄治,美,750,13102841,01169,01010,0518110610,浅川皓司,笠松牧場,タイキシャトル,ストロングアゲン,ポリッシュネイビー,栗毛,130321,    4.3,  ,    ,52.7
18,01,27,1,東京,1,06,500万下,23,ダ,1,1400,不,サマニー          ,セ,5,野中悠太,54.0,16,11,13,13,0,4.7,10,88.8,"1288",0,0,0,1,1,40.7,492,伊藤大士,美,0,13102729,01158,01109,0518110611,井上一郎,中脇一幸,スタチューオブリバティ,ショコット,デインヒル,青鹿,130426,   92.8,  ,    ,38.6
18,01,27,1,東京,1,06,500万下,23,ダ,1,1400,不,プリンセスライン  ,牝,4,武士沢友,54.0,16,12,6,6,0,1,14,85.1,"1251",0,0,0,11,11,36.1,428,小桧山悟,美,0,14102420,01029,01005,0518110612,加藤徹,広富牧場,パイロ,ナリタシルエット,フジキセキ,栗毛,140328,  225.1,  ,    ,51.8
18,01,27,1,東京,1,06,500万下,23,ダ,1,1400,不,スマートダイバー  ,牡,7,丹内祐次,57.0,16,13,5,5,0,0.8,12,84.9,"1249",0,0,0,9,9,36.1,500,古賀史生,美,75,11104171,01091,00392,0518110613,大川徹,社台ファーム,ゴールドアリュール,ウッドウインド,ティンバーカントリー,栗毛,110214,  104.1,  ,    ,51.4
18,01,27,1,東京,1,06,500万下,23,ダ,1,1400,不,チビノヴァルタン  ,牝,5,北村宏司,55.0,16,14,4,4,0,0.8,7,84.9,"1249",0,0,0,2,2,36.7,446,栗田徹,美,110,13105383,01043,01127,0518110614,梅澤明,社台ファーム,キンシャサノキセキ,ウィンドサイレンス,"A.P. Indy",鹿毛,130427,   47.7,  ,    ,48.5
18,01,27,1,東京,1,06,500万下,23,ダ,1,1400,不,ワンダフルボーラー,牡,5,蛯名正義,57.0,16,15,9,9,0,1.2,13,85.3,"1253",0,0,0,2,3,37,494,堀井雅広,美,0,13100034,00663,00436,0518110615,藤田在子,天羽禮治,メイショウボーラー,ワンダフルドーラ,"More Than Ready",鹿毛,130506,  105.1,  ,    ,47.9
18,01,27,1,東京,1,06,500万下,23,ダ,1,1400,不,モンスターキング  ,セ,5,三浦皇成,57.0,16,16,3,3,0,0.3,4,84.4,"1244",0,0,0,4,4,36,480,武井亮,美,190,13101325,01122,01147,0518110616,林正道,柏木一則,アサクサキングス,カシノヴィガ,デヒア,鹿毛,130330,    5.9,  ,    ,50.8
18,01,27,1,東京,1,07,500万下*,23,ダ,1,1600,不,ミックベンハー    ,牡,3,武藤雅,53.0,15,01,11,11,0,2.1,6,99.5,"1395",0,0,0,15,14,37.5,482,畠山吉宏,美,0,15105332,01169,01048,0518110701,キラット・ワン,リトルブルーファー,スマートボーイ,クロエチャン,スパイキュール,栗毛,150307,   23.3,  ,    ,49.2
18,01,27,1,東京,1,07,500万下*,23,ダ,1,1600,不,ムルシェラゴ      ,牡,3,松岡正海,56.0,15,02,12,12,0,2.2,9,99.6,"1396",0,0,0,8,8,38.3,524,奥村武,美,0,15103686,01085,01145,0518110702,椎名節,高岸順一,プリサイスエンド,サクセスベルーナ,シンボリクリスエス,黒鹿,150317,   52.7,  ,    ,46.0
18,01,27,1,東京,1,07,500万下*,23,ダ,1,1600,不,マリームーン      ,牝,3,野中悠太,51.0,15,03,3,3,0,0,4,97.4,"1374",0,0,0,7,7,36.2,458,藤沢和雄,美,180,15104006,01158,00386,0518110703,多田信尊,藤澤昭勝,カジノドライヴ,クラウンアスリート,アフリート,栃栗,150414,    8.1,  ,    ,51.4
18,01,27,1,東京,1,07,500万下*,23,ダ,1,1600,不,ジュンパッション  ,牡,3,大野拓弥,56.0,15,04,15,15,0,3.3,11,100.7,"1407",0,0,0,4,4,39.7,464,高柳瑞樹,美,0,15104435,01096,01118,0518110704,河合純二,社台ファーム,クロフネ,トリプレックス,サンデーサイレンス,芦毛,150422,  103.2,  ,    ,42.2
18,01,27,1,東京,1,07,500万下*,23,ダ,1,1600,不,キャベンディッシュ,牡,3,柴山雄一,56.0,15,05,7,7,0,0.5,13,97.9,"1379",0,0,0,11,11,36.3,494,小桧山悟,美,0,15101512,05243,01005,0518110705,本杉芳郎,瀬戸牧場,タイムパラドックス,キョウエイデビュー,サンデーサイレンス,栗毛,150218,  196.3,  ,    ,51.8
18,01,27,1,東京,1,07,500万下*,23,ダ,1,1600,不,オデュッセイア    ,牝,3,田中勝春,54.0,15,06,9,9,0,1.8,14,99.2,"1392",0,0,0,12,11,37.5,452,新開幸一,美,0,15104440,00684,01116,0518110706,吉田照哉,社台ファーム,ヴィクトワールピサ,ドライアッド,トニービン,栗毛,150203,  218.9,  ,    ,48.7
18,01,27,1,東京,1,07,500万下*,23,ダ,1,1600,不,エピックアン      ,牡,3,田辺裕信,56.0,15,07,6,6,0,0.5,10,97.9,"1379",0,0,0,8,10,36.5,498,大和田成,美,0,15101257,01075,01124,0518110707,TURFレーシング,グッドラック・ファ,クロフネ,ラフェクレール,スペシャルウィーク,芦毛,150208,   58.3,  ,    ,50.9
18,01,27,1,東京,1,07,500万下*,23,ダ,1,1600,不,ラムセスバローズ  ,牡,3,ルメール,56.0,15,08,2,2,0,0,2,97.4,"1374",0,0,0,4,4,36.3,502,木村哲也,美,290,15110082,05339,01126,0518110708,猪熊広次,"Stonestreet Thorou",Curlin,"Devious Intent","Dixie Union",栗毛,150322,    3.3,  ,    ,51.0
18,01,27,1,東京,1,07,500万下*,23,ダ,1,1600,不,グレートシール    ,牡,3,内田博幸,56.0,15,09,8,8,0,1.4,8,98.8,"1388",0,0,0,1,1,38.1,490,中内田充,栗,0,15110008,00422,01137,0518110709,山紫水明,"Premier Bloodstock","War Front","Quarter Moon","Sadler's Wells",黒鹿,150212,   31.3,  ,    ,45.6
18,01,27,1,東京,1,07,500万下*,23,ダ,1,1600,不,アメノムラクモ    ,牡,3,吉田隼人,56.0,15,10,10,10,0,1.9,7,99.3,"1393",0,0,0,12,14,37.4,516,尾形和幸,美,0,15102146,01095,01141,0518110710,高橋文男,北島牧場,ブラックタイド,ベルモンタージュ,アフリート,鹿毛,150307,   31.1,  ,    ,49.3
18,01,27,1,東京,1,07,500万下*,23,ダ,1,1600,不,ダイシンステルラ  ,牝,3,勝浦正樹,54.0,15,11,13,13,0,2.2,15,99.6,"1396",0,0,0,12,11,37.9,444,牧田和弥,栗,0,15100531,01025,01123,0518110711,大八木信行,新冠タガノファーム,ダイシンオレンジ,ダイシンモード,マイネルラヴ,黒鹿,150324,  285.2,  ,    ,47.7
18,01,27,1,東京,1,07,500万下*,23,ダ,1,1600,不,ダンケシェーン    ,牡,3,横山典弘,56.0,15,12,1,1,0,0,3,97.4,"1374",0,0,0,8,8,36.1,470,昆貢,栗,720,15100894,00660,01044,0518110712,ローレルレーシング,村田牧場,ヘニーヒューズ,ゼフィランサス,キングヘイロー,栗毛,150207,    7.3,  ,    ,51.9
18,01,27,1,東京,1,07,500万下*,23,ダ,1,1600,不,ロージズキング    ,牡,3,木幡初広,56.0,15,13,5,5,0,0.3,12,97.7,"1377",0,0,0,2,2,36.9,500,牧光二,美,72,15106260,00629,01106,0518110713,鈴木芳夫,松田牧場,ロージズインメイ,ドリーミングバード,フォーティナイナー,栗毛,150506,  154.5,  ,    ,48.9
18,01,27,1,東京,1,07,500万下*,23,ダ,1,1600,不,コスタネラ        ,牝,3,浜中俊,54.0,15,14,14,14,0,2.4,5,99.8,"1398",0,0,0,2,2,39,442,大久保龍,栗,0,15104333,01115,01058,0518110714,社台レースホース,社台ファーム,ステイゴールド,サンタテレジータ,"Lemon Drop Kid",栗毛,150306,   16.9,  ,    ,43.5
18,01,27,1,東京,1,07,500万下*,23,ダ,1,1600,不,ショーム          ,牡,3,津村明秀,56.0,15,15,4,4,0,0.3,1,97.7,"1377",0,0,0,4,4,36.6,484,鈴木伸尋,美,110,15100348,01092,01026,0518110715,ウエスト.フォレス,隆栄牧場,エスポワールシチー,パイクーニャン,フレンチデピュティ,栗毛,150517,    2.1,  ,    ,50.2
18,01,27,1,東京,1,08,1000万下,43,ダ,1,2100,不,マイネルビクトリー,牡,5,柴田大知,57.0,16,01,13,13,0,2.3,8,133.3,"2133",0,8,8,14,14,37.5,508,畠山吉宏,美,0,13104884,01009,01048,0518110801,サラブレッドクラブ,見上牧場,ブライアンズタイム,メジャービクトリー,ヘクタープロテクター,鹿毛,130429,   24.3,  ,    ,52.2
18,01,27,1,東京,1,08,1000万下,43,ダ,1,2100,不,ビップレボルシオン,牡,7,大野拓弥,57.0,16,02,11,11,0,1.8,13,132.8,"2128",0,12,12,12,9,37.2,524,清水久詞,栗,0,11102894,01096,01110,0518110802,鈴木邦英,レイクヴィラファー,マンハッタンカフェ,メジロジョーンズ,メジロライアン,鹿毛,110310,  119.2,  ,    ,52.8
18,01,27,1,東京,1,08,1000万下,43,ダ,1,2100,不,コトブキホーク    ,牡,4,横山典弘,56.0,16,03,9,9,0,1.7,7,132.7,"2127",0,16,15,14,14,36.9,484,金成貴史,美,0,14105430,00660,01132,0518110803,尾上松壽,社台ファーム,アイルハヴアナザー,エヴァ,キングカメハメハ,黒鹿,140407,   15.5,  ,    ,53.8
18,01,27,1,東京,1,08,1000万下,43,ダ,1,2100,不,クロノスタシス    ,牡,5,内田博幸,57.0,16,04,5,5,0,1.2,4,132.2,"2122",0,8,8,9,9,36.7,540,手塚貴久,美,105,13105857,00422,01038,0518110804,キャロットファーム,ノーザンファーム,タニノギムレット,クロノロジスト,クロフネ,芦毛,130403,   11.5,  ,    ,54.1
18,01,27,1,東京,1,08,1000万下,43,ダ,1,2100,不,ドラゴンカップ    ,牡,5,福永祐一,57.0,16,05,12,12,0,2.2,9,133.2,"2132",0,7,7,9,9,37.6,448,角居勝彦,栗,0,13105481,01014,01053,0518110805,窪田芳郎,社台ファーム,ステイゴールド,シルヴァーカップ,Almutawakel,鹿毛,130308,   26.2,  ,    ,51.7
18,01,27,1,東京,1,08,1000万下,43,ダ,1,2100,不,ダウンザライン    ,牡,4,柴山雄一,56.0,16,06,8,8,0,1.6,12,132.6,"2126",0,15,15,5,5,37.2,482,尾形充弘,美,0,14100933,05243,00349,0518110806,Basic,ラツキー牧場,アドマイヤオーラ,シルキージュエル,オペラハウス,芦毛,140509,   87.2,  ,    ,52.6
18,01,27,1,東京,1,08,1000万下,43,ダ,1,2100,不,バレッティ        ,セ,4,田辺裕信,56.0,16,07,3,3,0,0.8,2,131.8,"2118",0,12,14,14,14,36,512,久保田貴,美,260,14105506,01075,01067,0518110807,社台レースホース,社台ファーム,キングカメハメハ,ザレマ,ダンスインザダーク,鹿毛,140204,    5.5,  ,    ,56.4
18,01,27,1,東京,1,08,1000万下,43,ダ,1,2100,不,デジタルフラッシュ,牡,7,北村宏司,57.0,16,08,4,4,0,1.1,11,132.1,"2121",0,11,12,12,9,36.6,490,杉浦宏昭,美,160,11104070,01043,01008,0518110808,シルクレーシング,ノーザンファーム,アグネスデジタル,マチカネベニツバキ,サンデーサイレンス,栗毛,110415,   82.6,  ,    ,54.4
18,01,27,1,東京,1,08,1000万下,43,ダ,1,2100,不,アンプラグド      ,セ,7,戸崎圭太,57.0,16,09,7,7,0,1.4,10,132.4,"2124",0,12,11,9,9,36.9,502,大和田成,美,0,11104419,05386,01124,0518110809,諸江幸祐,社台ファーム,ジャングルポケット,ホワイトペッパー,サンデーサイレンス,芦毛,110316,   38.7,  ,    ,53.5
18,01,27,1,東京,1,08,1000万下,43,ダ,1,2100,不,オメガドラクロワ  ,牡,4,石橋脩,56.0,16,10,15,15,0,2.6,6,133.6,"2136",0,3,3,5,5,38.2,462,堀宣行,美,0,14105460,01077,01070,0518110810,原禮子,社台ファーム,ステイゴールド,カチバ,"Sir Cat",青鹿,140212,   12.4,  ,    ,49.9
18,01,27,1,東京,1,08,1000万下,43,ダ,1,2100,不,セイカエドミザカ  ,牡,5,津村明秀,57.0,16,11,14,14,0,2.5,14,133.5,"2135",0,5,5,7,5,38.1,488,相沢郁,美,0,13100655,01092,01020,0518110811,久米大,千葉飯田牧場,タニノギムレット,セイカカロブ,"Sadler's Wells",栗毛,130313,  119.9,  ,    ,50.2
18,01,27,1,東京,1,08,1000万下,43,ダ,1,2100,不,ネイビーブルー    ,牡,5,ルメール,57.0,16,12,1,1,0,-0.1,1,131,"2110",0,5,5,2,1,36,506,戸田博文,美,1050,13104852,05339,01054,0518110812,青芝商事,前谷武志,ネオユニヴァース,ホーマンピクシー,キングカメハメハ,鹿毛,130416,    1.9,  ,    ,55.6
18,01,27,1,東京,1,08,1000万下,43,ダ,1,2100,不,エムオーグリッタ  ,牡,4,勝浦正樹,56.0,16,13,16,16,0,4.2,15,135.2,"2152",0,1,1,1,2,40.2,498,古賀慎明,美,0,14102848,01025,01079,0518110813,大浅貢,橋本牧場,ブラックタキシード,ワレンダラッド,ワレンダー,鹿毛,140327,  143.5,  ,    ,44.5
18,01,27,1,東京,1,08,1000万下,43,ダ,1,2100,不,エオリア          ,牝,4,武藤雅,51.0,16,14,6,6,0,1.2,3,132.2,"2122",0,2,2,2,2,37.1,480,角田晃一,栗,0,14102170,01169,01121,0518110814,ゴドルフィン,ダーレー・ジャパン,ストリートセンス,スタリア,アルカセット,鹿毛,140331,   11.4,  ,    ,52.5
18,01,27,1,東京,1,08,1000万下,43,ダ,1,2100,不,ラテールプロミーズ,牡,5,三浦皇成,57.0,16,15,2,2,0,0.1,5,131.1,"2111",0,8,8,7,5,35.8,512,田村康仁,美,420,13101292,01122,01027,0518110815,ディアレストクラブ,イワミ牧場,マンハッタンカフェ,リーフィーウッド,ホワイトマズル,青鹿,130420,   12.2,  ,    ,56.5
18,01,27,1,東京,1,08,1000万下,43,ダ,1,2100,不,シフォンカール    ,牝,5,野中悠太,52.0,16,16,10,10,0,1.8,16,132.8,"2128",0,3,3,2,2,37.7,450,奥平雅士,美,0,13105835,01158,01074,0518110816,シルクレーシング,ノーザンファーム,クロフネ,カールファターレ,キングカメハメハ,芦毛,130124,  245.8,  ,    ,50.9
18,01,27,1,東京,1,09,銀蹄Ｓ1600,67,ダ,1,1400,不,ディープミタカ    ,牡,7,津村明秀,57.0,16,01,14,14,0,2,15,84.6,"1246",0,0,0,8,8,37,458,藤岡健一,栗,0,11102525,01092,01062,0518110901,深見敏男,フジワラフアーム,ディープスカイ,アンジェラスキッス,"Gone West",栗毛,110428,  218.6,  ,    ,46.5
18,01,27,1,東京,1,09,銀蹄Ｓ1600,67,ダ,1,1400,不,タイセイエクレール,牡,5,戸崎圭太,57.0,16,02,3,3,0,0.4,4,83,"1230",0,0,0,4,5,35.6,522,森田直行,栗,460,13104754,05386,01142,0518110902,田中成奉,藤沢牧場,ベーカバド,クリスビーナス,シンボリクリスエス,鹿毛,130306,   11.0,  ,    ,49.9
18,01,27,1,東京,1,09,銀蹄Ｓ1600,67,ダ,1,1400,不,オニノシタブル    ,牡,7,柴田大知,57.0,16,03,11,11,0,1.4,14,84,"1240",0,0,0,16,16,35.7,484,矢野英一,美,0,11100377,01009,01108,0518110903,青山洋一,下河辺牧場,ストーミングホーム,マジックミラージュ,"Giant's Causeway",栗毛,110410,  142.6,  ,    ,51.5
18,01,27,1,東京,1,09,銀蹄Ｓ1600,67,ダ,1,1400,不,プリサイスエース  ,牡,7,田辺裕信,57.0,16,04,7,7,0,0.7,6,83.3,"1233",0,0,0,14,14,35.2,516,奥村武,美,0,11105477,01075,01145,0518110904,井山登,芳住鉄兵,プリサイスエンド,ムカラファ,"Deputy Commander",栗毛,110202,   16.5,  ,    ,52.5
18,01,27,1,東京,1,09,銀蹄Ｓ1600,67,ダ,1,1400,不,シゲルコング      ,牡,4,武藤雅,56.0,16,05,12,12,0,1.8,8,84.4,"1244",0,0,0,1,1,37.8,516,松永康利,美,0,14105136,01169,01093,0518110905,森中蕃,増本良孝,シニスターミニスター,ドゥオナー,ダンスインザダーク,鹿毛,140430,   28.0,  ,    ,42.5
18,01,27,1,東京,1,09,銀蹄Ｓ1600,67,ダ,1,1400,不,ゴールドスーク    ,牡,7,浜中俊,57.0,16,06,13,13,0,1.9,13,84.5,"1245",0,0,0,2,2,37.7,514,小崎憲,栗,0,11103952,01115,01085,0518110906,サンデーレーシング,ノーザンファーム,ゴールドアリュール,ダークサファイア,"Out of Place",栗毛,110205,  132.2,  ,    ,43.1
18,01,27,1,東京,1,09,銀蹄Ｓ1600,67,ダ,1,1400,不,ガンサリュート    ,牡,4,福永祐一,56.0,16,07,15,15,0,2.1,10,84.7,"1247",0,0,0,4,5,37.3,510,安田隆行,栗,0,14104389,01014,00438,0518110907,キャロットファーム,木村秀則,ダノンシャンティ,ベネディーレ,クロフネ,黒鹿,140320,   61.8,  ,    ,45.3
18,01,27,1,東京,1,09,銀蹄Ｓ1600,67,ダ,1,1400,不,ハルクンノテソーロ,牡,4,大野拓弥,56.0,16,08,10,10,0,1,3,83.6,"1236",0,0,0,11,11,35.7,478,高木登,美,0,14100484,01096,01088,0518110908,了徳寺健二ホールデ,長浜牧場,ファスリエフ,トウカイベルタ,ワイルドラッシュ,黒鹿,140311,    9.8,  ,    ,50.6
18,01,27,1,東京,1,09,銀蹄Ｓ1600,67,ダ,1,1400,不,クワドループル    ,牡,6,蛯名正義,57.0,16,09,8,8,0,0.8,16,83.4,"1234",0,0,0,8,8,35.8,504,小島太,美,0,12101567,00663,01013,0518110909,ゴドルフィン,ダーレー・ジャパン,コマンズ,トリプルピルエット,"Sunday Silence",黒鹿,120226,  314.9,  ,    ,49.7
18,01,27,1,東京,1,09,銀蹄Ｓ1600,67,ダ,1,1400,不,イーグルフェザー  ,牡,5,内田博幸,57.0,16,10,2,2,0,0.4,7,83,"1230",0,0,0,12,11,35.2,490,小笠倫弘,美,730,13105373,00422,01076,0518110910,社台レースホース,社台ファーム,ネオユニヴァース,アーリーアメリカン,"El Corredor",鹿毛,130427,   21.0,  ,    ,51.8
18,01,27,1,東京,1,09,銀蹄Ｓ1600,67,ダ,1,1400,不,ラユロット        ,牝,4,ルメール,54.0,16,11,9,9,0,0.8,1,83.4,"1234",0,0,0,3,3,36.4,502,藤沢和雄,美,0,14103294,05339,00386,0518110911,多田信尊,田中スタッド,エンパイアメーカー,ユメノオーラ,マイネルラヴ,黒鹿,140214,    1.9,  ,    ,46.8
18,01,27,1,東京,1,09,銀蹄Ｓ1600,67,ダ,1,1400,不,スマートダンディー,牡,4,横山典弘,56.0,16,12,1,1,0,-0.4,2,82.6,"1226",0,0,0,4,4,35.5,492,石橋守,栗,1820,14103547,00660,01140,0518110912,大川徹,三嶋牧場,エンパイアメーカー,スマートオーシャン,"Mr. Greeley",鹿毛,140518,    4.4,  ,    ,49.5
18,01,27,1,東京,1,09,銀蹄Ｓ1600,67,ダ,1,1400,不,リッパーザウィン  ,牡,6,三浦皇成,57.0,16,13,6,6,0,0.7,12,83.3,"1233",0,0,0,7,7,35.8,516,矢作芳人,栗,0,12105689,01122,01075,0518110913,ラ・メール,日本中央競馬会日高,ヨハネスブルグ,シャトルシャロン,タイキシャトル,栗毛,120429,  112.3,  ,    ,49.5
18,01,27,1,東京,1,09,銀蹄Ｓ1600,67,ダ,1,1400,不,エニグマ          ,牡,4,柴田善臣,56.0,16,14,5,5,0,0.6,5,83.2,"1232",0,0,0,12,11,35.3,498,高橋文雅,美,182,14101658,00641,01134,0518110914,石瀬浩三,いとう牧場,ロージズインメイ,ヴィーナスコロニー,Nureyev,鹿毛,140326,   12.8,  ,    ,51.8
18,01,27,1,東京,1,09,銀蹄Ｓ1600,67,ダ,1,1400,不,ショウナンカサロ  ,牝,6,勝浦正樹,55.0,16,15,16,16,0,3.4,11,86,"1260",0,0,0,8,8,38.3,472,古賀史生,美,0,12103338,01025,00392,0518110915,国本哲秀,西村和夫,キングカメハメハ,ショウナンアルス,サンデーサイレンス,青鹿,120325,  103.9,  ,    ,43.4
18,01,27,1,東京,1,09,銀蹄Ｓ1600,67,ダ,1,1400,不,タイセイプレシャス,セ,6,吉田隼人,57.0,16,16,4,4,0,0.5,9,83.1,"1231",0,0,0,14,14,35,474,池上昌弘,美,270,12103540,01095,00390,0518110916,田中成奉,前谷武志,プリサイスエンド,クイーンオブハルカ,Singspiel,栗毛,120305,   34.0,  ,    ,53.1
18,01,27,1,東京,1,10,クロッカ,131,芝,0,1400,稍,ジェイエルスピード,牡,3,三浦皇成,56.0,13,01,11,11,0,1.2,10,83.5,"1235",0,0,0,1,1,35.9,460,小西一男,美,0,15101745,01122,00405,0518111001,橋元幸人,ナカノファーム,タートルボウル,ホウライビクトリア,コロナドズクエスト,鹿毛,150307,  166.6,  ,    ,49.4
18,01,27,1,東京,1,10,クロッカ,131,芝,0,1400,稍,アンブロジオ      ,牡,3,ルメール,56.0,13,02,2,2,0,0,2,82.3,"1223",0,0,0,4,3,34.4,446,菊沢隆徳,美,760,15104675,05339,01115,0518111002,シルクレーシング,社台コーポレーショ,ローズキングダム,アンティフォナ,Songandaprayer,栗毛,150305,    3.6,  ,    ,54.4
18,01,27,1,東京,1,10,クロッカ,131,芝,0,1400,稍,マドモアゼル      ,牝,3,松田大作,54.0,13,03,5,5,0,0.5,4,82.8,"1228",0,0,0,2,2,35.1,442,斎藤誠,美,190,15103365,01030,01086,0518111003,KTレーシング,三嶋牧場,ブラックタイド,ポールポジション2,Pivotal,黒鹿,150412,   14.9,  ,    ,51.9
18,01,27,1,東京,1,10,クロッカ,131,芝,0,1400,稍,リョーノテソーロ  ,牡,3,吉田隼人,56.0,13,04,1,1,0,0,5,82.3,"1223",0,0,0,6,5,34.1,510,武井亮,美,1900,15110091,01095,01147,0518111004,了徳寺健二ホールデ,"Highland Yard LLC","Justin Phillip","Town Belle",Speightstown,鹿毛,150227,   15.2,  ,    ,56.0
18,01,27,1,東京,1,10,クロッカ,131,芝,0,1400,稍,アーヒラ          ,牝,3,津村明秀,54.0,13,05,12,12,0,1.2,12,83.5,"1235",0,0,0,9,10,35,426,石毛善彦,美,0,15106372,01092,00428,0518111005,ミルファーム,栄進牧場,スウェプトオーヴァーボード,エイシンルンナ,エイシンワシントン,芦毛,150412,  514.8,  ,    ,53.9
18,01,27,1,東京,1,10,クロッカ,131,芝,0,1400,稍,ムスコローソ      ,牡,3,戸崎圭太,56.0,13,06,3,3,0,0.2,3,82.5,"1225",0,0,0,6,8,34.1,494,手塚貴久,美,480,15105082,05386,01038,0518111006,落合幸弘,ノーザンファーム,ヘニーヒューズ,ルナレガーロ,アドマイヤムーン,栗毛,150129,    5.2,  ,    ,56.5
18,01,27,1,東京,1,10,クロッカ,131,芝,0,1400,稍,アイスフィヨルド  ,牡,3,田辺裕信,56.0,13,07,4,4,0,0.3,6,82.6,"1226",0,0,0,9,8,34.2,444,武藤善則,美,290,15102841,01075,01064,0518111007,佐々木雄二,浦河小林牧場,クリストワイニング,ラトーヌインパクト,ディープインパクト,芦毛,150422,   20.0,  ,    ,56.1
18,01,27,1,東京,1,10,クロッカ,131,芝,0,1400,稍,ミッキーワイルド  ,牡,3,福永祐一,56.0,13,08,7,7,0,0.7,1,83,"1230",0,0,0,11,10,34.5,490,安田隆行,栗,0,15105114,01014,00438,0518111008,野田みづき,ノーザンファーム,ロードカナロア,ワイルドラズベリー,ファルブラヴ,鹿毛,150204,    1.9,  ,    ,55.4
18,01,27,1,東京,1,10,クロッカ,131,芝,0,1400,稍,ヒシコスマー      ,牡,3,大野拓弥,56.0,13,09,8,8,0,0.8,8,83.1,"1231",0,0,0,11,10,34.5,476,清水久詞,栗,0,15101007,01096,01110,0518111009,阿部雅英,厚賀古川牧場,ブラックタイド,コスマグレース,ヘクタープロテクター,黒鹿,150318,   35.9,  ,    ,55.7
18,01,27,1,東京,1,10,クロッカ,131,芝,0,1400,稍,ビリーバー        ,牝,3,杉原誠人,54.0,13,10,6,6,0,0.5,9,82.8,"1228",0,0,0,5,5,34.6,446,石毛善彦,美,0,15103875,01135,00428,0518111010,ミルファーム,ミルファーム,モンテロッソ,デイドリーマー,ネオユニヴァース,黒鹿,150126,   65.1,  ,    ,54.5
18,01,27,1,東京,1,10,クロッカ,131,芝,0,1400,稍,キングキングキング,牡,3,蛯名正義,56.0,13,11,10,10,0,1,7,83.3,"1233",0,0,0,6,5,35.2,478,国枝栄,美,0,15103195,00663,00399,0518111011,嶋田賢,辻牧場,キングズベスト,アドマイヤアロング,スペシャルウィーク,黒鹿,150426,   29.4,  ,    ,52.5
18,01,27,1,東京,1,10,クロッカ,131,芝,0,1400,稍,トキノメガミ      ,牝,3,丹内祐次,54.0,13,12,13,13,0,2.4,13,84.7,"1247",0,0,0,3,3,36.8,450,小桧山悟,美,0,15103748,01091,01005,0518111012,時田勝弘,中山牧場,トビーズコーナー,マーベラスローズ,ブライアンズタイム,栗毛,150317,  631.2,  ,    ,47.6
18,01,27,1,東京,1,10,クロッカ,131,芝,0,1400,稍,シキシマ          ,牡,3,内田博幸,56.0,13,13,9,9,0,1,11,83.3,"1233",0,0,0,13,13,34.1,480,小桧山悟,美,0,15102909,00422,01005,0518111013,井山登,大柳ファーム,ショウナンカンプ,ワンメイク,フジキセキ,鹿毛,150330,  194.1,  ,    ,58.2
18,01,27,1,東京,1,11,白富士Ｓ,131,芝,0,2000,稍,プラチナムバレット,牡,4,浜中俊,56.0,10,01,4,4,0,0.3,1,119.3,"1593",0,0,5,5,4,34.4,480,河内洋,栗,360,14104273,01115,01072,0518111101,ノルマンディーサラ,岡田スタツド,マンハッタンカフェ,スノースタイル,ホワイトマズル,芦毛,140519,    2.7,  ,    ,55.8
18,01,27,1,東京,1,11,白富士Ｓ,131,芝,0,2000,稍,ピンポン          ,牡,8,吉田隼人,56.0,10,02,8,8,0,1.4,10,120.4,"2004",0,0,9,9,9,34.9,470,寺島良,栗,0,10106467,01095,01158,0518111102,小田切有一,大栄牧場,ハーツクライ,ピアニスト,ホワイトマズル,鹿毛,100404,  199.2,  ,    ,55.0
18,01,27,1,東京,1,11,白富士Ｓ,131,芝,0,2000,稍,マイネルサージュ  ,牡,6,三浦皇成,56.0,10,03,3,3,0,0.2,7,119.2,"1592",0,0,6,6,6,34,500,鹿戸雄一,美,600,12103930,01122,01097,0518111103,サラブレッドクラブ,レイクヴィラファー,ハービンジャー,サオヒメ,サンデーサイレンス,鹿毛,120413,   35.2,  ,    ,57.4
18,01,27,1,東京,1,11,白富士Ｓ,131,芝,0,2000,稍,マイネルハニー    ,牡,5,柴田大知,57.0,10,04,1,1,0,0,3,119,"1590",0,0,1,1,1,34.9,484,栗田博憲,美,2400,13102938,01009,00341,0518111104,サラブレッドクラブ,高昭牧場,マツリダゴッホ,ブライアンハニー,ナリタブライアン,鹿毛,130510,    5.2,  ,    ,53.3
18,01,27,1,東京,1,11,白富士Ｓ,131,芝,0,2000,稍,レーヴミストラル  ,牡,6,戸崎圭太,57.0,10,05,7,7,0,1,6,120,"2000",0,0,8,8,8,34.6,494,高野友和,栗,0,12104929,05386,01117,0518111105,サンデーレーシング,ノーザンファーム,キングカメハメハ,レーヴドスカー,"Highest Honor",鹿毛,120508,   14.7,  ,    ,55.8
18,01,27,1,東京,1,11,白富士Ｓ,131,芝,0,2000,稍,リアファル        ,牡,6,内田博幸,56.0,10,06,6,6,0,1,5,120,"2000",0,0,3,3,3,35.3,524,音無秀孝,栗,0,12104598,00422,01002,0518111106,キャロットファーム,ノーザンファーム,ゼンノロブロイ,クリソプレーズ,エルコンドルパサー,鹿毛,120205,   12.3,  ,    ,52.8
18,01,27,1,東京,1,11,白富士Ｓ,131,芝,0,2000,稍,スズカデヴィアス  ,牡,7,福永祐一,57.0,10,07,2,2,0,0,4,119,"1590",0,0,6,6,6,33.9,514,橋田満,栗,960,11105898,01014,00362,0518111107,永井啓弍,辻牧場,キングカメハメハ,スズカローラン,サンデーサイレンス,黒鹿,110508,    5.5,  ,    ,57.6
18,01,27,1,東京,1,11,白富士Ｓ,131,芝,0,2000,稍,トルークマクト    ,牡,8,杉原誠人,56.0,10,08,9,9,0,1.9,9,120.9,"2009",0,0,9,10,10,35,460,尾関知人,美,0,10102243,01135,01103,0518111108,ミルファーム,バンダム牧場,アドマイヤジャパン,ロゼ,"High Chaparral",鹿毛,100414,  139.4,  ,    ,55.2
18,01,27,1,東京,1,11,白富士Ｓ,131,芝,0,2000,稍,テオドール        ,牡,5,ルメール,56.0,10,09,5,5,0,0.5,2,119.5,"1595",0,0,2,2,2,35.1,542,国枝栄,美,240,13105781,05339,00399,0518111109,サンデーレーシング,ノーザンファーム,ハービンジャー,アンブロワーズ,フレンチデピュティ,鹿毛,130506,    3.2,  ,    ,53.1
18,01,27,1,東京,1,11,白富士Ｓ,131,芝,0,2000,稍,タガノヴェリテ    ,セ,6,横山典弘,56.0,10,10,10,10,0,2.1,8,121.1,"2011",0,0,4,4,4,36.1,482,本田優,栗,0,12100494,00660,01099,0518111110,八木良司,新冠タガノファーム,ハーツクライ,ヴィオレットステラ,"Invincible Spirit",鹿毛,120316,   56.9,  ,    ,50.9
18,01,27,1,東京,1,12,500万下,23,芝,0,1600,稍,レーヌジャルダン  ,牝,4,大野拓弥,54.0,16,01,2,2,0,0.2,6,95.4,"1354",0,0,0,1,1,34.9,446,高柳瑞樹,美,300,14105470,01096,01118,0518111201,グリーンファーム,社台ファーム,ディープインパクト,クィーンスプマンテ,ジャングルポケット,鹿毛,140418,   17.6,  ,    ,54.0
18,01,27,1,東京,1,12,500万下,23,芝,0,1600,稍,リボンドグレープス,牝,5,石橋脩,55.0,16,02,11,11,0,1.2,13,96.4,"1364",0,0,0,5,5,35.6,426,堀宣行,美,0,13105512,01077,01070,0518111202,木下博,社台ファーム,スウェプトオーヴァーボード,スペシャルリボン,スペシャルウィーク,芦毛,130322,  272.8,  ,    ,52.5
18,01,27,1,東京,1,12,500万下,23,芝,0,1600,稍,スターオービット  ,牡,4,横山典弘,56.0,16,03,8,8,0,0.9,8,96.1,"1361",0,0,0,14,13,34.7,484,奥平雅士,美,0,14101687,00660,01074,0518111203,島川隆哉,エスティファーム,ネオユニヴァース,カネトシコンサイス,"Smarty Jones",栗毛,140209,   18.5,  ,    ,56.2
18,01,27,1,東京,1,12,500万下,23,芝,0,1600,稍,オーダードリブン  ,牡,5,勝浦正樹,57.0,16,04,7,7,0,0.8,3,96,"1360",0,0,0,8,9,34.9,464,加藤征弘,美,0,13105451,01025,01059,0518111204,社台レースホース,社台ファーム,ディープインパクト,コマーサント,"Marchand de Sable",黒鹿,130506,   11.0,  ,    ,55.0
18,01,27,1,東京,1,12,500万下,23,芝,0,1600,稍,トリリオネア      ,牡,4,蛯名正義,56.0,16,05,3,3,0,0.2,7,95.4,"1354",0,0,0,5,5,34.6,466,小島太,美,190,14110079,00663,01013,0518111205,ゴドルフィン,Darley,Dubawi,"Many Colours","Green Desert",鹿毛,140422,   18.1,  ,    ,55.4
18,01,27,1,東京,1,12,500万下,23,芝,0,1600,稍,レッドミラベル    ,牝,4,福永祐一,54.0,16,06,14,14,0,2,9,97.2,"1372",0,0,0,8,9,36.1,442,尾関知人,美,0,14105575,01014,01103,0518111206,東京ホースレーシン,社台ファーム,ステイゴールド,ダンスーズデトワール,"Highest Honor",芦毛,140215,   36.1,  ,    ,51.6
18,01,27,1,東京,1,12,500万下,23,芝,0,1600,稍,アーチキング      ,セ,5,ルメール,57.0,16,07,1,1,0,-0.2,1,95.2,"1352",0,0,0,5,5,34.4,522,木村哲也,美,750,13110085,05339,01126,0518111207,シルクレーシング,"Spendthrift Farm L",Archarcharch,Profitability,"Cherokee Run",鹿毛,130309,    2.4,  ,    ,56.0
18,01,27,1,東京,1,12,500万下,23,芝,0,1600,稍,バトルスピリッツ  ,牡,4,柴山雄一,56.0,16,08,4,4,0,0.2,2,95.4,"1354",0,0,0,11,9,34.3,512,藤沢和雄,美,110,14101361,05243,00386,0518111208,山本英俊,三石川上牧場,"Sea The Stars",ボールルーム,"Storm Cat",鹿毛,140323,    3.2,  ,    ,56.9
18,01,27,1,東京,1,12,500万下,23,芝,0,1600,稍,ヴァイスジーニー  ,牡,4,野中悠太,53.0,16,09,13,13,0,1.4,10,96.6,"1366",0,0,0,8,8,35.7,518,和田正道,美,0,14110003,01158,00353,0518111209,ヒダカ・ブリーダー,"Janes Everatt Jane","Paddy O'Prado",Indylyn,"A.P. Indy",芦毛,140119,   38.2,  ,    ,52.4
18,01,27,1,東京,1,12,500万下,23,芝,0,1600,稍,アストロブレーム  ,牡,5,北村宏司,57.0,16,10,12,12,0,1.3,14,96.5,"1365",0,0,0,15,15,35,444,勢司和浩,美,0,13105422,01043,01047,0518111210,木村廣太,社台ファーム,ディープインパクト,オンヴェラ,"Smart Strike",鹿毛,130225,  291.8,  ,    ,55.4
18,01,27,1,東京,1,12,500万下,23,芝,0,1600,稍,ディアパヴォーネ  ,牝,4,武藤雅,51.0,16,11,15,15,0,2.6,16,97.8,"1378",0,0,0,15,16,36,424,二ノ宮敬,美,0,14100372,01169,00409,0518111211,ディアレストクラブ,武田牧場,エンパイアメーカー,レンデフルール,ブライアンズタイム,黒鹿,140304,  357.2,  ,    ,53.0
18,01,27,1,東京,1,12,500万下,23,芝,0,1600,稍,ナッツスター      ,牡,5,三浦皇成,57.0,16,12,6,6,0,0.4,12,95.6,"1356",0,0,0,2,2,35,458,武藤善則,美,0,13103929,01122,01064,0518111212,早川経一,岡田スタツド,マツリダゴッホ,ヴンダーゾンネ,グラスワンダー,鹿毛,130311,   91.1,  ,    ,53.9
18,01,27,1,東京,1,12,500万下,23,芝,0,1600,稍,ゴールドミライ    ,牝,5,丹内祐次,55.0,16,13,16,16,0,4.3,15,99.5,"1395",0,0,0,2,3,38.8,468,加藤和宏,美,0,13100679,01091,01077,0518111213,ゴールドレーシング,豊郷牧場,メイショウサムソン,ゴールドサリー,ダンスインザダーク,鹿毛,130406,  316.5,  ,    ,43.9
18,01,27,1,東京,1,12,500万下,23,芝,0,1600,稍,レローヴ          ,牝,4,田辺裕信,54.0,16,14,10,10,0,1.2,5,96.4,"1364",0,0,0,4,3,35.7,476,黒岩陽一,美,0,14105371,01075,01133,0518111214,今中俊平,社台ファーム,ヴィクトワールピサ,アイアムラヴィング,ファルブラヴ,鹿毛,140428,   11.6,  ,    ,52.0
18,01,27,1,東京,1,12,500万下,23,芝,0,1600,稍,タックボーイ      ,牡,4,柴田大知,56.0,16,15,9,9,0,1.2,11,96.4,"1364",0,0,0,12,9,35.3,454,高橋祥泰,美,0,14100702,01009,00359,0518111215,Mr.ホース,ビッグレッドファー,マツリダゴッホ,ゴールドリーフ,ダイナガリバー,鹿毛,140318,   38.9,  ,    ,53.9
18,01,27,1,東京,1,12,500万下,23,芝,0,1600,稍,レッドルチア      ,牝,4,田中勝春,54.0,16,16,5,5,0,0.3,4,95.5,"1355",0,0,0,12,13,34.2,412,鹿戸雄一,美,75,14105922,00684,01097,0518111216,東京ホースレーシン,ノーザンファーム,ディープインパクト,サセッティ,Selkirk,黒鹿,140223,   11.4,  ,    ,57.5
18,01,28,1,東京,2,01,未勝利,7,ダ,1,1300,不,ミスベル          ,牝,3,黛弘人,54.0,16,01,15,15,0,3.1,15,83.3,"1233",0,0,0,10,8,39.2,414,伊藤正徳,美,0,15102638,01109,00383,0518120101,小林博雄,三石川上牧場,ヨハネスブルグ,レディーロックフォード,"Invincible Spirit",鹿毛,150212,  249.4,  ,    ,46.4
18,01,28,1,東京,2,01,未勝利,7,ダ,1,1300,不,シセイタケル      ,牡,3,吉田隼人,56.0,16,02,3,3,0,0.5,5,80.7,"1207",0,0,0,10,10,36.5,466,高橋文雅,美,130,15102018,01095,01134,0518120102,猪苗代勇,メイプルファーム,ロージズインメイ,シセイヒミコ,ダンスインザダーク,栗毛,150421,   13.2,  ,    ,53.8
18,01,28,1,東京,2,01,未勝利,7,ダ,1,1300,不,アテンコール      ,牡,3,内田博幸,56.0,16,03,5,5,0,0.9,9,81.1,"1211",0,0,0,4,4,37.4,452,天間昭一,美,50,15103445,00422,01090,0518120103,齊藤直信,冨岡博一,ロードアルティマ,ピエナキューティー,デザートキング,鹿毛,150511,   33.8,  ,    ,50.2
18,01,28,1,東京,2,01,未勝利,7,ダ,1,1300,不,ザイオン          ,牡,3,田辺裕信,56.0,16,04,4,4,0,0.8,3,81,"1210",0,0,0,14,14,36.5,462,相沢郁,美,75,15102713,01075,01020,0518120104,小泉修,米田牧場,パイロ,レッドジュピター,プリサイスエンド,鹿毛,150326,    4.5,  ,    ,54.5
18,01,28,1,東京,2,01,未勝利,7,ダ,1,1300,不,オリエンタルボーン,牡,3,野中悠太,53.0,16,05,8,8,0,1.1,12,81.3,"1213",0,0,0,6,6,37.4,476,大江原哲,美,0,15101282,01158,01012,0518120105,棚網基己,佐々木康治,タイキシャトル,ウィスキーカラー,アフリート,栗毛,150516,   88.3,  ,    ,50.6
18,01,28,1,東京,2,01,未勝利,7,ダ,1,1300,不,エコロインパクト  ,牡,3,津村明秀,56.0,16,06,9,9,0,1.4,11,81.6,"1216",0,0,0,16,16,36.5,494,鈴木伸尋,美,0,15102947,01092,01026,0518120106,原村正紀,金石牧場,タイキシャトル,レイジングロマンス,Kingmambo,鹿毛,150420,   69.2,  ,    ,55.9
18,01,28,1,東京,2,01,未勝利,7,ダ,1,1300,不,オペラカイジン    ,牡,3,武藤雅,53.0,16,07,2,2,0,0.3,2,80.5,"1205",0,0,0,1,1,37.1,468,小西一男,美,200,15105722,01169,00405,0518120107,平本敏夫,静内フジカワ牧場,メイショウボーラー,オペラガール,オペラハウス,黒鹿,150302,    4.3,  ,    ,50.3
18,01,28,1,東京,2,01,未勝利,7,ダ,1,1300,不,エムオーセイコー  ,牡,3,丹内祐次,56.0,16,08,14,14,0,3,16,83.2,"1232",0,0,0,2,2,39.7,496,尾形和幸,美,0,15102089,01091,01141,0518120108,大浅貢,湯浅一夫,エムオーウイナー,エムオーアンジェラ,マイネルラヴ,栗毛,150329,  527.8,  ,    ,43.9
18,01,28,1,東京,2,01,未勝利,7,ダ,1,1300,不,タイセイレーベン  ,牡,3,柴田善臣,56.0,16,09,6,6,0,0.9,7,81.1,"1211",0,0,0,8,6,37.2,522,菊川正達,美,0,15102684,00641,01052,0518120109,田中成奉,森政巳,トビーズコーナー,ビバロングライフ,コマンダーインチーフ,栗毛,150412,   19.3,  ,    ,51.2
18,01,28,1,東京,2,01,未勝利,7,ダ,1,1300,不,コンノートヒューズ,牡,3,戸崎圭太,56.0,16,10,12,12,0,1.9,10,82.1,"1221",0,0,0,13,14,37.6,506,谷原義明,美,0,15100070,05386,00402,0518120110,浜野順之助,石郷岡雅樹,ヘニーヒューズ,マンガーノ,"Quiet American",栗毛,150522,   46.0,  ,    ,51.4
18,01,28,1,東京,2,01,未勝利,7,ダ,1,1300,不,キョウエイオビエド,牡,3,北村宏司,56.0,16,11,1,1,0,-0.3,4,80.2,"1202",0,0,0,4,4,36.4,470,勢司和浩,美,500,15103431,01043,01047,0518120111,田中晴夫,山口義彦,スウェプトオーヴァーボード,スマートウェーブ,ネオユニヴァース,芦毛,150428,   10.5,  ,    ,53.1
18,01,28,1,東京,2,01,未勝利,7,ダ,1,1300,不,ラッキーユー      ,牡,3,江田照男,56.0,16,12,13,13,0,2.7,13,82.9,"1229",0,0,0,6,8,38.8,460,中川公成,美,0,15105543,00689,01081,0518120112,岡田牧雄,カタオカフアーム,ショウナンカンプ,ユメノラッキー,"Salt Lake",鹿毛,150509,  201.7,  ,    ,47.4
18,01,28,1,東京,2,01,未勝利,7,ダ,1,1300,不,ユメイチズ        ,牡,3,松岡正海,56.0,16,13,10,10,0,1.6,1,81.8,"1218",0,0,0,15,12,37.4,480,浅野洋一,美,0,15106010,01085,00421,0518120113,上田忠男,中田浩美,サムライハート,マストゥドウ,チーフベアハート,栗毛,150421,    2.7,  ,    ,51.8
18,01,28,1,東京,2,01,未勝利,7,ダ,1,1300,不,プラチナウィーク  ,牡,3,嘉藤貴行,56.0,16,14,16,16,0,3.8,14,84,"1240",0,0,0,8,12,39.6,512,加藤和宏,美,0,15102952,01051,01077,0518120114,平本敏夫,鎌田正嗣,スペシャルウィーク,テツムーン,アドマイヤムーン,栗毛,150415,  223.0,  ,    ,46.1
18,01,28,1,東京,2,01,未勝利,7,ダ,1,1300,不,アスクヴェリウェル,牡,3,岩田康誠,56.0,16,15,7,7,0,0.9,8,81.1,"1211",0,0,0,3,2,37.6,450,中舘英二,美,0,15106490,05203,01153,0518120115,廣崎利洋HD,川上牧場,ハードスパン,レモンキャンディー,サンデーサイレンス,鹿毛,150516,   20.3,  ,    ,49.2
18,01,28,1,東京,2,01,未勝利,7,ダ,1,1300,不,テンポディヴァルス,牡,3,木幡初也,55.0,16,16,11,11,0,1.7,6,81.9,"1219",0,0,0,12,10,37.6,444,矢野英一,美,0,15105807,01153,01108,0518120116,ターフ・スポート,高橋義浩,ロードカナロア,アンナータ,アドマイヤムーン,鹿毛,150401,   13.6,  ,    ,51.0
18,01,28,1,東京,2,02,新馬,15,ダ,1,1400,不,フランクオーシャン,牡,3,横山和生,56.0,16,01,16,16,0,5.9,16,93.2,"1332",0,0,0,16,16,37.6,470,水野貴広,美,0,15100152,01140,01094,0518120201,パニオロ,上井農場,ベーカバド,カネスベネフィシオ,フォーティナイナー,鹿毛,150501,  195.6,  ,    ,60.9
18,01,28,1,東京,2,02,新馬,15,ダ,1,1400,不,ラブリランテ      ,牝,3,柴田善臣,54.0,16,02,2,2,0,0.2,1,87.5,"1275",0,0,0,12,7,37,446,竹内正洋,美,240,15102230,00641,01152,0518120202,ヒダカ・ブリーダー,船越伸也,ディープブリランテ,シャインプレジャー,アグネスデジタル,鹿毛,150412,    3.6,  ,    ,52.4
18,01,28,1,東京,2,02,新馬,15,ダ,1,1400,不,ダイダラボッチ    ,牡,3,丹内祐次,56.0,16,03,14,14,0,3.2,13,90.5,"1305",0,0,0,14,14,38.7,454,小桧山悟,美,0,15106358,01091,01005,0518120203,江川伸夫,川上牧場,ロジユニヴァース,ブロードスマイル,ブライアンズタイム,鹿毛,150424,  104.6,  ,    ,50.4
18,01,28,1,東京,2,02,新馬,15,ダ,1,1400,不,スーパーヴュー    ,牝,3,田中勝春,54.0,16,04,11,11,0,2.5,12,89.8,"1298",0,0,0,9,10,39.1,404,伊藤伸一,美,0,15101037,00684,01031,0518120204,藤田在子,天羽禮治,シベリアンホーク,マルターズクリス,シンボリクリスエス,黒鹿,150309,   72.4,  ,    ,47.3
18,01,28,1,東京,2,02,新馬,15,ダ,1,1400,不,フチコマ          ,牡,3,大野拓弥,56.0,16,05,9,9,0,1,9,88.3,"1283",0,0,0,1,1,38.4,494,水野貴広,美,0,15103628,01096,01094,0518120205,ディアレストクラブ,小島牧場,メイショウボーラー,ハニーハント,エンドスウィープ,栗毛,150317,   30.1,  ,    ,47.5
18,01,28,1,東京,2,02,新馬,15,ダ,1,1400,不,ペルランドール    ,牡,3,北村宏司,56.0,16,06,8,8,0,0.9,4,88.2,"1282",0,0,0,2,2,38.2,464,黒岩陽一,美,0,15105457,01043,01133,0518120206,ノルマンディーサラ,岡田スタツド,スマートファルコン,ホリデイトウショウ,タイキシャトル,鹿毛,150515,    6.7,  ,    ,48.2
18,01,28,1,東京,2,02,新馬,15,ダ,1,1400,不,アドバンスアゲン  ,牡,3,江田照男,56.0,16,07,5,5,0,0.8,7,88.1,"1281",0,0,0,10,10,37.5,466,中野栄治,美,60,15100871,00689,01010,0518120207,浅川皓司,村上牧場,ベーカバド,カイアナイト,シンボリクリスエス,黒鹿,150517,   12.7,  ,    ,51.2
18,01,28,1,東京,2,02,新馬,15,ダ,1,1400,不,コーラルフィーユ  ,牝,3,蛯名正義,54.0,16,08,12,12,0,2.8,6,90.1,"1301",0,0,0,3,3,40,438,堀井雅広,美,0,15102628,00663,00436,0518120208,ノルマンディーサラ,三石川上牧場,アポロキングダム,コールミーシュガー,アドマイヤムーン,栗毛,150325,   12.6,  ,    ,43.9
18,01,28,1,東京,2,02,新馬,15,ダ,1,1400,不,オータムヘイロー  ,牝,3,嘉藤貴行,54.0,16,09,1,1,0,-0.2,8,87.3,"1273",0,0,0,3,3,37.2,436,田島俊明,美,600,15106266,01051,01112,0518120209,Basic,見上牧場,ゴールドヘイロー,ウインクセレネ,ダンシングブレーヴ,黒鹿,150407,   20.8,  ,    ,51.0
18,01,28,1,東京,2,02,新馬,15,ダ,1,1400,不,ボーンスキルフル  ,牝,3,内田博幸,54.0,16,10,6,6,0,0.8,3,88.1,"1281",0,0,0,7,7,37.7,460,牧浦充徳,栗,0,15104537,00422,01113,0518120210,吉田千津,社台ファーム,ショウナンカンプ,ボーンスター,サンデーサイレンス,青鹿,150403,    4.9,  ,    ,50.3
18,01,28,1,東京,2,02,新馬,15,ダ,1,1400,不,クレバーレディー  ,牝,3,西村太一,54.0,16,11,10,10,0,1.9,15,89.2,"1292",0,0,0,10,10,38.6,460,南田美知,美,0,15102993,01131,00437,0518120211,増山武志,杵臼牧場,スマートファルコン,シルキーブライド,"Rock Hard Ten",栗毛,150319,  159.4,  ,    ,48.3
18,01,28,1,東京,2,02,新馬,15,ダ,1,1400,不,ウインメディウム  ,牝,3,柴田大知,54.0,16,12,3,3,0,0.4,5,87.7,"1277",0,0,0,3,5,37.5,488,田中剛,美,150,15100050,01009,01119,0518120212,ウイン,アラキフアーム,ヘニーヒューズ,アラマササンデー,フジキセキ,栗毛,150421,    8.7,  ,    ,50.4
18,01,28,1,東京,2,02,新馬,15,ダ,1,1400,不,プリモアイズ      ,牝,3,武士沢友,54.0,16,13,4,4,0,0.7,10,88,"1280",0,0,0,7,7,37.6,414,新開幸一,美,90,15104609,01029,01116,0518120213,会田浩史,社台ファーム,エイシンフラッシュ,ルリビタキ,デュランダル,鹿毛,150216,   68.5,  ,    ,50.5
18,01,28,1,東京,2,02,新馬,15,ダ,1,1400,不,フクノシャルトル  ,牡,3,木幡初広,56.0,16,14,13,13,0,3.1,11,90.4,"1304",0,0,0,12,13,39.5,456,杉浦宏昭,美,0,15102480,00629,01008,0518120214,福島祐子,土田農場,ヴィクトワールピサ,ベレッツァ,フジキセキ,黒鹿,150530,   70.7,  ,    ,46.6
18,01,28,1,東京,2,02,新馬,15,ダ,1,1400,不,サンバッファロー  ,牝,3,野中悠太,51.0,16,15,15,15,0,4.4,14,91.7,"1317",0,0,0,15,15,38,450,根本康広,美,0,15101213,01158,01029,0518120215,加藤ステーブル,北田剛,ロージズインメイ,ピンクショットガン,ジャングルポケット,青鹿,150504,  156.9,  ,    ,56.0
18,01,28,1,東京,2,02,新馬,15,ダ,1,1400,不,ロトヴィンテージ  ,牡,3,村田一誠,56.0,16,16,7,7,0,0.8,2,88.1,"1281",0,0,0,3,5,37.8,480,藤原辰雄,美,0,15101892,01031,00435,0518120216,國武佳博,広富牧場,ヴァーミリアン,トウカイライフ,トウカイテイオー,青鹿,150317,    4.8,  ,    ,49.8
18,01,28,1,東京,2,03,未勝利,7,ダ,1,1600,不,カネトシダウティ  ,牡,3,松岡正海,56.0,16,01,15,15,0,4.7,13,103,"1430",0,0,0,8,9,40.9,450,松永康利,美,0,15100360,01085,01093,0518120301,兼松昌男,武田寛治,ストーミングホーム,カネトシレジアス,ジャングルポケット,鹿毛,150426,  230.6,  ,    ,41.1
18,01,28,1,東京,2,03,未勝利,7,ダ,1,1600,不,シモンズ          ,牡,3,柴田善臣,56.0,16,02,9,9,0,1.8,11,100.1,"1401",0,0,0,15,16,36.5,476,二ノ宮敬,美,0,15102697,00641,00409,0518120302,嶋田賢,山口忠彦,スウェプトオーヴァーボード,クリムゾンフレア,サンデーサイレンス,芦毛,150509,  102.7,  ,    ,54.5
18,01,28,1,東京,2,03,未勝利,7,ダ,1,1600,不,フロリアヌス      ,牡,3,戸崎圭太,56.0,16,03,2,2,0,0.2,4,98.5,"1385",0,0,0,4,4,37.3,454,武藤善則,美,200,15104555,05386,01064,0518120303,グリーンファーム,社台ファーム,ローエングリン,マルカフローリアン,サンデーサイレンス,鹿毛,150203,    6.9,  ,    ,48.4
18,01,28,1,東京,2,03,未勝利,7,ダ,1,1600,不,エナグリン        ,牡,3,野中悠太,53.0,16,04,7,7,0,1.6,15,99.9,"1399",0,0,0,10,11,37.7,476,伊藤大士,美,0,15104458,01158,01109,0518120304,宮原廣伸,社台ファーム,ローエングリン,ハッピーダイアリー,アグネスタキオン,栗毛,150219,  339.7,  ,    ,49.0
18,01,28,1,東京,2,03,未勝利,7,ダ,1,1600,不,リアルモンテ      ,牡,3,田辺裕信,56.0,16,05,11,11,0,2.2,6,100.5,"1405",0,0,0,4,4,39.3,470,中川公成,美,0,15101896,01075,01081,0518120305,伊藤誠吉,広中稔,モンテロッソ,スウィートダンス,ジョリーズヘイロー,鹿毛,150418,   14.3,  ,    ,43.4
18,01,28,1,東京,2,03,未勝利,7,ダ,1,1600,不,グラデュエイト    ,牡,3,ルメール,56.0,16,06,5,5,0,1.2,1,99.5,"1395",0,0,0,1,1,38.7,498,加藤征弘,美,50,15105958,05339,01059,0518120306,阿部友弘,千代田牧場,エイシンフラッシュ,ミッキーハナコ,アドマイヤムーン,青鹿,150406,    2.4,  ,    ,44.3
18,01,28,1,東京,2,03,未勝利,7,ダ,1,1600,不,ハタノレジーナ    ,牝,3,武藤雅,51.0,16,07,6,6,0,1.4,9,99.7,"1397",0,0,0,7,6,37.9,444,古賀史生,美,0,15101251,01169,00392,0518120307,グッドラック・ファ,グッドラック・ファ,アイルハヴアナザー,ハタノガイア,ブライアンズタイム,青鹿,150605,   66.9,  ,    ,47.8
18,01,28,1,東京,2,03,未勝利,7,ダ,1,1600,不,カシノバイタル    ,牡,3,二本柳壮,56.0,16,08,14,14,0,3.2,16,101.5,"1415",0,0,0,15,14,38.8,446,二本柳俊,美,0,15102976,01049,00370,0518120308,柏木務,杵臼斉藤牧場,ストーミングホーム,アクティブアクト,ダンスインザダーク,黒鹿,150425,  519.9,  ,    ,47.0
18,01,28,1,東京,2,03,未勝利,7,ダ,1,1600,不,レッドチェイサー  ,牡,3,内田博幸,56.0,16,09,12,12,0,2.3,8,100.6,"1406",0,0,0,2,2,39.8,492,国枝栄,美,0,15104620,00422,00399,0518120309,東京ホースレーシン,社台ファーム,キングヘイロー,レッドリップス,フレンチデピュティ,栗毛,150205,   31.2,  ,    ,41.7
18,01,28,1,東京,2,03,未勝利,7,ダ,1,1600,不,トーホウフライト  ,牡,3,蛯名正義,56.0,16,10,3,3,0,0.2,5,98.5,"1385",0,0,0,2,2,37.7,500,田中清隆,美,130,15101542,00663,00408,0518120310,東豊物産,竹島幸治,スズカマンボ,トーホウリッチ,マイネルラヴ,鹿毛,150517,   10.9,  ,    ,46.8
18,01,28,1,東京,2,03,未勝利,7,ダ,1,1600,不,ネコワシ          ,牡,3,柴田大知,56.0,16,11,1,1,0,-0.2,2,98.3,"1383",0,0,0,8,8,36.3,498,星野忍,美,500,15100355,01009,01030,0518120311,節英司,高瀬牧場,エンパイアメーカー,ヤマノボンディール,ダンスインザダーク,鹿毛,150308,    3.9,  ,    ,52.5
18,01,28,1,東京,2,03,未勝利,7,ダ,1,1600,不,エリーエスパー    ,牝,3,江田照男,54.0,16,12,10,10,0,2,10,100.3,"1403",0,0,0,12,12,37.8,470,本間忍,美,0,15102433,00689,01056,0518120312,谷川正純,城地牧場,カネヒキリ,エイシンベリンダ,エルコンドルパサー,鹿毛,150531,   75.0,  ,    ,49.2
18,01,28,1,東京,2,03,未勝利,7,ダ,1,1600,不,フロースヒルデ    ,牝,3,津村明秀,54.0,16,13,8,8,0,1.6,7,99.9,"1399",0,0,0,11,9,37.8,430,蛯名利弘,美,0,15101083,01092,01131,0518120313,宮川保,浦新徳司,エンパイアメーカー,ジョウノナンシー,フレンチデピュティ,鹿毛,150310,   28.6,  ,    ,48.6
18,01,28,1,東京,2,03,未勝利,7,ダ,1,1600,不,ヴィジリア        ,牡,3,大野拓弥,56.0,16,14,4,4,0,1.1,3,99.4,"1394",0,0,0,13,12,37,432,田村康仁,美,75,15104118,01096,01027,0518120314,G1レーシング,追分ファーム,キングカメハメハ,ナターレ,クロフネ,鹿毛,150224,    6.1,  ,    ,51.2
18,01,28,1,東京,2,03,未勝利,7,ダ,1,1600,不,ダイワウェッジ    ,牡,3,北村宏司,56.0,16,15,13,13,0,2.7,14,101,"1410",0,0,0,13,15,37.7,500,宗像義忠,美,0,15105978,01043,00420,0518120315,大城敬三,千代田牧場,ヴァーミリアン,ロジカルクィーン,"Deputy Minister",鹿毛,150303,  253.8,  ,    ,50.7
18,01,28,1,東京,2,03,未勝利,7,ダ,1,1600,不,クロフネライコウ  ,牡,3,荻野極,55.0,16,16,16,16,0,5.2,12,103.5,"1435",0,0,0,4,6,41.7,500,勢司和浩,美,0,15102593,01160,01047,0518120316,村田哲朗,前川正美,クロフネ,タイセイハニー,エンドスウィープ,芦毛,150128,  154.2,  ,    ,38.9
18,01,28,1,東京,2,04,未勝利,7,芝,0,1600,稍,ミッキーバード    ,牡,3,ルメール,56.0,16,01,4,4,0,0.6,2,97.1,"1371",0,0,0,9,9,34.5,504,尾関知人,美,75,15104068,05339,01103,0518120401,野田みづき,レイクヴィラファー,ヴィクトワールピサ,メジロルバート,メジロライアン,鹿毛,150202,    4.1,  ,    ,58.9
18,01,28,1,東京,2,04,未勝利,7,芝,0,1600,稍,トーホウディアーナ,牝,3,丹内祐次,54.0,16,02,12,12,0,1.9,4,98.4,"1384",0,0,0,1,1,36.7,444,古賀史生,美,0,15101173,01091,00392,0518120402,東豊物産,オリオンファーム,ノヴェリスト,ヴァルホーリング,Halling,黒鹿,150429,   20.8,  ,    ,50.9
18,01,28,1,東京,2,04,未勝利,7,芝,0,1600,稍,シガール          ,牝,3,柴田大知,54.0,16,03,11,11,0,1.8,14,98.3,"1383",0,0,0,6,7,36,474,田中清隆,美,0,15106129,01009,00408,0518120403,ブルースターズファ,藤沢牧場,ジョーカプチーノ,アナンダ,アルカセット,黒鹿,150307,  251.1,  ,    ,53.8
18,01,28,1,東京,2,04,未勝利,7,芝,0,1600,稍,ネンゲンボス      ,牡,3,吉田隼人,56.0,16,04,7,7,0,1.2,6,97.7,"1377",0,0,0,3,3,35.7,444,中川公成,美,0,15106436,01095,01081,0518120404,畔柳年言,アイオイファーム,キンシャサノキセキ,ヤマノトウショウ,トウシヨウボーイ,鹿毛,150524,   21.4,  ,    ,54.2
18,01,28,1,東京,2,04,未勝利,7,芝,0,1600,稍,ココリモアナ      ,牝,3,北村宏司,54.0,16,05,14,14,0,2.1,3,98.6,"1386",0,0,0,14,16,35.3,456,古賀慎明,美,0,15102439,01043,01079,0518120405,美崎光二郎,田上徹,ロードカナロア,アドマイヤマダム,サンデーサイレンス,鹿毛,150430,   15.8,  ,    ,57.6
18,01,28,1,東京,2,04,未勝利,7,芝,0,1600,稍,コスモジェネラル  ,牡,3,石橋脩,56.0,16,06,16,16,0,5.7,15,102.2,"1422",0,0,0,2,2,40.4,428,伊藤伸一,美,0,15105789,01077,01031,0518120406,ビッグレッドファー,タイヘイ牧場,キングズベスト,モンテミウ,ボストンハーバー,鹿毛,150415,  312.4,  ,    ,41.8
18,01,28,1,東京,2,04,未勝利,7,芝,0,1600,稍,アスナタン        ,牝,3,黛弘人,54.0,16,07,13,13,0,2.1,11,98.6,"1386",0,0,0,14,14,35.4,466,青木孝文,美,0,15100087,01109,01156,0518120407,吉野智博,イワミ牧場,ローズキングダム,ケージーナデシコ,クロフネ,黒鹿,150415,  140.2,  ,    ,57.1
18,01,28,1,東京,2,04,未勝利,7,芝,0,1600,稍,フルコスト        ,牡,3,的場勇人,56.0,16,08,3,3,0,0.5,9,97,"1370",0,0,0,12,12,34,442,的場均,美,130,15106364,01108,01063,0518120408,福田光博,及川幸夫,ローレルゲレイロ,ルッキングアップ,タイキシャトル,青鹿,150420,   75.3,  ,    ,61.2
18,01,28,1,東京,2,04,未勝利,7,芝,0,1600,稍,ダンシングチコ    ,牝,3,田辺裕信,54.0,16,09,1,1,0,0,1,96.5,"1365",0,0,0,3,3,34.5,478,大竹正博,美,500,15104414,01075,01102,0518120409,石瀬浩三,社台ファーム,ダイワメジャー,ダンシングエディ,"Moscow Ballet",鹿毛,150330,    1.4,  ,    ,57.8
18,01,28,1,東京,2,04,未勝利,7,芝,0,1600,稍,カプレーゼケーキ  ,牝,3,武藤雅,51.0,16,10,15,15,0,2.5,13,99,"1390",0,0,0,14,14,35.8,436,和田正一,美,0,15102916,01169,01114,0518120410,スピードファーム,岡本昌市,ナカヤマフェスタ,フェステロマーネ,ヘクタープロテクター,鹿毛,150525,  192.5,  ,    ,55.9
18,01,28,1,東京,2,04,未勝利,7,芝,0,1600,稍,ダジボーグ        ,牡,3,津村明秀,56.0,16,11,5,5,0,0.6,5,97.1,"1371",0,0,0,6,7,34.7,434,相沢郁,美,50,15102994,01092,01020,0518120411,高瀬真尚,杵臼牧場,ノヴェリスト,シルクアイリス,ディープインパクト,黒鹿,150506,   21.1,  ,    ,57.9
18,01,28,1,東京,2,04,未勝利,7,芝,0,1600,稍,ハガキノハナ      ,牝,3,岩田康誠,54.0,16,12,10,10,0,1.6,8,98.1,"1381",0,0,0,5,5,35.9,406,小桧山悟,美,0,15105632,05203,01005,0518120412,本杉芳郎,グランド牧場,シニスターミニスター,リアルアーネスト,Consolidator,黒鹿,150410,   56.2,  ,    ,54.0
18,01,28,1,東京,2,04,未勝利,7,芝,0,1600,稍,ランニングセンス  ,牝,3,木幡初也,53.0,16,13,9,9,0,1.5,12,98,"1380",0,0,0,9,9,35.3,472,加藤和宏,美,0,15101436,01153,01077,0518120413,福田光博,白井牧場,アドマイヤムーン,セレーサ,サクラバクシンオー,栗毛,150414,  189.3,  ,    ,56.6
18,01,28,1,東京,2,04,未勝利,7,芝,0,1600,稍,ラブリーアゲン    ,牝,3,岩部純二,54.0,16,14,2,2,0,0,7,96.5,"1365",0,0,0,12,12,33.5,412,萱野浩二,美,200,15102785,00726,01024,0518120414,浅川皓司,富田恭司,エイシンフラッシュ,ジュンレンカ,ネオユニヴァース,黒鹿,150416,   33.1,  ,    ,62.8
18,01,28,1,東京,2,04,未勝利,7,芝,0,1600,稍,マイネルビーラヴド,牡,3,宮崎北斗,56.0,16,15,6,6,0,0.8,16,97.3,"1373",0,0,0,6,5,35.1,470,武市康男,美,0,15100725,01118,01089,0518120415,サラブレッドクラブ,ビッグレッドファー,アイルハヴアナザー,マイネインティマ,タニノギムレット,栗毛,150522,  382.6,  ,    ,56.3
18,01,28,1,東京,2,04,未勝利,7,芝,0,1600,稍,スピードウイング  ,牡,3,江田照男,56.0,16,16,8,8,0,1.3,10,97.8,"1378",0,0,0,9,9,35.2,456,石毛善彦,美,0,15100154,00689,00428,0518120416,池田草龍,上井農場,ネイティヴハート,タイキルナ,タイキシャトル,鹿毛,150307,   95.0,  ,    ,56.7
18,01,28,1,東京,2,05,新馬,15,芝,0,1800,良,ミスターオーネット,牡,3,横山和生,56.0,16,01,9,9,0,0.8,16,112.1,"1521",0,0,14,13,12,34.2,438,小野次郎,美,0,15101656,01140,01125,0518120501,醍醐伸之,ダーレー・ジャパン,ストーミングホーム,ブロードチョイス,"A.P. Indy",栗毛,150421,  396.4,  ,    ,63.9
18,01,28,1,東京,2,05,新馬,15,芝,0,1800,良,ブラックマティーニ,牡,3,大野拓弥,56.0,16,02,11,11,0,1,10,112.3,"1523",0,0,3,7,7,34.9,460,柴田政人,美,0,15105462,01096,01007,0518120502,黒澤尚,岡田スタツド,マツリダゴッホ,モトヒメ,ショウナンカンプ,鹿毛,150427,  150.8,  ,    ,60.9
18,01,28,1,東京,2,05,新馬,15,芝,0,1800,良,セルゲイ          ,牡,3,福永祐一,56.0,16,03,5,5,0,0.5,3,111.8,"1518",0,0,5,8,8,34.3,498,戸田博文,美,60,15104539,01014,01054,0518120503,窪田芳郎,社台ファーム,ディープインパクト,マイジェン,"Fusaichi Pegasus",芦毛,150121,    6.6,  ,    ,63.0
18,01,28,1,東京,2,05,新馬,15,芝,0,1800,良,グッドトゥヒアー  ,牝,3,武藤雅,51.0,16,04,10,10,0,0.8,11,112.1,"1521",0,0,11,10,11,34.4,422,畠山吉宏,美,0,15106307,01169,01048,0518120504,岡田牧雄,山際智,スズカマンボ,メイショウアヤメ,ジェイドロバリー,鹿毛,150515,  165.3,  ,    ,62.9
18,01,28,1,東京,2,05,新馬,15,芝,0,1800,良,パンコミード      ,牡,3,田辺裕信,56.0,16,05,4,4,0,0.1,2,111.4,"1514",0,0,6,10,8,33.8,520,角居勝彦,栗,90,15104999,01075,01053,0518120505,金子真人ホールディ,ノーザンファーム,キングカメハメハ,ポップコーンジャズ,ダンスインザダーク,黒鹿,150202,    3.6,  ,    ,64.8
18,01,28,1,東京,2,05,新馬,15,芝,0,1800,良,アートシュアリー  ,牝,3,野中悠太,51.0,16,06,6,6,0,0.6,7,111.9,"1519",0,0,6,5,3,34.7,410,本間忍,美,0,15104562,01158,01056,0518120506,森山進,社台ファーム,ハービンジャー,ミスアルダント,サンデーサイレンス,黒鹿,150510,   51.7,  ,    ,61.2
18,01,28,1,東京,2,05,新馬,15,芝,0,1800,良,パストゥレイユ    ,牝,3,江田照男,54.0,16,07,3,3,0,0.1,6,111.4,"1514",0,0,2,3,3,34.2,442,田中剛,美,150,15104732,00689,01119,0518120507,キャロットファーム,ノーザンファーム,ダノンシャンティ,カドリーユ,Dalakhani,黒鹿,150515,   34.4,  ,    ,62.9
18,01,28,1,東京,2,05,新馬,15,芝,0,1800,良,クラウンジャミール,牡,3,柴田善臣,56.0,16,08,13,13,0,1,14,112.3,"1523",0,0,14,16,15,34.2,444,天間昭一,美,0,15103262,00641,01090,0518120508,矢野まり子,中島牧場,バゴ,ジャミーラ,ブライアンズタイム,栗毛,150503,  287.1,  ,    ,64.2
18,01,28,1,東京,2,05,新馬,15,芝,0,1800,良,セクシイストリー  ,牝,3,武士沢友,54.0,16,09,8,8,0,0.8,13,112.1,"1521",0,0,1,1,1,35.2,490,谷原義明,美,0,15104009,01029,00402,0518120509,平岡茂樹,平岡牧場,アーネストリー,セクシイスイート,タヤスツヨシ,鹿毛,150512,  245.6,  ,    ,59.2
18,01,28,1,東京,2,05,新馬,15,芝,0,1800,良,サンライズシェル  ,牝,3,ルメール,54.0,16,10,2,2,0,0,4,111.3,"1513",0,0,4,5,6,34,482,国枝栄,美,240,15104798,05339,00399,0518120510,キャロットファーム,ノーザンファーム,キンシャサノキセキ,シェルズレイ,クロフネ,芦毛,150409,    8.0,  ,    ,63.7
18,01,28,1,東京,2,05,新馬,15,芝,0,1800,良,バトルハクオウ    ,牡,3,柴田大知,56.0,16,11,14,14,0,1.1,9,112.4,"1524",0,0,13,13,12,34.6,446,伊藤大士,美,0,15105180,01009,01109,0518120511,宮川秋信,チャンピオンズファ,マンハッタンカフェ,ピースヴィクトリア,マヤノトップガン,芦毛,150429,  141.8,  ,    ,62.4
18,01,28,1,東京,2,05,新馬,15,芝,0,1800,良,ネオンブルー      ,牡,3,津村明秀,56.0,16,12,16,16,0,2.2,12,113.5,"1535",0,0,6,8,8,36,508,栗田博憲,美,0,15104265,01092,00341,0518120512,山口功一郎,社台ファーム,ヴィクトワールピサ,オスティエンセ,エリシオ,鹿毛,150321,  243.0,  ,    ,57.6
18,01,28,1,東京,2,05,新馬,15,芝,0,1800,良,イルーシヴゴールド,牝,3,蛯名正義,54.0,16,13,7,7,0,0.8,5,112.1,"1521",0,0,6,3,3,34.9,480,大竹正博,美,0,15104983,00663,01102,0518120513,サンデーレーシング,ノーザンファーム,ステイゴールド,プンタステラ,"Elusive City",芦毛,150114,   18.4,  ,    ,60.6
18,01,28,1,東京,2,05,新馬,15,芝,0,1800,良,マイネルアルル    ,牡,3,嘉藤貴行,56.0,16,14,15,15,0,2,15,113.3,"1533",0,0,11,12,12,35.4,456,高橋祥泰,美,0,15100729,01051,00359,0518120514,サラブレッドクラブ,ビッグレッドファー,マツリダゴッホ,マイネエスポワール,アグネスデジタル,栗毛,150421,  383.4,  ,    ,60.0
18,01,28,1,東京,2,05,新馬,15,芝,0,1800,良,フォルミダーブル  ,セ,3,木幡初也,55.0,16,15,12,12,0,1,8,112.3,"1523",0,0,14,15,15,34.1,500,古賀慎明,美,0,15104565,01153,01079,0518120515,井手慶祐,社台ファーム,オルフェーヴル,ミスベルベール,Bering,栗毛,150505,   98.5,  ,    ,64.7
18,01,28,1,東京,2,05,新馬,15,芝,0,1800,良,フィエールマン    ,牡,3,石橋脩,56.0,16,16,1,1,0,0,1,111.3,"1513",0,0,6,2,2,34.2,488,手塚貴久,美,600,15105075,01077,01038,0518120516,サンデーレーシング,ノーザンファーム,ディープインパクト,リュヌドール,"Green Tune",鹿毛,150120,    1.7,  ,    ,62.7
18,01,28,1,東京,2,06,500万下,23,ダ,1,2100,重,フランドル        ,セ,5,戸崎圭太,57.0,15,01,3,3,0,0.1,1,132,"2120",0,3,4,5,6,37.1,480,藤原英昭,栗,190,13105952,05386,01055,0518120601,寺田寿男,ノーザンファーム,キングカメハメハ,ソニックグルーヴ,フレンチデピュティ,鹿毛,130203,    2.6,  ,    ,52.3
18,01,28,1,東京,2,06,500万下,23,ダ,1,2100,重,ワンショットキラー,牡,5,北村宏司,57.0,15,02,13,13,0,3.2,8,135.1,"2151",0,1,1,1,2,40.5,488,新開幸一,美,0,13105343,01043,01116,0518120602,外池榮一郎,社台ファーム,ヴィクトワールピサ,アイアムラヴィング,ファルブラヴ,青鹿,130505,   30.0,  ,    ,43.4
18,01,28,1,東京,2,06,500万下,23,ダ,1,2100,重,パガットケーブ    ,牡,4,ルメール,56.0,15,03,10,10,0,2.5,2,134.4,"2144",0,2,2,2,2,39.8,516,宗像義忠,美,0,14106044,05339,00420,0518120603,サンデーレーシング,ノーザンファーム,ハーツクライ,トロピカルブラッサム,"Thunder Gulch",青鹿,140302,    2.7,  ,    ,45.1
18,01,28,1,東京,2,06,500万下,23,ダ,1,2100,重,フレンドリトル    ,牡,5,丹内祐次,57.0,15,04,14,14,0,3.5,15,135.4,"2154",0,8,9,8,9,40.3,448,加藤和宏,美,0,13100941,01091,01077,0518120604,戸山昌彦,前川義則,ソングオブウインド,ヒカリベルサイユ,タニノギムレット,芦毛,130530,  502.3,  ,    ,44.4
18,01,28,1,東京,2,06,500万下,23,ダ,1,2100,重,プエルト          ,セ,6,内田博幸,57.0,15,05,4,4,0,0.3,4,132.2,"2122",0,6,6,5,6,37.4,536,大竹正博,美,110,12103932,00422,01102,0518120605,池谷誠一,レイクヴィラファー,メイショウサムソン,チャールストンハーバー,Grindstone,鹿毛,120425,   11.3,  ,    ,51.4
18,01,28,1,東京,2,06,500万下,23,ダ,1,2100,重,マサキノテソーロ  ,牡,4,吉田隼人,56.0,15,06,15,15,0,9,9,140.9,"2209",0,8,8,8,14,45.1,512,高木登,美,0,14104103,01095,01088,0518120606,了徳寺健二ホールデ,山岡牧場,アイルハヴアナザー,マルターズヒート,"Old Trieste",栗毛,140305,   52.0,  ,    ,35.0
18,01,28,1,東京,2,06,500万下,23,ダ,1,2100,重,トーホウデサント  ,牡,5,嘉藤貴行,57.0,15,07,11,11,0,2.6,13,134.5,"2145",0,15,15,15,15,38.2,496,田中清隆,美,0,13100528,01051,00408,0518120607,東豊物産,竹島幸治,ジャングルポケット,トーホウビーナス,Woodman,鹿毛,130509,  345.5,  ,    ,50.8
18,01,28,1,東京,2,06,500万下,23,ダ,1,2100,重,キングリオ        ,牡,6,大野拓弥,57.0,15,08,1,1,0,0,5,131.9,"2119",0,5,5,2,2,37.3,516,久保田貴,美,750,12104539,01096,01067,0518120608,窪田康志,ノーザンファーム,キングカメハメハ,ウィキッドリーパーフェクト,Congrats,鹿毛,120426,   11.5,  ,    ,51.4
18,01,28,1,東京,2,06,500万下,23,ダ,1,2100,重,ファンヴィー      ,牡,4,江田照男,56.0,15,09,12,12,0,3.2,10,135.1,"2151",0,6,6,5,5,40.4,498,黒岩陽一,美,0,14104262,00689,01133,0518120609,猿田栄二,岡田スタツド,フレンチデピュティ,クラックコード,ダンスインザダーク,栗毛,140410,  107.1,  ,    ,43.8
18,01,28,1,東京,2,06,500万下,23,ダ,1,2100,重,エグランティエ    ,牝,6,武藤雅,52.0,15,10,9,9,0,2.1,11,134,"2140",0,12,13,13,11,38.4,442,上原博之,美,0,12105278,01169,00423,0518120610,ターフ・スポート,笹地牧場,アドマイヤジャパン,バアゼルローズ,サンダーガルチ,栗毛,120413,  153.9,  ,    ,49.6
18,01,28,1,東京,2,06,500万下,23,ダ,1,2100,重,アドマイヤガスト  ,牡,6,田辺裕信,57.0,15,11,7,7,0,1,6,132.9,"2129",0,14,14,14,13,37.2,536,上原博之,美,0,12104872,01075,00423,0518120611,近藤利一,ノーザンファーム,チチカステナンゴ,ムガール,"Silver Hawk",鹿毛,120124,   14.9,  ,    ,52.9
18,01,28,1,東京,2,06,500万下,23,ダ,1,2100,重,グランドバローズ  ,セ,5,石橋脩,57.0,15,12,2,2,0,0,7,131.9,"2119",0,10,10,8,6,37,472,堀宣行,美,300,13105545,01077,01070,0518120612,猪熊広次,社台ファーム,ワークフォース,チューニー,サンデーサイレンス,鹿毛,130306,   23.4,  ,    ,52.6
18,01,28,1,東京,2,06,500万下,23,ダ,1,2100,重,レオクイック      ,牡,6,岩部純二,57.0,15,13,8,8,0,1.6,14,133.5,"2135",0,13,12,11,11,38,464,伊藤正徳,美,0,12105342,00726,00383,0518120613,坂田行夫,田中スタッド,キングヘイロー,ジルニーナ,オジジアン,鹿毛,120409,  388.2,  ,    ,50.5
18,01,28,1,東京,2,06,500万下,23,ダ,1,2100,重,ドラゴンイモン    ,牡,5,二本柳壮,57.0,15,14,5,5,0,0.5,12,132.4,"2124",0,10,10,11,9,37.3,490,小西一男,美,75,13100258,01049,00405,0518120614,井門敏雄,坂牧場,ダンスインザダーク,エンディアメント,フレンチデピュティ,黒鹿,130503,  220.1,  ,    ,52.0
18,01,28,1,東京,2,06,500万下,23,ダ,1,2100,重,オールデン        ,牡,4,野中悠太,53.0,15,15,6,6,0,0.8,3,132.7,"2127",0,3,3,2,1,38.2,456,小西一男,美,0,14103191,01158,00405,0518120615,金山敏也,金成吉田牧場,ディープスカイ,ビシャーラ,Alhaarth,鹿毛,140408,    6.9,  ,    ,49.0
18,01,28,1,東京,2,07,500万下・牝,23,ダ,1,1600,重,セイントヘレナ    ,牝,4,内田博幸,54.0,16,01,6,6,0,1,11,98.4,"1384",0,0,0,15,12,35.6,498,高柳瑞樹,美,0,14102147,00422,01118,0518120701,ゴドルフィン,ダーレー・ジャパン,ディープスカイ,オルダニー,"Elusive Quality",鹿毛,140413,  127.1,  ,    ,55.8
18,01,28,1,東京,2,07,500万下・牝,23,ダ,1,1600,重,ビーレディ        ,牝,4,黛弘人,54.0,16,02,16,16,0,4.4,8,101.8,"1418",0,0,0,1,1,39.8,478,和田雄二,美,0,14103883,01109,01143,0518120702,鈴木照雄,鮫川フアーム,メイショウボーラー,ビットオブファット,エンドスウィープ,鹿毛,140327,   31.7,  ,    ,43.5
18,01,28,1,東京,2,07,500万下・牝,23,ダ,1,1600,重,ラレッサングル    ,牝,5,ルメール,55.0,16,03,12,12,0,1.8,1,99.2,"1392",0,0,0,7,7,36.7,464,高柳瑞樹,美,0,13105819,05339,01118,0518120703,キャロットファーム,ノーザンファーム,キングカメハメハ,オーベルゲイド,Kaldoun,鹿毛,130523,    2.1,  ,    ,52.2
18,01,28,1,東京,2,07,500万下・牝,23,ダ,1,1600,重,オヒアレフア      ,牝,5,武藤雅,52.0,16,04,14,14,0,3.1,14,100.5,"1405",0,0,0,11,12,37.7,440,粕谷昌央,美,0,13101771,01169,01096,0518120704,錦岡牧場,錦岡牧場,ワイルドラッシュ,グランマモーゼス,ホワイトマズル,青鹿,130603,  267.8,  ,    ,49.9
18,01,28,1,東京,2,07,500万下・牝,23,ダ,1,1600,重,ボールドアテンプト,牝,5,木幡初也,54.0,16,05,5,5,0,0.9,7,98.3,"1383",0,0,0,7,7,35.8,468,古賀慎明,美,75,13105250,01153,01079,0518120705,G1レーシング,社台コーポレーショ,ゴールドアリュール,タイムトラベリング,ブライアンズタイム,黒鹿,130122,   26.3,  ,    ,54.7
18,01,28,1,東京,2,07,500万下・牝,23,ダ,1,1600,重,セレニティフレア  ,牝,4,横山和生,54.0,16,06,9,9,0,1.5,15,98.9,"1389",0,0,0,11,12,36.1,454,土田稔,美,0,14101707,01140,00417,0518120706,島川隆哉,エスティファーム,アグネスデジタル,トーセンセレニティ,サンデーサイレンス,栗毛,140308,  271.6,  ,    ,54.4
18,01,28,1,東京,2,07,500万下・牝,23,ダ,1,1600,重,ウインポプリ      ,牝,4,松岡正海,54.0,16,07,15,15,0,4.3,10,101.7,"1417",0,0,0,4,4,39.4,454,松山将樹,美,0,14100206,01085,01100,0518120707,ウイン,コスモヴューファー,アイルハヴアナザー,アルカネット,ダンスインザダーク,鹿毛,140411,  108.1,  ,    ,44.9
18,01,28,1,東京,2,07,500万下・牝,23,ダ,1,1600,重,ピアノイッチョウ  ,牝,4,田辺裕信,54.0,16,08,2,2,0,0.2,3,97.6,"1376",0,0,0,15,16,34.6,534,尾形充弘,美,300,14103937,01075,00349,0518120708,小林祥晃,中神牧場,ヴァーミリアン,ジョウノナイヤガラ,ティンバーカントリー,黒鹿,140413,    5.7,  ,    ,59.2
18,01,28,1,東京,2,07,500万下・牝,23,ダ,1,1600,重,アルスフェルト    ,牝,5,大野拓弥,55.0,16,09,3,3,0,0.6,5,98,"1380",0,0,0,7,10,35.4,464,尾関知人,美,190,13105305,01096,01103,0518120709,G1レーシング,社台コーポレーショ,キングカメハメハ,アルスノヴァ,ダンスインザダーク,黒鹿,130111,   17.1,  ,    ,56.1
18,01,28,1,東京,2,07,500万下・牝,23,ダ,1,1600,重,オヒナサマ        ,牝,4,岩田康誠,54.0,16,10,10,10,0,1.6,9,99,"1390",0,0,0,4,4,36.7,486,杉浦宏昭,美,0,14104165,05203,01008,0518120710,リトルブルーファー,小野瀬竜馬,カジノドライヴ,バンデリータ,メイショウオウドウ,栗毛,140303,   52.1,  ,    ,51.9
18,01,28,1,東京,2,07,500万下・牝,23,ダ,1,1600,重,ヤマイチジャスティ,牝,5,田中勝春,55.0,16,11,4,4,0,0.9,6,98.3,"1383",0,0,0,11,10,35.7,476,高市圭二,美,110,13103678,00684,01014,0518120711,菊地祐司,信岡牧場,エンパイアメーカー,ペイドリン,Pulpit,鹿毛,130224,   17.2,  ,    ,55.2
18,01,28,1,東京,2,07,500万下・牝,23,ダ,1,1600,重,サンウィノナ      ,牝,6,武士沢友,55.0,16,12,7,7,0,1.2,13,98.6,"1386",0,0,0,14,12,35.8,480,粕谷昌央,美,0,12109120,01029,01096,0518120712,加藤ステーブル,シンボリ牧場,スニッツェル,スイートミルド,Dancehall,鹿毛,120413,  235.0,  ,    ,55.3
18,01,28,1,東京,2,07,500万下・牝,23,ダ,1,1600,重,プレミアムゲーム  ,牝,4,北村宏司,54.0,16,13,13,13,0,2.6,16,100,"1400",0,0,0,6,4,37.7,504,杉浦宏昭,美,0,14101371,01043,01008,0518120713,山口正行,三石橋本牧場,ロードアルティマ,キャットガール,マンハッタンカフェ,黒鹿,140328,  281.0,  ,    ,49.2
18,01,28,1,東京,2,07,500万下・牝,23,ダ,1,1600,重,ジュブリーユ      ,牝,4,柴田大知,54.0,16,14,8,8,0,1.5,4,98.9,"1389",0,0,0,2,2,36.9,494,牧光二,美,0,14103600,01009,01106,0518120714,岡田牧雄,宮内牧場,ディープブリランテ,ミュージー,"El Prado",芦毛,140415,   10.0,  ,    ,50.8
18,01,28,1,東京,2,07,500万下・牝,23,ダ,1,1600,重,マジカルウインド  ,牝,5,津村明秀,55.0,16,15,11,11,0,1.7,12,99.1,"1391",0,0,0,3,2,37,474,田島俊明,美,0,13100387,01092,01112,0518120715,村野康司,下河辺牧場,ゴールドアリュール,マジカルシェイプ,"Street Cry",黒鹿,130306,  206.4,  ,    ,50.7
18,01,28,1,東京,2,07,500万下・牝,23,ダ,1,1600,重,アームズレングス  ,牝,5,戸崎圭太,55.0,16,16,1,1,0,-0.2,2,97.4,"1374",0,0,0,7,7,34.9,492,加藤征弘,美,750,13105570,05386,01059,0518120716,諸江幸祐,社台ファーム,ホワイトマズル,ノットユアビジネス,エンドスウィープ,鹿毛,130331,    3.7,  ,    ,57.4
18,01,28,1,東京,2,08,1000万下,43,ダ,1,1400,重,オーバースペック  ,牡,4,岩部純二,56.0,16,01,14,14,0,2.3,12,85.5,"1255",0,0,0,11,10,37.7,500,南田美知,美,0,14103611,00726,00437,0518120801,ミルファーム,ミルファーム,プリサイスエンド,オーミチェリッシュ,キャプテンスティーヴ,青鹿,140330,   96.3,  ,    ,45.1
18,01,28,1,東京,2,08,1000万下,43,ダ,1,1400,重,ハシカミ          ,牡,5,武士沢友,57.0,16,02,6,6,0,0.4,7,83.6,"1236",0,0,0,14,14,35.5,480,小桧山悟,美,0,13109095,01029,01005,0518120802,中村勝彦,扶桑牧場,キャプテンスティーヴ,アオバ,ブライアンズタイム,青鹿,130510,   47.8,  ,    ,51.6
18,01,28,1,東京,2,08,1000万下,43,ダ,1,1400,重,ブラヴォバンビーノ,牡,4,江田照男,56.0,16,03,16,16,0,2.9,15,86.1,"1261",0,0,0,7,7,38.6,476,武藤善則,美,0,14101327,00689,01064,0518120803,シルクレーシング,前田ファーム,ファルブラヴ,ゴールドポイント,サンデーサイレンス,鹿毛,140407,  230.4,  ,    ,42.3
18,01,28,1,東京,2,08,1000万下,43,ダ,1,1400,重,リベルタンゴ      ,牝,6,武藤雅,52.0,16,04,5,5,0,0.4,8,83.6,"1236",0,0,0,7,7,36.2,542,菊沢隆徳,美,105,12104165,01169,01115,0518120804,社台レースホース,社台ファーム,"Smart Strike",オジャグワ,"Pure Prize",栗毛,120214,   52.7,  ,    ,48.2
18,01,28,1,東京,2,08,1000万下,43,ダ,1,1400,重,フクノグリュック  ,牡,6,横山和生,57.0,16,05,7,7,0,0.5,13,83.7,"1237",0,0,0,14,15,35.4,512,杉浦宏昭,美,0,12101232,01140,01008,0518120805,福島祐子,ケイズ,ダンスインザダーク,チヨノビンコ,フレンチデピュティ,鹿毛,120327,  103.0,  ,    ,52.3
18,01,28,1,東京,2,08,1000万下,43,ダ,1,1400,重,リアンヴェリテ    ,牡,4,大野拓弥,56.0,16,06,15,15,0,2.5,11,85.7,"1257",0,0,0,1,1,38.8,464,中竹和也,栗,0,14100618,01096,01039,0518120806,加藤誠,ノースヒルズ,ゴールドアリュール,ルミエールヴェリテ,Cozzene,鹿毛,140522,   74.0,  ,    ,40.7
18,01,28,1,東京,2,08,1000万下,43,ダ,1,1400,重,アフターバーナー  ,セ,4,田辺裕信,56.0,16,07,1,1,0,-0.1,2,83.2,"1232",0,0,0,13,10,35.4,510,伊藤圭三,美,1050,14102200,01075,01023,0518120807,ゴドルフィン,ダーレー・ジャパン,パイロ,ファダラン,"Cherokee Run",鹿毛,140502,    5.5,  ,    ,51.3
18,01,28,1,東京,2,08,1000万下,43,ダ,1,1400,重,アシャカセルクル  ,牡,4,吉田隼人,56.0,16,08,4,4,0,0.4,10,83.6,"1236",0,0,0,2,2,36.7,522,小笠倫弘,美,160,14102484,01095,01076,0518120808,吉冨学,豊洋牧場,シニスターミニスター,プレトリアン,キングヘイロー,黒鹿,140324,   59.6,  ,    ,45.8
18,01,28,1,東京,2,08,1000万下,43,ダ,1,1400,重,ホノカ            ,牝,4,内田博幸,54.0,16,09,13,13,0,2.2,9,85.4,"1254",0,0,0,3,3,38.4,490,菊川正達,美,0,14104248,00422,01052,0518120809,岡田壮史,岡田スタツド,ロージズインメイ,ヴイプラド,"El Prado",鹿毛,140406,   54.8,  ,    ,41.8
18,01,28,1,東京,2,08,1000万下,43,ダ,1,1400,重,ワシントンレガシー,牝,4,福永祐一,54.0,16,10,12,12,0,2,4,85.2,"1252",0,0,0,4,5,38.1,464,戸田博文,美,0,14106109,01014,01054,0518120810,吉田勝己,ノーザンファーム,クロフネ,フロールデセレッソ,スウェプトオーヴァーボード,芦毛,140520,    8.4,  ,    ,42.7
18,01,28,1,東京,2,08,1000万下,43,ダ,1,1400,重,ワンダープラヤアン,牡,4,北村宏司,56.0,16,11,2,2,0,0.1,5,83.3,"1233",0,0,0,10,10,35.6,482,森田直行,栗,420,14104021,01043,01142,0518120811,山本能成,藤春修二,アルデバラン2,ワンダーフウラン,カリズマティック,栗毛,140425,   17.7,  ,    ,50.5
18,01,28,1,東京,2,08,1000万下,43,ダ,1,1400,重,シーリーヴェール  ,牡,7,荻野極,56.0,16,12,7,7,0,0.5,6,83.7,"1237",0,0,0,4,5,36.6,488,杉山晴紀,栗,0,11103511,01160,01157,0518120812,社台レースホース,追分ファーム,マンハッタンカフェ,シーリーコート,"Distorted Humor",青鹿,110224,   17.9,  ,    ,46.5
18,01,28,1,東京,2,08,1000万下,43,ダ,1,1400,重,ローレルジャック  ,牡,5,松岡正海,57.0,16,13,9,9,0,0.5,3,83.7,"1237",0,0,0,4,3,36.7,490,高橋裕,美,0,13101259,01085,00412,0518120813,ローレルレーシング,アラキフアーム,エンパイアメーカー,アラマサダンサー,ダンシングブレーヴ,黒鹿,130309,    5.6,  ,    ,46.0
18,01,28,1,東京,2,08,1000万下,43,ダ,1,1400,重,ロマンホープ      ,牡,6,柴田善臣,57.0,16,14,10,10,0,0.5,16,83.7,"1237",0,0,0,16,16,34.9,474,松永康利,美,0,12103295,00641,01093,0518120814,菅實,友田牧場,ブライアンズタイム,クロノグラフ,"Fusaichi Pegasus",黒鹿,120428,  481.9,  ,    ,54.9
18,01,28,1,東京,2,08,1000万下,43,ダ,1,1400,重,コスモラヴモア    ,牡,7,津村明秀,57.0,16,15,11,11,0,2,14,85.2,"1252",0,0,0,11,10,37.5,506,鈴木伸尋,美,0,11103400,01092,01026,0518120815,ビッグレッドファー,村下牧場,マイネルラヴ,フジアニバーサリー,ラムタラ,鹿毛,110404,  190.2,  ,    ,45.4
18,01,28,1,東京,2,08,1000万下,43,ダ,1,1400,重,ブロードアリュール,牡,4,戸崎圭太,56.0,16,16,3,3,0,0.3,1,83.5,"1235",0,0,0,7,7,36.1,478,尾関知人,美,260,14106115,05386,01103,0518120816,シルクレーシング,ノーザンファーム,ゴールドアリュール,ブロードアピール,"Broad Brush",鹿毛,140426,    1.8,  ,    ,48.5
18,01,28,1,東京,2,09,セントポ500*,23,芝,0,1800,良,プロトスター      ,牡,3,福永祐一,56.0,12,01,3,3,0,0.4,6,110.2,"1502",0,0,6,7,8,33.8,482,戸田博文,美,250,15104557,01014,01054,0518120901,社台レースホース,社台ファーム,ネオユニヴァース,マルバイユ,Marju,栗毛,150430,   13.3,  ,    ,63.0
18,01,28,1,東京,2,09,セントポ500*,23,芝,0,1800,良,ヴィオトポス      ,牝,3,松岡正海,54.0,12,02,7,7,0,0.9,10,110.7,"1507",0,0,6,9,8,34.2,440,田村康仁,美,0,15100726,01085,01027,0518120902,サラブレッドクラブ,ビッグレッドファー,マツリダゴッホ,マイネヴィータ,ナリタブライアン,青鹿,150301,  114.9,  ,    ,61.8
18,01,28,1,東京,2,09,セントポ500*,23,芝,0,1800,良,スワーヴエドワード,牡,3,北村宏司,56.0,12,03,10,10,0,1,8,110.8,"1508",0,0,6,7,5,34.5,500,国枝栄,美,0,15104854,01043,00399,0518120903,NICKS,ノーザンファーム,エイシンフラッシュ,スルージエアー,ダンスインザダーク,鹿毛,150314,   64.2,  ,    ,60.6
18,01,28,1,東京,2,09,セントポ500*,23,芝,0,1800,良,ハッピーグリン    ,牡,3,大野拓弥,56.0,12,04,1,1,0,-0.2,5,109.8,"1498",0,0,6,10,8,33.3,462,田中淳司,地,1000,15104624,01096,05630,0518120904,会田裕一,社台ファーム,ローエングリン,レディセラヴィ,アグネスタキオン,栗毛,150306,   10.1,  ,    ,64.9
18,01,28,1,東京,2,09,セントポ500*,23,芝,0,1800,良,ウォルビスベイ    ,牡,3,石橋脩,56.0,12,05,9,9,0,1,4,110.8,"1508",0,0,2,3,3,34.6,448,松永幹夫,栗,0,15104263,01077,01092,0518120905,社台レースホース,社台ファーム,ディープインパクト,オヴァンボクイーン,Kalatos,黒鹿,150403,    7.3,  ,    ,60.1
18,01,28,1,東京,2,09,セントポ500*,23,芝,0,1800,良,エピックスター    ,牡,3,柴田善臣,56.0,12,06,6,6,0,0.7,7,110.5,"1505",0,0,12,12,11,33.7,454,田村康仁,美,0,15102164,00641,01027,0518120906,子安裕樹,清水牧場,ロードカナロア,ラッキーレディ,ネオユニヴァース,鹿毛,150216,   17.8,  ,    ,63.9
18,01,28,1,東京,2,09,セントポ500*,23,芝,0,1800,良,トキノパイレーツ  ,牡,3,津村明秀,56.0,12,07,5,5,0,0.5,9,110.3,"1503",0,0,5,6,5,34,450,相沢郁,美,100,15106513,01092,01020,0518120907,田中準市,川上牧場,モンテロッソ,エルサフィール,タヤスツヨシ,鹿毛,150316,   94.6,  ,    ,62.2
18,01,28,1,東京,2,09,セントポ500*,23,芝,0,1800,良,ダークナイトムーン,牡,3,田辺裕信,56.0,12,08,4,4,0,0.5,1,110.3,"1503",0,0,1,1,1,34.4,476,尾関知人,美,150,15104180,01075,01103,0518120908,社台レースホース,社台コーポレーショ,ディープインパクト,サマーナイトシティ,エリシオ,鹿毛,150126,    2.7,  ,    ,60.3
18,01,28,1,東京,2,09,セントポ500*,23,芝,0,1800,良,タイプムーン      ,牝,3,宮崎北斗,54.0,12,09,12,12,0,1.2,12,111,"1510",0,0,2,2,2,35,468,池上昌弘,美,0,15100246,01118,00390,0518120909,コスモヴューファー,コスモヴューファー,アイルハヴアナザー,マイネサンサン,スペシャルウィーク,黒鹿,150202,  140.1,  ,    ,58.6
18,01,28,1,東京,2,09,セントポ500*,23,芝,0,1800,良,ローザフェリーチェ,牝,3,ルメール,54.0,12,10,8,8,0,0.9,3,110.7,"1507",0,0,11,11,12,33.8,476,木村哲也,美,0,15105111,05339,01126,0518120910,サンデーレーシング,ノーザンファーム,エンパイアメーカー,ローズバド,サンデーサイレンス,青鹿,150202,    5.0,  ,    ,63.8
18,01,28,1,東京,2,09,セントポ500*,23,芝,0,1800,良,バトルガラクシア  ,牝,3,荻野極,54.0,12,11,11,11,0,1.1,11,110.9,"1509",0,0,2,3,5,34.6,472,本田優,栗,0,15102636,01160,01099,0518120911,宮川秋信,三石川上牧場,キングヘイロー,ライジングフラッグ,ラムタラ,鹿毛,150220,  134.0,  ,    ,60.3
18,01,28,1,東京,2,09,セントポ500*,23,芝,0,1800,良,リビーリング      ,牡,3,戸崎圭太,56.0,12,12,2,2,0,0.2,2,110,"1500",0,0,6,3,3,33.9,500,萩原清,美,400,15104076,05386,01017,0518120912,G1レーシング,追分ファーム,ヴィクトワールピサ,インコグニート,"Gone West",鹿毛,150131,    3.7,  ,    ,62.2
18,01,28,1,東京,2,10,早春ＳＨ1600,67,芝,0,2400,良,マイネルヴンシュ  ,牡,4,柴田大知,55.0,11,01,2,2,0,0.1,4,147.1,"2271",0,3,3,4,4,34.5,460,水野貴広,美,730,14100731,01009,01094,0518121001,サラブレッドクラブ,ビッグレッドファー,ステイゴールド,マイネシャローナ,コマンダーインチーフ,鹿毛,140503,    6.3,  ,    ,58.8
18,01,28,1,東京,2,10,早春ＳＨ1600,67,芝,0,2400,良,ポポカテペトル    ,牡,4,岩田康誠,56.0,11,02,5,5,0,0.3,2,147.3,"2273",0,2,2,2,2,34.9,474,友道康夫,栗,182,14106176,05203,01061,0518121002,金子真人ホールディ,ノーザンファーム,ディープインパクト,ミスパスカリ,"Mr. Greeley",芦毛,140222,    3.7,  ,    ,57.4
18,01,28,1,東京,2,10,早春ＳＨ1600,67,芝,0,2400,良,ネイチャーレット  ,牡,5,野中悠太,55.0,11,03,7,7,0,0.7,5,147.7,"2277",0,7,7,7,6,34.8,470,根本康広,美,0,13104816,01158,01029,0518121003,井上修一,藤原牧場,タニノギムレット,ネヴァカグラ,アグネスタキオン,鹿毛,130416,    9.8,  ,    ,58.1
18,01,28,1,東京,2,10,早春ＳＨ1600,67,芝,0,2400,良,フレンドスイート  ,牝,7,江田照男,50.0,11,04,8,8,0,1.3,9,148.3,"2283",0,1,1,1,1,36.1,476,南田美知,美,0,11101463,00689,00437,0518121004,横尾晴人,藤巻則弘,バゴ,フェレット,サンデーサイレンス,黒鹿,110501,   54.2,  ,    ,53.6
18,01,28,1,東京,2,10,早春ＳＨ1600,67,芝,0,2400,良,グランドサッシュ  ,牡,7,津村明秀,55.0,11,05,6,6,0,0.5,6,147.5,"2275",0,3,3,3,2,35,468,武市康男,美,0,11103702,01092,01089,0518121005,シルクレーシング,社台コーポレーショ,ハーツクライ,レイサッシュ,パラダイスクリーク,黒鹿,110227,   14.2,  ,    ,57.1
18,01,28,1,東京,2,10,早春ＳＨ1600,67,芝,0,2400,良,ワールドレーヴ    ,牡,8,北村宏司,54.0,11,06,0,0,1,999.9,0,0,"----",0,0,0,0,0,0,0,二ノ宮敬,美,0,10103182,01043,00409,0518121006,嶋田賢,服部牧場,ファンタスティックライト,エルメスティアラ,ブライアンズタイム,黒鹿,100406,    0.0,  ,    , 0.0
18,01,28,1,東京,2,10,早春ＳＨ1600,67,芝,0,2400,良,トレジャーマップ  ,牡,7,松岡正海,53.0,11,07,9,9,0,1.3,8,148.3,"2283",0,5,5,5,6,35.5,454,石栗龍彦,美,0,11100651,01085,01043,0518121007,小林英一ホールディ,出口牧場,ステイゴールド,ポイントフラッグ,メジロマックイーン,鹿毛,110531,   37.6,  ,    ,55.9
18,01,28,1,東京,2,10,早春ＳＨ1600,67,芝,0,2400,良,ヴィーナスアロー  ,牝,4,武藤雅,51.0,11,08,10,10,0,2.3,10,149.3,"2293",0,9,9,8,8,36.3,420,根本康広,美,0,14106387,01169,01029,0518121008,村山忠弘,市川フアーム,パイロ,スパートル,ゼンノロブロイ,青鹿,140518,  292.3,  ,    ,53.8
18,01,28,1,東京,2,10,早春ＳＨ1600,67,芝,0,2400,良,チェスナットコート,牡,4,蛯名正義,54.0,11,09,1,1,0,-0.1,3,147,"2270",0,8,8,8,9,33.9,456,矢作芳人,栗,1820,14101985,00663,01075,0518121009,藤田卓也,下河辺牧場,ハーツクライ,ホワイトヴェール,クロフネ,栗毛,140508,    4.8,  ,    ,61.2
18,01,28,1,東京,2,10,早春ＳＨ1600,67,芝,0,2400,良,エクセレントミスズ,牡,5,内田博幸,54.0,11,10,3,3,0,0.2,7,147.2,"2272",0,5,5,5,4,34.6,462,加藤敬二,栗,460,13105031,00422,00379,0518121010,永井啓弍,上水牧場,ナカヤマフェスタ,アスクレピアス,ヘクタープロテクター,鹿毛,130327,   23.3,  ,    ,58.5
18,01,28,1,東京,2,10,早春ＳＨ1600,67,芝,0,2400,良,ホウオウドリーム  ,牡,4,戸崎圭太,55.0,11,11,4,4,0,0.2,1,147.2,"2272",0,9,9,10,10,33.8,498,矢作芳人,栗,270,14102898,05386,01075,0518121011,小笹芳央,レイクヴィラファー,ルーラーシップ,メジロドーベル,メジロライアン,鹿毛,140131,    2.7,  ,    ,61.8
18,01,28,1,東京,2,11,根岸ＳG3,163,ダ,1,1400,重,イーデンホール    ,牡,6,田辺裕信,56.0,14,01,11,11,0,2.3,13,83.8,"1238",0,0,0,11,11,36.5,500,中内田充,栗,0,12103997,01075,01137,0518121101,G1レーシング,追分ファーム,ゴールドアリュール,シーリーコート,"Distorted Humor",栗毛,120227,  126.3,  ,    ,47.2
18,01,28,1,東京,2,11,根岸ＳG3,163,ダ,1,1400,重,アキトクレッセント,牡,6,荻野極,56.0,14,02,12,12,0,3,4,84.5,"1245",0,0,0,5,4,38.1,510,清水久詞,栗,0,12104076,01160,01110,0518121102,岡田昭利,社台コーポレーショ,ウォーエンブレム,ティックルピンク,フレンチデピュティ,鹿毛,120403,    6.2,  ,    ,41.3
18,01,28,1,東京,2,11,根岸ＳG3,163,ダ,1,1400,重,ブラゾンドゥリス  ,牡,6,丹内祐次,57.0,14,03,8,8,0,1.5,9,83,"1230",0,0,0,3,3,36.9,522,尾形和幸,美,0,12106103,01091,01141,0518121103,ノルマンディーサラ,村下清志,ノボジャック,ブライアンズソノ,マヤノトップガン,鹿毛,120602,   38.4,  ,    ,43.7
18,01,28,1,東京,2,11,根岸ＳG3,163,ダ,1,1400,重,マッチレスヒーロー,牡,7,吉田隼人,56.0,14,04,4,4,0,0.5,11,82,"1220",0,0,0,5,6,35.5,488,金成貴史,美,570,11105967,01095,01132,0518121104,日進牧場,日進牧場,オレハマッテルゼ,ブラックティー,チーフベアハート,栗毛,110418,   78.7,  ,    ,48.2
18,01,28,1,東京,2,11,根岸ＳG3,163,ダ,1,1400,重,ノボバカラ        ,牡,6,北村宏司,56.0,14,05,10,10,0,1.7,7,83.2,"1232",0,0,0,7,6,36.6,518,天間昭一,美,0,12102452,01043,01090,0518121105,矢野琢也,萩澤泰博,アドマイヤオーラ,ノボキッス,フレンチデピュティ,栗毛,120408,   34.8,  ,    ,45.5
18,01,28,1,東京,2,11,根岸ＳG3,163,ダ,1,1400,重,カフジテイク      ,牡,6,福永祐一,57.0,14,06,3,3,0,0.4,2,81.9,"1219",0,0,0,13,13,34.4,498,湯窪幸雄,栗,950,12106056,01014,01057,0518121106,加藤守,ヒダカフアーム,プリサイスエンド,テイクザケイク,スキャン,青鹿,120513,    3.9,  ,    ,53.6
18,01,28,1,東京,2,11,根岸ＳG3,163,ダ,1,1400,重,キングズガード    ,牡,7,藤岡佑介,57.0,14,07,6,6,0,1.1,3,82.6,"1226",0,0,0,8,8,35.9,476,寺島良,栗,0,11105960,01093,01158,0518121107,日進牧場,日進牧場,シニスターミニスター,キングスベリー,キングヘイロー,鹿毛,110421,    6.0,  ,    ,47.6
18,01,28,1,東京,2,11,根岸ＳG3,163,ダ,1,1400,重,サンライズノヴァ  ,牡,4,戸崎圭太,56.0,14,08,2,2,0,0,1,81.5,"1215",0,0,0,10,10,34.6,532,音無秀孝,栗,1500,14106474,05386,01002,0518121108,松岡隆雄,ヤナガワ牧場,ゴールドアリュール,ブライトサファイヤ,サンダーガルチ,栗毛,140409,    3.0,  ,    ,51.7
18,01,28,1,東京,2,11,根岸ＳG3,163,ダ,1,1400,重,モンドクラッセ    ,牡,7,柴田大知,56.0,14,09,7,7,0,1.2,10,82.7,"1227",0,0,0,8,8,35.9,532,清水英克,美,0,11102026,01009,01080,0518121109,サンコウ牧場,サンコウ牧場,アグネスデジタル,クッキーキティ,ラグビーボール,鹿毛,110506,   73.2,  ,    ,47.8
18,01,28,1,東京,2,11,根岸ＳG3,163,ダ,1,1400,重,サイタスリーレッド,牡,5,石橋脩,57.0,14,10,13,13,0,3.3,8,84.8,"1248",0,0,0,1,1,39.1,480,佐藤正雄,栗,0,13104088,01077,01025,0518121110,西村憲人,カタオカフアーム,ダノンシャンティ,ユメノラッキー,"Salt Lake",鹿毛,130424,   37.3,  ,    ,37.7
18,01,28,1,東京,2,11,根岸ＳG3,163,ダ,1,1400,重,ラブバレット      ,牡,7,松岡正海,56.0,14,11,9,9,0,1.7,12,83.2,"1232",0,0,0,2,2,37.4,480,菅原勲,地,0,11105881,01085,05683,0518121111,オールラブクラブ,津島優治,ノボジャック,リバイバルガール,バブルガムフェロー,鹿毛,110425,   84.2,  ,    ,41.8
18,01,28,1,東京,2,11,根岸ＳG3,163,ダ,1,1400,重,ブルドッグボス    ,牡,6,岩田康誠,57.0,14,12,5,5,0,0.9,5,82.4,"1224",0,0,0,4,4,36.1,522,小久保智,地,380,12105931,05203,05609,0518121112,"Him Rock Racingホ",鮫川啓一,ダイワメジャー,リファールカンヌ,デインヒル,鹿毛,120420,    8.3,  ,    ,46.2
18,01,28,1,東京,2,11,根岸ＳG3,163,ダ,1,1400,重,ベストウォーリア  ,牡,8,ルメール,58.0,14,13,0,0,1,999.9,0,0,"----",0,0,0,0,0,0,0,石坂正,栗,0,10110127,05339,01022,0518121113,馬場幸夫,"Buck Pond Farm Inc","Majestic Warrior","Flirtatious Miss","Mr. Greeley",栗毛,100307,    0.0,  ,    , 0.0
18,01,28,1,東京,2,11,根岸ＳG3,163,ダ,1,1400,重,ノンコノユメ      ,セ,6,内田博幸,58.0,14,14,1,1,0,0,6,81.5,"1215",0,0,0,11,11,34.2,456,加藤征弘,美,3800,12104314,00422,01059,0518121114,山田広太郎,社台ファーム,トワイニング,ノンコ,アグネスタキオン,栃栗,120328,   10.5,  ,    ,53.7
18,01,28,1,東京,2,12,1000万下,43,芝,0,1800,良,ブリラーレ        ,牡,4,田辺裕信,56.0,9,01,8,8,0,1.8,3,108.7,"1487",0,0,7,3,2,36.6,480,斉藤崇史,栗,0,14102902,01075,01151,0518121201,早野誠,レイクヴィラファー,ディープブリランテ,メジロルバート,メジロライアン,栗毛,140129,    7.0,  ,    ,48.5
18,01,28,1,東京,2,12,1000万下,43,芝,0,1800,良,メイショウテンシャ,牡,4,戸崎圭太,56.0,9,02,3,3,0,0.8,4,107.7,"1477",0,0,6,7,7,34.2,464,池添兼雄,栗,260,14103577,05386,01021,0518121202,松本好雄,三嶋牧場,ディープインパクト,メイショウベルーガ,フレンチデピュティ,芦毛,140416,    7.2,  ,    ,57.5
18,01,28,1,東京,2,12,1000万下,43,芝,0,1800,良,ダノンキングダム  ,牡,4,福永祐一,56.0,9,03,2,2,0,0.2,2,107.1,"1471",0,0,3,4,4,34.2,486,安田隆行,栗,420,14105836,01014,00438,0518121203,ダノックス,ノーザンファーム,ステイゴールド,ヴィヤダーナ,Azamour,栗毛,140209,    3.8,  ,    ,56.6
18,01,28,1,東京,2,12,1000万下,43,芝,0,1800,良,キミノナハセンター,セ,7,武藤雅,54.0,9,04,4,4,0,0.9,5,107.8,"1478",0,0,7,7,7,34.3,490,藤沢和雄,美,160,11104228,01169,00386,0518121204,山本英俊,社台ファーム,ディープインパクト,グレイトサンライズ,Caerleon,鹿毛,110524,   14.6,  ,    ,57.1
18,01,28,1,東京,2,12,1000万下,43,芝,0,1800,良,マイネルユニブラン,牡,4,柴田大知,56.0,9,05,6,6,0,1.1,6,108,"1480",0,0,2,2,2,36,528,高橋裕,美,0,14101754,01009,00412,0518121205,サラブレッドクラブ,沖田牧場,スズカマンボ,コニャックレディ,Olympio,黒鹿,140321,   17.2,  ,    ,50.0
18,01,28,1,東京,2,12,1000万下,43,芝,0,1800,良,ローリングタワー  ,牡,4,柴田善臣,56.0,9,06,5,5,0,0.9,9,107.8,"1478",0,0,4,4,4,34.8,444,伊藤伸一,美,105,14103335,00641,01031,0518121206,本間茂,大道牧場,ハービンジャー,メイユーブルーム,ダンスインザダーク,黒鹿,140311,  114.3,  ,    ,54.9
18,01,28,1,東京,2,12,1000万下,43,芝,0,1800,良,サーブルオール    ,牡,5,ルメール,57.0,9,07,1,1,0,-0.2,1,106.9,"1469",0,0,5,6,6,33.8,488,萩原清,美,1050,13106121,05339,01017,0518121207,キャロットファーム,ノーザンファーム,ハービンジャー,モンローブロンド,アドマイヤベガ,鹿毛,130314,    1.9,  ,    ,58.1
18,01,28,1,東京,2,12,1000万下,43,芝,0,1800,良,ベストドリーム    ,牡,7,津村明秀,57.0,9,08,7,7,0,1.7,7,108.6,"1486",0,0,9,9,9,34.8,482,松山将樹,美,0,11100715,01092,01100,0518121208,堀口晴男,日西牧場,メイショウサムソン,ダービーゾーン,サニーブライアン,鹿毛,110312,   27.0,  ,    ,56.0
18,01,28,1,東京,2,12,1000万下,43,芝,0,1800,良,アグネスフォルテ  ,牡,5,松岡正海,57.0,9,09,9,9,0,2,8,108.9,"1489",0,0,1,1,1,37.2,446,牧田和弥,栗,0,13103604,01085,01123,0518121209,畑佐博,富田牧場,ハービンジャー,アグネスリース,フレンチデピュティ,栗毛,130508,   49.7,  ,    ,46.4
18,02,03,1,東京,3,01,未勝利・牝,7,ダ,1,1300,不,カシマフウリン    ,牝,3,田辺裕信,54.0,16,01,6,6,0,0.8,3,80.4,"1204",0,0,0,4,4,37.2,478,奥村武,美,0,15102331,01075,01145,0518130101,松浦一久,金舛幸夫,プリサイスエンド,ウィンワーシップ,マイニング,栗毛,150410,    5.2,  ,    ,49.5
18,02,03,1,東京,3,01,未勝利・牝,7,ダ,1,1300,不,ローズピルグリム  ,牝,3,藤田菜七,51.0,16,02,4,4,0,0.7,12,80.3,"1203",0,0,0,2,2,37.3,420,蛯名利弘,美,75,15102829,01164,01131,0518130102,ターフ・スポート,鵜木唯義,タイキシャトル,エルビーローズ,クロフネ,青鹿,150304,   70.2,  ,    ,48.8
18,02,03,1,東京,3,01,未勝利・牝,7,ダ,1,1300,不,フルネス          ,牝,3,柴田善臣,54.0,16,03,2,2,0,0,6,79.6,"1196",0,0,0,4,4,36.4,450,田島俊明,美,200,15102188,00641,01112,0518130103,西村專次,二風谷ファーム,バトルプラン,ハナマル,アフリート,鹿毛,150225,    7.7,  ,    ,51.7
18,02,03,1,東京,3,01,未勝利・牝,7,ダ,1,1300,不,プリームムロジンカ,牝,3,戸崎圭太,54.0,16,04,1,1,0,0,2,79.6,"1196",0,0,0,1,1,36.7,460,高橋裕,美,500,15100838,05386,00412,0518130104,ディアレストクラブ,村上欽哉,サウスヴィグラス,ウインミュートス,ダンスインザダーク,鹿毛,150514,    4.4,  ,    ,50.2
18,02,03,1,東京,3,01,未勝利・牝,7,ダ,1,1300,不,カレイドスコープ  ,牝,3,吉田隼人,54.0,16,05,3,3,0,0.6,7,80.2,"1202",0,0,0,2,2,37.2,468,菊沢隆徳,美,130,15102578,01095,01115,0518130105,グランド牧場,本桐牧場,エスポワールシチー,シンワクイーン,フサイチコンコルド,鹿毛,150205,   26.6,  ,    ,49.1
18,02,03,1,東京,3,01,未勝利・牝,7,ダ,1,1300,不,ロージズラヴ      ,牝,3,木幡初広,54.0,16,06,8,8,0,1,14,80.6,"1206",0,0,0,15,15,35.9,444,杉浦宏昭,美,0,15106264,00629,01008,0518130106,鈴木芳夫,松田牧場,ロージズインメイ,ラルティスタ,マイネルラヴ,黒鹿,150430,  139.6,  ,    ,56.7
18,02,03,1,東京,3,01,未勝利・牝,7,ダ,1,1300,不,ファンダンゴ      ,牝,3,松岡正海,54.0,16,07,12,12,0,1.6,15,81.2,"1212",0,0,0,12,11,37.3,434,伊藤伸一,美,0,15102761,01085,01031,0518130107,ミルファーム,澤井義一,シニスターミニスター,フサイチシルヴィ,アフリート,栗毛,150502,  195.8,  ,    ,50.9
18,02,03,1,東京,3,01,未勝利・牝,7,ダ,1,1300,不,シングシングシング,牝,3,大野拓弥,54.0,16,08,5,5,0,0.7,9,80.3,"1203",0,0,0,4,4,37,456,新開幸一,美,50,15109077,01096,01116,0518130108,グリーンファーム,恵比寿興業株式会社,ヨハネスブルグ,シンギングセンセーション,"Coronado's Quest",鹿毛,150512,   46.1,  ,    ,50.3
18,02,03,1,東京,3,01,未勝利・牝,7,ダ,1,1300,不,ムテキノオジョウ  ,牝,3,三浦皇成,54.0,16,09,13,13,0,1.9,4,81.5,"1215",0,0,0,9,7,38,444,小野次郎,美,0,15105149,01122,01125,0518130109,國分純,スマイルファーム,サウスヴィグラス,カアチャンコワイ,クロフネ,芦毛,150317,    5.7,  ,    ,48.1
18,02,03,1,東京,3,01,未勝利・牝,7,ダ,1,1300,不,ベリッシマ        ,牝,3,横山典弘,54.0,16,10,10,10,0,1.3,8,80.9,"1209",0,0,0,12,13,36.8,476,武井亮,美,0,15100920,00660,01147,0518130110,磯波勇,守矢牧場,エイシンフラッシュ,ゴールドマッシモ,ネオユニヴァース,青鹿,150417,   45.1,  ,    ,52.7
18,02,03,1,東京,3,01,未勝利・牝,7,ダ,1,1300,不,プロローグ        ,牝,3,武藤雅,51.0,16,11,9,9,0,1.1,11,80.7,"1207",0,0,0,14,13,36.6,480,松永康利,美,0,15100399,01169,01093,0518130111,山口裕介,大作ステーブル,ジョーカプチーノ,アズマタイガー,エリシオ,鹿毛,150416,   68.7,  ,    ,53.3
18,02,03,1,東京,3,01,未勝利・牝,7,ダ,1,1300,不,ハッピーリフレイン,牝,3,嶋田純次,54.0,16,12,14,14,0,2.3,16,81.9,"1219",0,0,0,7,7,38.4,412,南田美知,美,0,15103910,01134,00437,0518130112,ミルファーム,新井牧場,ナカヤマフェスタ,リヴァリーン,グラスワンダー,鹿毛,150501,  342.9,  ,    ,47.1
18,02,03,1,東京,3,01,未勝利・牝,7,ダ,1,1300,不,ゴムマリ          ,牝,3,柴山雄一,54.0,16,13,0,0,4,999.9,10,0,"----",0,0,0,0,0,0,458,浅野洋一,美,0,15101855,05243,00421,0518130113,田頭勇貴,坂東ファーム,シニスターミニスター,ハルジオン,ティンバーカントリー,黒鹿,150329,   68.6,  ,    , 0.0
18,02,03,1,東京,3,01,未勝利・牝,7,ダ,1,1300,不,ニシノシノブ      ,牝,3,江田照男,54.0,16,14,15,15,0,2.4,13,82,"1220",0,0,0,10,9,38.3,440,本間忍,美,0,15101801,00689,01056,0518130114,西山茂行,日西牧場,リーチザクラウン,リゼリ,"Highest Honor",芦毛,150316,   76.7,  ,    ,47.8
18,02,03,1,東京,3,01,未勝利・牝,7,ダ,1,1300,不,ブチャコ          ,牝,3,木幡巧也,53.0,16,15,11,11,0,1.5,5,81.1,"1211",0,0,0,10,11,37.3,504,牧光二,美,0,15100940,01162,01106,0518130115,西村和夫,山岡ファーム,ホワイトマズル,ヴェルテュ,ファスリエフ,青鹿,150329,    6.8,  ,    ,50.7
18,02,03,1,東京,3,01,未勝利・牝,7,ダ,1,1300,不,エルモアレッタ    ,牝,3,野中悠太,51.0,16,16,7,7,0,0.9,1,80.5,"1205",0,0,0,7,9,36.8,458,小西一男,美,0,15103080,01158,00405,0518130116,田頭勇貴,笹地牧場,ヨハネスブルグ,ハッピーディレンマ,アグネスタキオン,栗毛,150411,    4.3,  ,    ,51.8
18,02,03,1,東京,3,02,新馬,15,ダ,1,1400,不,ガブリエル        ,牡,3,田辺裕信,56.0,16,01,2,2,0,0.8,6,86.8,"1268",0,0,0,5,5,37.3,480,大和田成,美,240,15104297,01075,01124,0518130201,原禮子,社台ファーム,ノヴェリスト,キラリダイヤモンド,フジキセキ,栗毛,150423,   12.6,  ,    ,49.5
18,02,03,1,東京,3,02,新馬,15,ダ,1,1400,不,トゥーレ          ,牡,3,吉田隼人,56.0,16,02,10,10,0,2.5,4,88.5,"1285",0,0,0,13,13,37.1,486,大竹正博,美,0,15104248,01095,01102,0518130202,桑畑隆信,社台ファーム,キャプテントゥーレ,エアラグドール,"Storm Cat",栗毛,150511,    8.9,  ,    ,53.9
18,02,03,1,東京,3,02,新馬,15,ダ,1,1400,不,フレグラントエリア,牝,3,内田博幸,54.0,16,03,5,5,0,1.4,2,87.4,"1274",0,0,0,5,3,38.1,478,加藤征弘,美,60,15104187,00422,01059,0518130203,G1レーシング,社台コーポレーショ,ハーツクライ,ベルエアシズル,"Unusual Heat",栗毛,150326,    6.9,  ,    ,47.0
18,02,03,1,東京,3,02,新馬,15,ダ,1,1400,不,アロングショット  ,牡,3,大野拓弥,56.0,16,04,3,3,0,1.2,5,87.2,"1272",0,0,0,11,12,36.8,464,手塚貴久,美,150,15101031,01096,01038,0518130204,藤田在子,天羽禮治,キンシャサノキセキ,トップオブドーラ,"Grand Slam",鹿毛,150303,   11.2,  ,    ,52.7
18,02,03,1,東京,3,02,新馬,15,ダ,1,1400,不,エボニーマーブル  ,牡,3,石橋脩,56.0,16,05,13,13,0,3.6,10,89.6,"1296",0,0,0,2,2,40.6,460,萩原清,美,0,15101440,01077,01017,0518130205,金子真人ホールディ,白井牧場,キングカメハメハ,ドリームローズ,サクラバクシンオー,黒鹿,150227,   40.1,  ,    ,40.5
18,02,03,1,東京,3,02,新馬,15,ダ,1,1400,不,スマートパートナー,牝,3,藤田菜七,51.0,16,06,6,6,0,1.6,3,87.6,"1276",0,0,0,1,1,38.6,456,吉田直弘,栗,0,15105985,01164,01101,0518130206,大川徹,飛野牧場,サウスヴィグラス,スウィフトレディー,フジキセキ,栗毛,150523,    6.9,  ,    ,45.2
18,02,03,1,東京,3,02,新馬,15,ダ,1,1400,不,サムソンフォンテン,牡,3,伊藤工真,56.0,16,07,15,15,0,4.1,15,90.1,"1301",0,0,0,14,14,38.3,510,石毛善彦,美,0,15102769,01119,00428,0518130207,吉橋興生,清水スタッド,メイショウサムソン,ナドレ,スウェプトオーヴァーボード,黒鹿,150501,  263.2,  ,    ,51.4
18,02,03,1,東京,3,02,新馬,15,ダ,1,1400,不,ミラクルヒッター  ,牡,3,田中勝春,56.0,16,08,14,14,0,4.1,9,90.1,"1301",0,0,0,3,6,40.4,496,菊川正達,美,0,15101738,00684,01052,0518130208,丸岡啓一,ナカノファーム,ヴァーミリアン,アーダーチャリス,サクラバクシンオー,芦毛,150523,   34.9,  ,    ,42.3
18,02,03,1,東京,3,02,新馬,15,ダ,1,1400,不,ロトヴィグラス    ,牡,3,二本柳壮,56.0,16,09,4,4,0,1.4,11,87.4,"1274",0,0,0,11,10,37.4,460,高市圭二,美,90,15102303,01049,01014,0518130209,國武佳博,沖田哲夫,サウスヴィグラス,プリモエナジー,スマートボーイ,栗毛,150419,   43.5,  ,    ,50.3
18,02,03,1,東京,3,02,新馬,15,ダ,1,1400,不,シュヌーク        ,牝,3,長岡禎仁,54.0,16,10,12,12,0,3.4,16,89.4,"1294",0,0,0,15,15,37.3,422,柄崎孝,美,0,15102736,01142,00380,0518130210,様似共栄牧場,様似共栄牧場,ブラックタイド,エスジーボナンザ,ブライアンズタイム,青鹿,150426,  263.9,  ,    ,54.8
18,02,03,1,東京,3,02,新馬,15,ダ,1,1400,不,プリンセスケイト  ,牝,3,横山典弘,54.0,16,11,1,1,0,-0.8,1,86,"1260",0,0,0,3,3,36.8,522,昆貢,栗,600,15101678,00660,01044,0518130211,ゴドルフィン,ダーレー・ジャパン,ハードスパン,レディミドルトン,Kingmambo,黒鹿,150416,    1.9,  ,    ,50.3
18,02,03,1,東京,3,02,新馬,15,ダ,1,1400,不,フォルテドンナ    ,牝,3,黛弘人,54.0,16,12,9,9,0,2.5,7,88.5,"1285",0,0,0,9,10,38.5,456,松山将樹,美,0,15101942,01109,01100,0518130212,ヒダカ・ブリーダー,豊洋牧場,ヘニーヒューズ,ガイヤール,ブラックタイアフェアー,栗毛,150405,   26.6,  ,    ,47.4
18,02,03,1,東京,3,02,新馬,15,ダ,1,1400,不,サンマルスター    ,牡,3,杉原誠人,56.0,16,13,16,16,0,4.8,14,90.8,"1308",0,0,0,16,16,37.6,482,佐藤吉勝,美,0,15101563,01135,01035,0518130213,相馬勇,田端牧場,トーセンホマレボシ,サンマルセイコー,ビワタケヒデ,栗毛,150316,  250.4,  ,    ,56.1
18,02,03,1,東京,3,02,新馬,15,ダ,1,1400,不,クリノカーロ      ,牝,3,原田和真,54.0,16,14,8,8,0,2.2,8,88.2,"1282",0,0,0,7,6,38.5,476,大根田裕,栗,0,15101219,01143,01032,0518130214,栗本博晴,木村牧場,ケイムホーム,ゲストアスリート,ブライアンズタイム,栗毛,150221,   28.4,  ,    ,46.8
18,02,03,1,東京,3,02,新馬,15,ダ,1,1400,不,マサノメーテル    ,牝,3,柴山雄一,54.0,16,15,7,7,0,2.2,12,88.2,"1282",0,0,0,8,9,38.4,462,清水英克,美,0,15102265,05243,01080,0518130215,猪野毛雅人,猪野毛牧場,キンシャサノキセキ,シルフィード,シンボリクリスエス,鹿毛,150312,  105.0,  ,    ,47.3
18,02,03,1,東京,3,02,新馬,15,ダ,1,1400,不,サンホノルル      ,牡,3,小島太一,56.0,16,16,11,11,0,2.7,13,88.7,"1287",0,0,0,9,6,39,422,中野栄治,美,0,15106363,01097,01010,0518130216,加藤ステーブル,及川幸夫,ローレルゲレイロ,メダリオンスター,スペシャルウィーク,青鹿,150321,  164.1,  ,    ,45.6
18,02,03,1,東京,3,03,未勝利,7,ダ,1,1600,不,サニージューク    ,牝,3,松岡正海,54.0,16,01,9,9,0,3.3,12,100.7,"1407",0,0,0,14,14,37.6,444,伊藤伸一,美,0,15106158,01085,01031,0518130301,フジワラ・ファーム,フジワラフアーム,エンパイアメーカー,スパーブクィーン,グラスワンダー,鹿毛,150319,  185.3,  ,    ,50.7
18,02,03,1,東京,3,03,未勝利,7,ダ,1,1600,不,トーセンモナルカ  ,牡,3,内田博幸,56.0,16,02,2,2,0,1,4,98.4,"1384",0,0,0,10,8,36.1,480,加藤征弘,美,200,15101109,00422,01059,0518130302,島川隆哉,エスティファーム,キングカメハメハ,トーセンジョウオー,ティンバーカントリー,黒鹿,150509,   14.7,  ,    ,53.5
18,02,03,1,東京,3,03,未勝利,7,ダ,1,1600,不,トキメキジュピター,牡,3,柴山雄一,56.0,16,03,13,13,0,4.1,14,101.5,"1415",0,0,0,4,5,39.6,488,佐藤吉勝,美,0,15103419,05243,01035,0518130303,杉浦和也,室田千秋,モンテロッソ,クレバーダンス,ダンスインザダーク,黒鹿,150324,  258.0,  ,    ,43.8
18,02,03,1,東京,3,03,未勝利,7,ダ,1,1600,不,ジャベルアンドレ  ,牝,3,木幡巧也,53.0,16,04,16,16,0,5.7,7,103.1,"1431",0,0,0,1,2,41.5,520,牧光二,美,0,15103858,01162,01106,0518130304,高嶋航,吉田ファーム,ダイワメジャー,ダンシングクイーン,"Giant's Causeway",鹿毛,150302,   53.7,  ,    ,39.1
18,02,03,1,東京,3,03,未勝利,7,ダ,1,1600,不,アースルナ        ,牝,3,横山武史,51.0,16,05,15,15,0,4.7,13,102.1,"1421",0,0,0,6,10,39.7,428,粕谷昌央,美,0,15106464,01170,01096,0518130305,松山増男,アイオイファーム,エイシンフラッシュ,ルナリア,ネオユニヴァース,鹿毛,150504,  208.4,  ,    ,44.3
18,02,03,1,東京,3,03,未勝利,7,ダ,1,1600,不,ダイヤモンドビーム,牝,3,嘉藤貴行,54.0,16,06,14,14,0,4.7,16,102.1,"1421",0,0,0,16,16,37.2,452,加藤和宏,美,0,15104017,01051,01077,0518130306,北原光一郎,真壁信一,ディープスカイ,メイショウオッチモ,フォーティナイナー,栗毛,150323,  412.8,  ,    ,54.7
18,02,03,1,東京,3,03,未勝利,7,ダ,1,1600,不,カガスター        ,牡,3,田中勝春,56.0,16,07,3,3,0,1.1,2,98.5,"1385",0,0,0,6,5,36.5,446,高市圭二,美,130,15101890,00684,01014,0518130307,香川憲次,広富牧場,ローズキングダム,スイリンカ,ワイルドラッシュ,鹿毛,150506,    4.7,  ,    ,51.9
18,02,03,1,東京,3,03,未勝利,7,ダ,1,1600,不,シーズラック      ,牝,3,蛯名正義,54.0,16,08,4,4,0,1.6,6,99,"1390",0,0,0,9,5,37.1,478,田中清隆,美,75,15105901,00663,00408,0518130308,飯田正剛,千代田牧場,クロフネ,ギフトオブザラック,ディープインパクト,鹿毛,150324,   36.4,  ,    ,50.1
18,02,03,1,東京,3,03,未勝利,7,ダ,1,1600,不,ハイクリア        ,牡,3,北村宏司,56.0,16,09,10,10,0,3.4,10,100.8,"1408",0,0,0,12,11,37.9,464,池上昌和,美,0,15101673,01043,01150,0518130309,ゴドルフィン,ダーレー・ジャパン,キングズベスト,リップル,アグネスタキオン,栗毛,150305,  123.6,  ,    ,49.6
18,02,03,1,東京,3,03,未勝利,7,ダ,1,1600,不,アルクトス        ,牡,3,大野拓弥,56.0,16,10,1,1,0,-1,1,97.4,"1374",0,0,0,2,1,35.9,526,栗田徹,美,500,15100318,01096,01127,0518130310,山口功一郎,須崎牧場,アドマイヤオーラ,ホシニイノリヲ,シンボリクリスエス,鹿毛,150502,    1.4,  ,    ,52.8
18,02,03,1,東京,3,03,未勝利,7,ダ,1,1600,不,コハクノユメ      ,牡,3,吉田隼人,56.0,16,11,6,6,0,2.6,3,100,"1400",0,0,0,4,4,38.3,514,本間忍,美,0,15103179,01095,01056,0518130311,橋本忠雄,大道牧場,エンパイアメーカー,ベッロカリーノ,キングカメハメハ,鹿毛,150521,    7.0,  ,    ,46.7
18,02,03,1,東京,3,03,未勝利,7,ダ,1,1600,不,グッドモーメント  ,牝,3,丸田恭介,54.0,16,12,12,12,0,4.1,15,101.5,"1415",0,0,0,12,11,38.7,412,宗像義忠,美,0,15106459,01117,00420,0518130312,西城公雄,坂戸節子,ゴールドアリュール,エレガントタイム,ブライアンズタイム,青鹿,150528,  308.5,  ,    ,47.4
18,02,03,1,東京,3,03,未勝利,7,ダ,1,1600,不,アルスラーン      ,牡,3,三浦皇成,56.0,16,13,5,5,0,2,5,99.4,"1394",0,0,0,3,2,37.8,490,小西一男,美,50,15106231,01122,00405,0518130313,小泉修,前谷武志,ヴィクトワールピサ,ミラクルベリー,ファルブラヴ,黒鹿,150224,   17.9,  ,    ,47.8
18,02,03,1,東京,3,03,未勝利,7,ダ,1,1600,不,デルマバラライカ  ,牡,3,横山和生,56.0,16,14,8,8,0,3.1,8,100.5,"1405",0,0,0,15,15,36.3,518,天間昭一,美,0,15104594,01140,01090,0518130314,浅沼廣幸,社台ファーム,ハービンジャー,ラピッドオレンジ,エルコンドルパサー,黒鹿,150210,   74.8,  ,    ,56.1
18,02,03,1,東京,3,03,未勝利,7,ダ,1,1600,不,ニシノエクレール  ,牝,3,藤田菜七,51.0,16,15,7,7,0,2.9,9,100.3,"1403",0,0,0,6,8,38.1,446,小西一男,美,0,15105196,01164,00405,0518130315,西山茂行,本桐牧場,エイシンフラッシュ,ショウナンアネーロ,ダンスインザダーク,黒鹿,150418,  102.2,  ,    ,48.0
18,02,03,1,東京,3,03,未勝利,7,ダ,1,1600,不,コニファー        ,牝,3,野中悠太,51.0,16,16,11,11,0,3.9,11,101.3,"1413",0,0,0,11,11,38.5,466,二ノ宮敬,美,0,15104370,01158,00409,0518130316,吉田照哉,社台ファーム,カジノドライヴ,スカーレル,ゴールドアリュール,栗毛,150326,  157.5,  ,    ,47.9
18,02,03,1,東京,3,05,未勝利,7,芝,0,1400,稍,ケイディーズネイル,牝,3,川田将雅,54.0,16,01,8,8,0,1.3,3,84.3,"1243",0,0,0,10,12,35.3,416,青木孝文,美,0,15100490,01088,01156,0518130501,田島大史,長浜牧場,ダノンシャンティ,ケイティーズギフト,フレンチデピュティ,栗毛,150225,    5.1,  ,    ,54.1
18,02,03,1,東京,3,05,未勝利,7,芝,0,1400,稍,レッドテオドーラ  ,牝,3,北村宏司,54.0,16,02,11,11,0,1.6,8,84.6,"1246",0,0,0,14,13,35.4,450,国枝栄,美,0,15104618,01043,00399,0518130502,東京ホースレーシン,社台ファーム,ディープインパクト,レッドガナドーラ,Bernardini,鹿毛,150223,   24.6,  ,    ,54.2
18,02,03,1,東京,3,05,未勝利,7,芝,0,1400,稍,シュバルツリッター,牡,3,三浦皇成,56.0,16,03,4,4,0,0.4,2,83.4,"1234",0,0,0,7,5,34.8,466,伊藤大士,美,75,15104372,01122,01109,0518130503,ライオンレースホー,社台ファーム,ノヴェリスト,スターリーロマンス,サンデーサイレンス,青鹿,150217,    3.8,  ,    ,54.7
18,02,03,1,東京,3,05,未勝利,7,芝,0,1400,稍,リョウランレーヴ  ,牝,3,横山和生,54.0,16,04,14,14,0,2.2,16,85.2,"1252",0,0,0,10,9,36.4,460,小野次郎,美,0,15100297,01140,01125,0518130504,佐藤啓子,スカイビーチステー,シンボリクリスエス,シャイニングスルー,スペシャルウィーク,青毛,150320,  513.1,  ,    ,50.5
18,02,03,1,東京,3,05,未勝利,7,芝,0,1400,稍,ソルトテラス      ,牡,3,野中悠太,53.0,16,05,9,9,0,1.5,13,84.5,"1245",0,0,0,5,8,35.8,422,和田正道,美,0,15100337,01158,00353,0518130505,スピードファーム,スピードフアーム,キンシャサノキセキ,ライステラス,ソングオブウインド,鹿毛,150505,  362.3,  ,    ,52.0
18,02,03,1,東京,3,05,未勝利,7,芝,0,1400,稍,パチュリー        ,牝,3,戸崎圭太,54.0,16,06,7,7,0,1,4,84,"1240",0,0,0,10,9,35.1,444,金成貴史,美,0,15106278,05386,01132,0518130506,レッドマジック,三木田牧場,キンシャサノキセキ,スーリア,ラストタイクーン,鹿毛,150503,    8.4,  ,    ,54.5
18,02,03,1,東京,3,05,未勝利,7,芝,0,1400,稍,デンセツノマジョ  ,牝,3,田辺裕信,54.0,16,07,5,5,0,0.5,5,83.5,"1235",0,0,0,15,15,34.1,450,菊沢隆徳,美,50,15105145,01075,01115,0518130507,國分純,スマイルファーム,オンファイア,アドマイヤダッシュ,フサイチコンコルド,黒鹿,150514,   10.7,  ,    ,58.7
18,02,03,1,東京,3,05,未勝利,7,芝,0,1400,稍,エルコンフェアリー,牝,3,柴田大知,54.0,16,08,12,12,0,1.7,12,84.7,"1247",0,0,0,7,9,35.9,434,和田雄二,美,0,15100652,01009,01143,0518130508,古川淳,ハシモトフアーム,ベーカバド,チェリッシュレディ,バブルガムフェロー,鹿毛,150404,  296.9,  ,    ,51.9
18,02,03,1,東京,3,05,未勝利,7,芝,0,1400,稍,テトラクォーク    ,牝,3,津村明秀,54.0,16,09,6,6,0,0.6,6,83.6,"1236",0,0,0,1,1,35.6,414,黒岩陽一,美,0,15104956,01092,01133,0518130509,キャロットファーム,ノーザンファーム,ノヴェリスト,フェルミオン,アグネスタキオン,鹿毛,150410,   14.9,  ,    ,51.1
18,02,03,1,東京,3,05,未勝利,7,芝,0,1400,稍,ウイッチテリア    ,牝,3,武藤雅,51.0,16,10,13,13,0,2,14,85,"1250",0,0,0,13,13,35.8,404,二ノ宮敬,美,0,15101228,01169,00409,0518130510,木村牧場,木村牧場,バゴ,ハニーゴーオン,ステイゴールド,鹿毛,150309,  378.6,  ,    ,53.1
18,02,03,1,東京,3,05,未勝利,7,芝,0,1400,稍,キーローズ        ,牝,3,丸山元気,54.0,16,11,15,15,0,2.2,10,85.2,"1252",0,0,0,16,16,35.7,430,青木孝文,美,0,15102284,01127,01156,0518130511,北前孔一郎,小河豊水,ローズキングダム,ルーチェデルソーレ,メイショウボーラー,青鹿,150324,  155.0,  ,    ,54.0
18,02,03,1,東京,3,05,未勝利,7,芝,0,1400,稍,ランウェイデビュー,牝,3,石橋脩,54.0,16,12,1,1,0,-0.1,1,83,"1230",0,0,0,7,5,34.4,480,奥村武,美,500,15105303,01077,01145,0518130512,吉田勝己,トウショウ産業株式,ストロングリターン,デビュートウショウ,アドマイヤムーン,鹿毛,150213,    2.5,  ,    ,56.0
18,02,03,1,東京,3,05,未勝利,7,芝,0,1400,稍,デルマミモザ      ,牝,3,横山武史,51.0,16,13,10,10,0,1.5,15,84.5,"1245",0,0,0,3,3,36.1,428,的場均,美,0,15103992,01170,01063,0518130513,浅沼廣幸,東振牧場,アドマイヤコジーン,フラワーサークル,サクラバクシンオー,鹿毛,150524,  441.5,  ,    ,50.6
18,02,03,1,東京,3,05,未勝利,7,芝,0,1400,稍,トーセンリラ      ,牝,3,田中勝春,54.0,16,14,2,2,0,0.1,7,83.1,"1231",0,0,0,5,5,34.5,450,宗像義忠,美,200,15101116,00684,00420,0518130514,島川隆哉,エスティファーム,トーセンブライト,トーセンデイジー,サンデーサイレンス,栗毛,150327,   19.0,  ,    ,55.7
18,02,03,1,東京,3,05,未勝利,7,芝,0,1400,稍,マイネルイノメ    ,牡,3,松岡正海,56.0,16,15,3,3,0,0.4,9,83.4,"1234",0,0,0,2,2,35.3,500,鹿戸雄一,美,130,15101057,01085,01097,0518130515,サラブレッドクラブ,荒井ファーム,スクリーンヒーロー,コスモハート,マイネルラヴ,栗毛,150220,  129.5,  ,    ,52.2
18,02,03,1,東京,3,05,未勝利,7,芝,0,1400,稍,オーシャンアロー  ,牡,3,宮崎北斗,56.0,16,16,16,16,0,2.6,11,85.6,"1256",0,0,0,3,3,37.2,454,伊藤伸一,美,0,15106244,01118,01031,0518130516,冨沢敦子,増本牧場,ロードアルティマ,オーシャンレディー,アグネスタキオン,鹿毛,150402,  211.2,  ,    ,47.6
18,02,03,1,東京,3,06,新馬,15,芝,0,1800,稍,ノーブルカリス    ,牝,3,江田照男,54.0,16,01,1,1,0,-0.2,9,110.1,"1501",0,0,1,1,1,34.4,474,菊川正達,美,600,15105829,00689,01052,0518130601,吉木伸彦,田中裕之,ゼンノロブロイ,ケイアイリュージン,グルームダンサー,鹿毛,150512,   26.1,  ,    ,60.0
18,02,03,1,東京,3,06,新馬,15,芝,0,1800,稍,シャンボールナイト,牡,3,吉田隼人,56.0,16,02,8,8,0,0.8,4,110.9,"1509",0,0,13,11,11,34,482,武井亮,美,0,15109076,01095,01147,0518130602,グリーンファーム,恵比寿興業株式会社,ノヴェリスト,エルメスグリーン,アグネスタキオン,青鹿,150501,    7.3,  ,    ,63.1
18,02,03,1,東京,3,06,新馬,15,芝,0,1800,稍,ダノンアモーレ    ,牝,3,戸崎圭太,54.0,16,03,12,12,0,1.9,1,112,"1520",0,0,10,8,7,35.6,428,高野友和,栗,0,15104694,05386,01117,0518130603,ダノックス,ノーザンファーム,ディープインパクト,ウォッチハー,Mutakddim,黒鹿,150106,    2.9,  ,    ,57.3
18,02,03,1,東京,3,06,新馬,15,芝,0,1800,稍,ヘヴンアースマン  ,牡,3,木幡巧也,55.0,16,04,5,5,0,0.5,5,110.6,"1506",0,0,5,4,4,34.5,504,牧光二,美,60,15101685,01162,01106,0518130604,岡田牧雄,千葉飯田牧場,マンハッタンカフェ,クリスティナリッチ,オペラハウス,青鹿,150408,    7.3,  ,    ,60.3
18,02,03,1,東京,3,06,新馬,15,芝,0,1800,稍,ティーアウリイ    ,牝,3,松岡正海,54.0,16,05,10,10,0,1.5,11,111.6,"1516",0,0,7,7,7,35.2,420,牧田和弥,栗,0,15101078,01085,01123,0518130605,深見富朗,いとう牧場,ルーラーシップ,マイディアソング,ディープインパクト,黒鹿,150426,   54.0,  ,    ,58.5
18,02,03,1,東京,3,06,新馬,15,芝,0,1800,稍,ジャディード      ,牡,3,三浦皇成,56.0,16,06,7,7,0,0.8,12,110.9,"1509",0,0,11,8,10,34.2,458,小島茂之,美,0,15104367,01122,01068,0518130606,丸山担,社台ファーム,シンボリクリスエス,ジャドール,フジキセキ,黒鹿,150403,   76.2,  ,    ,62.1
18,02,03,1,東京,3,06,新馬,15,芝,0,1800,稍,ミヤコノオージ    ,牡,3,田中勝春,56.0,16,07,11,11,0,1.8,6,111.9,"1519",0,0,11,11,13,34.7,476,宗像義忠,美,0,15104544,00684,00420,0518130607,吉田和弘,社台ファーム,タイキシャトル,マスクオフ,ディープインパクト,青鹿,150222,   17.9,  ,    ,61.2
18,02,03,1,東京,3,06,新馬,15,芝,0,1800,稍,スクリプティド    ,牝,3,石橋脩,54.0,16,08,6,6,0,0.6,7,110.7,"1507",0,0,2,2,2,34.9,450,栗田徹,美,0,15101611,01077,01127,0518130608,ゴドルフィン,ダーレー・ジャパン,キングズベスト,ショートハンド,Diktat,鹿毛,150411,   24.5,  ,    ,58.6
18,02,03,1,東京,3,06,新馬,15,芝,0,1800,稍,アンシェンヌヴィル,牝,3,内田博幸,54.0,16,09,4,4,0,0.4,2,110.5,"1505",0,0,4,4,4,34.4,454,須貝尚介,栗,90,15105976,00422,01105,0518130609,飯田良枝,千代田牧場,ディープインパクト,レーヴドフィユ,"Storm Cat",鹿毛,150424,    5.1,  ,    ,60.6
18,02,03,1,東京,3,06,新馬,15,芝,0,1800,稍,トイトイブルース  ,牡,3,丸山元気,56.0,16,10,9,9,0,1,14,111.1,"1511",0,0,7,8,7,34.7,526,土田稔,美,0,15106359,01127,00417,0518130610,BijouRacing,川上牧場,ロジユニヴァース,マーズプリンセス,デインヒル,鹿毛,150519,  119.7,  ,    ,60.1
18,02,03,1,東京,3,06,新馬,15,芝,0,1800,稍,オスカールビー    ,牝,3,蛯名正義,54.0,16,11,3,3,0,0.4,3,110.5,"1505",0,0,5,6,6,34.3,500,矢作芳人,栗,150,15105193,00663,01075,0518130611,森保彦,チャンピオンズファ,ハーツクライ,リキセレナード,ジェイドロバリー,鹿毛,150531,    5.3,  ,    ,61.1
18,02,03,1,東京,3,06,新馬,15,芝,0,1800,稍,サンライズアミーゴ,牡,3,大野拓弥,56.0,16,12,13,13,0,2.2,8,112.3,"1523",0,0,7,11,11,35.4,464,牧浦充徳,栗,0,15102081,01096,01113,0518130612,松岡隆雄,ヤナガワ牧場,ハービンジャー,ラトーヌタキオン,アグネスタキオン,芦毛,150323,   25.5,  ,    ,58.6
18,02,03,1,東京,3,06,新馬,15,芝,0,1800,稍,シセイヒテン      ,牡,3,伊藤工真,56.0,16,13,2,2,0,0.2,13,110.3,"1503",0,0,2,3,3,34.3,440,宗像義忠,美,240,15105276,01119,00420,0518130613,猪苗代勇,パカパカファーム,ノヴェリスト,シセイカグヤ,ネオユニヴァース,青毛,150328,  101.3,  ,    ,60.8
18,02,03,1,東京,3,06,新馬,15,芝,0,1800,稍,アルマヘクトール  ,牡,3,武藤雅,53.0,16,14,15,15,0,2.7,15,112.8,"1528",0,0,13,14,13,35.7,468,高橋文雅,美,0,15103623,01169,01134,0518130614,コウトミックレーシ,小島牧場,アイルハヴアナザー,アマダブラム,ダイワメジャー,栗毛,150418,  214.7,  ,    ,58.0
18,02,03,1,東京,3,06,新馬,15,芝,0,1800,稍,アルチスタ        ,牝,3,横山典弘,54.0,16,15,14,14,0,2.2,10,112.3,"1523",0,0,16,15,15,34.9,420,畠山吉宏,美,0,15104201,00660,01048,0518130615,Basic,社台ファーム,エイシンフラッシュ,アカンサス,フジキセキ,青鹿,150407,   32.0,  ,    ,60.9
18,02,03,1,東京,3,06,新馬,15,芝,0,1800,稍,ノラボウナ        ,セ,3,横山武史,53.0,16,16,16,16,0,2.7,16,112.8,"1528",0,0,15,16,16,35.2,506,堀井雅広,美,0,15103784,01170,00436,0518130616,ヒダカファーム,ヒダカフアーム,ゴールドヘイロー,ブレスマイソウル,タマモクロス,鹿毛,150419,  224.3,  ,    ,60.2
18,02,03,1,東京,3,07,500万下*,23,ダ,1,1400,不,ナイツブリッジ    ,牡,3,石橋脩,56.0,16,01,7,7,0,1.9,6,85.8,"1258",0,0,0,4,4,38.2,500,斎藤誠,美,0,15104382,01077,01086,0518130701,村野康司,社台ファーム,キンシャサノキセキ,スペシャルポケット,ジャングルポケット,黒鹿,150319,   23.4,  ,    ,43.5
18,02,03,1,東京,3,07,500万下*,23,ダ,1,1400,不,ニシノオリーブ    ,牝,3,野中悠太,51.0,16,02,9,9,0,2.4,11,86.3,"1263",0,0,0,1,1,39,452,武藤善則,美,0,15105199,01158,01064,0518130702,西山茂行,本桐牧場,リーチザクラウン,ニシノキミヨ,バゴ,青毛,150304,   81.2,  ,    ,41.0
18,02,03,1,東京,3,07,500万下*,23,ダ,1,1400,不,ソングオブファイア,牡,3,三浦皇成,56.0,16,03,14,14,0,3.2,8,87.1,"1271",0,0,0,6,8,39.1,474,高柳瑞樹,美,0,15101597,01122,01118,0518130703,ゴドルフィン,ダーレー・ジャパン,パイロ,ギフトオブソング,"Unbridled's Song",黒鹿,150222,   47.4,  ,    ,42.1
18,02,03,1,東京,3,07,500万下*,23,ダ,1,1400,不,アメリカンツイスト,牡,3,横山典弘,56.0,16,04,6,6,0,1.9,5,85.8,"1258",0,0,0,8,9,37.6,484,中舘英二,美,0,15104243,00660,01153,0518130704,グリーンファーム,社台ファーム,ストロングリターン,エアウイングス,サンデーサイレンス,鹿毛,150219,   20.0,  ,    ,46.1
18,02,03,1,東京,3,07,500万下*,23,ダ,1,1400,不,ビレッジキング    ,牡,3,田中勝春,56.0,16,05,16,16,0,4.2,12,88.1,"1281",0,0,0,2,2,40.8,466,土田稔,美,0,15102629,00684,00417,0518130705,村山輝雄,三石川上牧場,キングヘイロー,スパイシーソース,"Storm Cat",黒鹿,150208,  100.7,  ,    ,36.9
18,02,03,1,東京,3,07,500万下*,23,ダ,1,1400,不,ユニオンローズ    ,牡,3,松岡正海,56.0,16,06,2,2,0,0.4,2,84.3,"1243",0,0,0,8,6,36.4,458,牧田和弥,栗,290,15105968,01085,01123,0518130706,山紫水明,千代田牧場,ネオユニヴァース,ランブリングローズ,アグネスデジタル,鹿毛,150216,    7.2,  ,    ,48.7
18,02,03,1,東京,3,07,500万下*,23,ダ,1,1400,不,アポストル        ,牡,3,西田雄一,56.0,16,07,3,3,0,1.2,15,85.1,"1251",0,0,0,11,11,36.6,506,武藤善則,美,180,15104996,01004,01064,0518130707,吉田和美,ノーザンファーム,ヘニーヒューズ,ホワイトミーティア,ゼンノロブロイ,芦毛,150221,  190.4,  ,    ,49.4
18,02,03,1,東京,3,07,500万下*,23,ダ,1,1400,不,ラインギャラント  ,牝,3,武藤雅,51.0,16,08,8,8,0,2,13,85.9,"1259",0,0,0,15,13,37.3,440,水野貴広,美,0,15104214,01169,01094,0518130708,大澤繁昌,社台ファーム,スウェプトオーヴァーボード,アモールミーオ,ダイワメジャー,芦毛,150228,  112.5,  ,    ,47.7
18,02,03,1,東京,3,07,500万下*,23,ダ,1,1400,不,ミヤギウイング    ,牝,3,北村宏司,54.0,16,09,5,5,0,1.7,3,85.6,"1256",0,0,0,12,11,37.2,490,田村康仁,美,72,15103390,01043,01027,0518130709,菅原秀仁,宮内牧場,エンパイアメーカー,キョウエイタキオン,アグネスタキオン,鹿毛,150420,    8.9,  ,    ,47.6
18,02,03,1,東京,3,07,500万下*,23,ダ,1,1400,不,ワンダーツー      ,牡,3,柴山雄一,56.0,16,10,4,4,0,1.3,7,85.2,"1252",0,0,0,10,9,37,524,田村康仁,美,110,15105708,05243,01027,0518130710,山口裕介,静内坂本牧場,ゴールドヘイロー,ベルモントナウシカ,アジュディケーティング,鹿毛,150402,   28.2,  ,    ,47.7
18,02,03,1,東京,3,07,500万下*,23,ダ,1,1400,不,ミコジェンヌ      ,牝,3,吉田隼人,54.0,16,11,13,13,0,3.2,9,87.1,"1271",0,0,0,12,13,38.5,438,谷原義明,美,0,15103089,01095,00402,0518130711,古賀慎一,松栄牧場,プリサイスエンド,ムーンライトソング,ステイゴールド,栗毛,150428,   75.1,  ,    ,44.7
18,02,03,1,東京,3,07,500万下*,23,ダ,1,1400,不,ミッキーマインド  ,牡,3,川田将雅,56.0,16,12,12,12,0,3.2,4,87.1,"1271",0,0,0,12,13,38.5,460,音無秀孝,栗,0,15103366,01088,01002,0518130712,野田みづき,三嶋牧場,ディープインパクト,マイグッドネス,"Storm Cat",鹿毛,150310,   18.5,  ,    ,44.7
18,02,03,1,東京,3,07,500万下*,23,ダ,1,1400,不,ミスターメロディ  ,牡,3,戸崎圭太,56.0,16,13,1,1,0,-0.4,1,83.9,"1239",0,0,0,3,3,36.5,480,藤原英昭,栗,720,15110096,05386,01055,0518130713,グリーンフィールズ,"Bell Tower Thoroug","Scat Daddy","Trusty Lady","Deputy Minister",鹿毛,150329,    1.3,  ,    ,47.4
18,02,03,1,東京,3,07,500万下*,23,ダ,1,1400,不,スワーヴポルトス  ,牡,3,内田博幸,56.0,16,14,11,11,0,3.1,10,87,"1270",0,0,0,4,4,39.3,424,庄野靖志,栗,0,15100654,00422,01087,0518130714,NICKS,ハシモトフアーム,クロフネ,ビジャリカ,ディープインパクト,鹿毛,150318,   79.0,  ,    ,41.0
18,02,03,1,東京,3,07,500万下*,23,ダ,1,1400,不,コスモフォーミュラ,牝,3,柴田大知,54.0,16,15,15,15,0,4.2,16,88.1,"1281",0,0,0,6,6,40.2,462,菊沢隆徳,美,0,15100695,01009,01115,0518130715,ビッグレッドファー,ビッグレッドファー,アイルハヴアナザー,コスモコルデス,ゴールドヘイロー,黒鹿,150213,  196.4,  ,    ,39.4
18,02,03,1,東京,3,07,500万下*,23,ダ,1,1400,不,トウカイベリンダ  ,牝,3,藤田菜七,51.0,16,16,10,10,0,2.9,14,86.8,"1268",0,0,0,16,16,37.7,462,栗田徹,美,0,15102184,01164,01127,0518130716,内村正則,二風谷ファーム,ハーツクライ,トウカイオスカー,トウカイテイオー,黒鹿,150415,  113.0,  ,    ,47.7
18,02,03,1,東京,3,08,500万下,23,ダ,1,1600,不,ラックアサイン    ,牝,6,横山武史,52.0,16,01,14,14,0,3.9,15,100,"1400",0,0,0,6,7,39.2,490,大江原哲,美,0,12103633,01170,01012,0518130801,岡田牧雄,岡田スタツド,ハービンジャー,サウスティーダ,アドマイヤベガ,鹿毛,120502,  144.1,  ,    ,43.1
18,02,03,1,東京,3,08,500万下,23,ダ,1,1600,不,ジャストヒーロー  ,牡,4,内田博幸,57.0,16,02,8,8,0,1.8,16,97.9,"1379",0,0,0,14,14,36.7,458,柴田政人,美,0,14104321,00422,01007,0518130802,密山根成,岡田猛,ローレルゲレイロ,ローズアイネス,アイネスフウジン,黒鹿,140503,  163.1,  ,    ,50.1
18,02,03,1,東京,3,08,500万下,23,ダ,1,1600,不,タイキダイヤモンド,牡,4,大野拓弥,57.0,16,03,6,6,0,1.4,13,97.5,"1375",0,0,0,9,7,36.7,476,高木登,美,0,14103486,01096,01088,0518130803,大樹ファーム,ビクトリーファーム,ヴァーミリアン,タイキバラード,ファンタスティックライト,青鹿,140421,   57.5,  ,    ,49.4
18,02,03,1,東京,3,08,500万下,23,ダ,1,1600,不,グッドラックサマー,牡,4,横山和生,57.0,16,04,2,2,0,0.2,3,96.3,"1363",0,0,0,2,1,36.1,556,尾形和幸,美,300,14104230,01140,01141,0518130804,澤田孝之,伊藤敏明,サマーバード,バックアタック,アグネスデジタル,栗毛,140322,    6.9,  ,    ,50.1
18,02,03,1,東京,3,08,500万下,23,ダ,1,1600,不,ゲンパチマサムネ  ,牡,4,田辺裕信,57.0,16,05,9,9,0,2.3,5,98.4,"1384",0,0,0,12,12,37.3,510,田村康仁,美,0,14101372,01075,01027,0518130805,平野武志,三石橋本牧場,ネオユニヴァース,ケイアイエリザベス,フレンチデピュティ,鹿毛,140418,    8.6,  ,    ,48.3
18,02,03,1,東京,3,08,500万下,23,ダ,1,1600,不,ブレイジングサン  ,牡,5,吉田隼人,57.0,16,06,12,12,0,2.8,12,98.9,"1389",0,0,0,15,15,37.5,580,尾形充弘,美,0,13101496,01095,00349,0518130806,Basic,佐藤牧場,ファスリエフ,ベストフューチャー,ロージズインメイ,黒鹿,130313,   52.7,  ,    ,48.2
18,02,03,1,東京,3,08,500万下,23,ダ,1,1600,不,ワイルドグラス    ,牡,4,的場勇人,57.0,16,07,15,15,0,4.5,9,100.6,"1406",0,0,0,1,2,40.4,470,的場均,美,0,14103594,01108,01063,0518130807,長谷川守正,宮内牧場,グラスワンダー,タムロウイング,ブラックホーク,鹿毛,140330,   18.7,  ,    ,39.4
18,02,03,1,東京,3,08,500万下,23,ダ,1,1600,不,セガールモチンモク,セ,4,戸崎圭太,57.0,16,08,3,3,0,1,6,97.1,"1371",0,0,0,15,15,35.8,482,粕谷昌央,美,190,14106522,05386,01096,0518130808,小田切有一,木村牧場,アポロキングダム,モットヒカリヲ,アフリート,栗毛,140510,   10.4,  ,    ,52.7
18,02,03,1,東京,3,08,500万下,23,ダ,1,1600,不,キングズミッション,牡,5,三浦皇成,57.0,16,09,13,13,0,3.1,7,99.2,"1392",0,0,0,13,12,38.1,470,高木登,美,0,13105740,01122,01088,0518130809,吉田千津,社台ファーム,ゼンノロブロイ,ロイヤルタバスコ,タバスコキャット,栗毛,130517,   15.2,  ,    ,46.2
18,02,03,1,東京,3,08,500万下,23,ダ,1,1600,不,キングドラゴン    ,セ,5,蛯名正義,57.0,16,10,7,7,0,1.7,1,97.8,"1378",0,0,0,9,10,36.8,542,藤沢和雄,美,0,13105448,00663,00386,0518130810,窪田芳郎,社台ファーム,シンボリクリスエス,グランパドドゥ,フジキセキ,鹿毛,130418,    3.3,  ,    ,49.5
18,02,03,1,東京,3,08,500万下,23,ダ,1,1600,不,カイマノア        ,牡,6,藤田菜七,54.0,16,11,16,16,0,5,14,101.1,"1411",0,0,0,5,7,40.3,506,栗田徹,美,0,12105911,01164,01127,0518130811,山口功一郎,小林仁,ゴールドアリュール,ロックフォーティ,ロックオブジブラルタル,栗毛,120520,   70.3,  ,    ,40.5
18,02,03,1,東京,3,08,500万下,23,ダ,1,1600,不,マイネルツァイト  ,牡,4,柴田大知,57.0,16,12,4,4,0,1.4,4,97.5,"1375",0,0,0,2,3,37.2,502,大和田成,美,110,14104991,01009,01124,0518130812,サラブレッドクラブ,原フアーム,タイムパラドックス,ケイウンブルーム,ジョリーズヘイロー,青鹿,140407,    7.8,  ,    ,47.3
18,02,03,1,東京,3,08,500万下,23,ダ,1,1600,不,エンパイアステート,セ,5,嘉藤貴行,57.0,16,13,11,11,0,2.8,2,98.9,"1389",0,0,0,9,10,37.9,508,高柳瑞樹,美,0,13100580,01051,01118,0518130813,ゴドルフィン,ダーレー・ジャパン,エンパイアメーカー,コムフレイ,"A.P. Indy",鹿毛,130320,    6.4,  ,    ,46.6
18,02,03,1,東京,3,08,500万下,23,ダ,1,1600,不,ダークネブラス    ,牡,6,柴山雄一,57.0,16,14,5,5,0,1.4,8,97.5,"1375",0,0,0,6,5,36.9,476,鹿戸雄一,美,75,12104838,05243,01097,0518130814,サンデーレーシング,社台コーポレーショ,ハーツクライ,マイベストスター,Danehill,青鹿,120315,   16.7,  ,    ,48.5
18,02,03,1,東京,3,08,500万下,23,ダ,1,1600,不,ゴールドブラッド  ,牡,4,田中勝春,57.0,16,15,1,1,0,-0.2,10,96.1,"1361",0,0,0,2,3,35.8,496,宗像義忠,美,750,14100765,00684,00420,0518130815,居城寿与,北勝ファーム,ゴールドアリュール,ロンドリーナ,キングヘイロー,栗毛,140430,   20.0,  ,    ,51.1
18,02,03,1,東京,3,08,500万下,23,ダ,1,1600,不,グリニッチヴィレジ,牝,5,江田照男,55.0,16,16,10,10,0,2.6,11,98.7,"1387",0,0,0,6,6,38,436,岩戸孝樹,美,0,13103941,00689,01051,0518130816,コロンバスサークル,岡田スタツド,マツリダゴッホ,キョウエイハツラツ,オペラハウス,黒鹿,130211,   44.9,  ,    ,45.8
18,02,03,1,東京,3,09,春菜賞500*,23,芝,0,1400,稍,セイウンミツコ    ,牝,3,三浦皇成,54.0,15,01,8,8,0,0.7,9,82.9,"1229",0,0,0,3,4,34.9,438,杉浦宏昭,美,0,15105203,01122,01008,0518130901,西山茂行,本桐牧場,ベーカバド,ニシノメルモ,スペシャルウィーク,黒鹿,150224,   66.9,  ,    ,53.2
18,02,03,1,東京,3,09,春菜賞500*,23,芝,0,1400,稍,ラソワドール      ,牝,3,田辺裕信,54.0,15,02,5,5,0,0.5,3,82.7,"1227",0,0,0,7,6,34.5,508,戸田博文,美,100,15105081,01075,01054,0518130902,シルクレーシング,社台コーポレーショ,ゴールドアリュール,ルシルク,Dynaformer,鹿毛,150507,    4.7,  ,    ,54.8
18,02,03,1,東京,3,09,春菜賞500*,23,芝,0,1400,稍,アルモニカ        ,牝,3,川田将雅,54.0,15,03,1,1,0,-0.1,4,82.2,"1222",0,0,0,2,2,34.8,422,西村真幸,栗,1000,15104667,01088,01148,0518130903,シルクレーシング,ノーザンファーム,ロードカナロア,アフリカンピアノ,ディープインパクト,黒鹿,150507,    8.6,  ,    ,52.2
18,02,03,1,東京,3,09,春菜賞500*,23,芝,0,1400,稍,トーセンエポナ    ,牝,3,丸山元気,54.0,15,04,11,11,0,1.1,13,83.3,"1233",0,0,0,13,12,34.6,464,土田稔,美,0,15101103,01127,00417,0518130904,島川隆哉,エスティファーム,ジャングルポケット,トーセンエトワール,"Street Cry",鹿毛,150224,  282.7,  ,    ,55.6
18,02,03,1,東京,3,09,春菜賞500*,23,芝,0,1400,稍,キャクタス        ,牝,3,柴山雄一,54.0,15,05,15,15,0,3.1,14,85.3,"1253",0,0,0,3,8,36.8,446,栗田徹,美,0,15105877,05243,01127,0518130905,中村祐子,谷藤弘美,リーチザクラウン,リリーローズ,タニノギムレット,黒鹿,150325,  396.6,  ,    ,48.8
18,02,03,1,東京,3,09,春菜賞500*,23,芝,0,1400,稍,フィルハーモニー  ,牝,3,柴田大知,54.0,15,06,9,9,0,0.9,12,83.1,"1231",0,0,0,11,8,34.6,500,中舘英二,美,0,15100745,01009,01153,0518130906,サラブレッドクラブ,ビッグレッドファー,ダイワメジャー,マイネディーバ,トウカイテイオー,黒鹿,150317,  187.9,  ,    ,55.1
18,02,03,1,東京,3,09,春菜賞500*,23,芝,0,1400,稍,リープフラウミルヒ,牝,3,津村明秀,54.0,15,07,10,10,0,0.9,10,83.1,"1231",0,0,0,7,8,34.6,412,相沢郁,美,0,15100713,01092,01020,0518130907,サラブレッドクラブ,ビッグレッドファー,ステイゴールド,ピノブラン,クロフネ,黒鹿,150328,   81.8,  ,    ,55.1
18,02,03,1,東京,3,09,春菜賞500*,23,芝,0,1400,稍,モルフェオルフェ  ,牝,3,吉田隼人,54.0,15,08,7,7,0,0.7,6,82.9,"1229",0,0,0,1,1,36.3,430,大江原哲,美,0,15103392,01095,01012,0518130908,並河賢一郎,宮内牧場,オルフェーヴル,スマッシュ,キングカメハメハ,鹿毛,150327,   10.3,  ,    ,46.3
18,02,03,1,東京,3,09,春菜賞500*,23,芝,0,1400,稍,レッドイリーゼ    ,牝,3,松岡正海,54.0,15,09,3,3,0,0.2,1,82.4,"1224",0,0,0,3,3,34.7,454,手塚貴久,美,250,15104841,01085,01038,0518130909,東京ホースレーシン,ノーザンファーム,ハーツクライ,スタイルリスティック,"Storm Cat",青鹿,150401,    3.0,  ,    ,53.1
18,02,03,1,東京,3,09,春菜賞500*,23,芝,0,1400,稍,マイティーワークス,牝,3,田中勝春,54.0,15,10,12,12,0,1.4,8,83.6,"1236",0,0,0,10,11,35,452,菊川正達,美,0,15101483,00684,01052,0518130910,中村祐子,シンボリ牧場,キンシャサノキセキ,ジュアンレパン,Dynaformer,青鹿,150330,   29.2,  ,    ,54.1
18,02,03,1,東京,3,09,春菜賞500*,23,芝,0,1400,稍,ファストライフ    ,牝,3,北村宏司,54.0,15,11,6,6,0,0.7,7,82.9,"1229",0,0,0,13,12,34.2,448,青木孝文,美,0,15102431,01043,01156,0518130911,石川秀守,白井吉美,スーパーホーネット,トゥファーアウェイ,チチカステナンゴ,栗毛,150510,   17.7,  ,    ,56.8
18,02,03,1,東京,3,09,春菜賞500*,23,芝,0,1400,稍,ミュージアムヒル  ,牝,3,石橋脩,54.0,15,12,2,2,0,0.1,2,82.3,"1223",0,0,0,6,4,34.3,470,古賀慎明,美,400,15105106,01077,01079,0518130912,吉田勝己,ノーザンファーム,ハーツクライ,ロレットチャペル,フレンチデピュティ,鹿毛,150315,    3.7,  ,    ,55.0
18,02,03,1,東京,3,09,春菜賞500*,23,芝,0,1400,稍,ハナザカリ        ,牝,3,江田照男,54.0,15,13,13,13,0,1.7,11,83.9,"1239",0,0,0,11,14,35,466,粕谷昌央,美,0,15105501,00689,01096,0518130913,岡田壮史,岡田牧場,ルーラーシップ,チャームウィーク,スペシャルウィーク,黒鹿,150312,  151.1,  ,    ,54.8
18,02,03,1,東京,3,09,春菜賞500*,23,芝,0,1400,稍,サウンドキアラ    ,牝,3,戸崎圭太,54.0,15,14,4,4,0,0.4,5,82.6,"1226",0,0,0,7,6,34.3,432,安達昭夫,栗,150,15104322,05386,01042,0518130914,増田雄一,社台ファーム,ディープインパクト,サウンドバリアー,アグネスデジタル,鹿毛,150331,    9.9,  ,    ,55.6
18,02,03,1,東京,3,09,春菜賞500*,23,芝,0,1400,稍,ジスモンダ        ,牝,3,岩部純二,54.0,15,15,14,14,0,1.8,15,84,"1240",0,0,0,15,15,34.8,468,谷原義明,美,0,15101498,00726,00402,0518130915,ミルファーム,シンボリ牧場,スズカマンボ,ノーブルウーマン,"A.P. Indy",鹿毛,150126,  610.8,  ,    ,56.0
18,02,03,1,東京,3,10,箱根特Ｈ1000,43,芝,0,2400,稍,フリージングレイン,牡,4,内田博幸,54.0,16,01,11,11,0,1,5,148,"2280",0,3,4,5,5,36.5,528,古賀慎明,美,0,14105760,00422,01079,0518131001,社台レースホース,社台ファーム,ハービンジャー,レインダンス,ダンスインザダーク,鹿毛,140421,   12.2,  ,    ,51.8
18,02,03,1,東京,3,10,箱根特Ｈ1000,43,芝,0,2400,稍,プレイヤーハウス  ,牡,6,松岡正海,54.0,16,02,8,8,0,0.7,14,147.7,"2277",0,10,10,15,12,35.6,480,大和田成,美,0,12102746,01085,01124,0518131002,嶋田賢,岡田牧場,オペラハウス,クインズプレイヤー,トウカイテイオー,鹿毛,120224,  122.4,  ,    ,55.0
18,02,03,1,東京,3,10,箱根特Ｈ1000,43,芝,0,2400,稍,ベイビーステップ  ,牡,4,武藤雅,53.0,16,03,6,6,0,0.6,10,147.6,"2276",0,8,7,9,8,35.8,492,菊川正達,美,0,14103156,01169,01052,0518131003,大塚亮一,杵臼牧場,タイキシャトル,カルテブランシェ,ゴールドアリュール,鹿毛,140412,   31.1,  ,    ,54.1
18,02,03,1,東京,3,10,箱根特Ｈ1000,43,芝,0,2400,稍,コルコバード      ,牝,5,川田将雅,54.0,16,04,1,1,0,0,1,147,"2270",0,6,6,5,7,35.3,456,木村哲也,美,1500,13105816,01088,01126,0518131004,キャロットファーム,ノーザンファーム,ステイゴールド,エンシェントヒル,エンドスウィープ,黒鹿,130306,    2.0,  ,    ,55.5
18,02,03,1,東京,3,10,箱根特Ｈ1000,43,芝,0,2400,稍,ウインテンダネス  ,牡,5,菱田裕二,55.0,16,05,10,10,0,0.9,8,147.9,"2279",0,14,15,13,15,35.5,502,杉山晴紀,栗,0,13101249,01144,01157,0518131005,ウイン,アサヒ牧場,カンパニー,モエレメルシー,マジックマイルズ,栗毛,130307,   29.6,  ,    ,55.5
18,02,03,1,東京,3,10,箱根特Ｈ1000,43,芝,0,2400,稍,サンデームーティエ,牡,4,柴山雄一,54.0,16,06,2,2,0,0,11,147,"2270",0,1,1,1,1,36,446,谷原義明,美,600,14105102,05243,00402,0518131006,戸部政彦,真歌伊藤牧場,タニノギムレット,ミサトペニー,オペラハウス,栗毛,140410,   37.3,  ,    ,52.8
18,02,03,1,東京,3,10,箱根特Ｈ1000,43,芝,0,2400,稍,コウキチョウサン  ,牡,5,北村宏司,54.0,16,07,5,5,0,0.5,6,147.5,"2275",0,13,13,13,10,35.5,468,和田正一,美,150,13101162,01043,01114,0518131007,チョウサン,坂東牧場,ステイゴールド,シャドウシルエット,シンボリクリスエス,鹿毛,130428,   25.2,  ,    ,55.2
18,02,03,1,東京,3,10,箱根特Ｈ1000,43,芝,0,2400,稍,コスモピクシス    ,牝,5,柴田大知,53.0,16,08,4,4,0,0.5,13,147.5,"2275",0,16,16,16,15,35.1,430,中野栄治,美,230,13101930,01009,01010,0518131008,ビッグレッドファー,ビッグレッドファー,ステイゴールド,ベリーリズミック,ダンシングブレーヴ,黒鹿,130523,   58.5,  ,    ,56.7
18,02,03,1,東京,3,10,箱根特Ｈ1000,43,芝,0,2400,稍,レッドジェノヴァ  ,牝,4,戸崎圭太,52.0,16,09,12,12,0,1,2,148,"2280",0,3,4,5,5,36.4,504,小島茂之,美,0,14105484,05386,01068,0518131009,東京ホースレーシン,社台ファーム,シンボリクリスエス,コロンバスサークル,ホワイトマズル,青鹿,140422,    5.6,  ,    ,52.2
18,02,03,1,東京,3,10,箱根特Ｈ1000,43,芝,0,2400,稍,サーレンブラント  ,牡,4,田辺裕信,55.0,16,10,16,16,0,2.5,3,149.5,"2295",0,15,13,8,10,37.5,458,戸田博文,美,0,14101769,01075,01054,0518131010,窪田芳郎,オリオンファーム,ディープインパクト,ブライトアバンダンス,"Quiet American",鹿毛,140307,    5.8,  ,    ,49.6
18,02,03,1,東京,3,10,箱根特Ｈ1000,43,芝,0,2400,稍,アートフェスタ    ,牡,7,野中悠太,53.0,16,11,7,7,0,0.7,16,147.7,"2277",0,8,7,9,8,35.9,522,本間忍,美,0,11106046,01158,01056,0518131011,森山進,丸幸小林牧場,ゼンノロブロイ,サンフラワーガール,タイキシャトル,黒鹿,110530,  545.5,  ,    ,53.8
18,02,03,1,東京,3,10,箱根特Ｈ1000,43,芝,0,2400,稍,トータルソッカー  ,牡,4,吉田隼人,55.0,16,12,3,3,0,0.1,9,147.1,"2271",0,2,2,3,3,35.8,504,尾形充弘,美,380,14105104,01095,00349,0518131012,渡邊隆,真歌田中牧場,ダンスインザダーク,ウェンブリー,サツカーボーイ,栗毛,140404,   30.3,  ,    ,53.6
18,02,03,1,東京,3,10,箱根特Ｈ1000,43,芝,0,2400,稍,ミルトプレスト    ,牡,4,三浦皇成,53.0,16,13,14,14,0,1.3,12,148.3,"2283",0,11,12,9,14,36.1,502,佐藤吉勝,美,0,14101640,01122,01035,0518131013,永山勝敏,新井昭二,アドマイヤムーン,シアトルブリッジ,スキャン,鹿毛,140411,   58.1,  ,    ,53.6
18,02,03,1,東京,3,10,箱根特Ｈ1000,43,芝,0,2400,稍,エイプリルミスト  ,牝,4,津村明秀,52.0,16,14,13,13,0,1.3,7,148.3,"2283",0,3,3,3,3,36.9,434,手塚貴久,美,0,14105984,01092,01038,0518131014,サンデーレーシング,ノーザンファーム,ディープインパクト,スターダムバウンド,Tapit,芦毛,140127,   27.1,  ,    ,50.6
18,02,03,1,東京,3,10,箱根特Ｈ1000,43,芝,0,2400,稍,サンシロウ        ,牡,4,柴田善臣,53.0,16,15,15,15,0,2.4,15,149.4,"2294",0,7,7,9,12,37.3,500,柄崎孝,美,0,14103367,00641,00380,0518131015,三度屋,辻牧場,ネオユニヴァース,テンイムホウ,ラムタラ,鹿毛,140514,  193.1,  ,    ,50.2
18,02,03,1,東京,3,10,箱根特Ｈ1000,43,芝,0,2400,稍,ステイブラビッシモ,牡,5,大野拓弥,56.0,16,16,9,9,0,0.7,4,147.7,"2277",0,11,10,2,2,36.6,466,久保田貴,美,0,13104277,01096,01067,0518131016,草間庸文,静内フジカワ牧場,ステイゴールド,スイートフラッグ,Kingmambo,鹿毛,130426,   11.7,  ,    ,51.2
18,02,03,1,東京,3,11,節分Ｓ1600,67,芝,0,1600,稍,シャドウダンサー  ,セ,7,戸崎圭太,57.0,16,01,6,6,0,0.5,9,94.4,"1344",0,0,0,5,6,35,496,角居勝彦,栗,0,11104306,05386,01053,0518131101,飯塚知一,社台ファーム,ホワイトマズル,ダンスインザムード,サンデーサイレンス,黒鹿,110311,   23.6,  ,    ,51.8
18,02,03,1,東京,3,11,節分Ｓ1600,67,芝,0,1600,稍,メイショウオワラ  ,牝,4,吉田隼人,55.0,16,02,15,15,0,2.1,6,96,"1360",0,0,0,2,3,36.8,444,岡田稲男,栗,0,14103580,01095,01066,0518131102,松本好雄,三嶋牧場,ディープブリランテ,メイショウヤワラ,タイキシャトル,鹿毛,140212,   15.4,  ,    ,46.5
18,02,03,1,東京,3,11,節分Ｓ1600,67,芝,0,1600,稍,スモークフリー    ,牡,6,横山典弘,57.0,16,03,14,14,0,2,10,95.9,"1359",0,0,0,16,16,35.5,540,戸田博文,美,0,12104268,00660,01054,0518131103,社台レースホース,社台ファーム,ディープインパクト,スモークンフローリック,"Smoke Glacken",芦毛,120213,   46.9,  ,    ,52.1
18,02,03,1,東京,3,11,節分Ｓ1600,67,芝,0,1600,稍,チャンピオンルパン,牡,7,横山和生,57.0,16,04,3,3,0,0.1,12,94,"1340",0,0,0,5,6,34.5,504,勢司和浩,美,460,11104759,01140,01047,0518131104,坪野谷和平,榊原光子,ハーツクライ,マイマスタートップ,ウォーニング,鹿毛,110517,   70.9,  ,    ,53.5
18,02,03,1,東京,3,11,節分Ｓ1600,67,芝,0,1600,稍,タブレットピーシー,牡,7,田中勝春,57.0,16,05,11,11,0,1.1,16,95,"1350",0,0,0,9,10,35.3,490,宗像義忠,美,0,11104166,00684,00420,0518131105,薗部博之,社台ファーム,チチカステナンゴ,ウイングレット,タイキシャトル,芦毛,110307,  369.1,  ,    ,51.5
18,02,03,1,東京,3,11,節分Ｓ1600,67,芝,0,1600,稍,ロジクライ        ,牡,5,内田博幸,57.0,16,06,1,1,0,-0.1,2,93.9,"1339",0,0,0,1,1,34.9,514,須貝尚介,栗,1820,13105995,00422,01105,0518131106,久米田正明,ノーザンファーム,ハーツクライ,ドリームモーメント,Machiavellian,黒鹿,130222,    5.0,  ,    ,51.4
18,02,03,1,東京,3,11,節分Ｓ1600,67,芝,0,1600,稍,フィアーノロマーノ,牡,4,川田将雅,56.0,16,07,5,5,0,0.4,1,94.3,"1343",0,0,0,2,3,35.1,532,高野友和,栗,182,14110117,01088,01117,0518131107,吉田和美,"Kia Ora Stud","Fastnet Rock","Heart Ashley","Lion Heart",鹿毛,140821,    2.4,  ,    ,51.2
18,02,03,1,東京,3,11,節分Ｓ1600,67,芝,0,1600,稍,マリオーロ        ,牡,6,菱田裕二,57.0,16,08,10,10,0,1,15,94.9,"1349",0,0,0,9,10,35.1,512,斎藤誠,美,0,12104103,01144,01086,0518131108,菊地剛,社台ファーム,ダイワメジャー,アイアムラヴィング,ファルブラヴ,鹿毛,120502,  233.4,  ,    ,52.2
18,02,03,1,東京,3,11,節分Ｓ1600,67,芝,0,1600,稍,ペガサスボス      ,牡,6,松岡正海,57.0,16,09,8,8,0,0.7,14,94.6,"1346",0,0,0,5,3,35.3,524,矢作芳人,栗,0,12101006,01085,01075,0518131109,天羽牧場,天羽牧場,ディープインパクト,ファイトガリバー,ダイナガリバー,黒鹿,120401,  122.8,  ,    ,50.8
18,02,03,1,東京,3,11,節分Ｓ1600,67,芝,0,1600,稍,キャプテンペリー  ,セ,5,大野拓弥,57.0,16,10,9,9,0,0.9,3,94.8,"1348",0,0,0,9,9,35.2,500,岩戸孝樹,美,0,13109027,01096,01051,0518131110,千明牧場,千明牧場,クロフネ,メイグレイス,ネオユニヴァース,栗毛,130415,    7.8,  ,    ,51.6
18,02,03,1,東京,3,11,節分Ｓ1600,67,芝,0,1600,稍,アンタラジー      ,牡,6,北村宏司,57.0,16,11,16,16,0,2.7,7,96.6,"1366",0,0,0,12,14,36.5,522,萩原清,美,0,12104809,01043,01017,0518131111,池谷誠一,ノーザンファーム,ディープインパクト,プリティカリーナ,"Seeking the Gold",黒鹿,120306,   19.5,  ,    ,48.8
18,02,03,1,東京,3,11,節分Ｓ1600,67,芝,0,1600,稍,アルジャンテ      ,牝,5,田辺裕信,55.0,16,12,4,4,0,0.2,4,94.1,"1341",0,0,0,15,15,33.9,472,尾関知人,美,270,13105998,01075,01103,0518131112,シルクレーシング,社台コーポレーショ,ディープインパクト,ナイキフェイバー,"Favorite Trick",芦毛,130430,    8.0,  ,    ,56.5
18,02,03,1,東京,3,11,節分Ｓ1600,67,芝,0,1600,稍,マイネルメリエンダ,牡,7,柴田大知,57.0,16,13,13,13,0,1.5,11,95.4,"1354",0,0,0,2,2,36.3,502,和田正一,美,0,11101095,01009,01114,0518131113,サラブレッドクラブ,高橋幸男,チーフベアハート,ホッカイショコラ,スペシャルウィーク,栗毛,110406,   52.4,  ,    ,47.7
18,02,03,1,東京,3,11,節分Ｓ1600,67,芝,0,1600,稍,ヒーズインラブ    ,牡,5,三浦皇成,57.0,16,14,2,2,0,0.1,5,94,"1340",0,0,0,13,12,34.1,528,藤岡健一,栗,730,13105917,01122,01062,0518131114,シルクレーシング,ノーザンファーム,ハービンジャー,シーズインクルーデッド,Include,鹿毛,130307,    9.3,  ,    ,55.4
18,02,03,1,東京,3,11,節分Ｓ1600,67,芝,0,1600,稍,オブリゲーション  ,牡,5,蛯名正義,57.0,16,15,7,7,0,0.5,8,94.4,"1344",0,0,0,13,12,34.5,468,奥村豊,栗,0,13103573,00663,01146,0518131115,辻牧場,辻牧場,アドマイヤマックス,カンシャノキモチ,カリズマティック,鹿毛,130419,   21.3,  ,    ,54.2
18,02,03,1,東京,3,11,節分Ｓ1600,67,芝,0,1600,稍,マローブルー      ,牝,7,石橋脩,55.0,16,16,12,12,0,1.2,13,95.1,"1351",0,0,0,5,6,35.7,468,堀宣行,美,0,11100796,01077,01070,0518131116,金子真人ホールディ,日高大洋牧場,ディープインパクト,リラックススマイル,"Dubai Destination",鹿毛,110122,   95.9,  ,    ,49.8
18,02,03,1,東京,3,12,1000万下,43,ダ,1,1600,不,ポッドクヒオ      ,牝,5,丸山元気,55.0,16,01,13,13,0,3.5,14,99.6,"1396",0,0,0,2,7,38.8,450,武市康男,美,0,13105388,01127,01089,0518131201,小川眞査雄,社台ファーム,キングカメハメハ,ヴァインバッハ,アグネスタキオン,栗毛,130220,  254.3,  ,    ,44.0
18,02,03,1,東京,3,12,1000万下,43,ダ,1,1600,不,プレゼンス        ,牡,4,野中悠太,54.0,16,02,6,6,0,0.9,12,97,"1370",0,0,0,9,10,35.9,502,尾形充弘,美,0,14105251,01158,00349,0518131202,社台レースホース,社台コーポレーショ,ヴィクトワールピサ,インコグニート,"Gone West",黒鹿,140216,  160.4,  ,    ,52.1
18,02,03,1,東京,3,12,1000万下,43,ダ,1,1600,不,ディアコンチェルト,牡,6,大野拓弥,57.0,16,03,2,2,0,0.8,7,96.9,"1369",0,0,0,9,7,36,462,高木登,美,420,12103387,01096,01088,0518131203,ディアレストクラブ,八田ファーム,サムライハート,サイレントベッド,ソウルオブザマター,黒鹿,120228,   14.0,  ,    ,51.5
18,02,03,1,東京,3,12,1000万下,43,ダ,1,1600,不,ティルナノーグ    ,セ,6,横山武史,54.0,16,04,8,8,0,1.4,6,97.5,"1375",0,0,0,14,14,35.6,472,松永幹夫,栗,0,12100608,01170,01092,0518131204,前田幸治,ノースヒルズ,ディープインパクト,バイコースタル,"Gone West",鹿毛,120310,   13.9,  ,    ,54.3
18,02,03,1,東京,3,12,1000万下,43,ダ,1,1600,不,ジュンスターホース,牡,4,北村宏司,57.0,16,05,5,5,0,0.9,4,97,"1370",0,0,0,3,9,36,472,高柳瑞樹,美,105,14105796,01043,01118,0518131205,河合純二,ノーザンファーム,キングカメハメハ,アドマイヤヒラリー,Nashwan,栗毛,140404,   10.7,  ,    ,51.7
18,02,03,1,東京,3,12,1000万下,43,ダ,1,1600,不,ジェイケイライアン,牡,6,田辺裕信,57.0,16,06,3,3,0,0.9,3,97,"1370",0,0,0,3,4,36.3,484,松永康利,美,260,12103443,01075,01093,0518131206,小谷野次郎,藤川フアーム,ブライアンズタイム,ジェイケイクリス,シンボリクリスエス,鹿毛,120210,    3.9,  ,    ,50.3
18,02,03,1,東京,3,12,1000万下,43,ダ,1,1600,不,シルバーポジー    ,牝,5,川田将雅,55.0,16,07,4,4,0,0.9,2,97,"1370",0,0,0,1,2,36.6,496,池江泰寿,栗,160,13106027,01088,01071,0518131207,サンデーレーシング,ノーザンファーム,クロフネ,ビーポジティブ,サンデーサイレンス,芦毛,130214,    3.3,  ,    ,49.0
18,02,03,1,東京,3,12,1000万下,43,ダ,1,1600,不,ゴールデンブレイヴ,牡,5,戸崎圭太,57.0,16,08,10,10,0,1.8,1,97.9,"1379",0,0,0,7,4,37.2,498,木村哲也,美,0,13106095,05386,01126,0518131208,保坂和孝,ノーザンファーム,クロフネ,マチカネハナサソウ,スペシャルウィーク,栗毛,130209,    3.0,  ,    ,47.9
18,02,03,1,東京,3,12,1000万下,43,ダ,1,1600,不,チャイマックス    ,牝,5,武藤雅,52.0,16,09,12,12,0,2.7,11,98.8,"1388",0,0,0,11,11,37.5,472,池添学,栗,0,13110080,01169,01144,0518131209,吉田和子,"Clearsky Farms",Congrats,"Icy Tea","Storm Cat",鹿毛,130125,  123.8,  ,    ,48.1
18,02,03,1,東京,3,12,1000万下,43,ダ,1,1600,不,アイアムナチュラル,牡,7,蛯名正義,57.0,16,10,14,14,0,3.7,9,99.8,"1398",0,0,0,12,12,38.2,522,奥平雅士,美,0,11104139,00663,01074,0518131210,堀紘一,社台ファーム,ゴールドアリュール,アイアムザウィナー,"Danzig Connection",鹿毛,110222,   96.4,  ,    ,46.8
18,02,03,1,東京,3,12,1000万下,43,ダ,1,1600,不,メイショウグロッケ,牝,4,三浦皇成,55.0,16,11,7,7,0,1.1,8,97.2,"1372",0,0,0,3,1,36.8,462,荒川義之,栗,0,14103524,01122,01095,0518131211,松本好隆,まるとみ冨岡牧場,メイショウサムソン,メイショウグラナダ,マンハッタンカフェ,鹿毛,140419,   62.1,  ,    ,48.5
18,02,03,1,東京,3,12,1000万下,43,ダ,1,1600,不,トレンドライン    ,牡,4,石橋脩,57.0,16,12,1,1,0,-0.8,5,96.1,"1361",0,0,0,3,2,35.7,476,金成貴史,美,1050,14106141,01077,01132,0518131212,サンデーレーシング,ノーザンファーム,カジノドライヴ,ポップチャート,アフリート,栗毛,140203,   13.1,  ,    ,51.5
18,02,03,1,東京,3,12,1000万下,43,ダ,1,1600,不,エクスシア        ,牝,7,木幡巧也,54.0,16,13,9,9,0,1.6,13,97.7,"1377",0,0,0,12,12,36.1,436,大江原哲,美,0,11104803,01162,01012,0518131213,岡田牧雄,須崎牧場,シニスターミニスター,ハネダテンシ,フジキセキ,鹿毛,110323,  163.9,  ,    ,52.4
18,02,03,1,東京,3,12,1000万下,43,ダ,1,1600,不,サクレエクスプレス,牝,4,菱田裕二,55.0,16,14,11,11,0,2.4,10,98.5,"1385",0,0,0,7,4,37.8,494,加藤征弘,美,0,14106080,01144,01059,0518131214,K.S.ヤップ,ノーザンファーム,クロフネ,ビーポジティブ,サンデーサイレンス,鹿毛,140316,  115.3,  ,    ,46.3
18,02,03,1,東京,3,12,1000万下,43,ダ,1,1600,不,アポロナイスジャブ,牡,5,内田博幸,57.0,16,15,0,0,3,999.9,0,0,"----",0,0,0,0,0,0,448,中舘英二,美,0,13104828,00422,01153,0518131215,アポロサラブレッド,へいはた牧場,アポロキングダム,リトルマーメード,トワイニング,栗毛,130310,    0.0,  ,    , 0.0
18,02,03,1,東京,3,12,1000万下,43,ダ,1,1600,不,メイスンスパート  ,牡,5,津村明秀,57.0,16,16,0,0,3,999.9,0,0,"----",0,0,0,0,0,0,466,岩戸孝樹,美,0,13106479,01092,01051,0518131216,梅村浩,アイオイファーム,メイショウボーラー,モエレカントリー,ティンバーカントリー,栗毛,130527,    0.0,  ,    , 0.0
18,02,04,1,東京,4,01,未勝利,7,ダ,1,1400,不,セイウンアカマイ  ,牝,3,武藤雅,51.0,16,01,12,12,0,1.6,4,86.6,"1266",0,0,0,8,8,37.6,456,上原博之,美,0,15110099,01169,00423,0518140101,西山茂行,"Pollock Farms T &","Animal Kingdom",Yachats,"Forest Camp",栗毛,150402,    7.4,  ,    ,47.7
18,02,04,1,東京,4,01,未勝利,7,ダ,1,1400,不,シシハクト        ,牡,3,戸崎圭太,56.0,16,02,4,4,0,0.5,6,85.5,"1255",0,0,0,4,5,36.9,488,加藤征弘,美,75,15101307,05386,01059,0518140102,イージス,三城ボクジョウ,キングズベスト,クリヴィア,トニービン,鹿毛,150410,   11.9,  ,    ,48.8
18,02,04,1,東京,4,01,未勝利,7,ダ,1,1400,不,ウサギノダンス    ,牡,3,柴田大知,56.0,16,03,5,5,0,0.5,7,85.5,"1255",0,0,0,11,11,36.3,480,南田美知,美,50,15103181,01009,00437,0518140103,節英司,大道牧場,スクリーンヒーロー,ミラクルムーン,アドマイヤムーン,黒鹿,150507,   17.8,  ,    ,51.7
18,02,04,1,東京,4,01,未勝利,7,ダ,1,1400,不,インコントロ      ,牝,3,木幡巧也,53.0,16,04,8,8,0,1,14,86,"1260",0,0,0,9,8,37,438,田島俊明,美,0,15102920,01162,01112,0518140104,鈴木邦英,小倉牧場,タニノギムレット,カタズオノンデ,サンデーウェル,鹿毛,150520,  346.4,  ,    ,49.3
18,02,04,1,東京,4,01,未勝利,7,ダ,1,1400,不,プラズマディライト,牡,3,野中悠太,53.0,16,05,10,10,0,1.2,16,86.2,"1262",0,0,0,15,13,36.8,438,中舘英二,美,0,15105758,01158,01153,0518140105,ポリッシュホースメ,城市公,グラスワンダー,ジーガートップラン,マヤノトップガン,栗毛,150427,  486.6,  ,    ,50.7
18,02,04,1,東京,4,01,未勝利,7,ダ,1,1400,不,ミフラーブ        ,牝,3,嘉藤貴行,54.0,16,06,14,14,0,2.8,13,87.8,"1278",0,0,0,6,6,39.1,490,高橋祥泰,美,0,15105405,01051,00359,0518140106,ミルファーム,岡田スタツド,マツリダゴッホ,ガルフパール,ジェイドロバリー,栗毛,150328,  290.6,  ,    ,43.4
18,02,04,1,東京,4,01,未勝利,7,ダ,1,1400,不,バットオールソー  ,牡,3,田辺裕信,56.0,16,07,6,6,0,0.6,3,85.6,"1256",0,0,0,15,13,36.1,454,大和田成,美,0,15104514,01075,01124,0518140107,久保田定,社台コーポレーショ,ストロングリターン,ブロンドヒロイン,グラスワンダー,栗毛,150513,    4.1,  ,    ,52.8
18,02,04,1,東京,4,01,未勝利,7,ダ,1,1400,不,ククリナイフ      ,牡,3,大庭和弥,56.0,16,08,15,15,0,3.1,15,88.1,"1281",0,0,0,13,13,38.6,444,谷原義明,美,0,15101947,01061,00402,0518140108,田頭勇貴,豊洋牧場,タニノギムレット,チュウワビーナス,アグネスタキオン,黒鹿,150531,  460.2,  ,    ,46.2
18,02,04,1,東京,4,01,未勝利,7,ダ,1,1400,不,ソウシソウアイ    ,牝,3,木幡初也,53.0,16,09,16,16,0,5.1,12,90.1,"1301",0,0,0,13,16,39.8,462,天間昭一,美,0,15109017,01153,01090,0518140109,西村新一郎,織笠時男,スクワートルスクワート,エプソムアイリス,クロフネ,鹿毛,150412,  276.7,  ,    ,44.8
18,02,04,1,東京,4,01,未勝利,7,ダ,1,1400,不,ヴィーダ          ,牡,3,柴山雄一,56.0,16,10,3,3,0,0.3,10,85.3,"1253",0,0,0,4,4,36.9,432,清水英克,美,130,15105143,05243,01080,0518140110,スマイルファーム,スマイルファーム,ヨハネスブルグ,アイーンベル,サンデーサイレンス,栗毛,150421,  132.0,  ,    ,48.4
18,02,04,1,東京,4,01,未勝利,7,ダ,1,1400,不,クリムズンフラッグ,牡,3,宮崎北斗,56.0,16,11,2,2,0,0.2,1,85.2,"1252",0,0,0,3,3,36.9,516,青木孝文,美,200,15106345,01118,01156,0518140111,加藤徹,大狩部牧場,パイロ,アンリミテッドピサ,シンボリクリスエス,黒鹿,150405,    3.0,  ,    ,48.2
18,02,04,1,東京,4,01,未勝利,7,ダ,1,1400,不,デルマカミカゼ    ,牡,3,横山武史,53.0,16,12,7,7,0,0.8,11,85.8,"1258",0,0,0,6,6,37.1,452,小野次郎,美,0,15101903,01170,01125,0518140112,浅沼廣幸,ファニーヒルファー,ストロングリターン,デルマアマノジャク,オンファイア,黒鹿,150414,  175.5,  ,    ,48.5
18,02,04,1,東京,4,01,未勝利,7,ダ,1,1400,不,ナイトジュレップ  ,牡,3,池添謙一,56.0,16,13,9,9,0,1.2,8,86.2,"1262",0,0,0,2,2,38.1,480,国枝栄,美,0,15105432,01032,00399,0518140113,ノルマンディーサラ,岡田スタツド,マツリダゴッホ,タニノジュレップ,コロナドズクエスト,栗毛,150415,   35.1,  ,    ,44.7
18,02,04,1,東京,4,01,未勝利,7,ダ,1,1400,不,ピオレドール      ,牡,3,大野拓弥,56.0,16,14,1,1,0,-0.2,5,85,"1250",0,0,0,1,1,37.1,470,小笠倫弘,美,500,15109075,01096,01076,0518140114,グリーンファーム,恵比寿興業株式会社,ディープブリランテ,アースグリーン,"Street Cry",鹿毛,150419,   10.9,  ,    ,46.8
18,02,04,1,東京,4,01,未勝利,7,ダ,1,1400,不,ミスティカル      ,牡,3,横山典弘,56.0,16,15,13,13,0,2.1,2,87.1,"1271",0,0,0,11,11,37.9,466,田村康仁,美,0,15105522,00660,01027,0518140115,Basic,小倉光博,シニスターミニスター,ケツァール,ストラヴィンスキー,鹿毛,150308,    4.0,  ,    ,47.4
18,02,04,1,東京,4,01,未勝利,7,ダ,1,1400,不,タイガーアイ      ,牝,3,武士沢友,54.0,16,16,11,11,0,1.4,9,86.4,"1264",0,0,0,9,8,37.4,404,堀井雅広,美,0,15103176,01029,00436,0518140116,桐谷茂,大道牧場,ヨハネスブルグ,シンティー,"Sunday Silence",鹿毛,150426,  106.4,  ,    ,48.3
18,02,04,1,東京,4,02,未勝利,7,ダ,1,2100,不,レジスタ          ,牡,3,蛯名正義,56.0,16,01,15,15,0,4.5,3,138,"2180",0,16,16,16,16,39.2,496,小島太,美,0,15104422,00663,01013,0518140201,村野康司,社台ファーム,キングカメハメハ,チューニー,サンデーサイレンス,鹿毛,150306,    5.5,  ,    ,50.8
18,02,04,1,東京,4,02,未勝利,7,ダ,1,2100,不,タマモビックリ    ,牡,3,横山武史,53.0,16,02,16,16,0,4.9,14,138.4,"2184",0,8,6,7,11,40.3,496,伊藤圭三,美,0,15106239,01170,01023,0518140202,タマモ,前田牧場,ディープブリランテ,チャームマロン,テイエムオペラオー,栗毛,150503,  143.5,  ,    ,47.4
18,02,04,1,東京,4,02,未勝利,7,ダ,1,2100,不,ティアマリア      ,牝,3,丸田恭介,54.0,16,03,11,11,0,2.8,11,136.3,"2163",0,4,4,4,4,38.9,442,池上昌和,美,0,15106297,01117,01150,0518140203,ヒダカ・ブリーダー,矢野牧場,マンハッタンカフェ,マリアージュ,ブライアンズタイム,黒鹿,150316,   37.1,  ,    ,50.2
18,02,04,1,東京,4,02,未勝利,7,ダ,1,2100,不,ココリシャイン    ,牡,3,木幡初也,55.0,16,04,13,13,0,3.4,16,136.9,"2169",0,8,8,7,11,38.8,476,古賀慎明,美,0,15102737,01153,01079,0518140204,美崎光二郎,様似共栄牧場,トーセンホマレボシ,オウバイ,タバスコキャット,栗毛,150407,  249.7,  ,    ,51.1
18,02,04,1,東京,4,02,未勝利,7,ダ,1,2100,不,ネコマヒカ        ,牡,3,江田照男,56.0,16,05,3,3,0,1.5,7,135,"2150",0,12,10,11,15,36.6,528,星野忍,美,130,15106102,00689,01030,0518140205,節英司,原弘之,ニューイングランド,ミヤビハンター,メイショウホムラ,栗毛,150422,   23.5,  ,    ,57.5
18,02,04,1,東京,4,02,未勝利,7,ダ,1,2100,不,コスモターンブルー,牡,3,柴田大知,56.0,16,06,6,6,0,1.7,10,135.2,"2152",0,12,13,11,10,37.2,504,鈴木伸尋,美,0,15100734,01009,01026,0518140206,ビッグレッドファー,ビッグレッドファー,ダノンシャンティ,マイネキャスリーン,ロージズインメイ,青毛,150607,   34.5,  ,    ,55.4
18,02,04,1,東京,4,02,未勝利,7,ダ,1,2100,不,プリズムレイン    ,牡,3,北村宏司,56.0,16,07,9,9,0,2.4,8,135.9,"2159",0,6,6,7,7,38,472,新開幸一,美,0,15101792,01043,01116,0518140207,堀口晴男,日西牧場,メイショウサムソン,クリノバンダイサン,フレンチデピュティ,鹿毛,150131,   23.7,  ,    ,53.1
18,02,04,1,東京,4,02,未勝利,7,ダ,1,2100,不,ユイノチョッパー  ,牡,3,川田将雅,56.0,16,08,4,4,0,1.6,4,135.1,"2151",0,1,1,1,1,38.1,504,竹内正洋,美,75,15100093,01088,01152,0518140208,由井健太郎,岩見牧場,ヘニーヒューズ,アイティアビー,フジキセキ,黒鹿,150310,    7.5,  ,    ,51.8
18,02,04,1,東京,4,02,未勝利,7,ダ,1,2100,不,ヘッドスタート    ,牡,3,三浦皇成,56.0,16,09,2,2,0,1.1,2,134.6,"2146",0,11,12,7,5,37,460,鹿戸雄一,美,200,15104156,01122,01097,0518140209,山田弘,追分ファーム,ノヴェリスト,リープオブフェイス,クロフネ,芦毛,150224,    3.9,  ,    ,55.5
18,02,04,1,東京,4,02,未勝利,7,ダ,1,2100,不,シャイニードラード,牡,3,柴山雄一,56.0,16,10,14,14,0,4.3,13,137.8,"2178",0,8,10,5,5,40.2,508,栗田博憲,美,0,15102239,05243,00341,0518140210,小林昌志,雅牧場,ネオユニヴァース,スプリングネヴァー,サクラユタカオー,栗毛,150321,   58.9,  ,    ,47.1
18,02,04,1,東京,4,02,未勝利,7,ダ,1,2100,不,トゥモローアンセム,牡,3,黛弘人,56.0,16,11,12,12,0,3.4,15,136.9,"2169",0,4,4,5,7,39,462,加藤和宏,美,0,15105664,01109,01077,0518140211,岡田牧雄,坂本智広,ヤマニンセラフィム,アニー,ファンタスティックライト,栗毛,150315,  228.7,  ,    ,50.4
18,02,04,1,東京,4,02,未勝利,7,ダ,1,2100,不,ドリームライザー  ,牡,3,田辺裕信,56.0,16,12,5,5,0,1.6,12,135.1,"2151",0,15,15,15,11,37,538,金成貴史,美,50,15102260,01075,01132,0518140212,レッドマジック,乾皆雄,エスポワールシチー,ポリリズム,バチアー,栗毛,150313,   54.3,  ,    ,56.1
18,02,04,1,東京,4,02,未勝利,7,ダ,1,2100,不,キタノアラムシャ  ,牡,3,武藤雅,53.0,16,13,10,10,0,2.7,9,136.2,"2162",0,6,8,11,11,38.1,468,相沢郁,美,0,15100459,01169,01020,0518140213,河内孝夫,中地康弘,エンパイアメーカー,イチノヤジョウ,アジュディケーティング,黒鹿,150303,   24.9,  ,    ,53.0
18,02,04,1,東京,4,02,未勝利,7,ダ,1,2100,不,ロビンズソング    ,牡,3,丸山元気,56.0,16,14,1,1,0,-1.1,1,133.5,"2135",0,2,2,2,2,36.5,532,古賀慎明,美,500,15104876,01127,01079,0518140214,吉田勝己,ノーザンファーム,ルーラーシップ,チアズメッセージ,サンデーサイレンス,黒鹿,150304,    3.1,  ,    ,56.3
18,02,04,1,東京,4,02,未勝利,7,ダ,1,2100,不,タイセイカレッジ  ,牡,3,大野拓弥,56.0,16,15,8,8,0,2.2,5,135.7,"2157",0,14,14,11,7,37.8,436,奥村武,美,0,15101381,01096,01145,0518140215,田中成奉,下河辺牧場,ブラックタイド,フロントタック,"Macho Uno",芦毛,150131,   12.2,  ,    ,53.6
18,02,04,1,東京,4,02,未勝利,7,ダ,1,2100,不,ショウナンカルロ  ,牡,3,丹内祐次,56.0,16,16,7,7,0,1.8,6,135.3,"2153",0,2,3,3,3,38.2,534,古賀史生,美,0,15102125,01091,00392,0518140216,湘南,稲原牧場,ヘニーヒューズ,エアベルヘザー,"Empire Maker",鹿毛,150312,   17.5,  ,    ,51.7
18,02,04,1,東京,4,03,未勝利・牝,7,ダ,1,1600,不,ゴールデンライラ  ,牝,3,石橋脩,54.0,16,01,12,12,0,1.5,13,99.8,"1398",0,0,0,16,16,37.7,468,高橋文雅,美,0,15106250,01077,01134,0518140301,"H.F Association",増本牧場,バトルプラン,ライサ,トーセンダンス,栗毛,150402,  116.3,  ,    ,48.8
18,02,04,1,東京,4,03,未勝利・牝,7,ダ,1,1600,不,ラインアストリア  ,牝,3,戸崎圭太,54.0,16,02,4,4,0,0.6,2,98.9,"1389",0,0,0,6,7,37.8,474,水野貴広,美,75,15104762,05386,01094,0518140302,大澤繁昌,ノーザンファーム,ワークフォース,クレヨンルージュ,フジキセキ,鹿毛,150304,    4.7,  ,    ,47.0
18,02,04,1,東京,4,03,未勝利・牝,7,ダ,1,1600,不,ノヴィア          ,牝,3,福永祐一,54.0,16,03,1,1,0,-0.1,9,98.3,"1383",0,0,0,4,5,37.5,478,加藤征弘,美,500,15101674,01014,01059,0518140303,ゴドルフィン,ダーレー・ジャパン,ハードスパン,リメレンス,"Seeking the Gold",鹿毛,150308,   21.3,  ,    ,47.3
18,02,04,1,東京,4,03,未勝利・牝,7,ダ,1,1600,不,レッドアマポーラ  ,牝,3,吉田隼人,54.0,16,04,11,11,0,1.4,8,99.7,"1397",0,0,0,11,11,38.4,452,萱野浩二,美,0,15100788,01095,01024,0518140304,紅露純,細川農場,ネオユニヴァース,レッドマロン,Aragorn,青鹿,150518,   18.6,  ,    ,45.8
18,02,04,1,東京,4,03,未勝利・牝,7,ダ,1,1600,不,ペイシャスター    ,牝,3,横山和生,54.0,16,05,9,9,0,1.1,15,99.4,"1394",0,0,0,15,14,37.4,494,土田稔,美,0,15102254,01140,00417,0518140305,北所直人,飯岡牧場,ロージズインメイ,ベツレヘムスター,フジキセキ,黒鹿,150331,  148.8,  ,    ,49.5
18,02,04,1,東京,4,03,未勝利・牝,7,ダ,1,1600,不,グリズリダンス    ,牝,3,津村明秀,54.0,16,06,14,14,0,1.8,7,100.1,"1401",0,0,0,9,7,39,464,相沢郁,美,0,15100063,01092,01020,0518140306,石瀬浩三,石郷岡雅樹,ゴールドアリュール,オンワードミシェル,アンバーシヤダイ,鹿毛,150419,   16.7,  ,    ,44.0
18,02,04,1,東京,4,03,未勝利・牝,7,ダ,1,1600,不,ダイワルーシー    ,牝,3,三浦皇成,54.0,16,07,7,7,0,1.1,11,99.4,"1394",0,0,0,13,13,37.7,452,鹿戸雄一,美,0,15104416,01122,01097,0518140307,大城敬三,社台ファーム,ダイワメジャー,ダンスオブザマンボ,Kingmambo,鹿毛,150209,   61.3,  ,    ,48.2
18,02,04,1,東京,4,03,未勝利・牝,7,ダ,1,1600,不,シーザライト      ,牝,3,井上敏樹,53.0,16,08,6,6,0,0.9,16,99.2,"1392",0,0,0,14,14,37.3,500,国枝栄,美,0,15105553,01151,00399,0518140308,広尾レース,木村秀則,ルーラーシップ,ウェルシュステラ,Zafonic,鹿毛,150211,  227.9,  ,    ,49.6
18,02,04,1,東京,4,03,未勝利・牝,7,ダ,1,1600,不,フクキタル        ,牝,3,野中悠太,51.0,16,09,5,5,0,0.9,6,99.2,"1392",0,0,0,6,5,38.3,444,竹内正洋,美,50,15109150,01158,01152,0518140309,佐藤範夫,ワールドファーム,パイロ,ローレルアイ,フサイチコンコルド,黒鹿,150406,   11.4,  ,    ,45.4
18,02,04,1,東京,4,03,未勝利・牝,7,ダ,1,1600,不,クリアロマンス    ,牝,3,内田博幸,54.0,16,10,8,8,0,1.1,12,99.4,"1394",0,0,0,1,2,38.8,456,小笠倫弘,美,0,15102455,00422,01076,0518140310,伊東純一,タツヤファーム,キャプテントゥーレ,エターナルロマンス,シンボリクリスエス,芦毛,150228,  113.1,  ,    ,43.7
18,02,04,1,東京,4,03,未勝利・牝,7,ダ,1,1600,不,カグラヤルージュ  ,牝,3,菅原隆一,54.0,16,11,2,2,0,0.1,3,98.4,"1384",0,0,0,2,1,37.9,466,奥平雅士,美,200,15101823,01129,01074,0518140311,西村亮二,浜本牧場,ヨハネスブルグ,アルウェット,"Empire Maker",黒鹿,150220,    6.3,  ,    ,45.8
18,02,04,1,東京,4,03,未勝利・牝,7,ダ,1,1600,不,サンローレンス    ,牝,3,松岡正海,54.0,16,12,13,13,0,1.6,14,99.9,"1399",0,0,0,9,7,38.7,452,伊藤伸一,美,0,15101264,01085,01031,0518140312,加藤ステーブル,ケイズ,スズカマンボ,プットリー,ブラックホーク,青鹿,150409,  124.6,  ,    ,44.9
18,02,04,1,東京,4,03,未勝利・牝,7,ダ,1,1600,不,ポルカシュネル    ,牝,3,田中勝春,54.0,16,13,3,3,0,0.2,10,98.5,"1385",0,0,0,11,11,37.2,474,畠山吉宏,美,130,15104538,00684,01048,0518140313,社台レースホース,社台ファーム,タートルボウル,ポルカマズルカ,ティンバーカントリー,鹿毛,150224,   25.5,  ,    ,48.9
18,02,04,1,東京,4,03,未勝利・牝,7,ダ,1,1600,不,ブルベアクワイ    ,牝,3,田辺裕信,54.0,16,14,15,15,0,1.8,5,100.1,"1401",0,0,0,6,7,38.9,458,伊藤圭三,美,0,15105621,01075,01023,0518140314,ブルアンドベア,グランド牧場,タートルボウル,プリモレディ,サンデーサイレンス,鹿毛,150506,   10.4,  ,    ,44.4
18,02,04,1,東京,4,03,未勝利・牝,7,ダ,1,1600,不,ムールヴェードル  ,牝,3,浜中俊,54.0,16,15,10,10,0,1.4,4,99.7,"1397",0,0,0,3,3,39,502,手塚貴久,美,0,15104698,01115,01038,0518140315,キャロットファーム,ノーザンファーム,ダイワメジャー,ヴァンドノワール,ヘクタープロテクター,青毛,150204,    9.6,  ,    ,43.4
18,02,04,1,東京,4,03,未勝利・牝,7,ダ,1,1600,不,リビングマイライフ,牝,3,大野拓弥,54.0,16,16,16,16,0,2.1,1,100.4,"1404",0,0,0,4,3,39.7,494,久保田貴,美,0,15104166,01096,01067,0518140316,G1レーシング,社台コーポレーショ,ダイワメジャー,アルーリングライフ,フレンチデピュティ,鹿毛,150224,    2.9,  ,    ,41.7
18,02,04,1,東京,4,04,新馬,15,ダ,1,1600,不,スイングアリュール,牝,3,伊藤工真,54.0,16,01,5,5,0,0.4,6,99.9,"1399",0,0,0,7,7,38,462,金成貴史,美,60,15102911,01119,01132,0518140401,平井裕,岡部牧場,ゴールドアリュール,スイングバイ,ミルジヨージ,栗毛,150321,   20.9,  ,    ,47.7
18,02,04,1,東京,4,04,新馬,15,ダ,1,1600,不,ロジペルレスト    ,牡,3,池添謙一,56.0,16,02,7,7,0,0.7,7,100.2,"1402",0,0,0,5,4,38.5,518,大竹正博,美,0,15100317,01032,01102,0518140402,久米田正明,須崎牧場,ロジユニヴァース,ペルレストラーダ,Aldebaran,栗毛,150428,   24.9,  ,    ,46.2
18,02,04,1,東京,4,04,新馬,15,ダ,1,1600,不,シトワイアン      ,牡,3,大野拓弥,56.0,16,03,12,12,0,1.5,8,101,"1410",0,0,0,13,12,38,432,尾関知人,美,0,15103624,01096,01103,0518140403,高橋貴士,小島牧場,オルフェーヴル,キャメロンガール,"With Approval",栗毛,150508,   25.3,  ,    ,49.5
18,02,04,1,東京,4,04,新馬,15,ダ,1,1600,不,アポロプリンセス  ,牝,3,丹内祐次,54.0,16,04,8,8,0,0.8,13,100.3,"1403",0,0,0,2,2,39,484,岩戸孝樹,美,0,15100939,01091,01051,0518140404,アポロサラブレッド,山岡ファーム,カネヒキリ,イットービコー,フォーティナイナー,栗毛,150529,   48.5,  ,    ,44.3
18,02,04,1,東京,4,04,新馬,15,ダ,1,1600,不,コヨーテビュート  ,牝,3,戸崎圭太,54.0,16,05,15,15,0,9.5,10,109,"1490",0,0,0,15,15,42.2,424,斎藤誠,美,0,15105079,05386,01086,0518140405,林正道,ノーザンファーム,モンテロッソ,リントス,ウォーエンブレム,黒鹿,150207,   36.1,  ,    ,45.0
18,02,04,1,東京,4,04,新馬,15,ダ,1,1600,不,トーセンアリエス  ,牡,3,木幡初也,55.0,16,06,2,2,0,0.1,14,99.6,"1396",0,0,0,5,6,37.8,500,本間忍,美,240,15101107,01153,01056,0518140406,島川隆哉,エスティファーム,トーセンモナーク,トーセンクレスト,ウォーエンブレム,栗毛,150324,   68.5,  ,    ,48.1
18,02,04,1,東京,4,04,新馬,15,ダ,1,1600,不,アリアナフォンテン,牝,3,岩部純二,54.0,16,07,16,16,0,9.7,16,109.2,"1492",0,0,0,16,16,41.7,478,石毛善彦,美,0,15102768,00726,00428,0518140407,吉橋計,清水スタッド,グラスワンダー,ナッシュビル,スペシャルウィーク,鹿毛,150515,  263.8,  ,    ,47.1
18,02,04,1,東京,4,04,新馬,15,ダ,1,1600,不,ロワセレスト      ,牡,3,内田博幸,56.0,16,08,14,14,0,3.2,1,102.7,"1427",0,0,0,9,9,40.3,518,尾形和幸,美,0,15101820,00422,01141,0518140408,ノルマンディーサラ,長谷川牧場,ルーラーシップ,メルセダリオ,タニノギムレット,鹿毛,150415,    2.2,  ,    ,42.9
18,02,04,1,東京,4,04,新馬,15,ダ,1,1600,不,クインズプリンセス,牝,3,横山武史,51.0,16,09,6,6,0,0.6,15,100.1,"1401",0,0,0,9,10,37.6,422,大和田成,美,0,15100678,01170,01124,0518140409,阿部善武,樋渡志尚,アドマイヤオーラ,クイーンオブタイム,ブライアンズタイム,栗毛,150410,  115.2,  ,    ,49.7
18,02,04,1,東京,4,04,新馬,15,ダ,1,1600,不,アナザーサイレンス,牡,3,柴田大知,56.0,16,10,11,11,0,1.3,12,100.8,"1408",0,0,0,14,13,37.6,476,牧光二,美,0,15105414,01009,01106,0518140410,岡田壮史,岡田スタツド,アイルハヴアナザー,サイレンスブランド,サンデーサイレンス,鹿毛,150207,   47.2,  ,    ,50.9
18,02,04,1,東京,4,04,新馬,15,ダ,1,1600,不,マサノアッレーグラ,牝,3,柴山雄一,54.0,16,11,3,3,0,0.3,9,99.8,"1398",0,0,0,2,2,38.5,482,大竹正博,美,150,15101716,05243,01102,0518140411,中村時子,道見牧場,ゴールドヘイロー,プランタンシャルム,ノーザンテースト,芦毛,150517,   30.0,  ,    ,45.5
18,02,04,1,東京,4,04,新馬,15,ダ,1,1600,不,ヒズライフ        ,牡,3,丸田恭介,56.0,16,12,4,4,0,0.3,5,99.8,"1398",0,0,0,4,4,38.2,496,高橋文雅,美,90,15103284,01117,01134,0518140412,日東牧場,日東牧場,カネヒキリ,ニットウディオンヌ,ゴールデンフェザント,鹿毛,150426,   16.6,  ,    ,46.8
18,02,04,1,東京,4,04,新馬,15,ダ,1,1600,不,リーゼントアイリス,牝,3,松岡正海,54.0,16,13,13,13,0,2.8,4,102.3,"1423",0,0,0,1,1,41.1,416,矢作芳人,栗,0,15106063,01085,01075,0518140413,三浦大輔,畠山牧場,キングズベスト,アルコセニョーラ,ステイゴールド,黒鹿,150320,    8.8,  ,    ,39.3
18,02,04,1,東京,4,04,新馬,15,ダ,1,1600,不,フクノブラッサム  ,牝,3,北村宏司,54.0,16,14,10,10,0,1.1,11,100.6,"1406",0,0,0,11,11,37.9,526,杉浦宏昭,美,0,15102971,01043,01008,0518140414,福島祐子,木戸口牧場,ロードアルティマ,トロピカルベリーズ,ダンスインザダーク,鹿毛,150506,   45.3,  ,    ,49.3
18,02,04,1,東京,4,04,新馬,15,ダ,1,1600,不,タイセイステラ    ,牝,3,田中勝春,54.0,16,15,9,9,0,1.1,3,100.6,"1406",0,0,0,7,7,38.6,472,菊川正達,美,0,15101740,00684,01052,0518140415,田中成奉,ナカノファーム,ゼンノロブロイ,スターフェスタ,エリシオ,黒鹿,150511,    7.5,  ,    ,46.4
18,02,04,1,東京,4,04,新馬,15,ダ,1,1600,不,アサクサスポット  ,牡,3,武藤雅,53.0,16,16,1,1,0,-0.1,2,99.5,"1395",0,0,0,11,13,36.3,520,戸田博文,美,600,15104517,01169,01054,0518140416,田原慶子,社台ファーム,ワークフォース,プライムアクトレス,エルコンドルパサー,鹿毛,150216,    4.4,  ,    ,54.5
18,02,04,1,東京,4,05,未勝利,7,芝,0,1800,稍,ナリノレーヴドール,牡,3,田辺裕信,56.0,16,01,4,4,0,0.5,9,109.5,"1495",0,0,15,15,14,34.5,444,上原博之,美,75,15104633,01075,00423,0518140501,成塚清志,社台ファーム,エイシンフラッシュ,ロンギングエリー,ゼンノロブロイ,鹿毛,150402,   27.3,  ,    ,58.7
18,02,04,1,東京,4,05,未勝利,7,芝,0,1800,稍,アモーレミオ      ,牝,3,戸崎圭太,54.0,16,02,1,1,0,-0.3,1,109,"1490",0,0,14,12,10,34.3,482,勢司和浩,美,500,15104935,05386,01047,0518140502,キャロットファーム,社台コーポレーショ,ネオユニヴァース,ヒカルアモーレ,クロフネ,芦毛,150430,    2.0,  ,    ,58.9
18,02,04,1,東京,4,05,未勝利,7,芝,0,1800,稍,マインプリンセス  ,牝,3,的場勇人,54.0,16,03,14,14,0,1.4,15,110.4,"1504",0,0,12,14,14,35.3,398,的場均,美,0,15101937,01108,01063,0518140503,峰哲馬,宝寄山忠則,ワークフォース,ミライポケット,ジャングルポケット,鹿毛,150328,  367.7,  ,    ,56.4
18,02,04,1,東京,4,05,未勝利,7,芝,0,1800,稍,ソロフレーズ      ,牡,3,柴山雄一,56.0,16,04,9,9,0,1,14,110,"1500",0,0,4,6,7,35.5,460,栗田徹,美,0,15101645,05243,01127,0518140504,松谷翔太,ダーレー・ジャパン,ディープスカイ,パラフレーズ,Pivotal,青鹿,150513,  187.6,  ,    ,54.9
18,02,04,1,東京,4,05,未勝利,7,芝,0,1800,稍,ダディズテソーロ  ,セ,3,井上敏樹,55.0,16,05,15,15,0,2.2,13,111.2,"1512",0,0,4,6,7,36.7,446,斎藤誠,美,0,15110019,01151,01086,0518140505,了徳寺健二ホールデ,"Teresa Viola Racin","Scat Daddy","Mary's Angel","Hat Trick",青鹿,150226,  175.9,  ,    ,51.5
18,02,04,1,東京,4,05,未勝利,7,芝,0,1800,稍,アオイリョウマ    ,牡,3,内田博幸,56.0,16,06,7,7,0,0.9,6,109.9,"1499",0,0,7,6,10,35.3,444,古賀慎明,美,0,15104373,00422,01079,0518140506,新谷幸義,社台ファーム,ステイゴールド,ステイアライヴ,Iffraaj,鹿毛,150126,   16.6,  ,    ,55.7
18,02,04,1,東京,4,05,未勝利,7,芝,0,1800,稍,ラヴベローナ      ,牝,3,丸山元気,54.0,16,07,6,6,0,0.9,4,109.9,"1499",0,0,4,3,4,35.7,464,田村康仁,美,0,15100557,01127,01027,0518140507,菅原広隆,新冠橋本牧場,ヴィクトワールピサ,ブルーレイ,トワイニング,鹿毛,150313,    9.4,  ,    ,53.9
18,02,04,1,東京,4,05,未勝利,7,芝,0,1800,稍,サンクエトワール  ,牝,3,柴田大知,54.0,16,08,10,10,0,1.2,11,110.2,"1502",0,0,10,11,12,35.4,374,佐藤吉勝,美,0,15100728,01009,01035,0518140508,サラブレッドクラブ,ビッグレッドファー,ステイゴールド,マイネエストレヤ,スターオブコジーン,鹿毛,150411,  127.5,  ,    ,55.6
18,02,04,1,東京,4,05,未勝利,7,芝,0,1800,稍,ケイアイスープラ  ,牡,3,大野拓弥,56.0,16,09,8,8,0,1,5,110,"1500",0,0,9,10,7,35.6,438,田村康仁,美,0,15106254,01096,01027,0518140509,亀田和弘,松田牧場,ドリームジャーニー,アンドモアアゲイン,"Distorted Humor",鹿毛,150525,   16.5,  ,    ,54.5
18,02,04,1,東京,4,05,未勝利,7,芝,0,1800,稍,トーセンヴィガー  ,牡,3,吉田隼人,56.0,16,10,3,3,0,0.3,7,109.3,"1493",0,0,12,3,2,35.3,476,中川公成,美,130,15104991,01095,01081,0518140510,島川隆哉,ノーザンファーム,トーセンホマレボシ,ペルヴィアンリリー,フレンチデピュティ,鹿毛,150125,   17.2,  ,    ,54.8
18,02,04,1,東京,4,05,未勝利,7,芝,0,1800,稍,カーロバンビーナ  ,牝,3,福永祐一,54.0,16,11,2,2,0,0.3,2,109.3,"1493",0,0,8,6,6,35,396,戸田博文,美,200,15104293,01014,01054,0518140511,社台レースホース,社台ファーム,ディープインパクト,カンビーナ,"Hawk Wing",鹿毛,150130,    4.7,  ,    ,56.1
18,02,04,1,東京,4,05,未勝利,7,芝,0,1800,稍,カプリロマン      ,牝,3,武士沢友,54.0,16,12,11,11,0,1.2,16,110.2,"1502",0,0,15,16,16,35,428,小桧山悟,美,0,15103804,01029,01005,0518140512,小川敏夫,不二牧場,ストロングリターン,ディアルーモ,ネオユニヴァース,鹿毛,150408,  423.9,  ,    ,57.4
18,02,04,1,東京,4,05,未勝利,7,芝,0,1800,稍,ブルーハワイアン  ,牝,3,田中勝春,54.0,16,13,13,13,0,1.4,8,110.4,"1504",0,0,3,3,4,36.3,460,田島俊明,美,0,15104313,00684,01112,0518140513,村野康司,社台ファーム,ハーツクライ,ココナッツパルム,フレンチデピュティ,栗毛,150308,   25.1,  ,    ,52.1
18,02,04,1,東京,4,05,未勝利,7,芝,0,1800,稍,ニシノムソウ      ,牡,3,丸田恭介,56.0,16,14,16,16,0,2.4,12,111.4,"1514",0,0,1,1,1,37.6,484,蛯名利弘,美,0,15101774,01117,01131,0518140514,西山茂行,谷川牧場,ヒルノダムール,シュフルール,パントレセレブル,黒鹿,150225,  128.7,  ,    ,48.1
18,02,04,1,東京,4,05,未勝利,7,芝,0,1800,稍,ヴィラバドラ      ,牡,3,野中悠太,53.0,16,15,5,5,0,0.7,10,109.7,"1497",0,0,10,12,12,34.8,464,奥村武,美,50,15101875,01158,01145,0518140515,金山敏也,日高大洋牧場,ジャングルポケット,レディーファースト,ダンスインザダーク,黒鹿,150508,   95.5,  ,    ,57.6
18,02,04,1,東京,4,05,未勝利,7,芝,0,1800,稍,シルフィウム      ,牡,3,石橋脩,56.0,16,16,12,12,0,1.3,3,110.3,"1503",0,0,2,2,2,36.3,446,手塚貴久,美,0,15104912,01077,01038,0518140516,シルクレーシング,社台コーポレーショ,キンシャサノキセキ,ナイキフェイバー,"Favorite Trick",黒鹿,150513,    6.5,  ,    ,51.9
18,02,04,1,東京,4,06,500万下,23,ダ,1,1400,不,リアリゾンルレーヴ,牝,5,松岡正海,55.0,16,01,6,6,0,1.1,10,84.9,"1249",0,0,0,11,10,37.1,478,池上昌和,美,0,13110095,01085,01150,0518140601,吉田和子,"Robert B. Trussell","Lemon Drop Kid","Arrested Dreams",Dehere,鹿毛,130325,   62.6,  ,    ,46.6
18,02,04,1,東京,4,06,500万下,23,ダ,1,1400,不,レンズフルパワー  ,牡,6,丸山元気,57.0,16,02,2,2,0,0.3,4,84.1,"1241",0,0,0,4,3,36.9,518,南田美知,美,300,12105606,01127,00437,0518140602,田畑富子,宮内牧場,エンパイアメーカー,キャロルブラボー,キャロルハウス,鹿毛,120512,    6.4,  ,    ,45.9
18,02,04,1,東京,4,06,500万下,23,ダ,1,1400,不,フランチェスコ    ,牡,5,武士沢友,57.0,16,03,16,16,0,4.1,16,87.9,"1279",0,0,0,15,15,39,484,高橋義博,美,0,13103937,01029,01036,0518140603,海谷幸司,岡田スタツド,メイショウサムソン,キアラ,ステイゴールド,鹿毛,130208,  483.0,  ,    ,44.0
18,02,04,1,東京,4,06,500万下,23,ダ,1,1400,不,アムネスティ      ,牡,5,福永祐一,57.0,16,04,13,13,0,2.9,6,86.7,"1267",0,0,0,13,12,38.8,502,戸田博文,美,0,13105281,01014,01054,0518140604,窪田康志,追分ファーム,ディープインパクト,ミゼリコルデ,Fasliyev,鹿毛,130323,   11.4,  ,    ,42.6
18,02,04,1,東京,4,06,500万下,23,ダ,1,1400,不,キョウエイガウディ,牡,4,岩部純二,57.0,16,05,4,4,0,0.7,7,84.5,"1245",0,0,0,1,1,37.6,500,中川公成,美,110,14101000,00726,01081,0518140605,田中晴夫,沖田忠幸,カジノドライヴ,バトルラヴ,マイネルラヴ,鹿毛,140326,   14.1,  ,    ,43.6
18,02,04,1,東京,4,06,500万下,23,ダ,1,1400,不,レオニーズ        ,牡,7,三浦皇成,57.0,16,06,10,10,0,1.6,5,85.4,"1254",0,0,0,6,7,37.9,512,小島茂之,美,0,11103679,01122,01068,0518140606,社台レースホース,社台コーポレーショ,ネオユニヴァース,ミスアナレオ,Alzao,鹿毛,110126,    8.4,  ,    ,44.0
18,02,04,1,東京,4,06,500万下,23,ダ,1,1400,不,マンゴジェリー    ,牡,6,横山武史,54.0,16,07,9,9,0,1.5,8,85.3,"1253",0,0,0,14,12,37.4,478,田島俊明,美,0,12104464,01170,01112,0518140607,窪田康志,社台ファーム,ネオユニヴァース,ランペルティーザ,トワイニング,鹿毛,120315,   55.3,  ,    ,46.1
18,02,04,1,東京,4,06,500万下,23,ダ,1,1400,不,ペイシャエヴァー  ,牡,4,内田博幸,57.0,16,08,1,1,0,-0.3,2,83.8,"1238",0,0,0,4,5,36.5,490,小笠倫弘,美,750,14101230,00422,01076,0518140608,北所直人,中田英樹,ショウナンカンプ,エバーシャイニング,ゼンノロブロイ,鹿毛,140503,    4.0,  ,    ,47.2
18,02,04,1,東京,4,06,500万下,23,ダ,1,1400,不,ノーザンライアン  ,牡,4,蛯名正義,56.0,16,09,7,7,0,1.4,1,85.2,"1252",0,0,0,6,5,37.9,470,小島太,美,0,14110120,00663,01013,0518140609,吉田和美,"Ramsey Pastoral Co",Lonhro,"Magistra Delecta","Al Akbar",鹿毛,140826,    3.4,  ,    ,43.6
18,02,04,1,東京,4,06,500万下,23,ダ,1,1400,不,フジマサアクトレス,牝,5,柴田善臣,55.0,16,10,15,15,0,3.1,9,86.9,"1269",0,0,0,3,3,39.8,476,菊川正達,美,0,13103430,00641,01052,0518140610,藤原正一,酒井牧場,ヴィクトワールピサ,ステファニーチャン,アーミジャー,鹿毛,130316,   55.6,  ,    ,38.8
18,02,04,1,東京,4,06,500万下,23,ダ,1,1400,不,ラグプリンセス    ,牝,4,横山典弘,55.0,16,11,3,3,0,0.6,3,84.4,"1244",0,0,0,10,7,36.8,488,金成貴史,美,190,14110012,00660,01132,0518140611,吉田和子,"Northwest Farms LL","Union Rags",Exogenetic,"Unbridled's Song",鹿毛,140412,    5.1,  ,    ,47.0
18,02,04,1,東京,4,06,500万下,23,ダ,1,1400,不,キクノテソロ      ,牡,5,柴田大知,57.0,16,12,14,14,0,3,15,86.8,"1268",0,0,0,16,15,38,470,石毛善彦,美,0,13103499,01009,00428,0518140612,吉田勝利,高村牧場,ブライアンズタイム,エイシンパンドラ,フォーティナイナー,鹿毛,130217,  435.0,  ,    ,46.3
18,02,04,1,東京,4,06,500万下,23,ダ,1,1400,不,センノギモーヴ    ,牝,4,柴山雄一,55.0,16,13,8,8,0,1.4,14,85.2,"1252",0,0,0,11,14,37.1,430,浅野洋一,美,0,14104373,05243,00421,0518140613,浅野正敏,カタオカフアーム,タイムパラドックス,サッカータイカン,サツカーボーイ,栗毛,140529,  232.4,  ,    ,47.2
18,02,04,1,東京,4,06,500万下,23,ダ,1,1400,不,ダイヤインザラフ  ,牝,4,黛弘人,55.0,16,14,12,12,0,2,12,85.8,"1258",0,0,0,8,10,38.1,416,尾関知人,美,0,14100670,01109,01103,0518140614,ローレルレーシング,樋渡志尚,スマートファルコン,スーパーラヴァー,"Silver Deputy",黒鹿,140321,  129.7,  ,    ,43.9
18,02,04,1,東京,4,06,500万下,23,ダ,1,1400,不,ベルウッドミライ  ,牡,4,野中悠太,54.0,16,15,5,5,0,0.8,11,84.6,"1246",0,0,0,8,7,37.1,466,二ノ宮敬,美,75,14103674,01158,00409,0518140615,鈴木照雄,市川フアーム,ハーツクライ,ボンビバン,"Red Ransom",黒鹿,140406,   65.9,  ,    ,46.0
18,02,04,1,東京,4,06,500万下,23,ダ,1,1400,不,ヒラボクメジャー  ,セ,4,長岡禎仁,57.0,16,16,11,11,0,1.8,13,85.6,"1256",0,0,0,2,2,38.6,482,竹内正洋,美,0,14101975,01142,01152,0518140616,平田牧場,下河辺牧場,ダイワメジャー,フィリス,アフリート,栗毛,140515,  175.3,  ,    ,41.3
18,02,04,1,東京,4,07,500万下,23,芝,0,1800,稍,メルドオール      ,牡,6,北村宏司,57.0,16,01,10,10,0,1,14,109.1,"1491",0,0,2,3,3,35,450,加藤和宏,美,0,12101073,01043,01077,0518140701,ノルマンディーサラ,浦新徳司,ステイゴールド,サルガソシー,Affirmed,鹿毛,120303,  175.1,  ,    ,55.9
18,02,04,1,東京,4,07,500万下,23,芝,0,1800,稍,クワトロガッツ    ,牡,7,柴山雄一,57.0,16,02,4,4,0,0.4,10,108.5,"1485",0,0,2,1,1,35.2,456,伊藤大士,美,110,11103485,05243,01109,0518140702,ザ・チャンピオンズ,チャンピオンズファ,マンハッタンカフェ,ピースオブラヴ,マイネルラヴ,黒鹿,110120,   46.6,  ,    ,54.1
18,02,04,1,東京,4,07,500万下,23,芝,0,1800,稍,エリティエール    ,牝,4,池添謙一,54.0,16,03,2,2,0,0.1,2,108.2,"1482",0,0,6,6,6,33.7,438,大竹正博,美,300,14105975,01032,01102,0518140703,キャロットファーム,ノーザンファーム,ディープインパクト,ジンジャーパンチ,"Awesome Again",鹿毛,140419,    5.3,  ,    ,60.5
18,02,04,1,東京,4,07,500万下,23,芝,0,1800,稍,ローズクランス    ,牡,5,津村明秀,57.0,16,04,9,9,0,0.9,5,109,"1490",0,0,11,10,9,34.3,514,手塚貴久,美,0,13105810,01092,01038,0518140704,グリーンフィールズ,ノーザンファーム,ネオユニヴァース,エリドゥバビロン,Bernstein,鹿毛,130218,    8.6,  ,    ,58.9
18,02,04,1,東京,4,07,500万下,23,芝,0,1800,稍,ヒロノワカムシャ  ,セ,4,大野拓弥,56.0,16,05,16,16,0,3.3,15,111.4,"1514",0,0,15,15,16,35.9,478,柴田政人,美,0,14102442,01096,01007,0518140705,小野博郷,ファーミングヤナキ,スパイキュール,デジタルハッピー,アグネスデジタル,黒鹿,140414,  296.1,  ,    ,55.2
18,02,04,1,東京,4,07,500万下,23,芝,0,1800,稍,コスモスピード    ,牡,4,柴田大知,56.0,16,06,12,12,0,1.4,12,109.5,"1495",0,0,11,9,9,34.8,452,高橋祥泰,美,0,14102820,01009,00359,0518140706,ビッグレッドファー,青藍牧場,ディープインパクト,ヒカルウェイブ,トニービン,鹿毛,140430,   60.5,  ,    ,57.3
18,02,04,1,東京,4,07,500万下,23,芝,0,1800,稍,クラークキー      ,牡,4,戸崎圭太,56.0,16,07,1,1,0,-0.1,1,108.1,"1481",0,0,1,2,2,34.1,480,池上昌弘,美,750,14100485,05386,00390,0518140707,保坂和孝,長浜牧場,ルーラーシップ,トウカイメガミ,サンデーサイレンス,鹿毛,140228,    3.1,  ,    ,58.5
18,02,04,1,東京,4,07,500万下,23,芝,0,1800,稍,プレシャスメイト  ,牝,6,田辺裕信,55.0,16,08,5,5,0,0.9,8,109,"1490",0,0,15,15,14,33.8,464,奥村武,美,75,12103180,01075,01145,0518140708,飯田正剛,千代田牧場,ステイゴールド,トウカイパートナー,ブライアンズタイム,鹿毛,120507,   24.1,  ,    ,61.2
18,02,04,1,東京,4,07,500万下,23,芝,0,1800,稍,アルトリウス      ,牡,4,武藤雅,53.0,16,09,3,3,0,0.3,4,108.4,"1484",0,0,6,10,9,33.6,472,藤沢和雄,美,190,14105324,01169,00386,0518140709,G1レーシング,追分ファーム,キングカメハメハ,レジネッタ,フレンチデピュティ,鹿毛,140128,    8.0,  ,    ,61.3
18,02,04,1,東京,4,07,500万下,23,芝,0,1800,稍,キューバンマンボ  ,牝,4,野中悠太,51.0,16,10,15,15,0,2,16,110.1,"1501",0,0,13,13,14,35,446,和田正道,美,0,14104833,01158,00353,0518140710,スピードファーム,トウショウ産業株式,スズカマンボ,スサーナトウショウ,ロックオブジブラルタル,鹿毛,140318,  401.1,  ,    ,57.3
18,02,04,1,東京,4,07,500万下,23,芝,0,1800,稍,サトノルーラー    ,牡,4,横山典弘,56.0,16,11,7,7,0,0.9,7,109,"1490",0,0,4,6,6,34.5,514,国枝栄,美,0,14105485,00660,00399,0518140711,里見治紀,社台ファーム,ディープインパクト,コンテスティッド,Ghostzapper,黒鹿,140212,   13.9,  ,    ,58.0
18,02,04,1,東京,4,07,500万下,23,芝,0,1800,稍,レッドボヌール    ,牝,4,田中勝春,54.0,16,12,11,11,0,1.2,11,109.3,"1493",0,0,9,6,6,34.8,416,宗像義忠,美,0,14105551,00684,00420,0518140712,東京ホースレーシン,社台ファーム,ステイゴールド,セリメーヌ,"Dr Fong",鹿毛,140218,   47.5,  ,    ,57.0
18,02,04,1,東京,4,07,500万下,23,芝,0,1800,稍,フィールザサンダー,牡,4,内田博幸,56.0,16,13,14,14,0,1.9,9,110,"1500",0,0,14,13,13,35,452,谷原義明,美,0,14102825,00422,00402,0518140713,櫻井正,平岡牧場,デュランダル,フィールザビュウ,"Distant View",鹿毛,140604,   43.2,  ,    ,57.1
18,02,04,1,東京,4,07,500万下,23,芝,0,1800,稍,アメリカンヘブン  ,セ,5,福永祐一,57.0,16,14,8,8,0,0.9,6,109,"1490",0,0,6,5,5,34.7,478,戸田博文,美,0,13110019,01014,01054,0518140714,吉澤克己,"Bruce Smart","Gio Ponti","Rap and Dance","Pleasant Tap",鹿毛,130213,    9.0,  ,    ,57.1
18,02,04,1,東京,4,07,500万下,23,芝,0,1800,稍,ジェードグリーン  ,セ,4,石橋脩,56.0,16,15,13,13,0,1.7,3,109.8,"1498",0,0,9,10,9,35.1,472,栗田徹,美,0,14106048,01077,01127,0518140715,キャロットファーム,ノーザンファーム,カンパニー,ドレスデングリーン,アグネスタキオン,鹿毛,140312,    5.5,  ,    ,56.4
18,02,04,1,東京,4,07,500万下,23,芝,0,1800,稍,フラワープレミア  ,牡,4,三浦皇成,56.0,16,16,6,6,0,0.9,13,109,"1490",0,0,4,3,3,34.8,482,池上昌和,美,0,14101578,01122,01150,0518140716,花村誠,船越伸也,アンライバルド,トミケンソリッド,コマンダーインチーフ,鹿毛,140416,  166.9,  ,    ,56.6
18,02,04,1,東京,4,08,1000万下,43,ダ,1,1300,不,メンターモード    ,牡,4,武豊,57.0,16,01,11,11,0,0.8,3,78.2,"1182",0,0,0,4,6,36.6,508,藤岡健一,栗,0,14105676,00666,01062,0518140801,青山洋一,社台ファーム,ルーラーシップ,プロヴィナージュ,フレンチデピュティ,鹿毛,140324,    6.4,  ,    ,47.4
18,02,04,1,東京,4,08,1000万下,43,ダ,1,1300,不,カネノイロ        ,牡,5,丸山元気,57.0,16,02,2,2,0,0.1,2,77.5,"1175",0,0,0,4,3,36.1,490,佐藤吉勝,美,420,13106262,01127,01035,0518140802,江川伸夫,川上牧場,パイロ,エルサフィール,タヤスツヨシ,鹿毛,130331,    5.1,  ,    ,48.3
18,02,04,1,東京,4,08,1000万下,43,ダ,1,1300,不,ダノンハイパワー  ,牡,4,横山典弘,57.0,16,03,3,3,0,0.1,1,77.5,"1175",0,0,0,11,11,35.4,498,菊沢隆徳,美,260,14102033,00660,01115,0518140803,ダノックス,白井牧場,ダノンシャンティ,ダノンボンジュール,Shamardal,黒鹿,140316,    4.4,  ,    ,51.9
18,02,04,1,東京,4,08,1000万下,43,ダ,1,1300,不,マンカストラップ  ,牡,4,大野拓弥,57.0,16,04,4,4,0,0.2,4,77.6,"1176",0,0,0,8,7,35.8,490,伊藤大士,美,160,14103607,01096,01109,0518140804,ミルファーム,ミルファーム,プリサイスエンド,ヴァップ,ストーミングホーム,青鹿,140324,    7.4,  ,    ,50.1
18,02,04,1,東京,4,08,1000万下,43,ダ,1,1300,不,ウリボー          ,牡,6,野中悠太,54.0,16,05,8,8,0,0.5,16,77.9,"1179",0,0,0,8,7,36.1,528,森秀行,栗,0,12110061,01158,00427,0518140805,冨士井直哉,"Dr. Charles S. Gil",Midshipman,"Honorable Peace","Honor Grades",栗毛,120202,  226.0,  ,    ,49.2
18,02,04,1,東京,4,08,1000万下,43,ダ,1,1300,不,アストロノーティカ,牡,4,池添謙一,57.0,16,06,5,5,0,0.3,6,77.7,"1177",0,0,0,13,13,35.5,492,角田晃一,栗,105,14102164,01032,01121,0518140806,ゴドルフィン,ダーレー・ジャパン,ネオユニヴァース,シェルシーカー,Machiavellian,鹿毛,140328,   10.1,  ,    ,51.9
18,02,04,1,東京,4,08,1000万下,43,ダ,1,1300,不,スリラーインマニラ,セ,5,吉田隼人,57.0,16,07,1,1,0,-0.1,8,77.4,"1174",0,0,0,2,2,36.2,448,武井亮,美,1050,13106375,01095,01147,0518140807,古賀慎一,惣田英幸,キンシャサノキセキ,ナイツエンド,"End Sweep",鹿毛,130309,   25.5,  ,    ,47.6
18,02,04,1,東京,4,08,1000万下,43,ダ,1,1300,不,ホウオウマリリン  ,牝,5,丸田恭介,55.0,16,08,16,16,0,1.6,14,79,"1190",0,0,0,7,7,37.2,412,奥村武,美,0,13105446,01117,01145,0518140808,小笹芳央,社台ファーム,ダイワメジャー,クーデンビーチ,"Peintre Celebre",栗毛,130502,   91.1,  ,    ,46.3
18,02,04,1,東京,4,08,1000万下,43,ダ,1,1300,不,コロニアルスタイル,牝,4,津村明秀,55.0,16,09,13,13,0,1,10,78.4,"1184",0,0,0,3,3,36.9,460,鈴木伸尋,美,0,14105404,01092,01026,0518140809,吉田照哉,社台ファーム,ゴールドアリュール,アーリーアメリカン,"El Corredor",栗毛,140520,   28.1,  ,    ,46.4
18,02,04,1,東京,4,08,1000万下,43,ダ,1,1300,不,メイショウグジョウ,牡,4,福永祐一,57.0,16,10,15,15,0,1.4,5,78.8,"1188",0,0,0,14,14,36.3,470,浅見秀一,栗,0,14103288,01014,00411,0518140810,松本好雄,多田善弘,メイショウボーラー,メイショウベーネ,スキャターザゴールド,栗毛,140522,    8.2,  ,    ,50.4
18,02,04,1,東京,4,08,1000万下,43,ダ,1,1300,不,ナニスンネン      ,牡,6,鮫島克駿,57.0,16,11,9,9,0,0.5,12,77.9,"1179",0,0,0,8,11,35.8,514,杉山晴紀,栗,0,12102595,01157,01157,0518140811,杉山忠国,明治牧場,クロフネ,スギノフォルモーザ,サンデーサイレンス,栗毛,120402,   30.8,  ,    ,50.8
18,02,04,1,東京,4,08,1000万下,43,ダ,1,1300,不,トミケンキルカス  ,牡,6,石橋脩,57.0,16,12,14,14,0,1.3,11,78.7,"1187",0,0,0,11,10,36.8,514,大和田成,美,0,12102179,01077,01124,0518140812,冨樫賢二,飯岡牧場,タイキシャトル,サウンドアメニティ,キンググローリアス,栗毛,120222,   30.2,  ,    ,47.6
18,02,04,1,東京,4,08,1000万下,43,ダ,1,1300,不,スビールアスール  ,牝,4,田辺裕信,55.0,16,13,6,6,0,0.4,7,77.8,"1178",0,0,0,1,1,36.7,472,武藤善則,美,0,14104206,01075,01064,0518140813,アスール,石川栄一,キンシャサノキセキ,サングレアズール,クロフネ,黒鹿,140410,   10.4,  ,    ,46.0
18,02,04,1,東京,4,08,1000万下,43,ダ,1,1300,不,フジゴウカイ      ,牡,6,横山武史,54.0,16,14,12,12,0,0.9,15,78.3,"1183",0,0,0,14,15,35.6,518,高市圭二,美,0,12100412,01170,01014,0518140814,荒木誠,対馬正,プリサイスエンド,シルクロマンス,"Benny the Dip",黒鹿,120314,  122.9,  ,    ,52.8
18,02,04,1,東京,4,08,1000万下,43,ダ,1,1300,不,シゲルゴホウサイ  ,牝,6,柴田大知,55.0,16,15,10,10,0,0.7,9,78.1,"1181",0,0,0,4,3,36.6,452,森田直行,栗,0,12100406,01009,01142,0518140815,森中蕃,中央牧場,パイロ,シゲルラブスカイ,ボストンハーバー,鹿毛,120429,   27.5,  ,    ,47.2
18,02,04,1,東京,4,08,1000万下,43,ダ,1,1300,不,タマモシルクハット,牡,5,武藤雅,54.0,16,16,7,7,0,0.5,13,77.9,"1179",0,0,0,16,15,35.2,480,水野貴広,美,0,13101425,01169,01094,0518140816,タマモ,小泉牧場,ケイムホーム,チャームキャップ,キャプテンスティーヴ,黒鹿,130308,   41.0,  ,    ,54.0
18,02,04,1,東京,4,09,ゆりかも500*,23,芝,0,2400,稍,ヤマタケパンチ    ,牡,3,岩部純二,56.0,14,01,12,12,0,2.9,14,150.5,"2305",0,9,9,9,11,36.8,484,萱野浩二,美,0,15103112,00726,01024,0518140901,山中和子,高野牧場,メイショウボーラー,ナナコフレスコ,メジロライアン,青鹿,150530,  281.3,  ,    ,53.0
18,02,04,1,東京,4,09,ゆりかも500*,23,芝,0,2400,稍,キングスヴァリュー,牡,3,田辺裕信,56.0,14,02,10,10,0,2,3,149.6,"2296",0,5,5,5,5,36.3,486,国枝栄,美,0,15104680,01075,00399,0518140902,シルクレーシング,ノーザンファーム,キングカメハメハ,アートプリンセス,Officer,栗毛,150130,    7.2,  ,    ,54.0
18,02,04,1,東京,4,09,ゆりかも500*,23,芝,0,2400,稍,ヴォウジラール    ,牡,3,内田博幸,56.0,14,03,6,6,0,1.7,4,149.3,"2293",0,14,14,12,13,35.4,516,尾関知人,美,0,15105088,00422,01103,0518140903,サンデーレーシング,ノーザンファーム,ハーツクライ,レジェンドトレイル,フレンチデピュティ,鹿毛,150505,    9.4,  ,    ,57.3
18,02,04,1,東京,4,09,ゆりかも500*,23,芝,0,2400,稍,ウラヌスチャーム  ,牝,3,戸崎圭太,54.0,14,04,4,4,0,1.1,9,148.7,"2287",0,7,7,7,8,35.2,498,斎藤誠,美,150,15104671,05386,01086,0518140904,G1レーシング,ノーザンファーム,ルーラーシップ,アメジストリング,フジキセキ,黒鹿,150327,   27.2,  ,    ,57.5
18,02,04,1,東京,4,09,ゆりかも500*,23,芝,0,2400,稍,ランリーナ        ,牝,3,横山典弘,54.0,14,05,13,13,0,3.1,13,150.7,"2307",0,6,5,5,6,37.3,470,竹内正洋,美,0,15102676,00660,01152,0518140905,由井健太郎,元道牧場,エイシンフラッシュ,アップルティー,サンデーサイレンス,芦毛,150208,  243.8,  ,    ,51.3
18,02,04,1,東京,4,09,ゆりかも500*,23,芝,0,2400,稍,エルティグレ      ,牡,3,松田大作,56.0,14,06,5,5,0,1.4,7,149,"2290",0,1,2,2,2,36.5,464,大久保龍,栗,100,15103558,01030,01058,0518140906,桑田牧場,桑田牧場,キングカメハメハ,ショウナンタレント,アグネスタキオン,栗毛,150405,   18.4,  ,    ,52.7
18,02,04,1,東京,4,09,ゆりかも500*,23,芝,0,2400,稍,ロジティナ        ,牡,3,浜中俊,56.0,14,07,3,3,0,0.8,5,148.4,"2284",0,3,4,4,4,35.4,524,新開幸一,美,250,15100548,01115,01116,0518140907,久米田正明,新冠橋本牧場,ロジユニヴァース,コヴェンティナ,シンボリクリスエス,黒鹿,150301,   10.2,  ,    ,56.4
18,02,04,1,東京,4,09,ゆりかも500*,23,芝,0,2400,稍,ノーブルバルカン  ,牡,3,武藤雅,56.0,14,08,8,8,0,1.8,11,149.4,"2294",0,2,3,3,3,36.6,452,武藤善則,美,0,15103495,01169,01064,0518140908,吉木伸彦,大島牧場,メイショウサムソン,アストレアピース,マヤノトップガン,鹿毛,150514,   86.2,  ,    ,52.7
18,02,04,1,東京,4,09,ゆりかも500*,23,芝,0,2400,稍,スターフィールド  ,牡,3,大野拓弥,56.0,14,09,14,14,0,6.6,10,154.2,"2342",0,12,12,12,11,40.4,486,手塚貴久,美,0,15105084,01096,01038,0518140909,星野壽市,ノーザンファーム,シンボリクリスエス,ルージュクール,"Redoute's Choice",黒鹿,150304,   48.1,  ,    ,43.9
18,02,04,1,東京,4,09,ゆりかも500*,23,芝,0,2400,稍,イェッツト        ,牡,3,蛯名正義,56.0,14,10,7,7,0,1.7,1,149.3,"2293",0,9,9,9,8,35.7,470,金成貴史,美,0,15103201,00663,01132,0518140910,近藤英子,辻牧場,カンパニー,イスタンブール,キングカメハメハ,鹿毛,150401,    2.9,  ,    ,56.1
18,02,04,1,東京,4,09,ゆりかも500*,23,芝,0,2400,稍,アドマイヤキング  ,牡,3,川田将雅,56.0,14,11,9,9,0,1.9,8,149.5,"2295",0,3,1,1,1,37.3,520,友道康夫,栗,0,15104660,01088,01061,0518140911,近藤利一,ノーザンファーム,キングカメハメハ,アドマイヤテンバ,クロフネ,鹿毛,150208,   25.5,  ,    ,50.3
18,02,04,1,東京,4,09,ゆりかも500*,23,芝,0,2400,稍,ブラストワンピース,牡,3,池添謙一,56.0,14,12,1,1,0,-0.7,2,147.6,"2276",0,11,11,9,8,34,522,大竹正博,美,1000,15104882,01032,01102,0518140912,シルクレーシング,ノーザンファーム,ハービンジャー,ツルマルワンピース,キングカメハメハ,鹿毛,150402,    3.3,  ,    ,61.4
18,02,04,1,東京,4,09,ゆりかも500*,23,芝,0,2400,稍,ドレーク          ,牡,3,藤岡康太,56.0,14,13,2,2,0,0.7,6,148.3,"2283",0,7,7,7,6,34.9,466,藤岡健一,栗,400,15104889,01116,01062,0518140913,シルクレーシング,坂東牧場,ルーラーシップ,ディアアドマイヤ,サンデーサイレンス,鹿毛,150513,   10.9,  ,    ,58.3
18,02,04,1,東京,4,09,ゆりかも500*,23,芝,0,2400,稍,トーセンスーリヤ  ,牡,3,三浦皇成,56.0,14,14,11,11,0,2.1,12,149.7,"2297",0,13,13,14,13,35.8,472,小野次郎,美,0,15101105,01122,01125,0518140914,島川隆哉,エスティファーム,ローエングリン,トーセンガラシャ,デュランダル,栗毛,150404,  102.4,  ,    ,56.1
18,02,04,1,東京,4,10,金蹄ＳＨ1600,67,ダ,1,2100,不,カフェブリッツ    ,牡,5,川田将雅,57.0,16,01,7,7,0,0.6,3,129.7,"2097",0,1,1,1,1,36.5,536,池江泰寿,栗,0,13102575,01088,01071,0518141001,西川光一,三石橋本牧場,マンハッタンカフェ,カフェララルー,Stravinsky,鹿毛,130524,    6.2,  ,    ,52.1
18,02,04,1,東京,4,10,金蹄ＳＨ1600,67,ダ,1,2100,不,ナンヨープルートー,牡,4,浜中俊,55.0,16,02,4,4,0,0.5,6,129.6,"2096",0,3,3,4,4,36.1,502,松永幹夫,栗,270,14104506,01115,01092,0518141002,中村徳也,桜井牧場,ディープインパクト,ハイカックウ,"High Chaparral",鹿毛,140407,   13.8,  ,    ,53.6
18,02,04,1,東京,4,10,金蹄ＳＨ1600,67,ダ,1,2100,不,モズアトラクション,牡,4,鮫島克駿,55.0,16,03,5,5,0,0.5,1,129.6,"2096",0,8,7,7,9,35.8,482,松下武士,栗,182,14101197,01157,01149,0518141003,キャピタル・システ,築紫洋,ジャングルポケット,エーシンラクーリエ,コロナドズクエスト,栗毛,140323,    2.2,  ,    ,54.8
18,02,04,1,東京,4,10,金蹄ＳＨ1600,67,ダ,1,2100,不,クロフネビームス  ,牝,6,大野拓弥,53.0,16,04,11,11,0,1.3,9,130.4,"2104",0,10,10,10,12,36.4,478,尾形充弘,美,0,12101889,01096,00349,0518141004,古川嘉治,豊洋牧場,クロフネ,カレンバレリーナ,サンデーサイレンス,芦毛,120412,   22.7,  ,    ,53.3
18,02,04,1,東京,4,10,金蹄ＳＨ1600,67,ダ,1,2100,不,ホーリーブレイズ  ,牡,4,吉田隼人,54.0,16,05,13,13,0,1.3,5,130.4,"2104",0,15,13,13,16,35.9,462,佐藤正雄,栗,0,14104332,01095,01025,0518141005,村上憲政,岡田牧場,フリオーソ,スキャニングジョイ,スキャン,鹿毛,140512,   12.9,  ,    ,55.3
18,02,04,1,東京,4,10,金蹄ＳＨ1600,67,ダ,1,2100,不,ファドーグ        ,セ,7,戸崎圭太,56.0,16,06,6,6,0,0.5,4,129.6,"2096",0,6,7,7,7,35.9,474,奥平雅士,美,0,11103670,05386,01074,0518141006,キャロットファーム,社台コーポレーショ,シンボリクリスエス,ペニーホイッスル,サンデーサイレンス,黒鹿,110425,   10.6,  ,    ,54.4
18,02,04,1,東京,4,10,金蹄ＳＨ1600,67,ダ,1,2100,不,ロードシャリオ    ,牡,6,三浦皇成,55.0,16,07,2,2,0,0.1,7,129.2,"2092",0,2,2,2,2,35.9,482,高柳瑞樹,美,730,12102301,01122,01118,0518141007,ロードホースクラブ,ケイアイファーム,キンシャサノキセキ,レディカーニバル,"Giant's Causeway",鹿毛,120317,   17.3,  ,    ,54.0
18,02,04,1,東京,4,10,金蹄ＳＨ1600,67,ダ,1,2100,不,メイプルレインボー,牡,6,長岡禎仁,54.0,16,08,3,3,0,0.2,13,129.3,"2093",0,5,5,4,4,35.8,490,高市圭二,美,460,12102921,01142,01014,0518141008,節英司,酒井秀紀,カネヒキリ,メイプルスプリング,ソヴィエトスター,栗毛,120505,  181.5,  ,    ,54.5
18,02,04,1,東京,4,10,金蹄ＳＨ1600,67,ダ,1,2100,不,コアレスキング    ,牡,8,丸山元気,53.0,16,09,8,8,0,0.6,15,129.7,"2097",0,10,10,10,12,35.8,536,尾形充弘,美,0,10100034,01127,00349,0518141009,小林昌志,コアレススタッド,キングカメハメハ,コアレスサンデー,ジェニュイン,鹿毛,100422,  202.1,  ,    ,54.9
18,02,04,1,東京,4,10,金蹄ＳＨ1600,67,ダ,1,2100,不,クラシックメタル  ,セ,7,柴山雄一,56.0,16,10,1,1,0,-0.1,8,129.1,"2091",0,3,3,2,2,35.7,502,二ノ宮敬,美,1820,11103988,05243,00409,0518141010,吉田勝己,ノーザンファーム,クロフネ,ネオクラシック,サンデーサイレンス,鹿毛,110419,   22.6,  ,    ,54.6
18,02,04,1,東京,4,10,金蹄ＳＨ1600,67,ダ,1,2100,不,ウインユニファイド,牡,6,内田博幸,55.0,16,11,10,10,0,1.2,10,130.3,"2103",0,8,9,7,9,36.5,518,飯田雄三,栗,0,12100555,00422,01050,0518141011,ウイン,新冠橋本牧場,キンシャサノキセキ,ユーキャンドゥイット,"Gold Alert",黒鹿,120425,   23.5,  ,    ,52.8
18,02,04,1,東京,4,10,金蹄ＳＨ1600,67,ダ,1,2100,不,サンホッブズ      ,牡,5,松岡正海,54.0,16,12,15,15,0,1.6,11,130.7,"2107",0,6,5,4,4,37.2,494,中舘英二,美,0,13103690,01085,01153,0518141012,加藤ステーブル,日の出牧場,メイショウサムソン,パピュラ,ブライアンズタイム,鹿毛,130407,   35.9,  ,    ,50.5
18,02,04,1,東京,4,10,金蹄ＳＨ1600,67,ダ,1,2100,不,セセリ            ,牡,7,武藤雅,52.0,16,13,14,14,0,1.5,16,130.6,"2106",0,10,13,13,14,36.4,506,森秀行,栗,0,11110009,01169,00427,0518141013,冨士井直哉,"William Paca Beats",Curlin,"Mine Inning",Mining,栗毛,110410,  369.6,  ,    ,53.5
18,02,04,1,東京,4,10,金蹄ＳＨ1600,67,ダ,1,2100,不,シップウ          ,セ,7,武士沢友,51.0,16,14,16,16,0,3.8,14,132.9,"2129",0,13,15,13,15,38.5,508,伊藤正徳,美,0,11102576,01029,00383,0518141014,ヒダカ・ブリーダー,藤原牧場,コンデュイット,バレンソール,アフリート,黒鹿,110313,  189.5,  ,    ,48.1
18,02,04,1,東京,4,10,金蹄ＳＨ1600,67,ダ,1,2100,不,マイネルクラース  ,牡,4,柴田大知,55.0,16,15,9,9,0,0.9,2,130,"2100",0,16,16,13,9,36.2,460,高木登,美,0,14100740,01009,01088,0518141015,サラブレッドクラブ,ビッグレッドファー,ステイゴールド,マイネヌーヴェル,ブライアンズタイム,鹿毛,140322,    6.1,  ,    ,53.6
18,02,04,1,東京,4,10,金蹄ＳＨ1600,67,ダ,1,2100,不,エルズミーア      ,セ,7,北村宏司,53.0,16,16,12,12,0,1.3,12,130.4,"2104",0,13,10,10,7,36.8,558,萩原清,美,0,11103941,01043,01017,0518141016,サンデーレーシング,ノーザンファーム,フジキセキ,ソーアラート,エリシオ,黒鹿,110421,   79.4,  ,    ,51.7
18,02,04,1,東京,4,11,東京新聞G3,163,芝,0,1600,良,アドマイヤリード  ,牝,5,藤岡康太,54.0,16,01,12,12,0,0.6,6,94.7,"1347",0,0,0,10,11,33.9,428,須貝尚介,栗,0,13106072,01116,01105,0518141101,近藤利一,ノーザンファーム,ステイゴールド,ベルアリュール2,Numerous,青鹿,130318,   10.4,  ,    ,57.6
18,02,04,1,東京,4,11,東京新聞G3,163,芝,0,1600,良,デンコウアンジュ  ,牝,5,蛯名正義,54.0,16,02,4,4,0,0.3,9,94.4,"1344",0,0,0,10,11,33.6,456,荒川義之,栗,590,13106329,00663,01095,0518141102,田中康弘,磯野牧場,メイショウサムソン,デンコウラッキー,マリエンバード,黒鹿,130408,   30.5,  ,    ,58.6
18,02,04,1,東京,4,11,東京新聞G3,163,芝,0,1600,良,サトノアレス      ,牡,4,柴山雄一,57.0,16,03,2,2,0,0.2,5,94.3,"1343",0,0,0,13,14,33.3,510,藤沢和雄,美,1600,14105493,05243,00386,0518141103,サトミホースカンパ,社台ファーム,ディープインパクト,サトノアマゾネス,Danehill,黒鹿,140225,    8.9,  ,    ,59.9
18,02,04,1,東京,4,11,東京新聞G3,163,芝,0,1600,良,ディバインコード  ,牡,4,北村宏司,56.0,16,04,5,5,0,0.3,11,94.4,"1344",0,0,0,2,4,34.1,502,栗田博憲,美,390,14104286,01043,00341,0518141104,ノルマンディーサラ,岡田スタツド,マツリダゴッホ,ツーデイズノーチス,ヘクタープロテクター,鹿毛,140228,   44.1,  ,    ,56.1
18,02,04,1,東京,4,11,東京新聞G3,163,芝,0,1600,良,トウショウピスト  ,牡,6,田中勝春,56.0,16,05,13,13,0,0.8,14,94.9,"1349",0,0,0,1,1,34.9,482,角田晃一,栗,0,12103249,00684,01121,0518141105,トウショウ産業,トウショウ産業株式,ヨハネスブルグ,シーイズトウショウ,サクラバクシンオー,鹿毛,120320,  125.7,  ,    ,53.2
18,02,04,1,東京,4,11,東京新聞G3,163,芝,0,1600,良,ガリバルディ      ,牡,7,三浦皇成,57.0,16,06,15,15,0,0.9,15,95,"1350",0,0,0,12,9,34.4,506,藤原英昭,栗,0,11104243,01122,01055,0518141106,伊藤とみ枝,社台ファーム,ディープインパクト,シェンク,Zafonic,鹿毛,110207,  152.8,  ,    ,55.7
18,02,04,1,東京,4,11,東京新聞G3,163,芝,0,1600,良,クルーガー        ,牡,6,浜中俊,56.0,16,07,8,8,0,0.4,4,94.5,"1345",0,0,0,7,7,34,526,高野友和,栗,0,12104508,01115,01117,0518141107,キャロットファーム,ノーザンファーム,キングカメハメハ,アディクティド,Diktat,黒鹿,120426,    6.8,  ,    ,56.8
18,02,04,1,東京,4,11,東京新聞G3,163,芝,0,1600,良,リスグラシュー    ,牝,4,武豊,55.0,16,08,1,1,0,-0.2,3,94.1,"1341",0,0,0,7,7,33.6,448,矢作芳人,栗,3900,14106220,00666,01075,0518141108,キャロットファーム,ノーザンファーム,ハーツクライ,リリサイド,"American Post",黒鹿,140118,    5.5,  ,    ,58.0
18,02,04,1,東京,4,11,東京新聞G3,163,芝,0,1600,良,ハクサンルドルフ  ,牡,5,戸崎圭太,56.0,16,09,6,6,0,0.3,8,94.4,"1344",0,0,0,13,14,33.4,468,西園正都,栗,0,13104956,05386,01028,0518141109,河崎五市,チャンピオンズファ,アドマイヤムーン,キングスミール,Theatrical,黒鹿,130516,   19.5,  ,    ,59.6
18,02,04,1,東京,4,11,東京新聞G3,163,芝,0,1600,良,ダノンプラチナ    ,牡,6,田辺裕信,56.0,16,10,11,11,0,0.5,7,94.6,"1346",0,0,0,16,14,33.5,490,国枝栄,美,0,12103193,01075,00399,0518141110,ダノックス,千代田牧場,ディープインパクト,バディーラ,"Unbridled's Song",芦毛,120323,   12.6,  ,    ,59.4
18,02,04,1,東京,4,11,東京新聞G3,163,芝,0,1600,良,ベルキャニオン    ,牡,7,石橋脩,56.0,16,11,7,7,0,0.3,13,94.4,"1344",0,0,0,5,4,34.1,502,堀宣行,美,0,11103836,01077,01070,0518141111,金子真人ホールディ,ノーザンファーム,ディープインパクト,クロウキャニオン,フレンチデピュティ,鹿毛,110205,  112.3,  ,    ,56.1
18,02,04,1,東京,4,11,東京新聞G3,163,芝,0,1600,良,マイネルアウラート,牡,7,柴田大知,57.0,16,12,16,16,0,1.4,16,95.5,"1355",0,0,0,2,2,35.4,482,高橋裕,美,0,11105236,01009,00412,0518141112,サラブレッドクラブ,ビッグレッドファー,ステイゴールド,マイネシャンゼリゼ,トウカイテイオー,黒鹿,110306,  209.5,  ,    ,51.9
18,02,04,1,東京,4,11,東京新聞G3,163,芝,0,1600,良,カデナ            ,牡,4,福永祐一,56.0,16,13,14,14,0,0.8,10,94.9,"1349",0,0,0,13,11,34,462,中竹和也,栗,0,14104449,01014,01039,0518141113,前田幸治,グランド牧場,ディープインパクト,フレンチリヴィエラ,"French Deputy",鹿毛,140330,   43.3,  ,    ,57.5
18,02,04,1,東京,4,11,東京新聞G3,163,芝,0,1600,良,ストーミーシー    ,牡,5,大野拓弥,56.0,16,14,10,10,0,0.5,12,94.6,"1346",0,0,0,9,9,33.9,528,斎藤誠,美,0,13103817,01096,01086,0518141114,ミルファーム,ミルファーム,アドマイヤムーン,リーベストラウム,ゼンノエルシド,栗毛,130203,   71.4,  ,    ,57.4
18,02,04,1,東京,4,11,東京新聞G3,163,芝,0,1600,良,ダイワキャグニー  ,牡,4,横山典弘,56.0,16,15,3,3,0,0.2,2,94.3,"1343",0,0,0,6,6,33.9,494,菊沢隆徳,美,980,14105589,00660,01115,0518141115,大城正一,社台ファーム,キングカメハメハ,トリプレックス,サンデーサイレンス,黒鹿,140225,    4.2,  ,    ,56.9
18,02,04,1,東京,4,11,東京新聞G3,163,芝,0,1600,良,グレーターロンドン,牡,6,川田将雅,56.0,16,16,9,9,0,0.4,1,94.5,"1345",0,0,0,2,2,34.4,474,大竹正博,美,0,12101402,01088,01102,0518141116,窪田芳郎,下河辺牧場,ディープインパクト,ロンドンブリッジ,ドクターデヴィアス,鹿毛,120523,    4.2,  ,    ,54.8
18,02,04,1,東京,4,12,1000万下,43,芝,0,1400,良,バウトナカヤマ    ,牡,6,長岡禎仁,57.0,16,01,16,16,0,1.6,14,83.3,"1233",0,0,0,13,13,34.9,528,高市圭二,美,0,12106018,01142,01014,0518141201,中山牧場,中山牧場,バトルプラン,リファールナカヤマ,コマンダーインチーフ,黒鹿,120430,   72.3,  ,    ,54.0
18,02,04,1,東京,4,12,1000万下,43,芝,0,1400,良,ジョンブリアン    ,牝,5,津村明秀,55.0,16,02,9,9,0,0.7,11,82.4,"1224",0,0,0,6,6,34.8,458,高柳瑞樹,美,0,13105469,01092,01118,0518141202,社台レースホース,社台ファーム,ステイゴールド,シェンク,Zafonic,黒鹿,130219,   34.1,  ,    ,52.6
18,02,04,1,東京,4,12,1000万下,43,芝,0,1400,良,トーホウハニー    ,牝,6,蛯名正義,55.0,16,03,10,10,0,0.8,6,82.5,"1225",0,0,0,3,3,35.2,448,田中清隆,美,0,12103720,00663,00408,0518141203,東豊物産,竹島幸治,ステイゴールド,トーホウメドゥーサ,Meadowlake,鹿毛,120327,   15.7,  ,    ,50.8
18,02,04,1,東京,4,12,1000万下,43,芝,0,1400,良,ワイナルダム      ,牡,4,松岡正海,57.0,16,04,14,14,0,1,5,82.7,"1227",0,0,0,1,1,35.7,466,水野貴広,美,0,14109012,01085,01094,0518141204,コスモヴューファー,大前典男,サニングデール,オレンジキュラソー,アグネスタキオン,青鹿,140411,   11.4,  ,    ,48.7
18,02,04,1,東京,4,12,1000万下,43,芝,0,1400,良,アルミレーナ      ,牝,4,柴山雄一,55.0,16,05,13,13,0,0.8,1,82.5,"1225",0,0,0,16,16,33.4,442,国枝栄,美,0,14106051,05243,00399,0518141205,サンデーレーシング,ノーザンファーム,ディープインパクト,ナイトマジック,Sholokhov,芦毛,140210,    3.9,  ,    ,60.3
18,02,04,1,東京,4,12,1000万下,43,芝,0,1400,良,バルベーラ        ,牝,4,池添謙一,55.0,16,06,12,12,0,0.8,12,82.5,"1225",0,0,0,11,10,34.4,424,渡辺薫彦,栗,0,14103208,01032,01155,0518141206,カナヤマホールディ,酒井牧場,ルーラーシップ,ジュリエットソング,ディープインパクト,青鹿,140506,   50.2,  ,    ,54.9
18,02,04,1,東京,4,12,1000万下,43,芝,0,1400,良,レインボーラヴラヴ,牝,7,三浦皇成,55.0,16,07,6,6,0,0.4,13,82.1,"1221",0,0,0,4,3,34.7,460,武市康男,美,0,11100628,01122,01089,0518141207,飯田総一郎,千葉飯田牧場,マイネルラヴ,レインボーマグナム,マンハッタンカフェ,青鹿,110421,   65.2,  ,    ,52.4
18,02,04,1,東京,4,12,1000万下,43,芝,0,1400,良,ショウナンアンセム,牡,5,吉田隼人,57.0,16,08,4,4,0,0.2,2,81.9,"1219",0,0,0,9,10,33.8,490,田中剛,美,160,13101006,01095,01119,0518141208,湘南,森永牧場,ジャングルポケット,ヴォラドーレス,クロフネ,芦毛,130410,    4.6,  ,    ,56.7
18,02,04,1,東京,4,12,1000万下,43,芝,0,1400,良,ペルソナリテ      ,牝,5,柴田大知,55.0,16,09,2,2,0,0.2,4,81.9,"1219",0,0,0,11,12,33.6,432,相沢郁,美,420,13101932,01009,01020,0518141209,サラブレッドクラブ,ビッグレッドファー,ステイゴールド,マイネアルデュール,アドマイヤコジーン,鹿毛,130314,    6.9,  ,    ,57.8
18,02,04,1,東京,4,12,1000万下,43,芝,0,1400,良,ウィンドライジズ  ,牡,4,石橋脩,57.0,16,10,5,5,0,0.3,3,82,"1220",0,0,0,4,3,34.6,468,牧光二,美,105,14100159,01077,01106,0518141210,平田修,川島牧場,ダイワメジャー,タッソーニー,テンビー,鹿毛,140327,    4.8,  ,    ,52.7
18,02,04,1,東京,4,12,1000万下,43,芝,0,1400,良,フクノクオリア    ,セ,4,横山和生,57.0,16,11,11,11,0,0.8,15,82.5,"1225",0,0,0,15,15,33.8,510,杉浦宏昭,美,0,14101419,01140,01008,0518141211,福島祐子,山際牧場,キンシャサノキセキ,ハロースピード,マヤノトップガン,黒鹿,140509,  201.6,  ,    ,58.1
18,02,04,1,東京,4,12,1000万下,43,芝,0,1400,良,シャンデリアハウス,牝,6,浜中俊,55.0,16,12,1,1,0,-0.2,7,81.7,"1217",0,0,0,6,6,34,452,牧浦充徳,栗,1050,12104583,01115,01113,0518141212,サンデーレーシング,ノーザンファーム,ヴァーミリアン,カーリーエンジェル,ジヤツジアンジエルーチ,黒鹿,120405,   15.9,  ,    ,55.2
18,02,04,1,東京,4,12,1000万下,43,芝,0,1400,良,ウォークロニクル  ,牝,6,北村宏司,55.0,16,13,8,8,0,0.6,8,82.3,"1223",0,0,0,13,13,33.8,478,鹿戸雄一,美,0,12104605,01043,01097,0518141213,キャロットファーム,ノーザンファーム,ウォーエンブレム,クロノロジスト,クロフネ,青鹿,120320,   19.8,  ,    ,57.6
18,02,04,1,東京,4,12,1000万下,43,芝,0,1400,良,イリスファルコン  ,牝,4,丸山元気,55.0,16,14,15,15,0,1.4,16,83.1,"1231",0,0,0,6,6,35.5,424,南田美知,美,0,14103850,01127,00437,0518141214,菅原広隆,小島牧場,ダイワメジャー,ナナヨーティアラ,マイネルラヴ,鹿毛,140401,  269.7,  ,    ,50.6
18,02,04,1,東京,4,12,1000万下,43,芝,0,1400,良,コーラルプリンセス,牝,4,内田博幸,55.0,16,15,7,7,0,0.4,9,82.1,"1221",0,0,0,9,9,34.2,526,高橋裕,美,0,14106136,00422,00412,0518141215,吉田勝己,ノーザンファーム,クロフネ,ホーリーブラウン,フジキセキ,芦毛,140425,   22.2,  ,    ,55.0
18,02,04,1,東京,4,12,1000万下,43,芝,0,1400,良,ナンヨーアミーコ  ,牡,5,柴田善臣,57.0,16,16,3,3,0,0.2,10,81.9,"1219",0,0,0,2,2,34.8,442,宗像義忠,美,260,13105594,00641,00420,0518141216,中村徳也,社台ファーム,ハービンジャー,ピクシーダスト,サンデーサイレンス,栗毛,130415,   29.7,  ,    ,51.5
18,02,11,1,東京,5,01,未勝利・牝,7,ダ,1,1400,良,サンメイコン      ,牝,3,松岡正海,54.0,16,01,3,3,0,0.5,4,87.9,"1279",0,0,0,2,2,37.8,452,鹿戸雄一,美,130,15101260,01085,01097,0518150101,加藤ステーブル,ケイズ,スペシャルウィーク,シナル,キングカメハメハ,黒鹿,150424,    6.1,  ,    ,49.4
18,02,11,1,東京,5,01,未勝利・牝,7,ダ,1,1400,良,フラミンゴ        ,牝,3,四位洋文,54.0,16,02,14,14,0,2.6,1,90,"1300",0,0,0,4,3,39.7,454,武井亮,美,0,15103071,00700,01147,0518150102,中辻明,笹島智則,マルカシェンク,エーシンアクセント,Cozzene,黒鹿,150410,    4.6,  ,    ,45.0
18,02,11,1,東京,5,01,未勝利・牝,7,ダ,1,1400,良,ディーズパーチェス,牝,3,武藤雅,51.0,16,03,11,11,0,2.2,15,89.6,"1296",0,0,0,14,14,38.1,424,伊藤圭三,美,0,15105612,01169,01023,0518150103,秋谷壽之,グランド牧場,ヴィクトワールピサ,バイブレイションズ,キングカメハメハ,鹿毛,150412,  157.8,  ,    ,51.4
18,02,11,1,東京,5,01,未勝利・牝,7,ダ,1,1400,良,スマイルサンティエ,牝,3,柴山雄一,54.0,16,04,13,13,0,2.4,14,89.8,"1298",0,0,0,11,12,38.7,480,黒岩陽一,美,0,15101876,05243,01133,0518150104,福澤真吾,日高大洋牧場,エンパイアメーカー,ロゼットネビュラ,ネオユニヴァース,鹿毛,150416,  148.3,  ,    ,49.0
18,02,11,1,東京,5,01,未勝利・牝,7,ダ,1,1400,良,ラプターゲイル    ,牝,3,丹内祐次,54.0,16,05,7,7,0,1,12,88.4,"1284",0,0,0,6,6,37.8,434,金成貴史,美,0,15102504,01091,01132,0518150105,ビッグレッドファー,中田英樹,スマートファルコン,メジロレーマー,リンドシェーバー,黒鹿,150516,   75.0,  ,    ,50.4
18,02,11,1,東京,5,01,未勝利・牝,7,ダ,1,1400,良,ウインメディウム  ,牝,3,ミナリク,54.0,16,06,1,1,0,-0.5,6,87.4,"1274",0,0,0,1,1,37.3,488,田中剛,美,500,15100050,05517,01119,0518150106,ウイン,アラキフアーム,ヘニーヒューズ,アラマササンデー,フジキセキ,栗毛,150421,    8.7,  ,    ,50.7
18,02,11,1,東京,5,01,未勝利・牝,7,ダ,1,1400,良,イザベルローズ    ,牝,3,戸崎圭太,54.0,16,07,5,5,0,0.9,2,88.3,"1283",0,0,0,3,3,38,450,栗田徹,美,50,15102704,05386,01127,0518150107,林正道,米田牧場,カジノドライヴ,イザベルドスメーン,スペシャルウィーク,栗毛,150317,    4.8,  ,    ,49.3
18,02,11,1,東京,5,01,未勝利・牝,7,ダ,1,1400,良,ハクサンレモン    ,牝,3,吉原寛人,54.0,16,08,10,10,0,1.5,9,88.9,"1289",0,0,0,11,10,38,450,古賀史生,美,0,15103170,05299,00392,0518150108,河崎五市,谷口牧場,シルポート,ミサトバレー,ミラクルアドマイヤ,黒鹿,150315,   25.3,  ,    ,50.5
18,02,11,1,東京,5,01,未勝利・牝,7,ダ,1,1400,良,アンシンカブル    ,牝,3,北村宏司,54.0,16,09,9,9,0,1.3,13,88.7,"1287",0,0,0,9,6,38.1,422,柴田政人,美,0,15101433,01043,01007,0518150109,水谷八重子,白井牧場,タイムパラドックス,カリスマブラック,ブラックタキシード,栗毛,150306,  108.0,  ,    ,49.6
18,02,11,1,東京,5,01,未勝利・牝,7,ダ,1,1400,良,トーセンプラウド  ,牝,3,津村明秀,54.0,16,10,15,15,0,2.8,11,90.2,"1302",0,0,0,15,15,38.6,468,小笠倫弘,美,0,15101111,01092,01076,0518150110,島川隆哉,エスティファーム,トーセンファントム,トーセンスマッシュ,トウカイテイオー,栗毛,150311,   56.1,  ,    ,50.3
18,02,11,1,東京,5,01,未勝利・牝,7,ダ,1,1400,良,レユシット        ,牝,3,内田博幸,54.0,16,11,8,8,0,1.2,7,88.6,"1286",0,0,0,8,6,38,450,矢野英一,美,0,15100170,00422,01108,0518150111,落合幸弘,川島牧場,ルーラーシップ,タッソーニー,テンビー,黒鹿,150318,   11.4,  ,    ,49.9
18,02,11,1,東京,5,01,未勝利・牝,7,ダ,1,1400,良,クインズティガ    ,牝,3,黛弘人,54.0,16,12,2,2,0,0.5,3,87.9,"1279",0,0,0,4,3,37.6,458,奥平雅士,美,200,15105394,01109,01074,0518150112,亀田和弘,大滝康晴,サウスヴィグラス,プラチナレイン,アグネスタキオン,栗毛,150228,    5.9,  ,    ,50.3
18,02,11,1,東京,5,01,未勝利・牝,7,ダ,1,1400,良,ポートナイトサイト,牝,3,柴田大知,54.0,16,13,6,6,0,1,5,88.4,"1284",0,0,0,6,6,37.8,462,伊藤大士,美,0,15103384,01009,01109,0518150113,ライオンレースホー,三嶋牧場,ダノンシャンティ,ルックアミリオン,フレンチデピュティ,栗毛,150402,    8.1,  ,    ,50.4
18,02,11,1,東京,5,01,未勝利・牝,7,ダ,1,1400,良,ドクターデューン  ,牝,3,柴田善臣,54.0,16,14,12,12,0,2.3,8,89.7,"1297",0,0,0,13,12,38.6,468,菊沢隆徳,美,0,15100043,00641,01115,0518150114,松岡悟,安達洋生,バトルプラン,ドクターベローナ,メジロライアン,鹿毛,150331,   21.1,  ,    ,49.3
18,02,11,1,東京,5,01,未勝利・牝,7,ダ,1,1400,良,サイモンジルバ    ,牝,3,大野拓弥,54.0,16,15,4,4,0,0.6,10,88,"1280",0,0,0,10,10,37.2,456,根本康広,美,75,15103377,01096,01029,0518150115,澤田昭紀,三嶋牧場,タートルボウル,メイショウチルチェ,キングカメハメハ,鹿毛,150409,   30.4,  ,    ,52.4
18,02,11,1,東京,5,01,未勝利・牝,7,ダ,1,1400,良,ティアマト        ,牝,3,岩部純二,54.0,16,16,16,16,0,3.2,16,90.6,"1306",0,0,0,16,16,38.4,398,相沢郁,美,0,15100259,00726,01020,0518150116,ミルファーム,斉藤安行,ヴァーミリアン,ウメノファイバー,サクラユタカオー,黒鹿,150326,  296.7,  ,    ,52.0
18,02,11,1,東京,5,02,未勝利,7,ダ,1,1300,良,キタノパンドラ    ,牝,3,野中悠太,51.0,16,01,11,11,0,2.5,15,82.8,"1228",0,0,0,15,16,38.2,452,天間昭一,美,0,15106003,01158,01090,0518150201,北所直人,友田牧場,バゴ,ミスズアロハ,コマンダーインチーフ,鹿毛,150529,  383.3,  ,    ,50.1
18,02,11,1,東京,5,02,未勝利,7,ダ,1,1300,良,アルガール        ,牡,3,江田照男,56.0,16,02,10,10,0,2.1,11,82.4,"1224",0,0,0,9,7,38.8,426,大江原哲,美,0,15105347,00689,01012,0518150202,平本敏夫,荒木貴宏,ストーミングホーム,マジュスキュール,サウスヴィグラス,黒鹿,150324,   99.7,  ,    ,46.3
18,02,11,1,東京,5,02,未勝利,7,ダ,1,1300,良,サクセスウエイ    ,セ,3,丹内祐次,56.0,16,03,16,16,0,3.8,14,84.1,"1241",0,0,0,13,13,40,430,上原博之,美,0,15106270,01091,00423,0518150203,鈴木芳夫,見上牧場,サクラプレジデント,ミスベルツリー,アグネスデジタル,栗毛,150420,  215.8,  ,    ,44.5
18,02,11,1,東京,5,02,未勝利,7,ダ,1,1300,良,アンポルタン      ,牝,3,吉田隼人,54.0,16,04,15,15,0,3.6,9,83.9,"1239",0,0,0,9,10,40.1,430,佐藤吉勝,美,0,15105265,01095,01035,0518150204,平本敏夫,川上牧場,ノヴェリスト,ハートマイハート,キングカメハメハ,鹿毛,150406,   56.7,  ,    ,43.6
18,02,11,1,東京,5,02,未勝利,7,ダ,1,1300,良,ウサギノダンス    ,牡,3,吉原寛人,56.0,16,05,4,4,0,0.8,3,81.1,"1211",0,0,0,11,10,37.4,478,南田美知,美,75,15103181,05299,00437,0518150205,節英司,大道牧場,スクリーンヒーロー,ミラクルムーン,アドマイヤムーン,黒鹿,150507,    6.7,  ,    ,50.2
18,02,11,1,東京,5,02,未勝利,7,ダ,1,1300,良,グヴィアズダ      ,牡,3,内田博幸,56.0,16,06,7,7,0,1.5,7,81.8,"1218",0,0,0,15,13,37.7,428,矢野英一,美,0,15104344,00422,01108,0518150206,グリーンファーム,社台ファーム,ワークフォース,シュテルンターラー,ネオユニヴァース,鹿毛,150418,   16.5,  ,    ,50.3
18,02,11,1,東京,5,02,未勝利,7,ダ,1,1300,良,ホウオウスクラム  ,牡,3,大野拓弥,56.0,16,07,3,3,0,0.7,5,81,"1210",0,0,0,6,5,37.7,502,奥村武,美,130,15105411,01096,01145,0518150207,小笹芳央,岡田スタツド,アイルハヴアナザー,クラックコード,ダンスインザダーク,栗毛,150422,   12.2,  ,    ,48.4
18,02,11,1,東京,5,02,未勝利,7,ダ,1,1300,良,ウメタロウ        ,牡,3,松岡正海,56.0,16,08,2,2,0,0.5,6,80.8,"1208",0,0,0,1,1,37.8,496,伊藤大士,美,200,15103867,01085,01109,0518150208,ミルファーム,ミルファーム,プリサイスエンド,ヴァップ,ストーミングホーム,黒鹿,150307,   14.3,  ,    ,47.5
18,02,11,1,東京,5,02,未勝利,7,ダ,1,1300,良,トニーファイブ    ,牡,3,武士沢友,56.0,16,09,13,13,0,3,16,83.3,"1233",0,0,0,7,7,39.8,448,星野忍,美,0,15105742,01029,01030,0518150209,トニー倶楽部,静内山田牧場,メイショウボーラー,デザートチャーム,"Dubai Destination",黒鹿,150308,  435.7,  ,    ,43.7
18,02,11,1,東京,5,02,未勝利,7,ダ,1,1300,良,キミワテンマ      ,牡,3,武藤雅,53.0,16,10,5,5,0,1,1,81.3,"1213",0,0,0,11,10,37.6,492,武藤善則,美,50,15104894,01169,01064,0518150210,浦邊輝實,ノーザンファーム,ディープブリランテ,ディナータイム,Bering,鹿毛,150212,    2.0,  ,    ,49.6
18,02,11,1,東京,5,02,未勝利,7,ダ,1,1300,良,コスモビスティー  ,牡,3,黛弘人,56.0,16,11,1,1,0,-0.5,2,80.3,"1203",0,0,0,3,4,37.1,470,松山将樹,美,500,15103802,01109,01100,0518150211,岡田繁幸,伏木田牧場,トビーズコーナー,プリマビスティー,プリサイスエンド,鹿毛,150401,    5.0,  ,    ,49.8
18,02,11,1,東京,5,02,未勝利,7,ダ,1,1300,良,アシャカータ      ,牡,3,津村明秀,56.0,16,12,14,14,0,3.5,13,83.8,"1238",0,0,0,3,5,40.5,452,鈴木伸尋,美,0,15103143,01092,01026,0518150212,吉冨学,谷川牧場,キングズベスト,コウヨウアイリーン,ダンスインザダーク,黒鹿,150324,  211.6,  ,    ,41.6
18,02,11,1,東京,5,02,未勝利,7,ダ,1,1300,良,グランカナーレ    ,牡,3,藤田菜七,53.0,16,13,12,12,0,3,12,83.3,"1233",0,0,0,2,2,40.2,458,小桧山悟,美,0,15100156,01164,01005,0518150213,浅田次郎,上井農場,スターリングローズ,プレジャーホーク,"Silver Hawk",栗毛,150420,  103.6,  ,    ,41.9
18,02,11,1,東京,5,02,未勝利,7,ダ,1,1300,良,サノノタテヤマ    ,牡,3,四位洋文,56.0,16,14,6,6,0,1.4,4,81.7,"1217",0,0,0,3,2,38.6,458,中舘英二,美,0,15101948,00700,01153,0518150214,佐野信幸,豊洋牧場,エスポワールシチー,ハイセンスガール,サクラバクシンオー,鹿毛,150509,    8.3,  ,    ,45.7
18,02,11,1,東京,5,02,未勝利,7,ダ,1,1300,良,タツオウカランブ  ,牝,3,勝浦正樹,54.0,16,15,8,8,0,1.8,10,82.1,"1221",0,0,0,14,13,38.1,472,古賀史生,美,0,15103256,01025,00392,0518150215,鈴木高幸,トラストスリーファ,フリオーソ,イズミナイナー,フォーティナイナー,栗毛,150510,   61.4,  ,    ,49.0
18,02,11,1,東京,5,02,未勝利,7,ダ,1,1300,良,ナイア            ,牡,3,横山典弘,56.0,16,16,9,9,0,2.1,8,82.4,"1224",0,0,0,7,7,38.9,518,杉浦宏昭,美,0,15101432,00660,01008,0518150216,山岸桂市,白井牧場,ルーラーシップ,カトルズリップス,マンハッタンカフェ,黒鹿,150207,   54.3,  ,    ,45.9
18,02,11,1,東京,5,03,新馬,15,ダ,1,1600,良,コットンクラブ    ,牡,3,浜中俊,56.0,16,01,12,12,0,4.5,4,104.5,"1445",0,0,0,4,4,41.6,508,小崎憲,栗,0,15102505,01115,01085,0518150301,山住勲,仲野牧場,スマートファルコン,アンチークショップ,"Fusaichi Pegasus",栗毛,150214,    7.6,  ,    ,40.7
18,02,11,1,東京,5,03,新馬,15,ダ,1,1600,良,マイネルジュニパー,牡,3,柴田大知,56.0,16,02,10,10,0,3.4,3,103.4,"1434",0,0,0,6,6,40.2,478,清水久詞,栗,0,15101225,01009,01110,0518150302,サラブレッドクラブ,木村牧場,カネヒキリ,スターオブジュニパー,"Sadler's Wells",黒鹿,150419,    7.0,  ,    ,44.3
18,02,11,1,東京,5,03,新馬,15,ダ,1,1600,良,ヴェスティード    ,牡,3,三浦皇成,56.0,16,03,1,1,0,-1.2,2,100,"1400",0,0,0,2,2,37.9,516,高柳瑞樹,美,600,15103198,01122,01118,0518150303,キャロットファーム,辻牧場,トーセンホマレボシ,アドマイヤドレス,スピニングワールド,青鹿,150404,    3.3,  ,    ,48.3
18,02,11,1,東京,5,03,新馬,15,ダ,1,1600,良,ヤマニンアルテア  ,牡,3,大庭和弥,56.0,16,04,13,13,0,4.7,16,104.7,"1447",0,0,0,15,15,39.8,484,池上昌弘,美,0,15103789,01061,00390,0518150304,土井肇,廣田光夫,グラスワンダー,ヤマニンジャルダン,マイネルラヴ,鹿毛,150204,  229.2,  ,    ,47.8
18,02,11,1,東京,5,03,新馬,15,ダ,1,1600,良,メルズーガ        ,牡,3,吉原寛人,56.0,16,05,16,16,0,6.4,12,106.4,"1464",0,0,0,14,13,41.8,484,伊藤圭三,美,0,15106099,05299,01023,0518150305,岡田牧雄,原弘之,カネヒキリ,サフラントウショウ,ラムタラ,栗毛,150402,   79.6,  ,    ,42.7
18,02,11,1,東京,5,03,新馬,15,ダ,1,1600,良,ワンスモアステージ,牝,3,石神深一,54.0,16,06,15,15,0,6,15,106,"1460",0,0,0,16,16,40.1,438,中川公成,美,0,15105842,01059,01081,0518150306,堀口晴男,田中裕之,ローエングリン,ルナーコロナ,ネオユニヴァース,黒鹿,150212,  204.5,  ,    ,48.6
18,02,11,1,東京,5,03,新馬,15,ダ,1,1600,良,スピットバンク    ,牡,3,江田照男,56.0,16,07,5,5,0,2,8,102,"1420",0,0,0,9,9,38.6,510,久保田貴,美,60,15104701,00689,01067,0518150307,吉田勝己,坂東牧場,ゴールドアリュール,ヴィクトリーバンク,ドクターデヴィアス,栗毛,150309,   29.6,  ,    ,48.5
18,02,11,1,東京,5,03,新馬,15,ダ,1,1600,良,シンカンゴッホ    ,牡,3,津村明秀,56.0,16,08,8,8,0,2.7,5,102.7,"1427",0,0,0,1,1,40.6,476,鈴木伸尋,美,0,15103846,01092,01026,0518150308,山口正行,山田牧場,マツリダゴッホ,エリカオンヒル,"Century City",鹿毛,150523,    8.1,  ,    ,41.8
18,02,11,1,東京,5,03,新馬,15,ダ,1,1600,良,マイネルドゥーナ  ,牡,3,宮崎北斗,56.0,16,09,9,9,0,2.8,11,102.8,"1428",0,0,0,9,9,39.4,510,高橋義博,美,0,15100750,01118,01036,0518150309,サラブレッドクラブ,ビッグレッドファー,タイムパラドックス,マイネフェリックス,アグネスデジタル,栗毛,150512,   68.1,  ,    ,46.5
18,02,11,1,東京,5,03,新馬,15,ダ,1,1600,良,ゴールドクロス    ,牡,3,野中悠太,53.0,16,10,3,3,0,1.6,7,101.6,"1416",0,0,0,4,4,38.8,498,小西一男,美,150,15100942,01158,00405,0518150310,河内孝夫,山岡ファーム,エスポワールシチー,コンドルウイング,エルコンドルパサー,鹿毛,150516,   21.1,  ,    ,47.1
18,02,11,1,東京,5,03,新馬,15,ダ,1,1600,良,シンシアリティー  ,牡,3,嘉藤貴行,56.0,16,11,14,14,0,5.4,13,105.4,"1454",0,0,0,13,13,40.8,520,竹内正洋,美,0,15103777,01051,01152,0518150311,ヒダカ・ブリーダー,ヒダカフアーム,バトルプラン,シンプリシティー,ラムタラ,鹿毛,150522,  136.4,  ,    ,45.0
18,02,11,1,東京,5,03,新馬,15,ダ,1,1600,良,トーセンハルカ    ,牝,3,岩部純二,54.0,16,12,11,11,0,4.2,10,104.2,"1442",0,0,0,9,9,40.7,488,萱野浩二,美,0,15105128,00726,01024,0518150312,島川隆哉,中本牧場,ロジユニヴァース,シルクフレアー,Danzig,鹿毛,150315,   64.9,  ,    ,43.6
18,02,11,1,東京,5,03,新馬,15,ダ,1,1600,良,コーズウェイベイ  ,牝,3,田辺裕信,54.0,16,13,2,2,0,1.2,1,101.2,"1412",0,0,0,2,2,39,484,岩戸孝樹,美,240,15101605,01075,01051,0518150313,ゴドルフィン,ダーレー・ジャパン,ハードスパン,コージーベイ,"Storm Cat",黒鹿,150405,    3.3,  ,    ,45.7
18,02,11,1,東京,5,03,新馬,15,ダ,1,1600,良,サンダルース      ,牝,3,西村太一,54.0,16,14,4,4,0,1.9,14,101.9,"1419",0,0,0,6,6,38.8,460,清水英克,美,90,15100074,01131,01080,0518150314,加藤ステーブル,石田牧場,ヒルノダムール,イシノビリーヴミー,ジェイドロバリー,鹿毛,150529,  139.4,  ,    ,47.6
18,02,11,1,東京,5,03,新馬,15,ダ,1,1600,良,ドミネーター      ,牡,3,木幡初広,56.0,16,15,6,6,0,2,9,102,"1420",0,0,0,8,6,38.9,480,牧光二,美,0,15102523,00629,01106,0518150315,ケンレーシング組合,沼田照秋,プリサイスエンド,カネトシフィオーレ,ネオユニヴァース,黒鹿,150330,   48.3,  ,    ,47.3
18,02,11,1,東京,5,03,新馬,15,ダ,1,1600,良,ラインアスコット  ,牡,3,武藤雅,53.0,16,16,7,7,0,2.3,6,102.3,"1423",0,0,0,12,12,38.7,514,水野貴広,美,0,15100206,01169,01094,0518150316,大澤繁昌,小泉牧場,ヘニーヒューズ,ラインジェシカ,マーベラスサンデー,栗毛,150220,   10.4,  ,    ,48.6
18,02,11,1,東京,5,04,未勝利,7,芝,0,1600,良,ラヴァクール      ,牝,3,北村宏司,54.0,15,01,4,4,0,0.9,1,96.7,"1367",0,0,0,5,5,34.9,502,畠山吉宏,美,75,15104224,01043,01048,0518150401,村野康司,社台ファーム,ダイワメジャー,アンプレショニスト,エアジハード,栗毛,150318,    2.8,  ,    ,56.2
18,02,11,1,東京,5,04,未勝利,7,芝,0,1600,良,ヴォルパンテール  ,牝,3,江田照男,54.0,15,02,11,11,0,1.7,11,97.5,"1375",0,0,0,11,12,35.3,456,高木登,美,0,15110041,00689,01088,0518150402,ノルマンディーサラ,"Kenneth L. Ramsey","Kitten's Joy","Harlan's Panther","Harlan's Holiday",黒鹿,150425,  123.8,  ,    ,55.7
18,02,11,1,東京,5,04,未勝利,7,芝,0,1600,良,トレジャード      ,牡,3,横山和生,56.0,15,03,5,5,0,0.9,6,96.7,"1367",0,0,0,8,10,34.7,484,勢司和浩,美,50,15103144,01140,01047,0518150403,ターフ・スポート,谷川牧場,タイキシャトル,コウヨウルビー,バブルガムフェロー,栗毛,150216,   32.3,  ,    ,57.2
18,02,11,1,東京,5,04,未勝利,7,芝,0,1600,良,ライトページェント,牝,3,野中悠太,51.0,15,04,9,9,0,1.7,12,97.5,"1375",0,0,0,14,15,34.8,472,大江原哲,美,0,15104359,01158,01012,0518150404,社台レースホース,社台ファーム,ヴィクトワールピサ,ジェットスパークル,シンボリクリスエス,青鹿,150208,  147.5,  ,    ,58.1
18,02,11,1,東京,5,04,未勝利,7,芝,0,1600,良,ピースフルメモリー,牝,3,黛弘人,54.0,15,05,15,15,0,3.4,10,99.2,"1392",0,0,0,5,5,37.5,430,戸田博文,美,0,15102144,01109,01054,0518150405,北嶋義三,北島牧場,ロードカナロア,テンシノキセキ,フジキセキ,鹿毛,150224,  117.9,  ,    ,48.7
18,02,11,1,東京,5,04,未勝利,7,芝,0,1600,良,パワースピネル    ,牝,3,岩部純二,54.0,15,06,10,10,0,1.7,14,97.5,"1375",0,0,0,13,13,35.1,422,石毛善彦,美,0,15106249,00726,00428,0518150406,田頭勇貴,増本牧場,ナカヤマフェスタ,パワーオブフェイス,オジジアン,鹿毛,150402,  378.0,  ,    ,56.7
18,02,11,1,東京,5,04,未勝利,7,芝,0,1600,良,パイオニアバイオ  ,牝,3,石橋脩,54.0,15,07,2,2,0,0.2,2,96,"1360",0,0,0,10,5,34.3,428,牧光二,美,200,15104664,01077,01106,0518150407,バイオ,ノーザンファーム,ルーラーシップ,アニメイトバイオ,ゼンノロブロイ,鹿毛,150303,    3.1,  ,    ,57.9
18,02,11,1,東京,5,04,未勝利,7,芝,0,1600,良,オレンジヒロイン  ,牝,3,武藤雅,51.0,15,08,8,8,0,1.7,9,97.5,"1375",0,0,0,5,5,35.8,440,和田正一,美,0,15104587,01169,01114,0518150408,伊藤正徳,社台ファーム,スクリーンヒーロー,ライプオレンジ,ヘクタープロテクター,栗毛,150519,   79.3,  ,    ,53.4
18,02,11,1,東京,5,04,未勝利,7,芝,0,1600,良,ククルカン        ,牡,3,池添謙一,56.0,15,09,6,6,0,1.3,5,97.1,"1371",0,0,0,3,3,35.5,470,国枝栄,美,0,15101861,01032,00399,0518150409,金子真人ホールディ,日高大洋牧場,ディープインパクト,クイーンカアフマヌ,"King's Best",鹿毛,150405,   21.6,  ,    ,54.1
18,02,11,1,東京,5,04,未勝利,7,芝,0,1600,良,レガロデルソル    ,牝,3,柴田善臣,54.0,15,10,3,3,0,0.8,4,96.6,"1366",0,0,0,11,10,34.5,494,矢野英一,美,130,15105239,00641,01108,0518150410,日進牧場,日進牧場,キンシャサノキセキ,フィールマイハート,マリエンバード,鹿毛,150323,    5.2,  ,    ,58.0
18,02,11,1,東京,5,04,未勝利,7,芝,0,1600,良,サンマルパール    ,牝,3,小島太一,54.0,15,11,14,14,0,3.1,15,98.9,"1389",0,0,0,14,13,36.5,388,小島太,美,0,15103739,01097,01013,0518150411,相馬勇,中村雅明,シンボリクリスエス,ヒシパール,ディープインパクト,黒鹿,150218,  501.0,  ,    ,52.6
18,02,11,1,東京,5,04,未勝利,7,芝,0,1600,良,エムティティアラ  ,牝,3,的場勇人,54.0,15,12,13,13,0,1.8,13,97.6,"1376",0,0,0,1,1,36.4,372,的場均,美,0,15103299,01108,01063,0518150412,門別牧場,信岡牧場,オルフェーヴル,プラウドビューティー,Danehill,鹿毛,150503,  365.6,  ,    ,50.9
18,02,11,1,東京,5,04,未勝利,7,芝,0,1600,良,マイネルセッカ    ,牡,3,柴田大知,56.0,15,13,12,12,0,1.8,8,97.6,"1376",0,0,0,8,5,35.8,442,大和田成,美,0,15100712,01009,01124,0518150413,サラブレッドクラブ,ビッグレッドファー,マツリダゴッホ,バンブーユキヒメ,Gulch,鹿毛,150407,   45.7,  ,    ,53.6
18,02,11,1,東京,5,04,未勝利,7,芝,0,1600,良,タケショウエリック,牡,3,大野拓弥,56.0,15,14,7,7,0,1.6,7,97.4,"1374",0,0,0,4,3,35.9,426,相沢郁,美,0,15102986,01096,01020,0518150414,ナイト商事,杵臼牧場,ネオユニヴァース,クリールダイナー,ロックオブジブラルタル,青鹿,150404,   38.1,  ,    ,52.8
18,02,11,1,東京,5,04,未勝利,7,芝,0,1600,良,ゴージャスランチ  ,牝,3,横山典弘,54.0,15,15,1,1,0,-0.2,3,95.8,"1358",0,0,0,2,2,34.4,478,鹿戸雄一,美,500,15104352,00660,01097,0518150415,吉田千津,社台ファーム,マンハッタンカフェ,シーキングマイラブ,"Seeking the Gold",黒鹿,150129,    4.5,  ,    ,57.1
18,02,11,1,東京,5,05,500万下*,23,芝,0,1400,良,クレバーバード    ,牡,3,ミナリク,56.0,16,01,8,8,0,0.5,3,83,"1230",0,0,0,3,3,35.8,472,清水久詞,栗,0,15104174,05517,01110,0518150501,サンデーレーシング,社台コーポレーショ,シンボリクリスエス,クラックシード,キングカメハメハ,青毛,150411,   10.4,  ,    ,48.9
18,02,11,1,東京,5,05,500万下*,23,芝,0,1400,良,トラストテッペン  ,牝,3,三浦皇成,54.0,16,02,4,4,0,0.2,11,82.7,"1227",0,0,0,7,7,35.2,452,高木登,美,110,15100842,01122,01088,0518150502,菅波雅巳,村上欽哉,トランセンド,カウントオンミー,バブルガムフェロー,鹿毛,150417,   41.3,  ,    ,51.2
18,02,11,1,東京,5,05,500万下*,23,芝,0,1400,良,カイザーメランジェ,牡,3,柴山雄一,56.0,16,03,7,7,0,0.4,16,82.9,"1229",0,0,0,14,13,35.1,462,中野栄治,美,0,15105850,05243,01010,0518150503,ライフエンタープラ,谷岡スタット,サクラオリオン,サクラジュレップ,サクラプレジデント,鹿毛,150429,  398.4,  ,    ,52.1
18,02,11,1,東京,5,05,500万下*,23,芝,0,1400,良,イサチルルンルン  ,牝,3,浜中俊,54.0,16,04,1,1,0,-0.1,13,82.5,"1225",0,0,0,11,13,34.7,442,竹内正洋,美,720,15103042,01115,01152,0518150504,小坂功,小葉松幸雄,パイロ,テンセイフジ,ハウスバスター,鹿毛,150402,   69.2,  ,    ,53.3
18,02,11,1,東京,5,05,500万下*,23,芝,0,1400,良,ココロノイコロ    ,牡,3,北村宏司,56.0,16,05,6,6,0,0.3,12,82.8,"1228",0,0,0,1,1,35.8,446,高橋祥泰,美,0,15105858,01043,00359,0518150505,海谷幸司,谷岡牧場,シニスターミニスター,コペノイコロ,マンハッタンカフェ,黒鹿,150315,   49.5,  ,    ,48.5
18,02,11,1,東京,5,05,500万下*,23,芝,0,1400,良,アシャカデッシュ  ,牡,3,津村明秀,56.0,16,06,10,10,0,0.6,4,83.1,"1231",0,0,0,3,5,35.8,496,鈴木伸尋,美,0,15104004,01092,01026,0518150506,吉冨学,登別上水牧場,アーネストリー,ユメノトキメキ,マーベラスサンデー,鹿毛,150504,   12.8,  ,    ,49.1
18,02,11,1,東京,5,05,500万下*,23,芝,0,1400,良,ベルウッドキング  ,牡,3,黛弘人,56.0,16,07,5,5,0,0.3,14,82.8,"1228",0,0,0,7,9,35.1,440,和田雄二,美,72,15102002,01109,01143,0518150507,鈴木照雄,増尾牧場,バゴ,アズマガール,キングカメハメハ,鹿毛,150211,  102.1,  ,    ,51.9
18,02,11,1,東京,5,05,500万下*,23,芝,0,1400,良,リンガラポップス  ,牡,3,吉原寛人,56.0,16,08,12,12,0,0.8,5,83.3,"1233",0,0,0,3,3,36.1,482,西園正都,栗,0,15104756,05299,01028,0518150508,吉田勝己,ノーザンファーム,キンシャサノキセキ,クラシックローズ,コマンダーインチーフ,青鹿,150503,   15.3,  ,    ,48.1
18,02,11,1,東京,5,05,500万下*,23,芝,0,1400,良,エールショー      ,牡,3,武豊,56.0,16,09,9,9,0,0.6,6,83.1,"1231",0,0,0,14,13,35.2,468,鈴木孝志,栗,0,15100613,00666,01111,0518150509,ノースヒルズ,ノースヒルズ,クロフネ,シェルエメール,ジャングルポケット,芦毛,150320,   15.7,  ,    ,52.1
18,02,11,1,東京,5,05,500万下*,23,芝,0,1400,良,セイウンリリシイ  ,牝,3,武藤雅,51.0,16,10,3,3,0,0.1,2,82.6,"1226",0,0,0,2,2,35.5,464,水野貴広,美,180,15104320,01169,01094,0518150510,西山茂行,社台ファーム,ダイワメジャー,コーンドリー,"Indian Charlie",鹿毛,150425,    5.9,  ,    ,49.5
18,02,11,1,東京,5,05,500万下*,23,芝,0,1400,良,ギャンブラー      ,牡,3,田辺裕信,56.0,16,11,14,14,0,0.9,10,83.4,"1234",0,0,0,6,5,36.1,520,斎藤誠,美,0,15104198,01075,01086,0518150511,大野富生,社台ファーム,ハービンジャー,アイアムマリリン,マンハッタンカフェ,黒鹿,150324,   41.1,  ,    ,48.3
18,02,11,1,東京,5,05,500万下*,23,芝,0,1400,良,サンドスピーダー  ,牡,3,蛯名正義,56.0,16,12,13,13,0,0.8,7,83.3,"1233",0,0,0,11,9,35.7,452,二ノ宮敬,美,0,15103214,00663,00409,0518150512,辻牧場,辻牧場,キンシャサノキセキ,スプリングドリュー,ミシル,鹿毛,150423,   17.6,  ,    ,50.0
18,02,11,1,東京,5,05,500万下*,23,芝,0,1400,良,ビレッジキング    ,牡,3,田中勝春,56.0,16,13,15,15,0,1.9,15,84.4,"1244",0,0,0,11,9,36.8,464,土田稔,美,0,15102629,00684,00417,0518150513,村山輝雄,三石川上牧場,キングヘイロー,スパイシーソース,"Storm Cat",黒鹿,150208,  235.0,  ,    ,47.0
18,02,11,1,東京,5,05,500万下*,23,芝,0,1400,良,ピースユニヴァース,牡,3,内田博幸,56.0,16,14,2,2,0,0.1,1,82.6,"1226",0,0,0,7,7,35.2,472,尾形和幸,美,290,15100023,00422,01141,0518150514,久米田正平,秋田牧場,ロジユニヴァース,ロジディオン,サニングデール,鹿毛,150314,    1.8,  ,    ,51.0
18,02,11,1,東京,5,05,500万下*,23,芝,0,1400,良,プレトリア        ,牡,3,吉田隼人,56.0,16,15,11,11,0,0.8,8,83.3,"1233",0,0,0,16,16,35.2,448,中川公成,美,0,15103675,01095,01081,0518150515,多田賢司,大北牧場,ヨハネスブルグ,ダイワエタニティー,ジャングルポケット,鹿毛,150503,   18.1,  ,    ,52.5
18,02,11,1,東京,5,05,500万下*,23,芝,0,1400,良,ロードラナキラ    ,牡,3,大野拓弥,56.0,16,16,16,16,0,3,9,85.5,"1255",0,0,0,7,9,37.9,456,高野友和,栗,0,15102371,01096,01117,0518150516,ロードホースクラブ,ケイアイファーム,ロードカナロア,エンジェリックレイ,ダイワメジャー,鹿毛,150314,   25.6,  ,    ,44.2
18,02,11,1,東京,5,06,500万下,23,ダ,1,2100,良,レーヌミラクル    ,牝,5,藤田菜七,52.0,16,01,15,15,0,2.2,14,136.7,"2167",0,4,4,11,11,38.6,488,久保田貴,美,0,13100654,01164,01067,0518150601,酒井喜生,千葉飯田牧場,エンパイアメーカー,シゲルハチマンタイ,シンボリクリスエス,鹿毛,130409,  106.9,  ,    ,51.7
18,02,11,1,東京,5,06,500万下,23,ダ,1,2100,良,アオスタ          ,セ,4,武藤雅,53.0,16,02,10,10,0,1.7,3,136.2,"2162",0,1,1,2,4,39,506,古賀慎明,美,0,14101235,01169,01079,0518150602,吉田和美,仲野牧場,カネヒキリ,アンチークショップ,"Fusaichi Pegasus",栗毛,140214,    7.1,  ,    ,49.7
18,02,11,1,東京,5,06,500万下,23,ダ,1,2100,良,グランドバローズ  ,セ,5,ムーア,57.0,16,03,7,7,0,1.4,1,135.9,"2159",0,7,7,7,6,38.4,472,堀宣行,美,0,13105545,05366,01070,0518150603,猪熊広次,社台ファーム,ワークフォース,チューニー,サンデーサイレンス,鹿毛,130306,    2.0,  ,    ,51.6
18,02,11,1,東京,5,06,500万下,23,ダ,1,2100,良,ドラゴンイモン    ,牡,5,戸崎圭太,57.0,16,04,8,8,0,1.4,6,135.9,"2159",0,9,11,14,13,37.5,488,小西一男,美,0,13100258,05386,00405,0518150604,井門敏雄,坂牧場,ダンスインザダーク,エンディアメント,フレンチデピュティ,黒鹿,130503,   23.7,  ,    ,55.0
18,02,11,1,東京,5,06,500万下,23,ダ,1,2100,良,エンパイアカラー  ,セ,4,村田一誠,56.0,16,05,1,1,0,-0.2,5,134.5,"2145",0,2,2,3,2,37.7,506,藤原辰雄,美,750,14100647,01031,00435,0518150605,吉澤ホールディング,ヒカル牧場,エンパイアメーカー,グリーンヒルマック,ダンシングブレーヴ,黒鹿,140422,   22.8,  ,    ,52.7
18,02,11,1,東京,5,06,500万下,23,ダ,1,2100,良,トミケンチャダル  ,牝,6,勝浦正樹,55.0,16,06,9,9,0,1.6,15,136.1,"2161",0,9,9,13,13,37.7,510,和田正道,美,0,12103399,01025,00353,0518150606,冨樫賢二,服部牧場,シニスターミニスター,ニシノシンデレラ,"Forty Niner",鹿毛,120408,  195.4,  ,    ,54.4
18,02,11,1,東京,5,06,500万下,23,ダ,1,2100,良,サトノギャラクシー,牡,6,内田博幸,57.0,16,07,11,11,0,2.1,11,136.6,"2166",0,12,14,14,13,38.2,542,古賀慎明,美,0,12104230,00422,01079,0518150607,サトミホースカンパ,社台ファーム,シンボリクリスエス,シェリルピンク,サクラバクシンオー,青鹿,120416,   56.8,  ,    ,53.0
18,02,11,1,東京,5,06,500万下,23,ダ,1,2100,良,スターフラッシュ  ,牡,4,吉田隼人,56.0,16,08,2,2,0,0.2,2,134.7,"2147",0,12,12,16,13,36.4,470,武井亮,美,300,14102106,01095,01147,0518150608,中西功,高山牧場,スクリーンヒーロー,ファーマペニー,ジャングルポケット,栗毛,140526,    3.6,  ,    ,58.0
18,02,11,1,東京,5,06,500万下,23,ダ,1,2100,良,ジャコバイティズム,牡,6,田辺裕信,57.0,16,09,4,4,0,0.3,4,134.8,"2148",0,15,15,1,1,38.1,486,田村康仁,美,110,12100309,01075,01027,0518150609,野本巧,須崎牧場,ハーツクライ,クインオブオールディー,"Kris S.",青鹿,120416,   12.4,  ,    ,51.5
18,02,11,1,東京,5,06,500万下,23,ダ,1,2100,良,ブラックドーン    ,牡,4,柴山雄一,56.0,16,10,13,13,0,2.1,13,136.6,"2166",0,4,4,7,6,39.1,520,黒岩陽一,美,0,14106112,05243,01133,0518150610,吉田勝己,ノーザンファーム,クロフネ,ブリガドーン,サンデーサイレンス,鹿毛,140521,   81.9,  ,    ,49.7
18,02,11,1,東京,5,06,500万下,23,ダ,1,2100,良,フォースリッチ    ,牡,5,田中勝春,57.0,16,11,6,6,0,1.1,10,135.6,"2156",0,9,9,3,2,38.8,474,加藤征弘,美,0,13105795,00684,01059,0518150611,宇田豊,ノーザンファーム,ワークフォース,ヴァイスハイト,アドマイヤベガ,黒鹿,130413,   34.7,  ,    ,49.8
18,02,11,1,東京,5,06,500万下,23,ダ,1,2100,良,デルマキミコイシ  ,牡,4,横山武史,53.0,16,12,12,12,0,2.1,12,136.6,"2166",0,7,7,9,11,38.4,502,堀井雅広,美,0,14102433,01170,00436,0518150612,浅沼廣幸,ファニーヒルファー,スウィフトカレント,デルマポッペア,クロフネ,芦毛,140515,   62.2,  ,    ,52.3
18,02,11,1,東京,5,06,500万下,23,ダ,1,2100,良,バリンジャー      ,牡,4,北村宏司,56.0,16,13,5,5,0,0.7,8,135.2,"2152",0,12,12,9,4,38,450,奥村武,美,75,14102390,01043,01145,0518150613,金子真人ホールディ,日高大洋牧場,ステイゴールド,バイユーストーム,"Storm Cat",栗毛,140413,   32.3,  ,    ,52.3
18,02,11,1,東京,5,06,500万下,23,ダ,1,2100,良,シナジー          ,牝,4,津村明秀,54.0,16,14,16,16,0,3,16,137.5,"2175",0,4,6,3,9,39.6,444,相沢郁,美,0,14105054,01092,01020,0518150614,フジワラ・ファーム,フジワラフアーム,スズカマンボ,プルミエールマルク,アサティス,青鹿,140308,  372.4,  ,    ,48.9
18,02,11,1,東京,5,06,500万下,23,ダ,1,2100,良,ワイルドゲーム    ,牡,5,吉原寛人,57.0,16,15,3,3,0,0.3,9,134.8,"2148",0,15,15,11,6,37.3,496,石栗龍彦,美,190,13102553,05299,01043,0518150615,小林英一ホールディ,水丸牧場,ハイアーゲーム,コフィーチャン,シンボリクリスエス,鹿毛,130317,   34.4,  ,    ,54.6
18,02,11,1,東京,5,06,500万下,23,ダ,1,2100,良,フレンドミラクル  ,牡,5,野中悠太,54.0,16,16,14,14,0,2.1,7,136.6,"2166",0,2,3,6,9,38.6,476,南田美知,美,0,13102986,01158,00437,0518150616,横尾晴人,猿橋義昭,バゴ,タツキセキ,フジキセキ,栗毛,130503,   32.3,  ,    ,51.6
18,02,11,1,東京,5,07,500万下,23,芝,0,1800,良,エイブルボス      ,牡,6,丸田恭介,57.0,16,01,6,6,0,0.7,10,107.8,"1478",0,0,11,12,11,34.8,486,二ノ宮敬,美,0,12102624,01117,00409,0518150701,中澤隆,山際牧場,キングヘイロー,エイブルアロー,サクラバクシンオー,黒鹿,120318,   54.4,  ,    ,54.9
18,02,11,1,東京,5,07,500万下,23,芝,0,1800,良,キャナルストリート,牝,4,池添謙一,54.0,16,02,8,8,0,0.9,2,108,"1480",0,0,4,4,5,35.6,462,大竹正博,美,0,14101974,01032,01102,0518150702,村野康司,下河辺牧場,マンハッタンカフェ,フィラストリート,Cozzene,黒鹿,140305,    4.3,  ,    ,51.7
18,02,11,1,東京,5,07,500万下,23,芝,0,1800,良,アイノカケハシ    ,牝,6,津村明秀,55.0,16,03,3,3,0,0.7,13,107.8,"1478",0,0,9,10,8,35,444,勢司和浩,美,190,12104336,01092,01047,0518150703,國分純,社台ファーム,タニノギムレット,パラダイスバード,エルコンドルパサー,鹿毛,120413,  125.7,  ,    ,54.0
18,02,11,1,東京,5,07,500万下,23,芝,0,1800,良,スーパーブレイク  ,牡,4,吉田隼人,56.0,16,04,5,5,0,0.7,12,107.8,"1478",0,0,6,7,7,35.1,464,戸田博文,美,75,14101029,01095,01054,0518150704,堂守貴志,片山牧場,ブレイクランアウト,ウェディングフジコ,フジキセキ,黒鹿,140413,   78.1,  ,    ,53.6
18,02,11,1,東京,5,07,500万下,23,芝,0,1800,良,モレッキ          ,牡,4,田辺裕信,56.0,16,05,9,9,0,0.9,3,108,"1480",0,0,1,2,2,35.8,488,斎藤誠,美,0,14105860,01075,01086,0518150705,サンデーレーシング,ノーザンファーム,ステイゴールド,オールザウェイベイビー,"Grand Slam",黒鹿,140213,    4.4,  ,    ,50.8
18,02,11,1,東京,5,07,500万下,23,芝,0,1800,良,ジュンヴァリアス  ,牡,4,大野拓弥,56.0,16,06,1,1,0,-0.3,7,107.1,"1471",0,0,10,9,10,34.2,470,畠山吉宏,美,750,14100926,01096,01048,0518150706,河合純二,芳住鉄兵,デュランダル,ゴッドビラブドミー,ブライアンズタイム,鹿毛,140407,   17.8,  ,    ,56.6
18,02,11,1,東京,5,07,500万下,23,芝,0,1800,良,タックボーイ      ,牡,4,柴田大知,56.0,16,07,14,14,0,1.4,11,108.5,"1485",0,0,2,3,2,36.3,444,高橋祥泰,美,0,14100702,01009,00359,0518150707,Mr.ホース,ビッグレッドファー,マツリダゴッホ,ゴールドリーフ,ダイナガリバー,鹿毛,140318,   57.7,  ,    ,49.4
18,02,11,1,東京,5,07,500万下,23,芝,0,1800,良,メドゥシアナ      ,牝,4,藤田菜七,51.0,16,08,16,16,0,2.3,14,109.4,"1494",0,0,11,13,14,36.1,472,根本康広,美,0,14105252,01164,01029,0518150708,熊谷貴之,追分ファーム,コンデュイット,インディストラーダ,マンハッタンカフェ,栗毛,140327,  182.5,  ,    ,51.5
18,02,11,1,東京,5,07,500万下,23,芝,0,1800,良,ジャガンツ        ,牡,5,横山武史,54.0,16,09,11,11,0,1,9,108.1,"1481",0,0,2,1,1,36.1,534,久保田貴,美,0,13106150,01170,01067,0518150709,サンデーレーシング,ノーザンファーム,シンボリクリスエス,リビアーモ,アドマイヤベガ,鹿毛,130331,   44.5,  ,    ,49.7
18,02,11,1,東京,5,07,500万下,23,芝,0,1800,良,プレシャスメイト  ,牝,6,武藤雅,52.0,16,10,4,4,0,0.7,5,107.8,"1478",0,0,15,14,12,34.6,462,奥村武,美,110,12103180,01169,01145,0518150710,飯田正剛,千代田牧場,ステイゴールド,トウカイパートナー,ブライアンズタイム,鹿毛,120507,   16.2,  ,    ,55.8
18,02,11,1,東京,5,07,500万下,23,芝,0,1800,良,プレイヤーサムソン,牡,5,蛯名正義,57.0,16,11,2,2,0,0.3,4,107.4,"1474",0,0,6,6,5,34.9,476,大和田成,美,300,13104025,00663,01124,0518150711,嶋田賢,岡田牧場,メイショウサムソン,クインズプレイヤー,トウカイテイオー,鹿毛,130207,    6.1,  ,    ,53.9
18,02,11,1,東京,5,07,500万下,23,芝,0,1800,良,サバンナロード    ,セ,5,ミナリク,57.0,16,12,10,10,0,1,8,108.1,"1481",0,0,11,11,12,35,530,武井亮,美,0,13110124,05517,01147,0518150712,吉田和美,"Michael Sucher","Street Boss",Trisha,"Forest Camp",鹿毛,130411,   32.3,  ,    ,54.4
18,02,11,1,東京,5,07,500万下,23,芝,0,1800,良,クワトロガッツ    ,牡,7,柴山雄一,57.0,16,13,13,13,0,1.3,6,108.4,"1484",0,0,4,4,2,36.1,456,伊藤大士,美,0,11103485,05243,01109,0518150713,ザ・チャンピオンズ,チャンピオンズファ,マンハッタンカフェ,ピースオブラヴ,マイネルラヴ,黒鹿,110120,   16.6,  ,    ,50.1
18,02,11,1,東京,5,07,500万下,23,芝,0,1800,良,クラウンテイラー  ,セ,6,杉原誠人,57.0,16,14,12,12,0,1.1,16,108.2,"1482",0,0,14,14,15,34.6,446,田島俊明,美,0,12106080,01135,01112,0518150714,クラウン,藤春修二,アドマイヤオーラ,ポピーリース,フサイチコンコルド,鹿毛,120512,  429.2,  ,    ,56.4
18,02,11,1,東京,5,07,500万下,23,芝,0,1800,良,リュウシンローズ  ,牝,4,吉原寛人,54.0,16,15,15,15,0,2.2,15,109.3,"1493",0,0,15,16,16,35.5,458,堀井雅広,美,0,14102363,05299,00436,0518150715,浜本牧場,浜本牧場,シンボリクリスエス,ユキノレッシャ,フジキセキ,黒鹿,140410,  225.5,  ,    ,53.9
18,02,11,1,東京,5,07,500万下,23,芝,0,1800,良,サトノマックス    ,牡,4,ムーア,56.0,16,16,7,7,0,0.8,1,107.9,"1479",0,0,6,7,8,35.1,500,堀宣行,美,0,14106196,05366,01070,0518150716,里見治紀,ノーザンファーム,ディープインパクト,ラシャルマンテ,"Indygo Shiner",鹿毛,140201,    2.9,  ,    ,53.7
18,02,11,1,東京,5,08,1000万下,43,ダ,1,2100,良,キングカヌヌ      ,牡,6,戸崎圭太,57.0,16,01,10,10,0,2.2,12,134.6,"2146",0,12,12,13,15,37.7,512,石坂正,栗,0,12104676,05386,01022,0518150801,サンデーレーシング,ノーザンファーム,キングカメハメハ,スターダムバウンド,Tapit,芦毛,120501,   36.2,  ,    ,52.8
18,02,11,1,東京,5,08,1000万下,43,ダ,1,2100,良,サラセニア        ,牡,5,野中悠太,54.0,16,02,4,4,0,1.3,3,133.7,"2137",0,11,11,10,10,37.2,482,小西一男,美,160,13104274,01158,00405,0518150802,平本敏夫,静内フジカワ牧場,ワイルドワンダー,オービーレディー,コマンダーインチーフ,芦毛,130310,    7.6,  ,    ,53.8
18,02,11,1,東京,5,08,1000万下,43,ダ,1,2100,良,ラテールプロミーズ,牡,5,三浦皇成,57.0,16,03,1,1,0,0,1,132.4,"2124",0,2,2,2,2,36.9,512,田村康仁,美,1050,13101292,01122,01027,0518150803,ディアレストクラブ,イワミ牧場,マンハッタンカフェ,リーフィーウッド,ホワイトマズル,青鹿,130420,    2.3,  ,    ,53.5
18,02,11,1,東京,5,08,1000万下,43,ダ,1,2100,良,テイエムコンドル  ,牡,7,吉原寛人,57.0,16,04,5,5,0,1.4,6,133.8,"2138",0,9,8,16,15,36.8,474,石栗龍彦,美,105,11100643,05299,01043,0518150804,竹園正繼,テイエム牧場日高支,テイエムオペラオー,テイエムヨカオゴ,ヘネシー,鹿毛,110329,   15.6,  ,    ,55.4
18,02,11,1,東京,5,08,1000万下,43,ダ,1,2100,良,ラボーナ          ,牡,4,ムーア,56.0,16,05,11,11,0,2.3,2,134.7,"2147",0,4,4,7,6,38.6,550,藤沢和雄,美,0,14106058,05366,00386,0518150805,サンデーレーシング,ノーザンファーム,ルーラーシップ,ハッピーパス,サンデーサイレンス,鹿毛,140329,    5.6,  ,    ,49.6
18,02,11,1,東京,5,08,1000万下,43,ダ,1,2100,良,タケルラムセス    ,牡,6,浜中俊,57.0,16,06,16,16,0,4.8,10,137.2,"2172",0,1,1,2,4,41.4,492,田村康仁,美,0,12106012,01115,01027,0518150806,森保彦,中村雅明,キングカメハメハ,ヒシピナクル,Theatrical,鹿毛,120513,   34.3,  ,    ,42.6
18,02,11,1,東京,5,08,1000万下,43,ダ,1,2100,良,ノースランドボーイ,セ,6,北村宏司,57.0,16,07,8,8,0,1.9,16,134.3,"2143",0,9,8,7,8,38,508,萱野浩二,美,0,12105420,01043,01024,0518150807,河村祥史,冨岡博一,プリサイスエンド,ノッティングギャル,ダンスインザダーク,青毛,120411,  255.9,  ,    ,51.4
18,02,11,1,東京,5,08,1000万下,43,ダ,1,2100,良,キングリオ        ,牡,6,大野拓弥,57.0,16,08,13,13,0,3.2,7,135.6,"2156",0,3,2,5,5,39.6,512,久保田貴,美,0,12104539,01096,01067,0518150808,窪田康志,ノーザンファーム,キングカメハメハ,ウィキッドリーパーフェクト,Congrats,鹿毛,120426,   17.9,  ,    ,47.0
18,02,11,1,東京,5,08,1000万下,43,ダ,1,2100,良,コリエドール      ,牡,4,ミナリク,56.0,16,09,7,7,0,1.8,4,134.2,"2142",0,4,6,7,8,38,520,堀宣行,美,0,14105366,05517,01070,0518150809,サンデーレーシング,社台コーポレーショ,クロフネ,レクレドール,サンデーサイレンス,栗毛,140129,   11.6,  ,    ,51.3
18,02,11,1,東京,5,08,1000万下,43,ダ,1,2100,良,モンストルコント  ,牡,5,横山典弘,57.0,16,10,6,6,0,1.7,9,134.1,"2141",0,7,6,13,12,37.4,494,本田優,栗,0,13105732,00660,01099,0518150810,社台レースホース,社台ファーム,ヴィクトワールピサ,レディイン,Kendor,黒鹿,130523,   21.2,  ,    ,53.4
18,02,11,1,東京,5,08,1000万下,43,ダ,1,2100,良,レインオーバー    ,セ,7,江田照男,57.0,16,11,12,12,0,3.1,15,135.5,"2155",0,14,14,10,12,38.7,456,田中剛,美,0,11104308,00689,01119,0518150811,グリーンファーム,社台ファーム,キングカメハメハ,ダンスパートナー,サンデーサイレンス,青鹿,110307,  115.9,  ,    ,50.1
18,02,11,1,東京,5,08,1000万下,43,ダ,1,2100,良,サノサマー        ,牡,4,勝浦正樹,56.0,16,12,3,3,0,0.1,5,132.5,"2125",0,14,14,2,2,37,468,中舘英二,美,260,14103477,01025,01153,0518150812,佐野信幸,日の出牧場,サマーバード,パピュラ,ブライアンズタイム,栗毛,140419,   13.7,  ,    ,53.2
18,02,11,1,東京,5,08,1000万下,43,ダ,1,2100,良,リョウランヒーロー,牡,4,横山和生,56.0,16,13,9,9,0,2,14,134.4,"2144",0,7,8,10,10,37.9,486,小野次郎,美,0,14101436,01140,01125,0518150813,佐藤啓子,米田牧場,カネヒキリ,ヴィジョンサクラ,ウイニングチケット,黒鹿,140328,   68.7,  ,    ,51.8
18,02,11,1,東京,5,08,1000万下,43,ダ,1,2100,良,マイネルビクトリー,牡,5,柴田大知,57.0,16,14,2,2,0,0,8,132.4,"2124",0,13,13,1,1,37,502,畠山吉宏,美,420,13104884,01009,01048,0518150814,サラブレッドクラブ,見上牧場,ブライアンズタイム,メジャービクトリー,ヘクタープロテクター,鹿毛,130429,   20.5,  ,    ,53.1
18,02,11,1,東京,5,08,1000万下,43,ダ,1,2100,良,ケイツートール    ,牡,5,武藤雅,54.0,16,15,15,15,0,4.7,13,137.1,"2171",0,6,4,6,6,41,502,蛯名利弘,美,0,13101647,01169,01131,0518150815,楠本勝美,飛渡牧場,ディープスカイ,アジアンリゾート,Capote,青鹿,130512,   39.1,  ,    ,43.8
18,02,11,1,東京,5,08,1000万下,43,ダ,1,2100,良,ワイルドダンサー  ,牡,6,田辺裕信,57.0,16,16,14,14,0,3.9,11,136.3,"2163",0,16,16,13,12,39.6,484,久保田貴,美,0,12102981,01075,01067,0518150816,草間庸文,静内フジカワ牧場,ワイルドワンダー,スイートフラッグ,Kingmambo,鹿毛,120501,   34.6,  ,    ,47.7
18,02,11,1,東京,5,09,初音Ｓ1600,67,芝,0,1800,良,ポールヴァンドル  ,牝,4,内田博幸,54.0,16,01,10,10,0,0.6,7,107.9,"1479",0,0,7,4,4,34.4,544,上原博之,美,0,14106243,00422,00423,0518150901,シルクレーシング,ノーザンファーム,ダイワメジャー,レディドーヴィル,Fasliyev,芦毛,140322,   11.8,  ,    ,56.8
18,02,11,1,東京,5,09,初音Ｓ1600,67,芝,0,1800,良,アンドリエッテ    ,牝,6,ムーア,55.0,16,02,6,6,0,0.3,4,107.6,"1476",0,0,12,11,11,33.7,462,牧田和弥,栗,0,12101989,05366,01123,0518150902,永田和彦,森永牧場,ディープインパクト,アナバシュドチャーム,"Silver Deputy",鹿毛,120514,    7.0,  ,    ,59.6
18,02,11,1,東京,5,09,初音Ｓ1600,67,芝,0,1800,良,ヤマカツグレース  ,牝,4,津村明秀,54.0,16,03,9,9,0,0.5,10,107.8,"1478",0,0,2,3,2,34.5,450,池添兼雄,栗,0,14104351,01092,01021,0518150903,山田博康,岡田牧場,ハービンジャー,ヤマカツマリリン,グラスワンダー,栗毛,140307,   26.7,  ,    ,56.2
18,02,11,1,東京,5,09,初音Ｓ1600,67,芝,0,1800,良,ロイヤルストリート,牝,6,吉田隼人,55.0,16,04,12,12,0,0.8,14,108.1,"1481",0,0,4,5,5,34.5,440,藤原英昭,栗,0,12101374,01095,01055,0518150904,下河邉行雄,下河辺牧場,ディープインパクト,フィラストリート,Cozzene,鹿毛,120511,   46.2,  ,    ,56.7
18,02,11,1,東京,5,09,初音Ｓ1600,67,芝,0,1800,良,サンティール      ,牝,4,三浦皇成,54.0,16,05,2,2,0,0,5,107.3,"1473",0,0,7,8,9,33.5,474,鹿戸雄一,美,730,14105929,01122,01097,0518150905,吉田勝己,ノーザンファーム,ハービンジャー,サンヴィクトワール,サンデーサイレンス,鹿毛,140329,    9.4,  ,    ,60.1
18,02,11,1,東京,5,09,初音Ｓ1600,67,芝,0,1800,良,ヴァフラーム      ,牝,6,田辺裕信,55.0,16,06,8,8,0,0.4,12,107.7,"1477",0,0,16,16,16,33.2,484,吉村圭司,栗,0,12104781,01075,01130,0518150906,市川義美ホールディ,ノーザンファーム,ハービンジャー,ファーストチェア,ジャングルポケット,鹿毛,120213,   36.7,  ,    ,62.2
18,02,11,1,東京,5,09,初音Ｓ1600,67,芝,0,1800,良,インヘリットデール,牝,4,石橋脩,54.0,16,07,3,3,0,0.1,3,107.4,"1474",0,0,4,5,5,33.8,454,高野友和,栗,460,14106099,01077,01117,0518150907,シルクレーシング,ノーザンファーム,ルーラーシップ,フサイチエアデール,サンデーサイレンス,鹿毛,140325,    6.7,  ,    ,58.9
18,02,11,1,東京,5,09,初音Ｓ1600,67,芝,0,1800,良,ミリッサ          ,牝,4,横山典弘,54.0,16,08,1,1,0,0,1,107.3,"1473",0,0,10,7,7,33.6,420,石坂正,栗,1820,14105951,00660,01022,0518150908,キャロットファーム,ノーザンファーム,ダイワメジャー,シンハリーズ,Singspiel,栗毛,140413,    4.1,  ,    ,59.7
18,02,11,1,東京,5,09,初音Ｓ1600,67,芝,0,1800,良,ディープジュエリー,牝,6,柴山雄一,55.0,16,09,7,7,0,0.4,8,107.7,"1477",0,0,2,2,2,34.5,504,国枝栄,美,0,12104666,05243,00399,0518150909,吉田勝己,ノーザンファーム,ディープインパクト,ジュエルオブザナイト,"Giant's Causeway",鹿毛,120516,   13.4,  ,    ,56.1
18,02,11,1,東京,5,09,初音Ｓ1600,67,芝,0,1800,良,カレンリスベット  ,牝,7,蛯名正義,55.0,16,10,15,15,0,1.2,13,108.5,"1485",0,0,7,8,9,34.7,502,国枝栄,美,0,11104256,00663,00399,0518150910,鈴木隆司,社台ファーム,マンハッタンカフェ,シルヴァーカップ,Almutawakel,黒鹿,110308,   42.7,  ,    ,56.3
18,02,11,1,東京,5,09,初音Ｓ1600,67,芝,0,1800,良,デルマサリーチャン,牝,7,武士沢友,55.0,16,11,11,11,0,0.6,16,107.9,"1479",0,0,12,12,14,33.8,480,堀井雅広,美,0,11100822,01029,00436,0518150911,浅沼廣幸,ファニーヒルファー,ホワイトマズル,ローザロッサ,ダンスインザダーク,鹿毛,110323,  343.0,  ,    ,59.6
18,02,11,1,東京,5,09,初音Ｓ1600,67,芝,0,1800,良,ヒストリア        ,牝,4,武豊,54.0,16,12,13,13,0,0.9,6,108.2,"1482",0,0,10,12,11,34.3,454,栗田徹,美,0,14105810,00666,01127,0518150912,山口功一郎,ノーザンファーム,ハーツクライ,アルヴィス,"Mr. Greeley",鹿毛,140206,    9.8,  ,    ,57.7
18,02,11,1,東京,5,09,初音Ｓ1600,67,芝,0,1800,良,ペイドメルヴェイユ,牝,4,池添謙一,54.0,16,13,16,16,0,1.5,9,108.8,"1488",0,0,6,8,7,35.1,478,藤沢和雄,美,0,14105713,01032,00386,0518150913,吉田照哉,社台ファーム,ローエングリン,ミスティックリバー,サンデーサイレンス,栗毛,140416,   23.1,  ,    ,55.0
18,02,11,1,東京,5,09,初音Ｓ1600,67,芝,0,1800,良,サロニカ          ,牝,4,戸崎圭太,54.0,16,14,5,5,0,0.3,11,107.6,"1476",0,0,15,15,15,33.4,446,角居勝彦,栗,182,14105928,05386,01053,0518150914,吉田勝己,ノーザンファーム,ディープインパクト,サロミナ,Lomitas,黒鹿,140303,   33.8,  ,    ,61.1
18,02,11,1,東京,5,09,初音Ｓ1600,67,芝,0,1800,良,ウインファビラス  ,牝,5,松岡正海,55.0,16,15,4,4,0,0.2,15,107.5,"1475",0,0,1,1,1,34.4,480,畠山吉宏,美,270,13101453,01085,01048,0518150915,ウイン,コスモヴューファー,ステイゴールド,サマーエタニティ,アドマイヤコジーン,芦毛,130503,  109.0,  ,    ,56.2
18,02,11,1,東京,5,09,初音Ｓ1600,67,芝,0,1800,良,ハナレイムーン    ,牝,4,ミナリク,54.0,16,16,14,14,0,1.2,2,108.5,"1485",0,0,12,12,11,34.5,424,堀宣行,美,0,14105608,05517,01070,0518150916,金子真人ホールディ,社台ファーム,ディープインパクト,ハウオリ,キングカメハメハ,鹿毛,140209,    6.3,  ,    ,57.2
18,02,11,1,東京,5,10,バレンタ,131,ダ,1,1400,良,シュテルングランツ,牡,7,三浦皇成,56.0,16,01,12,12,0,1.2,14,84.7,"1247",0,0,0,10,9,37,494,武藤善則,美,0,11104326,01122,01064,0518151001,酒井孝敏,社台ファーム,ステイゴールド,トゥースペシャル,"Two Punch",黒鹿,110219,  176.4,  ,    ,46.7
18,02,11,1,東京,5,10,バレンタ,131,ダ,1,1400,良,トミケンユークアイ,セ,9,江田照男,56.0,16,02,16,16,0,4,13,87.5,"1275",0,0,0,1,1,40.4,502,和田正道,美,0,09101266,00689,00353,0518151002,冨樫賢二,バンブー牧場,メイショウボーラー,アマゾナイト,アフリート,黒鹿,090309,  135.1,  ,    ,37.4
18,02,11,1,東京,5,10,バレンタ,131,ダ,1,1400,良,サングラス        ,牡,7,池添謙一,56.0,16,03,13,13,0,1.2,12,84.7,"1247",0,0,0,13,13,36.5,506,谷潔,栗,0,11105914,01032,00431,0518151003,玉置潔,冨岡博一,スタチューオブリバティ,ノッティングギャル,ダンスインザダーク,青鹿,110426,   75.7,  ,    ,49.0
18,02,11,1,東京,5,10,バレンタ,131,ダ,1,1400,良,ルグランフリソン  ,牡,5,戸崎圭太,56.0,16,04,2,2,0,0.1,4,83.6,"1236",0,0,0,5,4,36.2,486,中竹和也,栗,880,13110046,05386,01039,0518151004,前田幸治,"Green Lantern Stab","Smart Strike","Leaning Tower",Theatrical,鹿毛,130321,    7.2,  ,    ,48.2
18,02,11,1,東京,5,10,バレンタ,131,ダ,1,1400,良,レッドゲルニカ    ,牡,5,北村宏司,56.0,16,05,1,1,0,-0.1,5,83.5,"1235",0,0,0,2,2,36.3,564,藤沢和雄,美,2200,13105808,01043,00386,0518151005,東京ホースレーシン,ノーザンファーム,カジノドライヴ,エポカブラヴァ,"Point Given",鹿毛,130324,    9.7,  ,    ,47.5
18,02,11,1,東京,5,10,バレンタ,131,ダ,1,1400,良,ベストマッチョ    ,セ,5,内田博幸,57.0,16,06,4,4,0,0.3,1,83.8,"1238",0,0,0,2,2,36.6,492,手塚貴久,美,330,13110083,00422,01038,0518151006,馬場幸夫,"Fredericka V. Cald","Macho Uno",Encore,"Storm Cat",黒鹿,130210,    2.9,  ,    ,46.7
18,02,11,1,東京,5,10,バレンタ,131,ダ,1,1400,良,スピーディクール  ,牡,4,横山典弘,56.0,16,07,8,8,0,0.8,2,84.3,"1243",0,0,0,11,10,36.4,498,石栗龍彦,美,0,14102022,00660,01043,0518151007,ライオンレースホー,"Shall Farm",サウスヴィグラス,ローズアライヴァル,フジキセキ,栗毛,140414,    5.5,  ,    ,48.7
18,02,11,1,東京,5,10,バレンタ,131,ダ,1,1400,良,サトノファンタシー,牡,5,津村明秀,56.0,16,08,3,3,0,0.3,9,83.8,"1238",0,0,0,8,7,36.2,478,松田国英,栗,550,13100358,01092,01011,0518151008,サトミホースカンパ,下河辺牧場,クロフネ,ディナーブレイク,"Tale of the Cat",鹿毛,130504,   25.4,  ,    ,48.6
18,02,11,1,東京,5,10,バレンタ,131,ダ,1,1400,良,ブラゾンドゥリス  ,牡,6,吉原寛人,58.0,16,09,7,7,0,0.7,6,84.2,"1242",0,0,0,5,7,36.6,520,尾形和幸,美,0,12106103,05299,01141,0518151009,ノルマンディーサラ,村下清志,ノボジャック,ブライアンズソノ,マヤノトップガン,鹿毛,120602,   11.9,  ,    ,47.5
18,02,11,1,東京,5,10,バレンタ,131,ダ,1,1400,良,キョウエイアシュラ,牡,11,野中悠太,58.0,16,10,14,14,0,1.4,15,84.9,"1249",0,0,0,13,13,36.7,462,森田直行,栗,0,07100828,01158,01142,0518151010,田中晴夫,藤沢牧場,スウェプトオーヴァーボード,サンシャワーキッス,アンバーシヤダイ,鹿毛,070124,  301.1,  ,    ,48.5
18,02,11,1,東京,5,10,バレンタ,131,ダ,1,1400,良,サノイチ          ,牡,7,武藤雅,56.0,16,11,11,11,0,1.1,11,84.6,"1246",0,0,0,13,13,36.3,480,尾形和幸,美,0,11100864,01169,01141,0518151011,佐野信幸,豊洋牧場,サウスヴィグラス,エトレーヌ,ブライアンズタイム,鹿毛,110513,   42.6,  ,    ,49.8
18,02,11,1,東京,5,10,バレンタ,131,ダ,1,1400,良,ラインシュナイダー,牡,6,武豊,57.0,16,12,5,5,0,0.3,3,83.8,"1238",0,0,0,5,4,36.4,480,沖芳夫,栗,220,12103379,00666,00378,0518151012,大澤繁昌,畠山牧場,ヴァーミリアン,トウジュ,テンビー,鹿毛,120323,    6.8,  ,    ,47.7
18,02,11,1,東京,5,10,バレンタ,131,ダ,1,1400,良,イースターパレード,セ,9,柴田大知,56.0,16,13,15,15,0,2.3,16,85.8,"1258",0,0,0,13,13,37.6,506,平田修,栗,0,09106572,01009,01082,0518151013,G1レーシング,追分ファーム,ゴールドアリュール,インディパレード,"A.P. Indy",栗毛,090127,  322.4,  ,    ,46.1
18,02,11,1,東京,5,10,バレンタ,131,ダ,1,1400,良,ラストダンサー    ,牡,7,田辺裕信,57.0,16,14,6,6,0,0.4,8,83.9,"1239",0,0,0,11,10,36,452,久保田貴,美,0,11102050,01075,01067,0518151014,草間庸文,静内フジカワ牧場,キングカメハメハ,ワルツダンサー,サンデーサイレンス,青鹿,110505,   18.9,  ,    ,49.8
18,02,11,1,東京,5,10,バレンタ,131,ダ,1,1400,良,ヒデノインペリアル,牡,6,川須栄彦,56.0,16,15,9,9,0,0.9,7,84.4,"1244",0,0,0,4,4,37.1,512,梅田智之,栗,0,12102092,01128,01084,0518151015,大石秀夫,清水牧場,バトルプラン,ジャックヒマワリ,ヘネシー,栗毛,120325,   12.3,  ,    ,45.6
18,02,11,1,東京,5,10,バレンタ,131,ダ,1,1400,良,コロマンデル      ,牡,6,石橋脩,56.0,16,16,10,10,0,0.9,10,84.4,"1244",0,0,0,9,10,36.5,458,安田隆行,栗,0,12104853,01077,00438,0518151016,吉田勝己,ノーザンファーム,キングカメハメハ,マハーバリプラム,フジキセキ,黒鹿,120528,   37.2,  ,    ,48.4
18,02,11,1,東京,5,11,共同通信G3,163,芝,0,1800,良,サトノソルタス    ,牡,3,ムーア,56.0,12,01,2,2,0,0.1,3,107.5,"1475",0,0,6,7,7,33.3,488,堀宣行,美,1500,15104639,05366,01070,0518151101,サトミホースカンパ,ノーザンファーム,ディープインパクト,アイランドファッション,Petionville,芦毛,150128,    6.3,  ,    ,61.4
18,02,11,1,東京,5,11,共同通信G3,163,芝,0,1800,良,カフジバンガード  ,牡,3,内田博幸,56.0,12,02,5,5,0,0.3,7,107.7,"1477",0,0,8,7,9,33.4,470,松元茂樹,栗,380,15103053,00422,00419,0518151102,加藤守,酒井牧場,ハービンジャー,エミリア,サンデーサイレンス,鹿毛,150322,   20.6,  ,    ,61.2
18,02,11,1,東京,5,11,共同通信G3,163,芝,0,1800,良,アメリカンワールド,牡,3,浜中俊,56.0,12,03,9,9,0,1,5,108.4,"1484",0,0,6,5,5,34.4,480,藤岡健一,栗,0,15110027,01115,01062,0518151103,吉澤克己,"St. Elias Stables","Kitten's Joy",Limonar,"Street Cry",栗毛,150403,   12.6,  ,    ,57.6
18,02,11,1,東京,5,11,共同通信G3,163,芝,0,1800,良,エイムアンドエンド,牡,3,ミナリク,56.0,12,04,3,3,0,0.3,10,107.7,"1477",0,0,2,2,2,34.7,484,二ノ宮敬,美,950,15104161,05517,00409,0518151104,キャロットファーム,追分ファーム,エイシンフラッシュ,ロフティーエイム,サンデーサイレンス,鹿毛,150221,  132.9,  ,    ,55.2
18,02,11,1,東京,5,11,共同通信G3,163,芝,0,1800,良,コスモイグナーツ  ,牡,3,柴田大知,56.0,12,05,8,8,0,0.7,9,108.1,"1481",0,0,1,1,1,35.5,464,高橋祥泰,美,0,15103120,01009,00359,0518151105,ビッグレッドファー,高村牧場,エイシンフラッシュ,ナパ,スペシャルウィーク,青鹿,150224,  105.4,  ,    ,52.3
18,02,11,1,東京,5,11,共同通信G3,163,芝,0,1800,良,オウケンムーン    ,牡,3,北村宏司,56.0,12,06,1,1,0,-0.1,6,107.4,"1474",0,0,3,5,5,33.5,458,国枝栄,美,3800,15105033,01043,00399,0518151106,福井明,ノーザンファーム,オウケンブルースリ,ムーンフェイズ,エリシオ,鹿毛,150314,   13.6,  ,    ,60.3
18,02,11,1,東京,5,11,共同通信G3,163,芝,0,1800,良,ブラゾンダムール  ,牡,3,横山典弘,56.0,12,07,6,6,0,0.6,8,108,"1480",0,0,3,3,3,34.3,470,松永幹夫,栗,0,15104144,00660,01092,0518151107,G1レーシング,追分ファーム,ディープインパクト,メダリアダムール,"Medaglia d'Oro",黒鹿,150207,   54.4,  ,    ,57.4
18,02,11,1,東京,5,11,共同通信G3,163,芝,0,1800,良,トッカータ        ,牡,3,丸田恭介,56.0,12,08,11,11,0,1.3,12,108.7,"1487",0,0,5,3,4,34.9,468,和田雄二,美,0,15106179,01117,01143,0518151108,門野重雄,フジワラフアーム,ブラックタイド,ペルセクション,Invasor,黒鹿,150331,  562.3,  ,    ,55.7
18,02,11,1,東京,5,11,共同通信G3,163,芝,0,1800,良,ステイフーリッシュ,牡,3,中谷雄太,56.0,12,09,10,10,0,1.1,2,108.5,"1485",0,0,10,10,10,34.1,438,矢作芳人,栗,0,15104287,01038,01075,0518151109,社台レースホース,社台ファーム,ステイゴールド,カウアイレーン,キングカメハメハ,鹿毛,150222,    5.7,  ,    ,59.1
18,02,11,1,東京,5,11,共同通信G3,163,芝,0,1800,良,ゴーフォザサミット,牡,3,田辺裕信,56.0,12,10,4,4,0,0.3,4,107.7,"1477",0,0,12,11,10,33.2,500,藤沢和雄,美,570,15106299,01075,00386,0518151110,山本英俊,矢野牧場,ハーツクライ,ラグジャリー,"Storm Cat",黒鹿,150402,    7.1,  ,    ,62.2
18,02,11,1,東京,5,11,共同通信G3,163,芝,0,1800,良,リュウノユキナ    ,牡,3,吉原寛人,56.0,12,11,12,12,0,2.7,11,110.1,"1501",0,0,11,12,12,35,474,斉藤敏,地,0,15106125,05299,05648,0518151111,蓑島竜一,藤川フアーム,ヴァーミリアン,ネオカラー,クロフネ,芦毛,150516,  289.5,  ,    ,57.3
18,02,11,1,東京,5,11,共同通信G3,163,芝,0,1800,良,グレイル          ,牡,3,武豊,57.0,12,12,7,7,0,0.7,1,108.1,"1481",0,0,8,9,7,33.9,494,野中賢二,栗,0,15104976,00666,01098,0518151112,カナヤマホールディ,ノーザンファーム,ハーツクライ,プラチナチャリス,"Rock of Gibraltar",黒鹿,150307,    1.8,  ,    ,59.4
18,02,11,1,東京,5,12,1000万下,43,芝,0,1600,良,サバイバルポケット,牝,5,丸田恭介,55.0,14,01,11,11,0,1.2,7,95.3,"1353",0,0,0,1,1,35,486,和田雄二,美,0,13105680,01117,01143,0518151201,福田光博,社台コーポレーショ,ジャングルポケット,メイカ,ダンスインザダーク,鹿毛,130227,   13.9,  ,    ,53.4
18,02,11,1,東京,5,12,1000万下,43,芝,0,1600,良,エクラミレネール  ,牝,5,戸崎圭太,55.0,14,02,9,9,0,0.9,2,95,"1350",0,0,0,2,2,34.6,470,高橋裕,美,0,13103951,05386,00412,0518151202,岡田牧雄,岡田スタツド,マツリダゴッホ,シャトーサウザンド,プラウドデボネア,芦毛,130211,    5.7,  ,    ,54.7
18,02,11,1,東京,5,12,1000万下,43,芝,0,1600,良,ソルプレーサ      ,牡,6,吉原寛人,57.0,14,03,14,14,0,2.4,12,96.5,"1365",0,0,0,2,2,36.1,526,堀井雅広,美,0,12105747,05299,00436,0518151203,西森鶴,梅田牧場,エンパイアメーカー,アブラシオ,グラスワンダー,黒鹿,120428,   92.7,  ,    ,50.4
18,02,11,1,東京,5,12,1000万下,43,芝,0,1600,良,エメラルスター    ,牡,4,田辺裕信,57.0,14,04,5,5,0,0.6,3,94.7,"1347",0,0,0,10,10,33.3,458,相沢郁,美,105,14103189,01075,01020,0518151204,高橋勉,金成吉田牧場,タイキシャトル,セトウチソーラー,スペシャルウィーク,黒鹿,140412,    6.0,  ,    ,60.6
18,02,11,1,東京,5,12,1000万下,43,芝,0,1600,良,アオイシンゴ      ,牡,4,内田博幸,57.0,14,05,2,2,0,0,6,94.1,"1341",0,0,0,4,4,33.5,498,古賀慎明,美,420,14105531,00422,01079,0518151205,新谷幸義,社台ファーム,ダノンシャンティ,ジャストジョーイ,クロフネ,芦毛,140515,    8.2,  ,    ,58.5
18,02,11,1,東京,5,12,1000万下,43,芝,0,1600,良,レッドアフレイム  ,牡,6,武藤雅,54.0,14,06,6,6,0,0.7,14,94.8,"1348",0,0,0,4,4,34.1,440,久保田貴,美,0,12106129,01169,01067,0518151206,東京ホースレーシン,吉田ファーム,ディープインパクト,スカーレットドレス,ホワイトマズル,鹿毛,120313,  137.1,  ,    ,56.8
18,02,11,1,東京,5,12,1000万下,43,芝,0,1600,良,ランガディア      ,牡,4,ムーア,57.0,14,07,1,1,0,0,1,94.1,"1341",0,0,0,6,6,33.2,480,木村哲也,美,1050,14106166,05366,01126,0518151207,吉田勝己,ノーザンファーム,キングカメハメハ,マリーシャンタル,サンデーサイレンス,黒鹿,140127,    3.5,  ,    ,60.1
18,02,11,1,東京,5,12,1000万下,43,芝,0,1600,良,スカルバン        ,牡,4,吉田隼人,57.0,14,08,8,8,0,0.9,4,95,"1350",0,0,0,6,6,34.1,498,武井亮,美,0,14104144,01095,01147,0518151208,椎名節,パカパカファーム,タイキシャトル,オージーカンパニー,Catrail,鹿毛,140309,    6.5,  ,    ,57.2
18,02,11,1,東京,5,12,1000万下,43,芝,0,1600,良,メイショウヤマホコ,牡,8,横山典弘,57.0,14,09,7,7,0,0.9,10,95,"1350",0,0,0,8,8,33.9,472,藤沢則雄,栗,0,10100155,00660,01041,0518151209,松本好雄,天羽牧場,タニノギムレット,ナリタフローラ,サンデーサイレンス,黒鹿,100414,   45.1,  ,    ,58.1
18,02,11,1,東京,5,12,1000万下,43,芝,0,1600,良,オンタケハート    ,牡,7,田中勝春,57.0,14,10,12,12,0,1.4,13,95.5,"1355",0,0,0,13,14,33.4,490,伊藤大士,美,0,11103229,00684,01109,0518151210,宮原廣伸,猿橋義昭,サムライハート,プリティラパス,ラムタラ,鹿毛,110425,  130.5,  ,    ,61.6
18,02,11,1,東京,5,12,1000万下,43,芝,0,1600,良,トーホウアイレス  ,牝,4,三浦皇成,55.0,14,11,4,4,0,0.5,8,94.6,"1346",0,0,0,10,10,33.2,468,田中清隆,美,160,14102119,01122,00408,0518151211,東豊物産,竹島幸治,ハーツクライ,トーホウドルチェ,サウスヴィグラス,青鹿,140324,   19.2,  ,    ,61.0
18,02,11,1,東京,5,12,1000万下,43,芝,0,1600,良,コスモヨハネ      ,牡,6,柴田大知,57.0,14,12,3,3,0,0.4,5,94.5,"1345",0,0,0,9,8,33.3,494,高橋裕,美,260,12102070,01009,00412,0518151212,ビッグレッドファー,北島牧場,ヨハネスブルグ,エンプレスロッチ,カコイーシーズ,栗毛,120304,    8.1,  ,    ,60.3
18,02,11,1,東京,5,12,1000万下,43,芝,0,1600,良,ニシノジャーニー  ,牡,5,野中悠太,54.0,14,13,13,13,0,1.9,11,96,"1360",0,0,0,14,12,34.1,442,森秀行,栗,0,13103806,01158,00427,0518151213,西山茂行,ミリオンファーム,ドリームジャーニー,ピュアーフレーム,"Silver Deputy",青鹿,130415,   85.6,  ,    ,58.9
18,02,11,1,東京,5,12,1000万下,43,芝,0,1600,良,キラービューティ  ,牝,4,横山武史,52.0,14,14,10,10,0,0.9,9,95,"1350",0,0,0,12,12,33.2,456,高野友和,栗,0,14105886,01170,01117,0518151214,サンデーレーシング,ノーザンファーム,ゼンノロブロイ,キラーグレイシス,Congaree,栗毛,140303,   21.1,  ,    ,61.7
18,02,12,1,東京,6,01,未勝利,7,ダ,1,1400,良,ドラゴンホール    ,牡,3,三浦皇成,56.0,16,01,15,15,0,2.8,6,90,"1300",0,0,0,7,7,40.2,470,小笠倫弘,美,0,15105881,01122,01076,0518160101,前田幸治,田原橋本牧場,ストロングリターン,サンゴノウミヲ,フジキセキ,黒鹿,150321,   12.4,  ,    ,42.9
18,02,12,1,東京,6,01,未勝利,7,ダ,1,1400,良,グラスルーナ      ,牝,3,木幡初広,54.0,16,02,3,3,0,0.8,9,88,"1280",0,0,0,3,3,38.6,486,杉浦宏昭,美,130,15102459,00629,01008,0518160102,半沢,タツヤファーム,グラスワンダー,ムーンライトパワー,Miswaki,栗毛,150510,   48.7,  ,    ,46.0
18,02,12,1,東京,6,01,未勝利,7,ダ,1,1400,良,ザイオン          ,牡,3,田辺裕信,56.0,16,03,1,1,0,-0.1,3,87.2,"1272",0,0,0,12,12,37,464,相沢郁,美,500,15102713,01075,01020,0518160103,小泉修,米田牧場,パイロ,レッドジュピター,プリサイスエンド,鹿毛,150326,    4.3,  ,    ,51.8
18,02,12,1,東京,6,01,未勝利,7,ダ,1,1400,良,レアバード        ,牡,3,田中勝春,56.0,16,04,4,4,0,0.9,1,88.1,"1281",0,0,0,5,5,38.5,520,高市圭二,美,75,15102464,00684,01014,0518160104,田中春美,田中春美,サムライハート,ディアレイラ,シャンハイ,鹿毛,150520,    2.8,  ,    ,46.6
18,02,12,1,東京,6,01,未勝利,7,ダ,1,1400,良,グランエクシト    ,牡,3,内田博幸,56.0,16,05,10,10,0,1.8,8,89,"1290",0,0,0,15,15,38.3,484,高橋文雅,美,0,15102253,00422,01134,0518160105,迎徹,飯岡牧場,プリサイスエンド,プーカ,キングカメハメハ,黒鹿,150509,   40.6,  ,    ,49.3
18,02,12,1,東京,6,01,未勝利,7,ダ,1,1400,良,ディアバビアナ    ,牝,3,戸崎圭太,54.0,16,06,2,2,0,0.1,2,87.3,"1273",0,0,0,1,1,38.4,480,高橋裕,美,200,15103085,05386,00412,0518160106,ディアレストクラブ,松栄牧場,マツリダゴッホ,アイリスモレア,ショウナンカンプ,栗毛,150513,    4.1,  ,    ,45.5
18,02,12,1,東京,6,01,未勝利,7,ダ,1,1400,良,テイエムヘニーズ  ,牡,3,横山典弘,56.0,16,07,8,8,0,1.7,7,88.9,"1289",0,0,0,13,13,38.4,500,石栗龍彦,美,0,15100768,00660,01043,0518160107,竹園正繼,北星村田牧場,ヘニーヒューズ,エムヴォワール,ダンスインザダーク,鹿毛,150422,   24.6,  ,    ,48.6
18,02,12,1,東京,6,01,未勝利,7,ダ,1,1400,良,マオノキャッツアイ,牝,3,野中悠太,51.0,16,08,14,14,0,2.7,13,89.9,"1299",0,0,0,2,2,40.8,454,黒岩陽一,美,0,15104348,01158,01133,0518160108,湯浅健司,社台ファーム,タートルボウル,シルバーネックレス,サンデーサイレンス,栗毛,150215,  139.1,  ,    ,40.3
18,02,12,1,東京,6,01,未勝利,7,ダ,1,1400,良,ジャストアキッス  ,牝,3,武藤雅,51.0,16,09,13,13,0,2.7,14,89.9,"1299",0,0,0,10,10,39.8,482,武藤善則,美,0,15103674,01169,01064,0518160109,ターフ・スポート,大北牧場,エンパイアメーカー,スローアキッス,スペシャルウィーク,鹿毛,150504,  139.1,  ,    ,44.4
18,02,12,1,東京,6,01,未勝利,7,ダ,1,1400,良,ボンテン          ,牡,3,江田照男,56.0,16,10,9,9,0,1.7,15,88.9,"1289",0,0,0,13,13,38.5,450,大江原哲,美,0,15103514,00689,01012,0518160110,田頭勇貴,荻伏三好フアーム,アッミラーレ,ラブルビー,ティンバーカントリー,鹿毛,150417,  226.5,  ,    ,48.2
18,02,12,1,東京,6,01,未勝利,7,ダ,1,1400,良,デルマシェリー    ,牝,3,的場勇人,54.0,16,11,16,16,0,3.9,16,91.1,"1311",0,0,0,15,16,40.1,438,的場均,美,0,15101908,01108,01063,0518160111,浅沼廣幸,ファニーヒルファー,ストロングリターン,デルマユリア,ネオユニヴァース,栗毛,150508,  436.5,  ,    ,45.4
18,02,12,1,東京,6,01,未勝利,7,ダ,1,1400,良,ペティヤン        ,牝,3,杉原誠人,54.0,16,12,12,12,0,2.3,12,89.5,"1295",0,0,0,7,9,39.6,450,佐藤吉勝,美,0,15101006,01135,01035,0518160112,片山博志,旭牧場,ショウナンカンプ,ルリエール,ジャングルポケット,黒鹿,150317,   97.1,  ,    ,44.5
18,02,12,1,東京,6,01,未勝利,7,ダ,1,1400,良,アノマリー        ,牡,3,津村明秀,56.0,16,13,7,7,0,1.3,4,88.5,"1285",0,0,0,3,3,39.2,492,岩戸孝樹,美,0,15102630,01092,01051,0518160113,吉田勝利,三石川上牧場,ベーカバド,スマイルユー,スタチューオブリバティ,青鹿,150405,    9.1,  ,    ,44.3
18,02,12,1,東京,6,01,未勝利,7,ダ,1,1400,良,オレノマニラ      ,牡,3,柴田善臣,56.0,16,14,5,5,0,0.9,10,88.1,"1281",0,0,0,5,5,38.6,432,土田稔,美,50,15105136,00641,00417,0518160114,諸岡慶,北田剛,フリオーソ,フクウマ,クロフネ,栗毛,150411,   48.8,  ,    ,46.2
18,02,12,1,東京,6,01,未勝利,7,ダ,1,1400,良,ファシナンテ      ,牝,3,柴田大知,54.0,16,15,6,6,0,1,5,88.2,"1282",0,0,0,10,10,38.2,466,池上昌弘,美,0,15102563,01009,00390,0518160115,サラブレッドクラブ,広田牧場,ヘニーヒューズ,ビューティテイスト,ダンスインザダーク,栗毛,150404,   11.2,  ,    ,48.2
18,02,12,1,東京,6,01,未勝利,7,ダ,1,1400,良,オンベンデッドニー,牡,3,勝浦正樹,56.0,16,16,11,11,0,2.1,11,89.3,"1293",0,0,0,7,7,39.5,468,南田美知,美,0,15105206,01025,00437,0518160116,藤本幸雄,藤本直弘,スマートロビン,グレンチェック,スターリングローズ,黒鹿,150418,   68.8,  ,    ,44.6
18,02,12,1,東京,6,02,未勝利,7,ダ,1,2100,良,サクラトップタイム,牡,3,柴田善臣,56.0,16,01,7,7,0,3.6,16,138.1,"2181",0,13,14,15,15,40.1,486,二ノ宮敬,美,0,15105930,00641,00409,0518160201,トップフェロウ,千代田牧場,ブラックタイド,トウカイパートナー,ブライアンズタイム,鹿毛,150429,  257.9,  ,    ,47.8
18,02,12,1,東京,6,02,未勝利,7,ダ,1,2100,良,テトラルキア      ,牡,3,石橋脩,56.0,16,02,1,1,0,-1.3,12,134.5,"2145",0,5,4,5,6,38,484,大和田成,美,500,15104549,01077,01124,0518160202,吉田照哉,社台ファーム,ハーツクライ,マリアロワイヤル,Montjeu,鹿毛,150429,   69.8,  ,    ,51.6
18,02,12,1,東京,6,02,未勝利,7,ダ,1,2100,良,フジサンデルタ    ,牡,3,菱田裕二,56.0,16,03,11,11,0,4.1,13,138.6,"2186",0,14,13,13,12,41.3,494,武市康男,美,0,15106479,01144,01089,0518160203,藤田秀行,大道牧場,ダノンシャンティ,クイーンガバナンス,キングカメハメハ,黒鹿,150325,  100.3,  ,    ,44.2
18,02,12,1,東京,6,02,未勝利,7,ダ,1,2100,良,ワナビーハッカー  ,牡,3,伊藤工真,56.0,16,04,14,14,0,5.2,15,139.7,"2197",0,16,16,15,16,41.5,544,宗像義忠,美,0,15104896,01119,00420,0518160204,薗部博之,ノーザンファーム,ハーツクライ,デビルズコーナー,Songandaprayer,黒鹿,150201,  229.4,  ,    ,44.7
18,02,12,1,東京,6,02,未勝利,7,ダ,1,2100,良,アルマライル      ,牡,3,柴田大知,56.0,16,05,10,10,0,4.1,11,138.6,"2186",0,6,7,7,9,41.9,500,伊藤大士,美,0,15106049,01009,01109,0518160205,コウトミックレーシ,野坂牧場,ヴァーミリアン,ソーラーヴィジョン,タバスコキャット,青鹿,150403,   67.2,  ,    ,42.3
18,02,12,1,東京,6,02,未勝利,7,ダ,1,2100,良,サルーテ          ,牡,3,的場勇人,56.0,16,06,4,4,0,2.1,5,136.6,"2166",0,3,3,3,4,40.2,540,高木登,美,75,15104349,01108,01088,0518160206,小菅定雄,社台ファーム,オルフェーヴル,シンディ,"A.P. Indy",鹿毛,150221,    9.2,  ,    ,45.9
18,02,12,1,東京,6,02,未勝利,7,ダ,1,2100,良,サンシャイアン    ,牡,3,蛯名正義,56.0,16,07,12,12,0,4.5,6,139,"2190",0,4,4,3,3,42.7,470,杉浦宏昭,美,0,15105243,00663,01008,0518160207,加藤ステーブル,吉田又治,オウケンブルースリ,キタノフラワー,バブルガムフェロー,鹿毛,150420,   26.7,  ,    ,40.2
18,02,12,1,東京,6,02,未勝利,7,ダ,1,2100,良,サイモンルチアーノ,牡,3,大野拓弥,56.0,16,08,13,13,0,4.8,8,139.3,"2193",0,10,10,10,10,42.3,484,田中清隆,美,0,15109012,01096,00408,0518160208,澤田昭紀,今川満良,ロードアルティマ,ファイヤーフレンチ,フレンチデピュティ,栗毛,150320,   32.1,  ,    ,41.7
18,02,12,1,東京,6,02,未勝利,7,ダ,1,2100,良,トミケンゲヌーク  ,セ,3,江田照男,56.0,16,09,8,8,0,3.6,7,138.1,"2181",0,8,8,7,7,41.5,458,和田正道,美,0,15102261,00689,00353,0518160209,冨樫賢二,乾皆雄,アイルハヴアナザー,ルビウス,ジャングルポケット,青毛,150429,   27.6,  ,    ,43.1
18,02,12,1,東京,6,02,未勝利,7,ダ,1,2100,良,トラストアゲン    ,牡,3,野中悠太,53.0,16,10,15,15,0,5.5,9,140,"2200",0,8,9,10,10,42.9,512,加藤和宏,美,0,15103150,01158,01077,0518160210,浅川皓司,谷川牧場,フレンチデピュティ,テレフォニカ,"Distant View",栗毛,150402,   37.8,  ,    ,40.5
18,02,12,1,東京,6,02,未勝利,7,ダ,1,2100,良,セイカメテオライト,牡,3,津村明秀,56.0,16,11,6,6,0,3,10,137.5,"2175",0,6,6,5,4,41.1,452,相沢郁,美,0,15100289,01092,01020,0518160211,久米大,シンユウフアーム,メイショウサムソン,ジョリーン,トワイニング,鹿毛,150419,   45.5,  ,    ,43.8
18,02,12,1,東京,6,02,未勝利,7,ダ,1,2100,良,トーセンヴィータ  ,牡,3,内田博幸,56.0,16,12,3,3,0,2.1,2,136.6,"2166",0,1,1,1,1,40.5,528,古賀慎明,美,130,15101125,00422,01079,0518160212,島川隆哉,エスティファーム,トーセンホマレボシ,トーセンフリージア,シンボリクリスエス,青鹿,150402,    3.2,  ,    ,44.9
18,02,12,1,東京,6,02,未勝利,7,ダ,1,2100,良,シャイニーロケット,牡,3,田辺裕信,56.0,16,13,2,2,0,1.3,1,135.8,"2158",0,11,11,9,7,39.2,456,尾形充弘,美,200,15102242,01075,00349,0518160213,小林昌志,雅牧場,ブラックタイド,ブライティアガール,アフリート,鹿毛,150308,    2.7,  ,    ,48.6
18,02,12,1,東京,6,02,未勝利,7,ダ,1,2100,良,セントーサ        ,牡,3,北村宏司,56.0,16,14,9,9,0,3.7,4,138.2,"2182",0,14,14,13,12,40.9,470,池上昌和,美,0,15104847,01043,01150,0518160214,保坂和孝,ノーザンファーム,ハーツクライ,ストールンハート,Stuka,栗毛,150206,    8.2,  ,    ,45.2
18,02,12,1,東京,6,02,未勝利,7,ダ,1,2100,良,ヒラボクプレミアム,牡,3,吉田隼人,56.0,16,15,5,5,0,2.9,3,137.4,"2174",0,2,2,2,2,41.2,462,国枝栄,美,50,15101326,01095,00399,0518160215,平田牧場,下河辺牧場,ハーツクライ,アンリーチャブルスター,Halling,青毛,150405,    7.1,  ,    ,43.4
18,02,12,1,東京,6,02,未勝利,7,ダ,1,2100,良,ナイトレイド      ,牝,3,三浦皇成,54.0,16,16,16,16,0,5.9,14,140.4,"2204",0,11,11,12,12,43.1,514,小島茂之,美,0,15104522,01122,01068,0518160216,田原邦男,社台ファーム,ローエングリン,プレンティフェスタ,シンボリクリスエス,黒鹿,150414,  199.1,  ,    ,40.3
18,02,12,1,東京,6,03,未勝利,7,ダ,1,1600,良,ブショウ          ,牡,3,Ｍ．デム,56.0,16,01,14,14,0,3.6,2,103.5,"1435",0,0,0,7,7,41.7,486,尾関知人,美,0,15104858,05212,01103,0518160301,岩切企画,ノーザンファーム,ダイワメジャー,セルキス,Monsun,栗毛,150227,    5.3,  ,    ,38.9
18,02,12,1,東京,6,03,未勝利,7,ダ,1,1600,良,プロットデバイス  ,牡,3,内田博幸,56.0,16,02,5,5,0,0.9,10,100.8,"1408",0,0,0,6,3,39.2,576,伊藤大士,美,50,15104164,00422,01109,0518160302,社台レースホース,社台コーポレーショ,ノヴェリスト,アルスノヴァ,ダンスインザダーク,黒鹿,150118,   55.0,  ,    ,44.3
18,02,12,1,東京,6,03,未勝利,7,ダ,1,1600,良,モリトディライト  ,牡,3,武士沢友,56.0,16,03,8,8,0,2.1,8,102,"1420",0,0,0,12,9,40,516,水野貴広,美,0,15101231,01029,01094,0518160303,石橋忠之,木村牧場,ヘニーヒューズ,ラプリマステラ,アグネスタキオン,栗毛,150410,   34.5,  ,    ,43.0
18,02,12,1,東京,6,03,未勝利,7,ダ,1,1600,良,フロリアヌス      ,牡,3,戸崎圭太,56.0,16,04,1,1,0,0,1,99.9,"1399",0,0,0,2,2,38.6,456,武藤善則,美,500,15104555,05386,01064,0518160304,グリーンファーム,社台ファーム,ローエングリン,マルカフローリアン,サンデーサイレンス,鹿毛,150203,    2.5,  ,    ,45.3
18,02,12,1,東京,6,03,未勝利,7,ダ,1,1600,良,ゴルゴンゾーラ    ,牝,3,嘉藤貴行,54.0,16,05,16,16,0,4,16,103.9,"1439",0,0,0,11,12,41.7,422,星野忍,美,0,15100793,01051,01030,0518160305,内田玄祥,前川隆範,キングズベスト,リッジローズ,"Sadler's Wells",鹿毛,150507,  576.3,  ,    ,39.5
18,02,12,1,東京,6,03,未勝利,7,ダ,1,1600,良,マイネルセボン    ,牡,3,柴田大知,56.0,16,06,12,12,0,3.4,13,103.3,"1433",0,0,0,7,9,41.3,522,蛯名利弘,美,0,15100702,01009,01131,0518160306,サラブレッドクラブ,ビッグレッドファー,ダノンシャンティ,コスモミール,ヘクタープロテクター,黒鹿,150426,  117.5,  ,    ,40.1
18,02,12,1,東京,6,03,未勝利,7,ダ,1,1600,良,スガノゴールド    ,牡,3,菱田裕二,56.0,16,07,10,10,0,2.4,14,102.3,"1423",0,0,0,3,6,40.6,492,松山将樹,美,0,15102309,01144,01100,0518160307,菅原富美子,沖田博志,ゴールドアリュール,ポルベニル,"Green Desert",鹿毛,150227,  226.6,  ,    ,41.2
18,02,12,1,東京,6,03,未勝利,7,ダ,1,1600,良,アルジ            ,牡,3,田辺裕信,56.0,16,08,6,6,0,1.8,9,101.7,"1417",0,0,0,15,16,38.8,500,小島茂之,美,0,15104128,01075,01068,0518160308,増田和啓,社台コーポレーショ,ハーツクライ,フィーリングトーン,ワイルドラッシュ,鹿毛,150318,   43.8,  ,    ,47.3
18,02,12,1,東京,6,03,未勝利,7,ダ,1,1600,良,スリーマグナム    ,牡,3,江田照男,56.0,16,09,9,9,0,2.2,11,102.1,"1421",0,0,0,1,1,40.9,494,田中剛,美,0,15102435,00689,01119,0518160309,永井商事,城地牧場,ローズキングダム,マッキーマドンナ,メジロマックイーン,鹿毛,150303,   91.2,  ,    ,39.8
18,02,12,1,東京,6,03,未勝利,7,ダ,1,1600,良,ラブリランテ      ,牝,3,柴田善臣,54.0,16,10,11,11,0,2.8,3,102.7,"1427",0,0,0,10,9,40.6,466,竹内正洋,美,0,15102230,00641,01152,0518160310,ヒダカ・ブリーダー,船越伸也,ディープブリランテ,シャインプレジャー,アグネスデジタル,鹿毛,150412,    5.8,  ,    ,41.8
18,02,12,1,東京,6,03,未勝利,7,ダ,1,1600,良,ジュノーフォンテン,牝,3,松岡正海,54.0,16,11,7,7,0,1.9,6,101.8,"1418",0,0,0,3,3,40.3,498,高橋裕,美,0,15101055,01085,00412,0518160311,吉橋興生,新井弘幸,サムライハート,ルビーフォンテン,アフリート,鹿毛,150525,   19.0,  ,    ,41.6
18,02,12,1,東京,6,03,未勝利,7,ダ,1,1600,良,ラスティユース    ,牡,3,田中勝春,56.0,16,12,3,3,0,0.6,5,100.5,"1405",0,0,0,12,13,38,472,松永康利,美,130,15100098,00684,01093,0518160312,小林竜太郎,岩見牧場,エスポワールシチー,ボーンザスカイ,タイキシャトル,栗毛,150422,    7.2,  ,    ,48.7
18,02,12,1,東京,6,03,未勝利,7,ダ,1,1600,良,シセイタケル      ,牡,3,吉田隼人,56.0,16,13,2,2,0,0,4,99.9,"1399",0,0,0,3,3,38.4,464,高橋文雅,美,200,15102018,01095,01134,0518160313,猪苗代勇,メイプルファーム,ロージズインメイ,シセイヒミコ,ダンスインザダーク,栗毛,150421,    6.6,  ,    ,46.1
18,02,12,1,東京,6,03,未勝利,7,ダ,1,1600,良,ジェイエルノブレス,牝,3,武藤雅,51.0,16,14,4,4,0,0.7,7,100.6,"1406",0,0,0,15,13,38,454,小西一男,美,75,15101744,01169,00405,0518160314,橋元幸人,ナカノファーム,ヨハネスブルグ,ホウライサンデー,サンデーサイレンス,鹿毛,150528,   21.7,  ,    ,48.8
18,02,12,1,東京,6,03,未勝利,7,ダ,1,1600,良,ツキミザケ        ,牝,3,宮崎北斗,54.0,16,15,13,13,0,3.4,15,103.3,"1433",0,0,0,12,13,40.8,424,佐藤吉勝,美,0,15100159,01118,01035,0518160315,江川伸夫,川上牧場,エスポワールシチー,ツキノテンシ,ムーンバラッド,栗毛,150427,  247.3,  ,    ,41.9
18,02,12,1,東京,6,03,未勝利,7,ダ,1,1600,良,ビップエピス      ,牡,3,大野拓弥,56.0,16,16,15,15,0,3.6,12,103.5,"1435",0,0,0,7,7,41.7,468,田島俊明,美,0,15100955,01096,01112,0518160316,鈴木邦英,芳住鉄兵,ベーカバド,イノセントガール,タイキシャトル,黒鹿,150502,   92.8,  ,    ,38.9
18,02,12,1,東京,6,04,未勝利,7,芝,0,2400,良,マイティテソーロ  ,牡,3,大野拓弥,56.0,16,01,14,14,0,1.9,7,152.1,"2321",0,8,6,7,11,36.6,492,高木登,美,0,15104046,01096,01088,0518160401,了徳寺健二ホールデ,レイクヴィラファー,スズカマンボ,アルバローズ,エリシオ,鹿毛,150123,   18.7,  ,    ,55.2
18,02,12,1,東京,6,04,未勝利,7,芝,0,2400,良,ブラックデビル    ,牡,3,松田大作,56.0,16,02,7,7,0,0.8,2,151,"2310",0,3,3,4,6,35.8,484,栗田徹,美,0,15105451,01030,01127,0518160402,岡田壮史,岡田スタツド,マンハッタンカフェ,フサイチリニモ,ジャングルポケット,鹿毛,150312,    4.3,  ,    ,57.3
18,02,12,1,東京,6,04,未勝利,7,芝,0,2400,良,ワセダインブルー  ,牡,3,吉田隼人,56.0,16,03,2,2,0,0,6,150.2,"2302",0,11,12,12,14,34.5,438,金成貴史,美,200,15104408,01095,01132,0518160403,大冨智弘,社台ファーム,ハービンジャー,ダノンフローラ,アグネスタキオン,鹿毛,150414,   10.9,  ,    ,61.8
18,02,12,1,東京,6,04,未勝利,7,芝,0,2400,良,トランスパレント  ,牡,3,田辺裕信,56.0,16,04,5,5,0,0.6,9,150.8,"2308",0,1,1,2,2,35.8,492,上原博之,美,50,15104409,01075,00423,0518160404,社台レースホース,社台ファーム,シンボリクリスエス,ダノンベルベール,アグネスタキオン,鹿毛,150419,   53.5,  ,    ,57.1
18,02,12,1,東京,6,04,未勝利,7,芝,0,2400,良,ハイタイド        ,牡,3,福永祐一,56.0,16,05,13,13,0,1.9,11,152.1,"2321",0,2,2,2,2,37.1,468,栗田徹,美,0,15101520,01014,01127,0518160405,カナヤマホールディ,高柳隆男,ブラックタイド,ケイエスホノカ,アフリート,鹿毛,150411,   70.0,  ,    ,53.3
18,02,12,1,東京,6,04,未勝利,7,芝,0,2400,良,アルビオリクス    ,牡,3,ルメール,56.0,16,06,6,6,0,0.6,1,150.8,"2308",0,14,9,10,2,35.7,494,木村哲也,美,0,15104838,05339,01126,0518160406,サンデーレーシング,ノーザンファーム,ディープインパクト,スカイディーバ,"Sky Mesa",鹿毛,150130,    2.5,  ,    ,57.5
18,02,12,1,東京,6,04,未勝利,7,芝,0,2400,良,ツインクルテソーロ,牡,3,三浦皇成,56.0,16,07,10,10,0,1,14,151.2,"2312",0,13,15,14,15,35.3,468,奥平雅士,美,0,15104678,01122,01074,0518160407,了徳寺健二ホールデ,ノーザンファーム,トーセンホマレボシ,アンプレヴー,トワイニング,鹿毛,150218,  157.7,  ,    ,59.4
18,02,12,1,東京,6,04,未勝利,7,芝,0,2400,良,バトルガニアン    ,牡,3,柴田大知,56.0,16,08,11,11,0,1.3,12,151.5,"2315",0,5,6,7,6,36.2,450,牧光二,美,0,15104533,01009,01106,0518160408,宮川秋信,社台ファーム,ハーツクライ,ホットレッグス,Galileo,栗毛,150304,   97.2,  ,    ,56.2
18,02,12,1,東京,6,04,未勝利,7,芝,0,2400,良,ウインレーヴドール,牡,3,津村明秀,56.0,16,09,4,4,0,0.4,10,150.6,"2306",0,5,5,4,6,35.4,456,奥村武,美,75,15100243,01092,01145,0518160409,ウイン,コスモヴューファー,ステイゴールド,フラワーウィンド,タニノギムレット,黒鹿,150414,   67.1,  ,    ,58.5
18,02,12,1,東京,6,04,未勝利,7,芝,0,2400,良,ディーヴォ        ,牡,3,野中悠太,53.0,16,10,16,16,0,2.2,16,152.4,"2324",0,12,14,14,15,36.5,458,伊藤大士,美,0,15105184,01158,01109,0518160410,松屋隆士,チャンピオンズファ,ローエングリン,ベストマテリアル,アグネスタキオン,鹿毛,150506,  423.4,  ,    ,55.8
18,02,12,1,東京,6,04,未勝利,7,芝,0,2400,良,ポンデザール      ,牝,3,石橋脩,54.0,16,11,12,12,0,1.3,5,151.5,"2315",0,3,3,4,2,36.5,456,堀宣行,美,0,15104834,01077,01070,0518160411,サンデーレーシング,ノーザンファーム,ハーツクライ,ジョコンダ2,Rossini,黒鹿,150327,   10.1,  ,    ,55.0
18,02,12,1,東京,6,04,未勝利,7,芝,0,2400,良,トラストケンシン  ,牡,3,岩田康誠,56.0,16,12,1,1,0,0,4,150.2,"2302",0,9,9,10,11,34.7,458,高橋文雅,美,500,15100831,05203,01134,0518160412,菅波立知子,村上欽哉,ハーツクライ,アフェランドラ,エルコンドルパサー,鹿毛,150523,    9.6,  ,    ,61.0
18,02,12,1,東京,6,04,未勝利,7,芝,0,2400,良,デルマウオッカ    ,牡,3,ミナリク,56.0,16,13,9,9,0,0.8,8,151,"2310",0,14,16,14,11,35.5,502,堀井雅広,美,0,15104202,05517,00436,0518160413,浅沼廣幸,社台ファーム,ローエングリン,アクロスザライト,ネオユニヴァース,鹿毛,150503,   27.2,  ,    ,58.5
18,02,12,1,東京,6,04,未勝利,7,芝,0,2400,良,アイシャ          ,牝,3,北村宏司,54.0,16,14,15,15,0,2.1,13,152.3,"2323",0,5,6,7,6,37,450,田村康仁,美,0,15104827,01043,01027,0518160414,大島昌也,ノーザンファーム,ハーツクライ,シーズオールエルティッシュ,Eltish,栗毛,150129,  103.8,  ,    ,53.9
18,02,12,1,東京,6,04,未勝利,7,芝,0,2400,良,ドリームスピリット,牡,3,武藤雅,53.0,16,15,3,3,0,0.3,3,150.5,"2305",0,9,11,12,6,35.2,498,武藤善則,美,130,15102790,01169,01064,0518160415,落合幸弘,中村俊紀,ディープブリランテ,ティーアイディップ,ジェイドロバリー,鹿毛,150328,    6.1,  ,    ,59.2
18,02,12,1,東京,6,04,未勝利,7,芝,0,2400,良,ウインスペリウス  ,牡,3,松岡正海,56.0,16,16,8,8,0,0.8,15,151,"2310",0,14,12,1,1,36.1,434,手塚貴久,美,0,15100221,01085,01038,0518160416,ウイン,コスモヴューファー,ステイゴールド,コスモアクセス,ロージズインメイ,栗毛,150324,  219.8,  ,    ,56.1
18,02,12,1,東京,6,05,新馬,15,芝,0,1600,良,アマイロ          ,牝,3,福永祐一,54.0,15,01,5,5,0,0.9,4,97.9,"1379",0,0,0,4,4,36.4,434,戸田博文,美,60,15104172,01014,01054,0518160501,G1レーシング,社台コーポレーショ,オルフェーヴル,キストゥヘヴン,アドマイヤベガ,栗毛,150306,   10.8,  ,    ,51.4
18,02,12,1,東京,6,05,新馬,15,芝,0,1600,良,ホッコーエレノア  ,牝,3,田辺裕信,54.0,15,02,3,3,0,0.4,5,97.4,"1374",0,0,0,1,1,36.2,506,戸田博文,美,150,15101208,01075,01054,0518160502,北幸商事,川端正博,クロフネ,ホッコーマスタング,アグネスフライト,芦毛,150411,   12.9,  ,    ,51.4
18,02,12,1,東京,6,05,新馬,15,芝,0,1600,良,アイスキューブ    ,牡,3,ミナリク,56.0,15,03,8,8,0,1.4,7,98.4,"1384",0,0,0,7,8,36.7,436,尾関知人,美,0,15101324,05517,01103,0518160503,山本剛史,下河辺牧場,オルフェーヴル,アルレシャ,Marju,青鹿,150403,   24.4,  ,    ,50.9
18,02,12,1,東京,6,05,新馬,15,芝,0,1600,良,グロンディオーズ  ,牡,3,ムーア,56.0,15,04,1,1,0,-0.3,1,97,"1370",0,0,0,4,4,35.5,532,田村康仁,美,600,15104797,05366,01027,0518160504,サンデーレーシング,ノーザンファーム,ルーラーシップ,シェリール,サンデーサイレンス,黒鹿,150410,    1.5,  ,    ,53.9
18,02,12,1,東京,6,05,新馬,15,芝,0,1600,良,リュニヴェール    ,牝,3,菱田裕二,54.0,15,05,2,2,0,0.3,6,97.3,"1373",0,0,0,7,7,35.7,448,浅見秀一,栗,240,15102657,01144,00411,0518160505,杉山忠国,明治牧場,ハーツクライ,アンコンソールド,"Smart Strike",黒鹿,150605,   17.4,  ,    ,53.5
18,02,12,1,東京,6,05,新馬,15,芝,0,1600,良,フィエール        ,牝,3,武藤雅,51.0,15,06,7,7,0,1.2,10,98.2,"1382",0,0,0,14,14,35.5,460,石栗龍彦,美,0,15101418,01169,01043,0518160506,田畑利彦,"Shall Farm",ロードカナロア,ビバグリーン,フジキセキ,鹿毛,150215,   79.5,  ,    ,56.0
18,02,12,1,東京,6,05,新馬,15,芝,0,1600,良,サンドーバー      ,牝,3,岩部純二,54.0,15,07,14,14,0,2.8,15,99.8,"1398",0,0,0,15,15,36.6,452,萱野浩二,美,0,15103954,00726,01024,0518160507,加藤ステーブル,佐久間孝司,マツリダゴッホ,コスモディアレスト,マイネルラヴ,青鹿,150429,  305.1,  ,    ,53.6
18,02,12,1,東京,6,05,新馬,15,芝,0,1600,良,レジェンドソウル  ,牡,3,内田博幸,56.0,15,08,11,11,0,1.7,2,98.7,"1387",0,0,0,7,8,37,446,矢野英一,美,0,15105953,00422,01108,0518160508,落合幸弘,千代田牧場,ロードカナロア,ベストクルーズ,クロフネ,黒鹿,150513,    7.1,  ,    ,50.1
18,02,12,1,東京,6,05,新馬,15,芝,0,1600,良,アエラス          ,牡,3,岩田康誠,56.0,15,09,9,9,0,1.5,3,98.5,"1385",0,0,0,11,12,36.3,478,安田隆行,栗,0,15104341,05203,00438,0518160509,久保博文,社台ファーム,ロードカナロア,シャトヤンシー,マンハッタンカフェ,鹿毛,150131,    9.4,  ,    ,52.8
18,02,12,1,東京,6,05,新馬,15,芝,0,1600,良,セイウンネルソン  ,牡,3,野中悠太,53.0,15,10,6,6,0,1.1,13,98.1,"1381",0,0,0,10,8,36.4,454,池上昌和,美,0,15105524,01158,01150,0518160510,西山茂行,小倉光博,リーチザクラウン,トーハルミツル,ジェネラス,黒鹿,150510,  217.2,  ,    ,51.7
18,02,12,1,東京,6,05,新馬,15,芝,0,1600,良,マヤノハイヌーン  ,牡,3,柴田大知,56.0,15,11,13,13,0,2.7,12,99.7,"1397",0,0,0,4,4,38.2,464,牧光二,美,0,15102148,01009,01106,0518160511,田所英子,北島牧場,ネオユニヴァース,マヤノプリヤ,フサイチコンコルド,黒鹿,150206,  156.7,  ,    ,46.6
18,02,12,1,東京,6,05,新馬,15,芝,0,1600,良,バーキンブライアン,牝,3,柴田善臣,54.0,15,12,12,12,0,1.8,11,98.8,"1388",0,0,0,11,11,36.8,426,武市康男,美,0,15105263,00641,01089,0518160512,新井原博,川上悦夫,ダノンシャンティ,ラスリーズ,ブライアンズタイム,栗毛,150502,  101.8,  ,    ,51.1
18,02,12,1,東京,6,05,新馬,15,芝,0,1600,良,サリエット        ,牝,3,北村宏司,54.0,15,13,10,10,0,1.7,9,98.7,"1387",0,0,0,13,12,36.4,418,鹿戸雄一,美,0,15104236,01043,01097,0518160513,村木篤,社台ファーム,マンハッタンカフェ,ウェイクアップマギー,Xaar,黒鹿,150206,   68.3,  ,    ,52.7
18,02,12,1,東京,6,05,新馬,15,芝,0,1600,良,タイセイアピール  ,牝,3,大野拓弥,54.0,15,14,4,4,0,0.7,8,97.7,"1377",0,0,0,2,2,36.5,464,斎藤誠,美,90,15104309,01096,01086,0518160514,田中成奉,社台ファーム,ダイワメジャー,グリッターズ,Glitterman,黒鹿,150316,   37.0,  ,    ,50.6
18,02,12,1,東京,6,05,新馬,15,芝,0,1600,良,シゲルキュウリ    ,牡,3,横山和生,56.0,15,15,15,15,0,3.2,14,100.2,"1402",0,0,0,3,3,38.8,464,清水英克,美,0,15102452,01140,01080,0518160515,森中蕃,タガミファーム,ヴィクトワールピサ,レイオブライト,ウイニングチケット,鹿毛,150330,  252.9,  ,    ,44.9
18,02,12,1,東京,6,06,500万下*,23,ダ,1,1600,良,エピックアン      ,牡,3,田辺裕信,56.0,16,01,4,4,0,1,9,99,"1390",0,0,0,8,10,38.3,492,大和田成,美,110,15101257,01075,01124,0518160601,TURFレーシング,グッドラック・ファ,クロフネ,ラフェクレール,スペシャルウィーク,芦毛,150208,   40.3,  ,    ,45.1
18,02,12,1,東京,6,06,500万下*,23,ダ,1,1600,良,ロードトレジャー  ,牡,3,三浦皇成,56.0,16,02,6,6,0,1.5,7,99.5,"1395",0,0,0,15,13,38.3,474,小島茂之,美,0,15102741,01122,01068,0518160602,ロードホースクラブ,様似堀牧場,プリサイスエンド,マツリダワルツ,チーフベアハート,鹿毛,150411,   19.8,  ,    ,45.9
18,02,12,1,東京,6,06,500万下*,23,ダ,1,1600,良,アメリカンファクト,牡,3,川田将雅,56.0,16,03,12,12,0,2.4,13,100.4,"1404",0,0,0,5,7,39.9,488,戸田博文,美,0,15110028,01088,01054,0518160603,吉澤ホールディング,"Nesco II Ltd.",Speightstown,"Missamerica Bertie","Quiet American",栗毛,150522,   78.0,  ,    ,41.0
18,02,12,1,東京,6,06,500万下*,23,ダ,1,1600,良,カナメ            ,牡,3,大野拓弥,56.0,16,04,16,16,0,2.7,14,100.7,"1407",0,0,0,8,10,40,536,伊藤大士,美,0,15103373,01096,01109,0518160604,玉腰勇吉,三嶋牧場,メイショウボーラー,メイショウカガリビ,シンボリクリスエス,青鹿,150329,  133.7,  ,    ,41.0
18,02,12,1,東京,6,06,500万下*,23,ダ,1,1600,良,プロスパラスデイズ,牡,3,内田博幸,56.0,16,05,9,9,0,2.1,8,100.1,"1401",0,0,0,16,13,38.9,502,二ノ宮敬,美,0,15101632,00422,00409,0518160605,ゴドルフィン,ダーレー・ジャパン,ハードスパン,チャリティークエスト,"Coronado's Quest",鹿毛,150508,   20.8,  ,    ,44.4
18,02,12,1,東京,6,06,500万下*,23,ダ,1,1600,良,ミッキーチャイルド,牡,3,北村宏司,56.0,16,06,14,14,0,2.5,16,100.5,"1405",0,0,0,5,6,40.1,468,久保田貴,美,0,15104142,01043,01067,0518160606,野田みづき,追分ファーム,ダノンシャンティ,ミッキーレモン,ロージズインメイ,鹿毛,150218,  212.3,  ,    ,40.4
18,02,12,1,東京,6,06,500万下*,23,ダ,1,1600,良,トモジャタイクーン,牡,3,松岡正海,56.0,16,07,15,15,0,2.6,15,100.6,"1406",0,0,0,13,13,39.5,494,鈴木伸尋,美,0,15100559,01085,01026,0518160607,吉冨学,新冠橋本牧場,ルーラーシップ,プリティジョディー,ダンスインザダーク,鹿毛,150207,  151.5,  ,    ,42.8
18,02,12,1,東京,6,06,500万下*,23,ダ,1,1600,良,モリトユウブ      ,牡,3,武士沢友,56.0,16,08,8,8,0,2,11,100,"1400",0,0,0,3,2,39.8,486,堀井雅広,美,0,15103677,01029,00436,0518160608,吉川朋宏,大北牧場,アグネスデジタル,パールイアリング,スペシャルウィーク,鹿毛,150314,   59.2,  ,    ,40.8
18,02,12,1,東京,6,06,500万下*,23,ダ,1,1600,良,ヤマノグラップル  ,牡,3,武藤雅,53.0,16,09,13,13,0,2.5,12,100.5,"1405",0,0,0,11,12,39.6,472,田中清隆,美,0,15104553,01169,00408,0518160609,澤村敏雄,社台ファーム,ワークフォース,マルカパール,サンデーサイレンス,青鹿,150313,   66.1,  ,    ,42.3
18,02,12,1,東京,6,06,500万下*,23,ダ,1,1600,良,イダペガサス      ,牡,3,戸崎圭太,56.0,16,10,1,1,0,-0.1,1,98,"1380",0,0,0,4,4,37.7,502,高柳瑞樹,美,720,15104741,05386,01118,0518160610,犬塚悠治郎,ノーザンファーム,ゴールドアリュール,カロンセギュール,"Forest Camp",栗毛,150327,    3.0,  ,    ,46.0
18,02,12,1,東京,6,06,500万下*,23,ダ,1,1600,良,マイネルユキツバキ,牡,3,柴田大知,56.0,16,11,2,2,0,0.1,4,98.1,"1381",0,0,0,1,1,38.2,522,高木登,美,290,15101960,01009,01088,0518160611,サラブレッドクラブ,本間牧場,アイルハヴアナザー,カメリアビジュ,フジキセキ,鹿毛,150316,    8.2,  ,    ,44.1
18,02,12,1,東京,6,06,500万下*,23,ダ,1,1600,良,アポロテネシー    ,牡,3,武豊,56.0,16,12,7,7,0,1.7,3,99.7,"1397",0,0,0,13,13,38.6,496,山内研二,栗,0,15110103,00666,00388,0518160612,アポロサラブレッド,"Ron Kirk John Bate","Run Away and Hide",Font,Pulpit,鹿毛,150310,    7.1,  ,    ,45.0
18,02,12,1,東京,6,06,500万下*,23,ダ,1,1600,良,レーヌダンス      ,牝,3,津村明秀,54.0,16,13,5,5,0,1.3,6,99.3,"1393",0,0,0,5,7,38.8,456,矢野英一,美,72,15102280,01092,01108,0518160613,酒井喜生,小河豊水,カネヒキリ,ヒドゥンダンス,Nureyev,青鹿,150504,   19.1,  ,    ,43.6
18,02,12,1,東京,6,06,500万下*,23,ダ,1,1600,良,マリームーン      ,牝,3,ルメール,54.0,16,14,3,3,0,0.2,2,98.2,"1382",0,0,0,11,4,37.9,460,藤沢和雄,美,180,15104006,05339,00386,0518160614,多田信尊,藤澤昭勝,カジノドライヴ,クラウンアスリート,アフリート,栃栗,150414,    3.0,  ,    ,45.5
18,02,12,1,東京,6,06,500万下*,23,ダ,1,1600,良,ロージズキング    ,牡,3,木幡初広,56.0,16,15,10,10,0,2.2,10,100.2,"1402",0,0,0,8,7,39.6,490,牧光二,美,0,15106260,00629,01106,0518160615,鈴木芳夫,松田牧場,ロージズインメイ,ドリーミングバード,フォーティナイナー,栗毛,150506,   45.9,  ,    ,41.8
18,02,12,1,東京,6,06,500万下*,23,ダ,1,1600,良,レディバード      ,牝,3,Ｍ．デム,54.0,16,16,11,11,0,2.2,5,100.2,"1402",0,0,0,2,2,40.1,478,小崎憲,栗,0,15104826,05212,01085,0518160616,吉田和美,ノーザンファーム,スマートファルコン,シーズインポッシブル,"Yankee Victor",鹿毛,150506,   13.8,  ,    ,39.9
18,02,12,1,東京,6,07,500万下,23,ダ,1,1400,良,モンスターキング  ,セ,5,ムーア,57.0,16,01,10,10,0,1.3,2,87,"1270",0,0,0,1,2,39.4,480,武井亮,美,0,13101325,05366,01147,0518160701,林正道,柏木一則,アサクサキングス,カシノヴィガ,デヒア,鹿毛,130330,    4.7,  ,    ,40.6
18,02,12,1,東京,6,07,500万下,23,ダ,1,1400,良,スマートダイバー  ,牡,7,ミナリク,57.0,16,02,12,12,0,1.9,12,87.6,"1276",0,0,0,7,6,39.5,496,古賀史生,美,0,11104171,05517,00392,0518160702,大川徹,社台ファーム,ゴールドアリュール,ウッドウインド,ティンバーカントリー,栗毛,110214,   92.8,  ,    ,41.3
18,02,12,1,東京,6,07,500万下,23,ダ,1,1400,良,エレクトロポップ  ,牡,5,ルメール,57.0,16,03,2,2,0,0,1,85.7,"1257",0,0,0,4,4,37.9,518,小島太,美,300,13105745,05339,01013,0518160703,社台レースホース,社台ファーム,マンハッタンカフェ,ロリポップガール,Trempolino,青鹿,130307,    2.9,  ,    ,44.6
18,02,12,1,東京,6,07,500万下,23,ダ,1,1400,良,プラクティス      ,牡,4,田中勝春,57.0,16,04,16,16,0,2.8,11,88.5,"1285",0,0,0,9,9,40.1,482,松永康利,美,0,14104621,00684,01093,0518160704,ターフ・スポート,高橋義浩,ルーラーシップ,サクラキララ,サクラローレル,黒鹿,140317,   86.3,  ,    ,40.5
18,02,12,1,東京,6,07,500万下,23,ダ,1,1400,良,ガチコ            ,牝,4,岩田康誠,55.0,16,05,13,13,0,2.3,10,88,"1280",0,0,0,10,9,39.6,452,高橋文雅,美,0,14103444,05203,01134,0518160705,日東牧場,日東牧場,プリサイスエンド,エイシンサーメット,エイシンサンディ,鹿毛,140525,   45.8,  ,    ,41.7
18,02,12,1,東京,6,07,500万下,23,ダ,1,1400,良,ランプルール      ,牡,4,戸崎圭太,57.0,16,06,8,8,0,0.9,7,86.6,"1266",0,0,0,10,9,38.1,472,萩原清,美,0,14105864,05386,01017,0518160706,吉田勝己,ノーザンファーム,マンハッタンカフェ,カトマンドゥ,"Country Reel",黒鹿,140204,   11.0,  ,    ,45.5
18,02,12,1,東京,6,07,500万下,23,ダ,1,1400,良,スズカゴーディー  ,牡,4,内田博幸,57.0,16,07,3,3,0,0.1,3,85.8,"1258",0,0,0,13,12,37.2,490,伊藤圭三,美,190,14101462,00422,01023,0518160707,永井啓弍,稲原牧場,スズカコーズウェイ,アイシースズカ,サンデーサイレンス,黒鹿,140514,    6.4,  ,    ,48.0
18,02,12,1,東京,6,07,500万下,23,ダ,1,1400,良,ストライクショット,牝,5,菱田裕二,55.0,16,08,9,9,0,1.2,5,86.9,"1269",0,0,0,2,1,39.4,500,加藤征弘,美,0,13105959,01144,01059,0518160708,イージス,ノーザンファーム,ファルブラヴ,タイトルパート,アグネスタキオン,鹿毛,130405,    9.6,  ,    ,40.4
18,02,12,1,東京,6,07,500万下,23,ダ,1,1400,良,マッジョネラ      ,セ,4,横山和生,57.0,16,09,14,14,0,2.4,13,88.1,"1281",0,0,0,6,6,40.1,504,菊沢隆徳,美,0,14101818,01140,01115,0518160709,堂守貴志,北田剛,ブラックタイド,トレグラツィエ,シンボリクリスエス,黒鹿,140513,  101.3,  ,    ,39.8
18,02,12,1,東京,6,07,500万下,23,ダ,1,1400,良,シトラスクーラー  ,セ,5,大野拓弥,57.0,16,10,5,5,0,0.7,6,86.4,"1264",0,0,0,15,15,37.6,476,高木登,美,75,13105556,01096,01088,0518160710,G1レーシング,社台ファーム,ゼンノロブロイ,トップサンキスト,アサティス,鹿毛,130521,   11.0,  ,    ,47.3
18,02,12,1,東京,6,07,500万下,23,ダ,1,1400,良,エタニティーワルツ,牡,5,石橋脩,57.0,16,11,7,7,0,0.8,8,86.5,"1265",0,0,0,13,12,37.8,504,大和田成,美,0,13106303,01077,01124,0518160711,村島昭男,及川幸夫,ファスリエフ,プリンセスワルツ,ブライアンズタイム,黒鹿,130511,   22.5,  ,    ,46.6
18,02,12,1,東京,6,07,500万下,23,ダ,1,1400,良,ロードブレイク    ,牡,4,吉田隼人,57.0,16,12,4,4,0,0.5,9,86.2,"1262",0,0,0,4,4,38.4,490,岩戸孝樹,美,110,14101089,01095,01051,0518160712,ロードホースクラブ,ケイアイファーム,キングズベスト,シンメイフジ,フジキセキ,栗毛,140305,   43.7,  ,    ,43.4
18,02,12,1,東京,6,07,500万下,23,ダ,1,1400,良,トルマリ          ,牝,4,北村宏司,55.0,16,13,6,6,0,0.7,15,86.4,"1264",0,0,0,3,3,38.7,440,高橋裕,美,0,14103740,01043,00412,0518160713,水上ふじ子,笠松牧場,キンシャサノキセキ,ピンクトルマリン,"Fusaichi Pegasus",鹿毛,140210,  134.7,  ,    ,42.4
18,02,12,1,東京,6,07,500万下,23,ダ,1,1400,良,コパノリクエスト  ,牡,5,田辺裕信,57.0,16,14,15,15,0,2.8,14,88.5,"1285",0,0,0,10,12,39.9,580,上原博之,美,0,13104713,01075,00423,0518160714,小林祥晃,服部牧場,バトルプラン,ローレンシア,ホリスキー,鹿毛,130402,  125.5,  ,    ,41.4
18,02,12,1,東京,6,07,500万下,23,ダ,1,1400,良,ダッシャークワトロ,セ,5,野中悠太,54.0,16,15,11,11,0,1.7,16,87.4,"1274",0,0,0,15,15,38.5,462,黒岩陽一,美,0,13100347,01158,01133,0518160715,芦田信,下河辺牧場,キングカメハメハ,ストリートスタイル,アドマイヤベガ,鹿毛,130525,  353.2,  ,    ,45.3
18,02,12,1,東京,6,07,500万下,23,ダ,1,1400,良,ラーナアズーラ    ,牝,4,三浦皇成,55.0,16,16,1,1,0,0,4,85.7,"1257",0,0,0,7,8,37.5,494,畠山吉宏,美,750,14101601,01122,01048,0518160716,グランデオーナーズ,アイズスタッド,パイロ,グロッタアズーラ,フジキセキ,栗毛,140401,    8.0,  ,    ,46.4
18,02,12,1,東京,6,08,春麗ジャ,131,ダ,3,3100,良,タマモワカサマ    ,牡,6,平沢健治,60.0,14,01,1,1,0,-0.4,5,206.6,"3266",0,3,2,2,2,13.3,494,五十嵐忠,栗,1650,12100491,01067,00422,0518160801,タマモ,新冠伊藤牧場,ブラックタイド,ヒトリムスメ,アフリート,鹿毛,120406,    8.8,  ,    , 0.0
18,02,12,1,東京,6,08,春麗ジャ,131,ダ,3,3100,良,カシノカーム      ,牡,7,小野寺祐,60.0,14,02,7,7,0,1.1,3,207.7,"3277",0,4,4,3,3,13.4,494,和田雄二,美,0,11109010,01123,01143,0518160802,柏木務,一山育成牧場,カーム,アトラスマーカー,アンバーシヤダイ,芦毛,110421,    5.8,  ,    , 0.0
18,02,12,1,東京,6,08,春麗ジャ,131,ダ,3,3100,良,プレジールシチー  ,牡,7,江田勇亮,60.0,14,03,8,8,0,1.4,9,208,"3280",0,4,4,3,3,13.4,498,田村康仁,美,0,11106273,01023,01027,0518160803,友駿ホースクラブ,幾千世牧場,ゴールドアリュール,エミネントシチー,ブライアンズタイム,黒鹿,110513,   41.0,  ,    , 0.0
18,02,12,1,東京,6,08,春麗ジャ,131,ダ,3,3100,良,コスモアルヘナ    ,牡,6,山本康志,60.0,14,04,13,13,0,3,11,209.6,"3296",0,2,2,6,6,13.5,490,池上昌弘,美,0,12106250,01008,00390,0518160804,ビッグレッドファー,昭和牧場,キンシャサノキセキ,アサンブラージュ,タイキシャトル,青鹿,120430,   51.6,  ,    , 0.0
18,02,12,1,東京,6,08,春麗ジャ,131,ダ,3,3100,良,プレシャスタイム  ,牡,5,佐久間寛,60.0,14,05,4,4,0,1,2,207.6,"3276",0,12,12,13,11,13.4,432,藤沢則雄,栗,250,13103952,01080,01041,0518160805,小原該一,岡田スタツド,ロージズインメイ,シルキードルチェ,パレスミュージック,鹿毛,130328,    5.6,  ,    , 0.0
18,02,12,1,東京,6,08,春麗ジャ,131,ダ,3,3100,良,メイショウヒデタダ,牡,9,小坂忠士,60.0,14,06,11,11,0,2.6,4,209.2,"3292",0,1,1,1,1,13.5,486,南井克巳,栗,0,09100967,01063,01049,0518160806,松本好雄,王蔵牧場,メイショウボーラー,メイショウサマンサ,キンググローリアス,黒鹿,090312,    7.8,  ,    , 0.0
18,02,12,1,東京,6,08,春麗ジャ,131,ダ,3,3100,良,ミュートエアー    ,牡,5,五十嵐雄,60.0,14,07,3,3,0,0.6,13,207.2,"3272",0,6,6,7,6,13.4,466,和田正道,美,410,13104007,01069,00353,0518160807,岡田壮史,岡田スタツド,ジャングルポケット,レットイットスノー,ハーツクライ,黒鹿,130401,  126.5,  ,    , 0.0
18,02,12,1,東京,6,08,春麗ジャ,131,ダ,3,3100,良,ウエスタンレベッカ,牝,8,植野貴也,58.0,14,08,5,5,0,1,6,207.6,"3276",0,7,6,8,9,13.4,462,崎山博樹,栗,165,10102402,00727,00365,0518160808,西川賢,ウエスタンファーム,ゼンノロブロイ,ウエスタンデンコー,ジェネラス,鹿毛,100422,    8.8,  ,    , 0.0
18,02,12,1,東京,6,08,春麗ジャ,131,ダ,3,3100,良,エリーフェアリー  ,牝,7,浜野谷憲,58.0,14,09,10,10,0,2,12,208.6,"3286",0,10,9,9,9,13.5,490,武市康男,美,0,11105975,00695,01089,0518160809,谷川正純,日本中央競馬会日高,アルデバラン2,キセキスティール,フジキセキ,鹿毛,110429,   62.2,  ,    , 0.0
18,02,12,1,東京,6,08,春麗ジャ,131,ダ,3,3100,良,ホーガンブリッジ  ,牡,4,草野太郎,59.0,14,10,14,14,0,3,14,209.6,"3296",0,9,9,9,8,13.5,488,堀井雅広,美,0,14109001,01113,00436,0518160810,塩田清,一山育成牧場,ブラックタイド,スカーレピーコック,アイシーグルーム,鹿毛,140401,  231.0,  ,    , 0.0
18,02,12,1,東京,6,08,春麗ジャ,131,ダ,3,3100,良,アドマイヤフォルム,牡,5,西谷誠,60.0,14,11,9,9,0,1.8,8,208.4,"3284",0,13,14,14,14,13.4,494,中尾秀正,栗,0,13105989,01005,01069,0518160811,近藤利一,ノーザンファーム,クロフネ,トラヴェシーア,ディープインパクト,黒鹿,130507,   14.1,  ,    , 0.0
18,02,12,1,東京,6,08,春麗ジャ,131,ダ,3,3100,良,メイショウライナー,牡,8,難波剛健,60.0,14,12,12,12,0,2.7,7,209.3,"3293",0,10,9,11,13,13.5,482,高橋義忠,栗,0,10102111,01066,01129,0518160812,松本好隆,小島牧場,キングヘイロー,ナナヨーティアラ,マイネルラヴ,鹿毛,100416,   11.4,  ,    , 0.0
18,02,12,1,東京,6,08,春麗ジャ,131,ダ,3,3100,良,リスヴェリアート  ,牡,8,北沢伸也,60.0,14,13,2,2,0,0.4,1,207,"3270",0,8,6,5,5,13.4,456,松元茂樹,栗,660,10104551,00691,00419,0518160813,G1レーシング,追分ファーム,ウォーエンブレム,バレエブラン,ダンスインザダーク,鹿毛,100513,    3.3,  ,    , 0.0
18,02,12,1,東京,6,08,春麗ジャ,131,ダ,3,3100,良,エイシンフランキー,牡,7,森一馬,60.0,14,14,6,6,0,1.1,10,207.7,"3277",0,14,12,11,11,13.4,502,西園正都,栗,0,11102273,01139,01028,0518160814,栄進堂,千代田牧場,クロフネ,マサコチャン,サンデーサイレンス,芦毛,110508,   47.8,  ,    , 0.0
18,02,12,1,東京,6,09,テレビ山1000,43,芝,0,1800,良,ジャポニカーラ    ,牝,6,石橋脩,55.0,13,01,8,8,0,1.1,10,108.1,"1481",0,0,11,11,10,35.1,422,勢司和浩,美,0,12104609,01077,01047,0518160901,シルクレーシング,ノーザンファーム,ジャングルポケット,グリッターカーラ,フレンチデピュティ,鹿毛,120127,   46.1,  ,    ,54.0
18,02,12,1,東京,6,09,テレビ山1000,43,芝,0,1800,良,ナムラムラサキ    ,牝,4,津村明秀,54.0,13,02,10,10,0,1.3,5,108.3,"1483",0,0,2,3,3,36,430,岩戸孝樹,美,0,14101663,01092,01051,0518160902,奈村睦弘,いとう牧場,トーセンホマレボシ,ナムラオーキッド,チーフベアハート,鹿毛,140327,    8.9,  ,    ,50.4
18,02,12,1,東京,6,09,テレビ山1000,43,芝,0,1800,良,ゴールドエッセンス,牝,6,内田博幸,55.0,13,03,7,7,0,0.9,9,107.9,"1479",0,0,5,8,8,35.3,422,斉藤崇史,栗,0,12104748,00422,01151,0518160903,吉田勝己,ノーザンファーム,キングカメハメハ,ドバイマジェスティ,"Essence of Dubai",鹿毛,120414,   37.1,  ,    ,52.8
18,02,12,1,東京,6,09,テレビ山1000,43,芝,0,1800,良,イストワールファム,牝,4,ルメール,54.0,13,04,1,1,0,-0.6,1,107,"1470",0,0,2,3,3,34.8,454,古賀慎明,美,1500,14106076,05339,01079,0518160904,シルクレーシング,ノーザンファーム,ローエングリン,ヒストリックレディ,ネオユニヴァース,栗毛,140128,    2.7,  ,    ,53.7
18,02,12,1,東京,6,09,テレビ山1000,43,芝,0,1800,良,ブリガアルタ      ,牝,5,武藤雅,55.0,13,05,11,11,0,1.4,11,108.4,"1484",0,0,12,12,11,35.1,434,尾形和幸,美,0,13106057,01169,01141,0518160905,サンデーレーシング,ノーザンファーム,コンデュイット,ブリガドーン,サンデーサイレンス,鹿毛,130417,   65.3,  ,    ,54.4
18,02,12,1,東京,6,09,テレビ山1000,43,芝,0,1800,良,ニシノアモーレ    ,牝,4,田辺裕信,54.0,13,06,6,6,0,0.9,6,107.9,"1479",0,0,13,13,11,34.7,436,上原博之,美,0,14102696,01075,00423,0518160906,西山茂行,藤原牧場,コンデュイット,ニシノマナムスメ,アグネスタキオン,栗毛,140324,   20.6,  ,    ,55.5
18,02,12,1,東京,6,09,テレビ山1000,43,芝,0,1800,良,メローブリーズ    ,牝,4,松岡正海,54.0,13,07,13,13,0,4.1,12,111.1,"1511",0,0,9,9,11,37.8,466,石毛善彦,美,0,14101829,01085,00428,0518160907,木村牧場,木村牧場,スクリーンヒーロー,コンドルショット,エルコンドルパサー,黒鹿,140329,  189.0,  ,    ,47.0
18,02,12,1,東京,6,09,テレビ山1000,43,芝,0,1800,良,カービングパス    ,牝,6,ムーア,55.0,13,08,2,2,0,0.6,4,107.6,"1476",0,0,2,2,1,35.7,506,藤沢和雄,美,600,12104757,05366,00386,0518160908,サンデーレーシング,ノーザンファーム,ハービンジャー,ハッピーパス,サンデーサイレンス,鹿毛,120126,    8.8,  ,    ,50.7
18,02,12,1,東京,6,09,テレビ山1000,43,芝,0,1800,良,ウインクルサルーテ,牝,5,福永祐一,55.0,13,09,4,4,0,0.8,7,107.8,"1478",0,0,5,6,6,35.4,428,高橋亮,栗,230,13103727,01014,01136,0518160909,有能,丸幸小林牧場,ハービンジャー,パッショナルダンス,サンデーサイレンス,鹿毛,130307,   22.9,  ,    ,52.3
18,02,12,1,東京,6,09,テレビ山1000,43,芝,0,1800,良,レッドオルガ      ,牝,4,戸崎圭太,54.0,13,10,3,3,0,0.8,2,107.8,"1478",0,0,5,3,3,35.6,446,藤原英昭,栗,380,14105849,05386,01055,0518160910,東京ホースレーシン,ノーザンファーム,ディープインパクト,エリモピクシー,ダンシングブレーヴ,鹿毛,140426,    2.9,  ,    ,51.4
18,02,12,1,東京,6,09,テレビ山1000,43,芝,0,1800,良,ベアインマインド  ,牝,5,ミナリク,55.0,13,11,9,9,0,1.3,8,108.3,"1483",0,0,8,6,6,35.9,434,加藤征弘,美,0,13105794,05517,01059,0518160911,宇田豊,ノーザンファーム,ディープインパクト,ウルトラブレンド,"Richly Blended",鹿毛,130207,   32.7,  ,    ,50.8
18,02,12,1,東京,6,09,テレビ山1000,43,芝,0,1800,良,アドマイヤローザ  ,牝,4,岩田康誠,54.0,13,12,5,5,0,0.9,3,107.9,"1479",0,0,9,9,9,35.1,462,梅田智之,栗,150,14105794,05203,01084,0518160912,近藤旬子,ノーザンファーム,ハービンジャー,アドマイヤテンバ,クロフネ,芦毛,140221,    8.3,  ,    ,53.7
18,02,12,1,東京,6,09,テレビ山1000,43,芝,0,1800,良,スマートプラネット,牝,6,勝浦正樹,55.0,13,13,12,12,0,1.4,13,108.4,"1484",0,0,1,1,2,36.4,468,和田雄二,美,0,12106216,01025,01143,0518160913,田島榮二郎,大柳ファーム,ファルブラヴ,アンダルシア,アルカセット,鹿毛,120407,  199.3,  ,    ,48.9
18,02,12,1,東京,6,10,雲雀ＳＨ1600,67,芝,0,1400,良,ショウナンライズ  ,牡,5,戸崎圭太,55.0,13,01,6,6,0,0.6,3,82.6,"1226",0,0,0,5,4,34.6,478,上原博之,美,0,13100332,05386,00423,0518161001,国本哲秀,下河辺牧場,ダイワメジャー,ゴーカロライナ,Rahy,栗毛,130414,    4.4,  ,    ,54.0
18,02,12,1,東京,6,10,雲雀ＳＨ1600,67,芝,0,1400,良,ロワアブソリュー  ,牡,5,ムーア,56.0,13,02,8,8,0,0.8,4,82.8,"1228",0,0,0,7,7,34.6,506,須貝尚介,栗,0,13105948,05366,01105,0518161002,サンデーレーシング,ノーザンファーム,ゼンノロブロイ,スーヴェニアギフト,"Souvenir Copy",鹿毛,130410,    4.5,  ,    ,54.5
18,02,12,1,東京,6,10,雲雀ＳＨ1600,67,芝,0,1400,良,リンクスゼロ      ,牡,4,武藤雅,54.0,13,03,13,13,0,2,13,84,"1240",0,0,0,12,12,35.2,470,松山将樹,美,0,14100083,01169,01100,0518161003,目谷一幸,イワミ牧場,アドマイヤマックス,チャメ,ホワイトマズル,黒鹿,140222,  357.6,  ,    ,54.0
18,02,12,1,東京,6,10,雲雀ＳＨ1600,67,芝,0,1400,良,スターオブペルシャ,セ,5,ルメール,57.0,13,04,3,3,0,0.2,1,82.2,"1222",0,0,0,5,4,34.2,524,藤沢和雄,美,460,13105529,05339,00386,0518161004,社台レースホース,社台ファーム,ダイワメジャー,ターフローズ,"Big Shuffle",栗毛,130302,    3.8,  ,    ,55.3
18,02,12,1,東京,6,10,雲雀ＳＨ1600,67,芝,0,1400,良,ディアマイダーリン,牝,6,田中勝春,53.0,13,05,12,12,0,1.3,9,83.3,"1233",0,0,0,11,7,35.2,492,菊沢隆徳,美,0,12103979,00684,01115,0518161005,窪田康志,追分ファーム,ハーツクライ,オネストリーダーリン,Kingmambo,鹿毛,120222,   62.7,  ,    ,52.5
18,02,12,1,東京,6,10,雲雀ＳＨ1600,67,芝,0,1400,良,マテンロウハピネス,牡,6,横山典弘,54.0,13,06,4,4,0,0.4,7,82.4,"1224",0,0,0,3,4,34.5,460,昆貢,栗,270,12102308,00660,01044,0518161006,寺田千代乃,ケイアイファーム,ダイワメジャー,レディハピネス,Montjeu,鹿毛,120306,   26.0,  ,    ,54.1
18,02,12,1,東京,6,10,雲雀ＳＨ1600,67,芝,0,1400,良,ラプソディーア    ,牝,4,武豊,53.0,13,07,9,9,0,1,6,83,"1230",0,0,0,1,1,35.3,424,友道康夫,栗,0,14106061,00666,01061,0518161007,キャロットファーム,ノーザンファーム,ディープブリランテ,ハルーワソング,Nureyev,栗毛,140427,   14.0,  ,    ,51.3
18,02,12,1,東京,6,10,雲雀ＳＨ1600,67,芝,0,1400,良,マコトサダイジン  ,セ,7,蛯名正義,54.0,13,08,7,7,0,0.7,10,82.7,"1227",0,0,0,9,10,34.3,448,松田国英,栗,0,11105044,00663,01011,0518161008,ディアマント,新冠橋本牧場,キングカメハメハ,マコトマンリョウ,サンデーサイレンス,栗毛,110329,   85.9,  ,    ,55.8
18,02,12,1,東京,6,10,雲雀ＳＨ1600,67,芝,0,1400,良,スカイパッション  ,牝,6,内田博幸,52.0,13,09,5,5,0,0.5,11,82.5,"1225",0,0,0,2,2,34.7,470,作田誠二,栗,182,12101393,00422,01006,0518161009,小林都美子,下河辺牧場,スペシャルウィーク,ユキノマイ,"Rock of Gibraltar",栗毛,120227,  107.5,  ,    ,53.3
18,02,12,1,東京,6,10,雲雀ＳＨ1600,67,芝,0,1400,良,シーズララバイ    ,牝,4,柴田善臣,52.0,13,10,10,10,0,1.1,8,83.1,"1231",0,0,0,3,2,35.3,444,竹内正洋,美,0,14105526,00641,01152,0518161010,吉田千津,社台コーポレーショ,ファルブラヴ,シースプレイ,ハーツクライ,栗毛,140421,   43.5,  ,    ,51.6
18,02,12,1,東京,6,10,雲雀ＳＨ1600,67,芝,0,1400,良,レインボーフラッグ,牡,5,川田将雅,55.0,13,11,2,2,0,0.1,5,82.1,"1221",0,0,0,7,7,33.9,464,小崎憲,栗,730,13105727,01088,01085,0518161011,グリーンファーム,社台ファーム,ジャングルポケット,レインボーシーカー,ダンスインザダーク,鹿毛,130510,    9.3,  ,    ,56.6
18,02,12,1,東京,6,10,雲雀ＳＨ1600,67,芝,0,1400,良,ウエスタンメルシー,牝,7,松岡正海,53.0,13,12,11,11,0,1.2,12,83.2,"1232",0,0,0,9,10,34.8,464,奥村武,美,0,11101693,01085,01145,0518161012,西川賢,ウエスタンファーム,ブラックホーク,ウエスタンバリア,アグネスデジタル,鹿毛,110321,  238.2,  ,    ,54.3
18,02,12,1,東京,6,10,雲雀ＳＨ1600,67,芝,0,1400,良,ワントゥワン      ,牝,5,Ｍ．デム,53.0,13,13,1,1,0,-0.1,2,82,"1220",0,0,0,13,12,33.3,456,藤岡健一,栗,1820,13105748,05212,01062,0518161013,青山洋一,社台ファーム,ディープインパクト,ワンカラット,Falbrav,黒鹿,130321,    3.8,  ,    ,59.7
18,02,12,1,東京,6,11,クイーンG3,163,芝,0,1600,良,ナラトゥリス      ,牝,3,菱田裕二,54.0,16,01,15,15,0,1.9,8,95.6,"1356",0,0,0,9,12,36.6,448,加藤征弘,美,0,15104683,01144,01059,0518161101,キャロットファーム,社台コーポレーショ,ルーラーシップ,イストワール,サンデーサイレンス,黒鹿,150202,   27.9,  ,    ,46.7
18,02,12,1,東京,6,11,クイーンG3,163,芝,0,1600,良,フィニフティ      ,牝,3,川田将雅,54.0,16,02,2,2,0,0.1,5,93.8,"1338",0,0,0,9,8,35,426,藤原英昭,栗,1400,15104779,01088,01055,0518161102,キャロットファーム,ノーザンファーム,ディープインパクト,ココシュニック,クロフネ,芦毛,150316,   11.8,  ,    ,50.8
18,02,12,1,東京,6,11,クイーンG3,163,芝,0,1600,良,アトムアストレア  ,牝,3,横山典弘,54.0,16,03,14,14,0,1,16,94.7,"1347",0,0,0,5,6,36.2,460,勢司和浩,美,0,15100339,00660,01047,0518161103,永井廣司,隆栄牧場,タニノギムレット,アトムスパンカー,ジェニュイン,鹿毛,150406,  243.6,  ,    ,47.0
18,02,12,1,東京,6,11,クイーンG3,163,芝,0,1600,良,ハトホル          ,牝,3,吉田隼人,54.0,16,04,6,6,0,0.5,10,94.2,"1342",0,0,0,5,5,35.9,454,本間忍,美,0,15103270,01095,01056,0518161104,高瀬真尚,中脇満,モンテロッソ,フローズンムーン,アドマイヤムーン,鹿毛,150501,   60.8,  ,    ,47.4
18,02,12,1,東京,6,11,クイーンG3,163,芝,0,1600,良,ソシアルクラブ    ,牝,3,岩田康誠,54.0,16,05,7,7,0,0.6,9,94.3,"1343",0,0,0,15,15,34.9,450,池添学,栗,0,15104968,05203,01144,0518161105,サンデーレーシング,ノーザンファーム,キングカメハメハ,ブエナビスタ,スペシャルウィーク,栗毛,150126,   36.5,  ,    ,52.1
18,02,12,1,東京,6,11,クイーンG3,163,芝,0,1600,良,テトラドラクマ    ,牝,3,田辺裕信,54.0,16,06,1,1,0,-0.1,3,93.7,"1337",0,0,0,2,1,35.9,462,小西一男,美,3500,15105073,01075,00405,0518161106,吉田勝己,ノーザンファーム,ルーラーシップ,リビングプルーフ,ファルブラヴ,鹿毛,150216,    5.6,  ,    ,46.6
18,02,12,1,東京,6,11,クイーンG3,163,芝,0,1600,良,キャッチミーアップ,牝,3,柴田大知,54.0,16,07,13,13,0,0.9,14,94.6,"1346",0,0,0,8,8,35.8,430,河内洋,栗,0,15101826,01009,01072,0518161107,畑佐博,浜本牧場,ハーツクライ,イースタリーブリーズ,"Fusaichi Pegasus",鹿毛,150331,  196.6,  ,    ,48.5
18,02,12,1,東京,6,11,クイーンG3,163,芝,0,1600,良,ロフティフレーズ  ,牝,3,内田博幸,54.0,16,08,9,9,0,0.6,13,94.3,"1343",0,0,0,12,12,35.2,444,上原博之,美,0,15103535,00422,00423,0518161108,水上ふじ子,笠松牧場,ロードカナロア,モンクール,ディープインパクト,黒鹿,150402,  131.4,  ,    ,50.7
18,02,12,1,東京,6,11,クイーンG3,163,芝,0,1600,良,アルーシャ        ,牝,3,ルメール,54.0,16,09,3,3,0,0.4,7,94.1,"1341",0,0,0,1,2,36.2,422,藤沢和雄,美,880,15104796,05339,00386,0518161109,サンデーレーシング,ノーザンファーム,ディープインパクト,ザズー,Tapit,芦毛,150201,   12.9,  ,    ,46.0
18,02,12,1,東京,6,11,クイーンG3,163,芝,0,1600,良,マウレア          ,牝,3,戸崎圭太,54.0,16,10,5,5,0,0.5,1,94.2,"1342",0,0,0,3,3,36.1,446,手塚貴久,美,350,15101373,05386,01038,0518161110,落合幸弘,下河辺牧場,ディープインパクト,バイザキャット,"Storm Cat",鹿毛,150201,    2.4,  ,    ,46.6
18,02,12,1,東京,6,11,クイーンG3,163,芝,0,1600,良,ライレローズ      ,牝,3,北村宏司,54.0,16,11,11,11,0,0.8,12,94.5,"1345",0,0,0,7,6,36,422,古賀慎明,美,0,15104700,01043,01079,0518161111,キャロットファーム,ノーザンファーム,ディープブリランテ,ヴィアンローズ,"Sevres Rose",黒鹿,150428,   91.4,  ,    ,47.5
18,02,12,1,東京,6,11,クイーンG3,163,芝,0,1600,良,レッドベルローズ  ,牝,3,福永祐一,54.0,16,12,10,10,0,0.7,4,94.4,"1344",0,0,0,14,14,35.2,444,鹿戸雄一,美,0,15105091,01014,01097,0518161112,東京ホースレーシン,ノーザンファーム,ディープインパクト,レッドファンタジア,"Unbridled's Song",青鹿,150228,   10.0,  ,    ,50.9
18,02,12,1,東京,6,11,クイーンG3,163,芝,0,1600,良,ツヅミモン        ,牝,3,Ｍ．デム,54.0,16,13,12,12,0,0.8,2,94.5,"1345",0,0,0,3,3,36.4,532,藤岡健一,栗,0,15104289,05212,01062,0518161113,諸江幸祐,社台ファーム,ストロングリターン,カタマチボタン,ダンスインザダーク,黒鹿,150223,    5.1,  ,    ,45.8
18,02,12,1,東京,6,11,クイーンG3,163,芝,0,1600,良,オハナ            ,牝,3,石橋脩,54.0,16,14,4,4,0,0.4,6,94.1,"1341",0,0,0,9,8,35.3,414,堀宣行,美,530,15104456,01077,01070,0518161114,金子真人ホールディ,社台ファーム,ディープインパクト,ハウオリ,キングカメハメハ,青鹿,150301,   12.7,  ,    ,49.9
18,02,12,1,東京,6,11,クイーンG3,163,芝,0,1600,良,モデレイト        ,牝,3,武豊,54.0,16,15,8,8,0,0.6,11,94.3,"1343",0,0,0,12,11,35.4,456,和田正道,美,0,15103738,00666,00353,0518161115,和田牧場,中村雅明,ダノンシャンティ,ヒシカルメン,ロックオブジブラルタル,鹿毛,150214,   82.9,  ,    ,49.8
18,02,12,1,東京,6,11,クイーンG3,163,芝,0,1600,良,マルターズルーメン,牝,3,柴田善臣,54.0,16,16,16,16,0,3.1,15,96.8,"1368",0,0,0,16,16,37.2,418,堀井雅広,美,0,15101036,00641,00436,0518161116,藤田在子,天羽禮治,ディープブリランテ,マルターズオリジン,Swain,栗毛,150115,  202.5,  ,    ,46.1
18,02,12,1,東京,6,12,1000万下,43,ダ,1,1600,良,デブリン          ,牡,6,野中悠太,54.0,16,01,9,9,0,0.7,13,98.6,"1386",0,0,0,10,13,36.7,536,森秀行,栗,0,12110059,01158,00427,0518161201,一村哲也,"T/C Stable LLC",Congrats,"Hatta Flower","Dixie Union",栗毛,120408,  194.2,  ,    ,51.2
18,02,12,1,東京,6,12,1000万下,43,ダ,1,1600,良,エグランティーナ  ,牝,6,三浦皇成,55.0,16,02,12,12,0,0.8,14,98.7,"1387",0,0,0,10,10,37,554,鹿戸雄一,美,0,12104257,01122,01097,0518161202,村野康司,社台ファーム,シンボリクリスエス,ステラマリス,サンデーサイレンス,黒鹿,120305,  218.0,  ,    ,50.1
18,02,12,1,東京,6,12,1000万下,43,ダ,1,1600,良,ミスパイロ        ,牝,4,ミナリク,55.0,16,03,16,16,0,1.4,9,99.3,"1393",0,0,0,5,6,37.8,480,浅野洋一,美,0,14102262,05517,00421,0518161203,村田哲朗,戸川牧場,パイロ,ブイアスカ,アドマイヤドン,黒鹿,140413,   26.6,  ,    ,47.6
18,02,12,1,東京,6,12,1000万下,43,ダ,1,1600,良,アンティノウス    ,牡,4,ムーア,57.0,16,04,3,3,0,0.2,2,98.1,"1381",0,0,0,3,4,36.8,530,国枝栄,美,260,14106172,05366,00399,0518161204,サンデーレーシング,ノーザンファーム,クロフネ,ミクロコスモス,ネオユニヴァース,黒鹿,140222,    4.6,  ,    ,49.9
18,02,12,1,東京,6,12,1000万下,43,ダ,1,1600,良,リヴェルディ      ,牡,4,吉田隼人,57.0,16,05,1,1,0,-0.1,1,97.9,"1379",0,0,0,8,6,36.4,518,中川公成,美,1050,14101512,01095,01081,0518161205,佐藤牧場,スガタ牧場,スマートファルコン,オートキュイジーヌ,フレンチデピュティ,鹿毛,140126,    3.2,  ,    ,51.4
18,02,12,1,東京,6,12,1000万下,43,ダ,1,1600,良,コパノビジン      ,牝,5,武藤雅,52.0,16,06,14,14,0,1,11,98.9,"1389",0,0,0,10,10,37.1,466,手塚貴久,美,0,13106399,01169,01038,0518161206,小林祥晃,ヤナガワ牧場,ゴールドアリュール,エポレット,リアルシヤダイ,鹿毛,130408,   34.2,  ,    ,49.9
18,02,12,1,東京,6,12,1000万下,43,ダ,1,1600,良,ポップアップスター,牡,4,田辺裕信,57.0,16,07,11,11,0,0.8,4,98.7,"1387",0,0,0,16,13,36.8,528,金成貴史,美,0,14105774,01075,01132,0518161207,社台レースホース,社台ファーム,マンハッタンカフェ,ロリポップガール,Trempolino,青鹿,140416,    7.9,  ,    ,50.9
18,02,12,1,東京,6,12,1000万下,43,ダ,1,1600,良,エターナルヒーロー,セ,8,宮崎北斗,57.0,16,08,15,15,0,1,16,98.9,"1389",0,0,0,15,15,36.9,484,栗田博憲,美,0,10103556,01118,00341,0518161208,岡田牧雄,東振牧場,ストーミングホーム,エイダイヒロイン,ダンシングブレーヴ,黒鹿,100504,  442.0,  ,    ,50.8
18,02,12,1,東京,6,12,1000万下,43,ダ,1,1600,良,パイロキネシスト  ,牡,6,松岡正海,57.0,16,09,2,2,0,0.1,6,98,"1380",0,0,0,3,3,36.8,498,藤原辰雄,美,420,12102848,01085,00435,0518161209,平井裕,グランド牧場,パイロ,グランドホイッスル,シアトルスズカ,黒鹿,120222,   14.1,  ,    ,49.8
18,02,12,1,東京,6,12,1000万下,43,ダ,1,1600,良,ブルーボサノヴァ  ,牝,7,柴田大知,55.0,16,10,10,10,0,0.8,15,98.7,"1387",0,0,0,14,15,36.7,502,和田雄二,美,0,11106338,01009,01143,0518161210,ブルーマネジメント,川上牧場,パイロ,トーヨーサンバ,ティンバーカントリー,栗毛,110514,  227.8,  ,    ,51.4
18,02,12,1,東京,6,12,1000万下,43,ダ,1,1600,良,アオイサンシャイン,牝,5,ルメール,55.0,16,11,4,4,0,0.5,7,98.4,"1384",0,0,0,2,2,37.3,516,古賀慎明,美,160,13105547,05339,01079,0518161211,新谷幸義,社台コーポレーショ,ダイワメジャー,ツーオブハート,メジロマックイーン,黒鹿,130402,   14.9,  ,    ,48.3
18,02,12,1,東京,6,12,1000万下,43,ダ,1,1600,良,ディアコンチェルト,牡,6,大野拓弥,57.0,16,12,6,6,0,0.6,5,98.5,"1385",0,0,0,8,6,37,462,高木登,美,0,12103387,01096,01088,0518161212,ディアレストクラブ,八田ファーム,サムライハート,サイレントベッド,ソウルオブザマター,黒鹿,120228,    8.7,  ,    ,49.7
18,02,12,1,東京,6,12,1000万下,43,ダ,1,1600,良,ジェイケイライアン,牡,6,戸崎圭太,57.0,16,13,8,8,0,0.7,3,98.6,"1386",0,0,0,5,6,37.2,492,松永康利,美,0,12103443,05386,01093,0518161213,小谷野次郎,藤川フアーム,ブライアンズタイム,ジェイケイクリス,シンボリクリスエス,鹿毛,120210,    5.8,  ,    ,49.0
18,02,12,1,東京,6,12,1000万下,43,ダ,1,1600,良,ハシカミ          ,牡,5,岩田康誠,57.0,16,14,13,13,0,0.8,10,98.7,"1387",0,0,0,13,10,37,472,小桧山悟,美,0,13109095,05203,01005,0518161214,中村勝彦,扶桑牧場,キャプテンスティーヴ,アオバ,ブライアンズタイム,青鹿,130510,   30.9,  ,    ,50.1
18,02,12,1,東京,6,12,1000万下,43,ダ,1,1600,良,サトノダヴィンチ  ,牡,6,田中勝春,57.0,16,15,7,7,0,0.7,12,98.6,"1386",0,0,0,1,1,37.7,494,宗像義忠,美,0,12101394,00684,00420,0518161215,サトミホースカンパ,下河辺牧場,ディープインパクト,ラグジャリークラス,"Gone West",鹿毛,120323,   65.5,  ,    ,46.9
18,02,12,1,東京,6,12,1000万下,43,ダ,1,1600,良,メイショウボンロク,牡,7,津村明秀,57.0,16,16,5,5,0,0.6,8,98.5,"1385",0,0,0,5,4,37.2,498,松下武士,栗,105,11103159,01092,01149,0518161216,松本好雄,高昭牧場,シニスターミニスター,ディープセーマ,アグネスデジタル,栗毛,110417,   22.7,  ,    ,48.9
18,02,17,1,東京,7,01,未勝利・牝,7,ダ,1,1300,良,マイキャラット    ,牝,3,柴田善臣,54.0,16,01,10,10,0,2.2,13,83.2,"1232",0,0,0,10,12,39.3,456,小島茂之,美,0,15105955,00641,01068,0518170101,飯田正剛,千代田牧場,オルフェーヴル,マイスイートホーム,ブライアンズタイム,鹿毛,150325,   89.1,  ,    ,45.7
18,02,17,1,東京,7,01,未勝利・牝,7,ダ,1,1300,良,シングシングシング,牝,3,ルメール,54.0,16,02,5,5,0,0.7,4,81.7,"1217",0,0,0,4,4,38.4,454,新開幸一,美,50,15109077,05339,01116,0518170102,グリーンファーム,恵比寿興業株式会社,ヨハネスブルグ,シンギングセンセーション,"Coronado's Quest",鹿毛,150512,    8.1,  ,    ,46.7
18,02,17,1,東京,7,01,未勝利・牝,7,ダ,1,1300,良,ウインソリティア  ,牝,3,大野拓弥,54.0,16,03,15,15,0,4.9,12,85.9,"1259",0,0,0,5,5,42.4,424,鹿戸雄一,美,0,15100238,01096,01097,0518170103,ウイン,コスモヴューファー,ステイゴールド,チャンネルワン,ポリッシュネイビー,鹿毛,150508,   73.0,  ,    ,37.9
18,02,17,1,東京,7,01,未勝利・牝,7,ダ,1,1300,良,アポロアミ        ,牝,3,津村明秀,54.0,16,04,2,2,0,0.4,2,81.4,"1214",0,0,0,5,5,38,432,矢野英一,美,200,15101491,01092,01108,0518170104,アポロサラブレッド,シンボリ牧場,ディープブリランテ,スイートピグレット,ブライアンズタイム,鹿毛,150322,    4.8,  ,    ,47.9
18,02,17,1,東京,7,01,未勝利・牝,7,ダ,1,1300,良,ユウキャン        ,牝,3,蛯名正義,54.0,16,05,9,9,0,1.4,9,82.4,"1224",0,0,0,1,1,39.4,468,田中剛,美,0,15100303,00663,01119,0518170105,道永幸治,スカイビーチステー,ストロングリターン,ボーシュヴァル,ゼンノロブロイ,黒鹿,150315,   16.3,  ,    ,43.5
18,02,17,1,東京,7,01,未勝利・牝,7,ダ,1,1300,良,パーラミター      ,牝,3,松岡正海,54.0,16,06,7,7,0,0.9,5,81.9,"1219",0,0,0,2,2,38.8,508,伊藤伸一,美,0,15103871,01085,01031,0518170106,ミルファーム,ミルファーム,プリサイスエンド,オンリーユー,ディアブロ,青鹿,150204,    9.3,  ,    ,45.2
18,02,17,1,東京,7,01,未勝利・牝,7,ダ,1,1300,良,ロジヒューズ      ,牝,3,内田博幸,54.0,16,07,1,1,0,-0.4,1,81,"1210",0,0,0,3,2,37.8,478,古賀慎明,美,500,15100131,00422,01079,0518170107,久米田正明,オリエント牧場,ヘニーヒューズ,ロジヒット,ネオユニヴァース,鹿毛,150303,    3.7,  ,    ,48.0
18,02,17,1,東京,7,01,未勝利・牝,7,ダ,1,1300,良,プリンセスティナ  ,牝,3,ミナリク,54.0,16,08,12,12,0,2.7,10,83.7,"1237",0,0,0,7,7,40,450,中舘英二,美,0,15103285,05517,01153,0518170108,日東牧場,日東牧場,シニスターミニスター,マヤノラトゥール,アフリート,栗毛,150523,   43.6,  ,    ,43.6
18,02,17,1,東京,7,01,未勝利・牝,7,ダ,1,1300,良,クイーンディアス  ,牝,3,野中悠太,51.0,16,09,13,13,0,3,14,84,"1240",0,0,0,10,12,40,416,黒岩陽一,美,0,15105541,01158,01133,0518170109,加藤義久,カタオカフアーム,ヨハネスブルグ,サチノストリート,ロックオブジブラルタル,鹿毛,150225,  102.7,  ,    ,44.3
18,02,17,1,東京,7,01,未勝利・牝,7,ダ,1,1300,良,タマノパルフェット,牝,3,田辺裕信,54.0,16,10,4,4,0,0.7,8,81.7,"1217",0,0,0,10,12,37.7,466,高柳瑞樹,美,75,15103356,01075,01118,0518170110,玉腰勇吉,三嶋牧場,ハードスパン,ダンシングハピネス,ダンスインザダーク,鹿毛,150513,   14.3,  ,    ,50.0
18,02,17,1,東京,7,01,未勝利・牝,7,ダ,1,1300,良,レインボーボニート,牝,3,戸崎圭太,54.0,16,11,3,3,0,0.7,3,81.7,"1217",0,0,0,9,7,38,460,菊沢隆徳,美,130,15103378,05386,01115,0518170111,三嶋牧場,三嶋牧場,スズカマンボ,メイショウナナイロ,タイキシャトル,鹿毛,150302,    6.2,  ,    ,48.6
18,02,17,1,東京,7,01,未勝利・牝,7,ダ,1,1300,良,エリープラネット  ,牝,3,三浦皇成,54.0,16,12,6,6,0,0.9,6,81.9,"1219",0,0,0,7,7,38.2,420,天間昭一,美,0,15102564,01122,01090,0518170112,谷川正純,広田牧場,エスポワールシチー,ワキノバクシン,サクラバクシンオー,栗毛,150422,   10.3,  ,    ,48.1
18,02,17,1,東京,7,01,未勝利・牝,7,ダ,1,1300,良,タイセイパルフェ  ,牝,3,北村宏司,54.0,16,13,11,11,0,2.4,11,83.4,"1234",0,0,0,10,10,39.6,450,池上昌和,美,0,15103934,01043,01150,0518170113,田中成奉,上水牧場,ロードカナロア,マイネハッピー,ブライアンズタイム,黒鹿,150331,   60.1,  ,    ,44.8
18,02,17,1,東京,7,01,未勝利・牝,7,ダ,1,1300,良,ブロンドキュート  ,牝,3,田中勝春,54.0,16,14,8,8,0,1.2,7,82.2,"1222",0,0,0,15,15,37.9,456,松山将樹,美,0,15101985,00684,01100,0518170114,友駿ホースクラブ,前野牧場,フレンチデピュティ,ビーキュート,マヤノトップガン,栗毛,150203,   13.1,  ,    ,50.2
18,02,17,1,東京,7,01,未勝利・牝,7,ダ,1,1300,良,モメンタム        ,牝,3,武藤雅,52.0,16,15,16,16,0,5.7,15,86.7,"1267",0,0,0,10,10,42.9,430,田島俊明,美,0,15105796,01169,01112,0518170115,Gリビエール・レー,高橋修,エイシンフラッシュ,ビーチデバカンス,アドマイヤジャパン,青鹿,150226,  121.8,  ,    ,37.5
18,02,17,1,東京,7,01,未勝利・牝,7,ダ,1,1300,良,サンキャスパー    ,牝,3,村田一誠,54.0,16,16,14,14,0,3.4,16,84.4,"1244",0,0,0,16,16,39.6,458,藤原辰雄,美,0,15100069,01031,00435,0518170116,加藤ステーブル,石郷岡雅樹,アドマイヤムーン,マジックペイントブラッシュ,"Pirate's Bounty",黒鹿,150407,  209.0,  ,    ,47.0
18,02,17,1,東京,7,02,新馬,15,ダ,1,1400,良,ディスクメディア  ,牡,3,横山和生,56.0,16,01,11,11,0,3.6,14,91.4,"1314",0,0,0,4,5,41.4,450,大和田成,美,0,15104400,01140,01124,0518170201,村野康司,社台ファーム,ミリオンディスク,ソングフォーミー,"Gone West",鹿毛,150207,  113.7,  ,    ,40.6
18,02,17,1,東京,7,02,新馬,15,ダ,1,1400,良,サエズリ          ,牡,3,江田照男,56.0,16,02,9,9,0,3,13,90.8,"1308",0,0,0,4,8,40.3,452,本間忍,美,0,15105428,00689,01056,0518170202,岡田壮史,岡田スタツド,マツリダゴッホ,ソニックバード,"Phone Trick",青鹿,150508,   97.3,  ,    ,44.0
18,02,17,1,東京,7,02,新馬,15,ダ,1,1400,良,キンパツムスメ    ,牝,3,伊藤工真,54.0,16,03,15,15,0,4.8,12,92.6,"1326",0,0,0,13,14,41.3,428,和田正一,美,0,15106202,01119,01114,0518170203,ヒダカ・ブリーダー,藤原牧場,タイキシャトル,リルティングソング,スペシャルウィーク,栗毛,150407,   93.1,  ,    ,43.2
18,02,17,1,東京,7,02,新馬,15,ダ,1,1400,良,トークフレンドリー,牡,3,勝浦正樹,56.0,16,04,2,2,0,0,8,87.8,"1278",0,0,0,3,3,38.1,484,田島俊明,美,240,15104554,01025,01112,0518170204,吉田千津,社台ファーム,クロフネ,マルカフレンドリー,サンデーサイレンス,芦毛,150416,   37.4,  ,    ,47.8
18,02,17,1,東京,7,02,新馬,15,ダ,1,1400,良,ミラクルパレット  ,牝,3,ミナリク,54.0,16,05,12,12,0,3.8,4,91.6,"1316",0,0,0,2,2,42.1,454,尾形和幸,美,0,15105959,05517,01141,0518170205,ノルマンディーサラ,千代田牧場,ヴァーミリアン,ミラクルガール,ロックオブジブラルタル,黒鹿,150124,    6.8,  ,    ,38.2
18,02,17,1,東京,7,02,新馬,15,ダ,1,1400,良,アラスカノオーロラ,牡,3,田辺裕信,56.0,16,06,1,1,0,0,3,87.8,"1278",0,0,0,8,5,37.9,468,小島茂之,美,600,15103803,01075,01068,0518170206,丸山担,伏木田牧場,キンシャサノキセキ,ポジショントーク,シンボリクリスエス,鹿毛,150314,    6.5,  ,    ,48.7
18,02,17,1,東京,7,02,新馬,15,ダ,1,1400,良,コールドターキー  ,牡,3,杉原誠人,56.0,16,07,5,5,0,1.1,15,88.9,"1289",0,0,0,13,11,37.8,438,佐藤吉勝,美,60,15101319,01135,01035,0518170207,薪浦亨,下川茂広,ジャングルポケット,ドライブマイカー,タニノギムレット,栗毛,150423,  130.3,  ,    ,51.4
18,02,17,1,東京,7,02,新馬,15,ダ,1,1400,良,シリウスインパクト,牡,3,柴田大知,56.0,16,08,3,3,0,0.7,1,88.5,"1285",0,0,0,15,14,37.1,468,相沢郁,美,150,15105594,01009,01020,0518170208,星野祐介,グランド牧場,ディープインパクト,スズカエルマンボ,シンボリクリスエス,鹿毛,150424,    3.2,  ,    ,53.9
18,02,17,1,東京,7,02,新馬,15,ダ,1,1400,良,クールキャスト    ,牝,3,武藤雅,52.0,16,09,13,13,0,4.4,11,92.2,"1322",0,0,0,4,3,42.4,428,矢野英一,美,0,15102312,01169,01108,0518170209,川上哲司,沖田博志,バゴ,レディピーチ,Mujtahid,黒鹿,150328,   53.1,  ,    ,38.1
18,02,17,1,東京,7,02,新馬,15,ダ,1,1400,良,バーミンガム      ,牡,3,蛯名正義,56.0,16,10,14,14,0,4.5,5,92.3,"1323",0,0,0,8,11,41.1,520,田中剛,美,0,15103222,00663,01119,0518170210,ヒルノ,辻牧場,ヘニーヒューズ,ファニーモーク,"Distorted Humor",栗毛,150517,    8.1,  ,    ,43.4
18,02,17,1,東京,7,02,新馬,15,ダ,1,1400,良,ヴィジョンオブラヴ,牡,3,宮崎北斗,56.0,16,11,4,4,0,0.7,7,88.5,"1285",0,0,0,10,11,37.3,472,新開幸一,美,90,15100274,01118,01116,0518170211,大塚亮一,佐藤牧場,キングヘイロー,ベストフューチャー,ロージズインメイ,青鹿,150309,   36.2,  ,    ,52.9
18,02,17,1,東京,7,02,新馬,15,ダ,1,1400,良,ジッピー          ,牡,3,三浦皇成,56.0,16,12,7,7,0,1.7,2,89.5,"1295",0,0,0,11,8,38.9,480,栗田徹,美,0,15101704,01122,01127,0518170212,前田幸治,戸川牧場,ダノンシャンティ,パラダイスチェリー,フォーティナイナー,栗毛,150314,    3.9,  ,    ,47.6
18,02,17,1,東京,7,02,新馬,15,ダ,1,1400,良,サンビリングス    ,牡,3,西村太一,56.0,16,13,10,10,0,3,9,90.8,"1308",0,0,0,7,7,40.5,460,大和田成,美,0,15101583,01131,01124,0518170213,加藤ステーブル,ダーレー・ジャパン,モンテロッソ,ヴィヴァヴォーチェ,アルカセット,黒鹿,150427,   41.1,  ,    ,43.1
18,02,17,1,東京,7,02,新馬,15,ダ,1,1400,良,アルマアルジーヌ  ,牝,3,柴田善臣,54.0,16,14,6,6,0,1.7,10,89.5,"1295",0,0,0,11,10,38.6,480,高橋文雅,美,0,15100204,00641,01134,0518170214,コウトミックレーシ,小泉牧場,ゼンノロブロイ,プラントパラダイス,パラダイスクリーク,鹿毛,150215,   43.4,  ,    ,48.9
18,02,17,1,東京,7,02,新馬,15,ダ,1,1400,良,ナムラジュノー    ,牝,3,嘉藤貴行,54.0,16,15,8,8,0,2.4,6,90.2,"1302",0,0,0,1,1,40.9,410,大和田成,美,0,15102802,01051,01124,0518170215,奈村睦弘,林時春,トーセンホマレボシ,ナムラビーム,スウェプトオーヴァーボード,鹿毛,150407,    8.8,  ,    ,40.4
18,02,17,1,東京,7,02,新馬,15,ダ,1,1400,良,ベリロス          ,牝,3,伴啓太,52.0,16,16,16,16,0,6.6,16,94.4,"1344",0,0,0,16,16,42.1,436,柴田政人,美,0,15106346,01149,01007,0518170216,加藤徹,大狩部牧場,アドマイヤムーン,イシノスティール,ラムタラ,鹿毛,150520,  265.0,  ,    ,43.2
18,02,17,1,東京,7,03,未勝利,7,ダ,1,1600,良,ラズワルド        ,牡,3,福永祐一,56.0,16,01,11,11,0,2.1,4,101.4,"1414",0,0,0,5,5,40.8,480,清水英克,美,0,15109002,01014,01080,0518170301,ノルマンディーサラ,石田英機,ジャングルポケット,ガトーショコラ,フジキセキ,黒鹿,150528,   10.2,  ,    ,39.1
18,02,17,1,東京,7,03,未勝利,7,ダ,1,1600,良,ルンルンマキシマム,牝,3,酒井学,54.0,16,02,14,14,0,4,14,103.3,"1433",0,0,0,14,13,41.4,478,萱野浩二,美,0,15100924,01034,01024,0518170302,保谷フミ子,守矢牧場,ブラックタイド,ハッピーマキシマム,サクラバクシンオー,黒鹿,150222,  289.0,  ,    ,39.7
18,02,17,1,東京,7,03,未勝利,7,ダ,1,1600,良,タイキメサイア    ,牡,3,松岡正海,56.0,16,03,6,6,0,1.3,9,100.6,"1406",0,0,0,9,9,39.5,514,高橋祥泰,美,0,15103313,01085,00359,0518170303,大樹ファーム,ビクトリーホースラ,ハードスパン,タイキエイワン,フサイチコンコルド,栗毛,150306,   20.9,  ,    ,42.8
18,02,17,1,東京,7,03,未勝利,7,ダ,1,1600,良,ショウナンガレオン,牡,3,北村宏司,56.0,16,04,16,16,0,5.1,10,104.4,"1444",0,0,0,1,1,44.1,500,大竹正博,美,0,15105845,01043,01102,0518170304,国本哲秀,棚川光男,スペシャルウィーク,ミスチフ,クロフネ,芦毛,150427,   36.8,  ,    ,32.0
18,02,17,1,東京,7,03,未勝利,7,ダ,1,1600,良,スパイスマジック  ,牡,3,内田博幸,56.0,16,05,1,1,0,0,7,99.3,"1393",0,0,0,2,2,39,492,杉浦宏昭,美,500,15104534,00422,01008,0518170305,社台レースホース,社台ファーム,ローエングリン,ホワイトペッパー,サンデーサイレンス,芦毛,150127,   14.6,  ,    ,42.8
18,02,17,1,東京,7,03,未勝利,7,ダ,1,1600,良,ブラックバローズ  ,牡,3,戸崎圭太,56.0,16,06,7,7,0,1.4,1,100.7,"1407",0,0,0,5,5,40.1,502,尾形和幸,美,0,15105787,05386,01141,0518170306,猪熊広次,タイヘイ牧場,キンシャサノキセキ,モンテチェリー,ホワイトマズル,黒鹿,150312,    3.3,  ,    ,40.7
18,02,17,1,東京,7,03,未勝利,7,ダ,1,1600,良,ディーエスバズーカ,牡,3,勝浦正樹,56.0,16,07,9,9,0,1.9,12,101.2,"1412",0,0,0,16,16,39.2,502,藤原辰雄,美,0,15101889,01025,00435,0518170307,秋谷壽之,広富牧場,ドリームジャーニー,グラマトフィラム,クロフネ,黒鹿,150326,   65.6,  ,    ,44.9
18,02,17,1,東京,7,03,未勝利,7,ダ,1,1600,良,ジュンモユル      ,牡,3,ルメール,56.0,16,08,8,8,0,1.7,8,101,"1410",0,0,0,5,5,40.4,496,尾関知人,美,0,15106542,05339,01103,0518170308,河合純二,マリオステーブル,ネオユニヴァース,エイシンパンジー,トニービン,鹿毛,150508,   18.1,  ,    ,40.0
18,02,17,1,東京,7,03,未勝利,7,ダ,1,1600,良,ビスタペルフェッタ,牡,3,井上敏樹,55.0,16,09,15,15,0,4.4,15,103.7,"1437",0,0,0,10,13,41.8,460,黒岩陽一,美,0,15102050,01151,01133,0518170309,今中俊平,森永牧場,モンテロッソ,パフェ,Kingmambo,鹿毛,150509,  349.5,  ,    ,38.9
18,02,17,1,東京,7,03,未勝利,7,ダ,1,1600,良,ハッピーテーラー  ,牡,3,柴田大知,56.0,16,10,13,13,0,3.9,16,103.2,"1432",0,0,0,10,12,41.7,512,黒岩陽一,美,0,15109058,01009,01133,0518170310,中西浩一,マルシチ牧場,アッミラーレ,シェアザハート,ブライアンズタイム,鹿毛,150421,  477.9,  ,    ,38.5
18,02,17,1,東京,7,03,未勝利,7,ダ,1,1600,良,ラスティユース    ,牡,3,田中勝春,56.0,16,11,4,4,0,0.7,5,100,"1400",0,0,0,14,13,38.2,470,松永康利,美,75,15100098,00684,01093,0518170311,小林竜太郎,岩見牧場,エスポワールシチー,ボーンザスカイ,タイキシャトル,栗毛,150422,   10.6,  ,    ,47.1
18,02,17,1,東京,7,03,未勝利,7,ダ,1,1600,良,ベルクカッツェ    ,牡,3,野中悠太,53.0,16,12,5,5,0,0.9,6,100.2,"1402",0,0,0,10,10,38.9,470,根本康広,美,50,15102620,01158,01029,0518170312,田頭勇貴,水丸牧場,ロージズインメイ,トーホウフローラ,Vicar,青鹿,150408,   12.6,  ,    ,44.6
18,02,17,1,東京,7,03,未勝利,7,ダ,1,1600,良,トーホウフライト  ,牡,3,蛯名正義,56.0,16,13,2,2,0,0,3,99.3,"1393",0,0,0,4,4,38.8,496,田中清隆,美,200,15101542,00663,00408,0518170313,東豊物産,竹島幸治,スズカマンボ,トーホウリッチ,マイネルラヴ,鹿毛,150517,    5.2,  ,    ,43.6
18,02,17,1,東京,7,03,未勝利,7,ダ,1,1600,良,トニーハピネス    ,牝,3,武藤雅,52.0,16,14,12,12,0,3,13,102.3,"1423",0,0,0,2,2,42,422,星野忍,美,0,15105750,01169,01030,0518170314,トニー倶楽部,静内山田牧場,スマートファルコン,ミッシェルラブ,フオテイテン,栗毛,150131,  226.3,  ,    ,36.1
18,02,17,1,東京,7,03,未勝利,7,ダ,1,1600,良,クリムズンフラッグ,牡,3,宮崎北斗,56.0,16,15,3,3,0,0.1,2,99.4,"1394",0,0,0,8,8,38.7,522,青木孝文,美,130,15106345,01118,01156,0518170315,加藤徹,大狩部牧場,パイロ,アンリミテッドピサ,シンボリクリスエス,黒鹿,150405,    4.0,  ,    ,44.1
18,02,17,1,東京,7,03,未勝利,7,ダ,1,1600,良,エンドウォーニング,牡,3,武士沢友,56.0,16,16,10,10,0,2.1,11,101.4,"1414",0,0,0,10,10,40,486,高市圭二,美,0,15100073,01029,01014,0518170316,井上久光,石田牧場,プリサイスエンド,イシノドリーム,ウォーニング,栗毛,150507,   58.4,  ,    ,42.1
18,02,17,1,東京,7,04,障害未勝利,7,ダ,3,3000,良,スリージェット    ,牡,5,小野寺祐,60.0,14,01,9,9,0,3.1,6,207.5,"3275",0,11,9,8,9,13.8,492,伊藤圭三,美,0,13104134,01123,01023,0518170401,永井商事,グランド牧場,サウスヴィグラス,ジョンコ,アグネスタキオン,栗毛,130424,   14.0,  ,    , 0.0
18,02,17,1,東京,7,04,障害未勝利,7,ダ,3,3000,良,オシノイッテ      ,牡,4,伊藤工真,59.0,14,02,0,0,4,999.9,14,0,"----",0,10,14,0,0,0,456,天間昭一,美,0,14109024,01119,01090,0518170402,西村新一郎,久保フアーム,フサイチリシャール,コハルカントリー,ティンバーカントリー,栗毛,140406,  166.0,  ,    , 0.0
18,02,17,1,東京,7,04,障害未勝利,7,ダ,3,3000,良,トーヨーピース    ,牡,4,草野太郎,59.0,14,03,7,7,0,1.7,10,206.1,"3261",0,13,12,10,10,13.7,478,土田稔,美,0,14104771,01113,00417,0518170403,中嶋宏,千代田牧場,ホワイトマズル,ドラゴンフラワー,マンハッタンカフェ,鹿毛,140224,   65.2,  ,    , 0.0
18,02,17,1,東京,7,04,障害未勝利,7,ダ,3,3000,良,ガルガンチュア    ,牡,5,上野翔,60.0,14,04,6,6,0,1.6,5,206,"3260",0,8,7,8,7,13.7,444,尾形充弘,美,0,13105133,01087,00349,0518170404,渡邊隆,藤澤昭勝,ステイゴールド,クラウンアスリート,アフリート,栗毛,130413,    7.7,  ,    , 0.0
18,02,17,1,東京,7,04,障害未勝利,7,ダ,3,3000,良,ハリケーンリリー  ,セ,7,難波剛健,60.0,14,05,3,3,0,0.6,7,205,"3250",0,1,1,2,2,13.7,506,崎山博樹,栗,200,11105712,01066,00365,0518170405,山上和良,木村牧場,マイネルセレクト,トウエンクィーン,ジェイドロバリー,鹿毛,110327,   14.2,  ,    , 0.0
18,02,17,1,東京,7,04,障害未勝利,7,ダ,3,3000,良,クワッドアクセル  ,牡,6,鈴木慶太,60.0,14,06,1,1,0,-0.6,1,204.4,"3244",0,2,2,1,1,13.6,472,小西一男,美,780,12102222,01082,00405,0518170406,明栄商事,沖田忠幸,マーベラスサンデー,トピアリー,タバスコキャット,栗毛,120316,    3.3,  ,    , 0.0
18,02,17,1,東京,7,04,障害未勝利,7,ダ,3,3000,良,アークアーセナル  ,牡,5,山本康志,60.0,14,07,13,13,0,7.3,11,211.7,"3317",0,6,5,5,7,14.1,492,国枝栄,美,0,13105195,01008,00399,0518170407,"アフロin El Paso",レイクヴィラファー,ダイワメジャー,ディスカバリングビューティー,Theatrical,鹿毛,130218,   65.5,  ,    , 0.0
18,02,17,1,東京,7,04,障害未勝利,7,ダ,3,3000,良,メイショウラプター,牡,4,小坂忠士,59.0,14,08,4,4,0,1.2,12,205.6,"3256",0,5,6,6,4,13.7,468,南井克巳,栗,120,14101129,01063,01049,0518170408,松本好雄,佐藤陽一,ルーラーシップ,ソトーグラシオ,アグネスタキオン,鹿毛,140324,   69.4,  ,    , 0.0
18,02,17,1,東京,7,04,障害未勝利,7,ダ,3,3000,良,アスタキサンチン  ,牝,6,中村将之,58.0,14,09,8,8,0,1.8,8,206.2,"3262",0,11,9,10,10,13.7,462,松下武士,栗,0,12105245,01101,01149,0518170409,三宅勝俊,小葉松幸雄,ヴリル,テンセイフジ,ハウスバスター,栗毛,120506,   32.5,  ,    , 0.0
18,02,17,1,東京,7,04,障害未勝利,7,ダ,3,3000,良,トゥルーラヴキッス,セ,5,五十嵐雄,60.0,14,10,11,11,0,3.4,2,207.8,"3278",0,3,3,4,5,13.9,512,藤沢和雄,美,0,13105515,01069,00386,0518170410,山本英俊,社台ファーム,ゼンノロブロイ,スモークンフローリック,"Smoke Glacken",鹿毛,130319,    4.5,  ,    , 0.0
18,02,17,1,東京,7,04,障害未勝利,7,ダ,3,3000,良,コパカバーナ      ,牝,4,蓑島靖典,57.0,14,11,10,10,0,3.2,13,207.6,"3276",0,8,9,10,10,13.8,498,伊藤正徳,美,0,14103620,01068,00383,0518170411,ミルファーム,室田千秋,パイロ,クレバーダンス,ダンスインザダーク,栗毛,140318,  124.8,  ,    , 0.0
18,02,17,1,東京,7,04,障害未勝利,7,ダ,3,3000,良,トーセンカナロア  ,牡,6,高野和馬,60.0,14,12,5,5,0,1.4,3,205.8,"3258",0,4,4,3,3,13.7,494,小桧山悟,美,78,12103950,01089,01005,0518170412,島川隆哉,レイクヴィラファー,ブラックタイド,メジロレント,メジロブライト,鹿毛,120518,    4.5,  ,    , 0.0
18,02,17,1,東京,7,04,障害未勝利,7,ダ,3,3000,良,ニシノスマッシュ  ,牡,4,大江原圭,59.0,14,13,12,12,0,5.6,9,210,"3300",0,13,13,13,13,14,440,根本康広,美,0,14102313,01120,01029,0518170413,西山茂行,村上欽哉,キングカメハメハ,キャッスルブラウン,"Silver Hawk",黒鹿,140214,   49.2,  ,    , 0.0
18,02,17,1,東京,7,04,障害未勝利,7,ダ,3,3000,良,トラキアンコード  ,セ,6,金子光希,60.0,14,14,2,2,0,0.6,4,205,"3250",0,6,8,6,6,13.7,514,武市康男,美,310,12103680,01052,01089,0518170414,原禮子,岡田スタツド,マンハッタンカフェ,レッドルンバ,"Red Ransom",芦毛,120519,    7.5,  ,    , 0.0
18,02,17,1,東京,7,05,未勝利,7,芝,0,1800,良,カヴァル          ,牡,3,内田博幸,56.0,16,01,5,5,0,0.7,6,108.9,"1489",0,0,16,16,14,34.8,492,勢司和浩,美,50,15104188,00422,01047,0518170501,サンデーレーシング,社台コーポレーショ,エイシンフラッシュ,ペニーホイッスル,サンデーサイレンス,青鹿,150208,   29.5,  ,    ,56.5
18,02,17,1,東京,7,05,未勝利,7,芝,0,1800,良,ソリフロール      ,牝,3,北村宏司,54.0,16,02,11,11,0,1.2,9,109.4,"1494",0,0,7,6,7,35.9,446,萱野浩二,美,0,15105839,01043,01024,0518170502,ヤブウチ,田中裕之,ヴィクトワールピサ,マイネノエル,トニービン,黒鹿,150511,   65.3,  ,    ,52.4
18,02,17,1,東京,7,05,未勝利,7,芝,0,1800,良,ダジボーグ        ,牡,3,津村明秀,56.0,16,03,10,10,0,1.2,8,109.4,"1494",0,0,1,1,1,36.5,432,相沢郁,美,0,15102994,01092,01020,0518170503,高瀬真尚,杵臼牧場,ノヴェリスト,シルクアイリス,ディープインパクト,黒鹿,150506,   44.1,  ,    ,49.9
18,02,17,1,東京,7,05,未勝利,7,芝,0,1800,良,ニシノアストライア,牝,3,武士沢友,54.0,16,04,8,8,0,1.2,15,109.4,"1494",0,0,10,10,11,35.7,422,星野忍,美,0,15101787,01029,01030,0518170504,西山茂行,高昭牧場,ジャングルポケット,ニシノラフィーネ,タニノギムレット,栗毛,150318,  418.8,  ,    ,53.2
18,02,17,1,東京,7,05,未勝利,7,芝,0,1800,良,マヤノガルネリ    ,セ,3,勝浦正樹,56.0,16,05,13,13,0,1.9,10,110.1,"1501",0,0,14,13,14,36.1,442,牧光二,美,0,15102152,01025,01106,0518170505,田所英子,協栄組合,ブラックタイド,マックススカラ,"Opera House",鹿毛,150227,   65.5,  ,    ,52.5
18,02,17,1,東京,7,05,未勝利,7,芝,0,1800,良,ウインアイスバーグ,牝,3,松岡正海,54.0,16,06,6,6,0,0.8,12,109,"1490",0,0,2,2,4,35.8,426,畠山吉宏,美,0,15100234,01085,01048,0518170506,ウイン,コスモヴューファー,ステイゴールド,サマーエタニティ,アドマイヤコジーン,芦毛,150516,  120.0,  ,    ,52.2
18,02,17,1,東京,7,05,未勝利,7,芝,0,1800,良,キングジョーカ    ,牡,3,江田照男,56.0,16,07,7,7,0,0.8,4,109,"1490",0,0,7,6,7,35.4,470,天間昭一,美,0,15101595,00689,01090,0518170507,臼井義太郎,ダーレー・ジャパン,キングズベスト,キャンディス,Caerleon,鹿毛,150416,   17.6,  ,    ,54.0
18,02,17,1,東京,7,05,未勝利,7,芝,0,1800,良,バールドバイ      ,牡,3,ルメール,56.0,16,08,1,1,0,-0.2,1,108.2,"1482",0,0,2,4,5,34.9,494,木村哲也,美,500,15101660,05339,01126,0518170508,ゴドルフィン,ダーレー・ジャパン,Dubawi,ポップアイコン,ダイワメジャー,鹿毛,150214,    1.4,  ,    ,55.0
18,02,17,1,東京,7,05,未勝利,7,芝,0,1800,良,アストラサンタン  ,牝,3,福永祐一,54.0,16,09,2,2,0,0.2,2,108.4,"1484",0,0,7,6,5,35.1,456,戸田博文,美,200,15104627,01014,01054,0518170509,丹羽久一郎,社台ファーム,ハーツクライ,レンドフェリーチェ,Cozzene,青鹿,150313,    5.7,  ,    ,54.4
18,02,17,1,東京,7,05,未勝利,7,芝,0,1800,良,ミッキーアトアニ  ,牡,3,三浦皇成,56.0,16,10,12,12,0,1.5,7,109.7,"1497",0,0,12,10,11,35.9,482,高柳瑞樹,美,0,15104653,01122,01118,0518170510,野田みづき,ノーザンファーム,ハーツクライ,アトアニ,"King's Best",栗毛,150209,   42.6,  ,    ,52.8
18,02,17,1,東京,7,05,未勝利,7,芝,0,1800,良,ヴィラバドラ      ,牡,3,野中悠太,53.0,16,11,4,4,0,0.6,11,108.8,"1488",0,0,12,10,7,35.2,462,奥村武,美,75,15101875,01158,01145,0518170511,金山敏也,日高大洋牧場,ジャングルポケット,レディーファースト,ダンスインザダーク,黒鹿,150508,   88.0,  ,    ,54.5
18,02,17,1,東京,7,05,未勝利,7,芝,0,1800,良,ダノンポピー      ,牝,3,戸崎圭太,54.0,16,12,3,3,0,0.3,3,108.5,"1485",0,0,15,15,14,34.5,460,尾関知人,美,130,15105013,05386,01103,0518170512,ダノックス,ノーザンファーム,ダイワメジャー,マネーキャントバイミーラヴ,Pivotal,栗毛,150302,    7.3,  ,    ,57.2
18,02,17,1,東京,7,05,未勝利,7,芝,0,1800,良,ルックスマート    ,牡,3,田辺裕信,56.0,16,13,9,9,0,1.2,5,109.4,"1494",0,0,2,4,2,36.3,482,小島茂之,美,0,15106499,01075,01068,0518170513,平田修,ヤナガワ牧場,ヴィクトワールピサ,メイショウセイカ,クロフネ,鹿毛,150212,   19.1,  ,    ,50.7
18,02,17,1,東京,7,05,未勝利,7,芝,0,1800,良,マイネルグリージョ,牡,3,柴田大知,56.0,16,14,15,15,0,2.6,14,110.8,"1508",0,0,6,6,7,37.3,472,武藤善則,美,0,15100717,01009,01064,0518170514,サラブレッドクラブ,競優牧場,ブラックタイド,フローラルジュノー,タイキシャトル,芦毛,150326,  312.8,  ,    ,48.5
18,02,17,1,東京,7,05,未勝利,7,芝,0,1800,良,シックスマイル    ,牝,3,村田一誠,54.0,16,15,13,13,0,1.9,16,110.1,"1501",0,0,10,13,11,36.3,440,尾形充弘,美,0,15101941,01031,00349,0518170515,古川嘉治,豊洋牧場,シンボリクリスエス,カレンバレリーナ,サンデーサイレンス,黒鹿,150430,  480.4,  ,    ,51.7
18,02,17,1,東京,7,05,未勝利,7,芝,0,1800,良,マザー            ,牝,3,柴田善臣,54.0,16,16,16,16,0,4,13,112.2,"1522",0,0,2,2,2,39.1,498,粕谷昌央,美,0,15103016,00641,01096,0518170516,小田切有一,木村牧場,メイショウサムソン,オジャッタモンセ,クロフネ,芦毛,150322,  276.8,  ,    ,43.5
18,02,17,1,東京,7,06,500万下*,23,芝,0,1600,良,トーセンエポナ    ,牝,3,松岡正海,54.0,15,01,9,9,0,1.3,11,95.9,"1359",0,0,0,4,4,35.7,464,土田稔,美,0,15101103,01085,00417,0518170601,島川隆哉,エスティファーム,ジャングルポケット,トーセンエトワール,"Street Cry",鹿毛,150224,  294.8,  ,    ,51.2
18,02,17,1,東京,7,06,500万下*,23,芝,0,1600,良,プローシブル      ,牡,3,野中悠太,53.0,15,02,7,7,0,1.2,12,95.8,"1358",0,0,0,5,4,35.5,476,尾形充弘,美,0,15105117,01158,00349,0518170602,伊東純一,ノーザンファーム,キングカメハメハ,ワンダースマイル,ダイワメジャー,栗毛,150118,  432.5,  ,    ,51.9
18,02,17,1,東京,7,06,500万下*,23,芝,0,1600,良,プリームムロジンカ,牝,3,勝浦正樹,54.0,15,03,13,13,0,2.4,10,97,"1370",0,0,0,1,1,37,460,高橋裕,美,0,15100838,01025,00412,0518170603,ディアレストクラブ,村上欽哉,サウスヴィグラス,ウインミュートス,ダンスインザダーク,鹿毛,150514,  134.5,  ,    ,47.3
18,02,17,1,東京,7,06,500万下*,23,芝,0,1600,良,ハーレムライン    ,牝,3,大野拓弥,54.0,15,04,1,1,0,-0.1,3,94.6,"1346",0,0,0,2,2,34.6,458,田中清隆,美,720,15104542,01096,00408,0518170604,吉田千津,社台ファーム,マンハッタンカフェ,マクリス,グルームダンサー,鹿毛,150220,    5.2,  ,    ,54.0
18,02,17,1,東京,7,06,500万下*,23,芝,0,1600,良,スターリバー      ,牝,3,岩部純二,54.0,15,05,14,14,0,2.5,13,97.1,"1371",0,0,0,8,9,36.6,444,萱野浩二,美,0,15106310,00726,01024,0518170605,田頭勇貴,山田牧場,スクリーンヒーロー,サクラシンフォニー,ワイルドラッシュ,栗毛,150510,  499.9,  ,    ,49.2
18,02,17,1,東京,7,06,500万下*,23,芝,0,1600,良,テイエムチャレンジ,牡,3,田中勝春,56.0,15,06,11,11,0,1.7,14,96.3,"1363",0,0,0,13,13,35.4,500,石栗龍彦,美,0,15101881,00684,01043,0518170606,竹園正繼,日高テイエム牧場,ニューイングランド,テイエムマイサクラ,マリエンバード,栗毛,150407,  517.6,  ,    ,53.2
18,02,17,1,東京,7,06,500万下*,23,芝,0,1600,良,ダイアトニック    ,牡,3,ルメール,56.0,15,07,4,4,0,0.3,1,94.9,"1349",0,0,0,5,4,34.6,468,安田隆行,栗,110,15103057,05339,00438,0518170607,シルクレーシング,酒井牧場,ロードカナロア,トゥハーモニー,サンデーサイレンス,鹿毛,150512,    2.3,  ,    ,54.6
18,02,17,1,東京,7,06,500万下*,23,芝,0,1600,良,モリデンテキーラ  ,牝,3,井上敏樹,53.0,15,08,15,15,0,4.3,15,98.9,"1389",0,0,0,15,15,35.5,408,小桧山悟,美,0,15100910,01151,01005,0518170608,森田芳男,森田芳男,キングヘイロー,アローフィールド,シャーディー,青鹿,150531,  676.4,  ,    ,57.2
18,02,17,1,東京,7,06,500万下*,23,芝,0,1600,良,テンワールドレイナ,牝,3,三浦皇成,54.0,15,09,5,5,0,0.6,4,95.2,"1352",0,0,0,8,9,34.7,460,矢野英一,美,72,15104612,01122,01108,0518170609,天白泰司,社台ファーム,ローエングリン,レイナクーバ,アグネスタキオン,栗毛,150224,    8.4,  ,    ,54.6
18,02,17,1,東京,7,06,500万下*,23,芝,0,1600,良,ヴァイザー        ,牡,3,福永祐一,56.0,15,10,11,11,0,1.7,7,96.3,"1363",0,0,0,7,7,35.9,440,高橋亮,栗,0,15104697,01014,01136,0518170610,キャロットファーム,ノーザンファーム,ノヴェリスト,ヴァイスハイト,アドマイヤベガ,黒鹿,150330,   28.4,  ,    ,50.9
18,02,17,1,東京,7,06,500万下*,23,芝,0,1600,良,フラットレー      ,牡,3,ムーア,56.0,15,11,8,8,0,1.2,2,95.8,"1358",0,0,0,13,13,35,486,藤沢和雄,美,0,15105070,05366,00386,0518170611,キャロットファーム,ノーザンファーム,ハーツクライ,リッチダンサー,Halling,青鹿,150408,    4.0,  ,    ,54.2
18,02,17,1,東京,7,06,500万下*,23,芝,0,1600,良,アイスフィヨルド  ,牡,3,戸崎圭太,56.0,15,12,2,2,0,0.1,6,94.7,"1347",0,0,0,2,2,34.6,440,武藤善則,美,290,15102841,05386,01064,0518170612,佐々木雄二,浦河小林牧場,クリストワイニング,ラトーヌインパクト,ディープインパクト,芦毛,150422,   16.5,  ,    ,54.2
18,02,17,1,東京,7,06,500万下*,23,芝,0,1600,良,ファストライフ    ,牝,3,津村明秀,54.0,15,13,3,3,0,0.3,9,94.9,"1349",0,0,0,11,12,34.2,438,青木孝文,美,180,15102431,01092,01156,0518170613,石川秀守,白井吉美,スーパーホーネット,トゥファーアウェイ,チチカステナンゴ,栗毛,150510,   66.1,  ,    ,56.5
18,02,17,1,東京,7,06,500万下*,23,芝,0,1600,良,ゴールドギア      ,牡,3,北村宏司,56.0,15,14,6,6,0,0.6,5,95.2,"1352",0,0,0,11,9,34.6,472,伊藤圭三,美,0,15103452,01043,01023,0518170614,有馬博文,三嶋牧場,ロードカナロア,ギンザボナンザ,ゼンノロブロイ,黒鹿,150301,    8.6,  ,    ,55.1
18,02,17,1,東京,7,06,500万下*,23,芝,0,1600,良,エトナ            ,牡,3,武藤雅,54.0,15,15,10,10,0,1.5,8,96.1,"1361",0,0,0,8,7,35.7,486,栗田博憲,美,0,15104281,01169,00341,0518170615,岡田牧雄,社台ファーム,ロードカナロア,オレンジブロッサム,サンデーサイレンス,鹿毛,150405,   62.4,  ,    ,51.5
18,02,17,1,東京,7,07,500万下・牝,23,ダ,1,1400,良,タキオンレイ      ,牝,4,野中悠太,52.0,16,01,11,11,0,2.8,14,87.8,"1278",0,0,0,5,5,39.4,474,伊藤正徳,美,0,14105065,01158,00383,0518170701,小林博雄,藤原牧場,バトルプラン,エアデヴォン,アグネスタキオン,栗毛,140424,  135.6,  ,    ,42.1
18,02,17,1,東京,7,07,500万下・牝,23,ダ,1,1400,良,ディーワンプリモ  ,牝,4,三浦皇成,55.0,16,02,15,15,0,5.5,13,90.5,"1305",0,0,0,1,1,42.7,448,中川公成,美,0,14105516,01122,01081,0518170702,小清水由美子,社台ファーム,キンシャサノキセキ,ショーコ,Efisio,鹿毛,140418,  132.1,  ,    ,34.0
18,02,17,1,東京,7,07,500万下・牝,23,ダ,1,1400,良,タンゴ            ,牝,4,戸崎圭太,55.0,16,03,9,9,0,2.5,4,87.5,"1275",0,0,0,2,2,39.6,506,奥村武,美,0,14106064,05386,01145,0518170703,石川達絵,ノーザンファーム,スマートファルコン,バシマー,"Grand Lodge",鹿毛,140426,    5.6,  ,    ,40.7
18,02,17,1,東京,7,07,500万下・牝,23,ダ,1,1400,良,レッドアメリア    ,牝,4,武藤雅,53.0,16,04,5,5,0,1.9,12,86.9,"1269",0,0,0,7,7,38.4,452,鹿戸雄一,美,75,14100960,01169,01097,0518170704,東京ホースレーシン,乾皆雄,ディープインパクト,ジューシージーン,"High Chaparral",鹿毛,140309,   95.1,  ,    ,44.7
18,02,17,1,東京,7,07,500万下・牝,23,ダ,1,1400,良,サクレディーヴァ  ,牝,5,ミナリク,55.0,16,05,1,1,0,-0.6,2,85,"1250",0,0,0,2,2,37.1,524,加藤征弘,美,750,13106137,05517,01059,0518170705,K.S.ヤップ,ノーザンファーム,クロフネ,ラフェクレール,スペシャルウィーク,芦毛,130206,    4.4,  ,    ,46.8
18,02,17,1,東京,7,07,500万下・牝,23,ダ,1,1400,良,メイショウアテン  ,牝,4,小島太一,55.0,16,06,6,6,0,2.1,6,87.1,"1271",0,0,0,8,8,38.5,466,小島太,美,0,14102976,01097,01013,0518170706,松本好雄,中脇一幸,ヴァーミリアン,ニンフェッタ,タイキシャトル,鹿毛,140510,   19.1,  ,    ,44.7
18,02,17,1,東京,7,07,500万下・牝,23,ダ,1,1400,良,ピサノベルベット  ,牝,4,勝浦正樹,55.0,16,07,8,8,0,2.4,11,87.4,"1274",0,0,0,15,15,37.6,438,中舘英二,美,0,14105051,01025,01153,0518170707,市川義美ホールディ,フジワラフアーム,ヴィクトワールピサ,ピサノグレース,フレンチデピュティ,鹿毛,140526,   73.7,  ,    ,49.3
18,02,17,1,東京,7,07,500万下・牝,23,ダ,1,1400,良,フィーユダムール  ,牝,5,横山和生,55.0,16,08,0,0,1,999.9,0,0,"----",0,0,0,0,0,0,0,小野次郎,美,0,13105283,01140,01125,0518170708,窪田康志,追分ファーム,ディープインパクト,メダリアダムール,"Medaglia d'Oro",鹿毛,130126,    0.0,  ,    , 0.0
18,02,17,1,東京,7,07,500万下・牝,23,ダ,1,1400,良,イイナヅケ        ,牝,5,柴田大知,55.0,16,09,14,14,0,5.3,15,90.3,"1303",0,0,0,8,13,41.1,470,尾形和幸,美,0,13105822,01009,01141,0518170709,大和屋暁,ノーザンファーム,ワークフォース,カイゼリン,アドマイヤベガ,鹿毛,130429,  169.2,  ,    ,39.8
18,02,17,1,東京,7,07,500万下・牝,23,ダ,1,1400,良,ハッピーランラン  ,牝,4,大野拓弥,55.0,16,10,12,12,0,3.7,10,88.7,"1287",0,0,0,11,11,39.6,506,手塚貴久,美,0,14106060,01096,01038,0518170710,馬場幸夫,ノーザンファーム,ワークフォース,ハッピーラン,フレンチデピュティ,鹿毛,140203,   46.4,  ,    ,43.0
18,02,17,1,東京,7,07,500万下・牝,23,ダ,1,1400,良,ウォルプタス      ,牝,4,松岡正海,55.0,16,11,10,10,0,2.6,9,87.6,"1276",0,0,0,8,8,39,442,和田正一,美,0,14102501,01085,01114,0518170711,本間充,本間牧場,ネオユニヴァース,カンタトリーチェ,ブライアンズタイム,青鹿,140224,   44.5,  ,    ,43.5
18,02,17,1,東京,7,07,500万下・牝,23,ダ,1,1400,良,ロジセンス        ,牝,4,北村宏司,55.0,16,12,13,13,0,4.2,7,89.2,"1292",0,0,0,5,5,40.9,528,伊藤大士,美,0,14102681,01043,01109,0518170712,久米田正明,チャンピオンズファ,ストリートセンス,シャレーポピー,サンデーサイレンス,鹿毛,140320,   32.8,  ,    ,38.6
18,02,17,1,東京,7,07,500万下・牝,23,ダ,1,1400,良,フィビュラ        ,牝,5,ルメール,55.0,16,13,3,3,0,0.8,3,85.8,"1258",0,0,0,13,11,36.7,508,萩原清,美,190,13105805,05339,01017,0518170713,G1レーシング,ノーザンファーム,クロフネ,エイグレット,サンデーサイレンス,芦毛,130302,    4.8,  ,    ,50.3
18,02,17,1,東京,7,07,500万下・牝,23,ダ,1,1400,良,ヤマイチジャスティ,牝,5,田中勝春,55.0,16,14,4,4,0,0.9,5,85.9,"1259",0,0,0,11,10,37,478,高市圭二,美,110,13103678,00684,01014,0518170714,菊地祐司,信岡牧場,エンパイアメーカー,ペイドリン,Pulpit,鹿毛,130224,    9.4,  ,    ,49.1
18,02,17,1,東京,7,07,500万下・牝,23,ダ,1,1400,良,レアファインド    ,牝,5,内田博幸,55.0,16,15,7,7,0,2.3,8,87.3,"1273",0,0,0,14,14,37.8,464,田村康仁,美,0,13105569,00422,01027,0518170715,G1レーシング,社台ファーム,ステイゴールド,ネットオークション,"Storm Bird",鹿毛,130515,   33.3,  ,    ,48.2
18,02,17,1,東京,7,07,500万下・牝,23,ダ,1,1400,良,ヒルダ            ,牝,5,田辺裕信,55.0,16,16,2,2,0,0.6,1,85.6,"1256",0,0,0,4,4,37.6,476,黒岩陽一,美,300,13106014,01075,01133,0518170716,吉田和美,ノーザンファーム,ダイワメジャー,バロネスサッチャー,Johannesburg,栗毛,130126,    2.9,  ,    ,45.7
18,02,17,1,東京,7,08,500万下,23,ダ,1,1600,良,ピックミータッチ  ,セ,5,武藤雅,55.0,16,01,1,1,0,-0.2,7,98.7,"1387",0,0,0,11,5,37.6,512,藤沢和雄,美,750,13106172,01169,00386,0518170801,山本英俊,ノーザンファーム,ゼンノロブロイ,レジェンドトレイル,フレンチデピュティ,鹿毛,130224,   10.5,  ,    ,47.5
18,02,17,1,東京,7,08,500万下,23,ダ,1,1600,良,スパークルメノウ  ,牡,4,横山和生,57.0,16,02,7,7,0,1.2,15,99.9,"1399",0,0,0,13,13,38.2,472,土田稔,美,0,14104759,01140,00417,0518170802,島川隆哉,千代田牧場,ディープインパクト,スパークルジュエル,"Unbridled's Song",黒鹿,140319,  202.1,  ,    ,46.9
18,02,17,1,東京,7,08,500万下,23,ダ,1,1600,良,セガールモチンモク,セ,4,戸崎圭太,57.0,16,03,3,3,0,0.6,4,99.3,"1393",0,0,0,16,16,37.4,482,粕谷昌央,美,190,14106522,05386,01096,0518170803,小田切有一,木村牧場,アポロキングダム,モットヒカリヲ,アフリート,栗毛,140510,    7.9,  ,    ,49.3
18,02,17,1,東京,7,08,500万下,23,ダ,1,1600,良,データヴァリュー  ,牡,4,大野拓弥,57.0,16,04,14,14,0,2.3,12,101,"1410",0,0,0,8,10,39.6,476,久保田貴,美,0,14105261,01096,01067,0518170804,社台レースホース,追分ファーム,クロフネ,クリックヒア,サンデーサイレンス,鹿毛,140208,   90.1,  ,    ,43.0
18,02,17,1,東京,7,08,500万下,23,ダ,1,1600,良,ベストインザスカイ,牡,5,江田照男,57.0,16,05,16,16,0,4.2,11,102.9,"1429",0,0,0,1,1,42.1,516,金成貴史,美,0,13104514,00689,01132,0518170805,飯田正剛,千代田牧場,エンパイアメーカー,ベストオブミー,ブライアンズタイム,鹿毛,130320,   72.9,  ,    ,36.7
18,02,17,1,東京,7,08,500万下,23,ダ,1,1600,良,ピアノイッチョウ  ,牝,4,田辺裕信,55.0,16,06,4,4,0,0.9,1,99.6,"1396",0,0,0,14,13,37.9,528,尾形充弘,美,110,14103937,01075,00349,0518170806,小林祥晃,中神牧場,ヴァーミリアン,ジョウノナイヤガラ,ティンバーカントリー,黒鹿,140413,    4.5,  ,    ,47.7
18,02,17,1,東京,7,08,500万下,23,ダ,1,1600,良,ハイアーグラウンド,牡,4,ムーア,57.0,16,07,10,10,0,1.5,2,100.2,"1402",0,0,0,6,9,38.9,498,大和田成,美,0,14105391,05366,01124,0518170807,小村アセットM,社台ファーム,シンボリクリスエス,アスピリンスノー,エルコンドルパサー,鹿毛,140303,    4.5,  ,    ,44.6
18,02,17,1,東京,7,08,500万下,23,ダ,1,1600,良,ダークネブラス    ,牡,6,福永祐一,57.0,16,08,12,12,0,1.9,5,100.6,"1406",0,0,0,4,4,39.6,472,鹿戸雄一,美,0,12104838,01014,01097,0518170808,サンデーレーシング,社台コーポレーショ,ハーツクライ,マイベストスター,Danehill,青鹿,120315,    9.5,  ,    ,42.4
18,02,17,1,東京,7,08,500万下,23,ダ,1,1600,良,メイショウルミナス,牝,4,小島太一,55.0,16,09,6,6,0,1.2,13,99.9,"1399",0,0,0,5,5,38.8,474,小島太,美,0,14103578,01097,01013,0518170809,松本好雄,三嶋牧場,アイルハヴアナザー,メイショウマリア,マンハッタンカフェ,黒鹿,140422,  153.4,  ,    ,44.5
18,02,17,1,東京,7,08,500万下,23,ダ,1,1600,良,ラグプリンセス    ,牝,4,柴田大知,55.0,16,10,8,8,0,1.3,9,100,"1400",0,0,0,14,13,38.2,486,金成貴史,美,0,14110012,01009,01132,0518170810,吉田和子,"Northwest Farms LL","Union Rags",Exogenetic,"Unbridled's Song",鹿毛,140412,   14.5,  ,    ,47.1
18,02,17,1,東京,7,08,500万下,23,ダ,1,1600,良,サクラレガーロ    ,牡,4,北村宏司,57.0,16,11,9,9,0,1.4,10,100.1,"1401",0,0,0,2,2,39.2,466,高柳瑞樹,美,0,14104910,01043,01118,0518170811,さくらコマース,西村和夫,ハービンジャー,サクラローズマリー,サクラプレジデント,栗毛,140331,   24.7,  ,    ,43.2
18,02,17,1,東京,7,08,500万下,23,ダ,1,1600,良,フィスキオ        ,牡,4,三浦皇成,57.0,16,12,2,2,0,0.2,3,98.9,"1389",0,0,0,8,5,37.7,482,栗田徹,美,300,14100658,01122,01127,0518170812,ノースヒルズ,平山牧場,アイルハヴアナザー,フィーユ,ダンスインザダーク,栗毛,140302,    6.2,  ,    ,47.4
18,02,17,1,東京,7,08,500万下,23,ダ,1,1600,良,ミセスワタナベ    ,牝,4,ルメール,55.0,16,13,11,11,0,1.8,6,100.5,"1405",0,0,0,11,10,39,492,木村哲也,美,0,14110088,05339,01126,0518170813,吉田和子,"C. Kidder N. Cole",Tapizar,"Foxy Friend","Crafty Friend",鹿毛,140315,   10.1,  ,    ,44.6
18,02,17,1,東京,7,08,500万下,23,ダ,1,1600,良,サーストンウィナー,セ,4,野中悠太,54.0,16,14,15,15,0,2.4,16,101.1,"1411",0,0,0,6,5,39.9,462,武井亮,美,0,14103911,01158,01147,0518170814,齊藤宣勝,高岸順一,プリサイスエンド,サウスエンピリカル,マンハッタンカフェ,黒鹿,140308,  463.6,  ,    ,42.0
18,02,17,1,東京,7,08,500万下,23,ダ,1,1600,良,リパーカッション  ,牡,4,勝浦正樹,57.0,16,15,13,13,0,1.9,14,100.6,"1406",0,0,0,2,2,39.7,504,牧光二,美,0,14104074,01025,01106,0518170815,石瀬浩三,杵臼牧場,ネオユニヴァース,ファーナリー,Danehill,鹿毛,140317,  192.5,  ,    ,42.0
18,02,17,1,東京,7,08,500万下,23,ダ,1,1600,良,プエルト          ,セ,6,内田博幸,57.0,16,16,5,5,0,0.9,8,99.6,"1396",0,0,0,8,10,38.2,538,大竹正博,美,75,12103932,00422,01102,0518170816,池谷誠一,レイクヴィラファー,メイショウサムソン,チャールストンハーバー,Grindstone,鹿毛,120425,   14.2,  ,    ,46.4
18,02,17,1,東京,7,09,フリージ500*,23,芝,0,2000,良,ブレステイキング  ,牡,3,ムーア,56.0,11,01,3,3,0,0.1,3,121.6,"2016",0,0,2,2,1,34.3,472,堀宣行,美,250,15104810,05366,01070,0518170901,サンデーレーシング,ノーザンファーム,ディープインパクト,シユーマ,Medicean,鹿毛,150412,    4.5,  ,    ,59.1
18,02,17,1,東京,7,09,フリージ500*,23,芝,0,2000,良,ホリデーモード    ,牡,3,田辺裕信,56.0,11,02,7,7,0,1,5,122.5,"2025",0,0,1,1,2,35.2,490,矢野英一,美,0,15110020,01075,01108,0518170902,下河辺隆行,"Shimokobe Farm","Point of Entry","Ski Holiday","Harlan's Holiday",黒鹿,150402,    9.8,  ,    ,56.3
18,02,17,1,東京,7,09,フリージ500*,23,芝,0,2000,良,トキノパイレーツ  ,牡,3,津村明秀,56.0,11,03,5,5,0,0.8,9,122.3,"2023",0,0,3,3,2,34.9,448,相沢郁,美,100,15106513,01092,01020,0518170903,田中準市,川上牧場,モンテロッソ,エルサフィール,タヤスツヨシ,鹿毛,150316,   84.5,  ,    ,57.3
18,02,17,1,東京,7,09,フリージ500*,23,芝,0,2000,良,アシュリン        ,牝,3,中谷雄太,54.0,11,04,6,6,0,0.8,7,122.3,"2023",0,0,4,4,4,34.7,440,松永幹夫,栗,0,15102591,01038,01092,0518170904,吉田和美,前川正美,マンハッタンカフェ,アンティックドール,"Fusaichi Pegasus",青鹿,150422,   18.3,  ,    ,58.2
18,02,17,1,東京,7,09,フリージ500*,23,芝,0,2000,良,タイプムーン      ,牝,3,宮崎北斗,54.0,11,05,10,10,0,2.4,10,123.9,"2039",0,0,8,7,7,36.1,468,池上昌弘,美,0,15100246,01118,00390,0518170905,コスモヴューファー,コスモヴューファー,アイルハヴアナザー,マイネサンサン,スペシャルウィーク,黒鹿,150202,  208.7,  ,    ,54.2
18,02,17,1,東京,7,09,フリージ500*,23,芝,0,2000,良,プロトスター      ,牡,3,福永祐一,56.0,11,06,11,11,0,2.7,6,124.2,"2042",0,0,5,4,4,36.6,480,戸田博文,美,0,15104557,01014,01054,0518170906,社台レースホース,社台ファーム,ネオユニヴァース,マルバイユ,Marju,栗毛,150430,   15.3,  ,    ,52.6
18,02,17,1,東京,7,09,フリージ500*,23,芝,0,2000,良,ギベオン          ,牡,3,ルメール,56.0,11,07,1,1,0,-0.1,1,121.5,"2015",0,0,8,7,7,33.7,504,藤原英昭,栗,1000,15104317,05339,01055,0518170907,社台レースホース,社台ファーム,ディープインパクト,コンテスティッド,Ghostzapper,鹿毛,150220,    3.3,  ,    ,61.7
18,02,17,1,東京,7,09,フリージ500*,23,芝,0,2000,良,ハーツフェルト    ,牝,3,戸崎圭太,54.0,11,08,9,9,0,1.4,8,122.9,"2029",0,0,7,11,10,34.8,436,角居勝彦,栗,0,15105010,05386,01053,0518170908,林正道,ノーザンファーム,ハーツクライ,マチカネタマカズラ,Kingmambo,栗毛,150212,   23.4,  ,    ,58.5
18,02,17,1,東京,7,09,フリージ500*,23,芝,0,2000,良,ヴィオトポス      ,牝,3,松岡正海,54.0,11,09,8,8,0,1.3,11,122.8,"2028",0,0,5,7,7,35,440,田村康仁,美,0,15100726,01085,01027,0518170909,サラブレッドクラブ,ビッグレッドファー,マツリダゴッホ,マイネヴィータ,ナリタブライアン,青鹿,150301,  269.9,  ,    ,57.5
18,02,17,1,東京,7,09,フリージ500*,23,芝,0,2000,良,マイネルファンロン,牡,3,柴田大知,56.0,11,10,2,2,0,0.1,4,121.6,"2016",0,0,8,4,4,34,458,手塚貴久,美,400,15100744,01009,01038,0518170910,サラブレッドクラブ,ビッグレッドファー,ステイゴールド,マイネテレジア,ロージズインメイ,青鹿,150219,    5.4,  ,    ,60.4
18,02,17,1,東京,7,09,フリージ500*,23,芝,0,2000,良,エリスライト      ,牝,3,蛯名正義,54.0,11,11,4,4,0,0.7,2,122.2,"2022",0,0,11,10,10,34.1,426,久保田貴,美,150,15104758,00663,01067,0518170911,キャロットファーム,ノーザンファーム,ディープインパクト,クリソプレーズ,エルコンドルパサー,鹿毛,150210,    3.7,  ,    ,60.7
18,02,17,1,東京,7,10,白嶺Ｓ1600,67,ダ,1,1600,良,エニグマ          ,牡,4,ミナリク,57.0,16,01,4,4,0,0.8,4,99,"1390",0,0,0,5,3,37.4,494,高橋文雅,美,270,14101658,05517,01134,0518171001,石瀬浩三,いとう牧場,ロージズインメイ,ヴィーナスコロニー,Nureyev,鹿毛,140326,    7.6,  ,    ,48.8
18,02,17,1,東京,7,10,白嶺Ｓ1600,67,ダ,1,1600,良,クライスマイル    ,牡,7,柴田善臣,57.0,16,02,1,1,0,-0.5,11,98.2,"1382",0,0,0,2,2,36.8,472,大和田成,美,1820,11104489,00641,01124,0518171002,小村アセットM,社台ファーム,スクリーンヒーロー,リーフィーウッド,ホワイトマズル,黒鹿,110420,   53.2,  ,    ,50.1
18,02,17,1,東京,7,10,白嶺Ｓ1600,67,ダ,1,1600,良,イーグルフェザー  ,牡,5,田辺裕信,57.0,16,03,9,9,0,1.4,2,99.6,"1396",0,0,0,14,14,37,492,小笠倫弘,美,0,13105373,01075,01076,0518171003,社台レースホース,社台ファーム,ネオユニヴァース,アーリーアメリカン,"El Corredor",鹿毛,130427,    4.2,  ,    ,51.5
18,02,17,1,東京,7,10,白嶺Ｓ1600,67,ダ,1,1600,良,コアレスキング    ,牡,8,村田一誠,57.0,16,04,7,7,0,1.1,13,99.3,"1393",0,0,0,7,7,37.4,542,尾形充弘,美,0,10100034,01031,00349,0518171004,小林昌志,コアレススタッド,キングカメハメハ,コアレスサンデー,ジェニュイン,鹿毛,100422,  165.8,  ,    ,49.3
18,02,17,1,東京,7,10,白嶺Ｓ1600,67,ダ,1,1600,良,ペプチドウォヘッド,牡,6,勝浦正樹,57.0,16,05,10,10,0,1.4,12,99.6,"1396",0,0,0,9,12,37.1,454,木原一良,栗,0,12105212,01025,01033,0518171005,沼川一彦,杵臼牧場,キングカメハメハ,ドリームスピカ,バブルガムフェロー,鹿毛,120205,   70.1,  ,    ,51.1
18,02,17,1,東京,7,10,白嶺Ｓ1600,67,ダ,1,1600,良,シップウ          ,セ,7,武士沢友,57.0,16,06,12,12,0,1.8,16,100,"1400",0,0,0,14,16,37,500,伊藤正徳,美,0,11102576,01029,00383,0518171006,ヒダカ・ブリーダー,藤原牧場,コンデュイット,バレンソール,アフリート,黒鹿,110313,  389.3,  ,    ,52.2
18,02,17,1,東京,7,10,白嶺Ｓ1600,67,ダ,1,1600,良,ベルウッドテラス  ,セ,8,中谷雄太,57.0,16,07,8,8,0,1.4,15,99.6,"1396",0,0,0,12,12,37.2,498,二ノ宮敬,美,0,10100307,01038,00409,0518171007,鈴木照雄,オリオンファーム,ステイゴールド,リリーポンド,"Grand Slam",鹿毛,100203,  299.0,  ,    ,50.6
18,02,17,1,東京,7,10,白嶺Ｓ1600,67,ダ,1,1600,良,ハルクンノテソーロ,牡,4,大野拓弥,57.0,16,08,14,14,0,2.1,5,100.3,"1403",0,0,0,12,10,38,476,高木登,美,0,14100484,01096,01088,0518171008,了徳寺健二ホールデ,長浜牧場,ファスリエフ,トウカイベルタ,ワイルドラッシュ,黒鹿,140311,    8.4,  ,    ,48.4
18,02,17,1,東京,7,10,白嶺Ｓ1600,67,ダ,1,1600,良,クロフネビームス  ,牝,6,柴田大知,55.0,16,09,15,15,0,2.2,10,100.4,"1404",0,0,0,9,9,38.2,484,尾形充弘,美,0,12101889,01009,00349,0518171009,古川嘉治,豊洋牧場,クロフネ,カレンバレリーナ,サンデーサイレンス,芦毛,120412,   31.3,  ,    ,47.7
18,02,17,1,東京,7,10,白嶺Ｓ1600,67,ダ,1,1600,良,レッドオルバース  ,牡,6,内田博幸,57.0,16,10,3,3,0,0.7,1,98.9,"1389",0,0,0,5,3,37.2,504,国枝栄,美,460,12104115,00422,00399,0518171010,東京ホースレーシン,社台ファーム,ダイワメジャー,アグネスラズベリ,エアジハード,栗毛,120426,    3.0,  ,    ,49.5
18,02,17,1,東京,7,10,白嶺Ｓ1600,67,ダ,1,1600,良,レッドサバス      ,牡,6,津村明秀,57.0,16,11,6,6,0,1,7,99.2,"1392",0,0,0,7,7,37.3,472,松田国英,栗,0,12104104,01092,01011,0518171011,東京ホースレーシン,社台ファーム,キングカメハメハ,アイシーサイレンス,サンデーサイレンス,黒鹿,120430,   16.5,  ,    ,49.6
18,02,17,1,東京,7,10,白嶺Ｓ1600,67,ダ,1,1600,良,エキマエ          ,牡,7,江田照男,57.0,16,12,11,11,0,1.6,8,99.8,"1398",0,0,0,1,1,39.2,530,中川公成,美,0,11104563,00689,01081,0518171012,古川智洋,アラキフアーム,メイショウボーラー,ローレルシャイン,コマンダーインチーフ,鹿毛,110515,   21.5,  ,    ,42.8
18,02,17,1,東京,7,10,白嶺Ｓ1600,67,ダ,1,1600,良,タイセイプレシャス,セ,6,松岡正海,57.0,16,13,13,13,0,2,9,100.2,"1402",0,0,0,14,14,37.5,470,池上昌弘,美,0,12103540,01085,00390,0518171013,田中成奉,前谷武志,プリサイスエンド,クイーンオブハルカ,Singspiel,栗毛,120305,   23.4,  ,    ,50.3
18,02,17,1,東京,7,10,白嶺Ｓ1600,67,ダ,1,1600,良,イーストオブザサン,牡,5,戸崎圭太,57.0,16,14,5,5,0,0.8,6,99,"1390",0,0,0,9,10,36.7,474,浅見秀一,栗,182,13105526,05386,00411,0518171014,三田昌宏,社台ファーム,キングカメハメハ,タックスシェルター,フジキセキ,黒鹿,130314,   13.6,  ,    ,51.9
18,02,17,1,東京,7,10,白嶺Ｓ1600,67,ダ,1,1600,良,ナムラミラクル    ,牡,5,藤懸貴志,57.0,16,15,2,2,0,0.5,3,98.7,"1387",0,0,0,3,3,37.1,480,杉山晴紀,栗,730,13100711,01138,01157,0518171015,奈村信重,ナカノファーム,スパイキュール,アーダーチャリス,サクラバクシンオー,芦毛,130504,    7.4,  ,    ,49.6
18,02,17,1,東京,7,10,白嶺Ｓ1600,67,ダ,1,1600,良,タブレットピーシー,牡,7,伊藤工真,57.0,16,16,16,16,0,3.1,14,101.3,"1413",0,0,0,3,3,39.7,486,宗像義忠,美,0,11104166,01119,00420,0518171016,薗部博之,社台ファーム,チチカステナンゴ,ウイングレット,タイキシャトル,芦毛,110307,  251.7,  ,    ,43.1
18,02,17,1,東京,7,11,ダイヤモＨG3,163,芝,0,3400,良,リッジマン        ,牡,5,蛯名正義,52.0,14,01,2,2,0,0.3,5,211.9,"3319",0,8,8,7,7,35.7,444,庄野靖志,栗,1600,13103569,00663,01087,0518171101,辻牧場,辻牧場,スウェプトオーヴァーボード,アドマイヤモンロー,Caerleon,鹿毛,130525,    7.5,  ,    ,55.8
18,02,17,1,東京,7,11,ダイヤモＨG3,163,芝,0,3400,良,ハッピーモーメント,牡,8,津村明秀,54.0,14,02,6,6,0,0.8,8,212.4,"3324",0,4,3,3,3,36.4,504,角居勝彦,栗,0,10104022,01092,01053,0518171102,サンデーレーシング,ノーザンファーム,ディープインパクト,アドマイヤハッピー,トニービン,鹿毛,100422,   25.2,  ,    ,53.6
18,02,17,1,東京,7,11,ダイヤモＨG3,163,芝,0,3400,良,プレストウィック  ,牡,7,戸崎圭太,55.0,14,03,5,5,0,0.6,4,212.2,"3322",0,6,5,5,3,36.2,534,武藤善則,美,410,11104030,05386,01064,0518171103,シルクレーシング,ノーザンファーム,ダイワメジャー,フーラクサ,Linamix,芦毛,110424,    7.3,  ,    ,54.2
18,02,17,1,東京,7,11,ダイヤモＨG3,163,芝,0,3400,良,ラブラドライト    ,セ,9,中谷雄太,53.0,14,04,13,13,0,6.4,9,218,"3380",0,2,2,2,3,42,480,斉藤崇史,栗,0,09106222,01038,01151,0518171104,吉田勝己,ノーザンファーム,キングカメハメハ,タンザナイト,サンデーサイレンス,鹿毛,090515,   55.1,  ,    ,39.8
18,02,17,1,東京,7,11,ダイヤモＨG3,163,芝,0,3400,良,ホウオウドリーム  ,牡,4,松岡正海,52.0,14,05,7,7,0,1.1,2,212.7,"3327",0,12,12,12,11,36.1,496,矢作芳人,栗,0,14102898,01085,01075,0518171105,小笹芳央,レイクヴィラファー,ルーラーシップ,メジロドーベル,メジロライアン,鹿毛,140131,    4.7,  ,    ,54.8
18,02,17,1,東京,7,11,ダイヤモＨG3,163,芝,0,3400,良,ソールインパクト  ,牡,6,福永祐一,54.0,14,06,3,3,0,0.5,6,212.1,"3321",0,6,7,7,3,36,490,戸田博文,美,1000,12103988,01014,01054,0518171106,窪田芳郎,社台コーポレーショ,ディープインパクト,クリームオンリー,"Exchange Rate",芦毛,120131,   11.7,  ,    ,54.8
18,02,17,1,東京,7,11,ダイヤモＨG3,163,芝,0,3400,良,リッチーリッチー  ,牡,5,内田博幸,54.0,14,07,4,4,0,0.5,7,212.1,"3321",0,11,11,11,8,35.8,512,奥村武,美,620,13110008,00422,01145,0518171107,ラ・メール,"N. Hartery",Teofilo,"Nick's Nikita",Pivotal,栗毛,130208,   21.3,  ,    ,55.5
18,02,17,1,東京,7,11,ダイヤモＨG3,163,芝,0,3400,良,レジェンドセラー  ,牡,4,田辺裕信,54.0,14,08,10,10,0,2.7,3,214.3,"3343",0,2,3,3,1,38.5,540,木村哲也,美,0,14106040,01075,01126,0518171108,G1レーシング,ノーザンファーム,ルーラーシップ,トップセラー,スペシャルウィーク,鹿毛,140314,    5.6,  ,    ,47.8
18,02,17,1,東京,7,11,ダイヤモＨG3,163,芝,0,3400,良,トウシンモンステラ,牡,8,北村宏司,53.0,14,09,8,8,0,1.2,12,212.8,"3328",0,8,9,9,10,36.3,478,村山明,栗,0,10104256,01043,01107,0518171109,サトー,ノーザンファーム,キングカメハメハ,ピンクパピヨン,サンデーサイレンス,黒鹿,100213,  130.6,  ,    ,54.2
18,02,17,1,東京,7,11,ダイヤモＨG3,163,芝,0,3400,良,ダウンザライン    ,牡,4,石神深一,48.0,14,10,9,9,0,2.1,13,213.7,"3337",0,13,13,13,13,36.9,482,尾形充弘,美,0,14100933,01059,00349,0518171110,Basic,ラツキー牧場,アドマイヤオーラ,シルキージュエル,オペラハウス,芦毛,140509,  158.2,  ,    ,52.7
18,02,17,1,東京,7,11,ダイヤモＨG3,163,芝,0,3400,良,サイモントルナーレ,牡,12,伊藤工真,48.0,14,11,14,14,0,6.8,14,218.4,"3384",0,14,14,14,14,40,458,加藤和宏,美,0,06106754,01119,01077,0518171111,澤田昭紀,ヤナガワ牧場,ゴールドアリュール,ユーモレスク,アフリート,栗毛,060514,  403.8,  ,    ,45.6
18,02,17,1,東京,7,11,ダイヤモＨG3,163,芝,0,3400,良,グランアルマダ    ,牡,6,三浦皇成,54.0,14,12,11,11,0,3.8,10,215.4,"3354",0,1,1,1,2,39.6,532,西園正都,栗,0,12104926,01122,01028,0518171112,サンデーレーシング,ノーザンファーム,ダイワメジャー,レディスキッパー,クロフネ,芦毛,120204,   57.0,  ,    ,45.1
18,02,17,1,東京,7,11,ダイヤモＨG3,163,芝,0,3400,良,トレジャーマップ  ,牡,7,江田照男,50.0,14,13,12,12,0,4.2,11,215.8,"3358",0,5,5,6,11,39.2,450,石栗龍彦,美,0,11100651,00689,01043,0518171113,小林英一ホールディ,出口牧場,ステイゴールド,ポイントフラッグ,メジロマックイーン,鹿毛,110531,  118.5,  ,    ,46.5
18,02,17,1,東京,7,11,ダイヤモＨG3,163,芝,0,3400,良,フェイムゲーム    ,セ,8,ルメール,58.5,14,14,1,1,0,-0.3,1,211.6,"3316",0,10,9,9,8,35.3,462,宗像義忠,美,4100,10104296,05339,00420,0518171114,サンデーレーシング,ノーザンファーム,ハーツクライ,ホールオブフェーム,アレミロード,青鹿,100511,    2.7,  ,    ,57.0
18,02,17,1,東京,7,12,1000万下,43,芝,0,1400,良,フラガリア        ,牝,4,内田博幸,55.0,16,01,15,15,0,1.3,9,84.3,"1243",0,0,0,16,14,34,418,小島太,美,0,14102172,00422,01013,0518171201,ゴドルフィン,ダーレー・ジャパン,タニノギムレット,ストロベリーフェア,Kingmambo,黒鹿,140412,   57.7,  ,    ,61.0
18,02,17,1,東京,7,12,1000万下,43,芝,0,1400,良,ヤマニンマンドール,牡,6,田中勝春,57.0,16,02,6,6,0,0.5,12,83.5,"1235",0,0,0,10,8,33.4,458,浅見秀一,栗,0,12100565,00684,00411,0518171202,土井肇,錦岡牧場,ストーミングホーム,ヤマニンエマイユ,ホワイトマズル,黒鹿,120201,   79.1,  ,    ,62.5
18,02,17,1,東京,7,12,1000万下,43,芝,0,1400,良,ワキノアタリ      ,牝,5,津村明秀,55.0,16,03,14,14,0,1.1,11,84.1,"1241",0,0,0,5,3,34.3,460,松下武士,栗,0,13102489,01092,01149,0518171203,脇山良之,広田牧場,キャプテントゥーレ,ワキノドライバー,スウェプトオーヴァーボード,鹿毛,130412,   74.2,  ,    ,58.9
18,02,17,1,東京,7,12,1000万下,43,芝,0,1400,良,ワイナルダム      ,牡,4,松岡正海,57.0,16,04,3,3,0,0.3,8,83.3,"1233",0,0,0,1,1,33.9,462,水野貴広,美,260,14109012,01085,01094,0518171204,コスモヴューファー,大前典男,サニングデール,オレンジキュラソー,アグネスタキオン,青鹿,140411,   29.3,  ,    ,59.3
18,02,17,1,東京,7,12,1000万下,43,芝,0,1400,良,ジョイフル        ,牡,4,ムーア,57.0,16,05,8,8,0,0.6,5,83.6,"1236",0,0,0,3,3,33.9,516,小島太,美,0,14102185,05366,01013,0518171205,ゴドルフィン,ダーレー・ジャパン,キングズベスト,ティアーオブジョイ,"Street Cry",鹿毛,140426,    6.2,  ,    ,60.0
18,02,17,1,東京,7,12,1000万下,43,芝,0,1400,良,リライアブルエース,牡,5,中谷雄太,57.0,16,06,1,1,0,-0.1,2,83,"1230",0,0,0,5,8,33,486,矢作芳人,栗,1050,13105316,01038,01075,0518171206,サンデーレーシング,社台コーポレーショ,ディープインパクト,ゴールデンドックエー,"Unusual Heat",黒鹿,130113,    5.6,  ,    ,63.6
18,02,17,1,東京,7,12,1000万下,43,芝,0,1400,良,ペルソナリテ      ,牝,5,柴田大知,55.0,16,07,7,7,0,0.6,4,83.6,"1236",0,0,0,9,11,33.4,432,相沢郁,美,0,13101932,01009,01020,0518171207,サラブレッドクラブ,ビッグレッドファー,ステイゴールド,マイネアルデュール,アドマイヤコジーン,鹿毛,130314,    5.9,  ,    ,62.7
18,02,17,1,東京,7,12,1000万下,43,芝,0,1400,良,タケショウベスト  ,牝,4,蛯名正義,55.0,16,08,4,4,0,0.3,6,83.3,"1233",0,0,0,5,6,33.4,466,田中清隆,美,160,14103404,00663,00408,0518171208,ナイト商事,富菜牧場,キングズベスト,タケショウレジーナ,ダンスインザダーク,鹿毛,140510,    7.2,  ,    ,62.1
18,02,17,1,東京,7,12,1000万下,43,芝,0,1400,良,リバティーホール  ,牝,9,野中悠太,52.0,16,09,13,13,0,1,16,84,"1240",0,0,0,10,14,33.6,464,堀井雅広,美,0,09100706,01158,00436,0518171209,吉田好雄,林孝輝,ケイムホーム,ムーンライトソナタ,サクラバクシンオー,鹿毛,090330,  378.8,  ,    ,62.5
18,02,17,1,東京,7,12,1000万下,43,芝,0,1400,良,ナンヨーアミーコ  ,牡,5,柴田善臣,57.0,16,10,2,2,0,0.1,7,83.1,"1231",0,0,0,10,11,32.9,442,宗像義忠,美,420,13105594,00641,00420,0518171210,中村徳也,社台ファーム,ハービンジャー,ピクシーダスト,サンデーサイレンス,栗毛,130415,   10.3,  ,    ,64.4
18,02,17,1,東京,7,12,1000万下,43,芝,0,1400,良,ダイワスキャンプ  ,セ,6,北村宏司,57.0,16,11,16,16,0,1.4,14,84.4,"1244",0,0,0,14,16,33.9,438,鹿戸雄一,美,0,12103491,01043,01097,0518171211,大城正一,フジワラフアーム,ヨハネスブルグ,フレアキャスケード,エルコンドルパサー,鹿毛,120507,  234.6,  ,    ,61.7
18,02,17,1,東京,7,12,1000万下,43,芝,0,1400,良,アルミレーナ      ,牝,4,ルメール,55.0,16,12,9,9,0,0.6,1,83.6,"1236",0,0,0,14,11,33.4,444,国枝栄,美,0,14106051,05339,00399,0518171212,サンデーレーシング,ノーザンファーム,ディープインパクト,ナイトマジック,Sholokhov,芦毛,140210,    4.4,  ,    ,62.7
18,02,17,1,東京,7,12,1000万下,43,芝,0,1400,良,ラブターボ        ,牝,5,武藤雅,53.0,16,13,12,12,0,0.9,15,83.9,"1239",0,0,0,2,2,34.4,446,竹内正洋,美,0,13104632,01169,01152,0518171213,田頭勇貴,西村和夫,スクリーンヒーロー,コンドルウイング,エルコンドルパサー,鹿毛,130518,  271.0,  ,    ,57.9
18,02,17,1,東京,7,12,1000万下,43,芝,0,1400,良,サフィロス        ,牡,6,三浦皇成,57.0,16,14,5,5,0,0.4,13,83.4,"1234",0,0,0,3,3,33.7,482,手塚貴久,美,105,12104712,01122,01038,0518171214,キャロットファーム,ノーザンファーム,キンシャサノキセキ,ダークサファイア,"Out of Place",鹿毛,120324,   83.9,  ,    ,60.6
18,02,17,1,東京,7,12,1000万下,43,芝,0,1400,良,ラベンダーヴァレイ,牝,5,戸崎圭太,55.0,16,15,11,11,0,0.8,3,83.8,"1238",0,0,0,5,8,33.7,434,藤原英昭,栗,0,13105855,05386,01055,0518171215,金子真人ホールディ,ノーザンファーム,ディープインパクト,クロウキャニオン,フレンチデピュティ,鹿毛,130131,    5.9,  ,    ,61.5
18,02,17,1,東京,7,12,1000万下,43,芝,0,1400,良,ウインハートビート,牡,5,田辺裕信,57.0,16,16,10,10,0,0.6,10,83.6,"1236",0,0,0,10,6,33.7,486,宮本博,栗,0,13101446,01075,01073,0518171216,ウイン,コスモヴューファー,グラスワンダー,コスモダンスナイト,ダンスインザダーク,栗毛,130506,   60.1,  ,    ,61.1
18,02,18,1,東京,8,01,未勝利,7,ダ,1,1400,良,セイカハタハタクモ,牡,3,田中勝春,56.0,16,01,13,13,0,3.7,11,90.6,"1306",0,0,0,8,11,40.6,458,小野次郎,美,0,15100290,00684,01125,0518180101,久米大,シンユウフアーム,スクリーンヒーロー,セイカアルテナ,メジロマックイーン,栗毛,150410,  164.5,  ,    ,42.4
18,02,18,1,東京,8,01,未勝利,7,ダ,1,1400,良,シュガーボーイ    ,牡,3,井上敏樹,55.0,16,02,11,11,0,3,14,89.9,"1299",0,0,0,11,12,39.4,490,松永康利,美,0,15103919,01151,01093,0518180102,山口裕介,市川牧場,エイシンフラッシュ,ワイルドフラワー,"Wild Again",青鹿,150528,  243.9,  ,    ,46.1
18,02,18,1,東京,8,01,未勝利,7,ダ,1,1400,良,フレイミングムーン,牝,3,的場勇人,54.0,16,03,15,15,0,4.3,16,91.2,"1312",0,0,0,15,13,39.7,454,高橋義博,美,0,15101653,01108,01036,0518180103,高橋信博,ダーレー・ジャパン,アドマイヤムーン,フレイミングスカイ2,"Red Ransom",鹿毛,150209,  395.8,  ,    ,47.3
18,02,18,1,東京,8,01,未勝利,7,ダ,1,1400,良,ハロービギン      ,牡,3,古川吉洋,56.0,16,04,16,16,0,15.5,12,102.4,"1424",0,0,0,16,16,42.4,452,石栗龍彦,美,0,15103508,01015,01043,0518180104,大原詔宏,大原ファーム,ゴールドヘイロー,ボレロビート,ブラックホーク,鹿毛,150525,  183.5,  ,    ,56.1
18,02,18,1,東京,8,01,未勝利,7,ダ,1,1400,良,ダイヤクリーガー  ,牡,3,岩田康誠,56.0,16,05,8,8,0,1.6,2,88.5,"1285",0,0,0,4,4,39.9,516,二ノ宮敬,美,0,15106528,05203,00409,0518180105,ダイヤモンドファー,ダイヤモンドファー,ローレルゲレイロ,ラグレスロマニー,スペシャルウィーク,黒鹿,150513,    4.2,  ,    ,41.4
18,02,18,1,東京,8,01,未勝利,7,ダ,1,1400,良,アテンコール      ,牡,3,内田博幸,56.0,16,06,10,10,0,2,7,88.9,"1289",0,0,0,10,9,39.4,452,天間昭一,美,0,15103445,00422,01090,0518180106,齊藤直信,冨岡博一,ロードアルティマ,ピエナキューティー,デザートキング,鹿毛,150511,   25.2,  ,    ,44.2
18,02,18,1,東京,8,01,未勝利,7,ダ,1,1400,良,ランドキングスター,牡,3,ミナリク,56.0,16,07,8,8,0,1.6,9,88.5,"1285",0,0,0,7,6,39.7,506,本間忍,美,0,15106525,05517,01056,0518180107,木村昌三,日西牧場,トーセンホマレボシ,ユウキビバ,フォーティナイナー,鹿毛,150530,   33.6,  ,    ,42.2
18,02,18,1,東京,8,01,未勝利,7,ダ,1,1400,良,アドバンスマルス  ,牡,3,石橋脩,56.0,16,08,5,5,0,0.6,5,87.5,"1275",0,0,0,1,1,39.5,502,二ノ宮敬,美,50,15104481,01077,00409,0518180108,広尾レース,社台ファーム,"Jimmy Creed",ビジューミス,Buddha,鹿毛,150529,    9.7,  ,    ,41.1
18,02,18,1,東京,8,01,未勝利,7,ダ,1,1400,良,パシフィックロード,牡,3,菅原隆一,56.0,16,09,14,14,0,4,15,90.9,"1309",0,0,0,14,15,39.2,462,蛯名利弘,美,0,15103510,01129,01131,0518180109,ターフ・スポート,荻伏服部牧場,トビーズコーナー,ペルルフィーヌ,ブライアンズタイム,鹿毛,150421,  317.2,  ,    ,48.9
18,02,18,1,東京,8,01,未勝利,7,ダ,1,1400,良,ウインオーバーカム,牡,3,嘉藤貴行,56.0,16,10,12,12,0,3.2,13,90.1,"1301",0,0,0,13,13,38.7,476,鈴木伸尋,美,0,15100215,01051,01026,0518180110,ウイン,コスモヴューファー,アイルハヴアナザー,イクスキューズ,ボストンハーバー,鹿毛,150421,  189.0,  ,    ,49.6
18,02,18,1,東京,8,01,未勝利,7,ダ,1,1400,良,グラデュエイト    ,牡,3,ルメール,56.0,16,11,4,4,0,0.6,4,87.5,"1275",0,0,0,2,2,39.4,502,加藤征弘,美,75,15105958,05339,01059,0518180111,阿部友弘,千代田牧場,エイシンフラッシュ,ミッキーハナコ,アドマイヤムーン,青鹿,150406,    4.9,  ,    ,41.6
18,02,18,1,東京,8,01,未勝利,7,ダ,1,1400,良,ロトヴィグラス    ,牡,3,戸崎圭太,56.0,16,12,6,6,0,1.1,6,88,"1280",0,0,0,6,6,39.2,460,高市圭二,美,0,15102303,05386,01014,0518180112,國武佳博,沖田哲夫,サウスヴィグラス,プリモエナジー,スマートボーイ,栗毛,150419,   10.7,  ,    ,43.4
18,02,18,1,東京,8,01,未勝利,7,ダ,1,1400,良,ヴィグラスファイア,牡,3,田辺裕信,56.0,16,13,1,1,0,-0.2,3,86.9,"1269",0,0,0,5,4,38.3,480,萩原清,美,500,15102551,01075,01017,0518180113,シルクレーシング,久井牧場,サウスヴィグラス,ハッピーメール,キングカメハメハ,鹿毛,150206,    4.5,  ,    ,45.2
18,02,18,1,東京,8,01,未勝利,7,ダ,1,1400,良,ガブリエル        ,牡,3,福永祐一,56.0,16,14,3,3,0,0.3,1,87.2,"1272",0,0,0,3,3,38.9,474,大和田成,美,130,15104297,01014,01124,0518180114,原禮子,社台ファーム,ノヴェリスト,キラリダイヤモンド,フジキセキ,栗毛,150423,    4.1,  ,    ,43.1
18,02,18,1,東京,8,01,未勝利,7,ダ,1,1400,良,サマーボーイ      ,牡,3,三浦皇成,56.0,16,15,7,7,0,1.2,10,88.1,"1281",0,0,0,9,8,39.1,498,小野次郎,美,0,15105935,01122,01125,0518180115,前田亘輝,千代田牧場,キンシャサノキセキ,ノブクィーン,シンボリクリスエス,鹿毛,150407,   41.8,  ,    ,44.0
18,02,18,1,東京,8,01,未勝利,7,ダ,1,1400,良,ヒロブラッサム    ,牝,3,武藤雅,52.0,16,16,2,2,0,0.2,8,87.1,"1271",0,0,0,12,10,37.4,486,大竹正博,美,200,15104592,01169,01102,0518180116,西野晴夫,社台コーポレーショ,ロードカナロア,ラタンバスケット,タイキシャトル,鹿毛,150512,   25.7,  ,    ,49.7
18,02,18,1,東京,8,02,未勝利,7,ダ,1,2100,良,サトノディード    ,牡,3,北村宏司,56.0,16,01,2,2,0,0.3,12,137.8,"2178",0,1,1,1,1,37.6,506,国枝栄,美,200,15104321,01043,00399,0518180201,サトミホースカンパ,社台ファーム,ディープインパクト,ゴジップガール,Dynaformer,青鹿,150422,   56.2,  ,    ,56.6
18,02,18,1,東京,8,02,未勝利,7,ダ,1,2100,良,ゴールドキー      ,牡,3,野中悠太,53.0,16,02,5,5,0,1.5,7,139,"2190",0,2,2,2,2,38.7,468,池上昌和,美,50,15100117,01158,01150,0518180202,北前孔一郎,大林ファーム,アルデバラン2,ヒロコファンタジー,ゼンノロブロイ,栗毛,150402,   34.2,  ,    ,53.7
18,02,18,1,東京,8,02,未勝利,7,ダ,1,2100,良,ダノンシャレード  ,牡,3,真島大輔,56.0,16,03,10,10,0,2.5,6,140,"2200",0,3,3,4,4,39.5,524,久保田貴,美,0,15104059,05420,01067,0518180203,ダノックス,レイクヴィラファー,シンボリクリスエス,メジロシャレード,マンハッタンカフェ,黒鹿,150505,   33.6,  ,    ,51.8
18,02,18,1,東京,8,02,未勝利,7,ダ,1,2100,良,ニシノホクサイ    ,牡,3,内田博幸,56.0,16,04,12,12,0,3.2,11,140.7,"2207",0,9,9,11,14,39.3,454,根本康広,美,0,15101790,00422,01029,0518180204,西山茂行,村上欽哉,アッミラーレ,マラチバンド,"Dixieland Band",青鹿,150220,   53.4,  ,    ,53.2
18,02,18,1,東京,8,02,未勝利,7,ダ,1,2100,良,ウッドカービング  ,セ,3,杉原誠人,56.0,16,05,16,16,0,7.1,16,144.6,"2246",0,3,5,9,12,43.5,488,尾関知人,美,0,15103874,01135,01103,0518180205,ミルファーム,ミルファーム,パイロ,スターゲイジング,ホワイトマズル,黒鹿,150128,  145.4,  ,    ,43.0
18,02,18,1,東京,8,02,未勝利,7,ダ,1,2100,良,ウェブマスター    ,牡,3,ミナリク,56.0,16,06,14,14,0,4.6,15,142.1,"2221",0,6,6,6,7,41.3,490,奥村武,美,0,15103463,05517,01145,0518180206,石川達絵,市川フアーム,エンパイアメーカー,キタノスザク,サンデーサイレンス,黒鹿,150423,  144.0,  ,    ,47.6
18,02,18,1,東京,8,02,未勝利,7,ダ,1,2100,良,パワーバンド      ,牡,3,幸英明,56.0,16,07,15,15,0,5.1,13,142.6,"2226",0,16,16,16,16,40.3,498,二ノ宮敬,美,0,15105556,00732,00409,0518180207,広尾レース,木村秀則,ディープブリランテ,スイートマカロン,"Tale of the Cat",栗毛,150320,   70.6,  ,    ,51.5
18,02,18,1,東京,8,02,未勝利,7,ダ,1,2100,良,クロックムッシュ  ,牡,3,石橋脩,56.0,16,08,8,8,0,2.2,10,139.7,"2197",0,10,12,15,14,38.2,472,手塚貴久,美,0,15104764,01077,01038,0518180208,青芝商事,ノーザンファーム,ハービンジャー,クロカンブッシュ,フジキセキ,鹿毛,150419,   41.0,  ,    ,56.3
18,02,18,1,東京,8,02,未勝利,7,ダ,1,2100,良,ヘッドスタート    ,牡,3,三浦皇成,56.0,16,09,9,9,0,2.2,1,139.7,"2197",0,7,7,8,7,38.9,460,鹿戸雄一,美,0,15104156,01122,01097,0518180209,山田弘,追分ファーム,ノヴェリスト,リープオブフェイス,クロフネ,芦毛,150224,    1.9,  ,    ,53.7
18,02,18,1,東京,8,02,未勝利,7,ダ,1,2100,良,ウサギノパンチ    ,牡,3,岩田康誠,56.0,16,10,13,13,0,3.3,8,140.8,"2208",0,10,10,11,9,39.8,462,堀井雅広,美,0,15102173,05203,00436,0518180210,桐谷茂,中川隆,フレンチデピュティ,アーバンライナー,ジェニュイン,鹿毛,150330,   35.4,  ,    ,51.5
18,02,18,1,東京,8,02,未勝利,7,ダ,1,2100,良,ケイアイムーンバ  ,牡,3,西村太一,56.0,16,11,11,11,0,2.9,14,140.4,"2204",0,13,13,11,13,39.1,490,加藤征弘,美,0,15103240,01131,01059,0518180211,亀田和弘,富田牧場,ハービンジャー,ジャストトゥートゥー,"In Excess",鹿毛,150313,   98.6,  ,    ,53.6
18,02,18,1,東京,8,02,未勝利,7,ダ,1,2100,良,ユメノサキ        ,牡,3,大野拓弥,56.0,16,12,3,3,0,1.1,9,138.6,"2186",0,15,15,6,6,37.9,536,新開幸一,美,130,15104412,01096,01116,0518180212,山田広太郎,社台ファーム,ヴィクトワールピサ,ダルシャ,Sakhee,栗毛,150408,   35.9,  ,    ,56.3
18,02,18,1,東京,8,02,未勝利,7,ダ,1,2100,良,プレシャスリーフ  ,牡,3,ルメール,56.0,16,13,1,1,0,-0.3,2,137.5,"2175",0,7,7,4,4,37,456,高柳瑞樹,美,500,15104767,05339,01118,0518180213,サンデーレーシング,ノーザンファーム,オルフェーヴル,クローバーリーフ,タニノギムレット,栗毛,150323,    3.0,  ,    ,58.6
18,02,18,1,東京,8,02,未勝利,7,ダ,1,2100,良,ナリノリリー      ,牝,3,古川吉洋,54.0,16,14,6,6,0,2,5,139.5,"2195",0,10,10,9,9,38.6,444,上原博之,美,0,15105963,01015,00423,0518180214,成塚清志,千代田牧場,ヴァーミリアン,モアスマイル,ホワイトマズル,青鹿,150205,   32.0,  ,    ,54.6
18,02,18,1,東京,8,02,未勝利,7,ダ,1,2100,良,ネコマヒカ        ,牡,3,江田照男,56.0,16,15,4,4,0,1.4,3,138.9,"2189",0,14,13,11,9,37.9,530,星野忍,美,75,15106102,00689,01030,0518180215,節英司,原弘之,ニューイングランド,ミヤビハンター,メイショウホムラ,栗毛,150422,   10.9,  ,    ,56.6
18,02,18,1,東京,8,02,未勝利,7,ダ,1,2100,良,フライオールデイズ,牡,3,武藤雅,54.0,16,16,7,7,0,2.1,4,139.6,"2196",0,3,3,3,3,39.2,484,畠山吉宏,美,0,15106356,01169,01048,0518180216,岡田壮史,小田牧場,スペシャルウィーク,リンダムーン,リンドシェーバー,黒鹿,150225,   16.9,  ,    ,52.4
18,02,18,1,東京,8,03,500万下*,23,ダ,1,1400,良,ミコジェンヌ      ,牝,3,古川吉洋,54.0,16,01,15,15,0,3.6,15,89.3,"1293",0,0,0,12,12,40.3,434,谷原義明,美,0,15103089,01015,00402,0518180301,古賀慎一,松栄牧場,プリサイスエンド,ムーンライトソング,ステイゴールド,栗毛,150428,  321.3,  ,    ,41.2
18,02,18,1,東京,8,03,500万下*,23,ダ,1,1400,良,メイショウタイシ  ,牡,3,福永祐一,56.0,16,02,11,11,0,2,7,87.7,"1277",0,0,0,7,7,39.2,488,安田隆行,栗,0,15103364,01014,00438,0518180302,松本好雄,三嶋牧場,アイルハヴアナザー,ホーマンフリップ,フジキセキ,栗毛,150227,   22.6,  ,    ,42.8
18,02,18,1,東京,8,03,500万下*,23,ダ,1,1400,良,ゴールドタンバリン,牝,3,ルメール,54.0,16,03,7,7,0,1.9,2,87.6,"1276",0,0,0,4,4,39.3,424,池上昌和,美,0,15104873,05339,01150,0518180303,吉田和美,ノーザンファーム,ヘニーヒューズ,ダブルゴールド,ゴールドアリュール,栗毛,150215,    5.3,  ,    ,42.2
18,02,18,1,東京,8,03,500万下*,23,ダ,1,1400,良,ワンダーツー      ,牡,3,勝浦正樹,56.0,16,04,5,5,0,1.6,8,87.3,"1273",0,0,0,9,10,38.6,524,田村康仁,美,72,15105708,01025,01027,0518180304,山口裕介,静内坂本牧場,ゴールドヘイロー,ベルモントナウシカ,アジュディケーティング,鹿毛,150402,   25.7,  ,    ,44.6
18,02,18,1,東京,8,03,500万下*,23,ダ,1,1400,良,レピアーウィット  ,牡,3,ムーア,56.0,16,05,1,1,0,-0.3,1,85.7,"1257",0,0,0,11,10,37,536,堀宣行,美,720,15105066,05366,01070,0518180305,金子真人ホールディ,ノーザンファーム,ヘニーヒューズ,ランニングボブキャッツ,"Running Stag",栗毛,150415,    1.8,  ,    ,48.7
18,02,18,1,東京,8,03,500万下*,23,ダ,1,1400,良,ミラビリア        ,牝,3,真島大輔,54.0,16,06,14,14,0,2.4,12,88.1,"1281",0,0,0,5,6,39.7,462,中舘英二,美,0,15105429,05420,01153,0518180306,ノルマンディーサラ,岡田スタツド,マツリダゴッホ,タニノエクセレント,ブライアンズタイム,栗毛,150331,  147.1,  ,    ,41.4
18,02,18,1,東京,8,03,500万下*,23,ダ,1,1400,良,ヴーディーズピアス,牝,3,幸英明,54.0,16,07,10,10,0,2,16,87.7,"1277",0,0,0,7,7,39.1,468,青木孝文,美,0,15100120,00732,01156,0518180307,田島大史,オリエント牧場,ヨハネスブルグ,ヴードゥーレディ,Danehill,青鹿,150409,  369.4,  ,    ,43.2
18,02,18,1,東京,8,03,500万下*,23,ダ,1,1400,良,プリンセスケイト  ,牝,3,横山典弘,54.0,16,08,12,12,0,2.1,3,87.8,"1278",0,0,0,15,15,38.4,524,昆貢,栗,0,15101678,00660,01044,0518180308,ゴドルフィン,ダーレー・ジャパン,ハードスパン,レディミドルトン,Kingmambo,黒鹿,150416,    6.3,  ,    ,46.5
18,02,18,1,東京,8,03,500万下*,23,ダ,1,1400,良,クワトロダッシュ  ,牡,3,岩田康誠,56.0,16,09,9,9,0,2,13,87.7,"1277",0,0,0,14,14,38.5,478,牧光二,美,0,15105191,05203,01106,0518180309,ザ・チャンピオンズ,チャンピオンズファ,タートルボウル,ラヴィングサンデー,サンデーサイレンス,栗毛,150324,  189.3,  ,    ,45.8
18,02,18,1,東京,8,03,500万下*,23,ダ,1,1400,良,レーヌダンス      ,牝,3,戸崎圭太,54.0,16,10,4,4,0,1.5,4,87.2,"1272",0,0,0,2,2,39.2,452,矢野英一,美,110,15102280,05386,01108,0518180310,酒井喜生,小河豊水,カネヒキリ,ヒドゥンダンス,Nureyev,青鹿,150504,   14.5,  ,    ,41.8
18,02,18,1,東京,8,03,500万下*,23,ダ,1,1400,良,シスル            ,牝,3,大野拓弥,54.0,16,11,6,6,0,1.8,10,87.5,"1275",0,0,0,5,4,39.2,478,新開幸一,美,0,15102313,01096,01116,0518180311,中村祐子,オギオギ牧場,ノボジャック,ジュピターズビコー,Singspiel,青毛,150418,   41.9,  ,    ,42.4
18,02,18,1,東京,8,03,500万下*,23,ダ,1,1400,良,ドリュウ          ,牡,3,田辺裕信,56.0,16,12,3,3,0,1.1,6,86.8,"1268",0,0,0,16,15,37.4,440,土田稔,美,180,15105549,01075,00417,0518180312,ミルファーム,神垣道弘,タイムパラドックス,ダブルプライム,ゴールドアリュール,栗毛,150223,   22.4,  ,    ,49.1
18,02,18,1,東京,8,03,500万下*,23,ダ,1,1400,良,セイウンクールガイ,牡,3,武藤雅,54.0,16,13,2,2,0,0.3,11,86,"1260",0,0,0,1,1,38.1,446,奥平雅士,美,290,15100272,01169,01074,0518180313,西山茂行,佐藤牧場,ヨハネスブルグ,キョウワハピネス,オース,栗毛,150419,   51.6,  ,    ,44.3
18,02,18,1,東京,8,03,500万下*,23,ダ,1,1400,良,ダニエル          ,牡,3,内田博幸,56.0,16,14,8,8,0,1.9,5,87.6,"1276",0,0,0,9,7,39.1,506,金成貴史,美,0,15101594,00422,01132,0518180314,ゴドルフィン,ダーレー・ジャパン,ハードスパン,カントリーメロディー,"Gone West",黒鹿,150328,   15.6,  ,    ,43.0
18,02,18,1,東京,8,03,500万下*,23,ダ,1,1400,良,イエローブレイヴ  ,牡,3,菅原隆一,56.0,16,15,13,13,0,2.3,14,88,"1280",0,0,0,12,12,39,516,武市康男,美,0,15102606,01129,01089,0518180315,本田恒雄,前田ファーム,プリサイスエンド,ヘバラー,"Fairy King",鹿毛,150217,  240.8,  ,    ,44.2
18,02,18,1,東京,8,03,500万下*,23,ダ,1,1400,良,ジェイエルスピード,牡,3,野中悠太,53.0,16,16,16,16,0,3.9,9,89.6,"1296",0,0,0,2,2,41.5,456,小西一男,美,0,15101745,01158,00405,0518180316,橋元幸人,ナカノファーム,タートルボウル,ホウライビクトリア,コロナドズクエスト,鹿毛,150307,   36.5,  ,    ,36.9
18,02,18,1,東京,8,04,未勝利,7,芝,0,1600,良,マイネルイノメ    ,牡,3,柴田大知,56.0,16,01,4,4,0,0.1,4,95.6,"1356",0,0,0,1,1,35.5,490,鹿戸雄一,美,75,15101057,01009,01097,0518180401,サラブレッドクラブ,荒井ファーム,スクリーンヒーロー,コスモハート,マイネルラヴ,栗毛,150220,   18.7,  ,    ,51.6
18,02,18,1,東京,8,04,未勝利,7,芝,0,1600,良,フルコスト        ,牡,3,的場勇人,56.0,16,02,10,10,0,0.6,6,96.1,"1361",0,0,0,12,13,34.9,444,的場均,美,0,15106364,01108,01063,0518180402,福田光博,及川幸夫,ローレルゲレイロ,ルッキングアップ,タイキシャトル,青鹿,150420,   34.6,  ,    ,55.2
18,02,18,1,東京,8,04,未勝利,7,芝,0,1600,良,ラブリーアゲン    ,牝,3,岩部純二,54.0,16,03,5,5,0,0.3,3,95.8,"1358",0,0,0,3,3,35.4,412,萱野浩二,美,50,15102785,00726,01024,0518180403,浅川皓司,富田恭司,エイシンフラッシュ,ジュンレンカ,ネオユニヴァース,黒鹿,150416,    5.6,  ,    ,52.4
18,02,18,1,東京,8,04,未勝利,7,芝,0,1600,良,ココロザシ        ,セ,3,嘉藤貴行,56.0,16,04,9,9,0,0.6,9,96.1,"1361",0,0,0,5,3,35.7,440,田中清隆,美,0,15103881,01051,00408,0518180404,ミルファーム,ミルファーム,アドマイヤムーン,リーベストラウム,ゼンノエルシド,鹿毛,150429,   64.0,  ,    ,51.5
18,02,18,1,東京,8,04,未勝利,7,芝,0,1600,良,ネイチャータイム  ,牡,3,野中悠太,53.0,16,05,11,11,0,0.7,13,96.2,"1362",0,0,0,9,10,35.3,430,根本康広,美,0,15101728,01158,01029,0518180405,井上修一,中川欽一,タニノギムレット,ベルモントレーヌ,クロフネ,鹿毛,150321,  193.9,  ,    ,53.5
18,02,18,1,東京,8,04,未勝利,7,芝,0,1600,良,ヤマノブロッサム  ,牝,3,横山和生,54.0,16,06,16,16,0,2.2,16,97.7,"1377",0,0,0,16,16,35.5,412,杉浦宏昭,美,0,15104279,01140,01008,0518180406,澤村敏雄,社台ファーム,シンボリクリスエス,オレンジティアラ,サクラバクシンオー,鹿毛,150222,  720.7,  ,    ,55.1
18,02,18,1,東京,8,04,未勝利,7,芝,0,1600,良,ブラーノ          ,牝,3,北村宏司,54.0,16,07,7,7,0,0.5,10,96,"1360",0,0,0,7,7,35.3,448,古賀慎明,美,0,15104196,01043,01079,0518180407,サンデーレーシング,社台コーポレーショ,キングカメハメハ,レディオブヴェニス,"Loup Solitaire",鹿毛,150513,   75.6,  ,    ,53.2
18,02,18,1,東京,8,04,未勝利,7,芝,0,1600,良,ホウオウシックス  ,牡,3,大野拓弥,56.0,16,08,6,6,0,0.3,5,95.8,"1358",0,0,0,2,2,35.7,456,尾形和幸,美,0,15105435,01096,01141,0518180408,小笹芳央,岡田スタツド,オルフェーヴル,タニノローゼ,ジェネラス,栗毛,150507,   33.4,  ,    ,51.0
18,02,18,1,東京,8,04,未勝利,7,芝,0,1600,良,ドナカデンツァ    ,牝,3,幸英明,54.0,16,09,13,13,0,0.9,12,96.4,"1364",0,0,0,9,11,35.4,442,武市康男,美,0,15102422,00732,01089,0518180409,小川眞査雄,下屋敷牧場,ルーラーシップ,シャイニングアレキ,サンデーサイレンス,青鹿,150520,  140.4,  ,    ,53.4
18,02,18,1,東京,8,04,未勝利,7,芝,0,1600,良,エルディアマンテ  ,牝,3,ルメール,54.0,16,10,3,3,0,0,1,95.5,"1355",0,0,0,7,9,34.7,420,国枝栄,美,130,15104892,05339,00399,0518180410,キャロットファーム,ノーザンファーム,キングカメハメハ,ディアデラノビア,サンデーサイレンス,栗毛,150226,    1.5,  ,    ,55.1
18,02,18,1,東京,8,04,未勝利,7,芝,0,1600,良,ティイ            ,牝,3,武藤雅,52.0,16,11,12,12,0,0.9,14,96.4,"1364",0,0,0,12,13,35.1,444,大竹正博,美,0,15103982,01169,01102,0518180411,近藤英子,青藍牧場,エイシンフラッシュ,ミスユニバース,ダイワメジャー,黒鹿,150424,  331.2,  ,    ,54.8
18,02,18,1,東京,8,04,未勝利,7,芝,0,1600,良,オースオブゴールド,牝,3,石橋脩,54.0,16,12,8,8,0,0.6,7,96.1,"1361",0,0,0,3,3,35.8,438,栗田徹,美,0,15104885,01077,01127,0518180412,吉田勝己,ノーザンファーム,オルフェーヴル,ティッカーテープ,"Royal Applause",栗毛,150207,   36.9,  ,    ,51.1
18,02,18,1,東京,8,04,未勝利,7,芝,0,1600,良,ロンギングファロー,牡,3,ムーア,56.0,16,13,1,1,0,0,2,95.5,"1355",0,0,0,6,6,35,472,堀宣行,美,500,15104489,05366,01070,0518180413,坂本浩一,社台ファーム,ストロングリターン,ピュアマインド,ティンバーカントリー,栗毛,150216,    4.6,  ,    ,53.7
18,02,18,1,東京,8,04,未勝利,7,芝,0,1600,良,ソンタク          ,牡,3,菅原隆一,56.0,16,14,14,14,0,1.2,15,96.7,"1367",0,0,0,15,15,35,444,的場均,美,0,15106447,01129,01063,0518180414,田頭勇貴,熊沢牧場,ヒルノダムール,ワタシノデバン,アジュディケーティング,鹿毛,150320,  562.6,  ,    ,55.8
18,02,18,1,東京,8,04,未勝利,7,芝,0,1600,良,バルトフォンテン  ,牡,3,内田博幸,56.0,16,15,2,2,0,0,11,95.5,"1355",0,0,0,12,7,34.8,494,高橋裕,美,200,15101054,00422,00412,0518180415,吉橋興生,新井弘幸,アンライバルド,バーデンフォンテン,サクラバクシンオー,栗毛,150506,  116.9,  ,    ,54.7
18,02,18,1,東京,8,04,未勝利,7,芝,0,1600,良,ホウオウカーニバル,牡,3,戸崎圭太,56.0,16,16,15,15,0,1.8,8,97.3,"1373",0,0,0,11,11,36.2,470,栗田博憲,美,0,15105417,05386,00341,0518180416,小笹芳央,岡田スタツド,マツリダゴッホ,ザッツザウェイ,フサイチコンコルド,鹿毛,150408,   50.6,  ,    ,51.3
18,02,18,1,東京,8,05,新馬,15,芝,0,1800,良,ランドネ          ,牝,3,戸崎圭太,54.0,16,01,2,2,0,0,5,110.2,"1502",0,0,1,1,1,34.2,516,角居勝彦,栗,240,15110077,05386,01053,0518180501,小林英一ホールディ,"Winchester Farm",Blame,Loure,"A.P. Indy",鹿毛,150429,   11.3,  ,    ,61.1
18,02,18,1,東京,8,05,新馬,15,芝,0,1800,良,アドマイヤヒビキ  ,牡,3,ルメール,56.0,16,02,16,16,0,3,1,113.2,"1532",0,0,12,12,13,36,564,加藤征弘,美,0,15104785,05339,01059,0518180502,近藤旬子,ノーザンファーム,ロードカナロア,サザンスピード,"Southern Image",黒鹿,150405,    3.4,  ,    ,57.2
18,02,18,1,東京,8,05,新馬,15,芝,0,1800,良,ルナフィリア      ,牝,3,福永祐一,54.0,16,03,4,4,0,0.7,11,110.9,"1509",0,0,3,3,3,34.6,484,戸田博文,美,90,15102326,01014,01054,0518180503,小濱忠一,片山牧場,ノヴェリスト,ウェディングフジコ,フジキセキ,黒鹿,150320,   51.2,  ,    ,60.3
18,02,18,1,東京,8,05,新馬,15,芝,0,1800,良,ライラックカラー  ,牡,3,北村宏司,56.0,16,04,1,1,0,0,3,110.2,"1502",0,0,3,5,6,33.8,462,藤沢和雄,美,600,15105974,01043,00386,0518180504,山本英俊,千代田牧場,ルーラーシップ,ルルパンブルー,ジャングルポケット,黒鹿,150223,    4.4,  ,    ,63.0
18,02,18,1,東京,8,05,新馬,15,芝,0,1800,良,ショウザドリーム  ,牡,3,内田博幸,56.0,16,05,15,15,0,2.6,12,112.8,"1528",0,0,12,14,16,35.1,422,松田国英,栗,0,15103224,00422,01011,0518180505,ヒダカ・ブリーダー,辻牧場,ドリームジャーニー,プレッピー,タニノギムレット,黒鹿,150421,   59.4,  ,    ,60.7
18,02,18,1,東京,8,05,新馬,15,芝,0,1800,良,シャイニンオスカー,牝,3,柴田善臣,54.0,16,06,7,7,0,1.2,9,111.4,"1514",0,0,9,8,11,34.5,488,戸田博文,美,0,15104487,00641,01054,0518180506,市川義美ホールディ,社台ファーム,ディープインパクト,ピサノアラバスター,クロフネ,黒鹿,150312,   43.9,  ,    ,61.4
18,02,18,1,東京,8,05,新馬,15,芝,0,1800,良,ベネディクション  ,牡,3,石橋脩,56.0,16,07,13,13,0,1.7,13,111.9,"1519",0,0,16,14,15,34.5,490,古賀慎明,美,0,15104241,01077,01079,0518180507,村野康司,社台コーポレーショ,ハーツクライ,ヴェストリーレディ,Vicar,栗毛,150410,   86.8,  ,    ,62.2
18,02,18,1,東京,8,05,新馬,15,芝,0,1800,良,ダカーポ          ,牝,3,真島大輔,54.0,16,08,10,10,0,1.3,4,111.5,"1515",0,0,9,8,3,35.2,432,藤原英昭,栗,0,15104413,05420,01055,0518180508,社台レースホース,社台ファーム,ディープインパクト,ダルタヤ,Anabaa,黒鹿,150409,    6.6,  ,    ,58.4
18,02,18,1,東京,8,05,新馬,15,芝,0,1800,良,ロードザナドゥ    ,牡,3,三浦皇成,56.0,16,09,3,3,0,0.5,6,110.7,"1507",0,0,5,6,8,34.1,482,橋田満,栗,150,15102375,01122,00362,0518180509,ロードホースクラブ,ケイアイファーム,ロードカナロア,シンメイフジ,フジキセキ,黒鹿,150212,   15.5,  ,    ,62.3
18,02,18,1,東京,8,05,新馬,15,芝,0,1800,良,メイロビン        ,牝,3,嘉藤貴行,54.0,16,10,11,11,0,1.5,16,111.7,"1517",0,0,5,6,7,35.2,444,岩戸孝樹,美,0,15109094,01051,01051,0518180510,千明牧場,千明牧場,キングヘイロー,メイグレイス,ネオユニヴァース,鹿毛,150502,  197.8,  ,    ,58.7
18,02,18,1,東京,8,05,新馬,15,芝,0,1800,良,ダノンキャンディ  ,牝,3,岩田康誠,54.0,16,11,12,12,0,1.5,2,111.7,"1517",0,0,5,3,3,35.5,470,橋口慎介,栗,0,15101333,05203,01154,0518180511,ダノックス,下河辺牧場,ステイゴールド,オールウェイズウィリング,"Elusive Quality",青鹿,150327,    4.0,  ,    ,57.3
18,02,18,1,東京,8,05,新馬,15,芝,0,1800,良,カプア            ,牝,3,ミナリク,54.0,16,12,5,5,0,0.8,10,111,"1510",0,0,2,2,2,34.9,468,萩原清,美,60,15104491,05517,01017,0518180512,金子真人ホールディ,社台ファーム,キングカメハメハ,ピンクカメオ,フレンチデピュティ,栗毛,150119,   48.0,  ,    ,59.0
18,02,18,1,東京,8,05,新馬,15,芝,0,1800,良,カグヤヒメ        ,牝,3,武士沢友,54.0,16,13,9,9,0,1.3,14,111.5,"1515",0,0,15,14,13,34.2,480,高市圭二,美,0,15102225,01029,01014,0518180513,山本武司,びらとり牧場,エスポワールシチー,パラダイスフラワー,ティンバーカントリー,栗毛,150413,  138.5,  ,    ,63.0
18,02,18,1,東京,8,05,新馬,15,芝,0,1800,良,デコラティブ      ,牡,3,伴啓太,54.0,16,14,14,14,0,1.8,15,112,"1520",0,0,8,8,10,35.2,494,高柳瑞樹,美,0,15102289,01149,01118,0518180514,明栄商事,沖田忠幸,マンハッタンカフェ,トピアリー,タバスコキャット,鹿毛,150331,  141.0,  ,    ,59.1
18,02,18,1,東京,8,05,新馬,15,芝,0,1800,良,マーガレットスカイ,牝,3,田中勝春,54.0,16,15,8,8,0,1.2,8,111.4,"1514",0,0,11,11,8,34.7,492,黒岩陽一,美,0,15101164,00684,01133,0518180515,迎徹,沖田牧場,ディープブリランテ,カミヒコーキ,マイネルラヴ,黒鹿,150421,   29.4,  ,    ,60.5
18,02,18,1,東京,8,05,新馬,15,芝,0,1800,良,オルトルート      ,牝,3,大野拓弥,54.0,16,16,6,6,0,0.8,7,111,"1510",0,0,12,12,11,34,458,大竹正博,美,0,15104385,01096,01102,0518180516,村野康司,社台ファーム,ローエングリン,スワンキーポーチ,アグネスタキオン,栃栗,150226,   23.5,  ,    ,63.2
18,02,18,1,東京,8,06,500万下,23,芝,0,2400,良,ルーラーキング    ,牡,4,大野拓弥,56.0,13,01,4,4,0,0.7,6,150.4,"2304",0,6,5,5,5,34.9,476,小笠倫弘,美,110,14101655,01096,01076,0518180601,宮本貞雄,石原牧場,ルーラーシップ,ハッピーラベンダー,バブルガムフェロー,鹿毛,140302,   16.1,  ,    ,60.3
18,02,18,1,東京,8,06,500万下,23,芝,0,2400,良,セシルクラウン    ,牡,5,石橋脩,57.0,13,02,7,7,0,0.8,5,150.5,"2305",0,10,10,10,11,34.4,496,木村哲也,美,0,13100083,01077,01126,0518180602,島川隆哉,エスティファーム,シンボリクリスエス,セシルブルース,エルコンドルパサー,黒鹿,130329,   10.9,  ,    ,62.5
18,02,18,1,東京,8,06,500万下,23,芝,0,2400,良,ウインドオブホープ,セ,5,古川吉洋,57.0,13,03,8,8,0,0.8,10,150.5,"2305",0,3,3,3,3,35.3,534,石毛善彦,美,0,13100206,01015,00428,0518180603,木村牧場,木村牧場,スクリーンヒーロー,オンマイマインド,ティンバーカントリー,栗毛,130405,  150.8,  ,    ,58.8
18,02,18,1,東京,8,06,500万下,23,芝,0,2400,良,グリントオブライト,牝,5,三浦皇成,55.0,13,04,3,3,0,0.6,1,150.3,"2303",0,8,8,8,7,34.5,448,戸田博文,美,190,13105769,01122,01054,0518180604,サンデーレーシング,ノーザンファーム,ステイゴールド,アドマイヤライト,"Kris S.",栗毛,130224,    1.8,  ,    ,61.9
18,02,18,1,東京,8,06,500万下,23,芝,0,2400,良,ヴァンベールシチー,牡,4,福永祐一,56.0,13,05,6,6,0,0.7,2,150.4,"2304",0,6,7,7,7,34.7,428,池上昌弘,美,0,14101302,01014,00390,0518180605,友駿ホースクラブ,幌村牧場,ステイゴールド,ケープタウンシチー,シンボリクリスエス,栗毛,140423,    5.8,  ,    ,61.1
18,02,18,1,東京,8,06,500万下,23,芝,0,2400,良,ラインセイラ      ,牝,5,武士沢友,55.0,13,06,11,11,0,1.9,12,151.6,"2316",0,8,8,9,9,35.6,472,水野貴広,美,0,13105365,01029,01094,0518180606,大澤繁昌,社台ファーム,フレンチデピュティ,アルテシア,サンデーサイレンス,栗毛,130512,  222.8,  ,    ,58.6
18,02,18,1,東京,8,06,500万下,23,芝,0,2400,良,フォーワンタイキ  ,牡,6,田辺裕信,57.0,13,07,10,10,0,1.8,8,151.5,"2315",0,3,3,3,3,36.2,456,石毛善彦,美,0,12102188,01075,00428,0518180607,川島与市,猪野毛牧場,アルデバラン2,ウインクルディール,ブライアンズタイム,栗毛,120423,   71.2,  ,    ,56.2
18,02,18,1,東京,8,06,500万下,23,芝,0,2400,良,エスティーム      ,牡,4,ミナリク,56.0,13,08,1,1,0,-0.2,4,149.7,"2297",0,1,1,1,1,34.8,524,金成貴史,美,750,14103084,05517,01132,0518180608,岡田繁幸,岡本昌市,ロージズインメイ,フラワーハット,ハーツクライ,黒鹿,140318,    7.4,  ,    ,60.1
18,02,18,1,東京,8,06,500万下,23,芝,0,2400,良,ブルースカイハーツ,牡,4,武藤雅,54.0,13,09,5,5,0,0.7,7,150.4,"2304",0,2,2,2,2,35.4,442,手塚貴久,美,75,14102124,01169,01038,0518180609,ヒダカ・ブリーダー,タバタファーム,ハーツクライ,エイプリルスカイズ,Kaldounevees,黒鹿,140417,   19.6,  ,    ,58.3
18,02,18,1,東京,8,06,500万下,23,芝,0,2400,良,サーストンアクセス,牡,5,北村宏司,57.0,13,10,12,12,0,2.1,11,151.8,"2318",0,13,13,12,12,35.4,464,二ノ宮敬,美,0,13100484,01043,00409,0518180610,齊藤宣勝,スマイルファーム,ブレイクランアウト,アドマイヤサクラ,マーベラスサンデー,黒鹿,130226,  203.4,  ,    ,59.6
18,02,18,1,東京,8,06,500万下,23,芝,0,2400,良,ミヤビエメライン  ,牝,4,野中悠太,51.0,13,11,9,9,0,1.6,9,151.3,"2313",0,3,5,5,5,35.8,422,小島茂之,美,0,14104542,01158,01068,0518180611,村上義勝,静内白井牧場,マンハッタンカフェ,ミヤビグレイス,キングカメハメハ,黒鹿,140422,   85.1,  ,    ,57.5
18,02,18,1,東京,8,06,500万下,23,芝,0,2400,良,フランチェスコ    ,牡,5,的場勇人,57.0,13,12,13,13,0,7.4,13,157.1,"2371",0,12,12,13,13,39.1,480,高橋義博,美,0,13103937,01108,01036,0518180612,海谷幸司,岡田スタツド,メイショウサムソン,キアラ,ステイゴールド,鹿毛,130208,  708.7,  ,    ,50.6
18,02,18,1,東京,8,06,500万下,23,芝,0,2400,良,ヴァンクールシルク,牡,4,ルメール,56.0,13,13,2,2,0,0.2,3,149.9,"2299",0,10,10,10,9,34,586,木村哲也,美,300,14106228,05339,01126,0518180613,シルクレーシング,ノーザンファーム,ヴィクトワールピサ,ルシルク,Dynaformer,栗毛,140424,    6.6,  ,    ,63.6
18,02,18,1,東京,8,07,500万下,23,ダ,1,1300,良,ベルウッドミライ  ,牡,4,野中悠太,54.0,16,01,10,10,0,1.7,11,80.7,"1207",0,0,0,8,8,37.6,464,二ノ宮敬,美,0,14103674,01158,00409,0518180701,鈴木照雄,市川フアーム,ハーツクライ,ボンビバン,"Red Ransom",黒鹿,140406,   50.4,  ,    ,48.3
18,02,18,1,東京,8,07,500万下,23,ダ,1,1300,良,イエローマジック  ,セ,4,武藤雅,55.0,16,02,16,16,0,4.3,14,83.3,"1233",0,0,0,16,16,38.8,430,小島茂之,美,0,14101644,01169,01068,0518180702,村井良孝,新井昭二,スウェプトオーヴァーボード,レインボーハート,エアジハード,芦毛,140330,  258.0,  ,    ,48.3
18,02,18,1,東京,8,07,500万下,23,ダ,1,1300,良,サウンドストリート,牡,4,福永祐一,57.0,16,03,7,7,0,1.6,4,80.6,"1206",0,0,0,4,3,38.1,464,和田正道,美,0,14102218,01014,00353,0518180703,増田雄一,ダーレー・ジャパン,ストリートセンス,ラヴァリーノ,"Unbridled's Song",鹿毛,140222,    7.1,  ,    ,45.6
18,02,18,1,東京,8,07,500万下,23,ダ,1,1300,良,シャイニードライヴ,セ,4,杉原誠人,57.0,16,04,14,14,0,2.7,16,81.7,"1217",0,0,0,8,10,38.4,448,佐藤吉勝,美,0,14101590,01135,01035,0518180704,小林昌志,雅牧場,カジノドライヴ,ブライティアナイル,アドマイヤベガ,鹿毛,140224,  534.0,  ,    ,46.7
18,02,18,1,東京,8,07,500万下,23,ダ,1,1300,良,レイダー          ,牡,4,ムーア,57.0,16,05,3,3,0,0.3,3,79.3,"1193",0,0,0,4,5,36.7,530,堀宣行,美,190,14105257,05366,01070,0518180705,石川達絵,追分ファーム,ゴールドアリュール,エグジジェ,Capote,鹿毛,140422,    5.0,  ,    ,49.5
18,02,18,1,東京,8,07,500万下,23,ダ,1,1300,良,エンパシー        ,牡,4,江田照男,57.0,16,06,9,9,0,1.7,12,80.7,"1207",0,0,0,13,12,36.9,492,中川公成,美,0,14104377,00689,01081,0518180706,岡浩二,カタオカフアーム,メイショウボーラー,ユメノラッキー,"Salt Lake",青鹿,140426,  112.1,  ,    ,51.7
18,02,18,1,東京,8,07,500万下,23,ダ,1,1300,良,レアリティバイオ  ,牡,4,北村宏司,57.0,16,07,12,12,0,2.1,13,81.1,"1211",0,0,0,11,11,37.6,494,松山将樹,美,0,14102287,01043,01100,0518180707,バイオ,中館牧場,ケイムホーム,ブライトネスバイオ,アグネスタキオン,鹿毛,140307,  120.2,  ,    ,49.2
18,02,18,1,東京,8,07,500万下,23,ダ,1,1300,良,シアーライン      ,牡,5,ルメール,57.0,16,08,1,1,0,0,2,79,"1190",0,0,0,6,6,36.3,530,中川公成,美,750,13105382,05339,01081,0518180708,吉田照哉,社台ファーム,キンシャサノキセキ,ウインドヴェイン,エリシオ,鹿毛,130329,    4.6,  ,    ,50.8
18,02,18,1,東京,8,07,500万下,23,ダ,1,1300,良,ファインダッシュ  ,牡,6,田中勝春,57.0,16,09,8,8,0,1.6,7,80.6,"1206",0,0,0,15,14,36.4,534,的場均,美,0,12100085,00684,01063,0518180709,井山登,岩見牧場,ファスリエフ,ファインレディー,マンハッタンカフェ,黒鹿,120515,   17.0,  ,    ,54.1
18,02,18,1,東京,8,07,500万下,23,ダ,1,1300,良,タイガーヴォーグ  ,牡,5,勝浦正樹,57.0,16,10,2,2,0,0,5,79,"1190",0,0,0,3,3,36.5,510,鈴木伸尋,美,300,13109028,01025,01026,0518180710,千明牧場,千明牧場,ダイワメジャー,メイマドンナ,シンボリクリスエス,鹿毛,130307,   10.6,  ,    ,49.8
18,02,18,1,東京,8,07,500万下,23,ダ,1,1300,良,シャイニングボルト,牡,4,内田博幸,57.0,16,11,13,13,0,2.5,10,81.5,"1215",0,0,0,14,14,37.3,472,勢司和浩,美,0,14103366,00422,01047,0518180711,ラ・メール,辻牧場,ストリートセンス,ティファニーケイス,タイキシャトル,黒鹿,140315,   42.0,  ,    ,51.6
18,02,18,1,東京,8,07,500万下,23,ダ,1,1300,良,サンマルスイート  ,牝,4,小島太一,55.0,16,12,15,15,0,3.3,15,82.3,"1223",0,0,0,8,8,39.2,452,小島太,美,0,14101906,01097,01013,0518180712,相馬勇,三城牧場,シンボリクリスエス,スイートリトリート,"Indian Ridge",黒鹿,140418,  440.5,  ,    ,44.2
18,02,18,1,東京,8,07,500万下,23,ダ,1,1300,良,アルゴロオジエ    ,牝,4,三浦皇成,55.0,16,13,11,11,0,2,6,81,"1210",0,0,0,1,1,38.8,488,田村康仁,美,0,14101904,01122,01027,0518180713,エンジェルレーシン,三城牧場,ハーツクライ,ジョウノボレロ,ブライアンズタイム,黒鹿,140326,   13.1,  ,    ,43.2
18,02,18,1,東京,8,07,500万下,23,ダ,1,1300,良,カガヤクミナノユメ,セ,4,横山和生,57.0,16,14,4,4,0,0.8,8,79.8,"1198",0,0,0,12,12,36,502,小野次郎,美,110,14102081,01140,01125,0518180714,國分純,スマイルファーム,ミリオンディスク,マッチオブジュエル,フジキセキ,栗毛,140504,   21.7,  ,    ,54.3
18,02,18,1,東京,8,07,500万下,23,ダ,1,1300,良,ハヤブサレディゴー,牝,5,武豊,55.0,16,15,6,6,0,1.1,1,80.1,"1201",0,0,0,2,2,37.7,496,伊藤圭三,美,0,13104145,00666,01023,0518180715,グランド牧場,グランド牧場,サウスヴィグラス,ダッシングハニー,アサティス,栗毛,130410,    3.0,  ,    ,46.4
18,02,18,1,東京,8,07,500万下,23,ダ,1,1300,良,ヴィーグリーズ    ,牡,4,柴田大知,57.0,16,16,5,5,0,1.1,9,80.1,"1201",0,0,0,7,7,37.2,474,清水英克,美,75,14104970,01009,01080,0518180716,服部健太郎,服部健太郎,シンボリクリスエス,マスターセイレーン,ネオユニヴァース,鹿毛,140420,   41.7,  ,    ,48.8
18,02,18,1,東京,8,08,1000万下,43,芝,0,2000,良,サブライムカイザー,牡,6,大野拓弥,57.0,11,01,3,3,0,0.1,6,123,"2030",0,0,3,3,3,33.5,506,池上昌弘,美,260,12103708,01096,00390,0518180801,ヒダカ・ブリーダー,矢野牧場,キングカメハメハ,マドモアゼルシッシ,"Sadler's Wells",鹿毛,120321,   28.1,  ,    ,64.5
18,02,18,1,東京,8,08,1000万下,43,芝,0,2000,良,ローリングタワー  ,牡,4,柴田善臣,56.0,11,02,8,8,0,0.6,8,123.5,"2035",0,0,1,1,1,34.3,444,伊藤伸一,美,0,14103335,00641,01031,0518180802,本間茂,大道牧場,ハービンジャー,メイユーブルーム,ダンスインザダーク,黒鹿,140311,  111.1,  ,    ,61.5
18,02,18,1,東京,8,08,1000万下,43,芝,0,2000,良,ブラックプラチナム,牡,5,ルメール,57.0,11,03,2,2,0,0,1,122.9,"2029",0,0,2,2,2,33.5,496,栗田博憲,美,420,13105858,05339,00341,0518180803,吉田勝己,ノーザンファーム,ステイゴールド,クーデグレイス,ホワイトマズル,青鹿,130311,    1.6,  ,    ,64.4
18,02,18,1,東京,8,08,1000万下,43,芝,0,2000,良,ホワイトソニック  ,牡,4,野中悠太,53.0,11,04,9,9,0,0.7,9,123.6,"2036",0,0,4,5,6,33.8,460,小桧山悟,美,0,14101708,01158,01005,0518180804,島川隆哉,エスティファーム,キャプテントゥーレ,トーセンソニア,ファンタスティックライト,芦毛,140217,  357.3,  ,    ,63.9
18,02,18,1,東京,8,08,1000万下,43,芝,0,2000,良,オンタケハート    ,牡,7,田中勝春,57.0,11,05,5,5,0,0.4,7,123.3,"2033",0,0,6,7,6,33.5,484,伊藤大士,美,105,11103229,00684,01109,0518180805,宮原廣伸,猿橋義昭,サムライハート,プリティラパス,ラムタラ,鹿毛,110425,   86.3,  ,    ,64.9
18,02,18,1,東京,8,08,1000万下,43,芝,0,2000,良,クリスフォンテン  ,セ,8,井上敏樹,56.0,11,06,11,11,0,3.2,11,126.1,"2061",0,0,4,3,5,36.5,446,石毛善彦,美,0,10103574,01151,00428,0518180806,吉橋計,登別上水牧場,リンカーン,アイムソーラッキー,シンボリクリスエス,黒鹿,100225,  595.8,  ,    ,55.2
18,02,18,1,東京,8,08,1000万下,43,芝,0,2000,良,エニグマバリエート,牡,6,福永祐一,57.0,11,07,4,4,0,0.3,4,123.2,"2032",0,0,8,8,6,33.4,490,戸田博文,美,160,12103962,01014,01054,0518180807,平井裕,社台ファーム,ハーツクライ,ティエッチグレース,Capote,青鹿,120218,    9.9,  ,    ,65.2
18,02,18,1,東京,8,08,1000万下,43,芝,0,2000,良,アップクォーク    ,牡,5,ムーア,57.0,11,08,1,1,0,0,2,122.9,"2029",0,0,6,5,3,33.4,506,中川公成,美,1050,13106041,05366,01081,0518180808,キャロットファーム,ノーザンファーム,ベーカバド,フェルミオン,アグネスタキオン,黒鹿,130503,    3.0,  ,    ,64.8
18,02,18,1,東京,8,08,1000万下,43,芝,0,2000,良,スワンボート      ,牡,8,菅原隆一,57.0,11,09,10,10,0,2.3,10,125.2,"2052",0,0,8,9,9,35.2,476,柴田政人,美,0,10101988,01129,01007,0518180809,田頭勇貴,オンワード牧場,キングヘイロー,オンワードスワン,ティッカネン,鹿毛,100611,  483.3,  ,    ,59.6
18,02,18,1,東京,8,08,1000万下,43,芝,0,2000,良,スズカメジャー    ,牡,4,三浦皇成,56.0,11,10,7,7,0,0.6,3,123.5,"2035",0,0,8,9,9,33.5,490,橋田満,栗,0,14104432,01122,00362,0518180810,永井啓弍,グランド牧場,ダイワメジャー,スプリングサンダー,クロフネ,鹿毛,140216,    7.6,  ,    ,65.1
18,02,18,1,東京,8,08,1000万下,43,芝,0,2000,良,ビービーガウディ  ,牡,4,田辺裕信,56.0,11,11,6,6,0,0.6,5,123.5,"2035",0,0,11,11,9,33.4,474,久保田貴,美,0,14105851,01075,01067,0518180811,坂東牧場,坂東牧場,カジノドライヴ,エルフィンフェザー,サンデーサイレンス,栗毛,140519,   24.2,  ,    ,65.6
18,02,18,1,東京,8,09,ヒヤシン,131,ダ,1,1600,良,アスクハードスパン,牡,3,ルメール,56.0,16,01,13,13,0,2.2,8,100.7,"1407",0,0,0,10,10,38.2,512,河内洋,栗,0,15106488,05339,01072,0518180901,廣崎利洋HD,川上牧場,ハードスパン,イルバチオ,ロイヤルアカデミー2,鹿毛,150420,   15.0,  ,    ,48.2
18,02,18,1,東京,8,09,ヒヤシン,131,ダ,1,1600,良,タイキフェルヴール,牡,3,内田博幸,56.0,16,02,2,2,0,0.4,9,98.9,"1389",0,0,0,13,10,36.3,484,牧浦充徳,栗,720,15103311,00422,01113,0518180902,大樹ファーム,ビクトリーホースラ,フリオーソ,アッシュベリー,"Any Given Saturday",栗毛,150317,   20.8,  ,    ,53.5
18,02,18,1,東京,8,09,ヒヤシン,131,ダ,1,1600,良,バーンフライ      ,牡,3,三浦皇成,56.0,16,03,14,14,0,2.2,14,100.7,"1407",0,0,0,7,7,38.5,478,矢作芳人,栗,0,15100639,01122,01075,0518180903,ノースヒルズ,ノースヒルズ,ゴールドアリュール,ロードクロサイト,"Unbridled's Song",黒鹿,150320,  121.2,  ,    ,46.9
18,02,18,1,東京,8,09,ヒヤシン,131,ダ,1,1600,良,メイショウオーパス,牡,3,幸英明,56.0,16,04,15,15,0,2.3,3,100.8,"1408",0,0,0,10,13,38,498,飯田祐史,栗,0,15103616,00732,01139,0518180904,松本好雄,高昭牧場,メイショウボーラー,マンハッタンミート,マンハッタンカフェ,黒鹿,150322,    5.5,  ,    ,49.2
18,02,18,1,東京,8,09,ヒヤシン,131,ダ,1,1600,良,ネコワシ          ,牡,3,柴田大知,56.0,16,05,12,12,0,1.7,12,100.2,"1402",0,0,0,13,16,37,494,星野忍,美,0,15100355,01009,01030,0518180905,節英司,高瀬牧場,エンパイアメーカー,ヤマノボンディール,ダンスインザダーク,鹿毛,150308,  109.9,  ,    ,52.5
18,02,18,1,東京,8,09,ヒヤシン,131,ダ,1,1600,良,ダンケシェーン    ,牡,3,横山典弘,56.0,16,06,10,10,0,1.6,4,100.1,"1401",0,0,0,3,3,38.2,470,昆貢,栗,0,15100894,00660,01044,0518180906,ローレルレーシング,村田牧場,ヘニーヒューズ,ゼフィランサス,キングヘイロー,栗毛,150207,    7.1,  ,    ,47.2
18,02,18,1,東京,8,09,ヒヤシン,131,ダ,1,1600,良,グレートタイム    ,牡,3,ムーア,56.0,16,07,4,4,0,0.7,2,99.2,"1392",0,0,0,12,10,36.6,460,藤原英昭,栗,270,15104571,05366,01055,0518180907,金子真人ホールディ,社台ファーム,キングカメハメハ,ミラクルレジェンド,フジキセキ,黒鹿,150215,    5.0,  ,    ,52.6
18,02,18,1,東京,8,09,ヒヤシン,131,ダ,1,1600,良,ワークアンドラブ  ,牡,3,岩田康誠,56.0,16,08,9,9,0,1.6,11,100.1,"1401",0,0,0,7,7,37.9,462,田所秀孝,栗,0,15105608,05203,01009,0518180908,小林祥晃,グランド牧場,シニスターミニスター,ハナライ,"Medaglia d'Oro",栗毛,150311,   46.2,  ,    ,48.5
18,02,18,1,東京,8,09,ヒヤシン,131,ダ,1,1600,良,ルッジェーロ      ,牡,3,福永祐一,56.0,16,09,3,3,0,0.6,10,99.1,"1391",0,0,0,3,3,37.2,512,鹿戸雄一,美,450,15104347,01014,01097,0518180909,村木隆,社台ファーム,キンシャサノキセキ,シルヴァーカップ,Almutawakel,黒鹿,150331,   26.2,  ,    ,49.8
18,02,18,1,東京,8,09,ヒヤシン,131,ダ,1,1600,良,ビップレイジング  ,牡,3,真島大輔,56.0,16,10,16,16,0,2.5,16,101,"1410",0,0,0,16,13,38.2,444,小崎憲,栗,0,15101953,05420,01085,0518180910,三浦勝仁,細川牧場,シニスターミニスター,エプソムアルテミス,フォーティナイナー,栗毛,150522,  616.7,  ,    ,48.6
18,02,18,1,東京,8,09,ヒヤシン,131,ダ,1,1600,良,ワカミヤオウジ    ,牡,3,田辺裕信,56.0,16,11,8,8,0,1.5,6,100,"1400",0,0,0,7,7,37.8,476,栗田徹,美,0,15100299,01075,01127,0518180911,芳川貴行,スカイビーチステー,タイムパラドックス,ツヨイキモチ,シンボリクリスエス,青毛,150401,   13.2,  ,    ,48.7
18,02,18,1,東京,8,09,ヒヤシン,131,ダ,1,1600,良,メイショウイサナ  ,牡,3,武豊,56.0,16,12,6,6,0,1.3,7,99.8,"1398",0,0,0,1,1,38.2,512,南井克巳,栗,0,15104024,00666,01049,0518180912,松本好雄,橋本牧場,メイショウボーラー,ペルサントクリール,"Point Given",栗毛,150410,   14.9,  ,    ,46.8
18,02,18,1,東京,8,09,ヒヤシン,131,ダ,1,1600,良,スマハマ          ,牡,3,藤岡佑介,56.0,16,13,1,1,0,-0.4,1,98.5,"1385",0,0,0,2,2,36.8,528,高橋亮,栗,1800,15105907,01093,01136,0518180913,山紫水明,千代田牧場,ネオユニヴァース,サウンドザビーチ,アフリート,栗毛,150216,    3.7,  ,    ,50.6
18,02,18,1,東京,8,09,ヒヤシン,131,ダ,1,1600,良,ニシノトランザム  ,牡,3,ミナリク,56.0,16,14,11,11,0,1.7,13,100.2,"1402",0,0,0,15,13,37.4,480,森秀行,栗,0,15110065,05517,00427,0518180914,西山茂行,"Teneri Farm Inc. &",Orb,"Glorious Success","Successful Appeal",鹿毛,150324,  119.9,  ,    ,50.7
18,02,18,1,東京,8,09,ヒヤシン,131,ダ,1,1600,良,ダークリパルサー  ,牡,3,戸崎圭太,56.0,16,15,5,5,0,0.9,5,99.4,"1394",0,0,0,6,6,37.4,496,金成貴史,美,180,15106405,05386,01132,0518180915,レッドマジック,幾千世牧場,ハードスパン,エミネントシチー,ブライアンズタイム,黒鹿,150522,    8.2,  ,    ,49.5
18,02,18,1,東京,8,09,ヒヤシン,131,ダ,1,1600,良,モリノラスボス    ,牡,3,江田照男,56.0,16,16,7,7,0,1.3,15,99.8,"1398",0,0,0,3,3,38,508,大江原哲,美,0,15103959,00689,01012,0518180916,森和久,笹川大晃牧場,エスポワールシチー,ヤマイチジャスミン,ファスリエフ,鹿毛,150420,  325.0,  ,    ,47.6
18,02,18,1,東京,8,10,アメジＨ1600,67,芝,0,2000,良,ヴィーナスアロー  ,牝,4,武藤雅,51.0,12,01,11,11,0,1.4,11,122.1,"2021",0,0,11,11,11,34.2,416,根本康広,美,0,14106387,01169,01029,0518181001,村山忠弘,市川フアーム,パイロ,スパートル,ゼンノロブロイ,青鹿,140518,  323.6,  ,    ,60.2
18,02,18,1,東京,8,10,アメジＨ1600,67,芝,0,2000,良,テーオービクトリー,牝,4,戸崎圭太,53.0,12,02,2,2,0,0.1,4,120.8,"2008",0,0,5,8,6,33.2,462,岡田稲男,栗,730,14102607,05386,01066,0518181002,小笹公也,ヤナガワ牧場,ブラックタイド,タイキクララ,デヒア,鹿毛,140323,    6.3,  ,    ,63.1
18,02,18,1,東京,8,10,アメジＨ1600,67,芝,0,2000,良,ショウナンマルシェ,セ,7,三浦皇成,56.0,12,03,5,5,0,0.3,5,121,"2010",0,0,3,3,3,33.8,482,二ノ宮敬,美,182,11103696,01122,00409,0518181003,国本哲秀,社台コーポレーショ,マンハッタンカフェ,ラリーズン,Labeeb,青鹿,110126,    9.8,  ,    ,60.6
18,02,18,1,東京,8,10,アメジＨ1600,67,芝,0,2000,良,カレンラストショー,牡,6,内田博幸,56.0,12,04,1,1,0,-0.1,3,120.7,"2007",0,0,1,1,1,33.8,446,橋口慎介,栗,1820,12104549,00422,01154,0518181004,鈴木隆司,ノーザンファーム,タニノギムレット,ヴィヴィッドカラー,ダンスインザダーク,栗毛,120408,    5.8,  ,    ,60.2
18,02,18,1,東京,8,10,アメジＨ1600,67,芝,0,2000,良,プロディガルサン  ,牡,5,ルメール,57.5,12,05,3,3,0,0.1,1,120.8,"2008",0,0,7,6,6,33.3,522,国枝栄,美,460,13106128,05339,00399,0518181005,金子真人ホールディ,ノーザンファーム,ディープインパクト,ラヴズオンリーミー,"Storm Cat",鹿毛,130222,    2.3,  ,    ,62.6
18,02,18,1,東京,8,10,アメジＨ1600,67,芝,0,2000,良,アクート          ,牡,5,石橋脩,55.0,12,06,6,6,0,0.6,6,121.3,"2013",0,0,9,8,9,33.5,436,宗像義忠,美,0,13105900,01077,00420,0518181006,サンデーレーシング,ノーザンファーム,ステイゴールド,シャーペンエッジ,クロフネ,鹿毛,130407,   14.3,  ,    ,62.3
18,02,18,1,東京,8,10,アメジＨ1600,67,芝,0,2000,良,アーバンキッド    ,牡,5,田辺裕信,55.0,12,07,4,4,0,0.2,8,120.9,"2009",0,0,2,2,2,33.8,486,斎藤誠,美,270,13105872,01075,01086,0518181007,サンデーレーシング,ノーザンファーム,ハーツクライ,コックニー,Swain,鹿毛,130304,   25.7,  ,    ,60.4
18,02,18,1,東京,8,10,アメジＨ1600,67,芝,0,2000,良,バルデス          ,牡,4,北村宏司,55.0,12,08,0,0,1,999.9,0,0,"----",0,0,0,0,0,0,0,木村哲也,美,0,14106026,01043,01126,0518181008,キャロットファーム,ノーザンファーム,ハービンジャー,ディアデラノビア,サンデーサイレンス,栗毛,140314,    0.0,  ,    , 0.0
18,02,18,1,東京,8,10,アメジＨ1600,67,芝,0,2000,良,マイネルラフレシア,牡,5,柴田大知,56.0,12,09,8,8,0,1,10,121.7,"2017",0,0,7,6,6,34.2,470,高橋裕,美,0,13101928,01009,00412,0518181009,サラブレッドクラブ,ビッグレッドファー,ジャングルポケット,フライングメリッサ,ダンスインザダーク,栗毛,130209,   79.6,  ,    ,59.6
18,02,18,1,東京,8,10,アメジＨ1600,67,芝,0,2000,良,コスモナインボール,牡,6,ミナリク,54.0,12,10,7,7,0,0.7,7,121.4,"2014",0,0,5,3,3,34.1,492,和田雄二,美,0,12103129,05517,01143,0518181010,ビッグレッドファー,大典牧場,ハイアーゲーム,シックスポケット,Charismatic,鹿毛,120416,   25.4,  ,    ,59.7
18,02,18,1,東京,8,10,アメジＨ1600,67,芝,0,2000,良,ネイチャーレット  ,牡,5,野中悠太,55.0,12,11,10,10,0,1.3,9,122,"2020",0,0,9,8,9,34.3,470,根本康広,美,0,13104816,01158,01029,0518181011,井上修一,藤原牧場,タニノギムレット,ネヴァカグラ,アグネスタキオン,鹿毛,130416,   68.7,  ,    ,59.6
18,02,18,1,東京,8,10,アメジＨ1600,67,芝,0,2000,良,アドマイヤエイカン,牡,5,岩田康誠,56.0,12,12,9,9,0,1,2,121.7,"2017",0,0,3,3,3,34.4,518,須貝尚介,栗,0,13106075,05203,01105,0518181012,近藤利一,ノーザンファーム,ハーツクライ,ペルヴィアンリリー,フレンチデピュティ,鹿毛,130321,    4.7,  ,    ,58.8
18,02,18,1,東京,8,11,フェブラG1,195,ダ,1,1600,良,ニシケンモノノフ  ,牡,7,横山典弘,57.0,16,01,16,16,0,3,13,99,"1390",0,0,0,1,1,40.7,508,庄野靖志,栗,0,11105438,00660,01087,0518181101,西森鶴,八木常郎,メイショウボーラー,グリーンヒルコマチ,アフリート,栗毛,110311,  124.1,  ,    ,35.9
18,02,18,1,東京,8,11,フェブラG1,195,ダ,1,1600,良,ケイティブレイブ  ,牡,5,福永祐一,57.0,16,02,11,11,0,1.7,5,97.7,"1377",0,0,0,2,2,39.4,516,目野哲也,栗,0,13104055,01014,00387,0518181102,瀧本和義,岡野牧場,アドマイヤマックス,ケイティローレル,サクラローレル,栗毛,130511,   15.4,  ,    ,38.8
18,02,18,1,東京,8,11,フェブラG1,195,ダ,1,1600,良,ノボバカラ        ,牡,6,石橋脩,57.0,16,03,13,13,0,2.3,16,98.3,"1383",0,0,0,4,4,39.6,510,天間昭一,美,0,12102452,01077,01090,0518181103,矢野琢也,萩澤泰博,アドマイヤオーラ,ノボキッス,フレンチデピュティ,栗毛,120408,  257.0,  ,    ,38.9
18,02,18,1,東京,8,11,フェブラG1,195,ダ,1,1600,良,アウォーディー    ,牡,8,武豊,57.0,16,04,9,9,0,1.6,7,97.6,"1376",0,0,0,10,13,37.7,516,松永幹夫,栗,0,10110078,00666,01092,0518181104,前田幸治,"North Hills Manage","Jungle Pocket","Heavenly Romance","Sunday Silence",鹿毛,100510,   23.6,  ,    ,45.3
18,02,18,1,東京,8,11,フェブラG1,195,ダ,1,1600,良,サウンドトゥルー  ,セ,8,ミナリク,57.0,16,05,8,8,0,1.5,11,97.5,"1375",0,0,0,15,13,37.6,478,高木登,美,0,10102446,05517,01088,0518181105,山田弘,岡田スタツド,フレンチデピュティ,キョウエイトルース,フジキセキ,栗毛,100515,   54.4,  ,    ,45.6
18,02,18,1,東京,8,11,フェブラG1,195,ダ,1,1600,良,インカンテーション,牡,8,三浦皇成,57.0,16,06,3,3,0,0.1,6,96.1,"1361",0,0,0,7,6,36.7,512,羽月友彦,栗,2500,10104916,01122,01091,0518181106,ターフ・スポート,谷川牧場,シニスターミニスター,オリジナルスピン,Machiavellian,鹿毛,100324,   20.0,  ,    ,47.1
18,02,18,1,東京,8,11,フェブラG1,195,ダ,1,1600,良,ララベル          ,牝,6,真島大輔,55.0,16,07,15,15,0,2.8,14,98.8,"1388",0,0,0,5,5,39.7,548,荒山勝徳,地,0,12104368,05420,05625,0518181107,吉田照哉,社台ファーム,ゴールドアリュール,ブリージーウッズ,ティンバーカントリー,栗毛,120509,  199.4,  ,    ,39.3
18,02,18,1,東京,8,11,フェブラG1,195,ダ,1,1600,良,メイショウスミトモ,牡,7,田辺裕信,57.0,16,08,7,7,0,1.1,15,97.1,"1371",0,0,0,10,11,37.4,486,南井克巳,栗,0,11102556,01075,01049,0518181108,松本好雄,フジワラフアーム,ゴールドアリュール,ムゲン,アジュディケーティング,鹿毛,110422,  242.3,  ,    ,45.8
18,02,18,1,東京,8,11,フェブラG1,195,ダ,1,1600,良,キングズガード    ,牡,7,藤岡佑介,57.0,16,09,6,6,0,0.7,12,96.7,"1367",0,0,0,15,13,36.8,470,寺島良,栗,0,11105960,01093,01158,0518181109,日進牧場,日進牧場,シニスターミニスター,キングスベリー,キングヘイロー,鹿毛,110421,   81.5,  ,    ,47.7
18,02,18,1,東京,8,11,フェブラG1,195,ダ,1,1600,良,テイエムジンソク  ,牡,6,古川吉洋,57.0,16,10,12,12,0,1.9,2,97.9,"1379",0,0,0,3,3,39.4,496,木原一良,栗,0,12101830,01015,01033,0518181110,竹園正繼,日高テイエム牧場,クロフネ,マイディスカバリー,フォーティナイナー,芦毛,120421,    3.7,  ,    ,39.1
18,02,18,1,東京,8,11,フェブラG1,195,ダ,1,1600,良,ロンドンタウン    ,牡,5,岩田康誠,57.0,16,11,14,14,0,2.5,9,98.5,"1385",0,0,0,7,8,39,522,牧田和弥,栗,0,13101999,05203,01123,0518181111,薪浦亨,松浦牧場,カネヒキリ,フェアリーバニヤン,"Honour and Glory",鹿毛,130422,   33.2,  ,    ,41.5
18,02,18,1,東京,8,11,フェブラG1,195,ダ,1,1600,良,ノンコノユメ      ,セ,6,内田博幸,57.0,16,12,1,1,0,0,4,96,"1360",0,0,0,14,13,36.1,450,加藤征弘,美,10000,12104314,00422,01059,0518181112,山田広太郎,社台ファーム,トワイニング,ノンコ,アグネスタキオン,栃栗,120328,   10.7,  ,    ,49.6
18,02,18,1,東京,8,11,フェブラG1,195,ダ,1,1600,良,レッツゴードンキ  ,牝,6,幸英明,55.0,16,13,5,5,0,0.7,10,96.7,"1367",0,0,0,10,11,37,492,梅田智之,栗,1000,12102095,00732,01084,0518181113,廣崎利洋HD,清水牧場,キングカメハメハ,マルトク,マーベラスサンデー,栗毛,120406,   51.0,  ,    ,46.8
18,02,18,1,東京,8,11,フェブラG1,195,ダ,1,1600,良,ゴールドドリーム  ,牡,5,ムーア,57.0,16,14,2,2,0,0,1,96,"1360",0,0,0,10,8,36.4,524,平田修,栗,4000,13106119,05366,01082,0518181114,吉田勝己,ノーザンファーム,ゴールドアリュール,モンヴェール,フレンチデピュティ,鹿毛,130419,    2.1,  ,    ,48.2
18,02,18,1,東京,8,11,フェブラG1,195,ダ,1,1600,良,ベストウォーリア  ,牡,8,ルメール,57.0,16,15,10,10,0,1.6,8,97.6,"1376",0,0,0,6,6,38.3,518,石坂正,栗,0,10110127,05339,01022,0518181115,馬場幸夫,"Buck Pond Farm Inc","Majestic Warrior","Flirtatious Miss","Mr. Greeley",栗毛,100307,   32.2,  ,    ,42.9
18,02,18,1,東京,8,11,フェブラG1,195,ダ,1,1600,良,サンライズノヴァ  ,牡,4,戸崎圭太,57.0,16,16,4,4,0,0.6,3,96.6,"1366",0,0,0,9,8,37,536,音無秀孝,栗,1500,14106474,05386,01002,0518181116,松岡隆雄,ヤナガワ牧場,ゴールドアリュール,ブライトサファイヤ,サンダーガルチ,栗毛,140409,    7.1,  ,    ,46.6
18,02,18,1,東京,8,12,大島特別1000,43,ダ,1,1400,良,ラインフェルス    ,牡,6,内田博幸,57.0,16,01,13,13,0,2.5,12,88.2,"1282",0,0,0,15,15,38.3,490,斎藤誠,美,0,12101317,00422,01086,0518181201,村野康司,下河辺牧場,ワイルドラッシュ,インプレスゴールド,ブライアンズタイム,栗毛,120408,   68.2,  ,    ,47.7
18,02,18,1,東京,8,12,大島特別1000,43,ダ,1,1400,良,コパノディール    ,牝,5,武藤雅,55.0,16,02,9,9,0,1.5,14,87.2,"1272",0,0,0,13,13,37.9,438,尾形充弘,美,0,13105028,01169,00349,0518181202,小林照弘,市川牧場,エンパイアメーカー,リスキーディール,ネオユニヴァース,黒鹿,130502,   97.3,  ,    ,47.6
18,02,18,1,東京,8,12,大島特別1000,43,ダ,1,1400,良,アースヴィグラス  ,牝,4,横山典弘,55.0,16,03,14,14,0,3.4,11,89.1,"1291",0,0,0,4,6,40.3,460,粕谷昌央,美,0,14102814,00660,01096,0518181203,松山増男,習志野牧場,サウスヴィグラス,アースシンボル,トウカイテイオー,鹿毛,140415,   52.5,  ,    ,40.8
18,02,18,1,東京,8,12,大島特別1000,43,ダ,1,1400,良,エメラルエナジー  ,牡,6,ミナリク,57.0,16,04,4,4,0,0.2,8,85.9,"1259",0,0,0,4,4,37.3,510,相沢郁,美,230,12105238,05517,01020,0518181204,高橋勉,金成吉田牧場,ファルブラヴ,セトウチソーラー,スペシャルウィーク,栗毛,120316,   20.7,  ,    ,47.7
18,02,18,1,東京,8,12,大島特別1000,43,ダ,1,1400,良,ワンボーイ        ,セ,6,田中勝春,57.0,16,05,11,11,0,2,13,87.7,"1277",0,0,0,10,8,38.7,488,新開幸一,美,0,12104441,00684,01116,0518181205,稲川一,社台ファーム,フレンチデピュティ,モスフロックス,サンデーサイレンス,栗毛,120204,   84.0,  ,    ,45.0
18,02,18,1,東京,8,12,大島特別1000,43,ダ,1,1400,良,ウィズエモーション,牝,5,田辺裕信,55.0,16,06,12,12,0,2.5,10,88.2,"1282",0,0,0,1,1,39.9,486,栗田博憲,美,0,13105665,01075,00341,0518181206,社台レースホース,社台ファーム,クロフネ,ミスアルダント,サンデーサイレンス,鹿毛,130421,   34.7,  ,    ,40.8
18,02,18,1,東京,8,12,大島特別1000,43,ダ,1,1400,良,ワイドリーザワン  ,牡,6,横山和生,57.0,16,07,3,3,0,0.1,15,85.8,"1258",0,0,0,13,13,36.4,454,奥村武,美,380,12104192,01140,01145,0518181207,坂本浩一,社台コーポレーショ,キングカメハメハ,キャッチザゴールド,サンデーサイレンス,黒鹿,120214,  178.5,  ,    ,51.8
18,02,18,1,東京,8,12,大島特別1000,43,ダ,1,1400,良,ロードプレミアム  ,牡,5,岩田康誠,57.0,16,08,8,8,0,1.3,6,87,"1270",0,0,0,6,6,38.2,496,斎藤誠,美,0,13102295,05203,01086,0518181208,ロードホースクラブ,ケイアイファーム,ディープインパクト,インディアナギャル,Intikhab,黒鹿,130226,   13.9,  ,    ,45.8
18,02,18,1,東京,8,12,大島特別1000,43,ダ,1,1400,良,ワンダープラヤアン,牡,4,北村宏司,57.0,16,09,6,6,0,0.4,3,86.1,"1261",0,0,0,8,11,36.9,484,森田直行,栗,0,14104021,01043,01142,0518181209,山本能成,藤春修二,アルデバラン2,ワンダーフウラン,カリズマティック,栗毛,140425,    5.4,  ,    ,50.0
18,02,18,1,東京,8,12,大島特別1000,43,ダ,1,1400,良,キタサンガンバ    ,牡,5,戸崎圭太,57.0,16,10,2,2,0,0.1,1,85.8,"1258",0,0,0,3,3,37.3,496,小笠倫弘,美,600,13101058,05386,01076,0518181210,大野商事,RUMIファーム,キンシャサノキセキ,ケイアイカミノアシ,ブライアンズタイム,鹿毛,130322,    3.0,  ,    ,47.5
18,02,18,1,東京,8,12,大島特別1000,43,ダ,1,1400,良,ワンパーセント    ,牡,5,菅原隆一,57.0,16,11,0,0,1,999.9,0,0,"----",0,0,0,0,0,0,0,中川公成,美,0,13100082,01129,01081,0518181211,島川隆哉,エスティファーム,トーセンブライト,スペシャライズ,スペシャルウィーク,栗毛,130509,    0.0,  ,    , 0.0
18,02,18,1,東京,8,12,大島特別1000,43,ダ,1,1400,良,シゲルベンガルトラ,牡,4,大野拓弥,57.0,16,12,10,10,0,1.9,5,87.6,"1276",0,0,0,6,4,38.9,474,二ノ宮敬,美,0,14100080,01096,00409,0518181212,森中蕃,石田牧場,プリサイスエンド,ローズヘイロー,キングヘイロー,栗毛,140228,   12.0,  ,    ,43.9
18,02,18,1,東京,8,12,大島特別1000,43,ダ,1,1400,良,アーバンイェーガー,牡,4,ムーア,57.0,16,13,15,15,0,3.5,2,89.2,"1292",0,0,0,10,8,40.2,500,高橋文雅,美,0,14102562,05366,01134,0518181213,村木克成,メイプルファーム,エンパイアメーカー,マイグリーン,ダンシングブレーヴ,黒鹿,140525,    4.7,  ,    ,41.4
18,02,18,1,東京,8,12,大島特別1000,43,ダ,1,1400,良,ターゲリート      ,牡,5,福永祐一,57.0,16,14,1,1,0,-0.1,4,85.7,"1257",0,0,0,10,11,36.5,486,戸田博文,美,1500,13105325,01014,01054,0518181214,G1レーシング,社台コーポレーショ,シンボリクリスエス,ディーバ,"Crafty Prospector",黒鹿,130301,    6.6,  ,    ,51.1
18,02,18,1,東京,8,12,大島特別1000,43,ダ,1,1400,良,ケンコンイッテキ  ,牡,5,三浦皇成,57.0,16,15,7,7,0,0.7,9,86.4,"1264",0,0,0,2,2,38,514,田島俊明,美,0,13101848,01122,01112,0518181215,"CHEVAL ATTACHE",ハシモトフアーム,ナイキアディライト,クロスマイハート,スペシャルウィーク,青鹿,130422,   31.5,  ,    ,45.5
18,02,18,1,東京,8,12,大島特別1000,43,ダ,1,1400,良,ノーフィアー      ,牡,4,江田照男,57.0,16,16,5,5,0,0.4,7,86.1,"1261",0,0,0,8,8,37.1,500,佐藤吉勝,美,150,14104214,00689,01035,0518181216,平本敏夫,石川牧場,カネヒキリ,ミスフェリチタ,フォーティナイナー,栗毛,140530,   19.3,  ,    ,49.1
