18,08,18,2,札幌,1,01,未勝利*,7,芝,0,1200,良,オーミマサムネ    ,牡,2,井上敏樹,53.0,7,01,7,7,0,3.9,6,73.9,"1139",0,0,0,6,7,38,430,作田誠二,栗,0,16105841,01151,01006,0118210101,岩崎僖澄,聖心台牧場,タイムパラドックス,アインステージ,ゴールドアリュール,栗毛,160506,   72.0,  ,    ,44.5
18,08,18,2,札幌,1,01,未勝利*,7,芝,0,1200,良,ハヤブサヴィーナス,牝,2,吉田隼人,54.0,7,02,5,5,0,1.7,5,71.7,"1117",0,0,0,4,4,36.1,418,高柳瑞樹,美,50,16102988,01095,01118,0118210102,武田修,坂牧場,アドマイヤムーン,アモーレペガサス,メジロライアン,鹿毛,160427,   30.0,  ,    ,48.6
18,08,18,2,札幌,1,01,未勝利*,7,芝,0,1200,良,イッツクール      ,牡,2,松田大作,54.0,7,03,1,1,0,-0.7,1,70,"1100",0,0,0,1,1,34.9,440,武英智,栗,500,16102089,01030,01161,0118210103,久木田隆,日本中央競馬会日高,アルデバラン2,タキオンメーカー,エンパイアメーカー,栗毛,160410,    2.2,  ,    ,50.6
18,08,18,2,札幌,1,01,未勝利*,7,芝,0,1200,良,ファンシャン      ,牝,2,柴山雄一,54.0,7,04,2,2,0,0.7,3,70.7,"1107",0,0,0,2,2,35.4,426,畠山吉宏,美,200,16102295,05243,01048,0118210104,ターフ・スポート,エムエム、ヤマダフ,トーセンラー,ボムシェル,キャプテンスティーヴ,栃栗,160215,    5.3,  ,    ,49.7
18,08,18,2,札幌,1,01,未勝利*,7,芝,0,1200,良,タナロット        ,牝,2,長岡禎仁,54.0,7,05,6,6,0,1.9,7,71.9,"1119",0,0,0,6,5,36,458,斎藤誠,美,0,16105755,01142,01086,0118210105,ミルファーム,坂本智広,メイショウサムソン,レディアドバンス,エルコンドルパサー,黒鹿,160212,  128.0,  ,    ,49.7
18,08,18,2,札幌,1,01,未勝利*,7,芝,0,1200,良,ファムファタル    ,牝,2,モレイラ,54.0,7,06,3,3,0,1.4,2,71.4,"1114",0,0,0,3,3,35.9,486,栗田徹,美,130,16105319,05509,01127,0118210106,スリーエイチレーシ,絵笛牧場,トゥザグローリー,コスモカゼツカイ,"Hurricane Run",鹿毛,160417,    2.2,  ,    ,48.9
18,08,18,2,札幌,1,01,未勝利*,7,芝,0,1200,良,トーセングラート  ,牝,2,黛弘人,54.0,7,07,4,4,0,1.5,4,71.5,"1115",0,0,0,5,5,35.7,442,宗像義忠,美,75,16103820,01109,00420,0118210107,島川隆哉,エスティファーム,トーセンホマレボシ,トーセンアート,Woodman,鹿毛,160308,   15.7,  ,    ,50.3
18,08,18,2,札幌,1,02,未勝利*,7,芝,0,1800,良,イリュージョニスト,牡,2,松岡正海,54.0,7,01,7,7,0,2.5,7,113.6,"1536",0,4,5,4,3,39.2,478,中舘英二,美,0,16102993,01085,01153,0118210201,コスモヴューファー,坂牧場,パイロ,キャンベルイモン,バブルガムフェロー,黒鹿,160414,  179.4,  ,    ,44.9
18,08,18,2,札幌,1,02,未勝利*,7,芝,0,1800,良,キャリーオン      ,牡,2,菱田裕二,54.0,7,02,6,6,0,1.8,6,112.9,"1529",0,7,7,6,7,38.3,436,河内洋,栗,0,16100607,01144,01072,0118210202,ノースヒルズ,ノースヒルズ,タートルボウル,スーリール,スペシャルウィーク,鹿毛,160310,  122.6,  ,    ,47.4
18,08,18,2,札幌,1,02,未勝利*,7,芝,0,1800,良,コパノマーティン  ,牡,2,古川吉洋,54.0,7,03,3,3,0,1.2,4,112.3,"1523",0,2,2,2,2,38.2,474,村山明,栗,130,16105938,01015,01107,0118210203,小林祥晃,谷岡牧場,スクリーンヒーロー,ラブディラン,"Dylan Thomas",黒鹿,160323,   19.4,  ,    ,47.0
18,08,18,2,札幌,1,02,未勝利*,7,芝,0,1800,良,シェーングランツ  ,牝,2,ルメール,54.0,7,04,1,1,0,-0.9,1,111.1,"1511",0,6,6,7,3,36.4,480,藤沢和雄,美,500,16105068,05339,00386,0118210204,社台レースホース,社台ファーム,ディープインパクト,スタセリタ,Monsun,青鹿,160129,    2.0,  ,    ,52.6
18,08,18,2,札幌,1,02,未勝利*,7,芝,0,1800,良,サトノサイベリー  ,牝,2,池添謙一,54.0,7,05,5,5,0,1.4,3,112.5,"1525",0,4,4,4,3,38,430,平田修,栗,50,16104483,01032,01082,0118210205,サトミホースカンパ,ノーザンファーム,ノヴェリスト,サトノユリア,ディープインパクト,鹿毛,160409,    4.6,  ,    ,48.0
18,08,18,2,札幌,1,02,未勝利*,7,芝,0,1800,良,トーセンジェロニモ,牡,2,菊沢一樹,52.0,7,06,4,4,0,1.4,5,112.5,"1525",0,3,3,3,3,38.2,472,菊沢隆徳,美,75,16100027,01161,01115,0118210206,島川隆哉,秋田牧場,トーセンジョーダン,アドマイヤラック,アドマイヤムーン,栗毛,160225,   29.7,  ,    ,47.3
18,08,18,2,札幌,1,02,未勝利*,7,芝,0,1800,良,ブラックウォーリア,牡,2,モレイラ,54.0,7,07,2,2,0,0.9,2,112,"1520",0,1,1,1,1,38.1,496,西村真幸,栗,200,16101840,05509,01148,0118210207,佐藤範夫,酒井牧場,ブラックタイド,ステファニーチャン,アーミジャー,鹿毛,160512,    2.6,  ,    ,47.0
18,08,18,2,札幌,1,03,未勝利・牝,7,ダ,1,1700,稍,ソルファ          ,牝,3,池添謙一,54.0,14,01,8,8,0,2.6,7,109.2,"1492",0,4,4,4,6,40.4,492,高柳瑞樹,美,0,15102387,01032,01118,0118210301,ロードホースクラブ,ケイアイファーム,ロードカナロア,レディバラード,Unbridled,鹿毛,150405,   18.2,  ,    ,42.9
18,08,18,2,札幌,1,03,未勝利・牝,7,ダ,1,1700,稍,ショーコーズ      ,牝,3,丹内祐次,54.0,14,02,0,0,1,999.9,0,0,"----",0,0,0,0,0,0,0,鈴木伸尋,美,0,15106301,01091,01026,0118210302,吉冨学,矢野牧場,オルフェーヴル,ルドラ,"Cape Cross",栗毛,150329,    0.0,  ,    , 0.0
18,08,18,2,札幌,1,03,未勝利・牝,7,ダ,1,1700,稍,メイショウタンゴ  ,牝,3,小崎綾也,54.0,14,03,6,6,0,2,4,108.6,"1486",0,11,10,12,11,39.1,458,石橋守,栗,0,15103437,01152,01140,0118210303,松本好雄,山田昇史,ローエングリン,シャインスペシャル,オペラハウス,黒鹿,150409,    8.0,  ,    ,47.0
18,08,18,2,札幌,1,03,未勝利・牝,7,ダ,1,1700,稍,カワキタロック    ,牝,3,古川吉洋,54.0,14,04,11,11,0,3.7,2,110.3,"1503",0,11,13,8,7,41.3,484,杉山晴紀,栗,0,15102352,01015,01157,0118210304,川島吉男,木田牧場,ゴールドアリュール,カワキタラブポップ,クロフネ,鹿毛,150423,    4.0,  ,    ,41.1
18,08,18,2,札幌,1,03,未勝利・牝,7,ダ,1,1700,稍,サンダルース      ,牝,3,西村太一,54.0,14,05,7,7,0,2.5,13,109.1,"1491",0,8,7,12,9,39.7,462,清水英克,美,0,15100074,01131,01080,0118210305,加藤ステーブル,石田牧場,ヒルノダムール,イシノビリーヴミー,ジェイドロバリー,鹿毛,150529,  281.1,  ,    ,45.4
18,08,18,2,札幌,1,03,未勝利・牝,7,ダ,1,1700,稍,ダイヤモンドベガ  ,牝,3,吉田隼人,54.0,14,06,4,4,0,0.8,6,107.4,"1474",0,6,6,3,3,39,428,杉山晴紀,栗,75,15109149,01095,01157,0118210306,佐藤範夫,ワールドファーム,ハードスパン,モーディッシュ,Singspiel,栗毛,150312,   17.6,  ,    ,45.7
18,08,18,2,札幌,1,03,未勝利・牝,7,ダ,1,1700,稍,ハコダテダリア    ,牝,3,藤岡康太,54.0,14,07,10,10,0,3.4,11,110,"1500",0,11,10,4,9,41.3,442,藤岡健一,栗,0,15100461,01116,01062,0118210307,河内孝夫,中地康弘,ステイゴールド,ラヴリージョウ,フレンチデピュティ,栗毛,150303,   61.8,  ,    ,40.7
18,08,18,2,札幌,1,03,未勝利・牝,7,ダ,1,1700,稍,スイートレモネード,牝,3,横山武史,52.0,14,08,2,2,0,0.5,5,107.1,"1471",0,1,1,1,1,38.8,436,武英智,栗,200,15104911,01170,01161,0118210308,キャロットファーム,社台コーポレーショ,ロードカナロア,ドルチェリモーネ,サンデーサイレンス,鹿毛,150124,    8.0,  ,    ,46.0
18,08,18,2,札幌,1,03,未勝利・牝,7,ダ,1,1700,稍,シネマソングス    ,牝,3,藤岡佑介,54.0,14,09,1,1,0,-0.5,3,106.6,"1466",0,2,2,2,2,38.3,430,小笠倫弘,美,500,15103853,01093,01076,0118210309,グリーンファーム,吉田ファーム,ハーツクライ,アースリヴィング,Yonaguska,黒鹿,150327,    6.8,  ,    ,47.3
18,08,18,2,札幌,1,03,未勝利・牝,7,ダ,1,1700,稍,ヴォーティブ      ,牝,3,松田大作,54.0,14,10,5,5,0,1.7,10,108.3,"1483",0,10,10,8,5,39.3,514,中尾秀正,栗,50,15104774,01030,01069,0118210310,佐々木主浩,ノーザンファーム,トーセンホマレボシ,グレイスファミリー,タニノギムレット,栗毛,150218,   40.9,  ,    ,45.8
18,08,18,2,札幌,1,03,未勝利・牝,7,ダ,1,1700,稍,キタノタマテバコ  ,牝,3,菊沢一樹,52.0,14,11,12,12,0,3.9,9,110.5,"1505",0,2,2,4,7,41.8,428,吉田直弘,栗,0,15101481,01161,01101,0118210311,北所直人,シンボリ牧場,タートルボウル,コリエドペルル,アグネスタキオン,鹿毛,150331,   30.1,  ,    ,39.6
18,08,18,2,札幌,1,03,未勝利・牝,7,ダ,1,1700,稍,ジュンサロマ      ,牝,3,柴山雄一,54.0,14,12,13,13,0,4.8,12,111.4,"1514",0,4,4,10,13,42.1,458,斎藤誠,美,0,15105266,05243,01086,0118210312,河合純二,川上牧場,ゼンノロブロイ,マヤノアブソルート,デインヒル,鹿毛,150603,   77.1,  ,    ,39.8
18,08,18,2,札幌,1,03,未勝利・牝,7,ダ,1,1700,稍,スプレンジーナ    ,牝,3,加藤祥太,53.0,14,13,9,9,0,2.7,8,109.3,"1493",0,6,9,10,11,40,396,大和田成,美,0,15104498,01156,01124,0118210313,長浜牧場,社台ファーム,キャプテントゥーレ,フェスタデルドンナ,ヘクタープロテクター,栗毛,150422,   24.6,  ,    ,44.5
18,08,18,2,札幌,1,03,未勝利・牝,7,ダ,1,1700,稍,クインチ          ,牝,3,モレイラ,54.0,14,14,3,3,0,0.7,1,107.3,"1473",0,8,7,4,3,38.6,458,金成貴史,美,130,15100735,05509,01132,0118210314,サラブレッドクラブ,ビッグレッドファー,アイルハヴアナザー,マイネクイーン,アグネスタキオン,栗毛,150504,    2.7,  ,    ,47.1
18,08,18,2,札幌,1,04,未勝利,7,ダ,1,1000,稍,ディアフェルスパー,セ,3,勝浦正樹,56.0,12,01,12,12,0,1.8,10,61.3,"1013",0,0,0,5,7,37.6,452,菊川正達,美,0,15103898,01025,01052,0118210401,ディアレストクラブ,ディアレストクラブ,キングズベスト,ニーマルオトメ,ゼンノロブロイ,鹿毛,150525,   30.9,  ,    ,44.5
18,08,18,2,札幌,1,04,未勝利,7,ダ,1,1000,稍,ロードレジェンド  ,牡,3,三津谷隼,53.0,12,02,10,10,0,1.5,8,61,"1010",0,0,0,5,7,37.3,484,西園正都,栗,0,15102381,01159,01028,0118210402,ロードホースクラブ,ケイアイファーム,ヘニーヒューズ,フェリス,ジャングルポケット,栗毛,150316,   23.0,  ,    ,45.3
18,08,18,2,札幌,1,04,未勝利,7,ダ,1,1000,稍,シップフォクイーン,牝,3,横山武史,52.0,12,03,2,2,0,0.2,4,59.7,"0597",0,0,0,4,3,36.2,474,牧浦充徳,栗,200,15102483,01170,01113,0118210403,グリーンファーム,土田扶美子,ルーラーシップ,クローズホールド,クロフネ,鹿毛,150322,   10.0,  ,    ,47.4
18,08,18,2,札幌,1,04,未勝利,7,ダ,1,1000,稍,サンオデッサ      ,牝,3,西村太一,54.0,12,04,5,5,0,0.7,5,60.2,"1002",0,0,0,1,1,37,460,新開幸一,美,50,15102786,01131,01116,0118210404,加藤ステーブル,富田恭司,スウェプトオーヴァーボード,ベルモントフェリス,アジュディケーティング,黒鹿,150328,   12.9,  ,    ,44.1
18,08,18,2,札幌,1,04,未勝利,7,ダ,1,1000,稍,ミヤジサクラコ    ,牝,3,城戸義政,54.0,12,05,1,1,0,-0.2,2,59.5,"0595",0,0,0,2,2,36.2,440,鈴木孝志,栗,500,15103842,01147,01111,0118210405,曽我司,村中牧場,ロードカナロア,ミヤジプロスパー,マルゼンスキー,鹿毛,150412,    3.1,  ,    ,46.5
18,08,18,2,札幌,1,04,未勝利,7,ダ,1,1000,稍,カレンヒップスター,牡,3,菱田裕二,56.0,12,06,9,9,0,1.3,12,60.8,"1008",0,0,0,5,7,37.1,452,橋口慎介,栗,0,15104430,01144,01154,0118210406,鈴木隆司,社台ファーム,ショウナンカンプ,ディオベルタ,フジキセキ,鹿毛,150423,  103.8,  ,    ,45.8
18,08,18,2,札幌,1,04,未勝利,7,ダ,1,1000,稍,レッドゼノビア    ,牝,3,丸山元気,54.0,12,07,8,8,0,1.2,7,60.7,"1007",0,0,0,11,11,36.5,454,大久保龍,栗,0,15104480,01127,01058,0118210407,東京ホースレーシン,社台ファーム,オルフェーヴル,ビジュアルショック,Kingmambo,栗毛,150219,   19.5,  ,    ,49.5
18,08,18,2,札幌,1,04,未勝利,7,ダ,1,1000,稍,サンデンクレール  ,牝,3,加藤祥太,53.0,12,08,3,3,0,0.6,11,60.1,"1001",0,0,0,3,3,36.7,466,湯窪幸雄,栗,130,15102919,01156,01057,0118210408,山田春枝,小倉牧場,プリサイスエンド,オータムリーフ,アーミジャー,黒鹿,150425,   69.2,  ,    ,45.6
18,08,18,2,札幌,1,04,未勝利,7,ダ,1,1000,稍,ラッキーチャンス  ,牝,3,木幡初也,53.0,12,09,7,7,0,1,9,60.5,"1005",0,0,0,10,10,36.5,460,杉浦宏昭,美,0,15101800,01153,01008,0118210409,堀口晴男,日西牧場,メイショウボーラー,モアマイガール,フジキセキ,鹿毛,150224,   26.3,  ,    ,48.6
18,08,18,2,札幌,1,04,未勝利,7,ダ,1,1000,稍,ヴェールレガロ    ,牡,3,ルメール,56.0,12,10,11,11,0,1.8,1,61.3,"1013",0,0,0,5,5,37.6,492,牧田和弥,栗,0,15105504,05339,01123,0118210410,水谷昌晃,岡田牧場,カジノドライヴ,ドレスデングリーン,アグネスタキオン,栗毛,150423,    2.4,  ,    ,44.5
18,08,18,2,札幌,1,04,未勝利,7,ダ,1,1000,稍,ベリンダ          ,牝,3,柴山雄一,54.0,12,11,6,6,0,0.8,6,60.3,"1003",0,0,0,11,11,36,424,栗田徹,美,0,15100634,05243,01127,0118210411,ノースヒルズ,ノースヒルズ,トランセンド,ルアシェイア,フジキセキ,栗毛,150319,   19.2,  ,    ,51.2
18,08,18,2,札幌,1,04,未勝利,7,ダ,1,1000,稍,ダノンチェリー    ,牝,3,小崎綾也,54.0,12,12,4,4,0,0.7,3,60.2,"1002",0,0,0,5,5,36.5,470,池江泰寿,栗,75,15104691,01152,01071,0118210412,ダノックス,ノーザンファーム,ディープインパクト,ウィーミスフランキー,Sunriver,鹿毛,150205,    9.2,  ,    ,47.4
18,08,18,2,札幌,1,05,新馬,15,芝,0,1500,良,ヘリオス          ,牡,2,ルメール,54.0,8,01,2,2,0,0.1,2,92.9,"1329",0,0,1,1,1,35.6,472,友道康夫,栗,280,16102370,05339,01061,0118210501,KICレーシング,桑田牧場,オルフェーヴル,アンジュシュエット,フレンチデピュティ,黒鹿,160223,    3.6,  ,    ,57.3
18,08,18,2,札幌,1,05,新馬,15,芝,0,1500,良,モズコールズ      ,牝,2,松岡正海,54.0,8,02,5,5,0,0.9,3,93.7,"1337",0,0,2,2,2,36.3,408,牧田和弥,栗,70,16100834,01085,01123,0118210502,キャピタル・システ,三村卓也,ジャスタウェイ,ハルサンサン,サウスヴィグラス,鹿毛,160209,   11.2,  ,    ,55.4
18,08,18,2,札幌,1,05,新馬,15,芝,0,1500,良,ヨドノミラクル    ,牡,2,四位洋文,54.0,8,03,6,6,0,1,7,93.8,"1338",0,0,3,2,3,36.4,470,鹿戸雄一,美,0,16102583,00700,01097,0118210503,海原聖一,林農場,スターリングローズ,クイーンマルサ,ステイゴールド,栗毛,160422,   55.9,  ,    ,55.1
18,08,18,2,札幌,1,05,新馬,15,芝,0,1500,良,ピンクブロッサム  ,牝,2,モレイラ,54.0,8,04,4,4,0,0.3,1,93.1,"1331",0,0,3,4,4,35.6,486,中内田充,栗,110,16104666,05509,01137,0118210504,H.H.シェイク・ファ,ノーザンファーム,ハービンジャー,ルナレガーロ,アドマイヤムーン,栗毛,160125,    1.4,  ,    ,57.7
18,08,18,2,札幌,1,05,新馬,15,芝,0,1500,良,マードレヴォイス  ,牡,2,勝浦正樹,54.0,8,05,3,3,0,0.3,5,93.1,"1331",0,0,6,6,6,35.2,462,田村康仁,美,180,16105087,01025,01027,0118210505,ディアレストクラブ,社台ファーム,ダイワメジャー,ソウルフルヴォイス,キングカメハメハ,栗毛,160522,   17.8,  ,    ,59.7
18,08,18,2,札幌,1,05,新馬,15,芝,0,1500,良,エレナレジーナ    ,牝,2,藤岡康太,54.0,8,06,1,1,0,-0.1,4,92.8,"1328",0,0,5,5,4,35.1,408,加藤征弘,美,700,16102289,01116,01059,0118210506,広尾レース,恵比寿牧場,ノヴェリスト,フェニーチェ,ファルブラヴ,鹿毛,160417,   13.6,  ,    ,59.6
18,08,18,2,札幌,1,05,新馬,15,芝,0,1500,良,リベラルタイプ    ,牝,2,柴山雄一,54.0,8,07,7,7,0,1,6,93.8,"1338",0,0,8,6,7,35.8,430,浅見秀一,栗,0,16105074,05243,00411,0118210507,社台レースホース,社台ファーム,ノヴェリスト,ステレオタイプ,サンデーサイレンス,青鹿,160424,   40.2,  ,    ,58.0
18,08,18,2,札幌,1,05,新馬,15,芝,0,1500,良,リーガルマインド  ,牡,2,菱田裕二,54.0,8,08,8,8,0,3.1,8,95.9,"1359",0,0,7,8,8,37.7,454,河内洋,栗,0,16102529,01144,01072,0118210508,畑佐博,高松牧場,ルーラーシップ,リターンキャスト,ノーザンテースト,鹿毛,160419,   91.0,  ,    ,52.9
18,08,18,2,札幌,1,06,未勝利,7,ダ,1,1700,稍,サトノゲイル      ,牡,3,藤岡佑介,56.0,14,01,2,2,0,0.2,3,107.9,"1479",0,11,11,11,8,38.3,468,池江泰寿,栗,200,15101380,01093,01071,0118210601,サトミホースカンパ,下河辺牧場,ディープインパクト,フィリス,アフリート,青鹿,150504,    7.9,  ,    ,49.1
18,08,18,2,札幌,1,06,未勝利,7,ダ,1,1700,稍,ディナミーデン    ,牡,3,横山典弘,56.0,14,02,1,1,0,-0.2,1,107.7,"1477",0,5,3,4,2,39.5,462,田島俊明,美,500,15102857,00660,01112,0118210602,ライオンレースホー,浦河日成牧場,ゴールドアリュール,レイナワルツ,ブラックタイアフェアー,芦毛,150328,    1.4,  ,    ,44.2
18,08,18,2,札幌,1,06,未勝利,7,ダ,1,1700,稍,アマゾンチャック  ,牝,3,井上敏樹,53.0,14,03,12,12,0,3.3,12,111,"1510",0,6,6,7,10,41.8,464,林徹,美,0,15101398,01151,01163,0118210603,下河辺牧場,下河辺牧場,ジャングルポケット,ミリオンハッピー,アグネスタキオン,鹿毛,150515,  260.8,  ,    ,40.3
18,08,18,2,札幌,1,06,未勝利,7,ダ,1,1700,稍,アスールダリア    ,牝,3,国分恭介,54.0,14,04,4,4,0,1,2,108.7,"1487",0,1,1,1,1,40.8,438,西村真幸,栗,75,15106454,01124,01148,0118210604,安原浩司,幾千世牧場,エスポワールシチー,アスール,フォーティナイナー,栗毛,150421,    6.3,  ,    ,40.8
18,08,18,2,札幌,1,06,未勝利,7,ダ,1,1700,稍,メイケイフウジン  ,牡,3,藤岡康太,56.0,14,05,14,14,0,10.3,9,118,"1580",0,13,13,14,14,45.2,542,清水久詞,栗,0,15104971,01116,01110,0118210605,名古屋競馬,ノーザンファーム,ヘニーヒューズ,ブラマンジェ,クロフネ,芦毛,150301,   59.5,  ,    ,37.9
18,08,18,2,札幌,1,06,未勝利,7,ダ,1,1700,稍,メイショウツヅラ  ,牝,3,加藤祥太,53.0,14,06,9,9,0,3,11,110.7,"1507",0,8,7,9,12,41.2,434,松永昌博,栗,0,15103084,01156,01083,0118210606,松本好雄,三栄牧場,メイショウボーラー,メイショウアイリス,ジョリーズヘイロー,青鹿,150520,  196.0,  ,    ,42.0
18,08,18,2,札幌,1,06,未勝利,7,ダ,1,1700,稍,ホッコーエレノア  ,牝,3,小崎綾也,54.0,14,07,3,3,0,0.6,5,108.3,"1483",0,7,7,6,5,39.2,514,戸田博文,美,130,15101208,01152,01054,0118210607,北幸商事,川端正博,クロフネ,ホッコーマスタング,アグネスフライト,芦毛,150411,   16.3,  ,    ,46.2
18,08,18,2,札幌,1,06,未勝利,7,ダ,1,1700,稍,ソンタク          ,牡,3,古川吉洋,56.0,14,08,5,5,0,1.1,6,108.8,"1488",0,11,11,9,6,39.3,438,的場均,美,50,15106447,01015,01063,0118210608,田頭勇貴,熊沢牧場,ヒルノダムール,ワタシノデバン,アジュディケーティング,鹿毛,150320,   22.1,  ,    ,46.5
18,08,18,2,札幌,1,06,未勝利,7,ダ,1,1700,稍,キリンノツバサ    ,牡,3,丸山元気,56.0,14,09,8,8,0,1.5,4,109.2,"1492",0,2,2,2,2,41.2,450,南田美知,美,0,15100551,01127,00437,0118210609,本多敏行,新冠橋本牧場,ヴィクトワールピサ,シャイニングピサ,"Smart Strike",栗毛,150326,   10.0,  ,    ,40.0
18,08,18,2,札幌,1,06,未勝利,7,ダ,1,1700,稍,カフジデューク    ,牡,3,川島信二,56.0,14,10,6,6,0,1.3,7,109,"1490",0,9,9,8,7,39.6,448,矢作芳人,栗,0,15105977,01062,01075,0118210610,加藤守,千代田牧場,ハーツクライ,ロイヤルペルラ,ブライアンズタイム,芦毛,150429,   27.6,  ,    ,45.6
18,08,18,2,札幌,1,06,未勝利,7,ダ,1,1700,稍,シュネルスト      ,牡,3,菊沢一樹,54.0,14,11,13,13,0,3.5,14,111.2,"1512",0,14,14,13,13,40.1,508,栗田博憲,美,0,15106144,01161,00341,0118210611,ノルマンディーサラ,藤本牧場,タイキシャトル,シンシンパッション,ヘクタープロテクター,栗毛,150321,  292.5,  ,    ,46.7
18,08,18,2,札幌,1,06,未勝利,7,ダ,1,1700,稍,ヴァリアスシチー  ,牡,3,柴山雄一,56.0,14,12,11,11,0,3.1,10,110.8,"1508",0,2,3,5,9,41.9,460,岡田稲男,栗,0,15100864,05243,01066,0118210612,友駿ホースクラブ,ムラカミファーム,エスポワールシチー,シルクサファイア,ステートリードン,鹿毛,150430,  146.6,  ,    ,39.7
18,08,18,2,札幌,1,06,未勝利,7,ダ,1,1700,稍,タイセイレーベン  ,牡,3,勝浦正樹,56.0,14,13,10,10,0,3,8,110.7,"1507",0,2,3,2,2,42.6,516,菊川正達,美,0,15102684,01025,01052,0118210613,田中成奉,森政巳,トビーズコーナー,ビバロングライフ,コマンダーインチーフ,栗毛,150412,   59.1,  ,    ,37.2
18,08,18,2,札幌,1,06,未勝利,7,ダ,1,1700,稍,クリノペーテルス  ,牝,3,松田大作,54.0,14,14,7,7,0,1.4,13,109.1,"1491",0,10,10,11,10,39.5,476,高橋康之,栗,0,15101851,01030,01135,0118210614,栗本博晴,春木昭雄,タートルボウル,フレンチバージン,フレンチデピュティ,鹿毛,150502,  271.4,  ,    ,46.1
18,08,18,2,札幌,1,07,未勝利,7,芝,0,2000,良,ヒロシゲセブン    ,牡,3,池添謙一,56.0,16,01,12,12,0,1.9,8,125.4,"2054",0,14,15,16,15,36.8,494,北出成人,栗,0,15101212,01032,01078,0118210701,吉岡隆,北田剛,ディープブリランテ,ダイイチボタン,ティンバーカントリー,鹿毛,150508,   33.7,  ,    ,53.2
18,08,18,2,札幌,1,07,未勝利,7,芝,0,2000,良,ナポリタン        ,牝,3,加藤祥太,53.0,16,02,7,7,0,1,11,124.5,"2045",0,12,12,13,6,36.3,472,安達昭夫,栗,0,15106172,01156,01042,0118210702,市川義美ホールディ,フジワラフアーム,ヴィクトワールピサ,ピサノグレース,フレンチデピュティ,鹿毛,150606,  156.8,  ,    ,54.1
18,08,18,2,札幌,1,07,未勝利,7,芝,0,2000,良,ニシノフリヒメ    ,牝,3,古川吉洋,54.0,16,03,6,6,0,0.7,10,124.2,"2042",0,6,6,6,3,36.6,418,的場均,美,0,15101778,01015,01063,0118210703,西山茂行,谷川牧場,タニノギムレット,ニシノゴウヒメ,ゴールドアリュール,栗毛,150216,  140.6,  ,    ,52.6
18,08,18,2,札幌,1,07,未勝利,7,芝,0,2000,良,キングジョーカ    ,牡,3,蛯名正義,56.0,16,04,5,5,0,0.7,4,124.2,"2042",0,9,8,9,5,36.4,468,天間昭一,美,50,15101595,00663,01090,0118210704,臼井義太郎,ダーレー・ジャパン,キングズベスト,キャンディス,Caerleon,鹿毛,150416,   12.8,  ,    ,53.4
18,08,18,2,札幌,1,07,未勝利,7,芝,0,2000,良,ブケパロス        ,牡,3,小崎綾也,56.0,16,05,11,11,0,1.7,12,125.2,"2052",0,8,8,12,11,37.1,446,中竹和也,栗,0,15102686,01152,01039,0118210705,小田吉男,山際セントラルスタ,ブラックタイド,エリモプリンセス,キングカメハメハ,黒鹿,150330,  176.2,  ,    ,51.8
18,08,18,2,札幌,1,07,未勝利,7,芝,0,2000,良,コスモダリア      ,牝,3,横山武史,52.0,16,06,10,10,0,1.7,16,125.2,"2052",0,9,11,14,11,36.9,410,小島茂之,美,0,15100398,01170,01068,0118210706,田中由子,大栄牧場,ディープインパクト,レインボーダリア,ブライアンズタイム,鹿毛,150115,  263.1,  ,    ,52.6
18,08,18,2,札幌,1,07,未勝利,7,芝,0,2000,良,クイーンズトゥルー,牝,3,柴田善臣,54.0,16,07,3,3,0,0.6,3,124.1,"2041",0,3,3,3,3,36.8,430,高木登,美,130,15105408,00641,01088,0118210707,ノルマンディーサラ,岡田スタツド,キングカメハメハ,キョウエイトルース,フジキセキ,黒鹿,150528,    5.7,  ,    ,51.7
18,08,18,2,札幌,1,07,未勝利,7,芝,0,2000,良,ベリータ          ,牝,3,松岡正海,54.0,16,08,14,14,0,2.4,9,125.9,"2059",0,4,4,6,9,38.3,446,水野貴広,美,0,15100723,01085,01094,0118210708,サラブレッドクラブ,ビッグレッドファー,アイルハヴアナザー,マイネイサベル,テレグノシス,栗毛,150313,   34.9,  ,    ,48.0
18,08,18,2,札幌,1,07,未勝利,7,芝,0,2000,良,ターフェルムジーク,牝,3,藤岡佑介,54.0,16,09,4,4,0,0.7,7,124.2,"2042",0,14,14,9,9,36.4,422,渡辺薫彦,栗,75,15104074,01093,01155,0118210709,サンデーレーシング,追分ファーム,ノヴェリスト,アルメーリヒ,ネオユニヴァース,鹿毛,150515,   25.9,  ,    ,53.4
18,08,18,2,札幌,1,07,未勝利,7,芝,0,2000,良,パスティス        ,牡,3,ルメール,56.0,16,10,8,8,0,1.4,1,124.9,"2049",0,12,8,6,6,37.3,484,須貝尚介,栗,0,15104920,05339,01105,0118210710,金子真人ホールディ,ノーザンファーム,ハーツクライ,ハヤランダ,Lando,青毛,150313,    2.0,  ,    ,50.7
18,08,18,2,札幌,1,07,未勝利,7,芝,0,2000,良,バトルガニアン    ,牡,3,丹内祐次,56.0,16,11,13,13,0,1.9,13,125.4,"2054",0,6,6,9,11,37.5,444,牧光二,美,0,15104533,01091,01106,0118210711,宮川秋信,社台ファーム,ハーツクライ,ホットレッグス,Galileo,栗毛,150304,  188.3,  ,    ,50.5
18,08,18,2,札幌,1,07,未勝利,7,芝,0,2000,良,シンアンドケン    ,牡,3,松田大作,56.0,16,12,15,15,0,3.1,14,126.6,"2066",0,16,16,3,11,39.3,478,本田優,栗,0,15106170,01030,01099,0118210712,フジワラ・ファーム,フジワラフアーム,ヴァーミリアン,ネフェルメモリー,アジュディケーティング,鹿毛,150323,  197.2,  ,    ,45.2
18,08,18,2,札幌,1,07,未勝利,7,芝,0,2000,良,カシノデジール    ,牝,3,菊沢一樹,52.0,16,13,9,9,0,1.5,5,125,"2050",0,11,13,15,16,36.5,426,天間昭一,美,0,15101920,01161,01090,0118210713,柏木務,藤本ファーム,ディープブリランテ,スターカットジェム,フォーティナイナー,鹿毛,150214,   18.1,  ,    ,53.9
18,08,18,2,札幌,1,07,未勝利,7,芝,0,2000,良,ペイシャレイナ    ,牝,3,井上敏樹,53.0,16,14,2,2,0,0.2,6,123.7,"2037",0,1,1,1,1,36.8,446,高橋義博,美,200,15101938,01151,01036,0118210714,北所直人,宝寄山忠則,エイシンフラッシュ,レイナデアブリル,フジキセキ,鹿毛,150213,   20.6,  ,    ,51.2
18,08,18,2,札幌,1,07,未勝利,7,芝,0,2000,良,イーリス          ,牝,3,長岡禎仁,54.0,16,15,16,16,0,3.7,15,127.2,"2072",0,4,4,3,6,39.9,458,菊沢隆徳,美,0,15105864,01142,01115,0118210715,谷岡牧場,谷岡牧場,スクリーンヒーロー,サクラフーガ,サクラローレル,栗毛,150315,  197.6,  ,    ,43.8
18,08,18,2,札幌,1,07,未勝利,7,芝,0,2000,良,ティイ            ,牝,3,モレイラ,54.0,16,16,1,1,0,-0.2,2,123.5,"2035",0,2,2,2,2,36.5,432,大竹正博,美,500,15103982,05509,01102,0118210716,近藤英子,青藍牧場,エイシンフラッシュ,ミスユニバース,ダイワメジャー,黒鹿,150424,    3.6,  ,    ,52.2
18,08,18,2,札幌,1,08,500万下,23,ダ,1,2400,稍,ヨシヒコ          ,牡,4,加藤祥太,56.0,12,01,5,5,0,1,1,156.8,"2368",0,8,10,9,10,39.6,484,大江原哲,美,75,14106148,01156,01012,0118210801,菊地祐司,ノーザンファーム,シンボリクリスエス,マギストラ,ディープインパクト,黒鹿,140423,    3.1,  ,    ,48.7
18,08,18,2,札幌,1,08,500万下,23,ダ,1,2400,稍,アポロリベリオン  ,牡,5,ルメール,57.0,12,02,3,3,0,0.2,4,156,"2360",0,1,1,1,1,39.8,486,栗田徹,美,190,13110107,05339,01127,0118210802,アポロサラブレッド,"Rabbah Bloodstock","Medaglia d'Oro",Ocicat,"Storm Cat",鹿毛,130322,    5.5,  ,    ,47.3
18,08,18,2,札幌,1,08,500万下,23,ダ,1,2400,稍,ペイシャジャン    ,牡,3,畑端省吾,54.0,12,03,10,10,0,2.1,8,157.9,"2379",0,2,2,2,6,41.5,510,吉田直弘,栗,0,15102765,01057,01101,0118210803,北所直人,清水スタッド,ジャングルポケット,セイントリーフ,タヤスツヨシ,鹿毛,150412,   19.3,  ,    ,43.5
18,08,18,2,札幌,1,08,500万下,23,ダ,1,2400,稍,フクキタル        ,牝,3,松岡正海,52.0,12,04,11,11,0,3.4,9,159.2,"2392",0,12,12,11,11,41.1,464,竹内正洋,美,0,15109150,01085,01152,0118210804,佐藤範夫,ワールドファーム,パイロ,ローレルアイ,フサイチコンコルド,黒鹿,150406,   30.2,  ,    ,45.8
18,08,18,2,札幌,1,08,500万下,23,ダ,1,2400,稍,サーブルノワール  ,牡,4,柴山雄一,57.0,12,05,0,0,4,999.9,10,0,"----",0,6,8,0,0,0,502,和田勇介,美,0,14103323,05243,01165,0118210805,シルクレーシング,谷口牧場,ブラックタイド,マイネナデシコ,サツカーボーイ,青鹿,140304,   45.3,  ,    , 0.0
18,08,18,2,札幌,1,08,500万下,23,ダ,1,2400,稍,トモジャプリマ    ,牝,4,勝浦正樹,55.0,12,06,9,9,0,1.5,11,157.3,"2373",0,3,2,2,3,40.9,452,鈴木伸尋,美,0,14105112,01025,01026,0118210806,吉冨学,前谷武志,ブラックタイド,クイーンオブハルカ,Singspiel,黒鹿,140330,   66.0,  ,    ,44.9
18,08,18,2,札幌,1,08,500万下,23,ダ,1,2400,稍,メヌエット        ,牝,4,藤岡佑介,55.0,12,07,6,6,0,1.3,7,157.1,"2371",0,10,8,8,8,40.2,466,橋田満,栗,0,14101093,01093,00362,0118210807,ロードホースクラブ,ケイアイファーム,Tapit,スピニングワイルドキャット,"Hard Spun",芦毛,140228,   17.0,  ,    ,46.9
18,08,18,2,札幌,1,08,500万下,23,ダ,1,2400,稍,ランドジュピター  ,牡,4,城戸義政,57.0,12,08,2,2,0,0.2,6,156,"2360",0,8,7,6,7,39.2,458,安達昭夫,栗,300,14102088,01147,01042,0118210808,木村昌三,高澤俊雄,サマーバード,フィールザファン,デュランダル,鹿毛,140416,   14.4,  ,    ,49.3
18,08,18,2,札幌,1,08,500万下,23,ダ,1,2400,稍,リーダーズ        ,牡,6,黛弘人,57.0,12,09,7,7,0,1.3,12,157.1,"2371",0,11,11,9,8,39.8,496,藤原辰雄,美,0,12102865,01109,00435,0118210809,平井裕,グランド牧場,サウスヴィグラス,チアリーダー,アサティス,鹿毛,120330,  369.2,  ,    ,48.2
18,08,18,2,札幌,1,08,500万下,23,ダ,1,2400,稍,フラテッリ        ,牡,3,池添謙一,52.0,12,10,8,8,0,1.4,3,157.2,"2372",0,3,5,2,3,40.8,530,池添学,栗,0,15110104,01032,01144,0118210810,吉田和美,"China Horse Club R",Frankel,Lovetorn,"Giant's Causeway",栗毛,150922,    5.3,  ,    ,45.1
18,08,18,2,札幌,1,08,500万下,23,ダ,1,2400,稍,サトノヴィクトリー,牡,4,モレイラ,57.0,12,11,1,1,0,-0.2,2,155.8,"2358",0,3,2,6,3,39,458,堀宣行,美,750,14105974,05509,01070,0118210811,里見治紀,ノーザンファーム,ディープインパクト,ジョコンダ2,Rossini,鹿毛,140221,    4.4,  ,    ,49.8
18,08,18,2,札幌,1,08,500万下,23,ダ,1,2400,稍,イグレット        ,牝,3,横山武史,50.0,12,12,4,4,0,0.4,5,156.2,"2362",0,6,5,2,2,39.8,460,松永幹夫,栗,110,15110014,01170,01092,0118210812,前田幸治,"North Hills Co. Lt","Distorted Humor","Heavenly Romance","Sunday Silence",栗毛,150311,   10.4,  ,    ,47.5
18,08,18,2,札幌,1,09,500万下・牝,23,ダ,1,1700,稍,リュミエールドール,牝,4,丸山元気,55.0,13,01,4,4,0,1.2,6,107.1,"1471",0,12,12,12,10,37.8,506,浜田多実,栗,110,14105336,01127,01138,0118210901,社台レースホース,社台コーポレーショ,ルーラーシップ,アルスノヴァ,ダンスインザダーク,鹿毛,140103,   21.7,  ,    ,50.0
18,08,18,2,札幌,1,09,500万下・牝,23,ダ,1,1700,稍,ワタシノロザリオ  ,牝,4,菱田裕二,55.0,13,02,5,5,0,1.2,7,107.1,"1471",0,11,11,10,8,38.2,444,湯窪幸雄,栗,75,14104612,01144,01057,0118210902,ヒダカ・ブリーダー,高橋フアーム,ヴァーミリアン,タイキロザリオ,"Spinning World",青鹿,140313,   26.1,  ,    ,48.4
18,08,18,2,札幌,1,09,500万下・牝,23,ダ,1,1700,稍,ボードウォーク    ,牝,3,黛弘人,52.0,13,03,3,3,0,0.2,3,106.1,"1461",0,1,1,1,1,38,442,矢作芳人,栗,190,15106059,01109,01075,0118210903,ヒダカ・ブリーダー,橋本牧場,オルフェーヴル,ハーマジェスティ,ラムタラ,鹿毛,150503,    5.9,  ,    ,47.8
18,08,18,2,札幌,1,09,500万下・牝,23,ダ,1,1700,稍,クルークハイト    ,牝,4,モレイラ,55.0,13,04,1,1,0,-0.2,2,105.9,"1459",0,4,3,7,2,37.4,466,藤岡健一,栗,750,14105833,05509,01062,0118210904,キャロットファーム,ノーザンファーム,クロフネ,ヴァイスハイト,アドマイヤベガ,芦毛,140404,    3.7,  ,    ,49.9
18,08,18,2,札幌,1,09,500万下・牝,23,ダ,1,1700,稍,タガノアニード    ,牝,4,横山武史,53.0,13,05,7,7,0,1.5,5,107.4,"1474",0,8,8,5,6,39,470,角田晃一,栗,0,14100504,01170,01121,0118210905,八木良司,新冠タガノファーム,アイルハヴアナザー,タガノガンチーニ,ネオユニヴァース,黒鹿,140508,   15.5,  ,    ,45.7
18,08,18,2,札幌,1,09,500万下・牝,23,ダ,1,1700,稍,プティットクルール,牝,4,国分恭介,55.0,13,06,10,10,0,2.1,11,108,"1480",0,2,2,2,2,39.8,466,宮徹,栗,0,14104702,01124,01018,0118210906,首藤徳,田原橋本牧場,マンハッタンカフェ,ローリエ,メジロマックイーン,黒鹿,140309,   68.3,  ,    ,43.5
18,08,18,2,札幌,1,09,500万下・牝,23,ダ,1,1700,稍,バニーテール      ,牝,4,ルメール,55.0,13,07,2,2,0,0.2,1,106.1,"1461",0,9,9,8,6,37.3,486,中内田充,栗,300,14105828,05339,01137,0118210907,金子真人ホールディ,ノーザンファーム,カネヒキリ,ウィンターコスモス,キングカメハメハ,芦毛,140425,    2.0,  ,    ,50.6
18,08,18,2,札幌,1,09,500万下・牝,23,ダ,1,1700,稍,ブルレジーナ      ,牝,3,池添謙一,52.0,13,08,11,11,0,2.4,10,108.3,"1483",0,7,7,5,8,39.9,450,小崎憲,栗,0,15105192,01032,01085,0118210908,高田秀信,チャンピオンズファ,ハーツクライ,リキオリンピア,"End Sweep",栗毛,150407,   67.8,  ,    ,43.5
18,08,18,2,札幌,1,09,500万下・牝,23,ダ,1,1700,稍,サンヘレナ        ,牝,5,松岡正海,55.0,13,09,8,8,0,1.7,12,107.6,"1476",0,9,9,11,12,38.6,496,天間昭一,美,0,13106452,01085,01090,0118210909,加藤ステーブル,ケイズ,パイロ,クーニャン,ジャングルポケット,鹿毛,130505,   85.7,  ,    ,47.5
18,08,18,2,札幌,1,09,500万下・牝,23,ダ,1,1700,稍,プリエンプト      ,牝,4,藤岡康太,55.0,13,10,9,9,0,2.1,8,108,"1480",0,3,3,2,2,39.8,476,斎藤誠,美,0,14105534,01116,01086,0118210910,社台レースホース,社台ファーム,ステイゴールド,スウィフトテンパー,"Giant's Causeway",栗毛,140304,   30.0,  ,    ,43.5
18,08,18,2,札幌,1,09,500万下・牝,23,ダ,1,1700,稍,プリンセスヨウク  ,牝,4,横山典弘,55.0,13,11,13,13,0,2.8,9,108.7,"1487",0,13,13,13,13,38.4,444,石栗龍彦,美,0,14103036,00660,01043,0118210911,ライオンレースホー,浦河日成牧場,エンパイアメーカー,プリンセスネージュ,フレンチデピュティ,鹿毛,140305,   53.8,  ,    ,49.9
18,08,18,2,札幌,1,09,500万下・牝,23,ダ,1,1700,稍,アポロユッキー    ,牝,4,勝浦正樹,55.0,13,12,6,6,0,1.4,4,107.3,"1473",0,4,5,2,2,39.1,532,鈴木伸尋,美,0,14100285,01025,01026,0118210912,アポロサラブレッド,渋谷一郎,アポロキングダム,ワレンダークイン,ワレンダー,鹿毛,140611,   13.1,  ,    ,45.1
18,08,18,2,札幌,1,09,500万下・牝,23,ダ,1,1700,稍,コンダクトレス    ,牝,3,菊沢一樹,50.0,13,13,12,12,0,2.5,13,108.4,"1484",0,6,6,8,10,39.6,444,小島茂之,美,0,15104952,01161,01068,0118210913,キャロットファーム,ノーザンファーム,ホワイトマズル,ファーストチェア,ジャングルポケット,黒鹿,150119,  130.7,  ,    ,44.8
18,08,18,2,札幌,1,10,富良野特500,23,芝,0,1800,良,キョウワベルナルド,牡,4,松岡正海,57.0,11,01,8,8,0,1.1,9,110.2,"1502",0,5,4,4,6,36.6,454,佐々木晶,栗,0,14100169,01085,00429,0118211001,協和牧場,協和牧場,ロージズインメイ,キョウワオーシャン,コマンダーインチーフ,鹿毛,140423,  194.3,  ,    ,50.5
18,08,18,2,札幌,1,10,富良野特500,23,芝,0,1800,良,ハナザカリ        ,牝,3,蛯名正義,52.0,11,02,9,9,0,1.5,8,110.6,"1506",0,1,2,1,4,37.8,484,粕谷昌央,美,0,15105501,00663,01096,0118211002,岡田壮史,岡田牧場,ルーラーシップ,チャームウィーク,スペシャルウィーク,黒鹿,150312,   92.1,  ,    ,46.3
18,08,18,2,札幌,1,10,富良野特500,23,芝,0,1800,良,トーセンスーリヤ  ,牡,3,四位洋文,54.0,11,03,1,1,0,-0.2,4,109.1,"1491",0,2,2,3,2,35.7,466,小野次郎,美,1050,15101105,00700,01125,0118211003,島川隆哉,エスティファーム,ローエングリン,トーセンガラシャ,デュランダル,栗毛,150404,    6.0,  ,    ,52.8
18,08,18,2,札幌,1,10,富良野特500,23,芝,0,1800,良,シスターフラッグ  ,牝,3,丸田恭介,52.0,11,04,3,3,0,0.2,6,109.3,"1493",0,6,6,6,4,35.4,508,西村真幸,栗,260,15101701,01117,01148,0118211004,小林英一ホールディ,出口牧場,ルーラーシップ,ミラクルフラッグ,スパイキュール,黒鹿,150417,   13.7,  ,    ,54.4
18,08,18,2,札幌,1,10,富良野特500,23,芝,0,1800,良,マイネルユニブラン,牡,4,丹内祐次,57.0,11,05,5,5,0,0.7,7,109.8,"1498",0,4,4,4,2,36.2,524,高橋裕,美,105,14101754,01091,00412,0118211005,サラブレッドクラブ,沖田牧場,スズカマンボ,コニャックレディ,Olympio,黒鹿,140321,   59.7,  ,    ,51.7
18,08,18,2,札幌,1,10,富良野特500,23,芝,0,1800,良,メイショウテンシャ,牡,4,池添謙一,57.0,11,06,7,7,0,0.8,3,109.9,"1499",0,8,9,10,9,35.7,468,池添兼雄,栗,0,14103577,01032,01021,0118211006,松本好雄,三嶋牧場,ディープインパクト,メイショウベルーガ,フレンチデピュティ,芦毛,140416,    6.0,  ,    ,53.9
18,08,18,2,札幌,1,10,富良野特500,23,芝,0,1800,良,バールドバイ      ,牡,3,ルメール,54.0,11,07,2,2,0,0.2,1,109.3,"1493",0,2,1,2,1,36.4,492,木村哲也,美,420,15101660,05339,01126,0118211007,ゴドルフィン,ダーレー・ジャパン,Dubawi,ポップアイコン,ダイワメジャー,鹿毛,150214,    2.8,  ,    ,50.1
18,08,18,2,札幌,1,10,富良野特500,23,芝,0,1800,良,エレクトロニカ    ,牝,4,横山典弘,55.0,11,08,6,6,0,0.7,5,109.8,"1498",0,11,11,8,8,35.7,430,須貝尚介,栗,0,14105436,00660,01105,0118211008,社台レースホース,社台ファーム,ディープインパクト,エレクトラレーン,Dubawi,鹿毛,140203,    6.6,  ,    ,53.8
18,08,18,2,札幌,1,10,富良野特500,23,芝,0,1800,良,バリングラ        ,牡,4,モレイラ,57.0,11,09,4,4,0,0.3,2,109.4,"1494",0,8,9,10,6,35.1,542,堀宣行,美,160,14110001,05509,01070,0118211009,キャロットファーム,"Barronstown Stud","Fastnet Rock","Sweet Dreams Baby",Montjeu,鹿毛,140227,    3.2,  ,    ,55.8
18,08,18,2,札幌,1,10,富良野特500,23,芝,0,1800,良,ステフィン        ,牡,4,小崎綾也,57.0,11,10,10,10,0,2.2,10,111.3,"1513",0,6,6,6,9,37.3,470,橋口慎介,栗,0,14105622,01152,01154,0118211010,手塚清隆,社台ファーム,ハービンジャー,パラダイスバード,エルコンドルパサー,鹿毛,140310,  263.3,  ,    ,49.2
18,08,18,2,札幌,1,10,富良野特500,23,芝,0,1800,良,イントゥザターフ  ,セ,5,横山武史,57.0,11,11,11,11,0,2.6,11,111.7,"1517",0,8,8,8,11,37.6,460,藤原辰雄,美,0,13104136,01170,00435,0118211011,平井裕,グランド牧場,ディープインパクト,スズカエンジェル,"High Yield",鹿毛,130517,  278.1,  ,    ,48.5
18,08,18,2,札幌,1,11,札幌日Ｈ1000,43,芝,0,2600,良,オリエントワークス,牝,5,藤岡康太,52.0,11,01,2,2,0,0.2,5,162.3,"2423",0,7,6,9,8,36.9,482,田中博康,美,600,13105234,01116,01162,0118211101,G1レーシング,追分ファーム,ワークフォース,オリエントチャーム,サンデーサイレンス,鹿毛,130228,    7.9,  ,    ,52.0
18,08,18,2,札幌,1,11,札幌日Ｈ1000,43,芝,0,2600,良,クールエイジア    ,牡,6,横山武史,54.0,11,02,11,11,0,3.3,11,165.4,"2454",0,2,2,2,8,40.6,460,鈴木伸尋,美,0,12106388,01170,01026,0118211102,山王飯店,成隆牧場,ダンスインザダーク,メイプルダンス,アフリート,鹿毛,120520,  267.5,  ,    ,42.2
18,08,18,2,札幌,1,11,札幌日Ｈ1000,43,芝,0,2600,良,エイシンミノアカ  ,牝,5,丸山元気,52.0,11,03,10,10,0,2.5,9,164.6,"2446",0,1,1,1,1,40.1,446,坂口正則,栗,0,13103497,01127,00356,0118211103,栄進堂,高野牧場,キングカメハメハ,ミッションガール,"Deputy Minister",黒鹿,130423,   53.8,  ,    ,43.1
18,08,18,2,札幌,1,11,札幌日Ｈ1000,43,芝,0,2600,良,アインザッツ      ,牡,5,モレイラ,55.0,11,04,8,8,0,1.8,4,163.9,"2439",0,4,4,5,10,38.8,464,大久保龍,栗,0,13106043,05509,01058,0118211104,キャロットファーム,ノーザンファーム,ステイゴールド,フォルテピアノ,フレンチデピュティ,鹿毛,130128,    6.3,  ,    ,46.7
18,08,18,2,札幌,1,11,札幌日Ｈ1000,43,芝,0,2600,良,ピッツバーグ      ,セ,5,黛弘人,53.0,11,05,9,9,0,1.9,10,164,"2440",0,3,3,3,5,39,490,矢作芳人,栗,0,13100677,01109,01075,0118211105,ディアレストクラブ,戸川牧場,ダノンシャンティ,メジロフランシス,カーネギー,鹿毛,130211,  114.8,  ,    ,46.2
18,08,18,2,札幌,1,11,札幌日Ｈ1000,43,芝,0,2600,良,ララエクラテール  ,牡,6,ルメール,55.0,11,06,1,1,0,-0.2,1,162.1,"2421",0,10,10,11,5,36.3,434,今野貞一,栗,1500,12100276,05339,01128,0118211106,フジイ興産,佐藤信広,ステイゴールド,オリミツキネン,ジヤツジアンジエルーチ,鹿毛,120501,    2.6,  ,    ,54.0
18,08,18,2,札幌,1,11,札幌日Ｈ1000,43,芝,0,2600,良,アルムフォルツァ  ,牡,3,池添謙一,53.0,11,07,4,4,0,1,3,163.1,"2431",0,9,8,5,3,38,452,五十嵐忠,栗,230,15100523,01032,00422,0118211107,崎川美枝子,新冠タガノファーム,ハーツクライ,タガノスティード,チーフベアハート,黒鹿,150326,    5.2,  ,    ,48.8
18,08,18,2,札幌,1,11,札幌日Ｈ1000,43,芝,0,2600,良,シャリオヴァルト  ,セ,5,藤岡佑介,54.0,11,08,5,5,0,1.1,7,163.2,"2432",0,6,6,5,3,38.1,460,尾関知人,美,150,13101799,01093,01103,0118211108,前田幸治,ノースヒルズ,マンハッタンカフェ,エミナ,Danehill,鹿毛,130420,   19.1,  ,    ,48.5
18,08,18,2,札幌,1,11,札幌日Ｈ1000,43,芝,0,2600,良,ブラックオニキス  ,牝,4,城戸義政,55.5,11,09,3,3,0,0.7,6,162.8,"2428",0,7,8,3,2,37.8,422,加藤和宏,美,380,14102424,01147,01077,0118211109,岡田牧雄,広富牧場,ブラックタイド,ラリマー,チーフベアハート,青鹿,140226,   11.5,  ,    ,49.2
18,08,18,2,札幌,1,11,札幌日Ｈ1000,43,芝,0,2600,良,ゴールドフラッグ  ,牡,3,横山典弘,53.0,11,10,7,7,0,1.4,2,163.5,"2435",0,4,5,8,5,38.2,502,須貝尚介,栗,0,15101700,00660,01105,0118211110,小林英一ホールディ,出口牧場,ステイゴールド,ポイントフラッグ,メジロマックイーン,黒鹿,150410,    5.0,  ,    ,48.4
18,08,18,2,札幌,1,11,札幌日Ｈ1000,43,芝,0,2600,良,マイネルクラフト  ,牡,5,丹内祐次,54.0,11,11,6,6,0,1.2,8,163.3,"2433",0,10,10,10,11,37.7,484,岩戸孝樹,美,0,13101946,01091,01051,0118211111,サラブレッドクラブ,ビッグレッドファー,ステイゴールド,マイネテレジア,ロージズインメイ,黒鹿,130108,   34.0,  ,    ,49.9
18,08,18,2,札幌,1,12,石狩特別500,23,芝,0,1500,良,クリノアスコット  ,牝,3,加藤祥太,52.0,13,01,13,13,0,1.2,6,91.3,"1313",0,0,10,12,12,36.4,428,渡辺薫彦,栗,0,15101936,01156,01155,0118211201,栗本博晴,宝寄山忠則,トワイニング,ツルマルミホ,ネオユニヴァース,黒鹿,150326,   66.1,  ,    ,50.5
18,08,18,2,札幌,1,12,石狩特別500,23,芝,0,1500,良,ステイオンザトップ,牡,4,藤岡康太,57.0,13,02,6,6,0,0.3,3,90.4,"1304",0,0,13,13,10,35.3,474,須貝尚介,栗,0,14106117,01116,01105,0118211202,シルクレーシング,ノーザンファーム,ステイゴールド,プチノワール,Singspiel,栗毛,140307,    7.2,  ,    ,54.1
18,08,18,2,札幌,1,12,石狩特別500,23,芝,0,1500,良,ソフトポジション  ,牡,3,川島信二,54.0,13,03,5,5,0,0.3,10,90.4,"1304",0,0,5,7,4,35.8,450,山内研二,栗,105,15109059,01062,00388,0118211203,北駿競走馬組合,マルシチ牧場,アサクサキングス,ヤマシロギク,アフリート,鹿毛,150222,  125.9,  ,    ,51.7
18,08,18,2,札幌,1,12,石狩特別500,23,芝,0,1500,良,ホッコーモモタン  ,牝,5,蛯名正義,55.0,13,04,2,2,0,0,9,90.1,"1301",0,0,3,3,2,35.7,424,松永康利,美,420,13100195,00663,01093,0118211204,北幸商事,川端正博,ベーカバド,ホッコーマスタング,アグネスフライト,黒鹿,130311,   86.1,  ,    ,51.6
18,08,18,2,札幌,1,12,石狩特別500,23,芝,0,1500,良,マルターズルーメン,牝,3,柴田善臣,52.0,13,05,4,4,0,0.2,5,90.3,"1303",0,0,1,1,1,36.2,420,堀井雅広,美,160,15101036,00641,00436,0118211205,藤田在子,天羽禮治,ディープブリランテ,マルターズオリジン,Swain,栗毛,150115,   15.8,  ,    ,49.6
18,08,18,2,札幌,1,12,石狩特別500,23,芝,0,1500,良,ツキノミチ        ,牝,4,松岡正海,55.0,13,06,9,9,0,0.5,12,90.6,"1306",0,0,5,5,4,36.1,434,中野栄治,美,0,14103466,01085,01010,0118211206,吉井理人,林孝輝,ルーラーシップ,アクセレラン,アグネスタキオン,鹿毛,140316,  285.9,  ,    ,50.6
18,08,18,2,札幌,1,12,石狩特別500,23,芝,0,1500,良,ウインシャトレーヌ,牝,4,モレイラ,55.0,13,07,1,1,0,0,1,90.1,"1301",0,0,5,7,8,35.5,504,大久保龍,栗,1050,14104278,05509,01058,0118211207,ウイン,岡田スタツド,ダイワメジャー,タニノハイクレア,クロフネ,栗毛,140508,    2.1,  ,    ,52.5
18,08,18,2,札幌,1,12,石狩特別500,23,芝,0,1500,良,ヤマニンペダラーダ,牡,4,池添謙一,57.0,13,08,7,7,0,0.3,4,90.4,"1304",0,0,9,9,12,35.6,476,浅見秀一,栗,0,14100555,01032,00411,0118211208,土井肇,錦岡牧場,ディープインパクト,ヤマニンエマイユ,ホワイトマズル,黒鹿,140406,    7.7,  ,    ,52.6
18,08,18,2,札幌,1,12,石狩特別500,23,芝,0,1500,良,ウインストラグル  ,牡,4,菱田裕二,57.0,13,09,10,10,0,0.6,8,90.7,"1307",0,0,2,2,2,36.4,490,宮本博,栗,0,14103077,01144,01073,0118211209,ウイン,大柳ファーム,ショウナンカンプ,マルモリバニー,ダンスインザダーク,黒鹿,140423,   85.1,  ,    ,49.5
18,08,18,2,札幌,1,12,石狩特別500,23,芝,0,1500,良,シチテンハッキ    ,牝,4,丹内祐次,55.0,13,10,12,12,0,1.1,13,91.2,"1312",0,0,3,3,4,36.8,464,高橋祥泰,美,0,14104720,01091,00359,0118211210,"H.F Association",大典牧場,ジョーカプチーノ,プリンセスローマン,ラムタラ,鹿毛,140424,  327.3,  ,    ,48.6
18,08,18,2,札幌,1,12,石狩特別500,23,芝,0,1500,良,レセディラローナ  ,牝,3,丸田恭介,52.0,13,11,11,11,0,0.6,7,90.7,"1307",0,0,12,9,10,35.9,518,奥村武,美,0,15101343,01117,01145,0118211211,下河辺牧場,下河辺牧場,エンパイアメーカー,ゴールドオアシス,アフリート,鹿毛,150226,   68.1,  ,    ,51.8
18,08,18,2,札幌,1,12,石狩特別500,23,芝,0,1500,良,ジェルミナーレ    ,牝,5,松田大作,55.0,13,12,8,8,0,0.4,11,90.5,"1305",0,0,8,5,4,36,474,松永康利,美,0,13103725,01030,01093,0118211212,ターフ・スポート,丸幸小林牧場,アドマイヤムーン,サンフラワーガール,タイキシャトル,鹿毛,130324,  227.3,  ,    ,50.9
18,08,18,2,札幌,1,12,石狩特別500,23,芝,0,1500,良,キングリッド      ,牡,4,ルメール,57.0,13,13,3,3,0,0,2,90.1,"1301",0,0,10,9,8,35.4,446,池上昌和,美,260,14105250,05339,01150,0118211213,吉田安惠,追分ファーム,キングカメハメハ,イングリッド,ディープインパクト,鹿毛,140207,    2.6,  ,    ,53.0
18,08,19,2,札幌,2,01,未勝利*,7,芝,0,1500,良,サクララージャン  ,牡,2,勝浦正樹,54.0,9,01,5,5,0,0.4,8,92.9,"1329",0,0,9,9,9,34.9,480,金成貴史,美,50,16105913,01025,01132,0118220101,さくらコマース,谷岡スタット,サクラプレジデント,サクラシャンティ,サクラローレル,青鹿,160315,  124.3,  ,    ,60.8
18,08,19,2,札幌,2,01,未勝利*,7,芝,0,1500,良,ピサノメタルシティ,牡,2,藤岡康太,54.0,9,02,7,7,0,0.6,6,93.1,"1331",0,0,5,5,6,35.6,486,武幸四郎,栗,0,16104472,01116,01160,0118220102,市川義美ホールディ,ノーザンファーム,ハービンジャー,グレイトフルデッド,ハーツクライ,鹿毛,160226,   94.1,  ,    ,57.7
18,08,19,2,札幌,2,01,未勝利*,7,芝,0,1500,良,マキ              ,牡,2,モレイラ,54.0,9,03,6,6,0,0.4,1,92.9,"1329",0,0,7,8,6,35.2,516,手塚貴久,美,0,16110090,05509,01038,0118220103,吉田和美,"WinStar Farm LLC","Pioneerof the Nile","Life Well Lived",Tiznow,鹿毛,160204,    1.7,  ,    ,59.3
18,08,19,2,札幌,2,01,未勝利*,7,芝,0,1500,良,スポーカンテソーロ,牝,2,吉田隼人,54.0,9,04,3,3,0,0.2,3,92.7,"1327",0,0,2,2,3,35.5,512,武井亮,美,130,16110048,01095,01147,0118220104,了徳寺健二ホールデ,"Summerhill Farm","Scat Daddy",Nimue,Speightstown,栗毛,160112,    5.6,  ,    ,57.4
18,08,19,2,札幌,2,01,未勝利*,7,芝,0,1500,良,ラバストーン      ,牡,2,加藤祥太,53.0,9,05,1,1,0,-0.1,9,92.5,"1325",0,0,1,1,1,35.8,458,大江原哲,美,500,16101770,01156,01012,0118220105,田頭勇貴,杵臼牧場,ナカヤマフェスタ,アドマイヤイチ,ヘクタープロテクター,鹿毛,160219,  147.4,  ,    ,55.6
18,08,19,2,札幌,2,01,未勝利*,7,芝,0,1500,良,マイネルハイボーン,牡,2,丹内祐次,54.0,9,06,9,9,0,1.1,7,93.6,"1336",0,0,5,5,6,36.1,436,佐藤吉勝,美,0,16100683,01091,01035,0118220106,サラブレッドクラブ,ビッグレッドファー,ナカヤマフェスタ,クラールハイト,キングカメハメハ,鹿毛,160517,  120.5,  ,    ,56.2
18,08,19,2,札幌,2,01,未勝利*,7,芝,0,1500,良,マノアフォールズ  ,牡,2,ルメール,54.0,9,07,4,4,0,0.2,2,92.7,"1327",0,0,4,4,3,35.4,450,斎藤誠,美,75,16104642,05339,01086,0118220107,吉田勝己,ノーザンファーム,ハーツクライ,ムーンライトダンス,Sinndar,鹿毛,160310,    4.6,  ,    ,57.9
18,08,19,2,札幌,2,01,未勝利*,7,芝,0,1500,良,エムアイグランツ  ,牡,2,田中勝春,54.0,9,08,8,8,0,0.8,5,93.3,"1333",0,0,7,5,5,35.8,496,谷原義明,美,0,16103641,00684,00402,0118220108,岩崎充利,細川牧場,ベーカバド,ゲストアスリート,ブライアンズタイム,黒鹿,160219,   52.4,  ,    ,57.1
18,08,19,2,札幌,2,01,未勝利*,7,芝,0,1500,良,ヤマカツルビー    ,牝,2,池添謙一,54.0,9,09,2,2,0,0.1,4,92.6,"1326",0,0,2,2,2,35.4,456,池添兼雄,栗,200,16105583,01032,01021,0118220109,山田和夫,岡田牧場,ジャスタウェイ,ヤマカツマリリン,グラスワンダー,黒鹿,160303,    5.7,  ,    ,57.7
18,08,19,2,札幌,2,02,未勝利,7,ダ,1,2400,稍,クルスブランカ    ,牝,3,小崎綾也,54.0,12,01,10,10,0,4.1,11,160.9,"2409",0,10,11,11,11,42.5,482,高橋康之,栗,0,15104704,01152,01135,0118220201,キャロットファーム,社台コーポレーショ,ルーラーシップ,ヴェラブランカ,クロフネ,黒鹿,150120,   97.2,  ,    ,42.9
18,08,19,2,札幌,2,02,未勝利,7,ダ,1,2400,稍,ビヨンド          ,牡,3,菊沢一樹,54.0,12,02,9,9,0,3.3,10,160.1,"2401",0,6,6,10,9,41.9,428,和田雄二,美,0,15103719,01161,01143,0118220202,栗坂崇,中神牧場,スペシャルウィーク,エターナルハピネス,ブライアンズタイム,鹿毛,150219,   64.0,  ,    ,44.0
18,08,19,2,札幌,2,02,未勝利,7,ダ,1,2400,稍,サンライズソル    ,牡,3,Ｍ．デム,56.0,12,03,2,2,0,0,2,156.8,"2368",0,2,2,1,1,39.8,490,牧浦充徳,栗,200,15102075,05212,01113,0118220203,松岡隆雄,ヤナガワ牧場,タートルボウル,ブラボージャングル,ジャングルポケット,黒鹿,150412,    4.7,  ,    ,48.0
18,08,19,2,札幌,2,02,未勝利,7,ダ,1,2400,稍,エンドウォーニング,牡,3,長岡禎仁,56.0,12,04,7,7,0,1.5,5,158.3,"2383",0,5,5,6,8,40.7,480,高市圭二,美,0,15100073,01142,01014,0118220204,井上久光,石田牧場,プリサイスエンド,イシノドリーム,ウォーニング,栗毛,150507,    6.6,  ,    ,46.3
18,08,19,2,札幌,2,02,未勝利,7,ダ,1,2400,稍,ポンデザール      ,牝,3,モレイラ,54.0,12,05,5,5,0,0.8,3,157.6,"2376",0,8,8,6,6,40,472,堀宣行,美,50,15104834,05509,01070,0118220205,サンデーレーシング,ノーザンファーム,ハーツクライ,ジョコンダ2,Rossini,黒鹿,150327,    5.0,  ,    ,48.0
18,08,19,2,札幌,2,02,未勝利,7,ダ,1,2400,稍,ロイヤルアフェア  ,牡,3,ルメール,56.0,12,06,8,8,0,2.3,1,159.1,"2391",0,3,3,4,5,41.7,490,古賀慎明,美,0,15104782,05339,01079,0118220206,シルクレーシング,社台コーポレーショ,ネオユニヴァース,ゴールドティアラ,"Seeking the Gold",栗毛,150302,    2.8,  ,    ,43.8
18,08,19,2,札幌,2,02,未勝利,7,ダ,1,2400,稍,エンドゾーンダンス,牡,3,丹内祐次,56.0,12,07,12,12,0,5.8,12,162.6,"2426",0,1,1,4,9,45.2,474,金成貴史,美,0,15105273,01091,01132,0118220207,尾上寿夫,パカパカファーム,スマートファルコン,オージーカンパニー,Catrail,栗毛,150419,  149.5,  ,    ,36.6
18,08,19,2,札幌,2,02,未勝利,7,ダ,1,2400,稍,ワイズワン        ,牡,3,藤岡康太,56.0,12,08,1,1,0,0,6,156.8,"2368",0,6,6,2,2,39.7,498,橋口慎介,栗,500,15100019,01116,01154,0118220208,林正道,秋田牧場,キングカメハメハ,アリスマイン,タニノギムレット,鹿毛,150410,   21.7,  ,    ,48.3
18,08,19,2,札幌,2,02,未勝利,7,ダ,1,2400,稍,ブルックリン      ,牡,3,荻野琢真,56.0,12,09,11,11,0,5.4,9,162.2,"2422",0,12,12,12,12,43,508,羽月友彦,栗,0,15105865,01112,01091,0118220209,カナヤマホールディ,谷岡牧場,マンハッタンカフェ,サクラプリファー,ラムタラ,黒鹿,150329,   41.4,  ,    ,42.4
18,08,19,2,札幌,2,02,未勝利,7,ダ,1,2400,稍,ファイトアローン  ,牡,3,松岡正海,56.0,12,10,4,4,0,0.5,4,157.3,"2373",0,3,4,2,3,40.2,532,奥平雅士,美,75,15104471,01085,01074,0118220210,前川企画,社台ファーム,ヴィクトワールピサ,バルドネキア,"Indian Ridge",栗毛,150425,    6.0,  ,    ,47.1
18,08,19,2,札幌,2,02,未勝利,7,ダ,1,2400,稍,アイムワン        ,牡,3,川島信二,56.0,12,11,6,6,0,1.4,7,158.2,"2382",0,10,9,6,6,40.6,456,矢作芳人,栗,0,15100808,01062,01075,0118220211,ローレルレーシング,松浦牧場,オルフェーヴル,ボストンタイム,ブライアンズタイム,鹿毛,150529,   24.8,  ,    ,46.6
18,08,19,2,札幌,2,02,未勝利,7,ダ,1,2400,稍,ナムラシシマル    ,牡,3,国分恭介,56.0,12,12,3,3,0,0.3,8,157.1,"2371",0,8,9,6,3,39.5,504,牧田和弥,栗,130,15103265,01124,01123,0118220212,奈村信重,中島牧場,アポロキングダム,ナムラネネ,ケイムホーム,鹿毛,150406,   26.6,  ,    ,49.2
18,08,19,2,札幌,2,03,未勝利,7,ダ,1,1700,稍,ディエルベ        ,牝,3,四位洋文,54.0,14,01,2,2,0,0.1,7,107.7,"1477",0,14,14,11,3,37.9,438,高橋亮,栗,200,15104564,00700,01136,0118220301,社台レースホース,社台ファーム,ローエングリン,ミスティックリバー,サンデーサイレンス,黒鹿,150417,   25.8,  ,    ,50.5
18,08,19,2,札幌,2,03,未勝利,7,ダ,1,1700,稍,ミッキーガーデン  ,牡,3,丸山元気,56.0,14,02,5,5,0,1.5,5,109.1,"1491",0,8,7,6,6,39.8,442,大久保龍,栗,50,15104407,01127,01058,0118220302,野田みづき,社台ファーム,キングカメハメハ,ダイワレーヌ,チチカステナンゴ,鹿毛,150304,    9.9,  ,    ,45.0
18,08,19,2,札幌,2,03,未勝利,7,ダ,1,1700,稍,タフチョイス      ,牡,3,藤岡康太,56.0,14,03,4,4,0,0.5,1,108.1,"1481",0,1,1,3,1,39.2,496,角田晃一,栗,75,15101647,01116,01121,0118220303,ゴドルフィン,ダーレー・ジャパン,ハードスパン,パーフェクトチャンス,"Unbridled's Song",鹿毛,150311,    2.2,  ,    ,45.9
18,08,19,2,札幌,2,03,未勝利,7,ダ,1,1700,稍,インプレスシチー  ,牡,3,丹内祐次,56.0,14,04,12,12,0,3.2,8,110.8,"1508",0,10,9,9,9,41.1,454,上原博之,美,0,15101184,01091,00423,0118220304,友駿ホースクラブ,オリオンファーム,ネオユニヴァース,マイティーダンサー,Alzao,青毛,150208,   47.8,  ,    ,42.5
18,08,19,2,札幌,2,03,未勝利,7,ダ,1,1700,稍,テンポディヴァルス,牡,3,木幡初也,55.0,14,05,8,8,0,2.3,6,109.9,"1499",0,4,3,6,10,40.6,438,矢野英一,美,0,15105807,01153,01108,0118220305,ターフ・スポート,高橋義浩,ロードカナロア,アンナータ,アドマイヤムーン,鹿毛,150401,   24.0,  ,    ,43.1
18,08,19,2,札幌,2,03,未勝利,7,ダ,1,1700,稍,スズカハイライト  ,牡,3,川島信二,56.0,14,06,1,1,0,-0.1,2,107.6,"1476",0,12,12,11,7,37.8,442,谷潔,栗,500,15100873,01062,00431,0118220306,永井啓弍,村上牧場,アドマイヤオーラ,サンダークラップ,アフリート,鹿毛,150516,    4.8,  ,    ,50.7
18,08,19,2,札幌,2,03,未勝利,7,ダ,1,1700,稍,メバエ            ,牝,3,福永祐一,54.0,14,07,6,6,0,1.7,3,109.3,"1493",0,7,7,4,4,40.3,430,西村真幸,栗,0,15104954,01014,01148,0118220307,ライオンレースホー,ノーザンファーム,ハービンジャー,フェアリーダンス,アグネスタキオン,鹿毛,150227,    5.2,  ,    ,43.4
18,08,19,2,札幌,2,03,未勝利,7,ダ,1,1700,稍,ブレイクスピアー  ,牡,3,国分恭介,56.0,14,08,3,3,0,0.4,4,108,"1480",0,5,5,2,2,39.4,484,中村均,栗,130,15105830,01124,00261,0118220308,前田葉子,田中裕之,ブラックタイド,コスモカラット,スキャン,青鹿,150411,    5.8,  ,    ,45.0
18,08,19,2,札幌,2,03,未勝利,7,ダ,1,1700,稍,テイエムブルグッコ,牝,3,黛弘人,54.0,14,09,9,9,0,2.6,12,110.2,"1502",0,8,9,9,10,40.5,430,飯田雄三,栗,0,15106329,01109,01050,0118220309,竹園正繼,タイヘイ牧場,ヨハネスブルグ,ウィキッドロジー,"Wild and Wicked",青鹿,150322,  163.6,  ,    ,43.9
18,08,19,2,札幌,2,03,未勝利,7,ダ,1,1700,稍,レッドラギド      ,牡,3,桑村真明,56.0,14,10,11,11,0,2.6,9,110.2,"1502",0,12,13,14,13,39.8,524,西園正都,栗,0,15104432,05411,01028,0118220310,東京ホースレーシン,社台ファーム,ヴィクトワールピサ,デルモニコキャット,"Storm Cat",栗毛,150406,   65.2,  ,    ,46.5
18,08,19,2,札幌,2,03,未勝利,7,ダ,1,1700,稍,トーセンフェイム  ,牡,3,柴田善臣,56.0,14,11,10,10,0,2.6,13,110.2,"1502",0,10,11,13,13,39.9,476,柴田政人,美,0,15101114,00641,01007,0118220311,島川隆哉,エスティファーム,コンデュイット,トーセンティアラ,ハーツクライ,鹿毛,150220,  185.0,  ,    ,46.1
18,08,19,2,札幌,2,03,未勝利,7,ダ,1,1700,稍,トーホウキャサリン,牝,3,松岡正海,54.0,14,12,14,14,0,5.7,10,113.3,"1533",0,2,2,1,4,44.7,442,古賀史生,美,0,15103252,01085,00392,0118220312,東豊物産,富菜牧場,キングズベスト,クーヴェルチュール,ブラックホーク,黒鹿,150322,  108.8,  ,    ,33.7
18,08,19,2,札幌,2,03,未勝利,7,ダ,1,1700,稍,クリノクノイチ    ,牝,3,長岡禎仁,54.0,14,13,7,7,0,1.9,14,109.5,"1495",0,5,6,6,7,40.2,458,本間忍,美,0,15106353,01142,01056,0118220313,栗本博晴,日西牧場,フリオーソ,キシュウウインド,フォーティナイナー,黒鹿,150319,  218.5,  ,    ,44.0
18,08,19,2,札幌,2,03,未勝利,7,ダ,1,1700,稍,オールウェイ      ,牡,3,菊沢一樹,54.0,14,14,13,13,0,3.5,11,111.1,"1511",0,3,3,4,10,42.1,506,浜田多実,栗,0,15101997,01161,01138,0118220314,槇本牧場,槇本牧場,ヴァーミリアン,マキハタターキー,サザンヘイロー,黒鹿,150304,  129.5,  ,    ,39.4
18,08,19,2,札幌,2,04,未勝利,7,芝,0,1200,稍,マサノアッレーグラ,牝,3,モレイラ,54.0,16,01,1,1,0,0,1,70.8,"1108",0,0,0,1,1,36.2,488,大竹正博,美,500,15101716,05509,01102,0118220401,中村時子,道見牧場,ゴールドヘイロー,プランタンシャルム,ノーザンテースト,芦毛,150517,    2.0,  ,    ,45.6
18,08,19,2,札幌,2,04,未勝利,7,芝,0,1200,稍,ヒロノエイタツ    ,牡,3,菊沢一樹,54.0,16,02,14,14,0,2.3,4,73.1,"1131",0,0,0,13,12,37.5,466,北出成人,栗,0,15102961,01161,01078,0118220402,サンエイ開発,川越ファーム,キングズベスト,アクアブルーマーチ,タイキシャトル,鹿毛,150322,   23.0,  ,    ,44.9
18,08,19,2,札幌,2,04,未勝利,7,芝,0,1200,稍,ワンダースイルーロ,牡,3,国分恭介,56.0,16,03,5,5,0,1,8,71.8,"1118",0,0,0,11,10,36.4,508,森田直行,栗,50,15105260,01124,01142,0118220403,山本能成,フクダファーム,バゴ,ワンダーカピターナ,ロドリゴデトリアーノ,黒鹿,150416,   33.1,  ,    ,47.3
18,08,19,2,札幌,2,04,未勝利,7,芝,0,1200,稍,レッドテオドーラ  ,牝,3,柴山雄一,54.0,16,04,10,10,0,1.5,12,72.3,"1123",0,0,0,7,6,37.1,438,国枝栄,美,0,15104618,05243,00399,0118220404,東京ホースレーシン,社台ファーム,ディープインパクト,レッドガナドーラ,Bernardini,鹿毛,150223,  134.2,  ,    ,44.9
18,08,19,2,札幌,2,04,未勝利,7,芝,0,1200,稍,ファーベライト    ,牝,3,三浦皇成,54.0,16,05,4,4,0,0.2,3,71,"1110",0,0,0,3,2,36.2,476,高木登,美,75,15103892,01122,01088,0118220405,高樽さゆり,ディアレストクラブ,サムライハート,サイレントベッド,ソウルオブザマター,黒鹿,150407,    4.0,  ,    ,46.1
18,08,19,2,札幌,2,04,未勝利,7,芝,0,1200,稍,サルーバアスール  ,牝,3,石川倭,54.0,16,06,6,6,0,1.2,14,72,"1120",0,0,0,13,12,36.3,478,武藤善則,美,0,15105356,05534,01064,0118220406,アスール,石川栄一,ディープブリランテ,サングレアズール,クロフネ,鹿毛,150505,  162.4,  ,    ,48.3
18,08,19,2,札幌,2,04,未勝利,7,芝,0,1200,稍,モンパルナス      ,牡,3,ルメール,56.0,16,07,7,7,0,1.2,5,72,"1120",0,0,0,5,4,37.1,466,牧浦充徳,栗,0,15100114,05339,01113,0118220407,栗嶋豊明,大林ファーム,タニノギムレット,シャインレジーナ,アグネスタキオン,鹿毛,150416,   24.2,  ,    ,44.1
18,08,19,2,札幌,2,04,未勝利,7,芝,0,1200,稍,デルマシードル    ,牝,3,加藤祥太,53.0,16,08,11,11,0,1.7,10,72.5,"1125",0,0,0,2,2,37.8,422,和田勇介,美,0,15104525,01156,01165,0118220408,浅沼廣幸,社台ファーム,ダイワメジャー,ヘルスウォール,エリシオ,鹿毛,150314,  100.4,  ,    ,41.8
18,08,19,2,札幌,2,04,未勝利,7,芝,0,1200,稍,セイウンキャンティ,牝,3,井上敏樹,53.0,16,09,9,9,0,1.3,15,72.1,"1121",0,0,0,16,16,35.3,426,小桧山悟,美,0,15101775,01151,01005,0118220409,西山茂行,ガーベラパークスタ,リーチザクラウン,ニシノオドリコ,ブライアンズタイム,鹿毛,150304,  187.7,  ,    ,54.2
18,08,19,2,札幌,2,04,未勝利,7,芝,0,1200,稍,エイワファースト  ,牝,3,勝浦正樹,54.0,16,10,12,12,0,1.9,7,72.7,"1127",0,0,0,7,9,37.5,450,菊川正達,美,0,15105979,01025,01052,0118220410,永井公太郎,千代田牧場,ディープブリランテ,ワスレナグサ,アグネスデジタル,鹿毛,150412,   31.4,  ,    ,43.9
18,08,19,2,札幌,2,04,未勝利,7,芝,0,1200,稍,ダイメイスズ      ,牝,3,Ｍ．デム,54.0,16,11,2,2,0,0,2,70.8,"1108",0,0,0,12,6,35.3,438,森田直行,栗,200,15102094,05212,01142,0118220411,宮本昇,横井哲,ジャングルポケット,ダイメイダーク,ダンスインザダーク,鹿毛,150319,    3.7,  ,    ,50.6
18,08,19,2,札幌,2,04,未勝利,7,芝,0,1200,稍,ラストノビーガール,牝,3,三津谷隼,51.0,16,12,8,8,0,1.2,16,72,"1120",0,0,0,15,12,36.1,396,国枝栄,美,0,15106083,01159,00399,0118220412,嶋田賢,服部牧場,オルフェーヴル,シンコウノビー,Nashwan,栗毛,150203,  291.3,  ,    ,49.4
18,08,19,2,札幌,2,04,未勝利,7,芝,0,1200,稍,ミヤビチーター    ,牡,3,松岡正海,56.0,16,13,15,15,0,3.2,11,74,"1140",0,0,0,6,12,39,484,高橋文雅,美,0,15105712,01085,01134,0118220413,村上義勝,静内白井牧場,ショウナンカンプ,ミヤビグローリー,アグネスタキオン,鹿毛,150415,  115.4,  ,    ,39.7
18,08,19,2,札幌,2,04,未勝利,7,芝,0,1200,稍,アルレーサー      ,牡,3,田中勝春,56.0,16,14,3,3,0,0.2,6,71,"1110",0,0,0,10,4,35.7,444,昆貢,栗,130,15102988,00684,01044,0118220414,エーティー,杵臼牧場,キンシャサノキセキ,ゴッドオブロマンス,ジャングルポケット,鹿毛,150511,   27.2,  ,    ,48.9
18,08,19,2,札幌,2,04,未勝利,7,芝,0,1200,稍,ラブセイナ        ,牝,3,蛯名正義,54.0,16,15,13,13,0,2.2,9,73,"1130",0,0,0,7,6,37.8,404,鹿戸雄一,美,0,15106082,00663,01097,0118220415,嶋田賢,服部牧場,ディープインパクト,エルメスティアラ,ブライアンズタイム,鹿毛,150609,   49.7,  ,    ,43.1
18,08,19,2,札幌,2,04,未勝利,7,芝,0,1200,稍,タイプツーエー    ,セ,3,藤岡康太,56.0,16,16,16,16,0,5.2,13,76,"1160",0,0,0,3,10,41.2,444,須貝尚介,栗,0,15104800,01116,01105,0118220416,安原浩司,ノーザンファーム,ヘニーヒューズ,シナジーウィスパー,ネオユニヴァース,栗毛,150219,  147.4,  ,    ,34.5
18,08,19,2,札幌,2,05,新馬,15,芝,0,1800,稍,ディーイストワール,牡,2,松岡正海,54.0,14,01,6,6,0,1.2,3,113.2,"1532",0,4,4,4,4,35.7,462,大和田成,美,0,16104961,01085,01124,0118220501,嶋田一成,社台ファーム,ディープインパクト,エレクトラレーン,Dubawi,鹿毛,160327,    5.7,  ,    ,58.5
18,08,19,2,札幌,2,05,新馬,15,芝,0,1800,稍,ミッキーポテト    ,牡,2,横山典弘,54.0,14,02,11,11,0,2,8,114,"1540",0,9,8,7,7,36.1,522,菊沢隆徳,美,0,16104799,00660,01115,0118220502,野田みづき,ノーザンファーム,ノヴェリスト,ディナシー,キングカメハメハ,黒鹿,160314,   21.3,  ,    ,57.9
18,08,19,2,札幌,2,05,新馬,15,芝,0,1800,稍,マサハヤブリュッヘ,牡,2,藤岡康太,54.0,14,03,12,12,0,2.9,12,114.9,"1549",0,6,6,7,10,37.1,454,今野貞一,栗,0,16105220,01116,01128,0118220503,中村政夫,社台ファーム,ワークフォース,ボルドグザグ,Layman,芦毛,160506,  132.9,  ,    ,54.9
18,08,19,2,札幌,2,05,新馬,15,芝,0,1800,稍,パルティアーモ    ,牝,2,丸山元気,54.0,14,04,10,10,0,1.7,5,113.7,"1537",0,10,12,13,13,35.2,468,池上昌和,美,0,16104660,01127,01150,0118220504,サンデーレーシング,ノーザンファーム,ワークフォース,リビアーモ,アドマイヤベガ,鹿毛,160516,    9.4,  ,    ,61.5
18,08,19,2,札幌,2,05,新馬,15,芝,0,1800,稍,グラッパディローザ,牝,2,Ｍ．デム,54.0,14,05,8,8,0,1.5,6,113.5,"1535",0,6,6,6,4,35.8,470,木村哲也,美,0,16104862,05212,01126,0118220505,丸山担,ノーザンファーム,ワークフォース,モスカートローザ,ディープインパクト,鹿毛,160119,   13.0,  ,    ,58.5
18,08,19,2,札幌,2,05,新馬,15,芝,0,1800,稍,ジェミーウェイ    ,牝,2,桑村真明,54.0,14,06,13,13,0,3.4,9,115.4,"1554",0,10,10,10,12,37.2,458,伊藤圭三,美,0,16105708,05411,01023,0118220506,ヒダカ・ブリーダー,グランド牧場,ジャスタウェイ,プレシャスジェムズ,シンボリクリスエス,栗毛,160131,   22.8,  ,    ,55.1
18,08,19,2,札幌,2,05,新馬,15,芝,0,1800,稍,ロードリバーサル  ,牡,2,藤岡佑介,54.0,14,07,5,5,0,1,4,113,"1530",0,1,1,1,2,35.9,480,藤岡健一,栗,70,16101147,01093,01062,0118220507,ロードホースクラブ,ケイアイファーム,ハーツクライ,エルテアトロ,キングカメハメハ,鹿毛,160207,    6.8,  ,    ,57.4
18,08,19,2,札幌,2,05,新馬,15,芝,0,1800,稍,リオンリオン      ,牡,2,福永祐一,54.0,14,08,2,2,0,0.2,2,112.2,"1522",0,2,2,2,1,34.9,486,松永幹夫,栗,280,16104695,01014,01092,0118220508,寺田千代乃,ノーザンファーム,ルーラーシップ,アゲヒバリ,クロフネ,鹿毛,160128,    4.5,  ,    ,60.7
18,08,19,2,札幌,2,05,新馬,15,芝,0,1800,稍,モンオール        ,牝,2,ルメール,54.0,14,09,4,4,0,0.8,7,112.8,"1528",0,12,10,10,9,34.7,414,平田修,栗,110,16104645,05339,01082,0118220509,吉田勝己,ノーザンファーム,オルフェーヴル,モンヴェール,フレンチデピュティ,栗毛,160508,   14.6,  ,    ,62.5
18,08,19,2,札幌,2,05,新馬,15,芝,0,1800,稍,ヘルメット        ,牝,2,四位洋文,54.0,14,10,14,14,0,5.4,13,117.4,"1574",0,12,13,12,14,39.1,506,岡田稲男,栗,0,16106060,00700,01066,0118220510,飛野牧場,飛野牧場,タイキシャトル,ハッピーヴァリュー,ゼンノロブロイ,栗毛,160316,  182.1,  ,    ,50.1
18,08,19,2,札幌,2,05,新馬,15,芝,0,1800,稍,パラーティウム    ,牝,2,松田大作,54.0,14,11,3,3,0,0.7,10,112.7,"1527",0,4,4,4,4,35.1,458,本田優,栗,180,16106225,01030,01099,0118220511,フジワラ・ファーム,フジワラフアーム,マンハッタンカフェ,アンジェラスキッス,"Gone West",黒鹿,160314,   33.7,  ,    ,60.5
18,08,19,2,札幌,2,05,新馬,15,芝,0,1800,稍,カウディーリョ    ,牡,2,モレイラ,54.0,14,12,1,1,0,-0.2,1,112,"1520",0,3,3,3,2,34.6,426,堀宣行,美,700,16104549,05509,01070,0118220512,キャロットファーム,ノーザンファーム,キングカメハメハ,ディアデラノビア,サンデーサイレンス,黒鹿,160308,    4.0,  ,    ,61.8
18,08,19,2,札幌,2,05,新馬,15,芝,0,1800,稍,ディバインフォース,牡,2,荻野琢真,54.0,14,13,9,9,0,1.7,14,113.7,"1537",0,14,13,13,11,35.3,446,寺島良,栗,0,16104291,01112,01158,0118220513,吉田晴哉,追分ファーム,ワークフォース,ツクバビューティ,ゼンノロブロイ,鹿毛,160405,  244.2,  ,    ,61.0
18,08,19,2,札幌,2,05,新馬,15,芝,0,1800,稍,ヒッチコック      ,牡,2,三浦皇成,54.0,14,14,7,7,0,1.5,11,113.5,"1535",0,6,8,9,7,35.5,492,中竹和也,栗,0,16102324,01122,01039,0118220514,薪浦英稔,荻伏三好フアーム,オルフェーヴル,ホワイトアルバム,クロフネ,芦毛,160401,   76.1,  ,    ,59.9
18,08,19,2,札幌,2,06,500万下,23,ダ,1,1000,稍,サルタート        ,牝,4,笹川翼,55.0,12,01,10,10,0,1.3,9,59.8,"0598",0,0,0,3,3,36.2,450,加藤征弘,美,0,14105780,05524,01059,0118220601,サンデーレーシング,ノーザンファーム,ゴールドアリュール,アイルビーバウンド,タニノギムレット,栗毛,140211,   43.7,  ,    ,47.8
18,08,19,2,札幌,2,06,500万下,23,ダ,1,1000,稍,タイキラメール    ,牡,5,福永祐一,57.0,12,02,5,5,0,0.9,7,59.4,"0594",0,0,0,3,3,35.7,480,大久保龍,栗,75,13103699,01014,01058,0118220602,大樹ファーム,ビクトリーホースラ,ゴールドアリュール,タイキアンジェリカ,ワイルドラッシュ,栗毛,130306,   29.4,  ,    ,49.6
18,08,19,2,札幌,2,06,500万下,23,ダ,1,1000,稍,アインツェルカンプ,牡,3,国分恭介,54.0,12,03,0,0,4,999.9,11,0,"----",0,0,0,0,0,0,486,牧田和弥,栗,0,15105402,01124,01123,0118220603,ノルマンディーサラ,岡田スタツド,ショウナンカンプ,エンシャントアーツ,"Maria's Mon",鹿毛,150306,   62.3,  ,    , 0.0
18,08,19,2,札幌,2,06,500万下,23,ダ,1,1000,稍,ブランオラージュ  ,牡,4,藤岡康太,57.0,12,04,7,7,0,1,4,59.5,"0595",0,0,0,10,10,35.2,436,田村康仁,美,0,14105134,01116,01027,0118220604,ディアレストクラブ,増本牧場,スウェプトオーヴァーボード,ハルダル,ゴールドアリュール,芦毛,140531,   18.5,  ,    ,53.6
18,08,19,2,札幌,2,06,500万下,23,ダ,1,1000,稍,タイセイパルフェ  ,牝,3,丸山元気,52.0,12,05,6,6,0,0.9,6,59.4,"0594",0,0,0,7,7,35.4,458,池上昌和,美,0,15103934,01127,01150,0118220605,田中成奉,上水牧場,ロードカナロア,マイネハッピー,ブライアンズタイム,黒鹿,150331,   27.9,  ,    ,51.7
18,08,19,2,札幌,2,06,500万下,23,ダ,1,1000,稍,カズマペッピーノ  ,牡,4,Ｍ．デム,57.0,12,06,4,4,0,0.8,2,59.3,"0593",0,0,0,3,3,35.6,490,西浦勝一,栗,110,14100428,05212,01016,0118220606,雅苑興業,つつみ牧場,カネヒキリ,オーデコロン,ボストンハーバー,黒鹿,140317,    2.9,  ,    ,49.9
18,08,19,2,札幌,2,06,500万下,23,ダ,1,1000,稍,カフジフェニックス,牡,3,藤岡佑介,54.0,12,07,11,11,0,1.9,10,60.4,"1004",0,0,0,11,11,35.6,468,矢作芳人,栗,0,15102035,01093,01075,0118220607,加藤守,モリナガファーム,クロフネ,ウツセミ,Machiavellian,芦毛,150328,   51.2,  ,    ,54.5
18,08,19,2,札幌,2,06,500万下,23,ダ,1,1000,稍,ヴォーガ          ,牡,4,桑村真明,57.0,12,08,3,3,0,0.5,8,59,"0590",0,0,0,6,6,35.2,436,森秀行,栗,190,14104427,05411,00427,0118220608,一村哲也,グランド牧場,キャプテントゥーレ,スズカシャンティー,"Giant's Causeway",栗毛,140409,   30.9,  ,    ,51.4
18,08,19,2,札幌,2,06,500万下,23,ダ,1,1000,稍,コマノレジェンド  ,牝,4,吉田隼人,55.0,12,09,1,1,0,-0.2,1,58.5,"0585",0,0,0,1,1,35.1,468,伊藤圭三,美,750,14102717,01095,01023,0118220609,長谷川芳信,新井牧場,ストリートセンス,コマノスクアーロ,ゼンノロブロイ,黒鹿,140501,    2.7,  ,    ,50.0
18,08,19,2,札幌,2,06,500万下,23,ダ,1,1000,稍,サンデュランゴ    ,牝,4,松岡正海,55.0,12,10,8,8,0,1,5,59.5,"0595",0,0,0,7,8,35.5,472,蛯名利弘,美,0,14101353,01085,01131,0118220610,加藤ステーブル,三石川上牧場,バトルプラン,イケイケサンドリン,フォーティナイナー,栗毛,140517,   19.2,  ,    ,51.4
18,08,19,2,札幌,2,06,500万下,23,ダ,1,1000,稍,サマニー          ,セ,5,勝浦正樹,57.0,12,11,9,9,0,1.2,12,59.7,"0597",0,0,0,7,8,35.7,470,武藤善則,美,0,13102729,01025,01064,0118220611,井上一郎,中脇一幸,スタチューオブリバティ,ショコット,デインヒル,青鹿,130426,   90.5,  ,    ,50.8
18,08,19,2,札幌,2,06,500万下,23,ダ,1,1000,稍,トラベリング      ,牡,3,ルメール,54.0,12,12,2,2,0,0.2,3,58.7,"0587",0,0,0,2,2,35.3,490,高橋亮,栗,300,15104354,05339,01136,0118220612,グリーンファーム,社台ファーム,ゴールドアリュール,シークレットジプシー,"Sea of Secrets",栗毛,150417,    3.6,  ,    ,49.4
18,08,19,2,札幌,2,07,500万下,23,ダ,1,1700,稍,ハギノアグレッシブ,牡,3,横山典弘,54.0,14,01,9,9,0,1.1,9,107.4,"1474",0,10,11,12,10,37.9,480,松田国英,栗,0,15103562,00660,01011,0118220701,日隈良江,桑田牧場,クロフネ,ハギノクィーン,キングカメハメハ,栗毛,150329,   35.0,  ,    ,50.0
18,08,19,2,札幌,2,07,500万下,23,ダ,1,1700,稍,スパイスマジック  ,牡,3,松岡正海,54.0,14,02,1,1,0,-0.2,3,106.3,"1463",0,9,8,7,4,37.7,466,杉浦宏昭,美,750,15104534,01085,01008,0118220702,社台レースホース,社台ファーム,ローエングリン,ホワイトペッパー,サンデーサイレンス,芦毛,150127,    6.3,  ,    ,49.3
18,08,19,2,札幌,2,07,500万下,23,ダ,1,1700,稍,ミュゼット        ,牝,3,吉田隼人,52.0,14,03,4,4,0,0.3,5,106.6,"1466",0,6,6,7,7,38,448,久保田貴,美,110,15101609,01095,01067,0118220703,ゴドルフィン,ダーレー・ジャパン,ハードスパン,サンデーミューズ,アルカセット,栗毛,150504,    7.2,  ,    ,48.5
18,08,19,2,札幌,2,07,500万下,23,ダ,1,1700,稍,ペプチドオーキッド,牡,3,四位洋文,54.0,14,04,12,12,0,1.7,8,108,"1480",0,13,13,12,10,38.6,494,武英智,栗,0,15103010,00700,01161,0118220704,沼川一彦,杵臼牧場,ワークフォース,ペプチドヒノトリ,クロフネ,鹿毛,150306,   20.8,  ,    ,48.1
18,08,19,2,札幌,2,07,500万下,23,ダ,1,1700,稍,グローバルビジネス,牡,3,加藤祥太,53.0,14,05,13,13,0,3.3,12,109.6,"1496",0,8,8,10,14,40.5,494,浜田多実,栗,0,15105904,01156,01138,0118220705,窪田康志,千代田牧場,ヘニーヒューズ,グローバルハート,クロフネ,鹿毛,150327,  198.7,  ,    ,43.1
18,08,19,2,札幌,2,07,500万下,23,ダ,1,1700,稍,ペイシャボム      ,牡,4,五十嵐冬,57.0,14,06,10,10,0,1.2,11,107.5,"1475",0,4,4,6,4,39,470,本間忍,美,0,14102395,05091,01056,0118220706,北所直人,日高大洋牧場,アグネスデジタル,ボムガール,アグネスタキオン,鹿毛,140308,   48.4,  ,    ,45.8
18,08,19,2,札幌,2,07,500万下,23,ダ,1,1700,稍,ペイシャブルー    ,牝,4,柴山雄一,55.0,14,07,14,14,0,3.6,14,109.9,"1499",0,2,2,2,10,41.7,434,坂口正則,栗,0,14102280,05243,00356,0118220707,北所直人,中川欽一,ベーカバド,ハーバーオジョー,コマンダーインチーフ,黒鹿,140413,  297.0,  ,    ,39.2
18,08,19,2,札幌,2,07,500万下,23,ダ,1,1700,稍,ロードラナキラ    ,牡,3,モレイラ,54.0,14,08,7,7,0,0.4,4,106.7,"1467",0,12,11,9,8,37.8,454,高野友和,栗,0,15102371,05509,01117,0118220708,ロードホースクラブ,ケイアイファーム,ロードカナロア,エンジェリックレイ,ダイワメジャー,鹿毛,150314,    7.2,  ,    ,49.4
18,08,19,2,札幌,2,07,500万下,23,ダ,1,1700,稍,トウシンタイガー  ,セ,5,三津谷隼,54.0,14,09,8,8,0,0.7,13,107,"1470",0,10,10,2,2,38.8,498,山内研二,栗,0,13105693,01159,00388,0118220709,サトー,社台ファーム,ゴールドアリュール,ライブリーチューン,"Dixieland Band",鹿毛,130206,  214.7,  ,    ,45.9
18,08,19,2,札幌,2,07,500万下,23,ダ,1,1700,稍,マイネルネッツ    ,牡,6,三浦皇成,57.0,14,10,3,3,0,0.2,6,106.5,"1465",0,1,1,1,1,38.4,484,水野貴広,美,190,12100005,01122,01094,0118220710,サラブレッドクラブ,赤石久夫,アグネスデジタル,サンディフォルス,サンデーサイレンス,鹿毛,120412,    8.9,  ,    ,46.7
18,08,19,2,札幌,2,07,500万下,23,ダ,1,1700,稍,キミワテンマ      ,牡,3,ルメール,54.0,14,11,5,5,0,0.3,1,106.6,"1466",0,2,3,5,4,38.3,492,武藤善則,美,75,15104894,05339,01064,0118220711,浦邊輝實,ノーザンファーム,ディープブリランテ,ディナータイム,Bering,鹿毛,150212,    3.5,  ,    ,47.3
18,08,19,2,札幌,2,07,500万下,23,ダ,1,1700,稍,コリーヌヴェルト  ,牡,3,Ｍ．デム,54.0,14,12,2,2,0,0.2,2,106.5,"1465",0,7,7,10,8,37.5,480,岡田稲男,栗,300,15104771,05212,01066,0118220712,サンデーレーシング,ノーザンファーム,アイルハヴアナザー,グリューネワルト,スペシャルウィーク,黒鹿,150222,    5.1,  ,    ,50.4
18,08,19,2,札幌,2,07,500万下,23,ダ,1,1700,稍,ライトブリンガー  ,牡,5,藤岡佑介,57.0,14,13,11,11,0,1.6,10,107.9,"1479",0,14,14,14,13,37.9,466,佐々木晶,栗,0,13103653,01093,00429,0118220713,日進牧場,日進牧場,アドマイヤマックス,ソアーヴェ,メイショウドトウ,栗毛,130426,   43.8,  ,    ,50.7
18,08,19,2,札幌,2,07,500万下,23,ダ,1,1700,稍,アドマイヤプリヴ  ,セ,4,福永祐一,57.0,14,14,6,6,0,0.4,7,106.7,"1467",0,4,4,2,2,38.5,440,友道康夫,栗,0,14106188,01014,01061,0118220714,近藤旬子,ノーザンファーム,ルーラーシップ,モンローブロンド,アドマイヤベガ,青鹿,140303,   10.4,  ,    ,46.6
18,08,19,2,札幌,2,08,500万下・牝,23,芝,0,2000,稍,クリノローランサン,牝,3,三津谷隼,49.0,13,01,12,12,0,2.8,13,125.1,"2051",0,13,13,12,12,37.9,390,作田誠二,栗,0,15102744,01159,01006,0118220801,栗本博晴,様似渡辺牧場,キングカメハメハ,ビックリバコ,サンデーサイレンス,鹿毛,150427,  336.8,  ,    ,48.6
18,08,19,2,札幌,2,08,500万下・牝,23,芝,0,2000,稍,リリックドラマ    ,牝,4,Ｍ．デム,55.0,13,02,5,5,0,0.8,2,123.1,"2031",0,3,3,6,4,36.4,454,岡田稲男,栗,75,14102146,05212,01066,0118220802,ゴドルフィン,ダーレー・ジャパン,ステイゴールド,ヴェルヴェットクイーン,Singspiel,鹿毛,140507,    3.1,  ,    ,52.1
18,08,19,2,札幌,2,08,500万下・牝,23,芝,0,2000,稍,シアン            ,牝,4,加藤祥太,54.0,13,03,6,6,0,0.9,6,123.2,"2032",0,6,6,10,10,36.2,424,今野貞一,栗,0,14105461,01156,01128,0118220803,吉田照哉,社台ファーム,"Smart Strike",カトマンブルー,"Bluegrass Cat",栗毛,140227,   53.3,  ,    ,53.0
18,08,19,2,札幌,2,08,500万下・牝,23,芝,0,2000,稍,ピスカデーラ      ,牝,4,小崎綾也,55.0,13,04,11,11,0,2,9,124.3,"2043",0,4,3,3,7,37.9,466,池添学,栗,0,14106047,01152,01144,0118220804,名古屋友豊,ノーザンファーム,ブラックタイド,ドリームスケイプ,エルコンドルパサー,鹿毛,140318,   88.2,  ,    ,47.7
18,08,19,2,札幌,2,08,500万下・牝,23,芝,0,2000,稍,アルティマヒート  ,牝,5,柴山雄一,55.0,13,05,7,7,0,1,11,123.3,"2033",0,11,11,10,7,36.3,486,高柳大輔,栗,0,13105334,05243,01159,0118220805,キャロットファーム,社台コーポレーショ,ステイゴールド,リーサルヒート,"Unusual Heat",栗毛,130309,  177.6,  ,    ,52.7
18,08,19,2,札幌,2,08,500万下・牝,23,芝,0,2000,稍,ルヴォワール      ,牝,4,モレイラ,55.0,13,06,1,1,0,-0.2,1,122.3,"2023",0,10,10,6,2,35.5,538,手塚貴久,美,750,14106218,05509,01038,0118220806,キャロットファーム,ノーザンファーム,ハーツクライ,リュヌドール,"Green Tune",青鹿,140122,    1.8,  ,    ,54.8
18,08,19,2,札幌,2,08,500万下・牝,23,芝,0,2000,稍,レユシット        ,牝,3,丸山元気,52.0,13,07,10,10,0,1.6,5,123.9,"2039",0,2,2,1,4,37.8,458,矢野英一,美,0,15100170,01127,01108,0118220807,落合幸弘,川島牧場,ルーラーシップ,タッソーニー,テンビー,黒鹿,150318,   39.9,  ,    ,47.6
18,08,19,2,札幌,2,08,500万下・牝,23,芝,0,2000,稍,タンタグローリア  ,牝,4,藤岡佑介,55.0,13,08,2,2,0,0.2,3,122.5,"2025",0,4,3,2,2,36.2,394,藤原英昭,栗,300,14105277,01093,01055,0118220808,G1レーシング,社台コーポレーショ,ディープインパクト,タンタスエルテ,Stuka,鹿毛,140408,    6.3,  ,    ,52.2
18,08,19,2,札幌,2,08,500万下・牝,23,芝,0,2000,稍,ゴージャスガール  ,牝,6,池添謙一,55.0,13,09,3,3,0,0.4,7,122.7,"2027",0,8,8,6,4,36,452,大竹正博,美,190,12103146,01032,01102,0118220809,飯田正剛,千代田牧場,ジャングルポケット,オッドアイビーナス,クロフネ,黒鹿,120209,   54.1,  ,    ,53.2
18,08,19,2,札幌,2,08,500万下・牝,23,芝,0,2000,稍,アドマイヤアルパマ,牝,4,ルメール,55.0,13,10,4,4,0,0.6,4,122.9,"2029",0,7,7,4,1,36.4,426,須貝尚介,栗,110,14106068,05339,01105,0118220810,近藤旬子,ノーザンファーム,ステイゴールド,バロネスサッチャー,Johannesburg,鹿毛,140125,    7.0,  ,    ,51.8
18,08,19,2,札幌,2,08,500万下・牝,23,芝,0,2000,稍,ビレッジソング    ,牝,7,城戸義政,55.0,13,11,8,8,0,1.3,10,123.6,"2036",0,8,9,6,9,36.8,442,加藤和宏,美,0,11100063,01147,01077,0118220811,岡田牧雄,いとう牧場,マツリダゴッホ,ナムラメロディー,ジェイドロバリー,鹿毛,110311,  143.6,  ,    ,51.1
18,08,19,2,札幌,2,08,500万下・牝,23,芝,0,2000,稍,ショウナンサザナミ,牝,4,三浦皇成,55.0,13,12,9,9,0,1.5,8,123.8,"2038",0,11,12,12,11,36.6,416,国枝栄,美,0,14101620,01122,00399,0118220812,国本哲秀,天羽牧場,ステイゴールド,ブルーオアシス,"Sadler's Wells",鹿毛,140328,   69.4,  ,    ,52.1
18,08,19,2,札幌,2,08,500万下・牝,23,芝,0,2000,稍,フィーリングハート,牝,4,丹内祐次,55.0,13,13,13,13,0,8.7,12,131,"2110",0,1,1,4,13,44.4,458,高橋祥泰,美,0,14100716,01091,00359,0118220813,サラブレッドクラブ,ビッグレッドファー,ステイゴールド,ホクトグレイン,アグネスデジタル,黒鹿,140302,  240.0,  ,    ,33.6
18,08,19,2,札幌,2,09,クローバ,131,芝,0,1500,稍,アドレ            ,牝,2,横山典弘,54.0,13,01,7,7,0,0.9,3,93.1,"1331",0,0,12,10,7,35.7,442,昆貢,栗,0,16106141,00660,01044,0118220901,ヒダカ・ブリーダー,橋本牧場,ヒルノダムール,ダッチェスドライヴ,"Street Sense",鹿毛,160417,    4.8,  ,    ,57.2
18,08,19,2,札幌,2,09,クローバ,131,芝,0,1500,稍,クラファルコン    ,牡,2,宮崎光行,54.0,13,02,9,9,0,1.2,10,93.4,"1334",0,0,10,10,10,36,504,松本隆宏,地,0,16102960,05089,05453,0118220902,倉見利弘,倉見牧場,ヴァーミリアン,クラローザ,ホリスキー,鹿毛,160223,   85.9,  ,    ,56.3
18,08,19,2,札幌,2,09,クローバ,131,芝,0,1500,稍,ウインゼノビア    ,牝,2,松岡正海,54.0,13,03,1,1,0,-0.5,2,92.2,"1322",0,0,2,1,1,35.8,464,青木孝文,美,1600,16100926,01085,01156,0118220903,ウイン,村本牧場,スクリーンヒーロー,ゴシップクイーン,フレンチデピュティ,栗毛,160315,    3.1,  ,    ,55.0
18,08,19,2,札幌,2,09,クローバ,131,芝,0,1500,稍,セツゲツカ        ,牡,2,桑村真明,54.0,13,04,12,12,0,2.3,12,94.5,"1345",0,0,7,7,10,37.5,444,角川秀樹,地,0,16100394,05411,05311,0118220904,MBR,田渕牧場,カネヒキリ,ハングインゼア,タイキシャトル,鹿毛,160320,  338.5,  ,    ,51.3
18,08,19,2,札幌,2,09,クローバ,131,芝,0,1500,稍,アカネサス        ,牝,2,Ｍ．デム,54.0,13,05,4,4,0,0.7,1,92.9,"1329",0,0,9,7,4,35.9,502,浅見秀一,栗,240,16104454,05212,00411,0118220905,林正道,ノーザンファーム,ロードカナロア,クィーンズバーン,スペシャルウィーク,鹿毛,160211,    2.3,  ,    ,55.8
18,08,19,2,札幌,2,09,クローバ,131,芝,0,1500,稍,パブロフテソーロ  ,牡,2,吉田隼人,54.0,13,06,2,2,0,0.5,5,92.7,"1327",0,0,1,2,2,36.3,536,武井亮,美,640,16105637,01095,01147,0118220906,了徳寺健二ホールデ,木村秀則,タイキシャトル,ベネディーレ,クロフネ,鹿毛,160320,   19.6,  ,    ,53.6
18,08,19,2,札幌,2,09,クローバ,131,芝,0,1500,稍,スズカユース      ,牝,2,三浦皇成,54.0,13,07,6,6,0,0.7,7,92.9,"1329",0,0,4,3,4,36.2,448,田中淳司,地,0,16105718,01122,05630,0118220907,永井啓弍,グランド牧場,スズカコーズウェイ,ユメザンマイ,フジキセキ,栗毛,160427,   41.6,  ,    ,54.4
18,08,19,2,札幌,2,09,クローバ,131,芝,0,1500,稍,トーセンガーネット,牝,2,笹川翼,54.0,13,08,8,8,0,1.1,9,93.3,"1333",0,0,5,5,7,36.4,450,小久保智,地,0,16103825,05524,05609,0118220908,島川隆哉,エスティファーム,アグネスデジタル,トーセンヴェール,クロフネ,鹿毛,160308,   79.4,  ,    ,54.2
18,08,19,2,札幌,2,09,クローバ,131,芝,0,1500,稍,ナーゲルリング    ,牝,2,丹内祐次,54.0,13,09,5,5,0,0.7,8,92.9,"1329",0,0,3,3,4,36.2,436,伊藤圭三,美,160,16105313,01091,01023,0118220909,ビッグレッドファー,浦河小林牧場,レッドスパーダ,トシザコジーン,アドマイヤコジーン,黒鹿,160406,   48.7,  ,    ,54.4
18,08,19,2,札幌,2,09,クローバ,131,芝,0,1500,稍,タイドオブハピネス,牡,2,福永祐一,54.0,13,10,11,11,0,1.5,6,93.7,"1337",0,0,8,9,7,36.5,444,黒岩陽一,美,0,16105513,01014,01133,0118220910,ノルマンディーサラ,岡田スタツド,ブラックタイド,フォーハピネス,ファスリエフ,黒鹿,160331,   26.3,  ,    ,54.5
18,08,19,2,札幌,2,09,クローバ,131,芝,0,1500,稍,クラヴィスオレア  ,牡,2,ルメール,54.0,13,11,3,3,0,0.6,4,92.8,"1328",0,0,5,5,2,35.9,462,藤沢和雄,美,400,16103958,05339,00386,0118220911,多田信尊,坂東牧場,レッドスパーダ,クラリン,キングヘイロー,黒鹿,160518,   11.9,  ,    ,55.7
18,08,19,2,札幌,2,09,クローバ,131,芝,0,1500,稍,アンビートゥン    ,牡,2,モレイラ,54.0,13,12,0,0,1,999.9,0,0,"----",0,0,0,0,0,0,0,田中淳司,地,0,16101991,05509,05630,0118220912,辻牧場,辻牧場,シニスターミニスター,カンシャノキモチ,カリズマティック,黒鹿,160322,    0.0,  ,    , 0.0
18,08,19,2,札幌,2,09,クローバ,131,芝,0,1500,稍,サキコトレーヴォ  ,牝,2,石川倭,54.0,13,13,10,10,0,1.2,11,93.4,"1334",0,0,11,12,12,35.6,448,米川昇,地,0,16106473,05534,05509,0118220913,平賀眞吾,栄進牧場,ダノンシャンティ,エーシンアガペー,ロージズインメイ,青鹿,160413,  153.9,  ,    ,58.2
18,08,19,2,札幌,2,10,おおぞら1000,43,ダ,1,1000,稍,フェリシアルチア  ,牝,4,松岡正海,55.0,12,01,12,12,0,4.7,7,62.3,"1023",0,0,0,7,9,38.4,506,牧田和弥,栗,0,14103187,01085,01123,0118221001,浅沼廣幸,金成吉田牧場,サウスヴィグラス,サンシェル,Singspiel,栗毛,140315,   45.9,  ,    ,43.4
18,08,19,2,札幌,2,10,おおぞら1000,43,ダ,1,1000,稍,グレートブレス    ,牡,6,城戸義政,57.0,12,02,9,9,0,2.3,11,59.9,"0599",0,0,0,8,7,35.8,524,高柳大輔,栗,0,12102766,01147,01159,0118221002,ヒダカ・ブリーダー,岡田牧場,ジャイアントレッカー,フォーチュネイター,フォーティナイナー,栗毛,120131,  221.5,  ,    ,51.0
18,08,19,2,札幌,2,10,おおぞら1000,43,ダ,1,1000,稍,トキワ            ,牝,6,小崎綾也,55.0,12,03,10,10,0,2.3,8,59.9,"0599",0,0,0,12,11,35.4,482,西村真幸,栗,0,12102200,01152,01148,0118221003,田畑利彦,上村清志,エンパイアメーカー,ルナジェーナ,フォーティナイナー,鹿毛,120324,   68.2,  ,    ,53.8
18,08,19,2,札幌,2,10,おおぞら1000,43,ダ,1,1000,稍,コパノキッキング  ,セ,3,藤岡康太,54.0,12,04,1,1,0,-0.8,1,57.6,"0576",0,0,0,1,1,34.3,470,村山明,栗,1500,15110078,01116,01107,0118221004,小林祥晃,"Reiley McDonald","Spring At Last",Celadon,"Gold Halo",黒鹿,150307,    1.4,  ,    ,51.9
18,08,19,2,札幌,2,10,おおぞら1000,43,ダ,1,1000,稍,サクレディーヴァ  ,牝,5,ルメール,55.0,12,05,4,4,0,0.9,5,58.5,"0585",0,0,0,3,3,34.9,524,加藤征弘,美,230,13106137,05339,01059,0118221005,K.S.ヤップ,ノーザンファーム,クロフネ,ラフェクレール,スペシャルウィーク,芦毛,130206,   14.1,  ,    ,51.4
18,08,19,2,札幌,2,10,おおぞら1000,43,ダ,1,1000,稍,クラシコ          ,牡,6,モレイラ,57.0,12,06,3,3,0,0.9,3,58.5,"0585",0,0,0,5,5,34.7,510,堀宣行,美,380,12104581,05509,01070,0118221006,林正道,ノーザンファーム,キンシャサノキセキ,カリズマティックゴールド,Charismatic,鹿毛,120329,    7.1,  ,    ,52.9
18,08,19,2,札幌,2,10,おおぞら1000,43,ダ,1,1000,稍,タマモコーラス    ,牝,4,四位洋文,55.0,12,07,6,6,0,1.7,2,59.3,"0593",0,0,0,8,7,35.2,460,武英智,栗,0,14104589,00700,01161,0118221007,タマモ,曾我博,サウスヴィグラス,タマモメロディ,ブライアンズタイム,黒鹿,140416,    6.8,  ,    ,52.7
18,08,19,2,札幌,2,10,おおぞら1000,43,ダ,1,1000,稍,テイエムチェロキー,牡,4,丸山元気,57.0,12,08,2,2,0,0.8,4,58.4,"0584",0,0,0,2,2,35,478,杉山晴紀,栗,600,14100128,01127,01157,0118221008,竹園正繼,カミイスタット,トランセンド,ヒシエリート,スペシャルウィーク,鹿毛,140515,   13.6,  ,    ,50.3
18,08,19,2,札幌,2,10,おおぞら1000,43,ダ,1,1000,稍,リリーウイナー    ,牡,6,加藤祥太,57.0,12,09,11,11,0,2.3,12,59.9,"0599",0,0,0,8,9,35.8,522,平田修,栗,0,12101351,01156,01082,0118221009,土井孝夫,下河辺牧場,ワイルドラッシュ,スリーソウツ,Halo,鹿毛,120408,  261.9,  ,    ,51.0
18,08,19,2,札幌,2,10,おおぞら1000,43,ダ,1,1000,稍,エンゲージリング  ,牝,3,勝浦正樹,52.0,12,10,5,5,0,1.1,6,58.7,"0587",0,0,0,3,3,35.1,472,大江原哲,美,150,15101286,01025,01012,0118221010,ミルファーム,佐々木康治,スウェプトオーヴァーボード,プロポーズギフト,アグネスタキオン,芦毛,150425,   19.0,  ,    ,50.9
18,08,19,2,札幌,2,10,おおぞら1000,43,ダ,1,1000,稍,シアワセデス      ,牝,5,池添謙一,55.0,12,11,7,7,0,1.8,9,59.4,"0594",0,0,0,5,6,35.6,494,浜田多実,栗,0,13103189,01032,01138,0118221011,窪田康志,吉田ファーム,ファルブラヴ,シアワセナンダッケ,フジキセキ,鹿毛,130325,   88.4,  ,    ,50.3
18,08,19,2,札幌,2,10,おおぞら1000,43,ダ,1,1000,稍,アメリカントップ  ,牡,5,藤岡佑介,57.0,12,12,8,8,0,1.9,10,59.5,"0595",0,0,0,11,11,35.1,514,田中博康,美,0,13110026,01093,01162,0118221012,吉澤克己,"Barronstown Stud",Bernardini,"Parisian Affair","Mr. Greeley",鹿毛,130226,  139.1,  ,    ,54.3
18,08,19,2,札幌,2,11,札幌記念G2,179,芝,0,2000,稍,マルターズアポジー,牡,6,柴田善臣,57.0,16,01,15,15,0,1.9,9,123,"2030",0,1,1,2,2,39.5,530,堀井雅広,美,0,12100939,00641,00436,0118221101,藤田在子,山岡牧場,ゴスホークケン,マルターズヒート,"Old Trieste",鹿毛,120227,   22.9,  ,    ,40.6
18,08,19,2,札幌,2,11,札幌記念G2,179,芝,0,2000,稍,サングレーザー    ,牡,4,福永祐一,57.0,16,02,1,1,0,0,2,121.1,"2011",0,7,7,7,9,36.8,488,浅見秀一,栗,7000,14105304,01014,00411,0118221102,G1レーシング,追分ファーム,ディープインパクト,マンティスハント,"Deputy Minister",青鹿,140113,    5.2,  ,    ,48.2
18,08,19,2,札幌,2,11,札幌記念G2,179,芝,0,2000,稍,アストラエンブレム,セ,5,藤岡康太,57.0,16,03,11,11,0,1.3,14,122.4,"2024",0,9,10,9,11,37.9,476,小島茂之,美,0,13106055,01116,01068,0118221103,シルクレーシング,ノーザンファーム,ダイワメジャー,ブラックエンブレム,ウォーエンブレム,鹿毛,130406,   98.6,  ,    ,45.6
18,08,19,2,札幌,2,11,札幌記念G2,179,芝,0,2000,稍,マイスタイル      ,牡,4,田中勝春,57.0,16,04,9,9,0,1.1,6,122.2,"2022",0,4,3,1,1,38.7,454,昆貢,栗,0,14100971,00684,01044,0118221104,寺田千代乃,猪野毛牧場,ハーツクライ,ファーストナイナー,フォーティナイナー,鹿毛,140401,   10.4,  ,    ,42.5
18,08,19,2,札幌,2,11,札幌記念G2,179,芝,0,2000,稍,マカヒキ          ,牡,5,ルメール,57.0,16,05,2,2,0,0,1,121.1,"2011",0,15,14,13,11,36.4,506,友道康夫,栗,2800,13105788,05339,01061,0118221105,金子真人ホールディ,ノーザンファーム,ディープインパクト,ウィキウィキ,フレンチデピュティ,鹿毛,130128,    4.3,  ,    ,49.7
18,08,19,2,札幌,2,11,札幌記念G2,179,芝,0,2000,稍,クロコスミア      ,牝,5,勝浦正樹,55.0,16,06,8,8,0,0.7,11,121.8,"2018",0,5,5,4,3,37.7,430,西浦勝一,栗,0,13102955,01025,01016,0118221106,大塚亮一,小島牧場,ステイゴールド,デヴェロッペ,ボストンハーバー,黒鹿,130517,   52.6,  ,    ,45.6
18,08,19,2,札幌,2,11,札幌記念G2,179,芝,0,2000,稍,ゴーフォザサミット,牡,3,蛯名正義,54.0,16,07,7,7,0,0.6,8,121.7,"2017",0,7,7,7,3,37.4,498,藤沢和雄,美,0,15106299,00663,00386,0118221107,山本英俊,矢野牧場,ハーツクライ,ラグジャリー,"Storm Cat",黒鹿,150402,   19.2,  ,    ,46.6
18,08,19,2,札幌,2,11,札幌記念G2,179,芝,0,2000,稍,ネオリアリズム    ,牡,7,モレイラ,57.0,16,08,14,14,0,1.8,5,122.9,"2029",0,3,3,3,3,39.1,512,堀宣行,美,0,11103978,05509,01070,0118221108,キャロットファーム,ノーザンファーム,ネオユニヴァース,トキオリアリティー,Meadowlake,栗毛,110322,    7.6,  ,    ,41.9
18,08,19,2,札幌,2,11,札幌記念G2,179,芝,0,2000,稍,サクラアンプルール,牡,7,吉田隼人,57.0,16,09,6,6,0,0.4,7,121.5,"2015",0,9,9,9,3,37.1,480,金成貴史,美,0,11102151,01095,01132,0118221109,さくらコマース,谷岡スタット,キングカメハメハ,サクラメガ,サンデーサイレンス,栗毛,110304,   13.1,  ,    ,47.5
18,08,19,2,札幌,2,11,札幌記念G2,179,芝,0,2000,稍,スティッフェリオ  ,牡,4,丸山元気,57.0,16,10,5,5,0,0.4,12,121.5,"2015",0,5,5,4,3,37.5,442,音無秀孝,栗,700,14105517,01127,01002,0118221110,社台レースホース,社台ファーム,ステイゴールド,シリアスアティテュード,Mtoto,鹿毛,140217,   57.5,  ,    ,46.0
18,08,19,2,札幌,2,11,札幌記念G2,179,芝,0,2000,稍,ナイトオブナイツ  ,牡,5,池添謙一,57.0,16,11,10,10,0,1.2,15,122.3,"2023",0,14,14,13,14,37.6,456,池添兼雄,栗,0,13105471,01032,01021,0118221111,市川義美ホールディ,社台ファーム,ハービンジャー,シャイニングアレキ,サンデーサイレンス,栗毛,130416,  148.0,  ,    ,46.5
18,08,19,2,札幌,2,11,札幌記念G2,179,芝,0,2000,稍,サウンズオブアース,牡,7,藤岡佑介,57.0,16,12,4,4,0,0.1,13,121.2,"2012",0,12,12,13,9,36.5,496,藤岡健一,栗,1100,11104377,01093,01062,0118221112,吉田照哉,社台ファーム,ネオユニヴァース,ファーストバイオリン,"Dixieland Band",黒鹿,110412,   70.4,  ,    ,49.5
18,08,19,2,札幌,2,11,札幌記念G2,179,芝,0,2000,稍,スズカデヴィアス  ,牡,7,三浦皇成,57.0,16,13,12,12,0,1.3,10,122.4,"2024",0,12,12,9,8,37.9,512,橋田満,栗,0,11105898,01122,00362,0118221113,永井啓弍,辻牧場,キングカメハメハ,スズカローラン,サンデーサイレンス,黒鹿,110508,   24.9,  ,    ,45.6
18,08,19,2,札幌,2,11,札幌記念G2,179,芝,0,2000,稍,ミッキースワロー  ,牡,4,横山典弘,57.0,16,14,13,13,0,1.7,3,122.8,"2028",0,11,11,9,11,38.3,482,菊沢隆徳,美,0,14106160,00660,01115,0118221114,野田みづき,ノーザンファーム,トーセンホマレボシ,マドレボニータ,ジャングルポケット,鹿毛,140226,    5.7,  ,    ,44.6
18,08,19,2,札幌,2,11,札幌記念G2,179,芝,0,2000,稍,モズカッチャン    ,牝,4,Ｍ．デム,55.0,16,15,3,3,0,0,4,121.1,"2011",0,16,16,16,14,36,484,鮫島一歩,栗,1800,14102565,05212,01046,0118221115,キャピタル・システ,目黒牧場,ハービンジャー,サイトディーラー,キングカメハメハ,黒鹿,140227,    6.9,  ,    ,51.3
18,08,19,2,札幌,2,11,札幌記念G2,179,芝,0,2000,稍,アイトーン        ,牡,3,国分恭介,54.0,16,16,16,16,0,3.4,16,124.5,"2045",0,2,2,4,16,40.4,468,五十嵐忠,栗,0,15100513,01124,00422,0118221116,深見富朗,新冠タガノファーム,キングズベスト,スペシャルディナー,スペシャルウィーク,鹿毛,150330,  183.0,  ,    ,39.2
18,08,19,2,札幌,2,12,小樽特別500,23,芝,0,1200,稍,ミコジェンヌ      ,牝,3,松岡正海,52.0,16,01,16,16,0,1.8,12,72.3,"1123",0,0,0,13,14,36.4,444,谷原義明,美,0,15103089,01085,00402,0118221201,古賀慎一,松栄牧場,プリサイスエンド,ムーンライトソング,ステイゴールド,栗毛,150428,  102.6,  ,    ,48.6
18,08,19,2,札幌,2,12,小樽特別500,23,芝,0,1200,稍,リュウシンローズ  ,牝,4,長岡禎仁,55.0,16,02,11,11,0,0.9,16,71.4,"1114",0,0,0,15,15,35.3,460,堀井雅広,美,0,14102363,01142,00436,0118221202,浜本牧場,浜本牧場,シンボリクリスエス,ユキノレッシャ,フジキセキ,黒鹿,140410,  360.0,  ,    ,52.3
18,08,19,2,札幌,2,12,小樽特別500,23,芝,0,1200,稍,ハートイズハート  ,牡,5,松田大作,57.0,16,03,7,7,0,0.4,14,70.9,"1109",0,0,0,11,11,35.3,452,中野栄治,美,0,13106425,01030,01010,0118221203,北村和江,高橋啓,アンライバルド,タオルミーナ,タイキシャトル,栗毛,130214,  253.9,  ,    ,50.8
18,08,19,2,札幌,2,12,小樽特別500,23,芝,0,1200,稍,ロードラズライト  ,セ,3,三浦皇成,54.0,16,04,4,4,0,0.1,4,70.6,"1106",0,0,0,4,3,35.5,440,浅見秀一,栗,160,15102391,01122,00411,0118221204,ロードホースクラブ,ケイアイファーム,ロードカナロア,レディルージュ,ブライアンズタイム,青鹿,150220,    8.5,  ,    ,48.9
18,08,19,2,札幌,2,12,小樽特別500,23,芝,0,1200,稍,マイネルアムニス  ,牡,4,丹内祐次,57.0,16,05,9,9,0,0.7,7,71.2,"1112",0,0,0,8,7,35.9,490,畠山吉宏,美,0,14110035,01091,01048,0118221205,サラブレッドクラブ,"Dr. Christoph Berg","Mizzen Mast",Patineuse,"Peintre Celebre",芦毛,140212,   14.1,  ,    ,48.3
18,08,19,2,札幌,2,12,小樽特別500,23,芝,0,1200,稍,ジャストザマリン  ,牝,4,柴山雄一,55.0,16,06,14,14,0,1.6,9,72.1,"1121",0,0,0,8,7,36.8,522,牧浦充徳,栗,0,14109096,05243,01113,0118221206,ジャスト・タイムク,恵比寿興業株式会社,ディープブリランテ,ラヴアズギフト,Tiznow,鹿毛,140412,   21.2,  ,    ,45.9
18,08,19,2,札幌,2,12,小樽特別500,23,芝,0,1200,稍,デルマキセキ      ,牝,3,荻野琢真,52.0,16,07,2,2,0,0.1,10,70.6,"1106",0,0,0,13,13,34.7,442,友道康夫,栗,420,15110030,01112,01061,0118221207,浅沼廣幸,"Freddie Bloodstock","Scat Daddy",Tashawak,"Night Shift",鹿毛,150302,   38.4,  ,    ,53.5
18,08,19,2,札幌,2,12,小樽特別500,23,芝,0,1200,稍,ジェットコルサ    ,牡,6,丸山元気,57.0,16,08,6,6,0,0.2,3,70.7,"1107",0,0,0,6,7,35.5,476,金成貴史,美,0,12103844,01127,01132,0118221208,尾上松壽,青藍牧場,ストーミングホーム,フォセット,キンググローリアス,青毛,120331,    5.6,  ,    ,49.2
18,08,19,2,札幌,2,12,小樽特別500,23,芝,0,1200,稍,ティーズロワール  ,牝,3,山本咲希,52.0,16,09,13,13,0,1,15,71.5,"1115",0,0,0,10,7,36,438,小野望,地,0,15100966,05545,05688,0118221209,立山伸二,ラツキー牧場,エスポワールシチー,トスカーナ,Medicean,栗毛,150221,  312.4,  ,    ,48.6
18,08,19,2,札幌,2,12,小樽特別500,23,芝,0,1200,稍,ポップシンガー    ,牝,4,勝浦正樹,55.0,16,10,12,12,0,0.9,5,71.4,"1114",0,0,0,4,6,36.3,454,鈴木伸尋,美,0,14101803,01025,01026,0118221210,村山卓也,川島正広,スマートファルコン,ケイアイポップス,コマンダーインチーフ,鹿毛,140424,   10.4,  ,    ,46.7
18,08,19,2,札幌,2,12,小樽特別500,23,芝,0,1200,稍,マイネルパッセ    ,牡,5,モレイラ,57.0,16,11,8,8,0,0.6,1,71.1,"1111",0,0,0,2,2,36.2,458,萱野浩二,美,0,13101901,05509,01024,0118221211,サラブレッドクラブ,ビッグレッドファー,ダノンシャンティ,コスモクラッベ,マイネルラヴ,栗毛,130320,    3.6,  ,    ,46.4
18,08,19,2,札幌,2,12,小樽特別500,23,芝,0,1200,稍,アンフィーサ      ,牝,3,五十嵐冬,52.0,16,12,15,15,0,1.7,13,72.2,"1122",0,0,0,16,16,35.6,466,川島洋人,地,0,15104115,05091,05706,0118221212,谷口祐人,追分ファーム,ゴールドアリュール,ティークリッパー,トニービン,栗毛,150304,  141.3,  ,    ,52.8
18,08,19,2,札幌,2,12,小樽特別500,23,芝,0,1200,稍,シュエットヌーベル,牝,4,藤岡康太,55.0,16,13,1,1,0,-0.1,2,70.5,"1105",0,0,0,12,11,34.8,452,羽月友彦,栗,1050,14104261,01116,01091,0118221213,ノルマンディーサラ,岡田スタツド,スマートファルコン,クイックメール,タイキシャトル,栗毛,140306,    3.8,  ,    ,52.6
18,08,19,2,札幌,2,12,小樽特別500,23,芝,0,1200,稍,リンシャンカイホウ,牡,3,池添謙一,54.0,16,14,5,5,0,0.2,6,70.7,"1107",0,0,0,1,1,35.9,430,田中剛,美,105,15105287,01032,01119,0118221214,三嶋牧場,パカパカファーム,アドマイヤムーン,トリプルアクト,Theatrical,鹿毛,150426,   11.7,  ,    ,46.9
18,08,19,2,札幌,2,12,小樽特別500,23,芝,0,1200,稍,ボスキャットグレイ,牡,5,藤岡佑介,57.0,16,15,10,10,0,0.9,11,71.4,"1114",0,0,0,3,3,36.4,462,橋口慎介,栗,0,13110135,01093,01154,0118221215,林正道,"Dr. Jerry Bilinski","Discreet Cat","Two Bad Girls",Diablo,芦毛,130128,   54.2,  ,    ,46.2
18,08,19,2,札幌,2,12,小樽特別500,23,芝,0,1200,稍,ティーカラット    ,牡,3,国分恭介,54.0,16,16,3,3,0,0.1,8,70.6,"1106",0,0,0,6,3,35.4,496,池添兼雄,栗,260,15101706,01124,01021,0118221216,深見富朗,戸川牧場,エイシンフラッシュ,メジロクロユリ,マンハッタンカフェ,黒鹿,150308,   19.3,  ,    ,49.4
18,08,25,2,札幌,3,01,未勝利*,7,ダ,1,1000,不,プロトイチバンボシ,牡,2,内田博幸,54.0,8,01,1,1,0,0,3,59.3,"0593",0,0,0,3,3,35.3,472,浅野洋一,美,500,16103402,00422,00421,0118230101,飯田真也,中館牧場,キングヘイロー,ワンモアミイチュー,エンドスウィープ,栗毛,160419,    7.2,  ,    ,52.0
18,08,25,2,札幌,3,01,未勝利*,7,ダ,1,1000,不,ヒョットシテ      ,牝,2,丹内祐次,54.0,8,02,4,4,0,1.4,8,60.7,"1007",0,0,0,4,4,36.6,432,加藤和宏,美,75,16105318,01091,01077,0118230102,"Grande Racing",絵笛牧場,モンテロッソ,イフポッシブル,ブライアンズタイム,鹿毛,160316,   92.4,  ,    ,48.8
18,08,25,2,札幌,3,01,未勝利*,7,ダ,1,1000,不,カガストロング    ,牡,2,川島信二,54.0,8,03,5,5,0,1.8,5,61.1,"1011",0,0,0,5,5,36.9,462,萱野浩二,美,50,16104201,01062,01024,0118230103,香川憲次,ヤマイチ牧場,ストロングリターン,シュガーレディアン,"Salt Lake",栗毛,160224,   14.2,  ,    ,48.4
18,08,25,2,札幌,3,01,未勝利*,7,ダ,1,1000,不,ショウブ          ,牡,2,菊沢一樹,52.0,8,04,3,3,0,0.3,1,59.6,"0596",0,0,0,1,1,36.2,464,加用正,栗,130,16103281,01161,00425,0118230104,協栄,タバタファーム,アドマイヤムーン,メイマドンナ,シンボリクリスエス,鹿毛,160501,    1.8,  ,    ,47.0
18,08,25,2,札幌,3,01,未勝利*,7,ダ,1,1000,不,ケイゴールド      ,牝,2,戸崎圭太,54.0,8,05,2,2,0,0,2,59.3,"0593",0,0,0,2,2,35.9,474,中野栄治,美,200,16100105,05386,01010,0118230105,布武起会,岩見牧場,サムライハート,ビーナストリック,キングヘイロー,青鹿,160223,    4.4,  ,    ,47.8
18,08,25,2,札幌,3,01,未勝利*,7,ダ,1,1000,不,キモンボーイ      ,牡,2,古川吉洋,54.0,8,06,6,6,0,1.8,4,61.1,"1011",0,0,0,7,7,36.4,480,田所秀孝,栗,0,16106283,01015,01009,0118230106,小林祥晃,へいはた牧場,キモンノカシワ,コパノプレゼント,サクラバクシンオー,鹿毛,160217,    7.2,  ,    ,51.8
18,08,25,2,札幌,3,01,未勝利*,7,ダ,1,1000,不,ロマン            ,牝,2,加藤祥太,53.0,8,07,7,7,0,2.5,6,61.8,"1018",0,0,0,7,8,37,414,和田勇介,美,0,16101030,01156,01165,0118230107,中村智幸,稲葉牧場,アルデバラン2,クィーンロマンス,ティンバーカントリー,鹿毛,160507,   28.9,  ,    ,50.5
18,08,25,2,札幌,3,01,未勝利*,7,ダ,1,1000,不,グラマラススカイ  ,牝,2,三津谷隼,51.0,8,08,8,8,0,2.9,7,62.2,"1022",0,0,0,5,6,37.9,436,西橋豊治,栗,0,16100066,01159,00434,0118230108,スリースターズレー,アラキフアーム,カネヒキリ,レッドフィオーレ,バゴ,黒鹿,160429,   39.3,  ,    ,46.2
18,08,25,2,札幌,3,02,未勝利・牝*,7,芝,0,1500,稍,イデアノオモイ    ,牝,2,菊沢一樹,52.0,7,01,6,6,0,1.6,6,95.3,"1353",0,0,6,4,6,37.5,442,柄崎孝,美,0,16106095,01161,00380,0118230201,益田修一,西川富岡牧場,ワークフォース,マスイデア,リンカーン,鹿毛,160312,   72.3,  ,    ,52.8
18,08,25,2,札幌,3,02,未勝利・牝*,7,芝,0,1500,稍,セントセシリア    ,牝,2,川島信二,54.0,7,02,1,1,0,-0.5,2,93.7,"1337",0,0,4,6,2,35.8,386,矢作芳人,栗,500,16102768,01062,01075,0118230202,田所英子,天羽牧場,ハービンジャー,セシリア,アグネスタキオン,栗毛,160309,    2.8,  ,    ,57.8
18,08,25,2,札幌,3,02,未勝利・牝*,7,芝,0,1500,稍,モズコールズ      ,牝,2,モレイラ,54.0,7,03,4,4,0,0.8,1,94.5,"1345",0,0,4,4,4,36.7,404,牧田和弥,栗,75,16100834,05509,01123,0118230203,キャピタル・システ,三村卓也,ジャスタウェイ,ハルサンサン,サウスヴィグラス,鹿毛,160209,    2.1,  ,    ,55.0
18,08,25,2,札幌,3,02,未勝利・牝*,7,芝,0,1500,稍,ナツノトビラ      ,牝,2,木幡初也,53.0,7,04,7,7,0,2.3,7,96,"1360",0,0,1,2,4,38.5,422,杉浦宏昭,美,0,16103461,01153,01008,0118230204,堀口晴男,日西牧場,スウェプトオーヴァーボード,ニッセイグリーン,シンボリクリスエス,鹿毛,160319,   78.8,  ,    ,49.6
18,08,25,2,札幌,3,02,未勝利・牝*,7,芝,0,1500,稍,トーセングラート  ,牝,2,黛弘人,54.0,7,05,2,2,0,0.5,3,94.2,"1342",0,0,2,1,1,36.7,446,宗像義忠,美,200,16103820,01109,00420,0118230205,島川隆哉,エスティファーム,トーセンホマレボシ,トーセンアート,Woodman,鹿毛,160308,    6.4,  ,    ,54.5
18,08,25,2,札幌,3,02,未勝利・牝*,7,芝,0,1500,稍,オーロセレステ    ,牝,2,井上敏樹,53.0,7,06,5,5,0,1,4,94.7,"1347",0,0,7,7,6,36.5,414,小桧山悟,美,50,16103238,01151,01005,0118230206,柴原榮,瀬戸牧場,ショウナンカンプ,ライフブリーズ,ステイゴールド,鹿毛,160226,    9.6,  ,    ,56.3
18,08,25,2,札幌,3,02,未勝利・牝*,7,芝,0,1500,稍,ドゥーエノルドゥ  ,牝,2,丹内祐次,54.0,7,07,3,3,0,0.6,5,94.3,"1343",0,0,3,3,2,36.6,468,和田勇介,美,130,16100688,01091,01165,0118230207,ビッグレッドファー,ビッグレッドファー,ナカヤマフェスタ,ケイツーノース,ファルブラヴ,栗毛,160322,    9.6,  ,    ,55.1
18,08,25,2,札幌,3,03,未勝利,7,ダ,1,1700,不,ペイシャキャサリン,牝,3,菱田裕二,54.0,14,01,6,6,0,2.3,7,106.8,"1468",0,1,1,1,3,39.6,430,本間忍,美,0,15100148,01144,01056,0118230301,北所直人,カミイスタット,スマートファルコン,プラセンティア,トワイニング,鹿毛,150416,   32.6,  ,    ,42.6
18,08,25,2,札幌,3,03,未勝利,7,ダ,1,1700,不,トミケンバディリ  ,牡,3,黛弘人,56.0,14,02,7,7,0,2.5,5,107,"1470",0,5,5,6,8,39.2,486,小西一男,美,0,15103613,01109,00405,0118230302,冨樫賢二,高昭牧場,ワイルドラッシュ,フォーモサアピール,タイキシャトル,鹿毛,150317,   12.1,  ,    ,44.3
18,08,25,2,札幌,3,03,未勝利,7,ダ,1,1700,不,ミツオサウスポー  ,牡,3,田辺裕信,56.0,14,03,3,3,0,1.1,3,105.6,"1456",0,8,8,6,4,37.8,510,大江原哲,美,130,15103929,01075,01012,0118230303,菊地祐司,上水牧場,バゴ,ハンプトンコート,ネオユニヴァース,栗毛,150319,    7.5,  ,    ,47.8
18,08,25,2,札幌,3,03,未勝利,7,ダ,1,1700,不,アルマトップエンド,牡,3,モレイラ,56.0,14,04,1,1,0,-0.4,1,104.5,"1445",0,8,8,4,1,37,486,佐々木晶,栗,500,15102639,05509,00429,0118230304,コウトミックレーシ,タツヤファーム,パイロ,オーゴンサンデー,マーベラスサンデー,栗毛,150413,    1.6,  ,    ,49.5
18,08,25,2,札幌,3,03,未勝利,7,ダ,1,1700,不,ピンクダイキリ    ,牝,3,小崎綾也,54.0,14,05,8,8,0,2.6,13,107.1,"1471",0,12,10,10,9,39.1,444,中舘英二,美,0,15104572,01152,01153,0118230305,高橋大,社台ファーム,ハービンジャー,ミラクルワウ,フジキセキ,鹿毛,150206,  171.6,  ,    ,44.9
18,08,25,2,札幌,3,03,未勝利,7,ダ,1,1700,不,ペルランドール    ,牡,3,古川吉洋,56.0,14,06,13,13,0,5,11,109.5,"1495",0,2,2,6,11,41.7,456,的場均,美,0,15105457,01015,01063,0118230306,ノルマンディーサラ,岡田スタツド,スマートファルコン,ホリデイトウショウ,タイキシャトル,鹿毛,150515,  136.1,  ,    ,38.7
18,08,25,2,札幌,3,03,未勝利,7,ダ,1,1700,不,ダイヤモンドベガ  ,牝,3,吉田隼人,54.0,14,07,4,4,0,2,6,106.5,"1465",0,5,5,5,5,38.9,428,杉山晴紀,栗,75,15109149,01095,01157,0118230307,佐藤範夫,ワールドファーム,ハードスパン,モーディッシュ,Singspiel,栗毛,150312,   21.8,  ,    ,44.8
18,08,25,2,札幌,3,03,未勝利,7,ダ,1,1700,不,ダノンテアトロ    ,牡,3,岩田康誠,56.0,14,08,2,2,0,0.4,4,104.9,"1449",0,2,2,2,2,37.7,460,高橋康之,栗,200,15102370,05203,01135,0118230308,ダノックス,ケイアイファーム,オルフェーヴル,エルテアトロ,キングカメハメハ,鹿毛,150227,   10.7,  ,    ,47.2
18,08,25,2,札幌,3,03,未勝利,7,ダ,1,1700,不,スモーキングガン  ,牡,3,加藤祥太,55.0,14,09,10,10,0,3.2,12,107.7,"1477",0,13,13,13,13,39.1,514,吉村圭司,栗,0,15104160,01156,01130,0118230309,サンデーレーシング,追分ファーム,ヴィクトワールピサ,レディマールボロ,"Smoke Glacken",鹿毛,150221,  146.6,  ,    ,45.7
18,08,25,2,札幌,3,03,未勝利,7,ダ,1,1700,不,グローバルフェイム,牝,3,丸山元気,54.0,14,10,0,0,4,999.9,10,0,"----",0,4,4,3,5,0,484,浜田多実,栗,0,15105709,01127,01138,0118230310,カナヤマホールディ,静内白井牧場,クロフネ,シーキングフェイム,ダンスインザダーク,芦毛,150415,  114.9,  ,    , 0.0
18,08,25,2,札幌,3,03,未勝利,7,ダ,1,1700,不,ビービーシールズ  ,牡,3,桑村真明,56.0,14,11,11,11,0,3.2,8,107.7,"1477",0,13,13,14,11,38.8,550,藤原英昭,栗,0,15102199,05411,01055,0118230311,坂東牧場,坂東牧場,ハードスパン,オールザチャット,Westminster,黒鹿,150531,   74.6,  ,    ,46.9
18,08,25,2,札幌,3,03,未勝利,7,ダ,1,1700,不,トップギア        ,牡,3,井上敏樹,55.0,14,12,9,9,0,3.2,9,107.7,"1477",0,5,7,6,9,39.9,448,小桧山悟,美,0,15103277,01151,01005,0118230312,アドバンス・サッポ,日進牧場,バトルプラン,ステラーホープ,グラスワンダー,鹿毛,150310,   94.5,  ,    ,42.7
18,08,25,2,札幌,3,03,未勝利,7,ダ,1,1700,不,タイガーアイ      ,牝,3,菊沢一樹,52.0,14,13,12,12,0,4.7,14,109.2,"1492",0,8,10,12,13,40.9,400,堀井雅広,美,0,15103176,01161,00436,0118230313,桐谷茂,大道牧場,ヨハネスブルグ,シンティー,"Sunday Silence",鹿毛,150426,  217.4,  ,    ,41.1
18,08,25,2,札幌,3,03,未勝利,7,ダ,1,1700,不,タガノヤマト      ,牡,3,国分恭介,56.0,14,14,5,5,0,2,2,106.5,"1465",0,11,12,10,7,38.5,506,中村均,栗,50,15100500,01124,00261,0118230314,八木良司,新冠タガノファーム,ヘニーヒューズ,アグアジベベール,クロフネ,栗毛,150127,    5.4,  ,    ,46.3
18,08,25,2,札幌,3,04,未勝利,7,芝,0,1500,稍,ベラソヴラーノ    ,牝,3,菊沢一樹,52.0,14,01,1,1,0,0,2,91.9,"1319",0,0,1,1,1,36,460,宮徹,栗,500,15102272,01161,01018,0118230401,ノルマンディーサラ,上村清志,ルーラーシップ,ベラルーナ,ディープインパクト,鹿毛,150406,    6.4,  ,    ,53.5
18,08,25,2,札幌,3,04,未勝利,7,芝,0,1500,稍,アストルム        ,牡,3,武豊,56.0,14,02,3,3,0,0.1,5,92,"1320",0,0,3,3,3,35.9,460,浜田多実,栗,130,15106468,00666,01138,0118230402,カナヤマホールディ,ヤナガワ牧場,ダイワメジャー,タイセイエトワール,トニービン,栗毛,150502,    7.8,  ,    ,54.2
18,08,25,2,札幌,3,04,未勝利,7,芝,0,1500,稍,ワンダースイルーロ,牡,3,スコフィ,56.0,14,03,5,5,0,0.5,8,92.4,"1324",0,0,5,7,6,36,504,森田直行,栗,50,15105260,05570,01142,0118230403,山本能成,フクダファーム,バゴ,ワンダーカピターナ,ロドリゴデトリアーノ,黒鹿,150416,   24.6,  ,    ,54.4
18,08,25,2,札幌,3,04,未勝利,7,芝,0,1500,稍,ホーカスポーカス  ,牡,3,丸山元気,56.0,14,04,2,2,0,0,6,91.9,"1319",0,0,2,2,2,35.9,428,根本康広,美,200,15102956,01127,01029,0118230404,平賀久枝,鎌田正嗣,オルフェーヴル,プリティウイッチ,クロフネ,鹿毛,150207,    8.5,  ,    ,54.0
18,08,25,2,札幌,3,04,未勝利,7,芝,0,1500,稍,ドラム            ,牡,3,木幡初也,55.0,14,05,14,14,0,4.4,13,96.3,"1363",0,0,5,7,13,39.9,480,田中剛,美,0,15101613,01153,01119,0118230405,H.H.シェイク・ハム,ダーレー・ジャパン,アドマイヤムーン,シンバル2,Singspiel,鹿毛,150421,  114.7,  ,    ,44.2
18,08,25,2,札幌,3,04,未勝利,7,芝,0,1500,稍,ティーサムライ    ,牡,3,メンディ,56.0,14,06,9,9,0,0.9,4,92.8,"1328",0,0,9,5,6,36.5,478,五十嵐忠,栗,0,15105492,05377,00422,0118230406,深見富朗,岡田牧場,ダノンシャンティ,ゴーファイトウィン,エンドスウィープ,黒鹿,150205,    7.0,  ,    ,52.8
18,08,25,2,札幌,3,04,未勝利,7,芝,0,1500,稍,ウインエスキース  ,牝,3,国分恭介,54.0,14,07,8,8,0,0.7,12,92.6,"1326",0,0,9,11,9,36,456,中村均,栗,0,15100219,01124,00261,0118230407,ウイン,コスモヴューファー,マツリダゴッホ,ケイアイダンサー,フォーティナイナー,栗毛,150606,   42.8,  ,    ,54.8
18,08,25,2,札幌,3,04,未勝利,7,芝,0,1500,稍,アルレーサー      ,牡,3,古川吉洋,56.0,14,08,4,4,0,0.3,7,92.2,"1322",0,0,5,5,3,35.9,446,昆貢,栗,75,15102988,01015,01044,0118230408,エーティー,杵臼牧場,キンシャサノキセキ,ゴッドオブロマンス,ジャングルポケット,鹿毛,150511,    9.3,  ,    ,54.5
18,08,25,2,札幌,3,04,未勝利,7,芝,0,1500,稍,マーガレットステラ,牝,3,勝浦正樹,54.0,14,09,10,10,0,1.1,14,93,"1330",0,0,9,11,9,36.3,464,羽月友彦,栗,0,15103782,01025,01091,0118230409,大森悌次,ヒダカフアーム,トーセンホマレボシ,ハートオブキナコ,チチカステナンゴ,鹿毛,150514,  137.1,  ,    ,54.1
18,08,25,2,札幌,3,04,未勝利,7,芝,0,1500,稍,イナロア          ,牝,3,戸崎圭太,54.0,14,10,7,7,0,0.7,11,92.6,"1326",0,0,3,3,3,36.5,470,小島茂之,美,0,15102183,05386,01068,0118230410,増田和啓,二風谷ファーム,ロードカナロア,シンプリーラヴリー,"Bold Executive",黒鹿,150304,   42.7,  ,    ,52.5
18,08,25,2,札幌,3,04,未勝利,7,芝,0,1500,稍,ラプトレックス    ,セ,3,川島信二,56.0,14,11,13,13,0,2.4,10,94.3,"1343",0,0,12,13,13,37.4,468,宮本博,栗,0,15104615,01062,01073,0118230411,キャロットファーム,社台コーポレーショ,ダイワメジャー,レックスレイノス,Intikhab,栗毛,150302,   41.8,  ,    ,51.4
18,08,25,2,札幌,3,04,未勝利,7,芝,0,1500,稍,ウインアイスバーグ,牝,3,ルメール,54.0,14,12,6,6,0,0.5,1,92.4,"1324",0,0,12,9,9,35.9,416,畠山吉宏,美,0,15100234,05339,01048,0118230412,ウイン,コスモヴューファー,ステイゴールド,サマーエタニティ,アドマイヤコジーン,芦毛,150516,    3.3,  ,    ,54.9
18,08,25,2,札幌,3,04,未勝利,7,芝,0,1500,稍,エメラルストロング,牝,3,藤岡康太,54.0,14,13,11,11,0,1.1,3,93,"1330",0,0,8,9,6,36.5,444,勢司和浩,美,0,15103134,01116,01047,0118230413,高橋勉,谷川牧場,アイルハヴアナザー,アワーオアシス,デザートキング,栗毛,150404,    6.8,  ,    ,53.2
18,08,25,2,札幌,3,04,未勝利,7,芝,0,1500,稍,ニシノプログレス  ,牡,3,フォーリ,56.0,14,14,12,12,0,1.8,9,93.7,"1337",0,0,14,13,12,36.8,460,橋口慎介,栗,0,15101783,05531,01154,0118230414,西山茂行,村上欽哉,リーチザクラウン,ニシノフジムスメ,キングヘイロー,青毛,150406,   34.1,  ,    ,53.1
18,08,25,2,札幌,3,05,新馬,15,ダ,1,1700,不,オリオンパッチ    ,牡,2,Ｍ．デム,54.0,13,01,7,7,0,1.4,1,106.6,"1466",0,1,2,2,3,39.2,480,加藤征弘,美,0,16102602,05212,01059,0118230501,陳立文,バンブー牧場,バンブーエール,ブラックカシミール,バブルガムフェロー,黒鹿,160505,    2.8,  ,    ,43.8
18,08,25,2,札幌,3,05,新馬,15,ダ,1,1700,不,ハクナマタタ      ,牡,2,ルメール,54.0,13,02,2,2,0,0.5,3,105.7,"1457",0,2,1,1,1,38.3,478,伊藤圭三,美,280,16105699,05339,01023,0118230502,グランド牧場,グランド牧場,ヘニーヒューズ,フェスティバル,アサティス,鹿毛,160421,    5.3,  ,    ,46.0
18,08,25,2,札幌,3,05,新馬,15,ダ,1,1700,不,アイメイドイット  ,牝,2,丹内祐次,54.0,13,03,5,5,0,1.1,12,106.3,"1463",0,4,4,5,5,38.6,400,飯田雄三,栗,70,16100710,01091,01050,0118230503,サラブレッドクラブ,ビッグレッドファー,アイルハヴアナザー,スーパーウーマン,マーベラスサンデー,栗毛,160609,  145.0,  ,    ,45.7
18,08,25,2,札幌,3,05,新馬,15,ダ,1,1700,不,ペイシャラメント  ,牝,2,戸崎圭太,54.0,13,04,9,9,0,2.9,9,108.1,"1481",0,10,10,9,8,39.4,438,蛯名利弘,美,0,16101768,05386,01131,0118230504,北所直人,杵臼斉藤牧場,フリオーソ,ラメント,アドマイヤムーン,鹿毛,160504,   43.6,  ,    ,45.1
18,08,25,2,札幌,3,05,新馬,15,ダ,1,1700,不,アースエアブリーズ,牝,2,勝浦正樹,54.0,13,05,10,10,0,4.5,7,109.7,"1497",0,7,7,8,9,41.5,460,粕谷昌央,美,0,16104159,01025,01096,0118230505,松山増男,習志野牧場,ゴールドアリュール,アースシンボル,トウカイテイオー,鹿毛,160331,   32.9,  ,    ,39.6
18,08,25,2,札幌,3,05,新馬,15,ダ,1,1700,不,ビービーシャルト  ,牡,2,加藤祥太,53.0,13,06,6,6,0,1.1,8,106.3,"1463",0,5,5,5,6,38.5,486,野中賢二,栗,0,16106550,01156,01098,0118230506,坂東勝彦,オリエント牧場,パイロ,スイートトーク,フジキセキ,鹿毛,160229,   41.1,  ,    ,46.1
18,08,25,2,札幌,3,05,新馬,15,ダ,1,1700,不,ワイルドトレイダー,牡,2,丸山元気,54.0,13,07,13,13,0,15.1,13,120.3,"2003",0,13,13,13,13,45.3,488,松山将樹,美,0,16104121,01127,01100,0118230507,吉岡泰治,笹川大晃牧場,アポロキングダム,リボルトレイダー,ワイルドラッシュ,栗毛,160512,  178.5,  ,    ,40.3
18,08,25,2,札幌,3,05,新馬,15,ダ,1,1700,不,オンザタウン      ,牡,2,小崎綾也,54.0,13,08,12,12,0,6.1,11,111.3,"1513",0,6,6,10,11,42.5,474,浅見秀一,栗,0,16105034,01152,00411,0118230508,三田昌宏,社台ファーム,Kendargent,ザルソバ,Zamindar,栗毛,160305,   84.2,  ,    ,38.3
18,08,25,2,札幌,3,05,新馬,15,ダ,1,1700,不,ロークアルルージュ,牡,2,モレイラ,54.0,13,09,1,1,0,-0.5,4,105.2,"1452",0,3,3,3,2,37.7,544,手塚貴久,美,700,16104243,05509,01038,0118230509,尾崎恒男,レイクヴィラファー,クロフネ,ルージュクール,"Redoute's Choice",芦毛,160219,    7.8,  ,    ,47.7
18,08,25,2,札幌,3,05,新馬,15,ダ,1,1700,不,カルロスミノル    ,牡,2,菊沢一樹,52.0,13,10,3,3,0,0.7,6,105.9,"1459",0,8,9,7,7,37.9,468,北出成人,栗,180,16106245,01161,01078,0118230510,吉岡實,フジワラフアーム,ディープスカイ,プリンセスカナ,ワイルドラッシュ,栗毛,160610,   23.3,  ,    ,47.9
18,08,25,2,札幌,3,05,新馬,15,ダ,1,1700,不,デルマルーヴル    ,牡,2,福永祐一,54.0,13,11,4,4,0,0.8,2,106,"1460",0,8,7,4,4,38.4,496,戸田博文,美,110,16103957,01014,01054,0118230511,浅沼廣幸,坂東牧場,パイロ,カリビアンロマンス,コマンズ,青鹿,160319,    3.2,  ,    ,46.0
18,08,25,2,札幌,3,05,新馬,15,ダ,1,1700,不,ベルキューズ      ,牝,2,黛弘人,54.0,13,12,11,11,0,5.3,10,110.5,"1505",0,12,12,12,12,40.5,492,武井亮,美,0,16100908,01109,01147,0118230512,ローレルレーシング,村田牧場,ヘニーヒューズ,オーシャンフリート,アフリート,栗毛,160207,   58.8,  ,    ,44.3
18,08,25,2,札幌,3,05,新馬,15,ダ,1,1700,不,イマジンラヴ      ,牡,2,岩田康誠,54.0,13,13,8,8,0,2.9,5,108.1,"1481",0,11,11,11,9,39.2,484,梅田智之,栗,0,16104210,05203,01084,0118230513,薪浦亨,吉田三郎,シンボリクリスエス,マッキーロイヤル,フジキセキ,鹿毛,160411,   15.9,  ,    ,45.9
18,08,25,2,札幌,3,06,未勝利,7,芝,0,2000,稍,ブライトロージー  ,牝,3,Ｍ．デム,54.0,16,01,2,2,0,0.4,3,124.6,"2046",0,4,4,4,1,37.1,480,林徹,美,200,15104318,05212,01163,0118230601,ダイヤモンドファー,社台ファーム,ハーツクライ,コージーロージー,"Pleasantly Perfect",栗毛,150413,    4.5,  ,    ,51.1
18,08,25,2,札幌,3,06,未勝利,7,芝,0,2000,稍,ソーグレア        ,牡,3,横山典弘,56.0,16,02,3,3,0,0.8,5,125,"2050",0,4,4,4,5,37.5,470,須貝尚介,栗,130,15104124,00660,01105,0118230602,岡崎淳,追分ファーム,エイシンフラッシュ,バレエブラン,ダンスインザダーク,黒鹿,150406,    8.8,  ,    ,50.0
18,08,25,2,札幌,3,06,未勝利,7,芝,0,2000,稍,ミスルーア        ,牝,3,勝浦正樹,54.0,16,03,5,5,0,0.9,4,125.1,"2051",0,13,13,13,4,36.9,428,西浦勝一,栗,50,15102635,01025,01016,0118230603,三石川上牧場,三石川上牧場,スズカマンボ,ミスポーラ,タイキシャトル,鹿毛,150404,    6.3,  ,    ,52.4
18,08,25,2,札幌,3,06,未勝利,7,芝,0,2000,稍,フラッシュテソーロ,牡,3,吉田隼人,56.0,16,04,12,12,0,1.8,15,126,"2060",0,14,13,13,12,37.8,460,金成貴史,美,0,15104648,01095,01132,0118230604,了徳寺健二ホールデ,ノーザンファーム,エイシンフラッシュ,アズサユミ,サンデーサイレンス,黒鹿,150204,  280.9,  ,    ,50.0
18,08,25,2,札幌,3,06,未勝利,7,芝,0,2000,稍,クレージーバローズ,牡,3,藤岡康太,56.0,16,05,0,0,4,999.9,14,0,"----",0,16,16,16,0,0,526,藤岡健一,栗,0,15103237,01116,01062,0118230605,猪熊広次,富田牧場,ハーツクライ,ゴーンクレージー,"Gone West",鹿毛,150523,  224.3,  ,    , 0.0
18,08,25,2,札幌,3,06,未勝利,7,芝,0,2000,稍,オテンバキッズ    ,牝,3,川島信二,54.0,16,06,9,9,0,1.3,7,125.5,"2055",0,2,2,2,2,38.3,440,田所秀孝,栗,0,15104439,01062,01009,0118230606,瀬谷隆雄,社台ファーム,オルフェーヴル,ドメーヌ,Hussonet,鹿毛,150504,   30.7,  ,    ,47.6
18,08,25,2,札幌,3,06,未勝利,7,芝,0,2000,稍,エスケートーラス  ,牡,3,菱田裕二,56.0,16,07,8,8,0,1.2,13,125.4,"2054",0,8,8,6,12,37.7,450,木原一良,栗,0,15109011,01144,01033,0118230607,菅藤宗一,伊藤牧場,ディープブリランテ,ペプチドモアー,サクラローレル,鹿毛,150403,  171.3,  ,    ,49.7
18,08,25,2,札幌,3,06,未勝利,7,芝,0,2000,稍,サトノオンリーワン,牡,3,モレイラ,56.0,16,08,1,1,0,-0.4,2,124.2,"2042",0,7,8,6,6,36.4,464,堀宣行,美,500,15104090,05509,01070,0118230608,里見治紀,社台コーポレーショ,ディープインパクト,クリームオンリー,"Exchange Rate",芦毛,150111,    3.7,  ,    ,53.4
18,08,25,2,札幌,3,06,未勝利,7,芝,0,2000,稍,エアヴェイユ      ,牝,3,加藤祥太,53.0,16,09,11,11,0,1.7,8,125.9,"2059",0,12,11,10,14,38,430,吉村圭司,栗,0,15104247,01156,01130,0118230609,ラッキーフィールド,社台ファーム,ハードスパン,エアマグダラ,サンデーサイレンス,鹿毛,150413,   34.9,  ,    ,49.1
18,08,25,2,札幌,3,06,未勝利,7,芝,0,2000,稍,ワールドビーター  ,セ,3,武豊,56.0,16,10,15,15,0,6.3,10,130.5,"2105",0,1,1,1,14,43.3,428,角田晃一,栗,0,15100602,00666,01121,0118230610,岡浩二,ノースヒルズ,ジャングルポケット,エアラグーン,サンデーサイレンス,鹿毛,150422,   46.8,  ,    ,36.3
18,08,25,2,札幌,3,06,未勝利,7,芝,0,2000,稍,イザナミ          ,牝,3,菊沢一樹,52.0,16,11,7,7,0,1.2,16,125.4,"2054",0,2,3,2,2,38.1,396,牧田和弥,栗,0,15105097,01161,01123,0118230611,永田和彦,ノーザンファーム,ステイゴールド,レト2,Diesis,鹿毛,150124,  298.6,  ,    ,48.2
18,08,25,2,札幌,3,06,未勝利,7,芝,0,2000,稍,パシュパティナート,牝,3,ルメール,54.0,16,12,10,10,0,1.6,1,125.8,"2058",0,11,11,10,7,37.8,466,池添学,栗,0,15104731,05339,01144,0118230612,吉田勝己,ノーザンファーム,ヴィクトワールピサ,カトマンドゥ,"Country Reel",黒鹿,150124,    3.4,  ,    ,49.8
18,08,25,2,札幌,3,06,未勝利,7,芝,0,2000,稍,オークヒルロッジ  ,牡,3,岩田康誠,56.0,16,13,13,13,0,1.9,6,126.1,"2061",0,8,6,6,7,38.4,530,大久保龍,栗,0,15104723,05203,01058,0118230613,宇田豊,ノーザンファーム,ハービンジャー,オークヒルパーク,アグネスタキオン,青鹿,150216,   19.2,  ,    ,47.9
18,08,25,2,札幌,3,06,未勝利,7,芝,0,2000,稍,ペイシャゲイン    ,牝,3,古川吉洋,54.0,16,14,14,14,0,1.9,11,126.1,"2061",0,4,6,6,7,38.4,482,松永康利,美,0,15106000,01015,01093,0118230614,北所直人,友田牧場,シンボリクリスエス,ハローアゲイン,アグネスタキオン,黒鹿,150307,   57.3,  ,    ,47.9
18,08,25,2,札幌,3,06,未勝利,7,芝,0,2000,稍,レッドプリモ      ,牝,3,スコフィ,54.0,16,15,6,6,0,1,9,125.2,"2052",0,15,15,15,10,36.8,414,友道康夫,栗,0,15104654,05570,01061,0118230615,東京ホースレーシン,ノーザンファーム,ルーラーシップ,アドマイヤエレノア,ディープインパクト,鹿毛,150404,   41.5,  ,    ,53.0
18,08,25,2,札幌,3,06,未勝利,7,芝,0,2000,稍,マイネルテンプス  ,牡,3,丹内祐次,56.0,16,16,4,4,0,0.8,12,125,"2050",0,8,10,10,10,37.1,466,田中清隆,美,75,15100693,01091,00408,0118230616,サラブレッドクラブ,ビッグレッドファー,スペシャルウィーク,コスモエンドレス,スターオブコジーン,鹿毛,150508,   60.5,  ,    ,51.5
18,08,25,2,札幌,3,07,500万下・牝,23,芝,0,1200,稍,パッションチカ    ,牝,4,国分恭介,55.0,16,01,1,1,0,0,5,70.9,"1109",0,0,0,4,4,35.7,446,崎山博樹,栗,750,14103015,01124,00365,0118230701,冨沢敦子,浦河小林牧場,ナカヤマフェスタ,コルチカ,Machiavellian,鹿毛,140410,   12.2,  ,    ,48.6
18,08,25,2,札幌,3,07,500万下・牝,23,芝,0,1200,稍,マナツノヨノユメ  ,牝,4,菊沢一樹,53.0,16,02,14,14,0,1.6,10,72.5,"1125",0,0,0,1,2,37.6,472,菊沢隆徳,美,0,14102065,01161,01115,0118230702,國分純,スマイルファーム,ヴィクトワールピサ,アドマイヤダッシュ,フサイチコンコルド,鹿毛,140514,   57.8,  ,    ,42.8
18,08,25,2,札幌,3,07,500万下・牝,23,芝,0,1200,稍,ベルダニューブ    ,牝,3,藤岡康太,52.0,16,03,3,3,0,0.1,6,71,"1110",0,0,0,2,1,36.1,450,藤岡健一,栗,190,15101410,01116,01062,0118230703,幅田昌伸,下河辺牧場,キングズベスト,ワイドロータス,ダンスインザダーク,栗毛,150126,   12.5,  ,    ,46.7
18,08,25,2,札幌,3,07,500万下・牝,23,芝,0,1200,稍,メイショウハバネラ,牝,4,横山武史,53.0,16,04,10,10,0,1.1,8,72,"1120",0,0,0,11,10,36.3,454,南井克巳,栗,0,14103523,01170,01049,0118230704,松本和子,まるとみ冨岡牧場,アイルハヴアナザー,ベストオブチャンス,サクラローレル,栗毛,140321,   36.0,  ,    ,48.3
18,08,25,2,札幌,3,07,500万下・牝,23,芝,0,1200,稍,シャインサンデー  ,牝,4,モレイラ,55.0,16,05,2,2,0,0,1,70.9,"1109",0,0,0,4,4,35.7,424,加藤征弘,美,300,14105700,05509,01059,0118230705,森保彦,社台ファーム,トワイニング,マニックサンデー,サンデーサイレンス,栗毛,140510,    3.0,  ,    ,48.6
18,08,25,2,札幌,3,07,500万下・牝,23,芝,0,1200,稍,グリニッチヴィレジ,牝,5,古川吉洋,55.0,16,06,7,7,0,0.5,4,71.4,"1114",0,0,0,7,6,36,440,岩戸孝樹,美,0,13103941,01015,01051,0118230706,コロンバスサークル,岡田スタツド,マツリダゴッホ,キョウエイハツラツ,オペラハウス,黒鹿,130211,    9.2,  ,    ,48.3
18,08,25,2,札幌,3,07,500万下・牝,23,芝,0,1200,稍,シゲルトウガラシ  ,牝,3,丹内祐次,52.0,16,07,11,11,0,1.3,15,72.2,"1122",0,0,0,7,9,36.8,446,水野貴広,美,0,15102412,01091,01094,0118230707,森中蕃,嶋田牧場,キンシャサノキセキ,カネトシヴィゴーレ,"French Deputy",鹿毛,150516,  188.5,  ,    ,46.2
18,08,25,2,札幌,3,07,500万下・牝,23,芝,0,1200,稍,ペイシャゲラン    ,牝,4,桑村真明,55.0,16,08,15,15,0,1.7,11,72.6,"1126",0,0,0,16,16,36.2,446,松永康利,美,0,14106492,05411,01093,0118230708,北所直人,碧雲牧場,ダノンシャンティ,レーヴドゲラン,リアルシヤダイ,栗毛,140425,   62.9,  ,    ,50.6
18,08,25,2,札幌,3,07,500万下・牝,23,芝,0,1200,稍,グノーシス        ,牝,3,荻野琢真,52.0,16,09,16,16,0,1.9,16,72.8,"1128",0,0,0,10,15,37.2,472,伊藤正徳,美,0,15103873,01112,00383,0118230709,清水敏,ミルファーム,ヨハネスブルグ,コスモメルベーユ,Fasliyev,鹿毛,150214,  397.8,  ,    ,45.7
18,08,25,2,札幌,3,07,500万下・牝,23,芝,0,1200,稍,キャスパリーグ    ,牝,4,岩田康誠,55.0,16,10,4,4,0,0.3,2,71.2,"1112",0,0,0,13,13,35.3,450,浅見秀一,栗,110,14101392,05203,00411,0118230710,杉山忠国,明治牧場,ディープインパクト,レジェンドキャット,"Storm Cat",鹿毛,140505,    3.8,  ,    ,51.7
18,08,25,2,札幌,3,07,500万下・牝,23,芝,0,1200,稍,シンデレラメイク  ,牝,3,菱田裕二,52.0,16,11,5,5,0,0.3,3,71.2,"1112",0,0,0,7,6,35.8,470,鮫島一歩,栗,75,15102043,01144,01046,0118230711,田島政光,モリナガファーム,ディープブリランテ,プリンセスメイク,キャプテンスティーヴ,栗毛,150506,    4.8,  ,    ,48.9
18,08,25,2,札幌,3,07,500万下・牝,23,芝,0,1200,稍,リーゼントアイリス,牝,3,武豊,52.0,16,12,8,8,0,0.7,7,71.6,"1116",0,0,0,2,2,36.7,420,矢作芳人,栗,0,15106063,00666,01075,0118230712,三浦大輔,畠山牧場,キングズベスト,アルコセニョーラ,ステイゴールド,黒鹿,150320,   15.8,  ,    ,45.1
18,08,25,2,札幌,3,07,500万下・牝,23,芝,0,1200,稍,ニシノオトコマサリ,牝,3,勝浦正樹,52.0,16,13,6,6,0,0.3,9,71.2,"1112",0,0,0,11,10,35.5,388,加藤和宏,美,0,15103937,01025,01077,0118230713,成田隆好,宇南山牧場,リーチザクラウン,ゴールドアシュレイ,マヤノトップガン,青鹿,150427,   44.9,  ,    ,50.6
18,08,25,2,札幌,3,07,500万下・牝,23,芝,0,1200,稍,ラブユーミー      ,牝,4,フォーリ,55.0,16,14,9,9,0,1.1,13,72,"1120",0,0,0,13,13,36.1,498,星野忍,美,0,14105149,05531,01030,0118230714,増田陽一,松田牧場,スマートファルコン,ラブドリーム,フォーティナイナー,鹿毛,140429,   90.1,  ,    ,49.4
18,08,25,2,札幌,3,07,500万下・牝,23,芝,0,1200,稍,ネオヴォイス      ,牝,3,川島信二,52.0,16,15,13,13,0,1.3,12,72.2,"1122",0,0,0,4,6,37,444,安達昭夫,栗,0,15100919,01062,01042,0118230715,山内邦一,森永聡,エスポワールシチー,ビスカヤ,コマンダーインチーフ,鹿毛,150311,   85.1,  ,    ,45.1
18,08,25,2,札幌,3,07,500万下・牝,23,芝,0,1200,稍,ミコジェンヌ      ,牝,3,三津谷隼,49.0,16,16,12,12,0,1.3,14,72.2,"1122",0,0,0,13,10,36.3,444,谷原義明,美,0,15103089,01159,00402,0118230716,古賀慎一,松栄牧場,プリサイスエンド,ムーンライトソング,ステイゴールド,栗毛,150428,  180.9,  ,    ,48.9
18,08,25,2,札幌,3,08,500万下,23,ダ,1,1000,不,ウイナーズロード  ,牝,4,横山武史,53.0,12,01,2,2,0,0,4,57.9,"0579",0,0,0,1,1,34.4,418,寺島良,栗,300,14103596,01170,01158,0118230801,宮内牧場,宮内牧場,ケイムホーム,トップアクトレス,テイエムオペラオー,青鹿,140429,    5.9,  ,    ,52.5
18,08,25,2,札幌,3,08,500万下,23,ダ,1,1000,不,ホウロクダマ      ,牡,4,メンディ,57.0,12,02,11,11,0,1.4,8,59.3,"0593",0,0,0,10,9,34.9,558,中竹和也,栗,0,14104280,05377,01039,0118230802,ノルマンディーサラ,岡田スタツド,ショウナンカンプ,タマヒカル,パラダイスクリーク,鹿毛,140504,   23.2,  ,    ,54.9
18,08,25,2,札幌,3,08,500万下,23,ダ,1,1000,不,タンタラスノオカ  ,牡,5,岩田康誠,57.0,12,03,1,1,0,0,3,57.9,"0579",0,0,0,7,5,33.8,516,田中清隆,美,750,13105161,05203,00408,0118230803,嶋田賢,ヤマイチ牧場,アッミラーレ,カンタベリーラヴ,マイネルラヴ,黒鹿,130302,    4.2,  ,    ,57.0
18,08,25,2,札幌,3,08,500万下,23,ダ,1,1000,不,アドマイヤホルン  ,牝,4,丸山元気,55.0,12,04,6,6,0,1,7,58.9,"0589",0,0,0,4,3,35.1,398,上原博之,美,0,14105843,01127,00423,0118230804,近藤利一,ノーザンファーム,ファルブラヴ,エカルラート,ハーツクライ,栗毛,140320,   20.7,  ,    ,51.7
18,08,25,2,札幌,3,08,500万下,23,ダ,1,1000,不,オモイサイフ      ,牡,4,川島信二,57.0,12,05,10,10,0,1.3,10,59.2,"0592",0,0,0,12,11,34.3,500,谷潔,栗,0,14103729,01062,00431,0118230805,小田切有一,荻伏三好フアーム,ディープスカイ,ファスキナーレ,タイキシャトル,栗毛,140330,   64.1,  ,    ,58.9
18,08,25,2,札幌,3,08,500万下,23,ダ,1,1000,不,セイウンストリーム,牡,4,勝浦正樹,57.0,12,06,3,3,0,0.2,1,58.1,"0581",0,0,0,2,2,34.5,470,水野貴広,美,190,14110095,01025,01094,0118230806,西山茂行,"Jack Swain III","Twirling Candy","Ada Clare","Forest Wildcat",鹿毛,140311,    3.4,  ,    ,52.6
18,08,25,2,札幌,3,08,500万下,23,ダ,1,1000,不,サノノショウグン  ,セ,4,木幡初也,56.0,12,07,4,4,0,0.3,2,58.2,"0582",0,0,0,2,3,34.6,460,清水英克,美,110,14102483,01153,01080,0118230807,佐野信幸,豊洋牧場,サウスヴィグラス,ビューティソルジャ,アフリート,栗毛,140420,    4.2,  ,    ,52.3
18,08,25,2,札幌,3,08,500万下,23,ダ,1,1000,不,リルティングインク,牝,5,丹内祐次,55.0,12,08,9,9,0,1.3,12,59.2,"0592",0,0,0,11,11,34.7,454,清水英克,美,0,13103950,01091,01080,0118230808,ノルマンディーサラ,岡田スタツド,マツリダゴッホ,ザラストドロップ,ヤマニンスキー,黒鹿,130412,   94.9,  ,    ,55.9
18,08,25,2,札幌,3,08,500万下,23,ダ,1,1000,不,サマニー          ,セ,5,内田博幸,57.0,12,09,5,5,0,0.8,9,58.7,"0587",0,0,0,6,5,34.7,472,武藤善則,美,75,13102729,00422,01064,0118230809,井上一郎,中脇一幸,スタチューオブリバティ,ショコット,デインヒル,青鹿,130426,   44.4,  ,    ,53.7
18,08,25,2,札幌,3,08,500万下,23,ダ,1,1000,不,ブランオラージュ  ,牡,4,藤岡康太,57.0,12,10,8,8,0,1.2,6,59.1,"0591",0,0,0,7,7,35,436,田村康仁,美,0,14105134,01116,01027,0118230810,ディアレストクラブ,増本牧場,スウェプトオーヴァーボード,ハルダル,ゴールドアリュール,芦毛,140531,   15.6,  ,    ,53.3
18,08,25,2,札幌,3,08,500万下,23,ダ,1,1000,不,タイキラメール    ,牡,5,福永祐一,57.0,12,11,7,7,0,1.2,5,59.1,"0591",0,0,0,9,9,34.8,474,大久保龍,栗,0,13103699,01014,01058,0118230811,大樹ファーム,ビクトリーホースラ,ゴールドアリュール,タイキアンジェリカ,ワイルドラッシュ,栗毛,130306,    9.5,  ,    ,54.7
18,08,25,2,札幌,3,08,500万下,23,ダ,1,1000,不,メイショウフレイヤ,牝,5,菊沢一樹,53.0,12,12,12,12,0,1.6,11,59.5,"0595",0,0,0,4,7,35.7,466,飯田祐史,栗,0,13102730,01161,01139,0118230812,松本好雄,中脇一幸,メイショウボーラー,シングフォアジョイ,グラスワンダー,栗毛,130512,   90.2,  ,    ,50.0
18,08,25,2,札幌,3,09,積丹特別500,23,芝,0,2600,稍,トロピカルストーム,セ,5,Ｍ．デム,57.0,12,01,2,2,0,0.5,2,166,"2460",0,3,3,4,3,36.5,452,西村真幸,栗,420,13105912,05212,01148,0118230901,吉田和美,社台コーポレーショ,ハービンジャー,シーサイドブリーズ,サンデーサイレンス,黒鹿,130227,    3.4,  ,    ,56.4
18,08,25,2,札幌,3,09,積丹特別500,23,芝,0,2600,稍,サトノシャーク    ,牡,4,武豊,57.0,12,02,5,5,0,1,5,166.5,"2465",0,9,6,2,3,37.1,520,池江泰寿,栗,105,14105441,00666,01071,0118230902,サトミホースカンパ,社台ファーム,ディープインパクト,オジャグワ,"Pure Prize",鹿毛,140201,   13.1,  ,    ,54.6
18,08,25,2,札幌,3,09,積丹特別500,23,芝,0,2600,稍,ウォルビスベイ    ,牡,3,四位洋文,54.0,12,03,3,3,0,0.8,3,166.3,"2463",0,1,1,1,1,37.1,448,松永幹夫,栗,260,15104263,00700,01092,0118230903,社台レースホース,社台ファーム,ディープインパクト,オヴァンボクイーン,Kalatos,黒鹿,150403,    4.6,  ,    ,54.5
18,08,25,2,札幌,3,09,積丹特別500,23,芝,0,2600,稍,シャイニーロケット,牡,3,古川吉洋,54.0,12,04,6,6,0,1.1,8,166.6,"2466",0,6,6,7,5,36.9,456,佐藤吉勝,美,0,15102242,01015,01035,0118230904,小林昌志,雅牧場,ブラックタイド,ブライティアガール,アフリート,鹿毛,150308,   35.2,  ,    ,55.4
18,08,25,2,札幌,3,09,積丹特別500,23,芝,0,2600,稍,ヴィーヴルサヴィ  ,牡,3,黛弘人,54.0,12,05,12,12,0,4.4,11,169.9,"2499",0,10,9,10,12,39.8,494,林徹,美,0,15104602,01109,01163,0118230905,ライオンレースホー,社台ファーム,タートルボウル,リトルディッパー,アグネスワールド,鹿毛,150322,  298.4,  ,    ,48.1
18,08,25,2,札幌,3,09,積丹特別500,23,芝,0,2600,稍,ピッツィカート    ,セ,5,丸山元気,57.0,12,06,4,4,0,1,6,166.5,"2465",0,8,9,10,9,36.4,472,音無秀孝,栗,160,13105976,01127,01002,0118230906,シルクレーシング,ノーザンファーム,ゼンノロブロイ,ディクシージャズ,トニービン,鹿毛,130216,   16.7,  ,    ,57.2
18,08,25,2,札幌,3,09,積丹特別500,23,芝,0,2600,稍,ヴァンクールシルク,牡,4,ルメール,57.0,12,07,8,8,0,3.1,4,168.6,"2486",0,10,9,8,8,38.7,582,木村哲也,美,0,14106228,05339,01126,0118230907,シルクレーシング,ノーザンファーム,ヴィクトワールピサ,ルシルク,Dynaformer,栗毛,140424,    5.5,  ,    ,50.7
18,08,25,2,札幌,3,09,積丹特別500,23,芝,0,2600,稍,ドルフィンマーク  ,セ,5,フォーリ,57.0,12,08,7,7,0,1.3,7,166.8,"2468",0,3,3,5,5,37.2,500,渡辺薫彦,栗,0,13103395,05531,01155,0118230908,大塚亮一,杵臼牧場,ヴィクトワールピサ,レッドクローシュ,トニービン,黒鹿,130330,   32.4,  ,    ,54.5
18,08,25,2,札幌,3,09,積丹特別500,23,芝,0,2600,稍,エンドウォーニング,牡,3,長岡禎仁,54.0,12,09,11,11,0,4.4,9,169.9,"2499",0,10,9,12,10,39.6,474,高市圭二,美,0,15100073,01142,01014,0118230909,井上久光,石田牧場,プリサイスエンド,イシノドリーム,ウォーニング,栗毛,150507,  132.7,  ,    ,48.7
18,08,25,2,札幌,3,09,積丹特別500,23,芝,0,2600,稍,バリングラ        ,牡,4,モレイラ,57.0,12,10,1,1,0,-0.5,1,165.5,"2455",0,5,5,5,2,35.9,536,堀宣行,美,1050,14110001,05509,01070,0118230910,キャロットファーム,"Barronstown Stud","Fastnet Rock","Sweet Dreams Baby",Montjeu,鹿毛,140227,    2.8,  ,    ,58.3
18,08,25,2,札幌,3,09,積丹特別500,23,芝,0,2600,稍,ランパートエース  ,牡,3,柴山雄一,54.0,12,11,10,10,0,4,12,169.5,"2495",0,6,6,8,10,39.6,484,大橋勇樹,栗,0,15101698,05243,01065,0118230911,村上稔,出口牧場,ゼンノロブロイ,セカンドノホシ,シンボリルドルフ,栗毛,150422,  298.7,  ,    ,48.4
18,08,25,2,札幌,3,09,積丹特別500,23,芝,0,2600,稍,ビレッジソング    ,牝,7,城戸義政,55.0,12,12,9,9,0,3.5,10,169,"2490",0,2,2,2,5,39.7,438,加藤和宏,美,0,11100063,01147,01077,0118230912,岡田牧雄,いとう牧場,マツリダゴッホ,ナムラメロディー,ジェイドロバリー,鹿毛,110311,  172.8,  ,    ,47.7
18,08,25,2,札幌,3,10,WASJ第１1000,43,芝,0,1200,稍,トキワ            ,牝,6,戸崎圭太,56.0,14,01,14,14,0,1.9,12,73,"1130",0,0,0,5,7,37.7,478,西村真幸,栗,0,12102200,05386,01148,0118231001,田畑利彦,上村清志,エンパイアメーカー,ルナジェーナ,フォーティナイナー,鹿毛,120324,   63.9,  ,    ,43.6
18,08,25,2,札幌,3,10,WASJ第１1000,43,芝,0,1200,稍,シルヴァーコード  ,牝,6,モレイラ,56.0,14,02,8,8,0,0.4,3,71.5,"1115",0,0,0,3,4,36.4,474,粕谷昌央,美,0,12103628,05509,01096,0118231002,田上雅春,岡田スタツド,スウェプトオーヴァーボード,クラックコード,ダンスインザダーク,芦毛,120315,    5.7,  ,    ,46.4
18,08,25,2,札幌,3,10,WASJ第１1000,43,芝,0,1200,稍,ショウナンアエラ  ,牡,4,内田博幸,58.0,14,03,4,4,0,0.2,1,71.3,"1113",0,0,0,1,1,36.6,492,奥村武,美,230,14103714,00422,01145,0118231003,国本哲秀,大北牧場,ショウナンカンプ,ショウナンタイリン,キングカメハメハ,黒鹿,140328,    3.2,  ,    ,44.8
18,08,25,2,札幌,3,10,WASJ第１1000,43,芝,0,1200,稍,アイアンクロー    ,牡,3,フォーリ,56.0,14,04,13,13,0,1.5,10,72.6,"1126",0,0,0,5,7,37.3,424,斉藤崇史,栗,0,15105188,05531,01151,0118231004,藤井聡一郎,チャンピオンズファ,アドマイヤムーン,ヤマノアイリー,グラスワンダー,栗毛,150307,   32.5,  ,    ,44.6
18,08,25,2,札幌,3,10,WASJ第１1000,43,芝,0,1200,稍,サラデコラシオン  ,牝,4,ベハラー,56.0,14,05,2,2,0,0.1,7,71.2,"1112",0,0,0,9,9,35.6,440,岩戸孝樹,美,600,14100778,05393,01051,0118231005,川崎賢二,前川隆範,タニノギムレット,アースツリー,デュランダル,栗毛,140327,   20.2,  ,    ,50.0
18,08,25,2,札幌,3,10,WASJ第１1000,43,芝,0,1200,稍,ショウナンマッシブ,牡,4,メンディ,58.0,14,06,11,11,0,0.8,11,71.9,"1119",0,0,0,2,2,37.2,468,田中剛,美,0,14104912,05377,01119,0118231006,国本哲秀,西村和夫,ダイワメジャー,ショウナンアヤカ,ウォーエンブレム,鹿毛,140226,   41.3,  ,    ,43.3
18,08,25,2,札幌,3,10,WASJ第１1000,43,芝,0,1200,稍,レヴァンタール    ,セ,9,桑村真明,58.0,14,07,10,10,0,0.7,14,71.8,"1118",0,0,0,9,9,36.2,454,蛯名利弘,美,0,09104888,05411,01131,0118231007,岡田牧雄,土井牧場,ファルブラヴ,パンペロウ,"Conquistador Cielo",鹿毛,090402,  285.4,  ,    ,48.3
18,08,25,2,札幌,3,10,WASJ第１1000,43,芝,0,1200,稍,ヴァッフシュテルケ,牡,7,ルメール,58.0,14,08,9,9,0,0.5,8,71.6,"1116",0,0,0,12,11,35.8,450,寺島良,栗,0,11106102,05339,01158,0118231008,宮内牧場,宮内牧場,ダイワメジャー,イサミサクラ,アイネスフウジン,青鹿,110305,   20.2,  ,    ,50.0
18,08,25,2,札幌,3,10,WASJ第１1000,43,芝,0,1200,稍,スズカプリオール  ,牡,7,スコフィ,58.0,14,09,12,12,0,1.2,13,72.3,"1123",0,0,0,9,11,36.7,494,柄崎孝,美,0,11105905,05570,00380,0118231009,永井啓弍,辻牧場,プリサイスエンド,ヘイローマジック,キングヘイロー,鹿毛,110313,  282.9,  ,    ,47.0
18,08,25,2,札幌,3,10,WASJ第１1000,43,芝,0,1200,稍,コロラトゥーレ    ,牝,4,福永祐一,56.0,14,10,3,3,0,0.1,2,71.2,"1112",0,0,0,5,4,35.9,450,梅田智之,栗,380,14102019,01014,01084,0118231010,廣崎利洋HD,"Shall Farm",タイキシャトル,ディープインアスク,ディープインパクト,鹿毛,140227,    3.5,  ,    ,48.3
18,08,25,2,札幌,3,10,WASJ第１1000,43,芝,0,1200,稍,イキオイ          ,牡,6,Ｍ．デム,58.0,14,11,5,5,0,0.3,5,71.4,"1114",0,0,0,12,11,35.6,450,杉浦宏昭,美,150,12102808,05212,01008,0118231011,西村憲人,カタオカフアーム,マツリダゴッホ,ユメノラッキー,"Salt Lake",鹿毛,120423,   16.7,  ,    ,50.6
18,08,25,2,札幌,3,10,WASJ第１1000,43,芝,0,1200,稍,グランドポピー    ,牝,6,コレット,56.0,14,12,7,7,0,0.4,9,71.5,"1115",0,0,0,3,3,36.5,492,高柳大輔,栗,0,12105609,05569,01159,0118231012,田畑利彦,宮内牧場,ダイワメジャー,グランドグリーン,ナリタブライアン,栗毛,120424,   28.3,  ,    ,45.9
18,08,25,2,札幌,3,10,WASJ第１1000,43,芝,0,1200,稍,ワンダフルラッシュ,牝,5,田辺裕信,56.0,14,13,6,6,0,0.3,4,71.4,"1114",0,0,0,14,14,35.4,456,手塚貴久,美,0,13102671,01075,01038,0118231013,サラブレッドクラブ,様似共栄牧場,バゴ,アドマイヤパンチ,ワイルドラッシュ,黒鹿,130324,    6.2,  ,    ,51.7
18,08,25,2,札幌,3,10,WASJ第１1000,43,芝,0,1200,稍,アイファープリティ,牝,5,武豊,56.0,14,14,1,1,0,-0.1,6,71.1,"1111",0,0,0,5,4,35.8,448,鮫島一歩,栗,1500,13101358,00666,01046,0118231014,中島稔,川上悦夫,アドマイヤオーラ,ヤマノラヴリー,シャンハイ,鹿毛,130605,   18.9,  ,    ,48.6
18,08,25,2,札幌,3,11,WASJ第２1600,67,芝,0,2000,稍,セイカエドミザカ  ,牡,5,福永祐一,58.0,13,01,12,12,0,1.6,11,126,"2060",0,1,1,1,2,37.4,498,相沢郁,美,0,13100655,01014,01020,0118231101,久米大,千葉飯田牧場,タニノギムレット,セイカカロブ,"Sadler's Wells",栗毛,130313,   58.2,  ,    ,51.5
18,08,25,2,札幌,3,11,WASJ第２1600,67,芝,0,2000,稍,パワーポケット    ,牡,6,モレイラ,58.0,13,02,11,11,0,1.4,6,125.8,"2058",0,3,3,4,6,37,538,中野栄治,美,0,12105979,05509,01010,0118231102,柳原達也,ダイヤモンドファー,エンパイアメーカー,タカラグリーン,タマモクロス,黒鹿,120401,   12.7,  ,    ,52.9
18,08,25,2,札幌,3,11,WASJ第２1600,67,芝,0,2000,稍,レッドジェノヴァ  ,牝,4,ルメール,56.0,13,03,1,1,0,-0.3,1,124.4,"2044",0,3,5,4,3,35.5,486,小島茂之,美,1820,14105484,05339,01068,0118231103,東京ホースレーシン,社台ファーム,シンボリクリスエス,コロンバスサークル,ホワイトマズル,青鹿,140422,    3.4,  ,    ,57.3
18,08,25,2,札幌,3,11,WASJ第２1600,67,芝,0,2000,稍,エリモジパング    ,牡,8,内田博幸,58.0,13,04,13,13,0,2.1,13,126.5,"2065",0,6,7,7,11,37.4,460,中野栄治,美,0,10101767,00422,01010,0118231104,山本三津子,エクセルマネジメン,マンハッタンカフェ,エリモアテナ,ブライアンズタイム,青鹿,100309,  229.8,  ,    ,52.1
18,08,25,2,札幌,3,11,WASJ第２1600,67,芝,0,2000,稍,アドマイヤエイカン,牡,5,スコフィ,58.0,13,05,4,4,0,0.7,2,125.1,"2051",0,2,2,2,1,36.5,502,須貝尚介,栗,270,13106075,05570,01105,0118231105,近藤利一,ノーザンファーム,ハーツクライ,ペルヴィアンリリー,フレンチデピュティ,鹿毛,130321,    4.3,  ,    ,54.0
18,08,25,2,札幌,3,11,WASJ第２1600,67,芝,0,2000,稍,ショウナンマルシェ,セ,7,Ｍ．デム,58.0,13,06,8,8,0,1.2,7,125.6,"2056",0,3,3,3,3,36.9,470,和田勇介,美,0,11103696,05212,01165,0118231106,国本哲秀,社台コーポレーショ,マンハッタンカフェ,ラリーズン,Labeeb,青鹿,110126,   19.7,  ,    ,53.0
18,08,25,2,札幌,3,11,WASJ第２1600,67,芝,0,2000,稍,ウインフェニックス,牡,7,ベハラー,58.0,13,07,9,9,0,1.3,8,125.7,"2057",0,10,10,10,12,36.4,482,奥平雅士,美,0,11101149,05393,01074,0118231107,ウイン,船越伸也,スズカフェニックス,シャインプレジャー,アグネスデジタル,鹿毛,110324,   19.8,  ,    ,55.1
18,08,25,2,札幌,3,11,WASJ第２1600,67,芝,0,2000,稍,ギブアンドテイク  ,セ,7,フォーリ,58.0,13,08,2,2,0,0.3,9,124.7,"2047",0,8,7,7,6,35.6,470,鹿戸雄一,美,730,11106405,05531,01097,0118231108,嶋田賢,昭和牧場,ステイゴールド,レッドダイヤモンド,エルハーブ,栗毛,110505,   22.7,  ,    ,57.3
18,08,25,2,札幌,3,11,WASJ第２1600,67,芝,0,2000,稍,マコトガラハッド  ,セ,5,コレット,58.0,13,09,10,10,0,1.3,12,125.7,"2057",0,10,10,12,13,36.3,480,鮫島一歩,栗,0,13102716,05569,01046,0118231109,ディアマント,出口繁夫,スズカマンボ,マコトコーラン,ブライアンズタイム,鹿毛,130518,   68.9,  ,    ,55.5
18,08,25,2,札幌,3,11,WASJ第２1600,67,芝,0,2000,稍,ドレッドノータス  ,セ,5,戸崎圭太,58.0,13,10,3,3,0,0.6,5,125,"2050",0,6,5,4,3,36.2,458,矢作芳人,栗,460,13105975,05386,01075,0118231110,キャロットファーム,ノーザンファーム,ハービンジャー,ディアデラノビア,サンデーサイレンス,栗毛,130309,    8.6,  ,    ,55.1
18,08,25,2,札幌,3,11,WASJ第２1600,67,芝,0,2000,稍,ハナズレジェンド  ,牡,5,メンディ,58.0,13,11,5,5,0,0.8,4,125.2,"2052",0,12,10,10,9,36,460,矢作芳人,栗,182,13103324,05377,01075,0118231111,広尾レース,カナイシスタッド,ハーツクライ,ムーンライトゼファー,"Moon Rocket",栗毛,130405,    7.5,  ,    ,56.2
18,08,25,2,札幌,3,11,WASJ第２1600,67,芝,0,2000,稍,ワールドレーヴ    ,牡,8,武豊,58.0,13,12,6,6,0,0.9,10,125.3,"2053",0,13,13,13,9,35.8,470,鹿戸雄一,美,0,10103182,00666,01097,0118231112,嶋田賢,服部牧場,ファンタスティックライト,エルメスティアラ,ブライアンズタイム,黒鹿,100406,   35.5,  ,    ,57.1
18,08,25,2,札幌,3,11,WASJ第２1600,67,芝,0,2000,稍,プロフェット      ,牡,5,桑村真明,58.0,13,13,7,7,0,1.1,3,125.5,"2055",0,9,9,7,6,36.5,460,池江泰寿,栗,0,13105930,05411,01071,0118231113,キャロットファーム,ノーザンファーム,ハービンジャー,ジュモー,タニノギムレット,鹿毛,130227,    5.1,  ,    ,54.5
18,08,25,2,札幌,3,12,ニセコ特500,23,ダ,1,1700,不,フラベリフォーム  ,牡,3,ルメール,54.0,14,01,2,2,0,0.9,1,104.7,"1447",0,3,3,5,3,36.9,454,萩原清,美,420,15103534,05339,01017,0118231201,水上行雄,笠松牧場,ディープスカイ,モエレヒストリー,ファルブラヴ,鹿毛,150407,    2.1,  ,    ,50.2
18,08,25,2,札幌,3,12,ニセコ特500,23,ダ,1,1700,不,ブロンズケイ      ,牡,3,菱田裕二,54.0,14,02,5,5,0,1.7,4,105.5,"1455",0,5,6,6,5,37.6,500,角田晃一,栗,105,15100786,01144,01121,0118231202,畑佐博,細川農場,ローエングリン,ラヴビーム,マンハッタンカフェ,黒鹿,150227,   14.7,  ,    ,48.5
18,08,25,2,札幌,3,12,ニセコ特500,23,ダ,1,1700,不,リセンティート    ,牡,4,丹内祐次,57.0,14,03,6,6,0,1.8,8,105.6,"1456",0,9,9,6,6,37.7,512,尾形和幸,美,0,14104238,01091,01141,0118231203,米津佳昭,及川ミツ子,ヴァーミリアン,マダムメガミ,マヤノトップガン,鹿毛,140502,   51.5,  ,    ,48.2
18,08,25,2,札幌,3,12,ニセコ特500,23,ダ,1,1700,不,レンズフルパワー  ,牡,6,丸山元気,57.0,14,04,3,3,0,1.3,5,105.1,"1451",0,10,11,10,8,36.8,502,南田美知,美,260,12105606,01127,00437,0118231204,田畑富子,宮内牧場,エンパイアメーカー,キャロルブラボー,キャロルハウス,鹿毛,120512,   15.8,  ,    ,51.2
18,08,25,2,札幌,3,12,ニセコ特500,23,ダ,1,1700,不,リアリスト        ,牡,5,モレイラ,57.0,14,05,1,1,0,-0.9,2,103.8,"1438",0,2,2,1,1,36.5,488,相沢郁,美,1050,13106143,05509,01020,0118231205,吉澤克己,ノーザンファーム,ゼンノロブロイ,リアリサトリス,Numerous,鹿毛,130411,    3.6,  ,    ,50.6
18,08,25,2,札幌,3,12,ニセコ特500,23,ダ,1,1700,不,ゴッドスパロウ    ,牡,3,古川吉洋,54.0,14,06,7,7,0,2,9,105.8,"1458",0,11,11,10,6,37.5,532,角田晃一,栗,0,15100913,01015,01121,0118231206,中西憲治,森永聡,シンボリクリスエス,ゴッドダンシング,ダンスインザダーク,鹿毛,150429,   85.7,  ,    ,49.3
18,08,25,2,札幌,3,12,ニセコ特500,23,ダ,1,1700,不,ステリファラス    ,牡,3,内田博幸,54.0,14,07,9,9,0,2.7,11,106.5,"1465",0,14,14,13,12,37.7,484,高橋義忠,栗,0,15101617,00422,01129,0118231207,ゴドルフィン,ダーレー・ジャパン,ハードスパン,スタリア,アルカセット,鹿毛,150405,  122.5,  ,    ,49.5
18,08,25,2,札幌,3,12,ニセコ特500,23,ダ,1,1700,不,ニシノストーリー  ,牝,4,勝浦正樹,55.0,14,08,12,12,0,4.6,12,108.4,"1484",0,13,13,14,13,39.5,428,中舘英二,美,0,14102315,01025,01153,0118231208,西山茂行,村上欽哉,ディープインパクト,ニシノナースコール,ブライアンズタイム,黒鹿,140220,  197.5,  ,    ,45.1
18,08,25,2,札幌,3,12,ニセコ特500,23,ダ,1,1700,不,トミケンボハテル  ,牡,4,黛弘人,57.0,14,09,10,10,0,3.2,7,107,"1470",0,5,6,6,8,39,482,武市康男,美,0,14102449,01109,01089,0118231209,佐野信幸,藤本ファーム,アドマイヤムーン,ヴァルネリーナ,Caerleon,芦毛,140415,   25.9,  ,    ,45.1
18,08,25,2,札幌,3,12,ニセコ特500,23,ダ,1,1700,不,アレーグル        ,牡,3,小崎綾也,54.0,14,10,13,13,0,7.6,14,111.4,"1514",0,1,1,4,10,43.8,474,奥村豊,栗,0,15105488,01152,01146,0118231210,安原浩司,岡田牧場,トーセンホマレボシ,カルナヴァレ,ローエングリン,鹿毛,150311,  452.5,  ,    ,34.2
18,08,25,2,札幌,3,12,ニセコ特500,23,ダ,1,1700,不,オールウェイズゼア,牡,4,横山武史,57.0,14,11,4,4,0,1.5,6,105.3,"1453",0,8,8,2,3,37.8,474,高市圭二,美,160,14104192,01170,01014,0118231211,グリーンスウォード,荒木貴宏,フリオーソ,ニュースターガール,ワレンダー,黒鹿,140503,   20.2,  ,    ,47.4
18,08,25,2,札幌,3,12,ニセコ特500,23,ダ,1,1700,不,クリノプラハ      ,牡,5,川島信二,57.0,14,12,11,11,0,4,13,107.8,"1478",0,11,10,6,10,39.8,528,谷潔,栗,0,13100430,01062,00431,0118231212,栗本博晴,白井牧場,キンシャサノキセキ,ポップコーンプリンセス,"Old Trieste",鹿毛,130519,  411.0,  ,    ,43.2
18,08,25,2,札幌,3,12,ニセコ特500,23,ダ,1,1700,不,キャッチヒストリー,牡,4,柴山雄一,57.0,14,13,14,14,0,8.9,10,112.7,"1527",0,5,5,10,14,44.3,504,清水英克,美,0,14104323,05243,01080,0118231213,嶋田賢,岡田牧場,アーネストリー,エクスキタテヤマ,フォーティナイナー,栗毛,140213,  111.0,  ,    ,34.2
18,08,25,2,札幌,3,12,ニセコ特500,23,ダ,1,1700,不,マコトキッショウ  ,牡,3,福永祐一,54.0,14,14,8,8,0,2.3,3,106.1,"1461",0,3,3,2,2,38.7,474,松田国英,栗,0,15100562,01014,01011,0118231214,ディアマント,新冠橋本牧場,マコトスパルビエロ,マコトサンパギータ,ジャングルポケット,芦毛,150131,    4.1,  ,    ,45.0
18,08,26,2,札幌,4,01,未勝利*,7,芝,0,1800,稍,リオンリオン      ,牡,2,福永祐一,54.0,5,01,2,2,0,0.1,1,113.5,"1535",0,5,5,5,3,35.9,484,松永幹夫,栗,200,16104695,01014,01092,0118240101,寺田千代乃,ノーザンファーム,ルーラーシップ,アゲヒバリ,クロフネ,鹿毛,160128,    1.5,  ,    ,58.1
18,08,26,2,札幌,4,01,未勝利*,7,芝,0,1800,稍,アドマイヤリーブラ,牡,2,モレイラ,54.0,5,02,1,1,0,-0.1,2,113.4,"1534",0,4,3,3,4,36,454,梅田智之,栗,500,16104400,05509,01084,0118240102,近藤旬子,ノーザンファーム,ハービンジャー,アドマイヤキュート,キングカメハメハ,栗毛,160302,    3.1,  ,    ,57.5
18,08,26,2,札幌,4,01,未勝利*,7,芝,0,1800,稍,ポベーダテソーロ  ,牡,2,小崎綾也,54.0,5,03,4,4,0,1.1,3,114.5,"1545",0,2,2,2,1,37.4,450,小崎憲,栗,75,16103607,01152,01085,0118240103,了徳寺健二ホールデ,藤本ファーム,ブラックタイド,スターカットジェム,フォーティナイナー,鹿毛,160227,    4.4,  ,    ,53.1
18,08,26,2,札幌,4,01,未勝利*,7,芝,0,1800,稍,スピードボンバー  ,牡,2,吉田隼人,54.0,5,04,3,3,0,1,4,114.4,"1544",0,3,3,3,5,37,434,斎藤誠,美,130,16101461,01095,01086,0118240104,杉山忠国,明治牧場,ネオユニヴァース,スギノピクシー,キングカメハメハ,鹿毛,160210,   42.2,  ,    ,54.6
18,08,26,2,札幌,4,01,未勝利*,7,芝,0,1800,稍,ストロングジェット,牡,2,丹内祐次,54.0,5,05,5,5,0,2,5,115.4,"1554",0,1,1,1,2,38.3,408,伊藤伸一,美,50,16104184,01091,01031,0118240105,コスモヴューファー,真壁信一,ストロングリターン,ハイスタージェット,キングカメハメハ,鹿毛,160423,   45.0,  ,    ,50.7
18,08,26,2,札幌,4,02,未勝利・牝,7,ダ,1,1700,重,アルマアノン      ,牝,3,岩田康誠,54.0,14,01,1,1,0,0,6,106.1,"1461",0,7,8,9,7,37.3,450,佐々木晶,栗,500,15100195,05203,00429,0118240201,コウトミックレーシ,小泉牧場,キンシャサノキセキ,イナズマローレル,ピルサドスキー,青鹿,150313,   19.2,  ,    ,50.6
18,08,26,2,札幌,4,02,未勝利・牝,7,ダ,1,1700,重,スイートレモネード,牝,3,横山武史,52.0,14,02,2,2,0,0,2,106.1,"1461",0,5,5,7,6,37.6,434,武英智,栗,200,15104911,01170,01161,0118240202,キャロットファーム,社台コーポレーショ,ロードカナロア,ドルチェリモーネ,サンデーサイレンス,鹿毛,150124,    5.2,  ,    ,49.4
18,08,26,2,札幌,4,02,未勝利・牝,7,ダ,1,1700,重,カプア            ,牝,3,ルメール,54.0,14,03,9,9,0,1.2,4,107.3,"1473",0,3,4,8,8,38.7,472,萩原清,美,0,15104491,05339,01017,0118240203,金子真人ホールディ,社台ファーム,キングカメハメハ,ピンクカメオ,フレンチデピュティ,栗毛,150119,    5.5,  ,    ,46.7
18,08,26,2,札幌,4,02,未勝利・牝,7,ダ,1,1700,重,レッドフィオナ    ,牝,3,内田博幸,54.0,14,04,3,3,0,0,3,106.1,"1461",0,11,11,2,2,38,454,吉田直弘,栗,130,15104621,00422,01101,0118240204,東京ホースレーシン,社台ファーム,ステイゴールド,レディイン,Kendor,芦毛,150204,    5.5,  ,    ,47.8
18,08,26,2,札幌,4,02,未勝利・牝,7,ダ,1,1700,重,サニツ            ,牝,3,桑村真明,54.0,14,05,10,10,0,1.8,13,107.9,"1479",0,13,12,13,13,38.5,456,柄崎孝,美,0,15104874,05411,00380,0118240205,大塚亮一,ノーザンファーム,ロードカナロア,ダンスザクラシックス,"Sadler's Wells",鹿毛,150206,  344.8,  ,    ,48.3
18,08,26,2,札幌,4,02,未勝利・牝,7,ダ,1,1700,重,ゴールドシャッツ  ,牝,3,丹内祐次,54.0,14,06,11,11,0,1.9,8,108,"1480",0,7,7,9,9,39.3,428,粕谷昌央,美,0,15100707,01091,01096,0118240206,ビッグレッドファー,ビッグレッドファー,マツリダゴッホ,ゴールドリーフ,ダイナガリバー,栗毛,150320,   45.1,  ,    ,45.4
18,08,26,2,札幌,4,02,未勝利・牝,7,ダ,1,1700,重,メモリーゴールデン,牝,3,城戸義政,54.0,14,07,8,8,0,1,14,107.1,"1471",0,10,9,11,11,38.1,476,湯窪幸雄,栗,0,15103157,01147,01057,0118240207,橋元幸次,谷川牧場,ケイムホーム,メモリービジュアル,サクラバクシンオー,鹿毛,150220,  359.9,  ,    ,48.8
18,08,26,2,札幌,4,02,未勝利・牝,7,ダ,1,1700,重,アイサンクダディー,牝,3,勝浦正樹,54.0,14,08,7,7,0,0.9,10,107,"1470",0,3,3,3,5,38.8,416,伊藤大士,美,0,15102990,01025,01109,0118240208,大塚亮一,杵臼牧場,マンハッタンカフェ,シェナンドアリバー,ホワイトマズル,黒鹿,150330,   71.8,  ,    ,45.9
18,08,26,2,札幌,4,02,未勝利・牝,7,ダ,1,1700,重,クインチ          ,牝,3,モレイラ,54.0,14,09,5,5,0,0.6,1,106.7,"1467",0,5,5,3,3,38.5,456,金成貴史,美,50,15100735,05509,01132,0118240209,サラブレッドクラブ,ビッグレッドファー,アイルハヴアナザー,マイネクイーン,アグネスタキオン,栗毛,150504,    2.6,  ,    ,46.6
18,08,26,2,札幌,4,02,未勝利・牝,7,ダ,1,1700,重,カシャーサ        ,牝,3,加藤祥太,53.0,14,10,12,12,0,2.1,11,108.2,"1482",0,13,14,11,12,39.2,436,渡辺薫彦,栗,0,15100928,01156,01155,0118240210,ノルマンディーサラ,守矢牧場,パイロ,メロークーミス,ダンスインザダーク,黒鹿,150320,  128.9,  ,    ,46.0
18,08,26,2,札幌,4,02,未勝利・牝,7,ダ,1,1700,重,オテンバランナー  ,牝,3,井上敏樹,53.0,14,11,4,4,0,0.1,5,106.2,"1462",0,1,1,1,1,38.2,428,蛯名利弘,美,75,15101206,01151,01131,0118240211,首藤徳,川島正広,メイショウボーラー,モカサンデー,サンデーサイレンス,黒鹿,150303,    6.1,  ,    ,47.1
18,08,26,2,札幌,4,02,未勝利・牝,7,ダ,1,1700,重,メジャーシャルマン,牝,3,福永祐一,54.0,14,12,14,14,0,2.7,9,108.8,"1488",0,12,12,14,14,39.3,430,今野貞一,栗,0,15105049,01014,01128,0118240212,吉澤克己,ノーザンファーム,ダイワメジャー,ラシャルマンテ,"Indygo Shiner",栗毛,150117,   70.9,  ,    ,46.5
18,08,26,2,札幌,4,02,未勝利・牝,7,ダ,1,1700,重,プリンセスティナ  ,牝,3,菊沢一樹,52.0,14,13,13,13,0,2.2,12,108.3,"1483",0,2,2,3,10,40,444,中舘英二,美,0,15103285,01161,01153,0118240213,日東牧場,日東牧場,シニスターミニスター,マヤノラトゥール,アフリート,栗毛,150523,  165.7,  ,    ,43.1
18,08,26,2,札幌,4,02,未勝利・牝,7,ダ,1,1700,重,ココリモアナ      ,牝,3,古川吉洋,54.0,14,14,6,6,0,0.7,7,106.8,"1468",0,7,9,3,4,38.5,446,古賀慎明,美,0,15102439,01015,01079,0118240214,美崎光二郎,田上徹,ロードカナロア,アドマイヤマダム,サンデーサイレンス,鹿毛,150430,   27.5,  ,    ,46.8
18,08,26,2,札幌,4,03,未勝利,7,ダ,1,1000,重,レッドランサー    ,牡,3,ルメール,56.0,12,01,1,1,0,-0.5,1,59.4,"0594",0,0,0,5,2,35.8,464,中内田充,栗,500,15102211,05339,01137,0118240301,東京ホースレーシン,坂東牧場,ロードカナロア,ブランシェール,ディープインパクト,黒鹿,150408,    1.6,  ,    ,48.9
18,08,26,2,札幌,4,03,未勝利,7,ダ,1,1000,重,アップティルナウ  ,牝,3,岩田康誠,54.0,12,02,11,11,0,1.1,2,60.5,"1005",0,0,0,3,5,37.1,472,牧浦充徳,栗,0,15104379,05203,01113,0118240302,吉田千津,社台ファーム,クロフネ,スプリングアマイン,タヤスツヨシ,鹿毛,150421,    4.4,  ,    ,44.6
18,08,26,2,札幌,4,03,未勝利,7,ダ,1,1000,重,マイラティーシャ  ,牝,3,丸山元気,54.0,12,03,2,2,0,0.5,3,59.9,"0599",0,0,0,3,4,36.5,434,加用正,栗,200,15101556,01127,00425,0118240303,"Him Rock Racingホ",タバタファーム,トランセンド,マイビビアーヌ,Shamardal,鹿毛,150302,    6.2,  ,    ,46.2
18,08,26,2,札幌,4,03,未勝利,7,ダ,1,1000,重,ラクシュミー      ,牝,3,横山武史,52.0,12,04,10,10,0,1,7,60.4,"1004",0,0,0,1,2,37.2,432,昆貢,栗,0,15102843,01170,01044,0118240304,ノルマンディーサラ,浦河小林牧場,シニスターミニスター,ワイエムサチ,タバスコキャット,鹿毛,150514,   23.9,  ,    ,43.5
18,08,26,2,札幌,4,03,未勝利,7,ダ,1,1000,重,ラヴコネクション  ,牝,3,藤岡康太,54.0,12,05,4,4,0,0.6,5,60,"1000",0,0,0,7,6,36.1,460,野中賢二,栗,75,15102206,01116,01098,0118240305,坂東牧場,坂東牧場,スマートファルコン,タガタメ,ディアブロ,黒鹿,150220,   19.1,  ,    ,49.3
18,08,26,2,札幌,4,03,未勝利,7,ダ,1,1000,重,ローンチ          ,牡,3,加藤祥太,55.0,12,06,6,6,0,0.8,10,60.2,"1002",0,0,0,8,7,36.1,484,村山明,栗,0,15104111,01156,01107,0118240306,青山洋一,社台コーポレーショ,ハーツクライ,ダイナミズム,Rahy,鹿毛,150221,  148.9,  ,    ,50.1
18,08,26,2,札幌,4,03,未勝利,7,ダ,1,1000,重,ベストミライ      ,牝,3,勝浦正樹,54.0,12,07,5,5,0,0.7,9,60.1,"1001",0,0,0,9,7,35.9,492,藤原辰雄,美,50,15109030,01025,00435,0118240307,松尾正,諏訪牧場,キングズベスト,タムロブライト,シルバーチャーム,芦毛,150325,  110.4,  ,    ,51.1
18,08,26,2,札幌,4,03,未勝利,7,ダ,1,1000,重,ナンヨーセゾニエ  ,牝,3,北村友一,54.0,12,08,12,12,0,1.2,8,60.6,"1006",0,0,0,11,11,35.7,436,宗像義忠,美,0,15104148,01102,00420,0118240308,中村徳也,社台コーポレーショ,ハービンジャー,ライトレール,ハーツクライ,鹿毛,150427,   45.2,  ,    ,54.6
18,08,26,2,札幌,4,03,未勝利,7,ダ,1,1000,重,ハルメキ          ,牝,3,柴山雄一,54.0,12,09,8,8,0,0.9,4,60.3,"1003",0,0,0,5,7,36.7,456,清水英克,美,0,15100828,05243,01080,0118240309,ヒダカ・ブリーダー,三村卓也,ヴァーミリアン,ハルサンサン,サウスヴィグラス,黒鹿,150308,   11.6,  ,    ,46.5
18,08,26,2,札幌,4,03,未勝利,7,ダ,1,1000,重,ディオブルネッタ  ,牝,3,黛弘人,54.0,12,10,9,9,0,0.9,12,60.3,"1003",0,0,0,11,11,35.4,462,青木孝文,美,0,15109026,01109,01156,0118240310,ノルマンディーサラ,佐々木牧場,ショウナンカンプ,エムケイミラクル,フジキセキ,黒鹿,150331,  238.2,  ,    ,55.5
18,08,26,2,札幌,4,03,未勝利,7,ダ,1,1000,重,ラッキーユー      ,牡,3,丹内祐次,56.0,12,11,7,7,0,0.9,11,60.3,"1003",0,0,0,10,10,35.8,456,中川公成,美,0,15105543,01091,01081,0118240311,岡田牧雄,カタオカフアーム,ショウナンカンプ,ユメノラッキー,"Salt Lake",鹿毛,150509,  216.3,  ,    ,52.7
18,08,26,2,札幌,4,03,未勝利,7,ダ,1,1000,重,サンオデッサ      ,牝,3,西村太一,54.0,12,12,3,3,0,0.5,6,59.9,"0599",0,0,0,2,1,36.6,456,新開幸一,美,130,15102786,01131,01116,0118240312,加藤ステーブル,富田恭司,スウェプトオーヴァーボード,ベルモントフェリス,アジュディケーティング,黒鹿,150328,   21.5,  ,    ,45.5
18,08,26,2,札幌,4,04,未勝利,7,ダ,1,1700,重,ネオテスタメント  ,牡,3,加藤祥太,55.0,14,01,1,1,0,-1.1,11,105,"1450",0,2,2,2,1,37,448,羽月友彦,栗,500,15103309,01156,01091,0118240401,吉岡泰治,日の出牧場,ネオユニヴァース,レイジーリヴァー,"In The Wings",青鹿,150303,   45.2,  ,    ,50.2
18,08,26,2,札幌,4,04,未勝利,7,ダ,1,1700,重,ハナオウギ        ,牝,3,黛弘人,54.0,14,02,14,14,0,5.1,14,110.1,"1501",0,6,7,12,13,40.6,438,和田雄二,美,0,15110095,01109,01143,0118240402,ヒダカファーム,"Taihei Stud Farm","Super Saver",Interim,"Elusive City",鹿毛,150809,  279.4,  ,    ,43.4
18,08,26,2,札幌,4,04,未勝利,7,ダ,1,1700,重,ショーコーズ      ,牝,3,横山武史,52.0,14,03,11,11,0,3.3,12,108.3,"1483",0,5,5,7,9,39.3,446,鈴木伸尋,美,0,15106301,01170,01026,0118240403,吉冨学,矢野牧場,オルフェーヴル,ルドラ,"Cape Cross",栗毛,150329,   71.6,  ,    ,45.8
18,08,26,2,札幌,4,04,未勝利,7,ダ,1,1700,重,レッツゴーキティ  ,牡,3,荻野琢真,56.0,14,04,8,8,0,2.3,8,107.3,"1473",0,12,13,13,12,37.4,440,梅田智之,栗,0,15104551,01112,01084,0118240404,廣崎利洋HD,社台ファーム,キングカメハメハ,マルカコマチ,サンデーサイレンス,鹿毛,150429,   16.8,  ,    ,51.9
18,08,26,2,札幌,4,04,未勝利,7,ダ,1,1700,重,オウケンキング    ,牡,3,北村友一,56.0,14,05,12,12,0,3.6,7,108.6,"1486",0,10,10,13,13,38.7,508,安田隆行,栗,0,15103226,01102,00438,0118240405,福井明,辻牧場,キングカメハメハ,メロウメロディ,キャプテンスティーヴ,青鹿,150409,   16.0,  ,    ,48.5
18,08,26,2,札幌,4,04,未勝利,7,ダ,1,1700,重,ステラストラータ  ,牡,3,菊沢一樹,54.0,14,06,4,4,0,1.3,9,106.3,"1463",0,1,1,1,2,38.3,470,大江原哲,美,75,15110021,01161,01012,0118240406,岡田牧雄,"Runnymede Farm Inc","Street Sense","Lady of Akita","Fantastic Light",鹿毛,150407,   37.4,  ,    ,46.8
18,08,26,2,札幌,4,04,未勝利,7,ダ,1,1700,重,サンシャイアン    ,牡,3,勝浦正樹,56.0,14,07,2,2,0,1.1,1,106.1,"1461",0,4,3,3,2,37.7,476,杉浦宏昭,美,200,15105243,01025,01008,0118240407,加藤ステーブル,吉田又治,オウケンブルースリ,キタノフラワー,バブルガムフェロー,鹿毛,150420,    2.7,  ,    ,49.0
18,08,26,2,札幌,4,04,未勝利,7,ダ,1,1700,重,メープルリキュール,牝,3,横山典弘,54.0,14,08,3,3,0,1.2,4,106.2,"1462",0,3,3,3,4,37.7,424,栗田博憲,美,130,15104623,00660,00341,0118240408,社台レースホース,社台ファーム,オルフェーヴル,レディオーカモア,Meadowlake,栗毛,150521,    9.0,  ,    ,49.1
18,08,26,2,札幌,4,04,未勝利,7,ダ,1,1700,重,ナムラシシマル    ,牡,3,国分恭介,56.0,14,09,5,5,0,1.5,5,106.5,"1465",0,13,12,10,9,37.2,500,牧田和弥,栗,50,15103265,01124,01123,0118240409,奈村信重,中島牧場,アポロキングダム,ナムラネネ,ケイムホーム,鹿毛,150406,   10.2,  ,    ,51.6
18,08,26,2,札幌,4,04,未勝利,7,ダ,1,1700,重,キングズテソーロ  ,牡,3,川島信二,56.0,14,10,9,9,0,2.5,2,107.5,"1475",0,8,7,5,6,38.8,460,矢作芳人,栗,0,15106407,01062,01075,0118240410,了徳寺健二ホールデ,絵笛牧場,キングズベスト,フミノアンタレス,ジェイドロバリー,栗毛,150503,    4.0,  ,    ,46.6
18,08,26,2,札幌,4,04,未勝利,7,ダ,1,1700,重,ヤマニンルリエ    ,牝,3,四位洋文,54.0,14,11,13,13,0,3.6,10,108.6,"1486",0,14,13,7,7,39.6,464,千田輝彦,栗,0,15100568,00700,01120,0118240411,土井肇,錦岡牧場,タートルボウル,ヤマニンアリエル,サンデーサイレンス,鹿毛,150317,   45.0,  ,    ,45.0
18,08,26,2,札幌,4,04,未勝利,7,ダ,1,1700,重,トゥンバドーラ    ,牝,3,藤岡康太,54.0,14,12,7,7,0,1.9,3,106.9,"1469",0,6,5,5,5,38.2,452,庄野靖志,栗,0,15104726,01116,01087,0118240412,キャロットファーム,ノーザンファーム,スズカマンボ,オーベルゲイド,Kaldoun,鹿毛,150122,    6.3,  ,    ,48.1
18,08,26,2,札幌,4,04,未勝利,7,ダ,1,1700,重,デルマベリーニ    ,牝,3,国分優作,54.0,14,13,10,10,0,3,13,108,"1480",0,10,10,10,11,38.7,434,勢司和浩,美,0,15101901,01125,01047,0118240413,浅沼廣幸,ファニーヒルファー,タートルボウル,ジブリール,サンデーサイレンス,青鹿,150603,  254.7,  ,    ,47.7
18,08,26,2,札幌,4,04,未勝利,7,ダ,1,1700,重,ピエナシニスター  ,牝,3,古川吉洋,54.0,14,14,6,6,0,1.6,6,106.6,"1466",0,9,9,9,7,37.5,452,谷潔,栗,0,15103333,01015,00431,0118240414,本谷兼三,まるとみ冨岡牧場,シニスターミニスター,ピエナサクラ,アグネスタキオン,栗毛,150424,   14.7,  ,    ,50.5
18,08,26,2,札幌,4,05,新馬,15,芝,0,1200,稍,ゼルター          ,牡,2,ルメール,54.0,6,01,2,2,0,0.4,1,75.2,"1152",0,0,0,4,3,36.3,498,加藤征弘,美,280,16110033,05339,01059,0118240501,ゴドルフィン,"Graf u. Grafin v.",Casamento,Zegna,Shirocco,栗毛,160213,    1.3,  ,    ,57.2
18,08,26,2,札幌,4,05,新馬,15,芝,0,1200,稍,ナムラボーナス    ,牡,2,藤岡康太,54.0,6,02,1,1,0,-0.4,2,74.8,"1148",0,0,0,1,1,36.2,442,羽月友彦,栗,700,16101915,01116,01091,0118240502,奈村信重,谷川牧場,ヨハネスブルグ,ガーネットスター,エルコンドルパサー,鹿毛,160402,    5.5,  ,    ,56.6
18,08,26,2,札幌,4,05,新馬,15,芝,0,1200,稍,フクノマーチ      ,牝,2,古川吉洋,54.0,6,03,5,5,0,1.3,5,76.1,"1161",0,0,0,2,3,37.4,454,青木孝文,美,70,16109090,01015,01156,0118240503,佐藤範夫,ワールドファーム,ベルシャザール,カミノマーチ,バゴ,黒鹿,160426,   21.8,  ,    ,53.5
18,08,26,2,札幌,4,05,新馬,15,芝,0,1200,稍,ユウユウリアン    ,牡,2,井上敏樹,53.0,6,04,6,6,0,2.9,6,77.7,"1177",0,0,0,5,5,38.5,418,小桧山悟,美,0,16100130,01151,01005,0118240504,谷口祐人,オリエント牧場,ベーカバド,シルキーグルーヴ,トニービン,鹿毛,160323,   40.6,  ,    ,51.8
18,08,26,2,札幌,4,05,新馬,15,芝,0,1200,稍,チョウヤバイ      ,牡,2,城戸義政,54.0,6,05,3,3,0,0.4,3,75.2,"1152",0,0,0,2,2,36.5,426,西橋豊治,栗,180,16101748,01147,00434,0118240505,丸山隆雄,金石牧場,メイショウサムソン,レイジングロマンス,Kingmambo,鹿毛,160524,    7.0,  ,    ,56.0
18,08,26,2,札幌,4,05,新馬,15,芝,0,1200,稍,ビップデーア      ,牝,2,国分優作,54.0,6,06,4,4,0,1,4,75.8,"1158",0,0,0,5,5,36.6,424,松下武士,栗,110,16105965,01125,01149,0118240506,鈴木邦英,千代田牧場,ダノンシャンティ,アールヌーヴォー,ブライアンズタイム,栗毛,160416,   15.1,  ,    ,57.1
18,08,26,2,札幌,4,06,未勝利,7,芝,0,2600,稍,コシミノダンサー  ,牝,3,内田博幸,54.0,14,01,5,5,0,1.1,5,167.3,"2473",0,6,7,8,9,37.2,446,荒川義之,栗,50,15104596,00422,01095,0118240601,吉田千津,社台ファーム,ハーツクライ,ラブーム,Monsun,鹿毛,150207,    9.5,  ,    ,54.9
18,08,26,2,札幌,4,06,未勝利,7,芝,0,2600,稍,ロイヤルディクリー,牡,3,Ｍ．デム,56.0,14,02,4,4,0,1,1,167.2,"2472",0,1,1,1,2,37.7,532,藤岡健一,栗,75,15101679,05212,01062,0118240602,Mr.ホース,ダーレー・ジャパン,キングズベスト,レリッシュザソート,"Sadler's Wells",鹿毛,150208,    2.6,  ,    ,53.1
18,08,26,2,札幌,4,06,未勝利,7,芝,0,2600,稍,ポンデザール      ,牝,3,モレイラ,54.0,14,03,1,1,0,-0.2,3,166.2,"2462",0,10,10,11,4,35.8,458,堀宣行,美,500,15104834,05509,01070,0118240603,サンデーレーシング,ノーザンファーム,ハーツクライ,ジョコンダ2,Rossini,黒鹿,150327,    5.1,  ,    ,59.3
18,08,26,2,札幌,4,06,未勝利,7,芝,0,2600,稍,マディソンスクエア,牡,3,岩田康誠,56.0,14,04,9,9,0,2.5,7,168.7,"2487",0,13,13,12,11,38,474,渡辺薫彦,栗,0,15103233,05203,01155,0118240604,カナヤマホールディ,富田牧場,マンハッタンカフェ,エリモメロディー,ロドリゴデトリアーノ,鹿毛,150505,   28.9,  ,    ,53.2
18,08,26,2,札幌,4,06,未勝利,7,芝,0,2600,稍,ヒミノゴールド    ,牡,3,スコフィ,56.0,14,05,0,0,1,999.9,0,0,"----",0,0,0,0,0,0,0,森田直行,栗,0,15102196,05570,01142,0118240605,佐々木八郎,原田新治,ジャングルポケット,ヒミノプリンセス,マンハッタンカフェ,黒鹿,150416,    0.0,  ,    , 0.0
18,08,26,2,札幌,4,06,未勝利,7,芝,0,2600,稍,オーサムミッション,牡,3,フォーリ,56.0,14,06,11,11,0,4.4,9,170.6,"2506",0,11,10,13,13,39.8,474,高野友和,栗,0,15104687,05531,01117,0118240606,サンデーレーシング,ノーザンファーム,ディープインパクト,ウィラビーオーサム,"Awesome Gambler",鹿毛,150308,   47.8,  ,    ,48.6
18,08,26,2,札幌,4,06,未勝利,7,芝,0,2600,稍,マイティテソーロ  ,牡,3,吉田隼人,56.0,14,07,7,7,0,1.7,6,167.9,"2479",0,11,10,8,6,37.8,488,高木登,美,0,15104046,01095,01088,0118240607,了徳寺健二ホールデ,レイクヴィラファー,スズカマンボ,アルバローズ,エリシオ,鹿毛,150123,   14.2,  ,    ,53.3
18,08,26,2,札幌,4,06,未勝利,7,芝,0,2600,稍,エンジェルリード  ,牝,3,桑村真明,54.0,14,08,13,13,0,6.3,13,172.5,"2525",0,3,3,5,12,42.6,460,尾関知人,美,0,15105557,05411,01103,0118240608,広尾レース,木村秀則,ワークフォース,ステラリード,スペシャルウィーク,鹿毛,150224,  163.3,  ,    ,41.5
18,08,26,2,札幌,4,06,未勝利,7,芝,0,2600,稍,ジョリーリュバン  ,牝,3,荻野琢真,54.0,14,09,12,12,0,4.8,11,171,"2510",0,2,2,2,7,41.4,466,武市康男,美,0,15104604,01112,01089,0118240609,グリーンファーム,社台ファーム,ノヴェリスト,リボンアート,サンデーサイレンス,栗毛,150420,   77.6,  ,    ,43.9
18,08,26,2,札幌,4,06,未勝利,7,芝,0,2600,稍,エイカイオリンピア,牡,3,メンディ,56.0,14,10,3,3,0,0.9,10,167.1,"2471",0,8,8,5,4,37.2,522,高柳瑞樹,美,130,15104061,05377,01118,0118240610,二木英徳,レイクヴィラファー,ハーツクライ,メジロジョーンズ,メジロライアン,鹿毛,150514,   52.3,  ,    ,54.8
18,08,26,2,札幌,4,06,未勝利,7,芝,0,2600,稍,アイコン          ,牡,3,小崎綾也,56.0,14,11,6,6,0,1.2,12,167.4,"2474",0,8,8,8,7,37.3,516,池江泰寿,栗,0,15101625,01152,01071,0118240611,ゴドルフィン,ダーレー・ジャパン,ディープインパクト,セレブリティ,タニノギムレット,鹿毛,150329,  126.6,  ,    ,54.6
18,08,26,2,札幌,4,06,未勝利,7,芝,0,2600,稍,サウンドスター    ,牡,3,松田大作,56.0,14,12,10,10,0,4.1,8,170.3,"2503",0,5,5,5,9,40.4,450,高橋康之,栗,0,15105674,01030,01135,0118240612,増田雄一,桜井牧場,ハーツクライ,シュウザンアイ,アフリート,黒鹿,150314,   32.0,  ,    ,46.5
18,08,26,2,札幌,4,06,未勝利,7,芝,0,2600,稍,コロンバスデイ    ,牝,3,ルメール,54.0,14,13,2,2,0,0.2,2,166.4,"2464",0,6,5,4,1,36.7,454,小笠倫弘,美,200,15104316,05339,01076,0118240613,社台レースホース,社台ファーム,ノヴェリスト,コロンバスサークル,ホワイトマズル,鹿毛,150406,    4.1,  ,    ,56.0
18,08,26,2,札幌,4,06,未勝利,7,芝,0,2600,稍,バララットゴールド,牡,3,戸崎圭太,56.0,14,14,8,8,0,2.4,4,168.6,"2486",0,3,3,2,3,39,484,黒岩陽一,美,0,15104957,05386,01133,0118240614,吉田和美,ノーザンファーム,ワークフォース,フォルクローレ,ダンスインザダーク,鹿毛,150126,    7.5,  ,    ,49.7
18,08,26,2,札幌,4,07,500万下,23,ダ,1,1700,重,フランドル        ,セ,5,モレイラ,57.0,14,01,4,4,0,0.4,1,106.1,"1461",0,5,6,6,4,37.1,488,藤原英昭,栗,110,13105952,05509,01055,0118240701,寺田寿男,ノーザンファーム,キングカメハメハ,ソニックグルーヴ,フレンチデピュティ,鹿毛,130203,    1.9,  ,    ,51.4
18,08,26,2,札幌,4,07,500万下,23,ダ,1,1700,重,アラウン          ,牡,3,桑村真明,54.0,14,02,10,10,0,1.9,10,107.6,"1476",0,3,3,6,10,38.6,490,森秀行,栗,0,15101530,05411,00427,0118240702,一村哲也,高山牧場,オルフェーヴル,アリアプーラ,"Flying Spur",鹿毛,150512,  135.4,  ,    ,47.5
18,08,26,2,札幌,4,07,500万下,23,ダ,1,1700,重,トラネコ          ,牡,4,武豊,57.0,14,03,2,2,0,0.3,5,106,"1460",0,8,8,6,4,36.9,444,堀井雅広,美,300,14100459,00666,00436,0118240703,桐谷茂,中本隆志,スズカマンボ,ヒミノオトヒメ,コマンダーインチーフ,黒鹿,140417,    9.7,  ,    ,52.1
18,08,26,2,札幌,4,07,500万下,23,ダ,1,1700,重,テーオールチア    ,牝,3,城戸義政,52.0,14,04,0,0,1,999.9,0,0,"----",0,0,0,0,0,0,0,奥村豊,栗,0,15102078,01147,01146,0118240704,小笹公也,ヤナガワ牧場,シニスターミニスター,マキシムカフェ,マンハッタンカフェ,黒鹿,150405,    0.0,  ,    , 0.0
18,08,26,2,札幌,4,07,500万下,23,ダ,1,1700,重,クロークス        ,牡,5,菊沢一樹,55.0,14,05,3,3,0,0.4,8,106.1,"1461",0,2,2,1,1,37.7,468,池添学,栗,190,13106066,01161,01144,0118240705,キャロットファーム,ノーザンファーム,コンデュイット,プルーフオブラヴ,サンデーサイレンス,栗毛,130328,   54.6,  ,    ,49.0
18,08,26,2,札幌,4,07,500万下,23,ダ,1,1700,重,アシャカリブラ    ,牡,4,菱田裕二,57.0,14,06,6,6,0,0.7,2,106.4,"1464",0,10,10,11,10,36.8,506,斉藤崇史,栗,0,14102666,01144,01151,0118240706,吉冨学,シンボリ牧場,ケイムホーム,スイートローレライ,Rahy,黒鹿,140303,    5.7,  ,    ,53.2
18,08,26,2,札幌,4,07,500万下,23,ダ,1,1700,重,クインズプルート  ,牡,5,黛弘人,57.0,14,07,5,5,0,0.7,7,106.4,"1464",0,5,5,3,2,37.7,518,奥平雅士,美,75,13101758,01109,01074,0118240707,ケイアイスタリオン,新冠橋本牧場,ゴールドアリュール,ゾイゾイ,"Seeking the Gold",栗毛,130425,   26.6,  ,    ,49.4
18,08,26,2,札幌,4,07,500万下,23,ダ,1,1700,重,スズカロング      ,牡,4,藤岡康太,57.0,14,08,1,1,0,-0.3,6,105.7,"1457",0,7,6,5,2,36.9,492,橋田満,栗,750,14103361,01116,00362,0118240708,永井啓弍,辻牧場,ワークフォース,スズカローラン,サンデーサイレンス,鹿毛,140504,   11.4,  ,    ,51.7
18,08,26,2,札幌,4,07,500万下,23,ダ,1,1700,重,フォースリッチ    ,牡,5,吉田隼人,57.0,14,09,8,8,0,1.1,13,106.8,"1468",0,11,11,9,7,37.4,480,小笠倫弘,美,0,13105795,01095,01076,0118240709,宇田豊,ノーザンファーム,ワークフォース,ヴァイスハイト,アドマイヤベガ,黒鹿,130413,  246.6,  ,    ,51.2
18,08,26,2,札幌,4,07,500万下,23,ダ,1,1700,重,アンチャーテッド  ,牡,4,松田大作,57.0,14,10,12,12,0,3.1,9,108.8,"1488",0,1,1,2,6,40.3,452,相沢郁,美,0,14101877,01030,01020,0118240710,吉澤克己,池添安雄,スウェプトオーヴァーボード,プロポーズギフト,アグネスタキオン,鹿毛,140307,  112.0,  ,    ,42.7
18,08,26,2,札幌,4,07,500万下,23,ダ,1,1700,重,レイトブルーマー  ,牝,4,横山武史,53.0,14,11,13,13,0,5.3,11,111,"1510",0,3,3,3,10,42.3,462,武井亮,美,0,14105663,01170,01147,0118240711,堀祥子,社台ファーム,ジャングルポケット,ブルーミングスノー,サンデーサイレンス,芦毛,140301,  137.6,  ,    ,38.6
18,08,26,2,札幌,4,07,500万下,23,ダ,1,1700,重,ラレータ          ,牡,4,ルメール,57.0,14,12,7,7,0,0.8,3,106.5,"1465",0,13,11,11,7,36.9,480,高野友和,栗,0,14105342,05339,01117,0118240712,G1レーシング,社台コーポレーショ,ダイワメジャー,エヴィータアルゼンティーナ,"Candy Ride",栗毛,140218,    6.6,  ,    ,52.9
18,08,26,2,札幌,4,07,500万下,23,ダ,1,1700,重,デイズ            ,牡,4,国分恭介,57.0,14,13,9,9,0,1.3,4,107,"1470",0,11,11,13,10,37.2,532,高橋亮,栗,0,14106084,01124,01136,0118240713,池袋レーシング,ノーザンファーム,スマートファルコン,ピンクアリエス,キングカメハメハ,黒鹿,140404,    8.0,  ,    ,52.3
18,08,26,2,札幌,4,07,500万下,23,ダ,1,1700,重,トラストエンジェル,牝,4,スコフィ,55.0,14,14,11,11,0,1.9,12,107.6,"1476",0,9,8,9,7,38.2,428,高橋文雅,美,0,14106308,05570,01134,0118240714,菅波立知子,中地義次,ストーミングホーム,タイキプレリュード,Cozzene,黒鹿,140524,  176.2,  ,    ,49.1
18,08,26,2,札幌,4,08,500万下,23,芝,0,2000,稍,アストロブレーム  ,牡,5,木幡初也,56.0,16,01,15,15,0,2.7,15,126.9,"2069",0,14,15,16,16,38.2,446,勢司和浩,美,0,13105422,01153,01047,0118240801,木村廣太,社台ファーム,ディープインパクト,オンヴェラ,"Smart Strike",鹿毛,130225,  204.3,  ,    ,49.5
18,08,26,2,札幌,4,08,500万下,23,芝,0,2000,稍,シゲルシイタケ    ,牡,3,戸崎圭太,54.0,16,02,8,8,0,1.3,4,125.5,"2055",0,8,8,11,10,37.4,462,中野栄治,美,0,15103488,05386,01010,0118240802,森中蕃,王蔵牧場,モンテロッソ,シゲルエスペレ,ダンスインザダーク,鹿毛,150411,   11.9,  ,    ,51.0
18,08,26,2,札幌,4,08,500万下,23,芝,0,2000,稍,ホワイトソニック  ,牡,4,井上敏樹,56.0,16,03,14,14,0,2.7,11,126.9,"2069",0,5,5,7,13,39,456,小桧山悟,美,0,14101708,01151,01005,0118240803,島川隆哉,エスティファーム,キャプテントゥーレ,トーセンソニア,ファンタスティックライト,芦毛,140217,   65.9,  ,    ,46.6
18,08,26,2,札幌,4,08,500万下,23,芝,0,2000,稍,トーセンフレール  ,牝,3,小崎綾也,52.0,16,04,6,6,0,1.3,8,125.5,"2055",0,1,1,1,1,38.4,422,佐々木晶,栗,0,15100189,01152,00429,0118240804,島川隆哉,競優牧場,ベーカバド,エルフィンパーク,タニノギムレット,鹿毛,150317,   43.0,  ,    ,47.2
18,08,26,2,札幌,4,08,500万下,23,芝,0,2000,稍,ギャンブラー      ,牡,3,柴山雄一,54.0,16,05,7,7,0,1.3,3,125.5,"2055",0,16,16,11,8,37.4,512,斎藤誠,美,0,15104198,05243,01086,0118240805,大野富生,社台ファーム,ハービンジャー,アイアムマリリン,マンハッタンカフェ,黒鹿,150324,   10.6,  ,    ,51.0
18,08,26,2,札幌,4,08,500万下,23,芝,0,2000,稍,シルヴァーメテオ  ,牡,4,メンディ,57.0,16,06,3,3,0,0.6,7,124.8,"2048",0,4,3,3,3,37.4,476,石栗龍彦,美,190,14103590,05377,01043,0118240806,ライオンレースホー,宮内牧場,ゴールドアリュール,クールリーヴ,ブライアンズタイム,芦毛,140423,   23.7,  ,    ,50.2
18,08,26,2,札幌,4,08,500万下,23,芝,0,2000,稍,ビービーガウディ  ,牡,4,モレイラ,57.0,16,07,10,10,0,1.7,2,125.9,"2059",0,5,5,6,6,38.2,468,久保田貴,美,0,14105851,05509,01067,0118240807,坂東牧場,坂東牧場,カジノドライヴ,エルフィンフェザー,サンデーサイレンス,栗毛,140519,    3.3,  ,    ,48.4
18,08,26,2,札幌,4,08,500万下,23,芝,0,2000,稍,ダイフク          ,牡,5,黛弘人,57.0,16,08,9,9,0,1.7,10,125.9,"2059",0,11,11,11,11,37.8,484,伊藤正徳,美,0,13102529,01109,00383,0118240808,小林博雄,前田宗将,アドマイヤムーン,ティアランドール,"Action This Day",黒鹿,130409,   60.8,  ,    ,49.9
18,08,26,2,札幌,4,08,500万下,23,芝,0,2000,稍,ショウナンサニー  ,牡,4,スコフィ,57.0,16,09,5,5,0,1.1,6,125.3,"2053",0,8,8,7,6,37.4,464,須貝尚介,栗,75,14100838,05570,01105,0118240809,国本哲秀,ムラカミファーム,キンシャサノキセキ,ショウナンカルメン,"King Cugat",鹿毛,140313,   21.0,  ,    ,50.7
18,08,26,2,札幌,4,08,500万下,23,芝,0,2000,稍,ラグナーズルート  ,牝,3,荻野琢真,52.0,16,10,12,12,0,1.9,13,126.1,"2061",0,5,7,7,13,38.2,442,松山将樹,美,0,15106401,01112,01100,0118240810,スリースターズレー,カネツ牧場,ディープブリランテ,エメラルストーン,ロックオブジブラルタル,黒鹿,150430,  153.2,  ,    ,48.6
18,08,26,2,札幌,4,08,500万下,23,芝,0,2000,稍,インプレスシチー  ,牡,3,丹内祐次,54.0,16,11,16,16,0,3,14,127.2,"2072",0,3,3,3,8,39.8,452,上原博之,美,0,15101184,01091,00423,0118240811,友駿ホースクラブ,オリオンファーム,ネオユニヴァース,マイティーダンサー,Alzao,青毛,150208,  167.7,  ,    ,44.1
18,08,26,2,札幌,4,08,500万下,23,芝,0,2000,稍,レユシット        ,牝,3,横山武史,50.0,16,12,4,4,0,0.9,12,125.1,"2051",0,13,13,15,11,36.7,462,矢野英一,美,110,15100170,01170,01108,0118240812,落合幸弘,川島牧場,ルーラーシップ,タッソーニー,テンビー,黒鹿,150318,   72.0,  ,    ,53.2
18,08,26,2,札幌,4,08,500万下,23,芝,0,2000,稍,ナポリタン        ,牝,3,加藤祥太,51.0,16,13,13,13,0,2,16,126.2,"2062",0,14,13,11,13,38,468,安達昭夫,栗,0,15106172,01156,01042,0118240813,市川義美ホールディ,フジワラフアーム,ヴィクトワールピサ,ピサノグレース,フレンチデピュティ,鹿毛,150606,  204.8,  ,    ,49.5
18,08,26,2,札幌,4,08,500万下,23,芝,0,2000,稍,シスターフラッグ  ,牝,3,Ｍ．デム,52.0,16,14,1,1,0,-0.4,1,124.2,"2042",0,8,8,7,5,36.3,504,西村真幸,栗,750,15101701,05212,01148,0118240814,小林英一ホールディ,出口牧場,ルーラーシップ,ミラクルフラッグ,スパイキュール,黒鹿,150417,    1.9,  ,    ,53.8
18,08,26,2,札幌,4,08,500万下,23,芝,0,2000,稍,ウインラナキラ    ,牝,3,菱田裕二,52.0,16,15,2,2,0,0.4,5,124.6,"2046",0,11,12,5,3,37.1,416,宮徹,栗,300,15100230,01144,01018,0118240815,ウイン,コスモヴューファー,キングカメハメハ,コスモプラチナ,ステイゴールド,鹿毛,150217,   15.0,  ,    ,51.1
18,08,26,2,札幌,4,08,500万下,23,芝,0,2000,稍,デルマオギン      ,牝,5,丸山元気,55.0,16,16,11,11,0,1.9,9,126.1,"2061",0,2,2,2,2,38.9,474,音無秀孝,栗,0,13105521,01127,01002,0118240816,浅沼廣幸,社台ファーム,ハービンジャー,センターステージ,スウェプトオーヴァーボード,鹿毛,130328,   52.7,  ,    ,46.1
18,08,26,2,札幌,4,09,千歳特別500,23,芝,0,1500,稍,ビービーバーレスク,牝,4,木幡初也,55.0,13,01,11,11,0,1.5,8,91.8,"1318",0,0,6,7,9,37.9,504,千田輝彦,栗,0,14101553,01153,01120,0118240901,坂東牧場,坂東牧場,ビービーガルダン,ビービーラッハーン,シンボリクリスエス,鹿毛,140504,   33.3,  ,    ,44.8
18,08,26,2,札幌,4,09,千歳特別500,23,芝,0,1500,稍,ボナパルト        ,牡,4,藤岡康太,57.0,13,02,7,7,0,1,9,91.3,"1313",0,0,10,9,9,37.1,496,庄野靖志,栗,0,14104072,01116,01087,0118240902,幅田昌伸,吉田ファーム,キングズベスト,ワイドサファイア,アグネスタキオン,鹿毛,140330,   34.1,  ,    ,47.4
18,08,26,2,札幌,4,09,千歳特別500,23,芝,0,1500,稍,ダノングレース    ,牝,3,戸崎圭太,52.0,13,03,3,3,0,0.5,3,90.8,"1308",0,0,8,7,5,36.9,424,国枝栄,美,260,15104877,05386,00399,0118240903,ダノックス,ノーザンファーム,ディープインパクト,チェリーコレクト,Oratorio,鹿毛,150106,    5.0,  ,    ,47.4
18,08,26,2,札幌,4,09,千歳特別500,23,芝,0,1500,稍,エアマスカーニ    ,牡,3,福永祐一,54.0,13,04,12,12,0,2.1,4,92.4,"1324",0,0,10,11,11,38,438,笹田和秀,栗,0,15102749,01014,01104,0118240904,ラッキーフィールド,猿倉牧場,ローエングリン,エアマスカット,ジャングルポケット,栃栗,150312,   13.1,  ,    ,45.4
18,08,26,2,札幌,4,09,千歳特別500,23,芝,0,1500,稍,ソフトポジション  ,牡,3,川島信二,54.0,13,05,4,4,0,0.5,13,90.8,"1308",0,0,5,5,5,37.2,450,山内研二,栗,160,15109059,01062,00388,0118240905,北駿競走馬組合,マルシチ牧場,アサクサキングス,ヤマシロギク,アフリート,鹿毛,150222,  159.4,  ,    ,46.1
18,08,26,2,札幌,4,09,千歳特別500,23,芝,0,1500,稍,マルターズルーメン,牝,3,吉田隼人,52.0,13,06,6,6,0,0.9,7,91.2,"1312",0,0,2,3,3,37.7,420,堀井雅広,美,0,15101036,01095,00436,0118240906,藤田在子,天羽禮治,ディープブリランテ,マルターズオリジン,Swain,栗毛,150115,   26.5,  ,    ,44.6
18,08,26,2,札幌,4,09,千歳特別500,23,芝,0,1500,稍,スリーパスポート  ,牡,5,古川吉洋,57.0,13,07,10,10,0,1.4,12,91.7,"1317",0,0,12,11,11,37.3,488,南井克巳,栗,0,13105015,01015,01049,0118240907,永井商事,新井牧場,スズカフェニックス,スズカパサー,エルコンドルパサー,黒鹿,130322,  135.4,  ,    ,47.2
18,08,26,2,札幌,4,09,千歳特別500,23,芝,0,1500,稍,ライラックカラー  ,牡,3,ルメール,54.0,13,08,1,1,0,0,2,90.3,"1303",0,0,8,9,8,36.1,458,藤沢和雄,美,1050,15105974,05339,00386,0118240908,山本英俊,千代田牧場,ルーラーシップ,ルルパンブルー,ジャングルポケット,黒鹿,150223,    3.1,  ,    ,50.1
18,08,26,2,札幌,4,09,千歳特別500,23,芝,0,1500,稍,サレンティーナ    ,牡,4,丸山元気,57.0,13,09,9,9,0,1.2,6,91.5,"1315",0,0,6,5,5,37.8,472,萩原清,美,0,14105353,01127,01017,0118240909,サンデーレーシング,社台コーポレーショ,キングカメハメハ,サルヴェジェルマニア,"Peintre Celebre",栗毛,140119,   20.1,  ,    ,44.7
18,08,26,2,札幌,4,09,千歳特別500,23,芝,0,1500,稍,デルタバローズ    ,牡,3,モレイラ,54.0,13,10,2,2,0,0,1,90.3,"1303",0,0,1,3,3,36.8,492,堀宣行,美,420,15110070,05509,01070,0118240910,猪熊広次,"John C. Oxley","Into Mischief","Sweet Seventeen","Hard Spun",鹿毛,150204,    2.3,  ,    ,46.9
18,08,26,2,札幌,4,09,千歳特別500,23,芝,0,1500,稍,ディーグランデ    ,牡,4,メンディ,57.0,13,11,13,13,0,2.1,11,92.4,"1324",0,0,13,11,11,38,472,鹿戸雄一,美,0,14104973,05377,01097,0118240911,嶋田賢,服部牧場,ディープインパクト,エルメスティアラ,ブライアンズタイム,鹿毛,140528,  115.1,  ,    ,45.4
18,08,26,2,札幌,4,09,千歳特別500,23,芝,0,1500,稍,ホッコーモモタン  ,牝,5,武豊,55.0,13,12,8,8,0,1,5,91.3,"1313",0,0,2,1,1,38.1,428,松永康利,美,0,13100195,00666,01093,0118240912,北幸商事,川端正博,ベーカバド,ホッコーマスタング,アグネスフライト,黒鹿,130311,   17.5,  ,    ,43.1
18,08,26,2,札幌,4,09,千歳特別500,23,芝,0,1500,稍,ヴァイザー        ,牡,3,スコフィ,54.0,13,13,5,5,0,0.9,10,91.2,"1312",0,0,2,2,2,37.9,450,高橋亮,栗,105,15104697,05570,01136,0118240913,キャロットファーム,ノーザンファーム,ノヴェリスト,ヴァイスハイト,アドマイヤベガ,黒鹿,150330,   65.8,  ,    ,43.8
18,08,26,2,札幌,4,10,WASJ第３1000,43,ダ,1,1700,重,メイショウイッポン,牡,4,桑村真明,58.0,14,01,6,6,0,0.9,11,105.8,"1458",0,7,6,5,4,37.9,490,大橋勇樹,栗,0,14102919,05411,01065,0118241001,松本和子,様似共栄牧場,メイショウサムソン,エスジーボナンザ,ブライアンズタイム,鹿毛,140326,   48.9,  ,    ,47.7
18,08,26,2,札幌,4,10,WASJ第３1000,43,ダ,1,1700,重,ボンナヴァン      ,牡,5,Ｍ．デム,58.0,14,02,7,7,0,1.1,8,106,"1460",0,12,11,10,7,37.6,542,武幸四郎,栗,0,13105241,05212,01160,0118241002,吉田晴哉,追分ファーム,シンボリクリスエス,シナノネージュ,フレンチデピュティ,鹿毛,130120,   32.0,  ,    ,49.2
18,08,26,2,札幌,4,10,WASJ第３1000,43,ダ,1,1700,重,マイネルボルソー  ,牡,7,ルメール,58.0,14,03,5,5,0,0.7,10,105.6,"1456",0,5,4,5,4,37.6,480,中野栄治,美,150,11106393,05339,01010,0118241003,サラブレッドクラブ,竹中牧場,フレンチデピュティ,スーパーマルトク,アドマイヤボス,鹿毛,110429,   37.9,  ,    ,48.6
18,08,26,2,札幌,4,10,WASJ第３1000,43,ダ,1,1700,重,ピントゥリッキオ  ,牝,5,戸崎圭太,56.0,14,04,9,9,0,1.4,13,106.3,"1463",0,12,12,13,13,37.7,452,池上昌和,美,0,13103722,05386,01150,0118241004,大塚亮一,松田牧場,カンパニー,リモーネフレイバー,クロフネ,鹿毛,130324,   81.6,  ,    ,49.3
18,08,26,2,札幌,4,10,WASJ第３1000,43,ダ,1,1700,重,ハシカミ          ,牡,5,コレット,58.0,14,05,14,14,0,2.1,9,107,"1470",0,12,12,5,10,39,476,小桧山悟,美,0,13109095,05569,01005,0118241005,中村勝彦,扶桑牧場,キャプテンスティーヴ,アオバ,ブライアンズタイム,青鹿,130510,   36.1,  ,    ,45.1
18,08,26,2,札幌,4,10,WASJ第３1000,43,ダ,1,1700,重,フリーフリッカー  ,牡,4,武豊,58.0,14,06,2,2,0,0,1,104.9,"1449",0,3,3,2,1,37.3,472,安田隆行,栗,600,14100576,00666,00438,0118241006,ノースヒルズ,ノースヒルズ,トランセンド,イコールパートナー,カリズマティック,鹿毛,140401,    1.9,  ,    ,48.9
18,08,26,2,札幌,4,10,WASJ第３1000,43,ダ,1,1700,重,リリカルホワイト  ,牝,5,メンディ,56.0,14,07,8,8,0,1.4,6,106.3,"1463",0,5,6,8,7,38.2,538,相沢郁,美,0,13106153,05377,01020,0118241007,サンデーレーシング,社台コーポレーショ,ダイワメジャー,リリウム,クロフネ,芦毛,130107,   19.3,  ,    ,47.2
18,08,26,2,札幌,4,10,WASJ第３1000,43,ダ,1,1700,重,シトロプシス      ,牝,5,フォーリ,56.0,14,08,10,10,0,1.6,14,106.5,"1465",0,10,9,10,10,38.1,464,畠山吉宏,美,0,13105703,05531,01048,0118241008,社台レースホース,社台ファーム,ジャングルポケット,ラピッドオレンジ,エルコンドルパサー,鹿毛,130508,  284.0,  ,    ,47.9
18,08,26,2,札幌,4,10,WASJ第３1000,43,ダ,1,1700,重,ヴォカツィオーネ  ,牝,4,田辺裕信,56.0,14,09,3,3,0,0.6,4,105.5,"1455",0,9,10,10,7,37.2,452,田所秀孝,栗,380,14102730,01075,01009,0118241009,サラブレッドクラブ,上水牧場,カジノドライヴ,アントワープ,キングカメハメハ,栗毛,140330,   10.8,  ,    ,50.1
18,08,26,2,札幌,4,10,WASJ第３1000,43,ダ,1,1700,重,エヴォリューション,牝,7,スコフィ,56.0,14,10,13,13,0,2.1,12,107,"1470",0,10,12,14,14,38.3,480,高柳大輔,栗,0,11101806,05570,01159,0118241010,岡田隆寛,岡田牧場,リキアイサイレンス,カーリービッド,ティッカネン,鹿毛,110527,   70.9,  ,    ,47.8
18,08,26,2,札幌,4,10,WASJ第３1000,43,ダ,1,1700,重,リキサンダイオー  ,牡,5,福永祐一,58.0,14,11,4,4,0,0.6,5,105.5,"1455",0,1,1,2,3,37.8,462,奥平雅士,美,230,13102513,01014,01074,0118241011,ハイパワー商事,本桐牧場,キングカメハメハ,リキサンピュアティ,トニービン,黒鹿,130426,   13.3,  ,    ,47.7
18,08,26,2,札幌,4,10,WASJ第３1000,43,ダ,1,1700,重,マテラリードル    ,牡,5,内田博幸,58.0,14,12,12,12,0,1.7,7,106.6,"1466",0,2,2,2,4,38.9,522,浜田多実,栗,0,13110068,00422,01138,0118241012,大野照旺,"E Paul Robsham Sta",Bernardini,"Yellow Heat","Gold Fever",鹿毛,130315,   24.5,  ,    ,44.9
18,08,26,2,札幌,4,10,WASJ第３1000,43,ダ,1,1700,重,エンクエントロス  ,牡,6,モレイラ,58.0,14,13,1,1,0,0,2,104.9,"1449",0,7,8,1,2,37.3,496,黒岩陽一,美,1500,12100413,05509,01133,0118241013,山口裕介,対馬正,マイネルラヴ,ダッチアイリス,アドマイヤベガ,鹿毛,120310,    4.3,  ,    ,48.9
18,08,26,2,札幌,4,10,WASJ第３1000,43,ダ,1,1700,重,ケルフロイデ      ,牡,5,ベハラー,58.0,14,14,11,11,0,1.7,3,106.6,"1466",0,3,4,9,12,38.4,488,加藤征弘,美,0,13105867,05393,01059,0118241014,キャロットファーム,ノーザンファーム,キングカメハメハ,ケルアモーレ,Monsun,鹿毛,130222,    8.3,  ,    ,46.9
18,08,26,2,札幌,4,11,キーンラG3,163,芝,0,1200,稍,クリーンファンキー,牝,5,武豊,54.0,16,01,12,12,0,1.4,10,70.8,"1108",0,0,0,8,9,36.3,496,鈴木伸尋,美,0,13100389,00666,01026,0118241101,石橋和夫,下河辺牧場,タイキシャトル,マヤノメメント,フレンチデピュティ,栗毛,130409,   31.1,  ,    ,45.0
18,08,26,2,札幌,4,11,キーンラG3,163,芝,0,1200,稍,スターオブペルシャ,セ,5,内田博幸,56.0,16,02,5,5,0,0.8,14,70.2,"1102",0,0,0,11,13,35.3,502,藤沢和雄,美,205,13105529,00422,00386,0118241102,社台レースホース,社台ファーム,ダイワメジャー,ターフローズ,"Big Shuffle",栗毛,130302,   79.9,  ,    ,48.9
18,08,26,2,札幌,4,11,キーンラG3,163,芝,0,1200,稍,ヒルノデイバロー  ,牡,7,四位洋文,56.0,16,03,14,14,0,2,8,71.4,"1114",0,0,0,14,13,36.3,512,昆貢,栗,0,11104627,00700,01044,0118241103,ヒルノ,カミイスタット,マンハッタンカフェ,デック,"Go for Gin",黒鹿,110518,   22.0,  ,    ,46.7
18,08,26,2,札幌,4,11,キーンラG3,163,芝,0,1200,稍,ペイシャフェリシタ,牝,5,田辺裕信,54.0,16,04,3,3,0,0.5,9,69.9,"1099",0,0,0,4,4,35.9,490,高木登,美,1000,13104606,01075,01088,0118241104,北所直人,友田牧場,ハーツクライ,プレザントケイプ,"Cape Cross",黒鹿,130310,   26.2,  ,    ,44.7
18,08,26,2,札幌,4,11,キーンラG3,163,芝,0,1200,稍,ムーンクエイク    ,セ,5,ルメール,58.0,16,05,9,9,0,1,3,70.4,"1104",0,0,0,16,15,35.1,502,藤沢和雄,美,0,13106148,05339,00386,0118241105,キャロットファーム,ノーザンファーム,アドマイヤムーン,リッチダンサー,Halling,栗毛,130426,    6.1,  ,    ,50.6
18,08,26,2,札幌,4,11,キーンラG3,163,芝,0,1200,稍,レッツゴードンキ  ,牝,6,岩田康誠,55.0,16,06,5,5,0,0.8,2,70.2,"1102",0,0,0,9,9,35.5,498,梅田智之,栗,205,12102095,05203,01084,0118241106,廣崎利洋HD,清水牧場,キングカメハメハ,マルトク,マーベラスサンデー,栗毛,120406,    4.1,  ,    ,47.7
18,08,26,2,札幌,4,11,キーンラG3,163,芝,0,1200,稍,ダノンスマッシュ  ,牡,3,北村友一,53.0,16,07,2,2,0,0.4,4,69.8,"1098",0,0,0,3,2,35.9,472,安田隆行,栗,1600,15102377,01102,00438,0118241107,ダノックス,ケイアイファーム,ロードカナロア,スピニングワイルドキャット,"Hard Spun",鹿毛,150306,    6.4,  ,    ,44.4
18,08,26,2,札幌,4,11,キーンラG3,163,芝,0,1200,稍,デアレガーロ      ,牝,4,横山典弘,54.0,16,08,8,8,0,0.9,7,70.3,"1103",0,0,0,6,4,36.1,462,大竹正博,美,0,14105996,00660,01102,0118241108,サンデーレーシング,ノーザンファーム,マンハッタンカフェ,スーヴェニアギフト,"Souvenir Copy",鹿毛,140413,   19.6,  ,    ,44.7
18,08,26,2,札幌,4,11,キーンラG3,163,芝,0,1200,稍,ティーハーフ      ,牡,8,国分優作,56.0,16,09,11,11,0,1.4,13,70.8,"1108",0,0,0,13,12,35.8,462,西浦勝一,栗,0,10100690,01125,01016,0118241109,ゴドルフィン,ダーレー・ジャパン,ストーミングホーム,ビールジャント,"Green Desert",栗毛,100418,   67.8,  ,    ,47.8
18,08,26,2,札幌,4,11,キーンラG3,163,芝,0,1200,稍,キングハート      ,牡,5,フォーリ,57.0,16,10,15,15,0,2.1,11,71.5,"1115",0,0,0,9,9,36.9,508,星野忍,美,0,13101315,05531,01030,0118241110,増田陽一,奥山博,オレハマッテルゼ,ラブハート,マイネルラヴ,鹿毛,130507,   55.5,  ,    ,43.8
18,08,26,2,札幌,4,11,キーンラG3,163,芝,0,1200,稍,ナックビーナス    ,牝,5,モレイラ,54.0,16,11,1,1,0,-0.4,1,69.4,"1094",0,0,0,1,1,35.7,522,杉浦宏昭,美,4100,13105736,05509,01008,0118241111,小松欣也,社台ファーム,ダイワメジャー,レディトゥプリーズ,"More Than Ready",青鹿,130311,    3.7,  ,    ,44.4
18,08,26,2,札幌,4,11,キーンラG3,163,芝,0,1200,稍,トゥラヴェスーラ  ,牡,3,福永祐一,53.0,16,12,7,7,0,0.8,6,70.2,"1102",0,0,0,11,4,35.4,474,高橋康之,栗,0,15104364,01014,01135,0118241112,吉田照哉,社台ファーム,ドリームジャーニー,ジャジャマーチャン,アドマイヤコジーン,鹿毛,150404,   14.8,  ,    ,48.3
18,08,26,2,札幌,4,11,キーンラG3,163,芝,0,1200,稍,キャンベルジュニア,牡,6,Ｍ．デム,56.0,16,13,4,4,0,0.7,5,70.1,"1101",0,0,0,7,4,35.7,532,堀宣行,美,620,12110077,05212,01070,0118241113,吉田和美,"Katom Chelsaus Wyn","Encosta De Lago",Melito,"Redoute's Choice",鹿毛,120727,    8.3,  ,    ,46.4
18,08,26,2,札幌,4,11,キーンラG3,163,芝,0,1200,稍,タマモブリリアン  ,牝,5,古川吉洋,54.0,16,14,13,13,0,1.4,12,70.8,"1108",0,0,0,4,4,36.8,486,南井克巳,栗,0,13104320,01015,01049,0118241114,タマモ,曾我博,ダンスインザダーク,チャームダイヤ,ヘネシー,黒鹿,130328,   64.2,  ,    ,42.4
18,08,26,2,札幌,4,11,キーンラG3,163,芝,0,1200,稍,ユキノアイオロス  ,セ,10,丸山元気,56.0,16,15,10,10,0,1.2,16,70.6,"1106",0,0,0,15,15,35.4,480,石毛善彦,美,0,08100889,01127,00428,0118241115,井上基之,フジワラフアーム,サクラプレジデント,ユキノシンデレラ,サンダーガルチ,鹿毛,080425,  289.3,  ,    ,49.4
18,08,26,2,札幌,4,11,キーンラG3,163,芝,0,1200,稍,オールインワン    ,牡,5,戸崎圭太,56.0,16,16,16,16,0,2.2,15,71.6,"1116",0,0,0,2,2,37.8,508,浜田多実,栗,0,13103443,05386,01138,0118241116,カナヤマホールディ,笹島政信,アドマイヤムーン,ゴールドコイン,デヒア,鹿毛,130507,  154.0,  ,    ,39.4
18,08,26,2,札幌,4,12,WASJ第４1000,43,芝,0,1800,稍,スパイクナード    ,牝,4,スコフィ,56.0,14,01,4,4,0,0.8,7,111.1,"1511",0,6,6,7,7,36.3,438,佐々木晶,栗,230,14100597,05570,00429,0118241201,前田幸治,ノースヒルズ,ハーツクライ,スティーリンキッシーズ,"Sky Mesa",黒鹿,140308,   26.1,  ,    ,53.0
18,08,26,2,札幌,4,12,WASJ第４1000,43,芝,0,1800,稍,シンギュラリティ  ,牡,4,Ｍ．デム,58.0,14,02,2,2,0,0.5,1,110.8,"1508",0,9,9,11,8,35.7,486,松田国英,栗,600,14105926,05212,01011,0118241202,吉田勝己,ノーザンファーム,ダノンシャンティ,サミットヴィル,"Grand Lodge",鹿毛,140430,    3.0,  ,    ,55.2
18,08,26,2,札幌,4,12,WASJ第４1000,43,芝,0,1800,稍,アドマイヤメテオ  ,セ,7,コレット,58.0,14,03,5,5,0,0.9,13,111.2,"1512",0,3,2,3,2,36.7,452,須貝尚介,栗,150,11103905,05569,01105,0118241203,近藤利一,ノーザンファーム,キングカメハメハ,ジェダイト,サンデーサイレンス,青鹿,110201,  102.3,  ,    ,51.5
18,08,26,2,札幌,4,12,WASJ第４1000,43,芝,0,1800,稍,プレイヤーサムソン,牡,5,メンディ,58.0,14,04,7,7,0,1,4,111.3,"1513",0,5,4,5,5,36.7,472,大和田成,美,0,13104025,05377,01124,0118241204,嶋田賢,岡田牧場,メイショウサムソン,クインズプレイヤー,トウカイテイオー,鹿毛,130207,   11.3,  ,    ,51.6
18,08,26,2,札幌,4,12,WASJ第４1000,43,芝,0,1800,稍,スリーマキシマム  ,牡,7,ベハラー,58.0,14,05,3,3,0,0.6,12,110.9,"1509",0,1,1,1,1,36.6,508,高橋康之,栗,380,11102115,05393,01135,0118241205,永井商事,武牧場,スズカマンボ,スリーローマン,ブライアンズタイム,鹿毛,110211,   78.5,  ,    ,51.5
18,08,26,2,札幌,4,12,WASJ第４1000,43,芝,0,1800,稍,ローリングタワー  ,牡,4,戸崎圭太,58.0,14,06,12,12,0,1.6,5,111.9,"1519",0,2,2,2,2,37.5,452,伊藤伸一,美,0,14103335,05386,01031,0118241206,本間茂,大道牧場,ハービンジャー,メイユーブルーム,ダンスインザダーク,黒鹿,140311,   13.8,  ,    ,49.2
18,08,26,2,札幌,4,12,WASJ第４1000,43,芝,0,1800,稍,マイネルファンロン,牡,3,フォーリ,56.0,14,07,6,6,0,0.9,2,111.2,"1512",0,3,4,3,2,36.7,470,手塚貴久,美,0,15100744,05531,01038,0118241207,サラブレッドクラブ,ビッグレッドファー,ステイゴールド,マイネテレジア,ロージズインメイ,青鹿,150219,    3.4,  ,    ,51.5
18,08,26,2,札幌,4,12,WASJ第４1000,43,芝,0,1800,稍,コスモピクシス    ,牝,5,モレイラ,56.0,14,08,13,13,0,1.6,6,111.9,"1519",0,13,13,7,8,37.1,434,中野栄治,美,0,13101930,05509,01010,0118241208,ビッグレッドファー,ビッグレッドファー,ステイゴールド,ベリーリズミック,ダンシングブレーヴ,黒鹿,130523,   19.6,  ,    ,50.8
18,08,26,2,札幌,4,12,WASJ第４1000,43,芝,0,1800,稍,ブレイクマイハート,牝,5,田辺裕信,56.0,14,09,10,10,0,1.1,11,111.4,"1514",0,14,14,13,13,36.1,466,国枝栄,美,0,13100440,01075,00399,0118241209,嶋田賢,シンコーファーム,ディープインパクト,シンコウノビー,Nashwan,鹿毛,130125,   68.8,  ,    ,54.3
18,08,26,2,札幌,4,12,WASJ第４1000,43,芝,0,1800,稍,オールドクラシック,牡,5,福永祐一,58.0,14,10,14,14,0,1.8,9,112.1,"1521",0,8,7,7,10,37.3,478,矢作芳人,栗,0,13106060,01014,01075,0118241210,リーヴァ,ノーザンファーム,ダノンシャンティ,ブローオブサンダー,クロフネ,青鹿,130505,   49.2,  ,    ,50.3
18,08,26,2,札幌,4,12,WASJ第４1000,43,芝,0,1800,稍,スマートエレメンツ,牡,4,ルメール,58.0,14,11,1,1,0,-0.5,3,110.3,"1503",0,6,7,5,5,35.6,514,鹿戸雄一,美,1500,14104102,05339,01097,0118241211,大川徹,スマートプロジェク,シンボリクリスエス,ルビーレジェンド,アグネスタキオン,鹿毛,140411,    3.5,  ,    ,54.9
18,08,26,2,札幌,4,12,WASJ第４1000,43,芝,0,1800,稍,エスティーム      ,牡,4,内田博幸,58.0,14,12,9,9,0,1.1,14,111.4,"1514",0,12,12,13,13,36.1,518,金成貴史,美,0,14103084,00422,01132,0118241212,岡田繁幸,岡本昌市,ロージズインメイ,フラワーハット,ハーツクライ,黒鹿,140318,  109.9,  ,    ,54.3
18,08,26,2,札幌,4,12,WASJ第４1000,43,芝,0,1800,稍,フォワードカフェ  ,牡,6,武豊,58.0,14,13,11,11,0,1.4,8,111.7,"1517",0,9,9,10,10,36.8,520,和田勇介,美,0,12103796,00666,01165,0118241213,西川恭子,上水牧場,マンハッタンカフェ,ベストブート,"Storm Boot",黒鹿,120320,   48.7,  ,    ,51.8
18,08,26,2,札幌,4,12,WASJ第４1000,43,芝,0,1800,稍,ベイビーステップ  ,牡,4,桑村真明,58.0,14,14,8,8,0,1,10,111.3,"1513",0,11,11,11,10,36.3,492,菊川正達,美,0,14103156,05411,01052,0118241214,大塚亮一,杵臼牧場,タイキシャトル,カルテブランシェ,ゴールドアリュール,鹿毛,140412,   61.2,  ,    ,53.3
18,09,01,2,札幌,5,01,未勝利*,7,ダ,1,1700,重,ハイロードシチー  ,牡,2,国分恭介,54.0,14,01,7,7,0,2.2,10,109,"1490",0,7,7,8,7,39.7,486,岡田稲男,栗,0,16105967,01124,01066,0118250101,友駿ホースクラブ,千代田牧場,キングヘイロー,インプレッシヴ,オンファイア,黒鹿,160210,  173.1,  ,    ,45.2
18,09,01,2,札幌,5,01,未勝利*,7,ダ,1,1700,重,サンレイファイト  ,牡,2,城戸義政,54.0,14,02,8,8,0,2.9,12,109.7,"1497",0,11,10,10,8,40.1,444,西橋豊治,栗,0,16103983,01147,00434,0118250102,永井啓弍,びらとり牧場,スズカフェニックス,スズカフローラ,フレンチデピュティ,栗毛,160210,  253.0,  ,    ,44.7
18,09,01,2,札幌,5,01,未勝利*,7,ダ,1,1700,重,アイメイドイット  ,牝,2,松岡正海,54.0,14,03,13,13,0,4.1,8,110.9,"1509",0,7,7,8,10,41.6,398,飯田雄三,栗,0,16100710,01085,01050,0118250103,サラブレッドクラブ,ビッグレッドファー,アイルハヴアナザー,スーパーウーマン,マーベラスサンデー,栗毛,160609,   63.3,  ,    ,40.9
18,09,01,2,札幌,5,01,未勝利*,7,ダ,1,1700,重,グレートデー      ,牡,2,藤岡康太,54.0,14,04,6,6,0,1.7,5,108.5,"1485",0,7,7,7,6,39.5,480,田中博康,美,0,16100346,01116,01162,0118250104,スピードファーム,スピードフアーム,ストロングリターン,ファインロマンス,ゴールドアリュール,黒鹿,160315,   15.7,  ,    ,45.3
18,09,01,2,札幌,5,01,未勝利*,7,ダ,1,1700,重,ダイスアキャスト  ,牡,2,藤岡佑介,54.0,14,05,0,0,3,999.9,0,0,"----",0,0,0,0,0,0,462,加藤征弘,美,0,16104535,01093,01059,0118250105,G1レーシング,ノーザンファーム,スマートファルコン,ダイワオンディーヌ,クロフネ,芦毛,160407,    0.0,  ,    , 0.0
18,09,01,2,札幌,5,01,未勝利*,7,ダ,1,1700,重,アミュリオン      ,牡,2,丹内祐次,54.0,14,06,9,9,0,3,11,109.8,"1498",0,11,10,10,11,40.2,444,藤原辰雄,美,0,16106501,01091,00435,0118250106,吉澤ホールディング,栄進牧場,タイムパラドックス,エーシンチェロキー,ディープインパクト,栗毛,160409,  194.1,  ,    ,44.4
18,09,01,2,札幌,5,01,未勝利*,7,ダ,1,1700,重,ロマンティコ      ,牡,2,ルメール,54.0,14,07,2,2,0,0.1,1,106.9,"1469",0,4,4,4,4,38.2,528,藤沢和雄,美,200,16100996,05339,00386,0118250107,多田信尊,若林牧場,エンパイアメーカー,ウェーブクイーン,サツカーボーイ,鹿毛,160419,    2.7,  ,    ,48.1
18,09,01,2,札幌,5,01,未勝利*,7,ダ,1,1700,重,モーンストルム    ,牝,2,五十嵐冬,54.0,14,08,3,3,0,0.3,3,107.1,"1471",0,1,1,1,1,38.7,442,高橋祥泰,美,130,16105675,05091,00359,0118250108,ブルースターズファ,グランド牧場,シニスターミニスター,スズカカラーズ,サンデーサイレンス,鹿毛,160417,    4.6,  ,    ,46.4
18,09,01,2,札幌,5,01,未勝利*,7,ダ,1,1700,重,タイトロープウィン,牝,2,勝浦正樹,54.0,14,09,4,4,0,0.9,7,107.7,"1477",0,4,4,4,5,38.9,416,藤原辰雄,美,75,16105702,01025,00435,0118250109,浅田次郎,グランド牧場,サウスヴィグラス,プリモウェイ,"Giant's Causeway",栗毛,160425,   59.3,  ,    ,46.5
18,09,01,2,札幌,5,01,未勝利*,7,ダ,1,1700,重,ハクナマタタ      ,牡,2,Ｍ．デム,54.0,14,10,5,5,0,1.2,2,108,"1480",0,2,2,2,2,39.6,478,伊藤圭三,美,50,16105699,05212,01023,0118250110,グランド牧場,グランド牧場,ヘニーヒューズ,フェスティバル,アサティス,鹿毛,160421,    3.1,  ,    ,44.2
18,09,01,2,札幌,5,01,未勝利*,7,ダ,1,1700,重,フクノワイルド    ,牡,2,加藤祥太,53.0,14,11,1,1,0,-0.1,4,106.8,"1468",0,2,2,3,3,38.3,480,杉山晴紀,栗,500,16109096,01156,01157,0118250111,佐藤範夫,ワールドファーム,エスポワールシチー,ローレルアイ,フサイチコンコルド,鹿毛,160413,    6.6,  ,    ,47.6
18,09,01,2,札幌,5,01,未勝利*,7,ダ,1,1700,重,ウサギノワルツ    ,牡,2,松田大作,54.0,14,12,12,12,0,3.8,13,110.6,"1506",0,13,12,12,12,40.7,484,石毛善彦,美,0,16106189,01030,00428,0118250112,桐谷茂,原弘之,フリオーソ,ミヤビハンター,メイショウホムラ,栗毛,160409,  294.5,  ,    ,43.7
18,09,01,2,札幌,5,01,未勝利*,7,ダ,1,1700,重,コパノマーティン  ,牡,2,古川吉洋,54.0,14,13,11,11,0,3.7,6,110.5,"1505",0,4,4,6,8,41.6,468,村山明,栗,0,16105938,01015,01107,0118250113,小林祥晃,谷岡牧場,スクリーンヒーロー,ラブディラン,"Dylan Thomas",黒鹿,160323,   39.6,  ,    ,40.3
18,09,01,2,札幌,5,01,未勝利*,7,ダ,1,1700,重,デルマシャンティ  ,牡,2,吉田隼人,54.0,14,14,10,10,0,3.1,9,109.9,"1499",0,10,12,12,12,40,494,牧田和弥,栗,0,16104909,01095,01123,0118250114,浅沼廣幸,社台ファーム,シビルウォー,アモールミーオ,ダイワメジャー,芦毛,160401,  129.9,  ,    ,45.3
18,09,01,2,札幌,5,02,未勝利*,7,芝,0,2000,稍,マサハヤブリュッヘ,牡,2,五十嵐冬,54.0,16,01,10,10,0,1.8,13,128.7,"2087",0,14,13,16,14,38.9,448,今野貞一,栗,0,16105220,05091,01128,0118250201,中村政夫,社台ファーム,ワークフォース,ボルドグザグ,Layman,芦毛,160506,  248.3,  ,    ,48.9
18,09,01,2,札幌,5,02,未勝利*,7,芝,0,2000,稍,フライクーゲル    ,牡,2,池添謙一,54.0,16,02,5,5,0,0.4,5,127.3,"2073",0,7,8,9,5,38.4,456,黒岩陽一,美,50,16102337,01032,01133,0118250202,水上行雄,笠松牧場,ハービンジャー,ドリームキセキ,フジキセキ,鹿毛,160409,   10.8,  ,    ,49.2
18,09,01,2,札幌,5,02,未勝利*,7,芝,0,2000,稍,ブラックルシアン  ,牡,2,丸山元気,54.0,16,03,14,14,0,2.1,7,129,"2090",0,5,5,9,14,40.1,498,根本康広,美,0,16100806,01127,01029,0118250203,Basic,松浦牧場,ブラックタイド,フルマークス,"Kitten's Joy",鹿毛,160410,   52.4,  ,    ,45.0
18,09,01,2,札幌,5,02,未勝利*,7,芝,0,2000,稍,マコトジュズマル  ,牡,2,Ｍ．デム,54.0,16,04,2,2,0,0.1,2,127,"2070",0,3,3,4,3,38.4,472,鮫島一歩,栗,200,16104623,05212,01046,0118250204,ディアマント,ノーザンファーム,ハービンジャー,マコトキンラン,サンデーサイレンス,栗毛,160318,    3.7,  ,    ,48.9
18,09,01,2,札幌,5,02,未勝利*,7,芝,0,2000,稍,シバハマ          ,牡,2,黛弘人,54.0,16,05,7,7,0,1.2,9,128.1,"2081",0,9,8,11,11,39.1,496,和田正一,美,0,16100345,01109,01114,0118250205,スピードファーム,スピードフアーム,エイシンフラッシュ,ファインショット,スピードワールド,鹿毛,160308,  116.6,  ,    ,47.6
18,09,01,2,札幌,5,02,未勝利*,7,芝,0,2000,稍,ヘリオス          ,牡,2,ルメール,54.0,16,06,1,1,0,-0.1,1,126.9,"2069",0,7,7,7,6,38.1,466,友道康夫,栗,500,16102370,05339,01061,0118250206,KICレーシング,桑田牧場,オルフェーヴル,アンジュシュエット,フレンチデピュティ,黒鹿,160223,    2.2,  ,    ,49.9
18,09,01,2,札幌,5,02,未勝利*,7,芝,0,2000,稍,ブラックウォーリア,牡,2,岩田康誠,54.0,16,07,8,8,0,1.3,4,128.2,"2082",0,1,1,2,3,39.8,492,西村真幸,栗,0,16101840,05203,01148,0118250207,佐藤範夫,酒井牧場,ブラックタイド,ステファニーチャン,アーミジャー,鹿毛,160512,    8.3,  ,    ,45.2
18,09,01,2,札幌,5,02,未勝利*,7,芝,0,2000,稍,タイセイアヴァンセ,牝,2,菱田裕二,54.0,16,08,3,3,0,0.2,12,127.1,"2071",0,2,2,2,2,38.8,414,青木孝文,美,130,16100913,01144,01156,0118250208,田中成奉,村田牧場,ハービンジャー,ゼフィランサス,キングヘイロー,黒鹿,160115,  241.7,  ,    ,47.5
18,09,01,2,札幌,5,02,未勝利*,7,芝,0,2000,稍,レッドエンヴィー  ,牡,2,藤岡康太,54.0,16,09,4,4,0,0.4,3,127.3,"2073",0,11,11,1,1,39.1,472,須貝尚介,栗,75,16104519,01116,01105,0118250209,東京ホースレーシン,ノーザンファーム,ジャスタウェイ,スタイルリスティック,"Storm Cat",鹿毛,160411,    7.0,  ,    ,46.7
18,09,01,2,札幌,5,02,未勝利*,7,芝,0,2000,稍,フクヒコ          ,牡,2,荻野琢真,54.0,16,10,13,13,0,2,16,128.9,"2089",0,3,3,4,11,40.3,464,松下武士,栗,0,16102356,01112,01149,0118250210,山田裕仁,上山牧場,エイシンフラッシュ,フクシア,ゴールドアリュール,青鹿,160425,  536.3,  ,    ,44.2
18,09,01,2,札幌,5,02,未勝利*,7,芝,0,2000,稍,トーセンジェロニモ,牡,2,菊沢一樹,52.0,16,11,6,6,0,0.6,8,127.5,"2075",0,12,11,11,9,38.5,478,菊沢隆徳,美,0,16100027,01161,01115,0118250211,島川隆哉,秋田牧場,トーセンジョーダン,アドマイヤラック,アドマイヤムーン,栗毛,160225,   89.2,  ,    ,49.1
18,09,01,2,札幌,5,02,未勝利*,7,芝,0,2000,稍,モングラン        ,牡,2,勝浦正樹,54.0,16,12,12,12,0,2,10,128.9,"2089",0,12,13,11,9,39.9,504,西浦勝一,栗,0,16102731,01025,01016,0118250212,ディアレストクラブ,ディアレストクラブ,ワークフォース,ディアエスペランサ,ロックオブジブラルタル,黒鹿,160314,  206.1,  ,    ,45.6
18,09,01,2,札幌,5,02,未勝利*,7,芝,0,2000,稍,アスカエンペラー  ,牡,2,蛯名正義,54.0,16,13,9,9,0,1.6,11,128.5,"2085",0,16,16,14,13,38.9,464,本間忍,美,0,16105641,00663,01056,0118250213,上野武,木村秀則,ワークフォース,モントレーストリート,"Candy Ride",鹿毛,160317,  232.1,  ,    ,48.7
18,09,01,2,札幌,5,02,未勝利*,7,芝,0,2000,稍,トーセンベリーニ  ,牡,2,柴山雄一,54.0,16,14,15,15,0,2.2,14,129.1,"2091",0,14,13,14,16,39.4,460,武幸四郎,栗,0,16103817,05243,01160,0118250214,島川隆哉,エスティファーム,キングカメハメハ,スペシャライズ,スペシャルウィーク,鹿毛,160324,  272.3,  ,    ,47.6
18,09,01,2,札幌,5,02,未勝利*,7,芝,0,2000,稍,ロードリバーサル  ,牡,2,藤岡佑介,54.0,16,15,11,11,0,1.9,6,128.8,"2088",0,5,5,4,6,40.2,482,藤岡健一,栗,0,16101147,01093,01062,0118250215,ロードホースクラブ,ケイアイファーム,ハーツクライ,エルテアトロ,キングカメハメハ,鹿毛,160207,   17.7,  ,    ,44.5
18,09,01,2,札幌,5,02,未勝利*,7,芝,0,2000,稍,シゲルクロダイヤ  ,牡,2,古川吉洋,54.0,16,16,16,16,0,2.3,15,129.2,"2092",0,9,8,7,8,40.5,498,谷潔,栗,0,16100188,01015,00431,0118250216,森中蕃,川島牧場,ヴィクトワールピサ,プリティキャサリン,Vindication,鹿毛,160221,  277.6,  ,    ,43.9
18,09,01,2,札幌,5,03,未勝利,7,ダ,1,1700,重,ラングドック      ,牡,3,木幡初也,55.0,14,01,9,9,0,2.9,12,109.8,"1498",0,1,1,1,6,42.2,440,加藤和宏,美,0,15101746,01153,01077,0118250301,新木鈴子,ナカノファーム,キングヘイロー,モンルージュ,"Smart Strike",黒鹿,150325,  196.8,  ,    ,37.4
18,09,01,2,札幌,5,03,未勝利,7,ダ,1,1700,重,オテンバランナー  ,牝,3,井上敏樹,53.0,14,02,5,5,0,0.5,4,107.4,"1474",0,2,2,2,1,39.8,428,蛯名利弘,美,50,15101206,01151,01131,0118250302,首藤徳,川島正広,メイショウボーラー,モカサンデー,サンデーサイレンス,黒鹿,150303,    7.5,  ,    ,42.6
18,09,01,2,札幌,5,03,未勝利,7,ダ,1,1700,重,ブレイクスピアー  ,牡,3,国分恭介,56.0,14,03,6,6,0,0.5,5,107.4,"1474",0,3,3,4,4,39.5,486,中村均,栗,0,15105830,01124,00261,0118250303,前田葉子,田中裕之,ブラックタイド,コスモカラット,スキャン,青鹿,150411,   13.3,  ,    ,43.8
18,09,01,2,札幌,5,03,未勝利,7,ダ,1,1700,重,サンライズソル    ,牡,3,Ｍ．デム,56.0,14,04,3,3,0,0.1,2,107,"1470",0,11,11,9,6,38.4,498,牧浦充徳,栗,130,15102075,05212,01113,0118250304,松岡隆雄,ヤナガワ牧場,タートルボウル,ブラボージャングル,ジャングルポケット,黒鹿,150412,    3.1,  ,    ,47.4
18,09,01,2,札幌,5,03,未勝利,7,ダ,1,1700,重,シーザライト      ,牝,3,菊沢一樹,52.0,14,05,11,11,0,3.7,10,110.6,"1506",0,3,3,9,11,41.9,504,国枝栄,美,0,15105553,01161,00399,0118250305,広尾レース,木村秀則,ルーラーシップ,ウェルシュステラ,Zafonic,鹿毛,150211,  134.7,  ,    ,39.4
18,09,01,2,札幌,5,03,未勝利,7,ダ,1,1700,重,ダノンテアトロ    ,牡,3,岩田康誠,56.0,14,06,2,2,0,0,1,106.9,"1469",0,3,3,3,2,39.1,458,高橋康之,栗,200,15102370,05203,01135,0118250306,ダノックス,ケイアイファーム,オルフェーヴル,エルテアトロ,キングカメハメハ,鹿毛,150227,    2.0,  ,    ,44.6
18,09,01,2,札幌,5,03,未勝利,7,ダ,1,1700,重,マトラッセ        ,牡,3,柴山雄一,56.0,14,07,4,4,0,0.4,6,107.3,"1473",0,13,13,11,9,38.4,476,清水英克,美,75,15105494,05243,01080,0118250307,嶋田賢,岡田牧場,ロードカナロア,シンコウローズ,ブライアンズタイム,鹿毛,150427,   29.8,  ,    ,47.9
18,09,01,2,札幌,5,03,未勝利,7,ダ,1,1700,重,エナグリン        ,牡,3,横山武史,54.0,14,08,1,1,0,0,3,106.9,"1469",0,9,9,6,3,38.8,464,伊藤大士,美,500,15104458,01170,01109,0118250308,宮原廣伸,社台ファーム,ローエングリン,ハッピーダイアリー,アグネスタキオン,栗毛,150219,    6.7,  ,    ,45.7
18,09,01,2,札幌,5,03,未勝利,7,ダ,1,1700,重,モカチョウサン    ,牝,3,松岡正海,54.0,14,09,8,8,0,2.8,7,109.7,"1497",0,3,6,4,8,41.8,438,松永康利,美,0,15102213,01085,01093,0118250309,チョウサン,坂東牧場,オルフェーヴル,プジュリ,ダンスインザダーク,栗毛,150403,   42.0,  ,    ,38.6
18,09,01,2,札幌,5,03,未勝利,7,ダ,1,1700,重,クグロフ          ,牡,3,黛弘人,56.0,14,10,12,12,0,4.1,11,111,"1510",0,7,7,8,10,42.6,486,武英智,栗,0,15105828,01109,01161,0118250310,ノルマンディーサラ,田中裕之,サウスヴィグラス,グーテデロワ,スペシャルウィーク,黒鹿,150429,  149.1,  ,    ,37.6
18,09,01,2,札幌,5,03,未勝利,7,ダ,1,1700,重,ミッキーガーデン  ,牡,3,丸山元気,56.0,14,11,0,0,3,999.9,0,0,"----",0,0,0,0,0,0,440,大久保龍,栗,0,15104407,01127,01058,0118250311,野田みづき,社台ファーム,キングカメハメハ,ダイワレーヌ,チチカステナンゴ,鹿毛,150304,    0.0,  ,    , 0.0
18,09,01,2,札幌,5,03,未勝利,7,ダ,1,1700,重,ヴォーティブ      ,牝,3,松田大作,54.0,14,12,7,7,0,1.1,8,108,"1480",0,7,7,6,4,40,510,中尾秀正,栗,0,15104774,01030,01069,0118250312,佐々木主浩,ノーザンファーム,トーセンホマレボシ,グレイスファミリー,タニノギムレット,栗毛,150218,  115.5,  ,    ,42.7
18,09,01,2,札幌,5,03,未勝利,7,ダ,1,1700,重,チャーミングホープ,牝,3,菱田裕二,54.0,14,13,9,9,0,2.9,13,109.8,"1498",0,11,11,13,12,40.5,442,浜田多実,栗,0,15106503,01144,01138,0118250313,川島吉男,大道牧場,キングズベスト,ビワパシフィカス,ブライアンズタイム,鹿毛,150413,  212.4,  ,    ,43.3
18,09,01,2,札幌,5,03,未勝利,7,ダ,1,1700,重,ショウナンランツァ,牡,3,池添謙一,56.0,14,14,13,13,0,4.3,9,111.2,"1512",0,10,10,12,13,42.1,526,池添兼雄,栗,0,15104057,01032,01021,0118250314,国本哲秀,レイクヴィラファー,クロフネ,メジロコウミョウ,キングカメハメハ,黒鹿,150309,  124.4,  ,    ,39.5
18,09,01,2,札幌,5,04,未勝利,7,芝,0,1200,稍,アザミジョウ      ,牝,3,五十嵐冬,54.0,16,01,16,16,0,2,16,73.3,"1133",0,0,0,15,16,37.8,434,岡田稲男,栗,0,15100460,05091,01066,0118250401,河内孝夫,中地康弘,シンボリクリスエス,サンデージョウ,グラスワンダー,青毛,150525,  442.0,  ,    ,43.9
18,09,01,2,札幌,5,04,未勝利,7,芝,0,1200,稍,ダイメイスズ      ,牝,3,Ｍ．デム,54.0,16,02,3,3,0,0.1,1,71.4,"1114",0,0,0,16,9,35.8,438,森田直行,栗,130,15102094,05212,01142,0118250402,宮本昇,横井哲,ジャングルポケット,ダイメイダーク,ダンスインザダーク,鹿毛,150319,    3.1,  ,    ,49.4
18,09,01,2,札幌,5,04,未勝利,7,芝,0,1200,稍,エイシンテースティ,牝,3,ルメール,54.0,16,03,7,7,0,0.2,2,71.5,"1115",0,0,0,9,9,36.3,440,野中賢二,栗,0,15102883,05339,01098,0118250403,栄進堂,栄進牧場,ダイワメジャー,エーシンリターンズ,キングカメハメハ,栗毛,150213,    4.2,  ,    ,47.0
18,09,01,2,札幌,5,04,未勝利,7,芝,0,1200,稍,ショウナンガレオン,牡,3,池添謙一,56.0,16,04,15,15,0,1.1,4,72.4,"1124",0,0,0,6,7,37.4,498,大竹正博,美,0,15105845,01032,01102,0118250404,国本哲秀,棚川光男,スペシャルウィーク,ミスチフ,クロフネ,芦毛,150427,   10.4,  ,    ,43.6
18,09,01,2,札幌,5,04,未勝利,7,芝,0,1200,稍,ファーベライト    ,牝,3,岩田康誠,54.0,16,05,10,10,0,0.3,5,71.6,"1116",0,0,0,4,4,36.7,476,高木登,美,0,15103892,05203,01088,0118250405,高樽さゆり,ディアレストクラブ,サムライハート,サイレントベッド,ソウルオブザマター,黒鹿,150407,   10.6,  ,    ,45.1
18,09,01,2,札幌,5,04,未勝利,7,芝,0,1200,稍,ヤマニンヌヌース  ,牝,3,藤岡佑介,54.0,16,06,8,8,0,0.3,12,71.6,"1116",0,0,0,6,7,36.5,436,浅見秀一,栗,0,15100571,01093,00411,0118250406,土井肇,錦岡牧場,ディープインパクト,ヤマニンエマイユ,ホワイトマズル,鹿毛,150428,   44.7,  ,    ,46.2
18,09,01,2,札幌,5,04,未勝利,7,芝,0,1200,稍,ホウオウサンドラ  ,牝,3,菱田裕二,54.0,16,07,12,12,0,0.5,9,71.8,"1118",0,0,0,11,12,36.5,470,宮徹,栗,0,15102051,01144,01018,0118250407,小笹芳央,森永牧場,ヘニーヒューズ,ヒカルマイゴール,エアジハード,栗毛,150422,   22.9,  ,    ,46.7
18,09,01,2,札幌,5,04,未勝利,7,芝,0,1200,稍,タカミツリリー    ,牝,3,勝浦正樹,54.0,16,08,5,5,0,0.1,6,71.4,"1114",0,0,0,6,6,36.4,448,高橋裕,美,50,15100051,01025,00412,0118250408,アラキファーム,アラキフアーム,エンパイアメーカー,アラマサスナイパー,ステイゴールド,鹿毛,150331,   14.4,  ,    ,46.2
18,09,01,2,札幌,5,04,未勝利,7,芝,0,1200,稍,ナイトレイド      ,牝,3,菊沢一樹,52.0,16,09,6,6,0,0.2,13,71.5,"1115",0,0,0,2,1,37,508,小島茂之,美,0,15104522,01161,01068,0118250409,田原邦男,社台ファーム,ローエングリン,プレンティフェスタ,シンボリクリスエス,黒鹿,150414,   61.6,  ,    ,43.2
18,09,01,2,札幌,5,04,未勝利,7,芝,0,1200,稍,スキップガール    ,牝,3,荻野琢真,54.0,16,10,14,14,0,0.9,8,72.2,"1122",0,0,0,13,15,36.8,460,寺島良,栗,0,15103234,01112,01158,0118250410,富田牧場,富田牧場,エンパイアメーカー,オーシャンルミナス,フレンチデピュティ,鹿毛,150217,   21.5,  ,    ,46.2
18,09,01,2,札幌,5,04,未勝利,7,芝,0,1200,稍,デンセツノマジョ  ,牝,3,横山典弘,54.0,16,11,1,1,0,0,3,71.3,"1113",0,0,0,9,9,36.1,460,菊沢隆徳,美,500,15105145,00660,01115,0118250411,國分純,スマイルファーム,オンファイア,アドマイヤダッシュ,フサイチコンコルド,黒鹿,150514,    5.2,  ,    ,47.5
18,09,01,2,札幌,5,04,未勝利,7,芝,0,1200,稍,マヤノフロスティ  ,牡,3,丹内祐次,56.0,16,12,13,13,0,0.6,14,71.9,"1119",0,0,0,1,2,37.6,494,牧光二,美,0,15101022,01091,01106,0118250412,田所英子,天羽牧場,キングズベスト,マヤノロシュニ,マンハッタンカフェ,芦毛,150131,  139.8,  ,    ,41.2
18,09,01,2,札幌,5,04,未勝利,7,芝,0,1200,稍,アルレーサー      ,牡,3,古川吉洋,56.0,16,13,11,11,0,0.3,11,71.6,"1116",0,0,0,11,12,36.3,450,昆貢,栗,0,15102988,01015,01044,0118250413,エーティー,杵臼牧場,キンシャサノキセキ,ゴッドオブロマンス,ジャングルポケット,鹿毛,150511,   40.0,  ,    ,47.2
18,09,01,2,札幌,5,04,未勝利,7,芝,0,1200,稍,ノーモアサイレンス,牝,3,柴山雄一,54.0,16,14,9,9,0,0.3,15,71.6,"1116",0,0,0,13,12,36.2,428,粕谷昌央,美,0,15102488,05243,01096,0118250414,岡田牧雄,筒井征文,ベーカバド,テイエムサイレン,サンデーサイレンス,青鹿,150410,  254.4,  ,    ,47.8
18,09,01,2,札幌,5,04,未勝利,7,芝,0,1200,稍,サトノルーリー    ,牝,3,藤岡康太,54.0,16,15,4,4,0,0.1,7,71.4,"1114",0,0,0,3,3,36.6,400,須貝尚介,栗,75,15104048,01116,01105,0118250415,サトミホースカンパ,レイクヴィラファー,ディープインパクト,クライウィズジョイ,トニービン,黒鹿,150506,   19.8,  ,    ,45.1
18,09,01,2,札幌,5,04,未勝利,7,芝,0,1200,稍,アストルム        ,牡,3,吉田隼人,56.0,16,16,2,2,0,0,10,71.3,"1113",0,0,0,4,4,36.4,466,浜田多実,栗,200,15106468,01095,01138,0118250416,カナヤマホールディ,ヤナガワ牧場,ダイワメジャー,タイセイエトワール,トニービン,栗毛,150502,   27.6,  ,    ,45.9
18,09,01,2,札幌,5,05,新馬,15,芝,0,1500,稍,フィリアーノ      ,牡,2,ルメール,54.0,9,01,3,3,0,0.5,2,92.1,"1321",0,0,9,8,7,35.4,452,手塚貴久,美,180,16104818,05339,01038,0118250501,吉田勝己,ノーザンファーム,ルーラーシップ,パシフィックギャル,ゼンノロブロイ,芦毛,160208,    3.0,  ,    ,56.8
18,09,01,2,札幌,5,05,新馬,15,芝,0,1500,稍,ハーシェル        ,牡,2,池添謙一,54.0,9,02,4,4,0,0.6,3,92.2,"1322",0,0,5,5,4,36.3,460,藤原英昭,栗,110,16103314,01032,01055,0118250502,ゴドルフィン,ダーレー・ジャパン,ハーツクライ,シルヴァンソング,"Street Cry",黒鹿,160503,    4.0,  ,    ,52.7
18,09,01,2,札幌,5,05,新馬,15,芝,0,1500,稍,コルネット        ,牝,2,丸山元気,54.0,9,03,7,7,0,2.5,6,94.1,"1341",0,0,7,7,7,38,400,平田修,栗,0,16104652,01127,01082,0118250503,シルクレーシング,ノーザンファーム,オルフェーヴル,ラッドルチェンド,"Danehill Dancer",鹿毛,160411,   40.2,  ,    ,48.4
18,09,01,2,札幌,5,05,新馬,15,芝,0,1500,稍,エールヴォア      ,牝,2,藤岡佑介,54.0,9,04,2,2,0,0.2,4,91.8,"1318",0,0,3,2,2,36.4,502,橋口慎介,栗,280,16104310,01093,01154,0118250504,佐伯由加理,社台コーポレーショ,ヴィクトワールピサ,フィーリングトーン,ワイルドラッシュ,黒鹿,160312,    5.3,  ,    ,51.5
18,09,01,2,札幌,5,05,新馬,15,芝,0,1500,稍,レースガーデン    ,牝,2,Ｍ．デム,54.0,9,05,1,1,0,-0.2,1,91.6,"1316",0,0,2,3,3,35.9,456,池江泰寿,栗,700,16104416,05212,01071,0118250505,金子真人ホールディ,ノーザンファーム,ディープインパクト,ウィンターコスモス,キングカメハメハ,芦毛,160511,    2.9,  ,    ,53.4
18,09,01,2,札幌,5,05,新馬,15,芝,0,1500,稍,トーセンコハク    ,牝,2,木幡初也,53.0,9,06,5,5,0,0.6,5,92.2,"1322",0,0,1,1,1,36.9,472,杉浦宏昭,美,70,16103313,01153,01008,0118250506,島川隆哉,ダーレー・ジャパン,ジャスタウェイ,ショートハンド,Diktat,栗毛,160501,   30.0,  ,    ,49.9
18,09,01,2,札幌,5,05,新馬,15,芝,0,1500,稍,デルマシャンゼリゼ,牝,2,横山武史,52.0,9,07,8,8,0,3.1,8,94.7,"1347",0,0,6,3,6,38.9,468,勢司和浩,美,0,16103597,01170,01047,0118250507,浅沼廣幸,ファニーヒルファー,キモンノカシワ,マダムブランシェ,ミラクルアドマイヤ,鹿毛,160418,  135.1,  ,    ,45.6
18,09,01,2,札幌,5,05,新馬,15,芝,0,1500,稍,トライゲッター    ,牡,2,松岡正海,54.0,9,08,6,6,0,0.7,7,92.3,"1323",0,0,3,5,4,36.3,492,牧田和弥,栗,0,16102051,01085,01123,0118250508,畑佐博,中島牧場,ルーラーシップ,スパークルキャット,ダンスインザダーク,黒鹿,160321,   48.4,  ,    ,52.8
18,09,01,2,札幌,5,05,新馬,15,芝,0,1500,稍,ブラックテキーラ  ,牡,2,勝浦正樹,54.0,9,09,9,9,0,6.7,9,98.3,"1383",0,0,8,9,9,40.5,482,田島俊明,美,0,16105465,01025,01112,0118250509,黒澤尚,岡田スタツド,マツリダゴッホ,カヤドーモトヒメ,エアジハード,栗毛,160415,  182.1,  ,    ,45.1
18,09,01,2,札幌,5,06,500万下・牝,23,ダ,1,1000,稍,スリーランディア  ,牝,4,岩田康誠,55.0,12,01,8,8,0,1,3,60.1,"1001",0,0,0,9,10,36.3,426,橋田満,栗,0,14102204,05203,00362,0118250601,永井商事,ダーレー・ジャパン,ストリートセンス,フィンランディア,Singspiel,鹿毛,140403,    7.2,  ,    ,48.3
18,09,01,2,札幌,5,06,500万下・牝,23,ダ,1,1000,稍,サルタート        ,牝,4,西村太一,55.0,12,02,11,11,0,1.4,11,60.5,"1005",0,0,0,7,9,37,450,加藤征弘,美,0,14105780,01131,01059,0118250602,サンデーレーシング,ノーザンファーム,ゴールドアリュール,アイルビーバウンド,タニノギムレット,栗毛,140211,  117.0,  ,    ,45.3
18,09,01,2,札幌,5,06,500万下・牝,23,ダ,1,1000,稍,モリデンテキーラ  ,牝,3,井上敏樹,52.0,12,03,12,12,0,2.4,12,61.5,"1015",0,0,0,9,12,37.7,434,小桧山悟,美,0,15100910,01151,01005,0118250603,森田芳男,森田芳男,キングヘイロー,アローフィールド,シャーディー,青鹿,150531,  318.9,  ,    ,44.7
18,09,01,2,札幌,5,06,500万下・牝,23,ダ,1,1000,稍,ニシノオリーブ    ,牝,3,勝浦正樹,53.0,12,04,1,1,0,-0.2,4,59.1,"0591",0,0,0,1,1,36.1,448,武藤善則,美,750,15105199,01025,01064,0118250604,西山茂行,本桐牧場,リーチザクラウン,ニシノキミヨ,バゴ,青毛,150304,    7.8,  ,    ,45.6
18,09,01,2,札幌,5,06,500万下・牝,23,ダ,1,1000,稍,リリープリンセス  ,牝,3,池添謙一,53.0,12,05,5,5,0,0.6,2,59.7,"0597",0,0,0,9,7,35.8,460,安田隆行,栗,75,15105508,01032,00438,0118250605,村上龍太郎,岡田牧場,バゴ,プリンセスイブ,バブルガムフェロー,黒鹿,150222,    4.5,  ,    ,50.1
18,09,01,2,札幌,5,06,500万下・牝,23,ダ,1,1000,稍,アプローズ        ,牝,3,横山武史,51.0,12,06,6,6,0,0.8,9,59.9,"0599",0,0,0,3,3,36.7,454,野中賢二,栗,0,15103385,01170,01098,0118250606,カナヤマホールディ,三嶋牧場,Acclamation,ワンダーフィリー,"Invincible Spirit",鹿毛,150221,   82.4,  ,    ,44.8
18,09,01,2,札幌,5,06,500万下・牝,23,ダ,1,1000,稍,アテンフラワー    ,牝,3,加藤祥太,52.0,12,07,7,7,0,0.9,8,60,"1000",0,0,0,5,7,36.6,466,牧浦充徳,栗,0,15103446,01156,01113,0118250607,マークス,吉田又治,メイショウサムソン,フラワーチャンプ,フジキセキ,青鹿,150518,   34.1,  ,    ,45.9
18,09,01,2,札幌,5,06,500万下・牝,23,ダ,1,1000,稍,アイアムキャツアイ,牝,4,四位洋文,55.0,12,08,4,4,0,0.5,5,59.6,"0596",0,0,0,7,5,36,436,奥平雅士,美,110,14101537,00700,01074,0118250608,堀紘一,坂東牧場,アイルハヴアナザー,アイアムアクトレス,アグネスタキオン,黒鹿,140318,   10.0,  ,    ,48.3
18,09,01,2,札幌,5,06,500万下・牝,23,ダ,1,1000,稍,クーリュ          ,牝,4,横山典弘,55.0,12,09,2,2,0,0.2,1,59.3,"0593",0,0,0,5,5,35.9,476,石毛善彦,美,300,14102016,00660,00428,0118250609,ライオンレースホー,"Shall Farm",ゴールドアリュール,クールグレース,フォーティナイナー,鹿毛,140329,    2.0,  ,    ,47.8
18,09,01,2,札幌,5,06,500万下・牝,23,ダ,1,1000,稍,エイスノート      ,牝,3,藤岡康太,53.0,12,10,3,3,0,0.3,6,59.4,"0594",0,0,0,3,3,36.2,480,高橋義忠,栗,190,15102369,01116,01129,0118250610,ロードホースクラブ,ケイアイファーム,ロードカナロア,エイトディズアパート,"Forest Wildcat",黒鹿,150406,   11.1,  ,    ,46.1
18,09,01,2,札幌,5,06,500万下・牝,23,ダ,1,1000,稍,ナムラストロベリー,牝,3,菊沢一樹,51.0,12,11,9,9,0,1.1,7,60.2,"1002",0,0,0,2,2,37.2,454,谷原義明,美,0,15106076,01161,00402,0118250611,奈村睦弘,八田ファーム,ヨハネスブルグ,ナムラチアーズ,マンハッタンカフェ,鹿毛,150517,   29.6,  ,    ,42.7
18,09,01,2,札幌,5,06,500万下・牝,23,ダ,1,1000,稍,ペプチドプラム    ,牝,3,国分恭介,53.0,12,12,10,10,0,1.2,10,60.3,"1003",0,0,0,12,11,36.3,446,木原一良,栗,0,15103002,01124,01033,0118250612,沼川一彦,杵臼牧場,ロードカナロア,ドリームスピカ,バブルガムフェロー,黒鹿,150330,  110.0,  ,    ,49.2
18,09,01,2,札幌,5,07,500万下,23,ダ,1,1700,稍,ティモシーブルー  ,牡,4,松田大作,57.0,14,01,10,10,0,1.7,8,107.4,"1474",0,10,13,12,11,38.4,490,中尾秀正,栗,0,14103242,01030,01069,0118250701,中野義一,信成牧場,シンボリクリスエス,トゥルーゴールド,フレンチデピュティ,鹿毛,140221,   32.3,  ,    ,48.0
18,09,01,2,札幌,5,07,500万下,23,ダ,1,1700,稍,サージュミノル    ,牡,3,菊沢一樹,52.0,14,02,13,13,0,3.5,2,109.2,"1492",0,6,8,10,11,40.5,456,本田優,栗,0,15106180,01161,01099,0118250702,吉岡實,フジワラフアーム,エンパイアメーカー,マウンテンミステリー,"Mt. Livermore",黒鹿,150302,    4.0,  ,    ,42.5
18,09,01,2,札幌,5,07,500万下,23,ダ,1,1700,稍,デュナミス        ,牝,4,勝浦正樹,55.0,14,03,12,12,0,2.2,11,107.9,"1479",0,8,10,12,11,38.9,522,西浦勝一,栗,0,14102181,01025,01016,0118250703,ゴドルフィン,ダーレー・ジャパン,ストリートセンス,チェルビム,サンデーサイレンス,黒鹿,140509,   39.1,  ,    ,46.8
18,09,01,2,札幌,5,07,500万下,23,ダ,1,1700,稍,シネマソングス    ,牝,3,丸山元気,52.0,14,04,4,4,0,0.5,6,106.2,"1462",0,4,4,2,3,38.3,426,小笠倫弘,美,110,15103853,01127,01076,0118250704,グリーンファーム,吉田ファーム,ハーツクライ,アースリヴィング,Yonaguska,黒鹿,150327,   12.0,  ,    ,46.7
18,09,01,2,札幌,5,07,500万下,23,ダ,1,1700,稍,サノヘッド        ,牡,4,小崎綾也,57.0,14,05,14,14,0,7.1,14,112.8,"1528",0,6,6,14,14,43.6,514,栗田徹,美,0,14102487,01152,01127,0118250705,佐野信幸,豊洋牧場,ケイムホーム,ホウヨウターゲット,ジョリーズヘイロー,黒鹿,140415,  250.2,  ,    ,36.6
18,09,01,2,札幌,5,07,500万下,23,ダ,1,1700,稍,アントーニオ      ,牡,3,ルメール,54.0,14,06,11,11,0,2.1,3,107.8,"1478",0,2,2,2,3,40,452,吉村圭司,栗,0,15101666,05339,01130,0118250706,ゴドルフィン,ダーレー・ジャパン,ハードスパン,ラヴァリーノ,"Unbridled's Song",栗毛,150324,    5.6,  ,    ,42.5
18,09,01,2,札幌,5,07,500万下,23,ダ,1,1700,稍,レーヌミラクル    ,牝,5,吉田隼人,55.0,14,07,3,3,0,0.4,4,106.1,"1461",0,10,10,9,8,37.7,482,久保田貴,美,190,13100654,01095,01067,0118250707,酒井喜生,千葉飯田牧場,エンパイアメーカー,シゲルハチマンタイ,シンボリクリスエス,鹿毛,130409,    6.1,  ,    ,49.0
18,09,01,2,札幌,5,07,500万下,23,ダ,1,1700,稍,ボードウォーク    ,牝,3,黛弘人,52.0,14,08,1,1,0,-0.4,1,105.7,"1457",0,1,1,1,1,38.1,446,矢作芳人,栗,750,15106059,01109,01075,0118250708,ヒダカ・ブリーダー,橋本牧場,オルフェーヴル,ハーマジェスティ,ラムタラ,鹿毛,150503,    3.3,  ,    ,46.8
18,09,01,2,札幌,5,07,500万下,23,ダ,1,1700,稍,マイネルネッツ    ,牡,6,丹内祐次,57.0,14,09,6,6,0,0.8,5,106.5,"1465",0,3,3,2,2,38.7,486,水野貴広,美,0,12100005,01091,01094,0118250709,サラブレッドクラブ,赤石久夫,アグネスデジタル,サンディフォルス,サンデーサイレンス,鹿毛,120412,   12.0,  ,    ,45.6
18,09,01,2,札幌,5,07,500万下,23,ダ,1,1700,稍,ブロンズケイ      ,牡,3,横山武史,52.0,14,10,2,2,0,0.4,7,106.1,"1461",0,4,4,5,3,38.1,504,角田晃一,栗,300,15100786,01170,01121,0118250710,畑佐博,細川農場,ローエングリン,ラヴビーム,マンハッタンカフェ,黒鹿,150227,   14.8,  ,    ,47.4
18,09,01,2,札幌,5,07,500万下,23,ダ,1,1700,稍,カガスター        ,牡,3,柴山雄一,54.0,14,11,7,7,0,1.1,9,106.8,"1468",0,8,6,6,3,38.6,442,高市圭二,美,0,15101890,05243,01014,0118250711,香川憲次,広富牧場,ローズキングダム,スイリンカ,ワイルドラッシュ,鹿毛,150506,   32.4,  ,    ,46.4
18,09,01,2,札幌,5,07,500万下,23,ダ,1,1700,稍,ワイルドゲーム    ,牡,5,長岡禎仁,57.0,14,12,8,8,0,1.2,12,106.9,"1469",0,10,10,6,3,38.7,484,石栗龍彦,美,0,13102553,01142,01043,0118250712,小林英一ホールディ,水丸牧場,ハイアーゲーム,コフィーチャン,シンボリクリスエス,鹿毛,130317,  157.2,  ,    ,46.1
18,09,01,2,札幌,5,07,500万下,23,ダ,1,1700,稍,スズカハイライト  ,牡,3,川島信二,54.0,14,13,5,5,0,0.6,10,106.3,"1463",0,14,13,10,10,37.6,448,谷潔,栗,75,15100873,01062,00431,0118250713,永井啓弍,村上牧場,アドマイヤオーラ,サンダークラップ,アフリート,鹿毛,150516,   33.6,  ,    ,49.7
18,09,01,2,札幌,5,07,500万下,23,ダ,1,1700,稍,ウインランブル    ,牡,5,国分恭介,57.0,14,14,9,9,0,1.4,13,107.1,"1471",0,10,8,6,8,38.9,474,中村均,栗,0,13101126,01124,00261,0118250714,ウイン,スガタ牧場,キンシャサノキセキ,オートキュイジーヌ,フレンチデピュティ,鹿毛,130112,  205.9,  ,    ,45.6
18,09,01,2,札幌,5,08,500万下,23,芝,0,2000,良,スパークルメノウ  ,牡,4,横山武史,55.0,16,01,14,14,0,1.8,14,124.9,"2049",0,15,16,16,15,37,472,土田稔,美,0,14104759,01170,00417,0118250801,島川隆哉,千代田牧場,ディープインパクト,スパークルジュエル,"Unbridled's Song",黒鹿,140319,  232.6,  ,    ,51.8
18,09,01,2,札幌,5,08,500万下,23,芝,0,2000,良,ショウナンサニー  ,牡,4,池添謙一,57.0,16,02,9,9,0,1.4,11,124.5,"2045",0,15,13,13,12,36.9,464,須貝尚介,栗,0,14100838,01032,01105,0118250802,国本哲秀,ムラカミファーム,キンシャサノキセキ,ショウナンカルメン,"King Cugat",鹿毛,140313,  160.3,  ,    ,51.7
18,09,01,2,札幌,5,08,500万下,23,芝,0,2000,良,スリーパスポート  ,牡,5,三津谷隼,54.0,16,03,15,15,0,1.9,16,125,"2050",0,7,7,8,7,38,480,南井克巳,栗,0,13105015,01159,01049,0118250803,永井商事,新井牧場,スズカフェニックス,スズカパサー,エルコンドルパサー,黒鹿,130322,  287.0,  ,    ,48.1
18,09,01,2,札幌,5,08,500万下,23,芝,0,2000,良,キョウワベルナルド,牡,4,松岡正海,57.0,16,04,13,13,0,1.7,12,124.8,"2048",0,13,13,13,12,37.1,458,佐々木晶,栗,0,14100169,01085,00429,0118250804,協和牧場,協和牧場,ロージズインメイ,キョウワオーシャン,コマンダーインチーフ,鹿毛,140423,  189.2,  ,    ,51.3
18,09,01,2,札幌,5,08,500万下,23,芝,0,2000,良,ホワイトソニック  ,牡,4,井上敏樹,56.0,16,05,16,16,0,3.2,13,126.3,"2063",0,10,10,13,16,38.6,452,小桧山悟,美,0,14101708,01151,01005,0118250805,島川隆哉,エスティファーム,キャプテントゥーレ,トーセンソニア,ファンタスティックライト,芦毛,140217,  218.1,  ,    ,47.4
18,09,01,2,札幌,5,08,500万下,23,芝,0,2000,良,ステイキングダム  ,牡,5,小崎綾也,57.0,16,06,5,5,0,0.8,9,123.9,"2039",0,10,10,10,10,36.5,422,吉村圭司,栗,75,13105720,01152,01130,0118250806,社台レースホース,社台ファーム,ステイゴールド,ルヴァーガール,Alzao,鹿毛,130407,   57.7,  ,    ,52.6
18,09,01,2,札幌,5,08,500万下,23,芝,0,2000,良,モンテグロッソ    ,牡,3,ルメール,54.0,16,07,2,2,0,0.3,1,123.4,"2034",0,7,7,7,7,36.6,508,木村哲也,美,300,15101568,05339,01126,0118250807,ゴドルフィン,ダーレー・ジャパン,モンテロッソ,アドニータ,Singspiel,青鹿,150313,    2.5,  ,    ,51.6
18,09,01,2,札幌,5,08,500万下,23,芝,0,2000,良,ダンサール        ,牝,3,藤岡康太,52.0,16,08,3,3,0,0.4,2,123.5,"2035",0,9,9,9,7,36.4,524,須貝尚介,栗,190,15104925,01116,01105,0118250808,G1レーシング,ノーザンファーム,ハーツクライ,バラダセール,"Not For Sale",黒鹿,150227,    3.3,  ,    ,52.6
18,09,01,2,札幌,5,08,500万下,23,芝,0,2000,良,リュヌルージュ    ,牝,3,Ｍ．デム,52.0,16,09,1,1,0,-0.3,3,123.1,"2031",0,4,4,4,3,36.6,452,斉藤崇史,栗,750,15102214,05212,01151,0118250809,窪田芳郎,坂東牧場,モンテロッソ,ムーンハウリング,メジロマックイーン,鹿毛,150310,    3.3,  ,    ,51.3
18,09,01,2,札幌,5,08,500万下,23,芝,0,2000,良,ディバインブリーズ,牡,3,丸山元気,54.0,16,10,6,6,0,1,7,124.1,"2041",0,6,4,4,6,37.5,476,須貝尚介,栗,0,15103211,01127,01105,0118250810,杉山忠国,辻牧場,ルーラーシップ,スズカモンスーン,"More Than Ready",黒鹿,150503,   28.9,  ,    ,49.0
18,09,01,2,札幌,5,08,500万下,23,芝,0,2000,良,メイショウテンシャ,牡,4,四位洋文,57.0,16,11,11,11,0,1.5,4,124.6,"2046",0,13,13,12,12,37.1,468,池添兼雄,栗,0,14103577,00700,01021,0118250811,松本好雄,三嶋牧場,ディープインパクト,メイショウベルーガ,フレンチデピュティ,芦毛,140416,   15.3,  ,    ,51.1
18,09,01,2,札幌,5,08,500万下,23,芝,0,2000,良,プティットクルール,牝,4,国分恭介,55.0,16,12,12,12,0,1.6,15,124.7,"2047",0,1,1,1,1,38.5,460,宮徹,栗,0,14104702,01124,01018,0118250812,首藤徳,田原橋本牧場,マンハッタンカフェ,ローリエ,メジロマックイーン,黒鹿,140309,  280.8,  ,    ,46.0
18,09,01,2,札幌,5,08,500万下,23,芝,0,2000,良,ブリシンガメン    ,牝,4,藤岡佑介,55.0,16,13,7,7,0,1.3,10,124.4,"2044",0,2,2,2,2,38.2,454,奥村豊,栗,0,14105584,01093,01146,0118250813,吉田照哉,社台ファーム,ステイゴールド,ディオニージア,"Tejano Run",栗毛,140309,  115.6,  ,    ,46.7
18,09,01,2,札幌,5,08,500万下,23,芝,0,2000,良,ウインラナキラ    ,牝,3,菱田裕二,52.0,16,14,4,4,0,0.8,5,123.9,"2039",0,10,10,10,10,36.5,416,宮徹,栗,110,15100230,01144,01018,0118250814,ウイン,コスモヴューファー,キングカメハメハ,コスモプラチナ,ステイゴールド,鹿毛,150217,   20.0,  ,    ,52.6
18,09,01,2,札幌,5,08,500万下,23,芝,0,2000,良,トータルソッカー  ,牡,4,黛弘人,57.0,16,15,10,10,0,1.5,6,124.6,"2046",0,3,3,3,3,38.2,498,伊藤正徳,美,0,14105104,01109,00383,0118250815,渡邊隆,真歌田中牧場,ダンスインザダーク,ウェンブリー,サツカーボーイ,栗毛,140404,   28.4,  ,    ,46.9
18,09,01,2,札幌,5,08,500万下,23,芝,0,2000,良,ブラゾンダムール  ,牡,3,横山典弘,54.0,16,16,8,8,0,1.4,8,124.5,"2045",0,4,4,4,5,37.9,470,松永幹夫,栗,0,15104144,00660,01092,0118250816,G1レーシング,追分ファーム,ディープインパクト,メダリアダムール,"Medaglia d'Oro",黒鹿,150207,   34.6,  ,    ,47.9
18,09,01,2,札幌,5,09,500万下,23,ダ,1,1700,稍,ミュゼット        ,牝,3,吉田隼人,52.0,14,01,4,4,0,1.3,5,107.4,"1474",0,10,10,10,11,37.9,448,久保田貴,美,110,15101609,01095,01067,0118250901,ゴドルフィン,ダーレー・ジャパン,ハードスパン,サンデーミューズ,アルカセット,栗毛,150504,   11.1,  ,    ,50.0
18,09,01,2,札幌,5,09,500万下,23,ダ,1,1700,稍,カフェアトラス    ,牡,3,木幡初也,53.0,14,02,3,3,0,0.2,3,106.3,"1463",0,3,3,3,2,37.4,512,古賀慎明,美,190,15102644,01153,01079,0118250902,西川光一,三石橋本牧場,カフェオリンポス,カフェローレル,マンハッタンカフェ,鹿毛,150310,    6.8,  ,    ,50.5
18,09,01,2,札幌,5,09,500万下,23,ダ,1,1700,稍,リュミエールドール,牝,4,丸山元気,55.0,14,03,5,5,0,1.3,6,107.4,"1474",0,9,9,7,8,38.2,514,浜田多実,栗,75,14105336,01127,01138,0118250903,社台レースホース,社台コーポレーショ,ルーラーシップ,アルスノヴァ,ダンスインザダーク,鹿毛,140103,   18.8,  ,    ,48.8
18,09,01,2,札幌,5,09,500万下,23,ダ,1,1700,稍,ピエスドール      ,牝,4,加藤祥太,54.0,14,04,14,14,0,4.8,11,110.9,"1509",0,10,12,10,14,41.4,442,高柳大輔,栗,0,14106161,01156,01159,0118250904,田畑憲士,ノーザンファーム,ステイゴールド,マネーキャントバイミーラヴ,Pivotal,鹿毛,140304,  113.2,  ,    ,41.6
18,09,01,2,札幌,5,09,500万下,23,ダ,1,1700,稍,トウシンタイガー  ,セ,5,三津谷隼,54.0,14,05,9,9,0,2,13,108.1,"1481",0,13,13,13,12,37.9,502,山内研二,栗,0,13105693,01159,00388,0118250905,サトー,社台ファーム,ゴールドアリュール,ライブリーチューン,"Dixieland Band",鹿毛,130206,  130.7,  ,    ,51.0
18,09,01,2,札幌,5,09,500万下,23,ダ,1,1700,稍,ブラックイメル    ,牝,3,横山武史,50.0,14,06,10,10,0,2.2,7,108.3,"1483",0,8,8,7,6,39,470,小野次郎,美,0,15102353,01170,01125,0118250906,ケーエスHD,木田牧場,ブラックタイド,キタサンエージャン,カコイーシーズ,黒鹿,150430,   21.6,  ,    ,46.9
18,09,01,2,札幌,5,09,500万下,23,ダ,1,1700,稍,フランドル        ,セ,5,ルメール,57.0,14,07,1,1,0,-0.2,1,106.1,"1461",0,5,5,5,4,37.1,490,藤原英昭,栗,750,13105952,05339,01055,0118250907,寺田寿男,ノーザンファーム,キングカメハメハ,ソニックグルーヴ,フレンチデピュティ,鹿毛,130203,    2.5,  ,    ,51.4
18,09,01,2,札幌,5,09,500万下,23,ダ,1,1700,稍,セイリスペクト    ,牡,3,国分恭介,54.0,14,08,2,2,0,0.2,2,106.3,"1463",0,1,1,1,1,37.6,480,中村均,栗,300,15101420,01124,00261,0118250908,金田成基,庄野牧場,メイショウボーラー,グラールホーリー,アフリート,黒鹿,150411,    3.6,  ,    ,49.7
18,09,01,2,札幌,5,09,500万下,23,ダ,1,1700,稍,アルマアノン      ,牝,3,小崎綾也,52.0,14,09,7,7,0,1.3,8,107.4,"1474",0,3,3,3,3,38.5,452,佐々木晶,栗,0,15100195,01152,00429,0118250909,コウトミックレーシ,小泉牧場,キンシャサノキセキ,イナズマローレル,ピルサドスキー,青鹿,150313,   31.6,  ,    ,47.6
18,09,01,2,札幌,5,09,500万下,23,ダ,1,1700,稍,スズノアリュール  ,牡,3,黛弘人,54.0,14,10,13,13,0,2.8,12,108.9,"1489",0,2,2,2,9,40.1,482,矢作芳人,栗,0,15103768,01109,01075,0118250910,新木鈴子,ヒダカフアーム,ゴールドアリュール,アジアンプリンセス,"Giant's Causeway",鹿毛,150304,  123.1,  ,    ,43.6
18,09,01,2,札幌,5,09,500万下,23,ダ,1,1700,稍,フレッシビレ      ,牝,3,丹内祐次,52.0,14,11,11,11,0,2.4,14,108.5,"1485",0,6,7,7,6,39.3,508,藤原辰雄,美,0,15105605,01091,00435,0118250911,グランド牧場,グランド牧場,スズカコーズウェイ,デラモーレ,ディープインパクト,栗毛,150506,  149.7,  ,    ,46.0
18,09,01,2,札幌,5,09,500万下,23,ダ,1,1700,稍,ユノディエール    ,牡,4,古川吉洋,57.0,14,12,6,6,0,1.3,9,107.4,"1474",0,10,10,10,9,37.9,446,岡田稲男,栗,0,14105971,01015,01066,0118250912,ロイヤルパーク,ノーザンファーム,ハービンジャー,ジュピターズジャズ,サンデーサイレンス,鹿毛,140307,   46.0,  ,    ,50.0
18,09,01,2,札幌,5,09,500万下,23,ダ,1,1700,稍,メイクグローリー  ,牡,4,松田大作,57.0,14,13,12,12,0,2.6,10,108.7,"1487",0,6,5,5,4,39.6,466,武英智,栗,0,14106436,01030,01161,0118250913,ライオンレースホー,絵笛牧場,フレンチデピュティ,メイクマイバンドル,サンデーサイレンス,栗毛,140323,   46.5,  ,    ,45.2
18,09,01,2,札幌,5,09,500万下,23,ダ,1,1700,稍,クールデザイン    ,牝,4,藤岡康太,55.0,14,14,8,8,0,1.9,4,108,"1480",0,13,13,13,12,37.8,454,平田修,栗,0,14105520,01116,01082,0118250914,社台レースホース,社台ファーム,ディープインパクト,シンディ,"A.P. Indy",鹿毛,140301,    7.0,  ,    ,51.3
18,09,01,2,札幌,5,10,札幌スポ1000,43,芝,0,1200,良,カフジオリオン    ,牡,6,古川吉洋,57.0,16,01,15,15,0,1.4,12,71.8,"1118",0,0,0,14,15,36.1,490,中竹和也,栗,0,12110079,01015,01039,0118251001,加藤守,"Lester Kwok & Dr.",Pulpit,"Patti O'Rahy",Rahy,鹿毛,120522,  184.4,  ,    ,48.9
18,09,01,2,札幌,5,10,札幌スポ1000,43,芝,0,1200,良,レッドカーペット  ,牡,5,加藤祥太,57.0,16,02,16,16,0,1.6,14,72,"1120",0,0,0,15,16,36.1,520,高野友和,栗,0,13105962,01156,01117,0118251002,泉新キャピタル,ノーザンファーム,ダノンシャンティ,タペストリー,"Fusaichi Pegasus",栗毛,130507,  338.9,  ,    ,49.4
18,09,01,2,札幌,5,10,札幌スポ1000,43,芝,0,1200,良,コロラトゥーレ    ,牝,4,岩田康誠,55.0,16,03,7,7,0,0.4,3,70.8,"1108",0,0,0,7,7,35.8,444,梅田智之,栗,0,14102019,05203,01084,0118251003,廣崎利洋HD,"Shall Farm",タイキシャトル,ディープインアスク,ディープインパクト,鹿毛,140227,    7.5,  ,    ,47.8
18,09,01,2,札幌,5,10,札幌スポ1000,43,芝,0,1200,良,ウォーターバオバブ,牡,5,柴山雄一,57.0,16,04,14,14,0,1.3,16,71.7,"1117",0,0,0,12,12,36.3,498,岡田稲男,栗,0,13103133,05243,01066,0118251004,山岡良一,伏木田牧場,ウォーターリーグ,ウォーターエナン,"Boston Harbor",栗毛,130228,  385.4,  ,    ,47.5
18,09,01,2,札幌,5,10,札幌スポ1000,43,芝,0,1200,良,タイセイソニック  ,牡,3,藤岡佑介,55.0,16,05,4,4,0,0.2,7,70.6,"1106",0,0,0,16,14,34.6,462,西村真幸,栗,230,15102528,01093,01148,0118251005,田中成奉,萩澤國男,ディープブリランテ,ヴィエナトウショウ,ワイルドラッシュ,黒鹿,150313,   16.2,  ,    ,54.0
18,09,01,2,札幌,5,10,札幌スポ1000,43,芝,0,1200,良,サラデコラシオン  ,牝,4,池添謙一,55.0,16,06,5,5,0,0.4,9,70.8,"1108",0,0,0,4,4,36.1,440,岩戸孝樹,美,150,14100778,01032,01051,0118251006,川崎賢二,前川隆範,タニノギムレット,アースツリー,デュランダル,栗毛,140327,   30.2,  ,    ,46.1
18,09,01,2,札幌,5,10,札幌スポ1000,43,芝,0,1200,良,シンフォニア      ,牝,6,小崎綾也,55.0,16,07,13,13,0,1.1,13,71.5,"1115",0,0,0,10,10,36.3,492,戸田博文,美,0,12105410,01152,01054,0118251007,安原浩司,辻牧場,サクラバクシンオー,ファニーモーク,"Distorted Humor",栗毛,120407,  185.2,  ,    ,47.0
18,09,01,2,札幌,5,10,札幌スポ1000,43,芝,0,1200,良,アリア            ,牝,3,丸山元気,53.0,16,08,9,9,0,0.8,2,71.2,"1112",0,0,0,2,1,36.8,492,沖芳夫,栗,0,15104150,01127,00378,0118251008,樋口稔,社台コーポレーショ,ダイワメジャー,ラプターセイハート,トワイニング,栗毛,150424,    4.8,  ,    ,43.5
18,09,01,2,札幌,5,10,札幌スポ1000,43,芝,0,1200,良,パッションチカ    ,牝,4,国分恭介,55.0,16,09,12,12,0,1,11,71.4,"1114",0,0,0,4,4,36.7,446,崎山博樹,栗,0,14103015,01124,00365,0118251009,冨沢敦子,浦河小林牧場,ナカヤマフェスタ,コルチカ,Machiavellian,鹿毛,140410,   75.5,  ,    ,44.6
18,09,01,2,札幌,5,10,札幌スポ1000,43,芝,0,1200,良,キングキングキング,牡,3,松岡正海,55.0,16,10,11,11,0,0.9,8,71.3,"1113",0,0,0,4,4,36.6,482,国枝栄,美,0,15103195,01085,00399,0118251010,嶋田賢,辻牧場,キングズベスト,アドマイヤアロング,スペシャルウィーク,黒鹿,150426,   28.1,  ,    ,44.8
18,09,01,2,札幌,5,10,札幌スポ1000,43,芝,0,1200,良,アロンザモナ      ,牝,4,石川裕紀,55.0,16,11,8,8,0,0.7,15,71.1,"1111",0,0,0,10,10,35.9,478,西浦勝一,栗,0,14101289,01150,01016,0118251011,ディアレストクラブ,広田牧場,ストリートセンス,リザーブシート,クリエイター,鹿毛,140313,  379.6,  ,    ,48.1
18,09,01,2,札幌,5,10,札幌スポ1000,43,芝,0,1200,良,レヴァンテライオン,牡,4,五十嵐冬,57.0,16,12,10,10,0,0.8,10,71.2,"1112",0,0,0,1,2,36.9,486,矢作芳人,栗,0,14110043,05091,01075,0118251012,ライオンレースホー,"Hargus Sexton Sand","Pioneerof the Nile","Ghostly Darkness",Ghostzapper,黒鹿,140323,   45.8,  ,    ,43.0
18,09,01,2,札幌,5,10,札幌スポ1000,43,芝,0,1200,良,スワーヴアーサー  ,牡,5,ルメール,57.0,16,13,6,6,0,0.4,1,70.8,"1108",0,0,0,7,7,35.8,500,庄野靖志,栗,0,13105681,05339,01087,0118251013,NICKS,社台ファーム,ヴィクトワールピサ,メイキアシー,"Sadler's Wells",鹿毛,130218,    2.0,  ,    ,47.8
18,09,01,2,札幌,5,10,札幌スポ1000,43,芝,0,1200,良,リナーテ          ,牝,4,藤岡康太,55.0,16,14,1,1,0,0,5,70.4,"1104",0,0,0,7,7,35.4,480,須貝尚介,栗,1500,14106168,01116,01105,0118251014,サンデーレーシング,ノーザンファーム,ステイゴールド,マルペンサ,Orpen,黒鹿,140131,   13.9,  ,    ,48.9
18,09,01,2,札幌,5,10,札幌スポ1000,43,芝,0,1200,良,プレトリア        ,セ,3,吉田隼人,55.0,16,15,2,2,0,0,6,70.4,"1104",0,0,0,13,12,34.8,444,中川公成,美,600,15103675,01095,01081,0118251015,多田賢司,大北牧場,ヨハネスブルグ,ダイワエタニティー,ジャングルポケット,鹿毛,150503,   14.1,  ,    ,52.3
18,09,01,2,札幌,5,10,札幌スポ1000,43,芝,0,1200,良,シンボリバーグ    ,牝,4,蛯名正義,55.0,16,16,3,3,0,0.2,4,70.6,"1106",0,0,0,2,2,36.2,496,藤沢和雄,美,380,14102667,00663,00386,0118251016,シンボリ牧場,シンボリ牧場,ダイワメジャー,スポークンファー,Notebook,芦毛,140502,   10.8,  ,    ,45.0
18,09,01,2,札幌,5,11,札幌２歳G3,163,芝,0,1800,良,クラージュゲリエ  ,牡,2,Ｍ．デム,54.0,14,01,3,3,0,0.1,1,110.2,"1502",0,8,9,12,5,36.8,462,池江泰寿,栗,780,16104778,05212,01071,0118251101,キャロットファーム,ノーザンファーム,キングカメハメハ,ジュモー,タニノギムレット,鹿毛,160224,    2.5,  ,    ,49.7
18,09,01,2,札幌,5,11,札幌２歳G3,163,芝,0,1800,良,エメラルファイト  ,牡,2,石川裕紀,54.0,14,02,4,4,0,0.3,8,110.4,"1504",0,12,12,11,9,37.1,446,相沢郁,美,470,16101814,01150,01020,0118251102,高橋勉,金成吉田牧場,クロフネ,セトウチソーラー,スペシャルウィーク,芦毛,160409,   70.4,  ,    ,48.8
18,09,01,2,札幌,5,11,札幌２歳G3,163,芝,0,1800,良,ニシノデイジー    ,牡,2,勝浦正樹,54.0,14,03,1,1,0,0,6,110.1,"1501",0,10,11,8,2,37,474,高木登,美,3100,16103444,01025,01088,0118251103,西山茂行,谷川牧場,ハービンジャー,ニシノヒナギク,アグネスタキオン,鹿毛,160418,   28.2,  ,    ,48.8
18,09,01,2,札幌,5,11,札幌２歳G3,163,芝,0,1800,良,ラバストーン      ,牡,2,加藤祥太,54.0,14,04,14,14,0,4.6,14,114.7,"1547",0,1,1,2,11,42.2,454,大江原哲,美,0,16101770,01156,01012,0118251104,田頭勇貴,杵臼牧場,ナカヤマフェスタ,アドマイヤイチ,ヘクタープロテクター,鹿毛,160219,  454.9,  ,    ,35.9
18,09,01,2,札幌,5,11,札幌２歳G3,163,芝,0,1800,良,アフランシール    ,牝,2,岩田康誠,54.0,14,05,5,5,0,0.8,3,110.9,"1509",0,5,5,8,5,37.8,484,尾関知人,美,310,16100625,05203,01103,0118251105,前田幸治,ノースヒルズ,ハーツクライ,ルシュクル,サクラバクシンオー,鹿毛,160415,    6.4,  ,    ,46.7
18,09,01,2,札幌,5,11,札幌２歳G3,163,芝,0,1800,良,セントセシリア    ,牝,2,川島信二,54.0,14,06,13,13,0,3.9,13,114,"1540",0,2,2,7,13,41,400,矢作芳人,栗,0,16102768,01062,01075,0118251106,田所英子,天羽牧場,ハービンジャー,セシリア,アグネスタキオン,栗毛,160309,  312.9,  ,    ,39.0
18,09,01,2,札幌,5,11,札幌２歳G3,163,芝,0,1800,良,ナンヨーイザヨイ  ,牡,2,藤岡佑介,54.0,14,07,11,11,0,3,7,113.1,"1531",0,2,2,1,5,40.6,470,松永幹夫,栗,0,16104491,01093,01092,0118251107,中村徳也,ノーザンファーム,エイシンフラッシュ,シャルルヴォア,スペシャルウィーク,黒鹿,160224,   40.4,  ,    ,39.3
18,09,01,2,札幌,5,11,札幌２歳G3,163,芝,0,1800,良,ダディーズマインド,牡,2,丸山元気,54.0,14,08,9,9,0,1.9,10,112,"1520",0,6,5,4,9,39.2,472,青木孝文,美,0,16104035,01127,01156,0118251108,田島大史,スカイビーチステー,トーセンホマレボシ,ケイティーズギフト,フレンチデピュティ,鹿毛,160302,   78.5,  ,    ,42.9
18,09,01,2,札幌,5,11,札幌２歳G3,163,芝,0,1800,良,ラブミーファイン  ,牝,2,池添謙一,54.0,14,09,8,8,0,1.6,5,111.7,"1517",0,4,2,3,2,39.1,434,田所秀孝,栗,0,16106424,01032,01009,0118251109,小林祥晃,チャンピオンズファ,ジャスタウェイ,ヤマノラヴ,アグネスデジタル,鹿毛,160519,   14.7,  ,    ,42.8
18,09,01,2,札幌,5,11,札幌２歳G3,163,芝,0,1800,良,ウィクトーリア    ,牝,2,田辺裕信,54.0,14,10,7,7,0,1.3,2,111.4,"1514",0,6,7,4,2,38.6,462,小島茂之,美,0,16104836,01075,01068,0118251110,シルクレーシング,ノーザンファーム,ヴィクトワールピサ,ブラックエンブレム,ウォーエンブレム,鹿毛,160327,    2.9,  ,    ,44.3
18,09,01,2,札幌,5,11,札幌２歳G3,163,芝,0,1800,良,クリスタルバローズ,牡,2,藤岡康太,54.0,14,11,6,6,0,1.3,11,111.4,"1514",0,10,9,8,5,38.3,464,奥村武,美,0,16100302,01116,01145,0118251111,猪熊広次,シンユウフアーム,ヴィクトワールピサ,クロスバラード,タイキシャトル,鹿毛,160329,  101.0,  ,    ,45.4
18,09,01,2,札幌,5,11,札幌２歳G3,163,芝,0,1800,良,トーセンギムレット,牡,2,松岡正海,54.0,14,12,10,10,0,2.6,9,112.7,"1527",0,13,13,13,11,38.9,512,萱野浩二,美,0,16103809,01085,01024,0118251112,島川隆哉,エスティファーム,ディープブリランテ,エラドゥーラ,"Sultry Song",鹿毛,160417,   73.2,  ,    ,44.9
18,09,01,2,札幌,5,11,札幌２歳G3,163,芝,0,1800,良,テイエムバリバリ  ,牡,2,横山典弘,54.0,14,13,12,12,0,3.7,12,113.8,"1538",0,14,14,14,14,39.8,446,石栗龍彦,美,0,16100901,00660,01043,0118251113,竹園正繼,村上雅規,トーセンホマレボシ,ヴァリュー,"Belong to Me",黒鹿,160306,  264.2,  ,    ,43.0
18,09,01,2,札幌,5,11,札幌２歳G3,163,芝,0,1800,良,ナイママ          ,牡,2,五十嵐冬,54.0,14,14,2,2,0,0,4,110.1,"1501",0,8,8,4,1,37.3,442,田部和則,地,1200,16103387,05091,05105,0118251114,ビッグレッドファー,道見牧場,ダノンバラード,ニシノマドカ,ジャングルポケット,鹿毛,160324,    8.0,  ,    ,47.6
18,09,01,2,札幌,5,12,日高特別1000,43,芝,0,2000,良,キングラディウス  ,牡,5,丹内祐次,57.0,16,01,16,16,0,3.1,13,126.7,"2067",0,7,6,11,15,39.7,474,羽月友彦,栗,0,13101748,01091,01091,0118251201,菅原広隆,新冠橋本牧場,キングカメハメハ,アドマイヤカグラ,スペシャルウィーク,栗毛,130123,  241.5,  ,    ,43.9
18,09,01,2,札幌,5,12,日高特別1000,43,芝,0,2000,良,ジェシー          ,牡,3,ルメール,54.0,16,02,2,2,0,0.2,2,123.8,"2038",0,7,6,5,5,37.1,474,中内田充,栗,600,15104830,05339,01137,0118251202,キャロットファーム,坂東牧場,エイシンフラッシュ,ジェシカ,トニービン,鹿毛,150328,    3.8,  ,    ,50.2
18,09,01,2,札幌,5,12,日高特別1000,43,芝,0,2000,良,シトロプシス      ,牝,5,勝浦正樹,55.0,16,03,11,11,0,1.9,15,125.5,"2055",0,16,16,16,13,37.9,458,畠山吉宏,美,0,13105703,01025,01048,0118251203,社台レースホース,社台ファーム,ジャングルポケット,ラピッドオレンジ,エルコンドルパサー,鹿毛,130508,  334.8,  ,    ,49.1
18,09,01,2,札幌,5,12,日高特別1000,43,芝,0,2000,良,フィールドシャルム,牡,5,横山武史,57.0,16,04,12,12,0,2.2,16,125.8,"2058",0,2,2,5,9,39.1,490,土田稔,美,0,13106214,01170,00417,0118251204,岡浩二,パカパカファーム,アドマイヤムーン,タイキクラリティ,スペシャルウィーク,鹿毛,130308,  416.4,  ,    ,45.0
18,09,01,2,札幌,5,12,日高特別1000,43,芝,0,2000,良,シャリオヴァルト  ,セ,5,蛯名正義,57.0,16,05,5,5,0,0.4,9,124,"2040",0,14,14,13,9,36.8,464,尾関知人,美,150,13101799,00663,01103,0118251205,前田幸治,ノースヒルズ,マンハッタンカフェ,エミナ,Danehill,鹿毛,130420,   49.3,  ,    ,51.6
18,09,01,2,札幌,5,12,日高特別1000,43,芝,0,2000,良,アドマイヤメテオ  ,セ,7,横山典弘,57.0,16,06,7,7,0,0.6,10,124.2,"2042",0,4,4,5,5,37.5,450,須貝尚介,栗,0,11103905,00660,01105,0118251206,近藤利一,ノーザンファーム,キングカメハメハ,ジェダイト,サンデーサイレンス,青鹿,110201,   87.6,  ,    ,49.1
18,09,01,2,札幌,5,12,日高特別1000,43,芝,0,2000,良,サヤカチャン      ,牝,3,松岡正海,52.0,16,07,15,15,0,3,7,126.6,"2066",0,1,1,1,7,40.2,454,田所秀孝,栗,0,15105843,01085,01009,0118251207,瀬谷隆雄,棚川光男,リーチザクラウン,アップルトウショウ,アンバーシヤダイ,鹿毛,150429,   25.2,  ,    ,42.1
18,09,01,2,札幌,5,12,日高特別1000,43,芝,0,2000,良,エルリストン      ,セ,5,丸山元気,57.0,16,08,8,8,0,0.7,4,124.3,"2043",0,4,4,2,1,37.8,476,橋口慎介,栗,0,13105214,01127,01154,0118251208,G1レーシング,追分ファーム,マンハッタンカフェ,アスペンアベニュー,トワイニング,黒鹿,130211,    7.0,  ,    ,48.1
18,09,01,2,札幌,5,12,日高特別1000,43,芝,0,2000,良,アメリカンワールド,牡,3,藤岡佑介,54.0,16,09,14,14,0,2.6,6,126.2,"2062",0,10,9,11,13,39.2,474,藤岡健一,栗,0,15110027,01093,01062,0118251209,吉澤克己,"St. Elias Stables","Kitten's Joy",Limonar,"Street Cry",栗毛,150403,   16.6,  ,    ,45.1
18,09,01,2,札幌,5,12,日高特別1000,43,芝,0,2000,良,オールドクラシック,牡,5,五十嵐冬,57.0,16,10,10,10,0,1.6,14,125.2,"2052",0,10,9,9,9,38.3,476,矢作芳人,栗,0,13106060,05091,01075,0118251210,リーヴァ,ノーザンファーム,ダノンシャンティ,ブローオブサンダー,クロフネ,青鹿,130505,  314.1,  ,    ,47.2
18,09,01,2,札幌,5,12,日高特別1000,43,芝,0,2000,良,ベイビーステップ  ,牡,4,小崎綾也,57.0,16,11,9,9,0,1.3,11,124.9,"2049",0,13,12,13,15,37.6,492,菊川正達,美,0,14103156,01152,01052,0118251211,大塚亮一,杵臼牧場,タイキシャトル,カルテブランシェ,ゴールドアリュール,鹿毛,140412,  167.5,  ,    ,49.5
18,09,01,2,札幌,5,12,日高特別1000,43,芝,0,2000,良,メイショウホウトウ,牡,7,加藤祥太,57.0,16,12,6,6,0,0.5,12,124.1,"2041",0,10,12,13,12,36.9,498,沖芳夫,栗,0,11103071,01156,00378,0118251212,松本好雄,大島牧場,スズカマンボ,オオシマパンジー,スキャン,青鹿,110402,  227.3,  ,    ,51.3
18,09,01,2,札幌,5,12,日高特別1000,43,芝,0,2000,良,ファストアプローチ,牡,3,Ｍ．デム,54.0,16,13,13,13,0,2.2,1,125.8,"2058",0,3,2,2,2,39.3,550,藤沢和雄,美,0,15104835,05212,00386,0118251213,山本英俊,ノーザンファーム,"Dawn Approach",ジョリージョコンド,Marju,栗毛,150226,    2.7,  ,    ,44.3
18,09,01,2,札幌,5,12,日高特別1000,43,芝,0,2000,良,カリビアンゴールド,牝,4,藤岡康太,55.0,16,14,1,1,0,-0.2,3,123.6,"2036",0,6,6,4,2,37,460,鮫島一歩,栗,1500,14102161,01116,01046,0118251214,ゴドルフィン,ダーレー・ジャパン,ステイゴールド,サバナパディーダ,"Cape Cross",黒鹿,140209,    4.5,  ,    ,50.3
18,09,01,2,札幌,5,12,日高特別1000,43,芝,0,2000,良,ダブルシャープ    ,牡,3,池添謙一,54.0,16,15,3,3,0,0.2,5,123.8,"2038",0,7,9,5,4,37.1,480,渡辺薫彦,栗,380,15100887,01032,01155,0118251215,天堀忠博,村上雅規,ベーカバド,メジロルーシュバー,アグネスタキオン,鹿毛,150326,   11.5,  ,    ,50.2
18,09,01,2,札幌,5,12,日高特別1000,43,芝,0,2000,良,ニシノカブケ      ,牡,6,柴山雄一,57.0,16,16,4,4,0,0.4,8,124,"2040",0,14,14,9,7,37.1,502,萱野浩二,美,230,12102498,05243,01024,0118251216,西山茂行,本桐牧場,ハービンジャー,ニシノタカラヅカ,サンデーサイレンス,栗毛,120523,   41.5,  ,    ,50.4
18,09,02,2,札幌,6,01,未勝利*,7,芝,0,1500,良,イリュージョニスト,牡,2,黛弘人,54.0,14,01,11,11,0,2.7,13,93.7,"1337",0,0,9,9,9,37.1,474,中舘英二,美,0,16102993,01109,01153,0118260101,コスモヴューファー,坂牧場,パイロ,キャンベルイモン,バブルガムフェロー,黒鹿,160414,  140.5,  ,    ,51.7
18,09,02,2,札幌,6,01,未勝利*,7,芝,0,1500,良,タカノアンジェラス,牡,2,四位洋文,54.0,14,02,8,8,0,2.3,6,93.3,"1333",0,0,13,12,14,36.5,440,昆貢,栗,0,16102533,00700,01044,0118260102,山口多賀司,東栄牧場,ダノンバラード,スプリングタイムロマンス,"Kris S.",青鹿,160404,   17.6,  ,    ,53.7
18,09,02,2,札幌,6,01,未勝利*,7,芝,0,1500,良,プレイングラン    ,牡,2,木幡初也,53.0,14,03,13,13,0,2.8,9,93.8,"1338",0,0,6,9,12,37.2,470,小西一男,美,0,16101339,01153,00405,0118260103,スリースターズレー,平野牧場,オウケンブルースリ,アルフィルク,アグネスタキオン,栗毛,160411,   41.0,  ,    ,51.4
18,09,02,2,札幌,6,01,未勝利*,7,芝,0,1500,良,ニシノバモス      ,牡,2,丸山元気,54.0,14,04,2,2,0,1.4,4,92.4,"1324",0,0,3,3,2,36.3,440,浅見秀一,栗,200,16103442,01127,00411,0118260104,西山茂行,村上欽哉,ノヴェリスト,ニシノテキーラ,マンハッタンカフェ,栗毛,160323,   11.5,  ,    ,53.0
18,09,02,2,札幌,6,01,未勝利*,7,芝,0,1500,良,ストロングジェット,牡,2,松岡正海,54.0,14,05,12,12,0,2.7,7,93.7,"1337",0,0,6,6,7,37.3,406,伊藤伸一,美,0,16104184,01085,01031,0118260105,コスモヴューファー,真壁信一,ストロングリターン,ハイスタージェット,キングカメハメハ,鹿毛,160423,   30.9,  ,    ,50.8
18,09,02,2,札幌,6,01,未勝利*,7,芝,0,1500,良,ライデンシャフト  ,牝,2,横山武史,52.0,14,06,1,1,0,-1.4,1,91,"1310",0,0,1,1,1,35.2,464,池上昌和,美,500,16106371,01170,01150,0118260106,ヒダカ・ブリーダー,矢野牧場,ノヴェリスト,プレザントブリーズ,マンハッタンカフェ,黒鹿,160410,    2.8,  ,    ,55.7
18,09,02,2,札幌,6,01,未勝利*,7,芝,0,1500,良,フライトゥヘヴン  ,牝,2,菊沢一樹,52.0,14,07,9,9,0,2.3,11,93.3,"1333",0,0,2,2,4,37.3,414,新開幸一,美,0,16102108,01161,01116,0118260107,大塚亮一,日の出牧場,ヨハネスブルグ,パピュラ,ブライアンズタイム,栗毛,160414,  118.7,  ,    ,50.1
18,09,02,2,札幌,6,01,未勝利*,7,芝,0,1500,良,エピローグ        ,牝,2,藤岡佑介,54.0,14,08,4,4,0,1.8,3,92.8,"1328",0,0,3,6,6,36.4,462,小崎憲,栗,75,16101402,01093,01085,0118260108,藤田好紀,前田ファーム,ハービンジャー,ルイーズ,ロージズインメイ,鹿毛,160120,    5.5,  ,    ,53.3
18,09,02,2,札幌,6,01,未勝利*,7,芝,0,1500,良,マイネルハイボーン,牡,2,国分恭介,54.0,14,09,7,7,0,2.2,14,93.2,"1332",0,0,12,13,12,36.2,440,佐藤吉勝,美,0,16100683,01124,01035,0118260109,サラブレッドクラブ,ビッグレッドファー,ナカヤマフェスタ,クラールハイト,キングカメハメハ,鹿毛,160517,  168.0,  ,    ,55.0
18,09,02,2,札幌,6,01,未勝利*,7,芝,0,1500,良,トワイライトビギン,牝,2,勝浦正樹,54.0,14,10,6,6,0,1.9,12,92.9,"1329",0,0,13,9,7,36.3,454,小野次郎,美,0,16101474,01025,01125,0118260110,田島榮二郎,元茂牧場,タイキシャトル,ファルファラ,キングカメハメハ,鹿毛,160303,  136.1,  ,    ,53.9
18,09,02,2,札幌,6,01,未勝利*,7,芝,0,1500,良,マッシブアプローズ,牡,2,菱田裕二,54.0,14,11,5,5,0,1.9,10,92.9,"1329",0,0,9,13,9,35.9,498,作田誠二,栗,50,16100197,01144,01006,0118260111,小林竜太郎,協和牧場,キングヘイロー,キョウワキララ,タップダンスシチー,鹿毛,160419,   49.9,  ,    ,55.8
18,09,02,2,札幌,6,01,未勝利*,7,芝,0,1500,良,ピサノメタルシティ,牡,2,藤岡康太,54.0,14,12,10,10,0,2.4,8,93.4,"1334",0,0,9,3,4,37.2,492,武幸四郎,栗,0,16104472,01116,01160,0118260112,市川義美ホールディ,ノーザンファーム,ハービンジャー,グレイトフルデッド,ハーツクライ,鹿毛,160226,   33.2,  ,    ,50.7
18,09,02,2,札幌,6,01,未勝利*,7,芝,0,1500,良,マードレヴォイス  ,牡,2,岩田康誠,54.0,14,13,3,3,0,1.6,2,92.6,"1326",0,0,3,3,3,36.5,458,田村康仁,美,130,16105087,05203,01027,0118260113,ディアレストクラブ,社台ファーム,ダイワメジャー,ソウルフルヴォイス,キングカメハメハ,栗毛,160522,    3.1,  ,    ,52.5
18,09,02,2,札幌,6,01,未勝利*,7,芝,0,1500,良,ドゥーエノルドゥ  ,牝,2,丹内祐次,54.0,14,14,14,14,0,2.8,5,93.8,"1338",0,0,6,6,9,37.4,466,和田勇介,美,0,16100688,01091,01165,0118260114,ビッグレッドファー,ビッグレッドファー,ナカヤマフェスタ,ケイツーノース,ファルブラヴ,栗毛,160322,   14.7,  ,    ,50.5
18,09,02,2,札幌,6,02,未勝利*,7,芝,0,1200,良,オーロセレステ    ,牝,2,井上敏樹,53.0,15,01,8,8,0,1.6,6,73.1,"1131",0,0,0,14,12,35.5,414,小桧山悟,美,0,16103238,01151,01005,0118260201,柴原榮,瀬戸牧場,ショウナンカンプ,ライフブリーズ,ステイゴールド,鹿毛,160226,   56.9,  ,    ,55.9
18,09,02,2,札幌,6,02,未勝利*,7,芝,0,1200,良,ヒョットシテ      ,牝,2,丹内祐次,54.0,15,02,7,7,0,1.1,10,72.6,"1126",0,0,0,7,6,36.5,438,加藤和宏,美,0,16105318,01091,01077,0118260202,"Grande Racing",絵笛牧場,モンテロッソ,イフポッシブル,ブライアンズタイム,鹿毛,160316,  289.5,  ,    ,48.9
18,09,02,2,札幌,6,02,未勝利*,7,芝,0,1200,良,ドゥシャンパーニュ,牝,2,ルメール,54.0,15,03,3,3,0,0.2,1,71.7,"1117",0,0,0,3,3,36.1,422,安田翔伍,栗,130,16104680,05339,01164,0118260203,大塚亮一,ノーザンファーム,ロードカナロア,ロゼシャンパーニュ,ゼンノロブロイ,青鹿,160329,    1.8,  ,    ,48.6
18,09,02,2,札幌,6,02,未勝利*,7,芝,0,1200,良,ユウナブランシェ  ,牝,2,竹之下智,54.0,15,04,10,10,0,2.5,15,74,"1140",0,0,0,12,13,37,420,千田輝彦,栗,0,16100372,01036,01120,0118260204,野田善己,武田修一,ベーカバド,ヴァレンス,アドマイヤムーン,鹿毛,160421,  532.2,  ,    ,50.0
18,09,02,2,札幌,6,02,未勝利*,7,芝,0,1200,良,ビップデーア      ,牝,2,城戸義政,54.0,15,05,13,13,0,2.7,11,74.2,"1142",0,0,0,12,11,37.1,420,松下武士,栗,0,16105965,01147,01149,0118260205,鈴木邦英,千代田牧場,ダノンシャンティ,アールヌーヴォー,ブライアンズタイム,栗毛,160416,  291.4,  ,    ,50.0
18,09,02,2,札幌,6,02,未勝利*,7,芝,0,1200,良,ヨドノミラクル    ,牡,2,四位洋文,54.0,15,06,11,11,0,2.6,7,74.1,"1141",0,0,0,10,9,37.3,470,鹿戸雄一,美,0,16102583,00700,01097,0118260206,海原聖一,林農場,スターリングローズ,クイーンマルサ,ステイゴールド,栗毛,160422,   68.3,  ,    ,48.7
18,09,02,2,札幌,6,02,未勝利*,7,芝,0,1200,良,メジャーハリケーン,牡,2,藤岡康太,54.0,15,07,4,4,0,0.4,2,71.9,"1119",0,0,0,2,2,36.4,480,清水久詞,栗,75,16106176,01116,01110,0118260207,林正道,服部牧場,ダイワメジャー,マザイ,Fasliyev,青鹿,160322,    2.5,  ,    ,47.5
18,09,02,2,札幌,6,02,未勝利*,7,芝,0,1200,良,ユウユウリアン    ,牡,2,菊沢一樹,52.0,15,08,14,14,0,2.8,14,74.3,"1143",0,0,0,9,10,37.6,420,小桧山悟,美,0,16100130,01161,01005,0118260208,谷口祐人,オリエント牧場,ベーカバド,シルキーグルーヴ,トニービン,鹿毛,160323,  473.3,  ,    ,47.6
18,09,02,2,札幌,6,02,未勝利*,7,芝,0,1200,良,キモンボーイ      ,牡,2,川島信二,54.0,15,09,12,12,0,2.7,8,74.2,"1142",0,0,0,14,15,36.6,480,田所秀孝,栗,0,16106283,01062,01009,0118260209,小林祥晃,へいはた牧場,キモンノカシワ,コパノプレゼント,サクラバクシンオー,鹿毛,160217,  119.0,  ,    ,52.7
18,09,02,2,札幌,6,02,未勝利*,7,芝,0,1200,良,シェルトファータ  ,牝,2,菱田裕二,54.0,15,10,6,6,0,1.1,9,72.6,"1126",0,0,0,8,7,36.4,434,高柳大輔,栗,0,16100943,01144,01159,0118260210,水谷昌晃,森永聡,ヘニーヒューズ,セイントブルック,"Saint Ballado",栗毛,160430,  156.0,  ,    ,49.5
18,09,02,2,札幌,6,02,未勝利*,7,芝,0,1200,良,マジックハンター  ,牡,2,丸山元気,54.0,15,11,2,2,0,0.2,5,71.7,"1117",0,0,0,5,5,35.9,434,根本康広,美,200,16105353,01127,01029,0118260211,村山忠弘,鹿戸正幸,スクリーンヒーロー,スターコンドル,エルコンドルパサー,黒鹿,160516,   50.7,  ,    ,49.7
18,09,02,2,札幌,6,02,未勝利*,7,芝,0,1200,良,ロマン            ,牝,2,加藤祥太,53.0,15,12,15,15,0,3.3,12,74.8,"1148",0,0,0,10,13,38,412,和田勇介,美,0,16101030,01156,01165,0118260212,中村智幸,稲葉牧場,アルデバラン2,クィーンロマンス,ティンバーカントリー,鹿毛,160507,  357.7,  ,    ,46.8
18,09,02,2,札幌,6,02,未勝利*,7,芝,0,1200,良,ナツノトビラ      ,牝,2,木幡初也,53.0,15,13,9,9,0,1.8,13,73.3,"1133",0,0,0,5,7,37.5,426,杉浦宏昭,美,0,16103461,01153,01008,0118260213,堀口晴男,日西牧場,スウェプトオーヴァーボード,ニッセイグリーン,シンボリクリスエス,鹿毛,160319,  383.4,  ,    ,45.5
18,09,02,2,札幌,6,02,未勝利*,7,芝,0,1200,良,ヴェル            ,牝,2,松田大作,54.0,15,14,5,5,0,0.8,4,72.3,"1123",0,0,0,3,3,36.7,412,中尾秀正,栗,50,16102382,01030,01069,0118260214,桑田牧場,桑田牧場,キンシャサノキセキ,ベルミュール,キングカメハメハ,鹿毛,160125,   14.0,  ,    ,47.0
18,09,02,2,札幌,6,02,未勝利*,7,芝,0,1200,良,ファンシャン      ,牝,2,柴山雄一,54.0,15,15,1,1,0,-0.2,3,71.5,"1115",0,0,0,1,1,36.2,424,畠山吉宏,美,500,16102295,05243,01048,0118260215,ターフ・スポート,エムエム、ヤマダフ,トーセンラー,ボムシェル,キャプテンスティーヴ,栃栗,160215,    8.9,  ,    ,47.5
18,09,02,2,札幌,6,03,未勝利,7,ダ,1,1000,良,ラヴコネクション  ,牝,3,藤岡康太,54.0,12,01,5,5,0,0.2,7,60,"1000",0,0,0,1,1,36.8,466,野中賢二,栗,50,15102206,01116,01098,0118260301,坂東牧場,坂東牧場,スマートファルコン,タガタメ,ディアブロ,黒鹿,150220,   17.1,  ,    ,44.6
18,09,02,2,札幌,6,03,未勝利,7,ダ,1,1000,良,デンコウエルドラド,牡,3,古川吉洋,56.0,12,02,3,3,0,0.2,10,60,"1000",0,0,0,8,9,36.2,486,本田優,栗,130,15102794,01015,01099,0118260302,田中康弘,中脇一幸,メイショウボーラー,デンコウレジーナ,サクラバクシンオー,栗毛,150413,   42.6,  ,    ,48.6
18,09,02,2,札幌,6,03,未勝利,7,ダ,1,1000,良,チムニースイーパー,牡,3,国分恭介,56.0,12,03,6,6,0,0.6,8,60.4,"1004",0,0,0,12,11,35.8,408,森田直行,栗,0,15104497,01124,01142,0118260303,吉田千津,社台ファーム,スウェプトオーヴァーボード,フウレイカ,サンデーサイレンス,芦毛,150223,   19.1,  ,    ,53.1
18,09,02,2,札幌,6,03,未勝利,7,ダ,1,1000,良,ハードカウント    ,牡,3,小崎綾也,56.0,12,04,2,2,0,0.2,2,60,"1000",0,0,0,7,6,36.3,462,小崎憲,栗,200,15100637,01152,01085,0118260304,前田幸治,ノースヒルズ,ダイワメジャー,レスレクシオン,"Mt. Livermore",栗毛,150404,    4.0,  ,    ,47.9
18,09,02,2,札幌,6,03,未勝利,7,ダ,1,1000,良,セイルフィッシュ  ,牝,3,城戸義政,54.0,12,05,10,10,0,1,9,60.8,"1008",0,0,0,8,7,37,458,藤岡健一,栗,0,15101383,01147,01062,0118260305,下河辺牧場,下河辺牧場,ネオユニヴァース,ブリリアントレイ,キングカメハメハ,鹿毛,150508,   36.6,  ,    ,46.5
18,09,02,2,札幌,6,03,未勝利,7,ダ,1,1000,良,シップフォクイーン,牝,3,横山武史,52.0,12,06,4,4,0,0.2,1,60,"1000",0,0,0,2,2,36.8,474,牧浦充徳,栗,75,15102483,01170,01113,0118260306,グリーンファーム,土田扶美子,ルーラーシップ,クローズホールド,クロフネ,鹿毛,150322,    2.9,  ,    ,44.6
18,09,02,2,札幌,6,03,未勝利,7,ダ,1,1000,良,リンクスナナ      ,牝,3,松岡正海,54.0,12,07,11,11,0,1.2,4,61,"1010",0,0,0,2,2,37.8,450,西橋豊治,栗,0,15103696,01085,00434,0118260307,目谷一幸,高松牧場,ゴールドアリュール,リアライズカレボ,"Fusaichi Pegasus",栗毛,150302,    8.7,  ,    ,42.1
18,09,02,2,札幌,6,03,未勝利,7,ダ,1,1000,良,ダノンチェリー    ,牝,3,藤岡佑介,54.0,12,08,1,1,0,-0.2,5,59.8,"0598",0,0,0,5,4,36.3,466,池江泰寿,栗,500,15104691,01093,01071,0118260308,ダノックス,ノーザンファーム,ディープインパクト,ウィーミスフランキー,Sunriver,鹿毛,150205,   11.0,  ,    ,47.1
18,09,02,2,札幌,6,03,未勝利,7,ダ,1,1000,良,ベストミライ      ,牝,3,勝浦正樹,54.0,12,09,8,8,0,0.7,11,60.5,"1005",0,0,0,10,9,36.3,496,藤原辰雄,美,0,15109030,01025,00435,0118260309,松尾正,諏訪牧場,キングズベスト,タムロブライト,シルバーチャーム,芦毛,150325,   50.7,  ,    ,50.0
18,09,02,2,札幌,6,03,未勝利,7,ダ,1,1000,良,マイラティーシャ  ,牝,3,丸山元気,54.0,12,10,7,7,0,0.7,3,60.5,"1005",0,0,0,4,4,37.2,436,加用正,栗,0,15101556,01127,00425,0118260310,"Him Rock Racingホ",タバタファーム,トランセンド,マイビビアーヌ,Shamardal,鹿毛,150302,    4.9,  ,    ,44.0
18,09,02,2,札幌,6,03,未勝利,7,ダ,1,1000,良,アメリカンドミンゴ,牝,3,木幡初也,53.0,12,11,12,12,0,1.2,12,61,"1010",0,0,0,11,12,36.7,404,今野貞一,栗,0,15110029,01153,01128,0118260311,吉澤克己,"Queen Of The Night","Scat Daddy","Queen of The Night","Sadler's Wells",鹿毛,150426,   54.3,  ,    ,49.3
18,09,02,2,札幌,6,03,未勝利,7,ダ,1,1000,良,サンデンクレール  ,牝,3,加藤祥太,53.0,12,12,9,9,0,0.7,6,60.5,"1005",0,0,0,5,7,37,462,湯窪幸雄,栗,0,15102919,01156,01057,0118260312,山田春枝,小倉牧場,プリサイスエンド,オータムリーフ,アーミジャー,黒鹿,150425,   16.8,  ,    ,45.3
18,09,02,2,札幌,6,04,未勝利,7,ダ,1,1700,良,ハギノアテナ      ,牝,3,菱田裕二,54.0,14,01,14,14,0,2.1,13,109.3,"1493",0,7,5,7,11,40.5,440,鮫島一歩,栗,0,15103822,01144,01046,0118260401,安岡美津子,村下明博,クロフネ,ハギノアーク,アドマイヤムーン,黒鹿,150518,  210.8,  ,    ,42.7
18,09,02,2,札幌,6,04,未勝利,7,ダ,1,1700,良,ホッコーエレノア  ,牝,3,小崎綾也,54.0,14,02,8,8,0,0.8,8,108,"1480",0,5,5,5,8,39.3,516,戸田博文,美,0,15101208,01152,01054,0118260402,北幸商事,川端正博,クロフネ,ホッコーマスタング,アグネスフライト,芦毛,150411,   24.0,  ,    ,45.4
18,09,02,2,札幌,6,04,未勝利,7,ダ,1,1700,良,ダイヤモンドベガ  ,牝,3,吉田隼人,54.0,14,03,3,3,0,0.4,9,107.6,"1476",0,7,8,10,11,38.7,430,杉山晴紀,栗,130,15109149,01095,01157,0118260403,佐藤範夫,ワールドファーム,ハードスパン,モーディッシュ,Singspiel,栗毛,150312,   33.6,  ,    ,47.1
18,09,02,2,札幌,6,04,未勝利,7,ダ,1,1700,良,メープルリキュール,牝,3,横山典弘,54.0,14,04,2,2,0,0.2,3,107.4,"1474",0,3,3,3,3,38.9,424,栗田博憲,美,200,15104623,00660,00341,0118260404,社台レースホース,社台ファーム,オルフェーヴル,レディオーカモア,Meadowlake,栗毛,150521,    9.5,  ,    ,46.1
18,09,02,2,札幌,6,04,未勝利,7,ダ,1,1700,良,ディエルベ        ,牝,3,四位洋文,54.0,14,05,11,11,0,1.5,6,108.7,"1487",0,14,12,7,6,39.9,444,高橋亮,栗,0,15104564,00700,01136,0118260405,社台レースホース,社台ファーム,ローエングリン,ミスティックリバー,サンデーサイレンス,黒鹿,150417,   13.0,  ,    ,44.1
18,09,02,2,札幌,6,04,未勝利,7,ダ,1,1700,良,サトノゲイル      ,牡,3,藤岡佑介,56.0,14,06,1,1,0,-0.2,2,107.2,"1472",0,10,10,10,8,38.3,470,池江泰寿,栗,500,15101380,01093,01071,0118260406,サトミホースカンパ,下河辺牧場,ディープインパクト,フィリス,アフリート,青鹿,150504,    3.6,  ,    ,48.1
18,09,02,2,札幌,6,04,未勝利,7,ダ,1,1700,良,ナイトジュレップ  ,牡,3,服部茂史,56.0,14,07,5,5,0,0.5,12,107.7,"1477",0,2,2,2,2,39.4,480,国枝栄,美,50,15105432,05286,00399,0118260407,ノルマンディーサラ,岡田スタツド,マツリダゴッホ,タニノジュレップ,コロナドズクエスト,栗毛,150415,  153.3,  ,    ,44.6
18,09,02,2,札幌,6,04,未勝利,7,ダ,1,1700,良,ジュンモユル      ,牡,3,黛弘人,56.0,14,08,12,12,0,1.6,10,108.8,"1488",0,3,3,3,3,40.4,496,尾関知人,美,0,15106542,01109,01103,0118260408,河合純二,マリオステーブル,ネオユニヴァース,エイシンパンジー,トニービン,鹿毛,150508,   90.2,  ,    ,42.3
18,09,02,2,札幌,6,04,未勝利,7,ダ,1,1700,良,ソンタク          ,牡,3,古川吉洋,56.0,14,09,7,7,0,0.8,11,108,"1480",0,13,14,13,8,38.7,436,的場均,美,0,15106447,01015,01063,0118260409,田頭勇貴,熊沢牧場,ヒルノダムール,ワタシノデバン,アジュディケーティング,鹿毛,150320,  143.0,  ,    ,47.7
18,09,02,2,札幌,6,04,未勝利,7,ダ,1,1700,良,ミツオサウスポー  ,牡,3,加藤祥太,55.0,14,10,6,6,0,0.6,4,107.8,"1478",0,7,8,7,3,39,510,大江原哲,美,0,15103929,01156,01012,0118260410,菊地祐司,上水牧場,バゴ,ハンプトンコート,ネオユニヴァース,栗毛,150319,   10.1,  ,    ,46.2
18,09,02,2,札幌,6,04,未勝利,7,ダ,1,1700,良,タガノヤマト      ,牡,3,国分恭介,56.0,14,11,10,10,0,1.2,5,108.4,"1484",0,10,10,12,11,39.3,508,中村均,栗,0,15100500,01124,00261,0118260411,八木良司,新冠タガノファーム,ヘニーヒューズ,アグアジベベール,クロフネ,栗毛,150127,   12.2,  ,    ,45.9
18,09,02,2,札幌,6,04,未勝利,7,ダ,1,1700,良,コーラルフィーユ  ,牝,3,阿部龍,54.0,14,12,9,9,0,0.9,14,108.1,"1481",0,12,12,13,14,38.8,424,堀井雅広,美,0,15102628,05492,00436,0118260412,ノルマンディーサラ,三石川上牧場,アポロキングダム,コールミーシュガー,アドマイヤムーン,栗毛,150325,  419.0,  ,    ,47.4
18,09,02,2,札幌,6,04,未勝利,7,ダ,1,1700,良,レッドフィオナ    ,牝,3,ルメール,54.0,14,13,13,13,0,1.9,1,109.1,"1491",0,5,5,5,6,40.5,452,吉田直弘,栗,0,15104621,05339,01101,0118260413,東京ホースレーシン,社台ファーム,ステイゴールド,レディイン,Kendor,芦毛,150204,    2.1,  ,    ,42.4
18,09,02,2,札幌,6,04,未勝利,7,ダ,1,1700,良,ニコール          ,牝,3,藤岡康太,54.0,14,14,4,4,0,0.5,7,107.7,"1477",0,1,1,1,1,39.6,516,野中賢二,栗,75,15104727,01116,01098,0118260414,寺田寿男,ノーザンファーム,キングカメハメハ,オールザウェイベイビー,"Grand Slam",鹿毛,150228,   19.2,  ,    ,43.8
18,09,02,2,札幌,6,05,未勝利,7,芝,0,2000,良,コロンバスデイ    ,牝,3,丸山元気,54.0,16,01,2,2,0,0.2,4,123.9,"2039",0,14,14,15,9,36.4,452,小笠倫弘,美,200,15104316,01127,01076,0118260501,社台レースホース,社台ファーム,ノヴェリスト,コロンバスサークル,ホワイトマズル,鹿毛,150406,    9.1,  ,    ,53.0
18,09,02,2,札幌,6,05,未勝利,7,芝,0,2000,良,ウインレーヴドール,牡,3,ルメール,56.0,16,02,7,7,0,0.6,1,124.3,"2043",0,16,16,16,15,36.5,456,奥村武,美,0,15100243,05339,01145,0118260502,ウイン,コスモヴューファー,ステイゴールド,フラワーウィンド,タニノギムレット,黒鹿,150414,    2.3,  ,    ,53.1
18,09,02,2,札幌,6,05,未勝利,7,芝,0,2000,良,ミスルーア        ,牝,3,勝浦正樹,54.0,16,03,3,3,0,0.3,7,124,"2040",0,14,14,10,3,36.7,424,西浦勝一,栗,130,15102635,01025,01016,0118260503,三石川上牧場,三石川上牧場,スズカマンボ,ミスポーラ,タイキシャトル,鹿毛,150404,   15.8,  ,    ,51.9
18,09,02,2,札幌,6,05,未勝利,7,芝,0,2000,良,キングジョーカ    ,牡,3,小崎綾也,56.0,16,04,13,13,0,2,13,125.7,"2057",0,10,10,10,9,38.4,468,天間昭一,美,0,15101595,01152,01090,0118260504,臼井義太郎,ダーレー・ジャパン,キングズベスト,キャンディス,Caerleon,鹿毛,150416,   87.4,  ,    ,47.4
18,09,02,2,札幌,6,05,未勝利,7,芝,0,2000,良,クイーンズトゥルー,牝,3,岩田康誠,54.0,16,05,4,4,0,0.3,3,124,"2040",0,8,8,7,8,37,426,高木登,美,75,15105408,05203,01088,0118260505,ノルマンディーサラ,岡田スタツド,キングカメハメハ,キョウエイトルース,フジキセキ,黒鹿,150528,    8.0,  ,    ,50.8
18,09,02,2,札幌,6,05,未勝利,7,芝,0,2000,良,アンシェンヌヴィル,牝,3,井上敏樹,53.0,16,06,11,11,0,1.6,14,125.3,"2053",0,12,12,10,12,38.1,464,須貝尚介,栗,0,15105976,01151,01105,0118260506,飯田良枝,千代田牧場,ディープインパクト,レーヴドフィユ,"Storm Cat",鹿毛,150424,  157.3,  ,    ,48.1
18,09,02,2,札幌,6,05,未勝利,7,芝,0,2000,良,ターフェルムジーク,牝,3,藤岡佑介,54.0,16,07,1,1,0,-0.2,9,123.7,"2037",0,8,9,7,2,36.7,420,渡辺薫彦,栗,500,15104074,01093,01155,0118260507,サンデーレーシング,追分ファーム,ノヴェリスト,アルメーリヒ,ネオユニヴァース,鹿毛,150515,   25.8,  ,    ,51.6
18,09,02,2,札幌,6,05,未勝利,7,芝,0,2000,良,ロイヤルディクリー,牡,3,秋山真一,56.0,16,08,5,5,0,0.3,5,124,"2040",0,4,4,4,5,37.3,528,藤岡健一,栗,50,15101679,01019,01062,0118260508,Mr.ホース,ダーレー・ジャパン,キングズベスト,レリッシュザソート,"Sadler's Wells",鹿毛,150208,   10.5,  ,    ,49.6
18,09,02,2,札幌,6,05,未勝利,7,芝,0,2000,良,エイカイオリンピア,牡,3,吉田隼人,56.0,16,09,9,9,0,1.2,12,124.9,"2049",0,12,12,10,12,37.7,518,高柳瑞樹,美,0,15104061,01095,01118,0118260509,二木英徳,レイクヴィラファー,ハーツクライ,メジロジョーンズ,メジロライアン,鹿毛,150514,   62.7,  ,    ,49.1
18,09,02,2,札幌,6,05,未勝利,7,芝,0,2000,良,ショウナンハイル  ,牝,3,松岡正海,54.0,16,10,10,10,0,1.4,15,125.1,"2051",0,10,10,10,9,37.9,432,田中剛,美,0,15101751,01085,01119,0118260510,国本哲秀,中原牧場,ハーツクライ,ショウナンラノビア,フレンチデピュティ,栗毛,150522,  175.6,  ,    ,48.6
18,09,02,2,札幌,6,05,未勝利,7,芝,0,2000,良,マイネルテンプス  ,牡,3,丹内祐次,56.0,16,11,8,8,0,1.2,11,124.9,"2049",0,4,7,4,5,38.2,468,田中清隆,美,0,15100693,01091,00408,0118260511,サラブレッドクラブ,ビッグレッドファー,スペシャルウィーク,コスモエンドレス,スターオブコジーン,鹿毛,150508,   42.1,  ,    ,47.3
18,09,02,2,札幌,6,05,未勝利,7,芝,0,2000,良,ソーグレア        ,牡,3,横山典弘,56.0,16,12,15,15,0,2.6,8,126.3,"2063",0,1,1,1,3,39.8,472,須貝尚介,栗,0,15104124,00660,01105,0118260512,岡崎淳,追分ファーム,エイシンフラッシュ,バレエブラン,ダンスインザダーク,黒鹿,150406,   16.8,  ,    ,43.1
18,09,02,2,札幌,6,05,未勝利,7,芝,0,2000,良,トーセンヴァロン  ,牡,3,藤岡康太,56.0,16,13,14,14,0,2.5,2,126.2,"2062",0,4,4,7,12,39.3,452,田村康仁,美,0,15104990,01116,01027,0118260513,島川隆哉,ノーザンファーム,ディープインパクト,ベルワトリング,Dushyantor,青鹿,150120,    6.1,  ,    ,44.8
18,09,02,2,札幌,6,05,未勝利,7,芝,0,2000,良,ブライトロージー  ,牝,3,柴山雄一,54.0,16,14,12,12,0,1.8,6,125.5,"2055",0,4,4,4,5,38.8,476,林徹,美,0,15104318,05243,01163,0118260514,ダイヤモンドファー,社台ファーム,ハーツクライ,コージーロージー,"Pleasantly Perfect",栗毛,150413,   12.4,  ,    ,45.8
18,09,02,2,札幌,6,05,未勝利,7,芝,0,2000,良,ラブリースマッシュ,牝,3,加藤祥太,53.0,16,15,16,16,0,6.1,16,129.8,"2098",0,2,2,2,16,43.3,450,岩戸孝樹,美,0,15105350,01156,01051,0118260515,村山卓也,荒谷輝和,ストロングリターン,サイマルタシュ,Behrens,栗毛,150214,  232.4,  ,    ,35.6
18,09,02,2,札幌,6,05,未勝利,7,芝,0,2000,良,ドクターデューン  ,牝,3,菊沢一樹,52.0,16,16,6,6,0,0.6,10,124.3,"2043",0,3,2,2,1,37.8,464,菊沢隆徳,美,0,15100043,01161,01115,0118260516,松岡悟,安達洋生,バトルプラン,ドクターベローナ,メジロライアン,鹿毛,150331,   41.8,  ,    ,48.1
18,09,02,2,札幌,6,06,500万下,23,ダ,1,1000,良,カズマペッピーノ  ,牡,4,岩田康誠,57.0,12,01,8,8,0,1.2,3,59.9,"0599",0,0,0,6,8,36,494,西浦勝一,栗,0,14100428,05203,01016,0118260601,雅苑興業,つつみ牧場,カネヒキリ,オーデコロン,ボストンハーバー,黒鹿,140317,    5.6,  ,    ,49.6
18,09,02,2,札幌,6,06,500万下,23,ダ,1,1000,良,ウイナーズロード  ,牝,4,横山武史,53.0,12,02,2,2,0,0.2,2,58.9,"0589",0,0,0,1,1,35.8,418,寺島良,栗,300,14103596,01170,01158,0118260602,宮内牧場,宮内牧場,ケイムホーム,トップアクトレス,テイエムオペラオー,青鹿,140429,    5.0,  ,    ,46.8
18,09,02,2,札幌,6,06,500万下,23,ダ,1,1000,良,サノノショウグン  ,セ,4,木幡初也,56.0,12,03,5,5,0,0.6,4,59.3,"0593",0,0,0,11,11,35,462,清水英克,美,75,14102483,01153,01080,0118260603,佐野信幸,豊洋牧場,サウスヴィグラス,ビューティソルジャ,アフリート,栗毛,140420,    9.1,  ,    ,54.1
18,09,02,2,札幌,6,06,500万下,23,ダ,1,1000,良,メイショウトラマツ,牡,3,菊沢一樹,53.0,12,04,12,12,0,1.6,6,60.3,"1003",0,0,0,4,4,36.7,500,南井克巳,栗,0,15103106,01161,01049,0118260604,松本好雄,太陽牧場,タイキシャトル,フラワーガイア,ゼンノロブロイ,栗毛,150301,   28.3,  ,    ,46.5
18,09,02,2,札幌,6,06,500万下,23,ダ,1,1000,良,サマニー          ,セ,5,勝浦正樹,57.0,12,05,7,7,0,1.2,8,59.9,"0599",0,0,0,9,9,35.8,476,武藤善則,美,0,13102729,01025,01064,0118260605,井上一郎,中脇一幸,スタチューオブリバティ,ショコット,デインヒル,青鹿,130426,   78.7,  ,    ,51.0
18,09,02,2,札幌,6,06,500万下,23,ダ,1,1000,良,プリンセスヨウク  ,牝,4,長岡禎仁,55.0,12,06,4,4,0,0.6,10,59.3,"0593",0,0,0,9,9,35.2,448,石栗龍彦,美,110,14103036,01142,01043,0118260606,ライオンレースホー,浦河日成牧場,エンパイアメーカー,プリンセスネージュ,フレンチデピュティ,鹿毛,140305,   98.1,  ,    ,52.7
18,09,02,2,札幌,6,06,500万下,23,ダ,1,1000,良,フリームーヴメント,牡,5,菱田裕二,57.0,12,07,10,10,0,1.4,12,60.1,"1001",0,0,0,12,12,35.5,454,宗像義忠,美,0,13106293,01144,00420,0118260607,ディアレストクラブ,三嶋牧場,ドリームジャーニー,コイクレナイ,タイキシャトル,栗毛,130422,  148.0,  ,    ,53.9
18,09,02,2,札幌,6,06,500万下,23,ダ,1,1000,良,ホウロクダマ      ,牡,4,加藤祥太,56.0,12,08,9,9,0,1.3,9,60,"1000",0,0,0,6,7,36.2,562,中竹和也,栗,0,14104280,01156,01039,0118260608,ノルマンディーサラ,岡田スタツド,ショウナンカンプ,タマヒカル,パラダイスクリーク,鹿毛,140504,   91.2,  ,    ,48.6
18,09,02,2,札幌,6,06,500万下,23,ダ,1,1000,良,ヴォーガ          ,牡,4,阿部龍,57.0,12,09,3,3,0,0.5,5,59.2,"0592",0,0,0,6,4,35.4,446,森秀行,栗,190,14104427,05492,00427,0118260609,一村哲也,グランド牧場,キャプテントゥーレ,スズカシャンティー,"Giant's Causeway",栗毛,140409,   12.7,  ,    ,50.8
18,09,02,2,札幌,6,06,500万下,23,ダ,1,1000,良,トラベリング      ,牡,3,ルメール,55.0,12,10,1,1,0,-0.2,1,58.7,"0587",0,0,0,2,2,35.5,488,高橋亮,栗,750,15104354,05339,01136,0118260610,グリーンファーム,社台ファーム,ゴールドアリュール,シークレットジプシー,"Sea of Secrets",栗毛,150417,    1.7,  ,    ,48.0
18,09,02,2,札幌,6,06,500万下,23,ダ,1,1000,良,マカレア          ,牝,5,小崎綾也,55.0,12,11,6,6,0,1,11,59.7,"0597",0,0,0,4,6,36.1,414,西村真幸,栗,0,13106192,01152,01148,0118260611,キャロットファーム,ノーザンファーム,ダイワメジャー,ワイオラ,"Sadler's Wells",黒鹿,130325,  143.9,  ,    ,48.1
18,09,02,2,札幌,6,06,500万下,23,ダ,1,1000,良,レノカズマ        ,牡,3,藤岡康太,55.0,12,12,11,11,0,1.6,7,60.3,"1003",0,0,0,3,3,37,458,西浦勝一,栗,0,15103761,01116,01016,0118260612,雅苑興業,バンブー牧場,キンシャサノキセキ,チョウカイクリス,サクラバクシンオー,鹿毛,150407,   31.8,  ,    ,44.5
18,09,02,2,札幌,6,07,500万下,23,芝,0,1200,良,ティーカラット    ,牡,3,国分恭介,55.0,16,01,16,16,0,1,7,71.4,"1114",0,0,0,10,10,35.7,496,池添兼雄,栗,0,15101706,01124,01021,0118260701,深見富朗,戸川牧場,エイシンフラッシュ,メジロクロユリ,マンハッタンカフェ,黒鹿,150308,   16.2,  ,    ,50.0
18,09,02,2,札幌,6,07,500万下,23,芝,0,1200,良,スズカマンサク    ,牝,3,横山武史,51.0,16,02,15,15,0,0.9,13,71.3,"1113",0,0,0,7,8,35.8,416,橋田満,栗,0,15102128,01170,00362,0118260702,永井啓弍,稲原牧場,ロードカナロア,スズカローズマリー,アフリート,鹿毛,150329,   84.9,  ,    ,49.2
18,09,02,2,札幌,6,07,500万下,23,芝,0,1200,良,ソフトポジション  ,牡,3,川島信二,55.0,16,03,5,5,0,0.4,11,70.8,"1108",0,0,0,1,1,35.9,452,山内研二,栗,75,15109059,01062,00388,0118260703,北駿競走馬組合,マルシチ牧場,アサクサキングス,ヤマシロギク,アフリート,鹿毛,150222,   67.8,  ,    ,47.2
18,09,02,2,札幌,6,07,500万下,23,芝,0,1200,良,シンデレラメイク  ,牝,3,菱田裕二,53.0,16,04,3,3,0,0.2,8,70.6,"1106",0,0,0,3,3,35.4,478,鮫島一歩,栗,190,15102043,01144,01046,0118260704,田島政光,モリナガファーム,ディープブリランテ,プリンセスメイク,キャプテンスティーヴ,栗毛,150506,   24.5,  ,    ,49.4
18,09,02,2,札幌,6,07,500万下,23,芝,0,1200,良,ディアボレット    ,牝,3,松岡正海,53.0,16,05,6,6,0,0.4,9,70.8,"1108",0,0,0,5,4,35.5,458,加用正,栗,0,15101549,01085,00425,0118260705,協栄,タバタファーム,ディープブリランテ,エトピリカ,キングカメハメハ,栗毛,150324,   30.7,  ,    ,49.4
18,09,02,2,札幌,6,07,500万下,23,芝,0,1200,良,デルマキセキ      ,牝,3,荻野琢真,53.0,16,06,11,11,0,0.6,4,71,"1110",0,0,0,16,16,34.4,450,友道康夫,栗,0,15110030,01112,01061,0118260706,浅沼廣幸,"Freddie Bloodstock","Scat Daddy",Tashawak,"Night Shift",鹿毛,150302,   13.5,  ,    ,56.4
18,09,02,2,札幌,6,07,500万下,23,芝,0,1200,良,ベルダニューブ    ,牝,3,藤岡康太,53.0,16,07,4,4,0,0.3,5,70.7,"1107",0,0,0,7,8,35.2,450,藤岡健一,栗,110,15101410,01116,01062,0118260707,幅田昌伸,下河辺牧場,キングズベスト,ワイドロータス,ダンスインザダーク,栗毛,150126,   14.0,  ,    ,50.9
18,09,02,2,札幌,6,07,500万下,23,芝,0,1200,良,ニシノアスカ      ,牝,3,木幡初也,52.0,16,08,8,8,0,0.5,16,70.9,"1109",0,0,0,14,14,34.8,398,高木登,美,0,15101772,01153,01088,0118260708,西山茂行,村上欽哉,ドリームジャーニー,キャッスルブラウン,"Silver Hawk",青鹿,150329,  206.4,  ,    ,53.7
18,09,02,2,札幌,6,07,500万下,23,芝,0,1200,良,ブラウンローズ    ,牝,4,勝浦正樹,55.0,16,09,2,2,0,0,2,70.4,"1104",0,0,0,2,2,35.4,482,高橋裕,美,300,14101284,01025,00412,0118260709,大塚亮一,平野牧場,キンシャサノキセキ,タイキミステリー,"Green Forest",黒鹿,140415,    8.0,  ,    ,48.9
18,09,02,2,札幌,6,07,500万下,23,芝,0,1200,良,スワーヴポルトス  ,牡,3,藤岡佑介,55.0,16,10,9,9,0,0.6,14,71,"1110",0,0,0,15,14,34.7,448,庄野靖志,栗,0,15100654,01093,01087,0118260710,NICKS,ハシモトフアーム,クロフネ,ビジャリカ,ディープインパクト,鹿毛,150318,  105.3,  ,    ,54.6
18,09,02,2,札幌,6,07,500万下,23,芝,0,1200,良,ロードラズライト  ,セ,3,岩田康誠,55.0,16,11,10,10,0,0.6,3,71,"1110",0,0,0,3,4,35.8,440,浅見秀一,栗,0,15102391,05203,00411,0118260711,ロードホースクラブ,ケイアイファーム,ロードカナロア,レディルージュ,ブライアンズタイム,青鹿,150220,   12.6,  ,    ,48.3
18,09,02,2,札幌,6,07,500万下,23,芝,0,1200,良,タックボーイ      ,牡,4,丹内祐次,57.0,16,12,13,13,0,0.7,12,71.1,"1111",0,0,0,10,10,35.5,458,高橋祥泰,美,0,14100702,01091,00359,0118260712,Mr.ホース,ビッグレッドファー,マツリダゴッホ,ゴールドリーフ,ダイナガリバー,鹿毛,140318,   84.5,  ,    ,50.3
18,09,02,2,札幌,6,07,500万下,23,芝,0,1200,良,ルーズベルトゲーム,牝,4,小崎綾也,55.0,16,13,12,12,0,0.7,6,71.1,"1111",0,0,0,12,13,35.3,438,安田隆行,栗,0,14105497,01152,00438,0118260713,社台レースホース,社台ファーム,ディープインパクト,サプレザ,Sahm,黒鹿,140220,   15.9,  ,    ,51.4
18,09,02,2,札幌,6,07,500万下,23,芝,0,1200,良,スフィーダグリーン,牡,4,古川吉洋,57.0,16,14,14,14,0,0.9,15,71.3,"1113",0,0,0,12,10,35.5,550,的場均,美,0,14100542,01015,01063,0118260714,寳寄山拓樹,新冠橋本牧場,ファスリエフ,プリンセスミラクル,フジキセキ,鹿毛,140407,  201.1,  ,    ,50.8
18,09,02,2,札幌,6,07,500万下,23,芝,0,1200,良,デルタバローズ    ,牡,3,ルメール,55.0,16,15,1,1,0,0,1,70.4,"1104",0,0,0,5,4,35,494,堀宣行,美,750,15110070,05339,01070,0118260715,猪熊広次,"John C. Oxley","Into Mischief","Sweet Seventeen","Hard Spun",鹿毛,150204,    1.5,  ,    ,51.1
18,09,02,2,札幌,6,07,500万下,23,芝,0,1200,良,タイキラトナンジュ,牡,6,黛弘人,57.0,16,16,7,7,0,0.5,10,70.9,"1109",0,0,0,7,7,35.4,454,萱野浩二,美,0,12105510,01109,01024,0118260716,大樹ファーム,ビクトリーホースラ,アドマイヤオーラ,タイキルビー,Rubiano,鹿毛,120502,   55.5,  ,    ,50.3
18,09,02,2,札幌,6,08,500万下,23,ダ,1,1700,良,キミワテンマ      ,牡,3,吉田隼人,54.0,14,01,11,11,0,1.2,6,106.9,"1469",0,1,1,1,1,39.3,490,武藤善則,美,0,15104894,01095,01064,0118260801,浦邊輝實,ノーザンファーム,ディープブリランテ,ディナータイム,Bering,鹿毛,150212,   15.5,  ,    ,43.8
18,09,02,2,札幌,6,08,500万下,23,ダ,1,1700,良,ヴィーヴァバッカス,牡,3,柴山雄一,54.0,14,02,8,8,0,1,8,106.7,"1467",0,7,7,8,8,38.5,460,作田誠二,栗,0,15102764,05243,01006,0118260802,芹澤精一,清水スタッド,ドリームジャーニー,ヴィーヴァレジーナ,キングカメハメハ,栗毛,150414,   28.6,  ,    ,46.6
18,09,02,2,札幌,6,08,500万下,23,ダ,1,1700,良,アヴァント        ,牡,4,藤岡康太,57.0,14,03,4,4,0,0.5,1,106.2,"1462",0,6,5,4,6,38.3,478,中尾秀正,栗,110,14105910,01116,01069,0118260803,佐々木主浩,ノーザンファーム,ジャングルポケット,グレイスファミリー,タニノギムレット,栗毛,140209,    3.1,  ,    ,46.7
18,09,02,2,札幌,6,08,500万下,23,ダ,1,1700,良,テイエムソレイユ  ,牝,3,勝浦正樹,52.0,14,04,3,3,0,0.3,4,106,"1460",0,7,7,7,4,37.9,486,安田翔伍,栗,190,15100868,01025,01164,0118260804,竹園正繼,ムラカミファーム,ヘニーヒューズ,ペイデュソレイユ,シンボリクリスエス,鹿毛,150407,    8.2,  ,    ,48.0
18,09,02,2,札幌,6,08,500万下,23,ダ,1,1700,良,ランドジュピター  ,牡,4,城戸義政,57.0,14,05,10,10,0,1.1,10,106.8,"1468",0,10,10,11,13,38.3,456,安達昭夫,栗,0,14102088,01147,01042,0118260805,木村昌三,高澤俊雄,サマーバード,フィールザファン,デュランダル,鹿毛,140416,   32.8,  ,    ,47.6
18,09,02,2,札幌,6,08,500万下,23,ダ,1,1700,良,ライトブリンガー  ,牡,5,藤岡佑介,57.0,14,06,12,12,0,1.5,13,107.2,"1472",0,14,14,11,11,38.6,464,佐々木晶,栗,0,13103653,01093,00429,0118260806,日進牧場,日進牧場,アドマイヤマックス,ソアーヴェ,メイショウドトウ,栗毛,130426,   65.0,  ,    ,46.9
18,09,02,2,札幌,6,08,500万下,23,ダ,1,1700,良,ライジングドラゴン,牡,3,小崎綾也,54.0,14,07,2,2,0,0.2,9,105.9,"1459",0,4,3,4,6,38,436,吉田直弘,栗,300,15100958,01152,01101,0118260807,鈴木義孝,芳住鉄兵,カネヒキリ,ゴッドビラブドミー,ブライアンズタイム,芦毛,150329,   32.6,  ,    ,47.5
18,09,02,2,札幌,6,08,500万下,23,ダ,1,1700,良,アルゴセイコウ    ,牡,3,四位洋文,54.0,14,08,6,6,0,0.8,7,106.5,"1465",0,12,13,14,14,37.7,468,角田晃一,栗,0,15100164,00700,01121,0118260808,エンジェルレーシン,川島牧場,ハーツクライ,ウインクリアビュー,キングカメハメハ,黒鹿,150315,   26.4,  ,    ,49.5
18,09,02,2,札幌,6,08,500万下,23,ダ,1,1700,良,ファームフェイス  ,牝,4,岩田康誠,55.0,14,09,1,1,0,-0.2,2,105.7,"1457",0,4,5,4,3,37.8,464,笹田和秀,栗,750,14105323,05203,01104,0118260809,G1レーシング,追分ファーム,タートルボウル,リープオブフェイス,クロフネ,鹿毛,140303,    3.4,  ,    ,48.0
18,09,02,2,札幌,6,08,500万下,23,ダ,1,1700,良,サンシャーロット  ,牝,4,横山武史,53.0,14,10,5,5,0,0.7,14,106.4,"1464",0,10,10,11,11,37.9,432,谷潔,栗,75,14102753,01170,00431,0118260810,加藤ステーブル,大川牧場,カジノドライヴ,シズパンチ,タップダンスシチー,栗毛,140414,   89.5,  ,    ,48.6
18,09,02,2,札幌,6,08,500万下,23,ダ,1,1700,良,ピンキージョーンズ,牝,4,丹内祐次,55.0,14,11,14,14,0,2.9,12,108.6,"1486",0,2,2,2,4,41,458,清水英克,美,0,14100705,01091,01080,0118260811,ビッグレッドファー,ビッグレッドファー,アイルハヴアナザー,スーパーウーマン,マーベラスサンデー,栗毛,140513,   52.8,  ,    ,39.9
18,09,02,2,札幌,6,08,500万下,23,ダ,1,1700,良,ディナミーデン    ,牡,3,横山典弘,54.0,14,12,9,9,0,1.1,5,106.8,"1468",0,13,12,8,8,38.5,464,田島俊明,美,0,15102857,00660,01112,0118260812,ライオンレースホー,浦河日成牧場,ゴールドアリュール,レイナワルツ,ブラックタイアフェアー,芦毛,150328,   14.5,  ,    ,46.8
18,09,02,2,札幌,6,08,500万下,23,ダ,1,1700,良,クロークス        ,牡,5,菊沢一樹,55.0,14,13,7,7,0,0.9,11,106.6,"1466",0,3,3,2,2,39,466,池添学,栗,0,13106066,01161,01144,0118260813,キャロットファーム,ノーザンファーム,コンデュイット,プルーフオブラヴ,サンデーサイレンス,栗毛,130328,   41.1,  ,    ,44.5
18,09,02,2,札幌,6,08,500万下,23,ダ,1,1700,良,キングオブアームズ,牡,5,ルメール,57.0,14,14,13,13,0,1.6,3,107.3,"1473",0,7,7,8,8,39,468,藤沢和雄,美,0,13105784,05339,00386,0118260814,窪田芳郎,ノーザンファーム,ディープインパクト,アーマイン,"Exchange Rate",鹿毛,130118,    5.2,  ,    ,45.5
18,09,02,2,札幌,6,09,500万下,23,芝,0,1800,良,アイネバーフェイル,牝,3,小崎綾也,52.0,14,01,5,5,0,0.4,8,110.3,"1503",0,2,2,3,4,36.7,456,中内田充,栗,75,15105932,01152,01137,0118260901,飯田正剛,千代田牧場,ノヴェリスト,トレンドハンター,マンハッタンカフェ,黒鹿,150216,   39.0,  ,    ,50.3
18,09,02,2,札幌,6,09,500万下,23,芝,0,1800,良,ショウナンサザナミ,牝,4,古川吉洋,55.0,14,02,10,10,0,1.2,12,111.1,"1511",0,11,11,12,12,36.6,420,国枝栄,美,0,14101620,01015,00399,0118260902,国本哲秀,天羽牧場,ステイゴールド,ブルーオアシス,"Sadler's Wells",鹿毛,140328,  208.6,  ,    ,51.8
18,09,02,2,札幌,6,09,500万下,23,芝,0,1800,良,パラノーマル      ,牝,5,丹内祐次,55.0,14,03,9,9,0,1,11,110.9,"1509",0,11,11,9,7,36.6,458,水野貴広,美,0,13101945,01091,01094,0118260903,サラブレッドクラブ,ビッグレッドファー,ステイゴールド,マイネソーサリス,ブライアンズタイム,栗毛,130401,   97.6,  ,    ,51.5
18,09,02,2,札幌,6,09,500万下,23,芝,0,1800,良,リリックドラマ    ,牝,4,国分恭介,55.0,14,04,8,8,0,0.7,3,110.6,"1506",0,1,1,1,1,37.2,456,岡田稲男,栗,0,14102146,01124,01066,0118260904,ゴドルフィン,ダーレー・ジャパン,ステイゴールド,ヴェルヴェットクイーン,Singspiel,鹿毛,140507,    6.3,  ,    ,48.7
18,09,02,2,札幌,6,09,500万下,23,芝,0,1800,良,ダンシングチコ    ,牝,3,横山典弘,52.0,14,05,4,4,0,0.3,5,110.2,"1502",0,13,13,12,10,35.7,466,大竹正博,美,110,15104414,00660,01102,0118260905,石瀬浩三,社台ファーム,ダイワメジャー,ダンシングエディ,"Moscow Ballet",鹿毛,150330,    9.7,  ,    ,54.3
18,09,02,2,札幌,6,09,500万下,23,芝,0,1800,良,モレッキ          ,牡,4,岩田康誠,57.0,14,06,7,7,0,0.6,4,110.5,"1505",0,9,10,9,9,36.2,482,斎藤誠,美,0,14105860,05203,01086,0118260906,サンデーレーシング,ノーザンファーム,ステイゴールド,オールザウェイベイビー,"Grand Slam",黒鹿,140213,    8.6,  ,    ,52.6
18,09,02,2,札幌,6,09,500万下,23,芝,0,1800,良,ピジョンレッド    ,牝,4,勝浦正樹,55.0,14,07,13,13,0,4,13,113.9,"1539",0,4,4,6,12,40,416,田村康仁,美,0,14103854,01025,01027,0118260907,ディアレストクラブ,小島牧場,キングズベスト,レッドアゲート,マンハッタンカフェ,鹿毛,140509,  325.7,  ,    ,42.4
18,09,02,2,札幌,6,09,500万下,23,芝,0,1800,良,レッドオールデン  ,牡,3,ルメール,54.0,14,08,3,3,0,0.2,1,110.1,"1501",0,6,7,6,6,36.1,486,藤沢和雄,美,190,15105972,05339,00386,0118260908,東京ホースレーシン,千代田牧場,ルーラーシップ,リーチフォーザムーン,Pulpit,鹿毛,150424,    2.2,  ,    ,52.5
18,09,02,2,札幌,6,09,500万下,23,芝,0,1800,良,アドマイヤアルパマ,牝,4,藤岡康太,55.0,14,09,12,12,0,2.7,7,112.6,"1526",0,3,3,3,4,39,426,須貝尚介,栗,0,14106068,01116,01105,0118260909,近藤旬子,ノーザンファーム,ステイゴールド,バロネスサッチャー,Johannesburg,鹿毛,140125,   26.2,  ,    ,44.4
18,09,02,2,札幌,6,09,500万下,23,芝,0,1800,良,ケルベロス        ,牡,5,菊沢一樹,55.0,14,10,11,11,0,2.4,6,112.3,"1523",0,7,8,9,11,38.1,440,大江原哲,美,0,13102005,01161,01012,0118260910,ORTEGA,松浦牧場,ディープインパクト,モーニングタイド,"Seeking the Gold",黒鹿,130604,   21.7,  ,    ,47.4
18,09,02,2,札幌,6,09,500万下,23,芝,0,1800,良,タンタグローリア  ,牝,4,藤岡佑介,55.0,14,11,0,0,1,999.9,0,0,"----",0,0,0,0,0,0,0,藤原英昭,栗,0,14105277,01093,01055,0118260911,G1レーシング,社台コーポレーショ,ディープインパクト,タンタスエルテ,Stuka,鹿毛,140408,    0.0,  ,    , 0.0
18,09,02,2,札幌,6,09,500万下,23,芝,0,1800,良,シルヴァーメテオ  ,牡,4,柴山雄一,57.0,14,12,6,6,0,0.6,10,110.5,"1505",0,5,5,6,8,36.6,476,石栗龍彦,美,0,14103590,05243,01043,0118260912,ライオンレースホー,宮内牧場,ゴールドアリュール,クールリーヴ,ブライアンズタイム,芦毛,140423,   84.4,  ,    ,51.0
18,09,02,2,札幌,6,09,500万下,23,芝,0,1800,良,ジャコマル        ,牡,4,横山武史,55.0,14,13,2,2,0,0,2,109.9,"1499",0,9,8,5,3,36.2,452,松永幹夫,栗,300,14100537,01170,01092,0118260913,晴間芳次,新冠橋本牧場,ダノンシャンティ,ピュアウィンク,トニービン,鹿毛,140404,    3.5,  ,    ,51.8
18,09,02,2,札幌,6,09,500万下,23,芝,0,1800,良,バケットリスト    ,牝,3,菱田裕二,52.0,14,14,1,1,0,0,9,109.9,"1499",0,7,6,2,2,36.4,468,高橋文雅,美,750,15103404,01144,01134,0118260914,宮城寛也,宮内牧場,シンボリクリスエス,レチャーダ,ディープインパクト,鹿毛,150430,   67.6,  ,    ,51.0
18,09,02,2,札幌,6,10,すずらん,131,芝,0,1200,良,パイロテクニクス  ,牡,2,ルメール,54.0,14,01,2,2,0,0.1,1,70.7,"1107",0,0,0,12,12,35.4,490,武藤善則,美,640,16101328,05339,01064,0118261001,シルクレーシング,原口牧場,パイロ,ショウナンハトバ,フジキセキ,鹿毛,160330,    3.4,  ,    ,49.7
18,09,02,2,札幌,6,10,すずらん,131,芝,0,1200,良,イッツクール      ,牡,2,松田大作,54.0,14,02,4,4,0,0.5,3,71.1,"1111",0,0,0,5,7,36.5,450,武英智,栗,240,16102089,01030,01161,0118261002,久木田隆,日本中央競馬会日高,アルデバラン2,タキオンメーカー,エンパイアメーカー,栗毛,160410,    5.5,  ,    ,44.8
18,09,02,2,札幌,6,10,すずらん,131,芝,0,1200,良,ハッピーアワー    ,牡,2,秋山真一,54.0,14,03,1,1,0,-0.1,2,70.6,"1106",0,0,0,9,7,35.8,442,武幸四郎,栗,1600,16102692,01019,01160,0118261003,高嶋祐子,吉田ファーム,ハービンジャー,サクセスシルエット,ディープインパクト,鹿毛,160318,    4.9,  ,    ,47.2
18,09,02,2,札幌,6,10,すずらん,131,芝,0,1200,良,ピュアドリーマー  ,牝,2,城戸義政,54.0,14,04,6,6,0,0.8,12,71.4,"1114",0,0,0,5,4,36.8,452,田中淳司,地,0,16102275,01147,05630,0118261004,岡田隆寛,市川牧場,トビーズコーナー,マイドリーマー,アグネスフライト,栗毛,160309,  135.3,  ,    ,44.0
18,09,02,2,札幌,6,10,すずらん,131,芝,0,1200,良,ウインスピリタス  ,牡,2,菱田裕二,54.0,14,05,12,12,0,2,7,72.6,"1126",0,0,0,9,10,37.8,462,杉山晴紀,栗,0,16105622,01144,01157,0118261005,ウイン,神垣道弘,タニノギムレット,イルドロール,ゴールドアリュール,鹿毛,160325,   19.7,  ,    ,42.1
18,09,02,2,札幌,6,10,すずらん,131,芝,0,1200,良,トーセンオパール  ,牝,2,勝浦正樹,54.0,14,06,3,3,0,0.4,6,71,"1110",0,0,0,5,4,36.4,408,小笠倫弘,美,400,16103849,01025,01076,0118261006,島川隆哉,エスティファーム,スウェプトオーヴァーボード,トーセンルクリア,ダンスインザダーク,芦毛,160220,    9.1,  ,    ,45.1
18,09,02,2,札幌,6,10,すずらん,131,芝,0,1200,良,マイティウォーリア,牡,2,井上俊彦,54.0,14,07,13,13,0,2.2,11,72.8,"1128",0,0,0,14,14,36.8,512,林和弘,地,0,16102966,00837,05111,0118261007,菊地昌廣,クリアファーム,ロジユニヴァース,ミーナー,"End Sweep",鹿毛,160430,  111.1,  ,    ,47.8
18,09,02,2,札幌,6,10,すずらん,131,芝,0,1200,良,レコードチェイサー,牝,2,阿部龍,54.0,14,08,5,5,0,0.6,14,71.2,"1112",0,0,0,3,2,36.8,444,角川秀樹,地,160,16105669,05492,05311,0118261008,グランド牧場,グランド牧場,ディープブリランテ,ゴールドチェイス,アドマイヤムーン,栗毛,160322,  180.5,  ,    ,43.5
18,09,02,2,札幌,6,10,すずらん,131,芝,0,1200,良,マーマレードガール,牝,2,丹内祐次,54.0,14,09,7,7,0,0.8,8,71.4,"1114",0,0,0,3,4,37,452,中野栄治,美,0,16103261,01091,01010,0118261009,ビッグレッドファー,滝本健二,タイキシャトル,ミスマーマレード,ダンスインザダーク,黒鹿,160418,   52.9,  ,    ,43.0
18,09,02,2,札幌,6,10,すずらん,131,芝,0,1200,良,エムティアン      ,牝,2,丸山元気,54.0,14,10,10,10,0,1.6,5,72.2,"1122",0,0,0,1,1,38,426,山口竜一,地,0,16105439,01127,05721,0118261010,門別牧場,漆原武男,パドトロワ,サンドハーブ,エルハーブ,青鹿,160318,    7.5,  ,    ,40.0
18,09,02,2,札幌,6,10,すずらん,131,芝,0,1200,良,クラヴィスオレア  ,牡,2,横山典弘,54.0,14,11,11,11,0,1.9,4,72.5,"1125",0,0,0,5,9,37.9,462,藤沢和雄,美,0,16103958,00660,00386,0118261011,多田信尊,坂東牧場,レッドスパーダ,クラリン,キングヘイロー,黒鹿,160518,    7.1,  ,    ,41.3
18,09,02,2,札幌,6,10,すずらん,131,芝,0,1200,良,グローリアスライブ,牝,2,岩橋勇二,54.0,14,12,9,9,0,1.3,13,71.9,"1119",0,0,0,13,13,36.3,442,川島雅人,地,0,16104043,05389,05723,0118261012,日下部勝徳,大作ステーブル,ゴールドヘイロー,ルーマードダイヤ,シーキングザダイヤ,鹿毛,160420,  139.6,  ,    ,48.1
18,09,02,2,札幌,6,10,すずらん,131,芝,0,1200,良,スカイズザリミット,牝,2,柴山雄一,54.0,14,13,8,8,0,0.9,10,71.5,"1115",0,0,0,9,10,36.6,442,宗像義忠,美,0,16106348,05243,00420,0118261013,鈴木芳夫,見上牧場,マツリダゴッホ,ミスベルツリー,アグネスデジタル,栗毛,160412,   69.8,  ,    ,45.4
18,09,02,2,札幌,6,10,すずらん,131,芝,0,1200,良,オスピタリタ      ,牝,2,服部茂史,54.0,14,14,14,14,0,2.3,9,72.9,"1129",0,0,0,2,2,38.7,438,田中淳司,地,0,16105191,05286,05630,0118261014,吉田照哉,社台ファーム,スウェプトオーヴァーボード,フレンドリーマナー,サンデーサイレンス,青鹿,160508,   56.3,  ,    ,38.4
18,09,02,2,札幌,6,11,丹頂ＳＨ,131,芝,0,2600,良,シルクドリーマー  ,牡,9,勝浦正樹,53.0,14,01,5,5,0,1.3,6,163.9,"2439",0,7,7,11,9,38.5,484,黒岩陽一,美,240,09101016,01025,01133,0118261101,シルクレーシング,笠松牧場,タニノギムレット,ドリームキセキ,フジキセキ,鹿毛,090425,   18.2,  ,    ,47.7
18,09,02,2,札幌,6,11,丹頂ＳＨ,131,芝,0,2600,良,グランアルマダ    ,セ,6,小崎綾也,53.0,14,02,9,9,0,2,11,164.6,"2446",0,1,1,5,7,39.9,530,西園正都,栗,0,12104926,01152,01028,0118261102,サンデーレーシング,ノーザンファーム,ダイワメジャー,レディスキッパー,クロフネ,芦毛,120204,   91.9,  ,    ,43.8
18,09,02,2,札幌,6,11,丹頂ＳＨ,131,芝,0,2600,良,トミケンスラーヴァ,牡,8,秋山真一,54.0,14,03,11,11,0,2.6,9,165.2,"2452",0,4,4,7,11,40.1,500,竹内正洋,美,0,10106229,01019,01152,0118261103,冨樫賢二,大樹ファーム,タイキシャトル,タイキクララ,デヒア,鹿毛,100213,   35.2,  ,    ,43.6
18,09,02,2,札幌,6,11,丹頂ＳＨ,131,芝,0,2600,良,ハートレー        ,セ,5,ルメール,56.0,14,04,10,10,0,2.3,1,164.9,"2449",0,2,2,2,3,40.5,472,手塚貴久,美,0,13105789,05339,01038,0118261104,サンデーレーシング,ノーザンファーム,ディープインパクト,ウィキッドリーパーフェクト,Congrats,鹿毛,130411,    3.5,  ,    ,42.1
18,09,02,2,札幌,6,11,丹頂ＳＨ,131,芝,0,2600,良,ブライトバローズ  ,牡,6,四位洋文,54.0,14,05,8,8,0,1.8,7,164.4,"2444",0,8,8,7,7,39.3,504,堀宣行,美,0,12104665,00700,01070,0118261105,猪熊広次,ノーザンファーム,キングカメハメハ,ジェダイト,サンデーサイレンス,鹿毛,120218,   29.1,  ,    ,45.5
18,09,02,2,札幌,6,11,丹頂ＳＨ,131,芝,0,2600,良,ブレスジャーニー  ,牡,4,岩田康誠,56.0,14,06,4,4,0,1.3,3,163.9,"2439",0,11,11,12,11,38.4,458,佐々木晶,栗,360,14106404,05203,00429,0118261106,島川隆哉,競優牧場,バトルプラン,エルフィンパーク,タニノギムレット,鹿毛,140402,    4.5,  ,    ,48.0
18,09,02,2,札幌,6,11,丹頂ＳＨ,131,芝,0,2600,良,トウシンモンステラ,牡,8,国分恭介,52.0,14,07,13,13,0,3,14,165.6,"2456",0,13,13,13,13,40,472,村山明,栗,0,10104256,01124,01107,0118261107,サトー,ノーザンファーム,キングカメハメハ,ピンクパピヨン,サンデーサイレンス,黒鹿,100213,  252.2,  ,    ,44.2
18,09,02,2,札幌,6,11,丹頂ＳＨ,131,芝,0,2600,良,ヴォージュ        ,牡,5,藤岡康太,56.0,14,08,7,7,0,1.6,2,164.2,"2442",0,3,3,2,3,39.8,522,西村真幸,栗,0,13102596,01116,01148,0118261108,杉山忠国,明治牧場,ナカヤマフェスタ,ギュイエンヌ,タニノギムレット,青鹿,130515,    3.9,  ,    ,43.8
18,09,02,2,札幌,6,11,丹頂ＳＨ,131,芝,0,2600,良,アルター          ,セ,6,吉田隼人,54.0,14,09,6,6,0,1.3,12,163.9,"2439",0,4,4,5,6,39.2,520,古賀慎明,美,0,12104936,01095,01079,0118261109,吉田勝己,ノーザンファーム,ネオユニヴァース,ロレットチャペル,フレンチデピュティ,栗毛,120215,  110.5,  ,    ,45.4
18,09,02,2,札幌,6,11,丹頂ＳＨ,131,芝,0,2600,良,サンマルデューク  ,牡,9,古川吉洋,53.0,14,10,14,14,0,6.9,13,169.5,"2495",0,14,14,14,14,42.3,510,和田勇介,美,0,09102606,01015,01165,0118261110,相馬勇,田端牧場,ロージズインメイ,キミホウセキ,サンデーサイレンス,黒鹿,090403,  230.0,  ,    ,40.2
18,09,02,2,札幌,6,11,丹頂ＳＨ,131,芝,0,2600,良,ルミナスウォリアー,牡,7,柴山雄一,57.0,14,11,12,12,0,2.7,8,165.3,"2453",0,9,9,7,9,40.2,496,和田正一,美,0,11104117,05243,01114,0118261111,中西功,ノーザンファーム,メイショウサムソン,ルミナスハッピー,アグネスタキオン,鹿毛,110209,   30.5,  ,    ,43.4
18,09,02,2,札幌,6,11,丹頂ＳＨ,131,芝,0,2600,良,ハッピーユニバンス,牝,6,横山武史,51.0,14,12,3,3,0,0.9,10,163.5,"2435",0,6,4,1,1,39.2,468,平田修,栗,600,12104512,01170,01082,0118261112,亀井哲也,ノーザンファーム,ジャングルポケット,アドマイヤセラヴィ,サンデーサイレンス,黒鹿,120311,   45.3,  ,    ,45.1
18,09,02,2,札幌,6,11,丹頂ＳＨ,131,芝,0,2600,良,コルコバード      ,牝,5,丸山元気,53.0,14,13,2,2,0,0.2,4,162.8,"2428",0,11,11,7,5,37.7,448,木村哲也,美,960,13105816,01127,01126,0118261113,キャロットファーム,ノーザンファーム,ステイゴールド,エンシェントヒル,エンドスウィープ,黒鹿,130306,    4.9,  ,    ,49.5
18,09,02,2,札幌,6,11,丹頂ＳＨ,131,芝,0,2600,良,リッジマン        ,牡,5,松岡正海,52.0,14,14,1,1,0,-0.2,5,162.6,"2426",0,9,9,4,2,38,448,庄野靖志,栗,2400,13103569,01085,01087,0118261114,辻牧場,辻牧場,スウェプトオーヴァーボード,アドマイヤモンロー,Caerleon,鹿毛,130525,   10.4,  ,    ,48.4
18,09,02,2,札幌,6,12,釧路湿原1000,43,ダ,1,1700,良,シンゼンガンプ    ,牡,6,古川吉洋,57.0,14,01,13,13,0,2.5,12,107.6,"1476",0,11,11,12,14,38.2,456,飯田祐史,栗,0,12100672,01015,01139,0118261201,原司郎,樋渡志尚,カネヒキリ,ローレルオードリー,コマンダーインチーフ,鹿毛,120430,   46.8,  ,    ,49.1
18,09,02,2,札幌,6,12,釧路湿原1000,43,ダ,1,1700,良,ホッコーライデン  ,牡,4,松田大作,57.0,14,02,4,4,0,0.4,4,105.5,"1455",0,9,7,9,8,36.4,512,松永康利,美,230,14101808,01030,01093,0118261202,北幸商事,川端正博,アグネスデジタル,ホッコーエクレール,ダンスインザダーク,黒鹿,140602,    7.1,  ,    ,53.5
18,09,02,2,札幌,6,12,釧路湿原1000,43,ダ,1,1700,良,アナザーバージョン,セ,7,丸山元気,57.0,14,03,10,10,0,1,11,106.1,"1461",0,3,3,5,6,37.3,482,久保田貴,美,0,11103768,01127,01067,0118261203,サンデーレーシング,ノーザンファーム,クロフネ,アンナヴァン,エンドスウィープ,鹿毛,110131,   46.5,  ,    ,50.6
18,09,02,2,札幌,6,12,釧路湿原1000,43,ダ,1,1700,良,ヴォカツィオーネ  ,牝,4,丹内祐次,55.0,14,04,2,2,0,0.3,8,105.4,"1454",0,13,13,14,10,35.8,448,田所秀孝,栗,600,14102730,01091,01009,0118261204,サラブレッドクラブ,上水牧場,カジノドライヴ,アントワープ,キングカメハメハ,栗毛,140330,   21.7,  ,    ,56.0
18,09,02,2,札幌,6,12,釧路湿原1000,43,ダ,1,1700,良,キタサンタイドー  ,牡,3,藤岡佑介,54.0,14,05,5,5,0,0.5,2,105.6,"1456",0,5,5,5,4,36.8,518,清水久詞,栗,150,15105278,01093,01110,0118261205,大野商事,パカパカファーム,ブラックタイド,スカラムーシュ,キングカメハメハ,黒鹿,150413,    5.1,  ,    ,52.0
18,09,02,2,札幌,6,12,釧路湿原1000,43,ダ,1,1700,良,キングドラゴン    ,セ,5,ルメール,57.0,14,06,11,11,0,1.7,6,106.8,"1468",0,5,7,7,8,37.8,514,藤沢和雄,美,0,13105448,05339,00386,0118261206,窪田芳郎,社台ファーム,シンボリクリスエス,グランパドドゥ,フジキセキ,鹿毛,130418,    9.1,  ,    ,49.6
18,09,02,2,札幌,6,12,釧路湿原1000,43,ダ,1,1700,良,サンローレンス    ,牝,3,横山武史,52.0,14,07,12,12,0,1.9,13,107,"1470",0,1,1,1,4,38.5,452,伊藤伸一,美,0,15101264,01170,01031,0118261207,加藤ステーブル,ケイズ,スズカマンボ,プットリー,ブラックホーク,青鹿,150409,   73.3,  ,    ,47.0
18,09,02,2,札幌,6,12,釧路湿原1000,43,ダ,1,1700,良,クルークハイト    ,牝,4,城戸義政,55.0,14,08,9,9,0,0.9,9,106,"1460",0,5,7,7,6,37,466,藤岡健一,栗,0,14105833,01147,01062,0118261208,キャロットファーム,ノーザンファーム,クロフネ,ヴァイスハイト,アドマイヤベガ,芦毛,140404,   27.6,  ,    ,51.7
18,09,02,2,札幌,6,12,釧路湿原1000,43,ダ,1,1700,良,スズカロング      ,牡,4,横山典弘,57.0,14,09,6,6,0,0.8,7,105.9,"1459",0,10,10,10,10,36.7,480,橋田満,栗,0,14103361,00660,00362,0118261209,永井啓弍,辻牧場,ワークフォース,スズカローラン,サンデーサイレンス,鹿毛,140504,   18.9,  ,    ,52.8
18,09,02,2,札幌,6,12,釧路湿原1000,43,ダ,1,1700,良,マイネルカイノン  ,牡,3,松岡正海,54.0,14,10,14,14,0,5.7,10,110.8,"1508",0,11,12,10,10,41.5,510,宮徹,栗,0,15100748,01085,01018,0118261210,サラブレッドクラブ,ビッグレッドファー,ハーツクライ,マイネヌーヴェル,ブライアンズタイム,青鹿,150323,   30.1,  ,    ,41.1
18,09,02,2,札幌,6,12,釧路湿原1000,43,ダ,1,1700,良,サウスザスナイパー,牡,4,岩田康誠,57.0,14,11,8,8,0,0.9,5,106,"1460",0,2,2,2,2,37.5,540,加用正,栗,0,14101833,05203,00425,0118261211,後藤貞夫,木村牧場,サウスヴィグラス,ショウリノホホエミ,マンハッタンカフェ,黒鹿,140330,    7.1,  ,    ,49.6
18,09,02,2,札幌,6,12,釧路湿原1000,43,ダ,1,1700,良,タガノヴェローナ  ,牝,4,国分恭介,55.0,14,12,3,3,0,0.4,3,105.5,"1455",0,5,5,4,2,36.8,478,中村均,栗,380,14100511,01124,00261,0118261212,八木良司,新冠タガノファーム,クロフネ,タガノレヴェントン,キングカメハメハ,芦毛,140321,    5.2,  ,    ,51.8
18,09,02,2,札幌,6,12,釧路湿原1000,43,ダ,1,1700,良,フォーハンドレッド,牡,4,藤岡康太,57.0,14,13,1,1,0,-0.3,1,105.1,"1451",0,3,3,3,1,36.5,476,田中博康,美,1500,14101995,01116,01162,0118261213,窪田康志,下河辺牧場,ステイゴールド,ラグジャリークラス,"Gone West",黒鹿,140415,    4.1,  ,    ,52.5
18,09,02,2,札幌,6,12,釧路湿原1000,43,ダ,1,1700,良,イルフォーコン    ,牡,5,菱田裕二,57.0,14,14,7,7,0,0.8,14,105.9,"1459",0,13,13,12,13,36.5,460,武市康男,美,0,13103707,01144,01089,0118261214,"H.F Association",福田牧場,ナカヤマフェスタ,ギブミーアチャンス,エルコンドルパサー,黒鹿,130320,  111.3,  ,    ,53.7
