21,08,14,2,札幌,1,01,未勝利*,7,芝,0,1800,良,ヴィオレントアズル,牡,2,黛弘人,54.0,6,01,5,5,0,2,6,111.4,"1514",0,4,3,6,5,37.2,400,加藤和宏,美,51,19102445,01109,01077,0121210101,岡田牧雄,エムエム、ヤマダフ,フェノーメノ,プレゼンスブルー,パイロ,青鹿,190406,   85.8,  ,    ,49.7
21,08,14,2,札幌,1,01,未勝利*,7,芝,0,1800,良,マイネルシーマー  ,牡,2,丹内祐次,54.0,6,02,2,2,0,0.3,3,109.7,"1497",0,6,6,2,2,35.9,466,青木孝文,美,200,19100774,01091,01156,0121210102,サラブレッドクラブ,ビッグレッドファー,ゴールドシップ,マイネアルナイル,ロージズインメイ,黒鹿,190413,    5.7,  ,    ,52.8
21,08,14,2,札幌,1,01,未勝利*,7,芝,0,1800,良,レッドラディエンス,牡,2,ルメール,54.0,6,03,1,1,0,-0.3,1,109.4,"1494",0,5,5,3,3,35.5,476,藤沢和雄,美,510,19104984,05339,00386,0121210103,東京ホースレーシン,社台牧場,ディープインパクト,ペルフォルマーダ,"Jump Start",黒鹿,190420,    1.9,  ,    ,54.1
21,08,14,2,札幌,1,01,未勝利*,7,芝,0,1800,良,ブルーレーン      ,牝,2,泉谷楓真,53.0,6,04,6,6,0,5.6,5,115,"1550",0,1,1,3,6,41,482,本田優,栗,0,19101326,01182,01099,0121210104,本間茂,"Wing Farm",ハービンジャー,サクラトップピサ,ヴィクトワールピサ,鹿毛,190227,   31.6,  ,    ,40.2
21,08,14,2,札幌,1,01,未勝利*,7,芝,0,1800,良,フォルトゥナ      ,牡,2,菱田裕二,54.0,6,05,4,4,0,1.9,4,111.3,"1513",0,2,2,3,4,37.3,464,中野栄治,美,77,19104582,01144,01010,0121210105,山本三津子,社台コーポレーショ,エイシンフラッシュ,パシャドーラ,ハーツクライ,青鹿,190220,   15.3,  ,    ,49.2
21,08,14,2,札幌,1,01,未勝利*,7,芝,0,1800,良,セイウンプラチナ  ,牡,2,横山和生,54.0,6,06,3,3,0,0.6,2,110,"1500",0,3,3,1,1,36.3,476,小桧山悟,美,130,19102628,01140,01005,0121210106,西山茂行,鮫川啓一,ミッキーアイル,ゴールドグレース,エリシオ,鹿毛,190407,    2.5,  ,    ,51.5
21,08,14,2,札幌,1,02,未勝利・牝,7,ダ,1,1700,良,ルージュブラン    ,牝,3,秋山稔樹,52.0,14,01,4,4,0,0.4,9,107.9,"1479",0,6,6,5,6,39.5,458,手塚貴久,美,77,18104601,01181,01038,0121210201,東京ホースレーシン,社台ファーム,エピファネイア,グリサージュ,クロフネ,芦毛,180130,   55.9,  ,    ,44.5
21,08,14,2,札幌,1,02,未勝利・牝,7,ダ,1,1700,良,インディナート    ,牝,3,小沢大仁,51.0,14,02,13,13,0,2.9,6,110.4,"1504",0,1,1,1,3,42.4,444,浅見秀一,栗,0,18102663,01185,00411,0121210202,KAJIMOTOホールディ,タガミファーム,ルーラーシップ,ナリタブルースター,マンハッタンカフェ,黒鹿,180417,   18.5,  ,    ,37.5
21,08,14,2,札幌,1,02,未勝利・牝,7,ダ,1,1700,良,セイカリネット    ,牝,3,小林凌大,51.0,14,03,11,11,0,1.5,13,109,"1490",0,14,14,14,13,39.1,436,小野次郎,美,0,18100706,01177,01125,0121210203,久米大,千葉飯田牧場,ジョーカプチーノ,セイカカロブ,"Sadler's Wells",栗毛,180518,  476.3,  ,    ,47.5
21,08,14,2,札幌,1,02,未勝利・牝,7,ダ,1,1700,良,レイドフルール    ,牝,3,的場勇人,54.0,14,04,12,12,0,1.9,14,109.4,"1494",0,11,12,12,12,39.9,456,的場均,美,0,18106233,01108,01063,0121210204,琴浦諒,田中スタッド,アジアエクスプレス,レディストレイツ,Montjeu,鹿毛,180528,  531.0,  ,    ,45.0
21,08,14,2,札幌,1,02,未勝利・牝,7,ダ,1,1700,良,レッドウッドヒル  ,牝,3,吉田隼人,54.0,14,05,6,6,0,0.5,3,108,"1480",0,9,9,6,7,39.3,480,武井亮,美,0,18109105,01095,01147,0121210205,那須野牧場,恵比寿興業株式会社,ヴィクトワールピサ,フリスコベイ,"Hard Spun",栗毛,180226,    5.0,  ,    ,45.4
21,08,14,2,札幌,1,02,未勝利・牝,7,ダ,1,1700,良,スリンシンガポール,牝,3,西谷凜,51.0,14,06,9,9,0,1,5,108.5,"1485",0,5,5,6,9,39.8,464,和田雄二,美,0,18102918,01189,01143,0121210206,田島榮二郎,元茂牧場,プリサイスエンド,ステッバイステップ,カリズマティック,黒鹿,180525,   18.0,  ,    ,44.2
21,08,14,2,札幌,1,02,未勝利・牝,7,ダ,1,1700,良,ウィズザワールド  ,牝,3,団野大成,54.0,14,07,2,2,0,0.1,1,107.6,"1476",0,2,2,2,1,39.6,472,松山将樹,美,200,18102417,01180,01100,0121210207,阿部善武,ラツキー牧場,トゥザワールド,シルキーウィズ,エンドスウィープ,栗毛,180428,    2.3,  ,    ,43.7
21,08,14,2,札幌,1,02,未勝利・牝,7,ダ,1,1700,良,エリカバイラ      ,牝,3,横山和生,54.0,14,08,7,7,0,0.8,10,108.3,"1483",0,10,10,9,7,39.3,434,安田隆行,栗,0,18106562,01140,00438,0121210208,三木正浩,三嶋牧場,ブラックタイド,ルックアミリオン,フレンチデピュティ,黒鹿,180411,  179.4,  ,    ,45.8
21,08,14,2,札幌,1,02,未勝利・牝,7,ダ,1,1700,良,サツキティアラ    ,牝,3,坂井瑠星,54.0,14,09,1,1,0,-0.1,8,107.5,"1475",0,3,4,4,2,39.2,466,加藤和宏,美,510,18103039,01163,01077,0121210209,グランデオーナーズ,荻伏三好フアーム,バトルプラン,ラストエンジェル,バゴ,鹿毛,180510,   19.3,  ,    ,45.0
21,08,14,2,札幌,1,02,未勝利・牝,7,ダ,1,1700,良,アベレージマーク  ,牝,3,水口優也,54.0,14,10,5,5,0,0.5,7,108,"1480",0,8,8,6,5,39.4,450,大和田成,美,51,18104550,01133,01124,0121210210,金子真人ホールディ,社台ファーム,ラブリーデイ,エミネントピークス,ティンバーカントリー,栗毛,180213,   18.6,  ,    ,45.0
21,08,14,2,札幌,1,02,未勝利・牝,7,ダ,1,1700,良,レスペディーザ    ,牝,3,池添謙一,54.0,14,11,3,3,0,0.3,2,107.8,"1478",0,3,2,3,3,39.6,434,松永幹夫,栗,130,18100580,01032,01092,0121210211,NICKS,スマイルファーム,マクフィ,レッドシャンデル,ネオユニヴァース,鹿毛,180511,    3.2,  ,    ,43.9
21,08,14,2,札幌,1,02,未勝利・牝,7,ダ,1,1700,良,ファストブレイク  ,牝,3,丹内祐次,54.0,14,12,14,14,0,4.2,12,111.7,"1517",0,6,6,10,14,42.5,420,宗像義忠,美,0,18100118,01091,00420,0121210212,五十川雅規,ヴェルサイユファー,ディスクリートキャット,ジョウノマドンナ,ダンスインザダーク,鹿毛,180412,  227.9,  ,    ,38.8
21,08,14,2,札幌,1,02,未勝利・牝,7,ダ,1,1700,良,クリスタルスワン  ,牝,3,古川吉洋,54.0,14,13,8,8,0,1,4,108.5,"1485",0,13,13,11,9,39.2,500,土田稔,美,0,18101499,01015,00417,0121210213,岡田勇,大狩部牧場,パイロ,マルヨシロワイン,アジュディケーティング,芦毛,180430,   16.2,  ,    ,46.4
21,08,14,2,札幌,1,02,未勝利・牝,7,ダ,1,1700,良,ヒューリット      ,牝,3,泉谷楓真,53.0,14,14,10,10,0,1.1,11,108.6,"1486",0,11,11,12,11,39.1,500,畠山吉宏,美,0,18106134,01182,01048,0121210214,グランデオーナーズ,グランデファーム,ディスクリートキャット,ウィアーワン,アドマイヤジャパン,栗毛,180412,  210.4,  ,    ,47.0
21,08,14,2,札幌,1,03,未勝利,7,ダ,1,1000,良,レオテソーロ      ,牡,3,菊沢一樹,56.0,12,01,8,8,0,1.6,11,60.7,"1007",0,0,0,10,8,36.3,468,伊坂重信,美,0,18104409,01161,01177,0121210301,了徳寺健二ホールデ,前谷武志,ネオユニヴァース,クイーンオブハルカ,Singspiel,栗毛,180227,   59.6,  ,    ,50.8
21,08,14,2,札幌,1,03,未勝利,7,ダ,1,1000,良,マイブリュージュ  ,牝,3,秋山稔樹,52.0,12,02,5,5,0,0.7,3,59.8,"0598",0,0,0,1,2,36.3,478,池上昌和,美,51,18102448,01181,01150,0121210302,小関昭次,上村清志,シニスターミニスター,クリスタルボイス,キングカメハメハ,鹿毛,180401,    5.0,  ,    ,47.1
21,08,14,2,札幌,1,03,未勝利,7,ダ,1,1000,良,フクノルッカ      ,牝,3,小林凌大,51.0,12,03,2,2,0,0.5,6,59.6,"0596",0,0,0,5,4,35.6,442,杉浦宏昭,美,200,18100299,01177,01008,0121210303,福島祐子,ケイズ,マクフィ,フクノドリーム,ヨハネスブルグ,鹿毛,180320,   10.9,  ,    ,51.1
21,08,14,2,札幌,1,03,未勝利,7,ダ,1,1000,良,ブリリアントキング,牡,3,泉谷楓真,55.0,12,04,7,7,0,1.5,7,60.6,"1006",0,0,0,5,7,36.6,464,西園正都,栗,0,18100665,01182,01028,0121210304,ゴドルフィン,ダーレー・ジャパン,ディープブリランテ,サンレーン,"Oasis Dream",黒鹿,180217,   14.6,  ,    ,48.4
21,08,14,2,札幌,1,03,未勝利,7,ダ,1,1000,良,レイワプリンセス  ,牝,3,古川吉洋,54.0,12,05,4,4,0,0.7,1,59.8,"0598",0,0,0,3,3,36,500,木原一良,栗,77,18101296,01015,01033,0121210305,菅藤孝雄,清水牧場,ドゥラメンテ,スズノメヒョー,バチアー,栗毛,180409,    4.1,  ,    ,49.2
21,08,14,2,札幌,1,03,未勝利,7,ダ,1,1000,良,ストーンフェンス  ,牡,3,横山武史,56.0,12,06,9,9,0,2.1,2,61.2,"1012",0,0,0,12,12,36.2,468,高柳瑞樹,美,0,18110036,01170,01118,0121210306,ゴドルフィン,Godolphin,"Exceed And Excel",Ishitaki,Interprete,栗毛,180307,    4.4,  ,    ,53.6
21,08,14,2,札幌,1,03,未勝利,7,ダ,1,1000,良,ザント            ,牡,3,ルメール,56.0,12,07,12,12,0,3.1,5,62.2,"1022",0,0,0,3,5,38.4,428,高橋康之,栗,0,18102371,05339,01135,0121210307,サイプレスホールデ,森永聡,カジノドライヴ,インクルーシブ,ディープインパクト,黒鹿,180402,    7.4,  ,    ,43.0
21,08,14,2,札幌,1,03,未勝利,7,ダ,1,1000,良,ルビースター      ,牝,3,菱田裕二,54.0,12,08,6,6,0,1.2,10,60.3,"1003",0,0,0,11,11,35.5,486,橋口慎介,栗,0,18104256,01144,01154,0121210308,林正道,服部牧場,キズナ,ハーランズロマン,"Harlan's Holiday",黒鹿,180318,   42.6,  ,    ,54.8
21,08,14,2,札幌,1,03,未勝利,7,ダ,1,1000,良,ニシノラフカット  ,牡,3,勝浦正樹,56.0,12,09,11,11,0,3.1,12,62.2,"1022",0,0,0,5,10,38.2,438,高木登,美,0,18103635,01025,01088,0121210309,西山茂行,小倉光博,アジアエクスプレス,ワールドムーン,アドマイヤムーン,鹿毛,180318,  280.2,  ,    ,44.2
21,08,14,2,札幌,1,03,未勝利,7,ダ,1,1000,良,キュートラン      ,牝,3,団野大成,54.0,12,10,3,3,0,0.5,4,59.6,"0596",0,0,0,2,1,36.1,466,高橋文雅,美,130,18101072,01180,01134,0121210310,岡村善行,前野牧場,ディスクリートキャット,ビーキュート,マヤノトップガン,鹿毛,180412,    6.0,  ,    ,47.6
21,08,14,2,札幌,1,03,未勝利,7,ダ,1,1000,良,ルーリング        ,牡,3,小沢大仁,53.0,12,11,1,1,0,-0.5,9,59.1,"0591",0,0,0,8,5,34.9,514,浅見秀一,栗,510,18105457,01185,00411,0121210311,G1レーシング,追分ファーム,ルーラーシップ,リープオブフェイス,クロフネ,鹿毛,180419,   25.2,  ,    ,54.0
21,08,14,2,札幌,1,03,未勝利,7,ダ,1,1000,良,タマモイットウセイ,牡,3,西谷凜,53.0,12,12,10,10,0,2.4,8,61.5,"1015",0,0,0,8,8,37.3,474,池添兼雄,栗,0,18103598,01189,01021,0121210312,タマモ,岡田牧場,エイシンフラッシュ,チャームライト,ワイルドラッシュ,青毛,180516,   22.7,  ,    ,47.3
21,08,14,2,札幌,1,04,未勝利,7,芝,0,2000,良,ハヤブサビッグバン,牡,3,亀田温心,55.0,16,01,9,9,0,0.8,7,122.2,"2022",0,7,8,8,7,36.2,498,高柳瑞樹,美,0,18103986,01176,01118,0121210401,武田修,田中裕之,ヴィクトワールピサ,ジャストジョーイ,クロフネ,芦毛,180129,   22.1,  ,    ,51.8
21,08,14,2,札幌,1,04,未勝利,7,芝,0,2000,良,コーズウェイヘッド,牝,3,坂井瑠星,54.0,16,02,14,14,0,1.7,11,123.1,"2031",0,12,12,12,12,36.6,484,鮫島一歩,栗,0,18110016,01163,01046,0121210402,ゴドルフィン,"Hartley/De Renzo T","Giant's Causeway","Donnie's Secret","Tiger Ridge",栗毛,180312,   39.5,  ,    ,51.3
21,08,14,2,札幌,1,04,未勝利,7,芝,0,2000,良,ブリングトゥライフ,牝,3,吉田隼人,54.0,16,03,3,3,0,0.2,8,121.6,"2016",0,7,6,6,5,35.9,478,畑端省吾,栗,130,18105398,01095,01188,0121210403,G1レーシング,追分ファーム,ハービンジャー,アニマトゥール,ホワイトマズル,鹿毛,180215,   23.1,  ,    ,52.3
21,08,14,2,札幌,1,04,未勝利,7,芝,0,2000,良,リッターヴォルト  ,牡,3,秋山稔樹,54.0,16,04,12,12,0,1.3,14,122.7,"2027",0,10,10,10,10,36.5,476,伊坂重信,美,0,18101108,01181,01177,0121210404,ノルマンディーサラ,三輪幸子,ストロングリターン,ミワノロマンス,サムライハート,黒鹿,180324,   87.5,  ,    ,51.2
21,08,14,2,札幌,1,04,未勝利,7,芝,0,2000,良,クリノサルベージ  ,牡,3,古川吉洋,56.0,16,05,11,11,0,1.2,9,122.6,"2026",0,15,14,15,14,35.8,446,藤岡健一,栗,0,18106658,01015,01062,0121210405,栗本博晴,様似渡辺牧場,ハーツクライ,オンケンバヤソワカ,"Excellent Art",鹿毛,180531,   33.1,  ,    ,53.9
21,08,14,2,札幌,1,04,未勝利,7,芝,0,2000,良,ウヒョウノヒビキ  ,牝,3,菊沢一樹,54.0,16,06,7,7,0,0.6,10,122,"2020",0,5,6,6,5,36.2,416,小野次郎,美,0,18101574,01161,01125,0121210406,矢野琢也,協和牧場,リアルインパクト,キュートシルフ,キングヘイロー,鹿毛,180420,   34.1,  ,    ,51.6
21,08,14,2,札幌,1,04,未勝利,7,芝,0,2000,良,ファインディーヴァ,牝,3,丹内祐次,54.0,16,07,13,13,0,1.4,12,122.8,"2028",0,3,3,3,3,37.3,478,斎藤誠,美,0,18102896,01091,01086,0121210407,杉山忠国,明治牧場,リオンディーズ,アンコンソールド,"Smart Strike",鹿毛,180121,   61.8,  ,    ,48.2
21,08,14,2,札幌,1,04,未勝利,7,芝,0,2000,良,ヒアーズトゥライフ,牡,3,横山武史,56.0,16,08,5,5,0,0.3,1,121.7,"2017",0,14,14,13,12,35.1,492,菊沢隆徳,美,51,18110002,01170,01115,0121210408,吉田照哉,"Shadai Farm",Frankel,"Sound of Freedom","Duke of Marmalade",鹿毛,180127,    3.2,  ,    ,55.7
21,08,14,2,札幌,1,04,未勝利,7,芝,0,2000,良,クールブリエ      ,牝,3,池添謙一,54.0,16,09,6,6,0,0.5,5,121.9,"2019",0,4,4,5,3,36.3,456,笹田和秀,栗,0,18103775,01032,01104,0121210409,ゴールドアップ・カ,ゴールドアップカン,メイショウサムソン,フレアキャスケード,エルコンドルパサー,鹿毛,180418,   16.4,  ,    ,51.1
21,08,14,2,札幌,1,04,未勝利,7,芝,0,2000,良,フジサンニュウサツ,牝,3,的場勇人,54.0,16,10,10,10,0,0.9,16,122.3,"2023",0,16,16,16,15,35.2,428,的場均,美,0,18102538,01108,01063,0121210410,藤田秀行,木田牧場,ジャングルポケット,ライボー,ディープスカイ,鹿毛,180326,  380.5,  ,    ,56.0
21,08,14,2,札幌,1,04,未勝利,7,芝,0,2000,良,ロイヤルアッシュ  ,牡,3,菱田裕二,56.0,16,11,8,8,0,0.6,13,122,"2020",0,12,12,10,10,35.8,484,池上昌和,美,0,18106334,01144,01150,0121210411,大塚亮一,辻牧場,エピファネイア,クイーンマザー,ハーツクライ,青鹿,180421,   64.1,  ,    ,53.2
21,08,14,2,札幌,1,04,未勝利,7,芝,0,2000,良,カタリーナ        ,牝,3,藤岡佑介,54.0,16,12,1,1,0,-0.2,2,121.4,"2014",0,7,8,8,7,35.4,446,松下武士,栗,510,18105820,01093,01149,0121210412,近藤英子,レイクヴィラファー,ドゥラメンテ,ブルーダイアモンド,ディープインパクト,鹿毛,180427,    4.0,  ,    ,54.1
21,08,14,2,札幌,1,04,未勝利,7,芝,0,2000,良,マイスターハント  ,牡,3,小林凌大,53.0,16,13,16,16,0,2.8,15,124.2,"2042",0,10,11,13,16,37.6,496,加藤士津,美,0,18103474,01177,01169,0121210413,ライオンレースホー,岡田スタツド,スピルバーグ,イッツマイン,Medicean,黒鹿,180213,  230.8,  ,    ,48.7
21,08,14,2,札幌,1,04,未勝利,7,芝,0,2000,良,ショベルヘッド    ,セ,3,団野大成,56.0,16,14,15,15,0,2,4,123.4,"2034",0,5,5,3,7,37.9,470,藤沢和雄,美,0,18110085,01180,00386,0121210414,長谷川祐司,"Siena Farms LLC",Curlin,"Date to Remember",Bernardini,鹿毛,180327,    7.2,  ,    ,46.7
21,08,14,2,札幌,1,04,未勝利,7,芝,0,2000,良,アースフレア      ,牝,3,泉谷楓真,53.0,16,15,2,2,0,0.2,6,121.6,"2016",0,1,1,1,1,36.4,484,本田優,栗,200,18104314,01182,01099,0121210415,フジワラ・ファーム,フジワラフアーム,Frankel,エレアノラデュース,Azamour,鹿毛,180301,   16.7,  ,    ,50.3
21,08,14,2,札幌,1,04,未勝利,7,芝,0,2000,良,レイトンヒル      ,牡,3,ルメール,56.0,16,16,4,4,0,0.3,3,121.7,"2017",0,2,2,2,2,36.3,494,加藤征弘,美,77,18110033,05339,01059,0121210416,ゴドルフィン,"Corrin Stud & Uppe",Teofilo,"Dream of The Hill","Tiger Hill",鹿毛,180419,    4.6,  ,    ,50.8
21,08,14,2,札幌,1,05,新馬,15,芝,0,1500,良,ハヤブサウィッシュ,牡,2,吉田隼人,54.0,9,01,3,3,0,1,4,90.1,"1301",0,0,4,5,4,35.8,468,吉村圭司,栗,180,19104587,01095,01130,0121210501,武田修,社台コーポレーショ,ダイワメジャー,ビートゴーズオン,Curlin,栗毛,190122,   15.3,  ,    ,51.1
21,08,14,2,札幌,1,05,新馬,15,芝,0,1500,良,トップスティール  ,牡,2,丹内祐次,54.0,9,02,4,4,0,1.5,3,90.6,"1306",0,0,7,7,7,35.7,508,深山雅史,美,110,19106387,01091,01174,0121210502,井山登,千代田牧場,カレンブラックヒル,モアスマイル,ホワイトマズル,鹿毛,190330,    9.8,  ,    ,52.5
21,08,14,2,札幌,1,05,新馬,15,芝,0,1500,良,モチベーション    ,牝,2,秋山稔樹,52.0,9,03,2,2,0,0.1,9,89.2,"1292",0,0,3,3,2,35.2,436,清水英克,美,280,19103280,01181,01080,0121210503,石川秀守,水丸牧場,ガルボ,アドリアーネ,アグネスデジタル,鹿毛,190502,   98.8,  ,    ,52.3
21,08,14,2,札幌,1,05,新馬,15,芝,0,1500,良,イタリアンカラー  ,牝,2,団野大成,54.0,9,04,9,9,0,3.8,5,92.9,"1329",0,0,1,1,2,39.2,410,加用正,栗,0,19101358,01180,00425,0121210504,"Him Rock Racingホ",大江牧場,リオンディーズ,カネスヴィバーチェ,ネオユニヴァース,黒鹿,190511,   24.1,  ,    ,41.3
21,08,14,2,札幌,1,05,新馬,15,芝,0,1500,良,モンゴリアンキング,牡,2,池添謙一,54.0,9,05,1,1,0,-0.1,1,89.1,"1291",0,0,2,2,1,35.3,474,安田隆行,栗,700,19110077,01032,00438,0121210505,吉田千津,"Shadai Farm",Kingman,Minorette,"Smart Strike",鹿毛,190409,    1.5,  ,    ,51.6
21,08,14,2,札幌,1,05,新馬,15,芝,0,1500,良,ラブストーリー    ,牝,2,藤岡佑介,54.0,9,06,7,7,0,3.3,6,92.4,"1324",0,0,9,8,8,36.6,440,高橋文雅,美,0,19102037,01093,01134,0121210506,安原浩司,浜本牧場,ブラックタイド,カストリア,Kingmambo,鹿毛,190505,   50.2,  ,    ,51.6
21,08,14,2,札幌,1,05,新馬,15,芝,0,1500,良,ルワンジュ        ,牡,2,勝浦正樹,54.0,9,07,6,6,0,2.9,7,92,"1320",0,0,6,6,6,37.3,478,上原博之,美,0,19105798,01025,00423,0121210507,ノルマンディーサラ,岡田スタツド,イスラボニータ,フォーハピネス,ファスリエフ,鹿毛,190421,   58.5,  ,    ,47.8
21,08,14,2,札幌,1,05,新馬,15,芝,0,1500,良,リンクスルーファス,牝,2,ルメール,54.0,9,08,5,5,0,2.3,2,91.4,"1314",0,0,4,4,5,37.2,508,手塚貴久,美,70,19105510,05339,01038,0121210508,シルクレーシング,ノーザンファーム,ヘニーヒューズ,ランニングボブキャッツ,"Running Stag",鹿毛,190224,    3.4,  ,    ,47.1
21,08,14,2,札幌,1,05,新馬,15,芝,0,1500,良,オゼイユ          ,牝,2,横山和生,54.0,9,09,8,8,0,3.3,8,92.4,"1324",0,0,7,9,9,36.5,454,四位洋文,栗,0,19106616,01140,01184,0121210509,杉岡時治,藤原牧場,ラブリーデイ,オアシスムーン,アグネスタキオン,栗毛,190325,   74.8,  ,    ,52.1
21,08,14,2,札幌,1,06,未勝利,7,ダ,1,1700,良,ディアマンテール  ,牡,3,ルメール,56.0,14,01,12,12,0,1.1,1,108.3,"1483",0,5,6,7,5,39.3,492,国枝栄,美,0,18105127,05339,00399,0121210601,サンデーレーシング,ノーザンファーム,ドゥラメンテ,ダイヤモンドディーバ,Dansili,青鹿,180311,    2.6,  ,    ,45.8
21,08,14,2,札幌,1,06,未勝利,7,ダ,1,1700,良,アトラスエース    ,牡,3,黛弘人,56.0,14,02,0,0,3,999.9,0,0,"----",0,0,0,0,0,0,486,伊藤伸一,美,0,18103702,01109,01031,0121210602,柳橋俊昭,桑嶋峰雄,ワールドエース,スケッチーヴュー,ホワイトマズル,鹿毛,180330,    0.0,  ,    , 0.0
21,08,14,2,札幌,1,06,未勝利,7,ダ,1,1700,良,ラムダ            ,牡,3,坂井瑠星,56.0,14,03,9,9,0,1,8,108.2,"1482",0,7,9,8,10,39,470,野中賢二,栗,0,18104771,01163,01098,0121210603,社台レースホース,社台ファーム,ルーラーシップ,プリンセスルシータ,サンデーサイレンス,鹿毛,180204,   30.8,  ,    ,46.8
21,08,14,2,札幌,1,06,未勝利,7,ダ,1,1700,良,ヴァルプルギス    ,牡,3,菊沢一樹,56.0,14,04,10,10,0,1,13,108.2,"1482",0,1,1,4,4,39.6,448,浅野洋一,美,0,18103077,01161,00421,0121210604,田頭勇貴,桑田フアーム,トーセンジョーダン,ノートルアンジュ,ゼンノロブロイ,鹿毛,180420,  191.1,  ,    ,44.5
21,08,14,2,札幌,1,06,未勝利,7,ダ,1,1700,良,ヒキガネ          ,牡,3,泉谷楓真,55.0,14,05,11,11,0,1,9,108.2,"1482",0,7,7,8,9,39,466,本田優,栗,0,18102946,01182,01099,0121210605,村上憲政,山野牧場,ジョーカプチーノ,リバーラスベル,ロサード,青鹿,180518,   30.8,  ,    ,46.8
21,08,14,2,札幌,1,06,未勝利,7,ダ,1,1700,良,ペドラフォルカ    ,牝,3,横山武史,54.0,14,06,1,1,0,-0.2,5,107.2,"1472",0,2,2,2,2,38.7,448,上村洋行,栗,510,18100395,01170,01168,0121210606,下河辺隆行,下河辺牧場,ディープインパクト,サトノジョリー,Bernardini,鹿毛,180306,   10.1,  ,    ,46.5
21,08,14,2,札幌,1,06,未勝利,7,ダ,1,1700,良,ワイディドゥバイ  ,牡,3,小沢大仁,53.0,14,07,7,7,0,0.8,11,108,"1480",0,3,3,4,5,39.3,502,新谷功一,栗,0,18102776,01185,01172,0121210607,安田一彦,平野牧場,マクフィ,ライブリーダンス,サンデーサイレンス,鹿毛,180315,   77.7,  ,    ,45.4
21,08,14,2,札幌,1,06,未勝利,7,ダ,1,1700,良,マテンロウアレス  ,牡,3,横山典弘,56.0,14,08,2,2,0,0.2,3,107.4,"1474",0,4,4,1,1,39,496,昆貢,栗,200,18103927,00660,01044,0121210608,寺田千代乃,タイヘイ牧場,ダイワメジャー,ベアフットレディ,Footstepsinthesand,鹿毛,180207,    5.2,  ,    ,45.7
21,08,14,2,札幌,1,06,未勝利,7,ダ,1,1700,良,カフジプラテアード,牡,3,川又賢治,56.0,14,09,13,13,0,3.7,12,110.9,"1509",0,11,10,11,13,41.5,472,矢作芳人,栗,0,18106886,01166,01075,0121210609,加藤守,絵笛牧場,マジェスティックウォリアー,メイショウシッポウ,キングカメハメハ,鹿毛,180506,  145.7,  ,    ,41.2
21,08,14,2,札幌,1,06,未勝利,7,ダ,1,1700,良,ブラッティーキッド,牡,3,水口優也,56.0,14,10,4,4,0,0.4,4,107.6,"1476",0,7,7,6,5,38.8,498,中尾秀正,栗,77,18103954,01133,01069,0121210610,グリーンスウォード,高橋フアーム,シニスターミニスター,デザートレジーナ,タヤスツヨシ,栗毛,180503,    5.5,  ,    ,46.7
21,08,14,2,札幌,1,06,未勝利,7,ダ,1,1700,良,ボニンブルー      ,牡,3,秋山稔樹,54.0,14,11,5,5,0,0.5,6,107.7,"1477",0,13,12,13,12,38.1,460,小崎憲,栗,51,18106371,01181,01085,0121210611,渡辺公美子,富田牧場,ホッコータルマエ,アグネスフェアリー,ヴィクトワールピサ,鹿毛,180510,   21.2,  ,    ,49.6
21,08,14,2,札幌,1,06,未勝利,7,ダ,1,1700,良,ウォーターボンボン,牡,3,菱田裕二,56.0,14,12,3,3,0,0.4,2,107.6,"1476",0,5,5,2,2,39.1,466,岡田稲男,栗,130,18106501,01144,01066,0121210612,山岡正人,三嶋牧場,ディスクリートキャット,ウォータープリプリ,ハーツクライ,鹿毛,180425,    5.0,  ,    ,45.6
21,08,14,2,札幌,1,06,未勝利,7,ダ,1,1700,良,ヤマイチキャプテン,牡,3,小林凌大,53.0,14,13,6,6,0,0.7,10,107.9,"1479",0,10,10,11,10,38.5,510,大江原哲,美,0,18102354,01177,01012,0121210613,坂本肇,村田牧場,ヘニーヒューズ,ダンシングハート,サンデーサイレンス,栗毛,180322,   54.3,  ,    ,48.3
21,08,14,2,札幌,1,06,未勝利,7,ダ,1,1700,良,ハットハート      ,牡,3,古川吉洋,56.0,14,14,8,8,0,0.8,7,108,"1480",0,12,12,8,5,38.8,506,大根田裕,栗,0,18103236,01015,01032,0121210614,MASAレーシング,高岸順一,マジェスティックウォリアー,エンダレ,ゴールドアリュール,鹿毛,180508,   23.0,  ,    ,47.3
21,08,14,2,札幌,1,07,１勝ｸﾗｽ,23,芝,0,2600,良,デルマラッキーガイ,牡,4,池添謙一,57.0,14,01,7,7,0,1.2,7,161.2,"2412",0,11,11,11,10,36.5,474,小手川準,美,0,17104808,01032,01171,0121210701,浅沼廣幸,社台ファーム,ディープインパクト,ターフローズ,"Big Shuffle",黒鹿,170218,   18.2,  ,    ,52.5
21,08,14,2,札幌,1,07,１勝ｸﾗｽ,23,芝,0,2600,良,ユークレース      ,牝,4,菊沢一樹,55.0,14,02,12,12,0,2,10,162,"2420",0,7,7,9,12,37.4,468,菊沢隆徳,美,0,17105368,01161,01115,0121210702,サンデーレーシング,ノーザンファーム,タートルボウル,ジェダイト,サンデーサイレンス,鹿毛,170320,   31.0,  ,    ,49.9
21,08,14,2,札幌,1,07,１勝ｸﾗｽ,23,芝,0,2600,良,クープラン        ,牡,3,吉田隼人,54.0,14,03,2,2,0,0.1,2,160.1,"2401",0,3,3,2,1,37.3,522,橋田満,栗,300,18103762,01095,00362,0121210703,森田和豊,今牧場,ドゥラメンテ,サトノジェイド,"Cape Cross",鹿毛,180308,    3.6,  ,    ,48.8
21,08,14,2,札幌,1,07,１勝ｸﾗｽ,23,芝,0,2600,良,タイセイコマンド  ,牡,3,団野大成,54.0,14,04,10,10,0,1.9,13,161.9,"2419",0,11,11,11,11,37.1,472,青木孝文,美,0,18104196,01180,01156,0121210704,田中成奉,西村牧場,バトルプラン,ブルーブルチャンネ,ステイゴールド,鹿毛,180222,   80.2,  ,    ,50.9
21,08,14,2,札幌,1,07,１勝ｸﾗｽ,23,芝,0,2600,良,ゼンダンピューマ  ,セ,3,勝浦正樹,54.0,14,05,5,5,0,1,9,161,"2410",0,10,9,9,8,36.4,454,藤原辰雄,美,76,18100430,01025,00435,0121210705,ゼンレーシング,下河辺牧場,ノヴェリスト,ブレイヴフィート,キングカメハメハ,栗毛,180410,   28.2,  ,    ,52.7
21,08,14,2,札幌,1,07,１勝ｸﾗｽ,23,芝,0,2600,良,アズユーフィール  ,牡,3,丹内祐次,54.0,14,06,8,8,0,1.2,4,161.2,"2412",0,9,9,8,8,36.7,500,宮本博,栗,0,18105763,01091,01073,0121210706,コスモヴューファー,平岡牧場,ベルシャザール,フィールザライト,ファンタスティックライト,黒鹿,180513,   12.5,  ,    ,51.8
21,08,14,2,札幌,1,07,１勝ｸﾗｽ,23,芝,0,2600,良,ジェネシスムーン  ,牝,3,小林凌大,49.0,14,07,11,11,0,1.9,14,161.9,"2419",0,14,14,13,13,36.6,448,小野望,地,0,18106653,01177,05688,0121210707,久保潤,様似共栄牧場,タイセイレジェンド,ヘイローマジック,キングヘイロー,鹿毛,180305,  125.6,  ,    ,52.7
21,08,14,2,札幌,1,07,１勝ｸﾗｽ,23,芝,0,2600,良,コーストライン    ,牝,3,秋山稔樹,50.0,14,08,1,1,0,-0.1,1,160,"2400",0,8,7,7,4,35.8,462,上原博之,美,760,18104843,01181,00423,0121210708,吉田照哉,社台ファーム,ハーツクライ,リーチマイハーバー,"Boston Harbor",鹿毛,180319,    3.2,  ,    ,54.1
21,08,14,2,札幌,1,07,１勝ｸﾗｽ,23,芝,0,2600,良,ウインローズブーケ,牝,4,藤岡佑介,55.0,14,09,9,9,0,1.7,5,161.7,"2417",0,1,1,1,2,39.4,448,吉田直弘,栗,0,17101451,01093,01101,0121210709,ウイン,コスモヴューファー,ロージズインメイ,ラヴァーズナット,ダンスインザダーク,黒鹿,170205,   13.0,  ,    ,43.1
21,08,14,2,札幌,1,07,１勝ｸﾗｽ,23,芝,0,2600,良,ダノンセレスタ    ,牡,4,坂井瑠星,57.0,14,10,3,3,0,0.8,3,160.8,"2408",0,4,4,4,3,37.6,496,音無秀孝,栗,190,17105402,01163,01002,0121210710,ダノックス,ノーザンファーム,ハーツクライ,セレスタ,"Jump Start",青鹿,170126,    4.3,  ,    ,48.3
21,08,14,2,札幌,1,07,１勝ｸﾗｽ,23,芝,0,2600,良,クールファイブ    ,牡,3,泉谷楓真,53.0,14,11,14,14,0,5.1,11,165.1,"2451",0,13,13,13,14,39.8,486,友道康夫,栗,0,18105159,01182,01061,0121210711,大塚亮一,ノーザンファーム,ルーラーシップ,トゥザハピネス,シンボリクリスエス,鹿毛,180129,   51.0,  ,    ,44.4
21,08,14,2,札幌,1,07,１勝ｸﾗｽ,23,芝,0,2600,良,インフィニタス    ,牝,3,小沢大仁,49.0,14,12,13,13,0,3.1,8,163.1,"2431",0,2,2,3,7,40.2,454,清水久詞,栗,0,18105401,01185,01110,0121210712,G1レーシング,追分ファーム,モーリス,アンチュラス,ディープインパクト,鹿毛,180407,   27.5,  ,    ,41.7
21,08,14,2,札幌,1,07,１勝ｸﾗｽ,23,芝,0,2600,良,オタクインパクト  ,牡,3,亀田温心,53.0,14,13,4,4,0,1,12,161,"2410",0,6,6,5,5,37,494,桜井拓章,地,110,18109009,01176,05749,0121210713,桐生裕明,荒谷牧場,ウインバリアシオン,ネオヴェリーフェズ,ネオユニヴァース,黒鹿,180517,   57.5,  ,    ,50.5
21,08,14,2,札幌,1,07,１勝ｸﾗｽ,23,芝,0,2600,良,ミライオー        ,牡,5,横山武史,57.0,14,14,6,6,0,1.1,6,161.1,"2411",0,5,5,5,5,37.2,518,加藤征弘,美,0,16104639,01170,01059,0121210714,林正道,ノーザンファーム,ハービンジャー,ミライエ,ディープインパクト,鹿毛,160211,   14.8,  ,    ,49.9
21,08,14,2,札幌,1,08,１勝ｸﾗｽ,23,ダ,1,1700,良,ガレア            ,牡,3,菊沢一樹,54.0,14,01,10,10,0,1.7,12,108.1,"1481",0,10,10,12,11,38.8,464,田中清隆,美,0,18104311,01161,00408,0121210801,フジワラ・ファーム,フジワラフアーム,ブラックタイド,アンジェラスキッス,"Gone West",黒鹿,180311,  233.9,  ,    ,47.4
21,08,14,2,札幌,1,08,１勝ｸﾗｽ,23,ダ,1,1700,良,ヒナノコバン      ,牡,4,秋山稔樹,55.0,14,02,14,14,0,3.3,11,109.7,"1497",0,1,1,2,11,41.3,460,本間忍,美,0,17105874,01181,01056,0121210802,日向英二,栄進牧場,バゴ,スウィートクレメンタイン,Shamardal,鹿毛,170225,   80.0,  ,    ,40.3
21,08,14,2,札幌,1,08,１勝ｸﾗｽ,23,ダ,1,1700,良,ハイアーグレード  ,牝,4,荻野琢真,55.0,14,03,3,3,0,0.3,10,106.7,"1467",0,2,2,1,1,38.4,456,今野貞一,栗,190,17100431,01112,01128,0121210803,下河辺隆行,下河辺牧場,ゴールドアリュール,ラグジャリークラス,"Gone West",栗毛,170419,   43.8,  ,    ,47.0
21,08,14,2,札幌,1,08,１勝ｸﾗｽ,23,ダ,1,1700,良,ウインアルバローズ,牡,3,丹内祐次,54.0,14,04,13,13,0,1.9,9,108.3,"1483",0,6,6,10,10,39.3,484,深山雅史,美,0,18101645,01091,01174,0121210804,ウイン,コスモヴューファー,ロージズインメイ,マイネピュール,ジェニュイン,青鹿,180524,   39.8,  ,    ,45.8
21,08,14,2,札幌,1,08,１勝ｸﾗｽ,23,ダ,1,1700,良,ケイアイシェルビー,牡,3,藤岡佑介,54.0,14,05,2,2,0,0.2,2,106.6,"1466",0,12,12,7,8,37.7,474,平田修,栗,300,18101739,01093,01082,0121210805,亀田和弘,隆栄牧場,ディープインパクト,ケイアイガーベラ,"Smarty Jones",鹿毛,180503,    2.6,  ,    ,49.7
21,08,14,2,札幌,1,08,１勝ｸﾗｽ,23,ダ,1,1700,良,グランドアルナイル,牡,3,小林凌大,51.0,14,06,11,11,0,1.9,14,108.3,"1483",0,12,13,13,13,38.6,476,加藤和宏,美,0,18105884,01177,01077,0121210806,田畑利彦,浦河日成牧場,フサイチセブン,クイーンキセキ,フジキセキ,栗毛,180424,  269.3,  ,    ,48.5
21,08,14,2,札幌,1,08,１勝ｸﾗｽ,23,ダ,1,1700,良,チェスナットドレス,牝,4,小沢大仁,52.0,14,07,12,12,0,1.9,8,108.3,"1483",0,14,14,14,14,37.9,492,西村真幸,栗,0,17106198,01185,01148,0121210807,"GET NEXT",辻牧場,ディープスカイ,アドマイヤドレス,スピニングワールド,栗毛,170411,   27.6,  ,    ,51.3
21,08,14,2,札幌,1,08,１勝ｸﾗｽ,23,ダ,1,1700,良,ハイラブハンター  ,牡,3,西谷凜,51.0,14,08,6,6,0,0.5,6,106.9,"1469",0,8,8,7,5,38,490,谷潔,栗,0,18103195,01189,00431,0121210808,服部新平,鮫川フアーム,メイショウサムソン,エスケイミネルバ,メイショウボーラー,鹿毛,180512,   18.6,  ,    ,48.9
21,08,14,2,札幌,1,08,１勝ｸﾗｽ,23,ダ,1,1700,良,コスモクウェンチ  ,牡,7,山田敬士,55.0,14,09,8,8,0,1,7,107.4,"1474",0,4,4,4,3,38.8,488,小桧山悟,美,0,14100729,01173,01005,0121210809,Mr.ホース,ビッグレッドファー,ダノンシャンティ,マイネクォーツ,タニノギムレット,鹿毛,140524,   26.7,  ,    ,46.4
21,08,14,2,札幌,1,08,１勝ｸﾗｽ,23,ダ,1,1700,良,ジョブックルーチェ,牝,3,古川吉洋,52.0,14,10,4,4,0,0.3,13,106.7,"1467",0,9,9,11,8,37.5,464,小桧山悟,美,110,18103429,01015,01005,0121210810,萩本企画,池田スタッド,ダイワメジャー,カルトマリーヌ,クロフネ,黒鹿,180525,  267.6,  ,    ,50.7
21,08,14,2,札幌,1,08,１勝ｸﾗｽ,23,ダ,1,1700,良,エコロファルコン  ,牡,3,ルメール,54.0,14,11,5,5,0,0.3,1,106.7,"1467",0,3,3,2,2,38.3,484,矢野英一,美,76,18104491,05339,01108,0121210811,原村正紀,山田牧場,ホッコータルマエ,サクラヴィッキー,ダンスインザダーク,鹿毛,180416,    2.3,  ,    ,47.4
21,08,14,2,札幌,1,08,１勝ｸﾗｽ,23,ダ,1,1700,良,キトゥンズワルツ  ,牝,3,横山和生,52.0,14,12,9,9,0,1.4,4,107.8,"1478",0,10,10,7,5,38.9,452,安田翔伍,栗,0,18110021,01140,01164,0121210812,キャロットファーム,"Shadai Corporation","Air Force Blue","Dance With Kitten","Kitten's Joy",黒鹿,180206,   11.2,  ,    ,46.6
21,08,14,2,札幌,1,08,１勝ｸﾗｽ,23,ダ,1,1700,良,ブロッコリー      ,牡,6,坂井瑠星,57.0,14,13,7,7,0,1,5,107.4,"1474",0,5,4,5,5,38.7,482,牧田和弥,栗,0,15105481,01163,01123,0121210813,嶋田賢,岡田牧場,キンシャサノキセキ,アスパラガス,ティンバーカントリー,鹿毛,150506,   15.9,  ,    ,46.8
21,08,14,2,札幌,1,08,１勝ｸﾗｽ,23,ダ,1,1700,良,メイショウヨシテル,牡,3,池添謙一,54.0,14,14,1,1,0,-0.2,3,106.4,"1464",0,6,6,5,3,37.7,472,池添兼雄,栗,760,18103149,01032,01021,0121210814,松本好隆,高昭牧場,パイロ,ホッコーユニバース,アグネスタキオン,黒鹿,180521,    9.7,  ,    ,49.4
21,08,14,2,札幌,1,09,１勝ｸﾗｽ,23,芝,0,1200,良,アンクルテイオウ  ,牡,5,泉谷楓真,56.0,16,01,9,9,0,0.8,6,70.1,"1101",0,0,0,15,12,34.6,482,高橋亮,栗,0,16104767,01182,01136,0121210901,塚本能交,ノーザンファーム,ハービンジャー,シュペトレーゼ,ディープインパクト,鹿毛,160223,   17.3,  ,    ,52.6
21,08,14,2,札幌,1,09,１勝ｸﾗｽ,23,芝,0,1200,良,マジカルマジカル  ,牡,4,松田大作,57.0,16,02,15,15,0,1.2,13,70.5,"1105",0,0,0,10,10,35.4,490,久保田貴,美,0,17110177,01030,01067,0121210902,吉田和美,"Emirates Park Pty","Fastnet Rock","Cavalry Rose","Charge Forward",鹿毛,171010,   63.4,  ,    ,49.2
21,08,14,2,札幌,1,09,１勝ｸﾗｽ,23,芝,0,1200,良,ディキシークイーン,牝,4,横山典弘,55.0,16,03,1,1,0,-0.1,3,69.3,"1093",0,0,0,6,6,34.8,488,昆貢,栗,760,17103660,00660,01044,0121210903,寺田千代乃,タイヘイ牧場,ダイワメジャー,テネシーワルツ,"High Chaparral",鹿毛,170219,    7.9,  ,    ,49.1
21,08,14,2,札幌,1,09,１勝ｸﾗｽ,23,芝,0,1200,良,ジャガード        ,牡,3,亀田温心,53.0,16,04,2,2,0,0.1,8,69.4,"1094",0,0,0,7,7,34.7,414,和田雄二,美,300,18103485,01176,01143,0121210904,栗坂崇,岡田スタツド,トーセンラー,オーガンディー,フレンチデピュティ,芦毛,180209,   19.9,  ,    ,50.0
21,08,14,2,札幌,1,09,１勝ｸﾗｽ,23,芝,0,1200,良,エムティースマイル,牝,3,古川吉洋,52.0,16,05,11,11,0,0.9,14,70.2,"1102",0,0,0,10,10,35.2,438,木原一良,栗,0,18102380,01015,01033,0121210905,丸山輝城,守矢牧場,ディスクリートキャット,ヒカルエガオ,アグネスタキオン,栗毛,180320,  172.4,  ,    ,49.4
21,08,14,2,札幌,1,09,１勝ｸﾗｽ,23,芝,0,1200,良,チェックメイト    ,牡,3,吉田隼人,54.0,16,06,5,5,0,0.2,4,69.5,"1095",0,0,0,4,4,35.2,526,武幸四郎,栗,76,18104363,01095,01160,0121210906,川勝裕之,藤原牧場,ダイワメジャー,ストームツイスター,ワイルドラッシュ,栗毛,180412,    8.2,  ,    ,47.4
21,08,14,2,札幌,1,09,１勝ｸﾗｽ,23,芝,0,1200,良,ナタラディーヴァ  ,牝,5,団野大成,55.0,16,07,10,10,0,0.8,12,70.1,"1101",0,0,0,1,1,36.1,454,武藤善則,美,0,16106030,01180,01064,0121210907,加藤裕司,千代田牧場,ブラックタイド,ミラクルガール,ロックオブジブラルタル,黒鹿,160306,   59.1,  ,    ,44.2
21,08,14,2,札幌,1,09,１勝ｸﾗｽ,23,芝,0,1200,良,テリオスヒメ      ,牝,4,小林凌大,52.0,16,08,16,16,0,1.2,11,70.5,"1105",0,0,0,13,12,35.2,448,田島俊明,美,0,17109019,01177,01112,0121210908,鈴木美江子,今川満良,リアルインパクト,ドリーミングバード,フォーティナイナー,鹿毛,170411,   41.6,  ,    ,50.3
21,08,14,2,札幌,1,09,１勝ｸﾗｽ,23,芝,0,1200,良,ゴーストレート    ,牡,3,菊沢一樹,54.0,16,09,8,8,0,0.8,10,70.1,"1101",0,0,0,7,8,35.4,488,菊沢隆徳,美,0,18104860,01161,01115,0121210909,堂守貴志,社台ファーム,エイシンフラッシュ,レッドリップス,フレンチデピュティ,青鹿,180202,   41.1,  ,    ,48.0
21,08,14,2,札幌,1,09,１勝ｸﾗｽ,23,芝,0,1200,良,ミーハディビーナ  ,牝,4,丹内祐次,55.0,16,10,6,6,0,0.7,9,70,"1100",0,0,0,16,16,34.1,432,和田雄二,美,0,17103323,01091,01143,0121210910,ノルマンディーサラ,岡田スタツド,スクリーンヒーロー,マイネホコモモラ,ロージズインメイ,青鹿,170211,   32.4,  ,    ,55.3
21,08,14,2,札幌,1,09,１勝ｸﾗｽ,23,芝,0,1200,良,ララマカロン      ,牝,3,秋山稔樹,50.0,16,11,4,4,0,0.2,2,69.5,"1095",0,0,0,2,2,35.4,478,田中博康,美,110,18104529,01181,01162,0121210911,フジイ興産,社台ファーム,ロードカナロア,イオス,バゴ,鹿毛,180121,    3.8,  ,    ,46.3
21,08,14,2,札幌,1,09,１勝ｸﾗｽ,23,芝,0,1200,良,アイルキング      ,牡,3,山田敬士,52.0,16,12,14,14,0,1.2,16,70.5,"1105",0,0,0,9,12,35.6,410,深山雅史,美,0,18101274,01173,01174,0121210912,中西功,北島牧場,ミッキーアイル,アレアレア,Kyllachy,青鹿,180331,  356.9,  ,    ,48.0
21,08,14,2,札幌,1,09,１勝ｸﾗｽ,23,芝,0,1200,良,ハッピーホンコン  ,牡,3,菱田裕二,54.0,16,13,13,13,0,1.2,7,70.5,"1105",0,0,0,13,12,35.2,442,田中淳司,地,0,18100753,01144,05630,0121210913,会田裕一,ディアレストクラブ,エスポワールシチー,サトノバーキン,クロフネ,栗毛,180314,   19.0,  ,    ,50.3
21,08,14,2,札幌,1,09,１勝ｸﾗｽ,23,芝,0,1200,良,ロードリスペクト  ,牡,3,小沢大仁,51.0,16,14,12,12,0,1,5,70.3,"1103",0,0,0,2,3,36.2,476,浅見秀一,栗,0,18106583,01185,00411,0121210914,ロードホースクラブ,宮内牧場,キズナ,リュヌドサーブル,Medicean,鹿毛,180301,    9.9,  ,    ,44.2
21,08,14,2,札幌,1,09,１勝ｸﾗｽ,23,芝,0,1200,良,パクスジャポニカ  ,牡,3,黛弘人,54.0,16,15,7,7,0,0.8,15,70.1,"1101",0,0,0,10,9,35.1,480,萱野浩二,美,0,18104015,01109,01024,0121210915,田頭勇貴,谷岡スタット,バトルプラン,サクラベル,サクラプレジデント,鹿毛,180508,  320.8,  ,    ,49.7
21,08,14,2,札幌,1,09,１勝ｸﾗｽ,23,芝,0,1200,良,レコレータ        ,牝,3,池添謙一,52.0,16,16,3,3,0,0.2,1,69.5,"1095",0,0,0,5,4,35.1,486,中舘英二,美,190,18105484,01032,01153,0121210916,サンデーレーシング,社台コーポレーショ,ハーツクライ,エヴィータアルゼンティーナ,"Candy Ride",栗毛,180224,    2.7,  ,    ,48.0
21,08,14,2,札幌,1,10,コスモス,131,芝,0,1800,良,セプテンベル      ,牝,2,横山武史,54.0,6,01,6,6,0,3.5,2,112.8,"1528",0,1,1,1,2,39.9,418,武井亮,美,0,19102887,01170,01147,0121211001,大冨智弘,上村清志,ドゥラメンテ,ベラルーナ,ディープインパクト,鹿毛,190416,    3.0,  ,    ,41.4
21,08,14,2,札幌,1,10,コスモス,131,芝,0,1800,良,ウン              ,牡,2,丹内祐次,54.0,6,02,4,4,0,0.5,5,109.8,"1498",0,3,3,3,3,36.6,452,桜井拓章,地,240,19100295,01091,05749,0121211002,ビッグレッドファー,須崎牧場,キタサンブラック,マリブウィン,"Malibu Moon",青鹿,190303,   11.2,  ,    ,50.0
21,08,14,2,札幌,1,10,コスモス,131,芝,0,1800,良,フィフティシェビー,牡,2,ルメール,54.0,6,03,3,3,0,0.3,1,109.6,"1496",0,4,4,3,3,36.4,490,藤沢和雄,美,400,19110074,05339,00386,0121211003,長谷川祐司,"Three Chimneys Far",Tapit,Stopchargingmaria,"Tale of the Cat",鹿毛,190227,    2.5,  ,    ,50.5
21,08,14,2,札幌,1,10,コスモス,131,芝,0,1800,良,トーセンヴァンノ  ,牡,2,山田敬士,54.0,6,04,1,1,0,-0.1,4,109.3,"1493",0,2,2,2,1,36.3,476,小桧山悟,美,1600,19104409,01173,01005,0121211004,島川隆哉,エスティファーム,ヴァンキッシュラン,トーセンソニア,ファンタスティックライト,黒鹿,190313,    6.4,  ,    ,50.6
21,08,14,2,札幌,1,10,コスモス,131,芝,0,1800,良,メリーセンス      ,牡,2,団野大成,54.0,6,05,5,5,0,1.3,6,110.6,"1506",0,6,6,6,6,37.1,486,森秀行,栗,160,19110083,01180,00427,0121211005,冨士井直哉,"Sun Valley Farm","Street Sense",Chausie,"Bluegrass Cat",鹿毛,190323,   48.3,  ,    ,49.1
21,08,14,2,札幌,1,10,コスモス,131,芝,0,1800,良,エーティーマクフィ,牡,2,藤岡佑介,54.0,6,06,2,2,0,0.1,3,109.4,"1494",0,5,5,5,5,36,436,武英智,栗,640,19105859,01093,01161,0121211006,岡田隆寛,岡田牧場,マクフィ,テンシンランマン,ハーツクライ,鹿毛,190506,    4.4,  ,    ,51.9
21,08,14,2,札幌,1,11,羊蹄山Ｓ･3勝,67,ダ,1,1700,良,ウインドジャマー  ,セ,4,ルメール,57.0,14,01,10,10,0,1.7,1,105.6,"1456",0,13,12,11,11,37.4,512,藤沢和雄,美,0,17104570,05339,00386,0121211101,多田信尊,藤澤昭勝,スピルバーグ,クラウンアスリート,アフリート,鹿毛,170426,    3.1,  ,    ,49.5
21,08,14,2,札幌,1,11,羊蹄山Ｓ･3勝,67,ダ,1,1700,良,サンライズナイト  ,牡,6,池添謙一,57.0,14,02,9,9,0,1.5,12,105.4,"1454",0,13,14,11,9,37.3,498,石坂公一,栗,0,15102246,01032,01166,0121211102,松岡隆雄,雅牧場,クロフネ,ラブリーアリュール,ゴールドアリュール,黒鹿,150414,   63.2,  ,    ,49.6
21,08,14,2,札幌,1,11,羊蹄山Ｓ･3勝,67,ダ,1,1700,良,ホッコーライデン  ,牡,7,松田大作,57.0,14,03,7,7,0,1,14,104.9,"1449",0,9,9,9,9,36.9,520,松永康利,美,0,14101808,01030,01093,0121211103,北幸商事,川端正博,アグネスデジタル,ホッコーエクレール,ダンスインザダーク,黒鹿,140602,  121.1,  ,    ,50.5
21,08,14,2,札幌,1,11,羊蹄山Ｓ･3勝,67,ダ,1,1700,良,オレンジペコ      ,牝,4,藤岡佑介,55.0,14,04,11,11,0,2.4,5,106.3,"1463",0,7,7,14,12,37.9,486,武英智,栗,0,17102808,01093,01161,0121211104,今村明浩,大島牧場,マジェスティックウォリアー,ココモオレンジ,キングカメハメハ,栗毛,170308,   14.0,  ,    ,48.4
21,08,14,2,札幌,1,11,羊蹄山Ｓ･3勝,67,ダ,1,1700,良,エクレアスパークル,牡,7,坂井瑠星,57.0,14,05,2,2,0,0.4,6,104.3,"1443",0,7,7,6,4,36.6,474,今野貞一,栗,730,14106120,01163,01128,0121211105,李柱坤,ノーザンファーム,ハーツクライ,プリティカリーナ,"Seeking the Gold",青鹿,140205,   18.1,  ,    ,50.9
21,08,14,2,札幌,1,11,羊蹄山Ｓ･3勝,67,ダ,1,1700,良,サクラルーフェン  ,牡,5,黛弘人,57.0,14,06,12,12,0,2.6,13,106.5,"1465",0,3,4,11,12,38.4,450,尾関知人,美,0,16105929,01109,01103,0121211106,さくらコマース,谷岡牧場,アイルハヴアナザー,サクラコールミー,マンハッタンカフェ,黒鹿,160422,   94.1,  ,    ,46.7
21,08,14,2,札幌,1,11,羊蹄山Ｓ･3勝,67,ダ,1,1700,良,ニーズヘッグ      ,牝,4,菊沢一樹,55.0,14,07,0,0,4,999.9,11,0,"----",0,1,1,9,14,0,494,小野次郎,美,0,17104507,01161,01125,0121211107,YGGホースクラブ,笹川大晃牧場,ヘニーヒューズ,リュウメイ,コロナドズクエスト,鹿毛,170329,   50.2,  ,    , 0.0
21,08,14,2,札幌,1,11,羊蹄山Ｓ･3勝,67,ダ,1,1700,良,ハヤブサナンデクン,牡,5,川又賢治,57.0,14,08,6,6,0,0.7,2,104.6,"1446",0,2,2,1,1,37.4,510,吉村圭司,栗,0,16105713,01166,01130,0121211108,武田修,グランド牧場,ゴールドアリュール,ホワイトクルーザー,クロフネ,芦毛,160331,    3.7,  ,    ,48.0
21,08,14,2,札幌,1,11,羊蹄山Ｓ･3勝,67,ダ,1,1700,良,ライジングドラゴン,牡,6,吉田隼人,57.0,14,09,8,8,0,1,4,104.9,"1449",0,9,9,4,4,37.3,452,吉田直弘,栗,0,15100958,01095,01101,0121211109,鈴木義孝,芳住鉄兵,カネヒキリ,ゴッドビラブドミー,ブライアンズタイム,芦毛,150329,   12.0,  ,    ,48.9
21,08,14,2,札幌,1,11,羊蹄山Ｓ･3勝,67,ダ,1,1700,良,ヴィーダ          ,セ,6,丹内祐次,57.0,14,10,13,13,0,2.8,9,106.7,"1467",0,5,4,4,7,39.2,442,堀井雅広,美,0,15105143,01091,00436,0121211110,スマイルファーム,スマイルファーム,ヨハネスブルグ,アイーンベル,サンデーサイレンス,栗毛,150421,   22.8,  ,    ,43.9
21,08,14,2,札幌,1,11,羊蹄山Ｓ･3勝,67,ダ,1,1700,良,ペイシャキュウ    ,牝,5,秋山稔樹,55.0,14,11,4,4,0,0.4,3,104.3,"1443",0,3,3,2,2,37,444,蛯名利弘,美,270,16100359,01181,01131,0121211111,北所直人,隆栄牧場,サウスヴィグラス,ママキジャ,ストラヴィンスキー,鹿毛,160504,    4.4,  ,    ,49.2
21,08,14,2,札幌,1,11,羊蹄山Ｓ･3勝,67,ダ,1,1700,良,デッドアヘッド    ,セ,5,団野大成,57.0,14,12,3,3,0,0.4,10,104.3,"1443",0,6,6,2,2,36.9,456,藤沢和雄,美,460,16105213,01180,00386,0121211112,社台レースホース,社台コーポレーショ,ハーツクライ,ベイトゥベイ,"Sligo Bay",鹿毛,160321,   32.0,  ,    ,49.6
21,08,14,2,札幌,1,11,羊蹄山Ｓ･3勝,67,ダ,1,1700,良,ホウオウトゥルース,セ,5,横山和生,57.0,14,13,1,1,0,-0.4,7,103.9,"1439",0,12,12,6,4,36.1,470,高木登,美,1820,16105472,01140,01088,0121211113,小笹芳央,岡田スタツド,アイルハヴアナザー,キョウエイトルース,フジキセキ,栗毛,160607,   19.5,  ,    ,52.4
21,08,14,2,札幌,1,11,羊蹄山Ｓ･3勝,67,ダ,1,1700,良,ダノングロワール  ,牡,4,勝浦正樹,57.0,14,14,5,5,0,0.7,8,104.6,"1446",0,11,11,6,7,36.8,502,国枝栄,美,182,17105408,01025,00399,0121211114,ダノックス,ノーザンファーム,ハーツクライ,ソーメニーウェイズ,Sightseeing,栗毛,170202,   21.9,  ,    ,50.5
21,08,14,2,札幌,1,12,札幌道新･2勝,43,芝,0,1500,良,ダンツイノーバ    ,牝,4,西谷凜,55.0,14,01,9,9,0,2.1,10,90,"1300",0,0,7,6,8,36.5,460,谷潔,栗,0,17103020,01189,00431,0121211201,山元哲二,高岸順一,メイショウボーラー,サイレントイヴ,アグネスタキオン,栗毛,170518,   43.0,  ,    ,47.7
21,08,14,2,札幌,1,12,札幌道新･2勝,43,芝,0,1500,良,ナギサ            ,牝,3,泉谷楓真,52.0,14,02,11,11,0,2.3,4,90.2,"1302",0,0,2,2,2,37.8,484,本田優,栗,0,18104266,01182,01099,0121211202,本間茂,服部牧場,フェノーメノ,ユキノクイーン,タイキシャトル,鹿毛,180216,    7.5,  ,    ,42.4
21,08,14,2,札幌,1,12,札幌道新･2勝,43,芝,0,1500,良,アナザーラブソング,牡,5,横山典弘,57.0,14,03,3,3,0,0.6,8,88.5,"1285",0,0,10,11,8,34.8,488,安達昭夫,栗,380,16106228,00660,01042,0121211203,市川義美ホールディ,フジワラフアーム,ハービンジャー,オールザットジャズ,タニノギムレット,栗毛,160330,   23.6,  ,    ,52.9
21,08,14,2,札幌,1,12,札幌道新･2勝,43,芝,0,1500,良,ヴァトレニ        ,セ,3,横山和生,54.0,14,04,1,1,0,-0.4,1,87.9,"1279",0,0,3,3,2,35,448,長谷川浩,栗,1500,18104331,01140,01173,0121211204,野田政義,フジワラフアーム,グラスワンダー,チアフルスマイル,サンデーサイレンス,鹿毛,180515,    2.8,  ,    ,50.8
21,08,14,2,札幌,1,12,札幌道新･2勝,43,芝,0,1500,良,ジャカランダレーン,牝,3,藤岡佑介,52.0,14,05,2,2,0,0.4,3,88.3,"1283",0,0,4,4,5,35.1,440,中内田充,栗,600,18104936,01093,01137,0121211205,金子真人ホールディ,ノーザンファーム,ラブリーデイ,ウリウリ,ディープインパクト,黒鹿,180301,    6.0,  ,    ,51.0
21,08,14,2,札幌,1,12,札幌道新･2勝,43,芝,0,1500,良,ヒロノトウリョウ  ,牡,5,秋山稔樹,57.0,14,06,14,14,0,2.9,14,90.8,"1308",0,0,1,1,1,38.8,500,蛯名利弘,美,0,16100507,01181,01131,0121211206,小野博郷,新冠伊藤牧場,グランプリボス,マイラヴユアラヴ,"Josr Algarhoud",鹿毛,160424,  186.1,  ,    ,39.3
21,08,14,2,札幌,1,12,札幌道新･2勝,43,芝,0,1500,良,グレイトオーサー  ,牡,4,横山武史,57.0,14,07,8,8,0,1.9,5,89.8,"1298",0,0,7,6,5,36.4,514,堀宣行,美,0,17105437,01170,01070,0121211207,キャロットファーム,ノーザンファーム,ノヴェリスト,ディアデラノビア,サンデーサイレンス,栗毛,170307,    8.8,  ,    ,47.8
21,08,14,2,札幌,1,12,札幌道新･2勝,43,芝,0,1500,良,プレトリア        ,セ,6,吉田隼人,57.0,14,08,5,5,0,0.9,6,88.8,"1288",0,0,13,13,12,34.9,468,中川公成,美,150,15103675,01095,01081,0121211208,多田賢司,大北牧場,ヨハネスブルグ,ダイワエタニティー,ジャングルポケット,鹿毛,150503,   15.6,  ,    ,53.0
21,08,14,2,札幌,1,12,札幌道新･2勝,43,芝,0,1500,良,イルヴェントデーア,牝,5,坂井瑠星,55.0,14,09,6,6,0,1.1,9,89,"1290",0,0,4,4,4,35.9,460,金成貴史,美,0,16102735,01163,01132,0121211209,Gリビエール・レー,ディアレストクラブ,エイシンフラッシュ,デヴェロッペ,ボストンハーバー,鹿毛,160504,   39.2,  ,    ,48.6
21,08,14,2,札幌,1,12,札幌道新･2勝,43,芝,0,1500,良,ニシノアップルパイ,牡,7,勝浦正樹,57.0,14,10,7,7,0,1.4,13,89.3,"1293",0,0,7,9,8,35.7,506,新谷功一,栗,0,14104659,01025,01172,0121211210,西山茂行,棚川光男,リーチザクラウン,アップルトウショウ,アンバーシヤダイ,鹿毛,140430,  182.2,  ,    ,50.1
21,08,14,2,札幌,1,12,札幌道新･2勝,43,芝,0,1500,良,フィルムフェスト  ,牝,5,団野大成,55.0,14,11,12,12,0,2.5,7,90.4,"1304",0,0,10,13,14,36.5,446,尾関知人,美,0,16104864,01180,01103,0121211211,キャロットファーム,社台コーポレーショ,スクリーンヒーロー,ユールフェスト,"More Than Ready",青鹿,160130,   19.2,  ,    ,48.4
21,08,14,2,札幌,1,12,札幌道新･2勝,43,芝,0,1500,良,イーサンティラノ  ,牡,4,古川吉洋,57.0,14,12,10,10,0,2.1,11,90,"1300",0,0,4,6,11,36.5,446,昆貢,栗,0,17101474,01015,01044,0121211212,国本勇,佐藤静子,ローレルゲレイロ,ブラックウィッチ,ブラックホーク,黒鹿,170604,   79.1,  ,    ,47.7
21,08,14,2,札幌,1,12,札幌道新･2勝,43,芝,0,1500,良,ジュリオ          ,牡,3,ルメール,54.0,14,13,4,4,0,0.9,2,88.8,"1288",0,0,13,9,5,35.2,506,岩戸孝樹,美,230,18105194,05339,01051,0121211213,シルクレーシング,ノーザンファーム,リオンディーズ,ヒストリックレディ,ネオユニヴァース,黒鹿,180224,    4.0,  ,    ,51.5
21,08,14,2,札幌,1,12,札幌道新･2勝,43,芝,0,1500,良,エリモグリッター  ,セ,4,菱田裕二,57.0,14,14,13,13,0,2.7,12,90.6,"1306",0,0,10,11,13,36.9,462,中野栄治,美,0,17104744,01144,01010,0121211214,山本三津子,社台ファーム,ゴールドアリュール,コーンドリー,"Indian Charlie",鹿毛,170505,   89.3,  ,    ,47.0
21,08,15,2,札幌,2,01,未勝利*,7,芝,0,1200,良,ブローヴェイス    ,牡,2,秋山稔樹,52.0,9,01,5,5,0,0.9,7,70.2,"1102",0,0,0,9,9,34.9,416,浅野洋一,美,51,19104263,01181,00421,0121220101,豊井義次,林時春,ストロングリターン,タガノディナー,タニノギムレット,黒鹿,190421,   24.9,  ,    ,51.1
21,08,15,2,札幌,2,01,未勝利*,7,芝,0,1200,良,ハートホイップ    ,牝,2,泉谷楓真,53.0,9,02,3,3,0,0.4,4,69.7,"1097",0,0,0,3,3,35.5,456,天間昭一,美,130,19106179,01182,01090,0121220102,ノルマンディーサラ,聖心台牧場,ジョーカプチーノ,ドキドキマドンナ,クロフネ,芦毛,190324,    9.9,  ,    ,46.3
21,08,15,2,札幌,2,01,未勝利*,7,芝,0,1200,良,カルネアサーダ    ,牝,2,西谷凜,51.0,9,03,6,6,0,1.1,5,70.4,"1104",0,0,0,1,1,36.9,432,加用正,栗,0,19104841,01189,00425,0121220103,吉田照哉,社台ファーム,ドレフォン,ハラペーニョペパー,ゼンノロブロイ,芦毛,190227,   10.8,  ,    ,40.8
21,08,15,2,札幌,2,01,未勝利*,7,芝,0,1200,良,エレクトロワールド,牝,2,坂井瑠星,54.0,9,04,8,8,0,1.4,6,70.7,"1107",0,0,0,6,6,35.7,430,吉岡辰弥,栗,0,19110071,01163,01176,0121220104,山口裕介,"Farm 3 Enterprises","Into Mischief","Ava Pie","Distorted Humor",鹿毛,190426,   14.7,  ,    ,48.0
21,08,15,2,札幌,2,01,未勝利*,7,芝,0,1200,良,プラソン          ,牝,2,小沢大仁,51.0,9,05,4,4,0,0.7,1,70,"1100",0,0,0,2,2,36.4,430,寺島良,栗,77,19105130,01185,01158,0121220105,市川義美,ノーザンファーム,イスラボニータ,カシシ,ジャングルポケット,鹿毛,190305,    2.3,  ,    ,42.3
21,08,15,2,札幌,2,01,未勝利*,7,芝,0,1200,良,フリートオブフット,牝,2,横山武史,54.0,9,06,1,1,0,-0.3,2,69.3,"1093",0,0,0,4,4,34.8,438,奥村武,美,510,19105238,01170,01145,0121220106,シルクレーシング,ノーザンファーム,キンシャサノキセキ,シーイズトウショウ,サクラバクシンオー,鹿毛,190416,    3.2,  ,    ,49.1
21,08,15,2,札幌,2,01,未勝利*,7,芝,0,1200,良,ミッドナイトミニー,牝,2,小林凌大,51.0,9,07,7,7,0,1.2,9,70.5,"1105",0,0,0,6,6,35.5,464,杉浦宏昭,美,0,19104643,01177,01008,0121220107,小林善一,社台ファーム,ロゴタイプ,アンバーミニー,ダイワメジャー,鹿毛,190128,   44.2,  ,    ,48.6
21,08,15,2,札幌,2,01,未勝利*,7,芝,0,1200,良,ジョーブリッランテ,牡,2,ルメール,54.0,9,08,2,2,0,0.3,3,69.6,"1096",0,0,0,5,5,34.9,480,清水久詞,栗,200,19103360,05339,01110,0121220108,上田江吏子,山際牧場,ジョーカプチーノ,ジョーアラマート,キングヘイロー,栗毛,190407,    8.5,  ,    ,49.4
21,08,15,2,札幌,2,01,未勝利*,7,芝,0,1200,良,アーサーズウィーク,牡,2,吉田隼人,54.0,9,09,9,9,0,1.6,8,70.9,"1109",0,0,0,6,6,35.9,504,新開幸一,美,0,19101177,01095,01116,0121220109,シルクレーシング,坂東牧場,ビッグアーサー,シャルルヴォア,スペシャルウィーク,鹿毛,190416,   37.8,  ,    ,47.5
21,08,15,2,札幌,2,02,未勝利,7,ダ,1,2400,良,グランポートリネス,牡,3,小林凌大,53.0,12,01,11,11,0,5,12,161.8,"2418",0,9,9,12,12,41.5,518,大江原哲,美,0,18105883,01177,01012,0121220201,田畑利彦,浦河日成牧場,ザサンデーフサイチ,クインポルカ,タニノギムレット,芦毛,180430,  217.1,  ,    ,46.6
21,08,15,2,札幌,2,02,未勝利,7,ダ,1,2400,良,ウエイトジャッジ  ,牡,3,丹内祐次,56.0,12,02,9,9,0,4,8,160.8,"2408",0,11,11,11,9,40.9,530,宗像義忠,美,0,18104540,01091,00420,0121220202,薗部博之,社台ファーム,ダイワメジャー,ヴェイルドクリス,シンボリクリスエス,黒鹿,180228,   27.4,  ,    ,47.7
21,08,15,2,札幌,2,02,未勝利,7,ダ,1,2400,良,フィエラブラス    ,牡,3,秋山稔樹,54.0,12,03,3,3,0,1.3,2,158.1,"2381",0,9,9,8,6,38.4,476,手塚貴久,美,130,18104530,01181,01038,0121220203,社台レースホース,社台ファーム,キングカメハメハ,イタリアンレッド,ネオユニヴァース,黒鹿,180226,    4.1,  ,    ,53.9
21,08,15,2,札幌,2,02,未勝利,7,ダ,1,2400,良,シルヴェスター    ,牡,3,小沢大仁,53.0,12,04,7,7,0,2.8,7,159.6,"2396",0,5,3,3,4,40.4,498,松下武士,栗,0,18105406,01185,01149,0121220204,G1レーシング,追分ファーム,スクリーンヒーロー,ヴィクトリーマーチ,アグネスタキオン,栗毛,180325,   19.9,  ,    ,48.3
21,08,15,2,札幌,2,02,未勝利,7,ダ,1,2400,良,フォトンストリーム,牡,3,黛弘人,56.0,12,05,5,5,0,2.4,11,159.2,"2392",0,11,11,8,5,39.5,408,浅野洋一,美,51,18101099,01109,00421,0121220205,幡有,増尾牧場,クリエイター2,アズマガール,キングカメハメハ,鹿毛,180427,   75.2,  ,    ,51.0
21,08,15,2,札幌,2,02,未勝利,7,ダ,1,2400,良,カフジドラド      ,牡,3,坂井瑠星,56.0,12,06,6,6,0,2.8,5,159.6,"2396",0,6,6,8,7,39.9,518,矢作芳人,栗,0,18105290,01163,01075,0121220206,加藤守,ノーザンファーム,エピファネイア,ミニョネット,クロフネ,栃栗,180309,    7.0,  ,    ,50.0
21,08,15,2,札幌,2,02,未勝利,7,ダ,1,2400,良,マリアッチ        ,牡,3,菊沢一樹,56.0,12,07,4,4,0,2.2,9,159,"2390",0,6,6,3,3,39.8,466,中野栄治,美,77,18103690,01161,01010,0121220207,内藤好江,キヨタケ牧場,ワールドエース,ゲラウトマイウエイ,スキャターザゴールド,鹿毛,180407,   47.2,  ,    ,49.8
21,08,15,2,札幌,2,02,未勝利,7,ダ,1,2400,良,メイショウケンジャ,牡,3,菱田裕二,56.0,12,08,2,2,0,0,1,156.8,"2368",0,2,2,1,1,38.1,498,高橋亮,栗,200,18106496,01144,01136,0121220208,松本好雄,まるとみ冨岡牧場,マジェスティックウォリアー,メイショウレンマ,メイショウサムソン,鹿毛,180426,    3.4,  ,    ,53.8
21,08,15,2,札幌,2,02,未勝利,7,ダ,1,2400,良,テイエムキセキダン,牡,3,西谷凜,53.0,12,09,12,12,0,5,6,161.8,"2418",0,3,3,7,11,42.2,502,木原一良,栗,0,18101479,01189,01033,0121220209,竹園正繼,岩見牧場,ホッコータルマエ,シルバーキセキ,フジキセキ,黒鹿,180405,    9.9,  ,    ,44.5
21,08,15,2,札幌,2,02,未勝利,7,ダ,1,2400,良,ワセダハーツ      ,牡,3,横山武史,56.0,12,10,1,1,0,0,3,156.8,"2368",0,8,8,2,2,37.9,434,橋口慎介,栗,510,18104729,01170,01154,0121220210,大冨智弘,社台ファーム,ハーツクライ,パーソナルレジェンド,"Awesome Again",栗毛,180507,    5.2,  ,    ,54.6
21,08,15,2,札幌,2,02,未勝利,7,ダ,1,2400,良,ショスタコーヴィチ,牡,3,横山和生,56.0,12,11,8,8,0,3.8,4,160.6,"2406",0,3,3,6,9,41.2,432,大和田成,美,0,18104513,01140,01124,0121220211,原禮子,社台ファーム,クリエイター2,アムールポエジー,ネオユニヴァース,芦毛,180313,    6.7,  ,    ,46.6
21,08,15,2,札幌,2,02,未勝利,7,ダ,1,2400,良,ダンスインザスノー,牡,3,加藤祥太,56.0,12,12,10,10,0,4.2,10,161,"2410",0,1,1,3,7,41.7,498,杉山晴紀,栗,0,18100447,01156,01157,0121220212,ライオンレースホー,下河辺牧場,リオンディーズ,ユキノマイ,"Rock of Gibraltar",芦毛,180214,   69.3,  ,    ,45.4
21,08,15,2,札幌,2,03,未勝利,7,ダ,1,1700,良,ガビーズスピリット,牡,3,小沢大仁,53.0,14,01,8,8,0,2.4,6,107.6,"1476",0,7,7,7,7,39.1,508,牧田和弥,栗,0,18104421,01185,01123,0121220301,長島和彦,前田牧場,ベルシャザール,キューティガビー,ジェニュイン,鹿毛,180217,   19.8,  ,    ,45.6
21,08,15,2,札幌,2,03,未勝利,7,ダ,1,1700,良,キュールエライジン,牡,3,団野大成,56.0,14,02,10,10,0,2.8,8,108,"1480",0,6,6,5,6,39.7,522,中尾秀正,栗,0,18102541,01180,01069,0121220302,岡本良三,木下牧場,ホッコータルマエ,キュールエアリス,ウォーエンブレム,青鹿,180315,   24.4,  ,    ,43.8
21,08,15,2,札幌,2,03,未勝利,7,ダ,1,1700,良,ソルトレイト      ,牡,3,西谷凜,53.0,14,03,11,11,0,2.8,12,108,"1480",0,12,12,10,10,39.2,504,武英智,栗,0,18106111,01189,01161,0121220303,杉浦敏夫,杵臼牧場,ハーツクライ,リリークラウン,フレンチデピュティ,芦毛,180517,  118.9,  ,    ,45.7
21,08,15,2,札幌,2,03,未勝利,7,ダ,1,1700,良,ウィリアムバローズ,牡,3,横山武史,56.0,14,04,1,1,0,-0.7,2,105.2,"1452",0,1,1,1,1,37.4,482,上村洋行,栗,510,18100829,01170,01168,0121220304,猪熊広次,中原牧場,ミッキーアイル,ダイアナバローズ,シンボリクリスエス,鹿毛,180217,    3.5,  ,    ,48.9
21,08,15,2,札幌,2,03,未勝利,7,ダ,1,1700,良,ペダンクルアーチ  ,牡,3,吉田隼人,56.0,14,05,9,9,0,2.4,10,107.6,"1476",0,11,11,10,13,38.7,504,牧浦充徳,栗,0,18104528,01095,01113,0121220305,谷掛龍夫,社台ファーム,ダイワメジャー,アーリーアメリカン,"El Corredor",栗毛,180424,   64.7,  ,    ,47.1
21,08,15,2,札幌,2,03,未勝利,7,ダ,1,1700,良,テイエムリオン    ,牡,3,泉谷楓真,55.0,14,06,6,6,0,1.8,3,107,"1470",0,10,10,7,7,38.6,478,浜田多実,栗,0,18101205,01182,01138,0121220306,竹園正繼,山田政宏,リオンディーズ,セレスティアル,アグネスタキオン,黒鹿,180407,    4.9,  ,    ,46.7
21,08,15,2,札幌,2,03,未勝利,7,ダ,1,1700,良,エンドステージ    ,牡,3,丹内祐次,56.0,14,07,12,12,0,3.2,14,108.4,"1484",0,4,4,3,4,40.3,508,菊川正達,美,0,18104303,01091,01052,0121220307,岡田牧雄,藤沢牧場,マクフィ,デュエット,コンデュイット,栗毛,180414,  148.7,  ,    ,42.2
21,08,15,2,札幌,2,03,未勝利,7,ダ,1,1700,良,シゲルダイナミック,牡,3,ルメール,56.0,14,08,3,3,0,0.9,1,106.1,"1461",0,2,2,2,2,38.1,490,大橋勇樹,栗,130,18104360,05339,01065,0121220308,森中蕃,藤原牧場,マジェスティックウォリアー,グローバルソング,ブライアンズタイム,鹿毛,180316,    2.5,  ,    ,47.4
21,08,15,2,札幌,2,03,未勝利,7,ダ,1,1700,良,ゲットアップ      ,セ,3,松田大作,56.0,14,09,2,2,0,0.7,9,105.9,"1459",0,3,3,3,2,37.8,472,牧光二,美,200,18100720,01030,01106,0121220309,ニッシンホールディ,チャンピオンズファ,ルーラーシップ,ソフトライム,フジキセキ,黒鹿,180206,   44.7,  ,    ,48.3
21,08,15,2,札幌,2,03,未勝利,7,ダ,1,1700,良,ツーエムタイガー  ,牡,3,亀田温心,55.0,14,10,14,14,0,3.5,11,108.7,"1487",0,9,9,10,10,39.9,440,高柳大輔,栗,0,18106803,01176,01159,0121220310,水谷昌晃,パカパカファーム,パイロ,セブンバイセブン,フォーティナイナー,栗毛,180510,   97.2,  ,    ,44.1
21,08,15,2,札幌,2,03,未勝利,7,ダ,1,1700,良,ライム            ,牡,3,国分恭介,56.0,14,11,7,7,0,2.3,5,107.5,"1475",0,13,13,13,10,38.3,460,大根田裕,栗,0,18102760,01124,01032,0121220311,山本堅治,ヒサイファーム,ディープブリランテ,ユーワパンドラ,アフリート,鹿毛,180209,   11.8,  ,    ,48.6
21,08,15,2,札幌,2,03,未勝利,7,ダ,1,1700,良,タイセイフリート  ,セ,3,坂井瑠星,56.0,14,12,4,4,0,1.8,4,107,"1470",0,4,4,5,4,38.7,460,栗田徹,美,77,18101326,01163,01127,0121220312,田中成奉,二風谷ファーム,アドマイヤムーン,ハナマル,アフリート,鹿毛,180428,   11.8,  ,    ,46.3
21,08,15,2,札幌,2,03,未勝利,7,ダ,1,1700,良,レッドグレイシャー,牡,3,古川吉洋,56.0,14,13,13,13,0,3.2,13,108.4,"1484",0,14,14,13,13,39.2,472,古賀慎明,美,0,18105709,01015,01079,0121220313,東京ホースレーシン,社台牧場,ハーツクライ,ドライヴンスノー,"Storm Cat",栗毛,180319,  141.8,  ,    ,46.3
21,08,15,2,札幌,2,03,未勝利,7,ダ,1,1700,良,アルマブレイド    ,牡,3,秋山稔樹,54.0,14,14,5,5,0,1.8,7,107,"1470",0,7,7,7,7,38.5,494,高橋文雅,美,51,18103163,01181,01134,0121220314,コウトミックレーシ,小島牧場,ヴィクトワールピサ,アルマディヴァン,メジロベイリー,青鹿,180420,   22.5,  ,    ,47.0
21,08,15,2,札幌,2,04,未勝利,7,芝,0,1500,良,ドルチェヴィータ  ,牝,3,国分恭介,54.0,14,01,7,7,0,0.8,13,89.8,"1298",0,0,7,7,8,35.4,428,茶木太樹,栗,0,18103953,01124,01181,0121220401,岡田隆寛,高橋フアーム,トランセンド,ジョロキアキャット,タニノギムレット,黒鹿,180219,  186.3,  ,    ,52.4
21,08,15,2,札幌,2,04,未勝利,7,芝,0,1500,良,ミステリーツアー  ,牡,3,加藤祥太,56.0,14,02,11,11,0,1.2,12,90.2,"1302",0,0,13,10,12,35.5,480,梅田智之,栗,0,18105800,01156,01084,0121220402,薪浦亨,吉田三郎,ルーラーシップ,マッキーロイヤル,フジキセキ,鹿毛,180514,  128.7,  ,    ,52.7
21,08,15,2,札幌,2,04,未勝利,7,芝,0,1500,良,シュアーヴアリア  ,牝,3,勝浦正樹,54.0,14,03,2,2,0,0.1,4,89.1,"1291",0,0,5,4,3,35,470,高橋裕,美,200,18100756,01025,00412,0121220403,ディアレストクラブ,ディアレストクラブ,ゴールドシップ,スズノネイロ,デュランダル,黒鹿,180401,    8.0,  ,    ,53.0
21,08,15,2,札幌,2,04,未勝利,7,芝,0,1500,良,シルバーファーン  ,牡,3,小林凌大,53.0,14,04,6,6,0,0.7,10,89.7,"1297",0,0,3,4,3,35.6,488,尾形和幸,美,0,18103482,01177,01141,0121220404,ノルマンディーサラ,岡田スタツド,ダンカーク,エレガンテココ,ブラックホーク,芦毛,180421,   78.4,  ,    ,51.3
21,08,15,2,札幌,2,04,未勝利,7,芝,0,1500,良,アルジェントステラ,牝,3,横山武史,54.0,14,05,1,1,0,-0.1,2,89,"1290",0,0,7,7,7,34.7,422,和田正一,美,510,18104908,01170,01114,0121220405,シルクレーシング,ノーザンファーム,モーリス,アルギュロス,マンハッタンカフェ,黒鹿,180402,    5.2,  ,    ,54.3
21,08,15,2,札幌,2,04,未勝利,7,芝,0,1500,良,レッドアヴニール  ,牡,3,古川吉洋,56.0,14,06,13,13,0,4.1,11,93.1,"1331",0,0,12,13,13,37.9,486,古賀慎明,美,0,18106341,01015,01079,0121220406,東京ホースレーシン,辻牧場,ディープインパクト,シーサイドホーム,"Storm Cat",鹿毛,180531,   92.6,  ,    ,47.1
21,08,15,2,札幌,2,04,未勝利,7,芝,0,1500,良,フレーズバニーユ  ,牝,3,秋山稔樹,52.0,14,07,10,10,0,1.2,8,90.2,"1302",0,0,7,10,11,35.5,468,和田正一,美,0,18104678,01181,01114,0121220407,社台レースホース,社台ファーム,ストロングリターン,チェリーヒロイン,キングカメハメハ,黒鹿,180417,   32.9,  ,    ,52.7
21,08,15,2,札幌,2,04,未勝利,7,芝,0,1500,良,スプリングクルーズ,セ,3,荻野琢真,56.0,14,08,14,14,0,4.8,14,93.8,"1338",0,0,14,14,14,36.8,474,今野貞一,栗,0,18104650,01112,01128,0121220408,谷掛龍夫,社台ファーム,ロードカナロア,スプリングチケット,トニービン,鹿毛,180303,  304.9,  ,    ,53.3
21,08,15,2,札幌,2,04,未勝利,7,芝,0,1500,良,ホウオウラフィット,牝,3,ルメール,54.0,14,09,5,5,0,0.4,1,89.4,"1294",0,0,2,2,2,35.5,416,池上昌和,美,51,18105241,05339,01150,0121220409,小笹芳央,ノーザンファーム,ディープインパクト,プリティカリーナ,"Seeking the Gold",青鹿,180125,    1.9,  ,    ,51.2
21,08,15,2,札幌,2,04,未勝利,7,芝,0,1500,良,ヴィトーリア      ,牡,3,横山和生,56.0,14,10,3,3,0,0.1,3,89.1,"1291",0,0,10,10,8,34.3,436,武英智,栗,130,18104477,01140,01161,0121220410,寺田寿男,矢野牧場,ドゥラメンテ,スターズインハーアイズ,Woodman,黒鹿,180328,    5.9,  ,    ,56.5
21,08,15,2,札幌,2,04,未勝利,7,芝,0,1500,良,トリプルフォー    ,牝,3,坂井瑠星,54.0,14,11,4,4,0,0.3,5,89.3,"1293",0,0,1,1,1,35.4,432,矢作芳人,栗,77,18106280,01163,01075,0121220411,ジーホース,谷口牧場,ロードカナロア,アンブリカル,マンハッタンカフェ,黒鹿,180219,   10.7,  ,    ,51.5
21,08,15,2,札幌,2,04,未勝利,7,芝,0,1500,良,トゥールアンレール,牝,3,団野大成,54.0,14,12,8,8,0,0.9,9,89.9,"1299",0,0,11,7,8,35.5,400,岩戸孝樹,美,0,18105160,01180,01051,0121220412,シルクレーシング,ノーザンファーム,ディープインパクト,トゥーピー,Intikhab,黒鹿,180429,   48.0,  ,    ,52.2
21,08,15,2,札幌,2,04,未勝利,7,芝,0,1500,良,ソルフィネット    ,牝,3,小沢大仁,51.0,14,13,12,12,0,1.4,6,90.4,"1304",0,0,3,3,3,36.4,430,田中克典,栗,0,18103050,01185,01180,0121220413,水上ふじ子,笠松牧場,マクフィ,サンコロネット,スペシャルウィーク,鹿毛,180211,   27.2,  ,    ,48.9
21,08,15,2,札幌,2,04,未勝利,7,芝,0,1500,良,ディープステイト  ,牡,3,丹内祐次,56.0,14,14,9,9,0,1.1,7,90.1,"1301",0,0,5,4,3,36,460,岩戸孝樹,美,0,18100647,01091,01051,0121220414,ゴドルフィン,ダーレー・ジャパン,ディープブリランテ,アリュージョン,アドマイヤムーン,鹿毛,180221,   29.7,  ,    ,50.2
21,08,15,2,札幌,2,05,新馬,15,芝,0,2000,良,イズジョーアーサー,牡,2,菱田裕二,54.0,7,01,5,5,0,1.3,5,123.9,"2039",0,3,3,3,4,37,490,武英智,栗,70,19106751,01144,01161,0121220501,泉一郎,矢野牧場,ハービンジャー,ローザミスティカ,アグネスタキオン,鹿毛,190222,   22.9,  ,    ,50.7
21,08,15,2,札幌,2,05,新馬,15,芝,0,2000,良,ワカミヤプレスト  ,牡,2,泉谷楓真,53.0,7,02,7,7,0,3.9,7,126.5,"2065",0,3,3,3,7,39.6,504,稲垣幸雄,美,0,19104546,01182,01167,0121220502,芳川貴行,社台コーポレーショ,ハービンジャー,ゴールデンロッド,キングカメハメハ,鹿毛,190310,   73.6,  ,    ,44.0
21,08,15,2,札幌,2,05,新馬,15,芝,0,2000,良,ホウオウプレミア  ,牡,2,ルメール,54.0,7,03,1,1,0,-0.1,1,122.6,"2026",0,5,5,3,2,35.8,482,奥村武,美,700,19105041,05339,01145,0121220503,小笹芳央,ノーザンファーム,ロードカナロア,アドマイヤテンバ,クロフネ,芦毛,190122,    2.2,  ,    ,53.9
21,08,15,2,札幌,2,05,新馬,15,芝,0,2000,良,サンストックトン  ,牡,2,横山武史,54.0,7,04,2,2,0,0.1,2,122.7,"2027",0,2,2,2,1,36.1,454,鹿戸雄一,美,280,19101422,01170,01097,0121220504,加藤ステーブル,加藤ステーブル,ワールドエース,シナル,キングカメハメハ,栗毛,190312,    2.8,  ,    ,52.8
21,08,15,2,札幌,2,05,新馬,15,芝,0,2000,良,ドット            ,牡,2,吉田隼人,54.0,7,05,6,6,0,2.5,4,125.1,"2051",0,1,1,1,2,38.5,482,角田晃一,栗,0,19105367,01095,01121,0121220505,市川義美ホールディ,ノーザンファーム,ルーラーシップ,ピサノグラフ,サンデーサイレンス,鹿毛,190414,    7.3,  ,    ,46.4
21,08,15,2,札幌,2,05,新馬,15,芝,0,2000,良,マイネルクリソーラ,牡,2,丹内祐次,54.0,7,06,4,4,0,0.7,6,123.3,"2033",0,6,7,7,6,36.2,438,中野栄治,美,110,19100792,01091,01010,0121220506,サラブレッドクラブ,ビッグレッドファー,スクリーンヒーロー,マイネトゥインクル,ムタファーウエク,栗毛,190228,   70.9,  ,    ,53.1
21,08,15,2,札幌,2,05,新馬,15,芝,0,2000,良,ストキャスティーク,牝,2,団野大成,54.0,7,07,3,3,0,0.6,3,123.2,"2032",0,6,6,6,4,36.2,436,手塚貴久,美,180,19104550,01180,01038,0121220507,藤田岳彦,社台コーポレーショ,ゴールドシップ,サンクボヌール,ハービンジャー,栗毛,190227,    5.1,  ,    ,53.0
21,08,15,2,札幌,2,06,１勝ｸﾗｽ,23,ダ,1,1000,良,ナイトコマンダー  ,牡,4,丹内祐次,57.0,12,01,7,7,0,1.3,6,60,"1000",0,0,0,6,6,36,488,浅野洋一,美,0,17100825,01091,00421,0121220601,田頭勇貴,藤本ファーム,スピルバーグ,フェンスイ,"Timber Country",鹿毛,170407,   22.7,  ,    ,50.0
21,08,15,2,札幌,2,06,１勝ｸﾗｽ,23,ダ,1,1000,良,レムリアンシード  ,牡,4,黛弘人,57.0,12,02,10,10,0,2.2,12,60.9,"1009",0,0,0,6,6,37,442,松永康利,美,0,17101524,01109,01093,0121220602,田頭勇貴,スカイビーチステー,スウェプトオーヴァーボード,オメガロンド,フレンチデピュティ,芦毛,170309,  232.1,  ,    ,46.9
21,08,15,2,札幌,2,06,１勝ｸﾗｽ,23,ダ,1,1000,良,ランランウイング  ,牝,5,小沢大仁,52.0,12,03,4,4,0,0.8,3,59.5,"0595",0,0,0,9,10,35.3,474,今野貞一,栗,110,16102421,01185,01128,0121220603,高昭牧場,高昭牧場,アイルハヴアナザー,タキオンコウショウ,アグネスタキオン,黒鹿,160319,    6.5,  ,    ,52.8
21,08,15,2,札幌,2,06,１勝ｸﾗｽ,23,ダ,1,1000,良,サウスパッキオ    ,牝,5,亀田温心,54.0,12,04,11,11,0,2.3,10,61,"1010",0,0,0,1,2,37.5,474,中野栄治,美,0,16102934,01176,01010,0121220604,布武起会,木村牧場,サウスヴィグラス,ラヴィーズバード,シベリアンホーク,栗毛,160430,   58.0,  ,    ,44.0
21,08,15,2,札幌,2,06,１勝ｸﾗｽ,23,ダ,1,1000,良,ニシノミズカゼ    ,牝,3,小林凌大,49.0,12,05,9,9,0,1.5,4,60.2,"1002",0,0,0,11,10,35.7,470,伊藤圭三,美,0,18102724,01177,01023,0121220605,西山茂行,中田英樹,アジアエクスプレス,フィールドメジャー,ダイワメジャー,栗毛,180319,    8.0,  ,    ,52.9
21,08,15,2,札幌,2,06,１勝ｸﾗｽ,23,ダ,1,1000,良,フィールドモーリス,牡,3,泉谷楓真,53.0,12,06,6,6,0,1.2,9,59.9,"0599",0,0,0,5,4,36.1,466,西園正都,栗,0,18102719,01182,01028,0121220606,地田勝三,中田英樹,モーリス,エバーシャイニング,ゼンノロブロイ,鹿毛,180306,   36.0,  ,    ,48.9
21,08,15,2,札幌,2,06,１勝ｸﾗｽ,23,ダ,1,1000,良,フロイデ          ,セ,6,山田敬士,55.0,12,07,8,8,0,1.5,11,60.2,"1002",0,0,0,6,6,36.3,496,本間忍,美,0,15101248,01173,01056,0121220607,岡田壮史,グッドラック・ファ,カネヒキリ,アイルゴーバック,アッミラーレ,栗毛,150307,   75.4,  ,    ,48.8
21,08,15,2,札幌,2,06,１勝ｸﾗｽ,23,ダ,1,1000,良,タマモヒメギミ    ,牝,3,国分恭介,52.0,12,08,1,1,0,-0.4,1,58.7,"0587",0,0,0,2,1,35.2,492,五十嵐忠,栗,760,18103596,01124,00422,0121220608,タマモ,岡田牧場,アポロキングダム,タマモマナムスメ,マンハッタンカフェ,鹿毛,180401,    1.8,  ,    ,50.1
21,08,15,2,札幌,2,06,１勝ｸﾗｽ,23,ダ,1,1000,良,アンビル          ,セ,5,菊沢一樹,57.0,12,09,5,5,0,1,5,59.7,"0597",0,0,0,11,12,35.1,482,竹内正洋,美,76,16101346,01161,01152,0121220609,菅井牧場,平野牧場,ケイムホーム,ナムラミステリー,ジェニュイン,黒鹿,160313,   18.5,  ,    ,55.1
21,08,15,2,札幌,2,06,１勝ｸﾗｽ,23,ダ,1,1000,良,セイウンノウヒメ  ,牝,3,勝浦正樹,52.0,12,10,3,3,0,0.4,8,59.1,"0591",0,0,0,9,6,34.8,464,新谷功一,栗,190,18103191,01025,01172,0121220610,西山茂行,鮫川啓一,トゥザグローリー,ハイノリッジ,マンハッタンカフェ,青毛,180417,   34.8,  ,    ,54.7
21,08,15,2,札幌,2,06,１勝ｸﾗｽ,23,ダ,1,1000,良,ヒートライトニング,牝,4,秋山稔樹,53.0,12,11,2,2,0,0.4,2,59.1,"0591",0,0,0,2,2,35.6,476,堀井雅広,美,300,17100050,01181,00436,0121220611,藤田在子,天羽禮治,アイルハヴアナザー,マルターズヒート,"Old Trieste",栗毛,170209,    4.7,  ,    ,49.0
21,08,15,2,札幌,2,06,１勝ｸﾗｽ,23,ダ,1,1000,良,ガビーズメモリー  ,牝,5,西谷凜,52.0,12,12,12,12,0,2.8,7,61.5,"1015",0,0,0,2,4,38,504,藤原辰雄,美,0,16102855,01189,00435,0121220612,長島和彦,沖田牧場,アイルハヴアナザー,ロングビクトリア,タニノギムレット,黒鹿,160304,   27.1,  ,    ,42.8
21,08,15,2,札幌,2,07,１勝ｸﾗｽ,23,ダ,1,1700,良,リアルシング      ,牡,4,西谷凜,54.0,14,01,3,3,0,0.8,5,106.7,"1467",0,10,10,10,5,37.7,530,池添兼雄,栗,190,17103378,01189,01021,0121220701,ヒダカ・ブリーダー,岡田牧場,リアルインパクト,ベルモントピノコ,アジュディケーティング,黒鹿,170405,   12.3,  ,    ,49.8
21,08,15,2,札幌,2,07,１勝ｸﾗｽ,23,ダ,1,1700,良,ヒストリアノワール,牡,3,泉谷楓真,53.0,14,02,12,12,0,4.4,12,110.3,"1503",0,1,1,2,8,41.9,432,栗田徹,美,0,18104996,01182,01127,0121220702,シルクレーシング,ノーザンファーム,エイシンフラッシュ,ガルデルスリール,ダイワメジャー,黒鹿,180322,   38.8,  ,    ,39.0
21,08,15,2,札幌,2,07,１勝ｸﾗｽ,23,ダ,1,1700,良,メイショウラッシュ,牝,5,秋山稔樹,53.0,14,03,13,13,0,4.5,7,110.4,"1504",0,5,7,10,13,41.4,476,石橋守,栗,0,16102183,01181,01140,0121220703,松本好隆,三嶋牧場,ケイムホーム,メイショウアリア,"Hurricane Run",鹿毛,160220,   15.0,  ,    ,40.9
21,08,15,2,札幌,2,07,１勝ｸﾗｽ,23,ダ,1,1700,良,キアヌマウナ      ,牝,3,黛弘人,52.0,14,04,2,2,0,0.3,4,106.2,"1462",0,13,13,6,3,37.5,502,和田雄二,美,300,18102988,01109,01143,0121220704,ターフ・スポート,市川フアーム,ホッコータルマエ,ルヴァンクレール,"Danehill Dancer",鹿毛,180425,    7.0,  ,    ,49.9
21,08,15,2,札幌,2,07,１勝ｸﾗｽ,23,ダ,1,1700,良,ピクトルテソーロ  ,牡,3,横山和生,54.0,14,05,1,1,0,-0.3,3,105.9,"1459",0,10,10,2,2,37.5,464,田中博康,美,760,18101001,01140,01162,0121220705,了徳寺健二ホールデ,船越牧場,シンボリクリスエス,ハンドスター,パラダイスクリーク,黒鹿,180203,    5.8,  ,    ,49.5
21,08,15,2,札幌,2,07,１勝ｸﾗｽ,23,ダ,1,1700,良,ゴットゴーゴー    ,牝,3,古川吉洋,52.0,14,06,8,8,0,2.2,11,108.1,"1481",0,3,4,6,8,39.4,452,木原一良,栗,0,18105530,01015,01033,0121220706,後藤進,社台コーポレーショ,ルーラーシップ,デコレイト,スペシャルウィーク,黒鹿,180511,   30.5,  ,    ,45.1
21,08,15,2,札幌,2,07,１勝ｸﾗｽ,23,ダ,1,1700,良,クリノウマーベラス,セ,4,小沢大仁,54.0,14,07,14,14,0,4.9,8,110.8,"1508",0,4,4,9,13,41.9,540,大橋勇樹,栗,0,17103796,01185,01065,0121220707,栗本守,千代田牧場,スピルバーグ,ショコラミント,"Uncle Mo",鹿毛,170516,   20.3,  ,    ,39.7
21,08,15,2,札幌,2,07,１勝ｸﾗｽ,23,ダ,1,1700,良,アミュリオン      ,牡,5,小林凌大,54.0,14,08,5,5,0,1,6,106.9,"1469",0,7,7,10,8,37.9,474,藤原辰雄,美,76,16106501,01177,00435,0121220708,吉澤ホールディング,栄進牧場,タイムパラドックス,エーシンチェロキー,ディープインパクト,栗毛,160409,   14.6,  ,    ,49.3
21,08,15,2,札幌,2,07,１勝ｸﾗｽ,23,ダ,1,1700,良,テンウォークライ  ,牡,3,原田和真,54.0,14,09,4,4,0,1,9,106.9,"1469",0,12,12,13,8,37.7,478,金成貴史,美,110,18100247,01143,01132,0121220709,天白泰司,木村牧場,ダンカーク,ナイスゴールド,サウスヴィグラス,栗毛,180326,   25.8,  ,    ,50.1
21,08,15,2,札幌,2,07,１勝ｸﾗｽ,23,ダ,1,1700,良,ディーエスボンバー,牡,3,菱田裕二,54.0,14,10,10,10,0,2.6,1,108.5,"1485",0,9,9,2,1,40.1,484,岡田稲男,栗,0,18103094,01144,01066,0121220710,秋谷壽之,桑田牧場,キンシャサノキセキ,マロトウショウ,ワイルドラッシュ,黒鹿,180327,    3.3,  ,    ,43.0
21,08,15,2,札幌,2,07,１勝ｸﾗｽ,23,ダ,1,1700,良,アイルビーメジャー,牡,4,丹内祐次,57.0,14,11,11,11,0,3.4,10,109.3,"1493",0,2,2,1,3,41,468,伊藤伸一,美,0,17101420,01091,01031,0121220711,岡田壮史,コスモヴューファー,アイルハヴアナザー,ウインミューズ,ダイワメジャー,栗毛,170204,   28.9,  ,    ,40.9
21,08,15,2,札幌,2,07,１勝ｸﾗｽ,23,ダ,1,1700,良,サンエルセントロ  ,牡,3,ルメール,54.0,14,12,6,6,0,1.7,2,107.6,"1476",0,5,3,2,5,39.2,462,中舘英二,美,0,18100551,05339,01153,0121220712,加藤ステーブル,シンボリ牧場,マクフィ,ハイデルベーレ,ハーツクライ,黒鹿,180304,    4.8,  ,    ,45.2
21,08,15,2,札幌,2,07,１勝ｸﾗｽ,23,ダ,1,1700,良,フォアシュピール  ,セ,4,団野大成,57.0,14,13,7,7,0,2.1,14,108,"1480",0,7,6,6,7,39.3,460,小笠倫弘,美,0,17105579,01180,01076,0121220713,キャロットファーム,ノーザンファーム,ディープインパクト,ミュージカルロマンス,"Concorde's Tune",黒鹿,170513,   55.8,  ,    ,45.4
21,08,15,2,札幌,2,07,１勝ｸﾗｽ,23,ダ,1,1700,良,ヴィクトリオン    ,牡,3,荻野琢真,54.0,14,14,9,9,0,2.3,13,108.2,"1482",0,14,14,14,12,38.5,504,羽月友彦,栗,0,18100923,01112,01091,0121220714,中内田克二,日高大洋牧場,"Uncle Mo",イースターアイランド,"Giant's Causeway",鹿毛,180329,   48.6,  ,    ,48.7
21,08,15,2,札幌,2,08,１勝ｸﾗｽ・牝,23,芝,0,1500,良,サクラカレント    ,牝,3,勝浦正樹,52.0,14,01,8,8,0,0.5,9,89.2,"1292",0,0,1,1,1,35.5,488,金成貴史,美,0,18104016,01025,01132,0121220801,さくらコマース,谷岡スタット,ブラックタイド,サクラレイリ,サクラバクシンオー,鹿毛,180405,   17.6,  ,    ,50.8
21,08,15,2,札幌,2,08,１勝ｸﾗｽ・牝,23,芝,0,1500,良,イッツユアタイム  ,牝,3,古川吉洋,52.0,14,02,7,7,0,0.4,2,89.1,"1291",0,0,2,2,2,35.3,460,安田隆行,栗,0,18101979,01015,00438,0121220802,MOMOレーシング,新冠橋本牧場,エピファネイア,エイコーンウィル,キングカメハメハ,鹿毛,180210,    5.5,  ,    ,51.6
21,08,15,2,札幌,2,08,１勝ｸﾗｽ・牝,23,芝,0,1500,良,ポレンティア      ,牝,4,団野大成,55.0,14,03,2,2,0,0.3,5,89,"1290",0,0,3,3,3,35.1,510,田中博康,美,300,17105144,01180,01162,0121220803,シルクレーシング,社台コーポレーショ,ハーツクライ,ポーレン,Orpen,青鹿,170424,    7.6,  ,    ,52.4
21,08,15,2,札幌,2,08,１勝ｸﾗｽ・牝,23,芝,0,1500,良,クリノイヴァンカ  ,牝,5,丹内祐次,55.0,14,04,10,10,0,0.7,10,89.4,"1294",0,0,6,5,4,35.3,474,天間昭一,美,0,16105872,01091,01090,0121220804,栗本博晴,タイヘイ牧場,ハーツクライ,ローマンクィーン,"Holy Roman Emperor",鹿毛,160126,   18.9,  ,    ,52.2
21,08,15,2,札幌,2,08,１勝ｸﾗｽ・牝,23,芝,0,1500,良,アトミックフレア  ,牝,3,泉谷楓真,51.0,14,05,6,6,0,0.4,8,89.1,"1291",0,0,9,8,8,34.8,444,渡辺薫彦,栗,0,18100190,01182,01155,0121220805,天堀忠博,オリオンファーム,ドゥラメンテ,ミスティックソウル,Bahri,鹿毛,180408,   15.7,  ,    ,54.0
21,08,15,2,札幌,2,08,１勝ｸﾗｽ・牝,23,芝,0,1500,良,ポピュリズム      ,牝,4,横山和生,55.0,14,06,12,12,0,0.8,11,89.5,"1295",0,0,9,11,8,34.9,496,昆貢,栗,0,17106615,01140,01044,0121220806,ゴドルフィン,ダーレー・ジャパン,ダイワメジャー,レリッシュザソート,"Sadler's Wells",鹿毛,170428,   23.9,  ,    ,54.3
21,08,15,2,札幌,2,08,１勝ｸﾗｽ・牝,23,芝,0,1500,良,ブレリア          ,牝,3,黛弘人,52.0,14,07,11,11,0,0.7,14,89.4,"1294",0,0,3,3,4,35.4,442,粕谷昌央,美,0,18103534,01109,01096,0121220807,ノルマンディーサラ,岡田スタツド,マツリダゴッホ,パリージョ,タイキシャトル,青鹿,180427,  203.8,  ,    ,51.7
21,08,15,2,札幌,2,08,１勝ｸﾗｽ・牝,23,芝,0,1500,良,デルマアミダ      ,牝,3,菊沢一樹,52.0,14,08,9,9,0,0.5,12,89.2,"1292",0,0,12,12,8,34.4,474,田中清隆,美,0,18104655,01161,00408,0121220808,浅沼廣幸,社台ファーム,ストロングリターン,セデュウシング,アグネスタキオン,栗毛,180214,   69.1,  ,    ,56.2
21,08,15,2,札幌,2,08,１勝ｸﾗｽ・牝,23,芝,0,1500,良,イッツアワターン  ,牝,4,秋山稔樹,53.0,14,09,14,14,0,1.4,13,90.1,"1301",0,0,14,14,14,35,434,相沢郁,美,0,17103844,01181,01020,0121220809,田邉幸則,千代田牧場,ジャングルポケット,メイクヒストリー,サンデーサイレンス,黒鹿,170228,  116.9,  ,    ,55.0
21,08,15,2,札幌,2,08,１勝ｸﾗｽ・牝,23,芝,0,1500,良,サトノヴィーナス  ,牝,4,亀田温心,54.0,14,10,4,4,0,0.3,6,89,"1290",0,0,9,8,4,34.7,468,平田修,栗,110,17105323,01176,01082,0121220810,里見治,ノーザンファーム,ロードカナロア,サトノユリア,ディープインパクト,鹿毛,170412,   10.2,  ,    ,54.3
21,08,15,2,札幌,2,08,１勝ｸﾗｽ・牝,23,芝,0,1500,良,サトノアイ        ,牝,3,坂井瑠星,52.0,14,11,1,1,0,-0.3,1,88.7,"1287",0,0,6,5,4,34.5,430,須貝尚介,栗,760,18106504,01163,01105,0121220811,里見治,三嶋牧場,ハーツクライ,キャッチザカクテル,"Catcher In The Rye",青鹿,180308,    5.2,  ,    ,54.7
21,08,15,2,札幌,2,08,１勝ｸﾗｽ・牝,23,芝,0,1500,良,フラリオナ        ,牝,3,吉田隼人,52.0,14,12,5,5,0,0.4,3,89.1,"1291",0,0,13,12,13,34.3,426,武幸四郎,栗,76,18104825,01095,01160,0121220812,大冨智弘,社台ファーム,ストロングリターン,ラカ,キングカメハメハ,青鹿,180521,    5.7,  ,    ,56.5
21,08,15,2,札幌,2,08,１勝ｸﾗｽ・牝,23,芝,0,1500,良,マルカエイペックス,牝,4,小沢大仁,52.0,14,13,3,3,0,0.3,7,89,"1290",0,0,5,5,8,34.8,456,今野貞一,栗,190,17104688,01185,01128,0121220813,日下部猛,社台ファーム,エピファネイア,エオリアンハープ,キングカメハメハ,黒鹿,170514,   13.6,  ,    ,53.8
21,08,15,2,札幌,2,08,１勝ｸﾗｽ・牝,23,芝,0,1500,良,ユールファーナ    ,牝,4,横山武史,55.0,14,14,13,13,0,1,4,89.7,"1297",0,0,6,8,12,35.4,434,和田勇介,美,0,17105151,01170,01165,0121220814,キャロットファーム,社台コーポレーショ,ジャスタウェイ,ユールフェスト,"More Than Ready",黒鹿,170414,    6.2,  ,    ,52.3
21,08,15,2,札幌,2,09,２勝ｸﾗｽ,43,ダ,1,1000,良,ゼンノアンジュ    ,牝,3,団野大成,52.0,12,01,1,1,0,-0.9,6,58,"0580",0,0,0,7,6,34.3,492,浅見秀一,栗,1100,18101559,01180,00411,0121220901,大迫久美子,川島牧場,ヘニーヒューズ,ウインアンジェラス,Bertolini,鹿毛,180302,   13.1,  ,    ,53.6
21,08,15,2,札幌,2,09,２勝ｸﾗｽ,43,ダ,1,1000,良,プリンセスヨウク  ,牝,7,秋山稔樹,53.0,12,02,5,5,0,1.2,8,59.2,"0592",0,0,0,10,10,34.9,462,石栗龍彦,美,110,14103036,01181,01043,0121220902,ライオンレースホー,浦河日成牧場,エンパイアメーカー,プリンセスネージュ,フレンチデピュティ,鹿毛,140305,   18.3,  ,    ,54.4
21,08,15,2,札幌,2,09,２勝ｸﾗｽ,43,ダ,1,1000,良,カーンテソーロ    ,牡,5,亀田温心,56.0,12,03,7,7,0,1.4,11,59.4,"0594",0,0,0,11,11,35,498,加藤和宏,美,0,16110036,01176,01077,0121220903,了徳寺健二ホールデ,"Dunmore Stud (Irel",Siyouni,Pennegale,Pennekamp,栗毛,160210,   58.7,  ,    ,54.6
21,08,15,2,札幌,2,09,２勝ｸﾗｽ,43,ダ,1,1000,良,サツキマス        ,牝,4,菱田裕二,55.0,12,04,10,10,0,2,10,60,"1000",0,0,0,8,8,36.1,442,田島俊明,美,0,17101162,01144,01112,0121220904,越村哲男,坂東牧場,ノヴェリスト,ウォンビーロング,ストラヴィンスキー,鹿毛,170330,   45.4,  ,    ,49.3
21,08,15,2,札幌,2,09,２勝ｸﾗｽ,43,ダ,1,1000,良,スイートアリエス  ,牝,3,丹内祐次,52.0,12,05,12,12,0,3,9,61,"1010",0,0,0,2,2,38.2,462,青木孝文,美,0,18100546,01091,01156,0121220905,前田清二,シンボリ牧場,アジアエクスプレス,スイートマルセル,ワイルドラッシュ,鹿毛,180417,   18.8,  ,    ,39.5
21,08,15,2,札幌,2,09,２勝ｸﾗｽ,43,ダ,1,1000,良,マリアルージュ    ,牝,5,泉谷楓真,54.0,12,06,8,8,0,1.5,4,59.5,"0595",0,0,0,6,7,36,466,畠山吉宏,美,0,16106438,01182,01048,0121220906,河合裕明,川上牧場,ベルシャザール,エリモシャイニー,ブライアンズタイム,青鹿,160504,   10.2,  ,    ,47.9
21,08,15,2,札幌,2,09,２勝ｸﾗｽ,43,ダ,1,1000,良,アルナージ        ,牝,3,横山和生,52.0,12,07,6,6,0,1.4,7,59.4,"0594",0,0,0,9,9,35.2,478,昆貢,栗,0,18106580,01140,01044,0121220907,安原浩司,宮内牧場,ダノンレジェンド,フォルクスオーパー,テイエムオペラオー,黒鹿,180215,   13.6,  ,    ,53.1
21,08,15,2,札幌,2,09,２勝ｸﾗｽ,43,ダ,1,1000,良,カシマフウリン    ,牝,6,菊沢一樹,55.0,12,08,11,11,0,2.3,12,60.3,"1003",0,0,0,11,12,35.8,502,鈴木慎太,美,0,15102331,01161,01179,0121220908,松浦一久,金舛幸夫,プリサイスエンド,ウィンワーシップ,マイニング,栗毛,150410,  150.7,  ,    ,52.7
21,08,15,2,札幌,2,09,２勝ｸﾗｽ,43,ダ,1,1000,良,コパシーナ        ,セ,4,小林凌大,54.0,12,09,9,9,0,1.8,2,59.8,"0598",0,0,0,1,2,37,486,伊藤圭三,美,0,17103482,01177,01023,0121220909,OUMA,グランド牧場,ヘニーヒューズ,ダッシングハニー,アサティス,栗毛,170425,    5.0,  ,    ,42.4
21,08,15,2,札幌,2,09,２勝ｸﾗｽ,43,ダ,1,1000,良,ミエノワールド    ,牡,4,ルメール,57.0,12,10,4,4,0,1.2,1,59.2,"0592",0,0,0,4,4,36,504,西園正都,栗,170,17105306,05339,01028,0121220910,里見美惠子,ノーザンファーム,トゥザワールド,グリューネワルト,スペシャルウィーク,黒鹿,170329,    2.6,  ,    ,46.7
21,08,15,2,札幌,2,09,２勝ｸﾗｽ,43,ダ,1,1000,良,テンテキセンセキ  ,牡,4,小沢大仁,54.0,12,11,3,3,0,1,3,59,"0590",0,0,0,4,4,35.8,482,松永昌博,栗,280,17103319,01185,01083,0121220911,岡田牧雄,岡田スタツド,キンシャサノキセキ,プレシャスドロップ,フレンチデピュティ,黒鹿,170520,    5.1,  ,    ,47.2
21,08,15,2,札幌,2,09,２勝ｸﾗｽ,43,ダ,1,1000,良,カイアワセ        ,牝,4,吉田隼人,55.0,12,12,2,2,0,0.9,5,58.9,"0589",0,0,0,2,1,36.1,446,鈴木慎太,美,440,17100167,01095,01179,0121220912,内田玄祥,オリオンファーム,アイルハヴアナザー,フローラルパレス,サンデーサイレンス,栗毛,170412,   11.3,  ,    ,44.7
21,08,15,2,札幌,2,10,石狩特別･1勝,23,芝,0,1800,良,スプリッツァー    ,牡,4,菊沢一樹,57.0,10,01,4,4,0,0.7,8,109.7,"1497",0,4,3,3,2,36,478,菊沢隆徳,美,160,17102100,01161,01115,0121221001,古賀禎彦,村上欽哉,ゴールドシップ,テキスタイル,"Grand Lodge",栗毛,170320,   43.9,  ,    ,52.4
21,08,15,2,札幌,2,10,石狩特別･1勝,23,芝,0,1800,良,プラチナトレジャー,牡,3,ルメール,54.0,10,02,1,1,0,-0.4,1,109,"1490",0,7,6,7,5,34.9,480,国枝栄,美,1060,18104261,05339,00399,0121221002,嶋田一成,服部牧場,キングカメハメハ,ホワイトエレガンス,クロフネ,芦毛,180321,    2.3,  ,    ,56.2
21,08,15,2,札幌,2,10,石狩特別･1勝,23,芝,0,1800,良,アイロンワークス  ,牡,4,横山和生,57.0,10,03,8,8,0,1.2,7,110.2,"1502",0,8,8,8,8,35.9,484,高橋義忠,栗,0,17110027,01140,01129,0121221003,ゴドルフィン,"Usk Valley Stud",Mastercraftsman,Nantyglo,"Mark of Esteem",鹿毛,170321,   15.1,  ,    ,53.5
21,08,15,2,札幌,2,10,石狩特別･1勝,23,芝,0,1800,良,ウイングリュック  ,牡,3,丹内祐次,54.0,10,04,9,9,0,1.8,4,110.8,"1508",0,2,2,2,2,37.3,474,宮徹,栗,0,18101632,01091,01018,0121221004,ウイン,コスモヴューファー,ロージズインメイ,コスモフォーチュン,マイネルラヴ,青鹿,180310,   10.6,  ,    ,48.5
21,08,15,2,札幌,2,10,石狩特別･1勝,23,芝,0,1800,良,アルファウェーブ  ,セ,4,団野大成,57.0,10,05,3,3,0,0.7,6,109.7,"1497",0,4,6,5,5,35.8,532,藤沢和雄,美,270,17110006,01180,00386,0121221005,吉田勝己,"Athassel House Stu",Gleneagles,Waveband,"Exceed And Excel",栗毛,170430,   14.3,  ,    ,53.2
21,08,15,2,札幌,2,10,石狩特別･1勝,23,芝,0,1800,良,グレースオブナイル,牝,4,吉田隼人,55.0,10,06,2,2,0,0.4,2,109.4,"1494",0,1,1,1,1,36,446,杉山晴紀,栗,420,17104781,01095,01157,0121221006,グリーンファーム,社台ファーム,タートルボウル,ジュエルオブナイル,デュランダル,鹿毛,170309,    3.1,  ,    ,51.9
21,08,15,2,札幌,2,10,石狩特別･1勝,23,芝,0,1800,良,ロックユー        ,セ,3,坂井瑠星,54.0,10,07,6,6,0,0.8,3,109.8,"1498",0,10,10,10,8,35.1,442,中内田充,栗,0,18106511,01163,01137,0121221007,石川達絵,三嶋牧場,ディープインパクト,シャンロッサ,Galileo,青鹿,180325,    6.6,  ,    ,56.4
21,08,15,2,札幌,2,10,石狩特別･1勝,23,芝,0,1800,良,ウインアステロイド,牡,4,原田和真,57.0,10,08,5,5,0,0.8,9,109.8,"1498",0,3,4,3,2,36.1,462,和田正一,美,106,17101448,01143,01114,0121221008,ウイン,コスモヴューファー,リアルインパクト,マリアヴェロニカ,ジャングルポケット,青鹿,170518,   51.8,  ,    ,52.1
21,08,15,2,札幌,2,10,石狩特別･1勝,23,芝,0,1800,良,グレルグリーン    ,牡,5,勝浦正樹,57.0,10,09,7,7,0,1.1,10,110.1,"1501",0,8,9,8,8,35.8,460,相沢郁,美,0,16100273,01025,01020,0121221009,斎藤光政,斉藤安行,ヴァーミリアン,ウメノファイバー,サクラユタカオー,黒鹿,160415,   76.4,  ,    ,53.8
21,08,15,2,札幌,2,10,石狩特別･1勝,23,芝,0,1800,良,ロシアンサモワール,牝,3,横山武史,52.0,10,10,10,10,0,2.3,5,111.3,"1513",0,4,5,5,5,37.4,482,松永幹夫,栗,0,18110124,01170,01092,0121221010,吉田和美,"Zayat Stables LLC","American Pharoah",Megalicious,Songandaprayer,鹿毛,180425,   13.4,  ,    ,48.8
21,08,15,2,札幌,2,11,ＵＨＢ賞Ｈ,131,芝,0,1200,良,アスタールビー    ,牝,5,古川吉洋,53.0,16,01,5,5,0,0.1,9,68.9,"1089",0,0,0,1,1,34.7,452,南井克巳,栗,230,16101340,01015,01049,0121221101,加藤久枝,平野牧場,ロードカナロア,キリエ,ブライアンズタイム,鹿毛,160413,   15.5,  ,    ,48.6
21,08,15,2,札幌,2,11,ＵＨＢ賞Ｈ,131,芝,0,1200,良,ヒロイックアゲン  ,牝,7,秋山稔樹,53.0,16,02,4,4,0,0.1,11,68.9,"1089",0,0,0,3,3,34.4,492,加藤和宏,美,350,14103017,01181,01077,0121221102,浅川皓司,浦河小林牧場,ロードアルティマ,タイムヒロイン,ブライアンズタイム,黒鹿,140423,   18.9,  ,    ,50.3
21,08,15,2,札幌,2,11,ＵＨＢ賞Ｈ,131,芝,0,1200,良,アヌラーダプラ    ,牝,4,横山武史,53.0,16,03,1,1,0,0,1,68.8,"1088",0,0,0,2,2,34.5,484,萩原清,美,2300,17105553,01170,01017,0121221103,キャロットファーム,ノーザンファーム,キングカメハメハ,ポロンナルワ,Rahy,鹿毛,170417,    4.2,  ,    ,49.4
21,08,15,2,札幌,2,11,ＵＨＢ賞Ｈ,131,芝,0,1200,良,マイネルアルケミー,牡,5,黛弘人,55.0,16,04,10,10,0,0.3,4,69.1,"1091",0,0,0,7,8,34.4,478,中野栄治,美,0,16102670,01109,01010,0121221104,サラブレッドクラブ,村下清志,ダンカーク,ビリーヴザミラクル,フジキセキ,栗毛,160525,    8.4,  ,    ,50.9
21,08,15,2,札幌,2,11,ＵＨＢ賞Ｈ,131,芝,0,1200,良,ジョーアラビカ    ,牡,7,国分恭介,56.0,16,05,12,12,0,0.4,10,69.2,"1092",0,0,0,11,11,34,498,清水久詞,栗,0,14104076,01124,01110,0121221105,上田けい子,杵臼斉藤牧場,ジョーカプチーノ,アクティブアクト,ダンスインザダーク,芦毛,140423,   17.2,  ,    ,53.5
21,08,15,2,札幌,2,11,ＵＨＢ賞Ｈ,131,芝,0,1200,良,リンゴアメ        ,牝,3,泉谷楓真,50.0,16,06,7,7,0,0.2,13,69,"1090",0,0,0,8,8,34.2,440,菊川正達,美,0,18102168,01182,01052,0121221106,ビッグレッドファー,ビッグレッドファー,マツリダゴッホ,マイネデセール,マイネルラヴ,黒鹿,180426,   42.2,  ,    ,51.8
21,08,15,2,札幌,2,11,ＵＨＢ賞Ｈ,131,芝,0,1200,良,コロラトゥーレ    ,牝,7,荻野琢真,52.0,16,07,15,15,0,1.1,14,69.9,"1099",0,0,0,14,16,34.5,454,梅田智之,栗,0,14102019,01112,01084,0121221107,廣崎利洋HD,"Shall Farm",タイキシャトル,ディープインアスク,ディープインパクト,鹿毛,140227,   73.3,  ,    ,52.6
21,08,15,2,札幌,2,11,ＵＨＢ賞Ｈ,131,芝,0,1200,良,シャンデリアムーン,牝,5,丹内祐次,52.0,16,08,6,6,0,0.2,8,69,"1090",0,0,0,6,7,34.4,472,斎藤誠,美,0,16106339,01091,01086,0121221108,鈴木芳夫,松田牧場,アドマイヤムーン,ケイアイカミーリア,タイキシャトル,鹿毛,160403,   14.2,  ,    ,50.6
21,08,15,2,札幌,2,11,ＵＨＢ賞Ｈ,131,芝,0,1200,良,エイティーンガール,牝,5,横山和生,55.0,16,09,13,13,0,0.6,5,69.4,"1094",0,0,0,16,12,33.6,460,飯田祐史,栗,0,16103143,01140,01139,0121221109,中山泰志,庄野牧場,ヨハネスブルグ,センターグランタス,アグネスタキオン,青鹿,160414,    8.8,  ,    ,56.5
21,08,15,2,札幌,2,11,ＵＨＢ賞Ｈ,131,芝,0,1200,良,センショウユウト  ,牡,6,吉田隼人,54.0,16,10,16,16,0,1.3,15,70.1,"1101",0,0,0,11,12,34.9,478,笹田和秀,栗,0,15106194,01095,01104,0121221110,川勝裕之,藤原牧場,キンシャサノキセキ,ストームツイスター,ワイルドラッシュ,鹿毛,150512,   85.8,  ,    ,50.9
21,08,15,2,札幌,2,11,ＵＨＢ賞Ｈ,131,芝,0,1200,良,ナイントゥファイブ,牝,4,川又賢治,50.0,16,11,8,8,0,0.2,6,69,"1090",0,0,0,3,3,34.6,466,西園正都,栗,0,17105537,01166,01028,0121221111,黒川暁子,ノーザンファーム,スクリーンヒーロー,ベットーレ,"Blu Air Force",黒鹿,170131,   12.2,  ,    ,49.4
21,08,15,2,札幌,2,11,ＵＨＢ賞Ｈ,131,芝,0,1200,良,ロードアクア      ,牡,5,団野大成,56.0,16,12,11,11,0,0.3,2,69.1,"1091",0,0,0,3,3,34.6,472,浅見秀一,栗,0,16101149,01180,00411,0121221112,ロードホースクラブ,ケイアイファーム,ロードカナロア,オーシュペール,ダイワメジャー,鹿毛,160408,    6.1,  ,    ,49.7
21,08,15,2,札幌,2,11,ＵＨＢ賞Ｈ,131,芝,0,1200,良,インスピレーション,牡,6,坂井瑠星,51.0,16,13,9,9,0,0.2,12,69,"1090",0,0,0,15,15,33.4,482,昆貢,栗,0,15102264,01163,01044,0121221113,寺田千代乃,猪野毛牧場,ハーツクライ,サラトガヴィーナス,ブライアンズタイム,黒鹿,150425,   26.8,  ,    ,56.6
21,08,15,2,札幌,2,11,ＵＨＢ賞Ｈ,131,芝,0,1200,良,カイザーメランジェ,牡,6,菱田裕二,55.0,16,14,3,3,0,0.1,16,68.9,"1089",0,0,0,8,3,34.1,482,中野栄治,美,580,15105850,01144,01010,0121221114,ライフエンタープラ,谷岡スタット,サクラオリオン,サクラジュレップ,サクラプレジデント,鹿毛,150429,   95.3,  ,    ,52.1
21,08,15,2,札幌,2,11,ＵＨＢ賞Ｈ,131,芝,0,1200,良,ゴールドチャリス  ,牝,3,竹之下智,48.0,16,15,14,14,0,0.9,7,69.7,"1097",0,0,0,11,12,34.5,416,武幸四郎,栗,0,18105067,01036,01160,0121221115,フィールドレーシン,ノーザンファーム,トゥザワールド,シルバーチャリス,"Rainbow Quest",鹿毛,180306,   13.2,  ,    ,52.0
21,08,15,2,札幌,2,11,ＵＨＢ賞Ｈ,131,芝,0,1200,良,タイセイアベニール,牡,6,ルメール,56.0,16,16,2,2,0,0,3,68.8,"1088",0,0,0,10,8,33.8,482,西村真幸,栗,920,15100822,05339,01148,0121221116,田中成奉,松本信行,ベーカバド,ハロードリーム,ブライアンズタイム,鹿毛,150420,    8.0,  ,    ,53.6
21,08,15,2,札幌,2,12,藻岩山特･2勝,43,芝,0,2000,良,ルーチェデラヴィタ,牝,4,水口優也,55.0,9,01,9,9,0,2.1,8,122.6,"2026",0,7,7,6,6,36.3,450,須貝尚介,栗,0,17100796,01133,01105,0121221201,安原浩司,広富牧場,キズナ,トウカイライフ,トウカイテイオー,鹿毛,170128,  124.4,  ,    ,51.9
21,08,15,2,札幌,2,12,藻岩山特･2勝,43,芝,0,2000,良,エイシンヒテン    ,牝,3,団野大成,52.0,9,02,4,4,0,1,2,121.5,"2015",0,1,1,1,2,35.9,450,渡辺薫彦,栗,230,18105909,01180,01155,0121221202,栄進堂,栄進牧場,エイシンヒカリ,エイシンサンバレー,エイシンワシントン,栗毛,180506,    3.8,  ,    ,52.2
21,08,15,2,札幌,2,12,藻岩山特･2勝,43,芝,0,2000,良,コロンドール      ,牡,4,丹内祐次,57.0,9,03,7,7,0,1.6,6,122.1,"2021",0,9,9,8,6,35.7,512,和田雄二,美,0,17105253,01091,01143,0121221203,栗坂崇,ノーザンファーム,タートルボウル,エルミラドール,ジャングルポケット,栗毛,170303,   50.5,  ,    ,53.7
21,08,15,2,札幌,2,12,藻岩山特･2勝,43,芝,0,2000,良,プロース          ,牡,5,吉田隼人,57.0,9,04,2,2,0,0.6,4,121.1,"2011",0,3,3,3,3,35,514,菊川正達,美,600,16102723,01095,01052,0121221204,高樽さゆり,ディアレストクラブ,マツリダゴッホ,カレイメモワール,アドマイヤムーン,栗毛,160407,   24.9,  ,    ,55.4
21,08,15,2,札幌,2,12,藻岩山特･2勝,43,芝,0,2000,良,フジノロケット    ,牡,4,菱田裕二,57.0,9,05,3,3,0,0.7,5,121.2,"2012",0,7,7,8,6,34.8,454,米川昇,地,380,17100098,01144,05509,0121221205,藤沢和徳,"Wing Farm",ジャングルポケット,エメラルコヨーテ,ネオユニヴァース,青鹿,170405,   37.5,  ,    ,56.4
21,08,15,2,札幌,2,12,藻岩山特･2勝,43,芝,0,2000,良,ソーヴァリアント  ,牡,3,横山武史,54.0,9,06,1,1,0,-0.6,1,120.5,"2005",0,2,2,2,1,34.8,506,手塚貴久,美,1500,18104662,01170,01038,0121221206,社台レースホース,社台ファーム,オルフェーヴル,ソーマジック,シンボリクリスエス,鹿毛,180228,    1.4,  ,    ,55.5
21,08,15,2,札幌,2,12,藻岩山特･2勝,43,芝,0,2000,良,カサーレ          ,牝,6,坂井瑠星,55.0,9,07,6,6,0,1.3,7,121.8,"2018",0,3,4,3,3,35.8,446,吉岡辰弥,栗,0,15105960,01163,01176,0121221207,飯田正剛,千代田牧場,マンハッタンカフェ,ミルフィアタッチ,キングカメハメハ,青鹿,150324,   51.2,  ,    ,53.0
21,08,15,2,札幌,2,12,藻岩山特･2勝,43,芝,0,2000,良,セントオブゴールド,牡,4,ルメール,57.0,9,08,5,5,0,1.3,3,121.8,"2018",0,5,5,3,3,35.7,458,岩戸孝樹,美,150,17105092,05339,01051,0121221208,シルクレーシング,社台コーポレーショ,ディープインパクト,キューティゴールド,フレンチデピュティ,鹿毛,170412,    5.2,  ,    ,53.4
21,08,15,2,札幌,2,12,藻岩山特･2勝,43,芝,0,2000,良,デルマラピスラズリ,牡,4,菊沢一樹,57.0,9,09,8,8,0,1.7,9,122.2,"2022",0,5,5,6,9,36,520,小野次郎,美,0,17100808,01161,01125,0121221209,浅沼廣幸,ファニーヒルファー,ストロングリターン,デルマアマノジャク,オンファイア,鹿毛,170322,  168.3,  ,    ,52.6
21,08,21,2,札幌,3,01,未勝利*,7,芝,0,1800,良,トップスティール  ,牡,2,丹内祐次,54.0,8,01,3,3,0,0.3,5,109.9,"1499",0,4,4,3,2,37.1,502,深山雅史,美,130,19106387,01091,01174,0121230101,井山登,千代田牧場,カレンブラックヒル,モアスマイル,ホワイトマズル,鹿毛,190330,   22.7,  ,    ,48.1
21,08,21,2,札幌,3,01,未勝利*,7,芝,0,1800,良,ポイズンアロウ    ,牡,2,横山武史,54.0,8,02,4,4,0,0.6,3,110.2,"1502",0,7,6,5,5,37.1,528,藤沢和雄,美,77,19110073,01170,00386,0121230102,長谷川祐司,"Hinkle Farms",Arrogate,Crosswinds,"Storm Cat",栗毛,190331,    7.2,  ,    ,48.5
21,08,21,2,札幌,3,01,未勝利*,7,芝,0,1800,良,リュカイオス      ,牡,2,菱田裕二,54.0,8,03,8,8,0,5,6,114.6,"1546",0,2,2,3,8,41.7,428,杉山佳明,栗,0,19102515,01144,01178,0121230103,篁真一郎,桑田フアーム,ハービンジャー,モーニングムーン,アドマイヤムーン,栗毛,190419,   70.3,  ,    ,37.4
21,08,21,2,札幌,3,01,未勝利*,7,芝,0,1800,良,ヒルノロワール    ,牡,2,池添謙一,54.0,8,04,6,6,0,0.9,2,110.5,"1505",0,4,5,5,2,37.5,486,北出成人,栗,0,19106038,01032,01078,0121230104,ヒルノ,サカイファーム,ハービンジャー,ヒルノケアンズ,ハーツクライ,鹿毛,190304,    4.5,  ,    ,47.3
21,08,21,2,札幌,3,01,未勝利*,7,芝,0,1800,良,マイムマイム      ,牝,2,小沢大仁,51.0,8,05,5,5,0,0.9,7,110.5,"1505",0,6,7,7,7,37.3,410,小島茂之,美,51,19106229,01185,01068,0121230105,ミルファーム,高橋義浩,バゴ,チャードリー,ウォーエンブレム,青鹿,190317,  149.2,  ,    ,48.1
21,08,21,2,札幌,3,01,未勝利*,7,芝,0,1800,良,ジョーカーブラウン,牡,2,秋山稔樹,52.0,8,06,2,2,0,0.1,4,109.7,"1497",0,2,2,2,1,37.1,510,松山将樹,美,200,19103488,01181,01100,0121230106,プレミアムレースホ,栄進牧場,ケープブランコ,スウィートクレメンタイン,Shamardal,鹿毛,190219,   13.9,  ,    ,47.8
21,08,21,2,札幌,3,01,未勝利*,7,芝,0,1800,良,アンビション      ,牡,2,ルメール,54.0,8,07,1,1,0,-0.1,1,109.6,"1496",0,8,8,7,2,36.4,542,手塚貴久,美,510,19105335,05339,01038,0121230107,近藤英子,ノーザンファーム,ハービンジャー,ハートフルデイズ,キングカメハメハ,鹿毛,190320,    1.3,  ,    ,50.5
21,08,21,2,札幌,3,01,未勝利*,7,芝,0,1800,良,オーシンプラス    ,牡,2,古川吉洋,54.0,8,08,7,7,0,3.5,8,113.1,"1531",0,1,1,1,6,40.5,462,宮徹,栗,0,19103276,01015,01018,0121230108,大田慎治,松本牧場,ストロングリターン,ニシノツインクル,Johannesburg,黒鹿,190423,  161.6,  ,    ,39.6
21,08,21,2,札幌,3,02,未勝利*,7,ダ,1,1700,良,フォルトゥナ      ,牡,2,菱田裕二,54.0,11,01,11,11,0,4.5,7,112.7,"1527",0,1,1,1,4,44.4,462,中野栄治,美,0,19104582,01144,01010,0121230201,山本三津子,社台コーポレーショ,エイシンフラッシュ,パシャドーラ,ハーツクライ,青鹿,190220,   21.0,  ,    ,33.9
21,08,21,2,札幌,3,02,未勝利*,7,ダ,1,1700,良,グレートバリア    ,牡,2,秋山稔樹,52.0,11,02,6,6,0,1.6,8,109.8,"1498",0,6,4,5,4,40.9,474,相沢郁,美,0,19105882,01181,01020,0121230202,本間茂,小国スティーブル,ホッコータルマエ,バトルエニシ,ネオユニヴァース,黒鹿,190222,   41.9,  ,    ,41.9
21,08,21,2,札幌,3,02,未勝利*,7,ダ,1,1700,良,コスモガラクシア  ,牡,2,丹内祐次,54.0,11,03,5,5,0,1.3,3,109.5,"1495",0,6,6,5,7,40.6,468,金成貴史,美,51,19105736,01091,01132,0121230203,ビッグレッドファー,岡田スタツド,ヘニーヒューズ,ウインディーヒル,マンハッタンカフェ,黒鹿,190525,    4.6,  ,    ,42.6
21,08,21,2,札幌,3,02,未勝利*,7,ダ,1,1700,良,デルマドワーフ    ,牡,2,菊沢一樹,54.0,11,04,8,8,0,3.7,11,111.9,"1519",0,11,11,10,10,42.2,450,菊沢隆徳,美,0,19102122,01161,01115,0121230204,浅沼廣幸,ファニーヒルファー,オンファイア,アンナドンナ,Galileo,栗毛,190417,  184.3,  ,    ,40.1
21,08,21,2,札幌,3,02,未勝利*,7,ダ,1,1700,良,メルト            ,牡,2,的場勇人,54.0,11,05,3,3,0,0.8,9,109,"1490",0,2,2,2,1,40.6,486,的場均,美,130,19103937,01108,01063,0121230205,長谷川守正,中脇満,エスケンデレヤ,フローズンムーン,アドマイヤムーン,鹿毛,190506,   42.1,  ,    ,41.9
21,08,21,2,札幌,3,02,未勝利*,7,ダ,1,1700,良,コースタルテラス  ,牡,2,ルメール,54.0,11,06,1,1,0,-0.8,1,108.2,"1482",0,3,3,3,2,39.6,492,手塚貴久,美,510,19105344,05339,01038,0121230206,吉田勝己,ノーザンファーム,ヘニーヒューズ,パシフィックギャル,ゼンノロブロイ,黒鹿,190504,    3.2,  ,    ,44.5
21,08,21,2,札幌,3,02,未勝利*,7,ダ,1,1700,良,コパノニコルソン  ,牡,2,亀田温心,53.0,11,07,2,2,0,0.8,6,109,"1490",0,9,9,7,6,40,502,宮徹,栗,200,19104116,01176,01018,0121230207,小林祥晃,宮内牧場,コパノリッキー,ソフィアルージュ,クロフネ,栗毛,190316,   12.6,  ,    ,44.1
21,08,21,2,札幌,3,02,未勝利*,7,ダ,1,1700,良,ブルーロワイヤル  ,牡,2,団野大成,54.0,11,08,7,7,0,2.6,2,110.8,"1508",0,9,9,9,9,41.2,504,音無秀孝,栗,0,19105046,01180,01002,0121230208,サンデーレーシング,ノーザンファーム,キングカメハメハ,アナスタシアブルー,ファルブラヴ,鹿毛,190412,    4.4,  ,    ,42.1
21,08,21,2,札幌,3,02,未勝利*,7,ダ,1,1700,良,スマイルバック    ,牝,2,横山和生,54.0,11,09,4,4,0,1.1,5,109.3,"1493",0,3,4,4,3,40.6,464,松永幹夫,栗,77,19105174,01140,01092,0121230209,ライオンレースホー,ノーザンファーム,リオンディーズ,クロフォード,フジキセキ,青毛,190118,   11.7,  ,    ,42.3
21,08,21,2,札幌,3,02,未勝利*,7,ダ,1,1700,良,アリシアン        ,牝,2,横山武史,54.0,11,10,9,9,0,3.8,4,112,"1520",0,6,8,8,8,42.8,492,加藤征弘,美,0,19105940,01170,01059,0121230210,広尾レース,木村秀則,エピファネイア,ベネディーレ,クロフネ,鹿毛,190303,    5.8,  ,    ,38.2
21,08,21,2,札幌,3,02,未勝利*,7,ダ,1,1700,良,ニケテア          ,牝,2,小沢大仁,51.0,11,11,10,10,0,4.3,10,112.5,"1525",0,3,6,11,11,42.4,456,武井亮,美,0,19104335,01185,01147,0121230211,エースレーシング,阿部栄乃進,ザファクター,ファイナルリリー,ロージズインメイ,芦毛,190227,   90.2,  ,    ,40.2
21,08,21,2,札幌,3,03,未勝利・牝,7,ダ,1,1700,良,クリノラピッド    ,牝,3,吉田隼人,54.0,14,01,7,7,0,0.8,8,108.1,"1481",0,12,13,10,9,39.3,458,伊藤伸一,美,0,18106397,01095,01031,0121230301,栗本博晴,富菜牧場,シニスターミニスター,オースミフブキ,マンハッタンカフェ,黒鹿,180517,   20.4,  ,    ,45.5
21,08,21,2,札幌,3,03,未勝利・牝,7,ダ,1,1700,良,ネオイリス        ,牝,3,泉谷楓真,53.0,14,02,10,10,0,2.5,10,109.8,"1498",0,4,3,8,10,41.2,432,鈴木伸尋,美,0,18106839,01182,01026,0121230302,太田勝久,川上牧場,ネオユニヴァース,リスティアアスリー,スピニングワールド,栗毛,180419,   44.4,  ,    ,40.8
21,08,21,2,札幌,3,03,未勝利・牝,7,ダ,1,1700,良,コニャックダイヤ  ,牝,3,坂井瑠星,54.0,14,03,8,8,0,1.4,5,108.7,"1487",0,5,5,6,6,40.2,438,吉田直弘,栗,0,18104306,01163,01101,0121230303,グランデオーナーズ,藤沢牧場,シニスターミニスター,パパパノチョイナ,アフリート,鹿毛,180203,   12.6,  ,    ,42.9
21,08,21,2,札幌,3,03,未勝利・牝,7,ダ,1,1700,良,ラフルオリータ    ,牝,3,菊沢一樹,54.0,14,04,3,3,0,0.3,3,107.6,"1476",0,10,10,8,6,39,514,松永幹夫,栗,130,18105342,01161,01092,0121230304,ライオンレースホー,ノーザンファーム,ハーツクライ,リュシオル,クロフネ,黒鹿,180225,    5.1,  ,    ,45.9
21,08,21,2,札幌,3,03,未勝利・牝,7,ダ,1,1700,良,コートゴシップ    ,牝,3,藤岡佑介,54.0,14,05,11,11,0,2.5,9,109.8,"1498",0,10,10,14,11,40.7,454,高橋義忠,栗,0,18100686,01093,01129,0121230305,ゴドルフィン,ダーレー・ジャパン,ルーラーシップ,ハッシュ,コマンズ,芦毛,180322,   35.6,  ,    ,42.6
21,08,21,2,札幌,3,03,未勝利・牝,7,ダ,1,1700,良,ルージュブラン    ,牝,3,秋山稔樹,52.0,14,06,1,1,0,0,6,107.3,"1473",0,12,10,3,3,39.3,460,手塚貴久,美,510,18104601,01181,01038,0121230306,東京ホースレーシン,社台ファーム,エピファネイア,グリサージュ,クロフネ,芦毛,180130,   13.4,  ,    ,44.4
21,08,21,2,札幌,3,03,未勝利・牝,7,ダ,1,1700,良,フェミニン        ,牝,3,横山武史,54.0,14,07,0,0,4,999.9,2,0,"----",0,1,1,4,14,0,516,上村洋行,栗,0,18100497,01170,01168,0121230307,石川達絵,白井牧場,リオンディーズ,ラヴィアンフルール,ステイゴールド,黒鹿,180307,    4.8,  ,    , 0.0
21,08,21,2,札幌,3,03,未勝利・牝,7,ダ,1,1700,良,クアドリフォリオ  ,牝,3,国分恭介,54.0,14,08,2,2,0,0,11,107.3,"1473",0,9,7,6,4,38.8,500,和田正一,美,200,18102052,01124,01114,0121230308,ノースヒルズ,ノースヒルズ,バゴ,スーリール,スペシャルウィーク,黒鹿,180403,   59.6,  ,    ,46.3
21,08,21,2,札幌,3,03,未勝利・牝,7,ダ,1,1700,良,ララパピヨンドメル,牝,3,ルメール,54.0,14,09,4,4,0,0.5,1,107.8,"1478",0,7,7,4,4,39.5,440,手塚貴久,美,77,18105805,05339,01038,0121230309,フジイ興産,レイクヴィラファー,ヴィクトワールピサ,ウィストラム,フレンチデピュティ,鹿毛,180125,    2.4,  ,    ,44.3
21,08,21,2,札幌,3,03,未勝利・牝,7,ダ,1,1700,良,イフィゲニア      ,牝,3,荻野琢真,54.0,14,10,6,6,0,0.8,7,108.1,"1481",0,14,14,12,8,39.1,522,角田晃一,栗,0,18100651,01112,01121,0121230310,ゴドルフィン,ダーレー・ジャパン,エピファネイア,エヴァモア,Dansili,栗毛,180209,   18.3,  ,    ,46.3
21,08,21,2,札幌,3,03,未勝利・牝,7,ダ,1,1700,良,パラマウント      ,牝,3,団野大成,54.0,14,11,9,9,0,1.5,4,108.8,"1488",0,2,2,1,1,40.9,422,野中賢二,栗,0,18106750,01180,01098,0121230311,カナヤマホールディ,下河辺牧場,ブラックタイド,オールタイムベスト,ブライアンズタイム,青鹿,180204,   10.2,  ,    ,40.6
21,08,21,2,札幌,3,03,未勝利・牝,7,ダ,1,1700,良,ディキシー        ,牝,3,小沢大仁,51.0,14,12,12,12,0,3.1,12,110.4,"1504",0,7,7,10,11,41.6,440,小崎憲,栗,0,18103695,01185,01085,0121230312,ヒダカ・ブリーダー,キヨタケ牧場,ロードカナロア,バーバラ,ディープインパクト,鹿毛,180413,   71.0,  ,    ,40.2
21,08,21,2,札幌,3,03,未勝利・牝,7,ダ,1,1700,良,リープ            ,牝,3,山田敬士,52.0,14,13,13,13,0,5.4,14,112.7,"1527",0,5,6,12,13,43.8,472,高橋裕,美,0,18102300,01173,00412,0121230313,古賀禎彦,村上欽哉,モーリス,リアライズクレア,ゴールドアリュール,栗毛,180523,  260.1,  ,    ,35.8
21,08,21,2,札幌,3,03,未勝利・牝,7,ダ,1,1700,良,スパラキシス      ,牝,3,丹内祐次,54.0,14,14,5,5,0,0.7,13,108,"1480",0,2,3,2,2,40.1,468,宗像義忠,美,51,18100758,01091,00420,0121230314,ディアレストクラブ,ディアレストクラブ,フェノーメノ,ディアコメット,キングカメハメハ,黒鹿,180430,  100.9,  ,    ,42.4
21,08,21,2,札幌,3,04,未勝利,7,芝,0,1200,良,セブンシーズ      ,牝,3,横山武史,54.0,16,01,9,9,0,0.5,1,70.2,"1102",0,0,0,8,9,35.4,430,鹿戸雄一,美,0,18105313,01170,01097,0121230401,シルクレーシング,ノーザンファーム,ハービンジャー,ライツェント,スペシャルウィーク,黒鹿,180410,    2.9,  ,    ,48.3
21,08,21,2,札幌,3,04,未勝利,7,芝,0,1200,良,フランクエトワール,牡,3,ルメール,56.0,16,02,11,11,0,0.5,3,70.2,"1102",0,0,0,8,11,35.4,462,松永昌博,栗,0,18110008,05339,01083,0121230402,DMMドリームクラブ,"Dream Farm Co. Ltd",Frankel,"Dressed In Fur","Excellent Art",鹿毛,180209,    4.7,  ,    ,48.3
21,08,21,2,札幌,3,04,未勝利,7,芝,0,1200,良,ウインカンターレ  ,牝,3,泉谷楓真,53.0,16,03,4,4,0,0.2,4,69.9,"1099",0,0,0,4,4,35.3,486,上原博之,美,77,18101639,01182,00423,0121230403,ウイン,コスモヴューファー,ダノンシャンティ,サマーソング,ロージズインメイ,鹿毛,180527,    8.3,  ,    ,48.0
21,08,21,2,札幌,3,04,未勝利,7,芝,0,1200,良,バーニングパワー  ,牝,3,古川吉洋,54.0,16,04,2,2,0,0.1,11,69.8,"1098",0,0,0,4,6,35.2,462,鮫島一歩,栗,200,18103200,01015,01046,0121230404,長谷川光司,鮫川フアーム,トゥザグローリー,プリティホワイト,クロフネ,栗毛,180519,   41.8,  ,    ,48.3
21,08,21,2,札幌,3,04,未勝利,7,芝,0,1200,良,ミニマリズム      ,牝,3,池添謙一,54.0,16,05,5,5,0,0.3,6,70,"1100",0,0,0,8,9,35.2,426,田中博康,美,51,18104854,01032,01162,0121230405,社台レースホース,社台ファーム,モーリス,レッドオーヴァル,ディープインパクト,栗毛,180521,   15.7,  ,    ,48.9
21,08,21,2,札幌,3,04,未勝利,7,芝,0,1200,良,フォルツァーレ    ,セ,3,小林凌大,53.0,16,06,12,12,0,0.6,16,70.3,"1103",0,0,0,13,13,35.2,448,松下武士,栗,0,18106114,01177,01149,0121230406,ライオンレースホー,杵臼牧場,ドゥラメンテ,レッドミモザ,キンシャサノキセキ,鹿毛,180131,  205.5,  ,    ,49.7
21,08,21,2,札幌,3,04,未勝利,7,芝,0,1200,良,タイセイブレイズ  ,牡,3,吉田隼人,56.0,16,07,3,3,0,0.2,8,69.9,"1099",0,0,0,4,4,35.3,460,牧浦充徳,栗,130,18102969,01095,01113,0121230407,田中成奉,秋場牧場,ワールドエース,ニシノヘレンド,"Oasis Dream",鹿毛,180402,   22.0,  ,    ,48.0
21,08,21,2,札幌,3,04,未勝利,7,芝,0,1200,良,トーアアネラ      ,牝,3,小沢大仁,51.0,16,08,8,8,0,0.4,5,70.1,"1101",0,0,0,1,1,35.7,456,牧田和弥,栗,0,18105743,01185,01123,0121230408,高山ランド,トーア牧場,アドマイヤムーン,トーアティアレ,ゴールドアリュール,鹿毛,180308,   12.4,  ,    ,46.4
21,08,21,2,札幌,3,04,未勝利,7,芝,0,1200,良,トラストドーベル  ,牝,3,吉田豊,54.0,16,09,10,10,0,0.5,12,70.2,"1102",0,0,0,13,13,35,490,高橋文雅,美,0,18102231,00733,01134,0121230409,菅波雅巳,松浦牧場,オルフェーヴル,フェアリーバニヤン,"Honour and Glory",黒鹿,180404,   78.1,  ,    ,50.6
21,08,21,2,札幌,3,04,未勝利,7,芝,0,1200,良,ネイキッドロマンス,牝,3,秋山稔樹,52.0,16,10,7,7,0,0.4,9,70.1,"1101",0,0,0,12,12,35.2,456,尾関知人,美,0,18110051,01181,01103,0121230410,ゴドルフィン,Godolphin,Belardo,"Regency Romance",Diktat,青鹿,180420,   30.4,  ,    ,49.1
21,08,21,2,札幌,3,04,未勝利,7,芝,0,1200,良,リナーシェ        ,牝,3,西谷凜,51.0,16,11,16,16,0,1.2,15,70.9,"1109",0,0,0,16,15,35.4,408,四位洋文,栗,0,18103081,01189,01184,0121230411,広尾レース,桑田牧場,キングカメハメハ,ヴェイパー,Galileo,鹿毛,180325,  168.7,  ,    ,50.3
21,08,21,2,札幌,3,04,未勝利,7,芝,0,1200,良,マニトゥーリン    ,牝,3,坂井瑠星,54.0,16,12,13,13,0,0.9,7,70.6,"1106",0,0,0,2,2,36.2,426,吉田直弘,栗,0,18105128,01163,01101,0121230412,G1レーシング,ノーザンファーム,ミッキーアイル,ダイワオンディーヌ,クロフネ,栗毛,180212,   18.8,  ,    ,45.0
21,08,21,2,札幌,3,04,未勝利,7,芝,0,1200,良,ルージュエトワール,牝,3,横山和生,54.0,16,13,14,14,0,0.9,10,70.6,"1106",0,0,0,13,15,35.4,396,中内田充,栗,0,18105708,01140,01137,0121230413,東京ホースレーシン,社台牧場,ディープインパクト,シックスイス,Luhuk,鹿毛,180216,   36.0,  ,    ,49.4
21,08,21,2,札幌,3,04,未勝利,7,芝,0,1200,良,ハートフルワールド,牝,3,団野大成,54.0,16,14,15,15,0,1.1,14,70.8,"1108",0,0,0,4,6,36.1,460,牧浦充徳,栗,0,18106484,01180,01113,0121230414,西浦和男,丸幸小林牧場,ジャスタウェイ,サンフラワーガール,タイキシャトル,鹿毛,180416,  146.8,  ,    ,46.1
21,08,21,2,札幌,3,04,未勝利,7,芝,0,1200,良,シュアーヴアリア  ,牝,3,丹内祐次,54.0,16,15,1,1,0,-0.1,2,69.7,"1097",0,0,0,8,6,34.9,472,高橋裕,美,510,18100756,01091,00412,0121230415,ディアレストクラブ,ディアレストクラブ,ゴールドシップ,スズノネイロ,デュランダル,黒鹿,180401,    4.5,  ,    ,49.7
21,08,21,2,札幌,3,04,未勝利,7,芝,0,1200,良,エスタンピージャ  ,牝,3,菊沢一樹,54.0,16,16,6,6,0,0.3,13,70,"1100",0,0,0,2,2,35.6,474,加藤和宏,美,0,18103491,01161,01077,0121230416,ノルマンディーサラ,岡田スタツド,マツリダゴッホ,クイックメール,タイキシャトル,鹿毛,180308,  135.8,  ,    ,46.6
21,08,21,2,札幌,3,05,新馬・牝,15,芝,0,1500,良,アタカマリン      ,牝,2,横山典弘,54.0,14,01,13,13,0,5.3,8,96.7,"1367",0,0,8,11,12,38.9,482,昆貢,栗,0,19100325,00660,01044,0121230501,高瀬牧場,高瀬牧場,ロードカナロア,オウケンサクラ,バゴ,鹿毛,190504,   27.7,  ,    ,49.1
21,08,21,2,札幌,3,05,新馬・牝,15,芝,0,1500,良,シルバーオーク    ,牝,2,菱田裕二,54.0,14,02,9,9,0,1.8,12,93.2,"1332",0,0,11,11,11,35.4,422,畠山吉宏,美,0,19100088,01144,01048,0121230502,小川眞査雄,岩見牧場,ハービンジャー,ポッドシルビア,ダノンシャンティ,鹿毛,190312,   92.1,  ,    ,58.9
21,08,21,2,札幌,3,05,新馬・牝,15,芝,0,1500,良,カルチェリノイオリ,牝,2,山田敬士,52.0,14,03,2,2,0,0.3,10,91.7,"1317",0,0,4,4,5,34.8,424,粕谷昌央,美,280,19105750,01173,01096,0121230503,海谷幸司,岡田スタツド,ヴァンセンヌ,キアラ,ステイゴールド,黒鹿,190219,   46.9,  ,    ,59.0
21,08,21,2,札幌,3,05,新馬・牝,15,芝,0,1500,良,テーオーティラミス,牝,2,古川吉洋,54.0,14,04,7,7,0,1.1,7,92.5,"1325",0,0,6,7,7,35.4,460,宮徹,栗,0,19104747,01015,01018,0121230504,小笹公也,社台ファーム,ハーツクライ,ザッハーマイン,Mineshaft,鹿毛,190201,   26.4,  ,    ,57.5
21,08,21,2,札幌,3,05,新馬・牝,15,芝,0,1500,良,ルージュレイア    ,牝,2,横山武史,54.0,14,05,6,6,0,0.7,4,92.1,"1321",0,0,4,4,5,35.2,440,尾関知人,美,0,19104829,01170,01103,0121230505,東京ホースレーシン,社台ファーム,ハーツクライ,ドリーフォンテイン,"Fastnet Rock",鹿毛,190408,    7.5,  ,    ,57.8
21,08,21,2,札幌,3,05,新馬・牝,15,芝,0,1500,良,スミ              ,牝,2,池添謙一,54.0,14,06,4,4,0,0.5,9,91.9,"1319",0,0,6,4,4,34.9,456,高橋亮,栗,110,19106604,01032,01136,0121230506,市川義美ホールディ,フジワラフアーム,リオンディーズ,マーヴェリックス,"Smart Strike",鹿毛,190525,   43.7,  ,    ,58.9
21,08,21,2,札幌,3,05,新馬・牝,15,芝,0,1500,良,フローラルビアンカ,牝,2,藤岡佑介,54.0,14,07,8,8,0,1.7,5,93.1,"1331",0,0,10,7,7,36,468,田中克典,栗,0,19105358,01093,01180,0121230507,ライオンレースホー,ノーザンファーム,ドレフォン,ビアンカシェボン,フジキセキ,黒鹿,190330,   13.0,  ,    ,55.7
21,08,21,2,札幌,3,05,新馬・牝,15,芝,0,1500,良,ウォーターナビレラ,牝,2,吉田隼人,54.0,14,08,1,1,0,-0.3,6,91.4,"1314",0,0,1,1,1,34.8,464,武幸四郎,栗,700,19102788,01095,01160,0121230508,山岡正人,伏木田牧場,シルバーステート,シャイニングサヤカ,キングヘイロー,青鹿,190527,   16.8,  ,    ,58.4
21,08,21,2,札幌,3,05,新馬・牝,15,芝,0,1500,良,レアリアルノーヴ  ,牝,2,丹内祐次,54.0,14,09,11,11,0,2.4,13,93.8,"1338",0,0,8,9,9,36.4,474,伊藤伸一,美,0,19102796,01091,01031,0121230509,西田順彦,藤春修二,アーネストリー,ケイリュウフレンド,ハイアーゲーム,黒鹿,190415,  222.7,  ,    ,55.1
21,08,21,2,札幌,3,05,新馬・牝,15,芝,0,1500,良,オーソレミオ      ,牝,2,横山和生,54.0,14,10,3,3,0,0.4,2,91.8,"1318",0,0,2,2,2,35.2,446,昆貢,栗,180,19106198,01140,01044,0121230510,タイヘイ牧場,タイヘイ牧場,ディープインパクト,レディオブキャメロット,Montjeu,青鹿,190304,    3.8,  ,    ,57.2
21,08,21,2,札幌,3,05,新馬・牝,15,芝,0,1500,良,ナイルプロジェクト,牝,2,坂井瑠星,54.0,14,11,12,12,0,3.2,11,94.6,"1346",0,0,13,13,12,36.3,440,高柳瑞樹,美,0,19103028,01163,01118,0121230511,中村智幸,ケイアイファーム,ジャスタウェイ,ブラックナイル,ルーラーシップ,鹿毛,190323,   73.4,  ,    ,57.1
21,08,21,2,札幌,3,05,新馬・牝,15,芝,0,1500,良,マアイノマ        ,牝,2,黛弘人,54.0,14,12,0,0,1,999.9,0,0,"----",0,0,0,0,0,0,0,中野栄治,美,0,19100022,01109,01010,0121230512,芳賀克也,アサヒ牧場,ザファクター,イセエビ,ハービンジャー,鹿毛,190330,    0.0,  ,    , 0.0
21,08,21,2,札幌,3,05,新馬・牝,15,芝,0,1500,良,テンメジャーガール,牝,2,小沢大仁,51.0,14,13,5,5,0,0.6,3,92,"1320",0,0,2,3,2,35.3,472,高柳大輔,栗,70,19104549,01185,01159,0121230513,天白泰司,社台コーポレーショ,ダイワメジャー,サンヴァンサン,クロフネ,栗毛,190227,    4.5,  ,    ,57.1
21,08,21,2,札幌,3,05,新馬・牝,15,芝,0,1500,良,ベストスマイル    ,牝,2,ルメール,54.0,14,14,10,10,0,1.8,1,93.2,"1332",0,0,11,9,9,35.8,432,池上昌和,美,0,19105266,05339,01150,0121230514,保坂和孝,ノーザンファーム,ロードカナロア,スマイルミーティア,チチカステナンゴ,鹿毛,190227,    3.4,  ,    ,56.9
21,08,21,2,札幌,3,06,未勝利,7,ダ,1,1700,良,セブンパワー      ,セ,3,黛弘人,56.0,14,01,8,8,0,1.5,13,108.9,"1489",0,12,11,12,12,38.2,456,武井亮,美,0,18101281,01109,01147,0121230601,前迫義幸,北島牧場,ラブリーデイ,ラヴマリッジ,フレンチデピュティ,鹿毛,180330,  241.4,  ,    ,51.0
21,08,21,2,札幌,3,06,未勝利,7,ダ,1,1700,良,ノーブルアイランド,牡,3,藤岡佑介,56.0,14,02,11,11,0,2.2,10,109.6,"1496",0,11,11,12,13,38.8,470,宮本博,栗,0,18100481,01093,01073,0121230602,吉木伸彦,白井牧場,ラブリーデイ,ナリタシリカ,コマンダーインチーフ,青鹿,180209,  148.7,  ,    ,49.5
21,08,21,2,札幌,3,06,未勝利,7,ダ,1,1700,良,エナジーボーイ    ,牡,3,古川吉洋,56.0,14,03,4,4,0,0.6,4,108,"1480",0,13,13,11,6,37.5,450,石毛善彦,美,77,18100892,01015,00428,0121230603,桑畑夏美,浜本牧場,カレンブラックヒル,エナチャン,キンシャサノキセキ,鹿毛,180409,    6.2,  ,    ,52.5
21,08,21,2,札幌,3,06,未勝利,7,ダ,1,1700,良,ジュエルシーカー  ,牝,3,勝浦正樹,54.0,14,04,12,12,0,2.6,9,110,"1500",0,8,9,9,9,39.7,424,田村康仁,美,0,18106087,01025,01027,0121230604,杵臼牧場,杵臼牧場,ハーツクライ,シェルシーカー,Machiavellian,黒鹿,180521,  102.5,  ,    ,46.6
21,08,21,2,札幌,3,06,未勝利,7,ダ,1,1700,良,スズロビンソン    ,牡,3,山田敬士,54.0,14,05,9,9,0,2,8,109.4,"1494",0,3,3,4,6,39.5,484,高橋裕,美,0,18100750,01173,00412,0121230605,森達郎,ディアレストクラブ,ミッキーアイル,キュルミナン,シンボリクリスエス,鹿毛,180331,   27.5,  ,    ,46.5
21,08,21,2,札幌,3,06,未勝利,7,ダ,1,1700,良,リリーマイウェー  ,牡,3,小沢大仁,53.0,14,06,5,5,0,0.7,5,108.1,"1481",0,5,5,4,4,38.2,470,池添兼雄,栗,51,18100195,01185,01021,0121230606,土井孝夫,賀張中川牧場,ジャスタウェイ,サヴァーレ,ローエングリン,栗毛,180127,   15.5,  ,    ,49.8
21,08,21,2,札幌,3,06,未勝利,7,ダ,1,1700,良,シャトワイエー    ,牝,3,菱田裕二,54.0,14,07,3,3,0,0.4,7,107.8,"1478",0,2,2,2,1,38.1,446,岡田稲男,栗,130,18104342,01144,01066,0121230607,フジワラ・ファーム,フジワラフアーム,カレンブラックヒル,ブリリン,タイキシャトル,栃栗,180304,   15.8,  ,    ,49.8
21,08,21,2,札幌,3,06,未勝利,7,ダ,1,1700,良,ランスルー        ,牡,3,ルメール,56.0,14,08,2,2,0,0.4,1,107.8,"1478",0,6,7,8,4,37.8,544,小笠倫弘,美,200,18102062,05339,01076,0121230608,前田晋二,ノースヒルズ,ダイワメジャー,フェアエレン,"Street Cry",栗毛,180503,    2.4,  ,    ,51.0
21,08,21,2,札幌,3,06,未勝利,7,ダ,1,1700,良,レースアルカーナ  ,牝,3,国分恭介,54.0,14,09,13,13,0,3.4,12,110.8,"1508",0,6,5,4,11,40.9,452,梅田智之,栗,0,18102165,01124,01084,0121230609,サラブレッドクラブ,ビッグレッドファー,ゴールドシップ,マイネソーサリス,ブライアンズタイム,栗毛,180413,  218.1,  ,    ,43.2
21,08,21,2,札幌,3,06,未勝利,7,ダ,1,1700,良,スワーヴジョーダン,セ,3,松田大作,56.0,14,10,7,7,0,1.5,6,108.9,"1489",0,10,10,9,9,38.6,440,田中博康,美,0,18104728,01030,01162,0121230610,NICKS,社台ファーム,オルフェーヴル,パンズラビリンス,メイショウサムソン,栗毛,180220,   15.8,  ,    ,49.3
21,08,21,2,札幌,3,06,未勝利,7,ダ,1,1700,良,スミソニアン      ,牡,3,吉田隼人,56.0,14,11,6,6,0,1.1,3,108.5,"1485",0,8,7,4,6,38.6,444,久保田貴,美,0,18101031,01095,01067,0121230611,中西純穂,豊洋牧場,ホッコータルマエ,プラチナムーン,アドマイヤムーン,黒鹿,180302,    5.3,  ,    ,48.8
21,08,21,2,札幌,3,06,未勝利,7,ダ,1,1700,良,キュン            ,牝,3,横山武史,54.0,14,12,1,1,0,-0.4,2,107.4,"1474",0,3,3,3,2,37.6,454,戸田博文,美,510,18102433,01170,01054,0121230612,吉澤ホールディング,飯岡牧場,シニスターミニスター,ユーアーマイン,ディープインパクト,黒鹿,180321,    4.3,  ,    ,51.3
21,08,21,2,札幌,3,06,未勝利,7,ダ,1,1700,良,ルナレインボー    ,牝,3,荻野琢真,54.0,14,13,10,10,0,2.2,11,109.6,"1496",0,1,1,1,3,39.9,464,小林真也,栗,0,18103129,01112,01185,0121230613,高昭牧場,高昭牧場,トビーズコーナー,ストームクオリティ,"Elusive Quality",鹿毛,180221,  196.8,  ,    ,45.3
21,08,21,2,札幌,3,06,未勝利,7,ダ,1,1700,良,ルピナスアイ      ,牝,3,原田和真,54.0,14,14,14,14,0,8,14,115.4,"1554",0,14,14,14,14,43.6,474,小桧山悟,美,0,18106912,01143,01005,0121230614,大久保典義,川上牧場,ドゥラメンテ,グローリールピナス,マーベラスサンデー,栗毛,180412,  433.5,  ,    ,39.8
21,08,21,2,札幌,3,07,未勝利,7,芝,0,2000,良,マイネルグロース  ,牡,3,丹内祐次,56.0,16,01,6,6,0,1.1,8,121.9,"2019",0,8,10,10,8,37.1,452,金成貴史,美,0,18101771,01091,01132,0121230701,サラブレッドクラブ,竹中牧場,ゴールドシップ,コスモクラッベ,マイネルラヴ,芦毛,180430,   16.3,  ,    ,48.0
21,08,21,2,札幌,3,07,未勝利,7,芝,0,2000,良,マイネルダグラス  ,牡,3,坂井瑠星,56.0,16,02,4,4,0,0.6,3,121.4,"2014",0,2,2,2,1,37.6,502,相沢郁,美,77,18102148,01163,01020,0121230702,サラブレッドクラブ,ビッグレッドファー,スクリーンヒーロー,マイネアルデュール,アドマイヤコジーン,鹿毛,180602,    5.9,  ,    ,45.5
21,08,21,2,札幌,3,07,未勝利,7,芝,0,2000,良,メイショウシンウチ,牡,3,小沢大仁,53.0,16,03,5,5,0,0.9,6,121.7,"2017",0,6,6,6,5,37.1,490,荒川義之,栗,51,18106523,01185,01095,0121230703,松本好雄,三嶋牧場,ハービンジャー,ダンシングハピネス,ダンスインザダーク,黒鹿,180529,   10.6,  ,    ,47.7
21,08,21,2,札幌,3,07,未勝利,7,芝,0,2000,良,サピエンシア      ,牝,3,勝浦正樹,54.0,16,04,16,16,0,8,16,128.8,"2088",0,15,16,16,16,41.5,444,上原博之,美,0,18103046,01025,00423,0121230704,水上ふじ子,笠松牧場,ワールドエース,アビ,"Chief's Crown",栗毛,180313,  405.7,  ,    ,40.2
21,08,21,2,札幌,3,07,未勝利,7,芝,0,2000,良,シーチェンジ      ,牝,3,横山和生,54.0,16,05,11,11,0,1.4,7,122.2,"2022",0,15,15,5,5,37.7,426,和田勇介,美,0,18105512,01140,01165,0121230705,吉田晴哉,社台コーポレーショ,ハーツクライ,シーオーク,キングカメハメハ,栗毛,180129,   14.6,  ,    ,46.1
21,08,21,2,札幌,3,07,未勝利,7,芝,0,2000,良,ムラサメマル      ,牡,3,小林凌大,53.0,16,06,9,9,0,1.2,12,122,"2020",0,11,11,13,10,37.1,452,尾形和幸,美,0,18100992,01177,01141,0121230706,高橋文男,藤本ファーム,リオンディーズ,スターカットジェム,フォーティナイナー,鹿毛,180222,   64.3,  ,    ,48.1
21,08,21,2,札幌,3,07,未勝利,7,芝,0,2000,良,ラップリーダー    ,牡,3,秋山稔樹,54.0,16,07,8,8,0,1.2,10,122,"2020",0,6,6,10,12,37.2,462,小笠倫弘,美,0,18104755,01181,01076,0121230707,吉田照哉,社台ファーム,ローエングリン,フローラルカーヴ,アグネスタキオン,栗毛,180308,   42.6,  ,    ,47.7
21,08,21,2,札幌,3,07,未勝利,7,芝,0,2000,良,ハムレボ          ,牡,3,泉谷楓真,55.0,16,08,12,12,0,1.6,4,122.4,"2024",0,10,6,3,2,38.2,510,手塚貴久,美,0,18104078,01182,01038,0121230708,伊藤功一,千代田牧場,モーリス,スティールパス,ネオユニヴァース,鹿毛,180510,    8.3,  ,    ,44.5
21,08,21,2,札幌,3,07,未勝利,7,芝,0,2000,良,ビューティーウェイ,牝,3,吉田隼人,54.0,16,09,1,1,0,-0.3,1,120.8,"2008",0,12,13,10,8,36,440,須貝尚介,栗,510,18105115,01095,01105,0121230709,大塚亮一,ノーザンファーム,ジャスタウェイ,セルキス,Monsun,栗毛,180307,    3.5,  ,    ,51.0
21,08,21,2,札幌,3,07,未勝利,7,芝,0,2000,良,ピアチェーレ      ,牝,3,菊沢一樹,54.0,16,10,3,3,0,0.6,14,121.4,"2014",0,12,12,13,10,36.4,434,菊沢隆徳,美,130,18104950,01161,01115,0121230710,キャロットファーム,ノーザンファーム,ルーラーシップ,ヴィータアレグリア,ネオユニヴァース,鹿毛,180315,   71.9,  ,    ,50.1
21,08,21,2,札幌,3,07,未勝利,7,芝,0,2000,良,グラヴィテ        ,牝,3,横山武史,54.0,16,11,7,7,0,1.2,5,122,"2020",0,4,4,4,2,37.7,494,鮫島一歩,栗,0,18103603,01170,01046,0121230711,栗山学,岡田牧場,ネオユニヴァース,ファシネイト,キングカメハメハ,黒鹿,180514,   10.0,  ,    ,45.8
21,08,21,2,札幌,3,07,未勝利,7,芝,0,2000,良,ミルヒライス      ,牝,3,古川吉洋,54.0,16,12,15,15,0,5.3,13,126.1,"2061",0,2,2,6,15,41.5,496,高柳大輔,栗,0,18104810,01015,01159,0121230712,吉田照哉,社台ファーム,ストロングリターン,ミルフィオリ,サンデーサイレンス,鹿毛,180414,   64.8,  ,    ,37.4
21,08,21,2,札幌,3,07,未勝利,7,芝,0,2000,良,ラヴィエント      ,牝,3,池添謙一,54.0,16,13,2,2,0,0.3,2,121.1,"2011",0,8,6,8,5,36.4,468,池添学,栗,200,18105330,01032,01144,0121230713,DMMドリームクラブ,ノーザンファーム,ドゥラメンテ,ラフィエスタ,スペシャルウィーク,鹿毛,180224,    4.5,  ,    ,49.7
21,08,21,2,札幌,3,07,未勝利,7,芝,0,2000,良,キタノオーシャン  ,牡,3,山田敬士,54.0,16,14,10,10,0,1.3,15,122.1,"2021",0,14,14,15,12,36.9,458,高木登,美,0,18106264,01173,01088,0121230714,北所直人,谷川牧場,ダイワメジャー,ホウホウ,"Dylan Thomas",鹿毛,180305,   96.1,  ,    ,49.0
21,08,21,2,札幌,3,07,未勝利,7,芝,0,2000,良,エルファシル      ,牡,3,藤岡佑介,56.0,16,15,14,14,0,5,9,125.8,"2058",0,4,4,8,14,41.1,466,吉岡辰弥,栗,0,18103923,01093,01176,0121230715,山口裕介,タイヘイ牧場,バゴ,ドリームバラード,タニノギムレット,青鹿,180225,   27.1,  ,    ,38.3
21,08,21,2,札幌,3,07,未勝利,7,芝,0,2000,良,マリノアルカディア,牝,3,団野大成,54.0,16,16,13,13,0,3.6,11,124.4,"2044",0,1,1,1,4,40.6,448,天間昭一,美,0,18100254,01180,01090,0121230716,クラウン,クラウン日高牧場,エイシンフラッシュ,クラウンアルテミス,リンカーン,黒鹿,180408,   59.4,  ,    ,38.5
21,08,21,2,札幌,3,08,１勝ｸﾗｽ,23,ダ,1,1000,良,シロイスズメ      ,牡,4,松田大作,57.0,12,01,4,4,0,0.3,5,60.2,"1002",0,0,0,1,1,36.3,504,尾形和幸,美,110,17104214,01030,01141,0121230801,藤本直弘,エイトカラーファー,キズナ,グレンチェック,スターリングローズ,芦毛,170521,   13.8,  ,    ,48.8
21,08,21,2,札幌,3,08,１勝ｸﾗｽ,23,ダ,1,1000,良,ビュヴォン        ,牡,3,西谷凜,51.0,12,02,8,8,0,1,8,60.9,"1009",0,0,0,6,6,36.5,498,岡田稲男,栗,0,18102001,01189,01066,0121230802,カナヤマホールディ,新冠橋本牧場,ダイワメジャー,ラタフィア,Cozzene,芦毛,180207,   26.0,  ,    ,50.3
21,08,21,2,札幌,3,08,１勝ｸﾗｽ,23,ダ,1,1000,良,ヴィクトリアポデル,牡,5,小林凌大,54.0,12,03,7,7,0,0.9,4,60.8,"1008",0,0,0,9,9,36.1,498,杉浦宏昭,美,0,16100824,01177,01008,0121230803,西村憲人,松本信行,アドマイヤムーン,シーアクトレス,ネオユニヴァース,鹿毛,160211,   11.4,  ,    ,52.6
21,08,21,2,札幌,3,08,１勝ｸﾗｽ,23,ダ,1,1000,良,フロイデ          ,セ,6,丹内祐次,57.0,12,04,12,12,0,1.4,9,61.3,"1013",0,0,0,4,4,37.1,494,本間忍,美,0,15101248,01091,01056,0121230804,岡田壮史,グッドラック・ファ,カネヒキリ,アイルゴーバック,アッミラーレ,栗毛,150307,   31.6,  ,    ,47.8
21,08,21,2,札幌,3,08,１勝ｸﾗｽ,23,ダ,1,1000,良,ブーケオブアイリス,牡,3,ルメール,54.0,12,05,1,1,0,0,1,59.9,"0599",0,0,0,8,6,35.3,496,杉浦宏昭,美,760,18104592,05339,01008,0121230805,小林善一,社台ファーム,スウェプトオーヴァーボード,クイーンアイリス,ダンスインザダーク,黒鹿,180504,    2.0,  ,    ,54.5
21,08,21,2,札幌,3,08,１勝ｸﾗｽ,23,ダ,1,1000,良,キョシンタンカイ  ,牡,4,菊沢一樹,57.0,12,06,6,6,0,0.6,10,60.5,"1005",0,0,0,6,6,36.1,514,武市康男,美,0,17100554,01161,01089,0121230806,國分純,スマイルファーム,タートルボウル,ファミリズム,ダンスインザダーク,黒鹿,170310,   47.8,  ,    ,51.4
21,08,21,2,札幌,3,08,１勝ｸﾗｽ,23,ダ,1,1000,良,ランランウイング  ,牝,5,小沢大仁,52.0,12,07,2,2,0,0,2,59.9,"0599",0,0,0,9,9,35.2,472,今野貞一,栗,300,16102421,01185,01128,0121230807,高昭牧場,高昭牧場,アイルハヴアナザー,タキオンコウショウ,アグネスタキオン,黒鹿,160319,    5.1,  ,    ,55.3
21,08,21,2,札幌,3,08,１勝ｸﾗｽ,23,ダ,1,1000,良,キョウエイロナ    ,牝,3,亀田温心,51.0,12,08,10,10,0,1.1,11,61,"1010",0,0,0,12,12,35.9,422,萱野浩二,美,0,18104298,01176,01024,0121230808,田中晴夫,藤沢牧場,ワールドエース,キョウエイトリガー,イーグルカフェ,鹿毛,180402,  101.0,  ,    ,54.9
21,08,21,2,札幌,3,08,１勝ｸﾗｽ,23,ダ,1,1000,良,ディーズローリエ  ,牝,4,菱田裕二,55.0,12,09,3,3,0,0.1,3,60,"1000",0,0,0,5,4,35.7,458,岡田稲男,栗,190,17103952,01144,01066,0121230809,秋谷壽之,野坂牧場,キズナ,ムーランルージュ,クロコルージュ,黒鹿,170329,    6.0,  ,    ,52.1
21,08,21,2,札幌,3,08,１勝ｸﾗｽ,23,ダ,1,1000,良,エンジェルティアラ,牝,4,秋山稔樹,53.0,12,10,9,9,0,1.1,7,61,"1010",0,0,0,2,2,37,476,辻哲英,美,0,17103329,01181,01182,0121230810,ノルマンディーサラ,岡田スタツド,マツリダゴッホ,ラインレジーナ,サクラバクシンオー,栗毛,170414,   16.5,  ,    ,47.3
21,08,21,2,札幌,3,08,１勝ｸﾗｽ,23,ダ,1,1000,良,アドマイヤレオ    ,セ,5,黛弘人,57.0,12,11,11,11,0,1.2,12,61.1,"1011",0,0,0,11,11,36.2,480,柄崎孝,美,0,16104442,01109,00380,0121230811,近藤旬子,ノーザンファーム,ノヴェリスト,エンジェルフォール,ジャングルポケット,鹿毛,160205,  101.5,  ,    ,53.2
21,08,21,2,札幌,3,08,１勝ｸﾗｽ,23,ダ,1,1000,良,フィールドモーリス,牡,3,泉谷楓真,53.0,12,12,5,5,0,0.5,6,60.4,"1004",0,0,0,2,2,36.4,464,西園正都,栗,76,18102719,01182,01028,0121230812,地田勝三,中田英樹,モーリス,エバーシャイニング,ゼンノロブロイ,鹿毛,180306,   14.4,  ,    ,48.9
21,08,21,2,札幌,3,09,１勝ｸﾗｽ・牝,23,ダ,1,1700,良,ファーストソリスト,牝,3,団野大成,52.0,12,01,8,8,0,2.4,2,108.3,"1483",0,1,1,1,2,39.8,486,吉村圭司,栗,0,18105405,01180,01130,0121230901,G1レーシング,追分ファーム,ロードカナロア,ヴァゼム,ゼンノロブロイ,黒鹿,180330,    3.2,  ,    ,43.9
21,08,21,2,札幌,3,09,１勝ｸﾗｽ・牝,23,ダ,1,1700,良,アンジェリーブル  ,牝,5,丹内祐次,55.0,12,02,3,3,0,1.4,4,107.3,"1473",0,3,3,6,4,38.3,474,藤原辰雄,美,190,16105686,01091,00435,0121230902,伊藤佳幸,グランド牧場,クロフネ,デラモーレ,ディープインパクト,栗毛,160508,    9.0,  ,    ,48.3
21,08,21,2,札幌,3,09,１勝ｸﾗｽ・牝,23,ダ,1,1700,良,パルクールラン    ,牝,3,泉谷楓真,51.0,12,03,10,10,0,2.8,5,108.7,"1487",0,2,2,6,8,39.7,414,小崎憲,栗,0,18103693,01182,01085,0121230903,キヨタケ牧場,キヨタケ牧場,スクリーンヒーロー,ディキシーランドジェム,"Dixieland Band",栗毛,180316,   10.0,  ,    ,44.8
21,08,21,2,札幌,3,09,１勝ｸﾗｽ・牝,23,ダ,1,1700,良,ノワールフレグラン,牝,4,小沢大仁,52.0,12,04,6,6,0,1.7,7,107.6,"1476",0,8,8,8,6,38.5,444,西村真幸,栗,0,17105454,01185,01148,0121230904,グリーンファーム,ノーザンファーム,トーセンホマレボシ,トロピカルブラッサム,"Thunder Gulch",青鹿,170521,   34.9,  ,    ,47.9
21,08,21,2,札幌,3,09,１勝ｸﾗｽ・牝,23,ダ,1,1700,良,ペプチドヒミコ    ,牝,4,ルメール,55.0,12,05,1,1,0,-1.1,1,105.9,"1459",0,9,8,4,2,37.1,480,武英智,栗,760,17105996,05339,01161,0121230905,沼川一彦,杵臼牧場,キングカメハメハ,ペプチドヒノトリ,クロフネ,栗毛,170424,    2.5,  ,    ,51.2
21,08,21,2,札幌,3,09,１勝ｸﾗｽ・牝,23,ダ,1,1700,良,ペイルライダー    ,牝,3,吉田隼人,52.0,12,06,2,2,0,1.1,3,107,"1470",0,6,6,9,6,37.7,478,角田晃一,栗,300,18105205,01095,01121,0121230906,市川義美ホールディ,ノーザンファーム,ルーラーシップ,ピサノグラフ,サンデーサイレンス,鹿毛,180227,    5.8,  ,    ,50.3
21,08,21,2,札幌,3,09,１勝ｸﾗｽ・牝,23,ダ,1,1700,良,シャルドネ        ,牝,4,小林凌大,52.0,12,07,5,5,0,1.5,10,107.4,"1474",0,3,3,4,4,38.6,460,浜田多実,栗,76,17100373,01177,01138,0121230907,カナヤマホールディ,下河辺牧場,ヘニーヒューズ,シャンパンフルート,クロフネ,鹿毛,170426,   75.0,  ,    ,47.2
21,08,21,2,札幌,3,09,１勝ｸﾗｽ・牝,23,ダ,1,1700,良,ユウチャファスト  ,牝,4,秋山稔樹,53.0,12,08,0,0,4,999.9,11,0,"----",0,6,6,2,10,0,444,黒岩陽一,美,0,17104309,01181,01133,0121230908,長谷川祐司,チャンピオンズファ,ルーラーシップ,ヤマノアイリー,グラスワンダー,鹿毛,170312,   76.8,  ,    , 0.0
21,08,21,2,札幌,3,09,１勝ｸﾗｽ・牝,23,ダ,1,1700,良,レープハフト      ,牝,3,菱田裕二,52.0,12,09,7,7,0,1.8,6,107.7,"1477",0,5,5,2,1,39.2,462,宮田敬介,美,0,18101988,01144,01175,0121230909,山本剛士,新冠橋本牧場,ルーラーシップ,ジョディーズライン,クロフネ,鹿毛,180326,   14.1,  ,    ,45.3
21,08,21,2,札幌,3,09,１勝ｸﾗｽ・牝,23,ダ,1,1700,良,リュヌドミエル    ,牝,4,坂井瑠星,55.0,12,10,9,9,0,2.7,8,108.6,"1486",0,11,10,12,10,38.6,450,鈴木慎太,美,0,17102910,01163,01179,0121230910,ライオンレースホー,高昭牧場,ゴールドアリュール,クールグレース,フォーティナイナー,栗毛,170422,   35.6,  ,    ,48.9
21,08,21,2,札幌,3,09,１勝ｸﾗｽ・牝,23,ダ,1,1700,良,レッドエステーラ  ,牝,5,藤岡佑介,55.0,12,11,4,4,0,1.4,9,107.3,"1473",0,12,12,10,8,37.8,420,田中克典,栗,110,16104643,01093,01180,0121230911,東京ホースレーシン,ノーザンファーム,ロードカナロア,メテオーリカ,ディープインパクト,鹿毛,160402,   67.4,  ,    ,50.3
21,08,21,2,札幌,3,09,１勝ｸﾗｽ・牝,23,ダ,1,1700,良,ヒューリット      ,牝,3,亀田温心,51.0,12,12,11,11,0,4.7,12,110.6,"1506",0,9,10,11,12,40.9,506,畠山吉宏,美,0,18106134,01176,01048,0121230912,グランデオーナーズ,グランデファーム,ディスクリートキャット,ウィアーワン,アドマイヤジャパン,栗毛,180412,  119.0,  ,    ,43.0
21,08,21,2,札幌,3,10,富良野特･1勝,23,芝,0,2000,良,テリオスヒメ      ,牝,4,古川吉洋,55.0,15,01,15,15,0,2.3,12,123.6,"2036",0,4,3,5,9,37.8,448,田島俊明,美,0,17109019,01015,01112,0121231001,鈴木美江子,今川満良,リアルインパクト,ドリーミングバード,フォーティナイナー,鹿毛,170411,  166.2,  ,    ,47.3
21,08,21,2,札幌,3,10,富良野特･1勝,23,芝,0,2000,良,タイミングハート  ,牡,4,ルメール,57.0,15,02,7,7,0,0.8,1,122.1,"2021",0,13,13,11,12,35.6,454,武幸四郎,栗,0,17105616,05339,01160,0121231002,キーファーズ,ノーザンファーム,ディープインパクト,リッスン,"Sadler's Wells",黒鹿,170304,    2.3,  ,    ,54.1
21,08,21,2,札幌,3,10,富良野特･1勝,23,芝,0,2000,良,ミリタリータンゴ  ,牡,3,泉谷楓真,54.0,15,03,13,13,0,1.9,9,123.2,"2032",0,1,1,1,2,37.9,454,中竹和也,栗,0,18104675,01182,01039,0121231003,社台レースホース,社台ファーム,エイシンフラッシュ,ダンスアミーガ,サクラバクシンオー,黒鹿,180222,   34.3,  ,    ,46.5
21,08,21,2,札幌,3,10,富良野特･1勝,23,芝,0,2000,良,ブルームラッシュ  ,牡,4,団野大成,57.0,15,04,2,2,0,0.3,11,121.6,"2016",0,11,11,9,6,35.4,448,尾関知人,美,420,17104904,01180,01103,0121231004,社台レースホース,社台ファーム,ディープインパクト,ブルーミングアレー,シンボリクリスエス,鹿毛,170324,   76.1,  ,    ,54.4
21,08,21,2,札幌,3,10,富良野特･1勝,23,芝,0,2000,良,マイネルクロンヌ  ,牡,4,黛弘人,57.0,15,05,14,14,0,2,10,123.3,"2033",0,14,14,11,12,36.8,516,青木孝文,美,0,17102952,01109,01156,0121231005,サラブレッドクラブ,小島牧場,オルフェーヴル,ナナヨーティアラ,マイネルラヴ,鹿毛,170304,   66.4,  ,    ,50.7
21,08,21,2,札幌,3,10,富良野特･1勝,23,芝,0,2000,良,テイエムタツマキ  ,牡,3,松田大作,54.0,15,06,9,9,0,0.9,3,122.2,"2022",0,5,5,3,2,36.6,502,武英智,栗,0,18104463,01030,01161,0121231006,竹園正繼,三木田牧場,キズナ,ウィローパドック,クロフネ,青鹿,180303,    6.1,  ,    ,50.2
21,08,21,2,札幌,3,10,富良野特･1勝,23,芝,0,2000,良,ケルンキングダム  ,セ,5,国分恭介,57.0,15,07,1,1,0,-0.3,7,121.3,"2013",0,8,7,7,5,35.3,442,小崎憲,栗,1060,16102113,01124,01085,0121231007,谷和光彦,ひるかわ育成牧場,ローズキングダム,ケルンフラワー,アドマイヤムーン,鹿毛,160506,   22.6,  ,    ,54.4
21,08,21,2,札幌,3,10,富良野特･1勝,23,芝,0,2000,良,ダンスインザスノー,牡,3,菊沢一樹,54.0,15,08,8,8,0,0.9,13,122.2,"2022",0,8,10,11,9,35.7,498,杉山晴紀,栗,0,18100447,01161,01157,0121231008,ライオンレースホー,下河辺牧場,リオンディーズ,ユキノマイ,"Rock of Gibraltar",芦毛,180214,  235.3,  ,    ,53.8
21,08,21,2,札幌,3,10,富良野特･1勝,23,芝,0,2000,良,サトノディーバ    ,牝,3,坂井瑠星,52.0,15,09,10,10,0,1.1,2,122.4,"2024",0,11,11,9,9,36.2,490,矢作芳人,栗,0,18100400,01163,01075,0121231009,里見治,下河辺牧場,ドゥラメンテ,シークレットアセット,"Awesome Again",黒鹿,180406,    3.8,  ,    ,52.1
21,08,21,2,札幌,3,10,富良野特･1勝,23,芝,0,2000,良,マイネルエキサイト,牡,5,横山和生,57.0,15,10,3,3,0,0.4,8,121.7,"2017",0,2,2,2,1,36.3,492,加藤士津,美,270,16105756,01140,01169,0121231010,サラブレッドクラブ,坂本春雄,ブラックタイド,アインライツ,ティンバーカントリー,青鹿,160406,   27.5,  ,    ,50.8
21,08,21,2,札幌,3,10,富良野特･1勝,23,芝,0,2000,良,スリンシンガポール,牝,3,亀田温心,52.0,15,11,12,12,0,1.7,14,123,"2030",0,5,7,14,15,36.4,460,和田雄二,美,0,18102918,01176,01143,0121231011,田島榮二郎,元茂牧場,プリサイスエンド,ステッバイステップ,カリズマティック,黒鹿,180525,  239.4,  ,    ,52.0
21,08,21,2,札幌,3,10,富良野特･1勝,23,芝,0,2000,良,デルマアシュラ    ,牡,3,荻野琢真,54.0,15,12,4,4,0,0.5,4,121.8,"2018",0,5,5,5,6,36,416,友道康夫,栗,160,18104569,01112,01061,0121231012,浅沼廣幸,社台ファーム,ディープインパクト,オンヴェラ,"Smart Strike",青毛,180218,    7.1,  ,    ,52.1
21,08,21,2,札幌,3,10,富良野特･1勝,23,芝,0,2000,良,エンドステージ    ,牡,3,秋山稔樹,54.0,15,13,11,11,0,1.6,15,122.9,"2029",0,14,14,15,14,36,504,菊川正達,美,0,18104303,01181,01052,0121231013,岡田牧雄,藤沢牧場,マクフィ,デュエット,コンデュイット,栗毛,180414,  381.0,  ,    ,53.5
21,08,21,2,札幌,3,10,富良野特･1勝,23,芝,0,2000,良,レッドラトゥール  ,セ,4,吉田隼人,57.0,15,14,6,6,0,0.7,5,122,"2020",0,8,7,7,8,36,482,庄野靖志,栗,0,17104513,01095,01087,0121231014,東京ホースレーシン,社台牧場,ディープインパクト,ディエンティ,"Storm Cat",鹿毛,170408,   16.0,  ,    ,52.4
21,08,21,2,札幌,3,10,富良野特･1勝,23,芝,0,2000,良,マイネルデステリョ,牡,4,丹内祐次,57.0,15,15,5,5,0,0.5,6,121.8,"2018",0,3,3,3,2,36.2,452,畠山吉宏,美,106,17101746,01091,01048,0121231015,サラブレッドクラブ,新冠橋本牧場,エイシンフラッシュ,クインズメンテ,ゼンノロブロイ,黒鹿,170502,   21.5,  ,    ,51.3
21,08,21,2,札幌,3,11,札幌日Ｈ･2勝,43,芝,0,2600,良,ユメノサキ        ,セ,6,丹内祐次,54.0,14,01,6,6,0,0.5,14,161.5,"2415",0,7,8,6,5,35.4,524,新開幸一,美,0,15104412,01091,01116,0121231101,山田広太郎,社台ファーム,ヴィクトワールピサ,ダルシャ,Sakhee,栗毛,150408,  115.7,  ,    ,56.9
21,08,21,2,札幌,3,11,札幌日Ｈ･2勝,43,芝,0,2600,良,ヒシエレガンス    ,牡,4,ルメール,55.0,14,02,11,11,0,1.3,3,162.3,"2423",0,2,2,4,2,36.4,480,堀宣行,美,0,17105238,05339,01070,0121231102,阿部雅英,ノーザンファーム,ハービンジャー,ヴェルザンディ,アグネスタキオン,栗毛,170304,    6.1,  ,    ,53.8
21,08,21,2,札幌,3,11,札幌日Ｈ･2勝,43,芝,0,2600,良,ダルムシュタット  ,セ,4,団野大成,54.0,14,03,10,10,0,0.9,12,161.9,"2419",0,5,5,8,7,35.7,468,栗田徹,美,0,17104818,01180,01127,0121231103,村野康司,社台ファーム,タートルボウル,ダンスオンザルーフ,シンボリクリスエス,鹿毛,170307,   93.3,  ,    ,56.1
21,08,21,2,札幌,3,11,札幌日Ｈ･2勝,43,芝,0,2600,良,エアサージュ      ,牡,3,池添謙一,53.0,14,04,1,1,0,0,2,161,"2410",0,1,1,1,1,35.3,532,池添学,栗,1500,18110137,01032,01144,0121231104,ラッキーフィールド,"Winchester Farm","Point of Entry",Nokaze,"Empire Maker",鹿毛,180401,    4.5,  ,    ,56.8
21,08,21,2,札幌,3,11,札幌日Ｈ･2勝,43,芝,0,2600,良,ウインベイランダー,牡,4,藤岡佑介,55.0,14,05,14,14,0,2.5,8,163.5,"2435",0,2,2,2,10,37.7,500,寺島良,栗,0,17101442,01093,01158,0121231105,ウイン,コスモヴューファー,ゴールドシップ,シュフルール,パントレセレブル,芦毛,170214,   20.9,  ,    ,50.1
21,08,21,2,札幌,3,11,札幌日Ｈ･2勝,43,芝,0,2600,良,ディーグランデ    ,セ,7,勝浦正樹,54.0,14,06,9,9,0,0.9,11,161.9,"2419",0,13,12,10,7,35.6,474,鹿戸雄一,美,0,14104973,01025,01097,0121231106,嶋田賢,服部牧場,ディープインパクト,エルメスティアラ,ブライアンズタイム,鹿毛,140528,   89.8,  ,    ,56.4
21,08,21,2,札幌,3,11,札幌日Ｈ･2勝,43,芝,0,2600,良,フォーラウェイ    ,牡,8,亀田温心,55.0,14,07,2,2,0,0,9,161,"2410",0,9,8,8,2,34.8,452,北出成人,栗,600,13104780,01176,01078,0121231107,フジワラ・ファーム,フジワラフアーム,スズカマンボ,ダイヤモンドクイン,ラムタラ,鹿毛,130318,   57.2,  ,    ,58.8
21,08,21,2,札幌,3,11,札幌日Ｈ･2勝,43,芝,0,2600,良,ラヴィンジャー    ,牝,5,古川吉洋,54.0,14,08,4,4,0,0.4,4,161.4,"2414",0,11,12,13,12,34.9,430,小島茂之,美,230,16105270,01015,01068,0121231108,丸山担,社台ファーム,ハービンジャー,ラブアクチュアリー,ダンスインザダーク,黒鹿,160123,    7.1,  ,    ,58.7
21,08,21,2,札幌,3,11,札幌日Ｈ･2勝,43,芝,0,2600,良,サンシロウ        ,牡,7,菊沢一樹,53.0,14,09,12,12,0,2.1,13,163.1,"2431",0,5,5,6,13,37,506,柄崎孝,美,0,14103367,01161,00380,0121231109,三度屋,辻牧場,ネオユニヴァース,テンイムホウ,ラムタラ,鹿毛,140514,   99.2,  ,    ,52.2
21,08,21,2,札幌,3,11,札幌日Ｈ･2勝,43,芝,0,2600,良,ネオストーリー    ,牡,4,秋山稔樹,54.0,14,10,5,5,0,0.5,6,161.5,"2415",0,7,5,4,2,35.6,474,林徹,美,150,17101525,01181,01163,0121231110,藤澤眞佐子,スカイビーチステー,ハービンジャー,シープシャンクス,ディープインパクト,青鹿,170305,   11.3,  ,    ,56.1
21,08,21,2,札幌,3,11,札幌日Ｈ･2勝,43,芝,0,2600,良,アルバーシャ      ,牡,3,横山武史,53.0,14,11,13,13,0,2.4,1,163.4,"2434",0,4,2,2,5,37.6,506,岡田稲男,栗,0,18100696,01170,01066,0121231111,ゴドルフィン,ダーレー・ジャパン,アドマイヤムーン,ポップアイコン,ダイワメジャー,栗毛,180303,    2.9,  ,    ,50.4
21,08,21,2,札幌,3,11,札幌日Ｈ･2勝,43,芝,0,2600,良,モイ              ,牝,5,吉田隼人,52.0,14,12,7,7,0,0.7,7,161.7,"2417",0,9,10,10,14,35.4,412,畑端省吾,栗,0,16103275,01095,01188,0121231112,"Him Rock Racingホ",タバタファーム,ドリームジャーニー,ステルス,ディープインパクト,黒鹿,160531,   11.7,  ,    ,57.0
21,08,21,2,札幌,3,11,札幌日Ｈ･2勝,43,芝,0,2600,良,ヴァイザー        ,牡,6,菱田裕二,53.0,14,13,3,3,0,0.3,10,161.3,"2413",0,11,10,10,7,34.9,458,高橋亮,栗,380,15104697,01144,01136,0121231113,キャロットファーム,ノーザンファーム,ノヴェリスト,ヴァイスハイト,アドマイヤベガ,黒鹿,150330,   86.5,  ,    ,58.7
21,08,21,2,札幌,3,11,札幌日Ｈ･2勝,43,芝,0,2600,良,オータムヒロイン  ,牝,3,泉谷楓真,51.0,14,14,8,8,0,0.8,5,161.8,"2418",0,13,12,13,10,35.2,466,鮫島一歩,栗,0,18100655,01182,01046,0121231114,ゴドルフィン,ダーレー・ジャパン,スクリーンヒーロー,オータムメロディー,Kingmambo,鹿毛,180225,   10.4,  ,    ,57.9
21,08,21,2,札幌,3,12,千歳特別･1勝,23,芝,0,1500,良,ブエナベントゥーラ,牡,3,ルメール,54.0,14,01,3,3,0,0.4,2,89.7,"1297",0,0,3,3,3,34.8,524,堀宣行,美,270,18105232,05339,01070,0121231201,サンデーレーシング,ノーザンファーム,モーリス,ブエナビスタ,スペシャルウィーク,栗毛,180219,    3.5,  ,    ,55.2
21,08,21,2,札幌,3,12,千歳特別･1勝,23,芝,0,1500,良,ディープリッチ    ,牡,3,泉谷楓真,54.0,14,02,4,4,0,0.5,4,89.8,"1298",0,0,7,5,6,34.7,496,小島茂之,美,160,18105157,01182,01068,0121231202,宇田豊,ノーザンファーム,ディープブリランテ,デビルズコーナー,Songandaprayer,黒鹿,180219,   11.5,  ,    ,55.9
21,08,21,2,札幌,3,12,千歳特別･1勝,23,芝,0,1500,良,セイウンダイモス  ,牡,3,松田大作,54.0,14,03,11,11,0,0.9,5,90.2,"1302",0,0,5,5,6,35.2,482,和田勇介,美,0,18103997,01030,01165,0121231203,西山茂行,棚川光男,ローエングリン,ソルシエトウショウ,マーベラスサンデー,栗毛,180505,   14.0,  ,    ,54.2
21,08,21,2,札幌,3,12,千歳特別･1勝,23,芝,0,1500,良,アルママ          ,牡,5,丹内祐次,57.0,14,04,1,1,0,-0.2,1,89.3,"1293",0,0,1,1,1,34.6,470,畠山吉宏,美,1060,16106022,01091,01048,0121231204,ビッグレッドファー,千代田牧場,オルフェーヴル,ホエールキャプチャ,クロフネ,芦毛,160428,    2.9,  ,    ,55.4
21,08,21,2,札幌,3,12,千歳特別･1勝,23,芝,0,1500,良,エイボンクリフ    ,牝,3,加藤祥太,52.0,14,05,9,9,0,0.8,13,90.1,"1301",0,0,10,8,8,34.8,418,庄野靖志,栗,0,18105391,01156,01087,0121231205,吉田勝己,ノーザンファーム,ハービンジャー,ローズマンブリッジ,ディープインパクト,鹿毛,180302,  149.2,  ,    ,55.9
21,08,21,2,札幌,3,12,千歳特別･1勝,23,芝,0,1500,良,ラピカズマ        ,牡,3,横山和生,54.0,14,06,10,10,0,0.9,8,90.2,"1302",0,0,11,11,11,34.2,478,安田隆行,栗,0,18105357,01140,00438,0121231206,吉田和美,ノーザンファーム,キンシャサノキセキ,レイズアンドコール,サクラバクシンオー,黒鹿,180313,   39.3,  ,    ,59.2
21,08,21,2,札幌,3,12,千歳特別･1勝,23,芝,0,1500,良,モメントグスタール,セ,3,亀田温心,54.0,14,07,8,8,0,0.8,9,90.1,"1301",0,0,7,8,8,34.8,460,高木登,美,0,18106411,01176,01088,0121231207,ディアレストクラブ,中脇満,ハービンジャー,ハーモニーフェア,シンボリクリスエス,鹿毛,180427,   63.6,  ,    ,55.9
21,08,21,2,札幌,3,12,千歳特別･1勝,23,芝,0,1500,良,ユヌエトワール    ,牝,4,坂井瑠星,55.0,14,08,5,5,0,0.6,11,89.9,"1299",0,0,9,10,10,34.2,420,小手川準,美,106,17104850,01163,01171,0121231208,社台レースホース,社台ファーム,スピルバーグ,ノーブルステラ,Monsun,黒鹿,170207,   75.7,  ,    ,58.6
21,08,21,2,札幌,3,12,千歳特別･1勝,23,芝,0,1500,良,レーヴドゥラプレリ,牝,3,横山武史,52.0,14,09,2,2,0,0.2,3,89.5,"1295",0,0,2,2,2,34.7,464,宮田敬介,美,420,18105373,01170,01175,0121231209,吉田勝己,ノーザンファーム,モーリス,レーヴデトワール,ゼンノロブロイ,鹿毛,180409,    3.7,  ,    ,55.3
21,08,21,2,札幌,3,12,千歳特別･1勝,23,芝,0,1500,良,ジェラペッシュ    ,牝,4,黛弘人,55.0,14,10,13,13,0,1.6,10,90.9,"1309",0,0,12,12,13,34.8,446,尾関知人,美,0,17105940,01109,01103,0121231210,柴田洋一,鎌田正嗣,ワールドエース,ピーチフィズ,スウェプトオーヴァーボード,鹿毛,170305,   72.1,  ,    ,57.5
21,08,21,2,札幌,3,12,千歳特別･1勝,23,芝,0,1500,良,レゾンドゥスリール,牡,3,吉田隼人,54.0,14,11,7,7,0,0.7,6,90,"1300",0,0,3,3,3,35.1,454,須貝尚介,栗,0,18105392,01095,01105,0121231211,シルクレーシング,ノーザンファーム,ハーツクライ,ローブティサージュ,ウォーエンブレム,黒鹿,180118,   14.0,  ,    ,54.3
21,08,21,2,札幌,3,12,千歳特別･1勝,23,芝,0,1500,良,ナタラディーヴァ  ,牝,5,菱田裕二,55.0,14,12,0,0,1,999.9,0,0,"----",0,0,0,0,0,0,0,武藤善則,美,0,16106030,01144,01064,0121231212,加藤裕司,千代田牧場,ブラックタイド,ミラクルガール,ロックオブジブラルタル,黒鹿,160306,    0.0,  ,    , 0.0
21,08,21,2,札幌,3,12,千歳特別･1勝,23,芝,0,1500,良,ドリアード        ,牝,3,団野大成,52.0,14,13,6,6,0,0.7,7,90,"1300",0,0,5,5,3,35,466,佐々木晶,栗,0,18106425,01180,00429,0121231213,ヒダカ・ブリーダー,日進牧場,キズナ,ナイアード,ワイルドラッシュ,青鹿,180501,   20.1,  ,    ,54.8
21,08,21,2,札幌,3,12,千歳特別･1勝,23,芝,0,1500,良,ライクマジック    ,牝,3,古川吉洋,52.0,14,14,12,12,0,1.3,12,90.6,"1306",0,0,12,13,11,34.4,426,上村洋行,栗,0,18100438,01015,01168,0121231214,下河辺隆行,下河辺牧場,ダノンレジェンド,マジカルシェイプ,"Street Cry",黒鹿,180214,  125.0,  ,    ,58.9
21,08,22,2,札幌,4,01,未勝利*,7,芝,0,1500,良,ジョブックフィオリ,牝,2,山田敬士,52.0,13,01,11,11,0,0.9,11,92.5,"1325",0,0,7,6,7,36,430,小桧山悟,美,0,19105695,01173,01005,0121240101,萩本企画,池田スタッド,ルーラーシップ,カルトマリーヌ,クロフネ,鹿毛,190511,  134.9,  ,    ,54.6
21,08,22,2,札幌,4,01,未勝利*,7,芝,0,1500,良,イエヴァンポルッカ,牡,2,坂井瑠星,54.0,13,02,1,1,0,-0.2,3,91.6,"1316",0,0,11,10,11,34.8,470,伊藤圭三,美,510,19103427,01163,01023,0121240102,ライオンレースホー,浦河日成牧場,キズナ,クインポルカ,タニノギムレット,芦毛,190426,    3.9,  ,    ,58.8
21,08,22,2,札幌,4,01,未勝利*,7,芝,0,1500,良,アポロリヤム      ,牡,2,横山武史,54.0,13,03,12,12,0,1.4,1,93,"1330",0,0,11,10,10,36.2,446,鈴木伸尋,美,0,19101263,01170,01026,0121240103,中村伊三美,天羽禮治,キンシャサノキセキ,アポロジャスミン,"Saint Liam",青毛,190312,    3.5,  ,    ,54.6
21,08,22,2,札幌,4,01,未勝利*,7,芝,0,1500,良,キントリヒ        ,牡,2,泉谷楓真,53.0,13,04,9,9,0,0.6,7,92.2,"1322",0,0,13,13,12,35.1,450,矢野英一,美,0,19103885,01182,01108,0121240104,Gリビエール・レー,ディアレストクラブ,ゴールドシップ,デヴェロッペ,ボストンハーバー,芦毛,190408,   22.5,  ,    ,58.5
21,08,22,2,札幌,4,01,未勝利*,7,芝,0,1500,良,エクセトラ        ,牡,2,団野大成,54.0,13,05,5,5,0,0.4,5,92,"1320",0,0,8,8,7,35.4,500,吉村圭司,栗,51,19110031,01180,01130,0121240105,ゴドルフィン,"Middle Club Team","Exceed And Excel","Middle Club","Fantastic Light",鹿毛,190316,   10.8,  ,    ,56.6
21,08,22,2,札幌,4,01,未勝利*,7,芝,0,1500,良,オクシデンタル    ,牡,2,吉田隼人,54.0,13,06,10,10,0,0.6,8,92.2,"1322",0,0,3,3,3,36,502,加藤征弘,美,0,19106606,01095,01059,0121240106,平田修,フジワラフアーム,"No Nay Never",リトルシャンブルズ,Shamardal,栗毛,190411,   43.2,  ,    ,54.1
21,08,22,2,札幌,4,01,未勝利*,7,芝,0,1500,良,クリエースト      ,牝,2,加藤祥太,54.0,13,07,13,13,0,2.5,12,94.1,"1341",0,0,8,10,13,37.3,450,杉山晴紀,栗,0,19101302,01156,01157,0121240107,永山勝敏,荒井ファーム,ジャスタウェイ,マイネレーヌ,マイネルラヴ,黒鹿,190424,  251.3,  ,    ,51.5
21,08,22,2,札幌,4,01,未勝利*,7,芝,0,1500,良,テイエムケントオー,牡,2,秋山稔樹,52.0,13,08,2,2,0,0.2,9,91.8,"1318",0,0,3,3,3,35.6,446,五十嵐忠,栗,200,19106660,01181,00422,0121240108,竹園正繼,北海道静内農業高等,マクフィ,マドリガルスコア,ダンスインザダーク,鹿毛,190525,   44.7,  ,    ,55.2
21,08,22,2,札幌,4,01,未勝利*,7,芝,0,1500,良,シュシュエラブル  ,牝,2,小林凌大,51.0,13,09,6,6,0,0.4,10,92,"1320",0,0,1,1,1,36.1,438,田村康仁,美,0,19103404,01177,01027,0121240109,山口裕介,阿波屋ファーム,エピファネイア,アグネスメープル,アグネスタキオン,栗毛,190325,  101.0,  ,    ,53.2
21,08,22,2,札幌,4,01,未勝利*,7,芝,0,1500,良,チャオベッラ      ,牝,2,小沢大仁,51.0,13,10,7,7,0,0.5,6,92.1,"1321",0,0,5,5,5,35.8,450,西村真幸,栗,0,19104903,01185,01148,0121240110,吉田千津,社台ファーム,ハービンジャー,ベラフォレスタ,ゼンノロブロイ,鹿毛,190316,   19.3,  ,    ,54.8
21,08,22,2,札幌,4,01,未勝利*,7,芝,0,1500,良,ナバロン          ,牡,2,菱田裕二,54.0,13,11,4,4,0,0.3,4,91.9,"1319",0,0,2,2,2,35.8,484,杉山佳明,栗,77,19102456,01144,01178,0121240111,大島牧場,大島牧場,ブラックタイド,シシャモチャン,サクラバクシンオー,鹿毛,190425,    9.9,  ,    ,54.5
21,08,22,2,札幌,4,01,未勝利*,7,芝,0,1500,良,グランジャンブ    ,牡,2,黛弘人,54.0,13,12,8,8,0,0.6,13,92.2,"1322",0,0,8,8,7,35.6,474,鈴木慎太,美,0,19109029,01109,01179,0121240112,コスモヴューファー,風ノ丘ファーム,ビッグアーサー,ソトーグラシオ,アグネスタキオン,鹿毛,190321,  286.4,  ,    ,56.0
21,08,22,2,札幌,4,01,未勝利*,7,芝,0,1500,良,シーヴィクセン    ,牝,2,ルメール,54.0,13,13,3,3,0,0.2,2,91.8,"1318",0,0,5,6,5,35.4,474,藤沢和雄,美,130,19110111,05339,00386,0121240113,長谷川祐司,"Breeze Easy LLC","Into Mischief","Sly Warrior","First Samurai",鹿毛,190205,    3.5,  ,    ,56.2
21,08,22,2,札幌,4,02,未勝利,7,ダ,1,1000,良,モンサンレックス  ,牡,3,松田大作,56.0,12,01,5,5,0,0.7,8,60.8,"1008",0,0,0,10,11,36,494,牧光二,美,51,18100446,01030,01106,0121240201,山下新一,下河辺牧場,スマートファルコン,モンサンアルビレオ,シニスターミニスター,栗毛,180310,   37.1,  ,    ,53.3
21,08,22,2,札幌,4,02,未勝利,7,ダ,1,1000,良,ライズンシャイン  ,牝,3,菱田裕二,54.0,12,02,4,4,0,0.6,11,60.7,"1007",0,0,0,11,10,35.7,506,岡田稲男,栗,77,18100421,01144,01066,0121240202,下河辺牧場,下河辺牧場,ジャスタウェイ,パッションローズ,アフリート,栗毛,180215,  105.0,  ,    ,55.0
21,08,22,2,札幌,4,02,未勝利,7,ダ,1,1000,良,スリーモーリス    ,牡,3,岩田康誠,56.0,12,03,10,10,0,1.4,1,61.5,"1015",0,0,0,7,7,37.1,534,橋田満,栗,0,18106347,05203,00362,0121240203,永井商事,辻牧場,モーリス,スリーベラミ,ディープインパクト,鹿毛,180305,    2.2,  ,    ,48.7
21,08,22,2,札幌,4,02,未勝利,7,ダ,1,1000,良,アクチュアリー    ,牝,3,秋山稔樹,52.0,12,04,12,12,0,3,7,63.1,"1031",0,0,0,3,4,38.9,468,武井亮,美,0,18102187,01181,01147,0121240204,石瀬浩三,プログレスファーム,ジョーカプチーノ,インシスト,シンボリクリスエス,芦毛,180329,   23.2,  ,    ,43.3
21,08,22,2,札幌,4,02,未勝利,7,ダ,1,1000,良,ランペロニキ      ,牡,3,坂井瑠星,56.0,12,05,6,6,0,0.8,4,60.9,"1009",0,0,0,8,7,36.4,516,矢作芳人,栗,0,18105812,01163,01075,0121240205,リーヴァ,レイクヴィラファー,キンシャサノキセキ,チェルカ,クロフネ,鹿毛,180507,    7.8,  ,    ,51.0
21,08,22,2,札幌,4,02,未勝利,7,ダ,1,1000,良,パイナ            ,牝,3,団野大成,54.0,12,06,8,8,0,1,5,61.1,"1011",0,0,0,5,4,36.8,454,高橋文雅,美,0,18102301,01180,01134,0121240206,佐久間拓士,村上欽哉,ディープブリランテ,リトゥルスター,アグネスワールド,鹿毛,180404,   14.5,  ,    ,49.0
21,08,22,2,札幌,4,02,未勝利,7,ダ,1,1000,良,キタノエンディング,牡,3,山田敬士,54.0,12,07,9,9,0,1.3,12,61.4,"1014",0,0,0,11,12,36.3,442,石栗龍彦,美,0,18104026,01173,01043,0121240207,北所直人,谷岡牧場,コパノリチャード,ピカンチラヴ,ネオユニヴァース,鹿毛,180224,  209.4,  ,    ,53.7
21,08,22,2,札幌,4,02,未勝利,7,ダ,1,1000,良,スターリーソング  ,牝,3,池添謙一,54.0,12,08,11,11,0,1.7,10,61.8,"1018",0,0,0,5,7,37.5,438,高柳大輔,栗,0,18103698,01032,01159,0121240208,広尾レース,金球美,エスポワールシチー,ウディバードソング,Woodman,鹿毛,180326,   77.9,  ,    ,47.2
21,08,22,2,札幌,4,02,未勝利,7,ダ,1,1000,良,スペシャリティ    ,牝,3,泉谷楓真,53.0,12,09,2,2,0,0.1,6,60.2,"1002",0,0,0,8,4,35.7,414,坂口智康,栗,200,18102592,01182,01170,0121240209,中村智幸,ケイアイファーム,キンシャサノキセキ,パッソ,キングカメハメハ,青鹿,180315,   15.1,  ,    ,52.9
21,08,22,2,札幌,4,02,未勝利,7,ダ,1,1000,良,アイヴォリーアイ  ,牝,3,吉田隼人,54.0,12,10,1,1,0,-0.1,3,60.1,"1001",0,0,0,3,2,36,486,坂口智康,栗,510,18100813,01095,01170,0121240210,京都ホースレーシン,ナカノファーム,エイシンヒカリ,アデュラリア,クロフネ,芦毛,180401,    5.1,  ,    ,50.4
21,08,22,2,札幌,4,02,未勝利,7,ダ,1,1000,良,ドクタースキル    ,牝,3,菊沢一樹,54.0,12,11,3,3,0,0.3,2,60.4,"1004",0,0,0,2,1,36.4,474,菊沢隆徳,美,130,18106479,01161,01115,0121240211,松岡悟,松田牧場,リオンディーズ,スマートシャワー,アグネスタキオン,鹿毛,180206,    4.3,  ,    ,48.9
21,08,22,2,札幌,4,02,未勝利,7,ダ,1,1000,良,スプリングローズ  ,牝,3,古川吉洋,54.0,12,12,7,7,0,0.8,9,60.9,"1009",0,0,0,1,2,37,430,木原一良,栗,0,18106007,01015,01033,0121240212,山内邦一,岡本昌市,フェノーメノ,カリズマ,アドマイヤムーン,青鹿,180329,   40.5,  ,    ,46.9
21,08,22,2,札幌,4,03,未勝利,7,ダ,1,1700,良,ナムラハカ        ,牡,3,泉谷楓真,55.0,14,01,9,9,0,4.2,6,111.5,"1515",0,1,1,1,6,43.3,472,大橋勇樹,栗,0,18103015,01182,01065,0121240301,奈村睦弘,王蔵牧場,ベルシャザール,ナムララピス,キングヘイロー,黒鹿,180512,   12.5,  ,    ,35.9
21,08,22,2,札幌,4,03,未勝利,7,ダ,1,1700,良,アミラルレジェンド,牡,3,横山武史,56.0,14,02,13,13,0,6,8,113.3,"1533",0,7,7,7,11,44.2,508,伊藤圭三,美,0,18104514,01170,01023,0121240302,吉田照哉,社台ファーム,クロフネ,アムールレジェンド,ディープインパクト,黒鹿,180510,   20.3,  ,    ,35.3
21,08,22,2,札幌,4,03,未勝利,7,ダ,1,1700,良,シャークウォーニン,牡,3,原田和真,56.0,14,03,6,6,0,1.1,10,108.4,"1484",0,10,10,9,7,38.9,468,小桧山悟,美,0,18100349,01143,01005,0121240303,井上久光,サンバマウンテンフ,ダノンシャーク,サワキック,アグネスデジタル,鹿毛,180528,   33.1,  ,    ,47.5
21,08,22,2,札幌,4,03,未勝利,7,ダ,1,1700,良,サクセスザブーン  ,牡,3,国分恭介,56.0,14,04,11,11,0,4.9,7,112.2,"1522",0,4,4,4,8,43.6,462,野中賢二,栗,0,18101350,01124,01098,0121240304,タカシマ,坂東牧場,ルーラーシップ,サクセスフィリア,ディープインパクト,鹿毛,180425,   14.6,  ,    ,35.8
21,08,22,2,札幌,4,03,未勝利,7,ダ,1,1700,良,ホッコーマイサン  ,牡,3,菱田裕二,56.0,14,05,5,5,0,0.7,5,108,"1480",0,4,4,4,3,39.4,498,松永康利,美,51,18103146,01144,01093,0121240305,北幸商事,高昭牧場,ホッコータルマエ,ホッコーヴァール,スタチューオブリバティ,鹿毛,180414,   12.2,  ,    ,45.0
21,08,22,2,札幌,4,03,未勝利,7,ダ,1,1700,良,ゲットアップ      ,セ,3,松田大作,56.0,14,06,1,1,0,0,1,107.3,"1473",0,2,2,2,1,39,476,牧光二,美,510,18100720,01030,01106,0121240306,ニッシンホールディ,チャンピオンズファ,ルーラーシップ,ソフトライム,フジキセキ,黒鹿,180206,    3.1,  ,    ,45.5
21,08,22,2,札幌,4,03,未勝利,7,ダ,1,1700,良,デルマバサラ      ,牡,3,荻野琢真,56.0,14,07,8,8,0,2.2,13,109.5,"1495",0,13,12,13,8,39.2,484,牧田和弥,栗,0,18104274,01112,01123,0121240307,浅沼廣幸,原弘之,ロージズインメイ,サフラントウショウ,ラムタラ,栗毛,180430,  162.0,  ,    ,47.8
21,08,22,2,札幌,4,03,未勝利,7,ダ,1,1700,良,セブンデイズ      ,牡,3,黛弘人,56.0,14,08,2,2,0,0,2,107.3,"1473",0,9,9,7,3,38.3,486,田中博康,美,200,18105605,01109,01162,0121240308,前迫義幸,上水牧場,ラブリーデイ,ウインガイア,"Broken Vow",青鹿,180313,    3.6,  ,    ,48.3
21,08,22,2,札幌,4,03,未勝利,7,ダ,1,1700,良,ジョイアスチャント,牡,3,岩田康誠,56.0,14,09,14,14,0,8,4,115.3,"1553",0,12,12,12,12,45.2,538,藤原英昭,栗,0,18110014,05203,01055,0121240309,ゴドルフィン,"Teneri Farm Bernar","Kitten's Joy","Sweet Chant","Distorted Humor",栗毛,180324,   10.7,  ,    ,34.6
21,08,22,2,札幌,4,03,未勝利,7,ダ,1,1700,良,メモリーエアシップ,牡,3,池添謙一,56.0,14,10,4,4,0,0.7,3,108,"1480",0,7,7,4,3,39.4,458,池添兼雄,栗,77,18103232,01032,01021,0121240310,シンザンクラブ,大北牧場,キンシャサノキセキ,メモリーキャップ,キャプテンスティーヴ,鹿毛,180218,    5.5,  ,    ,45.0
21,08,22,2,札幌,4,03,未勝利,7,ダ,1,1700,良,ニシノカムイ      ,牡,3,勝浦正樹,56.0,14,11,10,10,0,4.3,12,111.6,"1516",0,14,14,14,14,41,454,宮本博,栗,0,18102659,01025,01073,0121240311,西山茂行,田上徹,ドゥラメンテ,レッドアシェット,ダイワメジャー,鹿毛,180127,  106.9,  ,    ,43.9
21,08,22,2,札幌,4,03,未勝利,7,ダ,1,1700,良,サンエルサ        ,牝,3,山田敬士,52.0,14,12,12,12,0,5.3,14,112.6,"1526",0,4,6,9,12,43.1,396,高橋裕,美,0,18100064,01173,00412,0121240312,諸岡慶,新井弘幸,トーセンホマレボシ,イーサンラヴ,マイネルラヴ,青鹿,180315,  261.8,  ,    ,38.0
21,08,22,2,札幌,4,03,未勝利,7,ダ,1,1700,良,サトミノヒカリ    ,牝,3,小林凌大,51.0,14,13,7,7,0,1.3,11,108.6,"1486",0,10,11,11,8,38.8,454,鈴木伸尋,美,0,18106439,01177,01026,0121240313,田代洋己,日本中央競馬会日高,エスケンデレヤ,ビューティコマンダ,コマンダーインチーフ,黒鹿,180313,   68.4,  ,    ,48.1
21,08,22,2,札幌,4,03,未勝利,7,ダ,1,1700,良,リツィタル        ,牝,3,小沢大仁,51.0,14,14,3,3,0,0.4,9,107.7,"1477",0,3,3,2,2,39.3,396,牧田和弥,栗,130,18101134,01185,01123,0121240314,永田和彦,森永牧場,ミッキーアイル,ザッハトルテ,クロフネ,栗毛,180310,   25.2,  ,    ,44.9
21,08,22,2,札幌,4,04,未勝利,7,芝,0,2600,良,アメリカンマッハ  ,牡,3,ルメール,56.0,14,01,4,4,0,0.4,1,163.4,"2434",0,3,3,4,3,36.1,494,藤岡健一,栗,77,18110133,05339,01062,0121240401,吉澤ホールディング,"Kenneth L. Ramsey","Kitten's Joy","Cat On a Tin Roof",Catienus,鹿毛,180310,    1.9,  ,    ,55.8
21,08,22,2,札幌,4,04,未勝利,7,芝,0,2600,良,コンフィアンス    ,牝,3,西谷凜,51.0,14,02,2,2,0,0,8,163,"2430",0,6,6,5,3,35.4,452,戸田博文,美,200,18103066,01189,01054,0121240402,京都ホースレーシン,上山牧場,キズナ,アルマシャウラ,アドマイヤムーン,鹿毛,180316,   40.3,  ,    ,58.1
21,08,22,2,札幌,4,04,未勝利,7,芝,0,2600,良,ガガク            ,牝,3,小沢大仁,51.0,14,03,11,11,0,1.5,14,164.5,"2445",0,3,5,5,9,36.9,430,辻哲英,美,0,18101854,01185,01182,0121240403,ノルマンディーサラ,飛渡牧場,スクリーンヒーロー,シンメイミヤビ,Langfuhr,黒鹿,180311,  135.3,  ,    ,53.7
21,08,22,2,札幌,4,04,未勝利,7,芝,0,2600,良,ブリングトゥライフ,牝,3,吉田隼人,54.0,14,04,3,3,0,0.3,3,163.3,"2433",0,3,3,3,2,36.1,476,畑端省吾,栗,130,18105398,01095,01188,0121240404,G1レーシング,追分ファーム,ハービンジャー,アニマトゥール,ホワイトマズル,鹿毛,180215,    7.6,  ,    ,55.7
21,08,22,2,札幌,4,04,未勝利,7,芝,0,2600,良,アイドゥ          ,牝,3,古川吉洋,54.0,14,05,10,10,0,1.4,5,164.4,"2444",0,8,9,10,8,36.5,458,村山明,栗,0,18104027,01015,01107,0121240405,谷岡牧場,谷岡牧場,ブラックタイド,ブリリアントスター,"Storm Cat",黒鹿,180325,   16.9,  ,    ,55.1
21,08,22,2,札幌,4,04,未勝利,7,芝,0,2600,良,マリアッチ        ,牡,3,菊沢一樹,56.0,14,06,8,8,0,1.3,12,164.3,"2443",0,11,11,10,11,36.3,468,中野栄治,美,0,18103690,01161,01010,0121240406,内藤好江,キヨタケ牧場,ワールドエース,ゲラウトマイウエイ,スキャターザゴールド,鹿毛,180407,  115.0,  ,    ,55.8
21,08,22,2,札幌,4,04,未勝利,7,芝,0,2600,良,ゲンパチムサシ    ,牡,3,川田将雅,56.0,14,07,1,1,0,0,2,163,"2430",0,10,8,9,6,35.3,488,佐々木晶,栗,510,18102832,01088,00429,0121240407,平野武志,前田ファーム,ドゥラメンテ,ティアランドール,"Action This Day",鹿毛,180412,    3.4,  ,    ,58.5
21,08,22,2,札幌,4,04,未勝利,7,芝,0,2600,良,ブラックアリエス  ,セ,3,菱田裕二,56.0,14,08,14,14,0,2.8,11,165.8,"2458",0,13,13,13,14,37.5,484,平田修,栗,0,18105211,01144,01082,0121240408,キャロットファーム,ノーザンファーム,カレンブラックヒル,ピンクアリエス,キングカメハメハ,鹿毛,180407,   63.6,  ,    ,52.6
21,08,22,2,札幌,4,04,未勝利,7,芝,0,2600,良,ヒーズオールザット,セ,3,岩田康誠,56.0,14,09,12,12,0,2.6,9,165.6,"2456",0,1,1,1,3,38.6,526,藤原英昭,栗,0,18105072,05203,01055,0121240409,シルクレーシング,ノーザンファーム,ブラックタイド,シーイズトウショウ,サクラバクシンオー,黒鹿,180421,   57.8,  ,    ,48.7
21,08,22,2,札幌,4,04,未勝利,7,芝,0,2600,良,バケル            ,牡,3,団野大成,56.0,14,10,9,9,0,1.3,10,164.3,"2443",0,2,2,2,1,37.2,498,平田修,栗,0,18101597,01180,01082,0121240410,ケーエスHD,小泉牧場,フェノーメノ,プラントパラダイス,パラダイスクリーク,青鹿,180506,   59.5,  ,    ,52.5
21,08,22,2,札幌,4,04,未勝利,7,芝,0,2600,良,テイエムカチドキ  ,牡,3,国分恭介,56.0,14,11,13,13,0,2.6,13,165.6,"2456",0,14,14,13,13,37.3,460,坂口智康,栗,0,18105599,01124,01170,0121240411,竹園正繼,市川牧場,ルーラーシップ,リスキーディール,ネオユニヴァース,黒鹿,180219,  124.9,  ,    ,53.2
21,08,22,2,札幌,4,04,未勝利,7,芝,0,2600,良,プリエール        ,牝,3,坂井瑠星,54.0,14,12,5,5,0,0.7,6,163.7,"2437",0,6,6,5,6,36.2,420,吉田直弘,栗,51,18103059,01163,01101,0121240412,水上行雄,笠松牧場,モーリス,プリオバーン,Galileo,鹿毛,180202,   27.1,  ,    ,55.7
21,08,22,2,札幌,4,04,未勝利,7,芝,0,2600,良,リーゼントジャンボ,牡,3,黛弘人,56.0,14,13,7,7,0,1.1,7,164.1,"2441",0,12,11,10,11,36.1,534,矢作芳人,栗,0,18104268,01109,01075,0121240413,三浦大輔,服部牧場,ゴールドシップ,レディインディ,"A.P. Indy",芦毛,180310,   37.9,  ,    ,56.4
21,08,22,2,札幌,4,04,未勝利,7,芝,0,2600,良,ルリアンシップ    ,牝,3,泉谷楓真,53.0,14,14,6,6,0,0.9,4,163.9,"2439",0,8,9,5,9,36.3,420,稲垣幸雄,美,0,18100459,01182,01167,0121240414,下河辺牧場,下河辺牧場,ゴールドシップ,ローマンブリッジ,ブライアンズタイム,芦毛,180306,   10.8,  ,    ,55.5
21,08,22,2,札幌,4,05,新馬,15,芝,0,1800,良,ダンツアクア      ,牝,2,菱田裕二,54.0,9,01,9,9,0,3.3,7,114.9,"1549",0,7,7,7,9,38.1,482,谷潔,栗,0,19104115,01144,00431,0121240501,山元哲二,宮内牧場,モーリス,スマッシュ,キングカメハメハ,栗毛,190402,   62.2,  ,    ,50.8
21,08,22,2,札幌,4,05,新馬,15,芝,0,1800,良,ベルマレット      ,牝,2,坂井瑠星,54.0,9,02,5,5,0,0.5,3,112.1,"1521",0,1,1,1,1,35.8,444,矢作芳人,栗,70,19110005,01163,01075,0121240502,シルクレーシング,"Northern Racing",Ribchester,"I'm Yours","Invincible Spirit",黒鹿,190330,    8.9,  ,    ,56.6
21,08,22,2,札幌,4,05,新馬,15,芝,0,1800,良,ハイコースト      ,牡,2,横山武史,54.0,9,03,6,6,0,1,6,112.6,"1526",0,8,8,9,6,35.5,484,今野貞一,栗,0,19104960,01170,01128,0121240503,谷掛龍夫,社台ファーム,ハービンジャー,レッドオーラム,ダイワメジャー,鹿毛,190222,   28.5,  ,    ,58.6
21,08,22,2,札幌,4,05,新馬,15,芝,0,1800,良,スカイフォール    ,牡,2,横山典弘,54.0,9,04,1,1,0,-0.1,4,111.6,"1516",0,4,3,4,3,35.1,466,昆貢,栗,700,19105159,00660,01044,0121240504,NICKS,ノーザンファーム,キングカメハメハ,ギーニョ,サンデーサイレンス,鹿毛,190318,   10.4,  ,    ,59.0
21,08,22,2,札幌,4,05,新馬,15,芝,0,1800,良,レッドランメルト  ,牡,2,川田将雅,54.0,9,05,3,3,0,0.2,1,111.8,"1518",0,4,5,5,3,35.2,506,国枝栄,美,180,19104981,01088,00399,0121240505,東京ホースレーシン,社台牧場,ディープインパクト,クイーンズアドヴァイス,Orpen,鹿毛,190129,    1.5,  ,    ,58.8
21,08,22,2,札幌,4,05,新馬,15,芝,0,1800,良,テーオーロワ      ,牡,2,泉谷楓真,53.0,9,06,8,8,0,3.2,9,114.8,"1548",0,2,2,2,6,38.4,484,浜田多実,栗,0,19102323,01182,01138,0121240506,小笹公也,ヤナガワ牧場,ラブリーデイ,セイリングデイ,ブラックタイド,鹿毛,190430,   87.6,  ,    ,49.5
21,08,22,2,札幌,4,05,新馬,15,芝,0,1800,良,バーニングサン    ,牡,2,荻野琢真,54.0,9,07,7,7,0,1.1,8,112.7,"1527",0,9,9,7,6,35.8,454,小林真也,栗,0,19102644,01112,01185,0121240507,長谷川光司,鮫川フアーム,フェノーメノ,プリティホワイト,クロフネ,芦毛,190510,   79.4,  ,    ,57.4
21,08,22,2,札幌,4,05,新馬,15,芝,0,1800,良,メイケイバートン  ,牡,2,吉田隼人,54.0,9,08,2,2,0,0.1,5,111.7,"1517",0,2,3,2,2,35.3,458,中竹和也,栗,280,19104818,01095,01039,0121240508,名古屋競馬,社台ファーム,ミッキーアイル,テイラーバートン,ジャングルポケット,黒鹿,190328,   13.2,  ,    ,58.2
21,08,22,2,札幌,4,05,新馬,15,芝,0,1800,良,ハリウッドフェーム,牡,2,ルメール,54.0,9,09,4,4,0,0.2,2,111.8,"1518",0,6,5,5,3,35.2,524,栗田徹,美,110,19103364,05339,01127,0121240509,スリーエイチレーシ,山際牧場,モーリス,ミルクトーレル,ダンスインザダーク,黒鹿,190413,    4.4,  ,    ,58.8
21,08,22,2,札幌,4,06,１勝ｸﾗｽ,23,ダ,1,2400,良,アシェットデセール,牡,4,ルメール,57.0,12,01,10,10,0,5.2,3,160.7,"2407",0,12,12,12,12,41.5,494,小島茂之,美,0,17105122,05339,01068,0121240601,キャロットファーム,社台コーポレーショ,ルーラーシップ,ドルチェリモーネ,サンデーサイレンス,青鹿,170122,    5.1,  ,    ,45.7
21,08,22,2,札幌,4,06,１勝ｸﾗｽ,23,ダ,1,2400,良,イッツオーライト  ,セ,4,秋山稔樹,55.0,12,02,9,9,0,2.6,12,158.1,"2381",0,10,8,9,8,40.7,468,竹内正洋,美,0,17100300,01181,01152,0121240602,田島榮二郎,坂牧場,キングヘイロー,ハイマーク,マヤノトップガン,栗毛,170323,  184.1,  ,    ,46.2
21,08,22,2,札幌,4,06,１勝ｸﾗｽ,23,ダ,1,2400,良,プルミエロール    ,牡,3,泉谷楓真,53.0,12,03,7,7,0,2.5,8,158,"2380",0,9,8,9,8,40.6,496,寺島良,栗,0,18104658,01182,01158,0121240603,キャロットファーム,社台ファーム,スクリーンヒーロー,センシュアルドレス,アグネスタキオン,青鹿,180218,   31.1,  ,    ,46.4
21,08,22,2,札幌,4,06,１勝ｸﾗｽ,23,ダ,1,2400,良,スパークインザアイ,セ,4,岩田康誠,57.0,12,04,12,12,0,7,10,162.5,"2425",0,6,6,5,7,45.6,460,小島茂之,美,0,17105392,05203,01068,0121240604,西見徹也,ノーザンファーム,ルーラーシップ,スパークオンアイス,シンボリクリスエス,鹿毛,170509,   80.9,  ,    ,35.5
21,08,22,2,札幌,4,06,１勝ｸﾗｽ,23,ダ,1,2400,良,ウインググランダー,牡,5,西谷凜,54.0,12,05,8,8,0,2.5,11,158,"2380",0,11,11,11,10,40.1,522,藤沢則雄,栗,0,16102678,01189,01041,0121240605,池田實,村中牧場,プリサイスエンド,ミヤジアイ,アイネスフウジン,鹿毛,160312,  128.2,  ,    ,48.0
21,08,22,2,札幌,4,06,１勝ｸﾗｽ,23,ダ,1,2400,良,モズマゾク        ,牡,3,小林凌大,51.0,12,06,5,5,0,1.3,2,156.8,"2368",0,3,3,3,2,40.4,496,南井克巳,栗,76,18101075,01177,01049,0121240606,キャピタル・システ,前野牧場,グランプリボス,モズアリュール,ゴールドアリュール,青毛,180304,    3.3,  ,    ,46.0
21,08,22,2,札幌,4,06,１勝ｸﾗｽ,23,ダ,1,2400,良,グッドリドゥンス  ,牡,4,勝浦正樹,57.0,12,07,1,1,0,-0.3,4,155.5,"2355",0,7,6,6,5,38.4,484,的場均,美,760,17102758,01025,01063,0121240607,林勝宗,レースホース牧場,フリオーソ,モエトレゾール,ゴールドアリュール,栗毛,170517,    7.1,  ,    ,51.6
21,08,22,2,札幌,4,06,１勝ｸﾗｽ,23,ダ,1,2400,良,ダッシュダクラウン,牡,3,松田大作,54.0,12,08,6,6,0,1.8,1,157.3,"2373",0,2,2,2,2,41.2,466,武英智,栗,0,18104156,01030,01161,0121240608,星加浩一,泊寿幸,ホッコータルマエ,アマランス,サンデーサイレンス,青鹿,180425,    2.8,  ,    ,43.9
21,08,22,2,札幌,4,06,１勝ｸﾗｽ,23,ダ,1,2400,良,ヤマノマタカ      ,牡,4,丹内祐次,57.0,12,09,3,3,0,0.7,7,156.2,"2362",0,1,1,1,1,40.6,486,相沢郁,美,190,17103008,01091,01020,0121240609,澤村敏雄,大北牧場,マジェスティックウォリアー,ダイワバーガンディ,ブライアンズタイム,鹿毛,170418,   24.7,  ,    ,44.9
21,08,22,2,札幌,4,06,１勝ｸﾗｽ,23,ダ,1,2400,良,サトノバトラー    ,牡,3,藤岡佑介,54.0,12,10,11,11,0,5.5,6,161,"2410",0,4,5,6,10,43.9,506,堀宣行,美,0,18105256,01093,01070,0121240610,里見治,ノーザンファーム,キングカメハメハ,ベルワトリング,Dushyantor,鹿毛,180216,   19.0,  ,    ,38.9
21,08,22,2,札幌,4,06,１勝ｸﾗｽ,23,ダ,1,2400,良,オーマオ          ,牡,5,横山和生,57.0,12,11,4,4,0,1.3,9,156.8,"2368",0,7,8,8,6,39.6,450,村山明,栗,110,16105216,01140,01107,0121240611,吉田照哉,社台ファーム,キングカメハメハ,ペディクラリス,サンデーサイレンス,栗毛,160520,   35.8,  ,    ,48.7
21,08,22,2,札幌,4,06,１勝ｸﾗｽ,23,ダ,1,2400,良,キングサーガ      ,セ,4,団野大成,57.0,12,12,2,2,0,0.3,5,155.8,"2358",0,4,3,4,2,39.2,464,池江泰寿,栗,300,17105439,01180,01071,0121240612,キャロットファーム,ノーザンファーム,キングカメハメハ,ディアマイベイビー,ディープインパクト,黒鹿,170524,   12.1,  ,    ,49.1
21,08,22,2,札幌,4,07,１勝ｸﾗｽ,23,ダ,1,1700,良,クリノウマーベラス,セ,4,岩田康誠,57.0,14,01,11,11,0,2.2,11,109.7,"1497",0,2,3,5,6,39.1,532,大橋勇樹,栗,0,17103796,05203,01065,0121240701,栗本守,千代田牧場,スピルバーグ,ショコラミント,"Uncle Mo",鹿毛,170516,   68.8,  ,    ,48.5
21,08,22,2,札幌,4,07,１勝ｸﾗｽ,23,ダ,1,1700,良,モンキャドー      ,セ,3,坂井瑠星,54.0,14,02,14,14,0,5,9,112.5,"1525",0,11,11,10,12,41.3,458,音無秀孝,栗,0,18104818,01163,01002,0121240702,グリーンファーム,社台ファーム,ロードカナロア,モンシュシュ,スペシャルウィーク,鹿毛,180515,   28.5,  ,    ,44.0
21,08,22,2,札幌,4,07,１勝ｸﾗｽ,23,ダ,1,1700,良,アスクスタイルマン,牡,3,藤岡佑介,54.0,14,03,6,6,0,1,5,108.5,"1485",0,13,13,12,10,37.1,462,矢作芳人,栗,0,18100716,01093,01075,0121240703,廣崎利洋HD,チャンピオンズファ,ハーツクライ,キングスミール,Theatrical,黒鹿,180430,   12.1,  ,    ,55.0
21,08,22,2,札幌,4,07,１勝ｸﾗｽ,23,ダ,1,1700,良,ジェイエルブリッジ,牡,3,小林凌大,51.0,14,04,10,10,0,2.2,10,109.7,"1497",0,14,14,13,12,38.2,472,小西一男,美,0,18100822,01177,00405,0121240704,橋元幸人,ナカノファーム,クリエイター2,ホウライサンデー,サンデーサイレンス,芦毛,180224,   58.9,  ,    ,52.1
21,08,22,2,札幌,4,07,１勝ｸﾗｽ,23,ダ,1,1700,良,チェスナットドレス,牝,4,菊沢一樹,55.0,14,05,13,13,0,3.2,13,110.7,"1507",0,7,8,13,12,39.2,496,西村真幸,栗,0,17106198,01161,01148,0121240705,"GET NEXT",辻牧場,ディープスカイ,アドマイヤドレス,スピニングワールド,栗毛,170411,   97.9,  ,    ,49.5
21,08,22,2,札幌,4,07,１勝ｸﾗｽ,23,ダ,1,1700,良,サイモンルグラン  ,牡,4,横山武史,57.0,14,06,3,3,0,0.2,4,107.7,"1477",0,7,6,5,5,37.1,498,勢司和浩,美,190,17100682,01170,01047,0121240706,澤田昭紀,中前牧場,キンシャサノキセキ,ヌレエフクイン,ストラヴィンスキー,鹿毛,170419,   10.8,  ,    ,53.8
21,08,22,2,札幌,4,07,１勝ｸﾗｽ,23,ダ,1,1700,良,マイネルエスペルト,牡,4,吉田隼人,57.0,14,07,9,9,0,1.8,14,109.3,"1493",0,5,4,5,6,38.7,510,小崎憲,栗,0,17103776,01095,01085,0121240707,吉田勝利,千代田牧場,ジャスタウェイ,エイムアットビップ,アグネスデジタル,鹿毛,170402,  109.6,  ,    ,49.5
21,08,22,2,札幌,4,07,１勝ｸﾗｽ,23,ダ,1,1700,良,ラルフ            ,牡,3,団野大成,54.0,14,08,12,12,0,2.6,2,110.1,"1501",0,11,12,10,11,38.9,464,荒川義之,栗,0,18101722,01180,01095,0121240708,"GET NEXT",須崎牧場,アジアエクスプレス,ロサモスカータ,ヴィクトワールピサ,栗毛,180317,    3.5,  ,    ,49.8
21,08,22,2,札幌,4,07,１勝ｸﾗｽ,23,ダ,1,1700,良,ミッションレール  ,牡,3,池添謙一,54.0,14,09,5,5,0,0.8,6,108.3,"1483",0,9,8,8,8,37.6,486,大久保龍,栗,76,18100425,01032,01058,0121240709,スリーエイチレーシ,下河辺牧場,ジャスタウェイ,フィルハーマジック,シンボリクリスエス,鹿毛,180215,   14.1,  ,    ,52.6
21,08,22,2,札幌,4,07,１勝ｸﾗｽ,23,ダ,1,1700,良,エクレルシー      ,牡,3,ルメール,54.0,14,10,4,4,0,0.5,3,108,"1480",0,1,1,1,1,37.7,486,栗田徹,美,110,18106208,05339,01127,0121240710,ノースヒルズ,高野牧場,ダンカーク,イソシギ,タイキシャトル,黒鹿,180521,    4.9,  ,    ,51.7
21,08,22,2,札幌,4,07,１勝ｸﾗｽ,23,ダ,1,1700,良,プライムデイ      ,牡,3,菱田裕二,54.0,14,11,7,7,0,1,7,108.5,"1485",0,4,4,2,3,38.1,496,加藤征弘,美,0,18104116,01144,01059,0121240711,スリーエイチレーシ,千代田牧場,キズナ,ベストオブミー,ブライアンズタイム,黒鹿,180210,   23.4,  ,    ,50.8
21,08,22,2,札幌,4,07,１勝ｸﾗｽ,23,ダ,1,1700,良,コスモクウェンチ  ,牡,7,山田敬士,55.0,14,12,8,8,0,1.7,12,109.2,"1492",0,9,10,8,9,38.4,492,小桧山悟,美,0,14100729,01173,01005,0121240712,Mr.ホース,ビッグレッドファー,ダノンシャンティ,マイネクォーツ,タニノギムレット,鹿毛,140524,   97.3,  ,    ,50.6
21,08,22,2,札幌,4,07,１勝ｸﾗｽ,23,ダ,1,1700,良,サダムラピュタ    ,牡,6,小沢大仁,54.0,14,13,2,2,0,0,8,107.5,"1475",0,6,6,2,3,37.1,472,平田修,栗,300,15106286,01185,01082,0121240713,大西美生子,矢野牧場,マンハッタンカフェ,アートスタジオ,Bernardini,黒鹿,150320,   26.4,  ,    ,53.5
21,08,22,2,札幌,4,07,１勝ｸﾗｽ,23,ダ,1,1700,良,タイキドミニオン  ,牡,3,川田将雅,54.0,14,14,1,1,0,0,1,107.5,"1475",0,2,2,2,2,37.1,502,高野友和,栗,760,18106473,01088,01117,0121240714,大樹ファーム,ビクトリーホースラ,ダノンシャーク,ニチドウルチル,ファルブラヴ,鹿毛,180222,    2.9,  ,    ,53.5
21,08,22,2,札幌,4,08,１勝ｸﾗｽ・牝,23,芝,0,2000,良,マイタイムオブデイ,牝,5,松田大作,55.0,12,01,5,5,0,1.1,9,123.4,"2034",0,4,3,5,6,34.9,472,松永幹夫,栗,76,16104871,01030,01092,0121240801,シルクレーシング,ノーザンファーム,Australia,ラックビーアレディトゥナイト,"Mr. Greeley",栗毛,160416,   39.7,  ,    ,58.7
21,08,22,2,札幌,4,08,１勝ｸﾗｽ・牝,23,芝,0,2000,良,オメガロマンス    ,牝,3,横山武史,52.0,12,02,2,2,0,0,2,122.3,"2023",0,1,1,2,2,34.6,444,斎藤誠,美,300,18104563,01170,01086,0121240802,原禮子,社台ファーム,ハーツクライ,オメガスピリット,スピニングワールド,黒鹿,180224,    3.4,  ,    ,58.6
21,08,22,2,札幌,4,08,１勝ｸﾗｽ・牝,23,芝,0,2000,良,シンシアリダーリン,牝,3,古川吉洋,52.0,12,03,7,7,0,1.3,7,123.6,"2036",0,5,5,5,5,35.1,446,上村洋行,栗,0,18105408,01015,01168,0121240803,G1レーシング,追分ファーム,ドリームジャーニー,オネストリーダーリン,Kingmambo,鹿毛,180212,   19.5,  ,    ,58.1
21,08,22,2,札幌,4,08,１勝ｸﾗｽ・牝,23,芝,0,2000,良,アトミックフレア  ,牝,3,菱田裕二,52.0,12,04,9,9,0,1.4,6,123.7,"2037",0,9,8,5,8,35.1,444,渡辺薫彦,栗,0,18100190,01144,01155,0121240804,天堀忠博,オリオンファーム,ドゥラメンテ,ミスティックソウル,Bahri,鹿毛,180408,   14.9,  ,    ,58.2
21,08,22,2,札幌,4,08,１勝ｸﾗｽ・牝,23,芝,0,2000,良,ヒットザシーン    ,牝,3,丹内祐次,52.0,12,05,4,4,0,0.3,4,122.6,"2026",0,2,2,3,3,34.5,474,畠山吉宏,美,110,18102173,01091,01048,0121240805,サラブレッドクラブ,ビッグレッドファー,スクリーンヒーロー,マイネプリンセス,アグネスデジタル,黒鹿,180317,    8.5,  ,    ,59.4
21,08,22,2,札幌,4,08,１勝ｸﾗｽ・牝,23,芝,0,2000,良,フラリオナ        ,牝,3,吉田隼人,52.0,12,06,3,3,0,0.3,3,122.6,"2026",0,3,3,4,4,34.3,420,武幸四郎,栗,190,18104825,01095,01160,0121240806,大冨智弘,社台ファーム,ストロングリターン,ラカ,キングカメハメハ,青鹿,180521,    5.1,  ,    ,60.3
21,08,22,2,札幌,4,08,１勝ｸﾗｽ・牝,23,芝,0,2000,良,クオンタム        ,牝,3,小沢大仁,49.0,12,07,11,11,0,1.6,8,123.9,"2039",0,9,8,9,10,35,442,小野次郎,美,0,18103206,01185,01125,0121240807,ミルファーム,猿橋義昭,ジョーカプチーノ,パリサンジェルマン,フレンチデピュティ,芦毛,180620,   33.4,  ,    ,58.9
21,08,22,2,札幌,4,08,１勝ｸﾗｽ・牝,23,芝,0,2000,良,ハイボールコパ    ,牝,3,泉谷楓真,51.0,12,08,12,12,0,1.7,12,124,"2040",0,7,5,8,8,35.3,448,渡辺薫彦,栗,0,18105596,01182,01155,0121240808,小林祥晃,市川牧場,リオンディーズ,マキシマムジョイ,ハーツクライ,黒鹿,180507,   82.4,  ,    ,57.7
21,08,22,2,札幌,4,08,１勝ｸﾗｽ・牝,23,芝,0,2000,良,クイーンシルビア  ,牝,3,小林凌大,49.0,12,09,8,8,0,1.4,11,123.7,"2037",0,6,5,9,10,34.8,434,小西一男,美,0,18102984,01177,00405,0121240809,田島榮二郎,市川フアーム,メイショウサムソン,フヨウ,フジキセキ,鹿毛,180414,   72.0,  ,    ,59.5
21,08,22,2,札幌,4,08,１勝ｸﾗｽ・牝,23,芝,0,2000,良,クリノイヴァンカ  ,牝,5,岩田康誠,55.0,12,10,10,10,0,1.5,10,123.8,"2038",0,11,11,12,10,34.7,476,天間昭一,美,0,16105872,05203,01090,0121240810,栗本博晴,タイヘイ牧場,ハーツクライ,ローマンクィーン,"Holy Roman Emperor",鹿毛,160126,   53.3,  ,    ,60.0
21,08,22,2,札幌,4,08,１勝ｸﾗｽ・牝,23,芝,0,2000,良,ファジェス        ,牝,3,横山和生,52.0,12,11,1,1,0,0,1,122.3,"2023",0,11,11,1,1,34.9,484,安田隆行,栗,760,18105084,01140,00438,0121240811,キャロットファーム,ノーザンファーム,モーリス,ジュモー,タニノギムレット,黒鹿,180326,    2.9,  ,    ,57.3
21,08,22,2,札幌,4,08,１勝ｸﾗｽ・牝,23,芝,0,2000,良,ハイエログリフ    ,牝,3,池添謙一,52.0,12,12,6,6,0,1.1,5,123.4,"2034",0,7,8,9,6,34.5,438,池添学,栗,0,18106379,01032,01144,0121240812,カナヤマホールディ,富田牧場,キズナ,シラバリー,"Street Cry",黒鹿,180221,   10.6,  ,    ,60.4
21,08,22,2,札幌,4,09,クローバ,131,芝,0,1500,良,カワキタレブリー  ,牡,2,加藤祥太,54.0,11,01,3,3,0,0.6,5,89.7,"1297",0,0,6,6,3,35.2,420,杉山佳明,栗,400,19100153,01156,01178,0121240901,川島和範,川島牧場,ドレフォン,カフジビーナス,ディープインパクト,黒鹿,190404,   13.2,  ,    ,53.2
21,08,22,2,札幌,4,09,クローバ,131,芝,0,1500,良,モリデンブラック  ,牡,2,秋山稔樹,54.0,11,02,8,8,0,1.2,11,90.3,"1303",0,0,11,11,11,34.9,480,桧森邦夫,地,0,19100455,01181,05108,0121240902,森田芳男,トモファーム,トゥザワールド,ヒラリータイザン,ワイルドラッシュ,黒鹿,190228,  153.8,  ,    ,55.8
21,08,22,2,札幌,4,09,クローバ,131,芝,0,1500,良,ウインモナーク    ,牡,2,横山武史,54.0,11,03,4,4,0,0.8,3,89.9,"1299",0,0,3,3,3,35.7,468,奥平雅士,美,240,19100214,01170,01074,0121240903,ウイン,コスモヴューファー,ビッグアーサー,コスモメリー,アドマイヤジャパン,鹿毛,190318,    8.6,  ,    ,51.2
21,08,22,2,札幌,4,09,クローバ,131,芝,0,1500,良,ケッツァー        ,牡,2,丹内祐次,54.0,11,04,7,7,0,1.1,8,90.2,"1302",0,0,7,7,6,35.6,474,高橋祥泰,美,0,19102988,01091,00359,0121240904,ビッグレッドファー,木下牧場,フェノーメノ,フェリシア,グラスワンダー,青鹿,190423,   28.9,  ,    ,52.2
21,08,22,2,札幌,4,09,クローバ,131,芝,0,1500,良,ブッシュガーデン  ,牝,2,ルメール,54.0,11,05,2,2,0,0.4,2,89.5,"1295",0,0,3,3,2,35.3,454,武井亮,美,640,19109094,05339,01147,0121240905,那須野牧場,恵比寿興業株式会社,リオンディーズ,フリスコベイ,"Hard Spun",鹿毛,190306,    3.0,  ,    ,52.4
21,08,22,2,札幌,4,09,クローバ,131,芝,0,1500,良,キングエルメス    ,牡,2,坂井瑠星,54.0,11,06,5,5,0,0.8,1,89.9,"1299",0,0,7,7,6,35.2,474,矢作芳人,栗,160,19105938,01163,01075,0121240906,広尾レース,木村秀則,ロードカナロア,ステラリード,スペシャルウィーク,鹿毛,190205,    2.5,  ,    ,53.6
21,08,22,2,札幌,4,09,クローバ,131,芝,0,1500,良,マナホク          ,牡,2,勝浦正樹,54.0,11,07,6,6,0,1,9,90.1,"1301",0,0,9,9,9,35.3,448,桧森邦夫,地,0,19100270,01025,05108,0121240907,MIRAI,シンカンファーム,トゥザワールド,スカイプラネット,ネオユニヴァース,鹿毛,190501,   50.0,  ,    ,53.5
21,08,22,2,札幌,4,09,クローバ,131,芝,0,1500,良,イチネンエーグミ  ,牡,2,吉田隼人,54.0,11,08,11,11,0,3.5,7,92.6,"1326",0,0,1,2,6,38.6,538,茶木太樹,栗,0,19106684,01095,01181,0121240908,藤本彰,前田牧場,ポアゾンブラック,アマノブラウニイー,サクラバクシンオー,鹿毛,190310,   19.8,  ,    ,43.3
21,08,22,2,札幌,4,09,クローバ,131,芝,0,1500,良,ラブリイユアアイズ,牝,2,団野大成,54.0,11,09,1,1,0,-0.4,4,89.1,"1291",0,0,2,1,1,35.1,446,黒岩陽一,美,1600,19104698,01180,01133,0121240909,井内康之,社台ファーム,ロゴタイプ,オープンユアアイズ,ヴィクトワールピサ,青毛,190319,    9.9,  ,    ,52.6
21,08,22,2,札幌,4,09,クローバ,131,芝,0,1500,良,イチローイチロー  ,牡,2,池添謙一,54.0,11,10,10,10,0,2.3,6,91.4,"1314",0,0,3,5,5,37,422,北出成人,栗,0,19100986,01032,01078,0121240910,泉一郎,村上雅規,カレンブラックヒル,クリンゲルベルガー,スウェプトオーヴァーボード,鹿毛,190317,   15.3,  ,    ,48.0
21,08,22,2,札幌,4,09,クローバ,131,芝,0,1500,良,デカメロン        ,牝,2,山田敬士,54.0,11,11,9,9,0,1.8,10,90.9,"1309",0,0,9,9,9,36.1,410,小桧山悟,美,0,19100082,01173,01005,0121240911,三岡陽,岩見牧場,カレンブラックヒル,ケージーフジムスメ,キングカメハメハ,青鹿,190222,   58.4,  ,    ,51.2
21,08,22,2,札幌,4,10,大通公園･2勝,43,ダ,1,1700,良,ゴールドフレーム  ,セ,5,勝浦正樹,57.0,14,01,9,9,0,2.2,9,107.7,"1477",0,10,11,7,8,39.4,474,新開幸一,美,0,16105167,01025,01116,0121241001,外池榮一郎,社台ファーム,スクリーンヒーロー,ピュアマインド,ティンバーカントリー,栗毛,160213,   25.9,  ,    ,44.6
21,08,22,2,札幌,4,10,大通公園･2勝,43,ダ,1,1700,良,サトノクライム    ,牡,5,泉谷楓真,57.0,14,02,6,6,0,1.6,13,107.1,"1471",0,7,8,7,11,38.9,498,南井克巳,栗,0,16106258,01182,01049,0121241002,サトミホースカンパ,フジワラフアーム,ジャスタウェイ,ラストアロー,アサティス,鹿毛,160307,   73.0,  ,    ,45.6
21,08,22,2,札幌,4,10,大通公園･2勝,43,ダ,1,1700,良,スマートアリエル  ,牝,4,池添謙一,55.0,14,03,8,8,0,1.8,2,107.3,"1473",0,1,1,1,2,40.2,468,辻野泰之,栗,0,17102877,01032,01183,0121241003,大川徹,桑田牧場,キングカメハメハ,スカイノダン,サクラバクシンオー,黒鹿,170412,    5.0,  ,    ,41.0
21,08,22,2,札幌,4,10,大通公園･2勝,43,ダ,1,1700,良,ウインドオブホープ,セ,8,古川吉洋,57.0,14,04,13,13,0,3.5,14,109,"1490",0,6,6,11,13,40.5,542,石毛善彦,美,0,13100206,01015,00428,0121241004,木村牧場,木村牧場,スクリーンヒーロー,オンマイマインド,ティンバーカントリー,栗毛,130405,  182.0,  ,    ,42.3
21,08,22,2,札幌,4,10,大通公園･2勝,43,ダ,1,1700,良,ロンドンデリーエア,牡,4,ルメール,57.0,14,05,12,12,0,3,1,108.5,"1485",0,4,3,3,3,41.1,462,武英智,栗,0,17104704,05339,01161,0121241005,グリーンファーム,社台ファーム,タートルボウル,オメガグレイス,サンデーサイレンス,栗毛,170310,    3.7,  ,    ,39.4
21,08,22,2,札幌,4,10,大通公園･2勝,43,ダ,1,1700,良,リワードノルン    ,牝,5,黛弘人,55.0,14,06,14,14,0,6.2,8,111.7,"1517",0,5,5,11,14,43.3,478,藤原辰雄,美,0,16102259,01109,00435,0121241006,宮崎冴子,リワード,ハイアーゲーム,リワードクリエン,ケイムホーム,黒鹿,160422,   21.9,  ,    ,36.2
21,08,22,2,札幌,4,10,大通公園･2勝,43,ダ,1,1700,良,ユアヒストリー    ,牡,3,団野大成,54.0,14,07,4,4,0,1.3,6,106.8,"1468",0,10,11,7,5,38.5,464,池添学,栗,230,18104876,01180,01144,0121241007,MOMOレーシング,ノーザンファーム,ルーラーシップ,アイムユアドリーム,フジキセキ,鹿毛,180418,    9.8,  ,    ,46.8
21,08,22,2,札幌,4,10,大通公園･2勝,43,ダ,1,1700,良,トリッチトラッチ  ,牝,4,丹内祐次,55.0,14,08,2,2,0,0.5,12,106,"1460",0,13,13,13,8,37.3,442,伊藤圭三,美,600,17105828,01091,01023,0121241008,ライオンレースホー,浦河日成牧場,ゴールドアリュール,クインポルカ,タニノギムレット,芦毛,170512,   56.5,  ,    ,50.5
21,08,22,2,札幌,4,10,大通公園･2勝,43,ダ,1,1700,良,レオアルティメット,牡,6,松田大作,57.0,14,09,10,10,0,2.3,10,107.8,"1478",0,7,6,6,8,39.8,556,牧光二,美,0,15101209,01030,01106,0121241009,レオ,川端正博,サウスヴィグラス,ユキノチャンプ,タバスコキャット,栗毛,150313,   30.6,  ,    ,43.2
21,08,22,2,札幌,4,10,大通公園･2勝,43,ダ,1,1700,良,ウィッチクラフト  ,セ,5,吉田隼人,57.0,14,10,11,11,0,2.8,11,108.3,"1483",0,3,3,3,3,40.9,530,浜田多実,栗,0,16104253,01095,01138,0121241010,カナヤマホールディ,追分ファーム,ゴールドアリュール,ウィッチフルシンキング,"Lord Avie",鹿毛,160306,   35.2,  ,    ,39.9
21,08,22,2,札幌,4,10,大通公園･2勝,43,ダ,1,1700,良,バルサミックムーン,セ,4,菱田裕二,57.0,14,11,3,3,0,0.6,3,106.1,"1461",0,10,8,5,5,38.3,502,武藤善則,美,380,17104921,01144,01064,0121241011,高橋文男,社台ファーム,タートルボウル,ホワイトペッパー,サンデーサイレンス,鹿毛,170402,    6.1,  ,    ,46.6
21,08,22,2,札幌,4,10,大通公園･2勝,43,ダ,1,1700,良,ロードエクレール  ,牡,3,横山武史,54.0,14,12,1,1,0,-0.5,7,105.5,"1455",0,2,2,2,1,38.3,470,斎藤誠,美,1500,18105998,01170,01086,0121241012,ロードホースクラブ,大柳ファーム,ロードカナロア,タッチアス,Mineshaft,鹿毛,180421,   11.8,  ,    ,45.7
21,08,22,2,札幌,4,10,大通公園･2勝,43,ダ,1,1700,良,サヴァビアン      ,牡,3,坂井瑠星,54.0,14,13,7,7,0,1.7,4,107.2,"1472",0,9,8,7,7,38.9,422,羽月友彦,栗,0,18103473,01163,01091,0121241013,岡田牧雄,岡田スタツド,カレンブラックヒル,アンローランサン,フサイチコンコルド,栗毛,180511,    6.8,  ,    ,45.8
21,08,22,2,札幌,4,10,大通公園･2勝,43,ダ,1,1700,良,インナーアリュール,牡,4,山田敬士,57.0,14,14,5,5,0,1.3,5,106.8,"1468",0,14,14,14,12,38,474,小桧山悟,美,150,17100459,01173,01005,0121241014,平井裕,白井牧場,ゴールドアリュール,セントフロンティア,Danehill,鹿毛,170314,    9.2,  ,    ,48.8
21,08,22,2,札幌,4,11,札幌記念G2,179,芝,0,2000,良,ステイフーリッシュ,牡,6,坂井瑠星,57.0,13,01,0,0,4,999.9,6,0,"----",0,3,3,10,12,0,474,矢作芳人,栗,0,15104287,01163,01075,0121241101,社台レースホース,社台ファーム,ステイゴールド,カウアイレーン,キングカメハメハ,鹿毛,150222,   14.7,  ,    , 0.0
21,08,22,2,札幌,4,11,札幌記念G2,179,芝,0,2000,良,サトノセシル      ,牝,5,ルメール,55.0,13,02,11,11,0,2,4,121.5,"2015",0,5,6,6,9,37,476,堀宣行,美,0,16110115,05339,01070,0121241102,里見治,"Faisal Meshrf Alqa",Frankel,Dupe,Observatory,鹿毛,160416,   13.5,  ,    ,47.9
21,08,22,2,札幌,4,11,札幌記念G2,179,芝,0,2000,良,マイネルウィルトス,牡,5,団野大成,57.0,13,03,4,4,0,0.4,11,119.9,"1599",0,8,7,8,7,35.2,470,宮徹,栗,1100,16100752,01180,01018,0121241103,サラブレッドクラブ,ビッグレッドファー,スクリーンヒーロー,マイネボヌール,ロージズインメイ,黒鹿,160317,   65.8,  ,    ,53.1
21,08,22,2,札幌,4,11,札幌記念G2,179,芝,0,2000,良,ラヴズオンリーユー,牝,5,川田将雅,55.0,13,04,2,2,0,0.1,1,119.6,"1596",0,7,7,6,5,35.1,470,矢作芳人,栗,2800,16104648,01088,01075,0121241104,DMMドリームクラブ,ノーザンファーム,ディープインパクト,ラヴズオンリーミー,"Storm Cat",鹿毛,160326,    1.9,  ,    ,53.2
21,08,22,2,札幌,4,11,札幌記念G2,179,芝,0,2000,良,トーラスジェミニ  ,牡,5,横山和生,57.0,13,05,10,10,0,1.3,7,120.8,"2008",0,1,1,3,5,36.5,472,小桧山悟,美,0,16106518,01140,01005,0121241105,柴原榮,川上牧場,キングズベスト,エリモエトワール,マンハッタンカフェ,鹿毛,160430,   16.4,  ,    ,49.0
21,08,22,2,札幌,4,11,札幌記念G2,179,芝,0,2000,良,バイオスパーク    ,牡,6,池添謙一,57.0,13,06,0,0,4,999.9,13,0,"----",0,0,0,0,0,0,478,浜田多実,栗,0,15103627,01032,01138,0121241106,宮田直也,小島牧場,オルフェーヴル,ナナヨーティアラ,マイネルラヴ,黒鹿,150327,   90.8,  ,    , 0.0
21,08,22,2,札幌,4,11,札幌記念G2,179,芝,0,2000,良,ペルシアンナイト  ,牡,7,横山武史,57.0,13,07,3,3,0,0.1,8,119.6,"1596",0,5,4,4,3,35.2,502,池江泰寿,栗,1800,14105258,01170,01071,0121241107,G1レーシング,追分ファーム,ハービンジャー,オリエントチャーム,サンデーサイレンス,黒鹿,140311,   28.2,  ,    ,52.8
21,08,22,2,札幌,4,11,札幌記念G2,179,芝,0,2000,良,ユーキャンスマイル,牡,6,藤岡佑介,57.0,13,08,6,6,0,0.8,9,120.3,"2003",0,9,9,8,7,35.5,516,友道康夫,栗,0,15105032,01093,01061,0121241108,金子真人ホールディ,ノーザンファーム,キングカメハメハ,ムードインディゴ,ダンスインザダーク,鹿毛,150503,   32.2,  ,    ,52.4
21,08,22,2,札幌,4,11,札幌記念G2,179,芝,0,2000,良,アイスバブル      ,牡,6,水口優也,57.0,13,09,7,7,0,0.8,12,120.3,"2003",0,10,10,10,10,35.3,462,池江泰寿,栗,0,15104689,01133,01071,0121241109,金子真人ホールディ,ノーザンファーム,ディープインパクト,ウィンターコスモス,キングカメハメハ,芦毛,150408,   87.1,  ,    ,53.2
21,08,22,2,札幌,4,11,札幌記念G2,179,芝,0,2000,良,ディアマンミノル  ,牡,4,泉谷楓真,57.0,13,10,8,8,0,1,10,120.5,"2005",0,12,12,10,10,35.5,464,本田優,栗,0,17103174,01182,01099,0121241110,吉岡實,村下農場,オルフェーヴル,イソノスワロー,デヒア,栗毛,170410,   61.9,  ,    ,52.6
21,08,22,2,札幌,4,11,札幌記念G2,179,芝,0,2000,良,ウインキートス    ,牝,4,丹内祐次,55.0,13,11,9,9,0,1.1,5,120.6,"2006",0,3,4,4,3,36.2,486,宗像義忠,美,0,17101419,01091,00420,0121241111,ウイン,コスモヴューファー,ゴールドシップ,イクスキューズ,ボストンハーバー,黒鹿,170504,   14.5,  ,    ,49.9
21,08,22,2,札幌,4,11,札幌記念G2,179,芝,0,2000,良,ブラストワンピース,牡,6,岩田康誠,57.0,13,12,5,5,0,0.5,3,120,"2000",0,11,11,2,2,35.9,540,手塚貴久,美,700,15104882,05203,01038,0121241112,シルクレーシング,ノーザンファーム,ハービンジャー,ツルマルワンピース,キングカメハメハ,鹿毛,150402,   12.3,  ,    ,50.4
21,08,22,2,札幌,4,11,札幌記念G2,179,芝,0,2000,良,ソダシ            ,牝,3,吉田隼人,52.0,13,13,1,1,0,-0.1,2,119.5,"1595",0,2,2,1,1,35.4,472,須貝尚介,栗,7000,18105233,01095,01105,0121241113,金子真人ホールディ,ノーザンファーム,クロフネ,ブチコ,キングカメハメハ,白毛,180308,    3.8,  ,    ,51.8
21,08,22,2,札幌,4,12,手稲山特･2勝,43,芝,0,1200,良,ベストクィーン    ,牝,5,国分恭介,55.0,16,01,14,14,0,1.2,10,70.2,"1102",0,0,0,4,4,35.1,430,茶木太樹,栗,0,16100634,01124,01181,0121241201,田畑富子,ハクツ牧場,スクリーンヒーロー,ポポチャン,トウカイテイオー,栗毛,160226,   36.7,  ,    ,50.0
21,08,22,2,札幌,4,12,手稲山特･2勝,43,芝,0,1200,良,フクノナルボンヌ  ,牝,5,横山和生,55.0,16,02,11,11,0,1.1,11,70.1,"1101",0,0,0,16,16,34,504,杉浦宏昭,美,0,16102978,01140,01008,0121241202,福島祐子,ケイズ,ディープブリランテ,ピントゥハティ,アドマイヤムーン,栗毛,160331,   42.4,  ,    ,56.2
21,08,22,2,札幌,4,12,手稲山特･2勝,43,芝,0,1200,良,テリーヌ          ,牝,3,泉谷楓真,52.0,16,03,6,6,0,0.6,4,69.6,"1096",0,0,0,9,8,34.2,422,長谷川浩,栗,0,18104340,01182,01173,0121241203,三木久史,フジワラフアーム,ダノンシャーク,ピサノグレース,フレンチデピュティ,鹿毛,180503,    7.2,  ,    ,53.5
21,08,22,2,札幌,4,12,手稲山特･2勝,43,芝,0,1200,良,モンファボリ      ,牝,3,吉田隼人,52.0,16,04,2,2,0,0.4,2,69.4,"1094",0,0,0,12,10,33.7,434,須貝尚介,栗,600,18105223,01095,01105,0121241204,サンデーレーシング,ノーザンファーム,Frankel,フォエヴァーダーリング,Congrats,鹿毛,180216,    3.9,  ,    ,55.9
21,08,22,2,札幌,4,12,手稲山特･2勝,43,芝,0,1200,良,ロフティーピーク  ,牝,4,団野大成,55.0,16,05,4,4,0,0.5,6,69.5,"1095",0,0,0,3,3,34.8,478,武幸四郎,栗,230,17105060,01180,01160,0121241205,サンデーレーシング,追分ファーム,ヘニーヒューズ,ロフティーエイム,サンデーサイレンス,鹿毛,170225,   15.8,  ,    ,49.7
21,08,22,2,札幌,4,12,手稲山特･2勝,43,芝,0,1200,良,ホーリーライン    ,牝,5,ルメール,55.0,16,06,5,5,0,0.6,3,69.6,"1096",0,0,0,6,6,34.4,444,矢野英一,美,150,16100319,05339,01108,0121241206,ノルマンディーサラ,スカイビーチステー,エイシンフラッシュ,レイライン,サンデーサイレンス,青鹿,160331,    4.8,  ,    ,52.3
21,08,22,2,札幌,4,12,手稲山特･2勝,43,芝,0,1200,良,エイカイマドンナ  ,牝,6,藤岡佑介,55.0,16,07,15,15,0,1.7,12,70.7,"1107",0,0,0,15,15,34.8,442,藤原英昭,栗,0,15104546,01093,01055,0121241207,二木英徳,社台ファーム,ハーツクライ,マチカネハヤテ,サクラバクシンオー,鹿毛,150520,   71.6,  ,    ,53.2
21,08,22,2,札幌,4,12,手稲山特･2勝,43,芝,0,1200,良,メイショウハボタン,牝,3,小沢大仁,52.0,16,08,10,10,0,1,9,70,"1100",0,0,0,9,10,34.6,452,南井克巳,栗,0,18106455,01185,01049,0121241208,松本好雄,林孝輝,メイショウサムソン,ブルーボックスボウ,サンデーサイレンス,鹿毛,180525,   29.3,  ,    ,52.3
21,08,22,2,札幌,4,12,手稲山特･2勝,43,芝,0,1200,良,インザムービー    ,牝,4,勝浦正樹,55.0,16,09,13,13,0,1.2,5,70.2,"1102",0,0,0,4,4,35.2,490,牧田和弥,栗,0,17104059,01025,01123,0121241209,安原浩司,フジワラフアーム,リアルインパクト,スポークスウーマン,"Invincible Spirit",鹿毛,170227,   13.3,  ,    ,49.4
21,08,22,2,札幌,4,12,手稲山特･2勝,43,芝,0,1200,良,ザイラ            ,牝,4,坂井瑠星,55.0,16,10,16,16,0,2,14,71,"1110",0,0,0,6,9,35.8,480,奥村豊,栗,0,17100163,01163,01146,0121241210,吉田和美,オリオンファーム,フェノーメノ,カーリア,"Carson City",鹿毛,170215,   82.3,  ,    ,48.3
21,08,22,2,札幌,4,12,手稲山特･2勝,43,芝,0,1200,良,カバーガール      ,牝,3,菱田裕二,52.0,16,11,7,7,0,0.8,7,69.8,"1098",0,0,0,9,10,34.4,470,清水久詞,栗,0,18103084,01144,01110,0121241211,石川達絵,桑田牧場,ダイワメジャー,ショウナンカラット,ブライアンズタイム,黒鹿,180318,   16.3,  ,    ,52.9
21,08,22,2,札幌,4,12,手稲山特･2勝,43,芝,0,1200,良,ベッラヴォルタ    ,牝,4,菊沢一樹,55.0,16,12,9,9,0,1,15,70,"1100",0,0,0,12,13,34.3,496,加用正,栗,0,17102638,01161,00425,0121241212,ディアレストクラブ,前田ファーム,ヴィクトワールピサ,ミルククラウン,"Mr. Greeley",栗毛,170210,  125.0,  ,    ,54.1
21,08,22,2,札幌,4,12,手稲山特･2勝,43,芝,0,1200,良,マリノディアナ    ,牝,6,秋山稔樹,55.0,16,13,12,12,0,1.2,16,70.2,"1102",0,0,0,6,6,34.9,448,水野貴広,美,0,15101239,01181,01094,0121241213,和田志保,クラウン日高牧場,カルストンライトオ,クラウンミストラル,フジキセキ,青鹿,150201,  236.6,  ,    ,51.1
21,08,22,2,札幌,4,12,手稲山特･2勝,43,芝,0,1200,良,スイートクラウン  ,牝,3,横山武史,52.0,16,14,1,1,0,-0.4,1,69,"1090",0,0,0,2,2,34.5,470,石毛善彦,美,1500,18100530,01170,00428,0121241214,シンボリ牧場,シンボリ牧場,リーチザクラウン,キャプテンガール,キャプテンスティーヴ,鹿毛,180302,    3.5,  ,    ,50.0
21,08,22,2,札幌,4,12,手稲山特･2勝,43,芝,0,1200,良,エピローグ        ,牝,5,加藤祥太,55.0,16,15,8,8,0,1,13,70,"1100",0,0,0,12,13,34.3,472,杉山佳明,栗,0,16101402,01156,01178,0121241215,藤田好紀,前田ファーム,ハービンジャー,ルイーズ,ロージズインメイ,鹿毛,160120,   73.2,  ,    ,54.1
21,08,22,2,札幌,4,12,手稲山特･2勝,43,芝,0,1200,良,タピオカ          ,牝,4,松田大作,55.0,16,16,3,3,0,0.4,8,69.4,"1094",0,0,0,1,1,35.1,516,牧光二,美,380,17101107,01030,01106,0121241216,清水牧場,清水牧場,ケイムホーム,カルナアヴァンセ,キングヘイロー,青鹿,170501,   27.4,  ,    ,47.7
21,08,28,2,札幌,5,01,未勝利*,7,芝,0,1800,良,フクノラヴァル    ,牡,2,横山和生,54.0,8,01,7,7,0,2.4,7,111.6,"1516",0,8,8,8,8,36.9,478,長谷川浩,栗,0,19103131,01140,01173,0121250101,福島祐子,土田農場,サトノアラジン,アルマバテーム,エンパイアメーカー,黒鹿,190401,  103.0,  ,    ,51.2
21,08,28,2,札幌,5,01,未勝利*,7,芝,0,1800,良,ヴィオレントアズル,牡,2,黛弘人,54.0,8,02,5,5,0,2.1,8,111.3,"1513",0,3,3,3,3,37.2,410,加藤和宏,美,51,19102445,01109,01077,0121250102,岡田牧雄,エムエム、ヤマダフ,フェノーメノ,プレゼンスブルー,パイロ,青鹿,190406,  196.2,  ,    ,49.6
21,08,28,2,札幌,5,01,未勝利*,7,芝,0,1800,良,シンティレーション,牝,2,横山武史,54.0,8,03,1,1,0,-0.4,1,109.2,"1492",0,1,1,1,1,35.3,452,池上昌和,美,510,19105377,01170,01150,0121250103,シルクレーシング,ノーザンファーム,ロードカナロア,ファシネートダイア,アグネスタキオン,黒鹿,190115,    1.7,  ,    ,54.7
21,08,28,2,札幌,5,01,未勝利*,7,芝,0,1800,良,トーセンビースト  ,牡,2,秋山稔樹,52.0,8,04,8,8,0,2.5,6,111.7,"1517",0,2,2,2,3,37.7,458,土田稔,美,0,19104390,01181,00417,0121250104,島川隆哉,エスティファーム,トーセンレーヴ,クルーズライナー,"Wild Event",栗毛,190330,   32.4,  ,    ,48.1
21,08,28,2,札幌,5,01,未勝利*,7,芝,0,1800,良,ポッドボレット    ,牡,2,武豊,54.0,8,05,2,2,0,0.4,2,109.6,"1496",0,3,3,3,2,35.5,492,辻野泰之,栗,200,19104762,00666,01183,0121250105,小川眞査雄,社台ファーム,ジャスタウェイ,シーエスシルク,"Medaglia d'Oro",鹿毛,190309,    3.4,  ,    ,54.4
21,08,28,2,札幌,5,01,未勝利*,7,芝,0,1800,良,マイネルシーマー  ,牡,2,丹内祐次,54.0,8,06,3,3,0,1.4,3,110.6,"1506",0,5,5,5,5,36.4,466,青木孝文,美,130,19100774,01091,01156,0121250106,サラブレッドクラブ,ビッグレッドファー,ゴールドシップ,マイネアルナイル,ロージズインメイ,黒鹿,190413,    7.9,  ,    ,51.9
21,08,28,2,札幌,5,01,未勝利*,7,芝,0,1800,良,メイプルリッジ    ,牡,2,藤岡佑介,54.0,8,07,4,4,0,1.8,4,111,"1510",0,6,5,5,5,36.8,460,堀宣行,美,77,19105523,01093,01070,0121250107,吉田勝己,ノーザンファーム,キングカメハメハ,リングネブラ,ハーツクライ,栗毛,190225,   10.5,  ,    ,50.8
21,08,28,2,札幌,5,01,未勝利*,7,芝,0,1800,良,ナンヨーリリー    ,牝,2,泉谷楓真,53.0,8,08,6,6,0,2.2,5,111.4,"1514",0,7,7,7,7,37,410,斎藤誠,美,0,19105491,01182,01086,0121250108,中村徳也,ノーザンファーム,ダイワメジャー,ラカリフォルニー,"Dutch Art",栗毛,190117,   21.7,  ,    ,50.5
21,08,28,2,札幌,5,02,未勝利*,7,芝,0,1200,良,セレブ            ,牝,2,横山武史,54.0,10,01,5,5,0,1.2,5,71.4,"1114",0,0,0,7,7,36.4,468,杉浦宏昭,美,51,19101118,01170,01008,0121250201,菅藤孝雄,清水牧場,ドゥラメンテ,スズノメヒョー,バチアー,栗毛,190518,   16.0,  ,    ,46.2
21,08,28,2,札幌,5,02,未勝利*,7,芝,0,1200,良,ルワンジュ        ,牡,2,勝浦正樹,54.0,10,02,10,10,0,2.9,7,73.1,"1131",0,0,0,9,9,37.8,478,上原博之,美,0,19105798,01025,00423,0121250202,ノルマンディーサラ,岡田スタツド,イスラボニータ,フォーハピネス,ファスリエフ,鹿毛,190421,   77.4,  ,    ,43.4
21,08,28,2,札幌,5,02,未勝利*,7,芝,0,1200,良,ブエナディオサ    ,牝,2,竹之下智,54.0,10,03,6,6,0,1.6,10,71.8,"1118",0,0,0,1,2,37.6,424,千田輝彦,栗,0,19106938,01036,01120,0121250203,エースレーシング,社台コーポレーショ,メイショウボーラー,ヴェイグストーリー,ゴールドアリュール,鹿毛,190526,  196.0,  ,    ,41.0
21,08,28,2,札幌,5,02,未勝利*,7,芝,0,1200,良,ジョーブリッランテ,牡,2,横山和生,54.0,10,04,1,1,0,-0.1,2,70.2,"1102",0,0,0,4,3,35.7,488,清水久詞,栗,510,19103360,01140,01110,0121250204,上田江吏子,山際牧場,ジョーカプチーノ,ジョーアラマート,キングヘイロー,栗毛,190407,    2.6,  ,    ,46.6
21,08,28,2,札幌,5,02,未勝利*,7,芝,0,1200,良,タイセイプロシード,牡,2,団野大成,54.0,10,05,4,4,0,0.5,6,70.7,"1107",0,0,0,2,1,36.5,476,高橋裕,美,77,19103893,01180,00412,0121250205,田中成奉,ディアレストクラブ,ストロングリターン,マダムアグライア,ケイムホーム,黒鹿,190223,   33.6,  ,    ,43.7
21,08,28,2,札幌,5,02,未勝利*,7,芝,0,1200,良,パーサヴィアランス,牡,2,武豊,54.0,10,06,2,2,0,0.1,4,70.3,"1103",0,0,0,8,8,35.1,454,西村真幸,栗,200,19105330,00666,01148,0121250206,馬場幸夫,ノーザンファーム,ドレフォン,ハッピーアビラ,ディープインパクト,鹿毛,190411,    6.4,  ,    ,50.3
21,08,28,2,札幌,5,02,未勝利*,7,芝,0,1200,良,グランパドゥシャ  ,牝,2,池添謙一,54.0,10,07,7,7,0,1.6,3,71.8,"1118",0,0,0,3,5,37.5,424,小西一男,美,0,19104547,01032,00405,0121250207,キャロットファーム,社台コーポレーショ,キンシャサノキセキ,サダムグランジュテ,キングカメハメハ,鹿毛,190127,    6.3,  ,    ,41.5
21,08,28,2,札幌,5,02,未勝利*,7,芝,0,1200,良,コズミックフロスト,牝,2,大野拓弥,54.0,10,08,3,3,0,0.4,1,70.6,"1106",0,0,0,4,3,36.1,444,高柳瑞樹,美,130,19101874,01096,01118,0121250208,ゴドルフィン,ダーレー・ジャパン,アメリカンペイトリオット,コズミックフレイム,Doyen,鹿毛,190310,    2.6,  ,    ,45.6
21,08,28,2,札幌,5,02,未勝利*,7,芝,0,1200,良,イタリアンカラー  ,牝,2,小沢大仁,51.0,10,09,9,9,0,2.3,8,72.5,"1125",0,0,0,6,6,37.9,410,加用正,栗,0,19101358,01185,00425,0121250209,"Him Rock Racingホ",大江牧場,リオンディーズ,カネスヴィバーチェ,ネオユニヴァース,黒鹿,190511,   85.1,  ,    ,41.3
21,08,28,2,札幌,5,02,未勝利*,7,芝,0,1200,良,エクサープト      ,牝,2,秋山稔樹,52.0,10,10,8,8,0,1.8,9,72,"1120",0,0,0,10,9,36.4,472,石坂公一,栗,0,19102481,01181,01166,0121250210,水上行雄,笠松牧場,シニスターミニスター,アカカホール,ダイワメジャー,栗毛,190207,  165.3,  ,    ,47.8
21,08,28,2,札幌,5,03,未勝利・牝,7,ダ,1,1000,良,レイワプリンセス  ,牝,3,古川吉洋,54.0,12,01,1,1,0,-0.1,6,59.4,"0594",0,0,0,1,1,36.3,508,木原一良,栗,510,18101296,01015,01033,0121250301,菅藤孝雄,清水牧場,ドゥラメンテ,スズノメヒョー,バチアー,栗毛,180409,   11.0,  ,    ,45.5
21,08,28,2,札幌,5,03,未勝利・牝,7,ダ,1,1000,良,イニシュモア      ,牝,3,小沢大仁,51.0,12,02,8,8,0,1.6,5,61,"1010",0,0,0,5,6,37.4,472,寺島良,栗,0,18104989,01185,01158,0121250302,シルクレーシング,ノーザンファーム,オルフェーヴル,カレドニアレディ,Firebreak,鹿毛,180118,   10.4,  ,    ,44.7
21,08,28,2,札幌,5,03,未勝利・牝,7,ダ,1,1000,良,フリブール        ,牝,3,亀田温心,53.0,12,03,6,6,0,0.7,4,60.1,"1001",0,0,0,2,2,36.9,454,久保田貴,美,0,18102603,01176,01067,0121250303,中村祐子,ケイアイファーム,ロードカナロア,レジデンス,"Cape Blanco",鹿毛,180508,    6.4,  ,    ,44.3
21,08,28,2,札幌,5,03,未勝利・牝,7,ダ,1,1000,良,アザル            ,牝,3,泉谷楓真,53.0,12,04,7,7,0,1.5,7,60.9,"1009",0,0,0,6,9,37,444,本田優,栗,0,18100037,01182,01099,0121250304,ケーエスHD,天羽禮治,オルフェーヴル,キルシュワッサー,サクラバクシンオー,栗毛,180324,   11.7,  ,    ,46.9
21,08,28,2,札幌,5,03,未勝利・牝,7,ダ,1,1000,良,クリノヴァニラ    ,牝,3,山田敬士,52.0,12,05,11,11,0,2.5,9,61.9,"1019",0,0,0,6,10,38,486,萱野浩二,美,0,18101215,01173,01024,0121250305,栗本博晴,横井哲,アスカクリチャン,マヤノプレム,タイキシャトル,栗毛,180328,   44.4,  ,    ,44.3
21,08,28,2,札幌,5,03,未勝利・牝,7,ダ,1,1000,良,フクノルッカ      ,牝,3,小林凌大,51.0,12,06,2,2,0,0.1,2,59.5,"0595",0,0,0,2,2,36.3,450,杉浦宏昭,美,200,18100299,01177,01008,0121250306,福島祐子,ケイズ,マクフィ,フクノドリーム,ヨハネスブルグ,鹿毛,180320,    4.1,  ,    ,45.9
21,08,28,2,札幌,5,03,未勝利・牝,7,ダ,1,1000,良,ドクタースキル    ,牝,3,菊沢一樹,54.0,12,07,3,3,0,0.5,3,59.9,"0599",0,0,0,6,5,36.1,466,菊沢隆徳,美,130,18106479,01161,01115,0121250307,松岡悟,松田牧場,リオンディーズ,スマートシャワー,アグネスタキオン,鹿毛,180206,    6.0,  ,    ,48.9
21,08,28,2,札幌,5,03,未勝利・牝,7,ダ,1,1000,良,キンタムチャチャ  ,牝,3,菱田裕二,54.0,12,08,12,12,0,3.4,12,62.8,"1028",0,0,0,12,12,38.4,464,大久保龍,栗,0,18103520,01144,01058,0121250308,諸江幸祐,岡田スタツド,ダイワメジャー,ツーデイズノーチス,ヘクタープロテクター,栗毛,180420,  131.5,  ,    ,45.3
21,08,28,2,札幌,5,03,未勝利・牝,7,ダ,1,1000,良,プレジャジンク    ,牝,3,松田大作,54.0,12,09,5,5,0,0.7,8,60.1,"1001",0,0,0,10,8,36.1,452,吉田直弘,栗,51,18102626,01030,01101,0121250309,フォーレスト,嶋田牧場,エピファネイア,クロストウショウ,アグネスタキオン,黒鹿,180309,   19.6,  ,    ,49.7
21,08,28,2,札幌,5,03,未勝利・牝,7,ダ,1,1000,良,ワンダードゥヴァン,牝,3,加藤祥太,54.0,12,10,10,10,0,2.4,11,61.8,"1018",0,0,0,6,6,38,436,羽月友彦,栗,0,18106896,01156,01091,0121250310,山本能行,フクダファーム,ネオユニヴァース,ワンダートロワ,アルデバラン2,鹿毛,180326,  109.5,  ,    ,43.9
21,08,28,2,札幌,5,03,未勝利・牝,7,ダ,1,1000,良,シュンイ          ,牝,3,秋山稔樹,52.0,12,11,9,9,0,2.3,10,61.7,"1017",0,0,0,11,10,37.5,474,本間忍,美,0,18105835,01181,01056,0121250311,ライオンレースホー,レイクヴィラファー,ロードカナロア,メジロルルド,サンデーサイレンス,鹿毛,180223,   63.9,  ,    ,46.8
21,08,28,2,札幌,5,03,未勝利・牝,7,ダ,1,1000,良,キュートラン      ,牝,3,団野大成,54.0,12,12,4,4,0,0.6,1,60,"1000",0,0,0,4,2,36.7,464,高橋文雅,美,77,18101072,01180,01134,0121250312,岡村善行,前野牧場,ディスクリートキャット,ビーキュート,マヤノトップガン,鹿毛,180412,    3.2,  ,    ,45.2
21,08,28,2,札幌,5,04,未勝利,7,ダ,1,1700,良,アラタマリスト    ,牝,3,水口優也,54.0,14,01,10,10,0,1.5,13,109.4,"1494",0,4,5,9,10,40.7,452,浜田多実,栗,0,18101078,01133,01138,0121250401,荒木謙次,槇本牧場,ノヴェリスト,アラタマデジタル,アグネスデジタル,栗毛,180425,  187.7,  ,    ,42.1
21,08,28,2,札幌,5,04,未勝利,7,ダ,1,1700,良,ボニンブルー      ,牡,3,武豊,56.0,14,02,6,6,0,0.9,4,108.8,"1488",0,2,2,7,7,40.4,462,小崎憲,栗,0,18106371,00666,01085,0121250402,渡辺公美子,富田牧場,ホッコータルマエ,アグネスフェアリー,ヴィクトワールピサ,鹿毛,180510,   10.0,  ,    ,42.3
21,08,28,2,札幌,5,04,未勝利,7,ダ,1,1700,良,ジュンストーム    ,牡,3,池添謙一,56.0,14,03,14,14,0,3.1,7,111,"1510",0,4,2,2,5,43.2,472,高柳大輔,栗,0,18106840,01032,01159,0121250403,河合純二,マリオステーブル,ネオユニヴァース,エイシンパンジー,トニービン,黒鹿,180510,   36.0,  ,    ,35.6
21,08,28,2,札幌,5,04,未勝利,7,ダ,1,1700,良,シングンジョーイ  ,牡,3,団野大成,56.0,14,04,9,9,0,1.2,8,109.1,"1491",0,7,7,7,7,40.6,452,伊坂重信,美,0,18100953,01180,01177,0121250404,伊坂重憲,広富牧場,シングンオペラ,エフロレス,キングカメハメハ,鹿毛,180514,   37.2,  ,    ,42.0
21,08,28,2,札幌,5,04,未勝利,7,ダ,1,1700,良,メイショウカークス,牡,3,小沢大仁,53.0,14,05,5,5,0,0.8,5,108.7,"1487",0,12,11,11,12,39.7,416,池添兼雄,栗,51,18106618,01185,01021,0121250405,松本好雄,本巣敦,ホッコータルマエ,プチットマドレーヌ,ディープインパクト,鹿毛,180405,   12.4,  ,    ,44.8
21,08,28,2,札幌,5,04,未勝利,7,ダ,1,1700,良,ベルンハルト      ,牡,3,泉谷楓真,55.0,14,06,4,4,0,0.6,10,108.5,"1485",0,9,9,9,7,39.8,504,池江泰寿,栗,77,18104918,01182,01071,0121250406,シルクレーシング,ノーザンファーム,ラブリーデイ,アーデルハイト,アグネスタキオン,栗毛,180519,   87.4,  ,    ,44.2
21,08,28,2,札幌,5,04,未勝利,7,ダ,1,1700,良,ウォーターボンボン,牡,3,菱田裕二,56.0,14,07,11,11,0,1.9,3,109.8,"1498",0,3,2,2,2,42,466,岡田稲男,栗,0,18106501,01144,01066,0121250407,山岡正人,三嶋牧場,ディスクリートキャット,ウォータープリプリ,ハーツクライ,鹿毛,180425,    6.8,  ,    ,38.1
21,08,28,2,札幌,5,04,未勝利,7,ダ,1,1700,良,マテンロウアレス  ,牡,3,横山典弘,56.0,14,08,2,2,0,0,2,107.9,"1479",0,1,1,1,1,40.2,500,昆貢,栗,200,18103927,00660,01044,0121250408,寺田千代乃,タイヘイ牧場,ダイワメジャー,ベアフットレディ,Footstepsinthesand,鹿毛,180207,    2.9,  ,    ,41.9
21,08,28,2,札幌,5,04,未勝利,7,ダ,1,1700,良,レジスタントスター,牡,3,西谷凜,53.0,14,09,7,7,0,0.9,14,108.8,"1488",0,8,8,5,4,40.6,458,新谷功一,栗,0,18101104,01189,01172,0121250409,中西功,増尾牧場,ストロングリターン,ファーマクリーム,スニッツェル,鹿毛,180606,  279.5,  ,    ,41.6
21,08,28,2,札幌,5,04,未勝利,7,ダ,1,1700,良,セブンデイズ      ,牡,3,黛弘人,56.0,14,10,3,3,0,0.2,1,108.1,"1481",0,11,11,5,5,39.8,490,田中博康,美,130,18105605,01109,01162,0121250410,前迫義幸,上水牧場,ラブリーデイ,ウインガイア,"Broken Vow",青鹿,180313,    2.2,  ,    ,43.6
21,08,28,2,札幌,5,04,未勝利,7,ダ,1,1700,良,ホウオウヴォーヌ  ,牡,3,丹内祐次,56.0,14,11,1,1,0,0,6,107.9,"1479",0,6,6,4,2,39.9,470,斎藤誠,美,510,18103477,01091,01086,0121250411,小笹芳央,岡田スタツド,オルフェーヴル,ヴンダーゾンネ,グラスワンダー,栗毛,180405,   30.1,  ,    ,43.0
21,08,28,2,札幌,5,04,未勝利,7,ダ,1,1700,良,テンノリュウギ    ,牡,3,秋山稔樹,54.0,14,12,12,12,0,3,11,110.9,"1509",0,9,9,12,14,41.6,508,新谷功一,栗,0,18105487,01181,01172,0121250412,天白泰司,社台コーポレーショ,フェノーメノ,オンシジューム,エンドスウィープ,青鹿,180228,  147.4,  ,    ,40.9
21,08,28,2,札幌,5,04,未勝利,7,ダ,1,1700,良,シュプールロイヤル,牡,3,菊沢一樹,56.0,14,13,8,8,0,1.1,9,109,"1490",0,12,13,12,10,39.7,466,宗像義忠,美,0,18105389,01161,00420,0121250413,キャロットファーム,ノーザンファーム,エピファネイア,ローズノーブル,ディープインパクト,黒鹿,180329,   41.0,  ,    ,45.2
21,08,28,2,札幌,5,04,未勝利,7,ダ,1,1700,良,ペイシャウイニング,牝,3,山田敬士,52.0,14,14,13,13,0,3,12,110.9,"1509",0,14,14,14,13,41.3,472,土田稔,美,0,18106676,01173,00417,0121250414,北所直人,清水スタッド,フリオーソ,ウイニングティアラ,マーベラスサンデー,栗毛,180324,  178.6,  ,    ,41.9
21,08,28,2,札幌,5,05,新馬,15,ダ,1,1700,良,シャムトラダイコウ,牝,2,黛弘人,54.0,9,01,4,4,0,2.5,8,112.8,"1528",0,8,8,7,6,40.4,486,中野栄治,美,110,19106663,01109,01010,0121250501,サイレント・ウエス,真歌田中牧場,トゥザグローリー,シェーナビアンカ,タイキシャトル,芦毛,190421,   45.7,  ,    ,47.7
21,08,28,2,札幌,5,05,新馬,15,ダ,1,1700,良,ララランド        ,牝,2,小林凌大,51.0,9,02,0,0,4,999.9,1,0,"----",0,1,1,0,0,0,460,伊藤圭三,美,0,19105992,01177,01023,0121250502,椎名節,グランド牧場,シニスターミニスター,ファイトソング,アサティス,黒鹿,190314,    2.7,  ,    , 0.0
21,08,28,2,札幌,5,05,新馬,15,ダ,1,1700,良,キタノラシーク    ,牡,2,秋山稔樹,52.0,9,03,8,8,0,11.3,9,121.6,"2016",0,9,9,8,8,46.6,546,石栗龍彦,美,0,19105596,01181,01043,0121250503,北所直人,橋本牧場,ベルシャザール,アワフローラ,サムライハート,青鹿,190419,   89.7,  ,    ,37.8
21,08,28,2,札幌,5,05,新馬,15,ダ,1,1700,良,バックシャン      ,牝,2,横山武史,54.0,9,04,5,5,0,2.5,4,112.8,"1528",0,2,2,4,4,41.2,498,鈴木伸尋,美,70,19100387,01170,01026,0121250504,山王飯店,大作ステーブル,アジアエクスプレス,スズカシャンティー,"Giant's Causeway",栗毛,190416,    8.1,  ,    ,44.8
21,08,28,2,札幌,5,05,新馬,15,ダ,1,1700,良,ナムラビバ        ,牝,2,菊沢一樹,54.0,9,05,2,2,0,1.3,6,111.6,"1516",0,4,4,3,3,40.6,490,武市康男,美,280,19101970,01161,01089,0121250505,奈村睦弘,ナカノファーム,アジアエクスプレス,ヴィルヌーヴ,ディープインパクト,鹿毛,190425,   16.7,  ,    ,45.4
21,08,28,2,札幌,5,05,新馬,15,ダ,1,1700,良,クアトロフォンテ  ,牡,2,亀田温心,53.0,9,06,7,7,0,3.8,5,114.1,"1541",0,6,7,5,5,42.2,470,高橋義忠,栗,0,19106734,01176,01129,0121250506,月舘範行,矢野牧場,シニスターミニスター,アートスタジオ,Bernardini,鹿毛,190314,   11.5,  ,    ,42.9
21,08,28,2,札幌,5,05,新馬,15,ダ,1,1700,良,クリノメガミエース,牝,2,菱田裕二,54.0,9,07,1,1,0,-1.3,7,110.3,"1503",0,4,5,1,1,39.9,482,本間忍,美,700,19102003,01144,01056,0121250507,栗本八江,日西牧場,エスポワールシチー,クリノバンダイサン,フレンチデピュティ,栗毛,190226,   18.5,  ,    ,46.2
21,08,28,2,札幌,5,05,新馬,15,ダ,1,1700,良,メイショウゲキリン,牡,2,小沢大仁,51.0,9,08,6,6,0,3.8,2,114.1,"1541",0,6,5,5,6,42.3,516,池添兼雄,栗,0,19104092,01185,01021,0121250508,松本好隆,三嶋牧場,キズナ,メイショウスズラン,キングカメハメハ,黒鹿,190327,    2.8,  ,    ,42.6
21,08,28,2,札幌,5,05,新馬,15,ダ,1,1700,良,ウルテ            ,牡,2,池添謙一,54.0,9,09,3,3,0,1.4,3,111.7,"1517",0,2,2,2,2,41.2,488,四位洋文,栗,180,19106738,01032,01184,0121250509,スリーエイチレーシ,矢野牧場,ドゥラメンテ,ジュモートリステ,ハービンジャー,栗毛,190214,    7.3,  ,    ,43.3
21,08,28,2,札幌,5,06,未勝利,7,芝,0,1500,良,ビスボッチャ      ,牝,3,亀田温心,53.0,14,01,4,4,0,0.7,13,89.7,"1297",0,0,9,8,7,35.7,468,鈴木孝志,栗,77,18102042,01176,01111,0121250601,岡浩二,ノースヒルズ,エピファネイア,クロンヌドール,アグネスタキオン,鹿毛,180501,   60.0,  ,    ,50.8
21,08,28,2,札幌,5,06,未勝利,7,芝,0,1500,良,ヴィトーリア      ,牡,3,武豊,56.0,14,02,5,5,0,0.7,1,89.7,"1297",0,0,8,8,10,35.7,438,武英智,栗,51,18104477,00666,01161,0121250602,寺田寿男,矢野牧場,ドゥラメンテ,スターズインハーアイズ,Woodman,黒鹿,180328,    2.8,  ,    ,50.8
21,08,28,2,札幌,5,06,未勝利,7,芝,0,1500,良,フェアビアンカ    ,牝,3,団野大成,54.0,14,03,6,6,0,0.8,11,89.8,"1298",0,0,6,6,5,36.1,470,伊藤大士,美,0,18105197,01180,01109,0121250603,キャロットファーム,ノーザンファーム,エイシンフラッシュ,ビアンカシェボン,フジキセキ,青鹿,180323,   36.9,  ,    ,49.2
21,08,28,2,札幌,5,06,未勝利,7,芝,0,1500,良,ブラックハート    ,牝,3,菱田裕二,54.0,14,04,1,1,0,-0.2,5,89,"1290",0,0,12,11,7,34.7,402,松永康利,美,510,18103103,01144,01093,0121250604,高昭牧場,高昭牧場,ベーカバド,アクアブルーハート,エンパイアメーカー,黒鹿,180319,   10.9,  ,    ,54.3
21,08,28,2,札幌,5,06,未勝利,7,芝,0,1500,良,マントゥノン      ,牝,3,小林凌大,51.0,14,05,12,12,0,1.6,14,90.6,"1306",0,0,6,6,7,36.9,460,尾形和幸,美,0,18103217,01177,01141,0121250605,志村鑑彦,大北牧場,ヴァンセンヌ,エイシンバーサス,ファルブラヴ,黒鹿,180415,  108.0,  ,    ,47.0
21,08,28,2,札幌,5,06,未勝利,7,芝,0,1500,良,スペキアリス      ,牝,3,池添謙一,54.0,14,06,11,11,0,1.5,10,90.5,"1305",0,0,2,2,2,37.3,460,高野友和,栗,0,18105519,01032,01117,0121250606,G1レーシング,社台コーポレーショ,エピファネイア,スペルバインド,ゴールドアリュール,青毛,180126,   27.4,  ,    ,45.1
21,08,28,2,札幌,5,06,未勝利,7,芝,0,1500,良,キネシクス        ,牡,3,小沢大仁,53.0,14,07,14,14,0,2.1,6,91.1,"1311",0,0,11,8,11,37.1,454,松下武士,栗,0,18105133,01185,01149,0121250607,シルクレーシング,ノーザンファーム,ハービンジャー,チアズメッセージ,サンデーサイレンス,栗毛,180427,   18.6,  ,    ,47.0
21,08,28,2,札幌,5,06,未勝利,7,芝,0,1500,良,シーロンシャン    ,牝,3,藤岡佑介,54.0,14,08,8,8,0,1.4,3,90.4,"1304",0,0,1,1,1,37.4,476,藤岡健一,栗,0,18102577,01093,01062,0121250608,ロードホースクラブ,ケイアイファーム,ロードカナロア,キープセイク,"Sea The Stars",黒鹿,180204,    6.2,  ,    ,44.5
21,08,28,2,札幌,5,06,未勝利,7,芝,0,1500,良,アスターベルデ    ,牝,3,泉谷楓真,53.0,14,09,3,3,0,0.4,12,89.4,"1294",0,0,4,4,2,36,498,中竹和也,栗,130,18100565,01182,01039,0121250609,加藤久枝,スマイルファーム,ハービンジャー,アスターヒューモア,"More Than Ready",黒鹿,180309,   58.0,  ,    ,48.9
21,08,28,2,札幌,5,06,未勝利,7,芝,0,1500,良,セラスチューム    ,牝,3,横山和生,54.0,14,10,9,9,0,1.5,4,90.5,"1305",0,0,9,11,11,36.3,466,安田隆行,栗,0,18104905,01140,00438,0121250610,ライオンレースホー,ノーザンファーム,ハーツクライ,アピール2,Selkirk,栗毛,180425,    8.4,  ,    ,49.5
21,08,28,2,札幌,5,06,未勝利,7,芝,0,1500,良,ノックトゥワイス  ,セ,3,大野拓弥,56.0,14,11,2,2,0,0.2,8,89.2,"1292",0,0,3,3,2,35.9,490,大竹正博,美,200,18105534,01096,01102,0121250611,飯塚知一,社台コーポレーショ,スクリーンヒーロー,ネロディアマンテ,シンボリクリスエス,栗毛,180228,   22.8,  ,    ,49.0
21,08,28,2,札幌,5,06,未勝利,7,芝,0,1500,良,アルーリングギフト,牡,3,古川吉洋,56.0,14,12,10,10,0,1.5,7,90.5,"1305",0,0,14,13,11,36,514,藤岡健一,栗,0,18105468,01015,01062,0121250612,サンデーレーシング,社台コーポレーショ,オルフェーヴル,アルーリングボイス,フレンチデピュティ,栗毛,180409,   19.0,  ,    ,50.9
21,08,28,2,札幌,5,06,未勝利,7,芝,0,1500,良,レイクビワ        ,牝,3,横山武史,52.0,14,13,13,13,0,1.9,2,90.9,"1309",0,0,12,13,14,36.4,456,中内田充,栗,0,18110153,01170,01137,0121250613,ニッシンホールディ,"Yulong Investments",Frankel,"Lake Hamana",Shamardal,栗毛,180808,    4.3,  ,    ,49.8
21,08,28,2,札幌,5,06,未勝利,7,芝,0,1500,良,トリプルフォー    ,牝,3,川又賢治,54.0,14,14,7,7,0,0.9,9,89.9,"1299",0,0,4,4,5,36.5,432,矢作芳人,栗,0,18106280,01166,01075,0121250614,ジーホース,谷口牧場,ロードカナロア,アンブリカル,マンハッタンカフェ,黒鹿,180219,   23.2,  ,    ,47.5
21,08,28,2,札幌,5,07,１勝ｸﾗｽ,23,芝,0,1800,良,ハリウッドヒルズ  ,牡,4,秋山稔樹,55.0,14,01,2,2,0,0.2,1,110,"1500",0,12,12,10,7,34.9,492,高橋祥泰,美,300,17106588,01181,00359,0121250701,ゴドルフィン,ダーレー・ジャパン,スクリーンヒーロー,チェリーミルズ,"Invincible Spirit",鹿毛,170429,    2.6,  ,    ,57.6
21,08,28,2,札幌,5,07,１勝ｸﾗｽ,23,芝,0,1800,良,グレースオブナイル,牝,4,小沢大仁,52.0,14,02,1,1,0,-0.2,2,109.8,"1498",0,1,1,1,1,35.9,446,杉山晴紀,栗,760,17104781,01185,01157,0121250702,グリーンファーム,社台ファーム,タートルボウル,ジュエルオブナイル,デュランダル,鹿毛,170309,    3.1,  ,    ,52.9
21,08,28,2,札幌,5,07,１勝ｸﾗｽ,23,芝,0,1800,良,ジャッキー        ,牡,7,小林凌大,54.0,14,03,12,12,0,1.3,8,111.1,"1511",0,14,14,14,13,35.6,488,高橋祥泰,美,0,14103268,01177,00359,0121250703,本田恒雄,高野牧場,サムライハート,アッチッチ,アフリート,栗毛,140312,   46.7,  ,    ,56.0
21,08,28,2,札幌,5,07,１勝ｸﾗｽ,23,芝,0,1800,良,アンジュマリッシュ,牝,3,古川吉洋,52.0,14,04,4,4,0,0.3,7,110.1,"1501",0,3,3,4,3,35.9,446,上村洋行,栗,110,18105001,01015,01168,0121250704,サンデーレーシング,ノーザンファーム,ノヴェリスト,ギーニョ,サンデーサイレンス,青毛,180314,   35.3,  ,    ,53.3
21,08,28,2,札幌,5,07,１勝ｸﾗｽ,23,芝,0,1800,良,ゾロ              ,牡,5,団野大成,57.0,14,05,6,6,0,0.6,13,110.4,"1504",0,5,5,6,5,35.9,478,小手川準,美,0,16102615,01180,01171,0121250705,北山敏隆,ヒダカフアーム,"English Channel",ジュエルボックス2,Pivotal,栗毛,160222,  128.6,  ,    ,53.8
21,08,28,2,札幌,5,07,１勝ｸﾗｽ,23,芝,0,1800,良,ウインアステロイド,牡,4,原田和真,57.0,14,06,7,7,0,0.7,6,110.5,"1505",0,2,2,2,2,36.5,464,和田正一,美,0,17101448,01143,01114,0121250706,ウイン,コスモヴューファー,リアルインパクト,マリアヴェロニカ,ジャングルポケット,青鹿,170518,   20.9,  ,    ,51.4
21,08,28,2,札幌,5,07,１勝ｸﾗｽ,23,芝,0,1800,良,スミソニアン      ,牡,3,菱田裕二,54.0,14,07,13,13,0,1.4,12,111.2,"1512",0,5,5,7,12,36.4,446,久保田貴,美,0,18101031,01144,01067,0121250707,中西純穂,豊洋牧場,ホッコータルマエ,プラチナムーン,アドマイヤムーン,黒鹿,180302,  113.4,  ,    ,52.7
21,08,28,2,札幌,5,07,１勝ｸﾗｽ,23,芝,0,1800,良,ケンアンビシャス  ,牡,3,亀田温心,53.0,14,08,9,9,0,0.9,4,110.7,"1507",0,3,4,5,5,36.3,486,久保田貴,美,0,18103796,01176,01067,0121250708,中西健,坂本智広,トゥザワールド,モルフェキイ,モルフェデスペクタ,黒鹿,180227,    8.7,  ,    ,52.5
21,08,28,2,札幌,5,07,１勝ｸﾗｽ,23,芝,0,1800,良,グッドラベリング  ,牝,3,池添謙一,52.0,14,09,10,10,0,1,9,110.8,"1508",0,13,13,10,11,35.7,430,藤岡健一,栗,0,18104618,01032,01062,0121250709,青山洋一,社台ファーム,エピファネイア,サンシャイン,ハーツクライ,栗毛,180316,   48.1,  ,    ,55.2
21,08,28,2,札幌,5,07,１勝ｸﾗｽ,23,芝,0,1800,良,グレルグリーン    ,牡,5,勝浦正樹,57.0,14,10,5,5,0,0.5,11,110.3,"1503",0,10,10,10,9,35.2,464,相沢郁,美,76,16100273,01025,01020,0121250710,斎藤光政,斉藤安行,ヴァーミリアン,ウメノファイバー,サクラユタカオー,黒鹿,160415,   93.9,  ,    ,56.7
21,08,28,2,札幌,5,07,１勝ｸﾗｽ,23,芝,0,1800,良,ホウオウビクトリー,牡,5,泉谷楓真,56.0,14,11,11,11,0,1,10,110.8,"1508",0,5,5,2,3,36.8,482,斎藤誠,美,0,16105515,01182,01086,0121250711,小笹芳央,岡田スタツド,ヴィクトワールピサ,フサイチリニモ,ジャングルポケット,鹿毛,160318,   51.5,  ,    ,50.5
21,08,28,2,札幌,5,07,１勝ｸﾗｽ,23,芝,0,1800,良,ブルームラッシュ  ,牡,4,横山和生,57.0,14,12,8,8,0,0.8,5,110.6,"1506",0,9,8,7,7,35.8,458,尾関知人,美,0,17104904,01140,01103,0121250712,社台レースホース,社台ファーム,ディープインパクト,ブルーミングアレー,シンボリクリスエス,鹿毛,170324,   16.8,  ,    ,54.5
21,08,28,2,札幌,5,07,１勝ｸﾗｽ,23,芝,0,1800,良,リュヌドミエル    ,牝,4,菊沢一樹,55.0,14,13,14,14,0,1.6,14,111.4,"1514",0,10,11,13,13,36,460,鈴木慎太,美,0,17102910,01161,01179,0121250713,ライオンレースホー,高昭牧場,ゴールドアリュール,クールグレース,フォーティナイナー,栗毛,170422,  345.1,  ,    ,54.7
21,08,28,2,札幌,5,07,１勝ｸﾗｽ,23,芝,0,1800,良,アドマイヤハイジ  ,牝,3,武豊,52.0,14,14,3,3,0,0.3,3,110.1,"1501",0,8,8,9,9,35.2,424,友道康夫,栗,190,18104891,00666,01061,0121250714,近藤旬子,ノーザンファーム,ノヴェリスト,アドマイヤエレノア,ディープインパクト,鹿毛,180313,    4.6,  ,    ,56.4
21,08,28,2,札幌,5,08,１勝ｸﾗｽ・牝,23,ダ,1,1700,良,スマイルガール    ,牝,4,藤岡佑介,55.0,14,01,5,5,0,1,5,107.7,"1477",0,14,14,14,14,38,438,宮徹,栗,76,17101523,01093,01018,0121250801,首藤徳,シンユウフアーム,キズナ,ローリエ,メジロマックイーン,鹿毛,170306,    9.0,  ,    ,50.0
21,08,28,2,札幌,5,08,１勝ｸﾗｽ・牝,23,ダ,1,1700,良,クイーンシルビア  ,牝,3,泉谷楓真,51.0,14,02,13,13,0,3.3,14,110,"1500",0,7,7,7,9,41.2,436,小西一男,美,0,18102984,01182,00405,0121250802,田島榮二郎,市川フアーム,メイショウサムソン,フヨウ,フジキセキ,鹿毛,180414,   84.3,  ,    ,41.1
21,08,28,2,札幌,5,08,１勝ｸﾗｽ・牝,23,ダ,1,1700,良,ナンヨーインディゴ,牝,3,大野拓弥,52.0,14,03,8,8,0,1.4,10,108.1,"1481",0,9,9,9,9,39.1,440,庄野靖志,栗,0,18104933,01096,01087,0121250803,中村徳也,ノーザンファーム,キングカメハメハ,ウィーミスフランキー,Sunriver,鹿毛,180213,   32.2,  ,    ,46.3
21,08,28,2,札幌,5,08,１勝ｸﾗｽ・牝,23,ダ,1,1700,良,シェーン          ,牝,4,秋山稔樹,53.0,14,04,12,12,0,2.4,12,109.1,"1491",0,4,4,3,3,40.9,480,角田晃一,栗,0,17101790,01181,01121,0121250804,ノースヒルズ,ノースヒルズ,ヴィクトワールピサ,ヴァイセフラウ,キングカメハメハ,芦毛,170328,   45.5,  ,    ,41.0
21,08,28,2,札幌,5,08,１勝ｸﾗｽ・牝,23,ダ,1,1700,良,エスキシータ      ,牝,5,西谷凜,52.0,14,05,10,10,0,1.9,8,108.6,"1486",0,6,5,4,5,40,484,吉岡辰弥,栗,0,16104267,01189,01176,0121250805,吉田晴哉,社台コーポレーショ,ハーツクライ,クリームオンリー,"Exchange Rate",黒鹿,160220,   24.5,  ,    ,43.5
21,08,28,2,札幌,5,08,１勝ｸﾗｽ・牝,23,ダ,1,1700,良,クリノラピッド    ,牝,3,丹内祐次,52.0,14,06,7,7,0,1.1,13,107.8,"1478",0,7,8,7,5,39,454,伊藤伸一,美,0,18106397,01091,01031,0121250806,栗本博晴,富菜牧場,シニスターミニスター,オースミフブキ,マンハッタンカフェ,黒鹿,180517,   60.2,  ,    ,46.2
21,08,28,2,札幌,5,08,１勝ｸﾗｽ・牝,23,ダ,1,1700,良,サクラカレント    ,牝,3,勝浦正樹,52.0,14,07,11,11,0,2.1,7,108.8,"1488",0,1,1,1,1,40.9,484,金成貴史,美,0,18104016,01025,01132,0121250807,さくらコマース,谷岡スタット,ブラックタイド,サクラレイリ,サクラバクシンオー,鹿毛,180405,   16.6,  ,    ,40.6
21,08,28,2,札幌,5,08,１勝ｸﾗｽ・牝,23,ダ,1,1700,良,クーファイザナミ  ,牝,4,小沢大仁,52.0,14,08,6,6,0,1.1,11,107.8,"1478",0,5,5,4,4,39.2,424,武幸四郎,栗,0,17102078,01185,01160,0121250808,大迫久美子,村上欽哉,ディープインパクト,イーデンズコーズウェイ,"Giant's Causeway",鹿毛,170523,   40.7,  ,    ,45.5
21,08,28,2,札幌,5,08,１勝ｸﾗｽ・牝,23,ダ,1,1700,良,アポロリリー      ,牝,4,小林凌大,52.0,14,09,3,3,0,0.7,4,107.4,"1474",0,2,2,2,2,39.4,426,鈴木伸尋,美,190,17100034,01177,01026,0121250809,アポロサラブレッド,天羽禮治,ディープブリランテ,アポロジャスミン,"Saint Liam",黒鹿,170221,    7.9,  ,    ,44.1
21,08,28,2,札幌,5,08,１勝ｸﾗｽ・牝,23,ダ,1,1700,良,ノワールフレグラン,牝,4,菊沢一樹,55.0,14,10,2,2,0,0.7,9,107.4,"1474",0,13,13,11,9,38.1,448,西村真幸,栗,300,17105454,01161,01148,0121250810,グリーンファーム,ノーザンファーム,トーセンホマレボシ,トロピカルブラッサム,"Thunder Gulch",青鹿,170521,   31.9,  ,    ,49.2
21,08,28,2,札幌,5,08,１勝ｸﾗｽ・牝,23,ダ,1,1700,良,ベルゼール        ,牝,3,団野大成,52.0,14,11,1,1,0,-0.7,2,106.7,"1467",0,9,9,9,5,37.7,450,平田修,栗,760,18105202,01180,01082,0121250811,シルクレーシング,ノーザンファーム,スクリーンヒーロー,ビリーヴミー,"In The Wings",栗毛,180126,    4.7,  ,    ,49.8
21,08,28,2,札幌,5,08,１勝ｸﾗｽ・牝,23,ダ,1,1700,良,リキサンハート    ,牝,3,横山武史,52.0,14,12,14,14,0,3.4,1,110.1,"1501",0,3,3,4,5,41.6,496,奥平雅士,美,0,18102813,01170,01074,0121250812,ハイパワー商事,本桐牧場,ダイワメジャー,リキサンピュアティ,トニービン,黒鹿,180208,    2.8,  ,    ,39.8
21,08,28,2,札幌,5,08,１勝ｸﾗｽ・牝,23,ダ,1,1700,良,サツキティアラ    ,牝,3,古川吉洋,52.0,14,13,9,9,0,1.8,6,108.5,"1485",0,11,11,11,12,39.2,472,加藤和宏,美,0,18103039,01015,01077,0121250813,グランデオーナーズ,荻伏三好フアーム,バトルプラン,ラストエンジェル,バゴ,鹿毛,180510,   15.5,  ,    ,46.4
21,08,28,2,札幌,5,08,１勝ｸﾗｽ・牝,23,ダ,1,1700,良,ジョリーブレス    ,牝,3,亀田温心,51.0,14,14,4,4,0,0.8,3,107.5,"1475",0,11,11,11,12,38.3,458,奥村豊,栗,110,18104348,01176,01146,0121250814,フジワラ・ファーム,フジワラフアーム,ジャスタウェイ,ラストアロー,アサティス,鹿毛,180219,    6.7,  ,    ,48.6
21,08,28,2,札幌,5,09,ルスツ特･1勝,23,芝,0,2600,良,マケルナマサムネ  ,牡,3,松田大作,54.0,14,01,3,3,0,0.4,8,161.5,"2415",0,8,8,6,2,37.7,452,杉山佳明,栗,270,18105814,01030,01178,0121250901,塩澤正樹,レイクヴィラファー,ディープブリランテ,ナオミノユメ,ジャングルポケット,鹿毛,180121,   37.7,  ,    ,48.5
21,08,28,2,札幌,5,09,ルスツ特･1勝,23,芝,0,2600,良,エルディアブロ    ,牡,3,団野大成,54.0,14,02,5,5,0,0.8,7,161.9,"2419",0,14,14,12,9,37.2,450,佐々木晶,栗,106,18104512,01180,00429,0121250902,社台レースホース,社台ファーム,キングカメハメハ,アプリコットフィズ,ジャングルポケット,黒鹿,180325,   16.0,  ,    ,50.6
21,08,28,2,札幌,5,09,ルスツ特･1勝,23,芝,0,2600,良,モンテディオ      ,牡,3,池添謙一,54.0,14,03,1,1,0,-0.3,2,161.1,"2411",0,7,5,4,1,37.5,478,四位洋文,栗,1060,18104688,01032,01184,0121250903,毛利元昭,社台ファーム,ジャスタウェイ,ディオニージア,"Tejano Run",鹿毛,180301,    3.7,  ,    ,48.9
21,08,28,2,札幌,5,09,ルスツ特･1勝,23,芝,0,2600,良,テイケイラウレア  ,牝,3,小沢大仁,52.0,14,04,8,8,0,2.4,13,163.5,"2435",0,6,8,12,13,38.7,448,荒川義之,栗,0,18104719,01185,01095,0121250904,兼松忠男,社台ファーム,スピルバーグ,ハッピーリクエスト,トニービン,鹿毛,180428,  171.6,  ,    ,46.7
21,08,28,2,札幌,5,09,ルスツ特･1勝,23,芝,0,2600,良,タイミングハート  ,牡,4,武豊,57.0,14,05,2,2,0,0.3,5,161.4,"2414",0,12,12,9,7,37.3,450,武幸四郎,栗,420,17105616,00666,01160,0121250905,キーファーズ,ノーザンファーム,ディープインパクト,リッスン,"Sadler's Wells",黒鹿,170304,    7.7,  ,    ,49.8
21,08,28,2,札幌,5,09,ルスツ特･1勝,23,芝,0,2600,良,サングレデクリスト,牡,4,川又賢治,57.0,14,06,12,12,0,4.2,10,165.3,"2453",0,2,2,2,7,42,526,清水久詞,栗,0,17105655,01166,01110,0121250906,吉田勝己,ノーザンファーム,ヴィクトワールピサ,ロレットチャペル,フレンチデピュティ,栗毛,170411,   65.3,  ,    ,38.1
21,08,28,2,札幌,5,09,ルスツ特･1勝,23,芝,0,2600,良,チャックネイト    ,牡,3,藤岡佑介,54.0,14,07,4,4,0,0.6,4,161.7,"2417",0,10,10,6,2,38,470,堀宣行,美,160,18104609,01093,01070,0121250907,金子真人ホールディ,社台ファーム,ハーツクライ,ゴジップガール,Dynaformer,鹿毛,180508,    7.1,  ,    ,47.7
21,08,28,2,札幌,5,09,ルスツ特･1勝,23,芝,0,2600,良,ダンスインザスノー,牡,3,亀田温心,54.0,14,08,10,10,0,3.2,12,164.3,"2443",0,10,11,11,12,39.8,496,杉山晴紀,栗,0,18100447,01176,01157,0121250908,ライオンレースホー,下河辺牧場,リオンディーズ,ユキノマイ,"Rock of Gibraltar",芦毛,180214,  147.9,  ,    ,43.8
21,08,28,2,札幌,5,09,ルスツ特･1勝,23,芝,0,2600,良,チェスナットドレス,牝,4,菊沢一樹,55.0,14,09,13,13,0,5.1,11,166.2,"2462",0,1,1,1,10,42.9,494,西村真幸,栗,0,17106198,01161,01148,0121250909,"GET NEXT",辻牧場,ディープスカイ,アドマイヤドレス,スピニングワールド,栗毛,170411,  132.2,  ,    ,36.2
21,08,28,2,札幌,5,09,ルスツ特･1勝,23,芝,0,2600,良,クープラン        ,牡,3,大野拓弥,54.0,14,10,7,7,0,1.3,1,162.4,"2424",0,5,5,4,6,38.8,530,橋田満,栗,0,18103762,01096,00362,0121250910,森田和豊,今牧場,ドゥラメンテ,サトノジェイド,"Cape Cross",鹿毛,180308,    3.4,  ,    ,45.6
21,08,28,2,札幌,5,09,ルスツ特･1勝,23,芝,0,2600,良,カフジアスール    ,牡,3,泉谷楓真,54.0,14,11,6,6,0,1,6,162.1,"2421",0,8,7,6,5,38.4,472,中竹和也,栗,0,18101562,01182,01039,0121250911,加藤守,川島牧場,ハービンジャー,カフジビーナス,ディープインパクト,鹿毛,180410,    8.3,  ,    ,46.6
21,08,28,2,札幌,5,09,ルスツ特･1勝,23,芝,0,2600,良,ハヤブサビッグバン,牡,3,菱田裕二,54.0,14,12,14,14,0,11.6,14,172.7,"2527",0,2,2,14,14,46.9,490,高柳瑞樹,美,0,18103986,01144,01118,0121250912,武田修,田中裕之,ヴィクトワールピサ,ジャストジョーイ,クロフネ,芦毛,180129,  233.3,  ,    ,30.5
21,08,28,2,札幌,5,09,ルスツ特･1勝,23,芝,0,2600,良,レシャバール      ,牡,3,横山武史,54.0,14,13,9,9,0,3,3,164.1,"2441",0,4,4,2,2,40.7,488,池江泰寿,栗,0,18105409,01170,01071,0121250913,G1レーシング,追分ファーム,ハービンジャー,オリエントチャーム,サンデーサイレンス,鹿毛,180320,    6.3,  ,    ,41.0
21,08,28,2,札幌,5,09,ルスツ特･1勝,23,芝,0,2600,良,ミライオー        ,牡,5,水口優也,57.0,14,14,11,11,0,3.3,9,164.4,"2444",0,12,13,9,11,40.4,518,加藤征弘,美,0,16104639,01133,01059,0121250914,林正道,ノーザンファーム,ハービンジャー,ミライエ,ディープインパクト,鹿毛,160211,   58.6,  ,    ,42.1
21,08,28,2,札幌,5,10,摩周湖Ｈ･2勝,43,芝,0,1200,良,エイカイマドンナ  ,牝,6,小沢大仁,52.0,14,01,13,13,0,1.1,11,70.8,"1108",0,0,0,3,4,35.7,444,藤原英昭,栗,0,15104546,01185,01055,0121251001,二木英徳,社台ファーム,ハーツクライ,マチカネハヤテ,サクラバクシンオー,鹿毛,150520,   55.1,  ,    ,48.3
21,08,28,2,札幌,5,10,摩周湖Ｈ･2勝,43,芝,0,1200,良,デストゥリエーレ  ,牡,3,菊沢一樹,50.0,14,02,10,10,0,0.6,12,70.3,"1103",0,0,0,9,11,34.8,462,池上昌和,美,0,18102966,01161,01150,0121251002,ライオンレースホー,秋場牧場,キズナ,サマールナ,アドマイヤムーン,青鹿,180322,   67.5,  ,    ,52.0
21,08,28,2,札幌,5,10,摩周湖Ｈ･2勝,43,芝,0,1200,良,ブロンズレッド    ,牡,3,団野大成,53.0,14,03,11,11,0,0.6,6,70.3,"1103",0,0,0,6,9,35.1,522,牧浦充徳,栗,0,18100433,01180,01113,0121251003,下河辺隆行,下河辺牧場,レッドスパーダ,ヘリテージゴールド,フジキセキ,栗毛,180218,   11.8,  ,    ,50.3
21,08,28,2,札幌,5,10,摩周湖Ｈ･2勝,43,芝,0,1200,良,エグレムニ        ,牡,4,古川吉洋,55.0,14,04,6,6,0,0.4,4,70.1,"1101",0,0,0,13,13,34,494,加用正,栗,0,17104873,01015,00425,0121251004,吉田照哉,社台ファーム,キズナ,ビーチアイドル,ファルブラヴ,鹿毛,170427,    6.2,  ,    ,56.2
21,08,28,2,札幌,5,10,摩周湖Ｈ･2勝,43,芝,0,1200,良,ディキシークイーン,牝,4,横山典弘,53.0,14,05,8,8,0,0.5,2,70.2,"1102",0,0,0,7,6,34.8,492,昆貢,栗,0,17103660,00660,01044,0121251005,寺田千代乃,タイヘイ牧場,ダイワメジャー,テネシーワルツ,"High Chaparral",鹿毛,170219,    4.4,  ,    ,51.7
21,08,28,2,札幌,5,10,摩周湖Ｈ･2勝,43,芝,0,1200,良,ミニオンペール    ,牝,5,黛弘人,53.0,14,06,1,1,0,-0.1,3,69.7,"1097",0,0,0,12,11,33.8,476,小手川準,美,1500,16100298,01109,01171,0121251006,ノルマンディーサラ,サンローゼン,マツリダゴッホ,トラックマグナ,アラジ,鹿毛,160604,    5.2,  ,    ,56.2
21,08,28,2,札幌,5,10,摩周湖Ｈ･2勝,43,芝,0,1200,良,セクシーフェイス  ,牝,4,秋山稔樹,51.0,14,07,12,12,0,0.7,13,70.4,"1104",0,0,0,13,13,34.4,438,大和田成,美,0,17104636,01181,01124,0121251007,社台レースホース,社台ファーム,エピファネイア,アイムオールレディセクシー,"Ready's Image",黒鹿,170227,   68.8,  ,    ,54.7
21,08,28,2,札幌,5,10,摩周湖Ｈ･2勝,43,芝,0,1200,良,テリーヌ          ,牝,3,泉谷楓真,51.0,14,08,9,9,0,0.5,5,70.2,"1102",0,0,0,3,3,35.1,420,長谷川浩,栗,0,18104340,01182,01173,0121251008,三木久史,フジワラフアーム,ダノンシャーク,ピサノグレース,フレンチデピュティ,鹿毛,180503,    7.8,  ,    ,50.0
21,08,28,2,札幌,5,10,摩周湖Ｈ･2勝,43,芝,0,1200,良,タイセイトレンディ,セ,6,菱田裕二,54.0,14,09,4,4,0,0.2,7,69.9,"1099",0,0,0,2,2,35,478,田中克典,栗,230,15105791,01144,01180,0121251009,田中成奉,タイヘイ牧場,ネオユニヴァース,ルナフェリーナ,"Storm Cat",青鹿,150418,   15.3,  ,    ,49.7
21,08,28,2,札幌,5,10,摩周湖Ｈ･2勝,43,芝,0,1200,良,エピローグ        ,牝,5,川又賢治,52.0,14,10,7,7,0,0.4,9,70.1,"1101",0,0,0,10,9,34.5,468,杉山佳明,栗,0,16101402,01166,01178,0121251010,藤田好紀,前田ファーム,ハービンジャー,ルイーズ,ロージズインメイ,鹿毛,160120,   36.0,  ,    ,53.2
21,08,28,2,札幌,5,10,摩周湖Ｈ･2勝,43,芝,0,1200,良,ヴォイスオブジョイ,牝,5,丹内祐次,53.0,14,11,3,3,0,0.2,8,69.9,"1099",0,0,0,10,6,34.2,472,水野貴広,美,380,16110058,01091,01094,0121251011,サラブレッドクラブ,"Bryan Connors",Magician,Sisheba,"Silent Name",鹿毛,160309,   24.1,  ,    ,54.4
21,08,28,2,札幌,5,10,摩周湖Ｈ･2勝,43,芝,0,1200,良,タピオカ          ,牝,4,大野拓弥,53.0,14,12,5,5,0,0.3,1,70,"1100",0,0,0,1,1,35.3,516,牧光二,美,150,17101107,01096,01106,0121251012,清水牧場,清水牧場,ケイムホーム,カルナアヴァンセ,キングヘイロー,青鹿,170501,    3.9,  ,    ,48.3
21,08,28,2,札幌,5,10,摩周湖Ｈ･2勝,43,芝,0,1200,良,ベッラヴォルタ    ,牝,4,亀田温心,52.0,14,13,2,2,0,0.1,10,69.8,"1098",0,0,0,7,4,34.4,492,加用正,栗,600,17102638,01176,00425,0121251013,ディアレストクラブ,前田ファーム,ヴィクトワールピサ,ミルククラウン,"Mr. Greeley",栗毛,170210,   40.9,  ,    ,52.9
21,08,28,2,札幌,5,10,摩周湖Ｈ･2勝,43,芝,0,1200,良,イルミネーター    ,牡,4,水口優也,54.0,14,14,14,14,0,1.9,14,71.6,"1116",0,0,0,3,6,36.5,494,羽月友彦,栗,0,17105895,01133,01091,0121251014,グリーンスウォード,岡部牧場,トーセンブライト,リエートフィーネ,ゼンノロブロイ,鹿毛,170418,  119.9,  ,    ,46.2
21,08,28,2,札幌,5,11,オホーツ･3勝,67,芝,0,2000,良,ドゥーカ          ,牡,8,国分恭介,57.0,15,01,13,13,0,1.3,14,122.7,"2027",0,4,4,3,3,36.4,508,野中賢二,栗,0,13103740,01124,01098,0121251101,カナヤマホールディ,三枝牧場,タイキシャトル,シェリーバレンシア,スピニングワールド,栗毛,130412,  143.7,  ,    ,51.6
21,08,28,2,札幌,5,11,オホーツ･3勝,67,芝,0,2000,良,マイエンフェルト  ,牝,5,川又賢治,55.0,15,02,14,14,0,1.4,12,122.8,"2028",0,1,1,1,2,36.8,472,杉山佳明,栗,0,16104410,01166,01178,0121251102,シルクレーシング,ノーザンファーム,ハービンジャー,アーデルハイト,アグネスタキオン,鹿毛,160313,   55.9,  ,    ,50.2
21,08,28,2,札幌,5,11,オホーツ･3勝,67,芝,0,2000,良,プリマヴィスタ    ,牡,4,池添謙一,57.0,15,03,12,12,0,0.8,11,122.2,"2022",0,13,13,14,13,35.1,462,矢作芳人,栗,0,17105106,01032,01075,0121251103,加藤裕司,社台コーポレーショ,ハーツクライ,サンヴァンサン,クロフネ,栗毛,170223,   38.2,  ,    ,56.3
21,08,28,2,札幌,5,11,オホーツ･3勝,67,芝,0,2000,良,ソルドラード      ,セ,5,横山武史,57.0,15,04,2,2,0,0.2,3,121.6,"2016",0,11,10,11,10,34.7,494,藤沢和雄,美,730,16104874,01170,00386,0121251104,キャロットファーム,ノーザンファーム,ロードカナロア,ラドラーダ,シンボリクリスエス,鹿毛,160124,    7.4,  ,    ,57.3
21,08,28,2,札幌,5,11,オホーツ･3勝,67,芝,0,2000,良,エヴァーガーデン  ,牝,4,黛弘人,55.0,15,05,7,7,0,0.4,7,121.8,"2018",0,2,2,2,1,35.7,482,高橋祥泰,美,0,17101449,01109,00359,0121251105,コスモヴューファー,コスモヴューファー,アイルハヴアナザー,モエレカトリーナ,ゴールドヘイロー,黒鹿,170220,   14.5,  ,    ,53.4
21,08,28,2,札幌,5,11,オホーツ･3勝,67,芝,0,2000,良,ヴィアメント      ,セ,4,団野大成,57.0,15,06,8,8,0,0.6,8,122,"2020",0,7,7,9,10,35.4,478,鹿戸雄一,美,0,17104810,01180,01097,0121251106,社台レースホース,社台ファーム,キングカメハメハ,ダイワズーム,ハーツクライ,栗毛,170214,   20.3,  ,    ,54.8
21,08,28,2,札幌,5,11,オホーツ･3勝,67,芝,0,2000,良,ターキッシュパレス,牡,4,横山典弘,57.0,15,07,3,3,0,0.2,4,121.6,"2016",0,14,14,11,13,34.8,486,昆貢,栗,460,17110029,00660,01044,0121251107,ゴドルフィン,Godolphin,"Golden Horn","Regency Romance",Diktat,青鹿,170405,   10.4,  ,    ,56.9
21,08,28,2,札幌,5,11,オホーツ･3勝,67,芝,0,2000,良,レオンドーロ      ,牝,5,丹内祐次,55.0,15,08,11,11,0,0.7,6,122.1,"2021",0,4,4,3,3,35.8,496,伊藤大士,美,0,16100706,01091,01109,0121251108,ビッグレッドファー,ビッグレッドファー,スクリーンヒーロー,コスモルーシー,マイネルラヴ,黒鹿,160530,   13.3,  ,    ,53.3
21,08,28,2,札幌,5,11,オホーツ･3勝,67,芝,0,2000,良,ウィナーポイント  ,牝,6,泉谷楓真,55.0,15,09,5,5,0,0.3,9,121.7,"2017",0,9,10,11,10,34.8,418,和田勇介,美,182,15101702,01182,01165,0121251109,岡田牧雄,出口牧場,スクリーンヒーロー,メイクデュース,トウカイテイオー,黒鹿,150222,   23.9,  ,    ,57.0
21,08,28,2,札幌,5,11,オホーツ･3勝,67,芝,0,2000,良,アンティシペイト  ,牡,4,横山和生,57.0,15,10,1,1,0,-0.2,1,121.4,"2014",0,7,7,9,9,34.7,502,国枝栄,美,1820,17105000,01140,00399,0121251110,G1レーシング,追分ファーム,ルーラーシップ,アンチュラス,ディープインパクト,鹿毛,170326,    2.2,  ,    ,57.1
21,08,28,2,札幌,5,11,オホーツ･3勝,67,芝,0,2000,良,コトブキテティス  ,牝,4,亀田温心,55.0,15,11,10,10,0,0.7,10,122.1,"2021",0,12,10,3,3,35.8,448,田島俊明,美,0,17102406,01176,01112,0121251111,尾上松壽,斉藤スタッド,ハービンジャー,エヴァ,キングカメハメハ,黒鹿,170416,   34.4,  ,    ,53.3
21,08,28,2,札幌,5,11,オホーツ･3勝,67,芝,0,2000,良,イルマタル        ,牝,5,藤岡佑介,55.0,15,12,9,9,0,0.7,13,122.1,"2021",0,2,3,3,3,35.9,472,渡辺薫彦,栗,0,16105066,01093,01155,0121251112,吉田照哉,社台ファーム,シンボリクリスエス,スカーレル,ゴールドアリュール,鹿毛,160315,   65.9,  ,    ,52.9
21,08,28,2,札幌,5,11,オホーツ･3勝,67,芝,0,2000,良,アノ              ,牡,5,古川吉洋,57.0,15,13,15,15,0,1.6,15,123,"2030",0,15,14,14,15,35.9,448,鈴木孝志,栗,0,16102556,01015,01111,0121251113,武田浩典,中神牧場,フレンチデピュティ,ミコノス,"With Approval",栗毛,160310,  209.4,  ,    ,54.0
21,08,28,2,札幌,5,11,オホーツ･3勝,67,芝,0,2000,良,シンボ            ,牡,4,武豊,57.0,15,14,4,4,0,0.2,5,121.6,"2016",0,6,6,7,7,35.2,462,小崎憲,栗,270,17101695,00666,01085,0121251114,龍光,長浜忠,ベーカバド,オギノシュタイン,ディープインパクト,鹿毛,170514,   11.0,  ,    ,55.2
21,08,28,2,札幌,5,11,オホーツ･3勝,67,芝,0,2000,良,ココニアル        ,牝,4,大野拓弥,55.0,15,15,6,6,0,0.4,2,121.8,"2018",0,9,9,8,7,35.3,452,和田勇介,美,0,17105137,01096,01165,0121251115,村田能光,社台コーポレーショ,タートルボウル,ブロンドヒロイン,グラスワンダー,栗毛,170428,    6.5,  ,    ,55.0
21,08,28,2,札幌,5,12,ニセコ特･1勝,23,ダ,1,1700,良,エムテイフラッシュ,牡,4,古川吉洋,57.0,14,01,8,8,0,0.9,13,107.8,"1478",0,8,7,8,11,38.2,488,谷潔,栗,0,17102309,01015,00431,0121251201,谷岡正次,折手牧場,ベルシャザール,ダンツクインビー,スペシャルウィーク,青鹿,170423,  190.9,  ,    ,49.4
21,08,28,2,札幌,5,12,ニセコ特･1勝,23,ダ,1,1700,良,ノーザンピーク    ,牡,3,丹内祐次,54.0,14,02,13,13,0,2.3,8,109.2,"1492",0,8,7,8,12,39.6,476,林徹,美,0,18106315,01091,01163,0121251202,ヒダカ・ブリーダー,辻牧場,ブラックタイド,アドマイヤチャーム,キングヘイロー,鹿毛,180319,   51.6,  ,    ,45.9
21,08,28,2,札幌,5,12,ニセコ特･1勝,23,ダ,1,1700,良,ライヴクラッカー  ,牡,3,松田大作,54.0,14,03,9,9,0,1,5,107.9,"1479",0,3,2,4,5,38.7,494,牧光二,美,0,18102382,01030,01106,0121251203,澤田孝之,守矢牧場,ホッコータルマエ,メロークーミス,ダンスインザダーク,黒鹿,180218,   13.0,  ,    ,47.5
21,08,28,2,札幌,5,12,ニセコ特･1勝,23,ダ,1,1700,良,フォアシュピール  ,セ,4,団野大成,57.0,14,04,4,4,0,0.3,9,107.2,"1472",0,1,1,1,1,38.3,460,小笠倫弘,美,160,17105579,01180,01076,0121251204,キャロットファーム,ノーザンファーム,ディープインパクト,ミュージカルロマンス,"Concorde's Tune",黒鹿,170513,   55.5,  ,    ,48.1
21,08,28,2,札幌,5,12,ニセコ特･1勝,23,ダ,1,1700,良,シンヨモギネス    ,牡,3,菱田裕二,54.0,14,05,1,1,0,-0.1,1,106.9,"1469",0,7,7,5,2,37.6,474,伊藤圭三,美,1060,18103711,01144,01023,0121251205,モンレーヴ,グランド牧場,ダノンレジェンド,グレースグランド,アドマイヤムーン,鹿毛,180324,    2.0,  ,    ,50.5
21,08,28,2,札幌,5,12,ニセコ特･1勝,23,ダ,1,1700,良,キゾク            ,牡,3,池添謙一,54.0,14,06,0,0,3,999.9,0,0,"----",0,0,0,0,0,0,492,池添兼雄,栗,0,18103993,01032,01021,0121251206,西村憲人,田中裕之,マクフィ,ルナーコロナ,ネオユニヴァース,栗毛,180406,    0.0,  ,    , 0.0
21,08,28,2,札幌,5,12,ニセコ特･1勝,23,ダ,1,1700,良,ナッシュカッツェ  ,牝,3,亀田温心,52.0,14,07,11,11,0,1.9,12,108.8,"1488",0,2,2,2,2,39.7,446,本間忍,美,0,18101110,01176,01056,0121251207,西村隆平,三輪牧場,ローエングリン,ターントゥタイド,ブラックタイド,栗毛,180401,  114.9,  ,    ,44.9
21,08,28,2,札幌,5,12,ニセコ特･1勝,23,ダ,1,1700,良,デルマタモン      ,牡,3,横山和生,54.0,14,08,3,3,0,0.1,2,107,"1470",0,13,13,13,7,37.1,502,勢司和浩,美,270,18100976,01140,01047,0121251208,浅沼廣幸,ファニーヒルファー,オンファイア,デルマトモエゴゼン,キングカメハメハ,栗毛,180506,    4.0,  ,    ,52.8
21,08,28,2,札幌,5,12,ニセコ特･1勝,23,ダ,1,1700,良,ジェイエルフラッグ,牝,5,小林凌大,55.0,14,09,7,7,0,0.7,10,107.6,"1476",0,10,10,12,12,37.9,452,小西一男,美,0,16103409,01177,00405,0121251209,橋元幸人,ナカノファーム,タイムパラドックス,ホウライビクトリア,コロナドズクエスト,青鹿,160502,   85.2,  ,    ,50.3
21,08,28,2,札幌,5,12,ニセコ特･1勝,23,ダ,1,1700,良,ハイラブハンター  ,牡,3,西谷凜,54.0,14,10,2,2,0,0.1,7,107,"1470",0,3,4,2,2,37.9,490,谷潔,栗,420,18103195,01189,00431,0121251210,服部新平,鮫川フアーム,メイショウサムソン,エスケイミネルバ,メイショウボーラー,鹿毛,180512,   18.8,  ,    ,49.4
21,08,28,2,札幌,5,12,ニセコ特･1勝,23,ダ,1,1700,良,バシレウス        ,牡,3,藤岡佑介,54.0,14,11,5,5,0,0.4,4,107.3,"1473",0,5,5,5,5,38,478,飯田祐史,栗,106,18100063,01093,01139,0121251211,カナヤマホールディ,新井昭二,ルーラーシップ,ロイヤルライン,クロフネ,鹿毛,180313,   11.7,  ,    ,49.5
21,08,28,2,札幌,5,12,ニセコ特･1勝,23,ダ,1,1700,良,フームスムート    ,牡,4,勝浦正樹,57.0,14,12,6,6,0,0.6,6,107.5,"1475",0,10,10,8,7,37.9,520,水野貴広,美,0,17104238,01025,01094,0121251212,ディアレストクラブ,ディアレストクラブ,トゥザグローリー,ディアジーローズ,ワイルドラッシュ,黒鹿,170216,   18.5,  ,    ,50.2
21,08,28,2,札幌,5,12,ニセコ特･1勝,23,ダ,1,1700,良,ヴィクトリオン    ,牡,3,原田和真,54.0,14,13,10,10,0,1.3,11,108.2,"1482",0,12,12,8,10,38.6,500,羽月友彦,栗,0,18100923,01143,01091,0121251213,中内田克二,日高大洋牧場,"Uncle Mo",イースターアイランド,"Giant's Causeway",鹿毛,180329,   93.1,  ,    ,48.4
21,08,28,2,札幌,5,12,ニセコ特･1勝,23,ダ,1,1700,良,メルテミア        ,牡,3,武豊,54.0,14,14,12,12,0,2,3,108.9,"1489",0,5,5,5,7,39.6,446,鈴木孝志,栗,0,18103266,00666,01111,0121251214,武田茂男,中神牧場,トゥザグローリー,ミコノス,"With Approval",鹿毛,180430,    5.6,  ,    ,45.5
21,08,29,2,札幌,6,01,未勝利・牝*,7,芝,0,1500,良,オゼイユ          ,牝,2,西谷凜,51.0,12,01,8,8,0,0.8,11,91.5,"1315",0,0,10,12,11,35.6,450,四位洋文,栗,0,19106616,01189,01184,0121260101,杉岡時治,藤原牧場,ラブリーデイ,オアシスムーン,アグネスタキオン,栗毛,190325,  307.8,  ,    ,54.7
21,08,29,2,札幌,6,01,未勝利・牝*,7,芝,0,1500,良,ブルトンクール    ,牝,2,大野拓弥,54.0,12,02,6,6,0,0.4,4,91.1,"1311",0,0,5,5,5,36.2,438,新開幸一,美,0,19104868,01096,01116,0121260102,会田浩史,社台ファーム,エピファネイア,ファビュラスセンス,グラスワンダー,栗毛,190316,    8.1,  ,    ,51.1
21,08,29,2,札幌,6,01,未勝利・牝*,7,芝,0,1500,良,ロジマギーゴー    ,牝,2,横山武史,54.0,12,03,7,7,0,0.6,3,91.3,"1313",0,0,10,10,9,35.9,444,須貝尚介,栗,0,19105196,01170,01105,0121260103,久米田正明,ノーザンファーム,ハーツクライ,ゴーマギーゴー,Ghostzapper,栗毛,190121,    6.9,  ,    ,52.9
21,08,29,2,札幌,6,01,未勝利・牝*,7,芝,0,1500,良,ミウィ            ,牝,2,小林凌大,51.0,12,04,11,11,0,1.2,7,91.9,"1319",0,0,12,11,10,36.3,420,大江原哲,美,0,19100122,01177,01012,0121260104,ORTEGA,柏木一則,ミュゼスルタン,タイセイボニータ,タイキシャトル,鹿毛,190320,   54.7,  ,    ,52.1
21,08,29,2,札幌,6,01,未勝利・牝*,7,芝,0,1500,良,レモンケーキ      ,牝,2,菱田裕二,54.0,12,05,2,2,0,0.1,5,90.8,"1308",0,0,7,8,7,35.6,428,岡田稲男,栗,200,19102070,01144,01066,0121260105,日高大洋牧場,日高大洋牧場,ブラックタイド,タイヨウパフューム,ジャングルポケット,黒鹿,190331,   12.1,  ,    ,53.4
21,08,29,2,札幌,6,01,未勝利・牝*,7,芝,0,1500,良,アルコローザ      ,牝,2,和田竜二,54.0,12,06,3,3,0,0.2,6,90.9,"1309",0,0,7,7,7,35.8,448,佐々木晶,栗,130,19106372,01018,00429,0121260106,飯田良枝,千代田牧場,ブラックタイド,ベストオブミー,ブライアンズタイム,黒鹿,190415,   28.4,  ,    ,52.6
21,08,29,2,札幌,6,01,未勝利・牝*,7,芝,0,1500,良,カスターニャルーナ,牝,2,藤岡佑介,54.0,12,07,4,4,0,0.3,10,91,"1310",0,0,2,2,2,36.4,456,武英智,栗,77,19104449,01093,01161,0121260107,吉田安惠,追分ファーム,ハービンジャー,インクレセント,アグネスタキオン,栗毛,190516,   82.3,  ,    ,50.0
21,08,29,2,札幌,6,01,未勝利・牝*,7,芝,0,1500,良,レアリアルノーヴ  ,牝,2,丹内祐次,54.0,12,08,12,12,0,3.8,12,94.5,"1345",0,0,7,8,12,39.3,476,伊藤伸一,美,0,19102796,01091,01031,0121260108,西田順彦,藤春修二,アーネストリー,ケイリュウフレンド,ハイアーゲーム,黒鹿,190415,  367.4,  ,    ,43.6
21,08,29,2,札幌,6,01,未勝利・牝*,7,芝,0,1500,良,モチベーション    ,牝,2,秋山稔樹,52.0,12,09,1,1,0,-0.1,1,90.7,"1307",0,0,2,3,4,36,434,清水英克,美,510,19103280,01181,01080,0121260109,石川秀守,水丸牧場,ガルボ,アドリアーネ,アグネスデジタル,鹿毛,190502,    1.7,  ,    ,51.3
21,08,29,2,札幌,6,01,未勝利・牝*,7,芝,0,1500,良,ジェネラルウィル  ,牝,2,団野大成,54.0,12,10,5,5,0,0.4,2,91.1,"1311",0,0,5,5,5,36.2,450,林徹,美,51,19105524,01180,01163,0121260110,キャロットファーム,ノーザンファーム,ドレフォン,リーチコンセンサス,フレンチデピュティ,栗毛,190403,    5.9,  ,    ,51.1
21,08,29,2,札幌,6,01,未勝利・牝*,7,芝,0,1500,良,チャオベッラ      ,牝,2,小沢大仁,51.0,12,11,9,9,0,1,8,91.7,"1317",0,0,4,3,2,37,450,西村真幸,栗,0,19104903,01185,01148,0121260111,吉田千津,社台ファーム,ハービンジャー,ベラフォレスタ,ゼンノロブロイ,鹿毛,190316,   54.8,  ,    ,48.6
21,08,29,2,札幌,6,01,未勝利・牝*,7,芝,0,1500,良,エイシンウパシ    ,牝,2,荻野琢真,54.0,12,12,10,10,0,1,9,91.7,"1317",0,0,1,1,1,37.3,462,今野貞一,栗,0,19103465,01112,01128,0121260112,栄進堂,栄進牧場,エイシンヒカリ,エイシンルンナ,エイシンワシントン,芦毛,190418,   59.2,  ,    ,47.2
21,08,29,2,札幌,6,02,未勝利,7,ダ,1,1000,良,バンベルク        ,牡,3,横山和生,56.0,12,01,3,3,0,0.2,1,59.9,"0599",0,0,0,8,6,35.5,466,安田隆行,栗,130,18105258,01140,00438,0121260201,キャロットファーム,ノーザンファーム,エピファネイア,ペルレンケッテ,ディープインパクト,鹿毛,180127,    3.2,  ,    ,53.1
21,08,29,2,札幌,6,02,未勝利,7,ダ,1,1000,良,モンサンレックス  ,牡,3,松田大作,56.0,12,02,9,9,0,0.7,7,60.4,"1004",0,0,0,12,10,35.5,494,牧光二,美,0,18100446,01030,01106,0121260202,山下新一,下河辺牧場,スマートファルコン,モンサンアルビレオ,シニスターミニスター,栗毛,180310,   22.9,  ,    ,55.2
21,08,29,2,札幌,6,02,未勝利,7,ダ,1,1000,良,アブルマドール    ,牡,3,小沢大仁,53.0,12,03,6,6,0,0.4,9,60.1,"1001",0,0,0,9,9,35.5,474,安田翔伍,栗,0,18105010,01185,01164,0121260203,サンデーレーシング,ノーザンファーム,ロードカナロア,クレアドール,ハーツクライ,黒鹿,180304,   35.9,  ,    ,53.9
21,08,29,2,札幌,6,02,未勝利,7,ダ,1,1000,良,ブルーグリッター  ,牡,3,小林凌大,53.0,12,04,12,12,0,2.8,10,62.5,"1025",0,0,0,4,12,38.4,448,新開幸一,美,0,18100578,01177,01116,0121260204,井手慶祐,スマイルファーム,スウェプトオーヴァーボード,プリンセスケイ,タニノギムレット,芦毛,180513,  154.6,  ,    ,44.1
21,08,29,2,札幌,6,02,未勝利,7,ダ,1,1000,良,マイブリュージュ  ,牝,3,秋山稔樹,52.0,12,05,5,5,0,0.4,4,60.1,"1001",0,0,0,1,1,36.3,484,池上昌和,美,51,18102448,01181,01150,0121260205,小関昭次,上村清志,シニスターミニスター,クリスタルボイス,キングカメハメハ,鹿毛,180401,    5.3,  ,    ,48.3
21,08,29,2,札幌,6,02,未勝利,7,ダ,1,1000,良,ウォーターリリー  ,牝,3,亀田温心,53.0,12,06,11,11,0,1.9,11,61.6,"1016",0,0,0,9,10,37,474,大竹正博,美,0,18100380,01176,01102,0121260206,村野康司,下河辺牧場,ロードカナロア,エスカナール,スペシャルウィーク,鹿毛,180320,  182.8,  ,    ,49.7
21,08,29,2,札幌,6,02,未勝利,7,ダ,1,1000,良,スペシャリティ    ,牝,3,吉田隼人,54.0,12,07,1,1,0,0,2,59.7,"0597",0,0,0,4,4,35.6,414,坂口智康,栗,510,18102592,01095,01170,0121260207,中村智幸,ケイアイファーム,キンシャサノキセキ,パッソ,キングカメハメハ,青鹿,180315,    4.6,  ,    ,51.5
21,08,29,2,札幌,6,02,未勝利,7,ダ,1,1000,良,オウケンビリュウ  ,牝,3,団野大成,54.0,12,08,4,4,0,0.3,5,60,"1000",0,0,0,2,2,36.2,440,藤岡健一,栗,77,18106328,01180,01062,0121260208,福井明,辻牧場,ロードカナロア,オウケンハナミズキ,バゴ,鹿毛,180425,    6.9,  ,    ,48.6
21,08,29,2,札幌,6,02,未勝利,7,ダ,1,1000,良,クツワノセキトリ  ,牡,3,丹内祐次,56.0,12,09,7,7,0,0.4,8,60.1,"1001",0,0,0,7,6,35.9,466,岩戸孝樹,美,0,18104211,01091,01051,0121260209,芳賀克也,野坂牧場,ヴィットリオドーロ,クツワホームラン,ハーツクライ,栗毛,180311,   34.9,  ,    ,51.1
21,08,29,2,札幌,6,02,未勝利,7,ダ,1,1000,良,ウインカンターレ  ,牝,3,横山武史,54.0,12,10,8,8,0,0.5,3,60.2,"1002",0,0,0,4,4,36.2,486,上原博之,美,0,18101639,01170,00423,0121260210,ウイン,コスモヴューファー,ダノンシャンティ,サマーソング,ロージズインメイ,鹿毛,180527,    5.0,  ,    ,49.4
21,08,29,2,札幌,6,02,未勝利,7,ダ,1,1000,良,ブラウオリゾン    ,牡,3,山田敬士,54.0,12,11,10,10,0,0.8,12,60.5,"1005",0,0,0,3,3,36.6,522,勢司和浩,美,0,18100767,01173,01047,0121260211,ディアレストクラブ,ディアレストクラブ,ナムラタイタン,バースデイパーティ,アドマイヤムーン,鹿毛,180522,  196.3,  ,    ,48.0
21,08,29,2,札幌,6,02,未勝利,7,ダ,1,1000,良,ライズンシャイン  ,牝,3,菱田裕二,54.0,12,12,2,2,0,0,6,59.7,"0597",0,0,0,11,6,35,500,岡田稲男,栗,200,18100421,01144,01066,0121260212,下河辺牧場,下河辺牧場,ジャスタウェイ,パッションローズ,アフリート,栗毛,180215,   12.2,  ,    ,55.9
21,08,29,2,札幌,6,03,未勝利・牝,7,ダ,1,1700,良,ウィズザワールド  ,牝,3,団野大成,54.0,14,01,6,6,0,0.8,1,107.5,"1475",0,3,4,4,5,38.7,472,松山将樹,美,0,18102417,01180,01100,0121260301,阿部善武,ラツキー牧場,トゥザワールド,シルキーウィズ,エンドスウィープ,栗毛,180428,    2.1,  ,    ,47.0
21,08,29,2,札幌,6,03,未勝利・牝,7,ダ,1,1700,良,エルソール        ,牝,3,泉谷楓真,53.0,14,02,1,1,0,-0.1,4,106.7,"1467",0,7,6,9,7,37.6,446,池江泰寿,栗,510,18104150,01182,01071,0121260302,吉澤ホールディング,飛野牧場,ディープインパクト,パープル,Galileo,鹿毛,180329,   12.3,  ,    ,50.2
21,08,29,2,札幌,6,03,未勝利・牝,7,ダ,1,1700,良,シャトワイエー    ,牝,3,菱田裕二,54.0,14,03,4,4,0,0.5,3,107.2,"1472",0,3,3,3,2,38.6,442,岡田稲男,栗,77,18104342,01144,01066,0121260303,フジワラ・ファーム,フジワラフアーム,カレンブラックヒル,ブリリン,タイキシャトル,栃栗,180304,    4.7,  ,    ,46.9
21,08,29,2,札幌,6,03,未勝利・牝,7,ダ,1,1700,良,イダリス          ,牝,3,勝浦正樹,54.0,14,04,13,13,0,4.9,14,111.6,"1516",0,7,8,11,13,42.1,438,藤原辰雄,美,0,18109086,01025,00435,0121260304,松尾正,松尾豊,バゴ,ハルカ,ゼンノロブロイ,青鹿,180407,  347.1,  ,    ,40.0
21,08,29,2,札幌,6,03,未勝利・牝,7,ダ,1,1700,良,ドラマティコ      ,牝,3,国分恭介,54.0,14,05,2,2,0,0.1,6,106.8,"1468",0,11,10,11,7,37.4,486,野中賢二,栗,200,18106503,01124,01098,0121260305,カナヤマホールディ,三嶋牧場,ドゥラメンテ,オペラデイム,"Medaglia d'Oro",青鹿,180318,   16.2,  ,    ,51.2
21,08,29,2,札幌,6,03,未勝利・牝,7,ダ,1,1700,良,グッドイヤー      ,牝,3,西谷凜,51.0,14,06,10,10,0,2.1,9,108.8,"1488",0,11,12,1,2,40.4,440,高橋康之,栗,0,18100450,01189,01135,0121260306,佐々木孝之,下河辺牧場,ラブリーデイ,ララエクレリゼ,スペシャルウィーク,鹿毛,180127,   67.6,  ,    ,42.3
21,08,29,2,札幌,6,03,未勝利・牝,7,ダ,1,1700,良,シルミーヌ        ,牝,3,丹内祐次,54.0,14,07,3,3,0,0.4,8,107.1,"1471",0,3,4,4,2,38.3,442,田中剛,美,130,18102298,01091,01119,0121260307,市瀬章,村上欽哉,エイシンヒカリ,ホットサマーデイ,アポインテッドデイ,黒鹿,180211,   61.4,  ,    ,48.0
21,08,29,2,札幌,6,03,未勝利・牝,7,ダ,1,1700,良,ベニノフェアリー  ,牝,3,山田敬士,52.0,14,08,7,7,0,1.3,7,108,"1480",0,6,6,4,9,39.2,450,粕谷昌央,美,0,18106793,01173,01096,0121260308,紅谷,川上牧場,ノボジャック,ワイルドダンス,ダンスインザダーク,栗毛,180507,   22.7,  ,    ,45.7
21,08,29,2,札幌,6,03,未勝利・牝,7,ダ,1,1700,良,フェアリーバローズ,牝,3,吉田隼人,54.0,14,09,9,9,0,1.5,5,108.2,"1482",0,10,10,11,10,38.8,424,辻野泰之,栗,0,18101327,01095,01183,0121260309,猪熊広次,二風谷ファーム,ロードカナロア,パローマ,ディープインパクト,鹿毛,180526,   13.7,  ,    ,47.6
21,08,29,2,札幌,6,03,未勝利・牝,7,ダ,1,1700,良,トップシンデレラ  ,牝,3,小林凌大,51.0,14,10,14,14,0,5,10,111.7,"1517",0,1,1,4,11,42.9,458,古賀史生,美,0,18106046,01177,00392,0121260310,平賀久枝,鎌田正嗣,ヴィクトワールピサ,プリティウイッチ,クロフネ,黒鹿,180317,   69.2,  ,    ,37.5
21,08,29,2,札幌,6,03,未勝利・牝,7,ダ,1,1700,良,カフジアマリージャ,牝,3,古川吉洋,54.0,14,11,11,11,0,3.1,12,109.8,"1498",0,7,8,10,12,40.6,442,木原一良,栗,0,18103915,01015,01033,0121260311,加藤守,タイヘイ牧場,エピファネイア,サウンドアドバイス,アグネスタキオン,栗毛,180413,  144.7,  ,    ,43.0
21,08,29,2,札幌,6,03,未勝利・牝,7,ダ,1,1700,良,ルージュパルファン,牝,3,亀田温心,53.0,14,12,12,12,0,3.6,13,110.3,"1503",0,13,13,14,14,40.5,384,平田修,栗,0,18105362,01176,01082,0121260312,東京ホースレーシン,ノーザンファーム,ノヴェリスト,レッドオリヴィア,ジャングルポケット,鹿毛,180302,  204.1,  ,    ,44.0
21,08,29,2,札幌,6,03,未勝利・牝,7,ダ,1,1700,良,サンベリーナ      ,牝,3,小沢大仁,51.0,14,13,5,5,0,0.7,11,107.4,"1474",0,2,2,2,1,38.9,488,羽月友彦,栗,51,18106238,01185,01091,0121260313,ターフ・スポート,谷川牧場,ヘニーヒューズ,オリジナルスピン,Machiavellian,栗毛,180320,   73.7,  ,    ,46.1
21,08,29,2,札幌,6,03,未勝利・牝,7,ダ,1,1700,良,アンドルディース  ,牝,3,横山和生,54.0,14,14,8,8,0,1.4,2,108.1,"1481",0,14,13,4,5,39.3,468,国枝栄,美,0,18104927,01140,00399,0121260314,サンデーレーシング,ノーザンファーム,ハーツクライ,ウィキッドリーパーフェクト,Congrats,芦毛,180306,    4.1,  ,    ,45.5
21,08,29,2,札幌,6,04,未勝利,7,芝,0,2000,良,ショウナンサルヴォ,牡,3,池添謙一,56.0,16,01,10,10,0,0.8,6,122.9,"2029",0,10,10,8,8,36.4,490,吉村圭司,栗,0,18100827,01032,01130,0121260401,国本哲秀,中原牧場,ジャングルポケット,ショウナンラノビア,フレンチデピュティ,栗毛,180421,   11.6,  ,    ,51.8
21,08,29,2,札幌,6,04,未勝利,7,芝,0,2000,良,ターゲット        ,牡,3,大野拓弥,56.0,16,02,8,8,0,0.7,11,122.8,"2028",0,6,6,6,6,36.7,528,斎藤誠,美,0,18106669,01096,01086,0121260402,石川達絵,猿倉牧場,ルーラーシップ,ミステリアスガール,アグネスタキオン,鹿毛,180306,   28.3,  ,    ,50.5
21,08,29,2,札幌,6,04,未勝利,7,芝,0,2000,良,エリカステラ      ,牝,3,藤岡佑介,54.0,16,03,14,14,0,1.2,8,123.3,"2033",0,10,10,10,12,36.7,402,藤原英昭,栗,0,18104842,01093,01055,0121260403,三木正浩,社台ファーム,ディープインパクト,リリーオブザヴァレー,Galileo,鹿毛,180404,   17.1,  ,    ,51.1
21,08,29,2,札幌,6,04,未勝利,7,芝,0,2000,良,エイムトゥルー    ,牡,3,横山和生,56.0,16,04,1,1,0,-0.2,5,122.1,"2021",0,2,2,2,2,37.1,516,奥村武,美,510,18105575,01140,01145,0121260404,吉田晴哉,社台コーポレーショ,エイシンフラッシュ,ロフティーエイム,サンデーサイレンス,青鹿,180316,    9.9,  ,    ,48.2
21,08,29,2,札幌,6,04,未勝利,7,芝,0,2000,良,ラシャトレーン    ,牝,3,小林凌大,51.0,16,05,12,12,0,1.1,15,123.2,"2032",0,8,8,10,10,36.6,454,小島茂之,美,0,18101500,01177,01068,0121260405,加藤徹,大狩部牧場,ベルシャザール,マレンカヤ,ファンタスティックライト,黒鹿,180222,  278.2,  ,    ,51.4
21,08,29,2,札幌,6,04,未勝利,7,芝,0,2000,良,ミレッシモ        ,牝,3,団野大成,54.0,16,06,9,9,0,0.7,12,122.8,"2028",0,8,8,8,8,36.3,448,林徹,美,0,18106331,01180,01163,0121260406,ライオンレースホー,辻牧場,ドゥラメンテ,オリエンタルリリー,ダイワメジャー,鹿毛,180423,   51.6,  ,    ,52.1
21,08,29,2,札幌,6,04,未勝利,7,芝,0,2000,良,ヘネラリーフェ    ,牝,3,吉田隼人,54.0,16,07,3,3,0,0.4,7,122.5,"2025",0,7,7,7,6,36.1,450,橋田満,栗,130,18106353,01095,00362,0121260407,森田和豊,辻牧場,ドゥラメンテ,トーコーヴィオラ,ディープインパクト,栗毛,180510,   13.8,  ,    ,52.6
21,08,29,2,札幌,6,04,未勝利,7,芝,0,2000,良,コンフィアンス    ,牝,3,西谷凜,51.0,16,08,4,4,0,0.5,2,122.6,"2026",0,15,15,14,10,35.6,452,戸田博文,美,64,18103066,01189,01054,0121260408,京都ホースレーシン,上山牧場,キズナ,アルマシャウラ,アドマイヤムーン,鹿毛,180316,    5.5,  ,    ,54.7
21,08,29,2,札幌,6,04,未勝利,7,芝,0,2000,良,ペガサステソーロ  ,牡,3,亀田温心,55.0,16,09,11,11,0,1,14,123.1,"2031",0,12,14,14,14,36,428,伊坂重信,美,0,18100999,01176,01177,0121260409,了徳寺健二ホールデ,藤本ファーム,アドマイヤムーン,ルンバブギー,"Rainbow Quest",鹿毛,180415,   89.1,  ,    ,53.7
21,08,29,2,札幌,6,04,未勝利,7,芝,0,2000,良,フィリウスデイ    ,牡,3,菱田裕二,56.0,16,10,6,6,0,0.5,10,122.6,"2026",0,12,12,13,13,35.7,420,辻野泰之,栗,0,18102900,01144,01183,0121260410,杉山忠国,明治牧場,ルーラーシップ,ゴットサーガ,ダンスインザダーク,黒鹿,180402,   27.1,  ,    ,54.3
21,08,29,2,札幌,6,04,未勝利,7,芝,0,2000,良,ヒカリネツガル    ,牝,3,荻野琢真,54.0,16,11,16,16,0,2.3,16,124.4,"2044",0,16,16,16,16,37,416,松下武士,栗,0,18104547,01112,01149,0121260411,村田能光,社台ファーム,ハービンジャー,エクスプレスレーン,ディープインパクト,鹿毛,180417,  283.8,  ,    ,51.2
21,08,29,2,札幌,6,04,未勝利,7,芝,0,2000,良,ウエスタンエポナ  ,牝,3,小沢大仁,51.0,16,12,2,2,0,0.2,9,122.3,"2023",0,4,5,5,5,36.6,424,国枝栄,美,200,18104935,01185,00399,0121260412,西川賢,ノーザンファーム,Frankel,ウエスタンマンデラ,ネオユニヴァース,鹿毛,180214,   19.6,  ,    ,50.4
21,08,29,2,札幌,6,04,未勝利,7,芝,0,2000,良,メモラーブル      ,牝,3,秋山稔樹,52.0,16,13,15,15,0,1.3,1,123.4,"2034",0,12,12,10,14,36.7,464,武藤善則,美,0,18105450,01181,01064,0121260413,吉田晴哉,追分ファーム,ハービンジャー,ユアメモリー,シンボリクリスエス,鹿毛,180322,    4.2,  ,    ,51.2
21,08,29,2,札幌,6,04,未勝利,7,芝,0,2000,良,マイネルダグラス  ,牡,3,丹内祐次,56.0,16,14,7,7,0,0.6,3,122.7,"2027",0,4,4,4,3,37.3,502,相沢郁,美,0,18102148,01091,01020,0121260414,サラブレッドクラブ,ビッグレッドファー,スクリーンヒーロー,マイネアルデュール,アドマイヤコジーン,鹿毛,180602,    5.7,  ,    ,48.1
21,08,29,2,札幌,6,04,未勝利,7,芝,0,2000,良,ケイティミシェル  ,牝,3,菊沢一樹,54.0,16,15,13,13,0,1.1,13,123.2,"2032",0,3,3,3,3,38,410,清水英克,美,0,18103906,01161,01080,0121260415,瀧本和義,曾我博,ヴァンセンヌ,クインズジュエリー,ハービンジャー,鹿毛,180504,   75.8,  ,    ,46.1
21,08,29,2,札幌,6,04,未勝利,7,芝,0,2000,良,アースフレア      ,牝,3,泉谷楓真,53.0,16,16,4,4,0,0.5,4,122.6,"2026",0,1,1,1,1,39.1,490,本田優,栗,64,18104314,01182,01099,0121260416,フジワラ・ファーム,フジワラフアーム,Frankel,エレアノラデュース,Azamour,鹿毛,180301,    6.1,  ,    ,41.5
21,08,29,2,札幌,6,05,新馬,15,芝,0,1800,良,ラインラペーシュ  ,牝,2,勝浦正樹,54.0,12,01,11,11,0,4.7,10,115.7,"1557",0,12,12,12,12,37.8,456,水野貴広,美,0,19100462,01025,01094,0121260501,大澤繁昌,中地広大,サトノアラジン,ロイヤルフレア,フレンチデピュティ,鹿毛,190206,   72.1,  ,    ,53.0
21,08,29,2,札幌,6,05,新馬,15,芝,0,1800,良,エンドロール      ,牡,2,秋山稔樹,52.0,12,02,5,5,0,1.1,5,112.1,"1521",0,1,1,1,2,36.4,464,青木孝文,美,70,19103081,01181,01156,0121260502,石川秀守,白井吉美,ガルボ,トゥファーアウェイ,チチカステナンゴ,黒鹿,190508,   15.1,  ,    ,54.0
21,08,29,2,札幌,6,05,新馬,15,芝,0,1800,良,サンハンニバル    ,牡,2,丹内祐次,54.0,12,03,4,4,0,0.6,4,111.6,"1516",0,4,3,3,3,35.6,440,藤原辰雄,美,110,19101117,01091,00435,0121260503,加藤ステーブル,清水牧場,ノヴェリスト,サーソーラ,Dalakhani,鹿毛,190327,    6.3,  ,    ,56.7
21,08,29,2,札幌,6,05,新馬,15,芝,0,1800,良,セリガチ          ,牡,2,山田敬士,52.0,12,04,10,10,0,3,11,114,"1540",0,8,8,9,9,36.9,454,小桧山悟,美,0,19100502,01173,01005,0121260504,福田光博,中山高鹿康,ジャングルポケット,ミフユ,ティンバーカントリー,栗毛,190407,  130.4,  ,    ,54.5
21,08,29,2,札幌,6,05,新馬,15,芝,0,1800,良,コブラクロー      ,牡,2,亀田温心,53.0,12,05,7,7,0,1.8,8,112.8,"1528",0,11,11,8,8,36.1,548,鮫島一歩,栗,0,19105600,01176,01046,0121260505,山口正行,橋本牧場,サトノアラジン,シルショコラティエ,カコイーシーズ,鹿毛,190321,   43.9,  ,    ,56.2
21,08,29,2,札幌,6,05,新馬,15,芝,0,1800,良,ディープレイヤー  ,牡,2,大野拓弥,54.0,12,06,2,2,0,0.1,3,111.1,"1511",0,4,5,3,3,35.1,476,大和田成,美,280,19105844,01096,01124,0121260506,嶋田一成,岡田牧場,ディーマジェスティ,クインズプレイヤー,トウカイテイオー,黒鹿,190320,    4.6,  ,    ,58.3
21,08,29,2,札幌,6,05,新馬,15,芝,0,1800,良,シャイニーストーン,牡,2,吉田隼人,54.0,12,07,6,6,0,1.6,9,112.6,"1526",0,6,5,6,6,36.4,548,羽月友彦,栗,0,19101226,01095,01091,0121260507,小林昌志,雅牧場,ストロングリターン,ブライティアダンス,ダンスインザダーク,青鹿,190422,   48.5,  ,    ,54.7
21,08,29,2,札幌,6,05,新馬,15,芝,0,1800,良,ホワイトエーレ    ,牡,2,原田和真,54.0,12,08,9,9,0,2.2,6,113.2,"1532",0,8,8,9,9,36.2,424,勢司和浩,美,0,19100780,01143,01047,0121260508,ビッグレッドファー,ビッグレッドファー,ゴールドシップ,マイネエポナ,キングカメハメハ,芦毛,190328,   36.7,  ,    ,56.4
21,08,29,2,札幌,6,05,新馬,15,芝,0,1800,良,ラパン            ,牡,2,古川吉洋,54.0,12,09,12,12,0,4.9,12,115.9,"1559",0,10,10,11,11,38.3,468,村山明,栗,0,19100281,01015,01107,0121260509,首藤徳,シンユウフアーム,ラブリーデイ,ビクトリーレディー,ネオユニヴァース,鹿毛,190306,  151.3,  ,    ,51.3
21,08,29,2,札幌,6,05,新馬,15,芝,0,1800,良,オーロロッソ      ,牡,2,団野大成,54.0,12,10,3,3,0,0.4,2,111.4,"1514",0,7,7,6,5,35.2,396,野中賢二,栗,180,19105540,01180,01098,0121260510,シルクレーシング,ノーザンファーム,オルフェーヴル,レッドオリヴィア,ジャングルポケット,栗毛,190330,    3.9,  ,    ,58.2
21,08,29,2,札幌,6,05,新馬,15,芝,0,1800,良,リオレ            ,牝,2,小沢大仁,51.0,12,11,8,8,0,1.8,7,112.8,"1528",0,3,3,3,6,36.8,450,浅見秀一,栗,0,19104543,01185,00411,0121260511,吉田安惠,社台コーポレーショ,モーリス,コーディリア,シンボリクリスエス,鹿毛,190221,   37.2,  ,    ,53.3
21,08,29,2,札幌,6,05,新馬,15,芝,0,1800,良,レイトカンセイオー,牡,2,横山武史,54.0,12,12,1,1,0,-0.1,1,111,"1510",0,2,2,2,1,35.2,444,和田勇介,美,700,19104816,01170,01165,0121260512,村田能光,社台ファーム,ハービンジャー,チョコレートバイン,ディープインパクト,鹿毛,190502,    2.6,  ,    ,57.7
21,08,29,2,札幌,6,06,未勝利,7,ダ,1,1700,良,メイショウコトダマ,牡,3,団野大成,56.0,14,01,9,9,0,2.4,3,108.7,"1487",0,10,10,13,13,38.9,464,荒川義之,栗,0,18106203,01180,01095,0121260601,松本好雄,太陽牧場,メイショウボーラー,メイショウフクヒメ,バブルガムフェロー,黒鹿,180527,    6.1,  ,    ,47.9
21,08,29,2,札幌,6,06,未勝利,7,ダ,1,1700,良,ヒシハルク        ,牡,3,藤岡佑介,56.0,14,02,7,7,0,1.8,5,108.1,"1481",0,10,10,2,2,40.1,500,堀宣行,美,0,18105374,01093,01070,0121260602,阿部雅英,ノーザンファーム,ブラックタイド,レーゲンボーゲン,フレンチデピュティ,鹿毛,180226,    9.6,  ,    ,42.5
21,08,29,2,札幌,6,06,未勝利,7,ダ,1,1700,良,ブラッティーキッド,牡,3,水口優也,56.0,14,03,2,2,0,0.4,2,106.7,"1467",0,6,6,6,6,38.1,508,中尾秀正,栗,200,18103954,01133,01069,0121260603,グリーンスウォード,高橋フアーム,シニスターミニスター,デザートレジーナ,タヤスツヨシ,栗毛,180503,    6.1,  ,    ,48.2
21,08,29,2,札幌,6,06,未勝利,7,ダ,1,1700,良,カヴァーチャ      ,牝,3,菊沢一樹,54.0,14,04,0,0,4,999.9,13,0,"----",0,3,4,13,14,0,480,大江原哲,美,0,18103801,01161,01012,0121260604,ORTEGA,坂本春信,ミュゼスルタン,スマートブライト,アグネスタキオン,栗毛,180414,  244.3,  ,    , 0.0
21,08,29,2,札幌,6,06,未勝利,7,ダ,1,1700,良,メイショウソウゴン,牡,3,丹内祐次,56.0,14,05,5,5,0,1.5,9,107.8,"1478",0,5,4,4,3,39.3,474,藤沢則雄,栗,51,18105843,01091,01041,0121260605,松本好雄,赤田牧場,アジアエクスプレス,シーエンプレス,ダンスインザダーク,栗毛,180530,   33.8,  ,    ,45.1
21,08,29,2,札幌,6,06,未勝利,7,ダ,1,1700,良,ブリエヴェール    ,牡,3,池添謙一,56.0,14,06,1,1,0,-0.4,8,106.3,"1463",0,1,1,1,1,38.3,468,小笠倫弘,美,510,18104849,01032,01076,0121260606,グリーンファーム,社台ファーム,エイシンフラッシュ,レイヨンヴェール,ゴールドアリュール,青鹿,180415,   32.5,  ,    ,46.8
21,08,29,2,札幌,6,06,未勝利,7,ダ,1,1700,良,ワールドマックス  ,牡,3,古川吉洋,56.0,14,07,13,13,0,4.1,14,110.4,"1504",0,12,12,10,11,41.2,474,竹内正洋,美,0,18101554,01015,01152,0121260607,池田草龍,上井農場,トゥザワールド,ヒシクリッパー,ジャングルポケット,青鹿,180427,  265.7,  ,    ,41.6
21,08,29,2,札幌,6,06,未勝利,7,ダ,1,1700,良,バクシンクイン    ,牝,3,川又賢治,54.0,14,08,11,11,0,2.6,12,108.9,"1489",0,12,12,9,7,40,466,松永康利,美,0,18100356,01166,01093,0121260608,井上久光,サンバマウンテンフ,バトルプラン,バクシンオージョ,タイキシャトル,栗毛,180407,  214.3,  ,    ,44.0
21,08,29,2,札幌,6,06,未勝利,7,ダ,1,1700,良,スマートエミネンス,牡,3,小沢大仁,53.0,14,09,12,12,0,3.2,7,109.5,"1495",0,8,8,7,9,40.7,452,松永昌博,栗,0,18103885,01185,01083,0121260609,大川徹,静内山田牧場,ワールドエース,スマートアルファ,アグネスデジタル,芦毛,180214,   28.6,  ,    ,42.2
21,08,29,2,札幌,6,06,未勝利,7,ダ,1,1700,良,レディヴィクトリア,牝,3,勝浦正樹,54.0,14,10,8,8,0,2.1,11,108.4,"1484",0,8,8,12,11,39,442,勢司和浩,美,0,18106478,01025,01047,0121260610,谷口祐人,松田憲一,トゥザグローリー,レディブライアン,ブライアンズタイム,青毛,180217,   78.8,  ,    ,47.1
21,08,29,2,札幌,6,06,未勝利,7,ダ,1,1700,良,クリノハーベスト  ,牡,3,西谷凜,53.0,14,11,10,10,0,2.4,10,108.7,"1487",0,7,6,7,7,39.9,498,高橋康之,栗,0,18100857,01189,01135,0121260611,栗本博晴,日西牧場,ケイムホーム,ドナメジャー,ダイワメジャー,鹿毛,180311,   56.9,  ,    ,44.1
21,08,29,2,札幌,6,06,未勝利,7,ダ,1,1700,良,シゲルダイナミック,牡,3,武豊,56.0,14,12,3,3,0,0.9,1,107.2,"1472",0,2,2,3,3,39,494,大橋勇樹,栗,130,18104360,00666,01065,0121260612,森中蕃,藤原牧場,マジェスティックウォリアー,グローバルソング,ブライアンズタイム,鹿毛,180316,    1.9,  ,    ,45.4
21,08,29,2,札幌,6,06,未勝利,7,ダ,1,1700,良,ジョブックルーチェ,牝,3,山田敬士,52.0,14,13,6,6,0,1.6,4,107.9,"1479",0,12,14,11,9,38.6,470,小桧山悟,美,0,18103429,01173,01005,0121260613,萩本企画,池田スタッド,ダイワメジャー,カルトマリーヌ,クロフネ,黒鹿,180525,    7.6,  ,    ,47.9
21,08,29,2,札幌,6,06,未勝利,7,ダ,1,1700,良,アルマブレイド    ,牡,3,秋山稔樹,54.0,14,14,4,4,0,1.4,6,107.7,"1477",0,3,2,4,3,39.3,498,高橋文雅,美,77,18103163,01181,01134,0121260614,コウトミックレーシ,小島牧場,ヴィクトワールピサ,アルマディヴァン,メジロベイリー,青鹿,180420,   22.1,  ,    ,44.9
21,08,29,2,札幌,6,07,１勝ｸﾗｽ,23,ダ,1,1000,良,インワンシティング,牡,3,小沢大仁,51.0,12,01,11,11,0,1.3,5,60.7,"1007",0,0,0,8,10,36,464,浅見秀一,栗,0,18105433,01185,00411,0121260701,G1レーシング,追分ファーム,ディープインパクト,パーソナルダイアリー,"City Zip",鹿毛,180327,   12.8,  ,    ,52.9
21,08,29,2,札幌,6,07,１勝ｸﾗｽ,23,ダ,1,1000,良,サーストンネイジュ,牝,5,団野大成,55.0,12,02,10,10,0,1.2,11,60.6,"1006",0,0,0,10,11,35.8,484,橋田満,栗,0,16101428,01180,00362,0121260702,玉置潔,三石川上牧場,ダンカーク,ラブミークリーム,スウェプトオーヴァーボード,芦毛,160422,   33.5,  ,    ,53.9
21,08,29,2,札幌,6,07,１勝ｸﾗｽ,23,ダ,1,1000,良,ヨドノゴールド    ,牡,3,亀田温心,53.0,12,03,3,3,0,0.4,2,59.8,"0598",0,0,0,6,6,35.5,460,西園正都,栗,190,18103293,01176,01028,0121260703,海原聖一,林農場,サウスヴィグラス,クイーンマルサ,ステイゴールド,鹿毛,180511,    6.2,  ,    ,52.7
21,08,29,2,札幌,6,07,１勝ｸﾗｽ,23,ダ,1,1000,良,アンビル          ,セ,5,菊沢一樹,57.0,12,04,8,8,0,1,6,60.4,"1004",0,0,0,10,11,35.6,482,竹内正洋,美,0,16101346,01161,01152,0121260704,菅井牧場,平野牧場,ケイムホーム,ナムラミステリー,ジェニュイン,黒鹿,160313,   13.8,  ,    ,54.5
21,08,29,2,札幌,6,07,１勝ｸﾗｽ,23,ダ,1,1000,良,プロサングエ      ,牡,3,和田竜二,54.0,12,05,9,9,0,1.1,4,60.5,"1005",0,0,0,8,8,35.9,504,高柳大輔,栗,0,18106141,01018,01159,0121260705,山本律,近藤牧場,ダノンレジェンド,メイショウハイパス,ダンスインザダーク,黒鹿,180405,    9.6,  ,    ,52.8
21,08,29,2,札幌,6,07,１勝ｸﾗｽ,23,ダ,1,1000,良,アイアムスゴスギル,牡,4,菱田裕二,57.0,12,06,4,4,0,0.5,7,59.9,"0599",0,0,0,4,4,36,488,奥平雅士,美,110,17106360,01144,01074,0121260706,堀紘一,まるとみ冨岡牧場,サウスヴィグラス,アイアムネフライト,アグネスタキオン,栗毛,170305,   14.5,  ,    ,49.6
21,08,29,2,札幌,6,07,１勝ｸﾗｽ,23,ダ,1,1000,良,クリオズナ        ,牝,3,泉谷楓真,51.0,12,07,5,5,0,0.5,10,59.9,"0599",0,0,0,1,1,36.3,434,浜田多実,栗,76,18105247,01182,01138,0121260707,サンデーレーシング,ノーザンファーム,オルフェーヴル,プロクリス,キングカメハメハ,栗毛,180117,   32.9,  ,    ,47.5
21,08,29,2,札幌,6,07,１勝ｸﾗｽ,23,ダ,1,1000,良,ホシフルドヒョウ  ,牡,5,丹内祐次,57.0,12,08,12,12,0,1.6,9,61,"1010",0,0,0,5,6,37,490,岩戸孝樹,美,0,16106262,01091,01051,0121260708,芳賀克也,藤原牧場,スマートファルコン,エアブリエ,エアエミネム,黒鹿,160430,   29.8,  ,    ,47.3
21,08,29,2,札幌,6,07,１勝ｸﾗｽ,23,ダ,1,1000,良,ヒートライトニング,牝,4,秋山稔樹,53.0,12,09,1,1,0,-0.4,1,59.4,"0594",0,0,0,2,2,35.7,480,堀井雅広,美,760,17100050,01181,00436,0121260709,藤田在子,天羽禮治,アイルハヴアナザー,マルターズヒート,"Old Trieste",栗毛,170209,    2.1,  ,    ,49.6
21,08,29,2,札幌,6,07,１勝ｸﾗｽ,23,ダ,1,1000,良,コスモクウェンチ  ,牡,7,山田敬士,55.0,12,10,7,7,0,0.8,12,60.2,"1002",0,0,0,10,8,35.4,488,小桧山悟,美,0,14100729,01173,01005,0121260710,Mr.ホース,ビッグレッドファー,ダノンシャンティ,マイネクォーツ,タニノギムレット,鹿毛,140524,   46.3,  ,    ,55.1
21,08,29,2,札幌,6,07,１勝ｸﾗｽ,23,ダ,1,1000,良,ニシノダンテ      ,牡,6,勝浦正樹,57.0,12,11,2,2,0,0.4,3,59.8,"0598",0,0,0,6,5,35.5,510,新谷功一,栗,300,15101771,01025,01172,0121260711,西山茂行,谷川牧場,タイキシャトル,カナエチャン,マンハッタンカフェ,青鹿,150211,    6.2,  ,    ,52.7
21,08,29,2,札幌,6,07,１勝ｸﾗｽ,23,ダ,1,1000,良,マウンテンムスメ  ,牝,3,黛弘人,52.0,12,12,6,6,0,0.7,8,60.1,"1001",0,0,0,2,3,36.4,452,中野栄治,美,0,18104041,01109,01010,0121260712,西村新一郎,田原橋本牧場,アドマイヤムーン,ヤマガール,ストーミングホーム,栗毛,180213,   29.3,  ,    ,47.7
21,08,29,2,札幌,6,08,１勝ｸﾗｽ,23,芝,0,1500,良,ショウナンラスボス,牡,3,吉田隼人,54.0,14,01,6,6,0,0.8,4,89.1,"1291",0,0,4,6,6,36,466,奥村武,美,0,18103926,01095,01145,0121260801,国本哲秀,タイヘイ牧場,ダイワメジャー,プリンセスオブザスターズ,"Sea The Stars",栗毛,180212,    8.0,  ,    ,48.3
21,08,29,2,札幌,6,08,１勝ｸﾗｽ,23,芝,0,1500,良,ジェラペッシュ    ,牝,4,小林凌大,52.0,14,02,12,12,0,1.9,11,90.2,"1302",0,0,13,13,12,36.2,450,尾関知人,美,0,17105940,01177,01103,0121260802,柴田洋一,鎌田正嗣,ワールドエース,ピーチフィズ,スウェプトオーヴァーボード,鹿毛,170305,  292.0,  ,    ,49.4
21,08,29,2,札幌,6,08,１勝ｸﾗｽ,23,芝,0,1500,良,サトノヴィーナス  ,牝,4,亀田温心,54.0,14,03,9,9,0,1.3,8,89.6,"1296",0,0,8,8,7,36.2,478,平田修,栗,0,17105323,01176,01082,0121260803,里見治,ノーザンファーム,ロードカナロア,サトノユリア,ディープインパクト,鹿毛,170412,   23.1,  ,    ,48.3
21,08,29,2,札幌,6,08,１勝ｸﾗｽ,23,芝,0,1500,良,サトノルーチェ    ,牝,3,藤岡佑介,52.0,14,04,3,3,0,0.3,3,88.6,"1286",0,0,10,8,9,35.1,424,吉村圭司,栗,190,18104621,01093,01130,0121260804,里見治,社台ファーム,ディープインパクト,シアードラマ,"Burning Roma",鹿毛,180410,    6.4,  ,    ,51.6
21,08,29,2,札幌,6,08,１勝ｸﾗｽ,23,芝,0,1500,良,デルニエエトワール,牝,4,団野大成,55.0,14,05,8,8,0,1.2,5,89.5,"1295",0,0,1,1,1,36.9,478,大竹正博,美,0,17106340,01180,01102,0121260805,大樹ファーム,ビクトリーホースラ,ヴィクトワールピサ,タイキトゥインクル,リアルシヤダイ,青鹿,170403,   15.5,  ,    ,45.0
21,08,29,2,札幌,6,08,１勝ｸﾗｽ,23,芝,0,1500,良,ロードラスター    ,牡,3,池添謙一,54.0,14,06,0,0,3,999.9,0,0,"----",0,0,0,0,0,0,490,千田輝彦,栗,0,18102585,01032,01120,0121260806,ロードホースクラブ,ケイアイファーム,リオンディーズ,スターコレクション,アグネスタキオン,青鹿,180315,    0.0,  ,    , 0.0
21,08,29,2,札幌,6,08,１勝ｸﾗｽ,23,芝,0,1500,良,リスカム          ,セ,3,横山和生,54.0,14,07,4,4,0,0.6,7,88.9,"1289",0,0,3,3,2,36,488,昆貢,栗,110,18104229,01140,01044,0121260807,寺田寿男,畠山牧場,モーリス,アルコセニョーラ,ステイゴールド,青鹿,180330,   19.5,  ,    ,48.0
21,08,29,2,札幌,6,08,１勝ｸﾗｽ,23,芝,0,1500,良,バニシングポイント,牡,3,横山武史,54.0,14,08,5,5,0,0.6,1,88.9,"1289",0,0,12,11,11,35.1,492,藤沢和雄,美,76,18110086,01170,00386,0121260808,長谷川祐司,"Whisper Hill Farm",Tapit,"Unrivaled Belle","Unbridled's Song",芦毛,180128,    1.7,  ,    ,52.2
21,08,29,2,札幌,6,08,１勝ｸﾗｽ,23,芝,0,1500,良,マルカエイペックス,牝,4,小沢大仁,52.0,14,09,1,1,0,-0.2,6,88.3,"1283",0,0,4,3,2,35.4,458,今野貞一,栗,760,17104688,01185,01128,0121260809,日下部猛,社台ファーム,エピファネイア,エオリアンハープ,キングカメハメハ,黒鹿,170514,   16.2,  ,    ,49.6
21,08,29,2,札幌,6,08,１勝ｸﾗｽ,23,芝,0,1500,良,イッツアワターン  ,牝,4,秋山稔樹,53.0,14,10,7,7,0,1.1,12,89.4,"1294",0,0,11,11,12,35.6,432,相沢郁,美,0,17103844,01181,01020,0121260810,田邉幸則,千代田牧場,ジャングルポケット,メイクヒストリー,サンデーサイレンス,黒鹿,170228,  488.1,  ,    ,50.7
21,08,29,2,札幌,6,08,１勝ｸﾗｽ,23,芝,0,1500,良,イディオム        ,牡,3,泉谷楓真,53.0,14,11,13,13,0,2.7,10,91,"1310",0,0,2,2,2,38.4,492,斎藤誠,美,0,18100039,01182,01086,0121260811,小田吉男,天羽禮治,ドゥラメンテ,シナスタジア,"Gone West",栗毛,180325,  124.6,  ,    ,41.3
21,08,29,2,札幌,6,08,１勝ｸﾗｽ,23,芝,0,1500,良,ラブアンバサダー  ,牝,4,武豊,55.0,14,12,2,2,0,0.2,2,88.5,"1285",0,0,8,8,9,35,424,松永幹夫,栗,300,17105261,00666,01092,0121260812,キーファーズ,ノーザンファーム,ディープインパクト,オーサムフェザー,"Awesome of Course",鹿毛,170122,    6.2,  ,    ,51.9
21,08,29,2,札幌,6,08,１勝ｸﾗｽ,23,芝,0,1500,良,ロードリスペクト  ,牡,3,和田竜二,54.0,14,13,10,10,0,1.3,9,89.6,"1296",0,0,4,3,5,36.7,476,浅見秀一,栗,0,18106583,01018,00411,0121260813,ロードホースクラブ,宮内牧場,キズナ,リュヌドサーブル,Medicean,鹿毛,180301,   59.8,  ,    ,46.1
21,08,29,2,札幌,6,08,１勝ｸﾗｽ,23,芝,0,1500,良,リターンギフト    ,牝,3,荻野琢真,52.0,14,14,11,11,0,1.5,13,89.8,"1298",0,0,7,6,7,36.7,394,長谷川浩,栗,0,18106358,01112,01173,0121260814,辻牧場,辻牧場,ダノンレジェンド,ヒラボクウィン,ワイルドラッシュ,青鹿,180314,  519.2,  ,    ,46.5
21,08,29,2,札幌,6,09,小樽特別･1勝,23,芝,0,1200,良,ロケットペンダント,牝,3,川又賢治,52.0,16,01,16,16,0,3,14,72,"1120",0,0,0,4,4,38.1,416,平田修,栗,0,18106235,01166,01082,0121260901,青山洋一,谷川牧場,ヴィクトワールピサ,ヴァンゴーゴー,"Dutch Art",栗毛,180326,  206.0,  ,    ,39.0
21,08,29,2,札幌,6,09,小樽特別･1勝,23,芝,0,1200,良,テイエムミラクル  ,牝,3,小林凌大,52.0,16,02,15,15,0,2.2,16,71.2,"1112",0,0,0,9,12,36.7,496,石栗龍彦,美,0,18101544,01177,01043,0121260902,竹園正繼,カミイスタット,アジアエクスプレス,レッドハイヒール,スペシャルウィーク,鹿毛,180407,  238.7,  ,    ,44.0
21,08,29,2,札幌,6,09,小樽特別･1勝,23,芝,0,1200,良,アミークス        ,牝,4,団野大成,55.0,16,03,14,14,0,1.9,9,70.9,"1109",0,0,0,2,2,37.3,454,池添学,栗,0,17105536,01180,01144,0121260903,スリーエイチレーシ,ノーザンファーム,オルフェーヴル,ヘアキティー,"Wildcat Heir",鹿毛,170130,   39.6,  ,    ,40.1
21,08,29,2,札幌,6,09,小樽特別･1勝,23,芝,0,1200,良,キョウエイロナ    ,牝,3,亀田温心,52.0,16,04,11,11,0,1.3,15,70.3,"1103",0,0,0,16,16,34.9,422,萱野浩二,美,0,18104298,01176,01024,0121260904,田中晴夫,藤沢牧場,ワールドエース,キョウエイトリガー,イーグルカフェ,鹿毛,180402,  235.6,  ,    ,51.4
21,08,29,2,札幌,6,09,小樽特別･1勝,23,芝,0,1200,良,イフィゲニア      ,牝,3,荻野琢真,52.0,16,05,6,6,0,0.7,13,69.7,"1097",0,0,0,14,14,34.6,522,角田晃一,栗,0,18100651,01112,01121,0121260905,ゴドルフィン,ダーレー・ジャパン,エピファネイア,エヴァモア,Dansili,栗毛,180209,  113.8,  ,    ,51.4
21,08,29,2,札幌,6,09,小樽特別･1勝,23,芝,0,1200,良,オーガーウェル    ,牝,3,菱田裕二,52.0,16,06,13,13,0,1.8,12,70.8,"1108",0,0,0,9,11,36.3,448,笹田和秀,栗,0,18101476,01144,01104,0121260906,小林竜太郎,岩見牧場,キズナ,オーサムチャーム,"Awesome Again",鹿毛,180528,  104.1,  ,    ,45.0
21,08,29,2,札幌,6,09,小樽特別･1勝,23,芝,0,1200,良,ララマカロン      ,牝,3,武豊,52.0,16,07,8,8,0,1,4,70,"1100",0,0,0,13,12,35.2,474,田中博康,美,0,18104529,00666,01162,0121260907,フジイ興産,社台ファーム,ロードカナロア,イオス,バゴ,鹿毛,180121,    5.8,  ,    ,48.9
21,08,29,2,札幌,6,09,小樽特別･1勝,23,芝,0,1200,良,ゼログラヴィティ  ,牝,3,丹内祐次,52.0,16,08,2,2,0,0,1,69,"1090",0,0,0,1,1,35.6,496,岩戸孝樹,美,420,18100650,01091,01051,0121260908,ゴドルフィン,ダーレー・ジャパン,アドマイヤムーン,ヴァレッタ,"Cape Cross",黒鹿,180511,    3.3,  ,    ,43.8
21,08,29,2,札幌,6,09,小樽特別･1勝,23,芝,0,1200,良,ラブサンキュー    ,牝,5,和田竜二,55.0,16,09,10,10,0,1.1,11,70.1,"1101",0,0,0,5,8,36,472,辻哲英,美,0,16101006,01018,01182,0121260909,増田陽一,奥山博,エスポワールシチー,ラブハート,マイネルラヴ,鹿毛,160311,   65.4,  ,    ,44.7
21,08,29,2,札幌,6,09,小樽特別･1勝,23,芝,0,1200,良,ニシノリース      ,牝,3,勝浦正樹,52.0,16,10,9,9,0,1.1,10,70.1,"1101",0,0,0,5,4,36,426,土田稔,美,0,18106254,01025,00417,0121260910,西山茂行,谷川牧場,ロードアルティマ,ニシノヒナギク,アグネスタキオン,黒鹿,180428,   55.8,  ,    ,44.7
21,08,29,2,札幌,6,09,小樽特別･1勝,23,芝,0,1200,良,ラヴケリー        ,牝,3,池添謙一,52.0,16,11,1,1,0,0,2,69,"1090",0,0,0,12,8,34.4,442,高柳大輔,栗,1060,18101514,01032,01159,0121260911,水谷昌晃,オリエント牧場,カレンブラックヒル,ダームドゥラック,シンボリクリスエス,鹿毛,180124,    5.7,  ,    ,50.6
21,08,29,2,札幌,6,09,小樽特別･1勝,23,芝,0,1200,良,タイセイグラシア  ,牝,3,吉田隼人,52.0,16,12,7,7,0,0.9,7,69.9,"1099",0,0,0,3,2,36.2,452,矢作芳人,栗,0,18100377,01095,01075,0121260912,田中成奉,下河辺牧場,ディープインパクト,インプレスゴールド,ブライアンズタイム,黒鹿,180429,   13.9,  ,    ,43.1
21,08,29,2,札幌,6,09,小樽特別･1勝,23,芝,0,1200,良,アンジュソレイユ  ,牝,3,国分恭介,52.0,16,13,12,12,0,1.4,8,70.4,"1104",0,0,0,5,4,36.3,462,清水久詞,栗,0,18100898,01124,01110,0121260913,浜本牧場,浜本牧場,モーリス,テンシノダンス,ダンスインザダーク,栗毛,180117,   23.0,  ,    ,43.9
21,08,29,2,札幌,6,09,小樽特別･1勝,23,芝,0,1200,良,グレイトミッション,牝,3,大野拓弥,52.0,16,14,5,5,0,0.3,5,69.3,"1093",0,0,0,9,8,34.8,450,菊川正達,美,106,18104471,01096,01052,0121260914,XIAOジャパン,矢野牧場,ダイワメジャー,アートスタジオ,Bernardini,栗毛,180313,    6.1,  ,    ,49.1
21,08,29,2,札幌,6,09,小樽特別･1勝,23,芝,0,1200,良,バトーデュシエル  ,牝,4,横山和生,55.0,16,15,3,3,0,0,3,69,"1090",0,0,0,8,4,34.7,482,安田翔伍,栗,270,17105252,01140,01164,0121260915,山口功一郎,ノーザンファーム,ロードカナロア,エルダンジュ,サンデーサイレンス,鹿毛,170123,    5.8,  ,    ,48.8
21,08,29,2,札幌,6,09,小樽特別･1勝,23,芝,0,1200,良,ダブルスナッチ    ,牝,3,横山武史,52.0,16,16,4,4,0,0.2,6,69.2,"1092",0,0,0,14,14,34.1,408,宗像義忠,美,160,18105518,01170,00420,0121260916,シルクレーシング,社台コーポレーショ,ルーラーシップ,スナッチマインド,ディープインパクト,鹿毛,180505,   13.7,  ,    ,52.9
21,08,29,2,札幌,6,10,苫小牧特･2勝,43,ダ,1,1700,良,エマージングロール,牡,3,横山武史,54.0,14,01,8,8,0,1,1,107.4,"1474",0,2,2,2,2,39.4,500,橋口慎介,栗,0,18105545,01170,01154,0121261001,吉田晴哉,社台コーポレーショ,ネオユニヴァース,フィーリングトーン,ワイルドラッシュ,鹿毛,180426,    1.2,  ,    ,44.1
21,08,29,2,札幌,6,10,苫小牧特･2勝,43,ダ,1,1700,良,カフジロッソ      ,牡,5,川又賢治,57.0,14,02,11,11,0,1.5,14,107.9,"1479",0,4,5,7,9,39.3,516,矢作芳人,栗,0,16105320,01166,01075,0121261002,加藤守,絵笛牧場,モンテロッソ,ホーマンキュート,ジョリーズヘイロー,鹿毛,160415,  218.7,  ,    ,45.2
21,08,29,2,札幌,6,10,苫小牧特･2勝,43,ダ,1,1700,良,グランデラムジー  ,牡,5,古川吉洋,57.0,14,03,13,13,0,2.3,11,108.7,"1487",0,1,1,1,4,40.8,466,吉田直弘,栗,0,16102219,01015,01101,0121261003,"Grande Racing",宮内牧場,シニスターミニスター,ホクセツクィーン,サンデーサイレンス,黒鹿,160415,   98.3,  ,    ,40.8
21,08,29,2,札幌,6,10,苫小牧特･2勝,43,ダ,1,1700,良,ワンダーシエンプロ,牝,4,小沢大仁,55.0,14,04,10,10,0,1.2,8,107.6,"1476",0,6,6,5,6,39.3,452,高柳大輔,栗,0,17102769,01185,01159,0121261004,山本能成,秋場牧場,ワンダーアキュート,ワンダーストーリリ,バゴ,栗毛,170401,   63.1,  ,    ,44.8
21,08,29,2,札幌,6,10,苫小牧特･2勝,43,ダ,1,1700,良,ティボリドライヴ  ,牝,5,吉田隼人,55.0,14,05,6,6,0,0.8,7,107.2,"1472",0,8,8,7,6,38.6,500,石坂公一,栗,0,16102227,01095,01166,0121261005,松岡隆雄,ミリオンファーム,カジノドライヴ,ティボリペガサス,サンライズペガサス,栗毛,160519,   33.7,  ,    ,46.9
21,08,29,2,札幌,6,10,苫小牧特･2勝,43,ダ,1,1700,良,ブルーバード      ,牝,3,泉谷楓真,52.0,14,06,14,14,0,5.4,9,111.8,"1518",0,4,4,5,14,43.4,434,高橋祥泰,美,0,18102858,01182,00359,0121261006,サラブレッドクラブ,水丸牧場,リーチザクラウン,エーシンベタラネリ,"Elusive Quality",鹿毛,180522,   89.5,  ,    ,36.0
21,08,29,2,札幌,6,10,苫小牧特･2勝,43,ダ,1,1700,良,ショウリノカンパイ,牝,3,黛弘人,52.0,14,07,1,1,0,-0.1,2,106.4,"1464",0,7,7,2,1,38.4,472,藤原辰雄,美,1500,18100219,01109,00435,0121261007,平井裕,川端正博,ディープブリランテ,ショウリノウタゲ,プリサイスエンド,鹿毛,180329,    7.9,  ,    ,46.6
21,08,29,2,札幌,6,10,苫小牧特･2勝,43,ダ,1,1700,良,ザプラウドワンズ  ,セ,5,団野大成,57.0,14,08,9,9,0,1.1,5,107.5,"1475",0,10,10,13,13,38.1,496,奥村豊,栗,0,16103685,01180,01146,0121261008,小川勲,三宅正弘,ストロングリターン,ドリームダンシーズ,オジジアン,鹿毛,160422,   30.6,  ,    ,49.4
21,08,29,2,札幌,6,10,苫小牧特･2勝,43,ダ,1,1700,良,クリノカポネ      ,セ,6,国分恭介,57.0,14,09,12,12,0,2,13,108.4,"1484",0,12,12,12,9,39.3,452,谷潔,栗,0,15101581,01124,00431,0121261009,栗本博晴,ダーレー・ジャパン,ストーミングホーム,ヴァレッタ,"Cape Cross",鹿毛,150201,  187.6,  ,    ,45.9
21,08,29,2,札幌,6,10,苫小牧特･2勝,43,ダ,1,1700,良,ウインレゼルヴ    ,牡,4,亀田温心,57.0,14,10,5,5,0,0.6,12,107,"1470",0,11,11,11,9,38.1,506,奥平雅士,美,150,17105706,01176,01074,0121261010,ウイン,小田誠一,ロージズインメイ,シャンパンセラー,マンハッタンカフェ,栗毛,170411,  115.0,  ,    ,48.6
21,08,29,2,札幌,6,10,苫小牧特･2勝,43,ダ,1,1700,良,ブラックトマホーク,セ,4,横山和生,57.0,14,11,4,4,0,0.4,6,106.8,"1468",0,12,12,10,4,38,474,高木登,美,230,17105448,01140,01088,0121261011,吉田勝己,ノーザンファーム,カレンブラックヒル,デュアルストーリー,"End Sweep",黒鹿,170305,   32.8,  ,    ,48.8
21,08,29,2,札幌,6,10,苫小牧特･2勝,43,ダ,1,1700,良,グリニッジシチー  ,セ,5,丹内祐次,57.0,14,12,2,2,0,0.1,4,106.5,"1465",0,3,3,2,2,38.5,474,相沢郁,美,600,16100161,01091,01020,0121261012,友駿ホースクラブ,カミイスタット,エスポワールシチー,プラセンティア,トワイニング,栗毛,160330,   13.1,  ,    ,46.3
21,08,29,2,札幌,6,10,苫小牧特･2勝,43,ダ,1,1700,良,ファイナルマズル  ,牡,5,菊沢一樹,57.0,14,13,7,7,0,0.9,10,107.3,"1473",0,8,9,7,8,38.7,470,岩戸孝樹,美,0,16105530,01161,01051,0121261013,ノルマンディーサラ,岡田スタツド,ホワイトマズル,リスティアエーデル,フジキセキ,鹿毛,160325,   91.0,  ,    ,46.7
21,08,29,2,札幌,6,10,苫小牧特･2勝,43,ダ,1,1700,良,クリノドラゴン    ,牡,3,武豊,54.0,14,14,3,3,0,0.4,3,106.8,"1468",0,14,14,13,12,37.4,484,大橋勇樹,栗,380,18101012,00666,01065,0121261014,栗本依利子,宝寄山拓樹,アスカクリチャン,クリノクレオパトラ,ロージズインメイ,栗毛,180507,   11.9,  ,    ,51.2
21,08,29,2,札幌,6,11,キーンラG3,163,芝,0,1200,良,ロードアクア      ,牡,5,団野大成,56.0,16,01,13,13,0,0.8,6,69.9,"1099",0,0,0,4,6,35.3,474,浅見秀一,栗,0,16101149,01180,00411,0121261101,ロードホースクラブ,ケイアイファーム,ロードカナロア,オーシュペール,ダイワメジャー,鹿毛,160408,   17.5,  ,    ,48.0
21,08,29,2,札幌,6,11,キーンラG3,163,芝,0,1200,良,ソロユニット      ,牝,3,古川吉洋,51.0,16,02,16,16,0,1.5,15,70.6,"1106",0,0,0,9,16,35.5,430,角川秀樹,地,0,18102344,01015,05311,0121261102,村上雅規,村上雅規,アジアエクスプレス,ヒバリエクスプレス,アグネスデジタル,栗毛,180223,   90.5,  ,    ,48.9
21,08,29,2,札幌,6,11,キーンラG3,163,芝,0,1200,良,アストラエンブレム,セ,8,吉田隼人,56.0,16,03,5,5,0,0.3,14,69.4,"1094",0,0,0,12,11,34.2,480,小島茂之,美,410,13106055,01095,01068,0121261103,シルクレーシング,ノーザンファーム,ダイワメジャー,ブラックエンブレム,ウォーエンブレム,鹿毛,130406,   60.9,  ,    ,52.9
21,08,29,2,札幌,6,11,キーンラG3,163,芝,0,1200,良,タイセイアベニール,牡,6,藤岡佑介,56.0,16,04,9,9,0,0.4,8,69.5,"1095",0,0,0,16,14,33.8,482,西村真幸,栗,0,15100822,01093,01148,0121261104,田中成奉,松本信行,ベーカバド,ハロードリーム,ブライアンズタイム,鹿毛,150420,   25.0,  ,    ,55.6
21,08,29,2,札幌,6,11,キーンラG3,163,芝,0,1200,良,メイケイエール    ,牝,3,武豊,52.0,16,05,7,7,0,0.3,1,69.4,"1094",0,0,0,1,1,35.4,478,武英智,栗,0,18105069,00666,01161,0121261105,名古屋競馬,ノーザンファーム,ミッキーアイル,シロインジャー,ハービンジャー,鹿毛,180223,    2.8,  ,    ,46.0
21,08,29,2,札幌,6,11,キーンラG3,163,芝,0,1200,良,カツジ            ,牡,6,横山武史,58.0,16,06,15,15,0,1,5,70.1,"1101",0,0,0,15,14,34.5,494,池添兼雄,栗,0,15105461,01170,01021,0121261106,カナヤマホールディ,岡田スタツド,ディープインパクト,メリッサ,ホワイトマズル,鹿毛,150427,   15.0,  ,    ,53.2
21,08,29,2,札幌,6,11,キーンラG3,163,芝,0,1200,良,ヒロイックアゲン  ,牝,7,秋山稔樹,54.0,16,07,8,8,0,0.4,12,69.5,"1095",0,0,0,9,8,34.5,494,加藤和宏,美,0,14103017,01181,01077,0121261107,浅川皓司,浦河小林牧場,ロードアルティマ,タイムヒロイン,ブライアンズタイム,黒鹿,140423,   47.4,  ,    ,51.4
21,08,29,2,札幌,6,11,キーンラG3,163,芝,0,1200,良,セイウンコウセイ  ,牡,8,勝浦正樹,58.0,16,08,3,3,0,0.1,9,69.2,"1092",0,0,0,4,6,34.6,514,上原博之,美,1000,13104230,01025,00423,0121261108,西山茂行,桜井牧場,アドマイヤムーン,オブザーヴァント,Capote,栗毛,130308,   32.4,  ,    ,50.0
21,08,29,2,札幌,6,11,キーンラG3,163,芝,0,1200,良,エイティーンガール,牝,5,横山和生,55.0,16,09,2,2,0,0,7,69.1,"1091",0,0,0,9,10,34,462,飯田祐史,栗,1600,16103143,01140,01139,0121261109,中山泰志,庄野牧場,ヨハネスブルグ,センターグランタス,アグネスタキオン,青鹿,160414,   20.2,  ,    ,53.2
21,08,29,2,札幌,6,11,キーンラG3,163,芝,0,1200,良,シュウジ          ,牡,8,丹内祐次,57.0,16,10,12,12,0,0.6,16,69.7,"1097",0,0,0,13,13,34.3,504,昆貢,栗,0,13100783,01091,01044,0121261110,安原浩司,浜本牧場,キンシャサノキセキ,カストリア,Kingmambo,鹿毛,130316,  121.6,  ,    ,53.2
21,08,29,2,札幌,6,11,キーンラG3,163,芝,0,1200,良,ミッキーブリランテ,牡,5,和田竜二,56.0,16,11,10,10,0,0.4,2,69.5,"1095",0,0,0,8,8,34.6,472,矢作芳人,栗,0,16104435,01018,01075,0121261111,野田みづき,ノーザンファーム,ディープブリランテ,エピックラヴ,Dansili,鹿毛,160209,    4.8,  ,    ,50.9
21,08,29,2,札幌,6,11,キーンラG3,163,芝,0,1200,良,レイハリア        ,牝,3,亀田温心,51.0,16,12,1,1,0,0,3,69.1,"1091",0,0,0,2,3,34.8,452,田島俊明,美,4100,18104029,01176,01112,0121261112,ヒダカ・ブリーダー,谷岡牧場,ロードカナロア,ライトリーチューン,マンハッタンカフェ,鹿毛,180308,    4.9,  ,    ,48.6
21,08,29,2,札幌,6,11,キーンラG3,163,芝,0,1200,良,ダイアトニック    ,牡,6,池添謙一,57.0,16,13,14,14,0,0.9,4,70,"1100",0,0,0,4,5,35.5,472,安田隆行,栗,0,15103057,01032,00438,0121261113,シルクレーシング,酒井牧場,ロードカナロア,トゥハーモニー,サンデーサイレンス,鹿毛,150512,    8.8,  ,    ,47.2
21,08,29,2,札幌,6,11,キーンラG3,163,芝,0,1200,良,カイザーメランジェ,牡,6,菱田裕二,56.0,16,14,4,4,0,0.2,10,69.3,"1093",0,0,0,2,2,35,484,中野栄治,美,620,15105850,01144,01010,0121261114,ライフエンタープラ,谷岡スタット,サクラオリオン,サクラジュレップ,サクラプレジデント,鹿毛,150429,   32.4,  ,    ,48.0
21,08,29,2,札幌,6,11,キーンラG3,163,芝,0,1200,良,マイネルアルケミー,牡,5,黛弘人,56.0,16,15,6,6,0,0.3,11,69.4,"1094",0,0,0,4,3,34.8,476,中野栄治,美,0,16102670,01109,01010,0121261115,サラブレッドクラブ,村下清志,ダンカーク,ビリーヴザミラクル,フジキセキ,栗毛,160525,   46.9,  ,    ,49.4
21,08,29,2,札幌,6,11,キーンラG3,163,芝,0,1200,良,ジョーアラビカ    ,牡,7,大野拓弥,56.0,16,16,11,11,0,0.5,13,69.6,"1096",0,0,0,13,11,34.2,494,清水久詞,栗,0,14104076,01096,01110,0121261116,上田けい子,杵臼斉藤牧場,ジョーカプチーノ,アクティブアクト,ダンスインザダーク,芦毛,140423,   54.6,  ,    ,53.5
21,08,29,2,札幌,6,12,支笏湖特･2勝,43,芝,0,1800,良,プレトリア        ,セ,6,横山和生,57.0,14,01,4,4,0,1,7,108.6,"1486",0,12,13,13,7,35.6,466,中川公成,美,230,15103675,01140,01081,0121261201,多田賢司,大北牧場,ヨハネスブルグ,ダイワエタニティー,ジャングルポケット,鹿毛,150503,   24.6,  ,    ,52.5
21,08,29,2,札幌,6,12,支笏湖特･2勝,43,芝,0,1800,良,ヴィオリーナ      ,牝,4,藤岡佑介,55.0,14,02,2,2,0,0.2,5,107.8,"1478",0,4,3,3,3,35.6,468,中内田充,栗,600,17102394,01093,01137,0121261202,ロードホースクラブ,ケイアイファーム,ディープインパクト,レディアルバローザ,キングカメハメハ,黒鹿,170323,    9.0,  ,    ,51.4
21,08,29,2,札幌,6,12,支笏湖特･2勝,43,芝,0,1800,良,メイショウカクウン,牡,6,菱田裕二,57.0,14,03,11,11,0,1.7,10,109.3,"1493",0,7,8,7,7,36.9,454,石橋守,栗,0,15103983,01144,01140,0121261203,松本好雄,ゼットステーブル,サクラオールイン,クールダウン,シャンハイ,青鹿,150519,   78.4,  ,    ,48.1
21,08,29,2,札幌,6,12,支笏湖特･2勝,43,芝,0,1800,良,フアナ            ,牝,4,武豊,55.0,14,04,0,0,1,999.9,0,0,"----",0,0,0,0,0,0,0,辻野泰之,栗,0,17105212,00666,01183,0121261204,近藤英子,ノーザンファーム,ルーラーシップ,イサベル,ディープインパクト,鹿毛,170127,    0.0,  ,    , 0.0
21,08,29,2,札幌,6,12,支笏湖特･2勝,43,芝,0,1800,良,ラヴユーライヴ    ,牝,4,横山武史,55.0,14,05,1,1,0,-0.2,1,107.6,"1476",0,1,1,1,1,35.7,438,矢作芳人,栗,1500,17105600,01170,01075,0121261205,吉田勝己,ノーザンファーム,ディープインパクト,ラヴズオンリーミー,"Storm Cat",鹿毛,170327,    2.7,  ,    ,50.7
21,08,29,2,札幌,6,12,支笏湖特･2勝,43,芝,0,1800,良,サトノフォース    ,セ,5,大野拓弥,57.0,14,06,5,5,0,1.1,3,108.7,"1487",0,7,8,9,7,36.1,464,藤沢和雄,美,150,16105768,01096,00386,0121261206,里見治,桜井牧場,ディープインパクト,ビタースウィート,"Afleet Alex",黒鹿,160409,    7.2,  ,    ,50.6
21,08,29,2,札幌,6,12,支笏湖特･2勝,43,芝,0,1800,良,ブルーエクセレンス,牡,5,泉谷楓真,57.0,14,07,8,8,0,1.2,12,108.8,"1488",0,10,10,11,11,35.9,482,金成貴史,美,0,16103323,01182,01132,0121261207,ゴドルフィン,ダーレー・ジャパン,ディープインパクト,タッチ2,Pulpit,青鹿,160502,  104.1,  ,    ,51.5
21,08,29,2,札幌,6,12,支笏湖特･2勝,43,芝,0,1800,良,タイセイドリーマー,牡,3,川又賢治,54.0,14,08,10,10,0,1.6,8,109.2,"1492",0,12,11,9,12,36.5,500,矢作芳人,栗,0,18103730,01166,01075,0121261208,田中成奉,グランド牧場,ハーツクライ,ドリームライター,"Tale of the Cat",栗毛,180318,   26.6,  ,    ,49.6
21,08,29,2,札幌,6,12,支笏湖特･2勝,43,芝,0,1800,良,ブルームスベリー  ,牝,4,和田竜二,55.0,14,09,7,7,0,1.2,9,108.8,"1488",0,7,6,5,5,36.5,460,西村真幸,栗,0,17104689,01018,01148,0121261209,社台レースホース,社台ファーム,ハービンジャー,エクセラントカーヴ,ダイワメジャー,鹿毛,170320,   33.6,  ,    ,49.0
21,08,29,2,札幌,6,12,支笏湖特･2勝,43,芝,0,1800,良,アルテラローザ    ,牝,5,吉田隼人,55.0,14,10,9,9,0,1.2,4,108.8,"1488",0,11,11,11,10,36,478,藤原英昭,栗,0,16101165,01095,01055,0121261210,ロードホースクラブ,ケイアイファーム,ディープインパクト,レディアルバローザ,キングカメハメハ,黒鹿,160228,    7.4,  ,    ,51.1
21,08,29,2,札幌,6,12,支笏湖特･2勝,43,芝,0,1800,良,ブラックデビル    ,セ,6,松田大作,57.0,14,11,6,6,0,1.2,11,108.8,"1488",0,4,5,5,5,36.5,460,中野栄治,美,0,15105451,01030,01010,0121261211,岡田壮史,岡田スタツド,マンハッタンカフェ,フサイチリニモ,ジャングルポケット,鹿毛,150312,   81.3,  ,    ,49.0
21,08,29,2,札幌,6,12,支笏湖特･2勝,43,芝,0,1800,良,ギャラントウォリア,牡,3,池添謙一,54.0,14,12,3,3,0,0.2,2,107.8,"1478",0,2,2,2,2,35.8,498,平田修,栗,380,18104800,01032,01082,0121261212,社台レースホース,社台ファーム,スクリーンヒーロー,マルバイユ,Marju,青鹿,180506,    3.5,  ,    ,50.6
21,08,29,2,札幌,6,12,支笏湖特･2勝,43,芝,0,1800,良,フラッフィクラウド,牡,4,団野大成,57.0,14,13,13,13,0,3.1,6,110.7,"1507",0,3,3,3,4,38.6,474,萩原清,美,0,17104999,01180,01017,0121261213,G1レーシング,追分ファーム,クロフネ,アルアマーナ,ディープインパクト,芦毛,170219,   14.6,  ,    ,43.4
21,08,29,2,札幌,6,12,支笏湖特･2勝,43,芝,0,1800,良,ジャディード      ,牡,6,小沢大仁,57.0,14,14,12,12,0,3,13,110.6,"1506",0,6,6,7,12,38.2,450,小島茂之,美,0,15104367,01185,01068,0121261214,丸山担,社台ファーム,シンボリクリスエス,ジャドール,フジキセキ,黒鹿,150403,  352.7,  ,    ,44.8
21,09,04,2,札幌,7,01,未勝利*,7,芝,0,1200,良,テーオーロワ      ,牡,2,泉谷楓真,53.0,9,01,9,9,0,1.9,7,71.9,"1119",0,0,0,6,6,36.5,482,浜田多実,栗,0,19102323,01182,01138,0121270101,小笹公也,ヤナガワ牧場,ラブリーデイ,セイリングデイ,ブラックタイド,鹿毛,190430,  136.9,  ,    ,47.0
21,09,04,2,札幌,7,01,未勝利*,7,芝,0,1200,良,カルネアサーダ    ,牝,2,西谷凜,51.0,9,02,3,3,0,0.4,5,70.4,"1104",0,0,0,3,4,35.3,438,加用正,栗,130,19104841,01189,00425,0121270102,吉田照哉,社台ファーム,ドレフォン,ハラペーニョペパー,ゼンノロブロイ,芦毛,190227,   19.2,  ,    ,49.4
21,09,04,2,札幌,7,01,未勝利*,7,芝,0,1200,良,バイハリウッド    ,牡,2,横山和生,54.0,9,03,4,4,0,0.6,2,70.6,"1106",0,0,0,1,1,35.9,480,金成貴史,美,77,19100340,01140,01132,0121270103,ニットー商事,武田修一,ストロングリターン,ハロータマ,ゼンノエルシド,鹿毛,190412,    3.4,  ,    ,46.7
21,09,04,2,札幌,7,01,未勝利*,7,芝,0,1200,良,アップトゥザナイン,牡,2,亀田温心,53.0,9,04,6,6,0,0.7,9,70.7,"1107",0,0,0,5,4,35.4,454,高橋康之,栗,0,19106831,01176,01135,0121270104,京都ホースレーシン,村上進治,リヤンドファミユ,ミティーク,ムーンバラッド,栗毛,190402,  149.9,  ,    ,49.7
21,09,04,2,札幌,7,01,未勝利*,7,芝,0,1200,良,テンメジャーガール,牝,2,小沢大仁,51.0,9,05,7,7,0,0.9,4,70.9,"1109",0,0,0,9,9,35,478,高柳大輔,栗,0,19104549,01185,01159,0121270105,天白泰司,社台コーポレーショ,ダイワメジャー,サンヴァンサン,クロフネ,栗毛,190227,    7.6,  ,    ,52.6
21,09,04,2,札幌,7,01,未勝利*,7,芝,0,1200,良,パスポートチェック,牡,2,ルメール,54.0,9,06,2,2,0,0.2,1,70.2,"1102",0,0,0,2,2,35.4,498,伊藤圭三,美,200,19101915,05339,01023,0121270106,ゴドルフィン,ダーレー・ジャパン,ディスクリートキャット,ボーダレス,アドマイヤムーン,栗毛,190225,    2.3,  ,    ,48.3
21,09,04,2,札幌,7,01,未勝利*,7,芝,0,1200,良,ブローヴェイス    ,牡,2,秋山稔樹,52.0,9,07,5,5,0,0.7,6,70.7,"1107",0,0,0,8,8,35,416,浅野洋一,美,51,19104263,01181,00421,0121270107,豊井義次,林時春,ストロングリターン,タガノディナー,タニノギムレット,黒鹿,190421,   30.6,  ,    ,52.0
21,09,04,2,札幌,7,01,未勝利*,7,芝,0,1200,良,プラソン          ,牝,2,藤岡佑介,54.0,9,08,1,1,0,-0.2,3,70,"1100",0,0,0,3,3,35,430,寺島良,栗,510,19105130,01093,01158,0121270108,市川義美,ノーザンファーム,イスラボニータ,カシシ,ジャングルポケット,鹿毛,190305,    4.3,  ,    ,50.0
21,09,04,2,札幌,7,01,未勝利*,7,芝,0,1200,良,ラブストーリー    ,牝,2,和田竜二,54.0,9,09,8,8,0,0.9,8,70.9,"1109",0,0,0,6,6,35.4,438,高橋文雅,美,0,19102037,01018,01134,0121270109,安原浩司,浜本牧場,ブラックタイド,カストリア,Kingmambo,鹿毛,190505,  140.6,  ,    ,50.3
21,09,04,2,札幌,7,02,未勝利*,7,ダ,1,1700,良,コパノニコルソン  ,牡,2,亀田温心,53.0,12,01,2,2,0,0.1,4,106.8,"1468",0,1,1,1,1,38.7,500,宮徹,栗,200,19104116,01176,01018,0121270201,小林祥晃,宮内牧場,コパノリッキー,ソフィアルージュ,クロフネ,栗毛,190316,    7.2,  ,    ,46.0
21,09,04,2,札幌,7,02,未勝利*,7,ダ,1,1700,良,セイウンプラチナ  ,牡,2,武豊,54.0,12,02,8,8,0,2.5,1,109.2,"1492",0,8,8,7,6,40.5,480,小桧山悟,美,0,19102628,00666,01005,0121270202,西山茂行,鮫川啓一,ミッキーアイル,ゴールドグレース,エリシオ,鹿毛,190407,    3.0,  ,    ,42.5
21,09,04,2,札幌,7,02,未勝利*,7,ダ,1,1700,良,クアトロフォンテ  ,牡,2,団野大成,54.0,12,03,9,9,0,4,10,110.7,"1507",0,2,2,2,6,42.5,464,高橋義忠,栗,0,19106734,01180,01129,0121270203,月舘範行,矢野牧場,シニスターミニスター,アートスタジオ,Bernardini,鹿毛,190314,  109.7,  ,    ,37.5
21,09,04,2,札幌,7,02,未勝利*,7,ダ,1,1700,良,フクノラヴァル    ,牡,2,小沢大仁,51.0,12,04,6,6,0,2,9,108.7,"1487",0,5,5,7,4,40,480,長谷川浩,栗,0,19103131,01185,01173,0121270204,福島祐子,土田農場,サトノアラジン,アルマバテーム,エンパイアメーカー,黒鹿,190401,   86.8,  ,    ,43.7
21,09,04,2,札幌,7,02,未勝利*,7,ダ,1,1700,良,スマイルバック    ,牝,2,横山和生,54.0,12,05,4,4,0,1.8,6,108.5,"1485",0,11,10,10,4,39.6,460,松永幹夫,栗,77,19105174,01140,01092,0121270205,ライオンレースホー,ノーザンファーム,リオンディーズ,クロフォード,フジキセキ,青毛,190118,   15.0,  ,    ,44.9
21,09,04,2,札幌,7,02,未勝利*,7,ダ,1,1700,良,エムティゲラン    ,牡,2,小林凌大,51.0,12,06,7,7,0,2.4,7,109.1,"1491",0,9,10,11,10,39.9,440,小野次郎,美,0,19103923,01177,01125,0121270206,門別牧場,富菜牧場,バンブーエール,オドゥールゲラン,ステイゴールド,栗毛,190519,   21.5,  ,    ,44.6
21,09,04,2,札幌,7,02,未勝利*,7,ダ,1,1700,良,コスモルーテウス  ,牡,2,丹内祐次,54.0,12,07,1,1,0,-0.1,2,106.7,"1467",0,5,3,4,2,38.4,448,田中博康,美,510,19100800,01091,01162,0121270207,ビッグレッドファー,ビッグレッドファー,ロージズインメイ,ミルルーテウス,アグネスタキオン,栗毛,190509,    3.4,  ,    ,47.0
21,09,04,2,札幌,7,02,未勝利*,7,ダ,1,1700,良,メルト            ,牡,2,的場勇人,54.0,12,08,10,10,0,4.1,5,110.8,"1508",0,3,3,4,10,42.4,486,的場均,美,0,19103937,01108,01063,0121270208,長谷川守正,中脇満,エスケンデレヤ,フローズンムーン,アドマイヤムーン,鹿毛,190506,   13.0,  ,    ,38.0
21,09,04,2,札幌,7,02,未勝利*,7,ダ,1,1700,良,ワカミヤプレスト  ,牡,2,勝浦正樹,54.0,12,09,3,3,0,1.6,11,108.3,"1483",0,9,8,2,2,40.1,498,稲垣幸雄,美,130,19104546,01025,01167,0121270209,芳川貴行,社台コーポレーショ,ハービンジャー,ゴールデンロッド,キングカメハメハ,鹿毛,190310,  144.7,  ,    ,42.8
21,09,04,2,札幌,7,02,未勝利*,7,ダ,1,1700,良,コスモガラクシア  ,牡,2,柴田大知,54.0,12,10,5,5,0,1.9,3,108.6,"1486",0,7,7,7,8,39.9,478,金成貴史,美,51,19105736,01009,01132,0121270210,ビッグレッドファー,岡田スタツド,ヘニーヒューズ,ウインディーヒル,マンハッタンカフェ,黒鹿,190525,    6.0,  ,    ,43.9
21,09,04,2,札幌,7,02,未勝利*,7,ダ,1,1700,良,ラインラペーシュ  ,牝,2,秋山稔樹,52.0,12,11,11,11,0,4.1,12,110.8,"1508",0,12,12,12,12,40.8,454,水野貴広,美,0,19100462,01181,01094,0121270211,大澤繁昌,中地広大,サトノアラジン,ロイヤルフレア,フレンチデピュティ,鹿毛,190206,  376.2,  ,    ,43.6
21,09,04,2,札幌,7,02,未勝利*,7,ダ,1,1700,良,ナムラビバ        ,牝,2,菊沢一樹,54.0,12,12,12,12,0,5.5,8,112.2,"1522",0,4,5,4,8,43.9,484,武市康男,美,0,19101970,01161,01089,0121270212,奈村睦弘,ナカノファーム,アジアエクスプレス,ヴィルヌーヴ,ディープインパクト,鹿毛,190425,   23.4,  ,    ,34.9
21,09,04,2,札幌,7,03,未勝利,7,芝,0,2000,良,コンフィアンス    ,牝,3,丹内祐次,54.0,16,01,5,5,0,0.5,7,122,"2020",0,16,16,16,14,36.1,452,戸田博文,美,51,18103066,01091,01054,0121270301,京都ホースレーシン,上山牧場,キズナ,アルマシャウラ,アドマイヤムーン,鹿毛,180316,   17.8,  ,    ,52.0
21,09,04,2,札幌,7,03,未勝利,7,芝,0,2000,良,ビスボッチャ      ,牝,3,亀田温心,53.0,16,02,13,13,0,1.7,10,123.2,"2032",0,4,4,4,4,38.6,464,鈴木孝志,栗,0,18102042,01176,01111,0121270302,岡浩二,ノースヒルズ,エピファネイア,クロンヌドール,アグネスタキオン,鹿毛,180501,   34.7,  ,    ,43.9
21,09,04,2,札幌,7,03,未勝利,7,芝,0,2000,良,メイショウシンウチ,牡,3,小沢大仁,53.0,16,03,2,2,0,0.1,6,121.6,"2016",0,4,4,4,4,36.9,488,荒川義之,栗,200,18106523,01185,01095,0121270303,松本好雄,三嶋牧場,ハービンジャー,ダンシングハピネス,ダンスインザダーク,黒鹿,180529,   16.1,  ,    ,48.4
21,09,04,2,札幌,7,03,未勝利,7,芝,0,2000,良,ピアチェーレ      ,牝,3,菊沢一樹,54.0,16,04,10,10,0,1.3,8,122.8,"2028",0,13,13,15,11,37.1,432,菊沢隆徳,美,0,18104950,01161,01115,0121270304,キャロットファーム,ノーザンファーム,ルーラーシップ,ヴィータアレグリア,ネオユニヴァース,鹿毛,180315,   32.3,  ,    ,49.0
21,09,04,2,札幌,7,03,未勝利,7,芝,0,2000,良,アースフレア      ,牝,3,小林凌大,51.0,16,05,11,11,0,1.4,4,122.9,"2029",0,1,1,1,1,38.9,492,本田優,栗,0,18104314,01177,01099,0121270305,フジワラ・ファーム,フジワラフアーム,Frankel,エレアノラデュース,Azamour,鹿毛,180301,   10.2,  ,    ,42.5
21,09,04,2,札幌,7,03,未勝利,7,芝,0,2000,良,ジャストフィット  ,牡,3,団野大成,56.0,16,06,9,9,0,0.9,12,122.4,"2024",0,13,13,13,11,37,494,藤沢和雄,美,0,18110105,01180,00386,0121270306,嶋田賢,"Diamond Creek Farm",Australia,Squeeze,"Danehill Dancer",栗毛,180211,   43.3,  ,    ,48.9
21,09,04,2,札幌,7,03,未勝利,7,芝,0,2000,良,ハンター          ,牡,3,勝浦正樹,56.0,16,07,3,3,0,0.2,14,121.7,"2017",0,6,7,7,7,36.9,446,藤原辰雄,美,130,18102686,01025,00435,0121270307,道永幸治,田中春美,エイシンフラッシュ,ビキニクィーン,キングヘイロー,青鹿,180415,   80.6,  ,    ,48.5
21,09,04,2,札幌,7,03,未勝利,7,芝,0,2000,良,プリエール        ,牝,3,大野拓弥,54.0,16,08,14,14,0,1.9,14,123.4,"2034",0,12,11,11,14,38.2,418,吉田直弘,栗,0,18103059,01096,01101,0121270308,水上行雄,笠松牧場,モーリス,プリオバーン,Galileo,鹿毛,180202,   80.6,  ,    ,45.6
21,09,04,2,札幌,7,03,未勝利,7,芝,0,2000,良,ヴィトーリア      ,牡,3,武豊,56.0,16,09,1,1,0,-0.1,5,121.5,"2015",0,11,11,11,9,36.3,440,武英智,栗,510,18104477,00666,01161,0121270309,寺田寿男,矢野牧場,ドゥラメンテ,スターズインハーアイズ,Woodman,黒鹿,180328,   10.5,  ,    ,50.6
21,09,04,2,札幌,7,03,未勝利,7,芝,0,2000,良,ヒアーズトゥライフ,牡,3,横山武史,56.0,16,10,16,16,0,2.1,2,123.6,"2036",0,2,2,2,2,39.5,494,菊沢隆徳,美,0,18110002,01170,01115,0121270310,吉田照哉,"Shadai Farm",Frankel,"Sound of Freedom","Duke of Marmalade",鹿毛,180127,    4.2,  ,    ,41.2
21,09,04,2,札幌,7,03,未勝利,7,芝,0,2000,良,クイーンファミユ  ,牝,3,加藤祥太,54.0,16,11,15,15,0,2,16,123.5,"2035",0,6,7,7,14,38.6,436,庄野靖志,栗,0,18100604,01156,01087,0121270311,三宅勝俊,高山牧場,リヤンドファミユ,ピシーズクイーン,アグネスデジタル,鹿毛,180614,  429.0,  ,    ,44.3
21,09,04,2,札幌,7,03,未勝利,7,芝,0,2000,良,ヘネラリーフェ    ,牝,3,藤岡佑介,54.0,16,12,7,7,0,0.6,11,122.1,"2021",0,15,15,13,9,36.7,450,橋田満,栗,0,18106353,01093,00362,0121270312,森田和豊,辻牧場,ドゥラメンテ,トーコーヴィオラ,ディープインパクト,栗毛,180510,   41.8,  ,    ,49.7
21,09,04,2,札幌,7,03,未勝利,7,芝,0,2000,良,アンフィニ        ,牝,3,古川吉洋,54.0,16,13,4,4,0,0.5,13,122,"2020",0,3,3,3,2,37.6,466,武英智,栗,77,18106110,01015,01161,0121270313,ヒダカ・ブリーダー,杵臼牧場,ジャスタウェイ,ラーナック,Montjeu,鹿毛,180214,   52.8,  ,    ,46.2
21,09,04,2,札幌,7,03,未勝利,7,芝,0,2000,良,ラヴィエント      ,牝,3,池添謙一,54.0,16,14,8,8,0,0.8,1,122.3,"2023",0,6,6,4,4,37.7,474,池添学,栗,0,18105330,01032,01144,0121270314,DMMドリームクラブ,ノーザンファーム,ドゥラメンテ,ラフィエスタ,スペシャルウィーク,鹿毛,180224,    3.2,  ,    ,46.2
21,09,04,2,札幌,7,03,未勝利,7,芝,0,2000,良,アメリカンマッハ  ,牡,3,ルメール,56.0,16,15,6,6,0,0.5,3,122,"2020",0,9,9,7,7,37.2,504,藤岡健一,栗,0,18110133,05339,01062,0121270315,吉澤ホールディング,"Kenneth L. Ramsey","Kitten's Joy","Cat On a Tin Roof",Catienus,鹿毛,180310,    4.7,  ,    ,47.7
21,09,04,2,札幌,7,03,未勝利,7,芝,0,2000,良,ドラグ            ,牝,3,西谷凜,51.0,16,16,12,12,0,1.6,9,123.1,"2031",0,9,9,10,11,38,418,小林真也,栗,0,18106549,01189,01185,0121270316,三嶋牧場,三嶋牧場,メイショウサムソン,メイショウグレア,ジャングルポケット,黒鹿,180214,   32.7,  ,    ,46.0
21,09,04,2,札幌,7,04,未勝利,7,ダ,1,1700,良,レスペディーザ    ,牝,3,池添謙一,54.0,14,01,1,1,0,-1.4,5,106.5,"1465",0,12,10,1,1,38.1,430,松永幹夫,栗,510,18100580,01032,01092,0121270401,NICKS,スマイルファーム,マクフィ,レッドシャンデル,ネオユニヴァース,鹿毛,180511,    7.8,  ,    ,47.9
21,09,04,2,札幌,7,04,未勝利,7,ダ,1,1700,良,ノーティーガール  ,牝,3,小林凌大,51.0,14,02,14,14,0,4.2,13,110.7,"1507",0,2,2,4,11,41.8,480,加藤士津,美,0,18100482,01177,01169,0121270402,藤本栄史,白井牧場,クリエイター2,ナリタシークレット,フジキセキ,栗毛,180305,  112.6,  ,    ,39.9
21,09,04,2,札幌,7,04,未勝利,7,ダ,1,1700,良,アスターベルデ    ,牝,3,泉谷楓真,53.0,14,03,13,13,0,3.5,11,110,"1500",0,3,3,6,5,40.8,500,中竹和也,栗,0,18100565,01182,01039,0121270403,加藤久枝,スマイルファーム,ハービンジャー,アスターヒューモア,"More Than Ready",黒鹿,180309,   31.6,  ,    ,42.5
21,09,04,2,札幌,7,04,未勝利,7,ダ,1,1700,良,エナジーボーイ    ,牡,3,古川吉洋,56.0,14,04,5,5,0,1.7,4,108.2,"1482",0,13,13,14,11,38,450,石毛善彦,美,51,18100892,01015,00428,0121270404,桑畑夏美,浜本牧場,カレンブラックヒル,エナチャン,キンシャサノキセキ,鹿毛,180409,    7.5,  ,    ,50.8
21,09,04,2,札幌,7,04,未勝利,7,ダ,1,1700,良,レイトンヒル      ,牡,3,横山武史,56.0,14,05,12,12,0,3.4,3,109.9,"1499",0,4,4,7,9,40.5,504,加藤征弘,美,0,18110033,01170,01059,0121270405,ゴドルフィン,"Corrin Stud & Uppe",Teofilo,"Dream of The Hill","Tiger Hill",鹿毛,180419,    5.6,  ,    ,43.5
21,09,04,2,札幌,7,04,未勝利,7,ダ,1,1700,良,サンベリーナ      ,牝,3,亀田温心,53.0,14,06,3,3,0,1.5,10,108,"1480",0,5,6,9,5,38.5,486,羽月友彦,栗,130,18106238,01176,01091,0121270406,ターフ・スポート,谷川牧場,ヘニーヒューズ,オリジナルスピン,Machiavellian,栗毛,180320,   24.2,  ,    ,48.5
21,09,04,2,札幌,7,04,未勝利,7,ダ,1,1700,良,ララパピヨンドメル,牝,3,和田竜二,54.0,14,07,7,7,0,2.2,7,108.7,"1487",0,8,8,9,9,39.2,448,大竹正博,美,0,18105805,01018,01102,0121270407,フジイ興産,レイクヴィラファー,ヴィクトワールピサ,ウィストラム,フレンチデピュティ,鹿毛,180125,   18.8,  ,    ,46.7
21,09,04,2,札幌,7,04,未勝利,7,ダ,1,1700,良,ファンタジーライツ,セ,3,小沢大仁,53.0,14,08,10,10,0,3.1,9,109.6,"1496",0,5,7,7,7,40.2,498,四位洋文,栗,0,18105491,01185,01184,0121270408,社台レースホース,社台コーポレーショ,ロードカナロア,カラフルデイズ,フジキセキ,鹿毛,180120,   22.3,  ,    ,44.2
21,09,04,2,札幌,7,04,未勝利,7,ダ,1,1700,良,メイショウメイロウ,牝,3,大野拓弥,54.0,14,09,6,6,0,2.1,8,108.6,"1486",0,11,11,12,11,38.7,482,和田勇介,美,0,18106453,01096,01165,0121270409,松本好雄,林孝輝,クリエイター2,タイヨウノコ,エンパイアメーカー,芦毛,180428,   20.3,  ,    ,48.5
21,09,04,2,札幌,7,04,未勝利,7,ダ,1,1700,良,マテンロウアレス  ,牡,3,横山典弘,56.0,14,10,2,2,0,1.4,1,107.9,"1479",0,1,1,2,2,39.3,494,昆貢,栗,200,18103927,00660,01044,0121270410,寺田千代乃,タイヘイ牧場,ダイワメジャー,ベアフットレディ,Footstepsinthesand,鹿毛,180207,    3.9,  ,    ,45.2
21,09,04,2,札幌,7,04,未勝利,7,ダ,1,1700,良,メイショウソウゴン,牡,3,丹内祐次,56.0,14,11,8,8,0,2.3,12,108.8,"1488",0,8,11,9,7,39.3,472,藤沢則雄,栗,0,18105843,01091,01041,0121270411,松本好雄,赤田牧場,アジアエクスプレス,シーエンプレス,ダンスインザダーク,栗毛,180530,   68.1,  ,    ,46.5
21,09,04,2,札幌,7,04,未勝利,7,ダ,1,1700,良,フォトンストリーム,牡,3,黛弘人,56.0,14,12,11,11,0,3.3,14,109.8,"1498",0,13,13,12,14,39.9,412,浅野洋一,美,0,18101099,01109,00421,0121270412,幡有,増尾牧場,クリエイター2,アズマガール,キングカメハメハ,鹿毛,180427,  285.8,  ,    ,45.6
21,09,04,2,札幌,7,04,未勝利,7,ダ,1,1700,良,シゲルダイナミック,牡,3,武豊,56.0,14,13,4,4,0,1.5,2,108,"1480",0,5,4,4,4,39.1,492,大橋勇樹,栗,77,18104360,00666,01065,0121270413,森中蕃,藤原牧場,マジェスティックウォリアー,グローバルソング,ブライアンズタイム,鹿毛,180316,    4.1,  ,    ,46.1
21,09,04,2,札幌,7,04,未勝利,7,ダ,1,1700,良,シャトワイエー    ,牝,3,菱田裕二,54.0,14,14,9,9,0,2.8,6,109.3,"1493",0,8,8,2,3,40.7,444,岡田稲男,栗,0,18104342,01144,01066,0121270414,フジワラ・ファーム,フジワラフアーム,カレンブラックヒル,ブリリン,タイキシャトル,栃栗,180304,   14.0,  ,    ,41.9
21,09,04,2,札幌,7,05,新馬,15,芝,0,1500,良,ブランデーロック  ,牡,2,山田敬士,52.0,12,01,9,9,0,1.5,9,92,"1320",0,0,1,1,1,36.8,456,小桧山悟,美,0,19107075,01173,01005,0121270501,TAホースレーシング,川上牧場,マクフィ,グローリールピナス,マーベラスサンデー,栗毛,190404,   72.9,  ,    ,50.0
21,09,04,2,札幌,7,05,新馬,15,芝,0,1500,良,ネイキッドハート  ,牝,2,和田竜二,54.0,12,02,10,10,0,1.5,5,92,"1320",0,0,4,3,3,36.5,436,辻哲英,美,0,19103200,01018,01182,0121270502,スリースターズレー,平野牧場,モーリス,ストロベリーズ,コマンズ,青鹿,190305,   18.4,  ,    ,51.4
21,09,04,2,札幌,7,05,新馬,15,芝,0,1500,良,ユキヤナギ        ,牝,2,勝浦正樹,54.0,12,03,6,6,0,0.7,10,91.2,"1312",0,0,6,5,5,35.6,448,的場均,美,0,19101032,01025,01063,0121270503,山口敦広,山岡ファーム,パドトロワ,エーピーモモ,ダンスインザダーク,鹿毛,190221,  160.6,  ,    ,54.1
21,09,04,2,札幌,7,05,新馬,15,芝,0,1500,良,メイショウカジヤ  ,牡,2,池添謙一,54.0,12,04,7,7,0,1.2,8,91.7,"1317",0,0,9,8,10,35.8,464,池添兼雄,栗,0,19104104,01032,01021,0121270504,松本好雄,三嶋牧場,ワールドエース,レインボーリップル,"Rainbow Quest",鹿毛,190404,   45.5,  ,    ,54.1
21,09,04,2,札幌,7,05,新馬,15,芝,0,1500,良,リーセフィヨルド  ,牝,2,ルメール,54.0,12,05,2,2,0,0.3,2,90.8,"1308",0,0,6,5,5,35.2,454,菊沢隆徳,美,280,19105114,05339,01115,0121270505,吉田勝己,ノーザンファーム,ハービンジャー,エルノルテ,ディープインパクト,鹿毛,190415,    3.1,  ,    ,55.3
21,09,04,2,札幌,7,05,新馬,15,芝,0,1500,良,レッドベスティア  ,牡,2,横山和生,54.0,12,06,3,3,0,0.5,4,91,"1310",0,0,9,11,10,34.9,436,昆貢,栗,180,19103768,01140,01044,0121270506,東京ホースレーシン,谷川牧場,ダイワメジャー,フィルバート,"High Chaparral",栗毛,190131,    6.2,  ,    ,57.2
21,09,04,2,札幌,7,05,新馬,15,芝,0,1500,良,バスマティ        ,牝,2,団野大成,54.0,12,07,5,5,0,0.7,6,91.2,"1312",0,0,8,8,9,35.4,434,藤沢和雄,美,70,19102930,01180,00386,0121270507,多田信尊,小野秀治,キンシャサノキセキ,イノセントデイズ,ダイワメジャー,鹿毛,190227,   26.2,  ,    ,55.1
21,09,04,2,札幌,7,05,新馬,15,芝,0,1500,良,サーティファイド  ,牡,2,亀田温心,53.0,12,08,12,12,0,2.2,11,92.7,"1327",0,0,12,12,12,36.1,472,鮫島一歩,栗,0,19105857,01176,01046,0121270508,安原浩司,岡田牧場,マクフィ,チャームピクチャー,ダンスインザダーク,鹿毛,190321,  180.2,  ,    ,54.5
21,09,04,2,札幌,7,05,新馬,15,芝,0,1500,良,スピードグラマー  ,牝,2,横山武史,54.0,12,09,4,4,0,0.5,3,91,"1310",0,0,2,2,2,35.7,468,藤沢和雄,美,110,19110110,01170,00386,0121270509,長谷川祐司,"Machmer Hall","Into Mischief","Island Escape",Petionville,鹿毛,190215,    5.5,  ,    ,53.3
21,09,04,2,札幌,7,05,新馬,15,芝,0,1500,良,クモリナキマナコ  ,牝,2,杉原誠人,54.0,12,10,8,8,0,1.2,12,91.7,"1317",0,0,4,5,5,36.1,420,高橋文雅,美,0,19103244,01135,01134,0121270510,ミルファーム,前川勝春,エピファネイア,クィーンズトレイル,ディープインパクト,鹿毛,190304,  198.9,  ,    ,52.7
21,09,04,2,札幌,7,05,新馬,15,芝,0,1500,良,ドーブネ          ,牡,2,武豊,54.0,12,11,1,1,0,-0.3,1,90.5,"1305",0,0,9,8,5,34.6,464,武幸四郎,栗,700,19104896,00666,01160,0121270511,藤田晋,社台ファーム,ディープインパクト,プレミアステップス,Footstepsinthesand,青毛,190403,    2.7,  ,    ,57.7
21,09,04,2,札幌,7,05,新馬,15,芝,0,1500,良,ミライヘノエール  ,牡,2,藤岡佑介,54.0,12,12,11,11,0,1.7,7,92.2,"1322",0,0,2,3,3,36.8,484,伊藤大士,美,0,19101751,01093,01109,0121270512,三島宣彦,シンボリ牧場,シルバーステート,スイートカルタゴ,ヘクタープロテクター,黒鹿,190303,   33.5,  ,    ,50.4
21,09,04,2,札幌,7,06,１勝ｸﾗｽ・牝,23,ダ,1,1700,良,サツキティアラ    ,牝,3,秋山稔樹,50.0,14,01,12,12,0,1.6,11,108.1,"1481",0,3,3,8,11,39.3,472,加藤和宏,美,0,18103039,01181,01077,0121270601,グランデオーナーズ,荻伏三好フアーム,バトルプラン,ラストエンジェル,バゴ,鹿毛,180510,   47.3,  ,    ,45.5
21,09,04,2,札幌,7,06,１勝ｸﾗｽ・牝,23,ダ,1,1700,良,クーファイザナミ  ,牝,4,小沢大仁,52.0,14,02,2,2,0,0.1,12,106.6,"1466",0,7,6,5,7,38,420,武幸四郎,栗,300,17102078,01185,01160,0121270602,大迫久美子,村上欽哉,ディープインパクト,イーデンズコーズウェイ,"Giant's Causeway",鹿毛,170523,   82.4,  ,    ,48.5
21,09,04,2,札幌,7,06,１勝ｸﾗｽ・牝,23,ダ,1,1700,良,レッドエステーラ  ,牝,5,藤岡佑介,55.0,14,03,4,4,0,0.3,9,106.8,"1468",0,10,10,10,9,37.7,426,田中克典,栗,110,16104643,01093,01180,0121270603,東京ホースレーシン,ノーザンファーム,ロードカナロア,メテオーリカ,ディープインパクト,鹿毛,160402,   26.4,  ,    ,50.0
21,09,04,2,札幌,7,06,１勝ｸﾗｽ・牝,23,ダ,1,1700,良,ジンジャーブラッド,牝,3,団野大成,52.0,14,04,0,0,4,999.9,3,0,"----",0,0,0,0,0,0,532,林徹,美,0,18105089,01180,01163,0121270604,小川眞査雄,ノーザンファーム,リアルインパクト,ジンジャーミスト,Bernardini,黒鹿,180318,    6.9,  ,    , 0.0
21,09,04,2,札幌,7,06,１勝ｸﾗｽ・牝,23,ダ,1,1700,良,アンジュマリッシュ,牝,3,古川吉洋,52.0,14,05,8,8,0,0.9,8,107.4,"1474",0,5,5,3,4,39,444,上村洋行,栗,0,18105001,01015,01168,0121270605,サンデーレーシング,ノーザンファーム,ノヴェリスト,ギーニョ,サンデーサイレンス,青毛,180314,   18.0,  ,    ,45.7
21,09,04,2,札幌,7,06,１勝ｸﾗｽ・牝,23,ダ,1,1700,良,アポロリリー      ,牝,4,大野拓弥,55.0,14,06,5,5,0,0.4,7,106.9,"1469",0,2,2,2,2,38.8,422,鈴木伸尋,美,76,17100034,01096,01026,0121270606,アポロサラブレッド,天羽禮治,ディープブリランテ,アポロジャスミン,"Saint Liam",黒鹿,170221,   11.2,  ,    ,45.7
21,09,04,2,札幌,7,06,１勝ｸﾗｽ・牝,23,ダ,1,1700,良,アンジェリーブル  ,牝,5,丹内祐次,55.0,14,07,9,9,0,1.1,6,107.6,"1476",0,7,8,5,4,39,472,藤原辰雄,美,0,16105686,01091,00435,0121270607,伊藤佳幸,グランド牧場,クロフネ,デラモーレ,ディープインパクト,栗毛,160508,    8.6,  ,    ,45.9
21,09,04,2,札幌,7,06,１勝ｸﾗｽ・牝,23,ダ,1,1700,良,ローラズウィシュ  ,牝,3,杉原誠人,52.0,14,08,13,13,0,2.1,14,108.6,"1486",0,13,12,12,13,39.2,500,小島茂之,美,0,18101675,01135,01068,0121270608,佐藤牧場,佐藤牧場,モーリス,ヤマノローラ,スペシャルウィーク,青毛,180317,  168.4,  ,    ,46.6
21,09,04,2,札幌,7,06,１勝ｸﾗｽ・牝,23,ダ,1,1700,良,ハイアーグレード  ,牝,4,荻野琢真,55.0,14,09,3,3,0,0.1,4,106.6,"1466",0,6,6,5,2,38.1,458,今野貞一,栗,190,17100431,01112,01128,0121270609,下河辺隆行,下河辺牧場,ゴールドアリュール,ラグジャリークラス,"Gone West",栗毛,170419,    7.0,  ,    ,48.1
21,09,04,2,札幌,7,06,１勝ｸﾗｽ・牝,23,ダ,1,1700,良,ペイルライダー    ,牝,3,武豊,52.0,14,10,1,1,0,-0.1,1,106.5,"1465",0,9,9,8,7,37.6,480,角田晃一,栗,760,18105205,00666,01121,0121270610,市川義美ホールディ,ノーザンファーム,ルーラーシップ,ピサノグラフ,サンデーサイレンス,鹿毛,180227,    3.8,  ,    ,50.0
21,09,04,2,札幌,7,06,１勝ｸﾗｽ・牝,23,ダ,1,1700,良,キュン            ,牝,3,横山武史,52.0,14,11,7,7,0,0.6,2,107.1,"1471",0,3,3,3,4,38.7,460,戸田博文,美,0,18102433,01170,01054,0121270611,吉澤ホールディング,飯岡牧場,シニスターミニスター,ユーアーマイン,ディープインパクト,黒鹿,180321,    4.8,  ,    ,46.4
21,09,04,2,札幌,7,06,１勝ｸﾗｽ・牝,23,ダ,1,1700,良,シャルドネ        ,牝,4,小林凌大,52.0,14,12,11,11,0,1.1,10,107.6,"1476",0,12,12,12,12,38.3,452,浜田多実,栗,0,17100373,01177,01138,0121270612,カナヤマホールディ,下河辺牧場,ヘニーヒューズ,シャンパンフルート,クロフネ,鹿毛,170426,   37.0,  ,    ,48.7
21,09,04,2,札幌,7,06,１勝ｸﾗｽ・牝,23,ダ,1,1700,良,ジョリーブレス    ,牝,3,亀田温心,51.0,14,13,10,10,0,1.1,5,107.6,"1476",0,10,10,10,9,38.5,458,奥村豊,栗,0,18104348,01176,01146,0121270613,フジワラ・ファーム,フジワラフアーム,ジャスタウェイ,ラストアロー,アサティス,鹿毛,180219,    7.8,  ,    ,47.9
21,09,04,2,札幌,7,06,１勝ｸﾗｽ・牝,23,ダ,1,1700,良,スエヒロヴァン    ,牝,3,加藤祥太,52.0,14,14,6,6,0,0.5,13,107,"1470",0,1,1,1,1,39,472,藤沢則雄,栗,0,18101586,01156,01041,0121270614,みどり住宅,小泉牧場,カレンブラックヒル,キネオスイトピー,アドマイヤムーン,鹿毛,180130,  140.3,  ,    ,45.1
21,09,04,2,札幌,7,07,１勝ｸﾗｽ,23,ダ,1,1000,良,カテドラルロック  ,牝,4,山田敬士,53.0,12,01,10,10,0,0.9,11,60.2,"1002",0,0,0,9,7,35.7,432,石毛善彦,美,0,17105833,01173,00428,0121270701,ライオンレースホー,浦河日成牧場,ダノンシャンティ,グランドパトラ,キングカメハメハ,栗毛,170416,  151.2,  ,    ,52.9
21,09,04,2,札幌,7,07,１勝ｸﾗｽ,23,ダ,1,1000,良,ジーガーオーシャン,牡,3,西谷凜,52.0,12,02,11,11,0,1,10,60.3,"1003",0,0,0,12,12,35.1,488,竹内正洋,美,0,18101716,01189,01152,0121270702,ジーガー,須崎牧場,アジアエクスプレス,ジーガーウイング,ウイングアロー,黒鹿,180324,   35.9,  ,    ,57.7
21,09,04,2,札幌,7,07,１勝ｸﾗｽ,23,ダ,1,1000,良,クリオズナ        ,牝,3,泉谷楓真,52.0,12,03,2,2,0,0.1,9,59.4,"0594",0,0,0,1,1,36.1,432,浜田多実,栗,300,18105247,01182,01138,0121270703,サンデーレーシング,ノーザンファーム,オルフェーヴル,プロクリス,キングカメハメハ,栗毛,180117,   32.1,  ,    ,46.8
21,09,04,2,札幌,7,07,１勝ｸﾗｽ,23,ダ,1,1000,良,ウィズアウィッシュ,牝,7,黛弘人,55.0,12,04,12,12,0,1.4,12,60.7,"1007",0,0,0,11,11,35.9,504,蛯名利弘,美,0,14103417,01109,01131,0121270704,岡田牧雄,中島牧場,ケイムホーム,マイホープ,Danehill,鹿毛,140322,  226.5,  ,    ,53.6
21,09,04,2,札幌,7,07,１勝ｸﾗｽ,23,ダ,1,1000,良,シロイスズメ      ,牡,4,松田大作,57.0,12,05,9,9,0,0.7,8,60,"1000",0,0,0,4,5,36.3,506,尾形和幸,美,0,17104214,01030,01141,0121270705,藤本直弘,エイトカラーファー,キズナ,グレンチェック,スターリングローズ,芦毛,170521,   25.8,  ,    ,47.9
21,09,04,2,札幌,7,07,１勝ｸﾗｽ,23,ダ,1,1000,良,ニシノダンテ      ,牡,6,勝浦正樹,57.0,12,06,1,1,0,-0.1,5,59.3,"0593",0,0,0,6,5,35.2,512,新谷功一,栗,760,15101771,01025,01172,0121270706,西山茂行,谷川牧場,タイキシャトル,カナエチャン,マンハッタンカフェ,青鹿,150211,    7.4,  ,    ,52.7
21,09,04,2,札幌,7,07,１勝ｸﾗｽ,23,ダ,1,1000,良,ランランウイング  ,牝,5,和田竜二,55.0,12,07,8,8,0,0.5,7,59.8,"0598",0,0,0,7,7,35.6,476,今野貞一,栗,0,16102421,01018,01128,0121270707,高昭牧場,高昭牧場,アイルハヴアナザー,タキオンコウショウ,アグネスタキオン,黒鹿,160319,   13.0,  ,    ,52.0
21,09,04,2,札幌,7,07,１勝ｸﾗｽ,23,ダ,1,1000,良,セイウンノウヒメ  ,牝,3,池添謙一,53.0,12,08,4,4,0,0.4,4,59.7,"0597",0,0,0,2,2,36.3,470,新谷功一,栗,110,18103191,01032,01172,0121270708,西山茂行,鮫川啓一,トゥザグローリー,ハイノリッジ,マンハッタンカフェ,青毛,180417,    7.3,  ,    ,46.7
21,09,04,2,札幌,7,07,１勝ｸﾗｽ,23,ダ,1,1000,良,ジェットエンブレム,牡,3,ルメール,55.0,12,09,6,6,0,0.4,2,59.7,"0597",0,0,0,9,7,35.2,494,石坂公一,栗,0,18100886,05339,01166,0121270709,犬塚悠治郎,浜本牧場,ヘニーヒューズ,アイアムネオ,ネオユニヴァース,栗毛,180508,    3.6,  ,    ,54.4
21,09,04,2,札幌,7,07,１勝ｸﾗｽ,23,ダ,1,1000,良,ルーリング        ,牡,3,小沢大仁,52.0,12,10,7,7,0,0.5,1,59.8,"0598",0,0,0,7,10,35.6,502,浅見秀一,栗,0,18105457,01185,00411,0121270710,G1レーシング,追分ファーム,ルーラーシップ,リープオブフェイス,クロフネ,鹿毛,180419,    3.4,  ,    ,52.0
21,09,04,2,札幌,7,07,１勝ｸﾗｽ,23,ダ,1,1000,良,ディーズローリエ  ,牝,4,菱田裕二,55.0,12,11,3,3,0,0.3,6,59.6,"0596",0,0,0,5,4,35.8,458,岡田稲男,栗,190,17103952,01144,01066,0121270711,秋谷壽之,野坂牧場,キズナ,ムーランルージュ,クロコルージュ,黒鹿,170329,   11.5,  ,    ,49.7
21,09,04,2,札幌,7,07,１勝ｸﾗｽ,23,ダ,1,1000,良,サンランシング    ,牝,3,小林凌大,50.0,12,12,5,5,0,0.4,3,59.7,"0597",0,0,0,2,2,36.3,474,新開幸一,美,76,18100298,01177,01116,0121270712,加藤ステーブル,ケイズ,ロージズインメイ,フィールザロマンス,ブラックタイド,青鹿,180409,    7.1,  ,    ,46.7
21,09,04,2,札幌,7,08,１勝ｸﾗｽ,23,芝,0,2000,良,クリノサルベージ  ,牡,3,泉谷楓真,53.0,16,01,10,10,0,1.6,16,122.8,"2028",0,5,7,8,10,36.7,450,藤岡健一,栗,0,18106658,01182,01062,0121270801,栗本博晴,様似渡辺牧場,ハーツクライ,オンケンバヤソワカ,"Excellent Art",鹿毛,180531,  265.6,  ,    ,50.5
21,09,04,2,札幌,7,08,１勝ｸﾗｽ,23,芝,0,2000,良,アイスジェイド    ,牡,4,大野拓弥,57.0,16,02,13,13,0,3,5,124.2,"2042",0,2,4,3,4,38.4,472,牧田和弥,栗,0,17105531,01096,01123,0121270802,キャロットファーム,ノーザンファーム,ルーラーシップ,プリンセスカメリア,サンデーサイレンス,鹿毛,170514,   16.1,  ,    ,45.8
21,09,04,2,札幌,7,08,１勝ｸﾗｽ,23,芝,0,2000,良,バニシングポイント,牡,3,池添謙一,54.0,16,03,2,2,0,0.1,2,121.3,"2013",0,13,12,11,7,34.9,488,藤沢和雄,美,300,18110086,01032,00386,0121270803,長谷川祐司,"Whisper Hill Farm",Tapit,"Unrivaled Belle","Unbridled's Song",芦毛,180128,    4.9,  ,    ,56.1
21,09,04,2,札幌,7,08,１勝ｸﾗｽ,23,芝,0,2000,良,マイネルデステリョ,牡,4,丹内祐次,57.0,16,04,7,7,0,1.2,9,122.4,"2024",0,5,4,6,8,36.5,456,畠山吉宏,美,0,17101746,01091,01048,0121270804,サラブレッドクラブ,新冠橋本牧場,エイシンフラッシュ,クインズメンテ,ゼンノロブロイ,黒鹿,170502,   30.1,  ,    ,50.9
21,09,04,2,札幌,7,08,１勝ｸﾗｽ,23,芝,0,2000,良,ホウオウジョルノ  ,牡,3,横山和生,54.0,16,05,12,12,0,1.9,12,123.1,"2031",0,11,12,14,14,36.4,468,安田翔伍,栗,0,18103565,01140,01164,0121270805,小笹芳央,岡田スタツド,ゴールドシップ,リトルビスケット,タニノギムレット,芦毛,180330,   46.0,  ,    ,52.1
21,09,04,2,札幌,7,08,１勝ｸﾗｽ,23,芝,0,2000,良,アルファウェーブ  ,セ,4,団野大成,57.0,16,06,11,11,0,1.7,8,122.9,"2029",0,5,7,8,10,36.8,540,藤沢和雄,美,0,17110006,01180,00386,0121270806,吉田勝己,"Athassel House Stu",Gleneagles,Waveband,"Exceed And Excel",栗毛,170430,   28.3,  ,    ,50.3
21,09,04,2,札幌,7,08,１勝ｸﾗｽ,23,芝,0,2000,良,オタクインパクト  ,牡,3,亀田温心,53.0,16,07,8,8,0,1.3,11,122.5,"2025",0,9,10,11,12,36.2,490,桜井拓章,地,0,18109009,01176,05749,0121270807,桐生裕明,荒谷牧場,ウインバリアシオン,ネオヴェリーフェズ,ネオユニヴァース,黒鹿,180517,   39.0,  ,    ,52.2
21,09,04,2,札幌,7,08,１勝ｸﾗｽ,23,芝,0,2000,良,ミンナノユメツナグ,牡,3,古川吉洋,54.0,16,08,16,16,0,3.8,15,125,"2050",0,15,15,16,16,37.9,474,天間昭一,美,0,18104226,01015,01090,0121270808,LS.M,橋本牧場,ノボジャック,ミンナノユメノセテ,サマーバード,栗毛,180419,  239.7,  ,    ,48.5
21,09,04,2,札幌,7,08,１勝ｸﾗｽ,23,芝,0,2000,良,ペルソナデザイン  ,セ,5,秋山稔樹,55.0,16,09,1,1,0,-0.1,10,121.2,"2012",0,2,2,2,1,35.6,464,大竹正博,美,760,16105011,01181,01102,0121270809,G1レーシング,社台ファーム,ハーツクライ,コマーサント,"Marchand de Sable",鹿毛,160225,   34.0,  ,    ,53.0
21,09,04,2,札幌,7,08,１勝ｸﾗｽ,23,芝,0,2000,良,オメガロマンス    ,牝,3,横山武史,52.0,16,10,9,9,0,1.4,1,122.6,"2026",0,2,2,3,4,36.8,442,斎藤誠,美,0,18104563,01170,01086,0121270810,原禮子,社台ファーム,ハーツクライ,オメガスピリット,スピニングワールド,黒鹿,180224,    2.1,  ,    ,49.9
21,09,04,2,札幌,7,08,１勝ｸﾗｽ,23,芝,0,2000,良,アズユーフィール  ,牡,3,和田竜二,54.0,16,11,6,6,0,0.9,7,122.1,"2021",0,14,14,13,12,35.5,504,宮本博,栗,0,18105763,01018,01073,0121270811,コスモヴューファー,平岡牧場,ベルシャザール,フィールザライト,ファンタスティックライト,黒鹿,180513,   26.9,  ,    ,54.5
21,09,04,2,札幌,7,08,１勝ｸﾗｽ,23,芝,0,2000,良,デルマアシュラ    ,牡,3,ルメール,54.0,16,12,4,4,0,0.2,3,121.4,"2014",0,9,9,6,4,35.5,418,友道康夫,栗,110,18104569,05339,01061,0121270812,浅沼廣幸,社台ファーム,ディープインパクト,オンヴェラ,"Smart Strike",青毛,180218,    6.9,  ,    ,53.7
21,09,04,2,札幌,7,08,１勝ｸﾗｽ,23,芝,0,2000,良,カフジドラド      ,牡,3,黛弘人,54.0,16,13,15,15,0,3.1,14,124.3,"2043",0,15,15,15,15,37.4,518,矢作芳人,栗,0,18105290,01109,01075,0121270813,加藤守,ノーザンファーム,エピファネイア,ミニョネット,クロフネ,栃栗,180309,  196.9,  ,    ,49.6
21,09,04,2,札幌,7,08,１勝ｸﾗｽ,23,芝,0,2000,良,マイネルエキサイト,牡,5,柴田大知,57.0,16,14,14,14,0,3,13,124.2,"2042",0,1,1,1,2,38.7,490,加藤士津,美,0,16105756,01009,01169,0121270814,サラブレッドクラブ,坂本春雄,ブラックタイド,アインライツ,ティンバーカントリー,青鹿,160406,   51.1,  ,    ,44.7
21,09,04,2,札幌,7,08,１勝ｸﾗｽ,23,芝,0,2000,良,カタリーナ        ,牝,3,藤岡佑介,52.0,16,15,3,3,0,0.2,4,121.4,"2014",0,5,4,3,2,35.6,444,松下武士,栗,190,18105820,01093,01149,0121270815,近藤英子,レイクヴィラファー,ドゥラメンテ,ブルーダイアモンド,ディープインパクト,鹿毛,180427,    9.0,  ,    ,53.3
21,09,04,2,札幌,7,08,１勝ｸﾗｽ,23,芝,0,2000,良,ケルンキングダム  ,セ,5,国分恭介,57.0,16,16,5,5,0,0.8,6,122,"2020",0,11,11,8,8,35.8,444,小崎憲,栗,76,16102113,01124,01085,0121270816,谷和光彦,ひるかわ育成牧場,ローズキングダム,ケルンフラワー,アドマイヤムーン,鹿毛,160506,   18.0,  ,    ,53.2
21,09,04,2,札幌,7,09,１勝ｸﾗｽ,23,ダ,1,1700,良,モンキャドー      ,セ,3,秋山稔樹,52.0,14,01,14,14,0,7.3,14,112.3,"1523",0,5,4,14,14,43.5,450,音無秀孝,栗,0,18104818,01181,01002,0121270901,グリーンファーム,社台ファーム,ロードカナロア,モンシュシュ,スペシャルウィーク,鹿毛,180515,  222.2,  ,    ,36.3
21,09,04,2,札幌,7,09,１勝ｸﾗｽ,23,ダ,1,1700,良,クロパラントゥ    ,セ,3,ルメール,54.0,14,02,1,1,0,-0.5,3,105,"1450",0,1,1,1,1,37.8,508,藤沢和雄,美,760,18104121,05339,00386,0121270902,長谷川祐司,千代田牧場,キズナ,マーガレットメドウ,"Distorted Humor",黒鹿,180329,    5.3,  ,    ,47.0
21,09,04,2,札幌,7,09,１勝ｸﾗｽ,23,ダ,1,1700,良,ブロッコリー      ,牡,6,小沢大仁,54.0,14,03,10,10,0,2.6,9,107.6,"1476",0,8,7,5,6,40.1,482,牧田和弥,栗,0,15105481,01185,01123,0121270903,嶋田賢,岡田牧場,キンシャサノキセキ,アスパラガス,ティンバーカントリー,鹿毛,150506,   24.4,  ,    ,41.8
21,09,04,2,札幌,7,09,１勝ｸﾗｽ,23,ダ,1,1700,良,ブリエヴェール    ,牡,3,池添謙一,54.0,14,04,9,9,0,2.5,2,107.5,"1475",0,3,3,2,2,40.2,468,小笠倫弘,美,0,18104849,01032,01076,0121270904,グリーンファーム,社台ファーム,エイシンフラッシュ,レイヨンヴェール,ゴールドアリュール,青鹿,180415,    4.7,  ,    ,41.3
21,09,04,2,札幌,7,09,１勝ｸﾗｽ,23,ダ,1,1700,良,クリノウマーベラス,セ,4,和田竜二,57.0,14,05,13,13,0,4,13,109,"1490",0,5,6,8,10,41.3,530,大橋勇樹,栗,0,17103796,01018,01065,0121270905,栗本守,千代田牧場,スピルバーグ,ショコラミント,"Uncle Mo",鹿毛,170516,  168.1,  ,    ,39.4
21,09,04,2,札幌,7,09,１勝ｸﾗｽ,23,ダ,1,1700,良,ヴィクトリオン    ,牡,3,原田和真,54.0,14,06,8,8,0,2.4,12,107.4,"1474",0,9,9,10,8,39.4,500,羽月友彦,栗,0,18100923,01143,01091,0121270906,中内田克二,日高大洋牧場,"Uncle Mo",イースターアイランド,"Giant's Causeway",鹿毛,180329,  158.2,  ,    ,44.1
21,09,04,2,札幌,7,09,１勝ｸﾗｽ,23,ダ,1,1700,良,マイネルエンカント,牡,4,柴田大知,57.0,14,07,4,4,0,1.6,11,106.6,"1466",0,12,12,11,8,38.4,464,天間昭一,美,110,17101945,01009,01090,0121270907,サラブレッドクラブ,ビッグレッドファー,ロージズインメイ,マイネチャーム,アグネスタキオン,黒鹿,170220,   73.1,  ,    ,46.9
21,09,04,2,札幌,7,09,１勝ｸﾗｽ,23,ダ,1,1700,良,ハクシンパーソナル,牡,3,松田大作,54.0,14,08,6,6,0,2.1,10,107.1,"1471",0,13,13,11,10,38.8,460,清水久詞,栗,0,18106790,01030,01110,0121270908,新井原博,川上牧場,ワールドエース,プリマーベル,キングカメハメハ,鹿毛,180408,   25.9,  ,    ,46.0
21,09,04,2,札幌,7,09,１勝ｸﾗｽ,23,ダ,1,1700,良,モズマゾク        ,牡,3,小林凌大,51.0,14,09,3,3,0,0.6,1,105.6,"1456",0,4,4,4,2,38.2,496,南井克巳,栗,190,18101075,01177,01049,0121270909,キャピタル・システ,前野牧場,グランプリボス,モズアリュール,ゴールドアリュール,青毛,180304,    2.1,  ,    ,46.2
21,09,04,2,札幌,7,09,１勝ｸﾗｽ,23,ダ,1,1700,良,ブライドグルーム  ,セ,4,大野拓弥,57.0,14,10,5,5,0,2,8,107,"1470",0,5,7,6,6,39.4,434,和田勇介,美,76,17105136,01096,01165,0121270910,社台レースホース,社台コーポレーショ,ロードカナロア,フーラブライド,ゴールドアリュール,鹿毛,170131,   22.1,  ,    ,43.6
21,09,04,2,札幌,7,09,１勝ｸﾗｽ,23,ダ,1,1700,良,タイセイグラシア  ,牝,3,団野大成,52.0,14,11,7,7,0,2.3,4,107.3,"1473",0,2,2,2,2,40,452,矢作芳人,栗,0,18100377,01180,01075,0121270911,田中成奉,下河辺牧場,ディープインパクト,インプレスゴールド,ブライアンズタイム,黒鹿,180429,   13.8,  ,    ,41.8
21,09,04,2,札幌,7,09,１勝ｸﾗｽ,23,ダ,1,1700,良,フームスムート    ,牡,4,丹内祐次,57.0,14,12,2,2,0,0.5,7,105.5,"1455",0,11,11,6,5,37.9,526,水野貴広,美,300,17104238,01091,01094,0121270912,ディアレストクラブ,ディアレストクラブ,トゥザグローリー,ディアジーローズ,ワイルドラッシュ,黒鹿,170216,   22.0,  ,    ,47.3
21,09,04,2,札幌,7,09,１勝ｸﾗｽ,23,ダ,1,1700,良,サンエルセントロ  ,牡,3,横山和生,54.0,14,13,11,11,0,3.4,5,108.4,"1484",0,14,14,11,10,40.1,456,中舘英二,美,0,18100551,01140,01153,0121270913,加藤ステーブル,シンボリ牧場,マクフィ,ハイデルベーレ,ハーツクライ,黒鹿,180304,   14.5,  ,    ,42.9
21,09,04,2,札幌,7,09,１勝ｸﾗｽ,23,ダ,1,1700,良,プライムデイ      ,牡,3,菱田裕二,54.0,14,14,12,12,0,3.5,6,108.5,"1485",0,9,9,8,13,40.7,494,加藤征弘,美,0,18104116,01144,01059,0121270914,スリーエイチレーシ,千代田牧場,キズナ,ベストオブミー,ブライアンズタイム,黒鹿,180210,   20.0,  ,    ,40.9
21,09,04,2,札幌,7,10,札幌スポ･2勝,43,芝,0,1200,良,ヴォイスオブジョイ,牝,5,国分恭介,55.0,16,01,6,6,0,0.7,14,69.7,"1097",0,0,0,13,12,34.4,470,水野貴広,美,0,16110058,01124,01094,0121271001,サラブレッドクラブ,"Bryan Connors",Magician,Sisheba,"Silent Name",鹿毛,160309,   55.2,  ,    ,52.6
21,09,04,2,札幌,7,10,札幌スポ･2勝,43,芝,0,1200,良,モンファボリ      ,牝,3,横山武史,53.0,16,02,3,3,0,0.4,1,69.4,"1094",0,0,0,10,9,34.4,438,須貝尚介,栗,380,18105223,01170,01105,0121271002,サンデーレーシング,ノーザンファーム,Frankel,フォエヴァーダーリング,Congrats,鹿毛,180216,    3.0,  ,    ,51.7
21,09,04,2,札幌,7,10,札幌スポ･2勝,43,芝,0,1200,良,トーセンウォーリア,牡,3,池添謙一,55.0,16,03,14,14,0,1.6,9,70.6,"1106",0,0,0,13,12,35.3,504,池上昌和,美,0,18104523,01032,01150,0121271003,島川隆哉,社台ファーム,ドゥラメンテ,アンズチャン,フレンチデピュティ,鹿毛,180211,   41.1,  ,    ,50.0
21,09,04,2,札幌,7,10,札幌スポ･2勝,43,芝,0,1200,良,ユキノファラオ    ,牡,3,横山典弘,55.0,16,04,7,7,0,0.8,6,69.8,"1098",0,0,0,16,14,34.2,496,石毛善彦,美,0,18104347,00660,00428,0121271004,井上基之,フジワラフアーム,ワールドエース,ユキノシンデレラ,サンダーガルチ,鹿毛,180325,   15.0,  ,    ,54.1
21,09,04,2,札幌,7,10,札幌スポ･2勝,43,芝,0,1200,良,コスモカッティーボ,牡,4,柴田大知,57.0,16,05,9,9,0,1.1,16,70.1,"1101",0,0,0,13,14,34.8,492,畠山吉宏,美,0,17101919,01009,01048,0121271005,ビッグレッドファー,ビッグレッドファー,アンライバルド,ビラゴーティアラ,スターオブコジーン,鹿毛,170325,  144.8,  ,    ,51.4
21,09,04,2,札幌,7,10,札幌スポ･2勝,43,芝,0,1200,良,ジュビリーヘッド  ,牡,4,横山和生,57.0,16,06,1,1,0,-0.3,3,69,"1090",0,0,0,2,2,34.4,474,安田隆行,栗,1500,17105661,01140,00438,0121271006,キャロットファーム,ノーザンファーム,ロードカナロア,ローズノーブル,ディープインパクト,鹿毛,170331,    5.0,  ,    ,50.6
21,09,04,2,札幌,7,10,札幌スポ･2勝,43,芝,0,1200,良,ホーリーライン    ,牝,5,丹内祐次,55.0,16,07,4,4,0,0.5,4,69.5,"1095",0,0,0,7,6,34.7,448,矢野英一,美,230,16100319,01091,01108,0121271007,ノルマンディーサラ,スカイビーチステー,エイシンフラッシュ,レイライン,サンデーサイレンス,青鹿,160331,   11.1,  ,    ,50.3
21,09,04,2,札幌,7,10,札幌スポ･2勝,43,芝,0,1200,良,グッドワード      ,牝,6,川又賢治,55.0,16,08,11,11,0,1.4,15,70.4,"1104",0,0,0,5,6,35.7,520,畑端省吾,栗,0,15101382,01166,01188,0121271008,下河辺俊行,下河辺牧場,クロフネ,ブライダルブーケ,ゴールドアリュール,芦毛,150221,   69.0,  ,    ,47.2
21,09,04,2,札幌,7,10,札幌スポ･2勝,43,芝,0,1200,良,ミエノワールド    ,牡,4,和田竜二,57.0,16,09,10,10,0,1.4,10,70.4,"1104",0,0,0,2,2,35.9,508,西園正都,栗,0,17105306,01018,01028,0121271009,里見美惠子,ノーザンファーム,トゥザワールド,グリューネワルト,スペシャルウィーク,黒鹿,170329,   41.2,  ,    ,46.1
21,09,04,2,札幌,7,10,札幌スポ･2勝,43,芝,0,1200,良,ダノンハイパワー  ,セ,7,菊沢一樹,57.0,16,10,8,8,0,0.9,12,69.9,"1099",0,0,0,7,8,35.1,496,菊沢隆徳,美,0,14102033,01161,01115,0121271010,ダノックス,白井牧場,ダノンシャンティ,ダノンボンジュール,Shamardal,黒鹿,140316,   50.2,  ,    ,49.1
21,09,04,2,札幌,7,10,札幌スポ･2勝,43,芝,0,1200,良,タイセイトレンディ,セ,6,勝浦正樹,57.0,16,11,12,12,0,1.5,11,70.5,"1105",0,0,0,2,2,35.9,476,田中克典,栗,0,15105791,01025,01180,0121271011,田中成奉,タイヘイ牧場,ネオユニヴァース,ルナフェリーナ,"Storm Cat",青鹿,150418,   48.4,  ,    ,46.4
21,09,04,2,札幌,7,10,札幌スポ･2勝,43,芝,0,1200,良,ラストリージョ    ,牝,3,大野拓弥,53.0,16,12,13,13,0,1.6,13,70.6,"1106",0,0,0,10,10,35.5,456,蛯名利弘,美,0,18102184,01096,01131,0121271012,ブルースターズファ,ブルースターズファ,アグネスデジタル,コスモマクスウェル,アドマイヤマックス,鹿毛,180327,   54.6,  ,    ,48.9
21,09,04,2,札幌,7,10,札幌スポ･2勝,43,芝,0,1200,良,ヴァクストゥーム  ,牡,4,松田大作,57.0,16,13,15,15,0,1.7,7,70.7,"1107",0,0,0,10,14,35.6,474,吉田直弘,栗,0,17106136,01030,01101,0121271013,ローレルレーシング,谷川牧場,プリサイスエンド,ガーネットスター,エルコンドルパサー,鹿毛,170313,   18.6,  ,    ,48.6
21,09,04,2,札幌,7,10,札幌スポ･2勝,43,芝,0,1200,良,ロフティーピーク  ,牝,4,小沢大仁,55.0,16,14,16,16,0,1.9,8,70.9,"1109",0,0,0,7,10,36.1,476,武幸四郎,栗,0,17105060,01185,01160,0121271014,サンデーレーシング,追分ファーム,ヘニーヒューズ,ロフティーエイム,サンデーサイレンス,鹿毛,170225,   39.9,  ,    ,46.4
21,09,04,2,札幌,7,10,札幌スポ･2勝,43,芝,0,1200,良,アールラプチャー  ,牝,3,武豊,53.0,16,15,2,2,0,0.3,2,69.3,"1093",0,0,0,1,1,35,464,千田輝彦,栗,600,18100740,00666,01120,0121271015,前原敏行,チャンピオンズファ,ミッキーアイル,ルージュノアール,ストーミングホーム,青鹿,180216,    3.9,  ,    ,48.0
21,09,04,2,札幌,7,10,札幌スポ･2勝,43,芝,0,1200,良,ガリレイ          ,セ,4,菱田裕二,57.0,16,16,5,5,0,0.6,5,69.6,"1096",0,0,0,5,2,34.9,492,高橋亮,栗,150,17102809,01144,01136,0121271016,カナヤマホールディ,大島牧場,ヴィクトワールピサ,シシャモチャン,サクラバクシンオー,鹿毛,170415,   11.6,  ,    ,49.4
21,09,04,2,札幌,7,11,札幌２歳G3,163,芝,0,1800,良,リューベック      ,牡,2,横山武史,54.0,10,01,6,6,0,1.4,3,110.5,"1505",0,3,3,2,3,38,472,須貝尚介,栗,0,19105483,01170,01105,0121271101,金子真人ホールディ,ノーザンファーム,ハービンジャー,ライツェント,スペシャルウィーク,鹿毛,190416,    4.2,  ,    ,45.4
21,09,04,2,札幌,7,11,札幌２歳G3,163,芝,0,1800,良,トップキャスト    ,牝,2,団野大成,54.0,10,02,5,5,0,1.3,2,110.4,"1504",0,1,1,1,1,38.1,436,高橋康之,栗,310,19105317,01180,01135,0121271102,G1レーシング,ノーザンファーム,ダイワメジャー,トップライナー2,"Thunder Gulch",栗毛,190222,    3.8,  ,    ,44.9
21,09,04,2,札幌,7,11,札幌２歳G3,163,芝,0,1800,良,ダークエクリプス  ,牡,2,和田竜二,54.0,10,03,0,0,3,999.9,0,0,"----",0,0,0,0,0,0,470,今野貞一,栗,0,19106739,01018,01128,0121271103,矢野秀春,矢野牧場,ドゥラメンテ,スターズインハーアイズ,Woodman,青鹿,190414,    0.0,  ,    , 0.0
21,09,04,2,札幌,7,11,札幌２歳G3,163,芝,0,1800,良,エーティーマクフィ,牡,2,藤岡佑介,54.0,10,04,7,7,0,1.4,6,110.5,"1505",0,4,5,5,5,37.5,438,武英智,栗,0,19105859,01093,01161,0121271104,岡田隆寛,岡田牧場,マクフィ,テンシンランマン,ハーツクライ,鹿毛,190506,   23.4,  ,    ,47.3
21,09,04,2,札幌,7,11,札幌２歳G3,163,芝,0,1800,良,ユキノオウジサマ  ,牡,2,横山和生,54.0,10,05,8,8,0,3.6,8,112.7,"1527",0,4,5,9,9,38.4,496,田島俊明,美,0,19104514,01140,01112,0121271105,藤沼利夫,笹川大晃牧場,ドレフォン,ユキハナ,マンハッタンカフェ,芦毛,190305,   58.2,  ,    ,46.7
21,09,04,2,札幌,7,11,札幌２歳G3,163,芝,0,1800,良,オンリーオピニオン,牝,2,柴田大知,54.0,10,06,4,4,0,1,7,110.1,"1501",0,2,2,2,2,37.7,486,伊藤大士,美,470,19100735,01009,01109,0121271106,サラブレッドクラブ,ビッグレッドファー,キズナ,オピニオン,アイルハヴアナザー,芦毛,190404,   31.3,  ,    ,46.0
21,09,04,2,札幌,7,11,札幌２歳G3,163,芝,0,1800,良,アスクワイルドモア,牡,2,武豊,54.0,10,07,2,2,0,0.7,4,109.8,"1498",0,7,7,8,7,36.5,462,藤原英昭,栗,1200,19104937,00666,01055,0121271107,廣崎利洋HD,社台ファーム,キズナ,ラセレシオン,ゼンノロブロイ,黒鹿,190223,   12.9,  ,    ,50.4
21,09,04,2,札幌,7,11,札幌２歳G3,163,芝,0,1800,良,クリノメガミエース,牝,2,菱田裕二,54.0,10,08,9,9,0,5.2,9,114.3,"1543",0,4,4,4,8,41.5,476,本間忍,美,0,19102003,01144,01056,0121271108,栗本八江,日西牧場,エスポワールシチー,クリノバンダイサン,フレンチデピュティ,栗毛,190226,  126.5,  ,    ,37.7
21,09,04,2,札幌,7,11,札幌２歳G3,163,芝,0,1800,良,ジオグリフ        ,牡,2,ルメール,54.0,10,09,1,1,0,-0.7,1,109.1,"1491",0,9,9,5,3,36.1,492,岩戸孝樹,美,3100,19105056,05339,01051,0121271109,サンデーレーシング,ノーザンファーム,ドレフォン,アロマティコ,キングカメハメハ,栗毛,190225,    2.1,  ,    ,51.1
21,09,04,2,札幌,7,11,札幌２歳G3,163,芝,0,1800,良,トーセンヴァンノ  ,牡,2,山田敬士,54.0,10,10,3,3,0,0.9,5,110,"1500",0,7,7,7,6,36.9,478,小桧山悟,美,780,19104409,01173,01005,0121271110,島川隆哉,エスティファーム,ヴァンキッシュラン,トーセンソニア,ファンタスティックライト,黒鹿,190313,   23.1,  ,    ,49.1
21,09,04,2,札幌,7,12,日高Ｓ･3勝,67,芝,0,1500,良,キュールエサクラ  ,牝,5,荻野琢真,55.0,14,01,12,12,0,0.7,12,89.3,"1293",0,0,1,1,1,36.6,492,中尾秀正,栗,0,16104251,01112,01069,0121271201,岡本良三,追分ファーム,マンハッタンカフェ,インコグニート,"Gone West",青鹿,160212,   36.6,  ,    ,46.0
21,09,04,2,札幌,7,12,日高Ｓ･3勝,67,芝,0,1500,良,シュバルツカイザー,牡,3,大野拓弥,55.0,14,02,2,2,0,0.1,1,88.7,"1287",0,0,4,4,2,35.7,504,大竹正博,美,730,18110035,01096,01102,0121271202,ゴドルフィン,"Ross Moorhead","Dark Angel",Fashionable,Nashwan,芦毛,180217,    2.0,  ,    ,49.0
21,09,04,2,札幌,7,12,日高Ｓ･3勝,67,芝,0,1500,良,ネクストストーリー,牝,3,杉原誠人,53.0,14,03,14,14,0,1.2,4,89.8,"1298",0,0,2,2,2,37,504,中川公成,美,0,18106603,01135,01081,0121271203,ミルファーム,ミルファーム,ジョーカプチーノ,パドブレ,ホワイトマズル,芦毛,180405,   12.5,  ,    ,45.1
21,09,04,2,札幌,7,12,日高Ｓ･3勝,67,芝,0,1500,良,マイエンフェルト  ,牝,5,川又賢治,55.0,14,04,7,7,0,0.4,13,89,"1290",0,0,4,4,6,35.9,462,杉山佳明,栗,0,16104410,01166,01178,0121271204,シルクレーシング,ノーザンファーム,ハービンジャー,アーデルハイト,アグネスタキオン,鹿毛,160313,  107.7,  ,    ,48.6
21,09,04,2,札幌,7,12,日高Ｓ･3勝,67,芝,0,1500,良,ファーストフォリオ,牝,4,ルメール,55.0,14,05,1,1,0,-0.1,2,88.6,"1286",0,0,8,8,6,35.3,434,須貝尚介,栗,1820,17105360,05339,01105,0121271205,キャロットファーム,ノーザンファーム,キングカメハメハ,シーザリオ,スペシャルウィーク,栗毛,170501,    5.4,  ,    ,50.7
21,09,04,2,札幌,7,12,日高Ｓ･3勝,67,芝,0,1500,良,ボンオムトゥック  ,牝,4,菱田裕二,55.0,14,06,8,8,0,0.5,3,89.1,"1291",0,0,7,4,6,36,472,高橋亮,栗,0,17105281,01144,01136,0121271206,窪田芳郎,ノーザンファーム,クロフネ,ガラアフェアー,ダイワメジャー,芦毛,170201,    6.8,  ,    ,48.3
21,09,04,2,札幌,7,12,日高Ｓ･3勝,67,芝,0,1500,良,ケルティックソード,牡,8,亀田温心,57.0,14,07,9,9,0,0.5,14,89.1,"1291",0,0,10,10,11,35.6,500,新谷功一,栗,0,13102840,01176,01172,0121271207,吉田晴哉,笠松牧場,ハーツクライ,シャルマンスタイル,タイキシャトル,栗毛,130419,  133.8,  ,    ,50.2
21,09,04,2,札幌,7,12,日高Ｓ･3勝,67,芝,0,1500,良,コスモエスパーダ  ,牡,5,丹内祐次,57.0,14,08,4,4,0,0.3,11,88.9,"1289",0,0,3,2,2,36,488,天間昭一,美,270,16105797,01091,01090,0121271208,ビッグレッドファー,静内酒井牧場,レッドスパーダ,コウユーヒカリママ,ロックオブジブラルタル,青毛,160419,   35.8,  ,    ,48.0
21,09,04,2,札幌,7,12,日高Ｓ･3勝,67,芝,0,1500,良,セルフィー        ,牝,4,団野大成,55.0,14,09,6,6,0,0.4,9,89,"1290",0,0,4,4,5,35.9,460,藤沢和雄,美,0,17106547,01180,00386,0121271209,フクキタル,パカパカファーム,スクリーンヒーロー,セルフプリザヴェーション,"Lion Heart",栗毛,170324,   32.7,  ,    ,48.6
21,09,04,2,札幌,7,12,日高Ｓ･3勝,67,芝,0,1500,良,インテンスライト  ,牡,5,菊沢一樹,57.0,14,10,3,3,0,0.2,7,88.8,"1288",0,0,8,8,9,35.4,494,菊沢隆徳,美,460,16100151,01161,01115,0121271210,堂守貴志,カミイスタット,エイシンフラッシュ,スコルピオンキッス,"French Deputy",鹿毛,160215,   20.7,  ,    ,50.6
21,09,04,2,札幌,7,12,日高Ｓ･3勝,67,芝,0,1500,良,カルリーノ        ,牡,5,勝浦正樹,57.0,14,11,5,5,0,0.3,6,88.9,"1289",0,0,12,12,13,35.2,514,高橋裕,美,182,16101865,01025,00412,0121271211,Gリビエール・レー,松栄牧場,マツリダゴッホ,アイリスモレア,ショウナンカンプ,鹿毛,160516,   17.8,  ,    ,51.7
21,09,04,2,札幌,7,12,日高Ｓ･3勝,67,芝,0,1500,良,ヤマニンペダラーダ,牡,7,松田大作,57.0,14,12,13,13,0,0.7,10,89.3,"1293",0,0,13,14,14,35.4,476,浅見秀一,栗,0,14100555,01030,00411,0121271212,土井肇,錦岡牧場,ディープインパクト,ヤマニンエマイユ,ホワイトマズル,黒鹿,140406,   32.7,  ,    ,51.5
21,09,04,2,札幌,7,12,日高Ｓ･3勝,67,芝,0,1500,良,ショウナンアリアナ,牝,5,藤岡佑介,55.0,14,13,10,10,0,0.6,8,89.2,"1292",0,0,11,11,10,35.6,450,高野友和,栗,0,16110041,01093,01117,0121271213,国本哲秀,"Guy Pariente Holdi",Frankel,Restiadargent,Kendargent,鹿毛,160226,   20.9,  ,    ,50.4
21,09,04,2,札幌,7,12,日高Ｓ･3勝,67,芝,0,1500,良,イーサンパンサー  ,牡,5,古川吉洋,57.0,14,14,11,11,0,0.7,5,89.3,"1293",0,0,13,12,11,35.6,478,昆貢,栗,0,16102534,01015,01044,0121271214,国本勇,東栄牧場,スズカフェニックス,レアシルウィア,ティンバーカントリー,栗毛,160320,   17.2,  ,    ,50.6
21,09,05,2,札幌,8,01,未勝利*,7,芝,0,2000,稍,ストリッパーズ    ,牝,2,西谷凜,51.0,11,01,9,9,0,2.8,9,127.7,"2077",0,8,8,8,8,39,396,武英智,栗,0,19105833,01189,01161,0121280101,岡田隆寛,岡田猛,フリオーソ,ステラレガーロ,ハーツクライ,栗毛,190327,  223.4,  ,    ,47.5
21,09,05,2,札幌,8,01,未勝利*,7,芝,0,2000,稍,ジャスティンスカイ,牡,2,ルメール,54.0,11,02,1,1,0,-0.3,1,124.9,"2049",0,3,4,3,3,36.7,512,友道康夫,栗,510,19105512,05339,01061,0121280102,三木正浩,ノーザンファーム,キタサンブラック,リアリサトリス,Numerous,鹿毛,190119,    1.7,  ,    ,53.0
21,09,05,2,札幌,8,01,未勝利*,7,芝,0,2000,稍,バーニングサン    ,牡,2,荻野琢真,54.0,11,03,6,6,0,1.9,8,126.8,"2068",0,10,9,8,7,38.1,452,小林真也,栗,0,19102644,01112,01185,0121280103,長谷川光司,鮫川フアーム,フェノーメノ,プリティホワイト,クロフネ,芦毛,190510,  156.0,  ,    ,49.8
21,09,05,2,札幌,8,01,未勝利*,7,芝,0,2000,稍,ヒシアラカン      ,牡,2,大野拓弥,54.0,11,04,5,5,0,1.5,5,126.4,"2064",0,6,6,5,6,38,470,堀宣行,美,51,19105036,01096,01070,0121280104,阿部雅英,ノーザンファーム,エピファネイア,アソルータ,ゼンノロブロイ,栗毛,190127,   25.5,  ,    ,49.7
21,09,05,2,札幌,8,01,未勝利*,7,芝,0,2000,稍,ジョーカーブラウン,牡,2,秋山稔樹,52.0,11,05,3,3,0,1,3,125.9,"2059",0,6,6,5,5,37.6,512,松山将樹,美,130,19103488,01181,01100,0121280105,プレミアムレースホ,栄進牧場,ケープブランコ,スウィートクレメンタイン,Shamardal,鹿毛,190219,    5.4,  ,    ,50.6
21,09,05,2,札幌,8,01,未勝利*,7,芝,0,2000,稍,イズジョーアーサー,牡,2,菱田裕二,54.0,11,06,4,4,0,1,6,125.9,"2059",0,3,3,3,3,37.8,486,武英智,栗,77,19106751,01144,01161,0121280106,泉一郎,矢野牧場,ハービンジャー,ローザミスティカ,アグネスタキオン,鹿毛,190222,   31.2,  ,    ,49.9
21,09,05,2,札幌,8,01,未勝利*,7,芝,0,2000,稍,セリガチ          ,牡,2,山田敬士,52.0,11,07,8,8,0,2.4,10,127.3,"2073",0,9,9,8,8,38.7,450,小桧山悟,美,0,19100502,01173,01005,0121280107,福田光博,中山高鹿康,ジャングルポケット,ミフユ,ティンバーカントリー,栗毛,190407,  359.1,  ,    ,48.1
21,09,05,2,札幌,8,01,未勝利*,7,芝,0,2000,稍,メイケイバートン  ,牡,2,藤岡佑介,54.0,11,08,2,2,0,0.3,2,125.2,"2052",0,2,2,2,1,37.3,456,中竹和也,栗,200,19104818,01093,01039,0121280108,名古屋競馬,社台ファーム,ミッキーアイル,テイラーバートン,ジャングルポケット,黒鹿,190328,    3.6,  ,    ,51.0
21,09,05,2,札幌,8,01,未勝利*,7,芝,0,2000,稍,ヴィオレントアズル,牡,2,小沢大仁,51.0,11,09,10,10,0,3,7,127.9,"2079",0,5,4,7,10,39.4,410,加藤和宏,美,0,19102445,01185,01077,0121280109,岡田牧雄,エムエム、ヤマダフ,フェノーメノ,プレゼンスブルー,パイロ,青鹿,190406,  111.6,  ,    ,46.3
21,09,05,2,札幌,8,01,未勝利*,7,芝,0,2000,稍,マイネルクリソーラ,牡,2,丹内祐次,54.0,11,10,0,0,3,999.9,0,0,"----",0,0,0,0,0,0,430,中野栄治,美,0,19100792,01091,01010,0121280110,サラブレッドクラブ,ビッグレッドファー,スクリーンヒーロー,マイネトゥインクル,ムタファーウエク,栗毛,190228,    0.0,  ,    , 0.0
21,09,05,2,札幌,8,01,未勝利*,7,芝,0,2000,稍,ブルーロワイヤル  ,牡,2,団野大成,54.0,11,11,7,7,0,1.9,4,126.8,"2068",0,1,1,1,2,39.2,502,音無秀孝,栗,0,19105046,01180,01002,0121280111,サンデーレーシング,ノーザンファーム,キングカメハメハ,アナスタシアブルー,ファルブラヴ,鹿毛,190412,   15.0,  ,    ,45.8
21,09,05,2,札幌,8,02,未勝利*,7,芝,0,1500,稍,シルバーオーク    ,牝,2,亀田温心,53.0,13,01,12,12,0,1.5,13,93.9,"1339",0,0,13,13,13,36.3,418,畠山吉宏,美,0,19100088,01176,01048,0121280201,小川眞査雄,岩見牧場,ハービンジャー,ポッドシルビア,ダノンシャンティ,鹿毛,190312,  309.8,  ,    ,55.8
21,09,05,2,札幌,8,02,未勝利*,7,芝,0,1500,稍,シーヴィクセン    ,牝,2,ルメール,54.0,13,02,2,2,0,0.2,1,92.6,"1326",0,0,3,3,2,36,470,藤沢和雄,美,200,19110111,05339,00386,0121280202,長谷川祐司,"Breeze Easy LLC","Into Mischief","Sly Warrior","First Samurai",鹿毛,190205,    2.7,  ,    ,54.8
21,09,05,2,札幌,8,02,未勝利*,7,芝,0,1500,稍,ミユキアイラブユー,牡,2,小沢大仁,51.0,13,03,10,10,0,0.8,8,93.2,"1332",0,0,12,10,10,36,544,小島茂之,美,0,19105058,01185,01068,0121280203,西本資史,ノーザンファーム,ルーラーシップ,アンナヴァン,エンドスウィープ,鹿毛,190211,   31.2,  ,    ,55.9
21,09,05,2,札幌,8,02,未勝利*,7,芝,0,1500,稍,エルバリオ        ,牡,2,団野大成,54.0,13,04,8,8,0,0.6,3,93,"1330",0,0,6,5,7,36.1,494,高野友和,栗,0,19105075,01180,01117,0121280204,サンデーレーシング,ノーザンファーム,ドレフォン,インナーアージ,ディープインパクト,鹿毛,190303,    5.2,  ,    ,55.1
21,09,05,2,札幌,8,02,未勝利*,7,芝,0,1500,稍,フローラルビアンカ,牝,2,藤岡佑介,54.0,13,05,13,13,0,1.8,10,94.2,"1342",0,0,9,11,10,36.9,472,田中克典,栗,0,19105358,01093,01180,0121280205,ライオンレースホー,ノーザンファーム,ドレフォン,ビアンカシェボン,フジキセキ,黒鹿,190330,  105.1,  ,    ,53.5
21,09,05,2,札幌,8,02,未勝利*,7,芝,0,1500,稍,ナバロン          ,牡,2,菱田裕二,54.0,13,06,1,1,0,-0.2,5,92.4,"1324",0,0,1,1,1,36.1,478,杉山佳明,栗,510,19102456,01144,01178,0121280206,大島牧場,大島牧場,ブラックタイド,シシャモチャン,サクラバクシンオー,鹿毛,190425,   11.4,  ,    ,54.0
21,09,05,2,札幌,8,02,未勝利*,7,芝,0,1500,稍,グランジャンブ    ,牡,2,黛弘人,54.0,13,07,7,7,0,0.6,12,93,"1330",0,0,3,5,5,36.2,480,鈴木慎太,美,0,19109029,01109,01179,0121280207,コスモヴューファー,風ノ丘ファーム,ビッグアーサー,ソトーグラシオ,アグネスタキオン,鹿毛,190321,  288.1,  ,    ,54.6
21,09,05,2,札幌,8,02,未勝利*,7,芝,0,1500,稍,ロイズピーク      ,牡,2,勝浦正樹,54.0,13,08,11,11,0,1.2,11,93.6,"1336",0,0,9,8,8,36.5,476,武藤善則,美,0,19102483,01025,01064,0121280208,高橋文男,笠松牧場,ザファクター,サンコロネット,スペシャルウィーク,黒鹿,190127,  206.2,  ,    ,54.3
21,09,05,2,札幌,8,02,未勝利*,7,芝,0,1500,稍,ウインマーベル    ,牡,2,丹内祐次,54.0,13,09,5,5,0,0.4,4,92.8,"1328",0,0,6,5,5,35.9,464,深山雅史,美,51,19100213,01091,01174,0121280209,ウイン,コスモヴューファー,アイルハヴアナザー,コスモマーベラス,フジキセキ,栗毛,190508,    9.0,  ,    ,55.7
21,09,05,2,札幌,8,02,未勝利*,7,芝,0,1500,稍,エンドロール      ,牡,2,秋山稔樹,52.0,13,10,6,6,0,0.5,9,92.9,"1329",0,0,2,2,2,36.4,460,青木孝文,美,0,19103081,01181,01156,0121280210,石川秀守,白井吉美,ガルボ,トゥファーアウェイ,チチカステナンゴ,黒鹿,190508,   39.4,  ,    ,53.5
21,09,05,2,札幌,8,02,未勝利*,7,芝,0,1500,稍,レモンケーキ      ,牝,2,大野拓弥,54.0,13,11,4,4,0,0.4,2,92.8,"1328",0,0,9,11,10,35.5,426,岡田稲男,栗,77,19102070,01096,01066,0121280211,日高大洋牧場,日高大洋牧場,ブラックタイド,タイヨウパフューム,ジャングルポケット,黒鹿,190331,    3.9,  ,    ,57.6
21,09,05,2,札幌,8,02,未勝利*,7,芝,0,1500,稍,カルチェリノイオリ,牝,2,山田敬士,52.0,13,12,3,3,0,0.4,6,92.8,"1328",0,0,3,3,2,36.1,432,粕谷昌央,美,130,19105750,01173,01096,0121280212,海谷幸司,岡田スタツド,ヴァンセンヌ,キアラ,ステイゴールド,黒鹿,190219,   13.0,  ,    ,54.7
21,09,05,2,札幌,8,02,未勝利*,7,芝,0,1500,稍,キントリヒ        ,牡,2,泉谷楓真,53.0,13,13,9,9,0,0.7,7,93.1,"1331",0,0,6,8,8,36,454,矢野英一,美,0,19103885,01182,01108,0121280213,Gリビエール・レー,ディアレストクラブ,ゴールドシップ,デヴェロッペ,ボストンハーバー,芦毛,190408,   28.7,  ,    ,55.7
21,09,05,2,札幌,8,03,未勝利,7,ダ,1,1700,稍,メモリーエアシップ,牡,3,西谷凜,53.0,14,01,9,9,0,3.2,7,108.4,"1484",0,13,13,7,9,39.8,456,池添兼雄,栗,0,18103232,01189,01021,0121280301,シンザンクラブ,大北牧場,キンシャサノキセキ,メモリーキャップ,キャプテンスティーヴ,鹿毛,180218,   17.3,  ,    ,44.0
21,09,05,2,札幌,8,03,未勝利,7,ダ,1,1700,稍,メイショウマグワシ,牝,3,亀田温心,53.0,14,02,5,5,0,1.9,12,107.1,"1471",0,3,2,4,4,38.9,410,藤原英昭,栗,51,18106148,01176,01055,0121280302,松本好雄,斉藤英牧場,アドマイヤムーン,フミノシンデレラ,サンダーガルチ,鹿毛,180501,   90.8,  ,    ,45.6
21,09,05,2,札幌,8,03,未勝利,7,ダ,1,1700,稍,セブンデイズ      ,牡,3,黛弘人,56.0,14,03,10,10,0,3.2,4,108.4,"1484",0,14,14,12,11,39.3,486,田中博康,美,0,18105605,01109,01162,0121280303,前迫義幸,上水牧場,ラブリーデイ,ウインガイア,"Broken Vow",青鹿,180313,    9.5,  ,    ,45.9
21,09,05,2,札幌,8,03,未勝利,7,ダ,1,1700,稍,リツィタル        ,牝,3,小沢大仁,51.0,14,04,6,6,0,2,6,107.2,"1472",0,2,2,2,2,39.4,400,牧田和弥,栗,0,18101134,01185,01123,0121280304,永田和彦,森永牧場,ミッキーアイル,ザッハトルテ,クロフネ,栗毛,180310,   16.7,  ,    ,43.9
21,09,05,2,札幌,8,03,未勝利,7,ダ,1,1700,稍,メイショウケンジャ,牡,3,菱田裕二,56.0,14,05,3,3,0,1.2,3,106.4,"1464",0,5,5,4,5,38.2,498,高橋亮,栗,130,18106496,01144,01136,0121280305,松本好雄,まるとみ冨岡牧場,マジェスティックウォリアー,メイショウレンマ,メイショウサムソン,鹿毛,180426,    4.3,  ,    ,47.4
21,09,05,2,札幌,8,03,未勝利,7,ダ,1,1700,稍,イシュタル        ,牝,3,秋山稔樹,52.0,14,06,1,1,0,-0.3,5,105.2,"1452",0,1,1,1,1,37.6,528,萩原清,美,510,18105305,01181,01017,0121280306,シルクレーシング,ノーザンファーム,"American Pharoah",モヒニ,Galileo,鹿毛,180411,   11.5,  ,    ,48.1
21,09,05,2,札幌,8,03,未勝利,7,ダ,1,1700,稍,スパラキシス      ,牝,3,丹内祐次,54.0,14,07,4,4,0,1.3,11,106.5,"1465",0,6,5,6,5,38.1,484,宗像義忠,美,77,18100758,01091,00420,0121280307,ディアレストクラブ,ディアレストクラブ,フェノーメノ,ディアコメット,キングカメハメハ,黒鹿,180430,   58.6,  ,    ,47.9
21,09,05,2,札幌,8,03,未勝利,7,ダ,1,1700,稍,ブラッティーキッド,牡,3,水口優也,56.0,14,08,2,2,0,0.3,2,105.5,"1455",0,3,4,2,2,37.6,504,中尾秀正,栗,200,18103954,01133,01069,0121280308,グリーンスウォード,高橋フアーム,シニスターミニスター,デザートレジーナ,タヤスツヨシ,栗毛,180503,    3.8,  ,    ,48.5
21,09,05,2,札幌,8,03,未勝利,7,ダ,1,1700,稍,クアドリフォリオ  ,牝,3,国分恭介,54.0,14,09,7,7,0,2.2,8,107.4,"1474",0,10,7,9,7,38.6,508,和田正一,美,0,18102052,01124,01114,0121280309,ノースヒルズ,ノースヒルズ,バゴ,スーリール,スペシャルウィーク,黒鹿,180403,   22.4,  ,    ,47.2
21,09,05,2,札幌,8,03,未勝利,7,ダ,1,1700,稍,ココゾ            ,牝,3,古川吉洋,54.0,14,10,14,14,0,7.1,14,112.3,"1523",0,10,11,14,14,42.5,434,谷潔,栗,0,18102326,01015,00431,0121280310,イクタ,ムラカミファーム,エイシンフラッシュ,フレイムコード,タヤスツヨシ,鹿毛,180329,  297.1,  ,    ,39.6
21,09,05,2,札幌,8,03,未勝利,7,ダ,1,1700,稍,ベルンハルト      ,牡,3,泉谷楓真,55.0,14,11,8,8,0,2.4,10,107.6,"1476",0,8,7,12,9,38.4,496,池江泰寿,栗,0,18104918,01182,01071,0121280311,シルクレーシング,ノーザンファーム,ラブリーデイ,アーデルハイト,アグネスタキオン,栗毛,180519,   36.0,  ,    ,48.3
21,09,05,2,札幌,8,03,未勝利,7,ダ,1,1700,稍,テイエムマルタン  ,牡,3,原田和真,56.0,14,12,11,11,0,3.5,13,108.7,"1487",0,6,7,7,7,40.1,496,石栗龍彦,美,0,18101233,01143,01043,0121280312,竹園正繼,若林順一,サウスヴィグラス,シーブルー,マンハッタンカフェ,鹿毛,180504,  128.6,  ,    ,43.3
21,09,05,2,札幌,8,03,未勝利,7,ダ,1,1700,稍,アークライト      ,牡,3,ルメール,56.0,14,13,13,13,0,6.5,1,111.7,"1517",0,12,11,11,13,42.8,518,藤沢和雄,美,0,18105193,05339,00386,0121280313,キャロットファーム,ノーザンファーム,ディープインパクト,ヒストリックスター,ファルブラヴ,鹿毛,180321,    3.1,  ,    ,37.8
21,09,05,2,札幌,8,03,未勝利,7,ダ,1,1700,稍,フィエゾン        ,牝,3,団野大成,54.0,14,14,12,12,0,4.4,9,109.6,"1496",0,9,10,9,12,40.9,442,加藤士津,美,0,18104702,01180,01169,0121280314,吉田照哉,社台ファーム,キンシャサノキセキ,ドライアッド,トニービン,青毛,180430,   35.5,  ,    ,41.6
21,09,05,2,札幌,8,04,未勝利,7,芝,0,1200,稍,バウンシーダンス  ,牝,3,山田敬士,52.0,16,01,11,11,0,1.4,12,71.9,"1119",0,0,0,8,6,36.3,432,鈴木孝志,栗,0,18110104,01173,01111,0121280401,岡田牧雄,"Grenane House Stud","No Nay Never","Art of Dance",Medicean,栗毛,180409,  106.9,  ,    ,48.1
21,09,05,2,札幌,8,04,未勝利,7,芝,0,1200,稍,ライングローリー  ,牡,3,黛弘人,56.0,16,02,13,13,0,1.8,16,72.3,"1123",0,0,0,15,14,36.4,474,蛯名利弘,美,0,18101522,01109,01131,0121280402,大澤繁昌,海馬沢明,ローエングリン,デューイガール,スペシャルウィーク,鹿毛,180311,  317.2,  ,    ,48.6
21,09,05,2,札幌,8,04,未勝利,7,芝,0,1200,稍,ミニマリズム      ,牝,3,大野拓弥,54.0,16,03,4,4,0,0.6,4,71.1,"1111",0,0,0,12,9,35.3,428,田中博康,美,77,18104854,01096,01162,0121280403,社台レースホース,社台ファーム,モーリス,レッドオーヴァル,ディープインパクト,栗毛,180521,    6.5,  ,    ,51.4
21,09,05,2,札幌,8,04,未勝利,7,芝,0,1200,稍,アレヴィクトワール,牝,3,丹内祐次,54.0,16,04,8,8,0,1.1,11,71.6,"1116",0,0,0,8,12,36,490,菊川正達,美,0,18103500,01091,01052,0121280404,岡田牧雄,岡田スタツド,ヴィクトワールピサ,ジェルヴェーズ,メイショウサムソン,黒鹿,180313,   56.3,  ,    ,48.9
21,09,05,2,札幌,8,04,未勝利,7,芝,0,1200,稍,オウケンビリュウ  ,牝,3,泉谷楓真,53.0,16,05,10,10,0,1.3,5,71.8,"1118",0,0,0,8,6,36.2,438,藤岡健一,栗,0,18106328,01182,01062,0121280405,福井明,辻牧場,ロードカナロア,オウケンハナミズキ,バゴ,鹿毛,180425,    9.4,  ,    ,48.3
21,09,05,2,札幌,8,04,未勝利,7,芝,0,1200,稍,ラブバルドー      ,牝,3,菊沢一樹,54.0,16,06,12,12,0,1.6,13,72.1,"1121",0,0,0,4,4,36.8,450,田島俊明,美,0,18100176,01161,01112,0121280406,増田陽一,奥山博,アンライバルド,ラブカテリーナ,オレハマッテルゼ,鹿毛,180425,  174.8,  ,    ,45.9
21,09,05,2,札幌,8,04,未勝利,7,芝,0,1200,稍,クリスタルアゲン  ,牝,3,西谷凜,51.0,16,07,14,14,0,2.1,15,72.6,"1126",0,0,0,15,16,36.6,448,加藤和宏,美,0,18104141,01189,01077,0121280407,浅川皓司,千代田牧場,トーセンラー,ワサビ,ステイゴールド,栗毛,180202,  287.2,  ,    ,48.4
21,09,05,2,札幌,8,04,未勝利,7,芝,0,1200,稍,ボーヴィヴィエンヌ,牝,3,川又賢治,54.0,16,08,2,2,0,0.1,7,70.6,"1106",0,0,0,1,1,35.6,448,矢作芳人,栗,200,18104568,01166,01075,0121280408,加藤裕司,社台ファーム,スピルバーグ,オレンジティアラ,サクラバクシンオー,栗毛,180201,   21.6,  ,    ,48.3
21,09,05,2,札幌,8,04,未勝利,7,芝,0,1200,稍,ノックトゥワイス  ,セ,3,ルメール,56.0,16,09,1,1,0,-0.1,1,70.5,"1105",0,0,0,4,4,35.2,486,大竹正博,美,510,18105534,05339,01102,0121280409,飯塚知一,社台コーポレーショ,スクリーンヒーロー,ネロディアマンテ,シンボリクリスエス,栗毛,180228,    3.2,  ,    ,50.3
21,09,05,2,札幌,8,04,未勝利,7,芝,0,1200,稍,セイウンピーチ    ,牝,3,勝浦正樹,54.0,16,10,16,16,0,2.2,14,72.7,"1127",0,0,0,12,15,36.9,436,松山将樹,美,0,18104742,01025,01100,0121280410,西山茂行,社台ファーム,モーリス,ファイアマーシャル,ディープインパクト,青鹿,180303,  196.3,  ,    ,47.0
21,09,05,2,札幌,8,04,未勝利,7,芝,0,1200,稍,コンジェラメント  ,牝,3,小沢大仁,51.0,16,11,9,9,0,1.1,10,71.6,"1116",0,0,0,6,6,36.2,444,武幸四郎,栗,0,18105437,01185,01160,0121280411,吉田晴哉,追分ファーム,ゴールドシップ,ベユーズラッシー,Outflanker,芦毛,180329,   51.0,  ,    ,47.8
21,09,05,2,札幌,8,04,未勝利,7,芝,0,1200,稍,サクセスビリーブ  ,牝,3,亀田温心,53.0,16,12,15,15,0,2.1,8,72.6,"1126",0,0,0,6,9,37.2,482,蛯名利弘,美,0,18101860,01176,01131,0121280412,小林章,飛渡牧場,ミッキーアイル,ミスケリー,カジノドライヴ,鹿毛,180522,   27.3,  ,    ,45.2
21,09,05,2,札幌,8,04,未勝利,7,芝,0,1200,稍,サンミラー        ,牝,3,小林凌大,51.0,16,13,3,3,0,0.5,9,71,"1110",0,0,0,12,13,35.2,448,堀井雅広,美,130,18100228,01177,00436,0121280413,諸岡慶,北田剛,トーセンラー,ハートオンウェーブ,"Storm Cat",黒鹿,180509,   35.8,  ,    ,51.7
21,09,05,2,札幌,8,04,未勝利,7,芝,0,1200,稍,ロジネイア        ,牝,3,秋山稔樹,52.0,16,14,7,7,0,0.8,3,71.3,"1113",0,0,0,2,2,36.2,428,古賀慎明,美,0,18105817,01181,01079,0121280414,久米田正明,レイクヴィラファー,エピファネイア,パンデリング,キングカメハメハ,黒鹿,180220,    5.1,  ,    ,47.0
21,09,05,2,札幌,8,04,未勝利,7,芝,0,1200,稍,バーニングパワー  ,牝,3,古川吉洋,54.0,16,15,6,6,0,0.8,6,71.3,"1113",0,0,0,11,9,35.6,476,鮫島一歩,栗,0,18103200,01015,01046,0121280415,長谷川光司,鮫川フアーム,トゥザグローリー,プリティホワイト,クロフネ,栗毛,180519,    9.7,  ,    ,50.3
21,09,05,2,札幌,8,04,未勝利,7,芝,0,1200,稍,タイセイブレイズ  ,牡,3,団野大成,56.0,16,16,5,5,0,0.7,2,71.2,"1112",0,0,0,2,2,36.1,462,牧浦充徳,栗,51,18102969,01180,01113,0121280416,田中成奉,秋場牧場,ワールドエース,ニシノヘレンド,"Oasis Dream",鹿毛,180402,    4.8,  ,    ,47.2
21,09,05,2,札幌,8,05,未勝利,7,ダ,1,1700,稍,ラフルオリータ    ,牝,3,菊沢一樹,54.0,14,01,2,2,0,0.2,3,106.5,"1465",0,7,8,9,8,37.7,516,松永幹夫,栗,200,18105342,01161,01092,0121280501,ライオンレースホー,ノーザンファーム,ハーツクライ,リュシオル,クロフネ,黒鹿,180225,    7.5,  ,    ,49.5
21,09,05,2,札幌,8,05,未勝利,7,ダ,1,1700,稍,カンナリリー      ,牝,3,団野大成,54.0,14,02,9,9,0,1.5,10,107.8,"1478",0,1,1,1,1,39.9,430,鹿戸雄一,美,0,18105435,01180,01097,0121280502,G1レーシング,追分ファーム,スクリーンヒーロー,フォーエバーモア,ネオユニヴァース,栗毛,180321,   33.5,  ,    ,42.8
21,09,05,2,札幌,8,05,未勝利,7,ダ,1,1700,稍,デクラーク        ,牡,3,小林凌大,53.0,14,03,13,13,0,3.7,7,110,"1500",0,13,13,9,13,41.2,452,矢野英一,美,0,18102192,01177,01108,0121280503,ノルマンディーサラ,プログレスファーム,トーセンラー,メイショウガザニア,キングヘイロー,鹿毛,180318,   26.2,  ,    ,41.1
21,09,05,2,札幌,8,05,未勝利,7,ダ,1,1700,稍,ライズンシャイン  ,牝,3,藤岡佑介,54.0,14,04,6,6,0,1,6,107.3,"1473",0,10,11,13,10,38.4,502,岡田稲男,栗,0,18100421,01093,01066,0121280504,下河辺牧場,下河辺牧場,ジャスタウェイ,パッションローズ,アフリート,栗毛,180215,   16.7,  ,    ,47.9
21,09,05,2,札幌,8,05,未勝利,7,ダ,1,1700,稍,アルマブレイド    ,牡,3,秋山稔樹,54.0,14,05,0,0,4,999.9,12,0,"----",0,0,0,0,0,0,490,高橋文雅,美,0,18103163,01181,01134,0121280505,コウトミックレーシ,小島牧場,ヴィクトワールピサ,アルマディヴァン,メジロベイリー,青鹿,180420,   37.2,  ,    , 0.0
21,09,05,2,札幌,8,05,未勝利,7,ダ,1,1700,稍,ゼータ            ,牡,3,大野拓弥,56.0,14,06,3,3,0,0.5,9,106.8,"1468",0,5,5,6,6,38.2,446,新開幸一,美,130,18104647,01096,01116,0121280506,外池榮一郎,社台ファーム,ノヴェリスト,ステラプラド,ハーツクライ,青鹿,180216,   28.1,  ,    ,48.0
21,09,05,2,札幌,8,05,未勝利,7,ダ,1,1700,稍,ホッコーマイサン  ,牡,3,菱田裕二,56.0,14,07,10,10,0,1.8,4,108.1,"1481",0,7,5,6,8,39.6,494,松永康利,美,0,18103146,01144,01093,0121280507,北幸商事,高昭牧場,ホッコータルマエ,ホッコーヴァール,スタチューオブリバティ,鹿毛,180414,    8.8,  ,    ,44.4
21,09,05,2,札幌,8,05,未勝利,7,ダ,1,1700,稍,マテンロウアスカ  ,牝,3,古川吉洋,54.0,14,08,11,11,0,2.3,13,108.6,"1486",0,2,2,2,5,40.6,440,武英智,栗,0,18103918,01015,01161,0121280508,寺田千代乃,タイヘイ牧場,オルフェーヴル,ダーリングバード,Birdstone,栗毛,180325,   41.4,  ,    ,41.4
21,09,05,2,札幌,8,05,未勝利,7,ダ,1,1700,稍,ドラマティコ      ,牝,3,松田大作,54.0,14,09,4,4,0,0.5,2,106.8,"1468",0,10,8,9,6,38,482,野中賢二,栗,77,18106503,01030,01098,0121280509,カナヤマホールディ,三嶋牧場,ドゥラメンテ,オペラデイム,"Medaglia d'Oro",青鹿,180318,    4.4,  ,    ,48.8
21,09,05,2,札幌,8,05,未勝利,7,ダ,1,1700,稍,タイセイフリート  ,セ,3,泉谷楓真,55.0,14,10,5,5,0,0.6,8,106.9,"1469",0,2,3,2,2,38.9,466,栗田徹,美,51,18101326,01182,01127,0121280510,田中成奉,二風谷ファーム,アドマイヤムーン,ハナマル,アフリート,鹿毛,180428,   26.6,  ,    ,45.3
21,09,05,2,札幌,8,05,未勝利,7,ダ,1,1700,稍,レベニューシェア  ,牝,3,西谷凜,51.0,14,11,12,12,0,3,14,109.3,"1493",0,12,11,8,11,40.6,468,戸田博文,美,0,18104680,01189,01054,0121280511,吉田照哉,社台ファーム,ディープインパクト,チャリティーライン,Manduro,鹿毛,180204,   90.0,  ,    ,42.3
21,09,05,2,札幌,8,05,未勝利,7,ダ,1,1700,稍,メイショウカークス,牡,3,小沢大仁,53.0,14,12,8,8,0,1,11,107.3,"1473",0,5,5,9,11,38.5,420,池添兼雄,栗,0,18106618,01185,01021,0121280512,松本好雄,本巣敦,ホッコータルマエ,プチットマドレーヌ,ディープインパクト,鹿毛,180405,   34.3,  ,    ,47.5
21,09,05,2,札幌,8,05,未勝利,7,ダ,1,1700,稍,ランスルー        ,牡,3,ルメール,56.0,14,13,7,7,0,1,1,107.3,"1473",0,9,8,4,3,39,546,小笠倫弘,美,0,18102062,05339,01076,0121280513,前田晋二,ノースヒルズ,ダイワメジャー,フェアエレン,"Street Cry",栗毛,180503,    2.4,  ,    ,45.5
21,09,05,2,札幌,8,05,未勝利,7,ダ,1,1700,稍,シルミーヌ        ,牝,3,丹内祐次,54.0,14,14,1,1,0,-0.2,5,106.3,"1463",0,4,3,4,3,38,442,田中剛,美,510,18102298,01091,01119,0121280514,市瀬章,村上欽哉,エイシンヒカリ,ホットサマーデイ,アポインテッドデイ,黒鹿,180211,   12.8,  ,    ,48.0
21,09,05,2,札幌,8,06,１勝ｸﾗｽ,23,芝,0,1200,稍,ラブサンキュー    ,牝,5,古川吉洋,55.0,16,01,10,10,0,1.2,15,71.4,"1114",0,0,0,10,10,35.5,472,辻哲英,美,0,16101006,01015,01182,0121280601,増田陽一,奥山博,エスポワールシチー,ラブハート,マイネルラヴ,鹿毛,160311,  122.9,  ,    ,51.1
21,09,05,2,札幌,8,06,１勝ｸﾗｽ,23,芝,0,1200,稍,グルーヴビート    ,牡,3,川又賢治,55.0,16,02,8,8,0,1.2,5,71.4,"1114",0,0,0,10,9,35.6,472,矢作芳人,栗,0,18105021,01166,01075,0121280602,サンデーレーシング,ノーザンファーム,ディープブリランテ,グルーヴァー,シンボリクリスエス,鹿毛,180330,    9.0,  ,    ,50.6
21,09,05,2,札幌,8,06,１勝ｸﾗｽ,23,芝,0,1200,稍,アンジュソレイユ  ,牝,3,国分恭介,53.0,16,03,4,4,0,0.5,10,70.7,"1107",0,0,0,6,6,35.1,450,清水久詞,栗,110,18100898,01124,01110,0121280603,浜本牧場,浜本牧場,モーリス,テンシノダンス,ダンスインザダーク,栗毛,180117,   33.6,  ,    ,51.4
21,09,05,2,札幌,8,06,１勝ｸﾗｽ,23,芝,0,1200,稍,ブルメンダール    ,牡,3,泉谷楓真,54.0,16,04,13,13,0,1.5,2,71.7,"1117",0,0,0,10,13,35.8,470,国枝栄,美,0,18105236,01182,00399,0121280604,キャロットファーム,ノーザンファーム,モーリス,ブルーメンブラット,アドマイヤベガ,青毛,180408,    4.6,  ,    ,50.3
21,09,05,2,札幌,8,06,１勝ｸﾗｽ,23,芝,0,1200,稍,テネラメンテ      ,牝,3,小林凌大,50.0,16,05,14,14,0,1.7,3,71.9,"1119",0,0,0,10,10,36,470,岩戸孝樹,美,0,18105097,01177,01051,0121280605,吉田勝己,ノーザンファーム,ドゥラメンテ,スターアイル,"Rock of Gibraltar",鹿毛,180430,    7.7,  ,    ,49.7
21,09,05,2,札幌,8,06,１勝ｸﾗｽ,23,芝,0,1200,稍,アンクルテイオウ  ,牡,5,小沢大仁,54.0,16,06,15,15,0,1.7,12,71.9,"1119",0,0,0,14,13,35.9,480,高橋亮,栗,0,16104767,01185,01136,0121280606,塚本能交,ノーザンファーム,ハービンジャー,シュペトレーゼ,ディープインパクト,鹿毛,160223,   43.9,  ,    ,50.3
21,09,05,2,札幌,8,06,１勝ｸﾗｽ,23,芝,0,1200,稍,ファクトゥーラ    ,牝,5,菊沢一樹,55.0,16,07,7,7,0,0.9,11,71.1,"1111",0,0,0,6,6,35.5,474,吉村圭司,栗,0,16104448,01161,01130,0121280607,キャロットファーム,社台コーポレーショ,マンハッタンカフェ,カニョット,"Sunray Spirit",黒鹿,160222,   43.8,  ,    ,50.3
21,09,05,2,札幌,8,06,１勝ｸﾗｽ,23,芝,0,1200,稍,エールヴィフ      ,牝,4,藤岡佑介,55.0,16,08,6,6,0,0.6,6,70.8,"1108",0,0,0,16,15,34.6,522,橋口慎介,栗,0,17100371,01093,01154,0121280608,佐伯由加理,下河辺牧場,ダイワメジャー,サンドスラッシュ,"Holy Roman Emperor",鹿毛,170317,   11.4,  ,    ,54.6
21,09,05,2,札幌,8,06,１勝ｸﾗｽ,23,芝,0,1200,稍,ナイトコマンダー  ,牡,4,丹内祐次,57.0,16,09,11,11,0,1.3,13,71.5,"1115",0,0,0,3,3,36.1,488,浅野洋一,美,0,17100825,01091,00421,0121280609,田頭勇貴,藤本ファーム,スピルバーグ,フェンスイ,"Timber Country",鹿毛,170407,   78.8,  ,    ,48.1
21,09,05,2,札幌,8,06,１勝ｸﾗｽ,23,芝,0,1200,稍,リターンギフト    ,牝,3,荻野琢真,53.0,16,10,9,9,0,1.2,16,71.4,"1114",0,0,0,6,10,35.7,396,長谷川浩,栗,0,18106358,01112,01173,0121280610,辻牧場,辻牧場,ダノンレジェンド,ヒラボクウィン,ワイルドラッシュ,青鹿,180314,  374.3,  ,    ,50.0
21,09,05,2,札幌,8,06,１勝ｸﾗｽ,23,芝,0,1200,稍,マウンテンムスメ  ,牝,3,勝浦正樹,53.0,16,11,2,2,0,0.3,9,70.5,"1105",0,0,0,1,1,35.5,450,中野栄治,美,300,18104041,01025,01010,0121280611,西村新一郎,田原橋本牧場,アドマイヤムーン,ヤマガール,ストーミングホーム,栗毛,180213,   27.4,  ,    ,48.6
21,09,05,2,札幌,8,06,１勝ｸﾗｽ,23,芝,0,1200,稍,レッドアダン      ,牡,4,黛弘人,57.0,16,12,16,16,0,1.9,14,72.1,"1121",0,0,0,15,15,36,474,尾関知人,美,0,17105636,01109,01103,0121280612,東京ホースレーシン,ノーザンファーム,ルーラーシップ,レッドジゼル,アグネスタキオン,鹿毛,170323,  114.1,  ,    ,50.3
21,09,05,2,札幌,8,06,１勝ｸﾗｽ,23,芝,0,1200,稍,メイショウオニテ  ,牡,5,菱田裕二,57.0,16,13,12,12,0,1.4,8,71.6,"1116",0,0,0,3,3,36.2,460,石橋守,栗,0,16102143,01144,01140,0121280613,松本好雄,まるとみ冨岡牧場,キンシャサノキセキ,エリモパンサー,"Forest Wildcat",青鹿,160422,   18.2,  ,    ,47.8
21,09,05,2,札幌,8,06,１勝ｸﾗｽ,23,芝,0,1200,稍,ジャガード        ,牡,3,亀田温心,54.0,16,14,5,5,0,0.6,4,70.8,"1108",0,0,0,6,6,35.2,418,和田雄二,美,76,18103485,01176,01143,0121280614,栗坂崇,岡田スタツド,トーセンラー,オーガンディー,フレンチデピュティ,芦毛,180209,    8.5,  ,    ,51.1
21,09,05,2,札幌,8,06,１勝ｸﾗｽ,23,芝,0,1200,稍,レコレータ        ,牝,3,団野大成,53.0,16,15,3,3,0,0.4,1,70.6,"1106",0,0,0,5,3,35.1,486,中舘英二,美,190,18105484,01180,01153,0121280615,サンデーレーシング,社台コーポレーショ,ハーツクライ,エヴィータアルゼンティーナ,"Candy Ride",栗毛,180224,    3.2,  ,    ,51.1
21,09,05,2,札幌,8,06,１勝ｸﾗｽ,23,芝,0,1200,稍,カシノフォワード  ,セ,3,秋山稔樹,53.0,16,16,1,1,0,-0.3,7,70.2,"1102",0,0,0,2,2,35.1,436,蛯名利弘,美,760,18101679,01181,01131,0121280616,柏木務,サンローゼン,ゴスホークケン,セトウチダイヤ,タイキシャトル,鹿毛,180502,   12.2,  ,    ,50.0
21,09,05,2,札幌,8,07,１勝ｸﾗｽ,23,ダ,1,1700,稍,パクスジャポニカ  ,牡,3,黛弘人,54.0,14,01,7,7,0,1.5,14,106.8,"1468",0,7,5,5,4,39.2,482,浅野洋一,美,0,18104015,01109,00421,0121280701,田頭勇貴,谷岡スタット,バトルプラン,サクラベル,サクラプレジデント,鹿毛,180508,  277.1,  ,    ,44.1
21,09,05,2,札幌,8,07,１勝ｸﾗｽ,23,ダ,1,1700,稍,ラルフ            ,牡,3,団野大成,54.0,14,02,3,3,0,0.8,6,106.1,"1461",0,12,12,11,4,37.9,464,荒川義之,栗,190,18101722,01180,01095,0121280702,"GET NEXT",須崎牧場,アジアエクスプレス,ロサモスカータ,ヴィクトワールピサ,栗毛,180317,    8.6,  ,    ,48.2
21,09,05,2,札幌,8,07,１勝ｸﾗｽ,23,ダ,1,1700,稍,コスモクウェンチ  ,牡,7,山田敬士,55.0,14,03,9,9,0,1.9,10,107.2,"1472",0,8,8,7,8,39.4,490,小桧山悟,美,0,14100729,01173,01005,0121280703,Mr.ホース,ビッグレッドファー,ダノンシャンティ,マイネクォーツ,タニノギムレット,鹿毛,140524,   90.4,  ,    ,43.9
21,09,05,2,札幌,8,07,１勝ｸﾗｽ,23,ダ,1,1700,稍,アミュリオン      ,牡,5,丹内祐次,57.0,14,04,2,2,0,0.6,5,105.9,"1459",0,9,9,7,4,38.2,472,藤原辰雄,美,300,16106501,01091,00435,0121280704,吉澤ホールディング,栄進牧場,タイムパラドックス,エーシンチェロキー,ディープインパクト,栗毛,160409,    8.0,  ,    ,46.7
21,09,05,2,札幌,8,07,１勝ｸﾗｽ,23,ダ,1,1700,稍,イッツオーライト  ,セ,4,秋山稔樹,55.0,14,05,6,6,0,1.3,13,106.6,"1466",0,13,13,13,11,37.8,466,竹内正洋,美,0,17100300,01181,01152,0121280705,田島榮二郎,坂牧場,キングヘイロー,ハイマーク,マヤノトップガン,栗毛,170323,  170.4,  ,    ,49.3
21,09,05,2,札幌,8,07,１勝ｸﾗｽ,23,ダ,1,1700,稍,サダムラピュタ    ,牡,6,小沢大仁,54.0,14,06,4,4,0,0.9,2,106.2,"1462",0,11,11,9,9,38.2,476,平田修,栗,110,15106286,01185,01082,0121280706,大西美生子,矢野牧場,マンハッタンカフェ,アートスタジオ,Bernardini,黒鹿,150320,    3.6,  ,    ,47.1
21,09,05,2,札幌,8,07,１勝ｸﾗｽ,23,ダ,1,1700,稍,ゲットアップ      ,セ,3,松田大作,54.0,14,07,5,5,0,1.1,3,106.4,"1464",0,2,2,3,3,39.2,474,牧光二,美,76,18100720,01030,01106,0121280707,ニッシンホールディ,チャンピオンズファ,ルーラーシップ,ソフトライム,フジキセキ,黒鹿,180206,    5.2,  ,    ,43.5
21,09,05,2,札幌,8,07,１勝ｸﾗｽ,23,ダ,1,1700,稍,ウインググランダー,牡,5,西谷凜,54.0,14,08,10,10,0,2,11,107.3,"1473",0,14,14,14,14,38.2,524,藤沢則雄,栗,0,16102678,01189,01041,0121280708,池田實,村中牧場,プリサイスエンド,ミヤジアイ,アイネスフウジン,鹿毛,160312,  108.1,  ,    ,48.7
21,09,05,2,札幌,8,07,１勝ｸﾗｽ,23,ダ,1,1700,稍,サウンドテーブル  ,牡,7,水口優也,57.0,14,09,13,13,0,3.6,9,108.9,"1489",0,5,7,11,13,40.7,506,畑端省吾,栗,0,14104401,01133,01188,0121280709,山上和良,金球美,シルバーチャーム,サンデーストーリー,サンデーサイレンス,黒鹿,140417,   70.1,  ,    ,41.4
21,09,05,2,札幌,8,07,１勝ｸﾗｽ,23,ダ,1,1700,稍,ナムラハカ        ,牡,3,川又賢治,54.0,14,10,14,14,0,5.5,8,110.8,"1508",0,5,6,5,11,43.2,470,大橋勇樹,栗,0,18103015,01166,01065,0121280710,奈村睦弘,王蔵牧場,ベルシャザール,ナムララピス,キングヘイロー,黒鹿,180512,   54.0,  ,    ,35.4
21,09,05,2,札幌,8,07,１勝ｸﾗｽ,23,ダ,1,1700,稍,マイネルエスペルト,牡,4,亀田温心,56.0,14,11,12,12,0,2.3,12,107.6,"1476",0,10,10,9,10,39.6,512,小崎憲,栗,0,17103776,01176,01085,0121280711,吉田勝利,千代田牧場,ジャスタウェイ,エイムアットビップ,アグネスデジタル,鹿毛,170402,  113.3,  ,    ,43.7
21,09,05,2,札幌,8,07,１勝ｸﾗｽ,23,ダ,1,1700,稍,エクレルシー      ,牡,3,ルメール,54.0,14,12,1,1,0,-0.6,1,105.3,"1453",0,1,1,1,1,38.4,488,栗田徹,美,760,18106208,05339,01127,0121280712,ノースヒルズ,高野牧場,ダンカーク,イソシギ,タイキシャトル,黒鹿,180521,    3.6,  ,    ,45.0
21,09,05,2,札幌,8,07,１勝ｸﾗｽ,23,ダ,1,1700,稍,メッザノッテ      ,牝,3,荻野琢真,52.0,14,13,8,8,0,1.7,4,107,"1470",0,2,2,2,2,40,478,寺島良,栗,0,18103983,01112,01158,0121280713,ゴドルフィン,田中裕之,アイルハヴアナザー,アルダントヌイ,フレンチデピュティ,栗毛,180305,    6.6,  ,    ,41.4
21,09,05,2,札幌,8,07,１勝ｸﾗｽ,23,ダ,1,1700,稍,キングスバレイ    ,牡,5,泉谷楓真,56.0,14,14,11,11,0,2.1,7,107.4,"1474",0,2,4,3,4,40.1,528,斎藤誠,美,0,16103069,01182,01086,0121280714,村野康司,下河辺牧場,ゼンノロブロイ,シーガルサリー,フレンチデピュティ,栗毛,160201,   19.4,  ,    ,41.5
21,09,05,2,札幌,8,08,１勝ｸﾗｽ,23,芝,0,1800,稍,クリノイヴァンカ  ,牝,5,西谷凜,52.0,14,01,11,11,0,0.6,12,111.9,"1519",0,10,9,9,11,36.4,476,天間昭一,美,0,16105872,01189,01090,0121280801,栗本博晴,タイヘイ牧場,ハーツクライ,ローマンクィーン,"Holy Roman Emperor",鹿毛,160126,   56.1,  ,    ,53.7
21,09,05,2,札幌,8,08,１勝ｸﾗｽ,23,芝,0,1800,稍,リスカム          ,セ,3,藤岡佑介,54.0,14,02,4,4,0,0.2,2,111.5,"1515",0,3,3,4,4,36.4,484,昆貢,栗,110,18104229,01093,01044,0121280802,寺田寿男,畠山牧場,モーリス,アルコセニョーラ,ステイゴールド,青鹿,180330,    5.3,  ,    ,53.2
21,09,05,2,札幌,8,08,１勝ｸﾗｽ,23,芝,0,1800,稍,マイタイムオブデイ,牝,5,松田大作,55.0,14,03,10,10,0,0.6,9,111.9,"1519",0,10,11,11,7,36.3,470,松永幹夫,栗,0,16104871,01030,01092,0121280803,シルクレーシング,ノーザンファーム,Australia,ラックビーアレディトゥナイト,"Mr. Greeley",栗毛,160416,   19.4,  ,    ,54.1
21,09,05,2,札幌,8,08,１勝ｸﾗｽ,23,芝,0,1800,稍,ウイングリュック  ,牡,3,丹内祐次,54.0,14,04,13,13,0,1.4,5,112.7,"1527",0,5,5,7,7,37.4,482,宮徹,栗,0,18101632,01091,01018,0121280804,ウイン,コスモヴューファー,ロージズインメイ,コスモフォーチュン,マイネルラヴ,青鹿,180310,   10.1,  ,    ,50.7
21,09,05,2,札幌,8,08,１勝ｸﾗｽ,23,芝,0,1800,稍,ミツルハピネス    ,牝,3,泉谷楓真,51.0,14,05,2,2,0,0.1,1,111.4,"1514",0,5,7,4,4,36.2,516,南井克巳,栗,300,18104317,01182,01049,0121280805,守内ひろ子,フジワラフアーム,エピファネイア,サトノフラリッシュ,エンパイアメーカー,栗毛,180401,    3.0,  ,    ,53.9
21,09,05,2,札幌,8,08,１勝ｸﾗｽ,23,芝,0,1800,稍,ウインアステロイド,牡,4,原田和真,57.0,14,06,6,6,0,0.5,8,111.8,"1518",0,3,3,2,2,36.9,466,和田正一,美,0,17101448,01143,01114,0121280806,ウイン,コスモヴューファー,リアルインパクト,マリアヴェロニカ,ジャングルポケット,青鹿,170518,   17.4,  ,    ,51.5
21,09,05,2,札幌,8,08,１勝ｸﾗｽ,23,芝,0,1800,稍,ヒシタイザン      ,牡,4,団野大成,57.0,14,07,14,14,0,1.6,13,112.9,"1529",0,8,9,9,13,37.4,524,角田晃一,栗,0,17103793,01180,01121,0121280807,阿部雅英,千代田牧場,トーセンホマレボシ,サンキュースマイル,ブライアンズタイム,栗毛,170228,   66.7,  ,    ,50.9
21,09,05,2,札幌,8,08,１勝ｸﾗｽ,23,芝,0,1800,稍,ケンアンビシャス  ,牡,3,亀田温心,53.0,14,08,9,9,0,0.6,6,111.9,"1519",0,10,11,12,13,36.1,472,久保田貴,美,0,18103796,01176,01067,0121280808,中西健,坂本智広,トゥザワールド,モルフェキイ,モルフェデスペクタ,黒鹿,180227,   12.0,  ,    ,55.0
21,09,05,2,札幌,8,08,１勝ｸﾗｽ,23,芝,0,1800,稍,ウインルーア      ,牝,3,黛弘人,52.0,14,09,8,8,0,0.5,10,111.8,"1518",0,5,5,4,4,36.7,466,青木孝文,美,0,18101626,01109,01156,0121280809,ウイン,コスモヴューファー,ゴールドシップ,コスモエルデスト,ブラックホーク,鹿毛,180405,   38.7,  ,    ,52.3
21,09,05,2,札幌,8,08,１勝ｸﾗｽ,23,芝,0,1800,稍,ペドラフォルカ    ,牝,3,大野拓弥,52.0,14,10,1,1,0,-0.1,3,111.3,"1513",0,1,1,1,1,36.5,462,上村洋行,栗,760,18100395,01096,01168,0121280810,下河辺隆行,下河辺牧場,ディープインパクト,サトノジョリー,Bernardini,鹿毛,180306,    7.1,  ,    ,52.5
21,09,05,2,札幌,8,08,１勝ｸﾗｽ,23,芝,0,1800,稍,ニーニャ          ,牝,4,秋山稔樹,53.0,14,11,5,5,0,0.4,14,111.7,"1517",0,13,13,12,11,35.8,506,千田輝彦,栗,76,17103332,01181,01120,0121280811,ノルマンディーサラ,岡田スタツド,ゴールドシップ,リトルビスケット,タニノギムレット,芦毛,170315,   91.9,  ,    ,56.0
21,09,05,2,札幌,8,08,１勝ｸﾗｽ,23,芝,0,1800,稍,テイエムタツマキ  ,牡,3,古川吉洋,54.0,14,12,11,11,0,0.6,7,111.9,"1519",0,13,13,12,10,36.1,500,武英智,栗,0,18104463,01015,01161,0121280812,竹園正繼,三木田牧場,キズナ,ウィローパドック,クロフネ,青鹿,180303,   13.7,  ,    ,55.0
21,09,05,2,札幌,8,08,１勝ｸﾗｽ,23,芝,0,1800,稍,タウゼントシェーン,牝,3,川又賢治,52.0,14,13,3,3,0,0.1,4,111.4,"1514",0,8,8,7,7,36.1,434,矢作芳人,栗,190,18104663,01166,01075,0121280813,社台レースホース,社台ファーム,ディープインパクト,ターフローズ,"Big Shuffle",青毛,180313,    7.2,  ,    ,54.3
21,09,05,2,札幌,8,08,１勝ｸﾗｽ,23,芝,0,1800,稍,ミリタリータンゴ  ,牡,3,小沢大仁,51.0,14,14,7,7,0,0.5,11,111.8,"1518",0,2,2,2,2,36.9,462,中竹和也,栗,0,18104675,01185,01039,0121280814,社台レースホース,社台ファーム,エイシンフラッシュ,ダンスアミーガ,サクラバクシンオー,黒鹿,180222,   47.1,  ,    ,51.5
21,09,05,2,札幌,8,09,２勝ｸﾗｽ,43,ダ,1,1700,稍,トリッチトラッチ  ,牝,4,丹内祐次,55.0,14,01,10,10,0,1.3,5,106.9,"1469",0,12,12,13,13,37.9,448,伊藤圭三,美,0,17105828,01091,01023,0121280901,ライオンレースホー,浦河日成牧場,ゴールドアリュール,クインポルカ,タニノギムレット,芦毛,170512,    7.8,  ,    ,49.3
21,09,05,2,札幌,8,09,２勝ｸﾗｽ,43,ダ,1,1700,稍,デルマラピスラズリ,牡,4,菊沢一樹,57.0,14,02,4,4,0,0.7,10,106.3,"1463",0,9,8,6,6,37.9,520,小野次郎,美,170,17100808,01161,01125,0121280902,浅沼廣幸,ファニーヒルファー,ストロングリターン,デルマアマノジャク,オンファイア,鹿毛,170322,   27.4,  ,    ,48.4
21,09,05,2,札幌,8,09,２勝ｸﾗｽ,43,ダ,1,1700,稍,スカーレットスカイ,牝,3,国分恭介,52.0,14,03,1,1,0,-0.7,2,105.6,"1456",0,1,1,1,1,37.7,480,岡田稲男,栗,1100,18100700,01124,01066,0121280903,ゴドルフィン,ダーレー・ジャパン,ディスクリートキャット,レッドフェザー,ディープスカイ,栗毛,180325,    4.7,  ,    ,48.2
21,09,05,2,札幌,8,09,２勝ｸﾗｽ,43,ダ,1,1700,稍,シンヨモギネス    ,牡,3,菱田裕二,54.0,14,04,6,6,0,0.8,4,106.4,"1464",0,11,10,8,6,37.9,480,伊藤圭三,美,0,18103711,01144,01023,0121280904,モンレーヴ,グランド牧場,ダノンレジェンド,グレースグランド,アドマイヤムーン,鹿毛,180324,    7.5,  ,    ,48.6
21,09,05,2,札幌,8,09,２勝ｸﾗｽ,43,ダ,1,1700,稍,モリノカワセミ    ,牝,5,小林凌大,52.0,14,05,9,9,0,1,7,106.6,"1466",0,2,2,2,2,38.6,478,大江原哲,美,0,16103729,01177,01012,0121280905,森和久,森永牧場,ヘニーヒューズ,グロリエッテ,アドマイヤムーン,鹿毛,160329,   13.4,  ,    ,46.1
21,09,05,2,札幌,8,09,２勝ｸﾗｽ,43,ダ,1,1700,稍,ルーチェデラヴィタ,牝,4,西谷凜,52.0,14,06,5,5,0,0.7,12,106.3,"1463",0,2,3,3,2,38.2,450,須貝尚介,栗,110,17100796,01189,01105,0121280906,安原浩司,広富牧場,キズナ,トウカイライフ,トウカイテイオー,鹿毛,170128,   70.3,  ,    ,47.2
21,09,05,2,札幌,8,09,２勝ｸﾗｽ,43,ダ,1,1700,稍,インペリアルエア  ,セ,6,古川吉洋,57.0,14,07,11,11,0,1.4,14,107,"1470",0,14,14,13,11,38,484,稲垣幸雄,美,0,15105425,01015,01167,0121280907,岡田牧雄,岡田スタツド,フレンチデピュティ,スピリテッドエアー,"Danehill Dancer",黒鹿,150409,  248.0,  ,    ,49.0
21,09,05,2,札幌,8,09,２勝ｸﾗｽ,43,ダ,1,1700,稍,メイショウヨシテル,牡,3,亀田温心,53.0,14,08,13,13,0,1.8,3,107.4,"1474",0,12,13,10,11,38.6,476,池添兼雄,栗,0,18103149,01176,01021,0121280908,松本好隆,高昭牧場,パイロ,ホッコーユニバース,アグネスタキオン,黒鹿,180521,    7.0,  ,    ,47.2
21,09,05,2,札幌,8,09,２勝ｸﾗｽ,43,ダ,1,1700,稍,コスモセイリュウ  ,牡,4,団野大成,57.0,14,09,2,2,0,0.7,8,106.3,"1463",0,10,10,10,9,37.5,488,中野栄治,美,440,17110122,01180,01010,0121280909,ビッグレッドファー,"Janet Quillen","Temple City","Surround Sound",Include,鹿毛,170418,   15.5,  ,    ,50.1
21,09,05,2,札幌,8,09,２勝ｸﾗｽ,43,ダ,1,1700,稍,アベックフォルス  ,牡,4,小沢大仁,54.0,14,10,8,8,0,1,9,106.6,"1466",0,6,6,6,6,38.2,484,加藤士津,美,0,17102848,01185,01169,0121280910,田中義明,笠松牧場,エスケンデレヤ,ラフォルトゥナ,サンデーサイレンス,鹿毛,170309,   17.8,  ,    ,47.7
21,09,05,2,札幌,8,09,２勝ｸﾗｽ,43,ダ,1,1700,稍,ピッツバーグ      ,セ,8,泉谷楓真,56.0,14,11,14,14,0,4.7,13,110.3,"1503",0,2,4,8,14,41.8,512,清水英克,美,0,13100677,01182,01080,0121280911,ディアレストクラブ,戸川牧場,ダノンシャンティ,メジロフランシス,カーネギー,鹿毛,130211,  139.3,  ,    ,39.4
21,09,05,2,札幌,8,09,２勝ｸﾗｽ,43,ダ,1,1700,稍,タイトロープウィン,牝,5,黛弘人,55.0,14,12,7,7,0,0.9,11,106.5,"1465",0,6,4,3,4,38.4,450,藤原辰雄,美,0,16105702,01109,00435,0121280912,浅田次郎,グランド牧場,サウスヴィグラス,プリモウェイ,"Giant's Causeway",栗毛,160425,   27.6,  ,    ,46.7
21,09,05,2,札幌,8,09,２勝ｸﾗｽ,43,ダ,1,1700,稍,ミツカネプリンス  ,牡,4,藤岡佑介,57.0,14,13,12,12,0,1.5,6,107.1,"1471",0,8,8,10,9,38.4,448,鈴木伸尋,美,0,17101597,01093,01026,0121280913,小山田満,タニグチ牧場,キンシャサノキセキ,フェリアード,ステートリードン,芦毛,170420,   10.1,  ,    ,47.6
21,09,05,2,札幌,8,09,２勝ｸﾗｽ,43,ダ,1,1700,稍,ピクトルテソーロ  ,牡,3,大野拓弥,54.0,14,14,3,3,0,0.7,1,106.3,"1463",0,5,6,5,4,38.1,470,田中博康,美,280,18101001,01096,01162,0121280914,了徳寺健二ホールデ,船越牧場,シンボリクリスエス,ハンドスター,パラダイスクリーク,黒鹿,180203,    4.0,  ,    ,47.6
21,09,05,2,札幌,8,10,すずらん,131,芝,0,1200,良,フォルトゥナ      ,牡,2,黛弘人,54.0,9,01,7,7,0,1.2,9,72.2,"1122",0,0,0,4,4,37.1,464,中野栄治,美,0,19104582,01109,01010,0121281001,山本三津子,社台コーポレーショ,エイシンフラッシュ,パシャドーラ,ハーツクライ,青鹿,190220,   98.4,  ,    ,44.6
21,09,05,2,札幌,8,10,すずらん,131,芝,0,1200,良,ビッキーチャンス  ,牝,2,菱田裕二,54.0,9,02,8,8,0,3.6,7,74.6,"1146",0,0,0,8,8,37.6,416,田中淳司,地,0,19102183,01144,05630,0121281002,"Him Rock Racingホ",豊洋牧場,ベーカバド,チュウワビーナス,アグネスタキオン,黒鹿,190327,   42.8,  ,    ,48.4
21,09,05,2,札幌,8,10,すずらん,131,芝,0,1200,良,ニシノタマユラ    ,牝,2,勝浦正樹,54.0,9,03,5,5,0,0.7,5,71.7,"1117",0,0,0,6,6,36.1,460,深山雅史,美,160,19100936,01025,01174,0121281003,西山茂行,村上欽哉,リーチザクラウン,ニシノステディー,グランデラ,黒鹿,190122,   13.2,  ,    ,48.6
21,09,05,2,札幌,8,10,すずらん,131,芝,0,1200,良,ジョーブリッランテ,牡,2,大野拓弥,54.0,9,04,4,4,0,0.6,3,71.6,"1116",0,0,0,7,6,35.8,482,清水久詞,栗,240,19103360,01096,01110,0121281004,上田江吏子,山際牧場,ジョーカプチーノ,ジョーアラマート,キングヘイロー,栗毛,190407,    6.9,  ,    ,50.0
21,09,05,2,札幌,8,10,すずらん,131,芝,0,1200,良,ドラゴンゴクウ    ,牡,2,松田大作,54.0,9,05,6,6,0,1.1,6,72.1,"1121",0,0,0,2,2,37.2,452,堂山芳則,地,0,19105587,01030,05055,0121281005,福本次雄,福本次雄,トゥザグローリー,トーセンウーノ,シンボリクリスエス,黒鹿,190317,   32.0,  ,    ,43.8
21,09,05,2,札幌,8,10,すずらん,131,芝,0,1200,良,ヴィアドロローサ  ,牡,2,ルメール,54.0,9,06,1,1,0,-0.1,2,71,"1110",0,0,0,5,4,35.8,440,加藤征弘,美,1600,19101679,05339,01059,0121281006,スリーエイチレーシ,下河辺牧場,ロードカナロア,ロイヤルストリート,ディープインパクト,鹿毛,190306,    3.5,  ,    ,48.3
21,09,05,2,札幌,8,10,すずらん,131,芝,0,1200,良,タイセイエミネント,牡,2,団野大成,54.0,9,07,9,9,0,3.6,8,74.6,"1146",0,0,0,9,9,36.8,444,田中淳司,地,0,19101859,01180,05630,0121281007,田中成奉,田端牧場,ディスクリートキャット,ミガット,マンハッタンカフェ,鹿毛,190312,   58.8,  ,    ,52.7
21,09,05,2,札幌,8,10,すずらん,131,芝,0,1200,良,リトス            ,牝,2,亀田温心,54.0,9,08,3,3,0,0.2,4,71.2,"1112",0,0,0,1,1,36.4,400,高橋裕,美,400,19103120,01176,00412,0121281008,ディアレストクラブ,築紫洋,シルバーステート,カルディア,ゼンノロブロイ,鹿毛,190408,    9.0,  ,    ,45.6
21,09,05,2,札幌,8,10,すずらん,131,芝,0,1200,良,ポメランチェ      ,牝,2,藤岡佑介,54.0,9,09,2,2,0,0.1,1,71.1,"1111",0,0,0,3,2,36.1,402,牧田和弥,栗,640,19104693,01093,01123,0121281009,社台レースホース,社台ファーム,キングカメハメハ,オレンジティアラ,サクラバクシンオー,黒鹿,190213,    2.0,  ,    ,47.0
21,09,05,2,札幌,8,11,丹頂ＳＨ,131,芝,0,2600,良,コスモジェミラ    ,牝,4,竹之下智,48.0,10,01,7,7,0,0.7,9,165,"2450",0,10,10,8,10,35.9,470,吉田直弘,栗,0,17101909,01036,01101,0121281101,ビッグレッドファー,ビッグレッドファー,ゴールドシップ,シーギリヤガール,スターリングローズ,芦毛,170226,   34.9,  ,    ,57.9
21,09,05,2,札幌,8,11,丹頂ＳＨ,131,芝,0,2600,良,タイセイトレイル  ,牡,6,菱田裕二,55.0,10,02,9,9,0,0.7,8,165,"2450",0,9,9,8,8,35.9,492,矢作芳人,栗,0,15105008,01144,01075,0121281102,田中成奉,ノーザンファーム,ハーツクライ,マザーウェル,シンボリクリスエス,黒鹿,150205,   28.5,  ,    ,57.9
21,09,05,2,札幌,8,11,丹頂ＳＨ,131,芝,0,2600,良,ウィナーポイント  ,牝,6,川又賢治,48.0,10,03,6,6,0,0.4,5,164.7,"2447",0,5,5,6,5,35.9,420,和田勇介,美,0,15101702,01166,01165,0121281103,岡田牧雄,出口牧場,スクリーンヒーロー,メイクデュース,トウカイテイオー,黒鹿,150222,   15.8,  ,    ,57.6
21,09,05,2,札幌,8,11,丹頂ＳＨ,131,芝,0,2600,良,アイスバブル      ,牡,6,水口優也,55.0,10,04,5,5,0,0.3,4,164.6,"2446",0,7,7,4,5,36.1,464,池江泰寿,栗,240,15104689,01133,01071,0121281104,金子真人ホールディ,ノーザンファーム,ディープインパクト,ウィンターコスモス,キングカメハメハ,芦毛,150408,    7.3,  ,    ,56.8
21,09,05,2,札幌,8,11,丹頂ＳＨ,131,芝,0,2600,良,ゴースト          ,セ,5,ルメール,54.0,10,05,3,3,0,0.2,2,164.5,"2445",0,6,5,6,5,35.6,498,橋口慎介,栗,600,16104452,05339,01154,0121281105,西村健,ノーザンファーム,ハーツクライ,ガヴィオラ,Cozzene,芦毛,160423,    3.0,  ,    ,58.6
21,09,05,2,札幌,8,11,丹頂ＳＨ,131,芝,0,2600,良,ジャディード      ,牡,6,小沢大仁,48.0,10,06,10,10,0,1,10,165.3,"2453",0,1,1,1,2,37.2,448,小島茂之,美,0,15104367,01185,01068,0121281106,丸山担,社台ファーム,シンボリクリスエス,ジャドール,フジキセキ,黒鹿,150403,  106.9,  ,    ,53.3
21,09,05,2,札幌,8,11,丹頂ＳＨ,131,芝,0,2600,良,オウケンムーン    ,牡,6,団野大成,56.0,10,07,4,4,0,0.3,7,164.6,"2446",0,3,3,3,3,36.2,440,国枝栄,美,360,15105033,01180,00399,0121281107,福井明,ノーザンファーム,オウケンブルースリ,ムーンフェイズ,エリシオ,鹿毛,150314,   21.7,  ,    ,56.4
21,09,05,2,札幌,8,11,丹頂ＳＨ,131,芝,0,2600,良,トーセンカンビーナ,牡,5,泉谷楓真,55.0,10,08,8,8,0,0.7,6,165,"2450",0,8,7,8,8,35.9,474,加藤征弘,美,0,16104990,01182,01059,0121281108,島川隆哉,社台ファーム,ディープインパクト,カンビーナ,"Hawk Wing",鹿毛,160207,   19.4,  ,    ,57.9
21,09,05,2,札幌,8,11,丹頂ＳＨ,131,芝,0,2600,良,ボスジラ          ,牡,5,藤岡佑介,56.0,10,09,2,2,0,0,3,164.3,"2443",0,4,4,4,3,35.7,510,国枝栄,美,960,16104635,01093,00399,0121281109,金子真人ホールディ,ノーザンファーム,ディープインパクト,ミスパスカリ,"Mr. Greeley",芦毛,160311,    4.8,  ,    ,58.1
21,09,05,2,札幌,8,11,丹頂ＳＨ,131,芝,0,2600,良,カウディーリョ    ,牡,5,大野拓弥,55.0,10,10,1,1,0,0,1,164.3,"2443",0,2,2,2,1,36.1,448,堀宣行,美,2400,16104549,01096,01070,0121281110,キャロットファーム,ノーザンファーム,キングカメハメハ,ディアデラノビア,サンデーサイレンス,黒鹿,160308,    2.8,  ,    ,56.5
21,09,05,2,札幌,8,12,釧路湿原･2勝,43,芝,0,2000,良,バルバレスコ      ,牝,4,菊沢一樹,55.0,13,01,6,6,0,1.4,8,124.5,"2045",0,1,1,1,1,38.4,500,宗像義忠,美,0,17105663,01161,00420,0121281201,シルクレーシング,ノーザンファーム,ロードカナロア,ローマンエンプレス,"Sadler's Wells",鹿毛,170412,   32.0,  ,    ,46.1
21,09,05,2,札幌,8,12,釧路湿原･2勝,43,芝,0,2000,良,サンシロウ        ,牡,7,菱田裕二,57.0,13,02,13,13,0,2.9,13,126,"2060",0,11,11,13,13,38.7,504,柄崎孝,美,0,14103367,01144,00380,0121281202,三度屋,辻牧場,ネオユニヴァース,テンイムホウ,ラムタラ,鹿毛,140514,  178.5,  ,    ,46.7
21,09,05,2,札幌,8,12,釧路湿原･2勝,43,芝,0,2000,良,アルテラローザ    ,牝,5,藤岡佑介,55.0,13,03,4,4,0,0.7,6,123.8,"2038",0,5,5,6,5,37.3,476,藤原英昭,栗,230,16101165,01093,01055,0121281203,ロードホースクラブ,ケイアイファーム,ディープインパクト,レディアルバローザ,キングカメハメハ,黒鹿,160228,   15.0,  ,    ,49.4
21,09,05,2,札幌,8,12,釧路湿原･2勝,43,芝,0,2000,良,プラチナトレジャー,牡,3,ルメール,54.0,13,04,2,2,0,0.1,1,123.2,"2032",0,12,12,11,5,36.2,476,国枝栄,美,600,18104261,05339,00399,0121281204,嶋田一成,服部牧場,キングカメハメハ,ホワイトエレガンス,クロフネ,芦毛,180321,    1.9,  ,    ,53.0
21,09,05,2,札幌,8,12,釧路湿原･2勝,43,芝,0,2000,良,ヒューマンコメディ,牝,4,秋山稔樹,55.0,13,05,5,5,0,1.2,9,124.3,"2043",0,9,8,8,8,37.6,506,水野貴広,美,150,17104478,01181,01094,0121281205,野村茂雄,上水牧場,ハーツクライ,チョコレートリリー,ウォーエンブレム,黒鹿,170410,   55.4,  ,    ,48.8
21,09,05,2,札幌,8,12,釧路湿原･2勝,43,芝,0,2000,良,コロンドール      ,牡,4,荻野琢真,57.0,13,06,11,11,0,2.8,10,125.9,"2059",0,13,13,2,5,39.7,514,和田雄二,美,0,17105253,01112,01143,0121281206,栗坂崇,ノーザンファーム,タートルボウル,エルミラドール,ジャングルポケット,栗毛,170303,   64.2,  ,    ,43.1
21,09,05,2,札幌,8,12,釧路湿原･2勝,43,芝,0,2000,良,マイネルステレール,牡,5,丹内祐次,57.0,13,07,7,7,0,1.5,11,124.6,"2046",0,3,3,5,2,38.3,484,菊川正達,美,0,16100758,01091,01052,0121281207,サラブレッドクラブ,ビッグレッドファー,グラスワンダー,マイネルーチェ,スペシャルウィーク,鹿毛,160513,   71.3,  ,    ,46.6
21,09,05,2,札幌,8,12,釧路湿原･2勝,43,芝,0,2000,良,ミスミルドレッド  ,牝,4,亀田温心,55.0,13,08,1,1,0,-0.1,3,123.1,"2031",0,10,10,8,2,36.3,450,小島茂之,美,1500,17104629,01176,01068,0121281208,丸山担,レイクヴィラファー,ルーラーシップ,メジロミドウ,ステイゴールド,黒鹿,170203,    9.4,  ,    ,52.5
21,09,05,2,札幌,8,12,釧路湿原･2勝,43,芝,0,2000,良,モリノカンナチャン,牝,3,団野大成,52.0,13,09,3,3,0,0.6,2,123.7,"2037",0,7,8,11,8,36.7,444,大江原哲,美,380,18105722,01180,01012,0121281209,森和久,青藍牧場,ハービンジャー,ヒカルドウキセイ,サンデーサイレンス,鹿毛,180417,    3.7,  ,    ,51.6
21,09,05,2,札幌,8,12,釧路湿原･2勝,43,芝,0,2000,良,タガノカイ        ,牡,3,古川吉洋,54.0,13,10,10,10,0,2.5,7,125.6,"2056",0,3,3,2,8,39.4,514,宮徹,栗,0,18101970,01015,01018,0121281210,八木良司,新冠タガノファーム,ノヴェリスト,ボディーダンシング,ホワイトマズル,黒鹿,180406,   31.8,  ,    ,43.8
21,09,05,2,札幌,8,12,釧路湿原･2勝,43,芝,0,2000,良,ルース            ,牝,3,大野拓弥,52.0,13,11,12,12,0,2.8,4,125.9,"2059",0,7,6,6,8,39.4,496,池添兼雄,栗,0,18103615,01096,01021,0121281211,山田和夫,岡田牧場,ドゥラメンテ,ヤマカツマリリン,グラスワンダー,栗毛,180404,   10.8,  ,    ,44.1
21,09,05,2,札幌,8,12,釧路湿原･2勝,43,芝,0,2000,良,カサーレ          ,牝,6,川又賢治,55.0,13,12,9,9,0,2.4,12,125.5,"2055",0,5,6,8,12,38.7,452,吉岡辰弥,栗,0,15105960,01166,01176,0121281212,飯田正剛,千代田牧場,マンハッタンカフェ,ミルフィアタッチ,キングカメハメハ,青鹿,150324,  125.7,  ,    ,46.1
21,09,05,2,札幌,8,12,釧路湿原･2勝,43,芝,0,2000,良,プロース          ,牡,5,泉谷楓真,57.0,13,13,8,8,0,1.9,5,125,"2050",0,2,2,2,2,38.8,512,菊川正達,美,0,16102723,01182,01052,0121281213,高樽さゆり,ディアレストクラブ,マツリダゴッホ,カレイメモワール,アドマイヤムーン,栗毛,160407,   13.2,  ,    ,45.2
