24,02,24,1,阪神,1,01,未勝利・牝,7,ダ,1,1400,稍,ウィンカラー      ,牝,3,古川吉洋,55.0,16,01,9,9,0,3.3,12,89.2,"1292",0,0,0,16,15,39.2,458,谷潔,栗,0,21102702,01015,00431,0924110101,マークス,杵臼斉藤牧場,サンダースノー,ラメント,アドマイヤムーン,栗毛,210402,   91.2,  ,    ,45.7
24,02,24,1,阪神,1,01,未勝利・牝,7,ダ,1,1400,稍,ワンダーセイレーン,牝,3,今村聖奈,52.0,16,02,7,7,0,2.4,10,88.3,"1283",0,0,0,3,5,40,466,今野貞一,栗,0,21100223,01193,01128,0924110102,山本能成,城地牧場,アニマルキングダム,ワンダービーナス,バゴ,栗毛,210404,   77.0,  ,    ,40.6
24,02,24,1,阪神,1,01,未勝利・牝,7,ダ,1,1400,稍,レモンスフレ      ,牝,3,水口優也,55.0,16,03,12,12,0,4.1,9,90,"1300",0,0,0,13,13,40.5,420,羽月友彦,栗,0,21107043,01133,01091,0924110103,田頭勇貴,村田牧場,ローレルゲレイロ,アルレガーロ,スペシャルウィーク,青鹿,210328,   59.7,  ,    ,41.7
24,02,24,1,阪神,1,01,未勝利・牝,7,ダ,1,1400,稍,ジョウゲンノツキ  ,牝,3,松若風馬,55.0,16,04,2,2,0,0,5,85.9,"1259",0,0,0,3,3,37.6,438,牧田和弥,栗,220,21102755,01154,01123,0924110104,二口雅一,金成吉田牧場,イスラボニータ,ピサノグレース,フレンチデピュティ,青鹿,210511,    7.1,  ,    ,46.3
24,02,24,1,阪神,1,01,未勝利・牝,7,ダ,1,1400,稍,シノノメ          ,牝,3,角田大和,54.0,16,05,3,3,0,0,8,85.9,"1259",0,0,0,7,6,37.4,444,大久保龍,栗,140,21101679,01186,01058,0924110105,ゴドルフィン,ダーレー・ジャパン,サンダースノー,ハウリング,ハードスパン,栗毛,210321,   57.4,  ,    ,47.3
24,02,24,1,阪神,1,01,未勝利・牝,7,ダ,1,1400,稍,エンジェルスノー  ,牝,3,幸英明,55.0,16,06,4,4,0,0.4,7,86.3,"1263",0,0,0,1,1,38.3,466,岡田稲男,栗,83,21101637,00732,01066,0924110106,ゴドルフィン,ダーレー・ジャパン,サンダースノー,エンジェヌー,コマンズ,鹿毛,210411,   40.3,  ,    ,44.0
24,02,24,1,阪神,1,01,未勝利・牝,7,ダ,1,1400,稍,フォーレ          ,牝,3,岩田望来,55.0,16,07,5,5,0,1.5,6,87.4,"1274",0,0,0,7,6,38.8,416,浜田多実,栗,55,21104533,01174,01138,0924110107,KAJIMOTOホールディ,増本牧場,ヴァンセンヌ,テアトロレアル,シンボリクリスエス,鹿毛,210207,   13.1,  ,    ,43.9
24,02,24,1,阪神,1,01,未勝利・牝,7,ダ,1,1400,稍,リーゼントキャロル,牝,3,古川奈穂,51.0,16,08,13,13,0,4.7,11,90.6,"1306",0,0,0,10,11,41.5,444,矢作芳人,栗,0,21104317,01190,01075,0924110108,三浦大輔,服部牧場,エピファネイア,フレンチカクタス,タイキシャトル,栗毛,210407,   81.4,  ,    ,38.7
24,02,24,1,阪神,1,01,未勝利・牝,7,ダ,1,1400,稍,ゴールデンチップス,牝,3,松山弘平,55.0,16,09,8,8,0,3.2,4,89.1,"1291",0,0,0,10,10,40,510,須貝尚介,栗,0,21107351,01126,01105,0924110109,吉田照哉,社台ファーム,エピファネイア,クォリティシーズン,トワイニング,栗毛,210313,    6.0,  ,    ,42.1
24,02,24,1,阪神,1,01,未勝利・牝,7,ダ,1,1400,稍,バイアスペクター  ,牝,3,国分優作,55.0,16,10,10,10,0,3.6,13,89.5,"1295",0,0,0,9,9,40.6,424,大根田裕,栗,0,21106928,01125,01032,0924110110,谷賢臣,松浦牧場,ダノンバラード,フジミ,ロードカナロア,鹿毛,210315,  140.4,  ,    ,40.3
24,02,24,1,阪神,1,01,未勝利・牝,7,ダ,1,1400,稍,ポマール          ,牝,3,ムルザバ,55.0,16,11,1,1,0,0,3,85.9,"1259",0,0,0,2,2,37.8,442,小栗実,栗,550,21105972,05627,01194,0924110111,フォレストレーシン,レイクヴィラファー,エピファネイア,ベルカプリ,ダイワメジャー,黒鹿,210119,    5.5,  ,    ,45.4
24,02,24,1,阪神,1,01,未勝利・牝,7,ダ,1,1400,稍,エブライト        ,牝,3,西村淳也,55.0,16,12,6,6,0,1.6,1,87.5,"1275",0,0,0,3,3,39.2,474,橋口慎介,栗,0,21101443,01171,01154,0924110112,エースレーシング,下河辺牧場,ヘニーヒューズ,マートンパーク,フレンチデピュティ,鹿毛,210423,    3.2,  ,    ,42.4
24,02,24,1,阪神,1,01,未勝利・牝,7,ダ,1,1400,稍,キュルビス        ,牝,3,川須栄彦,55.0,16,13,15,15,0,6.5,14,92.4,"1324",0,0,0,14,13,42.7,440,緒方努,栗,0,21100413,01128,01193,0924110113,谷崎森吾,前川勝春,エピファネイア,ハロウィンデイズ,ディープインパクト,鹿毛,210419,  143.7,  ,    ,37.3
24,02,24,1,阪神,1,01,未勝利・牝,7,ダ,1,1400,稍,テイエムライオジン,牝,3,鮫島良太,55.0,16,14,14,14,0,6,16,91.9,"1319",0,0,0,14,16,41.8,436,飯田雄三,栗,0,21101943,01099,01050,0924110114,竹園正繼,日高テイエム牧場,サトノアラジン,テイエムライオネス,フジキセキ,黒鹿,210419,  217.1,  ,    ,39.9
24,02,24,1,阪神,1,01,未勝利・牝,7,ダ,1,1400,稍,アジアノハナ      ,牝,3,酒井学,55.0,16,15,11,11,0,3.9,2,89.8,"1298",0,0,0,6,6,41.3,478,牧田和弥,栗,0,21105621,01034,01123,0924110115,永田和彦,ノーザンファーム,アジアエクスプレス,スーブレット,ゴールドアリュール,栗毛,210228,    3.8,  ,    ,38.1
24,02,24,1,阪神,1,01,未勝利・牝,7,ダ,1,1400,稍,サンエルガー      ,牝,3,田口貫太,54.0,16,16,16,16,0,8.3,15,94.2,"1342",0,0,0,10,12,45,486,安達昭夫,栗,0,21104298,01208,01042,0924110116,サン,畠山牧場,ビッグアーサー,フォーエバーワン,ハービンジャー,栗毛,210305,  175.4,  ,    ,32.0
24,02,24,1,阪神,1,02,未勝利,7,ダ,1,1800,稍,サクリファイス    ,牡,3,松若風馬,57.0,11,01,11,11,0,3.4,11,118.9,"1589",0,1,1,1,2,43,458,小崎憲,栗,0,21103807,01154,01085,0924110201,一村哲也,坂本智広,アメリカンペイトリオット,フギン,"Street Sense",黒鹿,210421,  210.0,  ,    ,38.3
24,02,24,1,阪神,1,02,未勝利,7,ダ,1,1800,稍,パカーラン        ,牡,3,ルメート,57.0,11,02,3,3,0,0.2,2,115.7,"1557",0,2,2,2,1,39.9,478,藤原英昭,栗,140,21105073,05659,01055,0924110202,金子真人ホールディ,社台ファーム,イスラボニータ,ジペッサ,"City Zip",鹿毛,210425,    4.7,  ,    ,45.0
24,02,24,1,阪神,1,02,未勝利,7,ダ,1,1800,稍,トモジャオッシュ  ,牡,3,田口貫太,56.0,11,03,9,9,0,1.2,7,116.7,"1567",0,9,9,9,8,40.1,482,大根田裕,栗,0,21102618,01208,01032,0924110203,吉冨学,絵笛牧場,ホッコータルマエ,ミナスジェライス,マンハッタンカフェ,黒鹿,210217,   34.4,  ,    ,45.5
24,02,24,1,阪神,1,02,未勝利,7,ダ,1,1800,稍,ウインメラナイト  ,牡,3,川又賢治,57.0,11,04,5,5,0,0.4,9,115.9,"1559",0,10,10,10,11,39.1,500,寺島良,栗,55,21106196,01166,01158,0924110204,ウイン,コスモヴューファー,ジャスタウェイ,ウインガーネット,ヴィクトワールピサ,鹿毛,210322,   74.5,  ,    ,48.2
24,02,24,1,阪神,1,02,未勝利,7,ダ,1,1800,稍,シグネチャーセント,牡,3,Ｍ．デム,57.0,11,05,2,2,0,0.2,8,115.7,"1557",0,11,11,11,8,39,482,橋口慎介,栗,220,21105362,05212,01154,0924110205,サンデーレーシング,ノーザンファーム,リオンディーズ,アドマイヤアロマ,ネオユニヴァース,鹿毛,210208,   62.1,  ,    ,48.3
24,02,24,1,阪神,1,02,未勝利,7,ダ,1,1800,稍,カフジテルビウム  ,牡,3,松山弘平,57.0,11,06,7,7,0,0.7,5,116.2,"1562",0,3,3,3,2,40.1,466,杉山佳明,栗,0,21102150,01126,01178,0924110206,加藤守,目黒牧場,シニスターミニスター,バーレーヘッズ,スペシャルウィーク,鹿毛,210525,    7.5,  ,    ,44.9
24,02,24,1,阪神,1,02,未勝利,7,ダ,1,1800,稍,ギマール          ,牡,3,岩田康誠,57.0,11,07,1,1,0,-0.2,4,115.5,"1555",0,4,4,4,4,39.3,458,上村洋行,栗,550,21105931,05203,01168,0924110207,カナヤマホールディ,橋本牧場,カレンブラックヒル,アールヌーヴォー,ブライアンズタイム,栃栗,210209,    5.3,  ,    ,46.9
24,02,24,1,阪神,1,02,未勝利,7,ダ,1,1800,稍,チョウガンバレ    ,牡,3,森裕太朗,57.0,11,08,8,8,0,1.2,3,116.7,"1567",0,4,5,6,4,40.4,476,羽月友彦,栗,0,21106453,01165,01091,0924110208,丸山隆雄,富本茂喜,コパノリッキー,パフュームボム,プリサイスエンド,黒鹿,210410,    4.8,  ,    ,44.4
24,02,24,1,阪神,1,02,未勝利,7,ダ,1,1800,稍,グランオース      ,牡,3,角田大河,56.0,11,09,6,6,0,0.4,1,115.9,"1559",0,7,7,7,8,39.5,504,角田晃一,栗,0,21100620,01199,01121,0924110209,グランホース,大島牧場,マジェスティックウォリアー,レゾリューション,カリズマティック,栗毛,210510,    2.8,  ,    ,46.7
24,02,24,1,阪神,1,02,未勝利,7,ダ,1,1800,稍,マイネルオデーサ  ,牡,3,幸英明,57.0,11,10,4,4,0,0.3,6,115.8,"1558",0,8,8,7,4,39.4,446,宮徹,栗,83,21106844,00732,01018,0924110210,サラブレッドクラブ,ブルースターズファ,キズナ,マイネグレヴィル,ブライアンズタイム,黒鹿,210320,   11.3,  ,    ,47.0
24,02,24,1,阪神,1,02,未勝利,7,ダ,1,1800,稍,ファッシネイトパイ,牡,3,国分優作,57.0,11,11,10,10,0,1.3,10,116.8,"1568",0,4,5,4,4,40.6,484,畑端省吾,栗,0,21103617,01125,01188,0924110211,SSレーシング,岡野牧場,パイロ,ケイティローレル,サクラローレル,青鹿,210427,   77.9,  ,    ,43.8
24,02,24,1,阪神,1,03,未勝利,7,ダ,1,1200,稍,ダイシンオリーブ  ,牝,3,松山弘平,55.0,15,01,13,13,0,3.7,4,76.2,"1162",0,0,0,4,5,39.5,444,森秀行,栗,0,21101837,01126,00427,0924110301,大八木信行,中原牧場,マジェスティックウォリアー,ダイシンキャンディ,アグネスタキオン,鹿毛,210412,   16.4,  ,    ,42.9
24,02,24,1,阪神,1,03,未勝利,7,ダ,1,1200,稍,ヒロアプリオリ    ,牡,3,古川吉洋,57.0,15,02,9,9,0,2.6,13,75.1,"1151",0,0,0,9,13,37.8,446,川村禎彦,栗,0,21101954,01015,01003,0924110302,石川博,広富牧場,サンダースノー,ナリタカサブランカ,ディープインパクト,鹿毛,210410,  314.9,  ,    ,48.7
24,02,24,1,阪神,1,03,未勝利,7,ダ,1,1200,稍,ベストオブキング  ,牡,3,水口優也,57.0,15,03,8,8,0,2.4,14,74.9,"1149",0,0,0,13,10,37.3,478,藤沢則雄,栗,0,21103992,01133,01041,0924110303,グリーンスウォード,高橋フアーム,カリフォルニアクローム,ハニーバニー,メイショウボーラー,鹿毛,210414,  322.8,  ,    ,50.8
24,02,24,1,阪神,1,03,未勝利,7,ダ,1,1200,稍,ミッドナッツソル  ,牝,3,古川奈穂,51.0,15,04,12,12,0,3.5,11,76,"1160",0,0,0,9,10,38.8,436,中村直也,栗,0,21104322,01190,01186,0924110304,ヒダカ・ブリーダー,服部牧場,ビッグアーサー,マザイ,Fasliyev,鹿毛,210430,  137.4,  ,    ,45.9
24,02,24,1,阪神,1,03,未勝利,7,ダ,1,1200,稍,キングクレオール  ,牡,3,川須栄彦,57.0,15,05,3,3,0,1.1,9,73.6,"1136",0,0,0,7,6,36.7,456,和田雄二,美,140,21100506,01128,01143,0924110305,田島榮二郎,元茂牧場,マジェスティックウォリアー,ブルーピアス,ヘクタープロテクター,鹿毛,210306,  120.8,  ,    ,50.5
24,02,24,1,阪神,1,03,未勝利,7,ダ,1,1200,稍,ローガンパス      ,牡,3,ムルザバ,57.0,15,06,1,1,0,-1.1,1,72.5,"1125",0,0,0,1,1,36.5,484,奥村豊,栗,550,21105677,05627,01146,0924110306,シルクレーシング,ノーザンファーム,サトノアラジン,トレジャーステイト,"Oasis Dream",鹿毛,210131,    1.1,  ,    ,48.6
24,02,24,1,阪神,1,03,未勝利,7,ダ,1,1200,稍,タイセイタリスマン,牡,3,松若風馬,57.0,15,07,6,6,0,1.8,8,74.3,"1143",0,0,0,4,4,37.5,448,小栗実,栗,0,21106721,01154,01194,0924110307,田中成奉,パカパカファーム,タリスマニック,オフェーリアシチー,アドマイヤコジーン,芦毛,210323,   69.6,  ,    ,48.1
24,02,24,1,阪神,1,03,未勝利,7,ダ,1,1200,稍,フェールブリエ    ,牡,3,酒井学,57.0,15,08,10,10,0,3,10,75.5,"1155",0,0,0,15,15,36.5,436,鮫島一歩,栗,0,21101128,01034,01046,0924110308,佐々木基,エトルタファーム,バンブーエール,ラベルリュンヌ,トーホウエンペラー,栗毛,210618,  132.9,  ,    ,56.8
24,02,24,1,阪神,1,03,未勝利,7,ダ,1,1200,稍,プレシャスシル    ,牝,3,太宰啓介,55.0,15,09,11,11,0,3.3,15,75.8,"1158",0,0,0,6,6,38.8,418,菊川正達,美,0,21105937,01037,01052,0924110309,橋本善太,橋本牧場,バゴ,プレシャスフラワー,サンデーサイレンス,鹿毛,210318,  330.1,  ,    ,45.4
24,02,24,1,阪神,1,03,未勝利,7,ダ,1,1200,稍,メイショウトコナツ,牝,3,今村聖奈,52.0,15,10,15,15,0,4.6,7,77.1,"1171",0,0,0,9,10,39.6,444,飯田祐史,栗,0,21106852,01193,01139,0924110310,松本好雄,プログレスファーム,ビーチパトロール,メイショウガザニア,キングヘイロー,黒鹿,210310,   61.5,  ,    ,44.7
24,02,24,1,阪神,1,03,未勝利,7,ダ,1,1200,稍,ニホンピロケイ    ,牝,3,田口貫太,54.0,15,11,5,5,0,1.6,5,74.1,"1141",0,0,0,2,3,37.9,478,大橋勇樹,栗,55,21103844,01208,01065,0924110311,小林英一,佐竹学,ニホンピロアワーズ,ニホンピロタルト,オペラハウス,鹿毛,210125,   18.7,  ,    ,45.5
24,02,24,1,阪神,1,03,未勝利,7,ダ,1,1200,稍,メイショウオオコ  ,牡,3,角田大河,56.0,15,12,4,4,0,1.5,3,74,"1140",0,0,0,9,9,36.8,460,荒川義之,栗,83,21102572,01199,01095,0924110312,松本好隆,磯野牧場,メイショウボーラー,デンコウミシオン,メイショウサムソン,黒鹿,210313,   11.4,  ,    ,51.1
24,02,24,1,阪神,1,03,未勝利,7,ダ,1,1200,稍,イエローサファイア,牝,3,中井裕二,55.0,15,13,7,7,0,2,6,74.5,"1145",0,0,0,7,6,37.4,520,高橋亮,栗,0,21104116,01141,01136,0924110313,飯田正剛,千代田牧場,デクラレーションオブウォー,スターオブサファイア,Tapit,芦毛,210317,   60.1,  ,    ,49.2
24,02,24,1,阪神,1,03,未勝利,7,ダ,1,1200,稍,サニースター      ,牡,3,秋山稔樹,56.0,15,14,14,14,0,4.3,12,76.8,"1168",0,0,0,14,14,38.6,488,村山明,栗,0,21104595,01181,01107,0924110314,赤松敬之,山田牧場,パドトロワ,サクラエボル,サクラバクシンオー,鹿毛,210324,  273.9,  ,    ,49.0
24,02,24,1,阪神,1,03,未勝利,7,ダ,1,1200,稍,カズトシクン      ,牡,3,池添謙一,57.0,15,15,2,2,0,1.1,2,73.6,"1136",0,0,0,2,2,37.4,488,渡辺薫彦,栗,220,21100690,01032,01155,0924110315,天野克彦,桑田牧場,リオンディーズ,ルーレットクイーン,ドリームジャーニー,鹿毛,210114,   10.3,  ,    ,46.8
24,02,24,1,阪神,1,04,未勝利,7,ダ,1,1800,稍,レガッタ          ,牡,3,横山典弘,57.0,12,01,3,3,0,1.2,3,115.6,"1556",0,11,11,12,11,38,472,昆貢,栗,140,21102991,00660,01044,0924110401,寺田寿男,辻牧場,デクラレーションオブウォー,スリーベラミ,ディープインパクト,栗毛,210403,    5.3,  ,    ,52.1
24,02,24,1,阪神,1,04,未勝利,7,ダ,1,1800,稍,ユイノサンバンカン,牡,3,今村聖奈,54.0,12,02,4,4,0,1.4,9,115.8,"1558",0,1,1,1,2,39.8,460,深山雅史,美,83,21102819,01193,01174,0924110402,由井健太郎,成隆牧場,アンライバルド,メモリーフェミナ,キャプテンスティーヴ,栗毛,210520,  114.3,  ,    ,45.5
24,02,24,1,阪神,1,04,未勝利,7,ダ,1,1800,稍,チャンミコチョロン,牝,3,秋山稔樹,54.0,12,03,9,9,0,2.8,12,117.2,"1572",0,3,3,4,5,40.8,496,萱野浩二,美,0,21103337,01181,01024,0924110403,ミルファーム,ミルファーム,ジョーカプチーノ,ブリッサ,ブラックホーク,鹿毛,210526,  509.2,  ,    ,43.6
24,02,24,1,阪神,1,04,未勝利,7,ダ,1,1800,稍,シェアホルダーズ  ,牡,3,角田大河,56.0,12,04,2,2,0,0,4,114.4,"1544",0,2,2,2,1,38.4,474,松永幹夫,栗,220,21101250,01199,01092,0924110404,望月雅博,クラウン日高牧場,アルアイン,クラウンフォルテ,ハービンジャー,鹿毛,210224,    9.1,  ,    ,49.0
24,02,24,1,阪神,1,04,未勝利,7,ダ,1,1800,稍,メードス          ,牡,3,岩田望来,57.0,12,05,5,5,0,1.6,2,116,"1560",0,3,3,3,3,39.8,496,上村洋行,栗,55,21104792,01174,01168,0924110405,G1レーシング,追分ファーム,ダイワメジャー,メーデイア,キングヘイロー,鹿毛,210519,    2.6,  ,    ,45.7
24,02,24,1,阪神,1,04,未勝利,7,ダ,1,1800,稍,サンマルウォーリア,牡,3,田口貫太,56.0,12,06,12,12,0,6.4,7,120.8,"2008",0,3,5,10,12,42.9,484,大橋勇樹,栗,0,21102693,01208,01065,0924110406,相馬勇,木戸口牧場,ベストウォーリア,サンマルアリュール,ゴールドアリュール,栗毛,210401,   33.8,  ,    ,40.8
24,02,24,1,阪神,1,04,未勝利,7,ダ,1,1800,稍,メイショウヤスマサ,牡,3,角田大和,56.0,12,07,7,7,0,1.8,6,116.2,"1562",0,9,9,7,5,39.5,468,本田優,栗,0,21103531,01186,01099,0924110407,松本好雄,岡田スタツド,マインドユアビスケッツ,ファーゴ,ハーツクライ,栗毛,210523,   26.8,  ,    ,47.1
24,02,24,1,阪神,1,04,未勝利,7,ダ,1,1800,稍,デルママントラ    ,牡,3,川島信二,57.0,12,08,11,11,0,4.3,10,118.7,"1587",0,7,7,7,8,42,500,畑端省吾,栗,0,21101989,01062,01188,0924110408,浅沼廣幸,ファニーヒルファー,ストロングリターン,デルマセンヒメ,ワークフォース,鹿毛,210602,  117.0,  ,    ,41.3
24,02,24,1,阪神,1,04,未勝利,7,ダ,1,1800,稍,ショウナンラジョア,牝,3,松山弘平,55.0,12,09,10,10,0,3.6,11,118,"1580",0,8,8,6,9,41.2,464,梅田智之,栗,0,21103897,01126,01084,0924110409,国本哲秀,静内フアーム,デクラレーションオブウォー,ショウナンラヴィ,キングカメハメハ,鹿毛,210329,  236.4,  ,    ,43.2
24,02,24,1,阪神,1,04,未勝利,7,ダ,1,1800,稍,エスカルチャ      ,牡,3,幸英明,57.0,12,10,8,8,0,2,8,116.4,"1564",0,10,10,10,9,39.1,522,岡田稲男,栗,0,21101673,00732,01066,0924110410,ゴドルフィン,ダーレー・ジャパン,ファインニードル,デザートチル,"Red Ransom",鹿毛,210501,   95.5,  ,    ,48.8
24,02,24,1,阪神,1,04,未勝利,7,ダ,1,1800,稍,ライスベリー      ,牡,3,松若風馬,57.0,12,11,6,6,0,1.7,5,116.1,"1561",0,11,11,7,5,39.3,476,吉田直弘,栗,0,21101565,01154,01101,0924110411,金子真人ホールディ,スマイルファーム,ドレフォン,ミスパスカリ,"Mr. Greeley",黒鹿,210412,   15.5,  ,    ,47.7
24,02,24,1,阪神,1,04,未勝利,7,ダ,1,1800,稍,フラッシング      ,牡,3,Ｍ．デム,57.0,12,12,1,1,0,0,1,114.4,"1544",0,6,6,4,4,38,476,牧浦充徳,栗,550,21105971,05212,01113,0924110412,マークス,レイクヴィラファー,ドレフォン,プントバンコ,フジキセキ,栗毛,210421,    2.4,  ,    ,50.5
24,02,24,1,阪神,1,05,未勝利,7,芝,0,2000,稍,コーラルムーン    ,牝,3,田口貫太,54.0,13,01,7,7,0,1,8,123.8,"2038",0,1,1,1,2,35.7,438,牧田和弥,栗,0,21104963,01208,01123,0924110501,吉田千津,社台ファーム,キタサンブラック,ウェイクアップマギー,Xaar,鹿毛,210304,   22.3,  ,    ,55.8
24,02,24,1,阪神,1,05,未勝利,7,芝,0,2000,稍,アスクカムオンモア,牡,3,北村友一,57.0,13,02,6,6,0,0.7,7,123.5,"2035",0,10,10,8,8,34.9,502,藤原英昭,栗,0,21105236,01102,01055,0924110502,廣崎利洋HD,社台ファーム,ブリックスアンドモルタル,マキシマムドパリ,キングカメハメハ,芦毛,210403,   13.7,  ,    ,58.8
24,02,24,1,阪神,1,05,未勝利,7,芝,0,2000,稍,ディーガレジェンド,牡,3,松山弘平,57.0,13,03,3,3,0,0.6,6,123.4,"2034",0,2,2,2,1,35.2,458,藤原英昭,栗,140,21105072,01126,01055,0924110503,東豊物産,社台ファーム,モーリス,ジプシーハイウェイ,"High Chaparral",鹿毛,210331,   13.5,  ,    ,57.4
24,02,24,1,阪神,1,05,未勝利,7,芝,0,2000,稍,サンブノワ        ,牡,3,ムルザバ,57.0,13,04,4,4,0,0.7,2,123.5,"2035",0,4,3,4,5,35.1,518,斉藤崇史,栗,83,21105546,05627,01151,0924110504,吉田勝己,ノーザンファーム,ブリックスアンドモルタル,サンティール,ハービンジャー,鹿毛,210118,    4.3,  ,    ,57.9
24,02,24,1,阪神,1,05,未勝利,7,芝,0,2000,稍,ナリタマフディー  ,牝,3,川島信二,55.0,13,05,12,12,0,2.3,11,125.1,"2051",0,3,3,2,2,36.8,478,高橋亮,栗,0,21100775,01062,01136,0924110505,オースミ,鮫川啓一,レイデオロ,オースミハルカ,フサイチコンコルド,栗毛,210511,  220.9,  ,    ,52.8
24,02,24,1,阪神,1,05,未勝利,7,芝,0,2000,稍,ヘザルフェン      ,牡,3,横山典弘,57.0,13,06,5,5,0,0.7,3,123.5,"2035",0,8,7,8,8,34.9,500,昆貢,栗,55,21110022,00660,01044,0924110506,H.H.シェイク・ハム,Godolphin,"Golden Horn",Entertainment,Halling,黒鹿,210314,    8.2,  ,    ,58.8
24,02,24,1,阪神,1,05,未勝利,7,芝,0,2000,稍,カルテメトレス    ,牝,3,加藤祥太,55.0,13,07,13,13,0,3.3,13,126.1,"2061",0,10,10,10,11,37.2,450,梅田智之,栗,0,21106832,01156,01084,0924110507,サラブレッドクラブ,ビッグレッドファー,サトノクラウン,ラフォルジュルネ,スペシャルウィーク,黒鹿,210314,  580.9,  ,    ,52.4
24,02,24,1,阪神,1,05,未勝利,7,芝,0,2000,稍,ヴィーナスウインズ,牝,3,松若風馬,55.0,13,08,8,8,0,1.3,12,124.1,"2041",0,12,12,10,11,35.2,390,鮫島一歩,栗,0,21102688,01154,01046,0924110508,ヒダカ・ブリーダー,ガーベラパークスタ,オルフェーヴル,ノーブルサンズ,ゴールドアリュール,栗毛,210410,  359.7,  ,    ,58.2
24,02,24,1,阪神,1,05,未勝利,7,芝,0,2000,稍,シュガークン      ,牡,3,武豊,57.0,13,09,1,1,0,-0.2,1,122.8,"2028",0,5,5,4,2,34.5,504,清水久詞,栗,550,21102224,00666,01110,0924110509,辻子依旦,ヤナガワ牧場,ドゥラメンテ,シュガーハート,サクラバクシンオー,黒鹿,210305,    1.9,  ,    ,59.7
24,02,24,1,阪神,1,05,未勝利,7,芝,0,2000,稍,セーラス          ,牝,3,古川奈穂,51.0,13,10,9,9,0,1.3,9,124.1,"2041",0,8,9,10,10,35.2,442,矢作芳人,栗,0,21106657,01190,01075,0924110510,ノースヒルズ,ノースヒルズ,キズナ,レリカリオ,"Malibu Moon",青鹿,210227,  108.8,  ,    ,58.2
24,02,24,1,阪神,1,05,未勝利,7,芝,0,2000,稍,シンクグッド      ,牡,3,ルメート,57.0,13,11,10,10,0,1.5,5,124.3,"2043",0,12,12,13,13,35.2,508,中内田充,栗,0,21105778,05659,01137,0924110511,藤田晋,ノーザンファーム,サトノダイヤモンド,ポジティブマインド,"Equal Stripes",鹿毛,210302,   13.3,  ,    ,58.5
24,02,24,1,阪神,1,05,未勝利,7,芝,0,2000,稍,サラトガチップス  ,牡,3,岩田望来,57.0,13,12,2,2,0,0.2,4,123,"2030",0,5,5,4,5,34.6,438,新谷功一,栗,220,21105002,01174,01172,0924110512,吉田千津,社台ファーム,レイデオロ,カレンリスベット,マンハッタンカフェ,黒鹿,210405,   12.3,  ,    ,59.5
24,02,24,1,阪神,1,05,未勝利,7,芝,0,2000,稍,チェルビック      ,牝,3,西村淳也,55.0,13,13,11,11,0,1.8,10,124.6,"2046",0,7,7,7,5,36.1,474,池添学,栗,0,21105460,01171,01144,0924110513,シルクレーシング,ノーザンファーム,アルアイン,オールザウェイベイビー,"Grand Slam",黒鹿,210414,  153.6,  ,    ,55.1
24,02,24,1,阪神,1,06,１勝ｸﾗｽ・牝,23,ダ,1,1800,稍,ヤエベニシダレ    ,牝,4,古川奈穂,51.0,11,01,5,5,0,1.8,7,114.5,"1545",0,11,11,10,9,38.4,456,梅田智之,栗,80,20101077,01190,01084,0924110601,ヒダカ・ブリーダー,清水牧場,ハーツクライ,ロイヤルタバスコ,タバスコキャット,鹿毛,200421,   32.9,  ,    ,49.1
24,02,24,1,阪神,1,06,１勝ｸﾗｽ・牝,23,ダ,1,1800,稍,エクローサ        ,牝,4,国分優作,55.0,11,02,10,10,0,3.7,9,116.4,"1564",0,7,7,7,6,40.8,436,坂口智康,栗,0,20102834,01125,01170,0924110602,吉田千津,社台ファーム,エイシンフラッシュ,クラリスピンク,ネオユニヴァース,青毛,200326,   79.1,  ,    ,42.6
24,02,24,1,阪神,1,06,１勝ｸﾗｽ・牝,23,ダ,1,1800,稍,ゴーフォマームード,牝,4,岩田望来,55.0,11,03,3,3,0,1.1,1,113.8,"1538",0,4,4,3,3,38.6,450,長谷川浩,栗,200,20106473,01174,01173,0924110603,前田剛,笹島智則,ダノンレジェンド,マイネウインク,スペシャルウィーク,鹿毛,200301,    3.3,  ,    ,47.4
24,02,24,1,阪神,1,06,１勝ｸﾗｽ・牝,23,ダ,1,1800,稍,ベファーナ        ,牝,4,西村淳也,55.0,11,04,2,2,0,0.6,4,113.3,"1533",0,10,9,8,6,37.5,492,松下武士,栗,320,20102757,01171,01149,0924110604,グリーンファーム,社台ファーム,エピファネイア,アーヴェイ,"Danehill Dancer",黒鹿,200428,    6.7,  ,    ,51.1
24,02,24,1,阪神,1,06,１勝ｸﾗｽ・牝,23,ダ,1,1800,稍,ワイドアウェイク  ,牝,6,Ｍ．デム,56.0,11,05,4,4,0,1.7,5,114.4,"1544",0,6,6,5,4,39,512,加用正,栗,120,18104571,05212,00425,0924110605,グリーンファーム,社台ファーム,ローエングリン,オープンユアアイズ,ヴィクトワールピサ,栗毛,180218,    8.1,  ,    ,46.7
24,02,24,1,阪神,1,06,１勝ｸﾗｽ・牝,23,ダ,1,1800,稍,フライングバレル  ,牝,6,中井裕二,56.0,11,06,6,6,0,2,10,114.7,"1547",0,3,3,3,4,39.3,470,安田隆行,栗,0,18102586,01141,00438,0924110606,ロードホースクラブ,ケイアイファーム,ロードカナロア,スピニングワイルドキャット,"Hard Spun",鹿毛,180223,   91.2,  ,    ,45.9
24,02,24,1,阪神,1,06,１勝ｸﾗｽ・牝,23,ダ,1,1800,稍,トゥーレツリー    ,牝,5,幸英明,56.0,11,07,9,9,0,3.1,11,115.8,"1558",0,7,7,8,10,39.7,456,小栗実,栗,0,19104733,00732,01194,0924110607,社台レースホース,社台ファーム,キングカメハメハ,コンテッサトゥーレ,ディープインパクト,栗毛,190210,  102.7,  ,    ,45.8
24,02,24,1,阪神,1,06,１勝ｸﾗｽ・牝,23,ダ,1,1800,稍,ウェイビー        ,牝,4,松山弘平,55.0,11,08,7,7,0,2.7,3,115.4,"1554",0,1,1,1,2,40.6,540,西村真幸,栗,0,20104764,01126,01148,0924110608,フジワラ・ファーム,フジワラフアーム,サトノアラジン,パルストリーナ,"Medaglia d'Oro",黒鹿,200515,    3.8,  ,    ,42.1
24,02,24,1,阪神,1,06,１勝ｸﾗｽ・牝,23,ダ,1,1800,稍,プレッジ          ,牝,4,ルメート,55.0,11,09,1,1,0,-0.6,2,112.7,"1527",0,2,2,2,1,37.9,472,中内田充,栗,800,20104472,05659,01137,0924110609,飯田正剛,千代田牧場,ドゥラメンテ,ゴーイントゥザウィンドウ,Tapit,鹿毛,200303,    3.5,  ,    ,48.7
24,02,24,1,阪神,1,06,１勝ｸﾗｽ・牝,23,ダ,1,1800,稍,タマモネモフィラ  ,牝,4,田口貫太,54.0,11,10,8,8,0,3,6,115.7,"1557",0,4,5,5,6,40.2,468,大橋勇樹,栗,0,20103991,01208,01065,0924110610,タマモ,岡田牧場,パイロ,タマモエルドラド,ゴールドアリュール,鹿毛,200307,   19.5,  ,    ,43.9
24,02,24,1,阪神,1,06,１勝ｸﾗｽ・牝,23,ダ,1,1800,稍,キスオンザチーク  ,牝,4,松若風馬,55.0,11,11,0,0,4,999.9,8,0,"----",0,9,10,11,11,0,508,小崎憲,栗,0,20102790,01154,01085,0924110611,社台レースホース,社台ファーム,Curlin,エスキモーキセス,"To Honor and Serve",栗毛,200222,   49.3,  ,    , 0.0
24,02,24,1,阪神,1,07,１勝ｸﾗｽ,23,芝,8,1600,稍,ヨウシタンレイ    ,牝,4,今村聖奈,53.0,17,01,3,3,0,0.4,6,93.7,"1337",0,0,0,1,1,34.9,464,松永昌博,栗,200,20103969,01193,01083,0924110701,中内田克二,岡田猛,サトノアラジン,フレイムミーティア,ファンタスティックライト,鹿毛,200122,   20.2,  ,    ,51.1
24,02,24,1,阪神,1,07,１勝ｸﾗｽ,23,芝,8,1600,稍,トレチーメ        ,牡,4,ルメート,58.0,17,02,4,4,0,0.5,3,93.8,"1338",0,0,0,4,6,34.7,526,中内田充,栗,120,20101147,05659,01137,0924110702,金子真人ホールディ,坂東牧場,モーリス,ポップコーンジャズ,ダンスインザダーク,鹿毛,200416,    5.3,  ,    ,52.2
24,02,24,1,阪神,1,07,１勝ｸﾗｽ,23,芝,8,1600,稍,タガノミア        ,牝,5,角田大河,55.0,17,03,8,8,0,0.8,9,94.1,"1341",0,0,0,2,2,35.2,466,河内洋,栗,0,19100548,01199,01072,0924110703,八木良司,新冠タガノファーム,ザファクター,タガノラヴキセキ,フジキセキ,鹿毛,190317,   35.1,  ,    ,50.4
24,02,24,1,阪神,1,07,１勝ｸﾗｽ,23,芝,8,1600,稍,オーシャントライブ,牡,4,ムルザバ,58.0,17,04,2,2,0,0.1,5,93.4,"1334",0,0,0,12,11,34,460,高柳大輔,栗,320,20103538,05627,01159,0924110704,サンデーレーシング,ノーザンファーム,ルーラーシップ,パープルセイル,フジキセキ,鹿毛,200328,    9.9,  ,    ,54.8
24,02,24,1,阪神,1,07,１勝ｸﾗｽ,23,芝,8,1600,稍,イヴィステラ      ,牝,5,岩田康誠,56.0,17,05,11,11,0,0.9,16,94.2,"1342",0,0,0,15,14,34.6,468,小島茂之,美,0,19105334,05203,01068,0924110705,佐々木主浩,ノーザンファーム,ハーツクライ,ハルーワスウィート,Machiavellian,黒鹿,190201,  152.0,  ,    ,53.4
24,02,24,1,阪神,1,07,１勝ｸﾗｽ,23,芝,8,1600,稍,パルクリチュード  ,牝,4,西村淳也,56.0,17,06,5,5,0,0.6,2,93.9,"1339",0,0,0,6,4,34.9,446,松永幹夫,栗,80,20103361,01171,01092,0924110706,キャロットファーム,ノーザンファーム,"Gun Runner",グローバルビューティ,"Global Hunter",栗毛,200521,    4.2,  ,    ,51.4
24,02,24,1,阪神,1,07,１勝ｸﾗｽ,23,芝,8,1600,稍,コントディヴェール,牝,5,酒井学,56.0,17,07,10,10,0,0.9,7,94.2,"1342",0,0,0,12,11,34.8,502,清水久詞,栗,0,19100618,01034,01110,0924110707,前田幸治,ノースヒルズ,ブラックタイド,ヴァイセフラウ,キングカメハメハ,芦毛,190413,   30.6,  ,    ,52.4
24,02,24,1,阪神,1,07,１勝ｸﾗｽ,23,芝,8,1600,稍,レガーミ          ,牝,5,古川吉洋,56.0,17,08,17,17,0,2.6,17,95.9,"1359",0,0,0,4,4,36.9,526,木原一良,栗,0,19103813,01015,01033,0924110708,名古屋友豊,辻牧場,ハーツクライ,アクアシャンデリア,Galileo,芦毛,190505,  374.3,  ,    ,45.9
24,02,24,1,阪神,1,07,１勝ｸﾗｽ,23,芝,8,1600,稍,ロードスパイラル  ,牡,4,岩田望来,58.0,17,09,12,12,0,1,12,94.3,"1343",0,0,0,17,17,34.4,498,清水久詞,栗,0,20100144,01174,01110,0924110709,ロードホースクラブ,ケイアイファーム,キタサンブラック,エンジェリックレイ,ダイワメジャー,鹿毛,200202,   72.1,  ,    ,54.5
24,02,24,1,阪神,1,07,１勝ｸﾗｽ,23,芝,8,1600,稍,ウインバリオス    ,牡,5,Ｍ．デム,58.0,17,10,9,9,0,0.9,13,94.2,"1342",0,0,0,6,8,35,480,加用正,栗,0,19100195,05212,00425,0924110710,ウイン,コスモヴューファー,ドゥラメンテ,ウインアキレア,コンデュイット,鹿毛,190316,  105.9,  ,    ,51.5
24,02,24,1,阪神,1,07,１勝ｸﾗｽ,23,芝,8,1600,稍,デッドリー        ,牝,4,中井裕二,56.0,17,11,6,6,0,0.7,8,94,"1340",0,0,0,9,8,34.8,448,中内田充,栗,0,20110154,01141,01137,0924110711,H.H.シェイク・ファ,"The Heartless Part","Roaring Lion",Heartless,"New Approach",芦毛,200131,   31.0,  ,    ,52.1
24,02,24,1,阪神,1,07,１勝ｸﾗｽ,23,芝,8,1600,稍,ダノンブリザード  ,牡,5,松山弘平,58.0,17,12,13,13,0,2,1,95.3,"1353",0,0,0,6,6,36.2,502,池江泰寿,栗,0,19101618,01126,01071,0924110712,ダノックス,下河辺牧場,ディープインパクト,コンクエストハーラネイト,"Harlan's Holiday",鹿毛,190218,    2.5,  ,    ,48.0
24,02,24,1,阪神,1,07,１勝ｸﾗｽ,23,芝,8,1600,稍,ドリアード        ,牝,6,田口貫太,55.0,17,13,16,16,0,2.1,10,95.4,"1354",0,0,0,9,11,36,482,佐々木晶,栗,0,18106425,01208,00429,0924110713,ヒダカ・ブリーダー,日進牧場,キズナ,ナイアード,ワイルドラッシュ,青鹿,180501,   62.9,  ,    ,49.0
24,02,24,1,阪神,1,07,１勝ｸﾗｽ,23,芝,8,1600,稍,ポルトドール      ,牡,4,幸英明,58.0,17,14,14,14,0,2.1,15,95.4,"1354",0,0,0,9,8,36.2,460,小栗実,栗,0,20102728,00732,01194,0924110714,G1レーシング,社台コーポレーショ,モーリス,レクレドール,サンデーサイレンス,栗毛,200417,  144.8,  ,    ,48.1
24,02,24,1,阪神,1,07,１勝ｸﾗｽ,23,芝,8,1600,稍,スイープアワーズ  ,牡,4,武豊,58.0,17,15,1,1,0,-0.1,4,93.3,"1333",0,0,0,14,14,33.7,440,友道康夫,栗,800,20103428,00666,01061,0924110715,大塚亮一,ノーザンファーム,ディープインパクト,スイープトウショウ,エンドスウィープ,鹿毛,200227,    8.4,  ,    ,56.1
24,02,24,1,阪神,1,07,１勝ｸﾗｽ,23,芝,8,1600,稍,メイショウタクボク,牡,4,太宰啓介,58.0,17,16,7,7,0,0.7,14,94,"1340",0,0,0,15,14,34.5,460,高橋亮,栗,0,20104000,01037,01136,0924110716,松本好隆,岡田牧場,モーリス,フォースデラネイチャー,"Scat Daddy",青鹿,200425,  141.4,  ,    ,53.5
24,02,24,1,阪神,1,07,１勝ｸﾗｽ,23,芝,8,1600,稍,ダークモード      ,牡,4,北村友一,58.0,17,17,15,15,0,2.1,11,95.4,"1354",0,0,0,2,2,36.5,490,藤岡健一,栗,0,20110052,01102,01062,0924110717,ゴドルフィン,"Paul & Billy McEne","Dark Angel","Royal Majestic",Tobougg,鹿毛,200118,   63.5,  ,    ,46.8
24,02,24,1,阪神,1,08,２勝ｸﾗｽ,43,ダ,1,1200,稍,パロットビーク    ,牝,6,ルメート,56.0,16,01,15,15,0,1.8,6,73.5,"1135",0,0,0,3,6,37.9,462,西園翔太,栗,0,18105495,05659,01196,0924110801,社台レースホース,社台コーポレーショ,ハーツクライ,クリアンサス,"Redoute's Choice",黒鹿,180110,   14.6,  ,    ,43.9
24,02,24,1,阪神,1,08,２勝ｸﾗｽ,43,ダ,1,1200,稍,フォルティーナ    ,牝,4,酒井学,56.0,16,02,10,10,0,1.1,12,72.8,"1128",0,0,0,7,8,37,428,石橋守,栗,0,20100530,01034,01140,0924110802,猪又晶介,山野牧場,ミッキーアイル,ワンダフルタイム,サウスヴィグラス,栗毛,200310,  155.5,  ,    ,46.8
24,02,24,1,阪神,1,08,２勝ｸﾗｽ,43,ダ,1,1200,稍,サウンドサンビーム,牡,7,幸英明,58.0,16,03,6,6,0,0.7,7,72.4,"1124",0,0,0,12,10,36.1,494,安達昭夫,栗,0,17106394,00732,01042,0924110803,増田雄一,三嶋牧場,ヘニーヒューズ,ハートアンドハート,ハーツクライ,黒鹿,170315,   27.2,  ,    ,50.6
24,02,24,1,阪神,1,08,２勝ｸﾗｽ,43,ダ,1,1200,稍,ヒビキ            ,牡,4,西村淳也,58.0,16,04,7,7,0,0.8,4,72.5,"1125",0,0,0,1,1,37.3,500,辻野泰之,栗,0,20105517,01171,01183,0924110804,石川達絵,長浜牧場,ドゥラメンテ,ジプシーマイラブ,Manduro,青鹿,200325,    7.1,  ,    ,44.4
24,02,24,1,阪神,1,08,２勝ｸﾗｽ,43,ダ,1,1200,稍,ブルーノート      ,牡,5,松若風馬,58.0,16,05,5,5,0,0.7,14,72.4,"1124",0,0,0,9,10,36.3,508,梅田智之,栗,114,19100871,01154,01084,0924110805,薪浦州平,松浦牧場,コパノリッキー,ハニードント,クロフネ,栗毛,190228,  207.5,  ,    ,49.4
24,02,24,1,阪神,1,08,２勝ｸﾗｽ,43,ダ,1,1200,稍,ストリンジェンド  ,牡,4,ムルザバ,58.0,16,06,2,2,0,0.4,2,72.1,"1121",0,0,0,3,3,36.4,474,音無秀孝,栗,460,20102702,05627,01002,0924110806,キャロットファーム,社台コーポレーショ,キンシャサノキセキ,フォルテピアノ,フレンチデピュティ,鹿毛,200205,    3.6,  ,    ,48.1
24,02,24,1,阪神,1,08,２勝ｸﾗｽ,43,ダ,1,1200,稍,ゴッドセンド      ,牡,4,松山弘平,58.0,16,07,1,1,0,-0.4,5,71.7,"1117",0,0,0,2,2,36.3,496,浜田多実,栗,1140,20104469,01126,01138,0924110807,カナヤマホールディ,千代田牧場,アジアエクスプレス,ギフトオブザラック,ディープインパクト,鹿毛,200327,   10.6,  ,    ,47.5
24,02,24,1,阪神,1,08,２勝ｸﾗｽ,43,ダ,1,1200,稍,アーサーテソーロ  ,牡,5,池添謙一,58.0,16,08,9,9,0,1.1,8,72.8,"1128",0,0,0,9,8,36.7,524,栗田徹,美,0,19106581,01032,01127,0924110808,了徳寺健二ホールデ,フジワラフアーム,パイロ,サトノベリーニ,キングカメハメハ,栗毛,190330,   54.9,  ,    ,48.4
24,02,24,1,阪神,1,08,２勝ｸﾗｽ,43,ダ,1,1200,稍,オカリナ          ,牡,7,太宰啓介,58.0,16,09,11,11,0,1.2,9,72.9,"1129",0,0,0,15,13,36.3,536,宮徹,栗,0,17101726,01037,01018,0924110809,八木秀之,新冠タガノファーム,グランプリボス,タガノティアーズ,タニノギムレット,栗毛,170327,   76.1,  ,    ,50.8
24,02,24,1,阪神,1,08,２勝ｸﾗｽ,43,ダ,1,1200,稍,チャーミングアクト,牝,7,今村聖奈,53.0,16,10,12,12,0,1.4,15,73.1,"1131",0,0,0,16,16,36,466,飯田雄三,栗,0,17105070,01193,01050,0924110810,橋本浩,社台コーポレーショ,ヴァンセンヌ,アルーリングアクト,"End Sweep",鹿毛,170318,  329.0,  ,    ,53.1
24,02,24,1,阪神,1,08,２勝ｸﾗｽ,43,ダ,1,1200,稍,シラキヌ          ,牝,5,秋山稔樹,55.0,16,11,3,3,0,0.6,3,72.3,"1123",0,0,0,3,3,36.7,500,小林真也,栗,290,19110013,01181,01185,0924110811,ゴドルフィン,"Darsan Inc. and Go",Frosted,"Meets Expectations","Valid Expectations",芦毛,190405,    4.1,  ,    ,47.0
24,02,24,1,阪神,1,08,２勝ｸﾗｽ,43,ダ,1,1200,稍,プレイテシア      ,牝,5,田口貫太,55.0,16,12,4,4,0,0.6,10,72.3,"1123",0,0,0,7,6,36.5,424,羽月友彦,栗,170,19102491,01208,01091,0924110812,水上行雄,笠松牧場,ドレフォン,プリオバーン,Galileo,栗毛,190121,  110.7,  ,    ,48.1
24,02,24,1,阪神,1,08,２勝ｸﾗｽ,43,ダ,1,1200,稍,テイエムファルコン,牡,7,鮫島良太,58.0,16,13,8,8,0,1,16,72.7,"1127",0,0,0,12,13,36.3,522,飯田雄三,栗,0,17102599,01099,01050,0924110813,竹園正繼,本桐牧場,スマートファルコン,アペラシオン,アドマイヤムーン,栗毛,170512,  393.4,  ,    ,50.3
24,02,24,1,阪神,1,08,２勝ｸﾗｽ,43,ダ,1,1200,稍,キモンリッキー    ,牡,5,古川奈穂,54.0,16,14,14,14,0,1.6,13,73.3,"1133",0,0,0,14,15,36.6,498,村山明,栗,0,19106449,01190,01107,0924110814,小林祥晃,西村牧場,コパノリッキー,キモンレッド,サウスヴィグラス,栗毛,190408,  173.0,  ,    ,50.3
24,02,24,1,阪神,1,08,２勝ｸﾗｽ,43,ダ,1,1200,稍,メイショウツワブキ,牝,6,角田大河,55.0,16,15,16,16,0,1.9,11,73.6,"1136",0,0,0,6,3,37.9,482,松永昌博,栗,0,18105847,01199,01083,0924110815,松本好雄,赤田牧場,メイショウボーラー,メイショウイザヨイ,オレハマッテルゼ,栗毛,180409,  114.6,  ,    ,44.2
24,02,24,1,阪神,1,08,２勝ｸﾗｽ,43,ダ,1,1200,稍,エメラルドビーチ  ,牡,4,岩田望来,58.0,16,16,13,13,0,1.5,1,73.2,"1132",0,0,0,11,12,36.8,532,大久保龍,栗,0,20110055,01174,01058,0924110816,ゴドルフィン,"Roland H. Alder",Gleneagles,"Sea Chanter","War Chant",鹿毛,200410,    3.1,  ,    ,48.9
24,02,24,1,阪神,1,09,すみれＳ(L),115,芝,0,2200,良,ショウナンハウル  ,牡,3,松若風馬,57.0,10,01,9,9,0,1.5,10,133.5,"2135",0,10,10,9,9,35.3,498,松下武士,栗,0,21105867,01154,01149,0924110901,国本哲秀,ノーザンファーム,レイデオロ,リンフォルツァンド,ディープインパクト,鹿毛,210128,  113.9,  ,    ,54.3
24,02,24,1,阪神,1,09,すみれＳ(L),115,芝,0,2200,良,ジューンテイク    ,牡,3,岩田望来,57.0,10,02,2,2,0,0.3,3,132.3,"2123",0,7,7,8,7,34.4,488,武英智,栗,800,21100913,01174,01161,0924110902,吉川潤,ヒダカフアーム,キズナ,アドマイヤサブリナ,シンボリクリスエス,黒鹿,210327,    6.0,  ,    ,56.7
24,02,24,1,阪神,1,09,すみれＳ(L),115,芝,0,2200,良,メリオーレム      ,牡,3,西村淳也,57.0,10,03,3,3,0,0.8,1,132.8,"2128",0,5,5,6,6,35.2,492,友道康夫,栗,500,21104791,01171,01061,0924110903,G1レーシング,追分ファーム,シュヴァルグラン,メリオーラ,Starspangledbanner,鹿毛,210323,    3.2,  ,    ,54.0
24,02,24,1,阪神,1,09,すみれＳ(L),115,芝,0,2200,良,ホウオウプロサンゲ,牡,3,ムルザバ,57.0,10,04,7,7,0,1.1,4,133.1,"2131",0,5,5,6,7,35.4,490,矢作芳人,栗,0,21105623,05627,01075,0924110904,小笹芳央,ノーザンファーム,キズナ,セルキス,Monsun,青鹿,210306,    7.2,  ,    ,53.5
24,02,24,1,阪神,1,09,すみれＳ(L),115,芝,0,2200,良,カーメルタザイト  ,牡,3,北村友一,57.0,10,05,5,5,0,0.9,8,132.9,"2129",0,8,8,9,9,34.8,466,安田翔伍,栗,200,21105803,01102,01164,0924110905,サンデーレーシング,ノーザンファーム,サトノダイヤモンド,ミスティーク2,Monsun,鹿毛,210402,   15.0,  ,    ,55.7
24,02,24,1,阪神,1,09,すみれＳ(L),115,芝,0,2200,良,ジンセイ          ,牡,3,武豊,57.0,10,06,4,4,0,0.8,5,132.8,"2128",0,3,3,4,3,35.3,490,庄野靖志,栗,300,21104646,00666,01087,0924110906,幅田京子,新井牧場,ジャスタウェイ,コマノレジェンド,ストリートセンス,鹿毛,210322,   12.5,  ,    ,53.6
24,02,24,1,阪神,1,09,すみれＳ(L),115,芝,0,2200,良,ウィープディライト,牡,3,松山弘平,57.0,10,07,10,10,0,1.6,9,133.6,"2136",0,3,4,4,3,36.1,508,池添学,栗,0,21105412,01126,01144,0924110907,DMMドリームクラブ,ノーザンファーム,ドゥラメンテ,ウィープノーモア,Mineshaft,鹿毛,210207,   16.1,  ,    ,51.3
24,02,24,1,阪神,1,09,すみれＳ(L),115,芝,0,2200,良,ミカエルパシャ    ,牡,3,池添謙一,57.0,10,08,6,6,0,1,2,133,"2130",0,1,1,2,2,36,480,橋口慎介,栗,0,21101751,01032,01154,0924110908,迫田三果子,チャンピオンズファ,エピファネイア,ピースオブラヴ,マイネルラヴ,黒鹿,210326,    3.6,  ,    ,51.0
24,02,24,1,阪神,1,09,すみれＳ(L),115,芝,0,2200,良,サンライズアース  ,牡,3,Ｍ．デム,57.0,10,09,1,1,0,-0.3,7,132,"2120",0,9,9,1,1,35,542,石坂公一,栗,2000,21105560,05212,01166,0924110909,ライフハウス,ノーザンファーム,レイデオロ,シャンドランジュ,マンハッタンカフェ,栗毛,210206,   14.2,  ,    ,53.9
24,02,24,1,阪神,1,09,すみれＳ(L),115,芝,0,2200,良,ヴィレム          ,牡,3,ルメート,57.0,10,10,8,8,0,1.2,6,133.2,"2132",0,2,2,2,3,35.9,516,藤原英昭,栗,0,21106738,05659,01055,0924110910,フクキタル,パカパカファーム,キズナ,ポウリナズラヴ,"Mizzen Mast",鹿毛,210322,   12.5,  ,    ,51.6
24,02,24,1,阪神,1,10,伊丹Ｓ･3勝,67,ダ,1,1800,稍,テーオーグランビル,牡,4,岩田望来,57.0,13,01,3,3,0,0.5,4,112.4,"1524",0,4,5,6,8,36.7,502,上村洋行,栗,460,20110081,01174,01168,0924111001,小笹公也,"Mishima Stud LTD.",Lea,"All in Fun",Tapit,栗毛,200407,    5.9,  ,    ,53.1
24,02,24,1,阪神,1,10,伊丹Ｓ･3勝,67,ダ,1,1800,稍,ヒミノフラッシュ  ,牡,6,古川吉洋,58.0,13,02,7,7,0,1.3,13,113.2,"1532",0,10,9,10,11,37.3,558,川村禎彦,栗,0,18101337,01015,01003,0924111002,佐々木八郎,原田新治,エイシンフラッシュ,ヒミノプリンセス,マンハッタンカフェ,黒鹿,180410,  309.3,  ,    ,51.7
24,02,24,1,阪神,1,10,伊丹Ｓ･3勝,67,ダ,1,1800,稍,ロッキーサンダー  ,牡,7,角田大河,58.0,13,03,8,8,0,1.3,11,113.2,"1532",0,10,9,6,8,37.4,488,石橋守,栗,0,17105982,01199,01140,0924111003,原田豊,杵臼牧場,ダンカーク,スウィングダンス,クロフネ,鹿毛,170318,   63.1,  ,    ,51.3
24,02,24,1,阪神,1,10,伊丹Ｓ･3勝,67,ダ,1,1800,稍,マイネルクロンヌ  ,牡,7,ルメート,58.0,13,04,6,6,0,1.2,10,113.1,"1531",0,6,6,6,7,37.5,506,青木孝文,美,0,17102952,05659,01156,0924111004,サラブレッドクラブ,小島牧場,オルフェーヴル,ナナヨーティアラ,マイネルラヴ,鹿毛,170304,   59.5,  ,    ,50.8
24,02,24,1,阪神,1,10,伊丹Ｓ･3勝,67,ダ,1,1800,稍,グーデンドラーク  ,牡,5,ムルザバ,58.0,13,05,2,2,0,0.4,3,112.3,"1523",0,2,2,4,4,36.8,522,池添学,栗,740,19105416,05627,01144,0924111005,サンデーレーシング,ノーザンファーム,ハーツクライ,ベルスリーブ,シンボリクリスエス,黒鹿,190329,    4.6,  ,    ,52.6
24,02,24,1,阪神,1,10,伊丹Ｓ･3勝,67,ダ,1,1800,稍,モズマゾク        ,牡,6,秋山稔樹,58.0,13,06,12,12,0,2.2,12,114.1,"1541",0,8,8,6,6,38.5,516,杉山佳明,栗,0,18101075,01181,01178,0924111006,キャピタル・システ,前野牧場,グランプリボス,モズアリュール,ゴールドアリュール,青毛,180304,  175.5,  ,    ,48.2
24,02,24,1,阪神,1,10,伊丹Ｓ･3勝,67,ダ,1,1800,稍,サンデーファンデー,牡,4,松若風馬,57.0,13,07,1,1,0,-0.4,1,111.9,"1519",0,2,2,2,2,36.6,518,音無秀孝,栗,1840,20104136,01154,01002,0924111007,吉澤ホールディング,グランド牧場,スズカコーズウェイ,ファーストレディ,スマートボーイ,鹿毛,200512,    3.4,  ,    ,52.9
24,02,24,1,阪神,1,10,伊丹Ｓ･3勝,67,ダ,1,1800,稍,アスクビックスター,牡,5,古川奈穂,58.0,13,08,11,11,0,2,9,113.9,"1539",0,9,11,11,12,37.8,482,矢作芳人,栗,0,19106414,01190,01075,0924111008,廣崎利洋HD,飛野牧場,キングカメハメハ,パープル,Galileo,鹿毛,190329,   47.5,  ,    ,50.7
24,02,24,1,阪神,1,10,伊丹Ｓ･3勝,67,ダ,1,1800,稍,イーサンバーニング,牡,5,西村淳也,58.0,13,09,9,9,0,1.4,5,113.3,"1533",0,12,12,11,8,37.2,500,中野栄治,美,0,19104192,01171,01010,0924111009,国本勇,山春牧場,ホッコータルマエ,ターキッシュブルー,カリズマティック,鹿毛,190429,   12.3,  ,    ,52.3
24,02,24,1,阪神,1,10,伊丹Ｓ･3勝,67,ダ,1,1800,稍,メイショウモズ    ,牡,4,幸英明,57.0,13,10,13,13,0,2.3,8,114.2,"1542",0,13,13,13,12,37.8,512,松永昌博,栗,0,20106196,00732,01083,0924111010,松本好雄,赤田牧場,トランセンド,エメラルドタワー,アドマイヤマックス,鹿毛,200331,   29.3,  ,    ,51.1
24,02,24,1,阪神,1,10,伊丹Ｓ･3勝,67,ダ,1,1800,稍,ジュタロウ        ,牡,5,武豊,58.0,13,11,4,4,0,0.6,2,112.5,"1525",0,4,4,3,3,37.1,498,河内洋,栗,280,19110053,00666,01072,0924111011,芳賀美知子,"Breffni Farm",Arrogate,"Bodacious Babe",Mineshaft,黒鹿,190217,    3.6,  ,    ,51.6
24,02,24,1,阪神,1,10,伊丹Ｓ･3勝,67,ダ,1,1800,稍,ホウオウフウジン  ,牡,5,松山弘平,58.0,13,12,5,5,0,0.8,7,112.7,"1527",0,1,1,1,1,37.5,530,矢作芳人,栗,184,19105032,01126,01075,0924111012,小笹芳央,ノーザンファーム,ロードカナロア,アゲヒバリ,クロフネ,芦毛,190321,   16.0,  ,    ,50.3
24,02,24,1,阪神,1,10,伊丹Ｓ･3勝,67,ダ,1,1800,稍,ジョディーズマロン,牡,6,池添謙一,58.0,13,13,10,10,0,1.7,6,113.6,"1536",0,6,6,4,4,38.1,474,北出成人,栗,0,18101989,01032,01078,0924111013,ローレルレーシング,新冠橋本牧場,ディスクリートキャット,ジョディーズロマン,サムライハート,栗毛,180221,   15.5,  ,    ,49.1
24,02,24,1,阪神,1,11,仁川ＳＨ(L),115,ダ,1,2000,稍,リチュアル        ,セ,5,酒井学,55.0,16,01,6,6,0,0.3,10,125.1,"2051",0,5,5,5,5,38.2,514,田中克典,栗,0,19106748,01034,01180,0924111101,長谷川祐司,矢野牧場,キングカメハメハ,メイデイローズ,"Rockport Harbor",黒鹿,190305,   26.3,  ,    ,47.5
24,02,24,1,阪神,1,11,仁川ＳＨ(L),115,ダ,1,2000,稍,オーロイプラータ  ,牡,4,ルメート,56.0,16,02,7,7,0,0.5,2,125.3,"2053",0,13,13,10,10,37.8,548,宮本博,栗,0,20103308,05659,01073,0924111102,吉田勝己,ノーザンファーム,リアルインパクト,カリスペル,Singspiel,鹿毛,200422,    3.7,  ,    ,49.2
24,02,24,1,阪神,1,11,仁川ＳＨ(L),115,ダ,1,2000,稍,ショウナンバシット,牡,4,岩田康誠,55.0,16,03,9,9,0,0.6,9,125.4,"2054",0,8,8,7,5,38.4,500,須貝尚介,栗,0,20103333,05203,01105,0924111103,国本哲秀,ノーザンファーム,シルバーステート,ギエム,"Medaglia d'Oro",鹿毛,200214,   20.3,  ,    ,47.1
24,02,24,1,阪神,1,11,仁川ＳＨ(L),115,ダ,1,2000,稍,ヴィジョンオブラヴ,牡,9,池添謙一,53.0,16,04,11,11,0,0.9,13,125.7,"2057",0,16,15,13,14,37.9,506,新開幸一,美,0,15100274,01032,01116,0924111104,大塚亮一,佐藤牧場,キングヘイロー,ベストフューチャー,ロージズインメイ,青鹿,150309,  204.4,  ,    ,49.3
24,02,24,1,阪神,1,11,仁川ＳＨ(L),115,ダ,1,2000,稍,ウェルカムニュース,牡,5,ムルザバ,57.0,16,05,2,2,0,0,4,124.8,"2048",0,2,2,4,3,38.1,512,池江泰寿,栗,960,19105537,05627,01071,0924111105,吉田勝己,ノーザンファーム,サトノアラジン,レジェンドトレイル,フレンチデピュティ,鹿毛,190419,    8.7,  ,    ,47.5
24,02,24,1,阪神,1,11,仁川ＳＨ(L),115,ダ,1,2000,稍,ゼットリアン      ,牡,4,西村淳也,56.0,16,06,4,4,0,0.2,5,125,"2050",0,7,7,8,8,37.7,438,吉田直弘,栗,360,20104760,01171,01101,0924111106,フォーレスト,フジワラフアーム,モーリス,ネオシルヴィア,ネオユニヴァース,鹿毛,200513,   12.4,  ,    ,49.2
24,02,24,1,阪神,1,11,仁川ＳＨ(L),115,ダ,1,2000,稍,ゲンパチルシファー,牡,8,田口貫太,57.0,16,07,14,14,0,1.7,16,126.5,"2065",0,8,8,10,11,39.1,528,佐々木晶,栗,0,16101745,01208,00429,0924111107,平野武志,カナイシスタッド,トゥザグローリー,ラブリイステラ,クロフネ,鹿毛,160330,  277.2,  ,    ,45.8
24,02,24,1,阪神,1,11,仁川ＳＨ(L),115,ダ,1,2000,稍,フルヴォート      ,牡,6,幸英明,55.0,16,08,5,5,0,0.3,8,125.1,"2051",0,8,8,8,7,37.8,506,西村真幸,栗,240,18105350,00732,01148,0924111108,キャロットファーム,ノーザンファーム,ヘニーヒューズ,リーチコンセンサス,フレンチデピュティ,鹿毛,180222,   17.3,  ,    ,49.0
24,02,24,1,阪神,1,11,仁川ＳＨ(L),115,ダ,1,2000,稍,ラインオブソウル  ,牡,5,松若風馬,54.0,16,09,12,12,0,1.6,11,126.4,"2064",0,15,15,16,14,38.5,508,音無秀孝,栗,0,19105993,01154,01002,0924111109,吉澤ホールディング,グランド牧場,シニスターミニスター,ファーストレディ,スマートボーイ,鹿毛,190224,   37.3,  ,    ,47.8
24,02,24,1,阪神,1,11,仁川ＳＨ(L),115,ダ,1,2000,稍,レッドジェネシス  ,セ,6,角田大和,56.0,16,10,15,15,0,4.1,15,128.9,"2089",0,11,11,10,16,41.4,504,小林真也,栗,0,18105343,01186,01185,0924111110,東京ホースレーシン,ノーザンファーム,ディープインパクト,リュズキナ,"Storm Cat",鹿毛,180317,  274.7,  ,    ,40.6
24,02,24,1,阪神,1,11,仁川ＳＨ(L),115,ダ,1,2000,稍,バハルダール      ,牡,5,松山弘平,56.0,16,11,16,16,0,4.2,3,129,"2090",0,1,1,1,3,42.6,512,池江泰寿,栗,0,19110015,01126,01071,0924111111,G1レーシング,"Shadai Corporation","Pioneerof the Nile",Llanarmon,"Sky Mesa",黒鹿,190428,    7.8,  ,    ,36.9
24,02,24,1,阪神,1,11,仁川ＳＨ(L),115,ダ,1,2000,稍,エナハツホ        ,牝,5,古川吉洋,53.0,16,12,8,8,0,0.5,14,125.3,"2053",0,13,13,13,11,37.7,454,吉田直弘,栗,0,19100094,01015,01101,0924111112,宮原廣伸,大狩部牧場,トビーズコーナー,タイセイゴディス,ステイゴールド,栗毛,190423,  222.2,  ,    ,49.6
24,02,24,1,阪神,1,11,仁川ＳＨ(L),115,ダ,1,2000,稍,ヒロイックテイル  ,セ,7,太宰啓介,56.0,16,13,13,13,0,1.7,12,126.5,"2065",0,5,5,5,8,39.4,494,本田優,栗,0,17104867,01037,01099,0924111113,吉田照哉,社台ファーム,スクリーンヒーロー,パーソナルレジェンド,"Awesome Again",栗毛,170507,  169.5,  ,    ,44.7
24,02,24,1,阪神,1,11,仁川ＳＨ(L),115,ダ,1,2000,稍,ダイシンピスケス  ,牡,6,岩田望来,55.0,16,14,1,1,0,0,6,124.8,"2048",0,2,2,2,1,38.4,514,森秀行,栗,2400,18100830,01174,00427,0924111114,大八木信行,中原牧場,マジェスティックウォリアー,ダイシンキャンディ,アグネスタキオン,鹿毛,180301,   12.6,  ,    ,46.4
24,02,24,1,阪神,1,11,仁川ＳＨ(L),115,ダ,1,2000,稍,ビヨンドザファザー,牡,5,Ｍ．デム,56.0,16,15,10,10,0,0.8,7,125.6,"2056",0,12,11,13,13,38,520,藤岡健一,栗,0,19101613,05212,01062,0924111115,スリーエイチレーシ,下河辺牧場,Curlin,ガリレオズソング,Galileo,鹿毛,190204,   15.8,  ,    ,48.8
24,02,24,1,阪神,1,11,仁川ＳＨ(L),115,ダ,1,2000,稍,アイコンテーラー  ,牝,6,武豊,57.0,16,16,3,3,0,0.1,1,124.9,"2049",0,4,4,3,2,38.4,476,河内洋,栗,600,18104240,00666,01072,0924111116,中西浩一,畠山牧場,ドゥラメンテ,ボイルトウショウ,ケイムホーム,栗毛,180502,    3.0,  ,    ,46.5
24,02,24,1,阪神,1,12,２勝ｸﾗｽ,43,芝,0,1200,良,ヴィアドロローサ  ,牡,5,北村友一,58.0,10,01,5,5,0,0.9,6,69.1,"1091",0,0,0,7,7,34.7,456,安田隆行,栗,114,19101679,01102,00438,0924111201,スリーエイチレーシ,下河辺牧場,ロードカナロア,ロイヤルストリート,ディープインパクト,鹿毛,190306,   16.5,  ,    ,49.1
24,02,24,1,阪神,1,12,２勝ｸﾗｽ,43,芝,0,1200,良,ルーフ            ,牝,4,ムルザバ,56.0,10,02,3,3,0,0.4,2,68.6,"1086",0,0,0,4,4,34.4,484,清水久詞,栗,290,20104194,05627,01110,0924111202,白日光,坂本智広,ダイワメジャー,ラスエモーショネス,"Fastnet Rock",鹿毛,200319,    3.5,  ,    ,49.4
24,02,24,1,阪神,1,12,２勝ｸﾗｽ,43,芝,0,1200,良,グランツベリー    ,牝,4,古川奈穂,52.0,10,03,6,6,0,0.9,3,69.1,"1091",0,0,0,9,9,34.4,444,田中克典,栗,0,20104087,01190,01180,0924111203,広尾レース,木村秀則,エイシンフラッシュ,ラズベリータイム,フジキセキ,黒鹿,200225,    4.9,  ,    ,50.9
24,02,24,1,阪神,1,12,２勝ｸﾗｽ,43,芝,0,1200,良,ブラーヴ          ,牡,4,角田大河,57.0,10,04,9,9,0,1.3,10,69.5,"1095",0,0,0,10,9,34.8,494,加用正,栗,0,20106733,01199,00425,0924111204,宮川純造,富田牧場,マジェスティックウォリアー,ファインチョイス,アドマイヤムーン,鹿毛,200427,  265.1,  ,    ,49.7
24,02,24,1,阪神,1,12,２勝ｸﾗｽ,43,芝,0,1200,良,デルマカミーラ    ,牝,5,松若風馬,56.0,10,05,10,10,0,1.9,9,70.1,"1101",0,0,0,2,2,36.5,488,牧田和弥,栗,0,19100170,01154,01123,0924111205,浅沼廣幸,協和牧場,ミッキーアイル,ワンズガーホッド,マイネルラヴ,芦毛,190519,  142.2,  ,    ,42.1
24,02,24,1,阪神,1,12,２勝ｸﾗｽ,43,芝,0,1200,良,キタノエクスプレス,牡,6,国分優作,58.0,10,06,2,2,0,0.3,1,68.5,"1085",0,0,0,8,7,34,512,坂口智康,栗,460,18102281,01125,01170,0924111206,北所直人,村上欽哉,アジアエクスプレス,ツルマルサンチャン,ディープインパクト,鹿毛,180411,    2.2,  ,    ,51.5
24,02,24,1,阪神,1,12,２勝ｸﾗｽ,43,芝,0,1200,良,インプロバイザー  ,牡,5,西村淳也,58.0,10,07,4,4,0,0.5,5,68.7,"1087",0,0,0,4,4,34.5,490,音無秀孝,栗,170,19104498,01171,01002,0924111207,江馬由将,追分ファーム,ダイワメジャー,リトルゲルダ,"Closing Argument",芦毛,190312,   12.3,  ,    ,49.1
24,02,24,1,阪神,1,12,２勝ｸﾗｽ,43,芝,0,1200,良,スクルプトーリス  ,牝,4,田口貫太,55.0,10,08,7,7,0,1,8,69.2,"1092",0,0,0,4,4,35,452,松下武士,栗,0,20100151,01208,01149,0924111208,中村伊三美,ケイアイファーム,ジャスタウェイ,サッカーマム,Kingmambo,鹿毛,200309,   32.8,  ,    ,47.7
24,02,24,1,阪神,1,12,２勝ｸﾗｽ,43,芝,0,1200,良,ウォータールグラン,牝,5,松山弘平,56.0,10,09,1,1,0,-0.3,7,68.2,"1082",0,0,0,1,1,34.9,504,河内洋,栗,1140,19102786,01126,01072,0924111209,山岡正人,伏木田牧場,ダイワメジャー,ウォーターパイパー,"Tale of the Cat",鹿毛,190321,   20.1,  ,    ,45.4
24,02,24,1,阪神,1,12,２勝ｸﾗｽ,43,芝,0,1200,良,ショウナンマッハ  ,セ,5,岩田康誠,58.0,10,10,8,8,0,1.3,4,69.5,"1095",0,0,0,3,3,35.5,510,茶木太樹,栗,0,19104697,05203,01181,0924111210,国本哲秀,社台ファーム,ショウナンカンプ,オーバーレイ,ダイワメジャー,鹿毛,190415,   10.1,  ,    ,45.8
24,02,25,1,阪神,2,01,未勝利・牝,7,ダ,1,1800,不,アンリーベイビー  ,牝,3,松山弘平,55.0,13,01,9,9,0,2.6,9,115.2,"1552",0,6,6,12,11,38.2,426,安田隆行,栗,0,21103723,01126,00438,0924120101,三木正浩,グランド牧場,ロードカナロア,サンビスタ,スズカマンボ,黒鹿,210303,   39.1,  ,    ,50.8
24,02,25,1,阪神,2,01,未勝利・牝,7,ダ,1,1800,不,ラジエーション    ,牝,3,ルメート,55.0,13,02,8,8,0,2.1,5,114.7,"1547",0,3,3,8,11,38,460,新谷功一,栗,0,21102910,05659,01172,0924120102,ターフ・スポート,谷川牧場,インカンテーション,マンテラライ,"Catcher In The Rye",黒鹿,210314,   12.0,  ,    ,50.9
24,02,25,1,阪神,2,01,未勝利・牝,7,ダ,1,1800,不,マルカオペラ      ,牝,3,和田竜二,55.0,13,03,7,7,0,2.1,8,114.7,"1547",0,10,10,8,7,38.3,464,浜田多実,栗,0,21104978,01018,01138,0924120103,日下部猛,社台ファーム,ハービンジャー,エトワールドパリ,クロフネ,栗毛,210201,   23.1,  ,    ,49.7
24,02,25,1,阪神,2,01,未勝利・牝,7,ダ,1,1800,不,ブリッジワン      ,牝,3,藤岡康太,55.0,13,04,6,6,0,1.8,13,114.4,"1544",0,6,6,6,3,38.3,444,武英智,栗,0,21105870,01116,01161,0924120104,コスモ・コスモ,ノーザンファーム,レイデオロ,ルナレガーロ,アドマイヤムーン,鹿毛,210222,  257.7,  ,    ,49.3
24,02,25,1,阪神,2,01,未勝利・牝,7,ダ,1,1800,不,ウィスピースノー  ,牝,3,角田大河,54.0,13,05,11,11,0,2.8,10,115.4,"1554",0,4,3,6,7,39.3,434,今野貞一,栗,0,21100648,01199,01128,0924120105,水上ふじ子,笠松牧場,ワールドエース,ハイリマイリ,アドマイヤムーン,栗毛,210219,   82.2,  ,    ,46.8
24,02,25,1,阪神,2,01,未勝利・牝,7,ダ,1,1800,不,コーラルハート    ,牝,3,荻野琢真,55.0,13,06,4,4,0,1,2,113.6,"1536",0,1,1,4,6,37.5,486,小林真也,栗,83,21101426,01112,01185,0924120106,下河辺牧場,下河辺牧場,デクラレーションオブウォー,ハッピーグラス,ディープインパクト,鹿毛,210409,    3.7,  ,    ,51.5
24,02,25,1,阪神,2,01,未勝利・牝,7,ダ,1,1800,不,アリストロシュ    ,牝,3,水口優也,55.0,13,07,10,10,0,2.7,11,115.3,"1553",0,10,10,11,10,38.6,442,佐々木晶,栗,0,21102341,01133,00429,0924120107,京都ホースレーシン,北島牧場,デクラレーションオブウォー,カシマフラワー,ヘクタープロテクター,鹿毛,210413,  164.9,  ,    ,49.4
24,02,25,1,阪神,2,01,未勝利・牝,7,ダ,1,1800,不,フェロニエール    ,牝,3,ムルザバ,55.0,13,08,2,2,0,0.3,1,112.9,"1529",0,4,3,2,2,37,526,高野友和,栗,220,21105519,05627,01117,0924120108,キャロットファーム,ノーザンファーム,ドゥラメンテ,ココシュニック,クロフネ,栗毛,210213,    3.3,  ,    ,52.6
24,02,25,1,阪神,2,01,未勝利・牝,7,ダ,1,1800,不,ネバーモア        ,牝,3,川島信二,55.0,13,09,3,3,0,1,4,113.6,"1536",0,9,9,2,3,37.7,482,宮本博,栗,140,21100294,01062,01073,0924120109,ノースヒルズ,土居牧場,キズナ,エンブレイス,アフリート,鹿毛,210404,    5.1,  ,    ,50.7
24,02,25,1,阪神,2,01,未勝利・牝,7,ダ,1,1800,不,スマートプレシャス,牝,3,田中健,55.0,13,10,1,1,0,-0.3,3,112.6,"1526",0,2,2,1,1,36.9,492,中村直也,栗,550,21103939,01114,01186,0924120110,大川徹,静内山田牧場,シャンハイボビー,スマートブローラ,スマートファルコン,黒鹿,210315,    4.7,  ,    ,52.6
24,02,25,1,阪神,2,01,未勝利・牝,7,ダ,1,1800,不,タマモプルメリア  ,牝,3,田口貫太,54.0,13,11,5,5,0,1.3,12,113.9,"1539",0,6,6,4,3,37.8,448,大橋勇樹,栗,55,21103593,01208,01065,0924120111,タマモ,岡田牧場,カリフォルニアクローム,タマモエルドラド,ゴールドアリュール,栗毛,210304,  208.4,  ,    ,50.7
24,02,25,1,阪神,2,01,未勝利・牝,7,ダ,1,1800,不,ギフトフォーユー  ,牝,3,岩田康誠,55.0,13,12,13,13,0,5,7,117.6,"1576",0,12,12,13,13,40.6,462,安田翔伍,栗,0,21100164,05203,01164,0924120112,ロードホースクラブ,ケイアイファーム,ロードカナロア,プレミアムギフト,オルフェーヴル,鹿毛,210303,   20.8,  ,    ,44.8
24,02,25,1,阪神,2,01,未勝利・牝,7,ダ,1,1800,不,トレポンティ      ,牝,3,松若風馬,55.0,13,13,12,12,0,3.8,6,116.4,"1564",0,13,12,8,9,39.9,456,石坂公一,栗,0,21101487,01154,01166,0924120113,ヒダカ・ブリーダー,白井牧場,オルフェーヴル,ブラーノ,キングカメハメハ,鹿毛,210308,   19.2,  ,    ,45.9
24,02,25,1,阪神,2,02,未勝利,7,ダ,1,1400,不,アメリカンマーチ  ,牡,3,ルメート,57.0,14,01,12,12,0,4.7,2,88.9,"1289",0,0,0,1,1,42.4,478,池江泰寿,栗,0,21110136,05659,01071,0924120201,吉澤ホールディング,"Tom McCrocklin","Cajun Breeze","Goldminer's Dream","Distorted Humor",栗毛,210321,    4.7,  ,    ,32.3
24,02,25,1,阪神,2,02,未勝利,7,ダ,1,1400,不,アイムプラウド    ,牡,3,岩田康誠,57.0,14,02,0,0,4,999.9,8,0,"----",0,0,0,14,14,0,518,金成貴史,美,0,21102362,05203,01132,0924120202,藤沼利夫,スガタ牧場,キンシャサノキセキ,オートキュイジーヌ,フレンチデピュティ,鹿毛,210110,  100.3,  ,    , 0.0
24,02,25,1,阪神,2,02,未勝利,7,ダ,1,1400,不,ペルセイズ        ,牡,3,藤岡康太,57.0,14,03,7,7,0,1.1,5,85.3,"1253",0,0,0,2,2,38.7,498,牧田和弥,栗,0,21103546,01116,01123,0924120203,ノルマンディーサラ,岡田スタツド,ダノンレジェンド,メドゥーサ,メイショウサムソン,鹿毛,210201,    8.4,  ,    ,40.3
24,02,25,1,阪神,2,02,未勝利,7,ダ,1,1400,不,カルパ            ,牡,3,松山弘平,57.0,14,04,3,3,0,0.3,3,84.5,"1245",0,0,0,4,4,37.6,434,須貝尚介,栗,140,21105736,01126,01105,0924120204,金子真人ホールディ,ノーザンファーム,モーリス,ブチコ,キングカメハメハ,白毛,210213,    5.0,  ,    ,43.6
24,02,25,1,阪神,2,02,未勝利,7,ダ,1,1400,不,アルシンダガ      ,牡,3,小崎綾也,57.0,14,05,11,11,0,4.2,10,88.4,"1284",0,0,0,11,13,39.4,434,斉藤崇史,栗,0,21110029,01152,01151,0924120205,ゴドルフィン,Godolphin,Dubawi,"Ancient Art",Monsun,鹿毛,210429,  142.9,  ,    ,43.3
24,02,25,1,阪神,2,02,未勝利,7,ダ,1,1400,不,スターウッドテール,牡,3,角田大河,56.0,14,06,5,5,0,0.8,7,85,"1250",0,0,0,13,11,35.7,464,新谷功一,栗,55,21103127,01199,01172,0924120206,梶正典,日東牧場,ダノンレジェンド,ベリーキュート,ザッツザプレンティ,鹿毛,210525,   73.6,  ,    ,53.6
24,02,25,1,阪神,2,02,未勝利,7,ダ,1,1400,不,キモンゲーム      ,牡,3,今村聖奈,54.0,14,07,4,4,0,0.5,9,84.7,"1247",0,0,0,9,8,36.7,478,村山明,栗,83,21104235,01193,01107,0924120207,小林祥晃,西村牧場,コパノリッキー,キモンレッド,サウスヴィグラス,栗毛,210413,  107.2,  ,    ,48.1
24,02,25,1,阪神,2,02,未勝利,7,ダ,1,1400,不,デルマエウロパ    ,牡,3,川島信二,57.0,14,08,10,10,0,3.9,12,88.1,"1281",0,0,0,12,11,39,442,荒川義之,栗,0,21105139,01062,01095,0924120208,浅沼廣幸,社台ファーム,ブラックタイド,デルマキセキ,"Scat Daddy",鹿毛,210303,  202.2,  ,    ,44.4
24,02,25,1,阪神,2,02,未勝利,7,ダ,1,1400,不,ポッドコンティ    ,牡,3,和田竜二,57.0,14,09,6,6,0,0.8,6,85,"1250",0,0,0,6,6,37.6,478,辻野泰之,栗,0,21100573,01018,01183,0924120209,小川眞査雄,市川フアーム,オルフェーヴル,エピストロフィー,"Charm Spirit",鹿毛,210413,   17.2,  ,    ,44.5
24,02,25,1,阪神,2,02,未勝利,7,ダ,1,1400,不,ブラッドショー    ,牡,3,池添謙一,57.0,14,10,13,13,0,5.1,11,89.3,"1293",0,0,0,7,10,41.3,450,小崎憲,栗,0,21103696,01032,01085,0924120210,キヨタケ牧場,キヨタケ牧場,カリフォルニアクローム,バーバラ,ディープインパクト,栗毛,210513,  174.3,  ,    ,37.2
24,02,25,1,阪神,2,02,未勝利,7,ダ,1,1400,不,シンゼンハチマン  ,牡,3,酒井学,57.0,14,11,9,9,0,2.6,14,86.8,"1268",0,0,0,4,5,39.7,488,飯田祐史,栗,0,21103613,01034,01139,0924120211,原司郎,岡田牧場,デクラレーションオブウォー,ラタンペットロゼ,ストーミングホーム,黒鹿,210226,  444.3,  ,    ,39.0
24,02,25,1,阪神,2,02,未勝利,7,ダ,1,1400,不,スマートヌーメン  ,牝,3,原優介,54.0,14,12,8,8,0,1.2,13,85.4,"1254",0,0,0,10,9,37,454,石坂公一,栗,0,21103934,01184,01166,0924120212,大川徹,静内山田牧場,キズナ,スマートアクシス,"Lookin At Lucky",鹿毛,210223,  240.5,  ,    ,48.1
24,02,25,1,阪神,2,02,未勝利,7,ダ,1,1400,不,ガーデンカメリア  ,牝,3,長岡禎仁,55.0,14,13,2,2,0,0.2,4,84.4,"1244",0,0,0,8,7,36.7,446,杉山晴紀,栗,220,21110139,01142,01157,0924120213,KRジャパン,"Healthy Wood Co. L","American Pharoah","Avila Road","Elusive Quality",栗毛,210523,    6.6,  ,    ,47.5
24,02,25,1,阪神,2,02,未勝利,7,ダ,1,1400,不,グランメドウ      ,牡,3,田口貫太,56.0,14,14,1,1,0,-0.2,1,84.2,"1242",0,0,0,2,2,37.5,536,藤岡健一,栗,550,21110107,01208,01062,0924120214,前原敏行,"Betz/D. J. Stables","American Pharoah","Meadow Breeze",Meadowlake,栗毛,210311,    2.2,  ,    ,43.4
24,02,25,1,阪神,2,03,未勝利,7,ダ,1,2000,不,センカラット      ,牡,3,河原田菜,53.0,11,01,10,10,0,5.8,10,132.2,"2122",0,1,1,2,10,44.1,472,渡辺薫彦,栗,0,21106362,01204,01155,0924120301,小島將之,田端牧場,リアルインパクト,サビアーレ,Capote,栗毛,210416,  174.8,  ,    ,35.6
24,02,25,1,阪神,2,03,未勝利,7,ダ,1,2000,不,レオボヌール      ,牡,3,川島信二,57.0,11,02,6,6,0,0.9,6,127.3,"2073",0,8,7,6,6,39.5,472,萱野浩二,美,0,21102945,01062,01024,0924120302,レオ,大道牧場,マジェスティックウォリアー,ピアーノ,シンボリクリスエス,鹿毛,210406,   34.0,  ,    ,45.3
24,02,25,1,阪神,2,03,未勝利,7,ダ,1,2000,不,クラウンアラビアン,牡,3,角田大和,56.0,11,03,4,4,0,0.2,2,126.6,"2066",0,2,2,1,1,39.1,476,角田晃一,栗,83,21101269,01186,01121,0924120303,矢野まり子,クラウン日高牧場,アルアイン,マーモリー,"Tiger Hill",鹿毛,210219,    4.3,  ,    ,45.9
24,02,25,1,阪神,2,03,未勝利,7,ダ,1,2000,不,クワッドルッツ    ,牡,3,荻野琢真,57.0,11,04,9,9,0,2.2,11,128.6,"2086",0,11,11,10,9,40,476,今野貞一,栗,0,21105147,01112,01128,0924120304,川勝裕之,社台ファーム,マインドユアビスケッツ,ナチュラルスタンス,フジキセキ,鹿毛,210207,  283.6,  ,    ,44.9
24,02,25,1,阪神,2,03,未勝利,7,ダ,1,2000,不,イナズマシルバー  ,牡,3,田口貫太,56.0,11,05,8,8,0,1.8,9,128.2,"2082",0,6,6,8,7,40,498,平田修,栗,0,21106169,01208,01082,0924120305,小泉賢悟,小泉牧場,シルバーステート,グッドスカイ,ステイゴールド,黒鹿,210430,  147.8,  ,    ,44.5
24,02,25,1,阪神,2,03,未勝利,7,ダ,1,2000,不,アーマルコライト  ,牡,3,ムルザバ,57.0,11,06,2,2,0,0.1,1,126.5,"2065",0,2,2,2,2,38.9,512,寺島良,栗,220,21105811,05627,01158,0924120306,キャロットファーム,ノーザンファーム,ジャスタウェイ,ムーングロウ,Nayef,鹿毛,210414,    1.5,  ,    ,46.5
24,02,25,1,阪神,2,03,未勝利,7,ダ,1,2000,不,サンライズウェーヴ,牡,3,藤岡康太,57.0,11,07,1,1,0,-0.1,7,126.4,"2064",0,9,9,4,4,38.6,492,石坂公一,栗,550,21102221,01116,01166,0924120307,ライフハウス,ヤナガワ牧場,マジェスティックウォリアー,コパノレヴィーン,ゴールドアリュール,栗毛,210504,   39.2,  ,    ,47.5
24,02,25,1,阪神,2,03,未勝利,7,ダ,1,2000,不,チョウゲンキ      ,牡,3,松若風馬,57.0,11,08,7,7,0,1.6,4,128,"2080",0,9,9,8,7,39.7,450,羽月友彦,栗,0,21106139,01154,01091,0924120308,丸山隆雄,上井農場,アドミラブル,クリノメダリスト,ステイゴールド,鹿毛,210413,   11.1,  ,    ,45.3
24,02,25,1,阪神,2,03,未勝利,7,ダ,1,2000,不,ケイアイアンタレス,牡,3,和田竜二,57.0,11,09,5,5,0,0.8,5,127.2,"2072",0,5,4,4,3,39.5,446,平田修,栗,55,21106565,01018,01082,0924120309,ケイアイスタリオン,新冠橋本牧場,マジェスティックウォリアー,クインズヌーサ,ゴールドアリュール,鹿毛,210318,   13.2,  ,    ,45.2
24,02,25,1,阪神,2,03,未勝利,7,ダ,1,2000,不,タキ              ,牡,3,松山弘平,57.0,11,10,3,3,0,0.2,3,126.6,"2066",0,6,7,6,4,38.8,432,安田隆行,栗,140,21101428,01126,00438,0924120310,スリーエイチレーシ,下河辺牧場,ハーツクライ,パスオブドリームズ,"Giant's Causeway",栗毛,210414,    8.8,  ,    ,47.0
24,02,25,1,阪神,2,03,未勝利,7,ダ,1,2000,不,メイショウマサムネ,牡,3,泉谷楓真,56.0,11,11,11,11,0,5.8,8,132.2,"2122",0,4,4,10,11,43.4,488,本田優,栗,0,21107087,01182,01099,0924120311,松本好隆,メイタイファーム,エピカリス,ムーンスガタ,アドマイヤムーン,鹿毛,210419,   84.6,  ,    ,37.7
24,02,25,1,阪神,2,04,未勝利,7,芝,8,1600,重,ブリックワーク    ,牝,3,斎藤新,55.0,18,01,2,2,0,0.3,10,96.1,"1361",0,0,0,6,7,35.7,442,辻野泰之,栗,220,21101382,01178,01183,0924120401,下河辺隆行,下河辺牧場,ブリックスアンドモルタル,オーヴィレール,シンボリクリスエス,芦毛,210310,   30.4,  ,    ,51.5
24,02,25,1,阪神,2,04,未勝利,7,芝,8,1600,重,タマモワンカラット,牝,3,中井裕二,55.0,18,02,18,18,0,3.9,17,99.7,"1397",0,0,0,2,3,39.7,454,茶木太樹,栗,0,21103597,01141,01181,0924120402,タマモ,岡田牧場,リアルインパクト,チャームライト,ワイルドラッシュ,青鹿,210408,  622.4,  ,    ,40.7
24,02,25,1,阪神,2,04,未勝利,7,芝,8,1600,重,ファピオラ        ,牝,3,角田大河,54.0,18,03,14,14,0,1.1,12,96.9,"1369",0,0,0,4,5,36.8,408,武幸四郎,栗,0,21105785,01199,01160,0924120403,エースレーシング,ノーザンファーム,キタサンブラック,マニーズオンシャーロット,"Mizzen Mast",鹿毛,210224,   65.3,  ,    ,48.0
24,02,25,1,阪神,2,04,未勝利,7,芝,8,1600,重,ルージュリリカル  ,牝,3,松山弘平,55.0,18,04,9,9,0,0.8,3,96.6,"1366",0,0,0,7,7,36.2,422,杉山晴紀,栗,0,21101455,01126,01157,0924120404,東京ホースレーシン,下河辺牧場,エピファネイア,レッドセシリア,ハーツクライ,青鹿,210403,    5.3,  ,    ,50.1
24,02,25,1,阪神,2,04,未勝利,7,芝,8,1600,重,ミスズサンダスノー,牝,3,田口貫太,54.0,18,05,3,3,0,0.4,4,96.2,"1362",0,0,0,4,3,36.2,426,長谷川浩,栗,140,21102987,01208,01173,0924120405,永井啓弍,辻牧場,サンダースノー,スズカローラン,サンデーサイレンス,黒鹿,210520,    6.7,  ,    ,49.4
24,02,25,1,阪神,2,04,未勝利,7,芝,8,1600,重,ハミング          ,牝,3,ルメート,55.0,18,06,11,11,0,0.8,2,96.6,"1366",0,0,0,15,16,35.4,416,中内田充,栗,0,21101434,05659,01137,0924120406,石川達絵,下河辺牧場,ブリックスアンドモルタル,ブリッツフィナーレ,ディープインパクト,黒鹿,210329,    4.5,  ,    ,53.7
24,02,25,1,阪神,2,04,未勝利,7,芝,8,1600,重,サウンドクラージュ,牡,3,酒井学,57.0,18,07,17,17,0,2,15,97.8,"1378",0,0,0,1,1,38.1,472,高柳大輔,栗,0,21107137,01034,01159,0924120407,増田雄一,山岡牧場,マジェスティックウォリアー,ワイズドリーム,"Yes It's True",鹿毛,210316,  217.6,  ,    ,44.0
24,02,25,1,阪神,2,04,未勝利,7,芝,8,1600,重,スターリングアップ,牝,3,池添謙一,55.0,18,08,5,5,0,0.5,5,96.3,"1363",0,0,0,15,13,35.4,440,松永幹夫,栗,55,21105102,01032,01092,0924120408,社台レースホース,社台ファーム,ブリックスアンドモルタル,ソウルスターリング,Frankel,青鹿,210416,   16.7,  ,    ,53.2
24,02,25,1,阪神,2,04,未勝利,7,芝,8,1600,重,マサノカナリア    ,牝,3,国分優作,55.0,18,09,4,4,0,0.5,7,96.3,"1363",0,0,0,3,2,36.5,454,加用正,栗,83,21100019,01125,00425,0924120409,猪野毛雅人,猪野毛牧場,シルバーステート,マサノジュエリー,メイショウボーラー,黒鹿,210424,   22.9,  ,    ,48.3
24,02,25,1,阪神,2,04,未勝利,7,芝,8,1600,重,エルプロフェッサー,牝,3,古川奈穂,51.0,18,10,10,10,0,0.8,11,96.6,"1366",0,0,0,7,6,36.3,408,高橋康之,栗,0,21101605,01190,01135,0924120410,東豊物産,竹島幸治,トーホウジャッカル,トーホウディアーナ,ノヴェリスト,鹿毛,210403,   31.4,  ,    ,49.7
24,02,25,1,阪神,2,04,未勝利,7,芝,8,1600,重,ルクスチェリー    ,牝,3,河原田菜,51.0,18,11,15,15,0,1.3,18,97.1,"1371",0,0,0,18,18,35.7,490,石橋守,栗,0,21103925,01204,01140,0924120411,ルクス,静内山田牧場,サトノアラジン,カシシ,ジャングルポケット,鹿毛,210313,  632.1,  ,    ,53.2
24,02,25,1,阪神,2,04,未勝利,7,芝,8,1600,重,エルミラージュ    ,セ,3,藤岡康太,57.0,18,12,16,16,0,1.7,9,97.5,"1375",0,0,0,11,10,36.8,490,池江泰寿,栗,0,21105443,01116,01071,0924120412,サンデーレーシング,ノーザンファーム,アルアイン,エラクレーア,"Raven's Pass",鹿毛,210315,   24.4,  ,    ,49.0
24,02,25,1,阪神,2,04,未勝利,7,芝,8,1600,重,ハイボーン        ,牝,3,岩田康誠,55.0,18,13,6,6,0,0.5,6,96.3,"1363",0,0,0,9,10,35.5,432,上村洋行,栗,0,21105682,05203,01168,0924120413,長谷川守正,ノーザンファーム,モーリス,ノーブルリーズン,ネオユニヴァース,鹿毛,210306,   21.1,  ,    ,52.8
24,02,25,1,阪神,2,04,未勝利,7,芝,8,1600,重,サロニコス        ,牝,3,ムルザバ,55.0,18,14,1,1,0,-0.3,1,95.8,"1358",0,0,0,9,7,35.3,444,松下武士,栗,550,21105540,05627,01149,0924120414,サンデーレーシング,ノーザンファーム,ロードカナロア,サロニカ,ディープインパクト,鹿毛,210305,    2.8,  ,    ,52.8
24,02,25,1,阪神,2,04,未勝利,7,芝,8,1600,重,ラガークイン      ,牝,3,今村聖奈,52.0,18,15,8,8,0,0.6,8,96.4,"1364",0,0,0,12,10,35.7,408,大久保龍,栗,0,21105416,01193,01058,0924120415,奥村訓彦,ノーザンファーム,リアルインパクト,ウォークロニクル,ウォーエンブレム,青鹿,210311,   23.5,  ,    ,52.0
24,02,25,1,阪神,2,04,未勝利,7,芝,8,1600,重,チャウチャウチャウ,牝,3,川須栄彦,55.0,18,16,7,7,0,0.6,16,96.4,"1364",0,0,0,13,15,35.3,458,緒方努,栗,0,21101131,01128,01193,0924120416,三宅勝俊,大江牧場,ディープブリランテ,グレイスファミリー,タニノギムレット,栗毛,210429,  302.1,  ,    ,53.9
24,02,25,1,阪神,2,04,未勝利,7,芝,8,1600,重,ルボートン        ,牝,3,和田竜二,55.0,18,17,13,13,0,1,14,96.8,"1368",0,0,0,13,13,35.9,424,吉田直弘,栗,0,21104973,01018,01101,0924120417,吉田千津,社台ファーム,ダイワメジャー,エヴァディングタンペット,"Dubai Destination",黒鹿,210420,  191.5,  ,    ,51.8
24,02,25,1,阪神,2,04,未勝利,7,芝,8,1600,重,プルミエプランタン,牡,3,松若風馬,57.0,18,18,12,12,0,0.9,13,96.7,"1367",0,0,0,17,16,35.5,490,音無秀孝,栗,0,21105217,01154,01002,0924120418,グリーンファーム,社台ファーム,エピファネイア,プランタンビジュー,ダイワメジャー,栗毛,210418,  100.4,  ,    ,53.4
24,02,25,1,阪神,2,05,１勝ｸﾗｽ*,23,ダ,1,1200,不,ゴッドカインド    ,牝,3,今村聖奈,52.0,10,01,5,5,0,0.8,7,72,"1120",0,0,0,3,4,36.4,386,飯田祐史,栗,78,21106150,01193,01139,0924120501,中西憲治,川島牧場,ドレフォン,ネオグラティア,ネオユニヴァース,栗毛,210510,   37.9,  ,    ,47.8
24,02,25,1,阪神,2,05,１勝ｸﾗｽ*,23,ダ,1,1200,不,エンブレムボム    ,牡,3,松若風馬,57.0,10,02,9,9,0,2.4,6,73.6,"1136",0,0,0,8,9,37.3,506,森秀行,栗,0,21110134,01154,00427,0924120502,吉田勝利,"Brent Fernung & Cr","St Patrick's Day","Jelly Cable","Sky Mesa",鹿毛,210318,   23.8,  ,    ,47.3
24,02,25,1,阪神,2,05,１勝ｸﾗｽ*,23,ダ,1,1200,不,インユアパレス    ,牡,3,酒井学,57.0,10,03,4,4,0,0.8,1,72,"1120",0,0,0,8,7,35.9,484,須貝尚介,栗,120,21110126,01034,01105,0924120503,小林英一ホールディ,"Winchester Farm","Palace Malice","Queen's Turf","Deep Impact",黒鹿,210501,    1.4,  ,    ,50.6
24,02,25,1,阪神,2,05,１勝ｸﾗｽ*,23,ダ,1,1200,不,デュアルロンド    ,牡,3,斎藤新,57.0,10,04,10,10,0,2.5,9,73.7,"1137",0,0,0,10,10,37.3,448,佐久間雅,地,0,21106264,01178,05615,0924120504,坂田栄一,サンローゼン,カレンブラックヒル,スカイワード,ティンバーカントリー,栗毛,210413,   69.4,  ,    ,47.6
24,02,25,1,阪神,2,05,１勝ｸﾗｽ*,23,ダ,1,1200,不,エコロエイト      ,牡,3,松山弘平,57.0,10,05,8,8,0,2.3,5,73.5,"1135",0,0,0,6,8,37.4,488,須貝尚介,栗,0,21110104,01126,01105,0924120505,原村正紀,"Shadai Farm","Take Charge Indy","Lighthouse Bay",Speightstown,黒鹿,210210,   14.9,  ,    ,46.5
24,02,25,1,阪神,2,05,１勝ｸﾗｽ*,23,ダ,1,1200,不,モンシェリ        ,牝,3,ムルザバ,55.0,10,06,6,6,0,1.1,3,72.3,"1123",0,0,0,6,4,36.4,448,牧田和弥,栗,0,21102399,05627,01123,0924120506,安原浩司,坂東牧場,マクフィ,アスールダリア,エスポワールシチー,栗毛,210214,    7.4,  ,    ,48.6
24,02,25,1,阪神,2,05,１勝ｸﾗｽ*,23,ダ,1,1200,不,ミライテーラー    ,牝,3,中井裕二,55.0,10,07,2,2,0,0,2,71.2,"1112",0,0,0,1,1,35.9,470,飯田雄三,栗,310,21101121,01141,01050,0924120507,中西浩一,ヴェルサイユファー,オルフェーヴル,ドバウィディエティ,Dubawi,鹿毛,210411,    6.1,  ,    ,48.3
24,02,25,1,阪神,2,05,１勝ｸﾗｽ*,23,ダ,1,1200,不,ネグレスコ        ,牝,3,ルメート,55.0,10,08,1,1,0,0,4,71.2,"1112",0,0,0,2,2,35.7,488,西園正都,栗,780,21103214,05659,01028,0924120508,モンレーヴ,三嶋牧場,カリフォルニアクローム,アイスブレイク,マンハッタンカフェ,鹿毛,210314,   11.8,  ,    ,49.4
24,02,25,1,阪神,2,05,１勝ｸﾗｽ*,23,ダ,1,1200,不,ラストボーン      ,セ,3,河原田菜,53.0,10,09,7,7,0,2.1,10,73.3,"1133",0,0,0,5,4,37.5,450,加用正,栗,0,21104639,01204,00425,0924120509,阿部榮乃進,阿部栄乃進,ワールドエース,ハナイチリン,ボストンハーバー,栗毛,210301,   94.6,  ,    ,45.5
24,02,25,1,阪神,2,05,１勝ｸﾗｽ*,23,ダ,1,1200,不,ソーニャシュニク  ,牝,3,岩田康誠,55.0,10,10,3,3,0,0.4,8,71.6,"1116",0,0,0,3,3,36,458,武井亮,美,200,21106923,05203,01147,0924120510,鈴木康弘,松浦牧場,サンダースノー,テイルオブゴールド,オルフェーヴル,栗毛,210316,   56.4,  ,    ,48.9
24,02,25,1,阪神,2,06,１勝ｸﾗｽ,23,ダ,1,1800,不,ダイメイセブン    ,牡,4,河原田菜,53.0,10,01,3,3,0,0.4,7,112.2,"1522",0,1,1,1,1,37.9,514,本田優,栗,200,20101919,01204,01099,0924120601,宮本昇,出口牧場,マクフィ,ミラクルフラッグ,スパイキュール,栗毛,200430,   18.2,  ,    ,48.0
24,02,25,1,阪神,2,06,１勝ｸﾗｽ,23,ダ,1,1800,不,アズマサクラエモン,牡,4,田口貫太,56.0,10,02,9,9,0,1.7,9,113.5,"1535",0,10,10,9,10,37.9,530,加用正,栗,0,20101396,01208,00425,0924120602,川端美穂,木村牧場,デクラレーションオブウォー,アズマクィーン,アドマイヤムーン,鹿毛,200216,   87.5,  ,    ,49.7
24,02,25,1,阪神,2,06,１勝ｸﾗｽ,23,ダ,1,1800,不,ケイアイメキラ    ,セ,4,和田竜二,57.0,10,03,8,8,0,1.2,4,113,"1530",0,8,9,5,6,38.1,456,村山明,栗,0,20104215,01018,01107,0924120603,亀田和弘,佐竹学,パイロ,ケイアイベローナ,クロフネ,鹿毛,200416,    9.8,  ,    ,48.3
24,02,25,1,阪神,2,06,１勝ｸﾗｽ,23,ダ,1,1800,不,ネッケツシャチョウ,牡,4,荻野琢真,57.0,10,04,1,1,0,-0.3,1,111.8,"1518",0,7,7,7,6,36.7,548,藤沢則雄,栗,800,20105954,01112,01041,0924120604,ミキハウスHKサービ,村上欽哉,リオンディーズ,レッドティムール,シンボリクリスエス,黒鹿,200316,    1.6,  ,    ,52.3
24,02,25,1,阪神,2,06,１勝ｸﾗｽ,23,ダ,1,1800,不,アナザーエース    ,牡,4,泉谷楓真,56.0,10,05,2,2,0,0.3,8,112.1,"1521",0,2,2,2,2,37.7,508,宮徹,栗,320,20104005,01182,01018,0924120605,ヒダカ・ブリーダー,岡田牧場,ヤマカツエース,ホットフレイバー,タバスコキャット,栗毛,200421,   32.6,  ,    ,48.7
24,02,25,1,阪神,2,06,１勝ｸﾗｽ,23,ダ,1,1800,不,アヘッド          ,牝,4,池添謙一,55.0,10,06,5,5,0,0.6,5,112.4,"1524",0,8,8,9,9,37,472,中竹和也,栗,80,20110092,01032,01039,0924120606,前田葉子,"North Hills Co. Lt",Frankel,"Blanc Bonheur","Deep Impact",芦毛,200429,   14.3,  ,    ,51.9
24,02,25,1,阪神,2,06,１勝ｸﾗｽ,23,ダ,1,1800,不,ナウズザタイム    ,牝,4,今村聖奈,52.0,10,07,6,6,0,0.6,6,112.4,"1524",0,3,3,3,3,37.9,454,安田隆行,栗,0,20103323,01193,00438,0924120607,村上龍太郎,ノーザンファーム,リアルインパクト,ガートルード,ジャングルポケット,青鹿,200131,   17.3,  ,    ,48.3
24,02,25,1,阪神,2,06,１勝ｸﾗｽ,23,ダ,1,1800,不,シアープレジャー  ,牝,7,長岡禎仁,56.0,10,08,10,10,0,3.9,10,115.7,"1557",0,4,4,4,4,41,454,緒方努,栗,0,17103278,01142,01193,0924120608,岡田牧雄,岡田スタツド,マツリダゴッホ,ケリーケイズプレジャー,"Kelly Kip",鹿毛,170419,  313.3,  ,    ,41.1
24,02,25,1,阪神,2,06,１勝ｸﾗｽ,23,ダ,1,1800,不,スカパラダイス    ,牡,4,松山弘平,57.0,10,09,7,7,0,0.6,2,112.4,"1524",0,6,6,7,6,37.3,470,寺島良,栗,0,20105730,01126,01158,0924120609,田邉滋久,ヒカル牧場,シルバーステート,ファミリーソング,グラスワンダー,黒鹿,200320,    5.1,  ,    ,50.7
24,02,25,1,阪神,2,06,１勝ｸﾗｽ,23,ダ,1,1800,不,ゴールデンマイク  ,牡,4,岩田康誠,57.0,10,10,4,4,0,0.5,3,112.3,"1523",0,5,5,5,4,37.4,512,森秀行,栗,120,20110101,05203,00427,0924120610,藤田晋,"CHC Inc",Justify,"Sambuca Classica","Cat Thief",栗毛,200314,    8.9,  ,    ,50.1
24,02,25,1,阪神,2,07,２勝ｸﾗｽ,43,芝,8,2400,重,ミタマ            ,牝,4,松山弘平,55.0,7,01,5,5,0,1,2,148.7,"2287",0,5,5,5,5,36.8,480,上村洋行,栗,114,20101892,01126,01168,0924120701,ニッシンホールディ,チャンピオンズファ,ハーツクライ,モナリザ,"Giant's Causeway",鹿毛,200219,    3.2,  ,    ,51.4
24,02,25,1,阪神,2,07,２勝ｸﾗｽ,43,芝,8,2400,重,ハーツオブシャカ  ,牡,6,ムルザバ,58.0,7,02,4,4,0,0.7,4,148.4,"2284",0,4,3,3,3,36.6,474,鮫島一歩,栗,170,18106357,05627,01046,0924120702,"CHEVAL ATTACHE",辻牧場,ハーツクライ,ハワイアンローズ,キングカメハメハ,鹿毛,180224,    8.2,  ,    ,51.8
24,02,25,1,阪神,2,07,２勝ｸﾗｽ,43,芝,8,2400,重,サンデージャック  ,牡,6,水口優也,58.0,7,03,7,7,0,2.9,7,150.6,"2306",0,6,6,7,7,38.3,482,宮本博,栗,0,18105260,01133,01073,0924120703,エムズレーシング,ノーザンファーム,ダイワメジャー,ホットチャチャ,"Cactus Ridge",青鹿,180416,   83.1,  ,    ,47.7
24,02,25,1,阪神,2,07,２勝ｸﾗｽ,43,芝,8,2400,重,ケイアイサンデラ  ,牡,4,池添謙一,57.0,7,04,1,1,0,-0.3,1,147.7,"2277",0,1,1,1,1,36.4,438,小林真也,栗,1140,20104881,01032,01185,0924120704,ケイアイスタリオン,松田牧場,シルバーステート,クインズミリセント,エンパイアメーカー,鹿毛,200325,    2.0,  ,    ,51.9
24,02,25,1,阪神,2,07,２勝ｸﾗｽ,43,芝,8,2400,重,リンフレスカンテ  ,牡,6,和田竜二,58.0,7,05,2,2,0,0.3,3,148,"2280",0,6,6,5,5,36,442,宮本博,栗,460,18104797,01018,01073,0924120705,名古屋友豊,社台ファーム,ルーラーシップ,マルカサワヤカ,サンデーサイレンス,黒鹿,180516,    4.4,  ,    ,53.7
24,02,25,1,阪神,2,07,２勝ｸﾗｽ,43,芝,8,2400,重,ワレハウミノコ    ,牝,4,藤岡康太,55.0,7,06,3,3,0,0.5,5,148.2,"2282",0,3,3,3,3,36.5,452,武英智,栗,290,20102831,01116,01161,0924120706,谷掛龍夫,社台ファーム,キタサンブラック,キャンディネバダ,"Pure Prize",黒鹿,200317,   15.7,  ,    ,52.0
24,02,25,1,阪神,2,07,２勝ｸﾗｽ,43,芝,8,2400,重,ウン              ,牡,5,ルメート,58.0,7,07,6,6,0,1.3,6,149,"2290",0,2,2,2,2,37.4,472,吉田直弘,栗,0,19100295,05659,01101,0924120707,ビッグレッドファー,須崎牧場,キタサンブラック,マリブウィン,"Malibu Moon",青鹿,190303,   20.6,  ,    ,49.5
24,02,25,1,阪神,2,08,２勝ｸﾗｽ・牝,43,ダ,1,1800,不,ピジョンブラッド  ,牝,5,川島信二,56.0,10,01,9,9,0,2,5,114,"1540",0,4,4,6,9,37.6,502,荒川義之,栗,0,19100625,01062,01095,0924120801,ノースヒルズ,ノースヒルズ,パイロ,カスクドール,ダンスインザダーク,鹿毛,190413,    8.3,  ,    ,51.6
24,02,25,1,阪神,2,08,２勝ｸﾗｽ・牝,43,ダ,1,1800,不,ヘニータイフーン  ,牝,4,松山弘平,55.0,10,02,1,1,0,-0.1,1,112,"1520",0,2,2,3,3,35.9,488,中村直也,栗,1140,20104675,01126,01186,0924120802,林正道,服部牧場,ヘニーヒューズ,メジャータイフーン,ダイワメジャー,栗毛,200214,    3.0,  ,    ,56.0
24,02,25,1,阪神,2,08,２勝ｸﾗｽ・牝,43,ダ,1,1800,不,リースタル        ,牝,5,岩田康誠,56.0,10,03,4,4,0,0.5,7,112.5,"1525",0,1,1,2,2,36.5,450,森田直行,栗,170,19103017,05203,01142,0924120803,中村祐子,ケイアイファーム,ロードカナロア,シンメイフジ,フジキセキ,鹿毛,190324,   22.3,  ,    ,54.1
24,02,25,1,阪神,2,08,２勝ｸﾗｽ・牝,43,ダ,1,1800,不,サノノエスポ      ,牝,4,ルメート,55.0,10,04,5,5,0,1.1,3,113.1,"1531",0,4,4,6,6,36.7,444,中野栄治,美,114,20102161,05659,01010,0924120804,佐野信幸,豊洋牧場,エスポワールシチー,シックファイター,ヘクタープロテクター,栗毛,200408,    5.1,  ,    ,54.1
24,02,25,1,阪神,2,08,２勝ｸﾗｽ・牝,43,ダ,1,1800,不,コロンビアテソーロ,牝,4,田口貫太,54.0,10,05,6,6,0,1.1,9,113.1,"1531",0,3,3,3,3,37,460,栗田徹,美,0,20102181,01208,01127,0924120805,了徳寺健二ホールデ,本間牧場,ジャスタウェイ,キトゥンブルー,ダンスインザダーク,黒鹿,200306,   50.9,  ,    ,52.8
24,02,25,1,阪神,2,08,２勝ｸﾗｽ・牝,43,ダ,1,1800,不,タイセイキューティ,牝,4,和田竜二,55.0,10,06,7,7,0,1.2,10,113.2,"1532",0,8,8,10,9,36.6,452,奥村武,美,0,20106954,01018,01145,0924120806,田中成奉,宮内牧場,ダンカーク,ボストンサクラ,ダイワメジャー,芦毛,200423,   82.9,  ,    ,54.6
24,02,25,1,阪神,2,08,２勝ｸﾗｽ・牝,43,ダ,1,1800,不,タガノアレハンドラ,牝,4,松若風馬,55.0,10,07,8,8,0,1.9,4,113.9,"1539",0,8,9,8,6,37.4,492,西園翔太,栗,0,20105552,01154,01196,0924120807,八木良司,新冠タガノファーム,ホッコータルマエ,ミトス,エンパイアメーカー,鹿毛,200409,    6.0,  ,    ,52.3
24,02,25,1,阪神,2,08,２勝ｸﾗｽ・牝,43,ダ,1,1800,不,オシゲ            ,牝,4,ムルザバ,55.0,10,08,2,2,0,0.1,2,112.1,"1521",0,7,6,8,6,35.7,476,須貝尚介,栗,460,20106642,05627,01105,0924120808,大和屋暁,辻牧場,ハービンジャー,オツウ,ハーツクライ,鹿毛,200420,    3.9,  ,    ,57.0
24,02,25,1,阪神,2,08,２勝ｸﾗｽ・牝,43,ダ,1,1800,不,ラブベティー      ,牝,5,原優介,55.0,10,09,10,10,0,2.6,8,114.6,"1546",0,8,10,1,1,38.9,460,尾形和幸,美,0,19106491,01184,01141,0924120809,増田陽一,橋本牧場,ラニ,レーヴドベティ,ロックオブジブラルタル,栗毛,190314,   27.4,  ,    ,47.3
24,02,25,1,阪神,2,08,２勝ｸﾗｽ・牝,43,ダ,1,1800,不,プメハナ          ,牝,4,藤岡康太,55.0,10,10,3,3,0,0.3,6,112.3,"1523",0,4,6,5,3,36.1,460,鮫島一歩,栗,290,20105643,01116,01046,0924120810,ノースヒルズ,ノースヒルズ,エスケンデレヤ,ピンウィール,キングカメハメハ,栗毛,200411,   14.4,  ,    ,55.5
24,02,25,1,阪神,2,09,松籟ＳＨ･3勝,67,芝,0,3000,重,エメヴィベール    ,牡,5,国分優作,54.0,12,01,4,4,0,1.1,12,188.4,"3084",0,3,3,3,2,38.3,576,吉岡辰弥,栗,280,19104907,01125,01176,0924120901,ライオンレースホー,社台ファーム,ダイワメジャー,ホワイトローズ2,Tapit,芦毛,190223,  200.6,  ,    ,48.0
24,02,25,1,阪神,2,09,松籟ＳＨ･3勝,67,芝,0,3000,重,ホウオウエクレール,牡,7,藤岡康太,57.0,12,02,6,6,0,1.3,3,188.6,"3086",0,1,1,1,1,38.6,512,宮徹,栗,0,17103293,01116,01018,0924120902,小笹芳央,岡田スタツド,ブラックタイド,タマヒカル,パラダイスクリーク,鹿毛,170525,    8.0,  ,    ,47.2
24,02,25,1,阪神,2,09,松籟ＳＨ･3勝,67,芝,0,3000,重,アスクドゥポルテ  ,牡,4,角田大河,55.0,12,03,9,9,0,2,4,189.3,"3093",0,5,5,4,2,39.2,472,河内洋,栗,0,20101025,01199,01072,0924120903,廣崎利洋HD,"ASK STUD",ハービンジャー,ジャジャウマガール,ハーツクライ,鹿毛,200329,   10.0,  ,    ,45.7
24,02,25,1,阪神,2,09,松籟ＳＨ･3勝,67,芝,0,3000,重,ウインエアフォルク,牡,7,原優介,55.0,12,04,3,3,0,0.9,7,188.2,"3082",0,12,12,12,10,36.7,480,根本康広,美,460,17101436,01184,01029,0924120904,成富直行,コスモヴューファー,ゴールドシップ,サクセスストレイン,ティッカネン,鹿毛,170523,   28.5,  ,    ,53.2
24,02,25,1,阪神,2,09,松籟ＳＨ･3勝,67,芝,0,3000,重,タイムオブフライト,牡,5,ルメート,56.0,12,05,2,2,0,0.2,6,187.5,"3075",0,6,6,4,4,37.3,442,辻野泰之,栗,740,19104572,05659,01183,0924120905,G1レーシング,社台コーポレーショ,ディープインパクト,タイムトラベリング,ブライアンズタイム,鹿毛,190430,   13.4,  ,    ,50.7
24,02,25,1,阪神,2,09,松籟ＳＨ･3勝,67,芝,0,3000,重,ビキニボーイ      ,牡,4,田口貫太,54.0,12,06,11,11,0,4,10,191.3,"3113",0,8,8,11,11,39.7,504,梅田智之,栗,0,20104426,01208,01084,0924120906,小林祥晃,谷岡牧場,ビーチパトロール,エバーアンドエバー,ハーツクライ,鹿毛,200407,   47.0,  ,    ,45.5
24,02,25,1,阪神,2,09,松籟ＳＨ･3勝,67,芝,0,3000,重,ゴールドプリンセス,牝,4,松山弘平,53.0,12,07,1,1,0,-0.2,2,187.3,"3073",0,7,7,6,5,36.9,478,寺島良,栗,1840,20105834,01126,01158,0924120907,居城寿与,北勝ファーム,ゴールドアクター,ゴールドエルフ,キングヘイロー,鹿毛,200322,    4.1,  ,    ,51.9
24,02,25,1,阪神,2,09,松籟ＳＨ･3勝,67,芝,0,3000,重,ミステリーウェイ  ,セ,6,池添謙一,55.0,12,08,10,10,0,2.7,5,190,"3100",0,2,2,2,5,39.9,502,小林真也,栗,0,18104638,01032,01185,0924120908,社台レースホース,社台ファーム,ジャスタウェイ,ジプシーハイウェイ,"High Chaparral",黒鹿,180312,   12.6,  ,    ,44.0
24,02,25,1,阪神,2,09,松籟ＳＨ･3勝,67,芝,0,3000,重,アップデート      ,牡,5,高倉稜,55.0,12,09,7,7,0,1.5,8,188.8,"3088",0,10,10,9,7,37.9,508,杉山晴紀,栗,0,19101716,01130,01157,0924120909,石川達絵,白井牧場,エピファネイア,ラヴィアンフルール,ステイゴールド,鹿毛,190405,   30.2,  ,    ,49.5
24,02,25,1,阪神,2,09,松籟ＳＨ･3勝,67,芝,0,3000,重,アスティ          ,セ,8,松若風馬,53.0,12,10,5,5,0,1.1,11,188.4,"3084",0,11,10,9,7,37.5,428,堀内岳志,美,184,16104998,01154,01189,0924120910,山口謙太郎,社台ファーム,オルフェーヴル,クィーンスプマンテ,ジャングルポケット,栗毛,160503,   59.5,  ,    ,50.6
24,02,25,1,阪神,2,09,松籟ＳＨ･3勝,67,芝,0,3000,重,ナイトインロンドン,牡,4,和田竜二,56.0,12,11,8,8,0,1.5,1,188.8,"3088",0,8,8,7,7,38.1,474,大竹正博,美,0,20101152,01018,01102,0924120911,窪田芳郎,坂東牧場,グレーターロンドン,ムーンハウリング,メジロマックイーン,芦毛,200310,    2.0,  ,    ,48.9
24,02,25,1,阪神,2,09,松籟ＳＨ･3勝,67,芝,0,3000,重,ラズルダズル      ,牡,7,ムルザバ,55.0,12,12,12,12,0,11.4,9,198.7,"3187",0,3,3,7,12,46.8,478,茶木太樹,栗,0,17105602,05627,01181,0924120912,サンデーレーシング,ノーザンファーム,ルーラーシップ,ラシンティランテ,アグネスタキオン,鹿毛,170127,   33.0,  ,    ,31.1
24,02,25,1,阪神,2,10,マーガレ(L),115,芝,0,1200,重,クリスアーサー    ,牡,3,河原田菜,57.0,11,01,6,6,0,1.1,5,70.5,"1105",0,0,0,5,4,36,512,渡辺薫彦,栗,0,21104006,01204,01155,0924121001,大戸志浦,高橋陵,ビッグアーサー,オートクリス,シンボリクリスエス,鹿毛,210403,    8.8,  ,    ,45.8
24,02,25,1,阪神,2,10,マーガレ(L),115,芝,0,1200,重,ビッグドリーム    ,牡,3,ムルザバ,57.0,11,02,8,8,0,1.6,1,71,"1110",0,0,0,5,6,36.3,524,西園正都,栗,0,21100899,05627,01028,0924121002,中辻明,バンブー牧場,ビッグアーサー,アンナペレンナ,"Tale of Ekati",鹿毛,210318,    4.2,  ,    ,45.6
24,02,25,1,阪神,2,10,マーガレ(L),115,芝,0,1200,重,スピリットガイド  ,牡,3,岩田康誠,57.0,11,03,3,3,0,0.6,7,70,"1100",0,0,0,8,8,35,516,手塚貴久,美,500,21110021,05203,01038,0924121003,H.H.シェイク・ハム,Godolphin,"Invincible Spirit","Easy Victory",Dubawi,鹿毛,210324,   10.4,  ,    ,50.0
24,02,25,1,阪神,2,10,マーガレ(L),115,芝,0,1200,重,ナナオ            ,牝,3,和田竜二,56.0,11,04,1,1,0,-0.4,2,69.4,"1094",0,0,0,2,2,35.1,422,小栗実,栗,2000,21102392,01018,01194,0924121004,増田和啓,二風谷ファーム,ロードカナロア,バイザディンプル,オルフェーヴル,鹿毛,210416,    5.1,  ,    ,47.7
24,02,25,1,阪神,2,10,マーガレ(L),115,芝,0,1200,重,ジャスパーノワール,牡,3,松若風馬,57.0,11,05,10,10,0,2.2,8,71.6,"1116",0,0,0,2,2,37.3,506,森秀行,栗,0,21110132,01154,00427,0924121005,加藤和夫,"Nina Theodora Camp",Frosted,"Funny Bay","Medaglia d'Oro",栗毛,210316,   11.9,  ,    ,42.0
24,02,25,1,阪神,2,10,マーガレ(L),115,芝,0,1200,重,ロードフロンティア,牡,3,田口貫太,57.0,11,06,11,11,0,2.4,10,71.8,"1118",0,0,0,2,4,37.3,454,松下武士,栗,0,21100161,01208,01149,0924121006,ロードホースクラブ,ケイアイファーム,ロードカナロア,フラーティングアウェイ,"Distorted Humor",鹿毛,210414,   58.0,  ,    ,42.5
24,02,25,1,阪神,2,10,マーガレ(L),115,芝,0,1200,重,クランフォード    ,牝,3,ルメート,55.0,11,07,7,7,0,1.2,6,70.6,"1106",0,0,0,5,6,35.8,452,杉山晴紀,栗,0,21100139,05659,01157,0924121007,ロードホースクラブ,ケイアイファーム,ブリックスアンドモルタル,エンジェルフェイス,キングカメハメハ,鹿毛,210203,    8.9,  ,    ,47.2
24,02,25,1,阪神,2,10,マーガレ(L),115,芝,0,1200,重,ピューロマジック  ,牝,3,松山弘平,55.0,11,08,2,2,0,0.4,3,69.8,"1098",0,0,0,1,1,35.7,450,安田隆行,栗,800,21107058,01126,00438,0924121008,スリーエイチレーシ,村田牧場,アジアエクスプレス,メジェルダ,ディープインパクト,鹿毛,210218,    5.2,  ,    ,45.5
24,02,25,1,阪神,2,10,マーガレ(L),115,芝,0,1200,重,ゼルトザーム      ,牡,3,池添謙一,58.0,11,09,5,5,0,0.9,9,70.3,"1103",0,0,0,8,8,35.3,466,加用正,栗,200,21103080,01032,00425,0924121009,宮川純造,富田牧場,ヘニーヒューズ,ロザリウム,キングカメハメハ,栗毛,210218,   13.2,  ,    ,49.2
24,02,25,1,阪神,2,10,マーガレ(L),115,芝,0,1200,重,ベント            ,セ,3,小崎綾也,57.0,11,10,9,9,0,2.1,11,71.5,"1115",0,0,0,10,11,35.8,424,小崎憲,栗,0,21104504,01152,01085,0924121010,ケーエスHD,前谷武志,カリフォルニアクローム,クイーンオブハルカ,Singspiel,栗毛,210316,  364.1,  ,    ,49.7
24,02,25,1,阪神,2,10,マーガレ(L),115,芝,0,1200,重,ミルテンベルク    ,牡,3,藤岡康太,57.0,11,11,4,4,0,0.8,4,70.2,"1102",0,0,0,10,10,34.7,476,武英智,栗,300,21105771,01116,01161,0924121011,キャロットファーム,ノーザンファーム,モーリス,ペルレンケッテ,ディープインパクト,鹿毛,210414,    7.7,  ,    ,52.3
24,02,25,1,阪神,2,11,阪急杯G3,163,芝,0,1400,重,ウインマーベル    ,牡,5,松山弘平,58.0,18,01,1,1,0,0,1,81.2,"1212",0,0,0,4,4,35.6,476,深山雅史,美,4300,19100213,01126,01174,0924121101,ウイン,コスモヴューファー,アイルハヴアナザー,コスモマーベラス,フジキセキ,栗毛,190508,    3.4,  ,    ,46.1
24,02,25,1,阪神,2,11,阪急杯G3,163,芝,0,1400,重,サンライズロナウド,牡,5,古川吉洋,57.0,18,02,3,3,0,0.1,9,81.3,"1213",0,0,0,10,8,35.4,476,安田隆行,栗,1100,19105087,01015,00438,0924121102,ライフハウス,ノーザンファーム,ハービンジャー,ヴァイスハイト,アドマイヤベガ,黒鹿,190509,   24.7,  ,    ,47.2
24,02,25,1,阪神,2,11,阪急杯G3,163,芝,0,1400,重,サトノアイ        ,牝,6,田口貫太,55.0,18,03,14,14,0,1.8,17,83,"1230",0,0,0,10,10,37.1,452,須貝尚介,栗,0,18106504,01208,01105,0924121103,里見治,三嶋牧場,ハーツクライ,キャッチザカクテル,"Catcher In The Rye",青鹿,180308,  296.9,  ,    ,42.8
24,02,25,1,阪神,2,11,阪急杯G3,163,芝,0,1400,重,ルプリュフォール  ,セ,8,岩田康誠,57.0,18,04,6,6,0,0.9,10,82.1,"1221",0,0,0,18,18,35.5,500,松永幹夫,栗,0,16105223,05203,01092,0924121104,名古屋友豊,社台ファーム,ロードカナロア,マイノチカラ,サンデーサイレンス,鹿毛,160307,   31.1,  ,    ,48.5
24,02,25,1,阪神,2,11,阪急杯G3,163,芝,0,1400,重,メイショウチタン  ,牡,7,藤岡康太,57.0,18,05,13,13,0,1.7,12,82.9,"1229",0,0,0,2,2,37.5,484,本田優,栗,0,17104172,01116,01099,0924121105,松本好隆,松田牧場,ロードカナロア,ラルティスタ,マイネルラヴ,黒鹿,170312,   61.3,  ,    ,40.8
24,02,25,1,阪神,2,11,阪急杯G3,163,芝,0,1400,重,タマモブラックタイ,牡,4,角田大和,57.0,18,06,15,15,0,2.2,8,83.4,"1234",0,0,0,8,5,37.6,518,角田晃一,栗,0,20105400,01186,01121,0924121106,タマモ,対馬正,デクラレーションオブウォー,タマモイヤリング,ブラックタイド,鹿毛,200420,   21.0,  ,    ,41.4
24,02,25,1,阪神,2,11,阪急杯G3,163,芝,0,1400,重,スマートクラージュ,牡,7,池添謙一,57.0,18,07,10,10,0,1.4,5,82.6,"1226",0,0,0,4,5,36.9,492,池江泰寿,栗,0,17100091,01032,01071,0924121107,大川徹,いとう牧場,ディープインパクト,レジェトウショウ,キングヘイロー,鹿毛,170422,   11.2,  ,    ,42.9
24,02,25,1,阪神,2,11,阪急杯G3,163,芝,0,1400,重,カルロヴェローチェ,牡,4,酒井学,57.0,18,08,8,8,0,1.3,6,82.5,"1225",0,0,0,10,12,36.5,506,須貝尚介,栗,0,20103434,01034,01105,0924121108,"TO RACING",ノーザンファーム,シルバーステート,スサーナトウショウ,ロックオブジブラルタル,鹿毛,200118,   17.2,  ,    ,44.5
24,02,25,1,阪神,2,11,阪急杯G3,163,芝,0,1400,重,サトノレーヴ      ,牡,5,小崎綾也,57.0,18,09,4,4,0,0.4,4,81.6,"1216",0,0,0,2,3,36.1,544,堀宣行,美,650,19101700,01152,01070,0924121109,里見治,白井牧場,ロードカナロア,チリエージェ,サクラバクシンオー,鹿毛,190322,    8.2,  ,    ,44.5
24,02,25,1,阪神,2,11,阪急杯G3,163,芝,0,1400,重,デュガ            ,牡,5,松若風馬,57.0,18,10,11,11,0,1.5,16,82.7,"1227",0,0,0,17,16,36.3,510,森秀行,栗,0,19110102,01154,00427,0924121110,藤田晋,"Erv Woolsey & Ralp","Practical Joke",Untraveled,"Canadian Frontier",鹿毛,190331,  181.4,  ,    ,45.9
24,02,25,1,阪神,2,11,阪急杯G3,163,芝,0,1400,重,ボルザコフスキー  ,牡,5,ムルザバ,57.0,18,11,5,5,0,0.8,7,82,"1220",0,0,0,14,12,35.9,512,清水久詞,栗,430,19100684,05627,01110,0924121111,犬塚悠治郎,ハクレイファーム,キズナ,ベラルーサ,Orpen,黒鹿,190210,   18.9,  ,    ,46.3
24,02,25,1,阪神,2,11,阪急杯G3,163,芝,0,1400,重,ホープフルサイン  ,牡,8,原優介,57.0,18,12,7,7,0,1,15,82.2,"1222",0,0,0,15,15,36,510,本間忍,美,0,16102073,01184,01056,0924121112,アドバンス・サッポ,日進牧場,モンテロッソ,ステラーホープ,グラスワンダー,黒鹿,160308,  165.0,  ,    ,46.3
24,02,25,1,阪神,2,11,阪急杯G3,163,芝,0,1400,重,ワールドウインズ  ,セ,7,角田大河,57.0,18,13,12,12,0,1.6,14,82.8,"1228",0,0,0,15,16,36.5,460,笹田和秀,栗,0,17104093,01199,01104,0924121113,川勝裕之,藤原牧場,ルーラーシップ,エイジアンウインズ,フジキセキ,鹿毛,170310,  162.8,  ,    ,45.1
24,02,25,1,阪神,2,11,阪急杯G3,163,芝,0,1400,重,エンペザー        ,牡,5,高倉稜,57.0,18,14,16,16,0,2.3,13,83.5,"1235",0,0,0,4,5,37.8,506,田中克典,栗,0,19102888,01130,01180,0924121114,リーヴァ,上村清志,ロードカナロア,ロージーローズ,シンボリクリスエス,鹿毛,190309,  109.9,  ,    ,40.7
24,02,25,1,阪神,2,11,阪急杯G3,163,芝,0,1400,重,ダノンティンパニー,牡,6,ルメート,57.0,18,15,9,9,0,1.4,2,82.6,"1226",0,0,0,10,10,36.6,480,中内田充,栗,0,18106559,05659,01137,0924121115,ダノックス,三嶋牧場,ディープインパクト,ライトニングパール,Marju,鹿毛,180216,    3.8,  ,    ,44.3
24,02,25,1,阪神,2,11,阪急杯G3,163,芝,0,1400,重,アサカラキング    ,牡,4,斎藤新,57.0,18,16,2,2,0,0,3,81.2,"1212",0,0,0,1,1,35.9,524,斎藤誠,美,1700,20105154,01178,01086,0924121116,山口雄司,協和牧場,キズナ,アサカラヴァーズ,キングヘイロー,鹿毛,200304,    5.1,  ,    ,44.6
24,02,25,1,阪神,2,11,阪急杯G3,163,芝,0,1400,重,カリボール        ,牡,8,和田竜二,57.0,18,17,18,18,0,3.2,18,84.4,"1244",0,0,0,8,12,38.4,496,西村真幸,栗,0,16104668,01018,01148,0924121117,大和屋暁,ノーザンファーム,ジャスタウェイ,レイズアンドコール,サクラバクシンオー,鹿毛,160312,  510.6,  ,    ,39.8
24,02,25,1,阪神,2,11,阪急杯G3,163,芝,0,1400,重,メイショウホシアイ,牝,6,泉谷楓真,55.0,18,18,17,17,0,3,11,84.2,"1242",0,0,0,4,8,38.4,496,高橋亮,栗,0,18106388,01182,01136,0924121118,松本好雄,富田牧場,モーリス,マカロンドナンシー,ダンスインザダーク,栗毛,180210,   58.9,  ,    ,39.5
24,02,25,1,阪神,2,12,１勝ｸﾗｽ,23,ダ,1,1200,不,ルショコラ        ,牝,5,角田大河,55.0,15,01,8,8,0,1,11,72,"1120",0,0,0,6,5,36.8,474,吉田直弘,栗,0,19100786,01199,01101,0924121201,サラブレッドクラブ,ビッグレッドファー,スクリーンヒーロー,マイネショコラーデ,ロージズインメイ,青鹿,190506,   65.7,  ,    ,45.7
24,02,25,1,阪神,2,12,１勝ｸﾗｽ,23,ダ,1,1200,不,ロードガーディアン,牡,5,藤岡康太,58.0,15,02,15,15,0,6.9,15,77.9,"1179",0,0,0,1,2,43.3,518,小栗実,栗,0,19103013,01116,01194,0924121202,ロードホースクラブ,ケイアイファーム,ロードカナロア,キープセイク,"Sea The Stars",鹿毛,190210,  248.3,  ,    ,29.9
24,02,25,1,阪神,2,12,１勝ｸﾗｽ,23,ダ,1,1200,不,タイガークリスエス,牡,5,田口貫太,57.0,15,03,6,6,0,0.9,6,71.9,"1119",0,0,0,3,2,36.9,502,大橋勇樹,栗,0,19102292,01208,01065,0924121203,伊藤和夫,門別牧場,ラブリーデイ,コフィーチャン,シンボリクリスエス,黒鹿,190508,   15.5,  ,    ,44.9
24,02,25,1,阪神,2,12,１勝ｸﾗｽ,23,ダ,1,1200,不,スターザサンライズ,牝,5,今村聖奈,53.0,15,04,12,12,0,1.5,10,72.5,"1125",0,0,0,13,13,36.2,448,安田隆行,栗,0,19101624,01193,00438,0924121204,ライフハウス,下河辺牧場,ロードカナロア,シャンパンフルート,クロフネ,芦毛,190127,   52.4,  ,    ,50.3
24,02,25,1,阪神,2,12,１勝ｸﾗｽ,23,ダ,1,1200,不,ルソレイユ        ,牡,4,高倉稜,58.0,15,05,13,13,0,1.8,7,72.8,"1128",0,0,0,8,8,37.3,520,北出成人,栗,0,20100897,01130,01078,0924121205,サクラターフィーク,バンブー牧場,ビッグアーサー,ヴェリーバンブー,ファルブラヴ,鹿毛,200305,   20.9,  ,    ,45.2
24,02,25,1,阪神,2,12,１勝ｸﾗｽ,23,ダ,1,1200,不,サクハル          ,牡,5,長岡禎仁,58.0,15,06,1,1,0,-0.4,8,71,"1110",0,0,0,2,1,36.3,504,今野貞一,栗,800,19103556,01142,01128,0924121206,落合稔,川越ファーム,ヘニーヒューズ,アイカギ,ファンタスティックライト,鹿毛,190417,   31.3,  ,    ,45.6
24,02,25,1,阪神,2,12,１勝ｸﾗｽ,23,ダ,1,1200,不,ロードドミニオン  ,セ,7,松若風馬,58.0,15,07,2,2,0,0.4,12,71.4,"1114",0,0,0,3,2,36.4,444,畑端省吾,栗,320,17103656,01154,01188,0924121207,ロードホースクラブ,タイヘイ牧場,ロードカナロア,サウンドオブハート,アグネスタキオン,鹿毛,170316,   94.1,  ,    ,46.2
24,02,25,1,阪神,2,12,１勝ｸﾗｽ,23,ダ,1,1200,不,フリークボンバー  ,牡,7,河原田菜,54.0,15,08,14,14,0,1.9,13,72.9,"1129",0,0,0,14,15,36.3,500,岡田稲男,栗,0,17103822,01204,01066,0924121208,吉永清美,千代田牧場,ダノンシャンティ,ヒラボクミラクル,アグネスデジタル,黒鹿,170425,   96.4,  ,    ,50.8
24,02,25,1,阪神,2,12,１勝ｸﾗｽ,23,ダ,1,1200,不,グッジョブ        ,牡,4,ルメート,58.0,15,09,3,3,0,0.5,2,71.5,"1115",0,0,0,8,8,36,464,牧浦充徳,栗,200,20101182,05659,01113,0924121209,馬場幸夫,雅牧場,ベストウォーリア,ハッピーロングラン,ネオユニヴァース,鹿毛,200428,    3.9,  ,    ,48.6
24,02,25,1,阪神,2,12,１勝ｸﾗｽ,23,ダ,1,1200,不,マイネルフォーコン,牡,4,和田竜二,58.0,15,10,11,11,0,1.3,1,72.3,"1123",0,0,0,6,5,37.1,484,西園翔太,栗,0,20104523,01018,01196,0924121210,サラブレッドクラブ,千代田牧場,アジアエクスプレス,マジックシアター,ネオユニヴァース,鹿毛,200405,    2.3,  ,    ,44.9
24,02,25,1,阪神,2,12,１勝ｸﾗｽ,23,ダ,1,1200,不,カフェベラノッテ  ,牡,5,原優介,57.0,15,11,4,4,0,0.8,3,71.8,"1118",0,0,0,5,5,36.6,472,中舘英二,美,120,19103308,01184,01153,0924121211,西川光一,三石橋本牧場,アロマカフェ,カフェララルー,Stravinsky,栗毛,190506,    7.1,  ,    ,46.2
24,02,25,1,阪神,2,12,１勝ｸﾗｽ,23,ダ,1,1200,不,レゾルシオン      ,牡,4,ムルザバ,58.0,15,12,5,5,0,0.8,9,71.8,"1118",0,0,0,11,10,36.2,474,鈴木孝志,栗,80,20100747,05627,01111,0924121212,前田幸貴,高昭牧場,エピファネイア,ミュゲプリンセス,エンパイアメーカー,黒鹿,200222,   39.9,  ,    ,48.3
24,02,25,1,阪神,2,12,１勝ｸﾗｽ,23,ダ,1,1200,不,シュバルツガイスト,牡,4,松山弘平,58.0,15,13,7,7,0,0.9,4,71.9,"1119",0,0,0,8,10,36.3,498,国枝栄,美,0,20103575,01126,00399,0924121213,インゼルレーシング,ノーザンファーム,キタサンブラック,フリーティングスピリット,"Invincible Spirit",黒鹿,200215,    8.6,  ,    ,48.1
24,02,25,1,阪神,2,12,１勝ｸﾗｽ,23,ダ,1,1200,不,ダンスインザリング,牡,4,岩田康誠,58.0,15,14,10,10,0,1.2,14,72.2,"1122",0,0,0,12,12,36.3,456,武井亮,美,0,20107199,05203,01147,0924121214,古賀慎一,惣田英幸,キンシャサノキセキ,ナイツエンド,"End Sweep",鹿毛,200326,  134.9,  ,    ,48.9
24,02,25,1,阪神,2,12,１勝ｸﾗｽ,23,ダ,1,1200,不,ムコウジマランプ  ,牡,4,古川奈穂,54.0,15,15,9,9,0,1,5,72,"1120",0,0,0,14,14,35.5,504,中野栄治,美,0,20104623,01190,01010,0924121215,芳賀克也,野坂牧場,ナムラタイタン,イタリアンフェッテ,ヨハネスブルグ,栗毛,200326,   11.6,  ,    ,52.8
24,03,02,1,阪神,3,01,未勝利・牝,7,ダ,1,1800,重,クリノアクアマリン,牝,3,古川奈穂,51.0,12,01,11,11,0,2.1,12,117.9,"1579",0,10,10,10,11,39.4,416,藤沢則雄,栗,0,21102139,01190,01041,0924130101,栗本博晴,三輪牧場,アスカクリチャン,クリノレイステル,ヴァーミリアン,鹿毛,210408,  344.2,  ,    ,49.6
24,03,02,1,阪神,3,01,未勝利・牝,7,ダ,1,1800,重,ランスオブセヘル  ,牝,3,ルメール,55.0,12,02,8,8,0,1.1,5,116.9,"1569",0,5,5,5,5,39.4,486,奥村豊,栗,0,21102754,05339,01146,0924130102,五影慶則,金成吉田牧場,サトノアラジン,ビシャーラ,Alhaarth,鹿毛,210328,    7.5,  ,    ,48.4
24,03,02,1,阪神,3,01,未勝利・牝,7,ダ,1,1800,重,ミスパープル      ,牝,3,西村淳也,55.0,12,03,7,7,0,0.9,1,116.7,"1567",0,3,3,3,3,39.4,484,松永幹夫,栗,0,21100685,01171,01092,0924130103,桑田牧場,桑田牧場,サトノダイヤモンド,ショウナンワヒネ,シンボリクリスエス,鹿毛,210118,    2.2,  ,    ,48.1
24,03,02,1,阪神,3,01,未勝利・牝,7,ダ,1,1800,重,ゴーダンシング    ,牝,3,今村聖奈,52.0,12,04,10,10,0,2,9,117.8,"1578",0,8,9,9,8,39.8,454,武英智,栗,0,21102340,01193,01161,0924130104,前田剛,川向高橋育成牧場,サンダースノー,ロゼットブルー,ハービンジャー,鹿毛,210205,   69.7,  ,    ,48.0
24,03,02,1,阪神,3,01,未勝利・牝,7,ダ,1,1800,重,ハイウェイスター  ,牝,3,藤岡佑介,55.0,12,05,6,6,0,0.9,2,116.7,"1567",0,7,7,7,6,38.9,476,宮本博,栗,0,21106621,01093,01073,0924130105,ノースヒルズ,ノースヒルズ,アメリカンペイトリオット,キエレ,"Distorted Humor",鹿毛,210327,    4.9,  ,    ,50.0
24,03,02,1,阪神,3,01,未勝利・牝,7,ダ,1,1800,重,メイショウムーヴ  ,牝,3,角田大河,54.0,12,06,12,12,0,2.6,11,118.4,"1584",0,11,11,11,12,39.3,444,荒川義之,栗,0,21100994,01199,01095,0924130106,松本好雄,村下明博,マジェスティックウォリアー,メイショウユーコン,ハーツクライ,鹿毛,210331,  322.4,  ,    ,50.6
24,03,02,1,阪神,3,01,未勝利・牝,7,ダ,1,1800,重,デイムサンライズ  ,牝,3,岩田康誠,55.0,12,07,4,4,0,0.6,8,116.4,"1564",0,12,12,11,10,37.9,444,牧浦充徳,栗,83,21102223,05203,01113,0924130107,松岡隆雄,ヤナガワ牧場,シニスターミニスター,サンデーローズ,ブライアンズタイム,鹿毛,210410,   35.4,  ,    ,53.6
24,03,02,1,阪神,3,01,未勝利・牝,7,ダ,1,1800,重,ナムラリーナ      ,牝,3,和田竜二,55.0,12,08,3,3,0,0.1,6,115.9,"1559",0,1,1,1,1,38.9,502,川村禎彦,栗,140,21104304,01018,01003,0924130108,奈村睦弘,八田ファーム,アニマルキングダム,ナムラオツウ,ディープインパクト,鹿毛,210419,   22.8,  ,    ,49.0
24,03,02,1,阪神,3,01,未勝利・牝,7,ダ,1,1800,重,シャローム        ,牝,3,松山弘平,55.0,12,09,2,2,0,0.1,4,115.9,"1559",0,2,2,2,2,38.8,460,茶木太樹,栗,220,21104141,01126,01181,0924130109,飯田正剛,千代田牧場,サトノクラウン,ビバパーチェ,エンパイアメーカー,鹿毛,210326,    7.4,  ,    ,49.4
24,03,02,1,阪神,3,01,未勝利・牝,7,ダ,1,1800,重,ラスク            ,牝,3,鮫島克駿,55.0,12,10,5,5,0,0.9,7,116.7,"1567",0,8,8,8,8,38.7,458,中村直也,栗,55,21100280,01157,01186,0924130110,土田重実,土田農場,ドゥラメンテ,リュシオル,クロフネ,黒鹿,210227,   24.8,  ,    ,50.8
24,03,02,1,阪神,3,01,未勝利・牝,7,ダ,1,1800,重,マリリア          ,牝,3,松若風馬,55.0,12,11,9,9,0,1.8,10,117.6,"1576",0,5,5,5,6,40.1,458,吉田直弘,栗,0,21103782,01154,01101,0924130111,二口雅一,サカイファーム,オルフェーヴル,ジアトレーゼ,ティンバーカントリー,栗毛,210326,   78.2,  ,    ,46.6
24,03,02,1,阪神,3,01,未勝利・牝,7,ダ,1,1800,重,アキミューミュー  ,牝,3,ムルザバ,55.0,12,12,1,1,0,-0.1,3,115.8,"1558",0,3,3,3,3,38.5,458,安田隆行,栗,550,21105344,05627,00438,0924130112,スリーエイチレーシ,ノーザンファーム,サトノクラウン,アイスドール,キャプテンスティーヴ,黒鹿,210313,    5.0,  ,    ,50.4
24,03,02,1,阪神,3,02,未勝利,7,ダ,1,1400,重,ラピダリア        ,牝,3,角田大河,54.0,15,01,4,4,0,0.6,10,86.8,"1268",0,0,0,3,3,39.5,442,吉田直弘,栗,83,21100652,01199,01101,0924130201,水上行雄,笠松牧場,マジェスティックウォリアー,ベルクリア,ヴァーミリアン,芦毛,210405,   41.1,  ,    ,39.8
24,03,02,1,阪神,3,02,未勝利,7,ダ,1,1400,重,ロードスタウト    ,牡,3,鮫島克駿,57.0,15,02,10,10,0,2.1,9,88.3,"1283",0,0,0,13,12,39.9,456,中村直也,栗,0,21100159,01157,01186,0924130202,ロードホースクラブ,ケイアイファーム,ロードカナロア,フィラデルフィア,ディープインパクト,黒鹿,210321,   35.8,  ,    ,41.0
24,03,02,1,阪神,3,02,未勝利,7,ダ,1,1400,重,ウインクメイド    ,牝,3,酒井学,55.0,15,03,9,9,0,1.8,11,88,"1280",0,0,0,5,5,40.4,460,笹田和秀,栗,0,21100411,01034,01104,0924130203,MMSホールディング,前川勝春,カリフォルニアクローム,オールプリュネル,ステイゴールド,鹿毛,210425,   64.1,  ,    ,38.4
24,03,02,1,阪神,3,02,未勝利,7,ダ,1,1400,重,マテンロウブラボー,牡,3,団野大成,57.0,15,04,11,11,0,2.8,3,89,"1290",0,0,0,9,9,41,494,野中賢二,栗,0,21101422,01180,01098,0924130204,寺田千代乃,下河辺牧場,モーリス,トリニティプレイス,マンハッタンカフェ,鹿毛,210127,    6.8,  ,    ,37.8
24,03,02,1,阪神,3,02,未勝利,7,ダ,1,1400,重,ゼットシルヴィア  ,牝,3,和田竜二,55.0,15,05,7,7,0,1.4,5,87.6,"1276",0,0,0,5,5,40,438,川村禎彦,栗,0,21104414,01018,01003,0924130205,フォーレスト,フジワラフアーム,マクフィ,ネオシルヴィア,ネオユニヴァース,鹿毛,210520,   17.7,  ,    ,39.2
24,03,02,1,阪神,3,02,未勝利,7,ダ,1,1400,重,レッドリベルタ    ,牡,3,田辺裕信,57.0,15,06,1,1,0,0,4,86.2,"1262",0,0,0,9,8,38.3,446,庄野靖志,栗,550,21102436,01075,01087,0924130206,東京ホースレーシン,坂東牧場,リアルスティール,レッドディオーサ,キングカメハメハ,鹿毛,210303,    6.8,  ,    ,43.8
24,03,02,1,阪神,3,02,未勝利,7,ダ,1,1400,重,ドレスウェル      ,牝,3,北村友一,55.0,15,07,13,13,0,3.6,13,89.8,"1298",0,0,0,15,15,40.5,426,平田修,栗,0,21102588,01102,01082,0924130207,松岡隆雄,浦河小林牧場,シニスターミニスター,カシュカシュ,アフリート,鹿毛,210326,  102.9,  ,    ,41.3
24,03,02,1,阪神,3,02,未勝利,7,ダ,1,1400,重,サンノーブル      ,セ,3,和田翼,57.0,15,08,14,14,0,3.9,6,90.1,"1301",0,0,0,13,14,41.6,462,谷潔,栗,0,21100831,01146,00431,0924130208,加藤信之,高岸順一,ダノンレジェンド,エンダレ,ゴールドアリュール,黒鹿,210412,   18.0,  ,    ,37.4
24,03,02,1,阪神,3,02,未勝利,7,ダ,1,1400,重,ノッツェドーロ    ,牝,3,ルメール,55.0,15,09,12,12,0,3.3,8,89.5,"1295",0,0,0,9,9,41.4,428,庄野靖志,栗,0,21101559,05339,01087,0924130209,NICKS,スマイルファーム,スワーヴリチャード,ノッツダルジェント,バゴ,黒鹿,210322,   25.3,  ,    ,37.1
24,03,02,1,阪神,3,02,未勝利,7,ダ,1,1400,重,ポートカルタヘナ  ,牝,3,松若風馬,55.0,15,10,6,6,0,1.3,14,87.5,"1275",0,0,0,1,1,40.4,478,畑端省吾,栗,0,21104615,01154,01188,0924130210,中村祐子,ハーモニーストック,モーニン,ロスカティオス,ティンバーカントリー,栗毛,210411,  123.9,  ,    ,37.4
24,03,02,1,阪神,3,02,未勝利,7,ダ,1,1400,重,サンピアノソナタ  ,牝,3,西村淳也,55.0,15,11,2,2,0,0,7,86.2,"1262",0,0,0,7,5,38.6,452,佐々木晶,栗,220,21100074,01171,00429,0924130211,加藤ステーブル,片山牧場,ニューイヤーズデイ,ピアノボレロ,ダンスインザダーク,鹿毛,210227,   19.3,  ,    ,42.5
24,03,02,1,阪神,3,02,未勝利,7,ダ,1,1400,重,アンモード        ,牡,3,ムルザバ,57.0,15,12,5,5,0,0.8,2,87,"1270",0,0,0,12,9,38.7,492,西村真幸,栗,55,21105448,05627,01148,0924130212,サンデーレーシング,ノーザンファーム,ドレフォン,エレガントマナー,シンボリクリスエス,鹿毛,210321,    3.1,  ,    ,43.6
24,03,02,1,阪神,3,02,未勝利,7,ダ,1,1400,重,ゲーベル          ,牡,3,松山弘平,57.0,15,13,3,3,0,0.1,1,86.3,"1263",0,0,0,2,2,39,510,渡辺薫彦,栗,140,21100786,01126,01155,0924130213,カナヤマホールディ,鮫川啓一,ミッキーアイル,ハイノリッジ,マンハッタンカフェ,鹿毛,210403,    2.9,  ,    ,41.0
24,03,02,1,阪神,3,02,未勝利,7,ダ,1,1400,重,ルナプレス        ,牝,3,小牧太,55.0,15,14,15,15,0,4.3,12,90.5,"1305",0,0,0,7,12,42.4,472,藤沢則雄,栗,0,21104012,00894,01041,0924130214,大戸志浦,高橋陵,アジアエクスプレス,マーティンルナ,ハービンジャー,栗毛,210401,   86.3,  ,    ,35.1
24,03,02,1,阪神,3,02,未勝利,7,ダ,1,1400,重,フィローシャ      ,牡,3,今村聖奈,54.0,15,15,8,8,0,1.4,15,87.6,"1276",0,0,0,3,3,40.2,476,中野栄治,美,0,21106050,01193,01010,0924130215,山本三津子,石田牧場,ミッキーグローリー,マサカーネ,トワイニング,鹿毛,210420,  221.4,  ,    ,38.4
24,03,02,1,阪神,3,03,未勝利,7,ダ,1,1800,重,ホワイトリバー    ,牡,3,田口貫太,56.0,14,01,6,6,0,0.4,13,116.1,"1561",0,13,12,12,10,38.5,446,武英智,栗,0,21100679,01208,01161,0924130301,桑田牧場,桑田牧場,サトノクラウン,サダムノンノ,ディープインパクト,鹿毛,210216,  464.4,  ,    ,50.8
24,03,02,1,阪神,3,03,未勝利,7,ダ,1,1800,重,ビスクウィザード  ,牡,3,ルメール,57.0,14,02,5,5,0,0.4,3,116.1,"1561",0,1,1,1,1,39.5,560,高柳大輔,栗,55,21105269,05339,01159,0924130302,社台レースホース,社台ファーム,マインドユアビスケッツ,ララベル,ゴールドアリュール,栃栗,210510,    6.2,  ,    ,47.0
24,03,02,1,阪神,3,03,未勝利,7,ダ,1,1800,重,ソーニーイシュー  ,牡,3,団野大成,57.0,14,03,2,2,0,0.2,10,115.9,"1559",0,2,2,2,2,39.2,512,千田輝彦,栗,220,21101705,01180,01120,0924130303,ゴドルフィン,ダーレー・ジャパン,シニスターミニスター,ローズストリート,ストリートセンス,黒鹿,210307,   66.1,  ,    ,47.8
24,03,02,1,阪神,3,03,未勝利,7,ダ,1,1800,重,メイショウアンゾフ,牡,3,藤岡佑介,57.0,14,04,7,7,0,1,9,116.7,"1567",0,10,9,10,12,39,448,四位洋文,栗,0,21103159,01093,01184,0924130304,松本好雄,日の出牧場,マジェスティックウォリアー,エフティアテナ,ルーラーシップ,鹿毛,210308,   64.0,  ,    ,49.6
24,03,02,1,阪神,3,03,未勝利,7,ダ,1,1800,重,タガノフルチャンス,牡,3,松若風馬,57.0,14,05,9,9,0,1.2,8,116.9,"1569",0,4,4,4,3,39.9,502,平田修,栗,0,21107108,01154,01082,0924130305,八木良司,八木牧場,マジェスティックウォリアー,タガノディーバ,フジキセキ,黒鹿,210416,   32.6,  ,    ,46.5
24,03,02,1,阪神,3,03,未勝利,7,ダ,1,1800,重,アタラヨ          ,牝,3,松山弘平,55.0,14,06,13,13,0,2.7,4,118.4,"1584",0,7,7,8,9,41.1,448,松永幹夫,栗,0,21110070,01126,01092,0924130306,前田幸大,"North Hills Co. Li",Justify,"Magic Fountain","War Front",黒鹿,210107,    8.7,  ,    ,44.0
24,03,02,1,阪神,3,03,未勝利,7,ダ,1,1800,重,エアサンサーラ    ,牡,3,ムルザバ,57.0,14,07,1,1,0,-0.2,1,115.7,"1557",0,4,6,6,7,38.4,584,辻野泰之,栗,550,21110159,05627,01183,0924130307,ラッキーフィールド,"Sekie Yoshihara &",Nyquist,Yuzuru,"Medaglia d'Oro",黒鹿,210311,    2.4,  ,    ,50.7
24,03,02,1,阪神,3,03,未勝利,7,ダ,1,1800,重,ミレフォス        ,牡,3,古川奈穂,53.0,14,08,8,8,0,1,5,116.7,"1567",0,9,9,6,3,39.4,534,矢作芳人,栗,0,21104163,01190,01075,0924130308,寺田寿男,千代田牧場,キズナ,ミリオンドリームズ,Frankel,黒鹿,210208,   13.3,  ,    ,48.1
24,03,02,1,阪神,3,03,未勝利,7,ダ,1,1800,重,シンボルザサン    ,セ,3,石橋脩,57.0,14,09,12,12,0,2.5,14,118.2,"1582",0,13,12,13,13,40.1,446,奥村武,美,0,21105186,01077,01145,0924130309,吉田照哉,社台ファーム,トーセンラー,ファンタジックアイ,ネオユニヴァース,鹿毛,210423,  726.1,  ,    ,47.4
24,03,02,1,阪神,3,03,未勝利,7,ダ,1,1800,重,トゥラッタッタ    ,牡,3,西村淳也,57.0,14,10,3,3,0,0.3,11,116,"1560",0,10,9,10,10,38.4,474,石坂公一,栗,140,21102973,01171,01166,0924130310,大塚亮一,辻牧場,デクラレーションオブウォー,クイーンマザー,ハーツクライ,鹿毛,210228,   72.4,  ,    ,51.0
24,03,02,1,阪神,3,03,未勝利,7,ダ,1,1800,重,ジュンラトゥール  ,牡,3,和田竜二,57.0,14,11,4,4,0,0.3,7,116,"1560",0,8,8,8,7,38.6,454,浜田多実,栗,83,21104039,01018,01138,0924130311,河合純二,田中裕之,パイロ,グーテデロワ,スペシャルウィーク,黒鹿,210314,   16.0,  ,    ,50.3
24,03,02,1,阪神,3,03,未勝利,7,ダ,1,1800,重,フルオブサクセス  ,牡,3,川田将雅,57.0,14,12,10,10,0,2,2,117.7,"1577",0,4,4,4,3,40.6,518,須貝尚介,栗,0,21110091,01088,01105,0924130312,吉田千津,"Mr Teruya Yoshida",Almanzor,"Full of Beauty",Motivator,黒鹿,210506,    3.5,  ,    ,45.0
24,03,02,1,阪神,3,03,未勝利,7,ダ,1,1800,重,フィフティズ      ,牡,3,酒井学,57.0,14,13,14,14,0,3.7,12,119.4,"1594",0,12,12,14,14,41,536,羽月友彦,栗,0,21105296,01034,01091,0924130313,青芝商事,社台ファーム,ロードカナロア,レディオブフィフティ,"After Market",鹿毛,210225,  270.8,  ,    ,45.6
24,03,02,1,阪神,3,03,未勝利,7,ダ,1,1800,重,ガブリエルアクア  ,牡,3,鮫島克駿,55.0,14,14,11,11,0,2.1,6,117.8,"1578",0,3,3,3,3,40.8,454,橋口慎介,栗,0,21110163,01157,01154,0924130314,迫田三果子,Katom,Justify,"Dragon's Tail",Galileo,黒鹿,210830,   14.2,  ,    ,44.4
24,03,02,1,阪神,3,04,未勝利,7,芝,8,1800,稍,デファイ          ,牝,3,団野大成,55.0,18,01,4,4,0,0.2,9,108.2,"1482",0,0,0,8,7,35.6,438,斎藤誠,美,83,21104421,01180,01086,0924130401,市川義美ホールディ,フジワラフアーム,ヴィクトワールピサ,ピサノベッテル,クロフネ,青鹿,210426,   52.5,  ,    ,52.0
24,03,02,1,阪神,3,04,未勝利,7,芝,8,1800,稍,チョボナイノ      ,牝,3,石橋脩,55.0,18,02,7,7,0,0.4,14,108.4,"1484",0,0,0,4,3,36,418,小手川準,美,0,21103825,01077,01171,0924130402,ビッグレッドファー,桜井牧場,ワールドエース,ハイカックウ,"High Chaparral",鹿毛,210306,  335.5,  ,    ,50.6
24,03,02,1,阪神,3,04,未勝利,7,芝,8,1800,稍,グッドレイン      ,牝,3,国分優作,55.0,18,03,17,17,0,2.5,18,110.5,"1505",0,0,0,4,7,37.9,444,緒方努,栗,0,21107046,01125,01193,0924130403,伊藤良兵,村田牧場,トビーズコーナー,キタサンテンビー,ダイワメジャー,黒鹿,210304,  852.7,  ,    ,45.8
24,03,02,1,阪神,3,04,未勝利,7,芝,8,1800,稍,ホウショウリナ    ,牝,3,和田竜二,55.0,18,04,6,6,0,0.4,3,108.4,"1484",0,0,0,7,5,35.9,498,河内洋,栗,0,21103069,01018,01072,0924130404,芳賀美知子,富田牧場,ドゥラメンテ,ストライキングヴェイル,"Smart Strike",黒鹿,210512,    4.8,  ,    ,51.0
24,03,02,1,阪神,3,04,未勝利,7,芝,8,1800,稍,ラウダブル        ,牡,3,西村淳也,57.0,18,05,1,1,0,0,8,108,"1480",0,0,0,1,1,35.8,510,池江泰寿,栗,550,21104752,01171,01071,0924130405,G1レーシング,追分ファーム,キズナ,クイーンカトリーン,Acclamation,鹿毛,210319,   47.6,  ,    ,50.8
24,03,02,1,阪神,3,04,未勝利,7,芝,8,1800,稍,ショウブウン      ,牡,3,酒井学,57.0,18,06,13,13,0,1.2,13,109.2,"1492",0,0,0,2,2,36.9,512,小林真也,栗,0,21104944,01034,01185,0924130406,SSレーシング,社台ファーム,スワーヴリチャード,アルティマチャーム,キングカメハメハ,鹿毛,210424,  292.1,  ,    ,48.0
24,03,02,1,阪神,3,04,未勝利,7,芝,8,1800,稍,グランスカーレット,牡,3,松山弘平,57.0,18,07,18,18,0,2.7,6,110.7,"1507",0,0,0,4,5,38.2,510,大久保龍,栗,0,21105109,01126,01058,0924130407,社台レースホース,社台ファーム,ロードカナロア,ダイワスカーレット,アグネスタキオン,鹿毛,210427,   25.4,  ,    ,44.9
24,03,02,1,阪神,3,04,未勝利,7,芝,8,1800,稍,エボルヴィング    ,牡,3,川田将雅,57.0,18,08,2,2,0,0,1,108,"1480",0,0,0,8,9,35.2,448,藤原英昭,栗,220,21105865,01088,01055,0924130408,キャロットファーム,ノーザンファーム,ハーツクライ,リリサイド,"American Post",鹿毛,210328,    2.0,  ,    ,53.4
24,03,02,1,阪神,3,04,未勝利,7,芝,8,1800,稍,ヤマニンスターダム,牡,3,武豊,57.0,18,09,8,8,0,0.4,7,108.4,"1484",0,0,0,12,11,35.4,508,千田輝彦,栗,0,21106600,00666,01120,0924130409,土井肇,錦岡牧場,エピファネイア,ヤマニンバステト,ディープインパクト,青鹿,210507,   37.6,  ,    ,53.1
24,03,02,1,阪神,3,04,未勝利,7,芝,8,1800,稍,ドムスアウレア    ,牝,3,角田大河,54.0,18,10,12,12,0,1.1,17,109.1,"1491",0,0,0,18,16,35.3,404,中竹和也,栗,0,21102408,01199,01039,0924130410,エンジェルレーシン,坂東牧場,キズナ,クリスマス,バゴ,黒鹿,210228,  537.2,  ,    ,54.5
24,03,02,1,阪神,3,04,未勝利,7,芝,8,1800,稍,エールクイーン    ,牝,3,松若風馬,55.0,18,11,10,10,0,0.8,12,108.8,"1488",0,0,0,3,3,36.4,466,牧田和弥,栗,0,21106669,01154,01123,0924130411,田畑富子,ハクツ牧場,アルアイン,ポポチャン,トウカイテイオー,鹿毛,210407,  236.9,  ,    ,49.5
24,03,02,1,阪神,3,04,未勝利,7,芝,8,1800,稍,ソウルプラウド    ,牡,3,北村友一,57.0,18,12,9,9,0,0.6,5,108.6,"1486",0,0,0,15,14,35.2,478,高橋亮,栗,0,21106938,01102,01136,0924130412,岩崎僖澄,松木加代,ディープブリランテ,ヴァルキリー,ダンスインザダーク,鹿毛,210324,   21.3,  ,    ,54.3
24,03,02,1,阪神,3,04,未勝利,7,芝,8,1800,稍,ハセノビーバー    ,牡,3,池添謙一,57.0,18,13,14,14,0,1.4,11,109.4,"1494",0,0,0,10,11,36.4,464,安田隆行,栗,0,21101389,01032,00438,0924130413,三木正浩,下河辺牧場,キズナ,クリーンファンキー,タイキシャトル,鹿毛,210130,  215.5,  ,    ,50.3
24,03,02,1,阪神,3,04,未勝利,7,芝,8,1800,稍,シャリティ        ,牝,3,藤岡佑介,55.0,18,14,11,11,0,1,10,109,"1490",0,0,0,10,9,36.2,462,四位洋文,栗,0,21104319,01093,01184,0924130414,井上隆次,服部牧場,イスラボニータ,プロミネント,タイキシャトル,鹿毛,210316,   58.2,  ,    ,50.6
24,03,02,1,阪神,3,04,未勝利,7,芝,8,1800,稍,カズアブディーン  ,牡,3,ルメール,57.0,18,15,3,3,0,0.2,2,108.2,"1482",0,0,0,12,11,35.2,482,杉山晴紀,栗,140,21105825,05339,01157,0924130415,吉田和美,ノーザンファーム,オルフェーヴル,ユードントラヴミー,Teofilo,鹿毛,210217,    4.2,  ,    ,53.7
24,03,02,1,阪神,3,04,未勝利,7,芝,8,1800,稍,ダイジェスト      ,牡,3,ムルザバ,57.0,18,16,5,5,0,0.3,4,108.3,"1483",0,0,0,12,14,35,462,坂口智康,栗,55,21101011,05627,01170,0924130416,キーウエスト,吉田ファーム,カリフォルニアクローム,ガラスマスカレイド,キングカメハメハ,鹿毛,210214,    8.3,  ,    ,54.7
24,03,02,1,阪神,3,04,未勝利,7,芝,8,1800,稍,カルデナール      ,牡,3,今村聖奈,54.0,18,17,16,16,0,1.9,15,109.9,"1499",0,0,0,16,16,36.1,484,池添学,栗,0,21105110,01193,01144,0924130417,社台レースホース,社台ファーム,イスラボニータ,ダイワミランダ,ハービンジャー,栗毛,210217,  421.3,  ,    ,52.2
24,03,02,1,阪神,3,04,未勝利,7,芝,8,1800,稍,マハナ            ,牝,3,鮫島克駿,55.0,18,18,15,15,0,1.6,16,109.6,"1496",0,0,0,17,18,35.7,424,鮫島一歩,栗,0,21106618,01157,01046,0924130418,ノースヒルズ,ノースヒルズ,ハービンジャー,エレーデ,ディープインパクト,鹿毛,210404,  459.8,  ,    ,53.5
24,03,02,1,阪神,3,05,未勝利,7,芝,0,2200,稍,エイシンローテイト,牡,3,松若風馬,57.0,12,01,6,6,0,0.9,12,137,"2170",0,10,10,12,12,36.7,504,高橋康之,栗,0,21103963,01154,01135,0924130501,栄進堂,曾我博,リアルインパクト,エーシンコンファー,Dynaformer,鹿毛,210403,  327.2,  ,    ,52.5
24,03,02,1,阪神,3,05,未勝利,7,芝,0,2200,稍,ラインフォルテ    ,牡,3,鮫島克駿,57.0,12,02,11,11,0,2.5,7,138.6,"2186",0,12,12,10,11,38.6,476,長谷川浩,栗,0,21101932,01157,01173,0924130502,大澤繁昌,日高大洋牧場,キタサンブラック,ラインアンジュ,"Rockport Harbor",鹿毛,210519,   46.6,  ,    ,47.2
24,03,02,1,阪神,3,05,未勝利,7,芝,0,2200,稍,ベルベストランナー,牡,3,松山弘平,57.0,12,03,5,5,0,0.6,4,136.7,"2167",0,10,10,9,9,36.9,466,西村真幸,栗,55,21103591,01126,01148,0924130503,宮崎俊也,岡田牧場,リアルインパクト,スイートレッドキャット,"Bluegrass Cat",栗毛,210302,   12.1,  ,    ,51.4
24,03,02,1,阪神,3,05,未勝利,7,芝,0,2200,稍,ブラックライズ    ,牡,3,和田竜二,57.0,12,04,7,7,0,1,9,137.1,"2171",0,5,4,4,4,37.8,454,清水久詞,栗,0,21101758,01018,01110,0924130504,インゼルレーシング,チャンピオンズファ,キタサンブラック,モーニングリズ,Acatenango,黒鹿,210330,   92.3,  ,    ,48.5
24,03,02,1,阪神,3,05,未勝利,7,芝,0,2200,稍,オンザプラネット  ,牡,3,田口貫太,56.0,12,05,4,4,0,0.6,3,136.7,"2167",0,3,3,3,2,37.4,494,佐々木晶,栗,83,21104132,01208,00429,0924130505,久保田定,千代田牧場,エピファネイア,ニューウェーブ,ハーツクライ,黒鹿,210414,   11.1,  ,    ,49.6
24,03,02,1,阪神,3,05,未勝利,7,芝,0,2200,稍,アルレジャン      ,牡,3,北村友一,57.0,12,06,3,3,0,0.3,6,136.4,"2164",0,2,2,2,2,37.3,514,藤原英昭,栗,140,21105383,01102,01055,0924130506,シルクレーシング,ノーザンファーム,サトノダイヤモンド,アルル,Monsun,鹿毛,210221,   39.0,  ,    ,49.6
24,03,02,1,阪神,3,05,未勝利,7,芝,0,2200,稍,ロンギングキイ    ,牝,3,西村淳也,55.0,12,07,8,8,0,1,8,137.1,"2171",0,8,8,8,8,37.5,470,新谷功一,栗,0,21106897,01171,01172,0924130507,坂本浩一,細川農場,ロンギングダンサー,プトラナ,ノヴェリスト,鹿毛,210312,   48.5,  ,    ,49.6
24,03,02,1,阪神,3,05,未勝利,7,芝,0,2200,稍,サイコウダネ      ,牡,3,古川奈穂,53.0,12,08,10,10,0,1.9,10,138,"2180",0,1,1,1,1,39,452,清水久詞,栗,0,21102701,01190,01110,0924130508,マークス,杵臼斉藤牧場,タリスマニック,ジェムディーラー,キングズベスト,鹿毛,210307,  142.8,  ,    ,45.2
24,03,02,1,阪神,3,05,未勝利,7,芝,0,2200,稍,タマモランプ      ,牡,3,池添謙一,57.0,12,09,2,2,0,0.1,2,136.2,"2162",0,5,6,4,4,36.8,458,池添学,栗,220,21101557,01032,01144,0924130509,タマモ,スマイルファーム,サトノアラジン,タマモピアス,キングカメハメハ,黒鹿,210206,    2.4,  ,    ,51.3
24,03,02,1,阪神,3,05,未勝利,7,芝,0,2200,稍,ヴィスマール      ,牡,3,ムルザバ,57.0,12,10,1,1,0,-0.1,1,136.1,"2161",0,7,7,7,6,36.5,450,奥村豊,栗,550,21105459,05627,01146,0924130510,キャロットファーム,ノーザンファーム,ブリックスアンドモルタル,オーマイベイビー,ディープインパクト,鹿毛,210325,    1.8,  ,    ,52.3
24,03,02,1,阪神,3,05,未勝利,7,芝,0,2200,稍,アマルフィレモン  ,牡,3,酒井学,57.0,12,11,9,9,0,1.7,11,137.8,"2178",0,9,9,10,9,38,408,天間昭一,美,0,21100638,01034,01090,0924130511,岡田牧雄,カケハムポニークラ,トランセンド,レモンイエロー,サクラバクシンオー,鹿毛,210409,  281.6,  ,    ,48.5
24,03,02,1,阪神,3,05,未勝利,7,芝,0,2200,稍,アルマーザアミール,牡,3,団野大成,57.0,12,12,12,12,0,2.6,5,138.7,"2187",0,3,4,4,6,39.3,480,斉藤崇史,栗,0,21105455,01180,01151,0924130512,早野誠,ノーザンファーム,サトノダイヤモンド,オーサムフェザー,"Awesome of Course",鹿毛,210127,   34.1,  ,    ,44.8
24,03,02,1,阪神,3,06,１勝ｸﾗｽ*,23,ダ,1,1800,稍,ホルトバージ      ,牡,3,今村聖奈,54.0,6,01,4,4,0,1.8,4,114.3,"1543",0,6,6,6,6,39.1,468,寺島良,栗,120,21102905,01193,01158,0924130601,YGGホースクラブ,谷川牧場,キンシャサノキセキ,プレインズウーマン,Zensational,鹿毛,210408,    9.6,  ,    ,46.2
24,03,02,1,阪神,3,06,１勝ｸﾗｽ*,23,ダ,1,1800,稍,ヘルモーズ        ,牡,3,ムルザバ,57.0,6,02,6,6,0,2.9,3,115.4,"1554",0,4,3,3,3,40.8,506,小林真也,栗,0,21105431,05627,01185,0924130602,吉田勝己,ノーザンファーム,モーリス,ヴェルザンディ,アグネスタキオン,栗毛,210401,    5.8,  ,    ,41.4
24,03,02,1,阪神,3,06,１勝ｸﾗｽ*,23,ダ,1,1800,稍,テンカジョウ      ,牝,3,国分優作,55.0,6,03,3,3,0,0.5,5,113,"1530",0,5,5,5,5,38.1,474,岡田稲男,栗,200,21102729,01125,01066,0924130603,河内孝夫,杵臼牧場,サンダースノー,フィオレロ,エンパイアメーカー,鹿毛,210203,   13.8,  ,    ,48.3
24,03,02,1,阪神,3,06,１勝ｸﾗｽ*,23,ダ,1,1800,稍,メイショウカシワデ,牡,3,角田大河,56.0,6,04,5,5,0,2.4,2,114.9,"1549",0,2,2,2,2,40.4,452,角田晃一,栗,78,21103154,01199,01121,0924130604,松本好隆,林孝輝,シニスターミニスター,マノアラニ,アグネスタキオン,鹿毛,210306,    3.1,  ,    ,42.2
24,03,02,1,阪神,3,06,１勝ｸﾗｽ*,23,ダ,1,1800,稍,ハビレ            ,牡,3,ルメール,57.0,6,05,1,1,0,-0.1,1,112.5,"1525",0,3,3,3,3,37.8,498,武井亮,美,780,21100561,05339,01147,0924130605,古賀慎一,秋場牧場,ヘニーヒューズ,トモトモリバー,ブラックタイド,栗毛,210219,    1.8,  ,    ,48.8
24,03,02,1,阪神,3,06,１勝ｸﾗｽ*,23,ダ,1,1800,稍,ポルポラジール    ,牡,3,藤岡佑介,57.0,6,06,2,2,0,0.1,6,112.6,"1526",0,1,1,1,1,38.5,502,新谷功一,栗,310,21102993,01093,01172,0924130606,Gリビエール・レー,辻牧場,シニスターミニスター,タオヤメ,ルーラーシップ,黒鹿,210331,   27.1,  ,    ,46.2
24,03,02,1,阪神,3,07,１勝ｸﾗｽ,23,ダ,1,2000,稍,アズマサクラエモン,牡,4,国分優作,58.0,8,01,8,8,0,2,7,129.5,"2095",0,8,7,7,8,39,524,加用正,栗,0,20101396,01125,00425,0924130701,川端美穂,木村牧場,デクラレーションオブウォー,アズマクィーン,アドマイヤムーン,鹿毛,200216,  175.9,  ,    ,49.5
24,03,02,1,阪神,3,07,１勝ｸﾗｽ,23,ダ,1,2000,稍,ジョウショーパワー,牡,4,和田竜二,58.0,8,02,1,1,0,-0.2,4,127.5,"2075",0,5,5,4,4,37.4,474,中尾秀正,栗,800,20105228,01018,01069,0924130702,熊田義孝,五丸農場,バンドワゴン,ジョウショーコトミ,リンカーン,黒鹿,200409,    6.1,  ,    ,53.2
24,03,02,1,阪神,3,07,１勝ｸﾗｽ,23,ダ,1,2000,稍,ダノンペドロ      ,セ,4,ムルザバ,58.0,8,03,5,5,0,0.7,1,128.2,"2082",0,2,2,1,2,38.5,472,寺島良,栗,80,20103453,05627,01158,0924130703,ダノックス,ノーザンファーム,サトノダイヤモンド,セットスクエア,Reset,鹿毛,200413,    1.9,  ,    ,49.9
24,03,02,1,阪神,3,07,１勝ｸﾗｽ,23,ダ,1,2000,稍,ウォーターハウス  ,牡,4,鮫島克駿,58.0,8,04,2,2,0,0.2,3,127.7,"2077",0,1,1,2,1,38.1,484,高野友和,栗,320,20102664,01157,01117,0924130704,シルクレーシング,社台コーポレーショ,ロードカナロア,ショウナンパンドラ,ディープインパクト,黒鹿,200226,    5.2,  ,    ,50.8
24,03,02,1,阪神,3,07,１勝ｸﾗｽ,23,ダ,1,2000,稍,メイショウホタルビ,牝,6,田口貫太,55.0,8,05,4,4,0,0.6,2,128.1,"2081",0,7,7,7,6,37.5,444,大橋勇樹,栗,120,18105853,01208,01065,0924130705,松本和子,赤田牧場,ナムラタイタン,メジロミシェル,アグネスタキオン,栗毛,180427,    4.6,  ,    ,53.5
24,03,02,1,阪神,3,07,１勝ｸﾗｽ,23,ダ,1,2000,稍,アマートカヴァロ  ,牡,4,角田大河,57.0,8,06,7,7,0,1,5,128.5,"2085",0,6,6,6,6,38,478,笹田和秀,栗,0,20103754,01199,01104,0924130706,猪又晶介,橋本牧場,サトノクラウン,ペルサントクリール,"Point Given",黒鹿,200315,    9.5,  ,    ,52.1
24,03,02,1,阪神,3,07,１勝ｸﾗｽ,23,ダ,1,2000,稍,エミサソウツバサ  ,牡,5,団野大成,58.0,8,07,3,3,0,0.5,6,128,"2080",0,3,3,2,3,38.2,524,杉山佳明,栗,200,19104882,01180,01178,0924130707,亀岡和彦,社台ファーム,ジャスタウェイ,ブッシュファイヤー,"Louis Quatorze",鹿毛,190604,   20.1,  ,    ,50.7
24,03,02,1,阪神,3,07,１勝ｸﾗｽ,23,ダ,1,2000,稍,アットアブラスト  ,牡,4,水口優也,58.0,8,08,6,6,0,0.7,8,128.2,"2082",0,3,4,4,4,38.2,456,牧田和弥,栗,0,20101323,01133,01123,0924130708,岡田牧雄,沖田牧場,ゼンノロブロイ,ウィンディガーデン,タニノギムレット,黒鹿,200324,  204.4,  ,    ,51.0
24,03,02,1,阪神,3,08,１勝ｸﾗｽ,23,ダ,1,1400,稍,スペキオサレジーナ,牝,4,岩田康誠,56.0,14,01,11,11,0,1.8,3,86.5,"1265",0,0,0,3,5,39,466,安田隆行,栗,0,20103316,05203,00438,0924130801,MOMOレーシング,ノーザンファーム,ルーラーシップ,カンデラ,ダイワメジャー,青鹿,200203,    5.8,  ,    ,41.3
24,03,02,1,阪神,3,08,１勝ｸﾗｽ,23,ダ,1,1400,稍,アイファーファイト,牡,5,西村淳也,58.0,14,02,4,4,0,0.5,5,85.2,"1252",0,0,0,3,5,37.7,436,鮫島一歩,栗,120,19101233,01171,01046,0924130802,中島稔,アースファーム,バトルプラン,エアリーチューン,ステイゴールド,青鹿,190406,    8.4,  ,    ,44.5
24,03,02,1,阪神,3,08,１勝ｸﾗｽ,23,ダ,1,1400,稍,アポロハクジャ    ,牝,6,古川奈穂,52.0,14,03,14,14,0,3.9,14,88.6,"1286",0,0,0,14,14,39.1,402,的場均,美,0,18100170,01190,01063,0924130803,中島俊房,奥山博,アポロソニック,ツクバビューティ,ゼンノロブロイ,鹿毛,180407,  412.2,  ,    ,44.9
24,03,02,1,阪神,3,08,１勝ｸﾗｽ,23,ダ,1,1400,稍,オールスティール  ,牡,4,酒井学,58.0,14,04,10,10,0,1.5,11,86.2,"1262",0,0,0,1,1,39.2,480,高橋康之,栗,0,20107142,01034,01135,0924130804,YGGホースクラブ,川上牧場,リアルスティール,シンラバンショウ,サクラバクシンオー,鹿毛,200417,   68.0,  ,    ,39.9
24,03,02,1,阪神,3,08,１勝ｸﾗｽ,23,ダ,1,1400,稍,ライズンシャイン  ,牝,6,国分優作,56.0,14,05,9,9,0,1.1,12,85.8,"1258",0,0,0,7,7,38.1,494,岡田稲男,栗,0,18100421,01125,01066,0924130805,下河辺牧場,下河辺牧場,ジャスタウェイ,パッションローズ,アフリート,栗毛,180215,  152.5,  ,    ,43.9
24,03,02,1,阪神,3,08,１勝ｸﾗｽ,23,ダ,1,1400,稍,ゴルデールスカー  ,牡,4,池添謙一,58.0,14,06,8,8,0,1.1,4,85.8,"1258",0,0,0,10,10,37.7,470,大久保龍,栗,0,20103625,01032,01058,0924130806,サンデーレーシング,ノーザンファーム,モーリス,マラムデール,フレンチデピュティ,栗毛,200309,    8.3,  ,    ,45.7
24,03,02,1,阪神,3,08,１勝ｸﾗｽ,23,ダ,1,1400,稍,トーホウキザン    ,牡,4,和田竜二,58.0,14,07,5,5,0,0.7,7,85.4,"1254",0,0,0,12,10,37.1,486,高橋康之,栗,80,20101764,01018,01135,0924130807,東豊物産,竹島幸治,トーホウジャッカル,トーホウドルチェ,サウスヴィグラス,栗毛,200328,   10.9,  ,    ,47.6
24,03,02,1,阪神,3,08,１勝ｸﾗｽ,23,ダ,1,1400,稍,ストロンゲスト    ,牡,5,松若風馬,58.0,14,08,3,3,0,0.4,9,85.1,"1251",0,0,0,8,7,37.3,478,羽月友彦,栗,200,19103780,01154,01091,0924130808,阿部東亜子,谷川牧場,ディーマジェスティ,リトルジュン,クロフネ,芦毛,190423,   20.8,  ,    ,46.1
24,03,02,1,阪神,3,08,１勝ｸﾗｽ,23,ダ,1,1400,稍,グローリーカフェ  ,牝,4,今村聖奈,53.0,14,09,7,7,0,0.8,10,85.5,"1255",0,0,0,10,12,37.1,442,中舘英二,美,0,20106928,01193,01153,0924130809,西川光一,三嶋牧場,ヘニーヒューズ,ルミエールカフェ,マンハッタンカフェ,黒鹿,200319,   38.9,  ,    ,47.8
24,03,02,1,阪神,3,08,１勝ｸﾗｽ,23,ダ,1,1400,稍,シゲルソロソロ    ,牝,4,鮫島克駿,56.0,14,10,1,1,0,-0.4,1,84.7,"1247",0,0,0,8,9,36.7,472,谷潔,栗,800,20110100,01157,00431,0924130810,關美和,"Kathryn Nikkel Old",Runhappy,Distinguishable,"Distorted Humor",鹿毛,200315,    3.8,  ,    ,48.1
24,03,02,1,阪神,3,08,１勝ｸﾗｽ,23,ダ,1,1400,稍,ルールシェーバー  ,牡,7,角田大河,57.0,14,11,13,13,0,1.9,13,86.6,"1266",0,0,0,3,3,39.1,472,北出成人,栗,0,17109029,01199,01078,0924130811,儀賀好子,風ノ丘ファーム,ストロングリターン,レモンリーフ,リンドシェーバー,鹿毛,170410,  354.7,  ,    ,41.1
24,03,02,1,阪神,3,08,１勝ｸﾗｽ,23,ダ,1,1400,稍,タイガークリスエス,牡,5,田口貫太,57.0,14,12,12,12,0,1.8,2,86.5,"1265",0,0,0,3,3,39.1,500,大橋勇樹,栗,0,19102292,01208,01065,0924130812,伊藤和夫,門別牧場,ラブリーデイ,コフィーチャン,シンボリクリスエス,黒鹿,190508,    4.6,  ,    ,40.9
24,03,02,1,阪神,3,08,１勝ｸﾗｽ,23,ダ,1,1400,稍,カサブランカキッド,牡,4,横山典弘,58.0,14,13,6,6,0,0.8,8,85.5,"1255",0,0,0,13,13,36.9,522,和田勇介,美,0,20104936,00660,01165,0924130813,山本雅道,社台ファーム,ドレフォン,ビーチパラソル,ダイワメジャー,栗毛,200303,   13.8,  ,    ,48.8
24,03,02,1,阪神,3,08,１勝ｸﾗｽ,23,ダ,1,1400,稍,ハクサンバード    ,牡,4,鮫島良太,58.0,14,14,2,2,0,0.4,6,85.1,"1251",0,0,0,2,2,37.9,494,飯田雄三,栗,320,20100792,01099,01050,0924130814,河崎五市,鮫川啓一,ハクサンムーン,ハクサンサマー,サマーバード,栗毛,200303,    9.5,  ,    ,43.4
24,03,02,1,阪神,3,09,千里山特･2勝,43,芝,0,2000,稍,エンタングルメント,牝,5,横山典弘,56.0,8,01,4,4,0,1.1,4,121.3,"2013",0,6,7,7,7,36.5,506,昆貢,栗,230,19110045,00660,01044,0924130901,ゴドルフィン,Godolphin,Shamardal,"Regency Romance",Diktat,鹿毛,190424,    6.5,  ,    ,49.6
24,03,02,1,阪神,3,09,千里山特･2勝,43,芝,0,2000,稍,スズノマーベリック,セ,5,国分優作,58.0,8,02,7,7,0,2.1,8,122.3,"2023",0,4,4,5,5,38.1,480,石坂公一,栗,0,19102496,01125,01166,0924130902,小紫嘉之,笠松牧場,エピファネイア,ルサビ,アグネスタキオン,栗毛,190424,  152.0,  ,    ,44.7
24,03,02,1,阪神,3,09,千里山特･2勝,43,芝,0,2000,稍,サトノヘリオス    ,セ,5,和田竜二,58.0,8,03,8,8,0,4.4,6,124.6,"2046",0,2,2,2,6,40.4,464,友道康夫,栗,0,19104666,01018,01061,0924130903,里見治,社台ファーム,エピファネイア,エアマグダラ,サンデーサイレンス,鹿毛,190322,   15.7,  ,    ,39.3
24,03,02,1,阪神,3,09,千里山特･2勝,43,芝,0,2000,稍,タイキラフター    ,牡,4,西村淳也,58.0,8,04,3,3,0,0.1,1,120.3,"2003",0,8,6,5,3,36.2,516,大竹正博,美,390,20106811,01171,01102,0924130904,大樹ファーム,ビクトリーホースラ,ハーツクライ,アッシュベリー,"Any Given Saturday",黒鹿,200302,    2.3,  ,    ,49.6
24,03,02,1,阪神,3,09,千里山特･2勝,43,芝,0,2000,稍,クリオミニーズ    ,牡,5,ムルザバ,58.0,8,05,5,5,0,1.2,5,121.4,"2014",0,3,3,2,2,37.5,494,西園翔太,栗,155,19105171,05627,01196,0924130905,サンデーレーシング,ノーザンファーム,リオンディーズ,クレアドール,ハーツクライ,青鹿,190310,    8.1,  ,    ,45.9
24,03,02,1,阪神,3,09,千里山特･2勝,43,芝,0,2000,稍,エグランタイン    ,牝,5,池添謙一,56.0,8,06,2,2,0,0.1,2,120.3,"2003",0,5,5,4,3,36.2,448,笹田和秀,栗,620,19100664,01032,01104,0924130906,ノースヒルズ,ノースヒルズ,キズナ,ラトナプラ,"Distorted Humor",黒鹿,190406,    3.9,  ,    ,49.6
24,03,02,1,阪神,3,09,千里山特･2勝,43,芝,0,2000,稍,デルマグレムリン  ,牡,5,松山弘平,58.0,8,07,6,6,0,1.5,7,121.7,"2017",0,6,8,7,7,37,462,緒方努,栗,0,19105877,01126,01193,0924130907,浅沼廣幸,岡田牧場,ディーマジェスティ,レディクローリス,フォーティナイナー,栗毛,190511,   19.7,  ,    ,48.1
24,03,02,1,阪神,3,09,千里山特･2勝,43,芝,0,2000,稍,アスクオンディープ,セ,5,角田大河,58.0,8,08,1,1,0,-0.1,3,120.2,"2002",0,1,1,1,1,36.4,494,河内洋,栗,1550,19101612,01199,01072,0924130908,廣崎利洋HD,下河辺牧場,ディープインパクト,カラズマッチポイント,Curlin,黒鹿,190423,    5.5,  ,    ,48.7
24,03,02,1,阪神,3,10,なにわＳ･3勝,67,ダ,1,1200,稍,フォトスフィア    ,牡,5,石橋脩,58.0,16,01,15,15,0,2.1,15,73.1,"1131",0,0,0,16,16,36.2,524,畠山吉宏,美,0,19105773,01077,01048,0924131001,岡田牧雄,岡田スタツド,ヘニーヒューズ,タマヒカル,パラダイスクリーク,栗毛,190531,  239.2,  ,    ,51.9
24,03,02,1,阪神,3,10,なにわＳ･3勝,67,ダ,1,1200,稍,メイショウクリフト,牡,5,武豊,58.0,16,02,10,10,0,1.1,3,72.1,"1121",0,0,0,7,8,37,456,笹田和秀,栗,0,19104260,00666,01104,0924131002,松本好隆,中脇一幸,シルバーステート,メイショウレクセラ,キングカメハメハ,鹿毛,190423,    8.2,  ,    ,44.9
24,03,02,1,阪神,3,10,なにわＳ･3勝,67,ダ,1,1200,稍,コパノパサディナ  ,牡,4,ルメール,58.0,16,03,1,1,0,-0.1,2,71,"1110",0,0,0,3,4,36.2,522,村山明,栗,1840,20100829,05339,01107,0924131003,小林祥晃,大北牧場,コパノリッキー,プリンシプルレディ,アグネスデジタル,栗毛,200305,    6.9,  ,    ,46.1
24,03,02,1,阪神,3,10,なにわＳ･3勝,67,ダ,1,1200,稍,タイセイシェダル  ,牡,6,田口貫太,58.0,16,04,7,7,0,0.9,13,71.9,"1119",0,0,0,9,10,36.5,476,高橋義忠,栗,0,18103021,01208,01129,0924131004,田中成奉,大島牧場,マクフィ,ココモオレンジ,キングカメハメハ,栗毛,180302,  124.1,  ,    ,47.0
24,03,02,1,阪神,3,10,なにわＳ･3勝,67,ダ,1,1200,稍,パルデンス        ,牡,6,ムルザバ,58.0,16,05,4,4,0,0.7,4,71.7,"1117",0,0,0,13,13,35.6,494,中野栄治,美,280,18104775,05627,01010,0924131005,山本三津子,社台ファーム,ディープブリランテ,ヘヴンリークルーズ,ファルブラヴ,鹿毛,180420,    9.5,  ,    ,51.4
24,03,02,1,阪神,3,10,なにわＳ･3勝,67,ダ,1,1200,稍,アルムラトゥール  ,牡,4,和田竜二,58.0,16,06,5,5,0,0.8,5,71.8,"1118",0,0,0,1,1,37.2,506,川村禎彦,栗,184,20105545,01018,01003,0924131006,崎川美枝子,新冠タガノファーム,コパノリッキー,チャーリーズ,キングカメハメハ,黒鹿,200504,   10.0,  ,    ,43.0
24,03,02,1,阪神,3,10,なにわＳ･3勝,67,ダ,1,1200,稍,カフジエニアゴン  ,牝,5,酒井学,56.0,16,07,16,16,0,2.5,8,73.5,"1135",0,0,0,15,15,37,506,木原一良,栗,0,19102753,01034,01033,0924131007,加藤千豊,ヒダカフアーム,トランセンド,カフジティアラ,カネヒキリ,栗毛,190309,   26.1,  ,    ,48.6
24,03,02,1,阪神,3,10,なにわＳ･3勝,67,ダ,1,1200,稍,ステラフィオーレ  ,牝,5,松山弘平,56.0,16,08,2,2,0,0.1,1,71.1,"1111",0,0,0,2,2,36.4,484,小栗実,栗,740,19100590,01126,01194,0924131008,ホシノレーシング,新冠橋本牧場,ロードカナロア,レゼトワール,ファスリエフ,黒鹿,190412,    1.8,  ,    ,45.3
24,03,02,1,阪神,3,10,なにわＳ･3勝,67,ダ,1,1200,稍,トーセンアラン    ,牡,6,鮫島克駿,58.0,16,09,14,14,0,1.9,14,72.9,"1129",0,0,0,11,11,37.2,526,池江泰寿,栗,0,18104894,01157,01071,0924131009,島川隆哉,ノーザンファーム,キズナ,アドマイヤキラメキ,エンドスウィープ,鹿毛,180504,  126.5,  ,    ,46.0
24,03,02,1,阪神,3,10,なにわＳ･3勝,67,ダ,1,1200,稍,テイエムランウェイ,牡,5,田辺裕信,58.0,16,10,8,8,0,1,7,72,"1120",0,0,0,12,12,36.1,490,飯田雄三,栗,0,19106632,01075,01050,0924131010,竹園正繼,"PRIDE ROCK",スズカコーズウェイ,タイムトゥラン,ブライアンズタイム,栗毛,190407,   25.5,  ,    ,49.4
24,03,02,1,阪神,3,10,なにわＳ･3勝,67,ダ,1,1200,稍,ウォームライト    ,牡,5,藤岡佑介,58.0,16,11,11,11,0,1.6,9,72.6,"1126",0,0,0,9,8,37.2,504,四位洋文,栗,0,19105250,01093,01184,0924131011,窪田芳郎,ノーザンファーム,パイロ,ジェントルヴァウ,"Broken Vow",青鹿,190226,   28.3,  ,    ,45.2
24,03,02,1,阪神,3,10,なにわＳ･3勝,67,ダ,1,1200,稍,ブルーシンフォニー,牡,6,団野大成,58.0,16,12,3,3,0,0.5,10,71.5,"1115",0,0,0,5,4,36.6,482,伊藤圭三,美,460,18100693,01180,01023,0924131012,ゴドルフィン,ダーレー・ジャパン,スクリーンヒーロー,ブルーストーン,コマンズ,鹿毛,180327,   37.8,  ,    ,45.4
24,03,02,1,阪神,3,10,なにわＳ･3勝,67,ダ,1,1200,稍,クロデメニル      ,牝,5,松若風馬,56.0,16,13,6,6,0,0.8,11,71.8,"1118",0,0,0,3,2,37,504,森秀行,栗,0,19110103,01154,00427,0924131013,藤田晋,"Teneri Farm","Practical Joke","Valiant Emilia","Pegasus Wind",鹿毛,190318,   44.6,  ,    ,44.1
24,03,02,1,阪神,3,10,なにわＳ･3勝,67,ダ,1,1200,稍,ランドボルケーノ  ,牡,6,岩田康誠,58.0,16,14,12,12,0,1.6,16,72.6,"1126",0,0,0,13,13,36.4,486,安達昭夫,栗,0,18102372,05203,01042,0924131014,木村昌三,森永聡,ヘニーヒューズ,ゴッドダンシング,ダンスインザダーク,黒鹿,180429,  326.4,  ,    ,49.5
24,03,02,1,阪神,3,10,なにわＳ･3勝,67,ダ,1,1200,稍,ミラバーグマン    ,牝,6,池添謙一,56.0,16,15,13,13,0,1.7,6,72.7,"1127",0,0,0,5,4,37.7,448,西村真幸,栗,0,18103738,01032,01148,0924131015,宮崎俊也,グランド牧場,サウスヴィグラス,ピッチシフター,スズカマンボ,栗毛,180310,   19.0,  ,    ,42.8
24,03,02,1,阪神,3,10,なにわＳ･3勝,67,ダ,1,1200,稍,ラインガルーダ    ,牡,7,角田大河,58.0,16,16,9,9,0,1,12,72,"1120",0,0,0,7,4,36.9,476,松永昌博,栗,0,17106295,01199,01083,0924131016,大澤繁昌,日進牧場,シニスターミニスター,マイユクール,バゴ,鹿毛,170409,  111.2,  ,    ,45.1
24,03,02,1,阪神,3,11,チューリG2,179,芝,8,1600,稍,ブルーアイドガール,牝,3,松山弘平,55.0,16,01,12,12,0,0.9,12,94,"1340",0,0,0,11,11,35.3,426,吉岡辰弥,栗,0,21104998,01126,01176,0924131101,ライオンレースホー,社台ファーム,キタサンブラック,カトマンブルー,"Bluegrass Cat",青鹿,210428,   91.8,  ,    ,49.8
24,03,02,1,阪神,3,11,チューリG2,179,芝,8,1600,稍,ラーンザロープス  ,牝,3,横山典弘,55.0,16,02,11,11,0,0.9,6,94,"1340",0,0,0,8,7,35.6,450,武幸四郎,栗,0,21105011,00660,01160,0924131102,吉田照哉,社台ファーム,キズナ,キャンディネバダ,"Pure Prize",黒鹿,210327,   12.5,  ,    ,48.4
24,03,02,1,阪神,3,11,チューリG2,179,芝,8,1600,稍,エポックヴィーナス,牝,3,和田竜二,55.0,16,03,5,5,0,0.5,14,93.6,"1336",0,0,0,8,7,35.1,436,新谷功一,栗,520,21104153,01018,01172,0924131103,山田有暉朗,千代田牧場,ヴィクトワールピサ,ベストオブミー,ブライアンズタイム,鹿毛,210420,  123.8,  ,    ,50.0
24,03,02,1,阪神,3,11,チューリG2,179,芝,8,1600,稍,ワイドラトゥール  ,牝,3,北村友一,55.0,16,04,13,13,0,0.9,7,94,"1340",0,0,0,4,4,35.8,428,藤原英昭,栗,0,21104434,01102,01055,0924131104,幅田昌伸,フジワラフアーム,カリフォルニアクローム,ワイドサファイア,アグネスタキオン,鹿毛,210503,   13.0,  ,    ,47.5
24,03,02,1,阪神,3,11,チューリG2,179,芝,8,1600,稍,ミラビリスマジック,牝,3,田辺裕信,55.0,16,05,6,6,0,0.6,3,93.7,"1337",0,0,0,4,4,35.4,442,国枝栄,美,0,21105105,01075,00399,0924131105,社台レースホース,社台ファーム,キズナ,ソーマジック,シンボリクリスエス,鹿毛,210509,    6.2,  ,    ,48.8
24,03,02,1,阪神,3,11,チューリG2,179,芝,8,1600,稍,スウィープフィート,牝,3,武豊,55.0,16,06,1,1,0,-0.2,5,93.1,"1331",0,0,0,14,14,34.3,466,庄野靖志,栗,5200,21103959,00666,01087,0924131106,YGGホースクラブ,聖心台牧場,スワーヴリチャード,ビジュートウショウ,ディープスカイ,栗毛,210405,    9.7,  ,    ,52.9
24,03,02,1,阪神,3,11,チューリG2,179,芝,8,1600,稍,フルレゾン        ,牝,3,鮫島克駿,55.0,16,07,16,16,0,2,13,95.1,"1351",0,0,0,16,16,35.2,430,池添学,栗,0,21104840,01157,01144,0924131107,キャロットファーム,社台コーポレーショ,オルフェーヴル,カイカヨソウ,ティンバーカントリー,栗毛,210215,  107.6,  ,    ,52.1
24,03,02,1,阪神,3,11,チューリG2,179,芝,8,1600,稍,セキトバイースト  ,牝,3,藤岡佑介,55.0,16,08,2,2,0,0.2,9,93.3,"1333",0,0,0,1,1,35.6,442,四位洋文,栗,2100,21103975,01093,01184,0924131108,TNレーシング,タイヘイ牧場,デクラレーションオブウォー,ベアフットレディ,Footstepsinthesand,鹿毛,210130,   36.3,  ,    ,47.2
24,03,02,1,阪神,3,11,チューリG2,179,芝,8,1600,稍,スティールブルー  ,牝,3,川田将雅,55.0,16,09,10,10,0,0.8,2,93.9,"1339",0,0,0,4,4,35.6,430,宗像義忠,美,0,21105888,01088,00420,0924131109,シルクレーシング,ノーザンファーム,ルーラーシップ,レディバード,スマートファルコン,鹿毛,210212,    4.1,  ,    ,48.3
24,03,02,1,阪神,3,11,チューリG2,179,芝,8,1600,稍,ガルサブランカ    ,牝,3,ルメール,55.0,16,10,8,8,0,0.7,4,93.8,"1338",0,0,0,8,7,35.3,444,木村哲也,美,0,21105556,05339,01126,0924131110,シルクレーシング,ノーザンファーム,キズナ,シャトーブランシュ,キングヘイロー,鹿毛,210416,    7.4,  ,    ,49.4
24,03,02,1,阪神,3,11,チューリG2,179,芝,8,1600,稍,ハワイアンティアレ,牝,3,西村淳也,55.0,16,11,3,3,0,0.3,15,93.4,"1334",0,0,0,13,11,34.7,420,松永幹夫,栗,1300,21105255,01171,01092,0924131111,名古屋友豊,社台ファーム,ロードカナロア,モアニケアラ,マンハッタンカフェ,芦毛,210204,  154.3,  ,    ,51.5
24,03,02,1,阪神,3,11,チューリG2,179,芝,8,1600,稍,ショウナンマヌエラ,牝,3,石橋脩,55.0,16,12,14,14,0,1,10,94.1,"1341",0,0,0,15,15,34.9,468,高野友和,栗,0,21103910,01077,01117,0924131112,国本哲秀,静内フジカワ牧場,ジャスタウェイ,ダイアゴナルクロス,シンボリクリスエス,黒鹿,210130,   58.3,  ,    ,51.8
24,03,02,1,阪神,3,11,チューリG2,179,芝,8,1600,稍,エラトー          ,牝,3,ムルザバ,55.0,16,13,9,9,0,0.8,8,93.9,"1339",0,0,0,2,2,36.1,482,上村洋行,栗,0,21105442,05627,01168,0924131113,サンデーレーシング,ノーザンファーム,"Saxon Warrior",エライヤ,Siyouni,鹿毛,210125,   30.7,  ,    ,46.1
24,03,02,1,阪神,3,11,チューリG2,179,芝,8,1600,稍,ラヴァンダ        ,牝,3,松若風馬,55.0,16,14,7,7,0,0.7,11,93.8,"1338",0,0,0,11,11,35.2,476,中村直也,栗,0,21107098,01154,01186,0924131114,森永聡,森永聡,シルバーステート,ゴッドパイレーツ,ベーカバド,黒鹿,210310,   65.9,  ,    ,49.9
24,03,02,1,阪神,3,11,チューリG2,179,芝,8,1600,稍,イツモニコニコ    ,牝,3,田中健,55.0,16,15,15,15,0,1.3,16,94.4,"1344",0,0,0,7,7,36,484,浜田多実,栗,0,21107063,01114,01138,0924131115,大田恭充,メイタイファーム,ビッグアーサー,オルトリンデ,ダンスインザダーク,鹿毛,210206,  350.3,  ,    ,47.3
24,03,02,1,阪神,3,11,チューリG2,179,芝,8,1600,稍,タガノエルピーダ  ,牝,3,団野大成,55.0,16,16,4,4,0,0.5,1,93.6,"1336",0,0,0,3,3,35.6,440,斉藤崇史,栗,780,21106550,01180,01151,0924131116,八木良司,新冠タガノファーム,キズナ,タガノレヴェントン,キングカメハメハ,黒鹿,210420,    3.0,  ,    ,47.8
24,03,02,1,阪神,3,12,２勝ｸﾗｽ,43,芝,0,1400,稍,トーホウフランゴ  ,牝,4,団野大成,56.0,13,01,5,5,0,0.6,9,81.4,"1214",0,0,0,4,4,35.4,440,高橋康之,栗,114,20101763,01180,01135,0924131201,東豊物産,竹島幸治,トーホウジャッカル,トーホウディアーナ,ノヴェリスト,栗毛,200323,   97.3,  ,    ,47.5
24,03,02,1,阪神,3,12,２勝ｸﾗｽ,43,芝,0,1400,稍,ファルヴォーレ    ,牡,6,和田竜二,58.0,13,02,9,9,0,0.8,10,81.6,"1216",0,0,0,6,6,35.3,470,高橋義忠,栗,0,18102910,01018,01129,0924131202,杉山忠国,明治牧場,ドゥラメンテ,フリティラリア,アドマイヤムーン,芦毛,180212,   98.1,  ,    ,48.4
24,03,02,1,阪神,3,12,２勝ｸﾗｽ,43,芝,0,1400,稍,マイネルラッシュ  ,牡,4,松山弘平,58.0,13,03,4,4,0,0.5,3,81.3,"1213",0,0,0,6,6,35,462,水野貴広,美,170,20105803,01126,01094,0924131203,サラブレッドクラブ,ビッグレッドファー,ダイワメジャー,ワンダフルラッシュ,バゴ,鹿毛,200421,    7.4,  ,    ,49.2
24,03,02,1,阪神,3,12,２勝ｸﾗｽ,43,芝,0,1400,稍,キングダムウイナー,牡,7,国分優作,58.0,13,04,10,10,0,1,12,81.8,"1218",0,0,0,12,12,34.7,504,田中克典,栗,0,17105224,01125,01180,0924131204,ライオンレースホー,ノーザンファーム,ディープインパクト,ウォッチハー,Mutakddim,鹿毛,170129,  292.9,  ,    ,51.8
24,03,02,1,阪神,3,12,２勝ｸﾗｽ,43,芝,0,1400,稍,スカイロケット    ,牡,4,ムルザバ,58.0,13,05,8,8,0,0.7,6,81.5,"1215",0,0,0,11,10,34.5,440,須貝尚介,栗,0,20103482,05627,01105,0924131205,シルクレーシング,ノーザンファーム,ジャスタウェイ,ティッカーテープ,"Royal Applause",鹿毛,200430,   17.5,  ,    ,52.2
24,03,02,1,阪神,3,12,２勝ｸﾗｽ,43,芝,0,1400,稍,アスクビギンアゲン,牡,5,岩田康誠,58.0,13,06,6,6,0,0.6,5,81.4,"1214",0,0,0,8,8,34.9,566,梅田智之,栗,0,19101079,05203,01084,0924131206,廣崎利洋,"ASK STUD",ハービンジャー,ディープインアスク,ディープインパクト,鹿毛,190303,   14.3,  ,    ,49.9
24,03,02,1,阪神,3,12,２勝ｸﾗｽ,43,芝,0,1400,稍,バーンパッション  ,牡,7,田口貫太,57.0,13,07,12,12,0,1.2,13,82,"1220",0,0,0,12,12,34.8,476,天間昭一,美,0,17104128,01208,01090,0924131207,岡田牧雄,真歌田中牧場,エイシンフラッシュ,ディパッション,ダイワメジャー,黒鹿,170429,  434.7,  ,    ,51.7
24,03,02,1,阪神,3,12,２勝ｸﾗｽ,43,芝,0,1400,稍,ショウナンアメリア,牝,5,今村聖奈,53.0,13,08,7,7,0,0.7,8,81.5,"1215",0,0,0,1,1,36.4,448,奥村武,美,0,19101262,01193,01145,0924131208,国本哲秀,天羽牧場,ロードカナロア,ランスタン,ダイワメジャー,黒鹿,190201,   72.4,  ,    ,42.9
24,03,02,1,阪神,3,12,２勝ｸﾗｽ,43,芝,0,1400,稍,フチサンメルチャン,牡,7,小牧太,58.0,13,09,13,13,0,1.3,11,82.1,"1221",0,0,0,8,8,35.5,478,笹田和秀,栗,0,17100922,00894,01104,0924131209,中西功,増尾牧場,アンライバルド,ファーマベリー,アサクサデンエン,栗毛,170228,  280.5,  ,    ,48.5
24,03,02,1,阪神,3,12,２勝ｸﾗｽ,43,芝,0,1400,稍,コナブラック      ,牡,5,鮫島克駿,58.0,13,10,3,3,0,0.1,4,80.9,"1209",0,0,0,2,2,35.2,522,清水久詞,栗,290,19105191,01157,01110,0924131210,サンデーレーシング,ノーザンファーム,キタサンブラック,コナブリュワーズ,キングカメハメハ,黒鹿,190304,   14.1,  ,    ,47.4
24,03,02,1,阪神,3,12,２勝ｸﾗｽ,43,芝,0,1400,稍,ジョウショーホープ,牡,4,ルメール,58.0,13,11,1,1,0,-0.1,1,80.8,"1208",0,0,0,4,4,34.7,486,新谷功一,栗,1140,20104702,05339,01172,0924131211,熊田義孝,福岡駿弥,ミッキーロケット,スターフォーユー,アグネスデジタル,鹿毛,200309,    1.8,  ,    ,49.6
24,03,02,1,阪神,3,12,２勝ｸﾗｽ,43,芝,0,1400,稍,カールスモーキー  ,牡,5,西村淳也,58.0,13,12,11,11,0,1.2,7,82,"1220",0,0,0,10,10,35.2,490,和田勇介,美,0,19103016,01171,01165,0924131212,中村伊三美,ケイアイファーム,ノヴェリスト,ザンスカール,エンパイアメーカー,黒鹿,190213,   48.9,  ,    ,49.7
24,03,02,1,阪神,3,12,２勝ｸﾗｽ,43,芝,0,1400,稍,ケイデンシーマーク,牝,4,北村友一,56.0,13,13,2,2,0,0.1,2,80.9,"1209",0,0,0,3,2,35.1,446,安田隆行,栗,460,20103241,01102,00438,0924131213,サンデーレーシング,ノーザンファーム,ロードカナロア,インダクティ,ハーツクライ,黒鹿,200507,    3.0,  ,    ,47.9
24,03,03,1,阪神,4,01,未勝利,7,ダ,1,1200,稍,コンスピリート    ,牡,3,坂井瑠星,57.0,16,01,11,11,0,3.2,4,76.1,"1161",0,0,0,4,4,39.7,512,清水久詞,栗,0,21106705,01163,01110,0924140101,前田晋二,ハシモトフアーム,ドゥラメンテ,ミッキーパール,タニノギムレット,黒鹿,210225,   12.3,  ,    ,41.7
24,03,03,1,阪神,4,01,未勝利,7,ダ,1,1200,稍,オースサイン      ,牡,3,城戸義政,57.0,16,02,7,7,0,2.7,2,75.6,"1156",0,0,0,5,7,38.9,478,荒川義之,栗,0,21106295,01147,01095,0924140102,小林竜太郎,須崎牧場,シルバーステート,アルカンジュ,チチカステナンゴ,鹿毛,210319,    3.1,  ,    ,44.3
24,03,03,1,阪神,4,01,未勝利,7,ダ,1,1200,稍,サイレントミニスタ,牡,3,川又賢治,57.0,16,03,4,4,0,1.8,5,74.7,"1147",0,0,0,5,4,38.2,440,杉山佳明,栗,83,21106151,01166,01178,0924140103,辻子依旦,川島牧場,ワールドエース,フォーマルアプローバル,Kingmambo,鹿毛,210311,   17.0,  ,    ,45.5
24,03,03,1,阪神,4,01,未勝利,7,ダ,1,1200,稍,メイショウチュラカ,牝,3,和田竜二,55.0,16,04,13,13,0,3.5,11,76.4,"1164",0,0,0,8,7,39.6,468,大橋勇樹,栗,0,21103157,01018,01065,0924140104,松本好雄,林孝輝,サトノアラジン,メイショウボナール,ホワイトマズル,鹿毛,210414,   83.8,  ,    ,42.9
24,03,03,1,阪神,4,01,未勝利,7,ダ,1,1200,稍,ピストンボーイ    ,牡,3,松山弘平,57.0,16,05,1,1,0,-1.1,1,72.9,"1129",0,0,0,1,1,36.9,498,池添学,栗,550,21105447,01126,01144,0924140105,スリーエイチレーシ,ノーザンファーム,イスラボニータ,エルフィンコーブ,"Adios Charlie",鹿毛,210311,    1.9,  ,    ,47.6
24,03,03,1,阪神,4,01,未勝利,7,ダ,1,1200,稍,ファセリア        ,牡,3,岩田望来,57.0,16,06,3,3,0,1.3,9,74.2,"1142",0,0,0,2,2,38,472,新谷功一,栗,140,21103526,01174,01172,0924140106,ノルマンディーサラ,岡田スタツド,スクリーンヒーロー,ビスカリア,ヴァーミリアン,栗毛,210410,   68.3,  ,    ,45.3
24,03,03,1,阪神,4,01,未勝利,7,ダ,1,1200,稍,フタバ            ,牝,3,角田大河,54.0,16,07,9,9,0,2.9,7,75.8,"1158",0,0,0,5,6,39,404,西村真幸,栗,0,21102963,01199,01148,0924140107,辻雄二,辻牧場,マインドユアビスケッツ,アミスターミノル,サウスヴィグラス,栗毛,210407,   31.2,  ,    ,44.4
24,03,03,1,阪神,4,01,未勝利,7,ダ,1,1200,稍,タマモアルタイル  ,牡,3,松若風馬,57.0,16,08,5,5,0,2,6,74.9,"1149",0,0,0,9,9,37.9,476,水野貴広,美,55,21101558,01154,01094,0924140108,タマモ,スマイルファーム,エスポワールシチー,チャームペンダント,ボストンハーバー,鹿毛,210526,   28.4,  ,    ,47.6
24,03,03,1,阪神,4,01,未勝利,7,ダ,1,1200,稍,マルヨファーザ    ,牝,3,加藤祥太,55.0,16,09,8,8,0,2.9,14,75.8,"1158",0,0,0,11,10,38.7,452,梅田智之,栗,0,21100807,01156,01084,0924140109,野村春行,鈴木武蔵,フリオーソ,マルヨカルボマキ,ゴールドアリュール,栗毛,210405,  249.2,  ,    ,45.9
24,03,03,1,阪神,4,01,未勝利,7,ダ,1,1200,稍,エイシンボーノ    ,牡,3,小崎綾也,57.0,16,10,12,12,0,3.2,12,76.1,"1161",0,0,0,9,11,39,478,中尾秀正,栗,0,21100091,01152,01069,0924140110,栄進堂,木田牧場,マインドユアビスケッツ,エーシンパナギア,エイシンサンディ,黒鹿,210425,  104.1,  ,    ,45.1
24,03,03,1,阪神,4,01,未勝利,7,ダ,1,1200,稍,ドラムライム      ,セ,3,団野大成,57.0,16,11,10,10,0,3,8,75.9,"1159",0,0,0,12,13,38.4,522,武幸四郎,栗,0,21102783,01180,01160,0924140111,藤田晋,酒井牧場,ブリックスアンドモルタル,スマッシュハート,キングカメハメハ,鹿毛,210521,   41.0,  ,    ,47.7
24,03,03,1,阪神,4,01,未勝利,7,ダ,1,1200,稍,ミカンノハナ      ,牝,3,長岡禎仁,55.0,16,12,15,15,0,3.7,13,76.6,"1166",0,0,0,16,16,38.1,470,杉山佳明,栗,0,21102799,01142,01178,0924140112,平口信行,笹島智則,アニマルキングダム,フジクイーン,クロフネ,栗毛,210306,  170.3,  ,    ,51.0
24,03,03,1,阪神,4,01,未勝利,7,ダ,1,1200,稍,シャンペートル    ,牡,3,古川奈穂,53.0,16,13,6,6,0,2.7,10,75.6,"1156",0,0,0,12,12,38.3,480,牧浦充徳,栗,0,21106528,01190,01113,0924140113,手嶋美季,新冠伊藤牧場,マインドユアビスケッツ,グレイシャスギャル,オルフェーヴル,栗毛,210210,   78.2,  ,    ,47.4
24,03,03,1,阪神,4,01,未勝利,7,ダ,1,1200,稍,ディディット      ,牝,3,酒井学,55.0,16,14,2,2,0,1.1,3,74,"1140",0,0,0,2,2,37.7,444,木原一良,栗,220,21104542,01034,01033,0924140114,山内邦一,松田牧場,ベストウォーリア,エイグレット,サンデーサイレンス,栗毛,210517,    7.6,  ,    ,46.3
24,03,03,1,阪神,4,01,未勝利,7,ダ,1,1200,稍,ヒロノワカ        ,セ,3,中井裕二,57.0,16,15,16,16,0,5.3,16,78.2,"1182",0,0,0,14,14,40.5,436,川村禎彦,栗,0,21103012,01141,01003,0924140115,高原将浩,辻牧場,デクラレーションオブウォー,マコトブリジャール,ストーミングホーム,黒鹿,210426,  661.0,  ,    ,43.1
24,03,03,1,阪神,4,01,未勝利,7,ダ,1,1200,稍,ユウトザアシゲ    ,牡,3,国分優作,57.0,16,16,14,14,0,3.6,15,76.5,"1165",0,0,0,15,15,38.5,508,藤沢則雄,栗,0,21103442,01125,01041,0924140116,中川雄斗,ウエスタンファーム,ゴールデンマンデラ,ウエスタンビアンコ,クロフネ,芦毛,210415,  557.5,  ,    ,48.7
24,03,03,1,阪神,4,02,未勝利,7,ダ,1,1800,稍,マテンロウノカゼ  ,牡,3,横山典弘,57.0,15,01,14,14,0,8.9,5,123.9,"2039",0,5,5,8,11,46.6,480,昆貢,栗,0,21107052,00660,01044,0924140201,寺田千代乃,村田牧場,ドゥラメンテ,ゼフィランサス,キングヘイロー,青鹿,210116,    9.2,  ,    ,32.9
24,03,03,1,阪神,4,02,未勝利,7,ダ,1,1800,稍,ヒナボンボン      ,牝,3,長岡禎仁,55.0,15,02,13,13,0,4.9,14,119.9,"1599",0,6,7,9,10,42.6,476,小手川準,美,0,21109080,01142,01171,0924140202,小野寺悠太,栗山英樹,トゥザワールド,トレイケイトカフェ,メイショウサムソン,鹿毛,210303,  353.3,  ,    ,40.7
24,03,03,1,阪神,4,02,未勝利,7,ダ,1,1800,稍,インジケーター    ,牡,3,今村聖奈,54.0,15,03,9,9,0,2.5,10,117.5,"1575",0,10,10,13,13,39.2,492,高橋康之,栗,0,21103574,01193,01135,0924140203,会田浩史,岡田牧場,"Liam's Map",アイスクリームサイレンス,"Street Sense",芦毛,210221,  119.8,  ,    ,49.9
24,03,03,1,阪神,4,02,未勝利,7,ダ,1,1800,稍,タキ              ,牡,3,松山弘平,57.0,15,04,1,1,0,-0.7,4,115,"1550",0,6,5,5,4,38.6,432,安田隆行,栗,550,21101428,01126,00438,0924140204,スリーエイチレーシ,下河辺牧場,ハーツクライ,パスオブドリームズ,"Giant's Causeway",栗毛,210414,    7.8,  ,    ,49.0
24,03,03,1,阪神,4,02,未勝利,7,ダ,1,1800,稍,ドルドーニュ      ,牡,3,荻野極,57.0,15,05,15,15,0,16.6,15,131.6,"2116",0,10,10,15,15,50.1,516,中尾秀正,栗,0,21100497,01160,01069,0924140205,杉山忠国,明治牧場,ダンカーク,レッドフォーチュン,クロフネ,芦毛,210326,  577.1,  ,    ,31.3
24,03,03,1,阪神,4,02,未勝利,7,ダ,1,1800,稍,アオレレ          ,牡,3,和田竜二,57.0,15,06,5,5,0,1.3,3,116.3,"1563",0,9,8,6,6,39.6,442,鈴木孝志,栗,55,21100298,01018,01111,0924140206,中村忠彦,土居牧場,ラニ,ディーブラッド,ディープインパクト,鹿毛,210410,    6.8,  ,    ,46.8
24,03,03,1,阪神,4,02,未勝利,7,ダ,1,1800,稍,ギフテッドドリーム,牡,3,池添謙一,57.0,15,07,3,3,0,0.9,1,115.9,"1559",0,1,1,1,1,40.1,486,松下武士,栗,140,21100525,01032,01149,0924140207,鈴木昭和,山際牧場,キズナ,ピュアアイズ,ネオユニヴァース,鹿毛,210510,    1.8,  ,    ,44.5
24,03,03,1,阪神,4,02,未勝利,7,ダ,1,1800,稍,スズノアイスマン  ,牡,3,岩田望来,57.0,15,08,4,4,0,1.2,8,116.2,"1562",0,13,13,6,6,39.5,512,石坂公一,栗,83,21100611,01174,01166,0924140208,小紫嘉之,大島牧場,キズナ,コーテサン,"Street Sense",鹿毛,210406,   56.8,  ,    ,47.1
24,03,03,1,阪神,4,02,未勝利,7,ダ,1,1800,稍,プレカーサー      ,牡,3,国分優作,57.0,15,09,11,11,0,3.5,13,118.5,"1585",0,10,12,9,8,41.2,542,渡辺薫彦,栗,0,21105164,01125,01155,0924140209,ライオンレースホー,社台ファーム,ロゴタイプ,ハルマッタン,マンハッタンカフェ,鹿毛,210219,  233.1,  ,    ,43.8
24,03,03,1,阪神,4,02,未勝利,7,ダ,1,1800,稍,マジックブルー    ,牡,3,古川奈穂,53.0,15,10,6,6,0,1.6,6,116.6,"1566",0,14,14,12,11,38.8,472,矢作芳人,栗,0,21103682,01190,01075,0924140210,広尾レース,木村秀則,マジェスティックウォリアー,エンパイアブルー,エンパイアメーカー,鹿毛,210411,   19.8,  ,    ,50.3
24,03,03,1,阪神,4,02,未勝利,7,ダ,1,1800,稍,サンダーユニバンス,牡,3,坂井瑠星,57.0,15,11,2,2,0,0.7,2,115.7,"1557",0,2,2,2,2,39.8,468,奥村豊,栗,220,21105839,01163,01146,0924140211,亀井哲也,ノーザンファーム,ドレフォン,ラテラス,"Harlan's Holiday",鹿毛,210223,    4.8,  ,    ,45.4
24,03,03,1,阪神,4,02,未勝利,7,ダ,1,1800,稍,ゴールドプレイ    ,牡,3,小崎綾也,57.0,15,12,10,10,0,3.5,11,118.5,"1585",0,15,15,14,14,39.3,468,石坂公一,栗,0,21105589,01152,01166,0924140212,吉田和美,ノーザンファーム,レイデオロ,ジュモー,タニノギムレット,栗毛,210401,  174.8,  ,    ,50.8
24,03,03,1,阪神,4,02,未勝利,7,ダ,1,1800,稍,オイデレオ        ,牡,3,団野大成,57.0,15,13,7,7,0,1.9,7,116.9,"1569",0,4,4,4,4,40.6,502,荒川義之,栗,0,21104580,01180,01095,0924140213,松田真由美,矢野牧場,レイデオロ,プレザントブリーズ,マンハッタンカフェ,栗毛,210305,   32.9,  ,    ,44.0
24,03,03,1,阪神,4,02,未勝利,7,ダ,1,1800,稍,マルカビクトリー  ,牡,3,松若風馬,57.0,15,14,12,12,0,4.5,12,119.5,"1595",0,8,8,9,8,42.2,456,松永昌博,栗,0,21102393,01154,01083,0924140214,日下部猛,二風谷ファーム,リアルスティール,ヒダロマン,ワークフォース,鹿毛,210210,  209.2,  ,    ,41.6
24,03,03,1,阪神,4,02,未勝利,7,ダ,1,1800,稍,ヒロイックバイオ  ,牡,3,角田大河,56.0,15,15,8,8,0,2.5,9,117.5,"1575",0,3,3,3,3,41.5,510,今野貞一,栗,0,21101814,01199,01128,0924140215,バイオ,中館牧場,ドレフォン,ヒカルトキメキ,クロフネ,芦毛,210310,  105.0,  ,    ,41.6
24,03,03,1,阪神,4,03,未勝利,7,ダ,1,1400,稍,エスタボニート    ,牡,3,高倉稜,57.0,16,01,9,9,0,2.9,8,88.4,"1284",0,0,0,8,6,40.2,510,田中克典,栗,0,21106918,01130,01180,0924140301,服部知明,松浦牧場,レイデオロ,シンジュボシ,ダイワメジャー,栗毛,210312,   53.6,  ,    ,39.9
24,03,03,1,阪神,4,03,未勝利,7,ダ,1,1400,稍,サラサエンジェル  ,牝,3,松若風馬,55.0,16,02,11,11,0,3.3,13,88.8,"1288",0,0,0,11,11,39.9,474,岡田稲男,栗,0,21104261,01154,01066,0924140302,横井良明,野坂牧場,キズナ,アサケゴマ,クロフネ,芦毛,210504,  111.3,  ,    ,41.9
24,03,03,1,阪神,4,03,未勝利,7,ダ,1,1400,稍,ランゲル          ,牝,3,和田竜二,55.0,16,03,3,3,0,1.2,6,86.7,"1267",0,0,0,4,3,38.9,444,鈴木孝志,栗,140,21104512,01018,01111,0924140303,桑畑隆信,前谷武志,ルーラーシップ,ディアエナ,スニッツェル,鹿毛,210422,   34.7,  ,    ,42.2
24,03,03,1,阪神,4,03,未勝利,7,ダ,1,1400,稍,メイショウカンムリ,牡,3,国分優作,57.0,16,04,5,5,0,1.8,4,87.3,"1273",0,0,0,4,4,39.3,468,木原一良,栗,55,21103003,01125,01033,0924140304,松本好雄,辻牧場,カリフォルニアクローム,ヒラボクウィン,ワイルドラッシュ,栗毛,210515,   24.4,  ,    ,41.6
24,03,03,1,阪神,4,03,未勝利,7,ダ,1,1400,稍,セザンステート    ,牡,3,鮫島良太,57.0,16,05,14,14,0,3.6,14,89.1,"1291",0,0,0,14,14,39.4,512,畑端省吾,栗,0,21107130,01099,01188,0924140305,瀬山孝一,山岡牧場,シルバーステート,ディアテイスティー,ジャングルポケット,黒鹿,210327,  115.6,  ,    ,44.6
24,03,03,1,阪神,4,03,未勝利,7,ダ,1,1400,稍,マイティマイティー,牡,3,坂井瑠星,57.0,16,06,1,1,0,0,1,85.5,"1255",0,0,0,2,2,37.8,480,佐々木晶,栗,550,21103708,01163,00429,0924140306,前田幸治,グランド牧場,ニューイヤーズデイ,アップトゥユー,サウスヴィグラス,鹿毛,210217,    1.3,  ,    ,44.6
24,03,03,1,阪神,4,03,未勝利,7,ダ,1,1400,稍,タガノグレイシア  ,牝,3,団野大成,55.0,16,07,15,15,0,4.9,11,90.4,"1304",0,0,0,15,15,38.6,470,武幸四郎,栗,0,21107110,01180,01160,0924140307,八木昌司,八木牧場,コパノリッキー,タバスコムスメ,タバスコキャット,鹿毛,210428,   96.9,  ,    ,50.6
24,03,03,1,阪神,4,03,未勝利,7,ダ,1,1400,稍,ジューンナデシコ  ,牝,3,長岡禎仁,55.0,16,08,12,12,0,3.3,15,88.8,"1288",0,0,0,8,9,40.5,472,杉山佳明,栗,0,21100922,01142,01178,0924140308,吉川潤,ヒダカフアーム,エイシンヒカリ,ジューンアイリス,ダンカーク,芦毛,210313,  229.4,  ,    ,39.4
24,03,03,1,阪神,4,03,未勝利,7,ダ,1,1400,稍,リリーエクスプレス,牡,3,ムルザバ,57.0,16,09,6,6,0,2.1,3,87.6,"1276",0,0,0,8,9,39.2,544,茶木太樹,栗,0,21101470,05627,01181,0924140309,土井孝夫,庄野牧場,アジアエクスプレス,レッドプライム,スペシャルウィーク,鹿毛,210427,   10.6,  ,    ,42.6
24,03,03,1,阪神,4,03,未勝利,7,ダ,1,1400,稍,ワキノグロリーア  ,牡,3,中井裕二,57.0,16,10,16,16,0,5.7,16,91.2,"1312",0,0,0,16,16,39.1,518,村山明,栗,0,21104226,01141,01107,0924140310,脇山良之,西川富岡牧場,ミッキーグローリー,サクラジュノー,サクラバクシンオー,黒鹿,210308,  456.7,  ,    ,49.9
24,03,03,1,阪神,4,03,未勝利,7,ダ,1,1400,稍,ジーティーウィンズ,牡,3,岩田望来,57.0,16,11,13,13,0,3.5,10,89,"1290",0,0,0,11,11,40.1,464,中村直也,栗,0,21104582,01174,01186,0924140311,田畑利彦,矢野牧場,リアルスティール,ホームタイム,"Dubai Destination",鹿毛,210407,   74.1,  ,    ,41.5
24,03,03,1,阪神,4,03,未勝利,7,ダ,1,1400,稍,オーケーサンダー  ,牡,3,川又賢治,57.0,16,12,7,7,0,2.1,5,87.6,"1276",0,0,0,2,4,39.7,464,杉山佳明,栗,0,21100981,01166,01178,0924140312,小野建,三好牧場,サンダースノー,ナンヨーサフラウア,アグネスタキオン,栗毛,210414,   31.9,  ,    ,40.5
24,03,03,1,阪神,4,03,未勝利,7,ダ,1,1400,稍,フィリール        ,牡,3,泉谷楓真,56.0,16,13,8,8,0,2.8,7,88.3,"1283",0,0,0,11,11,39.3,508,小崎憲,栗,0,21101765,01182,01085,0924140313,インゼルレーシング,チャンピオンズファ,ドレフォン,ヤマン,ハービンジャー,栗毛,210325,   50.3,  ,    ,43.5
24,03,03,1,阪神,4,03,未勝利,7,ダ,1,1400,稍,グリーズマン      ,牡,3,松山弘平,57.0,16,14,2,2,0,0,2,85.5,"1255",0,0,0,1,1,37.9,490,小栗実,栗,220,21105610,01126,01194,0924140314,増田和啓,ノーザンファーム,モーリス,スピークソフトリー,アルカセット,栗毛,210125,    4.8,  ,    ,44.2
24,03,03,1,阪神,4,03,未勝利,7,ダ,1,1400,稍,ケイアイカペラ    ,牡,3,小崎綾也,57.0,16,15,10,10,0,3,9,88.5,"1285",0,0,0,6,6,40.4,496,新谷功一,栗,0,21103123,01152,01172,0924140315,ケイアイスタリオン,日進牧場,ビッグアーサー,マリカ,サウスヴィグラス,栗毛,210319,   53.8,  ,    ,39.3
24,03,03,1,阪神,4,03,未勝利,7,ダ,1,1400,稍,シュムック        ,牡,3,酒井学,57.0,16,16,4,4,0,1.5,12,87,"1270",0,0,0,6,6,38.8,516,千田輝彦,栗,83,21102415,01034,01120,0924140316,平山靖,坂東牧場,パイロ,スウィートラヴァー,ルーラーシップ,黒鹿,210211,   98.3,  ,    ,43.2
24,03,03,1,阪神,4,04,未勝利,7,芝,8,1600,良,グランエシェゾー  ,牝,3,横山典弘,55.0,15,01,5,5,0,1.4,4,96.2,"1362",0,0,0,3,4,35.1,482,新谷功一,栗,55,21110138,00660,01172,0924140401,フォレストレーシン,"Robert Bruce Walke","Sharp Azteca",Crescenda,"Bowman's Band",黒鹿,210123,    8.9,  ,    ,54.4
24,03,03,1,阪神,4,04,未勝利,7,芝,8,1600,良,シェイクヒップ    ,牝,3,団野大成,55.0,15,02,11,11,0,2.6,14,97.4,"1374",0,0,0,6,8,36,450,奥村豊,栗,0,21101934,01180,01146,0924140402,スリーエイチレーシ,日高大洋牧場,アルアイン,レディオスソープ,アグネスタキオン,鹿毛,210417,  356.3,  ,    ,52.3
24,03,03,1,阪神,4,04,未勝利,7,芝,8,1600,良,リーゼダムール    ,牝,3,和田竜二,55.0,15,03,9,9,0,2.1,10,96.9,"1369",0,0,0,3,4,35.8,410,辻野泰之,栗,0,21105468,01018,01183,0924140403,DMMドリームクラブ,ノーザンファーム,ドレフォン,カデナダムール,ディープインパクト,鹿毛,210314,  146.3,  ,    ,52.4
24,03,03,1,阪神,4,04,未勝利,7,芝,8,1600,良,ミッキースターダム,牡,3,ムルザバ,57.0,15,04,3,3,0,1.1,1,95.9,"1359",0,0,0,6,4,34.8,468,音無秀孝,栗,140,21105765,05627,01002,0924140404,野田みづき,ノーザンファーム,エピファネイア,ベルダム,ディープインパクト,鹿毛,210212,    1.9,  ,    ,55.3
24,03,03,1,阪神,4,04,未勝利,7,芝,8,1600,良,リチャードバローズ,牡,3,松山弘平,57.0,15,05,2,2,0,0.9,2,95.7,"1357",0,0,0,3,2,35,506,上村洋行,栗,220,21103977,01126,01168,0924140405,猪熊広次,タイヘイ牧場,エピファネイア,マルケサ,Kingmambo,青鹿,210430,    3.6,  ,    ,54.1
24,03,03,1,阪神,4,04,未勝利,7,芝,8,1600,良,ジュンヴァンケット,牡,3,岩田望来,57.0,15,06,1,1,0,-0.9,3,94.8,"1348",0,0,0,10,8,33.4,464,友道康夫,栗,550,21107180,01174,01061,0924140406,河合純二,ノーザンファーム,キズナ,ピクシーホロウ,キングヘイロー,鹿毛,210309,    7.1,  ,    ,60.3
24,03,03,1,阪神,4,04,未勝利,7,芝,8,1600,良,リート            ,牝,3,今村聖奈,52.0,15,07,15,15,0,4.7,11,99.5,"1395",0,0,0,12,12,37.6,460,加用正,栗,0,21101376,01193,00425,0924140407,下河辺牧場,下河辺牧場,サトノクラウン,アーキタイプ,ディープインパクト,鹿毛,210211,  231.2,  ,    ,48.8
24,03,03,1,阪神,4,04,未勝利,7,芝,8,1600,良,ショウナンマンテン,牝,3,角田大河,54.0,15,08,12,12,0,2.7,15,97.5,"1375",0,0,0,1,1,36.8,404,茶木太樹,栗,0,21104240,01199,01181,0924140408,国本哲秀,西村牧場,カリフォルニアクローム,ショウナンカサロ,キングカメハメハ,鹿毛,210318,  503.5,  ,    ,49.0
24,03,03,1,阪神,4,04,未勝利,7,芝,8,1600,良,ポッドロイ        ,牡,3,酒井学,57.0,15,09,8,8,0,1.9,8,96.7,"1367",0,0,0,9,8,35.3,474,小林真也,栗,0,21100207,01034,01185,0924140409,小川眞査雄,下屋敷牧場,ブリックスアンドモルタル,グリエルマ,ロードカナロア,鹿毛,210512,  101.4,  ,    ,54.4
24,03,03,1,阪神,4,04,未勝利,7,芝,8,1600,良,バラン            ,牝,3,荻野極,55.0,15,10,6,6,0,1.6,7,96.4,"1364",0,0,0,6,4,35.3,424,中竹和也,栗,0,21110089,01160,01039,0924140410,前田葉子,"North Hills Co. Lt",Frankel,"Blanc Bonheur","Deep Impact",鹿毛,210423,   94.8,  ,    ,53.9
24,03,03,1,阪神,4,04,未勝利,7,芝,8,1600,良,エレファンタ      ,牝,3,池添謙一,55.0,15,11,14,14,0,3.7,12,98.5,"1385",0,0,0,14,14,36.2,412,武英智,栗,0,21104114,01032,01161,0924140411,飯田正剛,千代田牧場,デクラレーションオブウォー,シーブリーズライフ,アドマイヤジャパン,栗毛,210321,  292.7,  ,    ,53.3
24,03,03,1,阪神,4,04,未勝利,7,芝,8,1600,良,レーヌクロード    ,牝,3,松若風馬,55.0,15,12,13,13,0,3.2,9,98,"1380",0,0,0,15,15,35.4,360,小栗実,栗,0,21105900,01154,01194,0924140412,吉田和美,ノーザンファーム,オルフェーヴル,ロザリンド,シンボリクリスエス,栗毛,210314,  103.1,  ,    ,56.1
24,03,03,1,阪神,4,04,未勝利,7,芝,8,1600,良,ペルフェツィオーネ,牡,3,長岡禎仁,57.0,15,13,4,4,0,1.1,6,95.9,"1359",0,0,0,11,11,34.2,462,杉山佳明,栗,83,21106690,01142,01178,0924140413,ローレルレーシング,ハシモトフアーム,ルーラーシップ,クレオール,チチカステナンゴ,鹿毛,210213,   16.0,  ,    ,58.2
24,03,03,1,阪神,4,04,未勝利,7,芝,8,1600,良,デルマプラクリティ,牡,3,古川奈穂,53.0,15,14,10,10,0,2.6,13,97.4,"1374",0,0,0,13,13,35.4,456,的場均,美,0,21101985,01190,01063,0924140414,浅沼廣幸,ファニーヒルファー,ロゴタイプ,デルマオシマ,ハービンジャー,青鹿,210331,  307.0,  ,    ,55.1
24,03,03,1,阪神,4,04,未勝利,7,芝,8,1600,良,ルージュレイナス  ,牝,3,坂井瑠星,55.0,15,15,7,7,0,1.6,5,96.4,"1364",0,0,0,2,2,35.6,462,橋口慎介,栗,0,21105223,01163,01154,0924140415,東京ホースレーシン,社台ファーム,ストロングリターン,プレステッツァ,ルーラーシップ,栗毛,210208,   10.3,  ,    ,52.5
24,03,03,1,阪神,4,05,１勝ｸﾗｽ・牝*,23,ダ,1,1400,稍,ドルチアーリア    ,牝,3,団野大成,55.0,11,01,9,9,0,2.9,11,88.5,"1285",0,0,0,7,10,40.6,482,新谷功一,栗,0,21105251,01180,01172,0924140501,社台レースホース,社台ファーム,マインドユアビスケッツ,メジャーマジック,ダイワメジャー,栗毛,210504,  164.3,  ,    ,38.5
24,03,03,1,阪神,4,05,１勝ｸﾗｽ・牝*,23,ダ,1,1400,稍,ラヴオントップ    ,牝,3,坂井瑠星,55.0,11,02,1,1,0,-0.7,1,85.6,"1256",0,0,0,2,1,39,488,西村真幸,栗,780,21104399,01163,01148,0924140502,フジワラ・ファーム,フジワラフアーム,ヘニーヒューズ,サトノフラリッシュ,エンパイアメーカー,栗毛,210311,    1.7,  ,    ,39.6
24,03,03,1,阪神,4,05,１勝ｸﾗｽ・牝*,23,ダ,1,1400,稍,パドマ            ,牝,3,加藤祥太,55.0,11,03,4,4,0,1.1,2,86.7,"1267",0,0,0,5,4,39.4,500,杉山晴紀,栗,120,21102953,01156,01157,0924140503,ローレルレーシング,チェスナットファー,ドレフォン,マチャプチャレ,ヨハネスブルグ,鹿毛,210327,    5.7,  ,    ,40.0
24,03,03,1,阪神,4,05,１勝ｸﾗｽ・牝*,23,ダ,1,1400,稍,コートリーバウ    ,牝,3,ムルザバ,55.0,11,04,11,11,0,3.8,9,89.4,"1294",0,0,0,10,11,41.2,408,池添学,栗,0,21105543,05627,01144,0924140504,吉田勝己,ノーザンファーム,モーリス,サングレアル,ゼンノロブロイ,青鹿,210209,   71.0,  ,    ,37.7
24,03,03,1,阪神,4,05,１勝ｸﾗｽ・牝*,23,ダ,1,1400,稍,ディーノサンライズ,牝,3,古川奈穂,51.0,11,05,6,6,0,1.5,8,87.1,"1271",0,0,0,7,7,39.3,450,高橋康之,栗,0,21101289,01190,01135,0924140505,坂本守孝,グッドラック・ファ,シルバーステート,ハタノファベルジェ,"Lemon Drop Kid",鹿毛,210419,   48.4,  ,    ,41.2
24,03,03,1,阪神,4,05,１勝ｸﾗｽ・牝*,23,ダ,1,1400,稍,ワキノノーブル    ,牝,3,松若風馬,55.0,11,06,5,5,0,1.1,10,86.7,"1267",0,0,0,10,9,38.5,434,宮本博,栗,78,21106394,01154,01073,0924140506,脇山良之,大作ステーブル,トウケイヘイロー,トウケイスペシャル,スペシャルウィーク,鹿毛,210401,  137.6,  ,    ,43.9
24,03,03,1,阪神,4,05,１勝ｸﾗｽ・牝*,23,ダ,1,1400,稍,クリノオリーブ    ,牝,3,角田大河,54.0,11,07,2,2,0,0.7,6,86.3,"1263",0,0,0,5,4,38.9,460,谷潔,栗,310,21102259,01199,00431,0924140507,栗本依利子,横井哲,ニューイヤーズデイ,クリノラホール,ダイワメジャー,芦毛,210126,   15.5,  ,    ,41.4
24,03,03,1,阪神,4,05,１勝ｸﾗｽ・牝*,23,ダ,1,1400,稍,クインズセレネ    ,牝,3,岩田望来,55.0,11,08,7,7,0,1.7,4,87.3,"1273",0,0,0,7,7,39.4,464,野中賢二,栗,0,21103943,01174,01098,0924140508,亀田和弘,静内山田牧場,キンシャサノキセキ,ターフデザイナー,"Unbridled's Song",芦毛,210305,    8.1,  ,    ,41.2
24,03,03,1,阪神,4,05,１勝ｸﾗｽ・牝*,23,ダ,1,1400,稍,メイショウザンゲツ,牝,3,和田竜二,55.0,11,09,8,8,0,2.2,7,87.8,"1278",0,0,0,4,4,40.4,432,鈴木孝志,栗,0,21105939,01018,01111,0924140509,松本好隆,橋本牧場,ダノンレジェンド,メイショウルミナス,アイルハヴアナザー,黒鹿,210315,   22.8,  ,    ,38.0
24,03,03,1,阪神,4,05,１勝ｸﾗｽ・牝*,23,ダ,1,1400,稍,プレヴィスト      ,牝,3,松山弘平,55.0,11,10,10,10,0,3,3,88.6,"1286",0,0,0,1,2,42,464,池添学,栗,0,21101406,01126,01144,0924140510,スリーエイチレーシ,下河辺牧場,デクラレーションオブウォー,ジェラスキャット,Tapit,鹿毛,210207,    6.9,  ,    ,33.2
24,03,03,1,阪神,4,05,１勝ｸﾗｽ・牝*,23,ダ,1,1400,稍,タガノミスト      ,牝,3,酒井学,55.0,11,11,3,3,0,0.9,5,86.5,"1265",0,0,0,3,3,39.6,464,川村禎彦,栗,200,21106554,01034,01003,0924140511,八木良司,新冠タガノファーム,マジェスティックウォリアー,ミトス,エンパイアメーカー,鹿毛,210426,   13.5,  ,    ,38.8
24,03,03,1,阪神,4,06,１勝ｸﾗｽ,23,ダ,1,1800,稍,スリリングチェイス,牡,4,ムルザバ,58.0,8,01,2,2,0,0.3,1,114.8,"1548",0,2,2,3,3,39,510,渡辺薫彦,栗,320,20103407,05627,01155,0924140601,吉田勝己,ノーザンファーム,サトノアラジン,シンギングメリリー,Ghostzapper,黒鹿,200331,    2.6,  ,    ,47.2
24,03,03,1,阪神,4,06,１勝ｸﾗｽ,23,ダ,1,1800,稍,フィッシュポンド  ,牡,4,古川奈穂,54.0,8,02,6,6,0,2.1,7,116.6,"1566",0,7,7,8,8,39.8,500,小笠倫弘,美,0,20104244,01190,01076,0924140602,岡浩二,サンデーヒルズ,ロードカナロア,ラヴァズアゲイン,ファルブラヴ,鹿毛,200518,   48.0,  ,    ,46.5
24,03,03,1,阪神,4,06,１勝ｸﾗｽ,23,ダ,1,1800,稍,マリオンエール    ,牝,6,団野大成,56.0,8,03,7,7,0,2.1,6,116.6,"1566",0,8,8,7,6,40.2,472,安達昭夫,栗,0,18101371,01180,01042,0924140603,サン,坂東牧場,ロードカナロア,ヤマトマリオン,オペラハウス,鹿毛,180213,   36.5,  ,    ,45.0
24,03,03,1,阪神,4,06,１勝ｸﾗｽ,23,ダ,1,1800,稍,バンフィエルド    ,牡,5,長岡禎仁,58.0,8,04,5,5,0,1.3,8,115.8,"1558",0,4,4,5,7,39.6,430,緒方努,栗,80,19104531,01142,01193,0924140604,平川三津,社台コーポレーショ,オルフェーヴル,エヴィータアルゼンティーナ,"Candy Ride",栗毛,190225,   57.7,  ,    ,46.2
24,03,03,1,阪神,4,06,１勝ｸﾗｽ,23,ダ,1,1800,稍,ウォーターリーダー,牡,4,中井裕二,58.0,8,05,4,4,0,0.8,5,115.3,"1553",0,6,6,5,5,39.2,440,安田隆行,栗,120,20100948,01141,00438,0924140605,山岡正人,伏木田牧場,ルーラーシップ,ウォーターラボ,マンハッタンカフェ,鹿毛,200305,   23.4,  ,    ,47.1
24,03,03,1,阪神,4,06,１勝ｸﾗｽ,23,ダ,1,1800,稍,ドンアチェカ      ,牡,4,岩田望来,58.0,8,06,1,1,0,-0.3,4,114.5,"1545",0,2,2,2,2,38.9,478,千田輝彦,栗,800,20105542,01174,01120,0924140606,山田貢一,新冠タガノファーム,マジェスティックウォリアー,タガノラヴキセキ,フジキセキ,黒鹿,200321,    5.4,  ,    ,47.2
24,03,03,1,阪神,4,06,１勝ｸﾗｽ,23,ダ,1,1800,稍,オーバーザドリーム,牡,4,坂井瑠星,58.0,8,07,3,3,0,0.6,2,115.1,"1551",0,4,4,3,3,39.3,466,清水久詞,栗,200,20105734,01163,01110,0924140607,槙和美,平山牧場,ヘニーハウンド,マザーレイク,サンデーサイレンス,鹿毛,200422,    3.0,  ,    ,46.4
24,03,03,1,阪神,4,06,１勝ｸﾗｽ,23,ダ,1,1800,稍,マルカブリッツ    ,牡,4,角田大河,57.0,8,08,8,8,0,2.4,3,116.9,"1569",0,1,1,1,1,41.5,494,松永昌博,栗,0,20103123,01199,01083,0924140608,日下部猛,社台ファーム,エイシンフラッシュ,ロイヤルネックレス,シンボリクリスエス,鹿毛,200424,    4.0,  ,    ,40.8
24,03,03,1,阪神,4,07,１勝ｸﾗｽ,23,芝,0,2000,良,ナンヨーウイング  ,牝,4,古川奈穂,52.0,6,01,5,5,0,1.7,5,123.6,"2036",0,6,6,5,5,35.7,434,宗像義忠,美,80,20102778,01190,00420,0924140701,中村徳也,社台ファーム,オルフェーヴル,エアシンフォニー,ルーラーシップ,黒鹿,200222,   92.3,  ,    ,55.5
24,03,03,1,阪神,4,07,１勝ｸﾗｽ,23,芝,0,2000,良,ルクスビッグスター,牡,4,岩田望来,58.0,6,02,1,1,0,-0.1,3,121.9,"2019",0,2,3,3,3,34.6,476,清水久詞,栗,800,20104297,01174,01110,0924140702,ルクス,静内山田牧場,キタサンブラック,オメガリトルスター,ジャングルポケット,黒鹿,200520,    3.4,  ,    ,58.1
24,03,03,1,阪神,4,07,１勝ｸﾗｽ,23,芝,0,2000,良,マケルナマサムネ  ,牡,6,川又賢治,58.0,6,03,4,4,0,0.6,4,122.5,"2025",0,1,1,1,1,35.8,470,杉山佳明,栗,120,18105814,01166,01178,0924140703,塩澤正樹,レイクヴィラファー,ディープブリランテ,ナオミノユメ,ジャングルポケット,鹿毛,180121,   25.9,  ,    ,53.8
24,03,03,1,阪神,4,07,１勝ｸﾗｽ,23,芝,0,2000,良,ジェモロジー      ,牝,4,ムルザバ,56.0,6,04,3,3,0,0.4,2,122.3,"2023",0,2,2,2,2,35.4,492,橋口慎介,栗,200,20103560,05627,01154,0924140704,サンデーレーシング,ノーザンファーム,ハービンジャー,ファシネートダイア,アグネスタキオン,鹿毛,200204,    2.8,  ,    ,55.2
24,03,03,1,阪神,4,07,１勝ｸﾗｽ,23,芝,0,2000,良,サイモンブーケ    ,牝,4,今村聖奈,53.0,6,05,6,6,0,4.3,6,126.2,"2062",0,5,5,5,6,38.2,496,梅田智之,栗,0,20102317,01193,01084,0924140705,澤田昭紀,ヤナガワ牧場,ダイワメジャー,サイモンガーランド,ロージズインメイ,栗毛,200421,  107.0,  ,    ,48.7
24,03,03,1,阪神,4,07,１勝ｸﾗｽ,23,芝,0,2000,良,ワンダイレクト    ,牡,4,坂井瑠星,58.0,6,06,2,2,0,0.1,1,122,"2020",0,4,4,4,3,34.5,454,藤岡健一,栗,320,20103129,01163,01062,0924140706,青山洋一,社台ファーム,ハービンジャー,ワントゥワン,ディープインパクト,鹿毛,200504,    1.8,  ,    ,58.7
24,03,03,1,阪神,4,08,アルメリ･1勝,23,芝,8,1800,良,ヒヒーン          ,牝,3,酒井学,55.0,7,01,5,5,0,0.4,5,108.4,"1484",0,0,0,1,1,35,462,須貝尚介,栗,107,21105394,01034,01105,0924140801,大和屋暁,ノーザンファーム,ジャスタウェイ,イイナヅケ,ワークフォース,鹿毛,210227,    7.1,  ,    ,54.9
24,03,03,1,阪神,4,08,アルメリ･1勝,23,芝,8,1800,良,コパノアントニオ  ,牡,3,松山弘平,57.0,7,02,6,6,0,0.7,6,108.7,"1487",0,0,0,4,4,35,476,梅田智之,栗,0,21103125,01126,01084,0924140802,小林祥晃,日進牧場,コパノリッキー,ラシーク,スタチューオブリバティ,栗毛,210429,  126.3,  ,    ,55.3
24,03,03,1,阪神,4,08,アルメリ･1勝,23,芝,8,1800,良,ナイトスラッガー  ,牡,3,和田竜二,57.0,7,03,2,2,0,0,2,108,"1480",0,0,0,4,4,34.3,524,小栗実,栗,430,21101603,01018,01194,0924140803,東豊物産,竹島幸治,ルーラーシップ,トーホウアマポーラ,フジキセキ,黒鹿,210403,    3.6,  ,    ,57.4
24,03,03,1,阪神,4,08,アルメリ･1勝,23,芝,8,1800,良,レリッシュ        ,牝,3,長岡禎仁,55.0,7,04,7,7,0,1.7,7,109.7,"1497",0,0,0,4,4,35.9,470,南田美知,美,0,21101385,01142,00437,0924140804,Mr.ホース,下河辺牧場,コパノリッキー,カクシアジ,スウェプトオーヴァーボード,鹿毛,210308,  272.6,  ,    ,52.8
24,03,03,1,阪神,4,08,アルメリ･1勝,23,芝,8,1800,良,ケーブパール      ,牝,3,岩田望来,55.0,7,05,4,4,0,0.1,4,108.1,"1481",0,0,0,7,7,34,414,友道康夫,栗,160,21105161,01174,01061,0924140805,金子真人ホールディ,社台ファーム,ブリックスアンドモルタル,ハナレイムーン,ディープインパクト,鹿毛,210316,    6.7,  ,    ,59.0
24,03,03,1,阪神,4,08,アルメリ･1勝,23,芝,8,1800,良,ブラーヴイストワル,牡,3,坂井瑠星,57.0,7,06,3,3,0,0,3,108,"1480",0,0,0,2,2,34.5,504,池江泰寿,栗,270,21105422,01163,01071,0924140806,インゼルレーシング,ノーザンファーム,ロードカナロア,ヴィニー,ディープインパクト,黒鹿,210119,    4.1,  ,    ,56.5
24,03,03,1,阪神,4,08,アルメリ･1勝,23,芝,8,1800,良,ギャンブルルーム  ,牡,3,ムルザバ,57.0,7,07,1,1,0,0,1,108,"1480",0,0,0,2,2,34.5,490,大久保龍,栗,1070,21105559,05627,01058,0924140807,サンデーレーシング,ノーザンファーム,キズナ,シャンデリアハウス,ヴァーミリアン,青鹿,210208,    2.2,  ,    ,56.5
24,03,03,1,阪神,4,09,２勝ｸﾗｽ,43,ダ,1,1800,良,フォーランマリア  ,牝,5,岩田望来,56.0,12,01,10,10,0,1.9,7,114.8,"1548",0,6,6,7,9,39,420,森田直行,栗,0,19104726,01174,01142,0924140901,社台レースホース,社台ファーム,キンシャサノキセキ,グランディフローラ,メイショウサムソン,鹿毛,190323,   11.6,  ,    ,47.2
24,03,03,1,阪神,4,09,２勝ｸﾗｽ,43,ダ,1,1800,良,レディーシス      ,牝,5,小崎綾也,56.0,12,02,7,7,0,1.7,11,114.6,"1546",0,3,3,3,4,39.1,426,小崎憲,栗,0,19106868,01152,01085,0924140902,谷和光彦,チャンピオンズファ,ブラックタイド,セレブデート,キングカメハメハ,鹿毛,190512,  282.6,  ,    ,46.5
24,03,03,1,阪神,4,09,２勝ｸﾗｽ,43,ダ,1,1800,良,メイショウマントル,牡,6,国分優作,58.0,12,03,9,9,0,1.7,9,114.6,"1546",0,12,12,12,10,38.3,524,安達昭夫,栗,0,18100858,01125,01042,0924140903,松本和子,日西牧場,メイショウボーラー,ピンクトルマリン,"Fusaichi Pegasus",鹿毛,180214,   25.6,  ,    ,49.6
24,03,03,1,阪神,4,09,２勝ｸﾗｽ,43,ダ,1,1800,良,プラーヴィ        ,牡,4,松山弘平,58.0,12,04,2,2,0,0.3,5,113.2,"1532",0,6,6,6,4,37.5,472,杉山晴紀,栗,460,20101905,01126,01157,0924140904,長谷川祐司,チャンピオンズファ,ドゥラメンテ,ワイメアビーチ,フジキセキ,栗毛,200215,    6.3,  ,    ,50.9
24,03,03,1,阪神,4,09,２勝ｸﾗｽ,43,ダ,1,1800,良,オラヴェリタス    ,牡,5,古川奈穂,54.0,12,05,6,6,0,1.5,8,114.4,"1544",0,1,1,1,1,39.2,522,寺島良,栗,0,19103584,01190,01158,0924140905,杉山忠国,杵臼牧場,ロードカナロア,アリデッド,ダンスインザダーク,黒鹿,190524,   12.7,  ,    ,45.9
24,03,03,1,阪神,4,09,２勝ｸﾗｽ,43,ダ,1,1800,良,ロイガヴェーグル  ,牡,4,坂井瑠星,58.0,12,06,4,4,0,1.2,3,114.1,"1541",0,5,5,5,4,38.5,450,浜田多実,栗,170,20103697,01163,01138,0924140906,サンデーレーシング,ノーザンファーム,サトノアラジン,レジェンドトレイル,フレンチデピュティ,鹿毛,200420,    6.0,  ,    ,48.2
24,03,03,1,阪神,4,09,２勝ｸﾗｽ,43,ダ,1,1800,良,カネトシブルーム  ,牡,5,岩田康誠,58.0,12,07,1,1,0,-0.3,1,112.9,"1529",0,2,2,2,2,37.6,522,大橋勇樹,栗,1140,19106475,05203,01065,0924140907,兼松昌男,野坂牧場,シニスターミニスター,アサケゴマ,クロフネ,芦毛,190523,    3.7,  ,    ,50.1
24,03,03,1,阪神,4,09,２勝ｸﾗｽ,43,ダ,1,1800,良,ワンダースティング,牡,6,高倉稜,58.0,12,08,3,3,0,0.7,10,113.6,"1536",0,3,3,3,3,38.1,528,渡辺薫彦,栗,290,18102956,01130,01155,0924140908,山本能成,米田牧場,マクフィ,ワンダーノンブーレ,デヒア,鹿毛,180210,   66.4,  ,    ,49.1
24,03,03,1,阪神,4,09,２勝ｸﾗｽ,43,ダ,1,1800,良,ロードラプソディ  ,牡,5,和田竜二,58.0,12,09,8,8,0,1.7,4,114.6,"1546",0,8,8,7,7,38.8,492,松下武士,栗,0,19103020,01018,01149,0924140909,ロードホースクラブ,ケイアイファーム,モーリス,ティアーモ,キングカメハメハ,鹿毛,190302,    6.2,  ,    ,47.7
24,03,03,1,阪神,4,09,２勝ｸﾗｽ,43,ダ,1,1800,良,パンデアスカル    ,牡,4,ムルザバ,58.0,12,10,12,12,0,2.7,6,115.6,"1556",0,8,8,9,7,39.6,514,高野友和,栗,0,20103369,05627,01117,0924140910,キャロットファーム,ノーザンファーム,モーリス,コルコバード,ステイゴールド,鹿毛,200414,   10.8,  ,    ,46.0
24,03,03,1,阪神,4,09,２勝ｸﾗｽ,43,ダ,1,1800,良,トゥルブレンシア  ,セ,7,酒井学,58.0,12,11,5,5,0,1.2,2,114.1,"1541",0,8,10,10,10,38,462,藤沢則雄,栗,114,17103184,01034,01041,0924140911,岡田牧雄,山下恭茂,フリオーソ,エルシェロアスール,アドマイヤジャパン,栗毛,170308,    5.5,  ,    ,50.1
24,03,03,1,阪神,4,09,２勝ｸﾗｽ,43,ダ,1,1800,良,サイモンメガライズ,牡,6,団野大成,58.0,12,12,11,11,0,2.3,12,115.2,"1552",0,11,10,11,12,39,514,小林真也,栗,0,18101175,01180,01185,0924140912,澤田昭紀,ヤナガワ牧場,ケープブランコ,テーオーヴィーナス,ディープインパクト,鹿毛,180316,  340.5,  ,    ,47.7
24,03,03,1,阪神,4,10,戎橋ＳＨ･3勝,67,芝,0,1400,良,テーオーダヴィンチ,牡,6,松山弘平,55.0,14,01,2,2,0,0,4,80.7,"1207",0,0,0,9,7,33.9,514,岡田稲男,栗,740,18104633,01126,01066,0924141001,小笹公也,社台ファーム,ダイワメジャー,シークレットジプシー,"Sea of Secrets",栗毛,180209,    7.9,  ,    ,53.5
24,03,03,1,阪神,4,10,戎橋ＳＨ･3勝,67,芝,0,1400,良,ミシシッピテソーロ,牝,4,角田大河,54.0,14,02,7,7,0,0.3,6,81,"1210",0,0,0,6,7,34.4,440,畠山吉宏,美,0,20102378,01199,01048,0924141002,了徳寺健二ホールデ,リョーケンファーム,ダノンバラード,ハピネスフォーユー,"A.P. Indy",鹿毛,200325,   13.5,  ,    ,51.6
24,03,03,1,阪神,4,10,戎橋ＳＨ･3勝,67,芝,0,1400,良,ミツルハピネス    ,牝,6,荻野極,51.0,14,03,5,5,0,0.2,10,80.9,"1209",0,0,0,2,4,34.6,522,小栗実,栗,184,18104317,01160,01194,0924141003,守内ひろ子,フジワラフアーム,エピファネイア,サトノフラリッシュ,エンパイアメーカー,栗毛,180401,   31.8,  ,    ,50.4
24,03,03,1,阪神,4,10,戎橋ＳＨ･3勝,67,芝,0,1400,良,ブラックシールド  ,牡,5,ムルザバ,55.0,14,04,10,10,0,0.6,9,81.3,"1213",0,0,0,6,7,34.6,458,武幸四郎,栗,0,19105197,05627,01160,0924141004,吉田勝己,ノーザンファーム,キタサンブラック,ゴールドエッセンス,キングカメハメハ,鹿毛,190223,   31.3,  ,    ,51.2
24,03,03,1,阪神,4,10,戎橋ＳＨ･3勝,67,芝,0,1400,良,リッケンバッカー  ,牡,6,池添謙一,54.0,14,05,11,11,0,0.7,13,81.4,"1214",0,0,0,12,14,34.1,490,西村真幸,栗,0,18103590,01032,01148,0924141005,安原浩司,岡田牧場,ロードカナロア,シティウェルズ,"City Zip",鹿毛,180407,   94.7,  ,    ,54.0
24,03,03,1,阪神,4,10,戎橋ＳＨ･3勝,67,芝,0,1400,良,イティネラートル  ,牝,4,岩田望来,53.0,14,06,3,3,0,0.2,5,80.9,"1209",0,0,0,1,1,34.8,422,長谷川浩,栗,460,20102890,01174,01173,0924141006,社台レースホース,社台ファーム,キズナ,ジプシーハイウェイ,"High Chaparral",鹿毛,200401,   12.3,  ,    ,49.4
24,03,03,1,阪神,4,10,戎橋ＳＨ･3勝,67,芝,0,1400,良,レベレンシア      ,牡,5,坂井瑠星,57.0,14,07,6,6,0,0.2,1,80.9,"1209",0,0,0,2,2,34.7,502,安田翔伍,栗,0,19100659,01163,01164,0924141007,ノースヒルズ,ノースヒルズ,ロードカナロア,ブルーモーメント,ダンスインザダーク,鹿毛,190415,    2.7,  ,    ,49.9
24,03,03,1,阪神,4,10,戎橋ＳＨ･3勝,67,芝,0,1400,良,フロムダスク      ,牡,4,岩田康誠,56.0,14,08,4,4,0,0.2,12,80.9,"1209",0,0,0,10,11,33.9,510,森秀行,栗,280,20110133,05203,00427,0924141008,藤田晋,"Springhouse Farm","Bolt d'Oro","Foolish Cause","Giant's Causeway",黒鹿,200414,   72.5,  ,    ,54.0
24,03,03,1,阪神,4,10,戎橋ＳＨ･3勝,67,芝,0,1400,良,レイベリング      ,牡,4,和田竜二,57.0,14,09,1,1,0,0,2,80.7,"1207",0,0,0,5,5,34.2,478,鹿戸雄一,美,1840,20110155,01018,01097,0924141009,ビッグレッドファー,"Sir Nicholas & Lad",Frankel,Noyelles,Docksider,鹿毛,200205,    3.9,  ,    ,52.0
24,03,03,1,阪神,4,10,戎橋ＳＨ･3勝,67,芝,0,1400,良,ヤマニンデンファレ,牝,6,松若風馬,53.0,14,10,12,12,0,0.8,8,81.5,"1215",0,0,0,2,2,35.2,486,辻哲英,美,0,18102009,01154,01182,0924141010,土井肇,錦岡牧場,ローエングリン,ヤマニンアドーレ,ダイワメジャー,芦毛,180408,   31.2,  ,    ,48.7
24,03,03,1,阪神,4,10,戎橋ＳＨ･3勝,67,芝,0,1400,良,ベルクレスタ      ,牝,5,酒井学,54.0,14,11,8,8,0,0.4,7,81.1,"1211",0,0,0,11,11,34,484,須貝尚介,栗,0,19105415,01034,01105,0924141011,サンデーレーシング,ノーザンファーム,ドゥラメンテ,ベルアリュール2,Numerous,鹿毛,190206,   16.7,  ,    ,53.9
24,03,03,1,阪神,4,10,戎橋ＳＨ･3勝,67,芝,0,1400,良,スーサンアッシャー,牡,5,横山典弘,56.0,14,12,9,9,0,0.5,3,81.2,"1212",0,0,0,12,10,34.1,476,鈴木孝志,栗,0,19103898,00660,01111,0924141012,林千枝子,富田牧場,Siyouni,オーティニャック,Solon,鹿毛,190529,    6.6,  ,    ,53.6
24,03,03,1,阪神,4,10,戎橋ＳＨ･3勝,67,芝,0,1400,良,メイショウベッピン,牝,7,泉谷楓真,52.0,14,13,13,13,0,0.9,14,81.6,"1216",0,0,0,12,13,34.3,488,荒川義之,栗,0,17106086,01182,01095,0924141013,松本好雄,太陽牧場,トゥザグローリー,メイショウオリビア,フジキセキ,鹿毛,170321,  285.8,  ,    ,53.4
24,03,03,1,阪神,4,10,戎橋ＳＨ･3勝,67,芝,0,1400,良,ウラヤ            ,牡,5,団野大成,55.0,14,14,14,14,0,1.3,11,82,"1220",0,0,0,6,5,35.5,480,野中賢二,栗,0,19110040,01180,01098,0924141014,ゴドルフィン,Godolphin,"New Approach",Wadi,Pyro,栗毛,190322,   47.8,  ,    ,48.2
24,03,03,1,阪神,4,11,大阪城Ｈ(L),115,芝,8,1800,良,ルージュスティリア,牝,5,松山弘平,53.0,15,01,11,11,0,0.7,4,106.1,"1461",0,0,0,5,5,34.9,492,藤原英昭,栗,0,19104982,01126,01055,0924141101,東京ホースレーシン,社台牧場,ディープインパクト,ドライヴンスノー,"Storm Cat",鹿毛,190319,    6.4,  ,    ,52.0
24,03,03,1,阪神,4,11,大阪城Ｈ(L),115,芝,8,1800,良,アリストテレス    ,牡,7,横山典弘,57.0,15,02,6,6,0,0.4,9,105.8,"1458",0,0,0,15,14,34.1,496,上村洋行,栗,0,17105525,00660,01168,0924141102,近藤英子,ノーザンファーム,エピファネイア,ブルーダイアモンド,ディープインパクト,鹿毛,170408,   32.0,  ,    ,55.1
24,03,03,1,阪神,4,11,大阪城Ｈ(L),115,芝,8,1800,良,パクスオトマニカ  ,牡,4,角田大河,54.0,15,03,13,13,0,1.1,10,106.5,"1465",0,0,0,5,5,35.3,480,久保田貴,美,0,20103496,01199,01067,0924141103,窪田芳郎,ノーザンファーム,ヴィクトワールピサ,ディープラヴ,ディープインパクト,鹿毛,200212,   50.7,  ,    ,50.8
24,03,03,1,阪神,4,11,大阪城Ｈ(L),115,芝,8,1800,良,ステラヴェローチェ,牡,6,酒井学,58.5,15,04,1,1,0,0,5,105.4,"1454",0,0,0,3,3,34.5,510,須貝尚介,栗,2800,18104980,01034,01105,0924141104,大野照旺,ノーザンファーム,バゴ,オーマイベイビー,ディープインパクト,青鹿,180219,    7.7,  ,    ,52.8
24,03,03,1,阪神,4,11,大阪城Ｈ(L),115,芝,8,1800,良,ショウナンマグマ  ,牡,5,団野大成,57.0,15,05,3,3,0,0.3,7,105.7,"1457",0,0,0,1,1,35.1,520,尾関知人,美,700,19104998,01180,01103,0924141105,国本哲秀,青藍牧場,ザファクター,レッドメアラス,ステイゴールド,鹿毛,190429,   15.7,  ,    ,50.6
24,03,03,1,阪神,4,11,大阪城Ｈ(L),115,芝,8,1800,良,スカーフェイス    ,牡,8,松若風馬,57.0,15,06,4,4,0,0.4,11,105.8,"1458",0,0,0,14,14,34.1,464,中竹和也,栗,420,16105681,01154,01039,0924141106,永井商事,グランド牧場,ハーツクライ,スプリングサンダー,クロフネ,鹿毛,160424,   52.6,  ,    ,55.1
24,03,03,1,阪神,4,11,大阪城Ｈ(L),115,芝,8,1800,良,グラティアス      ,牡,6,ムルザバ,56.0,15,07,8,8,0,0.5,2,105.9,"1459",0,0,0,5,5,34.8,506,安田隆行,栗,0,18105277,05627,00438,0924141107,スリーエイチレーシ,ノーザンファーム,ハーツクライ,マラコスタムブラダ,"Lizard Island",鹿毛,180406,    5.5,  ,    ,52.2
24,03,03,1,阪神,4,11,大阪城Ｈ(L),115,芝,8,1800,良,スパイラルノヴァ  ,牡,6,今村聖奈,55.0,15,08,15,15,0,2.1,13,107.5,"1475",0,0,0,2,2,36.7,496,藤岡健一,栗,0,18106795,01193,01062,0924141108,フクキタル,パカパカファーム,キズナ,アップワードスパイラル,Teofilo,黒鹿,180203,  124.2,  ,    ,46.5
24,03,03,1,阪神,4,11,大阪城Ｈ(L),115,芝,8,1800,良,デビットバローズ  ,牡,5,岩田望来,55.0,15,09,2,2,0,0,3,105.4,"1454",0,0,0,4,3,34.5,526,上村洋行,栗,1100,19104878,01174,01168,0924141109,猪熊広次,社台ファーム,ロードカナロア,フレンチビキニ,サンデーサイレンス,鹿毛,190522,    5.8,  ,    ,52.8
24,03,03,1,阪神,4,11,大阪城Ｈ(L),115,芝,8,1800,良,コスモカレンドゥラ,牡,8,国分優作,55.0,15,10,14,14,0,1.5,15,106.9,"1469",0,0,0,8,9,35.6,470,田中博康,美,0,16100763,01125,01162,0924141110,ビッグレッドファー,ビッグレッドファー,ノヴェリスト,ミルルーテウス,アグネスタキオン,栗毛,160407,  349.0,  ,    ,50.1
24,03,03,1,阪神,4,11,大阪城Ｈ(L),115,芝,8,1800,良,オニャンコポン    ,牡,5,長岡禎仁,57.0,15,11,5,5,0,0.4,6,105.8,"1458",0,0,0,8,10,34.4,478,小島茂之,美,280,19104756,01142,01068,0924141111,田原邦男,社台ファーム,エイシンフラッシュ,シャリオドール,ヴィクトワールピサ,鹿毛,190211,   12.2,  ,    ,53.8
24,03,03,1,阪神,4,11,大阪城Ｈ(L),115,芝,8,1800,良,フォワードアゲン  ,セ,7,坂井瑠星,54.0,15,12,9,9,0,0.6,12,106,"1460",0,0,0,8,10,34.6,434,中野栄治,美,0,17102537,01163,01010,0924141112,浅川皓司,信田牧場,ローズキングダム,エーシンシャイナー,グラスワンダー,黒鹿,170422,   55.2,  ,    ,53.2
24,03,03,1,阪神,4,11,大阪城Ｈ(L),115,芝,8,1800,良,ピンハイ          ,牝,5,高倉稜,54.0,15,13,12,12,0,0.9,1,106.3,"1463",0,0,0,13,10,34.9,408,田中克典,栗,0,19102772,01130,01180,0924141113,北畑忍,ヒダカフアーム,ミッキーアイル,レイテッド,ジャングルポケット,栗毛,190211,    3.2,  ,    ,52.3
24,03,03,1,阪神,4,11,大阪城Ｈ(L),115,芝,8,1800,良,サトノエルドール  ,牡,8,荻野極,56.0,15,14,7,7,0,0.5,14,105.9,"1459",0,0,0,11,10,34.5,482,国枝栄,美,0,16104319,01160,00399,0924141114,里見治,追分ファーム,ディープインパクト,ミゼリコルデ,Fasliyev,鹿毛,160421,  126.3,  ,    ,53.5
24,03,03,1,阪神,4,11,大阪城Ｈ(L),115,芝,8,1800,良,グリューネグリーン,牡,4,和田竜二,56.0,15,15,10,10,0,0.6,8,106,"1460",0,0,0,11,5,34.8,498,相沢郁,美,0,20102194,01018,01020,0924141115,斎藤洋子,本間牧場,ラブリーデイ,レディーダービー,スペシャルウィーク,栗毛,200302,   18.4,  ,    ,52.3
24,03,03,1,阪神,4,12,２勝ｸﾗｽ,43,ダ,1,1400,良,ミッキーレジェンド,牡,6,坂井瑠星,58.0,15,01,10,10,0,1.8,3,86.1,"1261",0,0,0,3,4,39.1,498,大竹正博,美,0,18100494,01163,01102,0924141201,野田みづき,白井牧場,ダノンレジェンド,ミッキーオリーブ,クロフネ,鹿毛,180409,    6.0,  ,    ,40.2
24,03,03,1,阪神,4,12,２勝ｸﾗｽ,43,ダ,1,1400,良,ファーストリッキー,セ,5,中井裕二,58.0,15,02,13,13,0,2.5,14,86.8,"1268",0,0,0,10,10,39,490,村山明,栗,0,19101107,01141,01107,0924141202,小林祥晃,北島牧場,コパノリッキー,レディマールボロ,"Smoke Glacken",栗毛,190127,  380.5,  ,    ,41.9
24,03,03,1,阪神,4,12,２勝ｸﾗｽ,43,ダ,1,1400,良,タロントゥーズ    ,牡,4,岩田望来,58.0,15,03,12,12,0,2.2,5,86.5,"1265",0,0,0,5,5,39.3,466,大久保龍,栗,0,20102932,01174,01058,0924141203,前田晋二,社台ファーム,ダイワメジャー,ダイワダッチェス,ワークフォース,鹿毛,200423,    7.8,  ,    ,40.1
24,03,03,1,阪神,4,12,２勝ｸﾗｽ,43,ダ,1,1400,良,シンゼンイズモ    ,牡,4,和田竜二,58.0,15,04,5,5,0,0.9,6,85.2,"1252",0,0,0,7,7,37.8,530,荒川義之,栗,114,20102993,01018,01095,0924141204,原司郎,社台ファーム,エピファネイア,ビジュアルショック,Kingmambo,鹿毛,200507,   11.3,  ,    ,44.0
24,03,03,1,阪神,4,12,２勝ｸﾗｽ,43,ダ,1,1400,良,ヴィヴァン        ,牡,6,松山弘平,58.0,15,05,2,2,0,0.1,1,84.4,"1244",0,0,0,5,5,37.2,494,池江泰寿,栗,460,18102040,01126,01071,0924141205,前田幸大,ノースヒルズ,ハーツクライ,キトゥンズクイーン,"Kitten's Joy",栗毛,180225,    3.7,  ,    ,45.2
24,03,03,1,阪神,4,12,２勝ｸﾗｽ,43,ダ,1,1400,良,ロードジャスティス,牡,5,池添謙一,58.0,15,06,11,11,0,1.9,12,86.2,"1262",0,0,0,12,10,38,466,安田隆行,栗,0,19103027,01032,00438,0924141206,ロードホースクラブ,ケイアイファーム,"Fort Larned",フラーティングアウェイ,"Distorted Humor",栗毛,190430,   70.8,  ,    ,45.1
24,03,03,1,阪神,4,12,２勝ｸﾗｽ,43,ダ,1,1400,良,ロードミッドナイト,牡,6,岩田康誠,58.0,15,07,14,14,0,2.7,10,87,"1270",0,0,0,11,10,39,522,田中博康,美,0,18102120,05203,01162,0924141207,ロードホースクラブ,樋渡志尚,カレンブラックヒル,コンフォータブル,ザール,黒鹿,180221,   32.9,  ,    ,42.3
24,03,03,1,阪神,4,12,２勝ｸﾗｽ,43,ダ,1,1400,良,キモンリッキー    ,牡,5,酒井学,58.0,15,08,8,8,0,1.2,13,85.5,"1255",0,0,0,8,8,37.8,488,村山明,栗,0,19106449,01034,01107,0924141208,小林祥晃,西村牧場,コパノリッキー,キモンレッド,サウスヴィグラス,栗毛,190408,  251.2,  ,    ,44.6
24,03,03,1,阪神,4,12,２勝ｸﾗｽ,43,ダ,1,1400,良,ジュストコル      ,牡,6,古川奈穂,54.0,15,09,1,1,0,-0.1,4,84.3,"1243",0,0,0,2,2,37.7,512,大久保龍,栗,1140,18110001,01190,01058,0924141209,吉田照哉,"Shadai Farm",Shalaa,Jemayel,"Lope de Vega",鹿毛,180207,    7.7,  ,    ,42.7
24,03,03,1,阪神,4,12,２勝ｸﾗｽ,43,ダ,1,1400,良,ニシノラーナ      ,牝,5,荻野極,56.0,15,10,0,0,3,999.9,0,0,"----",0,0,0,0,0,0,488,加藤和宏,美,0,19103261,01160,01077,0924141210,西山茂行,前田ファーム,ザファクター,ニシノケイト,ゴールドアリュール,鹿毛,190328,    0.0,  ,    , 0.0
24,03,03,1,阪神,4,12,２勝ｸﾗｽ,43,ダ,1,1400,良,カッティングジェム,牡,4,団野大成,58.0,15,11,3,3,0,0.7,2,85,"1250",0,0,0,8,8,37.3,516,小崎憲,栗,290,20104091,01180,01085,0924141211,ヒダカ・ブリーダー,キヨタケ牧場,シャンハイボビー,ディキシーランドジェム,"Dixieland Band",黒鹿,200526,    3.9,  ,    ,45.9
24,03,03,1,阪神,4,12,２勝ｸﾗｽ,43,ダ,1,1400,良,カラレーション    ,牝,6,ムルザバ,56.0,15,12,7,7,0,1.1,11,85.4,"1254",0,0,0,12,13,37.2,440,松下武士,栗,0,18104985,05627,01149,0924141212,シルクレーシング,ノーザンファーム,キングカメハメハ,カラフルブラッサム,ハーツクライ,黒鹿,180319,   44.1,  ,    ,47.2
24,03,03,1,阪神,4,12,２勝ｸﾗｽ,43,ダ,1,1400,良,モズブーナー      ,牝,5,松若風馬,56.0,15,13,6,6,0,1,7,85.3,"1253",0,0,0,1,1,38.8,482,音無秀孝,栗,0,19110061,01154,01002,0924141213,キャピタル・システ,"Alpha Delta Stable","Street Sense","Endless Chatter","First Samurai",鹿毛,190407,   18.1,  ,    ,39.9
24,03,03,1,阪神,4,12,２勝ｸﾗｽ,43,ダ,1,1400,良,メイショウキッド  ,牡,5,横山典弘,58.0,15,14,4,4,0,0.9,8,85.2,"1252",0,0,0,14,14,36.3,518,本田優,栗,170,19102824,00660,01099,0924141214,松本好雄,村下明博,ホッコータルマエ,マイラッキー,"Elusive Quality",鹿毛,190331,   21.4,  ,    ,51.0
24,03,03,1,阪神,4,12,２勝ｸﾗｽ,43,ダ,1,1400,良,シャドウレディー  ,牝,4,角田大河,55.0,15,15,9,9,0,1.4,9,85.7,"1257",0,0,0,3,3,38.8,432,吉岡辰弥,栗,0,20102990,01199,01176,0924141215,飯塚知一,社台ファーム,ロードカナロア,パールシャドウ,クロフネ,鹿毛,200209,   23.0,  ,    ,40.7
24,03,09,1,阪神,5,01,未勝利・牝,7,ダ,1,1200,良,セキテイレア      ,牝,3,武豊,55.0,16,01,5,5,0,1,2,75.3,"1153",0,0,0,7,8,38.7,434,松永幹夫,栗,55,21100226,00666,01092,0924150101,杉山元洋,田上徹,レイデオロ,ジャストアスミッジ,"Into Mischief",鹿毛,210128,    3.1,  ,    ,44.6
24,03,09,1,阪神,5,01,未勝利・牝,7,ダ,1,1200,良,ペプチドアーニャ  ,牝,3,酒井学,55.0,16,02,3,3,0,0.8,12,75.1,"1151",0,0,0,5,5,39.1,410,畑端省吾,栗,140,21102732,01034,01188,0924150102,沼川一彦,杵臼牧場,サトノアラジン,ペプチドスピカ,ヨハネスブルグ,鹿毛,210416,  214.4,  ,    ,42.1
24,03,09,1,阪神,5,01,未勝利・牝,7,ダ,1,1200,良,メイショウロージー,牝,3,松若風馬,55.0,16,03,7,7,0,1.2,7,75.5,"1155",0,0,0,2,2,39.8,444,石橋守,栗,0,21103211,01154,01140,0924150103,松本好雄,まるとみ冨岡牧場,ミッキーアイル,メイショウレンマ,メイショウサムソン,黒鹿,210215,   39.1,  ,    ,39.7
24,03,09,1,阪神,5,01,未勝利・牝,7,ダ,1,1200,良,シャイニングベル  ,牝,3,角田大河,54.0,16,04,11,11,0,2.6,13,76.9,"1169",0,0,0,2,3,41,408,笹田和秀,栗,0,21104398,01199,01104,0924150104,フジワラ・ファーム,フジワラフアーム,"Make Believe",キントラ,Kingman,鹿毛,210417,  258.7,  ,    ,37.6
24,03,09,1,阪神,5,01,未勝利・牝,7,ダ,1,1200,良,テイエムバラード  ,牝,3,古川吉洋,55.0,16,05,15,15,0,2.7,14,77,"1170",0,0,0,10,12,40.2,432,鈴木孝志,栗,0,21103655,01015,01111,0924150105,竹園正繼,カタオカフアーム,ベストウォーリア,アグネスバラード,ヘネシー,栗毛,210324,  277.5,  ,    ,41.5
24,03,09,1,阪神,5,01,未勝利・牝,7,ダ,1,1200,良,ケンブリッジユウ  ,牝,3,鮫島良太,55.0,16,06,10,10,0,1.6,10,75.9,"1159",0,0,0,14,13,38.8,486,牧浦充徳,栗,0,21100699,01099,01113,0924150106,中西宏彰,ケンブリッジバレー,バゴ,ケンブリッジナイス,サウスヴィグラス,栗毛,210209,  201.6,  ,    ,45.6
24,03,09,1,阪神,5,01,未勝利・牝,7,ダ,1,1200,良,タマモワンカラット,牝,3,吉村誠之,52.0,16,07,14,14,0,2.7,15,77,"1170",0,0,0,2,3,41.2,452,茶木太樹,栗,0,21103597,01216,01181,0924150107,タマモ,岡田牧場,リアルインパクト,チャームライト,ワイルドラッシュ,青鹿,210408,  316.7,  ,    ,36.9
24,03,09,1,阪神,5,01,未勝利・牝,7,ダ,1,1200,良,ミルミナーヴァ    ,牝,3,橋木太希,52.0,16,08,2,2,0,0.1,1,74.4,"1144",0,0,0,6,5,38.2,476,西園正都,栗,220,21106332,01215,01028,0924150108,ウエスト.フォレス,高瀬牧場,ヘニーヒューズ,ランミネルバ,アグネスタキオン,栗毛,210530,    2.7,  ,    ,44.8
24,03,09,1,阪神,5,01,未勝利・牝,7,ダ,1,1200,良,ココシャンパーニュ,牝,3,ムルザバ,55.0,16,09,4,4,0,1,4,75.3,"1153",0,0,0,12,10,38.3,462,音無秀孝,栗,83,21105902,05627,01002,0924150109,大塚亮一,ノーザンファーム,ビッグアーサー,ロゼシャンパーニュ,ゼンノロブロイ,鹿毛,210128,    8.0,  ,    ,46.6
24,03,09,1,阪神,5,01,未勝利・牝,7,ダ,1,1200,良,アーニャワクワク  ,牝,3,泉谷楓真,54.0,16,10,9,9,0,1.3,11,75.6,"1156",0,0,0,10,10,38.8,434,藤沢則雄,栗,0,21101048,01182,01041,0924150110,IRレーシング,天羽牧場,サトノクラウン,マヤノロシュニ,マンハッタンカフェ,鹿毛,210309,  212.5,  ,    ,44.8
24,03,09,1,阪神,5,01,未勝利・牝,7,ダ,1,1200,良,フタバ            ,牝,3,鷲頭虎太,52.0,16,11,8,8,0,1.3,8,75.6,"1156",0,0,0,13,13,38.5,404,西村真幸,栗,0,21102963,01202,01148,0924150111,辻雄二,辻牧場,マインドユアビスケッツ,アミスターミノル,サウスヴィグラス,栗毛,210407,  162.6,  ,    ,46.4
24,03,09,1,阪神,5,01,未勝利・牝,7,ダ,1,1200,良,モランゴ          ,牝,3,藤懸貴志,55.0,16,12,12,12,0,2.6,9,76.9,"1169",0,0,0,16,15,38.6,486,池添学,栗,0,21102425,01138,01144,0924150112,名古屋友豊,坂東牧場,ロードカナロア,ピスカデーラ,ブラックタイド,鹿毛,210228,  193.7,  ,    ,49.2
24,03,09,1,阪神,5,01,未勝利・牝,7,ダ,1,1200,良,スマイルアクセス  ,牝,3,鮫島克駿,55.0,16,13,13,13,0,2.6,3,76.9,"1169",0,0,0,9,8,40.2,450,杉山佳明,栗,0,21102589,01157,01178,0924150113,馬目卓,浦河小林牧場,マジェスティックウォリアー,トシザコジーン,アドマイヤコジーン,芦毛,210423,    4.5,  ,    ,41.3
24,03,09,1,阪神,5,01,未勝利・牝,7,ダ,1,1200,良,ルミナスサンライズ,牝,3,和田竜二,55.0,16,14,1,1,0,-0.1,5,74.3,"1143",0,0,0,7,5,38,450,浜田多実,栗,550,21103146,01018,01138,0924150114,松岡隆雄,信岡牧場,シャンハイボビー,レインボーローズ,アグネスタキオン,鹿毛,210305,    8.3,  ,    ,45.5
24,03,09,1,阪神,5,01,未勝利・牝,7,ダ,1,1200,良,プリンセスカレン  ,牝,3,田口貫太,54.0,16,15,6,6,0,1.1,6,75.4,"1154",0,0,0,1,1,39.8,420,大橋勇樹,栗,0,21103602,01208,01065,0924150115,村上稔,岡田牧場,シニスターミニスター,プリンセスバリュー,サウスヴィグラス,栗毛,210408,   22.1,  ,    ,39.4
24,03,09,1,阪神,5,01,未勝利・牝,7,ダ,1,1200,良,ヴィライザベル    ,牝,3,城戸義政,55.0,16,16,16,16,0,3.1,16,77.4,"1174",0,0,0,15,16,39.2,454,長谷川浩,栗,0,21103589,01147,01173,0924150116,岡田隆寛,岡田牧場,タリスマニック,サンバビーン,スズカマンボ,鹿毛,210426,  329.7,  ,    ,47.4
24,03,09,1,阪神,5,02,未勝利,7,ダ,1,1800,良,リアルカラー      ,牡,3,田口貫太,56.0,12,01,10,10,0,5.7,6,122.6,"2026",0,2,2,6,8,44.8,462,羽月友彦,栗,0,21105843,01208,01091,0924150201,青芝商事,ノーザンファーム,リアルスティール,ラベンダーカラー,サクラバクシンオー,鹿毛,210307,   31.1,  ,    ,36.8
24,03,09,1,阪神,5,02,未勝利,7,ダ,1,1800,良,サンライズフランツ,牡,3,岡田祥嗣,57.0,12,02,12,12,0,7.2,11,124.1,"2041",0,10,10,12,12,44.4,538,小林真也,栗,0,21102238,05429,01185,0924150202,松岡隆雄,ヤナガワ牧場,カリフォルニアクローム,デイジーメーカー,エンパイアメーカー,鹿毛,210405,  142.7,  ,    ,39.8
24,03,09,1,阪神,5,02,未勝利,7,ダ,1,1800,良,ファッシネイトパイ,牡,3,国分優作,57.0,12,03,4,4,0,0.6,9,117.5,"1575",0,8,6,6,4,39.8,484,畑端省吾,栗,83,21103617,01125,01188,0924150203,SSレーシング,岡野牧場,パイロ,ケイティローレル,サクラローレル,青鹿,210427,   69.7,  ,    ,47.6
24,03,09,1,阪神,5,02,未勝利,7,ダ,1,1800,良,アイアンウォール  ,牡,3,幸英明,57.0,12,04,5,5,0,1.4,3,118.3,"1583",0,12,12,10,8,39.8,500,大根田裕,栗,55,21102593,00732,01032,0924150204,宮川純造,浦河小林牧場,ダノンレジェンド,メイケイソフィア,キングカメハメハ,鹿毛,210512,    5.9,  ,    ,48.6
24,03,09,1,阪神,5,02,未勝利,7,ダ,1,1800,良,スーサンステラ    ,牡,3,和田竜二,57.0,12,05,11,11,0,6.6,8,123.5,"2035",0,3,3,5,10,45.7,464,鈴木孝志,栗,0,21102596,01018,01111,0924150205,林千枝子,浦河日成牧場,フサイチセブン,スーサンゴー,ジャングルポケット,鹿毛,210417,   66.6,  ,    ,35.1
24,03,09,1,阪神,5,02,未勝利,7,ダ,1,1800,良,カールスタード    ,牡,3,ムルザバ,57.0,12,06,1,1,0,-0.2,1,116.9,"1569",0,3,3,2,2,39.6,490,吉岡辰弥,栗,550,21105554,05627,01176,0924150206,シルクレーシング,ノーザンファーム,キズナ,シフォンカール,クロフネ,黒鹿,210119,    1.6,  ,    ,47.6
24,03,09,1,阪神,5,02,未勝利,7,ダ,1,1800,良,コスモモアナ      ,牡,3,角田大河,56.0,12,07,8,8,0,3.1,10,120,"2000",0,7,8,6,7,42,456,宮徹,栗,0,21104586,01199,01018,0924150207,ビッグレッドファー,矢野牧場,アルアイン,モアナブリーズ,キングカメハメハ,鹿毛,210327,   87.5,  ,    ,42.9
24,03,09,1,阪神,5,02,未勝利,7,ダ,1,1800,良,カレンワッツアップ,牡,3,古川吉洋,57.0,12,08,3,3,0,0.4,5,117.3,"1573",0,8,9,6,6,39.5,474,小林真也,栗,140,21104321,01015,01185,0924150208,鈴木隆司,服部牧場,キズナ,ホワットアスポット,Arch,鹿毛,210410,   12.2,  ,    ,48.5
24,03,09,1,阪神,5,02,未勝利,7,ダ,1,1800,良,フェアクラウド    ,牡,3,Ｍ．デム,57.0,12,09,7,7,0,2.7,4,119.6,"1596",0,5,6,2,4,42.2,466,石坂公一,栗,0,21103497,05212,01166,0924150209,ノルマンディーサラ,岡田スタツド,ロージズインメイ,サマーロコガール,キングカメハメハ,芦毛,210504,   10.3,  ,    ,41.7
24,03,09,1,阪神,5,02,未勝利,7,ダ,1,1800,良,ウインオーブ      ,牡,3,松若風馬,57.0,12,10,6,6,0,1.9,7,118.8,"1588",0,5,5,2,3,41.5,444,宮本博,栗,0,21106200,01154,01073,0924150210,ウイン,コスモヴューファー,ジャスタウェイ,ウインソワレ,ロージズインメイ,鹿毛,210409,   62.2,  ,    ,43.1
24,03,09,1,阪神,5,02,未勝利,7,ダ,1,1800,良,セザンステート    ,牡,3,鮫島良太,57.0,12,11,9,9,0,3.5,12,120.4,"2004",0,11,11,11,11,41.7,512,畑端省吾,栗,0,21107130,01099,01188,0924150211,瀬山孝一,山岡牧場,シルバーステート,ディアテイスティー,ジャングルポケット,黒鹿,210327,  434.0,  ,    ,44.4
24,03,09,1,阪神,5,02,未勝利,7,ダ,1,1800,良,ヒデシンイメル    ,牡,3,藤岡佑介,57.0,12,12,2,2,0,0.2,2,117.1,"1571",0,1,1,1,1,40,460,武英智,栗,220,21100678,01093,01161,0924150212,ケーエスHD,桑田牧場,モーリス,エピファレーヌ,エピファネイア,栗毛,210416,    4.9,  ,    ,46.4
24,03,09,1,阪神,5,03,未勝利,7,ダ,1,1400,良,タイセイタリスマン,牡,3,藤懸貴志,57.0,16,01,13,13,0,3.2,12,89.2,"1292",0,0,0,3,5,41,446,小栗実,栗,0,21106721,01138,01194,0924150301,田中成奉,パカパカファーム,タリスマニック,オフェーリアシチー,アドマイヤコジーン,芦毛,210323,  110.6,  ,    ,38.2
24,03,09,1,阪神,5,03,未勝利,7,ダ,1,1400,良,アクロポリス      ,牡,3,鮫島克駿,57.0,16,02,8,8,0,2,3,88,"1280",0,0,0,6,4,39.8,460,中村直也,栗,0,21103247,01157,01186,0924150302,林正道,三嶋牧場,ワールドエース,デコラス,タートルボウル,鹿毛,210210,   13.6,  ,    ,40.8
24,03,09,1,阪神,5,03,未勝利,7,ダ,1,1400,良,ダンツニーヴァ    ,牡,3,幸英明,57.0,16,03,15,15,0,3.5,8,89.5,"1295",0,0,0,14,14,39.8,570,谷潔,栗,0,21101425,00732,00431,0924150303,山元哲二,下河辺牧場,リオンディーズ,ノーティスボード,クロフネ,芦毛,210130,   37.2,  ,    ,43.7
24,03,09,1,阪神,5,03,未勝利,7,ダ,1,1400,良,メイショウツバメ  ,牝,3,城戸義政,55.0,16,04,12,12,0,3.1,11,89.1,"1291",0,0,0,9,9,40.5,542,荒川義之,栗,0,21103279,01147,01095,0924150304,松本好雄,三嶋牧場,シルバーステート,メイショウルイーズ,アフリート,鹿毛,210306,   87.6,  ,    ,40.0
24,03,09,1,阪神,5,03,未勝利,7,ダ,1,1400,良,エピックナイト    ,牡,3,Ｍ．デム,57.0,16,05,7,7,0,2,10,88,"1280",0,0,0,11,12,38.9,452,笹田和秀,栗,0,21106248,05212,01104,0924150305,福田達也,佐藤牧場,ドレフォン,シャワーブーケ,ゴールドアリュール,黒鹿,210211,   62.6,  ,    ,44.7
24,03,09,1,阪神,5,03,未勝利,7,ダ,1,1400,良,ピンネシリ        ,牡,3,和田竜二,57.0,16,06,5,5,0,1.7,5,87.7,"1277",0,0,0,13,12,38.4,464,音無秀孝,栗,55,21106304,01018,01002,0924150306,辻助,須崎牧場,ゴールドアクター,ヒノクニノオンナ,ヘニーヒューズ,黒鹿,210216,   13.8,  ,    ,46.3
24,03,09,1,阪神,5,03,未勝利,7,ダ,1,1400,良,ウィスピースノー  ,牝,3,角田大河,54.0,16,07,4,4,0,1.5,9,87.5,"1275",0,0,0,7,5,39,434,今野貞一,栗,83,21100648,01199,01128,0924150307,水上ふじ子,笠松牧場,ワールドエース,ハイリマイリ,アドマイヤムーン,栗毛,210219,   53.1,  ,    ,43.3
24,03,09,1,阪神,5,03,未勝利,7,ダ,1,1400,良,タマモキャリコ    ,セ,3,松山弘平,57.0,16,08,2,2,0,0.5,1,86.5,"1265",0,0,0,1,2,38.7,420,川村禎彦,栗,220,21103197,01126,01003,0924150308,タマモ,丸幸小林牧場,シニスターミニスター,ナーゴナーゴハツエ,ネオユニヴァース,栗毛,210417,    1.7,  ,    ,42.6
24,03,09,1,阪神,5,03,未勝利,7,ダ,1,1400,良,ホウオウアムルーズ,牝,3,藤岡佑介,55.0,16,09,9,9,0,2.1,6,88.1,"1281",0,0,0,14,14,38.7,440,安田翔伍,栗,0,21101416,01093,01164,0924150309,小笹芳央,下河辺牧場,レイデオロ,ダイワエルシエーロ,サンデーサイレンス,栗毛,210302,   25.3,  ,    ,45.7
24,03,09,1,阪神,5,03,未勝利,7,ダ,1,1400,良,マルモリミッション,牝,3,田口貫太,54.0,16,10,14,14,0,3.2,7,89.2,"1292",0,0,0,3,5,41,474,大橋勇樹,栗,0,21101566,01208,01065,0924150310,山下繁美,スマイルファーム,ブリックスアンドモルタル,ラーチャプルック,マーベラスサンデー,青鹿,210422,   29.1,  ,    ,38.2
24,03,09,1,阪神,5,03,未勝利,7,ダ,1,1400,良,メイショウミシガン,牡,3,酒井学,57.0,16,11,1,1,0,-0.5,4,86,"1260",0,0,0,2,1,38.2,462,鮫島一歩,栗,550,21105328,01034,01046,0924150311,松本好雄,ゼットステーブル,サトノアラジン,シレーナ,アドマイヤムーン,鹿毛,210429,   13.8,  ,    ,43.8
24,03,09,1,阪神,5,03,未勝利,7,ダ,1,1400,良,セルリアンジャガー,牡,3,泉谷楓真,56.0,16,12,16,16,0,5.4,16,91.4,"1314",0,0,0,14,16,41.7,484,宮徹,栗,0,21101892,01182,01018,0924150312,イクタ,長谷川一男,モーニン,チェキ,ゴールドアリュール,栗毛,210513,  672.2,  ,    ,39.4
24,03,09,1,阪神,5,03,未勝利,7,ダ,1,1400,良,ブライトルピナス  ,牝,3,松若風馬,55.0,16,13,11,11,0,2.4,2,88.4,"1284",0,0,0,7,5,39.9,474,杉山晴紀,栗,0,21103598,01154,01157,0924150313,"CHEVAL ATTACHE",岡田牧場,サンダースノー,テンシンランマン,ハーツクライ,黒鹿,210228,    3.5,  ,    ,41.2
24,03,09,1,阪神,5,03,未勝利,7,ダ,1,1400,良,ゼンノツキヨミ    ,牝,3,菱田裕二,55.0,16,14,3,3,0,1.2,14,87.2,"1272",0,0,0,3,2,39.3,440,武幸四郎,栗,140,21106983,01144,01160,0924150314,大迫久美子,村上欽哉,ロードカナロア,クーファディーヴァ,Frankel,鹿毛,210320,  266.5,  ,    ,41.4
24,03,09,1,阪神,5,03,未勝利,7,ダ,1,1400,良,カンタベリーローズ,牝,3,古川吉洋,55.0,16,15,10,10,0,2.3,15,88.3,"1283",0,0,0,11,11,39.3,468,的場均,美,0,21105949,01015,01063,0924150315,峰哲馬,ヤマイチ牧場,アニマルキングダム,メイショウウケヅキ,フレンチデピュティ,鹿毛,210430,  478.8,  ,    ,43.5
24,03,09,1,阪神,5,03,未勝利,7,ダ,1,1400,良,ジャスパーサン    ,牡,3,橋木太希,54.0,16,16,6,6,0,1.8,13,87.8,"1278",0,0,0,9,9,39.1,480,森秀行,栗,0,21107366,01215,00427,0924150316,加藤和夫,坂本智広,ドゥラメンテ,ジャスパーマリン,スズカフェニックス,鹿毛,210507,  233.1,  ,    ,43.4
24,03,09,1,阪神,5,04,未勝利・牝,7,芝,0,2000,良,オランジェロ      ,牝,3,松山弘平,55.0,13,01,9,9,0,1.6,6,124.5,"2045",0,3,3,4,4,36.4,462,今野貞一,栗,0,21101409,01126,01128,0924150401,下河辺隆行,下河辺牧場,ロードカナロア,スウィーティーガール,"Star Dabbler",鹿毛,210131,   14.4,  ,    ,53.7
24,03,09,1,阪神,5,04,未勝利・牝,7,芝,0,2000,良,エピファドール    ,牝,3,武豊,55.0,13,02,5,5,0,1,3,123.9,"2039",0,8,9,8,8,35.3,470,石橋守,栗,55,21102710,00666,01140,0924150402,インゼルレーシング,杵臼牧場,エピファネイア,エルパンドール,ネオユニヴァース,鹿毛,210216,    7.4,  ,    ,57.6
24,03,09,1,阪神,5,04,未勝利・牝,7,芝,0,2000,良,プレットリンド    ,牝,3,田口貫太,54.0,13,03,7,7,0,1.4,10,124.3,"2043",0,11,11,11,8,35.5,412,岡田稲男,栗,0,21101914,01208,01066,0924150403,日高大洋牧場,日高大洋牧場,エピファネイア,アドマイヤエバート,ディープインパクト,黒鹿,210212,  107.0,  ,    ,57.2
24,03,09,1,阪神,5,04,未勝利・牝,7,芝,0,2000,良,モニーレ          ,牝,3,松若風馬,55.0,13,04,13,13,0,2.4,12,125.3,"2053",0,5,5,6,8,36.8,456,茶木太樹,栗,0,21105299,01154,01181,0924150404,社台レースホース,社台ファーム,ドレフォン,ロイヤルネックレス,シンボリクリスエス,栗毛,210425,  239.5,  ,    ,53.1
24,03,09,1,阪神,5,04,未勝利・牝,7,芝,0,2000,良,ピュアスマイル    ,牝,3,ムルザバ,55.0,13,05,6,6,0,1.2,7,124.1,"2041",0,11,11,11,12,35.3,408,安田翔伍,栗,0,21105877,05627,01164,0924150405,キャロットファーム,ノーザンファーム,ハービンジャー,レイリオン,ダイワメジャー,栗毛,210121,   35.5,  ,    ,57.8
24,03,09,1,阪神,5,04,未勝利・牝,7,芝,0,2000,良,ダイヤモンドレイン,牝,3,池添謙一,55.0,13,06,3,3,0,0.1,4,123,"2030",0,2,2,2,2,35.4,486,池添学,栗,140,21105577,01032,01144,0924150406,サンデーレーシング,ノーザンファーム,サトノダイヤモンド,シーウィルレイン,"Manhattan Rain",鹿毛,210123,    7.5,  ,    ,56.1
24,03,09,1,阪神,5,04,未勝利・牝,7,芝,0,2000,良,ルージュピルエット,牝,3,川田将雅,55.0,13,07,4,4,0,0.2,1,123.1,"2031",0,4,4,3,3,35.3,478,大久保龍,栗,83,21105287,01088,01058,0924150407,東京ホースレーシン,社台ファーム,キズナ,レッドアトゥ,カジノドライヴ,黒鹿,210120,    1.8,  ,    ,56.6
24,03,09,1,阪神,5,04,未勝利・牝,7,芝,0,2000,良,ドゥラエンヌ      ,牝,3,菱田裕二,55.0,13,08,11,11,0,1.9,9,124.8,"2048",0,13,13,13,11,35.9,438,杉山晴紀,栗,0,21100481,01144,01157,0924150408,杉山忠国,明治牧場,ドゥラメンテ,ギュイエンヌ,タニノギムレット,鹿毛,210321,   72.0,  ,    ,56.1
24,03,09,1,阪神,5,04,未勝利・牝,7,芝,0,2000,良,プリマディーバ    ,牝,3,古川吉洋,55.0,13,09,10,10,0,1.8,8,124.7,"2047",0,8,7,8,6,36.2,422,昆貢,栗,0,21103485,01015,01044,0924150409,ノルマンディーサラ,岡田スタツド,サトノダイヤモンド,エーソングフォー,"More Than Ready",鹿毛,210419,   53.4,  ,    ,54.8
24,03,09,1,阪神,5,04,未勝利・牝,7,芝,0,2000,良,ロフティーテーラー,牝,3,鮫島良太,55.0,13,10,12,12,0,2.2,13,125.1,"2051",0,6,7,8,12,36.4,436,緒方努,栗,0,21103068,01099,01193,0924150410,中西浩一,富田牧場,ドゥラメンテ,ジプシー,"Distorted Humor",栗毛,210410,  452.9,  ,    ,54.4
24,03,09,1,阪神,5,04,未勝利・牝,7,芝,0,2000,良,シルキーガール    ,牝,3,岩田康誠,55.0,13,11,2,2,0,0.1,2,123,"2030",0,6,6,5,4,34.8,452,上村洋行,栗,220,21102231,05203,01168,0924150411,辻子依旦,ヤナガワ牧場,デクラレーションオブウォー,テーオーヴィーナス,ディープインパクト,鹿毛,210403,    4.9,  ,    ,58.6
24,03,09,1,阪神,5,04,未勝利・牝,7,芝,0,2000,良,セーラス          ,牝,3,国分優作,55.0,13,12,8,8,0,1.5,11,124.4,"2044",0,8,9,6,6,36,438,矢作芳人,栗,0,21106657,01125,01075,0924150412,ノースヒルズ,ノースヒルズ,キズナ,レリカリオ,"Malibu Moon",青鹿,210227,  115.9,  ,    ,55.2
24,03,09,1,阪神,5,04,未勝利・牝,7,芝,0,2000,良,パレハ            ,牝,3,鮫島克駿,55.0,13,13,1,1,0,-0.1,5,122.9,"2029",0,1,1,1,1,35.3,428,新谷功一,栗,550,21106752,01157,01172,0924150413,中村忠彦,平山牧場,サトノクラウン,アルマミーア,ディープインパクト,青鹿,210322,   10.4,  ,    ,56.4
24,03,09,1,阪神,5,05,未勝利,7,芝,8,1600,良,ディアアリーチェ  ,牝,3,鮫島克駿,55.0,15,01,8,8,0,1.1,10,96.7,"1367",0,0,0,9,10,34.7,462,武幸四郎,栗,0,21105655,01157,01160,0924150501,TNレーシング,ノーザンファーム,キズナ,ティロレスカ,"Roman Ruler",黒鹿,210212,  105.1,  ,    ,57.2
24,03,09,1,阪神,5,05,未勝利,7,芝,8,1600,良,ダノンモンブラン  ,牡,3,川田将雅,57.0,15,02,9,9,0,1.1,2,96.7,"1367",0,0,0,9,8,35,478,中内田充,栗,0,21105823,01088,01137,0924150502,ダノックス,ノーザンファーム,ロードカナロア,ヤンキーローズ,"All American",黒鹿,210201,    3.2,  ,    ,55.8
24,03,09,1,阪神,5,05,未勝利,7,芝,8,1600,良,ビッグポケット    ,牡,3,酒井学,57.0,15,03,13,13,0,1.3,8,96.9,"1369",0,0,0,11,10,35,490,小西一男,美,0,21103914,01034,00405,0924150503,明栄商事,静内フジカワ牧場,ビッグアーサー,フルゴラ,エイシンフラッシュ,鹿毛,210223,   54.4,  ,    ,56.1
24,03,09,1,阪神,5,05,未勝利,7,芝,8,1600,良,ポッドロイ        ,牡,3,橋木太希,54.0,15,04,6,6,0,0.8,11,96.4,"1364",0,0,0,7,7,34.8,474,小林真也,栗,0,21100207,01215,01185,0924150504,小川眞査雄,下屋敷牧場,ブリックスアンドモルタル,グリエルマ,ロードカナロア,鹿毛,210512,  234.1,  ,    ,56.2
24,03,09,1,阪神,5,05,未勝利,7,芝,8,1600,良,チャウチャウチャウ,牝,3,鮫島良太,55.0,15,05,11,11,0,1.3,9,96.9,"1369",0,0,0,15,14,34.8,456,緒方努,栗,0,21101131,01099,01193,0924150505,三宅勝俊,大江牧場,ディープブリランテ,グレイスファミリー,タニノギムレット,栗毛,210429,   71.8,  ,    ,57.1
24,03,09,1,阪神,5,05,未勝利,7,芝,8,1600,良,ラボニータ        ,牝,3,田口貫太,54.0,15,06,7,7,0,0.9,12,96.5,"1365",0,0,0,7,8,34.8,430,浜田多実,栗,0,21105267,01208,01138,0924150506,吉田千津,社台ファーム,イスラボニータ,ラブーム,Monsun,黒鹿,210515,  393.9,  ,    ,56.4
24,03,09,1,阪神,5,05,未勝利,7,芝,8,1600,良,リラボニート      ,牝,3,浜中俊,55.0,15,07,1,1,0,0,6,95.6,"1356",0,0,0,4,4,34.2,470,須貝尚介,栗,550,21103519,01115,01105,0924150507,Gリビエール・レー,岡田スタツド,スクリーンヒーロー,ネイティヴコード,アグネスデジタル,黒鹿,210329,   17.3,  ,    ,57.7
24,03,09,1,阪神,5,05,未勝利,7,芝,8,1600,良,ファストチアフル  ,牝,3,城戸義政,55.0,15,08,15,15,0,2.2,13,97.8,"1378",0,0,0,13,15,35.5,456,荒川義之,栗,0,21100744,01147,01095,0924150508,兼松忠男,高昭牧場,サトノダイヤモンド,マスターチアフル,ボストンハーバー,黒鹿,210331,  533.1,  ,    ,55.3
24,03,09,1,阪神,5,05,未勝利,7,芝,8,1600,良,ビダーヤ          ,牡,3,藤岡佑介,57.0,15,09,3,3,0,0.2,5,95.8,"1358",0,0,0,1,1,34.7,490,矢作芳人,栗,140,21105537,01093,01075,0924150509,DMMドリームクラブ,ノーザンファーム,リアルスティール,サマーハ,Singspiel,鹿毛,210303,   10.1,  ,    ,55.6
24,03,09,1,阪神,5,05,未勝利,7,芝,8,1600,良,メイショウノワキ  ,牝,3,松若風馬,55.0,15,10,14,14,0,1.7,15,97.3,"1373",0,0,0,4,4,35.9,424,安達昭夫,栗,0,21103275,01154,01042,0924150510,松本好雄,三嶋牧場,キンシャサノキセキ,メイショウヒサカタ,シニスターミニスター,鹿毛,210406,  821.8,  ,    ,52.6
24,03,09,1,阪神,5,05,未勝利,7,芝,8,1600,良,キルケロッソ      ,牝,3,泉谷楓真,54.0,15,11,12,12,0,1.3,14,96.9,"1369",0,0,0,11,10,35,436,村山明,栗,0,21106019,01182,01107,0924150511,犬飼優,安達牧場,ビッグアーサー,ツルマルアイ,タイキシャトル,鹿毛,210320,  723.6,  ,    ,56.1
24,03,09,1,阪神,5,05,未勝利,7,芝,8,1600,良,ガロンヌ          ,牡,3,松山弘平,57.0,15,12,2,2,0,0,1,95.6,"1356",0,0,0,6,4,34.1,472,上村洋行,栗,220,21100494,01126,01168,0924150512,杉山忠国,明治牧場,モーリス,リヴィエール,ハーツクライ,芦毛,210209,    2.9,  ,    ,58.2
24,03,09,1,阪神,5,05,未勝利,7,芝,8,1600,良,バニーホップ      ,牝,3,池添謙一,55.0,15,13,10,10,0,1.3,7,96.9,"1369",0,0,0,2,2,35.7,410,辻野泰之,栗,0,21105263,01032,01183,0924150513,社台レースホース,社台ファーム,イスラボニータ,ラビットラン,Tapit,鹿毛,210318,   53.4,  ,    ,52.9
24,03,09,1,阪神,5,05,未勝利,7,芝,8,1600,良,ホウオウトランプ  ,牡,3,ムルザバ,57.0,15,14,5,5,0,0.6,3,96.2,"1362",0,0,0,3,2,35,516,池江泰寿,栗,55,21105886,05627,01071,0924150514,小笹芳央,ノーザンファーム,サトノダイヤモンド,レディイヴァンカ,"Tiz Wonderful",鹿毛,210311,    4.7,  ,    ,54.9
24,03,09,1,阪神,5,05,未勝利,7,芝,8,1600,良,ルージュルリアン  ,牝,3,武豊,55.0,15,15,4,4,0,0.3,4,95.9,"1359",0,0,0,13,10,34,496,藤原英昭,栗,83,21105000,00666,01055,0924150515,東京ホースレーシン,社台ファーム,キズナ,カルティカ,"Rainbow Quest",鹿毛,210328,    6.0,  ,    ,59.2
24,03,09,1,阪神,5,06,１勝ｸﾗｽ,23,ダ,1,1800,良,ケイエイト        ,牡,4,和田竜二,58.0,10,01,4,4,0,0.9,4,117.1,"1571",0,4,3,4,4,37.6,462,羽月友彦,栗,120,20103673,01018,01091,0924150601,武田敏也,ノーザンファーム,ルーラーシップ,ラベンダーカラー,サクラバクシンオー,鹿毛,200315,    8.8,  ,    ,55.7
24,03,09,1,阪神,5,06,１勝ｸﾗｽ,23,ダ,1,1800,良,スカパラダイス    ,牡,4,松山弘平,58.0,10,02,6,6,0,1.7,3,117.9,"1579",0,6,8,8,7,38.1,470,寺島良,栗,0,20105730,01126,01158,0924150602,田邉滋久,ヒカル牧場,シルバーステート,ファミリーソング,グラスワンダー,黒鹿,200320,    6.7,  ,    ,54.7
24,03,09,1,阪神,5,06,１勝ｸﾗｽ,23,ダ,1,1800,良,シャンデルナゴル  ,牡,4,ムルザバ,58.0,10,03,1,1,0,-0.1,2,116.2,"1562",0,2,2,2,1,37.1,482,石坂公一,栗,800,20103193,05627,01166,0924150603,吉田勝己,ノーザンファーム,サトノダイヤモンド,アガルタ,キングカメハメハ,鹿毛,200330,    4.1,  ,    ,56.6
24,03,09,1,阪神,5,06,１勝ｸﾗｽ,23,ダ,1,1800,良,ウインアラジン    ,牡,5,小崎綾也,58.0,10,04,5,5,0,1.3,10,117.5,"1575",0,6,8,10,10,37.4,510,寺島良,栗,80,19106069,01152,01158,0924150604,ウイン,桜井牧場,コパノリッキー,シュウザンアイ,アフリート,栗毛,190329,  186.6,  ,    ,57.1
24,03,09,1,阪神,5,06,１勝ｸﾗｽ,23,ダ,1,1800,良,ウインドワンピース,牡,4,荻野琢真,58.0,10,05,9,9,0,2.1,6,118.3,"1583",0,9,10,8,7,38.4,514,藤沢則雄,栗,0,20103901,01112,01041,0924150605,福原正博,岡田スタツド,ヴァンセンヌ,シーデイライト,ヘニーヒューズ,鹿毛,200410,   15.0,  ,    ,54.0
24,03,09,1,阪神,5,06,１勝ｸﾗｽ,23,ダ,1,1800,良,オンリーラヴ      ,牝,4,田口貫太,55.0,10,06,8,8,0,1.9,9,118.1,"1581",0,1,1,6,9,38.4,418,森田直行,栗,0,20106394,01208,01142,0924150606,大塚亮一,杵臼牧場,ブラックタイド,スウェプトレジーナ,スウェプトオーヴァーボード,鹿毛,200420,  116.0,  ,    ,53.8
24,03,09,1,阪神,5,06,１勝ｸﾗｽ,23,ダ,1,1800,良,レッドラグラス    ,牡,4,川田将雅,58.0,10,07,2,2,0,0.1,1,116.3,"1563",0,3,3,3,2,37,482,中内田充,栗,320,20103183,01088,01137,0924150607,東京ホースレーシン,ノーザンファーム,リオンディーズ,アイスパステル,Shackleford,鹿毛,200315,    2.0,  ,    ,57.2
24,03,09,1,阪神,5,06,１勝ｸﾗｽ,23,ダ,1,1800,良,ソウルユニバンス  ,セ,7,国分優作,58.0,10,08,3,3,0,0.8,8,117,"1570",0,6,5,6,4,37.4,500,平田修,栗,200,17105358,01125,01082,0924150608,亀井哲也,ノーザンファーム,キンシャサノキセキ,シーカーマ,"Exchange Rate",黒鹿,170126,   38.8,  ,    ,56.4
24,03,09,1,阪神,5,06,１勝ｸﾗｽ,23,ダ,1,1800,良,アナザーエース    ,牡,4,泉谷楓真,57.0,10,09,10,10,0,2.3,5,118.5,"1585",0,4,5,4,4,39,510,宮徹,栗,0,20104005,01182,01018,0924150609,ヒダカ・ブリーダー,岡田牧場,ヤマカツエース,ホットフレイバー,タバスコキャット,栗毛,200421,    9.7,  ,    ,51.9
24,03,09,1,阪神,5,06,１勝ｸﾗｽ,23,ダ,1,1800,良,コンドリュール    ,セ,4,鮫島克駿,58.0,10,10,7,7,0,1.8,7,118,"1580",0,9,5,1,2,38.8,470,安田翔伍,栗,0,20105608,01157,01164,0924150610,ノースヒルズ,ノースヒルズ,トランセンド,イコールパートナー,カリズマティック,鹿毛,200304,   17.9,  ,    ,52.1
24,03,09,1,阪神,5,07,１勝ｸﾗｽ・牝,23,ダ,1,1400,良,スターペスカオリ  ,牝,4,泉谷楓真,55.0,12,01,10,10,0,2,5,87.3,"1273",0,0,0,7,9,39.5,446,石橋守,栗,0,20105929,01182,01140,0924150701,河野和香子,村上欽哉,シニスターミニスター,スターペスユウコ,バトルライン,黒鹿,200325,   21.5,  ,    ,40.8
24,03,09,1,阪神,5,07,１勝ｸﾗｽ・牝,23,ダ,1,1400,良,ポジティブガール  ,牝,5,国分優作,56.0,12,02,12,12,0,3.4,12,88.7,"1287",0,0,0,3,4,41.4,458,緒方努,栗,0,19102229,01125,01193,0924150702,平川浩之,槇本牧場,バトルプラン,シュヴァルツィーナ,カジノドライヴ,栗毛,190316,  205.7,  ,    ,35.7
24,03,09,1,阪神,5,07,１勝ｸﾗｽ・牝,23,ダ,1,1400,良,チョッピー        ,牝,5,酒井学,56.0,12,03,6,6,0,0.9,8,86.2,"1262",0,0,0,10,11,38.2,468,北出成人,栗,0,19106107,01034,01078,0924150703,岡浩二,サンデーヒルズ,ブラックタイド,ラプザントゥール,キングカメハメハ,鹿毛,190514,   49.9,  ,    ,44.2
24,03,09,1,阪神,5,07,１勝ｸﾗｽ・牝,23,ダ,1,1400,良,ルショコラ        ,牝,5,松若風馬,56.0,12,04,4,4,0,0.9,11,86.2,"1262",0,0,0,7,8,38.5,480,吉田直弘,栗,120,19100786,01154,01101,0924150704,サラブレッドクラブ,ビッグレッドファー,スクリーンヒーロー,マイネショコラーデ,ロージズインメイ,青鹿,190506,   58.0,  ,    ,42.9
24,03,09,1,阪神,5,07,１勝ｸﾗｽ・牝,23,ダ,1,1400,良,ロンシャンクイーン,牝,4,角田大河,55.0,12,05,7,7,0,1.2,10,86.5,"1265",0,0,0,5,7,38.9,440,野中賢二,栗,0,20103274,01199,01098,0924150705,寺田寿男,ノーザンファーム,ミッキーアイル,エノラ,Noverre,栗毛,200420,   52.4,  ,    ,41.8
24,03,09,1,阪神,5,07,１勝ｸﾗｽ・牝,23,ダ,1,1400,良,シャウラ          ,牝,4,幸英明,56.0,12,06,8,8,0,1.2,7,86.5,"1265",0,0,0,7,4,38.9,466,高橋義忠,栗,0,20105124,00732,01129,0924150706,ヒダカ・ブリーダー,カミイスタット,リオンディーズ,スコルピオンキッス,"French Deputy",鹿毛,200413,   30.9,  ,    ,41.8
24,03,09,1,阪神,5,07,１勝ｸﾗｽ・牝,23,ダ,1,1400,良,グラングスト      ,牝,4,ムルザバ,56.0,12,07,9,9,0,1.4,3,86.7,"1267",0,0,0,12,12,38.3,546,高野友和,栗,0,20103525,05627,01117,0924150707,サンデーレーシング,ノーザンファーム,ドゥラメンテ,バラダセール,"Not For Sale",栗毛,200208,   11.7,  ,    ,44.8
24,03,09,1,阪神,5,07,１勝ｸﾗｽ・牝,23,ダ,1,1400,良,ゴットゴーゴー    ,牝,6,和田竜二,56.0,12,08,5,5,0,0.9,9,86.2,"1262",0,0,0,10,9,38.2,462,木原一良,栗,80,18105530,01018,01033,0924150708,後藤進,社台コーポレーショ,ルーラーシップ,デコレイト,スペシャルウィーク,黒鹿,180511,   51.6,  ,    ,44.2
24,03,09,1,阪神,5,07,１勝ｸﾗｽ・牝,23,ダ,1,1400,良,カフェノワール    ,牝,4,松山弘平,56.0,12,09,3,3,0,0.8,2,86.1,"1261",0,0,0,2,2,39,464,池江泰寿,栗,200,20100683,01126,01071,0924150709,石川達絵,桑田牧場,ドゥラメンテ,デプロマトウショウ,ファスリエフ,鹿毛,200123,    3.0,  ,    ,40.6
24,03,09,1,阪神,5,07,１勝ｸﾗｽ・牝,23,ダ,1,1400,良,シゲルミライ      ,牝,4,鮫島克駿,56.0,12,10,11,11,0,2.4,6,87.7,"1277",0,0,0,1,1,40.8,480,川村禎彦,栗,0,20101777,01157,01003,0924150710,關美和,田端牧場,ドレフォン,クァンタムミス,"Smoke Glacken",鹿毛,200419,   27.1,  ,    ,36.2
24,03,09,1,阪神,5,07,１勝ｸﾗｽ・牝,23,ダ,1,1400,良,カネトシフラム    ,牝,4,田口貫太,55.0,12,11,2,2,0,0.5,4,85.8,"1258",0,0,0,5,4,38.3,460,大橋勇樹,栗,320,20100716,01208,01065,0924150711,兼松昌男,高昭牧場,パイロ,カネトシビバーチェ,キングカメハメハ,青鹿,200329,   20.7,  ,    ,43.0
24,03,09,1,阪神,5,07,１勝ｸﾗｽ・牝,23,ダ,1,1400,良,サラサハウプリティ,牝,4,菱田裕二,56.0,12,12,1,1,0,-0.5,1,85.3,"1253",0,0,0,3,2,38.1,436,岡田稲男,栗,800,20104126,01144,01066,0924150712,横井良明,グランド牧場,ドレフォン,ハヤブサエミネンス,"Medaglia d'Oro",栗毛,200407,    1.6,  ,    ,42.9
24,03,09,1,阪神,5,08,阪神スプJG2,179,芝,2,3900,良,ジェミニキング    ,セ,8,小野寺祐,61.0,10,01,8,8,0,3.2,4,267.1,"4271",0,5,5,8,9,13.7,492,庄野靖志,栗,0,16103252,01123,01087,0924150801,三宅勝俊,高山牧場,トランセンド,ピシーズクイーン,アグネスデジタル,鹿毛,160528,   15.7,  ,    , 0.0
24,03,09,1,阪神,5,08,阪神スプJG2,179,芝,2,3900,良,エイシンクリック  ,牡,10,黒岩悠,61.0,10,02,9,9,0,5.5,7,269.4,"4294",0,10,10,10,10,13.8,480,坂口智康,栗,0,14103040,01072,01170,0924150802,栄進堂,栄進牧場,ルーラーシップ,エイシンサンサン,キャロルハウス,鹿毛,140303,   46.7,  ,    , 0.0
24,03,09,1,阪神,5,08,阪神スプJG2,179,芝,2,3900,良,マッスルビーチ    ,牡,8,森一馬,60.0,10,03,0,0,4,999.9,6,0,"----",0,3,3,4,3,0,486,鈴木孝志,栗,0,16100598,01139,01111,0924150803,岡浩二,ノースヒルズ,メイショウサムソン,クロンヌドール,アグネスタキオン,黒鹿,160502,   33.7,  ,    , 0.0
24,03,09,1,阪神,5,08,阪神スプJG2,179,芝,2,3900,良,マイネルグロン    ,牡,6,石神深一,62.0,10,04,1,1,0,-1.2,1,263.9,"4239",0,4,3,2,1,13.5,516,青木孝文,美,4100,18102170,01059,01156,0924150804,サラブレッドクラブ,ビッグレッドファー,ゴールドシップ,マイネヌーヴェル,ブライアンズタイム,青鹿,180607,    1.2,  ,    , 0.0
24,03,09,1,阪神,5,08,阪神スプJG2,179,芝,2,3900,良,トライフォーリアル,セ,7,中村将之,60.0,10,05,5,5,0,2.9,10,266.8,"4268",0,6,6,7,7,13.7,490,萩原清,美,410,17105257,01101,01017,0924150805,シルクレーシング,ノーザンファーム,リアルインパクト,エンプレスティアラ,クロフネ,栗毛,170223,  146.1,  ,    , 0.0
24,03,09,1,阪神,5,08,阪神スプJG2,179,芝,2,3900,良,ニシノデイジー    ,牡,8,五十嵐雄,62.0,10,06,4,4,0,2.5,3,266.4,"4264",0,1,1,2,3,13.7,506,高木登,美,620,16103444,01069,01088,0924150806,西山茂行,谷川牧場,ハービンジャー,ニシノヒナギク,アグネスタキオン,鹿毛,160418,   10.3,  ,    , 0.0
24,03,09,1,阪神,5,08,阪神スプJG2,179,芝,2,3900,良,ネビーイーム      ,牡,6,小牧加矢,60.0,10,07,7,7,0,3,8,266.9,"4269",0,2,2,1,2,13.7,534,佐々木晶,栗,0,18103677,01196,00429,0924150807,前田幸貴,木村秀則,キズナ,ヴェルヴェットクイーン,Singspiel,黒鹿,180219,   51.2,  ,    , 0.0
24,03,09,1,阪神,5,08,阪神スプJG2,179,芝,2,3900,良,ロックユー        ,セ,6,西谷誠,60.0,10,08,3,3,0,2.2,2,266.1,"4261",0,6,6,5,6,13.6,448,中内田充,栗,1000,18106511,01005,01137,0924150808,石川達絵,三嶋牧場,ディープインパクト,シャンロッサ,Galileo,青鹿,180325,    6.7,  ,    , 0.0
24,03,09,1,阪神,5,08,阪神スプJG2,179,芝,2,3900,良,ワンダークローバー,牡,6,高田潤,60.0,10,09,6,6,0,2.9,9,266.8,"4268",0,8,8,9,7,13.7,470,森田直行,栗,0,18103127,01046,01142,0924150809,山本能成,高昭牧場,ゴールドシップ,シーギリアレディー,キングカメハメハ,芦毛,180512,   86.8,  ,    , 0.0
24,03,09,1,阪神,5,08,阪神スプJG2,179,芝,2,3900,良,エコロデュエル    ,牡,5,草野太郎,60.0,10,10,2,2,0,1.2,5,265.1,"4251",0,8,8,5,5,13.6,476,岩戸孝樹,美,1600,19101614,01113,01051,0924150810,原村正紀,下河辺牧場,キタサンブラック,クラリネット,"Giant's Causeway",青鹿,190504,   16.7,  ,    , 0.0
24,03,09,1,阪神,5,09,ゆきやな･1勝,23,芝,8,2400,良,アクアヴァーナル  ,牝,3,ムルザバ,55.0,7,01,5,5,0,0.5,6,148.4,"2284",0,2,2,2,2,34.5,448,四位洋文,栗,107,21105433,05627,01184,0924150901,吉田勝己,ノーザンファーム,エピファネイア,エイプリルミスト,ディープインパクト,芦毛,210129,   26.4,  ,    ,60.0
24,03,09,1,阪神,5,09,ゆきやな･1勝,23,芝,8,2400,良,ショウナンラプンタ,牡,3,鮫島克駿,57.0,7,02,1,1,0,-0.1,3,147.9,"2279",0,5,5,5,5,33.4,538,高野友和,栗,1070,21105195,01157,01117,0924150902,国本哲秀,社台ファーム,キズナ,フリアアステカ,Zensational,黒鹿,210309,    2.9,  ,    ,64.3
24,03,09,1,阪神,5,09,ゆきやな･1勝,23,芝,8,2400,良,ストラクチャー    ,牡,3,古川吉洋,57.0,7,03,7,7,0,2,7,149.9,"2299",0,7,7,7,7,34.9,442,浜田多実,栗,0,21101216,01015,01138,0924150903,山内晃,木部ファーム,リアルスティール,サンヴィヴァン,マンハッタンカフェ,鹿毛,210210,  239.6,  ,    ,59.8
24,03,09,1,阪神,5,09,ゆきやな･1勝,23,芝,8,2400,良,ヴェローチェエラ  ,牡,3,川田将雅,57.0,7,04,2,2,0,0.1,2,148,"2280",0,6,6,5,5,33.5,498,須貝尚介,栗,430,21105399,01088,01105,0924150904,"TO RACING",ノーザンファーム,リアルスティール,イプスウィッチ,"Danehill Dancer",鹿毛,210305,    2.8,  ,    ,63.9
24,03,09,1,阪神,5,09,ゆきやな･1勝,23,芝,8,2400,良,モンブランミノル  ,牡,3,和田竜二,57.0,7,05,3,3,0,0.1,5,148,"2280",0,4,4,3,3,33.8,494,小栗実,栗,270,21100838,01018,01194,0924150905,増田和啓,高松牧場,キズナ,アイアンヒロイン,Congrats,黒鹿,210323,   20.4,  ,    ,62.6
24,03,09,1,阪神,5,09,ゆきやな･1勝,23,芝,8,2400,良,ハヤテノフクノスケ,牡,3,武豊,57.0,7,06,4,4,0,0.4,1,148.3,"2283",0,2,3,3,3,34.1,516,中村直也,栗,160,21109070,00666,01186,0924150906,佐藤範夫,ワールドファーム,ウインバリアシオン,サクラインスパイア,シンボリクリスエス,青鹿,210407,    2.5,  ,    ,61.6
24,03,09,1,阪神,5,09,ゆきやな･1勝,23,芝,8,2400,良,ウールデュボヌール,牡,3,松山弘平,57.0,7,07,6,6,0,0.7,4,148.6,"2286",0,1,1,1,1,34.7,492,須貝尚介,栗,0,21104860,01126,01105,0924150907,G1レーシング,社台コーポレーショ,キタサンブラック,サンクボヌール,ハービンジャー,鹿毛,210114,   14.2,  ,    ,59.4
24,03,09,1,阪神,5,10,難波Ｓ･3勝,67,芝,8,1800,良,ポッドボレット    ,牡,5,武豊,58.0,10,01,9,9,0,0.6,4,106.7,"1467",0,0,0,4,4,34.2,532,辻野泰之,栗,0,19104762,00666,01183,0924151001,小川眞査雄,社台ファーム,ジャスタウェイ,シーエスシルク,"Medaglia d'Oro",鹿毛,190309,   12.6,  ,    ,56.0
24,03,09,1,阪神,5,10,難波Ｓ･3勝,67,芝,8,1800,良,セブンマジシャン  ,牡,4,鮫島克駿,58.0,10,02,3,3,0,0.1,3,106.2,"1462",0,0,0,4,4,33.7,506,高野友和,栗,460,20103521,01157,01117,0924151002,前迫義幸,ノーザンファーム,ジャスタウェイ,ハピネスダンサー,メイショウサムソン,鹿毛,200227,    7.0,  ,    ,57.6
24,03,09,1,阪神,5,10,難波Ｓ･3勝,67,芝,8,1800,良,コスモサガルマータ,牡,4,和田竜二,58.0,10,03,5,5,0,0.4,6,106.5,"1465",0,0,0,6,7,33.7,500,梅田智之,栗,184,20103881,01018,01084,0924151003,ビッグレッドファー,岡田スタツド,ヴィクトワールピサ,エーソングフォー,"More Than Ready",黒鹿,200407,   24.9,  ,    ,58.0
24,03,09,1,阪神,5,10,難波Ｓ･3勝,67,芝,8,1800,良,ヴェールランス    ,牡,5,藤岡佑介,58.0,10,04,8,8,0,0.6,7,106.7,"1467",0,0,0,8,8,33.7,450,藤岡健一,栗,0,19104767,01093,01062,0924151004,社台レースホース,社台ファーム,キタサンブラック,ジュエラー,ヴィクトワールピサ,鹿毛,190325,   43.0,  ,    ,58.3
24,03,09,1,阪神,5,10,難波Ｓ･3勝,67,芝,8,1800,良,アイスグリーン    ,牡,4,ムルザバ,58.0,10,05,4,4,0,0.3,2,106.4,"1464",0,0,0,6,4,33.8,478,池添学,栗,280,20103354,05627,01144,0924151005,シルクレーシング,ノーザンファーム,モーリス,グリューネワルト,スペシャルウィーク,青鹿,200317,    3.7,  ,    ,57.4
24,03,09,1,阪神,5,10,難波Ｓ･3勝,67,芝,8,1800,良,スズカトップバゴ  ,セ,6,菱田裕二,58.0,10,06,10,10,0,3.2,9,109.3,"1493",0,0,0,10,10,35.9,462,吉村圭司,栗,0,18104403,01144,01130,0924151006,永井啓弍,真歌田中牧場,バゴ,マイネマリアンヌ,ダイワメジャー,栗毛,180308,  380.8,  ,    ,52.2
24,03,09,1,阪神,5,10,難波Ｓ･3勝,67,芝,8,1800,良,グランヴィノス    ,牡,4,川田将雅,58.0,10,07,2,2,0,0.1,1,106.2,"1462",0,0,0,2,2,33.9,526,友道康夫,栗,740,20103522,01088,01061,0924151007,佐々木主浩,ノーザンファーム,キタサンブラック,ハルーワスウィート,Machiavellian,青鹿,200216,    1.6,  ,    ,56.6
24,03,09,1,阪神,5,10,難波Ｓ･3勝,67,芝,8,1800,良,ラケマーダ        ,牡,4,松若風馬,58.0,10,08,6,6,0,0.5,8,106.6,"1466",0,0,0,2,2,34.3,498,千田輝彦,栗,0,20101784,01154,01120,0924151008,ゴドルフィン,ダーレー・ジャパン,アメリカンペイトリオット,アプト,アドマイヤムーン,鹿毛,200322,   68.1,  ,    ,55.4
24,03,09,1,阪神,5,10,難波Ｓ･3勝,67,芝,8,1800,良,アウスヴァール    ,セ,6,古川吉洋,58.0,10,09,1,1,0,-0.1,5,106.1,"1461",0,0,0,1,1,34.6,498,昆貢,栗,1840,18101010,01015,01044,0924151009,ノルマンディーサラ,宝寄山拓樹,ノヴェリスト,カネツスペシャル,スペシャルウィーク,黒鹿,180222,   17.6,  ,    ,53.3
24,03,09,1,阪神,5,10,難波Ｓ･3勝,67,芝,8,1800,良,ニホンピロタイズ  ,牡,6,田口貫太,58.0,10,10,7,7,0,0.5,10,106.6,"1466",0,0,0,8,8,33.6,516,大橋勇樹,栗,0,18104160,01208,01065,0924151010,小林英一,友田牧場,キズナ,ニホンピロアンバー,スウェプトオーヴァーボード,青鹿,180525,  417.0,  ,    ,58.6
24,03,09,1,阪神,5,11,コーラＨ(L),115,ダ,1,1400,良,タガノクリステル  ,牝,5,和田竜二,54.0,16,01,6,6,0,0.4,7,84.2,"1242",0,0,0,3,6,37.6,494,長谷川浩,栗,0,19100541,01018,01173,0924151101,八木良司,新冠タガノファーム,ドレフォン,タガノキャンドル,アグネスタキオン,黒鹿,190414,   13.2,  ,    ,43.0
24,03,09,1,阪神,5,11,コーラＨ(L),115,ダ,1,1400,良,エルバリオ        ,牡,5,ムルザバ,55.0,16,02,4,4,0,0.3,11,84.1,"1241",0,0,0,6,7,37.4,536,高野友和,栗,360,19105075,05627,01117,0924151102,サンデーレーシング,ノーザンファーム,ドレフォン,インナーアージ,ディープインパクト,鹿毛,190303,   33.9,  ,    ,43.6
24,03,09,1,阪神,5,11,コーラＨ(L),115,ダ,1,1400,良,レオノーレ        ,牝,5,武豊,53.0,16,03,2,2,0,0,2,83.8,"1238",0,0,0,1,1,37.5,480,福永祐一,栗,960,19100629,00666,01203,0924151103,前田幸大,ノースヒルズ,マジェスティックウォリアー,キングベイビー,マンハッタンカフェ,黒鹿,190317,    6.7,  ,    ,42.6
24,03,09,1,阪神,5,11,コーラＨ(L),115,ダ,1,1400,良,サブライムアンセム,牝,5,田口貫太,55.0,16,04,16,16,0,2.8,14,86.6,"1266",0,0,0,6,8,39.6,496,藤原英昭,栗,0,19105345,01208,01055,0924151104,サンデーレーシング,ノーザンファーム,ロードカナロア,パストフォリア,シンボリクリスエス,鹿毛,190126,   54.2,  ,    ,39.0
24,03,09,1,阪神,5,11,コーラＨ(L),115,ダ,1,1400,良,メイショウカズサ  ,牡,7,藤岡佑介,57.0,16,05,8,8,0,0.6,13,84.4,"1244",0,0,0,15,15,36.6,492,安達昭夫,栗,0,17106642,01093,01042,0924151105,松本好隆,日西牧場,カジノドライヴ,プレシャスエルフ,コロナドズクエスト,栗毛,170429,   49.2,  ,    ,48.0
24,03,09,1,阪神,5,11,コーラＨ(L),115,ダ,1,1400,良,ビーアストニッシド,牡,5,小崎綾也,57.0,16,06,9,9,0,0.6,8,84.4,"1244",0,0,0,12,12,37.1,490,小崎憲,栗,0,19101348,01152,01085,0924151106,村中徹,ヴェルサイユファー,アメリカンペイトリオット,マオリオ,ネオユニヴァース,黒鹿,190228,   22.6,  ,    ,45.6
24,03,09,1,阪神,5,11,コーラＨ(L),115,ダ,1,1400,良,パラシュラーマ    ,牡,4,松若風馬,56.0,16,07,3,3,0,0.1,6,83.9,"1239",0,0,0,2,2,37.4,486,浜田多実,栗,600,20105622,01154,01138,0924151107,ノースヒルズ,ノースヒルズ,トランセンド,クライミングローズ,マンハッタンカフェ,栗毛,200307,   12.6,  ,    ,43.2
24,03,09,1,阪神,5,11,コーラＨ(L),115,ダ,1,1400,良,アイオライト      ,牡,7,菱田裕二,59.0,16,08,15,15,0,2.1,5,85.9,"1259",0,0,0,9,10,38.7,492,武藤善則,美,0,17106279,01144,01064,0924151108,田頭勇貴,南部功,ローレルゲレイロ,ステラアクトレス,オペラハウス,黒鹿,170313,   12.2,  ,    ,41.5
24,03,09,1,阪神,5,11,コーラＨ(L),115,ダ,1,1400,良,サクセスローレル  ,牡,5,松山弘平,55.0,16,09,5,5,0,0.4,4,84.2,"1242",0,0,0,11,10,37,530,北出成人,栗,240,19102454,01126,01078,0924151109,タカシマ,大島牧場,Mastery,コーテサン,"Street Sense",鹿毛,190418,   11.1,  ,    ,45.7
24,03,09,1,阪神,5,11,コーラＨ(L),115,ダ,1,1400,良,メタマックス      ,牡,4,岩田康誠,56.0,16,10,11,11,0,1.2,3,85,"1250",0,0,0,3,2,38.4,532,森秀行,栗,0,20110131,05203,00427,0924151110,藤田晋,"Brookstone Farm &","Into Mischief",Zapara,"Not For Love",鹿毛,200512,    9.5,  ,    ,41.0
24,03,09,1,阪神,5,11,コーラＨ(L),115,ダ,1,1400,良,オマツリオトコ    ,牡,4,池添謙一,56.0,16,11,14,14,0,1.8,15,85.6,"1256",0,0,0,13,12,38.1,488,伊藤圭三,美,0,20104144,01032,01023,0924151111,是枝浩平,グランド牧場,ヴィットリオドーロ,マツリバヤシ,スマートボーイ,芦毛,200131,   68.4,  ,    ,43.5
24,03,09,1,阪神,5,11,コーラＨ(L),115,ダ,1,1400,良,オーロラテソーロ  ,牡,7,幸英明,59.0,16,12,12,12,0,1.4,10,85.2,"1252",0,0,0,3,2,38.6,506,畠山吉宏,美,0,17110074,00732,01048,0924151112,了徳寺健二ホールデ,"John R. Penn & Spe","Malibu Moon","For Passion","Not For Love",栗毛,170329,   29.0,  ,    ,40.5
24,03,09,1,阪神,5,11,コーラＨ(L),115,ダ,1,1400,良,レディバグ        ,牝,6,酒井学,55.5,16,13,1,1,0,0,9,83.8,"1238",0,0,0,13,12,36.3,464,北出成人,栗,2400,18103774,01034,01078,0924151113,ゴールドアップ・カ,ゴールドアップカン,ホッコータルマエ,フェバリットガール,ダンスインザダーク,青鹿,180428,   25.9,  ,    ,48.1
24,03,09,1,阪神,5,11,コーラＨ(L),115,ダ,1,1400,良,メイショウミツヤス,牡,6,古川吉洋,55.0,16,14,10,10,0,1,12,84.8,"1248",0,0,0,9,8,37.9,526,木原一良,栗,0,18106147,01015,01033,0924151114,松本好隆,斉藤英牧場,トゥザグローリー,フミノアザレア,マンハッタンカフェ,鹿毛,180326,   47.5,  ,    ,42.8
24,03,09,1,阪神,5,11,コーラＨ(L),115,ダ,1,1400,良,メイショウオーパス,牡,9,角田大河,54.0,16,15,13,13,0,1.7,16,85.5,"1255",0,0,0,15,16,37.5,510,飯田祐史,栗,0,15103616,01199,01139,0924151115,松本好雄,高昭牧場,メイショウボーラー,マンハッタンミート,マンハッタンカフェ,黒鹿,150322,  486.9,  ,    ,46.0
24,03,09,1,阪神,5,11,コーラＨ(L),115,ダ,1,1400,良,テーオーステルス  ,牡,5,川田将雅,57.0,16,16,7,7,0,0.6,1,84.4,"1244",0,0,0,6,2,37.7,548,奥村豊,栗,0,19103472,01088,01146,0924151116,小笹公也,栄進牧場,キタサンブラック,エーシンエムディー,キングカメハメハ,鹿毛,190210,    2.2,  ,    ,42.9
24,03,09,1,阪神,5,12,２勝ｸﾗｽ,43,ダ,1,1800,良,メイショウカゲカツ,牡,5,橋木太希,55.0,14,01,14,14,0,3,11,116.8,"1568",0,4,4,6,12,39.8,504,西園正都,栗,0,19104044,01215,01028,0924151201,松本好隆,三嶋牧場,ダンカーク,ウォータームージカ,フレンチデピュティ,芦毛,190408,   79.3,  ,    ,46.7
24,03,09,1,阪神,5,12,２勝ｸﾗｽ,43,ダ,1,1800,良,マコトゴコタイ    ,牡,6,松若風馬,58.0,14,02,11,11,0,2.9,13,116.7,"1567",0,7,7,4,5,40,504,鮫島一歩,栗,0,18100991,01154,01046,0924151202,ディアマント,藤本ファーム,リオンディーズ,グッドファイト,チーフベアハート,青鹿,180311,  259.0,  ,    ,45.9
24,03,09,1,阪神,5,12,２勝ｸﾗｽ,43,ダ,1,1800,良,シュガーコルト    ,セ,5,小崎綾也,58.0,14,03,7,7,0,1.6,9,115.4,"1554",0,7,7,6,5,38.5,512,寺島良,栗,0,19106364,01152,01158,0924151203,飯田正剛,千代田牧場,ヘニーヒューズ,フェミニンガール,Kingmambo,鹿毛,190312,   33.7,  ,    ,49.9
24,03,09,1,阪神,5,12,２勝ｸﾗｽ,43,ダ,1,1800,良,フルングニル      ,牡,4,川田将雅,58.0,14,04,4,4,0,0.7,1,114.5,"1545",0,4,5,4,3,37.8,580,杉山晴紀,栗,170,20102929,01088,01157,0924151204,社台レースホース,社台ファーム,イスラボニータ,ターフドンナ,Doyen,青鹿,200224,    3.0,  ,    ,51.5
24,03,09,1,阪神,5,12,２勝ｸﾗｽ,43,ダ,1,1800,良,ハギノサステナブル,牡,4,鮫島克駿,58.0,14,05,3,3,0,0.3,4,114.1,"1541",0,10,10,9,8,37,478,高野友和,栗,290,20105639,01157,01117,0924151205,日隈良江,ノースヒルズ,サトノダイヤモンド,ハギノエスカーダ,タートルボウル,鹿毛,200420,    6.7,  ,    ,54.2
24,03,09,1,阪神,5,12,２勝ｸﾗｽ,43,ダ,1,1800,良,ソリダリティ      ,牡,5,ムルザバ,58.0,14,06,9,9,0,2.2,7,116,"1560",0,7,7,9,10,38.9,516,西園翔太,栗,0,19105462,05627,01196,0924151206,シルクレーシング,ノーザンファーム,ハーツクライ,ミュージカルロマンス,"Concorde's Tune",栗毛,190223,   19.1,  ,    ,49.1
24,03,09,1,阪神,5,12,２勝ｸﾗｽ,43,ダ,1,1800,良,ツウカイリアル    ,牡,4,田口貫太,57.0,14,07,6,6,0,1,5,114.8,"1548",0,4,5,6,5,37.9,502,庄野靖志,栗,0,20104872,01208,01087,0924151207,木村直樹,増本牧場,ホッコータルマエ,テアトロレアル,シンボリクリスエス,鹿毛,200228,    9.5,  ,    ,51.5
24,03,09,1,阪神,5,12,２勝ｸﾗｽ,43,ダ,1,1800,良,シンヨモギネス    ,牡,6,武豊,58.0,14,08,2,2,0,0.2,2,114,"1540",0,14,13,13,8,36.7,486,伊藤圭三,美,460,18103711,00666,01023,0924151208,モンレーヴ,グランド牧場,ダノンレジェンド,グレースグランド,アドマイヤムーン,鹿毛,180324,    3.5,  ,    ,55.3
24,03,09,1,阪神,5,12,２勝ｸﾗｽ,43,ダ,1,1800,良,ササヤキ          ,牡,4,国分優作,58.0,14,09,12,12,0,2.9,10,116.7,"1567",0,12,10,12,14,39.3,532,畑端省吾,栗,0,20101811,01125,01188,0924151209,ゴドルフィン,ダーレー・ジャパン,アドマイヤムーン,ジャパニーズウィスパー,Machiavellian,黒鹿,200512,   34.4,  ,    ,48.5
24,03,09,1,阪神,5,12,２勝ｸﾗｽ,43,ダ,1,1800,良,チュウワハート    ,牡,4,松山弘平,58.0,14,10,1,1,0,-0.2,3,113.8,"1538",0,1,1,1,1,37.6,504,大久保龍,栗,1140,20102964,01126,01058,0924151210,中西忍,社台ファーム,ハーツクライ,ドリーフォンテイン,"Fastnet Rock",黒鹿,200407,    6.0,  ,    ,51.3
24,03,09,1,阪神,5,12,２勝ｸﾗｽ,43,ダ,1,1800,良,カレンマックナイト,牡,5,藤懸貴志,58.0,14,11,13,13,0,2.9,6,116.7,"1567",0,11,13,13,12,39.2,446,平田修,栗,0,19105140,01138,01082,0924151211,鈴木隆司,ノーザンファーム,カレンブラックヒル,カレンオプシス,サムライハート,黒鹿,190313,   18.6,  ,    ,48.9
24,03,09,1,阪神,5,12,２勝ｸﾗｽ,43,ダ,1,1800,良,シゲルショウグン  ,牡,4,幸英明,58.0,14,12,5,5,0,0.8,8,114.6,"1546",0,2,2,2,2,38.3,492,大橋勇樹,栗,114,20101694,00732,01065,0924151212,關美和,シンボリ牧場,モーリス,ペニーブラック,"Redoute's Choice",鹿毛,200505,   29.9,  ,    ,49.6
24,03,09,1,阪神,5,12,２勝ｸﾗｽ,43,ダ,1,1800,良,クリノニキータ    ,牝,7,鷲頭虎太,53.0,14,13,10,10,0,2.2,14,116,"1560",0,13,10,9,10,38.9,480,大根田裕,栗,0,17102145,01202,01032,0924151213,栗本博晴,村上牧場,ヴァンセンヌ,ヴェアリアスローズ,スターリングローズ,鹿毛,170527,  450.7,  ,    ,49.1
24,03,09,1,阪神,5,12,２勝ｸﾗｽ,43,ダ,1,1800,良,マイネルサハラ    ,牡,5,和田竜二,58.0,14,14,8,8,0,2.1,12,115.9,"1559",0,2,2,3,3,39.4,474,和田雄二,美,0,19103543,01018,01143,0924151214,サラブレッドクラブ,金石牧場,シンボリクリスエス,マイネフェリックス,アグネスデジタル,黒鹿,190416,  237.9,  ,    ,47.1
24,03,10,1,阪神,6,01,未勝利・牝,7,ダ,1,1800,良,カシノマーメイド  ,牝,3,和田翼,55.0,11,01,9,9,0,2.3,11,119,"1590",0,10,11,11,11,41.1,492,谷潔,栗,0,21109170,01146,00431,0924160101,柏木務,福田米造,ダンカーク,サトノコンドル,アグネスタキオン,芦毛,210426,  198.8,  ,    ,44.8
24,03,10,1,阪神,6,01,未勝利・牝,7,ダ,1,1800,良,ダンツドール      ,牝,3,藤岡佑介,55.0,11,02,3,3,0,0.4,4,117.1,"1571",0,6,6,6,5,40.2,458,四位洋文,栗,140,21100112,01093,01184,0924160102,山元哲二,グローリーファーム,ホッコータルマエ,エアブライス,ハービンジャー,鹿毛,210214,    7.7,  ,    ,45.6
24,03,10,1,阪神,6,01,未勝利・牝,7,ダ,1,1800,良,タマモプルメリア  ,牝,3,田口貫太,54.0,11,03,2,2,0,0.2,5,116.9,"1569",0,3,3,3,3,40.9,448,大橋勇樹,栗,220,21103593,01208,01065,0924160103,タマモ,岡田牧場,カリフォルニアクローム,タマモエルドラド,ゴールドアリュール,栗毛,210304,    8.5,  ,    ,42.9
24,03,10,1,阪神,6,01,未勝利・牝,7,ダ,1,1800,良,テンダーデイズ    ,牝,3,水口優也,55.0,11,04,8,8,0,1.9,2,118.6,"1586",0,4,4,4,3,42.4,474,笹田和秀,栗,0,21102760,01133,01104,0924160104,京都ホースレーシン,グランデファーム,サトノクラウン,ウィアーワン,アドマイヤジャパン,鹿毛,210418,    3.2,  ,    ,39.9
24,03,10,1,阪神,6,01,未勝利・牝,7,ダ,1,1800,良,ラッキーマリリン  ,牝,3,和田竜二,55.0,11,05,1,1,0,-0.2,3,116.7,"1567",0,8,8,7,5,39.7,472,鈴木孝志,栗,550,21103318,01018,01111,0924160105,宮内牧場,宮内牧場,ホッコータルマエ,ラッキーハナチャン,ネオユニヴァース,鹿毛,210323,    5.8,  ,    ,47.0
24,03,10,1,阪神,6,01,未勝利・牝,7,ダ,1,1800,良,シングルハーテッド,牝,3,ムルザバ,55.0,11,06,6,6,0,1.2,6,117.9,"1579",0,10,10,9,10,40.3,424,吉岡辰弥,栗,0,21105572,05627,01176,0924160106,サンデーレーシング,ノーザンファーム,ハーツクライ,シングルゲイズ,"Not A Single Doubt",鹿毛,210123,   17.2,  ,    ,46.3
24,03,10,1,阪神,6,01,未勝利・牝,7,ダ,1,1800,良,アーウイン        ,牝,3,松山弘平,55.0,11,07,7,7,0,1.7,9,118.4,"1584",0,6,6,9,8,40.9,430,浜田多実,栗,0,21104485,01126,01138,0924160107,共田義夫,北洋牧場,シニスターミニスター,トモノメジェール,ゼンノロブロイ,栗毛,210210,   43.5,  ,    ,44.7
24,03,10,1,阪神,6,01,未勝利・牝,7,ダ,1,1800,良,マックスセレナーデ,牝,3,鮫島克駿,55.0,11,08,4,4,0,0.4,1,117.1,"1571",0,1,1,1,1,41.4,500,橋口慎介,栗,83,21101400,01157,01154,0924160108,フィールドレーシン,下河辺牧場,ドゥラメンテ,シェイクズセレナーデ,"Unbridled's Song",芦毛,210214,    2.9,  ,    ,41.4
24,03,10,1,阪神,6,01,未勝利・牝,7,ダ,1,1800,良,リュクスブリランテ,牝,3,加藤祥太,55.0,11,09,10,10,0,2.4,10,119.1,"1591",0,8,8,8,7,41.9,420,庄野靖志,栗,0,21102299,01156,01087,0924160109,田畑憲士,若林順一,ディープブリランテ,メジャードリーム,ダイワメジャー,鹿毛,210505,  142.8,  ,    ,42.1
24,03,10,1,阪神,6,01,未勝利・牝,7,ダ,1,1800,良,アリアドネ        ,牝,3,西村淳也,55.0,11,10,11,11,0,5.7,7,122.4,"2024",0,4,4,4,8,45.7,472,辻野泰之,栗,0,21104566,01171,01183,0924160110,佐藤則子,三木田牧場,レイデオロ,ドゥハ,ゼンノロブロイ,栗毛,210212,   18.8,  ,    ,33.9
24,03,10,1,阪神,6,01,未勝利・牝,7,ダ,1,1800,良,スナークサファイア,牝,3,団野大成,55.0,11,11,5,5,0,0.8,8,117.5,"1575",0,2,2,2,2,41.7,474,川村禎彦,栗,55,21106176,01180,01003,0924160111,杉本豊,小泉牧場,シルバーステート,スナークメイファ,ハーツクライ,黒鹿,210503,   27.0,  ,    ,40.9
24,03,10,1,阪神,6,02,未勝利,7,ダ,1,1200,良,ラムテリオス      ,牝,3,永島まな,52.0,16,01,2,2,0,0.2,8,74.4,"1144",0,0,0,15,13,37.2,434,吉村圭司,栗,220,21105178,01187,01130,0924160201,カツレーシング,社台ファーム,ハービンジャー,ビーチパラソル,ダイワメジャー,芦毛,210305,   30.0,  ,    ,50.0
24,03,10,1,阪神,6,02,未勝利,7,ダ,1,1200,良,ポルカドットタイ  ,牡,3,酒井学,57.0,16,02,15,15,0,3.4,13,77.6,"1176",0,0,0,14,15,40.6,480,小林真也,栗,0,21110028,01034,01185,0924160202,H.H.シェイク・ハム,Godolphin,"Blue Point","Yellow Rosebud",Jeremy,鹿毛,210216,   79.3,  ,    ,41.1
24,03,10,1,阪神,6,02,未勝利,7,ダ,1,1200,良,ムーンセット      ,牝,3,吉村誠之,52.0,16,03,16,16,0,3.5,11,77.7,"1177",0,0,0,9,13,41,434,小栗実,栗,0,21104396,01216,01194,0924160203,フジワラ・ファーム,フジワラフアーム,ダイワメジャー,エレアノラデュース,Azamour,鹿毛,210424,   64.0,  ,    ,39.5
24,03,10,1,阪神,6,02,未勝利,7,ダ,1,1200,良,サイレントミニスタ,牡,3,川又賢治,57.0,16,04,11,11,0,1.5,6,75.7,"1157",0,0,0,5,7,39.5,438,杉山佳明,栗,0,21106151,01166,01178,0924160204,辻子依旦,川島牧場,ワールドエース,フォーマルアプローバル,Kingmambo,鹿毛,210311,   14.9,  ,    ,41.6
24,03,10,1,阪神,6,02,未勝利,7,ダ,1,1200,良,アプラド          ,牝,3,坂井瑠星,55.0,16,05,7,7,0,0.7,3,74.9,"1149",0,0,0,5,5,38.9,446,新谷功一,栗,0,21100295,01163,01172,0924160205,ノースヒルズ,土居牧場,アメリカンペイトリオット,オールウェイズラブ,ディープインパクト,黒鹿,210404,    5.7,  ,    ,42.5
24,03,10,1,阪神,6,02,未勝利,7,ダ,1,1200,良,ダイチノカムイ    ,牡,3,泉谷楓真,56.0,16,06,14,14,0,3,15,77.2,"1172",0,0,0,1,2,41.6,462,松永幹夫,栗,0,21109124,01182,01092,0924160206,本田土寿,本田土寿,ロードバリオス,テラノイロハ,ゼンノロブロイ,青毛,210320,  325.2,  ,    ,35.6
24,03,10,1,阪神,6,02,未勝利,7,ダ,1,1200,良,コーントップス    ,牝,3,田口貫太,54.0,16,07,12,12,0,1.5,14,75.7,"1157",0,0,0,16,16,38,428,音無秀孝,栗,0,21105197,01208,01002,0924160207,浅沼廣幸,社台ファーム,マインドユアビスケッツ,フレンチアイディア,サンデーサイレンス,黒鹿,210209,  294.0,  ,    ,49.2
24,03,10,1,阪神,6,02,未勝利,7,ダ,1,1200,良,スリークロス      ,牡,3,岩田望来,57.0,16,08,8,8,0,0.8,9,75,"1150",0,0,0,2,1,39.3,560,千田輝彦,栗,0,21100984,01174,01120,0924160208,瀬野尾裕久,三好牧場,アジアエクスプレス,ラブインザミスト,ルールオブロー,鹿毛,210226,   39.6,  ,    ,40.8
24,03,10,1,阪神,6,02,未勝利,7,ダ,1,1200,良,ベストオブキング  ,牡,3,水口優也,57.0,16,09,13,13,0,1.5,16,75.7,"1157",0,0,0,12,11,38.8,484,藤沢則雄,栗,0,21103992,01133,01041,0924160209,グリーンスウォード,高橋フアーム,カリフォルニアクローム,ハニーバニー,メイショウボーラー,鹿毛,210414,  426.8,  ,    ,45.1
24,03,10,1,阪神,6,02,未勝利,7,ダ,1,1200,良,ジェニファー      ,牝,3,角田大河,54.0,16,10,1,1,0,-0.2,4,74.2,"1142",0,0,0,3,2,38.4,438,浜田多実,栗,550,21103932,01199,01138,0924160210,平井裕,静内山田牧場,アニマルキングダム,スイングサンデー,スペシャルウィーク,鹿毛,210419,    6.3,  ,    ,43.2
24,03,10,1,阪神,6,02,未勝利,7,ダ,1,1200,良,ブーケドボワ      ,牝,3,松山弘平,55.0,16,11,9,9,0,1.2,5,75.4,"1154",0,0,0,4,4,39.4,456,坂口智康,栗,0,21104213,01126,01170,0924160211,北所直人,友田牧場,エピファネイア,ペイシャフェリシタ,ハーツクライ,黒鹿,210428,    7.2,  ,    ,41.4
24,03,10,1,阪神,6,02,未勝利,7,ダ,1,1200,良,イーブンナウ      ,牝,3,ムルザバ,55.0,16,12,3,3,0,0.3,1,74.5,"1145",0,0,0,7,6,38.3,440,田中克典,栗,140,21110007,05627,01180,0924160212,サンデーレーシング,"Northern Racing","Catholic Boy","Evening Call",Tapit,鹿毛,210309,    3.3,  ,    ,44.5
24,03,10,1,阪神,6,02,未勝利,7,ダ,1,1200,良,インペリオ        ,牡,3,古川奈穂,53.0,16,13,6,6,0,0.6,10,74.8,"1148",0,0,0,12,11,37.9,470,羽月友彦,栗,0,21102915,01190,01091,0924160213,ターフ・スポート,谷川牧場,インカンテーション,ランブルジャンヌ,Mutakddim,鹿毛,210309,   39.6,  ,    ,47.4
24,03,10,1,阪神,6,02,未勝利,7,ダ,1,1200,良,ロケットホームラン,牡,3,亀田温心,57.0,16,14,4,4,0,0.4,12,74.6,"1146",0,0,0,9,7,38.2,500,小西一男,美,83,21102264,01176,00405,0924160214,明栄商事,横井直美,アポロケンタッキー,ジョイ,ストロングリターン,鹿毛,210515,   74.0,  ,    ,45.3
24,03,10,1,阪神,6,02,未勝利,7,ダ,1,1200,良,ドンアポロン      ,牡,3,橋木太希,54.0,16,15,10,10,0,1.2,2,75.4,"1154",0,0,0,7,9,39,464,西園正都,栗,0,21106539,01215,01028,0924160215,山田貢一,新冠タガノファーム,サンダースノー,エイシンジルコン,ディープインパクト,鹿毛,210429,    4.2,  ,    ,43.3
24,03,10,1,阪神,6,02,未勝利,7,ダ,1,1200,良,ハッピーモンスター,牡,3,城戸義政,57.0,16,16,5,5,0,0.4,7,74.6,"1146",0,0,0,9,9,38.1,452,畑端省吾,栗,55,21100056,01147,01188,0924160216,三宅勝俊,沖田博志,アジアエクスプレス,ハッピーエム,プリサイスエンド,栗毛,210223,   22.9,  ,    ,45.8
24,03,10,1,阪神,6,03,未勝利,7,ダ,1,1800,良,タイセイクエスト  ,牡,3,鮫島克駿,57.0,13,01,10,10,0,2.1,11,118.8,"1588",0,9,9,10,10,40.4,506,松下武士,栗,0,21100262,01157,01149,0924160301,田中成奉,築紫洋,タリスマニック,エーシンラクーリエ,コロナドズクエスト,鹿毛,210301,  186.7,  ,    ,47.0
24,03,10,1,阪神,6,03,未勝利,7,ダ,1,1800,良,ジーティーパワー  ,牡,3,坂井瑠星,57.0,13,02,2,2,0,0,2,116.7,"1567",0,3,3,3,3,39.3,522,矢作芳人,栗,220,21105526,01163,01075,0924160302,田畑利彦,ノーザンファーム,Frankel,コールバック,"Street Sense",栗毛,210321,    4.2,  ,    ,48.5
24,03,10,1,阪神,6,03,未勝利,7,ダ,1,1800,良,ジュンフィレンツェ,牡,3,吉村誠之,54.0,13,03,8,8,0,1.7,7,118.4,"1584",0,3,3,3,4,40.9,502,清水久詞,栗,0,21107270,01216,01110,0924160303,河合純二,浜本牧場,Ghostzapper,ストリートキャッシュ,"Street Boss",鹿毛,210407,   22.5,  ,    ,44.7
24,03,10,1,阪神,6,03,未勝利,7,ダ,1,1800,良,オメガナビゲーター,セ,3,ムルザバ,57.0,13,04,4,4,0,0.6,4,117.3,"1573",0,8,7,5,4,39.8,496,安田翔伍,栗,83,21105247,05627,01164,0924160304,原禮子,社台ファーム,スクリーンヒーロー,ミスラゴ,"Encosta De Lago",栗毛,210202,    6.1,  ,    ,47.4
24,03,10,1,阪神,6,03,未勝利,7,ダ,1,1800,良,オクヤマ          ,牡,3,国分優作,57.0,13,05,6,6,0,0.9,9,117.6,"1576",0,11,9,9,6,39.7,518,大根田裕,栗,0,21102454,01125,01032,0924160305,中辻明,船越伸也,ディーマジェスティ,シュシュファレル,タップダンスシチー,鹿毛,210403,   44.4,  ,    ,48.1
24,03,10,1,阪神,6,03,未勝利,7,ダ,1,1800,良,ゼンダンスカイ    ,牡,3,菱田裕二,57.0,13,06,1,1,0,0,5,116.7,"1567",0,1,1,1,1,39.8,458,角田晃一,栗,550,21106294,01144,01121,0924160306,ゼンレーシング,スカイビーチステー,レッドファルクス,ロゾヴァドリナ,スニッツェル,芦毛,210207,    7.8,  ,    ,46.6
24,03,10,1,阪神,6,03,未勝利,7,ダ,1,1800,良,ワンライトムーン  ,牡,3,橋木太希,54.0,13,07,13,13,0,6.6,12,123.3,"2033",0,13,13,13,13,41.1,466,茶木太樹,栗,0,21105248,01215,01181,0924160307,宮本育也,社台ファーム,シニスターミニスター,ミュージックアワー,アグネスタキオン,栗毛,210428,  191.0,  ,    ,50.0
24,03,10,1,阪神,6,03,未勝利,7,ダ,1,1800,良,アスタラビスタ    ,牡,3,西村淳也,57.0,13,08,5,5,0,0.6,3,117.3,"1573",0,6,5,7,8,39.5,454,新谷功一,栗,55,21106678,01171,01172,0924160308,前田幸治,ハクレイファーム,キズナ,ペイヴド,"Quality Road",黒鹿,210211,    5.9,  ,    ,48.5
24,03,10,1,阪神,6,03,未勝利,7,ダ,1,1800,良,アウトドライブ    ,牡,3,和田竜二,57.0,13,09,9,9,0,2,6,118.7,"1587",0,5,6,5,6,41,550,鈴木孝志,栗,0,21100868,01018,01111,0924160309,岡浩二,中神牧場,デクラレーションオブウォー,キティ,"Northern Afleet",鹿毛,210315,   14.9,  ,    ,44.8
24,03,10,1,阪神,6,03,未勝利,7,ダ,1,1800,良,メイショウナオマサ,牡,3,太宰啓介,57.0,13,10,12,12,0,6.3,13,123,"2030",0,12,12,12,12,42.7,492,松下武士,栗,0,21106889,01037,01149,0924160310,松本好雄,北星村田牧場,アジアエクスプレス,フェスティヴレディ,ブライアンズタイム,栗毛,210414,  407.9,  ,    ,44.0
24,03,10,1,阪神,6,03,未勝利,7,ダ,1,1800,良,ゲッワイエンタン  ,牡,3,永島まな,54.0,13,11,11,11,0,3.3,10,120,"2000",0,9,9,11,11,41.3,448,高橋康之,栗,0,21107293,01187,01135,0924160311,大田恭充,メイタイファーム,サンダースノー,ハニーハント,エンドスウィープ,栗毛,210213,  185.7,  ,    ,45.3
24,03,10,1,阪神,6,03,未勝利,7,ダ,1,1800,良,アラタマフェーヴル,牡,3,松山弘平,57.0,13,12,7,7,0,1.7,1,118.4,"1584",0,6,7,8,9,40.4,500,浜田多実,栗,0,21102115,01126,01138,0924160312,荒木謙次,槇本牧場,オルフェーヴル,アラタマクリスエス,シンボリクリスエス,栗毛,210418,    2.6,  ,    ,46.5
24,03,10,1,阪神,6,03,未勝利,7,ダ,1,1800,良,マジカルレイズ    ,牡,3,水口優也,57.0,13,13,3,3,0,0.1,8,116.8,"1568",0,2,2,2,2,39.8,468,羽月友彦,栗,140,21103993,01133,01091,0924160313,京都ホースレーシン,高橋フアーム,マジェスティックウォリアー,ビーウィッチド,ハービンジャー,栗毛,210420,   36.3,  ,    ,46.7
24,03,10,1,阪神,6,04,未勝利,7,芝,0,2000,良,スカイサーベイ    ,牡,3,ムルザバ,57.0,10,01,1,1,0,0,3,122.5,"2025",0,9,8,7,6,34.3,480,池添学,栗,550,21105427,05627,01144,0924160401,G1レーシング,ノーザンファーム,キタサンブラック,ヴィルジニア,Galileo,鹿毛,210413,    4.8,  ,    ,60.2
24,03,10,1,阪神,6,04,未勝利,7,芝,0,2000,良,エスカルチャ      ,牡,3,菱田裕二,57.0,10,02,5,5,0,0.4,8,122.9,"2029",0,3,3,3,4,34.9,516,岡田稲男,栗,55,21101673,01144,01066,0924160402,ゴドルフィン,ダーレー・ジャパン,ファインニードル,デザートチル,"Red Ransom",鹿毛,210501,  101.5,  ,    ,58.1
24,03,10,1,阪神,6,04,未勝利,7,芝,0,2000,良,ミッキーストライク,牡,3,坂井瑠星,57.0,10,03,3,3,0,0.2,1,122.7,"2027",0,10,10,9,9,34.2,506,矢作芳人,栗,140,21105729,01163,01075,0924160403,野田みづき,ノーザンファーム,ドゥラメンテ,フォンタネリーチェ,"Vale of York",鹿毛,210208,    2.0,  ,    ,60.9
24,03,10,1,阪神,6,04,未勝利,7,芝,0,2000,良,セブンオーシャン  ,牡,3,団野大成,57.0,10,04,7,7,0,0.5,7,123,"2030",0,1,1,1,1,35.4,460,伊藤大士,美,0,21102431,01180,01109,0924160404,グリーンファーム,坂東牧場,ジャスタウェイ,ライクザウインド,Danehill,鹿毛,210414,   96.6,  ,    ,56.1
24,03,10,1,阪神,6,04,未勝利,7,芝,0,2000,良,シャイニングソード,牡,3,藤岡佑介,57.0,10,05,2,2,0,0,2,122.5,"2025",0,7,7,7,7,34.1,508,中内田充,栗,220,21110077,01093,01137,0924160405,社台レースホース,"Teruya Yoshida",Frankel,Stacelita,Monsun,鹿毛,210304,    4.4,  ,    ,61.1
24,03,10,1,阪神,6,04,未勝利,7,芝,0,2000,良,マイネルトゥルネー,牡,3,和田竜二,57.0,10,06,8,8,0,0.5,6,123,"2030",0,2,2,2,2,35.2,482,梅田智之,栗,0,21106820,01018,01084,0924160406,サラブレッドクラブ,ビッグレッドファー,ロージズインメイ,マイネソーサリス,ブライアンズタイム,栗毛,210614,   29.1,  ,    ,56.9
24,03,10,1,阪神,6,04,未勝利,7,芝,0,2000,良,シュヴァルエレ    ,牡,3,水口優也,57.0,10,07,4,4,0,0.3,9,122.8,"2028",0,6,6,5,7,34.6,504,的場均,美,83,21106405,01133,01063,0924160407,田頭勇貴,大作ステーブル,シュヴァルグラン,ラウブレック,"Mr. Greeley",栗毛,210506,  120.8,  ,    ,59.2
24,03,10,1,阪神,6,04,未勝利,7,芝,0,2000,良,クロームノワール  ,牡,3,城戸義政,57.0,10,08,10,10,0,2.1,10,124.6,"2046",0,3,3,3,4,36.6,470,武英智,栗,0,21107005,01147,01161,0924160408,岡田隆寛,村上欽哉,カリフォルニアクローム,ライトゼア,Eskendereya,黒鹿,210223,  205.5,  ,    ,53.0
24,03,10,1,阪神,6,04,未勝利,7,芝,0,2000,良,ソルアマゾン      ,牡,3,酒井学,57.0,10,09,9,9,0,1.9,5,124.4,"2044",0,8,8,9,10,35.8,450,小栗実,栗,0,21104667,01034,01194,0924160409,フォレストレーシン,上水牧場,リオンディーズ,アミカブルナンバー,ダイワメジャー,黒鹿,210308,   15.8,  ,    ,56.1
24,03,10,1,阪神,6,04,未勝利,7,芝,0,2000,良,ブリオメンテ      ,牡,3,武豊,57.0,10,10,6,6,0,0.5,4,123,"2030",0,5,5,5,3,35,548,千田輝彦,栗,0,21100303,00666,01120,0924160410,前原敏行,中田英樹,ドゥラメンテ,フィールグリュック,ストラヴィンスキー,鹿毛,210427,    5.0,  ,    ,57.8
24,03,10,1,阪神,6,05,１勝ｸﾗｽ*,23,芝,8,1600,良,ヤマニンアストロン,牡,3,角田大河,56.0,11,01,8,8,0,0.5,5,93.9,"1339",0,0,0,7,7,34,480,石橋守,栗,0,21106594,01199,01140,0924160501,土井肇,錦岡牧場,ディーマジェスティ,ヤマニンアタシャン,フレンチデピュティ,青鹿,210309,   11.6,  ,    ,55.7
24,03,10,1,阪神,6,05,１勝ｸﾗｽ*,23,芝,8,1600,良,ジャスティンアース,牡,3,鮫島克駿,57.0,11,02,7,7,0,0.4,1,93.8,"1338",0,0,0,3,3,34.4,480,杉山晴紀,栗,0,21103282,01157,01157,0924160502,三木正浩,三嶋牧場,キズナ,ユーヴェットシー,Bodemeister,黒鹿,210208,    2.2,  ,    ,53.6
24,03,10,1,阪神,6,05,１勝ｸﾗｽ*,23,芝,8,1600,良,アルトゥーム      ,牡,3,ムルザバ,57.0,11,03,3,3,0,0.1,2,93.5,"1335",0,0,0,5,5,33.8,432,藤岡健一,栗,200,21105746,05627,01062,0924160503,サンデーレーシング,ノーザンファーム,モーリス,ブロンシェダーム,ディープインパクト,鹿毛,210327,    4.7,  ,    ,56.0
24,03,10,1,阪神,6,05,１勝ｸﾗｽ*,23,芝,8,1600,良,ブルーミンデザイン,牡,3,西村淳也,57.0,11,04,5,5,0,0.2,6,93.6,"1336",0,0,0,3,3,34.2,464,宮本博,栗,78,21105283,01171,01073,0924160504,吉田照哉,社台ファーム,ロゴタイプ,レイトブルーマー,ジャングルポケット,黒鹿,210213,   17.7,  ,    ,54.2
24,03,10,1,阪神,6,05,１勝ｸﾗｽ*,23,芝,8,1600,良,ディスペランツァ  ,牡,3,Ｍ．デム,57.0,11,05,1,1,0,-0.1,3,93.4,"1334",0,0,0,11,11,33.1,520,吉岡辰弥,栗,780,21102920,05212,01176,0924160505,ターフ・スポート,谷川牧場,ルーラーシップ,ルパン2,"Medaglia d'Oro",鹿毛,210302,    4.7,  ,    ,59.3
24,03,10,1,阪神,6,05,１勝ｸﾗｽ*,23,芝,8,1600,良,テラメリタ        ,牝,3,永島まな,52.0,11,06,4,4,0,0.2,9,93.6,"1336",0,0,0,8,9,33.6,470,須貝尚介,栗,120,21105127,01187,01105,0924160506,社台レースホース,社台ファーム,ブリックスアンドモルタル,テラノヴァ,ヴィクトワールピサ,芦毛,210214,   61.3,  ,    ,57.1
24,03,10,1,阪神,6,05,１勝ｸﾗｽ*,23,芝,8,1600,良,ゴールドサーベル  ,牡,3,武豊,57.0,11,07,9,9,0,0.6,4,94,"1340",0,0,0,10,9,33.9,470,大久保龍,栗,0,21105039,00666,01058,0924160507,インゼルレーシング,社台ファーム,レッドファルクス,ゴルトキルシェ,ステイゴールド,鹿毛,210217,    7.8,  ,    ,56.4
24,03,10,1,阪神,6,05,１勝ｸﾗｽ*,23,芝,8,1600,良,マイネルティグレ  ,牡,3,横山武史,57.0,11,08,2,2,0,0.1,8,93.5,"1335",0,0,0,5,5,33.8,478,西園正都,栗,310,21106815,01170,01028,0924160508,サラブレッドクラブ,ビッグレッドファー,スクリーンヒーロー,マイネエレーナ,ロージズインメイ,栗毛,210407,   26.6,  ,    ,56.0
24,03,10,1,阪神,6,05,１勝ｸﾗｽ*,23,芝,8,1600,良,フェリーニ        ,牡,3,松山弘平,57.0,11,09,6,6,0,0.3,7,93.7,"1337",0,0,0,1,1,34.5,510,橋口慎介,栗,0,21105862,01126,01154,0924160509,ライオンレースホー,ノーザンファーム,ドレフォン,リミニ,ディープインパクト,鹿毛,210127,   20.1,  ,    ,53.0
24,03,10,1,阪神,6,05,１勝ｸﾗｽ*,23,芝,8,1600,良,ブループリマドンナ,牝,3,橋木太希,52.0,11,10,11,11,0,1.7,11,95.1,"1351",0,0,0,2,2,35.8,462,小林真也,栗,0,21100703,01215,01185,0924160510,高昭牧場,高昭牧場,ホッコータルマエ,アクアブルーバレー,ワイルドラッシュ,鹿毛,210514,  402.0,  ,    ,49.4
24,03,10,1,阪神,6,05,１勝ｸﾗｽ*,23,芝,8,1600,良,モアリジット      ,牡,3,和田竜二,57.0,11,11,10,10,0,0.6,10,94,"1340",0,0,0,8,7,34.1,480,西村真幸,栗,0,21104832,01018,01148,0924160511,社台レースホース,社台コーポレーショ,ロードカナロア,インフレキシビリティ,"Scat Daddy",黒鹿,210123,  208.7,  ,    ,55.4
24,03,10,1,阪神,6,06,１勝ｸﾗｽ*,23,ダ,1,1400,良,フォーディアライフ,牡,3,鮫島克駿,57.0,14,01,6,6,0,1.2,10,86,"1260",0,0,0,10,10,37.2,526,武幸四郎,栗,0,21104770,01157,01160,0924160601,G1レーシング,追分ファーム,ドレフォン,ディアマイダーリン,ハーツクライ,鹿毛,210320,   85.3,  ,    ,48.4
24,03,10,1,阪神,6,06,１勝ｸﾗｽ*,23,ダ,1,1400,良,ストレングス      ,牡,3,松山弘平,57.0,14,02,3,3,0,0.8,1,85.6,"1256",0,0,0,3,4,37.9,470,寺島良,栗,200,21106658,01126,01158,0924160602,ノースヒルズ,ノースヒルズ,シニスターミニスター,ローレライ,ゴールドアリュール,栗毛,210403,    2.1,  ,    ,44.4
24,03,10,1,阪神,6,06,１勝ｸﾗｽ*,23,ダ,1,1400,良,ルルディルッカ    ,牝,3,鷲頭虎太,52.0,14,03,12,12,0,2.8,14,87.6,"1276",0,0,0,13,12,38.5,438,菊川正達,美,0,21102391,01202,01052,0924160603,ディアレストクラブ,二風谷ファーム,デクラレーションオブウォー,トウカイフィーバー,エンパイアメーカー,鹿毛,210311,  488.7,  ,    ,45.6
24,03,10,1,阪神,6,06,１勝ｸﾗｽ*,23,ダ,1,1400,良,ロードフォアエース,牡,3,坂井瑠星,57.0,14,04,1,1,0,-0.3,2,84.8,"1248",0,0,0,1,1,37.4,532,友道康夫,栗,780,21100130,01163,01061,0924160604,ロードホースクラブ,ケイアイファーム,ロードカナロア,イトワズマジック,"War Front",鹿毛,210404,    5.1,  ,    ,45.1
24,03,10,1,阪神,6,06,１勝ｸﾗｽ*,23,ダ,1,1400,良,ブライトアゲイン  ,牝,3,団野大成,55.0,14,05,11,11,0,2.7,8,87.5,"1275",0,0,0,6,7,39.2,468,森秀行,栗,0,21110014,01180,00427,0924160605,インゼルレーシング,"George E. Bates Tr","Practical Joke","Yankee Bright","Elusive Quality",栗毛,210214,   55.3,  ,    ,42.4
24,03,10,1,阪神,6,06,１勝ｸﾗｽ*,23,ダ,1,1400,良,ポンピエ          ,牡,3,橋木太希,54.0,14,06,14,14,0,4,9,88.8,"1288",0,0,0,10,13,39.9,448,西園正都,栗,0,21104945,01215,01028,0924160606,社台レースホース,社台ファーム,レッドファルクス,アルティメイトラブ,シンボリクリスエス,栗毛,210503,   70.7,  ,    ,41.9
24,03,10,1,阪神,6,06,１勝ｸﾗｽ*,23,ダ,1,1400,良,クリノスピネル    ,牝,3,和田竜二,55.0,14,07,13,13,0,2.9,13,87.7,"1277",0,0,0,8,9,39.2,448,川村禎彦,栗,0,21105176,01018,01003,0924160607,栗本博晴,社台ファーム,イスラボニータ,ヒムカ,ゴールドアリュール,黒鹿,210409,  411.2,  ,    ,42.8
24,03,10,1,阪神,6,06,１勝ｸﾗｽ*,23,ダ,1,1400,良,ニホンピロカラット,牡,3,田口貫太,56.0,14,08,2,2,0,0.3,5,85.1,"1251",0,0,0,2,2,37.5,500,大橋勇樹,栗,310,21103842,01208,01065,0924160608,小林英一,佐竹学,サトノダイヤモンド,ニホンピロヴィータ,スニッツェル,鹿毛,210430,   10.9,  ,    ,45.2
24,03,10,1,阪神,6,06,１勝ｸﾗｽ*,23,ダ,1,1400,良,ファストレーン    ,牡,3,今村聖奈,54.0,14,09,9,9,0,2,6,86.8,"1268",0,0,0,14,13,37.3,480,野中賢二,栗,0,21104678,01193,01098,0924160609,橋元勇氣,上水牧場,リアルスティール,フライングニンバス,"Awesome Again",鹿毛,210305,   11.9,  ,    ,49.5
24,03,10,1,阪神,6,06,１勝ｸﾗｽ*,23,ダ,1,1400,良,タイセイレスポンス,牡,3,西村淳也,57.0,14,10,7,7,0,1.3,3,86.1,"1261",0,0,0,3,4,38.3,490,安田翔伍,栗,0,21105646,01171,01164,0924160610,田中成奉,ノーザンファーム,ミッキーアイル,チャイマックス,Congrats,鹿毛,210211,    5.5,  ,    ,43.6
24,03,10,1,阪神,6,06,１勝ｸﾗｽ*,23,ダ,1,1400,良,ベルウェザー      ,牡,3,武豊,57.0,14,11,4,4,0,0.8,4,85.6,"1256",0,0,0,12,10,36.7,484,茶木太樹,栗,120,21105425,00666,01181,0924160611,DMMドリームクラブ,ノーザンファーム,ニューイヤーズデイ,ヴィラ,ディープインパクト,鹿毛,210426,    6.8,  ,    ,49.9
24,03,10,1,阪神,6,06,１勝ｸﾗｽ*,23,ダ,1,1400,良,リンゴ            ,牡,3,菱田裕二,57.0,14,12,8,8,0,1.7,11,86.5,"1265",0,0,0,8,7,38,520,梅田智之,栗,0,21103900,01144,01084,0924160612,薪浦亨,静内フアーム,パイロ,ホザンナ,ダイワメジャー,鹿毛,210228,   86.7,  ,    ,45.7
24,03,10,1,阪神,6,06,１勝ｸﾗｽ*,23,ダ,1,1400,良,モズパシュート    ,牡,3,亀田温心,57.0,14,13,5,5,0,0.9,7,85.7,"1257",0,0,0,3,2,38,512,田中克典,栗,78,21102629,01176,01180,0924160613,キャピタル・システ,オカモトファーム,グランプリボス,セイギハカツ,"Raven's Pass",鹿毛,210320,   45.5,  ,    ,44.1
24,03,10,1,阪神,6,06,１勝ｸﾗｽ*,23,ダ,1,1400,良,ディーノサンライズ,牝,3,永島まな,52.0,14,14,10,10,0,2.1,12,86.9,"1269",0,0,0,6,6,38.6,446,高橋康之,栗,0,21101289,01187,01135,0924160614,坂本守孝,グッドラック・ファ,シルバーステート,ハタノファベルジェ,"Lemon Drop Kid",鹿毛,210419,  167.9,  ,    ,43.8
24,03,10,1,阪神,6,07,１勝ｸﾗｽ,23,芝,8,1600,良,サスケ            ,牡,4,松山弘平,58.0,10,01,7,7,0,0.8,5,95.4,"1354",0,0,0,7,7,34,472,西村真幸,栗,0,20106680,01126,01148,0924160701,安原浩司,辻牧場,エピファネイア,マラジニア,Whipper,青鹿,200508,    9.8,  ,    ,58.4
24,03,10,1,阪神,6,07,１勝ｸﾗｽ,23,芝,8,1600,良,サトノスカイターフ,牡,6,岩田望来,58.0,10,02,1,1,0,-0.3,2,94.6,"1346",0,0,0,4,4,33.5,508,池江泰寿,栗,800,18105073,01174,01071,0924160702,里見治,ノーザンファーム,ディープインパクト,シーヴ,Mineshaft,鹿毛,180227,    3.9,  ,    ,59.4
24,03,10,1,阪神,6,07,１勝ｸﾗｽ,23,芝,8,1600,良,キタサンダムール  ,牝,4,吉村誠之,53.0,10,03,6,6,0,0.8,4,95.4,"1354",0,0,0,1,1,34.7,472,清水久詞,栗,0,20102310,01216,01110,0924160703,大野商事,ヤナガワ牧場,キタサンブラック,キタサンプリンセス,エンパイアメーカー,黒鹿,200212,    9.1,  ,    ,55.0
24,03,10,1,阪神,6,07,１勝ｸﾗｽ,23,芝,8,1600,良,アルゲンテウス    ,セ,5,Ｍ．デム,58.0,10,04,2,2,0,0.3,7,94.9,"1349",0,0,0,6,6,33.7,464,小島茂之,美,320,19105497,05212,01068,0924160704,シルクレーシング,ノーザンファーム,シルバーステート,ラダームブランシェ,チチカステナンゴ,芦毛,190322,   13.7,  ,    ,59.0
24,03,10,1,阪神,6,07,１勝ｸﾗｽ,23,芝,8,1600,良,ショウナンアキドン,牡,4,西村淳也,58.0,10,05,9,9,0,1.1,6,95.7,"1357",0,0,0,2,2,34.9,480,高野友和,栗,0,20101212,01171,01117,0924160705,国本哲秀,天羽牧場,ドゥラメンテ,セシリア,アグネスタキオン,鹿毛,200111,   11.3,  ,    ,54.5
24,03,10,1,阪神,6,07,１勝ｸﾗｽ,23,芝,8,1600,良,ファタリテ        ,牡,8,永島まな,55.0,10,06,10,10,0,1.4,10,96,"1360",0,0,0,10,10,34,454,大根田裕,栗,0,16102111,01187,01032,0924160706,奥裕嗣,日の出牧場,ロードカナロア,ルミアージュ,ハーツクライ,鹿毛,160418,  199.8,  ,    ,59.4
24,03,10,1,阪神,6,07,１勝ｸﾗｽ,23,芝,8,1600,良,ドナウパール      ,牝,4,ムルザバ,56.0,10,07,4,4,0,0.6,1,95.2,"1352",0,0,0,9,9,33.6,442,斉藤崇史,栗,120,20103509,05627,01151,0924160707,サンデーレーシング,ノーザンファーム,エピファネイア,ドナウブルー,ディープインパクト,鹿毛,200224,    2.2,  ,    ,60.0
24,03,10,1,阪神,6,07,１勝ｸﾗｽ,23,芝,8,1600,良,ロードスパイラル  ,牡,4,田口貫太,57.0,10,08,8,8,0,0.9,9,95.5,"1355",0,0,0,7,7,34.2,494,清水久詞,栗,0,20100144,01208,01110,0924160708,ロードホースクラブ,ケイアイファーム,キタサンブラック,エンジェリックレイ,ダイワメジャー,鹿毛,200202,  115.1,  ,    ,57.5
24,03,10,1,阪神,6,07,１勝ｸﾗｽ,23,芝,8,1600,良,ダイシンビヨンド  ,牝,5,松若風馬,56.0,10,09,3,3,0,0.5,3,95.1,"1351",0,0,0,3,2,34.2,466,梅田智之,栗,200,19101985,01154,01084,0924160709,大八木信行,中原牧場,キズナ,ダイシンパーティー,ブライアンズタイム,鹿毛,190304,    8.9,  ,    ,56.8
24,03,10,1,阪神,6,07,１勝ｸﾗｽ,23,芝,8,1600,良,テクノデザイン    ,牝,4,今村聖奈,53.0,10,10,5,5,0,0.7,8,95.3,"1353",0,0,0,4,4,34.3,432,千田輝彦,栗,80,20102950,01193,01120,0924160710,吉田照哉,社台ファーム,ロゴタイプ,テクニカルラン,アグネスタキオン,黒鹿,200507,   18.3,  ,    ,56.7
24,03,10,1,阪神,6,08,１勝ｸﾗｽ,23,ダ,1,1200,良,フィルムアクトレス,牝,4,角田大河,55.0,16,01,5,5,0,0.8,3,72.9,"1129",0,0,0,3,3,38.1,488,石橋守,栗,80,20101805,01199,01140,0924160801,ゴドルフィン,ダーレー・ジャパン,スクリーンヒーロー,サマリーズ,"Hard Spun",黒鹿,200118,    4.3,  ,    ,41.3
24,03,10,1,阪神,6,08,１勝ｸﾗｽ,23,ダ,1,1200,良,ロードリライアブル,牡,5,田口貫太,57.0,16,02,14,14,0,2.1,12,74.2,"1142",0,0,0,13,14,38,504,清水久詞,栗,0,19103008,01208,01110,0924160802,ロードホースクラブ,ケイアイファーム,ハービンジャー,エンジェリックレイ,ダイワメジャー,鹿毛,190129,  110.3,  ,    ,45.3
24,03,10,1,阪神,6,08,１勝ｸﾗｽ,23,ダ,1,1200,良,レゾルシオン      ,牡,4,ムルザバ,58.0,16,03,6,6,0,1,8,73.1,"1131",0,0,0,10,11,37.4,474,鈴木孝志,栗,0,20100747,05627,01111,0924160803,前田幸貴,高昭牧場,エピファネイア,ミュゲプリンセス,エンパイアメーカー,黒鹿,200222,   32.0,  ,    ,45.5
24,03,10,1,阪神,6,08,１勝ｸﾗｽ,23,ダ,1,1200,良,サンガネーブ      ,牡,4,坂井瑠星,58.0,16,04,3,3,0,0.5,1,72.6,"1126",0,0,0,5,4,37.5,504,田中克典,栗,200,20104287,01163,01180,0924160804,水上ふじ子,静内フジカワ牧場,マクフィ,サンコロネット,スペシャルウィーク,黒鹿,200402,    3.2,  ,    ,43.6
24,03,10,1,阪神,6,08,１勝ｸﾗｽ,23,ダ,1,1200,良,ルールシェーバー  ,牡,7,和田竜二,58.0,16,05,15,15,0,2.9,15,75,"1150",0,0,0,16,16,38,470,北出成人,栗,0,17109029,01018,01078,0924160805,儀賀好子,風ノ丘ファーム,ストロングリターン,レモンリーフ,リンドシェーバー,鹿毛,170410,  343.9,  ,    ,47.4
24,03,10,1,阪神,6,08,１勝ｸﾗｽ,23,ダ,1,1200,良,シアープレジャー  ,牝,7,永島まな,53.0,16,06,8,8,0,1.4,14,73.5,"1135",0,0,0,15,15,36.6,450,緒方努,栗,0,17103278,01187,01193,0924160806,岡田牧雄,岡田スタツド,マツリダゴッホ,ケリーケイズプレジャー,"Kelly Kip",鹿毛,170419,  248.9,  ,    ,50.8
24,03,10,1,阪神,6,08,１勝ｸﾗｽ,23,ダ,1,1200,良,サルモン          ,牡,4,鮫島克駿,58.0,16,07,13,13,0,2,9,74.1,"1141",0,0,0,4,4,39.1,526,加藤士津,美,0,20105983,01157,01169,0924160807,野村茂雄,村上牧場,シャンハイボビー,キセキノショウリ,フジキセキ,青鹿,200517,   46.5,  ,    ,39.5
24,03,10,1,阪神,6,08,１勝ｸﾗｽ,23,ダ,1,1200,良,エイシンネクタル  ,牡,4,西村淳也,58.0,16,08,12,12,0,1.9,5,74,"1140",0,0,0,7,7,38.6,470,小崎憲,栗,0,20100103,01171,01085,0924160808,栄進堂,木田牧場,イスラボニータ,エイシンノーティス,キングカメハメハ,黒鹿,200306,   15.1,  ,    ,41.7
24,03,10,1,阪神,6,08,１勝ｸﾗｽ,23,ダ,1,1200,良,メイショウイヌワシ,牡,5,泉谷楓真,57.0,16,09,7,7,0,1.1,13,73.2,"1132",0,0,0,14,13,37,486,石橋守,栗,0,19104100,01182,01140,0924160809,松本好隆,三嶋牧場,ロードカナロア,メイショウメイゲツ,ディープインパクト,鹿毛,190215,  247.3,  ,    ,47.8
24,03,10,1,阪神,6,08,１勝ｸﾗｽ,23,ダ,1,1200,良,グローバリスト    ,牡,4,酒井学,58.0,16,10,16,16,0,3.3,11,75.4,"1154",0,0,0,1,2,41.1,502,西村真幸,栗,0,20106874,01034,01148,0924160810,安原浩司,三嶋牧場,シニスターミニスター,ジャポニウム,ダノンシャンティ,鹿毛,200307,   91.6,  ,    ,33.5
24,03,10,1,阪神,6,08,１勝ｸﾗｽ,23,ダ,1,1200,良,プライムレート    ,牝,4,古川奈穂,52.0,16,11,11,11,0,1.9,7,74,"1140",0,0,0,2,1,39.6,480,笹田和秀,栗,0,20104856,01190,01104,0924160811,京都ホースレーシン,前谷武志,シニスターミニスター,ベストレート,ゼンノロブロイ,栗毛,200416,   31.9,  ,    ,36.9
24,03,10,1,阪神,6,08,１勝ｸﾗｽ,23,ダ,1,1200,良,バトゥーキ        ,牡,4,水口優也,58.0,16,12,1,1,0,-0.1,2,72.1,"1121",0,0,0,10,11,36.3,484,浜田多実,栗,800,20101373,01133,01138,0924160812,京都ホースレーシン,川島正広,ラニ,サンバホイッスル,サウスヴィグラス,栗毛,200421,    3.4,  ,    ,48.6
24,03,10,1,阪神,6,08,１勝ｸﾗｽ,23,ダ,1,1200,良,タイセイランナー  ,牡,4,菱田裕二,58.0,16,13,9,9,0,1.4,10,73.5,"1135",0,0,0,9,9,37.9,506,牧浦充徳,栗,0,20101540,01144,01113,0924160813,田中成奉,下河辺牧場,アジアエクスプレス,エターナルスター,アドマイヤムーン,栗毛,200427,   48.4,  ,    ,43.9
24,03,10,1,阪神,6,08,１勝ｸﾗｽ,23,ダ,1,1200,良,グッジョブ        ,牡,4,岩田望来,58.0,16,14,2,2,0,0.1,4,72.2,"1122",0,0,0,7,7,36.8,460,牧浦充徳,栗,320,20101182,01174,01113,0924160814,馬場幸夫,雅牧場,ベストウォーリア,ハッピーロングラン,ネオユニヴァース,鹿毛,200428,    6.2,  ,    ,46.2
24,03,10,1,阪神,6,08,１勝ｸﾗｽ,23,ダ,1,1200,良,フェリ            ,牝,4,藤懸貴志,56.0,16,15,4,4,0,0.7,6,72.8,"1128",0,0,0,10,9,37,468,佐々木晶,栗,120,20105156,01138,00429,0924160815,ヒダカ・ブリーダー,協和牧場,ヘニーヒューズ,キョウワフェアリー,アルカセット,栗毛,200309,   19.5,  ,    ,46.8
24,03,10,1,阪神,6,08,１勝ｸﾗｽ,23,ダ,1,1200,良,ダンスインザリング,牡,4,団野大成,58.0,16,16,10,10,0,1.5,16,73.6,"1136",0,0,0,5,4,38.5,454,武井亮,美,0,20107199,01180,01147,0924160816,古賀慎一,惣田英幸,キンシャサノキセキ,ナイツエンド,"End Sweep",鹿毛,200326,  396.0,  ,    ,41.2
24,03,10,1,阪神,6,09,天神橋特･2勝,43,芝,8,1600,良,フルメタルボディー,セ,4,吉村誠之,58.0,10,01,4,4,0,0.3,8,93.8,"1338",0,0,0,1,1,34.7,500,清水久詞,栗,230,20102867,01216,01110,0924160901,社台レースホース,社台ファーム,マインドユアビスケッツ,ザレマ,ダンスインザダーク,栗毛,200403,   48.8,  ,    ,52.2
24,03,10,1,阪神,6,09,天神橋特･2勝,43,芝,8,1600,良,サイモンメガライズ,牡,6,松山弘平,58.0,10,02,9,9,0,1.7,10,95.2,"1352",0,0,0,7,7,35,512,小林真也,栗,0,18101175,01126,01185,0924160902,澤田昭紀,ヤナガワ牧場,ケープブランコ,テーオーヴィーナス,ディープインパクト,鹿毛,180316,  291.2,  ,    ,53.2
24,03,10,1,阪神,6,09,天神橋特･2勝,43,芝,8,1600,良,アルナージェイン  ,牝,4,ムルザバ,56.0,10,03,10,10,0,2.7,2,96.2,"1362",0,0,0,10,10,35.5,502,奥村豊,栗,0,20103692,05627,01146,0924160903,MKレーシング,ノーザンファーム,リアルスティール,ルナレガーロ,アドマイヤムーン,鹿毛,200220,    4.6,  ,    ,52.6
24,03,10,1,阪神,6,09,天神橋特･2勝,43,芝,8,1600,良,マイシンフォニー  ,牝,5,Ｍ．デム,56.0,10,04,2,2,0,0.2,5,93.7,"1337",0,0,0,5,5,33.6,494,松永幹夫,栗,620,19105298,05212,01092,0924160904,キーファーズ,ノーザンファーム,ディープインパクト,テディーズプロミス,"Salt Lake",青鹿,190328,    9.5,  ,    ,57.3
24,03,10,1,阪神,6,09,天神橋特･2勝,43,芝,8,1600,良,トーアライデン    ,牡,4,亀田温心,58.0,10,05,5,5,0,0.5,7,94,"1340",0,0,0,3,3,34.2,490,河嶋宏樹,栗,155,20103168,01176,01198,0924160905,高山ランド,トーア牧場,マインドユアビスケッツ,ジョーヌダンブル,アグネスデジタル,栗毛,200520,   13.9,  ,    ,54.9
24,03,10,1,阪神,6,09,天神橋特･2勝,43,芝,8,1600,良,ヒルノショパン    ,牡,5,古川吉洋,58.0,10,06,6,6,0,0.6,6,94.1,"1341",0,0,0,2,2,34.8,454,昆貢,栗,0,19103858,01015,01044,0924160906,ヒルノ,辻牧場,ディスクリートキャット,ヒルノマテーラ,マンハッタンカフェ,栗毛,190416,   12.7,  ,    ,52.2
24,03,10,1,阪神,6,09,天神橋特･2勝,43,芝,8,1600,良,キングダムウイナー,牡,7,鮫島克駿,58.0,10,07,8,8,0,1.1,9,94.6,"1346",0,0,0,8,9,34.1,504,藤野健太,栗,0,17105224,01157,01200,0924160907,ライオンレースホー,ノーザンファーム,ディープインパクト,ウォッチハー,Mutakddim,鹿毛,170129,  281.1,  ,    ,56.5
24,03,10,1,阪神,6,09,天神橋特･2勝,43,芝,8,1600,良,ゴートゥファースト,牡,4,角田大河,58.0,10,08,3,3,0,0.3,4,93.8,"1338",0,0,0,6,5,33.8,476,新谷功一,栗,390,20103464,01199,01172,0924160908,後藤和成,ノーザンファーム,ルーラーシップ,タイトルパート,アグネスタキオン,鹿毛,200211,    6.8,  ,    ,56.5
24,03,10,1,阪神,6,09,天神橋特･2勝,43,芝,8,1600,良,シュタールヴィント,牡,4,坂井瑠星,58.0,10,09,1,1,0,-0.2,3,93.5,"1335",0,0,0,3,3,33.7,450,矢作芳人,栗,1550,20103061,01163,01075,0924160909,社台レースホース,社台ファーム,ロードカナロア,マルセリーナ,ディープインパクト,鹿毛,200506,    6.5,  ,    ,56.5
24,03,10,1,阪神,6,09,天神橋特･2勝,43,芝,8,1600,良,スイープアワーズ  ,牡,4,武豊,58.0,10,10,7,7,0,0.6,1,94.1,"1341",0,0,0,8,7,33.8,436,友道康夫,栗,0,20103428,00666,01061,0924160910,大塚亮一,ノーザンファーム,ディープインパクト,スイープトウショウ,エンドスウィープ,鹿毛,200227,    2.1,  ,    ,57.0
24,03,10,1,阪神,6,10,オークＨ･3勝,67,ダ,1,2000,良,ヒミノフラッシュ  ,牡,6,和田竜二,55.0,16,01,6,6,0,0.7,14,126.8,"2068",0,9,9,8,8,38.7,556,川村禎彦,栗,0,18101337,01018,01003,0924161001,佐々木八郎,原田新治,エイシンフラッシュ,ヒミノプリンセス,マンハッタンカフェ,黒鹿,180410,  210.4,  ,    ,47.6
24,03,10,1,阪神,6,10,オークＨ･3勝,67,ダ,1,2000,良,レガーメペスカ    ,牡,7,田口貫太,55.0,16,02,14,14,0,2.8,15,128.9,"2089",0,1,1,1,1,41.5,490,藤野健太,栗,0,17104106,01208,01200,0924161002,山田信太郎,藤原牧場,キズナ,プリンセスペスカ,チーフベアハート,黒鹿,170320,  216.0,  ,    ,40.3
24,03,10,1,阪神,6,10,オークＨ･3勝,67,ダ,1,2000,良,レッドプロフェシー,牡,4,坂井瑠星,56.0,16,03,8,8,0,1.2,3,127.3,"2073",0,4,4,4,6,39.5,480,大久保龍,栗,0,20101579,01163,01058,0924161003,東京ホースレーシン,下河辺牧場,ルーラーシップ,トリニティプレイス,マンハッタンカフェ,鹿毛,200117,    5.9,  ,    ,45.3
24,03,10,1,阪神,6,10,オークＨ･3勝,67,ダ,1,2000,良,グリューヴルム    ,牡,5,ムルザバ,57.0,16,04,1,1,0,-0.4,1,126.1,"2061",0,7,9,8,8,38.1,496,大久保龍,栗,1840,19105519,05627,01058,0924161004,キャロットファーム,ノーザンファーム,キズナ,リュシオル,クロフネ,黒鹿,190315,    4.1,  ,    ,49.0
24,03,10,1,阪神,6,10,オークＨ･3勝,67,ダ,1,2000,良,エクセスリターン  ,牡,5,団野大成,55.0,16,05,3,3,0,0.4,6,126.5,"2065",0,16,15,15,13,37.8,526,野中賢二,栗,460,19101274,01180,01098,0924161005,今村明浩,天羽禮治,ストロングリターン,ベアフルート,サクラバクシンオー,栗毛,190416,    9.6,  ,    ,50.6
24,03,10,1,阪神,6,10,オークＨ･3勝,67,ダ,1,2000,良,ダノンブレット    ,牡,6,松山弘平,57.0,16,06,7,7,0,0.9,4,127,"2070",0,13,13,13,13,38.5,508,菊沢隆徳,美,0,18104665,01126,01115,0924161006,ダノックス,社台ファーム,キングカメハメハ,ダイワズーム,ハーツクライ,栗毛,180223,    6.7,  ,    ,48.5
24,03,10,1,阪神,6,10,オークＨ･3勝,67,ダ,1,2000,良,インディゴブラック,セ,5,鮫島克駿,55.0,16,07,12,12,0,2.1,12,128.2,"2082",0,7,7,7,3,40.3,512,奥村豊,栗,0,19105143,01157,01146,0924161007,シルクレーシング,ノーザンファーム,キタサンブラック,カーニバルダクス,Bernardini,鹿毛,190407,   94.2,  ,    ,43.5
24,03,10,1,阪神,6,10,オークＨ･3勝,67,ダ,1,2000,良,ジュタロウ        ,牡,5,横山武史,56.0,16,08,4,4,0,0.5,5,126.6,"2066",0,11,11,11,10,38.3,492,河内洋,栗,280,19110053,01170,01072,0924161008,芳賀美知子,"Breffni Farm",Arrogate,"Bodacious Babe",Mineshaft,黒鹿,190217,    8.6,  ,    ,48.8
24,03,10,1,阪神,6,10,オークＨ･3勝,67,ダ,1,2000,良,サイモンザナドゥ  ,牡,4,武豊,56.0,16,09,5,5,0,0.6,2,126.7,"2067",0,14,13,13,15,38,478,小林真也,栗,184,20104497,00666,01185,0924161009,澤田昭紀,千代田牧場,アジアエクスプレス,トゥルーロマンス,アグネスデジタル,栗毛,200307,    5.5,  ,    ,50.0
24,03,10,1,阪神,6,10,オークＨ･3勝,67,ダ,1,2000,良,フジマサインパクト,牡,6,西村淳也,55.0,16,10,11,11,0,2.1,10,128.2,"2082",0,9,7,10,10,40.1,432,菊川正達,美,0,18104778,01171,01052,0924161010,藤原正一,社台ファーム,ディープインパクト,ベイトゥベイ,"Sligo Bay",鹿毛,180521,   53.2,  ,    ,44.2
24,03,10,1,阪神,6,10,オークＨ･3勝,67,ダ,1,2000,良,ホウオウフウジン  ,牡,5,Ｍ．デム,55.0,16,11,9,9,0,1.4,9,127.5,"2075",0,4,5,4,6,39.7,528,矢作芳人,栗,0,19105032,05212,01075,0924161011,小笹芳央,ノーザンファーム,ロードカナロア,アゲヒバリ,クロフネ,芦毛,190321,   18.8,  ,    ,44.8
24,03,10,1,阪神,6,10,オークＨ･3勝,67,ダ,1,2000,良,マルブツプライド  ,牡,5,岩田望来,55.0,16,12,2,2,0,0.4,8,126.5,"2065",0,12,11,12,10,38.1,534,福永祐一,栗,740,19103518,01174,01203,0924161012,大澤利久,岡本牧場,ホッコータルマエ,アルブスメロディー,ゴールドアリュール,芦毛,190419,   12.3,  ,    ,49.4
24,03,10,1,阪神,6,10,オークＨ･3勝,67,ダ,1,2000,良,ダディーズウォリア,牡,4,浜中俊,56.0,16,13,10,10,0,1.8,7,127.9,"2079",0,4,5,4,3,40.1,470,千田輝彦,栗,0,20106770,01115,01120,0924161013,田島大史,日進牧場,マジェスティックウォリアー,シードオブハピネス,ゼンノロブロイ,栗毛,200415,   10.8,  ,    ,43.8
24,03,10,1,阪神,6,10,オークＨ･3勝,67,ダ,1,2000,良,オブジェダート    ,牡,5,菱田裕二,56.0,16,14,13,13,0,2.4,11,128.5,"2085",0,3,3,2,2,40.9,500,橋口慎介,栗,0,19104460,01144,01154,0924161014,G1レーシング,追分ファーム,オルフェーヴル,サザンフェアリー,"Southern Halo",栗毛,190314,   69.1,  ,    ,41.8
24,03,10,1,阪神,6,10,オークＨ･3勝,67,ダ,1,2000,良,シルバーエース    ,牡,7,藤岡佑介,55.0,16,15,16,16,0,3.4,13,129.5,"2095",0,2,2,2,3,41.9,478,橋口慎介,栗,0,17100451,01093,01154,0924161015,林正道,白井牧場,ワールドエース,アイリッシュペコ,"Sea The Stars",芦毛,170411,  121.7,  ,    ,39.6
24,03,10,1,阪神,6,10,オークＨ･3勝,67,ダ,1,2000,良,ビキニボーイ      ,牡,4,松若風馬,54.0,16,16,15,15,0,2.9,16,129,"2090",0,15,15,16,16,39.9,506,梅田智之,栗,0,20104426,01154,01084,0924161016,小林祥晃,谷岡牧場,ビーチパトロール,エバーアンドエバー,ハーツクライ,鹿毛,200407,  270.4,  ,    ,45.7
24,03,10,1,阪神,6,11,フィリーG2,179,芝,0,1400,良,コラソンビート    ,牝,3,横山武史,55.0,15,01,2,2,0,0.1,1,80.2,"1202",0,0,0,5,5,34.9,442,加藤士津,美,2100,21106834,01170,01169,0924161101,サラブレッドクラブ,ビッグレッドファー,スワーヴリチャード,ルシェルドール,オルフェーヴル,栗毛,210226,    1.8,  ,    ,47.3
24,03,10,1,阪神,6,11,フィリーG2,179,芝,0,1400,良,ロゼフレア        ,牝,3,団野大成,55.0,15,02,6,6,0,0.6,5,80.7,"1207",0,0,0,8,8,35.2,452,中村直也,栗,0,21103203,01180,01186,0924161102,丸幸小林牧場,丸幸小林牧場,Intello,ロゼヤ,"Invincible Spirit",鹿毛,210211,   15.4,  ,    ,46.9
24,03,10,1,阪神,6,11,フィリーG2,179,芝,0,1400,良,バウンシーステップ,牝,3,菱田裕二,55.0,15,03,4,4,0,0.4,2,80.5,"1205",0,0,0,8,8,34.9,462,高橋亮,栗,780,21104897,01144,01136,0924161103,G1レーシング,社台コーポレーショ,モーリス,バウンシーチューン,ステイゴールド,栗毛,210118,    7.7,  ,    ,48.0
24,03,10,1,阪神,6,11,フィリーG2,179,芝,0,1400,良,エトヴプレ        ,牝,3,藤岡佑介,55.0,15,04,1,1,0,-0.1,11,80.1,"1201",0,0,0,1,1,35.1,458,藤岡健一,栗,5200,21110027,01093,01062,0924161104,H.H.シェイク・ハム,Godolphin,"Too Darn Hot",Nahoodh,Clodovil,芦毛,210331,   35.2,  ,    ,46.2
24,03,10,1,阪神,6,11,フィリーG2,179,芝,0,1400,良,カルチャーデイ    ,牝,3,酒井学,55.0,15,05,7,7,0,0.7,4,80.8,"1208",0,0,0,6,5,35.5,410,四位洋文,栗,0,21104556,01034,01184,0924161105,MMSホールディング,松田牧場,ファインニードル,ラルティスタ,マイネルラヴ,栗毛,210517,   15.0,  ,    ,45.7
24,03,10,1,阪神,6,11,フィリーG2,179,芝,0,1400,良,シカゴスティング  ,牝,3,鮫島克駿,55.0,15,06,12,12,0,0.9,3,81,"1210",0,0,0,2,2,35.9,440,庄野靖志,栗,0,21105242,01157,01087,0924161106,辻川弘,社台ファーム,ロゴタイプ,マルチスクリーン,スクリーンヒーロー,黒鹿,210417,    8.2,  ,    ,44.2
24,03,10,1,阪神,6,11,フィリーG2,179,芝,0,1400,良,セシリエプラージュ,牝,3,Ｍ．デム,55.0,15,07,3,3,0,0.3,12,80.4,"1204",0,0,0,8,10,34.7,410,中村直也,栗,1300,21104941,05212,01186,0924161107,吉田照哉,社台ファーム,ブリックスアンドモルタル,アットザシーサイド,キングカメハメハ,黒鹿,210206,   42.2,  ,    ,48.8
24,03,10,1,阪神,6,11,フィリーG2,179,芝,0,1400,良,オアシスドール    ,牝,3,松若風馬,55.0,15,08,14,14,0,3.7,14,83.8,"1238",0,0,0,2,2,38.7,446,高柳大輔,栗,0,21103583,01154,01159,0924161108,村上稔,岡田牧場,キタサンブラック,オアシスクイーン,シニスターミニスター,鹿毛,210305,   94.5,  ,    ,37.4
24,03,10,1,阪神,6,11,フィリーG2,179,芝,0,1400,良,レディマリオン    ,牝,3,ムルザバ,55.0,15,09,10,10,0,0.8,6,80.9,"1209",0,0,0,11,10,35.1,432,長谷川浩,栗,0,21105752,05627,01173,0924161109,吉田勝己,ノーザンファーム,ハービンジャー,プリンセスカメリア,サンデーサイレンス,鹿毛,210127,   16.9,  ,    ,47.9
24,03,10,1,阪神,6,11,フィリーG2,179,芝,0,1400,良,ドナベティ        ,牝,3,坂井瑠星,55.0,15,10,7,7,0,0.7,7,80.8,"1208",0,0,0,13,12,35,420,矢作芳人,栗,0,21100210,01163,01075,0924161110,小川眞査雄,下屋敷牧場,リアルスティール,ドナルチア,"Malibu Moon",鹿毛,210310,   18.1,  ,    ,48.1
24,03,10,1,阪神,6,11,フィリーG2,179,芝,0,1400,良,マーシーラン      ,牝,3,和田竜二,55.0,15,11,9,9,0,0.7,10,80.8,"1208",0,0,0,6,5,35.4,450,渡辺薫彦,栗,0,21103901,01018,01155,0924161111,岡村善行,静内フアーム,レッドファルクス,ラックアサイン,ハービンジャー,鹿毛,210125,   26.7,  ,    ,46.2
24,03,10,1,阪神,6,11,フィリーG2,179,芝,0,1400,良,ジューンブレア    ,牝,3,武豊,55.0,15,12,13,13,0,1.4,9,81.5,"1215",0,0,0,2,2,36.4,476,武英智,栗,0,21110099,00666,01161,0924161112,吉川潤,"Diamond Creek Farm","American Pharoah","Lap of Luxury",Galileo,鹿毛,210416,   19.2,  ,    ,42.9
24,03,10,1,阪神,6,11,フィリーG2,179,芝,0,1400,良,ポエットリー      ,牝,3,永島まな,55.0,15,13,11,11,0,0.8,13,80.9,"1209",0,0,0,11,13,35,460,平田修,栗,0,21105202,01187,01082,0924161113,吉田昌久,社台ファーム,ダイワメジャー,ブギーダモーレ,"Rail Link",鹿毛,210415,   54.1,  ,    ,48.4
24,03,10,1,阪神,6,11,フィリーG2,179,芝,0,1400,良,キャンシーエンゼル,牝,3,松山弘平,55.0,15,14,0,0,3,999.9,0,0,"----",0,0,0,0,0,0,458,鈴木孝志,栗,0,21106615,01126,01111,0924161114,前田幸治,ノースヒルズ,バゴ,ヴォルドニュイ,"Sky Mesa",青鹿,210428,    0.0,  ,    , 0.0
24,03,10,1,阪神,6,11,フィリーG2,179,芝,0,1400,良,オメガウインク    ,牝,3,岩田望来,55.0,15,15,5,5,0,0.6,8,80.7,"1207",0,0,0,14,13,34.6,466,大和田成,美,520,21103559,01174,01124,0924161115,原禮子,岡田スタツド,ロジャーバローズ,レッドルンバ,"Red Ransom",芦毛,210402,   18.6,  ,    ,49.9
24,03,10,1,阪神,6,12,２勝ｸﾗｽ・牝,43,ダ,1,1200,良,マリブパイン      ,牝,5,永島まな,53.0,13,01,13,13,0,3.1,6,75.1,"1151",0,0,0,2,3,39.8,496,大根田裕,栗,0,19106239,01187,01032,0924161201,ロイヤルパーク,武牧場,ザファクター,シンワウォッカ,シーキングザダイヤ,鹿毛,190225,   19.5,  ,    ,38.7
24,03,10,1,阪神,6,12,２勝ｸﾗｽ・牝,43,ダ,1,1200,良,アロットドリーム  ,牝,4,角田大河,55.0,13,02,4,4,0,0.7,4,72.7,"1127",0,0,0,2,2,37.5,444,本田優,栗,170,20106611,01199,01099,0924161202,本間茂,大道牧場,ディスクリートキャット,ブロッケン,ワイルドラッシュ,栗毛,200418,    7.7,  ,    ,43.9
24,03,10,1,阪神,6,12,２勝ｸﾗｽ・牝,43,ダ,1,1200,良,マヴォロンテ      ,牝,4,坂井瑠星,56.0,13,03,9,9,0,1.7,3,73.7,"1137",0,0,0,8,9,37.8,466,松永幹夫,栗,0,20103435,01163,01092,0924161203,桑田牧場,ノーザンファーム,ロードカナロア,スターアイル,"Rock of Gibraltar",鹿毛,200228,    4.9,  ,    ,45.0
24,03,10,1,阪神,6,12,２勝ｸﾗｽ・牝,43,ダ,1,1200,良,タカラマドンナ    ,牝,5,鷲頭虎太,53.0,13,04,8,8,0,1.2,8,73.2,"1132",0,0,0,5,5,37.6,460,杉山佳明,栗,0,19104328,01202,01178,0924161204,佐藤範夫,下屋敷牧場,ハーツクライ,ディアマンティナ,"Seeking the Gold",黒鹿,190526,   27.0,  ,    ,44.7
24,03,10,1,阪神,6,12,２勝ｸﾗｽ・牝,43,ダ,1,1200,良,カネコメシスター  ,牝,5,団野大成,56.0,13,05,1,1,0,-0.6,2,72,"1120",0,0,0,9,8,36.1,502,中尾秀正,栗,1140,19101055,01180,01069,0924161205,高岡浩行,ラツキー牧場,エスポワールシチー,キャンドルアイス,フォーティナイナー,栗毛,190610,    4.9,  ,    ,49.4
24,03,10,1,阪神,6,12,２勝ｸﾗｽ・牝,43,ダ,1,1200,良,メイショウヒヅクリ,牝,5,和田竜二,56.0,13,06,3,3,0,0.6,10,72.6,"1126",0,0,0,4,3,37.1,474,角田晃一,栗,290,19103902,01018,01121,0924161206,松本好雄,富田牧場,ディーマジェスティ,サーリセルカ,ウォーエンブレム,黒鹿,190330,   60.8,  ,    ,45.7
24,03,10,1,阪神,6,12,２勝ｸﾗｽ・牝,43,ダ,1,1200,良,テンクウフラワー  ,牝,5,橋木太希,53.0,13,07,11,11,0,1.9,13,73.9,"1139",0,0,0,6,5,38.2,430,渡辺薫彦,栗,0,19103042,01215,01155,0924161207,小島將之,斉藤スタッド,シニスターミニスター,エヴァ,キングカメハメハ,鹿毛,190413,  211.8,  ,    ,43.5
24,03,10,1,阪神,6,12,２勝ｸﾗｽ・牝,43,ダ,1,1200,良,ミロワール        ,牝,5,菱田裕二,56.0,13,08,5,5,0,0.8,9,72.8,"1128",0,0,0,12,9,36.6,452,河嶋宏樹,栗,114,19100566,01144,01198,0924161208,フォレストレーシン,新冠橋本牧場,ロードカナロア,オルトリンデ,ダンスインザダーク,鹿毛,190225,   29.8,  ,    ,48.9
24,03,10,1,阪神,6,12,２勝ｸﾗｽ・牝,43,ダ,1,1200,良,リーゼントミニー  ,牝,4,古川奈穂,52.0,13,09,10,10,0,1.7,12,73.7,"1137",0,0,0,1,1,39.1,424,矢作芳人,栗,0,20100914,01190,01075,0924161209,三浦大輔,ヒダカフアーム,リアルスティール,カフジサファイア,ロードカナロア,鹿毛,200320,   89.3,  ,    ,38.5
24,03,10,1,阪神,6,12,２勝ｸﾗｽ・牝,43,ダ,1,1200,良,ルーラルハピネス  ,牝,4,横山武史,56.0,13,10,7,7,0,1,1,73,"1130",0,0,0,6,5,37.3,472,伊藤大士,美,0,20101052,01170,01109,0924161210,キャロットファーム,川向高橋育成牧場,ファインニードル,ナムラバイオレット,チーフベアハート,鹿毛,200206,    2.5,  ,    ,45.7
24,03,10,1,阪神,6,12,２勝ｸﾗｽ・牝,43,ダ,1,1200,良,プレイテシア      ,牝,5,田口貫太,55.0,13,11,2,2,0,0.6,5,72.6,"1126",0,0,0,11,9,36.4,424,羽月友彦,栗,460,19102491,01208,01091,0924161211,水上行雄,笠松牧場,ドレフォン,プリオバーン,Galileo,栗毛,190121,    8.8,  ,    ,49.5
24,03,10,1,阪神,6,12,２勝ｸﾗｽ・牝,43,ダ,1,1200,良,スクルプトーリス  ,牝,4,鮫島克駿,56.0,13,12,12,12,0,3,7,75,"1150",0,0,0,9,9,39,454,松下武士,栗,0,20100151,01157,01149,0924161212,中村伊三美,ケイアイファーム,ジャスタウェイ,サッカーマム,Kingmambo,鹿毛,200309,   21.7,  ,    ,42.3
24,03,10,1,阪神,6,12,２勝ｸﾗｽ・牝,43,ダ,1,1200,良,フォルティーナ    ,牝,4,酒井学,56.0,13,13,6,6,0,1,11,73,"1130",0,0,0,12,13,36.6,430,石橋守,栗,0,20100530,01034,01140,0924161213,猪又晶介,山野牧場,ミッキーアイル,ワンダフルタイム,サウスヴィグラス,栗毛,200310,   86.9,  ,    ,49.5
24,03,16,1,阪神,7,01,未勝利・牝,7,ダ,1,1400,良,シノノメ          ,牝,3,岩田望来,55.0,16,01,3,3,0,0.3,1,86.8,"1268",0,0,0,4,4,38.1,438,大久保龍,栗,140,21101679,01174,01058,0924170101,ゴドルフィン,ダーレー・ジャパン,サンダースノー,ハウリング,ハードスパン,栗毛,210321,    2.2,  ,    ,45.9
24,03,16,1,阪神,7,01,未勝利・牝,7,ダ,1,1400,良,キタサンヤマブキ  ,牝,3,菱田裕二,55.0,16,02,11,11,0,2.7,7,89.2,"1292",0,0,0,15,15,38.8,514,梅田智之,栗,0,21100092,01144,01084,0924170102,大野商事,木田牧場,ヘニーヒューズ,キタサンアメジスト,ネオユニヴァース,黒鹿,210211,   32.5,  ,    ,47.4
24,03,16,1,阪神,7,01,未勝利・牝,7,ダ,1,1400,良,ポンポネット      ,牝,3,鮫島克駿,55.0,16,03,15,15,0,7.4,4,93.9,"1339",0,0,0,10,9,44.3,430,橋口慎介,栗,0,21106651,01157,01154,0924170103,前田晋二,ノースヒルズ,キズナ,ユメノトビラ,Bernardini,黒鹿,210331,    8.5,  ,    ,34.0
24,03,16,1,阪神,7,01,未勝利・牝,7,ダ,1,1400,良,カワキタボーダレス,牝,3,亀田温心,55.0,16,04,7,7,0,1.4,12,87.9,"1279",0,0,0,10,9,38.5,432,角田晃一,栗,0,21106147,01176,01121,0924170104,川島和範,川島牧場,ホッコータルマエ,カワキタロック,ゴールドアリュール,鹿毛,210206,  167.0,  ,    ,46.2
24,03,16,1,阪神,7,01,未勝利・牝,7,ダ,1,1400,良,ニホンピロケイ    ,牝,3,田口貫太,54.0,16,05,6,6,0,1.1,6,87.6,"1276",0,0,0,6,6,38.6,472,大橋勇樹,栗,0,21103844,01208,01065,0924170105,小林英一,佐竹学,ニホンピロアワーズ,ニホンピロタルト,オペラハウス,鹿毛,210125,   29.8,  ,    ,45.2
24,03,16,1,阪神,7,01,未勝利・牝,7,ダ,1,1400,良,ジョウゲンノツキ  ,牝,3,松若風馬,55.0,16,06,2,2,0,0,2,86.5,"1265",0,0,0,1,1,38.1,438,牧田和弥,栗,220,21102755,01154,01123,0924170106,二口雅一,金成吉田牧場,イスラボニータ,ピサノグレース,フレンチデピュティ,青鹿,210511,    3.0,  ,    ,45.3
24,03,16,1,阪神,7,01,未勝利・牝,7,ダ,1,1400,良,ラッキーラン      ,牝,3,古川奈穂,51.0,16,07,13,13,0,3.7,10,90.2,"1302",0,0,0,13,13,40.3,402,高橋康之,栗,0,21106968,01190,01135,0924170107,サイプレスホールデ,三村卓也,ドレフォン,ラッキーダイス,ネオユニヴァース,栗毛,210425,   94.7,  ,    ,42.9
24,03,16,1,阪神,7,01,未勝利・牝,7,ダ,1,1400,良,クインズマイア    ,牝,3,藤懸貴志,55.0,16,08,10,10,0,2.6,9,89.1,"1291",0,0,0,8,7,39.7,426,小林真也,栗,0,21103848,01138,01185,0924170108,ケイアイスタリオン,佐竹学,カリフォルニアクローム,プリンセスキナウ,キングカメハメハ,鹿毛,210305,   46.0,  ,    ,43.3
24,03,16,1,阪神,7,01,未勝利・牝,7,ダ,1,1400,良,アオイエクラタン  ,牝,3,池添謙一,55.0,16,09,14,14,0,5.5,13,92,"1320",0,0,0,5,9,42.9,394,高橋康之,栗,0,21107204,01032,01135,0924170109,鈴木照雄,下屋敷牧場,ミッキーアイル,エイシンシルダリア,キングカメハメハ,鹿毛,210331,  278.3,  ,    ,35.8
24,03,16,1,阪神,7,01,未勝利・牝,7,ダ,1,1400,良,ボビーニクビッタケ,牝,3,Ｍ．デム,55.0,16,10,4,4,0,0.9,3,87.4,"1274",0,0,0,6,5,38.3,452,宮徹,栗,83,21104316,05212,01018,0924170110,小林祥晃,服部牧場,シャンハイボビー,フェアレディ,ハーツクライ,青鹿,210421,    7.0,  ,    ,46.1
24,03,16,1,阪神,7,01,未勝利・牝,7,ダ,1,1400,良,スマートヌーメン  ,牝,3,小沢大仁,54.0,16,11,5,5,0,1,11,87.5,"1275",0,0,0,3,3,38.8,446,石坂公一,栗,55,21103934,01185,01166,0924170111,大川徹,静内山田牧場,キズナ,スマートアクシス,"Lookin At Lucky",鹿毛,210223,  105.7,  ,    ,44.1
24,03,16,1,阪神,7,01,未勝利・牝,7,ダ,1,1400,良,ランゲル          ,牝,3,和田竜二,55.0,16,12,1,1,0,0,5,86.5,"1265",0,0,0,2,2,38,434,鈴木孝志,栗,550,21104512,01018,01111,0924170112,桑畑隆信,前谷武志,ルーラーシップ,ディアエナ,スニッツェル,鹿毛,210422,   13.9,  ,    ,45.7
24,03,16,1,阪神,7,01,未勝利・牝,7,ダ,1,1400,良,ミリオンジェンヌ  ,牝,3,吉村誠之,52.0,16,13,9,9,0,2.3,14,88.8,"1288",0,0,0,13,13,38.8,460,長谷川浩,栗,0,21103455,01216,01173,0924170113,福盛訓之,上野正恵,アジアエクスプレス,ローズアダージョ,ディープインパクト,鹿毛,210501,  310.4,  ,    ,46.6
24,03,16,1,阪神,7,01,未勝利・牝,7,ダ,1,1400,良,スマートカナートス,牝,3,川須栄彦,55.0,16,14,8,8,0,2.2,16,88.7,"1287",0,0,0,8,7,39.4,438,音無秀孝,栗,0,21103944,01128,01002,0924170114,大川徹,静内山田牧場,エピファネイア,デアリングワールド,エンドスウィープ,鹿毛,210406,  505.6,  ,    ,43.8
24,03,16,1,阪神,7,01,未勝利・牝,7,ダ,1,1400,良,カリメロ          ,牝,3,岩田康誠,55.0,16,15,16,16,0,10.3,8,96.8,"1368",0,0,0,16,16,43.8,440,中村直也,栗,0,21107185,05203,01186,0924170115,永山勝敏,笹地牧場,パイロ,ミステリアスオーラ,シンボリクリスエス,鹿毛,210314,   36.7,  ,    ,40.8
24,03,16,1,阪神,7,01,未勝利・牝,7,ダ,1,1400,良,ウィンカラー      ,牝,3,酒井学,55.0,16,16,12,12,0,3.5,15,90,"1300",0,0,0,10,9,40.4,454,谷潔,栗,0,21102702,01034,00431,0924170116,マークス,杵臼斉藤牧場,サンダースノー,ラメント,アドマイヤムーン,栗毛,210402,  329.7,  ,    ,42.1
24,03,16,1,阪神,7,02,未勝利,7,ダ,1,1800,良,ミルトヒーロー    ,牡,3,柴田裕一,54.0,14,01,13,13,0,3.2,14,119.5,"1595",0,7,6,9,10,41.4,548,中竹和也,栗,0,21106355,01212,01039,0924170201,永山勝敏,タニグチ牧場,ヴィクトワールピサ,エリモインプレス,エルコンドルパサー,黒鹿,210412,  574.5,  ,    ,44.3
24,03,16,1,阪神,7,02,未勝利,7,ダ,1,1800,良,メードス          ,牡,3,岩田康誠,57.0,14,02,11,11,0,2.4,2,118.7,"1587",0,1,1,3,4,41.3,496,上村洋行,栗,0,21104792,05203,01168,0924170202,G1レーシング,追分ファーム,ダイワメジャー,メーデイア,キングヘイロー,鹿毛,210519,    3.6,  ,    ,43.7
24,03,16,1,阪神,7,02,未勝利,7,ダ,1,1800,良,オルデラン        ,牡,3,ムルザバ,57.0,14,03,6,6,0,0.7,5,117,"1570",0,4,5,5,4,39.4,478,寺島良,栗,0,21105392,05627,01158,0924170203,塚本法生,ノーザンファーム,アルアイン,アーマイン,"Exchange Rate",鹿毛,210131,   11.8,  ,    ,48.5
24,03,16,1,阪神,7,02,未勝利,7,ダ,1,1800,良,ビップライアン    ,牡,3,和田竜二,57.0,14,04,10,10,0,1.1,12,117.4,"1574",0,4,3,5,6,39.8,490,小椋研介,栗,0,21100938,01018,01197,0924170204,鈴木邦英,ヒダカフアーム,ジョーカプチーノ,ルピナスベル,ホワイトマズル,芦毛,210410,  127.4,  ,    ,47.5
24,03,16,1,阪神,7,02,未勝利,7,ダ,1,1800,良,オイデレオ        ,牡,3,城戸義政,57.0,14,05,4,4,0,0.3,10,116.6,"1566",0,10,9,1,1,39.7,498,荒川義之,栗,83,21104580,01147,01095,0924170205,松田真由美,矢野牧場,レイデオロ,プレザントブリーズ,マンハッタンカフェ,栗毛,210305,   86.8,  ,    ,46.9
24,03,16,1,阪神,7,02,未勝利,7,ダ,1,1800,良,チョウガンバレ    ,牡,3,藤懸貴志,57.0,14,06,2,2,0,0,3,116.3,"1563",0,13,14,12,9,37.9,476,羽月友彦,栗,220,21106453,01138,01091,0924170206,丸山隆雄,富本茂喜,コパノリッキー,パフュームボム,プリサイスエンド,黒鹿,210410,    6.9,  ,    ,53.4
24,03,16,1,阪神,7,02,未勝利,7,ダ,1,1800,良,ライスベリー      ,牡,3,松若風馬,57.0,14,07,3,3,0,0.2,7,116.5,"1565",0,11,11,12,13,38.1,474,吉田直弘,栗,140,21101565,01154,01101,0924170207,金子真人ホールディ,スマイルファーム,ドレフォン,ミスパスカリ,"Mr. Greeley",黒鹿,210412,   16.7,  ,    ,52.9
24,03,16,1,阪神,7,02,未勝利,7,ダ,1,1800,良,アラタマフェーヴル,牡,3,鮫島克駿,57.0,14,08,5,5,0,0.7,4,117,"1570",0,7,8,5,7,39.5,486,浜田多実,栗,55,21102115,01157,01138,0924170208,荒木謙次,槇本牧場,オルフェーヴル,アラタマクリスエス,シンボリクリスエス,栗毛,210418,    9.5,  ,    ,48.1
24,03,16,1,阪神,7,02,未勝利,7,ダ,1,1800,良,サンライズマウレア,牡,3,岩田望来,57.0,14,09,8,8,0,1,6,117.3,"1573",0,2,2,2,2,40.1,452,河内洋,栗,0,21102242,01174,01072,0924170209,松岡隆雄,ヤナガワ牧場,リオンディーズ,フォローガーネット,サンライズペガサス,青鹿,210420,   13.1,  ,    ,46.3
24,03,16,1,阪神,7,02,未勝利,7,ダ,1,1800,良,ゼットホウライ    ,牡,3,田口貫太,56.0,14,10,14,14,0,5.2,8,121.5,"2015",0,11,11,12,14,43,482,吉田直弘,栗,0,21100201,01208,01101,0924170210,フォーレスト,嶋田牧場,アルアイン,レディナデシコ,ワイルドラッシュ,黒鹿,210326,   21.2,  ,    ,41.3
24,03,16,1,阪神,7,02,未勝利,7,ダ,1,1800,良,グランオース      ,牡,3,武豊,57.0,14,11,1,1,0,0,1,116.3,"1563",0,2,3,3,2,38.9,504,角田晃一,栗,550,21100620,00666,01121,0924170211,グランホース,大島牧場,マジェスティックウォリアー,レゾリューション,カリズマティック,栗毛,210510,    2.4,  ,    ,49.5
24,03,16,1,阪神,7,02,未勝利,7,ダ,1,1800,良,ショウブウン      ,牡,3,吉村誠之,54.0,14,12,12,12,0,3.2,9,119.5,"1595",0,4,6,8,10,41.5,508,小林真也,栗,0,21104944,01216,01185,0924170212,SSレーシング,社台ファーム,スワーヴリチャード,アルティマチャーム,キングカメハメハ,鹿毛,210424,   79.5,  ,    ,44.0
24,03,16,1,阪神,7,02,未勝利,7,ダ,1,1800,良,ユウトザアシゲ    ,牡,3,国分優作,57.0,14,13,7,7,0,0.9,13,117.2,"1572",0,9,9,9,8,39.3,508,藤沢則雄,栗,0,21103442,01125,01041,0924170213,中川雄斗,ウエスタンファーム,ゴールデンマンデラ,ウエスタンビアンコ,クロフネ,芦毛,210415,  294.4,  ,    ,49.1
24,03,16,1,阪神,7,02,未勝利,7,ダ,1,1800,良,モスコビウム      ,牡,3,田中健,57.0,14,14,9,9,0,1.1,11,117.4,"1574",0,13,13,9,10,39.2,436,浜田多実,栗,0,21103200,01114,01138,0924170214,宮田美恵子,丸幸小林牧場,エピファネイア,ミヤジレイナ,キングカメハメハ,鹿毛,210419,  125.0,  ,    ,49.7
24,03,16,1,阪神,7,03,未勝利,7,ダ,1,1200,良,ジェットラン      ,牝,3,亀田温心,55.0,16,01,14,14,0,2.2,14,75.7,"1157",0,0,0,15,15,38,414,浜田多実,栗,0,21106348,01176,01138,0924170301,岡村善行,武田牧場,ミッキーロケット,メイユーブルーム,ダンスインザダーク,鹿毛,210507,  435.6,  ,    ,49.2
24,03,16,1,阪神,7,03,未勝利,7,ダ,1,1200,良,ワンダーセイレーン,牝,3,小沢大仁,54.0,16,02,8,8,0,1.5,10,75,"1150",0,0,0,8,8,38.8,458,今野貞一,栗,0,21100223,01185,01128,0924170302,山本能成,城地牧場,アニマルキングダム,ワンダービーナス,バゴ,栗毛,210404,  105.9,  ,    ,43.3
24,03,16,1,阪神,7,03,未勝利,7,ダ,1,1200,良,ワークソング      ,牡,3,Ｍ．デム,57.0,16,03,5,5,0,0.5,3,74,"1140",0,0,0,4,3,38.3,472,牧浦充徳,栗,55,21102462,05212,01113,0924170303,馬場幸夫,雅牧場,モーニン,ハッピーラン,フレンチデピュティ,鹿毛,210222,    5.5,  ,    ,43.2
24,03,16,1,阪神,7,03,未勝利,7,ダ,1,1200,良,カゲロウ          ,牡,3,和田竜二,57.0,16,04,13,13,0,1.8,7,75.3,"1153",0,0,0,4,5,39.5,502,角田晃一,栗,0,21104397,01018,01121,0924170304,市川義美ホールディ,フジワラフアーム,ニューイヤーズデイ,オールザットジャズ,タニノギムレット,鹿毛,210326,   17.3,  ,    ,40.6
24,03,16,1,阪神,7,03,未勝利,7,ダ,1,1200,良,フレイミングパイ  ,牝,3,柴田裕一,52.0,16,05,3,3,0,0.4,6,73.9,"1139",0,0,0,2,2,38.7,436,中竹和也,栗,140,21106936,01212,01039,0924170305,薪浦亨,松浦牧場,リアルインパクト,レディオブフレイム,パイロ,鹿毛,210419,   17.0,  ,    ,41.0
24,03,16,1,阪神,7,03,未勝利,7,ダ,1,1200,良,ウイントールキン  ,牡,3,ムルザバ,57.0,16,06,10,10,0,1.8,2,75.3,"1153",0,0,0,11,11,38.5,486,西園正都,栗,0,21101525,05627,01028,0924170306,佐藤弘樹,シンボリ牧場,ドレフォン,シンボリバーグ,ダイワメジャー,栗毛,210223,    4.6,  ,    ,45.6
24,03,16,1,阪神,7,03,未勝利,7,ダ,1,1200,良,ハクサンクリスタル,牝,3,酒井学,55.0,16,07,6,6,0,1.3,8,74.8,"1148",0,0,0,6,7,38.8,438,高橋一哉,栗,0,21100883,01034,01206,0924170307,河崎五市,中村雅明,ハクサンムーン,ヒシアメジスト,ゴールドアリュール,鹿毛,210303,   19.6,  ,    ,42.8
24,03,16,1,阪神,7,03,未勝利,7,ダ,1,1200,良,タイセイアレス    ,牡,3,岩田望来,57.0,16,08,2,2,0,0,1,73.5,"1135",0,0,0,1,1,38.3,470,西村真幸,栗,220,21105333,01174,01148,0924170308,田中成奉,ゼットステーブル,ベストウォーリア,ミアフィリア,ゴールドアリュール,栗毛,210405,    3.0,  ,    ,41.9
24,03,16,1,阪神,7,03,未勝利,7,ダ,1,1200,良,ミカンノハナ      ,牝,3,秋山稔樹,54.0,16,09,11,11,0,1.8,15,75.3,"1153",0,0,0,9,9,38.8,470,杉山佳明,栗,0,21102799,01181,01178,0924170309,平口信行,笹島智則,アニマルキングダム,フジクイーン,クロフネ,栗毛,210306,  498.5,  ,    ,44.1
24,03,16,1,阪神,7,03,未勝利,7,ダ,1,1200,良,ワイドステラ      ,牝,3,古川奈穂,51.0,16,10,12,12,0,1.8,12,75.3,"1153",0,0,0,11,11,38.5,450,寺島良,栗,0,21101522,01190,01158,0924170310,幅田昌伸,シンボリ牧場,ジャスタウェイ,ウタヒメ,"Mr. Greeley",鹿毛,210403,  136.6,  ,    ,45.6
24,03,16,1,阪神,7,03,未勝利,7,ダ,1,1200,良,マルヨファーザ    ,牝,3,荻野琢真,55.0,16,11,16,16,0,2.5,16,76,"1160",0,0,0,11,13,39.1,450,梅田智之,栗,0,21100807,01112,01084,0924170311,野村春行,鈴木武蔵,フリオーソ,マルヨカルボマキ,ゴールドアリュール,栗毛,210405,  607.9,  ,    ,44.4
24,03,16,1,阪神,7,03,未勝利,7,ダ,1,1200,良,リリーエクスプレス,牡,3,鮫島克駿,57.0,16,12,4,4,0,0.4,5,73.9,"1139",0,0,0,6,5,37.9,546,茶木太樹,栗,83,21101470,01157,01181,0924170312,土井孝夫,庄野牧場,アジアエクスプレス,レッドプライム,スペシャルウィーク,鹿毛,210427,    7.0,  ,    ,45.0
24,03,16,1,阪神,7,03,未勝利,7,ダ,1,1200,良,エクレシア        ,牝,3,藤岡佑介,55.0,16,13,15,15,0,2.2,9,75.7,"1157",0,0,0,16,16,37.4,478,西園翔太,栗,0,21106024,01093,01196,0924170313,OUMA,安達牧場,ヘンリーバローズ,ブルーロゼット,キングズベスト,鹿毛,210422,   60.7,  ,    ,52.4
24,03,16,1,阪神,7,03,未勝利,7,ダ,1,1200,良,ミキノクラップス  ,牡,3,田口貫太,56.0,16,14,1,1,0,0,4,73.5,"1135",0,0,0,3,3,37.8,450,大橋勇樹,栗,550,21102585,01208,01065,0924170314,谷口久和,浦河育成牧場,バトルプラン,ミキノモナコ,ディアブロ,鹿毛,210420,    6.0,  ,    ,44.4
24,03,16,1,阪神,7,03,未勝利,7,ダ,1,1200,良,ルクスルイナール  ,牝,3,吉村誠之,52.0,16,15,9,9,0,1.6,11,75.1,"1151",0,0,0,9,9,38.6,432,小崎憲,栗,0,21102060,01216,01085,0924170315,ルクス,豊洋牧場,シャンハイボビー,スマートアムール,ダイワメジャー,青鹿,210418,  124.5,  ,    ,44.6
24,03,16,1,阪神,7,03,未勝利,7,ダ,1,1200,良,ヒロアプリオリ    ,牡,3,小崎綾也,57.0,16,16,7,7,0,1.5,13,75,"1150",0,0,0,14,14,37.6,448,川村禎彦,栗,0,21101954,01152,01003,0924170316,石川博,広富牧場,サンダースノー,ナリタカサブランカ,ディープインパクト,鹿毛,210410,  414.3,  ,    ,49.5
24,03,16,1,阪神,7,04,未勝利,7,ダ,1,2000,良,アーマルコライト  ,牡,3,ムルザバ,57.0,11,01,3,3,0,0.4,1,129.9,"2099",0,4,3,4,4,38.8,510,寺島良,栗,140,21105811,05627,01158,0924170401,キャロットファーム,ノーザンファーム,ジャスタウェイ,ムーングロウ,Nayef,鹿毛,210414,    1.3,  ,    ,50.6
24,03,16,1,阪神,7,04,未勝利,7,ダ,1,2000,良,オウケンシルヴァー,牡,3,原田和真,57.0,11,02,5,5,0,0.7,9,130.2,"2102",0,6,6,5,7,38.9,482,松永康利,美,55,21103017,01143,01093,0924170402,福井明,辻牧場,ニューイヤーズデイ,メロウメロディ,キャプテンスティーヴ,栗毛,210320,  193.0,  ,    ,50.6
24,03,16,1,阪神,7,04,未勝利,7,ダ,1,2000,良,ゲームアップロード,牡,3,田口貫太,56.0,11,03,10,10,0,2.7,10,132.2,"2122",0,9,9,10,10,40.4,498,宗像義忠,美,0,21104898,01208,00420,0924170403,薗部博之,社台コーポレーショ,ロードカナロア,パシャドーラ,ハーツクライ,鹿毛,210219,  332.0,  ,    ,47.4
24,03,16,1,阪神,7,04,未勝利,7,ダ,1,2000,良,クリノフロンティア,牡,3,柴田裕一,54.0,11,04,11,11,0,4.1,11,133.6,"2136",0,11,11,11,11,40,414,河嶋宏樹,栗,0,21107297,01212,01198,0924170404,栗本博晴,日西牧場,フリオーソ,マヤノスターライト,ジェイドロバリー,栗毛,210425,  369.2,  ,    ,50.3
24,03,16,1,阪神,7,04,未勝利,7,ダ,1,2000,良,チョウゲンキ      ,牡,3,松若風馬,57.0,11,05,8,8,0,2.1,7,131.6,"2116",0,6,6,8,9,40.1,448,羽月友彦,栗,0,21106139,01154,01091,0924170405,丸山隆雄,上井農場,アドミラブル,クリノメダリスト,ステイゴールド,鹿毛,210413,   38.0,  ,    ,47.8
24,03,16,1,阪神,7,04,未勝利,7,ダ,1,2000,良,ホワイトリバー    ,牡,3,小沢大仁,56.0,11,06,4,4,0,0.6,8,130.1,"2101",0,10,10,8,7,38.6,442,武英智,栗,83,21100679,01185,01161,0924170406,桑田牧場,桑田牧場,サトノクラウン,サダムノンノ,ディープインパクト,鹿毛,210216,   61.4,  ,    ,51.6
24,03,16,1,阪神,7,04,未勝利,7,ダ,1,2000,良,ロサンゼルス      ,牡,3,岩田望来,57.0,11,07,9,9,0,2.3,5,131.8,"2118",0,2,2,2,2,40.9,522,伊藤圭三,美,0,21103711,01174,01023,0924170407,モンレーヴ,グランド牧場,カリフォルニアクローム,イチリュウ,キングヘイロー,鹿毛,210303,   26.3,  ,    ,45.2
24,03,16,1,阪神,7,04,未勝利,7,ダ,1,2000,良,トゥラッタッタ    ,牡,3,鮫島克駿,57.0,11,08,6,6,0,0.8,3,130.3,"2103",0,4,5,5,4,39.1,472,石坂公一,栗,0,21102973,01157,01166,0924170408,大塚亮一,辻牧場,デクラレーションオブウォー,クイーンマザー,ハーツクライ,鹿毛,210228,    8.3,  ,    ,50.0
24,03,16,1,阪神,7,04,未勝利,7,ダ,1,2000,良,メイショウモモタ  ,牡,3,藤岡佑介,57.0,11,09,1,1,0,-0.2,4,129.5,"2095",0,2,3,2,2,38.5,474,高橋義忠,栗,550,21102568,01093,01129,0924170409,松本好隆,赤田牧場,サンダースノー,メイショウスザンナ,アグネスデジタル,鹿毛,210515,   17.3,  ,    ,51.3
24,03,16,1,阪神,7,04,未勝利,7,ダ,1,2000,良,アウローラルミエル,牡,3,古川奈穂,53.0,11,10,7,7,0,1,6,130.5,"2105",0,1,1,1,1,39.8,508,田中克典,栗,0,21105183,01190,01180,0924170410,高橋正雄,社台ファーム,レッドファルクス,ピリカクル,オルフェーヴル,芦毛,210214,   33.4,  ,    ,47.7
24,03,16,1,阪神,7,04,未勝利,7,ダ,1,2000,良,グーヴェルナイユ  ,牡,3,Ｍ．デム,57.0,11,11,2,2,0,0.2,2,129.7,"2097",0,8,8,5,4,38.6,462,武幸四郎,栗,220,21106612,05212,01160,0924170411,ノースヒルズ,ノースヒルズ,キズナ,ヴィーゲンリート,Tiznow,黒鹿,210427,    5.2,  ,    ,51.1
24,03,16,1,阪神,7,05,未勝利,7,芝,8,2400,良,ベルベストランナー,牡,3,鮫島克駿,57.0,10,01,6,6,0,1.5,6,148.4,"2284",0,5,6,6,5,35.8,464,西村真幸,栗,0,21103591,01157,01148,0924170501,宮崎俊也,岡田牧場,リアルインパクト,スイートレッドキャット,"Bluegrass Cat",栗毛,210302,   22.4,  ,    ,54.8
24,03,16,1,阪神,7,05,未勝利,7,芝,8,2400,良,ラファミリア      ,牡,3,武豊,57.0,10,02,1,1,0,-0.1,5,146.9,"2269",0,1,1,1,1,34.6,500,矢作芳人,栗,550,21105348,00666,01075,0924170502,藤田晋,ノーザンファーム,レイデオロ,アイムユアーズ,ファルブラヴ,栗毛,210124,   10.4,  ,    ,58.2
24,03,16,1,阪神,7,05,未勝利,7,芝,8,2400,良,テイクザクラウン  ,牡,3,Ｍ．デム,57.0,10,03,3,3,0,0.1,1,147,"2270",0,3,3,3,3,34.5,448,吉村圭司,栗,140,21102379,05212,01130,0924170503,塚田義広,二風谷ファーム,サトノクラウン,アムールレジェンド,ディープインパクト,黒鹿,210402,    2.1,  ,    ,58.7
24,03,16,1,阪神,7,05,未勝利,7,芝,8,2400,良,コンフェルマ      ,牡,3,岩田望来,57.0,10,04,2,2,0,0.1,2,147,"2270",0,2,2,2,2,34.6,500,寺島良,栗,220,21105970,01174,01158,0924170504,近藤英子,レイクヴィラファー,エピファネイア,ブルーダイアモンド,ディープインパクト,鹿毛,210419,    2.9,  ,    ,58.3
24,03,16,1,阪神,7,05,未勝利,7,芝,8,2400,良,キタサンシデン    ,牡,3,藤岡佑介,57.0,10,05,7,7,0,1.8,3,148.7,"2287",0,10,10,6,7,35.8,512,本田優,栗,0,21107047,01093,01099,0924170505,大野商事,村田牧場,キタサンブラック,キタサンハルカゼ,マヤノトップガン,青鹿,210216,    6.4,  ,    ,55.1
24,03,16,1,阪神,7,05,未勝利,7,芝,8,2400,良,ピエスダルジャン  ,牡,3,ムルザバ,57.0,10,06,4,4,0,0.5,4,147.4,"2274",0,8,8,9,9,34.3,440,茶木太樹,栗,83,21104827,05627,01181,0924170506,シルクレーシング,社台コーポレーショ,ハービンジャー,アルジャンテ,ディープインパクト,芦毛,210204,    9.3,  ,    ,59.9
24,03,16,1,阪神,7,05,未勝利,7,芝,8,2400,良,エイシンローテイト,牡,3,松若風馬,57.0,10,07,8,8,0,1.8,9,148.7,"2287",0,4,4,4,3,36.2,504,高橋康之,栗,0,21103963,01154,01135,0924170507,栄進堂,曾我博,リアルインパクト,エーシンコンファー,Dynaformer,鹿毛,210403,  150.3,  ,    ,53.6
24,03,16,1,阪神,7,05,未勝利,7,芝,8,2400,良,ロンギングキイ    ,牝,3,吉村誠之,52.0,10,08,5,5,0,0.7,8,147.6,"2276",0,7,6,6,7,34.7,468,新谷功一,栗,55,21106897,01216,01172,0924170508,坂本浩一,細川農場,ロンギングダンサー,プトラナ,ノヴェリスト,鹿毛,210312,  105.4,  ,    ,58.5
24,03,16,1,阪神,7,05,未勝利,7,芝,8,2400,良,マサハヤヴォス    ,牡,3,田口貫太,56.0,10,09,9,9,0,2.1,7,149,"2290",0,5,4,5,6,36.3,442,今野貞一,栗,0,21105047,01208,01128,0924170509,ドリーム&Dream,社台ファーム,ロゴタイプ,サニーデイサンデー,ジャングルポケット,鹿毛,210301,   39.6,  ,    ,53.5
24,03,16,1,阪神,7,05,未勝利,7,芝,8,2400,良,ルージュセレスト  ,牝,3,古川奈穂,51.0,10,10,10,10,0,2.2,10,149.1,"2291",0,9,9,10,10,35.2,478,池江泰寿,栗,0,21105490,01190,01071,0924170510,東京ホースレーシン,ノーザンファーム,シュヴァルグラン,ギエナー,"Redoute's Choice",鹿毛,210215,  180.3,  ,    ,57.9
24,03,16,1,阪神,7,06,１勝ｸﾗｽ*,23,芝,0,1200,良,エクストラバック  ,牡,3,田口貫太,56.0,10,01,7,7,0,0.9,6,69.6,"1096",0,0,0,8,8,34.8,486,西園正都,栗,0,21110023,01208,01028,0924170601,H.H.シェイク・ハム,Godolphin,Iffraaj,"Extra Mile",Frankel,鹿毛,210331,   20.2,  ,    ,50.0
24,03,16,1,阪神,7,06,１勝ｸﾗｽ*,23,芝,0,1200,良,バンドシェル      ,牡,3,鮫島克駿,57.0,10,02,4,4,0,0.3,1,69,"1090",0,0,0,7,7,34.3,476,西村真幸,栗,120,21102461,01157,01148,0924170602,馬場幸夫,雅牧場,バンドワゴン,ハッピーオーキッド,ルーラーシップ,鹿毛,210317,    2.8,  ,    ,51.2
24,03,16,1,阪神,7,06,１勝ｸﾗｽ*,23,芝,0,1200,良,ロードマイライフ  ,牡,3,ムルザバ,57.0,10,03,2,2,0,0.2,2,68.9,"1089",0,0,0,6,6,34.3,492,杉山晴紀,栗,310,21103312,05627,01157,0924170603,ロードホースクラブ,宮内牧場,ロードカナロア,フェリス,ジャングルポケット,鹿毛,210318,    3.8,  ,    ,50.9
24,03,16,1,阪神,7,06,１勝ｸﾗｽ*,23,芝,0,1200,良,ロータスワンド    ,牝,3,酒井学,55.0,10,04,10,10,0,1.4,10,70.1,"1101",0,0,0,10,10,34.9,456,中竹和也,栗,0,21106655,01034,01039,0924170604,前田晋二,ノースヒルズ,ロードカナロア,ルシュクル,サクラバクシンオー,鹿毛,210226,  121.3,  ,    ,50.9
24,03,16,1,阪神,7,06,１勝ｸﾗｽ*,23,芝,0,1200,良,イリスアスール    ,牝,3,Ｍ．デム,55.0,10,05,8,8,0,1.1,7,69.8,"1098",0,0,0,3,4,35.3,446,角田晃一,栗,0,21103493,05212,01121,0924170605,ノルマンディーサラ,岡田スタツド,イスラボニータ,クイックメール,タイキシャトル,鹿毛,210203,   26.0,  ,    ,47.7
24,03,16,1,阪神,7,06,１勝ｸﾗｽ*,23,芝,0,1200,良,ベネメレンティ    ,牝,3,松若風馬,55.0,10,06,6,6,0,0.7,8,69.4,"1094",0,0,0,8,8,34.6,436,河内洋,栗,0,21106648,01154,01072,0924170606,前田幸治,ノースヒルズ,ニューイヤーズデイ,ブルーモーメント,ダンスインザダーク,鹿毛,210504,   56.8,  ,    ,50.6
24,03,16,1,阪神,7,06,１勝ｸﾗｽ*,23,芝,0,1200,良,モンシュマン      ,牡,3,岩田康誠,57.0,10,07,3,3,0,0.2,3,68.9,"1089",0,0,0,5,4,34.4,464,上村洋行,栗,200,21105054,05203,01168,0924170607,社台レースホース,社台ファーム,ミッキーアイル,ザウェイアイアム,Thewayyouare,鹿毛,210323,    4.2,  ,    ,50.3
24,03,16,1,阪神,7,06,１勝ｸﾗｽ*,23,芝,0,1200,良,トーラスシャイン  ,牡,3,武豊,57.0,10,08,1,1,0,-0.2,5,68.7,"1087",0,0,0,1,1,34.5,472,田中克典,栗,780,21101654,00666,01180,0924170608,ゴドルフィン,ダーレー・ジャパン,ファインニードル,スターライト,ディープインパクト,栗毛,210429,    7.3,  ,    ,49.1
24,03,16,1,阪神,7,06,１勝ｸﾗｽ*,23,芝,0,1200,良,メイショウサチダケ,牡,3,和田竜二,57.0,10,09,5,5,0,0.4,4,69.1,"1091",0,0,0,2,2,34.8,482,鈴木孝志,栗,78,21103210,01018,01111,0924170609,松本好隆,まるとみ冨岡牧場,アドミラブル,メイショウハバネラ,アイルハヴアナザー,鹿毛,210406,    6.8,  ,    ,48.6
24,03,16,1,阪神,7,06,１勝ｸﾗｽ*,23,芝,0,1200,良,ラブコメディ      ,牝,3,岩田望来,55.0,10,10,9,9,0,1.2,9,69.9,"1099",0,0,0,3,3,35.5,436,寺島良,栗,0,21110087,01174,01158,0924170610,田邉滋久,"Lynch Bages Ltd &","No Nay Never","Sweet Charity",Myboycharlie,青毛,210321,   79.6,  ,    ,46.9
24,03,16,1,阪神,7,07,１勝ｸﾗｽ,23,ダ,1,1800,良,ペプチドソレイユ  ,牡,4,藤岡佑介,58.0,9,01,1,1,0,-0.3,3,114.5,"1545",0,2,2,2,2,37.7,502,武英智,栗,800,20102095,01093,01161,0924170701,沼川一彦,ファーミングヤナキ,コパノリッキー,ペプチドヴィーナス,ワークフォース,鹿毛,200416,    5.8,  ,    ,51.9
24,03,16,1,阪神,7,07,１勝ｸﾗｽ,23,ダ,1,1800,良,ダノンペドロ      ,セ,4,ムルザバ,58.0,9,02,4,4,0,0.4,4,114.9,"1549",0,7,7,6,5,37.8,470,寺島良,栗,120,20103453,05627,01158,0924170702,ダノックス,ノーザンファーム,サトノダイヤモンド,セットスクエア,Reset,鹿毛,200413,    5.8,  ,    ,52.0
24,03,16,1,阪神,7,07,１勝ｸﾗｽ,23,ダ,1,1800,良,ワンダーウィルク  ,牡,5,和田竜二,58.0,9,03,6,6,0,0.6,6,115.1,"1551",0,4,4,3,4,38.2,512,今野貞一,栗,0,19103092,01018,01128,0924170703,山本能成,城地牧場,ザファクター,ワンダービーナス,バゴ,芦毛,190316,   11.6,  ,    ,50.7
24,03,16,1,阪神,7,07,１勝ｸﾗｽ,23,ダ,1,1800,良,モズタンジロウ    ,牡,5,松若風馬,58.0,9,04,5,5,0,0.5,5,115,"1550",0,5,5,7,7,37.7,492,牧田和弥,栗,80,19103776,01154,01123,0924170704,キャピタル・システ,谷川牧場,エイシンヒカリ,モズハツコイ,クロフネ,芦毛,190221,    9.8,  ,    ,52.5
24,03,16,1,阪神,7,07,１勝ｸﾗｽ,23,ダ,1,1800,良,クリノグローリー  ,牡,4,岩田望来,58.0,9,05,2,2,0,0.3,1,114.8,"1548",0,1,1,1,1,38.2,476,谷潔,栗,320,20102360,01174,00431,0924170705,栗本依利子,横井哲,ラブリーデイ,モエレエターナル,ゴールドヘイロー,栗毛,200503,    2.6,  ,    ,50.3
24,03,16,1,阪神,7,07,１勝ｸﾗｽ,23,ダ,1,1800,良,クラウドセイル    ,牡,4,吉村誠之,55.0,9,06,9,9,0,1.9,9,116.4,"1564",0,2,2,3,3,39.6,492,清水久詞,栗,0,20102552,01216,01110,0924170706,G1レーシング,追分ファーム,シルバーステート,クリッパールート,シンボリクリスエス,黒鹿,200421,  229.6,  ,    ,47.0
24,03,16,1,阪神,7,07,１勝ｸﾗｽ,23,ダ,1,1800,良,ケイアイメキラ    ,セ,4,亀田温心,58.0,9,07,3,3,0,0.3,7,114.8,"1548",0,5,5,5,5,37.7,460,村山明,栗,200,20104215,01176,01107,0924170707,亀田和弘,佐竹学,パイロ,ケイアイベローナ,クロフネ,鹿毛,200416,   51.6,  ,    ,52.3
24,03,16,1,阪神,7,07,１勝ｸﾗｽ,23,ダ,1,1800,良,クリノミニスター  ,牡,5,城戸義政,58.0,9,08,8,8,0,1.3,8,115.8,"1558",0,8,8,7,7,38.6,456,荒川義之,栗,0,19103285,01147,01095,0924170708,栗本守,三石川上牧場,シニスターミニスター,アイムヒアー,プリサイスエンド,鹿毛,190418,  190.2,  ,    ,50.0
24,03,16,1,阪神,7,07,１勝ｸﾗｽ,23,ダ,1,1800,良,ベファーナ        ,牝,4,鮫島克駿,56.0,9,09,7,7,0,1,2,115.5,"1555",0,9,9,9,9,38,496,松下武士,栗,0,20102757,01157,01149,0924170709,グリーンファーム,社台ファーム,エピファネイア,アーヴェイ,"Danehill Dancer",黒鹿,200428,    3.1,  ,    ,52.0
24,03,16,1,阪神,7,08,２勝ｸﾗｽ・牝,43,ダ,1,1800,良,テレパシー        ,牝,4,菱田裕二,56.0,15,01,9,9,0,0.7,5,114.7,"1547",0,5,4,5,7,39.1,516,石坂公一,栗,0,20104205,01144,01166,0924170801,石川達絵,桜井牧場,ドレフォン,ストック,キングカメハメハ,鹿毛,200411,   15.7,  ,    ,46.7
24,03,16,1,阪神,7,08,２勝ｸﾗｽ・牝,43,ダ,1,1800,良,オシゲ            ,牝,4,ムルザバ,56.0,15,02,4,4,0,0.3,1,114.3,"1543",0,8,8,7,7,38.5,474,須貝尚介,栗,170,20106642,05627,01105,0924170802,大和屋暁,辻牧場,ハービンジャー,オツウ,ハーツクライ,鹿毛,200420,    2.6,  ,    ,48.4
24,03,16,1,阪神,7,08,２勝ｸﾗｽ・牝,43,ダ,1,1800,良,レディーシス      ,牝,5,小崎綾也,56.0,15,03,6,6,0,0.5,14,114.5,"1545",0,5,6,4,3,39.1,424,小崎憲,栗,0,19106868,01152,01085,0924170803,谷和光彦,チャンピオンズファ,ブラックタイド,セレブデート,キングカメハメハ,鹿毛,190512,  477.4,  ,    ,46.4
24,03,16,1,阪神,7,08,２勝ｸﾗｽ・牝,43,ダ,1,1800,良,ランスオブサターン,牝,4,泉谷楓真,55.0,15,04,7,7,0,0.5,10,114.5,"1545",0,12,12,11,9,38.4,440,本田優,栗,0,20104772,01182,01099,0924170804,五影隆則,フジワラフアーム,キタサンブラック,マイティティー,エンパイアメーカー,鹿毛,200329,   56.6,  ,    ,49.1
24,03,16,1,阪神,7,08,２勝ｸﾗｽ・牝,43,ダ,1,1800,良,ピジョンブラッド  ,牝,5,和田竜二,56.0,15,05,8,8,0,0.6,9,114.6,"1546",0,5,7,7,5,38.8,506,荒川義之,栗,0,19100625,01018,01095,0924170805,ノースヒルズ,ノースヒルズ,パイロ,カスクドール,ダンスインザダーク,鹿毛,190413,   48.6,  ,    ,47.7
24,03,16,1,阪神,7,08,２勝ｸﾗｽ・牝,43,ダ,1,1800,良,タマモベローナ    ,牝,5,太宰啓介,56.0,15,06,5,5,0,0.3,13,114.3,"1543",0,1,1,1,1,39.2,496,高橋亮,栗,114,19100182,01037,01136,0924170806,タマモ,小泉牧場,マジェスティックウォリアー,タマモリド,ワイルドラッシュ,鹿毛,190218,  426.7,  ,    ,45.8
24,03,16,1,阪神,7,08,２勝ｸﾗｽ・牝,43,ダ,1,1800,良,ラブスピール      ,牝,7,松若風馬,56.0,15,07,11,11,0,0.9,12,114.9,"1549",0,10,9,9,12,38.9,450,森田直行,栗,0,17100415,01154,01142,0924170807,増田陽一,下河辺牧場,スピルバーグ,ブレンダ,"Rock of Gibraltar",鹿毛,170501,  137.4,  ,    ,47.7
24,03,16,1,阪神,7,08,２勝ｸﾗｽ・牝,43,ダ,1,1800,良,プメハナ          ,牝,4,藤岡佑介,56.0,15,08,1,1,0,-0.1,4,114,"1540",0,9,9,11,12,37.9,466,鮫島一歩,栗,1140,20105643,01093,01046,0924170808,ノースヒルズ,ノースヒルズ,エスケンデレヤ,ピンウィール,キングカメハメハ,栗毛,200411,    8.6,  ,    ,50.4
24,03,16,1,阪神,7,08,２勝ｸﾗｽ・牝,43,ダ,1,1800,良,タガノアレハンドラ,牝,4,鮫島克駿,56.0,15,09,12,12,0,1.6,7,115.6,"1556",0,14,12,13,12,39.5,494,西園翔太,栗,0,20105552,01157,01196,0924170809,八木良司,新冠タガノファーム,ホッコータルマエ,ミトス,エンパイアメーカー,鹿毛,200409,   23.3,  ,    ,46.3
24,03,16,1,阪神,7,08,２勝ｸﾗｽ・牝,43,ダ,1,1800,良,クリノクリスタル  ,牝,4,田口貫太,55.0,15,10,14,14,0,1.8,6,115.8,"1558",0,12,14,13,9,39.7,460,大橋勇樹,栗,0,20107081,01208,01065,0924170810,栗本守,浜本牧場,ブラックタイド,クリスタルキャノン,クロフネ,芦毛,200124,   22.0,  ,    ,45.8
24,03,16,1,阪神,7,08,２勝ｸﾗｽ・牝,43,ダ,1,1800,良,クリノニキータ    ,牝,7,小沢大仁,55.0,15,11,15,15,0,1.9,15,115.9,"1559",0,14,15,15,15,39.5,482,大根田裕,栗,0,17102145,01185,01032,0924170811,栗本博晴,村上牧場,ヴァンセンヌ,ヴェアリアスローズ,スターリングローズ,鹿毛,170527,  635.9,  ,    ,46.7
24,03,16,1,阪神,7,08,２勝ｸﾗｽ・牝,43,ダ,1,1800,良,ルナビス          ,牝,4,岩田望来,56.0,15,12,2,2,0,0.1,2,114.1,"1541",0,4,4,5,5,38.5,478,森田直行,栗,460,20106579,01174,01142,0924170812,阿部東亜子,谷川牧場,ディーマジェスティ,リトルジュン,クロフネ,鹿毛,200408,    3.7,  ,    ,48.2
24,03,16,1,阪神,7,08,２勝ｸﾗｽ・牝,43,ダ,1,1800,良,モルチャン        ,牝,4,武豊,56.0,15,13,10,10,0,0.9,3,114.9,"1549",0,10,11,9,9,38.8,498,武井亮,美,0,20101139,00666,01147,0924170813,TNレーシング,坂東牧場,ヘニーヒューズ,ヒアーズトウショウ,フジキセキ,栗毛,200126,    3.9,  ,    ,48.1
24,03,16,1,阪神,7,08,２勝ｸﾗｽ・牝,43,ダ,1,1800,良,スカンジナビア    ,牝,5,酒井学,56.0,15,14,3,3,0,0.2,8,114.2,"1542",0,2,2,2,2,39,486,安達昭夫,栗,290,19102794,01034,01042,0924170814,市川義美ホールディ,藤春修二,カレンブラックヒル,エメラルドコースト,ダンスインザダーク,栗毛,190518,   37.7,  ,    ,46.4
24,03,16,1,阪神,7,08,２勝ｸﾗｽ・牝,43,ダ,1,1800,良,チュウワモーニング,牝,4,池添謙一,56.0,15,15,13,13,0,1.6,11,115.6,"1556",0,2,3,3,3,40.2,452,小崎憲,栗,0,20101893,01032,01085,0924170815,中西忍,チャンピオンズファ,キズナ,モーニングリズ,Acatenango,黒鹿,200324,  122.2,  ,    ,43.8
24,03,16,1,阪神,7,09,淡路特Ｈ･2勝,43,芝,8,2600,良,セツメンノトビウオ,牡,7,川須栄彦,53.0,9,01,8,8,0,0.6,9,160.8,"2408",0,2,2,2,2,35.2,470,牧田和弥,栗,0,17102171,01128,01123,0924170901,三宅勝俊,村田牧場,クロフネ,ダンシングハート,サンデーサイレンス,芦毛,170319,  206.7,  ,    ,57.0
24,03,16,1,阪神,7,09,淡路特Ｈ･2勝,43,芝,8,2600,良,バロッサヴァレー  ,牝,4,鮫島克駿,53.0,9,02,1,1,0,-0.1,1,160.2,"2402",0,3,3,4,4,34.3,458,高野友和,栗,1550,20103553,01157,01117,0924170902,シルクレーシング,ノーザンファーム,ハーツクライ,ピラミマ,"Unbridled's Song",鹿毛,200324,    2.8,  ,    ,60.1
24,03,16,1,阪神,7,09,淡路特Ｈ･2勝,43,芝,8,2600,良,ハーツオブシャカ  ,牡,6,岩田望来,56.0,9,03,4,4,0,0.3,5,160.5,"2405",0,4,3,3,3,34.7,474,鮫島一歩,栗,230,18106357,01174,01046,0924170903,"CHEVAL ATTACHE",辻牧場,ハーツクライ,ハワイアンローズ,キングカメハメハ,鹿毛,180224,   12.4,  ,    ,58.8
24,03,16,1,阪神,7,09,淡路特Ｈ･2勝,43,芝,8,2600,良,アスカノミライ    ,牡,6,中井裕二,55.0,9,04,2,2,0,0.1,7,160.3,"2403",0,5,5,6,7,34.2,526,川村禎彦,栗,620,18100967,01141,01003,0924170904,豊田智郎,広富牧場,リオンディーズ,ロトクルーザー,クロフネ,黒鹿,180317,   26.2,  ,    ,60.6
24,03,16,1,阪神,7,09,淡路特Ｈ･2勝,43,芝,8,2600,良,リンフレスカンテ  ,牡,6,和田竜二,57.0,9,05,7,7,0,0.5,3,160.7,"2407",0,6,5,6,4,34.8,446,宮本博,栗,0,18104797,01018,01073,0924170905,名古屋友豊,社台ファーム,ルーラーシップ,マルカサワヤカ,サンデーサイレンス,黒鹿,180516,    3.8,  ,    ,58.5
24,03,16,1,阪神,7,09,淡路特Ｈ･2勝,43,芝,8,2600,良,ジェンヌ          ,牝,5,Ｍ．デム,54.0,9,06,9,9,0,1,6,161.2,"2412",0,9,9,5,4,35.3,426,安達昭夫,栗,0,19105480,05212,01042,0924170906,エムズレーシング,ノーザンファーム,ディープインパクト,ユーロシャーリーン,Myboycharlie,鹿毛,190211,   17.0,  ,    ,57.0
24,03,16,1,阪神,7,09,淡路特Ｈ･2勝,43,芝,8,2600,良,ヴェルミセル      ,牝,4,武豊,53.0,9,07,5,5,0,0.4,2,160.6,"2406",0,8,7,8,9,34.2,454,吉村圭司,栗,155,20103945,00666,01130,0924170907,ノルマンディーサラ,岡田スタツド,ゴールドシップ,マルーンドロップ,コンデュイット,栗毛,200404,    3.7,  ,    ,60.9
24,03,16,1,阪神,7,09,淡路特Ｈ･2勝,43,芝,8,2600,良,マイネルメサイア  ,牡,5,菱田裕二,54.0,9,08,6,6,0,0.4,4,160.6,"2406",0,1,1,1,1,35,480,水野貴広,美,0,19100788,01144,01094,0924170908,サラブレッドクラブ,ビッグレッドファー,ゴールドシップ,マイネソルシエール,ロージズインメイ,芦毛,190408,    6.2,  ,    ,57.7
24,03,16,1,阪神,7,09,淡路特Ｈ･2勝,43,芝,8,2600,良,レッドエンヴィー  ,牡,8,田口貫太,54.0,9,09,3,3,0,0.2,8,160.4,"2404",0,7,7,8,7,34.2,514,坂口智康,栗,390,16104519,01208,01170,0924170909,東京ホースレーシン,ノーザンファーム,ジャスタウェイ,スタイルリスティック,"Storm Cat",鹿毛,160411,   29.3,  ,    ,60.7
24,03,16,1,阪神,7,10,淀屋橋Ｓ･3勝,67,芝,0,1200,良,ロードラスター    ,牡,6,藤岡佑介,58.0,16,01,8,8,0,0.4,11,68.7,"1087",0,0,0,14,14,33.1,522,千田輝彦,栗,0,18102585,01093,01120,0924171001,ロードホースクラブ,ケイアイファーム,リオンディーズ,スターコレクション,アグネスタキオン,青鹿,180315,   24.9,  ,    ,57.6
24,03,16,1,阪神,7,10,淀屋橋Ｓ･3勝,67,芝,0,1200,良,マイネルレノン    ,牡,5,松若風馬,58.0,16,02,10,10,0,0.5,8,68.8,"1088",0,0,0,3,3,34.4,478,宮徹,栗,0,19100751,01154,01018,0924171002,サラブレッドクラブ,ビッグレッドファー,ダイワメジャー,コスモルーシー,マイネルラヴ,栗毛,190206,   11.9,  ,    ,50.0
24,03,16,1,阪神,7,10,淀屋橋Ｓ･3勝,67,芝,0,1200,良,ウォータールグラン,牝,5,菱田裕二,56.0,16,03,4,4,0,0.1,2,68.4,"1084",0,0,0,1,1,34.6,504,河内洋,栗,280,19102786,01144,01072,0924171003,山岡正人,伏木田牧場,ダイワメジャー,ウォーターパイパー,"Tale of the Cat",鹿毛,190321,    6.0,  ,    ,47.7
24,03,16,1,阪神,7,10,淀屋橋Ｓ･3勝,67,芝,0,1200,良,ラキエータ        ,牝,5,武豊,56.0,16,04,2,2,0,0.1,5,68.4,"1084",0,0,0,8,5,33.7,436,音無秀孝,栗,740,19104525,00666,01002,0924171004,シルクレーシング,社台コーポレーショ,キンシャサノキセキ,ウィルパワー,キングカメハメハ,鹿毛,190201,    9.7,  ,    ,53.0
24,03,16,1,阪神,7,10,淀屋橋Ｓ･3勝,67,芝,0,1200,良,サニーオーシャン  ,セ,6,中井裕二,58.0,16,05,14,14,0,1.1,14,69.4,"1094",0,0,0,14,14,33.8,450,杉浦宏昭,美,0,18103296,01141,01008,0924171005,海原聖一,林農場,ゼンノロブロイ,ヨドノグレイス,バゴ,鹿毛,180430,  297.0,  ,    ,55.3
24,03,16,1,阪神,7,10,淀屋橋Ｓ･3勝,67,芝,0,1200,良,シュヴェルトライテ,牝,5,Ｍ．デム,56.0,16,06,6,6,0,0.2,9,68.5,"1085",0,0,0,6,5,33.8,440,池上昌和,美,0,19105760,05212,01150,0924171006,ノルマンディーサラ,岡田スタツド,マツリダゴッホ,シュヴァリエ,フレンチデピュティ,栗毛,190404,   13.3,  ,    ,52.7
24,03,16,1,阪神,7,10,淀屋橋Ｓ･3勝,67,芝,0,1200,良,エイシンフェンサー,牝,4,川又賢治,56.0,16,07,3,3,0,0.1,7,68.4,"1084",0,0,0,2,2,34.1,474,吉村圭司,栗,460,20100105,01166,01130,0924171007,栄進堂,木田牧場,ファインニードル,エーシンパナギア,エイシンサンディ,黒鹿,200429,   11.6,  ,    ,50.6
24,03,16,1,阪神,7,10,淀屋橋Ｓ･3勝,67,芝,0,1200,良,ソウテン          ,牡,5,ムルザバ,58.0,16,08,1,1,0,-0.1,6,68.3,"1083",0,0,0,11,9,33.1,524,斉藤崇史,栗,1840,19105459,05627,01151,0924171008,林正道,ノーザンファーム,ロードカナロア,ミスドバウィ,Dubawi,鹿毛,190417,   10.0,  ,    ,56.3
24,03,16,1,阪神,7,10,淀屋橋Ｓ･3勝,67,芝,0,1200,良,シュアーヴアリア  ,牝,6,池添謙一,56.0,16,09,0,0,1,999.9,0,0,"----",0,0,0,0,0,0,0,矢嶋大樹,美,0,18100756,01032,01202,0924171009,ディアレストクラブ,ディアレストクラブ,ゴールドシップ,スズノネイロ,デュランダル,黒鹿,180401,    0.0,  ,    , 0.0
24,03,16,1,阪神,7,10,淀屋橋Ｓ･3勝,67,芝,0,1200,良,ミルトクレイモー  ,牡,4,岩田望来,58.0,16,10,5,5,0,0.2,1,68.5,"1085",0,0,0,6,8,33.7,516,中村直也,栗,184,20100815,01174,01186,0924171010,永山勝敏,大北牧場,バゴ,ウートゥルメール,マンハッタンカフェ,鹿毛,200316,    4.6,  ,    ,53.3
24,03,16,1,阪神,7,10,淀屋橋Ｓ･3勝,67,芝,0,1200,良,シゲルカチョウ    ,牝,6,酒井学,56.0,16,11,15,15,0,1.3,12,69.6,"1096",0,0,0,3,3,35.1,514,高橋康之,栗,0,18100025,01034,01135,0924171011,關美和,天羽牧場,マクフィ,ジーニマジック,ダイワメジャー,鹿毛,180325,   41.0,  ,    ,48.3
24,03,16,1,阪神,7,10,淀屋橋Ｓ･3勝,67,芝,0,1200,良,ハギノメーテル    ,牝,5,和田竜二,56.0,16,12,11,11,0,0.6,13,68.9,"1089",0,0,0,10,9,33.9,490,寺島良,栗,0,19100653,01018,01158,0924171012,日隈良江,ノースヒルズ,サトノアラジン,ハギノナトゥーラ,ダイワメジャー,黒鹿,190317,   69.6,  ,    ,53.2
24,03,16,1,阪神,7,10,淀屋橋Ｓ･3勝,67,芝,0,1200,良,ハギノモーリス    ,牡,5,藤懸貴志,58.0,16,13,9,9,0,0.4,4,68.7,"1087",0,0,0,11,12,33.5,490,高野友和,栗,0,19100652,01138,01117,0924171013,日隈良江,ノースヒルズ,モーリス,ハギノエスカーダ,タートルボウル,鹿毛,190415,    7.6,  ,    ,55.1
24,03,16,1,阪神,7,10,淀屋橋Ｓ･3勝,67,芝,0,1200,良,メイショウフンケイ,牡,6,小沢大仁,58.0,16,14,12,12,0,0.6,10,68.9,"1089",0,0,0,3,5,34.3,540,高橋亮,栗,0,18106552,01185,01136,0924171014,松本好雄,三嶋牧場,ダイワメジャー,メイショウスズラン,キングカメハメハ,栗毛,180328,   19.5,  ,    ,50.9
24,03,16,1,阪神,7,10,淀屋橋Ｓ･3勝,67,芝,0,1200,良,ブッシュガーデン  ,牝,5,鮫島克駿,56.0,16,15,13,13,0,1.1,3,69.4,"1094",0,0,0,9,9,34.4,462,武井亮,美,0,19109094,01157,01147,0924171015,那須野牧場,恵比寿興業株式会社,リオンディーズ,フリスコベイ,"Hard Spun",鹿毛,190306,    6.4,  ,    ,51.7
24,03,16,1,阪神,7,10,淀屋橋Ｓ･3勝,67,芝,0,1200,良,ワンスカイ        ,牡,7,田口貫太,58.0,16,16,7,7,0,0.4,15,68.7,"1087",0,0,0,13,12,33.4,518,斎藤誠,美,0,17100461,01208,01086,0924171016,平井裕,白井牧場,スウェプトオーヴァーボード,ナリタシークレット,フジキセキ,青鹿,170324,  308.6,  ,    ,55.7
24,03,16,1,阪神,7,11,若葉Ｓ(L),115,芝,0,2000,良,キープカルム      ,牡,3,鮫島克駿,57.0,10,01,3,3,0,0.1,2,119.8,"1598",0,6,7,7,7,34.1,480,中竹和也,栗,500,21105119,01157,01039,0924171101,前田晋二,社台ファーム,ロードカナロア,ダンスアミーガ,サクラバクシンオー,鹿毛,210408,    3.6,  ,    ,57.7
24,03,16,1,阪神,7,11,若葉Ｓ(L),115,芝,0,2000,良,ジューンテイク    ,牡,3,和田竜二,57.0,10,02,5,5,0,0.6,4,120.3,"2003",0,5,5,4,6,34.8,486,武英智,栗,200,21100913,01018,01161,0924171102,吉川潤,ヒダカフアーム,キズナ,アドマイヤサブリナ,シンボリクリスエス,黒鹿,210327,    4.6,  ,    ,55.3
24,03,16,1,阪神,7,11,若葉Ｓ(L),115,芝,0,2000,良,ミスタージーティー,牡,3,藤岡佑介,57.0,10,03,1,1,0,-0.1,1,119.7,"1597",0,4,3,4,4,34.2,472,矢作芳人,栗,2000,21105856,01093,01075,0924171103,田畑利彦,ノーザンファーム,ドゥラメンテ,リッスン,"Sadler's Wells",鹿毛,210325,    2.8,  ,    ,57.1
24,03,16,1,阪神,7,11,若葉Ｓ(L),115,芝,0,2000,良,レイワサンサン    ,牡,3,ムルザバ,57.0,10,04,7,7,0,1.3,7,121,"2010",0,9,9,9,9,35.2,486,高柳大輔,栗,0,21102406,05627,01159,0924171104,松岡研司,坂東牧場,スワーヴリチャード,カロンセギュール,"Forest Camp",黒鹿,210406,   35.3,  ,    ,54.5
24,03,16,1,阪神,7,11,若葉Ｓ(L),115,芝,0,2000,良,オルトパラティウム,牡,3,武豊,57.0,10,05,0,0,3,999.9,0,0,"----",0,0,0,0,0,0,494,安田翔伍,栗,0,21105056,00666,01164,0924171105,社台レースホース,社台ファーム,エピファネイア,ザレマ,ダンスインザダーク,栗毛,210423,    0.0,  ,    , 0.0
24,03,16,1,阪神,7,11,若葉Ｓ(L),115,芝,0,2000,良,ホウオウプロサンゲ,牡,3,菱田裕二,57.0,10,06,2,2,0,0.1,6,119.8,"1598",0,1,1,1,1,34.7,484,矢作芳人,栗,800,21105623,01144,01075,0924171106,小笹芳央,ノーザンファーム,キズナ,セルキス,Monsun,青鹿,210306,   22.2,  ,    ,55.1
24,03,16,1,阪神,7,11,若葉Ｓ(L),115,芝,0,2000,良,ミラキュラスドラマ,牡,3,Ｍ．デム,57.0,10,07,6,6,0,1.3,5,121,"2010",0,6,6,4,4,35.6,456,杉山晴紀,栗,0,21104923,05212,01157,0924171107,社台レースホース,社台コーポレーショ,エピファネイア,メルヴェイユドール,フジキセキ,鹿毛,210411,   19.8,  ,    ,52.8
24,03,16,1,阪神,7,11,若葉Ｓ(L),115,芝,0,2000,良,ノーブルスカイ    ,牡,3,松若風馬,57.0,10,08,8,8,0,2,9,121.7,"2017",0,2,2,2,2,36.5,466,高柳大輔,栗,0,21102256,01154,01159,0924171108,自由が丘サラブレッ,エトルタファーム,ネオユニヴァース,ホウショウワールド,"Sky Classic",黒鹿,210412,   57.4,  ,    ,50.0
24,03,16,1,阪神,7,11,若葉Ｓ(L),115,芝,0,2000,良,パシフィックルート,牡,3,池添謙一,57.0,10,09,9,9,0,3.5,8,123.2,"2032",0,3,3,2,2,37.9,566,高野友和,栗,0,21102904,01032,01117,0924171109,ターフ・スポート,谷川牧場,ロードカナロア,ファンディーナ,ディープインパクト,鹿毛,210211,   36.3,  ,    ,46.5
24,03,16,1,阪神,7,11,若葉Ｓ(L),115,芝,0,2000,良,アドマイヤテラ    ,牡,3,岩田望来,57.0,10,10,4,4,0,0.3,3,120,"2000",0,8,8,7,7,34.4,492,友道康夫,栗,300,21105369,01174,01061,0924171110,近藤旬子,ノーザンファーム,レイデオロ,アドマイヤミヤビ,ハーツクライ,芦毛,210207,    4.0,  ,    ,56.6
24,03,16,1,阪神,7,12,１勝ｸﾗｽ,23,ダ,1,1400,良,サンライズフォルス,牡,4,藤懸貴志,58.0,14,01,8,8,0,0.9,5,86.3,"1263",0,0,0,1,1,38.6,502,羽月友彦,栗,0,20101535,01138,01091,0924171201,ライフハウス,下河辺牧場,マクフィ,アンセミス,ハーツクライ,栗毛,200201,    8.2,  ,    ,42.7
24,03,16,1,阪神,7,12,１勝ｸﾗｽ,23,ダ,1,1400,良,ナチュラルリバー  ,牡,4,鮫島克駿,58.0,14,02,2,2,0,0.1,11,85.5,"1255",0,0,0,3,3,37.4,466,武英智,栗,320,20102559,01157,01161,0924171202,吉田晴哉,追分ファーム,ルーラーシップ,シナノネージュ,フレンチデピュティ,鹿毛,200215,   49.3,  ,    ,46.5
24,03,16,1,阪神,7,12,１勝ｸﾗｽ,23,ダ,1,1400,良,カサブランカキッド,牡,4,岩田康誠,58.0,14,03,12,12,0,1.6,8,87,"1270",0,0,0,14,14,37.2,508,和田勇介,美,0,20104936,05203,01165,0924171203,山本雅道,社台ファーム,ドレフォン,ビーチパラソル,ダイワメジャー,栗毛,200303,   18.3,  ,    ,50.4
24,03,16,1,阪神,7,12,１勝ｸﾗｽ,23,ダ,1,1400,良,グレアミラージュ  ,牡,7,小牧太,58.0,14,04,9,9,0,1,10,86.4,"1264",0,0,0,13,13,37.1,478,笹田和秀,栗,0,17100426,00894,01104,0924171204,ヒダカ・ブリーダー,下河辺牧場,ディープブリランテ,マジックミラージュ,"Giant's Causeway",鹿毛,170502,   44.7,  ,    ,49.7
24,03,16,1,阪神,7,12,１勝ｸﾗｽ,23,ダ,1,1400,良,ジャーヴィス      ,牡,4,岩田望来,58.0,14,05,6,6,0,0.3,1,85.7,"1257",0,0,0,12,11,36.6,478,千田輝彦,栗,0,20103902,01174,01120,0924171205,ノルマンディーサラ,岡田スタツド,ビーチパトロール,ジェルヴェーズ,メイショウサムソン,黒鹿,200301,    3.3,  ,    ,50.6
24,03,16,1,阪神,7,12,１勝ｸﾗｽ,23,ダ,1,1400,良,サンライズスコール,牡,5,藤岡佑介,58.0,14,06,13,13,0,2,3,87.4,"1274",0,0,0,9,11,38.6,460,石坂公一,栗,0,19101621,01093,01166,0924171206,松岡隆雄,下河辺牧場,ザファクター,サンデーサンライズ,サンデーサイレンス,芦毛,190308,    6.8,  ,    ,44.8
24,03,16,1,阪神,7,12,１勝ｸﾗｽ,23,ダ,1,1400,良,スターザサンライズ,牝,5,泉谷楓真,55.0,14,07,10,10,0,1.1,14,86.5,"1265",0,0,0,8,8,38,448,小椋研介,栗,0,19101624,01182,01197,0924171207,ライフハウス,下河辺牧場,ロードカナロア,シャンパンフルート,クロフネ,芦毛,190127,  248.4,  ,    ,45.7
24,03,16,1,阪神,7,12,１勝ｸﾗｽ,23,ダ,1,1400,良,マーゴットレーヴ  ,牝,4,ムルザバ,56.0,14,08,11,11,0,1.4,6,86.8,"1268",0,0,0,9,9,38.1,456,伊坂重信,美,0,20105813,05627,01177,0924171208,前田良平,プログレスファーム,エスポワールシチー,シリカ,メイショウボーラー,栗毛,200322,   12.9,  ,    ,45.9
24,03,16,1,阪神,7,12,１勝ｸﾗｽ,23,ダ,1,1400,良,グァルジャー      ,牝,4,田口貫太,55.0,14,09,14,14,0,2.3,12,87.7,"1277",0,0,0,3,3,39.7,470,吉田直弘,栗,0,20104171,01208,01101,0924171209,二口雅一,サカイファーム,アメリカンペイトリオット,ジアトレーゼ,ティンバーカントリー,芦毛,200331,   91.9,  ,    ,40.7
24,03,16,1,阪神,7,12,１勝ｸﾗｽ,23,ダ,1,1400,良,ナッカーフェイス  ,牡,5,亀田温心,58.0,14,10,3,3,0,0.1,13,85.5,"1255",0,0,0,6,6,37.2,444,北出成人,栗,200,19100110,01176,01078,0924171210,STレーシング,オリエント牧場,シニスターミニスター,ジュンユーミン,キングカメハメハ,鹿毛,190216,  100.9,  ,    ,47.4
24,03,16,1,阪神,7,12,１勝ｸﾗｽ,23,ダ,1,1400,良,ウェザーコック    ,牡,4,菱田裕二,58.0,14,11,7,7,0,0.8,9,86.2,"1262",0,0,0,5,3,38.1,436,岡田稲男,栗,0,20101850,01144,01066,0924171211,ゴドルフィン,ダーレー・ジャパン,タリスマニック,レッドフェザー,ディープスカイ,鹿毛,200201,   27.6,  ,    ,44.7
24,03,16,1,阪神,7,12,１勝ｸﾗｽ,23,ダ,1,1400,良,ストロンゲスト    ,牡,5,松若風馬,58.0,14,12,5,5,0,0.3,4,85.7,"1257",0,0,0,11,9,36.9,478,羽月友彦,栗,80,19103780,01154,01091,0924171212,阿部東亜子,谷川牧場,ディーマジェスティ,リトルジュン,クロフネ,芦毛,190423,    8.2,  ,    ,49.2
24,03,16,1,阪神,7,12,１勝ｸﾗｽ,23,ダ,1,1400,良,ウインバリオス    ,牡,5,Ｍ．デム,58.0,14,13,4,4,0,0.2,7,85.6,"1256",0,0,0,6,6,37.2,480,吉田直弘,栗,120,19100195,05212,01101,0924171213,ウイン,コスモヴューファー,ドゥラメンテ,ウインアキレア,コンデュイット,鹿毛,190316,   15.9,  ,    ,47.6
24,03,16,1,阪神,7,12,１勝ｸﾗｽ,23,ダ,1,1400,良,ハクサンバード    ,牡,4,鮫島良太,58.0,14,14,1,1,0,-0.1,2,85.4,"1254",0,0,0,2,2,37.6,486,高橋一哉,栗,800,20100792,01099,01206,0924171214,河崎五市,鮫川啓一,ハクサンムーン,ハクサンサマー,サマーバード,栗毛,200303,    3.7,  ,    ,45.3
24,03,17,1,阪神,8,01,未勝利・牝,7,ダ,1,1800,良,インセンブレ      ,牝,3,小沢大仁,54.0,10,01,10,10,0,3.3,8,120.6,"2006",0,6,6,8,8,40.9,456,高橋康之,栗,0,21100042,01185,01135,0924180101,阿部東亜子,沖田忠幸,サトノクラウン,フロンサック,ワークフォース,黒鹿,210413,  178.8,  ,    ,47.4
24,03,17,1,阪神,8,01,未勝利・牝,7,ダ,1,1800,良,ミルフルール      ,牝,3,荻野極,55.0,10,02,5,5,0,1.1,5,118.4,"1584",0,3,3,3,4,39.1,458,伊坂重信,美,55,21100614,01160,01177,0924180102,保坂和孝,大島牧場,ホッコータルマエ,デイジーギャル,ブラックタイド,黒鹿,210307,   20.6,  ,    ,51.4
24,03,17,1,阪神,8,01,未勝利・牝,7,ダ,1,1800,良,ルージュプリエール,牝,3,田口貫太,54.0,10,03,9,9,0,1.7,7,119,"1590",0,8,8,8,8,39.3,404,松永幹夫,栗,0,21107233,01208,01092,0924180103,東京ホースレーシン,奥山牧場,レイデオロ,アンジュパッセ,Shamardal,栗毛,210303,   47.2,  ,    ,51.4
24,03,17,1,阪神,8,01,未勝利・牝,7,ダ,1,1800,良,ジューンナデシコ  ,牝,3,長岡禎仁,55.0,10,04,3,3,0,0.4,9,117.7,"1577",0,5,5,3,4,38.4,472,杉山佳明,栗,140,21100922,01142,01178,0924180104,吉川潤,ヒダカフアーム,エイシンヒカリ,ジューンアイリス,ダンカーク,芦毛,210313,  193.0,  ,    ,53.3
24,03,17,1,阪神,8,01,未勝利・牝,7,ダ,1,1800,良,ワクワクドリーム  ,牝,3,岡部誠,55.0,10,05,8,8,0,1.6,10,118.9,"1589",0,10,10,6,4,39.5,492,宮本博,栗,0,21100748,05171,01073,0924180105,上山牧,高昭牧場,リアルインパクト,ライブザドリーム,シニスターミニスター,栗毛,210425,  210.9,  ,    ,50.5
24,03,17,1,阪神,8,01,未勝利・牝,7,ダ,1,1800,良,アマミツツキ      ,牝,3,西村淳也,55.0,10,06,1,1,0,-0.3,2,117.3,"1573",0,3,3,3,3,38.1,460,宮本博,栗,550,21103863,01171,01073,0924180106,サンデーヒルズ,サンデーヒルズ,レイデオロ,ダイヤモンドムーン,マンハッタンカフェ,黒鹿,210316,    3.8,  ,    ,53.9
24,03,17,1,阪神,8,01,未勝利・牝,7,ダ,1,1800,良,ナムラリーナ      ,牝,3,和田竜二,55.0,10,07,2,2,0,0.3,3,117.6,"1576",0,1,1,1,1,38.6,496,川村禎彦,栗,220,21104304,01018,01003,0924180107,奈村睦弘,八田ファーム,アニマルキングダム,ナムラオツウ,ディープインパクト,鹿毛,210419,    3.8,  ,    ,52.3
24,03,17,1,阪神,8,01,未勝利・牝,7,ダ,1,1800,良,ルヴォンサンライズ,牝,3,古川奈穂,51.0,10,08,6,6,0,1.2,6,118.5,"1585",0,9,9,10,8,38.7,462,平田修,栗,0,21102464,01190,01082,0924180108,松岡隆雄,雅牧場,ニューイヤーズデイ,ハニーメロンチャン,サウスヴィグラス,栗毛,210414,   33.1,  ,    ,53.1
24,03,17,1,阪神,8,01,未勝利・牝,7,ダ,1,1800,良,フレーズタルト    ,牝,3,酒井学,55.0,10,09,7,7,0,1.2,4,118.5,"1585",0,6,6,6,7,39,474,長谷川浩,栗,0,21100742,01034,01173,0924180109,高昭牧場,高昭牧場,ホッコータルマエ,ボリード,ディープインパクト,鹿毛,210424,   13.8,  ,    ,51.9
24,03,17,1,阪神,8,01,未勝利・牝,7,ダ,1,1800,良,ダイヤモンドレイン,牝,3,ムルザバ,55.0,10,10,4,4,0,0.7,1,118,"1580",0,2,2,2,2,38.9,486,池添学,栗,83,21105577,05627,01144,0924180110,サンデーレーシング,ノーザンファーム,サトノダイヤモンド,シーウィルレイン,"Manhattan Rain",鹿毛,210123,    1.8,  ,    ,51.7
24,03,17,1,阪神,8,02,未勝利,7,ダ,1,1400,良,クリノキングマン  ,牡,3,酒井学,57.0,16,01,3,3,0,0.4,6,86.1,"1261",0,0,0,1,1,38.1,496,高橋康之,栗,140,21101431,01034,01135,0924180201,栗本依利子,下河辺牧場,ラブリーデイ,フィリス,アフリート,鹿毛,210415,   28.6,  ,    ,44.5
24,03,17,1,阪神,8,02,未勝利,7,ダ,1,1400,良,テイエムドルオー  ,牡,3,荻野琢真,57.0,16,02,11,11,0,3.3,16,89,"1290",0,0,0,15,16,38.7,434,木原一良,栗,0,21102039,01112,01033,0924180202,竹園正繼,宝寄山拓樹,ドレフォン,ウインアイスバーグ,ステイゴールド,鹿毛,210421,  393.9,  ,    ,47.5
24,03,17,1,阪神,8,02,未勝利,7,ダ,1,1400,良,カルパ            ,牡,3,川田将雅,57.0,16,03,1,1,0,-0.2,1,85.7,"1257",0,0,0,3,4,37.3,432,須貝尚介,栗,550,21105736,01088,01105,0924180203,金子真人ホールディ,ノーザンファーム,モーリス,ブチコ,キングカメハメハ,白毛,210213,    2.4,  ,    ,47.3
24,03,17,1,阪神,8,02,未勝利,7,ダ,1,1400,良,ワンモアビスケット,牝,3,菅原明良,55.0,16,04,15,15,0,4.7,9,90.4,"1304",0,0,0,10,12,40.8,456,緒方努,栗,0,21103540,01179,01193,0924180204,ノルマンディーサラ,岡田スタツド,マインドユアビスケッツ,ヘレナモルフォ,ジャングルポケット,栗毛,210308,   61.5,  ,    ,41.2
24,03,17,1,阪神,8,02,未勝利,7,ダ,1,1400,良,フィリール        ,牡,3,松若風馬,57.0,16,05,4,4,0,1.5,11,87.2,"1272",0,0,0,8,7,38.3,502,小崎憲,栗,83,21101765,01154,01085,0924180205,インゼルレーシング,チャンピオンズファ,ドレフォン,ヤマン,ハービンジャー,栗毛,210325,  113.2,  ,    ,45.8
24,03,17,1,阪神,8,02,未勝利,7,ダ,1,1400,良,ウインアルドーレ  ,牡,3,岩田望来,57.0,16,06,2,2,0,0.2,5,85.9,"1259",0,0,0,2,2,37.7,468,西園翔太,栗,220,21106192,01174,01196,0924180206,ウイン,コスモヴューファー,ビーチパトロール,アルデュール,フレンチデピュティ,黒鹿,210521,   16.1,  ,    ,45.9
24,03,17,1,阪神,8,02,未勝利,7,ダ,1,1400,良,デクランシェ      ,牡,3,ムルザバ,57.0,16,07,7,7,0,2.2,8,87.9,"1279",0,0,0,13,14,37.9,458,寺島良,栗,0,21102712,05627,01158,0924180207,杉山忠国,杵臼牧場,ルーラーシップ,キュイキュイ,ハービンジャー,鹿毛,210129,   47.2,  ,    ,48.9
24,03,17,1,阪神,8,02,未勝利,7,ダ,1,1400,良,シンゼンハチマン  ,牡,3,岡部誠,57.0,16,08,9,9,0,2.8,15,88.5,"1285",0,0,0,9,9,39.1,484,飯田祐史,栗,0,21103613,05171,01139,0924180208,原司郎,岡田牧場,デクラレーションオブウォー,ラタンペットロゼ,ストーミングホーム,黒鹿,210226,  372.5,  ,    ,44.8
24,03,17,1,阪神,8,02,未勝利,7,ダ,1,1400,良,エーケーリターン  ,牡,3,城戸義政,57.0,16,09,16,16,0,5.3,14,91,"1310",0,0,0,3,5,42.6,460,奥村豊,栗,0,21101381,01147,01146,0924180209,桂土地,下河辺牧場,ストロングリターン,オンファロス,ディープインパクト,鹿毛,210316,  302.7,  ,    ,35.2
24,03,17,1,阪神,8,02,未勝利,7,ダ,1,1400,良,テイエムキャニー  ,牝,3,太宰啓介,55.0,16,10,13,13,0,3.6,13,89.3,"1293",0,0,0,13,10,39.4,430,畑端省吾,栗,0,21106720,01037,01188,0924180210,竹園正繼,パカパカファーム,フリオーソ,アンキャニー,アグネスタキオン,栗毛,210330,  184.0,  ,    ,45.0
24,03,17,1,阪神,8,02,未勝利,7,ダ,1,1400,良,リアルモハメド    ,牡,3,吉村誠之,54.0,16,11,14,14,0,3.9,7,89.6,"1296",0,0,0,12,12,39.8,494,清水久詞,栗,0,21100486,01216,01110,0924180211,杉山忠国,明治牧場,リオンディーズ,ジュエルクイーン,キンシャサノキセキ,青鹿,210518,   35.8,  ,    ,43.8
24,03,17,1,阪神,8,02,未勝利,7,ダ,1,1400,良,サンピアノソナタ  ,牝,3,西村淳也,55.0,16,12,10,10,0,2.8,3,88.5,"1285",0,0,0,6,5,39.8,446,佐々木晶,栗,0,21100074,01171,00429,0924180212,加藤ステーブル,片山牧場,ニューイヤーズデイ,ピアノボレロ,ダンスインザダーク,鹿毛,210227,    5.5,  ,    ,41.8
24,03,17,1,阪神,8,02,未勝利,7,ダ,1,1400,良,ラガークイン      ,牝,3,古川奈穂,51.0,16,13,8,8,0,2.4,4,88.1,"1281",0,0,0,15,14,37.9,404,大久保龍,栗,0,21105416,01190,01058,0924180213,奥村訓彦,ノーザンファーム,リアルインパクト,ウォークロニクル,ウォーエンブレム,青鹿,210311,   11.7,  ,    ,49.3
24,03,17,1,阪神,8,02,未勝利,7,ダ,1,1400,良,クレスコサンダー  ,牡,3,菱田裕二,57.0,16,14,5,5,0,1.5,2,87.2,"1272",0,0,0,3,3,38.8,488,緒方努,栗,55,21105322,01144,01193,0924180214,堀川三郎,青藍牧場,サンダースノー,プライマルスノー,Langfuhr,鹿毛,210406,    2.6,  ,    ,43.6
24,03,17,1,阪神,8,02,未勝利,7,ダ,1,1400,良,ヴィラコースト    ,牡,3,Ｍ．デム,57.0,16,15,6,6,0,2.2,10,87.9,"1279",0,0,0,10,10,38.2,468,牧田和弥,栗,0,21101948,05212,01123,0924180215,ディアレストクラブ,広富牧場,リオンディーズ,オースミアース,ハービンジャー,鹿毛,210208,  105.7,  ,    ,47.6
24,03,17,1,阪神,8,02,未勝利,7,ダ,1,1400,良,メイショウチュラカ,牝,3,田口貫太,54.0,16,16,12,12,0,3.5,12,89.2,"1292",0,0,0,6,8,40.3,466,大橋勇樹,栗,0,21103157,01208,01065,0924180216,松本好雄,林孝輝,サトノアラジン,メイショウボナール,ホワイトマズル,鹿毛,210414,  147.9,  ,    ,41.0
24,03,17,1,阪神,8,03,未勝利,7,ダ,1,1800,良,パカーラン        ,牡,3,川田将雅,57.0,11,01,1,1,0,-0.4,2,115.4,"1554",0,2,2,2,2,37.7,480,藤原英昭,栗,550,21105073,01088,01055,0924180301,金子真人ホールディ,社台ファーム,イスラボニータ,ジペッサ,"City Zip",鹿毛,210425,    2.4,  ,    ,53.1
24,03,17,1,阪神,8,03,未勝利,7,ダ,1,1800,良,アルヒジュル      ,牡,3,ムルザバ,57.0,11,02,6,6,0,2.4,7,117.8,"1578",0,4,3,3,4,39.9,494,斉藤崇史,栗,0,21105603,05627,01151,0924180302,G1レーシング,ノーザンファーム,アルアイン,スカーレットリング,シンボリクリスエス,黒鹿,210423,   19.7,  ,    ,47.6
24,03,17,1,阪神,8,03,未勝利,7,ダ,1,1800,良,サンティヨン      ,牡,3,田口貫太,56.0,11,03,7,7,0,2.5,6,117.9,"1579",0,8,8,9,8,39.1,434,大根田裕,栗,0,21100421,01208,01032,0924180303,奥裕嗣,前田ファーム,ブリックスアンドモルタル,スカイブルーダイヤ,ロードカナロア,黒鹿,210216,   14.1,  ,    ,50.8
24,03,17,1,阪神,8,03,未勝利,7,ダ,1,1800,良,デルママントラ    ,牡,3,太宰啓介,57.0,11,04,9,9,0,3.1,11,118.5,"1585",0,8,8,7,8,39.9,498,畑端省吾,栗,0,21101989,01037,01188,0924180304,浅沼廣幸,ファニーヒルファー,ストロングリターン,デルマセンヒメ,ワークフォース,鹿毛,210602,  351.4,  ,    ,48.5
24,03,17,1,阪神,8,03,未勝利,7,ダ,1,1800,良,アスクストライク  ,牡,3,酒井学,57.0,11,05,8,8,0,2.8,8,118.2,"1582",0,6,7,7,6,39.8,508,坂口智康,栗,0,21102317,01034,01170,0924180305,廣崎利洋,"ASK STUD",ルーラーシップ,ネヴァーピリオド,タイキシャトル,鹿毛,210310,   69.0,  ,    ,48.5
24,03,17,1,阪神,8,03,未勝利,7,ダ,1,1800,良,ベラジオラオウ    ,牡,3,岩田望来,57.0,11,06,2,2,0,0.4,1,115.8,"1558",0,1,1,1,1,38.5,470,上村洋行,栗,220,21105021,01174,01168,0924180306,林田祥来,社台ファーム,パイロ,グラッブユアダイヤ,ゴールドアリュール,鹿毛,210606,    2.2,  ,    ,50.4
24,03,17,1,阪神,8,03,未勝利,7,ダ,1,1800,良,エスオーライジング,牡,3,小沢大仁,56.0,11,07,4,4,0,1.2,10,116.6,"1566",0,3,3,3,4,38.7,466,木原一良,栗,83,21102631,01185,01033,0924180307,岡本昌市,オカモトファーム,ラブリーデイ,マッドアバウトユー,アルデバラン2,鹿毛,210328,  272.1,  ,    ,50.6
24,03,17,1,阪神,8,03,未勝利,7,ダ,1,1800,良,ザロック          ,牡,3,菅原明良,57.0,11,08,3,3,0,1.1,5,116.5,"1565",0,8,10,9,10,37.7,490,武井亮,美,140,21106845,01179,01147,0924180308,石瀬浩三,プログレスファーム,コパノリッキー,インシスト,シンボリクリスエス,鹿毛,210411,   12.7,  ,    ,54.5
24,03,17,1,阪神,8,03,未勝利,7,ダ,1,1800,良,ホームアンドドライ,牡,3,西村淳也,57.0,11,09,10,10,0,3.9,3,119.3,"1593",0,4,5,6,6,40.9,460,高柳大輔,栗,0,21103684,01171,01159,0924180309,広尾レース,木村秀則,シュヴァルグラン,セイリングホーム,Shamardal,栗毛,210506,   11.9,  ,    ,45.8
24,03,17,1,阪神,8,03,未勝利,7,ダ,1,1800,良,アオレレ          ,牡,3,和田竜二,57.0,11,10,5,5,0,2.1,4,117.5,"1575",0,6,6,3,3,39.6,438,鈴木孝志,栗,55,21100298,01018,01111,0924180310,中村忠彦,土居牧場,ラニ,ディーブラッド,ディープインパクト,鹿毛,210410,   12.1,  ,    ,48.4
24,03,17,1,阪神,8,03,未勝利,7,ダ,1,1800,良,メイショウイゾウ  ,牡,3,吉村誠之,54.0,11,11,11,11,0,4.9,9,120.3,"2003",0,11,11,11,11,40.8,478,笹田和秀,栗,0,21102552,01216,01104,0924180311,松本好雄,中脇一幸,ダンカーク,ヨシカワクン,アドマイヤムーン,芦毛,210522,   84.7,  ,    ,47.4
24,03,17,1,阪神,8,04,障害未勝利,7,ダ,3,2970,良,アスターディゴン  ,牡,5,黒岩悠,60.0,8,01,1,1,0,-2.3,1,200.4,"3204",0,2,2,2,1,13.5,490,中竹和也,栗,790,19103563,01072,01039,0924180401,加藤久枝,ガーベラパークスタ,キズナ,アースプレイ,ゼンノロブロイ,青鹿,190416,    1.7,  ,    , 0.0
24,03,17,1,阪神,8,04,障害未勝利,7,ダ,3,2970,良,ゴールドブリーズ  ,牡,6,石神深一,60.0,8,02,3,3,0,2.5,3,202.9,"3229",0,4,3,4,3,13.7,504,深山雅史,美,200,18102196,01059,01174,0924180402,居城寿与,北勝ファーム,トゥザワールド,ゴールドジャパン,スターリングローズ,鹿毛,180322,    6.6,  ,    , 0.0
24,03,17,1,阪神,8,04,障害未勝利,7,ダ,3,2970,良,ケンハービンジャー,牡,6,中村将之,60.0,8,03,4,4,0,2.7,5,203.1,"3231",0,4,5,5,4,13.7,450,本田優,栗,120,18103102,01101,01099,0924180403,ケンブリッジバレー,ケンブリッジバレー,ハービンジャー,ラフレッシュブルー,グラスワンダー,鹿毛,180526,   15.1,  ,    , 0.0
24,03,17,1,阪神,8,04,障害未勝利,7,ダ,3,2970,良,ユキノグローリー  ,牡,7,草野太郎,60.0,8,04,6,6,0,5.3,4,205.7,"3257",0,1,1,1,2,13.9,496,石毛善彦,美,0,17104000,01113,00428,0924180404,井上基之,服部牧場,ノヴェリスト,ユキノマーメイド,スペシャルウィーク,栗毛,170422,    7.3,  ,    , 0.0
24,03,17,1,阪神,8,04,障害未勝利,7,ダ,3,2970,良,タガノカイ        ,牡,6,西谷誠,60.0,8,05,5,5,0,4.8,7,205.2,"3252",0,7,7,7,6,13.8,524,宮徹,栗,79,18101970,01005,01018,0924180405,八木良司,新冠タガノファーム,ノヴェリスト,ボディーダンシング,ホワイトマズル,黒鹿,180406,   19.8,  ,    , 0.0
24,03,17,1,阪神,8,04,障害未勝利,7,ダ,3,2970,良,ソリタリオ        ,牡,5,小牧加矢,60.0,8,06,0,0,4,999.9,2,0,"----",0,3,3,3,0,0,480,西村真幸,栗,0,19105204,01196,01148,0924180406,サンデーレーシング,ノーザンファーム,モーリス,サブトゥエンティ,キングカメハメハ,栗毛,190216,    5.5,  ,    , 0.0
24,03,17,1,阪神,8,04,障害未勝利,7,ダ,3,2970,良,キタノセレナード  ,牡,5,小野寺祐,60.0,8,07,0,0,4,999.9,8,0,"----",0,0,0,0,0,0,450,坂口智康,栗,0,19100932,01123,01170,0924180407,北所直人,村上欽哉,ホッコータルマエ,ツルマルサンチャン,ディープインパクト,鹿毛,190513,   34.2,  ,    , 0.0
24,03,17,1,阪神,8,04,障害未勝利,7,ダ,3,2970,良,ノーティアス      ,牡,5,五十嵐雄,60.0,8,08,2,2,0,2.3,6,202.7,"3227",0,6,6,6,4,13.6,512,宗像義忠,美,320,19104908,01069,00420,0924180408,吉田照哉,社台ファーム,ハービンジャー,ホーカーハリケーン,ネオユニヴァース,鹿毛,190404,   18.5,  ,    , 0.0
24,03,17,1,阪神,8,05,未勝利,7,芝,8,1800,良,ケンオスロ        ,牡,3,岩田望来,57.0,13,01,10,10,0,3,11,109.3,"1493",0,0,0,10,10,36.9,476,千田輝彦,栗,0,21100700,01174,01120,0924180501,中西宏彰,ケンブリッジバレー,バゴ,ケンブリッジハーツ,キングヘイロー,黒鹿,210314,  170.4,  ,    ,48.1
24,03,17,1,阪神,8,05,未勝利,7,芝,8,1800,良,ラブリーメイク    ,牝,3,菱田裕二,55.0,13,02,13,13,0,3.6,13,109.9,"1499",0,0,0,6,5,37.7,426,鮫島一歩,栗,0,21102680,01144,01046,0924180502,田島政光,ガーベラパークスタ,ラブリーデイ,シンデレラメイク,ディープブリランテ,栗毛,210322,  540.5,  ,    ,45.8
24,03,17,1,阪神,8,05,未勝利,7,芝,8,1800,良,グランドフューチャ,牡,3,岡部誠,57.0,13,03,7,7,0,2.2,10,108.5,"1485",0,0,0,13,13,35.8,476,鈴木孝志,栗,0,21100732,05171,01111,0924180503,田畑利彦,高昭牧場,エピファネイア,ファウヴェリア,"Polish Precedent",鹿毛,210212,  113.1,  ,    ,51.5
24,03,17,1,阪神,8,05,未勝利,7,芝,8,1800,良,テーオーエジソン  ,牡,3,吉村誠之,54.0,13,04,8,8,0,2.7,7,109,"1490",0,0,0,12,10,36.5,542,清水久詞,栗,0,21102230,01216,01110,0924180504,小笹公也,ヤナガワ牧場,サトノダイヤモンド,テーオーアモーレ,ヨハネスブルグ,鹿毛,210426,   39.8,  ,    ,49.3
24,03,17,1,阪神,8,05,未勝利,7,芝,8,1800,良,ツーネサーン      ,牡,3,ムルザバ,57.0,13,05,2,2,0,0.5,3,106.8,"1468",0,0,0,10,10,34.3,496,矢作芳人,栗,220,21105584,05627,01075,0924180505,エムズレーシング,ノーザンファーム,Frankel,ジェットセッティング,"Fast Company",栗毛,210510,    7.0,  ,    ,55.7
24,03,17,1,阪神,8,05,未勝利,7,芝,8,1800,良,ノッツェドーロ    ,牝,3,菅原明良,55.0,13,06,12,12,0,3.1,12,109.4,"1494",0,0,0,2,3,37.5,420,庄野靖志,栗,0,21101559,01179,01087,0924180506,NICKS,スマイルファーム,スワーヴリチャード,ノッツダルジェント,バゴ,黒鹿,210322,  209.7,  ,    ,45.9
24,03,17,1,阪神,8,05,未勝利,7,芝,8,1800,良,ランオブザワールド,牡,3,和田竜二,57.0,13,07,4,4,0,1.2,4,107.5,"1475",0,0,0,6,5,35.4,486,西村真幸,栗,83,21103570,01018,01148,0924180507,岡田隆寛,岡田猛,ヤマカツエース,フレンチ,キングヘイロー,栗毛,210517,   14.4,  ,    ,51.8
24,03,17,1,阪神,8,05,未勝利,7,芝,8,1800,良,カズミクラーシュ  ,牡,3,川田将雅,57.0,13,08,1,1,0,-0.5,1,106.3,"1463",0,0,0,4,3,34.4,492,吉岡辰弥,栗,550,21105564,01088,01176,0924180508,吉田和美,ノーザンファーム,モーリス,シャンボールフィズ,キングカメハメハ,鹿毛,210126,    1.5,  ,    ,54.5
24,03,17,1,阪神,8,05,未勝利,7,芝,8,1800,良,ドナアフロディテ  ,牝,3,Ｍ．デム,55.0,13,09,9,9,0,2.9,9,109.2,"1492",0,0,0,1,1,37.6,456,庄野靖志,栗,0,21100794,05212,01087,0924180509,山田容子,鮫川啓一,ドレフォン,ラブジュリエット,フサイチコンコルド,鹿毛,210317,   75.8,  ,    ,45.2
24,03,17,1,阪神,8,05,未勝利,7,芝,8,1800,良,リアリータイト    ,牝,3,田口貫太,54.0,13,10,11,11,0,3.1,8,109.4,"1494",0,0,0,4,5,37.3,470,佐々木晶,栗,0,21104170,01208,00429,0924180510,飯田正剛,千代田牧場,キズナ,ラブミーテンダー,ゼンノロブロイ,黒鹿,210407,   47.1,  ,    ,46.6
24,03,17,1,阪神,8,05,未勝利,7,芝,8,1800,良,スピードリッチ    ,牡,3,武豊,57.0,13,11,3,3,0,0.8,2,107.1,"1471",0,0,0,6,8,34.8,478,藤岡健一,栗,140,21105438,00666,01062,0924180511,宇田豊,ノーザンファーム,ドレフォン,エバーシャルマン,ハーツクライ,黒鹿,210225,    4.6,  ,    ,53.9
24,03,17,1,阪神,8,05,未勝利,7,芝,8,1800,良,サンウリエル      ,牡,3,松若風馬,57.0,13,12,5,5,0,1.3,5,107.6,"1476",0,0,0,2,2,35.9,472,宮本博,栗,55,21101304,01154,01073,0924180512,加藤ステーブル,ケイズ,ディーマジェスティ,ピントゥハティ,アドマイヤムーン,黒鹿,210502,   17.0,  ,    ,49.9
24,03,17,1,阪神,8,05,未勝利,7,芝,8,1800,良,ウインサマースノー,牡,3,西村淳也,57.0,13,13,6,6,0,1.6,6,107.9,"1479",0,0,0,9,8,35.6,468,緒方努,栗,0,21106217,01171,01193,0924180513,佐野信幸,コスモヴューファー,ゴールドシップ,サマーソング,ロージズインメイ,芦毛,210422,   35.5,  ,    ,51.5
24,03,17,1,阪神,8,06,１勝ｸﾗｽ*,23,ダ,1,1800,良,ペロ              ,牡,3,池添謙一,57.0,15,01,15,15,0,2.5,9,117,"1570",0,4,4,6,11,39.7,494,橋口慎介,栗,0,21103283,01032,01154,0924180601,天野克彦,三嶋牧場,シルバーステート,ラッシュカッター,"Red Ransom",鹿毛,210308,   48.1,  ,    ,47.4
24,03,17,1,阪神,8,06,１勝ｸﾗｽ*,23,ダ,1,1800,良,アンダーザバンブー,牡,3,酒井学,57.0,15,02,11,11,0,1.3,10,115.8,"1558",0,6,8,10,9,38.2,518,飯田祐史,栗,0,21102968,01034,01139,0924180602,竹下千亜子,辻牧場,サトノダイヤモンド,エスジーアンクル,シニスターミニスター,鹿毛,210423,   53.5,  ,    ,51.6
24,03,17,1,阪神,8,06,１勝ｸﾗｽ*,23,ダ,1,1800,良,スマートプレシャス,牝,3,田中健,55.0,15,03,5,5,0,0.6,8,115.1,"1551",0,1,1,1,1,38.5,492,中村直也,栗,78,21103939,01114,01186,0924180603,大川徹,静内山田牧場,シャンハイボビー,スマートブローラ,スマートファルコン,黒鹿,210315,   31.0,  ,    ,49.5
24,03,17,1,阪神,8,06,１勝ｸﾗｽ*,23,ダ,1,1800,良,ショウナンハウル  ,牡,3,松若風馬,57.0,15,04,14,14,0,2.4,12,116.9,"1569",0,15,15,15,15,38.6,498,松下武士,栗,0,21105867,01154,01149,0924180604,国本哲秀,ノーザンファーム,レイデオロ,リンフォルツァンド,ディープインパクト,鹿毛,210128,   83.5,  ,    ,51.4
24,03,17,1,阪神,8,06,１勝ｸﾗｽ*,23,ダ,1,1800,良,スマートリアファル,牡,3,武豊,57.0,15,05,3,3,0,0.4,4,114.9,"1549",0,6,6,4,3,37.7,484,辻野泰之,栗,200,21102083,00666,01183,0924180605,大川徹,本間牧場,キンシャサノキセキ,スマートノエル,ヴァーミリアン,黒鹿,210327,   10.3,  ,    ,52.4
24,03,17,1,阪神,8,06,１勝ｸﾗｽ*,23,ダ,1,1800,良,サンライズウェーヴ,牡,3,菅原明良,57.0,15,06,8,8,0,0.9,14,115.4,"1554",0,13,14,13,13,37.4,484,石坂公一,栗,0,21102221,01179,01166,0924180606,ライフハウス,ヤナガワ牧場,マジェスティックウォリアー,コパノレヴィーン,ゴールドアリュール,栗毛,210504,  161.5,  ,    ,54.3
24,03,17,1,阪神,8,06,１勝ｸﾗｽ*,23,ダ,1,1800,良,ヴァンドーム      ,牡,3,岩田望来,57.0,15,07,10,10,0,1.2,7,115.7,"1557",0,13,13,13,13,37.7,498,安田翔伍,栗,0,21100170,01174,01164,0924180607,中村祐子,ケイアイファーム,ロードカナロア,ルアンジュ,マンハッタンカフェ,黒鹿,210420,   21.9,  ,    ,53.4
24,03,17,1,阪神,8,06,１勝ｸﾗｽ*,23,ダ,1,1800,良,クロドラバール    ,牡,3,西村淳也,57.0,15,08,1,1,0,0,6,114.5,"1545",0,2,2,2,2,37.7,514,杉山晴紀,栗,545,21101733,01171,01157,0924180608,長谷川祐司,チャンピオンズファ,ロードカナロア,ジュエルメーカー,エンパイアメーカー,鹿毛,210322,   18.6,  ,    ,51.9
24,03,17,1,阪神,8,06,１勝ｸﾗｽ*,23,ダ,1,1800,良,バレルターン      ,牡,3,ムルザバ,57.0,15,09,9,9,0,1,5,115.5,"1555",0,10,10,6,8,38,468,茶木太樹,栗,0,21104906,05627,01181,0924180609,キャロットファーム,社台コーポレーショ,リオンディーズ,ピエリーナ,チチカステナンゴ,芦毛,210417,   12.5,  ,    ,52.0
24,03,17,1,阪神,8,06,１勝ｸﾗｽ*,23,ダ,1,1800,良,カンジ            ,牡,3,川田将雅,57.0,15,10,12,12,0,1.6,2,116.1,"1561",0,4,5,4,3,39,480,武井亮,美,0,21110108,01088,01147,0924180610,TNレーシング,"Aaron Sones","Uncle Mo","Nikki's Choice",Forestry,鹿毛,210426,    3.4,  ,    ,48.8
24,03,17,1,阪神,8,06,１勝ｸﾗｽ*,23,ダ,1,1800,良,アンデスビエント  ,牝,3,田口貫太,54.0,15,11,4,4,0,0.6,11,115.1,"1551",0,3,3,3,3,38.1,464,西園正都,栗,120,21105387,01208,01028,0924180611,グリーンファーム,ノーザンファーム,ドレフォン,アンデスクイーン,タートルボウル,鹿毛,210225,   57.1,  ,    ,51.0
24,03,17,1,阪神,8,06,１勝ｸﾗｽ*,23,ダ,1,1800,良,エイカイソウル    ,牡,3,Ｍ．デム,57.0,15,12,1,1,0,0,1,114.5,"1545",0,6,6,6,3,37.1,466,藤原英昭,栗,545,21105094,05212,01055,0924180612,二木英実,社台ファーム,ホッコータルマエ,スピナッチ,ゼンノロブロイ,黒鹿,210514,    2.4,  ,    ,54.3
24,03,17,1,阪神,8,06,１勝ｸﾗｽ*,23,ダ,1,1800,良,レッドリベルタ    ,牡,3,浜中俊,57.0,15,13,6,6,0,0.6,13,115.1,"1551",0,6,8,6,7,37.8,442,庄野靖志,栗,0,21102436,01115,01087,0924180613,東京ホースレーシン,坂東牧場,リアルスティール,レッドディオーサ,キングカメハメハ,鹿毛,210303,   94.5,  ,    ,52.2
24,03,17,1,阪神,8,06,１勝ｸﾗｽ*,23,ダ,1,1800,良,パシアンジャン    ,牡,3,和田竜二,57.0,15,14,13,13,0,1.8,3,116.3,"1563",0,12,11,11,9,38.6,444,鈴木孝志,栗,0,21104503,01018,01111,0924180614,吉田智,前谷武志,シニスターミニスター,カメリアテソーロ,ゴールドアリュール,栗毛,210413,    6.0,  ,    ,50.6
24,03,17,1,阪神,8,06,１勝ｸﾗｽ*,23,ダ,1,1800,良,シーリュウシー    ,牡,3,菱田裕二,57.0,15,15,7,7,0,0.8,15,115.3,"1553",0,11,11,11,11,37.6,482,岡田稲男,栗,0,21106180,01144,01066,0924180615,一村哲也,小泉牧場,ホッコータルマエ,ムニン,Bernardini,黒鹿,210322,  215.1,  ,    ,53.3
24,03,17,1,阪神,8,07,１勝ｸﾗｽ,23,芝,8,2400,良,グルーヴビート    ,牡,6,岩田望来,58.0,8,01,3,3,0,0.5,2,147.6,"2276",0,6,6,5,5,35.3,486,中村直也,栗,200,18105021,01174,01186,0924180701,サンデーレーシング,ノーザンファーム,ディープブリランテ,グルーヴァー,シンボリクリスエス,鹿毛,180330,    3.6,  ,    ,56.0
24,03,17,1,阪神,8,07,１勝ｸﾗｽ,23,芝,8,2400,良,ウェイビー        ,牝,4,菅原明良,55.0,8,02,1,1,0,-0.4,1,147.1,"2271",0,2,2,2,2,35.1,532,西村真幸,栗,800,20104764,01179,01148,0924180702,フジワラ・ファーム,フジワラフアーム,サトノアラジン,パルストリーナ,"Medaglia d'Oro",黒鹿,200515,    3.1,  ,    ,56.4
24,03,17,1,阪神,8,07,１勝ｸﾗｽ,23,芝,8,2400,良,オーパンバル      ,牝,6,西村淳也,56.0,8,03,4,4,0,0.5,4,147.6,"2276",0,4,4,4,3,35.4,456,野中賢二,栗,120,18100722,01171,01098,0924180703,ニッシンホールディ,チャンピオンズファ,ルーラーシップ,トランプクイーン,ネオユニヴァース,鹿毛,180222,    4.9,  ,    ,55.6
24,03,17,1,阪神,8,07,１勝ｸﾗｽ,23,芝,8,2400,良,ブロンドケリー    ,牡,5,古川奈穂,54.0,8,04,8,8,0,1.2,8,148.3,"2283",0,6,6,7,8,35.7,448,藤沢則雄,栗,0,19106226,01190,01041,0924180704,水谷昌晃,高橋義浩,エピファネイア,アドマイヤマリリン,アグネスタキオン,栗毛,190518,   72.1,  ,    ,55.1
24,03,17,1,阪神,8,07,１勝ｸﾗｽ,23,芝,8,2400,良,ペネトレイトゴー  ,セ,4,岡部誠,57.0,8,05,6,6,0,0.8,5,147.9,"2279",0,8,8,7,5,35.5,448,森秀行,栗,0,20101916,05171,00427,0924180705,前川俊行,出口牧場,ゴールドシップ,セカンドノホシ,シンボリルドルフ,芦毛,200414,    7.1,  ,    ,55.5
24,03,17,1,阪神,8,07,１勝ｸﾗｽ,23,芝,8,2400,良,ブライトサイン    ,牝,4,ムルザバ,55.0,8,06,5,5,0,0.6,6,147.7,"2277",0,1,1,1,1,36,466,斉藤崇史,栗,80,20103191,05627,01151,0924180706,キャロットファーム,ノーザンファーム,ハービンジャー,アウェイク,ディープインパクト,鹿毛,200229,   25.8,  ,    ,53.4
24,03,17,1,阪神,8,07,１勝ｸﾗｽ,23,芝,8,2400,良,エコロマーベリック,牡,4,和田竜二,57.0,8,07,7,7,0,1.1,3,148.2,"2282",0,3,3,3,3,36,490,加藤征弘,美,0,20102902,01018,01059,0924180707,原村正紀,社台ファーム,ハーツクライ,スターシップトラッフルズ,Ghostzapper,鹿毛,200324,    4.3,  ,    ,53.9
24,03,17,1,阪神,8,07,１勝ｸﾗｽ,23,芝,8,2400,良,ヴァンデスト      ,牝,5,田口貫太,55.0,8,08,2,2,0,0.4,7,147.5,"2275",0,5,5,5,5,35.1,416,藤沢則雄,栗,320,19100740,01208,01041,0924180708,酒井孝敏,ビッグレッドファー,オルフェーヴル,クードヴァン,ディープインパクト,鹿毛,190131,   31.8,  ,    ,56.7
24,03,17,1,阪神,8,08,１勝ｸﾗｽ・牝,23,ダ,1,1800,良,メイショウホタルビ,牝,6,田口貫太,55.0,7,01,2,2,0,0.1,4,115.3,"1553",0,6,6,6,5,37.8,442,大橋勇樹,栗,320,18105853,01208,01065,0924180801,松本和子,赤田牧場,ナムラタイタン,メジロミシェル,アグネスタキオン,栗毛,180427,    6.4,  ,    ,52.5
24,03,17,1,阪神,8,08,１勝ｸﾗｽ・牝,23,ダ,1,1800,良,ヤエベニシダレ    ,牝,4,古川奈穂,52.0,7,02,4,4,0,0.7,6,115.9,"1559",0,7,7,6,5,38.5,454,梅田智之,栗,120,20101077,01190,01084,0924180802,ヒダカ・ブリーダー,清水牧場,ハーツクライ,ロイヤルタバスコ,タバスコキャット,鹿毛,200421,   78.9,  ,    ,50.5
24,03,17,1,阪神,8,08,１勝ｸﾗｽ・牝,23,ダ,1,1800,良,ゴーフォマームード,牝,4,岩田望来,56.0,7,03,5,5,0,0.7,2,115.9,"1559",0,4,4,4,3,38.9,440,長谷川浩,栗,80,20106473,01174,01173,0924180803,前田剛,笹島智則,ダノンレジェンド,マイネウインク,スペシャルウィーク,鹿毛,200301,    4.3,  ,    ,49.0
24,03,17,1,阪神,8,08,１勝ｸﾗｽ・牝,23,ダ,1,1800,良,エリカグロリア    ,牝,4,菅原明良,56.0,7,04,7,7,0,2.7,5,117.9,"1579",0,5,5,5,5,40.6,488,安田翔伍,栗,0,20104120,01179,01164,0924180804,三木正浩,グランド牧場,ロードカナロア,チークトゥチーク,クロフネ,鹿毛,200224,   48.3,  ,    ,45.2
24,03,17,1,阪神,8,08,１勝ｸﾗｽ・牝,23,ダ,1,1800,良,サイモンコーラル  ,牝,4,長岡禎仁,56.0,7,05,6,6,0,1.4,7,116.6,"1566",0,2,3,3,3,39.6,458,羽月友彦,栗,0,20100629,01142,01091,0924180805,澤田昭紀,笠松牧場,ビーチパトロール,オールドフレイム,ゼンノロブロイ,青鹿,200227,   96.4,  ,    ,47.2
24,03,17,1,阪神,8,08,１勝ｸﾗｽ・牝,23,ダ,1,1800,良,アウロス          ,牝,4,Ｍ．デム,56.0,7,06,1,1,0,-0.1,3,115.2,"1552",0,1,1,1,1,38.6,468,上村洋行,栗,800,20106306,05212,01168,0924180806,カナヤマホールディ,オカモトファーム,キズナ,アサクサフルート,エンパイアメーカー,黒鹿,200323,    6.0,  ,    ,49.2
24,03,17,1,阪神,8,08,１勝ｸﾗｽ・牝,23,ダ,1,1800,良,ハイランドリンクス,牝,4,ムルザバ,56.0,7,07,3,3,0,0.3,1,115.5,"1555",0,2,2,2,2,38.8,474,奥村豊,栗,200,20103595,05627,01146,0924180807,吉田勝己,ノーザンファーム,ドゥラメンテ,ヘアキティー,"Wildcat Heir",黒鹿,200227,    1.5,  ,    ,48.8
24,03,17,1,阪神,8,09,山陽特別･2勝,43,芝,0,1400,稍,クラリティスケール,牝,5,池添謙一,56.0,11,01,9,9,0,1.6,10,82.7,"1227",0,0,0,2,2,36.4,462,藤野健太,栗,0,19103442,01032,01200,0924180901,ノルマンディーサラ,栄進牧場,エイシンヒカリ,エイシンカラット,"Tale of Ekati",青毛,190215,   90.3,  ,    ,45.4
24,03,17,1,阪神,8,09,山陽特別･2勝,43,芝,0,1400,稍,サウンドブライアン,牡,6,菅原明良,58.0,11,02,1,1,0,-0.1,9,81.1,"1211",0,0,0,1,1,35.1,490,村山明,栗,1550,18103902,01179,01107,0924180902,増田雄一,聖心台牧場,クリーンエコロジー,ブライアンオークス,ブライアンズタイム,芦毛,180225,   38.1,  ,    ,48.3
24,03,17,1,阪神,8,09,山陽特別･2勝,43,芝,0,1400,稍,アロマデローサ    ,牝,4,ムルザバ,56.0,11,03,3,3,0,0.1,1,81.2,"1212",0,0,0,2,2,34.9,450,池添学,栗,390,20103729,05627,01144,0924180903,シルクレーシング,ノーザンファーム,キンシャサノキセキ,ローズウィスパー,ワークフォース,鹿毛,200228,    1.9,  ,    ,49.5
24,03,17,1,阪神,8,09,山陽特別･2勝,43,芝,0,1400,稍,ミッキーレジェンド,牡,6,西村淳也,58.0,11,04,10,10,0,2,6,83.1,"1231",0,0,0,10,10,36.1,498,大竹正博,美,0,18100494,01171,01102,0924180904,野田みづき,白井牧場,ダノンレジェンド,ミッキーオリーブ,クロフネ,鹿毛,180409,   25.3,  ,    ,47.6
24,03,17,1,阪神,8,09,山陽特別･2勝,43,芝,0,1400,稍,プリモカリーナ    ,牝,5,川田将雅,56.0,11,05,2,2,0,0.1,2,81.2,"1212",0,0,0,4,4,34.8,442,福永祐一,栗,620,19105412,01088,01203,0924180905,ライオンレースホー,ノーザンファーム,サトノアラジン,ベットーレ,"Blu Air Force",鹿毛,190219,    3.0,  ,    ,50.0
24,03,17,1,阪神,8,09,山陽特別･2勝,43,芝,0,1400,稍,スカイロケット    ,牡,4,岩田望来,58.0,11,06,4,4,0,0.3,5,81.4,"1214",0,0,0,4,4,35,432,須貝尚介,栗,230,20103482,01174,01105,0924180906,シルクレーシング,ノーザンファーム,ジャスタウェイ,ティッカーテープ,"Royal Applause",鹿毛,200430,   21.2,  ,    ,49.4
24,03,17,1,阪神,8,09,山陽特別･2勝,43,芝,0,1400,稍,ヴァンルーラー    ,牝,5,浜中俊,56.0,11,07,7,7,0,1.2,8,82.3,"1223",0,0,0,6,6,35.7,466,河嶋宏樹,栗,0,19105141,01115,01198,0924180907,サイプレスホールデ,ノーザンファーム,ルーラーシップ,カロンセギュール,"Forest Camp",鹿毛,190329,   34.1,  ,    ,47.9
24,03,17,1,阪神,8,09,山陽特別･2勝,43,芝,0,1400,稍,チャーミングアクト,牝,7,和田竜二,56.0,11,08,5,5,0,0.5,11,81.6,"1216",0,0,0,8,6,35,464,高橋一哉,栗,155,17105070,01018,01206,0924180908,橋本浩,社台コーポレーショ,ヴァンセンヌ,アルーリングアクト,"End Sweep",鹿毛,170318,  265.9,  ,    ,49.9
24,03,17,1,阪神,8,09,山陽特別･2勝,43,芝,0,1400,稍,ガリレイ          ,セ,7,菱田裕二,58.0,11,09,6,6,0,0.7,4,81.8,"1218",0,0,0,10,10,34.8,520,高橋亮,栗,0,17102809,01144,01136,0924180909,カナヤマホールディ,大島牧場,ヴィクトワールピサ,シシャモチャン,サクラバクシンオー,鹿毛,170415,   20.3,  ,    ,51.3
24,03,17,1,阪神,8,09,山陽特別･2勝,43,芝,0,1400,稍,ミツルハピネス    ,牝,6,荻野極,56.0,11,10,11,11,0,7,3,88.1,"1281",0,0,0,6,6,41.5,514,小栗実,栗,0,18104317,01160,01194,0924180910,守内ひろ子,フジワラフアーム,エピファネイア,サトノフラリッシュ,エンパイアメーカー,栗毛,180401,    6.0,  ,    ,34.2
24,03,17,1,阪神,8,09,山陽特別･2勝,43,芝,0,1400,稍,オラヴェリタス    ,牡,5,Ｍ．デム,58.0,11,11,8,8,0,1.4,7,82.5,"1225",0,0,0,9,9,35.7,522,寺島良,栗,0,19103584,05212,01158,0924180911,杉山忠国,杵臼牧場,ロードカナロア,アリデッド,ダンスインザダーク,黒鹿,190524,   28.2,  ,    ,48.3
24,03,17,1,阪神,8,10,鳴門Ｓ･3勝,67,ダ,1,1400,稍,エミサキホコル    ,牡,4,長岡禎仁,58.0,11,01,6,6,0,1.2,6,85.2,"1252",0,0,0,6,7,37.1,494,杉山佳明,栗,0,20102751,01142,01178,0924181001,亀岡和彦,社台ファーム,ドレフォン,アルテミスハート,ハーツクライ,黒鹿,200320,   21.6,  ,    ,47.2
24,03,17,1,阪神,8,10,鳴門Ｓ･3勝,67,ダ,1,1400,稍,タガノペカ        ,牝,6,西村淳也,56.0,11,02,4,4,0,1,7,85,"1250",0,0,0,4,4,37,504,西園翔太,栗,280,18101966,01171,01196,0924181002,八木良司,新冠タガノファーム,オルフェーヴル,バレドクール,タニノギムレット,鹿毛,180322,   23.8,  ,    ,47.3
24,03,17,1,阪神,8,10,鳴門Ｓ･3勝,67,ダ,1,1400,稍,ペプチドタイガー  ,牡,4,岩田望来,58.0,11,03,3,3,0,1,3,85,"1250",0,0,0,4,4,37.2,460,吉村圭司,栗,460,20106408,01174,01130,0924181003,沼川一彦,杵臼牧場,ディーマジェスティ,ペプチドスピカ,ヨハネスブルグ,鹿毛,200429,    6.5,  ,    ,46.4
24,03,17,1,阪神,8,10,鳴門Ｓ･3勝,67,ダ,1,1400,稍,ロードアウォード  ,セ,4,川田将雅,58.0,11,04,1,1,0,-0.6,1,84,"1240",0,0,0,2,2,36.3,462,吉岡辰弥,栗,1840,20100162,01088,01176,0924181004,ロードホースクラブ,ケイアイファーム,ロードカナロア,パーフェクトトリビュート,Dubawi,鹿毛,200418,    1.9,  ,    ,48.6
24,03,17,1,阪神,8,10,鳴門Ｓ･3勝,67,ダ,1,1400,稍,スマートラプター  ,牡,5,武豊,58.0,11,05,8,8,0,1.5,5,85.5,"1255",0,0,0,1,1,37.9,524,西園正都,栗,0,19102521,00666,01028,0924181005,大川徹,桑田牧場,キングカメハメハ,ショウナンアクト,フレンチデピュティ,黒鹿,190219,   11.6,  ,    ,44.2
24,03,17,1,阪神,8,10,鳴門Ｓ･3勝,67,ダ,1,1400,稍,アールバロン      ,牡,6,菅原明良,58.0,11,06,10,10,0,2.1,9,86.1,"1261",0,0,0,8,7,37.8,502,伊藤大士,美,0,18103407,01179,01109,0924181006,前原敏行,吉田ファーム,モーリス,バージニアキャット,"Bluegrass Cat",鹿毛,180405,   62.8,  ,    ,45.8
24,03,17,1,阪神,8,10,鳴門Ｓ･3勝,67,ダ,1,1400,稍,エルゲルージ      ,牡,5,Ｍ．デム,58.0,11,07,2,2,0,0.6,2,84.6,"1246",0,0,0,6,4,36.5,516,石坂公一,栗,740,19102044,05212,01166,0924181007,犬塚悠治郎,浜本牧場,ドゥラメンテ,プルージャ,"Sidney's Candy",鹿毛,190205,    3.7,  ,    ,48.8
24,03,17,1,阪神,8,10,鳴門Ｓ･3勝,67,ダ,1,1400,稍,ガラパゴス        ,牡,5,浜中俊,58.0,11,08,11,11,0,2.4,4,86.4,"1264",0,0,0,8,7,38.1,486,野中賢二,栗,0,19102161,01115,01098,0924181008,カナヤマホールディ,碧雲牧場,ミッキーアイル,トウカイファイン,フレンチデピュティ,栗毛,190527,   10.4,  ,    ,45.1
24,03,17,1,阪神,8,10,鳴門Ｓ･3勝,67,ダ,1,1400,稍,ビオグラフィア    ,牡,6,ムルザバ,58.0,11,09,5,5,0,1.1,8,85.1,"1251",0,0,0,8,10,36.8,502,松下武士,栗,184,18105471,05627,01149,0924181009,キャロットファーム,社台コーポレーショ,ルーラーシップ,イストワール,サンデーサイレンス,鹿毛,180129,   40.5,  ,    ,48.4
24,03,17,1,阪神,8,10,鳴門Ｓ･3勝,67,ダ,1,1400,稍,ダッチマン        ,セ,7,和田竜二,58.0,11,10,9,9,0,1.8,11,85.8,"1258",0,0,0,11,11,37.2,472,音無秀孝,栗,0,17106012,01018,01002,0924181010,小田切光,木村牧場,キンシャサノキセキ,モットヒカリヲ,アフリート,青鹿,170514,  340.7,  ,    ,48.0
24,03,17,1,阪神,8,10,鳴門Ｓ･3勝,67,ダ,1,1400,稍,クレスコジョケツ  ,牝,5,池添謙一,56.0,11,11,7,7,0,1.4,10,85.4,"1254",0,0,0,2,2,37.6,470,木原一良,栗,0,19103971,01032,01033,0924181011,堀川三郎,信岡牧場,アメリカンペイトリオット,スラリーアイス,オレハマッテルゼ,鹿毛,190318,  287.4,  ,    ,45.3
24,03,17,1,阪神,8,11,阪神大賞G2,179,芝,0,3000,稍,プリュムドール    ,牝,6,和田竜二,55.0,15,01,4,4,0,1,7,187.8,"3078",0,8,8,10,7,35.3,474,奥村豊,栗,1000,18103499,01018,01146,0924181101,ノルマンディーサラ,岡田スタツド,ゴールドシップ,シュヴァリエ,フレンチデピュティ,栗毛,180414,   20.9,  ,    ,58.0
24,03,17,1,阪神,8,11,阪神大賞G2,179,芝,0,3000,稍,ブローザホーン    ,牡,5,菅原明良,58.0,15,02,3,3,0,0.8,1,187.6,"3076",0,5,5,5,5,35.3,426,吉岡辰弥,栗,1700,19105748,01179,01176,0924181102,岡田牧雄,岡田スタツド,エピファネイア,オートクレール,デュランダル,鹿毛,190510,    3.2,  ,    ,57.9
24,03,17,1,阪神,8,11,阪神大賞G2,179,芝,0,3000,稍,ディアスティマ    ,牡,7,ムルザバ,57.0,15,03,12,12,0,2.2,9,189,"3090",0,2,2,1,2,37.2,496,高野友和,栗,0,17105379,05627,01117,0924181103,サンデーレーシング,ノーザンファーム,ディープインパクト,スウィートリーズン,"Street Sense",青鹿,170210,   32.0,  ,    ,52.0
24,03,17,1,阪神,8,11,阪神大賞G2,179,芝,0,3000,稍,ジャンカズマ      ,牡,6,小沢大仁,57.0,15,04,9,9,0,1.4,13,188.2,"3082",0,1,1,2,1,36.5,494,小栗実,栗,0,18105308,01185,01194,0924181104,吉田和美,ノーザンファーム,ハービンジャー,モンローブロンド,アドマイヤベガ,鹿毛,180425,  161.2,  ,    ,53.9
24,03,17,1,阪神,8,11,阪神大賞G2,179,芝,0,3000,稍,ユーキャンスマイル,牡,9,荻野琢真,57.0,15,05,13,13,0,2.8,12,189.6,"3096",0,10,8,11,13,36.7,518,友道康夫,栗,0,15105032,01112,01061,0924181105,金子真人ホールディ,ノーザンファーム,キングカメハメハ,ムードインディゴ,ダンスインザダーク,鹿毛,150503,  154.8,  ,    ,54.2
24,03,17,1,阪神,8,11,阪神大賞G2,179,芝,0,3000,稍,テーオーロイヤル  ,牡,6,菱田裕二,57.0,15,06,1,1,0,-0.8,2,186.8,"3068",0,3,3,3,3,34.8,458,岡田稲男,栗,6700,18106545,01144,01066,0924181106,小笹公也,三嶋牧場,リオンディーズ,メイショウオウヒ,マンハッタンカフェ,鹿毛,180306,    3.3,  ,    ,59.2
24,03,17,1,阪神,8,11,阪神大賞G2,179,芝,0,3000,稍,アンタンスルフレ  ,セ,6,岡部誠,57.0,15,07,14,14,0,3.3,14,190.1,"3101",0,13,13,14,15,36.3,452,角田輝也,地,0,18105952,05171,05242,0924181107,西村健,栄進牧場,トーセンジョーダン,エーシンチェロキー,ディープインパクト,鹿毛,180404,  356.6,  ,    ,55.9
24,03,17,1,阪神,8,11,阪神大賞G2,179,芝,0,3000,稍,メイショウブレゲ  ,牡,5,酒井学,57.0,15,08,8,8,0,1.4,10,188.2,"3082",0,13,13,13,11,35.4,474,本田優,栗,0,19104091,01034,01099,0924181108,松本好隆,三嶋牧場,ゴールドシップ,メイショウスイヅキ,パイロ,栗毛,190430,   52.5,  ,    ,57.9
24,03,17,1,阪神,8,11,阪神大賞G2,179,芝,0,3000,稍,ワープスピード    ,牡,5,川田将雅,57.0,15,09,2,2,0,0.8,6,187.6,"3076",0,11,11,5,5,35.4,502,高木登,美,2700,19105312,01088,01088,0924181109,山田弘,ノーザンファーム,ドレフォン,ディープラヴ,ディープインパクト,鹿毛,190214,   12.8,  ,    ,57.5
24,03,17,1,阪神,8,11,阪神大賞G2,179,芝,0,3000,稍,サヴォーナ        ,牡,4,池添謙一,56.0,15,10,6,6,0,1.3,3,188.1,"3081",0,5,5,8,7,35.6,536,中竹和也,栗,0,20100734,01032,01039,0924181110,加藤誠,高昭牧場,キズナ,テイケイラピッド,スニッツェル,鹿毛,200306,    5.5,  ,    ,57.1
24,03,17,1,阪神,8,11,阪神大賞G2,179,芝,0,3000,稍,ゴールデンスナップ,牝,4,浜中俊,54.0,15,11,5,5,0,1.2,8,188,"3080",0,12,11,11,11,35.3,452,田中克典,栗,670,20106909,01115,01180,0924181111,エースレーシング,三嶋牧場,ゴールドシップ,メイショウジェイ,タニノギムレット,芦毛,200511,   30.1,  ,    ,58.1
24,03,17,1,阪神,8,11,阪神大賞G2,179,芝,0,3000,稍,ディープボンド    ,牡,7,岩田望来,57.0,15,12,7,7,0,1.3,5,188.1,"3081",0,3,3,3,3,36.1,510,大久保龍,栗,0,17102170,01174,01058,0924181112,前田晋二,村田牧場,キズナ,ゼフィランサス,キングヘイロー,青鹿,170218,    9.0,  ,    ,55.3
24,03,17,1,阪神,8,11,阪神大賞G2,179,芝,0,3000,稍,シルヴァーソニック,牡,8,武豊,57.0,15,13,11,11,0,2.2,4,189,"3090",0,5,5,5,7,36.7,454,池江泰寿,栗,0,16104946,00666,01071,0924181113,社台レースホース,社台ファーム,オルフェーヴル,エアトゥーレ,トニービン,芦毛,160322,    8.6,  ,    ,53.7
24,03,17,1,阪神,8,11,阪神大賞G2,179,芝,0,3000,稍,ゼーゲン          ,セ,9,松若風馬,57.0,15,14,15,15,0,3.3,15,190.1,"3101",0,15,15,14,14,36.5,414,堀宣行,美,0,15104186,01154,01070,0924181114,G1レーシング,社台コーポレーショ,ディープインパクト,ソベラニア,Monsun,青鹿,150509,  494.2,  ,    ,55.2
24,03,17,1,阪神,8,11,阪神大賞G2,179,芝,0,3000,稍,ショウナンバシット,牡,4,Ｍ．デム,56.0,15,15,10,10,0,1.9,11,188.7,"3087",0,8,8,8,7,36.2,498,須貝尚介,栗,0,20103333,05212,01105,0924181115,国本哲秀,ノーザンファーム,シルバーステート,ギエム,"Medaglia d'Oro",鹿毛,200214,   67.5,  ,    ,55.3
24,03,17,1,阪神,8,12,２勝ｸﾗｽ,43,ダ,1,1400,稍,スズカコーズ      ,牡,4,西村淳也,58.0,14,01,3,3,0,1,9,84.9,"1249",0,0,0,6,8,38,490,伊藤圭三,美,290,20101035,01171,01023,0924181201,永井宏明,稲原牧場,スズカコーズウェイ,アイシースズカ,サンデーサイレンス,黒鹿,200416,   30.8,  ,    ,42.6
24,03,17,1,阪神,8,12,２勝ｸﾗｽ,43,ダ,1,1400,稍,スペクトログラム  ,牡,5,荻野極,58.0,14,02,10,10,0,1.4,8,85.3,"1253",0,0,0,12,13,37.5,504,池江泰寿,栗,0,19105186,01160,01071,0924181202,シルクレーシング,ノーザンファーム,ドレフォン,ケアレスウィスパー,フジキセキ,栗毛,190319,   27.4,  ,    ,45.6
24,03,17,1,阪神,8,12,２勝ｸﾗｽ,43,ダ,1,1400,稍,エアメテオラ      ,牡,4,ムルザバ,58.0,14,03,7,7,0,1.2,2,85.1,"1251",0,0,0,13,11,37.3,516,池添学,栗,0,20110118,05627,01144,0924181203,ラッキーフィールド,"Sekie Yoshihara &",Goldencents,Nokaze,"Empire Maker",鹿毛,200509,    3.4,  ,    ,46.1
24,03,17,1,阪神,8,12,２勝ｸﾗｽ,43,ダ,1,1400,稍,ユイノイチゲキ    ,牡,4,長岡禎仁,58.0,14,04,14,14,0,3.7,6,87.6,"1276",0,0,0,1,2,41.7,500,深山雅史,美,0,20101943,01142,01174,0924181204,由井健太郎,中館牧場,ディスクリートキャット,ディクシーゴールド,ゴールドアリュール,栗毛,200218,   18.7,  ,    ,32.6
24,03,17,1,阪神,8,12,２勝ｸﾗｽ,43,ダ,1,1400,稍,サヴァイヴ        ,牡,7,岩田望来,58.0,14,05,7,7,0,1.2,7,85.1,"1251",0,0,0,6,6,38.2,492,河嶋宏樹,栗,0,17101804,01174,01198,0924181205,中村忠彦,ノースヒルズ,キンシャサノキセキ,ザナ,Galileo,青毛,170312,   20.8,  ,    ,42.1
24,03,17,1,阪神,8,12,２勝ｸﾗｽ,43,ダ,1,1400,稍,ターニングアップ  ,牡,6,吉村誠之,55.0,14,06,13,13,0,2.4,12,86.3,"1263",0,0,0,4,4,39.7,478,石毛善彦,美,0,18101894,01216,00428,0924181206,ミルファーム,中本隆志,カレンブラックヒル,トロピカルタイム,ブライアンズタイム,鹿毛,180430,  196.6,  ,    ,38.0
24,03,17,1,阪神,8,12,２勝ｸﾗｽ,43,ダ,1,1400,稍,フィールザワールド,牡,6,池添謙一,58.0,14,07,6,6,0,1.1,5,85,"1250",0,0,0,14,13,36.8,482,岩戸孝樹,美,0,18105762,01032,01051,0924181207,櫻井正,平岡牧場,ブラックタイド,フィールザビュウ,"Distant View",鹿毛,180617,   16.2,  ,    ,48.2
24,03,17,1,阪神,8,12,２勝ｸﾗｽ,43,ダ,1,1400,稍,トーアエレクトロン,牡,6,菱田裕二,58.0,14,08,9,9,0,1.3,13,85.2,"1252",0,0,0,11,11,37.6,464,羽月友彦,栗,0,18105738,01144,01091,0924181208,高山ランド,トーア牧場,ディスクリートキャット,ジョーヌダンブル,アグネスデジタル,鹿毛,180326,  393.0,  ,    ,44.9
24,03,17,1,阪神,8,12,２勝ｸﾗｽ,43,ダ,1,1400,稍,アウグスト        ,牡,5,菅原明良,58.0,14,09,5,5,0,1.1,4,85,"1250",0,0,0,6,6,38.2,516,斎藤誠,美,114,19100284,01179,01086,0924181209,"GET NEXT",須崎牧場,ザファクター,アプレレクール,ゼンノロブロイ,鹿毛,190312,   14.4,  ,    ,41.9
24,03,17,1,阪神,8,12,２勝ｸﾗｽ,43,ダ,1,1400,稍,テイエムファルコン,牡,7,和田竜二,58.0,14,10,4,4,0,1,11,84.9,"1249",0,0,0,9,9,37.8,506,高橋一哉,栗,170,17102599,01018,01206,0924181210,竹園正繼,本桐牧場,スマートファルコン,アペラシオン,アドマイヤムーン,栗毛,170512,  125.9,  ,    ,43.5
24,03,17,1,阪神,8,12,２勝ｸﾗｽ,43,ダ,1,1400,稍,カセノミオ        ,牝,4,田口貫太,55.0,14,11,1,1,0,-0.8,1,83.9,"1239",0,0,0,3,3,37.5,524,中尾秀正,栗,1140,20105306,01208,01069,0924181211,平川進,須崎牧場,アジアエクスプレス,レディーソルジャー,マヤノトップガン,栗毛,200520,    2.3,  ,    ,42.8
24,03,17,1,阪神,8,12,２勝ｸﾗｽ,43,ダ,1,1400,稍,ゴキゲンサン      ,牝,4,松若風馬,56.0,14,12,11,11,0,1.5,10,85.4,"1254",0,0,0,4,4,38.7,484,伊藤大士,美,0,20106623,01154,01109,0924181212,ニッシンホールディ,チェスナットファー,リアルインパクト,マチャプチャレ,ヨハネスブルグ,鹿毛,200303,   64.1,  ,    ,40.5
24,03,17,1,阪神,8,12,２勝ｸﾗｽ,43,ダ,1,1400,稍,ファーストリッキー,セ,5,酒井学,58.0,14,13,12,12,0,1.8,14,85.7,"1257",0,0,0,9,9,38.6,488,村山明,栗,0,19101107,01034,01107,0924181213,小林祥晃,北島牧場,コパノリッキー,レディマールボロ,"Smoke Glacken",栗毛,190127,  448.8,  ,    ,41.5
24,03,17,1,阪神,8,12,２勝ｸﾗｽ,43,ダ,1,1400,稍,エコロアレス      ,牡,4,武豊,58.0,14,14,2,2,0,0.8,3,84.7,"1247",0,0,0,2,1,38.8,474,森秀行,栗,460,20110136,00666,00427,0924181214,原村正紀,"St. Simon Place LL",Unified,"Red Hot Tweet",Heatseeker,黒鹿,200331,    4.9,  ,    ,38.7
