24,11,02,5,東京,1,01,未勝利*,7,ダ,1,1300,重,ハピハピハッピー  ,牝,2,小林脩斗,53.0,14,01,13,13,0,4.6,10,82.1,"1221",0,0,0,6,8,39.7,482,尾関知人,美,0,22103333,01183,01103,0524510101,ミルファーム,ミルファーム,ロゴタイプ,ブロワ,メイショウボーラー,青鹿,220525,  114.9,  ,    ,41.5
24,11,02,5,東京,1,01,未勝利*,7,ダ,1,1300,重,ショウナンラリー  ,牡,2,吉田豊,56.0,14,02,2,2,0,0.8,2,78.3,"1183",0,0,0,2,2,37.1,478,嘉藤貴行,美,220,22103924,00733,01195,0524510102,湘南,静内フジカワ牧場,ナダル,ショウナンライム,ハーツクライ,鹿毛,220412,    4.2,  ,    ,45.2
24,11,02,5,東京,1,01,未勝利*,7,ダ,1,1300,重,パーティーガール  ,牝,2,野中悠太,55.0,14,03,3,3,0,1.1,9,78.6,"1186",0,0,0,5,4,36.8,470,根本康広,美,140,22106420,01158,01029,0524510103,田頭勇貴,大作ステーブル,ホッコータルマエ,ハッピーパーティー,クロフネ,黒鹿,220304,   70.9,  ,    ,47.4
24,11,02,5,東京,1,01,未勝利*,7,ダ,1,1300,重,ヤスエ            ,牝,2,木幡初也,55.0,14,04,8,8,0,2,8,79.5,"1195",0,0,0,6,5,37.4,426,深山雅史,美,0,22101410,01153,01174,0524510104,由井健太郎,下河辺牧場,アジアエクスプレス,サトノレーヌ,キングカメハメハ,鹿毛,220319,   57.8,  ,    ,46.5
24,11,02,5,東京,1,01,未勝利*,7,ダ,1,1300,重,シュガープリンセス,牝,2,岩部純二,55.0,14,05,10,10,0,2.6,14,80.1,"1201",0,0,0,9,10,37.4,428,萱野浩二,美,0,22107296,00726,01024,0524510105,田頭勇貴,浜本牧場,ドレフォン,バンボッシュ,Tapit,栗毛,220415,  326.0,  ,    ,47.9
24,11,02,5,東京,1,01,未勝利*,7,ダ,1,1300,重,ハコダテサンバ    ,牝,2,石川裕紀,55.0,14,06,5,5,0,1.7,7,79.2,"1192",0,0,0,12,12,36.3,462,相沢郁,美,55,22102105,01150,01020,0524510106,河内孝夫,増尾牧場,ダンカーク,キタノオドリコ,エスポワールシチー,芦毛,220406,   35.7,  ,    ,51.3
24,11,02,5,東京,1,01,未勝利*,7,ダ,1,1300,重,セイウングレイ    ,牝,2,原優介,54.0,14,07,11,11,0,2.7,5,80.2,"1202",0,0,0,11,10,37.5,434,竹内正洋,美,0,22100399,01184,01152,0524510107,西山茂行,フクオカファーム,バゴ,ニシノビアンカ,クロフネ,芦毛,220119,   14.4,  ,    ,47.6
24,11,02,5,東京,1,01,未勝利*,7,ダ,1,1300,重,ミスターヨッシャー,牡,2,佐藤翔馬,53.0,14,08,9,9,0,2.3,13,79.8,"1198",0,0,0,14,14,36.5,456,堀内岳志,美,0,22106971,01207,01189,0524510108,本杉芳郎,マリオステーブル,ノーブルミッション,ブルージャーニー,カジノドライヴ,栗毛,220208,  281.4,  ,    ,51.7
24,11,02,5,東京,1,01,未勝利*,7,ダ,1,1300,重,コンスピラシー    ,牝,2,幸英明,55.0,14,09,7,7,0,2,6,79.5,"1195",0,0,0,9,8,37.1,458,本間忍,美,0,22103860,00732,01056,0524510109,檜森高史,佐竹学,アメリカンペイトリオット,シャドークイーン,マンハッタンカフェ,黒鹿,220422,   17.1,  ,    ,48.0
24,11,02,5,東京,1,01,未勝利*,7,ダ,1,1300,重,フリッカージャブ  ,牡,2,三浦皇成,56.0,14,10,1,1,0,-0.8,1,77.5,"1175",0,0,0,1,1,36.3,468,西園翔太,栗,550,22102020,01122,01196,0524510110,ウエスト.フォレス,宝寄山拓樹,サートゥルナーリア,ナイキトリック,サクラバクシンオー,黒鹿,220507,    1.9,  ,    ,47.3
24,11,02,5,東京,1,01,未勝利*,7,ダ,1,1300,重,グランノーヴ      ,牡,2,木幡巧也,56.0,14,11,14,14,0,4.8,11,82.3,"1223",0,0,0,3,3,40.7,424,牧光二,美,0,22100103,01162,01106,0524510111,岡展宏,上山牧場,エポカドーロ,イルミナーレ,ハーツクライ,栗毛,220309,  121.5,  ,    ,37.6
24,11,02,5,東京,1,01,未勝利*,7,ダ,1,1300,重,ロッカバイベイビー,牝,2,戸崎圭太,55.0,14,12,12,12,0,3.2,4,80.7,"1207",0,0,0,6,5,38.6,462,伊藤圭三,美,0,22103725,05386,01023,0524510112,OUMA,グランド牧場,ルヴァンスレーヴ,アイシークレット,ゴールドアリュール,栗毛,220504,    7.4,  ,    ,43.5
24,11,02,5,東京,1,01,未勝利*,7,ダ,1,1300,重,ビスケットマリー  ,牝,2,柴田大知,55.0,14,13,6,6,0,1.9,12,79.4,"1194",0,0,0,13,12,36.4,426,和田雄二,美,0,22102984,01009,01143,0524510113,三度屋,辻牧場,マインドユアビスケッツ,テンツクテン,ステイゴールド,栗毛,220330,  276.8,  ,    ,51.3
24,11,02,5,東京,1,01,未勝利*,7,ダ,1,1300,重,トリリオンボーイ  ,牡,2,松山弘平,56.0,14,14,4,4,0,1.5,3,79,"1190",0,0,0,4,5,36.9,468,武井亮,美,83,22102493,01126,01147,0524510114,武田美香,様似共栄牧場,マクフィ,フィメールモナーク,ルーラーシップ,栗毛,220515,    6.6,  ,    ,47.8
24,11,02,5,東京,1,02,未勝利・牝*,7,芝,0,1600,稍,ニシノエピカリ    ,牝,2,田辺裕信,55.0,11,01,3,3,0,0.4,4,94.9,"1349",0,0,0,6,7,34.6,408,手塚貴久,美,140,22100724,01075,01038,0524510201,西山茂行,田上徹,フィエールマン,シーソルティキッス,キングカメハメハ,青鹿,220204,   10.2,  ,    ,54.6
24,11,02,5,東京,1,02,未勝利・牝*,7,芝,0,1600,稍,オーシンブーケ    ,牝,2,藤岡佑介,55.0,11,02,7,7,0,1.9,6,96.4,"1364",0,0,0,2,2,36.6,438,斎藤誠,美,0,22100993,01093,01086,0524510202,大田慎治,山際牧場,カレンブラックヒル,アマゾーヌ,エピファネイア,栗毛,220318,   28.0,  ,    ,48.0
24,11,02,5,東京,1,02,未勝利・牝*,7,芝,0,1600,稍,エリカマユーリ    ,牝,2,松山弘平,55.0,11,03,2,2,0,0.3,1,94.8,"1348",0,0,0,3,4,34.8,466,堀宣行,美,220,22103781,01126,01070,0524510203,三木正浩,グランド牧場,"Quality Road",ブレーヴアンナ,"War Front",鹿毛,220223,    1.7,  ,    ,53.4
24,11,02,5,東京,1,02,未勝利・牝*,7,芝,0,1600,稍,ゴールデン        ,牝,2,小林脩斗,53.0,11,04,0,0,4,999.9,11,0,"----",0,0,0,11,11,0,386,石毛善彦,美,0,22101861,01183,00428,0524510204,ミルファーム,日西牧場,ゴールドシップ,ツヅク,マツリダゴッホ,鹿毛,220220,  390.4,  ,    , 0.0
24,11,02,5,東京,1,02,未勝利・牝*,7,芝,0,1600,稍,アサアール        ,牝,2,柴田大知,55.0,11,05,9,9,0,2.1,10,96.6,"1366",0,0,0,8,8,36.2,408,蛯名利弘,美,0,22106282,01009,01131,0524510205,ビッグレッドファー,シンカンファーム,ウインブライト,コスモアンダルシア,アドマイヤマックス,芦毛,220406,  384.4,  ,    ,50.1
24,11,02,5,東京,1,02,未勝利・牝*,7,芝,0,1600,稍,ライラ            ,牝,2,木幡巧也,55.0,11,06,4,4,0,0.4,5,94.9,"1349",0,0,0,3,3,35,452,牧光二,美,83,22103525,01162,01106,0524510206,ノルマンディーサラ,岡田スタツド,キタサンブラック,タニノジュレップ,コロナドズクエスト,鹿毛,220510,   12.2,  ,    ,52.7
24,11,02,5,東京,1,02,未勝利・牝*,7,芝,0,1600,稍,テンミラージュ    ,牝,2,内田博幸,55.0,11,07,5,5,0,0.7,9,95.2,"1352",0,0,0,10,10,34.6,446,深山雅史,美,55,22105414,00422,01174,0524510207,天白泰司,社台ファーム,ルーラーシップ,テンサイドカップ,スピルバーグ,鹿毛,220519,  139.1,  ,    ,55.1
24,11,02,5,東京,1,02,未勝利・牝*,7,芝,0,1600,稍,エストゥペンダ    ,牝,2,三浦皇成,55.0,11,08,1,1,0,-0.3,2,94.5,"1345",0,0,0,5,4,34.5,438,高柳瑞樹,美,550,22101192,01122,01118,0524510208,"Viridian Keiba Clu",オリオンファーム,サートゥルナーリア,エストレチャダ,"Offlee Wild",青鹿,220311,    3.6,  ,    ,54.3
24,11,02,5,東京,1,02,未勝利・牝*,7,芝,0,1600,稍,アイスリーディング,牝,2,荻野極,55.0,11,09,6,6,0,1.8,8,96.3,"1363",0,0,0,6,6,36.2,442,小笠倫弘,美,0,22106995,01160,01076,0524510209,薗部博之,村上欽哉,サンダースノー,クリッピングエリア,シンボリクリスエス,鹿毛,220309,  133.2,  ,    ,49.6
24,11,02,5,東京,1,02,未勝利・牝*,7,芝,0,1600,稍,ビッグヴァレイ    ,牝,2,岩田康誠,55.0,11,10,10,10,0,2.5,3,97,"1370",0,0,0,1,1,37.3,462,鹿戸雄一,美,0,22101919,05203,01097,0524510210,長谷川祐司,日高大洋牧場,ドゥラメンテ,スウィートアンドセイヴォリー,"Storm Cat",黒鹿,220411,    7.1,  ,    ,46.0
24,11,02,5,東京,1,02,未勝利・牝*,7,芝,0,1600,稍,ニシノカスガイ    ,牝,2,大野拓弥,55.0,11,11,8,8,0,2,7,96.5,"1365",0,0,0,9,8,36.1,412,村田一誠,美,0,22107099,01096,01190,0524510211,西山茂行,メイタイファーム,サトノダイヤモンド,セイウンチャーム,Dominus,鹿毛,220323,   43.9,  ,    ,50.4
24,11,02,5,東京,1,03,未勝利*,7,ダ,1,1400,重,サバイバルナイン  ,牝,2,柴田大知,55.0,12,01,9,9,0,2.1,12,86.8,"1268",0,0,0,8,9,37.2,480,和田雄二,美,0,22109127,01009,01143,0524510301,福田光博,田上勝雄,アレスバローズ,パブロワ,クロフネ,芦毛,220227,  346.7,  ,    ,50.0
24,11,02,5,東京,1,03,未勝利*,7,ダ,1,1400,重,レッドソニード    ,牡,2,横山和生,56.0,12,02,2,2,0,1.3,4,86,"1260",0,0,0,6,5,36.7,482,嘉藤貴行,美,220,22105403,01140,01195,0524510302,東京ホースレーシン,社台ファーム,イスラボニータ,ダンスグルーヴィ,ルーラーシップ,栗毛,220308,    7.3,  ,    ,50.7
24,11,02,5,東京,1,03,未勝利*,7,ダ,1,1400,重,バム              ,牡,2,小林脩斗,54.0,12,03,6,6,0,1.8,8,86.5,"1265",0,0,0,5,5,37.3,442,奥平雅士,美,0,22103327,01183,01074,0524510303,ミルファーム,ミルファーム,ロジャーバローズ,デスティニーラブ,アグネスデジタル,鹿毛,220227,   38.1,  ,    ,48.9
24,11,02,5,東京,1,03,未勝利*,7,ダ,1,1400,重,アナベルケイツー  ,牝,2,木幡巧也,55.0,12,04,11,11,0,2.7,2,87.4,"1274",0,0,0,8,9,37.8,450,牧光二,美,0,22101744,01162,01106,0524510304,YMホース,チャンピオンズファ,ドレフォン,ディープブルース,ディープインパクト,鹿毛,220122,    3.4,  ,    ,48.4
24,11,02,5,東京,1,03,未勝利*,7,ダ,1,1400,重,ズットマツモト    ,牝,2,木幡初也,55.0,12,05,5,5,0,1.8,1,86.5,"1265",0,0,0,3,2,37.5,452,竹内正洋,美,55,22106587,01153,01152,0524510305,由井健太郎,新冠橋本牧場,ミッキーアイル,デライトポイント,トウカイテイオー,青鹿,220311,    2.4,  ,    ,48.0
24,11,02,5,東京,1,03,未勝利*,7,ダ,1,1400,重,ホープリュミエール,牡,2,吉田豊,56.0,12,06,7,7,0,1.8,11,86.5,"1265",0,0,0,8,8,37.1,474,土田稔,美,0,22101904,00733,00417,0524510306,工藤圭司,春木ファーム,ビッグアーサー,エクセレントビュー,チチカステナンゴ,鹿毛,220308,  265.8,  ,    ,49.9
24,11,02,5,東京,1,03,未勝利*,7,ダ,1,1400,重,ペイシャアル      ,牡,2,石川裕紀,56.0,12,07,12,12,0,5.4,10,90.1,"1301",0,0,0,12,12,39.8,472,本間忍,美,0,22102288,01150,01056,0524510307,北所直人,赤石牧場,アルアイン,スズカクエーサー,ジャングルポケット,鹿毛,220215,  205.0,  ,    ,44.8
24,11,02,5,東京,1,03,未勝利*,7,ダ,1,1400,重,キアヌ            ,牡,2,小崎綾也,56.0,12,08,1,1,0,-1.3,3,84.7,"1247",0,0,0,1,1,35.9,506,小崎憲,栗,550,22106585,01152,01085,0524510308,ニッシンホールディ,新冠橋本牧場,ディスクリートキャット,ジョディーズロマン,サムライハート,栗毛,220119,    4.3,  ,    ,51.9
24,11,02,5,東京,1,03,未勝利*,7,ダ,1,1400,重,コスモシンテイ    ,牝,2,野中悠太,55.0,12,09,3,3,0,1.6,7,86.3,"1263",0,0,0,2,2,37.4,496,金成貴史,美,140,22106782,01158,01132,0524510309,ビッグレッドファー,ビッグレッドファー,ウインブライト,ストークアンドレイ,クロフネ,芦毛,220511,   37.7,  ,    ,48.1
24,11,02,5,東京,1,03,未勝利*,7,ダ,1,1400,重,ヒソカ            ,牡,2,原優介,55.0,12,10,8,8,0,2,9,86.7,"1267",0,0,0,11,11,36.8,482,杉浦宏昭,美,0,22104334,01184,01008,0524510310,サイタグローバル,原弘之,バトルプラン,マイネチリペッパー,ネオユニヴァース,栗毛,220306,  139.0,  ,    ,51.7
24,11,02,5,東京,1,03,未勝利*,7,ダ,1,1400,重,パラモランド      ,牡,2,大野拓弥,56.0,12,11,10,10,0,2.4,5,87.1,"1271",0,0,0,6,5,37.9,506,小手川準,美,0,22100916,01096,01171,0524510311,石瀬浩三,松本牧場,アメリカンペイトリオット,ケージーヒトメボレ,ジャングルポケット,鹿毛,220422,   12.5,  ,    ,47.4
24,11,02,5,東京,1,03,未勝利*,7,ダ,1,1400,重,セイウンピカイチ  ,牡,2,幸英明,56.0,12,12,4,4,0,1.6,6,86.3,"1263",0,0,0,3,2,37.3,484,尾形和幸,美,83,22102706,00732,01141,0524510312,西山茂行,ガーベラパークスタ,リアルインパクト,ニシノプレシャス,ディープスカイ,鹿毛,220503,   22.0,  ,    ,48.5
24,11,02,5,東京,1,04,未勝利*,7,芝,0,1800,稍,タイヨウノキセツ  ,牡,2,松山弘平,56.0,8,01,3,3,0,0.2,2,109.4,"1494",0,0,8,4,4,33.9,436,高柳瑞樹,美,140,22100277,01126,01118,0524510401,藤田晋,大北牧場,リオンディーズ,ダイワエタニティー,ジャングルポケット,黒鹿,220330,    2.3,  ,    ,61.4
24,11,02,5,東京,1,04,未勝利*,7,芝,0,1800,稍,テリオスラキ      ,牡,2,江田照男,56.0,8,02,8,8,0,2.6,8,111.8,"1518",0,0,4,5,5,36.2,488,田島俊明,美,0,22101018,00689,01112,0524510402,鈴木美江子,米田牧場,ハービンジャー,モモイロアゲハ,ダンスインザダーク,鹿毛,220530,  149.9,  ,    ,54.4
24,11,02,5,東京,1,04,未勝利*,7,芝,0,1800,稍,ヴァイスクレー    ,牝,2,横山和生,55.0,8,03,2,2,0,0,6,109.2,"1492",0,0,1,1,1,34.1,426,奥村豊,栗,220,22105010,01140,01146,0524510403,キャロットファーム,ノーザンファーム,ミッキーアイル,ブルーメンクローネ,キングカメハメハ,鹿毛,220214,   41.6,  ,    ,60.1
24,11,02,5,東京,1,04,未勝利*,7,芝,0,1800,稍,アルデムラータ    ,牝,2,大野拓弥,55.0,8,04,7,7,0,1.3,7,110.5,"1505",0,0,7,8,8,34.6,410,村田一誠,美,0,22100218,01096,01190,0524510404,秋元竜弥,小島牧場,ゴールドシップ,カラヴィンカ,Bernardini,芦毛,220418,   52.3,  ,    ,59.7
24,11,02,5,東京,1,04,未勝利*,7,芝,0,1800,稍,マンボルンバ      ,牡,2,岩田康誠,56.0,8,05,5,5,0,0.7,5,109.9,"1499",0,0,2,2,2,34.8,522,加藤征弘,美,55,22105297,05203,01059,0524510405,加藤正二郎,社台ファーム,パドトロワ,ギミーシェルター,サンデーサイレンス,鹿毛,220507,   23.3,  ,    ,57.9
24,11,02,5,東京,1,04,未勝利*,7,芝,0,1800,稍,サーマル          ,牡,2,吉田豊,56.0,8,06,4,4,0,0.4,3,109.6,"1496",0,0,5,7,6,33.9,424,高橋文雅,美,83,22102835,00733,01134,0524510406,鈴木康弘,惣田英幸,ロジャーバローズ,シェーンフレール,"Smart Strike",黒鹿,220423,    8.1,  ,    ,61.7
24,11,02,5,東京,1,04,未勝利*,7,芝,0,1800,稍,レペンテ          ,牝,2,柴田大知,55.0,8,07,6,6,0,1.2,4,110.4,"1504",0,0,6,6,7,34.6,412,和田勇介,美,0,22106827,01009,01165,0524510407,ブルースターズファ,ブルースターズファ,ダノンバラード,トバーン,Teofilo,黒鹿,220331,   22.4,  ,    ,59.5
24,11,02,5,東京,1,04,未勝利*,7,芝,0,1800,稍,カネラフィーナ    ,牝,2,戸崎圭太,55.0,8,08,1,1,0,0,1,109.2,"1492",0,0,3,3,3,34,464,手塚貴久,美,550,22104839,05386,01038,0524510408,シルクレーシング,ノーザンファーム,Frankel,ジョイカネラ,Fortify,鹿毛,220212,    1.7,  ,    ,60.6
24,11,02,5,東京,1,05,新馬,15,芝,0,2000,稍,アロヒアリイ      ,牡,2,戸崎圭太,56.0,10,01,1,1,0,-0.4,1,122.1,"2021",0,0,4,5,5,34.3,488,田中博康,美,720,22104682,05386,01162,0524510501,鈴木剛史,ノーザンファーム,ドゥラメンテ,エスポワール,オルフェーヴル,栗毛,220118,    1.7,  ,    ,59.7
24,11,02,5,東京,1,05,新馬,15,芝,0,2000,稍,イフルジャンス    ,牡,2,Ｍ．デム,56.0,10,02,5,5,0,0.7,8,122.8,"2028",0,0,8,10,10,34.3,446,金成貴史,美,72,22105751,05212,01132,0524510502,尾上寿夫,笹川大晃牧場,ウインブライト,スイートシャイン,ディープブリランテ,芦毛,220319,   45.3,  ,    ,60.6
24,11,02,5,東京,1,05,新馬,15,芝,0,2000,稍,ヴィクトワールバゴ,牡,2,北村宏司,56.0,10,03,3,3,0,0.4,7,122.5,"2025",0,0,6,6,5,34.6,462,稲垣幸雄,美,180,22104667,01043,01167,0524510503,シルクレーシング,ノーザンファーム,バゴ,ヴィクトリアピース,ヴィクトワールピサ,鹿毛,220127,   26.4,  ,    ,58.9
24,11,02,5,東京,1,05,新馬,15,芝,0,2000,稍,コンアフェット    ,牝,2,石川裕紀,55.0,10,04,8,8,0,1.5,6,123.6,"2036",0,0,7,9,8,35.5,478,斎藤誠,美,0,22105787,01150,01086,0524510504,キャロットファーム,社台コーポレーショ,ルーラーシップ,コンダクトレス,ホワイトマズル,鹿毛,220207,   22.4,  ,    ,56.4
24,11,02,5,東京,1,05,新馬,15,芝,0,2000,稍,チンプンカンプン  ,牡,2,柴田大知,56.0,10,05,9,9,0,2,9,124.1,"2041",0,0,3,3,3,36.4,470,奥平雅士,美,0,22106465,01009,01074,0524510505,内田玄祥,トド岩高原銀河農場,ホークビル,ヨシノファルコン,ビービーガルダン,栗毛,220308,   80.6,  ,    ,53.3
24,11,02,5,東京,1,05,新馬,15,芝,0,2000,稍,ディベルティスマン,牡,2,吉田豊,56.0,10,06,2,2,0,0.4,3,122.5,"2025",0,0,4,3,3,34.9,506,菊沢隆徳,美,290,22104000,00733,01115,0524510506,堂守貴志,タイヘイ牧場,キズナ,レディオブキャメロット,Montjeu,黒鹿,220214,    5.1,  ,    ,57.6
24,11,02,5,東京,1,05,新馬,15,芝,0,2000,稍,エコログロス      ,牡,2,原優介,55.0,10,07,6,6,0,0.9,5,123,"2030",0,0,8,7,7,35,418,手塚貴久,美,0,22101430,01184,01038,0524510507,原村正紀,下河辺牧場,フィエールマン,ターキー,Sinndar,鹿毛,220420,   19.6,  ,    ,57.8
24,11,02,5,東京,1,05,新馬,15,芝,0,2000,稍,ダノンアンチュラス,牡,2,横山和生,56.0,10,08,4,4,0,0.5,2,122.6,"2026",0,0,2,2,2,35.1,468,国枝栄,美,110,22105687,01140,00399,0524510508,ダノックス,追分ファーム,エピファネイア,アンチュラス,ディープインパクト,黒鹿,220515,    4.8,  ,    ,56.8
24,11,02,5,東京,1,05,新馬,15,芝,0,2000,稍,ホースワン        ,牡,2,松山弘平,56.0,10,09,7,7,0,1,4,123.1,"2031",0,0,10,7,8,35,516,清水久詞,栗,0,22105851,01126,01110,0524510509,岡田甲子男,社台コーポレーショ,モーリス,ミラグロッサ,フジキセキ,青鹿,220303,    8.7,  ,    ,57.9
24,11,02,5,東京,1,05,新馬,15,芝,0,2000,稍,オルティジア      ,牡,2,内田博幸,56.0,10,10,10,10,0,2.3,10,124.4,"2044",0,0,1,1,1,37,466,菊川正達,美,0,22103024,00422,01052,0524510510,ディアレストクラブ,ディアレストクラブ,マクフィ,ディアアレトゥーサ,トーセンダンス,鹿毛,220421,   92.5,  ,    ,51.2
24,11,02,5,東京,1,06,新馬,15,ダ,1,1600,重,ホーススピリット  ,牡,2,吉田豊,56.0,16,01,15,15,0,3,7,102.4,"1424",0,0,0,4,4,38.3,536,清水久詞,栗,0,22105606,00733,01110,0524510601,岡田甲子男,阿部栄乃進,デクラレーションオブウォー,リーガルリリー,ヨハネスブルグ,栗毛,220430,   27.4,  ,    ,50.4
24,11,02,5,東京,1,06,新馬,15,ダ,1,1600,重,サトミノエンジェル,牡,2,横山典弘,56.0,16,02,10,10,0,1.3,8,100.7,"1407",0,0,0,8,7,36.3,510,鈴木伸尋,美,0,22101389,00660,01026,0524510602,田代洋己,下河辺牧場,マインドユアビスケッツ,アーキタイプ,ディープインパクト,鹿毛,220214,   28.2,  ,    ,56.4
24,11,02,5,東京,1,06,新馬,15,ダ,1,1600,重,エイシンシャガラ  ,牡,2,大野拓弥,56.0,16,03,14,14,0,3,11,102.4,"1424",0,0,0,14,15,36.9,506,田中剛,美,0,22100814,01096,01119,0524510603,栄進堂,信田牧場,デクラレーションオブウォー,エーシンセノーテ,フレンチデピュティ,鹿毛,220417,   72.4,  ,    ,56.5
24,11,02,5,東京,1,06,新馬,15,ダ,1,1600,重,セイウンヤタガラス,牡,2,佐藤翔馬,53.0,16,04,6,6,0,0.6,14,100,"1400",0,0,0,7,7,35.6,426,堀内岳志,美,0,22102890,01207,01189,0524510604,西山茂行,谷川牧場,サトノクラウン,セイウンミツコ,ベーカバド,黒鹿,220311,  134.5,  ,    ,58.5
24,11,02,5,東京,1,06,新馬,15,ダ,1,1600,重,ジーティーエンジン,牡,2,田辺裕信,56.0,16,05,7,7,0,0.6,6,100,"1400",0,0,0,11,11,35.2,510,伊藤圭三,美,0,22103755,01075,01023,0524510605,田畑利彦,グランド牧場,リアルスティール,チークトゥチーク,クロフネ,芦毛,220412,   11.3,  ,    ,60.5
24,11,02,5,東京,1,06,新馬,15,ダ,1,1600,重,ハロルドテソーロ  ,牡,2,柴田大知,56.0,16,06,16,16,0,7.3,16,106.7,"1467",0,0,0,16,16,40,470,田中剛,美,0,22104375,01009,01119,0524510606,了徳寺健二ホールデ,藤沢牧場,ロゴタイプ,パーフェクトワン,ノヴェリスト,鹿毛,220410,  202.4,  ,    ,50.1
24,11,02,5,東京,1,06,新馬,15,ダ,1,1600,重,オーレオリン      ,牡,2,木幡初也,56.0,16,07,12,12,0,1.6,15,101,"1410",0,0,0,13,13,35.9,468,黒岩陽一,美,0,22106207,01153,01133,0524510607,ビッグレッドファー,小泉学,ゴールドドリーム,ミラクルモーメント,フジキセキ,青毛,220327,  182.6,  ,    ,58.8
24,11,02,5,東京,1,06,新馬,15,ダ,1,1600,重,ゴールドシャーク  ,牝,2,幸英明,55.0,16,08,11,11,0,1.4,10,100.8,"1408",0,0,0,4,4,36.7,462,水野貴広,美,0,22101917,00732,01094,0524510608,野村茂雄,日高大洋牧場,オルフェーヴル,ゴールドゲッコー,クロフネ,栗毛,220216,   56.2,  ,    ,54.8
24,11,02,5,東京,1,06,新馬,15,ダ,1,1600,重,ネクストダンサー  ,牝,2,Ｍ．デム,55.0,16,09,2,2,0,0.2,2,99.6,"1396",0,0,0,1,1,35.8,476,伊藤圭三,美,290,22103753,05212,01023,0524510609,是枝浩平,グランド牧場,ドレフォン,タイニーダンサー,サウスヴィグラス,鹿毛,220308,    3.5,  ,    ,56.9
24,11,02,5,東京,1,06,新馬,15,ダ,1,1600,重,ボルトテソーロ    ,牡,2,松山弘平,56.0,16,10,1,1,0,-0.2,3,99.4,"1394",0,0,0,2,2,35.6,478,栗田徹,美,720,22106718,01126,01127,0524510610,了徳寺健二ホールデ,パカパカファーム,サンダースノー,カメリアローズ2,Oratorio,鹿毛,220412,    6.1,  ,    ,57.5
24,11,02,5,東京,1,06,新馬,15,ダ,1,1600,重,ファンタイムギフト,牡,2,石川裕紀,56.0,16,11,3,3,0,0.3,4,99.7,"1397",0,0,0,3,3,35.8,502,相沢郁,美,180,22102378,01150,01020,0524510611,星野祐介,二風谷ファーム,ドレフォン,トウカイシェーン,ダイワメジャー,黒鹿,220418,    7.8,  ,    ,57.1
24,11,02,5,東京,1,06,新馬,15,ダ,1,1600,重,ヨシノイクスプレス,牡,2,原優介,55.0,16,12,13,13,0,2.8,12,102.2,"1422",0,0,0,11,11,37.4,496,高木登,美,0,22102704,01184,01088,0524510612,清水義徳,ガーベラパークスタ,アジアエクスプレス,シンデレラメイク,ディープブリランテ,栗毛,220325,   89.0,  ,    ,54.0
24,11,02,5,東京,1,06,新馬,15,ダ,1,1600,重,ケルピー          ,セ,2,木幡巧也,56.0,16,13,9,9,0,1.3,13,100.7,"1407",0,0,0,15,13,35.6,486,小野次郎,美,0,22101801,01162,01125,0524510613,鈴木淳人,中川欽一,カレンブラックヒル,ニシケンイチリン,バトルプラン,鹿毛,220501,  122.9,  ,    ,59.7
24,11,02,5,東京,1,06,新馬,15,ダ,1,1600,重,カーフキック      ,牡,2,荻野極,56.0,16,14,4,4,0,0.4,5,99.8,"1398",0,0,0,8,7,35.3,448,高橋文雅,美,110,22104840,01160,01134,0524510614,サンデーレーシング,ノーザンファーム,マインドユアビスケッツ,ジョンブドール,ステイゴールド,栗毛,220313,    8.5,  ,    ,59.6
24,11,02,5,東京,1,06,新馬,15,ダ,1,1600,重,アイアムイチバン  ,牡,2,戸崎圭太,56.0,16,15,5,5,0,0.4,1,99.8,"1398",0,0,0,6,6,35.6,510,奥平雅士,美,72,22103183,05386,01074,0524510615,ワイズマン,まるとみ冨岡牧場,パイロ,アイアムネフライト,アグネスタキオン,黒鹿,220310,    3.2,  ,    ,58.2
24,11,02,5,東京,1,06,新馬,15,ダ,1,1600,重,アタリダイキチ    ,牡,2,杉原誠人,56.0,16,16,8,8,0,1.2,9,100.6,"1406",0,0,0,8,7,36.2,474,西田雄一,美,0,22107138,01135,01187,0524510616,西村新一郎,八島夕起子,アルアイン,グランドデザイン,パイロ,青鹿,220413,   41.6,  ,    ,56.7
24,11,02,5,東京,1,07,１勝ｸﾗｽ,23,ダ,1,1600,重,アンクエンチャブル,セ,3,三浦皇成,57.0,14,01,2,2,0,0.5,3,95.9,"1359",0,0,0,1,1,36.9,516,高柳瑞樹,美,320,21101660,01122,01118,0524510701,ゴドルフィン,ダーレー・ジャパン,ディスクリートキャット,スモーダリング,パイロ,栗毛,210204,    5.2,  ,    ,45.9
24,11,02,5,東京,1,07,１勝ｸﾗｽ,23,ダ,1,1600,重,サクラトップリアル,牡,3,横山和生,57.0,14,02,1,1,0,-0.5,1,95.4,"1354",0,0,0,3,2,36.1,516,田村康仁,美,800,21104159,01140,01027,0524510702,櫻井秀樹,千代田牧場,リアルスティール,マーガレットメドウ,"Distorted Humor",鹿毛,210308,    3.0,  ,    ,48.6
24,11,02,5,東京,1,07,１勝ｸﾗｽ,23,ダ,1,1600,重,ネオシルバー      ,牡,3,田辺裕信,57.0,14,03,3,3,0,1.1,4,96.5,"1365",0,0,0,10,9,36.3,502,小西一男,美,200,21106063,01075,00405,0524510703,西田俊二,岩見牧場,シルバーステート,オーサムクイーン,クロフネ,芦毛,210323,    5.6,  ,    ,49.5
24,11,02,5,東京,1,07,１勝ｸﾗｽ,23,ダ,1,1600,重,ビップチェイス    ,牡,3,江田照男,57.0,14,04,10,10,0,2.3,8,97.7,"1377",0,0,0,9,7,37.7,464,田島俊明,美,0,21105763,00689,01112,0524510704,鈴木邦英,ノーザンファーム,アルアイン,ベッラレイア,ナリタトップロード,鹿毛,210212,   59.0,  ,    ,45.5
24,11,02,5,東京,1,07,１勝ｸﾗｽ,23,ダ,1,1600,重,オウケンヴィーナス,牝,3,原優介,54.0,14,05,9,9,0,2,10,97.4,"1374",0,0,0,13,11,36.8,406,松永康利,美,0,21105451,01184,01093,0524510705,福井明,ノーザンファーム,ルーラーシップ,オウケンビリーヴ,クロフネ,鹿毛,210217,  216.0,  ,    ,48.8
24,11,02,5,東京,1,07,１勝ｸﾗｽ,23,ダ,1,1600,重,インテルメディオ  ,牡,3,戸崎圭太,57.0,14,06,5,5,0,1.3,2,96.7,"1367",0,0,0,5,4,37,532,栗田徹,美,80,21104922,05386,01127,0524510706,シルクレーシング,社台コーポレーショ,ドレフォン,メリーウィドウ,ゴールドアリュール,栗毛,210228,    3.7,  ,    ,46.8
24,11,02,5,東京,1,07,１勝ｸﾗｽ,23,ダ,1,1600,重,アンバーホーク    ,セ,4,木幡育也,58.0,14,07,0,0,3,999.9,0,0,"----",0,0,0,0,0,0,534,蛯名正義,美,0,20104754,01167,01191,0524510707,フジワラ・ファーム,フジワラフアーム,デクラレーションオブウォー,ダイワデッセー,スペシャルウィーク,栗毛,200409,    0.0,  ,    , 0.0
24,11,02,5,東京,1,07,１勝ｸﾗｽ,23,ダ,1,1600,重,ホワイトクロウ    ,セ,6,松山弘平,58.0,14,08,4,4,0,1.1,6,96.5,"1365",0,0,0,12,11,35.9,472,矢野英一,美,120,18105544,01126,01108,0524510708,キャロットファーム,社台コーポレーショ,ヘニーヒューズ,ピエリーナ,チチカステナンゴ,芦毛,180131,   15.8,  ,    ,51.3
24,11,02,5,東京,1,07,１勝ｸﾗｽ,23,ダ,1,1600,重,サンダーユニバンス,牡,3,岩田康誠,57.0,14,09,12,12,0,2.9,7,98.3,"1383",0,0,0,3,4,38.7,474,奥村豊,栗,0,21105839,05203,01146,0524510709,亀井哲也,ノーザンファーム,ドレフォン,ラテラス,"Harlan's Holiday",鹿毛,210223,   25.2,  ,    ,42.4
24,11,02,5,東京,1,07,１勝ｸﾗｽ,23,ダ,1,1600,重,ルフレーヴ        ,セ,4,杉原誠人,58.0,14,10,0,0,4,999.9,12,0,"----",0,0,0,5,13,0,480,古賀慎明,美,0,20104490,01135,01079,0524510710,長谷川祐司,千代田牧場,ハーツクライ,タミーザトルピード,"More Than Ready",黒鹿,200406,  259.1,  ,    , 0.0
24,11,02,5,東京,1,07,１勝ｸﾗｽ,23,ダ,1,1600,重,ユウトザキンパツ  ,牡,3,小崎綾也,57.0,14,11,11,11,0,2.8,13,98.2,"1382",0,0,0,2,2,38.9,476,小崎憲,栗,0,21104597,01152,01085,0524510711,中川雄斗,山田牧場,トゥザワールド,サクラシンフォニー,ワイルドラッシュ,栗毛,210313,  261.5,  ,    ,41.5
24,11,02,5,東京,1,07,１勝ｸﾗｽ,23,ダ,1,1600,重,ジーベック        ,牡,3,吉田豊,57.0,14,12,8,8,0,1.9,5,97.3,"1373",0,0,0,7,6,37.5,454,矢作芳人,栗,0,21103242,00733,01075,0524510712,広尾レース,三嶋牧場,"Gun Runner",ステラエージェント,"More Than Ready",栗毛,210226,    6.9,  ,    ,45.7
24,11,02,5,東京,1,07,１勝ｸﾗｽ,23,ダ,1,1600,重,ロストボール      ,セ,5,佐藤翔馬,55.0,14,13,6,6,0,1.4,11,96.8,"1368",0,0,0,8,7,36.8,438,加藤和宏,美,0,19106972,01207,01077,0524510713,大田恭充,山田政宏,フリオーソ,センスオブラヴ,ストリートセンス,栗毛,190318,  216.5,  ,    ,47.8
24,11,02,5,東京,1,07,１勝ｸﾗｽ,23,ダ,1,1600,重,タイキバルドル    ,牡,4,木幡巧也,58.0,14,14,7,7,0,1.6,9,97,"1370",0,0,0,10,9,36.8,472,勢司和浩,美,0,20106817,01162,01047,0524510714,大樹ファーム,ビクトリーホースラ,ダイワメジャー,タイキキララ,キングヘイロー,栗毛,200306,  140.2,  ,    ,48.2
24,11,02,5,東京,1,08,秋陽ジャ,131,芝,2,3110,稍,サペラヴィ        ,牡,7,江田勇亮,61.0,8,01,1,1,0,-0.3,2,212.1,"3321",0,1,1,1,1,13.6,490,南田美知,美,1650,17100316,01023,00437,0524510801,伊達敏明,サンシャイン牧場,ローズキングダム,セミニョン,マンハッタンカフェ,鹿毛,170428,    3.9,  ,    , 0.0
24,11,02,5,東京,1,08,秋陽ジャ,131,芝,2,3110,稍,サイード          ,セ,5,小牧加矢,60.0,8,02,2,2,0,0.3,3,212.4,"3324",0,2,2,5,5,13.7,498,角田晃一,栗,660,19103152,01196,01121,0524510802,前田幸治,土居牧場,キズナ,セレブラール,ボストンハーバー,鹿毛,190423,    7.2,  ,    , 0.0
24,11,02,5,東京,1,08,秋陽ジャ,131,芝,2,3110,稍,ヴァレッタカズマ  ,牡,5,森一馬,60.0,8,03,6,6,0,0.9,6,213,"3330",0,3,3,7,7,13.7,508,藤野健太,栗,0,19105292,01139,01200,0524510803,吉田和美,ノーザンファーム,ミッキーアイル,ティッカーコード,"Giant's Causeway",鹿毛,190323,   12.8,  ,    , 0.0
24,11,02,5,東京,1,08,秋陽ジャ,131,芝,2,3110,稍,アンクルブラック  ,牡,4,高田潤,59.0,8,04,3,3,0,0.7,5,212.8,"3328",0,3,3,3,2,13.7,474,高橋亮,栗,410,20101756,01046,01136,0524510804,塚本能交,竹島幸治,キタサンブラック,ウインクルキラリ,ダンスインザダーク,黒鹿,200428,   11.8,  ,    , 0.0
24,11,02,5,東京,1,08,秋陽ジャ,131,芝,2,3110,稍,ヴェイルネビュラ  ,セ,6,草野太郎,60.0,8,05,4,4,0,0.7,1,212.8,"3328",0,7,5,2,2,13.7,496,大竹正博,美,250,18105349,01113,01102,0524510805,吉田勝己,ノーザンファーム,ロードカナロア,リングネブラ,ハーツクライ,鹿毛,180218,    1.7,  ,    , 0.0
24,11,02,5,東京,1,08,秋陽ジャ,131,芝,2,3110,稍,プラチナドリーム  ,牡,5,黒岩悠,59.0,8,06,5,5,0,0.8,8,212.9,"3329",0,8,8,8,8,13.7,474,平田修,栗,165,19106330,01072,01082,0524510806,飯田正剛,千代田牧場,ホッコータルマエ,サティーヌアロム,シンボリクリスエス,鹿毛,190503,   83.9,  ,    , 0.0
24,11,02,5,東京,1,08,秋陽ジャ,131,芝,2,3110,稍,ニンギルス        ,牡,7,難波剛健,59.0,8,07,8,8,0,2.4,7,214.5,"3345",0,5,5,3,4,13.8,456,鈴木孝志,栗,0,17103048,01066,01111,0524510807,武田茂男,中神牧場,トゥザグローリー,ミコノス,"With Approval",栗毛,170223,   60.1,  ,    , 0.0
24,11,02,5,東京,1,08,秋陽ジャ,131,芝,2,3110,稍,ナリノモンターニュ,牡,7,金子光希,60.0,8,08,7,7,0,1.4,4,213.5,"3335",0,5,5,6,5,13.7,520,上原博之,美,0,17104700,01052,00423,0524510808,成塚清志,社台ファーム,ヴィクトワールピサ,オメガアイランド,エルコンドルパサー,黒鹿,170222,    9.2,  ,    , 0.0
24,11,02,5,東京,1,09,神奈川新･2勝,43,ダ,1,2100,重,グロバーテソーロ  ,牡,3,原優介,56.0,16,01,1,1,0,0,7,129.8,"2098",0,4,4,3,3,35.5,506,高木登,美,1550,21101147,01184,01088,0524510901,了徳寺健二ホールデ,沖田牧場,オルフェーヴル,ツクシヒメ,カコイーシーズ,栗毛,210427,   13.3,  ,    ,56.3
24,11,02,5,東京,1,09,神奈川新･2勝,43,ダ,1,2100,重,フォーワンセルフ  ,牡,5,野中悠太,58.0,16,02,13,13,0,1.5,16,131.3,"2113",0,11,11,14,14,36.1,520,小手川準,美,0,19102163,01158,01171,0524510902,アドバンス・サッポ,碧雲牧場,パイロ,フォーミー,アドマイヤマックス,栗毛,190501,  330.3,  ,    ,55.5
24,11,02,5,東京,1,09,神奈川新･2勝,43,ダ,1,2100,重,ピュアキアン      ,牡,3,吉田豊,56.0,16,03,3,3,0,0.1,3,129.9,"2099",0,1,1,1,1,35.9,508,竹内正洋,美,390,21107001,00733,01152,0524510903,鶴見芳子,村上欽哉,ホッコータルマエ,ピュアプレジャー,Tiznow,鹿毛,210325,    7.1,  ,    ,54.7
24,11,02,5,東京,1,09,神奈川新･2勝,43,ダ,1,2100,重,シグムンド        ,牡,3,柴田大知,56.0,16,04,6,6,0,0.8,6,130.6,"2106",0,7,6,8,6,36.1,500,岩戸孝樹,美,0,21106353,01009,01051,0524510904,田頭勇貴,タニグチ牧場,アポロキングダム,アポロプリンセス,カネヒキリ,栗毛,210404,   12.9,  ,    ,54.7
24,11,02,5,東京,1,09,神奈川新･2勝,43,ダ,1,2100,重,アヴィオンドール  ,牝,4,石川裕紀,56.0,16,05,15,15,0,2.6,12,132.4,"2124",0,13,14,14,16,37,530,手塚貴久,美,0,20103684,01150,01038,0524510905,サンデーレーシング,ノーザンファーム,ドゥラメンテ,リュヌドール,"Green Tune",栗毛,200309,   73.2,  ,    ,53.1
24,11,02,5,東京,1,09,神奈川新･2勝,43,ダ,1,2100,重,トクシースタローン,牡,5,内田博幸,58.0,16,06,7,7,0,0.9,8,130.7,"2107",0,12,11,10,12,35.7,510,辻哲英,美,0,19103728,00422,01182,0524510906,AIレーシング,高村牧場,ホッコータルマエ,プライムウィッシュ,シンボリクリスエス,黒鹿,190425,   15.3,  ,    ,56.4
24,11,02,5,東京,1,09,神奈川新･2勝,43,ダ,1,2100,重,シゲルカミカゼ    ,牡,4,大野拓弥,58.0,16,07,9,9,0,1,5,130.8,"2108",0,8,9,10,9,36,526,松山将樹,美,0,20102077,01096,01100,0524510907,關美和,広富牧場,ドレフォン,ゼクト,サウスヴィグラス,黒鹿,200402,   11.7,  ,    ,55.3
24,11,02,5,東京,1,09,神奈川新･2勝,43,ダ,1,2100,重,トーセンクライスト,牡,5,荻野極,58.0,16,08,12,12,0,1.3,14,131.1,"2111",0,15,16,16,14,35.9,522,宗像義忠,美,0,19104467,01160,00420,0524510908,島川隆哉,追分ファーム,オルフェーヴル,セレスティアルキャット,"Tale of the Cat",栗毛,190204,   91.2,  ,    ,56.1
24,11,02,5,東京,1,09,神奈川新･2勝,43,ダ,1,2100,重,ピュアグルーヴ    ,牝,4,藤岡佑介,56.0,16,09,5,5,0,0.8,10,130.6,"2106",0,5,4,6,6,36,472,藤岡健一,栗,155,20103444,01093,01062,0524510909,シルクレーシング,ノーザンファーム,ドレフォン,スペシャルグルーヴ,スペシャルウィーク,鹿毛,200408,   36.3,  ,    ,55.1
24,11,02,5,東京,1,09,神奈川新･2勝,43,ダ,1,2100,重,アムールドパリ    ,牝,3,松山弘平,54.0,16,10,2,2,0,0,2,129.8,"2098",0,2,2,3,3,35.5,454,稲垣幸雄,美,620,21105264,01126,01167,0524510910,吉田千津,社台ファーム,マインドユアビスケッツ,ラブリネスオブパリ,サンデーサイレンス,芦毛,210419,    4.0,  ,    ,56.3
24,11,02,5,東京,1,09,神奈川新･2勝,43,ダ,1,2100,重,コウユーパパニニテ,牡,5,北村宏司,58.0,16,11,16,16,0,4.1,15,133.9,"2139",0,5,6,3,3,39.6,534,辻哲英,美,0,19100119,01043,01182,0524510911,加治屋貞光,海馬沢明,トビーズコーナー,ゴールドオアシス,アフリート,栗毛,190422,  249.4,  ,    ,45.3
24,11,02,5,東京,1,09,神奈川新･2勝,43,ダ,1,2100,重,サンライズソレイユ,牡,3,田辺裕信,56.0,16,12,11,11,0,1.1,1,130.9,"2109",0,10,9,10,9,36.1,514,矢作芳人,栗,0,21105104,01075,01075,0524510912,ライフハウス,社台ファーム,キズナ,ソラリア,"Scat Daddy",黒鹿,210505,    3.4,  ,    ,55.0
24,11,02,5,東京,1,09,神奈川新･2勝,43,ダ,1,2100,重,ジョウショーパワー,牡,4,藤懸貴志,58.0,16,13,14,14,0,1.9,11,131.7,"2117",0,2,2,6,6,37.2,466,中尾秀正,栗,0,20105228,01138,01069,0524510913,熊田義孝,五丸農場,バンドワゴン,ジョウショーコトミ,リンカーン,黒鹿,200409,   37.7,  ,    ,51.6
24,11,02,5,東京,1,09,神奈川新･2勝,43,ダ,1,2100,重,ムジェロ          ,牡,4,戸崎圭太,58.0,16,14,8,8,0,0.9,4,130.7,"2107",0,8,8,8,9,35.9,502,藤原英昭,栗,0,20103414,05386,01055,0524510914,ラ・メール,ノーザンファーム,ハーツクライ,シーヴ,Mineshaft,鹿毛,200115,    7.1,  ,    ,55.6
24,11,02,5,東京,1,09,神奈川新･2勝,43,ダ,1,2100,重,インペリアルライン,セ,5,木幡巧也,58.0,16,15,10,10,0,1.1,9,130.9,"2109",0,13,14,13,12,35.8,480,中舘英二,美,0,19104953,01162,01153,0524510915,社台レースホース,社台ファーム,ドゥラメンテ,ルーヴインペリアル,"Giant's Causeway",栗毛,190416,   25.8,  ,    ,56.3
24,11,02,5,東京,1,09,神奈川新･2勝,43,ダ,1,2100,重,エンツォウーノ    ,セ,4,岩田康誠,58.0,16,16,4,4,0,0.3,13,130.1,"2101",0,15,11,2,2,36,502,田中克典,栗,230,20104790,05203,01180,0524510916,廣崎智子,藤原牧場,エイシンヒカリ,トレノエンジェル,タイキシャトル,芦毛,200418,   74.7,  ,    ,54.6
24,11,02,5,東京,1,10,ノベンＨ･3勝,67,芝,0,1800,稍,コントラポスト    ,牡,4,横山和生,57.0,10,01,1,1,0,0,2,105.1,"1451",0,0,4,4,3,35.5,464,菊沢隆徳,美,1840,20102740,01140,01115,0524511001,ライオンレースホー,社台ファーム,ルーラーシップ,アカンサス,フジキセキ,青鹿,200411,    3.4,  ,    ,48.0
24,11,02,5,東京,1,10,ノベンＨ･3勝,67,芝,0,1800,稍,ビジュノワール    ,牝,5,北村宏司,53.0,10,02,6,6,0,0.8,4,105.9,"1459",0,0,1,2,2,36.6,464,中舘英二,美,0,19105177,01043,01153,0524511002,吉田勝己,ノーザンファーム,キタサンブラック,クーデグレイス,ホワイトマズル,青鹿,190412,    7.2,  ,    ,44.7
24,11,02,5,東京,1,10,ノベンＨ･3勝,67,芝,0,1800,稍,グラニット        ,牡,4,大野拓弥,55.0,10,03,3,3,0,0.5,5,105.6,"1456",0,0,2,4,5,35.7,472,大和田成,美,460,20100810,01096,01124,0524511003,ミルファーム,猿橋義昭,ダノンバラード,インティワタナ,フサイチコンコルド,鹿毛,200222,    8.3,  ,    ,47.9
24,11,02,5,東京,1,10,ノベンＨ･3勝,67,芝,0,1800,稍,ロジマンボ        ,牡,5,内田博幸,54.0,10,04,5,5,0,0.7,10,105.8,"1458",0,0,10,10,10,35,486,古賀慎明,美,184,19105559,00422,01079,0524511004,久米田正明,ノーザンファーム,ドゥラメンテ,ロジプリンセス,ディープインパクト,黒鹿,190314,  102.2,  ,    ,51.1
24,11,02,5,東京,1,10,ノベンＨ･3勝,67,芝,0,1800,稍,ディオスバリエンテ,セ,6,藤岡佑介,56.0,10,05,10,10,0,1.6,3,106.7,"1467",0,0,5,6,6,36.6,480,堀宣行,美,0,18105147,01093,01070,0524511005,キャロットファーム,ノーザンファーム,ロードカナロア,ディアデラノビア,サンデーサイレンス,鹿毛,180311,    7.1,  ,    ,45.8
24,11,02,5,東京,1,10,ノベンＨ･3勝,67,芝,0,1800,稍,エイカイマッケンロ,牡,5,松山弘平,55.0,10,06,4,4,0,0.5,7,105.6,"1456",0,0,5,8,8,35.2,500,藤原英昭,栗,280,19104800,01126,01055,0524511006,二木英実,社台ファーム,ロードカナロア,ダイワミランダ,ハービンジャー,鹿毛,190214,   16.8,  ,    ,50.0
24,11,02,5,東京,1,10,ノベンＨ･3勝,67,芝,0,1800,稍,レガーロデルシエロ,牡,3,戸崎圭太,55.0,10,07,2,2,0,0,1,105.1,"1451",0,0,5,6,6,35,514,栗田徹,美,740,21105661,05386,01127,0524511007,サンデーレーシング,ノーザンファーム,ロードカナロア,デアレガーロ,マンハッタンカフェ,鹿毛,210218,    2.6,  ,    ,50.1
24,11,02,5,東京,1,10,ノベンＨ･3勝,67,芝,0,1800,稍,ウインリブルマン  ,牡,6,三浦皇成,56.0,10,08,9,9,0,1.3,8,106.4,"1464",0,0,2,1,1,37.2,498,緒方努,栗,0,18101621,01122,01193,0524511008,ウイン,コスモヴューファー,エピファネイア,ウインリバティ,ダンスインザダーク,栗毛,180429,   32.7,  ,    ,43.0
24,11,02,5,東京,1,10,ノベンＨ･3勝,67,芝,0,1800,稍,モズロックンロール,牡,4,Ｍ．デム,56.0,10,09,8,8,0,1.2,6,106.3,"1463",0,0,5,2,3,36.7,512,藤岡健一,栗,0,20106535,05212,01062,0524511009,北側雅司,多田善弘,ビーチパトロール,モズソフィ,マンハッタンカフェ,黒鹿,200413,   15.5,  ,    ,44.8
24,11,02,5,東京,1,10,ノベンＨ･3勝,67,芝,0,1800,稍,ミカッテヨンデイイ,牝,4,小林脩斗,51.0,10,10,7,7,0,0.9,9,106,"1460",0,0,9,8,8,35.5,414,堀内岳志,美,0,20103049,01183,01189,0524511010,ニューマレコード,社台ファーム,イスラボニータ,ボルティモア,ステイゴールド,黒鹿,200514,   76.0,  ,    ,49.3
24,11,02,5,東京,1,11,京王杯２G2,179,芝,0,1400,稍,キタノクニカラ    ,牝,2,杉原誠人,55.0,14,01,9,9,0,1,11,82.2,"1222",0,0,0,5,5,34.9,390,小島茂之,美,0,22103316,01135,01068,0524511101,ミルファーム,ミルファーム,ダノンバラード,キタノリツメイ,アイルハヴアナザー,鹿毛,220413,  104.9,  ,    ,51.6
24,11,02,5,東京,1,11,京王杯２G2,179,芝,0,1400,稍,リアルショット    ,牡,2,三浦皇成,56.0,14,02,14,14,0,2.5,12,83.7,"1237",0,0,0,9,9,36.1,462,加藤征弘,美,0,22105598,01122,01059,0524511102,イージス,アスラン,リアルスティール,ストライクショット,ファルブラヴ,鹿毛,220330,  139.7,  ,    ,48.9
24,11,02,5,東京,1,11,京王杯２G2,179,芝,0,1400,稍,エイシンワンド    ,牡,2,幸英明,56.0,14,03,8,8,0,1,2,82.2,"1222",0,0,0,5,5,34.9,486,大久保龍,栗,0,22102849,00732,01058,0524511103,栄進堂,高野牧場,ディスクリートキャット,エイシンフェアリー,タイキシャトル,鹿毛,220305,    4.3,  ,    ,51.6
24,11,02,5,東京,1,11,京王杯２G2,179,芝,0,1400,稍,ヤンキーバローズ  ,牡,2,岩田康誠,56.0,14,04,3,3,0,0.3,4,81.5,"1215",0,0,0,9,10,33.8,472,上村洋行,栗,950,22103051,05203,01168,0524511104,猪熊広次,富田牧場,エピファネイア,キャンディバローズ,ディープインパクト,青毛,220213,    7.6,  ,    ,55.8
24,11,02,5,東京,1,11,京王杯２G2,179,芝,0,1400,稍,エンドレスサマー  ,牡,2,横山和生,56.0,14,05,10,10,0,1.1,9,82.3,"1223",0,0,0,12,13,34.2,506,上原佑紀,美,0,22104769,01140,01192,0524511105,フィールドレーシン,ノーザンファーム,アルアイン,コケレール,Zamindar,鹿毛,220411,   38.9,  ,    ,55.5
24,11,02,5,東京,1,11,京王杯２G2,179,芝,0,1400,稍,ヒシアマン        ,牡,2,藤岡佑介,56.0,14,06,4,4,0,0.3,1,81.5,"1215",0,0,0,7,7,34.1,462,堀宣行,美,570,22104594,01093,01070,0524511106,"Hishi Partners",ノーザンファーム,モーリス,アシュリン,マンハッタンカフェ,鹿毛,220226,    2.6,  ,    ,54.3
24,11,02,5,東京,1,11,京王杯２G2,179,芝,0,1400,稍,パンジャタワー    ,牡,2,松山弘平,56.0,14,07,1,1,0,-0.1,8,81.2,"1212",0,0,0,7,7,33.8,480,橋口慎介,栗,3800,22101732,01126,01154,0524511107,"Deep Creek",チャンピオンズファ,タワーオブロンドン,クラークスデール,ヴィクトワールピサ,鹿毛,220221,   21.0,  ,    ,55.2
24,11,02,5,東京,1,11,京王杯２G2,179,芝,0,1400,稍,マリノトニトゥルス,牝,2,原優介,55.0,14,08,11,11,0,1.1,13,82.3,"1223",0,0,0,1,1,36,460,武市康男,美,0,22101290,01184,01089,0524511108,矢野まり子,クラウン日高牧場,サンダースノー,ナオミマリア,キングカメハメハ,鹿毛,220315,  170.7,  ,    ,46.5
24,11,02,5,東京,1,11,京王杯２G2,179,芝,0,1400,稍,バニーラビット    ,牡,2,荻野極,56.0,14,09,7,7,0,1,10,82.2,"1222",0,0,0,9,10,34.5,480,武幸四郎,栗,0,22104929,01160,01160,0524511109,藤田晋,ノーザンファーム,アドマイヤマーズ,トレジャリング,"Havana Gold",栗毛,220130,   40.7,  ,    ,53.7
24,11,02,5,東京,1,11,京王杯２G2,179,芝,0,1400,稍,クラスペディア    ,牡,2,小崎綾也,56.0,14,10,5,5,0,0.6,6,81.8,"1218",0,0,0,2,3,35.3,492,河嶋宏樹,栗,380,22106394,01152,01198,0524511110,塚田義広,田端牧場,ミスターメロディ,ウンベラータ,アグネスタキオン,黒鹿,220331,   15.5,  ,    ,48.8
24,11,02,5,東京,1,11,京王杯２G2,179,芝,0,1400,稍,マイネルチケット  ,牡,2,戸崎圭太,56.0,14,11,2,2,0,0.1,5,81.3,"1213",0,0,0,4,4,34.3,456,宮徹,栗,1500,22106768,05386,01018,0524511111,サラブレッドクラブ,ビッグレッドファー,ダノンバラード,エントリーチケット,マツリダゴッホ,鹿毛,220318,    7.8,  ,    ,52.8
24,11,02,5,東京,1,11,京王杯２G2,179,芝,0,1400,稍,シンフォーエバー  ,牡,2,田辺裕信,56.0,14,12,6,6,0,0.7,7,81.9,"1219",0,0,0,2,2,35.6,494,森秀行,栗,0,22110114,01075,00427,0524511112,藤田晋,"Bret Jones",Complexity,Praising,Pulpit,鹿毛,220507,   16.9,  ,    ,47.5
24,11,02,5,東京,1,11,京王杯２G2,179,芝,0,1400,稍,レモンバーム      ,牝,2,Ｍ．デム,55.0,14,13,12,12,0,1.4,3,82.6,"1226",0,0,0,14,12,34.7,454,嘉藤貴行,美,0,22106796,05212,01195,0524511113,ビッグレッドファー,ビッグレッドファー,ジョーカプチーノ,フライングメリッサ,ダンスインザダーク,黒鹿,220502,    7.2,  ,    ,53.5
24,11,02,5,東京,1,11,京王杯２G2,179,芝,0,1400,稍,カガバベル        ,牡,2,石川裕紀,56.0,14,14,13,13,0,1.5,14,82.7,"1227",0,0,0,12,13,34.7,514,萱野浩二,美,0,22106677,01150,01024,0524511114,香川憲次,ハクレイファーム,タワーオブロンドン,アスタラビクトリア,ネオユニヴァース,栗毛,220208,  246.3,  ,    ,53.7
24,11,02,5,東京,1,12,２勝ｸﾗｽ,43,芝,0,2000,稍,ウインオーディン  ,牡,4,三浦皇成,58.0,7,01,1,1,0,-0.6,1,122.1,"2021",0,0,2,2,2,34.9,492,鹿戸雄一,美,1140,20105217,01122,01097,0524511201,ウイン,コスモヴューファー,エピファネイア,ピエナビーナス,フジキセキ,黒鹿,200511,    1.4,  ,    ,57.1
24,11,02,5,東京,1,12,２勝ｸﾗｽ,43,芝,0,2000,稍,ムガ              ,牝,5,小崎綾也,56.0,7,02,4,4,0,1.1,2,123.2,"2032",0,0,6,5,5,35.4,464,高橋一哉,栗,170,19103742,01152,01206,0524511202,村田博司,田中スタッド,キズナ,チョコレートリリー,ウォーエンブレム,黒鹿,190508,    4.6,  ,    ,56.3
24,11,02,5,東京,1,12,２勝ｸﾗｽ,43,芝,0,2000,稍,コレオグラファー  ,牡,4,石川裕紀,58.0,7,03,3,3,0,0.6,4,122.7,"2027",0,0,1,1,1,35.5,480,高柳大輔,栗,290,20101921,01150,01159,0524511203,大谷正嗣,戸川牧場,モーリス,ソルトオブジアース,アグネスデジタル,鹿毛,200317,   10.8,  ,    ,55.3
24,11,02,5,東京,1,12,２勝ｸﾗｽ,43,芝,0,2000,稍,タイラーテソーロ  ,牡,5,荻野極,58.0,7,04,6,6,0,1.8,3,123.9,"2039",0,0,4,3,3,36.5,462,栗田徹,美,0,19102384,01160,01127,0524511204,了徳寺健二ホールデ,リョーケンファーム,ゴールドシップ,ノウ,"Street Cry",黒鹿,190218,    8.1,  ,    ,52.6
24,11,02,5,東京,1,12,２勝ｸﾗｽ,43,芝,0,2000,稍,ネイサン          ,牡,3,小林脩斗,54.0,7,05,5,5,0,1.8,7,123.9,"2039",0,0,5,5,5,36.1,464,粕谷昌央,美,114,21104722,01183,01096,0524511205,Mr.ホース,エスティファーム,マクマホン,トーセンベニザクラ,ダイワメジャー,黒鹿,210212,   55.5,  ,    ,54.2
24,11,02,5,東京,1,12,２勝ｸﾗｽ,43,芝,0,2000,稍,モンタナアゲート  ,牡,5,北村宏司,58.0,7,06,2,2,0,0.6,5,122.7,"2027",0,0,3,3,3,35.3,542,和田正一,美,460,19105136,01043,01114,0524511206,吉田勝己,ノーザンファーム,ダイワメジャー,カリスペル,Singspiel,黒鹿,190417,   11.3,  ,    ,56.1
24,11,02,5,東京,1,12,２勝ｸﾗｽ,43,芝,0,2000,稍,ラーテル          ,セ,4,佐藤翔馬,55.0,7,07,7,7,0,2.2,6,124.3,"2043",0,0,6,7,7,36,478,南田美知,美,0,20104285,01207,00437,0524511207,Mr.ホース,静内フジカワ牧場,ビッグアーサー,オービーレディー,コマンダーインチーフ,芦毛,200403,   48.3,  ,    ,55.1
24,11,03,5,東京,2,01,未勝利*,7,芝,0,1400,良,フェルシナ        ,牝,2,佐々木大,55.0,15,01,1,1,0,-0.1,1,82.1,"1221",0,0,0,3,2,34.2,446,西園翔太,栗,550,22105831,01197,01196,0524520101,ライオンレースホー,社台コーポレーショ,ルーラーシップ,ヒルダ,ダイワメジャー,黒鹿,220513,    2.7,  ,    ,55.0
24,11,03,5,東京,2,01,未勝利*,7,芝,0,1400,良,キーブリーゼ      ,牡,2,北村宏司,56.0,15,02,2,2,0,0.1,6,82.2,"1222",0,0,0,1,1,34.6,488,宮徹,栗,220,22102564,01043,01018,0524520102,北前孔一郎,赤田牧場,フォーウィールドライブ,キャンディキー,スクリーンヒーロー,青鹿,220317,   13.6,  ,    ,53.2
24,11,03,5,東京,2,01,未勝利*,7,芝,0,1400,良,セイカエイレーネー,牝,2,原優介,54.0,15,03,14,14,0,1.6,15,83.7,"1237",0,0,0,7,7,35.4,432,南田美知,美,0,22106296,01184,00437,0524520103,久米大,シンユウフアーム,エイシンフラッシュ,セイカハルカゼ,グラスワンダー,青鹿,220307,  367.2,  ,    ,52.3
24,11,03,5,東京,2,01,未勝利*,7,芝,0,1400,良,エバーグリーン    ,牡,2,古川奈穂,52.0,15,04,12,12,0,1.4,12,83.5,"1235",0,0,0,14,14,34.5,446,青木孝文,美,0,22100709,01190,01156,0524520104,石川秀守,白井吉美,ガルボ,ファストライフ,スーパーホーネット,栗毛,220427,  163.3,  ,    ,56.5
24,11,03,5,東京,2,01,未勝利*,7,芝,0,1400,良,デコピン          ,牡,2,大野拓弥,56.0,15,05,11,11,0,1.3,3,83.4,"1234",0,0,0,5,6,35.2,482,村田一誠,美,0,22100829,01096,01190,0524520105,菅藤孝雄,原口牧場,タワーオブロンドン,セレナータ,ストーミングホーム,栗毛,220418,    6.3,  ,    ,52.7
24,11,03,5,東京,2,01,未勝利*,7,芝,0,1400,良,サザンブラック    ,牡,2,野中悠太,56.0,15,06,15,15,0,1.8,10,83.9,"1239",0,0,0,7,9,35.5,468,根本康広,美,0,22101347,01158,01029,0524520106,サザンホールディン,坂牧場,ブラックタイド,ローズゴールド,サウスヴィグラス,黒鹿,220414,   88.9,  ,    ,52.3
24,11,03,5,東京,2,01,未勝利*,7,芝,0,1400,良,ファリア          ,牡,2,木幡巧也,56.0,15,07,10,10,0,1.3,14,83.4,"1234",0,0,0,10,12,34.7,440,土田稔,美,0,22106894,01162,00417,0524520107,ジェイアール,ホース・マネジメン,メイショウボーラー,ポルカマズルカ,ティンバーカントリー,鹿毛,220309,  257.9,  ,    ,55.3
24,11,03,5,東京,2,01,未勝利*,7,芝,0,1400,良,フェンスブレイカー,牡,2,戸崎圭太,56.0,15,08,7,7,0,1.1,5,83.2,"1232",0,0,0,14,15,34.1,536,田島俊明,美,0,22104095,05386,01112,0524520108,小林由明,谷岡牧場,ビッグアーサー,ディランディラン,サクラプレジデント,栗毛,220425,   10.5,  ,    ,58.0
24,11,03,5,東京,2,01,未勝利*,7,芝,0,1400,良,クラウンウルル    ,牡,2,小林脩斗,54.0,15,09,13,13,0,1.4,9,83.5,"1235",0,0,0,10,10,35,486,菊川正達,美,0,22101278,01183,01052,0524520109,矢野まり子,クラウン日高牧場,レッドファルクス,クラウンシトラス,スニッツェル,芦毛,220317,   58.7,  ,    ,53.9
24,11,03,5,東京,2,01,未勝利*,7,芝,0,1400,良,ワイドクリーガー  ,牡,2,城戸義政,56.0,15,10,4,4,0,0.5,4,82.6,"1226",0,0,0,13,12,33.8,468,奥村豊,栗,83,22105611,01147,01146,0524520110,幅田京子,新井牧場,サトノクラウン,ピュアアモーレ,マツリダゴッホ,鹿毛,220511,    7.2,  ,    ,58.3
24,11,03,5,東京,2,01,未勝利*,7,芝,0,1400,良,カシノフロレゾン  ,牡,2,柴田大知,56.0,15,11,6,6,0,1.1,8,83.2,"1232",0,0,0,2,2,35.4,472,和田雄二,美,0,22103490,01009,01143,0524520111,柏木務,岡田スタツド,ロジャーバローズ,イッツマイン,Medicean,鹿毛,220414,   32.6,  ,    ,51.3
24,11,03,5,東京,2,01,未勝利*,7,芝,0,1400,良,ベルシャイニー    ,牝,2,吉田豊,55.0,15,12,5,5,0,0.8,11,82.9,"1229",0,0,0,10,10,34.4,404,高橋文雅,美,55,22100280,00733,01134,0524520112,ディアレストクラブ,大北牧場,ビーチパトロール,トーセンシャイニー,ネオユニヴァース,黒鹿,220310,  135.3,  ,    ,55.7
24,11,03,5,東京,2,01,未勝利*,7,芝,0,1400,良,スパディール      ,セ,2,佐藤翔馬,53.0,15,13,9,9,0,1.2,13,83.3,"1233",0,0,0,7,7,35,430,武井亮,美,0,22104470,01207,01147,0524520113,古賀慎一,北洋牧場,サトノクラウン,ダンツカナリー,フジキセキ,黒鹿,220524,  237.3,  ,    ,53.5
24,11,03,5,東京,2,01,未勝利*,7,芝,0,1400,良,イデアニポーテ    ,牡,2,田辺裕信,56.0,15,14,8,8,0,1.2,7,83.3,"1233",0,0,0,5,4,35.3,442,矢嶋大樹,美,0,22103091,01075,01202,0524520114,益田修一,中脇栄,フィエールマン,マスイデア,リンカーン,鹿毛,220406,   21.7,  ,    ,52.0
24,11,03,5,東京,2,01,未勝利*,7,芝,0,1400,良,ニシノコイブミ    ,牝,2,三浦皇成,55.0,15,15,3,3,0,0.4,2,82.5,"1225",0,0,0,3,4,34.5,422,西田雄一,美,140,22100400,01122,01187,0524520115,西山茂行,フクオカファーム,イスラボニータ,ニシノラヴコール,ルーラーシップ,青鹿,220304,    3.3,  ,    ,54.3
24,11,03,5,東京,2,02,未勝利*,7,ダ,1,1600,重,ポッドロワール    ,牡,2,池添謙一,56.0,16,01,9,9,0,2.3,1,99.3,"1393",0,0,0,2,2,40.4,492,畠山吉宏,美,0,22101573,01032,01048,0524520201,小川眞査雄,スマイルファーム,レイデオロ,レディヴァルール,Multiplex,鹿毛,220411,    3.5,  ,    ,37.5
24,11,03,5,東京,2,02,未勝利*,7,ダ,1,1600,重,ソラノキャンバス  ,牡,2,佐々木大,56.0,16,02,5,5,0,0.9,2,97.9,"1379",0,0,0,8,8,38.1,424,武井亮,美,55,22100083,01197,01147,0524520202,MYレーシング,カケハムポニークラ,ニューイヤーズデイ,カニョット,"Sunray Spirit",栗毛,220406,    4.3,  ,    ,44.2
24,11,03,5,東京,2,02,未勝利*,7,ダ,1,1600,重,ダングラール      ,牡,2,戸崎圭太,56.0,16,03,0,0,1,999.9,0,0,"----",0,0,0,0,0,0,0,田中博康,美,0,22105288,05386,01162,0524520203,橋元勇氣,社台ファーム,ダイワメジャー,カンカンガール,"Exchange Rate",栗毛,220228,    0.0,  ,    , 0.0
24,11,03,5,東京,2,02,未勝利*,7,ダ,1,1600,重,オオタチ          ,牡,2,野中悠太,56.0,16,04,2,2,0,0.2,8,97.2,"1372",0,0,0,5,3,38,450,久保田貴,美,220,22101234,01158,01067,0524520204,諸岡慶,北田剛,ルヴァンスレーヴ,チェス,フリオーソ,黒鹿,220505,   16.0,  ,    ,43.5
24,11,03,5,東京,2,02,未勝利*,7,ダ,1,1600,重,ドラゴンラック    ,牡,2,田辺裕信,56.0,16,05,6,6,0,1.3,10,98.3,"1383",0,0,0,14,13,36.9,442,相沢郁,美,0,22103848,01075,01020,0524520205,グリーンスウォード,桜井牧場,カリフォルニアクローム,ビタースウィート,"Afleet Alex",鹿毛,220408,   23.4,  ,    ,49.8
24,11,03,5,東京,2,02,未勝利*,7,ダ,1,1600,重,メモリードライブ  ,牡,2,内田博幸,56.0,16,06,7,7,0,1.5,13,98.5,"1385",0,0,0,9,9,38.5,528,池上昌和,美,0,22105728,00422,01150,0524520206,吉田晴哉,追分ファーム,フォーウィールドライブ,ユアメモリー,シンボリクリスエス,青鹿,220416,  105.1,  ,    ,43.5
24,11,03,5,東京,2,02,未勝利*,7,ダ,1,1600,重,マルセルテソーロ  ,牡,2,柴田大知,56.0,16,07,3,3,0,0.7,5,97.7,"1377",0,0,0,5,3,38.6,470,嘉藤貴行,美,140,22102262,01009,01195,0524520207,了徳寺健二ホールデ,リョーケンファーム,フィエールマン,バレットテソーロ,Camelot,鹿毛,220321,    9.8,  ,    ,41.9
24,11,03,5,東京,2,02,未勝利*,7,ダ,1,1600,重,ヤスケ            ,牡,2,小林脩斗,54.0,16,08,10,10,0,2.6,11,99.6,"1396",0,0,0,7,7,39.9,510,中舘英二,美,0,22103295,01183,01153,0524520208,中村規,宮内牧場,リオンディーズ,バケットリスト,シンボリクリスエス,黒鹿,220123,   34.3,  ,    ,39.8
24,11,03,5,東京,2,02,未勝利*,7,ダ,1,1600,重,モンサンプレシャス,牡,2,木幡巧也,56.0,16,09,8,8,0,2.2,12,99.2,"1392",0,0,0,11,11,38.6,486,牧光二,美,0,22106176,01162,01106,0524520209,山下新一,川島牧場,コパノリッキー,プリティキャサリン,Vindication,栗毛,220321,   41.3,  ,    ,44.2
24,11,03,5,東京,2,02,未勝利*,7,ダ,1,1600,重,カンレイスキー    ,牡,2,石川裕紀,56.0,16,10,1,1,0,-0.2,9,97,"1370",0,0,0,1,1,38.2,476,竹内正洋,美,550,22106545,01150,01152,0524520210,那須野牧場,那須野,デクラレーションオブウォー,ナスノフィオナ,ホワイトマズル,鹿毛,220304,   19.5,  ,    ,42.4
24,11,03,5,東京,2,02,未勝利*,7,ダ,1,1600,重,ナックグランデ    ,牡,2,北村宏司,56.0,16,11,14,14,0,4.1,14,101.1,"1411",0,0,0,12,12,40.2,450,勢司和浩,美,0,22101507,01043,01047,0524520211,小松欣也,白瀬盛雄,シュヴァルグラン,アップサージ,パイロ,黒鹿,220309,  231.8,  ,    ,40.9
24,11,03,5,東京,2,02,未勝利*,7,ダ,1,1600,重,ベアイミュニティ  ,牡,2,佐藤翔馬,53.0,16,12,12,12,0,3.9,15,100.9,"1409",0,0,0,13,13,39.5,478,杉浦宏昭,美,0,22106955,01207,01008,0524520212,熊木浩,マリオステーブル,ドレフォン,グローリールピナス,マーベラスサンデー,栗毛,220415,  298.5,  ,    ,43.3
24,11,03,5,東京,2,02,未勝利*,7,ダ,1,1600,重,プロフェータ      ,牡,2,シュタル,56.0,16,13,13,13,0,3.9,3,100.9,"1409",0,0,0,3,3,41.7,460,斎藤誠,美,0,22101061,05115,01086,0524520213,小田吉男,天羽禮治,ハービンジャー,サピアウォーフ,クロフネ,鹿毛,220321,    6.4,  ,    ,35.2
24,11,03,5,東京,2,02,未勝利*,7,ダ,1,1600,重,テルケンレンスター,牡,2,大野拓弥,56.0,16,14,4,4,0,0.8,4,97.8,"1378",0,0,0,9,9,37.8,470,高柳瑞樹,美,83,22105932,01096,01118,0524520214,桑田照夫,橋本牧場,サトノアラジン,アールヌーヴォー,ブライアンズタイム,鹿毛,220312,    8.4,  ,    ,45.2
24,11,03,5,東京,2,02,未勝利*,7,ダ,1,1600,重,グレイスザクラウン,牡,2,原優介,55.0,16,15,15,15,0,4.8,6,101.8,"1418",0,0,0,15,15,37,508,上原博之,美,0,22105776,01184,00423,0524520215,社台レースホース,社台コーポレーショ,リーチザクラウン,キトゥンズグレイス,"Kitten's Joy",鹿毛,220207,   14.4,  ,    ,55.1
24,11,03,5,東京,2,02,未勝利*,7,ダ,1,1600,重,シュガーハイ      ,牡,2,古川奈穂,52.0,16,16,11,11,0,2.9,7,99.9,"1399",0,0,0,3,3,40.7,506,加藤士津,美,0,22104177,01190,01169,0524520216,シュガーベイビーサ,千代田牧場,リオンディーズ,ミリオンセラー2,"A.P. Indy",黒鹿,220306,   14.8,  ,    ,37.3
24,11,03,5,東京,2,03,未勝利*,7,芝,0,2000,良,エピファランド    ,牝,2,田辺裕信,55.0,9,01,3,3,0,0.2,1,121.2,"2012",0,0,3,3,3,34.5,478,武幸四郎,栗,140,22105126,01075,01160,0524520301,藤田晋,ノーザンファーム,エピファネイア,ラーゴブルー,ハーツクライ,鹿毛,220209,    1.9,  ,    ,57.7
24,11,03,5,東京,2,03,未勝利*,7,芝,0,2000,良,ディヴァインスター,牡,2,佐々木大,56.0,9,02,1,1,0,0,3,121,"2010",0,0,1,1,1,34.5,472,林徹,美,550,22105984,01197,01163,0524520302,保坂和孝,レイクヴィラファー,アドマイヤマーズ,メジロマリアン,メジロベイリー,鹿毛,220413,    3.6,  ,    ,57.5
24,11,03,5,東京,2,03,未勝利*,7,芝,0,2000,良,ニシノエージェント,牡,2,三浦皇成,56.0,9,03,4,4,0,0.4,2,121.4,"2014",0,0,2,2,2,34.9,470,千葉直人,美,83,22106155,01122,01199,0524520303,西山茂行,カミイスタット,イスラボニータ,ビクトリアスマイル,ノヴェリスト,黒鹿,220304,    3.5,  ,    ,56.2
24,11,03,5,東京,2,03,未勝利*,7,芝,0,2000,良,ヴァシーオ        ,牝,2,石川裕紀,55.0,9,04,9,9,0,2.8,7,123.8,"2038",0,0,6,5,6,36.7,464,西田雄一,美,0,22104483,01150,01187,0524520304,ビッグレッドファー,真歌田中牧場,ゴールドシップ,マイネジェシカ,ロージズインメイ,芦毛,220521,  111.4,  ,    ,51.7
24,11,03,5,東京,2,03,未勝利*,7,芝,0,2000,良,マイネルフィスキオ,牡,2,野中悠太,56.0,9,05,5,5,0,1.2,8,122.2,"2022",0,0,8,8,9,34.8,416,佐藤吉勝,美,55,22106822,01158,01035,0524520305,サラブレッドクラブ,ブルースターズファ,ゴールドシップ,ウォーブル,トーセンホマレボシ,芦毛,220515,  133.9,  ,    ,57.6
24,11,03,5,東京,2,03,未勝利*,7,芝,0,2000,良,アドマイヤフェニー,牝,2,北村宏司,55.0,9,06,8,8,0,2.5,6,123.5,"2035",0,0,9,9,6,36.4,434,宮田敬介,美,0,22101046,01043,01175,0524520306,近藤旬子,天羽牧場,モーリス,ヴィリア,ディープインパクト,鹿毛,220330,   41.0,  ,    ,52.6
24,11,03,5,東京,2,03,未勝利*,7,芝,0,2000,良,ディープカインズ  ,牡,2,酒井学,56.0,9,07,7,7,0,1.4,9,122.4,"2024",0,0,3,3,3,35.6,430,本田優,栗,0,22101097,01034,01099,0524520307,深見敏男,荒井ファーム,ノーブルミッション,アンジュデュバン,ハーツクライ,鹿毛,220305,  171.5,  ,    ,54.5
24,11,03,5,東京,2,03,未勝利*,7,芝,0,2000,良,ミトノオルフェ    ,牡,2,木幡巧也,56.0,9,08,6,6,0,1.3,5,122.3,"2023",0,0,6,7,3,35.6,486,牧光二,美,0,22104053,01162,01106,0524520308,ロイヤルパーク,田中裕之,オルフェーヴル,インヴィンシブルタッチ,"Invincible Spirit",鹿毛,220326,   14.4,  ,    ,54.4
24,11,03,5,東京,2,03,未勝利*,7,芝,0,2000,良,ガンバルマン      ,牡,2,原優介,55.0,9,09,2,2,0,0,4,121,"2010",0,0,5,5,6,33.9,454,萱野浩二,美,220,22101307,01184,01024,0524520309,大田恭充,クリアファーム,フィエールマン,リオニアンレディー,Kingmambo,黒鹿,220426,   12.9,  ,    ,60.1
24,11,03,5,東京,2,04,新馬,15,芝,0,1400,良,マニス            ,牝,2,シュタル,55.0,16,01,10,10,0,0.9,10,84.6,"1246",0,0,0,13,13,34,414,畠山吉宏,美,0,22101517,05115,01048,0524520401,ビッグレッドファー,新生ファーム,グレーターロンドン,クリスマスローズ,アグネスデジタル,鹿毛,220226,   38.9,  ,    ,61.6
24,11,03,5,東京,2,04,新馬,15,芝,0,1400,良,ロッピス          ,牝,2,丸田恭介,55.0,16,02,6,6,0,0.7,8,84.4,"1244",0,0,0,3,3,34.4,404,伊藤大士,美,0,22103309,01117,01109,0524520402,ミルファーム,ミルファーム,グレーターロンドン,ヴァップ,ストーミングホーム,鹿毛,220319,   24.4,  ,    ,59.0
24,11,03,5,東京,2,04,新馬,15,芝,0,1400,良,フィエールガール  ,牝,2,木幡巧也,55.0,16,03,11,11,0,1.1,15,84.8,"1248",0,0,0,16,16,33.8,456,土田稔,美,0,22100715,01162,00417,0524520403,山口敦広,城地牧場,フィエールマン,フォワードカール,ゼンノロブロイ,黒鹿,220415,  101.2,  ,    ,63.2
24,11,03,5,東京,2,04,新馬,15,芝,0,1400,良,ゴールドラブリー  ,牝,2,内田博幸,55.0,16,04,12,12,0,1.1,16,84.8,"1248",0,0,0,10,9,34.5,420,武藤善則,美,0,22106848,00422,01064,0524520404,居城寿与,北勝ファーム,ゴールドアクター,ゴールドプラネット,ケープブランコ,黒鹿,220315,  132.3,  ,    ,59.3
24,11,03,5,東京,2,04,新馬,15,芝,0,1400,良,エターナルライズ  ,牝,2,大野拓弥,55.0,16,05,7,7,0,0.8,4,84.5,"1245",0,0,0,1,1,34.7,422,萩原清,美,0,22105626,01096,01017,0524520405,池谷誠一,上水牧場,サートゥルナーリア,イースセティクス,ディープインパクト,青鹿,220314,    8.8,  ,    ,57.6
24,11,03,5,東京,2,04,新馬,15,芝,0,1400,良,ジェイエルハーバー,牡,2,田辺裕信,56.0,16,06,5,5,0,0.6,6,84.3,"1243",0,0,0,2,2,34.4,406,小西一男,美,72,22101810,01075,00405,0524520406,橋元幸人,ナカノファーム,マクフィ,ジェイエルノブレス,ヨハネスブルグ,黒鹿,220303,   18.1,  ,    ,58.8
24,11,03,5,東京,2,04,新馬,15,芝,0,1400,良,カリヨンベル      ,牝,2,柴田大知,55.0,16,07,16,16,0,2,12,85.7,"1257",0,0,0,5,5,35.6,436,萱野浩二,美,0,22106778,01009,01024,0524520407,ビッグレッドファー,ビッグレッドファー,ウインブライト,コスモベル,"Formal Dinner",青鹿,220609,   85.2,  ,    ,55.5
24,11,03,5,東京,2,04,新馬,15,芝,0,1400,良,カフジウヴァ      ,牡,2,北村宏司,56.0,16,08,9,9,0,0.9,7,84.6,"1246",0,0,0,3,3,34.6,454,中竹和也,栗,0,22110050,01043,01039,0524520408,加藤守,"English Channel Co","English Channel","Over Served","Black Minnaloushe",栗毛,220321,   23.8,  ,    ,58.4
24,11,03,5,東京,2,04,新馬,15,芝,0,1400,良,フルドド          ,牝,2,石川裕紀,55.0,16,09,8,8,0,0.9,5,84.6,"1246",0,0,0,7,5,34.4,458,茶木太樹,栗,0,22100630,01150,01181,0524520409,中村祐子,ケイアイファーム,ジャスタウェイ,シンメイフジ,フジキセキ,黒鹿,220206,   12.9,  ,    ,59.4
24,11,03,5,東京,2,04,新馬,15,芝,0,1400,良,ショウナンヤッホー,牡,2,池添謙一,56.0,16,10,4,4,0,0.5,2,84.2,"1242",0,0,0,5,5,34.1,486,栗田徹,美,110,22104605,01032,01127,0524520410,湘南,ノーザンファーム,ニューイヤーズデイ,アドマイヤキュート,キングカメハメハ,鹿毛,220216,    3.8,  ,    ,60.2
24,11,03,5,東京,2,04,新馬,15,芝,0,1400,良,リーサイェイ      ,牡,2,佐々木大,56.0,16,11,3,3,0,0.3,9,84,"1240",0,0,0,8,9,33.7,464,池上昌和,美,180,22100538,01197,01150,0524520411,ノースヒルズ,折手牧場,ミッキーアイル,コウエイダリア,ジャングルポケット,青鹿,220313,   28.2,  ,    ,61.9
24,11,03,5,東京,2,04,新馬,15,芝,0,1400,良,クレドール        ,牝,2,原優介,54.0,16,12,13,13,0,1.2,11,84.9,"1249",0,0,0,15,14,34.1,452,小笠倫弘,美,0,22105653,01184,01076,0524520412,島川隆哉,エスティファーム,ダイワメジャー,ジュリアー,"Sky Mesa",鹿毛,220318,   60.2,  ,    ,61.7
24,11,03,5,東京,2,04,新馬,15,芝,0,1400,良,ニシノティターニア,牝,2,野中悠太,55.0,16,13,15,15,0,1.6,14,85.3,"1253",0,0,0,11,9,34.9,438,上原博之,美,0,22107201,01158,00423,0524520413,西山茂行,さとう,Mendelssohn,タッチオブピンク,Heliostatic,青鹿,220130,   99.8,  ,    ,58.3
24,11,03,5,東京,2,04,新馬,15,芝,0,1400,良,ニコ              ,牝,2,長岡禎仁,55.0,16,14,14,14,0,1.4,13,85.1,"1251",0,0,0,14,14,34.2,412,大和田成,美,0,22103336,01142,01124,0524520414,ミルファーム,ミルファーム,ダノンバラード,ムサ,フレンチデピュティ,黒鹿,220417,   92.7,  ,    ,61.6
24,11,03,5,東京,2,04,新馬,15,芝,0,1400,良,ブリックスラテ    ,牡,2,荻野極,56.0,16,15,2,2,0,0.1,3,83.8,"1238",0,0,0,8,5,33.7,484,武幸四郎,栗,290,22102431,01160,01160,0524520415,藤田晋,坂東牧場,ブリックスアンドモルタル,ラテアート,サクラバクシンオー,黒鹿,220502,    3.9,  ,    ,61.5
24,11,03,5,東京,2,04,新馬,15,芝,0,1400,良,カラヴァジェスティ,牡,2,戸崎圭太,56.0,16,16,1,1,0,-0.1,1,83.7,"1237",0,0,0,11,9,33.3,452,奥村武,美,720,22110006,05386,01145,0524520416,サンデーレーシング,"Shadai Corporation",Caravaggio,Tonahutu,"Sir Prancealot",芦毛,220203,    3.5,  ,    ,63.5
24,11,03,5,東京,2,05,新馬,15,芝,0,1800,良,ゴダルティチェコ  ,牝,2,丸田恭介,55.0,12,01,10,10,0,1.6,10,111.9,"1519",0,0,11,11,11,34.1,420,武市康男,美,0,22100053,01117,01089,0524520501,谷脇智恵子,エムエム、ヤマダフ,ブラックタイド,ブルーインザスカイ,チチカステナンゴ,芦毛,220427,  137.1,  ,    ,64.1
24,11,03,5,東京,2,05,新馬,15,芝,0,1800,良,ドゥラリス        ,牝,2,石川裕紀,55.0,12,02,4,4,0,0.4,3,110.7,"1507",0,0,9,6,8,33.3,506,吉岡辰弥,栗,110,22102885,01150,01176,0524520502,ターフ・スポート,谷川牧場,ドゥラメンテ,クードメイトル,ヴィクトワールピサ,黒鹿,220215,    6.2,  ,    ,66.2
24,11,03,5,東京,2,05,新馬,15,芝,0,1800,良,ガスパール        ,牡,2,シュタル,56.0,12,03,8,8,0,1.2,7,111.5,"1515",0,0,5,3,4,34.4,484,金成貴史,美,0,22105354,05115,01132,0524520503,野田努,社台ファーム,ジャスタウェイ,シルヴァーカップ,Almutawakel,黒鹿,220307,   38.2,  ,    ,62.1
24,11,03,5,東京,2,05,新馬,15,芝,0,1800,良,エターナルシルバー,牡,2,吉田豊,56.0,12,04,3,3,0,0.2,5,110.5,"1505",0,0,1,1,1,33.7,450,中舘英二,美,180,22106737,00733,01153,0524520504,広尾レース,パカパカファーム,シルバーステート,フォーエヴァーユアーズ,Motivator,鹿毛,220516,   16.5,  ,    ,63.9
24,11,03,5,東京,2,05,新馬,15,芝,0,1800,良,エントロピー      ,牝,2,柴田大知,55.0,12,05,12,12,0,2.1,11,112.4,"1524",0,0,5,5,5,35.2,394,武藤善則,美,0,22101797,01009,01064,0524520505,ビッグレッドファー,道見牧場,ダノンバラード,ニシノマドカ,ジャングルポケット,黒鹿,220302,  155.8,  ,    ,59.7
24,11,03,5,東京,2,05,新馬,15,芝,0,1800,良,エルモフィオーレ  ,牝,2,田辺裕信,55.0,12,06,2,2,0,0.2,4,110.5,"1505",0,0,2,2,2,33.6,444,久保田貴,美,290,22105992,01075,01067,0524520506,草間庸文,レイクヴィラファー,エピファネイア,レーヌドブリエ,ゼンノロブロイ,栗毛,220303,    7.7,  ,    ,64.4
24,11,03,5,東京,2,05,新馬,15,芝,0,1800,良,フクチャンサクラ  ,牝,2,三浦皇成,55.0,12,07,5,5,0,0.6,2,110.9,"1509",0,0,2,3,2,33.9,482,加藤征弘,美,72,22105416,01122,01059,0524520507,福田義明,社台ファーム,モーリス,ディヴァインハイツ,ハーツクライ,鹿毛,220211,    4.2,  ,    ,63.6
24,11,03,5,東京,2,05,新馬,15,芝,0,1800,良,レイホープ        ,牡,2,佐々木大,56.0,12,08,11,11,0,2,8,112.3,"1523",0,0,5,6,5,35.1,486,菊川正達,美,0,22102763,01197,01052,0524520508,ディアレストクラブ,木村牧場,トゥザグローリー,レッドピアノ,オレハマッテルゼ,黒鹿,220127,   96.9,  ,    ,60.0
24,11,03,5,東京,2,05,新馬,15,芝,0,1800,良,ホウオウスターツ  ,牡,2,北村宏司,56.0,12,09,7,7,0,1.1,9,111.4,"1514",0,0,4,6,5,34.2,472,池上昌和,美,0,22103528,01043,01150,0524520509,小笹芳央,岡田スタツド,ダノンバラード,ツインクルスター,サクラバクシンオー,鹿毛,220320,  108.6,  ,    ,62.9
24,11,03,5,東京,2,05,新馬,15,芝,0,1800,良,セミコンダクター  ,牡,2,原優介,55.0,12,10,6,6,0,1,12,111.3,"1513",0,0,12,11,11,33.5,492,伊藤伸一,美,0,22100473,01184,01031,0524520510,西田順彦,飯岡牧場,パイロ,ペパーミントラヴ,シンボリクリスエス,青鹿,220405,  187.9,  ,    ,66.1
24,11,03,5,東京,2,05,新馬,15,芝,0,1800,良,レイニング        ,牡,2,戸崎圭太,56.0,12,11,1,1,0,-0.2,1,110.3,"1503",0,0,8,10,8,32.9,468,国枝栄,美,720,22104750,05386,00399,0524520511,キャロットファーム,ノーザンファーム,サートゥルナーリア,クルミナル,ディープインパクト,栗毛,220501,    1.7,  ,    ,67.6
24,11,03,5,東京,2,05,新馬,15,芝,0,1800,良,ジェットエアー    ,牡,2,長岡禎仁,56.0,12,12,9,9,0,1.4,6,111.7,"1517",0,0,9,9,10,34.2,514,清水久詞,栗,0,22100236,01142,01110,0524520512,マークス,鮫川啓一,シルバーステート,アースラブーム,マンハッタンカフェ,黒鹿,220419,   30.0,  ,    ,63.3
24,11,03,5,東京,2,06,１勝ｸﾗｽ,23,ダ,1,1400,重,アイスブレイカー  ,牡,3,内田博幸,57.0,15,01,8,8,0,0.5,13,84.9,"1249",0,0,0,13,14,36.2,482,伊坂重信,美,0,21103332,00422,01177,0524520601,ミルファーム,ミルファーム,ホッコータルマエ,チクタクボンボン,ゴールドアリュール,鹿毛,210511,  101.7,  ,    ,50.9
24,11,03,5,東京,2,06,１勝ｸﾗｽ,23,ダ,1,1400,重,テンフェリーチェ  ,牝,4,古川奈穂,52.0,15,02,9,9,0,0.5,11,84.9,"1249",0,0,0,10,11,36.5,478,辻哲英,美,0,20105564,01190,01182,0524520602,天白泰司,新冠橋本牧場,ディスクリートキャット,ジョディーズロマン,サムライハート,鹿毛,200201,   82.6,  ,    ,49.5
24,11,03,5,東京,2,06,１勝ｸﾗｽ,23,ダ,1,1400,重,キタノライジン    ,牡,3,柴田大知,57.0,15,03,13,13,0,1.2,15,85.6,"1256",0,0,0,15,15,36.5,496,尾関知人,美,0,21104561,01009,01103,0524520603,北所直人,見上牧場,ホッコータルマエ,メジャービクトリー,ヘクタープロテクター,黒鹿,210414,  270.3,  ,    ,50.9
24,11,03,5,東京,2,06,１勝ｸﾗｽ,23,ダ,1,1400,重,ウォーハンマー    ,牡,4,石川裕紀,58.0,15,04,5,5,0,0.2,3,84.6,"1246",0,0,0,1,1,37.2,502,矢嶋大樹,美,80,20103574,01150,01202,0524520604,サンデーレーシング,ノーザンファーム,リアルインパクト,フラーテイシャスミス,"Mr. Greeley",鹿毛,200504,    5.4,  ,    ,45.6
24,11,03,5,東京,2,06,１勝ｸﾗｽ,23,ダ,1,1400,重,クィーンズハット  ,牝,3,大野拓弥,55.0,15,05,14,14,0,1.4,8,85.8,"1258",0,0,0,8,7,37.8,484,石毛善彦,美,0,21101223,01096,00428,0524520605,木村牧場,木村牧場,モーリス,アズマクィーン,アドマイヤムーン,鹿毛,210204,   36.0,  ,    ,45.2
24,11,03,5,東京,2,06,１勝ｸﾗｽ,23,ダ,1,1400,重,ポッドコンティ    ,牡,3,原優介,56.0,15,06,15,15,0,1.4,14,85.8,"1258",0,0,0,4,4,38,488,畠山吉宏,美,0,21100573,01184,01048,0524520606,小川眞査雄,市川フアーム,オルフェーヴル,エピストロフィー,"Charm Spirit",鹿毛,210413,  186.6,  ,    ,44.3
24,11,03,5,東京,2,06,１勝ｸﾗｽ,23,ダ,1,1400,重,ニシノピウモッソ  ,牡,4,池添謙一,58.0,15,07,7,7,0,0.3,1,84.7,"1247",0,0,0,2,2,37.3,466,西田雄一,美,0,20105492,01032,01187,0524520607,西山茂行,中山高鹿康,ネロ,ニシノアリオス,リーチザクラウン,栗毛,200208,    3.1,  ,    ,45.3
24,11,03,5,東京,2,06,１勝ｸﾗｽ,23,ダ,1,1400,重,キャロライナリーパ,牝,6,佐々木大,56.0,15,08,10,10,0,0.6,10,85,"1250",0,0,0,4,4,37.2,476,田村康仁,美,0,18105102,01197,01027,0524520608,野嶋祥二,ノーザンファーム,ディープブリランテ,スネガエクスプレス,ウォーエンブレム,黒鹿,180215,   60.3,  ,    ,46.4
24,11,03,5,東京,2,06,１勝ｸﾗｽ,23,ダ,1,1400,重,イルディヴィーノ  ,セ,4,シュタル,58.0,15,09,3,3,0,0.1,9,84.5,"1245",0,0,0,6,4,36.6,486,稲垣幸雄,美,200,20103349,05115,01167,0524520609,キャロットファーム,ノーザンファーム,キンシャサノキセキ,クローバーリーフ,タニノギムレット,鹿毛,200413,   51.2,  ,    ,48.2
24,11,03,5,東京,2,06,１勝ｸﾗｽ,23,ダ,1,1400,重,シベリアンポラリス,牡,3,長岡禎仁,57.0,15,10,11,11,0,0.6,6,85,"1250",0,0,0,9,8,36.8,558,蛯名正義,美,0,21101056,01142,01191,0524520610,藤田在子,天羽禮治,リアルインパクト,シベリアンクラシカ,Siphon,鹿毛,210403,   15.2,  ,    ,48.2
24,11,03,5,東京,2,06,１勝ｸﾗｽ,23,ダ,1,1400,重,フレイムジョーカー,牡,5,野中悠太,58.0,15,11,6,6,0,0.2,12,84.6,"1246",0,0,0,3,3,37,486,岩戸孝樹,美,0,19105745,01158,01051,0524520611,ノルマンディーサラ,岡田スタツド,ロージズインメイ,オヒア,ブラックタイド,鹿毛,190319,   91.5,  ,    ,46.5
24,11,03,5,東京,2,06,１勝ｸﾗｽ,23,ダ,1,1400,重,エコロヴァルム    ,牡,3,田辺裕信,57.0,15,12,4,4,0,0.1,7,84.5,"1245",0,0,0,12,11,36,436,小西一男,美,120,21103529,01075,00405,0524520612,原村正紀,岡田スタツド,ロージズインメイ,ファミリーズオナー,デュランダル,栗毛,210220,   20.4,  ,    ,51.0
24,11,03,5,東京,2,06,１勝ｸﾗｽ,23,ダ,1,1400,重,マーゴットレーヴ  ,牝,4,荻野極,56.0,15,13,2,2,0,0.1,4,84.5,"1245",0,0,0,10,8,36.2,468,伊坂重信,美,320,20105813,01160,01177,0524520613,前田良平,プログレスファーム,エスポワールシチー,シリカ,メイショウボーラー,栗毛,200322,    6.6,  ,    ,50.1
24,11,03,5,東京,2,06,１勝ｸﾗｽ,23,ダ,1,1400,重,ヨゾラノムコウニ  ,牡,3,吉田豊,57.0,15,14,1,1,0,-0.1,5,84.4,"1244",0,0,0,13,11,36,492,小笠倫弘,美,800,21104191,00733,01076,0524520614,千葉正人,飛野牧場,ロジャーバローズ,オールフラッグズフライング,"War Front",黒鹿,210501,    8.0,  ,    ,50.8
24,11,03,5,東京,2,06,１勝ｸﾗｽ,23,ダ,1,1400,重,アルニラム        ,牡,3,北村宏司,57.0,15,15,12,12,0,1,2,85.4,"1254",0,0,0,6,8,37.2,482,伊藤大士,美,0,21109088,01043,01109,0524520615,STレーシング,恵比寿興業株式会社,リアルスティール,エレンシア,ワークフォース,鹿毛,210218,    3.8,  ,    ,47.2
24,11,03,5,東京,2,07,１勝ｸﾗｽ・牝,23,ダ,1,1600,重,ランスオブプライム,牝,3,シュタル,55.0,16,01,12,12,0,3.1,10,99.6,"1396",0,0,0,1,1,40.1,458,奥村豊,栗,0,21104426,05115,01146,0524520701,五影隆則,フジワラフアーム,エピファネイア,マイティティー,エンパイアメーカー,鹿毛,210319,   33.5,  ,    ,39.0
24,11,03,5,東京,2,07,１勝ｸﾗｽ・牝,23,ダ,1,1600,重,マフィン          ,牝,3,原優介,54.0,16,02,14,14,0,3.6,8,100.1,"1401",0,0,0,16,16,37.6,420,大和田成,美,0,21101219,01184,01124,0524520702,木部厳生,木部ファーム,ミッキーアイル,ティフィン,トワイニング,栗毛,210220,   15.2,  ,    ,49.7
24,11,03,5,東京,2,07,１勝ｸﾗｽ・牝,23,ダ,1,1600,重,リヤンドゥミラクル,牝,3,吉田豊,55.0,16,03,8,8,0,1.5,9,98,"1380",0,0,0,7,7,37.6,436,和田勇介,美,0,21105125,00733,01165,0524520703,吉本雄二,社台ファーム,ルーラーシップ,ツインエンジェルズ,ハーツクライ,鹿毛,210423,   29.6,  ,    ,46.4
24,11,03,5,東京,2,07,１勝ｸﾗｽ・牝,23,ダ,1,1600,重,ノリピー          ,牝,3,荻野極,55.0,16,04,10,10,0,2.4,13,98.9,"1389",0,0,0,4,5,39.1,456,西園翔太,栗,0,21101742,01160,01196,0524520704,中谷典生,チャンピオンズファ,ニューイヤーズデイ,トランプクイーン,ネオユニヴァース,鹿毛,210328,   94.2,  ,    ,41.8
24,11,03,5,東京,2,07,１勝ｸﾗｽ・牝,23,ダ,1,1600,重,スウィーヴェモワ  ,牝,4,大野拓弥,56.0,16,05,9,9,0,1.8,4,98.3,"1383",0,0,0,2,2,38.7,520,田村康仁,美,0,20106637,01096,01027,0524520705,ラ・メール,辻牧場,ルーラーシップ,アンブラッセモワ,Zoffany,青鹿,200413,    6.5,  ,    ,42.4
24,11,03,5,東京,2,07,１勝ｸﾗｽ・牝,23,ダ,1,1600,重,シルヴァティカ    ,牝,4,北村宏司,56.0,16,06,6,6,0,1.2,12,97.7,"1377",0,0,0,13,13,35.8,464,古賀慎明,美,0,20103046,01043,01079,0524520706,グリーンファーム,社台ファーム,ルーラーシップ,ペディクラリス,サンデーサイレンス,鹿毛,200214,   57.7,  ,    ,53.7
24,11,03,5,東京,2,07,１勝ｸﾗｽ・牝,23,ダ,1,1600,重,キョウエイフロイデ,牝,3,野中悠太,55.0,16,07,2,2,0,0.2,7,96.7,"1367",0,0,0,10,10,35.9,472,中川公成,美,320,21101053,01158,01081,0524520707,田中晴夫,天羽禮治,サトノクラウン,ケイティバローズ,マンハッタンカフェ,黒鹿,210508,   14.8,  ,    ,51.6
24,11,03,5,東京,2,07,１勝ｸﾗｽ・牝,23,ダ,1,1600,重,レリッシュ        ,牝,3,丸田恭介,55.0,16,08,16,16,0,4.8,15,101.3,"1413",0,0,0,13,14,39.1,474,天間昭一,美,0,21101385,01117,01090,0524520708,Mr.ホース,下河辺牧場,コパノリッキー,カクシアジ,スウェプトオーヴァーボード,鹿毛,210308,  154.9,  ,    ,45.4
24,11,03,5,東京,2,07,１勝ｸﾗｽ・牝,23,ダ,1,1600,重,ビップレーヌ      ,牝,3,戸崎圭太,55.0,16,09,5,5,0,0.8,2,97.3,"1373",0,0,0,8,7,37,468,高柳瑞樹,美,80,21100886,05386,01118,0524520709,鈴木邦英,中村雅明,リアルインパクト,ヒシタイトル,キングカメハメハ,栗毛,210428,    4.3,  ,    ,47.8
24,11,03,5,東京,2,07,１勝ｸﾗｽ・牝,23,ダ,1,1600,重,ベルブリエ        ,牝,3,三浦皇成,55.0,16,10,1,1,0,-0.2,1,96.5,"1365",0,0,0,8,7,36.2,458,尾関知人,美,800,21106639,01122,01103,0524520710,ノースヒルズ,ノースヒルズ,キズナ,ナギット,"Smart Strike",青鹿,210429,    4.0,  ,    ,49.9
24,11,03,5,東京,2,07,１勝ｸﾗｽ・牝,23,ダ,1,1600,重,フォンメイリー    ,牝,5,柴田大知,56.0,16,11,15,15,0,3.9,11,100.4,"1404",0,0,0,3,3,40.7,492,粕谷昌央,美,0,19105287,01009,01096,0524520711,ノルマンディーサラ,ノーザンファーム,ドレフォン,チャイナドール,スペシャルウィーク,栗毛,190417,   54.8,  ,    ,38.0
24,11,03,5,東京,2,07,１勝ｸﾗｽ・牝,23,ダ,1,1600,重,ハッピーアズラリー,牝,4,横山典弘,56.0,16,12,13,13,0,3.5,6,100,"1400",0,0,0,15,15,37.7,460,安田翔伍,栗,0,20101121,00660,01164,0524520712,金子真人ホールディ,坂東牧場,ラブリーデイ,エンドレスノット,ディープインパクト,鹿毛,200222,   11.0,  ,    ,49.2
24,11,03,5,東京,2,07,１勝ｸﾗｽ・牝,23,ダ,1,1600,重,スマイルヴィヴァン,牝,6,長岡禎仁,56.0,16,13,11,11,0,2.9,16,99.4,"1394",0,0,0,12,12,37.7,420,高橋文雅,美,0,18100895,01142,01134,0524520713,ディアレストクラブ,浜本牧場,パイロ,サクセスウイッチ,ブライアンズタイム,鹿毛,180228,  228.0,  ,    ,48.2
24,11,03,5,東京,2,07,１勝ｸﾗｽ・牝,23,ダ,1,1600,重,サンキャメロン    ,牝,3,田辺裕信,55.0,16,14,7,7,0,1.3,3,97.8,"1378",0,0,0,4,3,38.1,450,上原博之,美,0,21107262,01075,00423,0524520714,加藤ステーブル,浜本牧場,アニマルキングダム,カグラヤルージュ,ヨハネスブルグ,栗毛,210111,    6.4,  ,    ,44.0
24,11,03,5,東京,2,07,１勝ｸﾗｽ・牝,23,ダ,1,1600,重,プチボヌール      ,牝,4,内田博幸,56.0,16,15,4,4,0,0.7,14,97.2,"1372",0,0,0,11,11,36.1,446,畠山吉宏,美,120,20102962,00422,01048,0524520715,村野康司,社台ファーム,ジャスタウェイ,トロワボヌール,バゴ,栗毛,200424,  123.3,  ,    ,51.6
24,11,03,5,東京,2,07,１勝ｸﾗｽ・牝,23,ダ,1,1600,重,ラズライト        ,牝,5,木幡巧也,56.0,16,16,3,3,0,0.3,5,96.8,"1368",0,0,0,6,6,36.8,454,松山将樹,美,200,19103122,01162,01100,0524520716,スリースターズレー,築紫洋,リオンディーズ,ショウナンガッド,フジキセキ,鹿毛,190216,    8.5,  ,    ,47.8
24,11,03,5,東京,2,08,２勝ｸﾗｽ,43,ダ,1,1300,重,ヴィクトリーロード,牡,4,内田博幸,58.0,12,01,8,8,0,1.4,8,78.7,"1187",0,0,0,9,9,37,486,畠山吉宏,美,0,20103931,00422,01048,0524520801,山田弘,岡田スタツド,ロードカナロア,ファーゴ,ハーツクライ,鹿毛,200504,   30.1,  ,    ,46.6
24,11,03,5,東京,2,08,２勝ｸﾗｽ,43,ダ,1,1300,重,タイセイアーメット,牡,6,丸田恭介,58.0,12,02,9,9,0,1.9,12,79.2,"1192",0,0,0,11,11,37.2,494,青木孝文,美,0,18101198,01117,01156,0524520802,田中成奉,門別山際牧場,タートルボウル,ハートノイヤリング,ハーツクライ,栗毛,180514,  219.5,  ,    ,46.8
24,11,03,5,東京,2,08,２勝ｸﾗｽ,43,ダ,1,1300,重,メモリーグラス    ,牡,4,三浦皇成,58.0,12,03,5,5,0,0.4,10,77.7,"1177",0,0,0,10,9,35.9,490,松永康利,美,114,20107095,01122,01093,0524520803,田頭勇貴,浜本牧場,イスラボニータ,ラベンダーメモリー,ナカヤマフェスタ,黒鹿,200425,   33.5,  ,    ,49.8
24,11,03,5,東京,2,08,２勝ｸﾗｽ,43,ダ,1,1300,重,エイシンケプラー  ,牡,4,荻野極,58.0,12,04,0,0,4,999.9,11,0,"----",0,0,0,1,2,0,496,田中剛,美,0,20106249,01160,01119,0524520804,栄進堂,栄進牧場,エイシンヒカリ,エイシンコクーン,"Unbridled's Song",青鹿,200129,   56.8,  ,    , 0.0
24,11,03,5,東京,2,08,２勝ｸﾗｽ,43,ダ,1,1300,重,ハッピーロンドン  ,牡,4,原優介,57.0,12,05,1,1,0,0,2,77.3,"1173",0,0,0,4,4,36,486,菊沢隆徳,美,1140,20101639,01184,01115,0524520805,窪田芳郎,白井牧場,グレーターロンドン,ハッピーベリンダ,アグネスデジタル,栗毛,200216,    3.1,  ,    ,48.3
24,11,03,5,東京,2,08,２勝ｸﾗｽ,43,ダ,1,1300,重,ピコアーガイル    ,牡,3,北村宏司,56.0,12,06,7,7,0,1.3,7,78.6,"1186",0,0,0,2,1,37.6,498,伊藤大士,美,0,21110165,01043,01109,0524520806,ビジュピコ,"Sheikh Mohammed Bi",Justify,"Solar Girl",Lonhro,鹿毛,210915,   25.0,  ,    ,43.5
24,11,03,5,東京,2,08,２勝ｸﾗｽ,43,ダ,1,1300,重,ワイワイレジェンド,牡,3,古川奈穂,53.0,12,07,11,11,0,2.7,3,80,"1200",0,0,0,2,2,38.9,490,矢作芳人,栗,0,21103812,01190,01075,0524520807,山田裕仁,坂本智広,ダノンレジェンド,ミッシェルラブ,フオテイテン,黒鹿,210406,    4.1,  ,    ,40.6
24,11,03,5,東京,2,08,２勝ｸﾗｽ,43,ダ,1,1300,重,ミラキュラスライト,牡,5,石川裕紀,58.0,12,08,4,4,0,0.4,4,77.7,"1177",0,0,0,11,11,35.7,496,萩原清,美,170,19104602,01150,01017,0524520808,G1レーシング,社台コーポレーショ,エイシンフラッシュ,ミラグロッサ,フジキセキ,青毛,190326,   15.6,  ,    ,50.8
24,11,03,5,東京,2,08,２勝ｸﾗｽ,43,ダ,1,1300,重,ショウナンアビアス,牡,4,佐々木大,58.0,12,09,3,3,0,0.1,1,77.4,"1174",0,0,0,4,4,36.2,510,加藤士津,美,290,20104597,01197,01169,0524520809,国本哲秀,西村牧場,ドレフォン,ショウナンカサロ,キングカメハメハ,黒鹿,200303,    2.7,  ,    ,47.6
24,11,03,5,東京,2,08,２勝ｸﾗｽ,43,ダ,1,1300,重,ヴェラリーシャ    ,牝,3,小林脩斗,53.0,12,10,10,10,0,2.2,9,79.5,"1195",0,0,0,4,4,38.3,490,伊藤圭三,美,0,21103172,01183,01023,0524520810,大樹ファーム,ビクトリーホースラ,メイショウボーラー,タイキグラミー,フレンチデピュティ,黒鹿,210310,   31.3,  ,    ,42.2
24,11,03,5,東京,2,08,２勝ｸﾗｽ,43,ダ,1,1300,重,マホロバ          ,牡,4,シュタル,58.0,12,11,6,6,0,1.2,5,78.5,"1185",0,0,0,8,8,36.9,512,和田正一,美,0,20105732,05115,01114,0524520811,ノースヒルズ,平山牧場,キズナ,シアージュ,"Raven's Pass",黒鹿,200404,   17.2,  ,    ,46.6
24,11,03,5,東京,2,08,２勝ｸﾗｽ,43,ダ,1,1300,重,セントラルヴァレー,牡,3,大野拓弥,57.0,12,12,2,2,0,0,6,77.3,"1173",0,0,0,7,7,35.9,474,栗田徹,美,460,21110161,01096,01127,0524520812,Y'sレーシング,"WinStar Farm LLC",Kantharos,"Indigo Gin","Lemon Drop Kid",栗毛,210318,   20.7,  ,    ,48.8
24,11,03,5,東京,2,09,百日草特･1勝,23,芝,0,2000,良,コンフォルツァ    ,牡,2,横山典弘,56.0,8,01,5,5,0,0.4,2,123.4,"2034",0,0,3,4,4,33.8,490,松永幹夫,栗,107,22105421,00660,01092,0524520901,ライオンレースホー,社台ファーム,ドゥラメンテ,デルマキセキ,"Scat Daddy",栗毛,220225,    3.2,  ,    ,63.6
24,11,03,5,東京,2,09,百日草特･1勝,23,芝,0,2000,良,ニシノタンギー    ,牡,2,三浦皇成,56.0,8,02,7,7,0,1.1,6,124.1,"2041",0,0,5,1,1,35.3,462,水野貴広,美,0,22100540,01122,01094,0524520902,西山茂行,折手牧場,サトノアラジン,モクレン,Galileo,鹿毛,220226,   42.2,  ,    ,57.8
24,11,03,5,東京,2,09,百日草特･1勝,23,芝,0,2000,良,ショウナンマクベス,牡,2,池添謙一,56.0,8,03,1,1,0,-0.2,4,123,"2030",0,0,2,3,3,33.7,476,武市康男,美,1070,22102370,01032,01089,0524520903,国本哲秀,二風谷ファーム,リオンディーズ,ウインフロレゾン,フジキセキ,青鹿,220406,    6.8,  ,    ,63.6
24,11,03,5,東京,2,09,百日草特･1勝,23,芝,0,2000,良,ドーサンドーサン  ,牡,2,鮫島良太,56.0,8,04,8,8,0,1.1,8,124.1,"2041",0,0,7,6,7,34.2,472,加藤誠一,地,0,22104028,01099,05765,0524520904,浦野和由,高橋義浩,エイシンフラッシュ,チャードリー,ウォーエンブレム,鹿毛,220427,  149.3,  ,    ,62.7
24,11,03,5,東京,2,09,百日草特･1勝,23,芝,0,2000,良,パートオブワールド,牝,2,原優介,55.0,8,05,6,6,0,1,5,124,"2040",0,0,3,4,4,34.5,434,竹内正洋,美,0,22103717,01184,01152,0524520905,檜森高史,キヨタケ牧場,ブラックタイド,ニコーズステージ,エンパイアメーカー,黒鹿,220318,   20.4,  ,    ,61.2
24,11,03,5,東京,2,09,百日草特･1勝,23,芝,0,2000,良,ホウオウガイア    ,牝,2,丸田恭介,55.0,8,06,2,2,0,0.2,3,123.2,"2032",0,0,5,6,4,33.6,424,大竹正博,美,430,22104874,01117,01102,0524520906,小笹芳央,ノーザンファーム,シルバーステート,センティナリー,フレンチデピュティ,黒鹿,220404,    3.4,  ,    ,64.3
24,11,03,5,東京,2,09,百日草特･1勝,23,芝,0,2000,良,ファイアトリック  ,牡,2,荻野極,56.0,8,07,4,4,0,0.4,7,123.4,"2034",0,0,1,2,2,34.3,452,伊坂重信,美,160,22101067,01160,01177,0524520907,窪田芳郎,天羽禮治,タリスマニック,ドラゴンホマレ,トーセンホマレボシ,青鹿,220422,  104.1,  ,    ,61.3
24,11,03,5,東京,2,09,百日草特･1勝,23,芝,0,2000,良,エンジェルマーク  ,牝,2,戸崎圭太,55.0,8,08,3,3,0,0.4,1,123.4,"2034",0,0,8,8,7,33.5,448,宮田敬介,美,270,22104855,05386,01175,0524520908,DMMドリームクラブ,ノーザンファーム,エピファネイア,ステファニーズキトゥン,"Kitten's Joy",黒鹿,220321,    2.3,  ,    ,65.0
24,11,03,5,東京,2,10,錦秋Ｓ･3勝,67,ダ,1,1600,重,テイエムランウェイ,牡,5,鮫島良太,58.0,11,01,11,11,0,1.6,10,98,"1380",0,0,0,4,4,36.1,480,河嶋宏樹,栗,0,19106632,01099,01198,0524521001,竹園正繼,"PRIDE ROCK",スズカコーズウェイ,タイムトゥラン,ブライアンズタイム,栗毛,190407,  141.3,  ,    ,52.9
24,11,03,5,東京,2,10,錦秋Ｓ･3勝,67,ダ,1,1600,重,フェブランシェ    ,牝,4,池添謙一,56.0,11,02,6,6,0,0.7,6,97.1,"1371",0,0,0,3,3,35.4,552,黒岩陽一,美,0,20103616,01032,01133,0524521002,キャロットファーム,ノーザンファーム,リアルスティール,マイティースルー,クロフネ,芦毛,200123,   18.9,  ,    ,54.6
24,11,03,5,東京,2,10,錦秋Ｓ･3勝,67,ダ,1,1600,重,ウェイワードアクト,牡,4,戸崎圭太,58.0,11,03,1,1,0,-0.1,2,96.4,"1364",0,0,0,8,8,34.3,542,田中博康,美,1840,20110024,05386,01162,0524521003,ゴドルフィン,"Mike Olszewsky Cra","Maclean's Music","Warrior Kat","Majestic Warrior",黒鹿,200205,    3.1,  ,    ,58.6
24,11,03,5,東京,2,10,錦秋Ｓ･3勝,67,ダ,1,1600,重,モナルヒ          ,牡,5,小崎綾也,58.0,11,04,5,5,0,0.6,11,97,"1370",0,0,0,4,4,35.1,466,小崎憲,栗,184,19100723,01152,01085,0524521004,ノースヒルズ,平山牧場,ヘニーハウンド,マザーレイク,サンデーサイレンス,鹿毛,190424,  152.0,  ,    ,55.8
24,11,03,5,東京,2,10,錦秋Ｓ･3勝,67,ダ,1,1600,重,サルヴァトーレ    ,牡,4,三浦皇成,58.0,11,05,4,4,0,0.4,1,96.8,"1368",0,0,0,7,7,34.8,482,和田正一,美,280,20100301,01122,01114,0524521005,ノースヒルズ,土居牧場,キズナ,セレブラール,ボストンハーバー,鹿毛,200427,    2.2,  ,    ,56.9
24,11,03,5,東京,2,10,錦秋Ｓ･3勝,67,ダ,1,1600,重,ダイバリオン      ,牡,5,大野拓弥,58.0,11,06,10,10,0,1.3,9,97.7,"1377",0,0,0,10,10,35.3,466,池上昌和,美,0,19105383,01096,01150,0524521006,キャロットファーム,ノーザンファーム,ジャスタウェイ,フェルミオン,アグネスタキオン,鹿毛,190415,  113.9,  ,    ,56.1
24,11,03,5,東京,2,10,錦秋Ｓ･3勝,67,ダ,1,1600,重,ジョディーズマロン,牡,6,横山典弘,58.0,11,07,2,2,0,0.1,4,96.5,"1365",0,0,0,11,11,33.8,462,北出成人,栗,740,18101989,00660,01078,0524521007,ローレルレーシング,新冠橋本牧場,ディスクリートキャット,ジョディーズロマン,サムライハート,栗毛,180221,   10.6,  ,    ,61.3
24,11,03,5,東京,2,10,錦秋Ｓ･3勝,67,ダ,1,1600,重,リバートゥルー    ,牝,4,吉田豊,56.0,11,08,7,7,0,0.7,7,97.1,"1371",0,0,0,8,9,34.9,460,久保田貴,美,0,20102703,00733,01067,0524521008,佐々木幸弘,社台コーポレーショ,レッドファルクス,フルオブグレース,ヴィクトワールピサ,芦毛,200304,   21.6,  ,    ,56.9
24,11,03,5,東京,2,10,錦秋Ｓ･3勝,67,ダ,1,1600,重,プラーヴィ        ,牡,4,荻野極,58.0,11,09,9,9,0,1,8,97.4,"1374",0,0,0,4,4,35.5,480,杉山晴紀,栗,0,20101905,01160,01157,0524521009,長谷川祐司,チャンピオンズファ,ドゥラメンテ,ワイメアビーチ,フジキセキ,栗毛,200215,   37.1,  ,    ,54.6
24,11,03,5,東京,2,10,錦秋Ｓ･3勝,67,ダ,1,1600,重,タガノエスコート  ,牡,5,北村宏司,58.0,11,10,3,3,0,0.3,3,96.7,"1367",0,0,0,1,1,35.2,496,小林真也,栗,460,19100539,01043,01185,0524521010,八木良司,新冠タガノファーム,ロードカナロア,スペシャルディナー,スペシャルウィーク,鹿毛,190409,    5.8,  ,    ,54.8
24,11,03,5,東京,2,10,錦秋Ｓ･3勝,67,ダ,1,1600,重,ジョージテソーロ  ,牡,3,佐々木大,57.0,11,11,8,8,0,0.8,5,97.2,"1372",0,0,0,2,2,35.6,476,嘉藤貴行,美,0,21102078,01197,01195,0524521011,了徳寺健二ホールデ,本間牧場,ベストウォーリア,グリンテソーロ,カジノドライヴ,栗毛,210214,   13.9,  ,    ,53.8
24,11,03,5,東京,2,11,アルゼンＨG2,179,芝,0,2500,良,ミクソロジー      ,牡,5,三浦皇成,58.0,16,01,16,16,0,3.8,7,152.8,"2328",0,8,9,9,10,38.9,448,辻野泰之,栗,0,19101847,01122,01183,0524521101,江馬由将,タバタファーム,オルフェーヴル,スターエンジェル,アフリート,栗毛,190504,   16.5,  ,    ,42.5
24,11,03,5,東京,2,11,アルゼンＨG2,179,芝,0,2500,良,メイショウブレゲ  ,牡,5,酒井学,56.0,16,02,7,7,0,0.7,9,149.7,"2297",0,12,12,13,13,35.6,472,本田優,栗,0,19104091,01034,01099,0524521102,松本好隆,三嶋牧場,ゴールドシップ,メイショウスイヅキ,パイロ,栗毛,190430,   24.4,  ,    ,51.2
24,11,03,5,東京,2,11,アルゼンＨG2,179,芝,0,2500,良,ハヤヤッコ        ,牡,8,吉田豊,58.5,16,03,1,1,0,-0.1,10,149,"2290",0,16,15,15,15,34.6,480,国枝栄,美,5700,16104624,00733,00399,0524521103,金子真人ホールディ,ノーザンファーム,キングカメハメハ,マシュマロ,クロフネ,白毛,160210,   35.3,  ,    ,54.4
24,11,03,5,東京,2,11,アルゼンＨG2,179,芝,0,2500,良,クロミナンス      ,牡,7,戸崎圭太,58.0,16,04,2,2,0,0.1,1,149.1,"2291",0,8,9,9,9,35.3,484,尾関知人,美,2300,17105074,05386,01103,0524521104,サンデーレーシング,社台コーポレーショ,ロードカナロア,イリュミナンス,マンハッタンカフェ,鹿毛,170214,    3.4,  ,    ,51.8
24,11,03,5,東京,2,11,アルゼンＨG2,179,芝,0,2500,良,フォワードアゲン  ,セ,7,内田博幸,54.0,16,05,10,10,0,1.4,16,150.4,"2304",0,14,15,15,15,36.1,444,加藤和宏,美,0,17102537,00422,01077,0524521105,浅川皓司,信田牧場,ローズキングダム,エーシンシャイナー,グラスワンダー,黒鹿,170422,  246.0,  ,    ,50.0
24,11,03,5,東京,2,11,アルゼンＨG2,179,芝,0,2500,良,マイネルメモリー  ,牡,4,シュタル,55.0,16,06,5,5,0,0.4,8,149.4,"2294",0,12,12,11,10,35.4,466,宮徹,栗,570,20105750,05115,01018,0524521106,サラブレッドクラブ,ビッグレッドファー,ゴールドシップ,コスモエンドレス,スターオブコジーン,黒鹿,200229,   19.5,  ,    ,51.7
24,11,03,5,東京,2,11,アルゼンＨG2,179,芝,0,2500,良,ペプチドソレイユ  ,牡,4,小崎綾也,55.0,16,07,12,12,0,2.9,15,151.9,"2319",0,4,2,4,4,38.7,486,武英智,栗,0,20102095,01152,01161,0524521107,沼川一彦,ファーミングヤナキ,コパノリッキー,ペプチドヴィーナス,ワークフォース,鹿毛,200416,  206.9,  ,    ,42.4
24,11,03,5,東京,2,11,アルゼンＨG2,179,芝,0,2500,良,ラーグルフ        ,牡,5,丸田恭介,58.0,16,08,11,11,0,1.9,11,150.9,"2309",0,5,5,5,4,37.6,500,宗像義忠,美,0,19101782,01117,00420,0524521108,村木隆,スマイルファーム,モーリス,アバンドーネ,ファルブラヴ,黒鹿,190225,   37.0,  ,    ,45.2
24,11,03,5,東京,2,11,アルゼンＨG2,179,芝,0,2500,良,タイセイフェリーク,牝,4,大野拓弥,52.0,16,09,3,3,0,0.1,6,149.1,"2291",0,10,11,11,10,35.1,422,田中克典,栗,1400,20103713,01096,01180,0524521109,田中成奉,ノーザンファーム,ミッキーロケット,レーヴルシード,ディープインパクト,黒鹿,200223,   16.0,  ,    ,52.6
24,11,03,5,東京,2,11,アルゼンＨG2,179,芝,0,2500,良,マイネルウィルトス,牡,8,石川裕紀,57.5,16,10,9,9,0,1,5,150,"2300",0,10,6,6,6,36.6,486,宮徹,栗,0,16100752,01150,01018,0524521110,サラブレッドクラブ,ビッグレッドファー,スクリーンヒーロー,マイネボヌール,ロージズインメイ,黒鹿,160317,   14.7,  ,    ,47.8
24,11,03,5,東京,2,11,アルゼンＨG2,179,芝,0,2500,良,アドマイヤハレー  ,牡,6,田辺裕信,55.0,16,11,4,4,0,0.2,12,149.2,"2292",0,14,14,14,14,35,468,宮田敬介,美,860,18104895,01075,01175,0524521111,近藤旬子,ノーザンファーム,モーリス,アドマイヤシーマ,ディープインパクト,青鹿,180203,   51.6,  ,    ,53.0
24,11,03,5,東京,2,11,アルゼンＨG2,179,芝,0,2500,良,ジャンカズマ      ,牡,6,木幡巧也,54.0,16,12,13,13,0,3.3,14,152.3,"2323",0,1,1,1,1,39.4,488,小栗実,栗,0,18105308,01162,01194,0524521112,吉田和美,ノーザンファーム,ハービンジャー,モンローブロンド,アドマイヤベガ,鹿毛,180425,  136.6,  ,    ,40.5
24,11,03,5,東京,2,11,アルゼンＨG2,179,芝,0,2500,良,サヴォーナ        ,牡,4,池添謙一,57.5,16,13,8,8,0,0.7,2,149.7,"2297",0,6,7,7,6,36.3,524,中竹和也,栗,0,20100734,01032,01039,0524521113,加藤誠,高昭牧場,キズナ,テイケイラピッド,スニッツェル,鹿毛,200306,    4.1,  ,    ,48.7
24,11,03,5,東京,2,11,アルゼンＨG2,179,芝,0,2500,良,セレシオン        ,牡,5,荻野極,57.0,16,14,6,6,0,0.6,3,149.6,"2296",0,7,7,7,8,36.1,462,友道康夫,栗,0,19105168,01160,01061,0524521114,キャロットファーム,ノーザンファーム,ハーツクライ,クルソラ,"Candy Stripes",黒鹿,190404,    4.2,  ,    ,49.3
24,11,03,5,東京,2,11,アルゼンＨG2,179,芝,0,2500,良,アドマイヤビルゴ  ,牡,7,北村宏司,57.0,16,15,15,15,0,3.7,13,152.7,"2327",0,2,2,2,2,39.7,444,友道康夫,栗,0,17105214,01043,01061,0524521115,近藤旬子,ノーザンファーム,ディープインパクト,イルーシヴウェーヴ,"Elusive City",鹿毛,170127,  133.8,  ,    ,39.9
24,11,03,5,東京,2,11,アルゼンＨG2,179,芝,0,2500,良,ショウナンバシット,牡,4,佐々木大,58.0,16,16,14,14,0,3.7,4,152.7,"2327",0,2,2,2,2,39.6,490,須貝尚介,栗,0,20103333,01197,01105,0524521116,国本哲秀,ノーザンファーム,シルバーステート,ギエム,"Medaglia d'Oro",鹿毛,200214,    9.7,  ,    ,40.2
24,11,03,5,東京,2,12,２勝ｸﾗｽ,43,芝,0,1400,良,スティールブルー  ,牝,3,戸崎圭太,55.0,13,01,3,3,0,0.1,1,81.1,"1211",0,0,0,4,4,33.5,436,宗像義忠,美,290,21105888,05386,00420,0524521201,シルクレーシング,ノーザンファーム,ルーラーシップ,レディバード,スマートファルコン,鹿毛,210212,    2.4,  ,    ,56.6
24,11,03,5,東京,2,12,２勝ｸﾗｽ,43,芝,0,1400,良,ハクサンバード    ,牡,4,小崎綾也,58.0,13,02,1,1,0,-0.1,6,81,"1210",0,0,0,1,1,34.3,486,高橋一哉,栗,1140,20100792,01152,01206,0524521202,河崎五市,鮫川啓一,ハクサンムーン,ハクサンサマー,サマーバード,栗毛,200303,   13.7,  ,    ,52.1
24,11,03,5,東京,2,12,２勝ｸﾗｽ,43,芝,0,1400,良,スクルトゥーラ    ,牝,5,北村宏司,56.0,13,03,12,12,0,1.1,11,82.1,"1221",0,0,0,9,9,33.9,440,鹿戸雄一,美,0,19105144,01043,01097,0524521203,サンデーレーシング,ノーザンファーム,ロードカナロア,カービングパス,ハービンジャー,鹿毛,190303,   71.8,  ,    ,56.6
24,11,03,5,東京,2,12,２勝ｸﾗｽ,43,芝,0,1400,良,ウインアイオライト,牝,4,シュタル,56.0,13,04,4,4,0,0.3,7,81.3,"1213",0,0,0,3,3,33.9,464,矢嶋大樹,美,170,20105203,05115,01202,0524521204,ウイン,コスモヴューファー,スクリーンヒーロー,コスモクリスタル,マイネルラヴ,青毛,200229,   13.7,  ,    ,54.9
24,11,03,5,東京,2,12,２勝ｸﾗｽ,43,芝,0,1400,良,フリートオブフット,牝,5,丸田恭介,56.0,13,05,7,7,0,0.5,13,81.5,"1215",0,0,0,6,6,33.8,452,奥村武,美,0,19105238,01117,01145,0524521205,シルクレーシング,ノーザンファーム,キンシャサノキセキ,シーイズトウショウ,サクラバクシンオー,鹿毛,190416,  178.1,  ,    ,55.8
24,11,03,5,東京,2,12,２勝ｸﾗｽ,43,芝,0,1400,良,ルージュイストリア,牝,4,大野拓弥,56.0,13,06,13,13,0,1.3,10,82.3,"1223",0,0,0,11,9,34.2,462,大竹正博,美,0,20103701,01096,01102,0524521206,東京ホースレーシン,ノーザンファーム,ドレフォン,レッドクラウディア,アグネスタキオン,黒鹿,200219,   64.6,  ,    ,55.5
24,11,03,5,東京,2,12,２勝ｸﾗｽ,43,芝,0,1400,良,ルージュスエルテ  ,牝,3,佐々木大,55.0,13,07,2,2,0,0.1,2,81.1,"1211",0,0,0,7,8,33.1,470,国枝栄,美,460,21105863,01197,00399,0524521207,東京ホースレーシン,ノーザンファーム,ハーツクライ,リュズキナ,"Storm Cat",黒鹿,210216,    4.3,  ,    ,58.8
24,11,03,5,東京,2,12,２勝ｸﾗｽ,43,芝,0,1400,良,ボルタドマール    ,セ,5,原優介,57.0,13,08,10,10,0,0.8,8,81.8,"1218",0,0,0,2,2,35,512,黒岩陽一,美,0,19104842,01184,01133,0524521208,今中俊平,社台ファーム,ストロングリターン,ハルマッタン,マンハッタンカフェ,鹿毛,190207,   37.6,  ,    ,50.3
24,11,03,5,東京,2,12,２勝ｸﾗｽ,43,芝,0,1400,良,ルルローズ        ,牝,6,木幡巧也,56.0,13,09,8,8,0,0.6,12,81.6,"1216",0,0,0,4,4,34.1,484,伊藤大士,美,0,18105874,01162,01109,0524521209,的場徹,浦河小林牧場,トゥザグローリー,オードリーローズ,ブライアンズタイム,栗毛,180517,  169.8,  ,    ,54.5
24,11,03,5,東京,2,12,２勝ｸﾗｽ,43,芝,0,1400,良,ニコラウス        ,牡,3,荻野極,57.0,13,10,5,5,0,0.4,3,81.4,"1214",0,0,0,7,6,33.6,440,上原佑紀,美,114,21104908,01160,01192,0524521210,中辻明,社台コーポレーショ,リアルスティール,ピースバーグ,Sageburg,鹿毛,210121,    4.8,  ,    ,56.7
24,11,03,5,東京,2,12,２勝ｸﾗｽ,43,芝,0,1400,良,テラステラ        ,牡,4,古川奈穂,54.0,13,11,9,9,0,0.6,4,81.6,"1216",0,0,0,9,9,33.4,474,矢作芳人,栗,0,20104083,01190,01075,0524521211,広尾レース,木村秀則,モーリス,ステラリード,スペシャルウィーク,鹿毛,200224,   10.9,  ,    ,58.2
24,11,03,5,東京,2,12,２勝ｸﾗｽ,43,芝,0,1400,良,ベジェサ          ,牝,5,池添謙一,56.0,13,12,11,11,0,1,9,82,"1220",0,0,0,13,13,33.4,480,飯田祐史,栗,0,19100168,01032,01139,0524521212,カナヤマホールディ,協和牧場,イスラボニータ,ヘイローフジ,キングヘイロー,鹿毛,190513,   52.4,  ,    ,59.1
24,11,03,5,東京,2,12,２勝ｸﾗｽ,43,芝,0,1400,良,ハリケーンリッジ  ,牝,4,石川裕紀,56.0,13,13,6,6,0,0.4,5,81.4,"1214",0,0,0,11,12,33,442,大和田成,美,0,20103736,01150,01124,0524521213,キャロットファーム,ノーザンファーム,リアルスティール,ワシントンレガシー,クロフネ,鹿毛,200204,   13.3,  ,    ,60.0
24,11,09,5,東京,3,01,未勝利・牝*,7,ダ,1,1600,良,ラーナローザ      ,牝,2,大野拓弥,55.0,16,01,4,4,0,0.5,3,101.2,"1412",0,0,0,11,10,38.4,492,畠山吉宏,美,83,22102785,01096,01048,0524530101,ターフ・スポート,グランデファーム,ドレフォン,ラーナアズーラ,パイロ,黒鹿,220507,   10.8,  ,    ,48.1
24,11,09,5,東京,3,01,未勝利・牝*,7,ダ,1,1600,良,ラブリーウィザード,牝,2,西村淳也,55.0,16,02,9,9,0,2.4,4,103.1,"1431",0,0,0,4,4,40.9,450,小笠倫弘,美,0,22106654,01171,01076,0524530102,ノースヒルズ,ノースヒルズ,トランセンド,ピンウィール,キングカメハメハ,栗毛,220421,   12.0,  ,    ,41.2
24,11,09,5,東京,3,01,未勝利・牝*,7,ダ,1,1600,良,サスペンスクィーン,牝,2,菅原明良,55.0,16,03,12,12,0,3,12,103.7,"1437",0,0,0,1,1,41.8,466,和田雄二,美,0,22101343,01179,01143,0524530103,清田洋子,坂牧場,サンダースノー,スマートプラネット,ファルブラヴ,鹿毛,220325,   83.3,  ,    ,38.9
24,11,09,5,東京,3,01,未勝利・牝*,7,ダ,1,1600,良,コスモサンブライト,牝,2,原優介,54.0,16,04,15,15,0,3.7,14,104.4,"1444",0,0,0,4,6,42,440,大和田成,美,0,22106777,01184,01124,0524530104,ビッグレッドファー,ビッグレッドファー,ウインブライト,コスモコルデス,ゴールドヘイロー,芦毛,220331,  172.4,  ,    ,39.1
24,11,09,5,東京,3,01,未勝利・牝*,7,ダ,1,1600,良,ポリアンセモス    ,牝,2,岩田康誠,55.0,16,05,3,3,0,0.4,6,101.1,"1411",0,0,0,15,16,37.8,466,辻哲英,美,140,22105856,05203,01182,0524530105,キャロットファーム,社台コーポレーショ,リアルスティール,ユールフェスト,"More Than Ready",鹿毛,220210,   18.1,  ,    ,50.5
24,11,09,5,東京,3,01,未勝利・牝*,7,ダ,1,1600,良,スプリット        ,牝,2,小林凌大,55.0,16,06,6,6,0,1.2,16,101.9,"1419",0,0,0,2,2,39.9,436,小西一男,美,0,22103929,01177,00405,0524530106,明栄商事,静内フジカワ牧場,ベストウォーリア,デュークタイフーン,フジキセキ,栗毛,220210,  322.6,  ,    ,43.2
24,11,09,5,東京,3,01,未勝利・牝*,7,ダ,1,1600,良,アリスノヒトミ    ,牝,2,丸田恭介,55.0,16,07,13,13,0,3.6,13,104.3,"1443",0,0,0,11,12,41.3,418,石毛善彦,美,0,22100258,01117,00428,0524530107,村田哲朗,鮫川フアーム,ゴールドドリーム,メイショウアリス,マンハッタンカフェ,青毛,220507,  152.4,  ,    ,41.5
24,11,09,5,東京,3,01,未勝利・牝*,7,ダ,1,1600,良,カプア            ,牝,2,石川裕紀,55.0,16,08,5,5,0,0.8,7,101.5,"1415",0,0,0,14,14,38.4,450,伊藤大士,美,55,22101986,01150,01109,0524530108,ニッシンホールディ,藤本ファーム,シニスターミニスター,シナジーウィスパー,ネオユニヴァース,黒鹿,220224,   20.7,  ,    ,48.6
24,11,09,5,東京,3,01,未勝利・牝*,7,ダ,1,1600,良,クインズマドレーヌ,牝,2,江田照男,55.0,16,09,7,7,0,1.8,9,102.5,"1425",0,0,0,8,8,40,512,村田一誠,美,0,22103867,00689,01190,0524530109,ケイアイスタリオン,佐竹学,パイロ,プリンセスキナウ,キングカメハメハ,鹿毛,220322,   34.8,  ,    ,43.8
24,11,09,5,東京,3,01,未勝利・牝*,7,ダ,1,1600,良,コンテディカヴール,牝,2,北村宏司,55.0,16,10,11,11,0,2.9,11,103.6,"1436",0,0,0,11,12,40.7,464,栗田徹,美,0,22105167,01043,01127,0524530110,吉田勝己,ノーザンファーム,アドマイヤマーズ,レディスキッパー,クロフネ,芦毛,220129,   62.2,  ,    ,42.7
24,11,09,5,東京,3,01,未勝利・牝*,7,ダ,1,1600,良,イグニススピリタス,牝,2,柴田大知,55.0,16,11,10,10,0,2.8,10,103.5,"1435",0,0,0,8,10,40.8,490,田中剛,美,0,22101653,01009,01119,0524530111,ゴドルフィン,ダーレー・ジャパン,パイロ,スピリットレイク,"Invincible Spirit",鹿毛,220316,   48.6,  ,    ,42.2
24,11,09,5,東京,3,01,未勝利・牝*,7,ダ,1,1600,良,シウダーエヴィータ,牝,2,ルメール,55.0,16,12,2,2,0,0.1,1,100.8,"1408",0,0,0,8,8,38.3,468,田中博康,美,220,22105797,05339,01162,0524530112,サンデーレーシング,社台コーポレーショ,アドマイヤマーズ,サンタエヴィータ,"Smart Strike",栗毛,220131,    2.6,  ,    ,47.9
24,11,09,5,東京,3,01,未勝利・牝*,7,ダ,1,1600,良,ロベルタカリーナ  ,牝,2,木幡巧也,55.0,16,13,14,14,0,3.7,8,104.4,"1444",0,0,0,4,6,42,454,牧光二,美,0,22104139,01162,01106,0524530113,ターフ・スポート,千代田牧場,ルヴァンスレーヴ,ダイワジャンヌ,タニノギムレット,鹿毛,220515,   21.9,  ,    ,39.1
24,11,09,5,東京,3,01,未勝利・牝*,7,ダ,1,1600,良,エイブリー        ,牝,2,杉原誠人,55.0,16,14,8,8,0,1.9,15,102.6,"1426",0,0,0,15,14,39.4,514,土田稔,美,0,22105654,01135,00417,0524530114,島川隆哉,エスティファーム,マクマホン,スマートチョイス,"Grand Reward",鹿毛,220514,  246.4,  ,    ,46.2
24,11,09,5,東京,3,01,未勝利・牝*,7,ダ,1,1600,良,ファイヤーボート  ,牝,2,マーカン,55.0,16,15,16,16,0,3.9,5,104.6,"1446",0,0,0,3,3,42.5,460,田島俊明,美,0,22100543,05626,01112,0524530115,谷掛龍夫,片山牧場,サートゥルナーリア,イセベル,シンボリクリスエス,鹿毛,220210,   13.1,  ,    ,37.7
24,11,09,5,東京,3,01,未勝利・牝*,7,ダ,1,1600,良,ザローズハーツ    ,牝,2,佐々木大,55.0,16,16,1,1,0,-0.1,2,100.7,"1407",0,0,0,4,4,38.4,448,大竹正博,美,550,22105993,01197,01102,0524530116,伊藤功一,レイクヴィラファー,ミスターメロディ,ロゼリーナ,キングカメハメハ,栗毛,220322,    2.6,  ,    ,47.3
24,11,09,5,東京,3,02,未勝利*,7,芝,0,1600,良,ダイユウボンバー  ,牝,2,原優介,54.0,13,01,8,8,0,1.5,7,96.2,"1362",0,0,0,1,1,36.2,438,松永康利,美,0,22101943,01184,01093,0524530201,大友靖岐,広富牧場,レイデオロ,ロトクルーザー,クロフネ,鹿毛,220204,   45.5,  ,    ,49.4
24,11,09,5,東京,3,02,未勝利*,7,芝,0,1600,良,ツインピークス    ,牝,2,菅原明良,55.0,13,02,1,1,0,0,4,94.7,"1347",0,0,0,11,11,33.3,478,高木登,美,550,22104179,01179,01088,0524530202,飯田正剛,千代田牧場,ミスターメロディ,ミルフィアタッチ,キングカメハメハ,鹿毛,220429,    8.0,  ,    ,60.6
24,11,09,5,東京,3,02,未勝利*,7,芝,0,1600,良,リケアダージリン  ,牝,2,横山和生,55.0,13,03,5,5,0,0.8,6,95.5,"1355",0,0,0,3,3,35.2,430,小野次郎,美,55,22104576,01140,01125,0524530203,稲場澄,山田牧場,ヴァンセンヌ,サクラパピルス,アグネスデジタル,鹿毛,220415,   45.1,  ,    ,52.8
24,11,09,5,東京,3,02,未勝利*,7,芝,0,1600,良,バーニングメモリー,牝,2,津村明秀,55.0,13,04,7,7,0,1.4,10,96.1,"1361",0,0,0,5,6,35.3,470,水野貴広,美,0,22103543,01092,01094,0524530204,ビッグレッドファー,岡田スタツド,エイシンフラッシュ,ハッピーダイアリー,アグネスタキオン,鹿毛,220305,  175.9,  ,    ,53.3
24,11,09,5,東京,3,02,未勝利*,7,芝,0,1600,良,カリフォルニアボム,牡,2,江田照男,56.0,13,05,9,9,0,1.5,8,96.2,"1362",0,0,0,13,13,34.5,460,村田一誠,美,0,22107280,00689,01190,0524530205,小谷野次郎,浜本牧場,カリフォルニアクローム,アイアムエメラルド,ステイゴールド,栗毛,220402,   59.7,  ,    ,57.3
24,11,09,5,東京,3,02,未勝利*,7,芝,0,1600,良,レイホープ        ,牡,2,佐々木大,56.0,13,06,12,12,0,2.1,9,96.8,"1368",0,0,0,9,9,35.6,484,菊川正達,美,0,22102763,01197,01052,0524530206,ディアレストクラブ,木村牧場,トゥザグローリー,レッドピアノ,オレハマッテルゼ,黒鹿,220127,  158.0,  ,    ,53.1
24,11,09,5,東京,3,02,未勝利*,7,芝,0,1600,良,スペードギニー    ,牡,2,ルメール,56.0,13,07,2,2,0,0,1,94.7,"1347",0,0,0,7,7,33.8,460,武井亮,美,220,22105191,05339,01147,0524530207,犬飼優,ノーザンファーム,リオンディーズ,ローズノーブル,ディープインパクト,青鹿,220313,    2.0,  ,    ,58.1
24,11,09,5,東京,3,02,未勝利*,7,芝,0,1600,良,フラッシュタイム  ,牡,2,水口優也,56.0,13,08,13,13,0,2.7,13,97.4,"1374",0,0,0,7,8,36.3,518,佐藤吉勝,美,0,22102662,01133,01035,0524530208,田頭勇貴,加藤重治,エイシンフラッシュ,ダンツスウィフト,ダイワメジャー,黒鹿,220425,  402.8,  ,    ,51.0
24,11,09,5,東京,3,02,未勝利*,7,芝,0,1600,良,フレンドビーチ    ,牝,2,吉田豊,55.0,13,09,6,6,0,1.1,5,95.8,"1358",0,0,0,3,3,35.5,422,南田美知,美,0,22100336,00733,00437,0524530209,横尾晴人,中村雅明,ビーチパトロール,フレンドスイート,バゴ,鹿毛,220228,   27.0,  ,    ,51.9
24,11,09,5,東京,3,02,未勝利*,7,芝,0,1600,良,ポッドベル        ,牡,2,杉原誠人,56.0,13,10,4,4,0,0.3,2,95,"1350",0,0,0,5,5,34.4,460,和田勇介,美,83,22100702,01135,01165,0524530210,小川眞査雄,下屋敷牧場,モズアスコット,シェクロエ,ノヴェリスト,黒鹿,220313,    3.3,  ,    ,55.7
24,11,09,5,東京,3,02,未勝利*,7,芝,0,1600,良,テントウムシサンバ,牝,2,丸田恭介,55.0,13,11,10,10,0,1.5,12,96.2,"1362",0,0,0,9,9,34.9,494,石栗龍彦,美,0,22104298,01117,01043,0524530211,田頭勇貴,畠山牧場,ロジャーバローズ,フォーエバーワン,ハービンジャー,栗毛,220209,  282.1,  ,    ,55.4
24,11,09,5,東京,3,02,未勝利*,7,芝,0,1600,良,トーケンサワー    ,牝,2,柴田善臣,55.0,13,12,3,3,0,0.1,3,94.8,"1348",0,0,0,2,2,34.7,438,根本康広,美,140,22103128,00641,01029,0524530212,林秀宣,林孝輝,ルーラーシップ,イチゴミルフィーユ,ヨハネスブルグ,鹿毛,220312,    4.4,  ,    ,53.9
24,11,09,5,東京,3,02,未勝利*,7,芝,0,1600,良,オッフェンバック  ,牡,2,野中悠太,56.0,13,13,11,11,0,1.9,11,96.6,"1366",0,0,0,12,11,35.1,446,小笠倫弘,美,0,22106815,01158,01076,0524530213,ビッグレッドファー,ビッグレッドファー,ブリックスアンドモルタル,ラフォルジュルネ,スペシャルウィーク,黒鹿,220409,  246.2,  ,    ,55.1
24,11,09,5,東京,3,03,未勝利*,7,芝,0,2000,良,パルピタシオン    ,牝,2,田辺裕信,55.0,12,01,5,5,0,0.5,9,123,"2030",0,0,11,10,11,33.7,418,天間昭一,美,55,22101277,01075,01090,0524530301,矢野雅子,クラウン日高牧場,モズアスコット,クラウンイヴ,ブラックタイド,栗毛,220418,  143.6,  ,    ,63.6
24,11,09,5,東京,3,03,未勝利*,7,芝,0,2000,良,リアンベーレ      ,牡,2,横山武史,56.0,12,02,1,1,0,-0.1,2,122.5,"2025",0,0,4,4,4,33.8,496,手塚貴久,美,550,22105462,01170,01038,0524530302,インゼルレーシング,社台ファーム,キズナ,ファタルベーレ,"Pedro the Great",青鹿,220423,    2.7,  ,    ,62.5
24,11,09,5,東京,3,03,未勝利*,7,芝,0,2000,良,クエンカ          ,牡,2,丸田恭介,56.0,12,03,11,11,0,1.9,12,124.4,"2044",0,0,1,1,1,36,468,宗像義忠,美,0,22105682,01117,00420,0524530303,島川隆哉,エスティファーム,トーセンレーヴ,ワルツオブキャット,Songandaprayer,鹿毛,220502,  365.0,  ,    ,55.2
24,11,09,5,東京,3,03,未勝利*,7,芝,0,2000,良,シンデレラダッシュ,牝,2,マーカン,55.0,12,04,8,8,0,1,5,123.5,"2035",0,0,8,7,7,34.6,436,宮田敬介,美,0,22105980,05626,01175,0524530304,フォレストレーシン,レイクヴィラファー,ブリックスアンドモルタル,メジロコウミョウ,キングカメハメハ,黒鹿,220210,   10.6,  ,    ,60.1
24,11,09,5,東京,3,03,未勝利*,7,芝,0,2000,良,フクノブルーレイク,牡,2,松岡正海,56.0,12,05,2,2,0,0.1,4,122.6,"2026",0,0,2,4,4,33.8,458,竹内正洋,美,220,22101329,01085,01152,0524530305,福島祐子,ケイズ,ウインブライト,ブルーエクセル,ロードカナロア,青鹿,220425,    9.6,  ,    ,62.6
24,11,09,5,東京,3,03,未勝利*,7,芝,0,2000,良,ジュラ            ,牝,2,原優介,54.0,12,06,9,9,0,1,7,123.5,"2035",0,0,8,10,10,34.3,464,小手川準,美,0,22100384,01184,01171,0524530306,北山敏隆,ヒダカフアーム,ゴールドシップ,ピワ,ヘニーヒューズ,栗毛,220208,   55.8,  ,    ,61.5
24,11,09,5,東京,3,03,未勝利*,7,芝,0,2000,良,ルールーリマ      ,牝,2,佐々木大,55.0,12,07,4,4,0,0.4,3,122.9,"2029",0,0,8,9,7,33.9,416,大竹正博,美,83,22100781,01197,01102,0524530307,ノースヒルズ,土居牧場,キズナ,エヴァイエ,ロードカナロア,黒鹿,220327,    7.7,  ,    ,62.5
24,11,09,5,東京,3,03,未勝利*,7,芝,0,2000,良,ディーズゴールド  ,牡,2,ルメール,56.0,12,08,3,3,0,0.4,1,122.9,"2029",0,0,4,7,7,33.9,480,田村康仁,美,140,22105847,05339,01027,0524530308,シルクレーシング,社台コーポレーショ,リオンディーズ,ボニーゴールド,ディープインパクト,鹿毛,220424,    2.0,  ,    ,62.5
24,11,09,5,東京,3,03,未勝利*,7,芝,0,2000,良,ショウナンバージ  ,牝,2,北村友一,55.0,12,09,10,10,0,1.4,10,123.9,"2039",0,0,4,3,3,35.4,420,稲垣幸雄,美,0,22105880,01102,01167,0524530309,国本哲秀,青藍牧場,レイデオロ,ショウナンバーチ,ディープインパクト,栗毛,220428,  189.5,  ,    ,57.1
24,11,09,5,東京,3,03,未勝利*,7,芝,0,2000,良,ピコシー          ,牡,2,岩田康誠,56.0,12,10,6,6,0,0.6,6,123.1,"2031",0,0,2,2,2,34.7,466,奥村武,美,0,22101716,05203,01145,0524530310,ビジュピコ,チャンピオンズファ,サトノダイヤモンド,アヴァール,キングカメハメハ,鹿毛,220123,   32.2,  ,    ,59.2
24,11,09,5,東京,3,03,未勝利*,7,芝,0,2000,良,エポカリーナ      ,牡,2,木幡巧也,56.0,12,11,12,12,0,2.1,11,124.6,"2046",0,0,12,12,11,35.3,456,土田稔,美,0,22107233,01162,00417,0524530311,山口敦広,大作ステーブル,エポカドーロ,カルカリーナ,オウケンブルースリ,黒鹿,220406,  355.5,  ,    ,58.4
24,11,09,5,東京,3,03,未勝利*,7,芝,0,2000,良,カスバートテソーロ,牝,2,菅原明良,55.0,12,12,7,7,0,0.8,8,123.3,"2033",0,0,4,6,4,34.5,440,畠山吉宏,美,0,22102263,01179,01048,0524530312,了徳寺健二ホールデ,リョーケンファーム,ゴールドアクター,パテオドバテール,Shirocco,黒鹿,220204,  121.5,  ,    ,60.3
24,11,09,5,東京,3,04,未勝利*,7,ダ,1,1600,良,ルシード          ,牡,2,野中悠太,56.0,16,01,8,8,0,1.3,11,100.1,"1401",0,0,0,1,1,39.4,502,田島俊明,美,0,22103592,01158,01112,0524530401,Gリビエール・レー,岡田スタツド,スクリーンヒーロー,ローゼンタール,ロージズインメイ,栗毛,220212,   65.7,  ,    ,42.4
24,11,09,5,東京,3,04,未勝利*,7,ダ,1,1600,良,ゴールデンカイト  ,牡,2,川田将雅,56.0,16,02,1,1,0,-0.3,1,98.8,"1388",0,0,0,3,3,37.9,472,中内田充,栗,550,22110129,01088,01137,0524530402,山紫水明,"Newstead Corp",Tapit,"L' Age d'Or","Medaglia d'Oro",栗毛,220421,    2.4,  ,    ,46.4
24,11,09,5,東京,3,04,未勝利*,7,ダ,1,1600,良,オビドス          ,牡,2,吉田豊,56.0,16,03,11,11,0,1.5,13,100.3,"1403",0,0,0,11,10,38.7,472,高橋文雅,美,0,22100073,00733,01134,0524530403,フォレストレーシン,大原ファーム,アニマルキングダム,エキスカベイター,サクラバクシンオー,栗毛,220504,  465.7,  ,    ,45.5
24,11,09,5,東京,3,04,未勝利*,7,ダ,1,1600,良,テンペストーソ    ,牡,2,Ｍ．デム,56.0,16,04,5,5,0,0.5,4,99.3,"1393",0,0,0,9,7,38,542,石栗龍彦,美,55,22101784,05212,01043,0524530404,出口牧場,出口牧場,マクフィ,プライムシスター,ルーラーシップ,鹿毛,220325,    8.8,  ,    ,46.8
24,11,09,5,東京,3,04,未勝利*,7,ダ,1,1600,良,ファミーユウルーズ,牡,2,戸崎圭太,56.0,16,05,9,9,0,1.3,6,100.1,"1401",0,0,0,13,11,37.8,528,武藤善則,美,0,22107021,05386,01064,0524530405,落合幸弘,村上欽哉,ナダル,メジロミドウ,ステイゴールド,栗毛,220304,   19.3,  ,    ,48.9
24,11,09,5,東京,3,04,未勝利*,7,ダ,1,1600,良,サノノダンサー    ,牝,2,木幡巧也,55.0,16,06,16,16,0,5.3,15,104.1,"1441",0,0,0,9,12,41.7,424,尾形和幸,美,0,22100503,01162,01141,0524530406,佐野信幸,小河豊水,オーヴァルエース,フレンチドール,フレンチデピュティ,栗毛,220314,  663.6,  ,    ,39.8
24,11,09,5,東京,3,04,未勝利*,7,ダ,1,1600,良,エヌマエリシュ    ,牡,2,マーカン,56.0,16,07,4,4,0,0.5,7,99.3,"1393",0,0,0,4,4,38.3,462,上原博之,美,83,22104976,05626,00423,0524530407,吉田勝己,ノーザンファーム,ルヴァンスレーヴ,ピュアチャプレット,クロフネ,栗毛,220303,   29.3,  ,    ,45.6
24,11,09,5,東京,3,04,未勝利*,7,ダ,1,1600,良,ジュンビクトワール,牡,2,横山武史,56.0,16,08,3,3,0,0.3,8,99.1,"1391",0,0,0,2,2,38.4,498,中舘英二,美,140,22105043,01170,01153,0524530408,河合純二,ノーザンファーム,サトノアラジン,ペンカナプリンセス,Pivotal,鹿毛,220424,   32.1,  ,    ,44.8
24,11,09,5,東京,3,04,未勝利*,7,ダ,1,1600,良,ルヴァレドクール  ,牡,2,ルメール,56.0,16,09,6,6,0,1,2,99.8,"1398",0,0,0,6,5,38.7,504,田村康仁,美,0,22100994,05339,01027,0524530409,吉田晴哉,山際牧場,ルヴァンスレーヴ,アルマユディト,ヨハネスブルグ,鹿毛,220322,    2.9,  ,    ,44.7
24,11,09,5,東京,3,04,未勝利*,7,ダ,1,1600,良,マイネルメドリング,牡,2,原優介,55.0,16,10,14,14,0,4.4,14,103.2,"1432",0,0,0,16,16,37.1,436,青木孝文,美,0,22106539,01184,01156,0524530410,サラブレッドクラブ,那須野,マインドユアビスケッツ,エルメスグリーン,アグネスタキオン,栗毛,220420,  575.0,  ,    ,56.9
24,11,09,5,東京,3,04,未勝利*,7,ダ,1,1600,良,ラントレイル      ,牡,2,石橋脩,56.0,16,11,10,10,0,1.4,5,100.2,"1402",0,0,0,14,15,37.4,438,牧光二,美,0,22106359,01077,01106,0524530411,京都ホースレーシン,高瀬牧場,ホッコータルマエ,ランミネルバ,アグネスタキオン,黒鹿,220603,   19.2,  ,    ,50.7
24,11,09,5,東京,3,04,未勝利*,7,ダ,1,1600,良,アンエクスプロード,牡,2,ムーア,56.0,16,12,15,15,0,4.7,3,103.5,"1435",0,0,0,4,5,42.4,500,池上昌和,美,0,22104571,05366,01150,0524530412,矢野秀春,矢野牧場,ヘニーヒューズ,ロイヤルメジャー,ダイワメジャー,鹿毛,220227,    6.6,  ,    ,36.5
24,11,09,5,東京,3,04,未勝利*,7,ダ,1,1600,良,チェリースカヤ    ,牡,2,小林凌大,56.0,16,13,13,13,0,2.1,16,100.9,"1409",0,0,0,12,12,38.4,490,小西一男,美,0,22100316,01177,00405,0524530413,櫻井悦朗,富塚ファーム,チェリークラウン,チェリーメドゥーサ,シックスセンス,栗毛,220327,  753.5,  ,    ,47.7
24,11,09,5,東京,3,04,未勝利*,7,ダ,1,1600,良,マカセナハレ      ,牡,2,横山和生,56.0,16,14,12,12,0,1.5,10,100.3,"1403",0,0,0,14,14,37.7,472,小野次郎,美,0,22103454,01140,01125,0524530414,村田哲朗,ウエスタンファーム,マジェスティックウォリアー,ウエスタンアモーレ,ブライアンズタイム,黒鹿,220418,   48.1,  ,    ,49.6
24,11,09,5,東京,3,04,未勝利*,7,ダ,1,1600,良,メイユウ          ,牡,2,石川裕紀,56.0,16,15,7,7,0,1,12,99.8,"1398",0,0,0,7,9,38.4,466,蛯名正義,美,0,22106861,01150,01191,0524530415,岡浩二,北星村田牧場,ヘニーヒューズ,ラブローレル,ブライアンズタイム,青鹿,220406,  155.0,  ,    ,45.9
24,11,09,5,東京,3,04,未勝利*,7,ダ,1,1600,良,ショウナンカチドキ,牡,2,柴田善臣,56.0,16,16,2,2,0,0.3,9,99.1,"1391",0,0,0,7,7,37.8,454,久保田貴,美,220,22101258,00641,01067,0524530416,国本哲秀,木村牧場,マクフィ,ショウナンカサロ,キングカメハメハ,黒鹿,220328,   46.7,  ,    ,47.3
24,11,09,5,東京,3,05,新馬,15,芝,0,1800,良,アセンブリールーム,牡,2,マーカン,56.0,9,01,4,4,0,0.6,3,109,"1490",0,0,5,4,5,34.1,456,中川公成,美,110,22104811,05626,01081,0524530501,サンデーレーシング,ノーザンファーム,リアルスティール,シャンデリアハウス,ヴァーミリアン,鹿毛,220407,    3.9,  ,    ,59.8
24,11,09,5,東京,3,05,新馬,15,芝,0,1800,良,ノロシ            ,牡,2,菅原明良,56.0,9,02,9,9,0,2.5,6,110.9,"1509",0,0,2,2,2,36.2,482,高木登,美,0,22103539,01179,01088,0524530502,Gリビエール・レー,岡田スタツド,ウインブライト,ヌーナ,Congrats,黒鹿,220415,   38.9,  ,    ,53.2
24,11,09,5,東京,3,05,新馬,15,芝,0,1800,良,ストラスブール    ,牡,2,木幡巧也,56.0,9,03,8,8,0,2.1,9,110.5,"1505",0,0,3,4,4,35.7,446,牧光二,美,0,22101148,01162,01106,0524530503,YGGホースクラブ,エトルタファーム,ハービンジャー,エスコフィオン,ディープインパクト,鹿毛,220428,  102.1,  ,    ,54.8
24,11,09,5,東京,3,05,新馬,15,芝,0,1800,良,オルグジェシダ    ,牝,2,戸崎圭太,55.0,9,04,3,3,0,0.3,2,108.7,"1487",0,0,5,6,5,33.8,468,宮田敬介,美,180,22104875,05386,01175,0524530504,サンデーレーシング,ノーザンファーム,モーリス,ソシアルクラブ,キングカメハメハ,青鹿,220324,    3.6,  ,    ,60.8
24,11,09,5,東京,3,05,新馬,15,芝,0,1800,良,デビューフライト  ,牝,2,Ｍ．デム,55.0,9,05,2,2,0,0.2,5,108.6,"1486",0,0,8,7,7,33.5,414,小島茂之,美,290,22105123,05212,01068,0524530505,丸山担,ノーザンファーム,フィエールマン,ランウェイデビュー,ストロングリターン,黒鹿,220228,   30.4,  ,    ,62.1
24,11,09,5,東京,3,05,新馬,15,芝,0,1800,良,グランツローゼ    ,牝,2,津村明秀,55.0,9,06,5,5,0,0.7,7,109.1,"1491",0,0,8,9,9,33.7,450,千葉直人,美,72,22106824,01092,01199,0524530506,柿内孝幸,ブルースターズファ,ゴールドシップ,ゲハイムローゼ,ロージズインメイ,芦毛,220601,   55.2,  ,    ,61.9
24,11,09,5,東京,3,05,新馬,15,芝,0,1800,良,カザンラク        ,牡,2,ルメール,56.0,9,07,1,1,0,-0.2,1,108.4,"1484",0,0,1,1,1,33.8,472,嘉藤貴行,美,720,22104666,05339,01195,0524530507,キャロットファーム,ノーザンファーム,シルバーステート,ヴィアンローズ,"Sevres Rose",青鹿,220424,    1.9,  ,    ,60.4
24,11,09,5,東京,3,05,新馬,15,芝,0,1800,良,サヴォンリンナ    ,牝,2,北村友一,55.0,9,08,7,7,0,1.1,4,109.5,"1495",0,0,7,8,7,34.3,446,田中克典,栗,0,22105696,01102,01180,0524530508,G1レーシング,追分ファーム,サトノダイヤモンド,サイマー,Zoffany,鹿毛,220307,    8.6,  ,    ,59.6
24,11,09,5,東京,3,05,新馬,15,芝,0,1800,良,ヤマニンエイドロン,牡,2,佐々木大,56.0,9,09,6,6,0,1,8,109.4,"1494",0,0,3,3,2,34.7,460,辻哲英,美,0,22107326,01197,01182,0524530509,土井肇,錦岡牧場,サトノクラウン,ヤマニンアドーレ,ダイワメジャー,芦毛,220405,   73.6,  ,    ,57.6
24,11,09,5,東京,3,06,新馬・牝,15,芝,0,1600,良,サンマルエポック  ,牝,2,野中悠太,55.0,11,01,11,11,0,2.2,11,97.2,"1372",0,0,0,10,11,34.7,418,中川公成,美,0,22102718,01158,01081,0524530601,相馬勇,木戸口牧場,エポカドーロ,サンマルタイトル,ハーツクライ,栗毛,220507,  285.3,  ,    ,58.1
24,11,09,5,東京,3,06,新馬・牝,15,芝,0,1600,良,スイモアマイモ    ,牝,2,横山武史,55.0,11,02,9,9,0,1.6,6,96.6,"1366",0,0,0,3,3,35.2,416,藤岡健一,栗,0,22101470,01170,01062,0524530602,幅田昌伸,下河辺牧場,モーリス,ワイドロータス,ダンスインザダーク,黒鹿,220117,   29.9,  ,    ,54.7
24,11,09,5,東京,3,06,新馬・牝,15,芝,0,1600,良,クリムゾンボタン  ,牝,2,原優介,54.0,11,03,8,8,0,1.6,10,96.6,"1366",0,0,0,10,10,34.3,446,小手川準,美,0,22102005,01184,01171,0524530603,ヒダカ・ブリーダー,碧雲牧場,ニューイヤーズデイ,トウカイファイン,フレンチデピュティ,鹿毛,220306,  268.3,  ,    ,59.0
24,11,09,5,東京,3,06,新馬・牝,15,芝,0,1600,良,アーラグラシア    ,牝,2,ルメール,55.0,11,04,3,3,0,0.3,4,95.3,"1353",0,0,0,6,6,33.7,422,栗田徹,美,180,22104702,05339,01127,0524530604,キャロットファーム,ノーザンファーム,レイデオロ,エールデュレーヴ,ディープインパクト,青鹿,220421,   10.6,  ,    ,59.7
24,11,09,5,東京,3,06,新馬・牝,15,芝,0,1600,良,ロワゾブルー      ,牝,2,菅原明良,55.0,11,05,4,4,0,0.5,7,95.5,"1355",0,0,0,9,9,33.4,436,小島茂之,美,110,22103559,01179,01068,0524530605,ノルマンディーサラ,岡田スタツド,ノヴェリスト,ヘレナモルフォ,ジャングルポケット,黒鹿,220414,   59.4,  ,    ,61.6
24,11,09,5,東京,3,06,新馬・牝,15,芝,0,1600,良,ジョイフルニュース,牝,2,佐々木大,55.0,11,06,2,2,0,0.1,2,95.1,"1351",0,0,0,5,3,33.7,454,大竹正博,美,290,22105369,01197,01102,0524530606,社台レースホース,社台ファーム,ロードカナロア,ジョイニキータ,Fortify,鹿毛,220502,    3.7,  ,    ,59.3
24,11,09,5,東京,3,06,新馬・牝,15,芝,0,1600,良,ルージュナリッシュ,牝,2,横山和生,55.0,11,07,1,1,0,-0.1,3,95,"1350",0,0,0,1,1,34.1,454,国枝栄,美,720,22105162,01140,00399,0524530607,東京ホースレーシン,ノーザンファーム,ドレフォン,レッドラヴィータ,スペシャルウィーク,栗毛,220214,    5.7,  ,    ,57.2
24,11,09,5,東京,3,06,新馬・牝,15,芝,0,1600,良,マイクインダム    ,牝,2,川田将雅,55.0,11,08,7,7,0,1.5,1,96.5,"1365",0,0,0,7,6,34.8,478,中内田充,栗,0,22105059,01088,01137,0524530608,藤田晋,ノーザンファーム,ロードカナロア,マニーズオンシャーロット,"Mizzen Mast",黒鹿,220303,    1.6,  ,    ,56.4
24,11,09,5,東京,3,06,新馬・牝,15,芝,0,1600,良,カピオラ          ,牝,2,Ｍ．デム,55.0,11,09,5,5,0,0.8,5,95.8,"1358",0,0,0,2,2,34.6,422,武幸四郎,栗,72,22105034,05212,01160,0524530609,柳橋仁機,ノーザンファーム,フィエールマン,ベルアリュール2,Numerous,鹿毛,220412,   20.9,  ,    ,56.1
24,11,09,5,東京,3,06,新馬・牝,15,芝,0,1600,良,トキメキジニア    ,牝,2,丸田恭介,55.0,11,10,6,6,0,1.3,9,96.3,"1363",0,0,0,7,6,34.7,466,佐藤吉勝,美,0,22100323,01117,01035,0524530610,片岡正雄,中神牧場,コパノリッキー,メイショウアンデス,ダンスインザダーク,鹿毛,220404,  208.6,  ,    ,56.5
24,11,09,5,東京,3,06,新馬・牝,15,芝,0,1600,良,ハニーローリエ    ,牝,2,大野拓弥,55.0,11,11,10,10,0,1.8,8,96.8,"1368",0,0,0,3,3,35.4,480,小手川準,美,0,22101604,01096,01171,0524530611,東豊物産,竹島幸治,ルーラーシップ,トーホウハニー,ステイゴールド,鹿毛,220314,  107.8,  ,    ,54.1
24,11,09,5,東京,3,07,１勝ｸﾗｽ,23,ダ,1,1400,良,エイシンホイップ  ,牝,3,吉田豊,55.0,16,01,3,3,0,0.6,5,86.2,"1262",0,0,0,2,2,36.6,468,田中剛,美,200,21100088,00733,01119,0524530701,栄進堂,木田牧場,イスラボニータ,エイシンソルティー,Tapit,芦毛,210311,   11.5,  ,    ,51.6
24,11,09,5,東京,3,07,１勝ｸﾗｽ,23,ダ,1,1400,良,エコロセブン      ,牡,3,野中悠太,57.0,16,02,8,8,0,1.5,14,87.1,"1271",0,0,0,7,5,37.1,520,根本康広,美,0,21103370,01158,01029,0524530702,原村正紀,山田昇史,アドマイヤムーン,タイキノワール,グラスワンダー,黒鹿,210429,  217.1,  ,    ,51.1
24,11,09,5,東京,3,07,１勝ｸﾗｽ,23,ダ,1,1400,良,カルネヴァーレ    ,牝,3,木幡育也,55.0,16,03,6,6,0,0.9,8,86.5,"1265",0,0,0,2,2,36.8,514,菊沢隆徳,美,0,21103720,01167,01115,0524530703,是枝浩平,グランド牧場,ダノンレジェンド,ゴールドフェスタ,"Medaglia d'Oro",黒鹿,210423,   28.6,  ,    ,51.3
24,11,09,5,東京,3,07,１勝ｸﾗｽ,23,ダ,1,1400,良,ビッグフラワー    ,牡,3,岩田康誠,57.0,16,04,10,10,0,1.6,3,87.2,"1272",0,0,0,5,5,37.2,496,加藤征弘,美,0,21100958,05203,01059,0524530704,丸山担,伏木田牧場,ビッグアーサー,マリアフィオーレ,ハーツクライ,鹿毛,210319,    8.4,  ,    ,50.8
24,11,09,5,東京,3,07,１勝ｸﾗｽ,23,ダ,1,1400,良,サミアド          ,牡,3,菅原明良,57.0,16,05,1,1,0,-0.5,7,85.6,"1256",0,0,0,1,1,36.2,516,竹内正洋,美,800,21109086,01179,01152,0524530705,グリーンファーム,恵比寿興業株式会社,シャンハイボビー,エイシンバンバ,"Rock Hard Ten",黒鹿,210425,   20.0,  ,    ,52.3
24,11,09,5,東京,3,07,１勝ｸﾗｽ,23,ダ,1,1400,良,モナコブル        ,牡,3,藤懸貴志,57.0,16,06,4,4,0,0.8,12,86.4,"1264",0,0,0,7,7,36.1,452,岩戸孝樹,美,120,21109096,01138,01051,0524530706,千明牧場,千明牧場,ニューイヤーズデイ,メイチャリティ,ネオユニヴァース,黒鹿,210224,   94.0,  ,    ,54.5
24,11,09,5,東京,3,07,１勝ｸﾗｽ,23,ダ,1,1400,良,ビーマイセルフ    ,牝,6,岩部純二,56.0,16,07,14,14,0,2.5,13,88.1,"1281",0,0,0,11,11,37.6,486,萱野浩二,美,0,18106606,00726,01024,0524530707,ミルファーム,ミルファーム,トゥザグローリー,ブリッサ,ブラックホーク,青鹿,180418,  178.1,  ,    ,50.7
24,11,09,5,東京,3,07,１勝ｸﾗｽ,23,ダ,1,1400,良,ミスヨシゼン      ,牝,3,北村宏司,55.0,16,08,15,15,0,2.5,2,88.1,"1281",0,0,0,6,7,37.8,484,古賀慎明,美,0,21104663,01043,01079,0524530708,橋本忠雄,市川牧場,シニスターミニスター,バアゼルザウバー,シンボリクリスエス,鹿毛,210219,    6.1,  ,    ,49.8
24,11,09,5,東京,3,07,１勝ｸﾗｽ,23,ダ,1,1400,良,メイプルリーフラグ,牝,4,原優介,55.0,16,09,11,11,0,1.9,16,87.5,"1275",0,0,0,11,7,37.2,450,的場均,美,0,20103527,01184,01063,0524530709,稲場澄,ノーザンファーム,キンシャサノキセキ,バンゴール,キングカメハメハ,鹿毛,200420,  272.8,  ,    ,51.4
24,11,09,5,東京,3,07,１勝ｸﾗｽ,23,ダ,1,1400,良,ミスティックパワー,牡,4,江田照男,58.0,16,10,16,16,0,2.7,15,88.3,"1283",0,0,0,14,13,37.7,518,松永康利,美,0,20104727,00689,01093,0524530710,小林竜太郎,藤沢牧場,サトノアラジン,ダーリング,ハービンジャー,鹿毛,200326,  232.6,  ,    ,50.7
24,11,09,5,東京,3,07,１勝ｸﾗｽ,23,ダ,1,1400,良,テンホワイトラブ  ,牝,4,小林凌大,56.0,16,11,9,9,0,1.6,11,87.2,"1272",0,0,0,16,16,36.4,516,小西一男,美,0,20104052,01177,00405,0524530711,天白泰司,片岡博,エスポワールシチー,ベガグレシヤス,アドマイヤドン,芦毛,200420,   93.1,  ,    ,54.7
24,11,09,5,東京,3,07,１勝ｸﾗｽ,23,ダ,1,1400,良,ムコウジマランプ  ,牡,4,松岡正海,58.0,16,12,5,5,0,0.8,6,86.4,"1264",0,0,0,14,11,35.9,506,森一誠,美,80,20104623,01085,01201,0524530712,芳賀克也,野坂牧場,ナムラタイタン,イタリアンフェッテ,ヨハネスブルグ,栗毛,200326,   16.0,  ,    ,55.5
24,11,09,5,東京,3,07,１勝ｸﾗｽ,23,ダ,1,1400,良,パープルナイト    ,牡,4,横山和生,58.0,16,13,7,7,0,1.5,1,87.1,"1271",0,0,0,13,13,36.5,498,堀内岳志,美,0,20101412,01140,01189,0524530713,木村牧場,木村牧場,スクリーンヒーロー,リボンティアラ,アドマイヤムーン,栗毛,200308,    1.7,  ,    ,54.0
24,11,09,5,東京,3,07,１勝ｸﾗｽ,23,ダ,1,1400,良,スコラーリ        ,牡,5,マーカン,58.0,16,14,13,13,0,2.2,10,87.8,"1278",0,0,0,7,10,37.4,484,萩原清,美,0,19100718,05626,01017,0524530714,吉田和美,ヒカル牧場,トゥザワールド,ヒカリヴィグラス,サウスヴィグラス,栗毛,190429,   83.9,  ,    ,51.1
24,11,09,5,東京,3,07,１勝ｸﾗｽ,23,ダ,1,1400,良,サトノアルペジオ  ,セ,4,丸田恭介,58.0,16,15,2,2,0,0.5,4,86.1,"1261",0,0,0,2,2,36.4,482,大和田成,美,320,20103477,01117,01124,0524530715,里見治,ノーザンファーム,モーリス,チャームドヴェール,ネオユニヴァース,鹿毛,200219,   11.3,  ,    ,52.4
24,11,09,5,東京,3,07,１勝ｸﾗｽ,23,ダ,1,1400,良,イーデンテソーロ  ,牡,4,佐々木大,58.0,16,16,12,12,0,2,9,87.6,"1276",0,0,0,10,13,37,488,畠山吉宏,美,0,20102384,01197,01048,0524530716,了徳寺健二ホールデ,リョーケンファーム,ファインニードル,モトカノテソーロ,"Unbridled's Song",黒鹿,200314,   33.0,  ,    ,52.6
24,11,09,5,東京,3,08,２勝ｸﾗｽ,43,ダ,1,1600,良,バニシングポイント,セ,6,杉原誠人,58.0,13,01,4,4,0,1.8,5,98.1,"1381",0,0,0,6,6,36.8,498,古賀慎明,美,170,18110086,01135,01079,0524530801,長谷川祐司,"Whisper Hill Farm",Tapit,"Unrivaled Belle","Unbridled's Song",芦毛,180128,   13.3,  ,    ,49.9
24,11,09,5,東京,3,08,２勝ｸﾗｽ,43,ダ,1,1600,良,プリーミー        ,牡,5,マーカン,58.0,13,02,13,13,0,4.7,4,101,"1410",0,0,0,7,7,39.4,564,田中博康,美,0,19107061,05626,01162,0524530802,吉田和美,ノーザンファーム,ドゥラメンテ,アトミカオロ,Orpen,鹿毛,191227,    5.6,  ,    ,43.8
24,11,09,5,東京,3,08,２勝ｸﾗｽ,43,ダ,1,1600,良,レオカクテル      ,牡,6,丸田恭介,58.0,13,03,5,5,0,1.8,12,98.1,"1381",0,0,0,10,7,36.5,510,萱野浩二,美,114,18106144,01117,01024,0524530803,レオ,江谷牧場,タイムパラドックス,レオフォーレンス,フジキセキ,栗毛,180525,  171.9,  ,    ,51.3
24,11,09,5,東京,3,08,２勝ｸﾗｽ,43,ダ,1,1600,良,アトラクティーボ  ,牡,5,西村淳也,58.0,13,04,8,8,0,2.3,8,98.6,"1386",0,0,0,3,3,37.6,546,武藤善則,美,0,19100641,01171,01064,0524530804,ノースヒルズ,ノースヒルズ,ワンアンドオンリー,シャンパンルージュ,ファスリエフ,鹿毛,190422,   46.9,  ,    ,47.3
24,11,09,5,東京,3,08,２勝ｸﾗｽ,43,ダ,1,1600,良,サトミノマロン    ,牡,5,横山和生,58.0,13,05,12,12,0,3.4,10,99.7,"1397",0,0,0,13,13,37.1,528,鈴木伸尋,美,0,19101661,01140,01026,0524530805,田代洋己,下河辺牧場,ディープブリランテ,プレシャスライン,キングカメハメハ,栗毛,190222,  102.2,  ,    ,51.2
24,11,09,5,東京,3,08,２勝ｸﾗｽ,43,ダ,1,1600,良,アッチャゴーラ    ,牡,4,佐々木大,58.0,13,06,2,2,0,1.1,2,97.4,"1374",0,0,0,5,5,36.3,502,村山明,栗,460,20102843,01197,01107,0524530806,吉田千津,社台ファーム,マインドユアビスケッツ,グラッブユアコート,ゴールドアリュール,鹿毛,200520,    5.1,  ,    ,51.0
24,11,09,5,東京,3,08,２勝ｸﾗｽ,43,ダ,1,1600,良,ミッキーラッキー  ,牡,3,ムーア,57.0,13,07,3,3,0,1.5,3,97.8,"1378",0,0,0,3,3,36.9,562,堀宣行,美,290,21105561,05366,01070,0524530807,野田みづき,ノーザンファーム,ドゥラメンテ,シャンパンエニワン,"Street Sense",栗毛,210209,    5.3,  ,    ,49.0
24,11,09,5,東京,3,08,２勝ｸﾗｽ,43,ダ,1,1600,良,ララエフォール    ,牡,5,Ｍ．デム,58.0,13,08,9,9,0,2.5,13,98.8,"1388",0,0,0,11,11,36.9,500,和田雄二,美,0,19101121,05212,01143,0524530808,フジイ興産,清水牧場,エイシンヒカリ,ヒラルダ,Kyllachy,鹿毛,190419,  190.9,  ,    ,50.7
24,11,09,5,東京,3,08,２勝ｸﾗｽ,43,ダ,1,1600,良,ライラスター      ,セ,5,岩田康誠,58.0,13,09,6,6,0,1.9,6,98.2,"1382",0,0,0,8,7,36.6,470,森一誠,美,0,19105336,05203,01201,0524530809,キャロットファーム,ノーザンファーム,ロードカナロア,ハープスター,ディープインパクト,鹿毛,190409,   24.1,  ,    ,51.0
24,11,09,5,東京,3,08,２勝ｸﾗｽ,43,ダ,1,1600,良,ピックアップライン,牡,4,原優介,57.0,13,10,11,11,0,3.2,7,99.5,"1395",0,0,0,1,1,38.8,510,田中剛,美,0,20103088,01184,01119,0524530810,社台レースホース,社台ファーム,ロゴタイプ,ラブリリック,ワイルドラッシュ,青鹿,200422,   36.3,  ,    ,43.9
24,11,09,5,東京,3,08,２勝ｸﾗｽ,43,ダ,1,1600,良,ウィンドフォール  ,牡,3,木幡巧也,57.0,13,11,1,1,0,-1.1,1,96.3,"1363",0,0,0,2,2,35.5,474,牧光二,美,1140,21105156,01162,01106,0524530811,平田修,社台ファーム,パイロ,ノットオーソリティ,スウェプトオーヴァーボード,芦毛,210520,    2.0,  ,    ,52.8
24,11,09,5,東京,3,08,２勝ｸﾗｽ,43,ダ,1,1600,良,メロウヴォイス    ,牝,5,吉田豊,56.0,13,12,7,7,0,2.1,11,98.4,"1384",0,0,0,11,11,36.5,464,上原博之,美,0,19102493,00733,00423,0524530812,水上ふじ子,笠松牧場,ロードカナロア,モンクール,ディープインパクト,鹿毛,190408,  143.2,  ,    ,51.8
24,11,09,5,東京,3,08,２勝ｸﾗｽ,43,ダ,1,1600,良,エリンアキレウス  ,牡,4,三浦皇成,58.0,13,13,10,10,0,2.9,9,99.2,"1392",0,0,0,8,7,37.6,538,清水英克,美,0,20105361,01122,01080,0524530813,田頭勇貴,大栄牧場,ストロングリターン,エリンズハープ,ネオユニヴァース,鹿毛,200424,   83.4,  ,    ,48.3
24,11,09,5,東京,3,09,オキザリ･1勝,23,ダ,1,1400,良,ルイステソーロ    ,牡,2,佐々木大,56.0,16,01,16,16,0,3.8,8,88.9,"1289",0,0,0,4,4,39.6,484,畠山吉宏,美,0,22100574,01197,01048,0524530901,了徳寺健二ホールデ,木田牧場,シニスターミニスター,ヘルディン,ロードアルティマ,栗毛,220227,   43.3,  ,    ,43.4
24,11,09,5,東京,3,09,オキザリ･1勝,23,ダ,1,1400,良,ベンヌ            ,牡,2,田辺裕信,56.0,16,02,12,12,0,2.8,1,87.9,"1279",0,0,0,16,16,37.5,512,久保田貴,美,0,22101703,01075,01067,0524530902,ゴドルフィン,ダーレー・ジャパン,パイロ,レッドフェザー,ディープスカイ,鹿毛,220226,    2.1,  ,    ,50.8
24,11,09,5,東京,3,09,オキザリ･1勝,23,ダ,1,1400,良,ニシノリンダ      ,牝,2,原優介,55.0,16,03,13,13,0,3,15,88.1,"1281",0,0,0,7,7,38.5,438,青木孝文,美,0,22107203,01184,01156,0524530903,西山茂行,さとう,マクフィ,ニシノウララ,リーチザクラウン,鹿毛,220131,  229.9,  ,    ,46.6
24,11,09,5,東京,3,09,オキザリ･1勝,23,ダ,1,1400,良,ケイツーギルダー  ,牡,2,横山武史,56.0,16,04,14,14,0,3.1,13,88.2,"1282",0,0,0,5,5,38.8,500,千葉直人,美,0,22100918,01170,01199,0524530904,楠本勝美,松本牧場,アジアエクスプレス,ゼマティス,"Zenno Rob Roy",栗毛,220209,   80.8,  ,    ,45.5
24,11,09,5,東京,3,09,オキザリ･1勝,23,ダ,1,1400,良,スリーピース      ,牡,2,三浦皇成,56.0,16,05,7,7,0,2,9,87.1,"1271",0,0,0,14,13,36.8,462,武井亮,美,0,22104972,01122,01147,0524530905,スリーレーシング,ノーザンファーム,ミッキーアイル,ビバリーヒルズ,スニッツェル,栗毛,220317,   45.7,  ,    ,52.5
24,11,09,5,東京,3,09,オキザリ･1勝,23,ダ,1,1400,良,ルークススペイ    ,牡,2,ムーア,56.0,16,06,8,8,0,2,4,87.1,"1271",0,0,0,9,9,37.4,480,伊藤圭三,美,0,22101543,05366,01023,0524530906,岩崎伸道,シンボリ牧場,ベストウォーリア,メリーウェザー,メジロベイリー,鹿毛,220417,   12.4,  ,    ,49.7
24,11,09,5,東京,3,09,オキザリ･1勝,23,ダ,1,1400,良,オカメノコイ      ,牝,2,藤岡佑介,55.0,16,07,10,10,0,2.1,14,87.2,"1272",0,0,0,11,10,37.4,466,小笠倫弘,美,0,22106698,01093,01076,0524530907,岡浩二,ハシモトフアーム,パイロ,クレオール,チチカステナンゴ,栗毛,220314,  208.6,  ,    ,49.9
24,11,09,5,東京,3,09,オキザリ･1勝,23,ダ,1,1400,良,フィドルファドル  ,牝,2,北村友一,55.0,16,08,5,5,0,1.4,10,86.5,"1265",0,0,0,12,12,36.4,454,矢作芳人,栗,107,22104674,01102,01075,0524530908,キャロットファーム,ノーザンファーム,サトノアラジン,ヴィートマルシェ,フレンチデピュティ,鹿毛,220301,   46.6,  ,    ,53.2
24,11,09,5,東京,3,09,オキザリ･1勝,23,ダ,1,1400,良,ポールセン        ,牡,2,横山和生,56.0,16,09,2,2,0,0.2,2,85.3,"1253",0,0,0,2,2,36.3,470,斎藤誠,美,430,22110140,01140,01086,0524530909,坂口直大,"Hunter Valley & Mo","Into Mischief",Separationofpowers,"Candy Ride",鹿毛,220211,    3.9,  ,    ,51.2
24,11,09,5,東京,3,09,オキザリ･1勝,23,ダ,1,1400,良,ユウトザユウト    ,牡,2,川田将雅,56.0,16,10,3,3,0,0.3,3,85.4,"1254",0,0,0,3,3,36.2,496,小崎憲,栗,270,22110118,01088,01085,0524530910,鈴木紋菜,"Bruno F. De Julio",Preservationist,"Officer Leah",Officer,栗毛,220208,    6.9,  ,    ,51.9
24,11,09,5,東京,3,09,オキザリ･1勝,23,ダ,1,1400,良,コウユーモジョカー,牝,2,西村淳也,55.0,16,11,15,15,0,3.2,16,88.3,"1283",0,0,0,12,13,38,462,斉藤崇史,栗,0,22109164,01171,01151,0524530911,加治屋貞光,長谷川牧場,ケイムホーム,アイディンビュー,バブルガムフェロー,栗毛,220329,  356.0,  ,    ,49.3
24,11,09,5,東京,3,09,オキザリ･1勝,23,ダ,1,1400,良,シャドウキャッスル,牡,2,戸崎圭太,56.0,16,12,6,6,0,1.7,7,86.8,"1268",0,0,0,5,5,37.4,456,藤原英昭,栗,0,22105474,05386,01055,0524530912,飯塚知一,社台ファーム,イスラボニータ,フリアアステカ,Zensational,芦毛,220512,   30.8,  ,    ,49.1
24,11,09,5,東京,3,09,オキザリ･1勝,23,ダ,1,1400,良,ドントゥザムーン  ,牡,2,菅原明良,56.0,16,13,11,11,0,2.1,11,87.2,"1272",0,0,0,7,7,37.6,452,高木登,美,0,22101863,01179,01088,0524530913,山田貢一,日西牧場,カレンブラックヒル,ドナプリモ,フリオーソ,青鹿,220411,   69.1,  ,    ,48.9
24,11,09,5,東京,3,09,オキザリ･1勝,23,ダ,1,1400,良,プロミストジーン  ,牝,2,マーカン,55.0,16,14,1,1,0,-0.2,5,85.1,"1251",0,0,0,9,10,35.3,458,上原佑紀,美,1070,22105028,05626,01192,0524530914,シルクレーシング,ノーザンファーム,ナダル,プロミストリープ,ヘニーヒューズ,鹿毛,220108,   12.6,  ,    ,55.8
24,11,09,5,東京,3,09,オキザリ･1勝,23,ダ,1,1400,良,サノノワンダー    ,牡,2,岩田康誠,56.0,16,15,4,4,0,1.2,6,86.3,"1263",0,0,0,14,13,36,520,栗田徹,美,160,22102039,05203,01127,0524530915,佐野信幸,豊洋牧場,ヘニーヒューズ,プレトリアン,キングヘイロー,鹿毛,220328,   14.2,  ,    ,54.8
24,11,09,5,東京,3,09,オキザリ･1勝,23,ダ,1,1400,良,ハリーケーン      ,牡,2,水口優也,56.0,16,16,9,9,0,2.1,12,87.2,"1272",0,0,0,1,1,38.3,510,大根田裕,栗,0,22106453,01133,01032,0524530916,田頭勇貴,津田牧場,モーニン,チェインブラッド,マンハッタンカフェ,黒鹿,220321,   77.0,  ,    ,45.8
24,11,09,5,東京,3,10,奥多摩Ｓ･3勝,67,芝,0,1400,良,コスモエスパーダ  ,牡,8,野中悠太,58.0,14,01,12,12,0,0.6,13,82.2,"1222",0,0,0,3,3,34.6,508,天間昭一,美,0,16105797,01158,01090,0524531001,ビッグレッドファー,静内酒井牧場,レッドスパーダ,コウユーヒカリママ,ロックオブジブラルタル,青毛,160419,  187.3,  ,    ,53.2
24,11,09,5,東京,3,10,奥多摩Ｓ･3勝,67,芝,0,1400,良,プリモカリーナ    ,牝,5,マーカン,56.0,14,02,14,14,0,0.7,6,82.3,"1223",0,0,0,5,5,34.3,452,福永祐一,栗,0,19105412,05626,01203,0524531002,ライオンレースホー,ノーザンファーム,サトノアラジン,ベットーレ,"Blu Air Force",鹿毛,190219,   24.7,  ,    ,55.0
24,11,09,5,東京,3,10,奥多摩Ｓ･3勝,67,芝,0,1400,良,ヤマニンデンファレ,牝,6,大野拓弥,56.0,14,03,5,5,0,0.1,11,81.7,"1217",0,0,0,8,8,33.4,496,辻哲英,美,184,18102009,01096,01182,0524531003,土井肇,錦岡牧場,ローエングリン,ヤマニンアドーレ,ダイワメジャー,芦毛,180408,   95.3,  ,    ,58.5
24,11,09,5,東京,3,10,奥多摩Ｓ･3勝,67,芝,0,1400,良,ヴィルヘルム      ,牡,6,北村宏司,58.0,14,04,13,13,0,0.7,14,82.3,"1223",0,0,0,14,14,33.3,500,小椋研介,栗,0,18104982,01043,01197,0524531004,キャロットファーム,ノーザンファーム,エピファネイア,カイゼリン,アドマイヤベガ,青鹿,180201,  318.2,  ,    ,60.4
24,11,09,5,東京,3,10,奥多摩Ｓ･3勝,67,芝,0,1400,良,レッドシュヴェルト,牡,4,ルメール,58.0,14,05,11,11,0,0.5,1,82.1,"1221",0,0,0,11,11,33.6,472,尾関知人,美,0,20103517,05339,01103,0524531005,東京ホースレーシン,ノーザンファーム,レッドファルクス,ハイドバウンド,"Grand Slam",芦毛,200222,    3.4,  ,    ,58.3
24,11,09,5,東京,3,10,奥多摩Ｓ･3勝,67,芝,0,1400,良,ベガリス          ,牝,4,藤懸貴志,56.0,14,06,3,3,0,0,8,81.6,"1216",0,0,0,1,1,34.4,424,高橋義忠,栗,460,20100497,01138,01129,0524531006,杉山忠国,明治牧場,モーリス,プレシャスベガ,キングカメハメハ,鹿毛,200203,   32.4,  ,    ,52.9
24,11,09,5,東京,3,10,奥多摩Ｓ･3勝,67,芝,0,1400,良,セントメモリーズ  ,牝,3,石川裕紀,55.0,14,07,1,1,0,0,3,81.6,"1216",0,0,0,4,4,33.7,480,斎藤誠,美,1840,21104894,01150,01086,0524531007,キャロットファーム,社台コーポレーショ,エピファネイア,ネオフレグランス,ネオユニヴァース,黒鹿,210405,    4.3,  ,    ,56.6
24,11,09,5,東京,3,10,奥多摩Ｓ･3勝,67,芝,0,1400,良,サトミノキラリ    ,牡,3,津村明秀,57.0,14,08,9,9,0,0.2,2,81.8,"1218",0,0,0,7,5,33.7,458,鈴木伸尋,美,0,21101429,01092,01026,0524531008,田代洋己,下河辺牧場,ビッグアーサー,パレード,ディープインパクト,鹿毛,210224,    3.8,  ,    ,57.0
24,11,09,5,東京,3,10,奥多摩Ｓ･3勝,67,芝,0,1400,良,オメガウインク    ,牝,3,戸崎圭太,55.0,14,09,2,2,0,0,4,81.6,"1216",0,0,0,5,5,33.6,468,大和田成,美,740,21103559,05386,01124,0524531009,原禮子,岡田スタツド,ロジャーバローズ,レッドルンバ,"Red Ransom",芦毛,210402,    6.4,  ,    ,57.1
24,11,09,5,東京,3,10,奥多摩Ｓ･3勝,67,芝,0,1400,良,アバンチュリエ    ,セ,5,柴田善臣,58.0,14,10,10,10,0,0.3,10,81.9,"1219",0,0,0,13,13,33.2,472,大竹正博,美,0,19105347,00641,01102,0524531010,DMMドリームクラブ,ノーザンファーム,モーリス,パンデイア,ディープインパクト,栗毛,190120,   91.3,  ,    ,60.0
24,11,09,5,東京,3,10,奥多摩Ｓ･3勝,67,芝,0,1400,良,ガロンヌ          ,牡,3,川田将雅,57.0,14,11,7,7,0,0.2,5,81.8,"1218",0,0,0,8,8,33.4,472,上村洋行,栗,0,21100494,01088,01168,0524531011,杉山忠国,明治牧場,モーリス,リヴィエール,ハーツクライ,芦毛,210209,    7.4,  ,    ,58.7
24,11,09,5,東京,3,10,奥多摩Ｓ･3勝,67,芝,0,1400,良,ショウナンラスボス,牡,6,岩田康誠,58.0,14,12,8,8,0,0.2,12,81.8,"1218",0,0,0,2,2,34.5,470,奥村武,美,0,18103926,05203,01145,0524531012,国本哲秀,タイヘイ牧場,ダイワメジャー,プリンセスオブザスターズ,"Sea The Stars",栗毛,180212,  162.8,  ,    ,52.8
24,11,09,5,東京,3,10,奥多摩Ｓ･3勝,67,芝,0,1400,良,キャプテンシー    ,牡,3,西村淳也,57.0,14,13,6,6,0,0.2,8,81.8,"1218",0,0,0,11,11,33.3,464,松永幹夫,栗,0,21105370,01171,01092,0524531013,サンデーレーシング,ノーザンファーム,モーリス,アドマイヤリード,ステイゴールド,鹿毛,210309,   32.4,  ,    ,59.2
24,11,09,5,東京,3,10,奥多摩Ｓ･3勝,67,芝,0,1400,良,リサリサ          ,牝,4,三浦皇成,56.0,14,14,4,4,0,0,7,81.6,"1216",0,0,0,8,8,33.3,490,田村康仁,美,280,20109067,01122,01027,0524531014,山藤賢,村上勝治,イスラボニータ,サトノローズヒップ,タイキシャトル,鹿毛,200309,   25.0,  ,    ,58.8
24,11,09,5,東京,3,11,武蔵野ＳG3,163,ダ,1,1600,良,ビヨンドザファザー,牡,5,北村友一,57.0,15,01,9,9,0,0.9,7,96.9,"1369",0,0,0,14,13,36.1,512,藤岡健一,栗,0,19101613,01102,01062,0524531101,スリーエイチレーシ,下河辺牧場,Curlin,ガリレオズソング,Galileo,鹿毛,190204,   32.1,  ,    ,51.1
24,11,09,5,東京,3,11,武蔵野ＳG3,163,ダ,1,1600,良,ゼットリアン      ,牡,4,大野拓弥,57.0,15,02,12,12,0,1.6,14,97.6,"1376",0,0,0,11,10,37.4,438,吉田直弘,栗,0,20104760,01096,01101,0524531102,フォーレスト,フジワラフアーム,モーリス,ネオシルヴィア,ネオユニヴァース,鹿毛,200513,  179.5,  ,    ,46.6
24,11,09,5,東京,3,11,武蔵野ＳG3,163,ダ,1,1600,良,キタノヴィジョン  ,牡,7,戸崎圭太,57.0,15,03,10,10,0,1.1,10,97.1,"1371",0,0,0,11,12,36.8,496,萱野浩二,美,0,17102011,05386,01024,0524531103,北所直人,北星村田牧場,メイショウボーラー,グリーンオリーヴ,サンデーサイレンス,鹿毛,170511,   48.2,  ,    ,48.3
24,11,09,5,東京,3,11,武蔵野ＳG3,163,ダ,1,1600,良,ペリエール        ,牡,4,石川裕紀,57.0,15,04,3,3,0,0.2,4,96.2,"1362",0,0,0,10,10,36.1,488,黒岩陽一,美,1000,20101874,01150,01133,0524531104,長谷川祐司,チャンピオンズファ,ヘニーヒューズ,ソフトライム,フジキセキ,鹿毛,200213,   13.3,  ,    ,49.9
24,11,09,5,東京,3,11,武蔵野ＳG3,163,ダ,1,1600,良,メイショウテンスイ,牡,7,吉田豊,57.0,15,05,13,13,0,2.7,12,98.7,"1387",0,0,0,2,2,39.7,528,河内洋,栗,0,17106084,00733,01072,0524531105,松本好雄,太陽牧場,ダンカーク,フラワーガイア,ゼンノロブロイ,栗毛,170303,   64.2,  ,    ,39.2
24,11,09,5,東京,3,11,武蔵野ＳG3,163,ダ,1,1600,良,ドルチェモア      ,牡,4,三浦皇成,57.0,15,06,15,15,0,10.1,15,106.1,"1461",0,0,0,1,1,47.2,474,高橋一哉,栗,0,20101533,01122,01206,0524531106,スリーエイチレーシ,下河辺牧場,ルーラーシップ,アユサン,ディープインパクト,鹿毛,200221,  226.8,  ,    ,24.9
24,11,09,5,東京,3,11,武蔵野ＳG3,163,ダ,1,1600,良,エルゲルージ      ,牡,5,藤岡佑介,57.0,15,07,6,6,0,0.6,11,96.6,"1366",0,0,0,8,8,36.8,516,石坂公一,栗,0,19102044,01093,01166,0524531107,犬塚悠治郎,浜本牧場,ドゥラメンテ,プルージャ,"Sidney's Candy",鹿毛,190205,   58.2,  ,    ,47.5
24,11,09,5,東京,3,11,武蔵野ＳG3,163,ダ,1,1600,良,サヴァ            ,牡,6,岩田康誠,57.0,15,08,11,11,0,1.1,13,97.1,"1371",0,0,0,13,13,36.3,520,上村洋行,栗,0,18103223,05203,01168,0524531108,藤田孟司,大北牧場,アイルハヴアナザー,ダイワバーガンディ,ブライアンズタイム,黒鹿,180410,  129.4,  ,    ,50.5
24,11,09,5,東京,3,11,武蔵野ＳG3,163,ダ,1,1600,良,ペイシャエス      ,牡,5,横山和生,57.0,15,09,4,4,0,0.4,3,96.4,"1364",0,0,0,3,3,37.1,498,小西一男,美,600,19104245,01140,00405,0524531109,北所直人,高村伸一,エスポワールシチー,リサプシュケ,ワイルドラッシュ,栗毛,190318,    7.2,  ,    ,45.9
24,11,09,5,東京,3,11,武蔵野ＳG3,163,ダ,1,1600,良,エンペラーワケア  ,牡,4,川田将雅,57.0,15,10,1,1,0,-0.2,1,96,"1360",0,0,0,5,4,36.5,538,杉山晴紀,栗,4000,20101547,01088,01157,0524531110,草間庸文,下河辺牧場,ロードカナロア,カラズマッチポイント,Curlin,鹿毛,200502,    1.7,  ,    ,47.8
24,11,09,5,東京,3,11,武蔵野ＳG3,163,ダ,1,1600,良,ショウナンライシン,牡,4,柴田善臣,57.0,15,11,7,7,0,0.8,6,96.8,"1368",0,0,0,8,8,36.9,488,大竹正博,美,0,20103148,00641,01102,0524531111,国本哲秀,青藍牧場,エスケンデレヤ,ショウナンバーキン,フジキセキ,栗毛,200517,   20.6,  ,    ,47.4
24,11,09,5,東京,3,11,武蔵野ＳG3,163,ダ,1,1600,良,タマモロック      ,牡,4,ムーア,57.0,15,12,8,8,0,0.8,2,96.8,"1368",0,0,0,7,6,37.2,506,伊藤圭三,美,0,20104861,05366,01023,0524531112,タマモ,前田牧場,ヘニーヒューズ,タマモボレロ,ハーツクライ,鹿毛,200502,    4.9,  ,    ,46.1
24,11,09,5,東京,3,11,武蔵野ＳG3,163,ダ,1,1600,良,カズペトシーン    ,牡,4,西村淳也,57.0,15,13,2,2,0,0.2,5,96.2,"1362",0,0,0,14,13,35.3,496,池添学,栗,1600,20105585,01171,01144,0524531113,吉田和美,新冠橋本牧場,ルーラーシップ,レゼトワール,ファスリエフ,鹿毛,200501,   16.8,  ,    ,53.5
24,11,09,5,東京,3,11,武蔵野ＳG3,163,ダ,1,1600,良,サンライズホーク  ,セ,5,Ｍ．デム,57.0,15,14,5,5,0,0.5,8,96.5,"1365",0,0,0,5,4,37,510,牧浦充徳,栗,400,19101681,05212,01113,0524531114,ライフハウス,下河辺牧場,リオンディーズ,ローマンブリッジ,ブライアンズタイム,青鹿,190407,   33.2,  ,    ,46.5
24,11,09,5,東京,3,11,武蔵野ＳG3,163,ダ,1,1600,良,イーグルノワール  ,牡,3,菅原明良,56.0,15,15,14,14,0,2.7,9,98.7,"1387",0,0,0,3,6,39.1,528,音無秀孝,栗,0,21107170,01179,01002,0524531115,社台レースホース,社台ファーム,ブリックスアンドモルタル,アルティマブラッド,シンボリクリスエス,青鹿,210217,   45.1,  ,    ,41.5
24,11,09,5,東京,3,12,２勝ｸﾗｽ,43,芝,0,1600,良,ホウオウシェリー  ,牝,3,菅原明良,55.0,12,01,2,2,0,0.1,2,94.9,"1349",0,0,0,1,1,33.7,432,池上昌和,美,460,21103486,01179,01150,0524531201,小笹芳央,岡田スタツド,ブリックスアンドモルタル,オヒア,ブラックタイド,鹿毛,210305,    4.7,  ,    ,59.0
24,11,09,5,東京,3,12,２勝ｸﾗｽ,43,芝,0,1600,良,ジュドー          ,牡,4,津村明秀,58.0,12,02,10,10,0,0.4,7,95.2,"1352",0,0,0,4,3,33.6,480,手塚貴久,美,0,20103534,01092,01038,0524531202,シルクレーシング,ノーザンファーム,モーリス,パンデイア,ディープインパクト,栗毛,200131,   27.7,  ,    ,60.0
24,11,09,5,東京,3,12,２勝ｸﾗｽ,43,芝,0,1600,良,アップストローク  ,セ,5,大野拓弥,58.0,12,03,9,9,0,0.4,11,95.2,"1352",0,0,0,4,5,33.5,466,杉浦宏昭,美,0,19104675,01096,01008,0524531203,吉田照哉,社台ファーム,ディーマジェスティ,エマソング,"Unbridled's Song",黒鹿,190215,  106.5,  ,    ,60.5
24,11,09,5,東京,3,12,２勝ｸﾗｽ,43,芝,0,1600,良,アップトゥミー    ,牝,4,三浦皇成,56.0,12,04,8,8,0,0.3,9,95.1,"1351",0,0,0,9,8,33,484,国枝栄,美,0,20103641,01122,00399,0524531204,金子真人ホールディ,ノーザンファーム,モーリス,ムードインディゴ,ダンスインザダーク,鹿毛,200418,   36.4,  ,    ,62.9
24,11,09,5,東京,3,12,２勝ｸﾗｽ,43,芝,0,1600,良,ダイシンヤマト    ,牡,4,吉田豊,58.0,12,05,3,3,0,0.1,3,94.9,"1349",0,0,0,6,5,33.1,514,戸田博文,美,290,20101967,00733,01054,0524531205,大八木信行,中原牧場,ヤマカツエース,ダイシンパーティー,ブライアンズタイム,栗毛,200322,    5.1,  ,    ,62.0
24,11,09,5,東京,3,12,２勝ｸﾗｽ,43,芝,0,1600,良,ピックアチェリー  ,牝,3,佐々木大,55.0,12,06,5,5,0,0.2,1,95,"1350",0,0,0,11,11,32.7,442,和田正一,美,114,21105121,01197,01114,0524531206,社台レースホース,社台ファーム,モーリス,チェリーヒロイン,キングカメハメハ,鹿毛,210324,    3.0,  ,    ,64.3
24,11,09,5,東京,3,12,２勝ｸﾗｽ,43,芝,0,1600,良,サトノスカイターフ,牡,6,マーカン,58.0,12,07,11,11,0,0.4,8,95.2,"1352",0,0,0,6,8,33.2,500,池江泰寿,栗,0,18105073,05626,01071,0524531207,里見治,ノーザンファーム,ディープインパクト,シーヴ,Mineshaft,鹿毛,180227,   28.7,  ,    ,62.0
24,11,09,5,東京,3,12,２勝ｸﾗｽ,43,芝,0,1600,良,セフィロ          ,牝,4,横山和生,56.0,12,08,1,1,0,-0.1,5,94.8,"1348",0,0,0,9,8,32.7,470,菊沢隆徳,美,1140,20102836,01140,01115,0524531208,村野康司,社台ファーム,イスラボニータ,クリスプウインド,ハーツクライ,栗毛,200214,    7.3,  ,    ,63.9
24,11,09,5,東京,3,12,２勝ｸﾗｽ,43,芝,0,1600,良,ヴルカーノ        ,牡,6,西村淳也,58.0,12,09,6,6,0,0.3,10,95.1,"1351",0,0,0,3,3,33.6,490,稲垣幸雄,美,0,18109026,01171,01167,0524531209,宮田守,大西興産,スピルバーグ,スプリングシーズン2,Dansili,鹿毛,180310,   47.7,  ,    ,59.8
24,11,09,5,東京,3,12,２勝ｸﾗｽ,43,芝,0,1600,良,マルチャン        ,牡,4,丸田恭介,58.0,12,10,4,4,0,0.1,6,94.9,"1349",0,0,0,6,7,33,472,武市康男,美,170,20103066,01117,01089,0524531210,瀬谷隆雄,社台ファーム,ラブリーデイ,ミオリチャン,スウェプトオーヴァーボード,鹿毛,200507,   17.2,  ,    ,62.5
24,11,09,5,東京,3,12,２勝ｸﾗｽ,43,芝,0,1600,良,ポッドテオ        ,牡,3,ムーア,57.0,12,11,12,12,0,0.4,4,95.2,"1352",0,0,0,12,11,32.8,474,畠山吉宏,美,0,21106069,05366,01048,0524531211,小川眞査雄,岩見牧場,ジャングルポケット,ポッドシルビア,ダノンシャンティ,黒鹿,210228,    5.2,  ,    ,64.1
24,11,09,5,東京,3,12,２勝ｸﾗｽ,43,芝,0,1600,良,ノーダブルディップ,牡,6,北村宏司,58.0,12,12,7,7,0,0.3,12,95.1,"1351",0,0,0,2,2,33.8,544,古賀慎明,美,0,18104837,01043,01079,0524531212,丸山担,社台ファーム,リーチザクラウン,リトルディッパー,アグネスワールド,鹿毛,180308,  122.8,  ,    ,58.8
24,11,10,5,東京,4,01,未勝利*,7,ダ,1,1400,良,ハーレムシャフル  ,牡,2,北村宏司,56.0,15,01,4,4,0,1.6,8,87.2,"1272",0,0,0,6,5,38.7,444,勢司和浩,美,83,22100278,01043,01047,0524540101,千明牧場,大北牧場,ダノンレジェンド,ダイワバーガンディ,ブライアンズタイム,黒鹿,220408,   38.3,  ,    ,44.0
24,11,10,5,東京,4,01,未勝利*,7,ダ,1,1400,良,フォースミラクル  ,牡,2,横山武史,56.0,15,02,1,1,0,-0.8,3,85.6,"1256",0,0,0,3,2,37.3,454,加藤征弘,美,550,22105242,01170,01059,0524540102,丸山担,社台ファーム,ジャスタウェイ,ヴィクトリアマンボ,ヴィクトワールピサ,鹿毛,220316,    4.3,  ,    ,47.1
24,11,10,5,東京,4,01,未勝利*,7,ダ,1,1400,良,フォルテム        ,牡,2,木幡巧也,56.0,15,03,15,15,0,5.3,14,90.9,"1309",0,0,0,9,9,41.7,470,千葉直人,美,0,22103042,01162,01199,0524540103,ノルマンディーサラ,ディアレストクラブ,フィエールマン,マダムアグライア,ケイムホーム,鹿毛,220401,  146.4,  ,    ,38.5
24,11,10,5,東京,4,01,未勝利*,7,ダ,1,1400,良,ラブミーハーパー  ,牝,2,小林凌大,55.0,15,04,11,11,0,3,15,88.6,"1286",0,0,0,14,15,38.6,472,土田稔,美,0,22106260,01177,00417,0524540104,小林祥晃,佐藤牧場,コパノリッキー,キャッツ,"Storm Cat",栗毛,220227,  367.3,  ,    ,47.2
24,11,10,5,東京,4,01,未勝利*,7,ダ,1,1400,良,キタノライブリー  ,牝,2,原優介,54.0,15,05,9,9,0,2.9,4,88.5,"1285",0,0,0,8,8,39.4,448,本間忍,美,0,22106471,01184,01056,0524540105,北所直人,飛渡牧場,アジアエクスプレス,バトルジェジェジェ,ステイゴールド,栗毛,220519,   10.3,  ,    ,43.5
24,11,10,5,東京,4,01,未勝利*,7,ダ,1,1400,良,ツルギトイシヅチ  ,牡,2,菅原明良,56.0,15,06,10,10,0,3,6,88.6,"1286",0,0,0,5,5,40,506,中川公成,美,0,22101860,01179,01081,0524540106,多田賢司,日西牧場,リーチザクラウン,チェリーボンボン,プリサイスエンド,青鹿,220406,   14.0,  ,    ,41.1
24,11,10,5,東京,4,01,未勝利*,7,ダ,1,1400,良,イサチルカムカム  ,牡,2,長岡禎仁,56.0,15,07,8,8,0,2.5,12,88.1,"1281",0,0,0,12,13,38.4,418,竹内正洋,美,0,22102698,01142,01152,0524540107,小坂功,川越ファーム,サンダースノー,トーセンニケ,オルフェーヴル,栗毛,220325,  110.0,  ,    ,47.1
24,11,10,5,東京,4,01,未勝利*,7,ダ,1,1400,良,セイウンスペリオル,牝,2,田辺裕信,55.0,15,08,6,6,0,1.7,13,87.3,"1273",0,0,0,12,13,37.6,482,小島茂之,美,0,22107097,01075,01068,0524540108,西山茂行,メイタイファーム,アジアエクスプレス,スーセントマリー,ダイワメジャー,鹿毛,220409,  142.6,  ,    ,49.1
24,11,10,5,東京,4,01,未勝利*,7,ダ,1,1400,良,リュウジンマル    ,牡,2,Ｍ．デム,56.0,15,09,5,5,0,1.7,11,87.3,"1273",0,0,0,11,11,37.8,518,村田一誠,美,55,22105883,05212,01190,0524540109,カカムーチョレーシ,ゼットステーブル,アジアエクスプレス,エムオークィーン,スマートファルコン,栗毛,220327,   78.1,  ,    ,48.2
24,11,10,5,東京,4,01,未勝利*,7,ダ,1,1400,良,ジュリスタ        ,牝,2,吉田豊,55.0,15,10,3,3,0,1.1,7,86.7,"1267",0,0,0,1,1,38.7,466,稲垣幸雄,美,140,22101145,00733,01167,0524540110,柳原克哉,ヴェルサイユファー,フォーウィールドライブ,マオリオ,ネオユニヴァース,鹿毛,220321,   16.1,  ,    ,43.0
24,11,10,5,東京,4,01,未勝利*,7,ダ,1,1400,良,ソレイケドンチャン,牝,2,戸崎圭太,55.0,15,11,7,7,0,1.9,2,87.5,"1275",0,0,0,6,7,38.5,446,岩戸孝樹,美,0,22103009,05386,01051,0524540111,小田吉男,ディアレストクラブ,モズアスコット,イルミナティ,メイショウサムソン,栗毛,220217,    3.4,  ,    ,45.5
24,11,10,5,東京,4,01,未勝利*,7,ダ,1,1400,良,キャストロププ    ,牡,2,石田拓郎,53.0,15,12,2,2,0,0.8,5,86.4,"1264",0,0,0,14,12,36.8,488,尾形和幸,美,220,22100749,01203,01141,0524540112,手嶋康雄,田湯牧場,ルヴァンスレーヴ,キャストロメファ,トワイニング,栗毛,220501,   12.8,  ,    ,51.1
24,11,10,5,東京,4,01,未勝利*,7,ダ,1,1400,良,オルティジア      ,牡,2,内田博幸,56.0,15,13,14,14,0,3.5,10,89.1,"1291",0,0,0,2,2,40.9,470,菊川正達,美,0,22103024,00422,01052,0524540113,ディアレストクラブ,ディアレストクラブ,マクフィ,ディアアレトゥーサ,トーセンダンス,鹿毛,220421,   53.1,  ,    ,38.4
24,11,10,5,東京,4,01,未勝利*,7,ダ,1,1400,良,セイウングレイ    ,牝,2,佐藤翔馬,52.0,15,14,13,13,0,3.3,9,88.9,"1289",0,0,0,9,9,39.7,440,竹内正洋,美,0,22100399,01207,01152,0524540114,西山茂行,フクオカファーム,バゴ,ニシノビアンカ,クロフネ,芦毛,220119,   39.7,  ,    ,42.9
24,11,10,5,東京,4,01,未勝利*,7,ダ,1,1400,良,フォレストオール  ,牝,2,横山和生,55.0,15,15,12,12,0,3.1,1,88.7,"1287",0,0,0,3,4,40.3,446,栗田徹,美,0,22101985,01140,01127,0524540115,林正道,藤本ファーム,パイロ,ゴールドフォレスト,ゴールドアリュール,鹿毛,220424,    3.1,  ,    ,40.1
24,11,10,5,東京,4,02,未勝利*,7,芝,0,1800,良,ソナタン          ,牡,2,田辺裕信,56.0,9,01,2,2,0,0.1,3,110.7,"1507",0,0,5,3,3,33.6,450,和田勇介,美,220,22105241,01075,01165,0524540201,UHレーシング,社台ファーム,レッドファルクス,ヴァイオリンソナタ,ディープインパクト,青鹿,220315,    4.2,  ,    ,64.7
24,11,10,5,東京,4,02,未勝利*,7,芝,0,1800,良,ソードマスター    ,牡,2,横山武史,56.0,9,02,1,1,0,-0.1,1,110.6,"1506",0,0,1,1,1,33.8,460,斎藤誠,美,550,22105415,01170,01086,0524540202,社台レースホース,社台ファーム,エピファネイア,デアリングエッジ,キングカメハメハ,鹿毛,220222,    2.2,  ,    ,63.6
24,11,10,5,東京,4,02,未勝利*,7,芝,0,1800,良,ナムラペルル      ,牝,2,佐々木大,55.0,9,03,7,7,0,0.8,4,111.4,"1514",0,0,8,8,7,34,474,石栗龍彦,美,0,22104303,01197,01043,0524540203,奈村睦弘,八田ファーム,サンダースノー,ナムラオツウ,ディープインパクト,鹿毛,220415,   14.2,  ,    ,63.8
24,11,10,5,東京,4,02,未勝利*,7,芝,0,1800,良,パリモード        ,牝,2,的場勇人,55.0,9,04,4,4,0,0.6,7,111.2,"1512",0,0,6,6,7,33.8,422,的場均,美,83,22103073,01108,01063,0524540204,栗山道郎,トラストスリーファ,ワールドエース,グッドファッション,アドマイヤマックス,栗毛,220406,   95.2,  ,    ,64.5
24,11,10,5,東京,4,02,未勝利*,7,芝,0,1800,良,ブライトライツ    ,牡,2,木幡巧也,56.0,9,05,8,8,0,1.1,9,111.7,"1517",0,0,9,8,7,34.3,428,畠山吉宏,美,0,22103504,01162,01048,0524540205,岡田牧雄,岡田スタツド,ウインブライト,カムホームラッシー,Lawman,鹿毛,220606,  244.1,  ,    ,62.8
24,11,10,5,東京,4,02,未勝利*,7,芝,0,1800,良,セージブラッシュ  ,牡,2,石橋脩,56.0,9,06,6,6,0,0.7,6,111.3,"1513",0,0,2,2,2,34.4,474,畠山吉宏,美,0,22100969,01077,01048,0524540206,ビッグレッドファー,明治牧場,シルバーステート,スギノピクシー,キングカメハメハ,鹿毛,220314,   54.1,  ,    ,61.8
24,11,10,5,東京,4,02,未勝利*,7,芝,0,1800,良,マイホームヒロイン,牝,2,長岡禎仁,55.0,9,07,9,9,0,1.3,8,111.9,"1519",0,0,2,3,3,34.8,404,深山雅史,美,0,22103337,01142,01174,0524540207,ミルファーム,ミルファーム,ストーミーシー,ユメノマイホーム,ストーミングホーム,栗毛,220413,  191.4,  ,    ,60.8
24,11,10,5,東京,4,02,未勝利*,7,芝,0,1800,良,ニヴルヘイム      ,牡,2,戸崎圭太,56.0,9,08,3,3,0,0.3,2,110.9,"1509",0,0,6,5,6,33.7,450,栗田徹,美,140,22104761,05386,01127,0524540208,吉田勝己,ノーザンファーム,エピファネイア,グレイシア,ダイワメジャー,黒鹿,220120,    2.5,  ,    ,64.5
24,11,10,5,東京,4,02,未勝利*,7,芝,0,1800,良,ユーディキウム    ,牝,2,北村宏司,55.0,9,09,5,5,0,0.7,5,111.3,"1513",0,0,2,6,3,34.2,478,黒岩陽一,美,55,22104981,01043,01133,0524540209,シルクレーシング,ノーザンファーム,ロードカナロア,ファイナルディシジョン,"Super Saver",鹿毛,220417,   14.5,  ,    ,62.7
24,11,10,5,東京,4,03,未勝利・牝*,7,芝,0,1400,良,ユメウラナイ      ,牝,2,野中悠太,55.0,11,01,11,11,0,3.5,10,85.8,"1258",0,0,0,4,4,38,456,水野貴広,美,0,22102670,01158,01094,0524540301,ビッグレッドファー,カナイシスタッド,ロジャーバローズ,ドリームライクエマ,Frankel,鹿毛,220318,  192.2,  ,    ,44.3
24,11,10,5,東京,4,03,未勝利・牝*,7,芝,0,1400,良,ジーティーグロウ  ,牝,2,小林凌大,55.0,11,02,10,10,0,1.6,11,83.9,"1239",0,0,0,4,4,36.1,428,岩戸孝樹,美,0,22105765,01177,01051,0524540302,田畑利彦,社台コーポレーショ,シスキン,インクレセント,アグネスタキオン,黒鹿,220131,  265.9,  ,    ,49.3
24,11,10,5,東京,4,03,未勝利・牝*,7,芝,0,1400,良,ロッピス          ,牝,2,佐々木大,55.0,11,03,8,8,0,1.3,7,83.6,"1236",0,0,0,1,1,36.2,406,伊藤大士,美,0,22103309,01197,01109,0524540303,ミルファーム,ミルファーム,グレーターロンドン,ヴァップ,ストーミングホーム,鹿毛,220319,   42.5,  ,    ,48.2
24,11,10,5,東京,4,03,未勝利・牝*,7,芝,0,1400,良,ココアミュレット  ,牝,2,戸崎圭太,55.0,11,04,6,6,0,0.7,1,83,"1230",0,0,0,2,2,35.5,454,稲垣幸雄,美,0,22104770,05386,01167,0524540304,キャロットファーム,ノーザンファーム,アドマイヤマーズ,ココシュニック,クロフネ,芦毛,220302,    2.3,  ,    ,50.4
24,11,10,5,東京,4,03,未勝利・牝*,7,芝,0,1400,良,デンリッレハウエル,牝,2,石橋脩,55.0,11,05,9,9,0,1.4,9,83.7,"1237",0,0,0,7,7,35.6,406,林徹,美,0,22102975,01077,01163,0524540305,ヒダカ・ブリーダー,辻牧場,レイデオロ,スズカグラーテ,サウスヴィグラス,鹿毛,220418,  190.9,  ,    ,51.3
24,11,10,5,東京,4,03,未勝利・牝*,7,芝,0,1400,良,ロケットバディー  ,牝,2,菅原明良,55.0,11,06,7,7,0,1.1,6,83.4,"1234",0,0,0,9,7,35.3,414,斎藤誠,美,0,22101235,01179,01086,0524540306,"Him Rock Racingホ",北田剛,リオンディーズ,デトロイトカフェ,マンハッタンカフェ,黒鹿,220412,   25.9,  ,    ,52.2
24,11,10,5,東京,4,03,未勝利・牝*,7,芝,0,1400,良,ラブリーガール    ,牝,2,吉田豊,55.0,11,07,1,1,0,-0.3,3,82.3,"1223",0,0,0,9,10,34,454,勢司和浩,美,550,22102696,00733,01047,0524540307,齋藤秀昭,川越ファーム,サートゥルナーリア,カラレイア,エンパイアメーカー,鹿毛,220305,    4.5,  ,    ,56.5
24,11,10,5,東京,4,03,未勝利・牝*,7,芝,0,1400,良,メイリー          ,牝,2,横山和生,55.0,11,08,5,5,0,0.6,5,82.9,"1229",0,0,0,2,2,35.4,434,鈴木慎太,美,55,22106741,01140,01179,0524540308,フクキタル,パカパカファーム,タワーオブロンドン,レイロー,オルフェーヴル,鹿毛,220222,   10.0,  ,    ,50.6
24,11,10,5,東京,4,03,未勝利・牝*,7,芝,0,1400,良,ヴェロニカペルシカ,牝,2,原優介,54.0,11,09,4,4,0,0.6,8,82.9,"1229",0,0,0,11,11,34.2,414,田島俊明,美,83,22105218,01184,01112,0524540309,社台レースホース,社台ファーム,ダイワメジャー,アラッザ,Areion,栗毛,220211,   85.1,  ,    ,56.8
24,11,10,5,東京,4,03,未勝利・牝*,7,芝,0,1400,良,プリンセスロロ    ,牝,2,Ｍ．デム,55.0,11,10,2,2,0,0.3,4,82.6,"1226",0,0,0,6,4,34.8,420,戸田博文,美,220,22105499,05212,01054,0524540310,清進電設,社台ファーム,ストロングリターン,プリンセスルシータ,サンデーサイレンス,鹿毛,220330,    5.4,  ,    ,53.0
24,11,10,5,東京,4,03,未勝利・牝*,7,芝,0,1400,良,ハーフェン        ,牝,2,横山武史,55.0,11,11,3,3,0,0.4,2,82.7,"1227",0,0,0,7,7,34.6,406,新開幸一,美,140,22100614,01170,01116,0524540311,中村祐子,ケイアイファーム,オルフェーヴル,アルセナーレ,クロフネ,栗毛,220211,    4.3,  ,    ,54.3
24,11,10,5,東京,4,04,新馬,15,ダ,1,1300,良,リトルシップス    ,牡,2,小林凌大,56.0,16,01,14,14,0,3.4,15,83.5,"1235",0,0,0,13,13,37.3,446,土田稔,美,0,22102365,01177,00417,0524540401,小池依子,中田牧場,ダンカーク,スコッチフラワー,ゼンノロブロイ,芦毛,220509,  183.0,  ,    ,56.2
24,11,10,5,東京,4,04,新馬,15,ダ,1,1300,良,ピーターライズ    ,牡,2,佐々木大,56.0,16,02,2,2,0,0.2,6,80.3,"1203",0,0,0,3,3,36.2,498,伊藤圭三,美,290,22103752,01197,01023,0524540402,吉岡寛行,グランド牧場,パイロ,ストロングハート,サウスヴィグラス,鹿毛,220202,   13.0,  ,    ,54.4
24,11,10,5,東京,4,04,新馬,15,ダ,1,1300,良,ポミチョッタ      ,牡,2,長岡禎仁,56.0,16,03,11,11,0,3.2,14,83.3,"1233",0,0,0,5,7,38.8,562,萱野浩二,美,0,22103332,01142,01024,0524540403,ミルファーム,ミルファーム,アメリカンペイトリオット,ブリッサ,ブラックホーク,鹿毛,220523,  156.7,  ,    ,48.3
24,11,10,5,東京,4,04,新馬,15,ダ,1,1300,良,トウカイクレオス  ,牝,2,Ｍ．デム,55.0,16,04,8,8,0,2.3,7,82.4,"1224",0,0,0,12,11,36.9,434,菊川正達,美,0,22102825,05212,01052,0524540404,内村正則,松栄牧場,ミスターメロディ,トウカイポプリ,タイキシャトル,黒鹿,220504,   14.1,  ,    ,55.7
24,11,10,5,東京,4,04,新馬,15,ダ,1,1300,良,ロッキンミー      ,牝,2,佐藤翔馬,52.0,16,05,9,9,0,2.3,13,82.4,"1224",0,0,0,5,5,38,428,杉浦宏昭,美,0,22107050,01207,01008,0524540405,石田暢子,村上牧場,スクリーンヒーロー,キセキノショウリ,フジキセキ,栗毛,220614,  149.9,  ,    ,50.2
24,11,10,5,東京,4,04,新馬,15,ダ,1,1300,良,コーシューパンジャ,牡,2,石橋脩,56.0,16,06,12,12,0,3.3,11,83.4,"1234",0,0,0,15,15,36.1,496,勢司和浩,美,0,22102769,01077,01047,0524540406,"Deep Creek",草薙利昭,ゴールドドリーム,ココクイーン,キングカメハメハ,黒鹿,220521,   49.8,  ,    ,62.3
24,11,10,5,東京,4,04,新馬,15,ダ,1,1300,良,ハクサンリバーブ  ,牡,2,内田博幸,56.0,16,07,6,6,0,1.5,9,81.6,"1216",0,0,0,8,8,37,472,松山将樹,美,0,22100239,00422,01100,0524540407,河崎五市,鮫川啓一,ハクサンムーン,サウンドウェーブ,シンボリクリスエス,鹿毛,220303,   16.9,  ,    ,53.3
24,11,10,5,東京,4,04,新馬,15,ダ,1,1300,良,サンラグナベルデ  ,牝,2,横山武史,55.0,16,08,4,4,0,1.1,10,81.2,"1212",0,0,0,1,1,37.4,480,小野次郎,美,110,22101324,01170,01125,0524540408,加藤ステーブル,ケイズ,ポアゾンブラック,ティーゲット,ゼンノロブロイ,栗毛,220507,   20.3,  ,    ,50.4
24,11,10,5,東京,4,04,新馬,15,ダ,1,1300,良,アカデミズム      ,牝,2,西村太一,55.0,16,09,15,15,0,4.2,12,84.3,"1243",0,0,0,11,12,38.6,440,佐藤吉勝,美,0,22106759,01131,01035,0524540409,ビッグレッドファー,ビッグレッドファー,ダノンバラード,アカデミック,"Henny Hughes",黒鹿,220602,  149.1,  ,    ,51.5
24,11,10,5,東京,4,04,新馬,15,ダ,1,1300,良,ピコレッド        ,牡,2,木幡巧也,56.0,16,10,1,1,0,-0.2,2,80.1,"1201",0,0,0,2,2,36.3,536,牧光二,美,720,22107272,01162,01106,0524540410,ビジュピコ,チャンピオンズファ,ヘニーヒューズ,シーイズチャンプ,ダノンシャンティ,栗毛,220215,    5.5,  ,    ,53.4
24,11,10,5,東京,4,04,新馬,15,ダ,1,1300,良,プレミアムハニー  ,牝,2,横山和生,55.0,16,11,13,13,0,3.3,3,83.4,"1234",0,0,0,14,14,36.5,426,鈴木伸尋,美,0,22103358,01140,01026,0524540411,村山卓也,山田昇史,スマートファルコン,ハニームーナー,アドマイヤムーン,栗毛,220401,    6.5,  ,    ,60.1
24,11,10,5,東京,4,04,新馬,15,ダ,1,1300,良,ロドラント        ,牝,2,岩部純二,55.0,16,12,0,0,4,999.9,16,0,"----",0,0,0,16,16,0,476,蛯名利弘,美,0,22103339,00726,01131,0524540412,ミルファーム,ミルファーム,アメリカンペイトリオット,レーヌベルキス,マンハッタンカフェ,青鹿,220618,  344.6,  ,    , 0.0
24,11,10,5,東京,4,04,新馬,15,ダ,1,1300,良,ルックアトミー    ,牝,2,石田拓郎,52.0,16,13,3,3,0,0.5,1,80.6,"1206",0,0,0,3,3,36.6,488,菊沢隆徳,美,180,22103727,01203,01115,0524540413,是枝浩平,グランド牧場,ナダル,アップトゥユー,サウスヴィグラス,栗毛,220318,    2.9,  ,    ,53.0
24,11,10,5,東京,4,04,新馬,15,ダ,1,1300,良,トルティーナ      ,牝,2,吉田豊,55.0,16,14,7,7,0,2.3,8,82.4,"1224",0,0,0,10,10,37.2,486,高橋文雅,美,0,22106102,00733,01134,0524540414,加藤徹,大狩部牧場,サンダースノー,ブラックシュガー,ブラックタイド,鹿毛,220128,   16.4,  ,    ,54.1
24,11,10,5,東京,4,04,新馬,15,ダ,1,1300,良,グレイスフルマーチ,牡,2,戸崎圭太,56.0,16,15,5,5,0,1.3,4,81.4,"1214",0,0,0,9,8,36.8,466,中村直也,栗,72,22101044,05386,01186,0524540415,ノルマンディーサラ,厚賀古川牧場,ヘニーヒューズ,メイグレイス,ネオユニヴァース,栗毛,220324,    7.2,  ,    ,53.9
24,11,10,5,東京,4,04,新馬,15,ダ,1,1300,良,スカイスクレイパー,牡,2,原優介,55.0,16,16,10,10,0,2.5,5,82.6,"1226",0,0,0,7,5,38.2,494,矢野英一,美,0,22103074,01184,01108,0524540416,ターフ・スポート,中島牧場,マジェスティックウォリアー,アンヌ,タイキシャトル,鹿毛,220413,   12.9,  ,    ,49.6
24,11,10,5,東京,4,05,新馬,15,芝,0,1600,良,ビップマリン      ,牝,2,西塚洸二,54.0,10,01,9,9,0,2.4,9,98.2,"1382",0,0,0,3,3,36.1,390,高柳瑞樹,美,0,22102417,01200,01118,0524540501,鈴木邦英,坂東牧場,エイシンフラッシュ,ビップピュアレディ,フジキセキ,青鹿,220513,  104.8,  ,    ,53.2
24,11,10,5,東京,4,05,新馬,15,芝,0,1600,良,スターエンブレム  ,牡,2,菅原明良,56.0,10,02,2,2,0,0.5,1,96.3,"1363",0,0,0,1,1,34.5,466,林徹,美,290,22105130,01179,01163,0524540502,保坂和孝,ノーザンファーム,ロードカナロア,リッスン,"Sadler's Wells",鹿毛,220322,    2.7,  ,    ,57.5
24,11,10,5,東京,4,05,新馬,15,芝,0,1600,良,マミーブルー      ,牝,2,佐藤翔馬,52.0,10,03,6,6,0,1.7,10,97.5,"1375",0,0,0,8,8,34.6,444,杉浦宏昭,美,0,22100958,01207,01008,0524540503,エム・ケー・ホース,三石ファーム,マクフィ,ラストマイア,ローエングリン,黒鹿,220303,  195.4,  ,    ,59.1
24,11,10,5,東京,4,05,新馬,15,芝,0,1600,良,ティラトーレ      ,牝,2,木幡巧也,55.0,10,04,1,1,0,-0.5,3,95.8,"1358",0,0,0,2,2,34,484,牧光二,美,720,22105246,01162,01106,0524540504,STレーシング,社台ファーム,リアルスティール,エアシンフォニー,ルーラーシップ,鹿毛,220307,    4.2,  ,    ,59.1
24,11,10,5,東京,4,05,新馬,15,芝,0,1600,良,ユイノガリクソン  ,牡,2,長岡禎仁,56.0,10,05,4,4,0,1.2,8,97,"1370",0,0,0,5,6,34.5,418,深山雅史,美,110,22103997,01142,01174,0524540505,由井健太郎,タイヘイ牧場,ノーブルミッション,ミネルバサウンド,ブライアンズタイム,鹿毛,220302,   83.4,  ,    ,58.7
24,11,10,5,東京,4,05,新馬,15,芝,0,1600,良,リョウランナイト  ,牡,2,石橋脩,56.0,10,06,8,8,0,2.3,5,98.1,"1381",0,0,0,7,6,35.5,478,小野次郎,美,0,22100775,01077,01125,0524540506,佐藤啓子,土田ファーム,バゴ,ハーツデザイヤー,アグネスタキオン,鹿毛,220513,   12.3,  ,    ,55.8
24,11,10,5,東京,4,05,新馬,15,芝,0,1600,良,ネオシャクナゲ    ,牡,2,田辺裕信,56.0,10,07,10,10,0,3.8,4,99.6,"1396",0,0,0,10,10,35.8,494,小西一男,美,0,22106080,01075,00405,0524540507,西田俊二,岩見牧場,パドトロワ,ボルティモア,ステイゴールド,黒鹿,220423,   11.9,  ,    ,56.9
24,11,10,5,東京,4,05,新馬,15,芝,0,1600,良,マードラド        ,牡,2,内田博幸,56.0,10,08,7,7,0,2.1,6,97.9,"1379",0,0,0,8,8,35,476,鈴木慎太,美,0,22107343,00422,01179,0524540508,広尾レース,木村秀則,レイデオロ,ミスペンバリー,Montjeu,鹿毛,220325,   13.7,  ,    ,57.8
24,11,10,5,東京,4,05,新馬,15,芝,0,1600,良,ヤマニンパルフェ  ,牝,2,原優介,54.0,10,09,3,3,0,1,7,96.8,"1368",0,0,0,3,3,34.7,488,辻哲英,美,180,22106608,01184,01182,0524540509,土井肇,錦岡牧場,シャンハイボビー,ヤマニンヌヌース,ディープインパクト,青鹿,220311,   41.7,  ,    ,57.4
24,11,10,5,東京,4,05,新馬,15,芝,0,1600,良,タッチザシーリング,牝,2,佐々木大,55.0,10,10,5,5,0,1.4,2,97.2,"1372",0,0,0,5,5,34.9,426,菊川正達,美,72,22105393,01197,01052,0524540510,吉田千津,社台ファーム,アルアイン,タッチザモーメント,キングカメハメハ,鹿毛,220216,    2.7,  ,    ,57.1
24,11,10,5,東京,4,06,１勝ｸﾗｽ,23,ダ,1,1600,良,カズラポニアン    ,牡,5,横山武史,58.0,16,01,8,8,0,1.8,9,99,"1390",0,0,0,8,7,37.2,482,高橋一哉,栗,0,19105148,01170,01206,0524540601,吉田和美,ノーザンファーム,ヘニーヒューズ,ガルデルスリール,ダイワメジャー,栗毛,190316,   50.8,  ,    ,49.7
24,11,10,5,東京,4,06,１勝ｸﾗｽ,23,ダ,1,1600,良,コレクテイニア    ,牡,4,吉田豊,58.0,16,02,14,14,0,2.3,8,99.5,"1395",0,0,0,14,14,37.1,470,戸田博文,美,0,20110020,00733,01054,0524540602,G1レーシング,"Shadai Corporation",Collected,"Dance With Kitten","Kitten's Joy",鹿毛,200311,   25.6,  ,    ,50.9
24,11,10,5,東京,4,06,１勝ｸﾗｽ,23,ダ,1,1600,良,ブレスワード      ,牡,3,戸崎圭太,57.0,16,03,4,4,0,1,1,98.2,"1382",0,0,0,6,5,36.7,494,中舘英二,美,120,21105642,05386,01153,0524540603,キャロットファーム,ノーザンファーム,ニューイヤーズデイ,チアズメッセージ,サンデーサイレンス,栗毛,210509,    2.3,  ,    ,50.5
24,11,10,5,東京,4,06,１勝ｸﾗｽ,23,ダ,1,1600,良,マスグラバイト    ,セ,4,菅原明良,58.0,16,04,3,3,0,0.5,13,97.7,"1377",0,0,0,10,10,35.7,484,高木登,美,200,20103505,01179,01088,0524540604,サンデーレーシング,ノーザンファーム,ヘニーヒューズ,トリプライト,ワイルドラッシュ,栗毛,200210,   57.0,  ,    ,54.2
24,11,10,5,東京,4,06,１勝ｸﾗｽ,23,ダ,1,1600,良,アイスブレイカー  ,牡,3,原優介,56.0,16,05,13,13,0,2.2,14,99.4,"1394",0,0,0,14,14,36.9,484,伊坂重信,美,0,21103332,01184,01177,0524540605,ミルファーム,ミルファーム,ホッコータルマエ,チクタクボンボン,ゴールドアリュール,鹿毛,210511,   61.3,  ,    ,51.6
24,11,10,5,東京,4,06,１勝ｸﾗｽ,23,ダ,1,1600,良,メジャーレーベル  ,牡,3,北村宏司,57.0,16,06,10,10,0,2,7,99.2,"1392",0,0,0,11,11,37.1,446,木村哲也,美,0,21100304,01043,01126,0524540606,前田幸治,中田英樹,シュヴァルグラン,フィールドメジャー,ダイワメジャー,栗毛,210409,   23.4,  ,    ,50.4
24,11,10,5,東京,4,06,１勝ｸﾗｽ,23,ダ,1,1600,良,トクシーカイザー  ,牡,4,Ｍ．デム,58.0,16,07,2,2,0,0.4,4,97.6,"1376",0,0,0,4,4,36.3,482,小島茂之,美,320,20100406,05212,01068,0524540607,AIレーシング,前田ファーム,キンシャサノキセキ,キングアンドクイン,キングカメハメハ,鹿毛,200323,   12.8,  ,    ,51.3
24,11,10,5,東京,4,06,１勝ｸﾗｽ,23,ダ,1,1600,良,フェルメール      ,牡,3,横山和生,57.0,16,08,12,12,0,2.2,5,99.4,"1394",0,0,0,7,7,37.6,482,萩原清,美,0,21105897,01140,01017,0524540608,池谷誠一,ノーザンファーム,リアルインパクト,レーゲンボーゲン,フレンチデピュティ,鹿毛,210201,   13.7,  ,    ,48.6
24,11,10,5,東京,4,06,１勝ｸﾗｽ,23,ダ,1,1600,良,ブッシュテソーロ  ,牡,4,木幡巧也,58.0,16,09,9,9,0,1.9,15,99.1,"1391",0,0,0,4,5,37.7,496,千葉直人,美,0,20102380,01162,01199,0524540609,了徳寺健二ホールデ,リョーケンファーム,ロゴタイプ,ビューティテソーロ,Camelot,青鹿,200201,   82.4,  ,    ,47.7
24,11,10,5,東京,4,06,１勝ｸﾗｽ,23,ダ,1,1600,良,メイショウカシワデ,牡,3,角田大和,57.0,16,10,5,5,0,1,2,98.2,"1382",0,0,0,2,3,37,452,角田晃一,栗,80,21103154,01186,01121,0524540610,松本好隆,林孝輝,シニスターミニスター,マノアラニ,アグネスタキオン,鹿毛,210306,    3.3,  ,    ,49.2
24,11,10,5,東京,4,06,１勝ｸﾗｽ,23,ダ,1,1600,良,ホウキボシ        ,セ,4,佐々木大,58.0,16,11,1,1,0,-0.4,3,97.2,"1372",0,0,0,1,1,36.2,510,堀宣行,美,800,20110058,01197,01070,0524540611,ゴドルフィン,"Kenilworth House S",Zoustar,"La Collina","Strategic Prince",栗毛,200117,    8.4,  ,    ,51.1
24,11,10,5,東京,4,06,１勝ｸﾗｽ,23,ダ,1,1600,良,ブレットフライ    ,牡,5,内田博幸,58.0,16,12,6,6,0,1.5,11,98.7,"1387",0,0,0,16,16,36.1,508,萱野浩二,美,0,19104005,00422,01024,0524540612,マークス,ビクトリーホースラ,フリオーソ,タイキラナキラ,フジキセキ,青毛,190320,   55.0,  ,    ,54.0
24,11,10,5,東京,4,06,１勝ｸﾗｽ,23,ダ,1,1600,良,オブシディアン    ,牡,4,水口優也,58.0,16,13,15,15,0,2.8,10,100,"1400",0,0,0,13,11,37.8,542,武藤善則,美,0,20100307,01133,01064,0524540613,田頭勇貴,仲野牧場,ホッコータルマエ,ヒラボクミラクル,アグネスデジタル,黒鹿,200429,   50.9,  ,    ,48.7
24,11,10,5,東京,4,06,１勝ｸﾗｽ,23,ダ,1,1600,良,サムワンライクユー,牡,4,長岡禎仁,58.0,16,14,7,7,0,1.6,6,98.8,"1388",0,0,0,8,9,36.9,484,石毛善彦,美,0,20106974,01142,00428,0524540614,ミルファーム,ミルファーム,グレーターロンドン,デスティニーラブ,アグネスデジタル,鹿毛,200616,   22.3,  ,    ,50.7
24,11,10,5,東京,4,06,１勝ｸﾗｽ,23,ダ,1,1600,良,キモンゲーム      ,牡,3,西塚洸二,56.0,16,15,11,11,0,2.1,16,99.3,"1393",0,0,0,11,11,37.1,474,村山明,栗,0,21104235,01200,01107,0524540615,小林祥晃,西村牧場,コパノリッキー,キモンレッド,サウスヴィグラス,栗毛,210413,  143.2,  ,    ,50.6
24,11,10,5,東京,4,06,１勝ｸﾗｽ,23,ダ,1,1600,良,セキテイオー      ,牡,5,木幡育也,58.0,16,16,16,16,0,3.2,12,100.4,"1404",0,0,0,2,2,39.3,474,田中剛,美,0,19101351,01167,01119,0524540616,杉山元洋,ヴェルサイユファー,ロゴタイプ,ユキアカリノマチ,キングカメハメハ,青鹿,190210,   56.8,  ,    ,43.3
24,11,10,5,東京,4,07,２勝ｸﾗｽ・牝,43,ダ,1,1400,良,コラリン          ,牝,5,北村宏司,56.0,12,01,9,9,0,1.5,9,87.2,"1272",0,0,0,10,10,37,462,木村哲也,美,0,19105476,01043,01126,0524540701,シルクレーシング,ノーザンファーム,ダイワメジャー,モルジアナ,Dubawi,栗毛,190221,   65.2,  ,    ,51.8
24,11,10,5,東京,4,07,２勝ｸﾗｽ・牝,43,ダ,1,1400,良,グラスシフォン    ,牝,4,木幡巧也,56.0,12,02,1,1,0,-0.1,4,85.7,"1257",0,0,0,6,6,35.8,436,松山将樹,美,1140,20103985,01162,01100,0524540702,半沢,岡田牧場,シニスターミニスター,グラスルノン,フレンチデピュティ,栗毛,200331,    9.2,  ,    ,54.5
24,11,10,5,東京,4,07,２勝ｸﾗｽ・牝,43,ダ,1,1400,良,ブロードリーチ    ,牝,5,西塚洸二,55.0,12,03,11,11,0,1.8,11,87.5,"1275",0,0,0,10,10,37.3,454,宗像義忠,美,0,19105525,01200,00420,0524540703,キャロットファーム,ノーザンファーム,Arrogate,リーチング,Dansili,栗毛,190515,  290.4,  ,    ,50.9
24,11,10,5,東京,4,07,２勝ｸﾗｽ・牝,43,ダ,1,1400,良,ビターゼノビア    ,牝,4,内田博幸,56.0,12,04,6,6,0,0.8,10,86.5,"1265",0,0,0,6,8,36.5,464,手塚貴久,美,0,20104207,00422,01038,0524540704,ヒダカ・ブリーダー,桜井牧場,ヘニーヒューズ,ビタースウィート,"Afleet Alex",栗毛,200301,   85.1,  ,    ,52.7
24,11,10,5,東京,4,07,２勝ｸﾗｽ・牝,43,ダ,1,1400,良,ラーンザロープス  ,牝,3,戸崎圭太,55.0,12,05,4,4,0,0.7,3,86.4,"1264",0,0,0,3,3,36.7,452,武幸四郎,栗,170,21105011,05386,01160,0524540705,吉田照哉,社台ファーム,キズナ,キャンディネバダ,"Pure Prize",黒鹿,210327,    9.1,  ,    ,51.6
24,11,10,5,東京,4,07,２勝ｸﾗｽ・牝,43,ダ,1,1400,良,コパノエビータ    ,牝,3,石橋脩,55.0,12,06,7,7,0,0.9,7,86.6,"1266",0,0,0,5,6,36.8,420,手塚貴久,美,0,21102219,01077,01038,0524540706,小林祥晃,ヤナガワ牧場,ダノンレジェンド,コパノビジン,ゴールドアリュール,鹿毛,210225,   27.2,  ,    ,51.5
24,11,10,5,東京,4,07,２勝ｸﾗｽ・牝,43,ダ,1,1400,良,フィールザオーラ  ,牝,4,佐々木大,56.0,12,07,12,12,0,2.6,5,88.3,"1283",0,0,0,6,8,38.3,476,武井亮,美,0,20103565,01197,01147,0524540707,フィールドレーシン,ノーザンファーム,ブラックタイド,フィールザレース,Orpen,鹿毛,200113,   12.5,  ,    ,47.9
24,11,10,5,東京,4,07,２勝ｸﾗｽ・牝,43,ダ,1,1400,良,ニジュウダンサー  ,牝,4,横山武史,56.0,12,08,8,8,0,1,6,86.7,"1267",0,0,0,1,1,37.4,468,尾関知人,美,0,20102439,01170,01103,0524540708,前迫義幸,上水牧場,ミッキーアイル,カクタスペア,"Lion Heart",鹿毛,200306,   15.4,  ,    ,48.9
24,11,10,5,東京,4,07,２勝ｸﾗｽ・牝,43,ダ,1,1400,良,アラカザーム      ,牝,6,木幡育也,56.0,12,09,5,5,0,0.8,12,86.5,"1265",0,0,0,12,12,36.1,474,松永康利,美,114,18102338,01167,01093,0524540709,小林竜太郎,村上牧場,アジアエクスプレス,ボンジュールカレン,ゴールドアリュール,栗毛,180407,  309.7,  ,    ,54.7
24,11,10,5,東京,4,07,２勝ｸﾗｽ・牝,43,ダ,1,1400,良,ノットファウンド  ,牝,4,菅原明良,56.0,12,10,2,2,0,0.1,1,85.8,"1258",0,0,0,6,3,36.1,504,国枝栄,美,460,20103462,01179,00399,0524540710,江馬由将,ノーザンファーム,ドゥラメンテ,ソーメニーウェイズ,Sightseeing,黒鹿,200122,    2.2,  ,    ,53.3
24,11,10,5,東京,4,07,２勝ｸﾗｽ・牝,43,ダ,1,1400,良,ミスヨコハマ      ,牝,4,シュタル,56.0,12,11,3,3,0,0.6,2,86.3,"1263",0,0,0,3,3,36.7,480,斎藤誠,美,290,20103634,05115,01086,0524540711,大野富生,ノーザンファーム,カレンブラックヒル,ミスエリカ,Blame,黒鹿,200220,    2.8,  ,    ,51.4
24,11,10,5,東京,4,07,２勝ｸﾗｽ・牝,43,ダ,1,1400,良,ベルシャンソン    ,牝,4,原優介,55.0,12,12,10,10,0,1.5,8,87.2,"1272",0,0,0,2,2,37.7,482,西田雄一,美,0,20103888,01184,01187,0524540712,ノルマンディーサラ,岡田スタツド,イスラボニータ,キョウエイハツラツ,オペラハウス,栗毛,200213,   39.3,  ,    ,48.5
24,11,10,5,東京,4,08,２勝ｸﾗｽ,43,芝,0,1800,良,ウッドショック    ,牡,5,原優介,57.0,10,01,10,10,0,2.5,8,108.9,"1489",0,0,10,10,10,34.8,524,杉浦宏昭,美,0,19106923,01184,01008,0524540801,小林善一,社台ファーム,ルーラーシップ,ジェラテリアバール,マンハッタンカフェ,黒鹿,190324,  179.4,  ,    ,56.5
24,11,10,5,東京,4,08,２勝ｸﾗｽ,43,芝,0,1800,良,カニキュル        ,牝,3,戸崎圭太,54.0,10,02,2,2,0,0.3,1,106.7,"1467",0,0,9,7,7,33.5,502,菊沢隆徳,美,460,21104865,05386,01115,0524540802,キャロットファーム,社台コーポレーショ,エピファネイア,シャルール,ゼンノロブロイ,黒鹿,210505,    2.0,  ,    ,59.3
24,11,10,5,東京,4,08,２勝ｸﾗｽ,43,芝,0,1800,良,アヴニールドブリエ,牡,4,横山武史,58.0,10,03,4,4,0,1,5,107.4,"1474",0,0,5,4,3,34.4,506,宮田敬介,美,170,20103803,01170,01175,0524540803,シルクレーシング,レイクヴィラファー,エピファネイア,レーヌドブリエ,ゼンノロブロイ,黒鹿,200227,   22.5,  ,    ,56.1
24,11,10,5,東京,4,08,２勝ｸﾗｽ,43,芝,0,1800,良,シヴァース        ,牡,3,Ｍ．デム,56.0,10,04,1,1,0,-0.3,2,106.4,"1464",0,0,2,2,2,33.7,446,友道康夫,栗,1140,21105423,05212,01061,0524540804,佐々木主浩,ノーザンファーム,モーリス,ヴィブロス,ディープインパクト,栗毛,210424,    2.8,  ,    ,57.9
24,11,10,5,東京,4,08,２勝ｸﾗｽ,43,芝,0,1800,良,ジッピーレーサー  ,セ,7,菅原明良,58.0,10,05,8,8,0,1.5,7,107.9,"1479",0,0,6,8,9,34.5,484,高木登,美,0,17110086,01179,01088,0524540805,岡田牧雄,Monticule,"City Zip",Espial,"Banker's Gold",鹿毛,170405,   95.4,  ,    ,56.4
24,11,10,5,東京,4,08,２勝ｸﾗｽ,43,芝,0,1800,良,ヴァイザーブリック,牡,3,シュタル,56.0,10,06,3,3,0,0.4,3,106.8,"1468",0,0,3,3,3,33.9,456,池上昌和,美,290,21105417,05115,01150,0524540806,シルクレーシング,ノーザンファーム,ブリックスアンドモルタル,ヴァイスハイト,アドマイヤベガ,黒鹿,210506,    4.0,  ,    ,57.5
24,11,10,5,東京,4,08,２勝ｸﾗｽ,43,芝,0,1800,良,タガノチュール    ,牡,6,佐々木大,58.0,10,07,7,7,0,1.3,6,107.7,"1477",0,0,3,5,5,34.6,468,西園翔太,栗,0,18101946,01197,01196,0524540807,八木良司,新冠タガノファーム,ディスクリートキャット,アレキパ,スペシャルウィーク,栗毛,180402,   40.6,  ,    ,55.6
24,11,10,5,東京,4,08,２勝ｸﾗｽ,43,芝,0,1800,良,ルクスドヌーヴ    ,牝,4,北村宏司,56.0,10,08,5,5,0,1.1,10,107.5,"1475",0,0,6,9,7,34.2,456,堀内岳志,美,114,20101284,01043,01189,0524540808,ルクス,いとう牧場,ハーツクライ,スマートアストリア,ストラヴィンスキー,鹿毛,200311,  200.1,  ,    ,57.2
24,11,10,5,東京,4,08,２勝ｸﾗｽ,43,芝,0,1800,良,メタルスパーク    ,セ,7,野中悠太,58.0,10,09,9,9,0,1.7,9,108.1,"1481",0,0,1,1,1,35.7,484,菊川正達,美,0,17103299,01158,01052,0524540809,ディアレストクラブ,岡田スタツド,ジョーカプチーノ,トーセンイレイシャ,"Silver Hawk",芦毛,170428,  194.5,  ,    ,51.4
24,11,10,5,東京,4,08,２勝ｸﾗｽ,43,芝,0,1800,良,ニシノコウフク    ,牝,4,田辺裕信,56.0,10,10,6,6,0,1.2,4,107.6,"1476",0,0,6,5,5,34.5,484,伊藤大士,美,0,20105496,01075,01109,0524540810,西山茂行,中山高鹿康,サトノクラウン,ニシノマメフク,スペシャルウィーク,黒鹿,200229,   15.4,  ,    ,55.9
24,11,10,5,東京,4,09,銀嶺ＳＨ･3勝,67,ダ,1,1400,良,ミルトハンター    ,牡,4,戸崎圭太,55.0,14,01,12,12,0,2.3,10,85.8,"1258",0,0,0,7,7,37.8,480,中竹和也,栗,0,20105157,05386,01039,0524540901,永山勝敏,小泉牧場,ヘニーヒューズ,イナズマアマリリス,スエヒロコマンダー,鹿毛,200307,   47.1,  ,    ,45.2
24,11,10,5,東京,4,09,銀嶺ＳＨ･3勝,67,ダ,1,1400,良,リッキーマジック  ,牝,5,吉田豊,53.0,14,02,9,9,0,1.7,13,85.2,"1252",0,0,0,14,13,36.4,514,加藤征弘,美,0,19106513,00733,01059,0524540902,ビリオンスター,服部牧場,コパノリッキー,テツナゴオ,ハーツクライ,栗毛,190308,   70.4,  ,    ,50.5
24,11,10,5,東京,4,09,銀嶺ＳＨ･3勝,67,ダ,1,1400,良,スプラウティング  ,セ,5,石橋脩,56.0,14,03,14,14,0,2.4,6,85.9,"1259",0,0,0,1,1,38.8,518,西園正都,栗,0,19101907,01077,01028,0524540903,ゴドルフィン,ダーレー・ジャパン,ダイワメジャー,ヒントオブスプリング,"Seeking the Gold",栗毛,190427,   13.6,  ,    ,41.0
24,11,10,5,東京,4,09,銀嶺ＳＨ･3勝,67,ダ,1,1400,良,ラックスアットゼア,牝,4,菅原明良,54.0,14,04,3,3,0,0.5,4,84,"1240",0,0,0,3,3,36.5,470,斎藤誠,美,460,20110083,01179,01086,0524540904,田記正規,"The Estate of Tomm",Kantharos,"Come Sunday",Repent,黒鹿,200427,    7.5,  ,    ,47.6
24,11,10,5,東京,4,09,銀嶺ＳＨ･3勝,67,ダ,1,1400,良,ムーヴ            ,牡,5,Ｍ．デム,56.0,14,05,6,6,0,1.1,7,84.6,"1246",0,0,0,12,9,36.2,482,池上昌和,美,0,19101759,05212,01150,0524540905,前田葉子,シンボリ牧場,ラニ,スイートマルセル,ワイルドラッシュ,鹿毛,190430,   17.0,  ,    ,50.3
24,11,10,5,東京,4,09,銀嶺ＳＨ･3勝,67,ダ,1,1400,良,バトゥーキ        ,牡,4,水口優也,57.0,14,06,1,1,0,-0.1,1,83.5,"1235",0,0,0,7,7,35.4,488,浜田多実,栗,1840,20101373,01133,01138,0524540906,京都ホースレーシン,川島正広,ラニ,サンバホイッスル,サウスヴィグラス,栗毛,200421,    3.4,  ,    ,51.9
24,11,10,5,東京,4,09,銀嶺ＳＨ･3勝,67,ダ,1,1400,良,キャンディドライヴ,牡,5,野中悠太,55.0,14,07,10,10,0,1.9,9,85.4,"1254",0,0,0,5,5,37.6,500,黒岩陽一,美,0,19110112,01158,01133,0524540907,長谷川祐司,"Stonestreet Thorou","Candy Ride",Supreme,"Empire Maker",鹿毛,190311,   41.2,  ,    ,45.3
24,11,10,5,東京,4,09,銀嶺ＳＨ･3勝,67,ダ,1,1400,良,エストレヤデベレン,牡,3,シュタル,56.0,14,08,5,5,0,1.1,3,84.6,"1246",0,0,0,2,2,37.5,534,武幸四郎,栗,184,21106587,05115,01160,0524540908,シルクレーシング,新冠橋本牧場,エピファネイア,レゼトワール,ファスリエフ,鹿毛,210421,    5.0,  ,    ,44.2
24,11,10,5,東京,4,09,銀嶺ＳＨ･3勝,67,ダ,1,1400,良,ナイトアクアリウム,牡,4,長岡禎仁,56.0,14,09,4,4,0,0.6,5,84.1,"1241",0,0,0,10,9,35.7,494,杉山佳明,栗,280,20103005,01142,01178,0524540909,グリーンファーム,社台ファーム,ロードカナロア,ファイブスター,クロフネ,芦毛,200206,   12.2,  ,    ,51.7
24,11,10,5,東京,4,09,銀嶺ＳＨ･3勝,67,ダ,1,1400,良,タイセイジャスパー,セ,5,原優介,55.0,14,10,8,8,0,1.4,14,84.9,"1249",0,0,0,10,12,36.3,488,伊藤圭三,美,0,19100135,01184,01023,0524540910,田中成奉,カミイスタット,ヘニーヒューズ,プラセンティア,トワイニング,栗毛,190404,  151.3,  ,    ,50.4
24,11,10,5,東京,4,09,銀嶺ＳＨ･3勝,67,ダ,1,1400,良,コンクイスタ      ,セ,4,北村宏司,57.0,14,11,2,2,0,0.1,2,83.6,"1236",0,0,0,3,3,36.1,490,吉岡辰弥,栗,740,20106557,01043,01176,0524540911,ターフ・スポート,谷川牧場,ロードカナロア,ドリームオブジェニー,Pivotal,鹿毛,200402,    3.5,  ,    ,48.7
24,11,10,5,東京,4,09,銀嶺ＳＨ･3勝,67,ダ,1,1400,良,ダノンミカエル    ,牝,4,岡田祥嗣,53.0,14,12,13,13,0,2.4,11,85.9,"1259",0,0,0,9,9,37.6,416,安田翔伍,栗,0,20101632,05429,01164,0524540912,ダノックス,白井牧場,ダノンレジェンド,ダノンエンジェル,ディープインパクト,黒鹿,200223,   53.6,  ,    ,46.3
24,11,10,5,東京,4,09,銀嶺ＳＨ･3勝,67,ダ,1,1400,良,グッドウッドガイ  ,牡,5,中井裕二,55.0,14,13,11,11,0,2.1,12,85.6,"1256",0,0,0,5,5,37.7,508,村山明,栗,0,19105709,01141,01107,0524540913,小林祥晃,伊藤敏明,コパノリッキー,バックアタック,アグネスデジタル,栗毛,190528,   59.6,  ,    ,45.3
24,11,10,5,東京,4,09,銀嶺ＳＨ･3勝,67,ダ,1,1400,良,ウナギノボリ      ,牡,5,佐々木大,53.0,14,14,7,7,0,1.3,8,84.8,"1248",0,0,0,13,13,36,486,音無秀孝,栗,0,19107016,01197,01002,0524540914,小田切有一,中原牧場,ドレフォン,ノンキ,サンデーサイレンス,黒鹿,190417,   36.5,  ,    ,51.7
24,11,10,5,東京,4,10,ユートピ･3勝,67,芝,0,1800,良,ニューステソーロ  ,牝,3,木幡巧也,54.0,13,01,12,12,0,0.8,2,107.3,"1473",0,0,3,5,5,34.2,486,高木登,美,0,21100206,01162,01088,0524541001,了徳寺健二ホールデ,下屋敷牧場,エピファネイア,クリーミーボイス,キングカメハメハ,栗毛,210225,    3.8,  ,    ,56.9
24,11,10,5,東京,4,10,ユートピ･3勝,67,芝,0,1800,良,メインクーン      ,牝,4,西塚洸二,56.0,13,02,13,13,0,0.9,10,107.4,"1474",0,0,8,8,7,34,446,林徹,美,0,20102762,01200,01163,0524541002,G1レーシング,社台ファーム,ハーツクライ,イマーキュレイトキャット,"Storm Cat",栗毛,200329,   95.4,  ,    ,57.9
24,11,10,5,東京,4,10,ユートピ･3勝,67,芝,0,1800,良,チルカーノ        ,牝,3,戸崎圭太,54.0,13,03,8,8,0,0.4,1,106.9,"1469",0,0,6,7,7,33.6,460,高野友和,栗,0,21105384,05386,01117,0524541003,サンデーレーシング,ノーザンファーム,ハービンジャー,アロマティコ,キングカメハメハ,栗毛,210304,    3.6,  ,    ,59.1
24,11,10,5,東京,4,10,ユートピ･3勝,67,芝,0,1800,良,ルージュアルル    ,牝,5,田辺裕信,56.0,13,04,5,5,0,0.3,11,106.8,"1468",0,0,2,3,3,33.9,476,国枝栄,美,184,19105659,01075,00399,0524541004,東京ホースレーシン,レイクヴィラファー,ハーツクライ,レッドエルザ,"Smart Strike",栗毛,190214,   98.0,  ,    ,57.5
24,11,10,5,東京,4,10,ユートピ･3勝,67,芝,0,1800,良,アグラシアド      ,牝,4,長岡禎仁,56.0,13,05,11,11,0,0.8,9,107.3,"1473",0,0,12,12,12,33.5,480,中村直也,栗,0,20104912,01142,01186,0524541005,ライオンレースホー,矢野牧場,リアルスティール,サラシー,Teofilo,鹿毛,200305,   20.8,  ,    ,60.1
24,11,10,5,東京,4,10,ユートピ･3勝,67,芝,0,1800,良,コスモシャングリラ,牝,4,石橋脩,56.0,13,06,9,9,0,0.5,12,107,"1470",0,0,13,12,12,33.1,440,水野貴広,美,0,20103562,01077,01094,0524541006,ビッグレッドファー,ノーザンファーム,ハーツクライ,ファディラー,Monsun,鹿毛,200331,  101.5,  ,    ,61.6
24,11,10,5,東京,4,10,ユートピ･3勝,67,芝,0,1800,良,フェステスバント  ,牝,4,シュタル,56.0,13,07,3,3,0,0.3,6,106.8,"1468",0,0,3,3,4,33.8,444,藤岡健一,栗,460,20103009,05115,01062,0524541007,吉田照哉,社台ファーム,キズナ,フィオドラ,"Lord of England",鹿毛,200211,   14.7,  ,    ,58.0
24,11,10,5,東京,4,10,ユートピ･3勝,67,芝,0,1800,良,カヨウネンカ      ,牝,5,内田博幸,56.0,13,08,7,7,0,0.4,13,106.9,"1469",0,0,8,8,10,33.4,466,斎藤誠,美,0,19104159,00422,01086,0524541008,ミルファーム,ミルファーム,ゴールドシップ,リーベストラウム,ゼンノエルシド,栗毛,190418,  188.0,  ,    ,60.0
24,11,10,5,東京,4,10,ユートピ･3勝,67,芝,0,1800,良,ウインエーデル    ,牝,4,横山和生,56.0,13,09,1,1,0,-0.2,7,106.5,"1465",0,0,11,11,10,32.9,446,吉田直弘,栗,1840,20107030,01140,01101,0524541009,ウイン,コスモヴューファー,リオンディーズ,コスモプラチナ,ステイゴールド,黒鹿,200320,   15.1,  ,    ,61.9
24,11,10,5,東京,4,10,ユートピ･3勝,67,芝,0,1800,良,ロジシルバー      ,牝,4,野中悠太,56.0,13,10,6,6,0,0.4,5,106.9,"1469",0,0,1,1,1,34.6,506,宮田敬介,美,0,20109027,01158,01175,0524541010,久米田正明,風ノ丘ファーム,シルバーステート,ヴルタヴァ,ロードカナロア,芦毛,200411,    9.5,  ,    ,54.5
24,11,10,5,東京,4,10,ユートピ･3勝,67,芝,0,1800,良,エリダヌス        ,牝,4,横山武史,56.0,13,11,10,10,0,0.6,4,107.1,"1471",0,0,10,8,7,33.8,492,青木孝文,美,0,20105760,01170,01156,0524541011,ビッグレッドファー,ビッグレッドファー,ゴールドシップ,コスモレティクルム,ダノンシャンティ,栗毛,200307,    8.5,  ,    ,58.4
24,11,10,5,東京,4,10,ユートピ･3勝,67,芝,0,1800,良,ホウオウラスカーズ,牝,6,菅原明良,56.0,13,12,2,2,0,0.2,8,106.7,"1467",0,0,3,2,2,34,456,高木登,美,740,18103535,01179,01088,0524541012,小笹芳央,岡田スタツド,ディープインパクト,ビーコンターン,Shamardal,黒鹿,180518,   17.7,  ,    ,56.9
24,11,10,5,東京,4,10,ユートピ･3勝,67,芝,0,1800,良,カナテープ        ,牝,5,佐々木大,56.0,13,13,4,4,0,0.3,3,106.8,"1468",0,0,6,5,5,33.7,472,堀宣行,美,280,19105293,01197,01070,0524541013,C.フィプケ,ノーザンファーム,ロードカナロア,ティッカーテープ,"Royal Applause",鹿毛,190221,    4.4,  ,    ,58.5
24,11,10,5,東京,4,11,オーロＨ(L),115,芝,0,1400,良,カンチェンジュンガ,牡,4,戸崎圭太,55.0,18,01,8,8,0,0.2,3,80.9,"1209",0,0,0,18,18,33.2,482,庄野靖志,栗,0,20101503,05386,01087,0524541101,幅田昌伸,サンバマウンテンフ,ビッグアーサー,クェスタボルタ,ノヴェリスト,鹿毛,200323,    6.1,  ,    ,57.8
24,11,10,5,東京,4,11,オーロＨ(L),115,芝,0,1400,良,アサヒ            ,牡,5,野中悠太,55.0,18,02,7,7,0,0.2,11,80.9,"1209",0,0,0,17,17,33.4,506,金成貴史,美,0,19105482,01158,01132,0524541102,Gリビエール・レー,ノーザンファーム,カレンブラックヒル,ライクザウインド,Danehill,黒鹿,190222,   26.0,  ,    ,56.7
24,11,10,5,東京,4,11,オーロＨ(L),115,芝,0,1400,良,サトノペルセウス  ,セ,6,西塚洸二,55.0,18,03,14,14,0,0.7,16,81.4,"1214",0,0,0,11,11,34.3,482,藤原英昭,栗,0,18104674,01200,01055,0524541103,里見治,社台ファーム,ディープインパクト,ダンサーデスティネイション,"Dubai Destination",黒鹿,180409,   99.1,  ,    ,53.0
24,11,10,5,東京,4,11,オーロＨ(L),115,芝,0,1400,良,シュバルツカイザー,セ,6,菅原明良,57.0,18,04,6,6,0,0.1,9,80.8,"1208",0,0,0,14,14,33.5,504,大竹正博,美,0,18110035,01179,01102,0524541104,ゴドルフィン,"Ross Moorhead","Dark Angel",Fashionable,Nashwan,芦毛,180217,   22.2,  ,    ,55.9
24,11,10,5,東京,4,11,オーロＨ(L),115,芝,0,1400,良,アルーリングウェイ,牝,5,小林凌大,53.0,18,05,13,13,0,0.7,18,81.4,"1214",0,0,0,11,11,34.3,482,藤岡健一,栗,0,19104522,01177,01062,0524541105,サンデーレーシング,社台コーポレーショ,ジャスタウェイ,アルーリングライフ,フレンチデピュティ,黒鹿,190226,  253.3,  ,    ,53.0
24,11,10,5,東京,4,11,オーロＨ(L),115,芝,0,1400,良,ジョウショーホープ,牡,4,松本大輝,55.0,18,06,10,10,0,0.4,14,81.1,"1211",0,0,0,5,8,34.4,466,新谷功一,栗,0,20104702,01191,01172,0524541106,熊田義孝,福岡駿弥,ミッキーロケット,スターフォーユー,アグネスデジタル,鹿毛,200309,   75.6,  ,    ,51.8
24,11,10,5,東京,4,11,オーロＨ(L),115,芝,0,1400,良,オニャンコポン    ,牡,5,吉田豊,57.0,18,07,9,9,0,0.3,7,81,"1210",0,0,0,14,14,33.7,480,小島茂之,美,0,19104756,00733,01068,0524541107,田原邦男,社台ファーム,エイシンフラッシュ,シャリオドール,ヴィクトワールピサ,鹿毛,190211,   12.2,  ,    ,55.3
24,11,10,5,東京,4,11,オーロＨ(L),115,芝,0,1400,良,ティニア          ,牡,4,横山武史,55.0,18,08,16,16,0,0.8,2,81.5,"1215",0,0,0,5,6,34.9,502,池江泰寿,栗,0,20110090,01170,01071,0524541108,前田幸治,"North Hills Co. Lt",Frankel,"Follow a Dream","Giant's Causeway",黒鹿,200502,    5.4,  ,    ,50.1
24,11,10,5,東京,4,11,オーロＨ(L),115,芝,0,1400,良,マルディランダ    ,牡,4,佐々木大,55.0,18,09,3,3,0,0.1,4,80.8,"1208",0,0,0,9,9,34,480,金成貴史,美,680,20103063,01197,01132,0524541109,社台レースホース,社台ファーム,イスラボニータ,マルバイユ,Marju,青鹿,200401,    7.3,  ,    ,53.2
24,11,10,5,東京,4,11,オーロＨ(L),115,芝,0,1400,良,リュミエールノワル,牡,5,横山和生,57.0,18,10,18,18,0,2.5,13,83.2,"1232",0,0,0,3,4,36.8,482,上原佑紀,美,0,19104586,01140,01192,0524541110,G1レーシング,社台コーポレーショ,ロードカナロア,ビキニスタイル,ディープインパクト,黒鹿,190422,   29.2,  ,    ,44.6
24,11,10,5,東京,4,11,オーロＨ(L),115,芝,0,1400,良,シャドウフューリー,牡,4,田辺裕信,56.0,18,11,4,4,0,0.1,1,80.8,"1208",0,0,0,11,11,33.8,482,杉山晴紀,栗,410,20102853,01075,01157,0524541111,飯塚知一,社台ファーム,イスラボニータ,コージーロージー,"Pleasantly Perfect",栗毛,200414,    5.2,  ,    ,54.3
24,11,10,5,東京,4,11,オーロＨ(L),115,芝,0,1400,良,オーキッドロマンス,牡,3,内田博幸,57.0,18,12,15,15,0,0.8,6,81.5,"1215",0,0,0,1,1,35.5,490,手塚貴久,美,0,21103323,00422,01038,0524541112,ミルファーム,ミルファーム,ロジャーバローズ,エキナシア,スニッツェル,鹿毛,210401,   10.9,  ,    ,47.2
24,11,10,5,東京,4,11,オーロＨ(L),115,芝,0,1400,良,ダディーズビビッド,牡,6,シュタル,57.5,18,13,12,12,0,0.5,12,81.2,"1212",0,0,0,5,6,34.6,498,千田輝彦,栗,0,18105610,05115,01120,0524541113,田島大史,上水牧場,キズナ,ケイティーズギフト,フレンチデピュティ,鹿毛,180326,   26.8,  ,    ,51.0
24,11,10,5,東京,4,11,オーロＨ(L),115,芝,0,1400,良,シュトラウス      ,牡,3,北村宏司,56.0,18,14,2,2,0,0,5,80.7,"1207",0,0,0,5,4,34.3,526,武井亮,美,1100,21105744,01043,01147,0524541114,キャロットファーム,ノーザンファーム,モーリス,ブルーメンブラット,アドマイヤベガ,黒鹿,210124,    9.9,  ,    ,51.5
24,11,10,5,東京,4,11,オーロＨ(L),115,芝,0,1400,良,ゴールデンシロップ,牡,6,原優介,53.0,18,15,1,1,0,0,15,80.7,"1207",0,0,0,14,14,33.3,540,鈴木慎太,美,2700,18110043,01184,01179,0524541115,ゴドルフィン,"Hall of Fame Stud","Havana Gold",Muscovado,"Mr. Greeley",黒鹿,180226,   99.1,  ,    ,56.8
24,11,10,5,東京,4,11,オーロＨ(L),115,芝,0,1400,良,マスクオールウィン,牝,3,石橋脩,54.0,18,16,17,17,0,1.4,10,82.1,"1221",0,0,0,2,2,35.9,504,牧光二,美,0,21105122,01077,01106,0524541116,宮レーシング,社台ファーム,ドレフォン,チカアレグレ,ハーツクライ,栗毛,210425,   22.4,  ,    ,46.5
24,11,10,5,東京,4,11,オーロＨ(L),115,芝,0,1400,良,ミシシッピテソーロ,牝,4,木幡巧也,53.0,18,17,11,11,0,0.4,8,81.1,"1211",0,0,0,3,3,34.8,448,畠山吉宏,美,0,20102378,01162,01048,0524541117,了徳寺健二ホールデ,リョーケンファーム,ダノンバラード,ハピネスフォーユー,"A.P. Indy",鹿毛,200325,   16.6,  ,    ,49.8
24,11,10,5,東京,4,11,オーロＨ(L),115,芝,0,1400,良,スコールユニバンス,牝,5,石田拓郎,51.0,18,18,5,5,0,0.1,17,80.8,"1208",0,0,0,9,9,34,458,矢作芳人,栗,270,19105139,01203,01075,0524541118,亀井哲也,ノーザンファーム,ドゥラメンテ,カレドニアレディ,Firebreak,鹿毛,190108,  193.8,  ,    ,53.2
24,11,10,5,東京,4,12,１勝ｸﾗｽ,23,芝,0,1800,良,カシノインディード,牡,4,岩部純二,58.0,16,01,16,16,0,2.9,16,110.2,"1502",0,0,16,16,15,35.3,486,天間昭一,美,0,20104175,00726,01090,0524541201,柏木務,サカイファーム,リアルインパクト,ボラボラ,ジャングルポケット,鹿毛,200329,  411.5,  ,    ,56.1
24,11,10,5,東京,4,12,１勝ｸﾗｽ,23,芝,0,1800,良,ロゴデザイン      ,牡,4,吉田豊,58.0,16,02,13,13,0,0.8,15,108.1,"1481",0,0,13,13,9,34.1,506,高橋文雅,美,0,20100353,00733,01134,0524541202,住宅データ,広田牧場,ロゴタイプ,ピンクガーター,アフリート,鹿毛,200312,  193.8,  ,    ,58.5
24,11,10,5,東京,4,12,１勝ｸﾗｽ,23,芝,0,1800,良,シャンパンマーク  ,牡,3,内田博幸,56.0,16,03,8,8,0,0.3,7,107.6,"1476",0,0,10,8,7,33.8,492,蛯名正義,美,0,21105252,00422,01191,0524541203,青山洋一,社台ファーム,キズナ,メモリアルライフ,"Reckless Abandon",鹿毛,210406,   20.7,  ,    ,59.2
24,11,10,5,東京,4,12,１勝ｸﾗｽ,23,芝,0,1800,良,バランスダンサー  ,牝,3,横山武史,54.0,16,04,3,3,0,0.2,4,107.5,"1475",0,0,3,3,3,34.3,472,久保田貴,美,200,21104160,01170,01067,0524541204,草間庸文,千代田牧場,エピファネイア,マーチャンテイマー,クロフネ,鹿毛,210314,    8.1,  ,    ,56.7
24,11,10,5,東京,4,12,１勝ｸﾗｽ,23,芝,0,1800,良,イケイケドンドン  ,牡,4,木幡巧也,58.0,16,05,11,11,0,0.6,8,107.9,"1479",0,0,13,14,13,33.4,474,松山将樹,美,0,20107121,01162,01100,0524541205,新井原博,川上牧場,ワールドエース,ラスリーズ,ブライアンズタイム,鹿毛,200405,   32.0,  ,    ,61.5
24,11,10,5,東京,4,12,１勝ｸﾗｽ,23,芝,0,1800,良,キュベリン        ,牝,4,石田拓郎,53.0,16,06,9,9,0,0.5,12,107.8,"1478",0,0,1,1,1,35,426,嘉藤貴行,美,0,20104911,01203,01195,0524541206,武田浩典,矢野牧場,ノヴェリスト,キュリオスティー,ディープインパクト,鹿毛,200301,  105.3,  ,    ,54.0
24,11,10,5,東京,4,12,１勝ｸﾗｽ,23,芝,0,1800,良,アスキステソーロ  ,牡,4,佐々木大,58.0,16,07,15,15,0,2.3,13,109.6,"1496",0,0,7,5,5,36,488,千葉直人,美,0,20104924,01197,01199,0524541207,了徳寺健二ホールデ,矢野牧場,ドゥラメンテ,メイデイローズ,"Rockport Harbor",黒鹿,200227,  111.7,  ,    ,52.2
24,11,10,5,東京,4,12,１勝ｸﾗｽ,23,芝,0,1800,良,ピースヒロフェイス,牝,3,石橋脩,54.0,16,08,6,6,0,0.3,10,107.6,"1476",0,0,5,5,5,34.1,460,牧光二,美,0,21105769,01077,01106,0524541208,中平和宏,ノーザンファーム,サトノダイヤモンド,ペルヴィアンリリー,フレンチデピュティ,鹿毛,210405,   43.1,  ,    ,57.8
24,11,10,5,東京,4,12,１勝ｸﾗｽ,23,芝,0,1800,良,モカラルビー      ,牝,3,野中悠太,54.0,16,09,14,14,0,1.7,14,109,"1490",0,0,10,11,13,34.5,406,田村康仁,美,0,21103031,01158,01027,0524541209,ヒダカ・ブリーダー,ディアレストクラブ,サトノダイヤモンド,クロコスミア,ステイゴールド,黒鹿,210213,  184.0,  ,    ,58.0
24,11,10,5,東京,4,12,１勝ｸﾗｽ,23,芝,0,1800,良,ザブライド        ,牝,3,原優介,53.0,16,10,10,10,0,0.6,6,107.9,"1479",0,0,15,15,15,33,468,西村真幸,栗,0,21104905,01184,01148,0524541210,キャロットファーム,社台コーポレーショ,ドゥラメンテ,ビートリックスキッド,"Victory Note",鹿毛,210201,   19.5,  ,    ,63.5
24,11,10,5,東京,4,12,１勝ｸﾗｽ,23,芝,0,1800,良,ボーモンド        ,牡,3,横山和生,56.0,16,11,7,7,0,0.3,2,107.6,"1476",0,0,2,2,2,34.5,490,国枝栄,美,0,21105777,01140,00399,0524541211,サンデーレーシング,ノーザンファーム,モーリス,ボージェスト,キングカメハメハ,栗毛,210306,    5.2,  ,    ,55.9
24,11,10,5,東京,4,12,１勝ｸﾗｽ,23,芝,0,1800,良,ユキワリザクラ    ,牝,3,戸崎圭太,54.0,16,12,1,1,0,0,5,107.3,"1473",0,0,3,4,3,34,468,田中剛,美,800,21103678,05386,01119,0524541212,松村真司,神垣道弘,サトノダイヤモンド,ユキアカリノマチ,キングカメハメハ,鹿毛,210406,   10.6,  ,    ,57.8
24,11,10,5,東京,4,12,１勝ｸﾗｽ,23,芝,0,1800,良,トロピカルティー  ,牝,3,菅原明良,54.0,16,13,2,2,0,0,1,107.3,"1473",0,0,7,8,9,33.2,432,林徹,美,320,21105486,01179,01163,0524541213,保坂和孝,ノーザンファーム,リアルスティール,キラモサ,Alamosa,鹿毛,210131,    2.1,  ,    ,61.6
24,11,10,5,東京,4,12,１勝ｸﾗｽ,23,芝,0,1800,良,クリノアドバンス  ,牡,3,長岡禎仁,56.0,16,14,5,5,0,0.2,9,107.5,"1475",0,0,6,7,7,33.7,444,大橋勇樹,栗,80,21101228,01142,01065,0524541214,栗本依利子,木村牧場,"Al Wukair",サクラゼンセン,Planteur,鹿毛,210220,   35.7,  ,    ,59.5
24,11,10,5,東京,4,12,１勝ｸﾗｽ,23,芝,0,1800,良,クラウドセイル    ,牡,4,北村宏司,58.0,16,15,12,12,0,0.8,11,108.1,"1481",0,0,7,8,9,34.1,484,堀内岳志,美,0,20102552,01043,01189,0524541215,G1レーシング,追分ファーム,シルバーステート,クリッパールート,シンボリクリスエス,黒鹿,200421,   52.8,  ,    ,58.5
24,11,10,5,東京,4,12,１勝ｸﾗｽ,23,芝,0,1800,良,ドーンコーラス    ,牝,3,西塚洸二,53.0,16,16,4,4,0,0.2,3,107.5,"1475",0,0,10,11,12,33.3,446,萩原清,美,120,21105415,01200,01017,0524541216,NICKS,ノーザンファーム,スワーヴリチャード,ウェイクミーアップ,"Rock of Gibraltar",栗毛,210313,    7.0,  ,    ,61.4
24,11,16,5,東京,5,01,未勝利*,7,ダ,1,1600,良,メリーサウンド    ,牝,2,松山弘平,55.0,16,01,9,9,0,1.4,9,100.5,"1405",0,0,0,4,3,38.7,450,小笠倫弘,美,0,22105516,01126,01076,0524550101,吉田照哉,社台ファーム,オルフェーヴル,マサノミネルバ,ラムタラ,栗毛,220226,   35.5,  ,    ,45.8
24,11,16,5,東京,5,01,未勝利*,7,ダ,1,1600,良,フォアファン      ,牡,2,松岡正海,56.0,16,02,14,14,0,2.7,14,101.8,"1418",0,0,0,16,16,38.5,498,松山将樹,美,0,22104064,01085,01100,0524550102,大瀧啓之,田中裕之,ドレフォン,フレイミングクリフス,Kingmambo,栗毛,220411,  226.5,  ,    ,48.6
24,11,16,5,東京,5,01,未勝利*,7,ダ,1,1600,良,ウフドゥウフ      ,牡,2,田辺裕信,56.0,16,03,7,7,0,1.2,3,100.3,"1403",0,0,0,1,1,38.8,490,上原博之,美,0,22105257,01075,00423,0524550103,高松悟,社台ファーム,エピファネイア,エッグドロップ,"Alphabet Soup",芦毛,220412,    5.5,  ,    ,45.1
24,11,16,5,東京,5,01,未勝利*,7,ダ,1,1600,良,スマートクオーレ  ,牡,2,木幡初也,56.0,16,04,13,13,0,2.6,16,101.7,"1417",0,0,0,14,15,38.7,492,粕谷昌央,美,0,22102058,01153,01096,0524550104,大川徹,本間牧場,オルフェーヴル,スマートアリシア,ファルブラヴ,栗毛,220408,  350.2,  ,    ,47.7
24,11,16,5,東京,5,01,未勝利*,7,ダ,1,1600,良,ブラーブデシジョン,牡,2,石橋脩,56.0,16,05,10,10,0,1.9,6,101,"1410",0,0,0,2,2,39.4,466,牧光二,美,0,22103763,01077,01106,0524550105,KRジャパン,グランド牧場,マクフィ,ナタリー,ディープインパクト,鹿毛,220406,    9.9,  ,    ,43.8
24,11,16,5,東京,5,01,未勝利*,7,ダ,1,1600,良,ロアヴィヴィエンヌ,牡,2,石川裕紀,56.0,16,06,16,16,0,4.7,13,103.8,"1438",0,0,0,2,3,42.1,470,本間忍,美,0,22100486,01150,01056,0524550106,橋川欣司,乾皆雄,ノーブルミッション,ティアラトウショウ,アドマイヤムーン,鹿毛,220303,  178.2,  ,    ,37.9
24,11,16,5,東京,5,01,未勝利*,7,ダ,1,1600,良,テルケンレンスター,牡,2,横山武史,56.0,16,07,3,3,0,1,8,100.1,"1401",0,0,0,9,8,37.9,472,高柳瑞樹,美,140,22105932,01170,01118,0524550107,桑田照夫,橋本牧場,サトノアラジン,アールヌーヴォー,ブライアンズタイム,鹿毛,220312,   16.9,  ,    ,48.5
24,11,16,5,東京,5,01,未勝利*,7,ダ,1,1600,良,ダングラール      ,牡,2,戸崎圭太,56.0,16,08,15,15,0,2.9,5,102,"1420",0,0,0,4,8,39.9,460,田中博康,美,0,22105288,05386,01162,0524550108,橋元勇氣,社台ファーム,ダイワメジャー,カンカンガール,"Exchange Rate",栗毛,220228,    8.5,  ,    ,43.4
24,11,16,5,東京,5,01,未勝利*,7,ダ,1,1600,良,セブンスウェイ    ,牡,2,丸田恭介,56.0,16,09,6,6,0,1.1,11,100.2,"1402",0,0,0,12,11,37.8,490,清水英克,美,0,22101791,01117,01080,0524550109,大崎将行,豊郷牧場,ジャスタウェイ,セブンスハーモニー,シンボリクリスエス,鹿毛,220428,   64.7,  ,    ,49.0
24,11,16,5,東京,5,01,未勝利*,7,ダ,1,1600,良,スクレイピング    ,牡,2,横山和生,56.0,16,10,1,1,0,-0.1,1,99.1,"1391",0,0,0,14,11,36.7,496,尾関知人,美,550,22105076,01140,01103,0524550110,Y'sレーシング,ノーザンファーム,ナダル,ミスマリア,ハーツクライ,鹿毛,220207,    4.0,  ,    ,52.0
24,11,16,5,東京,5,01,未勝利*,7,ダ,1,1600,良,タキノボリ        ,牡,2,木幡巧也,56.0,16,11,8,8,0,1.3,2,100.4,"1404",0,0,0,4,3,38.7,452,勢司和浩,美,0,22100320,01162,01047,0524550111,越村哲男,中神牧場,ルヴァンスレーヴ,アグネスアーニャ,アグネスデジタル,鹿毛,220207,    5.0,  ,    ,45.7
24,11,16,5,東京,5,01,未勝利*,7,ダ,1,1600,良,タルバン          ,牡,2,岩部純二,56.0,16,12,11,11,0,2,15,101.1,"1411",0,0,0,12,14,38.5,444,伊藤伸一,美,0,22103319,00726,01031,0524550112,ミルファーム,ミルファーム,ダノンバラード,サンクタリリアス,スウェプトオーヴァーボード,芦毛,220423,  280.7,  ,    ,47.6
24,11,16,5,東京,5,01,未勝利*,7,ダ,1,1600,良,ニシノケンタマン  ,牡,2,内田博幸,56.0,16,13,4,4,0,1,10,100.1,"1401",0,0,0,4,6,38.2,446,深山雅史,美,83,22106427,00422,01174,0524550113,西山茂行,中央牧場,アポロケンタッキー,オテンバランナー,メイショウボーラー,青鹿,220413,   45.9,  ,    ,47.2
24,11,16,5,東京,5,01,未勝利*,7,ダ,1,1600,良,ヴェナートル      ,牡,2,野中悠太,56.0,16,14,12,12,0,2.5,12,101.6,"1416",0,0,0,4,6,39.7,490,武藤善則,美,0,22101469,01158,01064,0524550114,落合幸弘,下河辺牧場,アルアイン,ロンドンシーズン,ロードカナロア,鹿毛,220410,   93.2,  ,    ,43.6
24,11,16,5,東京,5,01,未勝利*,7,ダ,1,1600,良,オタマジャクシ    ,牡,2,木幡育也,56.0,16,15,2,2,0,0.1,7,99.2,"1392",0,0,0,11,11,36.9,480,松永康利,美,220,22106494,01167,01093,0524550115,内田玄祥,中地広大,トランセンド,オトリコミチュウ,ブラックタイド,黒鹿,220302,   14.2,  ,    ,51.3
24,11,16,5,東京,5,01,未勝利*,7,ダ,1,1600,良,プルシャプラ      ,牡,2,北村宏司,56.0,16,16,5,5,0,1.1,4,100.2,"1402",0,0,0,9,8,38,512,池上昌和,美,55,22100582,01043,01150,0524550116,関田光男,木下牧場,エスポワールシチー,シャプレドサクレ,タートルボウル,栗毛,220218,    5.5,  ,    ,48.2
24,11,16,5,東京,5,02,未勝利*,7,芝,0,2000,良,ゴガツノアマノガワ,牡,2,西村淳也,56.0,14,01,12,12,0,2.5,10,122.4,"2024",0,0,11,11,10,35.6,446,清水英克,美,0,22100922,01171,01080,0524550201,石川秀守,水丸牧場,ガルボ,アドリアーネ,アグネスデジタル,黒鹿,220523,  174.2,  ,    ,54.5
24,11,16,5,東京,5,02,未勝利*,7,芝,0,2000,良,チェンジオブハート,牡,2,マーカン,56.0,14,02,6,6,0,1.3,3,121.2,"2012",0,0,12,13,13,34.2,480,田中博康,美,0,22101631,05626,01162,0524550202,ゴドルフィン,ダーレー・ジャパン,ハービンジャー,ウーマンズハート,ハーツクライ,鹿毛,220215,    5.5,  ,    ,59.0
24,11,16,5,東京,5,02,未勝利*,7,芝,0,2000,良,ジェイエルマスター,牡,2,田辺裕信,56.0,14,03,3,3,0,0.7,8,120.6,"2006",0,0,8,10,12,33.7,476,小西一男,美,140,22101818,01075,00405,0524550203,橋元幸人,ナカノファーム,デクラレーションオブウォー,ホウライアキコ,ヨハネスブルグ,栗毛,220516,   55.9,  ,    ,60.5
24,11,16,5,東京,5,02,未勝利*,7,芝,0,2000,良,ベルウッドホウオウ,牡,2,柴田大知,56.0,14,04,8,8,0,1.8,12,121.7,"2017",0,0,14,14,13,34.7,462,和田雄二,美,0,22100302,01009,01143,0524550204,蓑島竜一,高松牧場,シルバーステート,フレンチアウル,Reset,黒鹿,220227,  247.5,  ,    ,57.5
24,11,16,5,東京,5,02,未勝利*,7,芝,0,2000,良,スワローシチー    ,牡,2,石川裕紀,56.0,14,05,4,4,0,0.7,5,120.6,"2006",0,0,8,7,7,34.1,464,相沢郁,美,83,22106150,01150,01020,0524550205,友駿ホースクラブ,カミイスタット,ミッキースワロー,スコルピオンキッス,"French Deputy",黒鹿,220418,    7.9,  ,    ,58.7
24,11,16,5,東京,5,02,未勝利*,7,芝,0,2000,良,ウインオアシス    ,牡,2,松岡正海,56.0,14,06,5,5,0,1.1,4,121,"2010",0,0,5,5,5,34.7,508,畠山吉宏,美,55,22106230,01085,01048,0524550206,ウイン,コスモヴューファー,アルアイン,サマーエタニティ,アドマイヤコジーン,黒鹿,220325,    6.8,  ,    ,56.6
24,11,16,5,東京,5,02,未勝利*,7,芝,0,2000,良,カイトリヒト      ,牡,2,木幡初也,56.0,14,07,11,11,0,2.4,13,122.3,"2023",0,0,5,7,7,35.7,496,武市康男,美,0,22103076,01153,01089,0524550207,本田恒雄,中島牧場,ミッキーアイル,サンダーソニア,ケープブランコ,鹿毛,220316,  503.2,  ,    ,54.0
24,11,16,5,東京,5,02,未勝利*,7,芝,0,2000,良,ピックデムッシュ  ,牡,2,ルメール,56.0,14,08,2,2,0,0,1,119.9,"1599",0,0,5,5,5,33.6,454,鹿戸雄一,美,220,22104799,05339,01097,0524550208,吉田勝己,ノーザンファーム,レイデオロ,サンティール,ハービンジャー,青鹿,220128,    2.5,  ,    ,60.1
24,11,16,5,東京,5,02,未勝利*,7,芝,0,2000,良,ユイノクニマレ    ,牡,2,木幡育也,56.0,14,09,14,14,0,4.9,14,124.8,"2048",0,0,1,3,3,38.6,426,深山雅史,美,0,22100802,01167,01174,0524550209,由井健太郎,ニシケン牧場,メイショウボーラー,チャームキャップ,キャプテンスティーヴ,黒鹿,220326,  644.9,  ,    ,45.7
24,11,16,5,東京,5,02,未勝利*,7,芝,0,2000,良,ストラスブール    ,牡,2,石橋脩,56.0,14,10,10,10,0,2,11,121.9,"2019",0,0,8,7,7,35.4,446,牧光二,美,0,22101148,01077,01106,0524550210,YGGホースクラブ,エトルタファーム,ハービンジャー,エスコフィオン,ディープインパクト,鹿毛,220428,  214.6,  ,    ,54.7
24,11,16,5,東京,5,02,未勝利*,7,芝,0,2000,良,トリフォラート    ,牝,2,三浦皇成,55.0,14,11,7,7,0,1.7,7,121.6,"2016",0,0,2,1,1,36.1,486,小手川準,美,0,22104630,01122,01171,0524550211,保坂和孝,ノーザンファーム,サトノダイヤモンド,アンフィトリテ2,Sebring,鹿毛,220301,   27.0,  ,    ,51.5
24,11,16,5,東京,5,02,未勝利*,7,芝,0,2000,良,ジュンアサヒソラ  ,牡,2,戸崎圭太,56.0,14,12,1,1,0,0,2,119.9,"1599",0,0,2,3,3,33.8,496,高柳瑞樹,美,550,22105033,05386,01118,0524550212,河合純二,ノーザンファーム,イスラボニータ,ベッラレイア,ナリタトップロード,黒鹿,220228,    3.7,  ,    ,59.2
24,11,16,5,東京,5,02,未勝利*,7,芝,0,2000,良,フロウオブタイム  ,牝,2,木幡巧也,55.0,14,13,9,9,0,1.9,9,121.8,"2018",0,0,2,2,2,35.8,442,大和田成,美,0,22106911,01162,01124,0524550213,程田真司,松浦牧場,シュヴァルグラン,ジョインザフロウ,ルーラーシップ,栗毛,220221,  150.1,  ,    ,53.0
24,11,16,5,東京,5,02,未勝利*,7,芝,0,2000,良,ユイノオールイン  ,牡,2,横山和生,56.0,14,14,13,13,0,2.9,6,122.8,"2028",0,0,12,11,10,36,484,竹内正洋,美,0,22102732,01140,01152,0524550214,由井健太郎,杵臼牧場,モズアスコット,シンデレラ,ハーツクライ,鹿毛,220312,   15.6,  ,    ,53.3
24,11,16,5,東京,5,03,未勝利*,7,ダ,1,1600,良,デスティニーホープ,牝,2,荻野琢真,55.0,16,01,7,7,0,1.6,8,100.8,"1408",0,0,0,12,11,38.2,432,松山将樹,美,0,22103625,01112,01100,0524550301,スリースターズレー,岡田牧場,カリフォルニアクローム,ヒストリアドリーム,アドマイヤムーン,栗毛,220424,   77.1,  ,    ,48.3
24,11,16,5,東京,5,03,未勝利*,7,ダ,1,1600,良,ラルフテソーロ    ,牡,2,戸崎圭太,56.0,16,02,3,3,0,0.9,4,100.1,"1401",0,0,0,7,7,38.1,500,小手川準,美,140,22102269,05386,01171,0524550302,了徳寺健二ホールデ,リョーケンファーム,スワーヴリチャード,ライトファンタスティック,Acclamation,鹿毛,220319,    8.6,  ,    ,47.6
24,11,16,5,東京,5,03,未勝利*,7,ダ,1,1600,良,エンプレスフレーム,牝,2,マーカン,55.0,16,03,1,1,0,-0.2,1,99.2,"1392",0,0,0,6,6,37.3,452,上原博之,美,550,22107254,05626,00423,0524550303,ターフ・スポート,奥山ファーム,カリフォルニアクローム,トロピカルガーデン,ハイアーゲーム,鹿毛,220426,    1.8,  ,    ,49.6
24,11,16,5,東京,5,03,未勝利*,7,ダ,1,1600,良,ミスターヨッシャー,牡,2,丸田恭介,56.0,16,04,13,13,0,3.2,16,102.4,"1424",0,0,0,14,14,39.3,458,堀内岳志,美,0,22106971,01117,01189,0524550304,本杉芳郎,マリオステーブル,ノーブルミッション,ブルージャーニー,カジノドライヴ,栗毛,220208,  340.5,  ,    ,46.3
24,11,16,5,東京,5,03,未勝利*,7,ダ,1,1600,良,サマーブライド    ,牝,2,石橋脩,55.0,16,05,8,8,0,1.8,12,101,"1410",0,0,0,15,15,37.8,448,的場均,美,0,22104090,01077,01063,0524550305,三岡陽,谷岡牧場,コパノリッキー,サクラステラーノ,サクラプレジデント,栗毛,220328,  154.3,  ,    ,50.3
24,11,16,5,東京,5,03,未勝利*,7,ダ,1,1600,良,フジレイメイ      ,牡,2,松岡正海,56.0,16,06,4,4,0,1.1,10,100.3,"1403",0,0,0,15,15,37,490,小笠倫弘,美,83,22100306,01085,01076,0524550306,荒木誠,高松牧場,サンダースノー,リアライズノユメ,アフリート,栗毛,220423,  127.9,  ,    ,52.6
24,11,16,5,東京,5,03,未勝利*,7,ダ,1,1600,良,ヒソカ            ,牡,2,角田大和,56.0,16,07,12,12,0,3.1,15,102.3,"1423",0,0,0,11,11,39.8,472,杉浦宏昭,美,0,22104334,01186,01008,0524550307,サイタグローバル,原弘之,バトルプラン,マイネチリペッパー,ネオユニヴァース,栗毛,220306,  299.7,  ,    ,44.2
24,11,16,5,東京,5,03,未勝利*,7,ダ,1,1600,良,アリアルブラック  ,牡,2,西村淳也,56.0,16,08,6,6,0,1.4,3,100.6,"1406",0,0,0,1,1,39.2,498,久保田貴,美,0,22105278,01171,01067,0524550308,諸江幸祐,社台ファーム,ロゴタイプ,オープンユアアイズ,ヴィクトワールピサ,黒鹿,220423,    5.9,  ,    ,44.0
24,11,16,5,東京,5,03,未勝利*,7,ダ,1,1600,良,モンサンフリージア,牝,2,木幡巧也,55.0,16,09,14,14,0,4,9,103.2,"1432",0,0,0,8,8,40.9,440,牧光二,美,0,22103801,01162,01106,0524550309,山下新一,今牧場,カリフォルニアクローム,フェイスマーク,ローエングリン,栗毛,220424,  115.5,  ,    ,41.4
24,11,16,5,東京,5,03,未勝利*,7,ダ,1,1600,良,セイウンヤタガラス,牡,2,三浦皇成,56.0,16,10,11,11,0,2,6,101.2,"1412",0,0,0,4,3,39.6,428,堀内岳志,美,0,22102890,01122,01189,0524550310,西山茂行,谷川牧場,サトノクラウン,セイウンミツコ,ベーカバド,黒鹿,220311,   24.8,  ,    ,43.3
24,11,16,5,東京,5,03,未勝利*,7,ダ,1,1600,良,ニシノドロシー    ,牝,2,内田博幸,55.0,16,11,15,15,0,4.9,11,104.1,"1441",0,0,0,8,8,41.8,460,本間忍,美,0,22100679,00422,01056,0524550311,西山茂行,さとう,ストロングリターン,ニシノプレジール,オルフェーヴル,鹿毛,220201,  134.0,  ,    ,39.4
24,11,16,5,東京,5,03,未勝利*,7,ダ,1,1600,良,アイアンオバーカム,牝,2,柴田大知,55.0,16,12,9,9,0,1.8,14,101,"1410",0,0,0,4,3,39.3,470,南田美知,美,0,22100587,01009,00437,0524550312,池上一馬,グローリーファーム,モーニン,アイアンクリッパー,ハーツクライ,栗毛,220505,  291.2,  ,    ,44.2
24,11,16,5,東京,5,03,未勝利*,7,ダ,1,1600,良,ベンメリア        ,セ,2,岩部純二,56.0,16,13,10,10,0,2,13,101.2,"1412",0,0,0,8,8,38.8,488,高橋文雅,美,0,22103321,00726,01134,0524550313,ミルファーム,ミルファーム,アメリカンペイトリオット,タプローム,ケイムホーム,黒鹿,220521,  180.0,  ,    ,46.5
24,11,16,5,東京,5,03,未勝利*,7,ダ,1,1600,良,グリーンエリクサー,牡,2,野中悠太,56.0,16,14,5,5,0,1.4,5,100.6,"1406",0,0,0,2,2,39.1,496,青木孝文,美,55,22103399,01158,01156,0524550314,琴浦諒,リトルブルーファー,パイロ,ミレナ,リーチザクラウン,鹿毛,220331,   11.6,  ,    ,44.4
24,11,16,5,東京,5,03,未勝利*,7,ダ,1,1600,良,ノースタンダード  ,牡,2,横山和生,56.0,16,15,16,16,0,5.1,2,104.3,"1443",0,0,0,3,3,42.7,542,栗田徹,美,0,22103579,01140,01127,0524550315,山田弘,岡田スタツド,"No Nay Never",ラチェーヴェ,"Danehill Dancer",青鹿,220202,    4.5,  ,    ,36.6
24,11,16,5,東京,5,03,未勝利*,7,ダ,1,1600,良,フィーチャリング  ,牡,2,石川裕紀,56.0,16,16,2,2,0,0.2,7,99.4,"1394",0,0,0,13,13,36.6,476,和田正一,美,220,22105824,01150,01114,0524550316,社台レースホース,社台コーポレーショ,ヘニーヒューズ,バウンシーチューン,ステイゴールド,栗毛,220123,   58.6,  ,    ,53.0
24,11,16,5,東京,5,04,新馬,15,芝,0,1400,良,ジェンダアネモス  ,牝,2,木幡巧也,55.0,11,01,4,4,0,0.3,5,84.3,"1243",0,0,0,2,2,34.1,444,伊坂重信,美,110,22102923,01162,01177,0524550401,辻高史,谷口牧場,タワーオブロンドン,ヴェイルオブクララ,ゼンノロブロイ,栗毛,220224,   10.8,  ,    ,60.4
24,11,16,5,東京,5,04,新馬,15,芝,0,1400,良,ミリオンヒット    ,牝,2,菅原明良,55.0,11,02,3,3,0,0.3,9,84.3,"1243",0,0,0,1,1,34.3,412,伊坂重信,美,180,22103562,01179,01177,0524550402,ノルマンディーサラ,岡田スタツド,アジアエクスプレス,ポップシンガー,スマートファルコン,鹿毛,220303,   35.6,  ,    ,59.3
24,11,16,5,東京,5,04,新馬,15,芝,0,1400,良,ミッシュマッシュ  ,牝,2,北村宏司,55.0,11,03,11,11,0,1.8,8,85.8,"1258",0,0,0,11,11,34.6,456,西田雄一,美,0,22105117,01043,01187,0524550403,吉田和美,ノーザンファーム,サトノアラジン,ラックビーアレディトゥナイト,"Mr. Greeley",鹿毛,220324,   32.1,  ,    ,61.0
24,11,16,5,東京,5,04,新馬,15,芝,0,1400,良,ジーティートリック,牡,2,丸田恭介,56.0,11,04,6,6,0,0.7,4,84.7,"1247",0,0,0,9,10,33.8,442,石毛善彦,美,0,22105411,01117,00428,0524550404,田畑利彦,社台ファーム,ロゴタイプ,ティラミス,ディープインパクト,鹿毛,220222,    7.7,  ,    ,62.9
24,11,16,5,東京,5,04,新馬,15,芝,0,1400,良,ベルアーブル      ,牝,2,戸崎圭太,55.0,11,05,2,2,0,0.1,2,84.1,"1241",0,0,0,6,7,33.4,430,矢嶋大樹,美,290,22104593,05386,01202,0524550405,犬飼優,ノーザンファーム,ビッグアーサー,アグレアーブル,マンハッタンカフェ,鹿毛,220408,    3.5,  ,    ,63.8
24,11,16,5,東京,5,04,新馬,15,芝,0,1400,良,ボンボニエーレ    ,牝,2,小林凌大,55.0,11,06,7,7,0,0.8,11,84.8,"1248",0,0,0,8,8,34,432,土田稔,美,0,22104477,01177,00417,0524550406,前田清二,真歌田中牧場,ベストウォーリア,アグネスクレバー,ワールドエース,栗毛,220528,  164.2,  ,    ,62.1
24,11,16,5,東京,5,04,新馬,15,芝,0,1400,良,ノブダブルホワイト,牡,2,木幡育也,56.0,11,07,8,8,0,0.9,10,84.9,"1249",0,0,0,4,5,34.5,434,松永康利,美,0,22101614,01167,01093,0524550407,前田亘輝,タバタファーム,バゴ,ステルス,ディープインパクト,鹿毛,220324,  118.5,  ,    ,59.6
24,11,16,5,東京,5,04,新馬,15,芝,0,1400,良,タイセイアダマス  ,牡,2,横山武史,56.0,11,08,10,10,0,1.3,7,85.3,"1253",0,0,0,2,2,35.1,466,伊藤圭三,美,0,22101137,01170,01023,0524550408,田中成奉,ヴェルサイユファー,リアルスティール,ヴェレーナ,アルデバラン2,鹿毛,220205,   17.7,  ,    ,57.3
24,11,16,5,東京,5,04,新馬,15,芝,0,1400,良,マンオブザマッチ  ,牡,2,松山弘平,56.0,11,09,9,9,0,1.2,3,85.2,"1252",0,0,0,10,8,34.4,488,高橋義忠,栗,0,22101677,01126,01129,0524550409,ゴドルフィン,ダーレー・ジャパン,ファインニードル,パテントジョイ,Pivotal,栗毛,220426,    5.9,  ,    ,60.8
24,11,16,5,東京,5,04,新馬,15,芝,0,1400,良,エルマーゴ        ,牡,2,マーカン,56.0,11,10,1,1,0,-0.1,1,84,"1240",0,0,0,7,5,33.5,472,加藤征弘,美,720,22105601,05626,01059,0524550410,長谷川祐司,アスラン,サートゥルナーリア,ホーリーウーマン,Tawqeet,栗毛,220404,    2.7,  ,    ,63.1
24,11,16,5,東京,5,04,新馬,15,芝,0,1400,良,テンドリームガール,牝,2,津村明秀,55.0,11,11,5,5,0,0.4,6,84.4,"1244",0,0,0,4,2,34.2,416,矢野英一,美,72,22106347,01092,01108,0524550411,天白泰司,隆栄牧場,モーリス,ファインアイリス,ルーラーシップ,鹿毛,220416,   12.8,  ,    ,60.1
24,11,16,5,東京,5,05,新馬・牝,15,芝,0,1600,良,ウィアステーラ    ,牝,2,津村明秀,55.0,11,01,3,3,0,0.4,6,95.1,"1351",0,0,0,3,3,34.8,442,田島俊明,美,180,22106326,01092,01112,0524550501,YGGホースクラブ,須崎牧場,エピファネイア,ランウェイ,キングカメハメハ,黒鹿,220417,   36.6,  ,    ,54.0
24,11,16,5,東京,5,05,新馬・牝,15,芝,0,1600,良,ダイユウルージュ  ,牝,2,木幡育也,55.0,11,02,11,11,0,4.9,11,99.6,"1396",0,0,0,11,11,35,428,松永康利,美,0,22107169,01167,01093,0524550502,大友靖岐,レジェンドファーム,サンダースノー,ウエストコースト,シンボリクリスエス,鹿毛,220209,  212.5,  ,    ,60.7
24,11,16,5,東京,5,05,新馬・牝,15,芝,0,1600,良,キアラメンテ      ,牝,2,マーカン,55.0,11,03,2,2,0,0.3,2,95,"1350",0,0,0,2,2,34.9,432,鹿戸雄一,美,290,22105864,05626,01097,0524550503,キャロットファーム,社台コーポレーショ,ドゥラメンテ,レオパルディナ,スニッツェル,黒鹿,220124,    7.7,  ,    ,53.3
24,11,16,5,東京,5,05,新馬・牝,15,芝,0,1600,良,サウンドリアン    ,牝,2,横山武史,55.0,11,04,5,5,0,0.9,4,95.6,"1356",0,0,0,10,10,33.6,428,和田正一,美,72,22106469,01170,01114,0524550504,増田雄一,飛渡牧場,キズナ,サウンドマジック,トビーズコーナー,鹿毛,220215,   18.2,  ,    ,60.7
24,11,16,5,東京,5,05,新馬・牝,15,芝,0,1600,良,ムーンアイドル    ,牝,2,松山弘平,55.0,11,05,6,6,0,1.3,5,96,"1360",0,0,0,3,3,35.7,456,高柳瑞樹,美,0,22103239,01126,01118,0524550505,藤田晋,三嶋牧場,エピファネイア,プリンセスムーン,アドマイヤムーン,鹿毛,220507,   20.2,  ,    ,51.3
24,11,16,5,東京,5,05,新馬・牝,15,芝,0,1600,良,ミラクルダンサー  ,牝,2,菅原明良,55.0,11,06,4,4,0,0.7,3,95.4,"1354",0,0,0,7,7,34.1,508,尾関知人,美,110,22104965,01179,01103,0524550506,前迫義幸,ノーザンファーム,サトノダイヤモンド,パーリーアヴェニュー,Anabaa,鹿毛,220215,   10.1,  ,    ,57.9
24,11,16,5,東京,5,05,新馬・牝,15,芝,0,1600,良,シックスレイヴンズ,牝,2,西村淳也,55.0,11,07,10,10,0,3.5,9,98.2,"1382",0,0,0,7,8,36.8,460,岩戸孝樹,美,0,22106721,01171,01051,0524550507,フクキタル,パカパカファーム,"Raven's Pass",サンタメテ,"Intense Focus",栗毛,220227,   82.2,  ,    ,50.1
24,11,16,5,東京,5,05,新馬・牝,15,芝,0,1600,良,カラメリート      ,牝,2,戸崎圭太,55.0,11,08,9,9,0,3.5,7,98.2,"1382",0,0,0,5,5,37.2,460,古賀慎明,美,0,22107119,05386,01079,0524550508,長谷川千代子,森永聡,ドゥラメンテ,オーデュボンパーク,"Candy Ride",栗毛,220216,   47.4,  ,    ,48.4
24,11,16,5,東京,5,05,新馬・牝,15,芝,0,1600,良,ベアパーフェクト  ,牝,2,松岡正海,55.0,11,09,8,8,0,2.5,10,97.2,"1372",0,0,0,5,5,36.2,468,杉浦宏昭,美,0,22102888,01085,01008,0524550509,熊木浩,谷川牧場,ルーラーシップ,シャイニングパス,"Raven's Pass",鹿毛,220306,  156.7,  ,    ,51.1
24,11,16,5,東京,5,05,新馬・牝,15,芝,0,1600,良,インプロペリア    ,牝,2,ルメール,55.0,11,10,1,1,0,-0.3,1,94.7,"1347",0,0,0,1,1,34.8,472,森一誠,美,720,22104956,05339,01201,0524550510,サンデーレーシング,ノーザンファーム,ロードカナロア,パストフォリア,シンボリクリスエス,鹿毛,220202,    1.2,  ,    ,53.3
24,11,16,5,東京,5,05,新馬・牝,15,芝,0,1600,良,ソランチャン      ,牝,2,丸田恭介,55.0,11,11,7,7,0,1.5,8,96.2,"1362",0,0,0,9,9,34.6,434,小手川準,美,0,22100960,01117,01171,0524550511,馬目時宗,村上牧場,フィエールマン,ソラコマチ,サクラバクシンオー,黒鹿,220301,   69.1,  ,    ,56.8
24,11,16,5,東京,5,06,１勝ｸﾗｽ*,23,芝,0,1400,良,チギリ            ,牝,2,横山武史,55.0,10,01,6,6,0,1.1,4,83.8,"1238",0,0,0,8,7,33.8,460,鹿戸雄一,美,0,22105429,01170,01097,0524550601,北村栄治,社台ファーム,レッドファルクス,ナチュラルスタンス,フジキセキ,芦毛,220210,   11.8,  ,    ,60.9
24,11,16,5,東京,5,06,１勝ｸﾗｽ*,23,芝,0,1400,良,テントウムシサンバ,牝,2,木幡育也,55.0,10,02,8,8,0,1.5,9,84.2,"1242",0,0,0,6,7,34.1,486,石栗龍彦,美,0,22104298,01167,01043,0524550602,田頭勇貴,畠山牧場,ロジャーバローズ,フォーエバーワン,ハービンジャー,栗毛,220209,  310.1,  ,    ,60.2
24,11,16,5,東京,5,06,１勝ｸﾗｽ*,23,芝,0,1400,良,ガールネクストドア,牝,2,丸田恭介,55.0,10,03,7,7,0,1.5,10,84.2,"1242",0,0,0,9,9,33.9,442,石毛善彦,美,0,22103326,01117,00428,0524550603,ミルファーム,ミルファーム,カリフォルニアクローム,デイドリーマー,ネオユニヴァース,栗毛,220217,  317.2,  ,    ,61.3
24,11,16,5,東京,5,06,１勝ｸﾗｽ*,23,芝,0,1400,良,オイランブチ      ,牝,2,石橋脩,55.0,10,04,5,5,0,1,7,83.7,"1237",0,0,0,4,4,34,438,的場均,美,78,22103192,01077,01063,0524550604,岡浩二,まるとみ冨岡牧場,タワーオブロンドン,リーズン,ロードカナロア,鹿毛,220306,  126.4,  ,    ,59.6
24,11,16,5,東京,5,06,１勝ｸﾗｽ*,23,芝,0,1400,良,スターウェーブ    ,牡,2,三浦皇成,56.0,10,05,4,4,0,0.8,2,83.5,"1235",0,0,0,2,2,34,482,武井亮,美,120,22104771,01122,01147,0524550605,TNレーシング,ノーザンファーム,Kingman,コスモポリタンクイーン,Dubawi,鹿毛,220326,    2.9,  ,    ,59.2
24,11,16,5,東京,5,06,１勝ｸﾗｽ*,23,芝,0,1400,良,カリフォルニアボム,牡,2,北村宏司,56.0,10,06,9,9,0,1.8,8,84.5,"1245",0,0,0,10,9,34.2,464,村田一誠,美,0,22107280,01043,01190,0524550606,小谷野次郎,浜本牧場,カリフォルニアクローム,アイアムエメラルド,ステイゴールド,栗毛,220402,  290.6,  ,    ,60.3
24,11,16,5,東京,5,06,１勝ｸﾗｽ*,23,芝,0,1400,良,ボンヌソワレ      ,牝,2,戸崎圭太,55.0,10,07,2,2,0,0.2,3,82.9,"1229",0,0,0,2,2,33.4,440,宮田敬介,美,310,22105435,05386,01175,0524550607,社台レースホース,社台ファーム,レイデオロ,ノッテビアンカ,Kendargent,栗毛,220214,    5.8,  ,    ,61.2
24,11,16,5,東京,5,06,１勝ｸﾗｽ*,23,芝,0,1400,良,エンブロイダリー  ,牝,2,ルメール,55.0,10,08,1,1,0,-0.2,1,82.7,"1227",0,0,0,6,4,33.1,474,森一誠,美,780,22105185,05339,01201,0524550608,シルクレーシング,ノーザンファーム,アドマイヤマーズ,ロッテンマイヤー,クロフネ,鹿毛,220201,    1.7,  ,    ,62.4
24,11,16,5,東京,5,06,１勝ｸﾗｽ*,23,芝,0,1400,良,モジャーリオ      ,牡,2,マーカン,56.0,10,09,3,3,0,0.5,5,83.2,"1232",0,0,0,4,6,33.4,456,斎藤誠,美,200,22106603,05626,01086,0524550609,MOJA,錦岡牧場,リオンディーズ,テルメディカラカラ,ハービンジャー,青鹿,220313,   18.2,  ,    ,61.8
24,11,16,5,東京,5,06,１勝ｸﾗｽ*,23,芝,0,1400,良,ハニーアイリー    ,牝,2,津村明秀,55.0,10,10,10,10,0,2,6,84.7,"1247",0,0,0,1,1,35.4,466,矢野英一,美,0,22103036,01092,01108,0524550610,ディアレストクラブ,ディアレストクラブ,ミッキーアイル,ファド,ダイワメジャー,鹿毛,220307,   75.0,  ,    ,54.4
24,11,16,5,東京,5,07,１勝ｸﾗｽ,23,ダ,1,1600,良,デイジー          ,牝,3,戸崎圭太,55.0,16,01,16,16,0,3.1,5,100.4,"1404",0,0,0,6,6,39.9,480,宗像義忠,美,0,21104173,05386,00420,0524550701,飯田正剛,千代田牧場,デクラレーションオブウォー,リボンフラワー,ディープインパクト,鹿毛,210428,   10.6,  ,    ,41.0
24,11,16,5,東京,5,07,１勝ｸﾗｽ,23,ダ,1,1600,良,レシプロシティ    ,牝,4,横山和生,56.0,16,02,4,4,0,0.3,11,97.6,"1376",0,0,0,12,9,36.8,464,田村康仁,美,120,20102862,01140,01027,0524550702,社台レースホース,社台ファーム,キズナ,サプレザ,Sahm,黒鹿,200310,   52.6,  ,    ,49.1
24,11,16,5,東京,5,07,１勝ｸﾗｽ,23,ダ,1,1600,良,ニシノアウェイク  ,牡,3,田辺裕信,57.0,16,03,9,9,0,1,14,98.3,"1383",0,0,0,10,6,37.7,484,伊藤圭三,美,0,21107089,01075,01023,0524550703,西山茂行,メイタイファーム,アメリカンペイトリオット,ラヴィングウェイ,"Victoire Pisa",鹿毛,210214,   98.5,  ,    ,46.4
24,11,16,5,東京,5,07,１勝ｸﾗｽ,23,ダ,1,1600,良,エコロブレード    ,牡,3,マーカン,57.0,16,04,13,13,0,1.9,9,99.2,"1392",0,0,0,8,9,38.3,450,加藤征弘,美,0,21103713,05626,01059,0524550704,原村正紀,グランド牧場,Mendelssohn,エントロピア,"Mount Nelson",鹿毛,210306,   27.8,  ,    ,45.4
24,11,16,5,東京,5,07,１勝ｸﾗｽ,23,ダ,1,1600,良,エースアビリティ  ,牡,3,松岡正海,57.0,16,05,11,11,0,1.3,10,98.6,"1386",0,0,0,16,16,36.9,508,堀内岳志,美,0,21102098,01085,01189,0524550705,大瀧啓之,前川義則,ヤマカツエース,ヒアデス,モンテロッソ,鹿毛,210219,   30.8,  ,    ,50.3
24,11,16,5,東京,5,07,１勝ｸﾗｽ,23,ダ,1,1600,良,キョウエイフロイデ,牝,3,野中悠太,55.0,16,06,8,8,0,0.6,4,97.9,"1379",0,0,0,15,14,36.5,472,中川公成,美,0,21101053,01158,01081,0524550706,田中晴夫,天羽禮治,サトノクラウン,ケイティバローズ,マンハッタンカフェ,黒鹿,210508,    8.5,  ,    ,50.9
24,11,16,5,東京,5,07,１勝ｸﾗｽ,23,ダ,1,1600,良,マイショウチャン  ,牡,4,木幡巧也,58.0,16,07,14,14,0,2.1,15,99.4,"1394",0,0,0,14,14,38,442,相沢郁,美,0,20102207,01162,01020,0524550707,星野壽市,前野牧場,ディスクリートキャット,チュウワプリンセス,スペシャルウィーク,鹿毛,200308,  268.7,  ,    ,46.9
24,11,16,5,東京,5,07,１勝ｸﾗｽ,23,ダ,1,1600,良,スカパラダイス    ,牡,4,津村明秀,58.0,16,08,10,10,0,1.3,12,98.6,"1386",0,0,0,11,9,37.7,472,大和田成,美,0,20105730,01092,01124,0524550708,田邉滋久,ヒカル牧場,シルバーステート,ファミリーソング,グラスワンダー,黒鹿,200320,   81.8,  ,    ,46.9
24,11,16,5,東京,5,07,１勝ｸﾗｽ,23,ダ,1,1600,良,メッエフアパラ    ,牡,3,ルメール,57.0,16,09,6,6,0,0.5,7,97.8,"1378",0,0,0,1,1,37.9,466,辻哲英,美,0,21106066,05339,01182,0524550709,丹羽裕正,岩見牧場,エスポワールシチー,ビーナストリック,キングヘイロー,栗毛,210217,   13.6,  ,    ,44.8
24,11,16,5,東京,5,07,１勝ｸﾗｽ,23,ダ,1,1600,良,ノルドヴェスト    ,牡,4,横山武史,58.0,16,10,2,2,0,0.2,3,97.5,"1375",0,0,0,5,5,37.2,472,萩原清,美,320,20102711,01170,01017,0524550710,サンデーレーシング,社台コーポレーショ,ロードカナロア,マエストラーレ,ネオユニヴァース,鹿毛,200203,    8.3,  ,    ,47.3
24,11,16,5,東京,5,07,１勝ｸﾗｽ,23,ダ,1,1600,良,ホウオウフェイント,牡,3,菅原明良,57.0,16,11,3,3,0,0.2,2,97.5,"1375",0,0,0,2,2,37.5,492,高木登,美,200,21103481,01179,01088,0524550711,小笹芳央,岡田スタツド,ヴィクトワールピサ,エリモフェザー,シニスターミニスター,鹿毛,210409,    3.7,  ,    ,46.0
24,11,16,5,東京,5,07,１勝ｸﾗｽ,23,ダ,1,1600,良,ドリームクルーズ  ,牝,3,西村淳也,55.0,16,12,12,12,0,1.5,8,98.8,"1388",0,0,0,3,3,38.7,496,戸田博文,美,0,21104899,01171,01054,0524550712,DMMドリームクラブ,社台コーポレーショ,エピファネイア,パセンジャーシップ,ダイワメジャー,栗毛,210123,   16.1,  ,    ,43.2
24,11,16,5,東京,5,07,１勝ｸﾗｽ,23,ダ,1,1600,良,セブンマイスター  ,牡,3,北村宏司,57.0,16,13,5,5,0,0.4,6,97.7,"1377",0,0,0,3,3,37.6,542,木村哲也,美,80,21105688,01043,01126,0524550713,前迫義幸,ノーザンファーム,ドレフォン,ハピネスダンサー,メイショウサムソン,鹿毛,210410,   12.0,  ,    ,45.9
24,11,16,5,東京,5,07,１勝ｸﾗｽ,23,ダ,1,1600,良,デスティノ        ,牡,4,松山弘平,58.0,16,14,7,7,0,0.6,13,97.9,"1379",0,0,0,8,13,36.6,540,矢野英一,美,0,20106690,01126,01108,0524550714,Gリビエール・レー,ディアレストクラブ,ホッコータルマエ,アンルーリー,チーフベアハート,青鹿,200327,   87.2,  ,    ,50.5
24,11,16,5,東京,5,07,１勝ｸﾗｽ,23,ダ,1,1600,良,ビーマイセルフ    ,牝,6,岩部純二,56.0,16,15,15,15,0,2.2,16,99.5,"1395",0,0,0,6,6,38.9,486,萱野浩二,美,0,18106606,00726,01024,0524550715,ミルファーム,ミルファーム,トゥザグローリー,ブリッサ,ブラックホーク,青鹿,180418,  572.7,  ,    ,43.5
24,11,16,5,東京,5,07,１勝ｸﾗｽ,23,ダ,1,1600,良,ミラーオブマインド,セ,4,三浦皇成,58.0,16,16,1,1,0,-0.2,1,97.3,"1373",0,0,0,12,12,36.2,486,新開幸一,美,800,20102796,01122,01116,0524550716,社台レースホース,社台ファーム,マインドユアビスケッツ,エミーズスマイル,アグネスタキオン,栗毛,200511,    3.2,  ,    ,51.3
24,11,16,5,東京,5,08,２勝ｸﾗｽ,43,ダ,1,1400,良,ノーブルラン      ,牡,4,木幡巧也,58.0,16,01,12,12,0,1.4,13,86.2,"1262",0,0,0,7,6,37.6,476,尾形和幸,美,0,20100741,01162,01141,0524550801,岡村善行,高昭牧場,ワールドエース,フォーモサマンボ,ノボジャック,栗毛,200413,  146.5,  ,    ,46.9
24,11,16,5,東京,5,08,２勝ｸﾗｽ,43,ダ,1,1400,良,ルージュシュエット,牝,3,北村友一,55.0,16,02,15,15,0,2.4,8,87.2,"1272",0,0,0,1,1,39.3,458,矢作芳人,栗,0,21105640,01102,01075,0524550802,東京ホースレーシン,ノーザンファーム,Curlin,ダンシングラグズ,"Union Rags",栗毛,210305,   18.0,  ,    ,41.4
24,11,16,5,東京,5,08,２勝ｸﾗｽ,43,ダ,1,1400,良,モンドプリューム  ,牡,4,菅原明良,58.0,16,03,11,11,0,1.3,7,86.1,"1261",0,0,0,2,2,38.1,502,水野貴広,美,0,20103876,01179,01094,0524550803,落合幸弘,岡田スタツド,サトノダイヤモンド,エリモフェザー,シニスターミニスター,鹿毛,200416,   17.6,  ,    ,44.5
24,11,16,5,東京,5,08,２勝ｸﾗｽ,43,ダ,1,1400,良,サイヤダンサー    ,牡,7,田辺裕信,58.0,16,04,6,6,0,1,11,85.8,"1258",0,0,0,10,10,36.8,472,深山雅史,美,0,17101571,01075,01174,0524550804,ウエスト.フォレス,高瀬牧場,ベーカバド,イズミバード,サンデーサイレンス,鹿毛,170512,   89.2,  ,    ,49.9
24,11,16,5,東京,5,08,２勝ｸﾗｽ,43,ダ,1,1400,良,クロンヌドラレーヌ,牝,5,小林凌大,56.0,16,05,8,8,0,1.1,14,85.9,"1259",0,0,0,7,8,37.2,468,奥平雅士,美,0,19104720,01177,01074,0524550805,ライオンレースホー,社台ファーム,ロードカナロア,クラウンプリンセス,スペシャルウィーク,鹿毛,190510,  159.5,  ,    ,48.2
24,11,16,5,東京,5,08,２勝ｸﾗｽ,43,ダ,1,1400,良,セントラルヴァレー,牡,3,マーカン,57.0,16,06,2,2,0,0.2,3,85,"1250",0,0,0,2,2,37,478,栗田徹,美,460,21110161,05626,01127,0524550806,Y'sレーシング,"WinStar Farm LLC",Kantharos,"Indigo Gin","Lemon Drop Kid",栗毛,210318,    4.4,  ,    ,47.3
24,11,16,5,東京,5,08,２勝ｸﾗｽ,43,ダ,1,1400,良,スマートビクター  ,牡,5,石川裕紀,58.0,16,07,7,7,0,1,12,85.8,"1258",0,0,0,12,12,36.6,524,吉田直弘,栗,0,19102202,01150,01101,0524550807,大川徹,本間牧場,マジェスティックウォリアー,スマートノエル,ヴァーミリアン,栗毛,190418,  121.8,  ,    ,50.8
24,11,16,5,東京,5,08,２勝ｸﾗｽ,43,ダ,1,1400,良,モーニングヘイズ  ,牡,5,松山弘平,58.0,16,08,9,9,0,1.2,1,86,"1260",0,0,0,4,4,37.7,524,岩戸孝樹,美,0,19110016,01126,01051,0524550808,ゴドルフィン,"Kendall Hansen Rac",Arrogate,"Stormy Sunday","Sir Cat",芦毛,190515,    3.6,  ,    ,46.1
24,11,16,5,東京,5,08,２勝ｸﾗｽ,43,ダ,1,1400,良,トウカイファクター,セ,5,横山和生,58.0,16,09,13,13,0,1.4,5,86.2,"1262",0,0,0,12,12,37,472,菊川正達,美,0,19103692,01140,01052,0524550809,内村正則,松栄牧場,ザファクター,トウカイポプリ,タイキシャトル,青鹿,190522,   12.7,  ,    ,49.7
24,11,16,5,東京,5,08,２勝ｸﾗｽ,43,ダ,1,1400,良,ロミオボス        ,牡,4,西村淳也,58.0,16,10,10,10,0,1.2,6,86,"1260",0,0,0,12,12,36.8,486,加藤征弘,美,0,20102896,01171,01059,0524550810,加藤正二郎,社台ファーム,ストロングリターン,ジュリエットベール,ヴィクトワールピサ,栗毛,200426,   16.3,  ,    ,50.3
24,11,16,5,東京,5,08,２勝ｸﾗｽ,43,ダ,1,1400,良,メモリーグラス    ,牡,4,三浦皇成,58.0,16,11,5,5,0,0.9,9,85.7,"1257",0,0,0,10,10,36.7,488,松永康利,美,114,20107095,01122,01093,0524550811,田頭勇貴,浜本牧場,イスラボニータ,ラベンダーメモリー,ナカヤマフェスタ,黒鹿,200425,   21.3,  ,    ,50.1
24,11,16,5,東京,5,08,２勝ｸﾗｽ,43,ダ,1,1400,良,デュードメール    ,牝,5,津村明秀,56.0,16,12,3,3,0,0.5,4,85.3,"1253",0,0,0,4,4,37.1,476,辻哲英,美,290,19105399,01092,01182,0524550812,シルクレーシング,ノーザンファーム,ロードカナロア,プチノワール,Singspiel,鹿毛,190413,    6.4,  ,    ,47.4
24,11,16,5,東京,5,08,２勝ｸﾗｽ,43,ダ,1,1400,良,コスモイグローク  ,牡,4,野中悠太,58.0,16,13,16,16,0,3.1,16,87.9,"1279",0,0,0,16,15,38.5,520,蛯名利弘,美,0,20100248,01158,01131,0524550813,稲場澄,タツヤファーム,ジョーカプチーノ,クールベット,キングヘイロー,芦毛,200229,  276.3,  ,    ,46.2
24,11,16,5,東京,5,08,２勝ｸﾗｽ,43,ダ,1,1400,良,ビートエモーション,セ,5,戸崎圭太,58.0,16,14,1,1,0,-0.2,2,84.8,"1248",0,0,0,6,6,36.3,510,上原佑紀,美,1140,19110120,05386,01192,0524550814,長谷川祐司,"Scott Dilworth & E","Quality Road","J. Quirk","Unbridled's Song",芦毛,190429,    4.2,  ,    ,50.2
24,11,16,5,東京,5,08,２勝ｸﾗｽ,43,ダ,1,1400,良,ウォルラス        ,牡,4,宮崎北斗,58.0,16,15,4,4,0,0.8,10,85.6,"1256",0,0,0,7,8,36.8,504,中川公成,美,170,20106687,01118,01081,0524550815,ディアレストクラブ,ディアレストクラブ,イスラボニータ,アイヴォリーカラー,クロフネ,芦毛,200322,   67.0,  ,    ,49.5
24,11,16,5,東京,5,08,２勝ｸﾗｽ,43,ダ,1,1400,良,ヒロノゴウカイ    ,牡,5,丸田恭介,58.0,16,16,14,14,0,1.7,15,86.5,"1265",0,0,0,15,15,37.1,502,蛯名利弘,美,0,19106700,01117,01131,0524550816,小野博郷,増本牧場,ダノンレジェンド,ハルダル,ゴールドアリュール,鹿毛,190420,  166.8,  ,    ,49.9
24,11,16,5,東京,5,09,南武特別･2勝,43,芝,0,2400,良,エセルフリーダ    ,牝,3,戸崎圭太,54.0,11,01,2,2,0,0,1,147,"2270",0,4,4,4,4,34.2,480,武藤善則,美,620,21105138,05386,01064,0524550901,高橋文男,社台ファーム,キタサンブラック,デルマオギン,ハービンジャー,鹿毛,210216,    2.3,  ,    ,59.9
24,11,16,5,東京,5,09,南武特別･2勝,43,芝,0,2400,良,シルバープリペット,牡,4,丸田恭介,58.0,11,02,8,8,0,1.3,9,148.3,"2283",0,5,5,8,9,35.2,472,松山将樹,美,0,20104878,01117,01100,0524550902,ミルファーム,松田牧場,レッドファルクス,アウグスタ,エイシンフラッシュ,芦毛,200416,  284.6,  ,    ,57.1
24,11,16,5,東京,5,09,南武特別･2勝,43,芝,0,2400,良,ラスカンブレス    ,牡,3,ルメール,56.0,11,03,1,1,0,0,2,147,"2270",0,11,5,4,4,34.2,484,林徹,美,1550,21105391,05339,01163,0524550903,吉田勝己,ノーザンファーム,ブリックスアンドモルタル,アースライズ,マンハッタンカフェ,黒鹿,210126,    2.3,  ,    ,59.9
24,11,16,5,東京,5,09,南武特別･2勝,43,芝,0,2400,良,エバーハンティング,牝,5,菅原明良,56.0,11,04,7,7,0,0.8,6,147.8,"2278",0,2,2,4,4,35.1,426,小島茂之,美,0,19104674,01179,01068,0524550904,宇田豊,社台ファーム,ハービンジャー,エバーブロッサム,ディープインパクト,鹿毛,190209,   31.7,  ,    ,57.0
24,11,16,5,東京,5,09,南武特別･2勝,43,芝,0,2400,良,オウケンヴィーナス,牝,3,木幡育也,54.0,11,05,10,10,0,3.6,11,150.6,"2306",0,9,11,11,11,36.3,398,松永康利,美,0,21105451,01167,01093,0524550905,福井明,ノーザンファーム,ルーラーシップ,オウケンビリーヴ,クロフネ,鹿毛,210217,  397.4,  ,    ,55.0
24,11,16,5,東京,5,09,南武特別･2勝,43,芝,0,2400,良,プリティユニバンス,牝,7,木幡巧也,56.0,11,06,6,6,0,0.6,7,147.6,"2276",0,6,5,8,7,34.6,470,村山明,栗,0,17104215,01162,01107,0524550906,亀井哲也,社台ファーム,ヴィクトワールピサ,ユキアカリノマチ,キングカメハメハ,黒鹿,170429,  154.8,  ,    ,58.9
24,11,16,5,東京,5,09,南武特別･2勝,43,芝,0,2400,良,サンライズソレイユ,牡,3,マーカン,56.0,11,07,4,4,0,0.4,4,147.4,"2274",0,8,8,7,7,34.4,512,矢作芳人,栗,230,21105104,05626,01075,0524550907,ライフハウス,社台ファーム,キズナ,ソラリア,"Scat Daddy",黒鹿,210505,    9.0,  ,    ,59.5
24,11,16,5,東京,5,09,南武特別･2勝,43,芝,0,2400,良,スカイテラス      ,牡,7,武藤雅,58.0,11,08,9,9,0,2.4,8,149.4,"2294",0,3,3,3,3,36.8,502,和田正一,美,0,17101556,01169,01114,0524550908,スピードファーム,スピードフアーム,キズナ,ライステラス,ソングオブウインド,黒鹿,170411,  195.5,  ,    ,52.0
24,11,16,5,東京,5,09,南武特別･2勝,43,芝,0,2400,良,アバンデル        ,牡,3,松山弘平,56.0,11,09,3,3,0,0.3,3,147.3,"2273",0,9,8,1,1,35,446,金成貴史,美,390,21105499,01126,01132,0524550909,野田努,ノーザンファーム,ワールドエース,クラシックリディア,ハービンジャー,鹿毛,210224,    5.2,  ,    ,57.0
24,11,16,5,東京,5,09,南武特別･2勝,43,芝,0,2400,良,ブロッケンボウ    ,牡,3,西村淳也,56.0,11,10,5,5,0,0.4,5,147.4,"2274",0,1,1,2,2,35.1,466,佐々木晶,栗,155,21104479,01171,00429,0524550910,小林竜太郎,へいはた牧場,タリスマニック,ラブフール,ゼンノロブロイ,黒鹿,210403,   19.6,  ,    ,56.6
24,11,16,5,東京,5,09,南武特別･2勝,43,芝,0,2400,良,フォーワンセルフ  ,牡,5,野中悠太,58.0,11,11,11,11,0,3.6,10,150.6,"2306",0,6,8,10,10,37.4,530,小手川準,美,0,19102163,01158,01171,0524550911,アドバンス・サッポ,碧雲牧場,パイロ,フォーミー,アドマイヤマックス,栗毛,190501,  338.0,  ,    ,50.9
24,11,16,5,東京,5,10,晩秋Ｓ･3勝,67,ダ,1,2100,良,カレンアルカンタラ,牡,4,内田博幸,58.0,15,01,12,12,0,1.7,15,133.3,"2133",0,3,3,3,4,37.3,506,新谷功一,栗,0,20103086,00422,01172,0524551001,鈴木隆司,社台ファーム,エスポワールシチー,ラセレシオン,ゼンノロブロイ,鹿毛,200314,  217.4,  ,    ,52.9
24,11,16,5,東京,5,10,晩秋Ｓ･3勝,67,ダ,1,2100,良,ゲットアップ      ,セ,6,石橋脩,58.0,15,02,10,10,0,1.6,10,133.2,"2132",0,5,5,5,4,37.2,482,牧光二,美,0,18100720,01077,01106,0524551002,ニッシンホールディ,チャンピオンズファ,ルーラーシップ,ソフトライム,フジキセキ,黒鹿,180206,   41.6,  ,    ,53.2
24,11,16,5,東京,5,10,晩秋Ｓ･3勝,67,ダ,1,2100,良,ハッスルダンク    ,牡,4,菅原明良,58.0,15,03,11,11,0,1.6,9,133.2,"2132",0,1,1,1,1,37.6,452,中川公成,美,0,20104632,01179,01081,0524551003,高篠憲一,橋本牧場,ダンカーク,カジノスマイル,カジノドライヴ,鹿毛,200321,   39.6,  ,    ,51.7
24,11,16,5,東京,5,10,晩秋Ｓ･3勝,67,ダ,1,2100,良,フジマサインパクト,牡,6,西村淳也,58.0,15,04,7,7,0,1.3,11,132.9,"2129",0,13,14,10,10,36.4,430,菊川正達,美,0,18104778,01171,01052,0524551004,藤原正一,社台ファーム,ディープインパクト,ベイトゥベイ,"Sligo Bay",鹿毛,180521,   51.0,  ,    ,56.0
24,11,16,5,東京,5,10,晩秋Ｓ･3勝,67,ダ,1,2100,良,マオノアラシ      ,牡,4,マーカン,58.0,15,05,9,9,0,1.5,8,133.1,"2131",0,6,7,7,7,36.9,494,加藤士津,美,0,20100850,05626,01169,0524551005,湯浅健司,ダイヤモンドファー,ゴールドアクター,マオノココロ,ヴァーミリアン,栗毛,200218,   32.2,  ,    ,54.3
24,11,16,5,東京,5,10,晩秋Ｓ･3勝,67,ダ,1,2100,良,マテンロウガイ    ,牡,4,角田大和,58.0,15,06,5,5,0,1.2,6,132.8,"2128",0,13,12,13,13,36.1,500,角田晃一,栗,184,20101036,01186,01121,0524551006,寺田千代乃,稲原牧場,リアルスティール,エアベルヘザー,"Empire Maker",鹿毛,200301,   13.5,  ,    ,57.1
24,11,16,5,東京,5,10,晩秋Ｓ･3勝,67,ダ,1,2100,良,フタイテンロック  ,牡,5,木幡巧也,58.0,15,07,8,8,0,1.4,5,133,"2130",0,6,7,7,7,36.8,496,佐藤吉勝,美,0,19102665,01162,01035,0524551007,松谷紫,大北牧場,トーセンジョーダン,フェリスホイール,ダンスインザダーク,鹿毛,190313,   11.8,  ,    ,54.6
24,11,16,5,東京,5,10,晩秋Ｓ･3勝,67,ダ,1,2100,良,コンティノアール  ,牡,4,北村友一,58.0,15,08,14,14,0,2.7,4,134.3,"2143",0,11,11,10,10,37.8,544,矢作芳人,栗,0,20103785,01102,01075,0524551008,ライオンレースホー,レイクヴィラファー,ドレフォン,パンデリング,キングカメハメハ,栗毛,200307,    6.4,  ,    ,52.1
24,11,16,5,東京,5,10,晩秋Ｓ･3勝,67,ダ,1,2100,良,ヨリノサファイヤ  ,牝,4,野中悠太,56.0,15,09,13,13,0,1.9,12,133.5,"2135",0,15,15,15,15,36.7,526,根本康広,美,0,20102315,01158,01029,0524551009,辻子依旦,ヤナガワ牧場,コパノリッキー,コパノタイマネ,クロフネ,栗毛,200509,   74.0,  ,    ,55.5
24,11,16,5,東京,5,10,晩秋Ｓ･3勝,67,ダ,1,2100,良,プラウドヘリテージ,牡,5,ルメール,58.0,15,10,2,2,0,0.2,7,131.8,"2118",0,2,2,2,2,36.2,504,田中剛,美,740,19101875,05339,01119,0524551010,ゴドルフィン,ダーレー・ジャパン,ジャスタウェイ,ゴールデンリーヴス,Tiznow,鹿毛,190318,   18.6,  ,    ,55.6
24,11,16,5,東京,5,10,晩秋Ｓ･3勝,67,ダ,1,2100,良,リアレスト        ,牡,3,田辺裕信,56.0,15,11,1,1,0,-0.2,1,131.6,"2116",0,9,9,9,7,35.4,512,尾関知人,美,1840,21105496,01075,01103,0524551011,林正道,ノーザンファーム,リアルスティール,クィーンズベスト,ワークフォース,鹿毛,210204,    2.9,  ,    ,58.7
24,11,16,5,東京,5,10,晩秋Ｓ･3勝,67,ダ,1,2100,良,ネッケツシャチョウ,牡,4,荻野琢真,58.0,15,12,3,3,0,0.7,3,132.3,"2123",0,6,5,5,4,36.3,556,藤沢則雄,栗,460,20105954,01112,01041,0524551012,ミキハウスHKサービ,村上欽哉,リオンディーズ,レッドティムール,シンボリクリスエス,黒鹿,200316,    6.2,  ,    ,55.8
24,11,16,5,東京,5,10,晩秋Ｓ･3勝,67,ダ,1,2100,良,キタサンドーシン  ,牡,5,北村宏司,58.0,15,13,15,15,0,4.6,14,136.2,"2162",0,4,3,3,3,40.5,484,奥村武,美,0,19100997,01043,01145,0524551013,大野商事,村田牧場,キタサンブラック,スルターナ,キングヘイロー,青鹿,190324,  102.7,  ,    ,44.5
24,11,16,5,東京,5,10,晩秋Ｓ･3勝,67,ダ,1,2100,良,セブンスレター    ,セ,5,津村明秀,58.0,15,14,6,6,0,1.3,13,132.9,"2129",0,11,12,13,13,36.3,494,高橋文雅,美,0,19100876,01092,01134,0524551014,熊坂俊一,松浦牧場,コパノリッキー,ブライアンズレター,ナリタブライアン,鹿毛,190515,   86.7,  ,    ,56.4
24,11,16,5,東京,5,10,晩秋Ｓ･3勝,67,ダ,1,2100,良,ビップスコーピオン,牡,4,戸崎圭太,58.0,15,15,4,4,0,0.9,2,132.5,"2125",0,9,10,10,10,36.1,456,田島俊明,美,280,20103199,05386,01112,0524551015,鈴木邦英,ノーザンファーム,サトノクラウン,アソルータ,ゼンノロブロイ,鹿毛,200216,    4.0,  ,    ,56.8
24,11,16,5,東京,5,11,東京スポG2,179,芝,0,1800,良,ニシノタンギー    ,牡,2,武藤雅,56.0,9,01,8,8,0,1.2,9,108,"1480",0,0,9,9,9,33.8,460,水野貴広,美,0,22100540,01169,01094,0524551101,西山茂行,折手牧場,サトノアラジン,モクレン,Galileo,鹿毛,220226,  236.6,  ,    ,59.8
24,11,16,5,東京,5,11,東京スポG2,179,芝,0,1800,良,ジーティーマン    ,牡,2,西村淳也,56.0,9,02,6,6,0,0.9,6,107.7,"1477",0,0,3,3,5,33.9,486,小栗実,栗,0,22104715,01171,01194,0524551102,田畑利彦,ノーザンファーム,モーリス,オーロラエンブレム,ディープインパクト,鹿毛,220330,   19.7,  ,    ,58.8
24,11,16,5,東京,5,11,東京スポG2,179,芝,0,1800,良,ファイアンクランツ,牡,2,菅原明良,56.0,9,03,4,4,0,0.4,4,107.2,"1472",0,0,6,5,5,33.4,454,堀宣行,美,570,22104720,01179,01070,0524551103,サンデーレーシング,ノーザンファーム,ドゥラメンテ,カラフルブラッサム,ハーツクライ,鹿毛,220329,    8.0,  ,    ,60.5
24,11,16,5,東京,5,11,東京スポG2,179,芝,0,1800,良,クロワデュノール  ,牡,2,北村友一,56.0,9,04,1,1,0,-0.1,1,106.8,"1468",0,0,3,3,2,33.3,504,斉藤崇史,栗,3800,22105102,01102,01151,0524551104,サンデーレーシング,ノーザンファーム,キタサンブラック,ライジングクロス,"Cape Cross",青鹿,220321,    2.2,  ,    ,60.4
24,11,16,5,東京,5,11,東京スポG2,179,芝,0,1800,良,デルアヴァー      ,牡,2,三浦皇成,56.0,9,05,5,5,0,0.5,5,107.3,"1473",0,0,8,7,7,33.3,478,松永幹夫,栗,380,22110054,01122,01092,0524551105,前田幸治,"North Hills Co.",Frankel,"Amour Briller","Smart Strike",鹿毛,220306,   16.5,  ,    ,61.1
24,11,16,5,東京,5,11,東京スポG2,179,芝,0,1800,良,プレシャスデイ    ,牡,2,横山武史,56.0,9,06,7,7,0,0.9,7,107.7,"1477",0,0,6,7,7,33.7,490,伊坂重信,美,0,22104859,01170,01177,0524551106,保坂和孝,ノーザンファーム,ニューイヤーズデイ,スプレンダークラン,ルーラーシップ,黒鹿,220131,   35.9,  ,    ,59.8
24,11,16,5,東京,5,11,東京スポG2,179,芝,0,1800,良,レッドキングリー  ,牡,2,ルメール,56.0,9,07,3,3,0,0.3,2,107.1,"1471",0,0,2,2,3,33.5,504,木村哲也,美,950,22105991,05339,01126,0524551107,東京ホースレーシン,レイクヴィラファー,サートゥルナーリア,レッドエルザ,"Smart Strike",栗毛,220308,    2.7,  ,    ,59.9
24,11,16,5,東京,5,11,東京スポG2,179,芝,0,1800,良,ニシノイストワール,牡,2,田辺裕信,56.0,9,08,9,9,0,1.6,8,108.4,"1484",0,0,3,5,3,34.7,456,鹿戸雄一,美,0,22107202,01075,01097,0524551108,西山茂行,さとう,キズナ,ドリームアンドホープ,"Royal Applause",鹿毛,220320,   61.6,  ,    ,56.2
24,11,16,5,東京,5,11,東京スポG2,179,芝,0,1800,良,サトノシャイニング,牡,2,松山弘平,56.0,9,09,2,2,0,0.1,3,106.9,"1469",0,0,1,1,1,33.5,492,杉山晴紀,栗,1500,22101420,01126,01157,0524551109,里見治,下河辺牧場,キズナ,スウィーティーガール,"Star Dabbler",黒鹿,220204,    5.7,  ,    ,59.6
24,11,16,5,東京,5,12,１勝ｸﾗｽ,23,芝,0,1600,良,ナファロア        ,牡,3,角田大和,57.0,18,01,1,1,0,-0.1,14,94.1,"1341",0,0,0,3,3,34,464,菊沢隆徳,美,800,21105150,01186,01115,0524551201,村野康司,社台ファーム,イスラボニータ,ナレラ,"Reliable Man",芦毛,210409,  221.9,  ,    ,56.1
24,11,16,5,東京,5,12,１勝ｸﾗｽ,23,芝,0,1600,良,ニシノインヴィクタ,牡,3,北村友一,57.0,18,02,3,3,0,0.1,9,94.2,"1342",0,0,0,1,1,34.3,504,本間忍,美,200,21100190,01102,01056,0524551202,西山茂行,さとう,ブリックスアンドモルタル,ニシノミストレス,ルーラーシップ,鹿毛,210326,   20.5,  ,    ,54.8
24,11,16,5,東京,5,12,１勝ｸﾗｽ,23,芝,0,1600,良,アイファーバトル  ,牡,3,野中悠太,57.0,18,03,9,9,0,0.4,10,94.5,"1345",0,0,0,10,9,34,454,根本康広,美,0,21101023,01158,01029,0524551203,中島稔,アースファーム,バトルプラン,エアリーチューン,ステイゴールド,黒鹿,210320,   48.4,  ,    ,56.8
24,11,16,5,東京,5,12,１勝ｸﾗｽ,23,芝,0,1600,良,レッドアトレーヴ  ,牡,3,横山和生,57.0,18,04,2,2,0,0.1,4,94.2,"1342",0,0,0,2,2,34.2,486,手塚貴久,美,320,21105837,01140,01038,0524551204,東京ホースレーシン,ノーザンファーム,ロードカナロア,ラストグルーヴ,ディープインパクト,鹿毛,210209,    7.1,  ,    ,55.3
24,11,16,5,東京,5,12,１勝ｸﾗｽ,23,芝,0,1600,良,クリーンエア      ,牡,3,田辺裕信,57.0,18,05,5,5,0,0.2,3,94.3,"1343",0,0,0,5,5,34,466,上原博之,美,80,21101651,01075,00423,0524551205,ゴドルフィン,ダーレー・ジャパン,リアルインパクト,シルヴァンソング,"Street Cry",青鹿,210318,    6.8,  ,    ,56.4
24,11,16,5,東京,5,12,１勝ｸﾗｽ,23,芝,0,1600,良,カイトグート      ,牝,3,菅原明良,55.0,18,06,10,10,0,0.5,5,94.6,"1346",0,0,0,7,7,34.2,466,和田雄二,美,0,21106308,01179,01143,0524551206,本田恒雄,須崎牧場,キズナ,マリブウィン,"Malibu Moon",鹿毛,210310,    8.7,  ,    ,56.0
24,11,16,5,東京,5,12,１勝ｸﾗｽ,23,芝,0,1600,良,ドリーミングアップ,牡,3,マーカン,57.0,18,07,8,8,0,0.3,8,94.4,"1344",0,0,0,10,11,33.7,476,高橋文雅,美,0,21103303,05626,01134,0524551207,古賀和夫,宮内牧場,エピファネイア,ジュデッカ,ディープインパクト,栗毛,210510,   18.9,  ,    ,58.1
24,11,16,5,東京,5,12,１勝ｸﾗｽ,23,芝,0,1600,良,ガルサブランカ    ,牝,3,ルメール,55.0,18,08,4,4,0,0.1,1,94.2,"1342",0,0,0,9,9,33.7,460,木村哲也,美,120,21105556,05339,01126,0524551208,シルクレーシング,ノーザンファーム,キズナ,シャトーブランシュ,キングヘイロー,鹿毛,210416,    2.8,  ,    ,57.7
24,11,16,5,東京,5,12,１勝ｸﾗｽ,23,芝,0,1600,良,ジェムステート    ,牡,4,三浦皇成,58.0,18,09,7,7,0,0.3,11,94.4,"1344",0,0,0,13,13,33.6,470,矢嶋大樹,美,0,20102216,01122,01202,0524551209,星野祐介,前野牧場,シルバーステート,ラヴィオリ,サクラバクシンオー,黒鹿,200404,   66.0,  ,    ,58.6
24,11,16,5,東京,5,12,１勝ｸﾗｽ,23,芝,0,1600,良,セルケト          ,牝,5,西村淳也,56.0,18,10,14,14,0,0.9,13,95,"1350",0,0,0,17,17,34,488,藤野健太,栗,0,19105272,01171,01200,0524551210,吉田勝己,ノーザンファーム,ディープブリランテ,セルキス,Monsun,鹿毛,190306,  220.8,  ,    ,57.6
24,11,16,5,東京,5,12,１勝ｸﾗｽ,23,芝,0,1600,良,ナンヨーアゼリア  ,牝,5,武藤雅,56.0,18,11,13,13,0,0.6,17,94.7,"1347",0,0,0,15,14,33.8,442,手塚貴久,美,0,19105643,01169,01038,0524551211,中村徳也,レイクヴィラファー,ハービンジャー,パンデリング,キングカメハメハ,青鹿,190313,  346.6,  ,    ,58.1
24,11,16,5,東京,5,12,１勝ｸﾗｽ,23,芝,0,1600,良,スウィートスカー  ,牝,5,柴田大知,56.0,18,12,12,12,0,0.6,15,94.7,"1347",0,0,0,5,5,34.4,482,鮫島一歩,栗,0,19106251,01009,01046,0524551212,池袋レーシング,田中裕之,ラブリーデイ,グレースグランド,アドマイヤムーン,鹿毛,190330,  225.1,  ,    ,55.2
24,11,16,5,東京,5,12,１勝ｸﾗｽ,23,芝,0,1600,良,ニシノコマチムスメ,牝,3,津村明秀,55.0,18,13,17,17,0,1.8,16,95.9,"1359",0,0,0,7,7,35.5,424,松山将樹,美,0,21107253,01092,01100,0524551213,西山茂行,西山牧場,ルーラーシップ,ニシノハナムスメ,ディープインパクト,鹿毛,210131,  254.6,  ,    ,52.1
24,11,16,5,東京,5,12,１勝ｸﾗｽ,23,芝,0,1600,良,オルソビアンコ    ,牝,4,内田博幸,56.0,18,14,15,15,0,1.1,12,95.2,"1352",0,0,0,15,14,34.3,396,田村康仁,美,0,20102918,00422,01027,0524551214,子安裕樹RC,社台ファーム,ハービンジャー,セウアズール,ディープインパクト,鹿毛,200502,  154.5,  ,    ,56.5
24,11,16,5,東京,5,12,１勝ｸﾗｽ,23,芝,0,1600,良,ボルケーノ        ,牡,3,松山弘平,57.0,18,15,16,16,0,1.4,7,95.5,"1355",0,0,0,13,14,34.6,550,堀宣行,美,0,21105611,01126,01070,0524551215,石川達絵,ノーザンファーム,ルーラーシップ,スピードリッパー,ファルブラヴ,鹿毛,210310,   11.3,  ,    ,55.6
24,11,16,5,東京,5,12,１勝ｸﾗｽ,23,芝,0,1600,良,パストラーレ      ,牡,3,横山武史,57.0,18,16,6,6,0,0.2,6,94.3,"1343",0,0,0,3,3,34.1,500,武市康男,美,0,21106068,01170,01089,0524551216,井山登,岩見牧場,シルバーステート,ファインステラ,ルーラーシップ,青鹿,210316,   10.2,  ,    ,55.9
24,11,16,5,東京,5,12,１勝ｸﾗｽ,23,芝,0,1600,良,アトリウムチャペル,牝,3,戸崎圭太,55.0,18,17,11,11,0,0.5,2,94.6,"1346",0,0,0,17,17,33.5,422,木村哲也,美,0,21105078,05386,01126,0524551217,社台レースホース,社台ファーム,ドレフォン,ジュリエットベール,ヴィクトワールピサ,黒鹿,210419,    6.7,  ,    ,59.4
24,11,16,5,東京,5,12,１勝ｸﾗｽ,23,芝,0,1600,良,カルツァクライン  ,牡,3,丸田恭介,57.0,18,18,18,18,0,2.1,18,96.2,"1362",0,0,0,10,11,35.5,448,林徹,美,0,21102933,01117,01163,0524551218,ライオンレースホー,谷口牧場,イスラボニータ,ポリネイター,Motivator,鹿毛,210323,  354.9,  ,    ,52.6
24,11,17,5,東京,6,01,未勝利*,7,ダ,1,1300,良,トリリオンボーイ  ,牡,2,横山武史,56.0,16,01,2,2,0,0.2,6,79.1,"1191",0,0,0,2,1,37.1,466,武井亮,美,220,22102493,01170,01147,0524560101,武田美香,様似共栄牧場,マクフィ,フィメールモナーク,ルーラーシップ,栗毛,220515,   27.0,  ,    ,47.0
24,11,17,5,東京,6,01,未勝利*,7,ダ,1,1300,良,レイアポポ        ,牝,2,原優介,54.0,16,02,9,9,0,2,5,80.9,"1209",0,0,0,1,2,38.8,476,青木孝文,美,0,22102103,01184,01156,0524560102,ヒダカ・ブリーダー,槇本牧場,シニスターミニスター,ワイルドポポ,ワイルドラッシュ,鹿毛,220506,   18.8,  ,    ,43.0
24,11,17,5,東京,6,01,未勝利*,7,ダ,1,1300,良,カルデライト      ,牝,2,マーカン,55.0,16,03,4,4,0,0.8,2,79.7,"1197",0,0,0,4,3,37.4,450,森一誠,美,83,22104778,05626,01201,0524560103,G1レーシング,ノーザンファーム,ナダル,コーディエライト,ダイワメジャー,鹿毛,220111,    5.5,  ,    ,46.9
24,11,17,5,東京,6,01,未勝利*,7,ダ,1,1300,良,バム              ,牡,2,嶋田純次,56.0,16,04,10,10,0,2,13,80.9,"1209",0,0,0,11,11,37.6,446,奥平雅士,美,0,22103327,01134,01074,0524560104,ミルファーム,ミルファーム,ロジャーバローズ,デスティニーラブ,アグネスデジタル,鹿毛,220227,  294.1,  ,    ,48.7
24,11,17,5,東京,6,01,未勝利*,7,ダ,1,1300,良,カパラミプ        ,牝,2,岩部純二,55.0,16,05,16,16,0,4.2,16,83.1,"1231",0,0,0,16,16,38,408,蛯名利弘,美,0,22103322,00726,01131,0524560105,ミルファーム,ミルファーム,メイショウボーラー,タマサイ,トーセンホマレボシ,鹿毛,220303,  536.7,  ,    ,51.7
24,11,17,5,東京,6,01,未勝利*,7,ダ,1,1300,良,セイカエイレーネー,牝,2,石橋脩,55.0,16,06,15,15,0,3.8,15,82.7,"1227",0,0,0,13,13,38.8,434,南田美知,美,0,22106296,01077,00437,0524560106,久米大,シンユウフアーム,エイシンフラッシュ,セイカハルカゼ,グラスワンダー,青鹿,220307,  467.3,  ,    ,47.0
24,11,17,5,東京,6,01,未勝利*,7,ダ,1,1300,良,イエスユイキャン  ,牝,2,横山和生,55.0,16,07,12,12,0,3,7,81.9,"1219",0,0,0,3,3,39.6,434,竹内正洋,美,0,22106595,01140,01152,0524560107,由井健太郎,新冠橋本牧場,フォーウィールドライブ,ベッキー,ブラックタイド,鹿毛,220323,   34.8,  ,    ,41.6
24,11,17,5,東京,6,01,未勝利*,7,ダ,1,1300,良,エコロヴァイス    ,牡,2,三浦皇成,56.0,16,08,3,3,0,0.4,1,79.3,"1193",0,0,0,6,5,36.7,486,堀宣行,美,140,22110128,01122,01070,0524560108,原村正紀,"Sequel Thoroughbre",Unified,"Second Fiddle",Paynter,芦毛,220314,    1.5,  ,    ,49.5
24,11,17,5,東京,6,01,未勝利*,7,ダ,1,1300,良,ハコダテサンバ    ,牝,2,石川裕紀,55.0,16,09,6,6,0,1.7,9,80.6,"1206",0,0,0,14,13,36.7,462,相沢郁,美,0,22102105,01150,01020,0524560109,河内孝夫,増尾牧場,ダンカーク,キタノオドリコ,エスポワールシチー,芦毛,220406,   78.6,  ,    ,52.5
24,11,17,5,東京,6,01,未勝利*,7,ダ,1,1300,良,ミキノオーボエ    ,牝,2,丸田恭介,55.0,16,10,14,14,0,3.6,14,82.5,"1225",0,0,0,9,7,39.7,478,南田美知,美,0,22102592,01117,00437,0524560110,谷口久和,浦河育成牧場,スマートファルコン,ミキノクラリネット,パーソナルラッシュ,鹿毛,220331,  398.4,  ,    ,42.4
24,11,17,5,東京,6,01,未勝利*,7,ダ,1,1300,良,セイウンピカイチ  ,牡,2,田辺裕信,56.0,16,11,11,11,0,2.6,8,81.5,"1215",0,0,0,4,5,39,482,尾形和幸,美,0,22102706,01075,01141,0524560111,西山茂行,ガーベラパークスタ,リアルインパクト,ニシノプレシャス,ディープスカイ,鹿毛,220503,   76.8,  ,    ,43.4
24,11,17,5,東京,6,01,未勝利*,7,ダ,1,1300,良,スパルタンキング  ,牡,2,菅原明良,56.0,16,12,1,1,0,-0.2,4,78.9,"1189",0,0,0,10,9,35.9,456,水野貴広,美,550,22103831,01179,01094,0524560112,住宅データ,坂本智広,ミュゼスルタン,ドゥリーミン,シニスターミニスター,鹿毛,220310,    8.2,  ,    ,52.7
24,11,17,5,東京,6,01,未勝利*,7,ダ,1,1300,良,イエヤス          ,牡,2,木幡巧也,56.0,16,13,13,13,0,3.4,11,82.3,"1223",0,0,0,14,15,38.2,474,杉浦宏昭,美,0,22100864,01162,01008,0524560113,三岡陽,幌村牧場,デクラレーションオブウォー,ボヘミアンシュバル,マジェスティックウォリアー,鹿毛,220225,  200.1,  ,    ,49.0
24,11,17,5,東京,6,01,未勝利*,7,ダ,1,1300,良,ブルーオブウインド,牝,2,古川吉洋,55.0,16,14,7,7,0,1.9,12,80.8,"1208",0,0,0,12,12,37.4,428,的場均,美,0,22106405,01015,01063,0524560114,田頭勇貴,大栄牧場,マジェスティックウォリアー,クリスプウインド,ハーツクライ,黒鹿,220417,  265.5,  ,    ,49.5
24,11,17,5,東京,6,01,未勝利*,7,ダ,1,1300,良,ショウナンラリー  ,牡,2,大野拓弥,56.0,16,15,5,5,0,1.4,3,80.3,"1203",0,0,0,7,7,37.6,478,嘉藤貴行,美,55,22103924,01096,01195,0524560115,湘南,静内フジカワ牧場,ナダル,ショウナンライム,ハーツクライ,鹿毛,220412,    7.4,  ,    ,47.3
24,11,17,5,東京,6,01,未勝利*,7,ダ,1,1300,良,フクノスパイン    ,牝,2,岩田康誠,55.0,16,16,8,8,0,1.9,10,80.8,"1208",0,0,0,7,9,37.8,452,加藤征弘,美,0,22106455,05203,01059,0524560116,福島祐子,津田牧場,モーニン,レッドマロン,Aragorn,栗毛,220519,   94.5,  ,    ,47.5
24,11,17,5,東京,6,02,未勝利・牝*,7,芝,0,1800,良,ラルガメンテ      ,牝,2,岩田康誠,55.0,17,01,2,2,0,1,4,106.9,"1469",0,0,6,4,4,35,450,尾関知人,美,220,22105982,05203,01103,0524560201,シルクレーシング,レイクヴィラファー,ドゥラメンテ,メジロツボネ,スウェプトオーヴァーボード,鹿毛,220201,    5.3,  ,    ,52.7
24,11,17,5,東京,6,02,未勝利・牝*,7,芝,0,1800,良,ロアゾンパルク    ,牝,2,柴田大知,55.0,17,02,16,16,0,3.7,16,109.6,"1496",0,0,9,11,12,36.5,446,粕谷昌央,美,0,22107345,01009,01096,0524560202,ビッグレッドファー,習志野牧場,フィエールマン,スタッドドフランス,ジャングルポケット,黒鹿,220425,  413.5,  ,    ,50.1
24,11,17,5,東京,6,02,未勝利・牝*,7,芝,0,1800,良,ロートホルン      ,牝,2,三浦皇成,55.0,17,03,1,1,0,-1,10,105.9,"1459",0,0,1,1,1,34.5,466,加藤征弘,美,550,22105977,01122,01059,0524560203,キャロットファーム,レイクヴィラファー,サトノダイヤモンド,マイミスリリー,Tapit,鹿毛,220228,   29.8,  ,    ,53.5
24,11,17,5,東京,6,02,未勝利・牝*,7,芝,0,1800,良,ボンジュールアスク,牝,2,横山和生,55.0,17,04,14,14,0,2,12,107.9,"1479",0,0,6,6,6,35.8,438,斎藤誠,美,0,22104830,01140,01086,0524560204,廣崎利洋HD,ノーザンファーム,ルーラーシップ,シーズアメジャー,ダイワメジャー,鹿毛,220122,  101.5,  ,    ,50.7
24,11,17,5,東京,6,02,未勝利・牝*,7,芝,0,1800,良,クリールスル      ,牝,2,原優介,54.0,17,05,6,6,0,1.3,3,107.2,"1472",0,0,2,4,4,35.3,466,矢野英一,美,0,22103501,01184,01108,0524560205,永見貴昭,岡田スタツド,サトノクラウン,オヒア,ブラックタイド,黒鹿,220216,    4.9,  ,    ,51.8
24,11,17,5,東京,6,02,未勝利・牝*,7,芝,0,1800,良,ダノンリュラ      ,牝,2,田辺裕信,55.0,17,06,4,4,0,1.1,1,107,"1470",0,0,2,2,2,35.4,448,菊沢隆徳,美,83,22105138,01075,01115,0524560206,ダノックス,ノーザンファーム,ドレフォン,リュラ,ステイゴールド,黒鹿,220221,    3.1,  ,    ,51.1
24,11,17,5,東京,6,02,未勝利・牝*,7,芝,0,1800,良,ディアイライザ    ,牝,2,藤懸貴志,55.0,17,07,10,10,0,1.6,14,107.5,"1475",0,0,4,7,7,35.3,422,加藤和宏,美,0,22103524,01138,01077,0524560207,ノルマンディーサラ,岡田スタツド,ノヴェリスト,スピリテッドエアー,"Danehill Dancer",黒鹿,220131,  140.0,  ,    ,52.3
24,11,17,5,東京,6,02,未勝利・牝*,7,芝,0,1800,良,ヒカルプリンセス  ,牝,2,野中悠太,55.0,17,08,17,17,0,6.4,17,112.3,"1523",0,0,14,15,17,38.4,410,佐藤吉勝,美,0,22103872,01158,01035,0524560208,サンコウ牧場,サンコウ牧場,トーセンラー,ビューティーロマン,バゴ,鹿毛,220329,  414.0,  ,    ,46.2
24,11,17,5,東京,6,02,未勝利・牝*,7,芝,0,1800,良,ルパヴィヨン      ,牝,2,大野拓弥,55.0,17,09,11,11,0,1.6,2,107.5,"1475",0,0,4,3,3,35.7,466,小手川準,美,0,22105279,01096,01171,0524560209,吉田照哉,社台ファーム,イスラボニータ,オーレリアズベル,"Lemon Drop Kid",鹿毛,220513,    4.4,  ,    ,50.6
24,11,17,5,東京,6,02,未勝利・牝*,7,芝,0,1800,良,ベアリミッション  ,牝,2,横山武史,55.0,17,10,3,3,0,1.1,5,107,"1470",0,0,12,8,8,34.5,434,杉浦宏昭,美,140,22104589,01170,01008,0524560210,熊木浩,ノーザンファーム,シルバーステート,アイルビーバウンド,タニノギムレット,鹿毛,220224,   14.8,  ,    ,55.1
24,11,17,5,東京,6,02,未勝利・牝*,7,芝,0,1800,良,フィエールガール  ,牝,2,木幡巧也,55.0,17,11,15,15,0,2.1,15,108,"1480",0,0,17,17,16,34.2,454,土田稔,美,0,22100715,01162,00417,0524560211,山口敦広,城地牧場,フィエールマン,フォワードカール,ゼンノロブロイ,黒鹿,220415,  173.0,  ,    ,57.9
24,11,17,5,東京,6,02,未勝利・牝*,7,芝,0,1800,良,レディーフランシス,牝,2,菅原明良,55.0,17,12,8,8,0,1.5,6,107.4,"1474",0,0,14,13,14,34.1,450,和田勇介,美,0,22105225,01179,01165,0524560212,梅澤明,社台ファーム,オルフェーヴル,アンブルサイド,ウォーエンブレム,黒鹿,220308,   16.7,  ,    ,57.5
24,11,17,5,東京,6,02,未勝利・牝*,7,芝,0,1800,良,センジュコスモス  ,牝,2,石橋脩,55.0,17,13,12,12,0,1.6,11,107.5,"1475",0,0,9,11,11,34.6,432,南田美知,美,0,22103083,01077,00437,0524560213,荒井城志,中脇栄,グレーターロンドン,カツナデシコ,カリズマティック,栗毛,220410,   53.7,  ,    ,55.3
24,11,17,5,東京,6,02,未勝利・牝*,7,芝,0,1800,良,ラファエラエンゼル,牝,2,丸田恭介,55.0,17,14,13,13,0,2,13,107.9,"1479",0,0,12,13,12,34.7,412,武市康男,美,0,22104544,01117,01089,0524560214,飯田総一郎,松田牧場,アルアイン,ラファエラ,ジャングルポケット,鹿毛,220303,  135.0,  ,    ,55.5
24,11,17,5,東京,6,02,未勝利・牝*,7,芝,0,1800,良,アドマイヤマイア  ,牝,2,北村宏司,55.0,17,15,9,9,0,1.5,7,107.4,"1474",0,0,16,15,15,33.8,444,宮田敬介,美,0,22104607,01043,01175,0524560215,近藤旬子,ノーザンファーム,エピファネイア,アドマイヤシーマ,ディープインパクト,鹿毛,220202,   27.8,  ,    ,58.9
24,11,17,5,東京,6,02,未勝利・牝*,7,芝,0,1800,良,イルジーリオ      ,牝,2,石川裕紀,55.0,17,16,5,5,0,1.3,8,107.2,"1472",0,0,6,8,8,34.7,430,林徹,美,55,22105133,01150,01163,0524560216,吉田勝己,ノーザンファーム,ブリックスアンドモルタル,リビアーモ,アドマイヤベガ,鹿毛,220324,   28.3,  ,    ,54.5
24,11,17,5,東京,6,02,未勝利・牝*,7,芝,0,1800,良,ラッフルズドリーム,牝,2,マーカン,55.0,17,17,7,7,0,1.4,9,107.3,"1473",0,0,9,10,10,34.6,464,宮田敬介,美,0,22104737,05626,01175,0524560217,サンデーレーシング,ノーザンファーム,エピファネイア,キングスローズ,"Redoute's Choice",青鹿,220214,   29.4,  ,    ,55.1
24,11,17,5,東京,6,03,未勝利*,7,芝,0,1600,良,パワースナッチ    ,牡,2,マーカン,56.0,18,01,1,1,0,-0.1,2,93.5,"1335",0,0,0,4,4,35.3,430,武市康男,美,550,22105807,05626,01089,0524560301,シルクレーシング,社台コーポレーショ,ブリックスアンドモルタル,スナッチマインド,ディープインパクト,鹿毛,220327,    3.7,  ,    ,48.9
24,11,17,5,東京,6,03,未勝利*,7,芝,0,1600,良,デコピン          ,牡,2,大野拓弥,56.0,18,02,10,10,0,1.3,8,94.8,"1348",0,0,0,7,7,36,472,村田一誠,美,0,22100829,01096,01190,0524560302,菅藤孝雄,原口牧場,タワーオブロンドン,セレナータ,ストーミングホーム,栗毛,220418,   36.5,  ,    ,48.0
24,11,17,5,東京,6,03,未勝利*,7,芝,0,1600,良,エバーグリーン    ,牡,2,内田博幸,56.0,18,03,14,14,0,2,16,95.5,"1355",0,0,0,18,18,35,448,青木孝文,美,0,22100709,00422,01156,0524560303,石川秀守,白井吉美,ガルボ,ファストライフ,スーパーホーネット,栗毛,220427,  318.3,  ,    ,53.7
24,11,17,5,東京,6,03,未勝利*,7,芝,0,1600,良,イスキオス        ,牡,2,菅原明良,56.0,18,04,5,5,0,0.7,5,94.2,"1342",0,0,0,8,8,35.2,466,栗田徹,美,55,22105223,01179,01127,0524560304,村野康司,社台ファーム,キタサンブラック,アルベルティーヌ,Leroidesanimaux,鹿毛,220430,   10.1,  ,    ,50.6
24,11,17,5,東京,6,03,未勝利*,7,芝,0,1600,良,アイスフィールド  ,牡,2,嶋田純次,56.0,18,05,12,12,0,1.6,15,95.1,"1351",0,0,0,15,15,34.9,442,西田雄一,美,0,22103330,01134,01187,0524560305,ミルファーム,ミルファーム,ウインブライト,ピカピカ,トーセンホマレボシ,芦毛,220306,  168.0,  ,    ,53.5
24,11,17,5,東京,6,03,未勝利*,7,芝,0,1600,良,タイキブライトン  ,牡,2,岩部純二,56.0,18,06,4,4,0,0.6,13,94.1,"1341",0,0,0,10,9,34.8,462,萱野浩二,美,83,22103144,00726,01024,0524560306,大樹ファーム,ビクトリーホースラ,タワーオブロンドン,クラウンアゲン,マンハッタンカフェ,鹿毛,220410,   70.8,  ,    ,52.2
24,11,17,5,東京,6,03,未勝利*,7,芝,0,1600,良,ディフューズ      ,牝,2,木幡育也,55.0,18,07,6,6,0,1,10,94.5,"1345",0,0,0,12,12,34.7,410,勢司和浩,美,0,22101087,01167,01047,0524560307,ビッグレッドファー,新井昭二牧場,ウインブライト,マイネヴァリエンテ,コンデュイット,芦毛,220326,   63.1,  ,    ,53.4
24,11,17,5,東京,6,03,未勝利*,7,芝,0,1600,良,ダイヤモンドピラー,牡,2,田辺裕信,56.0,18,08,17,17,0,3.2,7,96.7,"1367",0,0,0,5,5,38.3,484,伊藤圭三,美,0,22103209,01075,01023,0524560308,有馬博文,三嶋牧場,サートゥルナーリア,ギンザボナンザ,ゼンノロブロイ,黒鹿,220225,   20.3,  ,    ,41.5
24,11,17,5,東京,6,03,未勝利*,7,芝,0,1600,良,ムタビリス        ,牝,2,丸田恭介,55.0,18,09,11,11,0,1.5,12,95,"1350",0,0,0,10,10,35.5,446,宗像義忠,美,0,22102568,01117,00420,0524560309,ウエスト.フォレス,赤田牧場,リーチザクラウン,ノアビジン,ブラックタイド,黒鹿,220214,   67.8,  ,    ,50.6
24,11,17,5,東京,6,03,未勝利*,7,芝,0,1600,良,マイネルステラート,牡,2,横山武史,56.0,18,10,3,3,0,0.5,1,94,"1340",0,0,0,1,1,36.3,456,高木登,美,140,22106818,01170,01088,0524560310,サラブレッドクラブ,ビッグレッドファー,ミッキーアイル,ルシェルドール,オルフェーヴル,黒鹿,220307,    3.0,  ,    ,45.4
24,11,17,5,東京,6,03,未勝利*,7,芝,0,1600,良,ムーンナイト      ,牡,2,原優介,55.0,18,11,16,16,0,2.9,14,96.4,"1364",0,0,0,2,2,38.5,526,黒岩陽一,美,0,22102164,01184,01133,0524560311,小島章義,門別牧場,スワーヴリチャード,ゴールドスカイ,Kyllachy,鹿毛,220125,   87.8,  ,    ,40.2
24,11,17,5,東京,6,03,未勝利*,7,芝,0,1600,良,セラトーン        ,牡,2,岩田康誠,56.0,18,12,13,13,0,1.6,3,95.1,"1351",0,0,0,15,15,34.9,482,尾関知人,美,0,22106723,05203,01103,0524560312,キャロットファーム,パカパカファーム,"Saxon Warrior",シェイリーン2,"Rip Van Winkle",鹿毛,220110,    5.1,  ,    ,53.5
24,11,17,5,東京,6,03,未勝利*,7,芝,0,1600,良,ホシニネガイヲ    ,牝,2,三浦皇成,55.0,18,13,9,9,0,1.3,9,94.8,"1348",0,0,0,17,15,34.6,426,竹内正洋,美,0,22101386,01122,01152,0524560313,フィールドレーシン,下河辺牧場,ミスターメロディ,アストランティア,キングカメハメハ,黒鹿,220408,   39.1,  ,    ,54.4
24,11,17,5,東京,6,03,未勝利*,7,芝,0,1600,良,マイネルフーガ    ,牡,2,野中悠太,56.0,18,14,2,2,0,0.1,6,93.6,"1336",0,0,0,6,5,35.2,470,鈴木慎太,美,220,22106813,01158,01179,0524560314,サラブレッドクラブ,ビッグレッドファー,ダノンバラード,マイネノンノ,タイキシャトル,鹿毛,220310,   13.8,  ,    ,49.5
24,11,17,5,東京,6,03,未勝利*,7,芝,0,1600,良,カリヨンベル      ,牝,2,柴田大知,55.0,18,15,15,15,0,2.4,18,95.9,"1359",0,0,0,8,10,36.4,434,萱野浩二,美,0,22106778,01009,01024,0524560315,ビッグレッドファー,ビッグレッドファー,ウインブライト,コスモベル,"Formal Dinner",青鹿,220609,  659.6,  ,    ,48.1
24,11,17,5,東京,6,03,未勝利*,7,芝,0,1600,良,ウインアレース    ,牡,2,松岡正海,56.0,18,16,7,7,0,1.3,4,94.8,"1348",0,0,0,14,14,34.8,478,畠山吉宏,美,0,22106210,01085,01048,0524560316,ウイン,コスモヴューファー,ウインブライト,ウインアルテミス,Arch,芦毛,220420,    9.4,  ,    ,53.4
24,11,17,5,東京,6,03,未勝利*,7,芝,0,1600,良,ジャスマン        ,牡,2,角田大和,56.0,18,17,18,18,0,3.4,11,96.9,"1369",0,0,0,2,2,38.9,480,菊沢隆徳,美,0,22103031,01186,01115,0524560317,古賀禎彦,ディアレストクラブ,ゴールドシップ,ディアユリアザミ,ボストンハーバー,鹿毛,220130,   67.6,  ,    ,39.5
24,11,17,5,東京,6,03,未勝利*,7,芝,0,1600,良,グラスビジョン    ,牡,2,木幡巧也,56.0,18,18,8,8,0,1.3,17,94.8,"1348",0,0,0,12,12,35.1,428,佐藤吉勝,美,0,22102229,01162,01035,0524560318,半沢,ヤナガワ牧場,ノーブルミッション,ワンダービリーヴ,ディープインパクト,鹿毛,220318,  334.7,  ,    ,52.1
24,11,17,5,東京,6,04,新馬,15,ダ,1,1600,良,モーニングマジック,牝,2,三浦皇成,55.0,16,01,3,3,0,1.3,5,100.7,"1407",0,0,0,11,11,37.2,520,武藤善則,美,180,22106639,01122,01064,0524560401,ノースヒルズ,ノースヒルズ,マインドユアビスケッツ,シャスターデイジー,アグネスタキオン,栗毛,220403,   12.6,  ,    ,52.4
24,11,17,5,東京,6,04,新馬,15,ダ,1,1600,良,ロイヤルカスタマー,牡,2,水口優也,56.0,16,02,13,13,0,3.5,16,102.9,"1429",0,0,0,13,13,39.3,492,加藤和宏,美,0,22103162,01133,01077,0524560402,三岡陽,ポパイステーブル,バトルプラン,ステラレガーロ,ハーツクライ,黒鹿,220409,  255.8,  ,    ,47.1
24,11,17,5,東京,6,04,新馬,15,ダ,1,1600,良,ルグランシャリオ  ,牡,2,古川吉洋,56.0,16,03,15,15,0,3.9,15,103.3,"1433",0,0,0,7,8,40,530,石栗龍彦,美,0,22102611,01015,01043,0524560403,ライオンレースホー,浦河日成牧場,フサイチセブン,ティーエスベリー,"New Approach",鹿毛,220214,  127.0,  ,    ,44.9
24,11,17,5,東京,6,04,新馬,15,ダ,1,1600,良,ベイビーベリッシモ,牡,2,北村宏司,56.0,16,04,12,12,0,3.1,8,102.5,"1425",0,0,0,16,15,38.5,496,大和田成,美,0,22102728,01043,01124,0524560404,熊澤亮輔,杵臼牧場,ロゴタイプ,カルテブランシェ,ゴールドアリュール,鹿毛,220321,   24.3,  ,    ,49.7
24,11,17,5,東京,6,04,新馬,15,ダ,1,1600,良,ノーブルアイガー  ,牡,2,石橋脩,56.0,16,05,14,14,0,3.8,14,103.2,"1432",0,0,0,3,5,40.2,476,水野貴広,美,0,22106549,01077,01094,0524560405,吉木伸彦,新冠伊藤牧場,ニューイヤーズデイ,ストラスペイ,シンボリクリスエス,黒鹿,220428,  110.1,  ,    ,44.0
24,11,17,5,東京,6,04,新馬,15,ダ,1,1600,良,タナハシ          ,牡,2,嶋田純次,56.0,16,06,8,8,0,2,3,101.4,"1414",0,0,0,6,8,38.1,502,伊坂重信,美,0,22100195,01134,01177,0524560406,田中俊彰,高昭牧場,コパノリッキー,ホッコーヴァール,スタチューオブリバティ,黒鹿,220227,    9.6,  ,    ,49.7
24,11,17,5,東京,6,04,新馬,15,ダ,1,1600,良,アルヴェッター    ,牡,2,内田博幸,56.0,16,07,9,9,0,2.1,13,101.5,"1415",0,0,0,10,11,38,462,辻哲英,美,0,22106139,00422,01182,0524560407,京都ホースレーシン,柏木一則,フォーウィールドライブ,アローシルバー,スペシャルウィーク,黒鹿,220509,   69.5,  ,    ,50.3
24,11,17,5,東京,6,04,新馬,15,ダ,1,1600,良,ルグランヴァン    ,牡,2,菅原明良,56.0,16,08,2,2,0,0.3,2,99.7,"1397",0,0,0,11,8,36.3,488,高木登,美,290,22105775,01179,01088,0524560408,G1レーシング,社台コーポレーショ,ルヴァンスレーヴ,カラフルデイズ,フジキセキ,栗毛,220210,    3.7,  ,    ,54.8
24,11,17,5,東京,6,04,新馬,15,ダ,1,1600,良,トーアジョウトウ  ,牡,2,江田照男,56.0,16,09,6,6,0,1.6,10,101,"1410",0,0,0,7,5,38,492,村田一誠,美,0,22105905,00689,01190,0524560409,高山ランド,トーア牧場,モズアスコット,トーアポリネシア,キンシャサノキセキ,鹿毛,220331,   55.2,  ,    ,49.5
24,11,17,5,東京,6,04,新馬,15,ダ,1,1600,良,プルプレア        ,牝,2,大野拓弥,55.0,16,10,7,7,0,1.8,6,101.2,"1412",0,0,0,14,13,37.6,468,中川公成,美,0,22102284,01096,01081,0524560410,ウエスト.フォレス,赤石牧場,ゴールドドリーム,ウィズペイシェンス,ネオユニヴァース,青鹿,220403,   15.0,  ,    ,51.5
24,11,17,5,東京,6,04,新馬,15,ダ,1,1600,良,ショーモッシュ    ,牡,2,野中悠太,56.0,16,11,4,4,0,1.4,9,100.8,"1408",0,0,0,1,1,38.3,512,鈴木伸尋,美,110,22103846,01158,01026,0524560411,吉冨学,桜井牧場,サートゥルナーリア,ナスケンアイリス,フレンチデピュティ,栗毛,220403,   26.4,  ,    ,47.9
24,11,17,5,東京,6,04,新馬,15,ダ,1,1600,良,ノーブルオーク    ,牡,2,横山武史,56.0,16,12,16,16,0,4.9,7,104.3,"1443",0,0,0,14,16,40,506,鈴木伸尋,美,0,22101552,01170,01026,0524560412,吉木伸彦,スウィングフィール,リアルインパクト,モンテミウ,ボストンハーバー,鹿毛,220328,   21.8,  ,    ,46.5
24,11,17,5,東京,6,04,新馬,15,ダ,1,1600,良,レイクストライプス,牡,2,マーカン,56.0,16,13,1,1,0,-0.3,4,99.4,"1394",0,0,0,3,3,36.6,484,大竹正博,美,720,22105957,05626,01102,0524560413,シルクレーシング,レイクヴィラファー,"American Pharoah",インファルターメ,"Equal Stripes",鹿毛,220420,   10.8,  ,    ,53.0
24,11,17,5,東京,6,04,新馬,15,ダ,1,1600,良,ジーティーラピッド,牡,2,丸田恭介,56.0,16,14,10,10,0,2.6,12,102,"1420",0,0,0,2,2,39.4,464,奥平雅士,美,0,22105508,01117,01074,0524560414,田畑利彦,社台ファーム,ロゴタイプ,ベラフォレスタ,ゼンノロブロイ,青鹿,220319,   64.9,  ,    ,45.3
24,11,17,5,東京,6,04,新馬,15,ダ,1,1600,良,カフェヘニーハイ  ,牡,2,田辺裕信,56.0,16,15,11,11,0,3,1,102.4,"1424",0,0,0,7,5,39.3,506,中舘英二,美,0,22100096,01075,01153,0524560415,西川恭子,笠松牧場,ヘニーヒューズ,ハイリマイリ,アドマイヤムーン,栗毛,220316,    2.2,  ,    ,46.3
24,11,17,5,東京,6,04,新馬,15,ダ,1,1600,良,ユナクイーン      ,牝,2,木幡育也,55.0,16,16,5,5,0,1.6,11,101,"1410",0,0,0,3,3,38.2,494,松永康利,美,72,22103467,01167,01093,0524560416,菊地温以,ウエスタンファーム,ニューイヤーズデイ,マイティーハニー,ハーツクライ,黒鹿,220425,   61.7,  ,    ,48.6
24,11,17,5,東京,6,05,新馬,15,芝,0,2000,良,コズミックダンサー,牡,2,菅原明良,56.0,9,01,7,7,0,2.2,2,125.8,"2058",0,0,7,7,8,35.2,478,藤原英昭,栗,0,22104740,01179,01055,0524560501,シルクレーシング,ノーザンファーム,アドマイヤマーズ,ギエム,"Medaglia d'Oro",鹿毛,220329,    4.4,  ,    ,60.3
24,11,17,5,東京,6,05,新馬,15,芝,0,2000,良,ダノンピクチャー  ,牡,2,マーカン,56.0,9,02,2,2,0,0.1,1,123.7,"2037",0,0,7,7,5,33.4,474,田中博康,美,290,22104980,05626,01162,0524560502,ダノックス,ノーザンファーム,ドゥラメンテ,ファイナルスコア,"Dylan Thomas",栗毛,220204,    1.8,  ,    ,65.9
24,11,17,5,東京,6,05,新馬,15,芝,0,2000,良,アステルリヴェール,牡,2,横山和生,56.0,9,03,6,6,0,1.5,4,125.1,"2051",0,0,1,1,2,35.1,428,嘉藤貴行,美,0,22105579,01140,01195,0524560503,小島正宏,社台ファーム,ロードカナロア,レッドリヴェール,ステイゴールド,鹿毛,220221,   10.7,  ,    ,59.9
24,11,17,5,東京,6,05,新馬,15,芝,0,2000,良,シェーンシュティア,牝,2,三浦皇成,55.0,9,04,3,3,0,0.7,5,124.3,"2043",0,0,2,2,1,34.3,456,林徹,美,180,22104716,01122,01163,0524560504,ライオンレースホー,ノーザンファーム,ブリックスアンドモルタル,カイゼリン,アドマイヤベガ,黒鹿,220503,   10.7,  ,    ,62.5
24,11,17,5,東京,6,05,新馬,15,芝,0,2000,良,ミンスパイ        ,牝,2,水口優也,55.0,9,05,8,8,0,2.6,7,126.2,"2062",0,0,4,3,5,35.8,472,浜田多実,栗,0,22104518,01133,01138,0524560505,高橋ファーム,前田牧場,ノーブルミッション,ユキノヴィーナス,グラスワンダー,鹿毛,220401,   36.8,  ,    ,58.2
24,11,17,5,東京,6,05,新馬,15,芝,0,2000,良,ジュンアベリアシノ,牡,2,伊藤工真,56.0,9,06,9,9,0,2.7,9,126.3,"2063",0,0,9,9,9,35.4,460,伊坂重信,美,0,22104406,01119,01177,0524560506,河合裕明,フジワラフアーム,ノーブルミッション,ピエナアマゾン,アグネスタキオン,鹿毛,220430,  130.2,  ,    ,60.0
24,11,17,5,東京,6,05,新馬,15,芝,0,2000,良,ローレン          ,牝,2,柴田大知,55.0,9,07,4,4,0,0.9,6,124.5,"2045",0,0,3,3,2,34.5,458,上原博之,美,110,22102934,01009,00423,0524560507,中辻明,大道牧場,エピファネイア,セレブレイションキャット,"Storm Cat",黒鹿,220315,   31.7,  ,    ,61.8
24,11,17,5,東京,6,05,新馬,15,芝,0,2000,良,アクデニズ        ,牡,2,大野拓弥,56.0,9,08,5,5,0,1.4,8,125,"2050",0,0,4,5,5,34.7,488,小笠倫弘,美,72,22103851,01096,01076,0524560508,根岸朋弘,佐竹学,ミッキースワロー,アレクサンドレッタ,ダイワメジャー,鹿毛,220322,   67.4,  ,    ,61.5
24,11,17,5,東京,6,05,新馬,15,芝,0,2000,良,サトノパトリオット,牡,2,北村宏司,56.0,9,09,1,1,0,-0.1,3,123.6,"2036",0,0,6,5,2,33.5,486,木村哲也,美,720,22104907,01043,01126,0524560509,里見治,ノーザンファーム,レイデオロ,ティファニーズオナー,"Street Cry",黒鹿,220129,    4.6,  ,    ,65.3
24,11,17,5,東京,6,06,１勝ｸﾗｽ,23,ダ,1,2100,良,ブルーワール      ,牡,3,石川裕紀,56.0,16,01,13,13,0,2.8,5,133.7,"2137",0,11,12,12,12,38.7,502,高柳大輔,栗,0,21110097,01150,01159,0524560601,栗山学,"The New Hill Farm",Arrogate,Ignite,"Jump Start",青毛,210306,    8.2,  ,    ,48.2
24,11,17,5,東京,6,06,１勝ｸﾗｽ,23,ダ,1,2100,良,ヴァンナチュール  ,牡,4,伊藤工真,58.0,16,02,14,14,0,2.8,16,133.7,"2137",0,10,10,12,12,38.8,464,林徹,美,0,20105137,01119,01163,0524560602,徳永雅樹,上井農場,ヴァンセンヌ,ジョイオブライフ,ゼンノロブロイ,鹿毛,200417,  138.6,  ,    ,47.8
24,11,17,5,東京,6,06,１勝ｸﾗｽ,23,ダ,1,2100,良,セザンワールド    ,牡,4,丸田恭介,58.0,16,03,11,11,0,2.3,13,133.2,"2132",0,9,8,7,7,39,512,蛯名利弘,美,0,20106051,01117,01131,0524560603,瀬山孝一,山岡牧場,トゥザワールド,ディアテイスティー,ジャングルポケット,黒鹿,200321,   72.4,  ,    ,46.6
24,11,17,5,東京,6,06,１勝ｸﾗｽ,23,ダ,1,2100,良,トゥザヒロイン    ,牝,5,大野拓弥,56.0,16,04,15,15,0,3,14,133.9,"2139",0,7,8,10,10,39.3,536,辻哲英,美,0,19105314,01096,01182,0524560604,DMMドリームクラブ,ノーザンファーム,ジャスタウェイ,トゥザハピネス,シンボリクリスエス,栗毛,190215,   92.5,  ,    ,46.3
24,11,17,5,東京,6,06,１勝ｸﾗｽ,23,ダ,1,2100,良,ラファールドール  ,セ,3,木幡巧也,56.0,16,05,8,8,0,2.2,4,133.1,"2131",0,2,2,2,3,39.5,500,田島俊明,美,0,21104889,01162,01112,0524560605,社台レースホース,社台コーポレーショ,ニューイヤーズデイ,ティックルゴールド,ステイゴールド,鹿毛,210224,    7.6,  ,    ,44.8
24,11,17,5,東京,6,06,１勝ｸﾗｽ,23,ダ,1,2100,良,クロックフォード  ,セ,4,原優介,57.0,16,06,3,3,0,0.5,3,131.4,"2114",0,15,15,15,14,36.1,482,田島俊明,美,200,20102805,01184,01112,0524560606,社台レースホース,社台ファーム,ロードカナロア,オメガインベガス,スペシャルウィーク,黒鹿,200317,    7.1,  ,    ,55.6
24,11,17,5,東京,6,06,１勝ｸﾗｽ,23,ダ,1,2100,良,サクセスパルス    ,牡,4,菅原明良,58.0,16,07,9,9,0,2.2,7,133.1,"2131",0,16,16,16,16,37.1,464,高柳瑞樹,美,0,20101126,01179,01118,0524560607,柴田実千代,坂東牧場,エピファネイア,サクセスフィリア,ディープインパクト,黒鹿,200426,   19.2,  ,    ,53.5
24,11,17,5,東京,6,06,１勝ｸﾗｽ,23,ダ,1,2100,良,ディズレーリ      ,セ,4,内田博幸,58.0,16,08,4,4,0,0.9,8,131.8,"2118",0,4,4,3,2,38.3,516,池上昌和,美,120,20103119,00422,01150,0524560608,社台レースホース,社台ファーム,エピファネイア,レディシビル,Siyouni,鹿毛,200518,   23.5,  ,    ,47.7
24,11,17,5,東京,6,06,１勝ｸﾗｽ,23,ダ,1,2100,良,プレジール        ,牡,3,横山和生,56.0,16,09,7,7,0,2,9,132.9,"2129",0,4,5,5,5,39,474,嘉藤貴行,美,0,21106209,01140,01195,0524560609,コスモヴューファー,コスモヴューファー,ロージズインメイ,オメガラヴィータ,ジャングルポケット,鹿毛,210303,   28.6,  ,    ,46.3
24,11,17,5,東京,6,06,１勝ｸﾗｽ,23,ダ,1,2100,良,セイウンガレオン  ,セ,5,藤懸貴志,58.0,16,10,5,5,0,1.2,12,132.1,"2121",0,14,12,10,10,37.4,540,奥平雅士,美,80,19103158,01138,01074,0524560610,秦千織,中田英樹,ドゥラメンテ,フィールグリュック,ストラヴィンスキー,黒鹿,190508,   45.2,  ,    ,51.3
24,11,17,5,東京,6,06,１勝ｸﾗｽ,23,ダ,1,2100,良,リーゼントジャンボ,牡,6,松岡正海,58.0,16,11,16,16,0,5,15,135.9,"2159",0,11,12,12,15,40.2,544,小手川準,美,0,18104268,01085,01171,0524560611,三浦大輔,服部牧場,ゴールドシップ,レディインディ,"A.P. Indy",芦毛,180310,  112.4,  ,    ,45.2
24,11,17,5,東京,6,06,１勝ｸﾗｽ,23,ダ,1,2100,良,マウンテンエース  ,牡,4,石橋脩,58.0,16,12,1,1,0,-0.2,6,130.9,"2109",0,11,10,9,9,36.5,510,和田雄二,美,800,20104452,01077,01143,0524560612,西村新一郎,田原橋本牧場,ワールドエース,ヤマガール,ストーミングホーム,栗毛,200513,    8.4,  ,    ,53.5
24,11,17,5,東京,6,06,１勝ｸﾗｽ,23,ダ,1,2100,良,バナマンテソーロ  ,牡,3,横山武史,56.0,16,13,2,2,0,0.2,1,131.1,"2111",0,1,1,1,1,37.9,498,加藤士津,美,320,21102281,01170,01169,0524560613,了徳寺健二ホールデ,リョーケンファーム,ハーツクライ,パールプリンセス,"Astronomer Royal",黒鹿,210416,    3.9,  ,    ,48.4
24,11,17,5,東京,6,06,１勝ｸﾗｽ,23,ダ,1,2100,良,サンセットビュー  ,牝,3,三浦皇成,54.0,16,14,6,6,0,1.7,2,132.6,"2126",0,6,7,7,7,38.5,460,新谷功一,栗,0,21104103,01122,01172,0524560614,飯田貴大,千代田牧場,ドゥラメンテ,ゴーイントゥザウィンドウ,Tapit,鹿毛,210223,    4.1,  ,    ,47.8
24,11,17,5,東京,6,06,１勝ｸﾗｽ,23,ダ,1,2100,良,ジーククローネ    ,セ,4,マーカン,58.0,16,15,12,12,0,2.5,10,133.4,"2134",0,7,6,5,5,39.5,446,宮田敬介,美,0,20103537,05626,01175,0524560615,DMMドリームクラブ,ノーザンファーム,サトノクラウン,パーフェクトマッチ,サンデーサイレンス,黒鹿,200215,   36.2,  ,    ,45.1
24,11,17,5,東京,6,06,１勝ｸﾗｽ,23,ダ,1,2100,良,イデアユウシン    ,牡,4,北村宏司,58.0,16,16,10,10,0,2.3,11,133.2,"2132",0,3,3,3,3,39.5,550,松永康利,美,0,20106549,01043,01093,0524560616,益田修一,谷川牧場,ドレフォン,コウヨウマリア,ダンスインザダーク,黒鹿,200220,   44.2,  ,    ,44.9
24,11,17,5,東京,6,07,１勝ｸﾗｽ,23,ダ,1,1300,良,ジャーニーメモリー,牡,4,木幡巧也,58.0,16,01,15,15,0,1.9,15,80.8,"1208",0,0,0,7,7,37.7,472,粕谷昌央,美,0,20104437,01162,01096,0524560701,海谷幸司,谷岡牧場,ヴィクトワールピサ,プリンセスメモリー,スウェプトオーヴァーボード,黒鹿,200327,  183.6,  ,    ,48.0
24,11,17,5,東京,6,07,１勝ｸﾗｽ,23,ダ,1,1300,良,オーサムデアラー  ,牡,4,大野拓弥,58.0,16,02,2,2,0,0.1,11,79,"1190",0,0,0,14,13,35.3,502,上原博之,美,320,20102952,01096,00423,0524560702,吉田照哉,社台ファーム,マインドユアビスケッツ,デアリングハート,サンデーサイレンス,栗毛,200130,   29.1,  ,    ,56.1
24,11,17,5,東京,6,07,１勝ｸﾗｽ,23,ダ,1,1300,良,エコロヴァルム    ,牡,3,田辺裕信,57.0,16,03,4,4,0,0.6,2,79.5,"1195",0,0,0,10,10,36.1,440,小西一男,美,120,21103529,01075,00405,0524560703,原村正紀,岡田スタツド,ロージズインメイ,ファミリーズオナー,デュランダル,栗毛,210220,    5.4,  ,    ,53.0
24,11,17,5,東京,6,07,１勝ｸﾗｽ,23,ダ,1,1300,良,クィーンズハット  ,牝,3,岩田康誠,55.0,16,04,13,13,0,1.7,13,80.6,"1206",0,0,0,15,15,36.4,480,石毛善彦,美,0,21101223,05203,00428,0524560704,木村牧場,木村牧場,モーリス,アズマクィーン,アドマイヤムーン,鹿毛,210204,   52.1,  ,    ,54.1
24,11,17,5,東京,6,07,１勝ｸﾗｽ,23,ダ,1,1300,良,トロピカルヒーロー,牡,4,野中悠太,58.0,16,05,0,0,4,999.9,5,0,"----",0,0,0,0,0,0,530,根本康広,美,0,20104960,01158,01029,0524560705,田頭勇貴,奥山牧場,ビッグアーサー,トロピカルガーデン,ハイアーゲーム,鹿毛,200403,   11.4,  ,    , 0.0
24,11,17,5,東京,6,07,１勝ｸﾗｽ,23,ダ,1,1300,良,ペイシャニット    ,牝,3,江田照男,55.0,16,06,10,10,0,1.3,6,80.2,"1202",0,0,0,7,8,37,470,伊藤伸一,美,0,21106326,00689,01031,0524560706,北所直人,隆栄牧場,カレンブラックヒル,ヴェニット,エンパイアメーカー,鹿毛,210402,   12.8,  ,    ,50.1
24,11,17,5,東京,6,07,１勝ｸﾗｽ,23,ダ,1,1300,良,チャコール        ,牝,3,原優介,54.0,16,07,8,8,0,1.1,9,80,"1200",0,0,0,4,4,37.2,518,矢野英一,美,0,21103257,01184,01108,0524560707,落合幸弘,三嶋牧場,シルバーステート,マリエット,"Uncle Mo",黒鹿,210329,   15.9,  ,    ,48.6
24,11,17,5,東京,6,07,１勝ｸﾗｽ,23,ダ,1,1300,良,ソニックロプロス  ,牡,3,石橋脩,57.0,16,08,6,6,0,0.9,7,79.8,"1198",0,0,0,10,12,36.3,506,加藤士津,美,0,21104038,01077,01169,0524560708,兼松康太,田中裕之,コパノリッキー,グレースグランド,アドマイヤムーン,鹿毛,210327,   13.1,  ,    ,52.7
24,11,17,5,東京,6,07,１勝ｸﾗｽ,23,ダ,1,1300,良,オーロラアーク    ,牝,5,松岡正海,56.0,16,09,12,12,0,1.6,3,80.5,"1205",0,0,0,7,8,37.2,460,石栗龍彦,美,0,19102186,01085,01043,0524560709,松谷紫,豊洋牧場,クリエイター2,ユニバーサルビーチ,ネオユニヴァース,芦毛,190408,    6.9,  ,    ,49.8
24,11,17,5,東京,6,07,１勝ｸﾗｽ,23,ダ,1,1300,良,トルーマンテソーロ,牡,5,柴田大知,58.0,16,10,3,3,0,0.3,4,79.2,"1192",0,0,0,4,4,36.3,528,小手川準,美,200,19102082,01009,01171,0524560710,了徳寺健二ホールデ,日高大洋牧場,トーセンジョーダン,マキアージュシチー,ダイワメジャー,栗毛,190425,    8.1,  ,    ,51.3
24,11,17,5,東京,6,07,１勝ｸﾗｽ,23,ダ,1,1300,良,ケイトポムドゥパン,牝,4,宮崎北斗,56.0,16,11,9,9,0,1.1,14,80,"1200",0,0,0,1,1,37.4,488,中川公成,美,0,20105128,01118,01081,0524560711,ウエスト.フォレス,カミイスタット,スクリーンヒーロー,ヒシシャトル,ボストンハーバー,黒鹿,200415,  111.6,  ,    ,47.6
24,11,17,5,東京,6,07,１勝ｸﾗｽ,23,ダ,1,1300,良,スナイチゴールド  ,牡,4,角田大和,58.0,16,12,11,11,0,1.6,12,80.5,"1205",0,0,0,10,10,37.1,540,加藤和宏,美,0,20106457,01186,01077,0524560712,ゴールドレーシング,酒井牧場,デクラレーションオブウォー,ココロノアイ,ステイゴールド,鹿毛,200331,   36.8,  ,    ,50.3
24,11,17,5,東京,6,07,１勝ｸﾗｽ,23,ダ,1,1300,良,フラーハ          ,牝,3,菅原明良,55.0,16,13,1,1,0,-0.1,1,78.9,"1189",0,0,0,2,2,36.2,484,嘉藤貴行,美,800,21106734,01179,01195,0524560713,フクキタル,パカパカファーム,ドレフォン,ナンシーフロムナイロビ,"Sixties Icon",栗毛,210413,    3.4,  ,    ,51.1
24,11,17,5,東京,6,07,１勝ｸﾗｽ,23,ダ,1,1300,良,バスケットカウント,牝,4,古川吉洋,56.0,16,14,14,14,0,1.8,16,80.7,"1207",0,0,0,13,14,36.7,470,的場均,美,0,20101400,01015,01063,0524560714,長谷川守正,木村牧場,エスポワールシチー,サウスサプライズ,サウスヴィグラス,栗毛,200404,  231.4,  ,    ,52.8
24,11,17,5,東京,6,07,１勝ｸﾗｽ,23,ダ,1,1300,良,アンタノバラード  ,牝,4,内田博幸,56.0,16,15,5,5,0,0.8,8,79.7,"1197",0,0,0,3,2,37,442,伊藤大士,美,80,20106963,00422,01109,0524560715,ミルファーム,ミルファーム,ダノンバラード,ヴァップ,ストーミングホーム,鹿毛,200323,   14.3,  ,    ,48.9
24,11,17,5,東京,6,07,１勝ｸﾗｽ,23,ダ,1,1300,良,ロマンスライト    ,牝,3,丸田恭介,55.0,16,16,7,7,0,1,10,79.9,"1199",0,0,0,6,4,37,448,宗像義忠,美,0,21102449,01117,00420,0524560716,高橋文男,びらとり牧場,キンシャサノキセキ,ロマンチックキス,ルーラーシップ,鹿毛,210409,   24.6,  ,    ,49.4
24,11,17,5,東京,6,08,赤松賞･1勝*,23,芝,0,1600,良,フタイテンホイール,牝,2,松岡正海,55.0,7,01,7,7,0,2.4,7,96.3,"1363",0,0,0,2,4,36,422,佐藤吉勝,美,0,22100286,01085,01035,0524560801,松谷翔太,大北牧場,モンテロッソ,フェリスホイール,ダンスインザダーク,鹿毛,220407,  136.6,  ,    ,50.5
24,11,17,5,東京,6,08,赤松賞･1勝*,23,芝,0,1600,良,ラヴァブル        ,牝,2,マーカン,55.0,7,02,4,4,0,0.7,4,94.6,"1346",0,0,0,5,4,34.3,492,松下武士,栗,160,22104687,05626,01149,0524560802,サンデーレーシング,ノーザンファーム,ジャスタウェイ,エピックラヴ,Dansili,栗毛,220407,    7.7,  ,    ,55.5
24,11,17,5,東京,6,08,赤松賞･1勝*,23,芝,0,1600,良,レイユール        ,牝,2,嶋田純次,55.0,7,03,2,2,0,0.1,2,94,"1340",0,0,0,7,6,33.4,416,手塚貴久,美,430,22101464,01134,01038,0524560803,榊原源一郎,下河辺牧場,キズナ,レイカーラ,キングカメハメハ,黒鹿,220424,    2.8,  ,    ,58.9
24,11,17,5,東京,6,08,赤松賞･1勝*,23,芝,0,1600,良,ロンドボス        ,牝,2,横山武史,55.0,7,04,3,3,0,0.3,1,94.2,"1342",0,0,0,2,2,34.2,448,藤原英昭,栗,270,22104988,01170,01055,0524560804,キャロットファーム,ノーザンファーム,モーリス,フィニフティ,ディープインパクト,鹿毛,220130,    2.4,  ,    ,55.3
24,11,17,5,東京,6,08,赤松賞･1勝*,23,芝,0,1600,良,マピュース        ,牝,2,田辺裕信,55.0,7,05,1,1,0,-0.1,3,93.9,"1339",0,0,0,4,3,33.8,494,和田勇介,美,1070,22105467,01075,01165,0524560805,吉本雄二,社台ファーム,マインドユアビスケッツ,フィルムフランセ,シンボリクリスエス,栗毛,220326,    5.2,  ,    ,56.7
24,11,17,5,東京,6,08,赤松賞･1勝*,23,芝,0,1600,良,キタノクニカラ    ,牝,2,丸田恭介,55.0,7,06,6,6,0,1.2,6,95.1,"1351",0,0,0,6,6,34.6,388,小島茂之,美,0,22103316,01117,01068,0524560806,ミルファーム,ミルファーム,ダノンバラード,キタノリツメイ,アイルハヴアナザー,鹿毛,220413,   22.0,  ,    ,54.9
24,11,17,5,東京,6,08,赤松賞･1勝*,23,芝,0,1600,良,ミラーダカリエンテ,牝,2,石川裕紀,55.0,7,07,5,5,0,0.7,5,94.6,"1346",0,0,0,1,1,34.7,474,相沢郁,美,107,22106803,01150,01020,0524560807,サラブレッドクラブ,ビッグレッドファー,スクリーンヒーロー,マイネアルデュール,アドマイヤコジーン,黒鹿,220313,    9.4,  ,    ,53.6
24,11,17,5,東京,6,09,２勝ｸﾗｽ,43,ダ,1,1600,良,ルーパステソーロ  ,牡,6,木幡巧也,58.0,16,01,9,9,0,1.3,15,97.3,"1373",0,0,0,14,14,37.4,556,千葉直人,美,0,18100995,01162,01199,0524560901,了徳寺健二ホールデ,藤本ファーム,ゴールドシップ,ハピネスフォーユー,"A.P. Indy",芦毛,180223,  204.2,  ,    ,46.1
24,11,17,5,東京,6,09,２勝ｸﾗｽ,43,ダ,1,1600,良,ウェットシーズン  ,セ,3,三浦皇成,57.0,16,02,2,2,0,0.1,4,96.1,"1361",0,0,0,7,7,37,522,田中博康,美,460,21110112,01122,01162,0524560902,ゴドルフィン,Godolphin,Mendelssohn,"Season Maker","Pioneerof the Nile",黒鹿,210225,   10.5,  ,    ,45.8
24,11,17,5,東京,6,09,２勝ｸﾗｽ,43,ダ,1,1600,良,フィフティシェビー,牡,5,原優介,57.0,16,03,8,8,0,1.2,16,97.2,"1372",0,0,0,16,16,36.2,522,黒岩陽一,美,0,19110074,01184,01133,0524560903,長谷川祐司,"Three Chimneys Far",Tapit,Stopchargingmaria,"Tale of the Cat",鹿毛,190227,  226.5,  ,    ,51.1
24,11,17,5,東京,6,09,２勝ｸﾗｽ,43,ダ,1,1600,良,セイウンマカロン  ,牝,3,大野拓弥,55.0,16,04,11,11,0,2.1,8,98.1,"1381",0,0,0,8,9,38.7,442,千葉直人,美,0,21107080,01096,01199,0524560904,西山茂行,メイタイファーム,ホッコータルマエ,ニシノオマージュ,ストリートセンス,鹿毛,210228,   32.9,  ,    ,42.1
24,11,17,5,東京,6,09,２勝ｸﾗｽ,43,ダ,1,1600,良,フライヤートゥルー,牡,4,石川裕紀,58.0,16,05,10,10,0,1.7,9,97.7,"1377",0,0,0,12,12,38.1,484,橋口慎介,栗,0,20100297,01150,01154,0524560905,中村忠彦,土居牧場,リアルスティール,アンジュエ,アグネスタキオン,鹿毛,200320,   51.0,  ,    ,43.9
24,11,17,5,東京,6,09,２勝ｸﾗｽ,43,ダ,1,1600,良,ネイビースター    ,牡,4,菅原明良,58.0,16,06,14,14,0,2.6,5,98.6,"1386",0,0,0,4,4,39.8,540,林徹,美,0,20103795,01179,01163,0524560906,保坂和孝,レイクヴィラファー,ドゥラメンテ,メジロマリアン,メジロベイリー,青鹿,200324,   19.4,  ,    ,38.6
24,11,17,5,東京,6,09,２勝ｸﾗｽ,43,ダ,1,1600,良,ラフエイジアン    ,セ,4,岩田康誠,58.0,16,07,1,1,0,-0.1,6,96,"1360",0,0,0,8,7,36.8,466,中舘英二,美,1140,20104738,05203,01153,0524560907,尾崎恒男,フジワラフアーム,アジアエクスプレス,アラピンタ,Medicean,鹿毛,200406,   23.5,  ,    ,46.5
24,11,17,5,東京,6,09,２勝ｸﾗｽ,43,ダ,1,1600,良,レオカクテル      ,牡,6,丸田恭介,58.0,16,08,5,5,0,0.5,13,96.5,"1365",0,0,0,13,12,36.9,508,萱野浩二,美,114,18106144,01117,01024,0524560908,レオ,江谷牧場,タイムパラドックス,レオフォーレンス,フジキセキ,栗毛,180525,  148.6,  ,    ,46.9
24,11,17,5,東京,6,09,２勝ｸﾗｽ,43,ダ,1,1600,良,ブーバー          ,牝,4,江田照男,56.0,16,09,16,16,0,4.3,10,100.3,"1403",0,0,0,1,2,41.7,434,新開幸一,美,0,20102840,00689,01116,0524560909,"Deep Creek",社台ファーム,ロゴタイプ,クードロア,ハードスパン,栗毛,200406,   92.9,  ,    ,34.3
24,11,17,5,東京,6,09,２勝ｸﾗｽ,43,ダ,1,1600,良,アピーリングルック,牝,3,北村宏司,55.0,16,10,3,3,0,0.3,1,96.3,"1363",0,0,0,5,4,37.4,472,辻哲英,美,290,21104914,01043,01182,0524560910,社台レースホース,社台コーポレーショ,パイロ,ブライトリビング,ワイルドラッシュ,黒鹿,210303,    1.5,  ,    ,44.5
24,11,17,5,東京,6,09,２勝ｸﾗｽ,43,ダ,1,1600,良,キュピドン        ,牡,4,横山和生,58.0,16,11,7,7,0,1.1,12,97.1,"1371",0,0,0,15,15,36.9,516,森秀行,栗,0,20110065,01140,00427,0524560911,前田幸貴,"Camas Park Stud &","American Pharoah","Chocolate Pop",Cuvee,芦毛,200410,  112.0,  ,    ,47.9
24,11,17,5,東京,6,09,２勝ｸﾗｽ,43,ダ,1,1600,良,コスモコラッジョ  ,牡,6,松岡正海,58.0,16,12,13,13,0,2.5,14,98.5,"1385",0,0,0,10,9,39,488,嘉藤貴行,美,0,18106035,01085,01195,0524560912,ビッグレッドファー,金石牧場,シンボリクリスエス,マイネフェリックス,アグネスデジタル,鹿毛,180220,  162.2,  ,    ,41.5
24,11,17,5,東京,6,09,２勝ｸﾗｽ,43,ダ,1,1600,良,レオスパーク      ,牡,3,石橋脩,57.0,16,13,12,12,0,2.3,7,98.3,"1383",0,0,0,2,1,39.7,504,牧光二,美,0,21102658,01077,01106,0524560913,レオ,金石牧場,カレンブラックヒル,ミヤビキャッスル,マンハッタンカフェ,青鹿,210223,   23.7,  ,    ,38.6
24,11,17,5,東京,6,09,２勝ｸﾗｽ,43,ダ,1,1600,良,ルージュスタニング,牝,3,マーカン,55.0,16,14,4,4,0,0.5,2,96.5,"1365",0,0,0,5,4,37.6,506,友道康夫,栗,170,21105775,05626,01061,0524560914,東京ホースレーシン,ノーザンファーム,"Into Mischief",ボインビューティー,"Giant's Causeway",鹿毛,210227,    6.3,  ,    ,44.0
24,11,17,5,東京,6,09,２勝ｸﾗｽ,43,ダ,1,1600,良,コブラ            ,牡,5,横山武史,58.0,16,15,6,6,0,0.8,3,96.8,"1368",0,0,0,10,9,37.3,492,菊沢隆徳,美,0,19102654,01170,01115,0524560915,庄司修二,大北牧場,ダノンレジェンド,インマイラヴ,ダンスインザダーク,黒鹿,190506,    8.0,  ,    ,45.7
24,11,17,5,東京,6,09,２勝ｸﾗｽ,43,ダ,1,1600,良,オセアバトルプラン,牡,4,田辺裕信,58.0,16,16,15,15,0,3.7,11,99.7,"1397",0,0,0,2,2,41,490,菊川正達,美,0,20100060,01075,01052,0524560916,XIAOジャパン,沖田博志,バトルプラン,プレミアステイタス,タニノギムレット,鹿毛,200427,   98.2,  ,    ,35.9
24,11,17,5,東京,6,10,秋色ＳＨ･3勝,67,芝,0,1600,良,トラマンダーレ    ,牡,4,マーカン,57.0,13,01,3,3,0,0.5,1,92.7,"1327",0,0,0,10,8,33.2,508,鹿戸雄一,美,460,20103486,05626,01097,0524561001,シルクレーシング,ノーザンファーム,ドゥラメンテ,テルアケリー,Tapit,鹿毛,200504,    2.0,  ,    ,57.5
24,11,17,5,東京,6,10,秋色ＳＨ･3勝,67,芝,0,1600,良,ディープリッチ    ,牡,6,田辺裕信,55.0,13,02,7,7,0,1,8,93.2,"1332",0,0,0,7,5,34.1,534,小島茂之,美,0,18105157,01075,01068,0524561002,宇田豊,ノーザンファーム,ディープブリランテ,デビルズコーナー,Songandaprayer,黒鹿,180219,   28.1,  ,    ,54.0
24,11,17,5,東京,6,10,秋色ＳＨ･3勝,67,芝,0,1600,良,グラニット        ,牡,4,大野拓弥,55.0,13,03,2,2,0,0.3,4,92.5,"1325",0,0,0,3,3,34.1,474,大和田成,美,740,20100810,01096,01124,0524561003,ミルファーム,猿橋義昭,ダノンバラード,インティワタナ,フサイチコンコルド,鹿毛,200222,    8.9,  ,    ,52.8
24,11,17,5,東京,6,10,秋色ＳＨ･3勝,67,芝,0,1600,良,プッシュオン      ,牡,4,菅原明良,56.0,13,04,6,6,0,0.9,2,93.1,"1331",0,0,0,10,11,33.4,456,西村真幸,栗,0,20104013,01179,01148,0524561004,ライオンレースホー,岡田牧場,キズナ,ラルナデミエル,Monsun,青鹿,200420,    4.8,  ,    ,57.2
24,11,17,5,東京,6,10,秋色ＳＨ･3勝,67,芝,0,1600,良,エンヤラヴフェイス,牡,3,松岡正海,54.0,13,05,13,13,0,2.5,11,94.7,"1347",0,0,0,13,13,34.3,498,森田直行,栗,0,21101737,01085,01142,0524561005,STレーシング,チャンピオンズファ,エイシンヒカリ,タイキアプローズ,"Devil's Bag",黒鹿,210314,   95.3,  ,    ,55.7
24,11,17,5,東京,6,10,秋色ＳＨ･3勝,67,芝,0,1600,良,オメガキャプテン  ,牡,4,岩田康誠,56.0,13,06,5,5,0,0.8,5,93,"1330",0,0,0,4,4,34.2,468,大和田成,美,184,20103960,05203,01124,0524561006,原禮子,岡田スタツド,ヴィクトワールピサ,レッドルンバ,"Red Ransom",芦毛,200323,   13.3,  ,    ,53.2
24,11,17,5,東京,6,10,秋色ＳＨ･3勝,67,芝,0,1600,良,グランデサラス    ,牡,4,石川裕紀,55.0,13,07,11,11,0,1.4,12,93.6,"1336",0,0,0,8,8,34.2,488,池添学,栗,0,20105089,01150,01144,0524561007,名古屋友豊,オリエント牧場,エピファネイア,シャッセロール,クロフネ,栗毛,200429,  105.2,  ,    ,54.2
24,11,17,5,東京,6,10,秋色ＳＨ･3勝,67,芝,0,1600,良,ワンダイレクト    ,牡,4,横山武史,56.0,13,08,4,4,0,0.7,3,92.9,"1329",0,0,0,5,5,33.9,452,藤岡健一,栗,280,20103129,01170,01062,0524561008,青山洋一,社台ファーム,ハービンジャー,ワントゥワン,ディープインパクト,鹿毛,200504,    6.4,  ,    ,54.4
24,11,17,5,東京,6,10,秋色ＳＨ･3勝,67,芝,0,1600,良,マイネルニコラス  ,牡,5,柴田大知,55.0,13,09,9,9,0,1.3,10,93.5,"1335",0,0,0,5,7,34.3,514,畠山吉宏,美,0,19100768,01009,01048,0524561009,サラブレッドクラブ,ビッグレッドファー,キングカメハメハ,フライングメリッサ,ダンスインザダーク,栗毛,190313,   61.3,  ,    ,53.6
24,11,17,5,東京,6,10,秋色ＳＨ･3勝,67,芝,0,1600,良,ベルクレスタ      ,牝,5,横山和生,54.0,13,10,12,12,0,1.5,7,93.7,"1337",0,0,0,10,11,33.9,486,須貝尚介,栗,0,19105415,01140,01105,0524561010,サンデーレーシング,ノーザンファーム,ドゥラメンテ,ベルアリュール2,Numerous,鹿毛,190206,   20.6,  ,    ,55.8
24,11,17,5,東京,6,10,秋色ＳＨ･3勝,67,芝,0,1600,良,レガトゥス        ,セ,6,三浦皇成,55.0,13,11,1,1,0,-0.3,9,92.2,"1322",0,0,0,2,2,34.1,540,矢嶋大樹,美,1840,18104896,01122,01202,0524561011,サンデーレーシング,ノーザンファーム,モーリス,アドマイヤセプター,キングカメハメハ,黒鹿,180122,   34.0,  ,    ,52.2
24,11,17,5,東京,6,10,秋色ＳＨ･3勝,67,芝,0,1600,良,ショウナンアレス  ,牡,6,藤懸貴志,55.0,13,12,10,10,0,1.3,13,93.5,"1335",0,0,0,1,1,36.2,530,新谷功一,栗,0,18105011,01138,01172,0524561012,国本哲秀,ノーザンファーム,リオンディーズ,クレヨンルージュ,フジキセキ,鹿毛,180219,  204.8,  ,    ,45.0
24,11,17,5,東京,6,10,秋色ＳＨ･3勝,67,芝,0,1600,良,レッドロワ        ,セ,6,北村宏司,56.0,13,13,8,8,0,1.1,6,93.3,"1333",0,0,0,8,8,33.8,480,木村哲也,美,0,18105711,01043,01126,0524561013,東京ホースレーシン,社台牧場,ディープインパクト,プラヤデシエルタ,Orpen,青鹿,180122,   14.3,  ,    ,55.6
24,11,17,5,東京,6,11,霜月Ｓ,131,ダ,1,1400,良,ベジャール        ,牡,5,マーカン,57.0,16,01,8,8,0,1.2,5,84.2,"1242",0,0,0,5,5,36.1,558,田中博康,美,0,19103826,05626,01162,0524561101,シンシアリー,辻牧場,モーリス,エスジーブルーム,アフリート,黒鹿,190312,    9.3,  ,    ,49.9
24,11,17,5,東京,6,11,霜月Ｓ,131,ダ,1,1400,良,フルム            ,牡,5,水口優也,58.0,16,02,5,5,0,1,3,84,"1240",0,0,0,5,5,35.9,492,浜田多実,栗,220,19106214,01133,01138,0524561102,京都ホースレーシン,高橋フアーム,シニスターミニスター,サンタテレサ,ドリームジャーニー,黒鹿,190417,    5.6,  ,    ,50.5
24,11,17,5,東京,6,11,霜月Ｓ,131,ダ,1,1400,良,サトノロイヤル    ,牡,6,横山和生,57.0,16,03,11,11,0,2.1,9,85.1,"1251",0,0,0,10,12,36.3,504,新谷功一,栗,0,18103116,01140,01172,0524561103,里見治,高昭牧場,ヘニーヒューズ,カネトシキフジン,キングカメハメハ,鹿毛,180214,   41.8,  ,    ,50.8
24,11,17,5,東京,6,11,霜月Ｓ,131,ダ,1,1400,良,メイショウミツヤス,牡,6,古川吉洋,57.0,16,04,10,10,0,1.6,14,84.6,"1246",0,0,0,13,13,35.6,520,木原一良,栗,0,18106147,01015,01033,0524561104,松本好隆,斉藤英牧場,トゥザグローリー,フミノアザレア,マンハッタンカフェ,鹿毛,180326,  136.9,  ,    ,53.2
24,11,17,5,東京,6,11,霜月Ｓ,131,ダ,1,1400,良,エピックジョイ    ,牝,5,石川裕紀,55.0,16,05,7,7,0,1,8,84,"1240",0,0,0,4,3,36.1,500,武幸四郎,栗,0,19103149,01150,01160,0524561105,ノースヒルズ,土居牧場,ドレフォン,オールウェイズラブ,ディープインパクト,栗毛,190329,   23.7,  ,    ,49.5
24,11,17,5,東京,6,11,霜月Ｓ,131,ダ,1,1400,良,オセアダイナスティ,牡,6,江田照男,57.0,16,06,13,13,0,2.5,16,85.5,"1255",0,0,0,16,15,36.3,514,加藤征弘,美,0,18102362,00689,01059,0524561106,XIAOジャパン,村田牧場,オルフェーヴル,ラヴァーズレーン,メジロライアン,栗毛,180312,  221.6,  ,    ,51.7
24,11,17,5,東京,6,11,霜月Ｓ,131,ダ,1,1400,良,スマートフォルス  ,牡,4,横山武史,57.0,16,07,2,2,0,0.2,4,83.2,"1232",0,0,0,8,8,34.9,480,吉村圭司,栗,880,20101707,01170,01130,0524561107,大川徹,スマート,シニスターミニスター,スマートレグルス,ロードカナロア,鹿毛,200508,    6.5,  ,    ,53.8
24,11,17,5,東京,6,11,霜月Ｓ,131,ダ,1,1400,良,アルムブラーヴ    ,牡,5,藤懸貴志,57.0,16,08,6,6,0,1,11,84,"1240",0,0,0,14,13,35,482,鈴木孝志,栗,0,19100551,01138,01111,0524561108,崎川美枝子,新冠タガノファーム,ブラックタイド,チャーリーズ,キングカメハメハ,青鹿,190416,   62.9,  ,    ,55.0
24,11,17,5,東京,6,11,霜月Ｓ,131,ダ,1,1400,良,オマツリオトコ    ,牡,4,内田博幸,58.0,16,09,14,14,0,3,13,86,"1260",0,0,0,14,15,36.8,476,伊藤圭三,美,0,20104144,00422,01023,0524561109,是枝浩平,グランド牧場,ヴィットリオドーロ,マツリバヤシ,スマートボーイ,芦毛,200131,  128.3,  ,    ,50.3
24,11,17,5,東京,6,11,霜月Ｓ,131,ダ,1,1400,良,ロードエクレール  ,牡,6,三浦皇成,57.0,16,10,9,9,0,1.3,2,84.3,"1243",0,0,0,1,1,36.8,478,斎藤誠,美,0,18105998,01122,01086,0524561110,ロードホースクラブ,大柳ファーム,ロードカナロア,タッチアス,Mineshaft,鹿毛,180421,    5.3,  ,    ,46.8
24,11,17,5,東京,6,11,霜月Ｓ,131,ダ,1,1400,良,レッドゲイル      ,牡,5,岩田康誠,57.0,16,11,15,15,0,3.2,10,86.2,"1262",0,0,0,10,10,37.6,478,手塚貴久,美,0,19103976,05203,01038,0524561111,東京ホースレーシン,信岡牧場,ヘニーヒューズ,マレーナ,ダイワメジャー,栗毛,190401,   45.1,  ,    ,46.9
24,11,17,5,東京,6,11,霜月Ｓ,131,ダ,1,1400,良,タイセイサムソン  ,牡,6,原優介,58.0,16,12,16,16,0,3.8,6,86.8,"1268",0,0,0,9,8,38.4,512,奥村武,美,0,18106428,01184,01145,0524561112,田中成奉,日進牧場,メイショウサムソン,マイユクール,バゴ,黒鹿,180425,   11.8,  ,    ,44.5
24,11,17,5,東京,6,11,霜月Ｓ,131,ダ,1,1400,良,ロードフォンス    ,牡,4,大野拓弥,57.0,16,13,1,1,0,-0.2,1,83,"1230",0,0,0,5,5,34.9,494,安田翔伍,栗,2200,20100145,01096,01164,0524561113,ロードホースクラブ,ケイアイファーム,ロードカナロア,オーシュペール,ダイワメジャー,鹿毛,200427,    2.9,  ,    ,53.4
24,11,17,5,東京,6,11,霜月Ｓ,131,ダ,1,1400,良,サンライズジーク  ,牡,4,角田大和,57.0,16,14,3,3,0,0.3,12,83.3,"1233",0,0,0,2,2,35.7,508,矢作芳人,栗,550,20103039,01186,01075,0524561114,ライフハウス,社台ファーム,エピファネイア,プロヴィナージュ,フレンチデピュティ,鹿毛,200515,   82.7,  ,    ,50.0
24,11,17,5,東京,6,11,霜月Ｓ,131,ダ,1,1400,良,エンペザー        ,牡,5,丸田恭介,57.0,16,15,12,12,0,2.3,15,85.3,"1253",0,0,0,10,10,36.7,490,田中克典,栗,0,19102888,01117,01180,0524561115,リーヴァ,上村清志,ロードカナロア,ロージーローズ,シンボリクリスエス,鹿毛,190309,  177.5,  ,    ,49.3
24,11,17,5,東京,6,11,霜月Ｓ,131,ダ,1,1400,良,バトルクライ      ,牡,5,菅原明良,59.0,16,16,4,4,0,0.4,7,83.4,"1234",0,0,0,3,3,35.6,504,高木登,美,330,19103879,01179,01088,0524561116,Gリビエール・レー,ディアレストクラブ,イスラボニータ,ディアコメット,キングカメハメハ,栗毛,190516,   18.1,  ,    ,50.7
24,11,17,5,東京,6,12,２勝ｸﾗｽ,43,芝,0,1400,良,デルマグレムリン  ,牡,5,内田博幸,58.0,18,01,11,11,0,0.6,14,81.7,"1217",0,0,0,14,13,33.7,448,緒方努,栗,0,19105877,00422,01193,0524561201,浅沼廣幸,岡田牧場,ディーマジェスティ,レディクローリス,フォーティナイナー,栗毛,190511,  162.3,  ,    ,56.8
24,11,17,5,東京,6,12,２勝ｸﾗｽ,43,芝,0,1400,良,スティルディマーレ,セ,4,岩田康誠,58.0,18,02,10,10,0,0.6,10,81.7,"1217",0,0,0,8,10,34,518,森一誠,美,0,20103366,05203,01201,0524561202,キャロットファーム,ノーザンファーム,ロードカナロア,コケレール,Zamindar,鹿毛,200219,   37.5,  ,    ,55.2
24,11,17,5,東京,6,12,２勝ｸﾗｽ,43,芝,0,1400,良,エリーズダイヤ    ,牝,4,丸田恭介,56.0,18,03,5,5,0,0.4,7,81.5,"1215",0,0,0,8,8,33.9,480,戸田博文,美,114,20102734,01117,01054,0524561203,青芝商事,社台コーポレーショ,ハーツクライ,ローズカットダイヤ,フレンチデピュティ,鹿毛,200507,   13.3,  ,    ,55.3
24,11,17,5,東京,6,12,２勝ｸﾗｽ,43,芝,0,1400,良,ディオアステリア  ,牝,5,横山和生,56.0,18,04,3,3,0,0.2,9,81.3,"1213",0,0,0,4,4,34,488,小野次郎,美,290,19104356,01140,01125,0524561204,YGGホースクラブ,市川牧場,ザファクター,バアゼルザウバー,シンボリクリスエス,芦毛,190218,   29.3,  ,    ,54.3
24,11,17,5,東京,6,12,２勝ｸﾗｽ,43,芝,0,1400,良,ララマセラシオン  ,牡,3,菅原明良,57.0,18,05,17,17,0,1.1,3,82.2,"1222",0,0,0,14,13,34.3,522,大竹正博,美,0,21100935,01179,01102,0524561205,フジイ興産,ヒダカフアーム,カリフォルニアクローム,ララプリムヴェール,クロフネ,芦毛,210415,    5.6,  ,    ,54.7
24,11,17,5,東京,6,12,２勝ｸﾗｽ,43,芝,0,1400,良,クオレス          ,牝,3,木幡巧也,55.0,18,06,16,16,0,0.8,6,81.9,"1219",0,0,0,1,2,34.9,484,牧光二,美,0,21103667,01162,01106,0524561206,天堀忠博,神垣道弘,ベーカバド,コウギョウデジタル,アグネスデジタル,鹿毛,210312,   11.6,  ,    ,51.0
24,11,17,5,東京,6,12,２勝ｸﾗｽ,43,芝,0,1400,良,アラクレ          ,牝,5,柴田大知,56.0,18,07,18,18,0,1.3,17,82.4,"1224",0,0,0,4,4,35,466,清水英克,美,0,19100755,01009,01080,0524561207,ビッグレッドファー,ビッグレッドファー,アドマイヤマックス,シーギリヤガール,スターリングローズ,黒鹿,190321,  219.5,  ,    ,51.6
24,11,17,5,東京,6,12,２勝ｸﾗｽ,43,芝,0,1400,良,サクセスカラー    ,牝,3,田辺裕信,55.0,18,08,2,2,0,0.1,1,81.2,"1212",0,0,0,11,11,33.4,472,久保田貴,美,460,21104200,01075,01067,0524561208,柴田実千代,飛野牧場,ロジャーバローズ,レインオンザデューン,Frankel,鹿毛,210303,    3.7,  ,    ,57.3
24,11,17,5,東京,6,12,２勝ｸﾗｽ,43,芝,0,1400,良,オリアメンディ    ,牝,6,嶋田純次,56.0,18,09,6,6,0,0.4,15,81.5,"1215",0,0,0,12,15,33.4,482,石毛善彦,美,0,18106612,01134,00428,0524561209,ミルファーム,ミルファーム,ジョーカプチーノ,リーベストラウム,ゼンノエルシド,鹿毛,180502,  189.1,  ,    ,58.0
24,11,17,5,東京,6,12,２勝ｸﾗｽ,43,芝,0,1400,良,ヴェサリウス      ,牡,3,三浦皇成,57.0,18,10,1,1,0,-0.1,4,81.1,"1211",0,0,0,7,4,33.8,466,菊沢隆徳,美,1140,21104401,01122,01115,0524561210,福盛訓之,フジワラフアーム,ロゴタイプ,サトノマイヒメ,ダイワメジャー,栗毛,210422,    7.2,  ,    ,55.0
24,11,17,5,東京,6,12,２勝ｸﾗｽ,43,芝,0,1400,良,ダークンストーミー,牡,4,江田照男,58.0,18,11,13,13,0,0.7,18,81.8,"1218",0,0,0,14,16,33.5,448,小笠倫弘,美,0,20100656,00689,01076,0524561211,荒井眞澄,上山牧場,サトノアラジン,ラブレインボー,フレンチデピュティ,黒鹿,200313,  372.2,  ,    ,58.1
24,11,17,5,東京,6,12,２勝ｸﾗｽ,43,芝,0,1400,良,メタルスピード    ,牡,4,横山武史,58.0,18,12,15,15,0,0.8,2,81.9,"1219",0,0,0,2,3,34.7,508,斎藤誠,美,0,20101772,01170,01086,0524561212,"Him Rock Racingホ",タバタファーム,シルバーステート,マイビビアーヌ,Shamardal,黒鹿,200328,    4.0,  ,    ,52.0
24,11,17,5,東京,6,12,２勝ｸﾗｽ,43,芝,0,1400,良,ウインバグース    ,牡,5,松岡正海,58.0,18,13,8,8,0,0.4,12,81.5,"1215",0,0,0,3,1,34.5,482,西園正都,栗,0,19100210,01085,01028,0524561213,ウイン,コスモヴューファー,モーリス,コスモネモシン,ゼンノロブロイ,鹿毛,190324,  144.2,  ,    ,52.2
24,11,17,5,東京,6,12,２勝ｸﾗｽ,43,芝,0,1400,良,ルルローズ        ,牝,6,原優介,55.0,18,14,14,14,0,0.8,11,81.9,"1219",0,0,0,4,4,34.6,480,伊藤大士,美,0,18105874,01184,01109,0524561214,的場徹,浦河小林牧場,トゥザグローリー,オードリーローズ,ブライアンズタイム,栗毛,180517,   72.2,  ,    ,52.5
24,11,17,5,東京,6,12,２勝ｸﾗｽ,43,芝,0,1400,良,イゾラフェリーチェ,牝,3,マーカン,55.0,18,15,7,7,0,0.4,5,81.5,"1215",0,0,0,8,8,34,484,鹿戸雄一,美,0,21105516,05626,01097,0524561215,吉田和美,ノーザンファーム,サトノクラウン,ケイティーズハート,ハーツクライ,鹿毛,210319,   10.1,  ,    ,54.8
24,11,17,5,東京,6,12,２勝ｸﾗｽ,43,芝,0,1400,良,ココリホウオウ    ,セ,6,北村宏司,58.0,18,16,12,12,0,0.7,16,81.8,"1218",0,0,0,12,11,34,468,古賀慎明,美,0,18103957,01043,01079,0524561216,美崎光二郎,高橋フアーム,ワールドエース,フレイムミーティア,ファンタスティックライト,鹿毛,180217,  199.2,  ,    ,55.4
24,11,17,5,東京,6,12,２勝ｸﾗｽ,43,芝,0,1400,良,エールレヴリー    ,牝,4,石橋脩,56.0,18,17,4,4,0,0.3,8,81.4,"1214",0,0,0,17,17,32.9,484,武英智,栗,170,20102738,01077,01161,0524561217,佐伯由加理,社台ファーム,ダイワメジャー,アイムオールレディセクシー,"Ready's Image",黒鹿,200415,   21.1,  ,    ,60.6
24,11,17,5,東京,6,12,２勝ｸﾗｽ,43,芝,0,1400,良,アサギリ          ,牝,3,石川裕紀,55.0,18,18,9,9,0,0.5,13,81.6,"1216",0,0,0,18,17,33.1,458,尾形和幸,美,0,21100610,01150,01141,0524561218,大島牧場,大島牧場,マクフィ,コシミノダンサー,ハーツクライ,鹿毛,210226,  154.3,  ,    ,59.9
24,11,23,5,東京,7,01,未勝利*,7,ダ,1,1600,稍,ライズトゥザトップ,牝,2,野中悠太,55.0,16,01,8,8,0,3.3,6,99.1,"1391",0,0,0,1,1,39.3,488,牧光二,美,0,22107284,01158,01106,0524570101,石瀬浩三,浜本牧場,パイロ,クリスタルキャノン,クロフネ,芦毛,220217,   59.4,  ,    ,41.3
24,11,23,5,東京,7,01,未勝利*,7,ダ,1,1600,稍,ピコピンク        ,牝,2,田辺裕信,55.0,16,02,4,4,0,2.7,8,98.5,"1385",0,0,0,2,2,38.6,496,尾形和幸,美,83,22101754,01075,01141,0524570102,石部高史,チャンピオンズファ,ヘニーヒューズ,ブレイジング,パイロ,鹿毛,220330,   66.9,  ,    ,43.1
24,11,23,5,東京,7,01,未勝利*,7,ダ,1,1600,稍,トーセンビギン    ,牡,2,内田博幸,56.0,16,03,12,12,0,5.4,14,101.2,"1412",0,0,0,9,12,40,466,田村康仁,美,0,22110095,00422,01027,0524570103,島川隆哉,"Mr Takaya Shimakaw","New Bay",Vivalda,Southdale,栗毛,220512,  402.4,  ,    ,41.8
24,11,23,5,東京,7,01,未勝利*,7,ダ,1,1600,稍,キスメット        ,牡,2,丸田恭介,56.0,16,04,11,11,0,4.8,12,100.6,"1406",0,0,0,4,4,40.3,468,大和田成,美,0,22103335,01117,01124,0524570104,ミルファーム,ミルファーム,ビッグアーサー,ミナレット,スズカマンボ,栗毛,220323,  372.2,  ,    ,39.8
24,11,23,5,東京,7,01,未勝利*,7,ダ,1,1600,稍,キョウキランブ    ,牡,2,北村宏司,56.0,16,05,9,9,0,3.7,3,99.5,"1395",0,0,0,13,14,38.1,512,古賀慎明,美,0,22103115,01043,01079,0524570105,阿部憲三,日本中央競馬会日高,エスケンデレヤ,タキオンメーカー,エンパイアメーカー,鹿毛,220308,   20.3,  ,    ,46.7
24,11,23,5,東京,7,01,未勝利*,7,ダ,1,1600,稍,ヤマメキング      ,牡,2,戸崎圭太,56.0,16,06,10,10,0,3.7,4,99.5,"1395",0,0,0,4,4,39.3,490,田島俊明,美,0,22100245,05386,01112,0524570106,越村哲男,鮫川啓一,ドレフォン,ハイノリッジ,マンハッタンカフェ,鹿毛,220318,   24.8,  ,    ,41.9
24,11,23,5,東京,7,01,未勝利*,7,ダ,1,1600,稍,アイスリーディング,牝,2,菅原明良,55.0,16,07,3,3,0,2.5,5,98.3,"1383",0,0,0,9,7,37.7,436,小笠倫弘,美,140,22106995,01179,01076,0524570107,薗部博之,村上欽哉,サンダースノー,クリッピングエリア,シンボリクリスエス,鹿毛,220309,   46.1,  ,    ,46.4
24,11,23,5,東京,7,01,未勝利*,7,ダ,1,1600,稍,ポミチョッタ      ,牡,2,嶋田純次,56.0,16,08,15,15,0,6.9,15,102.7,"1427",0,0,0,9,10,41.8,562,萱野浩二,美,0,22103332,01134,01024,0524570108,ミルファーム,ミルファーム,アメリカンペイトリオット,ブリッサ,ブラックホーク,鹿毛,220523,  418.3,  ,    ,37.4
24,11,23,5,東京,7,01,未勝利*,7,ダ,1,1600,稍,ベアイミュニティ  ,牡,2,佐藤翔馬,53.0,16,09,14,14,0,6,16,101.8,"1418",0,0,0,16,16,40.1,472,杉浦宏昭,美,0,22106955,01207,01008,0524570109,熊木浩,マリオステーブル,ドレフォン,グローリールピナス,マーベラスサンデー,栗毛,220415,  419.2,  ,    ,42.3
24,11,23,5,東京,7,01,未勝利*,7,ダ,1,1600,稍,キョウエイスレーヴ,牡,2,長浜鴻緒,53.0,16,10,5,5,0,3,7,98.8,"1388",0,0,0,13,12,37.7,450,萱野浩二,美,55,22103472,01214,01024,0524570110,田中晴夫,上野正恵,ルヴァンスレーヴ,ロマネクイーン,マイネルラヴ,鹿毛,220404,   63.3,  ,    ,47.2
24,11,23,5,東京,7,01,未勝利*,7,ダ,1,1600,稍,ドラゴンムスメ    ,牝,2,石神深道,52.0,16,11,16,16,0,6.9,11,102.7,"1427",0,0,0,4,7,42.1,426,和田雄二,美,0,22103568,01209,01143,0524570111,西村新一郎,岡田スタツド,スノードラゴン,メドゥーサ,メイショウサムソン,鹿毛,220105,  370.8,  ,    ,36.4
24,11,23,5,東京,7,01,未勝利*,7,ダ,1,1600,稍,コンスピラシー    ,牝,2,原田和真,55.0,16,12,13,13,0,5.5,9,101.3,"1413",0,0,0,2,3,41.2,458,本間忍,美,0,22103860,01143,01056,0524570112,檜森高史,佐竹学,アメリカンペイトリオット,シャドークイーン,マンハッタンカフェ,黒鹿,220422,  117.3,  ,    ,37.5
24,11,23,5,東京,7,01,未勝利*,7,ダ,1,1600,稍,トーセンディーン  ,牡,2,原優介,55.0,16,13,7,7,0,3.2,10,99,"1390",0,0,0,9,10,38.2,472,池上昌和,美,0,22110017,01184,01150,0524570113,島川隆哉,"Mr Takaya Shimakaw","New Bay",Alanza,"Privately Held",栗毛,220206,  174.5,  ,    ,45.5
24,11,23,5,東京,7,01,未勝利*,7,ダ,1,1600,稍,オーレオリン      ,牡,2,柴田大知,56.0,16,14,6,6,0,3.2,13,99,"1390",0,0,0,15,14,37.7,472,黒岩陽一,美,0,22106207,01009,01133,0524570114,ビッグレッドファー,小泉学,ゴールドドリーム,ミラクルモーメント,フジキセキ,青毛,220327,  376.1,  ,    ,47.6
24,11,23,5,東京,7,01,未勝利*,7,ダ,1,1600,稍,ルクソールカフェ  ,牡,2,ムーア,56.0,16,15,1,1,0,0,1,95.8,"1358",0,0,0,8,7,35.3,536,堀宣行,美,550,22110083,05366,01070,0524570115,西川光一,Orpendale/Chelston,"American Pharoah","Mary's Follies","More Than Ready",鹿毛,220226,    1.3,  ,    ,52.8
24,11,23,5,東京,7,01,未勝利*,7,ダ,1,1600,稍,アドマイヤデイトナ,牡,2,ルメール,56.0,16,16,2,2,0,0,2,95.8,"1358",0,0,0,4,4,35.5,512,加藤征弘,美,220,22104584,05339,01059,0524570116,近藤旬子,ノーザンファーム,ドレフォン,アイスパステル,Shackleford,鹿毛,220317,    2.9,  ,    ,51.9
24,11,23,5,東京,7,02,未勝利*,7,芝,0,1400,良,エリカマユーリ    ,牝,2,ムーア,55.0,18,01,2,2,0,0.2,1,82.4,"1224",0,0,0,13,13,34.2,470,堀宣行,美,220,22103781,05366,01070,0524570201,三木正浩,グランド牧場,"Quality Road",ブレーヴアンナ,"War Front",鹿毛,220223,    1.9,  ,    ,55.7
24,11,23,5,東京,7,02,未勝利*,7,芝,0,1400,良,ニューウォーク    ,牝,2,北村宏司,55.0,18,02,14,14,0,1.3,15,83.5,"1235",0,0,0,13,13,35.2,436,粕谷昌央,美,0,22103461,01043,01096,0524570202,村田哲朗,ウエスタンファーム,ニューイヤーズデイ,ウエスタンユーノー,アドマイヤコジーン,鹿毛,220416,  547.6,  ,    ,52.9
24,11,23,5,東京,7,02,未勝利*,7,芝,0,1400,良,ソープストーン    ,牝,2,小林脩斗,53.0,18,03,17,17,0,1.6,16,83.8,"1238",0,0,0,10,10,35.9,372,清水英克,美,0,22107049,01183,01080,0524570203,ミルファーム,村上牧場,カレンブラックヒル,カイアナイト,シンボリクリスエス,黒鹿,220310,  569.3,  ,    ,50.1
24,11,23,5,東京,7,02,未勝利*,7,芝,0,1400,良,ミヤイグアス      ,牝,2,菊沢一樹,55.0,18,04,15,15,0,1.4,18,83.6,"1236",0,0,0,11,11,35.6,426,青木孝文,美,0,22102142,01161,01156,0524570204,山本益臣,森永牧場,"Dark Angel",レヒーク,Muhaarar,黒鹿,220328,  652.1,  ,    ,51.1
24,11,23,5,東京,7,02,未勝利*,7,芝,0,1400,良,ソーダーンライト  ,牝,2,戸崎圭太,55.0,18,05,1,1,0,-0.2,4,82.2,"1222",0,0,0,1,1,35.2,430,鹿戸雄一,美,550,22110034,05386,01097,0524570205,ゴドルフィン,Godolphin,"Too Darn Hot",Leafhopper,"Dark Angel",芦毛,220326,    7.9,  ,    ,50.1
24,11,23,5,東京,7,02,未勝利*,7,芝,0,1400,良,ガジュノリホワイト,牡,2,マーカン,56.0,18,06,3,3,0,0.4,2,82.6,"1226",0,0,0,5,5,35,456,尾形和幸,美,140,22101730,05626,01141,0524570206,中谷典生,チャンピオンズファ,リアルスティール,ガジュマル,ヴィクトワールピサ,芦毛,220309,    4.5,  ,    ,52.0
24,11,23,5,東京,7,02,未勝利*,7,芝,0,1400,良,ナックオリオン    ,牡,2,大野拓弥,56.0,18,07,7,7,0,0.7,10,82.9,"1229",0,0,0,5,5,35.4,474,杉浦宏昭,美,0,22101542,01096,01008,0524570207,小松欣也,シンボリ牧場,ミスターメロディ,マイティーワークス,キンシャサノキセキ,鹿毛,220201,  125.2,  ,    ,50.6
24,11,23,5,東京,7,02,未勝利*,7,芝,0,1400,良,タベザカリ        ,牡,2,丹内祐次,56.0,18,08,8,8,0,0.7,8,82.9,"1229",0,0,0,8,8,35.1,454,伊坂重信,美,0,22101606,01091,01177,0524570208,東豊物産,竹島幸治,トーホウジャッカル,トーホウフレーテ,ロードカナロア,鹿毛,220316,   58.5,  ,    ,52.1
24,11,23,5,東京,7,02,未勝利*,7,芝,0,1400,良,エイシンマクルーベ,牝,2,柴田大知,55.0,18,09,10,10,0,0.7,12,82.9,"1229",0,0,0,16,17,34.4,416,田中剛,美,0,22102851,01009,01119,0524570209,栄進堂,高野牧場,ワンアンドオンリー,エーシンリターンズ,キングカメハメハ,鹿毛,220412,  406.9,  ,    ,55.7
24,11,23,5,東京,7,02,未勝利*,7,芝,0,1400,良,サヨノスピークロウ,牡,2,原優介,55.0,18,10,16,16,0,1.6,17,83.8,"1238",0,0,0,16,18,35.1,456,和田正一,美,0,22102021,01184,01114,0524570210,吉岡泰治,宝寄山拓樹,タワーオブロンドン,ナムカーン,キングズベスト,鹿毛,220314,  616.9,  ,    ,54.1
24,11,23,5,東京,7,02,未勝利*,7,芝,0,1400,良,マグネシアブリック,牡,2,田辺裕信,56.0,18,11,4,4,0,0.4,5,82.6,"1226",0,0,0,2,2,35.4,456,中舘英二,美,83,22101920,01075,01153,0524570211,金子真人ホールディ,日高大洋牧場,ブリックスアンドモルタル,テンダリーヴォイス,ディープインパクト,栗毛,220314,   12.3,  ,    ,50.0
24,11,23,5,東京,7,02,未勝利*,7,芝,0,1400,良,ポッドベル        ,牡,2,杉原誠人,56.0,18,12,5,5,0,0.5,6,82.7,"1227",0,0,0,11,11,34.7,464,和田勇介,美,55,22100702,01135,01165,0524570212,小川眞査雄,下屋敷牧場,モズアスコット,シェクロエ,ノヴェリスト,黒鹿,220313,   14.8,  ,    ,53.7
24,11,23,5,東京,7,02,未勝利*,7,芝,0,1400,良,ルシェロアズーリ  ,牝,2,津村明秀,55.0,18,13,11,11,0,0.8,9,83,"1230",0,0,0,3,3,35.7,440,鈴木伸尋,美,0,22105996,01092,01026,0524570213,米山晴敏,秋田牧場,ノーブルミッション,アドマイヤラック,アドマイヤムーン,栗毛,220122,   96.4,  ,    ,49.4
24,11,23,5,東京,7,02,未勝利*,7,芝,0,1400,良,カシオペア        ,牡,2,横山和生,56.0,18,14,13,13,0,1.2,3,83.4,"1234",0,0,0,18,13,35.1,524,上原佑紀,美,0,22106203,01140,01192,0524570214,中辻明,小泉牧場,ビッグアーサー,リトルアマポーラ,アグネスタキオン,栗毛,220301,    7.0,  ,    ,53.2
24,11,23,5,東京,7,02,未勝利*,7,芝,0,1400,良,ベルスバラード    ,牝,2,木幡巧也,55.0,18,15,18,18,0,2.2,13,84.4,"1244",0,0,0,5,5,36.9,422,牧光二,美,0,22100755,01162,01106,0524570215,ディアレストクラブ,築紫洋,マジェスティックウォリアー,カルディア,ゼンノロブロイ,鹿毛,220203,  451.0,  ,    ,46.5
24,11,23,5,東京,7,02,未勝利*,7,芝,0,1400,良,バム              ,牡,2,嶋田純次,56.0,18,16,6,6,0,0.6,14,82.8,"1228",0,0,0,15,16,34.4,448,奥平雅士,美,0,22103327,01134,01074,0524570216,ミルファーム,ミルファーム,ロジャーバローズ,デスティニーラブ,アグネスデジタル,鹿毛,220227,  461.9,  ,    ,55.5
24,11,23,5,東京,7,02,未勝利*,7,芝,0,1400,良,バーンズベリー    ,牡,2,岩田望来,56.0,18,17,9,9,0,0.7,11,82.9,"1229",0,0,0,8,8,35.1,476,尾関知人,美,0,22110025,01174,01103,0524570217,H.H.シェイク・ハム,Godolphin,Iffraaj,"Richmond Avenue","Invincible Spirit",栗毛,220223,  126.1,  ,    ,52.1
24,11,23,5,東京,7,02,未勝利*,7,芝,0,1400,良,リーサイェイ      ,牡,2,鮫島克駿,56.0,18,18,12,12,0,1,7,83.2,"1232",0,0,0,3,3,35.9,466,池上昌和,美,0,22100538,01157,01150,0524570218,ノースヒルズ,折手牧場,ミッキーアイル,コウエイダリア,ジャングルポケット,青鹿,220313,   19.7,  ,    ,48.8
24,11,23,5,東京,7,03,未勝利*,7,芝,0,1800,良,スマイルディシー  ,牝,2,杉原誠人,55.0,14,01,14,14,0,2.7,12,110.8,"1508",0,0,11,11,11,36.3,454,中川公成,美,0,22104271,01135,01081,0524570301,高篠憲一,橋本牧場,ディスクリートキャット,カジノスマイル,カジノドライヴ,栗毛,220305,  674.5,  ,    ,52.6
24,11,23,5,東京,7,03,未勝利*,7,芝,0,1800,良,セージブラッシュ  ,牡,2,石橋脩,56.0,14,02,11,11,0,1.2,9,109.3,"1493",0,0,4,5,6,35.2,468,畠山吉宏,美,0,22100969,01077,01048,0524570302,ビッグレッドファー,明治牧場,シルバーステート,スギノピクシー,キングカメハメハ,鹿毛,220314,  255.0,  ,    ,55.3
24,11,23,5,東京,7,03,未勝利*,7,芝,0,1800,良,ロワゾブルー      ,牝,2,菅原明良,55.0,14,03,5,5,0,0.5,3,108.6,"1486",0,0,7,9,9,34.3,438,小島茂之,美,55,22103559,01179,01068,0524570303,ノルマンディーサラ,岡田スタツド,ノヴェリスト,ヘレナモルフォ,ジャングルポケット,黒鹿,220414,    8.2,  ,    ,58.3
24,11,23,5,東京,7,03,未勝利*,7,芝,0,1800,良,ブルージュ        ,牝,2,マーカン,55.0,14,04,6,6,0,0.5,5,108.6,"1486",0,0,2,3,4,34.7,426,栗田徹,美,0,22104800,05626,01127,0524570304,キャロットファーム,ノーザンファーム,ブリックスアンドモルタル,サンブルエミューズ,ダイワメジャー,栗毛,220324,   11.7,  ,    ,56.5
24,11,23,5,東京,7,03,未勝利*,7,芝,0,1800,良,アロンズロッド    ,牡,2,ルメール,56.0,14,05,2,2,0,0.1,1,108.2,"1482",0,0,9,9,9,34,480,国枝栄,美,220,22104635,05339,00399,0524570305,シルクレーシング,ノーザンファーム,エピファネイア,アーモンドアイ,ロードカナロア,鹿毛,220113,    2.0,  ,    ,59.1
24,11,23,5,東京,7,03,未勝利*,7,芝,0,1800,良,ハーバードスクエア,牝,2,ムーア,55.0,14,06,4,4,0,0.5,4,108.6,"1486",0,0,11,11,11,34.2,418,木村哲也,美,83,22104954,05366,01126,0524570306,吉田勝己,ノーザンファーム,キズナ,パシオンルージュ,ボストンハーバー,黒鹿,220328,    8.8,  ,    ,58.8
24,11,23,5,東京,7,03,未勝利*,7,芝,0,1800,良,バンブルビー      ,牡,2,田辺裕信,56.0,14,07,8,8,0,0.7,6,108.8,"1488",0,0,1,1,1,35.2,470,小西一男,美,0,22102635,01075,00405,0524570307,小泉修,絵笛牧場,ウインブライト,メイショウナナイロ,タイキシャトル,芦毛,220306,   12.7,  ,    ,54.5
24,11,23,5,東京,7,03,未勝利*,7,芝,0,1800,良,ヒカリスペクトル  ,牡,2,木幡育也,56.0,14,08,13,13,0,2.3,14,110.4,"1504",0,0,4,5,6,36.4,454,松永康利,美,0,22106429,01167,01093,0524570308,田頭勇貴,中央牧場,リアルインパクト,シゲルアサツキ,ハードスパン,栗毛,220316,  732.7,  ,    ,51.6
24,11,23,5,東京,7,03,未勝利*,7,芝,0,1800,良,エットトゥカム    ,牡,2,丸田恭介,56.0,14,09,10,10,0,1,11,109.1,"1491",0,0,11,14,14,34.3,406,深山雅史,美,0,22103315,01117,01174,0524570309,ミルファーム,ミルファーム,ウインブライト,カレン,ディープブリランテ,芦毛,220320,  576.6,  ,    ,59.0
24,11,23,5,東京,7,03,未勝利*,7,芝,0,1800,良,コア              ,牡,2,戸崎圭太,56.0,14,10,3,3,0,0.5,7,108.6,"1486",0,0,2,2,2,34.9,488,相沢郁,美,140,22102338,05386,01020,0524570310,吉澤ホールディング,北島牧場,キズナ,マイダイアリー,Frankel,鹿毛,220201,   14.2,  ,    ,55.6
24,11,23,5,東京,7,03,未勝利*,7,芝,0,1800,良,ノーブルシーズン  ,牡,2,長浜鴻緒,53.0,14,11,9,9,0,0.9,8,109,"1490",0,0,7,5,6,35,482,久保田貴,美,0,22102858,01214,01067,0524570311,吉木伸彦,高村牧場,ハービンジャー,シーズンズベスト,ゼンノロブロイ,鹿毛,220328,   66.5,  ,    ,55.7
24,11,23,5,東京,7,03,未勝利*,7,芝,0,1800,良,ロングトーン      ,牝,2,丹内祐次,55.0,14,12,7,7,0,0.7,10,108.8,"1488",0,0,4,3,2,35.1,382,尾関知人,美,0,22106763,01091,01103,0524570312,サラブレッドクラブ,ビッグレッドファー,ダノンバラード,アンネリース,ヴィクトワールピサ,鹿毛,220502,  363.7,  ,    ,55.0
24,11,23,5,東京,7,03,未勝利*,7,芝,0,1800,良,フォアファン      ,牡,2,原田和真,56.0,14,13,12,12,0,2.2,13,110.3,"1503",0,0,14,11,11,35.8,500,松山将樹,美,0,22104064,01143,01100,0524570313,大瀧啓之,田中裕之,ドレフォン,フレイミングクリフス,Kingmambo,栗毛,220411,  718.2,  ,    ,54.1
24,11,23,5,東京,7,03,未勝利*,7,芝,0,1800,良,ベストシーン      ,牡,2,ビュイッ,56.0,14,14,1,1,0,-0.1,2,108.1,"1481",0,0,9,5,4,34.2,464,手塚貴久,美,550,22101388,05495,01038,0524570314,星野壽市,下河辺牧場,レイデオロ,アユサン,ディープインパクト,鹿毛,220324,    3.6,  ,    ,58.0
24,11,23,5,東京,7,04,新馬,15,ダ,1,1400,稍,オイガツオ        ,牝,2,丹内祐次,55.0,16,01,0,0,3,999.9,0,0,"----",0,0,0,0,0,0,450,中舘英二,美,0,22106967,01091,01153,0524570401,廣崎双葉,マリオステーブル,シルバーステート,ハツガツオ,パラダイスクリーク,鹿毛,220419,    0.0,  ,    , 0.0
24,11,23,5,東京,7,04,新馬,15,ダ,1,1400,稍,シップウジョー    ,牡,2,石川裕紀,56.0,16,02,12,12,0,4.8,11,88.6,"1286",0,0,0,12,12,38.8,456,相沢郁,美,0,22102108,01150,01020,0524570402,河内孝夫,増尾牧場,デクラレーションオブウォー,シュンカジョウ,ロードカナロア,鹿毛,220303,  124.9,  ,    ,46.3
24,11,23,5,東京,7,04,新馬,15,ダ,1,1400,稍,ソルレーヴ        ,牡,2,菱田裕二,56.0,16,03,8,8,0,3.1,5,86.9,"1269",0,0,0,5,5,38.2,490,高橋義忠,栗,0,22101057,01144,01129,0524570403,OHEレーシング,天羽禮治,マクフィ,キルシュワッサー,サクラバクシンオー,栗毛,220218,   18.0,  ,    ,45.6
24,11,23,5,東京,7,04,新馬,15,ダ,1,1400,稍,セイリオス        ,牝,2,杉原誠人,55.0,16,04,11,11,0,4.3,12,88.1,"1281",0,0,0,11,9,38.8,466,宮田敬介,美,0,22106350,01135,01175,0524570404,大塚亮一,隆栄牧場,ミスターメロディ,リブエターナル,クロフネ,鹿毛,220427,  155.4,  ,    ,45.3
24,11,23,5,東京,7,04,新馬,15,ダ,1,1400,稍,ソクヅモドラドラ  ,牡,2,横山和生,56.0,16,05,6,6,0,2.1,2,85.9,"1259",0,0,0,9,9,36.6,498,上原佑紀,美,0,22104704,01140,01192,0524570405,佐上峻作,ノーザンファーム,ミッキーアイル,オリエンタルポピー,キングカメハメハ,栗毛,220210,    5.8,  ,    ,51.0
24,11,23,5,東京,7,04,新馬,15,ダ,1,1400,稍,ゴージャスドラゴン,牡,2,坂井瑠星,56.0,16,06,4,4,0,1.9,3,85.7,"1257",0,0,0,8,8,36.7,500,田中克典,栗,110,22104991,01163,01180,0524570406,TNレーシング,ノーザンファーム,スワーヴリチャード,フィールパラダイス,ドゥラメンテ,栗毛,220125,    6.6,  ,    ,50.1
24,11,23,5,東京,7,04,新馬,15,ダ,1,1400,稍,ファイアーワルツ  ,牝,2,原優介,54.0,16,07,15,15,0,20.7,13,104.5,"1445",0,0,0,15,15,44.9,482,小手川準,美,0,22106108,01184,01171,0524570407,上村洋司,大狩部牧場,アメリカンペイトリオット,リトルディーヴァ,ヴィクトワールピサ,黒鹿,220228,  194.3,  ,    ,49.6
24,11,23,5,東京,7,04,新馬,15,ダ,1,1400,稍,フィザルモニカ    ,牝,2,ドイル,55.0,16,08,3,3,0,1.4,7,85.2,"1252",0,0,0,5,5,36.6,454,大和田成,美,180,22104996,05625,01124,0524570408,キャロットファーム,ノーザンファーム,ルヴァンスレーヴ,フォルテピアノ,フレンチデピュティ,鹿毛,220211,   26.5,  ,    ,49.6
24,11,23,5,東京,7,04,新馬,15,ダ,1,1400,稍,ミニョンマルーン  ,牝,2,菊沢一樹,55.0,16,09,9,9,0,3.4,8,87.2,"1272",0,0,0,1,1,39,468,伊藤圭三,美,0,22103151,01161,01023,0524570409,大樹ファーム,ビクトリーホースラ,ミスターメロディ,タイキマロン,ファスリエフ,鹿毛,220325,   30.1,  ,    ,42.7
24,11,23,5,東京,7,04,新馬,15,ダ,1,1400,稍,ケイマノキコウシ  ,牡,2,岩田望来,56.0,16,10,10,10,0,3.9,10,87.7,"1277",0,0,0,2,2,39.3,516,栗田徹,美,0,22104002,01174,01127,0524570410,Y'sレーシング,高橋フアーム,イスラボニータ,アップファーレン,ハードスパン,黒鹿,220321,   53.9,  ,    ,42.4
24,11,23,5,東京,7,04,新馬,15,ダ,1,1400,稍,サマーツアー      ,牡,2,津村明秀,56.0,16,11,7,7,0,2.2,6,86,"1260",0,0,0,10,9,36.7,488,矢嶋大樹,美,0,22103719,01092,01202,0524570411,ヒダカ・ブリーダー,キヨタケ牧場,モーリス,ラストサマー,エンパイアメーカー,鹿毛,220318,   18.2,  ,    ,50.7
24,11,23,5,東京,7,04,新馬,15,ダ,1,1400,稍,ランブータン      ,牡,2,岩部純二,56.0,16,12,14,14,0,7.3,15,91.1,"1311",0,0,0,13,13,39.7,482,的場均,美,0,22102505,00726,01063,0524570412,田頭勇貴,猿倉牧場,ルーラーシップ,ミステリアスガール,アグネスタキオン,鹿毛,220321,  380.7,  ,    ,47.1
24,11,23,5,東京,7,04,新馬,15,ダ,1,1400,稍,パラサイコロジー  ,牝,2,ビュイッ,55.0,16,13,2,2,0,1.3,9,85.1,"1251",0,0,0,3,2,36.7,468,新開幸一,美,290,22104862,05495,01116,0524570413,吉田勝己,ノーザンファーム,モズアスコット,スペルオンミー,ダイワメジャー,栗毛,220406,   30.2,  ,    ,48.9
24,11,23,5,東京,7,04,新馬,15,ダ,1,1400,稍,タッカージーティー,牝,2,横山武史,55.0,16,14,5,5,0,2,4,85.8,"1258",0,0,0,3,2,37.4,486,鈴木伸尋,美,72,22106261,01170,01026,0524570414,小松崎孝,佐藤牧場,ヘニーヒューズ,シャワーブーケ,ゴールドアリュール,栗毛,220126,    8.0,  ,    ,47.1
24,11,23,5,東京,7,04,新馬,15,ダ,1,1400,稍,サスケエトワール  ,牡,2,木幡初也,56.0,16,15,13,13,0,6.5,14,90.3,"1303",0,0,0,14,14,38.5,454,加藤和宏,美,0,22100455,01153,01077,0524570415,高橋敏英,山田牧場,ゴールドアクター,ニシノブーケトス,スペシャルウィーク,鹿毛,220428,  307.4,  ,    ,50.9
24,11,23,5,東京,7,04,新馬,15,ダ,1,1400,稍,ヘニーガイスト    ,牡,2,マーカン,56.0,16,16,1,1,0,-1.3,1,83.8,"1238",0,0,0,5,5,35.1,514,加藤征弘,美,720,22104865,05626,01059,0524570416,林正道,ノーザンファーム,ヘニーヒューズ,スミレ,ダイワメジャー,栗毛,220416,    1.8,  ,    ,54.1
24,11,23,5,東京,7,05,新馬,15,芝,0,1600,良,キューティリップ  ,牝,2,松岡正海,55.0,15,01,2,2,0,0.3,5,95.8,"1358",0,0,0,9,7,34.1,448,戸田博文,美,290,22105131,01085,01054,0524570501,小濱忠一,ノーザンファーム,リアルスティール,リップスポイズン,Mamool,鹿毛,220204,    6.9,  ,    ,58.6
24,11,23,5,東京,7,05,新馬,15,芝,0,1600,良,ガトリンテソーロ  ,牡,2,鮫島克駿,56.0,15,02,14,14,0,3.1,13,98.6,"1386",0,0,0,7,9,36.7,472,小手川準,美,0,22102271,01157,01171,0524570502,了徳寺健二ホールデ,リョーケンファーム,フィエールマン,ロマンシエール,アグネスデジタル,鹿毛,220410,  113.8,  ,    ,51.2
24,11,23,5,東京,7,05,新馬,15,芝,0,1600,良,アルガムベイ      ,牡,2,荻野極,56.0,15,03,3,3,0,0.5,8,96,"1360",0,0,0,1,1,35,440,鹿戸雄一,美,180,22105082,01160,01097,0524570503,キャロットファーム,ノーザンファーム,モーリス,ミリッサ,ダイワメジャー,青鹿,220303,   30.6,  ,    ,54.6
24,11,23,5,東京,7,05,新馬,15,芝,0,1600,良,ダノンエンブレム  ,牡,2,北村宏司,56.0,15,04,4,4,0,0.5,4,96,"1360",0,0,0,7,7,34.3,434,宮田敬介,美,110,22104893,01043,01175,0524570504,ダノックス,ノーザンファーム,エピファネイア,ダノングレース,ディープインパクト,鹿毛,220129,    6.7,  ,    ,57.9
24,11,23,5,東京,7,05,新馬,15,芝,0,1600,良,テルケンレンチャオ,牡,2,菊沢一樹,56.0,15,05,13,13,0,2.2,14,97.7,"1377",0,0,0,12,12,35.1,470,勢司和浩,美,0,22102764,01161,01047,0524570505,桑田照夫,木村牧場,ディープブリランテ,ワラッチャオ,ハーツクライ,鹿毛,220405,  233.1,  ,    ,57.0
24,11,23,5,東京,7,05,新馬,15,芝,0,1600,良,マイウェイ        ,牡,2,嶋田純次,56.0,15,06,11,11,0,2,9,97.5,"1375",0,0,0,11,11,35.2,416,大竹正博,美,0,22107235,01134,01102,0524570506,篠田くみ子,村上欽哉,サトノクラウン,アンジュドゥロール,キングカメハメハ,鹿毛,220129,   36.8,  ,    ,56.2
24,11,23,5,東京,7,05,新馬,15,芝,0,1600,良,グーテンベルク    ,牡,2,戸崎圭太,56.0,15,07,1,1,0,-0.3,1,95.5,"1355",0,0,0,2,2,34.4,476,金成貴史,美,720,22102391,05386,01132,0524570507,近藤英子,坂東牧場,リアルスティール,アトラクティヴ,スクリーンヒーロー,鹿毛,220405,    3.1,  ,    ,56.6
24,11,23,5,東京,7,05,新馬,15,芝,0,1600,良,ミリアドタレント  ,牝,2,坂井瑠星,55.0,15,08,5,5,0,0.8,2,96.3,"1363",0,0,0,4,3,35.1,430,嘉藤貴行,美,72,22110004,01163,01195,0524570508,社台レースホース,"Shadai Farm",Sottsass,Minorette,"Smart Strike",栗毛,220316,    4.7,  ,    ,54.6
24,11,23,5,東京,7,05,新馬,15,芝,0,1600,良,ブラザービート    ,牡,2,内田博幸,56.0,15,09,8,8,0,1.3,10,96.8,"1368",0,0,0,10,9,34.9,532,奥村武,美,0,22103994,00422,01145,0524570509,高橋美雄,タイヘイ牧場,デクラレーションオブウォー,プリンセスオブザスターズ,"Sea The Stars",栗毛,220128,   45.6,  ,    ,56.4
24,11,23,5,東京,7,05,新馬,15,芝,0,1600,良,ケーニッヒブルート,牡,2,横山武史,56.0,15,10,0,0,4,999.9,11,0,"----",0,0,0,15,0,0,484,中川公成,美,0,22102333,01170,01081,0524570510,ウエスト.フォレス,川向高橋育成牧場,スクリーンヒーロー,ロゼットブルー,ハービンジャー,鹿毛,220406,   49.7,  ,    , 0.0
24,11,23,5,東京,7,05,新馬,15,芝,0,1600,良,イスラパシフィカ  ,牝,2,原優介,54.0,15,11,12,12,0,2.1,12,97.6,"1376",0,0,0,14,14,34.7,436,蛯名正義,美,0,22105835,01184,01191,0524570511,G1レーシング,社台コーポレーショ,イスラボニータ,ピースバーグ,Sageburg,青鹿,220127,   89.3,  ,    ,58.8
24,11,23,5,東京,7,05,新馬,15,芝,0,1600,良,シャンパングラス  ,牡,2,岩田望来,56.0,15,12,7,7,0,1.1,6,96.6,"1366",0,0,0,3,4,35.3,444,池上昌和,美,0,22104932,01174,01150,0524570512,大塚亮一,ノーザンファーム,エピファネイア,ドゥシャンパーニュ,ロードカナロア,黒鹿,220308,   18.3,  ,    ,54.2
24,11,23,5,東京,7,05,新馬,15,芝,0,1600,良,サトノアルタイル  ,牡,2,斎藤新,56.0,15,13,6,6,0,0.8,7,96.3,"1363",0,0,0,5,5,34.7,504,斎藤誠,美,0,22103807,01178,01086,0524570513,里見治,ゴールドアップカン,サトノダイヤモンド,オーバービュー,Frankel,鹿毛,220323,   19.1,  ,    ,56.5
24,11,23,5,東京,7,05,新馬,15,芝,0,1600,良,テクスチャー      ,牝,2,石橋脩,55.0,15,14,10,10,0,1.9,15,97.4,"1374",0,0,0,12,12,34.8,434,和田正一,美,0,22101240,01077,01114,0524570514,山内晃,木部ファーム,ラブリーデイ,サンヴィヴァン,マンハッタンカフェ,栗毛,220210,  257.2,  ,    ,57.9
24,11,23,5,東京,7,05,新馬,15,芝,0,1600,良,ステラブローニュ  ,牝,2,ルメール,55.0,15,15,9,9,0,1.7,3,97.2,"1372",0,0,0,5,5,35.7,456,黒岩陽一,美,0,22101737,05339,01133,0524570515,山本又一郎,チャンピオンズファ,スワーヴリチャード,ステラムーン,アドマイヤムーン,栗毛,220217,    5.1,  ,    ,53.4
24,11,23,5,東京,7,06,１勝ｸﾗｽ,23,ダ,1,1600,稍,カーマンライン    ,牡,3,戸崎圭太,57.0,16,01,8,8,0,1.4,10,97.6,"1376",0,0,0,8,8,37.1,506,小島茂之,美,0,21105329,05386,01068,0524570601,ノルマンディーサラ,ゼットステーブル,ネオユニヴァース,トーコーディオーネ,エンパイアメーカー,黒鹿,210313,   36.8,  ,    ,47.8
24,11,23,5,東京,7,06,１勝ｸﾗｽ,23,ダ,1,1600,稍,バスターコール    ,牡,3,北村宏司,57.0,16,02,14,14,0,2.9,12,99.1,"1391",0,0,0,7,5,38.8,490,田村康仁,美,0,21105668,01043,01027,0524570602,サンデーレーシング,ノーザンファーム,ルーラーシップ,デグラーティア,フジキセキ,鹿毛,210212,   88.7,  ,    ,43.2
24,11,23,5,東京,7,06,１勝ｸﾗｽ,23,ダ,1,1600,稍,マスグラバイト    ,セ,4,菅原明良,58.0,16,03,3,3,0,0.8,4,97,"1370",0,0,0,13,11,36.2,480,高木登,美,200,20103505,01179,01088,0524570603,サンデーレーシング,ノーザンファーム,ヘニーヒューズ,トリプライト,ワイルドラッシュ,栗毛,200210,   14.7,  ,    ,50.8
24,11,23,5,東京,7,06,１勝ｸﾗｽ,23,ダ,1,1600,稍,ドントレットゴー  ,牝,3,岩田望来,55.0,16,04,16,16,0,5,13,101.2,"1412",0,0,0,1,1,41.4,446,藤野健太,栗,0,21103614,01174,01200,0524570604,今村明浩,岡田牧場,アメリカンペイトリオット,レットハーゴー,ネオユニヴァース,鹿毛,210325,  143.3,  ,    ,36.7
24,11,23,5,東京,7,06,１勝ｸﾗｽ,23,ダ,1,1600,稍,コッレヴェッキオ  ,牡,3,ビュイッ,57.0,16,05,13,13,0,2.5,3,98.7,"1387",0,0,0,8,8,38.2,472,高橋文雅,美,0,21105730,05495,01134,0524570605,吉田勝己,ノーザンファーム,モーリス,フォンターナリーリ,クロフネ,鹿毛,210316,    6.8,  ,    ,45.0
24,11,23,5,東京,7,06,１勝ｸﾗｽ,23,ダ,1,1600,稍,ムーランブルー    ,牝,4,長浜鴻緒,53.0,16,06,10,10,0,1.5,14,97.7,"1377",0,0,0,16,16,36.4,506,久保田貴,美,0,20101341,01214,01067,0524570606,村上卓史,オリオンファーム,ジャスタウェイ,アドアード,Galileo,栗毛,200327,  162.9,  ,    ,51.0
24,11,23,5,東京,7,06,１勝ｸﾗｽ,23,ダ,1,1600,稍,アンクエンチャブル,セ,3,ルメール,57.0,16,07,5,5,0,0.8,1,97,"1370",0,0,0,8,8,36.5,524,高柳瑞樹,美,80,21101660,05339,01118,0524570607,ゴドルフィン,ダーレー・ジャパン,ディスクリートキャット,スモーダリング,パイロ,栗毛,210204,    2.2,  ,    ,49.5
24,11,23,5,東京,7,06,１勝ｸﾗｽ,23,ダ,1,1600,稍,フォンメイリー    ,牝,5,原優介,55.0,16,08,15,15,0,3.5,16,99.7,"1397",0,0,0,2,2,39.8,490,粕谷昌央,美,0,19105287,01184,01096,0524570608,ノルマンディーサラ,ノーザンファーム,ドレフォン,チャイナドール,スペシャルウィーク,栗毛,190417,  340.5,  ,    ,40.3
24,11,23,5,東京,7,06,１勝ｸﾗｽ,23,ダ,1,1600,稍,ホワイトクロウ    ,セ,6,石橋脩,58.0,16,09,7,7,0,1.3,11,97.5,"1375",0,0,0,15,14,36.5,468,矢野英一,美,0,18105544,01077,01108,0524570609,キャロットファーム,社台コーポレーショ,ヘニーヒューズ,ピエリーナ,チチカステナンゴ,芦毛,180131,   38.0,  ,    ,50.3
24,11,23,5,東京,7,06,１勝ｸﾗｽ,23,ダ,1,1600,稍,ハンデンカイザー  ,牡,3,野中悠太,57.0,16,10,12,12,0,1.7,5,97.9,"1379",0,0,0,12,11,37.1,508,牧光二,美,0,21102456,01158,01106,0524570610,坂田行夫,船越伸也,ディスクリートキャット,ハタノディアマンテ,エンパイアメーカー,鹿毛,210604,   14.8,  ,    ,48.3
24,11,23,5,東京,7,06,１勝ｸﾗｽ,23,ダ,1,1600,稍,ダノンザボルケーノ,牡,3,横山典弘,57.0,16,11,1,1,0,-0.7,2,96.2,"1362",0,0,0,3,3,36.1,476,菊沢隆徳,美,800,21101478,00660,01115,0524570611,ダノックス,白井牧場,キタサンブラック,ダノンコスモス,アイルハヴアナザー,黒鹿,210503,    3.8,  ,    ,49.9
24,11,23,5,東京,7,06,１勝ｸﾗｽ,23,ダ,1,1600,稍,エピメテウス      ,牡,4,鮫島克駿,58.0,16,12,6,6,0,0.9,8,97.1,"1371",0,0,0,5,5,36.9,540,堀宣行,美,0,20103689,01157,01070,0524570612,吉田勝己,ノーザンファーム,モーリス,リングネブラ,ハーツクライ,鹿毛,200304,   23.3,  ,    ,47.9
24,11,23,5,東京,7,06,１勝ｸﾗｽ,23,ダ,1,1600,稍,チザルピーノ      ,セ,3,ムーア,57.0,16,13,2,2,0,0.7,7,96.9,"1369",0,0,0,3,3,36.8,468,堀宣行,美,320,21101928,05366,01070,0524570613,金子真人ホールディ,日高大洋牧場,ドレフォン,マローブルー,ディープインパクト,黒鹿,210428,   19.9,  ,    ,48.0
24,11,23,5,東京,7,06,１勝ｸﾗｽ,23,ダ,1,1600,稍,レッドライトニング,牡,3,荻野極,57.0,16,14,9,9,0,1.4,6,97.6,"1376",0,0,0,11,11,36.8,466,鹿戸雄一,美,0,21102200,01160,01097,0524570614,東京ホースレーシン,門別牧場,エイシンフラッシュ,ブランシェール,ディープインパクト,鹿毛,210409,   19.6,  ,    ,49.1
24,11,23,5,東京,7,06,１勝ｸﾗｽ,23,ダ,1,1600,稍,プチボヌール      ,牝,4,内田博幸,56.0,16,15,11,11,0,1.5,15,97.7,"1377",0,0,0,13,14,36.7,446,畠山吉宏,美,0,20102962,00422,01048,0524570615,村野康司,社台ファーム,ジャスタウェイ,トロワボヌール,バゴ,栗毛,200424,  276.3,  ,    ,49.7
24,11,23,5,東京,7,06,１勝ｸﾗｽ,23,ダ,1,1600,稍,ラズライト        ,牝,5,木幡巧也,56.0,16,16,4,4,0,0.8,9,97,"1370",0,0,0,5,5,36.8,454,松山将樹,美,120,19103122,01162,01100,0524570616,スリースターズレー,築紫洋,リオンディーズ,ショウナンガッド,フジキセキ,鹿毛,190216,   32.1,  ,    ,48.2
24,11,23,5,東京,7,07,１勝ｸﾗｽ,23,芝,0,2400,良,ズイウンゴサイ    ,牡,3,丸田恭介,56.0,12,01,2,2,0,0.1,3,144.8,"2248",0,7,8,11,10,34.5,456,武市康男,美,320,21100597,01117,01089,0524570701,植村仁,エムエム、ヤマダフ,シュヴァルグラン,ブルーインザスカイ,チチカステナンゴ,芦毛,210318,    5.0,  ,    ,56.6
24,11,23,5,東京,7,07,１勝ｸﾗｽ,23,芝,0,2400,良,エラン            ,牡,3,ムーア,56.0,12,02,11,11,0,1.6,2,146.3,"2263",0,4,3,3,3,36.7,466,蛯名正義,美,0,21105453,05366,01191,0524570702,金子真人ホールディ,ノーザンファーム,ラブリーデイ,オーキッドレイ,ディープインパクト,黒鹿,210305,    4.0,  ,    ,49.5
24,11,23,5,東京,7,07,１勝ｸﾗｽ,23,芝,0,2400,良,ビートザレコード  ,牡,5,吉田豊,58.0,12,03,9,9,0,1.3,10,146,"2260",0,11,11,12,12,35.4,488,戸田博文,美,0,19104588,00733,01054,0524570703,G1レーシング,社台コーポレーショ,ジャスタウェイ,ビートリックスキッド,"Victory Note",鹿毛,190405,   56.8,  ,    ,54.1
24,11,23,5,東京,7,07,１勝ｸﾗｽ,23,芝,0,2400,良,ミッキーストライク,牡,3,坂井瑠星,56.0,12,04,8,8,0,1.1,8,145.8,"2258",0,9,9,10,10,35.5,508,矢作芳人,栗,0,21105729,01163,01075,0524570704,野田みづき,ノーザンファーム,ドゥラメンテ,フォンタネリーチェ,"Vale of York",鹿毛,210208,   22.0,  ,    ,53.6
24,11,23,5,東京,7,07,１勝ｸﾗｽ,23,芝,0,2400,良,ピースヒロフェイス,牝,3,石橋脩,54.0,12,05,6,6,0,0.8,11,145.5,"2255",0,1,1,1,1,36.2,462,牧光二,美,0,21105769,01077,01106,0524570705,中平和宏,ノーザンファーム,サトノダイヤモンド,ペルヴィアンリリー,フレンチデピュティ,鹿毛,210405,   60.3,  ,    ,50.6
24,11,23,5,東京,7,07,１勝ｸﾗｽ,23,芝,0,2400,良,テイクノーティス  ,牡,3,荻野極,56.0,12,06,10,10,0,1.3,12,146,"2260",0,10,9,6,6,36.1,458,伊坂重信,美,0,21104776,01160,01177,0524570706,吉田晴哉,追分ファーム,ハービンジャー,ハイヤーアプシス,ダノンシャンティ,黒鹿,210315,  172.3,  ,    ,51.5
24,11,23,5,東京,7,07,１勝ｸﾗｽ,23,芝,0,2400,良,イクリール        ,牡,3,丸山元気,56.0,12,07,4,4,0,0.7,5,145.4,"2254",0,2,2,2,2,36,508,青木孝文,美,120,21106563,01127,01156,0524570707,キャロットファーム,新冠橋本牧場,シュヴァルグラン,エンプレスティアラ,クロフネ,栗毛,210408,    8.8,  ,    ,51.3
24,11,23,5,東京,7,07,１勝ｸﾗｽ,23,芝,0,2400,良,コンテソレーラ    ,牝,3,石川裕紀,54.0,12,08,5,5,0,0.8,6,145.5,"2255",0,6,6,8,8,35.4,480,手塚貴久,美,80,21105449,01150,01038,0524570708,インゼルレーシング,ノーザンファーム,リアルスティール,エレクトラム,"High Chaparral",鹿毛,210223,   19.0,  ,    ,53.7
24,11,23,5,東京,7,07,１勝ｸﾗｽ,23,芝,0,2400,良,マイネルジャッカル,牡,6,丹内祐次,58.0,12,09,12,12,0,1.7,9,146.4,"2264",0,12,11,3,3,36.8,478,西田雄一,美,0,18106739,01091,01187,0524570709,サラブレッドクラブ,小野瀬竜馬,トーホウジャッカル,リトルラブソング,マイネルラヴ,鹿毛,180412,   32.7,  ,    ,49.3
24,11,23,5,東京,7,07,１勝ｸﾗｽ,23,芝,0,2400,良,トラストボス      ,牡,3,戸崎圭太,56.0,12,10,3,3,0,0.3,4,145,"2250",0,7,6,8,8,34.9,428,高橋文雅,美,200,21106972,05386,01134,0524570710,菅波立知子,村上欽哉,キズナ,ウェストレー,オルフェーヴル,鹿毛,210429,    8.2,  ,    ,55.2
24,11,23,5,東京,7,07,１勝ｸﾗｽ,23,芝,0,2400,良,ダノンホイットニー,牝,3,ルメール,54.0,12,11,1,1,0,-0.1,1,144.7,"2247",0,4,5,6,6,34.8,422,大竹正博,美,800,21105639,05339,01102,0524570711,ダノックス,ノーザンファーム,ミッキーロケット,ダノンチェリー,ディープインパクト,鹿毛,210304,    2.8,  ,    ,55.3
24,11,23,5,東京,7,07,１勝ｸﾗｽ,23,芝,0,2400,良,ポルトフェリス    ,牝,3,ドイル,54.0,12,12,7,7,0,1.1,7,145.8,"2258",0,3,3,3,3,36.2,488,栗田徹,美,0,21105780,05625,01127,0524570712,サンデーレーシング,ノーザンファーム,エピファネイア,ポルトフィーノ,クロフネ,黒鹿,210326,   19.4,  ,    ,50.9
24,11,23,5,東京,7,08,２勝ｸﾗｽ,43,ダ,1,2100,稍,キャネル          ,牡,3,ルメール,56.0,16,01,2,2,0,0.1,1,131.4,"2114",0,6,5,7,6,38.2,490,手塚貴久,美,460,21105885,05339,01038,0524570801,落合幸弘,ノーザンファーム,ブリックスアンドモルタル,レッドラヴィータ,スペシャルウィーク,栗毛,210222,    2.6,  ,    ,47.6
24,11,23,5,東京,7,08,２勝ｸﾗｽ,43,ダ,1,2100,稍,オソルノ          ,牡,4,マーカン,58.0,16,02,16,16,0,4.7,9,136,"2160",0,3,3,5,6,42.9,510,萩原清,美,0,20102578,05626,01017,0524570802,池谷誠一,追分ファーム,シニスターミニスター,ヌチバナ,キングカメハメハ,鹿毛,200317,   52.3,  ,    ,36.8
24,11,23,5,東京,7,08,２勝ｸﾗｽ,43,ダ,1,2100,稍,フリーフロー      ,牡,7,丹内祐次,58.0,16,03,15,15,0,4.3,16,135.6,"2156",0,11,9,10,9,42.2,482,宗像義忠,美,0,17103788,01091,00420,0524570803,里見美惠子,千代田牧場,バーディバーディ,サトノアーチ,マンハッタンカフェ,栗毛,170403,  346.8,  ,    ,38.5
24,11,23,5,東京,7,08,２勝ｸﾗｽ,43,ダ,1,2100,稍,ルーラーリッチ    ,セ,4,菅原明良,58.0,16,04,5,5,0,0.8,13,132.1,"2121",0,6,7,8,9,38.6,492,小島茂之,美,114,20102793,01179,01068,0524570804,宇田豊,社台ファーム,ルーラーシップ,エバーキュート,チチカステナンゴ,鹿毛,200501,  111.2,  ,    ,46.9
24,11,23,5,東京,7,08,２勝ｸﾗｽ,43,ダ,1,2100,稍,トーホウボルツ    ,牡,6,横山和生,58.0,16,05,11,11,0,1.9,10,133.2,"2132",0,2,2,2,3,40.3,492,嘉藤貴行,美,0,18103018,01140,01195,0524570805,東豊物産,王蔵牧場,ワールドエース,レディークライスト,"Holy Bull",黒鹿,180322,   57.9,  ,    ,42.2
24,11,23,5,東京,7,08,２勝ｸﾗｽ,43,ダ,1,2100,稍,トーアシオン      ,セ,8,内田博幸,58.0,16,06,13,13,0,2.4,14,133.7,"2137",0,16,16,14,12,39.9,488,辻哲英,美,0,16104152,00422,01182,0524570806,高山ランド,トーア牧場,プリサイスエンド,トーアティアレ,ゴールドアリュール,栗毛,160221,  215.9,  ,    ,44.0
24,11,23,5,東京,7,08,２勝ｸﾗｽ,43,ダ,1,2100,稍,トーセンクライスト,牡,5,丸田恭介,58.0,16,07,7,7,0,1.2,11,132.5,"2125",0,14,14,15,14,38.3,532,宗像義忠,美,0,19104467,01117,00420,0524570807,島川隆哉,追分ファーム,オルフェーヴル,セレスティアルキャット,"Tale of the Cat",栗毛,190204,   84.1,  ,    ,48.4
24,11,23,5,東京,7,08,２勝ｸﾗｽ,43,ダ,1,2100,稍,ピュアキアン      ,牡,3,吉田豊,56.0,16,08,1,1,0,-0.1,2,131.3,"2113",0,1,1,1,1,38.8,510,竹内正洋,美,1140,21107001,00733,01152,0524570808,鶴見芳子,村上欽哉,ホッコータルマエ,ピュアプレジャー,Tiznow,鹿毛,210325,    2.9,  ,    ,45.4
24,11,23,5,東京,7,08,２勝ｸﾗｽ,43,ダ,1,2100,稍,ゴールドアローン  ,牝,3,原優介,53.0,16,09,4,4,0,0.4,7,131.7,"2117",0,3,5,6,5,38.7,466,青木孝文,美,170,21106874,01184,01156,0524570809,居城寿与,北勝ファーム,ドレフォン,ゴールドアクション,ヘニーヒューズ,鹿毛,210320,   14.9,  ,    ,46.1
24,11,23,5,東京,7,08,２勝ｸﾗｽ,43,ダ,1,2100,稍,グランオース      ,牡,3,角田大和,56.0,16,10,9,9,0,1.6,8,132.9,"2129",0,6,7,8,15,38.5,520,角田晃一,栗,0,21100620,01186,01121,0524570810,グランホース,大島牧場,マジェスティックウォリアー,レゾリューション,カリズマティック,栗毛,210510,   44.5,  ,    ,48.1
24,11,23,5,東京,7,08,２勝ｸﾗｽ,43,ダ,1,2100,稍,ミッキーラッキー  ,牡,3,ムーア,56.0,16,11,14,14,0,2.6,3,133.9,"2139",0,3,3,2,2,41.3,562,堀宣行,美,0,21105561,05366,01070,0524570811,野田みづき,ノーザンファーム,ドゥラメンテ,シャンパンエニワン,"Street Sense",栗毛,210209,    8.0,  ,    ,39.7
24,11,23,5,東京,7,08,２勝ｸﾗｽ,43,ダ,1,2100,稍,ダノンターキッシュ,牡,6,岩田望来,58.0,16,12,6,6,0,0.8,12,132.1,"2121",0,11,11,10,8,38.8,452,寺島良,栗,0,18100410,01174,01158,0524570812,ダノックス,下河辺牧場,ルーラーシップ,ターキー,Sinndar,鹿毛,180414,   85.3,  ,    ,46.2
24,11,23,5,東京,7,08,２勝ｸﾗｽ,43,ダ,1,2100,稍,ムジェロ          ,牡,4,ビュイッ,58.0,16,13,8,8,0,1.5,4,132.8,"2128",0,14,14,16,15,38.5,504,藤原英昭,栗,0,20103414,05495,01055,0524570813,ラ・メール,ノーザンファーム,ハーツクライ,シーヴ,Mineshaft,鹿毛,200115,   10.4,  ,    ,48.0
24,11,23,5,東京,7,08,２勝ｸﾗｽ,43,ダ,1,2100,稍,エンツォウーノ    ,セ,4,大野拓弥,58.0,16,14,12,12,0,2.3,6,133.6,"2136",0,13,11,4,3,40.8,504,田中克典,栗,0,20104790,01096,01180,0524570814,廣崎智子,藤原牧場,エイシンヒカリ,トレノエンジェル,タイキシャトル,芦毛,200418,   14.4,  ,    ,41.0
24,11,23,5,東京,7,08,２勝ｸﾗｽ,43,ダ,1,2100,稍,ヒルズカーン      ,牡,4,石橋脩,58.0,16,15,10,10,0,1.6,15,132.9,"2129",0,10,13,13,12,39.1,500,松永康利,美,0,20106166,01077,01093,0524570815,湯澤寛,清水誠一,ダノンバラード,ドクトルコスモ,オレハマッテルゼ,黒鹿,200507,  280.0,  ,    ,46.0
24,11,23,5,東京,7,08,２勝ｸﾗｽ,43,ダ,1,2100,稍,サトノトルネード  ,牡,4,戸崎圭太,58.0,16,16,3,3,0,0.4,5,131.7,"2117",0,9,9,10,9,38.3,522,国枝栄,美,290,20103463,05386,00399,0524570816,里見治,ノーザンファーム,ハーツクライ,タイタンクイーン,Tiznow,黒鹿,200402,   13.4,  ,    ,47.5
24,11,23,5,東京,7,09,カトレア,131,ダ,1,1600,稍,ピコレッド        ,牡,2,木幡巧也,56.0,16,01,13,13,0,2.3,14,98.7,"1387",0,0,0,8,8,38.6,532,牧光二,美,0,22107272,01162,01106,0524570901,ビジュピコ,チャンピオンズファ,ヘニーヒューズ,シーイズチャンプ,ダノンシャンティ,栗毛,220215,  184.5,  ,    ,43.4
24,11,23,5,東京,7,09,カトレア,131,ダ,1,1600,稍,マリブオレンジ    ,牝,2,岩田望来,55.0,16,02,14,14,0,2.6,6,99,"1390",0,0,0,4,3,39.1,446,福永祐一,栗,0,22110134,01174,01203,0524570902,DMMドリームクラブ,"Newtownanner Stud",Vekoma,"Malibu Pier","Malibu Moon",栗毛,220322,   15.7,  ,    ,41.9
24,11,23,5,東京,7,09,カトレア,131,ダ,1,1600,稍,レイナデアルシーラ,牝,2,石橋脩,55.0,16,03,11,11,0,2,9,98.4,"1384",0,0,0,1,1,38.8,498,西園正都,栗,0,22104628,01077,01028,0524570903,グリーンファーム,ノーザンファーム,ナダル,アンデスクイーン,タートルボウル,鹿毛,220217,   89.2,  ,    ,42.2
24,11,23,5,東京,7,09,カトレア,131,ダ,1,1600,稍,ドラゴンウェルズ  ,牡,2,ムーア,56.0,16,04,9,9,0,1.5,4,97.9,"1379",0,0,0,2,2,38.2,458,藤原英昭,栗,0,22110137,05366,01055,0524570904,窪田芳郎,"Willow Oaks Stable",Frosted,"Little Dipper",Eskendereya,芦毛,220326,    7.4,  ,    ,43.8
24,11,23,5,東京,7,09,カトレア,131,ダ,1,1600,稍,ルイステソーロ    ,牡,2,菅原明良,56.0,16,05,16,16,0,3.3,15,99.7,"1397",0,0,0,3,3,39.9,488,畠山吉宏,美,0,22100574,01179,01048,0524570905,了徳寺健二ホールデ,木田牧場,シニスターミニスター,ヘルディン,ロードアルティマ,栗毛,220227,  225.1,  ,    ,39.9
24,11,23,5,東京,7,09,カトレア,131,ダ,1,1600,稍,テーオーエルビス  ,牡,2,鮫島克駿,56.0,16,06,3,3,0,0.4,7,96.8,"1368",0,0,0,4,3,36.9,496,高柳大輔,栗,400,22110081,01157,01159,0524570906,小笹公也,"Jeff Prunzik & Mel",Volatile,Stopshoppingdebbie,Curlin,黒鹿,220214,   16.2,  ,    ,47.4
24,11,23,5,東京,7,09,カトレア,131,ダ,1,1600,稍,スナッピードレッサ,牡,2,坂井瑠星,56.0,16,07,4,4,0,0.7,1,97.1,"1371",0,0,0,13,12,36.7,484,大竹正博,美,240,22110007,01163,01102,0524570907,ゴドルフィン,Godolphin,"Union Rags","Caramel Snap","Smart Strike",黒鹿,220519,    2.5,  ,    ,48.7
24,11,23,5,東京,7,09,カトレア,131,ダ,1,1600,稍,バギーウィップ    ,牡,2,戸崎圭太,56.0,16,08,10,10,0,1.6,8,98,"1380",0,0,0,11,12,37.7,496,萩原清,美,0,22102987,05386,01017,0524570908,キャロットファーム,辻牧場,ナダル,トーコーユズキ,ディープインパクト,黒鹿,220424,   51.0,  ,    ,46.0
24,11,23,5,東京,7,09,カトレア,131,ダ,1,1600,稍,カンレイスキー    ,牡,2,石川裕紀,56.0,16,09,5,5,0,1,13,97.4,"1374",0,0,0,15,15,36.4,472,竹内正洋,美,160,22106545,01150,01152,0524570909,那須野牧場,那須野,デクラレーションオブウォー,ナスノフィオナ,ホワイトマズル,鹿毛,220304,  158.6,  ,    ,50.5
24,11,23,5,東京,7,09,カトレア,131,ダ,1,1600,稍,クレーキング      ,牡,2,ルメール,56.0,16,10,2,2,0,0.1,3,96.5,"1365",0,0,0,8,8,36.4,486,中舘英二,美,640,22104743,05339,01153,0524570910,シルクレーシング,ノーザンファーム,ナダル,クインアマランサス,キングカメハメハ,栗毛,220120,    6.2,  ,    ,49.1
24,11,23,5,東京,7,09,カトレア,131,ダ,1,1600,稍,キアヌ            ,牡,2,小崎綾也,56.0,16,11,15,15,0,2.7,11,99.1,"1391",0,0,0,6,8,39,504,小崎憲,栗,0,22106585,01152,01085,0524570911,ニッシンホールディ,新冠橋本牧場,ディスクリートキャット,ジョディーズロマン,サムライハート,栗毛,220119,  114.3,  ,    ,42.5
24,11,23,5,東京,7,09,カトレア,131,ダ,1,1600,稍,ナチュラルライズ  ,牡,2,横山武史,56.0,16,12,1,1,0,-0.1,2,96.4,"1364",0,0,0,8,7,36.4,490,伊藤圭三,美,1600,22103795,01170,01023,0524570912,吉岡寛行,グランド牧場,キズナ,レディマドンナ,"Distorted Humor",鹿毛,220202,    3.6,  ,    ,48.9
24,11,23,5,東京,7,09,カトレア,131,ダ,1,1600,稍,ボルトテソーロ    ,牡,2,ドイル,56.0,16,13,7,7,0,1.4,12,97.8,"1378",0,0,0,6,3,37.9,476,栗田徹,美,0,22106718,05625,01127,0524570913,了徳寺健二ホールデ,パカパカファーム,サンダースノー,カメリアローズ2,Oratorio,鹿毛,220412,  144.6,  ,    ,44.8
24,11,23,5,東京,7,09,カトレア,131,ダ,1,1600,稍,フィドルファドル  ,牝,2,横山和生,55.0,16,14,8,8,0,1.4,10,97.8,"1378",0,0,0,11,11,37.6,454,矢作芳人,栗,0,22104674,01140,01075,0524570914,キャロットファーム,ノーザンファーム,サトノアラジン,ヴィートマルシェ,フレンチデピュティ,鹿毛,220301,  111.8,  ,    ,46.1
24,11,23,5,東京,7,09,カトレア,131,ダ,1,1600,稍,タガノバビロン    ,牡,2,マーカン,56.0,16,15,6,6,0,1.2,5,97.6,"1376",0,0,0,13,12,37.3,512,西園翔太,栗,0,22106553,05626,01196,0524570915,八木良司,新冠タガノファーム,ヘニーヒューズ,スペシャルディナー,スペシャルウィーク,鹿毛,220405,   10.7,  ,    ,47.0
24,11,23,5,東京,7,09,カトレア,131,ダ,1,1600,稍,パナランギン      ,牡,2,大野拓弥,56.0,16,16,12,12,0,2.1,16,98.5,"1385",0,0,0,16,16,37.2,494,松山将樹,美,0,22102337,01096,01100,0524570916,大瀧啓之,北島牧場,レッドファルクス,ノスタルジア,ノヴェリスト,鹿毛,220317,  363.4,  ,    ,48.9
24,11,23,5,東京,7,10,シャング･3勝,67,ダ,1,1400,稍,フォラブリューテ  ,牝,5,北村宏司,56.0,16,01,16,16,0,5,14,88.2,"1282",0,0,0,12,14,40,462,嘉藤貴行,美,0,19105398,01043,01195,0524571001,キャロットファーム,ノーザンファーム,エピファネイア,ブルーメンブラット,アドマイヤベガ,黒鹿,190502,  173.6,  ,    ,40.4
24,11,23,5,東京,7,10,シャング･3勝,67,ダ,1,1400,稍,キャプテンネキ    ,牝,3,戸崎圭太,55.0,16,02,14,14,0,2.9,3,86.1,"1261",0,0,0,2,2,39.1,532,杉山晴紀,栗,0,21101523,05386,01157,0524571002,程田真司,シンボリ牧場,ダイワメジャー,キャプテンガール,キャプテンスティーヴ,栗毛,210323,    6.2,  ,    ,40.2
24,11,23,5,東京,7,10,シャング･3勝,67,ダ,1,1400,稍,ベルウェザー      ,牡,3,ムーア,57.0,16,03,8,8,0,1.2,2,84.4,"1244",0,0,0,5,3,37.2,482,茶木太樹,栗,0,21105425,05366,01181,0524571003,DMMドリームクラブ,ノーザンファーム,ニューイヤーズデイ,ヴィラ,ディープインパクト,鹿毛,210426,    4.9,  ,    ,45.2
24,11,23,5,東京,7,10,シャング･3勝,67,ダ,1,1400,稍,ラックスアットゼア,牝,4,斎藤新,56.0,16,04,9,9,0,1.3,10,84.5,"1245",0,0,0,5,7,37.2,466,斎藤誠,美,0,20110083,01178,01086,0524571004,田記正規,"The Estate of Tomm",Kantharos,"Come Sunday",Repent,黒鹿,200427,   39.5,  ,    ,45.4
24,11,23,5,東京,7,10,シャング･3勝,67,ダ,1,1400,稍,ゴッドブルービー  ,牡,4,角田大和,58.0,16,05,6,6,0,1.1,9,84.3,"1243",0,0,0,8,8,36.9,454,角田晃一,栗,0,20106063,01186,01121,0524571005,中西憲治,芳住鉄兵,パイロ,ゴッドビラブドミー,ブライアンズタイム,黒鹿,200520,   26.2,  ,    ,46.3
24,11,23,5,東京,7,10,シャング･3勝,67,ダ,1,1400,稍,ジャスリー        ,牡,4,木幡巧也,58.0,16,06,3,3,0,0.8,13,84,"1240",0,0,0,11,11,36.2,528,田島俊明,美,460,20102814,01162,01112,0524571006,越村洋子,社台ファーム,ルーラーシップ,オールドパサデナ,"Empire Maker",鹿毛,200412,  138.1,  ,    ,49.0
24,11,23,5,東京,7,10,シャング･3勝,67,ダ,1,1400,稍,モナルヒ          ,牡,5,小崎綾也,58.0,16,07,7,7,0,1.1,11,84.3,"1243",0,0,0,13,11,36.4,470,小崎憲,栗,0,19100723,01152,01085,0524571007,ノースヒルズ,平山牧場,ヘニーハウンド,マザーレイク,サンデーサイレンス,鹿毛,190424,  104.1,  ,    ,48.7
24,11,23,5,東京,7,10,シャング･3勝,67,ダ,1,1400,稍,プラチナジュビリー,牝,4,マーカン,56.0,16,08,13,13,0,2.3,6,85.5,"1255",0,0,0,5,3,38.3,504,田村康仁,美,0,20106386,05626,01027,0524571008,大塚亮一,杵臼牧場,リアルスティール,カホマックス,クロフネ,鹿毛,200417,   12.6,  ,    ,42.4
24,11,23,5,東京,7,10,シャング･3勝,67,ダ,1,1400,稍,スタンリーテソーロ,牡,3,菅原明良,57.0,16,09,12,12,0,2,7,85.2,"1252",0,0,0,2,3,38,428,稲垣幸雄,美,0,21102275,01179,01167,0524571009,了徳寺健二ホールデ,リョーケンファーム,ファインニードル,ジャニュアリージョーンズ,Shirocco,鹿毛,210301,   16.3,  ,    ,43.2
24,11,23,5,東京,7,10,シャング･3勝,67,ダ,1,1400,稍,ユキマル          ,牡,4,丹内祐次,58.0,16,10,10,10,0,1.4,4,84.6,"1246",0,0,0,4,3,37.5,496,尾形和幸,美,0,20101174,01091,01141,0524571010,高橋文男,船越伸也,グレーターロンドン,キニナルーイ,シニスターミニスター,鹿毛,200411,    7.2,  ,    ,44.2
24,11,23,5,東京,7,10,シャング･3勝,67,ダ,1,1400,稍,ウラカワノキセキ  ,牝,5,丸山元気,56.0,16,11,15,15,0,3.9,16,87.1,"1271",0,0,0,1,1,40.3,466,田島俊明,美,0,19103428,01127,01112,0524571011,ライオンレースホー,浦河日成牧場,ヘニーヒューズ,クイーンキセキ,フジキセキ,鹿毛,190412,  272.4,  ,    ,37.1
24,11,23,5,東京,7,10,シャング･3勝,67,ダ,1,1400,稍,ジョディーズマロン,牡,6,横山典弘,58.0,16,12,2,2,0,0.4,5,83.6,"1236",0,0,0,15,13,35.6,464,北出成人,栗,740,18101989,00660,01078,0524571012,ローレルレーシング,新冠橋本牧場,ディスクリートキャット,ジョディーズロマン,サムライハート,栗毛,180221,    8.0,  ,    ,51.1
24,11,23,5,東京,7,10,シャング･3勝,67,ダ,1,1400,稍,ドラゴンゴクウ    ,牡,5,野中悠太,58.0,16,13,11,11,0,1.8,15,85,"1250",0,0,0,16,16,36.4,492,根本康広,美,0,19105587,01158,01029,0524571013,福本次雄,福本次雄,トゥザグローリー,トーセンウーノ,シンボリクリスエス,黒鹿,190317,  185.7,  ,    ,50.1
24,11,23,5,東京,7,10,シャング･3勝,67,ダ,1,1400,稍,ハッピーロンドン  ,牡,4,菊沢一樹,58.0,16,14,5,5,0,1,8,84.2,"1242",0,0,0,10,10,36.6,490,菊沢隆徳,美,184,20101639,01161,01115,0524571014,窪田芳郎,白井牧場,グレーターロンドン,ハッピーベリンダ,アグネスデジタル,栗毛,200216,   19.6,  ,    ,47.5
24,11,23,5,東京,7,10,シャング･3勝,67,ダ,1,1400,稍,ロレンツォ        ,牡,6,横山武史,58.0,16,15,4,4,0,1,12,84.2,"1242",0,0,0,13,14,36.1,484,加藤征弘,美,280,18103341,01170,01059,0524571015,丸山担,伏木田牧場,ロードカナロア,マリアフィオーレ,ハーツクライ,黒鹿,180408,  123.9,  ,    ,49.9
24,11,23,5,東京,7,10,シャング･3勝,67,ダ,1,1400,稍,サルヴァトーレ    ,牡,4,ビュイッ,58.0,16,16,1,1,0,-0.4,1,83.2,"1232",0,0,0,9,8,35.8,484,和田正一,美,1840,20100301,05495,01114,0524571016,ノースヒルズ,土居牧場,キズナ,セレブラール,ボストンハーバー,鹿毛,200427,    3.0,  ,    ,49.3
24,11,23,5,東京,7,11,キャピタ(L),115,芝,0,1600,良,レッドモンレーヴ  ,牡,5,マーカン,58.0,18,01,3,3,0,0.2,5,92.5,"1325",0,0,0,8,6,34.1,514,蛯名正義,美,680,19105496,05626,01191,0524571101,東京ホースレーシン,ノーザンファーム,ロードカナロア,ラストグルーヴ,ディープインパクト,鹿毛,190217,    8.1,  ,    ,52.8
24,11,23,5,東京,7,11,キャピタ(L),115,芝,0,1600,良,ロジリオン        ,牡,3,北村宏司,56.0,18,02,4,4,0,0.2,2,92.5,"1325",0,0,0,5,4,34.3,494,古賀慎明,美,410,21102424,01043,01079,0524571102,久米田正明,坂東牧場,リオンディーズ,ビービーバーレル,パイロ,青鹿,210306,    5.0,  ,    ,51.8
24,11,23,5,東京,7,11,キャピタ(L),115,芝,0,1600,良,マテンロウオリオン,牡,5,横山和生,57.0,18,03,7,7,0,0.6,9,92.9,"1329",0,0,0,11,11,34.2,472,昆貢,栗,0,19100965,01140,01044,0524571103,寺田千代乃,ムラカミファーム,ダイワメジャー,パルテノン,キングカメハメハ,黒鹿,190220,   46.3,  ,    ,53.0
24,11,23,5,東京,7,11,キャピタ(L),115,芝,0,1600,良,ドーブネ          ,牡,5,菱田裕二,57.0,18,04,17,17,0,4,7,96.3,"1363",0,0,0,2,4,38.1,470,武幸四郎,栗,0,19104896,01144,01160,0524571104,藤田晋,社台ファーム,ディープインパクト,プレミアステップス,Footstepsinthesand,青毛,190403,   19.3,  ,    ,41.7
24,11,23,5,東京,7,11,キャピタ(L),115,芝,0,1600,良,アスクコンナモンダ,牡,5,岩田望来,57.0,18,05,5,5,0,0.4,6,92.7,"1327",0,0,0,8,9,34.1,460,中内田充,栗,270,19104642,01174,01137,0524571105,廣崎利洋HD,社台ファーム,ダイワメジャー,アンナモンダ,Monsun,栗毛,190214,   14.7,  ,    ,53.1
24,11,23,5,東京,7,11,キャピタ(L),115,芝,0,1600,良,スコールユニバンス,牝,5,ドイル,55.0,18,06,11,11,0,0.9,18,93.2,"1332",0,0,0,15,14,34.2,458,矢作芳人,栗,0,19105139,05625,01075,0524571106,亀井哲也,ノーザンファーム,ドゥラメンテ,カレドニアレディ,Firebreak,鹿毛,190108,  269.6,  ,    ,53.5
24,11,23,5,東京,7,11,キャピタ(L),115,芝,0,1600,良,サンライズロナウド,牡,5,横山典弘,57.0,18,07,8,8,0,0.7,4,93,"1330",0,0,0,2,2,35.1,478,安田翔伍,栗,0,19105087,00660,01164,0524571107,ライフハウス,ノーザンファーム,ハービンジャー,ヴァイスハイト,アドマイヤベガ,黒鹿,190509,    7.4,  ,    ,49.0
24,11,23,5,東京,7,11,キャピタ(L),115,芝,0,1600,良,メイショウチタン  ,牡,7,柴田善臣,57.0,18,08,15,15,0,2.5,15,94.8,"1348",0,0,0,4,3,36.7,470,本田優,栗,0,17104172,00641,01099,0524571108,松本好隆,松田牧場,ロードカナロア,ラルティスタ,マイネルラヴ,黒鹿,170312,   92.8,  ,    ,45.0
24,11,23,5,東京,7,11,キャピタ(L),115,芝,0,1600,良,ウォーターリヒト  ,牡,3,田辺裕信,56.0,18,09,1,1,0,0,8,92.3,"1323",0,0,0,11,11,33.5,466,河内洋,栗,2700,21100953,01075,01072,0524571109,山岡正人,伏木田牧場,ドレフォン,ウォーターピオニー,ヴィクトワールピサ,栗毛,210324,   19.6,  ,    ,55.3
24,11,23,5,東京,7,11,キャピタ(L),115,芝,0,1600,良,モズゴールドバレル,牝,5,丹内祐次,55.0,18,10,12,12,0,1.2,11,93.5,"1335",0,0,0,5,6,35.2,454,藤岡健一,栗,0,19110060,01091,01062,0524571110,キャピタル・システ,"Timothy Lesley Tho",Optimizer,"Sweeter Still","Rock of Gibraltar",黒鹿,190519,   52.5,  ,    ,49.4
24,11,23,5,東京,7,11,キャピタ(L),115,芝,0,1600,良,ルノマド          ,セ,6,スミヨン,57.0,18,11,13,13,0,1.3,16,93.6,"1336",0,0,0,18,18,34.4,524,グラファ,外,0,18190005,05271,05701,0524571111,エキュリ・M.オッフ,"Al Asayl Bloodstoc",Mastercraftsman,Zeva,Zamindar,栗毛,180420,  136.1,  ,    ,53.3
24,11,23,5,東京,7,11,キャピタ(L),115,芝,0,1600,良,セッタレダスト    ,牡,5,津村明秀,57.0,18,12,16,16,0,2.9,17,95.2,"1352",0,0,0,1,1,37.6,510,嘉藤貴行,美,0,19106985,01092,01195,0524571112,ビッグレッドファー,北光牧場,トゥザグローリー,ラストアウィン,ラストタイクーン,黒鹿,190510,  183.3,  ,    ,41.9
24,11,23,5,東京,7,11,キャピタ(L),115,芝,0,1600,良,ウンブライル      ,牝,4,ビュイッ,55.0,18,13,10,10,0,0.9,3,93.2,"1332",0,0,0,14,13,34.3,484,木村哲也,美,0,20103674,05495,01126,0524571113,サンデーレーシング,ノーザンファーム,ロードカナロア,ラルケット,ファルブラヴ,鹿毛,200116,    7.0,  ,    ,53.0
24,11,23,5,東京,7,11,キャピタ(L),115,芝,0,1600,良,ドナベティ        ,牝,3,坂井瑠星,54.0,18,14,18,18,0,5,14,97.3,"1373",0,0,0,11,14,38.3,428,矢作芳人,栗,0,21100210,01163,01075,0524571114,小川眞査雄,下屋敷牧場,リアルスティール,ドナルチア,"Malibu Moon",鹿毛,210310,   82.4,  ,    ,42.4
24,11,23,5,東京,7,11,キャピタ(L),115,芝,0,1600,良,グレイイングリーン,牡,6,戸崎圭太,57.0,18,15,9,9,0,0.8,12,93.1,"1331",0,0,0,8,9,34.5,494,池江泰寿,栗,0,18105454,05386,01071,0524571115,青芝商事,追分ファーム,ディープインパクト,リトルゲルダ,"Closing Argument",芦毛,180312,   53.6,  ,    ,51.9
24,11,23,5,東京,7,11,キャピタ(L),115,芝,0,1600,良,ラケマーダ        ,牡,4,鮫島克駿,57.0,18,16,6,6,0,0.6,13,92.9,"1329",0,0,0,15,14,33.9,490,千田輝彦,栗,0,20101784,01157,01120,0524571116,ゴドルフィン,ダーレー・ジャパン,アメリカンペイトリオット,アプト,アドマイヤムーン,鹿毛,200322,   73.7,  ,    ,54.4
24,11,23,5,東京,7,11,キャピタ(L),115,芝,0,1600,良,エアロロノア      ,セ,7,横山武史,57.0,18,17,14,14,0,2,10,94.3,"1343",0,0,0,15,14,35.3,482,笹田和秀,栗,0,17104685,01170,01104,0524571117,ラッキーフィールド,社台ファーム,キングカメハメハ,エアワンピース,ロックオブジブラルタル,鹿毛,170306,   52.2,  ,    ,50.3
24,11,23,5,東京,7,11,キャピタ(L),115,芝,0,1600,良,トロヴァトーレ    ,牡,3,ルメール,56.0,18,18,2,2,0,0,1,92.3,"1323",0,0,0,7,6,33.9,498,鹿戸雄一,美,1100,21105557,05339,01097,0524571118,サンデーレーシング,ノーザンファーム,レイデオロ,シャルマント,エンパイアメーカー,青鹿,210430,    2.8,  ,    ,53.4
24,11,23,5,東京,7,12,２勝ｸﾗｽ,43,芝,0,1600,良,ラーテル          ,セ,4,江田照男,58.0,14,01,10,10,0,0.7,12,94.4,"1344",0,0,0,5,5,34.6,468,南田美知,美,0,20104285,00689,00437,0524571201,Mr.ホース,静内フジカワ牧場,ビッグアーサー,オービーレディー,コマンダーインチーフ,芦毛,200403,  223.8,  ,    ,53.7
24,11,23,5,東京,7,12,２勝ｸﾗｽ,43,芝,0,1600,良,ナヴォーナ        ,牡,4,坂井瑠星,58.0,14,02,13,13,0,0.9,5,94.6,"1346",0,0,0,14,14,33.6,480,矢作芳人,栗,0,20103456,01163,01075,0524571202,ラ・メール,ノーザンファーム,ロードカナロア,セリエンホルデ,"Soldier Hollow",鹿毛,200127,    9.9,  ,    ,58.9
24,11,23,5,東京,7,12,２勝ｸﾗｽ,43,芝,0,1600,良,エイムフォーエース,牡,3,マーカン,57.0,14,03,7,7,0,0.5,6,94.2,"1342",0,0,0,5,5,34.3,444,武井亮,美,0,21104167,05626,01147,0524571203,KHレーシング,千代田牧場,サトノアラジン,ラストメッセージ,ジャングルポケット,鹿毛,210512,   11.8,  ,    ,54.8
24,11,23,5,東京,7,12,２勝ｸﾗｽ,43,芝,0,1600,良,ショーヒデキラ    ,牡,8,菊沢一樹,58.0,14,04,6,6,0,0.4,14,94.1,"1341",0,0,0,11,9,33.8,494,鈴木伸尋,美,0,16102080,01161,01026,0524571204,吉冨学,日進牧場,ディープブリランテ,マイユクール,バゴ,鹿毛,160315,  274.9,  ,    ,57.0
24,11,23,5,東京,7,12,２勝ｸﾗｽ,43,芝,0,1600,良,ワザモノ          ,牡,6,岩田望来,58.0,14,05,2,2,0,0,7,93.7,"1337",0,0,0,8,8,33.7,506,尾関知人,美,460,18103560,01174,01103,0524571205,ノルマンディーサラ,岡田スタツド,マツリダゴッホ,モトヒメ,ショウナンカンプ,鹿毛,180208,   38.0,  ,    ,56.8
24,11,23,5,東京,7,12,２勝ｸﾗｽ,43,芝,0,1600,良,コスモスプモーニ  ,牡,4,丹内祐次,58.0,14,06,12,12,0,0.8,13,94.5,"1345",0,0,0,10,11,34,484,松山将樹,美,0,20101261,01091,01100,0524571206,ビッグレッドファー,荒井ファーム,リアルインパクト,シャドウライフ,サクラバクシンオー,鹿毛,200509,  240.3,  ,    ,56.8
24,11,23,5,東京,7,12,２勝ｸﾗｽ,43,芝,0,1600,良,ハワイアンタイム  ,セ,4,横山典弘,58.0,14,07,4,4,0,0.3,9,94,"1340",0,0,0,3,3,34.4,494,昆貢,栗,170,20101808,00660,01044,0524571207,吉田勝利,ダーレー・ジャパン,ロードカナロア,ザマンダ,コマンズ,鹿毛,200210,   60.5,  ,    ,54.0
24,11,23,5,東京,7,12,２勝ｸﾗｽ,43,芝,0,1600,良,ジュドー          ,牡,4,ドイル,58.0,14,08,14,14,0,0.9,8,94.6,"1346",0,0,0,12,13,33.9,474,手塚貴久,美,0,20103534,05625,01038,0524571208,シルクレーシング,ノーザンファーム,モーリス,パンデイア,ディープインパクト,栗毛,200131,   59.1,  ,    ,57.4
24,11,23,5,東京,7,12,２勝ｸﾗｽ,43,芝,0,1600,良,ホウオウシェリー  ,牝,3,菅原明良,55.0,14,09,8,8,0,0.5,3,94.2,"1342",0,0,0,1,1,35,432,池上昌和,美,0,21103486,01179,01150,0524571209,小笹芳央,岡田スタツド,ブリックスアンドモルタル,オヒア,ブラックタイド,鹿毛,210305,    6.0,  ,    ,51.5
24,11,23,5,東京,7,12,２勝ｸﾗｽ,43,芝,0,1600,良,アンリーロード    ,牝,4,ルメール,56.0,14,10,3,3,0,0.1,2,93.8,"1338",0,0,0,3,3,34.2,474,茶木太樹,栗,290,20103304,05339,01181,0524571210,三木正浩,ノーザンファーム,リアルスティール,カシシ,ジャングルポケット,鹿毛,200316,    3.5,  ,    ,54.6
24,11,23,5,東京,7,12,２勝ｸﾗｽ,43,芝,0,1600,良,ルクスドヌーヴ    ,牝,4,北村宏司,56.0,14,11,9,9,0,0.7,11,94.4,"1344",0,0,0,13,12,33.8,448,堀内岳志,美,0,20101284,01043,01189,0524571211,ルクス,いとう牧場,ハーツクライ,スマートアストリア,ストラヴィンスキー,鹿毛,200311,  216.2,  ,    ,57.6
24,11,23,5,東京,7,12,２勝ｸﾗｽ,43,芝,0,1600,良,ミラビリスマジック,牝,3,ビュイッ,55.0,14,12,1,1,0,0,1,93.7,"1337",0,0,0,5,5,33.9,456,国枝栄,美,1140,21105105,05495,00399,0524571212,社台レースホース,社台ファーム,キズナ,ソーマジック,シンボリクリスエス,鹿毛,210509,    2.3,  ,    ,55.8
24,11,23,5,東京,7,12,２勝ｸﾗｽ,43,芝,0,1600,良,スマートスピア    ,牡,3,横山武史,57.0,14,13,5,5,0,0.4,4,94.1,"1341",0,0,0,8,9,33.8,508,池江泰寿,栗,114,21101106,01170,01071,0524571213,大川徹,いとう牧場,キズナ,レジェトウショウ,キングヘイロー,青鹿,210320,    9.3,  ,    ,57.0
24,11,23,5,東京,7,12,２勝ｸﾗｽ,43,芝,0,1600,良,コスモディナー    ,牝,3,松岡正海,55.0,14,14,11,11,0,0.8,10,94.5,"1345",0,0,0,2,2,35.2,472,伊藤伸一,美,0,21102653,01085,01031,0524571214,ビッグレッドファー,金石牧場,ダノンバラード,コスモミール,ヘクタープロテクター,黒鹿,210317,  103.8,  ,    ,51.1
24,11,24,5,東京,8,01,未勝利*,7,ダ,1,1400,良,ズットマツモト    ,牝,2,長岡禎仁,55.0,16,01,14,14,0,3.2,5,89.8,"1298",0,0,0,2,1,40.2,450,竹内正洋,美,0,22106587,01142,01152,0524580101,由井健太郎,新冠橋本牧場,ミッキーアイル,デライトポイント,トウカイテイオー,青鹿,220311,   17.1,  ,    ,42.5
24,11,24,5,東京,8,01,未勝利*,7,ダ,1,1400,良,シアワセデスカ    ,牝,2,田辺裕信,55.0,16,02,9,9,0,1.5,9,88.1,"1281",0,0,0,8,7,37.9,432,蛯名正義,美,0,22102403,01075,01191,0524580102,窪田芳郎,坂東牧場,グレーターロンドン,シアワセデス,ファルブラヴ,鹿毛,220301,   71.7,  ,    ,49.3
24,11,24,5,東京,8,01,未勝利*,7,ダ,1,1400,良,クリプトス        ,牡,2,丹内祐次,56.0,16,03,4,4,0,0.3,13,86.9,"1269",0,0,0,4,3,37,480,和田勇介,美,83,22101637,01091,01165,0524580103,ゴドルフィン,ダーレー・ジャパン,アメリカンペイトリオット,エンクリプション,ストーミングホーム,黒鹿,220321,  301.7,  ,    ,51.1
24,11,24,5,東京,8,01,未勝利*,7,ダ,1,1400,良,ルージュアマリア  ,牝,2,菅原明良,55.0,16,04,8,8,0,1.4,8,88,"1280",0,0,0,3,3,38,400,黒岩陽一,美,0,22105762,01179,01133,0524580104,東京ホースレーシン,社台コーポレーショ,ナダル,アルモニカ,ロードカナロア,鹿毛,220131,   38.0,  ,    ,48.7
24,11,24,5,東京,8,01,未勝利*,7,ダ,1,1400,良,ロンデシャッセ    ,牡,2,マーカン,56.0,16,05,6,6,0,1.4,7,88,"1280",0,0,0,6,7,37.7,452,加藤征弘,美,0,22101662,05626,01059,0524580105,ゴドルフィン,ダーレー・ジャパン,パイロ,チャチャチャ,"Daiwa Major",栗毛,220404,   29.6,  ,    ,50.1
24,11,24,5,東京,8,01,未勝利*,7,ダ,1,1400,良,アカデミズム      ,牝,2,柴田大知,55.0,16,06,15,15,0,3.5,16,90.1,"1301",0,0,0,16,16,38.5,440,佐藤吉勝,美,0,22106759,01009,01035,0524580106,ビッグレッドファー,ビッグレッドファー,ダノンバラード,アカデミック,"Henny Hughes",黒鹿,220602,  608.7,  ,    ,50.5
24,11,24,5,東京,8,01,未勝利*,7,ダ,1,1400,良,コスモシンテイ    ,牝,2,野中悠太,55.0,16,07,13,13,0,2.7,11,89.3,"1293",0,0,0,15,13,38.4,496,金成貴史,美,0,22106782,01158,01132,0524580107,ビッグレッドファー,ビッグレッドファー,ウインブライト,ストークアンドレイ,クロフネ,芦毛,220511,   96.0,  ,    ,49.4
24,11,24,5,東京,8,01,未勝利*,7,ダ,1,1400,良,エコロルキナ      ,牝,2,松山弘平,55.0,16,08,11,11,0,2.1,10,88.7,"1287",0,0,0,8,12,38.2,474,矢野英一,美,0,22101341,01126,01108,0524580108,原村正紀,坂牧場,モズアスコット,アルゴロオジエ,ハーツクライ,鹿毛,220220,   72.9,  ,    ,49.1
24,11,24,5,東京,8,01,未勝利*,7,ダ,1,1400,良,ジークマインド    ,牝,2,石神深道,52.0,16,09,12,12,0,2.6,14,89.2,"1292",0,0,0,14,13,38.2,456,和田雄二,美,0,22107319,01209,01143,0524580109,北駿競走馬組合,岡田スタツド,マインドユアビスケッツ,ハルシュタット,ファスリエフ,鹿毛,220502,  436.8,  ,    ,50.1
24,11,24,5,東京,8,01,未勝利*,7,ダ,1,1400,良,ショウナンカチドキ,牡,2,柴田善臣,56.0,16,10,3,3,0,0.3,4,86.9,"1269",0,0,0,1,2,37.2,452,久保田貴,美,140,22101258,00641,01067,0524580110,国本哲秀,木村牧場,マクフィ,ショウナンカサロ,キングカメハメハ,黒鹿,220328,    7.3,  ,    ,50.2
24,11,24,5,東京,8,01,未勝利*,7,ダ,1,1400,良,ヘルヴェティオス  ,牡,2,ビュイッ,56.0,16,11,1,1,0,-0.3,1,86.6,"1266",0,0,0,6,3,36.6,440,金成貴史,美,550,22104619,05495,01132,0524580111,サンデーレーシング,ノーザンファーム,ドレフォン,アルミレーナ,ディープインパクト,芦毛,220213,    2.8,  ,    ,52.5
24,11,24,5,東京,8,01,未勝利*,7,ダ,1,1400,良,ジルクン          ,牡,2,小林美駒,52.0,16,12,7,7,0,1.4,12,88,"1280",0,0,0,8,9,37.6,408,鈴木慎太,美,0,22101022,01206,01179,0524580112,鈴木昌樹,レースホース牧場,オルフェーヴル,エジル,"Stormy Atlantic",栗毛,220419,  296.4,  ,    ,50.5
24,11,24,5,東京,8,01,未勝利*,7,ダ,1,1400,良,アイアムイチバン  ,牡,2,戸崎圭太,56.0,16,13,10,10,0,1.8,3,88.4,"1284",0,0,0,8,9,38,508,奥平雅士,美,0,22103183,05386,01074,0524580113,ワイズマン,まるとみ冨岡牧場,パイロ,アイアムネフライト,アグネスタキオン,黒鹿,220310,    4.9,  ,    ,49.5
24,11,24,5,東京,8,01,未勝利*,7,ダ,1,1400,良,キャストロププ    ,牡,2,石田拓郎,53.0,16,14,5,5,0,0.7,6,87.3,"1273",0,0,0,12,9,36.9,504,尾形和幸,美,55,22100749,01203,01141,0524580114,手嶋康雄,田湯牧場,ルヴァンスレーヴ,キャストロメファ,トワイニング,栗毛,220501,   17.8,  ,    ,52.4
24,11,24,5,東京,8,01,未勝利*,7,ダ,1,1400,良,エスパノーラ      ,牝,2,原田和真,55.0,16,15,16,16,0,3.7,15,90.3,"1303",0,0,0,12,13,39.3,468,池上昌和,美,0,22105675,01143,01150,0524580115,島川隆哉,エスティファーム,トーセンレーヴ,マシェリガール,トーセンファントム,鹿毛,220413,  449.0,  ,    ,47.3
24,11,24,5,東京,8,01,未勝利*,7,ダ,1,1400,良,スリーソング      ,牡,2,横山武史,56.0,16,16,2,2,0,0.3,2,86.9,"1269",0,0,0,4,3,37,462,伊藤圭三,美,220,22103777,01170,01023,0524580116,永井商事,グランド牧場,ダノンレジェンド,ファイトユアソング,スズカマンボ,青鹿,220214,    2.9,  ,    ,51.1
24,11,24,5,東京,8,02,未勝利*,7,芝,0,1600,良,テンミラージュ    ,牝,2,内田博幸,55.0,18,01,13,13,0,2.5,8,97,"1370",0,0,0,13,14,35.9,442,深山雅史,美,0,22105414,00422,01174,0524580201,天白泰司,社台ファーム,ルーラーシップ,テンサイドカップ,スピルバーグ,鹿毛,220519,   75.0,  ,    ,52.1
24,11,24,5,東京,8,02,未勝利*,7,芝,0,1600,良,ニシノヒルブライト,牝,2,田辺裕信,55.0,18,02,11,11,0,2.2,7,96.7,"1367",0,0,0,12,11,35.9,468,稲垣幸雄,美,0,22101172,01075,01167,0524580202,西山茂行,沖田牧場,カレンブラックヒル,ニシノミチシルベ,タイキシャトル,鹿毛,220426,   34.0,  ,    ,51.6
24,11,24,5,東京,8,02,未勝利*,7,芝,0,1600,良,マミーブルー      ,牝,2,大野拓弥,55.0,18,03,15,15,0,3.2,15,97.7,"1377",0,0,0,17,17,35.9,442,杉浦宏昭,美,0,22100958,01096,01008,0524580203,エム・ケー・ホース,三石ファーム,マクフィ,ラストマイア,ローエングリン,黒鹿,220303,  347.0,  ,    ,53.3
24,11,24,5,東京,8,02,未勝利*,7,芝,0,1600,良,サーマル          ,牡,2,吉田豊,56.0,18,04,3,3,0,0.4,4,94.9,"1349",0,0,0,13,11,34,430,高橋文雅,美,140,22102835,00733,01134,0524580204,鈴木康弘,惣田英幸,ロジャーバローズ,シェーンフレール,"Smart Strike",黒鹿,220423,   12.3,  ,    ,57.5
24,11,24,5,東京,8,02,未勝利*,7,芝,0,1600,良,コスモヴェントゥス,牡,2,木幡巧也,56.0,18,05,14,14,0,2.8,16,97.3,"1373",0,0,0,5,5,37.1,438,宗像義忠,美,0,22106802,01162,00420,0524580205,ビッグレッドファー,ビッグレッドファー,ウインブライト,マイスウィートベイビー,Minardi,鹿毛,220501,  414.1,  ,    ,47.4
24,11,24,5,東京,8,02,未勝利*,7,芝,0,1600,良,ヴォルヴァ        ,牝,2,石田拓郎,52.0,18,06,5,5,0,0.9,12,95.4,"1354",0,0,0,15,15,34.1,418,尾形和幸,美,55,22104324,01203,01141,0524580206,伊藤正樹,服部牧場,シルバーステート,ミスミーチャン,ファスリエフ,黒鹿,220227,  185.5,  ,    ,57.9
24,11,24,5,東京,8,02,未勝利*,7,芝,0,1600,良,ヒタムキ          ,牝,2,丹内祐次,55.0,18,07,17,17,0,4.1,11,98.6,"1386",0,0,0,1,2,39,440,鈴木慎太,美,0,22105295,01091,01179,0524580207,吉田,社台ファーム,サトノアラジン,キャーントストップ,スクリーンヒーロー,鹿毛,220404,  164.1,  ,    ,41.7
24,11,24,5,東京,8,02,未勝利*,7,芝,0,1600,良,マロンカラノテガミ,牝,2,津村明秀,55.0,18,08,8,8,0,1.4,9,95.9,"1359",0,0,0,8,9,35.3,412,清水英克,美,0,22101005,01092,01080,0524580208,大脇佑樹,山野牧場,ガルボ,ブセナ,マイネルセレクト,青鹿,220218,  108.4,  ,    ,53.0
24,11,24,5,東京,8,02,未勝利*,7,芝,0,1600,良,ロケットバディー  ,牝,2,鮫島克駿,55.0,18,09,12,12,0,2.3,14,96.8,"1368",0,0,0,2,3,36.8,410,斎藤誠,美,0,22101235,01157,01086,0524580209,"Him Rock Racingホ",北田剛,リオンディーズ,デトロイトカフェ,マンハッタンカフェ,黒鹿,220412,  271.2,  ,    ,47.8
24,11,24,5,東京,8,02,未勝利*,7,芝,0,1600,良,アサクサグレース  ,牝,2,坂井瑠星,55.0,18,10,6,6,0,0.9,3,95.4,"1354",0,0,0,5,7,35.1,460,戸田博文,美,0,22100547,01163,01054,0524580210,櫻井素子,片山牧場,フォーウィールドライブ,チャイニーズフレア,タヤスツヨシ,青鹿,220322,   10.3,  ,    ,53.1
24,11,24,5,東京,8,02,未勝利*,7,芝,0,1600,良,スカイスクレイパー,牡,2,菊沢一樹,56.0,18,11,18,18,0,6.3,13,100.8,"1408",0,0,0,2,5,40.7,496,矢野英一,美,0,22103074,01161,01108,0524580211,ターフ・スポート,中島牧場,マジェスティックウォリアー,アンヌ,タイキシャトル,鹿毛,220413,  254.4,  ,    ,38.6
24,11,24,5,東京,8,02,未勝利*,7,芝,0,1600,良,ユイノガリクソン  ,牡,2,長岡禎仁,56.0,18,12,9,9,0,1.6,10,96.1,"1361",0,0,0,10,11,35.2,422,深山雅史,美,0,22103997,01142,01174,0524580212,由井健太郎,タイヘイ牧場,ノーブルミッション,ミネルバサウンド,ブライアンズタイム,鹿毛,220302,  139.4,  ,    ,53.8
24,11,24,5,東京,8,02,未勝利*,7,芝,0,1600,良,ブルーベリーフィズ,牝,2,ビュイッ,55.0,18,13,1,1,0,-0.1,1,94.5,"1345",0,0,0,5,3,34.5,480,木村哲也,美,550,22104815,05495,01126,0524580213,保坂和孝,ノーザンファーム,シスキン,シャンボールフィズ,キングカメハメハ,鹿毛,220203,    2.0,  ,    ,54.3
24,11,24,5,東京,8,02,未勝利*,7,芝,0,1600,良,ハーフェン        ,牝,2,横山武史,55.0,18,14,4,4,0,0.8,5,95.3,"1353",0,0,0,2,1,35.7,406,新開幸一,美,83,22100614,01170,01116,0524580214,中村祐子,ケイアイファーム,オルフェーヴル,アルセナーレ,クロフネ,栗毛,220211,   18.2,  ,    ,50.2
24,11,24,5,東京,8,02,未勝利*,7,芝,0,1600,良,シュガープリンセス,牝,2,岩部純二,55.0,18,15,16,16,0,3.2,18,97.7,"1377",0,0,0,18,17,35.9,432,萱野浩二,美,0,22107296,00726,01024,0524580215,田頭勇貴,浜本牧場,ドレフォン,バンボッシュ,Tapit,栗毛,220415,  584.8,  ,    ,53.3
24,11,24,5,東京,8,02,未勝利*,7,芝,0,1600,良,ドリフトウッド    ,牡,2,丸田恭介,56.0,18,16,10,10,0,2.1,17,96.6,"1366",0,0,0,15,15,35.4,446,南田美知,美,0,22103317,01117,00437,0524580216,ミルファーム,ミルファーム,ストーミーシー,クロスザレイチェル,スペシャルウィーク,栗毛,220501,  580.5,  ,    ,53.7
24,11,24,5,東京,8,02,未勝利*,7,芝,0,1600,良,ガーネットウインク,牝,2,横山和生,55.0,18,17,7,7,0,1.2,6,95.7,"1357",0,0,0,8,7,35.3,492,小西一男,美,0,22100417,01140,00405,0524580217,ウエスト.フォレス,藤春修二,エポカドーロ,モダンハート,ヴィクトワールピサ,黒鹿,220508,   18.5,  ,    ,52.7
24,11,24,5,東京,8,02,未勝利*,7,芝,0,1600,良,グロスビーク      ,牡,2,ルメール,56.0,18,18,2,2,0,0.1,2,94.6,"1346",0,0,0,10,9,34,470,田中博康,美,220,22104608,05339,01162,0524580218,キャロットファーム,ノーザンファーム,シスキン,アドマイヤセプター,キングカメハメハ,黒鹿,220119,    2.5,  ,    ,56.9
24,11,24,5,東京,8,03,未勝利*,7,ダ,1,1600,良,ソラノキャンバス  ,牡,2,長浜鴻緒,53.0,16,01,12,12,0,3.3,8,101.5,"1415",0,0,0,14,14,38.5,428,武井亮,美,0,22100083,01214,01147,0524580301,MYレーシング,カケハムポニークラ,ニューイヤーズデイ,カニョット,"Sunray Spirit",栗毛,220406,   22.8,  ,    ,48.2
24,11,24,5,東京,8,03,未勝利*,7,ダ,1,1600,良,ショウナンヤッホー,牡,2,坂井瑠星,56.0,16,02,5,5,0,1,5,99.2,"1392",0,0,0,4,2,37.3,480,栗田徹,美,55,22104605,01163,01127,0524580302,湘南,ノーザンファーム,ニューイヤーズデイ,アドマイヤキュート,キングカメハメハ,鹿毛,220216,    6.0,  ,    ,49.6
24,11,24,5,東京,8,03,未勝利*,7,ダ,1,1600,良,カシノベティ      ,牝,2,土田真翔,52.0,16,03,16,16,0,6.1,16,104.3,"1443",0,0,0,8,9,41.7,430,和田雄二,美,0,22109130,01198,01143,0524580303,柏木務,田上雄二,ケイムホーム,ナムラダンサー,サクラバクシンオー,青毛,220331,  680.7,  ,    ,40.1
24,11,24,5,東京,8,03,未勝利*,7,ダ,1,1600,良,ロンパイア        ,牡,2,丹内祐次,56.0,16,04,8,8,0,1.3,11,99.5,"1395",0,0,0,10,12,36.7,478,尾関知人,美,0,22103708,01091,01103,0524580304,広尾レース,木村秀則,レッドファルクス,ゼロカラノキセキ,キンシャサノキセキ,芦毛,220308,   62.8,  ,    ,52.7
24,11,24,5,東京,8,03,未勝利*,7,ダ,1,1600,良,ミュークチェルシー,牝,2,吉田豊,55.0,16,05,2,2,0,0.4,10,98.6,"1386",0,0,0,1,1,37.1,462,稲垣幸雄,美,220,22104452,00733,01167,0524580305,庄司修二,へいはた牧場,カレンブラックヒル,キモンオレンジ,ダンスインザダーク,鹿毛,220328,   45.8,  ,    ,49.5
24,11,24,5,東京,8,03,未勝利*,7,ダ,1,1600,良,シキ              ,牡,2,菊沢一樹,56.0,16,06,13,13,0,4.7,14,102.9,"1429",0,0,0,6,7,40.6,486,勢司和浩,美,0,22104046,01161,01047,0524580306,内藤好江,武牧場,エイシンフラッシュ,ヴィヴァルディ,シンボリクリスエス,鹿毛,220317,  417.9,  ,    ,42.1
24,11,24,5,東京,8,03,未勝利*,7,ダ,1,1600,良,ニコ              ,牝,2,丸田恭介,55.0,16,07,11,11,0,2.8,13,101,"1410",0,0,0,10,9,38.5,406,大和田成,美,0,22103336,01117,01124,0524580307,ミルファーム,ミルファーム,ダノンバラード,ムサ,フレンチデピュティ,黒鹿,220417,  354.5,  ,    ,47.4
24,11,24,5,東京,8,03,未勝利*,7,ダ,1,1600,良,ラブスノー        ,牝,2,松岡正海,55.0,16,08,14,14,0,4.8,12,103,"1430",0,0,0,16,15,39.8,454,蛯名利弘,美,0,22107257,01085,01131,0524580308,増田陽一,奥山ファーム,サンダースノー,ラブカテリーナ,オレハマッテルゼ,栗毛,220510,  246.0,  ,    ,45.3
24,11,24,5,東京,8,03,未勝利*,7,ダ,1,1600,良,ファンタイムギフト,牡,2,石川裕紀,56.0,16,09,9,9,0,1.4,4,99.6,"1396",0,0,0,13,12,36.8,512,相沢郁,美,0,22102378,01150,01020,0524580309,星野祐介,二風谷ファーム,ドレフォン,トウカイシェーン,ダイワメジャー,黒鹿,220418,    6.0,  ,    ,52.4
24,11,24,5,東京,8,03,未勝利*,7,ダ,1,1600,良,ダイタヴァルキリー,牝,2,柴田大知,55.0,16,10,15,15,0,5.7,15,103.9,"1439",0,0,0,15,15,40.6,470,和田雄二,美,0,22107358,01009,01143,0524580310,中込哲太郎,大作ステーブル,オルフェーヴル,シーズオールザット,キングズベスト,鹿毛,220311,  480.7,  ,    ,43.5
24,11,24,5,東京,8,03,未勝利*,7,ダ,1,1600,良,マルセルテソーロ  ,牡,2,川田将雅,56.0,16,11,4,4,0,1,3,99.2,"1392",0,0,0,2,2,37.4,472,嘉藤貴行,美,83,22102262,01088,01195,0524580311,了徳寺健二ホールデ,リョーケンファーム,フィエールマン,バレットテソーロ,Camelot,鹿毛,220321,    5.9,  ,    ,49.1
24,11,24,5,東京,8,03,未勝利*,7,ダ,1,1600,良,ハクシンブライアン,牡,2,大野拓弥,56.0,16,12,3,3,0,0.7,6,98.9,"1389",0,0,0,10,9,36.4,488,松山将樹,美,140,22106975,01096,01100,0524580312,新井原博,マリオステーブル,リアルスティール,ラスリーズ,ブライアンズタイム,鹿毛,220331,    7.0,  ,    ,53.0
24,11,24,5,東京,8,03,未勝利*,7,ダ,1,1600,良,ピカピカサンダー  ,牡,2,戸崎圭太,56.0,16,13,7,7,0,1.1,1,99.3,"1393",0,0,0,8,7,36.9,476,鹿戸雄一,美,0,22105979,05386,01097,0524580313,カカムーチョレーシ,レイクヴィラファー,アジアエクスプレス,メジロカトリーヌ,メジロライアン,鹿毛,220302,    4.4,  ,    ,51.5
24,11,24,5,東京,8,03,未勝利*,7,ダ,1,1600,良,ジーティーパリス  ,牡,2,横山武史,56.0,16,14,10,10,0,2.7,7,100.9,"1409",0,0,0,6,5,38.7,496,千葉直人,美,0,22106730,01170,01199,0524580314,田畑利彦,パカパカファーム,ルーラーシップ,タイキクラリティ,スペシャルウィーク,鹿毛,220227,   13.5,  ,    ,46.4
24,11,24,5,東京,8,03,未勝利*,7,ダ,1,1600,良,エルオレンス      ,牡,2,石神深道,53.0,16,15,6,6,0,1.1,9,99.3,"1393",0,0,0,2,2,37.4,480,深山雅史,美,0,22101060,01209,01174,0524580315,磯波勇F,天羽禮治,フォーウィールドライブ,ゴールドカルラ,ゼンノロブロイ,栗毛,220327,   28.7,  ,    ,49.3
24,11,24,5,東京,8,03,未勝利*,7,ダ,1,1600,良,ダンツファイター  ,牡,2,マーカン,56.0,16,16,1,1,0,-0.4,2,98.2,"1382",0,0,0,4,5,36.1,560,蛯名正義,美,550,22102982,05626,01191,0524580316,山元哲二,辻牧場,ニューイヤーズデイ,ダブルファンタジー,ジャイアントレッカー,栗毛,220312,    5.4,  ,    ,53.2
24,11,24,5,東京,8,04,未勝利*,7,芝,0,2000,良,デビューフライト  ,牝,2,菅原明良,55.0,12,01,7,7,0,1.9,4,123.6,"2036",0,0,4,5,5,35.2,412,小島茂之,美,0,22105123,01179,01068,0524580401,丸山担,ノーザンファーム,フィエールマン,ランウェイデビュー,ストロングリターン,黒鹿,220228,    5.8,  ,    ,57.6
24,11,24,5,東京,8,04,未勝利*,7,芝,0,2000,良,アイスフィールド  ,牡,2,丸田恭介,56.0,12,02,6,6,0,1.8,9,123.5,"2035",0,0,6,5,5,35.1,438,西田雄一,美,0,22103330,01117,01187,0524580402,ミルファーム,ミルファーム,ウインブライト,ピカピカ,トーセンホマレボシ,芦毛,220306,  217.6,  ,    ,57.9
24,11,24,5,東京,8,04,未勝利*,7,芝,0,2000,良,ビップマリン      ,牝,2,菊沢一樹,55.0,12,03,11,11,0,4.7,10,126.4,"2064",0,0,7,8,10,37.6,390,高柳瑞樹,美,0,22102417,01161,01118,0524580403,鈴木邦英,坂東牧場,エイシンフラッシュ,ビップピュアレディ,フジキセキ,青鹿,220513,  322.8,  ,    ,51.2
24,11,24,5,東京,8,04,未勝利*,7,芝,0,2000,良,ガンバルマン      ,牡,2,原優介,55.0,12,04,3,3,0,0.6,3,122.3,"2023",0,0,7,5,5,33.9,466,萱野浩二,美,140,22101307,01184,01024,0524580404,大田恭充,クリアファーム,フィエールマン,リオニアンレディー,Kingmambo,黒鹿,220426,    4.1,  ,    ,61.8
24,11,24,5,東京,8,04,未勝利*,7,芝,0,2000,良,ホウオウスターツ  ,牡,2,北村宏司,56.0,12,05,4,4,0,1.2,8,122.9,"2029",0,0,2,3,4,34.7,470,池上昌和,美,83,22103528,01043,01150,0524580405,小笹芳央,岡田スタツド,ダノンバラード,ツインクルスター,サクラバクシンオー,鹿毛,220320,  120.6,  ,    ,58.9
24,11,24,5,東京,8,04,未勝利*,7,芝,0,2000,良,ウィクトルウェルス,牡,2,ルメール,56.0,12,06,1,1,0,-0.1,1,121.7,"2017",0,0,2,2,1,33.9,508,宮田敬介,美,550,22104655,05339,01175,0524580406,シルクレーシング,ノーザンファーム,リアルスティール,ウィクトーリア,ヴィクトワールピサ,鹿毛,220308,    2.5,  ,    ,61.0
24,11,24,5,東京,8,04,未勝利*,7,芝,0,2000,良,エポカリーナ      ,牡,2,木幡巧也,56.0,12,07,8,8,0,2.1,11,123.8,"2038",0,0,10,10,8,35.1,450,土田稔,美,0,22107233,01162,00417,0524580407,山口敦広,大作ステーブル,エポカドーロ,カルカリーナ,オウケンブルースリ,黒鹿,220406,  436.4,  ,    ,58.3
24,11,24,5,東京,8,04,未勝利*,7,芝,0,2000,良,ヘヴンウィンド    ,牡,2,ムーア,56.0,12,08,2,2,0,0.1,2,121.8,"2018",0,0,4,3,3,33.7,470,黒岩陽一,美,220,22101761,05366,01133,0524580408,長谷川祐司,チャンピオンズファ,エピファネイア,ヤマノフェアリー,ディープインパクト,鹿毛,220225,    2.8,  ,    ,62.0
24,11,24,5,東京,8,04,未勝利*,7,芝,0,2000,良,マイネルフィスキオ,牡,2,マーカン,56.0,12,09,5,5,0,1.6,7,123.3,"2033",0,0,9,8,8,34.7,420,佐藤吉勝,美,55,22106822,05626,01035,0524580409,サラブレッドクラブ,ブルースターズファ,ゴールドシップ,ウォーブル,トーセンホマレボシ,芦毛,220515,   66.7,  ,    ,59.4
24,11,24,5,東京,8,04,未勝利*,7,芝,0,2000,良,マーゴットフェスタ,牡,2,石橋脩,56.0,12,10,9,9,0,3,6,124.7,"2047",0,0,10,11,11,35.7,464,伊坂重信,美,0,22103738,01077,01177,0524580410,前田良平,グランド牧場,サートゥルナーリア,ガーデニア,Galileo,鹿毛,220303,   48.6,  ,    ,56.8
24,11,24,5,東京,8,04,未勝利*,7,芝,0,2000,良,タッチザシーリング,牝,2,ビュイッ,55.0,12,11,10,10,0,3.9,5,125.6,"2056",0,0,1,1,2,37.7,430,菊川正達,美,0,22105393,05495,01052,0524580411,吉田千津,社台ファーム,アルアイン,タッチザモーメント,キングカメハメハ,鹿毛,220216,   23.0,  ,    ,49.9
24,11,24,5,東京,8,04,未勝利*,7,芝,0,2000,良,ジュンアベリアシノ,牡,2,伊藤工真,56.0,12,12,12,12,0,6.9,12,128.6,"2086",0,0,12,12,12,39,460,伊坂重信,美,0,22104406,01119,01177,0524580412,河合裕明,フジワラフアーム,ノーブルミッション,ピエナアマゾン,アグネスタキオン,鹿毛,220430,  583.1,  ,    ,48.5
24,11,24,5,東京,8,05,新馬,15,ダ,1,1600,良,タイキアベンチュラ,牡,2,柴田大知,56.0,16,01,11,11,0,4.7,15,103.4,"1434",0,0,0,16,15,39.3,528,伊藤大士,美,0,22103140,01009,01109,0524580501,大樹ファーム,ビクトリーホースラ,アメリカンペイトリオット,アヴァンセヴェリテ,オルフェーヴル,鹿毛,220226,  157.9,  ,    ,47.9
24,11,24,5,東京,8,05,新馬,15,ダ,1,1600,良,デルマアポロニア  ,牝,2,松岡正海,55.0,16,02,3,3,0,1.7,4,100.4,"1404",0,0,0,1,1,39.2,466,蛯名正義,美,180,22105457,01085,01191,0524580502,浅沼廣幸,社台ファーム,オルフェーヴル,ピュアマインド,ティンバーカントリー,栗毛,220210,   24.7,  ,    ,43.7
24,11,24,5,東京,8,05,新馬,15,ダ,1,1600,良,ブレイクバウンズ  ,牡,2,菅原明良,56.0,16,03,14,14,0,6.3,8,105,"1450",0,0,0,10,13,41.2,486,林徹,美,0,22105592,01179,01163,0524580503,保坂和孝,アスラン,ブラックタイド,インバウンド,ロードカナロア,黒鹿,220312,   40.0,  ,    ,42.9
24,11,24,5,東京,8,05,新馬,15,ダ,1,1600,良,キャンディブーケ  ,牝,2,小林美駒,51.0,16,04,6,6,0,2.6,9,101.3,"1413",0,0,0,10,3,39.4,426,鈴木伸尋,美,0,22103932,01206,01026,0524580504,藤川靖仁,静内フジカワ牧場,レイデオロ,フロリアード,クロフネ,鹿毛,220223,   74.3,  ,    ,44.3
24,11,24,5,東京,8,05,新馬,15,ダ,1,1600,良,ドラゴンテイラー  ,牡,2,Ｃ．デム,56.0,16,05,10,10,0,4.6,1,103.3,"1433",0,0,0,12,10,40.3,514,藤原英昭,栗,0,22110138,05473,01055,0524580505,窪田芳郎,"Respect the Valley","Liam's Map","Cousin Newyork Fay","Bluegrass Cat",芦毛,220202,    1.9,  ,    ,43.8
24,11,24,5,東京,8,05,新馬,15,ダ,1,1600,良,アクロスザリバー  ,牡,2,長浜鴻緒,53.0,16,06,9,9,0,4.4,6,103.1,"1431",0,0,0,15,13,39.3,434,田島俊明,美,0,22100481,01214,01112,0524580506,岡田牧雄,稲葉牧場,カリフォルニアクローム,トクラットリバー,ウォーエンブレム,栗毛,220222,   35.3,  ,    ,47.4
24,11,24,5,東京,8,05,新馬,15,ダ,1,1600,良,ブラックウェル    ,牝,2,内田博幸,55.0,16,07,12,12,0,5.9,14,104.6,"1446",0,0,0,4,3,42.7,432,武市康男,美,0,22101239,00422,01089,0524580507,"Him Rock Racingホ",北田剛,ブルドッグボス,マイヴィクトリア,キングカメハメハ,鹿毛,220327,  125.0,  ,    ,37.0
24,11,24,5,東京,8,05,新馬,15,ダ,1,1600,良,カツノトゥウェルヴ,牝,2,原優介,54.0,16,08,16,16,0,10.3,10,109,"1490",0,0,0,3,15,44.9,480,伊藤伸一,美,0,22101055,01184,01031,0524580508,勝野産業,天羽牧場,ヘニーヒューズ,ランスタン,ダイワメジャー,栗毛,220118,   96.3,  ,    ,35.7
24,11,24,5,東京,8,05,新馬,15,ダ,1,1600,良,ブランディストック,牡,2,鮫島克駿,56.0,16,09,4,4,0,2.5,7,101.2,"1412",0,0,0,6,7,39,482,辻哲英,美,110,22105219,01157,01182,0524580509,社台レースホース,社台ファーム,マインドユアビスケッツ,アラドヴァル,シンボリクリスエス,栗毛,220507,   37.0,  ,    ,45.7
24,11,24,5,東京,8,05,新馬,15,ダ,1,1600,良,ミルキーハニー    ,牝,2,石橋脩,55.0,16,10,8,8,0,3.9,12,102.6,"1426",0,0,0,12,8,40,466,尾形和幸,美,0,22104008,01077,01141,0524580510,半沢,高橋フアーム,ダイシンサンダー,グラスミルキー,ワークフォース,鹿毛,220511,  108.6,  ,    ,43.9
24,11,24,5,東京,8,05,新馬,15,ダ,1,1600,良,リアライズカミオン,牡,2,ムーア,56.0,16,11,1,1,0,-0.7,2,98.7,"1387",0,0,0,4,3,36.9,508,堀宣行,美,720,22105702,05366,01070,0524580511,今福洋介,追分ファーム,"American Pharoah",スパイスドパーフェクション,"Smiling Tiger",鹿毛,220211,    2.7,  ,    ,50.5
24,11,24,5,東京,8,05,新馬,15,ダ,1,1600,良,キタノブレイク    ,牡,2,丹内祐次,56.0,16,12,5,5,0,2.6,11,101.3,"1413",0,0,0,14,10,38.3,476,本間忍,美,72,22102486,01091,01056,0524580512,北所直人,小田牧場,レインボーライン,オイシイナア,サムライハート,鹿毛,220402,   98.8,  ,    ,48.7
24,11,24,5,東京,8,05,新馬,15,ダ,1,1600,良,オーケーマヒナ    ,牝,2,石川裕紀,55.0,16,13,2,2,0,0.7,3,99.4,"1394",0,0,0,6,3,37.5,470,相沢郁,美,290,22100432,01150,01020,0524580513,小野建,三好牧場,モズアスコット,ヒアーズトウショウ,フジキセキ,栗毛,220416,    6.7,  ,    ,49.0
24,11,24,5,東京,8,05,新馬,15,ダ,1,1600,良,ミュージックマン  ,牡,2,杉原誠人,56.0,16,14,7,7,0,3,13,101.7,"1417",0,0,0,8,8,39.1,454,大和田成,美,0,22100397,01135,01124,0524580514,阿部善武,フクオカファーム,ミッキーグローリー,シルクシンフォニー,ストーミングホーム,鹿毛,220429,  109.8,  ,    ,46.1
24,11,24,5,東京,8,05,新馬,15,ダ,1,1600,良,モンドエトワール  ,牝,2,菊沢一樹,55.0,16,15,15,15,0,9.1,16,107.8,"1478",0,0,0,8,10,44.7,422,和田雄二,美,0,22109007,01161,01143,0524580515,ノルマンディーサラ,荒谷牧場,ウインバリアシオン,ネオヴェリーフェズ,ネオユニヴァース,黒鹿,220409,  254.8,  ,    ,34.7
24,11,24,5,東京,8,05,新馬,15,ダ,1,1600,良,レイワエポック    ,牝,2,石田拓郎,52.0,16,16,13,13,0,6,5,104.7,"1447",0,0,0,2,2,43.1,430,高柳大輔,栗,0,22110072,01203,01159,0524580516,松岡研司,"Teneri Farms Inc",Mendelssohn,"Birdie Gold",Birdstone,鹿毛,220224,   30.6,  ,    ,35.8
24,11,24,5,東京,8,06,新馬,15,芝,0,1800,良,オプレントジュエル,牝,2,川田将雅,55.0,13,01,2,2,0,0.3,2,108.3,"1483",0,0,2,1,1,34.9,520,田村康仁,美,290,22105365,01088,01027,0524580601,社台レースホース,社台ファーム,ブリックスアンドモルタル,ジュエラー,ヴィクトワールピサ,鹿毛,220419,    4.8,  ,    ,55.2
24,11,24,5,東京,8,06,新馬,15,芝,0,1800,良,シュトレームング  ,牝,2,柴田大知,55.0,13,02,11,11,0,2.3,11,110.3,"1503",0,0,1,2,2,36.7,354,和田雄二,美,0,22106808,01009,01143,0524580602,サラブレッドクラブ,ビッグレッドファー,ゴールドシップ,マイネカンナ,アグネスタキオン,栗毛,220602,  170.5,  ,    ,50.3
24,11,24,5,東京,8,06,新馬,15,芝,0,1800,良,ダブルイーグル    ,牡,2,マーカン,56.0,13,03,6,6,0,0.9,6,108.9,"1489",0,0,6,6,7,34.8,504,国枝栄,美,0,22105005,05626,00399,0524580603,シルクレーシング,ノーザンファーム,ロードカナロア,ブラックエンブレム,ウォーエンブレム,黒鹿,220305,    8.0,  ,    ,56.5
24,11,24,5,東京,8,06,新馬,15,芝,0,1800,良,カスミヅキ        ,牡,2,石神深道,53.0,13,04,13,13,0,3.9,12,111.9,"1519",0,0,12,11,12,37,444,和田雄二,美,0,22103401,01209,01143,0524580604,リトルブルーファー,リトルブルーファー,アドマイヤムーン,ユメカスミ,エイシンフラッシュ,黒鹿,220402,  283.3,  ,    ,51.2
24,11,24,5,東京,8,06,新馬,15,芝,0,1800,良,タイセイグレーター,牡,2,横山和生,56.0,13,05,8,8,0,0.9,8,108.9,"1489",0,0,10,10,10,34.4,466,奥村武,美,0,22103985,01140,01145,0524580605,田中成奉,タイヘイ牧場,エピファネイア,グレイトペイジ,"Roderic O'Connor",黒鹿,220124,   43.4,  ,    ,58.3
24,11,24,5,東京,8,06,新馬,15,芝,0,1800,良,ジュタ            ,牡,2,坂井瑠星,56.0,13,06,1,1,0,-0.3,3,108,"1480",0,0,4,4,4,34.2,504,矢作芳人,栗,720,22104813,01163,01075,0524580606,ラ・メール,ノーザンファーム,ドゥラメンテ,シャンパンエニワン,"Street Sense",鹿毛,220210,    5.2,  ,    ,57.9
24,11,24,5,東京,8,06,新馬,15,芝,0,1800,良,レヴーズマン      ,牡,2,ルメール,56.0,13,07,5,5,0,0.7,4,108.7,"1487",0,0,8,8,8,34.4,442,手塚貴久,美,72,22104782,05339,01038,0524580607,サンデーレーシング,ノーザンファーム,フィエールマン,ゴールドエッセンス,キングカメハメハ,鹿毛,220216,    6.2,  ,    ,58.0
24,11,24,5,東京,8,06,新馬,15,芝,0,1800,良,カンピドリオ      ,牡,2,スミヨン,56.0,13,08,3,3,0,0.3,1,108.3,"1483",0,0,8,6,6,34.3,482,中内田充,栗,180,22105129,05271,01137,0524580608,キャロットファーム,ノーザンファーム,ドゥラメンテ,リカビトス,ディープブリランテ,栗毛,220316,    3.0,  ,    ,57.9
24,11,24,5,東京,8,06,新馬,15,芝,0,1800,良,アックラマーレ    ,牝,2,原田和真,55.0,13,09,10,10,0,1.9,13,109.9,"1499",0,0,10,11,11,35.2,470,小野次郎,美,0,22104446,01143,01125,0524580609,伊藤永二郎,へいはた牧場,アニマルキングダム,アドマイヤセレブ,ロードカナロア,黒鹿,220301,  363.8,  ,    ,56.1
24,11,24,5,東京,8,06,新馬,15,芝,0,1800,良,アクアリッズ      ,牡,2,菅原明良,56.0,13,10,12,12,0,2.4,9,110.4,"1504",0,0,2,2,2,36.8,470,森一誠,美,0,22100684,01179,01201,0524580610,オールラブクラブ,佐藤勝秀,サトノクラウン,メイケイキララ,タイキシャトル,鹿毛,220506,   52.6,  ,    ,50.0
24,11,24,5,東京,8,06,新馬,15,芝,0,1800,良,トレサフィール    ,牡,2,武豊,56.0,13,11,7,7,0,0.9,7,108.9,"1489",0,0,12,13,12,34.1,472,稲垣幸雄,美,0,22102174,00666,01167,0524580611,YGGホースクラブ,門別山際牧場,サトノダイヤモンド,トレサンセール,"Rip Van Winkle",鹿毛,220305,   23.5,  ,    ,59.7
24,11,24,5,東京,8,06,新馬,15,芝,0,1800,良,ライノ            ,牡,2,Ｃ．デム,56.0,13,12,4,4,0,0.6,5,108.6,"1486",0,0,5,4,4,34.8,518,高野友和,栗,110,22105022,05473,01117,0524580612,吉田和美,ノーザンファーム,"Into Mischief",プリンセスノーア,"Not This Time",鹿毛,220327,    7.5,  ,    ,56.0
24,11,24,5,東京,8,06,新馬,15,芝,0,1800,良,アウスラフラッグ  ,牝,2,横山武史,55.0,13,13,9,9,0,1.6,10,109.6,"1496",0,0,6,9,9,35.2,460,高柳瑞樹,美,0,22100638,01170,01118,0524580613,中村伊三美,ケイアイファーム,シルバーステート,トルネードフラッグ,キングカメハメハ,鹿毛,220212,   87.5,  ,    ,55.7
24,11,24,5,東京,8,07,１勝ｸﾗｽ,23,ダ,1,1400,良,グローブフェイム  ,牝,4,柴田大知,56.0,16,01,13,13,0,2.7,15,87.8,"1278",0,0,0,4,4,39.6,456,田中剛,美,0,20104105,01009,01119,0524580701,ヒダカ・ブリーダー,グランド牧場,ジャスタウェイ,アースエンジェル,キンシャサノキセキ,黒鹿,200322,  295.9,  ,    ,41.3
24,11,24,5,東京,8,07,１勝ｸﾗｽ,23,ダ,1,1400,良,アルプスオジョー  ,牝,3,田辺裕信,55.0,16,02,16,16,0,3.7,7,88.8,"1288",0,0,0,16,16,38.2,510,小西一男,美,0,21100540,01075,00405,0524580702,ターフ・スポート,米田牧場,パイロ,イザベルドスメーン,スペシャルウィーク,黒鹿,210310,   16.5,  ,    ,49.3
24,11,24,5,東京,8,07,１勝ｸﾗｽ,23,ダ,1,1400,良,グリモワール      ,牝,5,小林美駒,52.0,16,03,8,8,0,1.9,16,87,"1270",0,0,0,4,4,38.8,502,奥平雅士,美,0,19102371,01206,01074,0524580703,ローレルレーシング,リコーファーム,キンシャサノキセキ,ケイアイメルヘン,エンドスウィープ,鹿毛,190219,  353.7,  ,    ,43.2
24,11,24,5,東京,8,07,１勝ｸﾗｽ,23,ダ,1,1400,良,ケイツードラム    ,牡,4,原田和真,58.0,16,04,10,10,0,2.2,13,87.3,"1273",0,0,0,12,10,38.4,470,蛯名利弘,美,0,20107061,01143,01131,0524580704,楠本勝美,竹中牧場,ヴィクトワールピサ,マルトクビクトリー,フレンチデピュティ,鹿毛,200404,  167.5,  ,    ,45.5
24,11,24,5,東京,8,07,１勝ｸﾗｽ,23,ダ,1,1400,良,ウエヲムイテゴラン,牝,3,北村宏司,55.0,16,05,6,6,0,1.2,3,86.3,"1263",0,0,0,12,13,37.3,450,萩原清,美,0,21103226,01043,01017,0524580705,嶋田賢,三嶋牧場,Justify,オールインファン,Tapit,栗毛,210410,    7.3,  ,    ,48.5
24,11,24,5,東京,8,07,１勝ｸﾗｽ,23,ダ,1,1400,良,エテルネル        ,牝,4,石川裕紀,56.0,16,06,9,9,0,2.1,11,87.2,"1272",0,0,0,8,8,38.7,492,池上昌和,美,0,20101830,01150,01150,0524580706,ゴドルフィン,ダーレー・ジャパン,タリスマニック,デュナミス,ストリートセンス,黒鹿,200125,  100.2,  ,    ,44.0
24,11,24,5,東京,8,07,１勝ｸﾗｽ,23,ダ,1,1400,良,レッドレナート    ,牡,3,戸崎圭太,57.0,16,07,14,14,0,2.8,9,87.9,"1279",0,0,0,2,2,40,498,手塚貴久,美,0,21103145,05386,01038,0524580707,東京ホースレーシン,信岡牧場,レッドファルクス,マレーナ,ダイワメジャー,芦毛,210228,   29.3,  ,    ,39.8
24,11,24,5,東京,8,07,１勝ｸﾗｽ,23,ダ,1,1400,良,マーゴットレーヴ  ,牝,4,川田将雅,56.0,16,08,3,3,0,0.3,2,85.4,"1254",0,0,0,10,8,36.8,466,伊坂重信,美,200,20105813,01088,01177,0524580708,前田良平,プログレスファーム,エスポワールシチー,シリカ,メイショウボーラー,栗毛,200322,    4.1,  ,    ,49.0
24,11,24,5,東京,8,07,１勝ｸﾗｽ,23,ダ,1,1400,良,ロサンゼルス      ,牡,3,小林脩斗,55.0,16,09,12,12,0,2.5,12,87.6,"1276",0,0,0,10,14,38.4,524,伊藤圭三,美,0,21103711,01183,01023,0524580709,モンレーヴ,グランド牧場,カリフォルニアクローム,イチリュウ,キングヘイロー,鹿毛,210303,  130.3,  ,    ,46.1
24,11,24,5,東京,8,07,１勝ｸﾗｽ,23,ダ,1,1400,良,フクチャントウメイ,牡,3,ルメール,57.0,16,10,1,1,0,-0.1,1,85.1,"1251",0,0,0,7,6,36.7,540,加藤征弘,美,800,21105086,05339,01059,0524580710,福田義明,社台ファーム,ストロングリターン,スタートアップ,ハービンジャー,鹿毛,210204,    2.5,  ,    ,48.9
24,11,24,5,東京,8,07,１勝ｸﾗｽ,23,ダ,1,1400,良,ラッキーヤース    ,牡,3,津村明秀,57.0,16,11,4,4,0,0.4,6,85.5,"1255",0,0,0,14,10,36.7,470,鈴木伸尋,美,120,21101081,01092,01026,0524580711,山崎泰博,新井弘幸,シュヴァルグラン,マザックヤース,キンシャサノキセキ,鹿毛,210302,   14.5,  ,    ,49.7
24,11,24,5,東京,8,07,１勝ｸﾗｽ,23,ダ,1,1400,良,ダイオジェナイト  ,牡,3,内田博幸,57.0,16,12,2,2,0,0.1,5,85.2,"1252",0,0,0,15,14,36,440,稲垣幸雄,美,320,21105432,00422,01167,0524580712,キャロットファーム,ノーザンファーム,リアルインパクト,エイコンドライト,"Lord Kanaloa",黒鹿,210131,   10.6,  ,    ,52.5
24,11,24,5,東京,8,07,１勝ｸﾗｽ,23,ダ,1,1400,良,イエルバブエナ    ,牡,4,江田照男,58.0,16,13,5,5,0,1,14,86.1,"1261",0,0,0,2,2,38.2,484,村田一誠,美,80,20106899,00689,01190,0524580713,広尾レース,三嶋牧場,マジェスティックウォリアー,ミンティエアー,アグネスタキオン,鹿毛,200209,  247.8,  ,    ,44.0
24,11,24,5,東京,8,07,１勝ｸﾗｽ,23,ダ,1,1400,良,リプレゼント      ,牡,4,菅原明良,58.0,16,14,15,15,0,2.8,4,87.9,"1279",0,0,0,8,10,39.1,502,高柳瑞樹,美,0,20103559,01179,01118,0524580714,藤田晋,ノーザンファーム,ロードカナロア,ファイネストシティ,"City Zip",鹿毛,200205,    9.4,  ,    ,43.6
24,11,24,5,東京,8,07,１勝ｸﾗｽ,23,ダ,1,1400,良,グランプリショット,牡,3,マーカン,57.0,16,15,11,11,0,2.5,10,87.6,"1276",0,0,0,4,6,39.3,502,加藤征弘,美,0,21104631,05626,01059,0524580715,イージス,アスラン,サトノアラジン,ストライクショット,ファルブラヴ,鹿毛,210329,   34.3,  ,    ,42.2
24,11,24,5,東京,8,07,１勝ｸﾗｽ,23,ダ,1,1400,良,サルモン          ,牡,4,石橋脩,58.0,16,16,7,7,0,1.3,8,86.4,"1264",0,0,0,1,1,38.7,520,加藤士津,美,0,20105983,01077,01169,0524580716,野村茂雄,村上牧場,シャンハイボビー,キセキノショウリ,フジキセキ,青鹿,200517,   17.4,  ,    ,42.4
24,11,24,5,東京,8,08,ベゴニア･1勝,23,芝,0,1600,良,ウィンターベル    ,牡,2,ビュイッ,56.0,10,01,5,5,0,0.5,6,93.9,"1339",0,0,0,3,3,35,480,木村哲也,美,107,22104939,05495,01126,0524580801,吉田勝己,ノーザンファーム,バゴ,ノチェブランカ,ディープインパクト,芦毛,220118,   18.4,  ,    ,51.0
24,11,24,5,東京,8,08,ベゴニア･1勝,23,芝,0,1600,良,シンフォーエバー  ,牡,2,戸崎圭太,56.0,10,02,2,2,0,0.1,4,93.5,"1335",0,0,0,1,1,35.5,494,森秀行,栗,430,22110114,05386,00427,0524580802,藤田晋,"Bret Jones",Complexity,Praising,Pulpit,鹿毛,220507,    7.3,  ,    ,48.0
24,11,24,5,東京,8,08,ベゴニア･1勝,23,芝,0,1600,良,ツインピークス    ,牝,2,菅原明良,55.0,10,03,9,9,0,2.4,8,95.8,"1358",0,0,0,9,9,35.9,474,高木登,美,0,22104179,01179,01088,0524580803,飯田正剛,千代田牧場,ミスターメロディ,ミルフィアタッチ,キングカメハメハ,鹿毛,220429,   42.4,  ,    ,50.1
24,11,24,5,東京,8,08,ベゴニア･1勝,23,芝,0,1600,良,ブルクトーア      ,牡,2,鮫島克駿,56.0,10,04,7,7,0,0.8,7,94.2,"1342",0,0,0,5,5,34.9,488,長谷川浩,栗,0,22104694,01157,01173,0524580804,キャロットファーム,ノーザンファーム,"Saxon Warrior",エルヴァス2,"Catcher In The Rye",栗毛,220302,   22.7,  ,    ,51.9
24,11,24,5,東京,8,08,ベゴニア･1勝,23,芝,0,1600,良,レーヴブリリアント,牡,2,ルメール,56.0,10,05,4,4,0,0.4,3,93.8,"1338",0,0,0,7,7,34.3,446,田中博康,美,160,22105141,05339,01162,0524580805,松田和志,ノーザンファーム,スワーヴリチャード,リリレフア,ロードカナロア,黒鹿,220202,    3.9,  ,    ,54.1
24,11,24,5,東京,8,08,ベゴニア･1勝,23,芝,0,1600,良,ガルダイア        ,牡,2,ムーア,56.0,10,06,3,3,0,0.2,2,93.6,"1336",0,0,0,5,5,34.3,470,国枝栄,美,270,22104596,05366,00399,0524580806,サンデーレーシング,ノーザンファーム,エピファネイア,アステリックス,ネオユニヴァース,青鹿,220326,    3.7,  ,    ,53.7
24,11,24,5,東京,8,08,ベゴニア･1勝,23,芝,0,1600,良,ロードリベラシオン,牡,2,スミヨン,56.0,10,07,6,6,0,0.8,5,94.2,"1342",0,0,0,7,7,34.8,490,尾形和幸,美,0,22102821,05271,01141,0524580807,ロードホースクラブ,笹地牧場,ダノンバラード,レディシアトル,エンパイアメーカー,鹿毛,220131,    9.8,  ,    ,52.4
24,11,24,5,東京,8,08,ベゴニア･1勝,23,芝,0,1600,良,ニシノルアノーヴァ,牡,2,田辺裕信,56.0,10,08,8,8,0,1.7,9,95.1,"1351",0,0,0,4,4,36,482,古賀慎明,美,0,22102709,01075,01079,0524580808,西山茂行,ガーベラパークスタ,リオンディーズ,ニシノリコルディ,ハーツクライ,黒鹿,220418,   79.9,  ,    ,48.5
24,11,24,5,東京,8,08,ベゴニア･1勝,23,芝,0,1600,良,ディアナザール    ,牡,2,Ｃ．デム,56.0,10,09,1,1,0,-0.1,1,93.4,"1334",0,0,0,2,2,35,474,斉藤崇史,栗,1070,22104933,05473,01151,0524580809,サンデーレーシング,ノーザンファーム,ロードカナロア,ドナウブルー,ディープインパクト,鹿毛,220301,    2.8,  ,    ,50.1
24,11,24,5,東京,8,08,ベゴニア･1勝,23,芝,0,1600,良,アルメールヴェント,牡,2,ミシェル,56.0,10,10,10,10,0,2.6,10,96,"1360",0,0,0,9,9,36.1,446,河津裕昭,地,0,22100874,05586,05439,0524580810,鈴木教弘,本桐牧場,レーヴミストラル,コウジンシュリー,カンパニー,黒鹿,220303,  251.2,  ,    ,49.6
24,11,24,5,東京,8,09,オリエＨ･2勝,43,芝,0,2000,良,ログラール        ,牡,3,Ｃ．デム,55.0,13,01,3,3,0,0.2,6,119.6,"1596",0,0,9,9,7,33.8,474,松永幹夫,栗,390,21105662,05473,01092,0524580901,キャロットファーム,ノーザンファーム,モーリス,ディアデラマドレ,キングカメハメハ,鹿毛,210309,   22.7,  ,    ,58.8
24,11,24,5,東京,8,09,オリエＨ･2勝,43,芝,0,2000,良,ヴィルトブリーゼ  ,牝,5,北村宏司,54.0,13,02,11,11,0,1.5,11,120.9,"2009",0,0,7,9,11,34.8,450,古賀慎明,美,0,19105369,01043,01079,0524580902,キャロットファーム,ノーザンファーム,ドゥラメンテ,ピュアブリーゼ,Monsun,栗毛,190206,  126.2,  ,    ,56.0
24,11,24,5,東京,8,09,オリエＨ･2勝,43,芝,0,2000,良,クロシェットノエル,牝,3,武藤雅,53.0,13,03,5,5,0,0.5,8,119.9,"1599",0,0,13,12,13,33.5,452,戸田博文,美,155,21101068,01169,01054,0524580903,村野康司,新井昭二牧場,ニューイヤーズデイ,サンジュリアン,ハービンジャー,栗毛,210303,   57.4,  ,    ,60.5
24,11,24,5,東京,8,09,オリエＨ･2勝,43,芝,0,2000,良,リリーブライト    ,牡,6,長岡禎仁,54.0,13,04,8,8,0,0.9,13,120.3,"2003",0,0,3,5,7,34.5,482,西田雄一,美,0,18104841,01142,01187,0524580904,グリーンファーム,社台ファーム,ハーツクライ,リリーアメリカ,"American Post",鹿毛,180217,  396.9,  ,    ,56.6
24,11,24,5,東京,8,09,オリエＨ･2勝,43,芝,0,2000,良,シンハナーダ      ,牡,3,川田将雅,56.0,13,05,7,7,0,0.5,1,119.9,"1599",0,0,5,5,10,33.9,462,国枝栄,美,0,21105574,01088,00399,0524580905,DMMドリームクラブ,ノーザンファーム,レイデオロ,シンハディーパ,ウォーエンブレム,栗毛,210310,    1.7,  ,    ,58.7
24,11,24,5,東京,8,09,オリエＨ･2勝,43,芝,0,2000,良,イングランドアイズ,牝,4,坂井瑠星,55.0,13,06,6,6,0,0.5,5,119.9,"1599",0,0,11,12,11,33.7,458,安田翔伍,栗,0,20110085,01163,01164,0524580906,原禮子,"Hara Reiko Racing",Kingman,"Nuovo Record","Heart's Cry",鹿毛,200401,   17.9,  ,    ,59.6
24,11,24,5,東京,8,09,オリエＨ･2勝,43,芝,0,2000,良,ドラゴンヘッド    ,牡,4,横山武史,56.0,13,07,12,12,0,1.6,9,121,"2010",0,0,7,5,2,35.4,446,武藤善則,美,0,20100495,01170,01064,0524580907,杉山忠国,明治牧場,ラブリーデイ,フリティラリア,アドマイヤムーン,芦毛,200317,   79.6,  ,    ,53.6
24,11,24,5,東京,8,09,オリエＨ･2勝,43,芝,0,2000,良,ロードプレイヤー  ,牡,4,丹内祐次,55.0,13,08,9,9,0,1,12,120.4,"2004",0,0,9,9,7,34.5,462,尾形和幸,美,0,20101199,01091,01141,0524580908,ロードホースクラブ,アイズスタッド,グレーターロンドン,ホオポノポノ,タニノギムレット,鹿毛,200401,  200.5,  ,    ,56.7
24,11,24,5,東京,8,09,オリエＨ･2勝,43,芝,0,2000,良,アドマイヤマツリ  ,牝,3,戸崎圭太,53.0,13,09,1,1,0,-0.2,3,119.4,"1594",0,0,2,3,2,33.8,452,宮田敬介,美,1550,21101549,05386,01175,0524580909,近藤旬子,スマイルファーム,キタサンブラック,アドマイヤナイト,アドマイヤムーン,黒鹿,210206,    6.4,  ,    ,58.5
24,11,24,5,東京,8,09,オリエＨ･2勝,43,芝,0,2000,良,マーシャルポイント,牡,3,ビュイッ,55.0,13,10,13,13,0,1.6,7,121,"2010",0,0,5,2,2,35.5,476,木村哲也,美,0,21105675,05495,01126,0524580910,サンデーレーシング,ノーザンファーム,エピファネイア,トリプライト,ワイルドラッシュ,黒鹿,210201,   34.0,  ,    ,53.2
24,11,24,5,東京,8,09,オリエＨ･2勝,43,芝,0,2000,良,ディマイザキッド  ,牡,3,ムーア,55.0,13,11,2,2,0,0.2,4,119.6,"1596",0,0,11,5,5,33.9,458,清水英克,美,620,21104324,05366,01080,0524580911,嶋田一成,服部牧場,ディーマジェスティ,ミスミーチャン,ファスリエフ,鹿毛,210221,   11.4,  ,    ,58.3
24,11,24,5,東京,8,09,オリエＨ･2勝,43,芝,0,2000,良,ピクシレーション  ,牝,4,菊沢一樹,53.0,13,12,10,10,0,1.1,10,120.5,"2005",0,0,3,3,5,34.8,478,菊沢隆徳,美,0,20102868,01161,01115,0524580912,社台レースホース,社台ファーム,ハーツクライ,シアードラマ,"Burning Roma",鹿毛,200411,  109.5,  ,    ,55.5
24,11,24,5,東京,8,09,オリエＨ･2勝,43,芝,0,2000,良,ジオセントリック  ,牡,3,ルメール,56.0,13,13,4,4,0,0.3,2,119.7,"1597",0,0,1,1,1,34.3,486,手塚貴久,美,230,21105755,05339,01038,0524580913,キャロットファーム,ノーザンファーム,ハービンジャー,プルメリアスター,ゼンノロブロイ,鹿毛,210329,    3.9,  ,    ,56.7
24,11,24,5,東京,8,10,アプロー･2勝,43,ダ,1,1400,良,タマモヴェナトル  ,牡,4,菊沢一樹,58.0,16,01,12,12,0,1.8,10,86.2,"1262",0,0,0,7,6,37.3,442,菊沢隆徳,美,0,20104864,01161,01115,0524581001,タマモ,前田牧場,シニスターミニスター,プティトシャンティ,ダノンシャンティ,黒鹿,200319,   40.6,  ,    ,48.3
24,11,24,5,東京,8,10,アプロー･2勝,43,ダ,1,1400,良,キタノソワレ      ,牝,3,丹内祐次,55.0,16,02,10,10,0,1.3,11,85.7,"1257",0,0,0,13,13,36.3,468,本間忍,美,0,21106421,01091,01056,0524581002,北所直人,対馬正,トゥザワールド,チャームラブ,フレンチデピュティ,鹿毛,210507,   72.2,  ,    ,52.1
24,11,24,5,東京,8,10,アプロー･2勝,43,ダ,1,1400,良,ケンキョ          ,牡,4,丸田恭介,58.0,16,03,6,6,0,0.5,7,84.9,"1249",0,0,0,10,10,35.7,466,高橋文雅,美,0,20105949,01117,01134,0524581003,佐久間拓士,村上欽哉,ダノンレジェンド,ブライアンズイブ,ブライアンズタイム,黒鹿,200305,   18.4,  ,    ,53.4
24,11,24,5,東京,8,10,アプロー･2勝,43,ダ,1,1400,良,フクノブルジュ    ,牡,4,横山和生,58.0,16,04,9,9,0,1.2,12,85.6,"1256",0,0,0,16,15,35.9,456,竹内正洋,美,0,20101465,01140,01152,0524581004,福島祐子,ケイズ,フリオーソ,ネビュラ,ネオユニヴァース,黒鹿,200328,   77.1,  ,    ,53.8
24,11,24,5,東京,8,10,アプロー･2勝,43,ダ,1,1400,良,シゲルソロソロ    ,牝,4,鮫島克駿,56.0,16,05,1,1,0,0,4,84.4,"1244",0,0,0,7,6,35.5,476,谷潔,栗,1550,20110100,01157,00431,0524581005,關美和,"Kathryn Nikkel Old",Runhappy,Distinguishable,"Distorted Humor",鹿毛,200315,    4.9,  ,    ,53.3
24,11,24,5,東京,8,10,アプロー･2勝,43,ダ,1,1400,良,ミラキュラスライト,牡,5,ムーア,58.0,16,06,8,8,0,1.1,9,85.5,"1255",0,0,0,4,4,36.8,490,萩原清,美,0,19104602,05366,01017,0524581006,G1レーシング,社台コーポレーショ,エイシンフラッシュ,ミラグロッサ,フジキセキ,青毛,190326,   34.5,  ,    ,49.3
24,11,24,5,東京,8,10,アプロー･2勝,43,ダ,1,1400,良,クインズデネブ    ,牝,3,菅原明良,55.0,16,07,11,11,0,1.5,8,85.9,"1259",0,0,0,4,6,37,410,小島茂之,美,0,21106328,01179,01068,0524581007,亀田和弘,隆栄牧場,カレンブラックヒル,ママキジャ,ストラヴィンスキー,芦毛,210420,   23.4,  ,    ,49.1
24,11,24,5,東京,8,10,アプロー･2勝,43,ダ,1,1400,良,ミエノナイスガイ  ,牡,5,石橋脩,58.0,16,08,13,13,0,2,13,86.4,"1264",0,0,0,14,13,36.9,486,上原佑紀,美,0,19103767,01077,01192,0524581008,里見美惠子,谷川牧場,クロフネ,ヒラボクビジン,ブライアンズタイム,鹿毛,190401,  181.3,  ,    ,50.6
24,11,24,5,東京,8,10,アプロー･2勝,43,ダ,1,1400,良,アッチャゴーラ    ,牡,4,小崎綾也,58.0,16,09,3,3,0,0.2,5,84.6,"1246",0,0,0,10,10,35.4,506,村山明,栗,390,20102843,01152,01107,0524581009,吉田千津,社台ファーム,マインドユアビスケッツ,グラッブユアコート,ゴールドアリュール,鹿毛,200520,    9.7,  ,    ,54.2
24,11,24,5,東京,8,10,アプロー･2勝,43,ダ,1,1400,良,カフェニクス      ,牝,3,松山弘平,55.0,16,10,4,4,0,0.2,2,84.6,"1246",0,0,0,2,2,36,500,中舘英二,美,230,21103288,01126,01153,0524581010,西川光一,三嶋牧場,サンダースノー,ルミエールカフェ,マンハッタンカフェ,栗毛,210407,    4.3,  ,    ,51.2
24,11,24,5,東京,8,10,アプロー･2勝,43,ダ,1,1400,良,キングクー        ,牡,5,丸山元気,58.0,16,11,16,16,0,2.6,14,87,"1270",0,0,0,2,2,38.4,528,根本康広,美,0,19102321,01127,01029,0524581011,辻子依旦,ヤナガワ牧場,ロードカナロア,シュガーハート,サクラバクシンオー,鹿毛,190514,  193.6,  ,    ,44.9
24,11,24,5,東京,8,10,アプロー･2勝,43,ダ,1,1400,良,アラカザーム      ,牝,6,木幡育也,56.0,16,12,7,7,0,1,16,85.4,"1254",0,0,0,14,15,35.8,468,松永康利,美,0,18102338,01167,01093,0524581012,小林竜太郎,村上牧場,アジアエクスプレス,ボンジュールカレン,ゴールドアリュール,栗毛,180407,  325.3,  ,    ,53.9
24,11,24,5,東京,8,10,アプロー･2勝,43,ダ,1,1400,良,オルゴーリオ      ,牡,3,武豊,57.0,16,13,5,5,0,0.2,3,84.6,"1246",0,0,0,4,4,35.8,504,菊沢隆徳,美,155,21110147,00666,01115,0524581013,ノルマンディーサラ,"Dennis Crooks & Ge","Mor Spirit","Holy Wow","Put It Back",黒鹿,210512,    4.5,  ,    ,52.2
24,11,24,5,東京,8,10,アプロー･2勝,43,ダ,1,1400,良,ベラジオボッキーニ,セ,5,柴田大知,58.0,16,14,14,14,0,2.1,15,86.5,"1265",0,0,0,7,9,37.4,510,粕谷昌央,美,0,19100415,01009,01096,0524581014,Mr.ホース,対馬正,アジアエクスプレス,プリティタヤス,マーベラスサンデー,栗毛,190306,  303.8,  ,    ,48.5
24,11,24,5,東京,8,10,アプロー･2勝,43,ダ,1,1400,良,ヴァンドーム      ,牡,3,スミヨン,57.0,16,15,2,2,0,0,1,84.4,"1244",0,0,0,10,10,35.2,494,安田翔伍,栗,620,21100170,05271,01164,0524581015,中村祐子,ケイアイファーム,ロードカナロア,ルアンジュ,マンハッタンカフェ,黒鹿,210420,    4.1,  ,    ,54.8
24,11,24,5,東京,8,10,アプロー･2勝,43,ダ,1,1400,良,サミアド          ,牡,3,坂井瑠星,57.0,16,16,15,15,0,2.2,6,86.6,"1266",0,0,0,1,1,38.2,518,竹内正洋,美,0,21109086,01163,01152,0524581016,グリーンファーム,恵比寿興業株式会社,シャンハイボビー,エイシンバンバ,"Rock Hard Ten",黒鹿,210425,   16.5,  ,    ,45.0
24,11,24,5,東京,8,11,アーモン･3勝,67,芝,0,2000,良,タッチウッド      ,牡,4,Ｃ．デム,58.0,15,01,1,1,0,-0.4,7,119.5,"1595",0,0,1,1,1,34,540,武幸四郎,栗,1840,20105998,05473,01160,0524581101,吉田和美,村田牧場,ドゥラメンテ,アメージングムーン,アドマイヤムーン,鹿毛,200111,   14.4,  ,    ,57.8
24,11,24,5,東京,8,11,アーモン･3勝,67,芝,0,2000,良,ミタマ            ,牝,4,小崎綾也,56.0,15,02,11,11,0,1.3,13,120.8,"2008",0,0,7,6,6,34.6,482,小崎憲,栗,0,20101892,01152,01085,0524581102,ニッシンホールディ,チャンピオンズファ,ハーツクライ,モナリザ,"Giant's Causeway",鹿毛,200219,  151.1,  ,    ,56.8
24,11,24,5,東京,8,11,アーモン･3勝,67,芝,0,2000,良,ガイアメンテ      ,牡,3,川田将雅,56.0,15,03,2,2,0,0.4,2,119.9,"1599",0,0,2,2,2,34.2,500,須貝尚介,栗,740,21105808,01088,01105,0524581103,サンデーレーシング,ノーザンファーム,ドゥラメンテ,ミュージカルロマンス,"Concorde's Tune",栗毛,210405,    4.7,  ,    ,57.4
24,11,24,5,東京,8,11,アーモン･3勝,67,芝,0,2000,良,オクタヴィアヌス  ,牡,4,ルメール,58.0,15,04,5,5,0,0.8,1,120.3,"2003",0,0,4,3,2,34.5,514,木村哲也,美,184,20103132,05339,01126,0524581104,山本英俊,社台牧場,ドゥラメンテ,クイーンズアドヴァイス,Orpen,鹿毛,200208,    2.6,  ,    ,56.6
24,11,24,5,東京,8,11,アーモン･3勝,67,芝,0,2000,良,ダニーデン        ,牡,4,マーカン,58.0,15,05,15,15,0,1.5,8,121,"2010",0,0,7,8,6,34.8,504,辻哲英,美,0,20103679,05626,01182,0524581105,吉田和美,ノーザンファーム,リアルスティール,リアリサトリス,Numerous,鹿毛,200119,   17.5,  ,    ,56.2
24,11,24,5,東京,8,11,アーモン･3勝,67,芝,0,2000,良,ストロングウィル  ,牡,5,鮫島克駿,58.0,15,06,8,8,0,1.2,10,120.7,"2007",0,0,2,3,4,34.8,506,橋口慎介,栗,0,19103358,01157,01154,0524581106,前田晋二,山際牧場,シルバーステート,カワイコチャン,ゴールドヘイロー,黒鹿,190507,   64.3,  ,    ,55.8
24,11,24,5,東京,8,11,アーモン･3勝,67,芝,0,2000,良,ナイトインロンドン,牡,4,スミヨン,58.0,15,07,4,4,0,0.7,3,120.2,"2002",0,0,11,10,9,33.8,484,大竹正博,美,280,20101152,05271,01102,0524581107,窪田芳郎,坂東牧場,グレーターロンドン,ムーンハウリング,メジロマックイーン,芦毛,200310,    7.2,  ,    ,59.6
24,11,24,5,東京,8,11,アーモン･3勝,67,芝,0,2000,良,ウインリブルマン  ,牡,6,松岡正海,58.0,15,08,7,7,0,1.1,14,120.6,"2006",0,0,4,5,4,34.6,500,緒方努,栗,0,18101621,01085,01193,0524581108,ウイン,コスモヴューファー,エピファネイア,ウインリバティ,ダンスインザダーク,栗毛,180429,  222.0,  ,    ,56.5
24,11,24,5,東京,8,11,アーモン･3勝,67,芝,0,2000,良,ショーマンフリート,牡,3,丸山元気,56.0,15,09,12,12,0,1.3,5,120.8,"2008",0,0,7,10,9,34.4,506,手塚貴久,美,0,21105601,01127,01038,0524581109,星野壽市,ノーザンファーム,スワーヴリチャード,スカイフ,Siyouni,鹿毛,210419,   12.1,  ,    ,57.6
24,11,24,5,東京,8,11,アーモン･3勝,67,芝,0,2000,良,コスモブッドレア  ,牡,3,横山武史,56.0,15,10,13,13,0,1.3,6,120.8,"2008",0,0,4,6,6,34.7,488,小野次郎,美,0,21106782,01170,01125,0524581110,ビッグレッドファー,ビッグレッドファー,ゴールドシップ,コスモバタフライ,ソングオブウインド,芦毛,210301,   12.6,  ,    ,56.3
24,11,24,5,東京,8,11,アーモン･3勝,67,芝,0,2000,良,モズロックンロール,牡,4,戸崎圭太,58.0,15,11,6,6,0,1,12,120.5,"2005",0,0,11,14,15,33.6,514,藤岡健一,栗,0,20106535,05386,01062,0524581111,北側雅司,多田善弘,ビーチパトロール,モズソフィ,マンハッタンカフェ,黒鹿,200413,  118.3,  ,    ,60.8
24,11,24,5,東京,8,11,アーモン･3勝,67,芝,0,2000,良,エイカイマッケンロ,牡,5,松山弘平,58.0,15,12,14,14,0,1.5,9,121,"2010",0,0,7,8,9,34.7,496,藤原英昭,栗,0,19104800,01126,01055,0524581112,二木英実,社台ファーム,ロードカナロア,ダイワミランダ,ハービンジャー,鹿毛,190214,   44.2,  ,    ,56.6
24,11,24,5,東京,8,11,アーモン･3勝,67,芝,0,2000,良,エスコバル        ,セ,6,ムーア,58.0,15,13,9,9,0,1.2,11,120.7,"2007",0,0,11,12,12,34.2,512,堀宣行,美,0,18106154,05366,01070,0524581113,吉田和美,酒井牧場,モーリス,スマッシュハート,キングカメハメハ,鹿毛,180502,   76.3,  ,    ,58.4
24,11,24,5,東京,8,11,アーモン･3勝,67,芝,0,2000,良,ウインオーディン  ,牡,4,ビュイッ,58.0,15,14,3,3,0,0.6,4,120.1,"2001",0,0,14,12,12,33.5,492,鹿戸雄一,美,460,20105217,05495,01097,0524581114,ウイン,コスモヴューファー,エピファネイア,ピエナビーナス,フジキセキ,黒鹿,200511,   10.7,  ,    ,60.8
24,11,24,5,東京,8,11,アーモン･3勝,67,芝,0,2000,良,コスモシャングリラ,牝,4,丹内祐次,56.0,15,15,10,10,0,1.2,15,120.7,"2007",0,0,15,15,14,34,446,水野貴広,美,0,20103562,01091,01094,0524581115,ビッグレッドファー,ノーザンファーム,ハーツクライ,ファディラー,Monsun,鹿毛,200331,  231.5,  ,    ,59.3
24,11,24,5,東京,8,12,ＪＣG1,195,芝,0,2400,良,ゴリアット        ,セ,4,スミヨン,58.0,14,01,6,6,0,0.5,6,146,"2260",0,9,3,4,4,33.5,496,グラファ,外,0,20190005,05271,05701,0524581201,レゾリュート・ブラ,"Gestut Schlenderha",Adlerflug,Gouache,Shamardal,鹿毛,200227,   15.8,  ,    ,61.9
24,11,24,5,東京,8,12,ＪＣG1,195,芝,0,2400,良,ブローザホーン    ,牡,5,菅原明良,58.0,14,02,12,12,0,1.1,10,146.6,"2266",0,11,10,9,7,33.8,430,吉岡辰弥,栗,0,19105748,01179,01176,0524581202,岡田牧雄,岡田スタツド,エピファネイア,オートクレール,デュランダル,鹿毛,190510,   61.4,  ,    ,61.2
24,11,24,5,東京,8,12,ＪＣG1,195,芝,0,2400,良,ドウデュース      ,牡,5,武豊,58.0,14,03,1,1,0,0,1,145.5,"2255",0,13,12,12,7,32.7,510,友道康夫,栗,50000,19105283,00666,01061,0524581203,キーファーズ,ノーザンファーム,ハーツクライ,ダストアンドダイヤモンズ,Vindication,鹿毛,190507,    2.3,  ,    ,65.0
24,11,24,5,東京,8,12,ＪＣG1,195,芝,0,2400,良,ジャスティンパレス,牡,5,Ｃ．デム,58.0,14,04,5,5,0,0.5,3,146,"2260",0,7,7,7,7,33.3,468,杉山晴紀,栗,5000,19105346,05473,01157,0524581204,三木正浩,ノーザンファーム,ディープインパクト,パレスルーマー,"Royal Anthem",青鹿,190412,    6.2,  ,    ,62.8
24,11,24,5,東京,8,12,ＪＣG1,195,芝,0,2400,良,シュトルーヴェ    ,セ,5,鮫島克駿,58.0,14,05,10,10,0,0.8,11,146.3,"2263",0,14,12,12,12,33.4,478,堀宣行,美,0,19104447,01157,01070,0524581205,村木克子,追分ファーム,キングカメハメハ,アンチュラス,ディープインパクト,黒鹿,190421,   83.9,  ,    ,62.7
24,11,24,5,東京,8,12,ＪＣG1,195,芝,0,2400,良,ダノンベルーガ    ,牡,5,松山弘平,58.0,14,06,9,9,0,0.7,13,146.2,"2262",0,3,7,9,7,33.4,492,堀宣行,美,0,19105195,01126,01070,0524581206,ダノックス,ノーザンファーム,ハーツクライ,コーステッド,Tizway,鹿毛,190207,  106.4,  ,    ,62.6
24,11,24,5,東京,8,12,ＪＣG1,195,芝,0,2400,良,シンエンペラー    ,牡,3,坂井瑠星,56.0,14,07,2,2,0,0,8,145.5,"2255",0,1,1,2,2,33.1,488,矢作芳人,栗,16500,21110048,01163,01075,0524581207,藤田晋,"Ecurie Des Monceau",Siyouni,"Starlet's Sister",Galileo,栗毛,210430,   26.8,  ,    ,63.2
24,11,24,5,東京,8,12,ＪＣG1,195,芝,0,2400,良,オーギュストロダン,牡,4,ムーア,58.0,14,08,8,8,0,0.7,4,146.2,"2262",0,7,7,7,7,33.5,454,オブライ,外,0,20190003,05366,05518,0524581208,M.テイバーD.スミス,Coolmore,"Deep Impact",Rhododendron,Galileo,黒鹿,200126,    9.8,  ,    ,62.1
24,11,24,5,東京,8,12,ＪＣG1,195,芝,0,2400,良,チェルヴィニア    ,牝,3,ルメール,54.0,14,09,4,4,0,0.4,2,145.9,"2259",0,3,3,6,4,33.4,494,木村哲也,美,7500,21105643,05339,01126,0524581209,サンデーレーシング,ノーザンファーム,ハービンジャー,チェッキーノ,キングカメハメハ,鹿毛,210203,    4.0,  ,    ,62.3
24,11,24,5,東京,8,12,ＪＣG1,195,芝,0,2400,良,ドゥレッツァ      ,牡,4,ビュイッ,58.0,14,10,2,2,0,0,7,145.5,"2255",0,6,3,1,1,33.4,470,尾関知人,美,16500,20103650,05495,01103,0524581210,キャロットファーム,ノーザンファーム,ドゥラメンテ,モアザンセイクリッド,"More Than Ready",青鹿,200424,   16.2,  ,    ,61.9
24,11,24,5,東京,8,12,ＪＣG1,195,芝,0,2400,良,カラテ            ,牡,8,杉原誠人,58.0,14,11,13,13,0,1.2,14,146.7,"2267",0,9,10,9,12,33.8,530,音無秀孝,栗,0,16106606,01135,01002,0524581211,小田切光,中地康弘,トゥザグローリー,レディーノパンチ,フレンチデピュティ,黒鹿,160527,  277.9,  ,    ,61.3
24,11,24,5,東京,8,12,ＪＣG1,195,芝,0,2400,良,ソールオリエンス  ,牡,4,横山武史,58.0,14,12,14,14,0,2.2,9,147.7,"2277",0,2,2,4,4,35.2,476,手塚貴久,美,0,20102899,01170,01038,0524581212,社台レースホース,社台ファーム,キタサンブラック,スキア,Motivator,鹿毛,200404,   35.7,  ,    ,56.5
24,11,24,5,東京,8,12,ＪＣG1,195,芝,0,2400,良,ファンタスティック,牡,4,ピーヒュ,58.0,14,13,11,11,0,1,12,146.5,"2265",0,11,12,12,14,33.5,440,シュタイ,外,0,20190004,05661,05783,0524581213,リバティレーシング,"Graf und Grafin vo","Sea The Moon",Frangipani,"Jukebox Jury",鹿毛,200321,   89.5,  ,    ,62.4
24,11,24,5,東京,8,12,ＪＣG1,195,芝,0,2400,良,スターズオンアース,牝,5,川田将雅,56.0,14,14,7,7,0,0.6,5,146.1,"2261",0,3,3,2,2,33.8,500,高柳瑞樹,美,0,19104740,01088,01118,0524581214,社台レースホース,社台ファーム,ドゥラメンテ,サザンスターズ,"Smart Strike",黒鹿,190227,   12.7,  ,    ,60.7
