25,07,26,1,札幌,1,01,未勝利*,7,芝,0,1200,良,セイウンダイフク  ,牡,2,池添謙一,55.0,12,01,12,12,0,2.5,6,71.4,"1114",0,0,0,12,12,35.1,428,宮本博,栗,0,23104705,01032,01073,0125110101,西山茂行,メイタイファーム,サンダースノー,ニシノマメフク,スペシャルウィーク,鹿毛,230215,   36.9,  ,    ,53.4
25,07,26,1,札幌,1,01,未勝利*,7,芝,0,1200,良,ハルヒメ          ,牝,2,小林美駒,52.0,12,02,3,3,0,0.2,2,69.1,"1091",0,0,0,1,1,34.9,388,矢嶋大樹,美,140,23103400,01206,01202,0125110102,大島有志生,社台ファーム,マインドユアビスケッツ,ゴルトキルシェ,ステイゴールド,栗毛,230305,    4.2,  ,    ,48.0
25,07,26,1,札幌,1,01,未勝利*,7,芝,0,1200,良,ショウナンカリス  ,牝,2,北村友一,55.0,12,03,1,1,0,-0.2,3,68.9,"1089",0,0,0,6,5,34.1,408,加藤士津,美,560,23105347,01102,01169,0125110103,国本哲秀,ノーザンファーム,リアルスティール,ロシアンサモワール,"American Pharoah",鹿毛,230209,    4.8,  ,    ,52.1
25,07,26,1,札幌,1,01,未勝利*,7,芝,0,1200,良,ファニーバニー    ,牝,2,鮫島克駿,55.0,12,04,2,2,0,0.2,1,69.1,"1091",0,0,0,2,2,34.8,428,杉山佳明,栗,220,23105277,01157,01178,0125110104,谷崎森吾,ノーザンファーム,シスキン,カゼルタ,ハービンジャー,黒鹿,230205,    2.4,  ,    ,48.6
25,07,26,1,札幌,1,01,未勝利*,7,芝,0,1200,良,モズプリフォール  ,牡,2,佐々木大,55.0,12,05,9,9,0,1.5,4,70.4,"1104",0,0,0,7,7,35.5,488,矢作芳人,栗,0,23105738,01197,01075,0125110105,北側雅司,上村清志,モズアスコット,グランプリエンゼル,アグネスデジタル,栗毛,230404,    5.5,  ,    ,48.3
25,07,26,1,札幌,1,01,未勝利*,7,芝,0,1200,良,ナムラシンジロー  ,牡,2,古川奈穂,52.0,12,06,11,11,0,2.2,7,71.1,"1111",0,0,0,7,7,36.1,426,羽月友彦,栗,0,23100672,01190,01091,0125110106,奈村睦弘,いとう牧場,ミッキーアイル,ナムラキヌ,ゼンノロブロイ,鹿毛,230529,   41.2,  ,    ,47.0
25,07,26,1,札幌,1,01,未勝利*,7,芝,0,1200,良,カンレイスター    ,牝,2,荻野琢真,55.0,12,07,4,4,0,1,8,69.9,"1099",0,0,0,4,3,35.4,434,矢野英一,美,84,23105558,01112,01108,0125110107,那須野牧場,那須野,シスキン,ナスノカツラ,ヴィクトワールピサ,黒鹿,230307,   46.9,  ,    ,47.5
25,07,26,1,札幌,1,01,未勝利*,7,芝,0,1200,良,トーセンクリステル,牝,2,舟山瑠泉,52.0,12,08,8,8,0,1.5,9,70.4,"1104",0,0,0,9,7,35.3,460,杉浦宏昭,美,0,23105359,01221,01008,0125110108,島川隆哉,ウエスタンファーム,ダイワメジャー,マローネメタリコ,ヘニーヒューズ,栗毛,230210,   74.4,  ,    ,49.4
25,07,26,1,札幌,1,01,未勝利*,7,芝,0,1200,良,オンマイビート    ,牡,2,和田陽希,52.0,12,09,10,10,0,1.7,12,70.6,"1106",0,0,0,9,10,35.4,450,松山将樹,美,0,23100344,01223,01100,0125110109,スリースターズレー,前田ファーム,ジャスタウェイ,グラマラススカイ,カネヒキリ,鹿毛,230217,  109.3,  ,    ,49.4
25,07,26,1,札幌,1,01,未勝利*,7,芝,0,1200,良,サンタカリス      ,牝,2,黛弘人,55.0,12,10,7,7,0,1.3,11,70.2,"1102",0,0,0,11,10,34.8,436,秋山真一,栗,0,23100986,01109,01212,0125110110,ヒダカ・ブリーダー,庄野牧場,マテラスカイ,センターグランタス,アグネスタキオン,栗毛,230412,   92.1,  ,    ,51.7
25,07,26,1,札幌,1,01,未勝利*,7,芝,0,1200,良,ストームサンダー  ,牡,2,丹内祐次,55.0,12,11,6,6,0,1.3,5,70.2,"1102",0,0,0,4,5,35.7,454,安達昭夫,栗,0,23100772,01091,01042,0125110111,"Him Rock Racingホ",北田剛,ヘンリーバローズ,マイヴィクトリア,キングカメハメハ,黒鹿,230403,   10.0,  ,    ,46.6
25,07,26,1,札幌,1,01,未勝利*,7,芝,0,1200,良,ココソラーレ      ,牝,2,鷲頭虎太,52.0,12,12,5,5,0,1.2,10,70.1,"1101",0,0,0,3,3,35.7,424,天間昭一,美,56,23109031,01202,01090,0125110112,西村新一郎,ココファーム,セイウンコウセイ,ニシノプレジール,オルフェーヴル,鹿毛,230404,   77.1,  ,    ,46.4
25,07,26,1,札幌,1,02,未勝利,7,ダ,1,1000,良,ユウグレ          ,牝,3,舟山瑠泉,52.0,12,01,9,9,0,1.2,7,60.7,"1007",0,0,0,6,8,36.8,440,宮田敬介,美,0,22110019,01221,01175,0125110201,H.H.シェイク・ハム,Godolphin,"Too Darn Hot","Dawn Delivers","Dawn Approach",鹿毛,220319,   35.9,  ,    ,47.4
25,07,26,1,札幌,1,02,未勝利,7,ダ,1,1000,良,タイセイアビリティ,牡,3,斎藤新,57.0,12,02,2,2,0,0,4,59.5,"0595",0,0,0,6,6,35.6,472,小林真也,栗,220,22102799,01178,01185,0125110202,田中成奉,酒井牧場,フォーウィールドライブ,ブラジリアンビューティ,Galileo,栗毛,220319,   12.0,  ,    ,50.7
25,07,26,1,札幌,1,02,未勝利,7,ダ,1,1000,良,グロリオン        ,牡,3,森田誠也,54.0,12,03,12,12,0,1.4,9,60.9,"1009",0,0,0,8,11,36.8,478,牧田和弥,栗,0,22100595,01222,01123,0125110203,仲尾正人,グローリーファーム,フリオーソ,シャインエタニティ,グラスワンダー,栗毛,220207,   46.9,  ,    ,48.2
25,07,26,1,札幌,1,02,未勝利,7,ダ,1,1000,良,キャットデイ      ,牝,3,川又賢治,55.0,12,04,7,7,0,0.7,10,60.2,"1002",0,0,0,3,3,36.6,424,吉村圭司,栗,0,22110124,01166,01130,0125110204,塚田義広,"C. Kidder & N. Col",Mitole,"Moon Pie","Mr. Greeley",黒鹿,220222,   47.5,  ,    ,46.7
25,07,26,1,札幌,1,02,未勝利,7,ダ,1,1000,良,レイアポポ        ,牝,3,丹内祐次,55.0,12,05,5,5,0,0.5,5,60,"1000",0,0,0,3,3,36.4,462,青木孝文,美,56,22102103,01091,01156,0125110205,ヒダカ・ブリーダー,槇本牧場,シニスターミニスター,ワイルドポポ,ワイルドラッシュ,鹿毛,220506,   13.2,  ,    ,47.3
25,07,26,1,札幌,1,02,未勝利,7,ダ,1,1000,良,サラサエンペラー  ,牡,3,黛弘人,57.0,12,06,6,6,0,0.6,11,60.1,"1001",0,0,0,10,8,35.9,468,村田一誠,美,0,22102967,01109,01190,0125110206,横井良明,辻牧場,タワーオブロンドン,グローリアスローズ,ロックオブジブラルタル,鹿毛,220328,  208.3,  ,    ,51.1
25,07,26,1,札幌,1,02,未勝利,7,ダ,1,1000,良,コッコラーレ      ,牝,3,小林美駒,52.0,12,07,10,10,0,1.3,2,60.8,"1008",0,0,0,1,1,37.4,484,鈴木孝志,栗,0,22107411,01206,01111,0125110207,山口敦広,大作ステーブル,タワーオブロンドン,モエレサンタマリア,ゴールドヘイロー,鹿毛,220323,    4.0,  ,    ,43.9
25,07,26,1,札幌,1,02,未勝利,7,ダ,1,1000,良,サツキレジーナ    ,牝,3,古川吉洋,55.0,12,08,4,4,0,0.1,6,59.6,"0596",0,0,0,11,10,35.3,418,石栗龍彦,美,84,22101204,01015,01043,0125110208,小野博郷,加藤牧場,リオンディーズ,シャインベスト,ストロングリターン,青鹿,220505,   31.6,  ,    ,53.3
25,07,26,1,札幌,1,02,未勝利,7,ダ,1,1000,良,エンジェルラダー  ,牝,3,佐々木大,55.0,12,09,1,1,0,0,1,59.5,"0595",0,0,0,2,2,36,488,木村哲也,美,560,22110064,01197,01126,0125110209,前田幸治,"CresRan LLC",Nyquist,"Tiz Miz Sue",Tiznow,鹿毛,220413,    1.6,  ,    ,47.9
25,07,26,1,札幌,1,02,未勝利,7,ダ,1,1000,良,タイセイルーマー  ,牝,3,鮫島克駿,55.0,12,10,8,8,0,0.8,8,60.3,"1003",0,0,0,8,7,36.2,466,斎藤誠,美,0,22105228,01157,01086,0125110210,田中成奉,社台ファーム,ナダル,アーバンレジェンド,アグネスタキオン,栗毛,220426,   43.8,  ,    ,49.9
25,07,26,1,札幌,1,02,未勝利,7,ダ,1,1000,良,グランヴァルール  ,牝,3,柴田裕一,52.0,12,11,11,11,0,1.4,12,60.9,"1009",0,0,0,11,11,36.6,462,千葉直人,美,0,22104131,01212,01199,0125110211,飯田貴大,千代田牧場,リアルスティール,シェリレーヌ,Mineshaft,鹿毛,220304,  297.0,  ,    ,49.6
25,07,26,1,札幌,1,02,未勝利,7,ダ,1,1000,良,ラピルスイメル    ,牝,3,古川奈穂,52.0,12,12,3,3,0,0.1,3,59.6,"0596",0,0,0,5,3,35.9,504,小崎憲,栗,140,22106194,01190,01085,0125110212,ケーエスHD,小泉牧場,ミスターメロディ,グッドレインボー,ステイゴールド,鹿毛,220417,    9.9,  ,    ,49.0
25,07,26,1,札幌,1,03,未勝利,7,ダ,1,1700,良,ニッシンゲッポ    ,牝,3,原田和真,55.0,14,01,13,13,0,3.2,11,108.8,"1488",0,13,14,13,13,40.2,428,金成貴史,美,0,22102356,01143,01132,0125110301,藤沼利夫,高橋啓,フォーウィールドライブ,カレンマーガレット,ネオユニヴァース,黒鹿,220311,  167.5,  ,    ,43.1
25,07,26,1,札幌,1,03,未勝利,7,ダ,1,1700,良,ジーティートゥルー,牡,3,黛弘人,57.0,14,02,8,8,0,1.9,6,107.5,"1475",0,12,11,10,9,39.3,444,田島俊明,美,0,22105487,01109,01112,0125110302,田畑利彦,社台ファーム,ニューイヤーズデイ,ブルーハワイアン,ハーツクライ,黒鹿,220217,   18.6,  ,    ,44.7
25,07,26,1,札幌,1,03,未勝利,7,ダ,1,1700,良,ベイビーベリッシモ,牡,3,古川吉洋,57.0,14,03,11,11,0,2.9,12,108.5,"1485",0,10,11,10,11,40.3,498,大和田成,美,0,22102728,01015,01124,0125110303,熊澤亮輔,杵臼牧場,ロゴタイプ,カルテブランシェ,ゴールドアリュール,鹿毛,220321,  167.8,  ,    ,42.3
25,07,26,1,札幌,1,03,未勝利,7,ダ,1,1700,良,ネトル            ,牝,3,斎藤新,55.0,14,04,4,4,0,1.1,9,106.7,"1467",0,4,4,4,3,39.2,396,高橋康之,栗,84,22106614,01178,01135,0125110304,ノースヒルズ,ノースヒルズ,マジェスティックウォリアー,アニエーゼ,Ghostzapper,黒鹿,220307,   36.7,  ,    ,43.9
25,07,26,1,札幌,1,03,未勝利,7,ダ,1,1700,良,オオタチ          ,牡,3,横山武史,57.0,14,05,3,3,0,0.7,2,106.3,"1463",0,8,9,8,6,38.3,450,久保田貴,美,140,22101234,01170,01067,0125110305,諸岡慶,北田剛,ルヴァンスレーヴ,チェス,フリオーソ,黒鹿,220505,    3.9,  ,    ,46.8
25,07,26,1,札幌,1,03,未勝利,7,ダ,1,1700,良,サヨノミッキー    ,牡,3,柴田裕一,54.0,14,06,9,9,0,2.2,14,107.8,"1478",0,6,7,8,9,39.8,462,羽月友彦,栗,0,22107059,01212,01091,0125110306,吉岡泰治,村上雅規,ミッキーアイル,トーセンジュエル,ヴィクトワールピサ,鹿毛,220307,  259.7,  ,    ,43.2
25,07,26,1,札幌,1,03,未勝利,7,ダ,1,1700,良,カズナリ          ,牡,3,鷲頭虎太,54.0,14,07,12,12,0,3.1,10,108.7,"1487",0,10,10,12,13,40.4,490,中舘英二,美,0,22104381,01202,01153,0125110307,嶋田賢,フジワラフアーム,ディーマジェスティ,アラピンタ,Medicean,鹿毛,220323,   92.1,  ,    ,42.2
25,07,26,1,札幌,1,03,未勝利,7,ダ,1,1700,良,カシマスウィープ  ,牝,3,松岡正海,55.0,14,08,14,14,0,3.5,13,109.1,"1491",0,13,13,13,12,40.6,480,伊藤伸一,美,0,22101090,01085,01031,0125110308,松浦一久,新井昭二牧場,リアルスティール,ロイヤルライン,クロフネ,鹿毛,220224,  218.4,  ,    ,42.0
25,07,26,1,札幌,1,03,未勝利,7,ダ,1,1700,良,キンセンオー      ,牡,3,和田陽希,54.0,14,09,6,6,0,1.8,8,107.4,"1474",0,4,5,6,8,39.6,486,中尾秀正,栗,0,22101769,01223,01069,0125110309,泉一郎,坪田晃宜,エスケンデレヤ,エスパージョー,エスポワールシチー,栗毛,220329,   20.9,  ,    ,43.4
25,07,26,1,札幌,1,03,未勝利,7,ダ,1,1700,良,タイセイバンクール,牡,3,鮫島克駿,57.0,14,10,10,10,0,2.2,5,107.8,"1478",0,6,5,4,5,40.4,456,西村真幸,栗,0,22104404,01157,01148,0125110310,田中成奉,フジワラフアーム,サンダースノー,パーリオミノル,ディープインパクト,栗毛,220421,   16.3,  ,    ,41.0
25,07,26,1,札幌,1,03,未勝利,7,ダ,1,1700,良,ファジーロップ    ,牝,3,佐々木大,55.0,14,11,7,7,0,1.8,3,107.4,"1474",0,8,8,6,6,39.7,450,吉岡辰弥,栗,0,22105547,01197,01176,0125110311,社台レースホース,社台ファーム,サートゥルナーリア,ラビットラン,Tapit,鹿毛,220319,    7.1,  ,    ,43.0
25,07,26,1,札幌,1,03,未勝利,7,ダ,1,1700,良,ディアウス        ,牡,3,北村友一,57.0,14,12,1,1,0,-0.3,1,105.6,"1456",0,1,1,1,1,38.5,452,吉岡辰弥,栗,560,22102905,01102,01176,0125110312,ライオンレースホー,谷川牧場,シニスターミニスター,パドックシアトル,"Seattle Fitz",黒鹿,220316,    2.0,  ,    ,45.1
25,07,26,1,札幌,1,03,未勝利,7,ダ,1,1700,良,ジョードリウム    ,牡,3,丹内祐次,57.0,14,13,2,2,0,0.3,4,105.9,"1459",0,2,2,2,2,38.8,506,清水久詞,栗,220,22100997,01091,01110,0125110313,上田江吏子,山際牧場,ホッコータルマエ,ジョーアラマート,キングヘイロー,鹿毛,220428,   10.4,  ,    ,44.3
25,07,26,1,札幌,1,03,未勝利,7,ダ,1,1700,良,オロパタジン      ,牡,3,小林美駒,54.0,14,14,5,5,0,1.6,7,107.2,"1472",0,3,3,3,3,39.9,466,相沢郁,美,56,22102567,01206,01020,0125110314,石瀬浩三,赤田牧場,ノヴェリスト,ダンシングチコ,ダイワメジャー,青鹿,220310,   19.8,  ,    ,42.0
25,07,26,1,札幌,1,04,未勝利・牝,7,芝,0,1500,良,ゴールドハーディス,牝,3,荻野琢真,55.0,14,01,7,7,0,1.3,9,88.8,"1288",0,0,14,13,13,34.9,440,大久保龍,栗,0,22106845,01112,01058,0125110401,居城寿与,北勝ファーム,ゴールドアクター,ゴールドグローリー,ハービンジャー,黒鹿,220416,   38.8,  ,    ,53.0
25,07,26,1,札幌,1,04,未勝利・牝,7,芝,0,1500,良,マザーズウィル    ,牝,3,北村友一,55.0,14,02,14,14,0,2.7,4,90.2,"1302",0,0,10,11,11,36.6,426,国枝栄,美,0,22104170,01102,00399,0125110402,飯田正剛,千代田牧場,キズナ,ホエールキャプチャ,クロフネ,鹿毛,220318,    5.9,  ,    ,47.6
25,07,26,1,札幌,1,04,未勝利・牝,7,芝,0,1500,良,バダジェフスカ    ,牝,3,松本大輝,54.0,14,03,11,11,0,1.9,7,89.4,"1294",0,0,6,5,6,36.4,472,新谷功一,栗,0,22106590,01191,01172,0125110403,フォレストレーシン,新冠橋本牧場,デクラレーションオブウォー,フィリポナ,ブラックタイド,鹿毛,220216,   18.6,  ,    ,47.1
25,07,26,1,札幌,1,04,未勝利・牝,7,芝,0,1500,良,エピファランド    ,牝,3,浜中俊,55.0,14,04,3,3,0,0.3,3,87.8,"1278",0,0,3,3,3,35,496,武幸四郎,栗,140,22105126,01115,01160,0125110404,藤田晋,ノーザンファーム,エピファネイア,ラーゴブルー,ハーツクライ,鹿毛,220209,    4.5,  ,    ,50.6
25,07,26,1,札幌,1,04,未勝利・牝,7,芝,0,1500,良,ブリスディーシャ  ,牝,3,斎藤新,55.0,14,05,12,12,0,2,13,89.5,"1295",0,0,10,10,10,36,444,小崎憲,栗,0,22107313,01178,01085,0125110405,石原進,二風谷ファーム,リオンディーズ,アイシャ,ハーツクライ,黒鹿,220323,  110.7,  ,    ,49.1
25,07,26,1,札幌,1,04,未勝利・牝,7,芝,0,1500,良,テーオーカバリエ  ,牝,3,佐々木大,55.0,14,06,13,13,0,2.7,10,90.2,"1302",0,0,13,13,14,36.3,424,須貝尚介,栗,0,22105264,01197,01105,0125110406,小笹公也,社台ファーム,ブリックスアンドモルタル,エレベル,ディープインパクト,鹿毛,220413,   42.3,  ,    ,49.0
25,07,26,1,札幌,1,04,未勝利・牝,7,芝,0,1500,良,エミネントキャリア,牝,3,丹内祐次,55.0,14,07,8,8,0,1.3,8,88.8,"1288",0,0,6,8,8,35.5,452,稲垣幸雄,美,0,22105327,01091,01167,0125110407,吉田千津,社台ファーム,スワーヴリチャード,コーンドリー,"Indian Charlie",鹿毛,220326,   26.4,  ,    ,50.1
25,07,26,1,札幌,1,04,未勝利・牝,7,芝,0,1500,良,シンヒダカゴールド,牝,3,古川吉洋,55.0,14,08,1,1,0,0,2,87.5,"1275",0,0,1,1,1,35,476,角田晃一,栗,560,22104198,01015,01121,0125110408,グランホース,飛野牧場,リオンディーズ,ゴールドヴァレー,ブライアンズタイム,黒鹿,220203,    4.0,  ,    ,50.0
25,07,26,1,札幌,1,04,未勝利・牝,7,芝,0,1500,良,リリーオブザハート,牝,3,鮫島克駿,55.0,14,09,5,5,0,0.7,1,88.2,"1282",0,0,9,9,8,34.8,418,辻野泰之,栗,56,22105561,01157,01183,0125110409,DMMドリームクラブ,社台ファーム,ブリックスアンドモルタル,リリーオブザヴァレー,Galileo,鹿毛,220326,    3.8,  ,    ,52.3
25,07,26,1,札幌,1,04,未勝利・牝,7,芝,0,1500,良,ディアマント      ,牝,3,鷲頭虎太,52.0,14,10,9,9,0,1.7,14,89.2,"1292",0,0,10,11,11,35.6,436,西村真幸,栗,0,22103631,01202,01148,0125110410,岡田隆寛,岡田牧場,サトノダイヤモンド,ヘーザ,フレンチデピュティ,鹿毛,220331,  178.3,  ,    ,50.4
25,07,26,1,札幌,1,04,未勝利・牝,7,芝,0,1500,良,ベルジャッド      ,牝,3,柴田裕一,52.0,14,11,4,4,0,0.5,12,88,"1280",0,0,6,7,4,34.8,416,高柳大輔,栗,84,22101487,01212,01159,0125110411,ヒダカ・ブリーダー,白井牧場,ブリックスアンドモルタル,デルマヒスイ,エイシンフラッシュ,青鹿,220310,   79.3,  ,    ,51.9
25,07,26,1,札幌,1,04,未勝利・牝,7,芝,0,1500,良,レフレクシオ      ,牝,3,森田誠也,52.0,14,12,10,10,0,1.9,11,89.4,"1294",0,0,4,3,5,36.5,456,佐藤悠太,栗,0,22104641,01222,01205,0125110412,サンデーレーシング,ノーザンファーム,エピファネイア,イリデッサ,"Ruler of The World",鹿毛,220316,   61.9,  ,    ,46.6
25,07,26,1,札幌,1,04,未勝利・牝,7,芝,0,1500,良,オフザチェイン    ,牝,3,吉田隼人,55.0,14,13,6,6,0,1.1,6,88.6,"1286",0,0,4,5,6,35.6,454,友道康夫,栗,0,22100662,01095,01061,0125110413,ロードホースクラブ,ケイアイファーム,ロードカナロア,ワンダーガドット,"Medaglia d'Oro",鹿毛,220306,   14.6,  ,    ,49.3
25,07,26,1,札幌,1,04,未勝利・牝,7,芝,0,1500,良,ワタシマツワ      ,牝,3,小林美駒,52.0,14,14,2,2,0,0,5,87.5,"1275",0,0,2,2,2,34.8,422,竹内正洋,美,220,22101412,01206,01152,0125110414,由井健太郎,下河辺牧場,グレーターロンドン,サンドスラッシュ,"Holy Roman Emperor",鹿毛,220416,   10.2,  ,    ,51.0
25,07,26,1,札幌,1,05,新馬,15,ダ,1,1700,良,メイショウコシュウ,牡,2,武豊,55.0,13,01,6,6,0,2.1,1,108.5,"1485",0,11,11,11,8,39,488,松永幹夫,栗,0,23105032,00666,01092,0125110501,松本好隆,三嶋牧場,ナダル,メイショウササユリ,スズカマンボ,栗毛,230222,    2.6,  ,    ,47.2
25,07,26,1,札幌,1,05,新馬,15,ダ,1,1700,良,チカマヨルキーナ  ,牝,2,藤岡佑介,55.0,13,02,8,8,0,2.9,9,109.3,"1493",0,9,9,9,8,40.3,460,藤岡健一,栗,0,23105220,01093,01062,0125110502,木下博,社台コーポレーショ,ナダル,エスキシータ,ハーツクライ,黒鹿,230125,   43.6,  ,    ,43.4
25,07,26,1,札幌,1,05,新馬,15,ダ,1,1700,良,ウォータースパウト,牝,2,佐々木大,55.0,13,03,7,7,0,2.8,10,109.2,"1492",0,7,7,6,6,41,480,小笠倫弘,美,0,23105555,01197,01076,0125110503,グリーンファーム,那須野,ルヴァンスレーヴ,シネマソングス,ハーツクライ,青鹿,230323,   50.8,  ,    ,40.7
25,07,26,1,札幌,1,05,新馬,15,ダ,1,1700,良,エクストラプッシュ,牡,2,吉田隼人,55.0,13,04,9,9,0,3.2,7,109.6,"1496",0,13,13,12,11,40,520,奥村豊,栗,0,23105329,01095,01146,0125110504,亀井哲也,ノーザンファーム,ナダル,ヘアケイリー,ディープインパクト,鹿毛,230205,   17.6,  ,    ,44.9
25,07,26,1,札幌,1,05,新馬,15,ダ,1,1700,良,ミヤエスケープ    ,牝,2,横山武史,55.0,13,05,3,3,0,0.7,2,107.1,"1471",0,6,6,3,3,39,490,伊藤圭三,美,190,23102592,01170,01023,0125110505,山本益臣,グランド牧場,モーリス,ドリームライター,"Tale of the Cat",栗毛,230319,    3.5,  ,    ,45.2
25,07,26,1,札幌,1,05,新馬,15,ダ,1,1700,良,ニャンタロウ      ,牡,2,舟山瑠泉,52.0,13,06,2,2,0,0.3,11,106.7,"1467",0,8,7,6,5,38.4,466,武市康男,美,300,23104151,01221,01089,0125110506,村田哲朗,須崎牧場,ホッコータルマエ,シャーレ,ヘニーヒューズ,鹿毛,230314,   50.9,  ,    ,47.0
25,07,26,1,札幌,1,05,新馬,15,ダ,1,1700,良,ハグレジョー      ,牡,2,池添謙一,55.0,13,07,11,11,0,3.4,5,109.8,"1498",0,2,3,3,6,41.8,486,岡田稲男,栗,0,23104275,01032,01066,0125110507,河内孝夫,中地広大,エスポワールシチー,ハナブショウ,ヘニーヒューズ,鹿毛,230404,   12.8,  ,    ,38.7
25,07,26,1,札幌,1,05,新馬,15,ダ,1,1700,良,ロードアマルフィ  ,牡,2,鮫島克駿,55.0,13,08,4,4,0,0.9,3,107.3,"1473",0,1,1,1,1,39.5,504,中村直也,栗,110,23105786,01157,01186,0125110508,ロードホースクラブ,ケイアイファーム,ルヴァンスレーヴ,アルセナーレ,クロフネ,黒鹿,230217,    5.2,  ,    ,43.6
25,07,26,1,札幌,1,05,新馬,15,ダ,1,1700,良,シホノソルジェンテ,牡,2,浜中俊,55.0,13,09,13,13,0,6.5,6,112.9,"1529",0,5,4,8,10,44.4,492,畑端省吾,栗,0,23106950,01115,01188,0125110509,村瀬寛紀,ノーザンファーム,ルヴァンスレーヴ,カリンバ,ルーラーシップ,鹿毛,230202,   14.7,  ,    ,34.2
25,07,26,1,札幌,1,05,新馬,15,ダ,1,1700,良,チャーリー        ,牡,2,北村友一,55.0,13,10,5,5,0,1.5,4,107.9,"1479",0,2,2,2,3,40,508,国枝栄,美,75,23105351,01102,00399,0125110510,嶋田一成,辻牧場,クリソベリル,ジャンナスキッキ,"War Front",鹿毛,230216,   12.4,  ,    ,42.6
25,07,26,1,札幌,1,05,新馬,15,ダ,1,1700,良,フォールティア    ,牡,2,原田和真,55.0,13,11,12,12,0,5.8,13,112.2,"1522",0,10,9,9,12,43.1,498,小野次郎,美,0,23100707,01143,01125,0125110511,大瀧啓之,沖田牧場,ベストウォーリア,ゴールドハーツ,ハーツクライ,栗毛,230425,  367.7,  ,    ,37.4
25,07,26,1,札幌,1,05,新馬,15,ダ,1,1700,良,ニミッツハイウェイ,牡,2,和田陽希,52.0,13,12,10,10,0,3.2,12,109.6,"1496",0,12,12,13,13,38.7,452,梅田智之,栗,0,23103477,01223,01084,0125110512,社台レースホース,社台ファーム,ジャスタウェイ,デアリングエッジ,キングカメハメハ,栗毛,230302,   59.8,  ,    ,49.9
25,07,26,1,札幌,1,05,新馬,15,ダ,1,1700,良,テイエムキハク    ,牡,2,丹内祐次,55.0,13,13,1,1,0,-0.3,8,106.4,"1464",0,2,4,3,2,38.3,466,伊藤圭三,美,750,23102583,01091,01023,0125110513,竹園正繼,グランド牧場,ルヴァンスレーヴ,タイニーダンサー,サウスヴィグラス,黒鹿,230309,   23.7,  ,    ,47.0
25,07,26,1,札幌,1,06,未勝利,7,芝,0,1800,良,タイキクロニクル  ,牡,3,和田陽希,54.0,14,01,8,8,0,1.2,8,108.8,"1488",0,4,4,5,9,36.5,476,高野友和,栗,0,22103147,01223,01117,0125110601,大樹ファーム,ビクトリーホースラ,ハービンジャー,スノーサミット,アドマイヤムーン,栗毛,220319,   42.6,  ,    ,49.0
25,07,26,1,札幌,1,06,未勝利,7,芝,0,1800,良,ラウニウ          ,牝,3,横山武史,55.0,14,02,4,4,0,0.3,2,107.9,"1479",0,9,10,10,6,35.2,476,牧田和弥,栗,84,22104399,01170,01123,0125110602,安原浩司,フジワラフアーム,マクフィ,チラリ,チチカステナンゴ,鹿毛,220406,    4.2,  ,    ,53.3
25,07,26,1,札幌,1,06,未勝利,7,芝,0,1800,良,コスモマガラニカ  ,牡,3,丹内祐次,57.0,14,03,9,9,0,1.2,3,108.8,"1488",0,11,12,5,6,36.5,438,加藤士津,美,0,22106781,01091,01169,0125110603,ビッグレッドファー,ビッグレッドファー,ダノンバラード,サザンスピード,"Southern Image",鹿毛,220314,    4.4,  ,    ,49.0
25,07,26,1,札幌,1,06,未勝利,7,芝,0,1800,良,ラースアルアイン  ,牡,3,黛弘人,57.0,14,04,5,5,0,0.4,6,108,"1480",0,7,8,11,9,35.1,538,中川公成,美,56,22100263,01109,01081,0125110604,ミルファーム,猿橋義昭,アルアイン,クリスマドンナ,シンボリクリスエス,鹿毛,220326,   16.1,  ,    ,53.8
25,07,26,1,札幌,1,06,未勝利,7,芝,0,1800,良,ドゥラエテルノ    ,牡,3,浜中俊,57.0,14,05,3,3,0,0.1,1,107.7,"1477",0,9,8,8,6,35.1,470,武幸四郎,栗,140,22102722,01115,01160,0125110605,インゼルレーシング,杵臼牧場,ドゥラメンテ,アイリスフィール,ハービンジャー,青鹿,220320,    3.7,  ,    ,53.4
25,07,26,1,札幌,1,06,未勝利,7,芝,0,1800,良,ゴールドサニーデイ,牝,3,小林美駒,52.0,14,06,7,7,0,0.8,9,108.4,"1484",0,2,2,2,3,36.9,416,渡辺薫彦,栗,0,22105330,01206,01155,0125110606,グリーンファーム,社台ファーム,トーセンラー,ゴールドケープ,ワークフォース,鹿毛,220427,   46.2,  ,    ,46.9
25,07,26,1,札幌,1,06,未勝利,7,芝,0,1800,良,セブンスプリングス,セ,3,鷲頭虎太,54.0,14,07,12,12,0,1.4,13,109,"1490",0,4,6,8,11,36.4,466,中村直也,栗,0,22104785,01202,01186,0125110607,サンデーレーシング,ノーザンファーム,ハービンジャー,サトノオニキス,ディープインパクト,黒鹿,220426,  171.2,  ,    ,49.7
25,07,26,1,札幌,1,06,未勝利,7,芝,0,1800,良,レディオンステージ,牝,3,荻野琢真,55.0,14,08,13,13,0,2.3,10,109.9,"1499",0,1,1,1,1,38.8,496,西園正都,栗,0,22105581,01112,01028,0125110608,グリーンファーム,社台ファーム,エピファネイア,レディオブフィフティ,"After Market",芦毛,220210,   47.1,  ,    ,41.6
25,07,26,1,札幌,1,06,未勝利,7,芝,0,1800,良,ウインキララ      ,牝,3,佐々木大,55.0,14,09,2,2,0,0.1,5,107.7,"1477",0,7,7,5,3,35.4,446,鹿戸雄一,美,220,22106213,01197,01097,0125110609,ウイン,コスモヴューファー,スクリーンヒーロー,ウインシトリン,ステイゴールド,黒鹿,220127,    6.4,  ,    ,52.1
25,07,26,1,札幌,1,06,未勝利,7,芝,0,1800,良,テンフレッシュ    ,牝,3,斎藤新,55.0,14,10,6,6,0,0.6,7,108.2,"1482",0,3,3,2,2,36.7,468,田村康仁,美,0,22105531,01178,01027,0125110610,天白泰司,社台ファーム,ダイワメジャー,ミントフレッシュ,"War Front",栗毛,220419,   17.7,  ,    ,47.4
25,07,26,1,札幌,1,06,未勝利,7,芝,0,1800,良,デルマケセラセラ  ,牝,3,横山典弘,55.0,14,11,1,1,0,-0.1,4,107.6,"1476",0,4,5,4,3,35.8,426,小野次郎,美,560,22105477,00660,01125,0125110611,浅沼廣幸,社台ファーム,リオンディーズ,フロレットアレー,ディープインパクト,黒鹿,220427,    6.0,  ,    ,50.3
25,07,26,1,札幌,1,06,未勝利,7,芝,0,1800,良,フィエールガール  ,牝,3,森田誠也,52.0,14,12,10,10,0,1.3,11,108.9,"1489",0,11,10,11,13,35.9,458,土田稔,美,0,22100715,01222,00417,0125110612,山口敦広,城地牧場,フィエールマン,フォワードカール,ゼンノロブロイ,黒鹿,220415,   70.2,  ,    ,51.7
25,07,26,1,札幌,1,06,未勝利,7,芝,0,1800,良,チリーゴールド    ,牝,3,柴田裕一,52.0,14,13,0,0,3,999.9,0,0,"----",0,0,0,0,0,0,434,深山雅史,美,0,22104905,01212,01174,0125110613,吉田一成,ノーザンファーム,オルフェーヴル,チリーシルバー,"Malibu Moon",栗毛,220410,    0.0,  ,    , 0.0
25,07,26,1,札幌,1,06,未勝利,7,芝,0,1800,良,オースミストロング,牡,3,古川吉洋,57.0,14,14,11,11,0,1.3,12,108.9,"1489",0,13,13,13,12,35.7,488,高橋亮,栗,0,22105366,01015,01136,0125110614,オースミ,社台ファーム,ナダル,ジュエルオブナイル,デュランダル,鹿毛,220208,  163.1,  ,    ,52.5
25,07,26,1,札幌,1,07,１勝ｸﾗｽ,23,芝,0,1200,良,ラセーヌシュメール,牝,4,佐々木大,56.0,8,01,1,1,0,-0.2,1,68.7,"1087",0,0,0,4,4,34,446,杉浦宏昭,美,800,21105260,01197,01008,0125110701,社台レースホース,社台ファーム,ロードカナロア,ラクレソニエール,"Le Havre",青鹿,210309,    2.8,  ,    ,52.1
25,07,26,1,札幌,1,07,１勝ｸﾗｽ,23,芝,0,1200,良,メラヴィリオーザ  ,牝,5,黛弘人,56.0,8,02,6,6,0,0.7,7,69.4,"1094",0,0,0,7,6,34.5,468,秋山真一,栗,0,20101920,01109,01212,0125110702,ノルマンディーサラ,出口牧場,ディーマジェスティ,メイクデュース,トウカイテイオー,黒鹿,200307,   20.2,  ,    ,51.2
25,07,26,1,札幌,1,07,１勝ｸﾗｽ,23,芝,0,1200,良,カルミネイション  ,牝,3,和田陽希,50.0,8,03,7,7,0,1,6,69.7,"1097",0,0,0,5,6,34.9,440,緒方努,栗,0,22103154,01223,01193,0125110703,大樹ファーム,ビクトリーホースラ,ビッグアーサー,フロレンティナ,クロフネ,栗毛,220327,   17.0,  ,    ,49.7
25,07,26,1,札幌,1,07,１勝ｸﾗｽ,23,芝,0,1200,良,テンペストヒロイン,牝,3,鷲頭虎太,50.0,8,04,8,8,0,2.5,3,71.2,"1112",0,0,0,2,2,37.2,472,堀内岳志,美,0,22101265,01202,01189,0125110704,松本智,木村牧場,スクリーンヒーロー,ハーモニクス,キンシャサノキセキ,鹿毛,220207,    3.9,  ,    ,41.4
25,07,26,1,札幌,1,07,１勝ｸﾗｽ,23,芝,0,1200,良,ハイファイスピード,牝,3,横山武史,53.0,8,05,2,2,0,0.2,2,68.9,"1089",0,0,0,1,1,35.2,452,宮本博,栗,320,22104920,01170,01073,0125110705,グリーンファーム,ノーザンファーム,ビッグアーサー,デグラーティア,フジキセキ,栗毛,220216,    3.4,  ,    ,45.7
25,07,26,1,札幌,1,07,１勝ｸﾗｽ,23,芝,0,1200,良,シャインズオンユー,牡,4,古川吉洋,58.0,8,06,4,4,0,0.4,8,69.1,"1091",0,0,0,8,6,34.1,448,藤野健太,栗,120,21103535,01015,01200,0125110706,ノルマンディーサラ,岡田スタツド,サトノクラウン,フローラルダンサー,ファスリエフ,鹿毛,210320,   56.8,  ,    ,52.6
25,07,26,1,札幌,1,07,１勝ｸﾗｽ,23,芝,0,1200,良,ジャグアール      ,牡,4,松岡正海,58.0,8,07,3,3,0,0.3,4,69,"1090",0,0,0,3,2,34.5,452,矢野英一,美,200,21102717,01085,01108,0125110707,落合幸弘,杵臼牧場,ハービンジャー,シルクアイリス,ディープインパクト,黒鹿,210419,    8.0,  ,    ,50.0
25,07,26,1,札幌,1,07,１勝ｸﾗｽ,23,芝,0,1200,良,イリュージョン    ,牝,5,藤岡佑介,56.0,8,08,5,5,0,0.6,5,69.3,"1093",0,0,0,5,4,34.5,476,西田雄一,美,80,20103975,01093,01187,0125110708,岡田隆寛,岡田牧場,タリスマニック,アートオブビーン,アグネスデジタル,鹿毛,200309,    9.7,  ,    ,50.9
25,07,26,1,札幌,1,08,１勝ｸﾗｽ,23,芝,0,2000,良,マイバラード      ,牡,5,斎藤新,58.0,5,01,4,4,0,0.6,5,120.8,"2008",0,5,5,4,4,34.7,472,松永康利,美,120,20100621,01178,01093,0125110801,ビッグレッドファー,荻伏三好フアーム,ダノンバラード,マイネアロマ,ロージズインメイ,鹿毛,200510,   25.7,  ,    ,56.3
25,07,26,1,札幌,1,08,１勝ｸﾗｽ,23,芝,0,2000,良,ショウナンサムデイ,牝,3,池添謙一,53.0,5,02,1,1,0,0,3,120.2,"2002",0,2,3,2,2,34.3,436,奥村武,美,800,22105801,01032,01145,0125110802,国本哲秀,社台コーポレーショ,サートゥルナーリア,ショウナンパンドラ,ディープインパクト,青鹿,220201,    5.9,  ,    ,57.3
25,07,26,1,札幌,1,08,１勝ｸﾗｽ,23,芝,0,2000,良,デルマジュテーム  ,牝,3,古川吉洋,53.0,5,03,5,5,0,1,4,121.2,"2012",0,4,4,4,4,35.2,446,的場均,美,80,22101969,01015,01063,0125110803,浅沼廣幸,ファニーヒルファー,ノヴェリスト,デルマチャチャ,サムライハート,黒鹿,220409,   23.6,  ,    ,54.7
25,07,26,1,札幌,1,08,１勝ｸﾗｽ,23,芝,0,2000,良,マイネルフーガ    ,牡,3,横山武史,55.0,5,04,3,3,0,0.2,2,120.4,"2004",0,1,1,1,1,34.7,468,鈴木慎太,美,200,22106813,01170,01179,0125110804,サラブレッドクラブ,ビッグレッドファー,ダノンバラード,マイネノンノ,タイキシャトル,鹿毛,220310,    4.8,  ,    ,55.8
25,07,26,1,札幌,1,08,１勝ｸﾗｽ,23,芝,0,2000,良,キングスコール    ,牡,3,藤岡佑介,55.0,5,05,2,2,0,0,1,120.2,"2002",0,2,2,2,2,34.4,498,矢作芳人,栗,320,22104207,01093,01075,0125110805,DMMドリームクラブ,飛野牧場,ドゥラメンテ,レインオンザデューン,Frankel,黒鹿,220302,    1.2,  ,    ,56.9
25,07,26,1,札幌,1,09,１勝ｸﾗｽ,23,ダ,1,1700,良,スズノソレイユ    ,牡,3,小林美駒,52.0,13,01,11,11,0,1.2,5,106.7,"1467",0,1,1,2,2,39.3,500,平田修,栗,0,22106673,01206,01082,0125110901,小紫嘉之,ハクツ牧場,ディスクリートキャット,グラヴィオーラ,サウスヴィグラス,鹿毛,220326,    9.5,  ,    ,43.5
25,07,26,1,札幌,1,09,１勝ｸﾗｽ,23,ダ,1,1700,良,コムルヴァン      ,牝,4,斎藤新,56.0,13,02,12,12,0,2.6,11,108.1,"1481",0,4,4,6,11,40.2,470,藤岡健一,栗,0,21107168,01178,01062,0125110902,街風隆雄,社台コーポレーショ,ブリックスアンドモルタル,フィーリングトーン,ワイルドラッシュ,黒鹿,210205,   64.9,  ,    ,42.1
25,07,26,1,札幌,1,09,１勝ｸﾗｽ,23,ダ,1,1700,良,オメガドライヴ    ,牡,3,松本大輝,54.0,13,03,13,13,0,5.6,9,111.1,"1511",0,13,11,13,13,42.1,504,安田翔伍,栗,0,22105253,01191,01164,0125110903,原禮子,社台ファーム,マインドユアビスケッツ,エクスプレスレーン,ディープインパクト,鹿毛,220306,   47.7,  ,    ,39.4
25,07,26,1,札幌,1,09,１勝ｸﾗｽ,23,ダ,1,1700,良,ブレイジングスター,牡,3,和田陽希,52.0,13,04,2,2,0,0.1,10,105.6,"1456",0,2,2,1,1,38.2,478,高橋康之,栗,320,22103644,01223,01135,0125110904,京都ホースレーシン,岡野牧場,モーニン,ヴァーチュスター,"Symboli Kris S",栗毛,220326,   58.2,  ,    ,46.2
25,07,26,1,札幌,1,09,１勝ｸﾗｽ,23,ダ,1,1700,良,ユウェンタース    ,牝,3,鮫島克駿,53.0,13,05,8,8,0,1,8,106.5,"1465",0,7,6,8,5,38.4,490,宮徹,栗,0,22103515,01157,01018,0125110905,岡田牧雄,岡田スタツド,マインドユアビスケッツ,シグルーン,アイルハヴアナザー,栗毛,220414,   30.0,  ,    ,46.7
25,07,26,1,札幌,1,09,１勝ｸﾗｽ,23,ダ,1,1700,良,クールシェルタ    ,牡,6,黛弘人,58.0,13,06,7,7,0,0.9,12,106.4,"1464",0,11,11,10,9,38.1,500,高橋文雅,美,0,19103204,01109,01134,0125110906,ディアレストクラブ,平野牧場,アポロキングダム,ナムラミステリー,ジェニュイン,鹿毛,190424,   92.4,  ,    ,47.8
25,07,26,1,札幌,1,09,１勝ｸﾗｽ,23,ダ,1,1700,良,ロストボール      ,セ,6,森田誠也,55.0,13,07,10,10,0,1.2,13,106.7,"1467",0,9,10,12,12,38.2,444,加藤和宏,美,0,19106972,01222,01077,0125110907,大田恭充,山田政宏,フリオーソ,センスオブラヴ,ストリートセンス,栗毛,190318,  235.3,  ,    ,47.8
25,07,26,1,札幌,1,09,１勝ｸﾗｽ,23,ダ,1,1700,良,サトノルクソン    ,牡,5,舟山瑠泉,55.0,13,08,9,9,0,1.1,6,106.6,"1466",0,3,3,3,3,39,470,藤原英昭,栗,0,20103378,01221,01055,0125110908,里見治,ノーザンファーム,ルーラーシップ,サトノフローラ,アグネスタキオン,鹿毛,200210,   15.9,  ,    ,44.5
25,07,26,1,札幌,1,09,１勝ｸﾗｽ,23,ダ,1,1700,良,コスモシェルベット,牡,3,横山武史,55.0,13,09,6,6,0,0.8,2,106.3,"1463",0,4,4,4,5,38.6,448,水野貴広,美,0,22106785,01170,01094,0125110909,ビッグレッドファー,ビッグレッドファー,マインドユアビスケッツ,ダンサーズブロンド,ゴールドアリュール,栗毛,220513,    3.7,  ,    ,45.7
25,07,26,1,札幌,1,09,１勝ｸﾗｽ,23,ダ,1,1700,良,リュミナーズ      ,牝,3,松岡正海,53.0,13,10,3,3,0,0.5,7,106,"1460",0,9,9,8,8,37.8,448,堀内岳志,美,200,22101465,01085,01189,0125110910,下河辺牧場,下河辺牧場,ルヴァンスレーヴ,レセディラローナ,エンパイアメーカー,栗毛,220201,   22.9,  ,    ,48.4
25,07,26,1,札幌,1,09,１勝ｸﾗｽ,23,ダ,1,1700,良,ショウナンヤッホー,牡,3,池添謙一,55.0,13,11,1,1,0,-0.1,1,105.5,"1455",0,8,8,6,5,37.6,484,栗田徹,美,800,22104605,01032,01127,0125110911,湘南,ノーザンファーム,ニューイヤーズデイ,アドマイヤキュート,キングカメハメハ,鹿毛,220216,    3.3,  ,    ,48.5
25,07,26,1,札幌,1,09,１勝ｸﾗｽ,23,ダ,1,1700,良,レッドベルダンス  ,牡,3,嶋田純次,55.0,13,12,4,4,0,0.7,3,106.2,"1462",0,6,6,5,3,38.4,480,手塚貴久,美,120,22104897,01134,01038,0125110912,東京ホースレーシン,ノーザンファーム,レイデオロ,ダンシングラグズ,"Union Rags",鹿毛,220408,    4.7,  ,    ,46.3
25,07,26,1,札幌,1,09,１勝ｸﾗｽ,23,ダ,1,1700,良,ウォーターリーダー,牡,5,武豊,58.0,13,13,5,5,0,0.7,4,106.2,"1462",0,12,11,10,9,37.8,450,藤野健太,栗,80,20100948,00666,01200,0125110913,山岡正人,伏木田牧場,ルーラーシップ,ウォーターラボ,マンハッタンカフェ,鹿毛,200305,    6.2,  ,    ,48.7
25,07,26,1,札幌,1,10,ライラッ･2勝,43,芝,0,2600,良,チョメチョメ      ,牡,4,荻野琢真,58.0,13,01,10,10,0,2.8,12,162.7,"2427",0,6,8,8,13,37.9,476,松永康利,美,0,21106472,01112,01093,0125111001,内田玄祥,中地広大,ビーチパトロール,オトリコミチュウ,ブラックタイド,青鹿,210301,  153.5,  ,    ,48.8
25,07,26,1,札幌,1,10,ライラッ･2勝,43,芝,0,2600,良,バレンタインガール,牝,4,佐々木大,56.0,13,02,6,6,0,0.7,2,160.6,"2406",0,8,8,8,4,35.8,476,古賀慎明,美,0,21102577,01197,01079,0125111002,廣松金次,今井秀樹,メイショウサムソン,ギャラクティコ,マンハッタンカフェ,鹿毛,210427,    3.9,  ,    ,54.6
25,07,26,1,札幌,1,10,ライラッ･2勝,43,芝,0,2600,良,デルマグレムリン  ,牡,6,和田陽希,58.0,13,03,3,3,0,0.6,11,160.5,"2405",0,9,10,6,4,35.8,466,緒方努,栗,390,19105877,01223,01193,0125111003,浅沼廣幸,岡田牧場,ディーマジェスティ,レディクローリス,フォーティナイナー,栗毛,190511,   93.0,  ,    ,54.5
25,07,26,1,札幌,1,10,ライラッ･2勝,43,芝,0,2600,良,ラスハンメル      ,牡,5,武豊,58.0,13,04,13,13,0,6.5,5,166.4,"2464",0,2,2,2,10,42.3,534,松永幹夫,栗,0,20103554,00666,01092,0125111004,キャロットファーム,ノーザンファーム,シルバーステート,ピンクアリエス,キングカメハメハ,青鹿,200420,   11.3,  ,    ,38.0
25,07,26,1,札幌,1,10,ライラッ･2勝,43,芝,0,2600,良,グレン            ,牡,5,松本大輝,58.0,13,05,12,12,0,3.5,10,163.4,"2434",0,4,4,4,7,38.9,500,野中賢二,栗,0,20110151,01191,01098,0125111005,カナヤマホールディ,Orpendale/Chelston,"Union Rags","Purely Hot","Pure Prize",黒鹿,200428,   72.4,  ,    ,46.0
25,07,26,1,札幌,1,10,ライラッ･2勝,43,芝,0,2600,良,スピードリッチ    ,牡,4,藤岡佑介,58.0,13,06,1,1,0,-0.3,3,159.9,"2399",0,5,6,6,2,35.2,480,藤岡健一,栗,1550,21105438,01093,01062,0125111006,宇田豊,ノーザンファーム,ドレフォン,エバーシャルマン,ハーツクライ,黒鹿,210225,    4.9,  ,    ,56.3
25,07,26,1,札幌,1,10,ライラッ･2勝,43,芝,0,2600,良,ハイラント        ,牡,4,丹内祐次,58.0,13,07,7,7,0,1.3,6,161.2,"2412",0,13,13,13,10,35.8,446,伊藤大士,美,0,21103033,01091,01109,0125111007,大塚亮一,ディアレストクラブ,バゴ,サトノサンシャイン,ステイゴールド,黒鹿,210315,   11.9,  ,    ,55.1
25,07,26,1,札幌,1,10,ライラッ･2勝,43,芝,0,2600,良,ヴァイザーバルコ  ,セ,5,古川吉洋,58.0,13,08,5,5,0,0.7,4,160.6,"2406",0,12,12,11,6,35.7,472,水野貴広,美,155,20106694,01015,01094,0125111008,ディアレストクラブ,ディアレストクラブ,ゴールドシップ,カレイメモワール,アドマイヤムーン,栗毛,200410,    6.8,  ,    ,55.0
25,07,26,1,札幌,1,10,ライラッ･2勝,43,芝,0,2600,良,ライフセービング  ,牡,4,鮫島克駿,58.0,13,09,4,4,0,0.6,7,160.5,"2405",0,11,11,11,10,35.6,458,宮徹,栗,230,21105285,01157,01018,0125111009,吉田照哉,社台ファーム,ビーチパトロール,レインダンス,ダンスインザダーク,黒鹿,210423,   13.2,  ,    ,55.3
25,07,26,1,札幌,1,10,ライラッ･2勝,43,芝,0,2600,良,コルデアニル      ,牝,5,原田和真,56.0,13,10,11,11,0,3.5,13,163.4,"2434",0,1,1,1,7,39.4,472,金成貴史,美,0,20103154,01143,01132,0125111010,藤沼利夫,青藍牧場,モーリス,ブルザンインディゴ,フジキセキ,青鹿,200319,  223.3,  ,    ,44.4
25,07,26,1,札幌,1,10,ライラッ･2勝,43,芝,0,2600,良,ミヤビブレイブ    ,牝,5,北村友一,56.0,13,11,8,8,0,1.6,8,161.5,"2415",0,9,5,4,2,37.1,470,小島茂之,美,0,20104259,01102,01068,0125111011,村上義勝,静内白井牧場,ハービンジャー,ミヤビグレイス,キングカメハメハ,鹿毛,200428,   13.6,  ,    ,50.6
25,07,26,1,札幌,1,10,ライラッ･2勝,43,芝,0,2600,良,ウインマクシマム  ,牡,4,松岡正海,58.0,13,12,2,2,0,0.3,1,160.2,"2402",0,3,3,3,1,36,500,畠山吉宏,美,620,21106211,01085,01048,0125111012,ウイン,コスモヴューファー,キタサンブラック,コスモアクセス,ロージズインメイ,鹿毛,210409,    3.6,  ,    ,53.5
25,07,26,1,札幌,1,10,ライラッ･2勝,43,芝,0,2600,良,キャリーハピネス  ,牡,5,斎藤新,58.0,13,13,9,9,0,1.8,9,161.7,"2417",0,6,7,8,7,36.9,500,河嶋宏樹,栗,0,20105733,01178,01198,0125111013,槙和美,平山牧場,ヤマカツエース,フィーユ,ダンスインザダーク,栗毛,200427,   43.8,  ,    ,51.5
25,07,26,1,札幌,1,11,ＴＶｈＨ･3勝,67,芝,0,1200,良,ルーフ            ,牝,5,北村友一,52.0,12,01,2,2,0,0.2,6,67.6,"1076",0,0,0,3,3,33.6,502,清水久詞,栗,740,20104194,01102,01110,0125111101,白日光,坂本智広,ダイワメジャー,ラスエモーショネス,"Fastnet Rock",鹿毛,200319,   16.5,  ,    ,51.2
25,07,26,1,札幌,1,11,ＴＶｈＨ･3勝,67,芝,0,1200,良,ポエットリー      ,牝,4,鮫島克駿,54.0,12,02,3,3,0,0.5,7,67.9,"1079",0,0,0,5,6,33.6,476,平田修,栗,460,21105202,01157,01082,0125111102,吉田昌久,社台ファーム,ダイワメジャー,ブギーダモーレ,"Rail Link",鹿毛,210415,   18.0,  ,    ,52.1
25,07,26,1,札幌,1,11,ＴＶｈＨ･3勝,67,芝,0,1200,良,カルプスペルシュ  ,牝,3,横山武史,53.0,12,03,1,1,0,-0.2,1,67.4,"1074",0,0,0,2,2,33.5,460,石坂公一,栗,1840,22104960,01170,01166,0125111103,村尾賢二,ノーザンファーム,シュヴァルグラン,パロネラ,ロードカナロア,鹿毛,220227,    2.0,  ,    ,51.2
25,07,26,1,札幌,1,11,ＴＶｈＨ･3勝,67,芝,0,1200,良,マキアージュ      ,牝,6,小林美駒,51.0,12,04,11,11,0,1.3,8,68.7,"1087",0,0,0,4,3,34.5,470,菊川正達,美,0,19102747,01206,01052,0125111104,中村祐子,バンブー牧場,ビッグアーサー,ルージュバンブー,マリエンバード,鹿毛,190331,   24.3,  ,    ,49.1
25,07,26,1,札幌,1,11,ＴＶｈＨ･3勝,67,芝,0,1200,良,ナムラローズマリー,牝,4,武豊,55.0,12,05,7,7,0,0.9,2,68.3,"1083",0,0,0,1,1,34.5,474,羽月友彦,栗,0,21103092,00666,01091,0125111105,奈村睦弘,中島牧場,ミッキーアイル,ナムラストロベリー,ヨハネスブルグ,鹿毛,210423,    4.2,  ,    ,48.0
25,07,26,1,札幌,1,11,ＴＶｈＨ･3勝,67,芝,0,1200,良,ゴールドサーベル  ,牡,4,藤岡佑介,55.0,12,06,4,4,0,0.6,9,68,"1080",0,0,0,12,12,32.9,468,大久保龍,栗,280,21105039,01093,01058,0125111106,インゼルレーシング,社台ファーム,レッドファルクス,ゴルトキルシェ,ステイゴールド,鹿毛,210217,   28.8,  ,    ,56.7
25,07,26,1,札幌,1,11,ＴＶｈＨ･3勝,67,芝,0,1200,良,トウカイファクター,セ,6,丹内祐次,55.0,12,07,10,10,0,1.2,11,68.6,"1086",0,0,0,10,9,33.9,456,菊川正達,美,0,19103692,01091,01052,0125111107,内村正則,松栄牧場,ザファクター,トウカイポプリ,タイキシャトル,青鹿,190522,   30.2,  ,    ,52.4
25,07,26,1,札幌,1,11,ＴＶｈＨ･3勝,67,芝,0,1200,良,シュヴェルトライテ,牝,6,松本大輝,54.0,12,08,6,6,0,0.7,12,68.1,"1081",0,0,0,9,9,33.5,446,池上昌和,美,0,19105760,01191,01150,0125111108,ノルマンディーサラ,岡田スタツド,マツリダゴッホ,シュヴァリエ,フレンチデピュティ,栗毛,190404,   78.1,  ,    ,53.3
25,07,26,1,札幌,1,11,ＴＶｈＨ･3勝,67,芝,0,1200,良,ロードトレイル    ,牡,4,佐々木大,55.0,12,09,12,12,0,1.3,10,68.7,"1087",0,0,0,7,6,34.2,488,藤岡健一,栗,0,21100157,01197,01062,0125111109,ロードホースクラブ,ケイアイファーム,ロードカナロア,パラダイスリッジ,ディープインパクト,鹿毛,210406,   30.0,  ,    ,50.9
25,07,26,1,札幌,1,11,ＴＶｈＨ･3勝,67,芝,0,1200,良,エマヌエーレ      ,牡,5,池添謙一,56.0,12,10,5,5,0,0.7,5,68.1,"1081",0,0,0,7,8,33.6,510,平田修,栗,184,20103280,01032,01082,0125111110,丸山担,ノーザンファーム,ロードカナロア,エマノン,ハーツクライ,鹿毛,200215,   13.8,  ,    ,52.7
25,07,26,1,札幌,1,11,ＴＶｈＨ･3勝,67,芝,0,1200,良,ソノママソノママ  ,牝,5,斎藤新,54.0,12,11,8,8,0,1,4,68.4,"1084",0,0,0,10,9,33.7,452,奥村豊,栗,0,20101517,01178,01146,0125111111,幅田京子,サンバマウンテンフ,ビッグアーサー,ワイドロスメルタ,グラスワンダー,鹿毛,200527,   13.3,  ,    ,53.0
25,07,26,1,札幌,1,11,ＴＶｈＨ･3勝,67,芝,0,1200,良,モズナナスター    ,牝,3,吉田隼人,53.0,12,12,9,9,0,1.1,3,68.5,"1085",0,0,0,5,5,34.2,436,矢作芳人,栗,0,22100490,01095,01075,0125111112,北側雅司,上村清志,モズアスコット,グランプリエンゼル,アグネスデジタル,栗毛,220323,    8.6,  ,    ,50.3
25,07,26,1,札幌,1,12,桑園特別･2勝,43,ダ,1,1700,良,アイウィル        ,牡,4,佐々木大,58.0,14,01,6,6,0,1.1,6,106.3,"1463",0,3,3,3,3,37.4,512,高木登,美,0,21103502,01197,01088,0125111201,Gリビエール・レー,岡田スタツド,ドレフォン,ジュリーハーツ,ハーツクライ,鹿毛,210409,   10.7,  ,    ,50.5
25,07,26,1,札幌,1,12,桑園特別･2勝,43,ダ,1,1700,良,ケイアイメキラ    ,セ,5,黛弘人,58.0,14,02,4,4,0,1,13,106.2,"1462",0,6,5,5,5,36.9,492,秋山真一,栗,230,20104215,01109,01212,0125111202,亀田和弘,佐竹学,パイロ,ケイアイベローナ,クロフネ,鹿毛,200416,  108.1,  ,    ,52.4
25,07,26,1,札幌,1,12,桑園特別･2勝,43,ダ,1,1700,良,コスモオピニオン  ,牡,5,丹内祐次,58.0,14,03,11,11,0,1.8,8,107,"1470",0,7,7,8,9,37.5,508,黒岩陽一,美,0,20101258,01091,01133,0125111203,ビッグレッドファー,荒井ファーム,ダノンバラード,オピニオン,アイルハヴアナザー,鹿毛,200513,   28.1,  ,    ,51.1
25,07,26,1,札幌,1,12,桑園特別･2勝,43,ダ,1,1700,良,ウインアルドーレ  ,牡,4,松岡正海,58.0,14,04,2,2,0,0.5,9,105.7,"1457",0,2,2,2,2,36.9,496,西園翔太,栗,620,21106192,01085,01196,0125111204,ウイン,コスモヴューファー,ビーチパトロール,アルデュール,フレンチデピュティ,黒鹿,210521,   36.1,  ,    ,51.7
25,07,26,1,札幌,1,12,桑園特別･2勝,43,ダ,1,1700,良,バロンドール      ,牡,4,横山典弘,58.0,14,05,13,13,0,3.4,2,108.6,"1486",0,7,7,13,13,38.6,538,松永幹夫,栗,0,21105276,00660,01092,0125111205,寺田寿男,社台ファーム,ニューイヤーズデイ,リュミエールドール,ルーラーシップ,鹿毛,210215,    8.4,  ,    ,48.9
25,07,26,1,札幌,1,12,桑園特別･2勝,43,ダ,1,1700,良,アセレラシオン    ,牡,4,鮫島克駿,58.0,14,06,5,5,0,1,7,106.2,"1462",0,3,3,3,3,37.2,526,浜田多実,栗,155,21106689,01157,01138,0125111206,サンデーレーシング,ハシモトフアーム,ドレフォン,クレアドール,ハーツクライ,黒鹿,210210,   13.7,  ,    ,51.2
25,07,26,1,札幌,1,12,桑園特別･2勝,43,ダ,1,1700,良,トゥルブレンシア  ,セ,8,斎藤新,58.0,14,07,7,7,0,1.3,12,106.5,"1465",0,5,6,5,5,37.2,458,東田明士,栗,0,17103184,01178,01209,0125111207,岡田牧雄,山下恭茂,フリオーソ,エルシェロアスール,アドマイヤジャパン,栗毛,170308,   90.4,  ,    ,51.6
25,07,26,1,札幌,1,12,桑園特別･2勝,43,ダ,1,1700,良,バニシングポイント,セ,7,古川吉洋,58.0,14,08,8,8,0,1.5,10,106.7,"1467",0,10,10,10,10,36.9,484,古賀慎明,美,0,18110086,01015,01079,0125111208,長谷川祐司,"Whisper Hill Farm",Tapit,"Unrivaled Belle","Unbridled's Song",芦毛,180128,   42.1,  ,    ,53.2
25,07,26,1,札幌,1,12,桑園特別･2勝,43,ダ,1,1700,良,ヒルノデプラーツ  ,牡,6,松本大輝,58.0,14,09,9,9,0,1.6,14,106.8,"1468",0,13,12,13,12,36.8,494,北出成人,栗,0,19106573,01191,01078,0125111209,ヒルノ,フジワラフアーム,サトノアラジン,アラピンタ,Medicean,鹿毛,190405,  157.6,  ,    ,53.8
25,07,26,1,札幌,1,12,桑園特別･2勝,43,ダ,1,1700,良,ワイドブリザード  ,セ,4,浜中俊,58.0,14,10,1,1,0,-0.5,1,105.2,"1452",0,1,1,1,1,36.5,438,佐藤悠太,栗,1550,21104416,01115,01205,0125111210,幅田昌伸,フジワラフアーム,カリフォルニアクローム,ハナフブキ,ディープインパクト,鹿毛,210514,    2.0,  ,    ,52.7
25,07,26,1,札幌,1,12,桑園特別･2勝,43,ダ,1,1700,良,ラオラシオン      ,牡,4,吉田隼人,58.0,14,11,10,10,0,1.6,4,106.8,"1468",0,10,10,5,7,37.4,490,斎藤誠,美,0,21105262,01095,01086,0125111211,DMMドリームクラブ,社台ファーム,クリエイター2,ラセレシオン,ゼンノロブロイ,鹿毛,210414,    8.8,  ,    ,51.2
25,07,26,1,札幌,1,12,桑園特別･2勝,43,ダ,1,1700,良,フラッシング      ,牡,4,藤岡佑介,58.0,14,12,14,14,0,3.8,11,109,"1490",0,7,7,10,14,39.2,476,牧浦充徳,栗,0,21105971,01093,01113,0125111212,マークス,レイクヴィラファー,ドレフォン,プントバンコ,フジキセキ,栗毛,210421,   83.3,  ,    ,47.1
25,07,26,1,札幌,1,12,桑園特別･2勝,43,ダ,1,1700,良,ムジェロ          ,牡,5,北村友一,58.0,14,13,12,12,0,2.3,5,107.5,"1475",0,10,12,8,10,37.9,518,藤原英昭,栗,0,20103414,01102,01055,0125111213,ラ・メール,ノーザンファーム,ハーツクライ,シーヴ,Mineshaft,鹿毛,200115,    8.8,  ,    ,50.2
25,07,26,1,札幌,1,12,桑園特別･2勝,43,ダ,1,1700,良,マイノワール      ,牡,4,武豊,58.0,14,14,3,3,0,0.5,3,105.7,"1457",0,13,14,10,7,35.9,474,笹田和秀,栗,390,21104411,00666,01104,0125111214,松島一晃,フジワラフアーム,マインドユアビスケッツ,チカノワール,ハービンジャー,鹿毛,210411,    8.5,  ,    ,56.1
25,07,27,1,札幌,2,01,未勝利・牝,7,ダ,1,1700,不,フェアーメロディ  ,牝,3,舟山瑠泉,52.0,14,01,6,6,0,1.1,6,106.3,"1463",0,13,13,13,11,37.6,432,高橋義忠,栗,0,22105571,01221,01129,0125120101,吉田ひとみ,社台ファーム,ミスターメロディ,レッドカーラ,マンハッタンカフェ,鹿毛,220303,   13.4,  ,    ,49.7
25,07,27,1,札幌,2,01,未勝利・牝,7,ダ,1,1700,不,ミサビスケッツ    ,牝,3,丹内祐次,55.0,14,02,3,3,0,0.2,1,105.4,"1454",0,5,4,4,3,38.9,436,村田一誠,美,140,22104317,01091,01190,0125120102,嶋田一成,服部牧場,マインドユアビスケッツ,ホクラニミサ,ディープインパクト,黒鹿,220316,    2.4,  ,    ,43.2
25,07,27,1,札幌,2,01,未勝利・牝,7,ダ,1,1700,不,メイショウハマギク,牝,3,小林美駒,52.0,14,03,1,1,0,-0.1,9,105.2,"1452",0,1,1,1,1,39,498,藤岡健一,栗,560,22103228,01206,01062,0125120103,松本好隆,三嶋牧場,マインドユアビスケッツ,テーオーフェアリー,キングカメハメハ,栗毛,220421,   25.3,  ,    ,42.6
25,07,27,1,札幌,2,01,未勝利・牝,7,ダ,1,1700,不,ユージュアーナ    ,牝,3,斎藤新,55.0,14,04,2,2,0,0.1,4,105.3,"1453",0,2,2,2,2,39,450,奥村豊,栗,220,22102952,01178,01146,0125120104,長澤稔,辻牧場,リアルスティール,アルボナンザ,キングカメハメハ,鹿毛,220326,    8.6,  ,    ,42.7
25,07,27,1,札幌,2,01,未勝利・牝,7,ダ,1,1700,不,モアサナイト      ,牝,3,佐々木大,55.0,14,05,7,7,0,1.4,7,106.6,"1466",0,6,6,5,5,39.8,444,小林真也,栗,0,22105568,01197,01185,0125120105,社台レースホース,社台ファーム,レイデオロ,レッドアゲート,マンハッタンカフェ,黒鹿,220212,   16.3,  ,    ,41.5
25,07,27,1,札幌,2,01,未勝利・牝,7,ダ,1,1700,不,スタードメイソン  ,牝,3,和田陽希,52.0,14,06,11,11,0,2.7,11,107.9,"1479",0,2,4,8,10,40.6,400,藤原英昭,栗,0,22105392,01223,01055,0125120106,社台レースホース,社台ファーム,ブリックスアンドモルタル,ソウルスターリング,Frankel,青鹿,220414,   65.8,  ,    ,40.4
25,07,27,1,札幌,2,01,未勝利・牝,7,ダ,1,1700,不,ウインフルゴラ    ,牝,3,黛弘人,55.0,14,07,14,14,0,6.9,12,112.1,"1521",0,8,9,14,14,42.9,422,新谷功一,栗,0,22106219,01109,01172,0125120107,ウイン,コスモヴューファー,サンダースノー,ウインプリメーラ,ステイゴールド,黒鹿,220404,  112.0,  ,    ,38.0
25,07,27,1,札幌,2,01,未勝利・牝,7,ダ,1,1700,不,サンダーフレア    ,牝,3,吉田隼人,55.0,14,08,9,9,0,2.2,5,107.4,"1474",0,7,7,5,5,40.6,464,久保田貴,美,0,22102653,01095,01067,0125120108,レッドマジック,オカモトファーム,リアルスティール,マルモセーラ,クロフネ,鹿毛,220506,    8.7,  ,    ,39.7
25,07,27,1,札幌,2,01,未勝利・牝,7,ダ,1,1700,不,オルミラベル      ,牝,3,藤岡佑介,55.0,14,09,12,12,0,3.2,8,108.4,"1484",0,11,11,9,9,41,466,上村洋行,栗,0,22105986,01093,01168,0125120109,大塚亮一,レイクヴィラファー,サートゥルナーリア,ラインハート,ステイゴールド,栗毛,220122,   19.9,  ,    ,39.7
25,07,27,1,札幌,2,01,未勝利・牝,7,ダ,1,1700,不,タヤスソーレ      ,牝,3,柴田裕一,52.0,14,10,13,13,0,5.4,13,110.6,"1506",0,8,9,11,13,43,446,岩戸孝樹,美,0,22103993,01212,01051,0125120110,横瀬兼二,タイヘイ牧場,マクフィ,ハッピーノリチャン,サクラバクシンオー,鹿毛,220314,  143.5,  ,    ,35.8
25,07,27,1,札幌,2,01,未勝利・牝,7,ダ,1,1700,不,スマートイザナミ  ,牝,3,鮫島克駿,55.0,14,11,4,4,0,0.3,2,105.5,"1455",0,11,11,9,7,38.1,446,谷潔,栗,84,22102035,01157,00431,0125120111,大川徹,豊洋牧場,ルヴァンスレーヴ,スマートダフネ,スマートファルコン,栗毛,220502,    4.8,  ,    ,46.5
25,07,27,1,札幌,2,01,未勝利・牝,7,ダ,1,1700,不,セレーネアステール,牝,3,森田誠也,52.0,14,12,10,10,0,2.2,10,107.4,"1474",0,13,13,12,12,39,422,武幸四郎,栗,0,22105148,01222,01160,0125120112,シルクレーシング,ノーザンファーム,ルーラーシップ,ルナステラ,ディープインパクト,黒鹿,220208,   55.5,  ,    ,45.7
25,07,27,1,札幌,2,01,未勝利・牝,7,ダ,1,1700,不,ハローエンジェル  ,牝,3,北村友一,55.0,14,13,5,5,0,0.8,3,106,"1460",0,2,2,2,3,39.6,460,田中克典,栗,56,22102292,01102,01180,0125120113,廣崎智子,"ASK STUD",レイデオロ,エンジェルドンキ,ディープインパクト,栗毛,220526,    7.7,  ,    ,41.5
25,07,27,1,札幌,2,01,未勝利・牝,7,ダ,1,1700,不,アラマンダ        ,牝,3,荻野琢真,55.0,14,14,8,8,0,2.1,14,107.3,"1473",0,8,8,5,7,40.4,434,平田修,栗,0,22105025,01112,01082,0125120114,キャロットファーム,ノーザンファーム,レイデオロ,プルメリアスター,ゼンノロブロイ,栗毛,220323,  149.7,  ,    ,40.3
25,07,27,1,札幌,2,02,未勝利,7,芝,0,1200,重,コルネイユドール  ,牝,3,舟山瑠泉,52.0,14,01,8,8,0,1,10,70.2,"1102",0,0,0,8,8,35.5,432,千田輝彦,栗,0,22103488,01221,01120,0125120201,ノルマンディーサラ,岡田スタツド,マインドユアビスケッツ,アリンナ,マツリダゴッホ,栗毛,220308,   63.8,  ,    ,47.7
25,07,27,1,札幌,2,02,未勝利,7,芝,0,1200,重,スイッチビスケット,牡,3,和田陽希,54.0,14,02,11,11,0,1.6,11,70.8,"1108",0,0,0,11,12,35.7,472,森田直行,栗,0,22106295,01223,01142,0125120202,田畑利彦,シンユウフアーム,サトノクラウン,ジュエルトウショウ,アグネスタキオン,青鹿,220330,   93.1,  ,    ,48.3
25,07,27,1,札幌,2,02,未勝利,7,芝,0,1200,重,シーオン          ,牝,3,古川奈穂,52.0,14,03,12,12,0,2,12,71.2,"1112",0,0,0,6,6,36.7,402,奥平雅士,美,0,22103570,01190,01074,0125120203,岡田牧雄,岡田スタツド,エイシンフラッシュ,モアナブルー,ローエングリン,青鹿,220225,  114.3,  ,    ,44.0
25,07,27,1,札幌,2,02,未勝利,7,芝,0,1200,重,エクラドネージュ  ,牝,3,斎藤新,55.0,14,04,13,13,0,2,7,71.2,"1112",0,0,0,6,6,36.7,432,奥村豊,栗,0,22105593,01178,01146,0125120204,DMMドリームクラブ,アスラン,ミッキーアイル,ウアラネージュ,エイシンフラッシュ,白毛,220222,   21.5,  ,    ,44.0
25,07,27,1,札幌,2,02,未勝利,7,芝,0,1200,重,ロードステイタス  ,牡,3,吉田隼人,57.0,14,05,6,6,0,0.9,5,70.1,"1101",0,0,0,11,10,35,460,四位洋文,栗,0,22100656,01095,01184,0125120205,ロードホースクラブ,ケイアイファーム,ロードカナロア,メイズオブオナー,ハーツクライ,鹿毛,220409,   11.2,  ,    ,50.3
25,07,27,1,札幌,2,02,未勝利,7,芝,0,1200,重,ベルシャイニー    ,牝,3,柴田裕一,52.0,14,06,7,7,0,0.9,14,70.1,"1101",0,0,0,8,8,35.4,400,高橋文雅,美,0,22100280,01212,01134,0125120206,ディアレストクラブ,大北牧場,ビーチパトロール,トーセンシャイニー,ネオユニヴァース,黒鹿,220310,  196.0,  ,    ,48.0
25,07,27,1,札幌,2,02,未勝利,7,芝,0,1200,重,ウィンビュー      ,牝,3,古川吉洋,55.0,14,07,9,9,0,1.1,9,70.3,"1103",0,0,0,10,10,35.5,428,畑端省吾,栗,0,22104514,01015,01188,0125120207,齊藤直信,前田牧場,モズアスコット,チャームレディ,アグネスタキオン,栗毛,220404,   62.9,  ,    ,48.0
25,07,27,1,札幌,2,02,未勝利,7,芝,0,1200,重,ハーフェン        ,牝,3,丹内祐次,55.0,14,08,3,3,0,0,2,69.2,"1092",0,0,0,3,3,35.1,400,新開幸一,美,140,22100614,01091,01116,0125120208,中村祐子,ケイアイファーム,オルフェーヴル,アルセナーレ,クロフネ,栗毛,220211,    3.4,  ,    ,47.2
25,07,27,1,札幌,2,02,未勝利,7,芝,0,1200,重,ウインボニータ    ,牝,3,黛弘人,55.0,14,09,10,10,0,1.2,13,70.4,"1104",0,0,0,14,14,35,470,奥平雅士,美,0,22106233,01109,01074,0125120209,ウイン,コスモヴューファー,イスラボニータ,テーブルロンド,"Astronomer Royal",栗毛,220218,  176.5,  ,    ,51.1
25,07,27,1,札幌,2,02,未勝利,7,芝,0,1200,重,ユキノエミリオ    ,牡,3,松岡正海,57.0,14,10,2,2,0,0,8,69.2,"1092",0,0,0,2,2,35.3,438,竹内正洋,美,220,22104316,01085,01152,0125120210,井上基之,服部牧場,ビッグアーサー,ブランカ,ディープインパクト,鹿毛,220324,   29.1,  ,    ,46.0
25,07,27,1,札幌,2,02,未勝利,7,芝,0,1200,重,キャナルクルーズ  ,牝,3,横山武史,55.0,14,11,1,1,0,0,3,69.2,"1092",0,0,0,3,3,35.1,436,大竹正博,美,560,22101402,01170,01102,0125120211,村野康司,下河辺牧場,ロードカナロア,キャナルストリート,マンハッタンカフェ,鹿毛,220207,    6.8,  ,    ,47.2
25,07,27,1,札幌,2,02,未勝利,7,芝,0,1200,重,ダークメモリー    ,牝,3,松本大輝,54.0,14,12,4,4,0,0.5,1,69.7,"1097",0,0,0,1,1,35.9,462,田中克典,栗,84,22110031,01191,01180,0125120212,ゴドルフィン,Godolphin,"Dark Angel","Beautiful Memory","Invincible Spirit",鹿毛,220223,    2.4,  ,    ,44.2
25,07,27,1,札幌,2,02,未勝利,7,芝,0,1200,重,スピリットサージ  ,牝,3,佐々木大,55.0,14,13,5,5,0,0.6,4,69.8,"1098",0,0,0,5,5,35.4,446,須貝尚介,栗,56,22105339,01197,01105,0125120213,社台レースホース,社台ファーム,ブリックスアンドモルタル,サラフィナ,"Refuse To Bend",鹿毛,220301,    8.9,  ,    ,47.2
25,07,27,1,札幌,2,02,未勝利,7,芝,0,1200,重,ピースフルゴールド,牝,3,小林美駒,52.0,14,14,14,14,0,2.3,6,71.5,"1115",0,0,0,13,13,36.3,458,斎藤誠,美,0,22100624,01206,01086,0125120214,中村伊三美,ケイアイファーム,ロードカナロア,オースオブゴールド,オルフェーヴル,鹿毛,220328,   16.5,  ,    ,47.0
25,07,27,1,札幌,2,03,未勝利,7,ダ,1,1700,不,ニコ              ,牝,3,古川奈穂,52.0,14,01,7,7,0,1.2,11,106.5,"1465",0,6,6,8,8,38.3,406,大和田成,美,0,22103336,01190,01124,0125120301,ミルファーム,ミルファーム,ダノンバラード,ムサ,フレンチデピュティ,黒鹿,220417,   71.1,  ,    ,47.1
25,07,27,1,札幌,2,03,未勝利,7,ダ,1,1700,不,セイスイミリオン  ,牡,3,松岡正海,57.0,14,02,9,9,0,1.9,6,107.2,"1472",0,14,13,12,10,38.6,494,堀内岳志,美,0,22106961,01085,01189,0125120302,野田清水,マリオステーブル,イスラボニータ,セルフィーバイブス,キングカメハメハ,黒鹿,220512,   15.7,  ,    ,46.9
25,07,27,1,札幌,2,03,未勝利,7,ダ,1,1700,不,カフェブーケット  ,牡,3,横山典弘,57.0,14,03,1,1,0,0,1,105.3,"1453",0,4,3,6,3,37.4,480,柄崎将寿,美,560,22103235,00660,01208,0125120303,西川光一,三嶋牧場,フォーウィールドライブ,フィオーレカフェ,アイルハヴアナザー,青鹿,220405,    2.2,  ,    ,49.0
25,07,27,1,札幌,2,03,未勝利,7,ダ,1,1700,不,ロングロングロング,牡,3,荻野琢真,57.0,14,04,10,10,0,1.9,12,107.2,"1472",0,10,11,14,13,38.5,460,角田晃一,栗,0,22103916,01112,01121,0125120304,薪浦亨,静内フアーム,ルヴァンスレーヴ,ホザンナ,ダイワメジャー,栗毛,220211,  153.0,  ,    ,47.3
25,07,27,1,札幌,2,03,未勝利,7,ダ,1,1700,不,ブラックレーション,牡,3,松本大輝,56.0,14,05,13,13,0,2.9,7,108.2,"1482",0,1,1,2,3,40.8,522,本田優,栗,0,22103999,01191,01099,0125120305,本間茂,タイヘイ牧場,デクラレーションオブウォー,ラハイナ2,"Milt's Overture",鹿毛,220215,   16.9,  ,    ,40.1
25,07,27,1,札幌,2,03,未勝利,7,ダ,1,1700,不,マークオブゾロ    ,牡,3,鷲頭虎太,54.0,14,06,14,14,0,3.6,13,108.9,"1489",0,5,5,12,14,40.3,476,西村真幸,栗,0,22103608,01202,01148,0125120306,岡田隆寛,岡田牧場,マスクゾロ,エイシンイザナミ,シンボリクリスエス,青鹿,220415,  181.3,  ,    ,42.8
25,07,27,1,札幌,2,03,未勝利,7,ダ,1,1700,不,サザンブラック    ,牡,3,橋木太希,54.0,14,07,4,4,0,0.3,14,105.6,"1456",0,2,2,1,1,38.3,490,根本康広,美,84,22101347,01215,01029,0125120307,サザンホールディン,坂牧場,ブラックタイド,ローズゴールド,サウスヴィグラス,黒鹿,220414,  191.6,  ,    ,45.8
25,07,27,1,札幌,2,03,未勝利,7,ダ,1,1700,不,アルテボーイ      ,牡,3,斎藤新,57.0,14,08,12,12,0,2.6,5,107.9,"1479",0,10,11,10,12,39.6,510,斎藤誠,美,0,22106678,01178,01086,0125120308,山口雄司,ハクレイファーム,ミッキーアイル,アルテーロ,ハービンジャー,黒鹿,220124,   14.0,  ,    ,44.1
25,07,27,1,札幌,2,03,未勝利,7,ダ,1,1700,不,ボールドハーテッド,牡,3,和田陽希,54.0,14,09,5,5,0,0.6,9,105.9,"1459",0,8,8,8,6,37.7,450,鈴木孝志,栗,56,22103551,01223,01111,0125120309,岡田牧雄,岡田スタツド,マジェスティックウォリアー,フィアレス,スペシャルウィーク,栗毛,220222,   36.3,  ,    ,48.7
25,07,27,1,札幌,2,03,未勝利,7,ダ,1,1700,不,タイキフィアリーベ,牡,3,川又賢治,57.0,14,10,6,6,0,1.1,8,106.4,"1464",0,6,7,4,6,38.6,472,中尾秀正,栗,0,22103156,01166,01069,0125120310,大樹ファーム,ビクトリーホースラ,ラブリーデイ,ラブインブルーム,タイキシャトル,黒鹿,220314,   36.1,  ,    ,45.8
25,07,27,1,札幌,2,03,未勝利,7,ダ,1,1700,不,オンクラウドナイン,牡,3,藤岡佑介,57.0,14,11,3,3,0,0.2,2,105.5,"1455",0,9,8,2,2,38.1,510,和田正一,美,140,22106754,01093,01114,0125120311,ノースヒルズ,平山牧場,ラニ,シアージュ,"Raven's Pass",芦毛,220328,    3.7,  ,    ,46.5
25,07,27,1,札幌,2,03,未勝利,7,ダ,1,1700,不,ルグランシャリオ  ,牡,3,小林美駒,54.0,14,12,2,2,0,0,4,105.3,"1453",0,3,3,4,3,37.6,514,石栗龍彦,美,220,22102611,01206,01043,0125120312,ライオンレースホー,浦河日成牧場,フサイチセブン,ティーエスベリー,"New Approach",鹿毛,220214,   13.6,  ,    ,48.2
25,07,27,1,札幌,2,03,未勝利,7,ダ,1,1700,不,ジャスティンアロー,牡,3,北村友一,57.0,14,13,8,8,0,1.4,3,106.7,"1467",0,12,13,7,8,38.6,538,吉岡辰弥,栗,0,22102798,01102,01176,0125120313,三木正浩,酒井牧場,リオンディーズ,フラワーロック,アッミラーレ,鹿毛,220228,    5.9,  ,    ,46.2
25,07,27,1,札幌,2,03,未勝利,7,ダ,1,1700,不,ミユンガー        ,牡,3,鮫島克駿,57.0,14,14,11,11,0,2.5,10,107.8,"1478",0,12,10,10,10,39.5,466,岡田稲男,栗,0,22106201,01157,01066,0125120314,一村哲也,小泉牧場,ニューイヤーズデイ,ムニン,Bernardini,鹿毛,220419,   40.7,  ,    ,44.3
25,07,27,1,札幌,2,04,未勝利,7,芝,0,2000,重,ピティロディア    ,牡,3,横山武史,57.0,9,01,6,6,0,1.1,1,123.9,"2039",0,5,6,5,6,36.4,444,西田雄一,美,0,22105400,01170,01187,0125120401,吉田照哉,社台ファーム,キンシャサノキセキ,ダノンフローラ,アグネスタキオン,鹿毛,220410,    2.1,  ,    ,53.0
25,07,27,1,札幌,2,04,未勝利,7,芝,0,2000,重,ディアイライザ    ,牝,3,佐々木大,55.0,9,02,7,7,0,1.5,7,124.3,"2043",0,7,7,7,4,36.6,420,加藤和宏,美,0,22103524,01197,01077,0125120402,ノルマンディーサラ,岡田スタツド,ノヴェリスト,スピリテッドエアー,"Danehill Dancer",黒鹿,220131,   24.9,  ,    ,52.7
25,07,27,1,札幌,2,04,未勝利,7,芝,0,2000,重,トルストイ        ,牡,3,斎藤新,57.0,9,03,5,5,0,0.9,3,123.7,"2037",0,4,4,3,2,36.4,496,杉山晴紀,栗,56,22104834,01178,01157,0125120403,近藤英子,ノーザンファーム,サートゥルナーリア,ジェラシー,ハービンジャー,栗毛,220124,    9.2,  ,    ,52.8
25,07,27,1,札幌,2,04,未勝利,7,芝,0,2000,重,サイモンイロハニー,牝,3,小林美駒,52.0,9,04,4,4,0,0.8,4,123.6,"2036",0,9,9,9,8,35.5,412,谷潔,栗,84,22104164,01206,00431,0125120404,澤田昭紀,千代田牧場,ゴールドシップ,ブライテストリング,ダノンシャンティ,黒鹿,220310,   11.5,  ,    ,56.4
25,07,27,1,札幌,2,04,未勝利,7,芝,0,2000,重,ヨヒーン          ,牝,3,鮫島克駿,55.0,9,05,1,1,0,-0.7,2,122.8,"2028",0,5,5,5,4,35.3,460,杉山晴紀,栗,560,22105166,01157,01157,0125120405,藤田晋,ノーザンファーム,キズナ,レディイヴァンカ,"Tiz Wonderful",黒鹿,220306,    2.6,  ,    ,56.2
25,07,27,1,札幌,2,04,未勝利,7,芝,0,2000,重,カリビアンブルー  ,牡,3,松本大輝,56.0,9,06,8,8,0,1.8,9,124.6,"2046",0,7,8,7,8,36.9,506,池江泰寿,栗,0,22101570,01191,01071,0125120406,青芝商事,スマイルファーム,エピファネイア,パスーイングザドリーム,"Dream Ahead",鹿毛,220429,  127.2,  ,    ,51.9
25,07,27,1,札幌,2,04,未勝利,7,芝,0,2000,重,メテオレーナ      ,牝,3,丹内祐次,55.0,9,07,2,2,0,0.7,6,123.5,"2035",0,3,3,3,2,36.2,410,中村直也,栗,220,22103712,01091,01186,0125120407,永山勝敏,木村秀則,ルーラーシップ,メテオーリカ,ディープインパクト,鹿毛,220415,   15.3,  ,    ,53.4
25,07,27,1,札幌,2,04,未勝利,7,芝,0,2000,重,ハードロックスター,牡,3,舟山瑠泉,54.0,9,08,3,3,0,0.8,5,123.6,"2036",0,1,1,1,1,36.6,488,鹿戸雄一,美,140,22103590,01221,01097,0125120408,山田弘,岡田スタツド,エピファネイア,ロッカフラベイビー,キングカメハメハ,鹿毛,220305,   12.1,  ,    ,51.9
25,07,27,1,札幌,2,04,未勝利,7,芝,0,2000,重,アルファシリウス  ,牡,3,古川奈穂,54.0,9,09,9,9,0,2.8,8,125.6,"2056",0,2,2,2,6,38.4,462,矢作芳人,栗,0,22106903,01190,01075,0125120409,貴悦,松浦牧場,オルフェーヴル,アルファメガハート,オペラハウス,鹿毛,220323,   51.0,  ,    ,47.3
25,07,27,1,札幌,2,05,新馬,15,芝,0,1800,重,マリノリュミエール,牝,2,舟山瑠泉,52.0,6,01,3,3,0,0.5,6,114,"1540",0,5,5,5,5,34.7,454,村田一誠,美,190,23100794,01221,01190,0125120501,矢野雅子,クラウン日高牧場,ノーブルミッション,クラウンイヴ,ブラックタイド,鹿毛,230411,   57.1,  ,    ,64.3
25,07,27,1,札幌,2,05,新馬,15,芝,0,1800,重,シンデレラガール  ,牝,2,斎藤新,55.0,6,02,4,4,0,0.9,4,114.4,"1544",0,1,1,1,1,35.7,438,西園翔太,栗,110,23101557,01178,01196,0125120502,山崎太嗣,門別牧場,サングレーザー,フォークアート,オルフェーヴル,青鹿,230429,    6.0,  ,    ,60.2
25,07,27,1,札幌,2,05,新馬,15,芝,0,1800,重,ユイノカタリベ    ,牡,2,小林美駒,52.0,6,03,5,5,0,1.5,5,115,"1550",0,3,3,3,3,36,504,竹内正洋,美,37,23106577,01206,01152,0125120503,由井健太郎,藤沢牧場,タワーオブロンドン,ランリーナ,エイシンフラッシュ,鹿毛,230521,   21.5,  ,    ,59.7
25,07,27,1,札幌,2,05,新馬,15,芝,0,1800,重,レイサンソク      ,牡,2,佐々木大,55.0,6,04,5,5,0,1.5,3,115,"1550",0,5,5,5,5,35.8,510,吉村圭司,栗,37,23102706,01197,01130,0125120504,岡浩二,サンデーヒルズ,シスキン,ミラグロッサ,フジキセキ,黒鹿,230330,    4.5,  ,    ,60.6
25,07,27,1,札幌,2,05,新馬,15,芝,0,1800,重,マイネルシンベリン,牡,2,丹内祐次,55.0,6,05,2,2,0,0,2,113.5,"1535",0,2,2,2,2,34.7,454,武市康男,美,300,23100207,01091,01089,0125120505,サラブレッドクラブ,築紫洋,リオンディーズ,フォトジェニック,Sinndar,鹿毛,230419,    4.0,  ,    ,63.5
25,07,27,1,札幌,2,05,新馬,15,芝,0,1800,重,サンセットゴールド,牡,2,鮫島克駿,55.0,6,06,1,1,0,0,1,113.5,"1535",0,3,3,3,3,34.4,448,矢作芳人,栗,750,23105394,01157,01075,0125120506,青芝商事,ハクレイファーム,キズナ,パスティエーラ,キングカメハメハ,黒鹿,230220,    1.8,  ,    ,65.0
25,07,27,1,札幌,2,06,１勝ｸﾗｽ,23,ダ,1,1000,不,ジャスパーソレイユ,牡,3,北村友一,55.0,9,01,7,7,0,0.8,1,58.9,"0589",0,0,0,3,3,35.2,464,森秀行,栗,0,22110111,01102,00427,0125120601,加藤和夫,"Brandywine Farm (J",Mitole,"Hen Escape","Henny Hughes",栗毛,220128,    1.7,  ,    ,51.0
25,07,27,1,札幌,2,06,１勝ｸﾗｽ,23,ダ,1,1000,不,ピクラリーダ      ,牝,4,鷲頭虎太,53.0,9,02,3,3,0,0.6,7,58.7,"0587",0,0,0,1,1,35.5,466,清水英克,美,200,21106347,01202,01080,0125120602,ディアレストクラブ,武田牧場,ブラックタイド,ハイフリート,アフリート,黒鹿,210430,   52.3,  ,    ,48.0
25,07,27,1,札幌,2,06,１勝ｸﾗｽ,23,ダ,1,1000,不,カップッチョ      ,牡,8,黛弘人,58.0,9,03,8,8,0,0.8,8,58.9,"0589",0,0,0,5,5,35,494,南田美知,美,0,17104266,01109,00437,0125120603,ミルファーム,ミルファーム,ジョーカプチーノ,ベルグチケット,ウイニングチケット,鹿毛,170426,   61.0,  ,    ,52.4
25,07,27,1,札幌,2,06,１勝ｸﾗｽ,23,ダ,1,1000,不,ペレグリン        ,牝,4,小林美駒,53.0,9,04,5,5,0,0.7,2,58.8,"0588",0,0,0,8,8,34.5,440,河嶋宏樹,栗,80,21100906,01206,01198,0125120604,中辻明,バンブー牧場,バンブーエール,フラミンゴ,マルカシェンク,黒鹿,210427,    4.4,  ,    ,55.7
25,07,27,1,札幌,2,06,１勝ｸﾗｽ,23,ダ,1,1000,不,テイオームサシ    ,牡,3,荻野琢真,55.0,9,05,4,4,0,0.7,5,58.8,"0588",0,0,0,5,6,34.9,488,秋山真一,栗,120,22101936,01112,01212,0125120605,KIMURA,広富牧場,ナダル,トウカイライフ,トウカイテイオー,鹿毛,220310,   20.8,  ,    ,52.7
25,07,27,1,札幌,2,06,１勝ｸﾗｽ,23,ダ,1,1000,不,エコロレオナ      ,牝,3,和田陽希,50.0,9,06,2,2,0,0,3,58.1,"0581",0,0,0,2,2,34.6,438,森秀行,栗,320,22110110,01223,00427,0125120606,原村正紀,"W. S. Farish","City of Light","Dana Point","Union Rags",鹿毛,220218,    5.2,  ,    ,51.9
25,07,27,1,札幌,2,06,１勝ｸﾗｽ,23,ダ,1,1000,不,セイゲン          ,セ,6,古川吉洋,58.0,9,07,6,6,0,0.7,6,58.8,"0588",0,0,0,9,8,34.3,456,中川公成,美,0,19100234,01015,01081,0125120607,伊藤誠吉,五丸農場,エスポワールシチー,ヘイブンズギフト,クロフネ,栗毛,190209,   44.8,  ,    ,57.1
25,07,27,1,札幌,2,06,１勝ｸﾗｽ,23,ダ,1,1000,不,アスクアメージモア,牡,4,舟山瑠泉,55.0,9,08,9,9,0,1.8,9,59.9,"0599",0,0,0,7,7,35.8,472,藤原英昭,栗,0,21105128,01221,01055,0125120608,廣崎利洋HD,社台ファーム,エピファネイア,デアリングエッジ,キングカメハメハ,栗毛,210218,   94.0,  ,    ,51.0
25,07,27,1,札幌,2,06,１勝ｸﾗｽ,23,ダ,1,1000,不,ストラテージュ    ,牡,3,古川奈穂,52.0,9,09,1,1,0,0,4,58.1,"0581",0,0,0,3,3,34.4,458,矢作芳人,栗,800,22101536,01190,01075,0125120609,広尾レース,シンボリ牧場,モズアスコット,シンボリバーグ,ダイワメジャー,鹿毛,220228,    6.4,  ,    ,53.3
25,07,27,1,札幌,2,07,１勝ｸﾗｽ・牝,23,ダ,1,1700,不,タマモジャスミン  ,牝,3,丹内祐次,53.0,13,01,10,10,0,2.1,1,106.2,"1462",0,9,9,10,9,39.7,506,大橋勇樹,栗,0,22103619,01091,01065,0125120701,タマモ,岡田牧場,タワーオブロンドン,タマモエルドラド,ゴールドアリュール,鹿毛,220416,    3.1,  ,    ,41.4
25,07,27,1,札幌,2,07,１勝ｸﾗｽ・牝,23,ダ,1,1700,不,セージグリーン    ,牝,4,小林美駒,53.0,13,02,9,9,0,1.7,3,105.8,"1458",0,5,5,3,5,39.6,480,菊川正達,美,0,21104850,01206,01052,0125120702,吉田千津,社台コーポレーショ,ディーマジェスティ,グリサージュ,クロフネ,芦毛,210213,    8.3,  ,    ,41.2
25,07,27,1,札幌,2,07,１勝ｸﾗｽ・牝,23,ダ,1,1700,不,ルージュミラージュ,牝,3,森田誠也,50.0,13,03,2,2,0,0.2,5,104.3,"1443",0,1,1,1,1,38.3,448,武幸四郎,栗,320,22102435,01222,01160,0125120703,東京ホースレーシン,坂東牧場,リアルスティール,レッドディオーサ,キングカメハメハ,鹿毛,220330,   11.5,  ,    ,44.0
25,07,27,1,札幌,2,07,１勝ｸﾗｽ・牝,23,ダ,1,1700,不,エルバステラ      ,牝,3,鮫島克駿,53.0,13,04,11,11,0,2.3,12,106.4,"1464",0,2,2,2,2,40.3,484,高柳瑞樹,美,0,22105145,01157,01118,0125120704,吉田勝己,ノーザンファーム,ナダル,リングネブラ,ハーツクライ,鹿毛,220201,   42.2,  ,    ,39.5
25,07,27,1,札幌,2,07,１勝ｸﾗｽ・牝,23,ダ,1,1700,不,コンティオ        ,牝,3,横山武史,53.0,13,05,13,13,0,10.2,2,114.3,"1543",0,3,2,3,2,48.1,460,和田勇介,美,0,22100629,01170,01165,0125120705,中村伊三美,ケイアイファーム,ダノンレジェンド,ザンスカール,エンパイアメーカー,黒鹿,220122,    4.2,  ,    ,25.1
25,07,27,1,札幌,2,07,１勝ｸﾗｽ・牝,23,ダ,1,1700,不,オーロヴェール    ,牝,4,浜中俊,56.0,13,06,4,4,0,0.7,8,104.8,"1448",0,11,11,7,7,38.4,492,田中克典,栗,120,21103232,01115,01180,0125120706,エースレーシング,三嶋牧場,レイデオロ,サティアナ,"Street Cry",鹿毛,210514,   13.8,  ,    ,44.3
25,07,27,1,札幌,2,07,１勝ｸﾗｽ・牝,23,ダ,1,1700,不,パーソナルアフェア,牝,3,鷲頭虎太,50.0,13,07,12,12,0,4.6,13,108.7,"1487",0,3,2,7,13,42.3,448,和田勇介,美,0,22105452,01202,01165,0125120707,吉田千津,社台ファーム,イスラボニータ,パーソナルレジェンド,"Awesome Again",栗毛,220516,   94.1,  ,    ,35.6
25,07,27,1,札幌,2,07,１勝ｸﾗｽ・牝,23,ダ,1,1700,不,サンキャメロン    ,牝,4,松本大輝,55.0,13,08,1,1,0,-0.2,6,104.1,"1441",0,9,9,11,9,37.5,460,上原博之,美,800,21107262,01191,00423,0125120708,加藤ステーブル,浜本牧場,アニマルキングダム,カグラヤルージュ,ヨハネスブルグ,栗毛,210111,   13.5,  ,    ,46.9
25,07,27,1,札幌,2,07,１勝ｸﾗｽ・牝,23,ダ,1,1700,不,ガールズデイアウト,牝,3,川又賢治,53.0,13,09,8,8,0,1.3,4,105.4,"1454",0,7,7,5,7,39.1,480,吉村圭司,栗,0,22101706,01166,01130,0125120709,ゴドルフィン,ダーレー・ジャパン,ニューイヤーズデイ,レディミドルトン,Kingmambo,鹿毛,220325,    8.6,  ,    ,42.5
25,07,27,1,札幌,2,07,１勝ｸﾗｽ・牝,23,ダ,1,1700,不,ドレミファニー    ,牝,5,古川吉洋,56.0,13,10,7,7,0,1,10,105.1,"1451",0,7,7,7,5,38.7,508,西田雄一,美,0,20104855,01015,01187,0125120710,青芝商事,前谷武志,ドレフォン,ファニーヒロイン,ゴールドアリュール,栗毛,200519,   27.8,  ,    ,43.6
25,07,27,1,札幌,2,07,１勝ｸﾗｽ・牝,23,ダ,1,1700,不,シンボリノエル    ,牝,4,横山典弘,56.0,13,11,6,6,0,0.9,9,105,"1450",0,13,12,12,11,37.9,506,土田稔,美,0,21101533,00660,00417,0125120711,谷口祐人,シンボリ牧場,ドレフォン,ダンツペンダント,オレハマッテルゼ,鹿毛,210208,   17.9,  ,    ,46.6
25,07,27,1,札幌,2,07,１勝ｸﾗｽ・牝,23,ダ,1,1700,不,カポレイラ        ,牝,3,佐々木大,53.0,13,12,5,5,0,0.7,7,104.8,"1448",0,12,12,12,11,37.7,438,中舘英二,美,80,22106593,01197,01153,0125120712,山本剛士,新冠橋本牧場,アドマイヤマーズ,プリティカポレイ,クロフネ,鹿毛,220227,   13.5,  ,    ,47.1
25,07,27,1,札幌,2,07,１勝ｸﾗｽ・牝,23,ダ,1,1700,不,スナークメモリー  ,牝,5,柴田裕一,53.0,13,13,3,3,0,0.6,11,104.7,"1447",0,5,5,5,2,38.4,436,宮地貴稔,栗,200,20105167,01212,01211,0125120713,杉本豊,小泉牧場,オルフェーヴル,スナークヒロイン,サクラバクシンオー,鹿毛,200430,   29.3,  ,    ,44.2
25,07,27,1,札幌,2,08,１勝ｸﾗｽ,23,芝,0,1800,稍,スモーキーゴッド  ,牡,3,横山武史,55.0,8,01,5,5,0,1,2,108.4,"1484",0,5,4,4,4,35.9,450,萩原清,美,80,22104592,01170,01017,0125120801,サンデーレーシング,ノーザンファーム,シルバーステート,アガルタ,キングカメハメハ,鹿毛,220501,    2.7,  ,    ,51.0
25,07,27,1,札幌,2,08,１勝ｸﾗｽ,23,芝,0,1800,稍,コンドゥイア      ,牝,3,鷲頭虎太,50.0,8,02,1,1,0,-0.4,1,107.4,"1474",0,2,2,2,2,35.4,490,井上智史,栗,800,22100201,01202,01214,0125120802,高昭牧場,高昭牧場,フォーウィールドライブ,ボリード,ディープインパクト,黒鹿,220416,    2.5,  ,    ,51.7
25,07,27,1,札幌,2,08,１勝ｸﾗｽ,23,芝,0,1800,稍,ダークブロンド    ,牝,5,北村友一,56.0,8,03,2,2,0,0.4,6,107.8,"1478",0,7,6,6,4,35.1,430,高橋亮,栗,320,20103655,01102,01136,0125120803,吉田勝己,ノーザンファーム,ハービンジャー,モンローブロンド,アドマイヤベガ,黒鹿,200323,   15.6,  ,    ,53.6
25,07,27,1,札幌,2,08,１勝ｸﾗｽ,23,芝,0,1800,稍,ネーブルオレンジ  ,牝,3,小林美駒,50.0,8,04,3,3,0,0.5,4,107.9,"1479",0,1,1,1,1,36.1,476,杉山佳明,栗,200,22105431,01206,01178,0125120804,吉田千津,社台ファーム,サトノダイヤモンド,ナレラ,"Reliable Man",鹿毛,220408,    8.4,  ,    ,49.4
25,07,27,1,札幌,2,08,１勝ｸﾗｽ,23,芝,0,1800,稍,ブラックバラード  ,セ,4,舟山瑠泉,55.0,8,05,7,7,0,1.3,7,108.7,"1487",0,8,8,8,7,35.7,446,嘉藤貴行,美,0,21103267,01221,01195,0125120805,嶋田一成,三嶋牧場,ダノンバラード,メイショウグレア,ジャングルポケット,鹿毛,210202,   22.2,  ,    ,52.2
25,07,27,1,札幌,2,08,１勝ｸﾗｽ,23,芝,0,1800,稍,サトノメルベイユ  ,牝,4,鮫島克駿,56.0,8,06,8,8,0,4.6,8,112,"1520",0,4,4,4,7,39.5,386,高柳瑞樹,美,0,21103238,01157,01118,0125120806,里見治,三嶋牧場,サトノダイヤモンド,ジェラスガール,Petionville,鹿毛,210324,   55.3,  ,    ,41.8
25,07,27,1,札幌,2,08,１勝ｸﾗｽ,23,芝,0,1800,稍,イリスレーン      ,牝,5,古川奈穂,53.0,8,07,6,6,0,1.3,5,108.7,"1487",0,2,2,2,3,36.8,482,清水久詞,栗,0,20102802,01190,01110,0125120807,インゼルレーシング,社台ファーム,ハーツクライ,エレクトラレーン,Dubawi,栗毛,200301,   14.9,  ,    ,47.7
25,07,27,1,札幌,2,08,１勝ｸﾗｽ,23,芝,0,1800,稍,ドーギッド        ,牝,3,吉田隼人,53.0,8,08,4,4,0,0.8,3,108.2,"1482",0,6,6,6,6,35.5,464,矢作芳人,栗,120,22105766,01095,01075,0125120808,G1レーシング,社台コーポレーショ,オルフェーヴル,インフレキシビリティ,"Scat Daddy",栗毛,220207,    5.6,  ,    ,52.4
25,07,27,1,札幌,2,09,１勝ｸﾗｽ,23,芝,0,1500,稍,レッドレナート    ,牡,4,佐々木大,58.0,9,01,0,0,3,999.9,0,0,"----",0,0,0,0,0,0,484,手塚貴久,美,0,21103145,01197,01038,0125120901,東京ホースレーシン,信岡牧場,レッドファルクス,マレーナ,ダイワメジャー,芦毛,210228,    0.0,  ,    , 0.0
25,07,27,1,札幌,2,09,１勝ｸﾗｽ,23,芝,0,1500,稍,エフォートレス    ,牡,4,藤岡佑介,58.0,9,02,2,2,0,0.2,1,88.5,"1285",0,0,6,6,6,34.8,488,嘉藤貴行,美,320,21100564,01093,01195,0125120902,ライオンレースホー,秋場牧場,エピファネイア,ブライトガーランド,ダイワメジャー,栗毛,210427,    2.8,  ,    ,52.9
25,07,27,1,札幌,2,09,１勝ｸﾗｽ,23,芝,0,1500,稍,ルクスアドラー    ,牡,4,小林美駒,55.0,9,03,5,5,0,0.9,5,89.2,"1292",0,0,6,7,7,35.3,462,須貝尚介,栗,80,21101100,01206,01105,0125120903,ルクス,いとう牧場,オルフェーヴル,スマートアストリア,ストラヴィンスキー,栗毛,210319,   12.8,  ,    ,51.8
25,07,27,1,札幌,2,09,１勝ｸﾗｽ,23,芝,0,1500,稍,ソアラ            ,牝,5,橋木太希,53.0,9,04,6,6,0,0.9,7,89.2,"1292",0,0,4,5,4,35.6,476,高橋康之,栗,0,20105897,01215,01135,0125120904,ローレルレーシング,松木加代,ヤマカツエース,マリンブラスト,アグネスデジタル,鹿毛,200201,   45.2,  ,    ,50.4
25,07,27,1,札幌,2,09,１勝ｸﾗｽ,23,芝,0,1500,稍,ルナルーチェット  ,牝,3,横山武史,53.0,9,05,3,3,0,0.5,3,88.8,"1288",0,0,2,2,2,35.5,418,国枝栄,美,200,22105233,01170,00399,0125120905,社台レースホース,社台ファーム,ブリックスアンドモルタル,イルミナント,"Quality Road",黒鹿,220415,    3.4,  ,    ,50.1
25,07,27,1,札幌,2,09,１勝ｸﾗｽ,23,芝,0,1500,稍,セイウンビッグバン,牡,3,池添謙一,55.0,9,06,7,7,0,1.1,6,89.4,"1294",0,0,3,2,2,36.1,444,萱野浩二,美,0,22100737,01032,01024,0125120906,成田隆好,タツヤファーム,アドマイヤマーズ,セイウンメテオ,Acclamation,鹿毛,220317,   20.7,  ,    ,48.4
25,07,27,1,札幌,2,09,１勝ｸﾗｽ,23,芝,0,1500,稍,メリディアンスター,牡,3,鮫島克駿,55.0,9,07,4,4,0,0.7,2,89,"1290",0,0,5,2,4,35.6,486,加藤征弘,美,120,22100905,01157,01059,0125120907,"CHEVAL ATTACHE",前田ファーム,モズアスコット,ニシノケイト,ゴールドアリュール,鹿毛,220311,    3.1,  ,    ,50.0
25,07,27,1,札幌,2,09,１勝ｸﾗｽ,23,芝,0,1500,稍,フォルテム        ,牡,3,丹内祐次,55.0,9,08,1,1,0,-0.2,4,88.3,"1283",0,0,1,1,1,35.2,480,千葉直人,美,800,22103042,01091,01199,0125120908,ノルマンディーサラ,ディアレストクラブ,フィエールマン,マダムアグライア,ケイムホーム,鹿毛,220401,    7.3,  ,    ,50.6
25,07,27,1,札幌,2,09,１勝ｸﾗｽ,23,芝,0,1500,稍,ヴァイタルピース  ,セ,4,松本大輝,57.0,9,09,8,8,0,1.4,8,89.7,"1297",0,0,8,8,7,35.7,436,吉田直弘,栗,0,21110079,01191,01101,0125120909,岡田牧雄,"Cheveley Park Stud",Pivotal,Tobruk,"Declaration of War",栗毛,210129,   69.0,  ,    ,50.8
25,07,27,1,札幌,2,10,ポプラＳ･3勝,67,ダ,1,1700,重,アスクビックスター,牡,6,黛弘人,58.0,8,01,7,7,0,1.8,8,104.6,"1446",0,5,5,7,8,36.8,484,前川恭子,栗,0,19106414,01109,01210,0125121001,廣崎利洋HD,飛野牧場,キングカメハメハ,パープル,Galileo,鹿毛,190329,   70.2,  ,    ,50.5
25,07,27,1,札幌,2,10,ポプラＳ･3勝,67,ダ,1,1700,重,ラタフォレスト    ,牡,4,鮫島克駿,58.0,8,02,1,1,0,-0.5,3,102.8,"1428",0,2,2,2,2,35.7,512,加藤征弘,美,1840,21102009,01157,01059,0125121002,林正道,藤本ファーム,パイロ,ゴールドフォレスト,ゴールドアリュール,栗毛,210415,    3.3,  ,    ,52.5
25,07,27,1,札幌,2,10,ポプラＳ･3勝,67,ダ,1,1700,重,ドバイブルース    ,牡,4,横山武史,58.0,8,03,2,2,0,0.5,1,103.3,"1433",0,3,3,3,3,36.1,500,加藤征弘,美,740,21105182,01170,01059,0125121003,加藤正二郎,社台ファーム,キンシャサノキセキ,ピリカ,Monsun,青鹿,210305,    3.0,  ,    ,51.5
25,07,27,1,札幌,2,10,ポプラＳ･3勝,67,ダ,1,1700,重,セクシーブーケ    ,牝,4,北村友一,56.0,8,04,3,3,0,0.8,4,103.6,"1436",0,4,4,3,3,36.3,460,田中克典,栗,460,21110103,01102,01180,0125121004,橋元勇氣,"Shadwell Farm LLC","Liam's Map",Shurakaa,Tapit,芦毛,210326,    9.3,  ,    ,51.1
25,07,27,1,札幌,2,10,ポプラＳ･3勝,67,ダ,1,1700,重,タンゴバイラリン  ,牡,4,横山典弘,58.0,8,05,4,4,0,0.8,5,103.6,"1436",0,5,5,5,6,36,526,栗田徹,美,280,21105272,00660,01127,0125121005,山田弘,社台ファーム,イスラボニータ,リベルタンゴ,"Smart Strike",黒鹿,210312,   13.4,  ,    ,52.4
25,07,27,1,札幌,2,10,ポプラＳ･3勝,67,ダ,1,1700,重,トップオブジェラス,牡,6,佐々木大,58.0,8,06,8,8,0,2,6,104.8,"1448",0,7,7,7,6,37,532,高木登,美,0,19104056,01197,01088,0125121006,嶋田賢,三嶋牧場,ドゥラメンテ,ジェラスガール,Petionville,鹿毛,190303,   15.8,  ,    ,50.0
25,07,27,1,札幌,2,10,ポプラＳ･3勝,67,ダ,1,1700,重,グラウンドビート  ,セ,4,丹内祐次,58.0,8,07,6,6,0,1.4,7,104.2,"1442",0,8,7,6,3,36.5,488,田村康仁,美,0,21105120,01091,01027,0125121007,社台レースホース,社台ファーム,ロードカナロア,ダンスファンタジア,ファルブラヴ,鹿毛,210327,   20.7,  ,    ,51.2
25,07,27,1,札幌,2,10,ポプラＳ･3勝,67,ダ,1,1700,重,マッシャーブルム  ,牡,4,高倉稜,58.0,8,08,5,5,0,0.9,2,103.7,"1437",0,1,1,1,1,36.7,520,前川恭子,栗,184,21106157,01130,01210,0125121008,永嶋啓一,協和牧場,モーニン,アサカラヴァーズ,キングヘイロー,鹿毛,210314,    3.2,  ,    ,49.6
25,07,27,1,札幌,2,11,札幌日経(L),115,芝,0,2600,稍,アドマイヤサジー  ,牝,5,鮫島克駿,55.0,10,01,10,10,0,2,7,163.7,"2437",0,10,10,10,10,36.3,440,宮田敬介,美,0,20103792,01157,01175,0125121101,近藤旬子,レイクヴィラファー,ハービンジャー,メジロコウミョウ,キングカメハメハ,黒鹿,200214,   17.6,  ,    ,55.3
25,07,27,1,札幌,2,11,札幌日経(L),115,芝,0,2600,稍,マイネルカンパーナ,牡,5,丹内祐次,57.0,10,02,3,3,0,0.3,5,162,"2420",0,5,5,4,5,35.6,408,青木孝文,美,700,20105798,01091,01156,0125121102,サラブレッドクラブ,ビッグレッドファー,ゴールドシップ,マンバラ,Linamix,鹿毛,200417,    6.3,  ,    ,56.5
25,07,27,1,札幌,2,11,札幌日経(L),115,芝,0,2600,稍,スティンガーグラス,牡,4,北村友一,57.0,10,03,1,1,0,-0.1,1,161.7,"2417",0,6,7,8,8,35.1,482,木村哲也,美,2800,21105829,01102,01126,0125121103,エムズレーシング,ノーザンファーム,キズナ,ライフフォーセール,"Not For Sale",鹿毛,210312,    3.4,  ,    ,58.2
25,07,27,1,札幌,2,11,札幌日経(L),115,芝,0,2600,稍,ヴェルミセル      ,牝,5,横山武史,55.0,10,04,8,8,0,1.1,2,162.8,"2428",0,8,7,2,5,36.6,464,吉村圭司,栗,0,20103945,01170,01130,0125121104,ノルマンディーサラ,岡田スタツド,ゴールドシップ,マルーンドロップ,コンデュイット,栗毛,200404,    4.0,  ,    ,53.4
25,07,27,1,札幌,2,11,札幌日経(L),115,芝,0,2600,稍,シュバルツクーゲル,牡,4,浜中俊,57.0,10,05,5,5,0,0.8,3,162.5,"2425",0,6,6,4,2,36.1,496,鹿戸雄一,美,280,21104882,01115,01097,0125121105,G1レーシング,社台コーポレーショ,キズナ,ソベラニア,Monsun,黒鹿,210219,    5.9,  ,    ,55.0
25,07,27,1,札幌,2,11,札幌日経(L),115,芝,0,2600,稍,フルール          ,牝,5,佐々木大,55.0,10,06,2,2,0,0.1,6,161.8,"2418",0,4,4,4,2,35.5,494,上原佑紀,美,1100,20105656,01197,01192,0125121106,ノースヒルズ,ノースヒルズ,キズナ,レリカリオ,"Malibu Moon",黒鹿,200221,   14.8,  ,    ,56.7
25,07,27,1,札幌,2,11,札幌日経(L),115,芝,0,2600,稍,パトリックハンサム,牡,6,松岡正海,57.0,10,07,7,7,0,0.9,10,162.6,"2426",0,3,2,4,5,36.3,470,柄崎将寿,美,0,19103850,01085,01208,0125121107,宮崎俊也,辻牧場,バゴ,トーコーユズキ,ディープインパクト,青鹿,190421,   94.0,  ,    ,54.4
25,07,27,1,札幌,2,11,札幌日経(L),115,芝,0,2600,稍,エゾダイモン      ,牡,5,吉田隼人,57.0,10,08,9,9,0,1.3,9,163,"2430",0,9,9,9,9,36,482,武幸四郎,栗,0,20103794,01095,01160,0125121108,藤田晋,レイクヴィラファー,ハーツクライ,メジロツボネ,スウェプトオーヴァーボード,黒鹿,200130,   20.2,  ,    ,55.8
25,07,27,1,札幌,2,11,札幌日経(L),115,芝,0,2600,稍,マキシ            ,牡,5,藤岡佑介,57.0,10,09,6,6,0,0.8,8,162.5,"2425",0,2,2,2,1,36.4,506,杉山佳明,栗,0,20103666,01093,01178,0125121109,大島昌也,ノーザンファーム,エピファネイア,ラキシス,ディープインパクト,鹿毛,200302,   20.0,  ,    ,53.9
25,07,27,1,札幌,2,11,札幌日経(L),115,芝,0,2600,稍,ミステリーウェイ  ,セ,7,池添謙一,57.0,10,10,4,4,0,0.5,4,162.2,"2422",0,1,1,1,2,36.1,502,小林真也,栗,420,18104638,01032,01185,0125121110,社台レースホース,社台ファーム,ジャスタウェイ,ジプシーハイウェイ,"High Chaparral",黒鹿,180312,    6.2,  ,    ,54.8
25,07,27,1,札幌,2,12,羊ヶ丘特･2勝,43,芝,0,1500,稍,ステラバルセロナ  ,牝,5,丹内祐次,56.0,8,01,4,4,0,0.6,5,88.6,"1286",0,0,4,4,5,35.3,428,菊川正達,美,230,20102907,01091,01052,0125121201,吉田千津,社台ファーム,ハービンジャー,ステラスターライト,ディープインパクト,鹿毛,200213,    8.4,  ,    ,50.7
25,07,27,1,札幌,2,12,羊ヶ丘特･2勝,43,芝,0,1500,稍,エリーズダイヤ    ,牝,5,松岡正海,56.0,8,02,1,1,0,-0.2,3,88,"1280",0,0,2,2,2,35.2,490,戸田博文,美,1550,20102734,01085,01054,0125121202,青芝商事,社台コーポレーショ,ハーツクライ,ローズカットダイヤ,フレンチデピュティ,鹿毛,200507,    5.2,  ,    ,50.0
25,07,27,1,札幌,2,12,羊ヶ丘特･2勝,43,芝,0,1500,稍,マイネルフォルツァ,牡,5,鮫島克駿,58.0,8,03,3,3,0,0.6,4,88.6,"1286",0,0,8,6,7,34.9,510,金成貴史,美,390,20105809,01157,01132,0125121203,サラブレッドクラブ,ブルースターズファ,ゴールドシップ,ラッフォルツァート,グラスワンダー,栗毛,200507,    6.5,  ,    ,52.6
25,07,27,1,札幌,2,12,羊ヶ丘特･2勝,43,芝,0,1500,稍,ルージュイストリア,牝,5,舟山瑠泉,56.0,8,04,6,6,0,0.7,6,88.7,"1287",0,0,4,4,3,35.5,464,浅利英明,美,0,20103701,01221,01204,0125121204,東京ホースレーシン,ノーザンファーム,ドレフォン,レッドクラウディア,アグネスタキオン,黒鹿,200219,   14.3,  ,    ,49.9
25,07,27,1,札幌,2,12,羊ヶ丘特･2勝,43,芝,0,1500,稍,ビーナスローズ    ,牝,6,斎藤新,56.0,8,05,2,2,0,0.2,2,88.2,"1282",0,0,1,1,1,35.8,446,杉山佳明,栗,620,19100572,01178,01178,0125121205,ローレルレーシング,新冠橋本牧場,キタサンブラック,シャンスイ,スウェプトオーヴァーボード,鹿毛,190316,    3.8,  ,    ,47.6
25,07,27,1,札幌,2,12,羊ヶ丘特･2勝,43,芝,0,1500,稍,ヨウシタンレイ    ,牝,5,横山典弘,56.0,8,06,5,5,0,0.6,1,88.6,"1286",0,0,2,3,4,35.5,466,藤野健太,栗,155,20103969,00660,01200,0125121206,中内田克二,岡田猛,サトノアラジン,フレイムミーティア,ファンタスティックライト,鹿毛,200122,    2.5,  ,    ,49.7
25,07,27,1,札幌,2,12,羊ヶ丘特･2勝,43,芝,0,1500,稍,オルフェスト      ,牝,5,吉田隼人,56.0,8,07,7,7,0,0.9,7,88.9,"1289",0,0,4,6,6,35.3,446,池上昌和,美,0,20102718,01095,01150,0125121207,キャロットファーム,社台コーポレーショ,オルフェーヴル,ユールフェスト,"More Than Ready",鹿毛,200512,   21.4,  ,    ,51.2
25,07,27,1,札幌,2,12,羊ヶ丘特･2勝,43,芝,0,1500,稍,ヒロノゴウカイ    ,牡,6,菅原隆一,58.0,8,08,8,8,0,1.4,8,89.4,"1294",0,0,7,8,8,35.6,496,蛯名利弘,美,0,19106700,01129,01131,0125121208,小野博郷,増本牧場,ダノンレジェンド,ハルダル,ゴールドアリュール,鹿毛,190420,   66.9,  ,    ,50.7
25,08,02,1,札幌,3,01,未勝利*,7,芝,0,1800,良,ソルプレーザ      ,牡,2,舟山瑠泉,52.0,8,01,8,8,0,1.4,6,111.6,"1516",0,8,8,8,8,36.2,466,菊川正達,美,0,23105712,01221,01052,0125130101,ディアレストクラブ,木村牧場,エイシンフラッシュ,ヨッテウタッテ,オレハマッテルゼ,黒鹿,230414,   47.6,  ,    ,54.1
25,08,02,1,札幌,3,01,未勝利*,7,芝,0,1800,良,ラシッド          ,牡,2,佐々木大,55.0,8,02,6,6,0,1.1,5,111.3,"1513",0,5,6,6,6,36.1,476,杉浦宏昭,美,0,23105940,01197,01008,0125130102,島川隆哉,エスティファーム,マクマホン,トーセンアルニカ,メイショウサムソン,栗毛,230320,   37.6,  ,    ,54.2
25,08,02,1,札幌,3,01,未勝利*,7,芝,0,1800,良,アイムスティルミー,セ,2,嶋田純次,55.0,8,03,3,3,0,0.6,4,110.8,"1508",0,7,7,4,2,35.9,430,手塚貴久,美,140,23106595,01134,01038,0125130103,ミルファーム,ミルファーム,ダノンバラード,チェリッシュユー,ヴィクトワールピサ,黒鹿,230216,   37.2,  ,    ,54.3
25,08,02,1,札幌,3,01,未勝利*,7,芝,0,1800,良,ジャストビート    ,牝,2,丹内祐次,55.0,8,04,1,1,0,-0.1,3,110.2,"1502",0,4,4,4,4,35.4,418,安達昭夫,栗,560,23101090,01091,01042,0125130104,"Him Rock Racingホ",タバタファーム,デクラレーションオブウォー,ステルス,ディープインパクト,鹿毛,230404,    5.7,  ,    ,55.6
25,08,02,1,札幌,3,01,未勝利*,7,芝,0,1800,良,ヴィラジョヴィス  ,牝,2,キング,55.0,8,05,2,2,0,0.1,1,110.3,"1503",0,2,2,2,2,35.8,476,小栗実,栗,220,23103901,05643,01194,0125130105,ライオンレースホー,レイクヴィラファー,ハービンジャー,ベルカプリ,ダイワメジャー,鹿毛,230304,    1.2,  ,    ,54.1
25,08,02,1,札幌,3,01,未勝利*,7,芝,0,1800,良,シャインヴィーラ  ,牡,2,松本大輝,54.0,8,06,7,7,0,1.1,7,111.3,"1513",0,5,5,6,6,36.2,474,本田優,栗,0,23102642,01191,01099,0125130106,吉岡輝美,ゴールドアップカン,オルフェーヴル,バンビーナミノル,ノヴェリスト,鹿毛,230301,   51.2,  ,    ,53.7
25,08,02,1,札幌,3,01,未勝利*,7,芝,0,1800,良,ブルームオブピース,牝,2,古川吉洋,55.0,8,07,5,5,0,1,8,111.2,"1512",0,2,2,3,5,36.5,430,北出成人,栗,56,23102965,01015,01078,0125130107,飯田貴大,千代田牧場,デクラレーションオブウォー,ロゼット,ルーラーシップ,鹿毛,230127,   81.4,  ,    ,52.3
25,08,02,1,札幌,3,01,未勝利*,7,芝,0,1800,良,チェンドル        ,牝,2,小林美駒,52.0,8,08,4,4,0,0.8,2,111,"1510",0,1,1,1,1,36.6,440,小手川準,美,84,23105919,01206,01171,0125130108,杉浦和也,大北牧場,アルアイン,ルタンブル,エイシンフラッシュ,黒鹿,230212,    5.7,  ,    ,51.6
25,08,02,1,札幌,3,02,未勝利,7,ダ,1,1000,良,インユアアイズ    ,牝,3,キング,55.0,12,01,10,10,0,2.4,2,61.4,"1014",0,0,0,12,12,35.8,474,中村直也,栗,0,22100651,05643,01186,0125130201,ロードホースクラブ,ケイアイファーム,ロードカナロア,プリメラビスタ,オルフェーヴル,鹿毛,220228,    4.2,  ,    ,57.3
25,08,02,1,札幌,3,02,未勝利,7,ダ,1,1000,良,ブラックエンパイア,牡,3,荻野琢真,57.0,12,02,4,4,0,0.5,11,59.5,"0595",0,0,0,4,4,35.5,468,松永康利,美,84,22104343,01112,01093,0125130202,田頭勇貴,原田久司,ゴールドドリーム,タマモスズラン,サウスヴィグラス,黒鹿,220504,   99.1,  ,    ,51.4
25,08,02,1,札幌,3,02,未勝利,7,ダ,1,1000,良,フルグライト      ,牡,3,松岡正海,57.0,12,03,5,5,0,1.2,5,60.2,"1002",0,0,0,8,6,35.6,464,堀内岳志,美,56,22102555,01085,01189,0125130203,豊井義次,林時春,オーヴァルエース,タガノディナー,タニノギムレット,鹿毛,220510,   12.2,  ,    ,53.7
25,08,02,1,札幌,3,02,未勝利,7,ダ,1,1000,良,ハナヒラク        ,牝,3,柴田裕一,52.0,12,04,9,9,0,2,10,61,"1010",0,0,0,10,10,35.9,454,萱野浩二,美,0,22102873,01212,01024,0125130204,河村祥史,多田善弘,サングラス,ヌーヴォーロジェ,エピファネイア,鹿毛,220327,   64.1,  ,    ,54.9
25,08,02,1,札幌,3,02,未勝利,7,ダ,1,1000,良,ローレルゼロ      ,牡,3,橋木太希,54.0,12,05,7,7,0,1.4,8,60.4,"1004",0,0,0,7,7,36,474,高橋康之,栗,0,22106939,01215,01135,0125130205,ローレルレーシング,松木加代,ブルドッグボス,ミコノキセキ,キンシャサノキセキ,鹿毛,220506,   34.9,  ,    ,51.7
25,08,02,1,札幌,3,02,未勝利,7,ダ,1,1000,良,メイショウルーチェ,牝,3,松本大輝,54.0,12,06,12,12,0,2.8,12,61.8,"1018",0,0,0,10,11,36.7,448,飯田祐史,栗,0,22102793,01191,01139,0125130206,松本好雄,斉藤英牧場,ダノンレジェンド,メイショウハナグシ,ブラックタイド,黒鹿,220523,  122.2,  ,    ,52.6
25,08,02,1,札幌,3,02,未勝利,7,ダ,1,1000,良,オンサイト        ,牡,3,丹内祐次,57.0,12,07,8,8,0,1.5,7,60.5,"1005",0,0,0,9,9,35.6,466,小西一男,美,0,22100423,01091,00405,0125130207,ノルマンディーサラ,"Homey Farm",アドミラブル,ブルーロゼット,キングズベスト,鹿毛,220613,   24.0,  ,    ,54.9
25,08,02,1,札幌,3,02,未勝利,7,ダ,1,1000,良,カービスベイ      ,牡,3,黛弘人,57.0,12,08,3,3,0,0.2,3,59.2,"0592",0,0,0,2,2,35.6,518,武藤善則,美,140,22107246,01109,01064,0125130208,ヒダカ・ブリーダー,奥山ファーム,タワーオブロンドン,コージーベイ,"Storm Cat",黒鹿,220126,    5.8,  ,    ,49.4
25,08,02,1,札幌,3,02,未勝利,7,ダ,1,1000,良,デルタニュートラル,牝,3,和田陽希,52.0,12,09,11,11,0,2.6,9,61.6,"1016",0,0,0,5,8,37.5,422,加藤士津,美,0,22107243,01223,01169,0125130209,横田恵子,奥山ファーム,モズアスコット,ヴィオレッタ,シンボリクリスエス,栗毛,220417,   40.8,  ,    ,46.4
25,08,02,1,札幌,3,02,未勝利,7,ダ,1,1000,良,ステラノヴァ      ,牡,3,武豊,57.0,12,10,2,2,0,0.1,1,59.1,"0591",0,0,0,2,3,35.4,474,千田輝彦,栗,220,22103482,00666,01120,0125130210,中村雅明,大滝康晴,ベストウォーリア,マリアローザ,フジキセキ,鹿毛,220511,    2.3,  ,    ,50.4
25,08,02,1,札幌,3,02,未勝利,7,ダ,1,1000,良,マカニ            ,牝,3,小林美駒,52.0,12,11,1,1,0,-0.1,4,59,"0590",0,0,0,1,1,35.7,464,尾形和幸,美,560,22104370,01206,01141,0125130211,ニッシンホールディ,藤沢牧場,ルヴァンスレーヴ,デヒアバーズ,デヒア,鹿毛,220313,    7.8,  ,    ,47.9
25,08,02,1,札幌,3,02,未勝利,7,ダ,1,1000,良,アンノドミニ      ,牡,3,舟山瑠泉,54.0,12,12,6,6,0,1.3,6,60.3,"1003",0,0,0,5,5,36.2,450,佐々木晶,栗,0,22106643,01221,00429,0125130212,ノースヒルズ,ノースヒルズ,ドレフォン,スパイクナード,ハーツクライ,黒鹿,220328,   12.6,  ,    ,49.9
25,08,02,1,札幌,3,03,未勝利,7,ダ,1,1700,良,グラツィオーソ    ,牝,3,松岡正海,55.0,14,01,10,10,0,2.5,7,109.5,"1495",0,10,10,12,13,38.9,468,田中剛,美,0,22102779,01085,01119,0125130301,"Grande Racing",グランデファーム,ロゴタイプ,タオヤカ,プリサイスエンド,栗毛,220410,   15.6,  ,    ,49.0
25,08,02,1,札幌,3,03,未勝利,7,ダ,1,1700,良,ラルフテソーロ    ,牡,3,丹内祐次,57.0,14,02,1,1,0,0,1,107,"1470",0,1,1,1,1,37.5,504,伊藤圭三,美,560,22102269,01091,01023,0125130302,了徳寺健二ホールデ,リョーケンファーム,スワーヴリチャード,ライトファンタスティック,Acclamation,鹿毛,220319,    2.7,  ,    ,51.1
25,08,02,1,札幌,3,03,未勝利,7,ダ,1,1700,良,マイネルアース    ,牡,3,橋木太希,54.0,14,03,8,8,0,1.8,5,108.8,"1488",0,10,10,12,11,38.2,468,金成貴史,美,0,22106538,01215,01132,0125130303,サラブレッドクラブ,那須野,ブリックスアンドモルタル,アースグリーン,"Street Cry",栗毛,220503,   10.7,  ,    ,50.8
25,08,02,1,札幌,3,03,未勝利,7,ダ,1,1700,良,ビザンティーノ    ,牡,3,横山琉人,57.0,14,04,13,13,0,3.6,10,110.6,"1506",0,8,8,9,9,40.3,484,上原佑紀,美,0,22110030,01192,01192,0125130304,ゴドルフィン,Godolphin,Masar,"Ancient Art",Monsun,鹿毛,220422,   35.2,  ,    ,45.2
25,08,02,1,札幌,3,03,未勝利,7,ダ,1,1700,良,ジーティーララバイ,牝,3,荻野琢真,55.0,14,05,6,6,0,1.3,13,108.3,"1483",0,3,3,5,6,38.4,502,矢作芳人,栗,0,22110071,01112,01075,0125130305,田畑利彦,"Austramore Pty. LT","American Pharoah",Stopshoppingmaria,"More Than Ready",黒鹿,220228,   93.2,  ,    ,49.3
25,08,02,1,札幌,3,03,未勝利,7,ダ,1,1700,良,ハルフロンティア  ,牡,3,鮫島克駿,57.0,14,06,3,3,0,0.6,8,107.6,"1476",0,6,5,7,7,37.4,486,池添学,栗,140,22104724,01157,01144,0125130306,MOMOレーシング,ノーザンファーム,レイデオロ,カンデラ,ダイワメジャー,黒鹿,220318,   24.0,  ,    ,52.4
25,08,02,1,札幌,3,03,未勝利,7,ダ,1,1700,良,アーロッタレット  ,牝,3,小林美駒,52.0,14,07,12,12,0,2.6,6,109.6,"1496",0,14,14,12,13,38.9,468,須貝尚介,栗,0,22110097,01206,01105,0125130307,飯田正剛,"Lewis Thoroughbred","Practical Joke",Folklore,Tiznow,栗毛,220301,   12.6,  ,    ,49.1
25,08,02,1,札幌,3,03,未勝利,7,ダ,1,1700,良,ミスターボビー    ,牡,3,菱田裕二,57.0,14,08,4,4,0,0.8,11,107.8,"1478",0,3,3,3,2,38.1,462,栗田徹,美,84,22107362,01144,01127,0125130308,KRジャパン,大作ステーブル,オルフェーヴル,ホットランナー,ダイワメジャー,栗毛,220417,   51.0,  ,    ,49.8
25,08,02,1,札幌,3,03,未勝利,7,ダ,1,1700,良,シャドーストライク,牡,3,舟山瑠泉,54.0,14,09,5,5,0,1.1,9,108.1,"1481",0,5,5,5,4,38.2,464,茶木太樹,栗,56,22101273,01221,01181,0125130309,水谷昌晃,木村牧場,サートゥルナーリア,リリースペイン,"American Post",栗毛,220318,   28.9,  ,    ,49.8
25,08,02,1,札幌,3,03,未勝利,7,ダ,1,1700,良,マンボルンバ      ,牡,3,横山武史,57.0,14,10,14,14,0,5.4,3,112.4,"1524",0,2,2,2,5,42.8,520,加藤征弘,美,0,22105297,01170,01059,0125130310,加藤正二郎,社台ファーム,パドトロワ,ギミーシェルター,サンデーサイレンス,鹿毛,220507,    5.4,  ,    ,38.7
25,08,02,1,札幌,3,03,未勝利,7,ダ,1,1700,良,トリプレーテ      ,牡,3,森田誠也,54.0,14,11,2,2,0,0,2,107,"1470",0,13,12,3,2,37.2,484,武英智,栗,220,22106722,01222,01161,0125130311,寺田寿男,パカパカファーム,"Saxon Warrior",ザフィーナ,Casamento,鹿毛,220224,    5.0,  ,    ,52.3
25,08,02,1,札幌,3,03,未勝利,7,ダ,1,1700,良,アックアヴィリーレ,セ,3,柴田裕一,54.0,14,12,11,11,0,2.5,12,109.5,"1495",0,8,8,10,11,39.1,464,佐々木晶,栗,0,22106182,01212,00429,0125130312,ヒダカ・ブリーダー,協和牧場,ドレフォン,アックアアルタ,ブラックタイド,黒鹿,220223,   72.1,  ,    ,48.2
25,08,02,1,札幌,3,03,未勝利,7,ダ,1,1700,良,サーフギャラクシー,牡,3,黛弘人,57.0,14,13,9,9,0,2.4,14,109.4,"1494",0,12,12,10,10,39,460,松山将樹,美,0,22103508,01109,01100,0125130313,ノルマンディーサラ,岡田スタツド,ビーチパトロール,ギャラクシーセレブ,ブラックタイド,黒鹿,220328,  196.2,  ,    ,48.5
25,08,02,1,札幌,3,03,未勝利,7,ダ,1,1700,良,リバティフレイム  ,牡,3,斎藤新,57.0,14,14,7,7,0,1.5,4,108.5,"1485",0,7,7,7,7,38.4,516,嘉藤貴行,美,0,22101645,01178,01195,0125130314,ゴドルフィン,ダーレー・ジャパン,アメリカンペイトリオット,コズミックフレイム,Doyen,黒鹿,220507,    8.6,  ,    ,49.6
25,08,02,1,札幌,3,04,未勝利,7,芝,0,2000,良,グランセゾン      ,牝,3,佐々木大,55.0,16,01,5,5,0,0.6,5,120.1,"2001",0,15,15,14,2,35.5,458,栗田徹,美,56,22106645,01197,01127,0125130401,ノースヒルズ,ノースヒルズ,オルフェーヴル,ディルガ,Curlin,栗毛,220225,   16.7,  ,    ,52.1
25,08,02,1,札幌,3,04,未勝利,7,芝,0,2000,良,バントック        ,牡,3,丹内祐次,57.0,16,02,13,13,0,2.5,10,122,"2020",0,3,3,4,6,38.2,438,浜田多実,栗,0,22102903,01091,01138,0125130402,橋元勇氣,谷川牧場,キタサンブラック,ノーバザー,"Scat Daddy",鹿毛,220209,   30.7,  ,    ,44.0
25,08,02,1,札幌,3,04,未勝利,7,芝,0,2000,良,ストレートブラック,牝,3,松岡正海,55.0,16,03,2,2,0,0.2,2,119.7,"1597",0,8,8,7,4,35.6,426,奥平雅士,美,220,22103353,01085,01074,0125130403,コスモヴューファー,山口義彦,トーセンラー,コスモメソッド,ヴィクトワールピサ,青鹿,220518,    4.1,  ,    ,51.2
25,08,02,1,札幌,3,04,未勝利,7,芝,0,2000,良,アインホルン      ,牡,3,森田誠也,54.0,16,04,15,15,0,3.3,14,122.8,"2028",0,3,3,5,12,38.8,446,寺島良,栗,0,22104823,01222,01158,0125130404,三田昌宏,ノーザンファーム,リオンディーズ,シンハディーパ,ウォーエンブレム,青鹿,220226,  227.1,  ,    ,42.8
25,08,02,1,札幌,3,04,未勝利,7,芝,0,2000,良,ヴァンガルダ      ,牝,3,斎藤新,55.0,16,05,8,8,0,1.3,9,120.8,"2008",0,6,6,7,9,36.7,434,奥村豊,栗,0,22104726,01178,01146,0125130405,MKレーシング,ノーザンファーム,ハービンジャー,ガラアフェアー,ダイワメジャー,栗毛,220323,   29.1,  ,    ,48.2
25,08,02,1,札幌,3,04,未勝利,7,芝,0,2000,良,カリータフェリス  ,牝,3,舟山瑠泉,52.0,16,06,12,12,0,2.1,11,121.6,"2016",0,16,16,16,16,36.9,428,鈴木慎太,美,0,22105504,01221,01179,0125130406,グリーンファーム,社台ファーム,ゴールドシップ,ベアトリッツ,ディープインパクト,鹿毛,220410,   40.3,  ,    ,48.4
25,08,02,1,札幌,3,04,未勝利,7,芝,0,2000,良,エコログロス      ,牡,3,嶋田純次,57.0,16,07,6,6,0,0.8,12,120.3,"2003",0,11,13,14,13,35.7,436,手塚貴久,美,0,22101430,01134,01038,0125130407,原村正紀,下河辺牧場,フィエールマン,ターキー,Sinndar,鹿毛,220420,   54.5,  ,    ,51.6
25,08,02,1,札幌,3,04,未勝利,7,芝,0,2000,良,アロマフェリス    ,牝,3,キング,55.0,16,08,3,3,0,0.4,4,119.9,"1599",0,6,6,5,2,36,390,辻野泰之,栗,140,22104624,05643,01183,0125130408,キャロットファーム,ノーザンファーム,レイデオロ,アロマドゥルセ,ディープインパクト,黒鹿,220305,    7.7,  ,    ,49.9
25,08,02,1,札幌,3,04,未勝利,7,芝,0,2000,良,ホウオウアーネスト,牡,3,横山典弘,57.0,16,09,10,10,0,1.8,6,121.3,"2013",0,10,10,10,13,37,486,安田翔伍,栗,0,22103548,00660,01164,0125130409,小笹芳央,岡田スタツド,キズナ,ビーコンターン,Shamardal,鹿毛,220417,   19.7,  ,    ,47.6
25,08,02,1,札幌,3,04,未勝利,7,芝,0,2000,良,フェアリーグレン  ,牝,3,松本大輝,54.0,16,10,4,4,0,0.5,7,120,"2000",0,11,10,10,9,35.7,418,吉田直弘,栗,84,22105083,01191,01101,0125130410,金子真人ホールディ,ノーザンファーム,ロードカナロア,ムードインディゴ,ダンスインザダーク,鹿毛,220428,   20.3,  ,    ,51.2
25,08,02,1,札幌,3,04,未勝利,7,芝,0,2000,良,トリフォラート    ,牝,3,横山武史,55.0,16,11,16,16,0,3.6,8,123.1,"2031",0,2,2,2,6,39.4,486,小手川準,美,0,22104630,01170,01171,0125130411,保坂和孝,ノーザンファーム,サトノダイヤモンド,アンフィトリテ2,Sebring,鹿毛,220301,   27.7,  ,    ,41.0
25,08,02,1,札幌,3,04,未勝利,7,芝,0,2000,良,ゴートゥーミジョカ,牝,3,柴田裕一,52.0,16,12,11,11,0,2,16,121.5,"2015",0,11,12,10,13,37.1,428,宮本博,栗,0,22102777,01212,01073,0125130412,山下恒善,グランデファーム,レイデオロ,シェアザジョイフル,ブラックタイド,黒鹿,220424,  560.5,  ,    ,47.5
25,08,02,1,札幌,3,04,未勝利,7,芝,0,2000,良,マサノイロハ      ,牡,3,古川吉洋,57.0,16,13,9,9,0,1.7,15,121.2,"2012",0,14,13,13,9,36.7,460,藤野健太,栗,0,22100489,01015,01200,0125130413,猪野毛雅人,猪野毛牧場,ルーラーシップ,マサノスパーク,エンパイアメーカー,鹿毛,220401,  306.2,  ,    ,48.7
25,08,02,1,札幌,3,04,未勝利,7,芝,0,2000,良,ロパシック        ,牝,3,池添謙一,55.0,16,14,1,1,0,-0.2,1,119.5,"1595",0,5,5,2,1,35.8,448,大竹正博,美,560,22104906,01032,01102,0125130414,シルクレーシング,ノーザンファーム,エピファネイア,ツルマルワンピース,キングカメハメハ,栗毛,220321,    2.4,  ,    ,50.2
25,08,02,1,札幌,3,04,未勝利,7,芝,0,2000,良,シカレ            ,牝,3,古川奈穂,52.0,16,15,7,7,0,1,13,120.5,"2005",0,8,8,7,6,36.4,412,前川恭子,栗,0,22104308,01190,01210,0125130415,黒岩剛史,服部牧場,"American Pharoah",スウィートマナ,"Easing Along",鹿毛,220125,  109.2,  ,    ,49.0
25,08,02,1,札幌,3,04,未勝利,7,芝,0,2000,良,バトラーズワーフ  ,牡,3,鮫島克駿,57.0,16,16,14,14,0,2.7,3,122.2,"2022",0,1,1,1,4,38.6,464,浅利英明,美,0,22105252,01157,01204,0125130416,社台レースホース,社台ファーム,ブリックスアンドモルタル,エオリアンハープ,キングカメハメハ,黒鹿,220527,    6.7,  ,    ,42.8
25,08,02,1,札幌,3,05,新馬,15,芝,0,1500,良,オーシャンステラ  ,牝,2,丹内祐次,55.0,11,01,6,6,0,1,5,90.3,"1303",0,0,9,10,10,34.6,418,菊沢隆徳,美,0,23107206,01091,01115,0125130501,ライオンレースホー,ノーザンファーム,ゴールドシップ,プリティカリーナ,"Seeking the Gold",黒鹿,230323,   10.5,  ,    ,57.3
25,08,02,1,札幌,3,05,新馬,15,芝,0,1500,良,リピース          ,牝,2,小林美駒,52.0,11,02,10,10,0,1.6,9,90.9,"1309",0,0,11,11,10,34.9,426,前川恭子,栗,0,23107412,01206,01210,0125130502,山口正行,田原橋本牧場,サンダースノー,キモンクイーン,クロフネ,鹿毛,230211,   51.0,  ,    ,57.0
25,08,02,1,札幌,3,05,新馬,15,芝,0,1500,良,ハヤテノオジョー  ,牝,2,鮫島克駿,55.0,11,03,4,4,0,0.6,6,89.9,"1299",0,0,3,3,3,34.8,402,杉山佳明,栗,110,23107235,01157,01178,0125130503,佐藤範夫,ノーザンファーム,シルバーステート,マイタイムオブデイ,Australia,鹿毛,230127,   10.9,  ,    ,55.6
25,08,02,1,札幌,3,05,新馬,15,芝,0,1500,良,ブラックジャック  ,牡,2,佐々木大,55.0,11,04,9,9,0,1.5,4,90.8,"1308",0,0,6,6,7,35.4,492,須貝尚介,栗,0,23104933,01197,01105,0125130504,安原浩司,辻牧場,ダノンスマッシュ,ダブルファンタジー,ジャイアントレッカー,黒鹿,230308,    8.3,  ,    ,54.3
25,08,02,1,札幌,3,05,新馬,15,芝,0,1500,良,レッドスティンガー,牡,2,横山武史,55.0,11,05,2,2,0,0.5,2,89.8,"1298",0,0,1,1,1,34.9,470,矢嶋大樹,美,300,23106619,01170,01202,0125130505,東京ホースレーシン,信岡牧場,レッドファルクス,マレーナ,ダイワメジャー,芦毛,230326,    3.0,  ,    ,54.9
25,08,02,1,札幌,3,05,新馬,15,芝,0,1500,良,サンダーバード    ,牝,2,武豊,55.0,11,06,3,3,0,0.6,1,89.9,"1299",0,0,3,3,5,34.7,444,武幸四郎,栗,190,23105292,00666,01160,0125130506,藤田晋,ノーザンファーム,エピファネイア,サロニカ,ディープインパクト,青鹿,230228,    2.6,  ,    ,56.1
25,08,02,1,札幌,3,05,新馬,15,芝,0,1500,良,ポペット          ,牝,2,橋木太希,52.0,11,07,1,1,0,-0.5,7,89.3,"1293",0,0,6,6,7,33.9,416,高橋康之,栗,750,23103980,01215,01135,0125130507,小林竜太郎,岩見牧場,サトノクラウン,プティシュシュ,エピファネイア,黒鹿,230410,   26.3,  ,    ,58.9
25,08,02,1,札幌,3,05,新馬,15,芝,0,1500,良,ウチュウノセカイ  ,牡,2,古川吉洋,55.0,11,08,8,8,0,1.1,8,90.4,"1304",0,0,2,2,2,35.5,492,青木孝文,美,0,23106665,01015,01156,0125130508,長塩豊,門別牧場,タワーオブロンドン,リッチクレマチス,ローレルゲレイロ,鹿毛,230401,   37.9,  ,    ,53.1
25,08,02,1,札幌,3,05,新馬,15,芝,0,1500,良,ビョウブガウラ    ,牡,2,キング,55.0,11,09,7,7,0,1,3,90.3,"1303",0,0,9,9,7,34.7,486,清水英克,美,0,23103097,05643,01080,0125130509,嶋田賢,服部牧場,ディーマジェスティ,ミスミーチャン,ファスリエフ,鹿毛,230502,    7.8,  ,    ,56.8
25,08,02,1,札幌,3,05,新馬,15,芝,0,1500,良,サンエンジェルス  ,牝,2,浜中俊,55.0,11,10,5,5,0,0.9,10,90.2,"1302",0,0,6,6,5,34.8,420,谷潔,栗,75,23101315,01115,00431,0125130510,加藤信之,日高大洋牧場,カリフォルニアクローム,ディーズハイエンド,ダイワメジャー,栗毛,230408,   62.6,  ,    ,56.1
25,08,02,1,札幌,3,05,新馬,15,芝,0,1500,良,ブルーメンフェスト,牝,2,松岡正海,55.0,11,11,11,11,0,4.1,11,93.4,"1334",0,0,3,3,3,38.3,484,緒方努,栗,0,23102180,01085,01193,0125130511,大樹ファーム,ビクトリーホースラ,ダノンスマッシュ,タイキマロン,ファスリエフ,黒鹿,230408,   74.9,  ,    ,45.9
25,08,02,1,札幌,3,06,１勝ｸﾗｽ・牝,23,ダ,1,1000,良,アースミューズ    ,牝,3,松岡正海,54.0,7,01,4,4,0,1,4,59.5,"0595",0,0,0,2,2,36,438,粕谷昌央,美,120,22105909,01085,01096,0125130601,松山増男,習志野牧場,フリオーソ,アースヴィグラス,サウスヴィグラス,鹿毛,220417,   15.7,  ,    ,47.9
25,08,02,1,札幌,3,06,１勝ｸﾗｽ・牝,23,ダ,1,1000,良,ミニョンマルーン  ,牝,3,小林美駒,51.0,7,02,2,2,0,0.2,1,58.7,"0587",0,0,0,1,1,35.6,472,伊藤圭三,美,320,22103151,01206,01023,0125130602,大樹ファーム,ビクトリーホースラ,ミスターメロディ,タイキマロン,ファスリエフ,鹿毛,220325,    1.7,  ,    ,47.3
25,08,02,1,札幌,3,06,１勝ｸﾗｽ・牝,23,ダ,1,1000,良,サウンドモリアーナ,牝,3,武豊,54.0,7,03,1,1,0,-0.2,2,58.5,"0585",0,0,0,3,3,34.7,440,武英智,栗,800,22102057,00666,01161,0125130603,増田雄一,本間牧場,ミッキーアイル,サウンドリアーナ,ケイムホーム,栗毛,220412,    2.5,  ,    ,52.9
25,08,02,1,札幌,3,06,１勝ｸﾗｽ・牝,23,ダ,1,1000,良,シエラメンテ      ,牝,6,古川奈穂,53.0,7,04,6,6,0,1.6,6,60.1,"1001",0,0,0,5,5,35.9,490,堀内岳志,美,0,19101462,01190,01189,0125130604,木部厳生,木部ファーム,ドゥラメンテ,スカーゲン,"Dashing Blade",鹿毛,190305,   45.7,  ,    ,51.1
25,08,02,1,札幌,3,06,１勝ｸﾗｽ・牝,23,ダ,1,1000,良,ジーティースピカ  ,牝,4,柴田裕一,53.0,7,05,7,7,0,1.7,7,60.2,"1002",0,0,0,6,6,35.4,468,加藤和宏,美,0,21104589,01212,01077,0125130605,田畑利彦,矢野牧場,シャンハイボビー,ロイヤルメジャー,ダイワメジャー,鹿毛,210224,   72.9,  ,    ,55.1
25,08,02,1,札幌,3,06,１勝ｸﾗｽ・牝,23,ダ,1,1000,良,ミルフルール      ,牝,4,斎藤新,56.0,7,06,3,3,0,0.9,3,59.4,"0594",0,0,0,3,4,35.5,482,伊坂重信,美,200,21100614,01178,01177,0125130606,保坂和孝,大島牧場,ホッコータルマエ,デイジーギャル,ブラックタイド,黒鹿,210307,    7.0,  ,    ,51.0
25,08,02,1,札幌,3,06,１勝ｸﾗｽ・牝,23,ダ,1,1000,良,サンピアノソナタ  ,牝,4,和田陽希,53.0,7,07,5,5,0,1.5,5,60,"1000",0,0,0,7,7,35.1,454,小野次郎,美,80,21100074,01223,01125,0125130607,加藤ステーブル,片山牧場,ニューイヤーズデイ,ピアノボレロ,ダンスインザダーク,鹿毛,210227,   37.6,  ,    ,56.4
25,08,02,1,札幌,3,07,１勝ｸﾗｽ,23,芝,0,1800,良,シアブリス        ,牝,4,丹内祐次,56.0,10,01,6,6,0,1.6,6,108.2,"1482",0,3,3,3,4,36.2,446,黒岩陽一,美,0,21105742,01091,01133,0125130701,シルクレーシング,ノーザンファーム,エピファネイア,ブリスフルデイズ,キングカメハメハ,黒鹿,210331,   11.0,  ,    ,49.4
25,08,02,1,札幌,3,07,１勝ｸﾗｽ,23,芝,0,1800,良,コンフォルツァ    ,牡,3,横山典弘,55.0,10,02,7,7,0,1.6,2,108.2,"1482",0,7,7,8,8,34.9,494,松永幹夫,栗,0,22105421,00660,01092,0125130702,ライオンレースホー,社台ファーム,ドゥラメンテ,デルマキセキ,"Scat Daddy",栗毛,220225,    4.9,  ,    ,55.0
25,08,02,1,札幌,3,07,１勝ｸﾗｽ,23,芝,0,1800,良,ツーエムクロノス  ,牡,3,松本大輝,54.0,10,03,4,4,0,0.7,7,107.3,"1473",0,1,1,1,1,35.6,506,本田優,栗,120,22103651,01191,01099,0125130703,村上憲政,小倉光博,ノーブルミッション,スペランツァーレ,Singspiel,栗毛,220325,   36.1,  ,    ,50.7
25,08,02,1,札幌,3,07,１勝ｸﾗｽ,23,芝,0,1800,良,スピンザブラッド  ,牡,4,横山武史,58.0,10,04,9,9,0,1.7,5,108.3,"1483",0,9,9,10,10,34.5,436,萩原清,美,0,21105244,01170,01017,0125130704,NICKS,社台ファーム,ブリックスアンドモルタル,マンハッタンセレブ,サンデーサイレンス,青鹿,210225,    8.7,  ,    ,57.0
25,08,02,1,札幌,3,07,１勝ｸﾗｽ,23,芝,0,1800,良,モアリジット      ,牡,4,森田誠也,55.0,10,05,5,5,0,0.8,8,107.4,"1474",0,3,3,3,4,35.4,492,西村真幸,栗,80,21104832,01222,01148,0125130705,社台レースホース,社台コーポレーショ,ロードカナロア,インフレキシビリティ,"Scat Daddy",黒鹿,210123,   77.6,  ,    ,51.7
25,08,02,1,札幌,3,07,１勝ｸﾗｽ,23,芝,0,1800,良,ハニードレス      ,牝,3,佐々木大,53.0,10,06,3,3,0,0.3,4,106.9,"1469",0,2,2,2,2,35.1,438,牧光二,美,200,22105394,01197,01106,0125130706,吉田千津,社台ファーム,ブリックスアンドモルタル,ターフドンナ,Doyen,黒鹿,220406,    8.4,  ,    ,52.3
25,08,02,1,札幌,3,07,１勝ｸﾗｽ,23,芝,0,1800,良,ハートメテオ      ,牝,3,鮫島克駿,53.0,10,07,1,1,0,-0.1,1,106.6,"1466",0,3,3,3,3,34.6,444,笹田和秀,栗,800,22105549,01157,01104,0125130707,吉田照哉,社台ファーム,ロードカナロア,ラブリーマリア,Majesticperfection,鹿毛,220416,    1.8,  ,    ,54.0
25,08,02,1,札幌,3,07,１勝ｸﾗｽ,23,芝,0,1800,良,ブラックバラード  ,セ,4,菱田裕二,58.0,10,08,8,8,0,1.6,10,108.2,"1482",0,7,7,7,7,35.7,442,嘉藤貴行,美,0,21103267,01144,01195,0125130708,嶋田一成,三嶋牧場,ダノンバラード,メイショウグレア,ジャングルポケット,鹿毛,210202,  145.9,  ,    ,51.5
25,08,02,1,札幌,3,07,１勝ｸﾗｽ,23,芝,0,1800,良,スペシャルバニー  ,牝,3,斎藤新,53.0,10,09,10,10,0,2.1,9,108.7,"1487",0,9,9,8,9,35.3,400,田村康仁,美,0,22101618,01178,01027,0125130709,"Him Rock Racingホ",タバタファーム,バゴ,リーサルウェポン,ディープインパクト,鹿毛,220330,  105.2,  ,    ,54.0
25,08,02,1,札幌,3,07,１勝ｸﾗｽ,23,芝,0,1800,良,シンゼンカガ      ,牡,3,武豊,55.0,10,10,2,2,0,0.1,3,106.7,"1467",0,6,6,6,6,34.5,442,荒川義之,栗,320,22105345,00666,01095,0125130710,原司郎,社台ファーム,トーセンラー,シアン,"Smart Strike",鹿毛,220402,    8.0,  ,    ,54.6
25,08,02,1,札幌,3,08,１勝ｸﾗｽ,23,ダ,1,1700,良,グレイスフルマーチ,牡,3,丹内祐次,55.0,11,01,10,10,0,1.9,3,107.3,"1473",0,3,3,4,5,39.7,444,中村直也,栗,0,22101044,01091,01186,0125130801,ノルマンディーサラ,厚賀古川牧場,ヘニーヒューズ,メイグレイス,ネオユニヴァース,栗毛,220324,    8.0,  ,    ,42.9
25,08,02,1,札幌,3,08,１勝ｸﾗｽ,23,ダ,1,1700,良,ピリカサンライズ  ,牝,3,小林美駒,50.0,11,02,11,11,0,2.2,9,107.6,"1476",0,10,9,5,5,39.8,436,牧浦充徳,栗,0,22105458,01206,01113,0125130802,松岡隆雄,社台ファーム,サトノクラウン,ピリカ,Monsun,鹿毛,220321,   37.7,  ,    ,42.9
25,08,02,1,札幌,3,08,１勝ｸﾗｽ,23,ダ,1,1700,良,タマモジャスミン  ,牝,3,森田誠也,50.0,11,03,2,2,0,0.6,2,106,"1460",0,1,1,1,2,38.7,506,大橋勇樹,栗,320,22103619,01222,01065,0125130803,タマモ,岡田牧場,タワーオブロンドン,タマモエルドラド,ゴールドアリュール,鹿毛,220416,    5.7,  ,    ,44.9
25,08,02,1,札幌,3,08,１勝ｸﾗｽ,23,ダ,1,1700,良,スノーホルンロード,セ,6,舟山瑠泉,55.0,11,04,9,9,0,1.9,6,107.3,"1473",0,5,5,6,9,39.4,512,清水英克,美,0,19106520,01221,01080,0125130804,嶋田賢,服部牧場,ロードカナロア,ホワイトエレガンス,クロフネ,芦毛,190529,   22.3,  ,    ,44.0
25,08,02,1,札幌,3,08,１勝ｸﾗｽ,23,ダ,1,1700,良,スパークインザアイ,セ,8,横山琉人,58.0,11,05,7,7,0,1.7,11,107.1,"1471",0,9,9,10,8,39,484,小島茂之,美,0,17105392,01192,01068,0125130805,西見徹也,ノーザンファーム,ルーラーシップ,スパークオンアイス,シンボリクリスエス,鹿毛,170509,   90.9,  ,    ,45.2
25,08,02,1,札幌,3,08,１勝ｸﾗｽ,23,ダ,1,1700,良,シーリュウシー    ,牡,4,鮫島克駿,58.0,11,06,5,5,0,1.2,7,106.6,"1466",0,11,11,11,11,37.8,500,岡田稲男,栗,80,21106180,01157,01066,0125130806,一村哲也,小泉牧場,ホッコータルマエ,ムニン,Bernardini,黒鹿,210322,   22.3,  ,    ,49.3
25,08,02,1,札幌,3,08,１勝ｸﾗｽ,23,ダ,1,1700,良,ニシノブレイゼスト,牡,3,池添謙一,55.0,11,07,4,4,0,1,5,106.4,"1464",0,8,8,8,5,38.4,496,高木登,美,120,22107011,01032,01088,0125130807,西山茂行,村上欽哉,シルバーステート,ニシノステディー,グランデラ,黒鹿,220331,   17.5,  ,    ,46.6
25,08,02,1,札幌,3,08,１勝ｸﾗｽ,23,ダ,1,1700,良,リアライズカミオン,牡,3,キング,55.0,11,08,1,1,0,-0.6,1,105.4,"1454",0,3,3,2,1,37.9,510,堀宣行,美,800,22105702,05643,01070,0125130808,今福洋介,追分ファーム,"American Pharoah",スパイスドパーフェクション,"Smiling Tiger",鹿毛,220211,    1.6,  ,    ,47.1
25,08,02,1,札幌,3,08,１勝ｸﾗｽ,23,ダ,1,1700,良,ファイヤーウィップ,牡,4,松本大輝,57.0,11,09,8,8,0,1.7,8,107.1,"1471",0,7,7,8,9,39.1,504,吉田直弘,栗,0,21106003,01191,01101,0125130809,ウエスト.フォレス,アサヒ牧場,モーニン,クニコチャン,ゴールドアリュール,栗毛,210326,   23.0,  ,    ,44.9
25,08,02,1,札幌,3,08,１勝ｸﾗｽ,23,ダ,1,1700,良,ララエキリーブル  ,牡,3,古川吉洋,55.0,11,10,3,3,0,0.7,4,106.1,"1461",0,6,5,6,4,38.2,444,坂口智康,栗,200,22106259,01015,01170,0125130810,フジイ興産,佐藤牧場,マインドユアビスケッツ,エイシンピカデリー,"Hard Spun",栗毛,220401,   11.1,  ,    ,47.0
25,08,02,1,札幌,3,08,１勝ｸﾗｽ,23,ダ,1,1700,良,ハイケンス        ,牡,4,佐々木大,58.0,11,11,6,6,0,1.5,10,106.9,"1469",0,2,2,2,3,39.5,464,今野貞一,栗,0,21102813,01197,01128,0125130811,KAJIMOTOホールディ,松栄牧場,アジアエクスプレス,パリーナチャン,メイショウオウドウ,鹿毛,210515,   50.1,  ,    ,43.1
25,08,02,1,札幌,3,09,１勝ｸﾗｽ,23,芝,0,1200,良,テリオスルル      ,牝,4,古川吉洋,56.0,10,01,6,6,0,1.3,6,69.2,"1092",0,0,0,10,10,34.9,472,田島俊明,美,0,21105491,01015,01112,0125130901,鈴木美江子,ノーザンファーム,アルアイン,ギエム,"Medaglia d'Oro",鹿毛,210409,   10.2,  ,    ,48.3
25,08,02,1,札幌,3,09,１勝ｸﾗｽ,23,芝,0,1200,良,クインズスピカ    ,牝,4,舟山瑠泉,53.0,10,02,3,3,0,0.9,3,68.8,"1088",0,0,0,3,3,35.2,470,村田一誠,美,200,21106559,01221,01190,0125130902,亀田和弘,新冠橋本牧場,ルーラーシップ,アースザスリー,シンボリクリスエス,鹿毛,210408,    4.9,  ,    ,45.5
25,08,02,1,札幌,3,09,１勝ｸﾗｽ,23,芝,0,1200,良,マジカルシャイン  ,牝,3,武豊,54.0,10,03,4,4,0,0.9,2,68.8,"1088",0,0,0,6,5,35.1,486,武英智,栗,120,22110012,00666,01161,0125130903,インゼルレーシング,"Manitou Farm LLC","Catholic Boy","Magic Humor","Distorted Humor",黒鹿,220208,    4.6,  ,    ,46.0
25,08,02,1,札幌,3,09,１勝ｸﾗｽ,23,芝,0,1200,良,テイクイットオール,牡,3,柴田裕一,53.0,10,04,5,5,0,1.2,8,69.1,"1091",0,0,0,8,8,35.1,448,中竹和也,栗,80,22106647,01212,01039,0125130904,前田幸治,ノースヒルズ,キズナ,トップソリスト,"War Front",黒鹿,220501,   31.8,  ,    ,46.9
25,08,02,1,札幌,3,09,１勝ｸﾗｽ,23,芝,0,1200,良,アルマロクザン    ,牝,5,松岡正海,56.0,10,05,8,8,0,1.5,10,69.4,"1094",0,0,0,8,8,35.4,476,伊藤伸一,美,0,20100759,01085,01031,0125130905,コウトミックレーシ,小島牧場,ドレフォン,アルマディヴァン,メジロベイリー,鹿毛,200412,  131.7,  ,    ,46.0
25,08,02,1,札幌,3,09,１勝ｸﾗｽ,23,芝,0,1200,良,パッシングシャワー,牡,4,小林美駒,55.0,10,06,2,2,0,0.7,5,68.6,"1086",0,0,0,3,3,35,510,安田翔伍,栗,320,21110033,01206,01164,0125130906,ゴドルフィン,Godolphin,Iffraaj,Rainswept,Frankel,栗毛,210318,    9.4,  ,    ,46.0
25,08,02,1,札幌,3,09,１勝ｸﾗｽ,23,芝,0,1200,良,ドランクマン      ,牡,4,キング,58.0,10,07,10,10,0,2,7,69.9,"1099",0,0,0,3,5,36.3,464,新谷功一,栗,0,21102164,05643,01172,0125130907,須藤英之,森永牧場,シルバーステート,グロリエッテ,アドマイヤムーン,鹿毛,210515,   22.5,  ,    ,42.6
25,08,02,1,札幌,3,09,１勝ｸﾗｽ,23,芝,0,1200,良,スピニングマーリン,牝,5,丹内祐次,56.0,10,08,7,7,0,1.4,9,69.3,"1093",0,0,0,6,7,35.6,496,西田雄一,美,0,20104415,01091,01187,0125130908,コージーレーシング,谷岡スタット,サクラオリオン,サクラエボル,サクラバクシンオー,黒鹿,200327,   92.1,  ,    ,44.7
25,08,02,1,札幌,3,09,１勝ｸﾗｽ,23,芝,0,1200,良,ルシード          ,牡,3,浜中俊,56.0,10,09,1,1,0,-0.7,4,67.9,"1079",0,0,0,2,2,34.6,508,田島俊明,美,800,22103592,01115,01112,0125130909,Gリビエール・レー,岡田スタツド,スクリーンヒーロー,ローゼンタール,ロージズインメイ,栗毛,220212,    6.7,  ,    ,46.2
25,08,02,1,札幌,3,09,１勝ｸﾗｽ,23,芝,0,1200,良,ジャスパーディビネ,牡,3,和田陽希,53.0,10,10,9,9,0,1.6,1,69.5,"1095",0,0,0,1,1,36.2,518,森秀行,栗,0,22110112,01223,00427,0125130910,加藤和夫,"Denny Andrews",Frosted,"Rocket Reload",Reload,鹿毛,220314,    2.5,  ,    ,42.0
25,08,02,1,札幌,3,10,釧路湿原･2勝,43,芝,0,1800,良,ウインルピナス    ,牝,5,松岡正海,56.0,14,01,10,10,0,1.3,12,108.4,"1484",0,4,4,5,8,36.3,440,鈴木伸尋,美,0,20105183,01085,01026,0125131001,ウイン,コスモヴューファー,ゴールドシップ,イクスキューズ,ボストンハーバー,栗毛,200603,   53.0,  ,    ,49.3
25,08,02,1,札幌,3,10,釧路湿原･2勝,43,芝,0,1800,良,サクソンジェンヌ  ,牝,4,菱田裕二,56.0,14,02,7,7,0,0.8,5,107.9,"1479",0,8,9,9,10,35.5,460,高橋義忠,栗,0,21106993,01144,01129,0125131002,福盛訓之,村上欽哉,"Saxon Warrior",ナイトドライヴ,"Dark Angel",鹿毛,210302,   13.2,  ,    ,52.0
25,08,02,1,札幌,3,10,釧路湿原･2勝,43,芝,0,1800,良,レッセパッセ      ,牝,4,斎藤新,56.0,14,03,13,13,0,1.4,11,108.5,"1485",0,12,11,9,12,36.1,394,西園翔太,栗,0,21106826,01178,01196,0125131003,ビッグレッドファー,ビッグレッドファー,ダノンバラード,マイネリベルタス,コンデュイット,黒鹿,210412,   46.8,  ,    ,50.3
25,08,02,1,札幌,3,10,釧路湿原･2勝,43,芝,0,1800,良,ウォータークラーク,牡,3,武豊,55.0,14,04,6,6,0,0.6,3,107.7,"1477",0,2,2,3,2,35.9,468,石橋守,栗,0,22103345,00666,01140,0125131004,山岡正人,本巣敦,ウォータービルド,クリアーパッション,キングヘイロー,鹿毛,220224,    6.6,  ,    ,50.0
25,08,02,1,札幌,3,10,釧路湿原･2勝,43,芝,0,1800,良,ルクスジニア      ,牝,3,池添謙一,53.0,14,05,3,3,0,0,1,107.1,"1471",0,1,1,1,1,35.5,446,平田修,栗,390,22104784,01032,01082,0125131005,ルクス,ノーザンファーム,キズナ,サトノアリシア,ハービンジャー,鹿毛,220415,    2.4,  ,    ,50.8
25,08,02,1,札幌,3,10,釧路湿原･2勝,43,芝,0,1800,良,マイネルバーテクス,牡,4,佐々木大,58.0,14,06,9,9,0,1.1,10,108.2,"1482",0,4,4,5,6,36.1,512,水野貴広,美,0,21106827,01197,01094,0125131006,サラブレッドクラブ,ビッグレッドファー,エピファネイア,マイネレーツェル,ステイゴールド,黒鹿,210428,   42.8,  ,    ,49.9
25,08,02,1,札幌,3,10,釧路湿原･2勝,43,芝,0,1800,良,アラタマフェーヴル,牡,4,鮫島克駿,58.0,14,07,8,8,0,0.9,9,108,"1480",0,12,11,9,12,35.6,494,浜田多実,栗,0,21102115,01157,01138,0125131007,荒木謙次,槇本牧場,オルフェーヴル,アラタマクリスエス,シンボリクリスエス,栗毛,210418,   25.6,  ,    ,51.7
25,08,02,1,札幌,3,10,釧路湿原･2勝,43,芝,0,1800,良,ピンクジン        ,牝,5,黛弘人,56.0,14,08,4,4,0,0.4,8,107.5,"1475",0,7,7,5,2,35.5,438,南田美知,美,230,20106966,01109,00437,0125131008,ミルファーム,ミルファーム,ダノンバラード,オーミチェリッシュ,キャプテンスティーヴ,鹿毛,200421,   22.7,  ,    ,51.4
25,08,02,1,札幌,3,10,釧路湿原･2勝,43,芝,0,1800,良,ジェットマグナム  ,牡,3,丹内祐次,55.0,14,09,5,5,0,0.5,4,107.6,"1476",0,10,10,14,12,35,496,安達昭夫,栗,155,22100084,01091,01042,0125131009,"Him Rock Racingホ",カケハムポニークラ,ヘンリーバローズ,ビビットオレンジ,ルーラーシップ,黒鹿,220305,   11.9,  ,    ,53.7
25,08,02,1,札幌,3,10,釧路湿原･2勝,43,芝,0,1800,良,シャイニースイフト,牡,5,舟山瑠泉,58.0,14,10,14,14,0,2,13,109.1,"1491",0,3,2,3,2,37.2,432,菊川正達,美,0,20101184,01221,01052,0125131010,小林昌志,雅牧場,ダノンバラード,ブライティアスター,ダイタクリーヴァ,鹿毛,200402,   73.5,  ,    ,46.6
25,08,02,1,札幌,3,10,釧路湿原･2勝,43,芝,0,1800,良,マルカオペラ      ,牝,4,浜中俊,56.0,14,11,12,12,0,1.4,7,108.5,"1485",0,8,7,2,5,36.8,474,浜田多実,栗,0,21104978,01115,01138,0125131011,日下部猛,社台ファーム,ハービンジャー,エトワールドパリ,クロフネ,栗毛,210201,   20.7,  ,    ,47.4
25,08,02,1,札幌,3,10,釧路湿原･2勝,43,芝,0,1800,良,ビジューブリランテ,セ,7,古川吉洋,58.0,14,12,11,11,0,1.3,14,108.4,"1484",0,4,4,5,10,36.3,494,浅利英明,美,0,18105199,01015,01204,0125131012,シルクレーシング,ノーザンファーム,ディープブリランテ,ビジュートウショウ,ディープスカイ,栗毛,180227,  115.6,  ,    ,49.3
25,08,02,1,札幌,3,10,釧路湿原･2勝,43,芝,0,1800,良,リラボニート      ,牝,4,藤岡佑介,56.0,14,13,1,1,0,0,2,107.1,"1471",0,10,11,9,6,34.8,466,須貝尚介,栗,1550,21103519,01093,01105,0125131013,Gリビエール・レー,岡田スタツド,スクリーンヒーロー,ネイティヴコード,アグネスデジタル,黒鹿,210329,    4.0,  ,    ,53.9
25,08,02,1,札幌,3,10,釧路湿原･2勝,43,芝,0,1800,良,ロードマンハイム  ,牡,5,キング,58.0,14,14,2,2,0,0,6,107.1,"1471",0,12,14,13,8,34.6,516,友道康夫,栗,620,20100177,05643,01061,0125131014,ロードホースクラブ,ケイアイファーム,ロードカナロア,ワイルドココ,Shirocco,鹿毛,200207,   14.9,  ,    ,54.8
25,08,02,1,札幌,3,11,ＳＴＶＨ･3勝,67,芝,0,2000,良,サトノクローク    ,牡,5,菱田裕二,56.0,16,01,12,12,0,0.6,9,120.8,"2008",0,8,7,7,8,35.3,478,橋口慎介,栗,0,20106667,01144,01154,0125131101,里見治,辻牧場,サトノクラウン,トーコーユズキ,ディープインパクト,黒鹿,200421,   21.7,  ,    ,53.8
25,08,02,1,札幌,3,11,ＳＴＶＨ･3勝,67,芝,0,2000,良,エラトー          ,牝,4,キング,55.0,16,02,8,8,0,0.3,2,120.5,"2005",0,3,3,4,3,35.2,502,上村洋行,栗,0,21105442,05643,01168,0125131102,サンデーレーシング,ノーザンファーム,"Saxon Warrior",エライヤ,Siyouni,鹿毛,210125,    5.6,  ,    ,53.9
25,08,02,1,札幌,3,11,ＳＴＶＨ･3勝,67,芝,0,2000,良,ガジュノリ        ,牝,4,丹内祐次,55.0,16,03,10,10,0,0.4,3,120.6,"2006",0,8,7,7,8,35.1,480,尾形和幸,美,0,21101724,01091,01141,0125131103,中谷典生,チャンピオンズファ,サトノダイヤモンド,ガジュマル,ヴィクトワールピサ,鹿毛,210307,    9.7,  ,    ,54.4
25,08,02,1,札幌,3,11,ＳＴＶＨ･3勝,67,芝,0,2000,良,ハニーコム        ,牝,4,松岡正海,53.0,16,04,2,2,0,0.1,4,120.3,"2003",0,5,3,4,5,35,434,蛯名正義,美,740,21100789,01085,01191,0125131104,ビッグレッドファー,鮫川啓一,シルバーステート,マルハチメイフェア,ホワイトマズル,黒鹿,210501,    9.7,  ,    ,54.4
25,08,02,1,札幌,3,11,ＳＴＶＨ･3勝,67,芝,0,2000,良,ソリダリティ      ,牡,6,斎藤新,56.0,16,05,7,7,0,0.3,8,120.5,"2005",0,11,11,10,12,34.8,514,西園翔太,栗,0,19105462,01178,01196,0125131105,シルクレーシング,ノーザンファーム,ハーツクライ,ミュージカルロマンス,"Concorde's Tune",栗毛,190223,   12.1,  ,    ,55.5
25,08,02,1,札幌,3,11,ＳＴＶＨ･3勝,67,芝,0,2000,良,ショーモン        ,セ,5,荻野琢真,53.0,16,06,16,16,0,2.7,15,122.9,"2029",0,15,15,15,16,36.8,496,東田明士,栗,0,20103279,01112,01209,0125131106,林瑛子,ノーザンファーム,マインドユアビスケッツ,エポキシ,ディープインパクト,鹿毛,200227,  170.6,  ,    ,50.3
25,08,02,1,札幌,3,11,ＳＴＶＨ･3勝,67,芝,0,2000,良,テリオスララ      ,牝,3,鮫島克駿,53.0,16,07,13,13,0,0.9,1,121.1,"2011",0,5,7,7,8,35.7,496,田島俊明,美,0,22104812,01157,01112,0125131107,鈴木美江子,ノーザンファーム,シスキン,シャンドランジュ,マンハッタンカフェ,黒鹿,220308,    3.1,  ,    ,52.5
25,08,02,1,札幌,3,11,ＳＴＶＨ･3勝,67,芝,0,2000,良,ナムラフッカー    ,牡,4,武豊,56.0,16,08,5,5,0,0.3,7,120.5,"2005",0,14,14,14,8,34.5,470,長谷川浩,栗,184,21102510,00666,01173,0125131108,奈村睦弘,猿倉牧場,スワーヴリチャード,ナムラライラ,ルーラーシップ,栗毛,210420,   10.8,  ,    ,56.8
25,08,02,1,札幌,3,11,ＳＴＶＨ･3勝,67,芝,0,2000,良,アスクオンディープ,セ,6,古川奈穂,54.0,16,09,15,15,0,1.2,16,121.4,"2014",0,8,10,10,12,35.8,496,前川恭子,栗,0,19101612,01190,01210,0125131109,廣崎利洋HD,下河辺牧場,ディープインパクト,カラズマッチポイント,Curlin,黒鹿,190423,  198.2,  ,    ,52.5
25,08,02,1,札幌,3,11,ＳＴＶＨ･3勝,67,芝,0,2000,良,ラーンザロープス  ,牝,4,浜中俊,54.0,16,10,4,4,0,0.2,6,120.4,"2004",0,13,12,13,14,34.6,446,武幸四郎,栗,280,21105011,01115,01160,0125131110,吉田照哉,社台ファーム,キズナ,キャンディネバダ,"Pure Prize",黒鹿,210327,   10.7,  ,    ,56.3
25,08,02,1,札幌,3,11,ＳＴＶＨ･3勝,67,芝,0,2000,良,アマイ            ,牝,5,丸田恭介,55.0,16,11,6,6,0,0.3,11,120.5,"2005",0,1,1,1,1,35.5,464,伊藤大士,美,0,20100809,01117,01109,0125131111,ミルファーム,猿橋義昭,ダノンバラード,イオ,タイキシャトル,青鹿,200229,   40.5,  ,    ,52.6
25,08,02,1,札幌,3,11,ＳＴＶＨ･3勝,67,芝,0,2000,良,テーオーダグラス  ,牡,4,佐々木大,57.0,16,12,3,3,0,0.1,5,120.3,"2003",0,11,12,10,5,34.6,486,須貝尚介,栗,460,21102246,01197,01105,0125131112,小笹公也,ヤナガワ牧場,リアルスティール,ラブミーリル,ハービンジャー,鹿毛,210417,   10.3,  ,    ,56.2
25,08,02,1,札幌,3,11,ＳＴＶＨ･3勝,67,芝,0,2000,良,エープラス        ,牝,7,横山武史,54.0,16,13,1,1,0,-0.1,12,120.2,"2002",0,5,6,4,3,34.9,492,池上昌和,美,1840,18106314,01170,01150,0125131113,辻牧場,辻牧場,キズナ,アドマイヤスペース,アドマイヤコジーン,青鹿,180410,   41.6,  ,    ,54.7
25,08,02,1,札幌,3,11,ＳＴＶＨ･3勝,67,芝,0,2000,良,フェステスバント  ,牝,5,古川吉洋,54.0,16,14,11,11,0,0.6,10,120.8,"2008",0,2,2,2,2,35.7,442,藤岡健一,栗,0,20103009,01015,01062,0125131114,吉田照哉,社台ファーム,キズナ,フィオドラ,"Lord of England",鹿毛,200211,   28.5,  ,    ,52.2
25,08,02,1,札幌,3,11,ＳＴＶＨ･3勝,67,芝,0,2000,良,クレバーテースト  ,セ,6,吉田隼人,55.0,16,15,14,14,0,1.2,14,121.4,"2014",0,3,3,3,5,36.2,452,佐藤悠太,栗,0,19107025,01095,01205,0125131115,シルクレーシング,アイオイファーム,オルフェーヴル,クレバースプリント,サクラバクシンオー,栗毛,190316,   55.0,  ,    ,50.9
25,08,02,1,札幌,3,11,ＳＴＶＨ･3勝,67,芝,0,2000,良,フェミナフォルテ  ,牝,5,横山琉人,52.0,16,16,8,8,0,0.3,13,120.5,"2005",0,16,15,16,14,34.3,426,小島茂之,美,0,20103920,01192,01068,0125131116,ノルマンディーサラ,岡田スタツド,エピファネイア,ナンヨーユナ,ジャングルポケット,芦毛,200306,   43.8,  ,    ,57.7
25,08,02,1,札幌,3,12,大倉山特･2勝,43,ダ,1,1700,良,ベルギューン      ,牝,3,キング,53.0,14,01,3,3,0,1.2,2,105.8,"1458",0,1,1,1,1,37.9,482,牧浦充徳,栗,390,22100098,05643,01113,0125131201,水上行雄,笠松牧場,ナダル,ベルクリア,ヴァーミリアン,芦毛,220325,    4.5,  ,    ,47.7
25,08,02,1,札幌,3,12,大倉山特･2勝,43,ダ,1,1700,良,グレイスオブゴッド,牝,5,古川吉洋,56.0,14,02,8,8,0,1.8,13,106.4,"1464",0,9,9,10,9,37.5,486,緒方努,栗,0,20103967,01015,01193,0125131202,キャピタルクラブ,岡田猛,ラニ,ネバーグレイス,スキャターザゴールド,芦毛,200302,  128.5,  ,    ,50.2
25,08,02,1,札幌,3,12,大倉山特･2勝,43,ダ,1,1700,良,アンブロジアーナ  ,牝,6,原田和真,56.0,14,03,13,13,0,3.3,14,107.9,"1479",0,5,5,8,13,39.2,424,上原博之,美,0,19100620,01143,00423,0125131203,ネコメンレーシング,ノースヒルズ,キズナ,ヴェルディアーナ,"Perfect Soul",黒鹿,190416,  271.7,  ,    ,45.6
25,08,02,1,札幌,3,12,大倉山特･2勝,43,ダ,1,1700,良,オールマキシマム  ,牝,5,小林脩斗,56.0,14,04,2,2,0,1.2,4,105.8,"1458",0,14,12,10,8,37,450,奥平雅士,美,620,20100387,01183,01074,0125131204,岩崎伸道,本桐牧場,ホッコータルマエ,フローラルウインド,アグネスタキオン,黒鹿,200222,    7.2,  ,    ,51.4
25,08,02,1,札幌,3,12,大倉山特･2勝,43,ダ,1,1700,良,メイショウリリー  ,牝,4,藤懸貴志,56.0,14,05,6,6,0,1.4,8,106,"1460",0,13,14,14,12,36.6,446,高橋義忠,栗,0,21103209,01138,01129,0125131205,松本好隆,まるとみ冨岡牧場,ゴールドシップ,メイショウタラチネ,メイショウボーラー,栗毛,210310,   23.9,  ,    ,53.4
25,08,02,1,札幌,3,12,大倉山特･2勝,43,ダ,1,1700,良,リアルクィーン    ,牝,3,佐々木大,53.0,14,06,10,10,0,2,7,106.6,"1466",0,5,5,5,5,38.3,456,石坂公一,栗,0,22107288,01197,01166,0125131206,小谷野次郎,浜本牧場,リアルスティール,ジェイケイオジョウ,ハービンジャー,鹿毛,220402,   19.8,  ,    ,47.3
25,08,02,1,札幌,3,12,大倉山特･2勝,43,ダ,1,1700,良,カプラローラ      ,牝,6,藤岡佑介,56.0,14,07,7,7,0,1.4,6,106,"1460",0,12,12,13,9,36.9,484,菊沢隆徳,美,0,19104592,01093,01115,0125131207,村野康司,社台コーポレーショ,キタサンブラック,ファルネーゼ,フレンチデピュティ,鹿毛,190129,   10.9,  ,    ,52.1
25,08,02,1,札幌,3,12,大倉山特･2勝,43,ダ,1,1700,良,マフィン          ,牝,4,横山琉人,56.0,14,08,12,12,0,2.4,12,107,"1470",0,7,7,8,9,38.3,434,大和田成,美,0,21101219,01192,01124,0125131208,木部厳生,木部ファーム,ミッキーアイル,ティフィン,トワイニング,栗毛,210220,  124.8,  ,    ,47.8
25,08,02,1,札幌,3,12,大倉山特･2勝,43,ダ,1,1700,良,メイショウタムシバ,牝,4,池添謙一,56.0,14,09,11,11,0,2.1,5,106.7,"1467",0,3,3,3,4,38.5,422,飯田祐史,栗,0,21103268,01032,01139,0125131209,松本好隆,三嶋牧場,ダノンレジェンド,メイショウコブシ,スペシャルウィーク,黒鹿,210313,    9.2,  ,    ,46.6
25,08,02,1,札幌,3,12,大倉山特･2勝,43,ダ,1,1700,良,サツキノジョウ    ,牝,4,丹内祐次,56.0,14,10,4,4,0,1.3,10,105.9,"1459",0,9,9,6,5,37.4,446,武井亮,美,230,21105789,01091,01147,0125131210,TNレーシング,ノーザンファーム,レイデオロ,マルシアーノ,フジキセキ,青鹿,210302,   38.5,  ,    ,49.9
25,08,02,1,札幌,3,12,大倉山特･2勝,43,ダ,1,1700,良,スマートケープ    ,牝,5,菱田裕二,56.0,14,11,1,1,0,-1.2,3,104.6,"1446",0,2,2,2,2,36.6,512,辻野泰之,栗,1550,20102187,01144,01183,0125131211,大川徹,本間牧場,シニスターミニスター,スマートノエル,ヴァーミリアン,鹿毛,200407,    5.6,  ,    ,51.3
25,08,02,1,札幌,3,12,大倉山特･2勝,43,ダ,1,1700,良,ヤマニンバロネス  ,牝,3,武豊,53.0,14,12,5,5,0,1.3,1,105.9,"1459",0,7,7,6,5,37.5,472,千田輝彦,栗,155,22106609,00666,01120,0125131212,土井肇,錦岡牧場,シニスターミニスター,ヤマニンバステト,ディープインパクト,黒鹿,220518,    2.9,  ,    ,49.5
25,08,02,1,札幌,3,12,大倉山特･2勝,43,ダ,1,1700,良,ミレニアムヒロイン,牝,4,松本大輝,56.0,14,13,14,14,0,4,11,108.6,"1486",0,9,9,10,13,39.7,444,池上昌和,美,0,21103480,01191,01150,0125131213,岡田牧雄,岡田スタツド,スクリーンヒーロー,エクラミレネール,マツリダゴッホ,栗毛,210427,   76.6,  ,    ,44.7
25,08,02,1,札幌,3,12,大倉山特･2勝,43,ダ,1,1700,良,クォーツァイト    ,牝,4,斎藤新,56.0,14,14,9,9,0,2,9,106.6,"1466",0,3,3,3,3,38.5,466,斎藤誠,美,0,21104777,01178,01086,0125131214,G1レーシング,追分ファーム,ダイワメジャー,ハニージェイド,"Harlan's Holiday",青鹿,210211,   34.6,  ,    ,46.5
25,08,03,1,札幌,4,01,未勝利*,7,ダ,1,1000,良,ドナソレイ        ,牝,2,小林美駒,52.0,12,01,12,12,0,2.5,1,63,"1030",0,0,0,5,7,39.2,468,伊藤圭三,美,0,23100150,01206,01023,0125140101,小川眞査雄,下屋敷牧場,マテラスカイ,ポッドギル,フリオーソ,栗毛,230324,    3.0,  ,    ,41.1
25,08,03,1,札幌,4,01,未勝利*,7,ダ,1,1000,良,クラン            ,牝,2,横山典弘,55.0,12,02,6,6,0,0.8,5,61.3,"1013",0,0,0,8,10,36.9,448,昆貢,栗,0,23103065,00660,01044,0125140102,加藤天明,畠山牧場,ダノンプレミアム,ステップビヨンド,"American Pharoah",鹿毛,230130,    7.6,  ,    ,49.2
25,08,03,1,札幌,4,01,未勝利*,7,ダ,1,1000,良,ライフイズ        ,牝,2,和田陽希,52.0,12,03,7,7,0,0.8,10,61.3,"1013",0,0,0,5,5,37.6,418,鈴木慎太,美,0,23105448,01223,01179,0125140103,石川秀守,ヒダカフアーム,ガルボ,キンシャチゴールド,サウスヴィグラス,黒鹿,230411,   90.3,  ,    ,44.5
25,08,03,1,札幌,4,01,未勝利*,7,ダ,1,1000,良,スノーランス      ,牝,2,舟山瑠泉,52.0,12,04,4,4,0,0.5,4,61,"1010",0,0,0,5,5,37.2,448,上原佑紀,美,84,23103693,01221,01192,0125140104,堀江貞幸,追分ファーム,ニューイヤーズデイ,シャルロワ,ハーツクライ,鹿毛,230215,    7.4,  ,    ,46.0
25,08,03,1,札幌,4,01,未勝利*,7,ダ,1,1000,良,ニシノオールワン  ,牝,2,鮫島克駿,55.0,12,05,10,10,0,0.9,3,61.4,"1014",0,0,0,2,1,38.2,458,加藤征弘,美,0,23104689,01157,01059,0125140105,西山茂行,メイタイファーム,ミッキーアイル,グレイシャーパーク,"Dawn Approach",鹿毛,230218,    7.2,  ,    ,41.1
25,08,03,1,札幌,4,01,未勝利*,7,ダ,1,1000,良,ワイドアルバ      ,牡,2,丹内祐次,55.0,12,06,3,3,0,0.3,7,60.8,"1008",0,0,0,8,7,36.4,470,藤野健太,栗,140,23106359,01091,01200,0125140106,幅田京子,パカパカファーム,タワーオブロンドン,オールアイキャンセイイズワウ,"Street Cry",鹿毛,230417,   13.6,  ,    ,50.5
25,08,03,1,札幌,4,01,未勝利*,7,ダ,1,1000,良,ハチハチローズ    ,牝,2,橋木太希,52.0,12,07,9,9,0,0.9,11,61.4,"1014",0,0,0,8,9,37.1,360,松永康利,美,0,23103000,01215,01093,0125140107,水谷光太郎,友田牧場,ルヴァンスレーヴ,レッドモアナ,ジャスタウェイ,鹿毛,230312,  177.7,  ,    ,48.2
25,08,03,1,札幌,4,01,未勝利*,7,ダ,1,1000,良,アンティミスト    ,牡,2,横山武史,55.0,12,08,1,1,0,-0.2,2,60.5,"1005",0,0,0,1,2,37.3,516,鈴木伸尋,美,560,23110007,01170,01026,0125140108,社台レースホース,"Shadai Farm",Caravaggio,"Olympic Las Palmas","Agnes Gold",芦毛,230317,    3.9,  ,    ,43.3
25,08,03,1,札幌,4,01,未勝利*,7,ダ,1,1000,良,ヴィヒタ          ,牡,2,柴田裕一,52.0,12,09,11,11,0,1.1,12,61.6,"1016",0,0,0,12,12,36.8,430,松山将樹,美,0,23103671,01212,01100,0125140109,山口裕介,宇南山牧場,タワーオブロンドン,ファウンテンジョイ,スウェプトオーヴァーボード,鹿毛,230529,  278.4,  ,    ,51.1
25,08,03,1,札幌,4,01,未勝利*,7,ダ,1,1000,良,プレザントトーン  ,牝,2,森田誠也,52.0,12,10,8,8,0,0.8,9,61.3,"1013",0,0,0,11,11,36.6,438,武幸四郎,栗,0,23103809,01222,01160,0125140110,吉田晴哉,社台コーポレーショ,ルヴァンスレーヴ,フィーリングトーン,ワイルドラッシュ,黒鹿,230406,   37.3,  ,    ,51.2
25,08,03,1,札幌,4,01,未勝利*,7,ダ,1,1000,良,シュピラー        ,牡,2,菱田裕二,55.0,12,11,2,2,0,0.2,8,60.7,"1007",0,0,0,3,3,37.4,464,高木登,美,220,23106141,01144,01088,0125140111,古賀禎彦,ディアレストクラブ,サンダースノー,アロンザモナ,ストリートセンス,鹿毛,230131,   21.7,  ,    ,43.4
25,08,03,1,札幌,4,01,未勝利*,7,ダ,1,1000,良,オアシスアラン    ,牡,2,松本大輝,54.0,12,12,5,5,0,0.8,6,61.3,"1013",0,0,0,3,3,37.9,486,高柳大輔,栗,56,23102459,01191,01159,0125140112,村上稔,岡田牧場,レイデオロ,オアシスクイーン,シニスターミニスター,鹿毛,230429,    9.7,  ,    ,42.6
25,08,03,1,札幌,4,02,未勝利・牝,7,ダ,1,1700,良,シンシーネ        ,牝,3,舟山瑠泉,52.0,14,01,5,5,0,1.4,7,108,"1480",0,4,3,3,4,39.5,464,高橋義忠,栗,56,22105305,01221,01129,0125140201,ニットー商事,社台ファーム,ドレフォン,クロースフレンド,サウスヴィグラス,栗毛,220331,   20.5,  ,    ,44.6
25,08,03,1,札幌,4,02,未勝利・牝,7,ダ,1,1700,良,ハッピールンナ    ,牝,3,古川吉洋,55.0,14,02,3,3,0,1.1,4,107.7,"1477",0,11,13,13,8,38.5,492,大根田裕,栗,140,22101217,01015,01032,0125140202,小坂功,カロッテファーム,ホークビル,イサチルルンナ,キングカメハメハ,芦毛,220228,   10.8,  ,    ,48.0
25,08,03,1,札幌,4,02,未勝利・牝,7,ダ,1,1700,良,カスバートテソーロ,牝,3,吉田隼人,55.0,14,03,2,2,0,0.4,6,107,"1470",0,11,10,3,2,38.4,446,畠山吉宏,美,220,22102263,01095,01048,0125140203,了徳寺健二ホールデ,リョーケンファーム,ゴールドアクター,パテオドバテール,Shirocco,黒鹿,220204,   13.1,  ,    ,47.4
25,08,03,1,札幌,4,02,未勝利・牝,7,ダ,1,1700,良,ハプスブルグ      ,牝,3,古川奈穂,52.0,14,04,9,9,0,2.6,12,109.2,"1492",0,8,8,10,13,40.1,482,河嶋宏樹,栗,0,22105826,01190,01198,0125140204,諸江幸祐,社台コーポレーショ,ハービンジャー,パセンジャーシップ,ダイワメジャー,鹿毛,220130,  216.6,  ,    ,44.0
25,08,03,1,札幌,4,02,未勝利・牝,7,ダ,1,1700,良,エニグマティーク  ,牝,3,和田陽希,52.0,14,05,13,13,0,4.8,13,111.4,"1514",0,2,3,3,12,42.8,464,小崎憲,栗,0,22104676,01223,01085,0125140205,吉田勝己,ノーザンファーム,モーリス,ヴェルスパー,ロードカナロア,鹿毛,220210,  221.0,  ,    ,37.4
25,08,03,1,札幌,4,02,未勝利・牝,7,ダ,1,1700,良,スワローサプライズ,牝,3,森田誠也,52.0,14,06,10,10,0,2.7,14,109.3,"1493",0,9,10,14,14,39.5,458,杉山晴紀,栗,0,22100094,01222,01157,0125140206,高田博,笠松牧場,エピファネイア,ナニアヒアヒ,キングカメハメハ,栗毛,220402,  273.7,  ,    ,46.4
25,08,03,1,札幌,4,02,未勝利・牝,7,ダ,1,1700,良,ブルームワルツ    ,牝,3,小林美駒,52.0,14,07,14,14,0,5,9,111.6,"1516",0,6,7,8,10,42.7,426,稲垣幸雄,美,0,22100178,01206,01167,0125140207,河野洋平,高昭牧場,サトノダイヤモンド,ジューンワルツ,ハービンジャー,鹿毛,220320,   41.4,  ,    ,38.0
25,08,03,1,札幌,4,02,未勝利・牝,7,ダ,1,1700,良,ハイゼンスレイ    ,牝,3,丹内祐次,55.0,14,08,6,6,0,1.5,1,108.1,"1481",0,14,13,6,7,39.3,470,畑端省吾,栗,0,22102631,01091,01188,0125140208,中村祐子,絵笛牧場,ディスクリートキャット,シルクドレス,ディープスカイ,栗毛,220411,    1.9,  ,    ,45.5
25,08,03,1,札幌,4,02,未勝利・牝,7,ダ,1,1700,良,ホウオウハナビ    ,牝,3,池添謙一,55.0,14,09,8,8,0,2.3,8,108.9,"1489",0,9,8,8,5,40,492,奥村武,美,0,22103575,01032,01145,0125140209,小笹芳央,岡田スタツド,エピファネイア,ライジングリーズン,ブラックタイド,青鹿,220210,   39.5,  ,    ,44.0
25,08,03,1,札幌,4,02,未勝利・牝,7,ダ,1,1700,良,ヤマニンパルフェ  ,牝,3,横山武史,55.0,14,10,12,12,0,3,2,109.6,"1496",0,11,10,10,8,40.5,500,辻哲英,美,0,22106608,01170,01182,0125140210,土井肇,錦岡牧場,シャンハイボビー,ヤマニンヌヌース,ディープインパクト,青鹿,220311,    4.5,  ,    ,43.1
25,08,03,1,札幌,4,02,未勝利・牝,7,ダ,1,1700,良,メイショウナナコ  ,牝,3,武豊,55.0,14,11,4,4,0,1.4,5,108,"1480",0,4,5,6,5,39.3,460,荒川義之,栗,84,22103348,00666,01095,0125140211,松本好雄,本巣敦,モズアスコット,メイショウマルコマ,スペシャルウィーク,鹿毛,220514,   11.8,  ,    ,45.4
25,08,03,1,札幌,4,02,未勝利・牝,7,ダ,1,1700,良,アニラ            ,牝,3,鷲頭虎太,53.0,14,12,11,11,0,2.9,11,109.5,"1495",0,6,6,10,10,40.5,458,松下武士,栗,0,22105800,01202,01149,0125140212,シルクレーシング,社台コーポレーショ,ドレフォン,シャクンタラー,ゼンノロブロイ,鹿毛,220405,  132.7,  ,    ,42.9
25,08,03,1,札幌,4,02,未勝利・牝,7,ダ,1,1700,良,レディゴディヴァ  ,牝,3,鮫島克駿,55.0,14,13,1,1,0,-0.4,3,106.6,"1466",0,1,1,1,1,38.3,424,小崎憲,栗,560,22106851,01157,01085,0125140213,川崎賢二,北星村田牧場,ルヴァンスレーヴ,カヒリ,キングカメハメハ,栗毛,220405,    7.1,  ,    ,47.3
25,08,03,1,札幌,4,02,未勝利・牝,7,ダ,1,1700,良,ルージュラティーナ,牝,3,佐々木大,55.0,14,14,7,7,0,2.1,10,108.7,"1487",0,2,2,2,3,40.3,504,池江泰寿,栗,0,22105574,01197,01071,0125140214,東京ホースレーシン,社台ファーム,サトノダイヤモンド,レッドジェノヴァ,シンボリクリスエス,鹿毛,220226,   56.1,  ,    ,42.6
25,08,03,1,札幌,4,03,未勝利,7,芝,0,2000,良,ヒルノレーダン    ,牝,3,古川吉洋,55.0,16,01,2,2,0,0.3,6,122.2,"2022",0,8,8,8,5,35,424,昆貢,栗,220,22103816,01015,01044,0125140301,ヒルノ,サカイファーム,サートゥルナーリア,ヒルノリスボン,マンハッタンカフェ,黒鹿,220419,   14.6,  ,    ,56.8
25,08,03,1,札幌,4,03,未勝利,7,芝,0,2000,良,クランドゥイユ    ,牝,3,北村友一,55.0,16,02,4,4,0,0.4,2,122.3,"2023",0,4,4,5,3,35.3,478,前川恭子,栗,84,22110076,01102,01210,0125140302,ノースヒルズ,"North Hills Co. Lt",Kingman,"Villa d'Amore",Mastercraftsman,鹿毛,220419,    5.4,  ,    ,55.6
25,08,03,1,札幌,4,03,未勝利,7,芝,0,2000,良,カラーズリング    ,牝,3,古川奈穂,52.0,16,03,12,12,0,1.8,13,123.7,"2037",0,6,5,8,10,36.4,402,羽月友彦,栗,0,22109028,01190,01091,0125140303,KHレーシング,風ノ丘ファーム,シニスターミニスター,サトノレジーナ,ハーツクライ,鹿毛,220318,  185.6,  ,    ,52.8
25,08,03,1,札幌,4,03,未勝利,7,芝,0,2000,良,シャインフリーリー,牡,3,黛弘人,57.0,16,04,3,3,0,0.4,5,122.3,"2023",0,11,12,11,8,34.8,470,矢嶋大樹,美,140,22101495,01109,01202,0125140304,コスモヴューファー,白井牧場,ウインブライト,フィールフリーリー,アグネスタキオン,芦毛,220405,   10.7,  ,    ,57.8
25,08,03,1,札幌,4,03,未勝利,7,芝,0,2000,良,ルージュレアリーズ,牝,3,松本大輝,54.0,16,05,11,11,0,1.7,7,123.6,"2036",0,10,9,11,13,36,436,福永祐一,栗,0,22105114,01191,01203,0125140305,東京ホースレーシン,ノーザンファーム,レイデオロ,ラストグルーヴ,ディープインパクト,鹿毛,220201,   17.6,  ,    ,54.3
25,08,03,1,札幌,4,03,未勝利,7,芝,0,2000,良,マリエンプラッツ  ,牝,3,菱田裕二,55.0,16,06,13,13,0,2,8,123.9,"2039",0,2,3,4,5,37.1,450,橋口慎介,栗,0,22105328,01144,01154,0125140306,社台レースホース,社台ファーム,ハービンジャー,ゴルトキルシェ,ステイゴールド,黒鹿,220212,   25.4,  ,    ,50.3
25,08,03,1,札幌,4,03,未勝利,7,芝,0,2000,良,オラリオン        ,牡,3,和田陽希,54.0,16,07,8,8,0,1.4,12,123.3,"2033",0,14,15,16,10,35.4,478,高橋一哉,栗,0,22103586,01223,01206,0125140307,ノルマンディーサラ,岡田スタツド,ラブリーデイ,レイナソフィア,スペシャルウィーク,栗毛,220426,  107.8,  ,    ,56.4
25,08,03,1,札幌,4,03,未勝利,7,芝,0,2000,良,ミルキーハニー    ,牝,3,小林美駒,52.0,16,08,15,15,0,2.6,11,124.5,"2045",0,14,13,2,4,38,484,尾形和幸,美,0,22104008,01206,01141,0125140308,半沢,高橋フアーム,ダイシンサンダー,グラスミルキー,ワークフォース,鹿毛,220511,  104.3,  ,    ,47.6
25,08,03,1,札幌,4,03,未勝利,7,芝,0,2000,良,ハクサンミラクル  ,牡,3,横山武史,57.0,16,09,5,5,0,0.5,3,122.4,"2024",0,1,1,1,1,35.9,472,武藤善則,美,56,22100325,01170,01064,0125140309,河崎五市,中村雅明,シルポート,アクロスザシャイン,タニノギムレット,鹿毛,220324,    6.2,  ,    ,53.3
25,08,03,1,札幌,4,03,未勝利,7,芝,0,2000,良,ハルノート        ,牡,3,鷲頭虎太,55.0,16,10,14,14,0,2.6,14,124.5,"2045",0,16,15,14,16,36.8,472,小手川準,美,0,22104374,01202,01171,0125140310,村上卓史,藤沢牧場,デクラレーションオブウォー,ハルダヨリ,ファルブラヴ,栗毛,220408,  243.8,  ,    ,52.1
25,08,03,1,札幌,4,03,未勝利,7,芝,0,2000,良,ナリノボガート    ,牡,3,原田和真,57.0,16,11,10,10,0,1.6,10,123.5,"2035",0,13,13,14,13,35.8,460,上原博之,美,0,22105464,01143,00423,0125140311,成塚清志,社台ファーム,サトノクラウン,ファルトレク,ノヴェリスト,黒鹿,220329,   74.3,  ,    ,55.0
25,08,03,1,札幌,4,03,未勝利,7,芝,0,2000,良,マルテアヴニール  ,牝,3,森田誠也,52.0,16,12,7,7,0,1.4,15,123.3,"2033",0,8,9,11,10,35.8,432,小島茂之,美,0,22106886,01222,01068,0125140312,日下部勝徳,ホース・マネジメン,アドマイヤマーズ,グローリアスレイ,チチカステナンゴ,栗毛,220420,  299.6,  ,    ,54.7
25,08,03,1,札幌,4,03,未勝利,7,芝,0,2000,良,アルハイルフォート,牡,3,キング,57.0,16,13,9,9,0,1.5,4,123.4,"2034",0,4,7,7,9,36.3,506,高野友和,栗,0,22110002,05643,01117,0125140313,サンデーレーシング,"Katsumi Yoshida",Frankel,Wadyhatta,"Cape Cross",鹿毛,220407,    8.0,  ,    ,52.8
25,08,03,1,札幌,4,03,未勝利,7,芝,0,2000,良,ノボリユーミン    ,牝,3,舟山瑠泉,52.0,16,14,6,6,0,1.1,9,123,"2030",0,6,5,5,5,36,472,石橋守,栗,0,22102733,01221,01140,0125140314,原田豊,杵臼牧場,ハービンジャー,スウィングダンス,クロフネ,鹿毛,220227,   36.3,  ,    ,53.6
25,08,03,1,札幌,4,03,未勝利,7,芝,0,2000,良,イモータリティ    ,牡,3,吉田隼人,57.0,16,15,16,16,0,3.3,16,125.2,"2052",0,11,9,8,15,38,450,栗田徹,美,0,22101681,01095,01127,0125140315,ゴドルフィン,ダーレー・ジャパン,ハービンジャー,ブラックパイン,"King's Best",鹿毛,220401,  358.5,  ,    ,48.3
25,08,03,1,札幌,4,03,未勝利,7,芝,0,2000,良,パーフェクトパール,牝,3,佐々木大,55.0,16,16,1,1,0,-0.3,1,121.9,"2019",0,2,2,3,2,35.3,486,中内田充,栗,560,22103233,01197,01137,0125140316,H.H.シェイク・ファ,三嶋牧場,ロードカナロア,パールコード,ヴィクトワールピサ,鹿毛,220219,    2.2,  ,    ,55.1
25,08,03,1,札幌,4,04,未勝利,7,ダ,1,1700,良,スフレ            ,牝,3,武豊,55.0,14,01,5,5,0,1.2,7,108.3,"1483",0,10,11,11,8,39.5,428,野中賢二,栗,56,22104305,00666,01098,0125140401,カナヤマホールディ,服部牧場,ルヴァンスレーヴ,ウィンクルム,キズナ,鹿毛,220302,   14.5,  ,    ,45.0
25,08,03,1,札幌,4,04,未勝利,7,ダ,1,1700,良,ハーイバービー    ,牝,3,和田陽希,52.0,14,02,14,14,0,5.4,14,112.5,"1525",0,8,6,14,14,43.1,440,畑端省吾,栗,0,22106733,01223,01188,0125140402,河村祥史,パカパカファーム,サトノアラジン,ナンナ,ゴールドシップ,鹿毛,220129,  196.4,  ,    ,37.8
25,08,03,1,札幌,4,04,未勝利,7,ダ,1,1700,良,マナミン          ,牝,3,橋木太希,52.0,14,03,11,11,0,4.5,13,111.6,"1516",0,3,3,9,12,42.9,452,高橋康之,栗,0,22106938,01215,01135,0125140403,福盛訓之,松木加代,バゴ,マリンブラスト,アグネスデジタル,黒鹿,220308,  193.6,  ,    ,37.3
25,08,03,1,札幌,4,04,未勝利,7,ダ,1,1700,良,ジーティーファラオ,牡,3,鮫島克駿,57.0,14,04,6,6,0,1.3,4,108.4,"1484",0,13,13,5,5,40.4,468,矢作芳人,栗,0,22100368,01157,01075,0125140404,田畑利彦,ヒダカフアーム,"American Pharoah",エクォ,"Giant's Causeway",栗毛,220305,    6.6,  ,    ,41.8
25,08,03,1,札幌,4,04,未勝利,7,ダ,1,1700,良,エンドレスバンカー,牡,3,松本大輝,56.0,14,05,8,8,0,1.6,10,108.7,"1487",0,14,14,13,9,39.6,486,安田翔伍,栗,0,22102860,01191,01164,0125140405,増田和啓,高村牧場,エピファネイア,ビートフォーセール,ハーツクライ,鹿毛,220123,   47.1,  ,    ,45.2
25,08,03,1,札幌,4,04,未勝利,7,ダ,1,1700,良,ダイハッシュウ    ,牡,3,森田誠也,54.0,14,06,12,12,0,4.7,12,111.8,"1518",0,1,1,3,11,44,434,牧田和弥,栗,0,22103177,01222,01123,0125140406,渡邊英俊,丸幸小林牧場,ブリックスアンドモルタル,ナチュラルダイヤ,エピファネイア,黒鹿,220320,  168.5,  ,    ,34.0
25,08,03,1,札幌,4,04,未勝利,7,ダ,1,1700,良,エンジョイドライブ,牡,3,古川吉洋,57.0,14,07,3,3,0,0.6,5,107.7,"1477",0,4,4,3,3,39.9,482,宮本博,栗,140,22102713,01015,01073,0125140407,田島政光,ガーベラパークスタ,フォーウィールドライブ,プリンセスメイク,キャプテンスティーヴ,栗毛,220430,    8.3,  ,    ,42.7
25,08,03,1,札幌,4,04,未勝利,7,ダ,1,1700,良,ザハント          ,牡,3,横山武史,57.0,14,08,1,1,0,-0.5,1,107.1,"1471",0,2,2,1,1,39.6,488,田中克典,栗,560,22102929,01170,01180,0125140408,今村明浩,谷口牧場,マジェスティックウォリアー,フミノアマゾン,フジキセキ,黒鹿,220402,    3.0,  ,    ,43.0
25,08,03,1,札幌,4,04,未勝利,7,ダ,1,1700,良,アトラクトラン    ,牡,3,小林美駒,54.0,14,09,10,10,0,4,9,111.1,"1511",0,4,5,9,10,42.4,452,渡辺薫彦,栗,0,22104297,01206,01155,0125140409,岡村善行,畠山牧場,シャンハイボビー,ヒワラニ,ディープインパクト,黒鹿,220426,   31.3,  ,    ,38.4
25,08,03,1,札幌,4,04,未勝利,7,ダ,1,1700,良,オドラニャソンソン,牡,3,舟山瑠泉,54.0,14,10,7,7,0,1.5,11,108.6,"1486",0,8,6,7,6,40.5,460,東田明士,栗,0,22102756,01221,01209,0125140410,JPN技研,木村牧場,ディープブリランテ,キイレ,フジキセキ,鹿毛,220419,  161.3,  ,    ,41.7
25,08,03,1,札幌,4,04,未勝利,7,ダ,1,1700,良,マーゴットビースト,牡,3,佐々木大,57.0,14,11,13,13,0,4.8,8,111.9,"1519",0,6,9,11,13,43.1,496,伊坂重信,美,0,22101742,01197,01177,0125140411,前田良平,チャンピオンズファ,シニスターミニスター,ダラニ,サクラバクシンオー,栗毛,220406,   25.0,  ,    ,37.1
25,08,03,1,札幌,4,04,未勝利,7,ダ,1,1700,良,ドバイミッション  ,牡,3,菱田裕二,57.0,14,12,2,2,0,0.5,6,107.6,"1476",0,11,11,2,2,40,542,辻野泰之,栗,220,22105688,01144,01183,0125140412,亀井哲也,追分ファーム,ダイワメジャー,ウィズアミッション,"Danehill Dancer",栗毛,220226,   13.8,  ,    ,42.2
25,08,03,1,札幌,4,04,未勝利,7,ダ,1,1700,良,スピードイエロー  ,牡,3,鷲頭虎太,55.0,14,13,9,9,0,2.3,3,109.4,"1494",0,11,10,8,6,41.2,434,佐々木晶,栗,0,22103068,01202,00429,0125140413,"Him Rock Racingホ",富菜牧場,ルヴァンスレーヴ,ヴェネーノ,ディープインパクト,黒鹿,220420,    6.3,  ,    ,40.3
25,08,03,1,札幌,4,04,未勝利,7,ダ,1,1700,良,エポカリーナ      ,牡,3,古川奈穂,54.0,14,14,4,4,0,0.8,2,107.9,"1479",0,6,6,5,3,39.9,458,土田稔,美,84,22107233,01190,00417,0125140414,山口敦広,大作ステーブル,エポカドーロ,カルカリーナ,オウケンブルースリ,黒鹿,220406,    4.2,  ,    ,43.0
25,08,03,1,札幌,4,05,新馬,15,芝,0,1800,良,ジェネチェン      ,牝,2,菱田裕二,55.0,8,01,5,5,0,2.2,6,109.4,"1494",0,5,5,5,5,35.5,448,角田晃一,栗,75,23104945,01144,01121,0125140501,フィールドレーシン,富田牧場,サトノダイヤモンド,ケイティーズミスト,Posse,鹿毛,230130,   61.2,  ,    ,54.1
25,08,03,1,札幌,4,05,新馬,15,芝,0,1800,良,トゥレネヴェリテ  ,牡,2,横山武史,55.0,8,02,4,4,0,2.2,5,109.4,"1494",0,6,6,6,6,35.1,452,中竹和也,栗,110,23104418,01170,01039,0125140502,加藤誠,ノースヒルズ,コントレイル,ルミエールヴェリテ,Cozzene,芦毛,230315,   34.0,  ,    ,55.8
25,08,03,1,札幌,4,05,新馬,15,芝,0,1800,良,レッドファイブ    ,牡,2,松本大輝,54.0,8,03,7,7,0,7.3,7,114.5,"1545",0,7,7,7,7,40.1,490,安田翔伍,栗,0,23101374,01191,01164,0125140503,竹下浩一,藤本ファーム,ダノンスマッシュ,ゴールデンリーヴス,Tiznow,黒鹿,230325,  162.6,  ,    ,42.8
25,08,03,1,札幌,4,05,新馬,15,芝,0,1800,良,クレパスキュラー  ,牡,2,キング,55.0,8,04,1,1,0,-0.9,2,107.2,"1472",0,3,3,1,1,35.2,470,栗田徹,美,750,23106925,05643,01127,0125140504,キャロットファーム,ノーザンファーム,リオンディーズ,エリスライト,ディープインパクト,黒鹿,230219,    4.0,  ,    ,52.3
25,08,03,1,札幌,4,05,新馬,15,芝,0,1800,良,クロンヌジャン    ,牡,2,武豊,55.0,8,05,0,0,3,999.9,0,0,"----",0,0,0,0,0,0,466,鈴木孝志,栗,0,23105001,00666,01111,0125140505,吉田智,三嶋牧場,アメリカンペイトリオット,エリカバイラ,ブラックタイド,黒鹿,230328,    0.0,  ,    , 0.0
25,08,03,1,札幌,4,05,新馬,15,芝,0,1800,良,グロリアスマーチ  ,牡,2,佐々木大,55.0,8,06,3,3,0,1.6,3,108.8,"1488",0,2,1,3,2,36.3,488,須貝尚介,栗,190,23103680,01197,01105,0125140506,G1レーシング,追分ファーム,モーリス,ヴィクトリーマーチ,アグネスタキオン,青鹿,230310,    5.3,  ,    ,49.9
25,08,03,1,札幌,4,05,新馬,15,芝,0,1800,良,シャルムグリーン  ,牡,2,丹内祐次,55.0,8,07,6,6,0,3.4,4,110.6,"1506",0,1,2,2,4,38.4,476,相沢郁,美,0,23101459,01091,01020,0125140507,斎藤洋子,本間牧場,スワーヴリチャード,ファータグリーン,タニノギムレット,黒鹿,230329,    6.8,  ,    ,44.0
25,08,03,1,札幌,4,05,新馬,15,芝,0,1800,良,ストロベリーツリー,牝,2,川田将雅,55.0,8,08,2,2,0,0.9,1,108.1,"1481",0,4,4,3,2,35.6,468,中内田充,栗,300,23106887,01088,01137,0125140508,金子真人ホールディ,ノーザンファーム,キタサンブラック,ウィンターコスモス,キングカメハメハ,芦毛,230418,    1.6,  ,    ,51.8
25,08,03,1,札幌,4,06,未勝利,7,芝,0,1500,良,マンゲタック      ,牝,3,武豊,55.0,14,01,9,9,0,1.3,2,89.1,"1291",0,0,1,1,1,37.8,466,古賀慎明,美,0,22103679,00666,01079,0125140601,平口信行,片岡博,ノーブルミッション,ラフォリア,マンハッタンカフェ,鹿毛,220301,    3.6,  ,    ,40.5
25,08,03,1,札幌,4,06,未勝利,7,芝,0,1500,良,ルルファーレ      ,牝,3,小林美駒,52.0,14,02,13,13,0,3.9,13,91.7,"1317",0,0,14,14,14,38.5,442,菊沢隆徳,美,0,22102502,01206,01115,0125140602,的場徹,猿倉牧場,サートゥルナーリア,スコアズビー,"Rock of Gibraltar",黒鹿,220323,  103.9,  ,    ,42.1
25,08,03,1,札幌,4,06,未勝利,7,芝,0,1500,良,リラゲイル        ,牡,3,佐々木大,57.0,14,03,5,5,0,0.7,7,88.5,"1285",0,0,9,11,8,36.1,468,須貝尚介,栗,56,22103518,01197,01105,0125140603,Gリビエール・レー,岡田スタツド,ブリックスアンドモルタル,シルヴァーコード,スウェプトオーヴァーボード,芦毛,220318,   20.8,  ,    ,46.8
25,08,03,1,札幌,4,06,未勝利,7,芝,0,1500,良,シャンパングラス  ,牡,3,鮫島克駿,57.0,14,04,14,14,0,4.6,9,92.4,"1324",0,0,4,3,8,40.6,444,池上昌和,美,0,22104932,01157,01150,0125140604,大塚亮一,ノーザンファーム,エピファネイア,ドゥシャンパーニュ,ロードカナロア,黒鹿,220308,   41.8,  ,    ,35.1
25,08,03,1,札幌,4,06,未勝利,7,芝,0,1500,良,キュイジニエール  ,牝,3,横山武史,55.0,14,05,3,3,0,0.2,6,88,"1280",0,0,11,11,5,35.6,442,新谷功一,栗,140,22105426,01170,01172,0125140605,社台レースホース,社台ファーム,エピファネイア,トロワゼトワル,ロードカナロア,黒鹿,220204,    9.9,  ,    ,48.1
25,08,03,1,札幌,4,06,未勝利,7,芝,0,1500,良,トーセンアーロン  ,牡,3,原田和真,57.0,14,06,12,12,0,3.1,14,90.9,"1309",0,0,4,9,11,38.7,482,小笠倫弘,美,0,22105644,01143,01076,0125140606,島川隆哉,エスティファーム,"Highland Reel",ウィッシングタイム,Frankel,鹿毛,220306,  216.2,  ,    ,39.9
25,08,03,1,札幌,4,06,未勝利,7,芝,0,1500,良,フリアフロリダ    ,牝,3,鷲頭虎太,51.0,14,07,4,4,0,0.7,4,88.5,"1285",0,0,7,6,4,36.4,468,小栗実,栗,84,22110101,01202,01194,0125140607,吉田和美,"Vieira Group Pty L","Trapeze Artist",Hummalong,"Hallowed Crown",鹿毛,220817,    6.6,  ,    ,45.4
25,08,03,1,札幌,4,06,未勝利,7,芝,0,1500,良,アルシャンティ    ,牝,3,舟山瑠泉,52.0,14,08,2,2,0,0,11,87.8,"1278",0,0,2,2,2,36.2,434,茶木太樹,栗,220,22102978,01221,01181,0125140608,辻牧場,辻牧場,バゴ,スリーベラミ,ディープインパクト,鹿毛,220510,   55.2,  ,    ,45.0
25,08,03,1,札幌,4,06,未勝利,7,芝,0,1500,良,ショウナンタハティ,牡,3,キング,57.0,14,09,6,6,0,1.2,5,89,"1290",0,0,9,6,5,37,498,大竹正博,美,0,22103911,05643,01102,0125140609,湘南,静内フアーム,ドレフォン,ショウナンマシェリ,キンシャサノキセキ,鹿毛,220224,    9.2,  ,    ,43.7
25,08,03,1,札幌,4,06,未勝利,7,芝,0,1500,良,スルースウェイ    ,牝,3,北村友一,55.0,14,10,10,10,0,2.2,10,90,"1300",0,0,3,9,13,37.8,460,藤岡健一,栗,0,22101297,01102,01062,0125140610,矢野悦三,クラウン日高牧場,モーリス,ラヴァリーノ,"Unbridled's Song",栗毛,220506,   43.8,  ,    ,42.1
25,08,03,1,札幌,4,06,未勝利,7,芝,0,1500,良,ナッシングベター  ,牝,3,横山琉人,55.0,14,11,8,8,0,1.3,12,89.1,"1291",0,0,13,13,11,36.4,454,稲垣幸雄,美,0,22105819,01192,01167,0125140611,吉田千津,社台コーポレーショ,ジャスタウェイ,デリスモア,ワークフォース,鹿毛,220317,   91.9,  ,    ,46.5
25,08,03,1,札幌,4,06,未勝利,7,芝,0,1500,良,オニムシャ        ,牡,3,和田陽希,54.0,14,12,11,11,0,2.3,8,90.1,"1301",0,0,4,3,5,38.3,450,松永幹夫,栗,0,22100242,01223,01092,0125140612,鈴木康弘,鮫川啓一,シルバーステート,スパイチャクラ,Shamardal,黒鹿,220310,   29.7,  ,    ,40.2
25,08,03,1,札幌,4,06,未勝利,7,芝,0,1500,良,ウインイザナミ    ,牝,3,丹内祐次,55.0,14,13,1,1,0,0,1,87.8,"1278",0,0,7,3,3,36,498,上原博之,美,560,22106229,01091,00423,0125140613,ウイン,コスモヴューファー,モーリス,コスモネモシン,ゼンノロブロイ,青鹿,220401,    3.5,  ,    ,45.9
25,08,03,1,札幌,4,06,未勝利,7,芝,0,1500,良,ウフルピーク      ,牝,3,藤岡佑介,55.0,14,14,7,7,0,1.3,3,89.1,"1291",0,0,11,6,8,37,414,藤岡健一,栗,0,22104621,01093,01062,0125140614,サンデーレーシング,ノーザンファーム,ロードカナロア,アルーシャ,ディープインパクト,鹿毛,220327,    6.2,  ,    ,43.9
25,08,03,1,札幌,4,07,１勝ｸﾗｽ,23,ダ,1,1700,良,マーベリックシチー,牡,4,吉田隼人,58.0,12,01,5,5,0,1.2,10,107,"1470",0,4,5,4,3,39.5,468,岡田稲男,栗,80,21100387,01095,01066,0125140701,友駿ホースクラブ,幌村牧場,パイロ,ラフィネシチー,ゴールドアリュール,栗毛,210203,  141.0,  ,    ,43.2
25,08,03,1,札幌,4,07,１勝ｸﾗｽ,23,ダ,1,1700,良,ゴルデールスカー  ,牡,5,キング,58.0,12,02,8,8,0,2.2,6,108,"1480",0,4,6,8,9,40.2,470,加藤公太,栗,0,20103625,05643,01215,0125140702,サンデーレーシング,ノーザンファーム,モーリス,マラムデール,フレンチデピュティ,栗毛,200309,    9.5,  ,    ,42.0
25,08,03,1,札幌,4,07,１勝ｸﾗｽ,23,ダ,1,1700,良,ローズマイスター  ,牡,3,小林美駒,52.0,12,03,2,2,0,0,7,105.8,"1458",0,10,10,10,3,37.7,510,黒岩陽一,美,320,22104419,01206,01133,0125140703,宮田大三,フジワラフアーム,ドレフォン,ロゼラニ,ブラックタイド,鹿毛,220330,   13.7,  ,    ,48.5
25,08,03,1,札幌,4,07,１勝ｸﾗｽ,23,ダ,1,1700,良,マクミランテソーロ,牡,4,丹内祐次,58.0,12,04,6,6,0,1.5,4,107.3,"1473",0,2,2,2,1,39.9,480,田中剛,美,0,21102276,01091,01119,0125140704,了徳寺健二ホールデ,リョーケンファーム,レッドファルクス,ダラステソーロ,"Cairo Prince",芦毛,210424,    7.0,  ,    ,42.1
25,08,03,1,札幌,4,07,１勝ｸﾗｽ,23,ダ,1,1700,良,リーゼノアール    ,セ,5,北村友一,58.0,12,05,4,4,0,0.9,2,106.7,"1467",0,8,8,9,7,38.8,486,国枝栄,美,120,20104750,01102,00399,0125140705,嶋田一成,フジワラフアーム,エピファネイア,スリーアロー,アルデバラン2,青鹿,200212,    4.2,  ,    ,45.5
25,08,03,1,札幌,4,07,１勝ｸﾗｽ,23,ダ,1,1700,良,カペルブリュッケ  ,牡,3,鮫島克駿,55.0,12,06,1,1,0,0,3,105.8,"1458",0,9,8,6,3,38.1,454,浜田多実,栗,800,22105262,01157,01138,0125140706,社台レースホース,社台ファーム,ドレフォン,エリンズロマーネ,ノヴェリスト,栗毛,220223,    4.6,  ,    ,46.9
25,08,03,1,札幌,4,07,１勝ｸﾗｽ,23,ダ,1,1700,良,メレカリキマカ    ,牡,7,横山琉人,58.0,12,07,11,11,0,6.3,9,112.1,"1521",0,12,12,12,12,41.1,500,小島茂之,美,0,18104598,01192,01068,0125140707,丸山担,社台ファーム,ロードカナロア,クリスマスキャロル,アグネスタキオン,鹿毛,180526,  102.8,  ,    ,44.2
25,08,03,1,札幌,4,07,１勝ｸﾗｽ,23,ダ,1,1700,良,スマートブル      ,牡,3,鷲頭虎太,53.0,12,08,9,9,0,3,1,108.8,"1488",0,7,4,1,2,41.5,474,井上智史,栗,0,22100497,01202,01214,0125140708,"CHEVAL ATTACHE",小河豊水,オーヴァルエース,エコロシンフォニー,ワイルドラッシュ,鹿毛,220208,    3.1,  ,    ,38.5
25,08,03,1,札幌,4,07,１勝ｸﾗｽ,23,ダ,1,1700,良,アルマグラース    ,牝,3,古川吉洋,53.0,12,09,10,10,0,3,12,108.8,"1488",0,4,6,6,7,41.2,458,水野貴広,美,0,22100216,01015,01094,0125140709,コウトミックレーシ,小島牧場,スワーヴリチャード,アルマクロア,バンブーエール,栗毛,220220,  141.7,  ,    ,39.5
25,08,03,1,札幌,4,07,１勝ｸﾗｽ,23,ダ,1,1700,良,グランレザンドール,牡,4,舟山瑠泉,55.0,12,10,7,7,0,2.2,11,108,"1480",0,3,2,4,3,40.5,514,高橋義忠,栗,0,21106091,01221,01129,0125140710,福盛訓之,大狩部牧場,オルフェーヴル,マルヨシロワイン,アジュディケーティング,芦毛,210223,  141.5,  ,    ,40.9
25,08,03,1,札幌,4,07,１勝ｸﾗｽ,23,ダ,1,1700,良,ラマンシュ        ,牡,3,石川裕紀,55.0,12,11,12,12,0,7.4,8,113.2,"1532",0,1,1,2,11,45.8,404,杉山佳明,栗,0,22105201,01150,01178,0125140711,谷掛龍夫,社台ファーム,トーセンラー,アイアムルビー,"Saint Liam",栗毛,220410,   54.0,  ,    ,30.3
25,08,03,1,札幌,4,07,１勝ｸﾗｽ,23,ダ,1,1700,良,アイオリア        ,牡,3,横山典弘,55.0,12,12,3,3,0,0.6,5,106.4,"1464",0,11,11,11,10,37.7,518,奥村武,美,200,22104310,00660,01145,0125140712,井山登,服部牧場,リアルスティール,スズカエルマンボ,シンボリクリスエス,鹿毛,220318,    9.3,  ,    ,49.4
25,08,03,1,札幌,4,08,１勝ｸﾗｽ・牝,23,芝,0,2000,良,エイシンオニキス  ,牝,4,川又賢治,56.0,11,01,5,5,0,0.6,11,121,"2010",0,3,3,4,3,35.7,448,渡辺薫彦,栗,80,21100443,01166,01155,0125140801,栄進堂,水丸牧場,タリスマニック,エイシンサンバレー,エイシンワシントン,鹿毛,210411,  146.5,  ,    ,52.4
25,08,03,1,札幌,4,08,１勝ｸﾗｽ・牝,23,芝,0,2000,良,ハーエクセレンシー,牝,5,藤岡佑介,56.0,11,02,8,8,0,1,5,121.4,"2014",0,1,1,1,2,36.6,442,大和田成,美,0,20102982,01093,01124,0125140802,社台レースホース,社台ファーム,ダイワメジャー,ハーエミネンシー,"Successful Appeal",鹿毛,200328,   13.4,  ,    ,49.3
25,08,03,1,札幌,4,08,１勝ｸﾗｽ・牝,23,芝,0,2000,良,サウンドサンライズ,牝,3,浜中俊,53.0,11,03,2,2,0,0,8,120.4,"2004",0,2,2,2,1,35.5,412,東田明士,栗,320,22105060,01115,01209,0125140803,ライフハウス,ノーザンファーム,モーリス,マハーバーラタ,ディープインパクト,鹿毛,220131,   25.4,  ,    ,52.5
25,08,03,1,札幌,4,08,１勝ｸﾗｽ・牝,23,芝,0,2000,良,イゾレエオリア    ,牝,5,佐々木大,56.0,11,04,7,7,0,0.8,3,121.2,"2012",0,5,5,6,6,35.8,466,伊藤大士,美,0,20102785,01197,01109,0125140804,吉田照哉,社台ファーム,ハービンジャー,エオリアンハープ,キングカメハメハ,栗毛,200211,    7.1,  ,    ,52.2
25,08,03,1,札幌,4,08,１勝ｸﾗｽ・牝,23,芝,0,2000,良,メイショウピリカ  ,牝,3,古川吉洋,53.0,11,05,11,11,0,1.6,9,122,"2020",0,11,11,10,10,36.1,488,本田優,栗,0,22102550,01015,01099,0125140805,松本好隆,中脇一幸,オルフェーヴル,メイショウバーズ,タニノギムレット,鹿毛,220506,   40.2,  ,    ,52.0
25,08,03,1,札幌,4,08,１勝ｸﾗｽ・牝,23,芝,0,2000,良,フェアリーライク  ,牝,3,武豊,53.0,11,06,1,1,0,0,1,120.4,"2004",0,10,10,9,6,34.6,478,笹田和秀,栗,800,22106322,00666,01104,0125140806,小林竜太郎,須崎牧場,ゴールドアクター,ヒノクニノオンナ,ヘニーヒューズ,黒鹿,220420,    2.2,  ,    ,56.3
25,08,03,1,札幌,4,08,１勝ｸﾗｽ・牝,23,芝,0,2000,良,ソニックドライブ  ,牝,4,北村友一,56.0,11,07,4,4,0,0.5,6,120.9,"2009",0,4,4,3,3,35.7,458,田中克典,栗,120,21101488,01102,01180,0125140807,ヒダカ・ブリーダー,白井牧場,スワーヴリチャード,ホーカーハリケーン,ネオユニヴァース,黒鹿,210329,   17.1,  ,    ,52.3
25,08,03,1,札幌,4,08,１勝ｸﾗｽ・牝,23,芝,0,2000,良,ルールーリマ      ,牝,3,横山武史,53.0,11,08,3,3,0,0.3,2,120.7,"2007",0,7,7,7,8,35.2,412,大竹正博,美,200,22100781,01170,01102,0125140808,ノースヒルズ,土居牧場,キズナ,エヴァイエ,ロードカナロア,黒鹿,220327,    3.8,  ,    ,54.1
25,08,03,1,札幌,4,08,１勝ｸﾗｽ・牝,23,芝,0,2000,良,ミエノジュピター  ,牝,4,キング,56.0,11,09,10,10,0,1.2,4,121.6,"2016",0,7,7,7,8,36.1,440,堀宣行,美,0,21105532,05643,01070,0125140809,里見美惠子,ノーザンファーム,ブリックスアンドモルタル,サトノジュピター,アグネスタキオン,栗毛,210228,    7.1,  ,    ,51.5
25,08,03,1,札幌,4,08,１勝ｸﾗｽ・牝,23,芝,0,2000,良,フラッシングレート,牝,5,舟山瑠泉,53.0,11,10,9,9,0,1.1,10,121.5,"2015",0,5,5,4,5,36.2,494,加藤公太,栗,0,20103441,01221,01215,0125140810,吉田勝己,ノーザンファーム,ミッキーロケット,スピードリッパー,ファルブラヴ,鹿毛,200223,   49.1,  ,    ,51.0
25,08,03,1,札幌,4,08,１勝ｸﾗｽ・牝,23,芝,0,2000,良,エレガンシア      ,牝,3,鮫島克駿,53.0,11,11,6,6,0,0.7,7,121.1,"2011",0,9,9,10,10,35.2,440,高柳大輔,栗,0,22103705,01157,01159,0125140811,広尾レース,木村秀則,ルーラーシップ,ステラリード,スペシャルウィーク,鹿毛,220203,   22.1,  ,    ,54.6
25,08,03,1,札幌,4,09,２勝ｸﾗｽ,43,ダ,1,1000,良,メイショウキルギス,牡,4,和田陽希,55.0,10,01,1,1,0,-0.6,6,58.6,"0586",0,0,0,1,1,35.7,492,高橋亮,栗,1140,21103155,01223,01136,0125140901,松本好隆,林孝輝,アジアエクスプレス,メイショウアズミノ,ハーツクライ,栗毛,210412,   15.1,  ,    ,46.2
25,08,03,1,札幌,4,09,２勝ｸﾗｽ,43,ダ,1,1000,良,クラリティスケール,牝,6,松本大輝,55.0,10,02,3,3,0,0.9,7,59.5,"0595",0,0,0,9,7,35.3,460,藤野健太,栗,290,19103442,01191,01200,0125140902,ノルマンディーサラ,栄進牧場,エイシンヒカリ,エイシンカラット,"Tale of Ekati",青毛,190215,   16.2,  ,    ,52.8
25,08,03,1,札幌,4,09,２勝ｸﾗｽ,43,ダ,1,1000,良,ジーベック        ,牡,4,古川奈穂,55.0,10,03,2,2,0,0.6,8,59.2,"0592",0,0,0,7,6,35.5,454,矢作芳人,栗,460,21103242,01190,01075,0125140903,広尾レース,三嶋牧場,"Gun Runner",ステラエージェント,"More Than Ready",栗毛,210226,   17.1,  ,    ,50.1
25,08,03,1,札幌,4,09,２勝ｸﾗｽ,43,ダ,1,1000,良,モンシェリ        ,牝,4,横山武史,56.0,10,04,5,5,0,1,3,59.6,"0596",0,0,0,4,5,36.2,464,牧田和弥,栗,114,21102399,01170,01123,0125140904,安原浩司,坂東牧場,マクフィ,アスールダリア,エスポワールシチー,栗毛,210214,    5.0,  ,    ,47.0
25,08,03,1,札幌,4,09,２勝ｸﾗｽ,43,ダ,1,1000,良,クーデール        ,牝,3,小林美駒,51.0,10,05,10,10,0,2.4,1,61,"1010",0,0,0,4,10,37.6,432,坂口智康,栗,0,22100648,01206,01170,0125140905,中村伊三美,ケイアイファーム,ロードカナロア,フラーティングアウェイ,"Distorted Humor",鹿毛,220327,    3.3,  ,    ,43.4
25,08,03,1,札幌,4,09,２勝ｸﾗｽ,43,ダ,1,1000,良,ニルアドミラリ    ,セ,7,佐々木大,58.0,10,06,8,8,0,1.9,10,60.5,"1005",0,0,0,7,7,36.8,564,和田正一,美,0,18110134,01197,01114,0125140906,ノースヒルズ,"Scott Dilworth","Dialed In","Into Reality",Untuttable,鹿毛,180322,  130.0,  ,    ,46.6
25,08,03,1,札幌,4,09,２勝ｸﾗｽ,43,ダ,1,1000,良,ディアサクセサー  ,セ,5,鷲頭虎太,56.0,10,07,9,9,0,2,4,60.6,"1006",0,0,0,4,2,37.3,518,井上智史,栗,0,20103074,01202,01214,0125140907,ライオンレースホー,社台ファーム,モーリス,メジャーフォルム,ダイワメジャー,青毛,200509,    5.3,  ,    ,43.7
25,08,03,1,札幌,4,09,２勝ｸﾗｽ,43,ダ,1,1000,良,ボルセーナ        ,牝,3,舟山瑠泉,51.0,10,08,6,6,0,1.1,2,59.7,"0597",0,0,0,2,2,36.7,464,奥村豊,栗,0,22105600,01221,01146,0125140908,フォレストレーシン,アスラン,イスラボニータ,フーイズフー,"Harlan's Holiday",黒鹿,220429,    3.9,  ,    ,44.0
25,08,03,1,札幌,4,09,２勝ｸﾗｽ,43,ダ,1,1000,良,サザンカ          ,牝,4,橋木太希,53.0,10,09,7,7,0,1.3,9,59.9,"0599",0,0,0,3,4,36.7,480,角田晃一,栗,0,21107281,01215,01121,0125140909,犬塚悠治郎,浜本牧場,ヘニーヒューズ,レッドアメリア,ディープインパクト,鹿毛,210212,   74.4,  ,    ,44.8
25,08,03,1,札幌,4,09,２勝ｸﾗｽ,43,ダ,1,1000,良,カンザシ          ,牝,6,キング,56.0,10,10,4,4,0,0.9,5,59.5,"0595",0,0,0,9,7,35.3,496,蛯名正義,美,170,19106704,05643,01191,0125140910,嶋田賢,増本良孝,ディーマジェスティ,エニシノイト,スウェプトオーヴァーボード,芦毛,190513,    9.0,  ,    ,52.8
25,08,03,1,札幌,4,10,苫小牧特･2勝,43,芝,0,1200,良,スムースベルベット,牝,5,黛弘人,56.0,13,01,9,9,0,0.3,13,68.7,"1087",0,0,0,3,5,34.8,508,南田美知,美,0,20106987,01109,00437,0125141001,ミルファーム,ミルファーム,ディスクリートキャット,ローブドヴルール,サウスヴィグラス,鹿毛,200317,  202.0,  ,    ,47.4
25,08,03,1,札幌,4,10,苫小牧特･2勝,43,芝,0,1200,良,ジャガード        ,牡,7,吉田隼人,58.0,13,02,10,10,0,0.5,12,68.9,"1089",0,0,0,12,12,34.2,414,和田雄二,美,0,18103485,01095,01143,0125141002,栗坂崇,岡田スタツド,トーセンラー,オーガンディー,フレンチデピュティ,芦毛,180209,   68.2,  ,    ,51.5
25,08,03,1,札幌,4,10,苫小牧特･2勝,43,芝,0,1200,良,クリノハレルヤ    ,牝,4,森田誠也,56.0,13,03,13,13,0,1,8,69.4,"1094",0,0,0,8,10,35.1,480,武英智,栗,0,21105068,01222,01161,0125141003,栗本依利子,社台ファーム,ドレフォン,シーサイドロマンス,ショウナンカンプ,鹿毛,210514,   25.6,  ,    ,47.7
25,08,03,1,札幌,4,10,苫小牧特･2勝,43,芝,0,1200,良,コーティアスマナー,牝,4,丹内祐次,56.0,13,04,3,3,0,0,3,68.4,"1084",0,0,0,3,3,34.5,464,高橋義忠,栗,390,21110039,01091,01129,0125141004,ゴドルフィン,Godolphin,"Invincible Spirit","Summer Flair",Dubawi,芦毛,210216,    5.3,  ,    ,48.3
25,08,03,1,札幌,4,10,苫小牧特･2勝,43,芝,0,1200,良,ハートホイップ    ,牝,6,横山琉人,56.0,13,05,2,2,0,0,7,68.4,"1084",0,0,0,5,5,34.3,494,蛯名利弘,美,620,19106179,01192,01131,0125141005,ノルマンディーサラ,聖心台牧場,ジョーカプチーノ,ドキドキマドンナ,クロフネ,芦毛,190324,   23.0,  ,    ,49.4
25,08,03,1,札幌,4,10,苫小牧特･2勝,43,芝,0,1200,良,アイオブザストーム,牝,5,菱田裕二,56.0,13,06,11,11,0,0.6,10,69,"1090",0,0,0,13,12,34.1,484,岡田稲男,栗,0,20104160,01144,01066,0125141006,ゴールドアップ・カ,ゴールドアップカン,サトノアラジン,オーバービュー,Frankel,鹿毛,200408,   47.8,  ,    ,52.3
25,08,03,1,札幌,4,10,苫小牧特･2勝,43,芝,0,1200,良,ラホーヤストーム  ,牝,5,古川吉洋,56.0,13,07,7,7,0,0.3,11,68.7,"1087",0,0,0,1,1,35.2,458,藤野健太,栗,0,20104780,01015,01200,0125141007,ヒダカ・ブリーダー,藤原牧場,キタサンブラック,エアラホーヤ,ボストンハーバー,黒鹿,200529,   67.1,  ,    ,45.2
25,08,03,1,札幌,4,10,苫小牧特･2勝,43,芝,0,1200,良,ゴールドスター    ,牡,4,石川裕紀,58.0,13,08,8,8,0,0.3,5,68.7,"1087",0,0,0,10,8,34.2,462,奥村武,美,0,21103561,01150,01145,0125141008,井山登,岡田スタツド,キズナ,ワンスインナムーン,アドマイヤムーン,黒鹿,210318,    6.4,  ,    ,50.9
25,08,03,1,札幌,4,10,苫小牧特･2勝,43,芝,0,1200,良,ヴァンヴィーヴ    ,牡,4,佐々木大,58.0,13,09,6,6,0,0.3,2,68.7,"1087",0,0,0,5,5,34.6,506,牧浦充徳,栗,0,21101399,01197,01113,0125141009,エデンアソシエーシ,下河辺牧場,ダイワメジャー,サンドスラッシュ,"Holy Roman Emperor",栗毛,210306,    4.6,  ,    ,48.6
25,08,03,1,札幌,4,10,苫小牧特･2勝,43,芝,0,1200,良,メイケイバートン  ,牡,6,横山武史,58.0,13,10,5,5,0,0.2,6,68.6,"1086",0,0,0,2,2,35,460,中竹和也,栗,155,19104818,01170,01039,0125141010,名古屋競馬,社台ファーム,ミッキーアイル,テイラーバートン,ジャングルポケット,黒鹿,190328,    9.3,  ,    ,46.0
25,08,03,1,札幌,4,10,苫小牧特･2勝,43,芝,0,1200,良,エヴァンスウィート,牝,4,鮫島克駿,56.0,13,11,1,1,0,0,1,68.4,"1084",0,0,0,8,8,34.1,448,友道康夫,栗,1550,21105689,01157,01061,0125141011,佐々木主浩,ノーザンファーム,スワーヴリチャード,ハルーワスウィート,Machiavellian,栗毛,210324,    3.9,  ,    ,50.6
25,08,03,1,札幌,4,10,苫小牧特･2勝,43,芝,0,1200,良,カリーシ          ,牝,4,キング,56.0,13,12,4,4,0,0.1,4,68.5,"1085",0,0,0,5,3,34.4,448,武井亮,美,230,21105833,05643,01147,0125141012,FAレーシング,ノーザンファーム,モーリス,ラクアミ,ダイワメジャー,黒鹿,210215,    5.8,  ,    ,49.1
25,08,03,1,札幌,4,10,苫小牧特･2勝,43,芝,0,1200,良,イグニション      ,牡,5,川又賢治,58.0,13,13,12,12,0,0.9,9,69.3,"1093",0,0,0,10,10,34.8,462,畑端省吾,栗,0,20103898,01166,01188,0125141013,ノルマンディーサラ,岡田スタツド,スノードラゴン,シャルマンレーヌ,ダンスインザダーク,栗毛,200601,   38.3,  ,    ,49.1
25,08,03,1,札幌,4,11,クイーンG3,163,芝,0,1800,良,パレハ            ,牝,4,鮫島克駿,55.0,14,01,5,5,0,0.3,8,106.3,"1463",0,6,7,7,7,35,440,新谷功一,栗,380,21106752,01157,01172,0125141101,中村忠彦,平山牧場,サトノクラウン,アルマミーア,ディープインパクト,青鹿,210322,   26.5,  ,    ,51.9
25,08,03,1,札幌,4,11,クイーンG3,163,芝,0,1800,良,フェアエールング  ,牝,5,丹内祐次,56.0,14,02,3,3,0,0.1,4,106.1,"1461",0,5,5,4,2,35.5,462,和田正一,美,950,20105795,01091,01114,0125141102,サラブレッドクラブ,ビッグレッドファー,ゴールドシップ,マイネポリーヌ,スペシャルウィーク,芦毛,200318,    7.5,  ,    ,49.4
25,08,03,1,札幌,4,11,クイーンG3,163,芝,0,1800,良,グランスラムアスク,牝,6,古川奈穂,55.0,14,03,12,12,0,1.4,14,107.4,"1474",0,10,10,10,12,35.8,470,矢作芳人,栗,0,19101629,01190,01075,0125141103,廣崎利洋HD,下河辺牧場,ディープインパクト,ジェニサ,"Storm Cat",鹿毛,190311,  304.0,  ,    ,50.0
25,08,03,1,札幌,4,11,クイーンG3,163,芝,0,1800,良,ココナッツブラウン,牝,5,北村友一,55.0,14,04,2,2,0,0,2,106,"1460",0,12,12,13,11,34,470,上村洋行,栗,1500,20101607,01102,01168,0125141104,下河辺隆行,下河辺牧場,キタサンブラック,ルアーズストリート,キングカメハメハ,鹿毛,200428,    4.0,  ,    ,55.9
25,08,03,1,札幌,4,11,クイーンG3,163,芝,0,1800,良,コンクシェル      ,牝,5,佐々木大,55.0,14,05,13,13,0,1.6,13,107.6,"1476",0,1,1,1,1,37.5,482,清水久詞,栗,0,20105626,01197,01110,0125141105,前田晋二,ノースヒルズ,キズナ,ザナ,Galileo,黒鹿,200425,  162.5,  ,    ,43.5
25,08,03,1,札幌,4,11,クイーンG3,163,芝,0,1800,良,ドナベティ        ,牝,4,藤岡佑介,55.0,14,06,11,11,0,1.4,12,107.4,"1474",0,14,14,14,14,34.9,428,矢作芳人,栗,0,21100210,01093,01075,0125141106,小川眞査雄,下屋敷牧場,リアルスティール,ドナルチア,"Malibu Moon",鹿毛,210310,  161.5,  ,    ,53.9
25,08,03,1,札幌,4,11,クイーンG3,163,芝,0,1800,良,レーゼドラマ      ,牝,3,キング,53.0,14,07,10,10,0,1.2,3,107.2,"1472",0,8,7,7,8,35.9,476,辻野泰之,栗,0,22105346,05643,01183,0125141107,社台レースホース,社台ファーム,キズナ,シアードラマ,"Burning Roma",鹿毛,220512,    7.2,  ,    ,49.3
25,08,03,1,札幌,4,11,クイーンG3,163,芝,0,1800,良,シングザットソング,牝,5,武豊,56.0,14,08,7,7,0,0.5,11,106.5,"1465",0,8,9,7,9,35.1,446,高野友和,栗,0,20102660,00666,01117,0125141108,社台レースホース,社台コーポレーショ,ドゥラメンテ,ザガールインザットソング,"My Golden Song",黒鹿,200127,   43.0,  ,    ,51.7
25,08,03,1,札幌,4,11,クイーンG3,163,芝,0,1800,良,ビヨンドザヴァレー,牝,5,菱田裕二,55.0,14,09,6,6,0,0.3,7,106.3,"1463",0,4,4,4,4,35.7,480,橋口慎介,栗,0,20103099,01144,01154,0125141109,社台レースホース,社台ファーム,イスラボニータ,リリーオブザヴァレー,Galileo,鹿毛,200427,   24.6,  ,    ,48.9
25,08,03,1,札幌,4,11,クイーンG3,163,芝,0,1800,良,アルジーヌ        ,牝,5,川田将雅,56.0,14,10,1,1,0,0,1,106,"1460",0,6,6,6,6,34.9,460,中内田充,栗,3800,20100148,01088,01137,0125141110,ロードホースクラブ,ケイアイファーム,ロードカナロア,キャトルフィーユ,ディープインパクト,黒鹿,200425,    2.9,  ,    ,51.9
25,08,03,1,札幌,4,11,クイーンG3,163,芝,0,1800,良,ライラック        ,牝,6,石川裕紀,55.0,14,11,4,4,0,0.3,10,106.3,"1463",0,10,10,10,9,34.6,454,相沢郁,美,570,19103588,01150,01020,0125141111,芹澤精一,杵臼牧場,オルフェーヴル,ヴィーヴァブーケ,キングカメハメハ,鹿毛,190428,   39.1,  ,    ,53.6
25,08,03,1,札幌,4,11,クイーンG3,163,芝,0,1800,良,アリスヴェリテ    ,牝,5,池添謙一,55.0,14,12,8,8,0,1,6,107,"1470",0,2,2,2,2,36.8,482,中竹和也,栗,0,20105655,01032,01039,0125141112,加藤誠,ノースヒルズ,キズナ,ルミエールヴェリテ,Cozzene,鹿毛,200428,   11.2,  ,    ,45.4
25,08,03,1,札幌,4,11,クイーンG3,163,芝,0,1800,良,クリスマスパレード,牝,4,横山武史,57.0,14,13,9,9,0,1,5,107,"1470",0,13,12,12,13,35.1,468,加藤士津,美,0,21105799,01170,01169,0125141113,G1レーシング,ノーザンファーム,キタサンブラック,ミスエリカ,Blame,青鹿,210329,    8.3,  ,    ,52.4
25,08,03,1,札幌,4,11,クイーンG3,163,芝,0,1800,良,フィールシンパシー,牝,6,横山琉人,55.0,14,14,14,14,0,1.8,9,107.8,"1478",0,3,3,3,4,37.3,456,小島茂之,美,0,19105768,01192,01068,0125141114,岡田牧雄,岡田スタツド,ベーカバド,スマートシンパシー,ダンスインザダーク,鹿毛,190517,   29.1,  ,    ,44.5
25,08,03,1,札幌,4,12,積丹特別･1勝,23,芝,0,2600,良,ラーシャローム    ,牡,3,石川裕紀,55.0,8,01,6,6,0,1.3,6,165.8,"2458",0,6,6,2,4,36.1,474,奥村武,美,0,22103406,01150,01145,0125141201,ノルマンディーサラ,アフリートファーム,トーセンラー,アンジェリカス,ハービンジャー,栗毛,220405,   27.5,  ,    ,57.8
25,08,03,1,札幌,4,12,積丹特別･1勝,23,芝,0,2600,良,ディアマイハニー  ,牝,3,川又賢治,53.0,8,02,0,0,3,999.9,0,0,"----",0,0,0,0,0,0,456,中尾秀正,栗,0,22104500,01166,01069,0125141202,京都ホースレーシン,前谷牧場,カリフォルニアクローム,ハニーパイ,サウスヴィグラス,栗毛,220505,    0.0,  ,    , 0.0
25,08,03,1,札幌,4,12,積丹特別･1勝,23,芝,0,2600,良,ペリプルス        ,牡,5,吉田隼人,58.0,8,03,7,7,0,1.3,7,165.8,"2458",0,6,7,7,7,35.2,442,佐藤吉勝,美,0,20105796,01095,01035,0125141203,ビッグレッドファー,ビッグレッドファー,ゴールドシップ,マイネリベルタス,コンデュイット,芦毛,200413,   36.3,  ,    ,61.3
25,08,03,1,札幌,4,12,積丹特別･1勝,23,芝,0,2600,良,シャインバオバブ  ,牡,3,古川吉洋,55.0,8,04,5,5,0,0.9,5,165.4,"2454",0,4,5,6,6,35.1,506,本田優,栗,111,22106180,01015,01099,0125141204,吉岡輝美,川島牧場,シルバーステート,レユシット,ルーラーシップ,青鹿,220417,   12.0,  ,    ,61.4
25,08,03,1,札幌,4,12,積丹特別･1勝,23,芝,0,2600,良,カーミングライツ  ,牡,3,キング,55.0,8,05,3,3,0,0.8,2,165.3,"2453",0,4,3,4,5,35.5,522,小島茂之,美,280,22104725,05643,01068,0125141205,キャロットファーム,ノーザンファーム,サトノダイヤモンド,カーミングエフェクト,"War Front",鹿毛,220201,    3.5,  ,    ,59.7
25,08,03,1,札幌,4,12,積丹特別･1勝,23,芝,0,2600,良,アルマデオロ      ,牡,3,武豊,55.0,8,06,1,1,0,-0.2,1,164.5,"2445",0,2,2,2,2,34.9,496,清水久詞,栗,1110,22102199,00666,01110,0125141206,ヒダカ・ブリーダー,ヤナガワ牧場,レイデオロ,シュガーハート,サクラバクシンオー,鹿毛,220326,    2.9,  ,    ,61.4
25,08,03,1,札幌,4,12,積丹特別･1勝,23,芝,0,2600,良,マイファミリー    ,牡,4,黛弘人,58.0,8,07,2,2,0,0.2,4,164.7,"2447",0,3,3,5,3,34.8,446,深山雅史,美,440,21103345,01109,01174,0125141207,ミルファーム,ミルファーム,ダノンバラード,ユメノマイホーム,ストーミングホーム,青鹿,210214,    4.3,  ,    ,62.0
25,08,03,1,札幌,4,12,積丹特別･1勝,23,芝,0,2600,良,ボンドロア        ,牡,3,横山典弘,55.0,8,08,4,4,0,0.8,3,165.3,"2453",0,1,1,1,1,35.7,470,松永幹夫,栗,170,22105485,00660,01092,0125141208,寺田寿男,社台ファーム,サートゥルナーリア,ブリッジクライム,ゼンノロブロイ,鹿毛,220219,    4.0,  ,    ,58.9
25,08,09,1,札幌,5,01,未勝利*,7,芝,0,1500,稍,ライトアズフェザー,牝,2,鮫島克駿,55.0,12,01,11,11,0,0.9,8,91,"1310",0,0,1,1,1,37.4,448,千葉直人,美,0,23106063,01157,01199,0125150101,ディアレストクラブ,チェスナットファー,アルアイン,ベッラヴォルタ,ヴィクトワールピサ,鹿毛,230206,   35.2,  ,    ,45.5
25,08,09,1,札幌,5,01,未勝利*,7,芝,0,1500,稍,ヨッシーリオ      ,牡,2,丸山元気,55.0,12,02,6,6,0,0.5,10,90.6,"1306",0,0,4,6,9,36.4,444,北出成人,栗,0,23102473,01127,01078,0125150102,吉岡隆,岡田牧場,フィエールマン,ヒロシゲカナユリ,ロードカナロア,鹿毛,230317,   46.7,  ,    ,49.3
25,08,09,1,札幌,5,01,未勝利*,7,芝,0,1500,稍,モズプリフォール  ,牡,2,古川奈穂,52.0,12,03,7,7,0,0.6,5,90.7,"1307",0,0,6,9,11,36.2,494,矢作芳人,栗,0,23105738,01190,01075,0125150103,北側雅司,上村清志,モズアスコット,グランプリエンゼル,アグネスデジタル,栗毛,230404,   14.9,  ,    ,50.4
25,08,09,1,札幌,5,01,未勝利*,7,芝,0,1500,稍,ブライトフレア    ,牡,2,浜中俊,55.0,12,04,1,1,0,0,3,90.1,"1301",0,0,12,12,7,35.3,440,佐藤悠太,栗,560,23103388,01115,01205,0125150104,吉田千津,社台ファーム,ポエティックフレア,クラリスピンク,ネオユニヴァース,鹿毛,230410,   11.1,  ,    ,53.5
25,08,09,1,札幌,5,01,未勝利*,7,芝,0,1500,稍,マルモリラピダス  ,牡,2,松山弘平,55.0,12,05,9,9,0,0.7,2,90.8,"1308",0,0,6,7,10,36.5,422,緒方努,栗,0,23104838,01126,01193,0125150105,山下繁美,金石牧場,サトノクラウン,ミヤビエメライン,マンハッタンカフェ,黒鹿,230527,    6.1,  ,    ,49.2
25,08,09,1,札幌,5,01,未勝利*,7,芝,0,1500,稍,スカイピア        ,牝,2,小林美駒,52.0,12,06,4,4,0,0.3,7,90.4,"1304",0,0,2,2,2,36.6,436,前川恭子,栗,84,23110026,01206,01210,0125150106,澤田佑介,"Ecurie Hunter Vall","Palace Pier","Sun Bear",Dubawi,鹿毛,230203,   30.9,  ,    ,48.0
25,08,09,1,札幌,5,01,未勝利*,7,芝,0,1500,稍,コマチチャン      ,牝,2,荻野琢真,55.0,12,07,10,10,0,0.8,6,90.9,"1309",0,0,10,9,11,36.4,464,小椋研介,栗,0,23106086,01112,01197,0125150107,盛学志,チャンピオンズファ,キズナ,シュウギン,スウェプトオーヴァーボード,鹿毛,230205,   15.2,  ,    ,49.8
25,08,09,1,札幌,5,01,未勝利*,7,芝,0,1500,稍,サザンテイオー    ,牡,2,橋木太希,52.0,12,08,5,5,0,0.5,12,90.6,"1306",0,0,9,7,7,36.3,432,根本康広,美,56,23102439,01215,01029,0125150108,サザンホールディン,岡田スタツド,シルバーステート,ロンス,スウェプトオーヴァーボード,鹿毛,230313,  110.0,  ,    ,49.7
25,08,09,1,札幌,5,01,未勝利*,7,芝,0,1500,稍,ケイベエ          ,牡,2,吉田隼人,55.0,12,09,12,12,0,1,9,91.1,"1311",0,0,3,2,5,37.2,462,杉浦宏昭,美,0,23102803,01095,01008,0125150109,桑野克己,タイヘイ牧場,エピファネイア,トゥアーニー,"Country Reel",青鹿,230310,   39.4,  ,    ,46.6
25,08,09,1,札幌,5,01,未勝利*,7,芝,0,1500,稍,ストームサンダー  ,牡,2,丹内祐次,55.0,12,10,3,3,0,0.1,4,90.2,"1302",0,0,10,9,3,35.7,456,安達昭夫,栗,140,23100772,01091,01042,0125150110,"Him Rock Racingホ",北田剛,ヘンリーバローズ,マイヴィクトリア,キングカメハメハ,黒鹿,230403,   13.7,  ,    ,51.8
25,08,09,1,札幌,5,01,未勝利*,7,芝,0,1500,稍,ルーセントムーン  ,牡,2,斎藤新,55.0,12,11,8,8,0,0.7,11,90.8,"1308",0,0,5,4,5,36.8,464,高橋一哉,栗,0,23100690,01178,01206,0125150111,村島聡乃,"M STABLE",インディチャンプ,サンドグロース,"Mr. Greeley",青鹿,230408,  103.7,  ,    ,47.8
25,08,09,1,札幌,5,01,未勝利*,7,芝,0,1500,稍,アニマレイ        ,牡,2,佐々木大,55.0,12,12,2,2,0,0,1,90.1,"1301",0,0,6,4,3,36.1,468,須貝尚介,栗,220,23105279,01197,01105,0125150112,Gリビエール・レー,ノーザンファーム,ニューイヤーズデイ,ガルデルスリール,ダイワメジャー,青鹿,230307,    1.4,  ,    ,49.7
25,08,09,1,札幌,5,02,未勝利・牝,7,ダ,1,1700,重,キャットテイル    ,牝,3,藤岡佑介,55.0,14,01,14,14,0,6.8,9,112,"1520",0,8,8,8,12,44.3,422,野中賢二,栗,0,22101678,01093,01098,0125150201,ゴドルフィン,ダーレー・ジャパン,ディスクリートキャット,ピクシープリンセス,ディープインパクト,鹿毛,220305,   37.8,  ,    ,33.4
25,08,09,1,札幌,5,02,未勝利・牝,7,ダ,1,1700,重,キタノホウセキ    ,牝,3,川又賢治,55.0,14,02,3,3,0,0.9,3,106.1,"1461",0,2,1,1,1,39.7,464,畑端省吾,栗,140,22107145,01166,01188,0125150202,北所直人,山岡牧場,ロジャーバローズ,エトワールドロゼ,アドマイヤマックス,栗毛,220430,    6.0,  ,    ,41.2
25,08,09,1,札幌,5,02,未勝利・牝,7,ダ,1,1700,重,アルマヴィーナス  ,牝,3,古川吉洋,55.0,14,03,11,11,0,2.3,12,107.5,"1475",0,4,4,5,6,40.4,456,中舘英二,美,0,22100217,01015,01153,0125150203,コウトミックレーシ,小島牧場,サトノダイヤモンド,アルマディヴァン,メジロベイリー,鹿毛,220527,  101.3,  ,    ,40.6
25,08,09,1,札幌,5,02,未勝利・牝,7,ダ,1,1700,重,グランシャット    ,牝,3,丸山元気,55.0,14,04,5,5,0,1.3,13,106.5,"1465",0,10,10,10,7,38.7,442,宮田敬介,美,56,22105968,01127,01175,0125150204,小山大介,レイクヴィラファー,ルヴァンスレーヴ,デリケートアーチ,アフリート,栗毛,220310,  104.8,  ,    ,45.6
25,08,09,1,札幌,5,02,未勝利・牝,7,ダ,1,1700,重,ミサビスケッツ    ,牝,3,ルメール,55.0,14,05,1,1,0,-0.7,1,105.2,"1452",0,4,4,4,3,38.4,448,村田一誠,美,560,22104317,05339,01190,0125150205,嶋田一成,服部牧場,マインドユアビスケッツ,ホクラニミサ,ディープインパクト,黒鹿,220316,    1.6,  ,    ,44.9
25,08,09,1,札幌,5,02,未勝利・牝,7,ダ,1,1700,重,クインズマカロン  ,牝,3,荻野琢真,55.0,14,06,7,7,0,1.5,2,106.7,"1467",0,13,13,13,11,38.1,404,小林真也,栗,0,22103940,01112,01185,0125150206,ケイアイスタリオン,静内山田牧場,マインドユアビスケッツ,クインズカトレア,エスポワールシチー,鹿毛,220228,    4.9,  ,    ,48.2
25,08,09,1,札幌,5,02,未勝利・牝,7,ダ,1,1700,重,ネトル            ,牝,3,古川奈穂,52.0,14,07,10,10,0,1.8,6,107,"1470",0,6,6,7,7,39.6,398,高橋康之,栗,0,22106614,01190,01135,0125150207,ノースヒルズ,ノースヒルズ,マジェスティックウォリアー,アニエーゼ,Ghostzapper,黒鹿,220307,   28.0,  ,    ,42.8
25,08,09,1,札幌,5,02,未勝利・牝,7,ダ,1,1700,重,ダノンブロッサム  ,牝,3,鮫島克駿,55.0,14,08,12,12,0,4.1,14,109.3,"1493",0,10,12,12,12,40.9,438,尾関知人,美,0,22104895,01157,01103,0125150208,ダノックス,ノーザンファーム,ロードカナロア,ダノンポピー,ダイワメジャー,鹿毛,220115,  124.8,  ,    ,41.2
25,08,09,1,札幌,5,02,未勝利・牝,7,ダ,1,1700,重,アンタンシオン    ,牝,3,斎藤新,55.0,14,09,4,4,0,1.2,7,106.4,"1464",0,8,9,8,7,38.7,474,杉山佳明,栗,84,22100146,01178,01178,0125150209,幅田京子,桑田正己,ワールドエース,ナムララピス,キングヘイロー,鹿毛,220502,   33.7,  ,    ,45.4
25,08,09,1,札幌,5,02,未勝利・牝,7,ダ,1,1700,重,ユウメモリー      ,牝,3,松本大輝,54.0,14,10,6,6,0,1.4,5,106.6,"1466",0,1,2,2,3,40.1,442,新谷功一,栗,0,22106850,01191,01172,0125150210,アイテツ,北星村田牧場,ホッコータルマエ,アンケセナーメン,ブライアンズタイム,鹿毛,220502,   20.6,  ,    ,40.5
25,08,09,1,札幌,5,02,未勝利・牝,7,ダ,1,1700,重,ミートザターゲット,牝,3,黛弘人,55.0,14,11,13,13,0,4.6,11,109.8,"1498",0,12,11,14,14,40.8,430,森一誠,美,0,22103895,01109,01201,0125150211,中越達也,静内白井牧場,リアルスティール,フェアリーズ,"Medaglia d'Oro",鹿毛,220315,   90.2,  ,    ,42.2
25,08,09,1,札幌,5,02,未勝利・牝,7,ダ,1,1700,重,アウスラフラッグ  ,牝,3,小林美駒,52.0,14,12,9,9,0,1.7,10,106.9,"1469",0,6,6,5,5,39.8,470,高柳瑞樹,美,0,22100638,01206,01118,0125150212,中村伊三美,ケイアイファーム,シルバーステート,トルネードフラッグ,キングカメハメハ,鹿毛,220212,   79.1,  ,    ,42.0
25,08,09,1,札幌,5,02,未勝利・牝,7,ダ,1,1700,重,コスモトロイメル  ,牝,3,丹内祐次,55.0,14,13,8,8,0,1.6,8,106.8,"1468",0,14,14,11,10,38.8,470,田島俊明,美,0,22106786,01091,01112,0125150213,ビッグレッドファー,ビッグレッドファー,ダノンバラード,ドリームローズ,サクラバクシンオー,鹿毛,220330,   36.2,  ,    ,45.6
25,08,09,1,札幌,5,02,未勝利・牝,7,ダ,1,1700,重,ハローエンジェル  ,牝,3,舟山瑠泉,52.0,14,14,2,2,0,0.7,4,105.9,"1459",0,2,2,2,2,39.4,464,田中克典,栗,220,22102292,01221,01180,0125150214,廣崎智子,"ASK STUD",レイデオロ,エンジェルドンキ,ディープインパクト,栗毛,220526,   14.6,  ,    ,42.1
25,08,09,1,札幌,5,03,未勝利,7,芝,0,1200,稍,アセンディア      ,牝,3,武豊,55.0,16,01,14,14,0,1.2,2,70.6,"1106",0,0,0,15,15,35,450,田中勝春,美,0,22104133,00666,01207,0125150301,諸岡勲,千代田牧場,キンシャサノキセキ,スマイリーパワポケ,スウェプトオーヴァーボード,青鹿,220512,    3.5,  ,    ,51.7
25,08,09,1,札幌,5,03,未勝利,7,芝,0,1200,稍,ルクスコロン      ,牝,3,キング,55.0,16,02,12,12,0,0.9,6,70.3,"1103",0,0,0,8,10,35.4,440,上村洋行,栗,0,22103214,05643,01168,0125150302,ルクス,三嶋牧場,モーリス,サトノコメット,ダイワメジャー,鹿毛,220218,   12.8,  ,    ,48.6
25,08,09,1,札幌,5,03,未勝利,7,芝,0,1200,稍,ダークメモリー    ,牝,3,松本大輝,54.0,16,03,13,13,0,1.1,3,70.5,"1105",0,0,0,3,4,36,462,田中克典,栗,0,22110031,01191,01180,0125150303,ゴドルフィン,Godolphin,"Dark Angel","Beautiful Memory","Invincible Spirit",鹿毛,220223,    7.3,  ,    ,45.8
25,08,09,1,札幌,5,03,未勝利,7,芝,0,1200,稍,フィリグラン      ,牝,3,横山武史,55.0,16,04,4,4,0,0.5,7,69.9,"1099",0,0,0,5,4,35.3,432,森田直行,栗,84,22100644,01170,01142,0125150304,中村祐子,ケイアイファーム,ダイワメジャー,ファイナライズ,ロードカナロア,鹿毛,220326,   27.6,  ,    ,48.0
25,08,09,1,札幌,5,03,未勝利,7,芝,0,1200,稍,ロネット          ,牝,3,古川吉洋,55.0,16,05,11,11,0,0.9,12,70.3,"1103",0,0,0,11,12,35.1,424,浜田多実,栗,0,22101459,01015,01138,0125150305,シンザンクラブ,下河辺牧場,モーリス,メモリーコロネット,ロードカナロア,鹿毛,220208,   78.8,  ,    ,50.3
25,08,09,1,札幌,5,03,未勝利,7,芝,0,1200,稍,テーオーシュターデ,牝,3,橋木太希,52.0,16,06,5,5,0,0.5,13,69.9,"1099",0,0,0,5,4,35.3,450,宮徹,栗,56,22107056,01215,01018,0125150306,小笹公也,村上牧場,スクリーンヒーロー,マロンコート,ハービンジャー,栗毛,220227,  111.0,  ,    ,48.0
25,08,09,1,札幌,5,03,未勝利,7,芝,0,1200,稍,タイキクリエイター,牡,3,丸山元気,57.0,16,07,15,15,0,3.6,14,73,"1130",0,0,0,11,13,37.8,578,矢野英一,美,0,22103142,01127,01108,0125150307,大樹ファーム,ビクトリーホースラ,アメリカンペイトリオット,エヴェリーナ,ヴィクトワールピサ,鹿毛,220422,  121.2,  ,    ,43.1
25,08,09,1,札幌,5,03,未勝利,7,芝,0,1200,稍,ヒロノエクスカリバ,牡,3,菅原隆一,57.0,16,08,8,8,0,0.7,11,70.1,"1101",0,0,0,14,13,34.6,440,小手川準,美,0,22104150,01129,01171,0125150308,小野博郷,千代田牧場,ビッグアーサー,ハートオブマイン,ルーラーシップ,鹿毛,220321,   41.1,  ,    ,52.6
25,08,09,1,札幌,5,03,未勝利,7,芝,0,1200,稍,スピリットサージ  ,牝,3,佐々木大,55.0,16,09,7,7,0,0.7,10,70.1,"1101",0,0,0,8,8,35.1,446,須貝尚介,栗,0,22105339,01197,01105,0125150309,社台レースホース,社台ファーム,ブリックスアンドモルタル,サラフィナ,"Refuse To Bend",鹿毛,220301,   34.0,  ,    ,49.7
25,08,09,1,札幌,5,03,未勝利,7,芝,0,1200,稍,グリフォン        ,牝,3,古川奈穂,52.0,16,10,3,3,0,0.4,9,69.8,"1098",0,0,0,2,2,35.4,424,小椋研介,栗,140,22103899,01190,01197,0125150310,村木慎吾,静内白井牧場,サートゥルナーリア,レッドラフィーネ,ハービンジャー,鹿毛,220227,   30.5,  ,    ,47.2
25,08,09,1,札幌,5,03,未勝利,7,芝,0,1200,稍,レオンバルディア  ,牝,3,和田陽希,52.0,16,11,0,0,3,999.9,0,0,"----",0,0,0,0,0,0,418,佐藤悠太,栗,0,22101439,01223,01205,0125150311,フィールドレーシン,下河辺牧場,Caravaggio,ハンティングシーズン,"Pioneerof the Nile",青鹿,220214,    0.0,  ,    , 0.0
25,08,09,1,札幌,5,03,未勝利,7,芝,0,1200,稍,マゴイチタ        ,セ,3,丹内祐次,57.0,16,12,9,9,0,0.8,5,70.2,"1102",0,0,0,3,3,35.7,468,武英智,栗,0,22105793,01091,01161,0125150312,ウエストヒルズ,社台コーポレーショ,ミッキーアイル,サマーローズ,ハービンジャー,鹿毛,220204,    8.5,  ,    ,46.6
25,08,09,1,札幌,5,03,未勝利,7,芝,0,1200,稍,ブラックティンカー,牝,3,吉田隼人,55.0,16,13,6,6,0,0.6,8,70,"1100",0,0,0,1,1,35.7,446,和田雄二,美,0,22100075,01095,01143,0125150313,ターフ・スポート,荻伏服部牧場,シルバーステート,パシュート,キングヘイロー,黒鹿,220512,   30.5,  ,    ,46.1
25,08,09,1,札幌,5,03,未勝利,7,芝,0,1200,稍,アルデヤーノ      ,牡,3,黛弘人,57.0,16,14,10,10,0,0.8,15,70.2,"1102",0,0,0,11,11,35,476,矢野英一,美,0,22105340,01109,01108,0125150314,秋元竜弥,社台ファーム,イスラボニータ,サラーシス,"Sharp Humor",黒鹿,220429,  255.2,  ,    ,50.6
25,08,09,1,札幌,5,03,未勝利,7,芝,0,1200,稍,ハーフェン        ,牝,3,ルメール,55.0,16,15,1,1,0,-0.2,1,69.4,"1094",0,0,0,7,4,34.6,402,新開幸一,美,560,22100614,05339,01116,0125150315,中村祐子,ケイアイファーム,オルフェーヴル,アルセナーレ,クロフネ,栗毛,220211,    3.2,  ,    ,50.6
25,08,09,1,札幌,5,03,未勝利,7,芝,0,1200,稍,セガンティーニ    ,牝,3,松山弘平,55.0,16,16,2,2,0,0.2,4,69.6,"1096",0,0,0,8,8,34.7,472,坂口智康,栗,220,22106835,01126,01170,0125150316,畑佐博,プログレスファーム,ビッグアーサー,カゼノサファイア,スパイキュール,栗毛,220227,    7.3,  ,    ,50.6
25,08,09,1,札幌,5,04,未勝利,7,ダ,1,1700,重,エマージェンス    ,牡,3,佐々木大,57.0,14,01,8,8,0,2.8,8,107.2,"1472",0,8,8,8,7,39.3,500,堀内岳志,美,0,22105448,01197,01189,0125150401,小山大介,社台ファーム,イスラボニータ,パイタ,Intikhab,栗毛,220319,   18.1,  ,    ,44.2
25,08,09,1,札幌,5,04,未勝利,7,ダ,1,1700,重,ルグランシャリオ  ,牡,3,小林美駒,54.0,14,02,13,13,0,4.2,6,108.6,"1486",0,6,5,10,14,40.5,518,石栗龍彦,美,0,22102611,01206,01043,0125150402,ライオンレースホー,浦河日成牧場,フサイチセブン,ティーエスベリー,"New Approach",鹿毛,220214,    9.0,  ,    ,41.7
25,08,09,1,札幌,5,04,未勝利,7,ダ,1,1700,重,ハクサンリバーブ  ,牡,3,斎藤新,57.0,14,03,6,6,0,2.6,14,107,"1470",0,1,1,2,2,40.1,466,松山将樹,美,0,22100239,01178,01100,0125150403,河崎五市,鮫川啓一,ハクサンムーン,サウンドウェーブ,シンボリクリスエス,鹿毛,220303,  147.9,  ,    ,41.0
25,08,09,1,札幌,5,04,未勝利,7,ダ,1,1700,重,ドゥマーヴェリック,牡,3,キング,57.0,14,04,1,1,0,-1.4,4,104.4,"1444",0,2,2,1,1,37.5,464,萩原清,美,560,22103232,05643,01017,0125150404,嶋田一成,三嶋牧場,ドゥラメンテ,バスラットアマル,"New Approach",鹿毛,220208,    7.9,  ,    ,47.3
25,08,09,1,札幌,5,04,未勝利,7,ダ,1,1700,重,ハルフロンティア  ,牡,3,鮫島克駿,57.0,14,05,4,4,0,2,10,106.4,"1464",0,3,3,3,3,39.1,486,池添学,栗,84,22104724,01157,01144,0125150405,MOMOレーシング,ノーザンファーム,レイデオロ,カンデラ,ダイワメジャー,黒鹿,220318,   43.0,  ,    ,43.9
25,08,09,1,札幌,5,04,未勝利,7,ダ,1,1700,重,エムティキング    ,牡,3,原田和真,57.0,14,06,10,10,0,3.8,12,108.2,"1482",0,9,8,8,8,40.3,440,小野次郎,美,0,22100427,01143,01125,0125150406,門別牧場,丸村村下ファーム,アドマイヤマーズ,サニーロック,キングカメハメハ,鹿毛,220422,  129.5,  ,    ,41.9
25,08,09,1,札幌,5,04,未勝利,7,ダ,1,1700,重,スティーヴバローズ,牡,3,横山武史,57.0,14,07,7,7,0,2.7,5,107.1,"1471",0,12,12,14,12,38.6,480,上原佑紀,美,0,22104201,01170,01192,0125150407,猪熊広次,飛野牧場,ロジャーバローズ,ハッピーヴァリュー,ゼンノロブロイ,鹿毛,220203,    9.0,  ,    ,46.8
25,08,09,1,札幌,5,04,未勝利,7,ダ,1,1700,重,ヒシカリナン      ,牡,3,丸山元気,57.0,14,08,14,14,0,4.7,11,109.1,"1491",0,9,11,12,13,40.8,448,矢作芳人,栗,0,22101214,01127,01075,0125150408,阿部雅英,賀張三浦牧場,サトノダイヤモンド,ジングルベルロック,"Rock of Gibraltar",鹿毛,220328,   48.8,  ,    ,41.3
25,08,09,1,札幌,5,04,未勝利,7,ダ,1,1700,重,ホウオウサムレット,牡,3,舟山瑠泉,54.0,14,09,2,2,0,1.4,1,105.8,"1458",0,12,12,5,4,38.2,448,田中博康,美,220,22104969,01221,01162,0125150409,小笹芳央,ノーザンファーム,ブリックスアンドモルタル,ビキニブロンド,キングカメハメハ,黒鹿,220222,    2.8,  ,    ,46.5
25,08,09,1,札幌,5,04,未勝利,7,ダ,1,1700,重,ミライエイゴウ    ,牡,3,横山和生,57.0,14,10,9,9,0,3.4,2,107.8,"1478",0,14,14,12,9,39.5,458,四位洋文,栗,0,22102133,01140,01184,0125150410,西村有人,モリナガファーム,ミッキーアイル,スターリングブルス,ハードスパン,鹿毛,220331,    5.5,  ,    ,44.3
25,08,09,1,札幌,5,04,未勝利,7,ダ,1,1700,重,オンクラウドナイン,牡,3,藤岡佑介,57.0,14,11,3,3,0,2,7,106.4,"1464",0,7,5,4,4,38.9,516,和田正一,美,140,22106754,01093,01114,0125150411,ノースヒルズ,平山牧場,ラニ,シアージュ,"Raven's Pass",芦毛,220328,   13.5,  ,    ,44.6
25,08,09,1,札幌,5,04,未勝利,7,ダ,1,1700,重,ハイアップグレード,牡,3,古川吉洋,57.0,14,12,12,12,0,4.2,9,108.6,"1486",0,3,3,5,9,41,486,谷潔,栗,0,22101326,01015,00431,0125150412,服部新平,ケイズ,ディーマジェスティ,ピントゥハティ,アドマイヤムーン,栗毛,220525,   39.3,  ,    ,39.9
25,08,09,1,札幌,5,04,未勝利,7,ダ,1,1700,重,ブルームノーズ    ,牡,3,松山弘平,57.0,14,13,5,5,0,2,13,106.4,"1464",0,3,5,7,6,38.7,450,伊藤大士,美,56,22109092,01126,01109,0125150413,那須野牧場,恵比寿興業株式会社,アドマイヤマーズ,シングシングシング,ヨハネスブルグ,栗毛,220320,  147.0,  ,    ,45.4
25,08,09,1,札幌,5,04,未勝利,7,ダ,1,1700,重,セリオヴェローチェ,牡,3,武豊,57.0,14,14,11,11,0,4.2,3,108.6,"1486",0,9,10,10,9,40.6,442,上村洋行,栗,0,22104706,00666,01168,0125150414,"TO RACING",ノーザンファーム,サートゥルナーリア,オーサムウインド,ディープインパクト,栗毛,220118,    6.7,  ,    ,41.4
25,08,09,1,札幌,5,05,新馬,15,芝,0,1800,稍,ペプチドエレノア  ,牡,2,武豊,55.0,12,01,4,4,0,1,4,111,"1510",0,10,10,9,9,36.8,486,武英智,栗,110,23102489,00666,01161,0125150501,沼川一彦,岡田牧場,サートゥルナーリア,ヤマカツマリリン,グラスワンダー,黒鹿,230509,    7.2,  ,    ,50.8
25,08,09,1,札幌,5,05,新馬,15,芝,0,1800,稍,セルレーヴ        ,牝,2,舟山瑠泉,52.0,12,02,7,7,0,1.7,8,111.7,"1517",0,3,3,4,5,38.1,466,田中博康,美,0,23107085,01221,01162,0125150502,シルクレーシング,ノーザンファーム,リオンディーズ,セリユーズ,ディープインパクト,黒鹿,230315,   46.7,  ,    ,46.6
25,08,09,1,札幌,5,05,新馬,15,芝,0,1800,稍,チェイサー        ,牡,2,鮫島克駿,55.0,12,03,8,8,0,2.2,10,112.2,"1522",0,11,11,10,9,37.8,426,相沢郁,美,0,23104603,01157,01020,0125150503,本間茂,村上欽哉,レイデオロ,ウェストレー,オルフェーヴル,鹿毛,230202,   78.6,  ,    ,48.4
25,08,09,1,札幌,5,05,新馬,15,芝,0,1800,稍,テリオスルミ      ,牝,2,横山武史,55.0,12,04,11,11,0,4.5,7,114.5,"1545",0,1,1,2,4,41.2,438,高柳瑞樹,美,0,23104449,01170,01118,0125150504,鈴木美江子,ハシモトフアーム,サトノダイヤモンド,ミッキーパール,タニノギムレット,鹿毛,230315,   21.6,  ,    ,39.0
25,08,09,1,札幌,5,05,新馬,15,芝,0,1800,稍,カデナボニータ    ,牝,2,斎藤新,55.0,12,05,5,5,0,1,9,111,"1510",0,7,7,7,7,37.2,418,小椋研介,栗,75,23105200,01178,01197,0125150505,小田吉男,丸村村下ファーム,イスラボニータ,サニーヘイロー,キングヘイロー,鹿毛,230420,   50.9,  ,    ,49.2
25,08,09,1,札幌,5,05,新馬,15,芝,0,1800,稍,ヒシアムルーズ    ,牡,2,キング,55.0,12,06,1,1,0,-0.3,1,110,"1500",0,2,2,1,1,36.7,472,堀宣行,美,750,23107091,05643,01070,0125150506,"Hishi Partners",ノーザンファーム,サートゥルナーリア,ソーメニーウェイズ,Sightseeing,黒鹿,230224,    2.2,  ,    ,49.9
25,08,09,1,札幌,5,05,新馬,15,芝,0,1800,稍,ソウルサヴァイヴ  ,牡,2,丹内祐次,55.0,12,07,10,10,0,2.7,11,112.7,"1527",0,5,5,4,8,39.1,480,岩戸孝樹,美,0,23106193,01091,01051,0125150507,ディアレストクラブ,ディアレストクラブ,ロジャーバローズ,ヒシカルメン,ロックオブジブラルタル,鹿毛,230211,  119.0,  ,    ,44.1
25,08,09,1,札幌,5,05,新馬,15,芝,0,1800,稍,ボッチョ          ,牝,2,吉田隼人,55.0,12,08,9,9,0,2.7,6,112.7,"1527",0,9,9,10,11,38.2,430,石坂公一,栗,0,23101001,01095,01166,0125150508,ヒダカ・ブリーダー,白井牧場,オルフェーヴル,ブラーノ,キングカメハメハ,栗毛,230223,   15.6,  ,    ,47.5
25,08,09,1,札幌,5,05,新馬,15,芝,0,1800,稍,ワラビガミ        ,牝,2,ルメール,55.0,12,09,0,0,3,999.9,0,0,"----",0,0,0,0,0,0,416,新谷功一,栗,0,23102698,05339,01172,0125150509,岡浩二,サンデーヒルズ,リアルスティール,ゴールデンドックエー,"Unusual Heat",鹿毛,230324,    0.0,  ,    , 0.0
25,08,09,1,札幌,5,05,新馬,15,芝,0,1800,稍,グレーヌドジョワ  ,牡,2,松山弘平,55.0,12,10,3,3,0,0.5,2,110.5,"1505",0,3,3,3,2,37.1,458,今野貞一,栗,190,23103351,01126,01128,0125150510,グリーンファーム,社台ファーム,ロードカナロア,エバーブロッサム,ディープインパクト,鹿毛,230317,    4.8,  ,    ,48.9
25,08,09,1,札幌,5,05,新馬,15,芝,0,1800,稍,コレクト          ,牡,2,佐々木大,55.0,12,11,6,6,0,1.1,5,111.1,"1511",0,7,8,7,5,37.3,510,黒岩陽一,美,0,23104948,01197,01133,0125150511,長谷川祐司,富田牧場,キズナ,トゥルヴァ,Frankel,鹿毛,230303,    8.4,  ,    ,48.9
25,08,09,1,札幌,5,05,新馬,15,芝,0,1800,稍,アッカン          ,牡,2,池添謙一,55.0,12,12,2,2,0,0.3,3,110.3,"1503",0,5,6,6,2,36.6,454,奥村武,美,300,23106288,01032,01145,0125150512,"Grande Racing",ノースガーデン,ホークビル,シティリズム,エイシンフラッシュ,鹿毛,230427,    6.0,  ,    ,50.7
25,08,09,1,札幌,5,06,未勝利,7,芝,0,2000,稍,メイショウキンタイ,牡,3,武豊,57.0,15,01,4,4,0,0.9,1,123,"2030",0,8,8,8,8,35.9,476,高橋亮,栗,84,22100068,00666,01136,0125150601,松本好隆,大島牧場,フィエールマン,ビーマイステディ,ヴィクトワールピサ,黒鹿,220319,    2.4,  ,    ,54.0
25,08,09,1,札幌,5,06,未勝利,7,芝,0,2000,稍,ウィスパーボイス  ,牡,3,藤岡佑介,57.0,15,02,15,15,0,2.2,12,124.3,"2043",0,15,15,15,15,36.3,480,千田輝彦,栗,0,22100219,01093,01120,0125150602,ディアレスト,小島牧場,ハービンジャー,スイートウィスパー,ルーラーシップ,鹿毛,220424,  110.7,  ,    ,53.9
25,08,09,1,札幌,5,06,未勝利,7,芝,0,2000,稍,ドゥラエテルノ    ,牡,3,浜中俊,57.0,15,03,8,8,0,1.1,3,123.2,"2032",0,8,8,8,8,36,476,武幸四郎,栗,0,22102722,01115,01160,0125150603,インゼルレーシング,杵臼牧場,ドゥラメンテ,アイリスフィール,ハービンジャー,青鹿,220320,    5.3,  ,    ,53.8
25,08,09,1,札幌,5,06,未勝利,7,芝,0,2000,稍,ビジュードネージュ,牝,3,キング,55.0,15,04,7,7,0,1.1,5,123.2,"2032",0,10,10,8,8,36.1,432,高柳大輔,栗,0,22101580,05643,01159,0125150604,フォレストレーシン,高柳隆男,ゴールドシップ,プリンシアルーチェ,ヘニーヒューズ,芦毛,220203,   18.7,  ,    ,53.4
25,08,09,1,札幌,5,06,未勝利,7,芝,0,2000,稍,ラッキーロジータ  ,牝,3,斎藤新,55.0,15,05,10,10,0,1.2,9,123.3,"2033",0,6,6,5,4,36.4,474,相沢郁,美,0,22102918,01178,01020,0125150605,芹澤精一,谷川牧場,オルフェーヴル,リヴィングビーイング,Medicean,鹿毛,220422,   43.4,  ,    ,52.3
25,08,09,1,札幌,5,06,未勝利,7,芝,0,2000,稍,オメガエクレール  ,牝,3,横山和生,55.0,15,06,13,13,0,1.9,11,124,"2040",0,14,14,14,14,36.2,420,斎藤誠,美,0,22105270,01140,01086,0125150606,原禮子,社台ファーム,イスラボニータ,オメガスピリット,スピニングワールド,黒鹿,220501,   69.7,  ,    ,53.9
25,08,09,1,札幌,5,06,未勝利,7,芝,0,2000,稍,アクアジェット    ,牡,3,丸山元気,57.0,15,07,6,6,0,1,13,123.1,"2031",0,3,3,3,3,36.7,458,岩戸孝樹,美,0,22104076,01127,01051,0125150607,ブルースターズファ,谷岡スタット,ビーチパトロール,サクラナスカ,サクラバクシンオー,黒鹿,220401,  121.3,  ,    ,50.9
25,08,09,1,札幌,5,06,未勝利,7,芝,0,2000,稍,メテオレーナ      ,牝,3,鮫島克駿,55.0,15,08,9,9,0,1.1,8,123.2,"2032",0,10,10,11,11,35.8,414,中村直也,栗,0,22103712,01157,01186,0125150608,永山勝敏,木村秀則,ルーラーシップ,メテオーリカ,ディープインパクト,鹿毛,220415,   35.9,  ,    ,54.6
25,08,09,1,札幌,5,06,未勝利,7,芝,0,2000,稍,ブルースバローズ  ,牡,3,佐々木大,57.0,15,09,11,11,0,1.6,4,123.7,"2037",0,12,12,12,12,36.2,504,中内田充,栗,0,22101397,01197,01137,0125150609,猪熊広次,下河辺牧場,ドゥラメンテ,オールウェイズウィリング,"Elusive Quality",黒鹿,220416,    7.9,  ,    ,53.6
25,08,09,1,札幌,5,06,未勝利,7,芝,0,2000,稍,アリスメティーク  ,牝,3,ルメール,55.0,15,10,1,1,0,-0.4,2,122.1,"2021",0,7,6,7,4,35.1,438,大竹正博,美,560,22105796,05339,01102,0125150610,藤田岳彦,社台コーポレーショ,ミッキーアイル,サンクボヌール,ハービンジャー,鹿毛,220128,    3.4,  ,    ,56.2
25,08,09,1,札幌,5,06,未勝利,7,芝,0,2000,稍,ウィットビーアビー,牡,3,古川吉洋,57.0,15,11,14,14,0,2.1,15,124.2,"2042",0,3,3,3,4,37.7,492,池江泰寿,栗,0,22104968,01015,01071,0125150611,サンデーレーシング,ノーザンファーム,キズナ,ヒルダズパッション,"Canadian Frontier",鹿毛,220326,  239.2,  ,    ,48.3
25,08,09,1,札幌,5,06,未勝利,7,芝,0,2000,稍,バルデラマ        ,牡,3,吉田隼人,57.0,15,12,12,12,0,1.6,10,123.7,"2037",0,12,12,13,12,36,464,辻野泰之,栗,0,22103280,01095,01183,0125150612,江馬由将,三嶋牧場,キタサンブラック,ワンダーフィリー,"Invincible Spirit",黒鹿,220318,   57.6,  ,    ,54.4
25,08,09,1,札幌,5,06,未勝利,7,芝,0,2000,稍,アンガアヴィス    ,セ,3,和田陽希,54.0,15,13,5,5,0,0.9,14,123,"2030",0,2,2,2,2,36.8,440,新開幸一,美,56,22106195,01223,01116,0125150613,ディアレストクラブ,小泉牧場,ルーラーシップ,コウエイオトメ,ハーツクライ,黒鹿,220429,  231.4,  ,    ,50.4
25,08,09,1,札幌,5,06,未勝利,7,芝,0,2000,稍,ラースアルアイン  ,牡,3,黛弘人,57.0,15,14,3,3,0,0.8,6,122.9,"2029",0,5,5,5,4,36.1,538,中川公成,美,140,22100263,01109,01081,0125150614,ミルファーム,猿橋義昭,アルアイン,クリスマドンナ,シンボリクリスエス,鹿毛,220326,   23.9,  ,    ,53.0
25,08,09,1,札幌,5,06,未勝利,7,芝,0,2000,稍,エオアリイ        ,牡,3,舟山瑠泉,54.0,15,15,2,2,0,0.4,7,122.5,"2025",0,1,1,1,1,36.5,460,田中博康,美,220,22103222,01221,01162,0125150615,鈴木剛史,三嶋牧場,ドゥラメンテ,ステラエージェント,"More Than Ready",黒鹿,220209,   30.3,  ,    ,51.0
25,08,09,1,札幌,5,07,１勝ｸﾗｽ,23,ダ,1,1000,重,キアニーナ        ,牝,3,丸山元気,54.0,12,01,6,6,0,1.4,6,60,"1000",0,0,0,7,7,36.4,504,宮田敬介,美,0,22110122,01127,01175,0125150701,吉田和美,"WinStar Farm LLC","Take Charge Indy","Carpe Solis","Carpe Diem",鹿毛,220209,   17.5,  ,    ,47.3
25,08,09,1,札幌,5,07,１勝ｸﾗｽ,23,ダ,1,1000,重,ゲクウ            ,牡,3,森田誠也,53.0,12,02,10,10,0,1.8,9,60.4,"1004",0,0,0,7,7,36.9,504,小手川準,美,0,22103739,01222,01171,0125150702,鈴木剛史,グランド牧場,スズカコーズウェイ,キスミーローズ,サウスヴィグラス,栗毛,220205,   54.7,  ,    ,45.5
25,08,09,1,札幌,5,07,１勝ｸﾗｽ,23,ダ,1,1000,重,ビーマックス      ,牡,3,小林美駒,53.0,12,03,1,1,0,-0.1,1,58.6,"0586",0,0,0,1,1,35.7,504,藤野健太,栗,800,22100729,01206,01200,0125150703,馬場祥晃,タガミファーム,サトノアラジン,タマモカトルズ,サウスヴィグラス,黒鹿,220317,    2.8,  ,    ,46.2
25,08,09,1,札幌,5,07,１勝ｸﾗｽ,23,ダ,1,1000,重,ピクラリーダ      ,牝,4,斎藤新,56.0,12,04,11,11,0,2.5,8,61.1,"1011",0,0,0,3,4,38.1,468,清水英克,美,0,21106347,01178,01080,0125150704,ディアレストクラブ,武田牧場,ブラックタイド,ハイフリート,アフリート,黒鹿,210430,   39.8,  ,    ,40.6
25,08,09,1,札幌,5,07,１勝ｸﾗｽ,23,ダ,1,1000,重,ベニシア          ,牝,4,丹内祐次,56.0,12,05,7,7,0,1.4,10,60,"1000",0,0,0,12,11,35.6,446,粕谷昌央,美,0,21100662,01091,01096,0125150705,ノルマンディーサラ,上山牧場,ヘニーヒューズ,フクシア,ゴールドアリュール,黒鹿,210415,  117.5,  ,    ,52.8
25,08,09,1,札幌,5,07,１勝ｸﾗｽ,23,ダ,1,1000,重,エコロレオナ      ,牝,3,和田陽希,51.0,12,06,4,4,0,0.5,2,59.1,"0591",0,0,0,5,4,35.9,440,森秀行,栗,120,22110110,01223,00427,0125150706,原村正紀,"W. S. Farish","City of Light","Dana Point","Union Rags",鹿毛,220218,    3.5,  ,    ,46.9
25,08,09,1,札幌,5,07,１勝ｸﾗｽ,23,ダ,1,1000,重,ダオラダオラ      ,セ,5,松本大輝,57.0,12,07,8,8,0,1.4,11,60,"1000",0,0,0,10,10,36.2,468,加藤和宏,美,0,20104336,01191,01077,0125150707,ライオンレースホー,タイヘイ牧場,ドレフォン,シェーネフラウ,ゼンノロブロイ,鹿毛,200310,  200.3,  ,    ,48.6
25,08,09,1,札幌,5,07,１勝ｸﾗｽ,23,ダ,1,1000,重,アイファーリーベン,牝,6,橋木太希,53.0,12,08,12,12,0,2.6,12,61.2,"1012",0,0,0,10,11,37.3,458,的場均,美,0,19102950,01215,01063,0125150708,中島稔,加野牧場,アーネストリー,アイファーアプリル,スパイキュール,青毛,190503,  419.4,  ,    ,46.1
25,08,09,1,札幌,5,07,１勝ｸﾗｽ,23,ダ,1,1000,重,サードウインド    ,牝,3,横山武史,54.0,12,09,3,3,0,0.4,4,59,"0590",0,0,0,2,2,36.1,444,西田雄一,美,200,22104546,01170,01187,0125150709,青芝商事,三木田牧場,"Dandy Man",ヴァルドブラムヘン,"Sea The Moon",栗毛,220316,    6.2,  ,    ,45.2
25,08,09,1,札幌,5,07,１勝ｸﾗｽ,23,ダ,1,1000,重,メイショウハッブル,牡,4,柴田裕一,55.0,12,10,9,9,0,1.5,7,60.1,"1001",0,0,0,6,6,36.7,482,石橋守,栗,0,21102550,01212,01140,0125150710,松本好隆,中脇一幸,グレーターロンドン,メイショウルナ,スタチューオブリバティ,鹿毛,210405,   30.9,  ,    ,45.6
25,08,09,1,札幌,5,07,１勝ｸﾗｽ,23,ダ,1,1000,重,スパークルジョイ  ,牝,4,古川奈穂,53.0,12,11,5,5,0,1.2,5,59.8,"0598",0,0,0,7,7,36.2,446,前川恭子,栗,80,21101891,01190,01210,0125150711,輝レーシング,長谷川一男,レッドファルクス,シングルカスク,タニノギムレット,芦毛,210506,    9.2,  ,    ,47.8
25,08,09,1,札幌,5,07,１勝ｸﾗｽ,23,ダ,1,1000,重,ボディブロー      ,牡,4,松山弘平,58.0,12,12,2,2,0,0.1,3,58.7,"0587",0,0,0,3,2,35.7,536,森秀行,栗,320,21110057,01126,00427,0125150712,キーファーズ,"Castleton Lyons an","City of Light","Race to Urga",Bernstein,鹿毛,210228,    4.9,  ,    ,46.6
25,08,09,1,札幌,5,08,１勝ｸﾗｽ・牝,23,ダ,1,1700,重,エンプレスフレーム,牝,3,原田和真,53.0,11,01,2,2,0,0.2,9,105.7,"1457",0,5,6,5,5,36.9,440,上原博之,美,320,22107254,01143,00423,0125150801,ターフ・スポート,奥山ファーム,カリフォルニアクローム,トロピカルガーデン,ハイアーゲーム,鹿毛,220426,   29.4,  ,    ,51.7
25,08,09,1,札幌,5,08,１勝ｸﾗｽ・牝,23,ダ,1,1700,重,セージグリーン    ,牝,4,丹内祐次,56.0,11,02,4,4,0,0.5,8,106,"1460",0,7,8,7,7,37,478,菊川正達,美,120,21104850,01091,01052,0125150802,吉田千津,社台コーポレーショ,ディーマジェスティ,グリサージュ,クロフネ,芦毛,210213,   22.5,  ,    ,51.7
25,08,09,1,札幌,5,08,１勝ｸﾗｽ・牝,23,ダ,1,1700,重,ルージュミラージュ,牝,3,森田誠也,50.0,11,03,6,6,0,0.6,2,106.1,"1461",0,1,1,1,1,39.5,452,武幸四郎,栗,0,22102435,01222,01160,0125150803,東京ホースレーシン,坂東牧場,リアルスティール,レッドディオーサ,キングカメハメハ,鹿毛,220330,    3.3,  ,    ,42.0
25,08,09,1,札幌,5,08,１勝ｸﾗｽ・牝,23,ダ,1,1700,重,ナリタヒカリ      ,牝,3,武豊,53.0,11,04,1,1,0,-0.2,1,105.5,"1455",0,5,4,4,3,36.9,430,荒川義之,栗,800,22102739,00666,01095,0125150804,オースミ,杵臼牧場,ルヴァンスレーヴ,ナリタモード,ナリタセンチュリー,黒鹿,220511,    2.8,  ,    ,51.4
25,08,09,1,札幌,5,08,１勝ｸﾗｽ・牝,23,ダ,1,1700,重,リュミナーズ      ,牝,3,佐々木大,53.0,11,05,8,8,0,1.3,6,106.8,"1468",0,10,10,10,9,37.6,452,堀内岳志,美,0,22101465,01197,01189,0125150805,下河辺牧場,下河辺牧場,ルヴァンスレーヴ,レセディラローナ,エンパイアメーカー,栗毛,220201,   12.0,  ,    ,50.4
25,08,09,1,札幌,5,08,１勝ｸﾗｽ・牝,23,ダ,1,1700,重,ガールズデイアウト,牝,3,川又賢治,53.0,11,06,5,5,0,0.5,5,106,"1460",0,7,7,5,5,37.2,476,吉村圭司,栗,80,22101706,01166,01130,0125150806,ゴドルフィン,ダーレー・ジャパン,ニューイヤーズデイ,レディミドルトン,Kingmambo,鹿毛,220325,   11.3,  ,    ,50.9
25,08,09,1,札幌,5,08,１勝ｸﾗｽ・牝,23,ダ,1,1700,重,ラブミーナッソー  ,牝,3,古川吉洋,53.0,11,07,11,11,0,1.9,3,107.4,"1474",0,9,8,7,7,38.5,464,宮徹,栗,0,22103453,01015,01018,0125150807,小林祥晃,伊藤敏明,コパノリッキー,バックアタック,アグネスデジタル,栗毛,220325,    6.1,  ,    ,47.6
25,08,09,1,札幌,5,08,１勝ｸﾗｽ・牝,23,ダ,1,1700,重,ジョセフィーナ    ,牝,4,斎藤新,56.0,11,08,10,10,0,1.8,10,107.3,"1473",0,3,4,7,9,38.4,398,今野貞一,栗,0,21103217,01178,01128,0125150808,吉澤ホールディング,三嶋牧場,オルフェーヴル,アメリカンドミンゴ,"Scat Daddy",鹿毛,210220,   66.4,  ,    ,47.9
25,08,09,1,札幌,5,08,１勝ｸﾗｽ・牝,23,ダ,1,1700,重,モリノアミーゴ    ,牝,3,小林美駒,50.0,11,09,3,3,0,0.4,7,105.9,"1459",0,3,3,3,3,37.7,460,鈴木伸尋,美,200,22106328,01206,01026,0125150809,森和久,須崎牧場,モーニン,ロサモスカータ,ヴィクトワールピサ,栗毛,220515,   14.6,  ,    ,48.7
25,08,09,1,札幌,5,08,１勝ｸﾗｽ・牝,23,ダ,1,1700,重,スナークメモリー  ,牝,5,柴田裕一,53.0,11,10,7,7,0,0.7,4,106.2,"1462",0,2,2,2,2,39.5,440,宮地貴稔,栗,0,20105167,01212,01211,0125150810,杉本豊,小泉牧場,オルフェーヴル,スナークヒロイン,サクラバクシンオー,鹿毛,200430,    9.6,  ,    ,42.1
25,08,09,1,札幌,5,08,１勝ｸﾗｽ・牝,23,ダ,1,1700,重,カンカール        ,牝,4,松本大輝,55.0,11,11,9,9,0,1.6,11,107.1,"1471",0,11,11,10,11,37.8,470,藤野健太,栗,0,21102303,01191,01200,0125150811,フォレストレーシン,赤石牧場,シャンハイボビー,ウィズペイシェンス,ネオユニヴァース,青鹿,210317,  300.6,  ,    ,50.0
25,08,09,1,札幌,5,09,１勝ｸﾗｽ,23,芝,0,1800,稍,チャイボーグ      ,牝,5,橋木太希,53.0,10,01,6,6,0,1.5,7,109.4,"1494",0,5,5,5,5,36,492,的場均,美,0,20104778,01215,01063,0125150901,田頭勇貴,藤原牧場,シャンハイボビー,アンスタンフィール,スタチューオブリバティ,黒鹿,200424,  101.6,  ,    ,51.9
25,08,09,1,札幌,5,09,１勝ｸﾗｽ,23,芝,0,1800,稍,サトノラクローヌ  ,牡,4,キング,58.0,10,02,4,4,0,1.2,3,109.1,"1491",0,3,3,3,3,36.1,486,堀宣行,美,120,21104670,05643,01070,0125150902,里見治,上水牧場,サトノクラウン,ウェントワース,ストリートセンス,黒鹿,210303,    5.4,  ,    ,51.1
25,08,09,1,札幌,5,09,１勝ｸﾗｽ,23,芝,0,1800,稍,キングスコール    ,牡,3,藤岡佑介,55.0,10,03,1,1,0,-0.8,1,107.9,"1479",0,1,1,1,1,35.3,496,矢作芳人,栗,800,22104207,01093,01075,0125150903,DMMドリームクラブ,飛野牧場,ドゥラメンテ,レインオンザデューン,Frankel,黒鹿,220302,    1.4,  ,    ,52.8
25,08,09,1,札幌,5,09,１勝ｸﾗｽ,23,芝,0,1800,稍,マイネルフーガ    ,牡,3,横山武史,55.0,10,04,2,2,0,0.8,2,108.7,"1487",0,2,2,2,2,36,478,鈴木慎太,美,320,22106813,01170,01179,0125150904,サラブレッドクラブ,ビッグレッドファー,ダノンバラード,マイネノンノ,タイキシャトル,鹿毛,220310,    5.1,  ,    ,51.0
25,08,09,1,札幌,5,09,１勝ｸﾗｽ,23,芝,0,1800,稍,モアリジット      ,牡,4,森田誠也,55.0,10,05,5,5,0,1.4,5,109.3,"1493",0,5,5,3,4,36.2,492,西村真幸,栗,80,21104832,01222,01148,0125150905,社台レースホース,社台コーポレーショ,ロードカナロア,インフレキシビリティ,"Scat Daddy",黒鹿,210123,   55.8,  ,    ,51.0
25,08,09,1,札幌,5,09,１勝ｸﾗｽ,23,芝,0,1800,稍,ワオン            ,牡,4,小林美駒,55.0,10,06,9,9,0,2.3,6,110.2,"1502",0,4,4,5,5,36.9,492,武藤善則,美,0,21101395,01206,01064,0125150906,下河辺美智子,下河辺牧場,ジャスタウェイ,サトノアイビス,Bodemeister,黒鹿,210330,   76.9,  ,    ,49.3
25,08,09,1,札幌,5,09,１勝ｸﾗｽ,23,芝,0,1800,稍,ロストボール      ,セ,6,和田陽希,55.0,10,07,7,7,0,1.6,9,109.5,"1495",0,7,7,8,8,35.7,444,加藤和宏,美,0,19106972,01223,01077,0125150907,大田恭充,山田政宏,フリオーソ,センスオブラヴ,ストリートセンス,栗毛,190318,  227.8,  ,    ,53.4
25,08,09,1,札幌,5,09,１勝ｸﾗｽ,23,芝,0,1800,稍,ウインデイジー    ,牝,4,丹内祐次,56.0,10,08,3,3,0,1,4,108.9,"1489",0,9,9,8,7,35.1,460,宮徹,栗,200,21106194,01091,01018,0125150908,ウイン,コスモヴューファー,ゴールドシップ,ウインアキレア,コンデュイット,黒鹿,210324,    7.6,  ,    ,55.1
25,08,09,1,札幌,5,09,１勝ｸﾗｽ,23,芝,0,1800,稍,ゴートゥーミジョカ,牝,3,古川奈穂,50.0,10,09,10,10,0,4.2,8,112.1,"1521",0,10,10,10,10,37.4,436,宮本博,栗,0,22102777,01190,01073,0125150909,山下恒善,グランデファーム,レイデオロ,シェアザジョイフル,ブラックタイド,黒鹿,220424,  184.9,  ,    ,49.9
25,08,09,1,札幌,5,09,１勝ｸﾗｽ,23,芝,0,1800,稍,ナリノボガート    ,牡,3,松本大輝,54.0,10,10,8,8,0,1.8,10,109.7,"1497",0,8,8,7,8,36,458,上原博之,美,0,22105464,01191,00423,0125150910,成塚清志,社台ファーム,サトノクラウン,ファルトレク,ノヴェリスト,黒鹿,220329,  260.1,  ,    ,52.4
25,08,09,1,札幌,5,10,藻岩山特･2勝,43,芝,0,2000,稍,ルーチェロッサ    ,牝,5,佐々木大,56.0,11,01,9,9,0,1.7,9,124.8,"2048",0,8,10,9,8,35.4,464,相沢郁,美,0,20103955,01197,01020,0125151001,ノルマンディーサラ,岡田スタツド,ビーチパトロール,ルミナスレッド,トーセンダンス,黒鹿,200324,  120.2,  ,    ,58.2
25,08,09,1,札幌,5,10,藻岩山特･2勝,43,芝,0,2000,稍,グランドゴールド  ,牡,6,吉田隼人,58.0,11,02,5,5,0,0.9,10,124,"2040",0,5,7,7,4,35,470,羽月友彦,栗,155,19105908,01095,01091,0125151002,田畑利彦,片岡博,ジャスタウェイ,グランドウイズダム,キングカメハメハ,栗毛,190428,  133.4,  ,    ,59.0
25,08,09,1,札幌,5,10,藻岩山特･2勝,43,芝,0,2000,稍,リッチブラック    ,牡,6,藤岡佑介,58.0,11,03,8,8,0,1.2,6,124.3,"2043",0,11,11,9,7,34.9,470,西村真幸,栗,0,19103816,01093,01148,0125151003,辻牧場,辻牧場,エピファネイア,アドマイヤカンナ,ブライアンズタイム,青毛,190405,   47.5,  ,    ,59.8
25,08,09,1,札幌,5,10,藻岩山特･2勝,43,芝,0,2000,稍,マイネルオーシャン,牡,4,丹内祐次,58.0,11,04,4,4,0,0.7,4,123.8,"2038",0,4,3,2,2,35.3,472,鹿戸雄一,美,230,21106766,01091,01097,0125151004,サラブレッドクラブ,ビッグレッドファー,ゴールドシップ,アメリオラシオン,ルーラーシップ,鹿毛,210327,    9.1,  ,    ,57.4
25,08,09,1,札幌,5,10,藻岩山特･2勝,43,芝,0,2000,稍,カテリーナ        ,牝,4,浜中俊,56.0,11,05,2,2,0,0.3,3,123.4,"2034",0,3,4,3,3,34.7,472,田中克典,栗,620,21101485,01115,01180,0125151005,平井裕,白井牧場,ホークビル,フェリーチェレガロ,マンハッタンカフェ,鹿毛,210311,    8.6,  ,    ,59.6
25,08,09,1,札幌,5,10,藻岩山特･2勝,43,芝,0,2000,稍,ハイディージェン  ,牡,4,鮫島克駿,58.0,11,06,0,0,4,999.9,7,0,"----",0,2,2,3,10,0,494,森田直行,栗,0,21103821,01157,01142,0125151006,岡田牧雄,桜井牧場,ファインニードル,エステフ,"Sadler's Wells",鹿毛,210321,   62.4,  ,    , 0.0
25,08,09,1,札幌,5,10,藻岩山特･2勝,43,芝,0,2000,稍,グレン            ,牡,5,松本大輝,58.0,11,07,10,10,0,3.9,11,127,"2070",0,10,8,9,10,37.5,496,野中賢二,栗,0,20110151,01191,01098,0125151007,カナヤマホールディ,Orpendale/Chelston,"Union Rags","Purely Hot","Pure Prize",黒鹿,200428,  383.7,  ,    ,52.3
25,08,09,1,札幌,5,10,藻岩山特･2勝,43,芝,0,2000,稍,レッセパッセ      ,牝,4,丸山元気,56.0,11,08,7,7,0,1.2,8,124.3,"2043",0,5,5,6,8,35.4,396,西園翔太,栗,0,21106826,01127,01196,0125151008,ビッグレッドファー,ビッグレッドファー,ダノンバラード,マイネリベルタス,コンデュイット,黒鹿,210412,   84.7,  ,    ,57.6
25,08,09,1,札幌,5,10,藻岩山特･2勝,43,芝,0,2000,稍,サクラファレル    ,牡,3,キング,55.0,11,09,1,1,0,-0.3,1,123.1,"2031",0,1,1,1,1,34.7,510,堀宣行,美,1550,22104094,05643,01070,0125151009,さくらコマース,谷岡牧場,サートゥルナーリア,サクラレーヌ,シンボリクリスエス,鹿毛,220407,    1.3,  ,    ,59.2
25,08,09,1,札幌,5,10,藻岩山特･2勝,43,芝,0,2000,稍,エラン            ,牡,4,武豊,58.0,11,10,6,6,0,0.9,2,124,"2040",0,5,5,5,4,35.2,474,蛯名正義,美,0,21105453,00666,01191,0125151010,金子真人ホールディ,ノーザンファーム,ラブリーデイ,オーキッドレイ,ディープインパクト,黒鹿,210305,    7.3,  ,    ,58.1
25,08,09,1,札幌,5,10,藻岩山特･2勝,43,芝,0,2000,稍,スピーディブレイク,牡,5,ルメール,58.0,11,11,3,3,0,0.5,5,123.6,"2036",0,8,8,7,4,34.5,452,村田一誠,美,390,20106677,05339,01190,0125151011,嶋田賢,辻牧場,マクフィ,ブレイクマイハート,ディープインパクト,栗毛,200410,   13.1,  ,    ,60.7
25,08,09,1,札幌,5,11,エルムＳG3,163,ダ,1,1700,稍,ペリエール        ,牡,5,佐々木大,57.0,14,01,1,1,0,-0.4,5,103.5,"1435",0,5,3,3,3,36.6,486,黒岩陽一,美,3800,20101874,01197,01133,0125151101,長谷川祐司,チャンピオンズファ,ヘニーヒューズ,ソフトライム,フジキセキ,鹿毛,200213,    8.9,  ,    ,49.7
25,08,09,1,札幌,5,11,エルムＳG3,163,ダ,1,1700,稍,ミッキーヌチバナ  ,牡,7,鮫島克駿,57.0,14,02,3,3,0,0.6,10,104.1,"1441",0,8,8,11,7,36.5,522,高橋亮,栗,950,18105431,01157,01136,0125151102,野田みづき,追分ファーム,ダノンレジェンド,ヌチバナ,キングカメハメハ,鹿毛,180313,   41.8,  ,    ,51.0
25,08,09,1,札幌,5,11,エルムＳG3,163,ダ,1,1700,稍,ドゥラエレーデ    ,牡,5,松山弘平,57.0,14,03,7,7,0,1.2,2,104.7,"1447",0,6,6,8,5,37.4,524,池添学,栗,0,20103626,01126,01144,0125151103,スリーエイチレーシ,ノーザンファーム,ドゥラメンテ,マルケッサ,オルフェーヴル,黒鹿,200129,    7.0,  ,    ,48.2
25,08,09,1,札幌,5,11,エルムＳG3,163,ダ,1,1700,稍,スレイマン        ,牡,7,浜中俊,57.0,14,04,11,11,0,2.7,12,106.2,"1462",0,8,8,11,11,38.6,544,池添学,栗,0,18105164,01115,01144,0125151104,サンデーレーシング,ノーザンファーム,キングカメハメハ,ドナブリーニ,Bertolini,栗毛,180304,   67.7,  ,    ,45.5
25,08,09,1,札幌,5,11,エルムＳG3,163,ダ,1,1700,稍,マテンロウスカイ  ,セ,6,横山典弘,58.0,14,05,14,14,0,3.7,3,107.2,"1472",0,12,11,8,11,39.9,482,松永幹夫,栗,0,19105546,00660,01092,0125151105,寺田千代乃,ノーザンファーム,モーリス,レッドラヴィータ,スペシャルウィーク,栗毛,190205,    7.5,  ,    ,42.0
25,08,09,1,札幌,5,11,エルムＳG3,163,ダ,1,1700,稍,ロードクロンヌ    ,牡,4,藤岡佑介,57.0,14,06,2,2,0,0.4,1,103.9,"1439",0,6,6,3,3,37,494,四位洋文,栗,1500,21100169,01093,01184,0125151106,ロードホースクラブ,ケイアイファーム,リオンディーズ,リラコサージュ,ブライアンズタイム,黒鹿,210308,    2.6,  ,    ,48.6
25,08,09,1,札幌,5,11,エルムＳG3,163,ダ,1,1700,稍,テーオードレフォン,牡,6,丸山元気,57.0,14,07,8,8,0,1.7,9,105.2,"1452",0,2,3,5,5,38.2,498,梅田智之,栗,0,19101324,01127,01084,0125151107,小笹公也,"Wing Farm",ドレフォン,エミネントシチー,ブライアンズタイム,栗毛,190411,   18.6,  ,    ,45.7
25,08,09,1,札幌,5,11,エルムＳG3,163,ダ,1,1700,稍,ペイシャエス      ,牡,6,横山和生,58.0,14,08,5,5,0,0.9,7,104.4,"1444",0,14,14,14,11,36.3,512,小西一男,美,380,19104245,01140,00405,0125151108,北所直人,高村伸一,エスポワールシチー,リサプシュケ,ワイルドラッシュ,栗毛,190318,   12.4,  ,    ,52.3
25,08,09,1,札幌,5,11,エルムＳG3,163,ダ,1,1700,稍,ヴァルツァーシャル,牡,6,古川吉洋,57.0,14,09,10,10,0,2.4,11,105.9,"1459",0,2,2,2,2,39.2,504,高木登,美,0,19102437,01015,01088,0125151109,ウエスト.フォレス,梅田牧場,マクフィ,バイカターキン,エンパイアメーカー,鹿毛,190422,   45.4,  ,    ,42.8
25,08,09,1,札幌,5,11,エルムＳG3,163,ダ,1,1700,稍,トロヴァトーレ    ,牡,4,ルメール,58.0,14,10,12,12,0,2.8,4,106.3,"1463",0,12,11,5,7,39.3,494,鹿戸雄一,美,0,21105557,05339,01097,0125151110,サンデーレーシング,ノーザンファーム,レイデオロ,シャルマント,エンパイアメーカー,青鹿,210430,    8.5,  ,    ,43.0
25,08,09,1,札幌,5,11,エルムＳG3,163,ダ,1,1700,稍,ブライアンセンス  ,牡,5,丹内祐次,58.0,14,11,6,6,0,1.1,6,104.6,"1446",0,11,11,11,7,37,520,斎藤誠,美,0,20106565,01091,01086,0125151111,林正道,谷川牧場,ホッコータルマエ,ヒラボクビジン,ブライアンズタイム,黒鹿,200316,   11.0,  ,    ,49.7
25,08,09,1,札幌,5,11,エルムＳG3,163,ダ,1,1700,稍,ショウナンライシン,牡,5,池添謙一,57.0,14,12,9,9,0,2,14,105.5,"1455",0,8,8,10,14,38.1,498,大竹正博,美,0,20103148,01032,01102,0125151112,国本哲秀,青藍牧場,エスケンデレヤ,ショウナンバーキン,フジキセキ,栗毛,200517,  152.3,  ,    ,46.5
25,08,09,1,札幌,5,11,エルムＳG3,163,ダ,1,1700,稍,ワールドタキオン  ,牡,7,斎藤新,57.0,14,13,13,13,0,2.8,13,106.3,"1463",0,2,3,7,10,39.1,504,斎藤誠,美,0,18101267,01178,01086,0125151113,MOJA,川向高橋育成牧場,アジアエクスプレス,アナコンダ,フサイチコンコルド,栗毛,180326,  125.5,  ,    ,43.7
25,08,09,1,札幌,5,11,エルムＳG3,163,ダ,1,1700,稍,ウィリアムバローズ,牡,7,横山武史,59.0,14,14,4,4,0,0.9,8,104.4,"1444",0,1,1,1,1,37.8,492,上村洋行,栗,570,18100829,01170,01168,0125151114,猪熊広次,中原牧場,ミッキーアイル,ダイアナバローズ,シンボリクリスエス,鹿毛,180217,   14.6,  ,    ,46.1
25,08,09,1,札幌,5,12,厚岸特別･1勝,23,芝,0,1500,良,ヒシアマン        ,牡,3,キング,55.0,11,01,1,1,0,-0.2,1,89.1,"1291",0,0,3,3,2,34.8,464,堀宣行,美,1110,22104594,05643,01070,0125151201,"Hishi Partners",ノーザンファーム,モーリス,アシュリン,マンハッタンカフェ,鹿毛,220226,    1.6,  ,    ,54.0
25,08,09,1,札幌,5,12,厚岸特別･1勝,23,芝,0,1500,良,サトノシャムロック,牡,3,佐々木大,55.0,11,02,10,10,0,3.6,5,92.7,"1327",0,0,5,6,8,38.3,496,田中博康,美,0,22104967,01197,01162,0125151202,里見治,ノーザンファーム,ニューイヤーズデイ,ヒップホップスワン,"Tiz Wonderful",黒鹿,220222,   29.7,  ,    ,44.7
25,08,09,1,札幌,5,12,厚岸特別･1勝,23,芝,0,1500,良,アッシュバーグ    ,牝,4,斎藤新,56.0,11,03,4,4,0,0.5,10,89.6,"1296",0,0,1,1,1,35.6,526,斎藤誠,美,170,21101383,01178,01086,0125151203,下河辺隆行,下河辺牧場,サトノダイヤモンド,オールウェイズウィリング,"Elusive Quality",鹿毛,210329,   96.4,  ,    ,51.1
25,08,09,1,札幌,5,12,厚岸特別･1勝,23,芝,0,1500,良,マリブオレンジ    ,牝,3,横山武史,53.0,11,04,11,11,0,3.7,4,92.8,"1328",0,0,2,2,2,38.6,452,福永祐一,栗,0,22110134,01170,01203,0125151204,DMMドリームクラブ,"Newtownanner Stud",Vekoma,"Malibu Pier","Malibu Moon",栗毛,220322,   12.0,  ,    ,43.6
25,08,09,1,札幌,5,12,厚岸特別･1勝,23,芝,0,1500,良,セイウンビッグバン,牡,3,丹内祐次,55.0,11,05,8,8,0,1,11,90.1,"1301",0,0,7,6,8,35.6,442,萱野浩二,美,0,22100737,01091,01024,0125151205,成田隆好,タツヤファーム,アドマイヤマーズ,セイウンメテオ,Acclamation,鹿毛,220317,  102.6,  ,    ,52.1
25,08,09,1,札幌,5,12,厚岸特別･1勝,23,芝,0,1500,良,クイーンズデイ    ,牝,3,池添謙一,53.0,11,06,9,9,0,1.2,8,90.3,"1303",0,0,3,3,2,36,444,岡田稲男,栗,0,22100962,01032,01066,0125151206,杉山忠国,明治牧場,ラブリーデイ,ウイッチクイーン,キングヘイロー,青鹿,220221,   39.9,  ,    ,50.6
25,08,09,1,札幌,5,12,厚岸特別･1勝,23,芝,0,1500,良,サンウリエル      ,牡,4,浜中俊,58.0,11,07,5,5,0,0.5,7,89.6,"1296",0,0,9,10,11,34.9,470,宮本博,栗,111,21101304,01115,01073,0125151207,加藤ステーブル,ケイズ,ディーマジェスティ,ピントゥハティ,アドマイヤムーン,黒鹿,210502,   37.0,  ,    ,54.5
25,08,09,1,札幌,5,12,厚岸特別･1勝,23,芝,0,1500,良,ジャグアール      ,牡,4,鮫島克駿,58.0,11,08,7,7,0,0.8,9,89.9,"1299",0,0,9,10,8,35.2,456,矢野英一,美,0,21102717,01157,01108,0125151208,落合幸弘,杵臼牧場,ハービンジャー,シルクアイリス,ディープインパクト,黒鹿,210419,   66.3,  ,    ,53.6
25,08,09,1,札幌,5,12,厚岸特別･1勝,23,芝,0,1500,良,エフォートレス    ,牡,4,藤岡佑介,58.0,11,09,2,2,0,0.2,2,89.3,"1293",0,0,9,6,6,34.8,486,嘉藤貴行,美,440,21100564,01093,01195,0125151209,ライオンレースホー,秋場牧場,エピファネイア,ブライトガーランド,ダイワメジャー,栗毛,210427,    3.3,  ,    ,54.4
25,08,09,1,札幌,5,12,厚岸特別･1勝,23,芝,0,1500,良,レッドレナート    ,牡,4,黛弘人,58.0,11,10,3,3,0,0.4,6,89.5,"1295",0,0,5,3,2,35.2,490,手塚貴久,美,280,21103145,01109,01038,0125151210,東京ホースレーシン,信岡牧場,レッドファルクス,マレーナ,ダイワメジャー,芦毛,210228,   31.5,  ,    ,52.8
25,08,09,1,札幌,5,12,厚岸特別･1勝,23,芝,0,1500,良,デアリングエア    ,牝,3,松山弘平,53.0,11,11,6,6,0,0.6,3,89.7,"1297",0,0,7,6,7,35.2,458,杉山晴紀,栗,0,22101896,01126,01157,0125151211,ノルマンディーサラ,長谷川牧場,エピファネイア,デアリングバード,キングカメハメハ,黒鹿,220309,    8.6,  ,    ,53.2
25,08,10,1,札幌,6,01,未勝利*,7,ダ,1,1700,稍,ヴンダーバール    ,牝,2,横山武史,55.0,14,01,4,4,0,0.8,2,107.5,"1475",0,1,1,1,2,39.4,460,斎藤誠,美,84,23107280,01170,01086,0125160101,吉田和美,ノーザンファーム,ナダル,モンオール,オルフェーヴル,鹿毛,230227,    3.3,  ,    ,44.3
25,08,10,1,札幌,6,01,未勝利*,7,ダ,1,1700,稍,ワンモメンタム    ,牡,2,丹内祐次,55.0,14,02,6,6,0,1.8,1,108.5,"1485",0,3,3,3,6,40.1,488,萩原清,美,0,23103823,01091,01017,0125160102,サンデーレーシング,社台コーポレーショ,ルヴァンスレーヴ,ワンブレスアウェイ,ステイゴールド,黒鹿,230309,    3.0,  ,    ,43.0
25,08,10,1,札幌,6,01,未勝利*,7,ダ,1,1700,稍,ナムラシンジロー  ,牡,2,古川奈穂,52.0,14,03,14,14,0,5.9,12,112.6,"1526",0,8,8,11,13,42.9,424,羽月友彦,栗,0,23100672,01190,01091,0125160103,奈村睦弘,いとう牧場,ミッキーアイル,ナムラキヌ,ゼンノロブロイ,鹿毛,230529,  230.4,  ,    ,38.6
25,08,10,1,札幌,6,01,未勝利*,7,ダ,1,1700,稍,ワンインザスカイ  ,牝,2,浜中俊,55.0,14,04,13,13,0,5.4,10,112.1,"1521",0,5,6,7,7,43.1,466,松永幹夫,栗,0,23105120,01115,01092,0125160104,奥田貴敏,桑田牧場,デクラレーションオブウォー,サンドクイーン,ゴールドアリュール,鹿毛,230217,  138.5,  ,    ,37.3
25,08,10,1,札幌,6,01,未勝利*,7,ダ,1,1700,稍,チャーリー        ,牡,2,キング,55.0,14,05,1,1,0,-0.1,5,106.7,"1467",0,3,3,3,3,38.4,506,国枝栄,美,560,23105351,05643,00399,0125160105,嶋田一成,辻牧場,クリソベリル,ジャンナスキッキ,"War Front",鹿毛,230216,   11.7,  ,    ,47.0
25,08,10,1,札幌,6,01,未勝利*,7,ダ,1,1700,稍,ロードアマルフィ  ,牡,2,横山和生,55.0,14,06,12,12,0,4.7,4,111.4,"1514",0,10,10,7,7,42.4,490,中村直也,栗,0,23105786,01140,01186,0125160106,ロードホースクラブ,ケイアイファーム,ルヴァンスレーヴ,アルセナーレ,クロフネ,黒鹿,230217,    5.5,  ,    ,38.8
25,08,10,1,札幌,6,01,未勝利*,7,ダ,1,1700,稍,ハグレジョー      ,牡,2,池添謙一,55.0,14,07,3,3,0,0.5,7,107.2,"1472",0,5,7,6,4,38.6,482,岡田稲男,栗,140,23104275,01032,01066,0125160107,河内孝夫,中地広大,エスポワールシチー,ハナブショウ,ヘニーヒューズ,鹿毛,230404,   39.4,  ,    ,46.9
25,08,10,1,札幌,6,01,未勝利*,7,ダ,1,1700,稍,スズランクイーン  ,牝,2,森田誠也,52.0,14,08,11,11,0,4,14,110.7,"1507",0,12,13,13,13,40.2,446,谷潔,栗,0,23103877,01222,00431,0125160108,谷岡正次,橋本牧場,アニマルキングダム,ホウオウアルナイル,キズナ,鹿毛,230126,  409.3,  ,    ,45.7
25,08,10,1,札幌,6,01,未勝利*,7,ダ,1,1700,稍,リフレックス      ,牡,2,柴田裕一,52.0,14,09,2,2,0,0.1,6,106.8,"1468",0,2,2,2,1,38.6,456,金成貴史,美,220,23105748,01212,01132,0125160109,小原準一郎,村下清志,モーニン,ライゼリート,ゼンノロブロイ,鹿毛,230421,   25.2,  ,    ,46.4
25,08,10,1,札幌,6,01,未勝利*,7,ダ,1,1700,稍,レイサンソク      ,牡,2,鮫島克駿,55.0,14,10,7,7,0,2.4,8,109.1,"1491",0,11,11,10,7,39.7,510,吉村圭司,栗,0,23102706,01157,01130,0125160110,岡浩二,サンデーヒルズ,シスキン,ミラグロッサ,フジキセキ,黒鹿,230330,   46.9,  ,    ,45.4
25,08,10,1,札幌,6,01,未勝利*,7,ダ,1,1700,稍,チカマヨルキーナ  ,牝,2,藤岡佑介,55.0,14,11,10,10,0,3.8,13,110.5,"1505",0,8,8,9,10,41.2,458,藤岡健一,栗,0,23105220,01093,01062,0125160111,木下博,社台コーポレーショ,ナダル,エスキシータ,ハーツクライ,黒鹿,230125,  268.3,  ,    ,41.7
25,08,10,1,札幌,6,01,未勝利*,7,ダ,1,1700,稍,ニミッツハイウェイ,牡,2,和田陽希,52.0,14,12,8,8,0,2.8,11,109.5,"1495",0,12,12,12,11,39.3,452,梅田智之,栗,0,23103477,01223,01084,0125160112,社台レースホース,社台ファーム,ジャスタウェイ,デアリングエッジ,キングカメハメハ,栗毛,230302,  145.0,  ,    ,47.4
25,08,10,1,札幌,6,01,未勝利*,7,ダ,1,1700,稍,ニャンタロウ      ,牡,2,舟山瑠泉,52.0,14,13,5,5,0,0.9,3,107.6,"1476",0,5,5,3,4,39.2,468,武市康男,美,56,23104151,01221,01089,0125160113,村田哲朗,須崎牧場,ホッコータルマエ,シャーレ,ヘニーヒューズ,鹿毛,230314,    4.3,  ,    ,45.2
25,08,10,1,札幌,6,01,未勝利*,7,ダ,1,1700,稍,ユイノカタリベ    ,牡,2,小林美駒,52.0,14,14,9,9,0,2.9,9,109.6,"1496",0,14,14,13,11,39,512,竹内正洋,美,0,23106577,01206,01152,0125160114,由井健太郎,藤沢牧場,タワーオブロンドン,ランリーナ,エイシンフラッシュ,鹿毛,230521,   81.0,  ,    ,48.7
25,08,10,1,札幌,6,02,未勝利,7,ダ,1,1000,稍,タイセイアビリティ,牡,3,鮫島克駿,57.0,12,01,2,2,0,0.1,1,59.9,"0599",0,0,0,4,5,35.9,476,小林真也,栗,220,22102799,01157,01185,0125160201,田中成奉,酒井牧場,フォーウィールドライブ,ブラジリアンビューティ,Galileo,栗毛,220319,    3.1,  ,    ,50.3
25,08,10,1,札幌,6,02,未勝利,7,ダ,1,1000,稍,ジークリヒト      ,牝,3,森田誠也,52.0,12,02,12,12,0,3.3,12,63.1,"1031",0,0,0,11,12,38.5,434,清水英克,美,0,22102472,01222,01080,0125160202,永見貴昭,寺井文秀,トーセンラー,アイコチャン,ピルサドスキー,鹿毛,220426,  301.1,  ,    ,45.8
25,08,10,1,札幌,6,02,未勝利,7,ダ,1,1000,稍,ファンシーデイ    ,牝,3,鷲頭虎太,53.0,12,03,7,7,0,0.4,11,60.2,"1002",0,0,0,4,6,36.2,454,藤野健太,栗,0,22104986,01202,01200,0125160203,吉田和美,ノーザンファーム,ニューイヤーズデイ,ファンシーミューズ,ゴールドアリュール,黒鹿,220425,  138.8,  ,    ,49.4
25,08,10,1,札幌,6,02,未勝利,7,ダ,1,1000,稍,サツキレジーナ    ,牝,3,古川吉洋,55.0,12,04,3,3,0,0.2,4,60,"1000",0,0,0,7,6,35.7,428,石栗龍彦,美,140,22101204,01015,01043,0125160204,小野博郷,加藤牧場,リオンディーズ,シャインベスト,ストロングリターン,青鹿,220505,    7.4,  ,    ,52.1
25,08,10,1,札幌,6,02,未勝利,7,ダ,1,1000,稍,メイショウハボマイ,牡,3,松本大輝,56.0,12,05,1,1,0,-0.1,10,59.8,"0598",0,0,0,1,1,36,462,本田優,栗,560,22102841,01191,01099,0125160205,松本好隆,太陽牧場,マジェスティックウォリアー,プリンプリンカフェ,ネオユニヴァース,青鹿,220306,   30.1,  ,    ,49.2
25,08,10,1,札幌,6,02,未勝利,7,ダ,1,1000,稍,レイワエポック    ,牝,3,柴田裕一,52.0,12,06,11,11,0,1.5,6,61.3,"1013",0,0,0,2,2,37.5,428,高柳大輔,栗,0,22110072,01212,01159,0125160206,松岡研司,"Teneri Farms Inc",Mendelssohn,"Birdie Gold",Birdstone,鹿毛,220224,   11.2,  ,    ,45.2
25,08,10,1,札幌,6,02,未勝利,7,ダ,1,1000,稍,ダーカザンブラック,牝,3,古川奈穂,52.0,12,07,10,10,0,1,5,60.8,"1008",0,0,0,7,8,36.5,452,坂口智康,栗,0,22104217,01190,01170,0125160207,北所直人,友田牧場,サートゥルナーリア,ペイシャフェリシタ,ハーツクライ,黒鹿,220415,    9.6,  ,    ,49.9
25,08,10,1,札幌,6,02,未勝利,7,ダ,1,1000,稍,デンリッレハウエル,牝,3,舟山瑠泉,52.0,12,08,9,9,0,0.9,9,60.7,"1007",0,0,0,7,10,36.4,428,林徹,美,0,22102975,01221,01163,0125160208,ヒダカ・ブリーダー,辻牧場,レイデオロ,スズカグラーテ,サウスヴィグラス,鹿毛,220418,   26.9,  ,    ,50.1
25,08,10,1,札幌,6,02,未勝利,7,ダ,1,1000,稍,エイシンパルサー  ,牡,3,松岡正海,57.0,12,09,6,6,0,0.4,3,60.2,"1002",0,0,0,10,8,35.8,506,田中剛,美,0,22102871,01085,01119,0125160209,栄進堂,多田善弘,エイシンヒカリ,エーシンスペリアー,"King's Best",鹿毛,220426,    6.8,  ,    ,52.2
25,08,10,1,札幌,6,02,未勝利,7,ダ,1,1000,稍,ゴッドテソロ      ,牡,3,菱田裕二,57.0,12,10,8,8,0,0.5,8,60.3,"1003",0,0,0,2,2,36.4,466,角田晃一,栗,0,22103198,01144,01121,0125160210,中西憲治,三嶋牧場,フィエールマン,アプローズ,Acclamation,鹿毛,220328,   19.4,  ,    ,48.5
25,08,10,1,札幌,6,02,未勝利,7,ダ,1,1000,稍,タッカーバリアント,牡,3,横山武史,57.0,12,11,5,5,0,0.4,2,60.2,"1002",0,0,0,11,11,35.6,462,田島俊明,美,56,22100105,01170,01112,0125160211,小松崎孝,上山牧場,リアルスティール,クールアンフルール,サクラバクシンオー,鹿毛,220131,    3.7,  ,    ,53.7
25,08,10,1,札幌,6,02,未勝利,7,ダ,1,1000,稍,タイセイルヴァン  ,牡,3,丹内祐次,57.0,12,12,4,4,0,0.2,7,60,"1000",0,0,0,4,2,36,490,新開幸一,美,84,22103859,01091,01116,0125160212,田中成奉,佐竹学,ルヴァンスレーヴ,コウエイラブリー,エンパイアメーカー,鹿毛,220305,   16.6,  ,    ,50.0
25,08,10,1,札幌,6,03,未勝利・牝,7,芝,0,2000,良,スティレセイル    ,牝,3,和田陽希,52.0,16,01,12,12,0,1.4,12,122.4,"2024",0,12,11,14,15,35.2,476,福永祐一,栗,0,22104777,01223,01203,0125160301,サンデーレーシング,ノーザンファーム,キズナ,コーステッド,Tizway,黒鹿,220121,   70.6,  ,    ,56.2
25,08,10,1,札幌,6,03,未勝利・牝,7,芝,0,2000,良,サトノベリル      ,牝,3,池添謙一,55.0,16,02,8,8,0,1.1,7,122.1,"2021",0,7,7,7,4,35.6,424,吉岡辰弥,栗,0,22105961,01032,01176,0125160302,里見治,レイクヴィラファー,サトノクラウン,サトノルーリー,ディープインパクト,黒鹿,220218,   31.1,  ,    ,54.1
25,08,10,1,札幌,6,03,未勝利・牝,7,芝,0,2000,良,ストレートブラック,牝,3,松岡正海,55.0,16,03,3,3,0,0.8,1,121.8,"2018",0,3,3,4,4,35.6,436,奥平雅士,美,140,22103353,01085,01074,0125160303,コスモヴューファー,山口義彦,トーセンラー,コスモメソッド,ヴィクトワールピサ,青鹿,220518,    2.8,  ,    ,53.8
25,08,10,1,札幌,6,03,未勝利・牝,7,芝,0,2000,良,コンスピラシー    ,牝,3,丹内祐次,55.0,16,04,6,6,0,1.1,6,122.1,"2021",0,9,9,10,7,35.3,458,本間忍,美,0,22103860,01091,01056,0125160304,檜森高史,佐竹学,アメリカンペイトリオット,シャドークイーン,マンハッタンカフェ,黒鹿,220422,   30.5,  ,    ,55.4
25,08,10,1,札幌,6,03,未勝利・牝,7,芝,0,2000,良,スイートフェアリー,牝,3,鷲頭虎太,53.0,16,05,10,10,0,1.2,5,122.2,"2022",0,15,15,10,11,35.4,442,佐々木晶,栗,0,22106655,01202,00429,0125160305,寺田寿男,ノースヒルズ,キズナ,ファヴォーラ,Frankel,黒鹿,220428,   12.3,  ,    ,55.1
25,08,10,1,札幌,6,03,未勝利・牝,7,芝,0,2000,良,ルーメン          ,牝,3,古川奈穂,52.0,16,06,13,13,0,1.7,16,122.7,"2027",0,7,7,8,7,36.1,416,前川恭子,栗,0,22100771,01190,01210,0125160306,ローレルレーシング,土田農場,リアルスティール,リュシオル,クロフネ,鹿毛,220307,  335.5,  ,    ,52.8
25,08,10,1,札幌,6,03,未勝利・牝,7,芝,0,2000,良,スピアッジャローザ,牝,3,松本大輝,54.0,16,07,11,11,0,1.4,15,122.4,"2024",0,5,5,5,10,36.1,450,蛯名利弘,美,0,22103537,01191,01131,0125160307,ノルマンディーサラ,岡田スタツド,ビーチパトロール,ナンヨーユナ,ジャングルポケット,黒鹿,220312,  130.3,  ,    ,52.5
25,08,10,1,札幌,6,03,未勝利・牝,7,芝,0,2000,良,ユナホークパワー  ,牝,3,橋木太希,52.0,16,08,4,4,0,1,14,122,"2020",0,6,5,5,4,35.6,454,小西一男,美,84,22105927,01215,00405,0125160308,源津力,平岡牧場,イスラボニータ,ラブリーアモン,ソングオブウインド,青毛,220321,  124.5,  ,    ,54.0
25,08,10,1,札幌,6,03,未勝利・牝,7,芝,0,2000,良,サンタンドレア    ,牝,3,キング,55.0,16,09,9,9,0,1.2,2,122.2,"2022",0,12,13,13,11,35.2,444,池添学,栗,0,22104790,05643,01144,0125160309,シルクレーシング,ノーザンファーム,エピファネイア,サラキア,ディープインパクト,栗毛,220222,    3.1,  ,    ,55.9
25,08,10,1,札幌,6,03,未勝利・牝,7,芝,0,2000,良,サイモンイロハニー,牝,3,鮫島克駿,55.0,16,10,14,14,0,2,11,123,"2030",0,14,14,14,14,35.9,416,谷潔,栗,0,22104164,01157,00431,0125160310,澤田昭紀,千代田牧場,ゴールドシップ,ブライテストリング,ダノンシャンティ,黒鹿,220310,   49.7,  ,    ,54.0
25,08,10,1,札幌,6,03,未勝利・牝,7,芝,0,2000,良,メレサンク        ,牝,3,浜中俊,55.0,16,11,15,15,0,2.6,10,123.6,"2036",0,9,9,8,7,37,464,田中克典,栗,0,22105168,01115,01180,0125160311,平井裕,ノーザンファーム,ドレフォン,レディデラウェア,"American Pharoah",黒鹿,220128,   43.8,  ,    ,50.3
25,08,10,1,札幌,6,03,未勝利・牝,7,芝,0,2000,良,シュエットアムール,牝,3,小林美駒,52.0,16,12,7,7,0,1.1,8,122.1,"2021",0,11,11,10,11,35.3,410,西田雄一,美,0,22103517,01206,01187,0125160312,ノルマンディーサラ,岡田スタツド,ゴールドシップ,シュエットヌーベル,スマートファルコン,栗毛,220512,   39.0,  ,    ,55.4
25,08,10,1,札幌,6,03,未勝利・牝,7,芝,0,2000,良,アルディスティーノ,牝,3,横山和生,55.0,16,13,1,1,0,-0.5,3,121,"2010",0,1,1,1,1,35.1,474,安田翔伍,栗,560,22105817,01140,01164,0125160313,社台レースホース,社台コーポレーショ,イスラボニータ,テスタオクローチェ,Orpen,鹿毛,220212,    5.2,  ,    ,54.9
25,08,10,1,札幌,6,03,未勝利・牝,7,芝,0,2000,良,リックメイン      ,牝,3,横山武史,55.0,16,14,2,2,0,0.5,4,121.5,"2015",0,2,2,2,2,35.5,436,武井亮,美,220,22105015,01170,01147,0125160314,下澤晃紀,ノーザンファーム,リアルスティール,プライストトゥパーフェクション,"Temple City",鹿毛,220214,    9.6,  ,    ,53.8
25,08,10,1,札幌,6,03,未勝利・牝,7,芝,0,2000,良,リュウゼツラン    ,牝,3,菱田裕二,55.0,16,15,16,16,0,3,13,124,"2040",0,16,16,16,16,36.6,452,水野貴広,美,0,22106809,01144,01094,0125160315,サラブレッドクラブ,ビッグレッドファー,ダノンバラード,マイネショコラーデ,ロージズインメイ,黒鹿,220502,  115.7,  ,    ,52.3
25,08,10,1,札幌,6,03,未勝利・牝,7,芝,0,2000,良,テンミラージュ    ,牝,3,黛弘人,55.0,16,16,5,5,0,1,9,122,"2020",0,3,3,2,3,35.9,446,深山雅史,美,56,22105414,01109,01174,0125160316,天白泰司,社台ファーム,ルーラーシップ,テンサイドカップ,スピルバーグ,鹿毛,220519,   42.5,  ,    ,52.8
25,08,10,1,札幌,6,04,未勝利,7,ダ,1,1700,稍,メイショウゲキハ  ,牡,3,藤岡佑介,57.0,14,01,3,3,0,0.4,4,107.4,"1474",0,13,12,6,4,39.2,524,藤原英昭,栗,140,22102563,01093,01055,0125160401,松本好雄,赤田牧場,トランセンド,エメラルドタワー,アドマイヤマックス,鹿毛,220319,    8.1,  ,    ,44.9
25,08,10,1,札幌,6,04,未勝利,7,ダ,1,1700,稍,オキョンピー      ,牡,3,横山武史,57.0,14,02,4,4,0,0.9,3,107.9,"1479",0,11,11,11,9,38.8,430,高柳瑞樹,美,84,22100220,01170,01118,0125160402,浜本洋輔,小島牧場,ファインニードル,ソーユーフォリア,エピファネイア,黒鹿,220329,    4.6,  ,    ,47.1
25,08,10,1,札幌,6,04,未勝利,7,ダ,1,1700,稍,レッドアトラーニ  ,牡,3,舟山瑠泉,54.0,14,03,12,12,0,3.1,9,110.1,"1501",0,13,12,11,11,41,508,国枝栄,美,0,22105482,01221,00399,0125160403,東京ホースレーシン,社台ファーム,エピファネイア,ブラックスビーチ,ディープインパクト,鹿毛,220416,   33.5,  ,    ,41.9
25,08,10,1,札幌,6,04,未勝利,7,ダ,1,1700,稍,ジーティーレイナ  ,牝,3,鷲頭虎太,53.0,14,04,6,6,0,1.7,12,108.7,"1487",0,7,7,8,7,40.2,440,天間昭一,美,0,22100015,01202,01090,0125160404,田畑利彦,秋場牧場,ドレフォン,レイナプティ,ネオユニヴァース,栗毛,220310,  210.4,  ,    ,42.9
25,08,10,1,札幌,6,04,未勝利,7,ダ,1,1700,稍,ワンダーヴァッフェ,セ,3,古川奈穂,54.0,14,05,11,11,0,2.9,13,109.9,"1499",0,7,7,11,12,40.7,400,小崎憲,栗,0,22100160,01190,01085,0125160405,山本能行,高昭牧場,ダノンレジェンド,イダ,エピファネイア,黒鹿,220207,  247.2,  ,    ,42.7
25,08,10,1,札幌,6,04,未勝利,7,ダ,1,1700,稍,トウカイフルーレ  ,牡,3,鮫島克駿,57.0,14,06,14,14,0,9.4,6,116.4,"1564",0,4,4,10,12,47.5,432,野中賢二,栗,0,22102445,01157,01098,0125160406,内村正則,びらとり牧場,ファインニードル,トウカイセンス,ハーツクライ,鹿毛,220322,   22.0,  ,    ,29.1
25,08,10,1,札幌,6,04,未勝利,7,ダ,1,1700,稍,ノロシ            ,牡,3,柴田裕一,54.0,14,07,9,9,0,1.9,14,108.9,"1489",0,12,14,14,14,39,478,高木登,美,0,22103539,01212,01088,0125160407,Gリビエール・レー,岡田スタツド,ウインブライト,ヌーナ,Congrats,黒鹿,220415,  327.0,  ,    ,47.8
25,08,10,1,札幌,6,04,未勝利,7,ダ,1,1700,稍,ゴールドブリーダー,牡,3,横山和生,57.0,14,08,8,8,0,1.9,7,108.9,"1489",0,10,10,9,7,40.2,484,千葉直人,美,0,22106847,01140,01199,0125160408,居城寿与,北勝ファーム,ゴールドアクター,ゴールドジャパン,スターリングローズ,黒鹿,220301,   25.6,  ,    ,43.2
25,08,10,1,札幌,6,04,未勝利,7,ダ,1,1700,稍,ミスターボビー    ,牡,3,菱田裕二,57.0,14,09,10,10,0,2.1,11,109.1,"1491",0,4,4,6,6,40.9,460,栗田徹,美,0,22107362,01144,01127,0125160409,KRジャパン,大作ステーブル,オルフェーヴル,ホットランナー,ダイワメジャー,栗毛,220417,   53.8,  ,    ,41.0
25,08,10,1,札幌,6,04,未勝利,7,ダ,1,1700,稍,コスモクイーンビー,牝,3,川又賢治,55.0,14,10,13,13,0,4.6,10,111.6,"1516",0,4,4,5,9,43.5,478,岩戸孝樹,美,0,22106791,01166,01051,0125160410,ビッグレッドファー,ビッグレッドファー,McKinzie,バルタ,"Crimson Tide",鹿毛,220421,   37.7,  ,    ,35.4
25,08,10,1,札幌,6,04,未勝利,7,ダ,1,1700,稍,サザンブラック    ,牡,3,橋木太希,54.0,14,11,5,5,0,1.4,8,108.4,"1484",0,1,2,3,5,40.7,498,根本康広,美,56,22101347,01215,01029,0125160411,サザンホールディン,坂牧場,ブラックタイド,ローズゴールド,サウスヴィグラス,黒鹿,220414,   25.7,  ,    ,40.7
25,08,10,1,札幌,6,04,未勝利,7,ダ,1,1700,稍,ジョードリウム    ,牡,3,丹内祐次,57.0,14,12,2,2,0,0.1,2,107.1,"1471",0,2,1,1,1,39.9,502,清水久詞,栗,220,22100997,01091,01110,0125160412,上田江吏子,山際牧場,ホッコータルマエ,ジョーアラマート,キングヘイロー,鹿毛,220428,    3.1,  ,    ,41.9
25,08,10,1,札幌,6,04,未勝利,7,ダ,1,1700,稍,マーウォルス      ,牡,3,キング,57.0,14,13,1,1,0,-0.1,1,107,"1470",0,7,7,4,2,39.1,468,茶木太樹,栗,560,22102394,05643,01181,0125160413,サンデーレーシング,坂東牧場,アドマイヤマーズ,ウェイクミーアップ,"Rock of Gibraltar",栗毛,220331,    3.1,  ,    ,44.7
25,08,10,1,札幌,6,04,未勝利,7,ダ,1,1700,稍,アシャカルーク    ,牡,3,小林美駒,54.0,14,14,7,7,0,1.7,5,108.7,"1487",0,2,2,2,3,41.3,442,鈴木伸尋,美,0,22104486,01206,01026,0125160414,吉冨学,前谷牧場,シニスターミニスター,アシャカダイキ,スマートファルコン,黒鹿,220321,   14.6,  ,    ,39.0
25,08,10,1,札幌,6,05,新馬・牝,15,芝,0,1500,良,ラスティングスノー,牝,2,横山和生,55.0,12,01,2,2,0,0.1,5,91.2,"1312",0,0,1,1,1,35.7,456,池上昌和,美,300,23103293,01140,01150,0125160501,矢野秀春,矢野牧場,モズアスコット,プレザントブリーズ,マンハッタンカフェ,栗毛,230319,   17.4,  ,    ,53.6
25,08,10,1,札幌,6,05,新馬・牝,15,芝,0,1500,良,カッサンドラ      ,牝,2,小林美駒,52.0,12,02,8,8,0,0.8,8,91.9,"1319",0,0,2,2,2,36.3,434,高橋義忠,栗,0,23103999,01206,01129,0125160502,加藤徹,大狩部牧場,インディチャンプ,マレンカヤ,ファンタスティックライト,鹿毛,230408,   64.4,  ,    ,52.1
25,08,10,1,札幌,6,05,新馬・牝,15,芝,0,1500,良,ベルグランボヌール,牝,2,浜中俊,55.0,12,03,6,6,0,0.7,2,91.8,"1318",0,0,5,8,5,35.5,426,須貝尚介,栗,0,23106824,01115,01105,0125160503,宮崎俊也,ノーザンファーム,モーリス,アウェイク,ディープインパクト,鹿毛,230220,    2.9,  ,    ,55.7
25,08,10,1,札幌,6,05,新馬・牝,15,芝,0,1500,良,キタノリスクミー  ,牝,2,舟山瑠泉,52.0,12,04,12,12,0,3.2,12,94.3,"1343",0,0,12,12,12,37.5,442,粕谷昌央,美,0,23104435,01221,01096,0125160504,北所直人,ハクレイファーム,ルヴァンスレーヴ,プリモウェイ,"Giant's Causeway",黒鹿,230526,  201.7,  ,    ,51.0
25,08,10,1,札幌,6,05,新馬・牝,15,芝,0,1500,良,クラリスヒメ      ,牝,2,菱田裕二,55.0,12,05,7,7,0,0.7,9,91.8,"1318",0,0,8,6,5,35.6,352,浅利英明,美,0,23101770,01144,01204,0125160505,"Him Rock Racingホ",鮫川啓一,ダノンキングリー,カリオストロ,エイシンフラッシュ,黒鹿,230331,  109.1,  ,    ,55.2
25,08,10,1,札幌,6,05,新馬・牝,15,芝,0,1500,良,ドルチェミスト    ,牝,2,横山武史,55.0,12,06,1,1,0,-0.1,4,91.1,"1311",0,0,3,3,3,35.4,436,小栗実,栗,750,23101174,01170,01194,0125160506,ゴドルフィン,ダーレー・ジャパン,タリスマニック,ラドルチェ,"Gone West",青鹿,230319,   11.5,  ,    ,54.9
25,08,10,1,札幌,6,05,新馬・牝,15,芝,0,1500,良,オッハッピー      ,牝,2,鷲頭虎太,53.0,12,07,10,10,0,1.5,10,92.6,"1326",0,0,11,9,8,36.2,430,西村真幸,栗,0,23102457,01202,01148,0125160507,岡田隆寛,岡田牧場,ハッピースプリント,エイシンイザナミ,シンボリクリスエス,黒鹿,230421,  122.7,  ,    ,53.9
25,08,10,1,札幌,6,05,新馬・牝,15,芝,0,1500,良,エリカビアリッツ  ,牝,2,キング,55.0,12,08,3,3,0,0.2,1,91.3,"1313",0,0,3,3,3,35.5,440,堀宣行,美,190,23102608,05643,01070,0125160508,三木正浩,グランド牧場,キズナ,ブレーヴアンナ,"War Front",鹿毛,230224,    2.0,  ,    ,54.8
25,08,10,1,札幌,6,05,新馬・牝,15,芝,0,1500,良,コズミックボックス,牝,2,丹内祐次,55.0,12,09,4,4,0,0.3,3,91.4,"1314",0,0,10,11,8,34.9,438,中舘英二,美,110,23107353,01091,01153,0125160509,吉田勝己,ノーザンファーム,ブリックスアンドモルタル,レーヴデトワール,ゼンノロブロイ,黒鹿,230308,    6.9,  ,    ,57.9
25,08,10,1,札幌,6,05,新馬・牝,15,芝,0,1500,良,アスコットダンス  ,牝,2,橋木太希,52.0,12,10,5,5,0,0.5,7,91.6,"1316",0,0,8,9,11,35.2,424,高橋康之,栗,75,23105144,01215,01135,0125160510,サイプレスホールデ,鮫川啓一,モズアスコット,マルハチメイフェア,ホワイトマズル,鹿毛,230411,   27.0,  ,    ,56.8
25,08,10,1,札幌,6,05,新馬・牝,15,芝,0,1500,良,リュウノプティ    ,牝,2,黛弘人,55.0,12,11,9,9,0,1.4,11,92.5,"1325",0,0,5,6,8,36.4,408,伊坂重信,美,0,23107451,01109,01177,0125160511,蓑島竜一,村上進治,サンダースノー,エメラルドスター,"Mount Nelson",鹿毛,230303,  164.4,  ,    ,52.7
25,08,10,1,札幌,6,05,新馬・牝,15,芝,0,1500,良,ジュディーイメル  ,牝,2,藤岡佑介,55.0,12,12,11,11,0,1.6,6,92.7,"1327",0,0,5,3,5,36.9,446,武英智,栗,0,23105116,01093,01161,0125160512,ケーエスHD,桑田牧場,アドマイヤマーズ,ヴォルカン,ロードカナロア,鹿毛,230221,   20.1,  ,    ,50.8
25,08,10,1,札幌,6,06,未勝利,7,芝,0,2600,良,ベレーザフィン    ,牝,3,鷲頭虎太,53.0,14,01,6,6,0,0.9,10,163.9,"2439",0,7,10,9,9,36.9,430,前川恭子,栗,0,22105092,01202,01210,0125160601,リーヴァ,ノーザンファーム,レイデオロ,モスカートローザ,ディープインパクト,鹿毛,220417,   64.1,  ,    ,53.3
25,08,10,1,札幌,6,06,未勝利,7,芝,0,2600,良,ジャヴェール      ,牡,3,松岡正海,57.0,14,02,12,12,0,2.5,11,165.5,"2455",0,7,10,9,10,38.5,464,松山将樹,美,0,22105892,01085,01100,0125160602,岡田牧雄,ゼットステーブル,ゴールドアクター,トーコーメロディ,ヤマニンセラフィム,黒鹿,220501,  129.5,  ,    ,49.0
25,08,10,1,札幌,6,06,未勝利,7,芝,0,2600,良,クラシカルカイザー,牡,3,小林美駒,54.0,14,03,8,8,0,1.6,5,164.6,"2446",0,12,6,2,2,38.4,424,稲垣幸雄,美,0,22100860,01206,01167,0125160603,フィールドレーシン,幌村牧場,リアルスティール,クラシカルレディ,キングズベスト,鹿毛,220414,    8.9,  ,    ,48.6
25,08,10,1,札幌,6,06,未勝利,7,芝,0,2600,良,アスクデッドヒート,牡,3,古川奈穂,54.0,14,04,1,1,0,-0.4,2,163,"2430",0,5,9,7,4,36.4,472,矢作芳人,栗,560,22105839,01190,01075,0125160604,廣崎利洋HD,社台コーポレーショ,ルーラーシップ,フェイブルネージュ,ディープインパクト,鹿毛,220130,    4.4,  ,    ,54.3
25,08,10,1,札幌,6,06,未勝利,7,芝,0,2600,良,ブリリアントカーラ,牝,3,横山武史,55.0,14,05,4,4,0,0.6,6,163.6,"2436",0,1,2,2,2,37.5,414,杉山佳明,栗,84,22104835,01170,01178,0125160605,シルクレーシング,ノーザンファーム,サトノダイヤモンド,ジャポニカーラ,ジャングルポケット,鹿毛,220124,   13.1,  ,    ,50.9
25,08,10,1,札幌,6,06,未勝利,7,芝,0,2600,良,デンジエンド      ,牡,3,橋木太希,54.0,14,06,13,13,0,2.5,13,165.5,"2455",0,12,12,12,10,38.1,440,小島茂之,美,0,22105029,01215,01068,0125160606,西本資史,ノーザンファーム,サトノクラウン,プロレタリアト,ハーツクライ,黒鹿,220412,  181.2,  ,    ,50.3
25,08,10,1,札幌,6,06,未勝利,7,芝,0,2600,良,キングズトゥルー  ,牡,3,池添謙一,57.0,14,07,3,3,0,0.5,4,163.5,"2435",0,3,1,1,1,37.8,448,大竹正博,美,140,22103510,01032,01102,0125160607,ノルマンディーサラ,岡田スタツド,ウインブライト,クイーンズトゥルー,キングカメハメハ,黒鹿,220528,    5.2,  ,    ,49.8
25,08,10,1,札幌,6,06,未勝利,7,芝,0,2600,良,ジーティートシオー,牡,3,丹内祐次,57.0,14,08,10,10,0,2.2,3,165.2,"2452",0,14,14,12,10,37.9,466,西村真幸,栗,0,22104661,01091,01148,0125160608,田畑利彦,ノーザンファーム,バゴ,ウォークロニクル,ウォーエンブレム,青毛,220309,    4.5,  ,    ,50.8
25,08,10,1,札幌,6,06,未勝利,7,芝,0,2600,良,コウセイケンタロス,牡,3,森田誠也,54.0,14,09,11,11,0,2.4,14,165.4,"2454",0,7,6,11,14,38.2,452,和田雄二,美,0,22105461,01222,01143,0125160609,杉安浩一郎,社台ファーム,ハービンジャー,ファイアマーシャル,ディープインパクト,鹿毛,220226,  253.1,  ,    ,49.9
25,08,10,1,札幌,6,06,未勝利,7,芝,0,2600,良,モンツァフレイバー,牡,3,横山和生,57.0,14,10,9,9,0,1.7,7,164.7,"2447",0,2,3,5,7,38.3,460,久保田貴,美,0,22103181,01140,01067,0125160610,尾田信夫,丸幸小林牧場,エピファネイア,メープルフレイバー,キングカメハメハ,鹿毛,220525,   16.9,  ,    ,49.0
25,08,10,1,札幌,6,06,未勝利,7,芝,0,2600,良,ボスポラス        ,牡,3,吉田隼人,57.0,14,11,5,5,0,0.7,9,163.7,"2437",0,6,6,7,8,37,458,和田正一,美,56,22106331,01095,01114,0125160611,スピードファーム,スピードフアーム,エポカドーロ,キューバンマンボ,スズカマンボ,鹿毛,220331,   46.0,  ,    ,52.7
25,08,10,1,札幌,6,06,未勝利,7,芝,0,2600,良,アファリン        ,牝,3,舟山瑠泉,52.0,14,12,7,7,0,1,8,164,"2440",0,7,3,2,4,37.8,474,新谷功一,栗,0,22110065,01221,01172,0125160612,前田幸治,"RMJ Stables LLC",Justify,"Rusty Slipper","Lemon Drop Kid",栗毛,220324,   22.1,  ,    ,50.2
25,08,10,1,札幌,6,06,未勝利,7,芝,0,2600,良,ソリッドベーシス  ,セ,3,松本大輝,56.0,14,13,14,14,0,3.1,12,166.1,"2461",0,11,12,12,13,38.8,482,安田翔伍,栗,0,22105697,01191,01164,0125160613,山口謙太郎,追分ファーム,ブリックスアンドモルタル,サイモンミラベル,ダイワメジャー,鹿毛,220312,  178.2,  ,    ,48.4
25,08,10,1,札幌,6,06,未勝利,7,芝,0,2600,良,ヤマニンヒストリア,牡,3,鮫島克駿,57.0,14,14,2,2,0,0.4,1,163.4,"2434",0,3,5,5,4,37,456,中村直也,栗,220,22106607,01157,01186,0125160614,土井肇,錦岡牧場,サトノクラウン,ヤマニンナジャーハ,ディープインパクト,黒鹿,220424,    3.8,  ,    ,52.5
25,08,10,1,札幌,6,07,１勝ｸﾗｽ・牝,23,芝,0,1200,良,ホウオウドルーリー,牝,4,古川吉洋,56.0,15,01,15,15,0,5.6,9,74.3,"1143",0,0,0,8,8,39.7,468,宮徹,栗,0,21100362,01015,01018,0125160701,小笹芳央,平野牧場,マインドユアビスケッツ,スタコラサッサ,ヴィクトワールピサ,鹿毛,210328,   20.2,  ,    ,37.2
25,08,10,1,札幌,6,07,１勝ｸﾗｽ・牝,23,芝,0,1200,良,キントラダンサー  ,牝,3,横山和生,54.0,15,02,1,1,0,-0.1,1,68.7,"1087",0,0,0,3,2,34.6,462,長谷川浩,栗,800,22104387,01140,01173,0125160702,三木久史,フジワラフアーム,キタサンブラック,キントラ,Kingman,鹿毛,220410,    3.8,  ,    ,48.6
25,08,10,1,札幌,6,07,１勝ｸﾗｽ・牝,23,芝,0,1200,良,ユーティジャーニー,牝,3,丹内祐次,54.0,15,03,3,3,0,0.2,4,68.9,"1089",0,0,0,5,4,34.6,428,矢嶋大樹,美,200,22102088,01091,01202,0125160703,星野壽市,前野牧場,ヤングマンパワー,リノワールド,オルフェーヴル,黒鹿,220323,    8.1,  ,    ,49.1
25,08,10,1,札幌,6,07,１勝ｸﾗｽ・牝,23,芝,0,1200,良,ヴィヴァラリス    ,牝,3,浜中俊,54.0,15,04,11,11,0,1.8,12,70.5,"1105",0,0,0,12,12,35.5,404,尾関知人,美,0,22102749,01115,01103,0125160704,ローレルレーシング,杵臼牧場,デクラレーションオブウォー,ペプチドリリー,ダイワメジャー,鹿毛,220317,   72.2,  ,    ,48.6
25,08,10,1,札幌,6,07,１勝ｸﾗｽ・牝,23,芝,0,1200,良,ムチャスグラシアス,牝,4,舟山瑠泉,53.0,15,05,8,8,0,1.1,8,69.8,"1098",0,0,0,7,8,35.4,450,菊川正達,美,0,21104217,01221,01052,0125160705,ウエスト.フォレス,友田牧場,カリフォルニアクローム,ロスグラシアレス,シンボリクリスエス,栗毛,210318,   15.0,  ,    ,47.2
25,08,10,1,札幌,6,07,１勝ｸﾗｽ・牝,23,芝,0,1200,良,スプリングデイ    ,牝,4,古川奈穂,53.0,15,06,4,4,0,0.3,7,69,"1090",0,0,0,8,7,34.5,434,伊藤大士,美,120,21103322,01190,01109,0125160706,ミルファーム,ミルファーム,ディスクリートキャット,ヴァップ,ストーミングホーム,鹿毛,210330,   13.2,  ,    ,50.0
25,08,10,1,札幌,6,07,１勝ｸﾗｽ・牝,23,芝,0,1200,良,カロローザ        ,牝,3,和田陽希,51.0,15,07,5,5,0,0.8,3,69.5,"1095",0,0,0,5,4,35.2,480,松永幹夫,栗,80,22105772,01223,01092,0125160707,キャロットファーム,社台コーポレーショ,ナダル,エスティタート,ドリームジャーニー,鹿毛,220209,    6.7,  ,    ,47.4
25,08,10,1,札幌,6,07,１勝ｸﾗｽ・牝,23,芝,0,1200,良,エファセデリエール,牝,3,森田誠也,51.0,15,08,10,10,0,1.4,15,70.1,"1101",0,0,0,10,11,35.4,478,伊坂重信,美,0,22105221,01222,01177,0125160708,吉田千津,社台ファーム,パドトロワ,アルテミスハート,ハーツクライ,青鹿,220512,  231.7,  ,    ,48.0
25,08,10,1,札幌,6,07,１勝ｸﾗｽ・牝,23,芝,0,1200,良,ハイファイスピード,牝,3,横山武史,54.0,15,09,14,14,0,3,2,71.7,"1117",0,0,0,2,3,37.7,460,宮本博,栗,0,22104920,01170,01073,0125160709,グリーンファーム,ノーザンファーム,ビッグアーサー,デグラーティア,フジキセキ,栗毛,220216,    4.9,  ,    ,40.2
25,08,10,1,札幌,6,07,１勝ｸﾗｽ・牝,23,芝,0,1200,良,ランスオブサウンド,牝,5,藤岡佑介,56.0,15,10,6,6,0,0.8,11,69.5,"1095",0,0,0,10,10,34.7,460,奥村豊,栗,0,20104739,01093,01146,0125160710,五影慶則,フジワラフアーム,ディープブリランテ,アンジェラスキッス,"Gone West",鹿毛,200410,   25.9,  ,    ,50.3
25,08,10,1,札幌,6,07,１勝ｸﾗｽ・牝,23,芝,0,1200,良,ドレミファニー    ,牝,5,松岡正海,56.0,15,11,9,9,0,1.2,10,69.9,"1099",0,0,0,14,13,34.7,508,西田雄一,美,0,20104855,01085,01187,0125160711,青芝商事,前谷武志,ドレフォン,ファニーヒロイン,ゴールドアリュール,栗毛,200519,   24.7,  ,    ,51.4
25,08,10,1,札幌,6,07,１勝ｸﾗｽ・牝,23,芝,0,1200,良,シンデレラスマイル,牝,5,鮫島克駿,56.0,15,12,13,13,0,2.6,13,71.3,"1113",0,0,0,12,13,36.2,440,武藤善則,美,0,20104824,01157,01064,0125160712,佐々木雄二,へいはた牧場,キンシャサノキセキ,ポエティックターン,Pivotal,鹿毛,200313,  156.3,  ,    ,47.0
25,08,10,1,札幌,6,07,１勝ｸﾗｽ・牝,23,芝,0,1200,良,メラヴィリオーザ  ,牝,5,黛弘人,56.0,15,13,12,12,0,2,14,70.7,"1107",0,0,0,14,13,35.5,470,秋山真一,栗,0,20101920,01109,01212,0125160713,ノルマンディーサラ,出口牧場,ディーマジェスティ,メイクデュース,トウカイテイオー,黒鹿,200307,  167.6,  ,    ,49.2
25,08,10,1,札幌,6,07,１勝ｸﾗｽ・牝,23,芝,0,1200,良,サンポーニャ      ,牝,5,鷲頭虎太,54.0,15,14,2,2,0,0.1,5,68.8,"1088",0,0,0,1,1,35.2,450,池江泰寿,栗,320,20102050,01202,01071,0125160714,金子真人ホールディ,日高大洋牧場,モーリス,テンダリーヴォイス,ディープインパクト,鹿毛,200426,    9.4,  ,    ,45.5
25,08,10,1,札幌,6,07,１勝ｸﾗｽ・牝,23,芝,0,1200,良,ストレイトアスク  ,牝,4,小林美駒,53.0,15,15,7,7,0,1,6,69.7,"1097",0,0,0,3,4,35.6,434,藤原英昭,栗,0,21102312,01206,01055,0125160715,廣崎利洋HD,"ASK STUD",ロードカナロア,ストレイトガール,フジキセキ,鹿毛,210410,    9.5,  ,    ,45.8
25,08,10,1,札幌,6,08,１勝ｸﾗｽ,23,ダ,1,1700,稍,スズノソレイユ    ,牡,3,和田陽希,52.0,9,01,9,9,0,3,9,109.2,"1492",0,1,1,3,6,40,496,平田修,栗,0,22106673,01223,01082,0125160801,小紫嘉之,ハクツ牧場,ディスクリートキャット,グラヴィオーラ,サウスヴィグラス,鹿毛,220326,   67.7,  ,    ,44.4
25,08,10,1,札幌,6,08,１勝ｸﾗｽ,23,ダ,1,1700,稍,デルマムーン      ,牡,3,キング,55.0,9,02,6,6,0,1.9,4,108.1,"1481",0,3,3,5,3,38.7,524,鹿戸雄一,美,0,22101964,05643,01097,0125160802,浅沼廣幸,ファニーヒルファー,マインドユアビスケッツ,デルマアラレチャン,スクリーンヒーロー,鹿毛,220421,    5.7,  ,    ,47.8
25,08,10,1,札幌,6,08,１勝ｸﾗｽ,23,ダ,1,1700,稍,マシュー          ,牡,4,小林美駒,55.0,9,03,5,5,0,1.2,5,107.4,"1474",0,3,5,9,9,36.9,478,尾形和幸,美,80,21104738,01206,01141,0125160803,島川隆哉,エスティファーム,ジャスタウェイ,ローザデルドバイ,"Dubai Destination",栗毛,210428,   10.9,  ,    ,54.2
25,08,10,1,札幌,6,08,１勝ｸﾗｽ,23,ダ,1,1700,稍,メイショウタイピン,牡,3,池添謙一,55.0,9,04,1,1,0,-0.2,1,106.2,"1462",0,3,3,2,2,37.1,502,飯田祐史,栗,800,22102828,01032,01139,0125160804,松本好隆,松栄牧場,モズアスコット,メイショウキラリ,マンハッタンカフェ,栗毛,220421,    3.4,  ,    ,51.6
25,08,10,1,札幌,6,08,１勝ｸﾗｽ,23,ダ,1,1700,稍,メイショウマジック,牡,5,古川吉洋,58.0,9,05,4,4,0,1.2,8,107.4,"1474",0,8,8,8,7,37.3,502,四位洋文,栗,120,20106995,01015,01184,0125160805,松本好隆,本巣敦,ホッコータルマエ,メイショウヒメユリ,ハーツクライ,黒鹿,200219,   20.3,  ,    ,52.5
25,08,10,1,札幌,6,08,１勝ｸﾗｽ,23,ダ,1,1700,稍,ドーギッド        ,牝,3,鮫島克駿,53.0,9,06,7,7,0,1.9,6,108.1,"1481",0,9,9,3,5,38.9,470,矢作芳人,栗,0,22105766,01157,01075,0125160806,G1レーシング,社台コーポレーショ,オルフェーヴル,インフレキシビリティ,"Scat Daddy",栗毛,220207,   11.2,  ,    ,47.0
25,08,10,1,札幌,6,08,１勝ｸﾗｽ,23,ダ,1,1700,稍,タイヨウフレア    ,牝,3,吉田隼人,53.0,9,07,3,3,0,0.6,7,106.8,"1468",0,6,7,5,3,37.4,496,杉浦宏昭,美,200,22105844,01095,01008,0125160807,小林善一,社台コーポレーショ,ドレフォン,プリマレジェンド,ヴィクトワールピサ,栗毛,220302,   19.1,  ,    ,51.2
25,08,10,1,札幌,6,08,１勝ｸﾗｽ,23,ダ,1,1700,稍,アーロンイメル    ,牡,4,丹内祐次,58.0,9,08,2,2,0,0.2,3,106.4,"1464",0,2,2,1,1,37.4,496,高橋義忠,栗,320,21100255,01091,01129,0125160808,ケーエスHD,田湯牧場,パイロ,アビス,ダイワメジャー,栗毛,210523,    4.1,  ,    ,50.6
25,08,10,1,札幌,6,08,１勝ｸﾗｽ,23,ダ,1,1700,稍,レッドベルダンス  ,牡,3,横山武史,55.0,9,09,8,8,0,2.3,2,108.5,"1485",0,6,6,7,7,38.6,482,手塚貴久,美,0,22104897,01170,01038,0125160809,東京ホースレーシン,ノーザンファーム,レイデオロ,ダンシングラグズ,"Union Rags",鹿毛,220408,    3.9,  ,    ,48.8
25,08,10,1,札幌,6,09,１勝ｸﾗｽ,23,芝,0,2000,良,バルナバ          ,牡,3,キング,55.0,9,01,5,5,0,1.5,2,122.5,"2025",0,7,8,8,7,35.8,518,浜田多実,栗,80,22106633,05643,01138,0125160901,ノースヒルズ,ノースヒルズ,ハービンジャー,クライミングローズ,マンハッタンカフェ,鹿毛,220403,    6.1,  ,    ,53.8
25,08,10,1,札幌,6,09,１勝ｸﾗｽ,23,芝,0,2000,良,ラウダブル        ,牡,4,鷲頭虎太,56.0,9,02,9,9,0,3,8,124,"2040",0,3,3,4,7,37.7,524,池江泰寿,栗,0,21104752,01202,01071,0125160902,G1レーシング,追分ファーム,キズナ,クイーンカトリーン,Acclamation,鹿毛,210319,  119.3,  ,    ,48.1
25,08,10,1,札幌,6,09,１勝ｸﾗｽ,23,芝,0,2000,良,リアライズオーラム,牡,3,横山武史,55.0,9,03,7,7,0,1.8,3,122.8,"2028",0,1,1,1,2,36.7,506,須貝尚介,栗,0,22105773,01170,01105,0125160903,今福洋介,社台コーポレーショ,オルフェーヴル,オリヒメ,"Majestic Warrior",鹿毛,220122,    6.2,  ,    ,50.5
25,08,10,1,札幌,6,09,１勝ｸﾗｽ,23,芝,0,2000,良,トゥルブレンツ    ,牝,5,舟山瑠泉,53.0,9,04,4,4,0,0.8,7,121.8,"2018",0,2,2,2,1,35.7,444,小栗実,栗,120,20102574,01221,01194,0125160904,G1レーシング,追分ファーム,サトノダイヤモンド,トラウム,Dansili,鹿毛,200306,   63.3,  ,    ,53.4
25,08,10,1,札幌,6,09,１勝ｸﾗｽ,23,芝,0,2000,良,アオイタケル      ,牡,3,横山和生,55.0,9,05,6,6,0,1.6,4,122.6,"2026",0,3,3,2,2,36.5,478,四位洋文,栗,0,22100330,01140,01184,0125160905,新谷正子,中村雅明,サトノダイヤモンド,スイチョウカ,シンボリクリスエス,鹿毛,220416,    9.9,  ,    ,51.1
25,08,10,1,札幌,6,09,１勝ｸﾗｽ,23,芝,0,2000,良,ヨヒーン          ,牝,3,鮫島克駿,53.0,9,06,2,2,0,0.1,5,121.1,"2011",0,7,7,6,5,34.5,458,杉山晴紀,栗,320,22105166,01157,01157,0125160906,藤田晋,ノーザンファーム,キズナ,レディイヴァンカ,"Tiz Wonderful",黒鹿,220306,   13.1,  ,    ,57.6
25,08,10,1,札幌,6,09,１勝ｸﾗｽ,23,芝,0,2000,良,ミラージュナイト  ,牡,3,藤岡佑介,55.0,9,07,1,1,0,-0.1,1,121,"2010",0,9,9,9,6,34.1,492,辻野泰之,栗,800,22105109,01093,01183,0125160907,大島昌也,ノーザンファーム,バゴ,ラキシス,ディープインパクト,黒鹿,220330,    1.4,  ,    ,59.2
25,08,10,1,札幌,6,09,１勝ｸﾗｽ,23,芝,0,2000,良,マイバラード      ,牡,5,松岡正海,58.0,9,08,3,3,0,0.6,6,121.6,"2016",0,5,5,4,4,35.3,474,松永康利,美,200,20100621,01085,01093,0125160908,ビッグレッドファー,荻伏三好フアーム,ダノンバラード,マイネアロマ,ロージズインメイ,鹿毛,200510,   34.7,  ,    ,54.8
25,08,10,1,札幌,6,09,１勝ｸﾗｽ,23,芝,0,2000,良,コーラスライン    ,牝,6,柴田裕一,53.0,9,09,8,8,0,2,9,123,"2030",0,6,5,6,9,36.5,450,本間忍,美,0,19104843,01212,01056,0125160909,八木澤充貴,社台ファーム,ハービンジャー,ハロックライン,キングカメハメハ,鹿毛,190212,  254.8,  ,    ,51.6
25,08,10,1,札幌,6,10,摩周湖特･2勝,43,芝,0,1500,良,トリップトゥムーン,牡,6,松本大輝,58.0,14,01,13,13,0,1.9,14,90.6,"1306",0,0,10,11,10,35.5,456,粕谷昌央,美,0,19103193,01191,01096,0125161001,岡田牧雄,ヒサイファーム,アドマイヤムーン,レディパッション,ネオユニヴァース,黒鹿,190502,  234.7,  ,    ,53.5
25,08,10,1,札幌,6,10,摩周湖特･2勝,43,芝,0,1500,良,アルゲンテウス    ,セ,6,丹内祐次,58.0,14,02,5,5,0,0.5,5,89.2,"1292",0,0,7,8,6,34.4,462,小島茂之,美,155,19105497,01091,01068,0125161002,シルクレーシング,ノーザンファーム,シルバーステート,ラダームブランシェ,チチカステナンゴ,芦毛,190322,    9.4,  ,    ,56.2
25,08,10,1,札幌,6,10,摩周湖特･2勝,43,芝,0,1500,良,アニトラ          ,牝,5,小林美駒,56.0,14,03,7,7,0,1,8,89.7,"1297",0,0,3,4,4,35.3,458,矢嶋大樹,美,0,20102679,01206,01202,0125161003,G1レーシング,社台コーポレーショ,ロードカナロア,ソルヴェイグ,ダイワメジャー,黒鹿,200215,   26.6,  ,    ,52.7
25,08,10,1,札幌,6,10,摩周湖特･2勝,43,芝,0,1500,良,ヨウシタンレイ    ,牝,5,藤岡佑介,56.0,14,04,4,4,0,0.5,3,89.2,"1292",0,0,5,3,3,35,458,藤野健太,栗,230,20103969,01093,01200,0125161004,中内田克二,岡田猛,サトノアラジン,フレイムミーティア,ファンタスティックライト,鹿毛,200122,    7.3,  ,    ,53.2
25,08,10,1,札幌,6,10,摩周湖特･2勝,43,芝,0,1500,良,ステラバルセロナ  ,牝,5,吉田隼人,56.0,14,05,2,2,0,0.5,10,89.2,"1292",0,0,8,8,10,34.3,428,菊川正達,美,620,20102907,01095,01052,0125161005,吉田千津,社台ファーム,ハービンジャー,ステラスターライト,ディープインパクト,鹿毛,200213,   37.1,  ,    ,56.7
25,08,10,1,札幌,6,10,摩周湖特･2勝,43,芝,0,1500,良,ビーナスローズ    ,牝,6,鮫島克駿,56.0,14,06,3,3,0,0.5,6,89.2,"1292",0,0,1,1,1,36.1,442,杉山佳明,栗,390,19100572,01157,01178,0125161006,ローレルレーシング,新冠橋本牧場,キタサンブラック,シャンスイ,スウェプトオーヴァーボード,鹿毛,190316,   10.1,  ,    ,48.1
25,08,10,1,札幌,6,10,摩周湖特･2勝,43,芝,0,1500,良,フォルテム        ,牡,3,横山武史,55.0,14,07,1,1,0,-0.5,2,88.7,"1287",0,0,2,2,2,34.6,482,千葉直人,美,1550,22103042,01170,01199,0125161007,ノルマンディーサラ,ディアレストクラブ,フィエールマン,マダムアグライア,ケイムホーム,鹿毛,220401,    4.9,  ,    ,54.2
25,08,10,1,札幌,6,10,摩周湖特･2勝,43,芝,0,1500,良,マイネルフォルツァ,牡,5,黛弘人,58.0,14,08,10,10,0,1.1,7,89.8,"1298",0,0,10,11,13,34.7,508,金成貴史,美,0,20105809,01109,01132,0125161008,サラブレッドクラブ,ブルースターズファ,ゴールドシップ,ラッフォルツァート,グラスワンダー,栗毛,200507,   20.7,  ,    ,55.9
25,08,10,1,札幌,6,10,摩周湖特･2勝,43,芝,0,1500,良,スクルプトーリス  ,牝,5,古川吉洋,56.0,14,09,12,12,0,1.4,13,90.1,"1301",0,0,4,6,9,35.5,484,松下武士,栗,0,20100151,01015,01149,0125161009,中村伊三美,ケイアイファーム,ジャスタウェイ,サッカーマム,Kingmambo,鹿毛,200309,  168.6,  ,    ,52.5
25,08,10,1,札幌,6,10,摩周湖特･2勝,43,芝,0,1500,良,アンドアイラヴハー,牝,4,池添謙一,56.0,14,10,11,11,0,1.2,4,89.9,"1299",0,0,5,4,4,35.4,494,田村康仁,美,0,21110003,01032,01027,0125161010,キャロットファーム,"Lake Villa Farm","No Nay Never","Can't Buy Me Love","War Front",鹿毛,210207,    8.1,  ,    ,52.6
25,08,10,1,札幌,6,10,摩周湖特･2勝,43,芝,0,1500,良,コスモディナー    ,牝,4,松岡正海,56.0,14,11,8,8,0,1.1,12,89.8,"1298",0,0,9,6,8,35.1,470,伊藤伸一,美,0,21102653,01085,01031,0125161011,ビッグレッドファー,金石牧場,ダノンバラード,コスモミール,ヘクタープロテクター,黒鹿,210317,   79.1,  ,    ,53.9
25,08,10,1,札幌,6,10,摩周湖特･2勝,43,芝,0,1500,良,テラステラ        ,牡,5,菱田裕二,58.0,14,12,6,6,0,1,11,89.7,"1297",0,0,13,14,10,34.2,478,矢作芳人,栗,0,20104083,01144,01075,0125161012,広尾レース,木村秀則,モーリス,ステラリード,スペシャルウィーク,鹿毛,200224,   37.9,  ,    ,58.2
25,08,10,1,札幌,6,10,摩周湖特･2勝,43,芝,0,1500,良,レッドセニョール  ,牡,4,横山和生,58.0,14,13,14,14,0,2.6,9,91.3,"1313",0,0,10,10,13,36.3,494,矢嶋大樹,美,0,21105779,01140,01202,0125161013,東京ホースレーシン,ノーザンファーム,リアルインパクト,ポルケテスエーニョ,"Medaglia d'Oro",鹿毛,210502,   36.6,  ,    ,51.0
25,08,10,1,札幌,6,10,摩周湖特･2勝,43,芝,0,1500,良,キングメーカー    ,牡,3,キング,55.0,14,14,9,9,0,1.1,1,89.8,"1298",0,0,13,11,6,34.6,498,須貝尚介,栗,0,22102744,05643,01105,0125161014,NICKS,杵臼牧場,スワーヴリチャード,プレリュードフィズ,キングカメハメハ,鹿毛,220504,    2.5,  ,    ,56.4
25,08,10,1,札幌,6,11,ＵＨＢ賞,131,芝,0,1200,良,サウザンサニー    ,牡,5,黛弘人,57.0,16,01,3,3,0,0,12,69.2,"1092",0,0,0,7,6,33.9,524,岩戸孝樹,美,580,20109102,01109,01051,0125161101,千明牧場,千明牧場,タリスマニック,メイハンコック,ワークフォース,鹿毛,200413,   43.3,  ,    ,54.1
25,08,10,1,札幌,6,11,ＵＨＢ賞,131,芝,0,1200,良,ダノンタッチダウン,セ,5,キング,57.0,16,02,14,14,0,0.5,4,69.7,"1097",0,0,0,9,9,34.3,542,堀宣行,美,0,20103277,05643,01070,0125161102,ダノックス,ノーザンファーム,ロードカナロア,エピックラヴ,Dansili,鹿毛,200329,    7.2,  ,    ,53.2
25,08,10,1,札幌,6,11,ＵＨＢ賞,131,芝,0,1200,良,スリーアイランド  ,牝,5,荻野琢真,55.0,16,03,9,9,0,0.1,8,69.3,"1093",0,0,0,11,11,33.6,496,中竹和也,栗,0,20110114,01112,01039,0125161103,永井商事,"Cn Farm Ltd",Zoustar,Entreat,Pivotal,栗毛,200418,   16.0,  ,    ,56.2
25,08,10,1,札幌,6,11,ＵＨＢ賞,131,芝,0,1200,良,ジャスティンアース,牡,4,横山和生,57.0,16,04,13,13,0,0.4,3,69.6,"1096",0,0,0,16,15,33.1,478,杉山晴紀,栗,0,21103282,01140,01157,0125161104,三木正浩,三嶋牧場,キズナ,ユーヴェットシー,Bodemeister,黒鹿,210208,    7.0,  ,    ,60.3
25,08,10,1,札幌,6,11,ＵＨＢ賞,131,芝,0,1200,良,バースクライ      ,牝,5,横山武史,55.0,16,05,12,12,0,0.3,1,69.5,"1095",0,0,0,5,6,34.4,504,千田輝彦,栗,0,20101827,01170,01120,0125161105,ゴドルフィン,ダーレー・ジャパン,ハーツクライ,ティップトップ,Dubawi,鹿毛,200309,    3.2,  ,    ,52.0
25,08,10,1,札幌,6,11,ＵＨＢ賞,131,芝,0,1200,良,マイネルジェロディ,牡,7,丹内祐次,57.0,16,06,11,11,0,0.2,13,69.4,"1094",0,0,0,3,3,34.4,482,西園正都,栗,0,18102155,01091,01028,0125161106,サラブレッドクラブ,ビッグレッドファー,スクリーンヒーロー,マイネエレーナ,ロージズインメイ,青鹿,180319,   43.8,  ,    ,51.7
25,08,10,1,札幌,6,11,ＵＨＢ賞,131,芝,0,1200,良,ツインクルトーズ  ,牝,5,古川吉洋,55.0,16,07,16,16,0,0.7,10,69.9,"1099",0,0,0,14,11,33.9,514,牧光二,美,0,20103915,01015,01106,0125161107,岡田牧雄,岡田スタツド,マインドユアビスケッツ,ツインクルスター,サクラバクシンオー,栗毛,200219,   24.4,  ,    ,56.2
25,08,10,1,札幌,6,11,ＵＨＢ賞,131,芝,0,1200,良,ナムラアトム      ,牡,4,菱田裕二,57.0,16,08,6,6,0,0.1,6,69.3,"1093",0,0,0,7,6,34,496,長谷川浩,栗,0,21102888,01144,01173,0125161108,奈村睦弘,谷川牧場,リアルインパクト,サンクイーン2,"Storm Cat",鹿毛,210416,   11.6,  ,    ,53.8
25,08,10,1,札幌,6,11,ＵＨＢ賞,131,芝,0,1200,良,ゾンニッヒ        ,牡,7,池添謙一,59.0,16,09,10,10,0,0.2,7,69.4,"1094",0,0,0,13,11,33.6,474,池江泰寿,栗,0,18101343,01032,01071,0125161109,金子真人ホールディ,坂東牧場,ラブリーデイ,エンドレスノット,ディープインパクト,鹿毛,180412,   15.9,  ,    ,56.5
25,08,10,1,札幌,6,11,ＵＨＢ賞,131,芝,0,1200,良,レッドヒルシューズ,牝,5,藤岡佑介,55.0,16,10,2,2,0,0,11,69.2,"1092",0,0,0,10,9,33.7,452,武英智,栗,920,20101897,01093,01161,0125161110,呉本昌時,チャンピオンズファ,ハーツクライ,ヤマノラヴ,アグネスデジタル,栗毛,200124,   30.4,  ,    ,55.3
25,08,10,1,札幌,6,11,ＵＨＢ賞,131,芝,0,1200,良,フィオライア      ,牝,4,鮫島克駿,55.0,16,11,1,1,0,0,2,69.2,"1092",0,0,0,1,1,34.4,466,西園正都,栗,2300,21101924,01157,01028,0125161111,友駿ホースクラブ,日高大洋牧場,ファインニードル,フルールシチー,サクラバクシンオー,栗毛,210302,    6.7,  ,    ,51.2
25,08,10,1,札幌,6,11,ＵＨＢ賞,131,芝,0,1200,良,ジョーメッドヴィン,牡,4,松岡正海,57.0,16,12,5,5,0,0,5,69.2,"1092",0,0,0,2,2,34.4,512,清水久詞,栗,230,21100522,01085,01110,0125161112,上田江吏子,山際牧場,ドレフォン,ジョーアラマート,キングヘイロー,栗毛,210410,   10.2,  ,    ,51.2
25,08,10,1,札幌,6,11,ＵＨＢ賞,131,芝,0,1200,良,プルパレイ        ,セ,6,浜中俊,59.0,16,13,7,7,0,0.1,14,69.3,"1093",0,0,0,3,3,34.3,498,須貝尚介,栗,0,19104911,01115,01105,0125161113,Gリビエール・レー,社台ファーム,イスラボニータ,マイジェン,"Fusaichi Pegasus",鹿毛,190210,   55.1,  ,    ,52.0
25,08,10,1,札幌,6,11,ＵＨＢ賞,131,芝,0,1200,良,クファシル        ,牡,5,吉田隼人,57.0,16,14,4,4,0,0,9,69.2,"1092",0,0,0,5,3,34.1,496,池添学,栗,350,20103356,01095,01144,0125161114,サンデーレーシング,ノーザンファーム,モーリス,グルヴェイグ,ディープインパクト,青鹿,200412,   21.4,  ,    ,52.9
25,08,10,1,札幌,6,11,ＵＨＢ賞,131,芝,0,1200,良,メイクアスナッチ  ,牝,5,舟山瑠泉,55.0,16,15,8,8,0,0.1,15,69.3,"1093",0,0,0,11,14,33.7,456,武市康男,美,0,20102672,01221,01089,0125161115,シルクレーシング,社台コーポレーショ,ルーラーシップ,スナッチマインド,ディープインパクト,黒鹿,200222,   77.3,  ,    ,55.6
25,08,10,1,札幌,6,11,ＵＨＢ賞,131,芝,0,1200,良,ロンドンプラン    ,牡,5,松本大輝,57.0,16,16,15,15,0,0.6,16,69.8,"1098",0,0,0,15,15,33.7,524,宮本博,栗,0,20101588,01191,01073,0125161116,下河辺隆行,下河辺牧場,グレーターロンドン,パッションローズ,アフリート,鹿毛,200304,   79.9,  ,    ,57.1
25,08,10,1,札幌,6,12,ＦビレＨ･2勝,43,ダ,1,1700,良,カンジ            ,牡,4,キング,56.0,14,01,12,12,0,3,4,106.9,"1469",0,4,3,4,5,40.2,498,武井亮,美,0,21110108,05643,01147,0125161201,TNレーシング,"Aaron Sones","Uncle Mo","Nikki's Choice",Forestry,鹿毛,210426,   11.9,  ,    ,40.5
25,08,10,1,札幌,6,12,ＦビレＨ･2勝,43,ダ,1,1700,良,プラムダンディ    ,牡,4,吉田隼人,56.0,14,02,11,11,0,2.3,6,106.2,"1462",0,8,7,9,8,39,460,尾形和幸,美,0,21100389,01095,01141,0125161202,佐藤壽男,本桐牧場,ラニ,アンテプリッツ,キングカメハメハ,栗毛,210419,   13.9,  ,    ,44.0
25,08,10,1,札幌,6,12,ＦビレＨ･2勝,43,ダ,1,1700,良,メイショウシロガネ,牡,7,浜中俊,53.0,14,03,14,14,0,3.4,13,107.3,"1473",0,8,7,7,10,40.2,458,笹田和秀,栗,0,18106220,01115,01104,0125161203,松本好隆,多田善弘,ホッコータルマエ,キンショーオトヒメ,マーベラスサンデー,鹿毛,180409,   86.0,  ,    ,41.0
25,08,10,1,札幌,6,12,ＦビレＨ･2勝,43,ダ,1,1700,良,イムホテプ        ,牡,3,横山武史,55.0,14,04,1,1,0,-1,1,103.9,"1439",0,1,1,1,1,37.5,484,萩原清,美,1550,22104983,01170,01017,0125161204,柏瀬金之介,ノーザンファーム,ニューイヤーズデイ,ファシネートダイア,アグネスタキオン,鹿毛,220306,    1.6,  ,    ,46.6
25,08,10,1,札幌,6,12,ＦビレＨ･2勝,43,ダ,1,1700,良,オコタンペ        ,牡,4,横山和生,56.0,14,05,4,4,0,1.4,9,105.3,"1453",0,12,12,14,14,37.4,492,須貝尚介,栗,230,21105849,01140,01105,0125161205,金子真人ホールディ,ノーザンファーム,ニューイヤーズデイ,ラーゴブルー,ハーツクライ,栗毛,210210,   31.3,  ,    ,49.0
25,08,10,1,札幌,6,12,ＦビレＨ･2勝,43,ダ,1,1700,良,ウインアルドーレ  ,牡,4,松岡正海,56.0,14,06,13,13,0,3.1,10,107,"1470",0,2,2,2,3,40.4,498,西園翔太,栗,0,21106192,01085,01196,0125161206,ウイン,コスモヴューファー,ビーチパトロール,アルデュール,フレンチデピュティ,黒鹿,210521,   43.7,  ,    ,39.9
25,08,10,1,札幌,6,12,ＦビレＨ･2勝,43,ダ,1,1700,良,ショウナンヤッホー,牡,3,池添謙一,54.0,14,07,10,10,0,2.2,7,106.1,"1461",0,6,5,6,6,39.2,490,栗田徹,美,0,22104605,01032,01127,0125161207,湘南,ノーザンファーム,ニューイヤーズデイ,アドマイヤキュート,キングカメハメハ,鹿毛,220216,   18.0,  ,    ,43.1
25,08,10,1,札幌,6,12,ＦビレＨ･2勝,43,ダ,1,1700,良,サンキャメロン    ,牝,4,松本大輝,52.0,14,08,8,8,0,1.8,11,105.7,"1457",0,8,10,10,10,38.3,466,上原博之,美,0,21107262,01191,00423,0125161208,加藤ステーブル,浜本牧場,アニマルキングダム,カグラヤルージュ,ヨハネスブルグ,栗毛,210111,   45.5,  ,    ,46.0
25,08,10,1,札幌,6,12,ＦビレＨ･2勝,43,ダ,1,1700,良,ケイアイメキラ    ,セ,5,荻野琢真,55.0,14,09,5,5,0,1.4,14,105.3,"1453",0,14,13,12,12,37.6,494,秋山真一,栗,155,20104215,01112,01212,0125161209,亀田和弘,佐竹学,パイロ,ケイアイベローナ,クロフネ,鹿毛,200416,  124.5,  ,    ,48.2
25,08,10,1,札幌,6,12,ＦビレＨ･2勝,43,ダ,1,1700,良,タイセイミッション,セ,4,黛弘人,56.0,14,10,2,2,0,1,5,104.9,"1449",0,2,3,2,2,38.3,528,伊藤圭三,美,620,21101045,01109,01023,0125161210,田中成奉,天羽牧場,キタサンブラック,パクスアジアーナ,ノヴェリスト,黒鹿,210226,   12.4,  ,    ,44.8
25,08,10,1,札幌,6,12,ＦビレＨ･2勝,43,ダ,1,1700,良,ライフゲート      ,セ,3,丹内祐次,54.0,14,11,3,3,0,1.3,3,105.2,"1452",0,5,5,5,3,38.4,514,伊藤圭三,美,390,22103778,01091,01023,0125161211,斉藤三寛,グランド牧場,マインドユアビスケッツ,フィーリンググー,セイントアレックス,栗毛,220505,   10.7,  ,    ,44.9
25,08,10,1,札幌,6,12,ＦビレＨ･2勝,43,ダ,1,1700,良,パフ              ,牡,4,藤岡佑介,57.0,14,12,9,9,0,2,2,105.9,"1459",0,6,7,7,6,38.8,480,橋口慎介,栗,0,21100292,01093,01154,0125161212,ノースヒルズ,土居牧場,レイデオロ,アンジュエ,アグネスタキオン,鹿毛,210402,    8.0,  ,    ,44.3
25,08,10,1,札幌,6,12,ＦビレＨ･2勝,43,ダ,1,1700,良,アセレラシオン    ,牡,4,鮫島克駿,56.0,14,13,6,6,0,1.6,12,105.5,"1455",0,11,11,12,12,37.9,526,浜田多実,栗,0,21106689,01157,01138,0125161213,サンデーレーシング,ハシモトフアーム,ドレフォン,クレアドール,ハーツクライ,黒鹿,210210,   62.0,  ,    ,47.3
25,08,10,1,札幌,6,12,ＦビレＨ･2勝,43,ダ,1,1700,良,コパノアントニオ  ,牡,4,菱田裕二,55.0,14,14,7,7,0,1.7,8,105.6,"1456",0,13,13,10,8,38.2,478,梅田智之,栗,0,21103125,01144,01084,0125161214,小林祥晃,日進牧場,コパノリッキー,ラシーク,スタチューオブリバティ,栗毛,210429,   25.3,  ,    ,46.2
25,08,16,1,札幌,7,01,未勝利*,7,芝,0,1800,良,ハイライトニング  ,牡,2,横山和生,55.0,7,01,4,4,0,1.3,4,110.1,"1501",0,7,6,5,6,35.7,480,嘉藤貴行,美,84,23105381,01140,01195,0125170101,TNレースホース,千代田牧場,リアルスティール,マニクール,ヘニーヒューズ,鹿毛,230211,   10.8,  ,    ,54.2
25,08,16,1,札幌,7,01,未勝利*,7,芝,0,1800,良,ラシッド          ,牡,2,石川倭,55.0,7,02,5,5,0,2.4,6,111.2,"1512",0,1,1,1,2,37.3,478,杉浦宏昭,美,56,23105940,05534,01008,0125170102,島川隆哉,エスティファーム,マクマホン,トーセンアルニカ,メイショウサムソン,栗毛,230320,   86.4,  ,    ,49.1
25,08,16,1,札幌,7,01,未勝利*,7,芝,0,1800,良,エバーシャンティ  ,牝,2,横山武史,55.0,7,03,3,3,0,0.8,3,109.6,"1496",0,6,6,5,4,35.2,438,久保田貴,美,140,23106919,01170,01067,0125170103,宇田豊,ノーザンファーム,ルーラーシップ,エバーシャルマン,ハーツクライ,鹿毛,230315,    3.3,  ,    ,55.7
25,08,16,1,札幌,7,01,未勝利*,7,芝,0,1800,良,ブルームオブピース,牝,2,古川吉洋,55.0,7,04,7,7,0,2.9,7,111.7,"1517",0,3,3,7,7,37.2,430,北出成人,栗,0,23102965,01015,01078,0125170104,飯田貴大,千代田牧場,デクラレーションオブウォー,ロゼット,ルーラーシップ,鹿毛,230127,  109.5,  ,    ,50.1
25,08,16,1,札幌,7,01,未勝利*,7,芝,0,1800,良,グロリアスマーチ  ,牡,2,佐々木大,55.0,7,05,2,2,0,0.5,2,109.3,"1493",0,3,3,3,2,35.1,502,須貝尚介,栗,220,23103680,01197,01105,0125170105,G1レーシング,追分ファーム,モーリス,ヴィクトリーマーチ,アグネスタキオン,青鹿,230310,    2.5,  ,    ,55.7
25,08,16,1,札幌,7,01,未勝利*,7,芝,0,1800,良,マイネルシンベリン,牡,2,丹内祐次,55.0,7,06,1,1,0,-0.5,1,108.8,"1488",0,2,2,2,1,34.8,448,武市康男,美,560,23100207,01091,01089,0125170106,サラブレッドクラブ,築紫洋,リオンディーズ,フォトジェニック,Sinndar,鹿毛,230419,    2.3,  ,    ,56.3
25,08,16,1,札幌,7,01,未勝利*,7,芝,0,1800,良,クリスタルメモリー,牝,2,原優介,55.0,7,07,6,6,0,2.5,5,111.3,"1513",0,3,3,3,4,37.2,450,萱野浩二,美,0,23106048,01184,01024,0125170107,石井義人,田中春美,キセキ,レッドパルテール,ブラックタイド,鹿毛,230421,   67.7,  ,    ,49.6
25,08,16,1,札幌,7,02,未勝利・牝,7,ダ,1,1700,良,スフレ            ,牝,3,佐々木大,55.0,14,01,5,5,0,0.6,8,106.9,"1469",0,12,13,13,7,38.1,434,野中賢二,栗,56,22104305,01197,01098,0125170201,カナヤマホールディ,服部牧場,ルヴァンスレーヴ,ウィンクルム,キズナ,鹿毛,220302,   36.1,  ,    ,48.5
25,08,16,1,札幌,7,02,未勝利・牝,7,ダ,1,1700,良,ユージュアーナ    ,牝,3,斎藤新,55.0,14,02,3,3,0,0.4,4,106.7,"1467",0,1,1,1,1,39.2,460,奥村豊,栗,140,22102952,01178,01146,0125170202,長澤稔,辻牧場,リアルスティール,アルボナンザ,キングカメハメハ,鹿毛,220326,    6.6,  ,    ,43.9
25,08,16,1,札幌,7,02,未勝利・牝,7,ダ,1,1700,良,ティアップマッハ  ,牝,3,黛弘人,55.0,14,03,12,12,0,3.5,9,109.8,"1498",0,2,2,2,4,42.2,446,奥平雅士,美,0,22100183,01109,01074,0125170203,田中昇,高昭牧場,リオンディーズ,ティアップレーヴ,クロフネ,黒鹿,220509,   63.0,  ,    ,37.4
25,08,16,1,札幌,7,02,未勝利・牝,7,ダ,1,1700,良,シンシーネ        ,牝,3,舟山瑠泉,52.0,14,04,9,9,0,2.6,6,108.9,"1489",0,3,3,3,9,41,464,高橋義忠,栗,0,22105305,01221,01129,0125170204,ニットー商事,社台ファーム,ドレフォン,クロースフレンド,サウスヴィグラス,栗毛,220331,   13.2,  ,    ,40.3
25,08,16,1,札幌,7,02,未勝利・牝,7,ダ,1,1700,良,アイドルアイズ    ,牝,3,キング,55.0,14,05,8,8,0,2.5,2,108.8,"1488",0,5,8,5,12,40.7,420,新谷功一,栗,0,22104653,05643,01172,0125170205,長谷川守正,ノーザンファーム,ホッコータルマエ,ウィキッドアイズ,オルフェーヴル,鹿毛,220303,    4.3,  ,    ,41.3
25,08,16,1,札幌,7,02,未勝利・牝,7,ダ,1,1700,良,グランクリュ      ,牝,3,荻野琢真,55.0,14,06,14,14,0,4.3,12,110.6,"1506",0,14,14,14,14,41.6,432,今野貞一,栗,0,22101414,01112,01128,0125170206,下河辺隆行,下河辺牧場,エピファネイア,シャンパンフルート,クロフネ,芦毛,220319,   87.8,  ,    ,40.5
25,08,16,1,札幌,7,02,未勝利・牝,7,ダ,1,1700,良,シャインシュシュ  ,牝,3,松岡正海,55.0,14,07,6,6,0,0.9,14,107.2,"1472",0,9,8,9,7,39,476,小野次郎,美,0,22101153,01085,01125,0125170207,皆川博文,大江牧場,ゴールデンマンデラ,シャインセレブ,クロフネ,鹿毛,220323,  145.7,  ,    ,45.4
25,08,16,1,札幌,7,02,未勝利・牝,7,ダ,1,1700,良,ミストラルフェザー,牝,3,鮫島克駿,55.0,14,08,11,11,0,3,13,109.3,"1493",0,3,3,3,4,41.5,482,茶木太樹,栗,0,22104707,01157,01181,0125170208,DMMドリームクラブ,ノーザンファーム,モーリス,オーサムフェザー,"Awesome of Course",鹿毛,220219,  106.0,  ,    ,39.1
25,08,16,1,札幌,7,02,未勝利・牝,7,ダ,1,1700,良,エピックサイクル  ,牝,3,原優介,55.0,14,09,10,10,0,2.9,10,109.2,"1492",0,5,5,5,9,41.1,438,新開幸一,美,0,22105268,01184,01116,0125170209,社台レースホース,社台ファーム,マインドユアビスケッツ,オデュッセイア,ヴィクトワールピサ,栗毛,220410,   76.5,  ,    ,40.4
25,08,16,1,札幌,7,02,未勝利・牝,7,ダ,1,1700,良,ミセスリリー      ,牝,3,鷲頭虎太,53.0,14,10,7,7,0,2.1,11,108.4,"1484",0,11,11,11,12,40,456,上原佑紀,美,0,22105000,01202,01192,0125170210,RTレーシング,ノーザンファーム,ワールドエース,フレグラントブレス,クロフネ,鹿毛,220325,   82.5,  ,    ,43.3
25,08,16,1,札幌,7,02,未勝利・牝,7,ダ,1,1700,良,メルヘンライズ    ,牝,3,横山武史,55.0,14,11,13,13,0,4.2,5,110.5,"1505",0,5,5,5,9,42.5,480,辻哲英,美,0,22104441,01170,01182,0125170211,吉岡寛行,"PRIDE ROCK",シルバーステート,アドマイヤジョイ,ルーラーシップ,芦毛,220406,    8.6,  ,    ,37.3
25,08,16,1,札幌,7,02,未勝利・牝,7,ダ,1,1700,良,スマートイザナミ  ,牝,3,武豊,55.0,14,12,4,4,0,0.5,1,106.8,"1468",0,10,10,9,3,38.5,450,谷潔,栗,84,22102035,00666,00431,0125170212,大川徹,豊洋牧場,ルヴァンスレーヴ,スマートダフネ,スマートファルコン,栗毛,220502,    3.3,  ,    ,46.8
25,08,16,1,札幌,7,02,未勝利・牝,7,ダ,1,1700,良,カスバートテソーロ,牝,3,吉田隼人,55.0,14,13,2,2,0,0.3,3,106.6,"1466",0,12,11,11,4,38.2,442,畠山吉宏,美,220,22102263,01095,01048,0125170213,了徳寺健二ホールデ,リョーケンファーム,ゴールドアクター,パテオドバテール,Shirocco,黒鹿,220204,    4.5,  ,    ,47.7
25,08,16,1,札幌,7,02,未勝利・牝,7,ダ,1,1700,良,サウンドルーチェ  ,牝,3,小林美駒,52.0,14,14,1,1,0,-0.3,7,106.3,"1463",0,8,7,5,2,38.3,452,渡辺薫彦,栗,560,22105267,01206,01155,0125170214,増田雄一,社台ファーム,ミッキーアイル,オッティマルーチェ,"Fusaichi Pegasus",鹿毛,220210,   16.4,  ,    ,46.8
25,08,16,1,札幌,7,03,未勝利,7,ダ,1,1000,良,ステラノヴァ      ,牡,3,武豊,57.0,12,01,2,2,0,0.8,1,59.3,"0593",0,0,0,8,8,35,478,千田輝彦,栗,220,22103482,00666,01120,0125170301,中村雅明,大滝康晴,ベストウォーリア,マリアローザ,フジキセキ,鹿毛,220511,    2.1,  ,    ,54.1
25,08,16,1,札幌,7,03,未勝利,7,ダ,1,1000,良,キョウエイセレッソ,牝,3,石川倭,55.0,12,02,10,10,0,2,10,60.5,"1005",0,0,0,8,9,36.2,436,中川公成,美,0,22102444,05534,01081,0125170302,田中晴夫,びらとり牧場,タワーオブロンドン,トウカイセレッソ,キングカメハメハ,鹿毛,220328,  134.0,  ,    ,50.7
25,08,16,1,札幌,7,03,未勝利,7,ダ,1,1000,良,フルグライト      ,牡,3,鷲頭虎太,55.0,12,03,4,4,0,1.2,7,59.7,"0597",0,0,0,7,6,35.6,466,堀内岳志,美,84,22102555,01202,01189,0125170303,豊井義次,林時春,オーヴァルエース,タガノディナー,タニノギムレット,鹿毛,220510,   51.7,  ,    ,51.5
25,08,16,1,札幌,7,03,未勝利,7,ダ,1,1000,良,ジェニー          ,牝,3,柴田裕一,52.0,12,04,9,9,0,1.9,8,60.4,"1004",0,0,0,5,6,36.6,498,茶木太樹,栗,0,22102462,01212,01181,0125170304,馬場幸夫,雅牧場,モーニン,ハッピーランラン,ワークフォース,栗毛,220514,   70.2,  ,    ,47.5
25,08,16,1,札幌,7,03,未勝利,7,ダ,1,1000,良,レイアポポ        ,牝,3,丹内祐次,55.0,12,05,3,3,0,1,5,59.5,"0595",0,0,0,3,4,36.2,464,青木孝文,美,140,22102103,01091,01156,0125170305,ヒダカ・ブリーダー,槇本牧場,シニスターミニスター,ワイルドポポ,ワイルドラッシュ,鹿毛,220506,   20.5,  ,    ,46.5
25,08,16,1,札幌,7,03,未勝利,7,ダ,1,1000,良,エアザキントス    ,牡,3,松本大輝,56.0,12,06,11,11,0,2.2,12,60.7,"1007",0,0,0,8,9,36.5,462,新谷功一,栗,0,22105248,01191,01172,0125170306,ラッキーフィールド,社台ファーム,ブリックスアンドモルタル,エアマグダラ,サンデーサイレンス,栗毛,220512,  176.2,  ,    ,49.5
25,08,16,1,札幌,7,03,未勝利,7,ダ,1,1000,良,ロードバルセロナ  ,牡,3,森田誠也,54.0,12,07,8,8,0,1.7,11,60.2,"1002",0,0,0,11,11,35.5,496,茶木太樹,栗,0,22100354,01222,01181,0125170307,ロードホースクラブ,バンブー牧場,ビッグアーサー,クライフターン,バンブーエール,栗毛,220209,  152.3,  ,    ,54.4
25,08,16,1,札幌,7,03,未勝利,7,ダ,1,1000,良,カービスベイ      ,牡,3,小林美駒,54.0,12,08,7,7,0,1.7,2,60.2,"1002",0,0,0,5,5,36.4,510,武藤善則,美,0,22107246,01206,01064,0125170308,ヒダカ・ブリーダー,奥山ファーム,タワーオブロンドン,コージーベイ,"Storm Cat",黒鹿,220126,    3.5,  ,    ,48.1
25,08,16,1,札幌,7,03,未勝利,7,ダ,1,1000,良,ヒロスズラン      ,牝,3,岩田康誠,55.0,12,09,12,12,0,2.6,9,61.1,"1011",0,0,0,12,12,36.1,458,角田晃一,栗,0,22107214,05203,01121,0125170309,小濱正智,アフリートファーム,モーニン,スズランコマンダー,スエヒロコマンダー,鹿毛,220221,   73.1,  ,    ,53.9
25,08,16,1,札幌,7,03,未勝利,7,ダ,1,1000,良,ディニトーソ      ,牡,3,舟山瑠泉,54.0,12,10,1,1,0,-0.8,3,58.5,"0585",0,0,0,4,2,35.1,462,辻野泰之,栗,560,22104004,01221,01183,0125170310,ノルマンディーサラ,高橋フアーム,ディーマジェスティ,ウォータームージカ,フレンチデピュティ,栗毛,220302,    4.4,  ,    ,50.0
25,08,16,1,札幌,7,03,未勝利,7,ダ,1,1000,良,ラピルスイメル    ,牝,3,古川奈穂,52.0,12,11,6,6,0,1.4,4,59.9,"0599",0,0,0,1,1,36.8,502,小崎憲,栗,0,22106194,01190,01085,0125170311,ケーエスHD,小泉牧場,ミスターメロディ,グッドレインボー,ステイゴールド,鹿毛,220417,    8.0,  ,    ,44.2
25,08,16,1,札幌,7,03,未勝利,7,ダ,1,1000,良,ブラックエンパイア,牡,3,荻野琢真,57.0,12,12,5,5,0,1.4,6,59.9,"0599",0,0,0,2,2,36.8,474,松永康利,美,56,22104343,01112,01093,0125170312,田頭勇貴,原田久司,ゴールドドリーム,タマモスズラン,サウスヴィグラス,黒鹿,220504,   30.0,  ,    ,44.2
25,08,16,1,札幌,7,04,未勝利,7,芝,0,1500,良,アルシャンティ    ,牝,3,キング,55.0,14,01,14,14,0,7.5,3,95.5,"1355",0,0,3,4,4,42.6,434,茶木太樹,栗,0,22102978,05643,01181,0125170401,辻牧場,辻牧場,バゴ,スリーベラミ,ディープインパクト,鹿毛,220510,    5.2,  ,    ,32.8
25,08,16,1,札幌,7,04,未勝利,7,芝,0,1500,良,エピファランド    ,牝,3,浜中俊,55.0,14,02,3,3,0,0.5,4,88.5,"1285",0,0,4,4,4,35.6,498,武幸四郎,栗,140,22105126,01115,01160,0125170402,藤田晋,ノーザンファーム,エピファネイア,ラーゴブルー,ハーツクライ,鹿毛,220209,    6.0,  ,    ,49.1
25,08,16,1,札幌,7,04,未勝利,7,芝,0,1500,良,ベルジャッド      ,牝,3,柴田裕一,52.0,14,03,8,8,0,1.1,8,89.1,"1291",0,0,6,6,9,35.9,414,高柳大輔,栗,0,22101487,01212,01159,0125170403,ヒダカ・ブリーダー,白井牧場,ブリックスアンドモルタル,デルマヒスイ,エイシンフラッシュ,青鹿,220310,   18.2,  ,    ,48.8
25,08,16,1,札幌,7,04,未勝利,7,芝,0,1500,良,バーンズベリー    ,牡,3,丹内祐次,57.0,14,04,6,6,0,1,11,89,"1290",0,0,7,6,7,35.8,458,尾関知人,美,0,22110025,01091,01103,0125170404,H.H.シェイク・ハム,Godolphin,Iffraaj,"Richmond Avenue","Invincible Spirit",栗毛,220223,   61.3,  ,    ,49.1
25,08,16,1,札幌,7,04,未勝利,7,芝,0,1500,良,ハクサンミラクル  ,牡,3,黛弘人,57.0,14,05,2,2,0,0.4,6,88.4,"1284",0,0,10,12,9,34.7,472,武藤善則,美,220,22100325,01109,01064,0125170405,河崎五市,中村雅明,シルポート,アクロスザシャイン,タニノギムレット,鹿毛,220324,   16.3,  ,    ,53.2
25,08,16,1,札幌,7,04,未勝利,7,芝,0,1500,良,フリアフロリダ    ,牝,3,鷲頭虎太,51.0,14,06,12,12,0,1.5,9,89.5,"1295",0,0,10,9,9,36,462,小栗実,栗,0,22110101,01202,01194,0125170406,吉田和美,"Vieira Group Pty L","Trapeze Artist",Hummalong,"Hallowed Crown",鹿毛,220817,   19.6,  ,    ,49.1
25,08,16,1,札幌,7,04,未勝利,7,芝,0,1500,良,リラゲイル        ,牡,3,佐々木大,57.0,14,07,4,4,0,0.9,10,88.9,"1289",0,0,7,6,4,35.7,466,須貝尚介,栗,84,22103518,01197,01105,0125170407,Gリビエール・レー,岡田スタツド,ブリックスアンドモルタル,シルヴァーコード,スウェプトオーヴァーボード,芦毛,220318,   50.4,  ,    ,49.3
25,08,16,1,札幌,7,04,未勝利,7,芝,0,1500,良,スタークルージング,牝,3,舟山瑠泉,52.0,14,08,9,9,0,1.1,12,89.1,"1291",0,0,13,13,13,35.2,464,小椋研介,栗,0,22100631,01221,01197,0125170408,中村祐子,ケイアイファーム,ロードカナロア,スターコレクション,アグネスタキオン,黒鹿,220409,   64.7,  ,    ,52.1
25,08,16,1,札幌,7,04,未勝利,7,芝,0,1500,良,アグネス          ,牝,3,原優介,55.0,14,09,13,13,0,2.3,14,90.3,"1303",0,0,9,9,9,36.9,430,上原佑紀,美,0,22102316,01184,01192,0125170409,中水英紀,"Blooming Farm",スワーヴリチャード,サクソンブライド,"Macho Uno",黒鹿,220330,  366.0,  ,    ,46.5
25,08,16,1,札幌,7,04,未勝利,7,芝,0,1500,良,ワタシマツワ      ,牝,3,小林美駒,52.0,14,10,1,1,0,-0.4,1,88,"1280",0,0,1,1,1,35.4,426,竹内正洋,美,560,22101412,01206,01152,0125170410,由井健太郎,下河辺牧場,グレーターロンドン,サンドスラッシュ,"Holy Roman Emperor",鹿毛,220416,    3.1,  ,    ,49.1
25,08,16,1,札幌,7,04,未勝利,7,芝,0,1500,良,リリーオブザハート,牝,3,鮫島克駿,55.0,14,11,10,10,0,1.2,5,89.2,"1292",0,0,12,9,7,35.7,420,辻野泰之,栗,0,22105561,01157,01183,0125170411,DMMドリームクラブ,社台ファーム,ブリックスアンドモルタル,リリーオブザヴァレー,Galileo,鹿毛,220326,   14.2,  ,    ,49.9
25,08,16,1,札幌,7,04,未勝利,7,芝,0,1500,良,デザートスノー    ,セ,3,古川奈穂,54.0,14,12,11,11,0,1.5,13,89.5,"1295",0,0,13,14,14,35.5,446,勢司和浩,美,0,22106679,01190,01047,0125170412,鈴木道雄,ハクレイファーム,モーリス,アージオン,ロードカナロア,鹿毛,220210,  274.6,  ,    ,51.4
25,08,16,1,札幌,7,04,未勝利,7,芝,0,1500,良,ペタルブランシュ  ,牝,3,横山和生,55.0,14,13,7,7,0,1,7,89,"1290",0,0,2,2,2,36.3,404,村田一誠,美,0,22106907,01140,01190,0125170413,ローレルレーシング,松浦牧場,シルバーステート,エピックマジック,テレグノシス,青鹿,220305,   17.9,  ,    ,46.8
25,08,16,1,札幌,7,04,未勝利,7,芝,0,1500,良,ラウニウ          ,牝,3,横山武史,55.0,14,14,5,5,0,0.9,2,88.9,"1289",0,0,4,3,2,36.1,478,牧田和弥,栗,56,22104399,01170,01123,0125170414,安原浩司,フジワラフアーム,マクフィ,チラリ,チチカステナンゴ,鹿毛,220406,    4.3,  ,    ,47.5
25,08,16,1,札幌,7,05,新馬,15,芝,0,1200,良,シンギュラーレディ,牝,2,舟山瑠泉,52.0,11,01,8,8,0,0.8,5,71.4,"1114",0,0,0,1,2,37,426,佐藤悠太,栗,0,23102907,01221,01205,0125170501,飯田貴大,千代田牧場,ミスターメロディ,サーキットレディ,"Grand Slam",鹿毛,230130,   19.2,  ,    ,43.0
25,08,16,1,札幌,7,05,新馬,15,芝,0,1200,良,エルドラド        ,牡,2,松岡正海,55.0,11,02,10,10,0,1.4,9,72,"1120",0,0,0,7,9,36.3,458,蛯名利弘,美,0,23106347,01085,01131,0125170502,田頭勇貴,HARUNOファーム,ファインニードル,マコトサンパギータ,ジャングルポケット,栗毛,230316,   44.3,  ,    ,48.3
25,08,16,1,札幌,7,05,新馬,15,芝,0,1200,良,リバテイー        ,牝,2,原田和真,55.0,11,03,4,4,0,0.5,11,71.1,"1111",0,0,0,6,6,35.7,456,小笠倫弘,美,110,23105932,01143,01076,0125170503,島川隆哉,エスティファーム,ヴァンキッシュラン,ウィッシングタイム,Frankel,鹿毛,230404,  146.2,  ,    ,49.2
25,08,16,1,札幌,7,05,新馬,15,芝,0,1200,良,ナオミライトニング,牝,2,佐々木大,55.0,11,04,1,1,0,-0.2,3,70.6,"1106",0,0,0,4,3,36,442,矢作芳人,栗,750,23101847,01197,01075,0125170504,DMMドリームクラブ,ヒダカフアーム,ビッグアーサー,ナオミエキスプレス,リアルインパクト,鹿毛,230402,    4.7,  ,    ,46.1
25,08,16,1,札幌,7,05,新馬,15,芝,0,1200,良,ラスベガスサイン  ,牝,2,横山武史,55.0,11,05,3,3,0,0.3,1,70.9,"1109",0,0,0,2,3,36.4,394,長谷川浩,栗,190,23105812,01170,01173,0125170505,ロードホースクラブ,ケイアイファーム,シルバーステート,パーフェクトトリビュート,Dubawi,鹿毛,230215,    2.1,  ,    ,44.8
25,08,16,1,札幌,7,05,新馬,15,芝,0,1200,良,ベンテンカグラ    ,牝,2,小林美駒,52.0,11,06,11,11,0,2.6,8,73.2,"1132",0,0,0,11,11,35.3,456,勢司和浩,美,0,23107419,01206,01047,0125170506,二口雅一,田原橋本牧場,アドマイヤムーン,スガノグラスワン,グラスワンダー,芦毛,230422,   40.7,  ,    ,57.4
25,08,16,1,札幌,7,05,新馬,15,芝,0,1200,良,プレヒティヒ      ,牝,2,鷲頭虎太,53.0,11,07,2,2,0,0.2,6,70.8,"1108",0,0,0,5,5,35.7,398,伊藤圭三,美,300,23100202,01202,01023,0125170507,ディアレストクラブ,築紫洋,ダノンプレミアム,カルディア,ゼンノロブロイ,黒鹿,230217,   19.9,  ,    ,48.3
25,08,16,1,札幌,7,05,新馬,15,芝,0,1200,良,グリーンスリーヴス,牡,2,柴田裕一,52.0,11,08,9,9,0,1,7,71.6,"1116",0,0,0,10,10,35.7,408,羽月友彦,栗,0,23101975,01212,01091,0125170508,KAJIMOTOホールディ,絵笛牧場,ミスチヴィアスアレックス,グリーンダンディ,"Green Desert",栗毛,230227,   33.7,  ,    ,50.6
25,08,16,1,札幌,7,05,新馬,15,芝,0,1200,良,ウーマンズパワー  ,牝,2,斎藤新,55.0,11,09,5,5,0,0.6,2,71.2,"1112",0,0,0,2,1,36.7,456,中尾秀正,栗,75,23103929,01178,01069,0125170509,高岡浩行,アサヒ牧場,タワーオブロンドン,ジョジョニー,ゴールドアリュール,鹿毛,230419,    3.6,  ,    ,44.0
25,08,16,1,札幌,7,05,新馬,15,芝,0,1200,良,ディアナタコス    ,牡,2,古川奈穂,52.0,11,10,6,6,0,0.7,10,71.3,"1113",0,0,0,7,7,35.6,412,前川恭子,栗,0,23106158,01190,01210,0125170510,ディアレスト,ディアレストクラブ,ロゴタイプ,ペルルクロシュ,ソングオブウインド,黒鹿,230414,   73.4,  ,    ,50.3
25,08,16,1,札幌,7,05,新馬,15,芝,0,1200,良,ブレッティレディ  ,牝,2,丹内祐次,55.0,11,11,7,7,0,0.7,4,71.3,"1113",0,0,0,9,7,35.5,442,高橋一哉,栗,0,23101092,01091,01206,0125170511,ローレルレーシング,タバタファーム,シュヴァルグラン,ディアボレット,ディープブリランテ,栗毛,230421,   11.3,  ,    ,50.8
25,08,16,1,札幌,7,06,未勝利,7,ダ,1,1700,良,メイショウゲキハ  ,牡,3,武豊,57.0,14,01,2,2,0,0.2,2,106.9,"1469",0,8,8,7,6,38.2,526,藤原英昭,栗,220,22102563,00666,01055,0125170601,松本好雄,赤田牧場,トランセンド,エメラルドタワー,アドマイヤマックス,鹿毛,220319,    3.7,  ,    ,48.1
25,08,16,1,札幌,7,06,未勝利,7,ダ,1,1700,良,メイショウマヒロ  ,牝,3,柴田裕一,52.0,14,02,8,8,0,1.4,9,108.1,"1481",0,12,12,12,10,38.7,404,飯田祐史,栗,0,22102845,01212,01139,0125170602,松本好隆,太陽牧場,ダノンレジェンド,メーシャンス,ジャスタウェイ,鹿毛,220228,   67.5,  ,    ,47.8
25,08,16,1,札幌,7,06,未勝利,7,ダ,1,1700,良,ファリア          ,牡,3,古川奈穂,54.0,14,03,10,10,0,2.2,12,108.9,"1489",0,9,9,9,9,39.8,458,土田稔,美,0,22106894,01190,00417,0125170603,ジェイアール,ホース・マネジメン,メイショウボーラー,ポルカマズルカ,ティンバーカントリー,鹿毛,220309,  190.9,  ,    ,44.7
25,08,16,1,札幌,7,06,未勝利,7,ダ,1,1700,良,ブランディストック,セ,3,キング,57.0,14,04,6,6,0,1.1,4,107.8,"1478",0,6,6,3,4,39.3,480,辻哲英,美,0,22105219,05643,01182,0125170604,社台レースホース,社台ファーム,マインドユアビスケッツ,アラドヴァル,シンボリクリスエス,栗毛,220507,    8.4,  ,    ,45.1
25,08,16,1,札幌,7,06,未勝利,7,ダ,1,1700,良,メイユウ          ,牡,3,丹内祐次,57.0,14,05,7,7,0,1.2,6,107.9,"1479",0,10,9,9,8,38.8,460,蛯名正義,美,0,22106861,01091,01191,0125170605,岡浩二,北星村田牧場,ヘニーヒューズ,ラブローレル,ブライアンズタイム,青鹿,220406,   13.3,  ,    ,47.1
25,08,16,1,札幌,7,06,未勝利,7,ダ,1,1700,良,ピンクパラダイス  ,牝,3,荻野琢真,55.0,14,06,5,5,0,0.7,8,107.4,"1474",0,2,2,2,2,39.1,444,大久保龍,栗,56,22106657,01112,01058,0125170606,ノースヒルズ,ノースヒルズ,マクフィ,ブライトムーン,ルーラーシップ,鹿毛,220401,   38.4,  ,    ,45.3
25,08,16,1,札幌,7,06,未勝利,7,ダ,1,1700,良,サヨノファントム  ,牡,3,松本大輝,56.0,14,07,14,14,0,3.1,14,109.8,"1498",0,4,3,9,13,40.8,526,羽月友彦,栗,0,22105754,01191,01091,0125170607,吉岡泰治,笹川大晃牧場,アニマルキングダム,リボルトレイダー,ワイルドラッシュ,栗毛,220407,  204.8,  ,    ,42.2
25,08,16,1,札幌,7,06,未勝利,7,ダ,1,1700,良,スマートテンペスト,牡,3,鷲頭虎太,55.0,14,08,9,9,0,1.8,7,108.5,"1485",0,3,3,3,4,40,478,西園翔太,栗,0,22102734,01202,01196,0125170608,大川徹,杵臼牧場,スマートオーディン,スマートサクソン,ドリームジャーニー,芦毛,220404,   27.2,  ,    ,43.4
25,08,16,1,札幌,7,06,未勝利,7,ダ,1,1700,良,クリップクロップ  ,牝,3,和田陽希,52.0,14,09,13,13,0,2.8,11,109.5,"1495",0,13,13,12,12,40.2,470,高橋一哉,栗,0,22105331,01223,01206,0125170609,G1レーシング,社台ファーム,サトノダイヤモンド,サイレントクロップ,シンボリクリスエス,鹿毛,220420,  161.4,  ,    ,44.0
25,08,16,1,札幌,7,06,未勝利,7,ダ,1,1700,良,ミスティマウンテン,牡,3,横山武史,57.0,14,10,1,1,0,-0.2,3,106.7,"1467",0,4,5,3,3,38.2,444,池上昌和,美,560,22101684,01170,01150,0125170610,ゴドルフィン,ダーレー・ジャパン,サンダースノー,ブルーミスト,スクリーンヒーロー,鹿毛,220225,    4.6,  ,    ,47.8
25,08,16,1,札幌,7,06,未勝利,7,ダ,1,1700,良,シャドーストライク,牡,3,佐々木大,57.0,14,11,11,11,0,2.5,10,109.2,"1492",0,6,6,7,10,40.4,466,茶木太樹,栗,0,22101273,01197,01181,0125170611,水谷昌晃,木村牧場,サートゥルナーリア,リリースペイン,"American Post",栗毛,220318,   67.5,  ,    ,42.9
25,08,16,1,札幌,7,06,未勝利,7,ダ,1,1700,良,レイナサグラーダ  ,牝,3,舟山瑠泉,52.0,14,12,12,12,0,2.6,13,109.3,"1493",0,10,11,12,14,39.9,438,小栗実,栗,0,22105089,01221,01194,0125170612,シルクレーシング,ノーザンファーム,レイデオロ,モアザンセイクリッド,"More Than Ready",黒鹿,220427,  191.7,  ,    ,44.9
25,08,16,1,札幌,7,06,未勝利,7,ダ,1,1700,良,オロパタジン      ,牡,3,小林美駒,54.0,14,13,3,3,0,0.2,5,106.9,"1469",0,1,1,1,1,38.7,470,相沢郁,美,140,22102567,01206,01020,0125170613,石瀬浩三,赤田牧場,ノヴェリスト,ダンシングチコ,ダイワメジャー,青鹿,220310,   10.6,  ,    ,46.1
25,08,16,1,札幌,7,06,未勝利,7,ダ,1,1700,良,トリプレーテ      ,牡,3,森田誠也,54.0,14,14,4,4,0,0.4,1,107.1,"1471",0,14,14,6,6,38.5,486,武英智,栗,84,22106722,01222,01161,0125170614,寺田寿男,パカパカファーム,"Saxon Warrior",ザフィーナ,Casamento,鹿毛,220224,    2.7,  ,    ,47.2
25,08,16,1,札幌,7,07,１勝ｸﾗｽ,23,芝,0,2600,良,デルマジュテーム  ,牝,3,古川吉洋,53.0,9,01,6,6,0,0.5,5,162.9,"2429",0,3,4,4,3,35.6,454,的場均,美,0,22101969,01015,01063,0125170701,浅沼廣幸,ファニーヒルファー,ノヴェリスト,デルマチャチャ,サムライハート,黒鹿,220409,   19.2,  ,    ,57.3
25,08,16,1,札幌,7,07,１勝ｸﾗｽ,23,芝,0,2600,良,ラーシャローム    ,牡,3,岩田康誠,55.0,9,02,1,1,0,0,8,162.4,"2424",0,5,5,4,3,35.1,478,奥村武,美,800,22103406,05203,01145,0125170702,ノルマンディーサラ,アフリートファーム,トーセンラー,アンジェリカス,ハービンジャー,栗毛,220405,   34.8,  ,    ,58.8
25,08,16,1,札幌,7,07,１勝ｸﾗｽ,23,芝,0,2600,良,ローレルオーブ    ,牡,3,鮫島克駿,55.0,9,03,3,3,0,0.3,3,162.7,"2427",0,7,7,4,6,35.4,460,杉山佳明,栗,200,22106940,01157,01178,0125170703,ローレルレーシング,松木加代,ウインブライト,ルージュマジック,アフリート,黒鹿,220321,    3.5,  ,    ,57.9
25,08,16,1,札幌,7,07,１勝ｸﾗｽ,23,芝,0,2600,良,メイショウアゴナス,牡,3,武豊,55.0,9,04,9,9,0,4.5,1,166.9,"2469",0,5,5,8,9,39,492,本田優,栗,0,22103263,00666,01099,0125170704,松本好隆,三嶋牧場,スワーヴリチャード,メイショウブーケ,フレンチデピュティ,栗毛,220312,    3.1,  ,    ,48.4
25,08,16,1,札幌,7,07,１勝ｸﾗｽ,23,芝,0,2600,良,ペリプルス        ,牡,5,舟山瑠泉,55.0,9,05,8,8,0,0.9,7,163.3,"2433",0,7,7,7,7,35.7,446,佐藤吉勝,美,0,20105796,01221,01035,0125170705,ビッグレッドファー,ビッグレッドファー,ゴールドシップ,マイネリベルタス,コンデュイット,芦毛,200413,   32.2,  ,    ,57.2
25,08,16,1,札幌,7,07,１勝ｸﾗｽ,23,芝,0,2600,良,ベレーザフィン    ,牝,3,鷲頭虎太,51.0,9,06,5,5,0,0.5,9,162.9,"2429",0,9,9,8,8,35.1,428,前川恭子,栗,80,22105092,01202,01210,0125170706,リーヴァ,ノーザンファーム,レイデオロ,モスカートローザ,ディープインパクト,鹿毛,220417,   71.2,  ,    ,59.2
25,08,16,1,札幌,7,07,１勝ｸﾗｽ,23,芝,0,2600,良,マテンロウゴールド,牡,4,横山武史,58.0,9,07,2,2,0,0,2,162.4,"2424",0,1,1,1,1,35.5,514,中内田充,栗,320,21105874,01170,01137,0125170707,寺田千代乃,ノーザンファーム,レイデオロ,ルールブリタニア,ディープインパクト,栗毛,210202,    3.2,  ,    ,57.2
25,08,16,1,札幌,7,07,１勝ｸﾗｽ,23,芝,0,2600,良,サリーチェ        ,牝,3,佐々木大,53.0,9,08,4,4,0,0.3,4,162.7,"2427",0,2,2,2,2,35.7,474,池添学,栗,120,22104794,01197,01144,0125170708,シルクレーシング,ノーザンファーム,ドゥラメンテ,サロミナ,Lomitas,黒鹿,220127,    5.6,  ,    ,56.7
25,08,16,1,札幌,7,07,１勝ｸﾗｽ,23,芝,0,2600,良,テイキットイージー,牡,4,丹内祐次,58.0,9,09,7,7,0,0.7,6,163.1,"2431",0,3,2,3,3,35.9,440,萱野浩二,美,0,21101088,01091,01024,0125170709,ビッグレッドファー,荒井ファーム,ゴールドシップ,コスモマイルール,ルールオブロー,芦毛,210512,   25.5,  ,    ,56.3
25,08,16,1,札幌,7,08,１勝ｸﾗｽ,23,ダ,1,1700,良,カフェブーケット  ,牡,3,横山和生,55.0,14,01,9,9,0,0.9,2,106.7,"1467",0,12,13,11,8,38.3,480,柄崎将寿,美,0,22103235,01140,01208,0125170801,西川光一,三嶋牧場,フォーウィールドライブ,フィオーレカフェ,アイルハヴアナザー,青鹿,220405,    6.1,  ,    ,47.4
25,08,16,1,札幌,7,08,１勝ｸﾗｽ,23,ダ,1,1700,良,ウォーターリーダー,牡,5,小林美駒,55.0,14,02,7,7,0,0.7,5,106.5,"1465",0,11,11,13,11,37.7,450,藤野健太,栗,0,20100948,01206,01200,0125170802,山岡正人,伏木田牧場,ルーラーシップ,ウォーターラボ,マンハッタンカフェ,鹿毛,200305,   12.6,  ,    ,49.5
25,08,16,1,札幌,7,08,１勝ｸﾗｽ,23,ダ,1,1700,良,ブレイジングスター,牡,3,和田陽希,52.0,14,03,4,4,0,0.5,4,106.3,"1463",0,8,8,7,8,38.6,466,高橋康之,栗,120,22103644,01223,01135,0125170803,京都ホースレーシン,岡野牧場,モーニン,ヴァーチュスター,"Symboli Kris S",栗毛,220326,    8.6,  ,    ,45.7
25,08,16,1,札幌,7,08,１勝ｸﾗｽ,23,ダ,1,1700,良,コスモシェルベット,牡,3,横山武史,55.0,14,04,0,0,4,999.9,6,0,"----",0,1,1,1,3,0,442,水野貴広,美,0,22106785,01170,01094,0125170804,ビッグレッドファー,ビッグレッドファー,マインドユアビスケッツ,ダンサーズブロンド,ゴールドアリュール,栗毛,220513,   14.1,  ,    , 0.0
25,08,16,1,札幌,7,08,１勝ｸﾗｽ,23,ダ,1,1700,良,メイショウハマギク,牝,3,橋木太希,50.0,14,05,12,12,0,2.8,7,108.6,"1486",0,2,2,7,13,40.8,500,藤岡健一,栗,0,22103228,01215,01062,0125170805,松本好隆,三嶋牧場,マインドユアビスケッツ,テーオーフェアリー,キングカメハメハ,栗毛,220421,   21.1,  ,    ,40.6
25,08,16,1,札幌,7,08,１勝ｸﾗｽ,23,ダ,1,1700,良,バイアビリティ    ,牡,3,丹内祐次,55.0,14,06,11,11,0,2.1,11,107.9,"1479",0,5,5,4,5,40.5,512,加藤公太,栗,0,22103593,01091,01215,0125170806,八木澤充貴,岡田スタツド,ノヴェリスト,ワイキューブ,アグネスタキオン,鹿毛,220530,   53.5,  ,    ,40.8
25,08,16,1,札幌,7,08,１勝ｸﾗｽ,23,ダ,1,1700,良,ゼロスネーク      ,牡,3,藤岡佑介,55.0,14,07,1,1,0,-0.1,1,105.8,"1458",0,3,3,2,2,38.6,458,四位洋文,栗,800,22105554,01093,01184,0125170807,青山洋一,社台ファーム,シニスターミニスター,リサオブザナイル,"Pioneerof the Nile",鹿毛,220506,    2.0,  ,    ,45.0
25,08,16,1,札幌,7,08,１勝ｸﾗｽ,23,ダ,1,1700,良,トルズイーガー    ,牡,5,石川倭,58.0,14,08,6,6,0,0.7,10,106.5,"1465",0,9,9,7,5,38.7,512,伊藤圭三,美,0,20104135,05534,01023,0125170808,モンレーヴ,グランド牧場,マインドユアビスケッツ,ファイトユアソング,スズカマンボ,鹿毛,200124,   37.2,  ,    ,45.6
25,08,16,1,札幌,7,08,１勝ｸﾗｽ,23,ダ,1,1700,良,マタミカンサン    ,牝,3,浜中俊,53.0,14,09,2,2,0,0.1,9,105.9,"1459",0,7,7,4,3,38.5,462,加藤士津,美,320,22103785,01115,01169,0125170809,是枝浩平,グランド牧場,ゴールドドリーム,ホールドミータイト,コマンズ,鹿毛,220322,   34.0,  ,    ,45.5
25,08,16,1,札幌,7,08,１勝ｸﾗｽ,23,ダ,1,1700,良,ルグランシャリオ  ,牡,3,柴田裕一,52.0,14,10,13,13,0,3.1,13,108.9,"1489",0,3,3,4,11,41.5,520,石栗龍彦,美,0,22102611,01212,01043,0125170810,ライオンレースホー,浦河日成牧場,フサイチセブン,ティーエスベリー,"New Approach",鹿毛,220214,   98.4,  ,    ,38.6
25,08,16,1,札幌,7,08,１勝ｸﾗｽ,23,ダ,1,1700,良,ロストボール      ,セ,6,古川奈穂,55.0,14,11,10,10,0,1.4,14,107.2,"1472",0,14,14,13,13,38.3,446,加藤和宏,美,0,19106972,01190,01077,0125170811,大田恭充,山田政宏,フリオーソ,センスオブラヴ,ストリートセンス,栗毛,190318,  256.2,  ,    ,48.1
25,08,16,1,札幌,7,08,１勝ｸﾗｽ,23,ダ,1,1700,良,ジュンラトゥール  ,牡,4,舟山瑠泉,55.0,14,12,3,3,0,0.4,8,106.2,"1462",0,5,5,2,1,39,462,浜田多実,栗,200,21104039,01221,01138,0125170812,河合純二,田中裕之,パイロ,グーテデロワ,スペシャルウィーク,黒鹿,210314,   23.4,  ,    ,44.0
25,08,16,1,札幌,7,08,１勝ｸﾗｽ,23,ダ,1,1700,良,レイワサンサン    ,セ,4,鮫島克駿,58.0,14,13,8,8,0,0.9,3,106.7,"1467",0,10,10,10,7,38.6,502,高柳大輔,栗,0,21102406,01157,01159,0125170813,松岡研司,坂東牧場,スワーヴリチャード,カロンセギュール,"Forest Camp",黒鹿,210406,    6.8,  ,    ,46.2
25,08,16,1,札幌,7,08,１勝ｸﾗｽ,23,ダ,1,1700,良,ファイヤーウィップ,牡,4,松本大輝,57.0,14,14,5,5,0,0.7,12,106.5,"1465",0,12,11,11,8,38.1,518,吉田直弘,栗,80,21106003,01191,01101,0125170814,ウエスト.フォレス,アサヒ牧場,モーニン,クニコチャン,ゴールドアリュール,栗毛,210326,   82.8,  ,    ,47.9
25,08,16,1,札幌,7,09,コスモス,131,芝,0,1800,良,リュウノプティ    ,牝,2,佐々木大,55.0,8,01,7,7,0,2.2,8,111.6,"1516",0,7,7,8,6,36.9,406,伊坂重信,美,0,23107451,01197,01177,0125170901,蓑島竜一,村上進治,サンダースノー,エメラルドスター,"Mount Nelson",鹿毛,230303,  137.2,  ,    ,51.2
25,08,16,1,札幌,7,09,コスモス,131,芝,0,1800,良,ロイヤルタイム    ,牡,2,黛弘人,55.0,8,02,6,6,0,1.9,4,111.3,"1513",0,5,5,5,6,36.9,440,和田正一,美,0,23103932,01109,01114,0125170902,コスモヴューファー,アサヒ牧場,サトノクラウン,ラプチュア,バンブーエール,鹿毛,230212,   14.3,  ,    ,50.8
25,08,16,1,札幌,7,09,コスモス,131,芝,0,1800,良,ミリオンクラウン  ,牡,2,横山武史,55.0,8,03,2,2,0,0.4,3,109.8,"1498",0,2,3,3,2,35.6,496,田中淳司,地,640,23100840,01170,05630,0125170903,本田恒雄,ケイズ,リーチザクラウン,サンヘレナ,パイロ,鹿毛,230423,   10.9,  ,    ,54.2
25,08,16,1,札幌,7,09,コスモス,131,芝,0,1800,良,ブラックハヤテ    ,牡,2,丹内祐次,55.0,8,04,3,3,0,0.7,2,110.1,"1501",0,8,8,5,2,35.7,434,蛯名利弘,美,400,23104492,01091,01131,0125170904,ブルースターズファ,ブルースターズファ,ダノンバラード,ミチビキ,ナカヤマフェスタ,黒鹿,230408,    2.6,  ,    ,54.2
25,08,16,1,札幌,7,09,コスモス,131,芝,0,1800,良,ニューアライブ    ,牡,2,石川倭,55.0,8,05,5,5,0,1.5,5,110.9,"1509",0,2,3,3,2,36.8,450,斉藤正弘,地,160,23106495,05534,05660,0125170905,原久美子,ファーミングヤナキ,タリスマニック,ニュールック,スウェプトオーヴァーボード,芦毛,230430,   23.2,  ,    ,50.7
25,08,16,1,札幌,7,09,コスモス,131,芝,0,1800,良,シンデレラガール  ,牝,2,斎藤新,55.0,8,06,4,4,0,1.5,6,110.9,"1509",0,1,1,1,2,37,436,西園翔太,栗,240,23101557,01178,01196,0125170906,山崎太嗣,門別牧場,サングレーザー,フォークアート,オルフェーヴル,青鹿,230429,   33.4,  ,    ,49.9
25,08,16,1,札幌,7,09,コスモス,131,芝,0,1800,良,ハクアイストーリー,牡,2,桑村真明,55.0,8,07,8,8,0,4.7,7,114.1,"1541",0,6,5,5,8,39.7,432,角川秀樹,地,0,23100108,05411,05311,0125170907,H.Iコーポレーショ,グローリーファーム,シルバーステート,フェデネージュ,ロードカナロア,青鹿,230324,   73.9,  ,    ,43.7
25,08,16,1,札幌,7,09,コスモス,131,芝,0,1800,良,アスクエジンバラ  ,牡,2,キング,55.0,8,08,1,1,0,-0.4,1,109.4,"1494",0,2,2,2,1,35.4,458,福永祐一,栗,1600,23106400,05643,01203,0125170908,廣崎利洋,三嶋牧場,リオンディーズ,ハニートリップ,マンハッタンカフェ,青鹿,230311,    1.6,  ,    ,54.5
25,08,16,1,札幌,7,10,知床特別･2勝,43,芝,0,1200,良,ルージュイストリア,牝,5,舟山瑠泉,56.0,13,01,12,12,0,0.7,12,69.3,"1093",0,0,0,10,11,33.7,460,浅利英明,美,0,20103701,01221,01204,0125171001,東京ホースレーシン,ノーザンファーム,ドレフォン,レッドクラウディア,アグネスタキオン,黒鹿,200219,   92.8,  ,    ,55.6
25,08,16,1,札幌,7,10,知床特別･2勝,43,芝,0,1200,良,カワキタマナレア  ,牝,3,鮫島克駿,54.0,13,02,8,8,0,0.4,3,69,"1090",0,0,0,9,10,33.5,414,杉山佳明,栗,0,22106169,01157,01178,0125171002,川島徹郎,川島牧場,ヘニーヒューズ,カフジビーナス,ディープインパクト,鹿毛,220406,    5.6,  ,    ,56.0
25,08,16,1,札幌,7,10,知床特別･2勝,43,芝,0,1200,良,アイオブザストーム,牝,5,柴田裕一,56.0,13,03,13,13,0,1,13,69.6,"1096",0,0,0,13,13,33.6,482,岡田稲男,栗,0,20104160,01212,01066,0125171003,ゴールドアップ・カ,ゴールドアップカン,サトノアラジン,オーバービュー,Frankel,鹿毛,200408,  229.3,  ,    ,57.1
25,08,16,1,札幌,7,10,知床特別･2勝,43,芝,0,1200,良,スムースベルベット,牝,5,黛弘人,56.0,13,04,9,9,0,0.4,10,69,"1090",0,0,0,4,4,34.1,510,南田美知,美,0,20106987,01109,00437,0125171004,ミルファーム,ミルファーム,ディスクリートキャット,ローブドヴルール,サウスヴィグラス,鹿毛,200317,   62.5,  ,    ,52.3
25,08,16,1,札幌,7,10,知床特別･2勝,43,芝,0,1200,良,カリーシ          ,牝,4,横山武史,56.0,13,05,11,11,0,0.7,5,69.3,"1093",0,0,0,7,8,34.1,442,武井亮,美,0,21105833,01170,01147,0125171005,FAレーシング,ノーザンファーム,モーリス,ラクアミ,ダイワメジャー,黒鹿,210215,    7.6,  ,    ,53.2
25,08,16,1,札幌,7,10,知床特別･2勝,43,芝,0,1200,良,マルプリ          ,牝,5,原優介,56.0,13,06,7,7,0,0.4,9,69,"1090",0,0,0,4,6,34,468,青木孝文,美,0,20104983,01184,01156,0125171006,中丸裕嗣,秋田牧場,ミッキーアイル,マジックポーション2,"Danehill Dancer",鹿毛,200414,   24.2,  ,    ,52.9
25,08,16,1,札幌,7,10,知床特別･2勝,43,芝,0,1200,良,エルサトアナ      ,牝,3,松本大輝,54.0,13,07,5,5,0,0.2,6,68.8,"1088",0,0,0,1,2,34.3,434,本田優,栗,155,22100933,01191,01099,0125171007,三石川上牧場,三石川上牧場,カリフォルニアクローム,クイーンハーツ,キングカメハメハ,鹿毛,220128,    7.7,  ,    ,50.6
25,08,16,1,札幌,7,10,知床特別･2勝,43,芝,0,1200,良,マジカルフェアリー,牝,3,キング,54.0,13,08,4,4,0,0.1,1,68.7,"1087",0,0,0,3,3,33.9,446,寺島良,栗,230,22104174,05643,01158,0125171008,飯田正剛,千代田牧場,サートゥルナーリア,マニクール,ヘニーヒューズ,鹿毛,220209,    3.8,  ,    ,52.7
25,08,16,1,札幌,7,10,知床特別･2勝,43,芝,0,1200,良,エスペシャリー    ,牝,3,横山和生,54.0,13,09,1,1,0,0,2,68.6,"1086",0,0,0,2,1,34.1,448,四位洋文,栗,1550,22103707,01140,01184,0125171009,広尾レース,木村秀則,スワーヴリチャード,セイリングホーム,Shamardal,栗毛,220515,    5.2,  ,    ,51.2
25,08,16,1,札幌,7,10,知床特別･2勝,43,芝,0,1200,良,キョウエイボニータ,牝,3,松岡正海,54.0,13,10,6,6,0,0.3,7,68.9,"1089",0,0,0,4,4,33.9,454,伊藤伸一,美,0,22101906,01085,01031,0125171010,田中晴夫,春木ファーム,イスラボニータ,キョウエイレガシー,ハービンジャー,黒鹿,220430,   14.4,  ,    ,53.2
25,08,16,1,札幌,7,10,知床特別･2勝,43,芝,0,1200,良,グランツベリー    ,牝,5,古川吉洋,56.0,13,11,10,10,0,0.7,11,69.3,"1093",0,0,0,12,11,33.5,466,田中克典,栗,0,20104087,01015,01180,0125171011,広尾レース,木村秀則,エイシンフラッシュ,ラズベリータイム,フジキセキ,黒鹿,200225,   88.6,  ,    ,56.9
25,08,16,1,札幌,7,10,知床特別･2勝,43,芝,0,1200,良,ルージュスエルテ  ,牝,4,池添謙一,56.0,13,12,3,3,0,0,4,68.6,"1086",0,0,0,7,6,33.3,480,国枝栄,美,390,21105863,01032,00399,0125171012,東京ホースレーシン,ノーザンファーム,ハーツクライ,リュズキナ,"Storm Cat",黒鹿,210216,    6.3,  ,    ,56.0
25,08,16,1,札幌,7,10,知床特別･2勝,43,芝,0,1200,良,スイミーユニバンス,牝,5,藤岡佑介,56.0,13,13,2,2,0,0,8,68.6,"1086",0,0,0,10,8,33,436,平田修,栗,620,20103632,01093,01082,0125171013,亀井哲也,ノーザンファーム,ドゥラメンテ,マンビア,Aldebaran,栗毛,200225,   18.1,  ,    ,57.9
25,08,16,1,札幌,7,11,報知杯Ｈ･3勝,67,ダ,1,1700,良,スズノテレサ      ,牝,6,川又賢治,51.0,14,01,8,8,0,0.9,14,105.2,"1452",0,6,6,5,7,38.4,448,深山雅史,美,0,19104861,01166,01174,0125171101,小紫嘉之,社台ファーム,ルーラーシップ,ピュアマインド,ティンバーカントリー,黒鹿,190128,  112.1,  ,    ,44.9
25,08,16,1,札幌,7,11,報知杯Ｈ･3勝,67,ダ,1,1700,良,ラフエイジアン    ,セ,5,岩田康誠,55.0,14,02,7,7,0,0.8,4,105.1,"1451",0,4,4,5,4,38.4,474,中舘英二,美,0,20104738,05203,01153,0125171102,尾崎恒男,フジワラフアーム,アジアエクスプレス,アラピンタ,Medicean,鹿毛,200406,    8.3,  ,    ,44.7
25,08,16,1,札幌,7,11,報知杯Ｈ･3勝,67,ダ,1,1700,良,オウギノカナメ    ,牡,5,石川倭,55.0,14,03,14,14,0,4.7,10,109,"1490",0,1,1,2,12,42.9,486,高木登,美,0,20106873,05534,01088,0125171103,嶋田一成,三嶋牧場,キタサンブラック,ジェラスガール,Petionville,青鹿,200401,   21.3,  ,    ,34.0
25,08,16,1,札幌,7,11,報知杯Ｈ･3勝,67,ダ,1,1700,良,ハッスルダンク    ,牡,5,斎藤新,55.0,14,04,5,5,0,0.5,12,104.8,"1448",0,13,14,14,12,36.8,454,中川公成,美,184,20104632,01178,01081,0125171104,高篠憲一,橋本牧場,ダンカーク,カジノスマイル,カジノドライヴ,鹿毛,200321,   42.3,  ,    ,50.8
25,08,16,1,札幌,7,11,報知杯Ｈ･3勝,67,ダ,1,1700,良,スマートケープ    ,牝,5,横山武史,54.0,14,05,11,11,0,1.9,1,106.2,"1462",0,2,2,1,1,40.2,518,辻野泰之,栗,0,20102187,01170,01183,0125171105,大川徹,本間牧場,シニスターミニスター,スマートノエル,ヴァーミリアン,鹿毛,200407,    3.1,  ,    ,39.6
25,08,16,1,札幌,7,11,報知杯Ｈ･3勝,67,ダ,1,1700,良,セクシーブーケ    ,牝,4,浜中俊,54.0,14,06,4,4,0,0.4,3,104.7,"1447",0,10,10,10,9,37.6,454,田中克典,栗,280,21110103,01115,01180,0125171106,橋元勇氣,"Shadwell Farm LLC","Liam's Map",Shurakaa,Tapit,芦毛,210326,    6.8,  ,    ,47.3
25,08,16,1,札幌,7,11,報知杯Ｈ･3勝,67,ダ,1,1700,良,コトホドサヨウニ  ,牡,4,佐々木大,57.0,14,07,1,1,0,-0.3,7,104.3,"1443",0,3,3,3,2,37.7,508,奥村豊,栗,1840,21103306,01197,01146,0125171107,幅田京子,宮内牧場,シニスターミニスター,ティアドーロ,ハーツクライ,栗毛,210408,   13.6,  ,    ,46.4
25,08,16,1,札幌,7,11,報知杯Ｈ･3勝,67,ダ,1,1700,良,ウェイトゥゴー    ,牝,4,横山典弘,53.0,14,08,2,2,0,0.3,8,104.6,"1446",0,13,13,13,11,36.9,474,昆貢,栗,740,21104413,00660,01044,0125171108,安原浩司,フジワラフアーム,サンダースノー,チラリ,チチカステナンゴ,鹿毛,210319,   15.9,  ,    ,50.1
25,08,16,1,札幌,7,11,報知杯Ｈ･3勝,67,ダ,1,1700,良,クロースコンバット,牡,6,原優介,57.0,14,09,6,6,0,0.7,6,105,"1450",0,4,4,3,3,38.4,486,青木孝文,美,0,19105188,01184,01156,0125171109,吉田勝己,ノーザンファーム,キンシャサノキセキ,ゲットクローサー,ワイルドラッシュ,鹿毛,190423,   11.8,  ,    ,44.6
25,08,16,1,札幌,7,11,報知杯Ｈ･3勝,67,ダ,1,1700,良,リフレクトザムーン,牝,4,小林美駒,51.0,14,10,12,12,0,2,13,106.3,"1463",0,6,8,10,12,39.2,468,尾形和幸,美,0,21104635,01206,01141,0125171110,望月雅博,アスラン,ルーラーシップ,ミスイヴァノヴィック,"Captain Rio",鹿毛,210221,   60.2,  ,    ,43.4
25,08,16,1,札幌,7,11,報知杯Ｈ･3勝,67,ダ,1,1700,良,レッドラパルマ    ,セ,6,横山和生,56.0,14,11,13,13,0,2.2,9,106.5,"1465",0,9,9,8,9,39.6,492,加藤征弘,美,0,19101168,01140,01059,0125171111,東京ホースレーシン,坂東牧場,イスラボニータ,ウォンビーロング,ストラヴィンスキー,鹿毛,190526,   17.0,  ,    ,42.1
25,08,16,1,札幌,7,11,報知杯Ｈ･3勝,67,ダ,1,1700,良,ホウオウスーペリア,牡,5,キング,56.0,14,12,10,10,0,1.1,2,105.4,"1454",0,6,6,5,4,38.7,484,吉岡辰弥,栗,0,20103928,05643,01176,0125171112,小笹芳央,岡田スタツド,スクリーンヒーロー,ビーコンターン,Shamardal,鹿毛,200406,    5.8,  ,    ,44.0
25,08,16,1,札幌,7,11,報知杯Ｈ･3勝,67,ダ,1,1700,良,キャピタルサックス,牡,4,武豊,55.0,14,13,3,3,0,0.4,5,104.7,"1447",0,11,11,8,4,37.8,506,杉山晴紀,栗,460,21106706,00666,01157,0125171113,草間庸文,ハシモトフアーム,リオンディーズ,モンプティクール,クロフネ,鹿毛,210126,   11.3,  ,    ,46.5
25,08,16,1,札幌,7,11,報知杯Ｈ･3勝,67,ダ,1,1700,良,タマモプルメリア  ,牝,4,古川吉洋,52.0,14,14,9,9,0,0.9,11,105.2,"1452",0,12,12,10,7,38.1,472,大橋勇樹,栗,0,21103593,01015,01065,0125171114,タマモ,岡田牧場,カリフォルニアクローム,タマモエルドラド,ゴールドアリュール,栗毛,210304,   33.9,  ,    ,46.1
25,08,16,1,札幌,7,12,石狩特別･1勝,23,芝,0,1800,良,ルージュカエラ    ,牝,4,岩田康誠,56.0,12,01,3,3,0,0.4,6,109.2,"1492",0,4,4,4,4,35.6,436,加藤征弘,美,280,21104931,05203,01059,0125171201,東京ホースレーシン,社台コーポレーショ,レイデオロ,レッツサッチャー,フレンチデピュティ,黒鹿,210130,   13.4,  ,    ,53.4
25,08,16,1,札幌,7,12,石狩特別･1勝,23,芝,0,1800,良,ツーエムクロノス  ,牡,3,松本大輝,55.0,12,02,2,2,0,0.1,4,108.9,"1489",0,1,1,1,1,35.7,504,本田優,栗,440,22103651,01191,01099,0125171202,村上憲政,小倉光博,ノーブルミッション,スペランツァーレ,Singspiel,栗毛,220325,    8.8,  ,    ,52.5
25,08,16,1,札幌,7,12,石狩特別･1勝,23,芝,0,1800,良,フィナルフェリス  ,牝,3,鷲頭虎太,53.0,12,03,9,9,0,1.1,12,109.9,"1499",0,12,11,10,10,35.7,430,武市康男,美,0,22102426,01202,01089,0125171203,ライオンレースホー,坂東牧場,イスラボニータ,ポケットチャーリー,ジャングルポケット,黒鹿,220513,  249.0,  ,    ,53.9
25,08,16,1,札幌,7,12,石狩特別･1勝,23,芝,0,1800,良,クモヒトツナイ    ,牡,3,松岡正海,55.0,12,04,4,4,0,0.4,1,109.2,"1492",0,4,4,4,4,35.6,468,堀内岳志,美,170,22101498,01085,01189,0125171204,ニューマレコード,白井牧場,アルアイン,ブラーノ,キングカメハメハ,鹿毛,220303,    2.6,  ,    ,53.4
25,08,16,1,札幌,7,12,石狩特別･1勝,23,芝,0,1800,良,ジャヴェール      ,牡,3,石川倭,55.0,12,05,7,7,0,0.9,11,109.7,"1497",0,9,9,12,11,34.8,460,松山将樹,美,0,22105892,05534,01100,0125171205,岡田牧雄,ゼットステーブル,ゴールドアクター,トーコーメロディ,ヤマニンセラフィム,黒鹿,220501,  234.9,  ,    ,57.6
25,08,16,1,札幌,7,12,石狩特別･1勝,23,芝,0,1800,良,デリシュー        ,牡,4,丹内祐次,58.0,12,06,10,10,0,1.1,7,109.9,"1499",0,2,2,2,2,36.5,476,新開幸一,美,0,21103037,01091,01116,0125171206,大塚亮一,ディアレストクラブ,ワールドエース,ジョリーザスターズ,"Sea The Stars",黒鹿,210316,   14.4,  ,    ,50.5
25,08,16,1,札幌,7,12,石狩特別･1勝,23,芝,0,1800,良,ハイタイド        ,牡,3,佐々木大,55.0,12,07,11,11,0,1.4,5,110.2,"1502",0,3,3,3,2,36.7,460,牧光二,美,0,22104503,01197,01106,0125171207,平田修,前谷牧場,サトノダイヤモンド,フォークレジェンド,Tapizar,鹿毛,220417,   11.4,  ,    ,50.1
25,08,16,1,札幌,7,12,石狩特別･1勝,23,芝,0,1800,良,マーゴットコマチ  ,牝,3,原優介,53.0,12,08,6,6,0,0.8,9,109.6,"1496",0,7,7,7,9,35.8,418,伊坂重信,美,0,22104664,01184,01177,0125171208,前田良平,ノーザンファーム,レイデオロ,ヴァイスハイト,アドマイヤベガ,黒鹿,220508,   69.5,  ,    ,53.1
25,08,16,1,札幌,7,12,石狩特別･1勝,23,芝,0,1800,良,ジーティートゥルー,牡,3,黛弘人,55.0,12,09,12,12,0,2.8,10,111.6,"1516",0,10,11,11,11,37.2,450,田島俊明,美,0,22105487,01109,01112,0125171209,田畑利彦,社台ファーム,ニューイヤーズデイ,ブルーハワイアン,ハーツクライ,黒鹿,220217,  121.7,  ,    ,50.0
25,08,16,1,札幌,7,12,石狩特別･1勝,23,芝,0,1800,良,ショウナンバルドル,セ,3,池添謙一,55.0,12,10,1,1,0,-0.1,3,108.8,"1488",0,10,9,7,7,35,496,須貝尚介,栗,1110,22104590,01032,01105,0125171210,国本哲秀,ノーザンファーム,ブリックスアンドモルタル,アウェイク,ディープインパクト,黒鹿,220221,    4.6,  ,    ,55.4
25,08,16,1,札幌,7,12,石狩特別･1勝,23,芝,0,1800,良,トーマステソーロ  ,牡,4,横山典弘,58.0,12,11,8,8,0,0.9,8,109.7,"1497",0,4,4,4,7,36.1,468,昆貢,栗,0,21102283,00660,01044,0125171211,森田至昭,リョーケンファーム,オルフェーヴル,モトカ,Frankel,鹿毛,210511,   41.0,  ,    ,51.9
25,08,16,1,札幌,7,12,石狩特別･1勝,23,芝,0,1800,良,コア              ,牡,3,キング,55.0,12,12,5,5,0,0.4,2,109.2,"1492",0,8,8,7,4,35.4,484,相沢郁,美,111,22102338,05643,01020,0125171212,吉澤ホールディング,北島牧場,キズナ,マイダイアリー,Frankel,鹿毛,220201,    3.8,  ,    ,54.2
25,08,17,1,札幌,8,01,未勝利*,7,芝,0,1200,良,トーセンクリステル,牝,2,木幡巧也,55.0,10,01,7,7,0,0.7,9,70.8,"1108",0,0,0,4,4,35.4,466,杉浦宏昭,美,0,23105359,01162,01008,0125180101,島川隆哉,ウエスタンファーム,ダイワメジャー,マローネメタリコ,ヘニーヒューズ,栗毛,230210,  112.9,  ,    ,50.0
25,08,17,1,札幌,8,01,未勝利*,7,芝,0,1200,良,ニシノガンリキ    ,牡,2,服部茂史,55.0,10,02,10,10,0,2,8,72.1,"1121",0,0,0,10,10,35.3,462,杉浦宏昭,美,0,23104598,05286,01008,0125180102,西山茂行,村上欽哉,インディチャンプ,アイチャン,"Dream Ahead",鹿毛,230201,   75.3,  ,    ,54.2
25,08,17,1,札幌,8,01,未勝利*,7,芝,0,1200,良,マーゴットミスト  ,牡,2,鮫島克駿,55.0,10,03,2,2,0,0.3,2,70.4,"1104",0,0,0,4,4,35,512,杉山佳明,栗,220,23101632,01157,01178,0125180103,前田良平,秋場牧場,ビッグアーサー,フジワンキララ,スウェプトオーヴァーボード,芦毛,230419,    2.8,  ,    ,51.1
25,08,17,1,札幌,8,01,未勝利*,7,芝,0,1200,良,ココソラーレ      ,牝,2,鷲頭虎太,53.0,10,04,5,5,0,0.5,5,70.6,"1106",0,0,0,7,6,34.9,436,天間昭一,美,56,23109031,01202,01090,0125180104,西村新一郎,ココファーム,セイウンコウセイ,ニシノプレジール,オルフェーヴル,鹿毛,230404,   48.6,  ,    ,52.3
25,08,17,1,札幌,8,01,未勝利*,7,芝,0,1200,良,ハチハチローズ    ,牝,2,橋木太希,52.0,10,05,9,9,0,1,10,71.1,"1111",0,0,0,7,8,35.3,366,松永康利,美,0,23103000,01215,01093,0125180105,水谷光太郎,友田牧場,ルヴァンスレーヴ,レッドモアナ,ジャスタウェイ,鹿毛,230312,  339.6,  ,    ,51.4
25,08,17,1,札幌,8,01,未勝利*,7,芝,0,1200,良,マスキュラー      ,牡,2,松岡正海,55.0,10,06,3,3,0,0.3,3,70.4,"1104",0,0,0,2,2,35.2,466,高橋一哉,栗,140,23100688,01085,01206,0125180106,コスモヴューファー,ヴェルサイユファー,トゥザワールド,メジロカトリーヌ,メジロライアン,黒鹿,230314,    5.3,  ,    ,50.0
25,08,17,1,札幌,8,01,未勝利*,7,芝,0,1200,良,サンタカリス      ,牝,2,古川吉洋,55.0,10,07,6,6,0,0.7,6,70.8,"1108",0,0,0,9,9,34.7,434,秋山真一,栗,0,23100986,01015,01212,0125180107,ヒダカ・ブリーダー,庄野牧場,マテラスカイ,センターグランタス,アグネスタキオン,栗毛,230412,   52.9,  ,    ,54.0
25,08,17,1,札幌,8,01,未勝利*,7,芝,0,1200,良,ウチュウノセカイ  ,牡,2,丹内祐次,55.0,10,08,1,1,0,-0.3,4,70.1,"1101",0,0,0,3,2,34.8,492,青木孝文,美,560,23106665,01091,01156,0125180108,長塩豊,門別牧場,タワーオブロンドン,リッチクレマチス,ローレルゲレイロ,鹿毛,230401,    8.9,  ,    ,51.4
25,08,17,1,札幌,8,01,未勝利*,7,芝,0,1200,良,ライトアズフェザー,牝,2,柴田裕一,52.0,10,09,8,8,0,0.7,7,70.8,"1108",0,0,0,4,6,35.4,444,千葉直人,美,0,23106063,01212,01199,0125180109,ディアレストクラブ,チェスナットファー,アルアイン,ベッラヴォルタ,ヴィクトワールピサ,鹿毛,230206,   55.7,  ,    ,50.0
25,08,17,1,札幌,8,01,未勝利*,7,芝,0,1200,良,ハルヒメ          ,牝,2,小林美駒,52.0,10,10,4,4,0,0.3,1,70.4,"1104",0,0,0,1,1,35.3,398,矢嶋大樹,美,84,23103400,01206,01202,0125180110,大島有志生,社台ファーム,マインドユアビスケッツ,ゴルトキルシェ,ステイゴールド,栗毛,230305,    1.9,  ,    ,49.4
25,08,17,1,札幌,8,02,未勝利,7,ダ,1,2400,良,クックパイン      ,牡,3,キング,57.0,12,01,12,12,0,6.2,6,163.4,"2434",0,3,3,2,7,44.3,510,堀宣行,美,0,22101491,05643,01070,0125180201,金子真人ホールディ,白井牧場,ブラックタイド,ハマヒルガオ,クロフネ,鹿毛,220509,   22.3,  ,    ,39.6
25,08,17,1,札幌,8,02,未勝利,7,ダ,1,2400,良,ステイアンビシャス,牡,3,松岡正海,57.0,12,02,2,2,0,0.2,5,157.4,"2374",0,12,11,9,5,37.7,492,堀内岳志,美,220,22101255,01085,01189,0125180202,松本智,木村牧場,ドレフォン,グロリアスブレイク,"Distorted Humor",鹿毛,220217,    9.8,  ,    ,55.8
25,08,17,1,札幌,8,02,未勝利,7,ダ,1,2400,良,マブアンドフェール,牡,3,丹内祐次,57.0,12,03,5,5,0,1.1,1,158.3,"2383",0,7,7,7,5,38.8,520,古賀慎明,美,56,22100326,01091,01079,0125180203,マブレーシング,中村雅明,マインドユアビスケッツ,イブニングサンダー,"Morning Line",鹿毛,220428,    2.4,  ,    ,52.7
25,08,17,1,札幌,8,02,未勝利,7,ダ,1,2400,良,キムタックフェイス,牡,3,鷲頭虎太,55.0,12,04,7,7,0,2.9,12,160.1,"2401",0,11,11,11,12,40.1,484,森田直行,栗,0,22100727,01202,01142,0125180204,STレーシング,田上徹,フィエールマン,ロンギングエレン,ロードカナロア,鹿毛,220301,  478.3,  ,    ,49.8
25,08,17,1,札幌,8,02,未勝利,7,ダ,1,2400,良,クレヨンポップ    ,牡,3,小野楓馬,57.0,12,05,6,6,0,1.2,10,158.4,"2384",0,5,6,2,4,39.2,482,水野貴広,美,0,22109099,05592,01094,0125180205,千明牧場,千明牧場,ロジャーバローズ,メイモアナ,ロードカナロア,黒鹿,220415,  166.3,  ,    ,51.4
25,08,17,1,札幌,8,02,未勝利,7,ダ,1,2400,良,キタノアンシェル  ,牝,3,原田和真,55.0,12,06,8,8,0,3,11,160.2,"2402",0,8,8,8,7,40.6,426,蛯名利弘,美,0,22106550,01143,01131,0125180206,北所直人,新冠伊藤牧場,ロジャーバローズ,バイタルスタイル,スペシャルウィーク,黒鹿,220427,  285.1,  ,    ,48.2
25,08,17,1,札幌,8,02,未勝利,7,ダ,1,2400,良,カピオラ          ,牝,3,森田誠也,52.0,12,07,10,10,0,3.7,8,160.9,"2409",0,5,4,9,9,41.1,410,武幸四郎,栗,0,22105034,01222,01160,0125180207,柳橋仁機,ノーザンファーム,フィエールマン,ベルアリュール2,Numerous,鹿毛,220412,   47.5,  ,    ,47.2
25,08,17,1,札幌,8,02,未勝利,7,ダ,1,2400,良,マージャング      ,牡,3,古川奈穂,54.0,12,08,9,9,0,3.1,9,160.3,"2403",0,10,10,11,9,40.3,466,矢作芳人,栗,0,22110045,01190,01075,0125180208,藤田晋,"Qatar Bloodstock L",Kameko,Glories,Galileo,黒鹿,220320,  134.4,  ,    ,49.3
25,08,17,1,札幌,8,02,未勝利,7,ダ,1,2400,良,トモジャイブ      ,牡,3,古川吉洋,57.0,12,09,4,4,0,0.7,7,157.9,"2379",0,4,4,2,2,38.8,486,大根田裕,栗,84,22101223,01015,01032,0125180209,吉冨学,川島正広,シャンハイボビー,ショウナンカガリビ,フレンチデピュティ,青鹿,220410,   46.2,  ,    ,52.3
25,08,17,1,札幌,8,02,未勝利,7,ダ,1,2400,良,ケイアイワイラーパ,牡,3,武豊,57.0,12,10,3,3,0,0.7,3,157.9,"2379",0,2,2,1,1,38.9,490,野中賢二,栗,140,22103053,00666,01098,0125180210,亀田和弘,富田牧場,ブリックスアンドモルタル,クインズミラーグロ,マンハッタンカフェ,青鹿,220318,    4.8,  ,    ,52.0
25,08,17,1,札幌,8,02,未勝利,7,ダ,1,2400,良,オオタチ          ,牡,3,佐々木大,57.0,12,11,1,1,0,-0.2,2,157.2,"2372",0,8,8,5,3,37.8,456,久保田貴,美,560,22101234,01197,01067,0125180211,諸岡慶,北田剛,ルヴァンスレーヴ,チェス,フリオーソ,黒鹿,220505,    3.6,  ,    ,55.3
25,08,17,1,札幌,8,02,未勝利,7,ダ,1,2400,良,アルデフォックス  ,セ,3,北村友一,57.0,12,12,11,11,0,4.2,4,161.4,"2414",0,1,1,5,9,42,520,藤岡健一,栗,0,22110091,01102,01062,0125180212,秋元竜弥,"The Elkstone Group","Medaglia d'Oro","Curlin's Fox",Curlin,鹿毛,220225,    6.2,  ,    ,44.8
25,08,17,1,札幌,8,03,未勝利,7,芝,0,2000,良,クランドゥイユ    ,牝,3,古川奈穂,52.0,16,01,9,9,0,1.3,4,123.7,"2037",0,3,3,4,4,37.9,486,前川恭子,栗,0,22110076,01190,01210,0125180301,ノースヒルズ,"North Hills Co. Lt",Kingman,"Villa d'Amore",Mastercraftsman,鹿毛,220419,    6.9,  ,    ,47.0
25,08,17,1,札幌,8,03,未勝利,7,芝,0,2000,良,アクデニズ        ,牡,3,吉田隼人,57.0,16,02,6,6,0,1,12,123.4,"2034",0,7,6,7,8,37.1,468,小笠倫弘,美,0,22103851,01095,01076,0125180302,根岸朋弘,佐竹学,ミッキースワロー,アレクサンドレッタ,ダイワメジャー,鹿毛,220322,   69.9,  ,    ,49.7
25,08,17,1,札幌,8,03,未勝利,7,芝,0,2000,良,アンジュフラム    ,牝,3,木幡巧也,55.0,16,03,14,14,0,2.3,15,124.7,"2047",0,10,9,12,12,37.9,442,高橋文雅,美,0,22102168,01162,01134,0125180303,竹下浩一,門別牧場,リオンディーズ,ハーツイグニション,ハーツクライ,黒鹿,220423,  481.2,  ,    ,48.2
25,08,17,1,札幌,8,03,未勝利,7,芝,0,2000,良,ヒルノレーダン    ,牝,3,古川吉洋,55.0,16,04,1,1,0,-0.3,3,122.4,"2024",0,5,5,4,3,36.6,426,昆貢,栗,560,22103816,01015,01044,0125180304,ヒルノ,サカイファーム,サートゥルナーリア,ヒルノリスボン,マンハッタンカフェ,黒鹿,220419,    5.1,  ,    ,50.5
25,08,17,1,札幌,8,03,未勝利,7,芝,0,2000,良,ミステンザン      ,牝,3,和田陽希,52.0,16,05,11,11,0,1.6,14,124,"2040",0,7,8,9,12,37.4,458,和田正一,美,0,22104434,01223,01114,0125180305,藤原牧場,藤原牧場,オルフェーヴル,テンザンコノハナ,カリズマティック,栗毛,220525,  443.4,  ,    ,49.2
25,08,17,1,札幌,8,03,未勝利,7,芝,0,2000,良,ガンビーチ        ,牝,3,横山典弘,55.0,16,06,0,0,1,999.9,0,0,"----",0,0,0,0,0,0,0,加藤征弘,美,0,22102087,00660,01059,0125180306,星野祐介,前野牧場,ヤングマンパワー,ラヴィオリ,サクラバクシンオー,黒鹿,220421,    0.0,  ,    , 0.0
25,08,17,1,札幌,8,03,未勝利,7,芝,0,2000,良,メイショウキンタイ,牡,3,武豊,57.0,16,07,3,3,0,0.5,1,122.9,"2029",0,10,11,9,4,36.2,474,高橋亮,栗,140,22100068,00666,01136,0125180307,松本好隆,大島牧場,フィエールマン,ビーマイステディ,ヴィクトワールピサ,黒鹿,220319,    2.5,  ,    ,52.6
25,08,17,1,札幌,8,03,未勝利,7,芝,0,2000,良,スマイルラッシュ  ,牝,3,北村友一,55.0,16,08,8,8,0,1.2,13,123.6,"2036",0,14,13,14,12,36.6,438,藤原英昭,栗,0,22104657,01102,01055,0125180308,金子真人ホールディ,ノーザンファーム,ブラックタイド,ウィンターコスモス,キングカメハメハ,鹿毛,220413,  143.4,  ,    ,51.9
25,08,17,1,札幌,8,03,未勝利,7,芝,0,2000,良,エバーステイ      ,牝,3,横山和生,55.0,16,09,7,7,0,1.1,8,123.5,"2035",0,15,15,15,15,36.2,416,久保田貴,美,0,22104686,01140,01067,0125180309,宇田豊,ノーザンファーム,オルフェーヴル,エバーシャルマン,ハーツクライ,黒鹿,220319,   38.3,  ,    ,53.4
25,08,17,1,札幌,8,03,未勝利,7,芝,0,2000,良,ブライトゲイザー  ,牡,3,池添謙一,57.0,16,10,10,10,0,1.4,9,123.8,"2038",0,2,2,2,2,38.2,502,田中勝春,美,0,22105540,01032,01207,0125180310,社台レースホース,社台ファーム,イスラボニータ,ライトニングホーク,ディープインパクト,黒鹿,220216,   44.6,  ,    ,46.0
25,08,17,1,札幌,8,03,未勝利,7,芝,0,2000,良,ヒルノガリシア    ,牡,3,松岡正海,57.0,16,11,12,12,0,1.7,11,124.1,"2041",0,1,1,1,1,38.6,454,北出成人,栗,0,22103815,01085,01078,0125180311,ヒルノ,サカイファーム,ノーブルミッション,ヒルノケアンズ,ハーツクライ,鹿毛,220514,   60.8,  ,    ,44.9
25,08,17,1,札幌,8,03,未勝利,7,芝,0,2000,良,ヤマノインパクト  ,牡,3,丹内祐次,57.0,16,12,4,4,0,0.7,6,123.1,"2031",0,9,9,7,7,36.8,464,本間忍,美,84,22104559,01091,01056,0125180312,澤村敏雄,矢野牧場,カリフォルニアクローム,センティフォリア,ディープインパクト,鹿毛,220408,   18.5,  ,    ,50.5
25,08,17,1,札幌,8,03,未勝利,7,芝,0,2000,良,ラマヌジャン      ,牡,3,浜中俊,57.0,16,13,5,5,0,0.7,5,123.1,"2031",0,10,11,9,4,36.5,500,宮地貴稔,栗,56,22104385,01115,01211,0125180313,東堂レーシング,フジワラフアーム,カリフォルニアクローム,オールザットジャズ,タニノギムレット,鹿毛,220404,   12.3,  ,    ,51.7
25,08,17,1,札幌,8,03,未勝利,7,芝,0,2000,良,シャインフリーリー,牡,3,キング,57.0,16,14,2,2,0,0.3,2,122.7,"2027",0,13,13,12,8,35.8,470,矢嶋大樹,美,220,22101495,05643,01202,0125180314,コスモヴューファー,白井牧場,ウインブライト,フィールフリーリー,アグネスタキオン,芦毛,220405,    4.4,  ,    ,54.0
25,08,17,1,札幌,8,03,未勝利,7,芝,0,2000,良,ドルチェルナ      ,牝,3,佐々木大,55.0,16,15,13,13,0,2.3,7,124.7,"2047",0,6,6,6,11,38.6,448,辻哲英,美,0,22101699,01197,01182,0125180315,ゴドルフィン,ダーレー・ジャパン,アドマイヤムーン,ラドルチェ,"Gone West",鹿毛,220303,   24.3,  ,    ,45.6
25,08,17,1,札幌,8,03,未勝利,7,芝,0,2000,良,コスタヴェルデ    ,牝,3,舟山瑠泉,52.0,16,16,15,15,0,2.4,10,124.8,"2048",0,3,3,3,8,39.1,386,鹿戸雄一,美,0,22105829,01221,01097,0125180316,キャロットファーム,社台コーポレーショ,サートゥルナーリア,パルクデラモール,ディープインパクト,栗毛,220317,   48.6,  ,    ,43.9
25,08,17,1,札幌,8,04,未勝利,7,ダ,1,1700,良,マナエトレ        ,牡,3,丹内祐次,57.0,14,01,1,1,0,-1,2,106.8,"1468",0,3,3,3,1,37.7,472,清水久詞,栗,560,22102691,01091,01110,0125180401,STレーシング,鎌田正嗣,モズアスコット,ジュウニンノナカマ,キングズベスト,栗毛,220309,    5.2,  ,    ,50.0
25,08,17,1,札幌,8,04,未勝利,7,ダ,1,1700,良,エコロアテナ      ,牝,3,佐々木大,55.0,14,02,14,14,0,3.6,9,110.4,"1504",0,5,4,3,6,41.3,424,須貝尚介,栗,0,22105526,01197,01105,0125180402,原村正紀,社台ファーム,ハービンジャー,マルチスクリーン,スクリーンヒーロー,鹿毛,220403,   25.9,  ,    ,41.3
25,08,17,1,札幌,8,04,未勝利,7,ダ,1,1700,良,ビービーバザーク  ,牡,3,武豊,57.0,14,03,2,2,0,1,1,107.8,"1478",0,7,6,7,6,38,490,武幸四郎,栗,220,22102397,00666,01160,0125180403,坂東牧場,坂東牧場,シニスターミニスター,カリビアンロマンス,コマンズ,黒鹿,220317,    2.8,  ,    ,50.2
25,08,17,1,札幌,8,04,未勝利,7,ダ,1,1700,良,アカオー          ,牡,3,舟山瑠泉,54.0,14,04,9,9,0,2.5,8,109.3,"1493",0,10,9,14,13,38.7,456,浜田多実,栗,0,22104471,01221,01138,0125180404,共田義夫,北洋牧場,マクフィ,トモノメジェール,ゼンノロブロイ,鹿毛,220411,   18.9,  ,    ,49.5
25,08,17,1,札幌,8,04,未勝利,7,ダ,1,1700,良,ミュージックマン  ,牡,3,キング,57.0,14,05,8,8,0,2.5,4,109.3,"1493",0,14,14,11,8,39.2,482,大和田成,美,0,22100397,05643,01124,0125180405,阿部善武,フクオカファーム,ミッキーグローリー,シルクシンフォニー,ストーミングホーム,鹿毛,220429,    5.9,  ,    ,47.5
25,08,17,1,札幌,8,04,未勝利,7,ダ,1,1700,良,エムズドリーム    ,牡,3,古川吉洋,57.0,14,06,13,13,0,3.5,14,110.3,"1503",0,11,12,12,13,40,422,谷潔,栗,0,22101176,01015,00431,0125180406,本谷兼三,沖田牧場,ゴールドドリーム,ピエナブラウニー,フジキセキ,黒鹿,220514,  418.5,  ,    ,45.9
25,08,17,1,札幌,8,04,未勝利,7,ダ,1,1700,良,パーソナルレコード,牡,3,松本大輝,56.0,14,07,10,10,0,2.5,11,109.3,"1493",0,4,4,12,12,39,504,高柳大輔,栗,0,22103632,01191,01159,0125180407,水谷昌晃,岡田牧場,"American Pharoah",マガスイート,"Palace Malice",黒鹿,220408,  160.6,  ,    ,48.3
25,08,17,1,札幌,8,04,未勝利,7,ダ,1,1700,良,チョウリニア      ,牝,3,森田誠也,52.0,14,08,6,6,0,1.9,12,108.7,"1487",0,7,9,8,9,38.7,438,羽月友彦,栗,0,22100491,01222,01091,0125180408,丸山隆雄,上村清志,ルーラーシップ,サッチン,エンパイアメーカー,鹿毛,220426,  334.8,  ,    ,48.7
25,08,17,1,札幌,8,04,未勝利,7,ダ,1,1700,良,アイズミサクラ    ,牝,3,岩田康誠,55.0,14,09,11,11,0,3.5,10,110.3,"1503",0,1,1,2,5,41.5,442,牧田和弥,栗,0,22104364,05203,01123,0125180409,二口雅一,藤沢牧場,サトノダイヤモンド,ケイココサージュ,ヘニーヒューズ,鹿毛,220210,   82.3,  ,    ,40.4
25,08,17,1,札幌,8,04,未勝利,7,ダ,1,1700,良,ボールドハーテッド,牡,3,和田陽希,54.0,14,10,4,4,0,1.2,6,108,"1480",0,7,6,3,3,38.8,458,鈴木孝志,栗,84,22103551,01223,01111,0125180410,岡田牧雄,岡田スタツド,マジェスティックウォリアー,フィアレス,スペシャルウィーク,栗毛,220222,   15.4,  ,    ,47.3
25,08,17,1,札幌,8,04,未勝利,7,ダ,1,1700,良,ブラックレッド    ,牡,3,原田和真,57.0,14,11,12,12,0,3.5,13,110.3,"1503",0,11,12,8,9,40.3,474,松山将樹,美,0,22102818,01143,01100,0125180411,井上久光,笹地牧場,モーニン,クリーンプリンセス,ジャングルポケット,鹿毛,220316,  366.7,  ,    ,44.7
25,08,17,1,札幌,8,04,未勝利,7,ダ,1,1700,良,エポカリーナ      ,牡,3,古川奈穂,54.0,14,12,7,7,0,2,5,108.8,"1488",0,11,9,8,9,38.8,462,土田稔,美,0,22107233,01190,00417,0125180412,山口敦広,大作ステーブル,エポカドーロ,カルカリーナ,オウケンブルースリ,黒鹿,220406,    7.5,  ,    ,48.4
25,08,17,1,札幌,8,04,未勝利,7,ダ,1,1700,良,アースグレーザー  ,牡,3,横山和生,57.0,14,13,3,3,0,1.1,7,107.9,"1479",0,5,6,3,4,38.7,480,中村直也,栗,140,22100030,01140,01186,0125180413,G1レーシング,市川牧場,サングレーザー,ミステリューズ,ナリタトップロード,黒鹿,220425,   16.3,  ,    ,47.5
25,08,17,1,札幌,8,04,未勝利,7,ダ,1,1700,良,ファンタズマ      ,牡,3,小林美駒,54.0,14,14,5,5,0,1.2,3,108,"1480",0,2,2,1,2,39.2,466,上原佑紀,美,56,22105048,01206,01192,0125180414,FAレーシング,ノーザンファーム,ハービンジャー,ボージェスト,キングカメハメハ,栗毛,220324,    5.8,  ,    ,45.7
25,08,17,1,札幌,8,05,新馬,15,芝,0,1800,稍,ジャスティンシカゴ,牡,2,武豊,55.0,5,01,1,1,0,0,2,112.6,"1526",0,1,1,1,1,35.6,488,宮田敬介,美,750,23106924,00666,01175,0125180501,三木正浩,ノーザンファーム,スワーヴリチャード,エリカブライト,キングカメハメハ,栗毛,230213,    2.2,  ,    ,58.1
25,08,17,1,札幌,8,05,新馬,15,芝,0,1800,稍,スーパーガール    ,牝,2,丹内祐次,55.0,5,02,4,4,0,1.5,4,114.1,"1541",0,3,3,3,4,36.8,490,伊藤圭三,美,110,23102602,01091,01023,0125180502,是枝浩平,グランド牧場,ドレフォン,パワースポット,スズカマンボ,鹿毛,230524,   11.8,  ,    ,55.0
25,08,17,1,札幌,8,05,新馬,15,芝,0,1800,稍,オーケーグレイス  ,牝,2,鮫島克駿,55.0,5,03,5,5,0,6.7,5,119.3,"1593",0,3,3,3,5,42,430,相沢郁,美,75,23104951,01157,01020,0125180503,小野建,富田牧場,サートゥルナーリア,レッドベルフィーユ,アグネスタキオン,青鹿,230406,   25.4,  ,    ,42.0
25,08,17,1,札幌,8,05,新馬,15,芝,0,1800,稍,ショウナンバーボン,牡,2,池添謙一,55.0,5,04,3,3,0,1.5,3,114.1,"1541",0,2,2,2,2,37,444,加藤士津,美,190,23106620,01032,01169,0125180504,湘南,信岡牧場,サートゥルナーリア,レッドアルジーヌ,ハーツクライ,芦毛,230407,    5.8,  ,    ,54.2
25,08,17,1,札幌,8,05,新馬,15,芝,0,1800,稍,ジーティーメティオ,牝,2,藤岡佑介,55.0,5,05,2,2,0,0,1,112.6,"1526",0,5,5,5,3,35.1,460,矢作芳人,栗,300,23105375,01093,01075,0125180505,田畑利彦,タイヘイ牧場,コントレイル,レディオブキャメロット,Montjeu,鹿毛,230207,    1.9,  ,    ,60.4
25,08,17,1,札幌,8,06,１勝ｸﾗｽ,23,ダ,1,1000,稍,サノノアメリカン  ,牡,3,和田陽希,53.0,12,01,9,9,0,1.5,9,60.1,"1001",0,0,0,5,7,35.8,470,天間昭一,美,0,22103425,01223,01090,0125180601,佐野信幸,荒木貴宏,アメリカンペイトリオット,クインズアイザ,タイキシャトル,鹿毛,220405,   31.3,  ,    ,51.8
25,08,17,1,札幌,8,06,１勝ｸﾗｽ,23,ダ,1,1000,稍,ペレグリン        ,牝,4,佐々木大,56.0,12,02,6,6,0,0.9,3,59.5,"0595",0,0,0,10,9,34.5,434,河嶋宏樹,栗,0,21100906,01197,01198,0125180602,中辻明,バンブー牧場,バンブーエール,フラミンゴ,マルカシェンク,黒鹿,210427,    9.7,  ,    ,58.7
25,08,17,1,札幌,8,06,１勝ｸﾗｽ,23,ダ,1,1000,稍,ミルフルール      ,牝,4,斎藤新,56.0,12,03,1,1,0,0,5,58.6,"0586",0,0,0,2,2,34.9,488,伊坂重信,美,800,21100614,01178,01177,0125180603,保坂和孝,大島牧場,ホッコータルマエ,デイジーギャル,ブラックタイド,黒鹿,210307,   12.7,  ,    ,51.9
25,08,17,1,札幌,8,06,１勝ｸﾗｽ,23,ダ,1,1000,稍,エスグラシア      ,牝,6,森田誠也,53.0,12,04,8,8,0,1.5,10,60.1,"1001",0,0,0,7,9,35.6,470,加藤和宏,美,0,19105830,01222,01077,0125180604,ノルマンディーサラ,岡田スタツド,ストロングリターン,ワイキューブ,アグネスタキオン,栗毛,190506,  270.7,  ,    ,53.2
25,08,17,1,札幌,8,06,１勝ｸﾗｽ,23,ダ,1,1000,稍,サイモンプレジール,牡,4,橋木太希,55.0,12,05,7,7,0,1,12,59.6,"0596",0,0,0,7,7,35.1,486,加藤和宏,美,0,21102798,01215,01077,0125180605,澤田昭紀,笹島智則,エピカリス,ピーエムルッカ,キンシャサノキセキ,鹿毛,210223,  353.7,  ,    ,54.7
25,08,17,1,札幌,8,06,１勝ｸﾗｽ,23,ダ,1,1000,稍,ハヤテノツバサ    ,牡,3,鮫島克駿,56.0,12,06,3,3,0,0.3,2,58.9,"0589",0,0,0,3,3,35,498,杉山佳明,栗,200,22100194,01157,01178,0125180606,佐藤範夫,高昭牧場,マジェスティックウォリアー,フジインザスカイ,ディープスカイ,栗毛,220501,    7.8,  ,    ,52.4
25,08,17,1,札幌,8,06,１勝ｸﾗｽ,23,ダ,1,1000,稍,フェリーニ        ,牡,4,藤岡佑介,58.0,12,07,11,11,0,2.6,4,61.2,"1012",0,0,0,4,4,37,508,橋口慎介,栗,0,21105862,01093,01154,0125180607,ライオンレースホー,ノーザンファーム,ドレフォン,リミニ,ディープインパクト,鹿毛,210127,   12.0,  ,    ,48.1
25,08,17,1,札幌,8,06,１勝ｸﾗｽ,23,ダ,1,1000,稍,イノキ            ,牡,3,木幡巧也,56.0,12,08,5,5,0,0.7,6,59.3,"0593",0,0,0,5,4,34.9,488,岩戸孝樹,美,80,22100757,01162,01051,0125180608,小菅誠,築紫洋,ミスターメロディ,コイクレナイ,タイキシャトル,栗毛,220312,   14.6,  ,    ,54.9
25,08,17,1,札幌,8,06,１勝ｸﾗｽ,23,ダ,1,1000,稍,セイゲン          ,セ,6,舟山瑠泉,55.0,12,09,4,4,0,0.7,8,59.3,"0593",0,0,0,7,6,34.8,456,中川公成,美,120,19100234,01221,01081,0125180609,伊藤誠吉,五丸農場,エスポワールシチー,ヘイブンズギフト,クロフネ,栗毛,190209,   28.9,  ,    ,55.6
25,08,17,1,札幌,8,06,１勝ｸﾗｽ,23,ダ,1,1000,稍,テイオームサシ    ,牡,3,荻野琢真,56.0,12,10,10,10,0,1.7,7,60.3,"1003",0,0,0,11,11,35,496,秋山真一,栗,0,22101936,01112,01212,0125180610,KIMURA,広富牧場,ナダル,トウカイライフ,トウカイテイオー,鹿毛,220310,   28.6,  ,    ,58.4
25,08,17,1,札幌,8,06,１勝ｸﾗｽ,23,ダ,1,1000,稍,ブルーデイジー    ,牝,6,古川奈穂,53.0,12,11,12,12,0,2.9,11,61.5,"1015",0,0,0,12,12,36.1,454,的場均,美,0,19101340,01190,01063,0125180611,青山郁代,ヴェルサイユファー,ディスクリートキャット,シャイニングスルー,スペシャルウィーク,鹿毛,190205,  332.1,  ,    ,55.5
25,08,17,1,札幌,8,06,１勝ｸﾗｽ,23,ダ,1,1000,稍,ミニョンマルーン  ,牝,3,小林美駒,51.0,12,12,2,2,0,0,1,58.6,"0586",0,0,0,1,1,35.6,476,伊藤圭三,美,320,22103151,01206,01023,0125180612,大樹ファーム,ビクトリーホースラ,ミスターメロディ,タイキマロン,ファスリエフ,鹿毛,220325,    1.4,  ,    ,46.9
25,08,17,1,札幌,8,07,１勝ｸﾗｽ・牝,23,芝,0,1500,稍,ルナルーチェット  ,牝,3,キング,53.0,14,01,5,5,0,0.4,2,90.3,"1303",0,0,2,2,1,36,418,国枝栄,美,80,22105233,05643,00399,0125180701,社台レースホース,社台ファーム,ブリックスアンドモルタル,イルミナント,"Quality Road",黒鹿,220415,    4.0,  ,    ,50.6
25,08,17,1,札幌,8,07,１勝ｸﾗｽ・牝,23,芝,0,1500,稍,クリールスル      ,牝,3,丹内祐次,53.0,14,02,3,3,0,0.1,5,90,"1300",0,0,5,6,4,35.4,460,矢野英一,美,200,22103501,01091,01108,0125180702,永見貴昭,岡田スタツド,サトノクラウン,オヒア,ブラックタイド,黒鹿,220216,    8.8,  ,    ,52.8
25,08,17,1,札幌,8,07,１勝ｸﾗｽ・牝,23,芝,0,1500,稍,ヒットザグラウンド,牝,3,古川吉洋,53.0,14,03,6,6,0,0.7,8,90.6,"1306",0,0,7,9,7,35.7,446,四位洋文,栗,0,22102406,01015,01184,0125180703,坂東牧場,坂東牧場,ファインニードル,ジェントルヴァウ,"Broken Vow",黒鹿,220308,   22.0,  ,    ,52.5
25,08,17,1,札幌,8,07,１勝ｸﾗｽ・牝,23,芝,0,1500,稍,ルージュマローネ  ,牝,3,横山和生,53.0,14,04,9,9,0,1.1,9,91,"1310",0,0,1,1,2,36.7,476,栗田徹,美,0,22105569,01140,01127,0125180704,東京ホースレーシン,社台ファーム,ダイワメジャー,レッドアトゥ,カジノドライヴ,栗毛,220209,   36.7,  ,    ,48.6
25,08,17,1,札幌,8,07,１勝ｸﾗｽ・牝,23,芝,0,1500,稍,ピコローズ        ,牝,3,佐々木大,53.0,14,05,1,1,0,0,1,89.9,"1299",0,0,3,3,2,35.4,432,伊藤大士,美,800,22101765,01197,01109,0125180705,ビジュピコ,チャンピオンズファ,サトノダイヤモンド,ルージュノアール,ストーミングホーム,鹿毛,220510,    3.4,  ,    ,52.6
25,08,17,1,札幌,8,07,１勝ｸﾗｽ・牝,23,芝,0,1500,稍,ユーティジャーニー,牝,3,小林美駒,50.0,14,06,2,2,0,0,4,89.9,"1299",0,0,5,7,5,35.2,422,矢嶋大樹,美,320,22102088,01206,01202,0125180706,星野壽市,前野牧場,ヤングマンパワー,リノワールド,オルフェーヴル,黒鹿,220323,    7.2,  ,    ,53.6
25,08,17,1,札幌,8,07,１勝ｸﾗｽ・牝,23,芝,0,1500,稍,ルージュミレネール,牝,3,斎藤新,53.0,14,07,8,8,0,1,12,90.9,"1309",0,0,10,12,9,35.7,438,斎藤誠,美,0,22105813,01178,01086,0125180707,東京ホースレーシン,社台コーポレーショ,スワーヴリチャード,タイムハンドラー,ディープブリランテ,鹿毛,220127,   83.5,  ,    ,53.1
25,08,17,1,札幌,8,07,１勝ｸﾗｽ・牝,23,芝,0,1500,稍,プロクレイア      ,牝,3,北村友一,53.0,14,08,13,13,0,2.1,10,92,"1320",0,0,13,3,7,37.5,472,小林真也,栗,0,22105027,01102,01185,0125180708,サンデーレーシング,ノーザンファーム,エピファネイア,プロクリス,キングカメハメハ,栗毛,220120,   40.2,  ,    ,46.9
25,08,17,1,札幌,8,07,１勝ｸﾗｽ・牝,23,芝,0,1500,稍,ホウオウガイア    ,牝,3,荻野琢真,53.0,14,09,11,11,0,1.2,7,91.1,"1311",0,0,12,12,12,35.8,438,大竹正博,美,0,22104874,01112,01102,0125180709,小笹芳央,ノーザンファーム,シルバーステート,センティナリー,フレンチデピュティ,黒鹿,220404,   19.6,  ,    ,53.0
25,08,17,1,札幌,8,07,１勝ｸﾗｽ・牝,23,芝,0,1500,稍,パーリーラスター  ,牝,3,松本大輝,52.0,14,10,14,14,0,2.2,14,92.1,"1321",0,0,8,10,12,37.1,444,池上昌和,美,0,22105559,01191,01150,0125180710,社台レースホース,社台ファーム,モーリス,リュミエールドール,ルーラーシップ,鹿毛,220317,  138.1,  ,    ,48.8
25,08,17,1,札幌,8,07,１勝ｸﾗｽ・牝,23,芝,0,1500,稍,ベルファスト      ,牝,4,鮫島克駿,56.0,14,11,10,10,0,1.2,11,91.1,"1311",0,0,3,3,5,36.6,482,今野貞一,栗,0,21101414,01157,01128,0125180711,DMMドリームクラブ,下河辺牧場,ダイワメジャー,タミーン,Shirocco,栗毛,210124,   46.9,  ,    ,49.3
25,08,17,1,札幌,8,07,１勝ｸﾗｽ・牝,23,芝,0,1500,稍,マルカシャルマン  ,牝,5,柴田裕一,53.0,14,12,7,7,0,1,13,90.9,"1309",0,0,8,7,9,36.1,448,浜田多実,栗,0,20102965,01212,01138,0125180712,日下部猛,社台ファーム,ノヴェリスト,ナチュラルスタンス,フジキセキ,鹿毛,200210,  135.7,  ,    ,51.2
25,08,17,1,札幌,8,07,１勝ｸﾗｽ・牝,23,芝,0,1500,稍,インマイポケット  ,牝,4,武豊,56.0,14,13,4,4,0,0.2,3,90.1,"1301",0,0,10,10,9,35.1,440,武幸四郎,栗,120,21105466,00666,01160,0125180713,藤田晋,ノーザンファーム,キズナ,カヴァートラブ,Azamour,鹿毛,210214,    6.1,  ,    ,54.5
25,08,17,1,札幌,8,07,１勝ｸﾗｽ・牝,23,芝,0,1500,稍,ラヴスコール      ,牝,4,横山典弘,56.0,14,14,12,12,0,1.4,6,91.3,"1313",0,0,13,12,12,36.1,428,加藤征弘,美,0,21105473,00660,01059,0125180714,亀井哲也,ノーザンファーム,ドゥラメンテ,カレドニアレディ,Firebreak,栗毛,210119,   10.1,  ,    ,51.9
25,08,17,1,札幌,8,08,１勝ｸﾗｽ,23,ダ,1,1700,稍,ラルフテソーロ    ,牡,3,丹内祐次,55.0,13,01,9,9,0,2.5,6,107.7,"1477",0,3,3,3,7,39.9,506,伊藤圭三,美,0,22102269,01091,01023,0125180801,了徳寺健二ホールデ,リョーケンファーム,スワーヴリチャード,ライトファンタスティック,Acclamation,鹿毛,220319,   12.1,  ,    ,42.7
25,08,17,1,札幌,8,08,１勝ｸﾗｽ,23,ダ,1,1700,稍,ホウオウバローロ  ,牡,4,鷲頭虎太,56.0,13,02,2,2,0,0.1,3,105.3,"1453",0,5,5,3,2,37.5,460,前川恭子,栗,320,21105772,01202,01210,0125180802,小笹芳央,ノーザンファーム,ロードカナロア,ホウオウパフューム,ハーツクライ,鹿毛,210330,    4.9,  ,    ,48.6
25,08,17,1,札幌,8,08,１勝ｸﾗｽ,23,ダ,1,1700,稍,サンダーロード    ,牡,3,佐々木大,55.0,13,03,12,12,0,3.6,7,108.8,"1488",0,1,1,2,6,41.2,540,杉山晴紀,栗,0,22102966,01197,01157,0125180803,長谷川祐司,辻牧場,Authentic,グァカモーレ,"Flat Out",鹿毛,220312,   18.5,  ,    ,39.5
25,08,17,1,札幌,8,08,１勝ｸﾗｽ,23,ダ,1,1700,稍,ディアウス        ,牡,3,北村友一,55.0,13,04,1,1,0,-0.1,1,105.2,"1452",0,3,3,3,2,37.4,460,吉岡辰弥,栗,800,22102905,01102,01176,0125180804,ライオンレースホー,谷川牧場,シニスターミニスター,パドックシアトル,"Seattle Fitz",黒鹿,220316,    2.8,  ,    ,48.9
25,08,17,1,札幌,8,08,１勝ｸﾗｽ,23,ダ,1,1700,稍,オドラニャソンソン,牡,3,舟山瑠泉,52.0,13,05,10,10,0,2.9,10,108.1,"1481",0,7,7,6,8,40,458,東田明士,栗,0,22102756,01221,01209,0125180805,JPN技研,木村牧場,ディープブリランテ,キイレ,フジキセキ,鹿毛,220419,  245.6,  ,    ,42.9
25,08,17,1,札幌,8,08,１勝ｸﾗｽ,23,ダ,1,1700,稍,デルマサクラサク  ,牝,3,鮫島克駿,53.0,13,06,8,8,0,1.6,8,106.8,"1468",0,10,10,12,11,38.1,474,牧田和弥,栗,0,22105343,01157,01123,0125180806,浅沼廣幸,社台ファーム,マインドユアビスケッツ,ザッハーマイン,Mineshaft,栗毛,220318,   32.1,  ,    ,48.4
25,08,17,1,札幌,8,08,１勝ｸﾗｽ,23,ダ,1,1700,稍,デンリッレハウエル,牝,3,小野楓馬,53.0,13,07,11,11,0,3.3,12,108.5,"1485",0,9,9,12,12,39.8,414,林徹,美,0,22102975,05592,01163,0125180807,ヒダカ・ブリーダー,辻牧場,レイデオロ,スズカグラーテ,サウスヴィグラス,鹿毛,220418,  397.1,  ,    ,44.2
25,08,17,1,札幌,8,08,１勝ｸﾗｽ,23,ダ,1,1700,稍,ユウェンタース    ,牝,3,斎藤新,53.0,13,08,5,5,0,0.7,9,105.9,"1459",0,8,8,6,4,37.8,480,宮徹,栗,80,22103515,01178,01018,0125180808,岡田牧雄,岡田スタツド,マインドユアビスケッツ,シグルーン,アイルハヴアナザー,栗毛,220414,   37.9,  ,    ,48.3
25,08,17,1,札幌,8,08,１勝ｸﾗｽ,23,ダ,1,1700,稍,ニシノブレイゼスト,牡,3,池添謙一,55.0,13,09,6,6,0,1.3,5,106.5,"1465",0,12,12,10,9,38,500,高木登,美,0,22107011,01032,01088,0125180809,西山茂行,村上欽哉,シルバーステート,ニシノステディー,グランデラ,黒鹿,220331,   11.6,  ,    ,48.3
25,08,17,1,札幌,8,08,１勝ｸﾗｽ,23,ダ,1,1700,稍,テーオースミス    ,牡,5,橋木太希,55.0,13,10,13,13,0,4.4,13,109.6,"1496",0,5,5,8,13,41.4,462,藤野健太,栗,0,20102339,01215,01200,0125180810,小笹公也,ヤナガワ牧場,コパノリッキー,ミヤコレッドローズ,キングカメハメハ,鹿毛,200321,  415.2,  ,    ,39.9
25,08,17,1,札幌,8,08,１勝ｸﾗｽ,23,ダ,1,1700,稍,ルーメン          ,牝,3,古川奈穂,50.0,13,11,7,7,0,1.6,11,106.8,"1468",0,10,10,10,9,38.2,420,前川恭子,栗,0,22100771,01190,01210,0125180811,ローレルレーシング,土田農場,リアルスティール,リュシオル,クロフネ,鹿毛,220307,  269.1,  ,    ,48.0
25,08,17,1,札幌,8,08,１勝ｸﾗｽ,23,ダ,1,1700,稍,タマモジャスミン  ,牝,3,森田誠也,50.0,13,12,3,3,0,0.5,4,105.7,"1457",0,2,2,1,1,38.2,506,大橋勇樹,栗,200,22103619,01222,01065,0125180812,タマモ,岡田牧場,タワーオブロンドン,タマモエルドラド,ゴールドアリュール,鹿毛,220416,    9.7,  ,    ,46.4
25,08,17,1,札幌,8,08,１勝ｸﾗｽ,23,ダ,1,1700,稍,ローズマイスター  ,牡,3,小林美駒,52.0,13,13,4,4,0,0.7,2,105.9,"1459",0,12,13,8,4,37.6,512,黒岩陽一,美,120,22104419,01206,01133,0125180813,宮田大三,フジワラフアーム,ドレフォン,ロゼラニ,ブラックタイド,鹿毛,220330,    3.3,  ,    ,49.1
25,08,17,1,札幌,8,09,小樽特別･1勝,23,芝,0,1200,稍,グランテレーズ    ,牝,4,鮫島克駿,56.0,16,01,4,4,0,0.2,9,70.3,"1103",0,0,0,1,1,35.5,454,渡辺薫彦,栗,170,21102401,01157,01155,0125180901,シルクレーシング,坂東牧場,シュヴァルグラン,アドマイヤテレサ,エリシオ,鹿毛,210323,   42.5,  ,    ,48.0
25,08,17,1,札幌,8,09,小樽特別･1勝,23,芝,0,1200,稍,クインズスピカ    ,牝,4,横山典弘,56.0,16,02,5,5,0,0.4,5,70.5,"1105",0,0,0,3,4,35.3,470,村田一誠,美,111,21106559,00660,01190,0125180902,亀田和弘,新冠橋本牧場,ルーラーシップ,アースザスリー,シンボリクリスエス,鹿毛,210408,    8.0,  ,    ,49.7
25,08,17,1,札幌,8,09,小樽特別･1勝,23,芝,0,1200,稍,ランスオブサウンド,牝,5,斎藤新,56.0,16,03,8,8,0,0.6,7,70.7,"1107",0,0,0,7,7,35.2,458,奥村豊,栗,0,20104739,01178,01146,0125180903,五影慶則,フジワラフアーム,ディープブリランテ,アンジェラスキッス,"Gone West",鹿毛,200410,   30.0,  ,    ,50.9
25,08,17,1,札幌,8,09,小樽特別･1勝,23,芝,0,1200,稍,ナユタ            ,牝,3,小野楓馬,54.0,16,04,16,16,0,1.3,12,71.4,"1114",0,0,0,3,4,36.2,436,小野望,地,0,22106672,05592,05688,0125180904,北村泰規,ハクツ牧場,ディスクリートキャット,クリーペル,タイキシャトル,鹿毛,220324,  113.2,  ,    ,47.2
25,08,17,1,札幌,8,09,小樽特別･1勝,23,芝,0,1200,稍,ダガーリング      ,牡,3,吉田隼人,56.0,16,05,6,6,0,0.5,11,70.6,"1106",0,0,0,11,11,34.7,538,和田雄二,美,0,22102153,01095,01143,0125180905,犬飼優,門別尚省,タワーオブロンドン,プルメリアグレース,ロードカナロア,鹿毛,220330,   69.0,  ,    ,53.5
25,08,17,1,札幌,8,09,小樽特別･1勝,23,芝,0,1200,稍,マジカルシャイン  ,牝,3,武豊,54.0,16,06,11,11,0,1,6,71.1,"1111",0,0,0,14,11,35,488,武英智,栗,0,22110012,00666,01161,0125180906,インゼルレーシング,"Manitou Farm LLC","Catholic Boy","Magic Humor","Distorted Humor",黒鹿,220208,    9.3,  ,    ,53.1
25,08,17,1,札幌,8,09,小樽特別･1勝,23,芝,0,1200,稍,クラウンウルル    ,牡,3,佐々木大,56.0,16,07,12,12,0,1,10,71.1,"1111",0,0,0,7,7,35.7,474,菊川正達,美,0,22101278,01197,01052,0125180907,矢野まり子,クラウン日高牧場,レッドファルクス,クラウンシトラス,スニッツェル,芦毛,220317,   49.0,  ,    ,49.2
25,08,17,1,札幌,8,09,小樽特別･1勝,23,芝,0,1200,稍,ジーティースピカ  ,牝,4,松本大輝,56.0,16,08,14,14,0,1.1,16,71.2,"1112",0,0,0,14,15,35.1,468,加藤和宏,美,0,21104589,01191,01077,0125180908,田畑利彦,矢野牧場,シャンハイボビー,ロイヤルメジャー,ダイワメジャー,鹿毛,210224,  404.6,  ,    ,52.8
25,08,17,1,札幌,8,09,小樽特別･1勝,23,芝,0,1200,稍,マキシマムドライブ,牡,3,服部茂史,56.0,16,09,13,13,0,1.1,2,71.2,"1112",0,0,0,11,15,35.4,522,田中淳司,地,0,22102794,05286,05630,0125180909,酒井牧場,酒井牧場,ロードカナロア,ココロノアイ,ステイゴールド,鹿毛,220421,    4.0,  ,    ,51.1
25,08,17,1,札幌,8,09,小樽特別･1勝,23,芝,0,1200,稍,シンデレラスマイル,牝,5,木幡巧也,56.0,16,10,9,9,0,0.7,14,70.8,"1108",0,0,0,9,11,35.2,440,武藤善則,美,0,20104824,01162,01064,0125180910,佐々木雄二,へいはた牧場,キンシャサノキセキ,ポエティックターン,Pivotal,鹿毛,200313,  245.8,  ,    ,51.1
25,08,17,1,札幌,8,09,小樽特別･1勝,23,芝,0,1200,稍,マイネルステラート,牡,3,丹内祐次,56.0,16,11,10,10,0,0.8,1,70.9,"1109",0,0,0,2,2,35.9,462,高木登,美,0,22106818,01091,01088,0125180911,サラブレッドクラブ,ビッグレッドファー,ミッキーアイル,ルシェルドール,オルフェーヴル,黒鹿,220307,    3.4,  ,    ,47.5
25,08,17,1,札幌,8,09,小樽特別･1勝,23,芝,0,1200,稍,ハリウッドメモリー,牝,3,横山和生,54.0,16,12,1,1,0,-0.2,4,70.1,"1101",0,0,0,9,7,34.5,450,長谷川浩,栗,1110,22100632,01140,01173,0125180912,ロードホースクラブ,ケイアイファーム,ロードカナロア,スピニングワイルドキャット,"Hard Spun",黒鹿,220222,    7.3,  ,    ,53.2
25,08,17,1,札幌,8,09,小樽特別･1勝,23,芝,0,1200,稍,ミクストベリーズ  ,牡,3,キング,56.0,16,13,3,3,0,0.2,3,70.3,"1103",0,0,0,11,10,34.5,470,伊藤圭三,美,280,22110038,05643,01023,0125180913,ゴドルフィン,Godolphin,Iffraaj,Twinkleberry,Kodiac,鹿毛,220419,    5.1,  ,    ,53.8
25,08,17,1,札幌,8,09,小樽特別･1勝,23,芝,0,1200,稍,アルマロクザン    ,牝,5,松岡正海,56.0,16,14,7,7,0,0.5,15,70.6,"1106",0,0,0,3,2,35.5,472,伊藤伸一,美,0,20100759,01085,01031,0125180914,コウトミックレーシ,小島牧場,ドレフォン,アルマディヴァン,メジロベイリー,鹿毛,200412,  346.1,  ,    ,48.9
25,08,17,1,札幌,8,09,小樽特別･1勝,23,芝,0,1200,稍,カップッチョ      ,牡,8,古川奈穂,58.0,16,15,15,15,0,1.3,13,71.4,"1114",0,0,0,14,14,35.4,500,南田美知,美,0,17104266,01190,00437,0125180915,ミルファーム,ミルファーム,ジョーカプチーノ,ベルグチケット,ウイニングチケット,鹿毛,170426,  169.8,  ,    ,51.7
25,08,17,1,札幌,8,09,小樽特別･1勝,23,芝,0,1200,稍,ジョーブラック    ,牡,3,浜中俊,56.0,16,16,2,2,0,0.2,8,70.3,"1103",0,0,0,6,4,35,500,清水久詞,栗,440,22100998,01115,01110,0125180916,上田江吏子,山際牧場,キタサンブラック,ジョーマンデリン,ジョーカプチーノ,青鹿,220411,   30.1,  ,    ,50.9
25,08,17,1,札幌,8,10,大通公園･2勝,43,ダ,1,1000,稍,クラリティスケール,牝,6,古川吉洋,56.0,11,01,8,8,0,0.8,8,59.5,"0595",0,0,0,10,9,35.2,454,藤野健太,栗,0,19103442,01015,01200,0125181001,ノルマンディーサラ,栄進牧場,エイシンヒカリ,エイシンカラット,"Tale of Ekati",青毛,190215,   38.5,  ,    ,53.6
25,08,17,1,札幌,8,10,大通公園･2勝,43,ダ,1,1000,稍,パールフロント    ,牝,3,川又賢治,54.0,11,02,2,2,0,0,3,58.7,"0587",0,0,0,5,5,35.4,538,寺島良,栗,620,22102427,01166,01158,0125181002,市川義美ホールディ,坂東牧場,デクラレーションオブウォー,マーキークラブ,クロフネ,栗毛,220315,    4.5,  ,    ,48.7
25,08,17,1,札幌,8,10,大通公園･2勝,43,ダ,1,1000,稍,カンザシ          ,牝,6,キング,56.0,11,03,10,10,0,1.2,5,59.9,"0599",0,0,0,11,11,35.4,506,蛯名正義,美,0,19106704,05643,01191,0125181003,嶋田賢,増本良孝,ディーマジェスティ,エニシノイト,スウェプトオーヴァーボード,芦毛,190513,   11.1,  ,    ,53.8
25,08,17,1,札幌,8,10,大通公園･2勝,43,ダ,1,1000,稍,ペイシャヴァルツー,牝,3,松本大輝,54.0,11,04,11,11,0,1.2,1,59.9,"0599",0,0,0,1,1,37.1,450,吉田直弘,栗,0,22104216,01191,01101,0125181004,北所直人,友田牧場,オーヴァルエース,ペイシャネガノ,サウスヴィグラス,栗毛,220322,    2.7,  ,    ,42.2
25,08,17,1,札幌,8,10,大通公園･2勝,43,ダ,1,1000,稍,サンディブロンド  ,牝,4,丹内祐次,56.0,11,05,5,5,0,0.6,9,59.3,"0593",0,0,0,3,3,36.3,486,鈴木慎太,美,155,21105821,01091,01179,0125181005,サンデーレーシング,ノーザンファーム,リオンディーズ,モンローブロンド,アドマイヤベガ,青鹿,210408,   45.9,  ,    ,45.0
25,08,17,1,札幌,8,10,大通公園･2勝,43,ダ,1,1000,稍,ヴェラリーシャ    ,牝,4,木幡巧也,56.0,11,06,7,7,0,0.7,10,59.4,"0594",0,0,0,6,7,36,478,伊藤圭三,美,0,21103172,01162,01023,0125181006,大樹ファーム,ビクトリーホースラ,メイショウボーラー,タイキグラミー,フレンチデピュティ,黒鹿,210310,   68.0,  ,    ,47.5
25,08,17,1,札幌,8,10,大通公園･2勝,43,ダ,1,1000,稍,サベージラヴ      ,牝,4,佐々木大,56.0,11,07,4,4,0,0.4,4,59.1,"0591",0,0,0,2,2,36.2,466,伊藤圭三,美,230,21103748,01197,01023,0125181007,OUMA,グランド牧場,マジェスティックウォリアー,ピンクドッグウッド,サウスヴィグラス,栗毛,210130,   10.3,  ,    ,44.9
25,08,17,1,札幌,8,10,大通公園･2勝,43,ダ,1,1000,稍,カウスリップ      ,牝,3,横山和生,54.0,11,08,1,1,0,0,2,58.7,"0587",0,0,0,4,3,35.5,544,中舘英二,美,1550,22100627,01140,01153,0125181008,中村祐子,ケイアイファーム,ロードカナロア,キープセイク,"Sea The Stars",鹿毛,220214,    3.7,  ,    ,48.0
25,08,17,1,札幌,8,10,大通公園･2勝,43,ダ,1,1000,稍,ヒロノゴウカイ    ,牡,6,松岡正海,58.0,11,09,9,9,0,1,11,59.7,"0597",0,0,0,9,9,35.5,496,蛯名利弘,美,0,19106700,01085,01131,0125181009,小野博郷,増本牧場,ダノンレジェンド,ハルダル,ゴールドアリュール,鹿毛,190420,  105.9,  ,    ,52.3
25,08,17,1,札幌,8,10,大通公園･2勝,43,ダ,1,1000,稍,ジーベック        ,牡,4,古川奈穂,58.0,11,10,3,3,0,0.4,7,59.1,"0591",0,0,0,8,8,35.1,452,矢作芳人,栗,390,21103242,01190,01075,0125181010,広尾レース,三嶋牧場,"Gun Runner",ステラエージェント,"More Than Ready",栗毛,210226,   14.9,  ,    ,52.6
25,08,17,1,札幌,8,10,大通公園･2勝,43,ダ,1,1000,稍,ルーラルハピネス  ,牝,5,藤岡佑介,56.0,11,11,6,6,0,0.6,6,59.3,"0593",0,0,0,6,5,35.9,476,伊藤大士,美,0,20101052,01093,01109,0125181011,キャロットファーム,川向高橋育成牧場,ファインニードル,ナムラバイオレット,チーフベアハート,鹿毛,200206,   13.0,  ,    ,47.8
25,08,17,1,札幌,8,11,札幌記念G2,179,芝,0,2000,稍,リビアングラス    ,牡,5,鮫島克駿,58.0,16,01,6,6,0,0.7,8,122.2,"2022",0,4,5,6,6,36.8,496,矢作芳人,栗,0,20105633,01157,01075,0125181101,前田幸治,ノースヒルズ,キズナ,ディルガ,Curlin,青毛,200220,   22.4,  ,    ,49.5
25,08,17,1,札幌,8,11,札幌記念G2,179,芝,0,2000,稍,ボーンディスウェイ,牡,6,木幡巧也,58.0,16,02,9,9,0,0.9,14,122.4,"2024",0,7,7,8,7,36.7,496,牧光二,美,0,19104658,01162,01106,0125181102,平田修,社台ファーム,ハーツクライ,ウィンドハック,Platini,黒鹿,190519,  139.3,  ,    ,50.1
25,08,17,1,札幌,8,11,札幌記念G2,179,芝,0,2000,稍,シュトルーヴェ    ,セ,6,キング,58.0,16,03,7,7,0,0.8,7,122.3,"2023",0,9,9,10,10,36.4,478,堀宣行,美,0,19104447,05643,01070,0125181103,村木克子,追分ファーム,キングカメハメハ,アンチュラス,ディープインパクト,黒鹿,190421,   19.8,  ,    ,51.1
25,08,17,1,札幌,8,11,札幌記念G2,179,芝,0,2000,稍,コスモキュランダ  ,牡,4,丹内祐次,58.0,16,04,10,10,0,1.1,6,122.6,"2026",0,12,13,13,13,36.1,498,加藤士津,美,0,21106787,01091,01169,0125181104,ビッグレッドファー,ビッグレッドファー,アルアイン,サザンスピード,"Southern Image",黒鹿,210223,   10.7,  ,    ,52.7
25,08,17,1,札幌,8,11,札幌記念G2,179,芝,0,2000,稍,ホウオウビスケッツ,牡,5,岩田康誠,58.0,16,05,7,7,0,0.8,1,122.3,"2023",0,3,3,3,3,37.1,514,奥村武,美,0,20103941,05203,01145,0125181105,小笹芳央,岡田スタツド,マインドユアビスケッツ,ホウオウサブリナ,ルーラーシップ,鹿毛,200605,    3.7,  ,    ,48.4
25,08,17,1,札幌,8,11,札幌記念G2,179,芝,0,2000,稍,ケイアイセナ      ,牡,6,吉田隼人,58.0,16,06,4,4,0,0.3,12,121.8,"2018",0,2,2,2,1,37,470,平田修,栗,1100,19100318,01095,01082,0125181106,亀田和弘,隆栄牧場,ディープインパクト,ケイアイガーベラ,"Smarty Jones",鹿毛,190530,   61.6,  ,    ,48.2
25,08,17,1,札幌,8,11,札幌記念G2,179,芝,0,2000,稍,ハヤテノフクノスケ,牡,4,横山和生,58.0,16,07,12,12,0,1.2,5,122.7,"2027",0,6,5,3,3,37.5,534,中村直也,栗,0,21109070,01140,01186,0125181107,佐藤範夫,ワールドファーム,ウインバリアシオン,サクラインスパイア,シンボリクリスエス,青鹿,210407,    7.0,  ,    ,47.4
25,08,17,1,札幌,8,11,札幌記念G2,179,芝,0,2000,稍,ステレンボッシュ  ,牝,4,池添謙一,56.0,16,08,15,15,0,1.9,3,123.4,"2034",0,7,7,8,7,37.7,472,国枝栄,美,0,21105743,01032,00399,0125181108,吉田勝己,ノーザンファーム,エピファネイア,ブルークランズ,ルーラーシップ,鹿毛,210212,    5.5,  ,    ,47.4
25,08,17,1,札幌,8,11,札幌記念G2,179,芝,0,2000,稍,トップナイフ      ,牡,5,横山典弘,58.0,16,09,1,1,0,-0.2,10,121.5,"2015",0,12,11,5,3,36.2,484,昆貢,栗,7000,20106402,00660,01044,0125181109,安原浩司,杵臼牧場,デクラレーションオブウォー,ビーウインド,スピニングワールド,青鹿,200309,   25.6,  ,    ,51.0
25,08,17,1,札幌,8,11,札幌記念G2,179,芝,0,2000,稍,ヴェローチェエラ  ,牡,4,佐々木大,58.0,16,10,5,5,0,0.4,4,121.9,"2019",0,15,16,14,13,35.1,500,須貝尚介,栗,700,21105399,01197,01105,0125181110,"TO RACING",ノーザンファーム,リアルスティール,イプスウィッチ,"Danehill Dancer",鹿毛,210305,    7.0,  ,    ,56.0
25,08,17,1,札幌,8,11,札幌記念G2,179,芝,0,2000,稍,ショウナンアデイブ,牡,6,荻野琢真,58.0,16,11,16,16,0,4,16,125.5,"2055",0,4,4,6,13,40,516,高野友和,栗,0,19105239,01112,01117,0125181111,国本哲秀,ノーザンファーム,ディープインパクト,シーヴ,Mineshaft,青鹿,190201,  431.3,  ,    ,41.6
25,08,17,1,札幌,8,11,札幌記念G2,179,芝,0,2000,稍,アルナシーム      ,牡,6,藤岡佑介,58.0,16,12,11,11,0,1.1,9,122.6,"2026",0,9,9,10,9,36.7,448,橋口慎介,栗,0,19105252,01093,01154,0125181112,ライオンレースホー,ノーザンファーム,モーリス,ジュベルアリ,ディープインパクト,鹿毛,190414,   24.1,  ,    ,50.3
25,08,17,1,札幌,8,11,札幌記念G2,179,芝,0,2000,稍,アウスヴァール    ,セ,7,古川吉洋,58.0,16,13,13,13,0,1.5,15,123,"2030",0,1,1,1,2,38.4,488,昆貢,栗,0,18101010,01015,01044,0125181113,ノルマンディーサラ,宝寄山拓樹,ノヴェリスト,カネツスペシャル,スペシャルウィーク,黒鹿,180222,  270.3,  ,    ,44.4
25,08,17,1,札幌,8,11,札幌記念G2,179,芝,0,2000,稍,アラタ            ,牡,8,浜中俊,58.0,16,14,3,3,0,0.3,13,121.8,"2018",0,14,14,14,10,35,472,和田勇介,美,1800,17104756,01115,01165,0125181114,村田能光,社台ファーム,キングカメハメハ,サンシャイン,ハーツクライ,鹿毛,170316,  134.5,  ,    ,56.3
25,08,17,1,札幌,8,11,札幌記念G2,179,芝,0,2000,稍,ココナッツブラウン,牝,5,北村友一,56.0,16,15,2,2,0,0.2,2,121.7,"2017",0,11,11,12,10,35.5,460,上村洋行,栗,2800,20101607,01102,01168,0125181115,下河辺隆行,下河辺牧場,キタサンブラック,ルアーズストリート,キングカメハメハ,鹿毛,200428,    5.0,  ,    ,54.1
25,08,17,1,札幌,8,11,札幌記念G2,179,芝,0,2000,稍,シュヴァリエローズ,牡,7,武豊,58.0,16,16,14,14,0,1.8,11,123.3,"2033",0,16,14,14,16,36.6,462,清水久詞,栗,0,18104942,00666,01110,0125181116,キャロットファーム,ノーザンファーム,ディープインパクト,ヴィアンローズ,"Sevres Rose",鹿毛,180504,   50.4,  ,    ,51.5
25,08,17,1,札幌,8,12,阿寒湖特･2勝,43,芝,0,2600,稍,ウインネモフィラ  ,牝,5,木幡巧也,56.0,14,01,4,4,0,0.7,10,163.9,"2439",0,8,8,9,3,36.5,444,奥平雅士,美,230,20105205,01162,01074,0125181201,ウイン,コスモヴューファー,ゴールドシップ,コスモネモシン,ゼンノロブロイ,芦毛,200329,   43.4,  ,    ,54.7
25,08,17,1,札幌,8,12,阿寒湖特･2勝,43,芝,0,2600,稍,シュバルツマサムネ,牡,3,北村友一,55.0,14,02,7,7,0,1.2,3,164.4,"2444",0,4,5,5,7,37.3,462,杉山佳明,栗,0,22104887,01102,01178,0125181202,塩澤正樹,ノーザンファーム,マインドユアビスケッツ,タンザニアブラック,モーリス,鹿毛,220312,    6.1,  ,    ,52.2
25,08,17,1,札幌,8,12,阿寒湖特･2勝,43,芝,0,2600,稍,ウォーターハウス  ,セ,5,鷲頭虎太,58.0,14,03,14,14,0,4.6,14,167.8,"2478",0,11,11,13,13,39.4,482,井上智史,栗,0,20102664,01202,01214,0125181203,シルクレーシング,社台コーポレーショ,ロードカナロア,ショウナンパンドラ,ディープインパクト,黒鹿,200226,  242.2,  ,    ,47.8
25,08,17,1,札幌,8,12,阿寒湖特･2勝,43,芝,0,2600,稍,フィーリウス      ,牡,3,丹内祐次,55.0,14,04,3,3,0,0.7,7,163.9,"2439",0,4,4,3,2,37.1,504,手塚貴久,美,390,22105175,01091,01038,0125181204,落合幸弘,ノーザンファーム,キタサンブラック,レーヴドゥラメール,ロードカナロア,鹿毛,220227,   15.7,  ,    ,52.5
25,08,17,1,札幌,8,12,阿寒湖特･2勝,43,芝,0,2600,稍,パープルクラウド  ,牡,5,川又賢治,58.0,14,05,12,12,0,3.2,13,166.4,"2464",0,6,7,7,10,39.1,538,吉村圭司,栗,0,20104553,01166,01130,0125181205,堂守貴志,飛野牧場,ドゥラメンテ,パープル,Galileo,鹿毛,200316,  206.5,  ,    ,47.7
25,08,17,1,札幌,8,12,阿寒湖特･2勝,43,芝,0,2600,稍,ウインマクシマム  ,牡,4,松岡正海,58.0,14,06,6,6,0,1.1,2,164.3,"2443",0,1,1,1,1,37.7,498,畠山吉宏,美,0,21106211,01085,01048,0125181206,ウイン,コスモヴューファー,キタサンブラック,コスモアクセス,ロージズインメイ,鹿毛,210409,    3.1,  ,    ,50.7
25,08,17,1,札幌,8,12,阿寒湖特･2勝,43,芝,0,2600,稍,レクスノヴァス    ,牡,3,横山和生,55.0,14,07,1,1,0,-0.5,1,163.2,"2432",0,2,3,3,3,36.4,490,上村洋行,栗,1550,22107282,01140,01168,0125181207,ノルマンディーサラ,浜本牧場,キタサンブラック,ウルティマミューズ,キングカメハメハ,鹿毛,220216,    3.1,  ,    ,54.5
25,08,17,1,札幌,8,12,阿寒湖特･2勝,43,芝,0,2600,稍,ヴァイザーバルコ  ,セ,5,古川吉洋,58.0,14,08,2,2,0,0.5,9,163.7,"2437",0,11,11,9,3,36.3,474,水野貴広,美,620,20106694,01015,01094,0125181208,ディアレストクラブ,ディアレストクラブ,ゴールドシップ,カレイメモワール,アドマイヤムーン,栗毛,200410,   33.4,  ,    ,55.3
25,08,17,1,札幌,8,12,阿寒湖特･2勝,43,芝,0,2600,稍,アルベリック      ,牡,4,柴田裕一,58.0,14,09,8,8,0,1.2,11,164.4,"2444",0,6,6,6,8,37.2,482,中竹和也,栗,0,21101554,01212,01039,0125181209,西田彰宏,スマイルファーム,エイシンヒカリ,エイシンウィキ,キングカメハメハ,栗毛,210222,  147.8,  ,    ,52.6
25,08,17,1,札幌,8,12,阿寒湖特･2勝,43,芝,0,2600,稍,シテフローラル    ,セ,7,キング,58.0,14,10,9,9,0,1.4,6,164.6,"2446",0,8,8,7,8,37.3,438,堀宣行,美,0,18105086,05643,01070,0125181210,金子真人ホールディ,ノーザンファーム,ディープインパクト,ジョコンダ2,Rossini,鹿毛,180401,   15.7,  ,    ,52.4
25,08,17,1,札幌,8,12,阿寒湖特･2勝,43,芝,0,2600,稍,ナチュラルリバー  ,牡,5,斎藤新,58.0,14,11,13,13,0,3.7,12,166.9,"2469",0,8,8,12,13,38.7,478,宮地貴稔,栗,0,20102559,01178,01211,0125181211,吉田晴哉,追分ファーム,ルーラーシップ,シナノネージュ,フレンチデピュティ,鹿毛,200215,  196.2,  ,    ,49.4
25,08,17,1,札幌,8,12,阿寒湖特･2勝,43,芝,0,2600,稍,レイピカケ        ,牝,4,藤岡佑介,56.0,14,12,10,10,0,2.5,8,165.7,"2457",0,14,14,13,12,37.4,460,野中賢二,栗,0,21106904,01093,01098,0125181212,甘糟裕介,発田文広,ハービンジャー,シンデレラ,ハーツクライ,鹿毛,210317,   20.3,  ,    ,52.9
25,08,17,1,札幌,8,12,阿寒湖特･2勝,43,芝,0,2600,稍,ダンツファイター  ,牡,3,武豊,55.0,14,13,11,11,0,3,4,166.2,"2462",0,2,2,2,3,39.5,556,蛯名正義,美,0,22102982,00666,01191,0125181213,山元哲二,辻牧場,ニューイヤーズデイ,ダブルファンタジー,ジャイアントレッカー,栗毛,220312,    8.4,  ,    ,46.2
25,08,17,1,札幌,8,12,阿寒湖特･2勝,43,芝,0,2600,稍,ライフセービング  ,牡,4,鮫島克駿,58.0,14,14,5,5,0,1.1,5,164.3,"2443",0,13,13,11,10,36.3,454,宮徹,栗,155,21105285,01157,01018,0125181214,吉田照哉,社台ファーム,ビーチパトロール,レインダンス,ダンスインザダーク,黒鹿,210423,   11.3,  ,    ,55.8
