24,07,14,1,函館,12,05,新馬,15,芝,0,1800,良,リアライズオーラム,牡,2,佐々木大,55.0,9,07,2,2,0,0.3,1,112,"1520",0,6,7,7,4,34.4,492,須貝尚介,栗,290,22105773,01197,01105,02241C0507,今福洋介,社台コーポレーション白老ファーム,オルフェーヴル,オリヒメ,"Majestic Warrior",鹿毛,220122,    1.7,  ,    ,62.8
24,06,22,1,函館,5,01,未勝利*,7,芝,0,1200,良,メイショウアゴナス,牡,2,角田大河,54.0,9,02,5,5,0,0.7,4,70.6,"1106",0,0,0,3,3,36.5,464,本田優,栗,55,22103263,01199,01099,0224150102,松本好雄,三嶋牧場,スワーヴリチャード,メイショウブーケ,フレンチデピュティ,栗毛,220312,    7.0,  ,    ,43.4
24,06,08,1,函館,1,05,新馬,15,芝,0,1000,良,メイショウアゴナス,牡,2,角田大河,54.0,11,10,4,4,0,0.6,3,58.2,"0582",0,0,0,8,6,33.7,466,本田優,栗,110,22103263,01199,01099,0224110510,松本好雄,三嶋牧場,スワーヴリチャード,メイショウブーケ,フレンチデピュティ,栗毛,220312,    5.2,  ,    ,59.1
24,07,07,2,福島,4,05,新馬,15,芝,0,2000,良,ロードスカイブルー,牡,2,原優介,54.0,11,09,6,6,0,2.4,8,123.6,"2036",0,2,2,2,3,37.6,448,和田勇介,美,0,22100557,01184,01165,0324240509,ロードホースクラブ,加野牧場,ウインブライト,ブーケドロゼブルー,ロージズインメイ,芦毛,220308,   23.5,  ,    ,48.0
24,07,13,1,函館,11,01,未勝利*,7,芝,0,1800,良,ガンバルマン      ,牡,2,永野猛蔵,55.0,12,11,0,0,3,999.9,0,0,"----",0,0,0,0,0,0,452,萱野浩二,美,0,22101307,01188,01024,02241B0111,大田恭充,クリアファーム,フィエールマン,リオニアンレディー,Kingmambo,黒鹿,220426,    0.0,  ,    , 0.0
24,06,30,1,函館,8,05,新馬,15,芝,0,1800,良,ガンバルマン      ,牡,2,永野猛蔵,55.0,11,04,5,5,0,0.7,9,111.6,"1516",0,8,8,9,8,35.8,448,萱野浩二,美,72,22101307,01188,01024,0224180504,大田恭充,クリアファーム,フィエールマン,リオニアンレディー,Kingmambo,黒鹿,220426,   32.5,  ,    ,55.9
24,07,14,1,函館,12,05,新馬,15,芝,0,1800,良,アルビス          ,牡,2,小林勝太,52.0,9,09,7,7,0,1.9,9,113.6,"1536",0,5,5,5,6,36.2,472,金成貴史,美,0,22100441,01205,01132,02241C0509,コスモヴューファーム,村下明博,ルーラーシップ,メイショウボーテ,シンボリクリスエス,芦毛,220421,   94.7,  ,    ,56.9
24,07,06,1,函館,9,05,新馬,15,芝,0,1200,良,ファイアトリック  ,牡,2,長浜鴻緒,52.0,11,02,9,9,0,1.2,8,72,"1120",0,0,0,11,11,35.4,446,伊坂重信,美,0,22101067,01214,01177,0224190502,窪田芳郎,天羽禮治,タリスマニック,ドラゴンホマレ,トーセンホマレボシ,青鹿,220422,   29.6,  ,    ,53.4
24,07,13,1,函館,11,01,未勝利*,7,芝,0,1800,良,ヤコブセン        ,牡,2,鮫島克駿,55.0,12,08,4,4,0,0.6,4,112,"1520",0,9,9,8,6,36.3,492,斎藤誠,美,83,22103288,01157,01086,02241B0108,坂口直大,宮内牧場,エピファネイア,スマッシュ,キングカメハメハ,栗毛,220403,   12.1,  ,    ,54.3
24,06,30,1,函館,8,05,新馬,15,芝,0,1800,良,ヤコブセン        ,牡,2,鮫島克駿,55.0,11,09,8,8,0,0.9,6,111.8,"1518",0,8,8,5,6,36.5,490,斎藤誠,美,0,22103288,01157,01086,0224180509,坂口直大,宮内牧場,エピファネイア,スマッシュ,キングカメハメハ,栗毛,220403,   19.6,  ,    ,53.2
24,07,13,1,函館,11,01,未勝利*,7,芝,0,1800,良,デスティニーホープ,牝,2,荻野琢真,55.0,12,07,6,6,0,1.5,10,112.9,"1529",0,10,10,8,8,37.1,430,松山将樹,美,0,22103625,01112,01100,02241B0107,スリースターズレーシング,岡田牧場,カリフォルニアクローム,ヒストリアドリーム,アドマイヤムーン,栗毛,220424,  176.0,  ,    ,52.2
24,06,29,1,函館,7,05,新馬,15,芝,0,1200,良,デスティニーホープ,牝,2,荻野琢真,55.0,9,01,7,7,0,3.2,7,72.6,"1126",0,0,0,8,8,35.6,432,松山将樹,美,0,22103625,01112,01100,0224170501,スリースターズレーシング,岡田牧場,カリフォルニアクローム,ヒストリアドリーム,アドマイヤムーン,栗毛,220424,   47.7,  ,    ,53.9
24,07,14,1,函館,12,05,新馬,15,芝,0,1800,良,アスゴッド        ,牡,2,武豊,55.0,9,01,5,5,0,1.2,3,112.9,"1529",0,4,4,5,6,35.6,494,矢作芳人,栗,72,22103704,00666,01075,02241C0501,広尾レース,木村秀則,モズアスコット,ゴッドフロアー,ハーツクライ,栗毛,220215,    5.1,  ,    ,58.6
24,07,07,1,函館,10,05,新馬,15,芝,0,1800,稍,シマサンブラック  ,牡,2,北村友一,55.0,10,07,6,6,0,1,5,115,"1550",0,9,9,10,6,35.9,466,蛯名正義,美,0,22103642,01102,01191,02241A0507,嶋田賢,岡田牧場,キタサンブラック,ローズカリーナ,ハービンジャー,鹿毛,220330,    9.5,  ,    ,60.2
24,06,30,1,函館,8,02,未勝利・牝,7,ダ,1,1700,良,グディンナ        ,牝,3,永野猛蔵,55.0,14,03,5,5,0,0.7,9,107.9,"1479",0,2,2,2,2,40.1,410,牧田和弥,栗,55,21102162,01188,01123,0224180203,永田和彦,森永牧場,ラブリーデイ,アンドリエッテ,ディープインパクト,栗毛,210417,   42.3,  ,    ,42.2
24,06,16,1,函館,4,06,未勝利,7,芝,0,1800,良,グディンナ        ,牝,3,小林美駒,51.0,16,01,9,9,0,1.2,5,110.3,"1503",0,8,8,11,12,36.5,404,牧田和弥,栗,0,21102162,01206,01123,0224140601,永田和彦,森永牧場,ラブリーデイ,アンドリエッテ,ディープインパクト,栗毛,210417,   12.8,  ,    ,51.1
24,05,18,3,京都,9,05,未勝利・牝,7,芝,0,2000,良,グディンナ        ,牝,3,Ｍ．デム,55.0,14,02,11,11,0,1,10,121.4,"2014",0,4,3,3,4,35.1,408,牧田和弥,栗,0,21102162,05212,01123,0824390502,永田和彦,森永牧場,ラブリーデイ,アンドリエッテ,ディープインパクト,栗毛,210417,   34.0,  ,    ,55.4
24,03,23,2,阪神,1,06,未勝利,7,芝,0,2000,重,グディンナ        ,牝,3,松山弘平,55.0,12,10,6,6,0,0.4,8,124.5,"2045",0,1,1,1,1,36.6,406,牧田和弥,栗,0,21102162,01126,01123,0924210610,永田和彦,森永牧場,ラブリーデイ,アンドリエッテ,ディープインパクト,栗毛,210417,  124.8,  ,    ,52.9
24,03,02,2,小倉,7,01,未勝利・牝,7,芝,0,1800,稍,グディンナ        ,牝,3,河原田菜,51.0,16,11,7,7,0,1.1,11,112.4,"1524",0,11,10,7,7,36.5,410,牧田和弥,栗,0,21102162,01204,01123,1024270111,永田和彦,森永牧場,ラブリーデイ,アンドリエッテ,ディープインパクト,栗毛,210417,   39.1,  ,    ,54.0
24,01,06,1,京都,1,03,未勝利・牝,7,ダ,1,1400,良,グディンナ        ,牝,3,国分恭介,55.0,16,04,10,10,0,2,10,87.8,"1278",0,0,0,14,13,38.6,418,牧田和弥,栗,0,21102162,01124,01123,0824110304,永田和彦,森永牧場,ラブリーデイ,アンドリエッテ,ディープインパクト,栗毛,210417,   43.5,  ,    ,45.6
23,12,24,5,阪神,8,04,新馬,15,ダ,1,1400,良,グディンナ        ,牝,2,国分恭介,55.0,16,09,3,3,0,0.3,15,88.1,"1281",0,0,0,6,4,38.3,422,牧田和弥,栗,180,21102162,01124,01123,0923580409,永田和彦,森永牧場,ラブリーデイ,アンドリエッテ,ディープインパクト,栗毛,210417,  207.4,  ,    ,47.5
24,07,13,1,函館,11,02,未勝利・牝,7,ダ,1,1700,良,エリカポラリス    ,牝,3,永野猛蔵,55.0,14,01,2,2,0,0.3,2,106.6,"1466",0,2,2,2,2,39.5,438,伊藤圭三,美,220,21103739,01188,01023,02241B0201,唐澤絵里加,グランド牧場,エピファネイア,ハヤブサペコチャン,アグネスタキオン,鹿毛,210316,    3.2,  ,    ,42.7
24,06,22,1,函館,5,02,未勝利・牝,7,ダ,1,1700,良,エリカポラリス    ,牝,3,永野猛蔵,55.0,12,06,2,2,0,0.4,2,106.9,"1469",0,2,2,2,2,38.8,434,伊藤圭三,美,220,21103739,01188,01023,0224150206,唐澤絵里加,グランド牧場,エピファネイア,ハヤブサペコチャン,アグネスタキオン,鹿毛,210316,    3.2,  ,    ,45.7
24,06,08,1,函館,1,02,未勝利・牝,7,ダ,1,1700,良,エリカポラリス    ,牝,3,永野猛蔵,54.0,14,12,2,2,0,0.3,2,107.3,"1473",0,1,1,1,1,38.9,434,伊藤圭三,美,220,21103739,01188,01023,0224110212,唐澤絵里加,グランド牧場,エピファネイア,ハヤブサペコチャン,アグネスタキオン,鹿毛,210316,    6.7,  ,    ,45.9
24,05,19,2,東京,10,01,未勝利・牝,7,ダ,1,1400,良,エリカポラリス    ,牝,3,永野猛蔵,54.0,16,15,3,3,0,0.6,5,86.2,"1262",0,0,0,2,2,37.2,440,伊藤圭三,美,140,21103739,01188,01023,05242A0115,唐澤絵里加,グランド牧場,エピファネイア,ハヤブサペコチャン,アグネスタキオン,鹿毛,210316,   17.0,  ,    ,48.8
24,03,30,3,中山,3,04,未勝利・牝,7,ダ,1,1200,重,エリカポラリス    ,牝,3,小林美駒,51.0,16,05,6,6,0,0.8,3,72.6,"1126",0,0,0,1,1,38.3,428,伊藤圭三,美,0,21103739,01206,01023,0624330405,唐澤絵里加,グランド牧場,エピファネイア,ハヤブサペコチャン,アグネスタキオン,鹿毛,210316,    4.9,  ,    ,39.6
24,03,02,2,中山,3,01,未勝利・牝,7,ダ,1,1200,重,エリカポラリス    ,牝,3,小林勝太,52.0,16,01,3,3,0,1.1,7,73.5,"1135",0,0,0,1,1,39.5,436,伊藤圭三,美,140,21103739,01205,01023,0624230101,唐澤絵里加,グランド牧場,エピファネイア,ハヤブサペコチャン,アグネスタキオン,鹿毛,210316,   32.5,  ,    ,36.1
24,02,03,1,東京,3,01,未勝利・牝,7,ダ,1,1400,良,エリカポラリス    ,牝,3,小林勝太,52.0,16,16,2,2,0,2.1,8,88.9,"1289",0,0,0,3,3,38.4,442,伊藤圭三,美,220,21103739,01205,01023,0524130116,唐澤絵里加,グランド牧場,エピファネイア,ハヤブサペコチャン,アグネスタキオン,鹿毛,210316,   50.8,  ,    ,48.6
23,11,11,5,東京,3,01,未勝利・牝*,7,ダ,1,1600,良,エリカポラリス    ,牝,2,戸崎圭太,55.0,15,09,13,13,0,3.8,7,103.3,"1433",0,0,0,3,4,41.7,440,伊藤圭三,美,0,21103739,05386,01023,0523530109,唐澤絵里加,グランド牧場,エピファネイア,ハヤブサペコチャン,アグネスタキオン,鹿毛,210316,   21.2,  ,    ,38.6
23,10,21,4,東京,6,01,未勝利・牝*,7,ダ,1,1600,良,エリカポラリス    ,牝,2,ルメール,55.0,13,12,4,4,0,0.1,4,100.8,"1408",0,0,0,3,3,39,448,伊藤圭三,美,83,21103739,05339,01023,0523460112,唐澤絵里加,グランド牧場,エピファネイア,ハヤブサペコチャン,アグネスタキオン,鹿毛,210316,   10.0,  ,    ,45.1
23,09,24,4,中山,7,04,新馬,15,ダ,1,1200,重,エリカポラリス    ,牝,2,ルメール,55.0,16,10,8,8,0,2.3,4,73.9,"1139",0,0,0,9,10,37.5,448,伊藤圭三,美,0,21103739,05339,01023,0623470410,唐澤絵里加,グランド牧場,エピファネイア,ハヤブサペコチャン,アグネスタキオン,鹿毛,210316,    8.9,  ,    ,47.1
24,07,13,1,函館,11,02,未勝利・牝,7,ダ,1,1700,良,ブーケドグレイス  ,牝,3,長浜鴻緒,52.0,14,14,5,5,0,0.8,3,107.1,"1471",0,6,7,8,8,38.8,482,相沢郁,美,55,21102494,01214,01020,02241B0214,ノルマンディーサラブレッドレーシング,小田牧場,ヴァンセンヌ,グレースローラ,アサクサデンエン,黒鹿,210520,    7.0,  ,    ,46.0
24,06,30,1,函館,8,02,未勝利・牝,7,ダ,1,1700,良,ブーケドグレイス  ,牝,3,長浜鴻緒,52.0,14,09,2,2,0,0.1,13,107.3,"1473",0,8,8,7,5,38.9,474,相沢郁,美,220,21102494,01214,01020,0224180209,ノルマンディーサラブレッドレーシング,小田牧場,ヴァンセンヌ,グレースローラ,アサクサデンエン,黒鹿,210520,  116.8,  ,    ,45.9
24,06,15,1,函館,3,07,未勝利・牝,7,芝,0,1800,良,ブーケドグレイス  ,牝,3,長浜鴻緒,52.0,16,09,15,15,0,1.7,15,109.6,"1496",0,13,12,11,12,36.1,474,相沢郁,美,0,21102494,01214,01020,0224130709,ノルマンディーサラブレッドレーシング,小田牧場,ヴァンセンヌ,グレースローラ,アサクサデンエン,黒鹿,210520,  211.0,  ,    ,51.8
24,03,24,1,中京,6,02,未勝利・牝,7,芝,0,2000,重,ブーケドグレイス  ,牝,3,菅原明良,55.0,18,08,17,17,0,2.6,14,125.3,"2053",0,14,14,14,16,37,472,相沢郁,美,0,21102494,01179,01020,0724160208,ノルマンディーサラブレッドレーシング,小田牧場,ヴァンセンヌ,グレースローラ,アサクサデンエン,黒鹿,210520,  125.2,  ,    ,52.3
24,01,13,1,中山,4,05,新馬,15,芝,8,1600,良,ブーケドグレイス  ,牝,3,横山琉人,54.0,16,12,7,7,0,1.3,7,97.3,"1373",0,0,12,10,10,34.5,488,相沢郁,美,0,21102494,01192,01020,0624140512,ノルマンディーサラブレッドレーシング,小田牧場,ヴァンセンヌ,グレースローラ,アサクサデンエン,黒鹿,210520,   20.2,  ,    ,59.2
24,06,30,1,函館,8,02,未勝利・牝,7,ダ,1,1700,良,リヴィングカラー  ,牝,3,荻野琢真,55.0,14,10,6,6,0,0.8,14,108,"1480",0,14,14,14,11,38.7,402,小笠倫弘,美,0,21101065,01112,01076,0224180210,グリーンファーム,新井昭二牧場,カリフォルニアクローム,アースリヴィング,Yonaguska,鹿毛,210429,  134.6,  ,    ,47.7
24,06,16,1,函館,4,01,未勝利・牝,7,ダ,1,1700,良,リヴィングカラー  ,牝,3,丹内祐次,55.0,14,08,8,8,0,2.4,10,109.1,"1491",0,13,13,11,10,38.3,400,小笠倫弘,美,0,21101065,01091,01076,0224140108,グリーンファーム,新井昭二牧場,カリフォルニアクローム,アースリヴィング,Yonaguska,鹿毛,210429,   56.0,  ,    ,50.8
24,04,06,3,中山,5,01,未勝利・牝,7,ダ,1,1800,稍,リヴィングカラー  ,牝,3,森泰斗,55.0,14,10,6,6,0,0.9,13,116.6,"1566",0,14,14,11,10,38.8,406,小笠倫弘,美,0,21101065,05342,01076,0624350110,グリーンファーム,新井昭二牧場,カリフォルニアクローム,アースリヴィング,Yonaguska,鹿毛,210429,  219.9,  ,    ,50.3
24,03,02,2,中山,3,04,未勝利・牝,7,ダ,1,1800,重,リヴィングカラー  ,牝,3,永野猛蔵,54.0,16,09,12,12,0,2.5,11,118.2,"1582",0,15,15,13,12,39.8,404,小笠倫弘,美,0,21101065,01188,01076,0624230409,グリーンファーム,新井昭二牧場,カリフォルニアクローム,アースリヴィング,Yonaguska,鹿毛,210429,  206.0,  ,    ,48.5
24,06,01,3,東京,1,02,未勝利・牝,7,ダ,1,1400,重,サノノリッチ      ,牝,3,黛弘人,55.0,16,05,9,9,0,1.9,8,86,"1260",0,0,0,8,10,37.3,410,森一誠,美,0,21102057,01109,01201,0524310205,佐野信幸,豊洋牧場,トゥザワールド,シックファイター,ヘクタープロテクター,青鹿,210410,   32.0,  ,    ,47.9
24,03,02,2,中山,3,01,未勝利・牝,7,ダ,1,1200,重,サノノリッチ      ,牝,3,キング,55.0,16,13,9,9,0,1.9,3,74.3,"1143",0,0,0,8,7,39.4,408,中野栄治,美,0,21102057,05643,01010,0624230113,佐野信幸,豊洋牧場,トゥザワールド,シックファイター,ヘクタープロテクター,青鹿,210410,   13.6,  ,    ,38.6
24,02,17,1,東京,7,01,未勝利・牝,7,ダ,1,1400,良,サノノリッチ      ,牝,3,キング,55.0,16,11,5,5,0,0.7,4,87.7,"1277",0,0,0,12,11,37.3,414,中野栄治,美,55,21102057,05643,01010,0524170111,佐野信幸,豊洋牧場,トゥザワールド,シックファイター,ヘクタープロテクター,青鹿,210410,    8.3,  ,    ,51.3
24,01,28,1,東京,2,01,未勝利・牝,7,ダ,1,1400,良,サノノリッチ      ,牝,3,キング,55.0,16,12,3,3,0,0.7,7,88.1,"1281",0,0,0,9,10,37.8,420,中野栄治,美,140,21102057,05643,01010,0524120112,佐野信幸,豊洋牧場,トゥザワールド,シックファイター,ヘクタープロテクター,青鹿,210410,   25.1,  ,    ,49.8
24,01,08,1,中山,3,01,未勝利・牝,7,ダ,1,1200,良,サノノリッチ      ,牝,3,黛弘人,55.0,16,12,6,6,0,1.4,7,74,"1140",0,0,0,7,6,39.6,422,中野栄治,美,0,21102057,01109,01010,0624130112,佐野信幸,豊洋牧場,トゥザワールド,シックファイター,ヘクタープロテクター,青鹿,210410,   15.5,  ,    ,36.9
23,12,17,5,中山,6,01,未勝利・牝*,7,ダ,1,1200,良,サノノリッチ      ,牝,2,黛弘人,55.0,16,16,2,2,0,0.5,12,73.3,"1133",0,0,0,8,6,38.5,416,中野栄治,美,220,21102057,01109,01010,0623560116,佐野信幸,豊洋牧場,トゥザワールド,シックファイター,ヘクタープロテクター,青鹿,210410,  159.9,  ,    ,40.4
23,11,19,3,福島,6,06,未勝利*,7,芝,0,1200,良,サノノリッチ      ,牝,2,黛弘人,55.0,16,07,8,8,0,0.7,14,72.6,"1126",0,0,0,14,13,36.4,424,中野栄治,美,0,21102057,01109,01010,0323360607,佐野信幸,豊洋牧場,トゥザワールド,シックファイター,ヘクタープロテクター,青鹿,210410,  314.6,  ,    ,49.5
23,09,02,2,札幌,7,01,未勝利*,7,芝,0,1200,稍,サノノリッチ      ,牝,2,黛弘人,55.0,8,08,6,6,0,2.5,8,72.3,"1123",0,0,0,6,4,36.9,418,中野栄治,美,0,21102057,01109,01010,0123270108,佐野信幸,豊洋牧場,トゥザワールド,シックファイター,ヘクタープロテクター,青鹿,210410,   99.9,  ,    ,45.9
23,08,27,2,札幌,6,01,未勝利・牝*,7,芝,0,1500,良,サノノリッチ      ,牝,2,バデル,55.0,9,01,7,7,0,1.7,9,91.6,"1316",0,0,7,6,7,36.6,422,中野栄治,美,0,21102057,05644,01010,0123260101,佐野信幸,豊洋牧場,トゥザワールド,シックファイター,ヘクタープロテクター,青鹿,210410,  175.3,  ,    ,50.2
23,07,16,2,函館,6,01,未勝利*,7,芝,0,1200,稍,サノノリッチ      ,牝,2,岩田康誠,55.0,16,13,12,12,0,1.6,14,73.8,"1138",0,0,0,12,11,36.9,420,中野栄治,美,0,21102057,05203,01010,0223260113,佐野信幸,豊洋牧場,トゥザワールド,シックファイター,ヘクタープロテクター,青鹿,210410,  222.5,  ,    ,50.0
23,07,08,2,函館,3,05,新馬,15,芝,0,1200,良,サノノリッチ      ,牝,2,岩田康誠,55.0,13,07,9,9,0,1.9,9,71.2,"1112",0,0,0,10,10,35,414,中野栄治,美,0,21102057,05203,01010,0223230507,佐野信幸,豊洋牧場,トゥザワールド,シックファイター,ヘクタープロテクター,青鹿,210410,   76.1,  ,    ,53.4
24,06,22,4,京都,7,03,未勝利,7,ダ,1,1400,重,ユーヴェリア      ,牝,3,水口優也,55.0,16,04,9,9,0,0.9,4,86.3,"1263",0,0,0,12,11,38.2,456,宮本博,栗,0,21107278,01133,01073,0824470304,京都ホースレーシング,浜本牧場,オルフェーヴル,ミラクルベリー,ファルブラヴ,鹿毛,210408,    7.1,  ,    ,44.4
24,06,02,4,京都,2,03,未勝利,7,ダ,1,1400,稍,ユーヴェリア      ,牝,3,水口優也,55.0,16,01,4,4,0,1,2,86.8,"1268",0,0,0,13,12,36.7,452,宮本博,栗,83,21107278,01133,01073,0824420301,京都ホースレーシング,浜本牧場,オルフェーヴル,ミラクルベリー,ファルブラヴ,鹿毛,210408,    3.6,  ,    ,52.4
24,03,24,2,阪神,2,02,未勝利,7,ダ,1,1400,不,ユーヴェリア      ,牝,3,水口優也,55.0,16,01,3,3,0,0.2,8,85.1,"1251",0,0,0,12,11,36.3,450,宮本博,栗,140,21107278,01133,01073,0924220201,京都ホースレーシング,浜本牧場,オルフェーヴル,ミラクルベリー,ファルブラヴ,鹿毛,210408,   42.7,  ,    ,50.8
24,07,07,3,小倉,4,04,未勝利・牝,7,ダ,1,1700,良,オテンバムスメ    ,牝,3,松山弘平,55.0,16,15,4,4,0,0.8,3,107.2,"1472",0,8,9,5,6,38.5,434,北出成人,栗,83,21103867,01126,01078,1024340415,岡浩二,サンデーヒルズ,セレスハント,ミレフォリウム,ルーラーシップ,鹿毛,210604,    5.2,  ,    ,47.3
24,06,15,4,京都,5,02,未勝利・牝,7,ダ,1,1800,良,オテンバムスメ    ,牝,3,永島まな,53.0,16,08,4,4,0,0.9,2,115.7,"1557",0,12,12,3,3,39.1,432,北出成人,栗,83,21103867,01187,01078,0824450208,岡浩二,サンデーヒルズ,セレスハント,ミレフォリウム,ルーラーシップ,鹿毛,210604,    3.7,  ,    ,48.0
24,05,26,3,京都,12,01,未勝利・牝,7,ダ,1,1800,良,オテンバムスメ    ,牝,3,永島まな,53.0,16,06,3,3,0,0.4,2,115.2,"1552",0,16,16,8,6,38.5,428,北出成人,栗,140,21103867,01187,01078,08243C0106,岡浩二,サンデーヒルズ,セレスハント,ミレフォリウム,ルーラーシップ,鹿毛,210604,    5.8,  ,    ,49.6
24,05,11,1,新潟,5,04,未勝利・牝,7,ダ,1,1800,良,オテンバムスメ    ,牝,3,永島まな,53.0,15,06,2,2,0,0,4,115.7,"1557",0,12,10,9,8,38.3,432,北出成人,栗,220,21103867,01187,01078,0424150406,岡浩二,サンデーヒルズ,セレスハント,ミレフォリウム,ルーラーシップ,鹿毛,210604,    6.6,  ,    ,51.0
24,03,03,2,小倉,8,06,未勝利・牝,7,ダ,1,1700,稍,オテンバムスメ    ,牝,3,田口貫太,54.0,14,04,4,4,0,1.1,2,108.7,"1487",0,3,3,6,5,39.2,430,北出成人,栗,83,21103867,01208,01078,1024280604,岡浩二,サンデーヒルズ,セレスハント,ミレフォリウム,ルーラーシップ,鹿毛,210604,    3.7,  ,    ,46.7
24,02,17,2,小倉,3,01,未勝利・牝,7,ダ,1,1700,良,オテンバムスメ    ,牝,3,永島まな,52.0,16,12,2,2,0,0.2,4,107.8,"1478",0,9,9,4,4,39,434,北出成人,栗,220,21103867,01187,01078,1024230112,岡浩二,サンデーヒルズ,セレスハント,ミレフォリウム,ルーラーシップ,鹿毛,210604,    9.2,  ,    ,46.2
24,02,04,1,小倉,8,01,未勝利・牝,7,ダ,1,1700,重,オテンバムスメ    ,牝,3,藤田菜七,53.0,15,15,4,4,0,1.9,6,107.5,"1475",0,7,7,7,7,39,430,北出成人,栗,83,21103867,01164,01078,1024180115,岡浩二,サンデーヒルズ,セレスハント,ミレフォリウム,ルーラーシップ,鹿毛,210604,   12.9,  ,    ,45.8
24,01,14,1,小倉,2,01,未勝利・牝,7,ダ,1,1700,良,オテンバムスメ    ,牝,3,藤田菜七,53.0,12,04,2,2,0,0.3,7,108.6,"1486",0,10,9,2,2,39.5,432,北出成人,栗,220,21103867,01164,01078,1024120104,岡浩二,サンデーヒルズ,セレスハント,ミレフォリウム,ルーラーシップ,鹿毛,210604,   24.6,  ,    ,45.4
23,12,28,5,阪神,9,01,未勝利*,7,ダ,1,1800,良,オテンバムスメ    ,牝,2,亀田温心,55.0,16,12,10,10,0,1.2,11,117.2,"1572",0,11,14,13,12,38.7,434,北出成人,栗,0,21103867,01176,01078,0923590112,岡浩二,サンデーヒルズ,セレスハント,ミレフォリウム,ルーラーシップ,鹿毛,210604,   72.2,  ,    ,51.4
23,11,25,3,京都,7,01,未勝利*,7,ダ,1,1800,良,オテンバムスメ    ,牝,2,亀田温心,55.0,16,14,7,7,0,2.2,15,116.6,"1566",0,11,13,11,10,38.9,440,北出成人,栗,0,21103867,01176,01078,0823370114,岡浩二,サンデーヒルズ,セレスハント,ミレフォリウム,ルーラーシップ,鹿毛,210604,  393.0,  ,    ,49.9
23,11,11,3,京都,3,01,未勝利・牝*,7,ダ,1,1400,重,オテンバムスメ    ,牝,2,角田大河,54.0,14,03,10,10,0,3.6,9,89.1,"1291",0,0,0,11,10,39.9,438,北出成人,栗,0,21103867,01199,01078,0823330103,岡浩二,サンデーヒルズ,セレスハント,ミレフォリウム,ルーラーシップ,鹿毛,210604,  146.4,  ,    ,42.5
23,10,28,2,京都,8,04,新馬,15,ダ,1,1400,良,オテンバムスメ    ,牝,2,角田大河,54.0,11,08,7,7,0,1.3,9,88.1,"1281",0,0,0,7,6,39,440,北出成人,栗,0,21103867,01199,01078,0823280408,岡浩二,サンデーヒルズ,セレスハント,ミレフォリウム,ルーラーシップ,鹿毛,210604,   97.9,  ,    ,44.4
24,06,23,3,東京,8,04,未勝利,7,ダ,1,1600,重,ヴァンショー      ,牝,3,津村明秀,55.0,16,11,11,11,0,1.9,8,98.9,"1389",0,0,0,1,1,38.2,476,手塚貴久,美,0,21104805,01092,01038,0524380411,G1レーシング,追分ファーム,キズナ,レッドサン,Monsun,黒鹿,210228,   47.9,  ,    ,45.3
24,06,01,3,東京,1,04,未勝利,7,芝,0,2000,良,ヴァンショー      ,牝,3,佐々木大,55.0,16,04,12,12,0,2.6,8,122.2,"2022",0,0,9,9,9,37,482,手塚貴久,美,0,21104805,01197,01038,0524310404,G1レーシング,追分ファーム,キズナ,レッドサン,Monsun,黒鹿,210228,   15.4,  ,    ,48.7
24,06,30,1,函館,8,02,未勝利・牝,7,ダ,1,1700,良,カネコメファミリー,牝,3,菱田裕二,55.0,14,06,4,4,0,0.4,3,107.6,"1476",0,3,3,3,2,39.7,488,中尾秀正,栗,83,21104151,01144,01069,0224180206,高岡義久,千代田牧場,ホッコータルマエ,プロテクトジアース,アフリート,鹿毛,210505,    4.2,  ,    ,43.3
24,06,16,1,函館,4,01,未勝利・牝,7,ダ,1,1700,良,カネコメファミリー,牝,3,菱田裕二,55.0,14,07,4,4,0,1.8,5,108.5,"1485",0,3,5,4,3,38.7,490,中尾秀正,栗,83,21104151,01144,01069,0224140107,高岡義久,千代田牧場,ホッコータルマエ,プロテクトジアース,アフリート,鹿毛,210505,    7.8,  ,    ,48.4
24,04,21,1,福島,6,06,未勝利・若,7,ダ,1,1700,良,カネコメファミリー,牝,3,佐々木大,54.0,15,11,11,11,0,2,1,109.2,"1492",0,7,7,11,11,40.6,484,中尾秀正,栗,0,21104151,01197,01069,0324160611,高岡義久,千代田牧場,ホッコータルマエ,プロテクトジアース,アフリート,鹿毛,210505,    3.5,  ,    ,42.2
24,03,03,2,小倉,8,06,未勝利・牝,7,ダ,1,1700,稍,カネコメファミリー,牝,3,菱田裕二,55.0,14,06,2,2,0,0.4,3,108,"1480",0,1,1,1,1,39.2,482,中尾秀正,栗,220,21104151,01144,01069,1024280606,高岡義久,千代田牧場,ホッコータルマエ,プロテクトジアース,アフリート,鹿毛,210505,    4.8,  ,    ,45.7
24,02,10,2,小倉,1,01,未勝利・牝,7,ダ,1,1700,稍,カネコメファミリー,牝,3,菱田裕二,55.0,14,02,3,3,0,0.4,2,107.6,"1476",0,1,1,1,1,38,488,中尾秀正,栗,140,21104151,01144,01069,1024210102,高岡義久,千代田牧場,ホッコータルマエ,プロテクトジアース,アフリート,鹿毛,210505,    4.7,  ,    ,49.9
24,01,21,1,京都,7,03,未勝利,7,ダ,1,1400,不,カネコメファミリー,牝,3,田口貫太,53.0,12,10,6,6,0,1.9,3,85.3,"1253",0,0,0,7,7,36.7,488,中尾秀正,栗,0,21104151,01208,01069,0824170310,高岡義久,千代田牧場,ホッコータルマエ,プロテクトジアース,アフリート,鹿毛,210505,   13.3,  ,    ,49.3
24,01,06,1,京都,1,03,未勝利・牝,7,ダ,1,1400,良,カネコメファミリー,牝,3,菱田裕二,55.0,16,06,5,5,0,1.4,11,87.2,"1272",0,0,0,13,13,38.2,492,中尾秀正,栗,55,21104151,01144,01069,0824110306,高岡義久,千代田牧場,ホッコータルマエ,プロテクトジアース,アフリート,鹿毛,210505,   45.5,  ,    ,46.2
23,10,14,2,京都,4,04,新馬,15,ダ,1,1800,良,カネコメファミリー,牝,2,団野大成,55.0,14,03,14,14,0,12.9,8,127.7,"2077",0,1,1,7,14,50,486,中尾秀正,栗,0,21104151,01180,01069,0823240403,高岡義久,千代田牧場,ホッコータルマエ,プロテクトジアース,アフリート,鹿毛,210505,   18.9,  ,    ,27.7
24,07,06,2,福島,3,03,未勝利・牝,7,ダ,1,1700,良,ジャンル          ,牝,3,原優介,54.0,15,06,7,7,0,1.4,9,108.9,"1489",0,5,5,3,4,39.3,472,岩戸孝樹,美,0,21101205,01184,01051,0324230306,中村伊三美,川端正博,ロゴタイプ,レッドティムール,シンボリクリスエス,黒鹿,210318,   39.4,  ,    ,46.6
24,05,12,2,東京,8,04,未勝利・牝,7,芝,0,1800,良,ジャンル          ,牝,3,西村淳也,55.0,17,09,15,15,0,2.4,11,109.2,"1492",0,0,2,2,3,36.7,472,岩戸孝樹,美,0,21101205,01171,01051,0524280409,中村伊三美,川端正博,ロゴタイプ,レッドティムール,シンボリクリスエス,黒鹿,210318,  207.2,  ,    ,48.8
24,04,28,1,新潟,2,02,未勝利,7,芝,0,1400,良,ジャンル          ,牝,3,角田大河,54.0,16,11,12,12,0,1,10,84.1,"1241",0,0,0,11,11,36.1,468,岩戸孝樹,美,0,21101205,01199,01051,0424120211,中村伊三美,川端正博,ロゴタイプ,レッドティムール,シンボリクリスエス,黒鹿,210318,   52.9,  ,    ,49.7
23,10,07,4,東京,1,01,未勝利・牝*,7,ダ,1,1400,良,ジャンル          ,牝,2,木幡巧也,55.0,16,02,15,15,0,2.7,10,90.3,"1303",0,0,0,11,11,39.7,458,岩戸孝樹,美,0,21101205,01162,01051,0523410102,中村伊三美,川端正博,ロゴタイプ,レッドティムール,シンボリクリスエス,黒鹿,210318,   54.8,  ,    ,45.6
23,09,18,4,中山,5,03,未勝利*,7,ダ,1,1200,良,ジャンル          ,牝,2,木幡巧也,55.0,11,04,5,5,0,1,2,74.9,"1149",0,0,0,7,6,38.7,460,岩戸孝樹,美,55,21101205,01162,01051,0623450304,中村伊三美,川端正博,ロゴタイプ,レッドティムール,シンボリクリスエス,黒鹿,210318,    3.8,  ,    ,43.5
23,08,20,3,新潟,4,01,未勝利・牝*,7,芝,8,1600,良,ジャンル          ,牝,2,津村明秀,55.0,9,06,5,5,0,1.3,4,95.8,"1358",0,0,0,2,2,35.3,458,岩戸孝樹,美,55,21101205,01092,01051,0423340106,中村伊三美,川端正博,ロゴタイプ,レッドティムール,シンボリクリスエス,黒鹿,210318,    7.6,  ,    ,52.8
23,06,10,3,東京,3,05,新馬,15,芝,0,1600,良,ジャンル          ,牝,2,津村明秀,55.0,12,10,6,6,0,1.2,7,96,"1360",0,0,0,2,2,35.9,450,岩戸孝樹,美,0,21101205,01092,01051,0523330510,中村伊三美,川端正博,ロゴタイプ,レッドティムール,シンボリクリスエス,黒鹿,210318,   75.2,  ,    ,50.4
24,06,30,1,函館,8,02,未勝利・牝,7,ダ,1,1700,良,アイリュール      ,牝,3,丹内祐次,55.0,14,07,3,3,0,0.3,8,107.5,"1475",0,7,7,7,5,39.1,456,田中剛,美,140,21106255,01091,01119,0224180207,佐藤牧場,佐藤牧場,コパノリッキー,ミンナノアイドル,オグリキャップ,芦毛,210206,   26.5,  ,    ,45.4
24,06,16,1,函館,4,03,未勝利,7,ダ,1,1000,良,アイリュール      ,牝,3,松岡正海,55.0,12,11,4,4,0,1.2,11,60.6,"1006",0,0,0,11,9,35.6,458,田中剛,美,83,21106255,01085,01119,0224140311,佐藤牧場,佐藤牧場,コパノリッキー,ミンナノアイドル,オグリキャップ,芦毛,210206,   91.6,  ,    ,55.3
24,05,05,1,新潟,4,01,未勝利・牝,7,ダ,1,1800,良,アイリュール      ,牝,3,松岡正海,55.0,14,12,13,13,0,4.7,7,119.9,"1599",0,8,6,6,7,43.8,462,田中剛,美,0,21106255,01085,01119,0424140112,佐藤牧場,佐藤牧場,コパノリッキー,ミンナノアイドル,オグリキャップ,芦毛,210206,   19.9,  ,    ,36.9
24,04,14,1,福島,4,03,未勝利・牝,7,ダ,1,1700,良,アイリュール      ,牝,3,松岡正海,55.0,15,08,4,4,0,1.9,8,109.5,"1495",0,10,10,6,5,38.9,466,田中剛,美,83,21106255,01085,01119,0324140308,佐藤牧場,佐藤牧場,コパノリッキー,ミンナノアイドル,オグリキャップ,芦毛,210206,   30.5,  ,    ,49.0
24,02,18,1,東京,8,03,新馬,15,ダ,1,1400,良,アイリュール      ,牝,3,柴田大知,55.0,16,08,8,8,0,1.1,8,89.3,"1293",0,0,0,7,8,38.4,470,田中剛,美,0,21106255,01009,01119,0524180308,佐藤牧場,佐藤牧場,コパノリッキー,ミンナノアイドル,オグリキャップ,芦毛,210206,   21.1,  ,    ,49.4
24,06,30,1,函館,8,02,未勝利・牝,7,ダ,1,1700,良,ベストベルシック  ,牝,3,黛弘人,55.0,14,14,10,10,0,1.2,10,108.4,"1484",0,12,12,11,11,39.6,422,森一誠,美,0,21101437,01109,01201,0224180214,下河辺牧場,下河辺牧場,ドレフォン,ベストベット,キングズベスト,青鹿,210301,   45.0,  ,    ,44.8
24,06,16,1,函館,4,01,未勝利・牝,7,ダ,1,1700,良,ベストベルシック  ,牝,3,小林美駒,51.0,14,10,6,6,0,2.1,11,108.8,"1488",0,14,14,14,13,37.9,416,森一誠,美,0,21101437,01206,01201,0224140110,下河辺牧場,下河辺牧場,ドレフォン,ベストベット,キングズベスト,青鹿,210301,  125.2,  ,    ,52.0
24,04,20,2,東京,1,03,未勝利,7,ダ,1,2100,良,ベストベルシック  ,牝,3,佐々木大,54.0,16,14,14,14,0,3.4,11,138.8,"2188",0,13,11,13,13,39.9,410,森一誠,美,0,21101437,01197,01201,0524210314,下河辺牧場,下河辺牧場,ドレフォン,ベストベット,キングズベスト,青鹿,210301,  182.6,  ,    ,49.1
24,03,30,3,中山,3,01,未勝利・牝,7,ダ,1,1800,重,ベストベルシック  ,牝,3,石橋脩,55.0,16,05,8,8,0,1.8,9,115.3,"1553",0,12,12,13,11,39.8,412,森一誠,美,0,21101437,01077,01201,0624330105,下河辺牧場,下河辺牧場,ドレフォン,ベストベット,キングズベスト,青鹿,210301,   60.3,  ,    ,44.8
24,01,28,1,東京,2,06,未勝利,7,芝,0,1600,良,ベストベルシック  ,牝,3,小林勝太,52.0,16,03,7,7,0,1.3,14,94.9,"1349",0,0,0,7,7,35.1,428,高橋裕,美,0,21101437,01205,00412,0524120603,下河辺牧場,下河辺牧場,ドレフォン,ベストベット,キングズベスト,青鹿,210301,  342.4,  ,    ,52.2
23,12,02,5,中山,1,03,未勝利*,7,芝,8,1600,良,ベストベルシック  ,牝,2,横山琉人,54.0,16,04,13,13,0,1.1,14,94.6,"1346",0,0,7,10,10,34.9,422,高橋裕,美,0,21101437,01192,00412,0623510304,下河辺牧場,下河辺牧場,ドレフォン,ベストベット,キングズベスト,青鹿,210301,  417.0,  ,    ,52.6
23,10,29,4,東京,9,02,未勝利*,7,芝,0,1600,良,ベストベルシック  ,牝,2,北村宏司,55.0,12,12,10,10,0,1.7,6,96.2,"1362",0,0,0,3,6,35,418,高橋裕,美,0,21101437,01043,00412,0523490212,下河辺牧場,下河辺牧場,ドレフォン,ベストベット,キングズベスト,青鹿,210301,   33.8,  ,    ,54.9
23,08,20,2,札幌,4,01,未勝利*,7,芝,0,1500,稍,ベストベルシック  ,牝,2,小林勝太,52.0,11,06,6,6,0,0.9,7,93.8,"1338",0,0,6,9,10,37.9,412,高橋裕,美,0,21101437,01205,00412,0123240106,下河辺牧場,下河辺牧場,ドレフォン,ベストベット,キングズベスト,青鹿,210301,   31.2,  ,    ,48.3
23,07,29,1,札幌,3,05,新馬,15,芝,0,1500,良,ベストベルシック  ,牝,2,小林勝太,52.0,14,03,9,9,0,0.7,10,91.6,"1316",0,0,10,11,11,35.7,412,高橋裕,美,0,21101437,01205,00412,0123130503,下河辺牧場,下河辺牧場,ドレフォン,ベストベット,キングズベスト,青鹿,210301,   60.4,  ,    ,54.4
24,03,02,1,阪神,3,01,未勝利・牝,7,ダ,1,1800,重,メイショウムーヴ  ,牝,3,角田大河,54.0,12,06,12,12,0,2.6,11,118.4,"1584",0,11,11,11,12,39.3,444,荒川義之,栗,0,21100994,01199,01095,0924130106,松本好雄,村下明博,マジェスティックウォリアー,メイショウユーコン,ハーツクライ,鹿毛,210331,  322.4,  ,    ,50.6
24,02,18,2,京都,8,01,未勝利・牝,7,ダ,1,1800,稍,メイショウムーヴ  ,牝,3,和田竜二,55.0,12,05,8,8,0,2.7,8,119,"1590",0,8,9,9,8,41.1,446,荒川義之,栗,0,21100994,01018,01095,0824280105,松本好雄,村下明博,マジェスティックウォリアー,メイショウユーコン,ハーツクライ,鹿毛,210331,   62.3,  ,    ,44.8
24,01,27,2,京都,1,03,未勝利・牝,7,ダ,1,1400,良,メイショウムーヴ  ,牝,3,泉谷楓真,54.0,15,06,8,8,0,1.6,11,88.1,"1281",0,0,0,15,13,39.4,446,荒川義之,栗,0,21100994,01182,01095,0824210306,松本好雄,村下明博,マジェスティックウォリアー,メイショウユーコン,ハーツクライ,鹿毛,210331,   68.1,  ,    ,42.7
23,09,03,3,小倉,8,02,未勝利*,7,芝,0,1200,良,メイショウムーヴ  ,牝,2,団野大成,55.0,14,02,14,14,0,2.5,11,71.6,"1116",0,0,0,13,14,36.3,428,荒川義之,栗,0,21100994,01180,01095,1023380202,松本好雄,村下明博,マジェスティックウォリアー,メイショウユーコン,ハーツクライ,鹿毛,210331,   70.8,  ,    ,47.2
23,08,12,3,小倉,1,02,未勝利*,7,芝,0,1200,良,メイショウムーヴ  ,牝,2,団野大成,55.0,8,04,5,5,0,1.1,5,69.4,"1094",0,0,0,6,6,35,430,荒川義之,栗,55,21100994,01180,01095,1023310204,松本好雄,村下明博,マジェスティックウォリアー,メイショウユーコン,ハーツクライ,鹿毛,210331,   43.9,  ,    ,48.3
23,07,15,3,中京,5,05,新馬・牝,15,芝,0,1400,良,メイショウムーヴ  ,牝,2,団野大成,55.0,8,07,7,7,0,2.1,7,84.2,"1242",0,0,0,7,8,36.6,432,荒川義之,栗,0,21100994,01180,01095,0723350507,松本好雄,村下明博,マジェスティックウォリアー,メイショウユーコン,ハーツクライ,鹿毛,210331,   44.3,  ,    ,47.5
24,07,13,1,函館,11,02,未勝利・牝,7,ダ,1,1700,良,ウキヨノユメ      ,牝,3,古川吉洋,55.0,14,07,7,7,0,1.3,14,107.6,"1476",0,4,4,3,3,40.2,450,千田輝彦,栗,0,21101354,01015,01120,02241B0207,國分純,サンバマウンテンファーム,ベストウォーリア,スピーディユウマ,ディープインパクト,黒鹿,210429,  213.9,  ,    ,41.5
24,06,19,5,不明,5,07,アルキ,3,ダ,1,1200,良,ウキヨノユメ      ,牝,3,古川吉洋,55.0,9,02,7,7,0,3.2,5,78.3,"1183",0,0,0,5,9,0,444,千田輝彦,栗,0,21101354,01015,01120,3024550702,國分純,サンバマウンテンファーム,ベストウォーリア,スピーディユウマ,ディープインパクト,黒鹿,210429,    0.0,  ,    , 0.0
24,05,04,3,京都,5,01,未勝利・牝,7,ダ,1,1400,良,ウキヨノユメ      ,牝,3,古川吉洋,55.0,16,11,13,13,0,2,13,88.3,"1283",0,0,0,7,10,39.7,450,千田輝彦,栗,0,21101354,01015,01120,0824350111,國分純,サンバマウンテンファーム,ベストウォーリア,スピーディユウマ,ディープインパクト,黒鹿,210429,  177.7,  ,    ,41.8
24,03,03,2,小倉,8,06,未勝利・牝,7,ダ,1,1700,稍,ウキヨノユメ      ,牝,3,鷲頭虎太,52.0,14,13,8,8,0,2.3,10,109.9,"1499",0,9,7,2,2,41,452,千田輝彦,栗,0,21101354,01202,01120,1024280613,國分純,サンバマウンテンファーム,ベストウォーリア,スピーディユウマ,ディープインパクト,黒鹿,210429,   94.5,  ,    ,41.7
24,07,13,1,函館,11,05,未勝利,7,芝,0,1800,良,ニシノココ        ,牝,3,大江原比,51.0,14,13,13,13,0,1.9,12,111.3,"1513",0,1,1,1,2,38.3,456,松山将樹,美,0,21107071,01210,01100,02241B0513,西山茂行,メイタイファーム,ホークビル,スーセントマリー,ダイワメジャー,鹿毛,210423,  137.1,  ,    ,45.3
24,05,25,2,東京,11,05,未勝利,7,芝,0,2000,良,ニシノココ        ,牝,3,野中悠太,55.0,11,06,7,7,0,0.8,10,122.9,"2029",0,0,2,2,2,35.6,456,松山将樹,美,0,21107071,01158,01100,05242B0506,西山茂行,メイタイファーム,ホークビル,スーセントマリー,ダイワメジャー,鹿毛,210423,  172.7,  ,    ,55.1
24,03,17,1,中京,4,03,未勝利・牝,7,芝,0,2000,良,ニシノココ        ,牝,3,菊沢一樹,55.0,18,14,16,16,0,1.8,17,125.4,"2054",0,9,8,13,14,35.1,454,松山将樹,美,0,21107071,01161,01100,0724140314,西山茂行,メイタイファーム,ホークビル,スーセントマリー,ダイワメジャー,鹿毛,210423,  221.5,  ,    ,60.3
24,02,17,1,東京,7,04,新馬,15,ダ,1,1600,良,ニシノココ        ,牝,3,野中悠太,55.0,16,11,16,16,0,3.7,12,104.2,"1442",0,0,0,6,10,41.9,452,松山将樹,美,0,21107071,01158,01100,0524170411,西山茂行,メイタイファーム,ホークビル,スーセントマリー,ダイワメジャー,鹿毛,210423,   70.6,  ,    ,39.2
24,06,16,3,東京,6,06,未勝利,7,芝,0,1800,良,ダイスアローリング,牡,3,北村宏司,57.0,16,05,9,9,0,0.6,2,108,"1480",0,0,4,4,5,34.8,512,古賀慎明,美,0,21104861,01043,01079,0524360605,G1レーシング,社台コーポレーション白老ファーム,サトノダイヤモンド,サンタエヴィータ,"Smart Strike",鹿毛,210131,    3.0,  ,    ,55.2
24,05,25,2,東京,11,05,未勝利,7,芝,0,2000,良,ダイスアローリング,牡,3,北村宏司,57.0,11,03,2,2,0,0.1,2,122.2,"2022",0,0,3,4,3,34.6,510,古賀慎明,美,180,21104861,01043,01079,05242B0503,G1レーシング,社台コーポレーション白老ファーム,サトノダイヤモンド,サンタエヴィータ,"Smart Strike",鹿毛,210131,    3.2,  ,    ,58.5
24,04,28,2,東京,4,05,未勝利,7,芝,0,2000,良,ダイスアローリング,牡,3,北村宏司,57.0,12,04,2,2,0,0.8,6,121.1,"2011",0,0,4,4,3,34.3,510,古賀慎明,美,220,21104861,01043,01079,0524240504,G1レーシング,社台コーポレーション白老ファーム,サトノダイヤモンド,サンタエヴィータ,"Smart Strike",鹿毛,210131,   20.9,  ,    ,58.5
24,02,04,1,東京,4,05,新馬,15,芝,0,1800,良,ダイスアローリング,牡,3,石川裕紀,57.0,16,12,9,9,0,1,8,110.5,"1505",0,0,4,5,5,34.5,510,古賀慎明,美,0,21104861,01150,01079,0524140512,G1レーシング,社台コーポレーション白老ファーム,サトノダイヤモンド,サンタエヴィータ,"Smart Strike",鹿毛,210131,   38.8,  ,    ,60.1
24,06,29,1,函館,7,03,未勝利,7,芝,0,1800,良,ケイアイプロキオン,牡,3,高杉吏麒,54.0,16,07,10,10,0,0.6,5,110.8,"1508",0,8,7,8,8,35.2,470,和田正一,美,0,21103836,01213,01114,0224170307,ケイアイスタリオン,佐竹学,デクラレーションオブウォー,クインズサリナ,ダノンシャンティ,鹿毛,210320,   11.6,  ,    ,57.4
24,05,26,2,東京,12,04,未勝利,7,芝,0,1600,良,ケイアイプロキオン,牡,3,野中悠太,57.0,18,10,18,18,0,5.1,6,98.7,"1387",0,0,0,4,5,39.2,472,和田正一,美,0,21103836,01158,01114,05242C0410,ケイアイスタリオン,佐竹学,デクラレーションオブウォー,クインズサリナ,ダノンシャンティ,鹿毛,210320,   12.5,  ,    ,41.1
24,05,04,2,東京,5,04,未勝利,7,芝,0,1600,良,ケイアイプロキオン,牡,3,野中悠太,57.0,18,13,4,4,0,0.3,12,94,"1340",0,0,0,5,5,34,468,和田正一,美,83,21103836,01158,01114,0524250413,ケイアイスタリオン,佐竹学,デクラレーションオブウォー,クインズサリナ,ダノンシャンティ,鹿毛,210320,  223.3,  ,    ,55.9
24,03,23,1,中京,5,02,未勝利,7,芝,0,1400,重,ケイアイプロキオン,牡,3,石神深道,54.0,18,09,6,6,0,0.7,16,84.3,"1243",0,0,0,10,10,35.1,474,和田正一,美,0,21103836,01209,01114,0724150209,ケイアイスタリオン,佐竹学,デクラレーションオブウォー,クインズサリナ,ダノンシャンティ,鹿毛,210320,  421.1,  ,    ,55.1
24,01,14,1,小倉,2,02,未勝利,7,芝,0,1200,良,ケイアイプロキオン,牡,3,佐々木大,56.0,18,14,17,17,0,1.8,10,70,"1100",0,0,0,13,14,35.7,474,和田正一,美,0,21103836,01197,01114,1024120214,ケイアイスタリオン,佐竹学,デクラレーションオブウォー,クインズサリナ,ダノンシャンティ,鹿毛,210320,   48.5,  ,    ,46.1
23,11,05,5,東京,2,06,新馬,15,芝,0,1400,良,ケイアイプロキオン,牡,2,木幡巧也,56.0,18,08,11,11,0,1.8,7,83.3,"1233",0,0,0,5,6,36.3,472,和田正一,美,0,21103836,01162,01114,0523520608,ケイアイスタリオン,佐竹学,デクラレーションオブウォー,クインズサリナ,ダノンシャンティ,鹿毛,210320,   22.4,  ,    ,47.1
24,07,13,1,函館,11,05,未勝利,7,芝,0,1800,良,マジマックサラン  ,牡,3,佐々木大,57.0,14,09,9,9,0,1.3,11,110.7,"1507",0,8,7,6,7,37.1,484,和田雄二,美,0,21104604,01197,01143,02241B0509,リトルブルーファーム,小野瀬竜馬,エイシンヒカリ,リトルラブソング,マイネルラヴ,芦毛,210304,  100.9,  ,    ,49.2
24,06,16,3,東京,6,06,未勝利,7,芝,0,1800,良,マジマックサラン  ,牡,3,石神深道,54.0,16,08,16,16,0,1.6,11,109,"1490",0,0,2,2,2,36,490,和田雄二,美,0,21104604,01209,01143,0524360608,リトルブルーファーム,小野瀬竜馬,エイシンヒカリ,リトルラブソング,マイネルラヴ,芦毛,210304,   73.7,  ,    ,51.4
23,08,26,3,新潟,5,05,新馬,15,芝,8,1800,良,マジマックサラン  ,牡,2,小林美駒,51.0,11,11,3,3,0,1,8,110.2,"1502",0,0,0,7,6,34.6,484,和田雄二,美,180,21104604,01206,01143,0423350511,リトルブルーファーム,小野瀬竜馬,エイシンヒカリ,リトルラブソング,マイネルラヴ,芦毛,210304,   31.7,  ,    ,59.2
24,07,07,1,函館,10,06,未勝利,7,芝,0,2000,稍,ソノパッツァディテ,牝,3,大野拓弥,55.0,12,06,11,11,0,2.4,12,127.7,"2077",0,4,4,5,5,39.7,426,高木登,美,0,21102757,01096,01088,02241A0606,黒岩初美,久保昇,オルフェーヴル,カワカミショコラ,アグネスデジタル,栗毛,210515,   92.8,  ,    ,45.0
24,04,14,3,中山,8,01,未勝利・牝,7,ダ,1,1800,良,ソノパッツァディテ,牝,3,菅原明良,55.0,16,14,12,12,0,2.7,14,118.6,"1586",0,11,11,14,14,40.8,426,高木登,美,0,21102757,01179,01088,0624380114,黒岩初美,久保昇,オルフェーヴル,カワカミショコラ,アグネスデジタル,栗毛,210515,  185.4,  ,    ,45.3
24,01,08,1,中山,3,05,新馬,15,芝,8,1600,良,ソノパッツァディテ,牝,3,菅原明良,55.0,16,07,12,12,0,2.2,12,96.1,"1361",0,0,8,10,10,36.3,420,高木登,美,0,21102757,01179,01088,0624130507,黒岩初美,久保昇,オルフェーヴル,カワカミショコラ,アグネスデジタル,栗毛,210515,   57.3,  ,    ,48.8
24,07,13,1,函館,11,05,未勝利,7,芝,0,1800,良,イズジョーノヒカリ,牝,3,大野拓弥,55.0,14,07,5,5,0,0.9,9,110.3,"1503",0,8,9,10,9,36.4,478,中尾秀正,栗,55,21107101,01096,01069,02241B0507,泉一郎,守矢牧場,ミッキーグローリー,キューティロンプ,エンパイアメーカー,青鹿,210315,   38.9,  ,    ,51.5
24,06,29,1,函館,7,03,未勝利,7,芝,0,1800,良,イズジョーノヒカリ,牝,3,大野拓弥,55.0,16,03,3,3,0,0.3,11,110.5,"1505",0,2,2,2,2,35.5,474,中尾秀正,栗,140,21107101,01096,01069,0224170303,泉一郎,守矢牧場,ミッキーグローリー,キューティロンプ,エンパイアメーカー,青鹿,210315,   92.7,  ,    ,55.6
24,06,09,1,函館,2,06,未勝利,7,芝,0,2000,良,イズジョーノヒカリ,牝,3,川端海翼,52.0,14,11,13,13,0,1.7,9,123.6,"2036",0,3,3,2,3,37.9,478,中尾秀正,栗,0,21107101,01195,01069,0224120611,泉一郎,守矢牧場,ミッキーグローリー,キューティロンプ,エンパイアメーカー,青鹿,210315,   59.4,  ,    ,46.9
24,03,17,1,中京,4,03,未勝利・牝,7,芝,0,2000,良,イズジョーノヒカリ,牝,3,団野大成,55.0,18,08,5,5,0,0.7,8,124.3,"2043",0,1,1,1,1,35.5,474,中尾秀正,栗,55,21107101,01180,01069,0724140308,泉一郎,守矢牧場,ミッキーグローリー,キューティロンプ,エンパイアメーカー,青鹿,210315,   19.3,  ,    ,57.2
24,02,25,2,小倉,6,01,未勝利,7,ダ,1,1700,重,イズジョーノヒカリ,牝,3,秋山真一,55.0,16,16,8,8,0,2.2,6,108.2,"1482",0,4,4,4,6,40.4,474,中尾秀正,栗,0,21107101,01019,01069,1024260116,泉一郎,守矢牧場,ミッキーグローリー,キューティロンプ,エンパイアメーカー,青鹿,210315,   13.4,  ,    ,41.5
24,01,23,14,不明,5,03,室戸盃,3,ダ,1,1400,重,イズジョーノヒカリ,牝,3,西塚洸二,51.0,10,04,9,9,0,4,3,97,"1370",0,5,5,4,9,0,472,中尾秀正,栗,0,21107101,01200,01069,5424E50304,泉一郎,守矢牧場,ミッキーグローリー,キューティロンプ,エンパイアメーカー,青鹿,210315,    0.0,  ,    , 0.0
23,11,18,3,福島,5,02,未勝利・牝*,7,ダ,1,1700,不,イズジョーノヒカリ,牝,2,横山琉人,54.0,15,12,11,11,0,3.2,2,109.2,"1492",0,3,3,5,7,42.1,474,中尾秀正,栗,0,21107101,01192,01069,0323350212,泉一郎,守矢牧場,ミッキーグローリー,キューティロンプ,エンパイアメーカー,青鹿,210315,    4.4,  ,    ,36.9
23,11,05,3,京都,2,02,未勝利・牝*,7,ダ,1,1800,良,イズジョーノヒカリ,牝,2,団野大成,55.0,10,01,4,4,0,1,1,117.5,"1575",0,5,3,3,3,40.4,480,中尾秀正,栗,83,21107101,01180,01069,0823320201,泉一郎,守矢牧場,ミッキーグローリー,キューティロンプ,エンパイアメーカー,青鹿,210315,    1.9,  ,    ,45.4
23,10,21,2,京都,6,03,新馬,15,ダ,1,1800,良,イズジョーノヒカリ,牝,2,団野大成,55.0,16,02,3,3,0,1,6,116.8,"1568",0,3,3,5,4,39.8,476,中尾秀正,栗,180,21107101,01180,01069,0823260302,泉一郎,守矢牧場,ミッキーグローリー,キューティロンプ,エンパイアメーカー,青鹿,210315,   21.6,  ,    ,46.7
24,06,29,3,小倉,1,04,未勝利,7,芝,0,1800,良,アルゴナヴィス    ,牡,3,永島まな,55.0,16,16,11,11,0,1.7,6,110.7,"1507",0,5,4,3,2,38.2,466,池江泰寿,栗,0,21105750,01187,01071,1024310416,シルクレーシング,ノーザンファーム,ドゥラメンテ,プリティカリーナ,"Seeking the Gold",黒鹿,210316,   12.4,  ,    ,44.9
24,05,05,3,京都,6,05,未勝利,7,芝,8,1800,良,アルゴナヴィス    ,牡,3,和田竜二,57.0,16,03,7,7,0,0.6,3,106.8,"1468",0,0,0,4,3,36.2,474,池江泰寿,栗,0,21105750,01018,01071,0824360503,シルクレーシング,ノーザンファーム,ドゥラメンテ,プリティカリーナ,"Seeking the Gold",黒鹿,210316,    6.0,  ,    ,47.5
24,04,14,1,福島,4,02,未勝利,7,芝,0,2000,良,アルゴナヴィス    ,牡,3,鷲頭虎太,54.0,16,09,2,2,0,0.1,4,120.8,"2008",0,5,5,5,5,35.9,466,池江泰寿,栗,220,21105750,01202,01071,0324140209,シルクレーシング,ノーザンファーム,ドゥラメンテ,プリティカリーナ,"Seeking the Gold",黒鹿,210316,    8.3,  ,    ,51.4
24,02,25,2,小倉,6,05,未勝利,7,芝,0,1800,稍,アルゴナヴィス    ,牡,3,富田暁,57.0,16,11,7,7,0,1.1,4,110.8,"1508",0,2,2,3,2,37.9,466,池江泰寿,栗,0,21105750,01168,01071,1024260511,シルクレーシング,ノーザンファーム,ドゥラメンテ,プリティカリーナ,"Seeking the Gold",黒鹿,210316,    7.2,  ,    ,46.2
24,02,04,1,小倉,8,07,未勝利,7,芝,0,2000,重,アルゴナヴィス    ,牡,3,富田暁,57.0,10,09,5,5,0,0.6,3,125.5,"2055",0,8,8,4,2,38.7,468,池江泰寿,栗,27,21105750,01168,01071,1024180709,シルクレーシング,ノーザンファーム,ドゥラメンテ,プリティカリーナ,"Seeking the Gold",黒鹿,210316,    6.4,  ,    ,46.1
23,10,21,4,東京,6,05,新馬,15,芝,0,2000,良,アルゴナヴィス    ,牡,2,モレイラ,56.0,16,07,6,6,0,0.9,1,122.5,"2025",0,0,4,5,5,34.6,472,池江泰寿,栗,0,21105750,05509,01071,0523460507,シルクレーシング,ノーザンファーム,ドゥラメンテ,プリティカリーナ,"Seeking the Gold",黒鹿,210316,    3.0,  ,    ,58.9
24,07,06,1,函館,9,06,未勝利,7,芝,0,2600,良,ジュンプラチナ    ,牡,3,高杉吏麒,54.0,12,09,9,9,0,2.7,4,167.7,"2477",0,6,7,7,9,38.2,476,中舘英二,美,0,21105590,01213,01153,0224190609,河合純二,ノーザンファーム,エピファネイア,ジュンテオドーラ,ディープインパクト,鹿毛,210121,    7.6,  ,    ,51.7
24,06,22,1,函館,5,06,未勝利,7,芝,0,2000,良,ジュンプラチナ    ,牡,3,岩田康誠,57.0,16,11,8,8,0,0.6,4,121.6,"2016",0,11,11,13,14,36.4,478,中舘英二,美,0,21105590,05203,01153,0224150611,河合純二,ノーザンファーム,エピファネイア,ジュンテオドーラ,ディープインパクト,鹿毛,210121,    7.6,  ,    ,50.3
24,05,12,2,東京,8,05,未勝利,7,芝,0,2400,良,ジュンプラチナ    ,牡,3,松山弘平,57.0,11,07,3,3,0,0.9,2,147.6,"2276",0,2,1,2,2,35.2,476,中舘英二,美,140,21105590,01126,01153,0524280507,河合純二,ノーザンファーム,エピファネイア,ジュンテオドーラ,ディープインパクト,鹿毛,210121,    4.8,  ,    ,56.4
24,03,23,1,中京,5,05,未勝利,7,芝,0,2200,重,ジュンプラチナ    ,牡,3,丸山元気,57.0,14,04,4,4,0,0.5,5,137.7,"2177",0,3,4,3,3,36.8,470,中舘英二,美,83,21105590,01127,01153,0724150504,河合純二,ノーザンファーム,エピファネイア,ジュンテオドーラ,ディープインパクト,鹿毛,210121,    9.2,  ,    ,52.8
23,12,03,5,中山,2,03,未勝利*,7,芝,0,2000,良,ジュンプラチナ    ,牡,2,津村明秀,56.0,18,06,11,11,0,1.1,5,121.8,"2018",0,7,5,5,3,35.7,466,中舘英二,美,0,21105590,01092,01153,0623520306,河合純二,ノーザンファーム,エピファネイア,ジュンテオドーラ,ディープインパクト,鹿毛,210121,   15.8,  ,    ,53.4
23,10,08,4,東京,2,05,新馬,15,芝,0,2000,良,ジュンプラチナ    ,牡,2,津村明秀,56.0,12,08,3,3,0,0.3,7,124.3,"2043",0,0,2,2,2,33.7,460,中舘英二,美,180,21105590,01092,01153,0523420508,河合純二,ノーザンファーム,エピファネイア,ジュンテオドーラ,ディープインパクト,鹿毛,210121,   24.3,  ,    ,65.2
24,06,29,3,小倉,1,04,未勝利,7,芝,0,1800,良,エリカエレガンテ  ,牝,3,和田竜二,55.0,16,06,8,8,0,0.8,5,109.8,"1498",0,3,3,2,1,37.5,460,吉岡辰弥,栗,0,21100267,01018,01176,1024310406,三木正浩,築紫洋,リアルスティール,フォトジェニック,Sinndar,鹿毛,210309,   11.9,  ,    ,46.4
24,04,13,1,福島,3,04,未勝利・牝,7,芝,0,2000,良,エリカエレガンテ  ,牝,3,丹内祐次,55.0,16,05,11,11,0,2.3,1,123.7,"2037",0,1,1,1,1,39,458,吉岡辰弥,栗,0,21100267,01091,01176,0324130405,三木正浩,築紫洋,リアルスティール,フォトジェニック,Sinndar,鹿毛,210309,    2.4,  ,    ,43.1
24,01,21,1,小倉,4,02,未勝利・牝,7,芝,0,1800,重,エリカエレガンテ  ,牝,3,北村友一,55.0,14,07,2,2,0,0.3,2,111.7,"1517",0,1,1,1,1,35.9,462,吉岡辰弥,栗,220,21100267,01102,01176,1024140207,三木正浩,築紫洋,リアルスティール,フォトジェニック,Sinndar,鹿毛,210309,    4.7,  ,    ,55.6
23,12,23,5,阪神,7,06,新馬,15,芝,0,1400,良,エリカエレガンテ  ,牝,2,ルメール,55.0,18,11,6,6,0,0.7,2,81.7,"1217",0,0,0,7,6,34.6,464,吉岡辰弥,栗,0,21100267,05339,01176,0923570611,三木正浩,築紫洋,リアルスティール,フォトジェニック,Sinndar,鹿毛,210309,    3.2,  ,    ,52.1
24,06,01,3,東京,1,04,未勝利,7,芝,0,2000,良,サルヴィアーノ    ,牝,3,横山和生,55.0,16,14,3,3,0,0.2,3,119.8,"1598",0,0,8,7,7,34.9,490,栗田徹,美,140,21110113,01140,01127,0524310414,ゴドルフィン,Godolphin,Yoshida,Livorno,Bernardini,黒鹿,210215,    6.3,  ,    ,54.3
24,05,11,1,新潟,5,05,未勝利,7,芝,0,2000,良,サルヴィアーノ    ,牝,3,丹内祐次,55.0,15,06,2,2,0,0.4,4,123.7,"2037",0,6,6,8,8,36.4,488,栗田徹,美,220,21110113,01091,01127,0424150506,ゴドルフィン,Godolphin,Yoshida,Livorno,Bernardini,黒鹿,210215,    8.4,  ,    ,52.8
24,04,06,3,中山,5,05,未勝利,7,芝,0,2000,稍,サルヴィアーノ    ,牝,3,横山和生,55.0,18,09,6,6,0,0.9,6,123.6,"2036",0,8,8,8,6,36.3,498,栗田徹,美,0,21110113,01140,01127,0624350509,ゴドルフィン,Godolphin,Yoshida,Livorno,Bernardini,黒鹿,210215,   18.3,  ,    ,53.1
24,07,07,1,函館,10,06,未勝利,7,芝,0,2000,稍,アーベントイアー  ,牡,3,野中悠太,57.0,12,05,9,9,0,0.8,9,126.1,"2061",0,3,3,4,3,38.2,490,水野貴広,美,0,21103057,01158,01094,02241A0605,ディアレストクラブ,ディアレストクラブ,ロゴタイプ,ララベスラーナ,デュランダル,栗毛,210319,   34.5,  ,    ,48.6
24,06,30,2,福島,2,07,未勝利,7,芝,0,2000,良,アーベントイアー  ,牡,3,武藤雅,57.0,16,13,6,6,0,1.2,12,119.3,"1593",0,9,8,6,5,36.1,498,水野貴広,美,0,21103057,01169,01094,0324220713,ディアレストクラブ,ディアレストクラブ,ロゴタイプ,ララベスラーナ,デュランダル,栗毛,210319,   99.3,  ,    ,48.8
24,05,25,2,東京,11,02,未勝利,7,芝,0,2400,良,アーベントイアー  ,牡,3,武藤雅,57.0,9,02,7,7,0,1.4,6,149.4,"2294",0,5,5,5,6,34.9,494,水野貴広,美,0,21103057,01169,01094,05242B0202,ディアレストクラブ,ディアレストクラブ,ロゴタイプ,ララベスラーナ,デュランダル,栗毛,210319,   57.8,  ,    ,59.4
24,03,02,2,小倉,7,06,未勝利,7,芝,0,2000,稍,アーベントイアー  ,牡,3,勝浦正樹,57.0,15,06,6,6,0,0.9,15,124.1,"2041",0,10,8,7,7,36.8,484,水野貴広,美,0,21103057,01025,01094,1024270606,ディアレストクラブ,ディアレストクラブ,ロゴタイプ,ララベスラーナ,デュランダル,栗毛,210319,  373.7,  ,    ,51.7
24,02,18,2,小倉,4,05,未勝利,7,芝,0,2000,良,アーベントイアー  ,牡,3,勝浦正樹,57.0,18,05,14,14,0,1.8,15,122.5,"2025",0,14,15,13,15,37.3,484,水野貴広,美,0,21103057,01025,01094,1024240505,ディアレストクラブ,ディアレストクラブ,ロゴタイプ,ララベスラーナ,デュランダル,栗毛,210319,  271.4,  ,    ,47.9
24,02,11,2,小倉,2,01,未勝利,7,ダ,1,1700,良,アーベントイアー  ,牡,3,勝浦正樹,57.0,15,15,14,14,0,3.9,15,110.3,"1503",0,3,4,5,7,41.7,488,水野貴広,美,0,21103057,01025,01094,1024220115,ディアレストクラブ,ディアレストクラブ,ロゴタイプ,ララベスラーナ,デュランダル,栗毛,210319,  319.2,  ,    ,39.7
24,01,28,1,小倉,6,01,未勝利,7,ダ,1,1700,良,アーベントイアー  ,牡,3,丹内祐次,57.0,11,11,8,8,0,0.9,11,109.2,"1492",0,10,10,9,10,39.3,484,水野貴広,美,0,21103057,01091,01094,1024160111,ディアレストクラブ,ディアレストクラブ,ロゴタイプ,ララベスラーナ,デュランダル,栗毛,210319,  213.5,  ,    ,47.0
24,01,13,1,小倉,1,01,未勝利,7,ダ,1,1700,良,アーベントイアー  ,牡,3,丹内祐次,57.0,14,10,10,10,0,2.2,11,110.6,"1506",0,9,9,12,9,40.3,486,水野貴広,美,0,21103057,01091,01094,1024110110,ディアレストクラブ,ディアレストクラブ,ロゴタイプ,ララベスラーナ,デュランダル,栗毛,210319,  128.4,  ,    ,45.2
23,10,28,4,新潟,5,02,未勝利*,7,ダ,1,1800,稍,アーベントイアー  ,牡,2,武藤雅,56.0,14,03,10,10,0,2.7,14,118.1,"1581",0,5,6,5,6,41.1,468,水野貴広,美,0,21103057,01169,01094,0423450203,ディアレストクラブ,ディアレストクラブ,ロゴタイプ,ララベスラーナ,デュランダル,栗毛,210319,  361.3,  ,    ,43.7
23,10,14,4,東京,4,01,未勝利*,7,ダ,1,1600,良,アーベントイアー  ,牡,2,永野猛蔵,55.0,11,02,8,8,0,2.1,9,101.3,"1413",0,0,0,5,5,40.4,470,水野貴広,美,0,21103057,01188,01094,0523440102,ディアレストクラブ,ディアレストクラブ,ロゴタイプ,ララベスラーナ,デュランダル,栗毛,210319,  170.9,  ,    ,40.4
23,10,07,4,東京,1,02,未勝利*,7,ダ,1,1600,良,アーベントイアー  ,牡,2,武藤雅,56.0,16,13,9,9,0,2.8,12,101.2,"1412",0,0,0,13,12,39.7,470,水野貴広,美,0,21103057,01169,01094,0523410213,ディアレストクラブ,ディアレストクラブ,ロゴタイプ,ララベスラーナ,デュランダル,栗毛,210319,  125.8,  ,    ,42.9
23,09,16,4,中山,3,04,新馬,15,ダ,1,1800,良,アーベントイアー  ,牡,2,戸崎圭太,55.0,15,14,13,13,0,4.5,6,120.4,"2004",0,6,6,5,6,42.7,458,水野貴広,美,0,21103057,05386,01094,0623430414,ディアレストクラブ,ディアレストクラブ,ロゴタイプ,ララベスラーナ,デュランダル,栗毛,210319,   18.5,  ,    ,41.0
24,07,06,1,函館,9,06,未勝利,7,芝,0,2600,良,デュランヴェリテ  ,牡,3,長浜鴻緒,54.0,12,02,11,11,0,4.1,8,169.1,"2491",0,3,3,5,10,39.7,558,河嶋宏樹,栗,0,21106656,01214,01198,0224190602,加藤誠,ノースヒルズ,キズナ,ルミエールヴェリテ,Cozzene,鹿毛,210512,   68.1,  ,    ,47.8
24,06,22,1,函館,5,04,未勝利,7,ダ,1,2400,良,デュランヴェリテ  ,牡,3,大野拓弥,57.0,11,01,9,9,0,3.5,8,159.3,"2393",0,4,5,5,7,40.7,560,河嶋宏樹,栗,0,21106656,01096,01198,0224150401,加藤誠,ノースヒルズ,キズナ,ルミエールヴェリテ,Cozzene,鹿毛,210512,   51.1,  ,    ,47.1
24,04,27,3,京都,3,03,未勝利,7,ダ,1,1900,良,デュランヴェリテ  ,牡,3,鮫島良太,57.0,11,07,7,7,0,2.7,10,125.2,"2052",0,9,9,8,9,40.9,548,河嶋宏樹,栗,0,21106656,01099,01198,0824330307,加藤誠,ノースヒルズ,キズナ,ルミエールヴェリテ,Cozzene,鹿毛,210512,  231.6,  ,    ,45.1
24,04,13,2,阪神,7,03,未勝利,7,ダ,1,2000,良,デュランヴェリテ  ,牡,3,鮫島良太,57.0,16,02,12,12,0,2.3,9,131.3,"2113",0,10,9,11,14,40.2,546,河嶋宏樹,栗,0,21106656,01099,01198,0924270302,加藤誠,ノースヒルズ,キズナ,ルミエールヴェリテ,Cozzene,鹿毛,210512,   54.0,  ,    ,47.1
24,03,23,1,中京,5,06,未勝利・若,7,ダ,1,1900,重,デュランヴェリテ  ,牡,3,柴田裕一,54.0,16,13,13,13,0,3.5,8,122.9,"2029",0,16,16,16,15,38.7,548,河嶋宏樹,栗,0,21106656,01212,01198,0724150613,加藤誠,ノースヒルズ,キズナ,ルミエールヴェリテ,Cozzene,鹿毛,210512,   24.8,  ,    ,50.4
23,12,10,5,阪神,4,02,未勝利*,7,ダ,1,1800,良,デュランヴェリテ  ,牡,2,田口貫太,54.0,10,01,8,8,0,2.1,4,119.3,"1593",0,8,9,6,6,41.1,544,中竹和也,栗,0,21106656,01208,01039,0923540201,加藤誠,ノースヒルズ,キズナ,ルミエールヴェリテ,Cozzene,鹿毛,210512,    6.3,  ,    ,45.1
23,11,26,3,京都,8,06,新馬,15,芝,8,1800,良,デュランヴェリテ  ,牡,2,藤岡康太,56.0,15,07,12,12,0,1.9,10,110,"1500",0,0,0,10,13,36,550,中竹和也,栗,0,21106656,01116,01039,0823380607,加藤誠,ノースヒルズ,キズナ,ルミエールヴェリテ,Cozzene,鹿毛,210512,   26.3,  ,    ,52.8
24,06,08,4,京都,3,06,未勝利,7,芝,8,2400,良,ヘザルフェン      ,牡,3,横山典弘,57.0,18,01,7,7,0,1.7,4,146.2,"2262",0,11,10,9,10,35.2,486,昆貢,栗,0,21110022,00660,01044,0824430601,H.H.シェイク・ハムダン,Godolphin,"Golden Horn",Entertainment,Halling,黒鹿,210314,   10.6,  ,    ,55.1
24,05,25,3,京都,11,04,未勝利,7,芝,8,2200,良,ヘザルフェン      ,牡,3,横山和生,57.0,12,03,2,2,0,0.3,5,133.1,"2131",0,12,12,10,8,34.3,492,昆貢,栗,220,21110022,01140,01044,08243B0403,H.H.シェイク・ハムダン,Godolphin,"Golden Horn",Entertainment,Halling,黒鹿,210314,    6.4,  ,    ,58.0
24,05,11,3,京都,7,05,未勝利,7,芝,0,2000,良,ヘザルフェン      ,牡,3,横山典弘,57.0,10,03,3,3,0,0.4,2,121,"2010",0,3,2,4,5,34.3,492,昆貢,栗,140,21110022,00660,01044,0824370503,H.H.シェイク・ハムダン,Godolphin,"Golden Horn",Entertainment,Halling,黒鹿,210314,    4.4,  ,    ,58.3
24,04,28,3,京都,4,04,未勝利,7,芝,0,2000,良,ヘザルフェン      ,牡,3,横山典弘,57.0,10,01,4,4,0,0.9,3,121.9,"2019",0,9,9,8,6,34.6,496,昆貢,栗,83,21110022,00660,01044,0824340401,H.H.シェイク・ハムダン,Godolphin,"Golden Horn",Entertainment,Halling,黒鹿,210314,    5.7,  ,    ,58.1
24,04,06,2,阪神,5,04,未勝利,7,芝,0,2000,良,ヘザルフェン      ,牡,3,横山典弘,57.0,16,01,3,3,0,0.5,2,120.7,"2007",0,14,14,14,12,35.2,496,昆貢,栗,140,21110022,00660,01044,0924250401,H.H.シェイク・ハムダン,Godolphin,"Golden Horn",Entertainment,Halling,黒鹿,210314,    7.7,  ,    ,54.1
24,02,24,1,阪神,1,05,未勝利,7,芝,0,2000,稍,ヘザルフェン      ,牡,3,横山典弘,57.0,13,06,5,5,0,0.7,3,123.5,"2035",0,8,7,8,8,34.9,500,昆貢,栗,55,21110022,00660,01044,0924110506,H.H.シェイク・ハムダン,Godolphin,"Golden Horn",Entertainment,Halling,黒鹿,210314,    8.2,  ,    ,58.8
24,02,03,2,京都,3,05,未勝利,7,芝,0,1600,良,ヘザルフェン      ,牡,3,横山典弘,57.0,16,04,5,5,0,0.9,3,95.3,"1353",0,0,0,9,10,36.6,500,昆貢,栗,55,21110022,00660,01044,0824230504,H.H.シェイク・ハムダン,Godolphin,"Golden Horn",Entertainment,Halling,黒鹿,210314,   10.0,  ,    ,46.2
24,01,08,1,京都,3,06,未勝利,7,芝,8,2200,良,ヘザルフェン      ,牡,3,横山典弘,57.0,18,15,7,7,0,0.4,3,135.9,"2159",0,3,3,3,3,37.4,496,昆貢,栗,0,21110022,00660,01044,0824130615,H.H.シェイク・ハムダン,Godolphin,"Golden Horn",Entertainment,Halling,黒鹿,210314,    4.9,  ,    ,48.8
23,12,09,5,阪神,3,07,未勝利*,7,芝,0,2000,良,ヘザルフェン      ,牡,2,横山典弘,56.0,10,06,5,5,0,0.6,2,121,"2010",0,9,9,8,6,35.7,494,昆貢,栗,55,21110022,00660,01044,0923530706,H.H.シェイク・ハムダン,Godolphin,"Golden Horn",Entertainment,Halling,黒鹿,210314,    4.1,  ,    ,52.4
23,10,22,2,京都,7,03,未勝利*,7,芝,0,2000,良,ヘザルフェン      ,牡,2,横山典弘,56.0,10,08,2,2,0,0,3,121.9,"2019",0,5,5,5,5,35.2,492,昆貢,栗,220,21110022,00660,01044,0823270308,H.H.シェイク・ハムダン,Godolphin,"Golden Horn",Entertainment,Halling,黒鹿,210314,    5.4,  ,    ,55.6
23,10,07,2,京都,1,03,未勝利*,7,芝,0,2000,良,ヘザルフェン      ,牡,2,横山典弘,56.0,6,03,2,2,0,0,2,122.3,"2023",0,3,3,4,4,34.8,494,昆貢,栗,220,21110022,00660,01044,0823210303,H.H.シェイク・ハムダン,Godolphin,"Golden Horn",Entertainment,Halling,黒鹿,210314,    3.1,  ,    ,57.8
23,09,09,4,中山,1,05,新馬,15,芝,0,2000,稍,ヘザルフェン      ,牡,2,横山典弘,55.0,10,03,3,3,0,0.8,3,123.5,"2035",0,4,5,5,5,35,494,昆貢,栗,180,21110022,00660,01044,0623410503,H.H.シェイク・ハムダン,Godolphin,"Golden Horn",Entertainment,Halling,黒鹿,210314,    6.0,  ,    ,58.4
24,07,14,1,函館,12,03,未勝利・牝,7,芝,0,1200,良,ニシノシャミナード,牝,3,永野猛蔵,55.0,16,04,8,8,0,0.6,2,70.1,"1101",0,0,0,9,11,35.7,428,嘉藤貴行,美,0,21102686,01188,01195,02241C0304,西山茂行,ガーベラパークスタツド,エピファネイア,ニシノリコルディ,ハーツクライ,鹿毛,210220,    6.5,  ,    ,46.4
24,06,23,1,函館,6,01,未勝利・牝,7,芝,0,1200,良,ニシノシャミナード,牝,3,永野猛蔵,55.0,16,15,5,5,0,0.9,2,69.8,"1098",0,0,0,10,8,35,428,嘉藤貴行,美,55,21102686,01188,01195,0224160115,西山茂行,ガーベラパークスタツド,エピファネイア,ニシノリコルディ,ハーツクライ,鹿毛,210220,    3.3,  ,    ,49.4
24,06,09,1,函館,2,01,未勝利,7,芝,0,1200,良,ニシノシャミナード,牝,3,永野猛蔵,54.0,16,06,2,2,0,0.4,2,68.8,"1088",0,0,0,7,6,34.5,424,嘉藤貴行,美,220,21102686,01188,01195,0224120106,西山茂行,ガーベラパークスタツド,エピファネイア,ニシノリコルディ,ハーツクライ,鹿毛,210220,    6.2,  ,    ,49.4
24,03,17,2,中山,8,05,未勝利,7,芝,8,1600,良,ニシノシャミナード,牝,3,野中悠太,55.0,16,13,6,6,0,0.5,7,96,"1360",0,0,4,3,3,35.9,408,嘉藤貴行,美,0,21102686,01158,01195,0624280513,西山茂行,ガーベラパークスタツド,エピファネイア,ニシノリコルディ,ハーツクライ,鹿毛,210220,   36.5,  ,    ,50.4
24,02,17,1,東京,7,06,未勝利,7,芝,0,1600,良,ニシノシャミナード,牝,3,野中悠太,55.0,16,08,4,4,0,0.9,5,95.3,"1353",0,0,0,3,3,35.2,416,嘉藤貴行,美,83,21102686,01158,01195,0524170608,西山茂行,ガーベラパークスタツド,エピファネイア,ニシノリコルディ,ハーツクライ,鹿毛,210220,   25.3,  ,    ,52.4
23,10,22,4,東京,7,02,未勝利*,7,芝,0,1600,良,ニシノシャミナード,牝,2,野中悠太,55.0,11,09,4,4,0,0.5,7,95.9,"1359",0,0,0,3,3,34.4,414,嘉藤貴行,美,83,21102686,01158,01195,0523470209,西山茂行,ガーベラパークスタツド,エピファネイア,ニシノリコルディ,ハーツクライ,鹿毛,210220,   14.5,  ,    ,57.3
23,09,30,4,中山,8,05,新馬・牝,15,芝,8,1600,良,ニシノシャミナード,牝,2,野中悠太,55.0,16,09,5,5,0,0.5,8,98.6,"1386",0,0,13,12,12,34.6,414,嘉藤貴行,美,72,21102686,01158,01195,0623480509,西山茂行,ガーベラパークスタツド,エピファネイア,ニシノリコルディ,ハーツクライ,鹿毛,210220,   20.6,  ,    ,61.0
24,07,13,1,函館,11,05,未勝利,7,芝,0,1800,良,ウインキャロライン,牝,3,横山武史,55.0,14,10,8,8,0,1.1,3,110.5,"1505",0,14,13,2,1,37.5,496,杉山晴紀,栗,0,21102632,01170,01157,02241B0510,ウイン,オカモトファーム,イスラボニータ,マルモセーラ,クロフネ,黒鹿,210502,    6.5,  ,    ,47.3
24,06,15,1,函館,3,07,未勝利・牝,7,芝,0,1800,良,ウインキャロライン,牝,3,丹内祐次,55.0,16,07,8,8,0,0.9,3,108.8,"1488",0,3,3,2,3,36.2,506,杉山晴紀,栗,0,21102632,01091,01157,0224130707,ウイン,オカモトファーム,イスラボニータ,マルモセーラ,クロフネ,黒鹿,210502,    7.8,  ,    ,50.3
24,04,13,1,福島,3,06,未勝利・若,7,芝,0,1800,良,ウインキャロライン,牝,3,亀田温心,55.0,16,12,2,2,0,0.2,4,108.7,"1487",0,5,5,3,2,36.8,496,杉山晴紀,栗,220,21102632,01176,01157,0324130612,ウイン,オカモトファーム,イスラボニータ,マルモセーラ,クロフネ,黒鹿,210502,    6.3,  ,    ,47.7
24,01,13,1,京都,4,05,未勝利・牝,7,芝,0,1600,良,ウインキャロライン,牝,3,武豊,55.0,18,09,7,7,0,1.2,2,95.9,"1359",0,0,0,6,8,37,492,杉山晴紀,栗,0,21102632,00666,01157,0824140509,ウイン,オカモトファーム,イスラボニータ,マルモセーラ,クロフネ,黒鹿,210502,    5.5,  ,    ,45.5
23,12,24,5,阪神,8,06,新馬,15,芝,8,1600,良,ウインキャロライン,牝,2,松若風馬,55.0,18,02,3,3,0,0.2,3,96.3,"1363",0,0,0,1,1,34.3,492,杉山晴紀,栗,180,21102632,01154,01157,0923580602,ウイン,オカモトファーム,イスラボニータ,マルモセーラ,クロフネ,黒鹿,210502,    8.2,  ,    ,58.5
24,07,14,1,函館,12,06,未勝利,7,芝,0,2000,良,ラブビーチ        ,牝,3,佐々木大,55.0,16,04,14,14,0,2,11,123.9,"2039",0,7,7,8,10,37.5,430,蛯名利弘,美,0,21104232,01197,01131,02241C0604,増田陽一,西村牧場,ビーチパトロール,アキノバレリーナ,ハーツクライ,黒鹿,210327,   70.2,  ,    ,48.7
24,06,08,3,東京,3,04,未勝利・牝,7,芝,0,1800,良,ラブビーチ        ,牝,3,野中悠太,55.0,18,14,14,14,0,1.5,11,109.5,"1495",0,0,15,15,15,34.1,426,蛯名利弘,美,0,21104232,01158,01131,0524330414,増田陽一,西村牧場,ビーチパトロール,アキノバレリーナ,ハーツクライ,黒鹿,210327,  100.9,  ,    ,60.6
24,05,25,2,東京,11,05,未勝利,7,芝,0,2000,良,ラブビーチ        ,牝,3,藤田菜七,53.0,11,02,5,5,0,0.5,9,122.6,"2026",0,0,9,10,10,34.3,426,蛯名利弘,美,55,21104232,01164,01131,05242B0502,増田陽一,西村牧場,ビーチパトロール,アキノバレリーナ,ハーツクライ,黒鹿,210327,  121.1,  ,    ,60.3
24,05,05,2,東京,6,04,未勝利,7,芝,0,1800,良,ラブビーチ        ,牝,3,永野猛蔵,54.0,18,12,12,12,0,1.1,15,108.6,"1486",0,0,8,9,9,35.3,436,蛯名利弘,美,0,21104232,01188,01131,0524260412,増田陽一,西村牧場,ビーチパトロール,アキノバレリーナ,ハーツクライ,黒鹿,210327,  506.4,  ,    ,53.8
24,04,14,3,中山,8,04,未勝利,7,芝,8,2200,良,ラブビーチ        ,牝,3,野中悠太,55.0,18,15,8,8,0,1.5,16,135.3,"2153",0,9,9,13,11,36.1,432,蛯名利弘,美,0,21104232,01158,01131,0624380415,増田陽一,西村牧場,ビーチパトロール,アキノバレリーナ,ハーツクライ,黒鹿,210327,  548.5,  ,    ,53.0
24,03,23,3,中山,1,03,未勝利,7,ダ,1,1200,良,ラブビーチ        ,牝,3,藤田菜七,53.0,16,13,12,12,0,2.6,14,74.6,"1146",0,0,0,10,12,39.3,438,蛯名利弘,美,0,21104232,01164,01131,0624310313,増田陽一,西村牧場,ビーチパトロール,アキノバレリーナ,ハーツクライ,黒鹿,210327,  287.3,  ,    ,39.8
24,01,21,1,京都,7,03,未勝利,7,ダ,1,1400,不,ラブビーチ        ,牝,3,泉谷楓真,54.0,12,02,11,11,0,3.3,12,86.7,"1267",0,0,0,10,9,37.9,436,蛯名利弘,美,0,21104232,01182,01131,0824170302,増田陽一,西村牧場,ビーチパトロール,アキノバレリーナ,ハーツクライ,黒鹿,210327,  449.3,  ,    ,46.6
23,12,24,5,中山,8,05,新馬,15,ダ,1,1200,良,ラブビーチ        ,牝,2,永野猛蔵,54.0,16,06,10,10,0,2.1,15,75.2,"1152",0,0,0,11,10,38.8,442,蛯名利弘,美,0,21104232,01188,01131,0623580506,増田陽一,西村牧場,ビーチパトロール,アキノバレリーナ,ハーツクライ,黒鹿,210327,  207.2,  ,    ,43.8
24,06,16,3,東京,6,03,未勝利,7,ダ,1,1400,良,ルーフオブヘヴン  ,牝,3,武藤雅,55.0,16,06,9,9,0,2.1,7,86.3,"1263",0,0,0,13,12,37.2,454,武藤善則,美,0,21104874,01169,01064,0524360306,吉田晴哉,社台コーポレーション白老ファーム,ドレフォン,スターズインヘヴン,ワークフォース,鹿毛,210508,   54.2,  ,    ,49.0
24,05,19,2,東京,10,01,未勝利・牝,7,ダ,1,1400,良,ルーフオブヘヴン  ,牝,3,武藤雅,55.0,16,01,6,6,0,1,7,86.6,"1266",0,0,0,16,12,36.5,460,武藤善則,美,0,21104874,01169,01064,05242A0101,吉田晴哉,社台コーポレーション白老ファーム,ドレフォン,スターズインヘヴン,ワークフォース,鹿毛,210508,   26.4,  ,    ,52.9
24,04,28,2,東京,4,01,未勝利・牝,7,ダ,1,1600,良,ルーフオブヘヴン  ,牝,3,津村明秀,55.0,16,06,8,8,0,1.5,4,100.5,"1405",0,0,0,10,10,38.1,454,武藤善則,美,0,21104874,01092,01064,0524240106,吉田晴哉,社台コーポレーション白老ファーム,ドレフォン,スターズインヘヴン,ワークフォース,鹿毛,210508,    7.7,  ,    ,48.3
24,04,06,3,中山,5,01,未勝利・牝,7,ダ,1,1800,稍,ルーフオブヘヴン  ,牝,3,武藤雅,55.0,14,04,8,8,0,1.2,2,116.9,"1569",0,4,4,4,4,40.8,440,武藤善則,美,0,21104874,01169,01064,0624350104,吉田晴哉,社台コーポレーション白老ファーム,ドレフォン,スターズインヘヴン,ワークフォース,鹿毛,210508,    2.6,  ,    ,43.3
24,02,11,1,東京,6,03,未勝利・牝,7,ダ,1,1600,稍,ルーフオブヘヴン  ,牝,3,武藤雅,55.0,16,07,4,4,0,0.6,9,100.5,"1405",0,0,0,13,12,37.4,442,武藤善則,美,83,21104874,01169,01064,0524160307,吉田晴哉,社台コーポレーション白老ファーム,ドレフォン,スターズインヘヴン,ワークフォース,鹿毛,210508,   56.1,  ,    ,51.2
24,06,15,4,京都,5,06,未勝利,7,ダ,1,1900,良,ディアモミノル    ,牡,3,泉谷楓真,56.0,16,04,8,8,0,1.9,10,122.1,"2021",0,8,8,5,4,39.8,498,本田優,栗,0,21104431,01182,01099,0824450604,吉岡輝美,フジワラフアーム,スピリッツミノル,レジーナミノル,ダンカーク,栗毛,210328,   79.3,  ,    ,45.4
24,05,26,3,京都,12,02,未勝利,7,ダ,1,1900,良,ディアモミノル    ,牡,3,泉谷楓真,56.0,16,14,6,6,0,1.5,11,122.1,"2021",0,14,14,13,11,38.3,502,本田優,栗,0,21104431,01182,01099,08243C0214,吉岡輝美,フジワラフアーム,スピリッツミノル,レジーナミノル,ダンカーク,栗毛,210328,  107.5,  ,    ,51.0
24,05,11,3,京都,7,03,未勝利,7,ダ,1,1900,良,ディアモミノル    ,牡,3,泉谷楓真,56.0,13,09,6,6,0,0.9,11,123.1,"2031",0,13,13,12,10,39.6,504,本田優,栗,0,21104431,01182,01099,0824370309,吉岡輝美,フジワラフアーム,スピリッツミノル,レジーナミノル,ダンカーク,栗毛,210328,  287.4,  ,    ,47.3
24,05,04,1,新潟,3,02,未勝利・若,7,ダ,1,1800,良,ディアモミノル    ,牡,3,泉谷楓真,56.0,15,08,9,9,0,2.5,9,117.5,"1575",0,12,11,10,9,39.4,508,本田優,栗,0,21104431,01182,01099,0424130208,吉岡輝美,フジワラフアーム,スピリッツミノル,レジーナミノル,ダンカーク,栗毛,210328,  110.1,  ,    ,49.1
24,02,04,2,京都,4,06,未勝利,7,芝,8,2200,良,ディアモミノル    ,牡,3,酒井学,57.0,11,06,10,10,0,3,9,140,"2200",0,11,11,11,11,36.5,510,本田優,栗,0,21104431,01034,01099,0824240606,吉岡輝美,フジワラフアーム,スピリッツミノル,レジーナミノル,ダンカーク,栗毛,210328,  215.5,  ,    ,56.3
23,12,23,5,阪神,7,05,新馬,15,芝,0,2000,良,ディアモミノル    ,牡,2,酒井学,56.0,14,02,12,12,0,1.8,12,125.5,"2055",0,12,11,11,9,36.3,508,本田優,栗,0,21104431,01034,01099,0923570502,吉岡輝美,フジワラフアーム,スピリッツミノル,レジーナミノル,ダンカーク,栗毛,210328,  120.2,  ,    ,55.3
24,06,15,3,東京,5,02,未勝利,7,ダ,1,2100,良,セイウンパイオニア,牡,3,江田照男,57.0,16,10,9,9,0,2,9,135.7,"2157",0,1,1,1,1,40.3,492,清水英克,美,0,21106996,00689,01080,0524350210,西山茂行,村上欽哉,モーニン,ニシノフローラル,リーチザクラウン,鹿毛,210310,   37.8,  ,    ,44.7
24,04,21,2,東京,2,02,未勝利,7,ダ,1,1600,良,セイウンパイオニア,牡,3,野中悠太,57.0,16,16,16,16,0,4.4,9,103.5,"1435",0,0,0,3,3,42,490,清水英克,美,0,21106996,01158,01080,0524220216,西山茂行,村上欽哉,モーニン,ニシノフローラル,リーチザクラウン,鹿毛,210310,   35.0,  ,    ,37.9
24,02,24,2,中山,1,02,未勝利,7,ダ,1,1800,稍,セイウンパイオニア,牡,3,三浦皇成,57.0,16,11,6,6,0,1.5,3,116.7,"1567",0,4,3,3,3,40.6,496,清水英克,美,0,21106996,01122,01080,0624210211,西山茂行,村上欽哉,モーニン,ニシノフローラル,リーチザクラウン,鹿毛,210310,    4.6,  ,    ,43.7
24,02,04,1,東京,4,02,未勝利,7,ダ,1,2100,良,セイウンパイオニア,牡,3,三浦皇成,57.0,16,15,3,3,0,1.1,5,137.2,"2172",0,2,2,2,2,37.9,494,清水英克,美,140,21106996,01122,01080,0524140215,西山茂行,村上欽哉,モーニン,ニシノフローラル,リーチザクラウン,鹿毛,210310,   15.8,  ,    ,54.8
24,01,14,1,中山,5,04,新馬,15,ダ,1,1800,稍,セイウンパイオニア,牡,3,江田照男,57.0,16,12,6,6,0,1.8,3,118.5,"1585",0,2,2,3,2,41.5,494,清水英克,美,0,21106996,00689,01080,0624150412,西山茂行,村上欽哉,モーニン,ニシノフローラル,リーチザクラウン,鹿毛,210310,    5.3,  ,    ,42.8
24,06,30,2,福島,2,03,未勝利,7,芝,0,1200,良,テートモダン      ,セ,3,藤田菜七,55.0,16,15,13,13,0,1.7,1,70.7,"1107",0,0,0,4,6,35.9,454,尾形和幸,美,0,21101275,01164,01141,0324220315,大谷正嗣,クリアファーム,グレーターロンドン,シーキングトパーズ,シーキングザダイヤ,鹿毛,210331,    2.8,  ,    ,46.9
24,01,28,1,東京,2,06,未勝利,7,芝,0,1600,良,テートモダン      ,セ,3,柴田善臣,57.0,16,16,4,4,0,0.7,4,94.3,"1343",0,0,0,3,3,35,452,尾形和幸,美,83,21101275,00641,01141,0524120616,大谷正嗣,クリアファーム,グレーターロンドン,シーキングトパーズ,シーキングザダイヤ,鹿毛,210331,    5.2,  ,    ,51.7
24,01,07,1,中山,2,05,未勝利,7,芝,8,1600,良,テートモダン      ,セ,3,小林凌大,55.0,16,03,2,2,0,0,5,93.4,"1334",0,0,9,8,6,34.7,450,尾形和幸,美,220,21101275,01177,01141,0624120503,大谷正嗣,クリアファーム,グレーターロンドン,シーキングトパーズ,シーキングザダイヤ,鹿毛,210331,   10.7,  ,    ,51.5
23,12,24,5,中山,8,06,新馬,15,芝,8,1600,良,テートモダン      ,セ,2,小林凌大,54.0,15,03,3,3,0,0.1,8,96.7,"1367",0,0,7,7,7,34.9,444,尾形和幸,美,180,21101275,01177,01141,0623580603,大谷正嗣,クリアファーム,グレーターロンドン,シーキングトパーズ,シーキングザダイヤ,鹿毛,210331,   57.2,  ,    ,56.2
24,07,06,1,函館,9,04,未勝利,7,ダ,1,1700,稍,テイエムミステリー,牡,3,富田暁,57.0,11,03,5,5,0,1.6,7,107.5,"1475",0,3,4,4,4,39.1,476,木原一良,栗,55,21102827,01168,01033,0224190403,竹園正繼,惣田英幸,サトノアラジン,キャラメルフレンチ,タイキシャトル,黒鹿,210407,   19.5,  ,    ,45.4
24,06,23,1,函館,6,06,未勝利,7,ダ,1,1700,良,テイエムミステリー,牡,3,富田暁,57.0,11,05,5,5,0,0.8,6,107.4,"1474",0,2,2,2,2,40.7,480,木原一良,栗,55,21102827,01168,01033,0224160605,竹園正繼,惣田英幸,サトノアラジン,キャラメルフレンチ,タイキシャトル,黒鹿,210407,   46.7,  ,    ,39.4
24,06,08,1,函館,1,03,未勝利,7,ダ,1,1000,良,テイエムミステリー,牡,3,富田暁,57.0,12,11,7,7,0,2.3,6,61,"1010",0,0,0,6,8,37.2,480,木原一良,栗,0,21102827,01168,01033,0224110311,竹園正繼,惣田英幸,サトノアラジン,キャラメルフレンチ,タイキシャトル,黒鹿,210407,   23.8,  ,    ,46.0
24,01,13,1,京都,4,01,未勝利,7,ダ,1,1200,良,テイエムミステリー,牡,3,高倉稜,57.0,16,08,6,6,0,1.5,5,75.1,"1151",0,0,0,3,3,38.9,488,木原一良,栗,0,21102827,01130,01033,0824140108,竹園正繼,惣田英幸,サトノアラジン,キャラメルフレンチ,タイキシャトル,黒鹿,210407,   11.9,  ,    ,43.1
23,12,23,5,阪神,7,02,未勝利*,7,ダ,1,1200,良,テイエムミステリー,牡,2,高倉稜,56.0,15,01,8,8,0,1.3,6,74.9,"1149",0,0,0,10,11,38.3,494,木原一良,栗,0,21102827,01130,01033,0923570201,竹園正繼,惣田英幸,サトノアラジン,キャラメルフレンチ,タイキシャトル,黒鹿,210407,   22.6,  ,    ,45.6
23,12,02,5,阪神,1,01,未勝利*,7,ダ,1,1200,良,テイエムミステリー,牡,2,高倉稜,56.0,12,08,2,2,0,0.2,11,74.7,"1147",0,0,0,1,1,37.3,494,木原一良,栗,220,21102827,01130,01033,0923510108,竹園正繼,惣田英幸,サトノアラジン,キャラメルフレンチ,タイキシャトル,黒鹿,210407,  308.9,  ,    ,50.3
23,11,12,3,京都,4,04,新馬,15,ダ,1,1400,稍,テイエムミステリー,牡,2,鮫島克駿,56.0,16,08,8,8,0,2.7,10,90,"1300",0,0,0,7,7,41.4,488,木原一良,栗,0,21102827,01157,01033,0823340408,竹園正繼,惣田英幸,サトノアラジン,キャラメルフレンチ,タイキシャトル,黒鹿,210407,   76.5,  ,    ,38.0
24,07,13,3,小倉,5,04,未勝利,7,ダ,1,1700,稍,モズオラージュ    ,牡,3,国分優作,57.0,16,08,11,11,0,2.9,12,109.1,"1491",0,15,14,9,9,40.7,490,矢作芳人,栗,0,21102149,01125,01075,1024350408,キャピタル・システム,目黒牧場,リアルスティール,ジープルメリア,"Street Sense",鹿毛,210507,  127.0,  ,    ,41.7
24,06,15,4,京都,5,06,未勝利,7,ダ,1,1900,良,アイファーキャップ,牡,3,西塚洸二,55.0,16,16,7,7,0,1.4,3,121.6,"2016",0,3,4,5,5,39.2,456,鮫島一歩,栗,0,21107295,01200,01046,0824450616,中島稔,アースファーム,アポロケンタッキー,ピコット,ハーツクライ,栗毛,210429,    5.7,  ,    ,47.0
24,05,26,3,京都,12,02,未勝利,7,ダ,1,1900,良,アイファーキャップ,牡,3,西塚洸二,55.0,16,05,2,2,0,0.4,3,121,"2010",0,4,3,4,4,38.6,456,鮫島一歩,栗,220,21107295,01200,01046,08243C0205,中島稔,アースファーム,アポロケンタッキー,ピコット,ハーツクライ,栗毛,210429,    6.2,  ,    ,48.5
24,05,04,1,新潟,3,02,未勝利・若,7,ダ,1,1800,良,アイファーキャップ,牡,3,西塚洸二,55.0,15,04,6,6,0,1.7,3,116.7,"1567",0,9,8,8,9,38.9,452,鮫島一歩,栗,0,21107295,01200,01046,0424130204,中島稔,アースファーム,アポロケンタッキー,ピコット,ハーツクライ,栗毛,210429,    3.7,  ,    ,50.0
24,04,21,3,京都,2,03,未勝利,7,ダ,1,1900,良,アイファーキャップ,牡,3,藤懸貴志,57.0,16,03,4,4,0,1.2,7,122.9,"2029",0,13,13,14,13,38.5,454,鮫島一歩,栗,83,21107295,01138,01046,0824320303,中島稔,アースファーム,アポロケンタッキー,ピコット,ハーツクライ,栗毛,210429,   10.6,  ,    ,51.2
24,04,07,1,福島,2,01,未勝利,7,ダ,1,1700,良,アイファーキャップ,牡,3,藤懸貴志,57.0,15,09,7,7,0,1,3,108.5,"1485",0,15,15,10,11,39.8,458,鮫島一歩,栗,0,21107295,01138,01046,0324120109,中島稔,アースファーム,アポロケンタッキー,ピコット,ハーツクライ,栗毛,210429,    4.5,  ,    ,44.2
24,01,06,1,京都,1,02,未勝利,7,ダ,1,1900,良,アイファーキャップ,牡,3,斎藤新,57.0,16,16,4,4,0,0.4,5,123.1,"2031",0,12,11,6,5,39.2,462,鮫島一歩,栗,83,21107295,01178,01046,0824110216,中島稔,アースファーム,アポロケンタッキー,ピコット,ハーツクライ,栗毛,210429,    9.3,  ,    ,48.8
23,12,17,5,阪神,6,01,未勝利*,7,ダ,1,1800,稍,アイファーキャップ,牡,2,藤懸貴志,56.0,13,07,3,3,0,0.4,7,116.5,"1565",0,10,10,9,9,38.9,458,鮫島一歩,栗,140,21107295,01138,01046,0923560107,中島稔,アースファーム,アポロケンタッキー,ピコット,ハーツクライ,栗毛,210429,   19.7,  ,    ,49.7
23,12,03,5,阪神,2,01,未勝利*,7,ダ,1,1800,良,アイファーキャップ,牡,2,斎藤新,56.0,13,07,4,4,0,0.8,3,116.7,"1567",0,10,10,10,7,39.1,464,鮫島一歩,栗,83,21107295,01178,01046,0923520107,中島稔,アースファーム,アポロケンタッキー,ピコット,ハーツクライ,栗毛,210429,   11.5,  ,    ,49.2
23,11,12,3,福島,4,01,未勝利*,7,ダ,1,1700,良,アイファーキャップ,牡,2,藤懸貴志,56.0,15,08,3,3,0,0.1,9,108.9,"1489",0,12,12,8,7,38.4,458,鮫島一歩,栗,140,21107295,01138,01046,0323340108,中島稔,アースファーム,アポロケンタッキー,ピコット,ハーツクライ,栗毛,210429,   19.7,  ,    ,50.1
23,10,21,2,京都,6,03,新馬,15,ダ,1,1800,良,アイファーキャップ,牡,2,松若風馬,56.0,16,11,5,5,0,1.7,11,117.5,"1575",0,10,10,9,6,40.1,454,鮫島一歩,栗,72,21107295,01154,01046,0823260311,中島稔,アースファーム,アポロケンタッキー,ピコット,ハーツクライ,栗毛,210429,   56.8,  ,    ,46.5
24,06,23,3,東京,8,04,未勝利,7,ダ,1,1600,重,ダイタジャスティス,牡,3,吉田豊,57.0,16,05,14,14,0,2.3,13,99.3,"1393",0,0,0,10,10,37.8,482,小野次郎,美,0,21102954,00733,01125,0524380405,中込哲太郎,チェスナットファーム,ホッコータルマエ,ミッシェルズナイト,ネオユニヴァース,鹿毛,210423,  111.3,  ,    ,47.6
24,05,12,1,新潟,6,03,未勝利,7,ダ,1,1800,良,ダイタジャスティス,牡,3,小林勝太,54.0,15,10,13,13,0,3.7,5,118.3,"1583",0,5,6,7,8,40.2,480,小野次郎,美,0,21102954,01205,01125,0424160310,中込哲太郎,チェスナットファーム,ホッコータルマエ,ミッシェルズナイト,ネオユニヴァース,鹿毛,210423,   22.4,  ,    ,47.1
24,04,28,1,新潟,2,03,未勝利,7,ダ,1,1800,良,ダイタジャスティス,牡,3,小林勝太,54.0,15,04,6,6,0,1,6,115.9,"1559",0,5,5,3,3,39.8,484,小野次郎,美,0,21102954,01205,01125,0424120304,中込哲太郎,チェスナットファーム,ホッコータルマエ,ミッシェルズナイト,ネオユニヴァース,鹿毛,210423,   21.8,  ,    ,45.6
24,02,18,1,東京,8,02,未勝利,7,ダ,1,2100,良,ダイタジャスティス,牡,3,吉田豊,57.0,16,02,11,11,0,2.4,7,137.3,"2173",0,8,7,3,3,40.9,484,小野次郎,美,0,21102954,00733,01125,0524180202,中込哲太郎,チェスナットファーム,ホッコータルマエ,ミッシェルズナイト,ネオユニヴァース,鹿毛,210423,   29.8,  ,    ,44.3
24,02,04,1,東京,4,02,未勝利,7,ダ,1,2100,良,ダイタジャスティス,牡,3,吉田豊,57.0,16,12,4,4,0,1.7,7,137.8,"2178",0,9,8,8,3,38.3,486,小野次郎,美,83,21102954,00733,01125,0524140212,中込哲太郎,チェスナットファーム,ホッコータルマエ,ミッシェルズナイト,ネオユニヴァース,鹿毛,210423,   48.8,  ,    ,53.9
24,01,14,1,中山,5,02,未勝利,7,ダ,1,1800,稍,ダイタジャスティス,牡,3,吉田豊,57.0,16,10,5,5,0,1,10,117.8,"1578",0,10,10,6,4,40.9,488,小野次郎,美,55,21102954,00733,01125,0624150210,中込哲太郎,チェスナットファーム,ホッコータルマエ,ミッシェルズナイト,ネオユニヴァース,鹿毛,210423,   48.5,  ,    ,44.0
23,12,23,5,中山,7,04,未勝利*,7,ダ,1,1800,良,ダイタジャスティス,牡,2,吉田豊,56.0,16,10,10,10,0,2.3,9,116.9,"1569",0,13,13,14,11,39.7,488,小野次郎,美,0,21102954,00733,01125,0623570410,中込哲太郎,チェスナットファーム,ホッコータルマエ,ミッシェルズナイト,ネオユニヴァース,鹿毛,210423,   63.3,  ,    ,47.2
23,12,09,5,中山,3,06,新馬,15,ダ,1,1800,良,ダイタジャスティス,牡,2,吉田豊,56.0,16,15,8,8,0,1.5,6,118,"1580",0,8,8,8,11,39.7,490,小野次郎,美,0,21102954,00733,01125,0623530615,中込哲太郎,チェスナットファーム,ホッコータルマエ,ミッシェルズナイト,ネオユニヴァース,鹿毛,210423,   12.9,  ,    ,48.6
24,05,18,1,新潟,7,03,未勝利,7,ダ,1,1200,良,リナリア          ,牝,3,黛弘人,55.0,15,10,7,7,0,1.8,8,73.2,"1132",0,0,0,12,11,36.3,426,伊坂重信,美,0,21103966,01109,01177,0424170310,YGGホースクラブ,タイヘイ牧場,アメリカンペイトリオット,サウンドアドバイス,アグネスタキオン,鹿毛,210305,   57.1,  ,    ,51.7
24,02,17,2,小倉,3,03,未勝利,7,ダ,1,1000,良,リナリア          ,牝,3,小林凌大,53.0,14,11,8,8,0,1.9,11,60.8,"1008",0,0,0,9,10,37.3,434,伊坂重信,美,0,21103966,01177,01177,1024230311,YGGホースクラブ,タイヘイ牧場,アメリカンペイトリオット,サウンドアドバイス,アグネスタキオン,鹿毛,210305,   81.2,  ,    ,44.5
24,02,10,2,小倉,1,03,未勝利,7,ダ,1,1000,稍,リナリア          ,牝,3,黛弘人,55.0,14,10,4,4,0,1.8,13,59.8,"0598",0,0,0,10,10,36,430,伊坂重信,美,83,21103966,01109,01177,1024210310,YGGホースクラブ,タイヘイ牧場,アメリカンペイトリオット,サウンドアドバイス,アグネスタキオン,鹿毛,210305,   81.1,  ,    ,49.2
23,11,25,5,東京,7,04,新馬,15,ダ,1,1400,良,リナリア          ,牝,2,黛弘人,55.0,16,16,9,9,0,1.5,5,88.3,"1283",0,0,0,7,7,38.5,446,伊坂重信,美,0,21103966,01109,01177,0523570416,YGGホースクラブ,タイヘイ牧場,アメリカンペイトリオット,サウンドアドバイス,アグネスタキオン,鹿毛,210305,    8.1,  ,    ,47.0
23,12,02,5,阪神,1,01,未勝利*,7,ダ,1,1200,良,ナムラレイ        ,牡,2,団野大成,56.0,12,04,6,6,0,0.8,4,75.3,"1153",0,0,0,10,8,37.1,462,荒川義之,栗,0,21101823,01180,01095,0923510104,奈村睦弘,ナカノファーム,シルバーステート,ジャスティシア,キングカメハメハ,黒鹿,210328,   11.4,  ,    ,53.0
23,11,12,3,京都,4,02,未勝利*,7,芝,0,1400,良,ナムラレイ        ,牡,2,和田竜二,56.0,17,07,7,7,0,0.7,12,82.7,"1227",0,0,0,6,8,36,460,荒川義之,栗,0,21101823,01018,01095,0823340207,奈村睦弘,ナカノファーム,シルバーステート,ジャスティシア,キングカメハメハ,黒鹿,210328,   87.5,  ,    ,47.3
23,10,21,2,京都,6,05,新馬,15,芝,0,1600,良,ナムラレイ        ,牡,2,団野大成,56.0,14,14,6,6,0,0.8,4,97.2,"1372",0,0,0,2,3,36.1,460,荒川義之,栗,0,21101823,01180,01095,0823260514,奈村睦弘,ナカノファーム,シルバーステート,ジャスティシア,キングカメハメハ,黒鹿,210328,    7.4,  ,    ,51.6
24,06,22,3,東京,7,02,未勝利,7,ダ,1,2100,重,ベレッタ          ,牡,3,菅原明良,57.0,16,13,2,2,0,0.5,2,131.6,"2116",0,13,13,10,11,36.5,440,萩原清,美,220,21105005,01179,01017,0524370213,寺田寿男,社台ファーム,レイデオロ,ガールズバンド,ディープインパクト,鹿毛,210224,    7.2,  ,    ,54.2
24,06,08,3,東京,3,03,未勝利,7,ダ,1,2100,良,ベレッタ          ,牡,3,ルメール,57.0,16,12,3,3,0,0.6,2,134.3,"2143",0,7,8,8,7,37.8,438,萩原清,美,140,21105005,05339,01017,0524330312,寺田寿男,社台ファーム,レイデオロ,ガールズバンド,ディープインパクト,鹿毛,210224,    3.3,  ,    ,52.1
24,05,18,2,東京,9,03,未勝利,7,ダ,1,2100,良,ベレッタ          ,牡,3,横山和生,57.0,14,01,3,3,0,1,6,134.1,"2141",0,4,4,4,3,37.6,442,萩原清,美,140,21105005,01140,01017,0524290301,寺田寿男,社台ファーム,レイデオロ,ガールズバンド,ディープインパクト,鹿毛,210224,   21.0,  ,    ,52.7
24,04,21,2,東京,2,04,未勝利,7,芝,0,2400,良,ベレッタ          ,牡,3,横山和生,57.0,11,03,7,7,0,0.8,6,147.9,"2279",0,7,6,7,7,34.5,446,萩原清,美,0,21105005,01140,01017,0524220403,寺田寿男,社台ファーム,レイデオロ,ガールズバンド,ディープインパクト,鹿毛,210224,   13.3,  ,    ,59.6
24,02,17,1,東京,7,05,未勝利,7,芝,0,2400,良,ベレッタ          ,牡,3,横山和生,57.0,18,11,5,5,0,0.5,14,148.3,"2283",0,6,6,5,4,34.7,444,萩原清,美,55,21105005,01140,01017,0524170511,寺田寿男,社台ファーム,レイデオロ,ガールズバンド,ディープインパクト,鹿毛,210224,  113.7,  ,    ,59.1
23,10,28,4,東京,8,05,新馬,15,芝,0,1600,良,ベレッタ          ,牡,2,横山武史,56.0,13,02,11,11,0,1.9,6,96.6,"1366",0,0,0,13,13,34.4,440,萩原清,美,0,21105005,01170,01017,0523480502,寺田寿男,社台ファーム,レイデオロ,ガールズバンド,ディープインパクト,鹿毛,210224,   14.9,  ,    ,58.5
24,07,07,1,函館,10,03,未勝利・牝,7,ダ,1,1000,重,パサデナノアサ    ,牝,3,長浜鴻緒,52.0,12,07,12,12,0,2.9,11,61.8,"1018",0,0,0,11,12,37.2,374,天間昭一,美,0,21101995,01214,01090,02241A0307,浅沼廣幸,ファニーヒルファーム,トーセンラー,デルマユリア,ネオユニヴァース,栗毛,210508,  147.8,  ,    ,49.2
24,02,24,2,中山,1,01,未勝利・牝,7,ダ,1,1200,稍,パサデナノアサ    ,牝,3,小林勝太,52.0,16,02,16,16,0,3.6,13,75.2,"1152",0,0,0,12,13,39.3,360,天間昭一,美,0,21101995,01205,01090,0624210102,浅沼廣幸,ファニーヒルファーム,トーセンラー,デルマユリア,ネオユニヴァース,栗毛,210508,  101.3,  ,    ,41.3
24,06,23,4,京都,8,04,未勝利,7,芝,0,1600,重,ブラッドショー    ,牡,3,松若風馬,57.0,18,04,12,12,0,2.7,16,98.1,"1381",0,0,0,4,4,38.2,442,小崎憲,栗,0,21103696,01154,01085,0824480404,キヨタケ牧場,キヨタケ牧場,カリフォルニアクローム,バーバラ,ディープインパクト,栗毛,210513,  171.6,  ,    ,44.1
24,05,04,3,京都,5,07,１勝ｸﾗｽ*,23,芝,0,1600,良,ブラッドショー    ,牡,3,小崎綾也,57.0,8,02,6,6,0,2.1,8,94.4,"1344",0,0,0,6,6,35.6,450,小崎憲,栗,0,21103696,01152,01085,0824350702,キヨタケ牧場,キヨタケ牧場,カリフォルニアクローム,バーバラ,ディープインパクト,栗毛,210513,  243.6,  ,    ,49.1
24,04,21,3,京都,2,02,未勝利,7,ダ,1,1200,良,ブラッドショー    ,牡,3,小崎綾也,57.0,16,03,11,11,0,1.9,14,74.8,"1148",0,0,0,14,15,37.7,450,小崎憲,栗,0,21103696,01152,01085,0824320203,キヨタケ牧場,キヨタケ牧場,カリフォルニアクローム,バーバラ,ディープインパクト,栗毛,210513,  341.2,  ,    ,48.4
24,02,25,1,阪神,2,02,未勝利,7,ダ,1,1400,不,ブラッドショー    ,牡,3,池添謙一,57.0,14,10,13,13,0,5.1,11,89.3,"1293",0,0,0,7,10,41.3,450,小崎憲,栗,0,21103696,01032,01085,0924120210,キヨタケ牧場,キヨタケ牧場,カリフォルニアクローム,バーバラ,ディープインパクト,栗毛,210513,  174.3,  ,    ,37.2
24,02,10,2,京都,5,04,新馬,15,ダ,1,1200,良,ブラッドショー    ,牡,3,池添謙一,57.0,16,12,9,9,0,2.6,3,75.3,"1153",0,0,0,7,9,38.3,446,小崎憲,栗,0,21103696,01032,01085,0824250412,キヨタケ牧場,キヨタケ牧場,カリフォルニアクローム,バーバラ,ディープインパクト,栗毛,210513,    9.6,  ,    ,46.6
24,06,23,1,函館,6,02,未勝利,7,ダ,1,1700,良,シャトーディフ    ,牝,3,佐々木大,55.0,11,11,3,3,0,2,6,107.5,"1475",0,7,7,7,6,38.1,438,矢嶋大樹,美,140,21105592,01197,01202,0224160211,サンデーレーシング,ノーザンファーム,モーリス,ジューヌエコール,クロフネ,鹿毛,210128,   31.4,  ,    ,49.4
24,06,08,1,函館,1,03,未勝利,7,ダ,1,1000,良,シャトーディフ    ,牝,3,長浜鴻緒,52.0,12,09,8,8,0,2.5,9,61.2,"1012",0,0,0,9,9,37,428,矢嶋大樹,美,0,21105592,01214,01202,0224110309,サンデーレーシング,ノーザンファーム,モーリス,ジューヌエコール,クロフネ,鹿毛,210128,   38.4,  ,    ,48.1
24,04,27,1,新潟,1,06,未勝利,7,芝,0,1000,良,シャトーディフ    ,牝,3,横山琉人,54.0,16,03,14,14,0,2.1,10,58.3,"0583",0,0,0,0,12,34.8,440,矢嶋大樹,美,0,21105592,01192,01202,0424110603,サンデーレーシング,ノーザンファーム,モーリス,ジューヌエコール,クロフネ,鹿毛,210128,   29.5,  ,    ,51.3
23,11,25,5,東京,7,02,未勝利*,7,芝,0,1400,良,シャトーディフ    ,牝,2,ビュイッ,55.0,18,02,12,12,0,1.4,3,83.1,"1231",0,0,0,2,3,35.5,440,木村哲也,美,0,21105592,05495,01126,0523570202,サンデーレーシング,ノーザンファーム,モーリス,ジューヌエコール,クロフネ,鹿毛,210128,    6.6,  ,    ,50.6
23,09,16,4,阪神,3,05,新馬,15,芝,8,1600,良,シャトーディフ    ,牝,2,ルメール,55.0,8,03,3,3,0,0.7,1,95.2,"1352",0,0,0,1,1,34.8,436,木村哲也,美,180,21105592,05339,01126,0923430503,サンデーレーシング,ノーザンファーム,モーリス,ジューヌエコール,クロフネ,鹿毛,210128,    2.5,  ,    ,54.1
24,07,20,1,札幌,1,07,１勝ｸﾗｽ,23,芝,0,1200,良,シルバーダイヤ    ,牝,4,角田大河,55.0,11,11,10,10,0,0.7,8,69.4,"1094",0,0,0,3,2,35.6,454,小野次郎,美,0,20100289,01199,01125,0124110711,矢野琢也,土田農場,シルバーステート,ルドラ,"Cape Cross",黒鹿,200227,   21.3,  ,    ,44.9
24,05,12,1,新潟,6,12,１勝ｸﾗｽ,23,芝,0,1200,良,シルバーダイヤ    ,牝,4,角田大河,55.0,13,06,4,4,0,0.1,8,70.5,"1105",0,0,0,2,2,36.2,458,小野次郎,美,120,20100289,01199,01125,0424161206,矢野琢也,土田農場,シルバーステート,ルドラ,"Cape Cross",黒鹿,200227,   24.3,  ,    ,44.8
24,02,24,2,小倉,5,12,１勝ｸﾗｽ,23,芝,0,1200,稍,シルバーダイヤ    ,牝,4,佐藤翔馬,53.0,18,17,7,7,0,0.5,16,69.8,"1098",0,0,0,3,1,35.6,458,小野次郎,美,0,20100289,01207,01125,1024251217,矢野琢也,土田農場,シルバーステート,ルドラ,"Cape Cross",黒鹿,200227,  168.5,  ,    ,46.1
24,02,11,2,小倉,2,07,１勝ｸﾗｽ・牝,23,芝,0,1800,良,シルバーダイヤ    ,牝,4,佐藤翔馬,52.0,13,02,9,9,0,0.8,13,109.9,"1499",0,5,5,5,8,37,458,小野次郎,美,0,20100289,01207,01125,1024220702,矢野琢也,土田農場,シルバーステート,ルドラ,"Cape Cross",黒鹿,200227,  255.2,  ,    ,48.5
24,01,28,1,小倉,6,10,日田特別･1勝,23,芝,0,1800,稍,シルバーダイヤ    ,牝,4,原田和真,55.0,16,06,14,14,0,1.8,12,111.7,"1517",0,10,10,14,15,36.9,460,小野次郎,美,0,20100289,01143,01125,1024161006,矢野琢也,土田農場,シルバーステート,ルドラ,"Cape Cross",黒鹿,200227,   84.4,  ,    ,51.4
24,01,14,1,小倉,2,12,１勝ｸﾗｽ,23,芝,0,1200,良,シルバーダイヤ    ,牝,4,原田和真,56.0,17,16,14,14,0,0.8,16,68.7,"1087",0,0,0,4,4,35.5,456,小野次郎,美,0,20100289,01143,01125,1024121216,矢野琢也,土田農場,シルバーステート,ルドラ,"Cape Cross",黒鹿,200227,   81.0,  ,    ,43.5
23,11,18,3,福島,5,08,１勝ｸﾗｽ,23,芝,0,1200,稍,シルバーダイヤ    ,牝,3,荻野極,55.0,16,05,9,9,0,1,11,71.1,"1111",0,0,0,6,6,36.3,456,小野次郎,美,0,20100289,01160,01125,0323350805,矢野琢也,土田農場,シルバーステート,ルドラ,"Cape Cross",黒鹿,200227,   39.4,  ,    ,45.9
23,08,06,1,札幌,6,12,１勝ｸﾗｽ・牝,23,芝,0,1200,重,シルバーダイヤ    ,牝,3,横山和生,54.0,16,08,6,6,0,0.7,12,71.4,"1114",0,0,0,3,2,36.5,446,小野次郎,美,0,20100289,01140,01125,0123161208,矢野琢也,土田農場,シルバーステート,ルドラ,"Cape Cross",黒鹿,200227,   47.6,  ,    ,45.6
23,07,16,2,福島,6,03,未勝利,7,芝,0,1200,良,シルバーダイヤ    ,牝,3,Ｍ．デム,54.0,16,16,1,1,0,-0.2,5,71.1,"1111",0,0,0,1,1,35.5,454,小野次郎,美,550,20100289,05212,01125,0323260316,矢野琢也,土田農場,シルバーステート,ルドラ,"Cape Cross",黒鹿,200227,   10.1,  ,    ,50.3
22,12,11,5,中山,4,03,未勝利*,7,ダ,1,1800,良,シルバーダイヤ    ,牝,2,柴田善臣,54.0,15,02,14,14,0,4.9,4,120.1,"2001",0,4,4,5,6,43.6,458,小野次郎,美,0,20100289,00641,01125,0622540302,矢野琢也,土田農場,シルバーステート,ルドラ,"Cape Cross",黒鹿,200227,   12.8,  ,    ,37.7
22,11,19,3,福島,5,03,未勝利*,7,芝,0,1800,良,シルバーダイヤ    ,牝,2,柴田善臣,54.0,16,08,6,6,0,0.6,6,111.8,"1518",0,2,2,2,2,36.7,456,小野次郎,美,0,20100289,00641,01125,0322350308,矢野琢也,土田農場,シルバーステート,ルドラ,"Cape Cross",黒鹿,200227,   27.8,  ,    ,52.3
22,07,09,2,福島,3,02,未勝利*,7,芝,0,1800,良,シルバーダイヤ    ,牝,2,柴田善臣,54.0,8,02,5,5,0,2.2,3,111.3,"1513",0,4,4,4,4,37.5,446,小野次郎,美,52,20100289,00641,01125,0322230202,矢野琢也,土田農場,シルバーステート,ルドラ,"Cape Cross",黒鹿,200227,    9.1,  ,    ,48.4
22,06,25,3,東京,7,01,未勝利*,7,芝,0,1600,良,シルバーダイヤ    ,牝,2,柴田善臣,54.0,9,05,4,4,0,1.5,3,96.3,"1363",0,0,0,5,5,36.7,450,小野次郎,美,78,20100289,00641,01125,0522370105,矢野琢也,土田農場,シルバーステート,ルドラ,"Cape Cross",黒鹿,200227,   10.3,  ,    ,47.4
22,06,05,3,東京,2,05,新馬・牝,15,芝,0,1600,良,シルバーダイヤ    ,牝,2,柴田善臣,54.0,12,12,6,6,0,1,9,97.9,"1379",0,0,0,3,3,34,450,小野次郎,美,0,20100289,00641,01125,0522320512,矢野琢也,土田農場,シルバーステート,ルドラ,"Cape Cross",黒鹿,200227,   62.9,  ,    ,62.8
24,07,13,1,函館,11,08,１勝ｸﾗｽ,23,ダ,1,1000,良,メイプルリーフラグ,牝,4,永野猛蔵,56.0,12,08,9,9,0,1.7,9,60.5,"1005",0,0,0,8,8,36.5,446,的場均,美,0,20103527,01188,01063,02241B0808,稲場澄,ノーザンファーム,キンシャサノキセキ,バンゴール,キングカメハメハ,鹿毛,200420,  118.2,  ,    ,48.6
24,05,04,1,新潟,3,12,１勝ｸﾗｽ,23,芝,0,1000,良,メイプルリーフラグ,牝,4,秋山稔樹,55.0,16,05,11,11,0,1.2,15,56.1,"0561",0,0,0,0,12,33.1,444,的場均,美,0,20103527,01181,01063,0424131205,稲場澄,ノーザンファーム,キンシャサノキセキ,バンゴール,キングカメハメハ,鹿毛,200420,  151.1,  ,    ,54.2
24,04,09,1,不明,2,08,ミモザ,3,ダ,1,1200,不,メイプルリーフラグ,牝,4,西啓太,54.0,14,04,5,5,0,1.5,7,76.7,"1167",0,0,0,1,1,0,446,坂井英光,無,12,20103527,,,4424120804,稲場澄,ノーザンファーム,キンシャサノキセキ,バンゴール,キングカメハメハ,鹿毛,200420,    0.0,  ,    , 0.0
24,03,22,19,不明,5,09,サラ系,3,ダ,1,1200,良,メイプルリーフラグ,牝,4,西啓太,54.0,15,13,2,2,0,1,3,75.6,"1156",0,0,0,2,2,0,449,坂井英光,無,40,20103527,,,4424J50913,稲場澄,ノーザンファーム,キンシャサノキセキ,バンゴール,キングカメハメハ,鹿毛,200420,    0.0,  ,    , 0.0
24,03,01,18,不明,5,08,サラ系,3,ダ,1,1600,不,メイプルリーフラグ,牝,4,西啓太,54.0,14,01,14,14,0,6.1,3,112.1,"1521",0,1,1,4,5,0,454,坂井英光,無,0,20103527,,,4424I50801,稲場澄,ノーザンファーム,キンシャサノキセキ,バンゴール,キングカメハメハ,鹿毛,200420,    0.0,  ,    , 0.0
24,02,14,17,不明,4,06,サラ系,3,ダ,1,1200,良,メイプルリーフラグ,牝,4,西啓太,54.0,13,01,1,1,0,-0.4,1,75.4,"1154",0,0,0,1,1,0,450,坂井英光,無,100,20103527,,,4424H40601,稲場澄,ノーザンファーム,キンシャサノキセキ,バンゴール,キングカメハメハ,鹿毛,200420,    0.0,  ,    , 0.0
23,12,08,14,不明,5,04,ゼロカ,3,ダ,1,1400,良,メイプルリーフラグ,牝,3,西啓太,54.0,14,08,9,9,0,1.9,1,91.3,"1313",0,0,4,5,5,0,455,坂井英光,無,0,20103527,,,4423E50408,稲場澄,ノーザンファーム,キンシャサノキセキ,バンゴール,キングカメハメハ,鹿毛,200420,    0.0,  ,    , 0.0
23,11,14,13,不明,2,05,サラ系,3,ダ,1,1600,良,メイプルリーフラグ,牝,3,西啓太,54.0,14,14,1,1,0,-0.5,1,106,"1460",0,3,3,3,2,0,451,坂井英光,無,100,20103527,,,4423D20514,稲場澄,ノーザンファーム,キンシャサノキセキ,バンゴール,キングカメハメハ,鹿毛,200420,    0.0,  ,    , 0.0
23,10,30,12,不明,2,06,クラシ,3,ダ,1,1200,良,メイプルリーフラグ,牝,3,西啓太,54.0,14,13,1,1,0,-1.6,1,75,"1150",0,0,0,2,1,0,452,坂井英光,無,140,20103527,,,4423C20613,稲場澄,ノーザンファーム,キンシャサノキセキ,バンゴール,キングカメハメハ,鹿毛,200420,    0.0,  ,    , 0.0
23,10,04,13,不明,2,05,夏いち,3,ダ,1,1200,良,メイプルリーフラグ,牝,3,桑村真明,54.0,8,06,1,1,0,-1.2,1,74.1,"1141",0,0,0,2,1,0,450,五十嵐冬,地,40,20103527,05411,05790,3023D20506,稲場澄,ノーザンファーム,キンシャサノキセキ,バンゴール,キングカメハメハ,鹿毛,200420,    0.0,  ,    , 0.0
23,09,03,2,札幌,8,04,未勝利,7,芝,0,1200,良,メイプルリーフラグ,牝,3,佐々木大,53.0,16,15,4,4,0,0.7,7,70.8,"1108",0,0,0,4,2,36.7,460,田中克典,栗,83,20103527,01197,01180,0123280415,稲場澄,ノーザンファーム,キンシャサノキセキ,バンゴール,キングカメハメハ,鹿毛,200420,   12.2,  ,    ,42.9
23,07,16,2,函館,6,03,未勝利・牝,7,芝,0,1200,稍,メイプルリーフラグ,牝,3,佐々木大,52.0,16,06,6,6,0,0.3,8,70.9,"1109",0,0,0,5,4,36.2,450,田中克典,栗,0,20103527,01197,01180,0223260306,稲場澄,ノーザンファーム,キンシャサノキセキ,バンゴール,キングカメハメハ,鹿毛,200420,   22.7,  ,    ,45.9
23,06,17,1,函館,3,01,未勝利・牝,7,芝,0,1200,良,メイプルリーフラグ,牝,3,北村友一,54.0,16,14,12,12,0,0.7,11,69.9,"1099",0,0,0,9,8,34.8,448,田中克典,栗,0,20103527,01102,01180,0223130114,稲場澄,ノーザンファーム,キンシャサノキセキ,バンゴール,キングカメハメハ,鹿毛,200420,   49.6,  ,    ,50.9
24,07,13,1,函館,11,08,１勝ｸﾗｽ,23,ダ,1,1000,良,タイコネン        ,牝,5,川端海翼,53.0,12,10,12,12,0,3.5,12,62.3,"1023",0,0,0,3,5,38.9,478,松永康利,美,0,19101484,01195,01093,02241B0810,布武起会,木村牧場,ヘニーヒューズ,マハロマナ,エンパイアメーカー,栗毛,190308,  326.4,  ,    ,40.2
24,02,04,1,小倉,8,03,１勝ｸﾗｽ,23,ダ,1,1000,重,タイコネン        ,牝,5,藤田菜七,54.0,14,09,14,14,0,1.3,14,59.4,"0594",0,0,0,5,5,36.4,468,松永康利,美,0,19101484,01164,01093,1024180309,布武起会,木村牧場,ヘニーヒューズ,マハロマナ,エンパイアメーカー,栗毛,190308,  203.4,  ,    ,44.8
23,11,04,3,福島,1,03,１勝ｸﾗｽ・牝,23,ダ,1,1150,良,タイコネン        ,牝,4,菅原隆一,56.0,12,05,12,12,0,2.7,12,71.8,"1118",0,0,0,8,7,39.5,468,松永康利,美,0,19101484,01129,01093,0323310305,布武起会,木村牧場,ヘニーヒューズ,マハロマナ,エンパイアメーカー,栗毛,190308,  251.5,  ,    ,39.2
23,09,03,3,新潟,8,12,雷光特別･1勝,23,芝,0,1000,良,タイコネン        ,牝,4,木幡育也,56.0,17,01,17,17,0,2.1,14,57,"0570",0,0,0,0,5,34.5,464,松永康利,美,0,19101484,01167,01093,0423381201,布武起会,木村牧場,ヘニーヒューズ,マハロマナ,エンパイアメーカー,栗毛,190308,  123.8,  ,    ,47.8
23,06,01,2,不明,4,05,浦和８,3,ダ,1,800,稍,タイコネン        ,牝,4,矢野貴之,54.0,12,01,1,1,0,0,1,48.2,"0482",0,0,0,1,1,0,461,水野貴史,地,100,19101484,05380,05788,4223240501,布武起会,木村牧場,ヘニーヒューズ,マハロマナ,エンパイアメーカー,栗毛,190308,    0.0,  ,    , 0.0
23,04,28,1,不明,5,04,浦和８,3,ダ,1,800,稍,タイコネン        ,牝,4,矢野貴之,54.0,12,07,1,1,0,-0.5,1,47.5,"0475",0,0,0,1,1,0,465,水野貴史,地,100,19101484,05380,05788,4223150407,布武起会,木村牧場,ヘニーヒューズ,マハロマナ,エンパイアメーカー,栗毛,190308,    0.0,  ,    , 0.0
23,03,23,13,不明,4,04,浦和８,3,ダ,1,800,重,タイコネン        ,牝,4,中島良美,49.0,12,11,2,2,0,0,3,48,"0480",0,0,0,1,1,0,469,水野貴史,地,35,19101484,05649,05788,4223D40411,布武起会,木村牧場,ヘニーヒューズ,マハロマナ,エンパイアメーカー,栗毛,190308,    0.0,  ,    , 0.0
23,02,15,12,不明,3,04,浦和８,3,ダ,1,800,稍,タイコネン        ,牝,4,福原杏,54.0,12,12,1,1,0,-0.2,3,49.4,"0494",0,0,0,3,3,0,482,水野貴史,地,80,19101484,05595,05788,4223C30412,布武起会,木村牧場,ヘニーヒューズ,マハロマナ,エンパイアメーカー,栗毛,190308,    0.0,  ,    , 0.0
22,09,23,7,不明,4,03,浦和８,3,ダ,1,800,重,タイコネン        ,牝,3,秋元耕成,54.0,12,08,8,8,0,1.2,5,49.6,"0496",0,0,0,6,6,0,467,水野貴史,地,0,19101484,05347,05788,4222740308,布武起会,木村牧場,ヘニーヒューズ,マハロマナ,エンパイアメーカー,栗毛,190308,    0.0,  ,    , 0.0
22,08,13,2,札幌,1,03,未勝利,7,ダ,1,1000,重,タイコネン        ,牝,3,西塚洸二,51.0,12,08,7,7,0,0.9,11,60.3,"1003",0,0,0,3,3,36.8,456,水野貴広,美,0,19101484,01200,01094,0122210308,布武起会,木村牧場,ヘニーヒューズ,マハロマナ,エンパイアメーカー,栗毛,190308,   86.0,  ,    ,45.8
22,08,07,1,札幌,6,02,未勝利,7,ダ,1,1000,良,タイコネン        ,牝,3,西塚洸二,51.0,12,06,4,4,0,1.1,12,60.4,"1004",0,0,0,4,4,36.3,450,水野貴広,美,78,19101484,01200,01094,0122160206,布武起会,木村牧場,ヘニーヒューズ,マハロマナ,エンパイアメーカー,栗毛,190308,  156.8,  ,    ,49.6
22,06,18,1,函館,3,03,未勝利,7,ダ,1,1000,良,タイコネン        ,牝,3,西塚洸二,51.0,12,05,9,9,0,2,12,61.1,"1011",0,0,0,9,8,36.8,448,水野貴広,美,0,19101484,01200,01094,0222130305,布武起会,木村牧場,ヘニーヒューズ,マハロマナ,エンパイアメーカー,栗毛,190308,  163.3,  ,    ,49.0
22,06,12,1,函館,2,03,未勝利,7,ダ,1,1000,良,タイコネン        ,牝,3,横山琉人,51.0,10,09,8,8,0,1.6,6,60.8,"1008",0,0,0,6,6,36.8,448,水野貴広,美,0,19101484,01192,01094,0222120309,布武起会,木村牧場,ヘニーヒューズ,マハロマナ,エンパイアメーカー,栗毛,190308,   43.3,  ,    ,47.8
22,04,09,3,中山,5,03,未勝利,7,ダ,1,1200,良,タイコネン        ,牝,3,嶋田純次,54.0,16,13,16,16,0,4.8,10,77.4,"1174",0,0,0,4,6,41.5,456,水野貴広,美,0,19101484,01134,01094,0622350313,布武起会,木村牧場,ヘニーヒューズ,マハロマナ,エンパイアメーカー,栗毛,190308,  124.5,  ,    ,36.5
22,02,26,2,中山,1,02,未勝利,7,ダ,1,1200,良,タイコネン        ,牝,3,丸山元気,54.0,16,10,13,13,0,1.9,10,74.7,"1147",0,0,0,10,8,38.9,470,水野貴広,美,0,19101484,01127,01094,0622210210,布武起会,木村牧場,ヘニーヒューズ,マハロマナ,エンパイアメーカー,栗毛,190308,  155.2,  ,    ,42.0
22,02,06,1,東京,4,03,新馬,15,ダ,1,1600,良,タイコネン        ,牝,3,丸山元気,54.0,16,03,13,13,0,2.3,11,103.5,"1435",0,0,0,12,9,38.6,474,水野貴広,美,0,19101484,01127,01094,0522140303,布武起会,木村牧場,ヘニーヒューズ,マハロマナ,エンパイアメーカー,栗毛,190308,   50.8,  ,    ,50.9
24,04,06,3,中山,5,12,１勝ｸﾗｽ・牝,23,ダ,1,1200,稍,プラティクレール  ,牝,4,横山武史,56.0,16,13,15,15,0,2.1,1,73.9,"1139",0,0,0,2,2,39.1,464,田島俊明,美,0,20103900,01170,01112,0624351213,ノルマンディーサラブレッドレーシング,岡田スタツド,ロージズインメイ,シルヴァーコード,スウェプトオーヴァーボード,芦毛,200404,    3.4,  ,    ,39.0
24,03,09,2,中山,5,08,１勝ｸﾗｽ・牝,23,ダ,1,1200,重,プラティクレール  ,牝,4,横山武史,56.0,16,06,2,2,0,0,1,71.2,"1112",0,0,0,1,1,37.8,476,田島俊明,美,320,20103900,01170,01112,0624250806,ノルマンディーサラブレッドレーシング,岡田スタツド,ロージズインメイ,シルヴァーコード,スウェプトオーヴァーボード,芦毛,200404,    3.2,  ,    ,38.4
24,01,08,1,中山,3,07,１勝ｸﾗｽ,23,ダ,1,1200,良,プラティクレール  ,牝,4,横山武史,56.0,16,13,12,12,0,1.4,1,74.3,"1143",0,0,0,2,2,40.5,470,田島俊明,美,0,20103900,01170,01112,0624130713,ノルマンディーサラブレッドレーシング,岡田スタツド,ロージズインメイ,シルヴァーコード,スウェプトオーヴァーボード,芦毛,200404,    2.1,  ,    ,33.5
23,12,16,5,中山,5,12,１勝ｸﾗｽ,23,ダ,1,1200,稍,プラティクレール  ,牝,3,横山武史,55.0,16,12,2,2,0,0.4,3,71.6,"1116",0,0,0,1,1,36.9,466,田島俊明,美,320,20103900,01170,01112,0623551212,ノルマンディーサラブレッドレーシング,岡田スタツド,ロージズインメイ,シルヴァーコード,スウェプトオーヴァーボード,芦毛,200404,    4.5,  ,    ,44.0
23,11,11,3,福島,3,07,１勝ｸﾗｽ,23,ダ,1,1150,良,プラティクレール  ,牝,3,小林美駒,51.0,16,04,6,6,0,0.4,1,69.6,"1096",0,0,0,8,7,37.2,470,田島俊明,美,0,20103900,01206,01112,0323330704,ノルマンディーサラブレッドレーシング,岡田スタツド,ロージズインメイ,シルヴァーコード,スウェプトオーヴァーボード,芦毛,200404,    3.8,  ,    ,45.0
23,10,22,4,新潟,4,06,１勝ｸﾗｽ・若,23,ダ,1,1200,重,プラティクレール  ,牝,3,小林美駒,51.0,14,04,2,2,0,0.5,4,71.2,"1112",0,0,0,1,1,37.6,478,田島俊明,美,320,20103900,01206,01112,0423440604,ノルマンディーサラブレッドレーシング,岡田スタツド,ロージズインメイ,シルヴァーコード,スウェプトオーヴァーボード,芦毛,200404,   13.3,  ,    ,39.4
23,09,16,13,不明,1,06,珠洲ホ,3,ダ,1,1400,良,プラティクレール  ,牝,3,吉原寛人,54.0,8,05,1,1,0,-1.4,1,90,"1300",0,1,1,1,1,0,487,井樋一也,地,40,20103900,05299,05781,4623D10605,ノルマンディーサラブレッドレーシング,岡田スタツド,ロージズインメイ,シルヴァーコード,スウェプトオーヴァーボード,芦毛,200404,    0.0,  ,    , 0.0
23,09,03,12,不明,1,02,しゃん,3,ダ,1,1400,良,プラティクレール  ,牝,3,吉原寛人,54.0,8,08,1,1,0,-1.1,1,89.8,"1298",0,1,1,1,1,0,486,井樋一也,地,40,20103900,05299,05781,4623C10208,ノルマンディーサラブレッドレーシング,岡田スタツド,ロージズインメイ,シルヴァーコード,スウェプトオーヴァーボード,芦毛,200404,    0.0,  ,    , 0.0
23,07,25,9,不明,2,07,能登巌,3,ダ,1,1500,良,プラティクレール  ,牝,3,米倉知,54.0,8,01,2,2,0,0.4,6,95.2,"1352",0,3,3,5,2,0,468,高柳瑞樹,美,27,20103900,05296,01118,4623920701,ノルマンディーサラブレッドレーシング,岡田スタツド,ロージズインメイ,シルヴァーコード,スウェプトオーヴァーボード,芦毛,200404,    0.0,  ,    , 0.0
23,01,14,1,中京,5,04,新馬,15,ダ,1,1400,重,プラティクレール  ,牝,3,丸田恭介,54.0,16,04,10,10,0,2,10,89.2,"1292",0,0,0,10,10,38.9,472,高柳瑞樹,美,0,20103900,01117,01118,0723150404,ノルマンディーサラブレッドレーシング,岡田スタツド,ロージズインメイ,シルヴァーコード,スウェプトオーヴァーボード,芦毛,200404,   21.4,  ,    ,47.0
24,07,06,1,函館,9,02,未勝利,7,ダ,1,1000,稍,ニホンピロトッティ,牝,3,菱田裕二,55.0,12,10,1,1,0,-0.3,6,58.9,"0589",0,0,0,2,2,35.6,400,緒方努,栗,550,21104210,01144,01193,0224190210,小林英一,友田牧場,ディスクリートキャット,ニホンピロディール,サイレントディール,栗毛,210425,   15.9,  ,    ,48.2
24,06,09,1,函館,2,02,未勝利,7,ダ,1,1700,良,ニホンピロトッティ,牝,3,菱田裕二,55.0,14,07,7,7,0,1.7,12,108.2,"1482",0,2,2,2,2,39.8,396,緒方努,栗,0,21104210,01144,01193,0224120207,小林英一,友田牧場,ディスクリートキャット,ニホンピロディール,サイレントディール,栗毛,210425,  146.5,  ,    ,43.7
24,05,11,3,京都,7,02,未勝利,7,ダ,1,1400,良,ニホンピロトッティ,牝,3,国分優作,55.0,16,01,15,15,0,6.3,9,92.6,"1326",0,0,0,1,3,45.1,390,緒方努,栗,0,21104210,01125,01193,0824370201,小林英一,友田牧場,ディスクリートキャット,ニホンピロディール,サイレントディール,栗毛,210425,   41.4,  ,    ,29.0
24,04,21,3,京都,2,01,未勝利・牝,7,ダ,1,1800,良,ニホンピロトッティ,牝,3,国分優作,55.0,14,09,4,4,0,1.4,5,117.9,"1579",0,5,5,4,5,41.8,398,緒方努,栗,83,21104210,01125,01193,0824320109,小林英一,友田牧場,ディスクリートキャット,ニホンピロディール,サイレントディール,栗毛,210425,   21.8,  ,    ,41.0
24,02,18,2,京都,8,04,新馬,15,ダ,1,1400,稍,ニホンピロトッティ,牝,3,国分優作,55.0,16,11,7,7,0,1,15,87.3,"1273",0,0,0,11,10,37.6,394,緒方努,栗,0,21104210,01125,01193,0824280411,小林英一,友田牧場,ディスクリートキャット,ニホンピロディール,サイレントディール,栗毛,210425,  134.9,  ,    ,49.1
24,07,13,1,函館,11,08,１勝ｸﾗｽ,23,ダ,1,1000,良,サザンレイク      ,牝,4,長浜鴻緒,53.0,12,07,2,2,0,0.2,4,59,"0590",0,0,0,2,2,35.7,490,根本康広,美,320,20101481,01214,01029,02241B0807,サザンホールディング,坂牧場,ヘニーヒューズ,ローズゴールド,サウスヴィグラス,栗毛,200408,    7.6,  ,    ,47.9
24,06,30,1,函館,8,12,１勝ｸﾗｽ,23,ダ,1,1000,良,サザンレイク      ,牝,4,長浜鴻緒,53.0,10,09,2,2,0,0.2,4,59,"0590",0,0,0,1,1,36,490,根本康広,美,320,20101481,01214,01029,0224181209,サザンホールディング,坂牧場,ヘニーヒューズ,ローズゴールド,サウスヴィグラス,栗毛,200408,   13.8,  ,    ,45.8
24,06,15,1,函館,3,08,１勝ｸﾗｽ,23,ダ,1,1000,良,サザンレイク      ,牝,4,藤田菜七,54.0,12,03,5,5,0,0.9,4,59.9,"0599",0,0,0,1,1,37,490,根本康広,美,80,20101481,01164,01029,0224130803,サザンホールディング,坂牧場,ヘニーヒューズ,ローズゴールド,サウスヴィグラス,栗毛,200408,    6.1,  ,    ,42.8
24,06,08,1,函館,1,08,１勝ｸﾗｽ・牝,23,ダ,1,1000,良,サザンレイク      ,牝,4,長浜鴻緒,53.0,11,04,8,8,0,1.3,2,59.9,"0599",0,0,0,6,6,36.8,490,根本康広,美,0,20101481,01214,01029,0224110804,サザンホールディング,坂牧場,ヘニーヒューズ,ローズゴールド,サウスヴィグラス,栗毛,200408,    4.5,  ,    ,44.2
24,05,04,1,新潟,3,07,１勝ｸﾗｽ・牝,23,ダ,1,1200,良,サザンレイク      ,牝,4,藤田菜七,54.0,14,08,3,3,0,0.1,4,72.8,"1128",0,0,0,1,1,38,490,根本康広,美,200,20101481,01164,01029,0424130708,サザンホールディング,坂牧場,ヘニーヒューズ,ローズゴールド,サウスヴィグラス,栗毛,200408,    7.3,  ,    ,41.6
24,04,20,1,福島,5,12,１勝ｸﾗｽ,23,ダ,1,1150,良,サザンレイク      ,牝,4,藤田菜七,54.0,15,07,2,2,0,0.2,4,69.5,"1095",0,0,0,1,1,37.1,484,根本康広,美,320,20101481,01164,01029,0324151207,サザンホールディング,坂牧場,ヘニーヒューズ,ローズゴールド,サウスヴィグラス,栗毛,200408,    8.4,  ,    ,45.3
24,03,03,2,小倉,8,03,１勝ｸﾗｽ,23,ダ,1,1000,稍,サザンレイク      ,牝,4,丸山元気,56.0,14,06,8,8,0,0.8,8,59.2,"0592",0,0,0,10,10,36,498,根本康広,美,0,20101481,01127,01029,1024280306,サザンホールディング,坂牧場,ヘニーヒューズ,ローズゴールド,サウスヴィグラス,栗毛,200408,   35.5,  ,    ,46.7
24,02,18,2,小倉,4,03,１勝ｸﾗｽ,23,ダ,1,1000,良,サザンレイク      ,牝,4,佐藤翔馬,53.0,14,03,7,7,0,0.5,4,59.6,"0596",0,0,0,1,1,37.1,498,根本康広,美,0,20101481,01207,01029,1024240303,サザンホールディング,坂牧場,ヘニーヒューズ,ローズゴールド,サウスヴィグラス,栗毛,200408,    7.9,  ,    ,41.0
24,02,11,2,小倉,2,03,１勝ｸﾗｽ,23,ダ,1,1000,良,サザンレイク      ,牝,4,藤田菜七,54.0,14,01,4,4,0,0.2,12,58.6,"0586",0,0,0,11,7,34.9,498,根本康広,美,120,20101481,01164,01029,1024220301,サザンホールディング,坂牧場,ヘニーヒューズ,ローズゴールド,サウスヴィグラス,栗毛,200408,   71.7,  ,    ,51.9
24,01,21,1,小倉,4,03,１勝ｸﾗｽ,23,ダ,1,1000,重,サザンレイク      ,牝,4,佐藤翔馬,53.0,14,09,10,10,0,0.7,13,58.3,"0583",0,0,0,4,5,35.3,494,根本康広,美,0,20101481,01207,01029,1024140309,サザンホールディング,坂牧場,ヘニーヒューズ,ローズゴールド,サウスヴィグラス,栗毛,200408,  120.7,  ,    ,47.7
23,12,16,4,中京,5,08,１勝ｸﾗｽ,23,ダ,1,1200,重,サザンレイク      ,牝,3,藤田菜七,53.0,16,02,11,11,0,1.5,11,72.1,"1121",0,0,0,6,6,36.5,490,根本康広,美,0,20101481,01164,01029,0723450802,サザンホールディング,坂牧場,ヘニーヒューズ,ローズゴールド,サウスヴィグラス,栗毛,200408,   97.2,  ,    ,47.5
23,09,02,2,札幌,7,12,１勝ｸﾗｽ,23,ダ,1,1700,稍,サザンレイク      ,牝,3,佐藤翔馬,50.0,14,04,0,0,3,999.9,0,0,"----",0,0,0,0,0,0,478,根本康広,美,0,20101481,01207,01029,0123271204,サザンホールディング,坂牧場,ヘニーヒューズ,ローズゴールド,サウスヴィグラス,栗毛,200408,    0.0,  ,    , 0.0
23,08,19,2,札幌,3,12,１勝ｸﾗｽ,23,ダ,1,1000,良,サザンレイク      ,牝,3,小林凌大,52.0,12,11,0,0,3,999.9,0,0,"----",0,0,0,0,0,0,470,根本康広,美,0,20101481,01177,01029,0123231211,サザンホールディング,坂牧場,ヘニーヒューズ,ローズゴールド,サウスヴィグラス,栗毛,200408,    0.0,  ,    , 0.0
23,08,12,2,札幌,1,07,１勝ｸﾗｽ,23,ダ,1,1000,良,サザンレイク      ,牝,3,小林勝太,51.0,12,04,6,6,0,1.1,7,60.5,"1005",0,0,0,4,5,36.9,482,根本康広,美,0,20101481,01205,01029,0123210704,サザンホールディング,坂牧場,ヘニーヒューズ,ローズゴールド,サウスヴィグラス,栗毛,200408,   28.8,  ,    ,45.9
23,07,29,1,札幌,3,06,１勝ｸﾗｽ・牝,23,ダ,1,1000,良,サザンレイク      ,牝,3,小林勝太,50.0,12,02,4,4,0,0.6,11,59.6,"0596",0,0,0,7,8,36.1,470,根本康広,美,120,20101481,01205,01029,0123130602,サザンホールディング,坂牧場,ヘニーヒューズ,ローズゴールド,サウスヴィグラス,栗毛,200408,  180.7,  ,    ,47.6
23,07,15,2,函館,5,12,１勝ｸﾗｽ,23,ダ,1,1000,不,サザンレイク      ,牝,3,丹内祐次,53.0,12,01,10,10,0,1.2,11,59.7,"0597",0,0,0,3,4,36.3,474,根本康広,美,0,20101481,01091,01029,0223251201,サザンホールディング,坂牧場,ヘニーヒューズ,ローズゴールド,サウスヴィグラス,栗毛,200408,   68.0,  ,    ,46.7
23,07,02,2,函館,2,12,１勝ｸﾗｽ,23,ダ,1,1000,稍,サザンレイク      ,牝,3,勝浦正樹,53.0,11,02,9,9,0,1.3,6,60.4,"1004",0,0,0,7,7,36.6,470,根本康広,美,0,20101481,01025,01029,0223221202,サザンホールディング,坂牧場,ヘニーヒューズ,ローズゴールド,サウスヴィグラス,栗毛,200408,   16.2,  ,    ,47.5
23,06,17,1,函館,3,08,１勝ｸﾗｽ,23,ダ,1,1000,良,サザンレイク      ,牝,3,勝浦正樹,53.0,12,09,7,7,0,1,10,60,"1000",0,0,0,9,8,35.9,472,根本康広,美,0,20101481,01025,01029,0223130809,サザンホールディング,坂牧場,ヘニーヒューズ,ローズゴールド,サウスヴィグラス,栗毛,200408,   85.3,  ,    ,50.7
23,06,10,1,函館,1,08,１勝ｸﾗｽ・牝,23,ダ,1,1000,重,サザンレイク      ,牝,3,小林勝太,50.0,11,08,6,6,0,0.9,8,58.8,"0588",0,0,0,10,8,35.5,476,根本康広,美,0,20101481,01205,01029,0223110808,サザンホールディング,坂牧場,ヘニーヒューズ,ローズゴールド,サウスヴィグラス,栗毛,200408,   30.9,  ,    ,48.5
23,04,16,3,中山,8,05,１勝ｸﾗｽ*,23,ダ,1,1200,重,サザンレイク      ,牝,3,野中悠太,54.0,16,13,12,12,0,1.8,14,72.4,"1124",0,0,0,2,2,38.3,482,根本康広,美,0,20101481,01158,01029,0623380513,サザンホールディング,坂牧場,ヘニーヒューズ,ローズゴールド,サウスヴィグラス,栗毛,200408,  315.7,  ,    ,39.0
23,03,19,2,中山,8,04,１勝ｸﾗｽ*,23,ダ,1,1200,不,サザンレイク      ,牝,3,藤田菜七,52.0,16,02,10,10,0,1.2,16,71.8,"1118",0,0,0,11,11,36.7,478,根本康広,美,0,20101481,01164,01029,0623280402,サザンホールディング,坂牧場,ヘニーヒューズ,ローズゴールド,サウスヴィグラス,栗毛,200408,  255.3,  ,    ,45.6
22,11,02,15,不明,2,08,ウィナ,3,ダ,1,1200,稍,サザンレイク      ,牝,2,岩橋勇二,54.0,11,06,10,10,0,1.4,11,75.3,"1153",0,0,0,10,10,0,476,川島洋人,地,0,20101481,05389,05706,3022F20806,サザンホールディング,坂牧場,ヘニーヒューズ,ローズゴールド,サウスヴィグラス,栗毛,200408,    0.0,  ,    , 0.0
22,10,26,14,不明,5,07,北海道,3,ダ,1,1200,良,サザンレイク      ,牝,2,桑村真明,54.0,11,04,11,11,0,4.8,4,79.8,"1198",0,0,0,1,2,0,480,川島洋人,地,0,20101481,05411,05706,3022E50704,サザンホールディング,坂牧場,ヘニーヒューズ,ローズゴールド,サウスヴィグラス,栗毛,200408,    0.0,  ,    , 0.0
22,10,05,13,不明,2,09,ウィナ,3,ダ,1,1200,重,サザンレイク      ,牝,2,小野楓馬,54.0,8,07,6,6,0,1.3,3,74.1,"1141",0,0,0,2,1,0,478,川島洋人,地,0,20101481,05592,05706,3022D20907,サザンホールディング,坂牧場,ヘニーヒューズ,ローズゴールド,サウスヴィグラス,栗毛,200408,    0.0,  ,    , 0.0
22,09,21,12,不明,2,12,リリー,147,ダ,1,1200,重,サザンレイク      ,牝,2,吉原寛人,54.0,14,04,10,10,0,2,6,75.1,"1151",0,0,0,1,1,0,478,川島洋人,地,0,20101481,05299,05706,3022C21204,サザンホールディング,坂牧場,ヘニーヒューズ,ローズゴールド,サウスヴィグラス,栗毛,200408,    0.0,  ,    , 0.0
22,08,25,10,不明,3,09,ウィナ,3,ダ,1,1200,良,サザンレイク      ,牝,2,服部茂史,54.0,7,05,3,3,0,0.3,2,74.9,"1149",0,0,0,2,2,0,480,川島洋人,地,46,20101481,05286,05706,3022A30905,サザンホールディング,坂牧場,ヘニーヒューズ,ローズゴールド,サウスヴィグラス,栗毛,200408,    0.0,  ,    , 0.0
22,07,19,7,不明,4,08,アタッ,3,ダ,1,1000,稍,サザンレイク      ,牝,2,服部茂史,54.0,9,05,1,1,0,-0.5,1,60.6,"1006",0,0,0,1,1,0,478,川島洋人,地,120,20101481,05286,05706,3022740805,サザンホールディング,坂牧場,ヘニーヒューズ,ローズゴールド,サウスヴィグラス,栗毛,200408,    0.0,  ,    , 0.0
22,07,05,6,不明,4,05,２歳牝,3,ダ,1,1000,稍,サザンレイク      ,牝,2,服部茂史,54.0,11,07,1,1,0,-0.8,4,60.8,"1008",0,0,0,1,1,0,480,川島洋人,地,50,20101481,05286,05706,3022640507,サザンホールディング,坂牧場,ヘニーヒューズ,ローズゴールド,サウスヴィグラス,栗毛,200408,    0.0,  ,    , 0.0
22,05,26,4,不明,2,06,フレッ,3,ダ,1,1000,良,サザンレイク      ,牝,2,五十嵐冬,54.0,11,03,3,3,0,0.5,4,64.2,"1042",0,0,0,1,1,0,472,川島洋人,地,46,20101481,05091,05706,3022420603,サザンホールディング,坂牧場,ヘニーヒューズ,ローズゴールド,サウスヴィグラス,栗毛,200408,    0.0,  ,    , 0.0
24,07,21,1,札幌,2,07,１勝ｸﾗｽ,23,ダ,1,1000,良,アカザ            ,牝,5,丹内祐次,56.0,9,05,4,4,0,0.9,1,60.2,"1002",0,0,0,2,2,36.2,430,伊坂重信,美,120,19104374,01091,01177,0124120705,鈴木康弘,上水牧場,ミッキーアイル,マイネハッピー,ブライアンズタイム,鹿毛,190307,    3.0,  ,    ,49.4
24,05,18,1,新潟,7,09,飛竜特別･1勝,23,芝,0,1000,良,アカザ            ,牝,5,嶋田純次,56.0,16,11,6,6,0,0.5,3,57,"0570",0,0,0,0,8,34.1,438,伊坂重信,美,0,19104374,01134,01177,0424170911,鈴木康弘,上水牧場,ミッキーアイル,マイネハッピー,ブライアンズタイム,鹿毛,190307,    5.7,  ,    ,50.7
24,05,04,1,新潟,3,12,１勝ｸﾗｽ,23,芝,0,1000,良,アカザ            ,牝,5,河原田菜,52.0,16,14,5,5,0,0.7,1,55.6,"0556",0,0,0,0,4,33.4,440,伊坂重信,美,80,19104374,01204,01177,0424131214,鈴木康弘,上水牧場,ミッキーアイル,マイネハッピー,ブライアンズタイム,鹿毛,190307,    5.7,  ,    ,49.7
24,01,28,1,小倉,6,03,１勝ｸﾗｽ,23,ダ,1,1000,良,アカザ            ,牝,5,丹内祐次,56.0,14,09,2,2,0,1.1,2,59.2,"0592",0,0,0,6,5,35.9,446,伊坂重信,美,320,19104374,01091,01177,1024160309,鈴木康弘,上水牧場,ミッキーアイル,マイネハッピー,ブライアンズタイム,鹿毛,190307,    4.3,  ,    ,47.4
24,01,21,1,小倉,4,03,１勝ｸﾗｽ,23,ダ,1,1000,重,アカザ            ,牝,5,丹内祐次,56.0,14,01,5,5,0,0.4,1,58,"0580",0,0,0,4,3,35,442,伊坂重信,美,80,19104374,01091,01177,1024140301,鈴木康弘,上水牧場,ミッキーアイル,マイネハッピー,ブライアンズタイム,鹿毛,190307,    3.0,  ,    ,48.6
24,01,14,1,小倉,2,03,１勝ｸﾗｽ,23,ダ,1,1000,良,アカザ            ,牝,5,丹内祐次,56.0,14,14,4,4,0,0.7,2,59.7,"0597",0,0,0,5,4,36.7,444,伊坂重信,美,120,19104374,01091,01177,1024120314,鈴木康弘,上水牧場,ミッキーアイル,マイネハッピー,ブライアンズタイム,鹿毛,190307,    4.1,  ,    ,44.0
23,08,06,1,札幌,6,07,１勝ｸﾗｽ,23,ダ,1,1000,不,アカザ            ,牝,4,鷲頭虎太,53.0,12,10,4,4,0,0.1,2,59.4,"0594",0,0,0,4,4,36.1,444,伊坂重信,美,120,19104374,01202,01177,0123160710,鈴木康弘,上水牧場,ミッキーアイル,マイネハッピー,ブライアンズタイム,鹿毛,190307,    3.5,  ,    ,46.8
23,07,29,1,札幌,3,06,１勝ｸﾗｽ・牝,23,ダ,1,1000,良,アカザ            ,牝,4,鷲頭虎太,53.0,12,05,3,3,0,0.6,2,59.6,"0596",0,0,0,4,2,36.2,446,伊坂重信,美,200,19104374,01202,01177,0123130605,鈴木康弘,上水牧場,ミッキーアイル,マイネハッピー,ブライアンズタイム,鹿毛,190307,    4.5,  ,    ,47.0
23,06,17,1,函館,3,08,１勝ｸﾗｽ,23,ダ,1,1000,良,アカザ            ,牝,4,鷲頭虎太,53.0,12,03,2,2,0,0.3,2,59.3,"0593",0,0,0,2,2,36.1,440,伊坂重信,美,320,19104374,01202,01177,0223130803,鈴木康弘,上水牧場,ミッキーアイル,マイネハッピー,ブライアンズタイム,鹿毛,190307,    4.6,  ,    ,46.4
23,06,10,1,函館,1,08,１勝ｸﾗｽ・牝,23,ダ,1,1000,重,アカザ            ,牝,4,丹内祐次,56.0,11,07,3,3,0,0.1,3,58,"0580",0,0,0,2,2,35.4,442,伊坂重信,美,200,19104374,01091,01177,0223110807,鈴木康弘,上水牧場,ミッキーアイル,マイネハッピー,ブライアンズタイム,鹿毛,190307,    4.8,  ,    ,45.8
23,02,05,1,小倉,8,03,１勝ｸﾗｽ,23,ダ,1,1000,良,アカザ            ,牝,4,丹内祐次,56.0,14,13,6,6,0,1,2,59.5,"0595",0,0,0,5,4,36.4,438,伊坂重信,美,0,19104374,01091,01177,1023180313,鈴木康弘,上水牧場,ミッキーアイル,マイネハッピー,ブライアンズタイム,鹿毛,190307,    4.0,  ,    ,45.2
23,01,22,1,小倉,4,03,１勝ｸﾗｽ,23,ダ,1,1000,稍,アカザ            ,牝,4,丹内祐次,56.0,14,03,3,3,0,0.3,2,58.6,"0586",0,0,0,8,7,35.5,436,伊坂重信,美,200,19104374,01091,01177,1023140303,鈴木康弘,上水牧場,ミッキーアイル,マイネハッピー,ブライアンズタイム,鹿毛,190307,    3.8,  ,    ,47.6
23,01,15,1,小倉,2,03,１勝ｸﾗｽ,23,ダ,1,1000,重,アカザ            ,牝,4,丹内祐次,56.0,14,03,2,2,0,0.1,5,57.8,"0578",0,0,0,4,3,34.8,436,伊坂重信,美,320,19104374,01091,01177,1023120303,鈴木康弘,上水牧場,ミッキーアイル,マイネハッピー,ブライアンズタイム,鹿毛,190307,    8.6,  ,    ,49.1
22,11,12,3,福島,3,04,１勝ｸﾗｽ・牝,23,ダ,1,1150,良,アカザ            ,牝,3,勝浦正樹,54.0,16,06,5,5,0,1.2,8,69.8,"1098",0,0,0,6,6,37.3,436,伊坂重信,美,77,19104374,01025,01177,0322330406,鈴木康弘,上水牧場,ミッキーアイル,マイネハッピー,ブライアンズタイム,鹿毛,190307,   35.0,  ,    ,45.1
22,10,29,4,新潟,5,03,１勝ｸﾗｽ・牝,23,ダ,1,1200,稍,アカザ            ,牝,3,丹内祐次,53.0,14,02,5,5,0,0.6,4,72.1,"1121",0,0,0,7,6,37.4,436,伊坂重信,美,77,19104374,01091,01177,0422450302,鈴木康弘,上水牧場,ミッキーアイル,マイネハッピー,ブライアンズタイム,鹿毛,190307,   13.5,  ,    ,42.8
22,10,16,4,新潟,2,03,１勝ｸﾗｽ・牝,23,ダ,1,1200,良,アカザ            ,牝,3,荻野極,53.0,15,05,7,7,0,0.8,12,72.5,"1125",0,0,0,3,3,37.9,436,伊坂重信,美,0,19104374,01160,01177,0422420305,鈴木康弘,上水牧場,ミッキーアイル,マイネハッピー,ブライアンズタイム,鹿毛,190307,   77.9,  ,    ,41.3
22,07,16,1,函館,11,07,１勝ｸﾗｽ,23,ダ,1,1000,稍,アカザ            ,牝,3,勝浦正樹,52.0,12,02,4,4,0,0.6,8,59.3,"0593",0,0,0,4,4,35.8,434,伊坂重信,美,120,19104374,01025,01177,02221B0702,鈴木康弘,上水牧場,ミッキーアイル,マイネハッピー,ブライアンズタイム,鹿毛,190307,   18.6,  ,    ,48.5
22,07,03,1,函館,8,12,１勝ｸﾗｽ,23,ダ,1,1000,稍,アカザ            ,牝,3,丹内祐次,52.0,12,11,4,4,0,1,6,59.3,"0593",0,0,0,6,6,35.7,432,伊坂重信,美,120,19104374,01091,01177,0222181211,鈴木康弘,上水牧場,ミッキーアイル,マイネハッピー,ブライアンズタイム,鹿毛,190307,   23.4,  ,    ,49.2
22,04,10,3,中山,6,05,１勝ｸﾗｽ*,23,ダ,1,1200,良,アカザ            ,牝,3,宮崎北斗,54.0,16,02,9,9,0,1.4,13,73.1,"1131",0,0,0,2,2,39.2,432,伊坂重信,美,0,19104374,01118,01177,0622360502,鈴木康弘,上水牧場,ミッキーアイル,マイネハッピー,ブライアンズタイム,鹿毛,190307,   73.9,  ,    ,36.5
22,03,26,3,中山,1,05,１勝ｸﾗｽ*,23,芝,8,1200,良,アカザ            ,牝,3,宮崎北斗,54.0,13,03,9,9,0,1,9,70.1,"1101",0,0,0,5,6,35.6,430,伊坂重信,美,0,19104374,01118,01177,0622310503,鈴木康弘,上水牧場,ミッキーアイル,マイネハッピー,ブライアンズタイム,鹿毛,190307,   35.5,  ,    ,46.9
22,02,12,2,小倉,1,03,未勝利・牝,7,ダ,1,1000,良,アカザ            ,牝,3,丹内祐次,54.0,14,04,1,1,0,0,4,60.1,"1001",0,0,0,5,5,36.8,442,古賀史生,美,520,19104374,01091,00392,1022210304,鈴木康弘,上水牧場,ミッキーアイル,マイネハッピー,ブライアンズタイム,鹿毛,190307,   10.7,  ,    ,45.0
21,10,16,4,東京,3,02,未勝利*,7,芝,0,1400,良,アカザ            ,牝,2,杉原誠人,54.0,13,05,9,9,0,0.8,9,82.7,"1227",0,0,0,2,2,35.6,444,古賀史生,美,0,19104374,01135,00392,0521430205,鈴木康弘,上水牧場,ミッキーアイル,マイネハッピー,ブライアンズタイム,鹿毛,190307,   63.2,  ,    ,49.2
21,09,20,4,中山,5,02,未勝利・牝*,7,芝,8,1600,良,アカザ            ,牝,2,杉原誠人,54.0,15,11,5,5,0,0.7,14,96.1,"1361",0,0,2,2,1,36.5,442,古賀史生,美,51,19104374,01135,00392,0621450211,鈴木康弘,上水牧場,ミッキーアイル,マイネハッピー,ブライアンズタイム,鹿毛,190307,  243.7,  ,    ,48.0
21,08,15,4,新潟,2,03,未勝利・牝*,7,芝,8,1600,稍,アカザ            ,牝,2,杉原誠人,54.0,14,04,7,7,0,1.2,9,96.5,"1365",0,0,0,8,10,34.8,442,古賀史生,美,0,19104374,01135,00392,0421420304,鈴木康弘,上水牧場,ミッキーアイル,マイネハッピー,ブライアンズタイム,鹿毛,190307,   82.5,  ,    ,56.4
21,07,10,1,福島,3,06,新馬・牝,15,芝,0,1200,稍,アカザ            ,牝,2,吉田豊,54.0,14,03,6,6,0,1.5,9,71.9,"1119",0,0,0,14,11,35.2,434,古賀史生,美,0,19104374,00733,00392,0321130603,鈴木康弘,上水牧場,ミッキーアイル,マイネハッピー,ブライアンズタイム,鹿毛,190307,   38.6,  ,    ,54.3
24,07,14,1,函館,12,03,未勝利・牝,7,芝,0,1200,良,ミッシーフォール  ,牝,3,津村明秀,55.0,16,03,14,14,0,1.7,15,71.2,"1112",0,0,0,14,14,36.6,414,矢野英一,美,0,21103271,01092,01108,02241C0303,三嶋牧場,三嶋牧場,イスラボニータ,メイショウスイヅキ,パイロ,鹿毛,210507,  185.0,  ,    ,44.5
24,04,27,1,新潟,1,06,未勝利,7,芝,0,1000,良,ミッシーフォール  ,牝,3,河原田菜,51.0,16,11,9,9,0,1.3,12,57.5,"0575",0,0,0,0,9,34.3,398,矢野英一,美,0,21103271,01204,01108,0424110611,三嶋牧場,三嶋牧場,イスラボニータ,メイショウスイヅキ,パイロ,鹿毛,210507,   65.7,  ,    ,51.5
24,02,25,2,中山,2,02,未勝利,7,ダ,1,1200,稍,ミッシーフォール  ,牝,3,藤田菜七,53.0,16,14,16,16,0,3.5,10,75.6,"1156",0,0,0,9,11,40.4,400,矢野英一,美,0,21103271,01164,01108,0624220214,三嶋牧場,三嶋牧場,イスラボニータ,メイショウスイヅキ,パイロ,鹿毛,210507,   62.4,  ,    ,37.1
23,12,02,5,中山,1,05,新馬,15,芝,8,1200,良,ミッシーフォール  ,牝,2,原優介,54.0,16,15,10,10,0,1,7,70,"1100",0,0,0,3,3,35.9,398,矢野英一,美,0,21103271,01184,01108,0623510515,三嶋牧場,三嶋牧場,イスラボニータ,メイショウスイヅキ,パイロ,鹿毛,210507,   11.6,  ,    ,45.0
24,06,29,2,福島,1,12,１勝ｸﾗｽ,23,ダ,1,1150,良,セリエル          ,牝,3,佐藤翔馬,50.0,16,01,6,6,0,0.6,1,69.1,"1091",0,0,0,1,1,38.4,452,杉浦宏昭,美,0,21104547,01207,01008,0324211201,伊東純一,松田牧場,シニスターミニスター,グラスコマチ,ルーラーシップ,黒鹿,210507,    3.2,  ,    ,37.2
24,03,17,2,中山,8,04,１勝ｸﾗｽ*,23,ダ,1,1200,良,セリエル          ,牝,3,大野拓弥,55.0,16,15,5,5,0,0.5,4,73.4,"1134",0,0,0,4,3,38.2,456,杉浦宏昭,美,78,21104547,01096,01008,0624280415,伊東純一,松田牧場,シニスターミニスター,グラスコマチ,ルーラーシップ,黒鹿,210507,   15.0,  ,    ,42.1
24,03,03,2,中山,4,04,１勝ｸﾗｽ*,23,ダ,1,1200,稍,セリエル          ,牝,3,大野拓弥,55.0,16,07,7,7,0,1,3,72.5,"1125",0,0,0,2,2,38.5,460,杉浦宏昭,美,0,21104547,01096,01008,0624240407,伊東純一,松田牧場,シニスターミニスター,グラスコマチ,ルーラーシップ,黒鹿,210507,    5.8,  ,    ,38.3
24,01,20,1,中山,6,07,１勝ｸﾗｽ*,23,ダ,1,1200,良,セリエル          ,牝,3,大野拓弥,55.0,10,04,3,3,0,0.6,8,71.5,"1115",0,0,0,1,1,38.1,464,杉浦宏昭,美,200,21104547,01096,01008,0624160704,伊東純一,松田牧場,シニスターミニスター,グラスコマチ,ルーラーシップ,黒鹿,210507,   54.4,  ,    ,37.7
23,12,17,5,中山,6,01,未勝利・牝*,7,ダ,1,1200,良,セリエル          ,牝,2,大野拓弥,55.0,16,14,1,1,0,-0.5,1,72.8,"1128",0,0,0,2,1,38.7,456,杉浦宏昭,美,550,21104547,01096,01008,0623560114,伊東純一,松田牧場,シニスターミニスター,グラスコマチ,ルーラーシップ,黒鹿,210507,    1.7,  ,    ,38.1
23,10,07,4,東京,1,01,未勝利・牝*,7,ダ,1,1400,良,セリエル          ,牝,2,大野拓弥,55.0,16,11,2,2,0,0.4,1,88,"1280",0,0,0,2,2,38.5,458,杉浦宏昭,美,220,21104547,01096,01008,0523410111,伊東純一,松田牧場,シニスターミニスター,グラスコマチ,ルーラーシップ,黒鹿,210507,    2.1,  ,    ,46.4
23,09,16,4,中山,3,01,未勝利・牝*,7,ダ,1,1200,良,セリエル          ,牝,2,大野拓弥,55.0,13,11,2,2,0,0,1,72.6,"1126",0,0,0,3,3,37.5,454,杉浦宏昭,美,220,21104547,01096,01008,0623430111,伊東純一,松田牧場,シニスターミニスター,グラスコマチ,ルーラーシップ,黒鹿,210507,    2.9,  ,    ,43.6
23,08,27,3,新潟,6,06,新馬,15,ダ,1,1200,良,セリエル          ,牝,2,酒井学,55.0,14,14,3,3,0,0.4,4,74.1,"1141",0,0,0,4,4,38.2,464,杉浦宏昭,美,180,21104547,01034,01008,0423360614,伊東純一,松田牧場,シニスターミニスター,グラスコマチ,ルーラーシップ,黒鹿,210507,    7.7,  ,    ,44.0
24,06,08,1,函館,1,08,１勝ｸﾗｽ・牝,23,ダ,1,1000,良,ムーム            ,牝,3,川又賢治,53.0,11,01,4,4,0,0.6,4,59.2,"0592",0,0,0,2,4,36.3,454,杉山佳明,栗,120,21103061,01166,01178,0224110801,永山勝敏,富田牧場,キンシャサノキセキ,エイシンスイーツ,シンボリクリスエス,鹿毛,210430,    6.4,  ,    ,44.6
24,05,04,3,京都,5,06,１勝ｸﾗｽ*,23,ダ,1,1200,良,ムーム            ,牝,3,川又賢治,55.0,14,10,8,8,0,1,9,73.7,"1137",0,0,0,3,3,38.6,452,杉山佳明,栗,0,21103061,01166,01178,0824350610,永山勝敏,富田牧場,キンシャサノキセキ,エイシンスイーツ,シンボリクリスエス,鹿毛,210430,   23.2,  ,    ,40.9
24,03,24,2,阪神,2,06,１勝ｸﾗｽ*,23,ダ,1,1200,不,ムーム            ,牝,3,川又賢治,55.0,12,08,4,4,0,1.1,9,71.6,"1116",0,0,0,4,4,36.8,448,杉山佳明,栗,120,21103061,01166,01178,0924220608,永山勝敏,富田牧場,キンシャサノキセキ,エイシンスイーツ,シンボリクリスエス,鹿毛,210430,   33.4,  ,    ,44.6
24,01,27,2,京都,1,06,１勝ｸﾗｽ*,23,ダ,1,1200,良,ムーム            ,牝,3,川又賢治,55.0,7,03,3,3,0,1.3,4,72.8,"1128",0,0,0,2,3,36.8,448,杉山佳明,栗,200,21103061,01166,01178,0824210603,永山勝敏,富田牧場,キンシャサノキセキ,エイシンスイーツ,シンボリクリスエス,鹿毛,210430,    4.9,  ,    ,47.8
24,01,14,1,京都,5,04,１勝ｸﾗｽ*,23,ダ,1,1200,良,ムーム            ,牝,3,川又賢治,55.0,11,02,3,3,0,0.4,11,73,"1130",0,0,0,3,3,38.6,448,杉山佳明,栗,200,21103061,01166,01178,0824150402,永山勝敏,富田牧場,キンシャサノキセキ,エイシンスイーツ,シンボリクリスエス,鹿毛,210430,  281.9,  ,    ,39.1
23,12,23,5,中山,7,07,１勝ｸﾗｽ*,23,ダ,1,1200,良,ムーム            ,牝,2,藤田菜七,53.0,15,12,15,15,0,3.6,11,75.2,"1152",0,0,0,11,14,40.2,444,杉山佳明,栗,0,21103061,01164,01178,0623570712,永山勝敏,富田牧場,キンシャサノキセキ,エイシンスイーツ,シンボリクリスエス,鹿毛,210430,   62.5,  ,    ,37.1
23,11,01,15,不明,1,11,エーデG3,163,ダ,1,1200,重,ムーム            ,牝,2,藤田菜七,54.0,14,11,5,5,0,0.5,8,73.6,"1136",0,0,0,2,2,0,454,杉山佳明,栗,140,21103061,01164,01178,3023F11111,永山勝敏,富田牧場,キンシャサノキセキ,エイシンスイーツ,シンボリクリスエス,鹿毛,210430,    0.0,  ,    , 0.0
23,09,17,4,中山,4,01,未勝利*,7,ダ,1,1200,良,ムーム            ,牝,2,藤田菜七,53.0,14,06,1,1,0,-0.1,6,73.2,"1132",0,0,0,1,1,38.6,436,杉山佳明,栗,550,21103061,01164,01178,0623440106,永山勝敏,富田牧場,キンシャサノキセキ,エイシンスイーツ,シンボリクリスエス,鹿毛,210430,   16.8,  ,    ,39.6
23,06,17,1,函館,3,05,新馬・牝,15,芝,0,1200,良,ムーム            ,牝,2,鷲頭虎太,52.0,14,03,13,13,0,2.1,12,73.1,"1131",0,0,0,13,13,36.4,440,杉山佳明,栗,0,21103061,01202,01178,0223130503,永山勝敏,富田牧場,キンシャサノキセキ,エイシンスイーツ,シンボリクリスエス,鹿毛,210430,   92.6,  ,    ,50.8
24,06,01,3,東京,1,07,１勝ｸﾗｽ,23,芝,0,1400,良,シュヴァルツリーベ,牝,4,伊藤工真,56.0,18,04,16,16,0,1.1,13,81.4,"1214",0,0,0,12,13,34.3,442,林徹,美,0,20106101,01119,01163,0524310704,ノルマンディーサラブレッドレーシング,リトルブルーファーム,ドレフォン,クロエチャン,スパイキュール,黒鹿,200229,  204.0,  ,    ,53.0
24,05,05,1,新潟,4,07,１勝ｸﾗｽ,23,芝,0,1400,良,シュヴァルツリーベ,牝,4,津村明秀,56.0,16,07,8,8,0,0.5,6,83.1,"1231",0,0,0,10,10,35.7,438,林徹,美,0,20106101,01092,01163,0424140707,ノルマンディーサラブレッドレーシング,リトルブルーファーム,ドレフォン,クロエチャン,スパイキュール,黒鹿,200229,   18.8,  ,    ,49.6
24,03,09,1,中京,1,12,１勝ｸﾗｽ・牝,23,芝,0,1400,良,シュヴァルツリーベ,牝,4,河原田菜,52.0,18,13,10,10,0,0.4,13,82,"1220",0,0,0,10,10,35.9,444,林徹,美,0,20106101,01204,01163,0724111213,ノルマンディーサラブレッドレーシング,リトルブルーファーム,ドレフォン,クロエチャン,スパイキュール,黒鹿,200229,   78.1,  ,    ,46.3
24,01,14,1,中山,5,06,１勝ｸﾗｽ,23,ダ,1,1200,稍,シュヴァルツリーベ,牝,4,津村明秀,56.0,16,12,11,11,0,1.5,4,73.4,"1134",0,0,0,3,2,38.6,448,林徹,美,0,20106101,01092,01163,0624150612,ノルマンディーサラブレッドレーシング,リトルブルーファーム,ドレフォン,クロエチャン,スパイキュール,黒鹿,200229,    5.2,  ,    ,40.2
23,10,15,4,東京,5,06,１勝ｸﾗｽ,23,ダ,1,1300,不,シュヴァルツリーベ,牝,3,戸崎圭太,55.0,16,03,7,7,0,0.8,3,78.7,"1187",0,0,0,5,5,36.7,436,林徹,美,0,20106101,05386,01163,0523450603,ノルマンディーサラブレッドレーシング,リトルブルーファーム,ドレフォン,クロエチャン,スパイキュール,黒鹿,200229,    6.1,  ,    ,48.1
23,09,24,4,中山,7,08,１勝ｸﾗｽ,23,ダ,1,1200,稍,シュヴァルツリーベ,牝,3,佐々木大,53.0,16,06,11,11,0,1.8,3,73.2,"1132",0,0,0,10,10,38.4,432,林徹,美,0,20106101,01197,01163,0623470806,ノルマンディーサラブレッドレーシング,リトルブルーファーム,ドレフォン,クロエチャン,スパイキュール,黒鹿,200229,    6.4,  ,    ,40.6
23,05,13,2,東京,7,06,１勝ｸﾗｽ・牝*,23,ダ,1,1400,稍,シュヴァルツリーベ,牝,3,津村明秀,54.0,16,16,4,4,0,0.6,9,83.4,"1234",0,0,0,12,10,35.5,438,林徹,美,120,20106101,01092,01163,0523270616,ノルマンディーサラブレッドレーシング,リトルブルーファーム,ドレフォン,クロエチャン,スパイキュール,黒鹿,200229,   24.1,  ,    ,51.2
23,04,16,3,中山,8,05,１勝ｸﾗｽ*,23,ダ,1,1200,重,シュヴァルツリーベ,牝,3,津村明秀,54.0,16,14,7,7,0,0.8,7,71.4,"1114",0,0,0,5,2,37.1,442,林徹,美,0,20106101,01092,01163,0623380514,ノルマンディーサラブレッドレーシング,リトルブルーファーム,ドレフォン,クロエチャン,スパイキュール,黒鹿,200229,   18.3,  ,    ,42.5
23,01,14,1,中山,5,01,未勝利・牝,7,ダ,1,1200,良,シュヴァルツリーベ,牝,3,津村明秀,54.0,16,09,1,1,0,-0.8,1,72,"1120",0,0,0,2,2,37.3,440,林徹,美,550,20106101,01092,01163,0623150109,ノルマンディーサラブレッドレーシング,リトルブルーファーム,ドレフォン,クロエチャン,スパイキュール,黒鹿,200229,    1.9,  ,    ,43.0
22,12,24,5,中山,7,01,未勝利*,7,ダ,1,1200,稍,シュヴァルツリーベ,牝,2,津村明秀,54.0,16,02,2,2,0,0,3,72,"1120",0,0,0,4,4,37.1,444,林徹,美,210,20106101,01092,01163,0622570102,ノルマンディーサラブレッドレーシング,リトルブルーファーム,ドレフォン,クロエチャン,スパイキュール,黒鹿,200229,    7.1,  ,    ,44.1
22,10,22,4,東京,6,01,未勝利・牝*,7,ダ,1,1600,良,シュヴァルツリーベ,牝,2,松山弘平,54.0,13,11,4,4,0,0.6,4,100,"1400",0,0,0,2,3,38.7,444,林徹,美,78,20106101,01126,01163,0522460111,ノルマンディーサラブレッドレーシング,リトルブルーファーム,ドレフォン,クロエチャン,スパイキュール,黒鹿,200229,    4.8,  ,    ,45.0
22,10,01,4,中山,8,06,新馬,15,ダ,1,1200,良,シュヴァルツリーベ,牝,2,佐々木大,51.0,16,05,3,3,0,1.4,4,73.1,"1131",0,0,0,9,7,37.2,446,林徹,美,180,20106101,01197,01163,0622480605,ノルマンディーサラブレッドレーシング,リトルブルーファーム,ドレフォン,クロエチャン,スパイキュール,黒鹿,200229,   16.4,  ,    ,46.5
24,07,21,1,札幌,2,07,１勝ｸﾗｽ,23,ダ,1,1000,良,サンマルリアン    ,牝,4,永野猛蔵,56.0,9,08,8,8,0,1.8,8,61.1,"1011",0,0,0,7,7,36.8,440,土田稔,美,0,20101086,01188,00417,0124120708,相馬勇,高橋啓,キズナ,デイドリーム,アドマイヤムーン,鹿毛,200508,   64.8,  ,    ,49.0
24,07,06,1,函館,9,07,１勝ｸﾗｽ,23,ダ,1,1000,稍,サンマルリアン    ,牝,4,小林勝太,53.0,11,11,11,11,0,2.2,11,60.5,"1005",0,0,0,8,8,36.3,442,土田稔,美,0,20101086,01205,00417,0224190711,相馬勇,高橋啓,キズナ,デイドリーム,アドマイヤムーン,鹿毛,200508,   96.3,  ,    ,50.0
24,06,22,1,函館,5,08,１勝ｸﾗｽ,23,ダ,1,1000,良,サンマルリアン    ,牝,4,小林勝太,53.0,12,09,8,8,0,0.8,12,59.9,"0599",0,0,0,9,9,35.8,438,土田稔,美,0,20101086,01205,00417,0224150809,相馬勇,高橋啓,キズナ,デイドリーム,アドマイヤムーン,鹿毛,200508,  178.4,  ,    ,51.0
24,06,16,1,函館,4,07,１勝ｸﾗｽ・牝,23,ダ,1,1700,良,サンマルリアン    ,牝,4,古川吉洋,56.0,14,06,11,11,0,2.2,14,107.5,"1475",0,10,11,7,8,39.2,440,土田稔,美,0,20101086,01015,00417,0224140706,相馬勇,高橋啓,キズナ,デイドリーム,アドマイヤムーン,鹿毛,200508,  134.2,  ,    ,45.0
24,04,28,1,新潟,2,06,１勝ｸﾗｽ・牝,23,ダ,1,1800,良,サンマルリアン    ,牝,4,小林勝太,53.0,10,02,7,7,0,1.2,5,115.7,"1557",0,7,7,7,7,40,444,土田稔,美,0,20101086,01205,00417,0424120602,相馬勇,高橋啓,キズナ,デイドリーム,アドマイヤムーン,鹿毛,200508,   20.1,  ,    ,44.6
24,02,04,20,不明,2,10,如月特,3,ダ,1,1750,不,サンマルリアン    ,牝,4,山田義貴,54.0,10,01,5,5,0,1.4,2,116.9,"1569",0,1,1,1,2,0,456,山田徹,無,6,20101086,05654,,5524K21001,相馬勇,高橋啓,キズナ,デイドリーム,アドマイヤムーン,鹿毛,200508,    0.0,  ,    , 0.0
24,01,21,19,不明,2,07,ＳＡＧ,3,ダ,1,1400,不,サンマルリアン    ,牝,4,山田義貴,53.0,11,06,1,1,0,-1.1,1,88.8,"1288",0,1,1,1,1,0,450,山田徹,無,85,20101086,05654,,5524J20706,相馬勇,高橋啓,キズナ,デイドリーム,アドマイヤムーン,鹿毛,200508,    0.0,  ,    , 0.0
24,01,05,18,不明,1,08,長崎街,3,ダ,1,1400,重,サンマルリアン    ,牝,4,山田義貴,54.0,11,11,3,3,0,1.3,1,90.6,"1306",0,2,2,2,2,0,458,山田徹,無,9,20101086,05654,,5524I10811,相馬勇,高橋啓,キズナ,デイドリーム,アドマイヤムーン,鹿毛,200508,    0.0,  ,    , 0.0
23,12,02,16,不明,1,11,長崎街,3,ダ,1,1300,良,サンマルリアン    ,牝,3,山田義貴,54.0,11,08,1,1,0,0,1,82.3,"1223",0,2,2,2,2,0,450,山田徹,無,55,20101086,05654,,5523G11108,相馬勇,高橋啓,キズナ,デイドリーム,アドマイヤムーン,鹿毛,200508,    0.0,  ,    , 0.0
23,11,19,15,不明,2,08,雪待月,3,ダ,1,1400,重,サンマルリアン    ,牝,3,山田義貴,54.0,10,09,1,1,0,-1.3,1,88.6,"1286",0,3,3,2,1,0,451,山田徹,無,37,20101086,05654,,5523F20809,相馬勇,高橋啓,キズナ,デイドリーム,アドマイヤムーン,鹿毛,200508,    0.0,  ,    , 0.0
23,09,02,2,札幌,7,04,未勝利,7,ダ,1,1700,稍,サンマルリアン    ,牝,3,横山武史,54.0,14,07,11,11,0,2.3,2,109.1,"1491",0,2,2,2,6,41.2,440,和田勇介,美,0,20101086,01170,01165,0123270407,相馬勇,高橋啓,キズナ,デイドリーム,アドマイヤムーン,鹿毛,200508,    5.3,  ,    ,39.9
23,08,27,2,札幌,6,04,未勝利・牝,7,ダ,1,1700,良,サンマルリアン    ,牝,3,横山武史,54.0,14,03,4,4,0,1.1,2,108.1,"1481",0,7,6,7,7,37.6,434,和田勇介,美,83,20101086,01170,01165,0123260403,相馬勇,高橋啓,キズナ,デイドリーム,アドマイヤムーン,鹿毛,200508,    3.4,  ,    ,52.3
23,08,12,2,札幌,1,02,未勝利・牝,7,ダ,1,1700,良,サンマルリアン    ,牝,3,横山武史,54.0,14,03,2,2,0,0.1,3,107.4,"1474",0,6,7,7,4,38.3,430,和田勇介,美,220,20101086,01170,01165,0123210203,相馬勇,高橋啓,キズナ,デイドリーム,アドマイヤムーン,鹿毛,200508,    4.7,  ,    ,48.4
23,07,15,2,福島,5,02,未勝利・牝,7,ダ,1,1700,稍,サンマルリアン    ,牝,3,永野猛蔵,53.0,15,05,2,2,0,0.2,8,109.1,"1491",0,4,3,4,4,40.1,424,和田勇介,美,220,20101086,01188,01165,0323250205,相馬勇,高橋啓,キズナ,デイドリーム,アドマイヤムーン,鹿毛,200508,   17.0,  ,    ,43.9
23,06,17,3,東京,5,01,未勝利・牝,7,ダ,1,1400,良,サンマルリアン    ,牝,3,永野猛蔵,53.0,16,15,4,4,0,0.8,7,86.3,"1263",0,0,0,4,4,36.8,430,和田勇介,美,83,20101086,01188,01165,0523350115,相馬勇,高橋啓,キズナ,デイドリーム,アドマイヤムーン,鹿毛,200508,   19.3,  ,    ,50.9
23,01,15,1,中山,6,05,未勝利,7,芝,8,1600,良,サンマルリアン    ,牝,3,永野猛蔵,53.0,16,01,12,12,0,1.9,11,97.4,"1374",0,0,1,1,1,38.2,440,和田勇介,美,0,20101086,01188,01165,0623160501,相馬勇,高橋啓,キズナ,デイドリーム,アドマイヤムーン,鹿毛,200508,   64.7,  ,    ,43.0
22,12,25,5,中山,8,06,新馬,15,芝,8,1600,良,サンマルリアン    ,牝,2,永野猛蔵,53.0,16,14,5,5,0,1.6,11,97.6,"1376",0,0,6,2,2,36.8,442,和田勇介,美,70,20101086,01188,01165,0622580614,相馬勇,高橋啓,キズナ,デイドリーム,アドマイヤムーン,鹿毛,200508,  131.1,  ,    ,49.1
24,05,26,2,東京,12,03,未勝利,7,ダ,1,1600,良,タンゴバイラリン  ,牡,3,田辺裕信,57.0,16,08,1,1,0,-0.1,1,96.9,"1369",0,0,0,7,6,36.9,514,栗田徹,美,550,21105272,01075,01127,05242C0308,山田弘,社台ファーム,イスラボニータ,リベルタンゴ,"Smart Strike",黒鹿,210312,    1.6,  ,    ,47.6
24,05,12,2,東京,8,02,未勝利,7,ダ,1,1600,良,タンゴバイラリン  ,牡,3,田辺裕信,57.0,16,04,2,2,0,0.1,1,97.9,"1379",0,0,0,4,3,36.5,514,栗田徹,美,220,21105272,01075,01127,0524280204,山田弘,社台ファーム,イスラボニータ,リベルタンゴ,"Smart Strike",黒鹿,210312,    2.2,  ,    ,50.9
24,04,21,2,東京,2,02,未勝利,7,ダ,1,1600,良,タンゴバイラリン  ,牡,3,田辺裕信,57.0,16,02,3,3,0,0.1,2,99.2,"1392",0,0,0,11,9,36.7,508,栗田徹,美,140,21105272,01075,01127,0524220202,山田弘,社台ファーム,イスラボニータ,リベルタンゴ,"Smart Strike",黒鹿,210312,    3.4,  ,    ,52.2
24,03,02,2,中山,3,05,未勝利,7,芝,8,2200,稍,タンゴバイラリン  ,牡,3,岩田望来,57.0,18,11,6,6,0,1.2,2,137.7,"2177",0,5,5,5,5,36.2,516,栗田徹,美,0,21105272,01174,01127,0624230511,山田弘,社台ファーム,イスラボニータ,リベルタンゴ,"Smart Strike",黒鹿,210312,    2.9,  ,    ,55.1
24,02,11,1,東京,6,05,未勝利,7,芝,0,1800,良,タンゴバイラリン  ,牡,3,田辺裕信,57.0,16,11,3,3,0,1.1,2,107.3,"1473",0,0,7,9,9,34.1,514,栗田徹,美,140,21105272,01075,01127,0524160511,山田弘,社台ファーム,イスラボニータ,リベルタンゴ,"Smart Strike",黒鹿,210312,    2.1,  ,    ,57.3
23,12,10,5,中山,4,06,未勝利*,7,芝,0,2000,良,タンゴバイラリン  ,牡,2,田辺裕信,56.0,18,12,2,2,0,0,1,120.7,"2007",0,11,10,8,4,35.1,512,栗田徹,美,220,21105272,01075,01127,0623540612,山田弘,社台ファーム,イスラボニータ,リベルタンゴ,"Smart Strike",黒鹿,210312,    3.1,  ,    ,54.5
23,11,18,5,東京,5,05,新馬,15,芝,0,2000,良,タンゴバイラリン  ,牡,2,田辺裕信,56.0,14,09,3,3,0,0.6,6,122.6,"2026",0,0,10,10,11,33.1,506,栗田徹,美,180,21105272,01075,01127,0523550509,山田弘,社台ファーム,イスラボニータ,リベルタンゴ,"Smart Strike",黒鹿,210312,   20.6,  ,    ,65.9
24,05,11,1,新潟,5,07,１勝ｸﾗｽ・若,23,芝,8,1800,良,ブライトサイン    ,牝,4,角田大河,55.0,8,03,6,6,0,1.6,6,109.1,"1491",0,0,0,6,6,37.1,466,斉藤崇史,栗,0,20103191,01199,01151,0424150703,キャロットファーム,ノーザンファーム,ハービンジャー,アウェイク,ディープインパクト,鹿毛,200229,   31.8,  ,    ,47.0
24,04,27,3,京都,3,06,１勝ｸﾗｽ,23,芝,8,2200,良,ブライトサイン    ,牝,4,団野大成,56.0,10,07,10,10,0,1.5,6,134.8,"2148",0,1,1,1,1,37,470,斉藤崇史,栗,0,20103191,01180,01151,0824330607,キャロットファーム,ノーザンファーム,ハービンジャー,アウェイク,ディープインパクト,鹿毛,200229,   24.5,  ,    ,49.1
24,03,17,1,阪神,8,07,１勝ｸﾗｽ,23,芝,8,2400,良,ブライトサイン    ,牝,4,ムルザバ,55.0,8,06,5,5,0,0.6,6,147.7,"2277",0,1,1,1,1,36,466,斉藤崇史,栗,80,20103191,05627,01151,0924180706,キャロットファーム,ノーザンファーム,ハービンジャー,アウェイク,ディープインパクト,鹿毛,200229,   25.8,  ,    ,53.4
24,01,21,1,京都,7,07,１勝ｸﾗｽ,23,芝,8,2200,重,ブライトサイン    ,牝,4,団野大成,55.0,17,01,11,11,0,2.3,14,137.5,"2175",0,8,8,9,8,38.3,462,斉藤崇史,栗,0,20103191,01180,01151,0824170701,キャロットファーム,ノーザンファーム,ハービンジャー,アウェイク,ディープインパクト,鹿毛,200229,  169.6,  ,    ,47.1
23,12,17,4,中京,6,06,１勝ｸﾗｽ・牝,23,芝,0,1600,良,ブライトサイン    ,牝,3,永島まな,52.0,16,06,13,13,0,0.9,12,95.4,"1354",0,0,15,15,15,35.1,464,斉藤崇史,栗,0,20103191,01187,01151,0723460606,キャロットファーム,ノーザンファーム,ハービンジャー,アウェイク,ディープインパクト,鹿毛,200229,   71.3,  ,    ,53.1
23,09,24,4,阪神,7,06,１勝ｸﾗｽ・牝,23,ダ,1,1400,良,ブライトサイン    ,牝,3,岩田望来,54.0,16,16,16,16,0,3.6,13,88.9,"1289",0,0,0,10,14,40.3,454,須貝尚介,栗,0,20103191,01174,01105,0923470616,キャロットファーム,ノーザンファーム,ハービンジャー,アウェイク,ディープインパクト,鹿毛,200229,  114.7,  ,    ,40.4
23,08,13,2,札幌,2,07,１勝ｸﾗｽ・牝,23,芝,0,1500,良,ブライトサイン    ,牝,3,吉田隼人,53.0,14,06,12,12,0,1.5,12,90,"1300",0,0,13,13,11,36,456,須貝尚介,栗,0,20103191,01095,01105,0123220706,キャロットファーム,ノーザンファーム,ハービンジャー,アウェイク,ディープインパクト,鹿毛,200229,   77.3,  ,    ,50.0
23,07,01,2,函館,1,09,長万部特･1勝,23,芝,0,1200,良,ブライトサイン    ,牝,3,横山武史,53.0,12,09,11,11,0,1.1,8,71.4,"1114",0,0,0,6,6,35.7,448,須貝尚介,栗,0,20103191,01170,01105,0223210909,キャロットファーム,ノーザンファーム,ハービンジャー,アウェイク,ディープインパクト,鹿毛,200229,   41.8,  ,    ,50.0
23,06,18,1,函館,4,12,１勝ｸﾗｽ・牝,23,芝,0,1200,良,ブライトサイン    ,牝,3,横山和生,53.0,15,05,10,10,0,0.9,5,70.6,"1106",0,0,0,14,10,35,444,須貝尚介,栗,0,20103191,01140,01105,0223141205,キャロットファーム,ノーザンファーム,ハービンジャー,アウェイク,ディープインパクト,鹿毛,200229,   11.4,  ,    ,51.7
23,01,21,1,小倉,3,09,萌黄賞･1勝*,23,芝,0,1200,稍,ブライトサイン    ,牝,3,幸英明,54.0,8,08,5,5,0,1,7,69.7,"1097",0,0,0,7,7,34.8,452,須貝尚介,栗,107,20103191,00732,01105,1023130908,キャロットファーム,ノーザンファーム,ハービンジャー,アウェイク,ディープインパクト,鹿毛,200229,   34.1,  ,    ,50.3
22,12,24,6,阪神,7,09,万両賞･1勝*,23,芝,0,1400,良,ブライトサイン    ,牝,2,Ｍ．デム,54.0,9,03,9,9,0,1,8,82.7,"1227",0,0,0,5,5,35.1,450,須貝尚介,栗,0,20103191,05212,01105,0922670903,キャロットファーム,ノーザンファーム,ハービンジャー,アウェイク,ディープインパクト,鹿毛,200229,   33.7,  ,    ,51.7
22,11,27,5,阪神,8,09,白菊賞･1勝*,23,芝,8,1600,良,ブライトサイン    ,牝,2,福永祐一,54.0,11,06,8,8,0,0.8,7,95,"1350",0,0,0,9,8,34.3,442,須貝尚介,栗,0,20103191,01014,01105,0922580906,キャロットファーム,ノーザンファーム,ハービンジャー,アウェイク,ディープインパクト,鹿毛,200229,   20.6,  ,    ,56.2
22,10,10,4,阪神,3,03,未勝利・牝*,7,芝,8,1600,重,ブライトサイン    ,牝,2,Ｍ．デム,54.0,12,12,1,1,0,-0.1,8,95.7,"1357",0,0,0,10,8,34,444,須貝尚介,栗,520,20103191,05212,01105,0922430312,キャロットファーム,ノーザンファーム,ハービンジャー,アウェイク,ディープインパクト,鹿毛,200229,   18.1,  ,    ,58.9
22,09,03,2,札幌,7,05,新馬,15,芝,0,1500,良,ブライトサイン    ,牝,2,ルメール,54.0,13,08,7,7,0,0.8,2,92,"1320",0,0,4,4,4,36.7,450,須貝尚介,栗,0,20103191,05339,01105,0122270508,キャロットファーム,ノーザンファーム,ハービンジャー,アウェイク,ディープインパクト,鹿毛,200229,    3.9,  ,    ,50.5
24,07,07,1,函館,10,08,１勝ｸﾗｽ・牝,23,芝,0,2000,稍,キヨラ            ,牝,6,永野猛蔵,56.0,10,09,4,4,0,0.7,6,124.9,"2049",0,10,10,8,10,36.4,484,堀内岳志,美,120,18106352,01188,01189,02241A0809,三度屋,辻牧場,エピファネイア,テンイムホウ,ラムタラ,鹿毛,180511,   14.2,  ,    ,54.2
24,03,02,2,小倉,7,08,１勝ｸﾗｽ・牝,23,芝,0,2000,稍,キヨラ            ,牝,6,黛弘人,56.0,13,13,2,2,0,0.9,5,122.6,"2026",0,12,12,11,11,35.9,474,堀内岳志,美,320,18106352,01109,01189,1024270813,三度屋,辻牧場,エピファネイア,テンイムホウ,ラムタラ,鹿毛,180511,   16.7,  ,    ,53.5
24,02,11,2,小倉,2,07,１勝ｸﾗｽ・牝,23,芝,0,1800,良,キヨラ            ,牝,6,菊沢一樹,56.0,13,09,6,6,0,0.5,3,109.6,"1496",0,12,12,13,12,35.4,478,堀内岳志,美,0,18106352,01161,01189,1024220709,三度屋,辻牧場,エピファネイア,テンイムホウ,ラムタラ,鹿毛,180511,    5.6,  ,    ,54.8
24,02,03,1,小倉,7,12,１勝ｸﾗｽ・牝,23,芝,0,2000,稍,キヨラ            ,牝,6,菊沢一樹,56.0,11,03,2,2,0,0.7,8,123.5,"2035",0,10,10,10,9,37.7,480,堀内岳志,美,320,18106352,01161,01189,1024171203,三度屋,辻牧場,エピファネイア,テンイムホウ,ラムタラ,鹿毛,180511,   20.9,  ,    ,47.5
24,01,20,1,小倉,3,07,１勝ｸﾗｽ・牝,23,芝,0,2000,稍,キヨラ            ,牝,6,菊沢一樹,56.0,15,08,4,4,0,0.4,14,122.5,"2025",0,9,9,9,8,36.9,484,堀内岳志,美,120,18106352,01161,01189,1024130708,三度屋,辻牧場,エピファネイア,テンイムホウ,ラムタラ,鹿毛,180511,   91.3,  ,    ,49.4
23,10,29,4,新潟,6,09,聖籠特別･1勝,23,芝,8,1800,不,キヨラ            ,牝,5,菊沢一樹,56.0,13,12,13,13,0,3.4,9,114.3,"1543",0,0,0,6,6,38.6,484,堀内岳志,美,0,18106352,01161,01189,0423460912,三度屋,辻牧場,エピファネイア,テンイムホウ,ラムタラ,鹿毛,180511,   18.6,  ,    ,48.1
23,10,14,4,新潟,1,10,松浜特別･1勝,23,芝,8,2000,良,キヨラ            ,牝,5,菊沢一樹,56.0,15,02,3,3,0,0.2,15,119.3,"1593",0,0,0,12,12,35,480,堀内岳志,美,280,18106352,01161,01189,0423411002,三度屋,辻牧場,エピファネイア,テンイムホウ,ラムタラ,鹿毛,180511,   95.8,  ,    ,53.2
23,07,22,2,福島,7,09,伊達特別･1勝,23,芝,0,1800,良,キヨラ            ,牝,5,菊沢一樹,56.0,14,14,5,5,0,0.2,10,109.7,"1497",0,11,11,10,11,35.3,472,堀内岳志,美,111,18106352,01161,01189,0323270914,三度屋,辻牧場,エピファネイア,テンイムホウ,ラムタラ,鹿毛,180511,   52.0,  ,    ,55.4
23,07,09,2,福島,4,09,織姫賞･1勝,23,芝,0,1800,良,キヨラ            ,牝,5,菊沢一樹,56.0,16,10,5,5,0,0.4,13,108.8,"1488",0,10,10,9,10,35.7,470,堀内岳志,美,111,18106352,01161,01189,0323240910,三度屋,辻牧場,エピファネイア,テンイムホウ,ラムタラ,鹿毛,180511,   84.7,  ,    ,52.4
23,06,18,3,東京,6,07,１勝ｸﾗｽ,23,芝,0,1800,良,キヨラ            ,牝,5,原優介,54.0,15,12,10,10,0,1.2,11,106.7,"1467",0,0,4,3,3,35.8,476,堀内岳志,美,0,18106352,01184,01189,0523360712,三度屋,辻牧場,エピファネイア,テンイムホウ,ラムタラ,鹿毛,180511,  124.1,  ,    ,49.0
23,05,14,1,新潟,6,09,尖閣湾特･1勝,23,芝,8,2000,良,キヨラ            ,牝,5,原優介,56.0,12,12,4,4,0,0.4,12,120.7,"2007",0,0,0,8,8,34.9,478,堀内岳志,美,170,18106352,01184,01189,0423160912,三度屋,辻牧場,エピファネイア,テンイムホウ,ラムタラ,鹿毛,180511,  135.1,  ,    ,55.4
23,04,30,1,新潟,2,08,１勝ｸﾗｽ,23,芝,8,1800,重,キヨラ            ,牝,5,原優介,54.0,12,06,9,9,0,1,11,111.6,"1516",0,0,0,8,8,35.5,478,堀内岳志,美,0,18106352,01184,01189,0423120806,三度屋,辻牧場,エピファネイア,テンイムホウ,ラムタラ,鹿毛,180511,  114.2,  ,    ,57.2
23,04,15,1,福島,3,10,桑折特別･1勝,23,芝,0,2000,稍,キヨラ            ,牝,5,原優介,56.0,15,06,11,11,0,1.2,6,124.3,"2043",0,2,2,2,2,37.5,468,堀内岳志,美,0,18106352,01184,01189,0323131006,三度屋,辻牧場,エピファネイア,テンイムホウ,ラムタラ,鹿毛,180511,   16.4,  ,    ,49.2
23,02,26,2,小倉,6,07,１勝ｸﾗｽ・牝,23,芝,0,2000,良,キヨラ            ,牝,5,古川奈穂,52.0,13,04,8,8,0,1,8,123.6,"2036",0,2,3,6,5,37,472,堀内岳志,美,0,18106352,01190,01189,1023260704,三度屋,辻牧場,エピファネイア,テンイムホウ,ラムタラ,鹿毛,180511,   26.7,  ,    ,50.3
23,02,18,2,小倉,3,08,１勝ｸﾗｽ・牝,23,芝,0,1800,稍,キヨラ            ,牝,5,原優介,54.0,16,07,5,5,0,0.5,14,109.9,"1499",0,1,1,1,1,36.7,476,堀内岳志,美,80,18106352,01184,01189,1023230807,三度屋,辻牧場,エピファネイア,テンイムホウ,ラムタラ,鹿毛,180511,  180.1,  ,    ,49.7
23,02,05,1,小倉,8,12,１勝ｸﾗｽ,23,芝,0,1800,良,キヨラ            ,牝,5,原優介,54.0,16,08,9,9,0,1.1,14,108.1,"1481",0,6,6,6,11,35.9,472,堀内岳志,美,0,18106352,01184,01189,1023181208,三度屋,辻牧場,エピファネイア,テンイムホウ,ラムタラ,鹿毛,180511,  255.4,  ,    ,50.6
22,12,03,6,中京,1,07,１勝ｸﾗｽ,23,芝,0,1600,良,キヨラ            ,牝,4,佐々木大,52.0,16,01,12,12,0,1.3,16,95.8,"1358",0,0,7,10,9,35,478,堀内岳志,美,0,18106352,01197,01189,0722610701,三度屋,辻牧場,エピファネイア,テンイムホウ,ラムタラ,鹿毛,180511,  173.6,  ,    ,54.2
22,02,27,2,小倉,6,12,１勝ｸﾗｽ・牝,23,芝,0,2000,良,キヨラ            ,牝,4,勝浦正樹,54.0,16,02,8,8,0,0.4,9,119.9,"1599",0,7,7,7,7,35.9,468,柄崎孝,美,0,18106352,01025,00380,1022261202,三度屋,辻牧場,エピファネイア,テンイムホウ,ラムタラ,鹿毛,180511,   59.9,  ,    ,50.3
22,02,05,1,中京,11,07,１勝ｸﾗｽ,23,芝,0,2000,良,キヨラ            ,牝,4,松田大作,54.0,11,01,7,7,0,1,8,123,"2030",0,5,5,5,7,35.2,472,柄崎孝,美,0,18106352,01030,00380,07221B0701,三度屋,辻牧場,エピファネイア,テンイムホウ,ラムタラ,鹿毛,180511,   48.4,  ,    ,56.9
21,12,19,6,中京,6,02,１勝ｸﾗｽ・牝,23,ダ,1,1400,重,キヨラ            ,牝,3,藤田菜七,52.0,16,01,13,13,0,1.6,14,85.4,"1254",0,0,0,9,8,37.8,472,柄崎孝,美,0,18106352,01164,00380,0721660201,三度屋,辻牧場,エピファネイア,テンイムホウ,ラムタラ,鹿毛,180511,  153.0,  ,    ,44.4
21,11,21,2,福島,6,09,１勝ｸﾗｽ・牝,23,芝,0,1800,良,キヨラ            ,牝,3,亀田温心,52.0,16,01,12,12,0,0.9,11,111,"1510",0,4,3,4,8,36.2,468,柄崎孝,美,0,18106352,01176,00380,0321260901,三度屋,辻牧場,エピファネイア,テンイムホウ,ラムタラ,鹿毛,180511,   40.2,  ,    ,53.3
21,10,05,8,不明,3,08,サファ,147,芝,0,2400,良,キヨラ            ,牝,3,高橋悠里,54.0,12,11,4,4,0,0.3,3,154.5,"2345",0,4,4,3,4,0,479,板垣吉則,地,18,18106352,05463,05685,3521830811,三度屋,辻牧場,エピファネイア,テンイムホウ,ラムタラ,鹿毛,180511,    0.0,  ,    , 0.0
21,09,11,4,中山,1,11,紫苑ＳG3,163,芝,0,2000,良,キヨラ            ,牝,3,内田博幸,54.0,18,05,16,16,0,1.6,18,119.8,"1598",0,13,14,14,15,34.7,476,板垣吉則,地,0,18106352,00422,05685,0621411105,三度屋,辻牧場,エピファネイア,テンイムホウ,ラムタラ,鹿毛,180511,  301.1,  ,    ,55.1
21,07,11,2,不明,1,11,オパー,147,芝,0,1700,稍,キヨラ            ,牝,3,高橋悠里,54.0,14,14,1,1,0,-0.2,5,106.6,"1466",0,2,2,2,2,0,481,板垣吉則,地,300,18106352,05463,05685,3521211114,三度屋,辻牧場,エピファネイア,テンイムホウ,ラムタラ,鹿毛,180511,    0.0,  ,    , 0.0
21,06,29,1,不明,3,12,はまな,3,芝,0,1600,良,キヨラ            ,牝,3,高橋悠里,54.0,12,11,3,3,0,0.4,3,99.2,"1392",0,4,5,4,3,0,481,板垣吉則,地,30,18106352,05463,05685,3521131211,三度屋,辻牧場,エピファネイア,テンイムホウ,ラムタラ,鹿毛,180511,    0.0,  ,    , 0.0
21,05,30,5,不明,1,07,雪柳賞,3,ダ,1,1600,良,キヨラ            ,牝,3,村上忍,54.0,10,02,4,4,0,0.7,1,105.5,"1455",0,4,4,3,4,0,486,板垣吉則,地,6,18106352,05294,05685,3621510702,三度屋,辻牧場,エピファネイア,テンイムホウ,ラムタラ,鹿毛,180511,    0.0,  ,    , 0.0
21,05,18,4,不明,3,05,３歳Ｂ,3,ダ,1,1600,良,キヨラ            ,牝,3,山本聡哉,54.0,7,05,2,2,0,0.7,2,104.1,"1441",0,3,3,2,2,0,487,板垣吉則,地,21,18106352,05445,05685,3621430505,三度屋,辻牧場,エピファネイア,テンイムホウ,ラムタラ,鹿毛,180511,    0.0,  ,    , 0.0
21,05,05,3,不明,3,05,３歳Ｂ,3,ダ,1,1400,稍,キヨラ            ,牝,3,山本聡哉,54.0,10,01,1,1,0,-0.1,1,89.6,"1296",0,4,4,4,4,0,486,板垣吉則,地,50,18106352,05445,05685,3621330501,三度屋,辻牧場,エピファネイア,テンイムホウ,ラムタラ,鹿毛,180511,    0.0,  ,    , 0.0
21,04,06,1,不明,3,06,３歳Ｂ,3,ダ,1,1400,良,キヨラ            ,牝,3,山本聡哉,54.0,10,03,3,3,0,0.2,1,91.2,"1312",0,2,2,2,1,0,485,板垣吉則,地,10,18106352,05445,05685,3621130603,三度屋,辻牧場,エピファネイア,テンイムホウ,ラムタラ,鹿毛,180511,    0.0,  ,    , 0.0
21,03,15,11,不明,4,01,３歳Ｃ,3,ダ,1,1300,不,キヨラ            ,牝,3,山本聡哉,54.0,11,07,1,1,0,-0.5,1,83.4,"1234",0,1,1,1,1,0,481,板垣吉則,地,35,18106352,05445,05685,3621B40107,三度屋,辻牧場,エピファネイア,テンイムホウ,ラムタラ,鹿毛,180511,    0.0,  ,    , 0.0
20,11,08,5,東京,2,04,未勝利・牝*,7,芝,0,1800,良,キヨラ            ,牝,2,野中悠太,54.0,13,04,12,12,0,2.4,9,111.1,"1511",0,0,9,7,5,36.8,456,柄崎孝,美,0,18106352,01158,00380,0520520404,三度屋,辻牧場,エピファネイア,テンイムホウ,ラムタラ,鹿毛,180511,   83.6,  ,    ,51.0
20,10,10,4,東京,1,05,新馬,15,芝,0,1600,不,キヨラ            ,牝,2,野中悠太,54.0,18,07,13,13,0,1.3,4,101.5,"1415",0,0,0,15,15,37.1,468,柄崎孝,美,0,18106352,01158,00380,0520410507,三度屋,辻牧場,エピファネイア,テンイムホウ,ラムタラ,鹿毛,180511,   13.3,  ,    ,54.2
24,07,20,1,札幌,1,06,未勝利,7,芝,0,1800,良,ライムストリート  ,牡,3,古川吉洋,57.0,14,04,12,12,0,2.1,14,110.8,"1508",0,11,12,14,14,36.4,474,的場均,美,0,21100931,01015,01063,0124110604,大河裕之,ヒダカフアーム,エイシンフラッシュ,ミリオーレ,ゴールドアリュール,黒鹿,210403,  312.1,  ,    ,52.2
24,06,22,3,東京,7,04,未勝利,7,芝,0,1600,稍,ライムストリート  ,牡,3,的場勇人,57.0,16,03,15,15,0,2.4,16,96.8,"1368",0,0,0,6,8,36.1,486,的場均,美,0,21100931,01108,01063,0524370403,大河裕之,ヒダカフアーム,エイシンフラッシュ,ミリオーレ,ゴールドアリュール,黒鹿,210403,  697.4,  ,    ,50.9
23,10,29,4,東京,9,01,未勝利*,7,ダ,1,1400,良,ライムストリート  ,牡,2,的場勇人,56.0,13,10,13,13,0,3,12,89.9,"1299",0,0,0,11,11,39,472,的場均,美,0,21100931,01108,01063,0523490110,大河裕之,ヒダカフアーム,エイシンフラッシュ,ミリオーレ,ゴールドアリュール,黒鹿,210403,  247.3,  ,    ,47.9
23,09,23,4,中山,6,05,新馬,15,芝,8,1600,重,ライムストリート  ,牡,2,的場勇人,55.0,16,04,15,15,0,6.4,16,104.5,"1445",0,0,11,16,16,38.8,466,的場均,美,0,21100931,01108,01063,0623460504,大河裕之,ヒダカフアーム,エイシンフラッシュ,ミリオーレ,ゴールドアリュール,黒鹿,210403,  206.7,  ,    ,51.6
24,07,20,1,札幌,1,03,未勝利,7,ダ,1,1700,良,ミッキースターダム,牡,3,浜中俊,57.0,14,12,14,14,0,3.5,3,110.4,"1504",0,3,5,3,4,42,450,音無秀孝,栗,0,21105765,01115,01002,0124110312,野田みづき,ノーザンファーム,エピファネイア,ベルダム,ディープインパクト,鹿毛,210212,    6.8,  ,    ,38.8
24,05,26,3,京都,12,03,未勝利,7,芝,0,1600,良,ミッキースターダム,牡,3,菱田裕二,57.0,17,17,6,6,0,0.1,2,93.8,"1338",0,0,0,5,3,34.8,456,音無秀孝,栗,0,21105765,01144,01002,08243C0317,野田みづき,ノーザンファーム,エピファネイア,ベルダム,ディープインパクト,鹿毛,210212,    4.5,  ,    ,51.7
24,03,23,1,中京,5,02,未勝利,7,芝,0,1400,重,ミッキースターダム,牡,3,団野大成,57.0,18,11,10,10,0,1.3,1,84.9,"1249",0,0,0,7,7,36,460,音無秀孝,栗,0,21105765,01180,01002,0724150211,野田みづき,ノーザンファーム,エピファネイア,ベルダム,ディープインパクト,鹿毛,210212,    2.6,  ,    ,51.9
24,03,03,1,阪神,4,04,未勝利,7,芝,8,1600,良,ミッキースターダム,牡,3,ムルザバ,57.0,15,04,3,3,0,1.1,1,95.9,"1359",0,0,0,6,4,34.8,468,音無秀孝,栗,140,21105765,05627,01002,0924140404,野田みづき,ノーザンファーム,エピファネイア,ベルダム,ディープインパクト,鹿毛,210212,    1.9,  ,    ,55.3
24,01,07,1,京都,2,05,未勝利,7,芝,0,1600,良,ミッキースターダム,牡,3,川田将雅,57.0,18,12,2,2,0,0.2,2,96.9,"1369",0,0,0,6,5,36.6,466,音無秀孝,栗,220,21105765,01088,01002,0824120512,野田みづき,ノーザンファーム,エピファネイア,ベルダム,ディープインパクト,鹿毛,210212,    2.5,  ,    ,48.9
23,12,17,5,阪神,6,06,未勝利*,7,芝,8,1600,稍,ミッキースターダム,牡,2,川田将雅,56.0,12,02,2,2,0,0.1,1,95.5,"1355",0,0,0,5,4,36.3,460,音無秀孝,栗,220,21105765,01088,01002,0923560602,野田みづき,ノーザンファーム,エピファネイア,ベルダム,ディープインパクト,鹿毛,210212,    1.9,  ,    ,47.9
23,11,25,3,京都,7,03,未勝利*,7,芝,8,1800,良,ミッキースターダム,牡,2,川田将雅,56.0,14,08,3,3,0,0.5,1,108.9,"1489",0,0,0,4,4,34.7,466,音無秀孝,栗,140,21105765,01088,01002,0823370308,野田みづき,ノーザンファーム,エピファネイア,ベルダム,ディープインパクト,鹿毛,210212,    2.3,  ,    ,56.9
23,09,16,4,阪神,3,03,未勝利*,7,芝,8,1800,良,ミッキースターダム,牡,2,岩田望来,55.0,9,08,2,2,0,0.4,1,108.7,"1487",0,0,0,6,6,33.5,442,音無秀孝,栗,220,21105765,01174,01002,0923430308,野田みづき,ノーザンファーム,エピファネイア,ベルダム,ディープインパクト,鹿毛,210212,    1.3,  ,    ,62.2
23,07,30,2,新潟,2,05,新馬,15,芝,8,1800,良,ミッキースターダム,牡,2,戸崎圭太,55.0,9,06,2,2,0,0.1,3,106.5,"1465",0,0,0,4,4,34.2,440,音無秀孝,栗,290,21105765,05386,01002,0423220506,野田みづき,ノーザンファーム,エピファネイア,ベルダム,ディープインパクト,鹿毛,210212,    4.8,  ,    ,55.7
24,06,02,3,東京,2,07,１勝ｸﾗｽ・牝,23,芝,0,2000,稍,レイククレセント  ,牝,3,横山武史,53.0,9,09,6,6,0,1,2,123.1,"2031",0,0,8,8,8,33.5,422,大竹正博,美,0,21105077,01170,01102,0524320709,社台レースホース,社台ファーム,ハーツクライ,ジュリエットシアトル,"Seattle Fitz",鹿毛,210202,    3.4,  ,    ,64.6
24,04,06,3,中山,5,05,未勝利,7,芝,0,2000,稍,レイククレセント  ,牝,3,横山武史,55.0,18,05,1,1,0,-0.1,2,122.7,"2027",0,9,9,8,8,35.3,422,大竹正博,美,550,21105077,01170,01102,0624350505,社台レースホース,社台ファーム,ハーツクライ,ジュリエットシアトル,"Seattle Fitz",鹿毛,210202,    4.2,  ,    ,56.1
24,01,27,1,東京,1,05,新馬,15,芝,0,1600,良,レイククレセント  ,牝,3,横山武史,55.0,16,15,3,3,0,0.3,1,95,"1350",0,0,0,7,8,34.1,416,大竹正博,美,160,21105077,01170,01102,0524110515,社台レースホース,社台ファーム,ハーツクライ,ジュリエットシアトル,"Seattle Fitz",鹿毛,210202,    3.3,  ,    ,57.2
24,07,14,1,函館,12,09,臥牛山特･1勝,23,芝,0,1800,良,コスモエクスプレス,牡,5,丹内祐次,58.0,13,07,9,9,0,1,4,110,"1500",0,13,13,13,12,35.4,490,松永康利,美,0,19100702,01091,01093,02241C0907,ビッグレッドファーム,ハシモトフアーム,エイシンヒカリ,ルヴェソンヴェール,クロフネ,芦毛,190320,   10.0,  ,    ,55.4
24,06,29,1,函館,7,07,１勝ｸﾗｽ,23,芝,0,2000,良,コスモエクスプレス,牡,5,丹内祐次,58.0,11,09,5,5,0,0.4,7,121,"2010",0,11,11,11,9,35.9,492,松永康利,美,80,19100702,01091,01093,0224170709,ビッグレッドファーム,ハシモトフアーム,エイシンヒカリ,ルヴェソンヴェール,クロフネ,芦毛,190320,   18.1,  ,    ,51.6
24,06,15,1,函館,3,10,奥尻特別･1勝,23,芝,0,2000,良,コスモエクスプレス,牡,5,丹内祐次,58.0,12,04,4,4,0,0.3,7,120.1,"2001",0,12,12,12,10,35.3,484,松永康利,美,170,19100702,01091,01093,0224131004,ビッグレッドファーム,ハシモトフアーム,エイシンヒカリ,ルヴェソンヴェール,クロフネ,芦毛,190320,   12.3,  ,    ,53.0
24,06,08,1,函館,1,07,１勝ｸﾗｽ,23,芝,0,2000,良,コスモエクスプレス,牡,5,丹内祐次,58.0,13,02,6,6,0,0.1,7,120.7,"2007",0,12,12,4,4,35.7,482,松永康利,美,0,19100702,01091,01093,0224110702,ビッグレッドファーム,ハシモトフアーム,エイシンヒカリ,ルヴェソンヴェール,クロフネ,芦毛,190320,   19.8,  ,    ,52.0
24,03,02,2,小倉,7,10,高千穂特･1勝,23,芝,0,1800,稍,コスモエクスプレス,牡,5,丹内祐次,58.0,13,02,7,7,0,1.1,2,110.1,"1501",0,13,13,12,11,35.5,492,松永康利,美,0,19100702,01091,01093,1024271002,ビッグレッドファーム,ハシモトフアーム,エイシンヒカリ,ルヴェソンヴェール,クロフネ,芦毛,190320,    4.0,  ,    ,55.1
24,02,24,2,小倉,5,06,１勝ｸﾗｽ,23,芝,0,1800,重,コスモエクスプレス,牡,5,丹内祐次,58.0,13,13,2,2,0,0.2,3,109.3,"1493",0,9,9,5,3,36.2,494,松永康利,美,320,19100702,01091,01093,1024250613,ビッグレッドファーム,ハシモトフアーム,エイシンヒカリ,ルヴェソンヴェール,クロフネ,芦毛,190320,    4.0,  ,    ,51.0
24,02,10,2,小倉,1,08,１勝ｸﾗｽ,23,芝,0,2000,良,コスモエクスプレス,牡,5,丹内祐次,58.0,11,07,6,6,0,0.5,1,121.8,"2018",0,11,11,10,9,34.7,490,松永康利,美,0,19100702,01091,01093,1024210807,ビッグレッドファーム,ハシモトフアーム,エイシンヒカリ,ルヴェソンヴェール,クロフネ,芦毛,190320,    2.4,  ,    ,57.6
24,01,28,1,小倉,6,12,１勝ｸﾗｽ,23,芝,0,2000,稍,コスモエクスプレス,牡,5,丹内祐次,58.0,13,03,2,2,0,0.1,3,122,"2020",0,13,13,12,10,36.2,488,松永康利,美,320,19100702,01091,01093,1024161203,ビッグレッドファーム,ハシモトフアーム,エイシンヒカリ,ルヴェソンヴェール,クロフネ,芦毛,190320,    4.3,  ,    ,51.6
24,01,13,1,小倉,1,08,１勝ｸﾗｽ,23,芝,0,1800,良,コスモエクスプレス,牡,5,丹内祐次,58.0,16,14,2,2,0,0.2,9,106.9,"1469",0,12,12,10,7,35,488,松永康利,美,320,19100702,01091,01093,1024110814,ビッグレッドファーム,ハシモトフアーム,エイシンヒカリ,ルヴェソンヴェール,クロフネ,芦毛,190320,   36.0,  ,    ,52.7
23,12,28,5,中山,9,07,１勝ｸﾗｽ,23,芝,0,1800,良,コスモエクスプレス,牡,4,モリス,58.0,16,08,5,5,0,0.7,10,108.3,"1483",0,15,15,16,15,35.4,492,松永康利,美,80,19100702,05641,01093,0623590708,ビッグレッドファーム,ハシモトフアーム,エイシンヒカリ,ルヴェソンヴェール,クロフネ,芦毛,190320,   68.7,  ,    ,53.0
23,09,03,2,札幌,8,07,１勝ｸﾗｽ,23,芝,0,1800,良,コスモエクスプレス,牡,4,丹内祐次,58.0,14,09,8,8,0,0.7,6,110.9,"1509",0,14,14,3,1,36.1,484,松永康利,美,0,19100702,01091,01093,0123280709,ビッグレッドファーム,ハシモトフアーム,エイシンヒカリ,ルヴェソンヴェール,クロフネ,芦毛,190320,   12.7,  ,    ,53.6
23,08,19,2,札幌,3,10,富良野特･1勝,23,芝,0,2000,良,コスモエクスプレス,牡,4,丹内祐次,58.0,16,01,4,4,0,0.7,8,122.5,"2025",0,16,16,11,4,35.3,470,松永康利,美,170,19100702,01091,01093,0123231001,ビッグレッドファーム,ハシモトフアーム,エイシンヒカリ,ルヴェソンヴェール,クロフネ,芦毛,190320,   27.3,  ,    ,55.9
23,08,05,1,札幌,5,08,１勝ｸﾗｽ,23,芝,0,1800,稍,コスモエクスプレス,牡,4,丹内祐次,58.0,13,07,9,9,0,1.3,4,110.5,"1505",0,13,13,12,10,35.4,476,松永康利,美,0,19100702,01091,01093,0123150807,ビッグレッドファーム,ハシモトフアーム,エイシンヒカリ,ルヴェソンヴェール,クロフネ,芦毛,190320,   11.4,  ,    ,56.1
23,07,16,2,函館,6,09,臥牛山特･1勝,23,芝,0,1800,稍,コスモエクスプレス,牡,4,丹内祐次,58.0,14,11,2,2,0,0.2,2,111.2,"1512",0,14,14,12,10,35.7,474,松永康利,美,440,19100702,01091,01093,0223260911,ビッグレッドファーム,ハシモトフアーム,エイシンヒカリ,ルヴェソンヴェール,クロフネ,芦毛,190320,    5.7,  ,    ,55.7
23,07,08,2,函館,3,09,北斗特別･1勝,23,芝,0,2000,良,コスモエクスプレス,牡,4,丹内祐次,58.0,10,08,2,2,0,0.1,9,120.9,"2009",0,4,3,3,2,35,478,松永康利,美,440,19100702,01091,01093,0223230908,ビッグレッドファーム,ハシモトフアーム,エイシンヒカリ,ルヴェソンヴェール,クロフネ,芦毛,190320,   42.7,  ,    ,55.2
23,06,18,1,函館,4,09,八雲特別･1勝,23,芝,0,1800,良,コスモエクスプレス,牡,4,吉田隼人,58.0,11,08,4,4,0,0.1,10,109,"1490",0,9,8,4,2,34.9,480,松永康利,美,170,19100702,01095,01093,0223140908,ビッグレッドファーム,ハシモトフアーム,エイシンヒカリ,ルヴェソンヴェール,クロフネ,芦毛,190320,   22.5,  ,    ,56.2
23,05,13,2,東京,7,08,１勝ｸﾗｽ,23,芝,0,1800,良,コスモエクスプレス,牡,4,丹内祐次,58.0,9,03,6,6,0,0.8,6,107.8,"1478",0,0,7,9,9,33.5,478,松永康利,美,0,19100702,01091,01093,0523270803,ビッグレッドファーム,ハシモトフアーム,エイシンヒカリ,ルヴェソンヴェール,クロフネ,芦毛,190320,   29.0,  ,    ,60.9
23,04,30,1,新潟,2,08,１勝ｸﾗｽ,23,芝,8,1800,重,コスモエクスプレス,牡,4,丹内祐次,58.0,12,08,5,5,0,0.6,4,111.2,"1512",0,0,0,9,9,35,480,松永康利,美,80,19100702,01091,01093,0423120808,ビッグレッドファーム,ハシモトフアーム,エイシンヒカリ,ルヴェソンヴェール,クロフネ,芦毛,190320,   10.6,  ,    ,58.9
23,04,15,1,福島,3,08,１勝ｸﾗｽ,23,芝,0,1800,稍,コスモエクスプレス,牡,4,丹内祐次,58.0,16,13,3,3,0,0.2,11,108.9,"1489",0,13,13,11,9,36,480,松永康利,美,200,19100702,01091,01093,0323130813,ビッグレッドファーム,ハシモトフアーム,エイシンヒカリ,ルヴェソンヴェール,クロフネ,芦毛,190320,   50.9,  ,    ,51.2
23,02,26,2,小倉,6,09,高千穂特･1勝,23,芝,0,1800,良,コスモエクスプレス,牡,4,丹内祐次,57.0,15,02,9,9,0,0.9,7,110.9,"1509",0,5,5,7,6,36.1,482,松永康利,美,0,19100702,01091,01093,1023260902,ビッグレッドファーム,ハシモトフアーム,エイシンヒカリ,ルヴェソンヴェール,クロフネ,芦毛,190320,   15.2,  ,    ,53.6
23,01,28,1,小倉,5,09,日田特別･1勝,23,芝,0,1800,重,コスモエクスプレス,牡,4,丹内祐次,57.0,14,14,6,6,0,0.4,11,110.5,"1505",0,9,9,5,4,36.6,476,松永康利,美,0,19100702,01091,01093,1023150914,ビッグレッドファーム,ハシモトフアーム,エイシンヒカリ,ルヴェソンヴェール,クロフネ,芦毛,190320,   37.6,  ,    ,51.0
22,12,18,6,中京,6,07,１勝ｸﾗｽ,23,芝,0,1600,良,コスモエクスプレス,牡,3,原優介,54.0,16,04,3,3,0,0.1,16,95.4,"1354",0,0,11,11,10,34.8,472,松永康利,美,190,19100702,01184,01093,0722660704,ビッグレッドファーム,ハシモトフアーム,エイシンヒカリ,ルヴェソンヴェール,クロフネ,芦毛,190320,  398.2,  ,    ,54.5
22,12,11,6,中京,4,12,１勝ｸﾗｽ,23,芝,0,1600,良,コスモエクスプレス,牡,3,角田大河,54.0,16,15,14,14,0,1.4,13,95.7,"1357",0,0,13,12,12,34.4,472,松永康利,美,0,19100702,01199,01093,0722641215,ビッグレッドファーム,ハシモトフアーム,エイシンヒカリ,ルヴェソンヴェール,クロフネ,芦毛,190320,  141.6,  ,    ,56.9
22,11,19,3,福島,5,09,三春駒特･1勝,23,芝,0,1800,良,コスモエクスプレス,牡,3,柴田大知,55.0,16,12,15,15,0,1.3,12,110.4,"1504",0,14,14,12,15,36,472,松永康利,美,0,19100702,01009,01093,0322350912,ビッグレッドファーム,ハシモトフアーム,エイシンヒカリ,ルヴェソンヴェール,クロフネ,芦毛,190320,   31.7,  ,    ,53.3
22,08,07,2,新潟,4,12,１勝ｸﾗｽ,23,芝,8,1600,良,コスモエクスプレス,牡,3,柴田大知,54.0,18,18,15,15,0,2.1,15,95.5,"1355",0,0,0,18,18,33.7,466,松永康利,美,0,19100702,01009,01093,0422241218,ビッグレッドファーム,ハシモトフアーム,エイシンヒカリ,ルヴェソンヴェール,クロフネ,芦毛,190320,   69.8,  ,    ,60.0
22,07,17,2,福島,6,07,未勝利,7,芝,0,1800,良,コスモエクスプレス,牡,3,柴田大知,56.0,16,12,1,1,0,-0.1,3,109.9,"1499",0,5,5,5,4,35.8,466,松永康利,美,520,19100702,01009,01093,0322260712,ビッグレッドファーム,ハシモトフアーム,エイシンヒカリ,ルヴェソンヴェール,クロフネ,芦毛,190320,    5.7,  ,    ,53.5
22,06,25,3,東京,7,06,未勝利,7,芝,0,1600,良,コスモエクスプレス,牡,3,柴田大知,56.0,16,02,3,3,0,0.6,5,94.2,"1342",0,0,0,5,4,35,466,松永康利,美,130,19100702,01009,01093,0522370602,ビッグレッドファーム,ハシモトフアーム,エイシンヒカリ,ルヴェソンヴェール,クロフネ,芦毛,190320,   22.6,  ,    ,51.5
22,06,04,3,東京,1,04,未勝利,7,芝,0,1400,良,コスモエクスプレス,牡,3,柴田大知,56.0,18,04,5,5,0,0.8,5,81.9,"1219",0,0,0,16,14,34.1,464,松永康利,美,52,19100702,01009,01093,0522310404,ビッグレッドファーム,ハシモトフアーム,エイシンヒカリ,ルヴェソンヴェール,クロフネ,芦毛,190320,    8.6,  ,    ,55.1
22,05,15,2,東京,8,04,未勝利,7,芝,0,1400,良,コスモエクスプレス,牡,3,柴田大知,56.0,18,08,2,2,0,0.5,7,82.4,"1224",0,0,0,10,9,34.6,468,松永康利,美,210,19100702,01009,01093,0522280408,ビッグレッドファーム,ハシモトフアーム,エイシンヒカリ,ルヴェソンヴェール,クロフネ,芦毛,190320,   22.6,  ,    ,53.6
22,04,24,2,東京,2,03,未勝利,7,芝,0,1400,良,コスモエクスプレス,牡,3,柴田大知,56.0,18,14,5,5,0,0.6,9,82.8,"1228",0,0,0,9,9,34,468,松永康利,美,52,19100702,01009,01093,0522220314,ビッグレッドファーム,ハシモトフアーム,エイシンヒカリ,ルヴェソンヴェール,クロフネ,芦毛,190320,   60.6,  ,    ,57.6
22,03,08,27,不明,1,10,名古屋,3,ダ,1,1400,良,コスモエクスプレス,牡,3,丸野勝虎,56.0,10,09,3,3,0,1.6,2,92.8,"1328",0,2,2,2,2,0,452,西園正都,栗,10,19100702,05053,01028,4822R11009,ビッグレッドファーム,ハシモトフアーム,エイシンヒカリ,ルヴェソンヴェール,クロフネ,芦毛,190320,    0.0,  ,    , 0.0
21,12,28,6,阪神,9,01,未勝利*,7,ダ,1,1800,良,コスモエクスプレス,牡,2,丹内祐次,55.0,12,10,10,10,0,2,6,117.3,"1573",0,9,10,11,11,39.3,456,西園正都,栗,0,19100702,01091,01028,0921690110,ビッグレッドファーム,ハシモトフアーム,エイシンヒカリ,ルヴェソンヴェール,クロフネ,芦毛,190320,   21.7,  ,    ,49.2
21,12,04,6,阪神,1,05,新馬,15,芝,8,1800,良,コスモエクスプレス,牡,2,Ｍ．デム,55.0,11,03,7,7,0,1.5,7,108.8,"1488",0,0,0,2,2,36.1,450,西園正都,栗,0,19100702,05212,01028,0921610503,ビッグレッドファーム,ハシモトフアーム,エイシンヒカリ,ルヴェソンヴェール,クロフネ,芦毛,190320,   49.7,  ,    ,50.7
24,07,21,1,札幌,2,08,１勝ｸﾗｽ,23,芝,0,2000,良,カエルム          ,牡,3,藤岡佑介,55.0,10,06,5,5,0,0.2,7,120.3,"2003",0,10,10,6,7,34.8,462,安田翔伍,栗,80,21105160,01093,01164,0124120806,金子真人ホールディングス,社台ファーム,ブラックタイド,ハウオリ,キングカメハメハ,鹿毛,210313,   31.1,  ,    ,55.3
24,06,30,1,函館,8,08,１勝ｸﾗｽ,23,芝,0,1800,良,カエルム          ,牡,3,藤岡佑介,55.0,15,02,7,7,0,0.7,4,109.5,"1495",0,13,13,13,13,35,470,安田翔伍,栗,0,21105160,01093,01164,0224180802,金子真人ホールディングス,社台ファーム,ブラックタイド,ハウオリ,キングカメハメハ,鹿毛,210313,    9.2,  ,    ,56.4
24,05,18,3,京都,9,09,メルボル･1勝,23,芝,0,1600,良,カエルム          ,牡,3,斎藤新,57.0,14,02,7,7,0,0.6,7,93.5,"1335",0,0,0,10,10,33.4,476,安田翔伍,栗,0,21105160,01178,01164,0824390902,金子真人ホールディングス,社台ファーム,ブラックタイド,ハウオリ,キングカメハメハ,鹿毛,210313,   23.1,  ,    ,58.0
24,02,10,2,京都,5,09,こぶし賞･1勝,23,芝,0,1600,良,カエルム          ,牡,3,武豊,57.0,9,09,6,6,0,0.9,1,95.8,"1358",0,0,0,9,9,34.4,476,安田翔伍,栗,0,21105160,00666,01164,0824250909,金子真人ホールディングス,社台ファーム,ブラックタイド,ハウオリ,キングカメハメハ,鹿毛,210313,    3.1,  ,    ,57.1
24,01,27,2,京都,1,08,白梅賞･1勝*,23,芝,0,1600,良,カエルム          ,牡,3,武豊,57.0,7,03,2,2,0,0.2,1,94.5,"1345",0,0,0,5,6,35.7,470,安田翔伍,栗,430,21105160,00666,01164,0824210803,金子真人ホールディングス,社台ファーム,ブラックタイド,ハウオリ,キングカメハメハ,鹿毛,210313,    2.8,  ,    ,48.8
24,01,07,1,京都,2,06,１勝ｸﾗｽ*,23,芝,0,2000,良,カエルム          ,牡,3,Ｍ．デム,57.0,9,04,3,3,0,0.6,5,123.4,"2034",0,2,2,3,3,34.8,466,安田翔伍,栗,200,21105160,05212,01164,0824120604,金子真人ホールディングス,社台ファーム,ブラックタイド,ハウオリ,キングカメハメハ,鹿毛,210313,   16.3,  ,    ,59.1
23,10,22,4,新潟,4,01,未勝利*,7,芝,8,1800,重,カエルム          ,牡,2,斎藤新,56.0,9,08,1,1,0,-0.2,2,109.8,"1498",0,0,0,3,4,34.8,476,安田翔伍,栗,550,21105160,01178,01164,0423440108,金子真人ホールディングス,社台ファーム,ブラックタイド,ハウオリ,キングカメハメハ,鹿毛,210313,    4.3,  ,    ,57.8
23,10,08,4,東京,2,03,未勝利*,7,芝,0,2000,良,カエルム          ,牡,2,横山典弘,56.0,9,08,3,3,0,0.2,2,122.9,"2029",0,0,4,4,3,34.3,474,安田翔伍,栗,140,21105160,00660,01164,0523420308,金子真人ホールディングス,社台ファーム,ブラックタイド,ハウオリ,キングカメハメハ,鹿毛,210313,    3.6,  ,    ,60.7
23,09,10,4,阪神,2,05,新馬,15,芝,8,1800,良,カエルム          ,牡,2,横山典弘,55.0,7,02,4,4,0,0.6,4,108.9,"1489",0,0,0,3,3,34.7,476,安田翔伍,栗,110,21105160,00660,01164,0923420502,金子真人ホールディングス,社台ファーム,ブラックタイド,ハウオリ,キングカメハメハ,鹿毛,210313,    6.1,  ,    ,56.9
24,07,20,1,札幌,1,12,１勝ｸﾗｽ,23,ダ,1,1700,良,ダノンペドロ      ,セ,4,佐々木大,58.0,12,04,6,6,0,1,7,107.8,"1478",0,5,3,5,6,40.6,484,寺島良,栗,0,20103453,01197,01158,0124111204,ダノックス,ノーザンファーム,サトノダイヤモンド,セットスクエア,Reset,鹿毛,200413,   15.5,  ,    ,40.3
24,07,07,1,函館,10,07,１勝ｸﾗｽ,23,ダ,1,1700,重,ダノンペドロ      ,セ,4,高杉吏麒,55.0,9,01,5,5,0,0.8,4,104.1,"1441",0,4,4,4,3,37.4,482,寺島良,栗,80,20103453,01213,01158,02241A0701,ダノックス,ノーザンファーム,サトノダイヤモンド,セットスクエア,Reset,鹿毛,200413,    9.9,  ,    ,47.3
24,03,16,1,阪神,7,07,１勝ｸﾗｽ,23,ダ,1,1800,良,ダノンペドロ      ,セ,4,ムルザバ,58.0,9,02,4,4,0,0.4,4,114.9,"1549",0,7,7,6,5,37.8,470,寺島良,栗,120,20103453,05627,01158,0924170702,ダノックス,ノーザンファーム,サトノダイヤモンド,セットスクエア,Reset,鹿毛,200413,    5.8,  ,    ,52.0
24,03,02,1,阪神,3,07,１勝ｸﾗｽ,23,ダ,1,2000,稍,ダノンペドロ      ,セ,4,ムルザバ,58.0,8,03,5,5,0,0.7,1,128.2,"2082",0,2,2,1,2,38.5,472,寺島良,栗,80,20103453,05627,01158,0924130703,ダノックス,ノーザンファーム,サトノダイヤモンド,セットスクエア,Reset,鹿毛,200413,    1.9,  ,    ,49.9
24,02,10,2,京都,5,07,１勝ｸﾗｽ,23,ダ,1,1900,良,ダノンペドロ      ,セ,4,今村聖奈,54.0,7,05,3,3,0,0.6,3,120.9,"2009",0,5,6,6,6,38,476,寺島良,栗,200,20103453,01193,01158,0824250705,ダノックス,ノーザンファーム,サトノダイヤモンド,セットスクエア,Reset,鹿毛,200413,    4.9,  ,    ,50.7
23,12,10,4,中京,4,07,１勝ｸﾗｽ・若,23,ダ,1,1800,良,ダノンペドロ      ,セ,3,今村聖奈,54.0,10,03,3,3,0,0.3,2,114.7,"1547",0,6,6,7,5,38.2,480,寺島良,栗,200,20103453,01193,01158,0723440703,ダノックス,ノーザンファーム,サトノダイヤモンド,セットスクエア,Reset,鹿毛,200413,    4.1,  ,    ,50.1
23,11,26,3,京都,8,05,１勝ｸﾗｽ,23,芝,0,2000,良,ダノンペドロ      ,セ,3,今村聖奈,53.0,14,02,5,5,0,0.3,5,121.2,"2012",0,1,1,1,1,35.2,478,寺島良,栗,80,20103453,01193,01158,0823380502,ダノックス,ノーザンファーム,サトノダイヤモンド,セットスクエア,Reset,鹿毛,200413,   15.0,  ,    ,54.7
23,11,04,3,京都,1,07,１勝ｸﾗｽ,23,芝,8,2200,良,ダノンペドロ      ,セ,3,今村聖奈,53.0,11,06,3,3,0,0.3,7,132.4,"2124",0,2,2,1,1,34.7,474,寺島良,栗,200,20103453,01193,01158,0823310706,ダノックス,ノーザンファーム,サトノダイヤモンド,セットスクエア,Reset,鹿毛,200413,   54.3,  ,    ,55.6
23,09,30,4,阪神,8,07,１勝ｸﾗｽ,23,芝,8,2600,良,ダノンペドロ      ,セ,3,岩田望来,55.0,8,02,6,6,0,1.3,5,158,"2380",0,3,4,3,4,36.4,470,寺島良,栗,0,20103453,01174,01158,0923480702,ダノックス,ノーザンファーム,サトノダイヤモンド,セットスクエア,Reset,鹿毛,200413,   12.6,  ,    ,50.2
23,07,01,3,中京,1,09,御在所特･1勝,23,芝,0,2000,重,ダノンペドロ      ,牡,3,岩田望来,55.0,8,04,5,5,0,1.3,4,123,"2030",0,2,2,2,2,36.1,474,寺島良,栗,111,20103453,01174,01158,0723310904,ダノックス,ノーザンファーム,サトノダイヤモンド,セットスクエア,Reset,鹿毛,200413,    7.6,  ,    ,53.2
23,04,16,2,阪神,8,06,１勝ｸﾗｽ*,23,芝,0,2000,稍,ダノンペドロ      ,牡,3,浜中俊,56.0,12,12,9,9,0,1,10,122,"2020",0,11,11,11,11,35.2,470,寺島良,栗,0,20103453,01115,01158,0923280612,ダノックス,ノーザンファーム,サトノダイヤモンド,セットスクエア,Reset,鹿毛,200413,   28.6,  ,    ,55.7
23,03,11,1,阪神,9,09,ゆきやな･1勝,23,芝,8,2400,良,ダノンペドロ      ,牡,3,松山弘平,56.0,12,01,10,10,0,1.7,7,147.6,"2276",0,11,11,11,10,35.4,470,寺島良,栗,0,20103453,01126,01158,0923190901,ダノックス,ノーザンファーム,サトノダイヤモンド,セットスクエア,Reset,鹿毛,200413,   26.7,  ,    ,55.6
23,01,14,1,中京,5,06,１勝ｸﾗｽ*,23,芝,0,2200,重,ダノンペドロ      ,牡,3,岩田望来,56.0,6,04,3,3,0,0.7,6,137.4,"2174",0,1,1,1,1,36.1,470,寺島良,栗,200,20103453,01174,01158,0723150604,ダノックス,ノーザンファーム,サトノダイヤモンド,セットスクエア,Reset,鹿毛,200413,   34.5,  ,    ,55.2
22,11,13,5,阪神,4,09,黄菊賞･1勝*,23,芝,0,2000,重,ダノンペドロ      ,牡,2,ムーア,55.0,9,01,7,7,0,1.3,4,125.1,"2051",0,4,3,5,3,36.5,476,寺島良,栗,0,20103453,05366,01158,0922540901,ダノックス,ノーザンファーム,サトノダイヤモンド,セットスクエア,Reset,鹿毛,200413,    7.9,  ,    ,54.0
22,10,02,5,中京,9,05,新馬,15,芝,0,2000,良,ダノンペドロ      ,牡,2,岩田望来,55.0,14,02,1,1,0,-0.1,3,123.6,"2036",0,6,6,5,3,34.5,474,寺島良,栗,700,20103453,01174,01158,0722590502,ダノックス,ノーザンファーム,サトノダイヤモンド,セットスクエア,Reset,鹿毛,200413,    4.3,  ,    ,60.7
24,05,19,1,新潟,8,12,１勝ｸﾗｽ,23,ダ,1,1800,良,フロスティクォーツ,牡,6,藤田菜七,56.0,15,06,11,11,0,1.7,5,115.3,"1553",0,12,12,12,12,38.3,478,加藤和宏,美,0,18103120,01164,01077,0424181206,ライオンレースホース,高昭牧場,ロードカナロア,カレンシェリーメイ,ディープインパクト,黒鹿,180412,   12.7,  ,    ,50.5
24,04,21,1,福島,6,12,１勝ｸﾗｽ,23,ダ,1,1700,良,フロスティクォーツ,牡,6,丸山元気,58.0,9,01,4,4,0,0.2,6,106.7,"1467",0,9,9,9,8,36.7,470,加藤和宏,美,120,18103120,01127,01077,0324161201,ライオンレースホース,高昭牧場,ロードカナロア,カレンシェリーメイ,ディープインパクト,黒鹿,180412,   10.2,  ,    ,54.0
24,04,13,1,福島,3,12,１勝ｸﾗｽ,23,ダ,1,1700,良,フロスティクォーツ,牡,6,丸山元気,58.0,15,02,4,4,0,0.5,9,107.4,"1474",0,15,15,13,13,38.4,482,加藤和宏,美,100,18103120,01127,01077,0324131202,ライオンレースホース,高昭牧場,ロードカナロア,カレンシェリーメイ,ディープインパクト,黒鹿,180412,   35.3,  ,    ,48.0
24,02,24,2,小倉,5,06,１勝ｸﾗｽ,23,芝,0,1800,重,フロスティクォーツ,牡,6,丸山元気,58.0,13,04,7,7,0,0.7,11,109.8,"1498",0,11,11,12,11,36.1,482,加藤和宏,美,0,18103120,01127,01077,1024250604,ライオンレースホース,高昭牧場,ロードカナロア,カレンシェリーメイ,ディープインパクト,黒鹿,180412,  130.4,  ,    ,52.1
24,02,17,2,小倉,3,07,１勝ｸﾗｽ,23,ダ,1,1700,良,フロスティクォーツ,牡,6,丸山元気,58.0,13,01,7,7,0,0.8,11,107.4,"1474",0,13,13,12,11,38.3,484,加藤和宏,美,0,18103120,01127,01077,1024230701,ライオンレースホース,高昭牧場,ロードカナロア,カレンシェリーメイ,ディープインパクト,黒鹿,180412,   72.9,  ,    ,48.4
23,10,28,4,新潟,5,07,１勝ｸﾗｽ,23,芝,0,1000,重,フロスティクォーツ,牡,5,今村聖奈,55.0,18,17,15,15,0,1.7,5,58.3,"0583",0,0,0,0,17,33.9,474,加藤和宏,美,0,18103120,01193,01077,0423450717,ライオンレースホース,高昭牧場,ロードカナロア,カレンシェリーメイ,ディープインパクト,黒鹿,180412,    9.4,  ,    ,58.0
23,10,22,4,新潟,4,12,１勝ｸﾗｽ,23,芝,0,1000,稍,フロスティクォーツ,牡,5,水沼元輝,55.0,18,09,13,13,0,1.8,4,57.7,"0577",0,0,0,0,11,34.5,478,加藤和宏,美,0,18103120,01201,01077,0423441209,ライオンレースホース,高昭牧場,ロードカナロア,カレンシェリーメイ,ディープインパクト,黒鹿,180412,    8.0,  ,    ,50.9
23,09,03,3,新潟,8,12,雷光特別･1勝,23,芝,0,1000,良,フロスティクォーツ,牡,5,丸山元気,58.0,17,16,3,3,0,0.3,5,55.2,"0552",0,0,0,0,17,31.7,488,加藤和宏,美,280,18103120,01127,01077,0423381216,ライオンレースホース,高昭牧場,ロードカナロア,カレンシェリーメイ,ディープインパクト,黒鹿,180412,   11.0,  ,    ,61.2
23,05,20,2,東京,9,08,１勝ｸﾗｽ,23,ダ,1,1400,稍,フロスティクォーツ,牡,5,小林勝太,55.0,16,08,6,6,0,1.6,9,85.4,"1254",0,0,0,8,9,36.2,478,加藤和宏,美,0,18103120,01205,01077,0523290808,ライオンレースホース,高昭牧場,ロードカナロア,カレンシェリーメイ,ディープインパクト,黒鹿,180412,   64.3,  ,    ,51.9
23,04,16,1,福島,4,12,１勝ｸﾗｽ,23,ダ,1,1150,稍,フロスティクォーツ,牡,5,水沼元輝,55.0,16,15,8,8,0,0.6,8,70.3,"1103",0,0,0,10,11,37,476,加藤和宏,美,0,18103120,01201,01077,0323141215,ライオンレースホース,高昭牧場,ロードカナロア,カレンシェリーメイ,ディープインパクト,黒鹿,180412,   24.8,  ,    ,48.2
23,03,18,2,中京,3,12,１勝ｸﾗｽ,23,ダ,1,1400,不,フロスティクォーツ,牡,5,水沼元輝,55.0,16,05,5,5,0,0.8,11,84.4,"1244",0,0,0,4,4,37.6,480,加藤和宏,美,80,18103120,01201,01077,0723231205,ライオンレースホース,高昭牧場,ロードカナロア,カレンシェリーメイ,ディープインパクト,黒鹿,180412,   56.3,  ,    ,43.4
22,12,18,6,中京,6,03,１勝ｸﾗｽ・若,23,ダ,1,1400,良,フロスティクォーツ,牡,4,水沼元輝,54.0,16,07,4,4,0,1.3,14,87.2,"1272",0,0,0,10,8,39.2,474,加藤和宏,美,120,18103120,01201,01077,0722660307,ライオンレースホース,高昭牧場,ロードカナロア,カレンシェリーメイ,ディープインパクト,黒鹿,180412,  176.0,  ,    ,41.8
22,11,20,3,福島,6,08,１勝ｸﾗｽ,23,ダ,1,1150,良,フロスティクォーツ,牡,4,水沼元輝,54.0,16,15,11,11,0,0.8,10,69.6,"1096",0,0,0,16,14,36.2,476,加藤和宏,美,0,18103120,01201,01077,0322360815,ライオンレースホース,高昭牧場,ロードカナロア,カレンシェリーメイ,ディープインパクト,黒鹿,180412,   72.1,  ,    ,50.7
22,08,21,3,新潟,4,09,閃光特別･1勝,23,芝,0,1000,良,フロスティクォーツ,牡,4,丸田恭介,57.0,18,01,8,8,0,0.6,18,55.9,"0559",0,0,0,0,16,32.4,468,加藤和宏,美,0,18103120,01117,01077,0422340901,ライオンレースホース,高昭牧場,ロードカナロア,カレンシェリーメイ,ディープインパクト,黒鹿,180412,  253.2,  ,    ,58.8
22,05,21,2,東京,9,07,１勝ｸﾗｽ,23,芝,0,1400,稍,フロスティクォーツ,牡,4,田辺裕信,57.0,16,04,10,10,0,1.1,8,83.2,"1232",0,0,0,15,14,34.1,472,加藤和宏,美,0,18103120,01075,01077,0522290704,ライオンレースホース,高昭牧場,ロードカナロア,カレンシェリーメイ,ディープインパクト,黒鹿,180412,   20.6,  ,    ,58.0
22,05,01,1,福島,6,12,１勝ｸﾗｽ,23,芝,0,1200,稍,フロスティクォーツ,牡,4,丹内祐次,57.0,10,08,6,6,0,0.8,5,72.4,"1124",0,0,0,9,8,36.3,466,加藤和宏,美,0,18103120,01091,01077,0322161208,ライオンレースホース,高昭牧場,ロードカナロア,カレンシェリーメイ,ディープインパクト,黒鹿,180412,   10.4,  ,    ,49.4
22,04,17,1,福島,2,12,１勝ｸﾗｽ,23,芝,0,1200,良,フロスティクォーツ,牡,4,原優介,54.0,16,07,10,10,0,0.9,7,71.4,"1114",0,0,0,16,13,35.6,472,加藤和宏,美,0,18103120,01184,01077,0322121207,ライオンレースホース,高昭牧場,ロードカナロア,カレンシェリーメイ,ディープインパクト,黒鹿,180412,   12.4,  ,    ,50.6
22,01,29,1,小倉,5,12,１勝ｸﾗｽ,23,芝,0,1200,良,フロスティクォーツ,牡,4,斎藤新,56.0,17,12,12,12,0,0.6,2,69.5,"1095",0,0,0,10,10,34.2,468,斎藤誠,美,0,18103120,01178,01086,1022151212,ライオンレースホース,高昭牧場,ロードカナロア,カレンシェリーメイ,ディープインパクト,黒鹿,180412,    5.4,  ,    ,53.2
22,01,15,1,小倉,1,12,１勝ｸﾗｽ,23,芝,0,1200,良,フロスティクォーツ,牡,4,斎藤新,56.0,18,14,2,2,0,0.2,9,68.3,"1083",0,0,0,11,7,34,468,斎藤誠,美,310,18103120,01178,01086,1022111214,ライオンレースホース,高昭牧場,ロードカナロア,カレンシェリーメイ,ディープインパクト,黒鹿,180412,   18.9,  ,    ,50.9
21,12,19,6,中京,6,08,１勝ｸﾗｽ,23,芝,0,1600,良,フロスティクォーツ,牡,3,斎藤新,56.0,16,04,12,12,0,1.1,11,95.6,"1356",0,0,4,6,6,35.1,472,斎藤誠,美,0,18103120,01178,01086,0721660804,ライオンレースホース,高昭牧場,ロードカナロア,カレンシェリーメイ,ディープインパクト,黒鹿,180412,   54.6,  ,    ,53.4
21,10,23,4,東京,5,08,１勝ｸﾗｽ,23,芝,0,1400,良,フロスティクォーツ,牡,3,横山武史,55.0,18,18,8,8,0,0.7,4,83.5,"1235",0,0,0,16,17,33.8,462,斎藤誠,美,0,18103120,01170,01086,0521450818,ライオンレースホース,高昭牧場,ロードカナロア,カレンシェリーメイ,ディープインパクト,黒鹿,180412,   11.2,  ,    ,60.3
21,07,18,1,函館,6,08,１勝ｸﾗｽ,23,芝,0,1200,良,フロスティクォーツ,牡,3,横山武史,54.0,13,02,8,8,0,0.4,2,70.4,"1104",0,0,0,12,9,34.6,472,斎藤誠,美,0,18103120,01170,01086,0221160802,ライオンレースホース,高昭牧場,ロードカナロア,カレンシェリーメイ,ディープインパクト,黒鹿,180412,    5.2,  ,    ,53.5
21,07,04,1,函館,2,09,１勝ｸﾗｽ,23,芝,0,1200,良,フロスティクォーツ,牡,3,斎藤新,53.0,16,06,9,9,0,0.9,6,69.3,"1093",0,0,0,15,13,34.6,468,斎藤誠,美,0,18103120,01178,01086,0221120906,ライオンレースホース,高昭牧場,ロードカナロア,カレンシェリーメイ,ディープインパクト,黒鹿,180412,   11.7,  ,    ,50.3
21,05,15,2,東京,7,04,未勝利,7,芝,0,1400,良,フロスティクォーツ,牡,3,横山武史,56.0,18,16,1,1,0,-0.1,6,81.2,"1212",0,0,0,12,11,33.7,474,斎藤誠,美,510,18103120,01170,01086,0521270416,ライオンレースホース,高昭牧場,ロードカナロア,カレンシェリーメイ,ディープインパクト,黒鹿,180412,   16.9,  ,    ,55.7
21,02,20,1,東京,7,06,未勝利,7,芝,0,1600,良,フロスティクォーツ,牡,3,横山武史,56.0,16,12,14,14,0,2,3,96.2,"1362",0,0,0,2,2,38,472,斎藤誠,美,0,18103120,01170,01086,0521170612,ライオンレースホース,高昭牧場,ロードカナロア,カレンシェリーメイ,ディープインパクト,黒鹿,180412,    9.2,  ,    ,41.9
21,01,30,1,東京,1,06,新馬,15,芝,0,1600,良,フロスティクォーツ,牡,3,横山武史,56.0,16,04,5,5,0,0.5,3,96.5,"1365",0,0,0,13,13,33.7,474,斎藤誠,美,60,18103120,01170,01086,0521110604,ライオンレースホース,高昭牧場,ロードカナロア,カレンシェリーメイ,ディープインパクト,黒鹿,180412,    5.6,  ,    ,61.8
24,05,11,3,京都,7,06,１勝ｸﾗｽ,23,ダ,1,1800,良,ヘヴンズタイム    ,セ,4,古川吉洋,58.0,15,12,7,7,0,2,8,116,"1560",0,13,13,13,10,38,468,北出成人,栗,0,20105624,01015,01078,0824370612,ノースヒルズ,ノースヒルズ,ラニ,コンプリカーター,"Mr. Prospector",芦毛,200511,   56.3,  ,    ,52.6
24,04,20,3,京都,1,07,１勝ｸﾗｽ,23,ダ,1,1400,良,ヘヴンズタイム    ,セ,4,古川吉洋,58.0,14,06,10,10,0,1.2,10,86.1,"1261",0,0,0,12,12,38,466,北出成人,栗,0,20105624,01015,01078,0824310706,ノースヒルズ,ノースヒルズ,ラニ,コンプリカーター,"Mr. Prospector",芦毛,200511,   18.9,  ,    ,44.9
23,11,25,3,京都,7,08,１勝ｸﾗｽ,23,ダ,1,1400,良,ヘヴンズタイム    ,牡,3,和田竜二,57.0,16,03,0,0,3,999.9,0,0,"----",0,0,0,0,0,0,480,北出成人,栗,0,20105624,01018,01078,0823370803,ノースヒルズ,ノースヒルズ,ラニ,コンプリカーター,"Mr. Prospector",芦毛,200511,    0.0,  ,    , 0.0
23,09,17,4,阪神,4,06,１勝ｸﾗｽ,23,ダ,1,1400,良,ヘヴンズタイム    ,牡,3,田口貫太,53.0,16,10,2,2,0,0,6,84.9,"1249",0,0,0,10,4,37.7,482,北出成人,栗,320,20105624,01208,01078,0923440610,ノースヒルズ,ノースヒルズ,ラニ,コンプリカーター,"Mr. Prospector",芦毛,200511,   20.4,  ,    ,43.9
23,09,03,3,小倉,8,06,未勝利,7,ダ,1,1700,良,ヘヴンズタイム    ,牡,3,田口貫太,53.0,16,07,1,1,0,0,6,106,"1460",0,2,2,2,2,38.1,486,北出成人,栗,550,20105624,01208,01078,1023380607,ノースヒルズ,ノースヒルズ,ラニ,コンプリカーター,"Mr. Prospector",芦毛,200511,   12.9,  ,    ,47.2
23,08,19,3,小倉,3,02,未勝利,7,ダ,1,1700,良,ヘヴンズタイム    ,牡,3,田口貫太,53.0,16,04,4,4,0,0.6,5,106.4,"1464",0,3,3,3,3,38.9,484,北出成人,栗,83,20105624,01208,01078,1023330204,ノースヒルズ,ノースヒルズ,ラニ,コンプリカーター,"Mr. Prospector",芦毛,200511,   15.8,  ,    ,44.6
23,01,21,1,中京,7,02,未勝利,7,ダ,1,1200,良,ヘヴンズタイム    ,牡,3,和田竜二,56.0,12,10,4,4,0,1,6,74.6,"1146",0,0,0,4,5,37.8,474,北出成人,栗,83,20105624,01018,01078,0723170210,ノースヒルズ,ノースヒルズ,ラニ,コンプリカーター,"Mr. Prospector",芦毛,200511,   27.7,  ,    ,47.4
23,01,05,1,中京,1,02,未勝利,7,ダ,1,1200,良,ヘヴンズタイム    ,牡,3,和田竜二,56.0,15,08,4,4,0,1.1,2,74.8,"1148",0,0,0,5,5,38.8,472,北出成人,栗,83,20105624,01018,01078,0723110208,ノースヒルズ,ノースヒルズ,ラニ,コンプリカーター,"Mr. Prospector",芦毛,200511,    5.0,  ,    ,42.8
22,11,19,5,阪神,5,01,未勝利*,7,ダ,1,1400,良,ヘヴンズタイム    ,牡,2,和田竜二,55.0,15,02,7,7,0,0.6,8,86.7,"1267",0,0,0,12,9,38,472,北出成人,栗,0,20105624,01018,01078,0922550102,ノースヒルズ,ノースヒルズ,ラニ,コンプリカーター,"Mr. Prospector",芦毛,200511,   30.9,  ,    ,46.1
22,10,16,4,阪神,5,02,未勝利*,7,ダ,1,1800,良,ヘヴンズタイム    ,牡,2,和田竜二,55.0,8,04,6,6,0,2,6,117.6,"1576",0,6,6,1,2,41.1,476,北出成人,栗,0,20105624,01018,01078,0922450204,ノースヒルズ,ノースヒルズ,ラニ,コンプリカーター,"Mr. Prospector",芦毛,200511,   25.7,  ,    ,43.1
22,10,01,5,中京,8,03,新馬,15,ダ,1,1800,良,ヘヴンズタイム    ,牡,2,和田竜二,55.0,12,09,6,6,0,2.8,7,117.8,"1578",0,7,4,2,3,41.3,474,北出成人,栗,0,20105624,01018,01078,0722580309,ノースヒルズ,ノースヒルズ,ラニ,コンプリカーター,"Mr. Prospector",芦毛,200511,   24.1,  ,    ,42.6
24,07,20,1,札幌,1,06,未勝利,7,芝,0,1800,良,オメガインペリアル,牡,3,藤岡佑介,57.0,14,12,1,1,0,-0.3,1,108.7,"1487",0,2,3,4,5,35.1,460,安田翔伍,栗,550,21110078,01093,01164,0124110612,原禮子,"Hara Reiko Racing Co. Ltd",Kingman,"Nuovo Record","Heart's Cry",鹿毛,210329,    2.3,  ,    ,54.8
24,06,29,1,函館,7,03,未勝利,7,芝,0,1800,良,オメガインペリアル,牡,3,藤岡佑介,57.0,16,09,2,2,0,0,2,110.2,"1502",0,7,7,7,7,34.8,456,安田翔伍,栗,220,21110078,01093,01164,0224170309,原禮子,"Hara Reiko Racing Co. Ltd",Kingman,"Nuovo Record","Heart's Cry",鹿毛,210329,    4.7,  ,    ,58.3
24,05,05,1,新潟,4,05,未勝利,7,芝,8,1800,良,オメガインペリアル,牡,3,斎藤新,57.0,16,13,5,5,0,0.5,1,108.9,"1489",0,0,0,7,8,34.6,462,安田翔伍,栗,55,21110078,01178,01164,0424140513,原禮子,"Hara Reiko Racing Co. Ltd",Kingman,"Nuovo Record","Heart's Cry",鹿毛,210329,    3.8,  ,    ,57.4
24,03,03,2,小倉,8,02,未勝利,7,芝,0,1800,稍,オメガインペリアル,牡,3,藤岡佑介,57.0,14,12,3,3,0,0.1,4,111,"1510",0,10,11,10,4,36.2,456,安田翔伍,栗,140,21110078,01093,01164,1024280212,原禮子,"Hara Reiko Racing Co. Ltd",Kingman,"Nuovo Record","Heart's Cry",鹿毛,210329,    5.2,  ,    ,53.3
24,02,03,2,京都,3,05,未勝利,7,芝,0,1600,良,オメガインペリアル,牡,3,Ｍ．デム,57.0,16,06,8,8,0,1.2,8,95.6,"1356",0,0,0,9,11,36.7,456,安田翔伍,栗,0,21110078,05212,01164,0824230506,原禮子,"Hara Reiko Racing Co. Ltd",Kingman,"Nuovo Record","Heart's Cry",鹿毛,210329,   19.1,  ,    ,46.3
23,11,25,5,東京,7,05,新馬,15,芝,0,1600,良,オメガインペリアル,牡,2,戸崎圭太,56.0,18,10,8,8,0,0.7,2,95.6,"1356",0,0,0,5,7,34.2,448,安田翔伍,栗,0,21110078,05386,01164,0523570510,原禮子,"Hara Reiko Racing Co. Ltd",Kingman,"Nuovo Record","Heart's Cry",鹿毛,210329,    5.6,  ,    ,57.7
24,07,13,1,函館,11,09,湯浜特別･1勝,23,ダ,1,1700,良,マーベリックシチー,牡,3,松岡正海,55.0,12,03,10,10,0,1.6,12,107.4,"1474",0,11,11,8,10,37.7,458,岡田稲男,栗,0,21100387,01085,01066,02241B0903,友駿ホースクラブ,幌村牧場,パイロ,ラフィネシチー,ゴールドアリュール,栗毛,210203,  186.4,  ,    ,50.8
24,06,23,1,函館,6,08,１勝ｸﾗｽ,23,ダ,1,1700,良,マーベリックシチー,牡,3,浜中俊,55.0,10,05,9,9,0,2.9,8,107.9,"1479",0,9,9,7,7,40,460,岡田稲男,栗,0,21100387,01115,01066,0224160805,友駿ホースクラブ,幌村牧場,パイロ,ラフィネシチー,ゴールドアリュール,栗毛,210203,   25.0,  ,    ,42.6
24,06,08,1,函館,1,12,１勝ｸﾗｽ,23,ダ,1,1700,良,マーベリックシチー,牡,3,鮫島克駿,55.0,14,10,7,7,0,1.1,12,105.7,"1457",0,12,12,11,10,37.7,462,岡田稲男,栗,0,21100387,01157,01066,0224111210,友駿ホースクラブ,幌村牧場,パイロ,ラフィネシチー,ゴールドアリュール,栗毛,210203,   67.0,  ,    ,48.4
24,04,21,3,京都,2,06,１勝ｸﾗｽ*,23,ダ,1,1400,良,マーベリックシチー,牡,3,西村淳也,57.0,12,01,10,10,0,2.3,9,86.9,"1269",0,0,0,12,11,38.3,462,岡田稲男,栗,0,21100387,01171,01066,0824320601,友駿ホースクラブ,幌村牧場,パイロ,ラフィネシチー,ゴールドアリュール,栗毛,210203,   85.1,  ,    ,45.2
24,02,03,1,小倉,7,01,未勝利,7,ダ,1,1700,良,マーベリックシチー,牡,3,鮫島克駿,57.0,16,03,1,1,0,-0.1,5,107.8,"1478",0,12,11,9,5,38.4,458,岡田稲男,栗,550,21100387,01157,01066,1024170103,友駿ホースクラブ,幌村牧場,パイロ,ラフィネシチー,ゴールドアリュール,栗毛,210203,    7.0,  ,    ,48.6
24,01,07,1,京都,2,03,未勝利,7,ダ,1,1400,良,マーベリックシチー,牡,3,富田暁,57.0,16,12,11,11,0,1.8,4,88.5,"1285",0,0,0,15,13,38,454,岡田稲男,栗,0,21100387,01168,01066,0824120312,友駿ホースクラブ,幌村牧場,パイロ,ラフィネシチー,ゴールドアリュール,栗毛,210203,   15.3,  ,    ,49.7
23,09,30,4,阪神,8,01,未勝利*,7,ダ,1,1800,良,マーベリックシチー,牡,2,坂井瑠星,55.0,13,03,6,6,0,2,3,116.8,"1568",0,6,6,4,4,40.9,448,岡田稲男,栗,0,21100387,01163,01066,0923480103,友駿ホースクラブ,幌村牧場,パイロ,ラフィネシチー,ゴールドアリュール,栗毛,210203,    7.8,  ,    ,42.8
23,09,09,4,阪神,1,04,新馬,15,ダ,1,1800,良,マーベリックシチー,牡,2,菱田裕二,55.0,11,09,4,4,0,1,2,118.2,"1582",0,7,7,2,2,40.7,450,岡田稲男,栗,110,21100387,01144,01066,0923410409,友駿ホースクラブ,幌村牧場,パイロ,ラフィネシチー,ゴールドアリュール,栗毛,210203,    7.1,  ,    ,45.2
24,06,16,3,東京,6,07,１勝ｸﾗｽ,23,ダ,1,1400,良,マイフォーエバー  ,牡,3,田辺裕信,55.0,16,11,14,14,0,1.8,6,86,"1260",0,0,0,5,5,37.8,488,矢野英一,美,0,21105193,01075,01108,0524360711,青山洋一,社台ファーム,ブリックスアンドモルタル,フォーエバーマーク,ファルブラヴ,黒鹿,210301,   14.7,  ,    ,45.6
24,05,26,2,東京,12,05,１勝ｸﾗｽ*,23,ダ,1,1400,良,マイフォーエバー  ,牡,3,丹内祐次,57.0,16,10,12,12,0,1.3,13,86,"1260",0,0,0,11,10,36.9,486,矢野英一,美,0,21105193,01091,01108,05242C0510,青山洋一,社台ファーム,ブリックスアンドモルタル,フォーエバーマーク,ファルブラヴ,黒鹿,210301,   51.0,  ,    ,49.8
24,03,30,3,中山,3,02,未勝利,7,ダ,1,1200,重,マイフォーエバー  ,牡,3,横山武史,57.0,16,04,1,1,0,-0.1,2,71.2,"1112",0,0,0,1,1,37.3,484,矢野英一,美,550,21105193,01170,01108,0624330204,青山洋一,社台ファーム,ブリックスアンドモルタル,フォーエバーマーク,ファルブラヴ,黒鹿,210301,    3.1,  ,    ,40.9
24,03,09,1,中京,1,01,未勝利,7,ダ,1,1400,稍,マイフォーエバー  ,牡,3,藤岡康太,57.0,16,09,3,3,0,0.6,1,87.3,"1273",0,0,0,2,1,38.3,484,矢野英一,美,140,21105193,01116,01108,0724110109,青山洋一,社台ファーム,ブリックスアンドモルタル,フォーエバーマーク,ファルブラヴ,黒鹿,210301,    2.7,  ,    ,46.0
23,11,26,5,東京,8,01,未勝利*,7,ダ,1,1400,良,マイフォーエバー  ,牡,2,ルメール,56.0,16,13,3,3,0,0.1,1,87.4,"1274",0,0,0,6,3,38,486,矢野英一,美,140,21105193,05339,01108,0523580113,青山洋一,社台ファーム,ブリックスアンドモルタル,フォーエバーマーク,ファルブラヴ,黒鹿,210301,    1.7,  ,    ,47.5
23,11,12,5,東京,4,01,未勝利*,7,ダ,1,1400,良,マイフォーエバー  ,牡,2,横山武史,56.0,14,08,2,2,0,0.2,2,86.7,"1267",0,0,0,2,2,38,484,矢野英一,美,220,21105193,01170,01108,0523540108,青山洋一,社台ファーム,ブリックスアンドモルタル,フォーエバーマーク,ファルブラヴ,黒鹿,210301,    2.8,  ,    ,46.1
23,10,22,4,東京,7,01,未勝利*,7,ダ,1,1600,良,マイフォーエバー  ,牡,2,内田博幸,56.0,16,06,3,3,0,0.7,5,100.1,"1401",0,0,0,2,2,38.7,480,矢野英一,美,140,21105193,00422,01108,0523470106,青山洋一,社台ファーム,ブリックスアンドモルタル,フォーエバーマーク,ファルブラヴ,黒鹿,210301,    7.3,  ,    ,45.2
23,10,08,4,東京,2,02,未勝利*,7,芝,0,1600,良,マイフォーエバー  ,牡,2,内田博幸,56.0,14,01,5,5,0,0.8,5,95,"1350",0,0,0,3,3,35.8,478,矢野英一,美,55,21105193,00422,01108,0523420201,青山洋一,社台ファーム,ブリックスアンドモルタル,フォーエバーマーク,ファルブラヴ,黒鹿,210301,   25.0,  ,    ,49.2
23,09,18,4,中山,5,05,新馬,15,芝,8,1600,良,マイフォーエバー  ,牡,2,戸崎圭太,55.0,13,05,8,8,0,1.7,5,96.8,"1368",0,0,12,12,12,35,474,矢野英一,美,0,21105193,05386,01108,0623450505,青山洋一,社台ファーム,ブリックスアンドモルタル,フォーエバーマーク,ファルブラヴ,黒鹿,210301,   11.2,  ,    ,55.9
24,07,06,1,函館,9,08,１勝ｸﾗｽ,23,ダ,1,1700,稍,リードアクトレス  ,牝,3,小林勝太,50.0,10,07,10,10,0,2.4,10,108.1,"1481",0,8,9,10,10,39.2,470,安達昭夫,栗,0,21102654,01205,01042,0224190807,山内邦一,金石牧場,マジェスティックウォリアー,ブラウンテヌート,シンボリクリスエス,鹿毛,210322,  108.9,  ,    ,45.9
24,06,22,1,函館,5,12,１勝ｸﾗｽ,23,ダ,1,1700,良,リードアクトレス  ,牝,3,古川吉洋,53.0,8,03,5,5,0,2.9,8,108,"1480",0,8,8,8,8,39.6,466,安達昭夫,栗,80,21102654,01015,01042,0224151203,山内邦一,金石牧場,マジェスティックウォリアー,ブラウンテヌート,シンボリクリスエス,鹿毛,210322,  160.5,  ,    ,44.2
24,06,09,1,函館,2,12,１勝ｸﾗｽ,23,ダ,1,1700,良,リードアクトレス  ,牝,3,古川吉洋,53.0,12,03,7,7,0,2,11,106.2,"1462",0,9,9,10,10,38.8,474,安達昭夫,栗,0,21102654,01015,01042,0224121203,山内邦一,金石牧場,マジェスティックウォリアー,ブラウンテヌート,シンボリクリスエス,鹿毛,210322,  164.5,  ,    ,44.8
24,04,28,3,京都,4,05,１勝ｸﾗｽ*,23,ダ,1,1400,良,リードアクトレス  ,牝,3,田口貫太,54.0,12,08,9,9,0,3,11,86.5,"1265",0,0,0,12,11,38.1,464,安達昭夫,栗,0,21102654,01208,01042,0824340508,山内邦一,金石牧場,マジェスティックウォリアー,ブラウンテヌート,シンボリクリスエス,鹿毛,210322,  327.1,  ,    ,45.3
24,04,07,2,阪神,6,05,１勝ｸﾗｽ*,23,ダ,1,1400,良,リードアクトレス  ,牝,3,酒井学,55.0,16,08,12,12,0,2.3,16,86.7,"1267",0,0,0,10,11,39.4,464,安達昭夫,栗,0,21102654,01034,01042,0924260508,山内邦一,金石牧場,マジェスティックウォリアー,ブラウンテヌート,シンボリクリスエス,鹿毛,210322,  351.3,  ,    ,40.0
24,01,17,22,不明,3,10,名古屋,3,ダ,1,1500,良,リードアクトレス  ,牝,3,田口貫太,52.0,12,06,1,1,0,-0.1,5,96.6,"1366",0,1,1,1,2,0,463,安達昭夫,栗,110,21102654,01208,01042,4824M31006,山内邦一,金石牧場,マジェスティックウォリアー,ブラウンテヌート,シンボリクリスエス,鹿毛,210322,    0.0,  ,    , 0.0
23,11,26,3,京都,8,04,新馬,15,ダ,1,1800,良,リードアクトレス  ,牝,2,国分恭介,55.0,15,02,11,11,0,6.2,11,121.1,"2011",0,1,1,7,9,43.8,472,安達昭夫,栗,0,21102654,01124,01042,0823380402,山内邦一,金石牧場,マジェスティックウォリアー,ブラウンテヌート,シンボリクリスエス,鹿毛,210322,   61.0,  ,    ,38.2
24,07,07,1,函館,10,07,１勝ｸﾗｽ,23,ダ,1,1700,重,ゼンダンスカイ    ,牡,3,角田大河,54.0,9,05,3,3,0,0.4,2,103.7,"1437",0,2,2,2,2,37.3,456,角田晃一,栗,200,21106294,01199,01121,02241A0705,ゼンレーシング,スカイビーチステーブル,レッドファルクス,ロゾヴァドリナ,スニッツェル,芦毛,210207,    3.9,  ,    ,47.1
24,06,30,1,函館,8,07,１勝ｸﾗｽ,23,ダ,1,1700,良,ゼンダンスカイ    ,牡,3,小林勝太,52.0,8,06,4,4,0,0.6,1,106.7,"1467",0,1,1,3,5,36.7,456,角田晃一,栗,120,21106294,01205,01121,0224180706,ゼンレーシング,スカイビーチステーブル,レッドファルクス,ロゾヴァドリナ,スニッツェル,芦毛,210207,    2.7,  ,    ,54.0
24,04,27,3,京都,3,11,ユニコーG3,163,ダ,1,1900,良,ゼンダンスカイ    ,牡,3,菱田裕二,57.0,16,07,15,15,0,3.8,16,122.4,"2024",0,8,8,12,13,41,454,角田晃一,栗,0,21106294,01144,01121,0824331107,ゼンレーシング,スカイビーチステーブル,レッドファルクス,ロゾヴァドリナ,スニッツェル,芦毛,210207,  330.2,  ,    ,41.6
24,04,20,3,京都,1,05,１勝ｸﾗｽ*,23,ダ,1,1800,良,ゼンダンスカイ    ,牡,3,田口貫太,56.0,10,03,2,2,0,0,9,113.6,"1536",0,2,2,2,2,37.1,454,角田晃一,栗,310,21106294,01208,01121,0824310503,ゼンレーシング,スカイビーチステーブル,レッドファルクス,ロゾヴァドリナ,スニッツェル,芦毛,210207,  110.1,  ,    ,53.1
24,03,10,1,阪神,6,03,未勝利,7,ダ,1,1800,良,ゼンダンスカイ    ,牡,3,菱田裕二,57.0,13,06,1,1,0,0,5,116.7,"1567",0,1,1,1,1,39.8,458,角田晃一,栗,550,21106294,01144,01121,0924160306,ゼンレーシング,スカイビーチステーブル,レッドファルクス,ロゾヴァドリナ,スニッツェル,芦毛,210207,    7.8,  ,    ,46.6
24,02,18,2,小倉,4,01,未勝利,7,ダ,1,1700,良,ゼンダンスカイ    ,牡,3,菱田裕二,57.0,16,01,6,6,0,1.4,5,107.8,"1478",0,13,13,10,9,38.5,460,角田晃一,栗,0,21106294,01144,01121,1024240101,ゼンレーシング,スカイビーチステーブル,レッドファルクス,ロゾヴァドリナ,スニッツェル,芦毛,210207,   12.9,  ,    ,48.2
24,01,28,1,小倉,6,01,未勝利,7,ダ,1,1700,良,ゼンダンスカイ    ,牡,3,菱田裕二,57.0,11,09,3,3,0,0.2,7,108.5,"1485",0,8,9,9,8,38.7,470,角田晃一,栗,140,21106294,01144,01121,1024160109,ゼンレーシング,スカイビーチステーブル,レッドファルクス,ロゾヴァドリナ,スニッツェル,芦毛,210207,   19.6,  ,    ,48.4
24,01,08,1,京都,3,01,未勝利,7,ダ,1,1200,良,ゼンダンスカイ    ,牡,3,角田大和,56.0,16,10,12,12,0,1.4,6,75.3,"1153",0,0,0,10,11,38.7,470,角田晃一,栗,0,21106294,01186,01121,0824130110,ゼンレーシング,スカイビーチステーブル,レッドファルクス,ロゾヴァドリナ,スニッツェル,芦毛,210207,   23.5,  ,    ,44.6
23,11,26,3,京都,8,01,未勝利*,7,ダ,1,1200,良,ゼンダンスカイ    ,牡,2,角田大河,55.0,16,08,6,6,0,1,7,73.5,"1135",0,0,0,7,7,37.5,468,角田晃一,栗,0,21106294,01199,01121,0823380108,ゼンレーシング,スカイビーチステーブル,レッドファルクス,ロゾヴァドリナ,スニッツェル,芦毛,210207,   27.0,  ,    ,46.0
23,11,12,3,京都,4,01,未勝利*,7,ダ,1,1200,稍,ゼンダンスカイ    ,牡,2,角田大河,55.0,13,03,3,3,0,1.9,4,74.6,"1146",0,0,0,4,3,38.4,466,角田晃一,栗,140,21106294,01199,01121,0823340103,ゼンレーシング,スカイビーチステーブル,レッドファルクス,ロゾヴァドリナ,スニッツェル,芦毛,210207,   14.9,  ,    ,44.3
23,09,30,4,阪神,8,04,新馬,15,芝,0,1400,良,ゼンダンスカイ    ,牡,2,角田大河,54.0,18,13,7,7,0,1,15,82.2,"1222",0,0,0,14,11,34.6,470,角田晃一,栗,0,21106294,01199,01121,0923480413,ゼンレーシング,スカイビーチステーブル,レッドファルクス,ロゾヴァドリナ,スニッツェル,芦毛,210207,  135.7,  ,    ,53.2
24,06,15,3,東京,5,12,１勝ｸﾗｽ,23,ダ,1,1600,良,フリッパー        ,牡,4,オシェア,58.0,13,09,11,11,0,3.1,10,99.7,"1397",0,0,0,13,13,37.9,500,戸田博文,美,0,20100078,05663,01054,0524351209,谷掛龍夫,片山牧場,ドレフォン,ピアノボレロ,ダンスインザダーク,鹿毛,200225,   73.8,  ,    ,47.8
24,05,05,1,新潟,4,06,１勝ｸﾗｽ,23,ダ,1,1800,良,フリッパー        ,牡,4,松岡正海,58.0,15,01,14,14,0,3.1,8,115.7,"1557",0,5,7,6,8,40.4,512,戸田博文,美,0,20100078,01085,01054,0424140601,谷掛龍夫,片山牧場,ドレフォン,ピアノボレロ,ダンスインザダーク,鹿毛,200225,   34.8,  ,    ,43.2
24,01,07,1,中山,2,08,１勝ｸﾗｽ,23,ダ,1,1800,良,フリッパー        ,牡,4,ルメール,57.0,16,05,7,7,0,1.3,3,115.7,"1557",0,5,5,5,4,39.2,506,戸田博文,美,0,20100078,05339,01054,0624120805,谷掛龍夫,片山牧場,ドレフォン,ピアノボレロ,ダンスインザダーク,鹿毛,200225,    4.5,  ,    ,47.6
23,08,20,3,新潟,4,12,１勝ｸﾗｽ,23,ダ,1,1800,良,フリッパー        ,牡,3,菱田裕二,55.0,15,08,9,9,0,1.1,1,115,"1550",0,6,6,8,9,38.8,496,戸田博文,美,0,20100078,01144,01054,0423341208,谷掛龍夫,片山牧場,ドレフォン,ピアノボレロ,ダンスインザダーク,鹿毛,200225,    3.5,  ,    ,48.2
23,07,01,2,福島,1,08,１勝ｸﾗｽ,23,ダ,1,1700,重,フリッパー        ,牡,3,松岡正海,55.0,15,06,5,5,0,1.5,3,105.4,"1454",0,6,5,2,3,38.9,500,戸田博文,美,80,20100078,01085,01054,0323210806,谷掛龍夫,片山牧場,ドレフォン,ピアノボレロ,ダンスインザダーク,鹿毛,200225,    4.8,  ,    ,43.2
23,02,12,1,東京,6,07,１勝ｸﾗｽ*,23,ダ,1,1600,重,フリッパー        ,牡,3,ルメール,56.0,15,11,5,5,0,0.7,6,96.2,"1362",0,0,0,7,9,37.3,500,戸田博文,美,78,20100078,05339,01054,0523160711,谷掛龍夫,片山牧場,ドレフォン,ピアノボレロ,ダンスインザダーク,鹿毛,200225,    9.3,  ,    ,44.7
23,01,28,1,東京,1,04,１勝ｸﾗｽ*,23,ダ,1,1600,良,フリッパー        ,牡,3,ルメール,56.0,12,05,3,3,0,0.6,5,98.7,"1387",0,0,0,6,7,37.6,500,戸田博文,美,200,20100078,05339,01054,0523110405,谷掛龍夫,片山牧場,ドレフォン,ピアノボレロ,ダンスインザダーク,鹿毛,200225,    8.1,  ,    ,47.5
22,12,17,5,中山,5,04,未勝利*,7,ダ,1,1800,良,フリッパー        ,牡,2,ルメール,55.0,16,08,1,1,0,-0.2,1,114.5,"1545",0,2,2,2,2,39.2,498,戸田博文,美,520,20100078,05339,01054,0622550408,谷掛龍夫,片山牧場,ドレフォン,ピアノボレロ,ダンスインザダーク,鹿毛,200225,    2.4,  ,    ,46.0
22,11,27,5,東京,8,03,未勝利*,7,ダ,1,1600,稍,フリッパー        ,牡,2,ルメール,55.0,16,15,2,2,0,0.1,1,99.2,"1392",0,0,0,9,7,36.3,496,戸田博文,美,210,20100078,05339,01054,0522580315,谷掛龍夫,片山牧場,ドレフォン,ピアノボレロ,ダンスインザダーク,鹿毛,200225,    2.7,  ,    ,54.0
22,10,10,4,東京,3,01,未勝利*,7,ダ,1,1600,不,フリッパー        ,牡,2,ルメール,55.0,14,01,2,2,0,0.2,3,96.8,"1368",0,0,0,8,6,36.8,502,戸田博文,美,210,20100078,05339,01054,0522430101,谷掛龍夫,片山牧場,ドレフォン,ピアノボレロ,ダンスインザダーク,鹿毛,200225,    5.3,  ,    ,47.8
22,09,17,4,中山,3,02,未勝利*,7,ダ,1,1800,良,フリッパー        ,牡,2,ルメール,54.0,11,06,3,3,0,1.5,4,115.9,"1559",0,6,5,5,4,38.5,500,戸田博文,美,130,20100078,05339,01054,0622430206,谷掛龍夫,片山牧場,ドレフォン,ピアノボレロ,ダンスインザダーク,鹿毛,200225,    5.9,  ,    ,50.5
22,08,20,3,新潟,3,03,新馬,15,ダ,1,1800,稍,フリッパー        ,牡,2,福永祐一,54.0,15,01,7,7,0,1.4,5,118.6,"1586",0,8,8,9,9,39.2,502,戸田博文,美,0,20100078,01014,01054,0422330301,谷掛龍夫,片山牧場,ドレフォン,ピアノボレロ,ダンスインザダーク,鹿毛,200225,   10.8,  ,    ,51.3
24,04,28,3,京都,4,05,１勝ｸﾗｽ*,23,ダ,1,1400,良,ドッビアーコ      ,牡,3,鮫島克駿,57.0,12,03,5,5,0,1.6,3,85.1,"1251",0,0,0,7,5,38.1,534,奥村豊,栗,78,21110130,01157,01146,0824340503,吉田和美,"Bonne Chance Farm LLC","Street Boss",Rubindy,Bernardini,芦毛,210415,   10.5,  ,    ,42.5
24,04,06,2,阪神,5,02,未勝利,7,ダ,1,1400,稍,ドッビアーコ      ,牡,3,ムルザバ,57.0,16,05,1,1,0,-0.3,2,85.4,"1254",0,0,0,5,4,37.7,538,奥村豊,栗,550,21110130,05627,01146,0924250205,吉田和美,"Bonne Chance Farm LLC","Street Boss",Rubindy,Bernardini,芦毛,210415,    4.5,  ,    ,44.9
24,01,14,1,京都,5,02,未勝利,7,ダ,1,1900,良,ドッビアーコ      ,牡,3,松山弘平,57.0,13,04,6,6,0,1.5,2,123.3,"2033",0,1,1,1,1,40.9,530,奥村豊,栗,0,21110130,01126,01146,0824150204,吉田和美,"Bonne Chance Farm LLC","Street Boss",Rubindy,Bernardini,芦毛,210415,    4.2,  ,    ,43.0
23,12,24,5,阪神,8,01,未勝利*,7,ダ,1,1800,良,ドッビアーコ      ,牡,2,西村淳也,56.0,16,13,3,3,0,0.3,1,116.6,"1566",0,3,3,3,3,39.8,526,奥村豊,栗,140,21110130,01171,01146,0923580113,吉田和美,"Bonne Chance Farm LLC","Street Boss",Rubindy,Bernardini,芦毛,210415,    3.1,  ,    ,46.5
23,10,14,4,東京,4,01,未勝利*,7,ダ,1,1600,良,ドッビアーコ      ,牡,2,松山弘平,56.0,11,08,4,4,0,0.2,2,99.4,"1394",0,0,0,3,3,39.3,518,奥村豊,栗,83,21110130,01126,01146,0523440108,吉田和美,"Bonne Chance Farm LLC","Street Boss",Rubindy,Bernardini,芦毛,210415,    2.8,  ,    ,41.8
23,09,24,4,阪神,7,04,新馬,15,ダ,1,1800,良,ドッビアーコ      ,牡,2,松山弘平,55.0,8,02,4,4,0,0.9,5,117.4,"1574",0,7,6,7,7,38.4,518,奥村豊,栗,110,21110130,01126,01146,0923470402,吉田和美,"Bonne Chance Farm LLC","Street Boss",Rubindy,Bernardini,芦毛,210415,   18.2,  ,    ,52.9
24,07,06,1,函館,9,08,１勝ｸﾗｽ,23,ダ,1,1700,稍,ケイエイト        ,牡,4,菱田裕二,58.0,10,08,6,6,0,1.4,4,107.1,"1471",0,6,6,7,6,38.6,464,羽月友彦,栗,0,20103673,01144,01091,0224190808,武田敏也,ノーザンファーム,ルーラーシップ,ラベンダーカラー,サクラバクシンオー,鹿毛,200315,    7.9,  ,    ,46.8
24,06,22,1,函館,5,12,１勝ｸﾗｽ,23,ダ,1,1700,良,ケイエイト        ,牡,4,菱田裕二,58.0,8,01,4,4,0,0.4,6,105.5,"1455",0,3,3,2,2,38.9,462,羽月友彦,栗,120,20103673,01144,01091,0224151201,武田敏也,ノーザンファーム,ルーラーシップ,ラベンダーカラー,サクラバクシンオー,鹿毛,200315,   21.5,  ,    ,43.4
24,06,08,1,函館,1,12,１勝ｸﾗｽ,23,ダ,1,1700,良,ケイエイト        ,牡,4,菱田裕二,58.0,14,02,10,10,0,2,8,106.6,"1466",0,9,8,11,10,38.6,470,羽月友彦,栗,0,20103673,01144,01091,0224111202,武田敏也,ノーザンファーム,ルーラーシップ,ラベンダーカラー,サクラバクシンオー,鹿毛,200315,   19.2,  ,    ,46.1
24,04,06,1,福島,1,06,１勝ｸﾗｽ,23,ダ,1,1700,良,ケイエイト        ,牡,4,丸山元気,58.0,15,11,3,3,0,0.9,3,107.1,"1471",0,7,9,9,8,38.3,460,羽月友彦,栗,200,20103673,01127,01091,0324110611,武田敏也,ノーザンファーム,ルーラーシップ,ラベンダーカラー,サクラバクシンオー,鹿毛,200315,    5.4,  ,    ,48.0
24,03,09,1,阪神,5,06,１勝ｸﾗｽ,23,ダ,1,1800,良,ケイエイト        ,牡,4,和田竜二,58.0,10,01,4,4,0,0.9,4,117.1,"1571",0,4,3,4,4,37.6,462,羽月友彦,栗,120,20103673,01018,01091,0924150601,武田敏也,ノーザンファーム,ルーラーシップ,ラベンダーカラー,サクラバクシンオー,鹿毛,200315,    8.8,  ,    ,55.7
24,02,17,2,京都,7,07,１勝ｸﾗｽ,23,ダ,1,1800,稍,ケイエイト        ,牡,4,和田竜二,57.0,11,07,3,3,0,0.5,5,114.1,"1541",0,4,3,4,4,38.1,468,羽月友彦,栗,200,20103673,01018,01091,0824270707,武田敏也,ノーザンファーム,ルーラーシップ,ラベンダーカラー,サクラバクシンオー,鹿毛,200315,   11.5,  ,    ,49.7
24,01,28,2,京都,2,07,１勝ｸﾗｽ,23,ダ,1,1800,良,ケイエイト        ,牡,4,和田竜二,57.0,10,08,6,6,0,1,4,114.8,"1548",0,6,6,7,5,37.3,474,羽月友彦,栗,0,20103673,01018,01091,0824220708,武田敏也,ノーザンファーム,ルーラーシップ,ラベンダーカラー,サクラバクシンオー,鹿毛,200315,   10.2,  ,    ,53.9
23,11,11,3,京都,3,06,１勝ｸﾗｽ,23,ダ,1,1800,重,ケイエイト        ,牡,3,和田竜二,56.0,10,09,8,8,0,2.9,4,117.2,"1572",0,7,7,6,5,41.6,472,羽月友彦,栗,0,20103673,01018,01091,0823330609,武田敏也,ノーザンファーム,ルーラーシップ,ラベンダーカラー,サクラバクシンオー,鹿毛,200315,    5.3,  ,    ,40.9
23,10,29,2,京都,9,07,１勝ｸﾗｽ,23,ダ,1,1800,良,ケイエイト        ,牡,3,和田竜二,56.0,11,07,2,2,0,0.8,3,114.2,"1542",0,10,10,7,5,39.4,474,羽月友彦,栗,320,20103673,01018,01091,0823290707,武田敏也,ノーザンファーム,ルーラーシップ,ラベンダーカラー,サクラバクシンオー,鹿毛,200315,    4.1,  ,    ,44.9
23,09,02,3,小倉,7,12,１勝ｸﾗｽ,23,ダ,1,1700,稍,ケイエイト        ,牡,3,藤懸貴志,55.0,16,04,3,3,0,0,4,104.9,"1449",0,15,14,12,11,38,470,羽月友彦,栗,200,20103673,01138,01091,1023371204,武田敏也,ノーザンファーム,ルーラーシップ,ラベンダーカラー,サクラバクシンオー,鹿毛,200315,    6.6,  ,    ,46.0
23,08,20,3,小倉,4,12,１勝ｸﾗｽ,23,ダ,1,1700,良,ケイエイト        ,牡,3,藤懸貴志,55.0,16,12,3,3,0,0.5,5,105.3,"1453",0,12,12,8,7,37.8,464,羽月友彦,栗,200,20103673,01138,01091,1023341212,武田敏也,ノーザンファーム,ルーラーシップ,ラベンダーカラー,サクラバクシンオー,鹿毛,200315,   13.4,  ,    ,47.4
23,07,09,3,中京,4,08,１勝ｸﾗｽ,23,ダ,1,1800,稍,ケイエイト        ,牡,3,和田竜二,55.0,16,16,7,7,0,1.1,8,114.9,"1549",0,3,3,3,2,39.8,472,羽月友彦,栗,0,20103673,01018,01091,0723340816,武田敏也,ノーザンファーム,ルーラーシップ,ラベンダーカラー,サクラバクシンオー,鹿毛,200315,   24.5,  ,    ,44.3
23,04,30,1,京都,4,05,１勝ｸﾗｽ*,23,ダ,1,1800,重,ケイエイト        ,牡,3,和田竜二,56.0,12,04,7,7,0,3.4,10,115,"1550",0,6,7,9,7,40.5,466,羽月友彦,栗,0,20103673,01018,01091,0823140504,武田敏也,ノーザンファーム,ルーラーシップ,ラベンダーカラー,サクラバクシンオー,鹿毛,200315,  116.8,  ,    ,42.0
23,04,08,2,阪神,5,05,１勝ｸﾗｽ*,23,ダ,1,1800,不,ケイエイト        ,牡,3,和田竜二,56.0,11,10,6,6,0,0.9,9,112.8,"1528",0,7,7,7,7,38.6,470,羽月友彦,栗,0,20103673,01018,01091,0923250510,武田敏也,ノーザンファーム,ルーラーシップ,ラベンダーカラー,サクラバクシンオー,鹿毛,200315,   87.2,  ,    ,46.1
23,01,29,1,小倉,6,09,くすのき･1勝,23,ダ,1,1700,重,ケイエイト        ,牡,3,丸山元気,56.0,14,08,8,8,0,1.2,8,105.6,"1456",0,8,9,11,9,38.4,460,羽月友彦,栗,0,20103673,01127,01091,1023160908,武田敏也,ノーザンファーム,ルーラーシップ,ラベンダーカラー,サクラバクシンオー,鹿毛,200315,   17.1,  ,    ,45.5
22,12,18,6,中京,6,01,未勝利*,7,ダ,1,1800,良,ケイエイト        ,牡,2,丸山元気,55.0,16,10,1,1,0,-0.7,7,116.1,"1561",0,2,2,2,2,39.1,464,羽月友彦,栗,520,20103673,01127,01091,0722660110,武田敏也,ノーザンファーム,ルーラーシップ,ラベンダーカラー,サクラバクシンオー,鹿毛,200315,   11.5,  ,    ,48.5
22,09,11,5,中京,2,04,新馬,15,ダ,1,1800,稍,ケイエイト        ,牡,2,和田竜二,54.0,14,02,4,4,0,1.3,11,114.8,"1548",0,8,7,4,3,39.1,440,羽月友彦,栗,110,20103673,01018,01091,0722520402,武田敏也,ノーザンファーム,ルーラーシップ,ラベンダーカラー,サクラバクシンオー,鹿毛,200315,   58.8,  ,    ,46.8
24,06,01,4,京都,1,09,１勝ｸﾗｽ,23,ダ,1,1200,稍,エコロエイト      ,牡,3,田口貫太,54.0,16,16,6,6,0,0.8,11,71.5,"1115",0,0,0,4,3,36.7,502,須貝尚介,栗,0,21110104,01208,01105,0824410916,原村正紀,"Shadai Farm","Take Charge Indy","Lighthouse Bay",Speightstown,黒鹿,210210,   40.3,  ,    ,44.8
24,02,25,1,阪神,2,05,１勝ｸﾗｽ*,23,ダ,1,1200,不,エコロエイト      ,牡,3,松山弘平,57.0,10,05,8,8,0,2.3,5,73.5,"1135",0,0,0,6,8,37.4,488,須貝尚介,栗,0,21110104,01126,01105,0924120505,原村正紀,"Shadai Farm","Take Charge Indy","Lighthouse Bay",Speightstown,黒鹿,210210,   14.9,  ,    ,46.5
24,01,20,1,京都,6,04,１勝ｸﾗｽ*,23,ダ,1,1400,稍,エコロエイト      ,牡,3,武豊,57.0,7,07,7,7,0,2.4,6,85.8,"1258",0,0,0,3,4,38.5,502,須貝尚介,栗,0,21110104,00666,01105,0824160407,原村正紀,"Shadai Farm","Take Charge Indy","Lighthouse Bay",Speightstown,黒鹿,210210,    7.6,  ,    ,42.1
23,12,23,5,阪神,7,02,未勝利*,7,ダ,1,1200,良,エコロエイト      ,牡,2,藤岡康太,56.0,15,02,1,1,0,-0.3,3,73.6,"1136",0,0,0,4,3,37.8,498,須貝尚介,栗,550,21110104,01116,01105,0923570202,原村正紀,"Shadai Farm","Take Charge Indy","Lighthouse Bay",Speightstown,黒鹿,210210,    7.4,  ,    ,44.7
23,11,05,3,京都,2,01,未勝利*,7,芝,0,1200,良,エコロエイト      ,牡,2,松山弘平,56.0,14,10,8,8,0,0.6,4,69.7,"1097",0,0,0,4,3,34.5,498,須貝尚介,栗,0,21110104,01126,01105,0823320110,原村正紀,"Shadai Farm","Take Charge Indy","Lighthouse Bay",Speightstown,黒鹿,210210,    7.9,  ,    ,52.0
23,10,14,4,東京,4,03,新馬,15,芝,0,1400,良,エコロエイト      ,牡,2,松山弘平,56.0,18,12,6,6,0,1.1,3,83.9,"1239",0,0,0,8,11,34.6,488,須貝尚介,栗,0,21110104,01126,01105,0523440312,原村正紀,"Shadai Farm","Take Charge Indy","Lighthouse Bay",Speightstown,黒鹿,210210,    6.3,  ,    ,56.9
24,05,25,2,東京,11,01,未勝利,7,ダ,1,1400,良,オルゴーリオ      ,牡,3,菊沢一樹,57.0,16,11,1,1,0,-0.7,8,84.8,"1248",0,0,0,2,2,36.6,504,菊沢隆徳,美,550,21110147,01161,01115,05242B0111,ノルマンディーサラブレッドレーシング,"Dennis Crooks & George Bates","Mor Spirit","Holy Wow","Put It Back",黒鹿,210512,   49.0,  ,    ,48.8
24,07,02,4,不明,2,10,ジュラ,3,ダ,1,1600,重,ジャーニーメモリー,牡,4,柴田大知,57.0,10,08,9,9,0,4.5,9,108.7,"1487",0,5,5,6,8,0,468,粕谷昌央,美,0,20104437,01009,01096,4524421008,海谷幸司,谷岡牧場,ヴィクトワールピサ,プリンセスメモリー,スウェプトオーヴァーボード,黒鹿,200327,    0.0,  ,    , 0.0
24,06,16,3,東京,6,07,１勝ｸﾗｽ,23,ダ,1,1400,良,ジャーニーメモリー,牡,4,柴田大知,58.0,16,06,15,15,0,2.2,16,86.4,"1264",0,0,0,7,7,37.9,462,粕谷昌央,美,0,20104437,01009,01096,0524360706,海谷幸司,谷岡牧場,ヴィクトワールピサ,プリンセスメモリー,スウェプトオーヴァーボード,黒鹿,200327,  378.9,  ,    ,46.0
24,03,10,2,中山,6,12,１勝ｸﾗｽ,23,ダ,1,1200,稍,ジャーニーメモリー,牡,4,柴田大知,58.0,16,07,13,13,0,2.2,12,73.9,"1139",0,0,0,8,10,39.3,462,粕谷昌央,美,0,20104437,01009,01096,0624261207,海谷幸司,谷岡牧場,ヴィクトワールピサ,プリンセスメモリー,スウェプトオーヴァーボード,黒鹿,200327,   70.8,  ,    ,38.0
24,01,27,1,東京,1,07,１勝ｸﾗｽ,23,ダ,1,1400,良,ジャーニーメモリー,牡,4,原優介,56.0,16,12,14,14,0,2.9,14,89.2,"1292",0,0,0,5,6,40.8,468,粕谷昌央,美,0,20104437,01184,01096,0524110712,海谷幸司,谷岡牧場,ヴィクトワールピサ,プリンセスメモリー,スウェプトオーヴァーボード,黒鹿,200327,   63.2,  ,    ,39.0
23,11,04,3,福島,1,08,１勝ｸﾗｽ,23,芝,0,1200,良,ジャーニーメモリー,牡,3,横山琉人,56.0,13,02,9,9,0,1.6,10,70.2,"1102",0,0,0,9,9,35.5,458,粕谷昌央,美,0,20104437,01192,01096,0323310802,海谷幸司,谷岡牧場,ヴィクトワールピサ,プリンセスメモリー,スウェプトオーヴァーボード,黒鹿,200327,   53.4,  ,    ,47.7
23,10,15,4,東京,5,06,１勝ｸﾗｽ,23,ダ,1,1300,不,ジャーニーメモリー,牡,3,柴田大知,57.0,16,09,10,10,0,1.1,13,79,"1190",0,0,0,5,5,37,452,粕谷昌央,美,0,20104437,01009,01096,0523450609,海谷幸司,谷岡牧場,ヴィクトワールピサ,プリンセスメモリー,スウェプトオーヴァーボード,黒鹿,200327,   63.0,  ,    ,47.3
23,09,23,4,中山,6,04,１勝ｸﾗｽ,23,芝,8,1200,重,ジャーニーメモリー,牡,3,北村宏司,56.0,16,02,13,13,0,1.2,5,70.6,"1106",0,0,0,9,9,35.4,454,粕谷昌央,美,0,20104437,01043,01096,0623460402,海谷幸司,谷岡牧場,ヴィクトワールピサ,プリンセスメモリー,スウェプトオーヴァーボード,黒鹿,200327,   11.9,  ,    ,49.4
23,03,19,2,中山,8,04,１勝ｸﾗｽ*,23,ダ,1,1200,不,ジャーニーメモリー,牡,3,北村宏司,56.0,16,05,6,6,0,0.7,13,71.3,"1113",0,0,0,3,3,36.9,448,粕谷昌央,美,0,20104437,01043,01096,0623280405,海谷幸司,谷岡牧場,ヴィクトワールピサ,プリンセスメモリー,スウェプトオーヴァーボード,黒鹿,200327,   69.0,  ,    ,43.2
23,03,05,2,中山,4,02,未勝利,7,ダ,1,1200,良,ジャーニーメモリー,牡,3,北村宏司,56.0,16,09,1,1,0,0,4,72.5,"1125",0,0,0,2,2,38.1,448,粕谷昌央,美,550,20104437,01043,01096,0623240209,海谷幸司,谷岡牧場,ヴィクトワールピサ,プリンセスメモリー,スウェプトオーヴァーボード,黒鹿,200327,    7.9,  ,    ,40.3
23,02,12,1,東京,6,01,未勝利,7,ダ,1,1400,重,ジャーニーメモリー,牡,3,北村宏司,56.0,16,09,5,5,0,1.6,5,85.4,"1254",0,0,0,4,6,37.3,452,粕谷昌央,美,55,20104437,01043,01096,0523160109,海谷幸司,谷岡牧場,ヴィクトワールピサ,プリンセスメモリー,スウェプトオーヴァーボード,黒鹿,200327,   20.7,  ,    ,46.7
22,12,10,5,中山,3,04,未勝利*,7,芝,0,1800,良,ジャーニーメモリー,牡,2,田中勝春,55.0,16,03,6,6,0,1.4,5,109.8,"1498",0,8,7,7,7,36.5,444,粕谷昌央,美,0,20104437,00684,01096,0622530403,海谷幸司,谷岡牧場,ヴィクトワールピサ,プリンセスメモリー,スウェプトオーヴァーボード,黒鹿,200327,   50.0,  ,    ,50.4
22,11,20,5,東京,6,02,未勝利*,7,芝,0,1600,良,ジャーニーメモリー,牡,2,田中勝春,55.0,15,01,7,7,0,0.8,6,94.6,"1346",0,0,0,13,13,34,446,粕谷昌央,美,0,20104437,00684,01096,0522560201,海谷幸司,谷岡牧場,ヴィクトワールピサ,プリンセスメモリー,スウェプトオーヴァーボード,黒鹿,200327,   64.9,  ,    ,56.9
22,10,30,4,東京,9,02,未勝利*,7,芝,0,1600,良,ジャーニーメモリー,牡,2,北村宏司,55.0,10,08,8,8,0,0.8,3,95.5,"1355",0,0,0,2,3,34.9,440,粕谷昌央,美,0,20104437,01043,01096,0522490208,海谷幸司,谷岡牧場,ヴィクトワールピサ,プリンセスメモリー,スウェプトオーヴァーボード,黒鹿,200327,    8.5,  ,    ,54.2
22,10,08,4,東京,1,05,新馬,15,芝,0,1800,良,ジャーニーメモリー,牡,2,北村宏司,55.0,17,02,3,3,0,1.7,6,108.7,"1487",0,0,7,7,7,35.2,440,粕谷昌央,美,180,20104437,01043,01096,0522410502,海谷幸司,谷岡牧場,ヴィクトワールピサ,プリンセスメモリー,スウェプトオーヴァーボード,黒鹿,200327,   20.4,  ,    ,54.4
24,06,15,4,京都,5,08,１勝ｸﾗｽ,23,ダ,1,1800,良,リュクスドレフォン,牡,4,藤懸貴志,58.0,14,04,8,8,0,1.7,2,114.6,"1546",0,2,2,3,4,39.8,506,平田修,栗,0,20106927,01138,01082,0824450804,田畑憲士,三嶋牧場,ドレフォン,リュクスメジャー,ダイワメジャー,鹿毛,200331,    6.9,  ,    ,44.0
24,06,02,4,京都,2,08,１勝ｸﾗｽ,23,ダ,1,1800,稍,リュクスドレフォン,牡,4,藤懸貴志,58.0,11,04,2,2,0,1.2,5,113,"1530",0,2,2,2,1,39.9,506,平田修,栗,320,20106927,01138,01082,0824420804,田畑憲士,三嶋牧場,ドレフォン,リュクスメジャー,ダイワメジャー,鹿毛,200331,   17.1,  ,    ,41.6
24,05,04,1,新潟,3,08,１勝ｸﾗｽ,23,ダ,1,1800,良,リュクスドレフォン,牡,4,藤懸貴志,58.0,11,10,3,3,0,1.1,1,115.6,"1556",0,3,3,2,3,39,508,平田修,栗,200,20106927,01138,01082,0424130810,田畑憲士,三嶋牧場,ドレフォン,リュクスメジャー,ダイワメジャー,鹿毛,200331,    1.8,  ,    ,48.2
24,04,06,1,福島,1,06,１勝ｸﾗｽ,23,ダ,1,1700,良,リュクスドレフォン,牡,4,藤懸貴志,58.0,15,04,2,2,0,0.2,1,106.4,"1464",0,1,1,1,1,38.8,510,平田修,栗,320,20106927,01138,01082,0324110604,田畑憲士,三嶋牧場,ドレフォン,リュクスメジャー,ダイワメジャー,鹿毛,200331,    2.5,  ,    ,45.0
23,12,16,4,中京,5,07,１勝ｸﾗｽ,23,ダ,1,1800,重,リュクスドレフォン,牡,3,藤懸貴志,57.0,15,12,7,7,0,1,1,113.1,"1531",0,4,2,3,2,38.2,508,平田修,栗,0,20106927,01138,01082,0723450712,田畑憲士,三嶋牧場,ドレフォン,リュクスメジャー,ダイワメジャー,鹿毛,200331,    3.4,  ,    ,48.0
23,12,03,4,中京,2,07,１勝ｸﾗｽ,23,ダ,1,1800,良,リュクスドレフォン,牡,3,藤懸貴志,57.0,9,02,5,5,0,0.7,3,115.1,"1551",0,1,1,1,1,41,508,平田修,栗,80,20106927,01138,01082,0723420702,田畑憲士,三嶋牧場,ドレフォン,リュクスメジャー,ダイワメジャー,鹿毛,200331,    4.1,  ,    ,40.4
23,11,11,3,京都,3,06,１勝ｸﾗｽ,23,ダ,1,1800,重,リュクスドレフォン,牡,3,松山弘平,56.0,10,05,3,3,0,1.1,2,115.4,"1554",0,3,3,2,2,40.2,512,平田修,栗,200,20106927,01126,01082,0823330605,田畑憲士,三嶋牧場,ドレフォン,リュクスメジャー,ダイワメジャー,鹿毛,200331,    4.1,  ,    ,43.5
23,10,21,2,京都,6,08,１勝ｸﾗｽ,23,ダ,1,1800,良,リュクスドレフォン,牡,3,藤懸貴志,56.0,8,06,2,2,0,0.4,2,114.6,"1546",0,2,2,2,2,37.7,512,平田修,栗,320,20106927,01138,01082,0823260806,田畑憲士,三嶋牧場,ドレフォン,リュクスメジャー,ダイワメジャー,鹿毛,200331,    3.6,  ,    ,52.0
23,09,23,4,阪神,6,06,１勝ｸﾗｽ,23,ダ,1,1800,稍,リュクスドレフォン,牡,3,藤懸貴志,55.0,11,03,6,6,0,1.9,2,114.7,"1547",0,4,4,4,4,38.5,512,平田修,栗,0,20106927,01138,01082,0923460603,田畑憲士,三嶋牧場,ドレフォン,リュクスメジャー,ダイワメジャー,鹿毛,200331,    3.7,  ,    ,49.0
23,07,22,3,中京,7,02,未勝利,7,ダ,1,1800,良,リュクスドレフォン,牡,3,藤懸貴志,56.0,16,15,1,1,0,-0.9,5,113.5,"1535",0,2,2,2,2,37.8,508,平田修,栗,550,20106927,01138,01082,0723370215,田畑憲士,三嶋牧場,ドレフォン,リュクスメジャー,ダイワメジャー,鹿毛,200331,   13.5,  ,    ,50.1
23,07,02,3,中京,2,06,未勝利,7,ダ,1,1800,稍,リュクスドレフォン,牡,3,藤懸貴志,56.0,15,03,3,3,0,0.7,5,115.4,"1554",0,1,1,1,2,40.9,500,平田修,栗,140,20106927,01138,01082,0723320603,田畑憲士,三嶋牧場,ドレフォン,リュクスメジャー,ダイワメジャー,鹿毛,200331,   11.4,  ,    ,41.1
23,06,10,3,阪神,3,01,未勝利,7,ダ,1,1400,稍,リュクスドレフォン,牡,3,和田竜二,56.0,16,16,11,11,0,2.6,8,86,"1260",0,0,0,5,5,38.7,508,平田修,栗,0,20106927,01018,01082,0923330116,田畑憲士,三嶋牧場,ドレフォン,リュクスメジャー,ダイワメジャー,鹿毛,200331,   35.9,  ,    ,41.7
23,05,20,1,京都,9,02,未勝利,7,ダ,1,1400,重,リュクスドレフォン,牡,3,藤岡康太,56.0,16,11,5,5,0,2.5,5,87.4,"1274",0,0,0,13,12,38.5,512,平田修,栗,55,20106927,01116,01082,0823190211,田畑憲士,三嶋牧場,ドレフォン,リュクスメジャー,ダイワメジャー,鹿毛,200331,   14.5,  ,    ,45.3
23,02,04,1,中京,11,02,未勝利,7,ダ,1,1400,良,リュクスドレフォン,牡,3,和田竜二,56.0,16,02,4,4,0,0.7,3,87.1,"1271",0,0,0,4,3,39.5,512,平田修,栗,83,20106927,01018,01082,07231B0202,田畑憲士,三嶋牧場,ドレフォン,リュクスメジャー,ダイワメジャー,鹿毛,200331,    8.9,  ,    ,40.4
23,01,15,1,中京,6,02,未勝利,7,ダ,1,1400,稍,リュクスドレフォン,牡,3,和田竜二,56.0,16,04,5,5,0,0.4,9,86.9,"1269",0,0,0,4,3,38.6,512,平田修,栗,55,20106927,01018,01082,0723160204,田畑憲士,三嶋牧場,ドレフォン,リュクスメジャー,ダイワメジャー,鹿毛,200331,   19.4,  ,    ,43.8
22,12,24,6,阪神,7,01,未勝利*,7,ダ,1,1800,稍,リュクスドレフォン,牡,2,和田竜二,55.0,15,02,7,7,0,1.3,4,117.1,"1571",0,4,4,3,3,40.8,520,平田修,栗,0,20106927,01018,01082,0922670102,田畑憲士,三嶋牧場,ドレフォン,リュクスメジャー,ダイワメジャー,鹿毛,200331,   20.6,  ,    ,43.5
22,12,03,6,阪神,1,05,新馬,15,ダ,1,1800,稍,リュクスドレフォン,牡,2,和田竜二,55.0,12,05,5,5,0,2.2,5,115.6,"1556",0,3,3,3,4,39.5,516,平田修,栗,70,20106927,01018,01082,0922610505,田畑憲士,三嶋牧場,ドレフォン,リュクスメジャー,ダイワメジャー,鹿毛,200331,   17.2,  ,    ,46.3
24,07,06,1,函館,9,06,未勝利,7,芝,0,2600,良,ミスガリレオアスク,牝,3,北村友一,55.0,12,04,1,1,0,-0.6,2,165,"2450",0,6,5,5,5,35.6,432,矢作芳人,栗,550,21110016,01102,01075,0224190604,廣崎利洋HD,"Hirosaki Toshihiro HD Co. Ltd",Galileo,"Let's Go Donki","King Kamehameha",鹿毛,210218,    3.8,  ,    ,59.0
24,06,09,1,函館,2,04,未勝利,7,芝,0,2600,良,ミスガリレオアスク,牝,3,古川奈穂,51.0,14,03,5,5,0,0.3,6,160.4,"2404",0,8,8,9,7,36.5,432,矢作芳人,栗,55,21110016,01190,01075,0224120403,廣崎利洋HD,"Hirosaki Toshihiro HD Co. Ltd",Galileo,"Let's Go Donki","King Kamehameha",鹿毛,210218,   17.6,  ,    ,51.8
24,05,19,3,京都,10,05,未勝利,7,芝,8,1800,良,ミスガリレオアスク,牝,3,鮫島克駿,55.0,18,03,8,8,0,1.3,8,108.5,"1485",0,0,0,8,8,35.8,436,矢作芳人,栗,0,21110016,01157,01075,08243A0503,廣崎利洋HD,"Hirosaki Toshihiro HD Co. Ltd",Galileo,"Let's Go Donki","King Kamehameha",鹿毛,210218,   17.1,  ,    ,51.5
24,06,01,4,京都,1,07,１勝ｸﾗｽ,23,芝,8,2200,良,アットアブラスト  ,牡,4,幸英明,58.0,9,08,9,9,0,2.1,8,134.8,"2148",0,9,9,9,9,34.5,462,小椋研介,栗,0,20101323,00732,01197,0824410708,岡田牧雄,沖田牧場,ゼンノロブロイ,ウィンディガーデン,タニノギムレット,黒鹿,200324,   90.5,  ,    ,59.0
24,05,18,3,京都,9,07,１勝ｸﾗｽ,23,芝,8,2400,良,アットアブラスト  ,牡,4,幸英明,58.0,12,04,12,12,0,2,10,146,"2260",0,5,4,4,6,37.1,460,小椋研介,栗,0,20101323,00732,01197,0824390704,岡田牧雄,沖田牧場,ゼンノロブロイ,ウィンディガーデン,タニノギムレット,黒鹿,200324,   33.4,  ,    ,47.8
24,04,27,3,京都,3,06,１勝ｸﾗｽ,23,芝,8,2200,良,アットアブラスト  ,牡,4,幸英明,58.0,10,02,4,4,0,0.8,9,134.1,"2141",0,8,8,9,10,35.5,460,小椋研介,栗,120,20101323,00732,01197,0824330602,岡田牧雄,沖田牧場,ゼンノロブロイ,ウィンディガーデン,タニノギムレット,黒鹿,200324,  175.4,  ,    ,54.2
24,04,13,2,阪神,7,07,１勝ｸﾗｽ,23,芝,8,2400,良,アットアブラスト  ,牡,4,幸英明,58.0,12,04,9,9,0,2,11,147.5,"2275",0,12,12,11,12,35.3,458,小椋研介,栗,0,20101323,00732,01197,0924270704,岡田牧雄,沖田牧場,ゼンノロブロイ,ウィンディガーデン,タニノギムレット,黒鹿,200324,  137.7,  ,    ,55.9
24,04,07,2,阪神,6,06,１勝ｸﾗｽ,23,ダ,1,1800,良,アットアブラスト  ,牡,4,和田竜二,58.0,10,02,0,0,4,999.9,9,0,"----",0,0,0,0,0,0,458,小椋研介,栗,0,20101323,01018,01197,0924260602,岡田牧雄,沖田牧場,ゼンノロブロイ,ウィンディガーデン,タニノギムレット,黒鹿,200324,  155.4,  ,    , 0.0
24,03,02,1,阪神,3,07,１勝ｸﾗｽ,23,ダ,1,2000,稍,アットアブラスト  ,牡,4,水口優也,58.0,8,08,6,6,0,0.7,8,128.2,"2082",0,3,4,4,4,38.2,456,牧田和弥,栗,0,20101323,01133,01123,0924130708,岡田牧雄,沖田牧場,ゼンノロブロイ,ウィンディガーデン,タニノギムレット,黒鹿,200324,  204.4,  ,    ,51.0
24,02,18,2,小倉,4,06,１勝ｸﾗｽ,23,ダ,1,2400,良,アットアブラスト  ,牡,4,水口優也,57.0,13,12,12,12,0,1.6,13,157,"2370",0,9,10,11,10,38.6,466,牧田和弥,栗,0,20101323,01133,01123,1024240612,岡田牧雄,沖田牧場,ゼンノロブロイ,ウィンディガーデン,タニノギムレット,黒鹿,200324,  250.0,  ,    ,52.2
23,10,09,2,京都,3,07,１勝ｸﾗｽ,23,ダ,1,1900,重,アットアブラスト  ,牡,3,国分恭介,56.0,13,02,12,12,0,4.1,13,123.2,"2032",0,7,8,12,12,39.9,466,牧田和弥,栗,0,20101323,01124,01123,0823230702,岡田牧雄,沖田牧場,ゼンノロブロイ,ウィンディガーデン,タニノギムレット,黒鹿,200324,  164.8,  ,    ,46.4
23,09,18,4,阪神,5,08,１勝ｸﾗｽ,23,ダ,1,1800,良,アットアブラスト  ,牡,3,富田暁,55.0,13,11,10,10,0,3.2,11,116.9,"1569",0,12,12,12,13,40.6,466,牧田和弥,栗,0,20101323,01168,01123,0923450811,岡田牧雄,沖田牧場,ゼンノロブロイ,ウィンディガーデン,タニノギムレット,黒鹿,200324,   54.2,  ,    ,44.0
23,07,04,4,不明,2,08,ルビー,3,ダ,1,1600,良,アットアブラスト  ,牡,3,永野猛蔵,55.0,13,06,1,1,0,-0.1,2,104.1,"1441",0,1,1,1,1,0,460,牧田和弥,栗,250,20101323,01188,01123,4523420806,岡田牧雄,沖田牧場,ゼンノロブロイ,ウィンディガーデン,タニノギムレット,黒鹿,200324,    0.0,  ,    , 0.0
23,05,13,1,京都,7,02,未勝利,7,ダ,1,1900,良,アットアブラスト  ,牡,3,松若風馬,56.0,10,02,4,4,0,0.6,5,124,"2040",0,2,2,2,2,39,464,牧田和弥,栗,83,20101323,01154,01123,0823170202,岡田牧雄,沖田牧場,ゼンノロブロイ,ウィンディガーデン,タニノギムレット,黒鹿,200324,   55.2,  ,    ,50.6
23,04,29,1,京都,3,02,未勝利,7,ダ,1,1800,良,アットアブラスト  ,牡,3,松若風馬,56.0,16,03,10,10,0,1.6,15,116.5,"1565",0,5,4,9,11,39.9,472,牧田和弥,栗,0,20101323,01154,01123,0823130203,岡田牧雄,沖田牧場,ゼンノロブロイ,ウィンディガーデン,タニノギムレット,黒鹿,200324,  240.2,  ,    ,46.0
23,04,15,1,福島,3,03,未勝利,7,ダ,1,1700,良,アットアブラスト  ,牡,3,秋山稔樹,55.0,15,08,11,11,0,2.9,11,110.7,"1507",0,5,5,6,7,39.7,474,牧田和弥,栗,0,20101323,01181,01123,0323130308,岡田牧雄,沖田牧場,ゼンノロブロイ,ウィンディガーデン,タニノギムレット,黒鹿,200324,   96.5,  ,    ,47.5
23,01,22,1,中京,8,02,未勝利,7,ダ,1,1400,良,アットアブラスト  ,牡,3,鮫島克駿,56.0,15,06,8,8,0,2,10,88.5,"1285",0,0,0,8,8,39.3,474,牧田和弥,栗,0,20101323,01157,01123,0723180206,岡田牧雄,沖田牧場,ゼンノロブロイ,ウィンディガーデン,タニノギムレット,黒鹿,200324,  110.0,  ,    ,43.9
23,01,14,1,中京,5,04,新馬,15,ダ,1,1400,重,アットアブラスト  ,牡,3,鮫島克駿,56.0,16,03,7,7,0,1.2,11,88.4,"1284",0,0,0,3,4,39,478,牧田和弥,栗,0,20101323,01157,01123,0723150403,岡田牧雄,沖田牧場,ゼンノロブロイ,ウィンディガーデン,タニノギムレット,黒鹿,200324,   30.4,  ,    ,45.0
24,06,09,4,京都,4,07,１勝ｸﾗｽ,23,ダ,1,1800,稍,アスクナサニエル  ,牡,3,西塚洸二,53.0,16,12,8,8,0,1.5,10,114.5,"1545",0,3,5,7,7,38.6,500,藤原英昭,栗,0,21110006,01200,01055,0824440712,廣崎利洋HD,"Hirosaki Toshihiro HD Inc.",Nathaniel,"Pretty Lady","Empire Maker",鹿毛,210301,   79.5,  ,    ,48.3
24,05,26,3,京都,12,06,１勝ｸﾗｽ*,23,ダ,1,1400,良,アスクナサニエル  ,牡,3,西塚洸二,55.0,12,01,8,8,0,1.3,5,86.4,"1264",0,0,0,9,9,37.8,506,藤原英昭,栗,0,21110006,01200,01055,08243C0601,廣崎利洋HD,"Hirosaki Toshihiro HD Inc.",Nathaniel,"Pretty Lady","Empire Maker",鹿毛,210301,   14.5,  ,    ,46.4
24,05,05,2,東京,6,05,１勝ｸﾗｽ*,23,ダ,1,2100,良,アスクナサニエル  ,牡,3,松山弘平,57.0,16,03,14,14,0,4.5,11,135.6,"2156",0,1,1,1,1,41.8,512,藤原英昭,栗,0,21110006,01126,01055,0524260503,廣崎利洋HD,"Hirosaki Toshihiro HD Inc.",Nathaniel,"Pretty Lady","Empire Maker",鹿毛,210301,   94.4,  ,    ,39.8
24,03,30,2,阪神,3,05,１勝ｸﾗｽ*,23,ダ,1,1800,稍,アスクナサニエル  ,牡,3,和田竜二,57.0,11,04,9,9,0,3.1,10,115.3,"1553",0,9,9,9,10,40.6,508,藤原英昭,栗,0,21110006,01018,01055,0924230504,廣崎利洋HD,"Hirosaki Toshihiro HD Inc.",Nathaniel,"Pretty Lady","Empire Maker",鹿毛,210301,   33.0,  ,    ,42.0
24,02,25,2,小倉,6,01,未勝利,7,ダ,1,1700,重,アスクナサニエル  ,牡,3,西塚洸二,55.0,16,05,1,1,0,-0.4,1,106,"1460",0,1,1,1,1,39.3,510,藤原英昭,栗,550,21110006,01200,01055,1024260105,廣崎利洋HD,"Hirosaki Toshihiro HD Inc.",Nathaniel,"Pretty Lady","Empire Maker",鹿毛,210301,    2.4,  ,    ,42.6
24,02,04,2,京都,4,03,未勝利,7,ダ,1,1900,良,アスクナサニエル  ,牡,3,和田竜二,57.0,8,08,4,4,0,0,6,121.5,"2015",0,1,1,1,1,40.9,506,藤原英昭,栗,83,21110006,01018,01055,0824240308,廣崎利洋HD,"Hirosaki Toshihiro HD Inc.",Nathaniel,"Pretty Lady","Empire Maker",鹿毛,210301,   27.7,  ,    ,41.0
24,01,14,1,京都,5,02,未勝利,7,ダ,1,1900,良,アスクナサニエル  ,牡,3,田口貫太,55.0,13,12,7,7,0,1.6,5,123.4,"2034",0,10,10,7,5,40.2,508,藤原英昭,栗,0,21110006,01208,01055,0824150212,廣崎利洋HD,"Hirosaki Toshihiro HD Inc.",Nathaniel,"Pretty Lady","Empire Maker",鹿毛,210301,    9.8,  ,    ,45.5
23,11,11,3,京都,3,05,新馬,15,芝,8,1800,稍,アスクナサニエル  ,牡,2,ムーア,56.0,11,06,9,9,0,1.7,2,112.1,"1521",0,0,0,3,2,35.3,510,藤原英昭,栗,0,21110006,05366,01055,0823330506,廣崎利洋HD,"Hirosaki Toshihiro HD Inc.",Nathaniel,"Pretty Lady","Empire Maker",鹿毛,210301,    4.0,  ,    ,58.8
24,05,11,3,京都,7,09,あずさ賞･1勝,23,芝,0,2000,良,ナムラブーニン    ,牡,3,泉谷楓真,57.0,11,10,5,5,0,1,7,119,"1590",0,9,9,9,8,33.8,452,高橋一哉,栗,107,21102420,01182,01206,0824370910,奈村睦弘,坂東牧場,グレーターロンドン,パンドラズホープ,キングカメハメハ,鹿毛,210408,   20.6,  ,    ,58.0
24,04,13,1,福島,3,06,未勝利・若,7,芝,0,1800,良,ナムラブーニン    ,牡,3,泉谷楓真,56.0,16,08,1,1,0,-0.2,11,108.5,"1485",0,14,13,13,12,35.5,456,高橋一哉,栗,550,21102420,01182,01206,0324130608,奈村睦弘,坂東牧場,グレーターロンドン,パンドラズホープ,キングカメハメハ,鹿毛,210408,  105.7,  ,    ,52.8
24,07,13,1,函館,11,07,１勝ｸﾗｽ,23,芝,0,2600,良,ミラキュラスドラマ,牡,3,菱田裕二,55.0,12,11,10,10,0,1.8,9,164.3,"2443",0,3,3,6,11,37.6,458,杉山晴紀,栗,0,21104923,01144,01157,02241B0711,社台レースホース,社台コーポレーション白老ファーム,エピファネイア,メルヴェイユドール,フジキセキ,鹿毛,210411,   47.8,  ,    ,51.1
24,06,22,1,函館,5,12,１勝ｸﾗｽ,23,ダ,1,1700,良,ミラキュラスドラマ,牡,3,岩橋勇二,55.0,8,05,7,7,0,3.2,5,108.3,"1483",0,6,6,7,7,40.1,460,杉山晴紀,栗,0,21104923,05389,01157,0224151205,社台レースホース,社台コーポレーション白老ファーム,エピファネイア,メルヴェイユドール,フジキセキ,鹿毛,210411,   14.2,  ,    ,42.8
24,06,08,1,函館,1,07,１勝ｸﾗｽ,23,芝,0,2000,良,ミラキュラスドラマ,牡,3,鮫島克駿,55.0,13,01,9,9,0,0.6,4,121.2,"2012",0,4,4,5,6,36.1,460,杉山晴紀,栗,0,21104923,01157,01157,0224110701,社台レースホース,社台コーポレーション白老ファーム,エピファネイア,メルヴェイユドール,フジキセキ,鹿毛,210411,   11.7,  ,    ,51.0
24,03,16,1,阪神,7,11,若葉Ｓ(L),115,芝,0,2000,良,ミラキュラスドラマ,牡,3,Ｍ．デム,57.0,10,07,6,6,0,1.3,5,121,"2010",0,6,6,4,4,35.6,456,杉山晴紀,栗,0,21104923,05212,01157,0924171107,社台レースホース,社台コーポレーション白老ファーム,エピファネイア,メルヴェイユドール,フジキセキ,鹿毛,210411,   19.8,  ,    ,52.8
23,12,09,5,阪神,3,09,エリカ賞･1勝,23,芝,0,2000,良,ミラキュラスドラマ,牡,2,松山弘平,56.0,10,10,9,9,0,1.2,6,121.5,"2015",0,7,8,10,8,35.1,454,杉山晴紀,栗,0,21104923,01126,01157,0923530910,社台レースホース,社台コーポレーション白老ファーム,エピファネイア,メルヴェイユドール,フジキセキ,鹿毛,210411,   16.6,  ,    ,55.5
23,11,12,3,京都,4,09,黄菊賞･1勝*,23,芝,0,2000,良,ミラキュラスドラマ,牡,2,Ｍ．デム,56.0,7,02,3,3,0,0.1,4,121.9,"2019",0,1,1,1,1,35.5,452,杉山晴紀,栗,270,21104923,05212,01157,0823340902,社台レースホース,社台コーポレーション白老ファーム,エピファネイア,メルヴェイユドール,フジキセキ,鹿毛,210411,    5.8,  ,    ,54.3
23,09,23,4,阪神,6,03,未勝利*,7,芝,0,2000,良,ミラキュラスドラマ,牡,2,Ｍ．デム,55.0,10,09,1,1,0,-0.4,1,121.3,"2013",0,2,2,3,3,35.8,452,杉山晴紀,栗,550,21104923,05212,01157,0923460309,社台レースホース,社台コーポレーション白老ファーム,エピファネイア,メルヴェイユドール,フジキセキ,鹿毛,210411,    2.4,  ,    ,52.4
23,09,03,2,札幌,8,02,未勝利*,7,芝,0,2000,良,ミラキュラスドラマ,牡,2,佐々木大,54.0,9,02,2,2,0,0.3,2,124.7,"2047",0,3,3,3,2,36.7,454,杉山晴紀,栗,220,21104923,01197,01157,0123280202,社台レースホース,社台コーポレーション白老ファーム,エピファネイア,メルヴェイユドール,フジキセキ,鹿毛,210411,    3.6,  ,    ,52.8
23,08,12,2,札幌,1,01,未勝利*,7,芝,0,1800,良,ミラキュラスドラマ,牡,2,佐々木大,53.0,9,01,3,3,0,0,1,110.6,"1506",0,7,6,8,6,35.8,454,杉山晴紀,栗,140,21104923,01197,01157,0123210101,社台レースホース,社台コーポレーション白老ファーム,エピファネイア,メルヴェイユドール,フジキセキ,鹿毛,210411,    2.3,  ,    ,54.5
23,06,24,3,東京,7,05,新馬,15,芝,0,1800,良,ミラキュラスドラマ,牡,2,Ｍ．デム,55.0,11,11,4,4,0,0.6,3,109.9,"1499",0,0,2,3,3,33.9,454,杉山晴紀,栗,110,21104923,05212,01157,0523370511,社台レースホース,社台コーポレーション白老ファーム,エピファネイア,メルヴェイユドール,フジキセキ,鹿毛,210411,    9.3,  ,    ,62.1
24,07,13,1,函館,11,07,１勝ｸﾗｽ,23,芝,0,2600,良,ノートルプロメス  ,牡,5,富田暁,58.0,12,06,9,9,0,1.8,11,164.3,"2443",0,12,12,9,8,37.4,496,四位洋文,栗,0,19106866,01168,01184,02241B0706,西村有人,チャンピオンズファーム,ヴィクトワールピサ,ステラムーン,アドマイヤムーン,鹿毛,190403,   78.6,  ,    ,51.8
24,06,15,1,函館,3,10,奥尻特別･1勝,23,芝,0,2000,良,ノートルプロメス  ,牡,5,藤岡佑介,58.0,12,09,6,6,0,0.5,8,120.3,"2003",0,11,10,4,4,36.5,492,四位洋文,栗,0,19106866,01093,01184,0224131009,西村有人,チャンピオンズファーム,ヴィクトワールピサ,ステラムーン,アドマイヤムーン,鹿毛,190403,   21.2,  ,    ,48.4
24,06,08,1,函館,1,09,駒ケ岳特･1勝,23,芝,0,2600,良,ノートルプロメス  ,牡,5,浜中俊,58.0,15,02,13,13,0,1.8,5,161,"2410",0,14,13,12,12,37,490,四位洋文,栗,0,19106866,01115,01184,0224110902,西村有人,チャンピオンズファーム,ヴィクトワールピサ,ステラムーン,アドマイヤムーン,鹿毛,190403,   13.5,  ,    ,50.5
24,05,18,3,京都,9,07,１勝ｸﾗｽ,23,芝,8,2400,良,ノートルプロメス  ,牡,5,坂井瑠星,58.0,12,01,2,2,0,0,3,144,"2240",0,11,12,9,8,34.7,500,四位洋文,栗,320,19106866,01163,01184,0824390701,西村有人,チャンピオンズファーム,ヴィクトワールピサ,ステラムーン,アドマイヤムーン,鹿毛,190403,    5.9,  ,    ,55.0
24,05,04,1,新潟,3,10,荒川峡特･1勝,23,芝,0,2200,良,ノートルプロメス  ,牡,5,富田暁,58.0,13,09,4,4,0,0.3,4,135.3,"2153",0,9,8,7,7,36,502,四位洋文,栗,170,19106866,01168,01184,0424131009,西村有人,チャンピオンズファーム,ヴィクトワールピサ,ステラムーン,アドマイヤムーン,鹿毛,190403,    6.9,  ,    ,53.4
24,03,09,1,中京,1,07,１勝ｸﾗｽ,23,芝,0,2200,良,ノートルプロメス  ,牡,5,富田暁,58.0,9,09,3,3,0,0.4,4,133.4,"2134",0,7,7,8,8,36.4,514,四位洋文,栗,200,19106866,01168,01184,0724110709,西村有人,チャンピオンズファーム,ヴィクトワールピサ,ステラムーン,アドマイヤムーン,鹿毛,190403,   14.4,  ,    ,49.9
23,12,10,5,阪神,4,07,１勝ｸﾗｽ,23,ダ,1,1800,良,ノートルプロメス  ,牡,4,浜中俊,58.0,9,02,5,5,0,2.9,6,117.1,"1571",0,4,4,5,5,39.2,496,四位洋文,栗,80,19106866,01115,01184,0923540702,西村有人,チャンピオンズファーム,ヴィクトワールピサ,ステラムーン,アドマイヤムーン,鹿毛,190403,   20.0,  ,    ,49.4
23,12,03,4,中京,2,12,栄特別･1勝,23,芝,0,2200,良,ノートルプロメス  ,牡,4,浜中俊,58.0,11,11,6,6,0,1,8,135.6,"2156",0,6,6,6,6,35.1,502,四位洋文,栗,0,19106866,01115,01184,0723421211,西村有人,チャンピオンズファーム,ヴィクトワールピサ,ステラムーン,アドマイヤムーン,鹿毛,190403,   49.0,  ,    ,57.4
23,07,29,1,札幌,3,09,積丹特別･1勝,23,芝,0,2600,良,ノートルプロメス  ,牡,4,池添謙一,58.0,14,07,11,11,0,2.2,10,163,"2430",0,14,13,11,10,36.8,500,四位洋文,栗,0,19106866,01032,01184,0123130907,西村有人,チャンピオンズファーム,ヴィクトワールピサ,ステラムーン,アドマイヤムーン,鹿毛,190403,   29.0,  ,    ,52.9
23,07,08,2,函館,3,09,北斗特別･1勝,23,芝,0,2000,良,ノートルプロメス  ,牡,4,横山和生,58.0,10,10,8,8,0,1,4,121.8,"2018",0,10,9,10,10,35.3,494,四位洋文,栗,0,19106866,01140,01184,0223230910,西村有人,チャンピオンズファーム,ヴィクトワールピサ,ステラムーン,アドマイヤムーン,鹿毛,190403,   10.5,  ,    ,55.0
23,06,25,1,函館,6,07,１勝ｸﾗｽ,23,芝,0,2600,良,ノートルプロメス  ,牡,4,横山和生,58.0,9,08,2,2,0,0.1,4,162,"2420",0,8,7,4,3,37.9,490,四位洋文,栗,320,19106866,01140,01184,0223160708,西村有人,チャンピオンズファーム,ヴィクトワールピサ,ステラムーン,アドマイヤムーン,鹿毛,190403,    6.4,  ,    ,48.2
23,05,20,1,新潟,7,10,二王子特･1勝,23,芝,8,2000,良,ノートルプロメス  ,牡,4,富田暁,58.0,16,08,7,7,0,0.5,4,121.3,"2013",0,0,0,11,13,34.5,502,四位洋文,栗,0,19106866,01168,01184,0423171008,西村有人,チャンピオンズファーム,ヴィクトワールピサ,ステラムーン,アドマイヤムーン,鹿毛,190403,    6.8,  ,    ,57.8
23,04,29,1,京都,3,07,１勝ｸﾗｽ,23,芝,8,2200,良,ノートルプロメス  ,牡,4,横山和生,58.0,7,03,3,3,0,0.3,4,137,"2170",0,5,5,6,6,33,504,四位洋文,栗,200,19106866,01140,01184,0823130703,西村有人,チャンピオンズファーム,ヴィクトワールピサ,ステラムーン,アドマイヤムーン,鹿毛,190403,    8.8,  ,    ,68.2
22,10,22,4,新潟,3,09,岩船特別･1勝,23,芝,0,2200,良,ノートルプロメス  ,牡,3,団野大成,54.0,16,06,6,6,0,0.7,5,135.5,"2155",0,8,9,8,5,34.8,500,四位洋文,栗,0,19106866,01180,01184,0422430906,西村有人,チャンピオンズファーム,ヴィクトワールピサ,ステラムーン,アドマイヤムーン,鹿毛,190403,   15.7,  ,    ,58.5
22,08,20,2,札幌,3,10,富良野特･1勝,23,芝,0,2000,稍,ノートルプロメス  ,牡,3,藤岡佑介,54.0,11,09,5,5,0,0.3,8,125.2,"2052",0,9,7,6,7,37.4,496,四位洋文,栗,107,19106866,01093,01184,0122231009,西村有人,チャンピオンズファーム,ヴィクトワールピサ,ステラムーン,アドマイヤムーン,鹿毛,190403,   35.6,  ,    ,50.6
22,07,31,1,札幌,4,07,１勝ｸﾗｽ,23,芝,0,2000,良,ノートルプロメス  ,牡,3,藤岡佑介,54.0,14,06,9,9,0,0.9,5,122.4,"2024",0,14,14,14,11,35.7,506,四位洋文,栗,0,19106866,01093,01184,0122140706,西村有人,チャンピオンズファーム,ヴィクトワールピサ,ステラムーン,アドマイヤムーン,鹿毛,190403,    7.5,  ,    ,54.1
22,06,18,1,函館,3,10,奥尻特別･1勝,23,芝,0,2000,良,ノートルプロメス  ,牡,3,藤岡佑介,54.0,9,09,7,7,0,0.6,4,121.5,"2015",0,8,8,8,7,34.2,504,四位洋文,栗,0,19106866,01093,01184,0222131009,西村有人,チャンピオンズファーム,ヴィクトワールピサ,ステラムーン,アドマイヤムーン,鹿毛,190403,   10.3,  ,    ,59.4
22,06,11,1,函館,1,04,未勝利,7,芝,0,2000,良,ノートルプロメス  ,牡,3,藤岡佑介,56.0,11,11,1,1,0,-0.2,4,121.2,"2012",0,11,11,9,9,34.6,504,四位洋文,栗,520,19106866,01093,01184,0222110411,西村有人,チャンピオンズファーム,ヴィクトワールピサ,ステラムーン,アドマイヤムーン,鹿毛,190403,   11.8,  ,    ,57.3
22,02,27,2,小倉,6,02,未勝利,7,芝,0,1800,良,ノートルプロメス  ,牡,3,角田大和,53.0,16,01,4,4,0,0.3,6,108.4,"1484",0,14,15,11,10,34.9,500,四位洋文,栗,78,19106866,01186,01184,1022260201,西村有人,チャンピオンズファーム,ヴィクトワールピサ,ステラムーン,アドマイヤムーン,鹿毛,190403,   17.8,  ,    ,55.3
22,02,12,2,小倉,1,06,未勝利,7,芝,0,1800,良,ノートルプロメス  ,牡,3,角田大和,53.0,15,01,4,4,0,0.8,10,108.3,"1483",0,13,13,13,9,35.4,504,四位洋文,栗,78,19106866,01186,01184,1022210601,西村有人,チャンピオンズファーム,ヴィクトワールピサ,ステラムーン,アドマイヤムーン,鹿毛,190403,   39.5,  ,    ,53.0
21,11,28,5,阪神,8,03,未勝利*,7,芝,0,2000,良,ノートルプロメス  ,牡,2,松本大輝,52.0,14,04,11,11,0,1.7,11,124.7,"2047",0,6,6,9,10,36.8,496,四位洋文,栗,0,19106866,01191,01184,0921580304,西村有人,チャンピオンズファーム,ヴィクトワールピサ,ステラムーン,アドマイヤムーン,鹿毛,190403,  350.8,  ,    ,52.4
21,09,04,4,小倉,7,01,未勝利*,7,芝,0,1800,重,ノートルプロメス  ,牡,2,松本大輝,51.0,14,05,6,6,0,0.7,12,109.8,"1498",0,12,11,9,7,37.1,508,四位洋文,栗,0,19106866,01191,01184,1021470105,西村有人,チャンピオンズファーム,ヴィクトワールピサ,ステラムーン,アドマイヤムーン,鹿毛,190403,  177.5,  ,    ,48.0
21,07,04,1,函館,2,05,新馬,15,芝,0,1800,良,ノートルプロメス  ,牡,2,藤岡佑介,54.0,14,07,13,13,0,3.9,11,114,"1540",0,6,6,9,13,39.2,498,四位洋文,栗,0,19106866,01093,01184,0221120507,西村有人,チャンピオンズファーム,ヴィクトワールピサ,ステラムーン,アドマイヤムーン,鹿毛,190403,  114.7,  ,    ,45.4
24,07,13,1,函館,11,07,１勝ｸﾗｽ,23,芝,0,2600,良,ペリプルス        ,牡,4,永野猛蔵,58.0,12,04,6,6,0,1.2,6,163.7,"2437",0,11,10,12,10,36.6,438,佐藤吉勝,美,0,20105796,01188,01035,02241B0704,ビッグレッドファーム,ビッグレッドファーム,ゴールドシップ,マイネリベルタス,コンデュイット,芦毛,200413,    8.9,  ,    ,54.2
24,06,23,1,函館,6,07,１勝ｸﾗｽ,23,芝,0,2600,良,ペリプルス        ,牡,4,永野猛蔵,58.0,10,03,2,2,0,0.6,5,160.4,"2404",0,6,6,9,7,36.7,434,佐藤吉勝,美,320,20105796,01188,01035,0224160703,ビッグレッドファーム,ビッグレッドファーム,ゴールドシップ,マイネリベルタス,コンデュイット,芦毛,200413,   12.7,  ,    ,51.1
24,06,08,1,函館,1,09,駒ケ岳特･1勝,23,芝,0,2600,良,ペリプルス        ,牡,4,永野猛蔵,58.0,15,05,3,3,0,0.4,12,159.6,"2396",0,9,9,10,8,35.7,430,佐藤吉勝,美,280,20105796,01188,01035,0224110905,ビッグレッドファーム,ビッグレッドファーム,ゴールドシップ,マイネリベルタス,コンデュイット,芦毛,200413,   89.5,  ,    ,54.1
24,04,21,1,福島,6,09,燧ヶ岳特･1勝,23,芝,0,2600,良,ペリプルス        ,牡,4,丸山元気,58.0,9,03,4,4,0,0.1,9,160,"2400",0,4,3,4,3,35.6,428,佐藤吉勝,美,170,20105796,01127,01035,0324160903,ビッグレッドファーム,ビッグレッドファーム,ゴールドシップ,マイネリベルタス,コンデュイット,芦毛,200413,   27.1,  ,    ,54.8
24,04,07,1,福島,2,08,１勝ｸﾗｽ,23,芝,0,2600,良,ペリプルス        ,牡,4,丸山元気,58.0,16,13,5,5,0,1.3,13,160.1,"2401",0,11,12,12,10,36.9,430,佐藤吉勝,美,80,20105796,01127,01035,0324120813,ビッグレッドファーム,ビッグレッドファーム,ゴールドシップ,マイネリベルタス,コンデュイット,芦毛,200413,   58.7,  ,    ,50.2
24,03,24,1,中京,6,07,１勝ｸﾗｽ,23,芝,0,2200,重,ペリプルス        ,牡,4,丸山元気,57.0,9,09,7,7,0,2.2,9,137.2,"2172",0,4,4,5,6,38.8,434,佐藤吉勝,美,0,20105796,01127,01035,0724160709,ビッグレッドファーム,ビッグレッドファーム,ゴールドシップ,マイネリベルタス,コンデュイット,芦毛,200413,   62.5,  ,    ,45.1
24,03,03,2,小倉,8,09,脊振山特･1勝,23,芝,0,2600,稍,ペリプルス        ,牡,4,丸山元気,57.0,11,11,5,5,0,1.3,10,163.5,"2435",0,7,7,8,6,35.5,434,佐藤吉勝,美,111,20105796,01127,01035,1024280911,ビッグレッドファーム,ビッグレッドファーム,ゴールドシップ,マイネリベルタス,コンデュイット,芦毛,200413,  130.0,  ,    ,58.2
24,02,17,2,小倉,3,09,筑紫特別･1勝,23,芝,0,2000,良,ペリプルス        ,牡,4,佐々木大,57.0,9,02,7,7,0,1.9,8,121.2,"2012",0,9,9,8,7,37,438,佐藤吉勝,美,0,20105796,01197,01035,1024230902,ビッグレッドファーム,ビッグレッドファーム,ゴールドシップ,マイネリベルタス,コンデュイット,芦毛,200413,   43.6,  ,    ,47.5
24,01,20,1,小倉,3,10,戸畑特別･1勝,23,芝,0,2000,稍,ペリプルス        ,牡,4,武藤雅,57.0,17,16,9,9,0,1.6,15,123.2,"2032",0,16,16,16,14,36.5,440,佐藤吉勝,美,0,20105796,01169,01035,1024131016,ビッグレッドファーム,ビッグレッドファーム,ゴールドシップ,マイネリベルタス,コンデュイット,芦毛,200413,  187.9,  ,    ,51.8
24,01,13,1,小倉,1,06,１勝ｸﾗｽ,23,芝,0,2600,良,ペリプルス        ,牡,4,松岡正海,57.0,16,16,13,13,0,1.7,12,160.6,"2406",0,16,16,16,15,35.2,436,佐藤吉勝,美,0,20105796,01085,01035,1024110616,ビッグレッドファーム,ビッグレッドファーム,ゴールドシップ,マイネリベルタス,コンデュイット,芦毛,200413,   87.3,  ,    ,56.9
23,11,11,3,福島,3,08,１勝ｸﾗｽ,23,芝,0,2600,良,ペリプルス        ,牡,3,小林凌大,54.0,12,05,6,6,0,1.2,7,165.9,"2459",0,6,6,8,8,37.3,430,佐藤吉勝,美,0,20105796,01177,01035,0323330805,ビッグレッドファーム,ビッグレッドファーム,ゴールドシップ,マイネリベルタス,コンデュイット,芦毛,200413,   14.6,  ,    ,53.4
23,10,28,4,新潟,5,09,萬代橋特･1勝,23,芝,0,2400,重,ペリプルス        ,牡,3,黛弘人,55.0,12,06,7,7,0,0.8,10,152.1,"2321",0,10,11,9,9,36.2,428,佐藤吉勝,美,0,20105796,01109,01035,0423450906,ビッグレッドファーム,ビッグレッドファーム,ゴールドシップ,マイネリベルタス,コンデュイット,芦毛,200413,   46.5,  ,    ,56.7
23,10,15,4,東京,5,07,１勝ｸﾗｽ,23,芝,0,2400,重,ペリプルス        ,牡,3,柴田大知,55.0,10,01,7,7,0,1.4,9,147.3,"2273",0,2,2,2,2,36.9,436,佐藤吉勝,美,0,20105796,01009,01035,0523450701,ビッグレッドファーム,ビッグレッドファーム,ゴールドシップ,マイネリベルタス,コンデュイット,芦毛,200413,   93.2,  ,    ,49.7
23,10,03,8,不明,3,09,アンタ,3,芝,0,1700,重,ペリプルス        ,牡,3,柴田大知,56.0,9,08,7,7,0,1.9,2,107.6,"1476",0,8,7,7,7,0,431,佐藤吉勝,美,0,20105796,01009,01035,3523830908,ビッグレッドファーム,ビッグレッドファーム,ゴールドシップ,マイネリベルタス,コンデュイット,芦毛,200413,    0.0,  ,    , 0.0
23,08,06,2,新潟,4,07,１勝ｸﾗｽ,23,芝,0,2200,良,ペリプルス        ,牡,3,柴田大知,55.0,16,14,10,10,0,1,12,132.7,"2127",0,16,16,13,13,35.5,424,佐藤吉勝,美,0,20105796,01009,01035,0423240714,ビッグレッドファーム,ビッグレッドファーム,ゴールドシップ,マイネリベルタス,コンデュイット,芦毛,200413,  110.8,  ,    ,52.7
23,07,23,2,福島,8,08,１勝ｸﾗｽ,23,芝,0,2600,良,ペリプルス        ,牡,3,柴田大知,55.0,14,03,3,3,0,0.4,8,163.5,"2435",0,5,7,5,4,37.2,426,佐藤吉勝,美,200,20105796,01009,01035,0323280803,ビッグレッドファーム,ビッグレッドファーム,ゴールドシップ,マイネリベルタス,コンデュイット,芦毛,200413,   17.3,  ,    ,51.9
23,07,01,2,福島,1,09,開成山特･1勝,23,芝,0,2600,稍,ペリプルス        ,牡,3,柴田大知,55.0,10,04,4,4,0,0.9,6,162.7,"2427",0,10,10,9,8,36.1,432,佐藤吉勝,美,170,20105796,01009,01035,0323210904,ビッグレッドファーム,ビッグレッドファーム,ゴールドシップ,マイネリベルタス,コンデュイット,芦毛,200413,   16.3,  ,    ,55.2
23,04,22,2,東京,1,09,新緑賞･1勝*,23,芝,0,2300,良,ペリプルス        ,牡,3,柴田大知,56.0,8,07,6,6,0,1.3,7,141.9,"2219",0,4,3,3,3,35.1,430,佐藤吉勝,美,0,20105796,01009,01035,0523210907,ビッグレッドファーム,ビッグレッドファーム,ゴールドシップ,マイネリベルタス,コンデュイット,芦毛,200413,   58.6,  ,    ,57.4
23,04,02,3,中山,4,08,山吹賞･1勝*,23,芝,8,2200,良,ペリプルス        ,牡,3,柴田大知,56.0,6,04,4,4,0,0.8,5,137.1,"2171",0,3,3,3,2,34.9,436,佐藤吉勝,美,160,20105796,01009,01035,0623340804,ビッグレッドファーム,ビッグレッドファーム,ゴールドシップ,マイネリベルタス,コンデュイット,芦毛,200413,   18.5,  ,    ,59.8
23,01,22,1,中山,8,05,未勝利,7,芝,8,2200,良,ペリプルス        ,牡,3,柴田大知,56.0,15,12,1,1,0,-0.1,9,136.2,"2162",0,13,13,10,7,36,438,佐藤吉勝,美,550,20105796,01009,01035,0623180512,ビッグレッドファーム,ビッグレッドファーム,ゴールドシップ,マイネリベルタス,コンデュイット,芦毛,200413,   53.3,  ,    ,54.4
23,01,07,1,中山,2,06,未勝利,7,芝,0,2000,良,ペリプルス        ,牡,3,柴田大知,56.0,17,11,6,6,0,1.3,12,122.5,"2025",0,15,14,14,12,36,438,佐藤吉勝,美,0,20105796,01009,01035,0623120611,ビッグレッドファーム,ビッグレッドファーム,ゴールドシップ,マイネリベルタス,コンデュイット,芦毛,200413,  143.0,  ,    ,53.0
22,12,17,5,中山,5,07,未勝利*,7,芝,0,2000,良,ペリプルス        ,牡,2,柴田大知,55.0,18,09,5,5,0,1.1,17,122.2,"2022",0,15,15,14,15,36.8,440,佐藤吉勝,美,52,20105796,01009,01035,0622550709,ビッグレッドファーム,ビッグレッドファーム,ゴールドシップ,マイネリベルタス,コンデュイット,芦毛,200413,  383.0,  ,    ,49.5
22,11,27,5,東京,8,06,新馬,15,芝,0,1800,良,ペリプルス        ,牡,2,石橋脩,55.0,16,16,13,13,0,2.5,14,109.7,"1497",0,0,16,15,15,34.7,440,佐藤吉勝,美,0,20105796,01077,01035,0522580616,ビッグレッドファーム,ビッグレッドファーム,ゴールドシップ,マイネリベルタス,コンデュイット,芦毛,200413,  218.3,  ,    ,58.1
24,03,24,1,中京,6,09,大寒桜賞･1勝,23,芝,0,2200,重,ドゥレイクパセージ,牡,3,松山弘平,57.0,10,04,10,10,0,1.8,6,139.2,"2192",0,3,5,7,10,36.5,464,堀宣行,美,0,21105626,01126,01070,0724160904,吉田勝己,ノーザンファーム,ドゥラメンテ,ソブラドラインク,Include,鹿毛,210207,   10.8,  ,    ,55.5
24,01,14,1,中山,5,11,京成杯G3,163,芝,0,2000,良,ドゥレイクパセージ,牡,3,キング,57.0,15,13,9,9,0,0.5,8,121,"2010",0,6,6,8,7,34.3,458,堀宣行,美,0,21105626,05643,01070,0624151113,吉田勝己,ノーザンファーム,ドゥラメンテ,ソブラドラインク,Include,鹿毛,210207,   32.4,  ,    ,58.3
23,09,30,4,中山,8,09,芙蓉Ｓ,131,芝,0,2000,良,ドゥレイクパセージ,牡,2,佐々木大,55.0,9,03,3,3,0,0.4,1,123.4,"2034",0,1,1,1,1,36.2,446,堀宣行,美,400,21105626,01197,01070,0623480903,吉田勝己,ノーザンファーム,ドゥラメンテ,ソブラドラインク,Include,鹿毛,210207,    2.7,  ,    ,53.2
23,08,27,2,札幌,6,05,新馬,15,芝,0,1800,良,ドゥレイクパセージ,牡,2,モレイラ,55.0,5,03,1,1,0,-0.5,2,113,"1530",0,1,1,1,1,35.3,442,堀宣行,美,720,21105626,05509,01070,0123260503,吉田勝己,ノーザンファーム,ドゥラメンテ,ソブラドラインク,Include,鹿毛,210207,    2.9,  ,    ,60.1
24,05,04,3,京都,5,11,京都新聞G2,179,芝,8,2200,良,ライフセービング  ,牡,3,田口貫太,57.0,15,11,9,9,0,1.1,15,132.3,"2123",0,12,13,13,14,34.1,454,宮徹,栗,0,21105285,01208,01018,0824351111,吉田照哉,社台ファーム,ビーチパトロール,レインダンス,ダンスインザダーク,黒鹿,210423,  235.6,  ,    ,58.0
24,04,14,2,阪神,8,04,未勝利,7,芝,0,2200,良,ライフセービング  ,牡,3,吉村誠之,54.0,15,13,1,1,0,-0.2,4,133.1,"2131",0,10,10,12,11,34.8,460,宮徹,栗,550,21105285,01216,01018,0924280413,吉田照哉,社台ファーム,ビーチパトロール,レインダンス,ダンスインザダーク,黒鹿,210423,    9.8,  ,    ,55.9
24,03,23,2,阪神,1,06,未勝利,7,芝,0,2000,重,ライフセービング  ,牡,3,藤岡康太,57.0,12,01,3,3,0,0.2,4,124.3,"2043",0,4,5,4,3,35.9,456,宮徹,栗,140,21105285,01116,01018,0924210601,吉田照哉,社台ファーム,ビーチパトロール,レインダンス,ダンスインザダーク,黒鹿,210423,   11.4,  ,    ,55.5
24,03,09,1,中京,1,03,未勝利,7,芝,0,2000,良,ライフセービング  ,牡,3,藤岡康太,57.0,12,04,5,5,0,0.6,3,123.9,"2039",0,9,9,8,8,35.2,456,宮徹,栗,55,21105285,01116,01018,0724110304,吉田照哉,社台ファーム,ビーチパトロール,レインダンス,ダンスインザダーク,黒鹿,210423,    4.6,  ,    ,58.0
24,02,18,2,小倉,4,05,未勝利,7,芝,0,2000,良,ライフセービング  ,牡,3,秋山稔樹,56.0,18,17,4,4,0,0.3,4,121,"2010",0,10,11,7,3,36.5,448,宮徹,栗,83,21105285,01181,01018,1024240517,吉田照哉,社台ファーム,ビーチパトロール,レインダンス,ダンスインザダーク,黒鹿,210423,    8.5,  ,    ,49.2
23,12,28,5,阪神,9,03,未勝利*,7,芝,8,1800,良,ライフセービング  ,牡,2,藤岡康太,56.0,14,14,8,8,0,1,4,109,"1490",0,0,0,5,5,35.3,452,宮徹,栗,0,21105285,01116,01018,0923590314,吉田照哉,社台ファーム,ビーチパトロール,レインダンス,ダンスインザダーク,黒鹿,210423,   13.2,  ,    ,54.4
23,12,09,5,阪神,3,07,未勝利*,7,芝,0,2000,良,ライフセービング  ,牡,2,藤岡康太,56.0,10,04,4,4,0,0.4,6,120.8,"2008",0,7,7,5,3,35.7,444,宮徹,栗,83,21105285,01116,01018,0923530704,吉田照哉,社台ファーム,ビーチパトロール,レインダンス,ダンスインザダーク,黒鹿,210423,   14.6,  ,    ,52.2
23,10,22,4,新潟,4,01,未勝利*,7,芝,8,1800,重,ライフセービング  ,牡,2,古川吉洋,56.0,9,01,4,4,0,0.5,3,110.3,"1503",0,0,0,3,2,35.3,446,宮徹,栗,83,21105285,01015,01018,0423440101,吉田照哉,社台ファーム,ビーチパトロール,レインダンス,ダンスインザダーク,黒鹿,210423,    5.1,  ,    ,56.2
23,09,16,4,阪神,3,03,未勝利*,7,芝,8,1800,良,ライフセービング  ,牡,2,古川吉洋,55.0,9,04,3,3,0,0.4,4,108.7,"1487",0,0,0,6,6,33.6,440,宮徹,栗,140,21105285,01015,01018,0923430304,吉田照哉,社台ファーム,ビーチパトロール,レインダンス,ダンスインザダーク,黒鹿,210423,   14.4,  ,    ,61.8
23,08,26,2,札幌,5,02,未勝利*,7,芝,0,1800,良,ライフセービング  ,牡,2,モレイラ,55.0,5,02,4,4,0,0.2,2,113.6,"1536",0,5,5,5,5,34.6,444,宮徹,栗,83,21105285,05509,01018,0123250202,吉田照哉,社台ファーム,ビーチパトロール,レインダンス,ダンスインザダーク,黒鹿,210423,    2.4,  ,    ,64.2
23,08,12,2,札幌,1,01,未勝利*,7,芝,0,1800,良,ライフセービング  ,牡,2,古川吉洋,55.0,9,08,2,2,0,0,2,110.6,"1506",0,7,8,6,4,36,444,宮徹,栗,220,21105285,01015,01018,0123210108,吉田照哉,社台ファーム,ビーチパトロール,レインダンス,ダンスインザダーク,黒鹿,210423,    4.0,  ,    ,53.6
23,07,15,2,函館,5,01,未勝利*,7,芝,0,1800,重,ライフセービング  ,牡,2,古川吉洋,55.0,9,06,3,3,0,0.2,1,114.5,"1545",0,7,7,7,6,37.2,444,宮徹,栗,140,21105285,01015,01018,0223250106,吉田照哉,社台ファーム,ビーチパトロール,レインダンス,ダンスインザダーク,黒鹿,210423,    2.1,  ,    ,53.9
23,07,02,2,函館,2,05,新馬,15,芝,0,1800,良,ライフセービング  ,牡,2,古川吉洋,55.0,5,03,2,2,0,0,5,113.4,"1534",0,3,3,5,3,35,444,宮徹,栗,290,21105285,01015,01018,0223220503,吉田照哉,社台ファーム,ビーチパトロール,レインダンス,ダンスインザダーク,黒鹿,210423,   14.8,  ,    ,62.0
24,05,05,3,京都,6,10,橘Ｓ(L),115,芝,8,1400,良,デビッドテソーロ  ,牡,3,角田大河,57.0,11,01,8,8,0,1,10,81.3,"1213",0,0,0,8,9,34.2,464,小手川準,美,0,21102280,01199,01171,0824361001,了徳寺健二ホールディングス,リョーケンファーム,スワーヴリチャード,バレットテソーロ,Camelot,鹿毛,210303,   59.3,  ,    ,53.3
24,04,06,3,中山,5,11,ニュージG2,179,芝,8,1600,稍,デビッドテソーロ  ,牡,3,原優介,57.0,16,09,14,14,0,1.2,14,95.6,"1356",0,0,12,11,15,35.7,466,小手川準,美,0,21102280,01184,01171,0624351109,了徳寺健二ホールディングス,リョーケンファーム,スワーヴリチャード,バレットテソーロ,Camelot,鹿毛,210303,  136.1,  ,    ,50.7
24,02,24,2,中山,1,07,１勝ｸﾗｽ*,23,芝,8,1600,稍,デビッドテソーロ  ,牡,3,原優介,56.0,11,01,1,1,0,-0.1,5,95.1,"1351",0,0,1,1,1,35.6,466,小手川準,美,780,21102280,01184,01171,0624210701,了徳寺健二ホールディングス,リョーケンファーム,スワーヴリチャード,バレットテソーロ,Camelot,鹿毛,210303,    8.8,  ,    ,50.3
24,02,10,1,東京,5,07,１勝ｸﾗｽ*,23,芝,0,1400,良,デビッドテソーロ  ,牡,3,原優介,56.0,13,02,8,8,0,1.4,9,82.3,"1223",0,0,0,6,6,34.2,470,小手川準,美,0,21102280,01184,01171,0524150702,了徳寺健二ホールディングス,リョーケンファーム,スワーヴリチャード,バレットテソーロ,Camelot,鹿毛,210303,   53.4,  ,    ,55.5
24,01,27,1,東京,1,04,１勝ｸﾗｽ*,23,ダ,1,1600,良,デビッドテソーロ  ,牡,3,原優介,56.0,14,01,14,14,0,2.9,6,100.9,"1409",0,0,0,4,4,41.4,470,小手川準,美,0,21102280,01184,01171,0524110401,了徳寺健二ホールディングス,リョーケンファーム,スワーヴリチャード,バレットテソーロ,Camelot,鹿毛,210303,   26.1,  ,    ,36.2
23,12,03,5,中山,2,06,１勝ｸﾗｽ*,23,ダ,1,1200,良,デビッドテソーロ  ,牡,2,菅原明良,56.0,13,11,4,4,0,1,3,72,"1120",0,0,0,8,8,36.9,462,小手川準,美,120,21102280,01179,01171,0623520611,了徳寺健二ホールディングス,リョーケンファーム,スワーヴリチャード,バレットテソーロ,Camelot,鹿毛,210303,    6.2,  ,    ,45.1
23,11,25,5,東京,7,09,カトレア,131,ダ,1,1600,良,デビッドテソーロ  ,牡,2,ドイル,56.0,16,02,12,12,0,1.3,6,98.8,"1388",0,0,0,2,2,38.5,458,小手川準,美,0,21102280,05625,01171,0523570902,了徳寺健二ホールディングス,リョーケンファーム,スワーヴリチャード,バレットテソーロ,Camelot,鹿毛,210303,   12.4,  ,    ,44.0
23,11,05,5,東京,2,01,未勝利*,7,ダ,1,1600,良,デビッドテソーロ  ,牡,2,菅原明良,56.0,13,03,1,1,0,-0.8,4,97.7,"1377",0,0,0,2,2,37.1,456,小手川準,美,550,21102280,01179,01171,0523520103,了徳寺健二ホールディングス,リョーケンファーム,スワーヴリチャード,バレットテソーロ,Camelot,鹿毛,210303,    8.2,  ,    ,48.0
23,09,23,4,中山,6,02,未勝利*,7,芝,8,1600,重,デビッドテソーロ  ,牡,2,菅原明良,55.0,16,06,6,6,0,0.4,3,96.3,"1363",0,0,2,2,3,36.1,460,小手川準,美,0,21102280,01179,01171,0623460206,了徳寺健二ホールディングス,リョーケンファーム,スワーヴリチャード,バレットテソーロ,Camelot,鹿毛,210303,    8.2,  ,    ,50.1
23,09,03,3,新潟,8,01,未勝利*,7,芝,0,1400,良,デビッドテソーロ  ,牡,2,戸崎圭太,55.0,15,05,8,8,0,1.5,2,84,"1240",0,0,0,6,6,36.4,458,小手川準,美,0,21102280,05386,01171,0423380105,了徳寺健二ホールディングス,リョーケンファーム,スワーヴリチャード,バレットテソーロ,Camelot,鹿毛,210303,    5.1,  ,    ,48.1
23,08,13,3,新潟,2,03,未勝利*,7,芝,0,1400,良,デビッドテソーロ  ,牡,2,戸崎圭太,55.0,18,18,3,3,0,0.2,3,82.4,"1224",0,0,0,18,16,35.1,458,小手川準,美,140,21102280,05386,01171,0423320318,了徳寺健二ホールディングス,リョーケンファーム,スワーヴリチャード,バレットテソーロ,Camelot,鹿毛,210303,    7.1,  ,    ,51.1
23,06,04,3,東京,2,06,新馬,15,芝,0,1400,稍,デビッドテソーロ  ,牡,2,原優介,53.0,9,01,6,6,0,0.7,5,83,"1230",0,0,0,8,8,35.3,458,小手川準,美,0,21102280,01184,01171,0523320601,了徳寺健二ホールディングス,リョーケンファーム,スワーヴリチャード,バレットテソーロ,Camelot,鹿毛,210303,   19.5,  ,    ,51.3
24,07,06,2,福島,3,10,猪苗代特･2勝,43,芝,0,2000,良,マイネルダグラス  ,牡,6,石川裕紀,58.0,8,01,4,4,0,1.2,5,120.6,"2006",0,1,1,1,2,36.2,504,相沢郁,美,230,18102148,01150,01020,0324231001,サラブレッドクラブ・ラフィアン,ビッグレッドファーム,スクリーンヒーロー,マイネアルデュール,アドマイヤコジーン,鹿毛,180602,   31.2,  ,    ,49.9
24,04,07,3,中山,6,10,鹿野山特･2勝,43,芝,0,2000,重,マイネルダグラス  ,牡,6,原優介,58.0,15,09,9,9,0,0.8,11,122.6,"2026",0,5,6,7,6,35.5,510,相沢郁,美,0,18102148,01184,01020,0624361009,サラブレッドクラブ・ラフィアン,ビッグレッドファーム,スクリーンヒーロー,マイネアルデュール,アドマイヤコジーン,鹿毛,180602,   67.3,  ,    ,55.2
24,03,17,2,中山,8,08,２勝ｸﾗｽ,43,芝,8,1600,良,マイネルダグラス  ,牡,6,丹内祐次,58.0,8,07,7,7,0,1,7,94.4,"1344",0,0,6,5,5,35.4,514,相沢郁,美,0,18102148,01091,01020,0624280807,サラブレッドクラブ・ラフィアン,ビッグレッドファーム,スクリーンヒーロー,マイネアルデュール,アドマイヤコジーン,鹿毛,180602,   47.4,  ,    ,50.0
24,03,03,2,中山,4,08,２勝ｸﾗｽ,43,芝,8,1600,良,マイネルダグラス  ,牡,6,石川裕紀,58.0,11,09,7,7,0,1.2,9,94.7,"1347",0,0,11,11,11,35.4,512,相沢郁,美,0,18102148,01150,01020,0624240809,サラブレッドクラブ・ラフィアン,ビッグレッドファーム,スクリーンヒーロー,マイネアルデュール,アドマイヤコジーン,鹿毛,180602,  117.1,  ,    ,50.5
24,02,11,1,東京,6,08,２勝ｸﾗｽ,43,芝,0,1600,良,マイネルダグラス  ,牡,6,石川裕紀,58.0,8,02,5,5,0,0.5,4,94.9,"1349",0,0,0,5,7,33.7,512,相沢郁,美,114,18102148,01150,01020,0524160802,サラブレッドクラブ・ラフィアン,ビッグレッドファーム,スクリーンヒーロー,マイネアルデュール,アドマイヤコジーン,鹿毛,180602,   21.6,  ,    ,59.0
24,01,21,1,中山,7,12,２勝ｸﾗｽ,43,芝,8,1600,不,マイネルダグラス  ,牡,6,石川裕紀,58.0,12,12,3,3,0,0.4,7,96.7,"1367",0,0,11,7,7,36.6,514,相沢郁,美,290,18102148,01150,01020,0624171212,サラブレッドクラブ・ラフィアン,ビッグレッドファーム,スクリーンヒーロー,マイネアルデュール,アドマイヤコジーン,鹿毛,180602,   35.3,  ,    ,48.5
24,01,08,1,中山,3,12,２勝ｸﾗｽ,43,芝,8,1600,良,マイネルダグラス  ,牡,6,丹内祐次,58.0,15,03,8,8,0,0.8,9,93.3,"1333",0,0,11,10,8,34.7,514,相沢郁,美,0,18102148,01091,01020,0624131203,サラブレッドクラブ・ラフィアン,ビッグレッドファーム,スクリーンヒーロー,マイネアルデュール,アドマイヤコジーン,鹿毛,180602,   34.7,  ,    ,51.3
23,10,07,4,東京,1,09,ｔｖｋ賞･2勝,43,芝,0,1800,良,マイネルダグラス  ,牡,5,丹内祐次,58.0,12,05,8,8,0,1.1,7,108.2,"1482",0,0,9,8,8,33.5,508,相沢郁,美,0,18102148,01091,01020,0523410905,サラブレッドクラブ・ラフィアン,ビッグレッドファーム,スクリーンヒーロー,マイネアルデュール,アドマイヤコジーン,鹿毛,180602,   47.8,  ,    ,61.5
23,09,24,4,中山,7,09,木更津Ｈ･2勝,43,芝,8,1600,良,マイネルダグラス  ,牡,5,丹内祐次,56.0,16,02,3,3,0,0.3,8,94.1,"1341",0,0,8,7,5,35,506,相沢郁,美,390,18102148,01091,01020,0623470902,サラブレッドクラブ・ラフィアン,ビッグレッドファーム,スクリーンヒーロー,マイネアルデュール,アドマイヤコジーン,鹿毛,180602,   27.6,  ,    ,51.3
23,08,27,2,札幌,6,12,WASJ第４･2勝,43,芝,0,1800,重,マイネルダグラス  ,牡,5,武豊,58.0,14,14,6,6,0,0.8,6,112.3,"1523",0,2,2,2,2,37.8,514,相沢郁,美,0,18102148,00666,01020,0123261214,サラブレッドクラブ・ラフィアン,ビッグレッドファーム,スクリーンヒーロー,マイネアルデュール,アドマイヤコジーン,鹿毛,180602,   10.4,  ,    ,48.5
23,08,13,2,札幌,2,10,藻岩山特･2勝,43,芝,0,2000,良,マイネルダグラス  ,牡,5,丹内祐次,58.0,9,01,2,2,0,0.1,7,122.2,"2022",0,1,1,1,1,34.6,504,相沢郁,美,620,18102148,01091,01020,0123221001,サラブレッドクラブ・ラフィアン,ビッグレッドファーム,スクリーンヒーロー,マイネアルデュール,アドマイヤコジーン,鹿毛,180602,   33.0,  ,    ,58.5
23,07,29,1,札幌,3,10,摩周湖特･2勝,43,芝,0,1500,良,マイネルダグラス  ,牡,5,丹内祐次,58.0,8,01,7,7,0,0.4,5,88.9,"1289",0,0,4,5,5,34.4,508,相沢郁,美,0,18102148,01091,01020,0123131001,サラブレッドクラブ・ラフィアン,ビッグレッドファーム,スクリーンヒーロー,マイネアルデュール,アドマイヤコジーン,鹿毛,180602,   16.1,  ,    ,55.6
23,04,02,3,中山,4,10,両国特別･2勝,43,芝,8,1600,良,マイネルダグラス  ,牡,5,丹内祐次,58.0,9,01,8,8,0,1.4,8,94.5,"1345",0,0,1,1,1,37.1,514,相沢郁,美,0,18102148,01091,01020,0623341001,サラブレッドクラブ・ラフィアン,ビッグレッドファーム,スクリーンヒーロー,マイネアルデュール,アドマイヤコジーン,鹿毛,180602,   63.5,  ,    ,42.8
23,03,19,2,中山,8,08,２勝ｸﾗｽ,43,芝,8,1600,重,マイネルダグラス  ,牡,5,丹内祐次,58.0,13,04,9,9,0,1,8,96,"1360",0,0,3,3,2,36.7,512,相沢郁,美,0,18102148,01091,01020,0623280804,サラブレッドクラブ・ラフィアン,ビッグレッドファーム,スクリーンヒーロー,マイネアルデュール,アドマイヤコジーン,鹿毛,180602,   26.5,  ,    ,46.9
23,02,25,2,中山,1,10,富里特別･2勝,43,芝,0,1800,良,マイネルダグラス  ,牡,5,バシュロ,58.0,10,09,4,4,0,0.4,5,108.2,"1482",0,1,1,1,1,35.7,516,相沢郁,美,230,18102148,05621,01020,0623211009,サラブレッドクラブ・ラフィアン,ビッグレッドファーム,スクリーンヒーロー,マイネアルデュール,アドマイヤコジーン,鹿毛,180602,   17.3,  ,    ,51.5
23,02,04,1,小倉,7,11,別府特別･2勝,43,芝,0,1800,良,マイネルダグラス  ,牡,5,丹内祐次,58.0,14,01,6,6,0,0.7,9,107.9,"1479",0,1,1,1,1,35.5,520,相沢郁,美,0,18102148,01091,01020,1023171101,サラブレッドクラブ・ラフィアン,ビッグレッドファーム,スクリーンヒーロー,マイネアルデュール,アドマイヤコジーン,鹿毛,180602,   34.6,  ,    ,52.0
23,01,15,1,小倉,2,10,玄海特別･2勝,43,芝,0,1800,稍,マイネルダグラス  ,牡,5,丹内祐次,58.0,15,06,6,6,0,0.3,10,108.7,"1487",0,4,4,2,2,35.6,514,相沢郁,美,0,18102148,01091,01020,1023121006,サラブレッドクラブ・ラフィアン,ビッグレッドファーム,スクリーンヒーロー,マイネアルデュール,アドマイヤコジーン,鹿毛,180602,   25.5,  ,    ,52.7
22,12,24,5,中山,7,12,クリスマ･2勝,43,芝,8,1600,良,マイネルダグラス  ,牡,4,丹内祐次,57.0,14,11,8,8,0,1.1,9,96.3,"1363",0,0,5,7,4,35.2,514,相沢郁,美,0,18102148,01091,01020,0622571211,サラブレッドクラブ・ラフィアン,ビッグレッドファーム,スクリーンヒーロー,マイネアルデュール,アドマイヤコジーン,鹿毛,180602,   77.8,  ,    ,54.1
22,10,22,4,新潟,3,10,村上特別･2勝,43,芝,8,1800,良,マイネルダグラス  ,牡,4,丹内祐次,57.0,13,11,6,6,0,0.6,7,107.1,"1471",0,0,0,9,9,34.8,508,相沢郁,美,0,18102148,01091,01020,0422431011,サラブレッドクラブ・ラフィアン,ビッグレッドファーム,スクリーンヒーロー,マイネアルデュール,アドマイヤコジーン,鹿毛,180602,   18.8,  ,    ,53.9
22,07,30,2,新潟,1,10,豊栄特Ｈ･2勝,43,芝,8,1600,良,マイネルダグラス  ,牡,4,Ｍ．デム,54.0,18,06,18,18,0,2.6,10,94.3,"1343",0,0,0,7,7,35.7,496,相沢郁,美,0,18102148,05212,01020,0422211006,サラブレッドクラブ・ラフィアン,ビッグレッドファーム,スクリーンヒーロー,マイネアルデュール,アドマイヤコジーン,鹿毛,180602,   32.6,  ,    ,48.5
22,05,29,1,新潟,8,11,三国特別･1勝,23,芝,8,1600,良,マイネルダグラス  ,牡,4,丹内祐次,57.0,13,04,1,1,0,0,2,94,"1340",0,0,0,3,3,35.3,504,相沢郁,美,1070,18102148,01091,01020,0422181104,サラブレッドクラブ・ラフィアン,ビッグレッドファーム,スクリーンヒーロー,マイネアルデュール,アドマイヤコジーン,鹿毛,180602,    4.4,  ,    ,49.8
22,05,08,1,新潟,2,08,１勝ｸﾗｽ,23,芝,8,1600,良,マイネルダグラス  ,牡,4,丹内祐次,57.0,12,03,3,3,0,0,5,94.9,"1349",0,0,0,1,1,34.6,514,相沢郁,美,190,18102148,01091,01020,0422120803,サラブレッドクラブ・ラフィアン,ビッグレッドファーム,スクリーンヒーロー,マイネアルデュール,アドマイヤコジーン,鹿毛,180602,   12.3,  ,    ,54.6
22,03,09,22,不明,5,12,Ｃ１　,3,ダ,1,1400,良,マイネルダグラス  ,牡,4,吉村智洋,56.0,12,05,1,1,0,0,1,91,"1310",0,6,6,2,2,0,520,田中範雄,地,90,18102148,05390,05289,5022M51205,サラブレッドクラブ・ラフィアン,ビッグレッドファーム,スクリーンヒーロー,マイネアルデュール,アドマイヤコジーン,鹿毛,180602,    0.0,  ,    , 0.0
22,02,15,4,不明,4,12,Ｃ２一,3,ダ,1,1400,良,マイネルダグラス  ,牡,4,吉村智洋,57.0,12,11,1,1,0,-1,1,92.2,"1322",0,2,2,1,1,0,517,田中範雄,地,60,18102148,05390,05289,5122441211,サラブレッドクラブ・ラフィアン,ビッグレッドファーム,スクリーンヒーロー,マイネアルデュール,アドマイヤコジーン,鹿毛,180602,    0.0,  ,    , 0.0
22,01,25,3,不明,1,06,Ｃ２二,3,ダ,1,1400,良,マイネルダグラス  ,牡,4,吉村智洋,56.0,10,02,1,1,0,-0.5,1,93.5,"1335",0,3,3,2,1,0,515,田中範雄,地,60,18102148,05390,05289,5122310602,サラブレッドクラブ・ラフィアン,ビッグレッドファーム,スクリーンヒーロー,マイネアルデュール,アドマイヤコジーン,鹿毛,180602,    0.0,  ,    , 0.0
22,01,03,21,不明,5,06,Ｃ２二,3,ダ,1,1400,良,マイネルダグラス  ,牡,4,吉村智洋,56.0,10,10,5,5,0,0.6,1,92,"1320",0,2,2,2,2,0,521,田中範雄,地,6,18102148,05390,05289,5022L50610,サラブレッドクラブ・ラフィアン,ビッグレッドファーム,スクリーンヒーロー,マイネアルデュール,アドマイヤコジーン,鹿毛,180602,    0.0,  ,    , 0.0
21,08,29,2,札幌,6,04,未勝利,7,芝,0,2000,良,マイネルダグラス  ,牡,3,丹内祐次,56.0,16,14,7,7,0,0.6,3,122.7,"2027",0,4,4,4,3,37.3,502,相沢郁,美,0,18102148,01091,01020,0121260414,サラブレッドクラブ・ラフィアン,ビッグレッドファーム,スクリーンヒーロー,マイネアルデュール,アドマイヤコジーン,鹿毛,180602,    5.7,  ,    ,48.1
21,08,21,2,札幌,3,07,未勝利,7,芝,0,2000,良,マイネルダグラス  ,牡,3,坂井瑠星,56.0,16,02,4,4,0,0.6,3,121.4,"2014",0,2,2,2,1,37.6,502,相沢郁,美,77,18102148,01163,01020,0121230702,サラブレッドクラブ・ラフィアン,ビッグレッドファーム,スクリーンヒーロー,マイネアルデュール,アドマイヤコジーン,鹿毛,180602,    5.9,  ,    ,45.5
21,07,31,1,函館,9,06,未勝利,7,芝,0,1800,良,マイネルダグラス  ,牡,3,丹内祐次,56.0,14,11,8,8,0,1.1,2,109.6,"1496",0,10,10,3,2,37.7,512,相沢郁,美,0,18102148,01091,01020,0221190611,サラブレッドクラブ・ラフィアン,ビッグレッドファーム,スクリーンヒーロー,マイネアルデュール,アドマイヤコジーン,鹿毛,180602,    5.8,  ,    ,45.4
21,07,10,1,福島,3,07,未勝利,7,芝,0,1800,稍,マイネルダグラス  ,牡,3,津村明秀,56.0,16,11,2,2,0,0.1,4,108.8,"1488",0,3,3,3,3,36.9,496,相沢郁,美,200,18102148,01092,01020,0321130711,サラブレッドクラブ・ラフィアン,ビッグレッドファーム,スクリーンヒーロー,マイネアルデュール,アドマイヤコジーン,鹿毛,180602,   10.2,  ,    ,47.4
21,06,19,3,東京,5,02,未勝利,7,ダ,1,1600,重,マイネルダグラス  ,牡,3,津村明秀,56.0,13,10,5,5,0,0.5,3,98.3,"1383",0,0,0,4,4,37,500,相沢郁,美,51,18102148,01092,01020,0521350210,サラブレッドクラブ・ラフィアン,ビッグレッドファーム,スクリーンヒーロー,マイネアルデュール,アドマイヤコジーン,鹿毛,180602,    6.2,  ,    ,49.4
21,05,30,2,東京,12,04,未勝利,7,芝,0,1600,良,マイネルダグラス  ,牡,3,津村明秀,56.0,18,11,11,11,0,0.9,6,94.6,"1346",0,0,0,11,11,34.1,500,相沢郁,美,0,18102148,01092,01020,05212C0411,サラブレッドクラブ・ラフィアン,ビッグレッドファーム,スクリーンヒーロー,マイネアルデュール,アドマイヤコジーン,鹿毛,180602,   21.0,  ,    ,56.5
20,12,27,5,中山,8,03,未勝利*,7,芝,8,1600,良,マイネルダグラス  ,牡,2,津村明秀,55.0,16,11,8,8,0,0.5,2,96.6,"1366",0,0,4,4,4,37.3,500,相沢郁,美,0,18102148,01092,01020,0620580311,サラブレッドクラブ・ラフィアン,ビッグレッドファーム,スクリーンヒーロー,マイネアルデュール,アドマイヤコジーン,鹿毛,180602,    4.5,  ,    ,45.4
20,12,12,5,中山,3,02,未勝利*,7,芝,8,1600,良,マイネルダグラス  ,牡,2,津村明秀,55.0,16,12,2,2,0,0.1,7,95.2,"1352",0,0,2,2,2,35.6,498,相沢郁,美,200,18102148,01092,01020,0620530212,サラブレッドクラブ・ラフィアン,ビッグレッドファーム,スクリーンヒーロー,マイネアルデュール,アドマイヤコジーン,鹿毛,180602,   16.7,  ,    ,50.4
20,10,24,4,東京,5,02,未勝利*,7,芝,0,1600,稍,マイネルダグラス  ,牡,2,津村明秀,55.0,15,02,4,4,0,0.3,2,96.6,"1366",0,0,0,8,9,35.8,492,相沢郁,美,77,18102148,01092,01020,0520450202,サラブレッドクラブ・ラフィアン,ビッグレッドファーム,スクリーンヒーロー,マイネアルデュール,アドマイヤコジーン,鹿毛,180602,    6.5,  ,    ,51.9
20,10,10,4,東京,1,02,未勝利*,7,芝,0,1800,不,マイネルダグラス  ,牡,2,津村明秀,55.0,14,14,6,6,0,0.4,7,112.9,"1529",0,0,2,2,2,36.6,492,相沢郁,美,0,18102148,01092,01020,0520410214,サラブレッドクラブ・ラフィアン,ビッグレッドファーム,スクリーンヒーロー,マイネアルデュール,アドマイヤコジーン,鹿毛,180602,   26.3,  ,    ,54.2
20,09,26,4,中山,6,02,未勝利*,7,芝,0,1800,稍,マイネルダグラス  ,牡,2,津村明秀,54.0,14,01,13,13,0,2.4,2,112.5,"1525",0,11,10,10,12,37.3,492,相沢郁,美,0,18102148,01092,01020,0620460201,サラブレッドクラブ・ラフィアン,ビッグレッドファーム,スクリーンヒーロー,マイネアルデュール,アドマイヤコジーン,鹿毛,180602,    5.1,  ,    ,50.8
20,08,15,3,新潟,1,05,新馬,15,芝,8,1600,良,マイネルダグラス  ,牡,2,津村明秀,54.0,18,18,2,2,0,0.2,2,97.2,"1372",0,0,0,4,6,35.9,490,相沢郁,美,280,18102148,01092,01020,0420310518,サラブレッドクラブ・ラフィアン,ビッグレッドファーム,スクリーンヒーロー,マイネアルデュール,アドマイヤコジーン,鹿毛,180602,    4.5,  ,    ,52.5
24,07,07,2,福島,4,12,彦星賞･2勝,43,ダ,1,1150,良,プルスウルトラ    ,牡,6,嶋田純次,58.0,16,02,10,10,0,1.2,14,69.4,"1094",0,0,0,12,12,37,526,高橋文雅,美,0,18106613,01134,01134,0324241202,ミルファーム,ミルファーム,ディスクリートキャット,ローブドヴルール,サウスヴィグラス,栗毛,180309,  100.6,  ,    ,45.5
24,03,30,3,中山,3,08,２勝ｸﾗｽ,43,芝,8,1600,稍,プルスウルトラ    ,牡,6,嶋田純次,58.0,13,09,10,10,0,1.9,13,95.1,"1351",0,0,5,5,5,36.3,536,手塚貴久,美,0,18106613,01134,01038,0624330809,ミルファーム,ミルファーム,ディスクリートキャット,ローブドヴルール,サウスヴィグラス,栗毛,180309,  357.1,  ,    ,47.2
24,03,03,2,中山,4,12,２勝ｸﾗｽ,43,ダ,1,1200,稍,プルスウルトラ    ,牡,6,嶋田純次,58.0,16,15,6,6,0,0.8,12,71.8,"1118",0,0,0,5,5,37.6,538,手塚貴久,美,0,18106613,01134,01038,0624241215,ミルファーム,ミルファーム,ディスクリートキャット,ローブドヴルール,サウスヴィグラス,栗毛,180309,   59.0,  ,    ,41.0
23,07,09,2,福島,4,12,彦星賞･2勝,43,芝,0,1200,良,プルスウルトラ    ,牡,5,嶋田純次,58.0,14,13,11,11,0,1,10,69.4,"1094",0,0,0,11,10,34.8,532,手塚貴久,美,0,18106613,01134,01038,0323241213,ミルファーム,ミルファーム,ディスクリートキャット,ローブドヴルール,サウスヴィグラス,栗毛,180309,   62.7,  ,    ,49.4
23,06,18,1,函館,4,08,１勝ｸﾗｽ,23,芝,0,1200,良,プルスウルトラ    ,牡,5,嶋田純次,58.0,16,11,1,1,0,0,8,70.2,"1102",0,0,0,12,12,35.2,532,手塚貴久,美,800,18106613,01134,01038,0223140811,ミルファーム,ミルファーム,ディスクリートキャット,ローブドヴルール,サウスヴィグラス,栗毛,180309,   21.5,  ,    ,49.4
23,05,28,2,東京,12,06,１勝ｸﾗｽ,23,ダ,1,1400,良,プルスウルトラ    ,牡,5,嶋田純次,58.0,16,02,7,7,0,0.8,10,85.8,"1258",0,0,0,4,3,37.8,530,手塚貴久,美,0,18106613,01134,01038,05232C0602,ミルファーム,ミルファーム,ディスクリートキャット,ローブドヴルール,サウスヴィグラス,栗毛,180309,   30.9,  ,    ,45.2
22,05,08,2,東京,6,06,１勝ｸﾗｽ,23,ダ,1,1300,良,プルスウルトラ    ,牡,4,Ｍ．デム,57.0,16,13,6,6,0,1,2,79.6,"1196",0,0,0,3,3,36.8,514,手塚貴久,美,0,18106613,05212,01038,0522260613,ミルファーム,ミルファーム,ディスクリートキャット,ローブドヴルール,サウスヴィグラス,栗毛,180309,    6.1,  ,    ,49.7
22,02,27,2,中山,2,08,１勝ｸﾗｽ,23,ダ,1,1200,良,プルスウルトラ    ,牡,4,Ｍ．デム,57.0,16,03,2,2,0,0.1,3,72.8,"1128",0,0,0,10,7,37.6,526,手塚貴久,美,310,18106613,05212,01038,0622220803,ミルファーム,ミルファーム,ディスクリートキャット,ローブドヴルール,サウスヴィグラス,栗毛,180309,    5.1,  ,    ,43.6
22,02,12,1,東京,5,04,１勝ｸﾗｽ,23,ダ,1,1400,重,プルスウルトラ    ,牡,4,Ｍ．デム,57.0,16,02,5,5,0,1.1,3,83.9,"1239",0,0,0,7,7,36.2,528,手塚貴久,美,77,18106613,05212,01038,0522150402,ミルファーム,ミルファーム,ディスクリートキャット,ローブドヴルール,サウスヴィグラス,栗毛,180309,    7.0,  ,    ,48.8
22,01,30,1,東京,2,04,１勝ｸﾗｽ,23,ダ,1,1600,良,プルスウルトラ    ,牡,4,Ｍ．デム,56.0,16,15,4,4,0,0.9,4,98.9,"1389",0,0,0,6,4,37.6,530,手塚貴久,美,120,18106613,05212,01038,0522120415,ミルファーム,ミルファーム,ディスクリートキャット,ローブドヴルール,サウスヴィグラス,栗毛,180309,    8.8,  ,    ,47.8
21,12,11,5,中山,3,08,１勝ｸﾗｽ,23,ダ,1,1800,稍,プルスウルトラ    ,牡,3,杉原誠人,56.0,16,04,6,6,0,1,4,114.5,"1545",0,2,2,2,1,39.6,522,手塚貴久,美,0,18106613,01135,01038,0621530804,ミルファーム,ミルファーム,ディスクリートキャット,ローブドヴルール,サウスヴィグラス,栗毛,180309,   23.7,  ,    ,44.6
21,08,08,1,函館,12,08,１勝ｸﾗｽ,23,芝,0,2000,良,プルスウルトラ    ,牡,3,大野拓弥,54.0,16,16,15,15,0,2.1,7,123.8,"2038",0,3,3,3,3,38.9,516,手塚貴久,美,0,18106613,01096,01038,02211C0816,ミルファーム,ミルファーム,ディスクリートキャット,ローブドヴルール,サウスヴィグラス,栗毛,180309,   21.3,  ,    ,43.5
21,08,01,1,函館,10,08,１勝ｸﾗｽ,23,ダ,1,1700,良,プルスウルトラ    ,牡,3,大野拓弥,54.0,11,10,0,0,4,999.9,3,0,"----",0,0,0,0,0,0,512,手塚貴久,美,0,18106613,01096,01038,02211A0810,ミルファーム,ミルファーム,ディスクリートキャット,ローブドヴルール,サウスヴィグラス,栗毛,180309,    7.5,  ,    , 0.0
21,07,11,1,福島,4,08,１勝ｸﾗｽ,23,ダ,1,1700,重,プルスウルトラ    ,牡,3,杉原誠人,54.0,14,13,4,4,0,0.3,4,106.8,"1468",0,6,6,5,4,38.5,506,手塚貴久,美,110,18106613,01135,01038,0321140813,ミルファーム,ミルファーム,ディスクリートキャット,ローブドヴルール,サウスヴィグラス,栗毛,180309,   10.4,  ,    ,46.8
21,05,02,2,東京,4,03,１勝ｸﾗｽ*,23,ダ,1,1400,稍,プルスウルトラ    ,牡,3,大野拓弥,56.0,16,11,9,9,0,0.9,1,86.1,"1261",0,0,0,10,8,38.3,506,手塚貴久,美,0,18106613,01096,01038,0521240311,ミルファーム,ミルファーム,ディスクリートキャット,ローブドヴルール,サウスヴィグラス,栗毛,180309,    3.3,  ,    ,43.6
21,03,20,2,中山,7,06,１勝ｸﾗｽ*,23,芝,8,1600,良,プルスウルトラ    ,牡,3,杉原誠人,56.0,16,11,3,3,0,0.4,12,95.9,"1359",0,0,1,1,1,35.2,512,手塚貴久,美,180,18106613,01135,01038,0621270611,ミルファーム,ミルファーム,ディスクリートキャット,ローブドヴルール,サウスヴィグラス,栗毛,180309,   43.3,  ,    ,53.5
21,02,20,1,東京,7,04,１勝ｸﾗｽ*,23,ダ,1,1400,良,プルスウルトラ    ,牡,3,大野拓弥,56.0,16,12,4,4,0,0.6,5,85.7,"1257",0,0,0,13,11,36.2,510,手塚貴久,美,110,18106613,01096,01038,0521170412,ミルファーム,ミルファーム,ディスクリートキャット,ローブドヴルール,サウスヴィグラス,栗毛,180309,    8.5,  ,    ,52.6
21,01,30,1,東京,1,04,１勝ｸﾗｽ*,23,ダ,1,1600,重,プルスウルトラ    ,牡,3,大野拓弥,56.0,13,05,9,9,0,1.2,4,97.9,"1379",0,0,0,5,6,36.5,516,手塚貴久,美,0,18106613,01096,01038,0521110405,ミルファーム,ミルファーム,ディスクリートキャット,ローブドヴルール,サウスヴィグラス,栗毛,180309,   17.1,  ,    ,50.9
20,11,28,5,東京,8,09,カトレア,131,ダ,1,1600,良,プルスウルトラ    ,牡,2,大野拓弥,55.0,11,07,3,3,0,1.9,7,98.3,"1383",0,0,0,7,7,38.1,508,手塚貴久,美,400,18106613,01096,01038,0520580907,ミルファーム,ミルファーム,ディスクリートキャット,ローブドヴルール,サウスヴィグラス,栗毛,180309,   35.8,  ,    ,44.8
20,11,14,5,東京,3,09,オキザリ･1勝,23,ダ,1,1400,良,プルスウルトラ    ,牡,2,大野拓弥,55.0,16,13,5,5,0,0.8,9,85.5,"1255",0,0,0,11,11,36.6,514,手塚貴久,美,101,18106613,01096,01038,0520530913,ミルファーム,ミルファーム,ディスクリートキャット,ローブドヴルール,サウスヴィグラス,栗毛,180309,   24.9,  ,    ,50.2
20,11,07,5,東京,1,11,京王杯２G2,179,芝,0,1400,良,プルスウルトラ    ,牡,2,江田照男,55.0,18,07,17,17,0,2.3,15,84.1,"1241",0,0,0,10,11,35.9,512,手塚貴久,美,0,18106613,00689,01038,0520511107,ミルファーム,ミルファーム,ディスクリートキャット,ローブドヴルール,サウスヴィグラス,栗毛,180309,  155.1,  ,    ,50.7
20,08,08,2,新潟,5,09,ダリア賞,131,芝,0,1400,重,プルスウルトラ    ,牡,2,和田竜二,54.0,11,09,4,4,0,0.2,4,83.6,"1236",0,0,0,3,3,36.3,500,手塚貴久,美,240,18106613,01018,01038,0420250909,ミルファーム,ミルファーム,ディスクリートキャット,ローブドヴルール,サウスヴィグラス,栗毛,180309,   19.2,  ,    ,47.7
20,06,21,3,東京,6,01,未勝利*,7,芝,0,1400,稍,プルスウルトラ    ,牡,2,田辺裕信,54.0,10,03,1,1,0,-0.3,2,83.2,"1232",0,0,0,2,2,35.2,490,手塚貴久,美,510,18106613,01075,01038,0520360103,ミルファーム,ミルファーム,ディスクリートキャット,ローブドヴルール,サウスヴィグラス,栗毛,180309,    3.4,  ,    ,52.3
20,06,07,3,東京,2,06,新馬,15,芝,0,1400,稍,プルスウルトラ    ,牡,2,嶋田純次,54.0,14,05,4,4,0,0.6,7,84.3,"1243",0,0,0,5,5,35.8,484,手塚貴久,美,110,18106613,01134,01038,0520320605,ミルファーム,ミルファーム,ディスクリートキャット,ローブドヴルール,サウスヴィグラス,栗毛,180309,   24.5,  ,    ,51.6
24,05,25,2,東京,11,10,葉山特別･2勝,43,芝,0,1600,良,バニシングポイント,セ,6,北村宏司,58.0,14,05,2,2,0,0.3,7,92.7,"1327",0,0,0,13,11,34,490,古賀慎明,美,620,18110086,01043,01079,05242B1005,長谷川祐司,"Whisper Hill Farm LLC",Tapit,"Unrivaled Belle","Unbridled's Song",芦毛,180128,   36.0,  ,    ,53.6
24,04,28,2,東京,4,08,２勝ｸﾗｽ,43,芝,0,1600,良,バニシングポイント,セ,6,北村宏司,58.0,11,09,4,4,0,0.9,8,93.2,"1332",0,0,0,10,10,33.3,498,古賀慎明,美,170,18110086,01043,01079,0524240809,長谷川祐司,"Whisper Hill Farm LLC",Tapit,"Unrivaled Belle","Unbridled's Song",芦毛,180128,   56.7,  ,    ,57.9
24,03,30,3,中山,3,08,２勝ｸﾗｽ,43,芝,8,1600,稍,バニシングポイント,セ,6,石川裕紀,58.0,13,08,9,9,0,1.2,8,94.4,"1344",0,0,9,8,8,35.1,494,古賀慎明,美,0,18110086,01150,01079,0624330808,長谷川祐司,"Whisper Hill Farm LLC",Tapit,"Unrivaled Belle","Unbridled's Song",芦毛,180128,   31.2,  ,    ,51.4
23,11,05,5,東京,2,12,２勝ｸﾗｽ,43,芝,0,1400,良,バニシングポイント,セ,5,浜中俊,58.0,12,02,6,6,0,1.1,4,81.8,"1218",0,0,0,11,10,33.5,480,加藤征弘,美,0,18110086,01115,01059,0523521202,長谷川祐司,"Whisper Hill Farm LLC",Tapit,"Unrivaled Belle","Unbridled's Song",芦毛,180128,    8.6,  ,    ,58.1
23,08,12,2,札幌,1,10,羊ヶ丘特･2勝,43,芝,0,1500,良,バニシングポイント,セ,5,浜中俊,58.0,11,10,2,2,0,0.1,4,88.2,"1282",0,0,10,9,9,34.4,478,加藤征弘,美,620,18110086,01115,01059,0123211010,長谷川祐司,"Whisper Hill Farm LLC",Tapit,"Unrivaled Belle","Unbridled's Song",芦毛,180128,    9.2,  ,    ,54.3
23,07,29,1,札幌,3,10,摩周湖特･2勝,43,芝,0,1500,良,バニシングポイント,セ,5,浜中俊,58.0,8,06,2,2,0,0.1,6,88.6,"1286",0,0,8,7,7,33.8,478,加藤征弘,美,620,18110086,01115,01059,0123131006,長谷川祐司,"Whisper Hill Farm LLC",Tapit,"Unrivaled Belle","Unbridled's Song",芦毛,180128,   16.3,  ,    ,58.1
23,05,27,2,東京,11,10,葉山特別･2勝,43,芝,0,1600,良,バニシングポイント,セ,5,戸崎圭太,58.0,14,05,6,6,0,0.9,10,92.5,"1325",0,0,0,13,13,33.8,484,加藤征弘,美,0,18110086,05386,01059,05232B1005,長谷川祐司,"Whisper Hill Farm LLC",Tapit,"Unrivaled Belle","Unbridled's Song",芦毛,180128,   36.4,  ,    ,54.2
23,05,06,2,東京,5,09,秩父特別･2勝,43,芝,0,2000,良,バニシングポイント,セ,5,戸崎圭太,58.0,9,04,7,7,0,1.5,4,121.4,"2014",0,0,8,8,8,34.5,476,加藤征弘,美,0,18110086,05386,01059,0523250904,長谷川祐司,"Whisper Hill Farm LLC",Tapit,"Unrivaled Belle","Unbridled's Song",芦毛,180128,   18.9,  ,    ,58.0
22,11,05,5,東京,1,12,２勝ｸﾗｽ,43,芝,0,2000,良,バニシングポイント,牡,4,横山武史,57.0,10,09,8,8,0,1.4,4,120.9,"2009",0,0,6,5,3,34.4,488,蛯名正義,美,0,18110086,01170,01191,0522511209,長谷川祐司,"Whisper Hill Farm LLC",Tapit,"Unrivaled Belle","Unbridled's Song",芦毛,180128,    8.2,  ,    ,57.8
22,10,08,4,東京,1,09,ｔｖｋ賞･2勝,43,芝,0,2000,良,バニシングポイント,牡,4,横山武史,57.0,13,02,3,3,0,0,2,120.7,"2007",0,0,5,5,8,33.3,490,蛯名正義,美,380,18110086,01170,01191,0522410902,長谷川祐司,"Whisper Hill Farm LLC",Tapit,"Unrivaled Belle","Unbridled's Song",芦毛,180128,    5.6,  ,    ,62.5
22,06,19,3,東京,6,09,町田特Ｈ･2勝,43,芝,0,2400,良,バニシングポイント,牡,4,武豊,54.0,10,01,4,4,0,0.5,5,147,"2270",0,9,9,9,9,34.4,494,蛯名正義,美,230,18110086,00666,01191,0522360901,長谷川祐司,"Whisper Hill Farm LLC",Tapit,"Unrivaled Belle","Unbridled's Song",芦毛,180128,    9.3,  ,    ,59.1
22,05,29,2,東京,12,08,青嵐賞･2勝,43,芝,0,2400,良,バニシングポイント,牡,4,横山武史,57.0,12,04,7,7,0,0.5,4,147,"2270",0,8,8,9,9,34.1,492,蛯名正義,美,0,18110086,01170,01191,05222C0804,長谷川祐司,"Whisper Hill Farm LLC",Tapit,"Unrivaled Belle","Unbridled's Song",芦毛,180128,    6.0,  ,    ,60.4
22,05,08,2,東京,6,07,１勝ｸﾗｽ,23,芝,0,2000,良,バニシングポイント,牡,4,横山武史,57.0,7,06,1,1,0,-0.1,2,120,"2000",0,0,4,4,4,33.6,492,蛯名正義,美,770,18110086,01170,01191,0522260706,長谷川祐司,"Whisper Hill Farm LLC",Tapit,"Unrivaled Belle","Unbridled's Song",芦毛,180128,    5.0,  ,    ,60.2
22,03,21,2,中山,8,07,１勝ｸﾗｽ,23,芝,0,2000,稍,バニシングポイント,牡,4,ルメール,57.0,14,07,9,9,0,0.5,1,122,"2020",0,12,12,11,12,35.5,494,蛯名正義,美,0,18110086,05339,01191,0622280707,長谷川祐司,"Whisper Hill Farm LLC",Tapit,"Unrivaled Belle","Unbridled's Song",芦毛,180128,    2.5,  ,    ,54.4
22,02,20,1,東京,8,07,１勝ｸﾗｽ,23,芝,0,1800,重,バニシングポイント,牡,4,ルメール,56.0,16,08,2,2,0,0,3,107.3,"1473",0,0,9,8,6,35.2,494,藤沢和雄,美,310,18110086,05339,00386,0522180708,長谷川祐司,"Whisper Hill Farm LLC",Tapit,"Unrivaled Belle","Unbridled's Song",芦毛,180128,    5.7,  ,    ,52.4
22,01,05,1,中山,1,06,１勝ｸﾗｽ,23,芝,0,2000,良,バニシングポイント,牡,4,柴山雄一,56.0,16,09,7,7,0,0.6,5,120.8,"2008",0,13,14,14,13,35.9,502,藤沢和雄,美,0,18110086,05243,00386,0622110609,長谷川祐司,"Whisper Hill Farm LLC",Tapit,"Unrivaled Belle","Unbridled's Song",芦毛,180128,    8.8,  ,    ,51.4
21,12,18,6,中京,5,09,１勝ｸﾗｽ,23,芝,0,2200,良,バニシングポイント,牡,3,柴山雄一,55.0,18,01,2,2,0,0.4,5,134.2,"2142",0,9,8,8,5,36.5,494,藤沢和雄,美,300,18110086,05243,00386,0721650901,長谷川祐司,"Whisper Hill Farm LLC",Tapit,"Unrivaled Belle","Unbridled's Song",芦毛,180128,    9.6,  ,    ,50.4
21,11,13,5,東京,3,07,１勝ｸﾗｽ,23,芝,0,1800,良,バニシングポイント,牡,3,横山武史,55.0,13,11,7,7,0,0.6,3,106.5,"1465",0,0,13,12,12,34.2,494,藤沢和雄,美,0,18110086,01170,00386,0521530711,長谷川祐司,"Whisper Hill Farm LLC",Tapit,"Unrivaled Belle","Unbridled's Song",芦毛,180128,    7.8,  ,    ,55.7
21,09,26,5,中京,7,08,１勝ｸﾗｽ,23,芝,0,2000,重,バニシングポイント,牡,3,池添謙一,54.0,10,06,6,6,0,1.1,4,125.9,"2059",0,8,8,9,9,36.5,496,藤沢和雄,美,0,18110086,01032,00386,0721570806,長谷川祐司,"Whisper Hill Farm LLC",Tapit,"Unrivaled Belle","Unbridled's Song",芦毛,180128,    9.1,  ,    ,55.0
21,09,04,2,札幌,7,08,１勝ｸﾗｽ,23,芝,0,2000,良,バニシングポイント,牡,3,池添謙一,54.0,16,03,2,2,0,0.1,2,121.3,"2013",0,13,12,11,7,34.9,488,藤沢和雄,美,300,18110086,01032,00386,0121270803,長谷川祐司,"Whisper Hill Farm LLC",Tapit,"Unrivaled Belle","Unbridled's Song",芦毛,180128,    4.9,  ,    ,56.1
21,08,29,2,札幌,6,08,１勝ｸﾗｽ,23,芝,0,1500,良,バニシングポイント,牡,3,横山武史,54.0,14,08,5,5,0,0.6,1,88.9,"1289",0,0,12,11,11,35.1,492,藤沢和雄,美,76,18110086,01170,00386,0121260808,長谷川祐司,"Whisper Hill Farm LLC",Tapit,"Unrivaled Belle","Unbridled's Song",芦毛,180128,    1.7,  ,    ,52.2
21,06,27,1,札幌,6,09,１勝ｸﾗｽ,23,芝,0,1500,良,バニシングポイント,牡,3,横山武史,54.0,14,10,2,2,0,0.1,1,87.4,"1274",0,0,10,8,10,34.3,486,藤沢和雄,美,300,18110086,01170,00386,0121160910,長谷川祐司,"Whisper Hill Farm LLC",Tapit,"Unrivaled Belle","Unbridled's Song",芦毛,180128,    2.7,  ,    ,53.2
21,06,12,3,東京,3,08,１勝ｸﾗｽ,23,芝,0,1600,良,バニシングポイント,牡,3,ルメール,54.0,15,14,2,2,0,0.1,2,93.4,"1334",0,0,0,7,7,33.5,492,藤沢和雄,美,300,18110086,05339,00386,0521330814,長谷川祐司,"Whisper Hill Farm LLC",Tapit,"Unrivaled Belle","Unbridled's Song",芦毛,180128,    4.3,  ,    ,57.3
21,05,16,2,東京,8,05,１勝ｸﾗｽ*,23,芝,0,1600,良,バニシングポイント,牡,3,ルメール,56.0,10,03,4,4,0,0.1,5,94.8,"1348",0,0,0,7,6,33,500,藤沢和雄,美,110,18110086,05339,00386,0521280503,長谷川祐司,"Whisper Hill Farm LLC",Tapit,"Unrivaled Belle","Unbridled's Song",芦毛,180128,   11.6,  ,    ,62.4
21,01,05,1,中山,1,06,１勝ｸﾗｽ*,23,芝,0,2000,良,バニシングポイント,牡,3,木幡育也,55.0,11,09,10,10,0,2.2,8,123.5,"2035",0,1,1,1,1,39.2,496,藤沢和雄,美,0,18110086,01167,00386,0621110609,長谷川祐司,"Whisper Hill Farm LLC",Tapit,"Unrivaled Belle","Unbridled's Song",芦毛,180128,   20.8,  ,    ,42.2
20,12,26,5,中山,7,11,ホープフG1,195,芝,0,2000,良,バニシングポイント,牡,2,Ｍ．デム,55.0,15,08,12,12,0,2.6,10,125.4,"2054",0,7,3,2,3,39.3,498,藤沢和雄,美,0,18110086,05212,00386,0620571108,長谷川祐司,"Whisper Hill Farm LLC",Tapit,"Unrivaled Belle","Unbridled's Song",芦毛,180128,   64.7,  ,    ,43.9
20,11,21,5,阪神,5,09,もちの木･1勝,23,ダ,1,1800,良,バニシングポイント,牡,2,ルメール,55.0,14,10,12,12,0,3,1,116.8,"1568",0,8,8,8,6,39.9,488,藤沢和雄,美,0,18110086,05339,00386,0920550910,長谷川祐司,"Whisper Hill Farm LLC",Tapit,"Unrivaled Belle","Unbridled's Song",芦毛,180128,    2.4,  ,    ,46.4
20,10,24,4,東京,5,09,アイビー(L),115,芝,0,1800,良,バニシングポイント,牡,2,ルメール,55.0,8,06,7,7,0,1,1,109.1,"1491",0,0,4,2,2,36,496,藤沢和雄,美,0,18110086,05339,00386,0520450906,長谷川祐司,"Whisper Hill Farm LLC",Tapit,"Unrivaled Belle","Unbridled's Song",芦毛,180128,    2.4,  ,    ,51.5
20,08,02,1,札幌,4,05,新馬,15,芝,0,2000,良,バニシングポイント,牡,2,ルメール,54.0,7,07,1,1,0,-1.1,1,122.4,"2024",0,1,1,1,1,35.8,484,藤沢和雄,美,700,18110086,05339,00386,0120140507,長谷川祐司,"Whisper Hill Farm LLC",Tapit,"Unrivaled Belle","Unbridled's Song",芦毛,180128,    1.8,  ,    ,53.7
24,06,29,1,函館,7,10,北海Ｈ･2勝,43,芝,0,1800,良,レッドバレンティア,牡,4,藤岡佑介,55.0,12,08,0,0,3,999.9,0,0,"----",0,0,0,0,0,0,462,矢嶋大樹,美,0,20106413,01093,01202,0224171008,東京ホースレーシング,杵臼牧場,リオンディーズ,レッドマジュール,ディープインパクト,青鹿,200502,    0.0,  ,    , 0.0
24,04,20,3,京都,1,12,２勝ｸﾗｽ,43,芝,8,1600,良,レッドバレンティア,牡,4,藤岡佑介,58.0,10,09,10,10,0,3.2,4,95.3,"1353",0,0,0,2,2,38,460,矢嶋大樹,美,0,20106413,01093,01202,0824311209,東京ホースレーシング,杵臼牧場,リオンディーズ,レッドマジュール,ディープインパクト,青鹿,200502,    7.7,  ,    ,40.5
24,03,23,3,中山,1,08,２勝ｸﾗｽ,43,芝,0,1800,良,レッドバレンティア,牡,4,鮫島克駿,58.0,11,09,6,6,0,0.6,5,109.6,"1496",0,5,5,5,4,34.9,466,矢嶋大樹,美,0,20106413,01157,01202,0624310809,東京ホースレーシング,杵臼牧場,リオンディーズ,レッドマジュール,ディープインパクト,青鹿,200502,    9.1,  ,    ,57.0
24,01,13,1,小倉,1,08,１勝ｸﾗｽ,23,芝,0,1800,良,レッドバレンティア,牡,4,佐々木大,56.0,16,16,1,1,0,-0.2,6,106.7,"1467",0,7,4,4,4,35.3,450,手塚貴久,美,800,20106413,01197,01038,1024110816,東京ホースレーシング,杵臼牧場,リオンディーズ,レッドマジュール,ディープインパクト,青鹿,200502,   10.7,  ,    ,51.1
23,12,28,5,中山,9,07,１勝ｸﾗｽ,23,芝,0,1800,良,レッドバレンティア,牡,3,ムルザバ,57.0,16,09,4,4,0,0.6,5,108.2,"1482",0,4,4,2,1,36.6,448,手塚貴久,美,120,20106413,05627,01038,0623590709,東京ホースレーシング,杵臼牧場,リオンディーズ,レッドマジュール,ディープインパクト,青鹿,200502,    9.6,  ,    ,47.8
23,10,22,4,新潟,4,09,柏崎特別･1勝,23,芝,8,1600,稍,レッドバレンティア,牡,3,横山琉人,56.0,14,10,6,6,0,0.4,8,96.6,"1366",0,0,0,5,4,34.5,454,手塚貴久,美,0,20106413,01192,01038,0423440910,東京ホースレーシング,杵臼牧場,リオンディーズ,レッドマジュール,ディープインパクト,青鹿,200502,   18.8,  ,    ,58.0
23,09,24,4,中山,7,07,１勝ｸﾗｽ,23,芝,8,1600,良,レッドバレンティア,牡,3,石川裕紀,56.0,16,05,5,5,0,0.5,5,94.8,"1348",0,0,13,11,10,35.2,450,手塚貴久,美,80,20106413,01150,01038,0623470705,東京ホースレーシング,杵臼牧場,リオンディーズ,レッドマジュール,ディープインパクト,青鹿,200502,   12.9,  ,    ,51.6
23,07,22,2,福島,7,09,伊達特別･1勝,23,芝,0,1800,良,レッドバレンティア,牡,3,石川裕紀,55.0,14,07,7,7,0,0.4,4,109.9,"1499",0,8,8,10,8,35.6,440,手塚貴久,美,0,20106413,01150,01038,0323270907,東京ホースレーシング,杵臼牧場,リオンディーズ,レッドマジュール,ディープインパクト,青鹿,200502,    5.7,  ,    ,54.4
23,04,15,3,中山,7,05,未勝利,7,芝,8,1600,稍,レッドバレンティア,牡,3,レーン,56.0,16,07,1,1,0,-0.7,1,96.4,"1364",0,0,1,1,1,35.8,444,手塚貴久,美,550,20106413,05585,01038,0623370507,東京ホースレーシング,杵臼牧場,リオンディーズ,レッドマジュール,ディープインパクト,青鹿,200502,    2.2,  ,    ,51.6
23,03,26,3,中山,2,05,未勝利,7,芝,0,1800,不,レッドバレンティア,牡,3,石川裕紀,56.0,16,12,2,2,0,0.5,2,114.4,"1544",0,3,4,3,3,38.3,440,手塚貴久,美,220,20106413,01150,01038,0623320512,東京ホースレーシング,杵臼牧場,リオンディーズ,レッドマジュール,ディープインパクト,青鹿,200502,    4.3,  ,    ,49.3
23,02,25,2,中山,1,05,未勝利,7,芝,8,1600,良,レッドバレンティア,牡,3,戸崎圭太,56.0,16,16,4,4,0,0.5,1,95.2,"1352",0,0,6,6,5,36.3,442,手塚貴久,美,83,20106413,05386,01038,0623210516,東京ホースレーシング,杵臼牧場,リオンディーズ,レッドマジュール,ディープインパクト,青鹿,200502,    1.9,  ,    ,47.4
23,01,29,1,東京,2,05,未勝利,7,芝,0,1600,良,レッドバレンティア,牡,3,川田将雅,56.0,16,02,4,4,0,0.5,3,94.1,"1341",0,0,0,5,4,35,446,手塚貴久,美,83,20106413,01088,01038,0523120502,東京ホースレーシング,杵臼牧場,リオンディーズ,レッドマジュール,ディープインパクト,青鹿,200502,    5.2,  ,    ,51.3
22,12,03,5,中山,1,03,未勝利*,7,芝,8,1600,良,レッドバレンティア,牡,2,レーン,55.0,15,15,2,2,0,0.1,1,94.7,"1347",0,0,10,10,8,34.6,444,手塚貴久,美,210,20106413,05585,01038,0622510315,東京ホースレーシング,杵臼牧場,リオンディーズ,レッドマジュール,ディープインパクト,青鹿,200502,    3.5,  ,    ,54.2
22,11,12,5,東京,3,02,未勝利*,7,芝,0,1600,良,レッドバレンティア,牡,2,福永祐一,55.0,12,02,4,4,0,0.9,1,94.5,"1345",0,0,0,6,7,34.6,440,手塚貴久,美,78,20106413,01014,01038,0522530202,東京ホースレーシング,杵臼牧場,リオンディーズ,レッドマジュール,ディープインパクト,青鹿,200502,    2.2,  ,    ,53.9
22,10,15,4,東京,4,03,新馬,15,芝,0,1600,良,レッドバレンティア,牡,2,福永祐一,55.0,18,09,2,2,0,0.1,1,96.4,"1364",0,0,0,3,3,33.8,434,手塚貴久,美,280,20106413,01014,01038,0522440309,東京ホースレーシング,杵臼牧場,リオンディーズ,レッドマジュール,ディープインパクト,青鹿,200502,    2.0,  ,    ,61.1
24,05,18,2,東京,9,10,高尾特別･2勝,43,芝,0,1400,良,アスクエピソード  ,牡,4,三浦皇成,58.0,12,09,8,8,0,0.6,5,81.8,"1218",0,0,0,8,8,33.2,458,藤原英昭,栗,0,20101031,01122,01055,0524291009,廣崎利洋HD,"ASK STUD",ハーツクライ,ネヴァーピリオド,タイキシャトル,鹿毛,200325,    8.9,  ,    ,59.8
24,04,27,3,京都,3,10,御池特別･2勝,43,芝,8,1400,良,アスクエピソード  ,牡,4,川田将雅,58.0,13,02,5,5,0,0.3,2,81.6,"1216",0,0,0,2,2,35,462,藤原英昭,栗,155,20101031,01088,01055,0824331002,廣崎利洋HD,"ASK STUD",ハーツクライ,ネヴァーピリオド,タイキシャトル,鹿毛,200325,    3.8,  ,    ,49.9
24,02,18,2,京都,8,12,２勝ｸﾗｽ,43,芝,8,1600,良,アスクエピソード  ,牡,4,ルメート,58.0,9,09,3,3,0,0.3,4,94.2,"1342",0,0,0,2,3,34.3,468,藤原英昭,栗,290,20101031,05659,01055,0824281209,廣崎利洋HD,"ASK STUD",ハーツクライ,ネヴァーピリオド,タイキシャトル,鹿毛,200325,    9.7,  ,    ,54.8
24,01,21,1,京都,7,12,２勝ｸﾗｽ,43,芝,8,1400,重,アスクエピソード  ,牡,4,ルメート,57.0,11,10,3,3,0,0.3,4,83.4,"1234",0,0,0,6,7,34.4,474,藤原英昭,栗,290,20101031,05659,01055,0824171210,廣崎利洋HD,"ASK STUD",ハーツクライ,ネヴァーピリオド,タイキシャトル,鹿毛,200325,    7.9,  ,    ,56.8
23,12,24,5,阪神,8,12,ジングル･2勝,43,芝,0,1400,良,アスクエピソード  ,牡,3,北村友一,57.0,15,09,8,8,0,0.7,4,81,"1210",0,0,0,12,12,34.5,466,藤原英昭,栗,0,20101031,01102,01055,0923581209,廣崎利洋HD,"ASK STUD",ハーツクライ,ネヴァーピリオド,タイキシャトル,鹿毛,200325,    9.6,  ,    ,51.1
23,12,09,5,阪神,3,12,２勝ｸﾗｽ,43,芝,0,1200,良,アスクエピソード  ,牡,3,松山弘平,57.0,12,06,3,3,0,0.2,3,68.9,"1089",0,0,0,2,2,34.1,462,藤原英昭,栗,290,20101031,01126,01055,0923531206,廣崎利洋HD,"ASK STUD",ハーツクライ,ネヴァーピリオド,タイキシャトル,鹿毛,200325,    5.3,  ,    ,52.1
23,09,02,2,札幌,7,09,知床特別･2勝,43,芝,0,1200,稍,アスクエピソード  ,牡,3,松山弘平,56.0,16,09,4,4,0,0.2,2,70.3,"1103",0,0,0,10,6,35.1,468,藤原英昭,栗,230,20101031,01126,01055,0123270909,廣崎利洋HD,"ASK STUD",ハーツクライ,ネヴァーピリオド,タイキシャトル,鹿毛,200325,    5.2,  ,    ,50.3
23,08,06,1,札幌,6,10,札幌スポ･2勝,43,芝,0,1200,重,アスクエピソード  ,牡,3,藤岡佑介,56.0,11,03,6,6,0,0.4,1,71.1,"1111",0,0,0,3,3,36.5,472,藤原英昭,栗,0,20101031,01093,01055,0123161003,廣崎利洋HD,"ASK STUD",ハーツクライ,ネヴァーピリオド,タイキシャトル,鹿毛,200325,    3.5,  ,    ,44.8
23,07,16,2,函館,6,12,湯の川温･2勝,43,芝,0,1200,稍,アスクエピソード  ,牡,3,藤岡佑介,55.0,13,02,4,4,0,0.2,1,71.6,"1116",0,0,0,5,4,34.8,470,藤原英昭,栗,230,20101031,01093,01055,0223261202,廣崎利洋HD,"ASK STUD",ハーツクライ,ネヴァーピリオド,タイキシャトル,鹿毛,200325,    4.5,  ,    ,55.7
23,07,01,2,函館,1,09,長万部特･1勝,23,芝,0,1200,良,アスクエピソード  ,牡,3,藤岡佑介,55.0,12,07,1,1,0,-0.2,4,70.3,"1103",0,0,0,4,4,34.8,464,藤原英昭,栗,1110,20101031,01093,01055,0223210907,廣崎利洋HD,"ASK STUD",ハーツクライ,ネヴァーピリオド,タイキシャトル,鹿毛,200325,    6.6,  ,    ,52.0
23,04,08,2,阪神,5,06,１勝ｸﾗｽ*,23,芝,0,1200,稍,アスクエピソード  ,牡,3,岩田望来,56.0,11,09,4,4,0,0.6,3,69.6,"1096",0,0,0,10,10,34.9,460,藤原英昭,栗,120,20101031,01174,01055,0923250609,廣崎利洋HD,"ASK STUD",ハーツクライ,ネヴァーピリオド,タイキシャトル,鹿毛,200325,    5.0,  ,    ,49.4
23,03,18,2,中京,3,02,未勝利,7,ダ,1,1200,重,アスクエピソード  ,牡,3,岩田望来,56.0,16,04,1,1,0,0,1,71.4,"1114",0,0,0,2,2,36,464,藤原英昭,栗,550,20101031,01174,01055,0723230204,廣崎利洋HD,"ASK STUD",ハーツクライ,ネヴァーピリオド,タイキシャトル,鹿毛,200325,    2.3,  ,    ,48.3
23,01,07,1,中京,2,05,未勝利,7,芝,0,1600,良,アスクエピソード  ,牡,3,岩田望来,56.0,15,10,3,3,0,0.4,4,94.4,"1344",0,0,4,3,3,34.1,470,藤原英昭,栗,140,20101031,01174,01055,0723120510,廣崎利洋HD,"ASK STUD",ハーツクライ,ネヴァーピリオド,タイキシャトル,鹿毛,200325,    8.2,  ,    ,56.1
22,12,17,6,中京,5,04,未勝利*,7,芝,0,1600,良,アスクエピソード  ,牡,2,藤岡佑介,55.0,16,07,4,4,0,0.7,1,95.4,"1354",0,0,5,7,8,35.5,468,藤原英昭,栗,78,20101031,01093,01055,0722650407,廣崎利洋HD,"ASK STUD",ハーツクライ,ネヴァーピリオド,タイキシャトル,鹿毛,200325,    2.4,  ,    ,51.2
22,11,27,5,阪神,8,03,未勝利*,7,芝,8,1800,良,アスクエピソード  ,牡,2,岩田望来,55.0,12,03,3,3,0,0.3,2,108.2,"1482",0,0,0,5,5,34.8,468,藤原英昭,栗,130,20101031,01174,01055,0922580303,廣崎利洋HD,"ASK STUD",ハーツクライ,ネヴァーピリオド,タイキシャトル,鹿毛,200325,    3.2,  ,    ,55.5
22,09,03,2,札幌,7,05,新馬,15,芝,0,1500,良,アスクエピソード  ,牡,2,藤岡佑介,54.0,13,06,2,2,0,0.1,1,91.3,"1313",0,0,4,5,4,35.8,470,藤原英昭,栗,280,20101031,01093,01055,0122270506,廣崎利洋HD,"ASK STUD",ハーツクライ,ネヴァーピリオド,タイキシャトル,鹿毛,200325,    1.9,  ,    ,53.4
24,06,23,4,京都,8,09,瀬田特Ｈ･2勝,43,芝,8,1400,重,エマヌエーレ      ,牡,4,和田竜二,55.0,18,12,9,9,0,1.4,9,82.6,"1226",0,0,0,3,3,35.2,500,平田修,栗,0,20103280,01018,01082,0824480912,丸山担,ノーザンファーム,ロードカナロア,エマノン,ハーツクライ,鹿毛,200215,   35.0,  ,    ,51.0
24,05,25,3,京都,11,12,２勝ｸﾗｽ,43,芝,8,1400,良,エマヌエーレ      ,牡,4,和田竜二,58.0,18,01,5,5,0,0.3,3,80.2,"1202",0,0,0,4,3,35.2,496,平田修,栗,114,20103280,01018,01082,08243B1201,丸山担,ノーザンファーム,ロードカナロア,エマノン,ハーツクライ,鹿毛,200215,    7.6,  ,    ,45.9
24,04,21,3,京都,2,07,１勝ｸﾗｽ,23,芝,8,1400,良,エマヌエーレ      ,牡,4,和田竜二,58.0,13,05,1,1,0,0,6,81.5,"1215",0,0,0,4,4,34.9,506,平田修,栗,800,20103280,01018,01082,0824320705,丸山担,ノーザンファーム,ロードカナロア,エマノン,ハーツクライ,鹿毛,200215,   10.5,  ,    ,50.1
23,12,17,5,阪神,6,07,１勝ｸﾗｽ,23,ダ,1,1800,稍,エマヌエーレ      ,牡,3,和田竜二,57.0,9,05,7,7,0,2.6,6,116.3,"1563",0,4,5,5,5,39.5,508,平田修,栗,0,20103280,01018,01082,0923560705,丸山担,ノーザンファーム,ロードカナロア,エマノン,ハーツクライ,鹿毛,200215,   19.4,  ,    ,47.2
23,12,03,5,阪神,2,07,１勝ｸﾗｽ,23,芝,8,1800,良,エマヌエーレ      ,牡,3,和田竜二,57.0,11,10,7,7,0,0.9,4,106.9,"1469",0,0,0,3,2,35.4,506,平田修,栗,0,20103280,01018,01082,0923520710,丸山担,ノーザンファーム,ロードカナロア,エマノン,ハーツクライ,鹿毛,200215,    7.9,  ,    ,51.0
23,10,22,2,京都,7,06,１勝ｸﾗｽ,23,芝,8,1600,良,エマヌエーレ      ,牡,3,モレイラ,56.0,16,13,6,6,0,0.5,2,93.3,"1333",0,0,0,9,8,35.3,494,平田修,栗,0,20103280,05509,01082,0823270613,丸山担,ノーザンファーム,ロードカナロア,エマノン,ハーツクライ,鹿毛,200215,    3.8,  ,    ,48.6
23,08,26,2,札幌,5,07,１勝ｸﾗｽ,23,芝,0,1800,良,エマヌエーレ      ,牡,3,モレイラ,55.0,14,06,2,2,0,0,3,108.4,"1484",0,5,5,5,2,35.6,496,平田修,栗,320,20103280,05509,01082,0123250706,丸山担,ノーザンファーム,ロードカナロア,エマノン,ハーツクライ,鹿毛,200215,    4.4,  ,    ,52.2
23,08,05,1,札幌,5,12,１勝ｸﾗｽ,23,芝,0,1500,稍,エマヌエーレ      ,牡,3,北村友一,55.0,14,13,6,6,0,0.4,5,91.3,"1313",0,0,8,12,9,34.8,496,平田修,栗,0,20103280,01102,01082,0123151213,丸山担,ノーザンファーム,ロードカナロア,エマノン,ハーツクライ,鹿毛,200215,    8.5,  ,    ,58.2
23,07,22,1,札幌,1,09,北辰特別･1勝,23,芝,0,1800,良,エマヌエーレ      ,牡,3,北村友一,55.0,9,02,5,5,0,0.3,4,107.7,"1477",0,7,7,7,7,34,496,平田修,栗,111,20103280,01102,01082,0123110902,丸山担,ノーザンファーム,ロードカナロア,エマノン,ハーツクライ,鹿毛,200215,    6.7,  ,    ,58.4
23,07,02,2,福島,2,11,ラジオNIＨG3,163,芝,0,1800,良,エマヌエーレ      ,牡,3,石橋脩,54.0,16,15,14,14,0,1.3,14,108.2,"1482",0,4,5,5,5,36.1,490,平田修,栗,0,20103280,01077,01082,0323221115,丸山担,ノーザンファーム,ロードカナロア,エマノン,ハーツクライ,鹿毛,200215,   93.6,  ,    ,49.9
23,03,25,2,阪神,1,11,毎日杯G3,163,芝,8,1800,良,エマヌエーレ      ,牡,3,和田竜二,56.0,13,10,5,5,0,0.4,9,107,"1470",0,0,0,3,3,35.7,484,平田修,栗,400,20103280,01018,01082,0923211110,丸山担,ノーザンファーム,ロードカナロア,エマノン,ハーツクライ,鹿毛,200215,   27.3,  ,    ,49.9
23,02,18,1,阪神,3,09,つばき賞･1勝,23,芝,8,1800,良,エマヌエーレ      ,牡,3,和田竜二,56.0,12,03,2,2,0,0.3,10,107.3,"1473",0,0,0,1,1,34.1,496,平田修,栗,430,20103280,01018,01082,0923130903,丸山担,ノーザンファーム,ロードカナロア,エマノン,ハーツクライ,鹿毛,200215,   90.1,  ,    ,57.3
23,01,28,1,中京,9,09,白梅賞･1勝*,23,芝,0,1600,良,エマヌエーレ      ,牡,3,和田竜二,56.0,7,02,5,5,0,1.7,4,95,"1350",0,0,4,3,4,35.5,506,平田修,栗,107,20103280,01018,01082,0723190902,丸山担,ノーザンファーム,ロードカナロア,エマノン,ハーツクライ,鹿毛,200215,   11.0,  ,    ,50.6
22,11,27,5,東京,8,08,ベゴニア･1勝,23,芝,0,1600,良,エマヌエーレ      ,牡,2,菅原明良,55.0,10,01,6,6,0,0.6,4,95.2,"1352",0,0,0,10,10,33.3,486,平田修,栗,0,20103280,01179,01082,0522580801,丸山担,ノーザンファーム,ロードカナロア,エマノン,ハーツクライ,鹿毛,200215,   12.6,  ,    ,61.5
22,10,15,4,阪神,4,09,紫菊賞･1勝*,23,芝,8,1800,良,エマヌエーレ      ,牡,2,松山弘平,55.0,7,06,6,6,0,0.8,3,108.1,"1481",0,0,0,2,2,34.5,492,平田修,栗,0,20103280,01126,01082,0922440906,丸山担,ノーザンファーム,ロードカナロア,エマノン,ハーツクライ,鹿毛,200215,    5.8,  ,    ,56.7
22,08,27,3,新潟,5,01,未勝利*,7,芝,8,1600,良,エマヌエーレ      ,牡,2,戸崎圭太,54.0,15,15,1,1,0,-0.5,2,94.6,"1346",0,0,0,3,3,34.9,484,平田修,栗,520,20103280,05386,01082,0422350115,丸山担,ノーザンファーム,ロードカナロア,エマノン,ハーツクライ,鹿毛,200215,    3.0,  ,    ,52.6
22,07,30,2,新潟,1,05,新馬,15,芝,8,1600,良,エマヌエーレ      ,牡,2,松山弘平,54.0,12,03,3,3,0,0.5,6,96.3,"1363",0,0,0,1,1,32.5,486,平田修,栗,180,20103280,01126,01082,0422210503,丸山担,ノーザンファーム,ロードカナロア,エマノン,ハーツクライ,鹿毛,200215,   16.0,  ,    ,67.8
24,04,28,2,東京,4,08,２勝ｸﾗｽ,43,芝,0,1600,良,ステラバルセロナ  ,牝,4,田辺裕信,56.0,11,10,10,10,0,1.4,6,93.7,"1337",0,0,0,7,7,34.1,420,菊川正達,美,0,20102907,01075,01052,0524240810,吉田千津,社台ファーム,ハービンジャー,ステラスターライト,ディープインパクト,鹿毛,200213,   17.5,  ,    ,54.9
24,03,30,3,中山,3,08,２勝ｸﾗｽ,43,芝,8,1600,稍,ステラバルセロナ  ,牝,4,丹内祐次,56.0,13,04,4,4,0,0.4,9,93.6,"1336",0,0,11,10,8,34.1,420,菊川正達,美,170,20102907,01091,01052,0624330804,吉田千津,社台ファーム,ハービンジャー,ステラスターライト,ディープインパクト,鹿毛,200213,   51.3,  ,    ,54.7
24,03,03,2,中山,4,08,２勝ｸﾗｽ,43,芝,8,1600,良,ステラバルセロナ  ,牝,4,西村淳也,56.0,11,06,6,6,0,1,5,94.5,"1345",0,0,9,9,8,35.6,420,菊川正達,美,0,20102907,01171,01052,0624240806,吉田千津,社台ファーム,ハービンジャー,ステラスターライト,ディープインパクト,鹿毛,200213,   35.8,  ,    ,49.3
23,12,17,4,中京,6,06,１勝ｸﾗｽ・牝,23,芝,0,1600,良,ステラバルセロナ  ,牝,3,西村淳也,55.0,16,13,1,1,0,-0.1,1,94.5,"1345",0,0,10,9,7,35.1,414,菊川正達,美,800,20102907,01171,01052,0723460613,吉田千津,社台ファーム,ハービンジャー,ステラスターライト,ディープインパクト,鹿毛,200213,    2.9,  ,    ,51.5
23,10,14,4,東京,4,08,１勝ｸﾗｽ,23,芝,0,1600,良,ステラバルセロナ  ,牝,3,横山武史,54.0,18,14,4,4,0,0.2,2,93.7,"1337",0,0,0,6,5,34.3,420,菊川正達,美,120,20102907,01170,01052,0523440814,吉田千津,社台ファーム,ハービンジャー,ステラスターライト,ディープインパクト,鹿毛,200213,    3.6,  ,    ,53.9
23,08,13,2,札幌,2,07,１勝ｸﾗｽ・牝,23,芝,0,1500,良,ステラバルセロナ  ,牝,3,丹内祐次,53.0,14,13,2,2,0,0.1,2,88.6,"1286",0,0,7,8,5,35.1,420,菊川正達,美,320,20102907,01091,01052,0123220713,吉田千津,社台ファーム,ハービンジャー,ステラスターライト,ディープインパクト,鹿毛,200213,    3.0,  ,    ,51.6
23,07,23,1,札幌,2,12,１勝ｸﾗｽ,23,芝,0,1500,良,ステラバルセロナ  ,牝,3,丹内祐次,53.0,14,14,2,2,0,0,7,88.5,"1285",0,0,14,13,11,34.5,424,菊川正達,美,320,20102907,01091,01052,0123121214,吉田千津,社台ファーム,ハービンジャー,ステラスターライト,ディープインパクト,鹿毛,200213,   10.7,  ,    ,54.3
23,01,14,1,中山,5,09,菜の花賞･1勝,23,芝,8,1600,良,ステラバルセロナ  ,牝,3,木幡巧也,54.0,13,01,3,3,0,0.2,7,96.2,"1362",0,0,5,6,4,35.1,416,菊川正達,美,270,20102907,01162,01052,0623150901,吉田千津,社台ファーム,ハービンジャー,ステラスターライト,ディープインパクト,鹿毛,200213,   18.4,  ,    ,54.4
22,12,18,5,中山,6,07,未勝利*,7,芝,8,1600,稍,ステラバルセロナ  ,牝,2,木幡巧也,54.0,16,06,1,1,0,0,6,96,"1360",0,0,11,11,8,36.2,418,菊川正達,美,520,20102907,01162,01052,0622560706,吉田千津,社台ファーム,ハービンジャー,ステラスターライト,ディープインパクト,鹿毛,200213,   16.8,  ,    ,49.1
22,10,22,4,東京,6,05,新馬,15,芝,0,2000,良,ステラバルセロナ  ,牝,2,田辺裕信,54.0,11,10,8,8,0,0.6,4,121.5,"2015",0,0,2,2,2,35.8,424,菊川正達,美,0,20102907,01075,01052,0522460510,吉田千津,社台ファーム,ハービンジャー,ステラスターライト,ディープインパクト,鹿毛,200213,    8.7,  ,    ,52.6
24,06,30,1,函館,8,09,竜飛崎特･2勝,43,ダ,1,1700,良,タロントゥーズ    ,牡,4,丹内祐次,58.0,9,01,9,9,0,1.6,7,106.9,"1469",0,3,2,3,3,39,474,大久保龍,栗,0,20102932,01091,01058,0224180901,前田晋二,社台ファーム,ダイワメジャー,ダイワダッチェス,ワークフォース,鹿毛,200423,   32.8,  ,    ,45.0
24,06,09,1,函館,2,10,津軽海Ｈ･2勝,43,ダ,1,1700,良,タロントゥーズ    ,牡,4,池添謙一,56.0,14,11,13,13,0,4.4,10,107.6,"1476",0,2,2,3,5,40.9,466,大久保龍,栗,0,20102932,01032,01058,0224121011,前田晋二,社台ファーム,ダイワメジャー,ダイワダッチェス,ワークフォース,鹿毛,200423,   32.6,  ,    ,39.0
24,04,20,3,京都,1,12,２勝ｸﾗｽ,43,芝,8,1600,良,タロントゥーズ    ,牡,4,小崎綾也,58.0,10,07,9,9,0,2.4,9,94.5,"1345",0,0,0,9,9,36.4,470,大久保龍,栗,0,20102932,01152,01058,0824311207,前田晋二,社台ファーム,ダイワメジャー,ダイワダッチェス,ワークフォース,鹿毛,200423,   65.2,  ,    ,45.8
24,03,03,1,阪神,4,12,２勝ｸﾗｽ,43,ダ,1,1400,良,タロントゥーズ    ,牡,4,岩田望来,58.0,15,03,12,12,0,2.2,5,86.5,"1265",0,0,0,5,5,39.3,466,大久保龍,栗,0,20102932,01174,01058,0924141203,前田晋二,社台ファーム,ダイワメジャー,ダイワダッチェス,ワークフォース,鹿毛,200423,    7.8,  ,    ,40.1
24,01,20,1,小倉,3,11,和布刈特･2勝,43,ダ,1,1700,稍,タロントゥーズ    ,牡,4,佐々木大,57.0,13,02,5,5,0,1.2,3,104.1,"1441",0,3,3,3,3,37.1,468,大久保龍,栗,155,20102932,01197,01058,1024131102,前田晋二,社台ファーム,ダイワメジャー,ダイワダッチェス,ワークフォース,鹿毛,200423,    5.3,  ,    ,48.5
23,11,18,3,福島,5,06,１勝ｸﾗｽ・若,23,ダ,1,1700,重,タロントゥーズ    ,牡,3,佐々木大,55.0,15,01,1,1,0,-0.2,2,104.5,"1445",0,1,1,2,1,37.5,468,大久保龍,栗,800,20102932,01197,01058,0323350601,前田晋二,社台ファーム,ダイワメジャー,ダイワダッチェス,ワークフォース,鹿毛,200423,    4.2,  ,    ,47.5
23,10,29,2,京都,9,07,１勝ｸﾗｽ,23,ダ,1,1800,良,タロントゥーズ    ,牡,3,坂井瑠星,56.0,11,09,6,6,0,2.4,2,115.8,"1558",0,3,3,3,3,41.5,472,大久保龍,栗,0,20102932,01163,01058,0823290709,前田晋二,社台ファーム,ダイワメジャー,ダイワダッチェス,ワークフォース,鹿毛,200423,    3.2,  ,    ,39.5
23,08,20,3,小倉,4,12,１勝ｸﾗｽ,23,ダ,1,1700,良,タロントゥーズ    ,牡,3,永島まな,52.0,16,03,2,2,0,0.2,2,105,"1450",0,4,3,1,1,38.3,466,大久保龍,栗,320,20102932,01187,01058,1023341203,前田晋二,社台ファーム,ダイワメジャー,ダイワダッチェス,ワークフォース,鹿毛,200423,    5.2,  ,    ,45.0
23,07,09,3,中京,4,08,１勝ｸﾗｽ,23,ダ,1,1800,稍,タロントゥーズ    ,牡,3,永島まな,52.0,16,12,5,5,0,0.8,3,114.6,"1546",0,2,2,2,2,39.6,470,大久保龍,栗,80,20102932,01187,01058,0723340812,前田晋二,社台ファーム,ダイワメジャー,ダイワダッチェス,ワークフォース,鹿毛,200423,    4.1,  ,    ,44.7
23,04,23,1,福島,6,06,未勝利・若,7,ダ,1,1700,良,タロントゥーズ    ,牡,3,永島まな,52.0,14,08,1,1,0,-1.4,1,105.9,"1459",0,1,1,1,1,38,458,大久保龍,栗,550,20102932,01187,01058,0323160608,前田晋二,社台ファーム,ダイワメジャー,ダイワダッチェス,ワークフォース,鹿毛,200423,    1.7,  ,    ,47.5
23,02,18,2,小倉,3,01,未勝利,7,ダ,1,1700,稍,タロントゥーズ    ,牡,3,幸英明,56.0,16,14,2,2,0,1,3,106.9,"1469",0,2,2,2,2,37.8,462,大久保龍,栗,220,20102932,00732,01058,1023230114,前田晋二,社台ファーム,ダイワメジャー,ダイワダッチェス,ワークフォース,鹿毛,200423,    7.9,  ,    ,49.7
23,01,28,1,小倉,5,01,未勝利,7,ダ,1,1700,不,タロントゥーズ    ,牡,3,幸英明,56.0,12,04,4,4,0,0.4,2,105.4,"1454",0,4,4,4,3,37.8,464,大久保龍,栗,83,20102932,00732,01058,1023150104,前田晋二,社台ファーム,ダイワメジャー,ダイワダッチェス,ワークフォース,鹿毛,200423,    6.6,  ,    ,47.5
22,12,10,6,中京,3,04,未勝利*,7,芝,0,1600,良,タロントゥーズ    ,牡,2,藤岡佑介,55.0,16,03,12,12,0,1,2,97,"1370",0,0,5,4,5,35.5,458,大久保龍,栗,0,20102932,01093,01058,0722630403,前田晋二,社台ファーム,ダイワメジャー,ダイワダッチェス,ワークフォース,鹿毛,200423,    5.3,  ,    ,53.9
22,10,23,4,阪神,7,02,未勝利*,7,芝,8,1600,良,タロントゥーズ    ,牡,2,川田将雅,55.0,11,09,3,3,0,0.1,3,94.1,"1341",0,0,0,5,6,34.6,460,大久保龍,栗,130,20102932,01088,01058,0922470209,前田晋二,社台ファーム,ダイワメジャー,ダイワダッチェス,ワークフォース,鹿毛,200423,    7.1,  ,    ,53.2
22,07,16,3,小倉,5,06,新馬,15,芝,0,1200,良,タロントゥーズ    ,牡,2,川田将雅,54.0,8,07,4,4,0,1.3,1,70.1,"1101",0,0,0,2,3,35.6,450,大久保龍,栗,110,20102932,01088,01058,1022350607,前田晋二,社台ファーム,ダイワメジャー,ダイワダッチェス,ワークフォース,鹿毛,200423,    1.9,  ,    ,46.9
24,06,16,4,京都,6,09,皆生特別･2勝,43,芝,8,1600,良,メタルスピード    ,牡,4,松山弘平,58.0,9,05,4,4,0,0.2,5,93.2,"1332",0,0,0,2,2,34.3,520,斎藤誠,美,230,20101772,01126,01086,0824460905,"Him Rock Racingホールディングス",タバタファーム,シルバーステート,マイビビアーヌ,Shamardal,黒鹿,200328,   24.9,  ,    ,53.0
24,04,13,2,阪神,7,09,明石特別･2勝,43,芝,8,1800,良,メタルスピード    ,牡,4,松山弘平,58.0,11,02,6,6,0,0.4,5,106,"1460",0,0,0,2,2,34,510,斎藤誠,美,0,20101772,01126,01086,0924270902,"Him Rock Racingホールディングス",タバタファーム,シルバーステート,マイビビアーヌ,Shamardal,黒鹿,200328,   10.6,  ,    ,55.9
24,03,17,2,中山,8,08,２勝ｸﾗｽ,43,芝,8,1600,良,メタルスピード    ,牡,4,津村明秀,58.0,8,01,6,6,0,0.9,3,94.3,"1343",0,0,8,8,8,34.4,518,斎藤誠,美,0,20101772,01092,01086,0624280801,"Him Rock Racingホールディングス",タバタファーム,シルバーステート,マイビビアーヌ,Shamardal,黒鹿,200328,    7.1,  ,    ,54.5
24,03,03,2,中山,4,08,２勝ｸﾗｽ,43,芝,8,1600,良,メタルスピード    ,牡,4,横山和生,58.0,11,05,8,8,0,2.1,3,95.6,"1356",0,0,4,2,3,37.4,518,斎藤誠,美,0,20101772,01140,01086,0624240805,"Him Rock Racingホールディングス",タバタファーム,シルバーステート,マイビビアーヌ,Shamardal,黒鹿,200328,    6.4,  ,    ,43.4
23,12,10,5,中山,4,12,２勝ｸﾗｽ,43,芝,8,1600,良,メタルスピード    ,牡,3,菅原明良,57.0,11,04,2,2,0,0.2,1,93.2,"1332",0,0,3,4,4,35.1,520,斎藤誠,美,460,20101772,01179,01086,0623541204,"Him Rock Racingホールディングス",タバタファーム,シルバーステート,マイビビアーヌ,Shamardal,黒鹿,200328,    3.0,  ,    ,49.3
23,11,11,5,東京,3,12,２勝ｸﾗｽ,43,芝,0,1600,良,メタルスピード    ,牡,3,戸崎圭太,57.0,8,01,4,4,0,0.1,3,94.6,"1346",0,0,0,4,4,33.4,522,斎藤誠,美,170,20101772,05386,01086,0523531201,"Him Rock Racingホールディングス",タバタファーム,シルバーステート,マイビビアーヌ,Shamardal,黒鹿,200328,    7.8,  ,    ,59.9
23,10,29,2,京都,9,09,堀川特別･2勝,43,芝,8,1800,良,メタルスピード    ,牡,3,岩田望来,56.0,9,01,6,6,0,0.5,3,108.4,"1484",0,0,0,3,3,33.7,514,斎藤誠,美,0,20101772,01174,01086,0823290901,"Him Rock Racingホールディングス",タバタファーム,シルバーステート,マイビビアーヌ,Shamardal,黒鹿,200328,    4.8,  ,    ,60.8
23,10,15,4,東京,5,12,鷹巣山Ｈ･2勝,43,芝,0,1600,重,メタルスピード    ,牡,3,津村明秀,56.0,14,01,10,10,0,0.6,1,93.8,"1338",0,0,0,3,3,35.4,516,斎藤誠,美,0,20101772,01092,01086,0523451201,"Him Rock Racingホールディングス",タバタファーム,シルバーステート,マイビビアーヌ,Shamardal,黒鹿,200328,    3.7,  ,    ,49.0
23,09,10,4,中山,2,09,白井特別･2勝,43,芝,0,1800,良,メタルスピード    ,牡,3,津村明秀,55.0,10,01,3,3,0,0.4,1,107.5,"1475",0,3,3,3,3,34,514,斎藤誠,美,390,20101772,01092,01086,0623420901,"Him Rock Racingホールディングス",タバタファーム,シルバーステート,マイビビアーヌ,Shamardal,黒鹿,200328,    1.6,  ,    ,58.1
23,05,28,2,東京,12,11,東京優駿G1,195,芝,0,2400,良,メタルスピード    ,牡,3,津村明秀,57.0,18,08,12,12,0,0.8,13,146,"2260",0,4,4,4,4,34.3,506,斎藤誠,美,0,20101772,01092,01086,05232C1108,"Him Rock Racingホールディングス",タバタファーム,シルバーステート,マイビビアーヌ,Shamardal,黒鹿,200328,   89.7,  ,    ,58.6
23,04,16,3,中山,8,11,皐月賞G1,195,芝,0,2000,重,メタルスピード    ,牡,3,津村明秀,57.0,18,17,4,4,0,0.5,13,121.1,"2011",0,9,9,8,8,36.7,504,斎藤誠,美,3000,20101772,01092,01086,0623381117,"Him Rock Racingホールディングス",タバタファーム,シルバーステート,マイビビアーヌ,Shamardal,黒鹿,200328,  107.2,  ,    ,48.6
23,03,19,2,中山,8,11,スプリンG2,179,芝,0,1800,重,メタルスピード    ,牡,3,津村明秀,56.0,16,02,3,3,0,0.3,8,109.2,"1492",0,8,7,7,8,36.1,504,斎藤誠,美,1400,20101772,01092,01086,0623281102,"Him Rock Racingホールディングス",タバタファーム,シルバーステート,マイビビアーヌ,Shamardal,黒鹿,200328,   21.2,  ,    ,51.2
23,03,05,2,中山,4,06,１勝ｸﾗｽ*,23,芝,8,1600,良,メタルスピード    ,牡,3,戸崎圭太,56.0,9,06,1,1,0,-0.1,1,93.9,"1339",0,0,4,4,3,35.1,508,斎藤誠,美,780,20101772,05386,01086,0623240606,"Him Rock Racingホールディングス",タバタファーム,シルバーステート,マイビビアーヌ,Shamardal,黒鹿,200328,    2.3,  ,    ,50.5
23,01,05,1,中山,1,05,未勝利,7,芝,8,1600,良,メタルスピード    ,牡,3,戸崎圭太,56.0,16,01,1,1,0,0,4,94.1,"1341",0,0,6,5,3,35.3,510,斎藤誠,美,550,20101772,05386,01086,0623110501,"Him Rock Racingホールディングス",タバタファーム,シルバーステート,マイビビアーヌ,Shamardal,黒鹿,200328,    6.9,  ,    ,49.9
22,12,18,5,中山,6,07,未勝利*,7,芝,8,1600,稍,メタルスピード    ,牡,2,戸崎圭太,55.0,16,09,3,3,0,0.1,4,96.1,"1361",0,0,6,5,3,36.8,506,斎藤誠,美,130,20101772,05386,01086,0622560709,"Him Rock Racingホールディングス",タバタファーム,シルバーステート,マイビビアーヌ,Shamardal,黒鹿,200328,    7.1,  ,    ,46.7
22,10,09,4,東京,2,02,未勝利*,7,芝,0,1600,良,メタルスピード    ,牡,2,戸崎圭太,55.0,12,12,3,3,0,0.3,5,94.9,"1349",0,0,0,6,5,34.9,490,斎藤誠,美,130,20101772,05386,01086,0522420212,"Him Rock Racingホールディングス",タバタファーム,シルバーステート,マイビビアーヌ,Shamardal,黒鹿,200328,   15.7,  ,    ,53.2
22,09,19,4,中山,5,04,未勝利*,7,芝,0,1800,重,メタルスピード    ,牡,2,戸崎圭太,54.0,14,03,4,4,0,0.9,6,110,"1500",0,2,2,2,2,36.3,488,斎藤誠,美,78,20101772,05386,01086,0622450403,"Him Rock Racingホールディングス",タバタファーム,シルバーステート,マイビビアーヌ,Shamardal,黒鹿,200328,   21.2,  ,    ,51.5
22,08,27,3,新潟,5,05,新馬,15,芝,8,1800,良,メタルスピード    ,牡,2,戸崎圭太,54.0,13,13,4,4,0,1,2,111.2,"1512",0,0,0,4,4,34.5,476,斎藤誠,美,110,20101772,05386,01086,0422350513,"Him Rock Racingホールディングス",タバタファーム,シルバーステート,マイビビアーヌ,Shamardal,黒鹿,200328,    5.5,  ,    ,61.2
24,06,30,1,函館,8,10,立待岬特･2勝,43,芝,0,1200,良,ヴァンルーラー    ,牝,5,菱田裕二,56.0,16,11,14,14,0,1.3,15,70.1,"1101",0,0,0,15,15,34.3,464,河嶋宏樹,栗,0,19105141,01144,01198,0224181011,サイプレスホールディングス,ノーザンファーム,ルーラーシップ,カロンセギュール,"Forest Camp",鹿毛,190329,  191.0,  ,    ,54.4
24,06,09,1,函館,2,10,津軽海Ｈ･2勝,43,ダ,1,1700,良,ヴァンルーラー    ,牝,5,菱田裕二,52.0,14,04,11,11,0,3.9,11,107.1,"1471",0,8,8,7,10,40,458,河嶋宏樹,栗,0,19105141,01144,01198,0224121004,サイプレスホールディングス,ノーザンファーム,ルーラーシップ,カロンセギュール,"Forest Camp",鹿毛,190329,   53.8,  ,    ,41.5
24,04,14,2,阪神,8,09,三木特Ｈ･2勝,43,芝,0,1400,良,ヴァンルーラー    ,牝,5,田口貫太,52.0,17,10,15,15,0,2.2,14,81.7,"1217",0,0,0,12,14,35.5,462,河嶋宏樹,栗,0,19105141,01208,01198,0924280910,サイプレスホールディングス,ノーザンファーム,ルーラーシップ,カロンセギュール,"Forest Camp",鹿毛,190329,   46.6,  ,    ,47.6
24,03,17,1,阪神,8,09,山陽特別･2勝,43,芝,0,1400,稍,ヴァンルーラー    ,牝,5,浜中俊,56.0,11,07,7,7,0,1.2,8,82.3,"1223",0,0,0,6,6,35.7,466,河嶋宏樹,栗,0,19105141,01115,01198,0924180907,サイプレスホールディングス,ノーザンファーム,ルーラーシップ,カロンセギュール,"Forest Camp",鹿毛,190329,   34.1,  ,    ,47.9
24,02,03,2,京都,3,08,２勝ｸﾗｽ,43,芝,0,1200,良,ヴァンルーラー    ,牝,5,池添謙一,56.0,12,07,6,6,0,1,10,69.7,"1097",0,0,0,11,11,34.8,468,吉岡辰弥,栗,0,19105141,01032,01176,0824230807,サイプレスホールディングス,ノーザンファーム,ルーラーシップ,カロンセギュール,"Forest Camp",鹿毛,190329,   40.7,  ,    ,50.3
24,01,14,1,京都,5,12,２勝ｸﾗｽ・牝,43,芝,8,1400,良,ヴァンルーラー    ,牝,5,池添謙一,56.0,10,08,6,6,0,0.5,8,82,"1220",0,0,0,8,8,34.5,466,吉岡辰弥,栗,0,19105141,01032,01176,0824151208,サイプレスホールディングス,ノーザンファーム,ルーラーシップ,カロンセギュール,"Forest Camp",鹿毛,190329,   39.3,  ,    ,53.3
23,11,19,3,京都,6,07,２勝ｸﾗｽ・牝,43,ダ,1,1800,稍,ヴァンルーラー    ,牝,4,田口貫太,54.0,16,12,11,11,0,1.6,5,113.9,"1539",0,1,1,1,1,38.7,466,吉岡辰弥,栗,0,19105141,01208,01176,0823360712,サイプレスホールディングス,ノーザンファーム,ルーラーシップ,カロンセギュール,"Forest Camp",鹿毛,190329,   16.3,  ,    ,47.2
23,10,22,2,京都,7,07,２勝ｸﾗｽ・牝,43,ダ,1,1800,良,ヴァンルーラー    ,牝,4,田口貫太,54.0,16,07,3,3,0,0.3,14,112.8,"1528",0,2,2,2,1,37.4,462,吉岡辰弥,栗,290,19105141,01208,01176,0823270707,サイプレスホールディングス,ノーザンファーム,ルーラーシップ,カロンセギュール,"Forest Camp",鹿毛,190329,   67.1,  ,    ,50.8
23,09,24,4,阪神,7,09,夕月特別･2勝,43,芝,0,2000,良,ヴァンルーラー    ,牝,4,藤岡佑介,56.0,11,02,11,11,0,4.6,10,123.4,"2034",0,2,2,2,2,39.1,468,吉岡辰弥,栗,0,19105141,01093,01176,0923470902,サイプレスホールディングス,ノーザンファーム,ルーラーシップ,カロンセギュール,"Forest Camp",鹿毛,190329,   91.8,  ,    ,42.4
23,08,13,3,新潟,2,10,三面川特･2勝,43,芝,8,1800,良,ヴァンルーラー    ,牝,4,石橋脩,56.0,9,05,9,9,0,1.6,7,108.4,"1484",0,0,0,4,4,34.8,460,吉岡辰弥,栗,0,19105141,01077,01176,0423321005,サイプレスホールディングス,ノーザンファーム,ルーラーシップ,カロンセギュール,"Forest Camp",鹿毛,190329,   52.8,  ,    ,55.7
23,05,07,1,新潟,4,09,咲花特別･2勝,43,ダ,1,1800,不,ヴァンルーラー    ,牝,4,今村聖奈,56.0,15,04,10,10,0,2.3,8,113,"1530",0,15,15,14,13,38.2,454,吉岡辰弥,栗,0,19105141,01193,01176,0423140904,サイプレスホールディングス,ノーザンファーム,ルーラーシップ,カロンセギュール,"Forest Camp",鹿毛,190329,   18.3,  ,    ,47.9
23,02,26,1,阪神,6,08,２勝ｸﾗｽ・牝,43,ダ,1,1800,稍,ヴァンルーラー    ,牝,4,今村聖奈,52.0,16,10,10,10,0,0.7,6,114.9,"1549",0,16,16,16,15,36.8,456,吉岡辰弥,栗,0,19105141,01193,01176,0923160810,サイプレスホールディングス,ノーザンファーム,ルーラーシップ,カロンセギュール,"Forest Camp",鹿毛,190329,   12.4,  ,    ,56.1
23,02,12,2,小倉,2,10,太宰府特･2勝,43,芝,0,1800,稍,ヴァンルーラー    ,牝,4,北村友一,55.0,16,16,15,15,0,1,9,110.5,"1505",0,9,11,13,14,34.7,460,吉岡辰弥,栗,0,19105141,01102,01176,1023221016,サイプレスホールディングス,ノーザンファーム,ルーラーシップ,カロンセギュール,"Forest Camp",鹿毛,190329,   32.1,  ,    ,59.2
22,12,03,6,阪神,1,12,２勝ｸﾗｽ,43,芝,8,1800,良,ヴァンルーラー    ,牝,3,吉田隼人,54.0,9,05,6,6,0,1.1,4,106.6,"1466",0,0,0,2,2,35.4,452,吉岡辰弥,栗,0,19105141,01095,01176,0922611205,サイプレスホールディングス,ノーザンファーム,ルーラーシップ,カロンセギュール,"Forest Camp",鹿毛,190329,    7.6,  ,    ,50.6
22,11,20,5,阪神,6,10,再度山Ｈ･2勝,43,芝,8,1800,良,ヴァンルーラー    ,牝,3,坂井瑠星,52.0,11,07,6,6,0,0.5,4,108,"1480",0,0,0,2,2,34.2,450,吉岡辰弥,栗,0,19105141,01163,01176,0922561007,サイプレスホールディングス,ノーザンファーム,ルーラーシップ,カロンセギュール,"Forest Camp",鹿毛,190329,    6.7,  ,    ,57.9
22,10,08,4,阪神,1,09,瀬戸内海･2勝,43,芝,8,1600,良,ヴァンルーラー    ,牝,3,小沢大仁,53.0,13,05,5,5,0,0.9,5,93.4,"1334",0,0,0,6,5,34.3,452,吉岡辰弥,栗,151,19105141,01185,01176,0922410905,サイプレスホールディングス,ノーザンファーム,ルーラーシップ,カロンセギュール,"Forest Camp",鹿毛,190329,   13.8,  ,    ,53.4
22,09,18,5,中京,4,11,ローズＳG2,179,芝,0,2000,良,ヴァンルーラー    ,牝,3,小沢大仁,54.0,14,11,10,10,0,1.6,11,120.1,"2001",0,11,11,8,8,35.4,452,吉岡辰弥,栗,0,19105141,01185,01176,0722541111,サイプレスホールディングス,ノーザンファーム,ルーラーシップ,カロンセギュール,"Forest Camp",鹿毛,190329,   88.3,  ,    ,52.5
22,06,19,3,阪神,2,09,三木特別･2勝,43,芝,8,1800,良,ヴァンルーラー    ,牝,3,小沢大仁,52.0,11,03,2,2,0,0,2,106.4,"1464",0,0,0,3,3,34.9,442,吉岡辰弥,栗,600,19105141,01185,01176,0922320903,サイプレスホールディングス,ノーザンファーム,ルーラーシップ,カロンセギュール,"Forest Camp",鹿毛,190329,    5.3,  ,    ,52.4
22,04,24,2,東京,2,11,フローラG2,179,芝,0,2000,良,ヴァンルーラー    ,牝,3,藤岡佑介,54.0,15,15,9,9,0,0.9,12,121.3,"2013",0,0,10,8,8,34.4,440,吉岡辰弥,栗,0,19105141,01093,01176,0522221115,サイプレスホールディングス,ノーザンファーム,ルーラーシップ,カロンセギュール,"Forest Camp",鹿毛,190329,   66.5,  ,    ,58.3
22,03,26,2,阪神,1,09,君子蘭賞･1勝,23,芝,8,1800,稍,ヴァンルーラー    ,牝,3,藤岡佑介,54.0,7,07,1,1,0,-0.1,6,109.7,"1497",0,0,0,1,1,34.6,444,吉岡辰弥,栗,1030,19105141,01093,01176,0922210907,サイプレスホールディングス,ノーザンファーム,ルーラーシップ,カロンセギュール,"Forest Camp",鹿毛,190329,   14.0,  ,    ,58.5
22,01,29,1,中京,9,09,白梅賞･1勝*,23,芝,0,1600,良,ヴァンルーラー    ,牝,3,松田大作,54.0,11,07,9,9,0,0.7,8,96.7,"1367",0,0,6,6,7,34.7,448,吉岡辰弥,栗,0,19105141,01030,01176,0722190907,サイプレスホールディングス,ノーザンファーム,ルーラーシップ,カロンセギュール,"Forest Camp",鹿毛,190329,   36.5,  ,    ,57.2
22,01,10,1,中山,4,11,フェアリG3,163,芝,8,1600,良,ヴァンルーラー    ,牝,3,戸崎圭太,54.0,16,13,8,8,0,0.5,9,95.7,"1357",0,0,5,5,4,35.5,450,吉岡辰弥,栗,0,19105141,05386,01176,0622141113,サイプレスホールディングス,ノーザンファーム,ルーラーシップ,カロンセギュール,"Forest Camp",鹿毛,190329,   29.4,  ,    ,51.7
21,10,30,4,東京,7,11,アルテミG3,163,芝,0,1600,良,ヴァンルーラー    ,牝,2,田辺裕信,54.0,11,08,9,9,0,1.1,10,95.1,"1351",0,0,0,8,8,34.6,448,吉岡辰弥,栗,0,19105141,01075,01176,0521471108,サイプレスホールディングス,ノーザンファーム,ルーラーシップ,カロンセギュール,"Forest Camp",鹿毛,190329,   59.0,  ,    ,54.9
21,10,10,4,阪神,2,03,未勝利*,7,芝,8,1600,良,ヴァンルーラー    ,牝,2,戸崎圭太,54.0,8,03,1,1,0,-0.1,3,95.3,"1353",0,0,0,3,3,33.6,450,吉岡辰弥,栗,510,19105141,05386,01176,0921420303,サイプレスホールディングス,ノーザンファーム,ルーラーシップ,カロンセギュール,"Forest Camp",鹿毛,190329,    5.6,  ,    ,60.2
21,08,08,3,新潟,6,06,新馬,15,芝,8,1600,良,ヴァンルーラー    ,牝,2,西村淳也,54.0,15,10,3,3,0,0.9,10,96.9,"1369",0,0,0,11,10,33.5,438,吉岡辰弥,栗,180,19105141,01171,01176,0421360610,サイプレスホールディングス,ノーザンファーム,ルーラーシップ,カロンセギュール,"Forest Camp",鹿毛,190329,   67.5,  ,    ,63.6
24,06,16,1,函館,4,09,八雲特別･1勝,23,芝,0,1800,良,ジャスティンアース,牡,3,鮫島克駿,55.0,10,09,1,1,0,-0.1,1,108.1,"1481",0,8,8,5,4,34.5,472,杉山晴紀,栗,1110,21103282,01157,01157,0224140909,三木正浩,三嶋牧場,キズナ,ユーヴェットシー,Bodemeister,黒鹿,210208,    2.0,  ,    ,56.7
24,03,10,1,阪神,6,05,１勝ｸﾗｽ*,23,芝,8,1600,良,ジャスティンアース,牡,3,鮫島克駿,57.0,11,02,7,7,0,0.4,1,93.8,"1338",0,0,0,3,3,34.4,480,杉山晴紀,栗,0,21103282,01157,01157,0924160502,三木正浩,三嶋牧場,キズナ,ユーヴェットシー,Bodemeister,黒鹿,210208,    2.2,  ,    ,53.6
24,02,04,2,京都,4,11,きさらぎG3,163,芝,8,1800,良,ジャスティンアース,牡,3,松山弘平,57.0,12,09,5,5,0,0.2,3,107,"1470",0,0,0,4,3,34.4,480,杉山晴紀,栗,410,21103282,01126,01157,0824241109,三木正浩,三嶋牧場,キズナ,ユーヴェットシー,Bodemeister,黒鹿,210208,    6.1,  ,    ,55.5
23,11,25,3,京都,7,03,未勝利*,7,芝,8,1800,良,ジャスティンアース,牡,2,松山弘平,56.0,14,07,1,1,0,-0.3,2,108.4,"1484",0,0,0,2,2,34.5,480,杉山晴紀,栗,550,21103282,01126,01157,0823370307,三木正浩,三嶋牧場,キズナ,ユーヴェットシー,Bodemeister,黒鹿,210208,    3.4,  ,    ,57.1
23,10,09,2,京都,3,05,新馬,15,芝,0,2000,重,ジャスティンアース,牡,2,松山弘平,56.0,10,06,3,3,0,0.4,1,125.9,"2059",0,10,10,8,4,34.3,484,杉山晴紀,栗,180,21103282,01126,01157,0823230506,三木正浩,三嶋牧場,キズナ,ユーヴェットシー,Bodemeister,黒鹿,210208,    2.8,  ,    ,64.5
24,05,04,3,京都,5,12,２勝ｸﾗｽ,43,芝,8,1600,良,ナバロン          ,牡,5,高杉吏麒,55.0,10,01,6,6,0,0.9,9,93.6,"1336",0,0,0,1,1,36,500,杉山佳明,栗,0,19102456,01213,01178,0824351201,大島牧場,大島牧場,ブラックタイド,シシャモチャン,サクラバクシンオー,鹿毛,190425,   47.1,  ,    ,46.0
24,04,20,3,京都,1,12,２勝ｸﾗｽ,43,芝,8,1600,良,ナバロン          ,牡,5,秋山稔樹,57.0,10,06,4,4,0,0.9,10,93,"1330",0,0,0,3,3,35.5,502,杉山佳明,栗,170,19102456,01181,01178,0824311206,大島牧場,大島牧場,ブラックタイド,シシャモチャン,サクラバクシンオー,鹿毛,190425,  251.3,  ,    ,47.2
24,04,06,1,福島,1,10,花見山特･2勝,43,芝,0,1200,良,ナバロン          ,牡,5,鷲頭虎太,58.0,16,11,15,15,0,1.6,11,70.4,"1104",0,0,0,10,10,35.4,498,杉山佳明,栗,0,19102456,01202,01178,0324111011,大島牧場,大島牧場,ブラックタイド,シシャモチャン,サクラバクシンオー,鹿毛,190425,   52.6,  ,    ,48.9
24,03,03,2,小倉,8,10,西日本新･2勝,43,芝,0,1200,稍,ナバロン          ,牡,5,丸山元気,58.0,18,02,15,15,0,1.2,9,70.2,"1102",0,0,0,4,2,35.6,504,杉山佳明,栗,0,19102456,01127,01178,1024281002,大島牧場,大島牧場,ブラックタイド,シシャモチャン,サクラバクシンオー,鹿毛,190425,   27.3,  ,    ,47.2
23,12,23,5,中山,7,12,キャンド･2勝,43,芝,8,1200,良,ナバロン          ,牡,4,藤田菜七,58.0,16,12,11,11,0,0.6,10,69.3,"1093",0,0,0,7,7,34.5,500,杉山佳明,栗,0,19102456,01164,01178,0623571212,大島牧場,大島牧場,ブラックタイド,シシャモチャン,サクラバクシンオー,鹿毛,190425,   27.3,  ,    ,50.9
23,12,02,5,中山,1,12,２勝ｸﾗｽ,43,芝,8,1200,良,ナバロン          ,牡,4,藤田菜七,56.0,16,03,4,4,0,0.2,13,68,"1080",0,0,0,13,13,33.7,496,杉山佳明,栗,170,19102456,01164,01178,0623511203,大島牧場,大島牧場,ブラックタイド,シシャモチャン,サクラバクシンオー,鹿毛,190425,   65.4,  ,    ,51.8
23,11,11,3,京都,3,12,２勝ｸﾗｽ,43,芝,8,1400,稍,ナバロン          ,牡,4,今村聖奈,55.0,18,10,13,13,0,1.3,14,82.5,"1225",0,0,0,6,7,35.2,502,杉山佳明,栗,0,19102456,01193,01178,0823331210,大島牧場,大島牧場,ブラックタイド,シシャモチャン,サクラバクシンオー,鹿毛,190425,   84.0,  ,    ,50.8
23,09,02,2,札幌,7,09,知床特別･2勝,43,芝,0,1200,稍,ナバロン          ,牡,4,西村淳也,58.0,16,05,16,16,0,1.3,10,71.4,"1114",0,0,0,5,6,36.8,488,杉山佳明,栗,0,19102456,01171,01178,0123270905,大島牧場,大島牧場,ブラックタイド,シシャモチャン,サクラバクシンオー,鹿毛,190425,   23.2,  ,    ,44.0
23,07,08,2,函館,3,10,潮騒特別･2勝,43,芝,0,1200,良,ナバロン          ,牡,4,川又賢治,58.0,9,01,6,6,0,0.3,3,69,"1090",0,0,0,3,3,34.6,496,杉山佳明,栗,0,19102456,01166,01178,0223231001,大島牧場,大島牧場,ブラックタイド,シシャモチャン,サクラバクシンオー,鹿毛,190425,    5.1,  ,    ,49.4
23,07,02,2,函館,2,10,立待岬特･2勝,43,芝,0,1200,良,ナバロン          ,牡,4,石川倭,58.0,9,01,4,4,0,0.6,8,70.1,"1101",0,0,0,6,6,34.7,492,杉山佳明,栗,230,19102456,05534,01178,0223221001,大島牧場,大島牧場,ブラックタイド,シシャモチャン,サクラバクシンオー,鹿毛,190425,   26.2,  ,    ,52.0
23,06,03,3,阪神,1,10,小豆島特･2勝,43,芝,0,1200,良,ナバロン          ,牡,4,荻野極,58.0,15,13,12,12,0,1.2,8,68.5,"1085",0,0,0,9,11,34.1,494,杉山佳明,栗,0,19102456,01160,01178,0923311013,大島牧場,大島牧場,ブラックタイド,シシャモチャン,サクラバクシンオー,鹿毛,190425,   43.5,  ,    ,50.9
23,04,09,1,福島,2,08,１勝ｸﾗｽ,23,芝,0,1200,良,ナバロン          ,牡,4,荻野極,58.0,15,15,1,1,0,-0.5,1,69.8,"1098",0,0,0,6,4,35.1,490,杉山佳明,栗,800,19102456,01160,01178,0323120815,大島牧場,大島牧場,ブラックタイド,シシャモチャン,サクラバクシンオー,鹿毛,190425,    3.1,  ,    ,48.9
23,03,18,2,中京,3,08,１勝ｸﾗｽ,23,芝,0,1400,重,ナバロン          ,牡,4,荻野極,58.0,18,01,2,2,0,0.7,6,83.1,"1231",0,0,0,4,3,35.9,498,杉山佳明,栗,320,19102456,01160,01178,0723230801,大島牧場,大島牧場,ブラックタイド,シシャモチャン,サクラバクシンオー,鹿毛,190425,   12.9,  ,    ,48.6
23,01,22,1,小倉,4,09,八幡特別･1勝,23,芝,0,1200,良,ナバロン          ,牡,4,吉田隼人,58.0,12,09,4,4,0,0.4,2,69.2,"1092",0,0,0,4,4,35.5,494,杉山佳明,栗,170,19102456,01095,01178,1023140909,大島牧場,大島牧場,ブラックタイド,シシャモチャン,サクラバクシンオー,鹿毛,190425,    4.2,  ,    ,44.9
23,01,07,1,中京,2,12,１勝ｸﾗｽ,23,芝,0,1400,良,ナバロン          ,牡,4,荻野極,57.0,18,15,3,3,0,0.5,7,81.2,"1212",0,0,0,4,4,34.9,496,杉山佳明,栗,200,19102456,01160,01178,0723121215,大島牧場,大島牧場,ブラックタイド,シシャモチャン,サクラバクシンオー,鹿毛,190425,   27.8,  ,    ,49.5
22,12,04,6,中京,2,08,１勝ｸﾗｽ,23,芝,0,1400,良,ナバロン          ,牡,3,永島まな,52.0,18,04,10,10,0,1,7,81.4,"1214",0,0,0,2,2,36.1,490,杉山佳明,栗,0,19102456,01187,01178,0722620804,大島牧場,大島牧場,ブラックタイド,シシャモチャン,サクラバクシンオー,鹿毛,190425,   29.5,  ,    ,44.1
22,10,09,4,阪神,2,09,１勝ｸﾗｽ,23,芝,0,1400,良,ナバロン          ,牡,3,永島まな,51.0,15,02,7,7,0,0.7,6,81.3,"1213",0,0,0,1,1,36.5,486,杉山佳明,栗,0,19102456,01187,01178,0922420902,大島牧場,大島牧場,ブラックタイド,シシャモチャン,サクラバクシンオー,鹿毛,190425,   20.1,  ,    ,42.1
22,08,06,1,札幌,5,12,１勝ｸﾗｽ,23,芝,0,1500,良,ナバロン          ,牡,3,菱田裕二,54.0,14,11,7,7,0,0.6,5,89.9,"1299",0,0,2,2,2,35.6,482,杉山佳明,栗,0,19102456,01144,01178,0122151211,大島牧場,大島牧場,ブラックタイド,シシャモチャン,サクラバクシンオー,鹿毛,190425,   17.0,  ,    ,51.7
22,07,23,1,札幌,1,08,１勝ｸﾗｽ,23,芝,0,1200,稍,ナバロン          ,牡,3,菱田裕二,54.0,13,06,6,6,0,1,3,70.9,"1109",0,0,0,5,5,36.3,478,杉山佳明,栗,0,19102456,01144,01178,0122110806,大島牧場,大島牧場,ブラックタイド,シシャモチャン,サクラバクシンオー,鹿毛,190425,    8.6,  ,    ,45.3
22,07,09,1,函館,9,12,１勝ｸﾗｽ,23,芝,0,1200,良,ナバロン          ,牡,3,菱田裕二,54.0,14,14,9,9,0,0.8,6,70.2,"1102",0,0,0,3,3,35.6,480,杉山佳明,栗,0,19102456,01144,01178,0222191214,大島牧場,大島牧場,ブラックタイド,シシャモチャン,サクラバクシンオー,鹿毛,190425,   13.9,  ,    ,47.2
22,04,03,2,阪神,4,05,１勝ｸﾗｽ*,23,芝,8,1600,良,ナバロン          ,牡,3,菱田裕二,56.0,13,03,11,11,0,0.8,11,95.7,"1357",0,0,0,3,4,35.3,474,杉山佳明,栗,0,19102456,01144,01178,0922240503,大島牧場,大島牧場,ブラックタイド,シシャモチャン,サクラバクシンオー,鹿毛,190425,  162.1,  ,    ,52.7
22,03,19,2,中京,3,11,ファルコG3,163,芝,0,1400,稍,ナバロン          ,牡,3,川又賢治,56.0,18,11,14,14,0,1.9,18,82.8,"1228",0,0,0,13,13,37.3,474,杉山佳明,栗,0,19102456,01166,01178,0722231111,大島牧場,大島牧場,ブラックタイド,シシャモチャン,サクラバクシンオー,鹿毛,190425,  225.8,  ,    ,41.5
22,02,20,1,阪神,4,06,１勝ｸﾗｽ*,23,芝,0,1400,稍,ナバロン          ,牡,3,川又賢治,56.0,13,11,5,5,0,0.6,10,82.3,"1223",0,0,0,2,2,35.6,482,杉山佳明,栗,75,19102456,01166,01178,0922140611,大島牧場,大島牧場,ブラックタイド,シシャモチャン,サクラバクシンオー,鹿毛,190425,   81.7,  ,    ,48.4
21,12,05,6,阪神,2,09,さざんか･1勝,23,芝,0,1200,良,ナバロン          ,牡,2,藤岡佑介,55.0,8,01,6,6,0,0.6,7,70.4,"1104",0,0,0,3,4,34.7,480,杉山佳明,栗,0,19102456,01093,01178,0921620901,大島牧場,大島牧場,ブラックタイド,シシャモチャン,サクラバクシンオー,鹿毛,190425,   22.5,  ,    ,52.9
21,11,20,5,東京,5,11,東京スポG2,179,芝,0,1800,良,ナバロン          ,牡,2,Ｍ．デム,55.0,12,06,12,12,0,2.7,12,108.9,"1489",0,0,1,1,2,36.7,484,杉山佳明,栗,0,19102456,05212,01178,0521551106,大島牧場,大島牧場,ブラックタイド,シシャモチャン,サクラバクシンオー,鹿毛,190425,  107.4,  ,    ,48.4
21,09,05,2,札幌,8,02,未勝利*,7,芝,0,1500,稍,ナバロン          ,牡,2,菱田裕二,54.0,13,06,1,1,0,-0.2,5,92.4,"1324",0,0,1,1,1,36.1,478,杉山佳明,栗,510,19102456,01144,01178,0121280206,大島牧場,大島牧場,ブラックタイド,シシャモチャン,サクラバクシンオー,鹿毛,190425,   11.4,  ,    ,54.0
21,08,22,2,札幌,4,01,未勝利*,7,芝,0,1500,良,ナバロン          ,牡,2,菱田裕二,54.0,13,11,4,4,0,0.3,4,91.9,"1319",0,0,2,2,2,35.8,484,杉山佳明,栗,77,19102456,01144,01178,0121240111,大島牧場,大島牧場,ブラックタイド,シシャモチャン,サクラバクシンオー,鹿毛,190425,    9.9,  ,    ,54.5
21,06,26,1,札幌,5,01,未勝利*,7,芝,0,1200,良,ナバロン          ,牡,2,菱田裕二,54.0,14,02,3,3,0,0.6,3,69.6,"1096",0,0,0,3,3,35.5,474,杉山佳明,栗,130,19102456,01144,01178,0121150102,大島牧場,大島牧場,ブラックタイド,シシャモチャン,サクラバクシンオー,鹿毛,190425,   12.7,  ,    ,46.1
21,06,12,1,札幌,1,05,新馬,15,芝,0,1000,良,ナバロン          ,牡,2,菱田裕二,54.0,13,10,7,7,0,0.9,6,57.8,"0578",0,0,0,9,9,33.4,474,杉山佳明,栗,0,19102456,01144,01178,0121110510,大島牧場,大島牧場,ブラックタイド,シシャモチャン,サクラバクシンオー,鹿毛,190425,   28.6,  ,    ,59.6
24,06,23,1,函館,6,10,ＨＴＢＨ･2勝,43,芝,0,1200,良,ニシノレバンテ    ,牡,5,岩田康誠,56.0,13,03,8,8,0,0.5,6,69,"1090",0,0,0,9,11,34.3,490,栗田徹,美,0,19102938,05203,01127,0224161003,西山茂行,折手牧場,イスラボニータ,ワイキキブリーズ,フレンチデピュティ,鹿毛,190223,    8.9,  ,    ,51.2
24,06,15,1,函館,3,11,ＳＴＶ杯･2勝,43,芝,0,1200,良,ニシノレバンテ    ,牡,5,永野猛蔵,58.0,12,01,10,10,0,0.4,8,69.2,"1092",0,0,0,3,4,35.1,492,栗田徹,美,0,19102938,01188,01127,0224131101,西山茂行,折手牧場,イスラボニータ,ワイキキブリーズ,フレンチデピュティ,鹿毛,190223,   23.9,  ,    ,47.2
24,04,20,2,東京,1,12,２勝ｸﾗｽ,43,ダ,1,1400,良,ニシノレバンテ    ,牡,5,永野猛蔵,57.0,16,16,14,14,0,2.5,10,87,"1270",0,0,0,1,1,39.7,488,栗田徹,美,0,19102938,01188,01127,0524211216,西山茂行,折手牧場,イスラボニータ,ワイキキブリーズ,フレンチデピュティ,鹿毛,190223,   33.6,  ,    ,39.4
24,03,03,2,中山,4,08,２勝ｸﾗｽ,43,芝,8,1600,良,ニシノレバンテ    ,牡,5,杉原誠人,58.0,11,11,9,9,0,2.1,11,95.6,"1356",0,0,2,2,3,37.4,496,栗田徹,美,0,19102938,01135,01127,0624240811,西山茂行,折手牧場,イスラボニータ,ワイキキブリーズ,フレンチデピュティ,鹿毛,190223,  206.3,  ,    ,43.4
24,02,03,1,東京,3,10,テレビＨ･2勝,43,芝,0,1400,良,ニシノレバンテ    ,牡,5,杉原誠人,56.0,15,13,9,9,0,1,10,80.9,"1209",0,0,0,6,6,34.8,498,栗田徹,美,0,19102938,01135,01127,0524131013,西山茂行,折手牧場,イスラボニータ,ワイキキブリーズ,フレンチデピュティ,鹿毛,190223,   31.7,  ,    ,49.4
24,01,21,1,中山,7,12,２勝ｸﾗｽ,43,芝,8,1600,不,ニシノレバンテ    ,牡,5,杉原誠人,58.0,12,11,8,8,0,1.4,9,97.7,"1377",0,0,1,2,1,38.3,502,栗田徹,美,0,19102938,01135,01127,0624171211,西山茂行,折手牧場,イスラボニータ,ワイキキブリーズ,フレンチデピュティ,鹿毛,190223,   38.8,  ,    ,43.1
23,05,27,2,東京,11,10,葉山特別･2勝,43,芝,0,1600,良,ニシノレバンテ    ,牡,4,杉原誠人,58.0,14,09,10,10,0,1.7,4,93.3,"1333",0,0,0,1,1,36.1,490,栗田徹,美,0,19102938,01135,01127,05232B1009,西山茂行,折手牧場,イスラボニータ,ワイキキブリーズ,フレンチデピュティ,鹿毛,190223,    7.7,  ,    ,45.1
23,04,30,2,東京,4,08,２勝ｸﾗｽ,43,芝,0,1600,良,ニシノレバンテ    ,牡,4,杉原誠人,58.0,11,07,2,2,0,0.1,4,93.6,"1336",0,0,0,1,1,34.2,490,栗田徹,美,460,19102938,01135,01127,0523240807,西山茂行,折手牧場,イスラボニータ,ワイキキブリーズ,フレンチデピュティ,鹿毛,190223,    5.1,  ,    ,54.2
23,03,19,2,中山,8,08,２勝ｸﾗｽ,43,芝,8,1600,重,ニシノレバンテ    ,牡,4,大野拓弥,58.0,13,12,6,6,0,0.7,9,95.7,"1357",0,0,2,2,2,36.6,490,栗田徹,美,0,19102938,01096,01127,0623280812,西山茂行,折手牧場,イスラボニータ,ワイキキブリーズ,フレンチデピュティ,鹿毛,190223,   27.3,  ,    ,46.9
23,02,12,1,東京,6,08,２勝ｸﾗｽ,43,芝,0,1600,良,ニシノレバンテ    ,牡,4,杉原誠人,58.0,12,03,3,3,0,0.6,7,94.1,"1341",0,0,0,1,1,34.8,494,栗田徹,美,290,19102938,01135,01127,0523160803,西山茂行,折手牧場,イスラボニータ,ワイキキブリーズ,フレンチデピュティ,鹿毛,190223,   47.7,  ,    ,52.2
23,01,22,1,中山,8,12,２勝ｸﾗｽ,43,芝,8,1600,良,ニシノレバンテ    ,牡,4,杉原誠人,57.0,9,02,4,4,0,0.4,6,95.3,"1353",0,0,5,4,4,35.7,494,栗田徹,美,170,19102938,01135,01127,0623181202,西山茂行,折手牧場,イスラボニータ,ワイキキブリーズ,フレンチデピュティ,鹿毛,190223,   23.9,  ,    ,50.2
22,12,11,5,中山,4,12,２勝ｸﾗｽ,43,芝,8,1600,良,ニシノレバンテ    ,牡,3,野中悠太,56.0,15,01,8,8,0,0.9,9,94.9,"1349",0,0,11,9,9,35,490,栗田徹,美,0,19102938,01158,01127,0622541201,西山茂行,折手牧場,イスラボニータ,ワイキキブリーズ,フレンチデピュティ,鹿毛,190223,   47.4,  ,    ,52.7
22,11,12,3,福島,3,10,会津特別･2勝,43,芝,0,1200,良,ニシノレバンテ    ,牡,3,武藤雅,56.0,16,11,14,14,0,1.2,2,71.4,"1114",0,0,0,2,4,37.6,490,栗田徹,美,0,19102938,01169,01127,0322331011,西山茂行,折手牧場,イスラボニータ,ワイキキブリーズ,フレンチデピュティ,鹿毛,190223,    8.2,  ,    ,39.9
22,10,01,4,中山,8,12,２勝ｸﾗｽ,43,ダ,1,1200,良,ニシノレバンテ    ,牡,3,大野拓弥,55.0,16,05,16,16,0,1.9,7,72.6,"1126",0,0,0,8,10,38.6,492,栗田徹,美,0,19102938,01096,01127,0622481205,西山茂行,折手牧場,イスラボニータ,ワイキキブリーズ,フレンチデピュティ,鹿毛,190223,   15.1,  ,    ,38.1
22,08,07,1,札幌,6,10,ＨＢＣ賞･2勝,43,芝,0,1200,良,ニシノレバンテ    ,牡,3,松田大作,54.0,16,16,10,10,0,0.5,7,69.1,"1091",0,0,0,2,3,35.1,492,栗田徹,美,0,19102938,01030,01127,0122161016,西山茂行,折手牧場,イスラボニータ,ワイキキブリーズ,フレンチデピュティ,鹿毛,190223,   14.0,  ,    ,46.9
22,06,26,1,函館,6,10,ＨＴＢＨ･2勝,43,芝,0,1200,良,ニシノレバンテ    ,牡,3,石川裕紀,53.0,15,12,9,9,0,0.5,5,69.4,"1094",0,0,0,2,2,35.2,494,栗田徹,美,0,19102938,01150,01127,0222161012,西山茂行,折手牧場,イスラボニータ,ワイキキブリーズ,フレンチデピュティ,鹿毛,190223,    8.2,  ,    ,47.2
22,05,28,3,中京,7,11,葵ＳG3,163,芝,0,1200,良,ニシノレバンテ    ,牡,3,松田大作,56.0,17,14,9,9,0,0.8,16,69,"1090",0,0,0,11,12,34.8,492,栗田徹,美,0,19102938,01030,01127,0722371114,西山茂行,折手牧場,イスラボニータ,ワイキキブリーズ,フレンチデピュティ,鹿毛,190223,   48.2,  ,    ,48.3
22,03,19,2,中京,3,11,ファルコG3,163,芝,0,1400,稍,ニシノレバンテ    ,牡,3,内田博幸,56.0,18,12,12,12,0,1.5,14,82.4,"1224",0,0,0,2,3,37.7,484,栗田徹,美,0,19102938,00422,01127,0722231112,西山茂行,折手牧場,イスラボニータ,ワイキキブリーズ,フレンチデピュティ,鹿毛,190223,   72.0,  ,    ,38.9
21,12,11,5,中山,3,09,黒松賞･1勝*,23,芝,8,1200,良,ニシノレバンテ    ,牡,2,内田博幸,55.0,10,08,1,1,0,-0.3,2,68.5,"1085",0,0,0,1,1,34.6,482,栗田徹,美,1010,19102938,00422,01127,0621530908,西山茂行,折手牧場,イスラボニータ,ワイキキブリーズ,フレンチデピュティ,鹿毛,190223,    3.2,  ,    ,48.0
21,11,14,2,福島,4,10,福島２歳,131,芝,0,1200,良,ニシノレバンテ    ,牡,2,内田博幸,55.0,16,14,2,2,0,0.2,7,69.7,"1097",0,0,0,2,2,35.9,488,栗田徹,美,640,19102938,00422,01127,0321241014,西山茂行,折手牧場,イスラボニータ,ワイキキブリーズ,フレンチデピュティ,鹿毛,190223,   18.1,  ,    ,44.2
21,08,07,3,新潟,5,09,ダリア賞,131,芝,0,1400,良,ニシノレバンテ    ,牡,2,江田照男,54.0,8,05,5,5,0,1.2,4,83.2,"1232",0,0,0,5,4,34.4,480,栗田徹,美,160,19102938,00689,01127,0421350905,西山茂行,折手牧場,イスラボニータ,ワイキキブリーズ,フレンチデピュティ,鹿毛,190223,    6.9,  ,    ,56.4
21,07,04,1,福島,2,06,新馬,15,芝,0,1200,良,ニシノレバンテ    ,牡,2,江田照男,54.0,14,10,1,1,0,-0.1,1,70.5,"1105",0,0,0,1,1,35.5,488,栗田徹,美,700,19102938,00689,01127,0321120610,西山茂行,折手牧場,イスラボニータ,ワイキキブリーズ,フレンチデピュティ,鹿毛,190223,    2.8,  ,    ,48.6
24,07,07,1,函館,10,11,五稜郭Ｓ･3勝,67,芝,0,1800,稍,マイネルエンペラー,牡,4,横山武史,58.0,14,09,2,2,0,0.3,3,109.7,"1497",0,10,10,10,10,35.8,480,清水久詞,栗,740,20105786,01170,01110,02241A1109,サラブレッドクラブ・ラフィアン,ビッグレッドファーム,ゴールドシップ,マイネテレジア,ロージズインメイ,黒鹿,200313,    7.8,  ,    ,53.2
24,01,28,2,京都,2,10,八坂Ｓ･3勝,67,芝,8,2200,良,マイネルエンペラー,牡,4,坂井瑠星,57.0,12,03,4,4,0,0.4,8,133.1,"2131",0,3,3,3,8,36.1,470,清水久詞,栗,280,20105786,01163,01110,0824221003,サラブレッドクラブ・ラフィアン,ビッグレッドファーム,ゴールドシップ,マイネテレジア,ロージズインメイ,黒鹿,200313,   18.2,  ,    ,50.8
24,01,08,1,京都,3,10,寿Ｓ･3勝,67,芝,0,2000,良,マイネルエンペラー,牡,4,松山弘平,57.0,12,12,8,8,0,0.8,5,121.1,"2011",0,6,6,7,7,35.7,472,清水久詞,栗,0,20105786,01126,01110,0824131012,サラブレッドクラブ・ラフィアン,ビッグレッドファーム,ゴールドシップ,マイネテレジア,ロージズインメイ,黒鹿,200313,    9.0,  ,    ,52.5
23,12,17,4,中京,6,12,尾張特別･2勝,43,芝,0,2200,良,マイネルエンペラー,牡,3,松岡正海,56.0,9,05,1,1,0,0,3,135.1,"2151",0,4,4,4,4,34.1,472,清水久詞,栗,1550,20105786,01085,01110,0723461205,サラブレッドクラブ・ラフィアン,ビッグレッドファーム,ゴールドシップ,マイネテレジア,ロージズインメイ,黒鹿,200313,    3.7,  ,    ,61.1
23,11,26,3,京都,8,05,１勝ｸﾗｽ,23,芝,0,2000,良,マイネルエンペラー,牡,3,横山武史,56.0,14,03,1,1,0,-0.1,1,120.9,"2009",0,5,5,4,4,34.5,472,清水久詞,栗,800,20105786,01170,01110,0823380503,サラブレッドクラブ・ラフィアン,ビッグレッドファーム,ゴールドシップ,マイネテレジア,ロージズインメイ,黒鹿,200313,    2.9,  ,    ,57.3
23,11,04,3,京都,1,07,１勝ｸﾗｽ,23,芝,8,2200,良,マイネルエンペラー,牡,3,吉田隼人,56.0,11,08,4,4,0,0.4,2,132.5,"2125",0,5,5,5,7,34.2,468,清水久詞,栗,120,20105786,01095,01110,0823310708,サラブレッドクラブ・ラフィアン,ビッグレッドファーム,ゴールドシップ,マイネテレジア,ロージズインメイ,黒鹿,200313,    4.0,  ,    ,57.8
23,10,14,2,京都,4,06,１勝ｸﾗｽ,23,芝,8,2400,良,マイネルエンペラー,牡,3,岩田望来,55.0,10,02,2,2,0,0.4,2,145.2,"2252",0,4,4,4,4,33.9,464,清水久詞,栗,320,20105786,01174,01110,0823240602,サラブレッドクラブ・ラフィアン,ビッグレッドファーム,ゴールドシップ,マイネテレジア,ロージズインメイ,黒鹿,200313,    3.2,  ,    ,59.4
23,04,29,2,東京,3,11,青葉賞G2,179,芝,0,2400,良,マイネルエンペラー,牡,3,和田竜二,56.0,15,01,7,7,0,1.1,10,145,"2250",0,6,6,7,7,35.4,460,清水久詞,栗,0,20105786,01018,01110,0523231101,サラブレッドクラブ・ラフィアン,ビッグレッドファーム,ゴールドシップ,マイネテレジア,ロージズインメイ,黒鹿,200313,   66.9,  ,    ,53.2
23,03,18,1,阪神,11,11,若葉Ｓ(L),115,芝,0,2000,稍,マイネルエンペラー,牡,3,和田竜二,56.0,8,01,5,5,0,0.3,3,123,"2030",0,3,3,2,4,34.3,454,清水久詞,栗,200,20105786,01018,01110,09231B1101,サラブレッドクラブ・ラフィアン,ビッグレッドファーム,ゴールドシップ,マイネテレジア,ロージズインメイ,黒鹿,200313,    8.4,  ,    ,60.8
23,01,14,1,中京,5,06,１勝ｸﾗｽ*,23,芝,0,2200,重,マイネルエンペラー,牡,3,和田竜二,56.0,6,01,2,2,0,0.3,4,137,"2170",0,3,4,4,5,35.3,456,清水久詞,栗,310,20105786,01018,01110,0723150601,サラブレッドクラブ・ラフィアン,ビッグレッドファーム,ゴールドシップ,マイネテレジア,ロージズインメイ,黒鹿,200313,    5.1,  ,    ,58.0
22,12,10,6,阪神,3,09,エリカ賞･1勝,23,芝,0,2000,良,マイネルエンペラー,牡,2,泉谷楓真,55.0,13,09,4,4,0,0.4,4,121.1,"2011",0,5,5,5,5,35.5,462,清水久詞,栗,150,20105786,01182,01110,0922630909,サラブレッドクラブ・ラフィアン,ビッグレッドファーム,ゴールドシップ,マイネテレジア,ロージズインメイ,黒鹿,200313,    6.4,  ,    ,53.3
22,10,29,4,阪神,8,05,新馬,15,芝,0,2000,良,マイネルエンペラー,牡,2,和田竜二,55.0,11,08,1,1,0,-0.3,2,121.9,"2019",0,8,8,8,8,34,454,清水久詞,栗,700,20105786,01018,01110,0922480508,サラブレッドクラブ・ラフィアン,ビッグレッドファーム,ゴールドシップ,マイネテレジア,ロージズインメイ,黒鹿,200313,    4.7,  ,    ,60.8
24,05,12,1,新潟,6,11,弥彦Ｓ･3勝,67,芝,8,1800,良,ルージュアルル    ,牝,5,永島まな,56.0,16,01,16,16,0,2,14,109.5,"1495",0,0,0,14,14,34.9,486,国枝栄,美,0,19105659,01187,00399,0424161101,東京ホースレーシング,レイクヴィラファーム,ハーツクライ,レッドエルザ,"Smart Strike",栗毛,190214,   62.7,  ,    ,56.9
24,04,07,2,阪神,6,10,ダイワＨ･3勝,67,芝,0,2000,良,ルージュアルル    ,牝,5,坂井瑠星,53.0,16,06,8,8,0,0.7,14,119.5,"1595",0,6,6,6,6,34.6,478,国枝栄,美,0,19105659,01163,00399,0924261006,東京ホースレーシング,レイクヴィラファーム,ハーツクライ,レッドエルザ,"Smart Strike",栗毛,190214,   44.6,  ,    ,55.2
24,02,11,1,東京,6,09,初音Ｓ･3勝,67,芝,0,1800,良,ルージュアルル    ,牝,5,坂井瑠星,56.0,13,12,9,9,0,1.5,3,107,"1470",0,0,5,5,5,33.9,484,国枝栄,美,0,19105659,01163,00399,0524160912,東京ホースレーシング,レイクヴィラファーム,ハーツクライ,レッドエルザ,"Smart Strike",栗毛,190214,    8.3,  ,    ,57.8
23,12,10,5,中山,4,09,チバテレ･2勝,43,芝,0,2000,良,ルージュアルル    ,牝,4,佐々木大,56.0,13,07,1,1,0,-0.1,7,119.2,"1592",0,10,10,10,10,34.8,480,国枝栄,美,1550,19105659,01197,00399,0623540907,東京ホースレーシング,レイクヴィラファーム,ハーツクライ,レッドエルザ,"Smart Strike",栗毛,190214,   17.4,  ,    ,53.9
23,09,03,2,札幌,8,10,釧路湿原･2勝,43,芝,0,2000,良,ルージュアルル    ,牝,4,佐々木大,56.0,12,10,11,11,0,2,2,124.5,"2045",0,2,3,3,5,38.4,480,国枝栄,美,0,19105659,01197,00399,0123281010,東京ホースレーシング,レイクヴィラファーム,ハーツクライ,レッドエルザ,"Smart Strike",栗毛,190214,    4.1,  ,    ,46.1
23,08,13,2,札幌,2,10,藻岩山特･2勝,43,芝,0,2000,良,ルージュアルル    ,牝,4,佐々木大,56.0,9,04,3,3,0,0.2,4,122.3,"2023",0,2,2,3,2,34.4,484,国枝栄,美,390,19105659,01197,00399,0123221004,東京ホースレーシング,レイクヴィラファーム,ハーツクライ,レッドエルザ,"Smart Strike",栗毛,190214,    8.7,  ,    ,59.5
23,05,13,1,新潟,5,07,１勝ｸﾗｽ・若,23,芝,8,1800,良,ルージュアルル    ,牝,4,佐々木大,53.0,10,02,1,1,0,-0.1,1,107.7,"1477",0,0,0,4,3,34,468,国枝栄,美,800,19105659,01197,00399,0423150702,東京ホースレーシング,レイクヴィラファーム,ハーツクライ,レッドエルザ,"Smart Strike",栗毛,190214,    1.8,  ,    ,58.4
23,04,15,1,福島,3,10,桑折特別･1勝,23,芝,0,2000,稍,ルージュアルル    ,牝,4,佐々木大,56.0,15,03,3,3,0,0.1,2,123.2,"2032",0,1,1,1,1,36.5,474,国枝栄,美,280,19105659,01197,00399,0323131003,東京ホースレーシング,レイクヴィラファーム,ハーツクライ,レッドエルザ,"Smart Strike",栗毛,190214,    4.6,  ,    ,51.8
23,03,12,2,中京,2,07,１勝ｸﾗｽ・牝,23,芝,0,2000,良,ルージュアルル    ,牝,4,岩田望来,56.0,10,06,7,7,0,1.7,2,122.6,"2026",0,4,6,5,5,36.3,486,国枝栄,美,0,19105659,01174,00399,0723220706,東京ホースレーシング,レイクヴィラファーム,ハーツクライ,レッドエルザ,"Smart Strike",栗毛,190214,    4.6,  ,    ,51.9
22,06,12,3,東京,4,04,未勝利・牝,7,芝,0,1800,稍,ルージュアルル    ,牝,3,川田将雅,54.0,18,01,1,1,0,-0.2,1,108,"1480",0,0,4,4,5,34.2,450,国枝栄,美,520,19105659,01088,00399,0522340401,東京ホースレーシング,レイクヴィラファーム,ハーツクライ,レッドエルザ,"Smart Strike",栗毛,190214,    1.8,  ,    ,57.9
22,05,14,2,東京,7,04,未勝利・牝,7,芝,0,1800,稍,ルージュアルル    ,牝,3,池添謙一,54.0,13,11,2,2,0,0,2,106.2,"1462",0,0,4,5,3,35,452,国枝栄,美,210,19105659,01032,00399,0522270411,東京ホースレーシング,レイクヴィラファーム,ハーツクライ,レッドエルザ,"Smart Strike",栗毛,190214,    4.0,  ,    ,51.7
22,02,20,2,小倉,4,02,未勝利・牝,7,芝,0,2000,重,ルージュアルル    ,牝,3,津村明秀,54.0,15,10,5,5,0,1.6,4,124.5,"2045",0,12,11,10,9,37.4,446,国枝栄,美,52,19105659,01092,00399,1022240210,東京ホースレーシング,レイクヴィラファーム,ハーツクライ,レッドエルザ,"Smart Strike",栗毛,190214,   10.8,  ,    ,49.8
22,01,29,1,小倉,5,02,未勝利・牝,7,芝,0,2000,良,ルージュアルル    ,牝,3,小沢大仁,52.0,12,09,4,4,0,0.3,5,122.6,"2026",0,2,2,1,1,36,446,国枝栄,美,78,19105659,01185,00399,1022150209,東京ホースレーシング,レイクヴィラファーム,ハーツクライ,レッドエルザ,"Smart Strike",栗毛,190214,   11.7,  ,    ,53.1
21,12,26,5,中山,8,04,未勝利*,7,芝,0,2000,良,ルージュアルル    ,牝,2,池添謙一,54.0,18,17,7,7,0,1,9,123.6,"2036",0,13,13,5,4,36.2,454,国枝栄,美,0,19105659,01032,00399,0621580417,東京ホースレーシング,レイクヴィラファーム,ハーツクライ,レッドエルザ,"Smart Strike",栗毛,190214,   40.8,  ,    ,53.5
21,10,10,4,東京,2,05,新馬,15,芝,0,2000,良,ルージュアルル    ,牝,2,横山武史,54.0,12,11,5,5,0,0.8,4,125.2,"2052",0,0,6,7,6,34.5,448,国枝栄,美,70,19105659,01170,00399,0521420511,東京ホースレーシング,レイクヴィラファーム,ハーツクライ,レッドエルザ,"Smart Strike",栗毛,190214,   12.2,  ,    ,62.7
24,06,15,4,京都,5,10,保津峡Ｓ･3勝,67,芝,8,2200,良,シルキーヴォイス  ,牡,6,酒井学,58.0,15,10,9,9,0,0.9,15,131.7,"2117",0,5,5,6,4,34.7,494,池江泰寿,栗,0,18100537,01034,01071,0824451010,金子真人ホールディングス,シンボリ牧場,キングカメハメハ,スイートサルサ,デュランダル,栗毛,180412,  300.6,  ,    ,54.8
24,05,05,3,京都,6,09,烏丸ＳＨ･3勝,67,芝,8,2400,良,シルキーヴォイス  ,牡,6,酒井学,52.0,11,03,10,10,0,1.4,10,144,"2240",0,6,5,6,7,35.6,494,池江泰寿,栗,0,18100537,01034,01071,0824360903,金子真人ホールディングス,シンボリ牧場,キングカメハメハ,スイートサルサ,デュランダル,栗毛,180412,   80.8,  ,    ,51.5
24,04,14,3,中山,8,10,ドゥラＨ･3勝,67,芝,0,2500,良,シルキーヴォイス  ,牡,6,石川裕紀,53.0,14,13,12,12,0,1.3,14,152.7,"2327",0,14,14,13,14,34.4,486,池江泰寿,栗,0,18100537,01150,01071,0624381013,金子真人ホールディングス,シンボリ牧場,キングカメハメハ,スイートサルサ,デュランダル,栗毛,180412,  137.8,  ,    ,58.6
24,01,20,1,中山,6,11,初富士Ｈ･3勝,67,芝,0,2000,良,シルキーヴォイス  ,牡,6,キング,54.0,11,06,8,8,0,0.8,10,120,"2000",0,1,1,1,1,36.2,478,池江泰寿,栗,0,18100537,05643,01071,0624161106,金子真人ホールディングス,シンボリ牧場,キングカメハメハ,スイートサルサ,デュランダル,栗毛,180412,   53.0,  ,    ,49.2
23,12,23,5,中山,7,11,グレイＨ･3勝,67,芝,0,2500,良,シルキーヴォイス  ,牡,5,丸山元気,54.0,16,05,10,10,0,1.1,10,153.1,"2331",0,4,4,4,4,35.7,478,池江泰寿,栗,0,18100537,01127,01071,0623571105,金子真人ホールディングス,シンボリ牧場,キングカメハメハ,スイートサルサ,デュランダル,栗毛,180412,   74.7,  ,    ,53.8
23,12,10,5,阪神,4,09,オリオン･3勝,67,芝,0,2200,良,シルキーヴォイス  ,牡,5,坂井瑠星,58.0,11,02,7,7,0,0.4,11,133.1,"2131",0,3,3,3,3,34.8,488,池江泰寿,栗,0,18100537,01163,01071,0923540902,金子真人ホールディングス,シンボリ牧場,キングカメハメハ,スイートサルサ,デュランダル,栗毛,180412,  175.4,  ,    ,55.9
23,05,13,2,東京,7,10,緑風Ｓ･3勝,67,芝,0,2400,良,シルキーヴォイス  ,牡,5,横山和生,58.0,17,07,12,12,0,1.6,16,147.1,"2271",0,8,8,8,9,34.8,478,池江泰寿,栗,0,18100537,01140,01071,0523271007,金子真人ホールディングス,シンボリ牧場,キングカメハメハ,スイートサルサ,デュランダル,栗毛,180412,  297.5,  ,    ,57.6
23,04,16,3,中山,8,12,サンシＨ･3勝,67,芝,0,2500,重,シルキーヴォイス  ,牡,5,岩田望来,55.0,14,03,13,13,0,3,10,159.2,"2392",0,4,3,7,4,39.3,480,池江泰寿,栗,0,18100537,01174,01071,0623381203,金子真人ホールディングス,シンボリ牧場,キングカメハメハ,スイートサルサ,デュランダル,栗毛,180412,   44.1,  ,    ,46.3
23,02,04,1,東京,3,11,早春ＳＨ･3勝,67,芝,0,2400,良,シルキーヴォイス  ,牡,5,横山和生,55.0,12,05,9,9,0,1,8,146.4,"2264",0,8,9,10,10,34.3,480,池江泰寿,栗,0,18100537,01140,01071,0523131105,金子真人ホールディングス,シンボリ牧場,キングカメハメハ,スイートサルサ,デュランダル,栗毛,180412,   30.2,  ,    ,58.9
23,01,09,1,中山,4,10,迎春Ｓ･3勝,67,芝,8,2200,良,シルキーヴォイス  ,牡,5,松山弘平,58.0,12,03,11,11,0,0.9,8,135.7,"2157",0,4,3,3,2,35.9,478,池江泰寿,栗,0,18100537,01126,01071,0623141003,金子真人ホールディングス,シンボリ牧場,キングカメハメハ,スイートサルサ,デュランダル,栗毛,180412,   24.1,  ,    ,54.2
22,12,11,6,阪神,4,09,オリオン･3勝,67,芝,0,2200,良,シルキーヴォイス  ,牡,4,岩田望来,57.0,12,03,8,8,0,1.1,7,134.2,"2142",0,6,6,7,10,35.9,478,池江泰寿,栗,0,18100537,01174,01071,0922640903,金子真人ホールディングス,シンボリ牧場,キングカメハメハ,スイートサルサ,デュランダル,栗毛,180412,   17.2,  ,    ,52.7
22,07,02,3,小倉,1,10,彦島特別･2勝,43,芝,0,2600,良,シルキーヴォイス  ,牡,4,川田将雅,57.0,10,01,1,1,0,-0.1,1,156.4,"2364",0,9,9,9,6,35.6,484,池江泰寿,栗,1510,18100537,01088,01071,1022311001,金子真人ホールディングス,シンボリ牧場,キングカメハメハ,スイートサルサ,デュランダル,栗毛,180412,    2.2,  ,    ,51.8
22,04,16,2,阪神,7,07,１勝ｸﾗｽ,23,芝,8,2400,良,シルキーヴォイス  ,牡,4,川田将雅,57.0,11,09,1,1,0,0,1,151.4,"2314",0,2,2,2,4,34.2,486,池江泰寿,栗,770,18100537,01088,01071,0922270709,金子真人ホールディングス,シンボリ牧場,キングカメハメハ,スイートサルサ,デュランダル,栗毛,180412,    1.7,  ,    ,64.2
22,03,20,1,阪神,12,07,１勝ｸﾗｽ,23,芝,8,2400,稍,シルキーヴォイス  ,牡,4,川田将雅,56.0,7,03,2,2,0,0.1,2,150.2,"2302",0,3,3,3,3,34.3,482,池江泰寿,栗,310,18100537,01088,01071,09221C0703,金子真人ホールディングス,シンボリ牧場,キングカメハメハ,スイートサルサ,デュランダル,栗毛,180412,    2.8,  ,    ,62.6
22,02,27,2,小倉,6,10,稲佐山特･1勝,23,芝,0,2600,良,シルキーヴォイス  ,牡,4,泉谷楓真,56.0,12,10,3,3,0,0.2,3,159.1,"2391",0,2,2,2,1,36.5,480,池江泰寿,栗,270,18100537,01182,01071,1022261010,金子真人ホールディングス,シンボリ牧場,キングカメハメハ,スイートサルサ,デュランダル,栗毛,180412,    5.9,  ,    ,50.8
22,02,12,2,小倉,1,08,１勝ｸﾗｽ,23,芝,0,2600,良,シルキーヴォイス  ,牡,4,泉谷楓真,55.0,11,01,7,7,0,1.1,3,159.7,"2397",0,9,9,8,9,36,480,池江泰寿,栗,0,18100537,01182,01071,1022210801,金子真人ホールディングス,シンボリ牧場,キングカメハメハ,スイートサルサ,デュランダル,栗毛,180412,    5.5,  ,    ,53.1
21,07,17,1,函館,5,09,１勝ｸﾗｽ,23,芝,0,2600,良,シルキーヴォイス  ,牡,3,泉谷楓真,53.0,16,16,10,10,0,0.9,2,162.5,"2425",0,15,15,15,11,37.3,476,池江泰寿,栗,0,18100537,01182,01071,0221150916,金子真人ホールディングス,シンボリ牧場,キングカメハメハ,スイートサルサ,デュランダル,栗毛,180412,    6.9,  ,    ,50.7
21,06,27,1,札幌,6,07,１勝ｸﾗｽ,23,芝,0,2600,良,シルキーヴォイス  ,牡,3,泉谷楓真,51.0,14,06,2,2,0,0.1,7,159.7,"2397",0,11,10,11,6,35.5,484,池江泰寿,栗,300,18100537,01182,01071,0121160706,金子真人ホールディングス,シンボリ牧場,キングカメハメハ,スイートサルサ,デュランダル,栗毛,180412,   21.4,  ,    ,55.0
21,06,12,1,札幌,1,04,未勝利,7,芝,0,2000,良,シルキーヴォイス  ,牡,3,泉谷楓真,54.0,15,03,1,1,0,0,10,121.4,"2014",0,4,3,4,4,34.9,480,池江泰寿,栗,510,18100537,01182,01071,0121110403,金子真人ホールディングス,シンボリ牧場,キングカメハメハ,スイートサルサ,デュランダル,栗毛,180412,   35.8,  ,    ,56.2
21,04,17,2,阪神,7,05,未勝利,7,芝,0,2200,重,シルキーヴォイス  ,牡,3,荻野極,56.0,18,12,16,16,0,2.1,12,138.3,"2183",0,11,12,13,14,38,470,池江泰寿,栗,0,18100537,01160,01071,0921270512,金子真人ホールディングス,シンボリ牧場,キングカメハメハ,スイートサルサ,デュランダル,栗毛,180412,   80.3,  ,    ,49.0
20,12,27,6,阪神,8,04,未勝利*,7,芝,0,2000,良,シルキーヴォイス  ,牡,2,団野大成,54.0,16,10,16,16,0,5.8,4,127.2,"2072",0,8,8,9,15,40.2,466,池江泰寿,栗,0,18100537,01180,01071,0920680410,金子真人ホールディングス,シンボリ牧場,キングカメハメハ,スイートサルサ,デュランダル,栗毛,180412,   10.7,  ,    ,42.8
20,12,06,6,阪神,2,05,新馬,15,芝,0,2000,良,シルキーヴォイス  ,牡,2,団野大成,54.0,9,06,4,4,0,0.6,3,123.5,"2035",0,6,5,7,7,34.9,466,池江泰寿,栗,110,18100537,01180,01071,0920620506,金子真人ホールディングス,シンボリ牧場,キングカメハメハ,スイートサルサ,デュランダル,栗毛,180412,    6.2,  ,    ,58.8
24,05,12,3,京都,8,10,錦ＳＨ･3勝,67,芝,8,1600,良,カネフラ          ,牡,4,小沢大仁,55.0,14,08,6,6,0,0.2,13,92,"1320",0,0,0,9,9,33.9,448,高橋康之,栗,0,20103082,01185,01135,0824381008,社台レースホース,社台ファーム,グランデッツァ,ラカ,キングカメハメハ,鹿毛,200501,   59.6,  ,    ,52.8
24,04,07,2,阪神,6,10,ダイワＨ･3勝,67,芝,0,2000,良,カネフラ          ,牡,4,横山武史,55.0,16,03,16,16,0,1.6,5,120.4,"2004",0,11,13,14,15,34.9,444,高橋康之,栗,0,20103082,01170,01135,0924261003,社台レースホース,社台ファーム,グランデッツァ,ラカ,キングカメハメハ,鹿毛,200501,   11.0,  ,    ,55.0
24,02,10,2,京都,5,10,飛鳥Ｓ･3勝,67,芝,0,2000,良,カネフラ          ,牡,4,永島まな,57.0,12,06,6,6,0,0.8,6,121.4,"2014",0,6,6,5,4,34.3,456,高橋康之,栗,0,20103082,01187,01135,0824251006,社台レースホース,社台ファーム,グランデッツァ,ラカ,キングカメハメハ,鹿毛,200501,   15.2,  ,    ,58.8
23,12,28,5,阪神,9,10,フォーチ･2勝,43,芝,0,2000,良,カネフラ          ,牡,3,永島まな,57.0,11,11,1,1,0,0,7,120,"2000",0,7,7,7,9,34.4,458,高橋康之,栗,1550,20103082,01187,01135,0923591011,社台レースホース,社台ファーム,グランデッツァ,ラカ,キングカメハメハ,鹿毛,200501,   17.1,  ,    ,56.6
23,06,18,3,阪神,6,08,１勝ｸﾗｽ,23,芝,0,2000,良,カネフラ          ,牡,3,永島まな,52.0,10,03,1,1,0,-0.3,3,120,"2000",0,5,5,5,4,34.1,450,高橋康之,栗,800,20103082,01187,01135,0923360803,社台レースホース,社台ファーム,グランデッツァ,ラカ,キングカメハメハ,鹿毛,200501,    4.0,  ,    ,58.0
23,05,13,1,京都,7,09,あずさ賞･1勝,23,芝,0,2000,良,カネフラ          ,牡,3,坂井瑠星,56.0,12,02,4,4,0,0.2,7,120.1,"2001",0,3,4,4,4,33.6,450,高橋康之,栗,160,20103082,01163,01135,0823170902,社台レースホース,社台ファーム,グランデッツァ,ラカ,キングカメハメハ,鹿毛,200501,   14.1,  ,    ,60.3
23,04,16,2,阪神,8,06,１勝ｸﾗｽ*,23,芝,0,2000,稍,カネフラ          ,牡,3,藤岡康太,56.0,12,06,2,2,0,0.2,8,121.2,"2012",0,6,6,5,5,34.9,448,高橋康之,栗,310,20103082,01116,01135,0923280606,社台レースホース,社台ファーム,グランデッツァ,ラカ,キングカメハメハ,鹿毛,200501,   16.8,  ,    ,56.0
23,02,12,2,小倉,2,09,あすなろ･1勝,23,芝,0,2000,稍,カネフラ          ,牡,3,斎藤新,56.0,14,03,8,8,0,0.9,10,121.7,"2017",0,7,6,10,11,35.8,448,高橋康之,栗,0,20103082,01178,01135,1023220903,社台レースホース,社台ファーム,グランデッツァ,ラカ,キングカメハメハ,鹿毛,200501,   16.1,  ,    ,52.8
22,12,18,6,中京,6,04,未勝利*,7,芝,0,2000,良,カネフラ          ,牡,2,斎藤新,55.0,18,08,1,1,0,0,4,122.9,"2029",0,5,5,6,5,36.2,466,高橋康之,栗,520,20103082,01178,01135,0722660408,社台レースホース,社台ファーム,グランデッツァ,ラカ,キングカメハメハ,鹿毛,200501,    7.3,  ,    ,52.6
22,11,05,5,阪神,1,04,未勝利*,7,芝,8,1800,良,カネフラ          ,牡,2,鮫島克駿,55.0,8,06,3,3,0,0.3,3,108.2,"1482",0,0,0,5,5,33.9,460,高橋康之,栗,130,20103082,01157,01135,0922510406,社台レースホース,社台ファーム,グランデッツァ,ラカ,キングカメハメハ,鹿毛,200501,    5.6,  ,    ,59.6
22,10,15,4,阪神,4,05,新馬,15,芝,8,1600,良,カネフラ          ,牡,2,鮫島克駿,55.0,10,07,3,3,0,0.5,4,95.5,"1355",0,0,0,5,6,33.6,460,高橋康之,栗,180,20103082,01157,01135,0922440507,社台レースホース,社台ファーム,グランデッツァ,ラカ,キングカメハメハ,鹿毛,200501,    8.0,  ,    ,60.5
24,07,07,1,函館,10,11,五稜郭Ｓ･3勝,67,芝,0,1800,稍,フェアエールング  ,牝,4,角田大河,56.0,14,01,10,10,0,1,7,110.4,"1504",0,3,3,4,4,37.3,458,和田正一,美,0,20105795,01199,01114,02241A1101,サラブレッドクラブ・ラフィアン,ビッグレッドファーム,ゴールドシップ,マイネポリーヌ,スペシャルウィーク,芦毛,200318,   17.6,  ,    ,48.0
24,03,03,2,小倉,8,11,関門橋Ｓ･3勝,67,芝,0,2000,稍,フェアエールング  ,牝,4,幸英明,56.0,14,13,8,8,0,1,8,122.7,"2027",0,3,3,2,4,36.2,448,和田正一,美,0,20105795,00732,01114,1024281113,サラブレッドクラブ・ラフィアン,ビッグレッドファーム,ゴールドシップ,マイネポリーヌ,スペシャルウィーク,芦毛,200318,   25.7,  ,    ,52.4
24,02,11,1,東京,6,09,初音Ｓ･3勝,67,芝,0,1800,良,フェアエールング  ,牝,4,津村明秀,55.0,13,03,6,6,0,1.3,8,106.8,"1468",0,0,5,5,5,33.8,454,和田正一,美,0,20105795,01092,01114,0524160903,サラブレッドクラブ・ラフィアン,ビッグレッドファーム,ゴールドシップ,マイネポリーヌ,スペシャルウィーク,芦毛,200318,   36.1,  ,    ,58.0
24,01,20,1,中山,6,11,初富士Ｈ･3勝,67,芝,0,2000,良,フェアエールング  ,牝,4,津村明秀,53.0,11,05,6,6,0,0.6,5,119.8,"1598",0,4,4,4,4,35.5,456,和田正一,美,0,20105795,01092,01114,0624161105,サラブレッドクラブ・ラフィアン,ビッグレッドファーム,ゴールドシップ,マイネポリーヌ,スペシャルウィーク,芦毛,200318,   11.0,  ,    ,51.8
23,10,22,4,新潟,4,11,新潟牝馬(L),115,芝,0,2200,稍,フェアエールング  ,牝,3,丹内祐次,52.0,13,09,8,8,0,0.7,3,135.5,"2155",0,6,5,5,6,35.8,442,和田正一,美,0,20105795,01091,01114,0423441109,サラブレッドクラブ・ラフィアン,ビッグレッドファーム,ゴールドシップ,マイネポリーヌ,スペシャルウィーク,芦毛,200318,    5.3,  ,    ,54.4
23,09,03,2,札幌,8,10,釧路湿原･2勝,43,芝,0,2000,良,フェアエールング  ,牝,3,丹内祐次,53.0,12,03,1,1,0,-0.1,1,122.5,"2025",0,4,4,3,2,36.4,444,和田正一,美,1550,20105795,01091,01114,0123281003,サラブレッドクラブ・ラフィアン,ビッグレッドファーム,ゴールドシップ,マイネポリーヌ,スペシャルウィーク,芦毛,200318,    3.0,  ,    ,51.4
23,08,05,1,札幌,5,09,利尻特別･1勝,23,芝,0,2000,稍,フェアエールング  ,牝,3,丹内祐次,53.0,9,03,1,1,0,-0.4,2,121.9,"2019",0,4,4,4,2,35.5,440,和田正一,美,1110,20105795,01091,01114,0123150903,サラブレッドクラブ・ラフィアン,ビッグレッドファーム,ゴールドシップ,マイネポリーヌ,スペシャルウィーク,芦毛,200318,    3.9,  ,    ,54.3
23,07,23,1,札幌,2,08,１勝ｸﾗｽ,23,芝,0,2000,良,フェアエールング  ,牝,3,丹内祐次,53.0,11,03,2,2,0,0,3,119.8,"1598",0,4,4,3,2,34.3,434,和田正一,美,320,20105795,01091,01114,0123120803,サラブレッドクラブ・ラフィアン,ビッグレッドファーム,ゴールドシップ,マイネポリーヌ,スペシャルウィーク,芦毛,200318,   11.0,  ,    ,56.8
23,03,26,3,中山,2,09,ミモザ賞･1勝,23,芝,0,2000,不,フェアエールング  ,牝,3,柴田大知,54.0,11,05,7,7,0,1.3,9,128.2,"2082",0,5,5,3,4,40.9,436,和田正一,美,0,20105795,01009,01114,0623320905,サラブレッドクラブ・ラフィアン,ビッグレッドファーム,ゴールドシップ,マイネポリーヌ,スペシャルウィーク,芦毛,200318,   18.1,  ,    ,41.5
23,02,25,2,中山,1,09,水仙賞･1勝*,23,芝,8,2200,良,フェアエールング  ,牝,3,柴田大知,54.0,8,08,6,6,0,1.2,6,135.4,"2154",0,5,6,5,6,35.7,434,和田正一,美,0,20105795,01009,01114,0623210908,サラブレッドクラブ・ラフィアン,ビッグレッドファーム,ゴールドシップ,マイネポリーヌ,スペシャルウィーク,芦毛,200318,   25.6,  ,    ,54.7
23,01,29,1,東京,2,09,セントポ･1勝,23,芝,0,1800,良,フェアエールング  ,牝,3,柴田大知,54.0,8,01,7,7,0,0.7,8,108.7,"1487",0,0,4,3,3,34.4,436,和田正一,美,0,20105795,01009,01114,0523120901,サラブレッドクラブ・ラフィアン,ビッグレッドファーム,ゴールドシップ,マイネポリーヌ,スペシャルウィーク,芦毛,200318,   77.1,  ,    ,58.0
22,10,01,4,中山,8,09,芙蓉Ｓ,131,芝,0,2000,良,フェアエールング  ,牝,2,丹内祐次,54.0,7,06,6,6,0,0.8,6,125.2,"2052",0,6,6,5,5,35.1,426,和田正一,美,0,20105795,01091,01114,0622480906,サラブレッドクラブ・ラフィアン,ビッグレッドファーム,ゴールドシップ,マイネポリーヌ,スペシャルウィーク,芦毛,200318,   14.5,  ,    ,60.0
22,09,03,2,札幌,7,11,札幌２歳G3,163,芝,0,1800,良,フェアエールング  ,牝,2,丹内祐次,54.0,14,09,13,13,0,2,5,112,"1520",0,1,1,1,2,38.3,432,和田正一,美,0,20105795,01091,01114,0122271109,サラブレッドクラブ・ラフィアン,ビッグレッドファーム,ゴールドシップ,マイネポリーヌ,スペシャルウィーク,芦毛,200318,    7.9,  ,    ,46.2
22,07,16,2,福島,5,05,新馬,15,芝,0,1800,重,フェアエールング  ,牝,2,柴田大知,54.0,13,07,1,1,0,-0.4,3,112.5,"1525",0,1,1,1,2,34.6,428,和田正一,美,700,20105795,01009,01114,0322250507,サラブレッドクラブ・ラフィアン,ビッグレッドファーム,ゴールドシップ,マイネポリーヌ,スペシャルウィーク,芦毛,200318,    5.9,  ,    ,62.6
24,07,07,1,函館,10,11,五稜郭Ｓ･3勝,67,芝,0,1800,稍,インスタキング    ,牡,4,野中悠太,58.0,14,03,14,14,0,1.7,5,111.1,"1511",0,1,1,1,1,38.3,522,蛯名正義,美,0,20104843,01158,01191,02241A1103,嶋田賢,前谷武志,エピファネイア,アガサ,マンハッタンカフェ,栗毛,200405,   11.1,  ,    ,45.0
24,02,24,2,中山,1,10,富里特別･2勝,43,芝,0,1800,稍,インスタキング    ,牡,4,キング,57.0,12,10,1,1,0,-0.3,5,108.3,"1483",0,2,1,1,1,35.6,518,蛯名正義,美,1550,20104843,05643,01191,0624211010,嶋田賢,前谷武志,エピファネイア,アガサ,マンハッタンカフェ,栗毛,200405,    8.5,  ,    ,52.1
23,11,26,5,東京,8,09,アーモＨ･2勝,43,芝,0,2000,良,インスタキング    ,牡,3,北村宏司,54.0,11,06,6,6,0,0.5,6,119.7,"1597",0,0,4,4,5,34.4,510,蛯名正義,美,0,20104843,01043,01191,0523580906,嶋田賢,前谷武志,エピファネイア,アガサ,マンハッタンカフェ,栗毛,200405,   12.9,  ,    ,56.3
23,10,28,4,東京,8,08,１勝ｸﾗｽ,23,芝,0,2000,良,インスタキング    ,牡,3,北村宏司,56.0,10,06,1,1,0,-0.2,2,119.7,"1597",0,0,3,3,3,34,504,蛯名正義,美,800,20104843,01043,01191,0523480806,嶋田賢,前谷武志,エピファネイア,アガサ,マンハッタンカフェ,栗毛,200405,    4.1,  ,    ,58.0
23,10,01,4,中山,9,07,１勝ｸﾗｽ,23,芝,8,2200,良,インスタキング    ,牡,3,北村宏司,55.0,15,01,3,3,0,0.1,5,136.1,"2161",0,5,4,5,4,34.9,504,蛯名正義,美,200,20104843,01043,01191,0623490701,嶋田賢,前谷武志,エピファネイア,アガサ,マンハッタンカフェ,栗毛,200405,    8.3,  ,    ,58.7
23,07,01,2,函館,1,08,１勝ｸﾗｽ,23,ダ,1,2400,重,インスタキング    ,牡,3,佐々木大,53.0,7,02,5,5,0,0.7,4,154.5,"2345",0,4,6,5,5,38.1,508,蛯名正義,美,80,20104843,01197,01191,0223210802,嶋田賢,前谷武志,エピファネイア,アガサ,マンハッタンカフェ,栗毛,200405,    7.2,  ,    ,51.8
23,06,17,1,函館,3,12,１勝ｸﾗｽ,23,ダ,1,1700,良,インスタキング    ,牡,3,武豊,55.0,14,09,8,8,0,2,5,107.2,"1472",0,10,11,5,6,38.5,510,蛯名正義,美,0,20104843,00666,01191,0223131209,嶋田賢,前谷武志,エピファネイア,アガサ,マンハッタンカフェ,栗毛,200405,   10.5,  ,    ,47.3
23,04,15,3,中山,7,09,山藤賞･1勝*,23,芝,0,2000,重,インスタキング    ,牡,3,横山武史,56.0,12,06,9,9,0,2,6,126.2,"2062",0,2,2,2,2,39.7,504,蛯名正義,美,0,20104843,01170,01191,0623370906,嶋田賢,前谷武志,エピファネイア,アガサ,マンハッタンカフェ,栗毛,200405,   12.2,  ,    ,43.4
23,02,25,2,中山,1,09,水仙賞･1勝*,23,芝,8,2200,良,インスタキング    ,牡,3,横山武史,56.0,8,04,4,4,0,0.5,5,134.7,"2147",0,1,1,1,2,35.8,498,蛯名正義,美,160,20104843,01170,01191,0623210904,嶋田賢,前谷武志,エピファネイア,アガサ,マンハッタンカフェ,栗毛,200405,    8.4,  ,    ,53.6
23,02,05,1,東京,4,09,ゆりかも･1勝,23,芝,0,2400,良,インスタキング    ,牡,3,武豊,56.0,10,04,7,7,0,1.1,7,145.9,"2259",0,5,5,5,5,35.4,500,蛯名正義,美,0,20104843,00666,01191,0523140904,嶋田賢,前谷武志,エピファネイア,アガサ,マンハッタンカフェ,栗毛,200405,   31.1,  ,    ,54.0
22,11,06,5,東京,2,09,百日草特･1勝,23,芝,0,2000,良,インスタキング    ,牡,2,武豊,55.0,9,04,5,5,0,0.8,6,120.5,"2005",0,0,6,8,7,34.2,492,蛯名正義,美,103,20104843,00666,01191,0522520904,嶋田賢,前谷武志,エピファネイア,アガサ,マンハッタンカフェ,栗毛,200405,   10.8,  ,    ,58.1
22,08,21,2,札幌,4,05,新馬,15,芝,0,2000,稍,インスタキング    ,牡,2,武豊,54.0,6,04,1,1,0,-0.1,4,126.3,"2063",0,3,3,3,2,37.4,492,蛯名正義,美,700,20104843,00666,01191,0122240504,嶋田賢,前谷武志,エピファネイア,アガサ,マンハッタンカフェ,栗毛,200405,    6.4,  ,    ,51.9
24,06,02,4,京都,2,10,下鴨Ｓ･3勝,67,芝,0,2000,良,ショウナンアデイブ,牡,5,池添謙一,58.0,13,09,2,2,0,0.1,3,119.5,"1595",0,12,12,11,11,34.2,516,高野友和,栗,740,19105239,01032,01117,0824421009,国本哲秀,ノーザンファーム,ディープインパクト,シーヴ,Mineshaft,青鹿,190201,    5.6,  ,    ,56.9
24,04,13,2,阪神,7,09,明石特別･2勝,43,芝,8,1800,良,ショウナンアデイブ,牡,5,池添謙一,58.0,11,08,1,1,0,0,3,105.6,"1456",0,0,0,4,4,33.2,512,高野友和,栗,1550,19105239,01032,01117,0924270908,国本哲秀,ノーザンファーム,ディープインパクト,シーヴ,Mineshaft,青鹿,190201,    4.4,  ,    ,59.0
24,02,11,2,京都,6,09,春日特別･2勝,43,芝,8,1800,良,ショウナンアデイブ,牡,5,池添謙一,58.0,9,02,3,3,0,0.2,5,108,"1480",0,0,0,3,4,33.9,518,高野友和,栗,390,19105239,01032,01117,0824260902,国本哲秀,ノーザンファーム,ディープインパクト,シーヴ,Mineshaft,青鹿,190201,    6.9,  ,    ,59.3
24,01,14,1,京都,5,09,逢坂山Ｈ･2勝,43,芝,8,1800,良,ショウナンアデイブ,牡,5,池添謙一,56.0,11,02,2,2,0,0.1,6,107.1,"1471",0,0,0,4,6,34.6,514,高野友和,栗,620,19105239,01032,01117,0824150902,国本哲秀,ノーザンファーム,ディープインパクト,シーヴ,Mineshaft,青鹿,190201,   13.6,  ,    ,54.8
23,12,10,4,中京,4,10,名古屋日･2勝,43,芝,0,2000,良,ショウナンアデイブ,牡,4,吉田隼人,58.0,12,09,3,3,0,0.3,5,119.3,"1593",0,4,3,3,3,34.7,510,高野友和,栗,390,19105239,01095,01117,0723441009,国本哲秀,ノーザンファーム,ディープインパクト,シーヴ,Mineshaft,青鹿,190201,    7.0,  ,    ,54.5
23,11,19,3,京都,6,10,近江特Ｈ･2勝,43,芝,0,2000,良,ショウナンアデイブ,牡,4,モレイラ,56.0,17,05,4,4,0,0.3,3,119.9,"1599",0,15,17,16,13,34,510,高野友和,栗,230,19105239,05509,01117,0823361005,国本哲秀,ノーザンファーム,ディープインパクト,シーヴ,Mineshaft,青鹿,190201,    4.7,  ,    ,58.3
23,10,29,2,京都,9,09,堀川特別･2勝,43,芝,8,1800,良,ショウナンアデイブ,牡,4,池添謙一,58.0,9,03,4,4,0,0.4,6,108.3,"1483",0,0,0,1,1,33.8,508,高野友和,栗,230,19105239,01032,01117,0823290903,国本哲秀,ノーザンファーム,ディープインパクト,シーヴ,Mineshaft,青鹿,190201,   15.9,  ,    ,60.2
23,10,08,2,京都,2,09,清滝特別･2勝,43,芝,8,2200,良,ショウナンアデイブ,牡,4,松山弘平,58.0,12,06,7,7,0,0.9,5,132.9,"2129",0,10,9,11,11,34.5,504,高野友和,栗,0,19105239,01126,01117,0823220906,国本哲秀,ノーザンファーム,ディープインパクト,シーヴ,Mineshaft,青鹿,190201,    7.5,  ,    ,57.0
23,08,27,2,札幌,6,12,WASJ第４･2勝,43,芝,0,1800,重,ショウナンアデイブ,牡,4,モリス,58.0,14,05,4,4,0,0.7,4,112.2,"1522",0,4,4,5,6,37.5,500,高野友和,栗,230,19105239,05641,01117,0123261205,国本哲秀,ノーザンファーム,ディープインパクト,シーヴ,Mineshaft,青鹿,190201,    6.3,  ,    ,49.6
23,02,19,1,阪神,4,12,２勝ｸﾗｽ,43,芝,8,1600,稍,ショウナンアデイブ,牡,4,松山弘平,58.0,11,08,2,2,0,0,3,94.6,"1346",0,0,0,9,10,35.1,500,高野友和,栗,460,19105239,01126,01117,0923141208,国本哲秀,ノーザンファーム,ディープインパクト,シーヴ,Mineshaft,青鹿,190201,    8.3,  ,    ,51.7
23,01,29,1,中京,10,12,２勝ｸﾗｽ,43,芝,0,1600,良,ショウナンアデイブ,牡,4,松山弘平,57.0,9,04,5,5,0,1.1,3,94,"1340",0,0,7,7,7,34.3,508,高野友和,栗,114,19105239,01126,01117,07231A1204,国本哲秀,ノーザンファーム,ディープインパクト,シーヴ,Mineshaft,青鹿,190201,    5.0,  ,    ,54.4
23,01,05,1,中京,1,12,２勝ｸﾗｽ,43,芝,0,1600,良,ショウナンアデイブ,牡,4,イーガン,57.0,12,08,4,4,0,0.4,4,94.5,"1345",0,0,9,11,9,34.1,506,高野友和,栗,170,19105239,05620,01117,0723111208,国本哲秀,ノーザンファーム,ディープインパクト,シーヴ,Mineshaft,青鹿,190201,    5.8,  ,    ,56.3
22,12,11,6,中京,4,12,１勝ｸﾗｽ,23,芝,0,1600,良,ショウナンアデイブ,牡,3,西村淳也,56.0,16,01,1,1,0,0,1,94.3,"1343",0,0,3,4,3,34.2,504,高野友和,栗,770,19105239,01171,01117,0722641201,国本哲秀,ノーザンファーム,ディープインパクト,シーヴ,Mineshaft,青鹿,190201,    1.9,  ,    ,55.4
22,12,03,6,中京,1,12,１勝ｸﾗｽ,23,芝,0,2000,良,ショウナンアデイブ,牡,3,西村淳也,56.0,16,14,5,5,0,0.6,2,121.7,"2017",0,4,4,3,2,36.3,508,高野友和,栗,77,19105239,01171,01117,0722611214,国本哲秀,ノーザンファーム,ディープインパクト,シーヴ,Mineshaft,青鹿,190201,    3.6,  ,    ,50.8
22,05,07,3,中京,1,11,京都新聞G2,179,芝,0,2200,良,ショウナンアデイブ,牡,3,池添謙一,56.0,12,08,8,8,0,1.5,9,131,"2110",0,8,8,10,10,36.5,486,高野友和,栗,0,19105239,01032,01117,0722311108,国本哲秀,ノーザンファーム,ディープインパクト,シーヴ,Mineshaft,青鹿,190201,   50.8,  ,    ,47.1
22,03,19,1,阪神,11,11,若葉Ｓ(L),115,芝,0,2000,稍,ショウナンアデイブ,牡,3,池添謙一,56.0,10,01,7,7,0,1,3,121.2,"2012",0,7,7,5,5,35.7,492,高野友和,栗,0,19105239,01032,01117,09221B1101,国本哲秀,ノーザンファーム,ディープインパクト,シーヴ,Mineshaft,青鹿,190201,    5.0,  ,    ,52.6
22,02,13,1,阪神,2,06,未勝利,7,芝,0,2000,良,ショウナンアデイブ,牡,3,池添謙一,56.0,10,06,1,1,0,-0.3,1,120.9,"2009",0,6,4,4,4,34.1,496,高野友和,栗,520,19105239,01032,01117,0922120606,国本哲秀,ノーザンファーム,ディープインパクト,シーヴ,Mineshaft,青鹿,190201,    2.0,  ,    ,59.1
22,01,16,1,中京,6,05,未勝利,7,芝,0,2000,良,ショウナンアデイブ,牡,3,池添謙一,56.0,11,10,2,2,0,0.1,2,122,"2020",0,2,2,2,2,34.9,498,高野友和,栗,210,19105239,01032,01117,0722160510,国本哲秀,ノーザンファーム,ディープインパクト,シーヴ,Mineshaft,青鹿,190201,    3.9,  ,    ,57.0
21,12,26,6,阪神,8,03,未勝利*,7,芝,0,2000,良,ショウナンアデイブ,牡,2,浜中俊,55.0,13,13,2,2,0,0.1,1,123.2,"2032",0,6,6,3,2,36.5,500,高野友和,栗,200,19105239,01115,01117,0921680313,国本哲秀,ノーザンファーム,ディープインパクト,シーヴ,Mineshaft,青鹿,190201,    1.6,  ,    ,51.8
21,10,31,4,阪神,8,03,未勝利*,7,芝,0,2000,良,ショウナンアデイブ,牡,2,浜中俊,55.0,12,08,2,2,0,0.4,1,122.4,"2024",0,4,6,7,5,35.1,492,高野友和,栗,200,19105239,01115,01117,0921480308,国本哲秀,ノーザンファーム,ディープインパクト,シーヴ,Mineshaft,青鹿,190201,    1.9,  ,    ,56.6
21,10,09,4,阪神,1,05,新馬,15,芝,0,2000,良,ショウナンアデイブ,牡,2,浜中俊,55.0,12,11,2,2,0,0.5,1,123.3,"2033",0,11,11,10,3,33.9,484,高野友和,栗,280,19105239,01115,01117,0921410511,国本哲秀,ノーザンファーム,ディープインパクト,シーヴ,Mineshaft,青鹿,190201,    2.3,  ,    ,63.0
24,04,27,2,東京,3,11,青葉賞G2,179,芝,0,2400,良,シュバルツクーゲル,牡,3,北村宏司,57.0,17,11,10,10,0,0.6,11,144.8,"2248",0,3,3,3,3,34.8,474,鹿戸雄一,美,0,21104882,01043,01097,0524231111,G1レーシング,社台コーポレーション白老ファーム,キズナ,ソベラニア,Monsun,黒鹿,210219,   32.6,  ,    ,55.4
24,03,03,2,中山,4,11,弥生賞G2,179,芝,0,2000,良,シュバルツクーゲル,牡,3,西村淳也,57.0,11,03,5,5,0,0.7,5,120.5,"2005",0,2,2,2,3,35.6,492,鹿戸雄一,美,540,21104882,01171,01097,0624241103,G1レーシング,社台コーポレーション白老ファーム,キズナ,ソベラニア,Monsun,黒鹿,210219,   17.4,  ,    ,52.2
23,11,18,5,東京,5,11,東京スポG2,179,芝,0,1800,良,シュバルツクーゲル,牡,2,西村淳也,56.0,10,01,2,2,0,0.3,8,106.8,"1468",0,0,2,2,2,35.6,474,鹿戸雄一,美,1500,21104882,01171,01097,0523551101,G1レーシング,社台コーポレーション白老ファーム,キズナ,ソベラニア,Monsun,黒鹿,210219,   38.8,  ,    ,50.0
23,09,24,4,中山,7,05,新馬,15,芝,0,2000,稍,シュバルツクーゲル,牡,2,西村淳也,55.0,8,07,1,1,0,-0.3,2,124,"2040",0,2,2,2,2,35,476,鹿戸雄一,美,720,21104882,01171,01097,0623470507,G1レーシング,社台コーポレーション白老ファーム,キズナ,ソベラニア,Monsun,黒鹿,210219,    4.5,  ,    ,59.0
24,07,07,1,函館,10,11,五稜郭Ｓ･3勝,67,芝,0,1800,稍,ホウオウスーペリア,牡,4,丹内祐次,58.0,14,10,5,5,0,0.5,2,109.9,"1499",0,14,12,10,10,35.9,482,吉岡辰弥,栗,184,20103928,01091,01176,02241A1110,小笹芳央,岡田スタツド,スクリーンヒーロー,ビーコンターン,Shamardal,鹿毛,200406,    4.1,  ,    ,53.1
24,04,07,3,中山,6,10,鹿野山特･2勝,43,芝,0,2000,重,ホウオウスーペリア,牡,4,戸崎圭太,58.0,15,05,1,1,0,-0.4,1,121.8,"2018",0,3,3,4,3,34.9,478,吉岡辰弥,栗,1550,20103928,05386,01176,0624361005,小笹芳央,岡田スタツド,スクリーンヒーロー,ビーコンターン,Shamardal,鹿毛,200406,    2.0,  ,    ,56.7
24,03,23,3,中山,1,08,２勝ｸﾗｽ,43,芝,0,1800,良,ホウオウスーペリア,牡,4,菅原明良,58.0,11,10,2,2,0,0.3,1,109.3,"1493",0,2,2,3,4,34.7,482,吉岡辰弥,栗,460,20103928,01179,01176,0624310810,小笹芳央,岡田スタツド,スクリーンヒーロー,ビーコンターン,Shamardal,鹿毛,200406,    3.0,  ,    ,57.5
24,02,03,1,小倉,7,11,別府特別･2勝,43,芝,0,1800,稍,ホウオウスーペリア,牡,4,吉田隼人,57.0,11,05,4,4,0,0.4,2,110.1,"1501",0,5,6,6,6,34.9,480,吉岡辰弥,栗,230,20103928,01095,01176,1024171105,小笹芳央,岡田スタツド,スクリーンヒーロー,ビーコンターン,Shamardal,鹿毛,200406,    2.9,  ,    ,57.7
24,01,14,1,小倉,2,09,玄海特別･2勝,43,芝,0,2000,良,ホウオウスーペリア,牡,4,吉田隼人,57.0,13,02,2,2,0,0,2,119.7,"1597",0,2,2,2,2,34.3,476,吉岡辰弥,栗,620,20103928,01095,01176,1024120902,小笹芳央,岡田スタツド,スクリーンヒーロー,ビーコンターン,Shamardal,鹿毛,200406,    3.2,  ,    ,56.7
23,11,11,3,福島,3,09,二本松特･1勝,23,芝,0,2000,良,ホウオウスーペリア,牡,3,吉田隼人,56.0,12,05,1,1,0,-0.7,1,121,"2010",0,3,3,4,3,36.2,466,吉岡辰弥,栗,1110,20103928,01095,01176,0323330905,小笹芳央,岡田スタツド,スクリーンヒーロー,ビーコンターン,Shamardal,鹿毛,200406,    1.4,  ,    ,50.4
23,10,21,4,新潟,3,09,岩船特別･1勝,23,芝,0,2200,重,ホウオウスーペリア,牡,3,吉田隼人,55.0,15,14,2,2,0,0.3,1,136,"2160",0,2,2,2,2,35.9,468,吉岡辰弥,栗,440,20103928,01095,01176,0423430914,小笹芳央,岡田スタツド,スクリーンヒーロー,ビーコンターン,Shamardal,鹿毛,200406,    3.0,  ,    ,54.6
23,08,06,2,新潟,4,07,１勝ｸﾗｽ,23,芝,0,2200,良,ホウオウスーペリア,牡,3,坂井瑠星,55.0,16,02,3,3,0,0.3,3,132,"2120",0,4,3,4,5,35.5,460,吉岡辰弥,栗,200,20103928,01163,01176,0423240702,小笹芳央,岡田スタツド,スクリーンヒーロー,ビーコンターン,Shamardal,鹿毛,200406,    5.8,  ,    ,51.9
23,07,09,2,福島,4,08,１勝ｸﾗｽ,23,芝,0,1800,良,ホウオウスーペリア,牡,3,団野大成,55.0,16,06,2,2,0,0.1,1,108.4,"1484",0,3,3,4,5,35.4,456,吉岡辰弥,栗,320,20103928,01180,01176,0323240806,小笹芳央,岡田スタツド,スクリーンヒーロー,ビーコンターン,Shamardal,鹿毛,200406,    2.9,  ,    ,53.1
23,04,08,1,福島,1,09,ひめさゆ･1勝,23,芝,0,2000,良,ホウオウスーペリア,牡,3,菱田裕二,56.0,11,07,3,3,0,0,4,121,"2010",0,5,6,7,7,35.9,456,吉岡辰弥,栗,270,20103928,01144,01176,0323110907,小笹芳央,岡田スタツド,スクリーンヒーロー,ビーコンターン,Shamardal,鹿毛,200406,    6.4,  ,    ,51.6
23,02,19,1,東京,8,06,１勝ｸﾗｽ*,23,芝,0,1600,良,ホウオウスーペリア,牡,3,坂井瑠星,56.0,12,09,5,5,0,0.9,8,93.8,"1338",0,0,0,2,2,35.3,456,吉岡辰弥,栗,78,20103928,01163,01176,0523180609,小笹芳央,岡田スタツド,スクリーンヒーロー,ビーコンターン,Shamardal,鹿毛,200406,   35.2,  ,    ,49.4
23,01,15,1,小倉,2,06,未勝利,7,芝,0,1800,稍,ホウオウスーペリア,牡,3,西村淳也,56.0,14,08,1,1,0,0,1,109.2,"1492",0,4,3,5,2,36.9,454,吉岡辰弥,栗,550,20103928,01171,01176,1023120608,小笹芳央,岡田スタツド,スクリーンヒーロー,ビーコンターン,Shamardal,鹿毛,200406,    3.5,  ,    ,48.0
22,10,23,4,阪神,7,05,新馬,15,芝,8,1800,良,ホウオウスーペリア,牡,2,坂井瑠星,55.0,11,04,5,5,0,0.6,9,108.9,"1489",0,0,0,1,1,34.8,448,吉岡辰弥,栗,70,20103928,01163,01176,0922470504,小笹芳央,岡田スタツド,スクリーンヒーロー,ビーコンターン,Shamardal,鹿毛,200406,   74.4,  ,    ,56.5
24,05,12,1,新潟,6,11,弥彦Ｓ･3勝,67,芝,8,1800,良,バールデュヴァン  ,牡,4,丸山元気,58.0,16,07,5,5,0,0.6,9,108.1,"1481",0,0,0,12,12,33.8,506,浜田多実,栗,184,20102888,01127,01138,0424161107,グリーンファーム,社台ファーム,ミッキーアイル,ジェラテリアバール,マンハッタンカフェ,鹿毛,200330,   27.0,  ,    ,59.9
24,04,07,2,阪神,6,10,ダイワＨ･3勝,67,芝,0,2000,良,バールデュヴァン  ,牡,4,角田大河,55.0,16,01,9,9,0,0.8,8,119.6,"1596",0,2,2,2,2,35.2,518,浜田多実,栗,0,20102888,01199,01138,0924261001,グリーンファーム,社台ファーム,ミッキーアイル,ジェラテリアバール,マンハッタンカフェ,鹿毛,200330,   21.9,  ,    ,52.8
24,01,08,1,京都,3,10,寿Ｓ･3勝,67,芝,0,2000,良,バールデュヴァン  ,牡,4,角田大河,57.0,12,01,6,6,0,0.5,9,120.8,"2008",0,1,1,1,1,36,530,浜田多実,栗,0,20102888,01199,01138,0824131001,グリーンファーム,社台ファーム,ミッキーアイル,ジェラテリアバール,マンハッタンカフェ,鹿毛,200330,   23.0,  ,    ,51.0
23,12,10,4,中京,4,10,名古屋日･2勝,43,芝,0,2000,良,バールデュヴァン  ,牡,3,角田大河,57.0,12,12,1,1,0,-0.1,7,119,"1590",0,1,1,1,1,34.7,522,浜田多実,栗,1550,20102888,01199,01138,0723441012,グリーンファーム,社台ファーム,ミッキーアイル,ジェラテリアバール,マンハッタンカフェ,鹿毛,200330,   16.6,  ,    ,54.1
23,09,24,4,阪神,7,11,神戸新聞G2,179,芝,8,2400,良,バールデュヴァン  ,牡,3,古川吉洋,56.0,13,05,12,12,0,1.5,13,145,"2250",0,11,11,12,10,34.2,504,浜田多実,栗,0,20102888,01015,01138,0923471105,グリーンファーム,社台ファーム,ミッキーアイル,ジェラテリアバール,マンハッタンカフェ,鹿毛,200330,  276.2,  ,    ,58.0
23,08,06,1,札幌,6,09,ＨＴＢ賞･2勝,43,芝,0,1800,重,バールデュヴァン  ,牡,3,古川吉洋,55.0,11,06,4,4,0,0.6,5,112.1,"1521",0,8,8,8,8,36.2,504,浜田多実,栗,230,20102888,01015,01138,0123160906,グリーンファーム,社台ファーム,ミッキーアイル,ジェラテリアバール,マンハッタンカフェ,鹿毛,200330,   12.0,  ,    ,54.8
23,07,16,2,函館,6,09,臥牛山特･1勝,23,芝,0,1800,稍,バールデュヴァン  ,牡,3,古川吉洋,55.0,14,09,1,1,0,-0.2,10,111,"1510",0,6,7,7,6,35.9,506,浜田多実,栗,1110,20102888,01015,01138,0223260909,グリーンファーム,社台ファーム,ミッキーアイル,ジェラテリアバール,マンハッタンカフェ,鹿毛,200330,   43.0,  ,    ,54.6
23,06,18,3,阪神,6,08,１勝ｸﾗｽ,23,芝,0,2000,良,バールデュヴァン  ,牡,3,西塚洸二,52.0,10,04,7,7,0,1,9,121,"2010",0,7,7,7,9,34.8,510,浜田多実,栗,0,20102888,01200,01138,0923360804,グリーンファーム,社台ファーム,ミッキーアイル,ジェラテリアバール,マンハッタンカフェ,鹿毛,200330,  113.7,  ,    ,56.2
23,06,10,3,阪神,3,07,１勝ｸﾗｽ,23,ダ,1,1400,稍,バールデュヴァン  ,牡,3,西塚洸二,52.0,16,01,14,14,0,1.3,15,85,"1250",0,0,0,14,13,37.2,510,浜田多実,栗,0,20102888,01200,01138,0923330701,グリーンファーム,社台ファーム,ミッキーアイル,ジェラテリアバール,マンハッタンカフェ,鹿毛,200330,  144.4,  ,    ,46.4
23,03,04,1,阪神,7,06,１勝ｸﾗｽ*,23,ダ,1,1800,良,バールデュヴァン  ,牡,3,鮫島克駿,56.0,10,04,10,10,0,1.8,8,116.3,"1563",0,3,3,3,3,39.8,516,浜田多実,栗,0,20102888,01157,01138,0923170604,グリーンファーム,社台ファーム,ミッキーアイル,ジェラテリアバール,マンハッタンカフェ,鹿毛,200330,   28.6,  ,    ,46.1
23,02,11,1,阪神,1,06,１勝ｸﾗｽ*,23,ダ,1,1400,良,バールデュヴァン  ,牡,3,福永祐一,56.0,10,03,6,6,0,1.7,2,86.4,"1264",0,0,0,7,7,38.1,516,浜田多実,栗,0,20102888,01014,01138,0923110603,グリーンファーム,社台ファーム,ミッキーアイル,ジェラテリアバール,マンハッタンカフェ,鹿毛,200330,    3.3,  ,    ,45.1
23,01,29,1,中京,10,03,未勝利,7,ダ,1,1400,良,バールデュヴァン  ,牡,3,岩田望来,56.0,15,06,1,1,0,-0.1,1,86.2,"1262",0,0,0,8,8,37.8,522,浜田多実,栗,550,20102888,01174,01138,07231A0306,グリーンファーム,社台ファーム,ミッキーアイル,ジェラテリアバール,マンハッタンカフェ,鹿毛,200330,    1.6,  ,    ,46.0
22,09,24,5,中京,6,02,未勝利*,7,ダ,1,1400,不,バールデュヴァン  ,牡,2,福永祐一,54.0,13,12,2,2,0,0,2,85,"1250",0,0,0,6,6,38,508,浜田多実,栗,210,20102888,01014,01138,0722560212,グリーンファーム,社台ファーム,ミッキーアイル,ジェラテリアバール,マンハッタンカフェ,鹿毛,200330,    4.0,  ,    ,42.8
22,09,04,4,小倉,8,02,未勝利*,7,芝,0,1200,良,バールデュヴァン  ,牡,2,西村淳也,54.0,13,07,3,3,0,0.9,8,68.8,"1088",0,0,0,11,8,34.7,504,浜田多実,栗,130,20102888,01171,01138,1022480207,グリーンファーム,社台ファーム,ミッキーアイル,ジェラテリアバール,マンハッタンカフェ,鹿毛,200330,   34.9,  ,    ,48.3
22,08,13,4,小倉,1,05,新馬,15,芝,0,1200,良,バールデュヴァン  ,牡,2,西村淳也,54.0,14,10,5,5,0,1.1,2,69.7,"1097",0,0,0,2,2,35.2,506,浜田多実,栗,70,20102888,01171,01138,1022410510,グリーンファーム,社台ファーム,ミッキーアイル,ジェラテリアバール,マンハッタンカフェ,鹿毛,200330,    4.2,  ,    ,48.0
24,07,07,1,函館,10,11,五稜郭Ｓ･3勝,67,芝,0,1800,稍,アスクドゥポルテ  ,牡,4,富田暁,58.0,14,14,4,4,0,0.5,13,109.9,"1499",0,7,7,6,4,36.5,480,河内洋,栗,280,20101025,01168,01072,02241A1114,廣崎利洋HD,"ASK STUD",ハービンジャー,ジャジャウマガール,ハーツクライ,鹿毛,200329,   45.2,  ,    ,50.5
24,04,27,2,東京,3,10,府中市市･3勝,67,芝,0,2000,良,アスクドゥポルテ  ,牡,4,田辺裕信,58.0,13,03,9,9,0,1,9,118.8,"1588",0,0,7,7,7,34.8,470,河内洋,栗,0,20101025,01075,01072,0524231003,廣崎利洋HD,"ASK STUD",ハービンジャー,ジャジャウマガール,ハーツクライ,鹿毛,200329,   48.7,  ,    ,53.4
24,04,07,2,阪神,6,10,ダイワＨ･3勝,67,芝,0,2000,良,アスクドゥポルテ  ,牡,4,岩田望来,55.0,16,04,5,5,0,0.6,10,119.4,"1594",0,3,3,4,5,34.7,470,河内洋,栗,184,20101025,01174,01072,0924261004,廣崎利洋HD,"ASK STUD",ハービンジャー,ジャジャウマガール,ハーツクライ,鹿毛,200329,   28.4,  ,    ,54.6
24,02,25,1,阪神,2,09,松籟ＳＨ･3勝,67,芝,0,3000,重,アスクドゥポルテ  ,牡,4,角田大河,55.0,12,03,9,9,0,2,4,189.3,"3093",0,5,5,4,2,39.2,472,河内洋,栗,0,20101025,01199,01072,0924120903,廣崎利洋HD,"ASK STUD",ハービンジャー,ジャジャウマガール,ハーツクライ,鹿毛,200329,   10.0,  ,    ,45.7
24,01,28,2,京都,2,10,八坂Ｓ･3勝,67,芝,8,2200,良,アスクドゥポルテ  ,牡,4,角田大河,57.0,12,05,5,5,0,0.5,10,133.2,"2132",0,9,9,8,5,36.1,474,河内洋,栗,184,20101025,01199,01072,0824221005,廣崎利洋HD,"ASK STUD",ハービンジャー,ジャジャウマガール,ハーツクライ,鹿毛,200329,   40.0,  ,    ,50.9
23,12,24,5,阪神,8,10,サンタク･3勝,67,芝,0,2000,良,アスクドゥポルテ  ,牡,3,幸英明,57.0,13,04,7,7,0,0.8,3,120.1,"2001",0,8,8,8,6,34.8,470,河内洋,栗,0,20101025,00732,01072,0923581004,廣崎利洋HD,"ASK STUD",ハービンジャー,ジャジャウマガール,ハーツクライ,鹿毛,200329,    5.6,  ,    ,55.0
23,11,12,3,京都,4,07,２勝ｸﾗｽ,43,芝,8,2200,良,アスクドゥポルテ  ,牡,3,岩田望来,56.0,11,06,1,1,0,-0.2,1,133.9,"2139",0,6,6,6,6,34.1,468,河内洋,栗,1140,20101025,01174,01072,0823340706,廣崎利洋HD,"ASK STUD",ハービンジャー,ジャジャウマガール,ハーツクライ,鹿毛,200329,    2.3,  ,    ,59.8
23,10,08,2,京都,2,09,清滝特別･2勝,43,芝,8,2200,良,アスクドゥポルテ  ,牡,3,岩田望来,55.0,12,05,2,2,0,0.1,1,132.1,"2121",0,5,7,6,4,34.1,462,河内洋,栗,620,20101025,01174,01072,0823220905,廣崎利洋HD,"ASK STUD",ハービンジャー,ジャジャウマガール,ハーツクライ,鹿毛,200329,    3.2,  ,    ,57.8
23,09,10,4,阪神,2,09,能勢特別･2勝,43,芝,0,2000,良,アスクドゥポルテ  ,牡,3,岩田望来,55.0,8,07,2,2,0,0,3,119.3,"1593",0,4,4,4,4,33.8,462,河内洋,栗,620,20101025,01174,01072,0923420907,廣崎利洋HD,"ASK STUD",ハービンジャー,ジャジャウマガール,ハーツクライ,鹿毛,200329,    3.4,  ,    ,58.4
23,08,20,3,小倉,4,08,１勝ｸﾗｽ,23,芝,0,2000,良,アスクドゥポルテ  ,牡,3,岩田望来,55.0,11,07,1,1,0,-0.1,2,119.7,"1597",0,8,8,7,8,35.6,478,河内洋,栗,800,20101025,01174,01072,1023340807,廣崎利洋HD,"ASK STUD",ハービンジャー,ジャジャウマガール,ハーツクライ,鹿毛,200329,    3.6,  ,    ,51.2
23,07,22,3,中京,7,09,香嵐渓特･1勝,23,芝,0,2000,良,アスクドゥポルテ  ,牡,3,岩田望来,55.0,12,08,4,4,0,0.1,4,122.4,"2024",0,8,8,5,5,35,462,河内洋,栗,170,20101025,01174,01072,0723370908,廣崎利洋HD,"ASK STUD",ハービンジャー,ジャジャウマガール,ハーツクライ,鹿毛,200329,    7.3,  ,    ,57.0
23,05,06,1,京都,5,11,京都新聞G2,179,芝,8,2200,良,アスクドゥポルテ  ,牡,3,岩田康誠,56.0,12,08,8,8,0,0.9,8,135,"2150",0,12,12,12,12,33.5,460,河内洋,栗,0,20101025,05203,01072,0823151108,廣崎利洋HD,"ASK STUD",ハービンジャー,ジャジャウマガール,ハーツクライ,鹿毛,200329,   22.7,  ,    ,63.6
23,04,16,2,阪神,8,06,１勝ｸﾗｽ*,23,芝,0,2000,稍,アスクドゥポルテ  ,牡,3,岩田康誠,56.0,12,04,3,3,0,0.2,2,121.2,"2012",0,8,7,8,9,34.6,460,河内洋,栗,200,20101025,05203,01072,0923280604,廣崎利洋HD,"ASK STUD",ハービンジャー,ジャジャウマガール,ハーツクライ,鹿毛,200329,    4.5,  ,    ,57.3
23,03,26,2,中京,6,04,未勝利,7,芝,0,2000,不,アスクドゥポルテ  ,牡,3,岩田康誠,56.0,18,02,1,1,0,-0.6,2,127.8,"2078",0,15,16,15,8,37.9,460,河内洋,栗,550,20101025,05203,01072,0723260402,廣崎利洋HD,"ASK STUD",ハービンジャー,ジャジャウマガール,ハーツクライ,鹿毛,200329,    3.4,  ,    ,51.7
23,02,25,1,阪神,5,04,未勝利,7,芝,0,2000,稍,アスクドゥポルテ  ,牡,3,岩田康誠,56.0,16,12,2,2,0,0.2,2,123.2,"2032",0,2,2,1,1,35.3,466,河内洋,栗,220,20101025,05203,01072,0923150412,廣崎利洋HD,"ASK STUD",ハービンジャー,ジャジャウマガール,ハーツクライ,鹿毛,200329,    4.8,  ,    ,56.7
23,01,09,1,中京,4,07,未勝利,7,芝,0,2000,良,アスクドゥポルテ  ,牡,3,岩田康誠,56.0,18,01,6,6,0,0.7,5,121.6,"2016",0,10,10,10,10,34.9,456,河内洋,栗,0,20101025,05203,01072,0723140701,廣崎利洋HD,"ASK STUD",ハービンジャー,ジャジャウマガール,ハーツクライ,鹿毛,200329,    7.7,  ,    ,56.5
22,12,24,6,阪神,7,04,未勝利*,7,芝,0,2000,良,アスクドゥポルテ  ,牡,2,岩田康誠,55.0,16,10,3,3,0,0,11,121.5,"2015",0,3,5,3,3,35.5,460,河内洋,栗,130,20101025,05203,01072,0922670410,廣崎利洋HD,"ASK STUD",ハービンジャー,ジャジャウマガール,ハーツクライ,鹿毛,200329,  118.3,  ,    ,53.8
22,12,04,6,阪神,2,05,新馬,15,芝,8,1800,良,アスクドゥポルテ  ,牡,2,今村聖奈,52.0,14,02,9,9,0,1.6,9,109.2,"1492",0,0,0,12,12,34.4,454,河内洋,栗,0,20101025,01193,01072,0922620502,廣崎利洋HD,"ASK STUD",ハービンジャー,ジャジャウマガール,ハーツクライ,鹿毛,200329,   33.6,  ,    ,58.7
24,07,07,1,函館,10,11,五稜郭Ｓ･3勝,67,芝,0,1800,稍,ニューノーマル    ,牝,5,浜中俊,56.0,14,02,3,3,0,0.5,10,109.9,"1499",0,8,7,6,7,36.5,466,上原佑紀,美,460,19105297,01115,01192,02241A1102,フィールドレーシング,ノーザンファーム,キズナ,ティールグリーン,"Scat Daddy",黒鹿,190410,   28.6,  ,    ,50.5
24,03,24,3,中山,2,10,春興ＳＨ･3勝,67,芝,8,1600,良,ニューノーマル    ,牝,5,津村明秀,53.0,13,04,6,6,0,0.6,9,93.5,"1335",0,0,6,5,5,34.5,464,上原佑紀,美,0,19105297,01092,01192,0624321004,フィールドレーシング,ノーザンファーム,キズナ,ティールグリーン,"Scat Daddy",黒鹿,190410,   29.1,  ,    ,52.6
24,02,24,2,中山,1,11,幕張Ｓ･3勝,67,芝,8,1600,稍,ニューノーマル    ,牝,5,菅原明良,56.0,11,08,7,7,0,1.2,9,94.9,"1349",0,0,8,8,8,34.5,460,上原佑紀,美,0,19105297,01179,01192,0624211108,フィールドレーシング,ノーザンファーム,キズナ,ティールグリーン,"Scat Daddy",黒鹿,190410,   36.1,  ,    ,55.0
24,02,04,1,小倉,8,11,小倉日経,131,芝,0,2000,重,ニューノーマル    ,牝,5,佐々木大,55.0,9,07,8,8,0,0.8,5,124.9,"2049",0,5,6,4,5,38.1,460,上原佑紀,美,0,19105297,01197,01192,1024181107,フィールドレーシング,ノーザンファーム,キズナ,ティールグリーン,"Scat Daddy",黒鹿,190410,    8.4,  ,    ,47.6
24,01,14,1,小倉,2,10,壇之浦Ｓ･3勝,67,芝,0,1800,良,ニューノーマル    ,牝,5,佐々木大,56.0,14,05,6,6,0,0.2,2,106.7,"1467",0,7,6,6,4,35.5,458,上原佑紀,美,0,19105297,01197,01192,1024121005,フィールドレーシング,ノーザンファーム,キズナ,ティールグリーン,"Scat Daddy",黒鹿,190410,    5.5,  ,    ,50.3
23,11,19,3,福島,6,10,五色沼特･2勝,43,芝,0,1800,良,ニューノーマル    ,牝,4,佐々木大,56.0,16,05,1,1,0,-0.1,3,109.8,"1498",0,6,6,4,3,35.5,462,上原佑紀,美,1550,19105297,01197,01192,0323361005,フィールドレーシング,ノーザンファーム,キズナ,ティールグリーン,"Scat Daddy",黒鹿,190410,    4.4,  ,    ,54.6
23,11,04,3,福島,1,06,１勝ｸﾗｽ・若,23,芝,0,1800,良,ニューノーマル    ,牝,4,佐々木大,55.0,14,06,1,1,0,-0.5,2,107.6,"1476",0,6,6,6,5,35.7,462,上原佑紀,美,800,19105297,01197,01192,0323310606,フィールドレーシング,ノーザンファーム,キズナ,ティールグリーン,"Scat Daddy",黒鹿,190410,    2.8,  ,    ,50.7
23,10,15,4,新潟,2,09,粟島特別･1勝,23,芝,8,1800,稍,ニューノーマル    ,牝,4,富田暁,56.0,17,11,6,6,0,1,1,107.6,"1476",0,0,0,4,4,36.1,466,上原佑紀,美,0,19105297,01168,01192,0423420911,フィールドレーシング,ノーザンファーム,キズナ,ティールグリーン,"Scat Daddy",黒鹿,190410,    3.3,  ,    ,49.0
23,09,17,4,中山,4,08,１勝ｸﾗｽ・牝,23,芝,0,1800,良,ニューノーマル    ,牝,4,菅原明良,56.0,15,01,2,2,0,0.1,2,106.4,"1464",0,2,4,3,3,35.3,460,上原佑紀,美,320,19105297,01179,01192,0623440801,フィールドレーシング,ノーザンファーム,キズナ,ティールグリーン,"Scat Daddy",黒鹿,190410,    5.4,  ,    ,50.7
23,07,22,2,福島,7,09,伊達特別･1勝,23,芝,0,1800,良,ニューノーマル    ,牝,4,戸崎圭太,56.0,14,05,2,2,0,0,1,109.5,"1495",0,1,1,1,1,36,446,上原佑紀,美,440,19105297,05386,01192,0323270905,フィールドレーシング,ノーザンファーム,キズナ,ティールグリーン,"Scat Daddy",黒鹿,190410,    2.8,  ,    ,52.1
23,07,09,2,福島,4,09,織姫賞･1勝,23,芝,0,1800,良,ニューノーマル    ,牝,4,戸崎圭太,56.0,16,09,2,2,0,0.2,2,108.6,"1486",0,8,7,5,3,35.8,448,上原佑紀,美,440,19105297,05386,01192,0323240909,フィールドレーシング,ノーザンファーム,キズナ,ティールグリーン,"Scat Daddy",黒鹿,190410,    4.2,  ,    ,51.7
23,04,23,1,福島,6,10,飯盛山特･1勝,23,芝,0,2000,良,ニューノーマル    ,牝,4,角田大和,56.0,14,03,3,3,0,0.1,3,121.4,"2014",0,1,1,1,1,35.1,444,上原佑紀,美,280,19105297,01186,01192,0323161003,フィールドレーシング,ノーザンファーム,キズナ,ティールグリーン,"Scat Daddy",黒鹿,190410,    7.0,  ,    ,55.4
23,04,02,3,中山,4,07,１勝ｸﾗｽ,23,芝,8,1600,良,ニューノーマル    ,牝,4,Ｍ．デム,56.0,16,15,3,3,0,0.1,5,94,"1340",0,0,3,6,6,34.7,452,上原佑紀,美,200,19105297,05212,01192,0623340715,フィールドレーシング,ノーザンファーム,キズナ,ティールグリーン,"Scat Daddy",黒鹿,190410,   11.0,  ,    ,52.5
23,03,19,2,中京,4,06,１勝ｸﾗｽ・牝,23,芝,0,1600,稍,ニューノーマル    ,牝,4,菱田裕二,56.0,16,05,3,3,0,0.1,8,95.9,"1359",0,0,2,3,2,34.9,452,上原佑紀,美,200,19105297,01144,01192,0723240605,フィールドレーシング,ノーザンファーム,キズナ,ティールグリーン,"Scat Daddy",黒鹿,190410,   15.0,  ,    ,54.9
23,02,05,1,小倉,8,09,合馬特別･1勝,23,芝,0,1200,良,ニューノーマル    ,牝,4,浜中俊,56.0,18,08,7,7,0,0.6,11,68.7,"1087",0,0,0,5,4,34.8,454,武幸四郎,栗,0,19105297,01115,01160,1023180908,フィールドレーシング,ノーザンファーム,キズナ,ティールグリーン,"Scat Daddy",黒鹿,190410,   47.3,  ,    ,47.4
22,12,25,6,阪神,8,07,１勝ｸﾗｽ・牝,23,ダ,1,1800,良,ニューノーマル    ,牝,3,イーガン,54.0,12,03,8,8,0,2.6,7,117.3,"1573",0,3,3,3,3,41.1,458,武幸四郎,栗,0,19105297,05620,01160,0922680703,フィールドレーシング,ノーザンファーム,キズナ,ティールグリーン,"Scat Daddy",黒鹿,190410,   27.2,  ,    ,42.7
22,12,10,6,中京,3,02,１勝ｸﾗｽ・牝,23,ダ,1,1800,良,ニューノーマル    ,牝,3,浜中俊,54.0,12,10,5,5,0,2.2,7,115.2,"1552",0,7,7,8,8,39.1,462,武幸四郎,栗,77,19105297,01115,01160,0722630210,フィールドレーシング,ノーザンファーム,キズナ,ティールグリーン,"Scat Daddy",黒鹿,190410,   15.7,  ,    ,47.3
22,09,17,5,中京,3,07,１勝ｸﾗｽ・牝,23,ダ,1,1200,良,ニューノーマル    ,牝,3,浜中俊,53.0,14,07,10,10,0,1.4,6,73,"1130",0,0,0,12,12,36,458,武幸四郎,栗,0,19105297,01115,01160,0722530707,フィールドレーシング,ノーザンファーム,キズナ,ティールグリーン,"Scat Daddy",黒鹿,190410,   19.5,  ,    ,52.8
22,09,03,4,小倉,7,08,１勝ｸﾗｽ・牝,23,芝,0,1200,重,ニューノーマル    ,牝,3,松山弘平,53.0,15,01,11,11,0,0.9,8,69.7,"1097",0,0,0,11,8,34.7,462,武幸四郎,栗,0,19105297,01126,01160,1022470801,フィールドレーシング,ノーザンファーム,キズナ,ティールグリーン,"Scat Daddy",黒鹿,190410,   16.5,  ,    ,50.9
22,07,03,3,小倉,2,08,１勝ｸﾗｽ・牝,23,芝,0,1200,良,ニューノーマル    ,牝,3,角田大河,49.0,12,09,7,7,0,0.6,4,67.4,"1074",0,0,0,7,7,34.5,460,武幸四郎,栗,0,19105297,01199,01160,1022320809,フィールドレーシング,ノーザンファーム,キズナ,ティールグリーン,"Scat Daddy",黒鹿,190410,    7.1,  ,    ,45.4
22,04,24,1,福島,4,05,未勝利,7,芝,0,1200,良,ニューノーマル    ,牝,3,菱田裕二,54.0,16,08,1,1,0,-0.5,1,70.4,"1104",0,0,0,3,2,35.3,452,武幸四郎,栗,520,19105297,01144,01160,0322140508,フィールドレーシング,ノーザンファーム,キズナ,ティールグリーン,"Scat Daddy",黒鹿,190410,    1.8,  ,    ,49.4
22,02,05,1,小倉,7,02,未勝利・牝,7,芝,0,1200,良,ニューノーマル    ,牝,3,浜中俊,54.0,18,02,4,4,0,0.2,4,69.1,"1091",0,0,0,5,3,34.8,444,武幸四郎,栗,78,19105297,01115,01160,1022170202,フィールドレーシング,ノーザンファーム,キズナ,ティールグリーン,"Scat Daddy",黒鹿,190410,    9.5,  ,    ,48.6
22,01,15,1,小倉,1,02,未勝利,7,芝,0,1200,良,ニューノーマル    ,牝,3,浜中俊,54.0,18,08,5,5,0,0.7,4,68.9,"1089",0,0,0,8,9,35.2,448,武幸四郎,栗,52,19105297,01115,01160,1022110208,フィールドレーシング,ノーザンファーム,キズナ,ティールグリーン,"Scat Daddy",黒鹿,190410,    8.3,  ,    ,45.7
21,12,26,6,阪神,8,06,新馬,15,芝,0,1400,良,ニューノーマル    ,牝,2,浜中俊,54.0,18,01,2,2,0,0.2,6,83.3,"1233",0,0,0,4,3,35.9,450,武幸四郎,栗,280,19105297,01115,01160,0921680601,フィールドレーシング,ノーザンファーム,キズナ,ティールグリーン,"Scat Daddy",黒鹿,190410,   15.5,  ,    ,49.0
24,06,23,1,函館,6,09,洞爺湖特･2勝,43,芝,0,2000,良,コスモフロイデ    ,牡,5,松岡正海,58.0,9,01,1,1,0,-0.1,4,120.7,"2007",0,1,1,1,1,35.3,476,天間昭一,美,1550,19102937,01085,01090,0224160901,ビッグレッドファーム,折手牧場,コパノリッキー,レスタンノール,ステイゴールド,栗毛,190406,   10.5,  ,    ,53.7
24,06,08,1,函館,1,10,松前特別･2勝,43,芝,0,1800,良,コスモフロイデ    ,牡,5,松岡正海,58.0,16,09,8,8,0,0.4,12,107.6,"1476",0,9,10,6,5,35,476,天間昭一,美,0,19102937,01085,01090,0224111009,ビッグレッドファーム,折手牧場,コパノリッキー,レスタンノール,ステイゴールド,栗毛,190406,   40.1,  ,    ,53.7
24,04,07,3,中山,6,10,鹿野山特･2勝,43,芝,0,2000,重,コスモフロイデ    ,牡,5,松岡正海,58.0,15,10,2,2,0,0.4,8,122.2,"2022",0,1,1,1,1,35.6,476,天間昭一,美,620,19102937,01085,01090,0624361010,ビッグレッドファーム,折手牧場,コパノリッキー,レスタンノール,ステイゴールド,栗毛,190406,   35.8,  ,    ,54.3
24,03,16,2,中山,7,09,館山特別･2勝,43,芝,0,2000,良,コスモフロイデ    ,牡,5,松岡正海,58.0,11,03,5,5,0,0.6,10,120.6,"2006",0,3,3,4,4,35.7,478,天間昭一,美,155,19102937,01085,01090,0624270903,ビッグレッドファーム,折手牧場,コパノリッキー,レスタンノール,ステイゴールド,栗毛,190406,   74.7,  ,    ,51.9
24,02,24,2,小倉,5,11,八代特Ｈ･2勝,43,芝,0,2000,稍,コスモフロイデ    ,牡,5,富田暁,56.0,15,01,10,10,0,0.4,6,122.6,"2026",0,4,4,9,7,36.1,476,天間昭一,美,0,19102937,01168,01090,1024251101,ビッグレッドファーム,折手牧場,コパノリッキー,レスタンノール,ステイゴールド,栗毛,190406,   16.5,  ,    ,52.7
24,02,03,1,小倉,7,11,別府特別･2勝,43,芝,0,1800,稍,コスモフロイデ    ,牡,5,丹内祐次,58.0,11,09,3,3,0,0.4,7,110.1,"1501",0,3,3,3,2,35.8,480,天間昭一,美,390,19102937,01091,01090,1024171109,ビッグレッドファーム,折手牧場,コパノリッキー,レスタンノール,ステイゴールド,栗毛,190406,   55.5,  ,    ,53.8
24,01,07,1,中山,2,09,初日の出･2勝,43,芝,0,2000,良,コスモフロイデ    ,牡,5,ピーヒュ,58.0,17,15,15,15,0,0.9,17,120.9,"2009",0,9,11,9,11,35.7,486,天間昭一,美,0,19102937,05661,01090,0624120915,ビッグレッドファーム,折手牧場,コパノリッキー,レスタンノール,ステイゴールド,栗毛,190406,  181.6,  ,    ,52.3
23,07,22,1,札幌,1,10,ライラッ･2勝,43,芝,0,2000,良,コスモフロイデ    ,牡,4,横山武史,58.0,9,04,8,8,0,0.6,5,121,"2010",0,3,3,4,6,34.6,472,天間昭一,美,0,19102937,01170,01090,0123111004,ビッグレッドファーム,折手牧場,コパノリッキー,レスタンノール,ステイゴールド,栗毛,190406,   14.6,  ,    ,57.0
23,06,25,1,函館,6,09,北海Ｈ･2勝,43,芝,0,2000,良,コスモフロイデ    ,牡,4,佐々木大,56.0,13,13,6,6,0,0.7,5,122.7,"2027",0,5,5,3,5,35.6,466,天間昭一,美,0,19102937,01197,01090,0223160913,ビッグレッドファーム,折手牧場,コパノリッキー,レスタンノール,ステイゴールド,栗毛,190406,    9.8,  ,    ,54.9
23,06,17,1,函館,3,10,奥尻特別･1勝,23,芝,0,2000,良,コスモフロイデ    ,牡,4,富田暁,58.0,9,01,1,1,0,-0.1,5,119.8,"1598",0,4,4,4,4,35.1,470,天間昭一,美,1110,19102937,01168,01090,0223131001,ビッグレッドファーム,折手牧場,コパノリッキー,レスタンノール,ステイゴールド,栗毛,190406,   12.2,  ,    ,53.4
23,05,20,1,新潟,7,10,二王子特･1勝,23,芝,8,2000,良,コスモフロイデ    ,牡,4,丹内祐次,58.0,16,09,8,8,0,0.5,8,121.3,"2013",0,0,0,3,3,35.3,472,天間昭一,美,0,19102937,01091,01090,0423171009,ビッグレッドファーム,折手牧場,コパノリッキー,レスタンノール,ステイゴールド,栗毛,190406,   15.5,  ,    ,54.4
23,02,11,2,小倉,1,09,唐戸特別･1勝,23,芝,0,2000,重,コスモフロイデ    ,牡,4,丹内祐次,57.0,12,01,8,8,0,0.4,5,122.4,"2024",0,4,3,4,4,35.5,474,天間昭一,美,0,19102937,01091,01090,1023210901,ビッグレッドファーム,折手牧場,コパノリッキー,レスタンノール,ステイゴールド,栗毛,190406,    7.8,  ,    ,54.9
23,01,09,1,中山,4,12,１勝ｸﾗｽ,23,芝,0,2000,良,コスモフロイデ    ,牡,4,Ｍ．デム,57.0,17,03,5,5,0,0.4,8,121.4,"2014",0,6,6,6,6,34.6,472,天間昭一,美,80,19102937,05212,01090,0623141203,ビッグレッドファーム,折手牧場,コパノリッキー,レスタンノール,ステイゴールド,栗毛,190406,   20.9,  ,    ,57.5
22,12,28,5,中山,9,07,１勝ｸﾗｽ,23,芝,0,2000,良,コスモフロイデ    ,牡,3,丹内祐次,56.0,18,18,5,5,0,0.8,12,121.6,"2016",0,6,6,6,7,37.2,476,天間昭一,美,77,19102937,01091,01090,0622590718,ビッグレッドファーム,折手牧場,コパノリッキー,レスタンノール,ステイゴールド,栗毛,190406,   97.1,  ,    ,47.2
22,12,04,6,中京,2,12,栄特別･1勝,23,芝,0,2200,良,コスモフロイデ    ,牡,3,丸山元気,55.0,11,04,5,5,0,0.7,7,135.7,"2157",0,5,5,5,5,34.8,472,天間昭一,美,107,19102937,01127,01090,0722621204,ビッグレッドファーム,折手牧場,コパノリッキー,レスタンノール,ステイゴールド,栗毛,190406,   33.9,  ,    ,58.7
22,11,12,3,福島,3,08,１勝ｸﾗｽ,23,芝,0,2600,良,コスモフロイデ    ,牡,3,丸山元気,55.0,16,14,10,10,0,1.1,7,164.1,"2441",0,3,3,2,2,37.7,472,天間昭一,美,0,19102937,01127,01090,0322330814,ビッグレッドファーム,折手牧場,コパノリッキー,レスタンノール,ステイゴールド,栗毛,190406,   13.2,  ,    ,50.6
22,06,18,1,函館,3,10,奥尻特別･1勝,23,芝,0,2000,良,コスモフロイデ    ,牡,3,丹内祐次,54.0,9,07,4,4,0,0.3,6,121.2,"2012",0,3,3,3,2,34.6,460,天間昭一,美,160,19102937,01091,01090,0222131007,ビッグレッドファーム,折手牧場,コパノリッキー,レスタンノール,ステイゴールド,栗毛,190406,   21.3,  ,    ,57.3
22,05,29,1,新潟,8,06,未勝利,7,芝,0,2200,良,コスモフロイデ    ,牡,3,丹内祐次,56.0,12,11,1,1,0,-0.1,2,136.7,"2167",0,4,4,4,2,36.4,460,天間昭一,美,520,19102937,01091,01090,0422180611,ビッグレッドファーム,折手牧場,コパノリッキー,レスタンノール,ステイゴールド,栗毛,190406,    3.8,  ,    ,53.3
22,04,24,1,福島,4,06,未勝利,7,芝,0,2000,良,コスモフロイデ    ,牡,3,丹内祐次,56.0,16,14,3,3,0,0,1,121.3,"2013",0,9,8,6,2,35.8,462,天間昭一,美,130,19102937,01091,01090,0322140614,ビッグレッドファーム,折手牧場,コパノリッキー,レスタンノール,ステイゴールド,栗毛,190406,    3.6,  ,    ,52.4
22,04,09,3,中山,5,05,未勝利,7,芝,0,2000,良,コスモフロイデ    ,牡,3,丹内祐次,56.0,18,14,3,3,0,0.7,6,121.5,"2015",0,7,7,6,4,36.7,464,天間昭一,美,130,19102937,01091,01090,0622350514,ビッグレッドファーム,折手牧場,コパノリッキー,レスタンノール,ステイゴールド,栗毛,190406,   28.7,  ,    ,49.0
22,03,20,2,中山,7,05,未勝利,7,芝,0,2000,重,コスモフロイデ    ,牡,3,丹内祐次,56.0,18,05,2,2,0,0,11,123.9,"2039",0,4,3,4,3,36.5,464,天間昭一,美,210,19102937,01091,01090,0622270505,ビッグレッドファーム,折手牧場,コパノリッキー,レスタンノール,ステイゴールド,栗毛,190406,  121.0,  ,    ,52.6
21,10,02,4,中山,8,04,未勝利*,7,芝,0,2000,稍,コスモフロイデ    ,牡,2,柴田大知,55.0,16,01,7,7,0,2.1,7,122.7,"2027",0,15,15,15,14,35.5,454,天間昭一,美,0,19102937,01009,01090,0621480401,ビッグレッドファーム,折手牧場,コパノリッキー,レスタンノール,ステイゴールド,栗毛,190406,   35.0,  ,    ,55.3
21,09,05,4,新潟,8,02,未勝利*,7,芝,0,2000,良,コスモフロイデ    ,牡,2,柴田大知,54.0,10,09,4,4,0,1,6,124.1,"2041",0,5,5,5,4,36.7,450,天間昭一,美,77,19102937,01009,01090,0421480209,ビッグレッドファーム,折手牧場,コパノリッキー,レスタンノール,ステイゴールド,栗毛,190406,   19.3,  ,    ,52.1
21,08,07,3,新潟,5,01,未勝利*,7,芝,0,2000,良,コスモフロイデ    ,牡,2,柴田大知,54.0,11,06,4,4,0,0.8,6,122.5,"2025",0,3,3,4,3,36.1,444,天間昭一,美,77,19102937,01009,01090,0421350106,ビッグレッドファーム,折手牧場,コパノリッキー,レスタンノール,ステイゴールド,栗毛,190406,   30.4,  ,    ,52.6
21,07,18,1,福島,6,02,未勝利*,7,芝,0,1800,良,コスモフロイデ    ,牡,2,柴田大知,54.0,16,12,4,4,0,0.6,16,110.3,"1503",0,13,14,11,7,36.6,442,天間昭一,美,77,19102937,01009,01090,0321160212,ビッグレッドファーム,折手牧場,コパノリッキー,レスタンノール,ステイゴールド,栗毛,190406,  273.0,  ,    ,50.7
21,06,27,3,東京,8,06,新馬,15,ダ,1,1400,良,コスモフロイデ    ,牡,2,Ｍ．デム,54.0,15,05,11,11,0,3.2,7,89.7,"1297",0,0,0,12,10,38.1,444,天間昭一,美,0,19102937,05212,01090,0521380605,ビッグレッドファーム,折手牧場,コパノリッキー,レスタンノール,ステイゴールド,栗毛,190406,   36.4,  ,    ,51.6
24,06,02,4,京都,2,10,下鴨Ｓ･3勝,67,芝,0,2000,良,スミ              ,牝,5,角田大河,56.0,13,01,4,4,0,0.1,6,119.5,"1595",0,5,5,5,5,34.7,484,高橋亮,栗,280,19106604,01199,01136,0824421001,市川義美ホールディングス,フジワラフアーム,リオンディーズ,マーヴェリックス,"Smart Strike",鹿毛,190525,    7.9,  ,    ,54.7
24,05,12,1,新潟,6,11,弥彦Ｓ･3勝,67,芝,8,1800,良,スミ              ,牝,5,角田大河,56.0,16,06,2,2,0,0.3,5,107.8,"1478",0,0,0,6,7,33.7,478,高橋亮,栗,740,19106604,01199,01136,0424161106,市川義美ホールディングス,フジワラフアーム,リオンディーズ,マーヴェリックス,"Smart Strike",鹿毛,190525,   12.6,  ,    ,59.9
24,02,11,1,東京,6,09,初音Ｓ･3勝,67,芝,0,1800,良,スミ              ,牝,5,キング,56.0,13,10,3,3,0,0.9,2,106.4,"1464",0,0,7,7,7,33.1,468,高橋亮,栗,460,19106604,05643,01136,0524160910,市川義美ホールディングス,フジワラフアーム,リオンディーズ,マーヴェリックス,"Smart Strike",鹿毛,190525,    5.2,  ,    ,60.7
24,01,20,1,京都,6,11,石清水Ｈ･3勝,67,芝,8,1600,重,スミ              ,牝,5,角田大河,53.0,16,16,3,3,0,0.1,9,95,"1350",0,0,0,2,2,35.3,482,高橋亮,栗,460,19106604,01199,01136,0824161116,市川義美ホールディングス,フジワラフアーム,リオンディーズ,マーヴェリックス,"Smart Strike",鹿毛,190525,   42.4,  ,    ,51.5
23,11,12,5,東京,4,10,ユートピ･3勝,67,芝,0,1800,良,スミ              ,牝,4,国分恭介,56.0,14,01,4,4,0,0.3,14,106.4,"1464",0,0,6,7,6,33.9,476,高橋亮,栗,280,19106604,01124,01136,0523541001,市川義美ホールディングス,フジワラフアーム,リオンディーズ,マーヴェリックス,"Smart Strike",鹿毛,190525,  165.9,  ,    ,56.9
23,10,22,2,京都,7,12,桂川ＳＨ･3勝,67,ダ,1,1400,良,スミ              ,牝,4,小沢大仁,52.0,14,12,12,12,0,2.1,12,85.4,"1254",0,0,0,5,5,37.5,482,高橋亮,栗,0,19106604,01185,01136,0823271212,市川義美ホールディングス,フジワラフアーム,リオンディーズ,マーヴェリックス,"Smart Strike",鹿毛,190525,   91.1,  ,    ,45.8
23,10,08,2,京都,2,10,トルマリ･3勝,67,ダ,1,1800,良,スミ              ,牝,4,池添謙一,56.0,15,11,12,12,0,2.5,15,113.4,"1534",0,10,10,10,8,38.1,486,高橋亮,栗,0,19106604,01032,01136,0823221011,市川義美ホールディングス,フジワラフアーム,リオンディーズ,マーヴェリックス,"Smart Strike",鹿毛,190525,  180.4,  ,    ,48.8
23,06,25,3,阪神,8,10,花のみち･3勝,67,ダ,1,1400,良,スミ              ,牝,4,池添謙一,56.0,16,10,11,11,0,1.6,11,85.5,"1255",0,0,0,14,11,37.8,476,高橋亮,栗,0,19106604,01032,01136,0923381010,市川義美ホールディングス,フジワラフアーム,リオンディーズ,マーヴェリックス,"Smart Strike",鹿毛,190525,   50.4,  ,    ,44.6
23,04,29,1,新潟,1,11,三条Ｓ･3勝,67,ダ,1,1800,良,スミ              ,牝,4,角田大和,56.0,15,09,8,8,0,1.1,11,113.8,"1538",0,12,13,9,8,38.5,472,高橋亮,栗,0,19106604,01186,01136,0423111109,市川義美ホールディングス,フジワラフアーム,リオンディーズ,マーヴェリックス,"Smart Strike",鹿毛,190525,   57.1,  ,    ,47.8
23,02,26,1,阪神,6,08,２勝ｸﾗｽ・牝,43,ダ,1,1800,稍,スミ              ,牝,4,池添謙一,55.0,16,01,1,1,0,-0.1,5,114.2,"1542",0,8,8,6,7,37,472,高橋亮,栗,1140,19106604,01032,01136,0923160801,市川義美ホールディングス,フジワラフアーム,リオンディーズ,マーヴェリックス,"Smart Strike",鹿毛,190525,   12.3,  ,    ,54.3
23,01,14,1,小倉,1,10,響灘特別･2勝,43,ダ,1,1700,不,スミ              ,牝,4,角田大和,55.0,16,08,14,14,0,1.2,7,104.9,"1449",0,7,7,3,5,37.5,468,高橋亮,栗,0,19106604,01186,01136,1023111008,市川義美ホールディングス,フジワラフアーム,リオンディーズ,マーヴェリックス,"Smart Strike",鹿毛,190525,   13.8,  ,    ,48.0
22,09,04,2,札幌,8,12,２勝ｸﾗｽ,43,ダ,1,1700,良,スミ              ,牝,3,菱田裕二,52.0,14,07,10,10,0,1.6,5,107.5,"1475",0,6,7,6,9,40.3,464,高橋亮,栗,0,19106604,01144,01136,0122281207,市川義美ホールディングス,フジワラフアーム,リオンディーズ,マーヴェリックス,"Smart Strike",鹿毛,190525,    7.2,  ,    ,41.0
22,08,20,2,札幌,3,12,１勝ｸﾗｽ・牝,23,ダ,1,1700,稍,スミ              ,牝,3,角田大和,50.0,8,01,1,1,0,-0.2,1,105.2,"1452",0,2,2,2,2,38,460,高橋亮,栗,770,19106604,01186,01136,0122231201,市川義美ホールディングス,フジワラフアーム,リオンディーズ,マーヴェリックス,"Smart Strike",鹿毛,190525,    2.9,  ,    ,46.5
22,07,31,1,札幌,4,08,１勝ｸﾗｽ,23,ダ,1,1700,良,スミ              ,牝,3,池添謙一,52.0,14,09,2,2,0,0.3,2,106.3,"1463",0,3,3,3,3,38.1,458,高橋亮,栗,310,19106604,01032,01136,0122140809,市川義美ホールディングス,フジワラフアーム,リオンディーズ,マーヴェリックス,"Smart Strike",鹿毛,190525,    3.8,  ,    ,47.6
22,04,30,2,阪神,11,05,１勝ｸﾗｽ*,23,ダ,1,1800,重,スミ              ,牝,3,角田大河,51.0,14,05,4,4,0,0.5,3,112.4,"1524",0,9,10,11,9,37.8,460,高橋亮,栗,110,19106604,01199,01136,09222B0505,市川義美ホールディングス,フジワラフアーム,リオンディーズ,マーヴェリックス,"Smart Strike",鹿毛,190525,    5.8,  ,    ,48.7
22,04,17,2,阪神,8,05,１勝ｸﾗｽ・牝*,23,ダ,1,1800,良,スミ              ,牝,3,角田大河,51.0,16,12,2,2,0,0.2,2,114.1,"1541",0,12,12,11,8,38.2,458,高橋亮,栗,300,19106604,01199,01136,0922280512,市川義美ホールディングス,フジワラフアーム,リオンディーズ,マーヴェリックス,"Smart Strike",鹿毛,190525,    5.2,  ,    ,49.3
22,03,19,1,阪神,11,07,１勝ｸﾗｽ*,23,ダ,1,1800,重,スミ              ,牝,3,角田大河,51.0,10,02,3,3,0,0.6,8,111.6,"1516",0,9,9,9,7,37,454,高橋亮,栗,190,19106604,01199,01136,09221B0702,市川義美ホールディングス,フジワラフアーム,リオンディーズ,マーヴェリックス,"Smart Strike",鹿毛,190525,   64.1,  ,    ,50.8
22,03,12,2,中京,1,06,１勝ｸﾗｽ*,23,ダ,1,1800,良,スミ              ,牝,3,藤岡佑介,54.0,16,13,9,9,0,0.8,12,115.4,"1554",0,16,16,15,11,38.5,456,高橋亮,栗,0,19106604,01093,01136,0722210613,市川義美ホールディングス,フジワラフアーム,リオンディーズ,マーヴェリックス,"Smart Strike",鹿毛,190525,   52.3,  ,    ,49.9
21,12,28,6,阪神,9,07,１勝ｸﾗｽ*,23,ダ,1,1800,良,スミ              ,牝,2,池添謙一,54.0,13,11,6,6,0,0.9,12,114.5,"1545",0,6,8,7,6,38.7,454,高橋亮,栗,0,19106604,01032,01136,0921690711,市川義美ホールディングス,フジワラフアーム,リオンディーズ,マーヴェリックス,"Smart Strike",鹿毛,190525,  102.1,  ,    ,47.9
21,09,19,5,中京,4,01,未勝利*,7,ダ,1,1400,重,スミ              ,牝,2,池添謙一,54.0,10,02,1,1,0,0,3,84.9,"1249",0,0,0,7,6,36.8,458,高橋亮,栗,510,19106604,01032,01136,0721540102,市川義美ホールディングス,フジワラフアーム,リオンディーズ,マーヴェリックス,"Smart Strike",鹿毛,190525,    5.7,  ,    ,48.0
21,08,21,2,札幌,3,05,新馬・牝,15,芝,0,1500,良,スミ              ,牝,2,池添謙一,54.0,14,06,4,4,0,0.5,9,91.9,"1319",0,0,6,4,4,34.9,456,高橋亮,栗,110,19106604,01032,01136,0121230506,市川義美ホールディングス,フジワラフアーム,リオンディーズ,マーヴェリックス,"Smart Strike",鹿毛,190525,   43.7,  ,    ,58.9
24,07,21,1,札幌,2,07,１勝ｸﾗｽ,23,ダ,1,1000,良,ノボリショウリュウ,牡,3,川端海翼,52.0,9,06,1,1,0,-0.1,3,59.3,"0593",0,0,0,1,1,35.7,456,石橋守,栗,800,21102718,01195,01140,0124120706,原田豊,杵臼牧場,リアルスティール,スウィングダンス,クロフネ,鹿毛,210319,    3.9,  ,    ,49.2
24,06,30,1,函館,8,12,１勝ｸﾗｽ,23,ダ,1,1000,良,ノボリショウリュウ,牡,3,高杉吏麒,52.0,10,04,4,4,0,0.7,3,59.5,"0595",0,0,0,6,4,35.9,458,石橋守,栗,120,21102718,01213,01140,0224181204,原田豊,杵臼牧場,リアルスティール,スウィングダンス,クロフネ,鹿毛,210319,    8.0,  ,    ,48.6
24,06,16,1,函館,4,08,１勝ｸﾗｽ,23,芝,0,1200,良,ノボリショウリュウ,牡,3,角田大河,54.0,14,02,11,11,0,0.9,11,69.7,"1097",0,0,0,9,9,35.1,456,石橋守,栗,0,21102718,01199,01140,0224140802,原田豊,杵臼牧場,リアルスティール,スウィングダンス,クロフネ,鹿毛,210319,   53.6,  ,    ,48.6
24,04,28,3,京都,4,06,１勝ｸﾗｽ*,23,芝,8,1400,良,ノボリショウリュウ,牡,3,幸英明,57.0,11,05,10,10,0,1.6,11,81.8,"1218",0,0,0,9,10,34.6,452,石橋守,栗,0,21102718,00732,01140,0824340605,原田豊,杵臼牧場,リアルスティール,スウィングダンス,クロフネ,鹿毛,210319,  105.8,  ,    ,52.3
24,03,31,2,阪神,4,05,１勝ｸﾗｽ*,23,芝,8,1600,良,ノボリショウリュウ,牡,3,角田大河,56.0,9,08,9,9,0,2,7,96.4,"1364",0,0,0,2,2,35.8,456,石橋守,栗,0,21102718,01199,01140,0924240508,原田豊,杵臼牧場,リアルスティール,スウィングダンス,クロフネ,鹿毛,210319,   47.1,  ,    ,51.6
24,01,08,1,京都,3,11,シンザンG3,163,芝,8,1600,良,ノボリショウリュウ,牡,3,角田大河,57.0,18,02,14,14,0,1.4,15,95.9,"1359",0,0,0,17,16,36.4,458,石橋守,栗,0,21102718,01199,01140,0824131102,原田豊,杵臼牧場,リアルスティール,スウィングダンス,クロフネ,鹿毛,210319,   94.7,  ,    ,48.1
23,12,09,5,阪神,3,05,新馬,15,芝,0,1400,良,ノボリショウリュウ,牡,2,角田大河,55.0,12,03,1,1,0,-0.1,6,82.2,"1222",0,0,0,2,2,35.8,456,石橋守,栗,720,21102718,01199,01140,0923530503,原田豊,杵臼牧場,リアルスティール,スウィングダンス,クロフネ,鹿毛,210319,   12.4,  ,    ,47.2
24,05,25,3,京都,11,11,葵ＳG3,163,芝,0,1200,良,ジョーローリット  ,牝,3,柴田裕一,55.0,18,07,18,18,0,1.5,18,68.6,"1086",0,0,0,6,6,34.8,478,中竹和也,栗,0,21100768,01212,01039,08243B1107,上田江吏子,斉藤政志,ダノンレジェンド,ジョーカルーア,ジョーカプチーノ,芦毛,210405,  150.0,  ,    ,47.1
24,05,05,3,京都,6,10,橘Ｓ(L),115,芝,8,1400,良,ジョーローリット  ,牝,3,柴田裕一,55.0,11,08,5,5,0,0.7,9,81,"1210",0,0,0,1,1,34.9,478,中竹和也,栗,200,21100768,01212,01039,0824361008,上田江吏子,斉藤政志,ダノンレジェンド,ジョーカルーア,ジョーカプチーノ,芦毛,210405,   41.0,  ,    ,49.1
24,04,13,2,阪神,7,06,１勝ｸﾗｽ*,23,ダ,1,1200,良,ジョーローリット  ,牝,3,岩田康誠,55.0,15,05,1,1,0,-0.2,8,71.9,"1119",0,0,0,1,1,37,478,中竹和也,栗,780,21100768,05203,01039,0924270605,上田江吏子,斉藤政志,ダノンレジェンド,ジョーカルーア,ジョーカプチーノ,芦毛,210405,   42.7,  ,    ,44.3
24,01,28,2,京都,2,04,１勝ｸﾗｽ・牝*,23,ダ,1,1400,良,ジョーローリット  ,牝,3,岩田康誠,55.0,13,09,13,13,0,5.5,7,90.6,"1306",0,0,0,1,2,43.5,470,中竹和也,栗,0,21100768,05203,01039,0824220409,上田江吏子,斉藤政志,ダノンレジェンド,ジョーカルーア,ジョーカプチーノ,芦毛,210405,   15.6,  ,    ,31.2
24,01,14,1,中山,5,03,新馬・牝,15,ダ,1,1200,稍,ジョーローリット  ,牝,3,岩田康誠,55.0,16,15,1,1,0,-0.1,3,73.2,"1132",0,0,0,1,1,37.9,464,中竹和也,栗,620,21100768,05203,01039,0624150315,上田江吏子,斉藤政志,ダノンレジェンド,ジョーカルーア,ジョーカプチーノ,芦毛,210405,    4.6,  ,    ,43.1
24,05,19,1,新潟,8,10,火打山特･2勝,43,ダ,1,1200,良,マジックタッチ    ,牡,4,佐々木大,58.0,15,03,15,15,0,2.6,9,73.7,"1137",0,0,0,4,4,39.4,542,加藤士津,美,0,20106946,01197,01169,0424181003,藤本栄史,宮内牧場,リオンディーズ,デンファレ,フジキセキ,鹿毛,200219,   28.2,  ,    ,37.1
24,04,20,1,福島,5,12,１勝ｸﾗｽ,23,ダ,1,1150,良,マジックタッチ    ,牡,4,鮫島克駿,58.0,15,12,1,1,0,-0.2,2,69.3,"1093",0,0,0,3,2,36.6,538,加藤士津,美,800,20106946,01157,01169,0324151212,藤本栄史,宮内牧場,リオンディーズ,デンファレ,フジキセキ,鹿毛,200219,    4.1,  ,    ,47.5
24,04,14,1,福島,4,12,１勝ｸﾗｽ,23,ダ,1,1150,良,マジックタッチ    ,牡,4,小林勝太,55.0,16,13,6,6,0,0.5,3,69,"1090",0,0,0,2,2,38,540,加藤士津,美,0,20106946,01205,01169,0324141213,藤本栄史,宮内牧場,リオンディーズ,デンファレ,フジキセキ,鹿毛,200219,    5.6,  ,    ,39.0
24,02,04,1,東京,4,08,１勝ｸﾗｽ,23,ダ,1,1300,良,マジックタッチ    ,牡,4,内田博幸,58.0,16,02,9,9,0,0.8,6,79.9,"1199",0,0,0,1,1,38.4,532,加藤士津,美,0,20106946,00422,01169,0524140802,藤本栄史,宮内牧場,リオンディーズ,デンファレ,フジキセキ,鹿毛,200219,   21.4,  ,    ,42.6
23,11,19,3,福島,6,07,１勝ｸﾗｽ・若,23,ダ,1,1150,重,マジックタッチ    ,牡,3,角田大和,56.0,16,04,13,13,0,1.4,2,69.7,"1097",0,0,0,1,2,38.7,530,加藤士津,美,0,20106946,01186,01169,0323360704,藤本栄史,宮内牧場,リオンディーズ,デンファレ,フジキセキ,鹿毛,200219,    4.0,  ,    ,37.4
23,09,17,4,中山,4,07,１勝ｸﾗｽ,23,ダ,1,1200,良,マジックタッチ    ,牡,3,三浦皇成,56.0,16,04,7,7,0,0.4,5,72.5,"1125",0,0,0,1,1,38.4,526,加藤士津,美,0,20106946,01122,01169,0623440704,藤本栄史,宮内牧場,リオンディーズ,デンファレ,フジキセキ,鹿毛,200219,   10.9,  ,    ,38.8
23,09,10,4,中山,2,04,１勝ｸﾗｽ,23,ダ,1,1200,稍,マジックタッチ    ,牡,3,三浦皇成,56.0,16,16,7,7,0,0.8,2,72,"1120",0,0,0,2,2,38.1,530,加藤士津,美,0,20106946,01122,01169,0623420416,藤本栄史,宮内牧場,リオンディーズ,デンファレ,フジキセキ,鹿毛,200219,    3.0,  ,    ,39.0
23,07,15,2,福島,5,12,１勝ｸﾗｽ,23,ダ,1,1150,稍,マジックタッチ    ,牡,3,三浦皇成,55.0,16,12,2,2,0,0,1,69.4,"1094",0,0,0,1,1,37.1,532,加藤士津,美,320,20106946,01122,01169,0323251212,藤本栄史,宮内牧場,リオンディーズ,デンファレ,フジキセキ,鹿毛,200219,    3.2,  ,    ,45.0
23,07,01,2,福島,1,12,１勝ｸﾗｽ,23,ダ,1,1150,重,マジックタッチ    ,牡,3,三浦皇成,55.0,16,04,3,3,0,0.2,5,68.2,"1082",0,0,0,1,1,37,532,加藤士津,美,200,20106946,01122,01169,0323211204,藤本栄史,宮内牧場,リオンディーズ,デンファレ,フジキセキ,鹿毛,200219,   15.9,  ,    ,42.0
23,03,04,2,中山,3,07,１勝ｸﾗｽ*,23,ダ,1,1200,良,マジックタッチ    ,牡,3,内田博幸,56.0,16,11,15,15,0,2.3,6,73.3,"1133",0,0,0,2,3,40.1,534,加藤士津,美,0,20106946,00422,01169,0623230711,藤本栄史,宮内牧場,リオンディーズ,デンファレ,フジキセキ,鹿毛,200219,   13.5,  ,    ,32.8
23,02,04,1,東京,3,04,１勝ｸﾗｽ*,23,ダ,1,1400,良,マジックタッチ    ,牡,3,内田博幸,56.0,11,05,3,3,0,0.4,8,86.4,"1264",0,0,0,1,1,37,532,加藤士津,美,200,20106946,00422,01169,0523130405,藤本栄史,宮内牧場,リオンディーズ,デンファレ,フジキセキ,鹿毛,200219,   52.8,  ,    ,50.1
23,01,15,1,中京,6,04,１勝ｸﾗｽ*,23,ダ,1,1200,稍,マジックタッチ    ,牡,3,鮫島克駿,56.0,11,03,5,5,0,1.2,10,73,"1130",0,0,0,2,2,37.3,526,加藤士津,美,78,20106946,01157,01169,0723160403,藤本栄史,宮内牧場,リオンディーズ,デンファレ,フジキセキ,鹿毛,200219,   57.6,  ,    ,45.7
22,12,25,5,中山,8,01,未勝利*,7,ダ,1,1200,稍,マジックタッチ    ,牡,2,田辺裕信,55.0,16,02,1,1,0,-0.2,2,73,"1130",0,0,0,1,1,38.6,534,加藤士津,美,520,20106946,01075,01169,0622580102,藤本栄史,宮内牧場,リオンディーズ,デンファレ,フジキセキ,鹿毛,200219,    4.3,  ,    ,39.1
22,12,03,5,中山,1,06,新馬,15,ダ,1,1200,良,マジックタッチ    ,牡,2,田辺裕信,55.0,16,07,3,3,0,0.4,9,73.3,"1133",0,0,0,8,2,37.3,532,加藤士津,美,180,20106946,01075,01169,0622510607,藤本栄史,宮内牧場,リオンディーズ,デンファレ,フジキセキ,鹿毛,200219,   21.9,  ,    ,46.5
24,06,01,4,京都,1,12,２勝ｸﾗｽ,43,ダ,1,1200,稍,プリティインピンク,牝,6,永島まな,54.0,14,11,8,8,0,1,11,72.5,"1125",0,0,0,8,9,37,446,小手川準,美,0,18104208,01187,01171,0824411211,新木鈴子,野坂牧場,キンシャサノキセキ,アサケゴマ,クロフネ,黒鹿,180409,  130.6,  ,    ,45.9
24,05,19,1,新潟,8,10,火打山特･2勝,43,ダ,1,1200,良,プリティインピンク,牝,6,永島まな,56.0,15,12,10,10,0,1.2,10,72.3,"1123",0,0,0,8,7,37.6,448,小手川準,美,0,18104208,01187,01171,0424181012,新木鈴子,野坂牧場,キンシャサノキセキ,アサケゴマ,クロフネ,黒鹿,180409,   28.2,  ,    ,42.3
24,02,24,2,中山,1,12,２勝ｸﾗｽ・牝,43,ダ,1,1200,稍,プリティインピンク,牝,6,原優介,55.0,16,02,13,13,0,1.6,7,72.3,"1123",0,0,0,4,3,38.5,446,小手川準,美,0,18104208,01184,01171,0624211202,新木鈴子,野坂牧場,キンシャサノキセキ,アサケゴマ,クロフネ,黒鹿,180409,   15.2,  ,    ,37.8
24,02,03,1,小倉,7,10,有田特別･2勝,43,ダ,1,1000,良,プリティインピンク,牝,6,菊沢一樹,56.0,14,01,4,4,0,0.8,3,58.3,"0583",0,0,0,5,5,35.5,446,小手川準,美,230,18104208,01161,01171,1024171001,新木鈴子,野坂牧場,キンシャサノキセキ,アサケゴマ,クロフネ,黒鹿,180409,    5.8,  ,    ,46.3
24,01,13,1,中山,4,08,２勝ｸﾗｽ,43,ダ,1,1200,良,プリティインピンク,牝,6,原優介,55.0,12,04,3,3,0,0.2,9,71.5,"1115",0,0,0,3,3,36.7,442,小手川準,美,290,18104208,01184,01171,0624140804,新木鈴子,野坂牧場,キンシャサノキセキ,アサケゴマ,クロフネ,黒鹿,180409,   42.7,  ,    ,44.8
23,12,24,5,中山,8,08,冬至特別･2勝,43,ダ,1,1200,良,プリティインピンク,牝,5,菊沢一樹,56.0,14,04,7,7,0,0.8,12,71.6,"1116",0,0,0,4,4,37.8,442,小手川準,美,0,18104208,01161,01171,0623580804,新木鈴子,野坂牧場,キンシャサノキセキ,アサケゴマ,クロフネ,黒鹿,180409,  124.4,  ,    ,39.4
23,10,22,4,新潟,4,10,妙高特Ｈ･2勝,43,ダ,1,1200,稍,プリティインピンク,牝,5,原優介,53.0,15,11,7,7,0,0.7,9,71.3,"1113",0,0,0,2,2,37.4,438,小手川準,美,0,18104208,01184,01171,0423441011,新木鈴子,野坂牧場,キンシャサノキセキ,アサケゴマ,クロフネ,黒鹿,180409,   30.1,  ,    ,40.6
23,10,01,4,阪神,9,12,２勝ｸﾗｽ,43,ダ,1,1400,重,プリティインピンク,牝,5,河原田菜,52.0,16,11,5,5,0,0.4,14,84.3,"1243",0,0,0,4,4,37.6,442,小手川準,美,114,18104208,01204,01171,0923491211,新木鈴子,野坂牧場,キンシャサノキセキ,アサケゴマ,クロフネ,黒鹿,180409,   71.8,  ,    ,43.2
23,09,24,4,中山,7,12,２勝ｸﾗｽ,43,ダ,1,1200,稍,プリティインピンク,牝,5,原優介,55.0,16,09,11,11,0,1.1,12,72.5,"1125",0,0,0,11,10,37.8,444,小手川準,美,0,18104208,01184,01171,0623471209,新木鈴子,野坂牧場,キンシャサノキセキ,アサケゴマ,クロフネ,黒鹿,180409,   60.0,  ,    ,41.8
23,07,02,2,福島,2,09,さくらん･2勝,43,ダ,1,1150,稍,プリティインピンク,牝,5,原優介,56.0,16,03,10,10,0,0.9,10,69.1,"1091",0,0,0,10,9,36.5,436,小手川準,美,0,18104208,01184,01171,0323220903,新木鈴子,野坂牧場,キンシャサノキセキ,アサケゴマ,クロフネ,黒鹿,180409,   59.0,  ,    ,47.4
23,04,15,1,福島,3,11,ラジオ福･2勝,43,ダ,1,1150,稍,プリティインピンク,牝,5,原優介,56.0,16,09,8,8,0,1.2,3,68.8,"1088",0,0,0,9,8,37.2,434,小手川準,美,0,18104208,01184,01171,0323131109,新木鈴子,野坂牧場,キンシャサノキセキ,アサケゴマ,クロフネ,黒鹿,180409,    7.8,  ,    ,42.7
23,02,19,2,小倉,4,10,伊万里特･2勝,43,ダ,1,1000,不,プリティインピンク,牝,5,西村淳也,56.0,14,02,2,2,0,0.2,2,57.8,"0578",0,0,0,10,8,34.5,438,小手川準,美,620,18104208,01171,01171,1023241002,新木鈴子,野坂牧場,キンシャサノキセキ,アサケゴマ,クロフネ,黒鹿,180409,    5.4,  ,    ,51.3
23,02,04,1,小倉,7,10,有田特別･2勝,43,ダ,1,1000,稍,プリティインピンク,牝,5,原優介,56.0,14,04,3,3,0,0.3,7,59.2,"0592",0,0,0,8,6,35.6,438,小手川準,美,390,18104208,01184,01171,1023171004,新木鈴子,野坂牧場,キンシャサノキセキ,アサケゴマ,クロフネ,黒鹿,180409,   15.2,  ,    ,49.4
23,01,15,1,小倉,2,03,１勝ｸﾗｽ,23,ダ,1,1000,重,プリティインピンク,牝,5,菊沢一樹,56.0,14,05,1,1,0,-0.1,3,57.7,"0577",0,0,0,9,5,34.4,430,小手川準,美,800,18104208,01161,01171,1023120305,新木鈴子,野坂牧場,キンシャサノキセキ,アサケゴマ,クロフネ,黒鹿,180409,    6.2,  ,    ,51.6
22,12,04,5,中山,2,07,１勝ｸﾗｽ,23,ダ,1,1200,良,プリティインピンク,牝,4,山田敬士,53.0,16,01,4,4,0,0.6,10,72.1,"1121",0,0,0,9,10,37.4,436,小手川準,美,120,18104208,01173,01171,0622520701,新木鈴子,野坂牧場,キンシャサノキセキ,アサケゴマ,クロフネ,黒鹿,180409,   36.1,  ,    ,42.8
22,11,19,3,福島,5,08,１勝ｸﾗｽ,23,ダ,1,1150,良,プリティインピンク,牝,4,原優介,53.0,16,04,5,5,0,0.2,7,68.7,"1087",0,0,0,4,3,37.4,428,小手川準,美,77,18104208,01184,01171,0322350804,新木鈴子,野坂牧場,キンシャサノキセキ,アサケゴマ,クロフネ,黒鹿,180409,   14.1,  ,    ,41.3
22,10,06,15,不明,2,11,円山川,3,ダ,1,1400,良,プリティインピンク,牝,4,原優介,51.0,10,01,3,3,0,0.6,2,90.4,"1304",0,4,4,5,2,0,431,小手川準,美,50,18104208,01184,01171,5022F21101,新木鈴子,野坂牧場,キンシャサノキセキ,アサケゴマ,クロフネ,黒鹿,180409,    0.0,  ,    , 0.0
22,08,06,1,札幌,5,07,１勝ｸﾗｽ,23,ダ,1,1000,良,プリティインピンク,牝,4,山田敬士,53.0,11,04,6,6,0,0.7,3,60.1,"1001",0,0,0,3,3,36.2,430,小手川準,美,0,18104208,01173,01171,0122150704,新木鈴子,野坂牧場,キンシャサノキセキ,アサケゴマ,クロフネ,黒鹿,180409,    4.2,  ,    ,49.0
22,07,31,1,札幌,4,06,１勝ｸﾗｽ・牝,23,ダ,1,1000,良,プリティインピンク,牝,4,山田敬士,53.0,12,12,2,2,0,0.3,5,59.8,"0598",0,0,0,3,2,36.5,430,小手川準,美,310,18104208,01173,01171,0122140612,新木鈴子,野坂牧場,キンシャサノキセキ,アサケゴマ,クロフネ,黒鹿,180409,    7.1,  ,    ,45.8
22,05,29,1,新潟,8,08,１勝ｸﾗｽ,23,ダ,1,1200,良,プリティインピンク,牝,4,原優介,52.0,13,13,3,3,0,0.1,2,72.1,"1121",0,0,0,2,2,38.1,436,小手川準,美,190,18104208,01184,01171,0422180813,新木鈴子,野坂牧場,キンシャサノキセキ,アサケゴマ,クロフネ,黒鹿,180409,    4.5,  ,    ,39.2
22,05,14,1,新潟,3,12,１勝ｸﾗｽ,23,ダ,1,1200,稍,プリティインピンク,牝,4,原優介,52.0,15,13,3,3,0,0.2,4,71.8,"1118",0,0,0,3,3,37.3,432,小手川準,美,190,18104208,01184,01171,0422131213,新木鈴子,野坂牧場,キンシャサノキセキ,アサケゴマ,クロフネ,黒鹿,180409,    8.1,  ,    ,42.5
22,04,24,1,福島,4,07,１勝ｸﾗｽ・牝,23,ダ,1,1150,良,プリティインピンク,牝,4,原優介,52.0,12,09,3,3,0,0.3,6,69.8,"1098",0,0,0,4,3,37.3,432,小手川準,美,190,18104208,01184,01171,0322140709,新木鈴子,野坂牧場,キンシャサノキセキ,アサケゴマ,クロフネ,黒鹿,180409,    9.1,  ,    ,45.1
22,02,13,2,小倉,2,08,１勝ｸﾗｽ,23,ダ,1,1000,稍,プリティインピンク,牝,4,原優介,52.0,14,08,4,4,0,0.3,10,59.6,"0596",0,0,0,5,5,36.5,426,小手川準,美,120,18104208,01184,01171,1022220808,新木鈴子,野坂牧場,キンシャサノキセキ,アサケゴマ,クロフネ,黒鹿,180409,   44.2,  ,    ,44.9
22,01,16,1,小倉,2,03,１勝ｸﾗｽ,23,ダ,1,1000,良,プリティインピンク,牝,4,原優介,51.0,13,08,4,4,0,0.3,7,60,"1000",0,0,0,3,3,36.8,424,小手川準,美,120,18104208,01184,01171,1022120308,新木鈴子,野坂牧場,キンシャサノキセキ,アサケゴマ,クロフネ,黒鹿,180409,   21.9,  ,    ,44.6
21,12,04,6,中京,1,05,１勝ｸﾗｽ・若,23,ダ,1,1200,良,プリティインピンク,牝,3,原優介,51.0,16,07,9,9,0,0.9,5,73.2,"1132",0,0,0,5,5,37.7,420,小手川準,美,0,18104208,01184,01171,0721610507,新木鈴子,野坂牧場,キンシャサノキセキ,アサケゴマ,クロフネ,黒鹿,180409,   12.1,  ,    ,44.2
21,11,13,2,福島,3,04,１勝ｸﾗｽ・牝,23,ダ,1,1150,稍,プリティインピンク,牝,3,原優介,51.0,16,05,5,5,0,0.4,9,69.5,"1095",0,0,0,3,3,37.6,412,小手川準,美,76,18104208,01184,01171,0321230405,新木鈴子,野坂牧場,キンシャサノキセキ,アサケゴマ,クロフネ,黒鹿,180409,   20.3,  ,    ,42.6
21,09,20,4,中山,5,12,１勝ｸﾗｽ,23,ダ,1,1200,良,プリティインピンク,牝,3,山田敬士,51.0,13,01,8,8,0,1.2,8,72.3,"1123",0,0,0,1,1,38.7,412,小手川準,美,0,18104208,01173,01171,0621451201,新木鈴子,野坂牧場,キンシャサノキセキ,アサケゴマ,クロフネ,黒鹿,180409,   20.2,  ,    ,36.8
21,09,11,4,中山,1,06,１勝ｸﾗｽ・牝,23,ダ,1,1200,稍,プリティインピンク,牝,3,山田敬士,51.0,16,01,5,5,0,0.6,7,71.7,"1117",0,0,0,4,3,37.6,412,小手川準,美,76,18104208,01173,01171,0621410601,新木鈴子,野坂牧場,キンシャサノキセキ,アサケゴマ,クロフネ,黒鹿,180409,   14.8,  ,    ,40.7
21,08,07,1,函館,11,07,１勝ｸﾗｽ,23,ダ,1,1000,良,プリティインピンク,牝,3,秋山稔樹,50.0,12,04,5,5,0,0.4,4,60.2,"1002",0,0,0,3,3,36.6,418,小手川準,美,76,18104208,01181,01171,02211B0704,新木鈴子,野坂牧場,キンシャサノキセキ,アサケゴマ,クロフネ,黒鹿,180409,    6.1,  ,    ,46.7
21,07,25,1,函館,8,06,１勝ｸﾗｽ,23,ダ,1,1000,良,プリティインピンク,牝,3,秋山稔樹,50.0,11,01,2,2,0,0,6,59.5,"0595",0,0,0,4,3,35.9,418,小手川準,美,300,18104208,01181,01171,0221180601,新木鈴子,野坂牧場,キンシャサノキセキ,アサケゴマ,クロフネ,黒鹿,180409,   10.4,  ,    ,48.6
21,03,21,2,中山,8,04,１勝ｸﾗｽ*,23,ダ,1,1200,稍,プリティインピンク,牝,3,原優介,51.0,16,08,8,8,0,1,11,73.3,"1133",0,0,0,5,5,37.9,408,小手川準,美,0,18104208,01184,01171,0621280408,新木鈴子,野坂牧場,キンシャサノキセキ,アサケゴマ,クロフネ,黒鹿,180409,   30.0,  ,    ,43.4
21,03,06,2,中山,3,04,１勝ｸﾗｽ*,23,ダ,1,1200,稍,プリティインピンク,牝,3,原優介,51.0,16,13,13,13,0,1.7,7,73.1,"1131",0,0,0,7,9,38.5,410,小手川準,美,0,18104208,01184,01171,0621230413,新木鈴子,野坂牧場,キンシャサノキセキ,アサケゴマ,クロフネ,黒鹿,180409,   18.9,  ,    ,39.9
21,01,23,1,中山,7,07,１勝ｸﾗｽ*,23,ダ,1,1200,稍,プリティインピンク,牝,3,原優介,51.0,16,15,4,4,0,0.3,12,71.8,"1118",0,0,0,7,8,37.5,414,小手川準,美,110,18104208,01184,01171,0621170715,新木鈴子,野坂牧場,キンシャサノキセキ,アサケゴマ,クロフネ,黒鹿,180409,   39.1,  ,    ,41.5
21,01,11,1,中山,4,11,フェアリG3,163,芝,8,1600,良,プリティインピンク,牝,3,山田敬士,54.0,16,02,13,13,0,1.6,13,96,"1360",0,0,8,9,10,36.7,412,小手川準,美,0,18104208,01173,01171,0621141102,新木鈴子,野坂牧場,キンシャサノキセキ,アサケゴマ,クロフネ,黒鹿,180409,  139.1,  ,    ,46.9
20,10,24,4,新潟,5,03,未勝利・牝*,7,ダ,1,1200,重,プリティインピンク,牝,2,山田敬士,51.0,9,07,1,1,0,-0.4,1,72,"1120",0,0,0,1,1,37,414,小手川準,美,510,18104208,01173,01171,0420450307,新木鈴子,野坂牧場,キンシャサノキセキ,アサケゴマ,クロフネ,黒鹿,180409,    2.7,  ,    ,44.6
20,10,11,4,新潟,2,02,未勝利*,7,ダ,1,1200,良,プリティインピンク,牝,2,山田敬士,51.0,15,02,2,2,0,0.6,5,73.1,"1131",0,0,0,3,3,37.6,422,小手川準,美,200,18104208,01173,01171,0420420202,新木鈴子,野坂牧場,キンシャサノキセキ,アサケゴマ,クロフネ,黒鹿,180409,   17.5,  ,    ,44.4
20,09,27,4,中山,7,01,未勝利*,7,ダ,1,1200,重,プリティインピンク,牝,2,山田敬士,51.0,15,07,2,2,0,0.9,13,72.8,"1128",0,0,0,4,4,38.2,418,小手川準,美,200,18104208,01173,01171,0620470107,新木鈴子,野坂牧場,キンシャサノキセキ,アサケゴマ,クロフネ,黒鹿,180409,  140.9,  ,    ,40.6
20,07,19,2,福島,6,06,新馬,15,芝,0,1200,良,プリティインピンク,牝,2,菅原明良,52.0,12,05,11,11,0,3.2,9,74.1,"1141",0,0,0,10,9,37.6,418,小手川準,美,0,18104208,01179,01171,0320260605,新木鈴子,野坂牧場,キンシャサノキセキ,アサケゴマ,クロフネ,黒鹿,180409,   42.1,  ,    ,47.1
24,07,07,1,函館,10,09,噴火湾特･2勝,43,ダ,1,1000,重,マキアージュ      ,牝,5,丹内祐次,56.0,12,09,5,5,0,0.5,4,58.4,"0584",0,0,0,7,6,35.3,452,菊川正達,美,155,19102747,01091,01052,02241A0909,中村祐子,バンブー牧場,ビッグアーサー,ルージュバンブー,マリエンバード,鹿毛,190331,    8.0,  ,    ,48.2
24,04,28,1,新潟,2,10,邁進特Ｈ･2勝,43,芝,0,1000,良,マキアージュ      ,牝,5,北村友一,53.0,16,12,2,2,0,0.1,3,55,"0550",0,0,0,0,12,32.3,466,菊川正達,美,620,19102747,01102,01052,0424121012,中村祐子,バンブー牧場,ビッグアーサー,ルージュバンブー,マリエンバード,鹿毛,190331,    5.9,  ,    ,55.4
24,02,18,2,小倉,4,09,伊万里特･2勝,43,ダ,1,1000,良,マキアージュ      ,牝,5,小林美駒,56.0,14,11,5,5,0,0.7,3,59.2,"0592",0,0,0,7,9,35.9,464,菊川正達,美,155,19102747,01206,01052,1024240911,中村祐子,バンブー牧場,ビッグアーサー,ルージュバンブー,マリエンバード,鹿毛,190331,    5.1,  ,    ,47.4
24,01,28,1,小倉,6,03,１勝ｸﾗｽ,23,ダ,1,1000,良,マキアージュ      ,牝,5,小林美駒,52.0,14,14,1,1,0,-1.1,1,58.1,"0581",0,0,0,1,1,35.4,462,菊川正達,美,800,19102747,01206,01052,1024160314,中村祐子,バンブー牧場,ビッグアーサー,ルージュバンブー,マリエンバード,鹿毛,190331,    2.5,  ,    ,46.2
24,01,14,1,小倉,2,12,１勝ｸﾗｽ,23,芝,0,1200,良,マキアージュ      ,牝,5,小沢大仁,55.0,17,08,4,4,0,0.2,6,68.1,"1081",0,0,0,1,1,35.1,462,菊川正達,美,120,19102747,01185,01052,1024121208,中村祐子,バンブー牧場,ビッグアーサー,ルージュバンブー,マリエンバード,鹿毛,190331,   12.4,  ,    ,44.0
23,12,10,4,中京,4,02,１勝ｸﾗｽ・牝,23,ダ,1,1200,良,マキアージュ      ,牝,4,小沢大仁,55.0,13,02,5,5,0,0.6,6,73.3,"1133",0,0,0,6,6,37.8,454,菊川正達,美,80,19102747,01185,01052,0723440202,中村祐子,バンブー牧場,ビッグアーサー,ルージュバンブー,マリエンバード,鹿毛,190331,   20.5,  ,    ,43.9
23,11,11,3,福島,3,07,１勝ｸﾗｽ,23,ダ,1,1150,良,マキアージュ      ,牝,4,丹内祐次,56.0,16,07,2,2,0,0.3,3,69.5,"1095",0,0,0,3,3,37.6,452,菊川正達,美,320,19102747,01091,01052,0323330707,中村祐子,バンブー牧場,ビッグアーサー,ルージュバンブー,マリエンバード,鹿毛,190331,    5.6,  ,    ,42.6
23,09,23,4,中山,6,04,１勝ｸﾗｽ,23,芝,8,1200,重,マキアージュ      ,牝,4,西村淳也,56.0,16,13,6,6,0,0.4,3,69.8,"1098",0,0,0,3,3,35.1,462,菊川正達,美,0,19102747,01171,01052,0623460413,中村祐子,バンブー牧場,ビッグアーサー,ルージュバンブー,マリエンバード,鹿毛,190331,    5.2,  ,    ,48.9
23,09,03,2,札幌,8,06,１勝ｸﾗｽ,23,芝,0,1200,良,マキアージュ      ,牝,4,丹内祐次,56.0,16,16,5,5,0,1,3,70.6,"1106",0,0,0,4,3,36.5,466,菊川正達,美,80,19102747,01091,01052,0123280616,中村祐子,バンブー牧場,ビッグアーサー,ルージュバンブー,マリエンバード,鹿毛,190331,    6.1,  ,    ,43.4
23,08,27,2,札幌,6,09,勝馬投票･1勝,23,芝,0,1200,重,マキアージュ      ,牝,4,鮫島克駿,56.0,16,03,4,4,0,0.2,7,71.6,"1116",0,0,0,3,4,36.5,468,菊川正達,美,170,19102747,01157,01052,0123260903,中村祐子,バンブー牧場,ビッグアーサー,ルージュバンブー,マリエンバード,鹿毛,190331,   16.3,  ,    ,46.2
23,08,12,2,札幌,1,12,１勝ｸﾗｽ,23,芝,0,1200,良,マキアージュ      ,牝,4,鮫島克駿,56.0,16,16,3,3,0,0.3,5,69.6,"1096",0,0,0,3,3,35.2,464,菊川正達,美,160,19102747,01157,01052,0123211216,中村祐子,バンブー牧場,ビッグアーサー,ルージュバンブー,マリエンバード,鹿毛,190331,    8.0,  ,    ,47.7
23,07,22,1,札幌,1,07,１勝ｸﾗｽ,23,芝,0,1200,良,マキアージュ      ,牝,4,佐々木大,54.0,16,04,8,8,0,0.7,3,68.8,"1088",0,0,0,1,1,35.3,458,菊川正達,美,0,19102747,01197,01052,0123110704,中村祐子,バンブー牧場,ビッグアーサー,ルージュバンブー,マリエンバード,鹿毛,190331,    5.1,  ,    ,44.9
23,05,07,1,新潟,4,06,１勝ｸﾗｽ・牝,23,ダ,1,1200,不,マキアージュ      ,牝,4,佐々木大,53.0,15,15,6,6,0,0.8,3,72.2,"1122",0,0,0,2,2,37.6,456,菊川正達,美,0,19102747,01197,01052,0423140615,中村祐子,バンブー牧場,ビッグアーサー,ルージュバンブー,マリエンバード,鹿毛,190331,    5.0,  ,    ,42.0
23,04,15,1,福島,3,07,１勝ｸﾗｽ・牝,23,ダ,1,1150,良,マキアージュ      ,牝,4,小沢大仁,55.0,16,02,2,2,0,0.4,13,68.3,"1083",0,0,0,2,2,37.4,450,菊川正達,美,320,19102747,01185,01052,0323130702,中村祐子,バンブー牧場,ビッグアーサー,ルージュバンブー,マリエンバード,鹿毛,190331,   34.8,  ,    ,40.1
23,03,11,2,中山,5,08,１勝ｸﾗｽ・牝,23,ダ,1,1200,良,マキアージュ      ,牝,4,菅原明良,56.0,13,07,10,10,0,1.1,6,72.4,"1124",0,0,0,7,6,37.8,450,菊川正達,美,0,19102747,01179,01052,0623250807,中村祐子,バンブー牧場,ビッグアーサー,ルージュバンブー,マリエンバード,鹿毛,190331,   15.5,  ,    ,41.5
22,09,04,2,札幌,8,06,１勝ｸﾗｽ,23,芝,0,1200,良,マキアージュ      ,牝,3,丹内祐次,53.0,16,06,4,4,0,0.5,8,69.9,"1099",0,0,0,4,4,35.2,464,菊川正達,美,120,19102747,01091,01052,0122280606,中村祐子,バンブー牧場,ビッグアーサー,ルージュバンブー,マリエンバード,鹿毛,190331,   16.2,  ,    ,48.6
22,07,09,1,函館,9,07,１勝ｸﾗｽ,23,ダ,1,1000,良,マキアージュ      ,牝,3,丹内祐次,52.0,12,03,11,11,0,1.8,9,60.7,"1007",0,0,0,1,1,37.9,458,菊川正達,美,0,19102747,01091,01052,0222190703,中村祐子,バンブー牧場,ビッグアーサー,ルージュバンブー,マリエンバード,鹿毛,190331,   37.7,  ,    ,40.2
22,06,25,1,函館,5,12,１勝ｸﾗｽ,23,ダ,1,1000,重,マキアージュ      ,牝,3,丹内祐次,52.0,12,03,8,8,0,0.7,5,59.3,"0593",0,0,0,3,4,35.6,458,菊川正達,美,0,19102747,01091,01052,0222151203,中村祐子,バンブー牧場,ビッグアーサー,ルージュバンブー,マリエンバード,鹿毛,190331,    7.1,  ,    ,49.9
22,06,11,1,函館,1,08,１勝ｸﾗｽ・牝,23,ダ,1,1000,良,マキアージュ      ,牝,3,丹内祐次,52.0,12,02,4,4,0,1.2,6,59.4,"0594",0,0,0,3,3,36.5,458,菊川正達,美,120,19102747,01091,01052,0222110802,中村祐子,バンブー牧場,ビッグアーサー,ルージュバンブー,マリエンバード,鹿毛,190331,   18.6,  ,    ,44.1
22,05,01,1,福島,6,01,未勝利,7,ダ,1,1150,重,マキアージュ      ,牝,3,丹内祐次,54.0,16,09,1,1,0,0,3,69.4,"1094",0,0,0,3,2,37.3,446,菊川正達,美,520,19102747,01091,01052,0322160109,中村祐子,バンブー牧場,ビッグアーサー,ルージュバンブー,マリエンバード,鹿毛,190331,    4.0,  ,    ,43.9
22,04,09,3,中山,5,01,未勝利・牝,7,ダ,1,1200,良,マキアージュ      ,牝,3,Ｍ．デム,54.0,16,07,3,3,0,0.1,1,72.8,"1128",0,0,0,4,4,37.2,454,菊川正達,美,130,19102747,05212,01052,0622350107,中村祐子,バンブー牧場,ビッグアーサー,ルージュバンブー,マリエンバード,鹿毛,190331,    2.9,  ,    ,45.7
22,03,21,2,中山,8,01,未勝利・牝,7,ダ,1,1200,重,マキアージュ      ,牝,3,Ｍ．デム,54.0,16,15,3,3,0,0.3,3,72.2,"1122",0,0,0,4,5,37.7,450,菊川正達,美,130,19102747,05212,01052,0622280115,中村祐子,バンブー牧場,ビッグアーサー,ルージュバンブー,マリエンバード,鹿毛,190331,    4.7,  ,    ,41.5
22,02,27,2,中山,2,01,未勝利・牝,7,ダ,1,1200,良,マキアージュ      ,牝,3,Ｍ．デム,54.0,16,08,2,2,0,0,3,73.4,"1134",0,0,0,5,5,37.9,448,菊川正達,美,210,19102747,05212,01052,0622220108,中村祐子,バンブー牧場,ビッグアーサー,ルージュバンブー,マリエンバード,鹿毛,190331,    4.5,  ,    ,43.7
21,12,18,5,中山,5,01,未勝利・牝*,7,ダ,1,1200,重,マキアージュ      ,牝,2,横山武史,54.0,16,03,5,5,0,0.8,3,72.7,"1127",0,0,0,3,3,38.7,450,菊川正達,美,51,19102747,01170,01052,0621550103,中村祐子,バンブー牧場,ビッグアーサー,ルージュバンブー,マリエンバード,鹿毛,190331,    6.3,  ,    ,37.9
21,11,21,2,福島,6,01,未勝利・牝*,7,ダ,1,1150,良,マキアージュ      ,牝,2,丹内祐次,54.0,16,02,3,3,0,0.1,12,69.9,"1099",0,0,0,2,2,37.9,452,菊川正達,美,130,19102747,01091,01052,0321260102,中村祐子,バンブー牧場,ビッグアーサー,ルージュバンブー,マリエンバード,鹿毛,190331,   28.1,  ,    ,42.1
21,10,30,4,東京,7,02,未勝利*,7,ダ,1,1300,良,マキアージュ      ,牝,2,横山武史,54.0,16,06,5,5,0,1.7,5,81.4,"1214",0,0,0,1,1,38.2,460,菊川正達,美,51,19102747,01170,01052,0521470206,中村祐子,バンブー牧場,ビッグアーサー,ルージュバンブー,マリエンバード,鹿毛,190331,   14.8,  ,    ,46.9
21,10,09,5,新潟,1,05,新馬,15,ダ,1,1200,良,マキアージュ      ,牝,2,丹内祐次,54.0,14,07,5,5,0,1.6,3,74.1,"1141",0,0,0,7,6,37.6,458,菊川正達,美,70,19102747,01091,01052,0421510507,中村祐子,バンブー牧場,ビッグアーサー,ルージュバンブー,マリエンバード,鹿毛,190331,    6.0,  ,    ,47.1
24,07,07,1,函館,10,09,噴火湾特･2勝,43,ダ,1,1000,重,サイレンスゴールド,牡,4,川又賢治,58.0,12,03,2,2,0,0.2,8,58.1,"0581",0,0,0,4,4,35.3,508,杉山佳明,栗,620,20105149,01166,01178,02241A0903,辻子依旦,川島牧場,コパノリッキー,フォーマルアプローバル,Kingmambo,鹿毛,200225,   19.6,  ,    ,46.9
24,04,21,3,京都,2,12,２勝ｸﾗｽ,43,ダ,1,1200,稍,サイレンスゴールド,牡,4,川又賢治,58.0,16,11,10,10,0,0.8,8,72.8,"1128",0,0,0,3,3,37.8,508,杉山佳明,栗,0,20105149,01166,01178,0824321211,辻子依旦,川島牧場,コパノリッキー,フォーマルアプローバル,Kingmambo,鹿毛,200225,   34.6,  ,    ,42.6
24,02,11,2,京都,6,12,２勝ｸﾗｽ,43,ダ,1,1200,良,サイレンスゴールド,牡,4,川又賢治,58.0,16,01,10,10,0,1.3,5,73.5,"1135",0,0,0,1,1,38.3,514,杉山佳明,栗,0,20105149,01166,01178,0824261201,辻子依旦,川島牧場,コパノリッキー,フォーマルアプローバル,Kingmambo,鹿毛,200225,   18.8,  ,    ,41.9
23,12,02,4,中京,1,08,１勝ｸﾗｽ,23,ダ,1,1200,良,サイレンスゴールド,牡,3,鷲頭虎太,54.0,16,15,1,1,0,-0.3,1,72,"1120",0,0,0,1,1,37.8,512,杉山佳明,栗,800,20105149,01202,01178,0723410815,辻子依旦,川島牧場,コパノリッキー,フォーマルアプローバル,Kingmambo,鹿毛,200225,    2.6,  ,    ,40.5
23,11,12,3,福島,4,12,１勝ｸﾗｽ,23,ダ,1,1150,良,サイレンスゴールド,牡,3,藤田菜七,55.0,16,07,4,4,0,0.7,1,68.8,"1088",0,0,0,2,3,37.5,504,杉山佳明,栗,120,20105149,01164,01178,0323341207,辻子依旦,川島牧場,コパノリッキー,フォーマルアプローバル,Kingmambo,鹿毛,200225,    3.0,  ,    ,41.1
23,08,12,3,小倉,1,03,未勝利,7,ダ,1,1000,良,サイレンスゴールド,牡,3,西村淳也,56.0,14,06,1,1,0,-0.5,1,57.6,"0576",0,0,0,1,1,35.1,500,杉山佳明,栗,550,20105149,01171,01178,1023310306,辻子依旦,川島牧場,コパノリッキー,フォーマルアプローバル,Kingmambo,鹿毛,200225,    1.5,  ,    ,46.2
23,07,30,2,新潟,2,07,未勝利,7,ダ,1,1200,良,サイレンスゴールド,牡,3,藤田菜七,54.0,15,07,2,2,0,0.2,1,71.7,"1117",0,0,0,1,1,37.8,504,杉山佳明,栗,220,20105149,01164,01178,0423220707,辻子依旦,川島牧場,コパノリッキー,フォーマルアプローバル,Kingmambo,鹿毛,200225,    2.8,  ,    ,39.7
23,07,01,3,中京,1,03,未勝利,7,ダ,1,1200,不,サイレンスゴールド,牡,3,松山弘平,56.0,16,12,3,3,0,0.4,1,71.9,"1119",0,0,0,2,2,37.7,504,杉山佳明,栗,140,20105149,01126,01178,0723310312,辻子依旦,川島牧場,コパノリッキー,フォーマルアプローバル,Kingmambo,鹿毛,200225,    3.0,  ,    ,40.7
23,06,10,3,阪神,3,01,未勝利,7,ダ,1,1400,稍,サイレンスゴールド,牡,3,荻野極,56.0,16,06,3,3,0,0.9,3,84.3,"1243",0,0,0,2,2,37.4,508,杉山佳明,栗,140,20105149,01160,01178,0923330106,辻子依旦,川島牧場,コパノリッキー,フォーマルアプローバル,Kingmambo,鹿毛,200225,    6.8,  ,    ,44.1
23,04,16,2,阪神,8,02,未勝利,7,ダ,1,1400,不,サイレンスゴールド,牡,3,荻野極,56.0,16,04,2,2,0,0,2,84.1,"1241",0,0,0,3,3,37.3,502,杉山佳明,栗,220,20105149,01160,01178,0923280204,辻子依旦,川島牧場,コパノリッキー,フォーマルアプローバル,Kingmambo,鹿毛,200225,    4.3,  ,    ,44.1
23,03,26,2,阪神,2,04,未勝利,7,ダ,1,1400,不,サイレンスゴールド,牡,3,荻野極,56.0,16,06,2,2,0,0,5,85.3,"1253",0,0,0,4,4,37.9,502,杉山佳明,栗,220,20105149,01160,01178,0923220406,辻子依旦,川島牧場,コパノリッキー,フォーマルアプローバル,Kingmambo,鹿毛,200225,   11.2,  ,    ,43.8
23,01,28,1,中京,9,03,未勝利,7,ダ,1,1900,良,サイレンスゴールド,牡,3,荻野極,56.0,15,09,12,12,0,5.3,7,126.6,"2066",0,2,2,2,5,43.4,508,杉山佳明,栗,0,20105149,01160,01178,0723190309,辻子依旦,川島牧場,コパノリッキー,フォーマルアプローバル,Kingmambo,鹿毛,200225,   23.7,  ,    ,38.5
23,01,21,1,中京,7,01,未勝利,7,ダ,1,1900,良,サイレンスゴールド,牡,3,荻野極,56.0,13,04,4,4,0,2.1,8,124.3,"2043",0,3,3,4,4,39.4,510,杉山佳明,栗,83,20105149,01160,01178,0723170104,辻子依旦,川島牧場,コパノリッキー,フォーマルアプローバル,Kingmambo,鹿毛,200225,   38.4,  ,    ,49.5
22,12,03,6,中京,1,01,未勝利*,7,ダ,1,1800,良,サイレンスゴールド,牡,2,永島まな,51.0,14,01,8,8,0,1.9,7,116.9,"1569",0,4,4,5,4,40,514,杉山佳明,栗,0,20105149,01187,01178,0722610101,辻子依旦,川島牧場,コパノリッキー,フォーマルアプローバル,Kingmambo,鹿毛,200225,   31.6,  ,    ,46.1
22,11,26,5,阪神,7,04,新馬,15,ダ,1,1800,稍,サイレンスゴールド,牡,2,荻野極,55.0,16,04,9,9,0,2.8,12,116.4,"1564",0,4,3,7,12,39.6,514,杉山佳明,栗,0,20105149,01160,01178,0922570404,辻子依旦,川島牧場,コパノリッキー,フォーマルアプローバル,Kingmambo,鹿毛,200225,   66.5,  ,    ,47.0
24,07,13,1,函館,11,08,１勝ｸﾗｽ,23,ダ,1,1000,良,スコーピオン      ,牡,3,菱田裕二,55.0,12,01,1,1,0,-0.2,2,58.8,"0588",0,0,0,1,1,35.6,468,武藤善則,美,800,21100792,01144,01064,02241B0801,佐々木雄二,鮫川啓一,ビッグアーサー,ラスパジャサーダス,スウェプトオーヴァーボード,芦毛,210505,    4.1,  ,    ,47.8
24,07,06,1,函館,9,07,１勝ｸﾗｽ,23,ダ,1,1000,稍,スコーピオン      ,牡,3,高杉吏麒,52.0,11,03,2,2,0,0.3,2,58.6,"0586",0,0,0,1,1,35.1,470,武藤善則,美,320,21100792,01213,01064,0224190703,佐々木雄二,鮫川啓一,ビッグアーサー,ラスパジャサーダス,スウェプトオーヴァーボード,芦毛,210505,    6.1,  ,    ,50.4
24,05,11,1,新潟,5,09,はやぶさ･1勝,23,芝,0,1000,良,スコーピオン      ,牡,3,丸山元気,57.0,12,05,6,6,0,0.6,9,56.2,"0562",0,0,0,0,2,34,460,武藤善則,美,0,21100792,01127,01064,0424150905,佐々木雄二,鮫川啓一,ビッグアーサー,ラスパジャサーダス,スウェプトオーヴァーボード,芦毛,210505,   41.3,  ,    ,47.9
24,03,03,2,中山,4,04,１勝ｸﾗｽ*,23,ダ,1,1200,稍,スコーピオン      ,牡,3,内田博幸,57.0,16,11,15,15,0,1.8,11,73.3,"1133",0,0,0,7,10,38.8,460,武藤善則,美,0,21100792,00422,01064,0624240411,佐々木雄二,鮫川啓一,ビッグアーサー,ラスパジャサーダス,スウェプトオーヴァーボード,芦毛,210505,  116.7,  ,    ,38.9
23,12,24,5,中山,8,01,未勝利*,7,ダ,1,1200,良,スコーピオン      ,牡,2,内田博幸,56.0,16,04,1,1,0,-0.1,3,73,"1130",0,0,0,1,1,39.1,460,武藤善則,美,550,21100792,00422,01064,0623580104,佐々木雄二,鮫川啓一,ビッグアーサー,ラスパジャサーダス,スウェプトオーヴァーボード,芦毛,210505,    4.7,  ,    ,36.7
23,12,03,5,中山,2,01,未勝利*,7,ダ,1,1200,良,スコーピオン      ,牡,2,内田博幸,56.0,16,15,2,2,0,0.6,2,72.8,"1128",0,0,0,2,2,38.4,462,武藤善則,美,220,21100792,00422,01064,0623520115,佐々木雄二,鮫川啓一,ビッグアーサー,ラスパジャサーダス,スウェプトオーヴァーボード,芦毛,210505,    9.9,  ,    ,39.6
23,10,01,4,中山,9,03,新馬,15,芝,8,1200,良,スコーピオン      ,牡,2,武藤雅,55.0,16,10,7,7,0,1.1,5,72.1,"1121",0,0,0,5,4,35.9,452,武藤善則,美,0,21100792,01169,01064,0623490310,佐々木雄二,鮫川啓一,ビッグアーサー,ラスパジャサーダス,スウェプトオーヴァーボード,芦毛,210505,   16.0,  ,    ,50.8
24,07,07,1,函館,10,09,噴火湾特･2勝,43,ダ,1,1000,重,カンザシ          ,牝,5,横山武史,56.0,12,02,3,3,0,0.3,3,58.2,"0582",0,0,0,11,10,34.3,512,蛯名正義,美,390,19106704,01170,01191,02241A0902,嶋田賢,増本良孝,ディーマジェスティ,エニシノイト,スウェプトオーヴァーボード,芦毛,190513,    6.0,  ,    ,54.5
24,03,16,2,中山,7,12,２勝ｸﾗｽ,43,ダ,1,1200,良,カンザシ          ,牝,5,野中悠太,56.0,16,10,2,2,0,0.2,6,71,"1110",0,0,0,10,8,36.1,494,宮田敬介,美,460,19106704,01158,01175,0624271210,嶋田賢,増本良孝,ディーマジェスティ,エニシノイト,スウェプトオーヴァーボード,芦毛,190513,   17.8,  ,    ,46.7
24,02,24,2,中山,1,12,２勝ｸﾗｽ・牝,43,ダ,1,1200,稍,カンザシ          ,牝,5,キング,56.0,16,10,3,3,0,0.2,6,70.9,"1109",0,0,0,10,9,36.5,490,宮田敬介,美,290,19106704,05643,01175,0624211210,嶋田賢,増本良孝,ディーマジェスティ,エニシノイト,スウェプトオーヴァーボード,芦毛,190513,   12.5,  ,    ,44.2
24,01,14,1,京都,5,08,２勝ｸﾗｽ,43,ダ,1,1200,良,カンザシ          ,牝,5,田辺裕信,56.0,13,08,8,8,0,1,4,72.6,"1126",0,0,0,10,10,35.5,492,宮田敬介,美,0,19106704,01075,01175,0824150808,嶋田賢,増本良孝,ディーマジェスティ,エニシノイト,スウェプトオーヴァーボード,芦毛,190513,   14.8,  ,    ,54.5
23,12,28,5,中山,9,10,ベストウ･2勝,43,ダ,1,1200,良,カンザシ          ,牝,4,マーカン,56.0,16,11,10,10,0,0.6,1,71.6,"1116",0,0,0,6,5,36.8,498,宮田敬介,美,0,19106704,05626,01175,0623591011,嶋田賢,増本良孝,ディーマジェスティ,エニシノイト,スウェプトオーヴァーボード,芦毛,190513,    4.1,  ,    ,44.6
23,10,22,4,新潟,4,10,妙高特Ｈ･2勝,43,ダ,1,1200,稍,カンザシ          ,牝,4,丸山元気,55.0,15,01,8,8,0,0.9,5,71.5,"1115",0,0,0,14,14,36,498,宮田敬介,美,0,19106704,01127,01175,0423441001,嶋田賢,増本良孝,ディーマジェスティ,エニシノイト,スウェプトオーヴァーボード,芦毛,190513,   11.1,  ,    ,48.6
23,04,08,2,阪神,5,12,２勝ｸﾗｽ,43,ダ,1,1200,重,カンザシ          ,牝,4,石川裕紀,56.0,13,10,2,2,0,0,3,71.9,"1119",0,0,0,6,5,35.8,496,宮田敬介,美,460,19106704,01150,01175,0923251210,嶋田賢,増本良孝,ディーマジェスティ,エニシノイト,スウェプトオーヴァーボード,芦毛,190513,    5.4,  ,    ,50.8
23,03,18,2,中山,7,12,２勝ｸﾗｽ,43,ダ,1,1200,不,カンザシ          ,牝,4,戸崎圭太,56.0,16,05,7,7,0,0.6,1,70.9,"1109",0,0,0,15,15,35.4,500,宮田敬介,美,0,19106704,05386,01175,0623271205,嶋田賢,増本良孝,ディーマジェスティ,エニシノイト,スウェプトオーヴァーボード,芦毛,190513,    3.3,  ,    ,50.3
23,02,25,2,中山,1,12,２勝ｸﾗｽ・牝,43,ダ,1,1200,良,カンザシ          ,牝,4,戸崎圭太,56.0,14,08,2,2,0,0,3,71.8,"1118",0,0,0,3,2,37.5,496,宮田敬介,美,460,19106704,05386,01175,0623211208,嶋田賢,増本良孝,ディーマジェスティ,エニシノイト,スウェプトオーヴァーボード,芦毛,190513,    3.5,  ,    ,41.5
23,01,22,1,中山,8,04,１勝ｸﾗｽ,23,ダ,1,1200,良,カンザシ          ,牝,4,横山武史,56.0,16,10,1,1,0,0,6,71.1,"1111",0,0,0,2,2,37.4,496,宮田敬介,美,800,19106704,01170,01175,0623180410,嶋田賢,増本良孝,ディーマジェスティ,エニシノイト,スウェプトオーヴァーボード,芦毛,190513,    8.4,  ,    ,40.1
22,06,05,3,東京,2,07,１勝ｸﾗｽ,23,ダ,1,1400,良,カンザシ          ,牝,3,野中悠太,52.0,16,11,5,5,0,0.7,2,84.7,"1247",0,0,0,10,10,36.2,488,宮田敬介,美,77,19106704,01158,01175,0522320711,嶋田賢,増本良孝,ディーマジェスティ,エニシノイト,スウェプトオーヴァーボード,芦毛,190513,    4.3,  ,    ,50.5
22,05,14,2,東京,7,06,１勝ｸﾗｽ・牝*,23,ダ,1,1400,不,カンザシ          ,牝,3,野中悠太,54.0,16,08,4,4,0,0.6,2,83.8,"1238",0,0,0,7,6,36.7,488,宮田敬介,美,110,19106704,01158,01175,0522270608,嶋田賢,増本良孝,ディーマジェスティ,エニシノイト,スウェプトオーヴァーボード,芦毛,190513,    6.3,  ,    ,46.3
22,04,02,3,中山,3,04,未勝利・牝,7,ダ,1,1200,重,カンザシ          ,牝,3,野中悠太,54.0,16,07,1,1,0,-0.4,2,71.8,"1118",0,0,0,2,3,37,488,宮田敬介,美,520,19106704,01158,01175,0622330407,嶋田賢,増本良孝,ディーマジェスティ,エニシノイト,スウェプトオーヴァーボード,芦毛,190513,    3.2,  ,    ,44.1
22,03,12,2,中山,5,04,未勝利・牝,7,ダ,1,1200,良,カンザシ          ,牝,3,野中悠太,54.0,16,14,2,2,0,0.1,7,72.7,"1127",0,0,0,13,13,37.1,480,宮田敬介,美,210,19106704,01158,01175,0622250414,嶋田賢,増本良孝,ディーマジェスティ,エニシノイト,スウェプトオーヴァーボード,芦毛,190513,   18.1,  ,    ,46.0
24,06,15,1,函館,3,11,ＳＴＶ杯･2勝,43,芝,0,1200,良,ステルナティーア  ,牝,5,丹内祐次,56.0,12,03,9,9,0,0.3,6,69.1,"1091",0,0,0,8,7,34.4,448,木村哲也,美,0,19105508,01091,01126,0224131103,サンデーレーシング,ノーザンファーム,ロードカナロア,ラルケット,ファルブラヴ,鹿毛,190126,   13.9,  ,    ,50.9
24,04,13,3,中山,7,08,２勝ｸﾗｽ,43,芝,8,1200,良,ステルナティーア  ,牝,5,津村明秀,56.0,12,07,6,6,0,0.5,5,69.6,"1096",0,0,0,3,3,34.1,452,木村哲也,美,0,19105508,01092,01126,0624370807,サンデーレーシング,ノーザンファーム,ロードカナロア,ラルケット,ファルブラヴ,鹿毛,190126,   15.7,  ,    ,54.1
24,03,17,1,中京,4,10,熱田特別･2勝,43,芝,0,1400,良,ステルナティーア  ,牝,5,丸山元気,56.0,12,02,12,12,0,2,8,83.4,"1234",0,0,0,1,1,38.2,454,木村哲也,美,0,19105508,01127,01126,0724141002,サンデーレーシング,ノーザンファーム,ロードカナロア,ラルケット,ファルブラヴ,鹿毛,190126,   21.8,  ,    ,38.7
23,06,17,3,東京,5,10,相模湖特･2勝,43,芝,0,1400,良,ステルナティーア  ,牝,4,北村宏司,56.0,13,01,11,11,0,1.1,7,81.3,"1213",0,0,0,5,5,34.4,450,木村哲也,美,0,19105508,01043,01126,0523351001,サンデーレーシング,ノーザンファーム,ロードカナロア,ラルケット,ファルブラヴ,鹿毛,190126,   19.5,  ,    ,52.3
23,05,20,2,東京,9,10,高尾特別･2勝,43,芝,0,1400,良,ステルナティーア  ,牝,4,ルメール,56.0,9,07,6,6,0,0.2,2,82.3,"1223",0,0,0,5,6,33.2,450,木村哲也,美,0,19105508,05339,01126,0523291007,サンデーレーシング,ノーザンファーム,ロードカナロア,ラルケット,ファルブラヴ,鹿毛,190126,    3.4,  ,    ,60.9
23,03,19,2,中京,4,10,熱田特別･2勝,43,芝,0,1400,稍,ステルナティーア  ,牝,4,三浦皇成,56.0,10,06,8,8,0,0.9,4,82.8,"1228",0,0,0,2,2,35.1,446,木村哲也,美,0,19105508,01122,01126,0723241006,サンデーレーシング,ノーザンファーム,ロードカナロア,ラルケット,ファルブラヴ,鹿毛,190126,    6.6,  ,    ,51.9
22,05,08,2,東京,6,11,ＮＨＫマG1,195,芝,0,1600,良,ステルナティーア  ,牝,3,池添謙一,55.0,18,17,13,13,0,1.3,14,93.6,"1336",0,0,0,9,9,35.4,436,木村哲也,美,0,19105508,01032,01126,0522261117,サンデーレーシング,ノーザンファーム,ロードカナロア,ラルケット,ファルブラヴ,鹿毛,190126,   53.7,  ,    ,48.6
22,03,05,1,阪神,7,11,チューリG2,179,芝,8,1600,良,ステルナティーア  ,牝,3,福永祐一,54.0,15,14,11,11,0,1.2,4,94.4,"1344",0,0,0,12,11,34.9,440,木村哲也,美,0,19105508,01014,01126,0922171114,サンデーレーシング,ノーザンファーム,ロードカナロア,ラルケット,ファルブラヴ,鹿毛,190126,    9.4,  ,    ,52.3
21,12,12,6,阪神,4,11,阪神ジュG1,195,芝,8,1600,良,ステルナティーア  ,牝,2,ルメール,54.0,18,08,7,7,0,0.6,2,94.4,"1344",0,0,0,6,9,34.6,432,木村哲也,美,0,19105508,05339,01126,0921641108,サンデーレーシング,ノーザンファーム,ロードカナロア,ラルケット,ファルブラヴ,鹿毛,190126,    4.9,  ,    ,53.7
21,10,09,4,東京,1,11,サウジアG3,163,芝,0,1600,良,ステルナティーア  ,牝,2,福永祐一,54.0,7,03,2,2,0,0.1,2,96.5,"1365",0,0,0,3,3,33.4,442,岩戸孝樹,美,1300,19105508,01014,01051,0521411103,サンデーレーシング,ノーザンファーム,ロードカナロア,ラルケット,ファルブラヴ,鹿毛,190126,    2.3,  ,    ,63.4
21,08,08,3,新潟,6,06,新馬,15,芝,8,1600,良,ステルナティーア  ,牝,2,福永祐一,54.0,15,12,1,1,0,-0.5,1,96,"1360",0,0,0,8,8,32.7,446,岩戸孝樹,美,700,19105508,01014,01051,0421360612,サンデーレーシング,ノーザンファーム,ロードカナロア,ラルケット,ファルブラヴ,鹿毛,190126,    1.4,  ,    ,66.1
24,06,30,1,函館,8,12,１勝ｸﾗｽ,23,ダ,1,1000,良,フーコサンライズ  ,牝,3,佐々木大,53.0,10,02,1,1,0,-0.2,1,58.8,"0588",0,0,0,2,2,35.7,496,新谷功一,栗,800,21102633,01197,01172,0224181202,ライフハウス,オカモトファーム,ビッグアーサー,マルモレイナ,エンパイアメーカー,鹿毛,210319,    1.5,  ,    ,47.1
24,06,22,1,函館,5,08,１勝ｸﾗｽ,23,ダ,1,1000,良,フーコサンライズ  ,牝,3,松本大輝,52.0,12,08,2,2,0,0,2,59.1,"0591",0,0,0,2,2,35.9,496,新谷功一,栗,320,21102633,01191,01172,0224150808,ライフハウス,オカモトファーム,ビッグアーサー,マルモレイナ,エンパイアメーカー,鹿毛,210319,    4.5,  ,    ,46.9
24,06,08,1,函館,1,08,１勝ｸﾗｽ・牝,23,ダ,1,1000,良,フーコサンライズ  ,牝,3,松本大輝,52.0,11,09,3,3,0,0.4,1,59,"0590",0,0,0,2,2,36.2,502,新谷功一,栗,200,21102633,01191,01172,0224110809,ライフハウス,オカモトファーム,ビッグアーサー,マルモレイナ,エンパイアメーカー,鹿毛,210319,    2.3,  ,    ,44.5
24,01,27,1,小倉,5,03,未勝利,7,ダ,1,1000,良,フーコサンライズ  ,牝,3,松本大輝,54.0,11,06,1,1,0,-0.5,1,58.6,"0586",0,0,0,2,2,35.6,496,新谷功一,栗,550,21102633,01191,01172,1024150306,ライフハウス,オカモトファーム,ビッグアーサー,マルモレイナ,エンパイアメーカー,鹿毛,210319,    2.3,  ,    ,46.9
24,01,13,1,京都,4,01,未勝利,7,ダ,1,1200,良,フーコサンライズ  ,牝,3,松本大輝,54.0,16,01,2,2,0,0.1,3,73.7,"1137",0,0,0,1,1,37.8,502,新谷功一,栗,220,21102633,01191,01172,0824140101,ライフハウス,オカモトファーム,ビッグアーサー,マルモレイナ,エンパイアメーカー,鹿毛,210319,    5.7,  ,    ,45.0
23,12,23,5,阪神,7,02,未勝利*,7,ダ,1,1200,良,フーコサンライズ  ,牝,2,松山弘平,55.0,15,11,6,6,0,1.1,4,74.7,"1147",0,0,0,6,3,38.6,506,新谷功一,栗,0,21102633,01126,01172,0923570211,ライフハウス,オカモトファーム,ビッグアーサー,マルモレイナ,エンパイアメーカー,鹿毛,210319,    9.0,  ,    ,43.5
23,12,16,5,阪神,5,01,未勝利・牝*,7,ダ,1,1400,稍,フーコサンライズ  ,牝,2,松山弘平,55.0,16,16,5,5,0,0.8,4,86.9,"1269",0,0,0,3,3,39.5,498,新谷功一,栗,55,21102633,01126,01172,0923550116,ライフハウス,オカモトファーム,ビッグアーサー,マルモレイナ,エンパイアメーカー,鹿毛,210319,    6.6,  ,    ,40.0
23,11,26,3,京都,8,01,未勝利*,7,ダ,1,1200,良,フーコサンライズ  ,牝,2,松山弘平,55.0,16,12,3,3,0,0.7,3,73.2,"1132",0,0,0,3,3,37.6,502,新谷功一,栗,140,21102633,01126,01172,0823380112,ライフハウス,オカモトファーム,ビッグアーサー,マルモレイナ,エンパイアメーカー,鹿毛,210319,    5.5,  ,    ,44.7
23,08,19,3,小倉,3,05,新馬,15,芝,0,1200,良,フーコサンライズ  ,牝,2,坂井瑠星,55.0,13,07,5,5,0,0.5,1,70.8,"1108",0,0,0,5,6,35.6,504,新谷功一,栗,72,21102633,01163,01172,1023330507,ライフハウス,オカモトファーム,ビッグアーサー,マルモレイナ,エンパイアメーカー,鹿毛,210319,    2.8,  ,    ,48.9
24,07,07,1,函館,10,09,噴火湾特･2勝,43,ダ,1,1000,重,ポメラート        ,牝,5,富田暁,56.0,12,10,0,0,3,999.9,0,0,"----",0,0,0,0,0,0,500,茶木太樹,栗,0,19100425,01168,01181,02241A0910,フォレストレーシング,津田牧場,アメリカンペイトリオット,ニシノコハク,ゴールドアリュール,黒鹿,190315,    0.0,  ,    , 0.0
24,02,24,2,小倉,5,04,障害未勝利,7,芝,2,2860,重,ポメラート        ,牝,5,小牧加矢,58.0,10,04,10,10,0,9,8,202.5,"3225",0,10,10,10,10,14.2,496,茶木太樹,栗,0,19100425,01196,01181,1024250404,フォレストレーシング,津田牧場,アメリカンペイトリオット,ニシノコハク,ゴールドアリュール,黒鹿,190315,   35.3,  ,    , 0.0
23,08,13,2,札幌,2,09,おおぞら･2勝,43,ダ,1,1000,良,ポメラート        ,牝,4,佐々木大,56.0,11,05,4,4,0,0.3,6,59.1,"0591",0,0,0,1,1,35.7,492,茶木太樹,栗,230,19100425,01197,01181,0123220905,フォレストレーシング,津田牧場,アメリカンペイトリオット,ニシノコハク,ゴールドアリュール,黒鹿,190315,   10.3,  ,    ,48.3
23,07,29,1,札幌,3,12,２勝ｸﾗｽ,43,ダ,1,1000,良,ポメラート        ,牝,4,佐々木大,54.0,11,03,3,3,0,0.2,9,59.3,"0593",0,0,0,2,2,35.8,490,茶木太樹,栗,290,19100425,01197,01181,0123131203,フォレストレーシング,津田牧場,アメリカンペイトリオット,ニシノコハク,ゴールドアリュール,黒鹿,190315,   22.3,  ,    ,48.5
23,05,28,1,京都,12,08,２勝ｸﾗｽ,43,ダ,1,1200,良,ポメラート        ,牝,4,酒井学,56.0,16,05,15,15,0,2.7,10,74.8,"1148",0,0,0,2,2,40,488,茶木太樹,栗,0,19100425,01034,01181,08231C0805,フォレストレーシング,津田牧場,アメリカンペイトリオット,ニシノコハク,ゴールドアリュール,黒鹿,190315,   43.1,  ,    ,37.0
23,03,14,18,不明,2,03,はりま,3,ダ,1,1400,不,ポメラート        ,牝,4,松山弘平,54.0,12,09,11,11,0,2.8,2,93.5,"1335",0,1,1,2,3,0,474,茶木太樹,栗,0,19100425,01126,01181,5423I20309,フォレストレーシング,津田牧場,アメリカンペイトリオット,ニシノコハク,ゴールドアリュール,黒鹿,190315,    0.0,  ,    , 0.0
23,01,05,1,中京,1,07,２勝ｸﾗｽ,43,ダ,1,1200,良,ポメラート        ,牝,4,永島まな,52.0,16,09,15,15,0,1.4,5,73.8,"1138",0,0,0,2,2,38.9,486,茶木太樹,栗,0,19100425,01187,01181,0723110709,フォレストレーシング,津田牧場,アメリカンペイトリオット,ニシノコハク,ゴールドアリュール,黒鹿,190315,   13.4,  ,    ,39.7
22,11,19,5,阪神,5,08,２勝ｸﾗｽ,43,ダ,1,1200,良,ポメラート        ,牝,3,Ｃ．デム,54.0,16,10,13,13,0,2.6,8,73.8,"1138",0,0,0,3,4,38.5,476,茶木太樹,栗,0,19100425,05473,01181,0922550810,フォレストレーシング,津田牧場,アメリカンペイトリオット,ニシノコハク,ゴールドアリュール,黒鹿,190315,   48.3,  ,    ,41.7
22,08,14,2,札幌,2,12,２勝ｸﾗｽ,43,ダ,1,1000,稍,ポメラート        ,牝,3,横山琉人,50.0,12,10,5,5,0,0.5,6,59.7,"0597",0,0,0,3,3,36.8,496,茶木太樹,栗,111,19100425,01192,01181,0122221210,フォレストレーシング,津田牧場,アメリカンペイトリオット,ニシノコハク,ゴールドアリュール,黒鹿,190315,   12.4,  ,    ,43.3
22,06,25,1,函館,5,12,１勝ｸﾗｽ,23,ダ,1,1000,重,ポメラート        ,牝,3,横山琉人,49.0,12,07,1,1,0,-0.1,1,58.6,"0586",0,0,0,1,1,35.1,480,茶木太樹,栗,770,19100425,01192,01181,0222151207,フォレストレーシング,津田牧場,アメリカンペイトリオット,ニシノコハク,ゴールドアリュール,黒鹿,190315,    3.5,  ,    ,50.4
22,06,11,1,函館,1,08,１勝ｸﾗｽ・牝,23,ダ,1,1000,良,ポメラート        ,牝,3,横山琉人,49.0,12,09,3,3,0,0.8,4,59,"0590",0,0,0,2,2,36.2,482,茶木太樹,栗,190,19100425,01192,01181,0222110809,フォレストレーシング,津田牧場,アメリカンペイトリオット,ニシノコハク,ゴールドアリュール,黒鹿,190315,   14.1,  ,    ,44.5
22,04,16,2,阪神,7,06,１勝ｸﾗｽ*,23,ダ,1,1200,稍,ポメラート        ,牝,3,坂井瑠星,54.0,16,10,14,14,0,2.4,9,74.2,"1142",0,0,0,1,1,39.6,478,茶木太樹,栗,0,19100425,01163,01181,0922270610,フォレストレーシング,津田牧場,アメリカンペイトリオット,ニシノコハク,ゴールドアリュール,黒鹿,190315,   92.0,  ,    ,37.4
22,01,22,1,中京,7,02,未勝利,7,ダ,1,1200,良,ポメラート        ,牝,3,松山弘平,54.0,16,02,1,1,0,-0.9,1,73.6,"1136",0,0,0,1,1,37.4,484,茶木太樹,栗,520,19100425,01126,01181,0722170202,フォレストレーシング,津田牧場,アメリカンペイトリオット,ニシノコハク,ゴールドアリュール,黒鹿,190315,    1.8,  ,    ,46.8
22,01,10,1,中京,4,01,未勝利・牝,7,ダ,1,1200,良,ポメラート        ,牝,3,吉田隼人,54.0,16,06,2,2,0,0,6,73.6,"1136",0,0,0,2,2,37.8,488,茶木太樹,栗,210,19100425,01095,01181,0722140106,フォレストレーシング,津田牧場,アメリカンペイトリオット,ニシノコハク,ゴールドアリュール,黒鹿,190315,    9.7,  ,    ,44.7
21,11,07,5,阪神,2,02,未勝利・牝*,7,ダ,1,1400,良,ポメラート        ,牝,2,坂井瑠星,54.0,12,10,6,6,0,1,7,86.9,"1269",0,0,0,2,2,38.7,488,茶木太樹,栗,0,19100425,01163,01181,0921520210,フォレストレーシング,津田牧場,アメリカンペイトリオット,ニシノコハク,ゴールドアリュール,黒鹿,190315,   28.7,  ,    ,43.4
21,10,23,4,阪神,5,03,未勝利*,7,芝,8,1800,良,ポメラート        ,牝,2,松山弘平,54.0,9,08,8,8,0,1.8,5,108.7,"1487",0,0,0,2,2,37,486,茶木太樹,栗,0,19100425,01126,01181,0921450308,フォレストレーシング,津田牧場,アメリカンペイトリオット,ニシノコハク,ゴールドアリュール,黒鹿,190315,   25.7,  ,    ,46.9
21,10,03,5,中京,9,05,新馬,15,芝,0,1600,良,ポメラート        ,牝,2,角田大和,51.0,15,15,13,13,0,2.5,8,97.7,"1377",0,0,13,13,13,35.9,486,茶木太樹,栗,0,19100425,01186,01181,0721590515,フォレストレーシング,津田牧場,アメリカンペイトリオット,ニシノコハク,ゴールドアリュール,黒鹿,190315,   18.9,  ,    ,53.3
24,07,07,1,函館,10,09,噴火湾特･2勝,43,ダ,1,1000,重,シュガーフロート  ,牝,5,古川吉洋,56.0,12,07,6,6,0,0.6,11,58.5,"0585",0,0,0,8,8,35.2,426,藤野健太,栗,0,19110051,01015,01200,02241A0907,ヒダカファーム,"Hidaka Farm",Mohaymen,"She's Gonna Float","Horse Chestnut",芦毛,190501,  115.0,  ,    ,49.3
24,04,27,3,京都,3,10,御池特別･2勝,43,芝,8,1400,良,シュガーフロート  ,牝,5,太宰啓介,56.0,13,13,13,13,0,1.2,12,82.5,"1225",0,0,0,9,9,35.3,422,藤野健太,栗,0,19110051,01037,01200,0824331013,ヒダカファーム,"Hidaka Farm",Mohaymen,"She's Gonna Float","Horse Chestnut",芦毛,190501,  439.2,  ,    ,50.3
24,03,16,2,中山,7,12,２勝ｸﾗｽ,43,ダ,1,1200,良,シュガーフロート  ,牝,5,永野猛蔵,55.0,16,14,10,10,0,1.5,12,72.3,"1123",0,0,0,5,8,37.8,408,藤野健太,栗,0,19110051,01188,01200,0624271214,ヒダカファーム,"Hidaka Farm",Mohaymen,"She's Gonna Float","Horse Chestnut",芦毛,190501,   72.2,  ,    ,41.3
24,01,07,1,京都,2,08,２勝ｸﾗｽ,43,ダ,1,1400,良,シュガーフロート  ,牝,5,西塚洸二,53.0,16,06,12,12,0,1.9,9,87.5,"1275",0,0,0,5,5,38.5,414,高柳大輔,栗,0,19110051,01200,01159,0824120806,ヒダカファーム,"Hidaka Farm",Mohaymen,"She's Gonna Float","Horse Chestnut",芦毛,190501,   31.2,  ,    ,45.5
23,11,18,3,福島,5,01,１勝ｸﾗｽ,23,ダ,1,1150,不,シュガーフロート  ,牝,4,西塚洸二,53.0,16,03,1,1,0,-0.2,2,67.6,"1076",0,0,0,1,1,36,416,高柳大輔,栗,800,19110051,01200,01159,0323350103,ヒダカファーム,"Hidaka Farm",Mohaymen,"She's Gonna Float","Horse Chestnut",芦毛,190501,    4.4,  ,    ,45.8
23,10,21,4,新潟,3,12,１勝ｸﾗｽ,23,ダ,1,1200,重,シュガーフロート  ,牝,4,西塚洸二,53.0,15,15,2,2,0,0.1,4,70.9,"1109",0,0,0,1,1,36.7,420,高柳大輔,栗,320,19110051,01200,01159,0423431215,ヒダカファーム,"Hidaka Farm",Mohaymen,"She's Gonna Float","Horse Chestnut",芦毛,190501,    5.5,  ,    ,43.2
23,08,12,3,小倉,1,12,１勝ｸﾗｽ,23,芝,0,1200,良,シュガーフロート  ,牝,4,西塚洸二,53.0,18,11,10,10,0,0.9,7,68.6,"1086",0,0,0,10,9,34.9,410,高柳大輔,栗,0,19110051,01200,01159,1023311211,ヒダカファーム,"Hidaka Farm",Mohaymen,"She's Gonna Float","Horse Chestnut",芦毛,190501,   13.2,  ,    ,46.6
23,06,25,1,函館,6,12,１勝ｸﾗｽ,23,芝,0,1200,良,シュガーフロート  ,牝,4,亀田温心,56.0,13,06,7,7,0,0.9,1,69.9,"1099",0,0,0,4,4,35.8,420,高柳大輔,栗,0,19110051,01176,01159,0223161206,ヒダカファーム,"Hidaka Farm",Mohaymen,"She's Gonna Float","Horse Chestnut",芦毛,190501,    3.9,  ,    ,45.3
23,06,11,1,函館,2,08,１勝ｸﾗｽ,23,芝,0,1200,良,シュガーフロート  ,牝,4,亀田温心,56.0,11,05,4,4,0,0.2,3,69.2,"1092",0,0,0,5,5,35.5,420,高柳大輔,栗,120,19110051,01176,01159,0223120805,ヒダカファーム,"Hidaka Farm",Mohaymen,"She's Gonna Float","Horse Chestnut",芦毛,190501,    5.2,  ,    ,44.9
23,04,30,1,新潟,2,12,１勝ｸﾗｽ,23,芝,0,1200,重,シュガーフロート  ,牝,4,亀田温心,56.0,15,14,5,5,0,0.1,3,70.4,"1104",0,0,0,3,3,35.4,412,高柳大輔,栗,80,19110051,01176,01159,0423121214,ヒダカファーム,"Hidaka Farm",Mohaymen,"She's Gonna Float","Horse Chestnut",芦毛,190501,    4.8,  ,    ,48.9
23,04,08,1,福島,1,12,１勝ｸﾗｽ,23,芝,0,1200,良,シュガーフロート  ,牝,4,永島まな,52.0,16,02,2,2,0,0.2,1,68.7,"1087",0,0,0,2,2,35,408,高柳大輔,栗,320,19110051,01187,01159,0323111202,ヒダカファーム,"Hidaka Farm",Mohaymen,"She's Gonna Float","Horse Chestnut",芦毛,190501,    3.6,  ,    ,46.3
23,03,04,1,阪神,7,08,１勝ｸﾗｽ,23,ダ,1,1200,良,シュガーフロート  ,牝,4,松山弘平,56.0,15,04,3,3,0,0.2,5,73.5,"1135",0,0,0,3,3,38,408,高柳大輔,栗,200,19110051,01126,01159,0923170804,ヒダカファーム,"Hidaka Farm",Mohaymen,"She's Gonna Float","Horse Chestnut",芦毛,190501,    7.7,  ,    ,43.4
23,01,14,1,中京,5,08,１勝ｸﾗｽ,23,ダ,1,1200,重,シュガーフロート  ,牝,4,鮫島克駿,56.0,14,10,5,5,0,0.9,5,72.8,"1128",0,0,0,5,4,36.7,410,高柳大輔,栗,80,19110051,01157,01159,0723150810,ヒダカファーム,"Hidaka Farm",Mohaymen,"She's Gonna Float","Horse Chestnut",芦毛,190501,   13.9,  ,    ,48.4
22,11,22,19,不明,1,09,Ｃ１　,3,ダ,1,1400,重,シュガーフロート  ,牝,3,大山真吾,55.0,12,10,1,1,0,-0.6,1,91,"1310",0,3,3,3,2,0,433,碇清次郎,地,100,19110051,05364,05435,5022J10910,ヒダカファーム,"Hidaka Farm",Mohaymen,"She's Gonna Float","Horse Chestnut",芦毛,190501,    0.0,  ,    , 0.0
22,11,03,17,不明,3,07,Ｃ１　,3,ダ,1,1400,良,シュガーフロート  ,牝,3,大山真吾,54.0,10,01,1,1,0,-0.4,1,90.9,"1309",0,1,1,1,1,0,434,碇清次郎,地,110,19110051,05364,05435,5022H30701,ヒダカファーム,"Hidaka Farm",Mohaymen,"She's Gonna Float","Horse Chestnut",芦毛,190501,    0.0,  ,    , 0.0
22,10,12,15,不明,4,07,Ｃ２二,3,ダ,1,1400,稍,シュガーフロート  ,牝,3,大山真吾,54.0,10,10,1,1,0,-1.3,1,91.4,"1314",0,1,1,1,1,0,435,碇清次郎,地,60,19110051,05364,05435,5022F40710,ヒダカファーム,"Hidaka Farm",Mohaymen,"She's Gonna Float","Horse Chestnut",芦毛,190501,    0.0,  ,    , 0.0
22,08,27,4,小倉,5,06,未勝利,7,芝,0,1200,良,シュガーフロート  ,牝,3,永島まな,50.0,17,11,3,3,0,0.3,2,68.7,"1087",0,0,0,1,1,34.9,418,高柳大輔,栗,130,19110051,01187,01159,1022450611,ヒダカファーム,"Hidaka Farm",Mohaymen,"She's Gonna Float","Horse Chestnut",芦毛,190501,    4.9,  ,    ,46.8
22,08,14,4,小倉,2,04,未勝利,7,芝,0,1200,良,シュガーフロート  ,牝,3,今村聖奈,50.0,18,11,3,3,0,0.4,3,67.8,"1078",0,0,0,6,9,34.6,412,高柳大輔,栗,130,19110051,01193,01159,1022420411,ヒダカファーム,"Hidaka Farm",Mohaymen,"She's Gonna Float","Horse Chestnut",芦毛,190501,    5.1,  ,    ,46.0
22,02,27,2,小倉,6,05,未勝利,7,芝,0,1200,良,シュガーフロート  ,牝,3,泉谷楓真,53.0,18,04,3,3,0,0.4,1,69.5,"1095",0,0,0,11,5,34.2,398,高柳大輔,栗,130,19110051,01182,01159,1022260504,ヒダカファーム,"Hidaka Farm",Mohaymen,"She's Gonna Float","Horse Chestnut",芦毛,190501,    3.0,  ,    ,53.2
22,02,12,2,小倉,1,02,未勝利,7,芝,0,1200,良,シュガーフロート  ,牝,3,泉谷楓真,53.0,18,08,2,2,0,0.1,7,68.5,"1085",0,0,0,2,1,34.9,400,高柳大輔,栗,210,19110051,01182,01159,1022210208,ヒダカファーム,"Hidaka Farm",Mohaymen,"She's Gonna Float","Horse Chestnut",芦毛,190501,   16.9,  ,    ,46.3
21,12,12,6,中京,4,02,未勝利*,7,ダ,1,1400,良,シュガーフロート  ,牝,2,小沢大仁,51.0,16,07,15,15,0,3.1,5,88.9,"1289",0,0,0,1,2,42,398,高柳大輔,栗,0,19110051,01185,01159,0721640207,ヒダカファーム,"Hidaka Farm",Mohaymen,"She's Gonna Float","Horse Chestnut",芦毛,190501,   16.1,  ,    ,33.7
21,11,20,5,阪神,5,05,新馬,15,芝,0,1400,良,シュガーフロート  ,牝,2,小沢大仁,51.0,15,12,4,4,0,0.8,13,83.2,"1232",0,0,0,2,2,36.2,400,高柳大輔,栗,110,19110051,01185,01159,0921550512,ヒダカファーム,"Hidaka Farm",Mohaymen,"She's Gonna Float","Horse Chestnut",芦毛,190501,   99.8,  ,    ,47.4
24,07,14,3,小倉,6,05,新馬,15,芝,0,2000,不,メリトーリアス    ,牡,2,西村淳也,55.0,7,07,7,7,0,3.2,6,130.3,"2103",0,1,2,7,7,39.6,508,寺島良,栗,0,22105727,01171,01158,1024360507,G1レーシング,追分ファーム,オルフェーヴル,メリオーラ,Starspangledbanner,鹿毛,220323,   18.5,  ,    ,48.2
24,07,13,2,福島,5,05,新馬,15,芝,0,1800,良,レッドソニード    ,牡,2,菅原明良,55.0,10,05,3,3,0,0.7,4,112.4,"1524",0,2,2,2,2,36.6,488,嘉藤貴行,美,180,22105403,01179,01195,0324250505,東京ホースレーシング,社台ファーム,イスラボニータ,ダンスグルーヴィ,ルーラーシップ,栗毛,220308,    9.9,  ,    ,53.6
24,06,02,3,東京,2,05,新馬・牝,15,芝,0,1600,稍,エンブロイダリー  ,牝,2,モレイラ,55.0,12,04,2,2,0,0.1,1,96.5,"1365",0,0,0,5,7,33.2,480,森一誠,美,290,22105185,05509,01201,0524320504,シルクレーシング,ノーザンファーム,アドマイヤマーズ,ロッテンマイヤー,クロフネ,鹿毛,220201,    2.5,  ,    ,64.4
24,07,06,3,小倉,3,02,未勝利*,7,芝,0,1800,良,バッケンレコード  ,牡,2,角田大和,54.0,9,07,4,4,0,1.1,6,109.7,"1497",0,9,8,6,4,37.7,454,河内洋,栗,83,22102516,01186,01072,1024330207,芳賀美知子,清水スタッド,オルフェーヴル,ホウショウアマネ,"Unbridled's Song",鹿毛,220425,   25.9,  ,    ,45.5
24,06,01,4,京都,1,05,新馬,15,芝,0,1600,良,バッケンレコード  ,牡,2,菱田裕二,55.0,11,08,7,7,0,2.6,9,96.4,"1364",0,0,0,10,11,35.2,450,河内洋,栗,0,22102516,01144,01072,0824410508,芳賀美知子,清水スタッド,オルフェーヴル,ホウショウアマネ,"Unbridled's Song",鹿毛,220425,   92.1,  ,    ,54.3
24,07,06,2,福島,3,05,新馬,15,芝,0,1800,良,アグネスサンキ    ,牡,2,石橋脩,55.0,14,08,9,9,0,1.4,5,113.5,"1535",0,14,14,14,14,35.5,448,和田勇介,美,0,22100155,01077,01165,0324230508,渡辺公美子,高昭牧場,マクフィ,アグネスサクラ,ホワイトマズル,鹿毛,220414,    7.8,  ,    ,59.9
24,06,22,4,京都,7,05,新馬,15,芝,0,1400,良,メルキオル        ,牡,2,川田将雅,55.0,12,09,11,11,0,1.5,1,85,"1250",0,0,0,2,2,35.5,472,松永幹夫,栗,0,22104796,01088,01092,0824470509,吉田勝己,ノーザンファーム,ナダル,サングレアル,ゼンノロブロイ,鹿毛,220409,    1.9,  ,    ,54.6
24,06,08,3,東京,3,04,未勝利・牝,7,芝,0,1800,良,ユッカラン        ,牝,3,木幡巧也,55.0,18,12,11,11,0,1.3,12,109.3,"1493",0,0,16,15,13,34,456,松山将樹,美,0,21102339,01162,01100,0524330412,大野裕,川向高橋育成牧場,サトノアレス,ホクセンノマイ,ジャングルポケット,鹿毛,210412,  105.4,  ,    ,60.7
24,05,12,2,東京,8,04,未勝利・牝,7,芝,0,1800,良,ユッカラン        ,牝,3,大野拓弥,55.0,17,10,0,0,3,999.9,0,0,"----",0,0,0,0,0,0,454,松山将樹,美,0,21102339,01096,01100,0524280410,大野裕,川向高橋育成牧場,サトノアレス,ホクセンノマイ,ジャングルポケット,鹿毛,210412,    0.0,  ,    , 0.0
24,04,21,1,福島,6,07,未勝利,7,芝,0,1200,良,ユッカラン        ,牝,3,黛弘人,55.0,15,07,7,7,0,0.7,6,70.2,"1102",0,0,0,12,11,34.5,448,松山将樹,美,0,21102339,01109,01100,0324160707,大野裕,川向高橋育成牧場,サトノアレス,ホクセンノマイ,ジャングルポケット,鹿毛,210412,   17.5,  ,    ,53.5
24,03,03,2,小倉,8,01,未勝利,7,芝,0,1200,稍,ユッカラン        ,牝,3,黛弘人,55.0,18,04,10,10,0,0.9,5,70.9,"1109",0,0,0,18,17,35.2,450,松山将樹,美,0,21102339,01109,01100,1024280104,大野裕,川向高橋育成牧場,サトノアレス,ホクセンノマイ,ジャングルポケット,鹿毛,210412,   23.9,  ,    ,51.4
24,02,18,2,小倉,4,02,未勝利・牝,7,芝,0,1200,良,ユッカラン        ,牝,3,大野拓弥,55.0,18,10,4,4,0,0.4,10,69.2,"1092",0,0,0,12,13,34.8,450,松山将樹,美,83,21102339,01096,01100,1024240210,大野裕,川向高橋育成牧場,サトノアレス,ホクセンノマイ,ジャングルポケット,鹿毛,210412,   34.5,  ,    ,48.9
23,12,10,4,中京,4,04,未勝利*,7,芝,0,1400,良,ユッカラン        ,牝,2,松本大輝,54.0,16,09,16,16,0,1.4,10,83.4,"1234",0,0,0,13,13,35.4,446,松山将樹,美,0,21102339,01191,01100,0723440409,大野裕,川向高橋育成牧場,サトノアレス,ホクセンノマイ,ジャングルポケット,鹿毛,210412,   17.6,  ,    ,51.7
23,11,19,3,福島,6,06,未勝利*,7,芝,0,1200,良,ユッカラン        ,牝,2,富田暁,55.0,16,05,10,10,0,0.9,6,72.8,"1128",0,0,0,14,13,36.5,446,松山将樹,美,0,21102339,01168,01100,0323360605,大野裕,川向高橋育成牧場,サトノアレス,ホクセンノマイ,ジャングルポケット,鹿毛,210412,   13.2,  ,    ,49.5
23,10,29,4,新潟,6,05,新馬,15,芝,0,1400,不,ユッカラン        ,牝,2,大野拓弥,55.0,18,15,2,2,0,0.1,5,85.9,"1259",0,0,0,8,9,37,446,松山将樹,美,290,21102339,01096,01100,0423460515,大野裕,川向高橋育成牧場,サトノアレス,ホクセンノマイ,ジャングルポケット,鹿毛,210412,   10.3,  ,    ,49.1
24,06,15,4,京都,5,06,未勝利,7,ダ,1,1900,良,クールクラバート  ,牡,3,吉村誠之,54.0,16,06,11,11,0,4.6,13,124.8,"2048",0,8,8,14,13,40.4,464,清水久詞,栗,0,21105177,01216,01110,0824450606,社台レースホース,社台ファーム,モーリス,ビジューミニョン,ダイワメジャー,栗毛,210517,  142.8,  ,    ,46.4
24,01,27,1,小倉,5,05,未勝利,7,芝,0,1800,良,クールクラバート  ,牡,3,藤岡康太,57.0,13,03,9,9,0,1,6,110.5,"1505",0,12,12,10,11,37.2,460,清水久詞,栗,0,21105177,01116,01110,1024150503,社台レースホース,社台ファーム,モーリス,ビジューミニョン,ダイワメジャー,栗毛,210517,   18.8,  ,    ,48.5
24,01,13,1,中山,4,05,新馬,15,芝,8,1600,良,クールクラバート  ,牡,3,キング,57.0,16,01,10,10,0,1.9,1,97.9,"1379",0,0,12,13,13,34.9,460,清水久詞,栗,0,21105177,05643,01110,0624140501,社台レースホース,社台ファーム,モーリス,ビジューミニョン,ダイワメジャー,栗毛,210517,    3.4,  ,    ,58.3
24,06,09,3,東京,4,06,未勝利,7,芝,0,1600,良,ティファニーユー  ,牝,3,石神深道,52.0,18,05,11,11,0,1.6,13,95.3,"1353",0,0,0,4,4,35.8,428,岩戸孝樹,美,0,21100749,01209,01051,0524340605,ターフ・スポート,高昭牧場,リオンディーズ,ラビングハート,"Sea The Stars",鹿毛,210421,  254.3,  ,    ,49.7
24,04,28,2,東京,4,04,未勝利,7,芝,0,1400,良,ティファニーユー  ,牝,3,永野猛蔵,54.0,18,02,12,12,0,1.3,14,82.4,"1224",0,0,0,14,14,34.8,428,岩戸孝樹,美,0,21100749,01188,01051,0524240402,ターフ・スポート,高昭牧場,リオンディーズ,ラビングハート,"Sea The Stars",鹿毛,210421,   91.6,  ,    ,52.6
24,02,25,2,中山,2,05,未勝利,7,芝,8,1600,稍,ティファニーユー  ,牝,3,永野猛蔵,54.0,16,07,8,8,0,1.2,9,96.9,"1369",0,0,10,9,8,36.9,430,岩戸孝樹,美,0,21100749,01188,01051,0624220507,ターフ・スポート,高昭牧場,リオンディーズ,ラビングハート,"Sea The Stars",鹿毛,210421,   58.2,  ,    ,47.6
24,05,18,2,東京,9,05,未勝利,7,芝,0,2000,良,フォティーゾ      ,牡,3,横山武史,57.0,18,12,2,2,0,0,2,119.2,"1592",0,0,4,4,4,34.8,488,宮田敬介,美,220,21105083,01170,01175,0524290512,社台レースホース,社台ファーム,キズナ,スキア,Motivator,鹿毛,210415,    5.2,  ,    ,53.9
24,04,28,2,東京,4,05,未勝利,7,芝,0,2000,良,フォティーゾ      ,牡,3,横山武史,57.0,12,08,9,9,0,1.8,1,122.1,"2021",0,0,9,10,11,34.7,494,宮田敬介,美,0,21105083,01170,01175,0524240508,社台レースホース,社台ファーム,キズナ,スキア,Motivator,鹿毛,210415,    2.5,  ,    ,57.9
24,06,29,3,小倉,1,04,未勝利,7,芝,0,1800,良,シュヴェルトリリエ,牡,3,坂井瑠星,57.0,16,11,5,5,0,0.3,1,109.3,"1493",0,7,7,5,4,36.7,446,矢作芳人,栗,55,21105855,01163,01075,1024310411,キャロットファーム,ノーザンファーム,モーリス,リスグラシュー,ハーツクライ,鹿毛,210207,    2.1,  ,    ,48.9
24,06,09,4,京都,4,06,未勝利,7,芝,8,1800,稍,シュヴェルトリリエ,牡,3,松若風馬,57.0,18,18,2,2,0,0,4,107.8,"1478",0,0,0,16,13,33.9,452,矢作芳人,栗,220,21105855,01154,01075,0824440618,キャロットファーム,ノーザンファーム,モーリス,リスグラシュー,ハーツクライ,鹿毛,210207,   12.8,  ,    ,59.0
24,03,30,2,阪神,3,03,未勝利,7,芝,8,1800,良,シュヴェルトリリエ,牡,3,鮫島克駿,57.0,18,11,8,8,0,0.8,3,107.1,"1471",0,0,0,3,4,36.4,456,矢作芳人,栗,0,21105855,01157,01075,0924230311,キャロットファーム,ノーザンファーム,モーリス,リスグラシュー,ハーツクライ,鹿毛,210207,    4.3,  ,    ,47.1
24,03,09,1,中京,1,03,未勝利,7,芝,0,2000,良,シュヴェルトリリエ,牡,3,三浦皇成,57.0,12,12,4,4,0,0.3,1,123.6,"2036",0,3,4,3,3,35.3,456,矢作芳人,栗,83,21105855,01122,01075,0724110312,キャロットファーム,ノーザンファーム,モーリス,リスグラシュー,ハーツクライ,鹿毛,210207,    2.6,  ,    ,57.2
23,09,24,4,阪神,7,05,新馬,15,芝,0,2000,良,シュヴェルトリリエ,牡,2,坂井瑠星,55.0,7,06,3,3,0,0.4,2,121.7,"2017",0,2,3,3,3,34.9,448,矢作芳人,栗,180,21105855,01163,01075,0923470506,キャロットファーム,ノーザンファーム,モーリス,リスグラシュー,ハーツクライ,鹿毛,210207,    2.8,  ,    ,56.6
24,06,16,3,東京,6,04,未勝利・牝,7,芝,0,1600,良,サンセットビーチ  ,牝,3,三浦皇成,55.0,16,09,8,8,0,1,8,94.8,"1348",0,0,0,5,5,35.3,428,稲垣幸雄,美,0,21106331,01122,01167,0524360409,ライフエンタープライズ,高瀬牧場,リオンディーズ,シンボリティアラ,スクリーンヒーロー,青毛,210215,   43.0,  ,    ,51.1
24,04,13,3,中山,7,05,未勝利,7,芝,8,1600,良,サンセットビーチ  ,牝,3,勝浦正樹,55.0,16,16,11,11,0,0.9,14,95.7,"1357",0,0,14,14,13,35,440,稲垣幸雄,美,0,21106331,01025,01167,0624370516,ライフエンタープライズ,高瀬牧場,リオンディーズ,シンボリティアラ,スクリーンヒーロー,青毛,210215,  144.3,  ,    ,54.1
24,06,08,3,東京,3,04,未勝利・牝,7,芝,0,1800,良,キョウエイスピール,牝,3,原優介,54.0,18,04,6,6,0,0.7,6,108.7,"1487",0,0,1,2,2,34.4,436,伊藤伸一,美,0,21104372,01184,01031,0524330404,田中晴夫,藤沢牧場,ロゴタイプ,キョウエイトリガー,イーグルカフェ,鹿毛,210131,   37.5,  ,    ,58.0
24,05,12,2,東京,8,04,未勝利・牝,7,芝,0,1800,良,キョウエイスピール,牝,3,長浜鴻緒,52.0,17,05,6,6,0,1.1,8,107.9,"1479",0,0,11,12,14,34.5,438,伊藤伸一,美,0,21104372,01214,01031,0524280405,田中晴夫,藤沢牧場,ロゴタイプ,キョウエイトリガー,イーグルカフェ,鹿毛,210131,   69.3,  ,    ,56.4
24,04,27,2,東京,3,05,未勝利,7,芝,0,1800,良,キョウエイスピール,牝,3,原優介,54.0,15,02,8,8,0,0.7,6,109.1,"1491",0,0,9,10,10,34.2,440,伊藤伸一,美,0,21104372,01184,01031,0524230502,田中晴夫,藤沢牧場,ロゴタイプ,キョウエイトリガー,イーグルカフェ,鹿毛,210131,   27.0,  ,    ,59.5
24,04,07,3,中山,6,04,未勝利,7,芝,8,1600,重,キョウエイスピール,牝,3,原優介,54.0,16,16,5,5,0,0.8,9,96.5,"1365",0,0,9,8,7,37.1,440,伊藤伸一,美,55,21104372,01184,01031,0624360416,田中晴夫,藤沢牧場,ロゴタイプ,キョウエイトリガー,イーグルカフェ,鹿毛,210131,   76.7,  ,    ,46.1
23,12,23,5,中山,7,03,未勝利*,7,芝,8,1600,良,キョウエイスピール,牝,2,佐々木大,54.0,16,12,13,13,0,1.6,8,96,"1360",0,0,9,8,9,36.5,440,伊藤伸一,美,0,21104372,01197,01031,0623570312,田中晴夫,藤沢牧場,ロゴタイプ,キョウエイトリガー,イーグルカフェ,鹿毛,210131,   69.6,  ,    ,47.8
23,12,09,4,中京,3,05,未勝利・牝*,7,芝,0,1600,良,キョウエイスピール,牝,2,佐々木大,54.0,16,16,5,5,0,0.6,13,95.1,"1351",0,0,14,10,10,34.7,440,伊藤伸一,美,55,21104372,01197,01031,0723430516,田中晴夫,藤沢牧場,ロゴタイプ,キョウエイトリガー,イーグルカフェ,鹿毛,210131,  145.7,  ,    ,54.4
23,10,22,4,新潟,4,02,未勝利・牝*,7,芝,8,1600,重,キョウエイスピール,牝,2,小林凌大,53.0,11,02,6,6,0,0.8,10,97.6,"1376",0,0,0,9,10,34.9,452,伊藤伸一,美,0,21104372,01177,01031,0423440202,田中晴夫,藤沢牧場,ロゴタイプ,キョウエイトリガー,イーグルカフェ,鹿毛,210131,  223.4,  ,    ,57.8
23,10,07,4,東京,1,06,新馬・牝,15,芝,0,1600,良,キョウエイスピール,牝,2,小林凌大,53.0,18,16,11,11,0,1.5,18,96.5,"1365",0,0,0,16,15,34.8,456,伊藤伸一,美,0,21104372,01177,01031,0523410616,田中晴夫,藤沢牧場,ロゴタイプ,キョウエイトリガー,イーグルカフェ,鹿毛,210131,  324.5,  ,    ,56.4
24,06,08,4,京都,3,01,未勝利・牝,7,ダ,1,1800,良,ブギーナイツ      ,牝,3,松若風馬,55.0,16,06,8,8,0,2.1,5,116.6,"1566",0,2,2,2,2,40.2,458,鮫島一歩,栗,0,21103240,01154,01046,0824430106,安原浩司,三嶋牧場,サトノクラウン,ジャポニウム,ダノンシャンティ,黒鹿,210408,   14.9,  ,    ,45.0
24,05,18,1,新潟,7,02,未勝利・牝,7,ダ,1,1800,良,ブギーナイツ      ,牝,3,佐々木大,55.0,15,10,6,6,0,1.8,2,116.6,"1566",0,6,6,6,6,40.4,450,鮫島一歩,栗,0,21103240,01197,01046,0424170210,安原浩司,三嶋牧場,サトノクラウン,ジャポニウム,ダノンシャンティ,黒鹿,210408,    3.3,  ,    ,44.3
24,05,05,3,京都,6,01,未勝利・牝,7,ダ,1,1800,良,ブギーナイツ      ,牝,3,松若風馬,55.0,10,02,4,4,0,0.5,5,115.2,"1552",0,9,9,7,4,38.1,456,鮫島一歩,栗,83,21103240,01154,01046,0824360102,安原浩司,三嶋牧場,サトノクラウン,ジャポニウム,ダノンシャンティ,黒鹿,210408,   19.2,  ,    ,51.2
24,04,13,2,阪神,7,04,未勝利,7,芝,8,1600,良,ブギーナイツ      ,牝,3,松若風馬,55.0,18,16,12,12,0,1.4,14,95.6,"1356",0,0,0,16,18,33.8,464,鮫島一歩,栗,0,21103240,01154,01046,0924270416,安原浩司,三嶋牧場,サトノクラウン,ジャポニウム,ダノンシャンティ,黒鹿,210408,   99.3,  ,    ,59.7
24,07,07,2,福島,4,03,未勝利・牝,7,芝,0,1800,良,ルージュカエラ    ,牝,3,三浦皇成,55.0,16,06,4,4,0,0.1,3,108.9,"1489",0,8,9,8,9,36.5,436,加藤征弘,美,83,21104931,01122,01059,0324240306,東京ホースレーシング,社台コーポレーション白老ファーム,レイデオロ,レッツサッチャー,フレンチデピュティ,黒鹿,210130,    8.2,  ,    ,49.2
24,06,16,3,東京,6,06,未勝利,7,芝,0,1800,良,ルージュカエラ    ,牝,3,団野大成,55.0,16,13,4,4,0,0.3,10,107.7,"1477",0,0,2,2,2,34.7,440,加藤征弘,美,83,21104931,01180,01059,0524360613,東京ホースレーシング,社台コーポレーション白老ファーム,レイデオロ,レッツサッチャー,フレンチデピュティ,黒鹿,210130,   44.7,  ,    ,55.2
24,05,12,2,東京,8,04,未勝利・牝,7,芝,0,1800,良,ルージュカエラ    ,牝,3,岩田望来,55.0,17,15,9,9,0,1.3,9,108.1,"1481",0,0,12,15,16,34.4,446,加藤征弘,美,0,21104931,01174,01059,0524280415,東京ホースレーシング,社台コーポレーション白老ファーム,レイデオロ,レッツサッチャー,フレンチデピュティ,黒鹿,210130,   77.8,  ,    ,57.1
24,05,18,3,京都,9,05,未勝利・牝,7,芝,0,2000,良,エイユーキュート  ,牝,3,幸英明,55.0,14,07,7,7,0,0.5,6,120.9,"2009",0,2,2,2,2,34.8,446,森田直行,栗,0,21105960,00732,01142,0824390507,笹部義則,レイクヴィラファーム,エピファネイア,サルスエラ,マンハッタンカフェ,黒鹿,210427,   12.7,  ,    ,56.0
24,03,02,2,小倉,7,06,未勝利,7,芝,0,2000,稍,エイユーキュート  ,牝,3,菱田裕二,55.0,15,13,5,5,0,0.9,2,124.1,"2041",0,2,2,1,2,37.4,440,森田直行,栗,55,21105960,01144,01142,1024270613,笹部義則,レイクヴィラファーム,エピファネイア,サルスエラ,マンハッタンカフェ,黒鹿,210427,    3.3,  ,    ,49.4
23,12,10,5,中山,4,05,新馬,15,芝,0,1800,良,エイユーキュート  ,牝,2,幸英明,55.0,16,16,2,2,0,0,8,110.8,"1508",0,4,6,5,5,34.5,440,森田直行,栗,290,21105960,00732,01142,0623540516,笹部義則,レイクヴィラファーム,エピファネイア,サルスエラ,マンハッタンカフェ,黒鹿,210427,   22.3,  ,    ,60.6
24,06,22,4,京都,7,04,未勝利,7,ダ,1,1900,重,ヴィーナスウインズ,牝,3,酒井学,55.0,16,04,14,14,0,5,15,126.6,"2066",0,11,11,14,15,41.9,400,鮫島一歩,栗,0,21102688,01034,01046,0824470404,ヒダカ・ブリーダーズ・ユニオン,ガーベラパークスタツド,オルフェーヴル,ノーブルサンズ,ゴールドアリュール,栗毛,210410,  204.8,  ,    ,43.3
24,05,26,3,京都,12,01,未勝利・牝,7,ダ,1,1800,良,ヴィーナスウインズ,牝,3,松若風馬,55.0,16,13,8,8,0,2,11,116.8,"1568",0,15,14,16,14,39.1,398,鮫島一歩,栗,0,21102688,01154,01046,08243C0113,ヒダカ・ブリーダーズ・ユニオン,ガーベラパークスタツド,オルフェーヴル,ノーブルサンズ,ゴールドアリュール,栗毛,210410,   90.5,  ,    ,49.4
24,03,17,1,中京,4,03,未勝利・牝,7,芝,0,2000,良,ヴィーナスウインズ,牝,3,富田暁,55.0,18,17,12,12,0,1.6,15,125.2,"2052",0,16,15,13,14,34.9,380,鮫島一歩,栗,0,21102688,01168,01046,0724140317,ヒダカ・ブリーダーズ・ユニオン,ガーベラパークスタツド,オルフェーヴル,ノーブルサンズ,ゴールドアリュール,栗毛,210410,  161.5,  ,    ,60.9
24,02,24,1,阪神,1,05,未勝利,7,芝,0,2000,稍,ヴィーナスウインズ,牝,3,松若風馬,55.0,13,08,8,8,0,1.3,12,124.1,"2041",0,12,12,10,11,35.2,390,鮫島一歩,栗,0,21102688,01154,01046,0924110508,ヒダカ・ブリーダーズ・ユニオン,ガーベラパークスタツド,オルフェーヴル,ノーブルサンズ,ゴールドアリュール,栗毛,210410,  359.7,  ,    ,58.2
24,06,23,3,東京,8,03,未勝利,7,芝,0,2400,稍,レトロタイプ      ,牡,3,オシェア,57.0,18,16,0,0,3,999.9,0,0,"----",0,0,0,0,0,0,508,加藤士津,美,0,21104843,05663,01169,0524380316,松本貴嗣,社台コーポレーション白老ファーム,ロゴタイプ,キトゥンズグレイス,"Kitten's Joy",鹿毛,210210,    0.0,  ,    , 0.0
24,06,02,3,東京,2,02,未勝利,7,ダ,1,2100,重,レトロタイプ      ,牡,3,オシェア,57.0,16,14,15,15,0,3.6,8,134.6,"2146",0,9,9,5,4,40.6,512,加藤士津,美,0,21104843,05663,01169,0524320214,松本貴嗣,社台コーポレーション白老ファーム,ロゴタイプ,キトゥンズグレイス,"Kitten's Joy",鹿毛,210210,   26.3,  ,    ,42.6
24,05,12,1,新潟,6,01,未勝利,7,芝,8,1800,良,レトロタイプ      ,牡,3,亀田温心,57.0,16,10,4,4,0,0.7,5,109.7,"1497",0,0,0,4,4,35.3,512,加藤士津,美,83,21104843,01176,01169,0424160110,松本貴嗣,社台コーポレーション白老ファーム,ロゴタイプ,キトゥンズグレイス,"Kitten's Joy",鹿毛,210210,   11.1,  ,    ,55.4
24,02,24,2,小倉,5,05,未勝利,7,芝,0,2000,重,レトロタイプ      ,牡,3,吉田隼人,57.0,18,18,14,14,0,2.7,7,125.2,"2052",0,14,12,6,10,38.4,508,加藤士津,美,0,21104843,01095,01169,1024250518,松本貴嗣,社台コーポレーション白老ファーム,ロゴタイプ,キトゥンズグレイス,"Kitten's Joy",鹿毛,210210,   23.3,  ,    ,46.9
24,02,10,2,小倉,1,06,未勝利・若,7,芝,0,1800,良,レトロタイプ      ,牡,3,水沼元輝,54.0,12,09,5,5,0,0.4,2,110.2,"1502",0,10,10,8,7,37.4,506,加藤士津,美,55,21104843,01201,01169,1024210609,松本貴嗣,社台コーポレーション白老ファーム,ロゴタイプ,キトゥンズグレイス,"Kitten's Joy",鹿毛,210210,    5.3,  ,    ,47.3
24,02,04,1,小倉,8,02,未勝利,7,芝,0,1800,重,レトロタイプ      ,牡,3,丹内祐次,57.0,12,12,4,4,0,0.7,5,113.3,"1533",0,2,2,2,2,37,514,加藤士津,美,83,21104843,01091,01169,1024180212,松本貴嗣,社台コーポレーション白老ファーム,ロゴタイプ,キトゥンズグレイス,"Kitten's Joy",鹿毛,210210,    7.4,  ,    ,53.1
23,12,09,4,中京,3,04,未勝利*,7,芝,0,2000,良,レトロタイプ      ,牡,2,吉村智洋,56.0,16,03,6,6,0,1,5,123.5,"2035",0,10,8,10,9,35.8,508,加藤士津,美,0,21104843,05390,01169,0723430403,松本貴嗣,社台コーポレーション白老ファーム,ロゴタイプ,キトゥンズグレイス,"Kitten's Joy",鹿毛,210210,   16.0,  ,    ,55.0
23,11,26,5,東京,8,04,未勝利*,7,芝,0,2000,良,レトロタイプ      ,牡,2,内田博幸,56.0,14,04,10,10,0,1.3,5,121.7,"2017",0,0,8,10,10,35.5,518,加藤士津,美,0,21104843,00422,01169,0523580404,松本貴嗣,社台コーポレーション白老ファーム,ロゴタイプ,キトゥンズグレイス,"Kitten's Joy",鹿毛,210210,   23.3,  ,    ,54.1
23,11,05,5,東京,2,04,未勝利*,7,芝,0,1800,良,レトロタイプ      ,牡,2,内田博幸,56.0,6,04,3,3,0,0.3,4,108.8,"1488",0,0,3,4,4,34.2,516,加藤士津,美,140,21104843,00422,01169,0523520404,松本貴嗣,社台コーポレーション白老ファーム,ロゴタイプ,キトゥンズグレイス,"Kitten's Joy",鹿毛,210210,   15.8,  ,    ,59.1
23,10,22,4,東京,7,06,１勝ｸﾗｽ*,23,芝,0,1400,良,レトロタイプ      ,牡,2,内田博幸,56.0,9,09,5,5,0,0.9,7,85,"1250",0,0,0,8,9,33.4,518,加藤士津,美,78,21104843,00422,01169,0523470609,松本貴嗣,社台コーポレーション白老ファーム,ロゴタイプ,キトゥンズグレイス,"Kitten's Joy",鹿毛,210210,  109.8,  ,    ,65.9
23,08,06,2,新潟,4,06,新馬,15,ダ,1,1800,良,レトロタイプ      ,牡,2,菱田裕二,55.0,14,11,13,13,0,6.2,13,121,"2010",0,12,12,14,14,39.8,512,加藤士津,美,0,21104843,01144,01169,0423240611,松本貴嗣,社台コーポレーション白老ファーム,ロゴタイプ,キトゥンズグレイス,"Kitten's Joy",鹿毛,210210,   76.8,  ,    ,52.0
24,06,16,3,東京,6,04,未勝利・牝,7,芝,0,1600,良,エイシンポリシー  ,牝,3,木幡巧也,55.0,16,13,6,6,0,0.2,12,94,"1340",0,0,0,2,2,34.9,468,勢司和浩,美,0,21102841,01162,01047,0524360413,栄進堂,高野牧場,エイシンヒカリ,エイシンフェアリー,タイキシャトル,栗毛,210220,  203.7,  ,    ,51.6
24,03,24,3,中山,2,02,未勝利,7,ダ,1,1200,良,エイシンポリシー  ,牝,3,石橋脩,55.0,16,14,15,15,0,2.8,8,74.5,"1145",0,0,0,7,8,39.6,466,勢司和浩,美,0,21102841,01077,01047,0624320214,栄進堂,高野牧場,エイシンヒカリ,エイシンフェアリー,タイキシャトル,栗毛,210220,   43.8,  ,    ,38.1
24,02,18,1,東京,8,03,新馬,15,ダ,1,1400,良,エイシンポリシー  ,牝,3,石橋脩,55.0,16,03,6,6,0,1.1,9,89.3,"1293",0,0,0,3,3,38.8,468,勢司和浩,美,0,21102841,01077,01047,0524180303,栄進堂,高野牧場,エイシンヒカリ,エイシンフェアリー,タイキシャトル,栗毛,210220,   32.7,  ,    ,47.6
24,07,13,3,小倉,5,02,未勝利・牝,7,芝,0,1800,良,ウエストチェリー  ,牝,3,酒井学,55.0,16,03,3,3,0,0.4,6,107.8,"1478",0,9,8,8,3,36.2,446,小椋研介,栗,140,21103505,01034,01197,1024350203,岡田牧雄,岡田スタツド,エイシンフラッシュ,スピリテッドエアー,"Danehill Dancer",青鹿,210130,   19.6,  ,    ,48.9
24,06,22,4,京都,7,06,未勝利・牝,7,芝,8,1800,良,ウエストチェリー  ,牝,3,岩田望来,55.0,18,16,5,5,0,0.7,9,106.8,"1468",0,0,0,8,7,34.8,446,小椋研介,栗,55,21103505,01174,01197,0824470616,岡田牧雄,岡田スタツド,エイシンフラッシュ,スピリテッドエアー,"Danehill Dancer",青鹿,210130,   26.6,  ,    ,53.4
24,05,11,3,京都,7,04,未勝利・牝,7,芝,0,1600,良,ウエストチェリー  ,牝,3,団野大成,55.0,18,08,8,8,0,0.6,10,94.5,"1345",0,0,0,18,16,33.9,454,小椋研介,栗,0,21103505,01180,01197,0824370408,岡田牧雄,岡田スタツド,エイシンフラッシュ,スピリテッドエアー,"Danehill Dancer",青鹿,210130,   68.5,  ,    ,57.3
24,04,28,3,京都,4,03,未勝利,7,芝,0,1400,良,ウエストチェリー  ,牝,3,菅原明良,55.0,18,08,7,7,0,0.3,10,81.9,"1219",0,0,0,14,13,34.5,452,小椋研介,栗,0,21103505,01179,01197,0824340308,岡田牧雄,岡田スタツド,エイシンフラッシュ,スピリテッドエアー,"Danehill Dancer",青鹿,210130,  127.1,  ,    ,53.0
24,03,23,1,中京,5,02,未勝利,7,芝,0,1400,重,ウエストチェリー  ,牝,3,角田大河,54.0,18,12,7,7,0,1,11,84.6,"1246",0,0,0,13,13,35.2,450,小椋研介,栗,0,21103505,01199,01197,0724150212,岡田牧雄,岡田スタツド,エイシンフラッシュ,スピリテッドエアー,"Danehill Dancer",青鹿,210130,   97.3,  ,    ,55.3
24,03,03,2,小倉,8,01,未勝利,7,芝,0,1200,稍,ウエストチェリー  ,牝,3,小沢大仁,54.0,18,16,4,4,0,0.4,18,70.4,"1104",0,0,0,13,12,35.3,454,松永昌博,栗,83,21103505,01185,01083,1024280116,岡田牧雄,岡田スタツド,エイシンフラッシュ,スピリテッドエアー,"Danehill Dancer",青鹿,210130,  366.2,  ,    ,49.4
23,11,05,3,京都,2,01,未勝利*,7,芝,0,1200,良,ウエストチェリー  ,牝,2,今村聖奈,52.0,14,07,13,13,0,1.4,13,70.5,"1105",0,0,0,12,13,34.5,456,松永昌博,栗,0,21103505,01193,01083,0823320107,岡田牧雄,岡田スタツド,エイシンフラッシュ,スピリテッドエアー,"Danehill Dancer",青鹿,210130,  241.1,  ,    ,54.3
23,10,22,2,京都,7,02,未勝利*,7,ダ,1,1400,良,ウエストチェリー  ,牝,2,幸英明,55.0,16,09,12,12,0,4,10,89.7,"1297",0,0,0,13,9,41.4,460,松永昌博,栗,0,21103505,00732,01083,0823270209,岡田牧雄,岡田スタツド,エイシンフラッシュ,スピリテッドエアー,"Danehill Dancer",青鹿,210130,  113.4,  ,    ,37.5
23,10,09,2,京都,3,01,未勝利*,7,芝,0,1400,重,ウエストチェリー  ,牝,2,小沢大仁,54.0,12,05,11,11,0,1.7,10,84.3,"1243",0,0,0,7,7,37.9,462,松永昌博,栗,0,21103505,01185,01083,0823230105,岡田牧雄,岡田スタツド,エイシンフラッシュ,スピリテッドエアー,"Danehill Dancer",青鹿,210130,  127.8,  ,    ,41.8
23,09,18,4,阪神,5,05,新馬,15,芝,0,1200,良,ウエストチェリー  ,牝,2,小沢大仁,54.0,9,03,5,5,0,1.3,8,70.5,"1105",0,0,0,6,6,34.9,466,松永昌博,栗,72,21103505,01185,01083,0923450503,岡田牧雄,岡田スタツド,エイシンフラッシュ,スピリテッドエアー,"Danehill Dancer",青鹿,210130,   64.8,  ,    ,52.0
24,06,08,3,東京,3,04,未勝利・牝,7,芝,0,1800,良,ノーマジック      ,牝,3,大江原比,51.0,18,05,9,9,0,1.2,13,109.2,"1492",0,0,4,6,8,34.3,458,戸田博文,美,0,21101166,01210,01054,0524330405,山岡重行,オリオンファーム,ストロングリターン,ウインルキア,ディープインパクト,青鹿,210429,  141.0,  ,    ,59.2
24,05,04,1,新潟,3,02,未勝利・若,7,ダ,1,1800,良,ノーマジック      ,牝,3,大江原比,51.0,15,14,7,7,0,2.4,12,117.4,"1574",0,4,5,12,12,39,458,戸田博文,美,0,21101166,01210,01054,0424130214,山岡重行,オリオンファーム,ストロングリターン,ウインルキア,ディープインパクト,青鹿,210429,  155.1,  ,    ,50.5
24,04,13,1,福島,3,04,未勝利・牝,7,芝,0,2000,良,ノーマジック      ,牝,3,大江原比,51.0,16,13,8,8,0,1.4,10,122.8,"2028",0,3,6,10,10,37,460,戸田博文,美,0,21101166,01210,01054,0324130413,山岡重行,オリオンファーム,ストロングリターン,ウインルキア,ディープインパクト,青鹿,210429,  116.9,  ,    ,49.4
23,12,02,5,中山,1,02,未勝利・牝*,7,ダ,1,1800,良,ノーマジック      ,牝,2,吉田豊,55.0,16,03,11,11,0,2.8,10,119.7,"1597",0,1,1,2,2,42.9,474,戸田博文,美,0,21101166,00733,01054,0623510203,山岡重行,オリオンファーム,ストロングリターン,ウインルキア,ディープインパクト,青鹿,210429,   98.1,  ,    ,39.5
23,11,11,5,東京,3,06,新馬・牝,15,芝,0,1600,良,ノーマジック      ,牝,2,吉田豊,55.0,14,14,12,12,0,1.7,8,97.8,"1378",0,0,0,11,10,35.4,476,戸田博文,美,0,21101166,00733,01054,0523530614,山岡重行,オリオンファーム,ストロングリターン,ウインルキア,ディープインパクト,青鹿,210429,   29.4,  ,    ,55.8
24,05,12,2,東京,8,04,未勝利・牝,7,芝,0,1800,良,ウインカルディア  ,牝,3,永野猛蔵,54.0,17,16,11,11,0,1.8,13,108.6,"1486",0,0,16,15,14,35.2,400,鹿戸雄一,美,0,21106197,01188,01097,0524280416,ウイン,コスモヴューファーム,エピファネイア,ウインシトリン,ステイゴールド,鹿毛,210123,  260.7,  ,    ,54.3
24,05,18,2,東京,9,05,未勝利,7,芝,0,2000,良,ウインベルレーヌ  ,牝,3,松岡正海,55.0,18,11,10,10,0,1.8,10,121,"2010",0,0,7,5,4,36.5,440,宗像義忠,美,0,21106198,01085,00420,0524290511,ウイン,コスモヴューファーム,ルーラーシップ,ウインシャトレーヌ,ダイワメジャー,鹿毛,210323,   67.0,  ,    ,49.2
24,05,04,1,新潟,3,05,未勝利・牝,7,芝,8,1800,良,ウインベルレーヌ  ,牝,3,小林勝太,52.0,16,06,6,6,0,1.2,14,109.5,"1495",0,0,0,12,12,35.8,448,宗像義忠,美,0,21106198,01205,00420,0424130506,ウイン,コスモヴューファーム,ルーラーシップ,ウインシャトレーヌ,ダイワメジャー,鹿毛,210323,   98.7,  ,    ,52.9
24,02,10,2,小倉,1,02,未勝利,7,芝,0,1800,稍,ウインベルレーヌ  ,牝,3,黛弘人,55.0,14,10,14,14,0,2.4,13,112,"1520",0,6,7,9,11,37.1,446,宗像義忠,美,0,21106198,01109,00420,1024210210,ウイン,コスモヴューファーム,ルーラーシップ,ウインシャトレーヌ,ダイワメジャー,鹿毛,210323,   72.0,  ,    ,50.9
24,01,21,1,小倉,4,02,未勝利・牝,7,芝,0,1800,重,ウインベルレーヌ  ,牝,3,黛弘人,55.0,14,01,6,6,0,1.1,8,112.5,"1525",0,5,3,5,5,36.4,432,宗像義忠,美,0,21106198,01109,00420,1024140201,ウイン,コスモヴューファーム,ルーラーシップ,ウインシャトレーヌ,ダイワメジャー,鹿毛,210323,   30.5,  ,    ,54.5
23,12,16,5,中山,5,04,未勝利・牝*,7,芝,0,1800,良,ウインベルレーヌ  ,牝,2,松岡正海,55.0,16,13,10,10,0,1.4,8,110.1,"1501",0,8,8,7,7,36.2,432,宗像義忠,美,0,21106198,01085,00420,0623550413,ウイン,コスモヴューファーム,ルーラーシップ,ウインシャトレーヌ,ダイワメジャー,鹿毛,210323,   59.8,  ,    ,52.1
23,11,26,5,東京,8,06,新馬,15,芝,0,1800,良,ウインベルレーヌ  ,牝,2,松岡正海,55.0,16,07,5,5,0,0.7,13,111.7,"1517",0,0,5,6,7,34,434,宗像義忠,美,72,21106198,01085,00420,0523580607,ウイン,コスモヴューファーム,ルーラーシップ,ウインシャトレーヌ,ダイワメジャー,鹿毛,210323,  161.3,  ,    ,64.3
24,04,13,1,福島,3,04,未勝利・牝,7,芝,0,2000,良,アストラッド      ,牝,3,西塚洸二,53.0,16,04,7,7,0,1.3,4,122.7,"2027",0,10,12,8,8,37.1,406,和田正一,美,0,21100454,01200,01114,0324130404,江馬由将,三石川上牧場,ダノンバラード,ドゥザボサノバ,Galileo,黒鹿,210219,    8.0,  ,    ,48.9
24,03,23,3,中山,1,04,未勝利,7,芝,8,1600,良,アストラッド      ,牝,3,大野拓弥,55.0,16,12,5,5,0,0.6,8,95.4,"1354",0,0,9,10,9,34.6,410,和田正一,美,55,21100454,01096,01114,0624310412,江馬由将,三石川上牧場,ダノンバラード,ドゥザボサノバ,Galileo,黒鹿,210219,   59.7,  ,    ,55.4
24,05,11,2,東京,7,05,未勝利,7,芝,0,1400,良,ジャンバラヤ      ,牡,3,田辺裕信,57.0,18,15,4,4,0,0.9,5,82,"1220",0,0,0,7,7,34.7,424,中舘英二,美,83,21100559,01075,01153,0524270515,畑佐博,秋場牧場,シルバーステート,スモモチャン,ハービンジャー,黒鹿,210214,   10.7,  ,    ,52.2
24,02,18,1,東京,8,01,未勝利,7,ダ,1,1400,良,ジャンバラヤ      ,牡,3,松山弘平,57.0,16,06,14,14,0,2.8,10,88.9,"1289",0,0,0,12,11,39.1,422,中舘英二,美,0,21100559,01126,01153,0524180106,畑佐博,秋場牧場,シルバーステート,スモモチャン,ハービンジャー,黒鹿,210214,   62.8,  ,    ,45.5
24,02,03,1,東京,3,03,未勝利,7,ダ,1,1600,良,ジャンバラヤ      ,牡,3,田辺裕信,57.0,16,11,5,5,0,2,5,101.2,"1412",0,0,0,4,3,40.2,420,中舘英二,美,55,21100559,01075,01153,0524130311,畑佐博,秋場牧場,シルバーステート,スモモチャン,ハービンジャー,黒鹿,210214,   21.8,  ,    ,41.0
23,12,02,5,中山,1,03,未勝利*,7,芝,8,1600,良,ジャンバラヤ      ,牡,2,石橋脩,56.0,16,09,12,12,0,1,7,94.5,"1345",0,0,2,2,2,35.7,428,中舘英二,美,0,21100559,01077,01153,0623510309,畑佐博,秋場牧場,シルバーステート,スモモチャン,ハービンジャー,黒鹿,210214,   43.7,  ,    ,48.8
23,11,18,5,東京,5,02,未勝利*,7,芝,0,1600,良,ジャンバラヤ      ,牡,2,田辺裕信,56.0,18,06,4,4,0,0.7,8,94,"1340",0,0,0,6,6,35.6,426,中舘英二,美,83,21100559,01075,01153,0523550206,畑佐博,秋場牧場,シルバーステート,スモモチャン,ハービンジャー,黒鹿,210214,   19.2,  ,    ,48.4
23,09,30,4,中山,8,04,未勝利*,7,芝,0,2000,良,ジャンバラヤ      ,牡,2,大野拓弥,55.0,14,01,8,8,0,1.4,3,124.8,"2048",0,12,12,8,7,36,426,中舘英二,美,0,21100559,01096,01153,0623480401,畑佐博,秋場牧場,シルバーステート,スモモチャン,ハービンジャー,黒鹿,210214,    6.1,  ,    ,55.7
23,08,27,3,新潟,6,05,新馬,15,芝,8,1600,良,ジャンバラヤ      ,牡,2,大野拓弥,55.0,12,06,2,2,0,0,5,99.2,"1392",0,0,0,9,7,33.4,422,中舘英二,美,290,21100559,01096,01153,0423360506,畑佐博,秋場牧場,シルバーステート,スモモチャン,ハービンジャー,黒鹿,210214,   16.8,  ,    ,68.2
24,04,06,2,阪神,5,01,未勝利・牝,7,ダ,1,1800,稍,デヴォート        ,牝,3,鮫島克駿,55.0,16,09,12,12,0,4.6,12,117.7,"1577",0,11,12,11,11,40.9,424,橋口慎介,栗,0,21106608,01157,01154,0924250109,ノースヒルズ,ノースヒルズ,ワンアンドオンリー,アンラッシュ,ノヴェリスト,青鹿,210215,  272.0,  ,    ,43.9
24,02,25,2,小倉,6,06,未勝利,7,芝,0,1200,稍,デヴォート        ,牝,3,秋山真一,55.0,18,04,12,12,0,1.5,12,71.3,"1113",0,0,0,12,13,36.2,418,橋口慎介,栗,0,21106608,01019,01154,1024260604,ノースヒルズ,ノースヒルズ,ワンアンドオンリー,アンラッシュ,ノヴェリスト,青鹿,210215,   62.1,  ,    ,47.0
24,01,08,1,京都,3,03,新馬,15,ダ,1,1200,良,デヴォート        ,牝,3,鮫島克駿,55.0,16,12,15,15,0,3,7,78.1,"1181",0,0,0,4,4,41.2,414,橋口慎介,栗,0,21106608,01157,01154,0824130312,ノースヒルズ,ノースヒルズ,ワンアンドオンリー,アンラッシュ,ノヴェリスト,青鹿,210215,   16.0,  ,    ,39.6
24,07,07,2,福島,4,07,未勝利,7,芝,0,1200,良,ジョブックノワ    ,牝,3,藤田菜七,53.0,16,07,5,5,0,0.5,9,70.1,"1101",0,0,0,8,9,35.1,414,根本康広,美,55,21103422,01164,01029,0324240707,萩本企画,池田スタッド,ルーラーシップ,カルトマリーヌ,クロフネ,鹿毛,210309,   30.5,  ,    ,49.7
24,05,21,2,不明,2,07,ツイン,3,ダ,1,1400,重,ジョブックノワ    ,牝,3,藤田菜七,52.0,12,02,8,8,0,2,5,92.4,"1324",0,7,6,7,7,0,417,根本康広,美,0,21103422,01164,01029,4224220702,萩本企画,池田スタッド,ルーラーシップ,カルトマリーヌ,クロフネ,鹿毛,210309,    0.0,  ,    , 0.0
24,04,14,1,福島,4,01,未勝利・牝,7,ダ,1,1150,良,ジョブックノワ    ,牝,3,藤田菜七,53.0,16,14,6,6,0,1,12,70.4,"1104",0,0,0,8,8,37.9,416,根本康広,美,0,21103422,01164,01029,0324140114,萩本企画,池田スタッド,ルーラーシップ,カルトマリーヌ,クロフネ,鹿毛,210309,   97.7,  ,    ,43.5
24,02,22,12,不明,4,07,ツイン,3,ダ,1,1400,稍,ジョブックノワ    ,牝,3,森泰斗,54.0,12,06,4,4,0,0.5,3,92.2,"1322",0,4,5,6,4,0,429,小桧山悟,美,37,21103422,05342,01005,4224C40706,萩本企画,池田スタッド,ルーラーシップ,カルトマリーヌ,クロフネ,鹿毛,210309,    0.0,  ,    , 0.0
23,12,16,5,中山,5,01,未勝利*,7,ダ,1,1200,稍,ジョブックノワ    ,牝,2,佐藤翔馬,52.0,16,13,11,11,0,2,12,74,"1140",0,0,0,7,9,39.5,426,小桧山悟,美,0,21103422,01207,01005,0623550113,萩本企画,池田スタッド,ルーラーシップ,カルトマリーヌ,クロフネ,鹿毛,210309,  235.1,  ,    ,37.3
23,12,02,5,中山,1,01,未勝利*,7,ダ,1,1200,良,ジョブックノワ    ,牝,2,藤田菜七,53.0,16,02,7,7,0,1.5,7,74.3,"1143",0,0,0,4,4,39.9,426,小桧山悟,美,0,21103422,01164,01005,0623510102,萩本企画,池田スタッド,ルーラーシップ,カルトマリーヌ,クロフネ,鹿毛,210309,   44.7,  ,    ,36.2
23,10,21,4,東京,6,03,未勝利*,7,芝,0,1400,良,ジョブックノワ    ,牝,2,佐藤翔馬,52.0,10,01,8,8,0,1.6,7,84.2,"1242",0,0,0,1,1,35.4,420,小桧山悟,美,0,21103422,01207,01005,0523460301,萩本企画,池田スタッド,ルーラーシップ,カルトマリーヌ,クロフネ,鹿毛,210309,  127.9,  ,    ,53.4
23,10,09,4,東京,3,02,未勝利・牝*,7,芝,0,1600,稍,ジョブックノワ    ,牝,2,佐藤翔馬,52.0,13,09,8,8,0,1.6,10,96.7,"1367",0,0,0,1,1,38.2,420,小桧山悟,美,0,21103422,01207,01005,0523430209,萩本企画,池田スタッド,ルーラーシップ,カルトマリーヌ,クロフネ,鹿毛,210309,  222.2,  ,    ,41.9
23,09,03,3,新潟,8,01,未勝利*,7,芝,0,1400,良,ジョブックノワ    ,牝,2,佐藤翔馬,52.0,15,12,12,12,0,2.2,9,84.7,"1247",0,0,0,6,8,37.1,420,小桧山悟,美,0,21103422,01207,01005,0423380112,萩本企画,池田スタッド,ルーラーシップ,カルトマリーヌ,クロフネ,鹿毛,210309,   78.8,  ,    ,46.2
23,08,06,2,新潟,4,01,未勝利*,7,芝,0,1200,良,ジョブックノワ    ,牝,2,佐藤翔馬,52.0,11,08,5,5,0,0.6,9,70.4,"1104",0,0,0,3,3,36.2,416,小桧山悟,美,55,21103422,01207,01005,0423240108,萩本企画,池田スタッド,ルーラーシップ,カルトマリーヌ,クロフネ,鹿毛,210309,  189.6,  ,    ,44.5
23,07,23,2,福島,8,06,新馬,15,芝,0,1200,良,ジョブックノワ    ,牝,2,佐藤翔馬,52.0,11,05,6,6,0,1.4,9,73.2,"1132",0,0,0,10,10,36.5,422,小桧山悟,美,0,21103422,01207,01005,0323280605,萩本企画,池田スタッド,ルーラーシップ,カルトマリーヌ,クロフネ,鹿毛,210309,   62.6,  ,    ,50.5
24,07,06,2,福島,3,09,大郷特別･1勝,23,芝,0,1200,良,グレートスピリット,牡,3,菊沢一樹,55.0,9,02,5,5,0,0.9,7,69.5,"1095",0,0,0,5,5,34.6,504,菊沢隆徳,美,111,21103981,01161,01115,0324230902,堂守貴志,タイヘイ牧場,キズナ,レディオブキャメロット,Montjeu,黒鹿,210214,   30.7,  ,    ,50.9
24,06,29,2,福島,1,07,未勝利,7,芝,0,1800,良,グレートスピリット,牡,3,菊沢一樹,57.0,16,13,7,7,0,0.8,2,108.3,"1483",0,2,2,2,2,37.2,512,菊沢隆徳,美,0,21103981,01161,01115,0324210713,堂守貴志,タイヘイ牧場,キズナ,レディオブキャメロット,Montjeu,黒鹿,210214,    4.4,  ,    ,45.6
24,06,09,3,東京,4,06,未勝利,7,芝,0,1600,良,グレートスピリット,牡,3,菊沢一樹,57.0,18,04,3,3,0,0.3,9,94,"1340",0,0,0,1,1,35,520,菊沢隆徳,美,140,21103981,01161,01115,0524340604,堂守貴志,タイヘイ牧場,キズナ,レディオブキャメロット,Montjeu,黒鹿,210214,   91.8,  ,    ,51.1
24,03,07,12,不明,4,08,ベスト,3,ダ,1,1700,重,グレートスピリット,牡,3,菊沢一樹,56.0,11,08,10,10,0,5.5,2,115.8,"1558",0,4,4,4,5,0,515,菊沢隆徳,美,0,21103981,01161,01115,4324C40808,堂守貴志,タイヘイ牧場,キズナ,レディオブキャメロット,Montjeu,黒鹿,210214,    0.0,  ,    , 0.0
24,01,13,1,中山,4,03,未勝利,7,ダ,1,1200,良,グレートスピリット,牡,3,小林勝太,54.0,16,11,9,9,0,2.2,7,74.2,"1142",0,0,0,14,14,37.6,504,菊沢隆徳,美,0,21103981,01205,01115,0624140311,堂守貴志,タイヘイ牧場,キズナ,レディオブキャメロット,Montjeu,黒鹿,210214,   43.2,  ,    ,47.3
23,12,10,4,中京,4,05,新馬,15,ダ,1,1400,良,グレートスピリット,牡,2,角田大和,55.0,16,15,12,12,0,2.8,6,90,"1300",0,0,0,1,1,42,508,菊沢隆徳,美,0,21103981,01186,01115,0723440515,堂守貴志,タイヘイ牧場,キズナ,レディオブキャメロット,Montjeu,黒鹿,210214,   12.0,  ,    ,35.7
24,07,13,3,小倉,5,06,未勝利,7,芝,0,1200,良,ルージュリリカル  ,牝,3,吉村誠之,52.0,18,15,4,4,0,0.5,9,69.3,"1093",0,0,0,9,8,35.2,416,杉山晴紀,栗,83,21101455,01216,01157,1024350615,東京ホースレーシング,下河辺牧場,エピファネイア,レッドセシリア,ハーツクライ,青鹿,210403,   33.9,  ,    ,46.9
24,05,18,3,京都,9,04,未勝利,7,芝,0,1400,良,ルージュリリカル  ,牝,3,西村淳也,55.0,18,12,13,13,0,1.2,5,81.6,"1216",0,0,0,7,9,35.1,414,杉山晴紀,栗,0,21101455,01171,01157,0824390412,東京ホースレーシング,下河辺牧場,エピファネイア,レッドセシリア,ハーツクライ,青鹿,210403,   19.2,  ,    ,49.4
24,04,28,3,京都,4,03,未勝利,7,芝,0,1400,良,ルージュリリカル  ,牝,3,戸崎圭太,55.0,18,03,3,3,0,0.2,2,81.8,"1218",0,0,0,5,3,35.2,414,杉山晴紀,栗,140,21101455,05386,01157,0824340303,東京ホースレーシング,下河辺牧場,エピファネイア,レッドセシリア,ハーツクライ,青鹿,210403,    6.4,  ,    ,49.3
24,02,25,1,阪神,2,04,未勝利,7,芝,8,1600,重,ルージュリリカル  ,牝,3,松山弘平,55.0,18,04,9,9,0,0.8,3,96.6,"1366",0,0,0,7,7,36.2,422,杉山晴紀,栗,0,21101455,01126,01157,0924120404,東京ホースレーシング,下河辺牧場,エピファネイア,レッドセシリア,ハーツクライ,青鹿,210403,    5.3,  ,    ,50.1
23,11,11,3,京都,3,04,新馬,15,芝,0,1600,重,ルージュリリカル  ,牝,2,岩田望来,55.0,11,11,2,2,0,0.2,2,95.8,"1358",0,0,0,5,4,35.4,424,杉山晴紀,栗,290,21101455,01174,01157,0823330411,東京ホースレーシング,下河辺牧場,エピファネイア,レッドセシリア,ハーツクライ,青鹿,210403,    3.0,  ,    ,52.4
24,04,20,2,東京,1,05,未勝利,7,芝,0,1600,良,ベランジェール    ,牝,3,北村宏司,55.0,18,06,5,5,0,0.7,2,94.3,"1343",0,0,0,6,4,35.5,450,木村哲也,美,55,21105484,01043,01126,0524210506,DMMドリームクラブ,ノーザンファーム,モーリス,キャリコ,ディープインパクト,鹿毛,210123,    3.0,  ,    ,49.4
24,01,28,1,東京,2,06,未勝利,7,芝,0,1600,良,ベランジェール    ,牝,3,川田将雅,55.0,16,06,3,3,0,0.6,1,94.2,"1342",0,0,0,6,5,34.5,450,木村哲也,美,140,21105484,01088,01126,0524120606,DMMドリームクラブ,ノーザンファーム,モーリス,キャリコ,ディープインパクト,鹿毛,210123,    3.0,  ,    ,53.8
23,10,09,4,東京,3,02,未勝利・牝*,7,芝,0,1600,稍,ベランジェール    ,牝,2,北村宏司,55.0,13,12,2,2,0,0.1,4,95.2,"1352",0,0,0,11,11,35.1,448,木村哲也,美,220,21105484,01043,01126,0523430212,DMMドリームクラブ,ノーザンファーム,モーリス,キャリコ,ディープインパクト,鹿毛,210123,   17.0,  ,    ,52.7
23,07,16,2,函館,6,05,新馬,15,芝,0,1800,稍,ベランジェール    ,牝,2,ルメール,55.0,14,04,12,12,0,3,2,114,"1540",0,10,10,10,10,38.4,450,木村哲也,美,0,21105484,05339,01126,0223260504,DMMドリームクラブ,ノーザンファーム,モーリス,キャリコ,ディープインパクト,鹿毛,210123,    4.4,  ,    ,48.4
23,12,28,5,中山,9,03,未勝利*,7,芝,8,1600,良,ペイシャキク      ,牝,2,江田照男,55.0,16,15,15,15,0,1.6,15,97.2,"1372",0,0,7,6,6,37.1,432,蛯名利弘,美,0,21102638,00689,01131,0623590315,北所直人,加藤重治,メイショウボーラー,キクノフェアリー,アグネスタキオン,黒鹿,210518,  632.9,  ,    ,47.2
23,11,18,5,東京,5,03,未勝利*,7,ダ,1,1300,重,ペイシャキク      ,牝,2,江田照男,55.0,16,04,12,12,0,2.3,10,80.8,"1208",0,0,0,9,9,38.1,438,蛯名利弘,美,0,21102638,00689,01131,0523550304,北所直人,加藤重治,メイショウボーラー,キクノフェアリー,アグネスタキオン,黒鹿,210518,   56.6,  ,    ,46.1
23,11,04,3,福島,1,05,新馬,15,芝,0,1200,良,ペイシャキク      ,牝,2,秋山稔樹,54.0,16,06,6,6,0,0.7,9,71.5,"1115",0,0,0,5,5,36,438,蛯名利弘,美,0,21102638,01181,01131,0323310506,北所直人,加藤重治,メイショウボーラー,キクノフェアリー,アグネスタキオン,黒鹿,210518,   40.4,  ,    ,48.6
24,05,05,3,京都,6,04,未勝利,7,芝,0,1600,良,コイララ          ,牡,3,吉村誠之,54.0,15,03,14,14,0,3,15,95.6,"1356",0,0,0,15,13,35.2,408,庄野靖志,栗,0,21102537,01216,01087,0824360403,"Viridian Keiba Club",富田恭司,ブラックタイド,ベリーフィールズ,オペラハウス,鹿毛,210401,  748.4,  ,    ,53.0
24,01,14,1,京都,5,05,新馬,15,芝,0,1600,良,コイララ          ,牡,3,加藤祥太,57.0,18,12,17,17,0,2.9,18,98,"1380",0,0,0,9,9,37.5,414,庄野靖志,栗,0,21102537,01156,01087,0824150512,"Viridian Keiba Club",富田恭司,ブラックタイド,ベリーフィールズ,オペラハウス,鹿毛,210401,  333.6,  ,    ,46.8
24,05,18,1,新潟,7,07,未勝利,7,芝,8,1600,良,ホットサマーナイト,牝,3,北村友一,55.0,16,16,8,8,0,0.7,1,97.2,"1372",0,0,0,9,9,36,430,藤原英昭,栗,0,21110036,01102,01055,0424170716,ゴドルフィン,Godolphin,Dubawi,"Midsummer Fair","Tanino Gimlet",鹿毛,210401,    2.4,  ,    ,52.0
24,02,03,2,京都,3,05,未勝利,7,芝,0,1600,良,ホットサマーナイト,牝,3,松山弘平,55.0,16,12,3,3,0,0.4,5,94.8,"1348",0,0,0,9,9,36.1,426,藤原英昭,栗,140,21110036,01126,01055,0824230512,ゴドルフィン,Godolphin,Dubawi,"Midsummer Fair","Tanino Gimlet",鹿毛,210401,   12.7,  ,    ,47.6
24,01,07,1,京都,2,05,未勝利,7,芝,0,1600,良,ホットサマーナイト,牝,3,松山弘平,55.0,18,11,4,4,0,0.5,1,97.2,"1372",0,0,0,10,10,36.5,424,藤原英昭,栗,83,21110036,01126,01055,0824120511,ゴドルフィン,Godolphin,Dubawi,"Midsummer Fair","Tanino Gimlet",鹿毛,210401,    2.3,  ,    ,49.8
23,12,24,5,阪神,8,06,新馬,15,芝,8,1600,良,ホットサマーナイト,牝,2,北村友一,55.0,18,06,2,2,0,0.1,2,96.2,"1362",0,0,0,10,11,33.4,424,藤原英昭,栗,290,21110036,01102,01055,0923580606,ゴドルフィン,Godolphin,Dubawi,"Midsummer Fair","Tanino Gimlet",鹿毛,210401,    4.2,  ,    ,62.8
24,04,21,2,東京,2,03,未勝利,7,芝,0,1400,良,ジェームズテソーロ,牝,3,鮫島克駿,55.0,18,10,14,14,0,1.8,13,83,"1230",0,0,0,13,13,34.4,388,畠山吉宏,美,0,21102287,01157,01048,0524220310,了徳寺健二ホールディングス,リョーケンファーム,ヴィクトワールピサ,ロマンシエール,アグネスデジタル,鹿毛,210406,  135.9,  ,    ,56.0
24,01,28,1,東京,2,05,新馬,15,芝,0,1800,良,ジェームズテソーロ,牝,3,原優介,54.0,16,10,11,11,0,1.7,11,111.8,"1518",0,0,1,1,1,36,406,畠山吉宏,美,0,21102287,01184,01048,0524120510,了徳寺健二ホールディングス,リョーケンファーム,ヴィクトワールピサ,ロマンシエール,アグネスデジタル,鹿毛,210406,   60.7,  ,    ,55.3
24,07,06,2,福島,3,03,未勝利・牝,7,ダ,1,1700,良,メイザーキック    ,牝,3,津村明秀,55.0,15,03,4,4,0,0.3,6,107.8,"1478",0,1,1,1,1,38.4,418,竹内正洋,美,83,21105060,01092,01152,0324230303,KICレーシング,社台ファーム,ダイワメジャー,シトロプシス,ジャングルポケット,鹿毛,210129,   12.3,  ,    ,48.6
24,06,08,3,東京,3,02,未勝利・牝,7,ダ,1,1400,良,メイザーキック    ,牝,3,津村明秀,55.0,16,06,5,5,0,0.7,2,86.3,"1263",0,0,0,2,2,37.4,418,竹内正洋,美,55,21105060,01092,01152,0524330206,KICレーシング,社台ファーム,ダイワメジャー,シトロプシス,ジャングルポケット,鹿毛,210129,    3.4,  ,    ,48.1
24,05,18,2,東京,9,02,未勝利,7,ダ,1,1400,良,メイザーキック    ,牝,3,津村明秀,55.0,16,02,2,2,0,0.1,8,86,"1260",0,0,0,1,1,36.5,422,竹内正洋,美,220,21105060,01092,01152,0524290202,KICレーシング,社台ファーム,ダイワメジャー,シトロプシス,ジャングルポケット,鹿毛,210129,   46.0,  ,    ,51.7
24,05,04,2,東京,5,03,未勝利,7,ダ,1,1300,稍,メイザーキック    ,牝,3,菅原明良,55.0,16,11,10,10,0,2.1,5,80.4,"1204",0,0,0,3,2,38.4,420,竹内正洋,美,0,21105060,01179,01152,0524250311,KICレーシング,社台ファーム,ダイワメジャー,シトロプシス,ジャングルポケット,鹿毛,210129,   15.0,  ,    ,43.8
24,03,30,3,中山,3,02,未勝利,7,ダ,1,1200,重,メイザーキック    ,牝,3,木幡初也,55.0,16,15,6,6,0,0.7,4,71.9,"1119",0,0,0,5,7,37.5,422,竹内正洋,美,0,21105060,01153,01152,0624330215,KICレーシング,社台ファーム,ダイワメジャー,シトロプシス,ジャングルポケット,鹿毛,210129,    6.4,  ,    ,41.7
24,03,10,1,中京,2,03,未勝利,7,芝,0,1400,良,メイザーキック    ,牝,3,吉田隼人,55.0,18,02,7,7,0,0.5,2,83,"1230",0,0,0,1,1,36.5,418,竹内正洋,美,0,21105060,01095,01152,0724120302,KICレーシング,社台ファーム,ダイワメジャー,シトロプシス,ジャングルポケット,鹿毛,210129,    3.9,  ,    ,45.5
23,11,19,3,福島,6,06,未勝利*,7,芝,0,1200,良,メイザーキック    ,牝,2,藤田菜七,53.0,16,06,5,5,0,0.5,2,72.4,"1124",0,0,0,3,5,37.7,414,竹内正洋,美,55,21105060,01164,01152,0323360606,KICレーシング,社台ファーム,ダイワメジャー,シトロプシス,ジャングルポケット,鹿毛,210129,    4.0,  ,    ,42.0
23,11,04,5,東京,1,02,未勝利*,7,芝,0,1400,良,メイザーキック    ,牝,2,菅原明良,55.0,15,03,2,2,0,0.5,4,82.1,"1221",0,0,0,1,1,34.8,418,竹内正洋,美,220,21105060,01179,01152,0523510203,KICレーシング,社台ファーム,ダイワメジャー,シトロプシス,ジャングルポケット,鹿毛,210129,    9.7,  ,    ,51.9
23,10,15,4,東京,5,03,未勝利*,7,芝,0,1400,重,メイザーキック    ,牝,2,菅原明良,55.0,12,07,2,2,0,0.4,5,83.5,"1235",0,0,0,1,1,35.4,418,竹内正洋,美,220,21105060,01179,01152,0523450307,KICレーシング,社台ファーム,ダイワメジャー,シトロプシス,ジャングルポケット,鹿毛,210129,   14.8,  ,    ,51.9
23,08,13,3,新潟,2,03,未勝利*,7,芝,0,1400,良,メイザーキック    ,牝,2,浜中俊,55.0,18,15,9,9,0,0.7,7,82.9,"1229",0,0,0,7,7,36.6,406,竹内正洋,美,0,21105060,01115,01152,0423320315,KICレーシング,社台ファーム,ダイワメジャー,シトロプシス,ジャングルポケット,鹿毛,210129,   20.0,  ,    ,44.9
23,07,22,2,福島,7,01,未勝利*,7,芝,0,1200,良,メイザーキック    ,牝,2,菅原明良,55.0,15,06,5,5,0,0.9,5,71.1,"1111",0,0,0,5,7,35.9,406,竹内正洋,美,55,21105060,01179,01152,0323270106,KICレーシング,社台ファーム,ダイワメジャー,シトロプシス,ジャングルポケット,鹿毛,210129,   10.5,  ,    ,48.1
23,07,02,2,福島,2,06,新馬,15,芝,0,1200,良,メイザーキック    ,牝,2,戸崎圭太,55.0,10,09,2,2,0,1,2,71.2,"1112",0,0,0,4,4,35.5,408,竹内正洋,美,290,21105060,05386,01152,0323220609,KICレーシング,社台ファーム,ダイワメジャー,シトロプシス,ジャングルポケット,鹿毛,210129,    4.0,  ,    ,50.6
24,07,06,3,小倉,3,06,未勝利,7,芝,0,1200,良,フリーダムレイン  ,牡,3,坂井瑠星,57.0,17,06,2,2,0,0.1,3,68.6,"1086",0,0,0,6,6,35.1,474,友道康夫,栗,220,21105792,01163,01061,1024330606,吉田勝己,ノーザンファーム,ミッキーアイル,マンデラ,Acatenango,栗毛,210506,    4.6,  ,    ,45.4
24,05,05,3,京都,6,04,未勝利,7,芝,0,1600,良,フリーダムレイン  ,牡,3,和田竜二,57.0,15,14,9,9,0,1.1,5,93.7,"1337",0,0,0,4,5,36.3,478,友道康夫,栗,0,21105792,01018,01061,0824360414,吉田勝己,ノーザンファーム,ミッキーアイル,マンデラ,Acatenango,栗毛,210506,    9.5,  ,    ,44.9
24,04,13,2,阪神,7,04,未勝利,7,芝,8,1600,良,フリーダムレイン  ,牡,3,モレイラ,57.0,18,08,5,5,0,0.7,5,94.9,"1349",0,0,0,11,10,33.7,476,友道康夫,栗,55,21105792,05509,01061,0924270408,吉田勝己,ノーザンファーム,ミッキーアイル,マンデラ,Acatenango,栗毛,210506,   11.7,  ,    ,59.0
24,03,23,3,中山,1,03,未勝利,7,ダ,1,1200,良,ブルーアルドール  ,牝,3,横山琉人,54.0,16,08,14,14,0,2.7,15,74.7,"1147",0,0,0,13,13,38.8,384,相沢郁,美,0,21102104,01192,01020,0624310308,星野壽市,前野牧場,ヴィクトワールピサ,ジョイチャイルド,シンボリクリスエス,黒鹿,210227,  336.1,  ,    ,42.5
24,01,28,1,東京,2,05,新馬,15,芝,0,1800,良,ブルーアルドール  ,牝,3,石川裕紀,55.0,16,03,15,15,0,2.7,13,112.8,"1528",0,0,5,4,5,36.5,392,相沢郁,美,0,21102104,01150,01020,0524120503,星野壽市,前野牧場,ヴィクトワールピサ,ジョイチャイルド,シンボリクリスエス,黒鹿,210227,   81.4,  ,    ,54.5
24,07,06,3,小倉,3,06,未勝利,7,芝,0,1200,良,サウンドガネーシャ,牡,3,松若風馬,57.0,17,13,5,5,0,0.2,9,68.7,"1087",0,0,0,15,15,33.4,492,安達昭夫,栗,55,21110145,01154,01042,1024330613,増田雄一,"Mr Yuichi Masuda","Rey de Oro","Sound Paradise",Workforce,鹿毛,210428,   31.2,  ,    ,55.7
24,06,15,4,京都,5,04,未勝利,7,芝,0,1400,良,サウンドガネーシャ,牡,3,田口貫太,56.0,18,10,10,10,0,1.4,10,81.4,"1214",0,0,0,14,15,34.3,500,安達昭夫,栗,0,21110145,01208,01042,0824450410,増田雄一,"Mr Yuichi Masuda","Rey de Oro","Sound Paradise",Workforce,鹿毛,210428,   99.5,  ,    ,53.0
24,05,18,3,京都,9,04,未勝利,7,芝,0,1400,良,サウンドガネーシャ,牡,3,田口貫太,56.0,18,08,11,11,0,1.1,14,81.5,"1215",0,0,0,17,16,34.3,498,安達昭夫,栗,0,21110145,01208,01042,0824390408,増田雄一,"Mr Yuichi Masuda","Rey de Oro","Sound Paradise",Workforce,鹿毛,210428,  102.5,  ,    ,53.2
24,02,11,2,京都,6,06,未勝利・牝,7,芝,0,2000,良,パープルシャイン  ,牝,3,松山弘平,55.0,10,05,10,10,0,4.3,5,126.8,"2068",0,3,3,3,6,39.3,458,加藤士津,美,0,21102381,01126,01169,0824260605,藤本栄史,二風谷ファーム,エピファネイア,ヴェルデライト,ディープインパクト,鹿毛,210227,   12.2,  ,    ,45.4
23,10,22,4,東京,7,05,新馬,15,芝,0,1800,良,パープルシャイン  ,牝,2,木幡巧也,55.0,16,16,4,4,0,0.4,11,109.7,"1497",0,0,6,7,6,34.5,458,加藤士津,美,110,21102381,01162,01169,0523470516,藤本栄史,二風谷ファーム,エピファネイア,ヴェルデライト,ディープインパクト,鹿毛,210227,   66.6,  ,    ,59.0
24,06,08,4,京都,3,10,長浜特別･2勝,43,ダ,1,1400,良,ベレザニーニャ    ,牝,4,松若風馬,56.0,11,02,8,8,0,1.7,11,86,"1260",0,0,0,4,4,38.1,480,小崎憲,栗,0,20106746,01154,01085,0824431002,一村哲也,富菜牧場,アメリカンペイトリオット,シウダニーニャ,Leroidesanimaux,鹿毛,200229,  248.2,  ,    ,44.3
24,06,01,3,東京,1,08,２勝ｸﾗｽ・牝,43,ダ,1,1600,重,ベレザニーニャ    ,牝,4,内田博幸,56.0,16,04,14,14,0,2.3,9,98.1,"1381",0,0,0,9,9,37.7,474,小崎憲,栗,0,20106746,00422,01085,0524310804,一村哲也,富菜牧場,アメリカンペイトリオット,シウダニーニャ,Leroidesanimaux,鹿毛,200229,   32.6,  ,    ,46.1
24,03,30,3,中山,3,08,２勝ｸﾗｽ,43,芝,8,1600,稍,ベレザニーニャ    ,牝,4,岩田望来,56.0,13,03,11,11,0,1.9,10,95.1,"1351",0,0,3,3,3,36.6,468,小崎憲,栗,0,20106746,01174,01085,0624330803,一村哲也,富菜牧場,アメリカンペイトリオット,シウダニーニャ,Leroidesanimaux,鹿毛,200229,   55.1,  ,    ,45.9
24,03,10,2,中山,6,09,房総特別･2勝,43,芝,0,1800,良,ベレザニーニャ    ,牝,4,小崎綾也,56.0,16,12,15,15,0,1.2,14,110.2,"1502",0,7,6,5,6,36.7,464,小崎憲,栗,0,20106746,01152,01085,0624260912,一村哲也,富菜牧場,アメリカンペイトリオット,シウダニーニャ,Leroidesanimaux,鹿毛,200229,   71.0,  ,    ,50.1
23,09,16,4,中山,3,10,御宿特別･2勝,43,芝,8,1600,良,ベレザニーニャ    ,牝,3,内田博幸,54.0,9,04,1,1,0,0,4,94.5,"1345",0,0,3,2,3,34.3,468,小崎憲,栗,1550,20106746,00422,01085,0623431004,一村哲也,富菜牧場,アメリカンペイトリオット,シウダニーニャ,Leroidesanimaux,鹿毛,200229,    8.6,  ,    ,55.3
23,08,27,3,小倉,6,08,１勝ｸﾗｽ・牝,23,芝,0,2000,良,ベレザニーニャ    ,牝,3,和田竜二,53.0,12,03,7,7,0,0.8,8,120,"2000",0,2,2,2,1,36.5,476,小崎憲,栗,0,20106746,01018,01085,1023360803,一村哲也,富菜牧場,アメリカンペイトリオット,シウダニーニャ,Leroidesanimaux,鹿毛,200229,   21.5,  ,    ,48.0
23,08,12,3,小倉,1,09,筑紫特別･1勝,23,芝,0,1800,良,ベレザニーニャ    ,牝,3,Ｍ．デム,53.0,16,03,6,6,0,1.2,8,106.8,"1468",0,2,3,4,6,36.4,474,小崎憲,栗,0,20106746,05212,01085,1023310903,一村哲也,富菜牧場,アメリカンペイトリオット,シウダニーニャ,Leroidesanimaux,鹿毛,200229,   32.6,  ,    ,46.7
23,04,30,2,東京,4,11,スイート(L),115,芝,0,1800,良,ベレザニーニャ    ,牝,3,内田博幸,54.0,13,03,9,9,0,0.5,11,108.1,"1481",0,0,1,1,1,34.4,460,小崎憲,栗,0,20106746,00422,01085,0523241103,一村哲也,富菜牧場,アメリカンペイトリオット,シウダニーニャ,Leroidesanimaux,鹿毛,200229,   61.4,  ,    ,57.1
23,04,08,3,中山,5,07,１勝ｸﾗｽ・牝*,23,芝,0,1800,稍,ベレザニーニャ    ,牝,3,小崎綾也,54.0,10,02,4,4,0,1,5,110.5,"1505",0,2,2,2,2,36.1,452,小崎憲,栗,120,20106746,01152,01085,0623350702,一村哲也,富菜牧場,アメリカンペイトリオット,シウダニーニャ,Leroidesanimaux,鹿毛,200229,   19.8,  ,    ,53.0
23,03,26,2,中京,6,09,大寒桜賞･1勝,23,芝,0,2200,不,ベレザニーニャ    ,牝,3,小崎綾也,54.0,8,03,7,7,0,4,6,145.1,"2251",0,3,3,6,5,40.5,458,小崎憲,栗,0,20106746,01152,01085,0723260903,一村哲也,富菜牧場,アメリカンペイトリオット,シウダニーニャ,Leroidesanimaux,鹿毛,200229,   20.1,  ,    ,46.9
23,02,26,2,中山,2,07,１勝ｸﾗｽ*,23,芝,8,1600,良,ベレザニーニャ    ,牝,3,石川裕紀,54.0,12,05,3,3,0,0.6,4,94.6,"1346",0,0,3,4,4,35,452,小崎憲,栗,200,20106746,01150,01085,0623220705,一村哲也,富菜牧場,アメリカンペイトリオット,シウダニーニャ,Leroidesanimaux,鹿毛,200229,   10.0,  ,    ,52.2
23,02,12,2,小倉,2,09,あすなろ･1勝,23,芝,0,2000,稍,ベレザニーニャ    ,牝,3,小崎綾也,54.0,14,05,10,10,0,1.2,13,122,"2020",0,4,5,6,10,36.3,452,小崎憲,栗,0,20106746,01152,01085,1023220905,一村哲也,富菜牧場,アメリカンペイトリオット,シウダニーニャ,Leroidesanimaux,鹿毛,200229,   35.0,  ,    ,51.2
23,01,22,1,小倉,4,05,新馬,15,芝,0,1800,良,ベレザニーニャ    ,牝,3,小崎綾也,54.0,16,10,1,1,0,-0.2,9,110.3,"1503",0,2,2,2,2,35.8,458,小崎憲,栗,620,20106746,01152,01085,1023140510,一村哲也,富菜牧場,アメリカンペイトリオット,シウダニーニャ,Leroidesanimaux,鹿毛,200229,   21.0,  ,    ,54.1
24,06,23,3,東京,8,09,八ヶ岳特･2勝,43,芝,0,1800,稍,ワンダイレクト    ,牡,4,津村明秀,58.0,9,08,4,4,0,0.3,3,107.1,"1471",0,0,3,4,3,34.6,452,藤岡健一,栗,230,20103129,01092,01062,0524380908,青山洋一,社台ファーム,ハービンジャー,ワントゥワン,ディープインパクト,鹿毛,200504,    4.2,  ,    ,54.8
24,03,23,1,中京,5,09,金山特別･1勝,23,芝,0,2000,重,ワンダイレクト    ,牡,4,藤岡佑介,58.0,8,02,1,1,0,-0.1,1,122.4,"2024",0,2,2,2,2,35.8,454,藤岡健一,栗,1110,20103129,01093,01062,0724150902,青山洋一,社台ファーム,ハービンジャー,ワントゥワン,ディープインパクト,鹿毛,200504,    2.0,  ,    ,53.7
24,03,03,1,阪神,4,07,１勝ｸﾗｽ,23,芝,0,2000,良,ワンダイレクト    ,牡,4,坂井瑠星,58.0,6,06,2,2,0,0.1,1,122,"2020",0,4,4,4,3,34.5,454,藤岡健一,栗,320,20103129,01163,01062,0924140706,青山洋一,社台ファーム,ハービンジャー,ワントゥワン,ディープインパクト,鹿毛,200504,    1.8,  ,    ,58.7
24,02,03,2,京都,3,07,１勝ｸﾗｽ,23,芝,0,2000,良,ワンダイレクト    ,牡,4,田口貫太,56.0,11,01,2,2,0,0.1,4,120.5,"2005",0,7,7,7,5,35,456,藤岡健一,栗,320,20103129,01208,01062,0824230701,青山洋一,社台ファーム,ハービンジャー,ワントゥワン,ディープインパクト,鹿毛,200504,    6.1,  ,    ,54.7
24,01,06,1,京都,1,12,１勝ｸﾗｽ,23,芝,8,1800,良,ワンダイレクト    ,牡,4,武豊,57.0,17,09,9,9,0,1.3,3,108.6,"1486",0,0,0,16,11,35.9,450,藤岡健一,栗,0,20103129,00666,01062,0824111209,青山洋一,社台ファーム,ハービンジャー,ワントゥワン,ディープインパクト,鹿毛,200504,    4.1,  ,    ,51.3
23,05,28,1,京都,12,11,白百合Ｓ(L),115,芝,8,1800,良,ワンダイレクト    ,牡,3,藤岡佑介,56.0,8,06,5,5,0,0.4,1,106.4,"1464",0,0,0,4,5,34.2,442,藤岡健一,栗,200,20103129,01093,01062,08231C1106,青山洋一,社台ファーム,ハービンジャー,ワントゥワン,ディープインパクト,鹿毛,200504,    2.4,  ,    ,55.6
23,04,16,3,中山,8,11,皐月賞G1,195,芝,0,2000,重,ワンダイレクト    ,牡,3,藤岡佑介,57.0,18,02,15,15,0,2.8,14,123.4,"2034",0,18,17,15,15,38.2,436,藤岡健一,栗,0,20103129,01093,01062,0623381102,青山洋一,社台ファーム,ハービンジャー,ワントゥワン,ディープインパクト,鹿毛,200504,  113.2,  ,    ,45.6
23,03,05,2,中山,4,11,弥生賞G2,179,芝,0,2000,良,ワンダイレクト    ,牡,3,ルメール,56.0,10,02,3,3,0,0.2,2,120.6,"2006",0,5,6,5,4,34.6,444,藤岡健一,栗,1400,20103129,05339,01062,0623241102,青山洋一,社台ファーム,ハービンジャー,ワントゥワン,ディープインパクト,鹿毛,200504,    4.2,  ,    ,56.5
23,01,21,1,中京,7,10,若駒Ｓ(L),115,芝,0,2000,良,ワンダイレクト    ,牡,3,Ｍ．デム,56.0,7,01,2,2,0,0,3,122.9,"2029",0,2,2,3,2,34.1,446,藤岡健一,栗,800,20103129,05212,01062,0723171001,青山洋一,社台ファーム,ハービンジャー,ワントゥワン,ディープインパクト,鹿毛,200504,    4.3,  ,    ,61.6
22,12,04,6,中京,2,05,新馬,15,芝,0,2000,良,ワンダイレクト    ,牡,2,ルメール,55.0,9,01,1,1,0,0,3,122.5,"2025",0,6,6,6,6,34.1,444,藤岡健一,栗,700,20103129,05339,01062,0722620501,青山洋一,社台ファーム,ハービンジャー,ワントゥワン,ディープインパクト,鹿毛,200504,    5.3,  ,    ,61.1
24,05,18,1,新潟,7,11,大日岳特･2勝,43,芝,0,1200,良,イズンシーラブリー,牝,6,丸山元気,56.0,16,14,9,9,0,0.6,7,70.3,"1103",0,0,0,15,13,34.8,430,加藤征弘,美,0,18104765,01127,01059,0424171114,諸江幸祐,社台ファーム,ディープインパクト,ブルーミンバー,ファルブラヴ,鹿毛,180412,   15.0,  ,    ,52.0
24,03,24,3,中山,2,12,２勝ｸﾗｽ,43,芝,8,1200,良,イズンシーラブリー,牝,6,横山武史,56.0,13,13,7,7,0,0.7,5,68.4,"1084",0,0,0,11,11,33.7,430,加藤征弘,美,0,18104765,01170,01059,0624321213,諸江幸祐,社台ファーム,ディープインパクト,ブルーミンバー,ファルブラヴ,鹿毛,180412,   11.9,  ,    ,53.0
24,03,09,2,中山,5,12,２勝ｸﾗｽ,43,芝,8,1200,稍,イズンシーラブリー,牝,6,ルメール,56.0,13,02,7,7,0,0.3,3,69.9,"1099",0,0,0,9,7,35.3,434,加藤征弘,美,0,18104765,05339,01059,0624251202,諸江幸祐,社台ファーム,ディープインパクト,ブルーミンバー,ファルブラヴ,鹿毛,180412,    6.8,  ,    ,48.0
23,08,20,2,札幌,4,10,手稲山特･2勝,43,芝,0,1200,稍,イズンシーラブリー,牝,5,モレイラ,56.0,14,03,8,8,0,1.3,1,71.8,"1118",0,0,0,13,13,36.8,426,加藤征弘,美,0,18104765,05509,01059,0123241003,諸江幸祐,社台ファーム,ディープインパクト,ブルーミンバー,ファルブラヴ,鹿毛,180412,    3.1,  ,    ,45.1
23,07,08,2,函館,3,10,潮騒特別･2勝,43,芝,0,1200,良,イズンシーラブリー,牝,5,横山武史,56.0,9,03,3,3,0,0.1,1,68.8,"1088",0,0,0,7,5,34.1,430,加藤征弘,美,390,18104765,01170,01059,0223231003,諸江幸祐,社台ファーム,ディープインパクト,ブルーミンバー,ファルブラヴ,鹿毛,180412,    2.1,  ,    ,51.8
23,06,25,1,函館,6,10,ＨＴＢ杯･2勝,43,芝,0,1200,良,イズンシーラブリー,牝,5,横山和生,56.0,13,04,4,4,0,0.3,2,69.3,"1093",0,0,0,11,11,34.4,432,加藤征弘,美,230,18104765,01140,01059,0223161004,諸江幸祐,社台ファーム,ディープインパクト,ブルーミンバー,ファルブラヴ,鹿毛,180412,    4.3,  ,    ,51.5
23,04,15,3,中山,7,08,２勝ｸﾗｽ,43,芝,8,1200,重,イズンシーラブリー,牝,5,横山武史,56.0,16,05,4,4,0,0.8,2,70.6,"1106",0,0,0,13,12,35.2,430,加藤征弘,美,170,18104765,01170,01059,0623370805,諸江幸祐,社台ファーム,ディープインパクト,ブルーミンバー,ファルブラヴ,鹿毛,180412,    2.9,  ,    ,50.6
23,03,26,3,中山,2,12,２勝ｸﾗｽ,43,芝,8,1200,不,イズンシーラブリー,牝,5,横山武史,56.0,13,05,2,2,0,0.1,2,72,"1120",0,0,0,11,11,36.4,426,加藤征弘,美,460,18104765,01170,01059,0623321205,諸江幸祐,社台ファーム,ディープインパクト,ブルーミンバー,ファルブラヴ,鹿毛,180412,    3.9,  ,    ,47.8
23,03,11,2,中山,5,12,２勝ｸﾗｽ,43,芝,8,1200,良,イズンシーラブリー,牝,5,横山武史,56.0,16,16,3,3,0,0.5,2,68.8,"1088",0,0,0,13,12,33.4,422,加藤征弘,美,290,18104765,01170,01059,0623251216,諸江幸祐,社台ファーム,ディープインパクト,ブルーミンバー,ファルブラヴ,鹿毛,180412,    3.4,  ,    ,56.0
22,12,25,5,中山,8,12,キャンド･2勝,43,芝,8,1200,良,イズンシーラブリー,牝,4,ルメール,55.0,16,02,3,3,0,0.2,1,69,"1090",0,0,0,16,14,33.7,422,加藤征弘,美,380,18104765,05339,01059,0622581202,諸江幸祐,社台ファーム,ディープインパクト,ブルーミンバー,ファルブラヴ,鹿毛,180412,    3.2,  ,    ,54.7
22,12,03,5,中山,1,12,２勝ｸﾗｽ,43,芝,8,1200,良,イズンシーラブリー,牝,4,岩田望来,55.0,16,12,2,2,0,0,7,68.2,"1082",0,0,0,15,15,33.7,422,加藤征弘,美,440,18104765,01174,01059,0622511212,諸江幸祐,社台ファーム,ディープインパクト,ブルーミンバー,ファルブラヴ,鹿毛,180412,   13.4,  ,    ,52.4
22,10,16,4,東京,5,12,鷹巣山Ｈ･2勝,43,芝,0,1600,良,イズンシーラブリー,牝,4,菅原明良,54.0,18,02,9,9,0,0.7,3,93.3,"1333",0,0,0,5,4,34.6,424,加藤征弘,美,0,18104765,01179,01059,0522451202,諸江幸祐,社台ファーム,ディープインパクト,ブルーミンバー,ファルブラヴ,鹿毛,180412,    6.5,  ,    ,51.8
22,08,13,2,札幌,1,10,羊ヶ丘特･2勝,43,芝,0,1500,良,イズンシーラブリー,牝,4,横山武史,55.0,14,01,3,3,0,0.3,1,90.1,"1301",0,0,5,3,3,35,424,加藤征弘,美,380,18104765,01170,01059,0122211001,諸江幸祐,社台ファーム,ディープインパクト,ブルーミンバー,ファルブラヴ,鹿毛,180412,    3.5,  ,    ,55.0
22,05,28,2,東京,11,10,葉山特別･2勝,43,芝,0,1600,良,イズンシーラブリー,牝,4,横山武史,55.0,9,05,4,4,0,0.3,2,94.5,"1345",0,0,0,5,5,33.6,424,加藤征弘,美,230,18104765,01170,01059,05222B1005,諸江幸祐,社台ファーム,ディープインパクト,ブルーミンバー,ファルブラヴ,鹿毛,180412,    2.9,  ,    ,58.8
22,05,15,2,東京,8,09,テレ玉杯･2勝,43,芝,0,1800,良,イズンシーラブリー,牝,4,福永祐一,55.0,12,04,4,4,0,0.1,2,106.8,"1468",0,0,5,5,5,33.4,422,加藤征弘,美,230,18104765,01014,01059,0522280904,諸江幸祐,社台ファーム,ディープインパクト,ブルーミンバー,ファルブラヴ,鹿毛,180412,    4.2,  ,    ,59.9
22,03,06,2,中山,4,08,２勝ｸﾗｽ,43,芝,8,1600,良,イズンシーラブリー,牝,4,福永祐一,55.0,10,06,2,2,0,0.5,2,93.9,"1339",0,0,6,6,5,34.4,424,加藤征弘,美,440,18104765,01014,01059,0622240806,諸江幸祐,社台ファーム,ディープインパクト,ブルーミンバー,ファルブラヴ,鹿毛,180412,    2.5,  ,    ,53.8
22,02,13,1,東京,6,08,２勝ｸﾗｽ,43,芝,0,1600,稍,イズンシーラブリー,牝,4,横山武史,55.0,16,07,2,2,0,0.1,2,94.8,"1348",0,0,0,5,5,34.3,422,加藤征弘,美,440,18104765,01170,01059,0522160807,諸江幸祐,社台ファーム,ディープインパクト,ブルーミンバー,ファルブラヴ,鹿毛,180412,    4.5,  ,    ,55.8
21,12,25,5,中山,7,12,クリスマ･2勝,43,芝,8,1600,稍,イズンシーラブリー,牝,3,横山武史,54.0,16,04,4,4,0,0.7,2,94.8,"1348",0,0,10,11,8,34.6,422,加藤征弘,美,230,18104765,01170,01059,0621571204,諸江幸祐,社台ファーム,ディープインパクト,ブルーミンバー,ファルブラヴ,鹿毛,180412,    5.7,  ,    ,54.4
21,10,31,4,東京,8,06,１勝ｸﾗｽ,23,芝,0,1600,良,イズンシーラブリー,牝,3,横山武史,53.0,17,17,1,1,0,-0.1,4,93.4,"1334",0,0,0,14,14,33.7,428,加藤征弘,美,760,18104765,01170,01059,0521480617,諸江幸祐,社台ファーム,ディープインパクト,ブルーミンバー,ファルブラヴ,鹿毛,180412,    6.5,  ,    ,56.3
21,08,21,4,新潟,3,12,１勝ｸﾗｽ・牝,23,芝,8,1800,良,イズンシーラブリー,牝,3,戸崎圭太,52.0,14,11,5,5,0,0.4,2,106.5,"1465",0,0,0,4,4,34.6,436,加藤征弘,美,76,18104765,05386,01059,0421431211,諸江幸祐,社台ファーム,ディープインパクト,ブルーミンバー,ファルブラヴ,鹿毛,180412,    3.0,  ,    ,53.9
21,03,20,2,中山,7,11,フラワーG3,163,芝,0,1800,良,イズンシーラブリー,牝,3,三浦皇成,54.0,16,16,4,4,0,0.3,3,109.5,"1495",0,3,3,4,5,35.7,424,加藤征弘,美,530,18104765,01122,01059,0621271116,諸江幸祐,社台ファーム,ディープインパクト,ブルーミンバー,ファルブラヴ,鹿毛,180412,    7.9,  ,    ,53.4
21,02,13,1,東京,5,11,クイーンG3,163,芝,0,1600,良,イズンシーラブリー,牝,3,三浦皇成,54.0,16,03,5,5,0,0.2,12,93.5,"1335",0,0,0,12,11,34.2,430,加藤征弘,美,350,18104765,01122,01059,0521151103,諸江幸祐,社台ファーム,ディープインパクト,ブルーミンバー,ファルブラヴ,鹿毛,180412,   65.0,  ,    ,54.0
21,01,17,1,中山,6,05,未勝利・牝,7,芝,8,1600,良,イズンシーラブリー,牝,3,ルメール,54.0,16,10,1,1,0,-0.1,1,96.4,"1364",0,0,11,10,5,34.2,432,加藤征弘,美,510,18104765,05339,01059,0621160510,諸江幸祐,社台ファーム,ディープインパクト,ブルーミンバー,ファルブラヴ,鹿毛,180412,    2.4,  ,    ,59.1
20,12,20,5,中山,6,05,新馬,15,芝,8,1600,良,イズンシーラブリー,牝,2,大野拓弥,54.0,16,08,3,3,0,0.2,1,97,"1370",0,0,13,11,11,35.4,436,加藤征弘,美,180,18104765,01096,01059,0620560508,諸江幸祐,社台ファーム,ディープインパクト,ブルーミンバー,ファルブラヴ,鹿毛,180412,    2.4,  ,    ,54.4
24,03,24,1,中京,6,05,１勝ｸﾗｽ,23,芝,0,1600,重,アルゲンテウス    ,セ,5,Ｍ．デム,58.0,13,06,1,1,0,-0.2,3,96.2,"1362",0,0,4,5,5,35.9,470,小島茂之,美,800,19105497,05212,01068,0724160506,シルクレーシング,ノーザンファーム,シルバーステート,ラダームブランシェ,チチカステナンゴ,芦毛,190322,    5.5,  ,    ,50.8
24,03,10,1,阪神,6,07,１勝ｸﾗｽ,23,芝,8,1600,良,アルゲンテウス    ,セ,5,Ｍ．デム,58.0,10,04,2,2,0,0.3,7,94.9,"1349",0,0,0,6,6,33.7,464,小島茂之,美,320,19105497,05212,01068,0924160704,シルクレーシング,ノーザンファーム,シルバーステート,ラダームブランシェ,チチカステナンゴ,芦毛,190322,   13.7,  ,    ,59.0
24,02,18,1,東京,8,06,１勝ｸﾗｽ,23,芝,0,1800,良,アルゲンテウス    ,セ,5,菅原明良,58.0,16,09,10,10,0,1.2,10,107.4,"1474",0,0,15,14,14,35.2,470,小島茂之,美,0,19105497,01179,01068,0524180609,シルクレーシング,ノーザンファーム,シルバーステート,ラダームブランシェ,チチカステナンゴ,芦毛,190322,   84.6,  ,    ,52.6
23,06,11,3,東京,4,12,１勝ｸﾗｽ,23,芝,0,1600,稍,アルゲンテウス    ,牡,4,菅原明良,58.0,13,02,10,10,0,1.2,7,96.1,"1361",0,0,0,13,13,34,486,小島茂之,美,0,19105497,01179,01068,0523341202,シルクレーシング,ノーザンファーム,シルバーステート,ラダームブランシェ,チチカステナンゴ,芦毛,190322,    9.7,  ,    ,59.6
23,05,20,2,東京,9,07,１勝ｸﾗｽ,23,芝,0,1600,良,アルゲンテウス    ,牡,4,菅原明良,58.0,14,09,8,8,0,0.6,4,94.4,"1344",0,0,0,11,10,33.7,482,小島茂之,美,0,19105497,01179,01068,0523290709,シルクレーシング,ノーザンファーム,シルバーステート,ラダームブランシェ,チチカステナンゴ,芦毛,190322,    8.6,  ,    ,58.1
22,01,29,1,東京,1,06,新馬,15,芝,0,1600,良,アルゲンテウス    ,牡,3,武豊,56.0,16,03,1,1,0,-0.1,3,97.6,"1376",0,0,0,13,13,33.4,464,小島茂之,美,600,19105497,00666,01068,0522110603,シルクレーシング,ノーザンファーム,シルバーステート,ラダームブランシェ,チチカステナンゴ,芦毛,190322,    5.2,  ,    ,65.3
24,04,06,3,中山,5,11,ニュージG2,179,芝,8,1600,稍,ルージュスエルテ  ,牝,3,横山和生,55.0,16,05,11,11,0,0.8,4,95.2,"1352",0,0,7,10,12,35.5,468,国枝栄,美,0,21105863,01140,00399,0624351105,東京ホースレーシング,ノーザンファーム,ハーツクライ,リュズキナ,"Storm Cat",黒鹿,210216,    5.8,  ,    ,50.9
24,02,10,1,東京,5,11,クイーンG3,163,芝,0,1600,良,ルージュスエルテ  ,牝,3,横山和生,55.0,13,08,3,3,0,0.3,4,93.4,"1334",0,0,0,13,12,33.5,470,国枝栄,美,950,21105863,01140,00399,0524151108,東京ホースレーシング,ノーザンファーム,ハーツクライ,リュズキナ,"Storm Cat",黒鹿,210216,    5.2,  ,    ,57.3
23,10,22,4,東京,7,06,１勝ｸﾗｽ*,23,芝,0,1400,良,ルージュスエルテ  ,牝,2,横山和生,55.0,9,04,1,1,0,-0.8,1,84.1,"1241",0,0,0,1,1,33.4,468,国枝栄,美,780,21105863,01140,00399,0523470604,東京ホースレーシング,ノーザンファーム,ハーツクライ,リュズキナ,"Storm Cat",黒鹿,210216,    1.1,  ,    ,63.8
23,09,03,3,新潟,8,01,未勝利*,7,芝,0,1400,良,ルージュスエルテ  ,牝,2,ルメール,55.0,15,15,1,1,0,-0.9,1,82.5,"1225",0,0,0,1,1,35.7,468,国枝栄,美,550,21105863,05339,00399,0423380115,東京ホースレーシング,ノーザンファーム,ハーツクライ,リュズキナ,"Storm Cat",黒鹿,210216,    1.5,  ,    ,48.3
23,06,24,3,東京,7,05,新馬,15,芝,0,1800,良,ルージュスエルテ  ,牝,2,菅原明良,55.0,11,08,7,7,0,0.9,1,110.2,"1502",0,0,6,8,9,33.4,462,国枝栄,美,0,21105863,01179,00399,0523370508,東京ホースレーシング,ノーザンファーム,ハーツクライ,リュズキナ,"Storm Cat",黒鹿,210216,    1.4,  ,    ,65.0
24,05,25,3,京都,11,11,葵ＳG3,163,芝,0,1200,良,エポックヴィーナス,牝,3,酒井学,55.0,18,11,8,8,0,0.6,16,67.7,"1077",0,0,0,11,14,33.6,436,新谷功一,栗,0,21104153,01034,01172,08243B1111,山田有暉朗,千代田牧場,ヴィクトワールピサ,ベストオブミー,ブライアンズタイム,鹿毛,210420,   58.9,  ,    ,51.5
24,03,17,1,中京,4,09,フローラ･1勝,23,芝,0,1600,良,エポックヴィーナス,牝,3,松山弘平,55.0,10,10,1,1,0,0,1,94.7,"1347",0,0,2,2,2,34.1,440,新谷功一,栗,1070,21104153,01126,01172,0724140910,山田有暉朗,千代田牧場,ヴィクトワールピサ,ベストオブミー,ブライアンズタイム,鹿毛,210420,    3.3,  ,    ,56.6
24,03,02,1,阪神,3,11,チューリG2,179,芝,8,1600,稍,エポックヴィーナス,牝,3,和田竜二,55.0,16,03,5,5,0,0.5,14,93.6,"1336",0,0,0,8,7,35.1,436,新谷功一,栗,520,21104153,01018,01172,0924131103,山田有暉朗,千代田牧場,ヴィクトワールピサ,ベストオブミー,ブライアンズタイム,鹿毛,210420,  123.8,  ,    ,50.0
24,01,28,2,京都,2,06,未勝利・牝,7,芝,0,1600,良,エポックヴィーナス,牝,3,和田竜二,55.0,10,03,1,1,0,-0.2,2,95.4,"1354",0,0,0,6,5,35.1,438,新谷功一,栗,550,21104153,01018,01172,0824220603,山田有暉朗,千代田牧場,ヴィクトワールピサ,ベストオブミー,ブライアンズタイム,鹿毛,210420,    3.1,  ,    ,53.1
24,01,13,1,京都,4,05,未勝利・牝,7,芝,0,1600,良,エポックヴィーナス,牝,3,和田竜二,55.0,18,10,2,2,0,0.4,8,95.1,"1351",0,0,0,12,10,35.9,440,新谷功一,栗,220,21104153,01018,01172,0824140510,山田有暉朗,千代田牧場,ヴィクトワールピサ,ベストオブミー,ブライアンズタイム,鹿毛,210420,   20.6,  ,    ,48.9
23,12,10,5,阪神,4,04,新馬・牝,15,芝,8,1600,良,エポックヴィーナス,牝,2,和田竜二,55.0,17,01,6,6,0,0.5,8,97.6,"1376",0,0,0,8,8,34,440,新谷功一,栗,0,21104153,01018,01172,0923540401,山田有暉朗,千代田牧場,ヴィクトワールピサ,ベストオブミー,ブライアンズタイム,鹿毛,210420,   40.4,  ,    ,62.2
24,07,20,2,福島,7,10,白河特別･2勝,43,芝,0,1800,良,グラニット        ,牡,4,嶋田純次,58.0,16,05,4,4,0,0.1,4,108.1,"1481",0,1,1,1,1,35.6,458,大和田成,美,230,20100810,01134,01124,0324271005,ミルファーム,猿橋義昭,ダノンバラード,インティワタナ,フサイチコンコルド,鹿毛,200222,    8.5,  ,    ,51.8
24,05,25,2,東京,11,10,葉山特別･2勝,43,芝,0,1600,良,グラニット        ,牡,4,佐々木大,58.0,14,03,7,7,0,0.5,5,92.9,"1329",0,0,0,3,3,34.9,456,大和田成,美,0,20100810,01197,01124,05242B1003,ミルファーム,猿橋義昭,ダノンバラード,インティワタナ,フサイチコンコルド,鹿毛,200222,   20.0,  ,    ,49.7
24,04,28,2,東京,4,08,２勝ｸﾗｽ,43,芝,0,1600,良,グラニット        ,牡,4,石田拓郎,55.0,11,03,5,5,0,1,5,93.3,"1333",0,0,0,3,3,34.1,464,大和田成,美,114,20100810,01203,01124,0524240803,ミルファーム,猿橋義昭,ダノンバラード,インティワタナ,フサイチコンコルド,鹿毛,200222,   14.8,  ,    ,54.2
24,03,30,3,中山,3,08,２勝ｸﾗｽ,43,芝,8,1600,稍,グラニット        ,牡,4,石田拓郎,55.0,13,02,5,5,0,0.4,5,93.6,"1336",0,0,2,2,2,35.7,468,大和田成,美,114,20100810,01203,01124,0624330802,ミルファーム,猿橋義昭,ダノンバラード,インティワタナ,フサイチコンコルド,鹿毛,200222,   14.5,  ,    ,47.3
24,03,17,2,中山,8,08,２勝ｸﾗｽ,43,芝,8,1600,良,グラニット        ,牡,4,嶋田純次,58.0,8,08,5,5,0,0.8,4,94.2,"1342",0,0,3,3,3,35.5,470,大和田成,美,114,20100810,01134,01124,0624280808,ミルファーム,猿橋義昭,ダノンバラード,インティワタナ,フサイチコンコルド,鹿毛,200222,   10.1,  ,    ,49.2
24,01,21,1,中山,7,12,２勝ｸﾗｽ,43,芝,8,1600,不,グラニット        ,牡,4,田辺裕信,57.0,12,03,9,9,0,1.7,2,98,"1380",0,0,5,6,4,38.1,470,大和田成,美,0,20100810,01075,01124,0624171203,ミルファーム,猿橋義昭,ダノンバラード,インティワタナ,フサイチコンコルド,鹿毛,200222,    5.6,  ,    ,44.3
24,01,08,1,中山,3,12,２勝ｸﾗｽ,43,芝,8,1600,良,グラニット        ,牡,4,佐々木大,56.0,15,08,4,4,0,0.4,3,92.9,"1329",0,0,3,3,5,34.9,472,大和田成,美,170,20100810,01197,01124,0624131208,ミルファーム,猿橋義昭,ダノンバラード,インティワタナ,フサイチコンコルド,鹿毛,200222,    6.3,  ,    ,49.7
23,12,24,5,中山,8,10,クリスマ･2勝,43,芝,8,1600,良,グラニット        ,牡,3,佐々木大,57.0,16,12,5,5,0,0.6,6,93.8,"1338",0,0,1,1,1,35.8,472,大和田成,美,155,20100810,01197,01124,0623581012,ミルファーム,猿橋義昭,ダノンバラード,インティワタナ,フサイチコンコルド,鹿毛,200222,   10.3,  ,    ,47.2
23,10,15,4,東京,5,12,鷹巣山Ｈ･2勝,43,芝,0,1600,重,グラニット        ,牡,3,内田博幸,56.0,14,06,12,12,0,0.8,5,94,"1340",0,0,0,1,1,35.8,462,大和田成,美,0,20100810,00422,01124,0523451206,ミルファーム,猿橋義昭,ダノンバラード,インティワタナ,フサイチコンコルド,鹿毛,200222,    6.3,  ,    ,47.5
23,09,24,4,中山,7,09,木更津Ｈ･2勝,43,芝,8,1600,良,グラニット        ,牡,3,嶋田純次,56.0,16,06,4,4,0,0.3,2,94.1,"1341",0,0,4,3,3,35.3,458,大和田成,美,230,20100810,01134,01124,0623470906,ミルファーム,猿橋義昭,ダノンバラード,インティワタナ,フサイチコンコルド,鹿毛,200222,    4.1,  ,    ,49.9
23,09,10,4,中山,2,11,オータムＨG3,163,芝,8,1600,良,グラニット        ,牡,3,嶋田純次,51.0,11,07,6,6,0,0.4,6,92,"1320",0,0,1,1,1,35,460,大和田成,美,0,20100810,01134,01124,0623421107,ミルファーム,猿橋義昭,ダノンバラード,インティワタナ,フサイチコンコルド,鹿毛,200222,   13.0,  ,    ,47.7
23,07,02,2,福島,2,11,ラジオNIＨG3,163,芝,0,1800,良,グラニット        ,牡,3,嶋田純次,55.0,16,02,6,6,0,0.6,2,107.5,"1475",0,1,1,1,1,35.8,448,大和田成,美,0,20100810,01134,01124,0323221102,ミルファーム,猿橋義昭,ダノンバラード,インティワタナ,フサイチコンコルド,鹿毛,200222,    7.4,  ,    ,50.1
23,04,16,3,中山,8,11,皐月賞G1,195,芝,0,2000,重,グラニット        ,牡,3,嶋田純次,57.0,18,13,12,12,0,2.3,17,122.9,"2029",0,1,1,1,2,39.5,448,大和田成,美,0,20100810,01134,01124,0623381113,ミルファーム,猿橋義昭,ダノンバラード,インティワタナ,フサイチコンコルド,鹿毛,200222,  185.9,  ,    ,40.5
23,03,19,2,中山,8,11,スプリンG2,179,芝,0,1800,重,グラニット        ,牡,3,嶋田純次,56.0,16,01,4,4,0,0.4,13,109.3,"1493",0,1,1,1,1,37.6,456,大和田成,美,810,20100810,01134,01124,0623281101,ミルファーム,猿橋義昭,ダノンバラード,インティワタナ,フサイチコンコルド,鹿毛,200222,   62.9,  ,    ,45.3
23,01,15,1,中山,6,11,京成杯G3,163,芝,0,2000,良,グラニット        ,牡,3,嶋田純次,56.0,9,08,8,8,0,1.1,6,123.3,"2033",0,1,1,1,1,36.5,460,大和田成,美,0,20100810,01134,01124,0623161108,ミルファーム,猿橋義昭,ダノンバラード,インティワタナ,フサイチコンコルド,鹿毛,200222,   16.9,  ,    ,51.9
22,12,18,6,阪神,6,11,フューチG1,195,芝,8,1600,良,グラニット        ,牡,2,松山弘平,55.0,17,08,10,10,0,1,9,94.9,"1349",0,0,0,2,2,37,452,大和田成,美,0,20100810,01126,01124,0922661108,ミルファーム,猿橋義昭,ダノンバラード,インティワタナ,フサイチコンコルド,鹿毛,200222,   42.6,  ,    ,43.9
22,10,08,4,東京,1,11,サウジアG3,163,芝,0,1600,良,グラニット        ,牡,2,嶋田純次,55.0,9,01,2,2,0,0.2,7,93.6,"1336",0,0,0,1,1,35.8,444,大和田成,美,1300,20100810,01134,01124,0522411101,ミルファーム,猿橋義昭,ダノンバラード,インティワタナ,フサイチコンコルド,鹿毛,200222,   40.4,  ,    ,46.9
22,08,28,3,新潟,6,11,新潟２歳G3,163,芝,8,1600,良,グラニット        ,牡,2,嶋田純次,54.0,11,03,6,6,0,0.5,6,96.4,"1364",0,0,0,4,3,34,448,大和田成,美,0,20100810,01134,01124,0422361103,ミルファーム,猿橋義昭,ダノンバラード,インティワタナ,フサイチコンコルド,鹿毛,200222,   13.2,  ,    ,60.1
22,07,03,2,福島,2,01,未勝利*,7,芝,0,1800,良,グラニット        ,牡,2,嶋田純次,54.0,8,01,1,1,0,-0.5,3,110.5,"1505",0,1,1,1,1,35.6,444,大和田成,美,520,20100810,01134,01124,0322220101,ミルファーム,猿橋義昭,ダノンバラード,インティワタナ,フサイチコンコルド,鹿毛,200222,    6.2,  ,    ,55.2
22,06,19,3,東京,6,05,新馬,15,芝,0,1600,良,グラニット        ,牡,2,嶋田純次,54.0,16,16,3,3,0,0.1,16,96.2,"1362",0,0,0,3,3,34.6,446,大和田成,美,180,20100810,01134,01124,0522360516,ミルファーム,猿橋義昭,ダノンバラード,インティワタナ,フサイチコンコルド,鹿毛,200222,  194.1,  ,    ,56.8
24,06,16,4,京都,6,09,皆生特別･2勝,43,芝,8,1600,良,スイープアワーズ  ,牡,4,坂井瑠星,58.0,9,04,2,2,0,0,2,93,"1330",0,0,0,6,6,33.5,448,友道康夫,栗,620,20103428,01163,01061,0824460904,大塚亮一,ノーザンファーム,ディープインパクト,スイープトウショウ,エンドスウィープ,鹿毛,200227,    6.2,  ,    ,56.6
24,05,04,3,京都,5,12,２勝ｸﾗｽ,43,芝,8,1600,良,スイープアワーズ  ,牡,4,武豊,58.0,10,09,2,2,0,0.4,2,93.1,"1331",0,0,0,10,10,34.3,436,友道康夫,栗,460,20103428,00666,01061,0824351209,大塚亮一,ノーザンファーム,ディープインパクト,スイープトウショウ,エンドスウィープ,鹿毛,200227,    3.6,  ,    ,52.9
24,03,10,1,阪神,6,09,天神橋特･2勝,43,芝,8,1600,良,スイープアワーズ  ,牡,4,武豊,58.0,10,10,7,7,0,0.6,1,94.1,"1341",0,0,0,8,7,33.8,436,友道康夫,栗,0,20103428,00666,01061,0924160910,大塚亮一,ノーザンファーム,ディープインパクト,スイープトウショウ,エンドスウィープ,鹿毛,200227,    2.1,  ,    ,57.0
24,02,24,1,阪神,1,07,１勝ｸﾗｽ,23,芝,8,1600,稍,スイープアワーズ  ,牡,4,武豊,58.0,17,15,1,1,0,-0.1,4,93.3,"1333",0,0,0,14,14,33.7,440,友道康夫,栗,800,20103428,00666,01061,0924110715,大塚亮一,ノーザンファーム,ディープインパクト,スイープトウショウ,エンドスウィープ,鹿毛,200227,    8.4,  ,    ,56.1
23,10,07,2,京都,1,08,１勝ｸﾗｽ,23,芝,8,1800,良,スイープアワーズ  ,牡,3,池添謙一,56.0,11,05,9,9,0,0.6,4,107.6,"1476",0,0,0,8,7,34.1,444,友道康夫,栗,0,20103428,01032,01061,0823210805,大塚亮一,ノーザンファーム,ディープインパクト,スイープトウショウ,エンドスウィープ,鹿毛,200227,    7.1,  ,    ,57.8
23,09,23,4,阪神,6,07,１勝ｸﾗｽ,23,芝,8,1800,良,スイープアワーズ  ,牡,3,川田将雅,55.0,14,06,4,4,0,0.4,3,105.2,"1452",0,0,0,4,5,34.3,434,友道康夫,栗,120,20103428,01088,01061,0923460706,大塚亮一,ノーザンファーム,ディープインパクト,スイープトウショウ,エンドスウィープ,鹿毛,200227,    7.3,  ,    ,53.4
23,07,15,3,中京,5,04,未勝利,7,芝,0,2000,良,スイープアワーズ  ,牡,3,川田将雅,56.0,14,13,1,1,0,-0.2,2,120.9,"2009",0,3,3,4,4,35.5,450,友道康夫,栗,550,20103428,01088,01061,0723350413,大塚亮一,ノーザンファーム,ディープインパクト,スイープトウショウ,エンドスウィープ,鹿毛,200227,    3.1,  ,    ,53.1
23,05,13,1,京都,7,05,未勝利,7,芝,8,1800,良,スイープアワーズ  ,牡,3,武豊,56.0,11,08,8,8,0,1.1,1,108.3,"1483",0,0,0,9,9,35.1,450,友道康夫,栗,0,20103428,00666,01061,0823170508,大塚亮一,ノーザンファーム,ディープインパクト,スイープトウショウ,エンドスウィープ,鹿毛,200227,    1.6,  ,    ,54.3
23,04,22,1,京都,1,01,未勝利,7,芝,0,2000,良,スイープアワーズ  ,牡,3,武豊,56.0,18,07,3,3,0,0.2,1,121.1,"2011",0,10,12,11,11,35.3,452,友道康夫,栗,140,20103428,00666,01061,0823110107,大塚亮一,ノーザンファーム,ディープインパクト,スイープトウショウ,エンドスウィープ,鹿毛,200227,    2.3,  ,    ,54.2
23,04,01,2,阪神,3,04,未勝利,7,芝,8,1800,良,スイープアワーズ  ,牡,3,武豊,56.0,18,07,5,5,0,0.5,1,107.4,"1474",0,0,0,12,13,34.9,454,友道康夫,栗,55,20103428,00666,01061,0923230407,大塚亮一,ノーザンファーム,ディープインパクト,スイープトウショウ,エンドスウィープ,鹿毛,200227,    2.7,  ,    ,53.9
23,08,05,2,新潟,3,09,月岡温泉･2勝,43,芝,8,2000,良,クロニクルノヴァ  ,セ,4,西村淳也,58.0,13,04,10,10,0,1.1,7,121,"2010",0,0,0,1,1,34.3,474,小栗実,栗,0,19105084,01171,01194,0423230904,DMMドリームクラブ,ノーザンファーム,キズナ,ウォークロニクル,ウォーエンブレム,黒鹿,190305,   22.7,  ,    ,58.3
23,05,27,1,京都,11,12,２勝ｸﾗｽ,43,芝,8,1400,良,クロニクルノヴァ  ,セ,4,鮫島克駿,58.0,14,03,11,11,0,1.1,3,81.3,"1213",0,0,0,3,5,35.2,472,武幸四郎,栗,0,19105084,01157,01160,08231B1203,DMMドリームクラブ,ノーザンファーム,キズナ,ウォークロニクル,ウォーエンブレム,黒鹿,190305,    6.2,  ,    ,48.2
23,05,21,1,京都,10,08,１勝ｸﾗｽ,23,芝,8,1400,良,クロニクルノヴァ  ,セ,4,鮫島克駿,58.0,18,07,1,1,0,-0.1,1,80.8,"1208",0,0,0,3,3,34.1,480,武幸四郎,栗,800,19105084,01157,01160,08231A0807,DMMドリームクラブ,ノーザンファーム,キズナ,ウォークロニクル,ウォーエンブレム,黒鹿,190305,    4.0,  ,    ,52.7
23,02,12,1,阪神,2,09,１勝ｸﾗｽ,23,芝,8,1600,良,クロニクルノヴァ  ,セ,4,松岡正海,58.0,17,12,7,7,0,0.7,8,94.7,"1347",0,0,0,7,6,34.6,476,武幸四郎,栗,0,19105084,01085,01160,0923120912,DMMドリームクラブ,ノーザンファーム,キズナ,ウォークロニクル,ウォーエンブレム,黒鹿,190305,   31.1,  ,    ,54.2
23,01,28,1,小倉,5,09,日田特別･1勝,23,芝,0,1800,重,クロニクルノヴァ  ,セ,4,藤岡康太,57.0,14,12,11,11,0,1.4,2,111.5,"1515",0,2,2,3,4,37.8,476,武幸四郎,栗,0,19105084,01116,01160,1023150912,DMMドリームクラブ,ノーザンファーム,キズナ,ウォークロニクル,ウォーエンブレム,黒鹿,190305,    6.7,  ,    ,47.5
23,01,14,1,中京,5,12,１勝ｸﾗｽ,23,芝,0,1600,重,クロニクルノヴァ  ,セ,4,鮫島克駿,57.0,16,03,4,4,0,0.6,5,96.7,"1367",0,0,3,3,3,35.3,482,武幸四郎,栗,120,19105084,01157,01160,0723151203,DMMドリームクラブ,ノーザンファーム,キズナ,ウォークロニクル,ウォーエンブレム,黒鹿,190305,   17.4,  ,    ,54.4
22,09,03,2,札幌,7,07,１勝ｸﾗｽ,23,芝,0,2000,良,クロニクルノヴァ  ,牡,3,吉田隼人,54.0,16,05,4,4,0,0.4,4,123.9,"2039",0,3,3,3,2,36.2,486,武幸四郎,栗,120,19105084,01095,01160,0122270705,DMMドリームクラブ,ノーザンファーム,キズナ,ウォークロニクル,ウォーエンブレム,黒鹿,190305,    6.8,  ,    ,53.8
22,07,02,1,函館,7,03,未勝利,7,芝,0,1800,稍,クロニクルノヴァ  ,牡,3,浜中俊,56.0,15,11,1,1,0,-0.2,3,109.1,"1491",0,5,5,4,2,36.5,478,武幸四郎,栗,520,19105084,01115,01160,0222170311,DMMドリームクラブ,ノーザンファーム,キズナ,ウォークロニクル,ウォーエンブレム,黒鹿,190305,    6.4,  ,    ,49.5
22,03,13,1,阪神,10,04,未勝利,7,芝,8,1600,良,クロニクルノヴァ  ,牡,3,秋山真一,56.0,18,13,3,3,0,0.6,4,95.5,"1355",0,0,0,3,4,36.3,476,武幸四郎,栗,130,19105084,01019,01160,09221A0413,DMMドリームクラブ,ノーザンファーム,キズナ,ウォークロニクル,ウォーエンブレム,黒鹿,190305,    7.5,  ,    ,47.9
22,02,27,1,阪神,6,03,未勝利,7,ダ,1,1400,良,クロニクルノヴァ  ,牡,3,鮫島克駿,56.0,13,09,5,5,0,0.4,3,86.9,"1269",0,0,0,2,2,39.9,480,武幸四郎,栗,52,19105084,01157,01160,0922160309,DMMドリームクラブ,ノーザンファーム,キズナ,ウォークロニクル,ウォーエンブレム,黒鹿,190305,    4.6,  ,    ,38.3
22,02,05,1,小倉,7,06,未勝利,7,芝,0,2000,良,クロニクルノヴァ  ,牡,3,吉田隼人,56.0,14,14,8,8,0,0.8,3,122.8,"2028",0,11,13,10,11,35.4,474,武幸四郎,栗,0,19105084,01095,01160,1022170614,DMMドリームクラブ,ノーザンファーム,キズナ,ウォークロニクル,ウォーエンブレム,黒鹿,190305,    4.8,  ,    ,55.8
22,01,22,1,中京,7,06,未勝利,7,芝,0,1600,良,クロニクルノヴァ  ,牡,3,団野大成,56.0,15,03,4,4,0,0.7,3,95,"1350",0,0,11,10,8,35.4,480,武幸四郎,栗,78,19105084,01180,01160,0722170603,DMMドリームクラブ,ノーザンファーム,キズナ,ウォークロニクル,ウォーエンブレム,黒鹿,190305,    6.4,  ,    ,51.0
21,11,14,5,阪神,4,01,未勝利*,7,ダ,1,1400,良,クロニクルノヴァ  ,牡,2,Ｍ．デム,55.0,12,08,6,6,0,0.9,5,86.9,"1269",0,0,0,7,6,39.2,472,武幸四郎,栗,0,19105084,05212,01160,0921540108,DMMドリームクラブ,ノーザンファーム,キズナ,ウォークロニクル,ウォーエンブレム,黒鹿,190305,   13.0,  ,    ,41.3
21,10,24,4,阪神,6,01,未勝利*,7,ダ,1,1800,良,クロニクルノヴァ  ,牡,2,Ｍ．デム,55.0,10,08,4,4,0,1.5,5,115.9,"1559",0,5,4,5,5,39.1,472,武幸四郎,栗,77,19105084,05212,01160,0921460108,DMMドリームクラブ,ノーザンファーム,キズナ,ウォークロニクル,ウォーエンブレム,黒鹿,190305,    5.5,  ,    ,48.2
21,09,26,5,中京,7,02,未勝利*,7,ダ,1,1800,重,クロニクルノヴァ  ,牡,2,柴山雄一,54.0,10,03,6,6,0,2.8,3,114,"1540",0,7,8,3,4,39.6,478,武幸四郎,栗,0,19105084,05243,01160,0721570203,DMMドリームクラブ,ノーザンファーム,キズナ,ウォークロニクル,ウォーエンブレム,黒鹿,190305,    6.4,  ,    ,43.9
21,06,26,3,阪神,3,01,未勝利*,7,芝,8,1600,良,クロニクルノヴァ  ,牡,2,柴山雄一,54.0,10,03,2,2,0,0.4,8,95.6,"1356",0,0,0,6,6,35.6,458,武幸四郎,栗,200,19105084,05243,01160,0921330103,DMMドリームクラブ,ノーザンファーム,キズナ,ウォークロニクル,ウォーエンブレム,黒鹿,190305,   46.3,  ,    ,51.1
21,06,05,4,中京,1,05,新馬,15,芝,0,1600,良,クロニクルノヴァ  ,牡,2,柴山雄一,54.0,12,06,6,6,0,0.8,5,96.8,"1368",0,0,8,8,8,35.4,450,武幸四郎,栗,0,19105084,05243,01160,0721410506,DMMドリームクラブ,ノーザンファーム,キズナ,ウォークロニクル,ウォーエンブレム,黒鹿,190305,   28.2,  ,    ,54.1
24,05,26,2,東京,12,06,１勝ｸﾗｽ,23,芝,0,1800,良,トラマンダーレ    ,牡,4,松山弘平,58.0,9,04,1,1,0,-0.3,2,107.5,"1475",0,0,5,5,5,33.1,510,鹿戸雄一,美,800,20103486,01126,01097,05242C0604,シルクレーシング,ノーザンファーム,ドゥラメンテ,テルアケリー,Tapit,鹿毛,200504,    2.9,  ,    ,62.4
23,11,19,5,東京,6,06,１勝ｸﾗｽ,23,ダ,1,1600,稍,トラマンダーレ    ,牡,3,マーカン,57.0,16,12,10,10,0,1.7,1,98.7,"1387",0,0,0,8,8,37.5,502,鹿戸雄一,美,0,20103486,05626,01097,0523560612,シルクレーシング,ノーザンファーム,ドゥラメンテ,テルアケリー,Tapit,鹿毛,200504,    2.4,  ,    ,47.9
23,09,24,4,中山,7,07,１勝ｸﾗｽ,23,芝,8,1600,良,トラマンダーレ    ,牡,3,ルメール,56.0,16,09,2,2,0,0.4,1,94.7,"1347",0,0,9,11,12,35.2,498,鹿戸雄一,美,320,20103486,05339,01097,0623470709,シルクレーシング,ノーザンファーム,ドゥラメンテ,テルアケリー,Tapit,鹿毛,200504,    1.9,  ,    ,51.4
23,09,09,4,中山,1,07,１勝ｸﾗｽ,23,芝,0,1800,稍,トラマンダーレ    ,牡,3,ルメール,55.0,9,08,4,4,0,0.1,1,107.9,"1479",0,9,9,8,7,33.8,502,鹿戸雄一,美,120,20103486,05339,01097,0623410708,シルクレーシング,ノーザンファーム,ドゥラメンテ,テルアケリー,Tapit,鹿毛,200504,    1.8,  ,    ,59.6
23,06,18,3,東京,6,07,１勝ｸﾗｽ,23,芝,0,1800,良,トラマンダーレ    ,牡,3,ルメール,55.0,15,15,2,2,0,0.1,1,105.6,"1456",0,0,8,9,9,34.2,494,鹿戸雄一,美,320,20103486,05339,01097,0523360715,シルクレーシング,ノーザンファーム,ドゥラメンテ,テルアケリー,Tapit,鹿毛,200504,    2.0,  ,    ,54.4
23,03,18,2,中山,7,06,１勝ｸﾗｽ*,23,芝,8,1600,重,トラマンダーレ    ,牡,3,ルメール,56.0,12,09,2,2,0,0,1,96.7,"1367",0,0,2,2,4,36.8,490,鹿戸雄一,美,310,20103486,05339,01097,0623270609,シルクレーシング,ノーザンファーム,ドゥラメンテ,テルアケリー,Tapit,鹿毛,200504,    1.6,  ,    ,47.7
23,01,29,1,東京,2,09,セントポ･1勝,23,芝,0,1800,良,トラマンダーレ    ,牡,3,菅原明良,56.0,8,05,2,2,0,0.2,4,108.2,"1482",0,0,7,5,5,33.7,488,鹿戸雄一,美,430,20103486,01179,01097,0523120905,シルクレーシング,ノーザンファーム,ドゥラメンテ,テルアケリー,Tapit,鹿毛,200504,    5.9,  ,    ,60.5
22,11,13,5,東京,4,06,新馬,15,芝,0,1600,良,トラマンダーレ    ,牡,2,マーカン,55.0,9,02,1,1,0,-0.3,1,96.6,"1366",0,0,0,1,1,33.7,482,鹿戸雄一,美,700,20103486,05626,01097,0522540602,シルクレーシング,ノーザンファーム,ドゥラメンテ,テルアケリー,Tapit,鹿毛,200504,    1.4,  ,    ,62.0
24,05,25,2,東京,11,10,葉山特別･2勝,43,芝,0,1600,良,サトノスカイターフ,牡,6,モレイラ,58.0,14,08,6,6,0,0.5,3,92.9,"1329",0,0,0,11,11,34.2,502,池江泰寿,栗,0,18105073,05509,01071,05242B1008,里見治,ノーザンファーム,ディープインパクト,シーヴ,Mineshaft,鹿毛,180227,    3.6,  ,    ,53.0
24,04,07,2,阪神,6,07,２勝ｸﾗｽ,43,芝,8,1600,良,サトノスカイターフ,牡,6,岩田望来,58.0,9,07,4,4,0,0.1,3,93.6,"1336",0,0,0,8,7,33,506,池江泰寿,栗,170,18105073,01174,01071,0924260707,里見治,ノーザンファーム,ディープインパクト,シーヴ,Mineshaft,鹿毛,180227,    5.0,  ,    ,60.2
24,03,10,1,阪神,6,07,１勝ｸﾗｽ,23,芝,8,1600,良,サトノスカイターフ,牡,6,岩田望来,58.0,10,02,1,1,0,-0.3,2,94.6,"1346",0,0,0,4,4,33.5,508,池江泰寿,栗,800,18105073,01174,01071,0924160702,里見治,ノーザンファーム,ディープインパクト,シーヴ,Mineshaft,鹿毛,180227,    3.9,  ,    ,59.4
23,10,22,2,京都,7,06,１勝ｸﾗｽ,23,芝,8,1600,良,サトノスカイターフ,牡,5,横山武史,58.0,16,01,2,2,0,0.1,4,92.9,"1329",0,0,0,16,16,34,496,池江泰寿,栗,320,18105073,01170,01071,0823270601,里見治,ノーザンファーム,ディープインパクト,シーヴ,Mineshaft,鹿毛,180227,    9.4,  ,    ,53.9
23,08,06,2,新潟,4,12,１勝ｸﾗｽ,23,芝,8,1600,良,サトノスカイターフ,牡,5,岩田望来,58.0,18,13,9,9,0,0.9,3,93.6,"1336",0,0,0,16,16,33.3,506,池江泰寿,栗,0,18105073,01174,01071,0423241213,里見治,ノーザンファーム,ディープインパクト,シーヴ,Mineshaft,鹿毛,180227,    5.6,  ,    ,58.6
23,03,26,2,阪神,2,07,１勝ｸﾗｽ,23,芝,8,1600,重,サトノスカイターフ,牡,5,藤岡康太,58.0,14,03,3,3,0,0.9,1,96.4,"1364",0,0,0,8,8,35.1,502,池江泰寿,栗,200,18105073,01116,01071,0923220703,里見治,ノーザンファーム,ディープインパクト,シーヴ,Mineshaft,鹿毛,180227,    2.4,  ,    ,54.8
23,03,05,1,阪神,8,07,１勝ｸﾗｽ,23,芝,8,1600,良,サトノスカイターフ,牡,5,岩田望来,58.0,17,06,2,2,0,0.1,2,93.6,"1336",0,0,0,11,11,33.7,502,池江泰寿,栗,320,18105073,01174,01071,0923180706,里見治,ノーザンファーム,ディープインパクト,シーヴ,Mineshaft,鹿毛,180227,    4.9,  ,    ,56.6
23,02,12,1,阪神,2,09,１勝ｸﾗｽ,23,芝,8,1600,良,サトノスカイターフ,牡,5,ムルザバ,58.0,17,09,3,3,0,0.3,4,94.3,"1343",0,0,0,11,12,33.6,508,池江泰寿,栗,200,18105073,05627,01071,0923120909,里見治,ノーザンファーム,ディープインパクト,シーヴ,Mineshaft,鹿毛,180227,    9.2,  ,    ,58.4
22,12,18,6,中京,6,07,１勝ｸﾗｽ,23,芝,0,1600,良,サトノスカイターフ,牡,4,荻野極,57.0,16,07,6,6,0,0.3,4,95.6,"1356",0,0,14,14,14,34.5,500,池江泰寿,栗,0,18105073,01160,01071,0722660707,里見治,ノーザンファーム,ディープインパクト,シーヴ,Mineshaft,鹿毛,180227,    8.3,  ,    ,56.3
22,10,30,4,新潟,6,09,聖籠特別･1勝,23,芝,8,1800,稍,サトノスカイターフ,牡,4,荻野極,57.0,18,17,7,7,0,0.7,3,108.5,"1485",0,0,0,18,18,34.2,500,池江泰寿,栗,0,18105073,01160,01071,0422460917,里見治,ノーザンファーム,ディープインパクト,シーヴ,Mineshaft,鹿毛,180227,    7.4,  ,    ,58.6
22,10,16,4,新潟,2,09,粟島特別･1勝,23,芝,8,1800,良,サトノスカイターフ,牡,4,荻野極,57.0,11,09,4,4,0,0.2,8,106.5,"1465",0,0,0,10,11,33.5,500,池江泰寿,栗,160,18105073,01160,01071,0422420909,里見治,ノーザンファーム,ディープインパクト,シーヴ,Mineshaft,鹿毛,180227,   15.7,  ,    ,59.0
22,07,09,3,小倉,3,09,マカオジ･1勝,23,芝,0,1800,良,サトノスカイターフ,牡,4,荻野極,57.0,11,05,8,8,0,1.2,5,107.3,"1473",0,5,5,5,7,35.2,490,池江泰寿,栗,0,18105073,01160,01071,1022330905,里見治,ノーザンファーム,ディープインパクト,シーヴ,Mineshaft,鹿毛,180227,   19.9,  ,    ,52.4
22,05,22,1,新潟,6,09,二王子特･1勝,23,芝,8,1800,良,サトノスカイターフ,牡,4,荻野極,57.0,13,03,3,3,0,0.3,2,107.5,"1475",0,0,0,5,5,34.6,496,池江泰寿,栗,270,18105073,01160,01071,0422160903,里見治,ノーザンファーム,ディープインパクト,シーヴ,Mineshaft,鹿毛,180227,    5.3,  ,    ,55.3
22,05,08,1,新潟,2,08,１勝ｸﾗｽ,23,芝,8,1600,良,サトノスカイターフ,牡,4,荻野極,57.0,12,02,5,5,0,0.1,2,95,"1350",0,0,0,10,10,33.4,496,池江泰寿,栗,77,18105073,01160,01071,0422120802,里見治,ノーザンファーム,ディープインパクト,シーヴ,Mineshaft,鹿毛,180227,    5.2,  ,    ,60.7
22,04,16,1,福島,1,09,川俣特別･1勝,23,芝,0,1800,稍,サトノスカイターフ,牡,4,荻野極,57.0,15,09,5,5,0,0.2,8,111.7,"1517",0,15,15,14,14,35.5,496,池江泰寿,栗,107,18105073,01160,01071,0322110909,里見治,ノーザンファーム,ディープインパクト,シーヴ,Mineshaft,鹿毛,180227,   19.0,  ,    ,57.3
22,02,12,1,阪神,1,08,１勝ｸﾗｽ,23,ダ,1,1400,良,サトノスカイターフ,牡,4,幸英明,57.0,16,14,8,8,0,1.2,2,86.4,"1264",0,0,0,6,5,37.7,502,池江泰寿,栗,0,18105073,00732,01071,0922110814,里見治,ノーザンファーム,ディープインパクト,シーヴ,Mineshaft,鹿毛,180227,    3.6,  ,    ,46.9
21,11,13,5,阪神,3,06,１勝ｸﾗｽ,23,ダ,1,2000,稍,サトノスカイターフ,牡,3,武豊,55.0,10,10,5,5,0,1.4,2,128,"2080",0,6,6,4,4,40,494,池江泰寿,栗,76,18105073,00666,01071,0921530610,里見治,ノーザンファーム,ディープインパクト,シーヴ,Mineshaft,鹿毛,180227,    3.6,  ,    ,44.3
21,10,24,5,新潟,6,08,１勝ｸﾗｽ,23,ダ,1,1800,重,サトノスカイターフ,牡,3,岩田望来,55.0,13,05,3,3,0,0.5,3,111.5,"1515",0,2,2,2,2,37.4,492,池江泰寿,栗,190,18105073,01174,01071,0421560805,里見治,ノーザンファーム,ディープインパクト,シーヴ,Mineshaft,鹿毛,180227,    6.0,  ,    ,49.1
21,10,02,5,中京,8,06,１勝ｸﾗｽ,23,ダ,1,1800,良,サトノスカイターフ,牡,3,岩田望来,55.0,13,09,4,4,0,1.2,7,114.1,"1541",0,9,10,10,9,38.5,492,池江泰寿,栗,110,18105073,01174,01071,0721580609,里見治,ノーザンファーム,ディープインパクト,シーヴ,Mineshaft,鹿毛,180227,   14.3,  ,    ,48.2
21,09,12,5,中京,2,12,１勝ｸﾗｽ,23,芝,0,1400,良,サトノスカイターフ,牡,3,幸英明,55.0,18,12,13,13,0,0.6,4,81.7,"1217",0,0,0,18,18,33.8,492,池江泰寿,栗,0,18105073,00732,01071,0721521212,里見治,ノーザンファーム,ディープインパクト,シーヴ,Mineshaft,鹿毛,180227,   11.3,  ,    ,56.3
21,06,20,3,阪神,2,08,１勝ｸﾗｽ,23,芝,8,1600,稍,サトノスカイターフ,牡,3,幸英明,54.0,11,04,9,9,0,1.8,4,96.1,"1361",0,0,0,2,2,37.5,490,池江泰寿,栗,0,18105073,00732,01071,0921320804,里見治,ノーザンファーム,ディープインパクト,シーヴ,Mineshaft,鹿毛,180227,    9.7,  ,    ,43.8
21,05,23,3,中京,6,06,１勝ｸﾗｽ*,23,芝,0,1600,良,サトノスカイターフ,牡,3,幸英明,56.0,8,08,2,2,0,0.3,1,95,"1350",0,0,3,3,3,34.6,490,池江泰寿,栗,290,18105073,00732,01071,0721360608,里見治,ノーザンファーム,ディープインパクト,シーヴ,Mineshaft,鹿毛,180227,    2.7,  ,    ,54.7
21,02,06,1,中京,11,05,未勝利,7,芝,0,1600,良,サトノスカイターフ,牡,3,松山弘平,56.0,16,03,1,1,0,0,2,95.2,"1352",0,0,8,8,8,36.1,486,池江泰寿,栗,510,18105073,01126,01071,07211B0503,里見治,ノーザンファーム,ディープインパクト,シーヴ,Mineshaft,鹿毛,180227,    3.7,  ,    ,48.2
20,11,15,5,阪神,4,02,未勝利*,7,芝,8,1600,良,サトノスカイターフ,牡,2,ルメール,55.0,16,16,8,8,0,0.8,1,94.4,"1344",0,0,0,1,2,34.8,490,池江泰寿,栗,0,18105073,05339,01071,0920540216,里見治,ノーザンファーム,ディープインパクト,シーヴ,Mineshaft,鹿毛,180227,    2.5,  ,    ,52.8
20,10,18,4,京都,4,02,未勝利*,7,芝,8,1800,重,サトノスカイターフ,牡,2,ルメール,55.0,8,03,2,2,0,0.5,1,110.1,"1501",0,0,0,5,6,36.1,478,池江泰寿,栗,200,18105073,05339,01071,0820440203,里見治,ノーザンファーム,ディープインパクト,シーヴ,Mineshaft,鹿毛,180227,    2.2,  ,    ,52.5
20,09,20,2,中京,4,05,新馬,15,芝,0,2000,良,サトノスカイターフ,牡,2,ルメール,54.0,13,02,2,2,0,0.1,2,122.7,"2027",0,4,4,5,4,34.1,476,池江泰寿,栗,280,18105073,05339,01071,0720240502,里見治,ノーザンファーム,ディープインパクト,シーヴ,Mineshaft,鹿毛,180227,    3.0,  ,    ,61.4
24,06,16,4,京都,6,09,皆生特別･2勝,43,芝,8,1600,良,スペクトログラム  ,牡,5,荻野極,58.0,9,08,0,0,1,999.9,0,0,"----",0,0,0,0,0,0,0,池江泰寿,栗,0,19105186,01160,01071,0824460908,シルクレーシング,ノーザンファーム,ドレフォン,ケアレスウィスパー,フジキセキ,栗毛,190319,    0.0,  ,    , 0.0
24,05,25,3,京都,11,12,２勝ｸﾗｽ,43,芝,8,1400,良,スペクトログラム  ,牡,5,横山和生,58.0,18,14,6,6,0,0.4,11,80.3,"1203",0,0,0,16,16,33.6,504,池江泰寿,栗,0,19105186,01140,01071,08243B1214,シルクレーシング,ノーザンファーム,ドレフォン,ケアレスウィスパー,フジキセキ,栗毛,190319,   28.7,  ,    ,54.2
24,03,17,1,阪神,8,12,２勝ｸﾗｽ,43,ダ,1,1400,稍,スペクトログラム  ,牡,5,荻野極,58.0,14,02,10,10,0,1.4,8,85.3,"1253",0,0,0,12,13,37.5,504,池江泰寿,栗,0,19105186,01160,01071,0924181202,シルクレーシング,ノーザンファーム,ドレフォン,ケアレスウィスパー,フジキセキ,栗毛,190319,   27.4,  ,    ,45.6
24,02,17,2,京都,7,12,２勝ｸﾗｽ,43,ダ,1,1400,稍,スペクトログラム  ,牡,5,ルメート,58.0,16,16,9,9,0,1,4,84.2,"1242",0,0,0,8,8,37,506,池江泰寿,栗,0,19105186,05659,01071,0824271216,シルクレーシング,ノーザンファーム,ドレフォン,ケアレスウィスパー,フジキセキ,栗毛,190319,   12.5,  ,    ,45.7
23,11,12,3,京都,4,12,ドンカス･2勝,43,ダ,1,1400,稍,スペクトログラム  ,牡,4,坂井瑠星,58.0,16,02,6,6,0,1.4,5,86.1,"1261",0,0,0,3,3,37.7,496,池江泰寿,栗,0,19105186,01163,01071,0823341202,シルクレーシング,ノーザンファーム,ドレフォン,ケアレスウィスパー,フジキセキ,栗毛,190319,   16.0,  ,    ,46.3
23,10,14,2,京都,4,12,２勝ｸﾗｽ,43,ダ,1,1400,良,スペクトログラム  ,牡,4,坂井瑠星,58.0,14,07,3,3,0,0.2,4,84.2,"1242",0,0,0,8,7,37.2,498,池江泰寿,栗,290,19105186,01163,01071,0823241207,シルクレーシング,ノーザンファーム,ドレフォン,ケアレスウィスパー,フジキセキ,栗毛,190319,   12.3,  ,    ,44.8
23,09,17,4,阪神,4,12,２勝ｸﾗｽ,43,ダ,1,1400,良,スペクトログラム  ,牡,4,荻野極,58.0,16,04,6,6,0,1,12,84.9,"1249",0,0,0,9,10,37.8,498,池江泰寿,栗,0,19105186,01160,01071,0923441204,シルクレーシング,ノーザンファーム,ドレフォン,ケアレスウィスパー,フジキセキ,栗毛,190319,   96.6,  ,    ,43.5
23,07,08,3,中京,3,10,インディ･2勝,43,ダ,1,1400,良,スペクトログラム  ,牡,4,荻野極,58.0,16,09,11,11,0,1,10,85.1,"1251",0,0,0,7,8,37.7,492,池江泰寿,栗,0,19105186,01160,01071,0723331009,シルクレーシング,ノーザンファーム,ドレフォン,ケアレスウィスパー,フジキセキ,栗毛,190319,   58.9,  ,    ,44.3
23,05,13,2,東京,7,09,日吉特Ｈ･2勝,43,ダ,1,1400,稍,スペクトログラム  ,牡,4,レーン,56.0,16,13,9,9,0,1.1,3,83.7,"1237",0,0,0,9,9,36.3,492,池江泰寿,栗,0,19105186,05585,01071,0523270913,シルクレーシング,ノーザンファーム,ドレフォン,ケアレスウィスパー,フジキセキ,栗毛,190319,    8.1,  ,    ,47.9
23,04,16,2,阪神,8,12,１勝ｸﾗｽ,23,ダ,1,1400,重,スペクトログラム  ,牡,4,荻野極,58.0,16,08,1,1,0,-0.3,5,84,"1240",0,0,0,9,8,36.3,490,池江泰寿,栗,800,19105186,01160,01071,0923281208,シルクレーシング,ノーザンファーム,ドレフォン,ケアレスウィスパー,フジキセキ,栗毛,190319,   10.5,  ,    ,48.6
23,03,12,2,中京,2,08,１勝ｸﾗｽ,23,ダ,1,1800,良,スペクトログラム  ,牡,4,坂井瑠星,58.0,15,15,7,7,0,1.5,6,114.4,"1544",0,8,9,5,5,40,492,池江泰寿,栗,0,19105186,01163,01071,0723220815,シルクレーシング,ノーザンファーム,ドレフォン,ケアレスウィスパー,フジキセキ,栗毛,190319,    8.9,  ,    ,43.0
23,02,04,1,小倉,7,07,１勝ｸﾗｽ,23,ダ,1,1700,稍,スペクトログラム  ,牡,4,ムルザバ,57.0,13,12,9,9,0,2.1,1,108.2,"1482",0,2,2,2,5,40.1,492,池江泰寿,栗,0,19105186,05627,01071,1023170712,シルクレーシング,ノーザンファーム,ドレフォン,ケアレスウィスパー,フジキセキ,栗毛,190319,    2.8,  ,    ,42.6
23,01,15,1,小倉,2,08,１勝ｸﾗｽ,23,ダ,1,1700,重,スペクトログラム  ,牡,4,ムルザバ,57.0,16,05,3,3,0,0.4,3,103.6,"1436",0,1,1,1,2,37.6,494,池江泰寿,栗,200,19105186,05627,01071,1023120805,シルクレーシング,ノーザンファーム,ドレフォン,ケアレスウィスパー,フジキセキ,栗毛,190319,    5.4,  ,    ,45.7
22,10,22,4,新潟,3,06,１勝ｸﾗｽ・若,23,ダ,1,1800,良,スペクトログラム  ,牡,3,松本大輝,53.0,10,06,7,7,0,1.1,1,115.4,"1554",0,4,4,7,7,39.6,494,池江泰寿,栗,0,19105186,01191,01071,0422430606,シルクレーシング,ノーザンファーム,ドレフォン,ケアレスウィスパー,フジキセキ,栗毛,190319,    3.5,  ,    ,45.7
22,07,17,3,小倉,6,12,１勝ｸﾗｽ,23,ダ,1,1700,良,スペクトログラム  ,牡,3,松山弘平,54.0,15,10,11,11,0,1.3,1,107.2,"1472",0,4,4,4,4,39.1,484,池江泰寿,栗,0,19105186,01126,01071,1022361210,シルクレーシング,ノーザンファーム,ドレフォン,ケアレスウィスパー,フジキセキ,栗毛,190319,    3.6,  ,    ,45.0
22,06,18,3,阪神,1,08,１勝ｸﾗｽ,23,ダ,1,1800,良,スペクトログラム  ,牡,3,松山弘平,54.0,16,05,5,5,0,0.4,8,113.4,"1534",0,6,5,7,7,37.7,488,池江泰寿,栗,77,19105186,01126,01071,0922310805,シルクレーシング,ノーザンファーム,ドレフォン,ケアレスウィスパー,フジキセキ,栗毛,190319,   26.2,  ,    ,50.4
22,01,22,1,小倉,3,01,未勝利,7,ダ,1,1700,良,スペクトログラム  ,牡,3,吉田隼人,56.0,13,02,1,1,0,-0.1,1,108.5,"1485",0,3,3,3,3,38.4,488,池江泰寿,栗,520,19105186,01095,01071,1022130102,シルクレーシング,ノーザンファーム,ドレフォン,ケアレスウィスパー,フジキセキ,栗毛,190319,    1.9,  ,    ,49.6
22,01,10,1,中京,4,02,未勝利,7,ダ,1,1800,良,スペクトログラム  ,牡,3,Ｃ．デム,56.0,10,10,3,3,0,0.6,2,114.9,"1549",0,3,3,3,3,38.5,488,池江泰寿,栗,130,19105186,05473,01071,0722140210,シルクレーシング,ノーザンファーム,ドレフォン,ケアレスウィスパー,フジキセキ,栗毛,190319,    2.3,  ,    ,49.2
21,11,28,5,阪神,8,01,未勝利*,7,ダ,1,1800,良,スペクトログラム  ,牡,2,岩田望来,55.0,14,07,3,3,0,0.2,1,116.2,"1562",0,6,6,7,7,39.9,488,池江泰寿,栗,130,19105186,01174,01071,0921580107,シルクレーシング,ノーザンファーム,ドレフォン,ケアレスウィスパー,フジキセキ,栗毛,190319,    3.0,  ,    ,45.6
21,09,18,5,中京,3,04,新馬,15,ダ,1,1800,不,スペクトログラム  ,牡,2,岩田望来,54.0,12,03,3,3,0,0.6,2,114.1,"1541",0,6,6,6,6,37.9,496,池江泰寿,栗,180,19105186,01174,01071,0721530403,シルクレーシング,ノーザンファーム,ドレフォン,ケアレスウィスパー,フジキセキ,栗毛,190319,    6.2,  ,    ,50.5
24,05,11,2,東京,7,09,国分寺特･2勝,43,芝,0,1800,良,アンリーロード    ,牝,4,戸崎圭太,56.0,12,10,7,7,0,0.3,1,106.3,"1463",0,0,5,7,6,33.9,476,茶木太樹,栗,0,20103304,05386,01181,0524270910,三木正浩,ノーザンファーム,リアルスティール,カシシ,ジャングルポケット,鹿毛,200316,    2.7,  ,    ,56.8
24,02,11,2,京都,6,09,春日特別･2勝,43,芝,8,1800,良,アンリーロード    ,牝,4,松山弘平,55.0,9,08,4,4,0,0.3,1,108.1,"1481",0,0,0,7,7,33.5,472,茶木太樹,栗,230,20103304,01126,01181,0824260908,三木正浩,ノーザンファーム,リアルスティール,カシシ,ジャングルポケット,鹿毛,200316,    2.5,  ,    ,61.3
23,12,24,5,阪神,8,08,２勝ｸﾗｽ・牝,43,芝,8,1800,良,アンリーロード    ,牝,3,鮫島克駿,55.0,12,03,2,2,0,0.2,2,105.8,"1458",0,0,0,11,11,32.8,466,茶木太樹,栗,460,20103304,01157,01181,0923580803,三木正浩,ノーザンファーム,リアルスティール,カシシ,ジャングルポケット,鹿毛,200316,    3.5,  ,    ,61.3
23,10,22,4,東京,7,09,山中湖特･2勝,43,芝,0,2000,良,アンリーロード    ,牝,3,横山和生,54.0,10,02,4,4,0,0.3,1,119.3,"1593",0,0,2,2,2,35.3,468,茶木太樹,栗,230,20103304,01140,01181,0523470902,三木正浩,ノーザンファーム,リアルスティール,カシシ,ジャングルポケット,鹿毛,200316,    2.0,  ,    ,52.0
23,09,17,4,阪神,4,11,ローズＳG2,179,芝,8,1800,良,アンリーロード    ,牝,3,吉田隼人,54.0,17,09,4,4,0,0.6,10,103.6,"1436",0,0,0,16,13,33.3,472,茶木太樹,栗,780,20103304,01095,01181,0923441109,三木正浩,ノーザンファーム,リアルスティール,カシシ,ジャングルポケット,鹿毛,200316,   59.2,  ,    ,55.6
23,05,20,2,東京,9,09,カーネー･1勝,23,芝,0,1800,良,アンリーロード    ,牝,3,吉田隼人,54.0,13,03,1,1,0,-0.1,6,107.3,"1473",0,0,8,9,8,33.2,472,茶木太樹,栗,1070,20103304,01095,01181,0523290903,三木正浩,ノーザンファーム,リアルスティール,カシシ,ジャングルポケット,鹿毛,200316,   23.3,  ,    ,61.6
23,03,04,1,阪神,7,11,チューリG2,179,芝,8,1600,良,アンリーロード    ,牝,3,池添謙一,54.0,17,01,12,12,0,0.8,9,94.8,"1348",0,0,0,8,8,34.3,462,茶木太樹,栗,0,20103304,01032,01181,0923171101,三木正浩,ノーザンファーム,リアルスティール,カシシ,ジャングルポケット,鹿毛,200316,   22.3,  ,    ,55.8
22,12,03,6,阪神,1,03,未勝利・牝*,7,芝,8,1800,良,アンリーロード    ,牝,2,福永祐一,54.0,14,06,1,1,0,-0.1,1,107.4,"1474",0,0,0,5,4,35.4,464,茶木太樹,栗,520,20103304,01014,01181,0922610306,三木正浩,ノーザンファーム,リアルスティール,カシシ,ジャングルポケット,鹿毛,200316,    2.0,  ,    ,51.7
22,11,12,5,東京,3,05,新馬・牝,15,芝,0,1600,良,アンリーロード    ,牝,2,福永祐一,54.0,11,02,2,2,0,0.4,4,94.5,"1345",0,0,0,7,5,33.7,460,茶木太樹,栗,280,20103304,01014,01181,0522530502,三木正浩,ノーザンファーム,リアルスティール,カシシ,ジャングルポケット,鹿毛,200316,    9.3,  ,    ,58.2
24,06,16,3,東京,6,10,相模湖特･2勝,43,芝,0,1400,良,ルカン            ,牝,4,団野大成,56.0,12,03,7,7,0,1,9,81.1,"1211",0,0,0,10,10,33.6,414,藤野健太,栗,0,20102563,01180,01200,0524361003,フォレストレーシング,追分ファーム,ハーツクライ,スパニッシュクイーン,"Tribal Rule",黒鹿,200126,   63.7,  ,    ,56.0
24,05,04,3,京都,5,12,２勝ｸﾗｽ,43,芝,8,1600,良,ルカン            ,牝,4,幸英明,56.0,10,04,10,10,0,2.2,10,94.9,"1349",0,0,0,2,3,36.9,422,藤野健太,栗,0,20102563,00732,01200,0824351204,フォレストレーシング,追分ファーム,ハーツクライ,スパニッシュクイーン,"Tribal Rule",黒鹿,200126,   64.6,  ,    ,44.3
24,04,20,3,京都,1,12,２勝ｸﾗｽ,43,芝,8,1600,良,ルカン            ,牝,4,幸英明,56.0,10,03,8,8,0,1.5,7,93.6,"1336",0,0,0,1,1,36.3,422,藤野健太,栗,0,20102563,00732,01200,0824311203,フォレストレーシング,追分ファーム,ハーツクライ,スパニッシュクイーン,"Tribal Rule",黒鹿,200126,   21.4,  ,    ,44.7
23,12,03,5,阪神,2,12,２勝ｸﾗｽ,43,芝,0,1400,良,ルカン            ,牝,3,横山典弘,55.0,15,06,14,14,0,4,5,84,"1240",0,0,0,7,7,38.7,410,安田翔伍,栗,0,20102563,00660,01164,0923521206,フォレストレーシング,追分ファーム,ハーツクライ,スパニッシュクイーン,"Tribal Rule",黒鹿,200126,    7.7,  ,    ,37.8
23,10,14,2,京都,4,09,２勝ｸﾗｽ,43,芝,8,1400,良,ルカン            ,牝,3,横山典弘,54.0,11,11,11,11,0,1.9,1,82.5,"1225",0,0,0,1,1,36.9,418,安田翔伍,栗,0,20102563,00660,01164,0823240911,フォレストレーシング,追分ファーム,ハーツクライ,スパニッシュクイーン,"Tribal Rule",黒鹿,200126,    2.8,  ,    ,42.7
23,09,10,4,阪神,2,08,１勝ｸﾗｽ,23,芝,0,1400,良,ルカン            ,牝,3,横山典弘,54.0,15,01,1,1,0,-0.2,5,80.2,"1202",0,0,0,1,1,34.4,422,安田翔伍,栗,800,20102563,00660,01164,0923420801,フォレストレーシング,追分ファーム,ハーツクライ,スパニッシュクイーン,"Tribal Rule",黒鹿,200126,    6.6,  ,    ,49.9
23,08,13,2,札幌,2,04,未勝利,7,芝,0,1500,良,ルカン            ,牝,3,横山典弘,54.0,14,10,1,1,0,-0.1,6,88.4,"1284",0,0,1,1,1,35.9,420,安田翔伍,栗,550,20102563,00660,01164,0123220410,フォレストレーシング,追分ファーム,ハーツクライ,スパニッシュクイーン,"Tribal Rule",黒鹿,200126,   12.2,  ,    ,47.5
23,07,22,1,札幌,1,04,未勝利・牝,7,芝,0,1500,良,ルカン            ,牝,3,横山典弘,54.0,13,06,4,4,0,0.4,5,88.1,"1281",0,0,3,6,6,35,418,安田翔伍,栗,83,20102563,00660,01164,0123110406,フォレストレーシング,追分ファーム,ハーツクライ,スパニッシュクイーン,"Tribal Rule",黒鹿,200126,    8.3,  ,    ,51.1
23,06,11,3,阪神,4,06,未勝利・牝,7,芝,8,1600,稍,ルカン            ,牝,3,坂井瑠星,54.0,18,09,18,18,0,6.7,2,101.6,"1416",0,0,0,8,10,41.7,418,安田翔伍,栗,0,20102563,01163,01164,0923340609,フォレストレーシング,追分ファーム,ハーツクライ,スパニッシュクイーン,"Tribal Rule",黒鹿,200126,    3.7,  ,    ,36.2
23,03,25,2,阪神,1,09,君子蘭賞･1勝,23,芝,8,1800,良,ルカン            ,牝,3,横山典弘,54.0,10,04,10,10,0,3.1,2,110.1,"1501",0,0,0,4,4,37.4,414,安田翔伍,栗,0,20102563,00660,01164,0923210904,フォレストレーシング,追分ファーム,ハーツクライ,スパニッシュクイーン,"Tribal Rule",黒鹿,200126,    3.8,  ,    ,47.2
23,03,04,1,阪神,7,11,チューリG2,179,芝,8,1600,良,ルカン            ,牝,3,横山典弘,54.0,17,14,5,5,0,0.1,14,94.1,"1341",0,0,0,2,2,34.1,414,安田翔伍,栗,520,20102563,00660,01164,0923171114,フォレストレーシング,追分ファーム,ハーツクライ,スパニッシュクイーン,"Tribal Rule",黒鹿,200126,   99.1,  ,    ,55.6
23,01,21,1,中京,7,06,未勝利,7,芝,0,1600,良,ルカン            ,牝,3,鮫島克駿,54.0,11,10,2,2,0,0.2,2,95.7,"1357",0,0,5,5,5,34.2,416,安田翔伍,栗,220,20102563,01157,01164,0723170610,フォレストレーシング,追分ファーム,ハーツクライ,スパニッシュクイーン,"Tribal Rule",黒鹿,200126,    3.0,  ,    ,57.9
22,12,28,6,阪神,9,05,新馬,15,芝,8,1600,良,ルカン            ,牝,2,鮫島克駿,54.0,18,09,2,2,0,0.2,3,96.2,"1362",0,0,0,11,9,33.4,418,安田翔伍,栗,280,20102563,01157,01164,0922690509,フォレストレーシング,追分ファーム,ハーツクライ,スパニッシュクイーン,"Tribal Rule",黒鹿,200126,    5.6,  ,    ,62.8
24,06,23,3,東京,8,12,１勝ｸﾗｽ,23,ダ,1,1400,重,トーセンサウダージ,牡,4,佐藤翔馬,55.0,16,10,1,1,0,-0.4,5,82.7,"1227",0,0,0,7,6,35.2,520,杉浦宏昭,美,800,20102468,01207,01008,0524381210,島川隆哉,エスティファーム,トーセンホマレボシ,カグラグレイス,エンパイアメーカー,鹿毛,200311,   11.7,  ,    ,51.2
24,06,01,3,東京,1,12,１勝ｸﾗｽ,23,ダ,1,1400,重,トーセンサウダージ,牡,4,ルメール,58.0,16,03,4,4,0,0.3,2,84.6,"1246",0,0,0,8,9,35.5,518,杉浦宏昭,美,120,20102468,05339,01008,0524311203,島川隆哉,エスティファーム,トーセンホマレボシ,カグラグレイス,エンパイアメーカー,鹿毛,200311,    4.3,  ,    ,53.7
24,05,18,2,東京,9,08,１勝ｸﾗｽ,23,ダ,1,1400,良,トーセンサウダージ,牡,4,大野拓弥,58.0,16,07,2,2,0,0.1,6,84.8,"1248",0,0,0,8,8,35.3,518,杉浦宏昭,美,320,20102468,01096,01008,0524290807,島川隆哉,エスティファーム,トーセンホマレボシ,カグラグレイス,エンパイアメーカー,鹿毛,200311,   14.4,  ,    ,55.2
24,02,17,1,東京,7,12,１勝ｸﾗｽ,23,ダ,1,1600,良,トーセンサウダージ,牡,4,大野拓弥,58.0,16,03,6,6,0,0.7,9,98.4,"1384",0,0,0,13,14,37.6,510,杉浦宏昭,美,0,20102468,01096,01008,0524171203,島川隆哉,エスティファーム,トーセンホマレボシ,カグラグレイス,エンパイアメーカー,鹿毛,200311,   31.7,  ,    ,47.0
24,01,13,1,中山,4,07,１勝ｸﾗｽ,23,ダ,1,1800,良,トーセンサウダージ,牡,4,大野拓弥,57.0,16,12,10,10,0,1.7,6,115.7,"1557",0,11,11,12,9,39.1,502,杉浦宏昭,美,0,20102468,01096,01008,0624140712,島川隆哉,エスティファーム,トーセンホマレボシ,カグラグレイス,エンパイアメーカー,鹿毛,200311,    7.4,  ,    ,48.0
23,12,17,4,中京,6,03,１勝ｸﾗｽ・若,23,ダ,1,1400,稍,トーセンサウダージ,牡,3,佐々木大,56.0,16,15,4,4,0,0.4,2,85.3,"1253",0,0,0,9,9,37.7,510,杉浦宏昭,美,120,20102468,01197,01008,0723460315,島川隆哉,エスティファーム,トーセンホマレボシ,カグラグレイス,エンパイアメーカー,鹿毛,200311,    5.7,  ,    ,44.7
23,12,02,4,中京,1,03,１勝ｸﾗｽ,23,ダ,1,1400,良,トーセンサウダージ,牡,3,佐々木大,56.0,16,10,3,3,0,0.8,3,86,"1260",0,0,0,15,16,36.9,512,杉浦宏昭,美,200,20102468,01197,01008,0723410310,島川隆哉,エスティファーム,トーセンホマレボシ,カグラグレイス,エンパイアメーカー,鹿毛,200311,    6.4,  ,    ,49.8
23,06,03,3,東京,1,12,１勝ｸﾗｽ,23,ダ,1,1400,重,トーセンサウダージ,牡,3,大野拓弥,55.0,16,04,5,5,0,1.2,11,83.3,"1233",0,0,0,16,16,34.7,494,杉浦宏昭,美,80,20102468,01096,01008,0523311204,島川隆哉,エスティファーム,トーセンホマレボシ,カグラグレイス,エンパイアメーカー,鹿毛,200311,   59.9,  ,    ,55.0
23,05,13,2,東京,7,02,未勝利,7,ダ,1,1600,稍,トーセンサウダージ,牡,3,大野拓弥,56.0,16,08,1,1,0,0,2,97.4,"1374",0,0,0,6,6,36.4,494,杉浦宏昭,美,550,20102468,01096,01008,0523270208,島川隆哉,エスティファーム,トーセンホマレボシ,カグラグレイス,エンパイアメーカー,鹿毛,200311,    4.8,  ,    ,50.5
23,04,30,2,東京,4,02,未勝利,7,ダ,1,1400,良,トーセンサウダージ,牡,3,大野拓弥,56.0,16,16,3,3,0,0.4,1,86.5,"1265",0,0,0,11,11,36.6,496,杉浦宏昭,美,140,20102468,01096,01008,0523240216,島川隆哉,エスティファーム,トーセンホマレボシ,カグラグレイス,エンパイアメーカー,鹿毛,200311,    3.1,  ,    ,52.3
23,04,08,3,中山,5,06,未勝利,7,ダ,1,1800,稍,トーセンサウダージ,牡,3,大野拓弥,56.0,15,05,2,2,0,0.1,5,115.3,"1553",0,7,6,7,3,39,490,杉浦宏昭,美,220,20102468,01096,01008,0623350605,島川隆哉,エスティファーム,トーセンホマレボシ,カグラグレイス,エンパイアメーカー,鹿毛,200311,    7.1,  ,    ,47.8
23,03,25,3,中山,1,02,未勝利,7,ダ,1,1200,不,トーセンサウダージ,牡,3,大野拓弥,56.0,16,03,6,6,0,1.1,5,72.2,"1122",0,0,0,12,10,36.5,498,杉浦宏昭,美,0,20102468,01096,01008,0623310203,島川隆哉,エスティファーム,トーセンホマレボシ,カグラグレイス,エンパイアメーカー,鹿毛,200311,    7.4,  ,    ,47.8
23,03,11,2,中山,5,02,未勝利,7,ダ,1,1200,良,トーセンサウダージ,牡,3,木幡巧也,56.0,16,03,5,5,0,1.3,5,72.6,"1126",0,0,0,11,11,36.9,500,杉浦宏昭,美,55,20102468,01162,01008,0623250203,島川隆哉,エスティファーム,トーセンホマレボシ,カグラグレイス,エンパイアメーカー,鹿毛,200311,   16.7,  ,    ,46.7
23,01,28,1,小倉,5,02,未勝利,7,芝,0,1200,重,トーセンサウダージ,牡,3,松若風馬,56.0,16,16,6,6,0,0.7,6,71,"1110",0,0,0,4,4,35.4,504,杉浦宏昭,美,0,20102468,01154,01008,1023150216,島川隆哉,エスティファーム,トーセンホマレボシ,カグラグレイス,エンパイアメーカー,鹿毛,200311,   17.7,  ,    ,50.6
23,01,15,1,小倉,2,06,未勝利,7,芝,0,1800,稍,トーセンサウダージ,牡,3,勝浦正樹,56.0,14,05,8,8,0,1.7,5,110.9,"1509",0,12,11,6,6,38.5,494,杉浦宏昭,美,0,20102468,01025,01008,1023120605,島川隆哉,エスティファーム,トーセンホマレボシ,カグラグレイス,エンパイアメーカー,鹿毛,200311,    8.3,  ,    ,44.0
22,12,25,5,中山,8,03,未勝利*,7,芝,8,1600,良,トーセンサウダージ,牡,2,岩田康誠,55.0,16,15,6,6,0,1.6,9,96.4,"1364",0,0,9,7,7,36.6,486,杉浦宏昭,美,0,20102468,05203,01008,0622580315,島川隆哉,エスティファーム,トーセンホマレボシ,カグラグレイス,エンパイアメーカー,鹿毛,200311,   26.7,  ,    ,48.0
22,12,03,6,阪神,1,04,未勝利*,7,芝,8,1600,良,トーセンサウダージ,牡,2,岩田康誠,55.0,11,04,3,3,0,0.4,8,96.2,"1362",0,0,0,11,11,33.8,486,杉浦宏昭,美,130,20102468,05203,01008,0922610404,島川隆哉,エスティファーム,トーセンホマレボシ,カグラグレイス,エンパイアメーカー,鹿毛,200311,   35.0,  ,    ,60.8
22,11,19,3,福島,5,03,未勝利*,7,芝,0,1800,良,トーセンサウダージ,牡,2,勝浦正樹,55.0,16,11,9,9,0,0.8,4,112,"1520",0,7,8,4,3,36.5,490,杉浦宏昭,美,0,20102468,01025,01008,0322350311,島川隆哉,エスティファーム,トーセンホマレボシ,カグラグレイス,エンパイアメーカー,鹿毛,200311,    6.8,  ,    ,53.4
22,10,02,4,中山,9,02,未勝利*,7,芝,8,1600,良,トーセンサウダージ,牡,2,木幡巧也,55.0,14,04,5,5,0,1,5,96.6,"1366",0,0,13,11,10,34.8,480,杉浦宏昭,美,52,20102468,01162,01008,0622490204,島川隆哉,エスティファーム,トーセンホマレボシ,カグラグレイス,エンパイアメーカー,鹿毛,200311,   20.5,  ,    ,56.6
22,09,10,4,中山,1,02,未勝利*,7,芝,8,1600,良,トーセンサウダージ,牡,2,木幡巧也,54.0,14,14,7,7,0,1.5,7,95.8,"1358",0,0,10,5,4,35.5,488,杉浦宏昭,美,0,20102468,01162,01008,0622410214,島川隆哉,エスティファーム,トーセンホマレボシ,カグラグレイス,エンパイアメーカー,鹿毛,200311,   15.8,  ,    ,51.9
22,07,09,2,福島,3,02,未勝利*,7,芝,0,1800,良,トーセンサウダージ,牡,2,木幡巧也,54.0,8,03,2,2,0,1.6,2,110.7,"1507",0,2,2,2,2,38,480,杉浦宏昭,美,210,20102468,01162,01008,0322230203,島川隆哉,エスティファーム,トーセンホマレボシ,カグラグレイス,エンパイアメーカー,鹿毛,200311,    2.8,  ,    ,45.7
22,06,25,3,東京,7,01,未勝利*,7,芝,0,1600,良,トーセンサウダージ,牡,2,木幡巧也,54.0,9,06,3,3,0,0.6,4,95.4,"1354",0,0,0,2,2,36.3,490,杉浦宏昭,美,130,20102468,01162,01008,0522370106,島川隆哉,エスティファーム,トーセンホマレボシ,カグラグレイス,エンパイアメーカー,鹿毛,200311,   17.0,  ,    ,47.7
22,06,04,3,東京,1,05,新馬,15,芝,0,1600,良,トーセンサウダージ,牡,2,丹内祐次,54.0,13,05,7,7,0,1.6,11,96.9,"1369",0,0,0,8,7,34.6,492,杉浦宏昭,美,0,20102468,01091,01008,0522310505,島川隆哉,エスティファーム,トーセンホマレボシ,カグラグレイス,エンパイアメーカー,鹿毛,200311,   81.0,  ,    ,58.0
24,04,27,2,東京,3,06,１勝ｸﾗｽ*,23,芝,0,1600,良,ダノンキラウェア  ,牡,3,津村明秀,57.0,9,01,1,1,0,0,1,94.1,"1341",0,0,0,1,1,34.8,462,中内田充,栗,780,21100171,01092,01137,0524230601,ダノックス,ケイアイファーム,ロードカナロア,レキシールー,"Sligo Bay",鹿毛,210216,    1.5,  ,    ,52.2
24,03,23,3,中山,1,06,１勝ｸﾗｽ*,23,芝,0,1800,良,ダノンキラウェア  ,牡,3,津村明秀,57.0,11,09,2,2,0,0.1,1,109.9,"1499",0,4,4,3,3,35.1,458,中内田充,栗,310,21100171,01092,01137,0624310609,ダノックス,ケイアイファーム,ロードカナロア,レキシールー,"Sligo Bay",鹿毛,210216,    1.8,  ,    ,56.6
23,11,11,3,京都,3,11,デイリーG2,179,芝,8,1600,稍,ダノンキラウェア  ,牡,2,川田将雅,56.0,11,04,9,9,0,0.9,2,95.4,"1354",0,0,0,3,3,35.5,466,中内田充,栗,0,21100171,01088,01137,0823331104,ダノックス,ケイアイファーム,ロードカナロア,レキシールー,"Sligo Bay",鹿毛,210216,    4.7,  ,    ,51.2
23,07,29,2,新潟,1,05,新馬,15,芝,8,1600,良,ダノンキラウェア  ,牡,2,川田将雅,55.0,6,01,1,1,0,-0.3,1,97.3,"1373",0,0,0,3,4,33.2,466,中内田充,栗,720,21100171,01088,01137,0423210501,ダノックス,ケイアイファーム,ロードカナロア,レキシールー,"Sligo Bay",鹿毛,210216,    1.2,  ,    ,65.8
24,06,29,3,小倉,1,08,１勝ｸﾗｽ,23,芝,0,1800,良,カズミクラーシュ  ,牡,3,川田将雅,55.0,12,06,1,1,0,-0.2,1,107.9,"1479",0,7,7,2,1,37,492,吉岡辰弥,栗,800,21105564,01088,01176,1024310806,吉田和美,ノーザンファーム,モーリス,シャンボールフィズ,キングカメハメハ,鹿毛,210126,    1.3,  ,    ,45.8
24,04,06,3,中山,5,11,ニュージG2,179,芝,8,1600,稍,カズミクラーシュ  ,牡,3,菅原明良,57.0,16,01,4,4,0,0.2,5,94.6,"1346",0,0,9,7,7,35.1,482,吉岡辰弥,栗,810,21105564,01179,01176,0624351101,吉田和美,ノーザンファーム,モーリス,シャンボールフィズ,キングカメハメハ,鹿毛,210126,    9.3,  ,    ,51.7
24,03,17,1,阪神,8,05,未勝利,7,芝,8,1800,良,カズミクラーシュ  ,牡,3,川田将雅,57.0,13,08,1,1,0,-0.5,1,106.3,"1463",0,0,0,4,3,34.4,492,吉岡辰弥,栗,550,21105564,01088,01176,0924180508,吉田和美,ノーザンファーム,モーリス,シャンボールフィズ,キングカメハメハ,鹿毛,210126,    1.5,  ,    ,54.5
24,01,27,2,京都,1,05,未勝利,7,芝,8,1800,良,カズミクラーシュ  ,牡,3,松山弘平,57.0,9,08,2,2,0,0.1,1,107.4,"1474",0,0,0,5,4,35.6,496,吉岡辰弥,栗,220,21105564,01126,01176,0824210508,吉田和美,ノーザンファーム,モーリス,シャンボールフィズ,キングカメハメハ,鹿毛,210126,    1.8,  ,    ,50.8
24,01,06,1,京都,1,05,未勝利,7,芝,8,1800,良,カズミクラーシュ  ,牡,3,松山弘平,57.0,18,03,2,2,0,0.1,3,108.5,"1485",0,0,0,8,9,35,500,吉岡辰弥,栗,220,21105564,01126,01176,0824110503,吉田和美,ノーザンファーム,モーリス,シャンボールフィズ,キングカメハメハ,鹿毛,210126,    6.3,  ,    ,55.0
23,11,11,3,京都,3,05,新馬,15,芝,8,1800,稍,カズミクラーシュ  ,牡,2,松山弘平,56.0,11,10,3,3,0,0.5,5,110.9,"1509",0,0,0,6,5,33.9,504,吉岡辰弥,栗,180,21105564,01126,01176,0823330510,吉田和美,ノーザンファーム,モーリス,シャンボールフィズ,キングカメハメハ,鹿毛,210126,   16.5,  ,    ,63.6
24,04,28,3,京都,4,08,糺の森特･2勝,43,芝,8,1800,良,ケイデンシーマーク,牝,4,武豊,56.0,12,11,4,4,0,0.3,1,106,"1460",0,0,0,3,3,34.4,442,福永祐一,栗,230,20103241,00666,01203,0824340811,サンデーレーシング,ノーザンファーム,ロードカナロア,インダクティ,ハーツクライ,黒鹿,200507,    2.6,  ,    ,54.1
24,04,07,2,阪神,6,07,２勝ｸﾗｽ,43,芝,8,1600,良,ケイデンシーマーク,牝,4,武豊,56.0,9,08,2,2,0,0,1,93.5,"1335",0,0,0,4,3,33.3,442,福永祐一,栗,460,20103241,00666,01203,0924260708,サンデーレーシング,ノーザンファーム,ロードカナロア,インダクティ,ハーツクライ,黒鹿,200507,    2.5,  ,    ,58.5
24,03,02,1,阪神,3,12,２勝ｸﾗｽ,43,芝,0,1400,稍,ケイデンシーマーク,牝,4,北村友一,56.0,13,13,2,2,0,0.1,2,80.9,"1209",0,0,0,3,2,35.1,446,安田隆行,栗,460,20103241,01102,00438,0924131213,サンデーレーシング,ノーザンファーム,ロードカナロア,インダクティ,ハーツクライ,黒鹿,200507,    3.0,  ,    ,47.9
24,01,14,1,京都,5,12,２勝ｸﾗｽ・牝,43,芝,8,1400,良,ケイデンシーマーク,牝,4,北村友一,55.0,10,10,2,2,0,0,1,81.5,"1215",0,0,0,4,4,34.5,438,安田隆行,栗,460,20103241,01102,00438,0824151210,サンデーレーシング,ノーザンファーム,ロードカナロア,インダクティ,ハーツクライ,黒鹿,200507,    2.5,  ,    ,52.2
23,11,11,3,京都,3,12,２勝ｸﾗｽ,43,芝,8,1400,稍,ケイデンシーマーク,牝,3,北村友一,55.0,18,06,3,3,0,0.3,1,81.5,"1215",0,0,0,6,7,34.2,440,安田隆行,栗,290,20103241,01102,00438,0823331206,サンデーレーシング,ノーザンファーム,ロードカナロア,インダクティ,ハーツクライ,黒鹿,200507,    2.6,  ,    ,53.7
23,10,08,2,京都,2,08,１勝ｸﾗｽ,23,芝,8,1400,良,ケイデンシーマーク,牝,3,北村友一,54.0,17,17,1,1,0,-0.2,1,81.6,"1216",0,0,0,3,3,33.8,444,安田隆行,栗,800,20103241,01102,00438,0823220817,サンデーレーシング,ノーザンファーム,ロードカナロア,インダクティ,ハーツクライ,黒鹿,200507,    2.4,  ,    ,56.1
23,09,10,4,阪神,2,08,１勝ｸﾗｽ,23,芝,0,1400,良,ケイデンシーマーク,牝,3,北村友一,54.0,15,02,2,2,0,0.2,1,80.4,"1204",0,0,0,2,2,34.4,442,安田隆行,栗,320,20103241,01102,00438,0923420802,サンデーレーシング,ノーザンファーム,ロードカナロア,インダクティ,ハーツクライ,黒鹿,200507,    4.4,  ,    ,50.3
23,05,27,2,東京,11,07,１勝ｸﾗｽ*,23,芝,0,1400,良,ケイデンシーマーク,牝,3,レーン,54.0,13,08,7,7,0,0.5,5,80.8,"1208",0,0,0,3,3,33.9,426,安田隆行,栗,0,20103241,05585,00438,05232B0708,サンデーレーシング,ノーザンファーム,ロードカナロア,インダクティ,ハーツクライ,黒鹿,200507,   12.6,  ,    ,53.8
23,04,30,1,京都,4,03,未勝利,7,芝,0,1400,稍,ケイデンシーマーク,牝,3,レーン,54.0,18,15,1,1,0,-0.1,2,81.9,"1219",0,0,0,9,9,34.5,438,安田隆行,栗,550,20103241,05585,00438,0823140315,サンデーレーシング,ノーザンファーム,ロードカナロア,インダクティ,ハーツクライ,黒鹿,200507,    4.0,  ,    ,53.0
23,01,28,1,小倉,5,06,未勝利,7,芝,0,1800,重,ケイデンシーマーク,牝,3,北村友一,54.0,10,07,3,3,0,0.6,3,111.1,"1511",0,2,2,2,2,37,430,安田隆行,栗,140,20103241,01102,00438,1023150607,サンデーレーシング,ノーザンファーム,ロードカナロア,インダクティ,ハーツクライ,黒鹿,200507,    4.3,  ,    ,50.1
22,12,03,6,阪神,1,04,未勝利*,7,芝,8,1600,良,ケイデンシーマーク,牝,2,坂井瑠星,54.0,11,09,5,5,0,0.5,1,96.3,"1363",0,0,0,2,2,34.6,434,安田隆行,栗,52,20103241,01163,00438,0922610409,サンデーレーシング,ノーザンファーム,ロードカナロア,インダクティ,ハーツクライ,黒鹿,200507,    2.0,  ,    ,57.0
22,11,12,5,阪神,3,05,新馬,15,芝,8,1600,良,ケイデンシーマーク,牝,2,Ｃ．デム,54.0,13,01,2,2,0,0.3,1,94.8,"1348",0,0,0,5,5,34.6,438,安田隆行,栗,280,20103241,05473,00438,0922530501,サンデーレーシング,ノーザンファーム,ロードカナロア,インダクティ,ハーツクライ,黒鹿,200507,    2.3,  ,    ,54.4
22,05,14,2,東京,7,10,緑風Ｓ･3勝,67,芝,0,2400,良,アルビージャ      ,牡,4,横山武史,57.0,12,06,1,1,0,-0.1,3,144.3,"2243",0,7,10,9,9,33.8,516,手塚貴久,美,1840,18104913,01170,01038,0522271006,サンデーレーシング,ノーザンファーム,モーリス,アロマティコ,キングカメハメハ,黒鹿,180217,    4.5,  ,    ,59.0
22,03,06,2,中山,4,09,湾岸Ｓ･3勝,67,芝,8,2200,良,アルビージャ      ,牡,4,戸崎圭太,56.0,16,08,4,4,0,0.1,4,132.5,"2125",0,14,14,3,3,35.8,512,手塚貴久,美,280,18104913,05386,01038,0622240908,サンデーレーシング,ノーザンファーム,モーリス,アロマティコ,キングカメハメハ,黒鹿,180217,    8.5,  ,    ,51.3
22,02,05,1,東京,3,11,早春ＳＨ･3勝,67,芝,0,2400,良,アルビージャ      ,牡,4,戸崎圭太,55.0,14,01,4,4,0,0.3,3,145.4,"2254",0,10,10,10,11,33.5,516,手塚貴久,美,280,18104913,05386,01038,0522131101,サンデーレーシング,ノーザンファーム,モーリス,アロマティコ,キングカメハメハ,黒鹿,180217,    5.6,  ,    ,61.3
21,11,28,5,東京,8,11,ウェルカ･3勝,67,芝,0,2000,良,アルビージャ      ,牡,3,川田将雅,55.0,16,15,11,11,0,1.5,4,119.9,"1599",0,0,13,12,12,34.6,518,手塚貴久,美,0,18104913,01088,01038,0521581115,サンデーレーシング,ノーザンファーム,モーリス,アロマティコ,キングカメハメハ,黒鹿,180217,    5.4,  ,    ,55.7
21,06,06,3,東京,2,09,ホンコン･2勝,43,芝,0,2000,良,アルビージャ      ,牡,3,川田将雅,54.0,10,02,1,1,0,-0.3,2,119.4,"1594",0,0,3,2,2,33.9,508,手塚貴久,美,1500,18104913,01088,01038,0521320902,サンデーレーシング,ノーザンファーム,モーリス,アロマティコ,キングカメハメハ,黒鹿,180217,    2.8,  ,    ,58.1
21,04,24,2,東京,1,08,新緑賞･1勝*,23,芝,0,2300,良,アルビージャ      ,牡,3,ルメール,56.0,6,02,1,1,0,-0.1,1,138.4,"2184",0,5,3,2,1,34.4,512,手塚貴久,美,1010,18104913,05339,01038,0521210802,サンデーレーシング,ノーザンファーム,モーリス,アロマティコ,キングカメハメハ,黒鹿,180217,    1.7,  ,    ,56.7
21,03,21,2,中山,8,05,未勝利,7,芝,8,2200,重,アルビージャ      ,牡,3,川田将雅,56.0,16,01,1,1,0,-0.5,1,138.8,"2188",0,11,11,10,6,36.1,512,手塚貴久,美,510,18104913,01088,01038,0621280501,サンデーレーシング,ノーザンファーム,モーリス,アロマティコ,キングカメハメハ,黒鹿,180217,    1.6,  ,    ,56.7
21,01,24,1,中山,8,05,未勝利,7,芝,8,2200,不,アルビージャ      ,牡,3,ルメール,56.0,16,13,2,2,0,0.3,2,142.1,"2221",0,12,13,12,6,36.4,520,手塚貴久,美,200,18104913,05339,01038,0621180513,サンデーレーシング,ノーザンファーム,モーリス,アロマティコ,キングカメハメハ,黒鹿,180217,    3.4,  ,    ,58.9
20,11,22,5,東京,6,05,新馬,15,芝,0,2000,良,アルビージャ      ,牡,2,三浦皇成,55.0,11,05,2,2,0,0.2,1,126.1,"2061",0,0,8,4,5,33.5,514,手塚貴久,美,280,18104913,01122,01038,0520560505,サンデーレーシング,ノーザンファーム,モーリス,アロマティコ,キングカメハメハ,黒鹿,180217,    2.2,  ,    ,68.5
24,01,27,1,東京,1,11,白富士Ｓ(L),115,芝,0,2000,良,フライライクバード,セ,7,戸崎圭太,57.0,12,09,3,3,0,0.4,9,117.6,"1576",0,0,5,5,5,34,450,友道康夫,栗,700,17105109,05386,01061,0524111109,窪田芳郎,社台コーポレーション白老ファーム,スクリーンヒーロー,シングライクバード,シンボリクリスエス,黒鹿,170301,   64.3,  ,    ,55.4
23,12,17,5,中山,6,11,ディセン(L),115,芝,0,1800,良,フライライクバード,セ,6,戸崎圭太,57.0,13,01,5,5,0,0.4,3,108.2,"1482",0,3,3,4,4,35.8,452,友道康夫,栗,280,17105109,05386,01061,0623561101,窪田芳郎,社台コーポレーション白老ファーム,スクリーンヒーロー,シングライクバード,シンボリクリスエス,黒鹿,170301,    5.9,  ,    ,51.1
23,10,29,2,京都,9,11,カシオペ(L),115,芝,8,1800,良,フライライクバード,セ,6,藤岡康太,57.0,16,02,8,8,0,0.4,4,105.1,"1451",0,0,0,7,5,34.8,458,友道康夫,栗,0,17105109,01116,01061,0823291102,窪田芳郎,社台コーポレーション白老ファーム,スクリーンヒーロー,シングライクバード,シンボリクリスエス,黒鹿,170301,    9.7,  ,    ,51.0
23,07,29,2,新潟,1,11,関越Ｓ,131,芝,8,1800,良,フライライクバード,セ,6,川田将雅,57.0,18,15,6,6,0,0.5,6,104.9,"1449",0,0,0,7,5,33.9,458,友道康夫,栗,0,17105109,01088,01061,0423211115,窪田芳郎,社台コーポレーション白老ファーム,スクリーンヒーロー,シングライクバード,シンボリクリスエス,黒鹿,170301,   10.3,  ,    ,54.7
23,03,05,1,阪神,8,11,大阪城Ｈ(L),115,芝,8,1800,良,フライライクバード,牡,6,坂井瑠星,56.0,16,10,3,3,0,0.1,3,104.9,"1449",0,0,0,6,4,34.2,458,友道康夫,栗,700,17105109,01163,01061,0923181110,窪田芳郎,社台コーポレーション白老ファーム,スクリーンヒーロー,シングライクバード,シンボリクリスエス,黒鹿,170301,    6.4,  ,    ,53.4
22,09,25,4,中山,7,11,オールカG2,179,芝,8,2200,良,フライライクバード,牡,5,福永祐一,56.0,13,12,9,9,0,1.6,10,134.3,"2143",0,5,5,3,3,37,454,友道康夫,栗,0,17105109,01014,01061,0622471112,窪田芳郎,社台コーポレーション白老ファーム,スクリーンヒーロー,シングライクバード,シンボリクリスエス,黒鹿,170301,   81.6,  ,    ,48.6
22,05,29,2,東京,12,12,目黒記念ＨG2,179,芝,0,2500,良,フライライクバード,牡,5,福永祐一,55.0,18,18,9,9,0,0.5,7,152.6,"2326",0,3,3,3,3,34.8,454,友道康夫,栗,0,17105109,01014,01061,05222C1218,窪田芳郎,社台コーポレーション白老ファーム,スクリーンヒーロー,シングライクバード,シンボリクリスエス,黒鹿,170301,   12.5,  ,    ,56.9
22,05,08,2,東京,6,10,メトロポ(L),115,芝,0,2400,良,フライライクバード,牡,5,福永祐一,56.0,10,06,2,2,0,0,1,145.9,"2259",0,4,4,4,4,34.3,462,友道康夫,栗,1000,17105109,01014,01061,0522261006,窪田芳郎,社台コーポレーション白老ファーム,スクリーンヒーロー,シングライクバード,シンボリクリスエス,黒鹿,170301,    2.6,  ,    ,58.5
22,01,16,1,中京,6,11,日経新春ＨG2,179,芝,0,2200,良,フライライクバード,牡,5,武豊,55.0,16,08,15,15,0,2.2,2,133.9,"2139",0,4,4,4,4,37,466,友道康夫,栗,0,17105109,00666,01061,0722161108,窪田芳郎,社台コーポレーション白老ファーム,スクリーンヒーロー,シングライクバード,シンボリクリスエス,黒鹿,170301,    5.3,  ,    ,48.2
21,11,07,5,東京,2,11,アルゼンＨG2,179,芝,0,2500,良,フライライクバード,牡,4,岩田望来,55.0,15,05,3,3,0,0.5,3,152.9,"2329",0,5,6,6,6,34.2,458,友道康夫,栗,1400,17105109,01174,01061,0521521105,窪田芳郎,社台コーポレーション白老ファーム,スクリーンヒーロー,シングライクバード,シンボリクリスエス,黒鹿,170301,    5.2,  ,    ,59.6
21,09,11,5,中京,1,10,ムーンＨ･3勝,67,芝,0,2200,良,フライライクバード,牡,4,岩田望来,56.0,13,01,1,1,0,-0.4,1,132.1,"2121",0,8,8,8,7,34.2,458,友道康夫,栗,1820,17105109,01174,01061,0721511001,窪田芳郎,社台コーポレーション白老ファーム,スクリーンヒーロー,シングライクバード,シンボリクリスエス,黒鹿,170301,    2.4,  ,    ,57.3
21,06,06,4,中京,2,11,高山Ｓ･3勝,67,芝,0,2000,良,フライライクバード,牡,4,岩田望来,57.0,14,08,3,3,0,0.2,1,120,"2000",0,6,6,6,5,35.5,460,友道康夫,栗,460,17105109,01174,01061,0721421108,窪田芳郎,社台コーポレーション白老ファーム,スクリーンヒーロー,シングライクバード,シンボリクリスエス,黒鹿,170301,    2.5,  ,    ,52.0
21,02,27,1,阪神,5,09,松籟ＳＨ･3勝,67,芝,0,3200,良,フライライクバード,牡,4,福永祐一,56.0,14,12,9,9,0,1.8,1,196.7,"3167",0,4,4,4,3,37.6,460,友道康夫,栗,0,17105109,01014,01061,0921150912,窪田芳郎,社台コーポレーション白老ファーム,スクリーンヒーロー,シングライクバード,シンボリクリスエス,黒鹿,170301,    1.9,  ,    ,47.6
21,01,16,1,中京,5,09,長良川特･2勝,43,芝,0,2200,良,フライライクバード,牡,4,福永祐一,56.0,10,04,1,1,0,-1.1,1,131.2,"2112",0,6,6,6,4,35.3,460,友道康夫,栗,1500,17105109,01014,01061,0721150904,窪田芳郎,社台コーポレーション白老ファーム,スクリーンヒーロー,シングライクバード,シンボリクリスエス,黒鹿,170301,    1.5,  ,    ,51.9
20,10,25,4,京都,6,09,鳴滝特別･2勝,43,芝,8,2200,良,フライライクバード,牡,3,福永祐一,54.0,13,01,4,4,0,0.2,1,134.6,"2146",0,6,7,8,7,34.5,450,友道康夫,栗,230,17105109,01014,01061,0820460901,窪田芳郎,社台コーポレーション白老ファーム,スクリーンヒーロー,シングライクバード,シンボリクリスエス,黒鹿,170301,    2.4,  ,    ,58.8
20,09,20,2,中京,4,09,小牧特別･2勝,43,芝,0,2200,良,フライライクバード,牡,3,福永祐一,54.0,9,09,2,2,0,0.1,1,132,"2120",0,4,4,3,2,34.5,460,友道康夫,栗,600,17105109,01014,01061,0720240909,窪田芳郎,社台コーポレーション白老ファーム,スクリーンヒーロー,シングライクバード,シンボリクリスエス,黒鹿,170301,    2.3,  ,    ,56.0
20,05,02,2,東京,3,11,青葉賞G2,179,芝,0,2400,良,フライライクバード,牡,3,福永祐一,56.0,18,15,8,8,0,0.8,2,143.8,"2238",0,5,7,6,6,34.9,446,友道康夫,栗,0,17105109,01014,01061,0520231115,窪田芳郎,社台コーポレーション白老ファーム,スクリーンヒーロー,シングライクバード,シンボリクリスエス,黒鹿,170301,    4.1,  ,    ,54.0
20,04,04,2,阪神,3,09,アザレア･1勝,23,芝,8,2400,良,フライライクバード,牡,3,福永祐一,56.0,8,04,1,1,0,-0.1,1,147.4,"2274",0,5,5,5,3,34.6,448,友道康夫,栗,1010,17105109,01014,01061,0920230904,窪田芳郎,社台コーポレーション白老ファーム,スクリーンヒーロー,シングライクバード,シンボリクリスエス,黒鹿,170301,    1.8,  ,    ,58.7
20,02,29,1,阪神,1,05,未勝利,7,芝,8,2400,良,フライライクバード,牡,3,福永祐一,56.0,13,07,1,1,0,-0.8,1,147.3,"2273",0,3,3,3,3,33.8,456,友道康夫,栗,510,17105109,01014,01061,0920110507,窪田芳郎,社台コーポレーション白老ファーム,スクリーンヒーロー,シングライクバード,シンボリクリスエス,黒鹿,170301,    2.1,  ,    ,61.9
19,12,07,5,阪神,3,07,未勝利*,7,芝,8,1800,良,フライライクバード,牡,2,福永祐一,55.0,11,10,4,4,0,0.3,1,109.1,"1491",0,0,0,10,10,33.7,462,友道康夫,栗,75,17105109,01014,01061,0919530710,窪田芳郎,社台コーポレーション白老ファーム,スクリーンヒーロー,シングライクバード,シンボリクリスエス,黒鹿,170301,    1.9,  ,    ,61.9
19,11,17,5,京都,6,04,未勝利*,7,芝,8,1800,良,フライライクバード,牡,2,川田将雅,55.0,12,07,2,2,0,0.3,1,109.1,"1491",0,0,0,4,3,35.2,458,友道康夫,栗,200,17105109,01088,01061,0819560407,窪田芳郎,社台コーポレーション白老ファーム,スクリーンヒーロー,シングライクバード,シンボリクリスエス,黒鹿,170301,    1.7,  ,    ,55.0
19,10,27,4,京都,9,05,新馬,15,芝,0,2000,稍,フライライクバード,牡,2,藤岡康太,55.0,14,01,2,2,0,0.4,1,124,"2040",0,4,4,4,4,36.3,472,友道康夫,栗,280,17105109,01116,01061,0819490501,窪田芳郎,社台コーポレーション白老ファーム,スクリーンヒーロー,シングライクバード,シンボリクリスエス,黒鹿,170301,    1.5,  ,    ,53.5
24,06,09,4,京都,4,11,三宮ＳＨ,131,ダ,1,1800,稍,スパイラルノヴァ  ,牡,6,角田大和,54.0,16,16,16,16,0,4.5,11,115.3,"1553",0,2,4,3,7,42.1,490,藤岡健一,栗,0,18106795,01186,01062,0824441116,フクキタル,パカパカファーム,キズナ,アップワードスパイラル,Teofilo,黒鹿,180203,   66.9,  ,    ,36.9
24,03,03,1,阪神,4,11,大阪城Ｈ(L),115,芝,8,1800,良,スパイラルノヴァ  ,牡,6,今村聖奈,55.0,15,08,15,15,0,2.1,13,107.5,"1475",0,0,0,2,2,36.7,496,藤岡健一,栗,0,18106795,01193,01062,0924141108,フクキタル,パカパカファーム,キズナ,アップワードスパイラル,Teofilo,黒鹿,180203,  124.2,  ,    ,46.5
23,11,18,3,京都,5,11,アンドＨ(L),115,芝,0,2000,稍,スパイラルノヴァ  ,牡,5,藤岡康太,55.0,16,03,11,11,0,1.5,9,120.7,"2007",0,2,3,4,2,36.3,490,藤岡健一,栗,0,18106795,01116,01062,0823351103,フクキタル,パカパカファーム,キズナ,アップワードスパイラル,Teofilo,黒鹿,180203,   42.6,  ,    ,49.6
23,10,29,2,京都,9,11,カシオペ(L),115,芝,8,1800,良,スパイラルノヴァ  ,牡,5,浜中俊,57.0,16,01,13,13,0,1.2,11,105.9,"1459",0,0,0,3,3,35.8,484,藤岡健一,栗,0,18106795,01115,01062,0823291101,フクキタル,パカパカファーム,キズナ,アップワードスパイラル,Teofilo,黒鹿,180203,   22.1,  ,    ,47.9
23,09,17,4,中山,4,10,レインＨ･3勝,67,芝,0,1800,良,スパイラルノヴァ  ,牡,5,内田博幸,56.0,15,02,1,1,0,0,5,106.5,"1465",0,4,4,4,3,34.3,482,藤岡健一,栗,1840,18106795,00422,01062,0623441002,フクキタル,パカパカファーム,キズナ,アップワードスパイラル,Teofilo,黒鹿,180203,   12.8,  ,    ,55.2
23,06,24,3,東京,7,11,江の島Ｓ･3勝,67,芝,0,2000,良,スパイラルノヴァ  ,牡,5,内田博幸,58.0,14,08,14,14,0,1.3,6,121.4,"2014",0,0,3,4,5,34.8,472,藤岡健一,栗,0,18106795,00422,01062,0523371108,フクキタル,パカパカファーム,キズナ,アップワードスパイラル,Teofilo,黒鹿,180203,   17.5,  ,    ,56.7
23,05,28,2,東京,12,10,むらさＨ･3勝,67,芝,0,1800,良,スパイラルノヴァ  ,牡,5,Ｍ．デム,56.0,17,10,6,6,0,0.4,11,105.5,"1455",0,0,6,7,7,33.8,482,藤岡健一,栗,0,18106795,05212,01062,05232C1010,フクキタル,パカパカファーム,キズナ,アップワードスパイラル,Teofilo,黒鹿,180203,   30.9,  ,    ,56.1
23,05,14,1,新潟,6,11,弥彦Ｓ･3勝,67,芝,8,1800,良,スパイラルノヴァ  ,牡,5,角田大和,58.0,13,12,8,8,0,0.6,2,106.5,"1465",0,0,0,6,6,34.9,486,藤岡健一,栗,0,18106795,01186,01062,0423161112,フクキタル,パカパカファーム,キズナ,アップワードスパイラル,Teofilo,黒鹿,180203,    6.5,  ,    ,52.6
23,04,02,3,中山,4,11,美浦Ｓ･3勝,67,芝,0,2000,良,スパイラルノヴァ  ,牡,5,Ｍ．デム,58.0,13,12,6,6,0,1.1,3,120.8,"2008",0,7,8,6,6,34.2,486,藤岡健一,栗,0,18106795,05212,01062,0623341112,フクキタル,パカパカファーム,キズナ,アップワードスパイラル,Teofilo,黒鹿,180203,    5.8,  ,    ,58.5
23,03,19,2,中山,8,09,スピカＳ･3勝,67,芝,0,1800,重,スパイラルノヴァ  ,牡,5,Ｍ．デム,58.0,16,12,3,3,0,0.4,3,109,"1490",0,4,4,4,4,36.4,488,藤岡健一,栗,460,18106795,05212,01062,0623280912,フクキタル,パカパカファーム,キズナ,アップワードスパイラル,Teofilo,黒鹿,180203,   10.3,  ,    ,49.7
23,01,09,1,中山,4,10,迎春Ｓ･3勝,67,芝,8,2200,良,スパイラルノヴァ  ,牡,5,Ｍ．デム,58.0,12,06,6,6,0,0.3,2,135.1,"2151",0,3,2,6,4,35,480,藤岡健一,栗,0,18106795,05212,01062,0623141006,フクキタル,パカパカファーム,キズナ,アップワードスパイラル,Teofilo,黒鹿,180203,    4.3,  ,    ,57.2
22,12,11,6,阪神,4,09,オリオン･3勝,67,芝,0,2200,良,スパイラルノヴァ  ,牡,4,Ｍ．デム,57.0,12,05,3,3,0,0.5,1,133.6,"2136",0,2,2,2,2,36.1,476,藤岡健一,栗,460,18106795,05212,01062,0922640905,フクキタル,パカパカファーム,キズナ,アップワードスパイラル,Teofilo,黒鹿,180203,    4.2,  ,    ,51.3
22,04,03,3,中山,4,11,美浦Ｓ･3勝,67,芝,0,2000,稍,スパイラルノヴァ  ,牡,4,戸崎圭太,57.0,9,04,4,4,0,0.1,1,122.2,"2022",0,3,3,3,4,35.4,478,藤岡健一,栗,280,18106795,05386,01062,0622341104,フクキタル,パカパカファーム,キズナ,アップワードスパイラル,Teofilo,黒鹿,180203,    2.2,  ,    ,55.1
22,03,20,2,中山,7,09,スピカＳ･3勝,67,芝,0,1800,稍,スパイラルノヴァ  ,牡,4,Ｍ．デム,57.0,16,14,2,2,0,0,3,107.8,"1478",0,6,6,7,7,35.1,482,藤岡健一,栗,740,18106795,05212,01062,0622270914,フクキタル,パカパカファーム,キズナ,アップワードスパイラル,Teofilo,黒鹿,180203,    5.0,  ,    ,53.6
22,01,22,1,中山,7,09,東雲賞･2勝,43,芝,0,1800,良,スパイラルノヴァ  ,牡,4,Ｍ．デム,56.0,7,05,1,1,0,-0.2,3,108.7,"1487",0,4,4,5,3,34.5,488,藤岡健一,栗,1510,18106795,05212,01062,0622170905,フクキタル,パカパカファーム,キズナ,アップワードスパイラル,Teofilo,黒鹿,180203,    3.2,  ,    ,57.5
21,12,04,6,阪神,1,09,再度山Ｈ･2勝,43,芝,8,1800,良,スパイラルノヴァ  ,牡,3,岩田望来,55.0,9,06,3,3,0,0.4,2,107.5,"1475",0,0,0,3,3,34.1,490,藤岡健一,栗,380,18106795,01174,01062,0921610906,フクキタル,パカパカファーム,キズナ,アップワードスパイラル,Teofilo,黒鹿,180203,    3.0,  ,    ,57.6
21,11,13,5,東京,3,07,１勝ｸﾗｽ,23,芝,0,1800,良,スパイラルノヴァ  ,牡,3,岩田望来,55.0,13,02,1,1,0,0,2,105.9,"1459",0,0,3,5,5,34.3,480,藤岡健一,栗,760,18106795,01174,01062,0521530702,フクキタル,パカパカファーム,キズナ,アップワードスパイラル,Teofilo,黒鹿,180203,    5.8,  ,    ,54.4
21,04,04,2,阪神,4,05,１勝ｸﾗｽ*,23,芝,8,1600,良,スパイラルノヴァ  ,牡,3,岩田望来,56.0,16,06,8,8,0,0.5,2,94,"1340",0,0,0,5,6,34.8,472,藤岡健一,栗,0,18106795,01174,01062,0921240506,フクキタル,パカパカファーム,キズナ,アップワードスパイラル,Teofilo,黒鹿,180203,    6.1,  ,    ,52.1
21,03,20,2,中山,7,06,１勝ｸﾗｽ*,23,芝,8,1600,良,スパイラルノヴァ  ,牡,3,岩田望来,56.0,16,08,2,2,0,0,2,95.5,"1355",0,0,2,4,3,34.5,464,藤岡健一,栗,290,18106795,01174,01062,0621270608,フクキタル,パカパカファーム,キズナ,アップワードスパイラル,Teofilo,黒鹿,180203,    4.8,  ,    ,56.1
21,02,28,1,阪神,6,10,すみれＳ(L),115,芝,0,2200,良,スパイラルノヴァ  ,牡,3,岩田望来,56.0,8,07,6,6,0,1,4,133.4,"2134",0,5,5,5,4,35.7,474,藤岡健一,栗,0,18106795,01174,01062,0921161007,フクキタル,パカパカファーム,キズナ,アップワードスパイラル,Teofilo,黒鹿,180203,   10.0,  ,    ,52.6
21,01,05,1,中山,1,06,１勝ｸﾗｽ*,23,芝,0,2000,良,スパイラルノヴァ  ,牡,3,藤岡康太,56.0,11,05,6,6,0,0.8,2,122.1,"2021",0,4,4,4,6,36.4,474,藤岡健一,栗,0,18106795,01116,01062,0621110605,フクキタル,パカパカファーム,キズナ,アップワードスパイラル,Teofilo,黒鹿,180203,    3.9,  ,    ,50.9
20,12,12,6,阪神,3,09,エリカ賞･1勝,23,芝,0,2000,良,スパイラルノヴァ  ,牡,2,Ｍ．デム,55.0,8,04,3,3,0,0.1,3,123.5,"2035",0,1,1,1,2,34.5,478,藤岡健一,栗,250,18106795,05212,01062,0920630904,フクキタル,パカパカファーム,キズナ,アップワードスパイラル,Teofilo,黒鹿,180203,    4.9,  ,    ,60.6
20,10,24,4,東京,5,09,アイビー(L),115,芝,0,1800,良,スパイラルノヴァ  ,牡,2,Ｍ．デム,55.0,8,07,3,3,0,0.3,4,108.4,"1484",0,0,2,3,3,35,478,藤岡健一,栗,430,18106795,05212,01062,0520450907,フクキタル,パカパカファーム,キズナ,アップワードスパイラル,Teofilo,黒鹿,180203,    8.2,  ,    ,54.9
20,10,04,2,中京,9,04,未勝利*,7,芝,0,2000,良,スパイラルノヴァ  ,牡,2,藤岡康太,55.0,14,04,1,1,0,-0.4,1,121.6,"2016",0,1,1,1,1,35.3,470,藤岡健一,栗,510,18106795,01116,01062,0720290404,フクキタル,パカパカファーム,キズナ,アップワードスパイラル,Teofilo,黒鹿,180203,    1.5,  ,    ,54.8
20,08,09,2,新潟,6,05,新馬,15,芝,0,2000,不,スパイラルノヴァ  ,牡,2,Ｍ．デム,54.0,15,02,2,2,0,0,4,125.7,"2057",0,3,3,4,3,34.9,472,藤岡健一,栗,280,18106795,05212,01062,0420260502,フクキタル,パカパカファーム,キズナ,アップワードスパイラル,Teofilo,黒鹿,180203,    8.5,  ,    ,61.5
24,05,18,2,東京,9,11,メイＳＨ,131,芝,0,1800,良,クルゼイロドスル  ,牡,4,津村明秀,56.0,16,13,4,4,0,0.3,3,105.4,"1454",0,0,6,3,3,34.2,490,高橋義忠,栗,360,20101813,01092,01129,0524291113,ゴドルフィン,ダーレー・ジャパン・ファーム,ファインニードル,スタリア,アルカセット,栗毛,200508,    5.3,  ,    ,54.1
24,03,30,3,中山,3,11,ダービーＨG3,163,芝,8,1600,稍,クルゼイロドスル  ,牡,4,津村明秀,56.0,16,13,12,12,0,1.4,6,94.3,"1343",0,0,12,13,13,34.4,488,高橋義忠,栗,0,20101813,01092,01129,0624331113,ゴドルフィン,ダーレー・ジャパン・ファーム,ファインニードル,スタリア,アルカセット,栗毛,200508,    9.0,  ,    ,54.5
24,01,28,1,東京,2,10,節分Ｓ･3勝,67,芝,0,1600,良,クルゼイロドスル  ,牡,4,川田将雅,57.0,14,14,1,1,0,-0.1,1,92.5,"1325",0,0,0,5,5,33.4,498,高橋義忠,栗,1840,20101813,01088,01129,0524121014,ゴドルフィン,ダーレー・ジャパン・ファーム,ファインニードル,スタリア,アルカセット,栗毛,200508,    2.3,  ,    ,56.2
23,12,28,5,中山,9,12,ファイナ･3勝,67,芝,8,1600,良,クルゼイロドスル  ,牡,3,Ｍ．デム,57.0,16,10,2,2,0,0,1,93.2,"1332",0,0,2,1,1,35.5,492,高橋義忠,栗,740,20101813,05212,01129,0623591210,ゴドルフィン,ダーレー・ジャパン・ファーム,ファインニードル,スタリア,アルカセット,栗毛,200508,    3.8,  ,    ,47.5
23,11,04,5,東京,1,10,ノベンバ･3勝,67,芝,0,1800,良,クルゼイロドスル  ,牡,3,津村明秀,56.0,10,03,2,2,0,0,4,106.3,"1463",0,0,3,3,3,33.2,484,高橋義忠,栗,740,20101813,01092,01129,0523511003,ゴドルフィン,ダーレー・ジャパン・ファーム,ファインニードル,スタリア,アルカセット,栗毛,200508,    5.9,  ,    ,60.1
23,09,30,4,中山,8,11,秋風ＳＨ･3勝,67,芝,8,1600,良,クルゼイロドスル  ,牡,3,石橋脩,56.0,16,15,7,7,0,0.8,1,94.4,"1344",0,0,2,2,1,36.9,476,高橋義忠,栗,0,20101813,01077,01129,0623481115,ゴドルフィン,ダーレー・ジャパン・ファーム,ファインニードル,スタリア,アルカセット,栗毛,200508,    4.7,  ,    ,43.5
23,07,01,3,中京,1,11,白川郷Ｈ･3勝,67,芝,0,1600,重,クルゼイロドスル  ,牡,3,坂井瑠星,55.0,13,05,5,5,0,0.4,2,94.5,"1345",0,0,8,9,9,35.1,474,高橋義忠,栗,184,20101813,01163,01129,0723311105,ゴドルフィン,ダーレー・ジャパン・ファーム,ファインニードル,スタリア,アルカセット,栗毛,200508,    3.8,  ,    ,51.5
23,05,07,2,東京,6,11,ＮＨＫマG1,195,芝,0,1600,稍,クルゼイロドスル  ,牡,3,Ｍ．デム,57.0,18,12,0,0,1,999.9,0,0,"----",0,0,0,0,0,0,0,高橋義忠,栗,0,20101813,05212,01129,0523261112,ゴドルフィン,ダーレー・ジャパン・ファーム,ファインニードル,スタリア,アルカセット,栗毛,200508,    0.0,  ,    , 0.0
23,01,05,1,中山,1,10,ジュニア(L),115,芝,8,1600,良,クルゼイロドスル  ,牡,3,Ｍ．デム,56.0,13,13,1,1,0,-0.7,2,93.7,"1337",0,0,1,1,1,35.6,474,高橋義忠,栗,2000,20101813,05212,01129,0623111013,ゴドルフィン,ダーレー・ジャパン・ファーム,ファインニードル,スタリア,アルカセット,栗毛,200508,    3.5,  ,    ,47.9
22,11,12,5,阪神,3,11,デイリーG2,179,芝,8,1600,良,クルゼイロドスル  ,牡,2,和田竜二,55.0,10,08,5,5,0,0.5,2,93.7,"1337",0,0,0,5,3,34.5,468,高橋義忠,栗,380,20101813,01018,01129,0922531108,ゴドルフィン,ダーレー・ジャパン・ファーム,ファインニードル,スタリア,アルカセット,栗毛,200508,    3.8,  ,    ,53.0
22,10,23,4,東京,7,02,未勝利*,7,芝,0,1600,良,クルゼイロドスル  ,牡,2,Ｍ．デム,55.0,15,15,1,1,0,-0.2,1,93.5,"1335",0,0,0,8,8,33.8,466,高橋義忠,栗,520,20101813,05212,01129,0522470215,ゴドルフィン,ダーレー・ジャパン・ファーム,ファインニードル,スタリア,アルカセット,栗毛,200508,    2.5,  ,    ,56.0
22,07,30,2,新潟,1,05,新馬,15,芝,8,1600,良,クルゼイロドスル  ,牡,2,幸英明,54.0,12,10,2,2,0,0.5,7,96.3,"1363",0,0,0,2,2,32.4,460,高橋義忠,栗,280,20101813,00732,01129,0422210510,ゴドルフィン,ダーレー・ジャパン・ファーム,ファインニードル,スタリア,アルカセット,栗毛,200508,   31.0,  ,    ,68.3
24,03,23,3,中山,1,11,日経賞G2,179,芝,0,2500,良,ホウオウリアリティ,牡,6,大野拓弥,57.0,10,03,10,10,0,1.2,8,152.6,"2326",0,4,4,8,9,36.5,490,高木登,美,0,18103489,01096,01088,0624311103,小笹芳央,岡田スタツド,モーリス,キョウエイトルース,フジキセキ,栗毛,180411,   78.0,  ,    ,50.4
24,02,25,2,中山,2,11,中山記念G2,179,芝,0,1800,稍,ホウオウリアリティ,牡,6,菅原明良,57.0,16,16,8,8,0,1.1,16,109.2,"1492",0,10,10,11,9,37.3,486,高木登,美,0,18103489,01179,01088,0624221116,小笹芳央,岡田スタツド,モーリス,キョウエイトルース,フジキセキ,栗毛,180411,  311.0,  ,    ,46.4
24,01,21,1,中山,7,11,アメリカG2,179,芝,8,2200,不,ホウオウリアリティ,牡,6,大野拓弥,57.0,12,05,11,11,0,1.7,11,138.3,"2183",0,7,7,8,10,38.6,486,高木登,美,0,18103489,01096,01088,0624171105,小笹芳央,岡田スタツド,モーリス,キョウエイトルース,フジキセキ,栗毛,180411,   81.0,  ,    ,46.9
23,11,18,3,京都,5,11,アンドＨ(L),115,芝,0,2000,稍,ホウオウリアリティ,牡,5,大野拓弥,55.0,16,13,6,6,0,0.6,8,119.8,"1598",0,13,12,15,13,34.6,482,高木登,美,0,18103489,01096,01088,0823351113,小笹芳央,岡田スタツド,モーリス,キョウエイトルース,フジキセキ,栗毛,180411,   41.4,  ,    ,55.5
23,10,28,4,新潟,5,11,魚沼Ｓ･3勝,67,芝,8,2000,不,ホウオウリアリティ,牡,5,大野拓弥,58.0,12,04,1,1,0,0,11,123.6,"2036",0,0,0,3,3,35.8,484,高木登,美,1840,18103489,01096,01088,0423451104,小笹芳央,岡田スタツド,モーリス,キョウエイトルース,フジキセキ,栗毛,180411,   46.5,  ,    ,55.1
23,07,30,2,新潟,2,10,佐渡Ｓ･3勝,67,芝,8,1800,良,ホウオウリアリティ,牡,5,団野大成,58.0,18,05,10,10,0,1.1,17,106.1,"1461",0,0,0,13,13,33.5,478,高木登,美,0,18103489,01180,01088,0423221005,小笹芳央,岡田スタツド,モーリス,キョウエイトルース,フジキセキ,栗毛,180411,  240.1,  ,    ,58.4
23,07,08,2,福島,3,11,阿武隈Ｈ･3勝,67,芝,0,1800,良,ホウオウリアリティ,牡,5,大野拓弥,57.0,11,06,7,7,0,0.7,7,108.7,"1487",0,10,10,10,10,35.4,478,高木登,美,0,18103489,01096,01088,0323231106,小笹芳央,岡田スタツド,モーリス,キョウエイトルース,フジキセキ,栗毛,180411,   16.2,  ,    ,53.5
23,06,24,3,東京,7,11,江の島Ｓ･3勝,67,芝,0,2000,良,ホウオウリアリティ,牡,5,大野拓弥,58.0,14,06,9,9,0,0.7,9,120.8,"2008",0,0,7,7,7,34.1,480,高木登,美,0,18103489,01096,01088,0523371106,小笹芳央,岡田スタツド,モーリス,キョウエイトルース,フジキセキ,栗毛,180411,   45.5,  ,    ,59.0
23,04,16,3,中山,8,12,サンシＨ･3勝,67,芝,0,2500,重,ホウオウリアリティ,牡,5,三浦皇成,57.0,14,05,4,4,0,0.8,6,157,"2370",0,5,5,5,4,37.3,482,高木登,美,280,18103489,01122,01088,0623381205,小笹芳央,岡田スタツド,モーリス,キョウエイトルース,フジキセキ,栗毛,180411,    8.8,  ,    ,51.3
23,03,26,2,阪神,2,10,御堂筋Ｓ･3勝,67,芝,8,2400,重,ホウオウリアリティ,牡,5,北村友一,58.0,18,13,8,8,0,0.7,11,150.3,"2303",0,14,15,16,17,35.4,480,高木登,美,0,18103489,01102,01088,0923221013,小笹芳央,岡田スタツド,モーリス,キョウエイトルース,フジキセキ,栗毛,180411,   39.2,  ,    ,58.2
23,01,21,1,中山,7,11,初富士Ｈ･3勝,67,芝,0,2000,稍,ホウオウリアリティ,牡,5,大野拓弥,57.0,14,10,9,9,0,1,5,122,"2020",0,3,4,3,3,36.6,482,高木登,美,0,18103489,01096,01088,0623171110,小笹芳央,岡田スタツド,モーリス,キョウエイトルース,フジキセキ,栗毛,180411,   20.1,  ,    ,50.0
23,01,09,1,中山,4,10,迎春Ｓ･3勝,67,芝,8,2200,良,ホウオウリアリティ,牡,5,三浦皇成,58.0,12,12,3,3,0,0,6,134.8,"2148",0,1,1,1,1,35.1,480,高木登,美,460,18103489,01122,01088,0623141012,小笹芳央,岡田スタツド,モーリス,キョウエイトルース,フジキセキ,栗毛,180411,   17.0,  ,    ,56.5
22,12,24,5,中山,7,11,グレイＨ･3勝,67,芝,0,2500,良,ホウオウリアリティ,牡,4,三浦皇成,55.0,16,14,3,3,0,0.4,7,154.2,"2342",0,3,3,3,3,36.9,482,高木登,美,460,18103489,01122,01088,0622571114,小笹芳央,岡田スタツド,モーリス,キョウエイトルース,フジキセキ,栗毛,180411,   23.0,  ,    ,50.4
22,10,29,4,新潟,5,11,魚沼Ｓ･3勝,67,芝,8,2000,良,ホウオウリアリティ,牡,4,荻野極,57.0,14,05,6,6,0,0.4,10,120.5,"2005",0,0,0,10,11,33.7,480,高木登,美,0,18103489,01160,01088,0422451105,小笹芳央,岡田スタツド,モーリス,キョウエイトルース,フジキセキ,栗毛,180411,   46.1,  ,    ,60.4
22,10,01,5,中京,8,10,関ケ原Ｓ･3勝,67,芝,0,2000,良,ホウオウリアリティ,牡,4,三浦皇成,57.0,17,07,12,12,0,1.1,11,120.1,"2001",0,14,13,13,12,34.7,482,高木登,美,0,18103489,01122,01088,0722581007,小笹芳央,岡田スタツド,モーリス,キョウエイトルース,フジキセキ,栗毛,180411,   25.4,  ,    ,55.5
22,08,27,2,札幌,5,11,WASJ第２･3勝,67,芝,0,2000,良,ホウオウリアリティ,牡,4,ルメール,58.0,14,05,8,8,0,0.5,2,121.1,"2011",0,6,6,5,11,36.4,480,高木登,美,0,18103489,05339,01088,0122251105,小笹芳央,岡田スタツド,モーリス,キョウエイトルース,フジキセキ,栗毛,180411,    4.6,  ,    ,49.7
22,07,30,1,札幌,3,11,ＳＴＶ賞･3勝,67,芝,0,1800,良,ホウオウリアリティ,牡,4,吉田隼人,57.0,13,08,3,3,0,0.3,9,107.8,"1478",0,9,10,10,9,34,482,高木登,美,460,18103489,01095,01088,0122131108,小笹芳央,岡田スタツド,モーリス,キョウエイトルース,フジキセキ,栗毛,180411,   32.8,  ,    ,58.5
22,07,10,1,函館,10,11,五稜郭Ｓ･3勝,67,芝,0,2000,良,ホウオウリアリティ,牡,4,吉田隼人,57.0,16,08,12,12,0,1.1,3,122.5,"2025",0,3,3,2,3,37.2,484,高木登,美,0,18103489,01095,01088,02221A1108,小笹芳央,岡田スタツド,モーリス,キョウエイトルース,フジキセキ,栗毛,180411,    6.3,  ,    ,48.3
22,03,05,2,中山,3,09,潮来特Ｈ･2勝,43,芝,0,2500,良,ホウオウリアリティ,牡,4,大野拓弥,54.0,8,05,1,1,0,-0.2,1,154.3,"2343",0,2,2,2,2,34.5,480,高木登,美,1510,18103489,01096,01088,0622230905,小笹芳央,岡田スタツド,モーリス,キョウエイトルース,フジキセキ,栗毛,180411,    1.8,  ,    ,59.7
22,02,12,1,東京,5,09,箱根特別･2勝,43,芝,0,2400,良,ホウオウリアリティ,牡,4,大野拓弥,56.0,10,05,6,6,0,1,3,146.3,"2263",0,5,5,4,5,35.1,484,高木登,美,0,18103489,01096,01088,0522150905,小笹芳央,岡田スタツド,モーリス,キョウエイトルース,フジキセキ,栗毛,180411,    5.9,  ,    ,55.6
22,01,22,1,中山,7,12,１勝ｸﾗｽ,23,芝,8,2200,良,ホウオウリアリティ,牡,4,大野拓弥,56.0,11,09,1,1,0,-0.5,5,134.2,"2142",0,3,3,1,1,35.2,484,高木登,美,770,18103489,01096,01088,0622171209,小笹芳央,岡田スタツド,モーリス,キョウエイトルース,フジキセキ,栗毛,180411,    7.6,  ,    ,55.5
21,08,07,1,函館,11,06,未勝利,7,芝,0,2000,良,ホウオウリアリティ,牡,3,横山武史,56.0,16,04,1,1,0,0,1,121.5,"2015",0,8,7,8,6,36.1,468,高木登,美,510,18103489,01170,01088,02211B0604,小笹芳央,岡田スタツド,モーリス,キョウエイトルース,フジキセキ,栗毛,180411,    3.6,  ,    ,51.4
21,07,25,1,函館,8,04,未勝利,7,芝,0,2000,良,ホウオウリアリティ,牡,3,大野拓弥,56.0,16,14,5,5,0,0.2,1,122.8,"2028",0,7,8,6,6,36.3,476,高木登,美,51,18103489,01096,01088,0221180414,小笹芳央,岡田スタツド,モーリス,キョウエイトルース,フジキセキ,栗毛,180411,    2.3,  ,    ,52.1
21,07,10,1,函館,3,06,未勝利,7,芝,0,2000,良,ホウオウリアリティ,牡,3,大野拓弥,56.0,16,01,2,2,0,0.2,4,123.2,"2032",0,8,6,11,8,36.3,474,高木登,美,200,18103489,01096,01088,0221130601,小笹芳央,岡田スタツド,モーリス,キョウエイトルース,フジキセキ,栗毛,180411,    5.3,  ,    ,52.6
21,06,26,1,札幌,5,06,未勝利,7,芝,0,2000,良,ホウオウリアリティ,牡,3,大野拓弥,56.0,13,05,2,2,0,0.3,2,121,"2010",0,7,5,3,3,36.2,476,高木登,美,200,18103489,01096,01088,0121150605,小笹芳央,岡田スタツド,モーリス,キョウエイトルース,フジキセキ,栗毛,180411,    3.0,  ,    ,50.4
21,06,12,1,札幌,1,04,未勝利,7,芝,0,2000,良,ホウオウリアリティ,牡,3,大野拓弥,56.0,15,13,2,2,0,0,3,121.4,"2014",0,7,7,7,4,34.8,474,高木登,美,200,18103489,01096,01088,0121110413,小笹芳央,岡田スタツド,モーリス,キョウエイトルース,フジキセキ,栗毛,180411,    4.8,  ,    ,56.7
21,05,23,2,新潟,6,06,未勝利,7,芝,0,2200,稍,ホウオウリアリティ,牡,3,江田照男,56.0,16,09,4,4,0,0.4,5,139.8,"2198",0,10,12,13,11,36.7,472,高木登,美,77,18103489,00689,01088,0421260609,小笹芳央,岡田スタツド,モーリス,キョウエイトルース,フジキセキ,栗毛,180411,    9.9,  ,    ,55.3
21,05,08,2,新潟,1,06,未勝利・若,7,芝,8,1800,良,ホウオウリアリティ,牡,3,菅原明良,55.0,16,09,4,4,0,0.6,3,109.9,"1499",0,0,0,9,10,34.8,470,高木登,美,77,18103489,01179,01088,0421210609,小笹芳央,岡田スタツド,モーリス,キョウエイトルース,フジキセキ,栗毛,180411,    5.8,  ,    ,57.9
21,04,18,3,中山,8,04,未勝利,7,芝,8,2200,重,ホウオウリアリティ,牡,3,大野拓弥,56.0,17,16,6,6,0,1.5,5,136.7,"2167",0,5,6,7,6,37.8,476,高木登,美,0,18103489,01096,01088,0621380416,小笹芳央,岡田スタツド,モーリス,キョウエイトルース,フジキセキ,栗毛,180411,   15.8,  ,    ,48.1
21,01,31,1,東京,2,02,未勝利,7,ダ,1,2100,重,ホウオウリアリティ,牡,3,三浦皇成,56.0,16,11,10,10,0,2.5,2,134.8,"2148",0,5,4,3,4,39.6,474,高木登,美,0,18103489,01122,01088,0521120211,小笹芳央,岡田スタツド,モーリス,キョウエイトルース,フジキセキ,栗毛,180411,    5.2,  ,    ,46.2
21,01,11,1,中山,4,03,未勝利,7,ダ,1,1800,良,ホウオウリアリティ,牡,3,大野拓弥,56.0,16,14,6,6,0,1.3,4,118.1,"1581",0,15,16,14,10,39.5,476,高木登,美,0,18103489,01096,01088,0621140314,小笹芳央,岡田スタツド,モーリス,キョウエイトルース,フジキセキ,栗毛,180411,    5.7,  ,    ,49.5
20,12,19,5,中山,5,05,新馬,15,芝,0,1800,良,ホウオウリアリティ,牡,2,大野拓弥,55.0,15,10,3,3,0,0.4,4,114.4,"1544",0,3,3,3,3,36.4,474,高木登,美,180,18103489,01096,01088,0620550510,小笹芳央,岡田スタツド,モーリス,キョウエイトルース,フジキセキ,栗毛,180411,    8.1,  ,    ,57.1
24,04,14,1,福島,4,11,福島民Ｈ(L),115,芝,0,2000,良,ハーランズハーツ  ,牡,7,西塚洸二,55.0,16,10,10,10,0,0.6,11,119.5,"1595",0,15,15,16,15,34.5,442,橋口慎介,栗,0,17103992,01200,01154,0324141110,林正道,服部牧場,ハーツクライ,ハーランズロマン,"Harlan's Holiday",黒鹿,170323,   49.6,  ,    ,55.6
24,02,04,1,小倉,8,11,小倉日経,131,芝,0,2000,重,ハーランズハーツ  ,牡,7,秋山真一,57.0,9,04,4,4,0,0.2,4,124.3,"2043",0,7,6,4,5,37.5,442,橋口慎介,栗,360,17103992,01019,01154,1024181104,林正道,服部牧場,ハーツクライ,ハーランズロマン,"Harlan's Holiday",黒鹿,170323,    7.6,  ,    ,49.2
24,01,14,1,小倉,2,10,壇之浦Ｓ･3勝,67,芝,0,1800,良,ハーランズハーツ  ,牡,7,藤岡佑介,58.0,14,01,1,1,0,0,13,106.5,"1465",0,13,13,14,13,34.7,444,橋口慎介,栗,1840,17103992,01093,01154,1024121001,林正道,服部牧場,ハーツクライ,ハーランズロマン,"Harlan's Holiday",黒鹿,170323,   73.5,  ,    ,53.5
23,10,15,2,京都,5,10,大原Ｓ･3勝,67,芝,8,1800,稍,ハーランズハーツ  ,牡,6,鮫島克駿,58.0,7,06,7,7,0,1,7,108,"1480",0,0,0,6,4,36.3,442,橋口慎介,栗,0,17103992,01157,01154,0823251006,林正道,服部牧場,ハーツクライ,ハーランズロマン,"Harlan's Holiday",黒鹿,170323,   64.1,  ,    ,48.8
23,08,13,3,小倉,2,10,博多ＳＨ･3勝,67,芝,0,1800,良,ハーランズハーツ  ,牡,6,団野大成,55.0,13,11,10,10,0,0.9,9,107.6,"1476",0,13,13,9,9,36.4,438,橋口慎介,栗,0,17103992,01180,01154,1023321011,林正道,服部牧場,ハーツクライ,ハーランズロマン,"Harlan's Holiday",黒鹿,170323,   32.6,  ,    ,47.8
23,05,14,1,新潟,6,11,弥彦Ｓ･3勝,67,芝,8,1800,良,ハーランズハーツ  ,牡,6,富田暁,58.0,13,10,12,12,0,1.1,12,107,"1470",0,0,0,12,12,34.6,440,橋口慎介,栗,0,17103992,01168,01154,0423161110,林正道,服部牧場,ハーツクライ,ハーランズロマン,"Harlan's Holiday",黒鹿,170323,   40.2,  ,    ,54.6
23,04,23,1,京都,2,10,センテＨ･3勝,67,芝,8,1800,良,ハーランズハーツ  ,牡,6,北村友一,55.0,14,10,6,6,0,0.5,9,105.9,"1459",0,0,0,11,12,34.1,440,橋口慎介,栗,0,17103992,01102,01154,0823121010,林正道,服部牧場,ハーツクライ,ハーランズロマン,"Harlan's Holiday",黒鹿,170323,   18.5,  ,    ,55.3
23,02,26,2,小倉,6,10,八代特別･2勝,43,芝,0,2000,良,ハーランズハーツ  ,牡,6,菱田裕二,58.0,18,10,1,1,0,-0.1,3,121.5,"2015",0,15,15,11,9,35.5,444,橋口慎介,栗,1550,17103992,01144,01154,1023261010,林正道,服部牧場,ハーツクライ,ハーランズロマン,"Harlan's Holiday",黒鹿,170323,    7.7,  ,    ,53.8
22,12,17,5,中山,5,12,２勝ｸﾗｽ,43,芝,0,1800,良,ハーランズハーツ  ,牡,5,福永祐一,57.0,15,15,8,8,0,0.8,9,108.7,"1487",0,13,14,13,12,34.9,444,橋口慎介,栗,0,17103992,01014,01154,0622551215,林正道,服部牧場,ハーツクライ,ハーランズロマン,"Harlan's Holiday",黒鹿,170323,   32.9,  ,    ,55.7
22,10,08,4,東京,1,09,ｔｖｋ賞･2勝,43,芝,0,2000,良,ハーランズハーツ  ,牡,5,津村明秀,57.0,13,05,8,8,0,0.2,7,120.9,"2009",0,0,5,5,6,33.6,424,橋口慎介,栗,0,17103992,01092,01154,0522410905,林正道,服部牧場,ハーツクライ,ハーランズロマン,"Harlan's Holiday",黒鹿,170323,    9.9,  ,    ,61.4
22,09,18,5,中京,4,09,木曽川特･2勝,43,芝,0,2200,良,ハーランズハーツ  ,牡,5,ルメール,57.0,11,11,9,9,0,1.5,2,133.6,"2136",0,6,5,5,5,35.1,428,橋口慎介,栗,0,17103992,05339,01154,0722540911,林正道,服部牧場,ハーツクライ,ハーランズロマン,"Harlan's Holiday",黒鹿,170323,    3.9,  ,    ,55.2
22,07,23,3,小倉,7,10,高千穂特･2勝,43,芝,0,2000,良,ハーランズハーツ  ,牡,5,福永祐一,57.0,9,04,2,2,0,0.1,2,118.8,"1588",0,6,6,6,6,34.2,430,橋口慎介,栗,600,17103992,01014,01154,1022371004,林正道,服部牧場,ハーツクライ,ハーランズロマン,"Harlan's Holiday",黒鹿,170323,    3.0,  ,    ,56.0
22,05,07,3,中京,1,09,安城特別･2勝,43,芝,0,2000,良,ハーランズハーツ  ,牡,5,福永祐一,57.0,10,06,4,4,0,0.1,3,118.5,"1585",0,8,7,9,8,33.8,442,橋口慎介,栗,230,17103992,01014,01154,0722310906,林正道,服部牧場,ハーツクライ,ハーランズロマン,"Harlan's Holiday",黒鹿,170323,    4.9,  ,    ,57.4
22,03,20,2,中山,7,08,２勝ｸﾗｽ,43,芝,0,2000,稍,ハーランズハーツ  ,牡,5,福永祐一,57.0,14,13,4,4,0,0.2,4,122.5,"2025",0,13,13,13,12,35.2,440,橋口慎介,栗,170,17103992,01014,01154,0622270813,林正道,服部牧場,ハーツクライ,ハーランズロマン,"Harlan's Holiday",黒鹿,170323,    8.0,  ,    ,56.3
22,02,19,1,東京,7,12,２勝ｸﾗｽ,43,芝,0,1800,良,ハーランズハーツ  ,牡,5,菅原明良,57.0,16,04,6,6,0,0.2,4,107.4,"1474",0,0,7,8,8,34,436,橋口慎介,栗,0,17103992,01179,01154,0522171204,林正道,服部牧場,ハーツクライ,ハーランズロマン,"Harlan's Holiday",黒鹿,170323,    7.9,  ,    ,57.9
22,01,16,1,小倉,2,09,宇佐特別･2勝,43,芝,0,1800,良,ハーランズハーツ  ,牡,5,鮫島克駿,57.0,14,04,2,2,0,0.2,1,106.7,"1467",0,11,9,8,8,34.7,438,橋口慎介,栗,600,17103992,01157,01154,1022120904,林正道,服部牧場,ハーツクライ,ハーランズロマン,"Harlan's Holiday",黒鹿,170323,    3.6,  ,    ,53.7
21,11,14,5,東京,4,08,２勝ｸﾗｽ,43,芝,0,1800,良,ハーランズハーツ  ,牡,4,津村明秀,57.0,10,07,2,2,0,0.2,3,107.2,"1472",0,0,8,7,7,34.1,438,橋口慎介,栗,440,17103992,01092,01154,0521540807,林正道,服部牧場,ハーツクライ,ハーランズロマン,"Harlan's Holiday",黒鹿,170323,    5.5,  ,    ,57.2
21,09,05,4,小倉,8,09,筑後川特･2勝,43,芝,0,1800,良,ハーランズハーツ  ,牡,4,鮫島克駿,57.0,11,10,4,4,0,0.8,4,108.6,"1486",0,7,8,6,6,34.2,434,橋口慎介,栗,230,17103992,01157,01154,1021480910,林正道,服部牧場,ハーツクライ,ハーランズロマン,"Harlan's Holiday",黒鹿,170323,   10.2,  ,    ,58.8
21,07,25,3,新潟,2,10,糸魚川特･2勝,43,芝,8,1800,良,ハーランズハーツ  ,牡,4,鮫島克駿,57.0,12,05,10,10,0,1.3,8,107.6,"1476",0,0,0,8,9,33.2,434,橋口慎介,栗,0,17103992,01157,01154,0421321005,林正道,服部牧場,ハーツクライ,ハーランズロマン,"Harlan's Holiday",黒鹿,170323,   22.4,  ,    ,62.0
21,07,11,3,小倉,4,10,フィリピ･2勝,43,芝,0,1800,良,ハーランズハーツ  ,牡,4,鮫島克駿,57.0,8,04,3,3,0,0.1,3,106.8,"1468",0,7,7,7,5,33.9,436,橋口慎介,栗,380,17103992,01157,01154,1021341004,林正道,服部牧場,ハーツクライ,ハーランズロマン,"Harlan's Holiday",黒鹿,170323,    4.8,  ,    ,57.5
21,05,15,2,新潟,3,12,胎内川特･2勝,43,芝,8,1800,良,ハーランズハーツ  ,牡,4,菱田裕二,57.0,8,06,3,3,0,0.2,2,108.7,"1487",0,0,0,5,5,33.4,438,橋口慎介,栗,380,17103992,01144,01154,0421231206,林正道,服部牧場,ハーツクライ,ハーランズロマン,"Harlan's Holiday",黒鹿,170323,    3.5,  ,    ,62.7
21,02,06,1,小倉,7,11,玄海特Ｈ･2勝,43,芝,0,1800,良,ハーランズハーツ  ,牡,4,鮫島克駿,55.0,10,01,3,3,0,0.1,2,108.5,"1485",0,8,8,8,7,34.8,436,橋口慎介,栗,380,17103992,01157,01154,1021171101,林正道,服部牧場,ハーツクライ,ハーランズロマン,"Harlan's Holiday",黒鹿,170323,    4.0,  ,    ,55.9
21,01,17,1,小倉,2,08,１勝ｸﾗｽ,23,芝,0,1800,良,ハーランズハーツ  ,牡,4,鮫島克駿,56.0,16,06,1,1,0,-0.1,5,106.5,"1465",0,11,11,10,9,35.3,430,橋口慎介,栗,760,17103992,01157,01154,1021120806,林正道,服部牧場,ハーツクライ,ハーランズロマン,"Harlan's Holiday",黒鹿,170323,    7.6,  ,    ,50.8
20,08,16,2,小倉,2,03,未勝利,7,芝,0,1800,良,ハーランズハーツ  ,牡,3,鮫島克駿,56.0,15,14,1,1,0,-0.1,7,106.7,"1467",0,10,10,10,9,35.4,426,橋口慎介,栗,510,17103992,01157,01154,1020220314,林正道,服部牧場,ハーツクライ,ハーランズロマン,"Harlan's Holiday",黒鹿,170323,   31.8,  ,    ,50.7
20,07,05,4,阪神,2,02,未勝利,7,芝,8,1600,稍,ハーランズハーツ  ,牡,3,松若風馬,56.0,17,13,9,9,0,1.9,7,97.8,"1378",0,0,0,5,7,38,432,橋口慎介,栗,0,17103992,01154,01154,0920420213,林正道,服部牧場,ハーツクライ,ハーランズロマン,"Harlan's Holiday",黒鹿,170323,   25.5,  ,    ,44.4
20,02,01,2,京都,1,05,未勝利,7,芝,0,1600,良,ハーランズハーツ  ,牡,3,池添謙一,56.0,12,04,4,4,0,1.2,5,97.1,"1371",0,0,0,5,4,37.5,434,橋口慎介,栗,77,17103992,01032,01154,0820210504,林正道,服部牧場,ハーツクライ,ハーランズロマン,"Harlan's Holiday",黒鹿,170323,   11.5,  ,    ,45.4
20,01,19,1,京都,7,05,未勝利,7,芝,0,1600,良,ハーランズハーツ  ,牡,3,池添謙一,56.0,16,13,3,3,0,0.4,9,97.3,"1373",0,0,0,9,9,36.3,432,橋口慎介,栗,103,17103992,01032,01154,0820170513,林正道,服部牧場,ハーツクライ,ハーランズロマン,"Harlan's Holiday",黒鹿,170323,   56.9,  ,    ,50.8
19,10,12,4,京都,3,03,未勝利*,7,芝,0,2000,不,ハーランズハーツ  ,牡,2,斎藤新,53.0,12,12,11,11,0,5,10,133.4,"2134",0,12,12,11,8,44.3,428,橋口慎介,栗,0,17103992,01178,01154,0819430312,林正道,服部牧場,ハーツクライ,ハーランズロマン,"Harlan's Holiday",黒鹿,170323,   60.8,  ,    ,36.2
19,09,29,4,阪神,9,05,新馬,15,芝,8,1600,良,ハーランズハーツ  ,牡,2,斎藤新,51.0,18,01,7,7,0,1.3,11,96.2,"1362",0,0,0,9,9,36.2,434,橋口慎介,栗,0,17103992,01178,01154,0919490501,林正道,服部牧場,ハーツクライ,ハーランズロマン,"Harlan's Holiday",黒鹿,170323,   28.7,  ,    ,49.4
24,05,12,1,新潟,6,11,弥彦Ｓ･3勝,67,芝,8,1800,良,セレシオン        ,牡,5,荻野極,58.0,16,05,1,1,0,-0.3,1,107.5,"1475",0,0,0,8,7,33.4,474,友道康夫,栗,1840,19105168,01160,01061,0424161105,キャロットファーム,ノーザンファーム,ハーツクライ,クルソラ,"Candy Stripes",黒鹿,190404,    2.8,  ,    ,60.9
24,03,03,2,中山,4,09,湾岸Ｓ･3勝,67,芝,8,2200,良,セレシオン        ,牡,5,戸崎圭太,58.0,14,10,2,2,0,0,3,132.9,"2129",0,7,4,3,2,34.8,466,友道康夫,栗,740,19105168,05386,01061,0624240910,キャロットファーム,ノーザンファーム,ハーツクライ,クルソラ,"Candy Stripes",黒鹿,190404,    5.5,  ,    ,55.7
24,01,28,2,京都,2,10,八坂Ｓ･3勝,67,芝,8,2200,良,セレシオン        ,牡,5,西村淳也,58.0,12,04,3,3,0,0.3,1,133,"2130",0,6,6,8,8,35.9,476,友道康夫,栗,460,19105168,01171,01061,0824221004,キャロットファーム,ノーザンファーム,ハーツクライ,クルソラ,"Candy Stripes",黒鹿,190404,    4.1,  ,    ,51.4
23,10,28,4,新潟,5,11,魚沼Ｓ･3勝,67,芝,8,2000,不,セレシオン        ,牡,4,吉田隼人,58.0,12,05,2,2,0,0,4,123.6,"2036",0,0,0,9,9,35.3,472,友道康夫,栗,740,19105168,01095,01061,0423451105,キャロットファーム,ノーザンファーム,ハーツクライ,クルソラ,"Candy Stripes",黒鹿,190404,    6.6,  ,    ,57.2
22,10,23,4,阪神,7,11,菊花賞G1,195,芝,0,3000,良,セレシオン        ,牡,3,福永祐一,57.0,18,18,11,11,0,2.4,9,184.8,"3048",0,6,6,3,4,38.8,464,友道康夫,栗,0,19105168,01014,01061,0922471118,キャロットファーム,ノーザンファーム,ハーツクライ,クルソラ,"Candy Stripes",黒鹿,190404,   24.6,  ,    ,44.1
22,08,21,3,新潟,4,10,阿賀野川･2勝,43,芝,0,2200,良,セレシオン        ,牡,3,福永祐一,54.0,9,05,1,1,0,-0.6,1,131.6,"2116",0,3,3,2,2,34.8,474,友道康夫,栗,1510,19105168,01014,01061,0422341005,キャロットファーム,ノーザンファーム,ハーツクライ,クルソラ,"Candy Stripes",黒鹿,190404,    1.8,  ,    ,54.3
22,05,07,2,東京,5,11,プリンシ(L),115,芝,0,2000,良,セレシオン        ,牡,3,和田竜二,56.0,16,14,7,7,0,0.7,2,119.7,"1597",0,0,12,10,10,34.8,466,友道康夫,栗,0,19105168,01018,01061,0522251114,キャロットファーム,ノーザンファーム,ハーツクライ,クルソラ,"Candy Stripes",黒鹿,190404,    5.4,  ,    ,54.6
22,02,26,1,阪神,5,10,すみれＳ(L),115,芝,0,2200,良,セレシオン        ,牡,3,和田竜二,56.0,8,05,4,4,0,0.4,3,133.3,"2133",0,7,6,5,7,34.3,470,友道康夫,栗,300,19105168,01018,01061,0922151005,キャロットファーム,ノーザンファーム,ハーツクライ,クルソラ,"Candy Stripes",黒鹿,190404,    4.1,  ,    ,58.2
22,01,16,1,中京,6,08,梅花賞･1勝*,23,芝,0,2200,良,セレシオン        ,牡,3,川田将雅,56.0,5,05,1,1,0,0,1,135.7,"2157",0,3,3,3,3,34,476,友道康夫,栗,1030,19105168,01088,01061,0722160805,キャロットファーム,ノーザンファーム,ハーツクライ,クルソラ,"Candy Stripes",黒鹿,190404,    1.5,  ,    ,62.2
21,11,21,5,阪神,6,05,新馬,15,芝,0,2000,良,セレシオン        ,牡,2,川田将雅,55.0,8,07,1,1,0,-0.6,1,121.9,"2019",0,4,4,4,3,35.6,478,友道康夫,栗,700,19105168,01088,01061,0921560507,キャロットファーム,ノーザンファーム,ハーツクライ,クルソラ,"Candy Stripes",黒鹿,190404,    1.5,  ,    ,53.9
22,12,28,5,中山,9,11,ホープフG1,195,芝,0,2000,良,ガストリック      ,牡,2,三浦皇成,55.0,18,10,16,16,0,1.3,4,122.8,"2028",0,14,16,15,15,35.1,518,上原博之,美,0,20106274,01122,00423,0622591110,前田幸治,栄進牧場,ジャスタウェイ,エーシンエポナ,Curlin,鹿毛,200212,    7.9,  ,    ,57.1
22,11,19,5,東京,5,11,東京スポG2,179,芝,0,1800,良,ガストリック      ,牡,2,三浦皇成,55.0,11,03,1,1,0,-0.1,5,105.8,"1458",0,0,8,8,6,34,510,上原博之,美,3800,20106274,01122,00423,0522551103,前田幸治,栄進牧場,ジャスタウェイ,エーシンエポナ,Curlin,鹿毛,200212,   12.4,  ,    ,55.6
22,10,23,4,東京,7,05,新馬,15,芝,0,1800,良,ガストリック      ,牡,2,永野猛蔵,54.0,13,01,1,1,0,-0.3,4,109.8,"1498",0,0,13,13,13,33.3,516,上原博之,美,700,20106274,01188,00423,0522470501,前田幸治,栄進牧場,ジャスタウェイ,エーシンエポナ,Curlin,鹿毛,200212,    9.0,  ,    ,64.9
24,04,21,3,京都,2,10,センテＨ･3勝,67,芝,8,1800,稍,アスコルティアーモ,牝,4,川田将雅,54.0,9,06,1,1,0,-0.1,1,106.9,"1469",0,0,0,2,2,34,446,林徹,美,1840,20103195,01088,01163,0824321006,サンデーレーシング,ノーザンファーム,キタサンブラック,アスコルティ,"Danehill Dancer",鹿毛,200309,    2.7,  ,    ,57.2
24,02,04,1,東京,4,07,２勝ｸﾗｽ・牝,43,芝,0,1800,良,アスコルティアーモ,牝,4,戸崎圭太,55.0,7,06,1,1,0,-0.3,1,107.4,"1474",0,0,2,2,2,33.5,454,林徹,美,1140,20103195,05386,01163,0524140706,サンデーレーシング,ノーザンファーム,キタサンブラック,アスコルティ,"Danehill Dancer",鹿毛,200309,    1.3,  ,    ,60.3
23,11,26,5,東京,8,09,アーモＨ･2勝,43,芝,0,2000,良,アスコルティアーモ,牝,3,戸崎圭太,53.0,11,08,3,3,0,0.1,3,119.3,"1593",0,0,2,2,2,34.3,464,林徹,美,390,20103195,05386,01163,0523580908,サンデーレーシング,ノーザンファーム,キタサンブラック,アスコルティ,"Danehill Dancer",鹿毛,200309,    4.4,  ,    ,56.2
23,09,17,4,中山,4,08,１勝ｸﾗｽ・牝,23,芝,0,1800,良,アスコルティアーモ,牝,3,戸崎圭太,53.0,15,05,1,1,0,-0.1,1,106.3,"1463",0,2,5,5,3,35,452,林徹,美,800,20103195,05386,01163,0623440805,サンデーレーシング,ノーザンファーム,キタサンブラック,アスコルティ,"Danehill Dancer",鹿毛,200309,    1.6,  ,    ,51.9
23,01,28,1,東京,1,05,未勝利,7,芝,0,1800,良,アスコルティアーモ,牝,3,ルメール,54.0,16,11,1,1,0,-0.5,1,106.1,"1461",0,0,2,2,2,34.3,452,林徹,美,550,20103195,05339,01163,0523110511,サンデーレーシング,ノーザンファーム,キタサンブラック,アスコルティ,"Danehill Dancer",鹿毛,200309,    1.6,  ,    ,54.7
22,10,30,4,東京,9,03,未勝利*,7,芝,0,2000,良,アスコルティアーモ,牝,2,ルメール,54.0,10,05,2,2,0,0.2,1,120.4,"2004",0,0,6,4,4,33.8,448,林徹,美,210,20103195,05339,01163,0522490305,サンデーレーシング,ノーザンファーム,キタサンブラック,アスコルティ,"Danehill Dancer",鹿毛,200309,    1.7,  ,    ,59.8
22,08,27,3,新潟,5,05,新馬,15,芝,8,1800,良,アスコルティアーモ,牝,2,池添謙一,54.0,13,07,3,3,0,0.3,1,110.5,"1505",0,0,0,4,4,33.8,430,林徹,美,180,20103195,01032,01163,0422350507,サンデーレーシング,ノーザンファーム,キタサンブラック,アスコルティ,"Danehill Dancer",鹿毛,200309,    1.7,  ,    ,63.5
24,06,09,3,東京,4,11,エプソムG3,163,芝,0,1800,良,グランスラムアスク,牝,5,御神本訓,55.0,18,12,8,8,0,0.7,17,105.4,"1454",0,0,12,16,15,33.7,466,矢作芳人,栗,0,19101629,05404,01075,0524341112,廣崎利洋HD,下河辺牧場,ディープインパクト,ジェニサ,"Storm Cat",鹿毛,190311,  223.7,  ,    ,56.4
24,03,09,2,中山,5,11,中山牝馬ＨG3,163,芝,0,1800,稍,グランスラムアスク,牝,5,古川奈穂,52.0,16,06,12,12,0,0.6,16,109.6,"1496",0,3,5,7,6,36.3,462,矢作芳人,栗,0,19101629,01190,01075,0624251106,廣崎利洋HD,下河辺牧場,ディープインパクト,ジェニサ,"Storm Cat",鹿毛,190311,  139.6,  ,    ,51.0
24,02,17,1,東京,7,11,ダイヤモＨG3,163,芝,0,3400,良,グランスラムアスク,牝,5,キング,52.0,10,10,9,9,0,2.8,9,213,"3330",0,2,2,2,2,36.9,476,矢作芳人,栗,0,19101629,05643,01075,0524171110,廣崎利洋HD,下河辺牧場,ディープインパクト,ジェニサ,"Storm Cat",鹿毛,190311,   42.6,  ,    ,52.3
24,01,27,1,東京,1,11,白富士Ｓ(L),115,芝,0,2000,良,グランスラムアスク,牝,5,津村明秀,55.0,12,10,7,7,0,0.9,11,118.1,"1581",0,0,4,4,3,34.7,470,矢作芳人,栗,0,19101629,01092,01075,0524111110,廣崎利洋HD,下河辺牧場,ディープインパクト,ジェニサ,"Storm Cat",鹿毛,190311,  202.3,  ,    ,53.0
24,01,13,1,小倉,1,11,愛知杯ＨG3,163,芝,0,2000,良,グランスラムアスク,牝,5,丸山元気,53.0,14,01,14,14,0,3.2,12,121.1,"2011",0,1,1,1,6,39,468,矢作芳人,栗,0,19101629,01127,01075,1024111101,廣崎利洋HD,下河辺牧場,ディープインパクト,ジェニサ,"Storm Cat",鹿毛,190311,   64.5,  ,    ,40.2
23,08,17,9,不明,6,11,ブリーG3,163,ダ,1,2000,稍,グランスラムアスク,牝,4,坂井瑠星,55.0,8,05,7,7,0,4.3,5,132.8,"2128",0,3,3,4,5,0,460,矢作芳人,栗,0,19101629,01163,01075,3023961105,廣崎利洋HD,下河辺牧場,ディープインパクト,ジェニサ,"Storm Cat",鹿毛,190311,    0.0,  ,    , 0.0
23,07,30,1,札幌,4,11,クイーンG3,163,芝,0,1800,良,グランスラムアスク,牝,4,古川奈穂,55.0,14,09,14,14,0,1.6,12,108.3,"1483",0,7,7,5,6,36.4,460,矢作芳人,栗,0,19101629,01190,01075,0123141109,廣崎利洋HD,下河辺牧場,ディープインパクト,ジェニサ,"Storm Cat",鹿毛,190311,   42.2,  ,    ,48.8
23,05,14,1,新潟,6,11,弥彦Ｓ･3勝,67,芝,8,1800,良,グランスラムアスク,牝,4,丸山元気,56.0,13,09,1,1,0,0,4,105.9,"1459",0,0,0,1,1,35.3,450,矢作芳人,栗,1840,19101629,01127,01075,0423161109,廣崎利洋HD,下河辺牧場,ディープインパクト,ジェニサ,"Storm Cat",鹿毛,190311,   11.1,  ,    ,50.0
23,04,29,1,新潟,1,10,胎内川特･2勝,43,芝,8,1800,良,グランスラムアスク,牝,4,古川奈穂,56.0,12,10,1,1,0,-0.7,4,106.6,"1466",0,0,0,1,1,35.1,448,矢作芳人,栗,1550,19101629,01190,01075,0423111010,廣崎利洋HD,下河辺牧場,ディープインパクト,ジェニサ,"Storm Cat",鹿毛,190311,    6.9,  ,    ,51.9
23,04,16,3,中山,8,08,野島崎特･2勝,43,芝,0,2000,重,グランスラムアスク,牝,4,横山武史,56.0,16,10,6,6,0,1.1,6,121.7,"2017",0,5,5,5,3,37.2,450,矢作芳人,栗,0,19101629,01170,01075,0623380810,廣崎利洋HD,下河辺牧場,ディープインパクト,ジェニサ,"Storm Cat",鹿毛,190311,   19.7,  ,    ,47.4
23,04,02,2,阪神,4,09,明石特Ｈ･2勝,43,芝,0,2000,良,グランスラムアスク,牝,4,古川奈穂,54.0,11,08,6,6,0,1.1,7,120.2,"2002",0,6,5,3,4,34.7,452,矢作芳人,栗,0,19101629,01190,01075,0923240908,廣崎利洋HD,下河辺牧場,ディープインパクト,ジェニサ,"Storm Cat",鹿毛,190311,   23.1,  ,    ,55.6
23,03,26,2,阪神,2,09,四国新聞･2勝,43,芝,0,2000,重,グランスラムアスク,牝,4,古川奈穂,56.0,10,01,9,9,0,1.4,7,123.7,"2037",0,5,4,5,6,37.1,456,矢作芳人,栗,0,19101629,01190,01075,0923220901,廣崎利洋HD,下河辺牧場,ディープインパクト,ジェニサ,"Storm Cat",鹿毛,190311,   19.5,  ,    ,50.0
23,01,07,1,中山,2,12,２勝ｸﾗｽ・牝,43,芝,0,1800,良,グランスラムアスク,牝,4,古川奈穂,51.0,11,03,3,3,0,0.2,4,107.4,"1474",0,10,9,9,8,35,458,矢作芳人,栗,290,19101629,01190,01075,0623121203,廣崎利洋HD,下河辺牧場,ディープインパクト,ジェニサ,"Storm Cat",鹿毛,190311,   10.7,  ,    ,53.4
22,12,28,6,阪神,9,10,フォーチ･2勝,43,芝,0,2000,良,グランスラムアスク,牝,3,藤岡佑介,54.0,14,03,7,7,0,1,5,120.7,"2007",0,12,12,12,10,35.6,464,矢作芳人,栗,0,19101629,01093,01075,0922691003,廣崎利洋HD,下河辺牧場,ディープインパクト,ジェニサ,"Storm Cat",鹿毛,190311,   20.8,  ,    ,52.4
22,12,10,5,中山,3,12,２勝ｸﾗｽ・牝,43,芝,0,2000,良,グランスラムアスク,牝,3,古川奈穂,50.0,18,03,13,13,0,0.9,1,120.9,"2009",0,1,1,1,2,37.1,456,矢作芳人,栗,0,19101629,01190,01075,0622531203,廣崎利洋HD,下河辺牧場,ディープインパクト,ジェニサ,"Storm Cat",鹿毛,190311,    3.4,  ,    ,46.8
22,11,05,5,阪神,1,09,蛍池特別･2勝,43,芝,0,2000,良,グランスラムアスク,牝,3,古川奈穂,53.0,10,06,2,2,0,0.5,4,120.2,"2002",0,1,1,1,1,35.8,458,矢作芳人,栗,600,19101629,01190,01075,0922510906,廣崎利洋HD,下河辺牧場,ディープインパクト,ジェニサ,"Storm Cat",鹿毛,190311,   16.6,  ,    ,51.0
22,10,16,4,新潟,2,09,粟島特別･1勝,23,芝,8,1800,良,グランスラムアスク,牝,3,古川奈穂,53.0,11,03,1,1,0,0,9,106.3,"1463",0,0,0,1,1,34.2,456,矢作芳人,栗,1070,19101629,01190,01075,0422420903,廣崎利洋HD,下河辺牧場,ディープインパクト,ジェニサ,"Storm Cat",鹿毛,190311,   17.8,  ,    ,55.4
22,08,07,1,札幌,6,08,１勝ｸﾗｽ,23,芝,0,2000,良,グランスラムアスク,牝,3,古川奈穂,49.0,14,04,7,7,0,0.4,5,121.2,"2012",0,1,1,1,1,37.3,452,矢作芳人,栗,0,19101629,01190,01075,0122160804,廣崎利洋HD,下河辺牧場,ディープインパクト,ジェニサ,"Storm Cat",鹿毛,190311,    8.1,  ,    ,46.4
22,07,24,1,札幌,2,08,１勝ｸﾗｽ,23,芝,0,1800,良,グランスラムアスク,牝,3,古川奈穂,49.0,10,04,8,8,0,1.1,1,111.4,"1514",0,6,7,6,4,36.7,454,矢作芳人,栗,0,19101629,01190,01075,0122120804,廣崎利洋HD,下河辺牧場,ディープインパクト,ジェニサ,"Storm Cat",鹿毛,190311,    3.2,  ,    ,51.8
22,07,10,1,函館,10,07,１勝ｸﾗｽ・牝,23,芝,0,2000,良,グランスラムアスク,牝,3,古川奈穂,49.0,8,04,3,3,0,0.3,2,122,"2020",0,1,1,1,1,36.5,448,矢作芳人,栗,190,19101629,01190,01075,02221A0704,廣崎利洋HD,下河辺牧場,ディープインパクト,ジェニサ,"Storm Cat",鹿毛,190311,    3.1,  ,    ,50.4
22,05,01,2,東京,4,11,スイート(L),115,芝,0,1800,稍,グランスラムアスク,牝,3,古川奈穂,54.0,10,02,5,5,0,1.1,5,110,"1500",0,0,1,1,1,37.8,446,矢作芳人,栗,200,19101629,01190,01075,0522241102,廣崎利洋HD,下河辺牧場,ディープインパクト,ジェニサ,"Storm Cat",鹿毛,190311,    9.0,  ,    ,45.5
22,04,10,2,阪神,6,09,忘れな草(L),115,芝,0,2000,良,グランスラムアスク,牝,3,古川奈穂,54.0,8,04,3,3,0,0.7,7,121,"2010",0,1,1,1,1,35.1,448,矢作芳人,栗,500,19101629,01190,01075,0922260904,廣崎利洋HD,下河辺牧場,ディープインパクト,ジェニサ,"Storm Cat",鹿毛,190311,   50.0,  ,    ,54.9
22,03,12,1,阪神,9,06,１勝ｸﾗｽ*,23,芝,8,1600,良,グランスラムアスク,牝,3,古川奈穂,50.0,9,05,6,6,0,0.9,5,94.7,"1347",0,0,0,4,4,34.6,452,矢作芳人,栗,0,19101629,01190,01075,0922190605,廣崎利洋HD,下河辺牧場,ディープインパクト,ジェニサ,"Storm Cat",鹿毛,190311,   23.3,  ,    ,54.2
21,11,21,5,東京,6,03,未勝利・牝*,7,芝,0,1800,良,グランスラムアスク,牝,2,古川奈穂,50.0,15,09,1,1,0,-0.1,4,110.5,"1505",0,0,1,1,1,34.7,458,矢作芳人,栗,510,19101629,01190,01075,0521560309,廣崎利洋HD,下河辺牧場,ディープインパクト,ジェニサ,"Storm Cat",鹿毛,190311,    7.9,  ,    ,59.2
21,11,06,5,阪神,1,03,未勝利*,7,芝,8,1600,良,グランスラムアスク,牝,2,古川奈穂,50.0,17,17,6,6,0,0.8,6,95.1,"1351",0,0,0,3,2,35.6,464,矢作芳人,栗,0,19101629,01190,01075,0921510317,廣崎利洋HD,下河辺牧場,ディープインパクト,ジェニサ,"Storm Cat",鹿毛,190311,   21.5,  ,    ,50.3
21,08,22,4,小倉,4,02,未勝利*,7,芝,0,1800,稍,グランスラムアスク,牝,2,斎藤新,53.0,16,04,8,8,0,0.7,6,110.9,"1509",0,8,8,12,8,36,456,矢作芳人,栗,0,19101629,01178,01075,1021440204,廣崎利洋HD,下河辺牧場,ディープインパクト,ジェニサ,"Storm Cat",鹿毛,190311,   26.3,  ,    ,54.0
21,08,01,3,新潟,4,06,新馬・牝,15,芝,8,1600,良,グランスラムアスク,牝,2,川須栄彦,54.0,18,02,5,5,0,1.5,2,96.9,"1369",0,0,0,12,12,34.4,470,矢作芳人,栗,70,19101629,01128,01075,0421340602,廣崎利洋HD,下河辺牧場,ディープインパクト,ジェニサ,"Storm Cat",鹿毛,190311,    4.3,  ,    ,59.0
24,05,18,2,東京,9,11,メイＳＨ,131,芝,0,1800,良,コスモカレンドゥラ,牡,8,柴田大知,54.0,16,06,12,12,0,1.4,16,106.5,"1465",0,0,10,10,10,34.2,472,粕谷昌央,美,0,16100763,01009,01096,0524291106,ビッグレッドファーム,ビッグレッドファーム,ノヴェリスト,ミルルーテウス,アグネスタキオン,栗毛,160407,  224.9,  ,    ,55.7
24,03,03,1,阪神,4,11,大阪城Ｈ(L),115,芝,8,1800,良,コスモカレンドゥラ,牡,8,国分優作,55.0,15,10,14,14,0,1.5,15,106.9,"1469",0,0,0,8,9,35.6,470,田中博康,美,0,16100763,01125,01162,0924141110,ビッグレッドファーム,ビッグレッドファーム,ノヴェリスト,ミルルーテウス,アグネスタキオン,栗毛,160407,  349.0,  ,    ,50.1
24,02,04,1,小倉,8,11,小倉日経,131,芝,0,2000,重,コスモカレンドゥラ,牡,8,丹内祐次,58.0,9,01,9,9,0,2.8,7,126.9,"2069",0,2,2,7,9,40,474,田中博康,美,0,16100763,01091,01162,1024181101,ビッグレッドファーム,ビッグレッドファーム,ノヴェリスト,ミルルーテウス,アグネスタキオン,栗毛,160407,   25.3,  ,    ,43.1
23,01,05,1,中山,1,11,中山金杯ＨG3,163,芝,0,2000,良,コスモカレンドゥラ,牡,7,柴田大知,56.0,17,10,15,15,0,1.2,15,121.4,"2014",0,3,3,2,4,37,474,田中博康,美,0,16100763,01009,01162,0623111110,ビッグレッドファーム,ビッグレッドファーム,ノヴェリスト,ミルルーテウス,アグネスタキオン,栗毛,160407,   99.5,  ,    ,47.8
22,12,18,5,中山,6,11,ディセン(L),115,芝,0,1800,稍,コスモカレンドゥラ,牡,6,石川裕紀,57.0,16,16,9,9,0,0.8,12,109.2,"1492",0,3,3,3,4,37.4,470,田中博康,美,0,16100763,01150,01162,0622561116,ビッグレッドファーム,ビッグレッドファーム,ノヴェリスト,ミルルーテウス,アグネスタキオン,栗毛,160407,   63.6,  ,    ,46.0
22,11,13,3,福島,4,11,福島記念ＨG3,163,芝,0,2000,良,コスモカレンドゥラ,牡,6,丸山元気,55.0,16,05,11,11,0,1,11,121.2,"2012",0,5,5,5,5,36.7,468,田中博康,美,0,16100763,01127,01162,0322341105,ビッグレッドファーム,ビッグレッドファーム,ノヴェリスト,ミルルーテウス,アグネスタキオン,栗毛,160407,   24.9,  ,    ,48.7
22,09,17,5,中京,3,11,ケフェウＨ,131,芝,0,2000,良,コスモカレンドゥラ,牡,6,幸英明,54.0,10,02,1,1,0,-0.2,9,117.6,"1576",0,1,1,1,1,34.6,460,田中博康,美,2400,16100763,00732,01162,0722531102,ビッグレッドファーム,ビッグレッドファーム,ノヴェリスト,ミルルーテウス,アグネスタキオン,栗毛,160407,   29.4,  ,    ,52.8
22,08,28,4,小倉,6,11,小倉日経,131,芝,0,1800,良,コスモカレンドゥラ,牡,6,団野大成,56.0,11,02,6,6,0,0.8,9,106.3,"1463",0,6,6,5,4,34.3,466,田中博康,美,0,16100763,01180,01162,1022461102,ビッグレッドファーム,ビッグレッドファーム,ノヴェリスト,ミルルーテウス,アグネスタキオン,栗毛,160407,   42.5,  ,    ,55.0
22,07,30,2,新潟,1,11,関越Ｓ,131,芝,8,1800,良,コスモカレンドゥラ,牡,6,坂井瑠星,56.0,18,04,9,9,0,0.6,17,105.4,"1454",0,0,0,4,4,34.8,466,田中博康,美,0,16100763,01163,01162,0422211104,ビッグレッドファーム,ビッグレッドファーム,ノヴェリスト,ミルルーテウス,アグネスタキオン,栗毛,160407,  234.9,  ,    ,51.4
22,01,05,1,中山,1,11,中山金杯ＨG3,163,芝,0,2000,良,コスモカレンドゥラ,牡,6,柴田大知,54.0,17,03,17,17,0,1.5,11,121.6,"2016",0,8,9,11,13,36.2,478,田中博康,美,0,16100763,01009,01162,0622111103,ビッグレッドファーム,ビッグレッドファーム,ノヴェリスト,ミルルーテウス,アグネスタキオン,栗毛,160407,   67.6,  ,    ,51.1
21,12,28,6,阪神,9,11,ベテルギ(L),115,ダ,1,1800,良,コスモカレンドゥラ,牡,5,丹内祐次,56.0,16,05,14,14,0,3.5,13,115.2,"1552",0,7,7,7,9,39.8,474,田中博康,美,0,16100763,01091,01162,0921691105,ビッグレッドファーム,ビッグレッドファーム,ノヴェリスト,ミルルーテウス,アグネスタキオン,栗毛,160407,   59.0,  ,    ,44.7
21,11,20,5,阪神,5,11,アンドＨ(L),115,芝,0,2000,良,コスモカレンドゥラ,牡,5,藤井勘一,54.0,16,05,8,8,0,0.9,11,120.7,"2007",0,4,4,4,6,36.1,464,田中博康,美,0,16100763,05525,01162,0921551105,ビッグレッドファーム,ビッグレッドファーム,ノヴェリスト,ミルルーテウス,アグネスタキオン,栗毛,160407,   29.5,  ,    ,50.4
21,10,17,4,東京,4,11,オクトー(L),115,芝,0,2000,稍,コスモカレンドゥラ,牡,5,柴田大知,56.0,18,09,11,11,0,1,12,121,"2010",0,0,12,13,10,35.5,468,田中博康,美,0,16100763,01009,01162,0521441109,ビッグレッドファーム,ビッグレッドファーム,ノヴェリスト,ミルルーテウス,アグネスタキオン,栗毛,160407,   34.3,  ,    ,53.2
21,02,28,2,中山,2,11,中山記念G2,179,芝,0,1800,良,コスモカレンドゥラ,牡,5,柴田大知,56.0,14,02,6,6,0,0.7,12,105.6,"1456",0,11,11,11,11,34.3,468,田中博康,美,0,16100763,01009,01162,0621221102,ビッグレッドファーム,ビッグレッドファーム,ノヴェリスト,ミルルーテウス,アグネスタキオン,栗毛,160407,  147.6,  ,    ,53.9
21,02,07,1,小倉,8,11,関門橋Ｓ,131,芝,0,2000,良,コスモカレンドゥラ,牡,5,丹内祐次,56.0,11,04,3,3,0,0.5,4,120.9,"2009",0,5,5,3,4,37.1,468,田中博康,美,600,16100763,01091,01162,1021181104,ビッグレッドファーム,ビッグレッドファーム,ノヴェリスト,ミルルーテウス,アグネスタキオン,栗毛,160407,    7.8,  ,    ,46.8
20,12,20,5,中山,6,11,ディセン(L),115,芝,0,1800,良,コスモカレンドゥラ,牡,4,柴田大知,56.0,15,05,8,8,0,1.1,6,110.3,"1503",0,13,13,13,12,35.6,474,田中博康,美,0,16100763,01009,01162,0620561105,ビッグレッドファーム,ビッグレッドファーム,ノヴェリスト,ミルルーテウス,アグネスタキオン,栗毛,160407,   13.9,  ,    ,54.9
20,11,21,5,阪神,5,11,アンドＨ(L),115,芝,0,2000,良,コスモカレンドゥラ,牡,4,柴田大知,54.0,15,15,6,6,0,0.5,6,119.3,"1593",0,3,3,2,3,35.8,464,田中博康,美,0,16100763,01009,01162,0920551115,ビッグレッドファーム,ビッグレッドファーム,ノヴェリスト,ミルルーテウス,アグネスタキオン,栗毛,160407,   34.1,  ,    ,50.0
20,11,01,4,京都,8,11,カシオペ(L),115,芝,8,1800,良,コスモカレンドゥラ,牡,4,国分優作,56.0,18,02,7,7,0,0.4,16,106.5,"1465",0,0,0,5,4,34.8,460,田中博康,美,0,16100763,01125,01162,0820481102,ビッグレッドファーム,ビッグレッドファーム,ノヴェリスト,ミルルーテウス,アグネスタキオン,栗毛,160407,   59.6,  ,    ,53.0
20,09,19,4,中山,3,11,レインＨ･3勝,67,芝,0,1800,良,コスモカレンドゥラ,牡,4,柴田大知,55.0,14,10,1,1,0,0,7,108.3,"1483",0,5,3,4,4,35.2,458,田中博康,美,1820,16100763,01009,01162,0620431110,ビッグレッドファーム,ビッグレッドファーム,ノヴェリスト,ミルルーテウス,アグネスタキオン,栗毛,160407,   19.0,  ,    ,53.8
20,08,08,2,新潟,5,11,佐渡Ｓ･3勝,67,芝,8,1800,重,コスモカレンドゥラ,牡,4,柴田大知,57.0,18,04,15,15,0,1.8,5,109.5,"1495",0,0,0,6,7,36.9,452,田中博康,美,0,16100763,01009,01162,0420251104,ビッグレッドファーム,ビッグレッドファーム,ノヴェリスト,ミルルーテウス,アグネスタキオン,栗毛,160407,   11.7,  ,    ,48.4
20,07,18,2,福島,5,11,阿武隈Ｈ･3勝,67,芝,0,2000,稍,コスモカレンドゥラ,牡,4,柴田大知,55.0,16,13,3,3,0,0.1,7,121.9,"2019",0,5,5,4,2,36.4,452,田中博康,美,460,16100763,01009,01162,0320251113,ビッグレッドファーム,ビッグレッドファーム,ノヴェリスト,ミルルーテウス,アグネスタキオン,栗毛,160407,   17.8,  ,    ,50.7
19,12,08,5,中山,4,10,常総Ｓ･3勝,67,芝,0,1800,良,コスモカレンドゥラ,牡,3,武藤雅,56.0,10,04,6,6,0,0.6,5,108.3,"1483",0,5,5,5,4,35.6,456,田中博康,美,0,16100763,01169,01162,0619541004,ビッグレッドファーム,ビッグレッドファーム,ノヴェリスト,ミルルーテウス,アグネスタキオン,栗毛,160407,    8.3,  ,    ,52.1
19,11,17,5,東京,6,12,２勝ｸﾗｽ,43,芝,0,2000,良,コスモカレンドゥラ,牡,3,柴田大知,55.0,9,06,1,1,0,0,2,120,"2000",0,0,5,4,4,33.9,448,田中博康,美,1100,16100763,01009,01162,0519561206,ビッグレッドファーム,ビッグレッドファーム,ノヴェリスト,ミルルーテウス,アグネスタキオン,栗毛,160407,    2.9,  ,    ,58.8
19,10,19,4,東京,6,08,２勝ｸﾗｽ,43,芝,0,2400,重,コスモカレンドゥラ,牡,3,戸崎圭太,54.0,9,08,2,2,0,0.1,3,147.3,"2273",0,2,2,2,2,33.9,450,田中博康,美,440,16100763,05386,01162,0519460808,ビッグレッドファーム,ビッグレッドファーム,ノヴェリスト,ミルルーテウス,アグネスタキオン,栗毛,160407,    5.7,  ,    ,61.5
19,09,28,4,中山,8,10,茨城新聞･2勝,43,芝,0,2000,良,コスモカレンドゥラ,牡,3,戸崎圭太,54.0,15,04,3,3,0,0.2,3,119.5,"1595",0,4,4,4,3,34.7,442,田中博康,美,380,16100763,05386,01162,0619481004,ビッグレッドファーム,ビッグレッドファーム,ノヴェリスト,ミルルーテウス,アグネスタキオン,栗毛,160407,    5.3,  ,    ,54.7
19,04,06,3,中山,5,11,ニュージG2,179,芝,8,1600,良,コスモカレンドゥラ,牡,3,丹内祐次,56.0,15,15,6,6,0,0.6,10,94.8,"1348",0,0,5,3,7,34.1,446,田中博康,美,0,16100763,01091,01162,0619351115,ビッグレッドファーム,ビッグレッドファーム,ノヴェリスト,ミルルーテウス,アグネスタキオン,栗毛,160407,   32.8,  ,    ,56.8
19,03,17,2,中山,8,11,スプリンG2,179,芝,0,1800,良,コスモカレンドゥラ,牡,3,丹内祐次,56.0,16,06,14,14,0,1.4,12,109.2,"1492",0,3,4,4,4,36.7,446,田中博康,美,0,16100763,01091,01162,0619281106,ビッグレッドファーム,ビッグレッドファーム,ノヴェリスト,ミルルーテウス,アグネスタキオン,栗毛,160407,   37.2,  ,    ,48.8
18,12,28,5,中山,9,11,ホープフG1,195,芝,0,2000,良,コスモカレンドゥラ,牡,2,戸崎圭太,55.0,13,13,4,4,0,0.6,8,122.2,"2022",0,1,1,1,1,36.1,444,田中博康,美,1100,16100763,05386,01162,0618591113,ビッグレッドファーム,ビッグレッドファーム,ノヴェリスト,ミルルーテウス,アグネスタキオン,栗毛,160407,   41.6,  ,    ,52.2
18,11,11,5,京都,4,09,黄菊賞500*,23,芝,0,2000,良,コスモカレンドゥラ,牡,2,モレイラ,55.0,7,04,1,1,0,-0.4,3,122.6,"2026",0,2,2,2,1,35,442,田中博康,美,1000,16100763,05509,01162,0818540904,ビッグレッドファーム,ビッグレッドファーム,ノヴェリスト,ミルルーテウス,アグネスタキオン,栗毛,160407,    4.5,  ,    ,57.3
18,10,20,4,東京,6,09,アイビー,131,芝,0,1800,良,コスモカレンドゥラ,牡,2,戸崎圭太,55.0,10,07,2,2,0,0.3,7,108.9,"1489",0,0,2,2,2,33.1,436,田中博康,美,640,16100763,05386,01162,0518460907,ビッグレッドファーム,ビッグレッドファーム,ノヴェリスト,ミルルーテウス,アグネスタキオン,栗毛,160407,   62.6,  ,    ,64.5
18,09,22,4,中山,6,03,未勝利*,7,芝,0,1800,稍,コスモカレンドゥラ,牡,2,戸崎圭太,54.0,12,06,1,1,0,-0.3,2,109.7,"1497",0,3,3,3,2,35.5,436,田中博康,美,500,16100763,05386,01162,0618460306,ビッグレッドファーム,ビッグレッドファーム,ノヴェリスト,ミルルーテウス,アグネスタキオン,栗毛,160407,    3.9,  ,    ,54.5
18,09,02,2,新潟,12,05,新馬,15,芝,8,1800,良,コスモカレンドゥラ,牡,2,嘉藤貴行,54.0,16,04,4,4,0,0.4,12,111.5,"1515",0,0,0,6,5,33.4,438,田中博康,美,110,16100763,01051,01162,04182C0504,ビッグレッドファーム,ビッグレッドファーム,ノヴェリスト,ミルルーテウス,アグネスタキオン,栗毛,160407,  153.4,  ,    ,66.9
24,06,09,3,東京,4,11,エプソムG3,163,芝,0,1800,良,シルトホルン      ,牡,4,吉田豊,57.0,18,10,3,3,0,0.6,7,105.3,"1453",0,0,2,2,2,34.9,470,新開幸一,美,1100,20105424,00733,01116,0524341110,ディアレストクラブ,飛渡牧場,スクリーンヒーロー,シンメイミヤビ,Langfuhr,黒鹿,200513,   12.0,  ,    ,50.9
24,05,18,2,東京,9,11,メイＳＨ,131,芝,0,1800,良,シルトホルン      ,牡,4,大野拓弥,57.0,16,09,3,3,0,0.1,4,105.2,"1452",0,0,1,1,1,34.3,476,新開幸一,美,600,20105424,01096,01116,0524291109,ディアレストクラブ,飛渡牧場,スクリーンヒーロー,シンメイミヤビ,Langfuhr,黒鹿,200513,    7.6,  ,    ,53.4
24,03,24,2,阪神,2,11,六甲Ｓ(L),115,芝,8,1600,重,シルトホルン      ,牡,4,荻野極,57.0,15,02,5,5,0,0.3,6,94.6,"1346",0,0,0,3,2,35.3,470,新開幸一,美,270,20105424,01160,01116,0924221102,ディアレストクラブ,飛渡牧場,スクリーンヒーロー,シンメイミヤビ,Langfuhr,黒鹿,200513,    9.5,  ,    ,50.8
24,03,10,2,中山,6,10,東風Ｓ(L),115,芝,8,1600,良,シルトホルン      ,牡,4,大野拓弥,57.0,14,08,4,4,0,0.5,3,93.9,"1339",0,0,4,4,4,35.6,482,新開幸一,美,410,20105424,01096,01116,0624261008,ディアレストクラブ,飛渡牧場,スクリーンヒーロー,シンメイミヤビ,Langfuhr,黒鹿,200513,    6.7,  ,    ,48.3
24,01,27,1,東京,1,11,白富士Ｓ(L),115,芝,0,2000,良,シルトホルン      ,牡,4,大野拓弥,56.0,12,12,8,8,0,0.9,3,118.1,"1581",0,0,2,2,2,34.9,482,新開幸一,美,0,20105424,01096,01116,0524111112,ディアレストクラブ,飛渡牧場,スクリーンヒーロー,シンメイミヤビ,Langfuhr,黒鹿,200513,   10.3,  ,    ,52.2
23,11,12,3,福島,4,11,福島記念ＨG3,163,芝,0,2000,良,シルトホルン      ,牡,3,大野拓弥,55.0,16,05,6,6,0,0.5,1,121.4,"2014",0,2,2,3,3,37.2,470,新開幸一,美,0,20105424,01096,01116,0323341105,ディアレストクラブ,飛渡牧場,スクリーンヒーロー,シンメイミヤビ,Langfuhr,黒鹿,200513,    4.8,  ,    ,47.0
23,10,15,4,東京,5,11,オクトー(L),115,芝,0,2000,重,シルトホルン      ,牡,3,大野拓弥,55.0,15,08,2,2,0,0.2,2,118.2,"1582",0,0,2,2,2,34.3,462,新開幸一,美,1100,20105424,01096,01116,0523451108,ディアレストクラブ,飛渡牧場,スクリーンヒーロー,シンメイミヤビ,Langfuhr,黒鹿,200513,    5.8,  ,    ,54.8
23,09,18,4,中山,5,11,セントラG2,179,芝,8,2200,良,シルトホルン      ,牡,3,大野拓弥,56.0,15,07,7,7,0,1,8,132.4,"2124",0,5,4,4,4,35.1,460,新開幸一,美,0,20105424,01096,01116,0623451107,ディアレストクラブ,飛渡牧場,スクリーンヒーロー,シンメイミヤビ,Langfuhr,黒鹿,200513,   57.1,  ,    ,54.0
23,07,02,2,福島,2,11,ラジオNIＨG3,163,芝,0,1800,良,シルトホルン      ,牡,3,大野拓弥,54.0,16,07,2,2,0,0.1,4,107,"1470",0,2,2,2,2,35.2,458,新開幸一,美,1600,20105424,01096,01116,0323221107,ディアレストクラブ,飛渡牧場,スクリーンヒーロー,シンメイミヤビ,Langfuhr,黒鹿,200513,   13.7,  ,    ,52.0
23,05,21,2,東京,10,05,１勝ｸﾗｽ*,23,芝,0,1600,良,シルトホルン      ,牡,3,大野拓弥,56.0,11,06,1,1,0,-0.3,2,93.1,"1331",0,0,0,1,1,33.5,458,新開幸一,美,780,20105424,01096,01116,05232A0506,ディアレストクラブ,飛渡牧場,スクリーンヒーロー,シンメイミヤビ,Langfuhr,黒鹿,200513,    3.3,  ,    ,56.7
23,04,29,2,東京,3,06,１勝ｸﾗｽ*,23,芝,0,1600,良,シルトホルン      ,牡,3,大野拓弥,56.0,13,06,2,2,0,0,3,92.3,"1323",0,0,0,3,2,34.4,452,新開幸一,美,310,20105424,01096,01116,0523230606,ディアレストクラブ,飛渡牧場,スクリーンヒーロー,シンメイミヤビ,Langfuhr,黒鹿,200513,    5.6,  ,    ,51.0
23,03,19,2,中山,8,11,スプリンG2,179,芝,0,1800,重,シルトホルン      ,牡,3,菅原明良,56.0,16,08,9,9,0,0.9,10,109.8,"1498",0,2,2,2,2,37.7,454,新開幸一,美,0,20105424,01179,01116,0623281108,ディアレストクラブ,飛渡牧場,スクリーンヒーロー,シンメイミヤビ,Langfuhr,黒鹿,200513,   31.4,  ,    ,45.6
23,02,19,1,東京,8,06,１勝ｸﾗｽ*,23,芝,0,1600,良,シルトホルン      ,牡,3,大野拓弥,56.0,12,02,4,4,0,0.3,5,93.2,"1332",0,0,0,5,4,34.4,460,新開幸一,美,120,20105424,01096,01116,0523180602,ディアレストクラブ,飛渡牧場,スクリーンヒーロー,シンメイミヤビ,Langfuhr,黒鹿,200513,    7.6,  ,    ,52.6
22,12,17,5,中山,5,09,ひいらぎ･1勝,23,芝,8,1600,良,シルトホルン      ,牡,2,大野拓弥,55.0,13,04,2,2,0,0.1,4,94.8,"1348",0,0,1,1,1,35.1,460,新開幸一,美,410,20105424,01096,01116,0622550904,ディアレストクラブ,飛渡牧場,スクリーンヒーロー,シンメイミヤビ,Langfuhr,黒鹿,200513,    6.9,  ,    ,52.1
22,11,19,5,東京,5,11,東京スポG2,179,芝,0,1800,良,シルトホルン      ,牡,2,大野拓弥,55.0,11,02,8,8,0,0.6,7,106.4,"1464",0,0,1,2,1,35.5,458,新開幸一,美,0,20105424,01096,01116,0522551102,ディアレストクラブ,飛渡牧場,スクリーンヒーロー,シンメイミヤビ,Langfuhr,黒鹿,200513,   28.0,  ,    ,49.9
22,10,16,4,東京,5,02,未勝利*,7,芝,0,1800,良,シルトホルン      ,牡,2,大野拓弥,55.0,9,09,1,1,0,-1,4,107.7,"1477",0,0,1,2,2,33.9,450,新開幸一,美,520,20105424,01096,01116,0522450209,ディアレストクラブ,飛渡牧場,スクリーンヒーロー,シンメイミヤビ,Langfuhr,黒鹿,200513,    5.8,  ,    ,58.8
22,08,06,1,札幌,5,01,未勝利*,7,芝,0,1800,良,シルトホルン      ,牡,2,浜中俊,54.0,10,09,7,7,0,1.6,5,110.7,"1507",0,10,10,10,8,35.1,448,新開幸一,美,0,20105424,01115,01116,0122150109,ディアレストクラブ,飛渡牧場,スクリーンヒーロー,シンメイミヤビ,Langfuhr,黒鹿,200513,   22.9,  ,    ,57.7
22,07,17,1,函館,12,05,新馬,15,芝,0,1800,重,シルトホルン      ,牡,2,浜中俊,54.0,11,08,4,4,0,0.9,3,115.1,"1551",0,2,2,2,2,38.2,446,新開幸一,美,110,20105424,01115,01116,02221C0508,ディアレストクラブ,飛渡牧場,スクリーンヒーロー,シンメイミヤビ,Langfuhr,黒鹿,200513,    6.0,  ,    ,50.7
24,06,09,3,東京,4,11,エプソムG3,163,芝,0,1800,良,トゥデイイズザデイ,牡,5,津村明秀,57.0,18,01,10,10,0,0.8,6,105.5,"1455",0,0,4,4,3,34.8,468,池江泰寿,栗,0,19100628,01092,01071,0524341101,前田葉子,ノースヒルズ,ディープインパクト,キトゥンズクイーン,"Kitten's Joy",鹿毛,190408,   10.5,  ,    ,51.6
24,04,28,1,新潟,2,11,谷川岳Ｓ(L),115,芝,8,1600,良,トゥデイイズザデイ,牡,5,荻野極,57.0,15,13,2,2,0,0.2,1,93.8,"1338",0,0,0,5,5,34.4,468,池江泰寿,栗,1100,19100628,01160,01071,0424121113,前田葉子,ノースヒルズ,ディープインパクト,キトゥンズクイーン,"Kitten's Joy",鹿毛,190408,    4.2,  ,    ,53.6
23,07,30,2,新潟,2,10,佐渡Ｓ･3勝,67,芝,8,1800,良,トゥデイイズザデイ,牡,4,津村明秀,58.0,18,14,1,1,0,-0.2,3,105,"1450",0,0,0,2,2,33.4,462,池江泰寿,栗,1840,19100628,01092,01071,0423221014,前田葉子,ノースヒルズ,ディープインパクト,キトゥンズクイーン,"Kitten's Joy",鹿毛,190408,    5.3,  ,    ,57.2
23,06,17,3,阪神,5,10,垂水ＳＨ･3勝,67,芝,8,1800,良,トゥデイイズザデイ,牡,4,松山弘平,56.0,10,06,2,2,0,0,4,104.7,"1447",0,0,0,2,3,33.7,468,池江泰寿,栗,740,19100628,01126,01071,0923351006,前田葉子,ノースヒルズ,ディープインパクト,キトゥンズクイーン,"Kitten's Joy",鹿毛,190408,    5.5,  ,    ,55.3
23,05,14,1,新潟,6,11,弥彦Ｓ･3勝,67,芝,8,1800,良,トゥデイイズザデイ,牡,4,荻野極,58.0,13,06,5,5,0,0.4,1,106.3,"1463",0,0,0,11,11,34.3,460,池江泰寿,栗,184,19100628,01160,01071,0423161106,前田葉子,ノースヒルズ,ディープインパクト,キトゥンズクイーン,"Kitten's Joy",鹿毛,190408,    2.0,  ,    ,55.0
23,03,19,2,中山,8,08,２勝ｸﾗｽ,43,芝,8,1600,重,トゥデイイズザデイ,牡,4,横山武史,58.0,13,10,1,1,0,-0.2,1,95,"1350",0,0,12,11,10,34.8,460,池江泰寿,栗,1140,19100628,01170,01071,0623280810,前田葉子,ノースヒルズ,ディープインパクト,キトゥンズクイーン,"Kitten's Joy",鹿毛,190408,    3.3,  ,    ,53.8
22,11,05,5,阪神,1,12,１勝ｸﾗｽ,23,芝,8,1800,良,トゥデイイズザデイ,牡,3,福永祐一,55.0,12,11,1,1,0,-0.1,1,105.6,"1456",0,0,0,4,2,34.1,468,池江泰寿,栗,770,19100628,01014,01071,0922511211,前田葉子,ノースヒルズ,ディープインパクト,キトゥンズクイーン,"Kitten's Joy",鹿毛,190408,    1.6,  ,    ,54.8
22,10,10,4,阪神,3,09,１勝ｸﾗｽ,23,芝,8,1800,稍,トゥデイイズザデイ,牡,3,岩田望来,55.0,11,07,2,2,0,0.2,1,105.5,"1455",0,0,0,3,3,33.7,464,池江泰寿,栗,310,19100628,01174,01071,0922430907,前田葉子,ノースヒルズ,ディープインパクト,キトゥンズクイーン,"Kitten's Joy",鹿毛,190408,    2.2,  ,    ,56.5
22,07,31,2,新潟,2,09,出雲崎特･1勝,23,芝,8,1800,良,トゥデイイズザデイ,牡,3,福永祐一,54.0,17,04,3,3,0,0.3,2,104.4,"1444",0,0,0,10,10,33.1,454,池江泰寿,栗,270,19100628,01014,01071,0422220904,前田葉子,ノースヒルズ,ディープインパクト,キトゥンズクイーン,"Kitten's Joy",鹿毛,190408,    4.7,  ,    ,57.7
22,02,26,2,中山,1,09,水仙賞･1勝*,23,芝,8,2200,良,トゥデイイズザデイ,牡,3,武豊,56.0,9,03,4,4,0,0.4,2,135.7,"2157",0,6,6,6,6,35.3,454,池江泰寿,栗,150,19100628,00666,01071,0622210903,前田葉子,ノースヒルズ,ディープインパクト,キトゥンズクイーン,"Kitten's Joy",鹿毛,190408,    2.6,  ,    ,56.7
22,01,16,1,中京,6,08,梅花賞･1勝*,23,芝,0,2200,良,トゥデイイズザデイ,牡,3,武豊,56.0,5,02,2,2,0,0,2,135.7,"2157",0,2,2,2,2,34.2,458,池江泰寿,栗,410,19100628,00666,01071,0722160802,前田葉子,ノースヒルズ,ディープインパクト,キトゥンズクイーン,"Kitten's Joy",鹿毛,190408,    2.4,  ,    ,61.3
21,11,27,5,阪神,7,11,京都２歳G3,163,芝,0,2000,良,トゥデイイズザデイ,牡,2,武豊,55.0,10,05,6,6,0,0.8,1,124.1,"2041",0,10,10,9,10,35.6,454,池江泰寿,栗,0,19100628,00666,01071,0921571105,前田葉子,ノースヒルズ,ディープインパクト,キトゥンズクイーン,"Kitten's Joy",鹿毛,190408,    3.2,  ,    ,56.5
21,09,19,5,中京,4,05,新馬,15,芝,0,2000,良,トゥデイイズザデイ,牡,2,武豊,54.0,7,05,1,1,0,-0.2,1,124.8,"2048",0,1,1,1,1,34,456,池江泰寿,栗,700,19100628,00666,01071,0721540505,前田葉子,ノースヒルズ,ディープインパクト,キトゥンズクイーン,"Kitten's Joy",鹿毛,190408,    1.7,  ,    ,64.5
24,01,27,1,東京,1,11,白富士Ｓ(L),115,芝,0,2000,良,ブラックマジック  ,牡,7,吉田豊,57.0,12,05,6,6,0,0.7,12,117.9,"1579",0,0,6,5,6,34.2,466,戸田博文,美,0,17105460,00733,01054,0524111105,窪田芳郎,ノーザンファーム,ディープインパクト,ナイトマジック,Sholokhov,青鹿,170429,  283.4,  ,    ,54.9
24,01,13,1,中山,4,11,ニューイ(L),115,芝,8,1600,良,ブラックマジック  ,牡,7,吉田豊,57.0,16,05,12,12,0,0.8,16,93.1,"1331",0,0,7,9,7,34.6,468,戸田博文,美,0,17105460,00733,01054,0624141105,窪田芳郎,ノーザンファーム,ディープインパクト,ナイトマジック,Sholokhov,青鹿,170429,  301.7,  ,    ,51.4
23,01,22,1,中山,8,11,アメリカG2,179,芝,8,2200,良,ブラックマジック  ,牡,6,三浦皇成,57.0,14,03,10,10,0,1.3,11,134.8,"2148",0,8,8,8,8,35.9,460,戸田博文,美,0,17105460,01122,01054,0623181103,窪田芳郎,ノーザンファーム,ディープインパクト,ナイトマジック,Sholokhov,青鹿,170429,   66.2,  ,    ,53.3
22,11,19,5,阪神,5,11,アンドＨ(L),115,芝,0,2000,良,ブラックマジック  ,牡,5,武豊,54.0,11,01,6,6,0,0.7,4,120,"2000",0,5,5,4,5,35.6,454,戸田博文,美,0,17105460,00666,01054,0922551101,窪田芳郎,ノーザンファーム,ディープインパクト,ナイトマジック,Sholokhov,青鹿,170429,    9.6,  ,    ,51.6
22,10,30,4,阪神,9,11,カシオペ(L),115,芝,8,1800,良,ブラックマジック  ,牡,5,北村友一,56.0,15,03,7,7,0,0.4,11,106.5,"1465",0,0,0,4,3,33.8,454,戸田博文,美,0,17105460,01102,01054,0922491103,窪田芳郎,ノーザンファーム,ディープインパクト,ナイトマジック,Sholokhov,青鹿,170429,   34.2,  ,    ,57.5
21,09,18,5,中京,3,11,ケフェウＨ,131,芝,0,2000,重,ブラックマジック  ,牡,4,福永祐一,54.0,13,11,4,4,0,0.3,7,121.5,"2015",0,7,8,6,4,34.3,444,戸田博文,美,360,17105460,01014,01054,0721531111,窪田芳郎,ノーザンファーム,ディープインパクト,ナイトマジック,Sholokhov,青鹿,170429,   13.1,  ,    ,59.0
21,07,11,1,福島,4,11,七夕賞ＨG3,163,芝,0,2000,稍,ブラックマジック  ,牡,4,石橋脩,54.0,16,05,8,8,0,0.5,3,122.7,"2027",0,3,3,3,3,37.4,446,戸田博文,美,0,17105460,01077,01054,0321141105,窪田芳郎,ノーザンファーム,ディープインパクト,ナイトマジック,Sholokhov,青鹿,170429,    7.5,  ,    ,47.7
21,02,20,1,東京,7,11,ダイヤモＨG3,163,芝,0,3400,良,ブラックマジック  ,牡,4,石橋脩,54.0,16,06,11,11,0,2.3,4,213.5,"3335",0,1,1,1,2,37.4,450,戸田博文,美,0,17105460,01077,01054,0521171106,窪田芳郎,ノーザンファーム,ディープインパクト,ナイトマジック,Sholokhov,青鹿,170429,   12.4,  ,    ,50.9
21,01,11,1,中山,4,10,迎春Ｓ･3勝,67,芝,8,2200,良,ブラックマジック  ,牡,4,石橋脩,56.0,16,02,1,1,0,-0.1,5,136.7,"2167",0,3,3,1,1,35.1,450,戸田博文,美,1820,17105460,01077,01054,0621141002,窪田芳郎,ノーザンファーム,ディープインパクト,ナイトマジック,Sholokhov,青鹿,170429,    9.5,  ,    ,58.5
20,12,26,5,中山,7,12,グレイＨ･3勝,67,芝,0,2500,良,ブラックマジック  ,牡,3,石橋脩,54.0,14,02,3,3,0,0.4,5,157.8,"2378",0,3,3,2,2,35.5,452,戸田博文,美,460,17105460,01077,01054,0620571202,窪田芳郎,ノーザンファーム,ディープインパクト,ナイトマジック,Sholokhov,青鹿,170429,   10.5,  ,    ,58.8
20,11,22,5,東京,6,10,南武特別･2勝,43,芝,0,2400,良,ブラックマジック  ,牡,3,和田竜二,55.0,11,10,1,1,0,-0.2,3,146.4,"2264",0,2,2,2,2,35,446,戸田博文,美,1500,17105460,01018,01054,0520561010,窪田芳郎,ノーザンファーム,ディープインパクト,ナイトマジック,Sholokhov,青鹿,170429,    4.6,  ,    ,56.1
20,10,17,4,東京,3,08,２勝ｸﾗｽ,43,芝,0,2400,重,ブラックマジック  ,牡,3,石橋脩,54.0,9,05,2,2,0,0.3,4,149.3,"2293",0,3,3,4,2,36.5,444,戸田博文,美,440,17105460,01077,01054,0520430805,窪田芳郎,ノーザンファーム,ディープインパクト,ナイトマジック,Sholokhov,青鹿,170429,    6.2,  ,    ,53.0
20,06,20,3,東京,5,09,町田特別･2勝,43,芝,0,2400,稍,ブラックマジック  ,牡,3,福永祐一,53.0,14,05,8,8,0,0.7,2,147.1,"2271",0,2,2,2,2,36,438,戸田博文,美,0,17105460,01014,01054,0520350905,窪田芳郎,ノーザンファーム,ディープインパクト,ナイトマジック,Sholokhov,青鹿,170429,    4.2,  ,    ,52.9
20,04,25,2,東京,1,09,新緑賞･1勝*,23,芝,0,2300,良,ブラックマジック  ,牡,3,ヒューイ,56.0,8,03,1,1,0,-0.1,5,141.3,"2213",0,1,1,1,1,34,440,戸田博文,美,1010,17105460,05596,01054,0520210903,窪田芳郎,ノーザンファーム,ディープインパクト,ナイトマジック,Sholokhov,青鹿,170429,   14.5,  ,    ,61.4
20,04,18,3,中山,7,09,山藤賞･1勝*,23,芝,0,2000,不,ブラックマジック  ,牡,3,ヒューイ,56.0,9,02,0,0,1,999.9,0,0,"----",0,0,0,0,0,0,0,戸田博文,美,0,17105460,05596,01054,0620370902,窪田芳郎,ノーザンファーム,ディープインパクト,ナイトマジック,Sholokhov,青鹿,170429,    0.0,  ,    , 0.0
20,01,11,1,中山,3,05,未勝利,7,芝,8,2200,良,ブラックマジック  ,牡,3,マーフィ,56.0,16,01,1,1,0,-0.5,1,135.4,"2154",0,2,2,2,2,35.2,440,戸田博文,美,510,17105460,05575,01054,0620130501,窪田芳郎,ノーザンファーム,ディープインパクト,ナイトマジック,Sholokhov,青鹿,170429,    2.7,  ,    ,56.7
19,12,21,5,中山,7,03,未勝利*,7,芝,0,2000,良,ブラックマジック  ,牡,2,マーフィ,55.0,18,15,2,2,0,0.7,4,122.9,"2029",0,6,6,4,5,36.1,440,戸田博文,美,200,17105460,05575,01054,0619570315,窪田芳郎,ノーザンファーム,ディープインパクト,ナイトマジック,Sholokhov,青鹿,170429,    7.8,  ,    ,53.0
19,11,16,5,東京,5,02,未勝利*,7,芝,0,2000,良,ブラックマジック  ,牡,2,川田将雅,55.0,16,03,6,6,0,1.2,5,120.7,"2007",0,0,4,3,3,35.9,436,戸田博文,美,0,17105460,01088,01054,0519550203,窪田芳郎,ノーザンファーム,ディープインパクト,ナイトマジック,Sholokhov,青鹿,170429,    8.5,  ,    ,51.2
19,10,27,4,東京,9,05,新馬,15,芝,0,1800,良,ブラックマジック  ,牡,2,福永祐一,55.0,14,02,5,5,0,0.3,3,111.2,"1512",0,0,5,4,3,34,434,戸田博文,美,70,17105460,01014,01054,0519490502,窪田芳郎,ノーザンファーム,ディープインパクト,ナイトマジック,Sholokhov,青鹿,170429,    8.0,  ,    ,63.5
24,06,23,3,東京,8,11,パラダＨ(L),115,芝,0,1400,稍,カルリーノ        ,牡,8,吉田豊,52.0,16,15,16,16,0,1.7,15,82.8,"1228",0,0,0,14,14,34.4,520,矢嶋大樹,美,0,16101865,00733,01202,0524381115,Gリビエール・レーシング,松栄牧場,マツリダゴッホ,アイリスモレア,ショウナンカンプ,鹿毛,160516,  174.8,  ,    ,55.5
24,05,18,2,東京,9,11,メイＳＨ,131,芝,0,1800,良,カルリーノ        ,牡,8,原優介,53.0,16,04,15,15,0,1.8,15,106.9,"1469",0,0,15,14,14,34.2,522,矢嶋大樹,美,0,16101865,01184,01202,0524291104,Gリビエール・レーシング,松栄牧場,マツリダゴッホ,アイリスモレア,ショウナンカンプ,鹿毛,160516,  170.5,  ,    ,56.3
24,04,14,1,福島,4,11,福島民Ｈ(L),115,芝,0,2000,良,カルリーノ        ,牡,8,小林勝太,53.0,16,15,11,11,0,0.9,15,119.8,"1598",0,13,14,11,11,35.3,526,矢嶋大樹,美,0,16101865,01205,01202,0324141115,Gリビエール・レーシング,松栄牧場,マツリダゴッホ,アイリスモレア,ショウナンカンプ,鹿毛,160516,  159.0,  ,    ,52.6
24,03,10,2,中山,6,10,東風Ｓ(L),115,芝,8,1600,良,カルリーノ        ,牡,8,武藤雅,57.0,14,05,8,8,0,0.9,12,94.3,"1343",0,0,13,13,13,34.6,528,矢嶋大樹,美,0,16101865,01169,01202,0624261005,Gリビエール・レーシング,松栄牧場,マツリダゴッホ,アイリスモレア,ショウナンカンプ,鹿毛,160516,  163.5,  ,    ,53.5
24,01,13,1,中山,4,11,ニューイ(L),115,芝,8,1600,良,カルリーノ        ,牡,8,原優介,57.0,16,15,10,10,0,0.7,15,93,"1330",0,0,16,15,15,33.6,526,高橋裕,美,0,16101865,01184,00412,0624141115,Gリビエール・レーシング,松栄牧場,マツリダゴッホ,アイリスモレア,ショウナンカンプ,鹿毛,160516,  280.1,  ,    ,56.1
23,12,09,5,阪神,3,11,リゲルＳ(L),115,芝,8,1600,良,カルリーノ        ,牡,7,角田大河,57.0,13,11,12,12,0,1.2,11,94.2,"1342",0,0,0,10,9,33.9,510,高橋裕,美,0,16101865,01199,00412,0923531111,Gリビエール・レーシング,松栄牧場,マツリダゴッホ,アイリスモレア,ショウナンカンプ,鹿毛,160516,  215.4,  ,    ,56.7
23,11,12,5,東京,4,11,オーロＨ(L),115,芝,0,1400,良,カルリーノ        ,牡,7,江田照男,53.0,18,12,18,18,0,1.2,13,81.8,"1218",0,0,0,18,18,33.7,522,高橋裕,美,0,16101865,00689,00412,0523541112,Gリビエール・レーシング,松栄牧場,マツリダゴッホ,アイリスモレア,ショウナンカンプ,鹿毛,160516,   32.4,  ,    ,57.0
23,10,15,4,新潟,2,11,信越ＳＨ(L),115,芝,0,1400,稍,カルリーノ        ,牡,7,佐々木大,53.0,15,11,9,9,0,0.6,11,81.2,"1212",0,0,0,9,9,34.4,506,高橋裕,美,0,16101865,01197,00412,0423421111,Gリビエール・レーシング,松栄牧場,マツリダゴッホ,アイリスモレア,ショウナンカンプ,鹿毛,160516,   34.3,  ,    ,52.0
23,06,25,3,東京,8,11,パラダＨ(L),115,芝,0,1400,良,カルリーノ        ,牡,7,石川裕紀,53.0,15,15,5,5,0,0.4,15,81,"1210",0,0,0,11,12,32.5,510,高橋裕,美,270,16101865,01150,00412,0523381115,Gリビエール・レーシング,松栄牧場,マツリダゴッホ,アイリスモレア,ショウナンカンプ,鹿毛,160516,   73.4,  ,    ,61.9
23,05,13,2,東京,7,11,京王杯スG2,179,芝,0,1400,良,カルリーノ        ,牡,7,田辺裕信,57.0,18,07,16,16,0,1.3,13,81.6,"1216",0,0,0,18,17,33.1,516,高橋裕,美,0,16101865,01075,00412,0523271107,Gリビエール・レーシング,松栄牧場,マツリダゴッホ,アイリスモレア,ショウナンカンプ,鹿毛,160516,  107.7,  ,    ,59.9
23,04,22,2,東京,1,10,晩春ＳＨ･3勝,67,芝,0,1400,良,カルリーノ        ,牡,7,田辺裕信,54.0,18,07,1,1,0,0,15,80.2,"1202",0,0,0,15,15,33.3,516,高橋裕,美,1840,16101865,01075,00412,0523211007,Gリビエール・レーシング,松栄牧場,マツリダゴッホ,アイリスモレア,ショウナンカンプ,鹿毛,160516,  129.3,  ,    ,55.6
23,03,19,2,中山,8,09,スピカＳ･3勝,67,芝,0,1800,重,カルリーノ        ,牡,7,岩田康誠,58.0,16,02,7,7,0,0.7,15,109.3,"1493",0,11,11,11,11,36,520,高橋裕,美,0,16101865,05203,00412,0623280902,Gリビエール・レーシング,松栄牧場,マツリダゴッホ,アイリスモレア,ショウナンカンプ,鹿毛,160516,  449.0,  ,    ,51.8
23,02,11,1,東京,5,10,雲雀ＳＨ･3勝,67,芝,0,1400,稍,カルリーノ        ,牡,7,石川裕紀,54.0,15,09,14,14,0,1.3,15,81.9,"1219",0,0,0,15,15,34.2,522,高橋裕,美,0,16101865,01150,00412,0523151009,Gリビエール・レーシング,松栄牧場,マツリダゴッホ,アイリスモレア,ショウナンカンプ,鹿毛,160516,  183.1,  ,    ,54.6
23,01,21,1,中山,7,11,初富士Ｈ･3勝,67,芝,0,2000,稍,カルリーノ        ,牡,7,石川裕紀,54.0,14,01,13,13,0,1.5,12,122.5,"2025",0,8,10,10,10,36.5,520,高橋裕,美,0,16101865,01150,00412,0623171101,Gリビエール・レーシング,松栄牧場,マツリダゴッホ,アイリスモレア,ショウナンカンプ,鹿毛,160516,  149.0,  ,    ,51.0
22,12,28,5,中山,9,12,カウント･3勝,67,芝,8,1600,良,カルリーノ        ,牡,6,石川裕紀,57.0,16,12,7,7,0,0.4,15,95.1,"1351",0,0,16,16,12,34.6,520,高橋裕,美,0,16101865,01150,00412,0622591212,Gリビエール・レーシング,松栄牧場,マツリダゴッホ,アイリスモレア,ショウナンカンプ,鹿毛,160516,  254.1,  ,    ,54.9
22,11,12,5,東京,3,10,奥多摩Ｈ･3勝,67,芝,0,1400,良,カルリーノ        ,牡,6,石川裕紀,54.0,16,04,14,14,0,1.1,14,81.9,"1219",0,0,0,16,15,33.6,516,高橋裕,美,0,16101865,01150,00412,0522531004,Gリビエール・レーシング,松栄牧場,マツリダゴッホ,アイリスモレア,ショウナンカンプ,鹿毛,160516,  124.8,  ,    ,57.8
22,10,15,4,東京,4,10,白秋Ｓ･3勝,67,芝,0,1400,良,カルリーノ        ,牡,6,大野拓弥,57.0,18,06,15,15,0,1.1,13,81.9,"1219",0,0,0,17,17,33.5,516,高橋裕,美,0,16101865,01096,00412,0522441006,Gリビエール・レーシング,松栄牧場,マツリダゴッホ,アイリスモレア,ショウナンカンプ,鹿毛,160516,  103.4,  ,    ,58.4
22,06,19,3,東京,6,10,多摩川Ｈ･3勝,67,芝,0,1400,良,カルリーノ        ,牡,6,三浦皇成,54.0,10,10,6,6,0,0.7,9,81.1,"1211",0,0,0,10,9,33,514,高橋裕,美,0,16101865,01122,00412,0522361010,Gリビエール・レーシング,松栄牧場,マツリダゴッホ,アイリスモレア,ショウナンカンプ,鹿毛,160516,   59.7,  ,    ,59.3
22,05,22,2,東京,10,10,フリーウ･3勝,67,芝,0,1400,良,カルリーノ        ,牡,6,石川裕紀,57.0,17,15,13,13,0,1.1,11,82,"1220",0,0,0,16,15,33.9,518,高橋裕,美,0,16101865,01150,00412,05222A1015,Gリビエール・レーシング,松栄牧場,マツリダゴッホ,アイリスモレア,ショウナンカンプ,鹿毛,160516,   75.3,  ,    ,56.4
22,04,24,2,東京,2,10,鎌倉Ｓ･3勝,67,ダ,1,1400,稍,カルリーノ        ,牡,6,福永祐一,57.0,16,07,13,13,0,2.6,7,85.4,"1254",0,0,0,13,13,36.6,516,高橋裕,美,0,16101865,01014,00412,0522221007,Gリビエール・レーシング,松栄牧場,マツリダゴッホ,アイリスモレア,ショウナンカンプ,鹿毛,160516,   29.3,  ,    ,50.0
22,02,26,2,中山,1,11,幕張Ｓ･3勝,67,芝,8,1600,良,カルリーノ        ,牡,6,石川裕紀,57.0,11,09,10,10,0,1.4,7,95.5,"1355",0,0,8,6,6,34.8,522,高橋裕,美,0,16101865,01150,00412,0622211109,Gリビエール・レーシング,松栄牧場,マツリダゴッホ,アイリスモレア,ショウナンカンプ,鹿毛,160516,   36.9,  ,    ,54.7
22,02,12,1,東京,5,10,雲雀ＳＨ･3勝,67,芝,0,1400,良,カルリーノ        ,牡,6,石川裕紀,54.0,13,06,3,3,0,0.2,9,81.3,"1213",0,0,0,11,10,33.8,524,高橋裕,美,460,16101865,01150,00412,0522151006,Gリビエール・レーシング,松栄牧場,マツリダゴッホ,アイリスモレア,ショウナンカンプ,鹿毛,160516,   33.7,  ,    ,55.4
22,01,09,1,中京,3,10,新春Ｓ･3勝,67,芝,0,1400,良,カルリーノ        ,牡,6,荻野極,57.0,16,10,12,12,0,1.7,12,81.3,"1213",0,0,0,11,11,35.3,518,高橋裕,美,0,16101865,01160,00412,0722131010,Gリビエール・レーシング,松栄牧場,マツリダゴッホ,アイリスモレア,ショウナンカンプ,鹿毛,160516,   70.0,  ,    ,47.7
21,12,19,6,阪神,6,12,御影ＳＨ･3勝,67,ダ,1,1400,稍,カルリーノ        ,牡,5,戸崎圭太,54.0,16,10,6,6,0,1,6,83.5,"1235",0,0,0,8,8,36.8,514,高橋裕,美,0,16101865,05386,00412,0921661210,Gリビエール・レーシング,松栄牧場,マツリダゴッホ,アイリスモレア,ショウナンカンプ,鹿毛,160516,   14.3,  ,    ,45.2
21,11,13,5,東京,3,10,奥多摩Ｈ･3勝,67,芝,0,1400,良,カルリーノ        ,牡,5,石川裕紀,54.0,18,18,5,5,0,0.4,8,81.8,"1218",0,0,0,6,6,33.8,518,高橋裕,美,182,16101865,01150,00412,0521531018,Gリビエール・レーシング,松栄牧場,マツリダゴッホ,アイリスモレア,ショウナンカンプ,鹿毛,160516,   16.2,  ,    ,56.5
21,10,16,4,東京,3,10,白秋Ｓ･3勝,67,芝,0,1400,良,カルリーノ        ,牡,5,石川裕紀,57.0,18,03,7,7,0,0.5,12,80.8,"1208",0,0,0,16,16,33.9,516,高橋裕,美,0,16101865,01150,00412,0521431003,Gリビエール・レーシング,松栄牧場,マツリダゴッホ,アイリスモレア,ショウナンカンプ,鹿毛,160516,   46.7,  ,    ,53.8
21,10,02,4,中山,8,11,秋風ＳＨ･3勝,67,芝,8,1600,良,カルリーノ        ,牡,5,石川裕紀,54.0,13,09,8,8,0,0.5,7,94.8,"1348",0,0,9,11,12,34.3,514,高橋裕,美,0,16101865,01150,00412,0621481109,Gリビエール・レーシング,松栄牧場,マツリダゴッホ,アイリスモレア,ショウナンカンプ,鹿毛,160516,   15.5,  ,    ,55.8
21,09,04,2,札幌,7,12,日高Ｓ･3勝,67,芝,0,1500,良,カルリーノ        ,牡,5,勝浦正樹,57.0,14,11,5,5,0,0.3,6,88.9,"1289",0,0,12,12,13,35.2,514,高橋裕,美,182,16101865,01025,00412,0121271211,Gリビエール・レーシング,松栄牧場,マツリダゴッホ,アイリスモレア,ショウナンカンプ,鹿毛,160516,   17.8,  ,    ,51.7
21,06,20,3,東京,6,10,多摩川Ｓ･3勝,67,芝,0,1400,良,カルリーノ        ,牡,5,北村宏司,57.0,16,16,14,14,0,1.1,6,81.5,"1215",0,0,0,14,14,33.9,526,高橋裕,美,0,16101865,01043,00412,0521361016,Gリビエール・レーシング,松栄牧場,マツリダゴッホ,アイリスモレア,ショウナンカンプ,鹿毛,160516,   12.7,  ,    ,55.3
21,05,23,2,東京,10,10,フリーウ･3勝,67,芝,0,1400,良,カルリーノ        ,牡,5,三浦皇成,57.0,18,09,9,9,0,0.3,6,80.6,"1206",0,0,0,13,11,34,520,高橋裕,美,0,16101865,01122,00412,05212A1009,Gリビエール・レーシング,松栄牧場,マツリダゴッホ,アイリスモレア,ショウナンカンプ,鹿毛,160516,   16.1,  ,    ,52.8
21,05,09,2,東京,6,09,湘南Ｓ･3勝,67,芝,0,1600,良,カルリーノ        ,牡,5,石川裕紀,57.0,18,17,3,3,0,0.3,13,92.3,"1323",0,0,0,14,10,34.8,522,高橋裕,美,460,16101865,01150,00412,0521260917,Gリビエール・レーシング,松栄牧場,マツリダゴッホ,アイリスモレア,ショウナンカンプ,鹿毛,160516,   75.0,  ,    ,49.1
21,04,24,2,東京,1,10,晩春ＳＨ･3勝,67,芝,0,1400,良,カルリーノ        ,牡,5,石川裕紀,54.0,17,03,5,5,0,0.2,13,80,"1200",0,0,0,14,14,33.1,524,高橋裕,美,182,16101865,01150,00412,0521211003,Gリビエール・レーシング,松栄牧場,マツリダゴッホ,アイリスモレア,ショウナンカンプ,鹿毛,160516,   40.6,  ,    ,56.3
21,02,13,1,東京,5,10,雲雀ＳＨ･3勝,67,芝,0,1400,良,カルリーノ        ,牡,5,江田照男,55.0,16,04,10,10,0,0.6,10,82.3,"1223",0,0,0,8,7,34.2,522,高橋裕,美,0,16101865,00689,00412,0521151004,Gリビエール・レーシング,松栄牧場,マツリダゴッホ,アイリスモレア,ショウナンカンプ,鹿毛,160516,   21.5,  ,    ,55.5
21,01,10,1,中山,3,10,若潮ＳＨ･3勝,67,芝,8,1600,良,カルリーノ        ,牡,5,勝浦正樹,55.0,16,06,10,10,0,1,13,93.9,"1339",0,0,11,8,8,35.5,524,高橋裕,美,0,16101865,01025,00412,0621131006,Gリビエール・レーシング,松栄牧場,マツリダゴッホ,アイリスモレア,ショウナンカンプ,鹿毛,160516,   41.3,  ,    ,48.7
20,12,20,6,阪神,6,09,サンタＨ･3勝,67,芝,8,1600,良,カルリーノ        ,牡,4,戸崎圭太,55.0,18,10,10,10,0,0.7,12,93.3,"1333",0,0,0,12,11,33.9,516,高橋裕,美,0,16101865,05386,00412,0920660910,Gリビエール・レーシング,松栄牧場,マツリダゴッホ,アイリスモレア,ショウナンカンプ,鹿毛,160516,   33.9,  ,    ,55.1
20,11,21,5,東京,5,11,奥多摩Ｓ･3勝,67,芝,0,1400,良,カルリーノ        ,牡,4,三浦皇成,57.0,18,03,9,9,0,0.5,3,82.2,"1222",0,0,0,8,8,33.9,510,高橋裕,美,0,16101865,01122,00412,0520551103,Gリビエール・レーシング,松栄牧場,マツリダゴッホ,アイリスモレア,ショウナンカンプ,鹿毛,160516,    5.5,  ,    ,56.9
20,10,17,4,東京,3,10,白秋Ｓ･3勝,67,芝,0,1400,重,カルリーノ        ,牡,4,三浦皇成,57.0,18,08,8,8,0,0.8,3,83.9,"1239",0,0,0,11,11,36,514,高橋裕,美,0,16101865,01122,00412,0520431008,Gリビエール・レーシング,松栄牧場,マツリダゴッホ,アイリスモレア,ショウナンカンプ,鹿毛,160516,    6.0,  ,    ,49.8
20,05,24,2,東京,10,10,フリーＨ･3勝,67,芝,0,1400,良,カルリーノ        ,牡,4,レーン,55.0,14,08,2,2,0,0.1,4,79.8,"1198",0,0,0,9,10,33.2,508,高橋裕,美,730,16101865,05585,00412,05202A1008,Gリビエール・レーシング,松栄牧場,マツリダゴッホ,アイリスモレア,ショウナンカンプ,鹿毛,160516,    6.8,  ,    ,55.3
20,05,09,2,東京,5,08,２勝ｸﾗｽ,43,芝,0,1400,良,カルリーノ        ,牡,4,ルメール,57.0,13,01,1,1,0,-0.1,1,80.4,"1204",0,0,0,5,4,33.6,510,高橋裕,美,1100,16101865,05339,00412,0520250801,Gリビエール・レーシング,松栄牧場,マツリダゴッホ,アイリスモレア,ショウナンカンプ,鹿毛,160516,    2.4,  ,    ,54.5
20,04,05,3,中山,4,10,浅草特別･2勝,43,芝,8,1600,稍,カルリーノ        ,牡,4,三浦皇成,57.0,12,07,4,4,0,0.5,4,95.8,"1358",0,0,7,5,5,34.7,514,高橋裕,美,230,16101865,01122,00412,0620341007,Gリビエール・レーシング,松栄牧場,マツリダゴッホ,アイリスモレア,ショウナンカンプ,鹿毛,160516,    9.2,  ,    ,55.6
20,03,08,2,中山,4,12,２勝ｸﾗｽ,43,芝,8,1600,重,カルリーノ        ,牡,4,三浦皇成,57.0,13,04,4,4,0,0.6,5,96.1,"1361",0,0,8,7,7,35.8,514,高橋裕,美,170,16101865,01122,00412,0620241204,Gリビエール・レーシング,松栄牧場,マツリダゴッホ,アイリスモレア,ショウナンカンプ,鹿毛,160516,    8.7,  ,    ,51.1
20,02,09,1,東京,4,12,２勝ｸﾗｽ,43,芝,0,1400,良,カルリーノ        ,牡,4,石橋脩,57.0,13,13,5,5,0,0.5,2,82,"1220",0,0,0,10,10,33.4,510,高橋裕,美,110,16101865,01077,00412,0520141213,Gリビエール・レーシング,松栄牧場,マツリダゴッホ,アイリスモレア,ショウナンカンプ,鹿毛,160516,    3.6,  ,    ,59.1
20,01,12,1,中山,4,12,２勝ｸﾗｽ,43,芝,8,1600,良,カルリーノ        ,牡,4,Ｍ．デム,56.0,16,07,8,8,0,0.3,1,94.7,"1347",0,0,10,9,9,35,516,高橋裕,美,0,16101865,05212,00412,0620141207,Gリビエール・レーシング,松栄牧場,マツリダゴッホ,アイリスモレア,ショウナンカンプ,鹿毛,160516,    3.2,  ,    ,52.3
19,11,09,5,東京,3,10,三鷹特別･2勝,43,芝,0,1400,良,カルリーノ        ,牡,3,スミヨン,56.0,7,06,2,2,0,0.1,2,81.5,"1215",0,0,0,5,5,32.8,504,高橋裕,美,600,16101865,05271,00412,0519531006,Gリビエール・レーシング,松栄牧場,マツリダゴッホ,アイリスモレア,ショウナンカンプ,鹿毛,160516,    2.2,  ,    ,61.4
19,10,26,4,東京,8,09,神奈川新･2勝,43,芝,0,1400,良,カルリーノ        ,牡,3,三浦皇成,55.0,11,04,2,2,0,0.2,3,80.8,"1208",0,0,0,6,6,33.4,504,高橋裕,美,600,16101865,01122,00412,0519480904,Gリビエール・レーシング,松栄牧場,マツリダゴッホ,アイリスモレア,ショウナンカンプ,鹿毛,160516,    3.5,  ,    ,56.4
19,10,14,4,東京,5,10,国立特別･2勝,43,芝,0,1400,稍,カルリーノ        ,牡,3,三浦皇成,55.0,16,12,2,2,0,0,6,81.4,"1214",0,0,0,11,11,33.6,508,高橋裕,美,600,16101865,01122,00412,0519451012,Gリビエール・レーシング,松栄牧場,マツリダゴッホ,アイリスモレア,ショウナンカンプ,鹿毛,160516,   11.7,  ,    ,56.7
19,09,21,4,中山,6,12,２勝ｸﾗｽ,43,芝,8,1600,良,カルリーノ        ,牡,3,内田博幸,55.0,16,13,4,4,0,0.5,3,93.4,"1334",0,0,7,6,3,34.7,504,高橋裕,美,170,16101865,00422,00412,0619461213,Gリビエール・レーシング,松栄牧場,マツリダゴッホ,アイリスモレア,ショウナンカンプ,鹿毛,160516,    5.8,  ,    ,51.5
19,08,25,2,札幌,4,12,WASJ第４･2勝,43,芝,0,1800,稍,カルリーノ        ,牡,3,オールプ,56.0,14,14,11,11,0,1,5,111.6,"1516",0,3,3,2,2,36.8,502,高橋裕,美,0,16101865,05321,00412,0119241214,Gリビエール・レーシング,松栄牧場,マツリダゴッホ,アイリスモレア,ショウナンカンプ,鹿毛,160516,    6.1,  ,    ,51.6
19,07,27,1,札幌,1,10,羊ヶ丘特･1勝,23,芝,0,1500,良,カルリーノ        ,牡,3,岩田康誠,54.0,10,05,1,1,0,-0.3,1,88.3,"1283",0,0,7,7,3,34.1,492,高橋裕,美,1050,16101865,05203,00412,0119111005,Gリビエール・レーシング,松栄牧場,マツリダゴッホ,アイリスモレア,ショウナンカンプ,鹿毛,160516,    2.1,  ,    ,56.0
19,04,06,3,中山,5,11,ニュージG2,179,芝,8,1600,良,カルリーノ        ,牡,3,石川裕紀,56.0,15,13,10,10,0,0.7,6,94.9,"1349",0,0,5,3,4,34.3,498,高橋裕,美,0,16101865,01150,00412,0619351113,Gリビエール・レーシング,松栄牧場,マツリダゴッホ,アイリスモレア,ショウナンカンプ,鹿毛,160516,   17.9,  ,    ,56.0
19,03,31,3,中山,4,06,500万下*,23,芝,8,1600,稍,カルリーノ        ,牡,3,勝浦正樹,56.0,10,08,3,3,0,0.3,2,95.3,"1353",0,0,6,6,6,34.5,502,高橋裕,美,180,16101865,01025,00412,0619340608,Gリビエール・レーシング,松栄牧場,マツリダゴッホ,アイリスモレア,ショウナンカンプ,鹿毛,160516,    3.4,  ,    ,55.7
19,02,24,2,中山,2,09,黄梅賞500*,23,芝,8,1600,良,カルリーノ        ,牡,3,Ｍ．デム,56.0,11,03,3,3,0,0.1,2,94.6,"1346",0,0,9,3,2,34.5,500,高橋裕,美,250,16101865,05212,00412,0619220903,Gリビエール・レーシング,松栄牧場,マツリダゴッホ,アイリスモレア,ショウナンカンプ,鹿毛,160516,    3.0,  ,    ,54.5
19,01,26,1,東京,1,10,クロッカ(L),115,芝,0,1400,良,カルリーノ        ,牡,3,勝浦正樹,56.0,10,01,5,5,0,0.3,3,82.5,"1225",0,0,0,10,10,33.5,498,高橋裕,美,200,16101865,01025,00412,0519111001,Gリビエール・レーシング,松栄牧場,マツリダゴッホ,アイリスモレア,ショウナンカンプ,鹿毛,160516,    4.7,  ,    ,59.7
19,01,06,1,中山,2,10,ジュニア(L),115,芝,8,1600,良,カルリーノ        ,牡,3,勝浦正樹,56.0,10,02,2,2,0,0,7,93.8,"1338",0,0,8,10,8,34.8,502,高橋裕,美,800,16101865,01025,00412,0619121002,Gリビエール・レーシング,松栄牧場,マツリダゴッホ,アイリスモレア,ショウナンカンプ,鹿毛,160516,   23.1,  ,    ,51.7
18,12,15,5,中山,5,09,ひいらぎ500*,23,芝,8,1600,良,カルリーノ        ,牡,2,三浦皇成,55.0,15,03,8,8,0,1.3,3,95,"1350",0,0,5,5,3,37,496,高橋裕,美,0,16101865,01122,00412,0618550903,Gリビエール・レーシング,松栄牧場,マツリダゴッホ,アイリスモレア,ショウナンカンプ,鹿毛,160516,    5.9,  ,    ,44.1
18,11,03,5,東京,1,11,京王杯２G2,179,芝,0,1400,良,カルリーノ        ,牡,2,三浦皇成,55.0,8,06,3,3,0,0.3,6,85,"1250",0,0,0,3,3,33.5,496,高橋裕,美,950,16101865,01122,00412,0518511106,Gリビエール・レーシング,松栄牧場,マツリダゴッホ,アイリスモレア,ショウナンカンプ,鹿毛,160516,   25.7,  ,    ,65.3
18,07,22,2,函館,6,11,函館２歳G3,163,芝,0,1200,良,カルリーノ        ,牡,2,藤岡佑介,54.0,16,05,3,3,0,0.1,3,69.5,"1095",0,0,0,6,4,35.2,490,高橋裕,美,780,16101865,01093,00412,0218261105,Gリビエール・レーシング,松栄牧場,マツリダゴッホ,アイリスモレア,ショウナンカンプ,鹿毛,160516,    5.4,  ,    ,47.4
18,06,30,1,函館,5,01,未勝利*,7,芝,0,1200,稍,カルリーノ        ,牡,2,岩田康誠,54.0,12,03,1,1,0,-0.2,2,69.7,"1097",0,0,0,4,3,35.3,484,高橋裕,美,500,16101865,05203,00412,0218150103,Gリビエール・レーシング,松栄牧場,マツリダゴッホ,アイリスモレア,ショウナンカンプ,鹿毛,160516,    4.0,  ,    ,47.5
18,06,17,1,函館,2,05,新馬,15,芝,0,1200,良,カルリーノ        ,牡,2,勝浦正樹,54.0,14,01,4,4,0,0.3,4,69.7,"1097",0,0,0,7,6,34.6,484,高橋裕,美,110,16101865,01025,00412,0218120501,Gリビエール・レーシング,松栄牧場,マツリダゴッホ,アイリスモレア,ショウナンカンプ,鹿毛,160516,    8.6,  ,    ,51.4
24,05,12,2,東京,8,07,１勝ｸﾗｽ*,23,ダ,1,1400,良,セブンマイスター  ,牡,3,北村宏司,57.0,16,10,9,9,0,1.3,6,85.3,"1253",0,0,0,15,13,35.9,540,木村哲也,美,0,21105688,01043,01126,0524280710,前迫義幸,ノーザンファーム,ドレフォン,ハピネスダンサー,メイショウサムソン,鹿毛,210410,   13.3,  ,    ,53.2
24,01,21,1,中山,7,09,若竹賞･1勝*,23,芝,0,1800,不,セブンマイスター  ,牡,3,石川裕紀,57.0,11,11,11,11,0,2.1,5,114.2,"1542",0,2,3,2,2,39.8,544,木村哲也,美,0,21105688,01150,01126,0624170911,前迫義幸,ノーザンファーム,ドレフォン,ハピネスダンサー,メイショウサムソン,鹿毛,210410,   14.8,  ,    ,43.5
23,08,26,3,新潟,5,01,未勝利*,7,芝,8,1600,良,セブンマイスター  ,牡,2,北村宏司,55.0,18,03,1,1,0,0,5,94.3,"1343",0,0,0,4,3,34.7,526,木村哲也,美,550,21105688,01043,01126,0423350103,前迫義幸,ノーザンファーム,ドレフォン,ハピネスダンサー,メイショウサムソン,鹿毛,210410,    9.8,  ,    ,53.1
23,06,25,3,東京,8,05,新馬,15,芝,0,1600,良,セブンマイスター  ,牡,2,北村宏司,55.0,16,14,6,6,0,0.5,6,97.3,"1373",0,0,0,7,5,34.4,524,木村哲也,美,0,21105688,01043,01126,0523380514,前迫義幸,ノーザンファーム,ドレフォン,ハピネスダンサー,メイショウサムソン,鹿毛,210410,   13.4,  ,    ,59.7
24,04,06,2,阪神,5,05,１勝ｸﾗｽ*,23,ダ,1,1800,稍,ウィープディライト,牡,3,松山弘平,57.0,12,06,10,10,0,3.1,4,114.9,"1549",0,7,7,8,9,38.9,506,池添学,栗,0,21105412,01126,01144,0924250506,DMMドリームクラブ,ノーザンファーム,ドゥラメンテ,ウィープノーモア,Mineshaft,鹿毛,210207,   10.0,  ,    ,47.7
24,02,24,1,阪神,1,09,すみれＳ(L),115,芝,0,2200,良,ウィープディライト,牡,3,松山弘平,57.0,10,07,10,10,0,1.6,9,133.6,"2136",0,3,4,4,3,36.1,508,池添学,栗,0,21105412,01126,01144,0924110907,DMMドリームクラブ,ノーザンファーム,ドゥラメンテ,ウィープノーモア,Mineshaft,鹿毛,210207,   16.1,  ,    ,51.3
24,01,08,1,京都,3,06,未勝利,7,芝,8,2200,良,ウィープディライト,牡,3,松山弘平,57.0,18,06,1,1,0,0,4,135.5,"2155",0,5,4,3,3,37,512,池添学,栗,550,21105412,01126,01144,0824130606,DMMドリームクラブ,ノーザンファーム,ドゥラメンテ,ウィープノーモア,Mineshaft,鹿毛,210207,    5.7,  ,    ,49.8
23,11,12,3,京都,4,05,新馬,15,芝,0,2000,良,ウィープディライト,牡,2,池添謙一,56.0,8,04,4,4,0,0.3,4,125.7,"2057",0,6,6,5,4,34.9,514,池添学,栗,110,21105412,01032,01144,0823340504,DMMドリームクラブ,ノーザンファーム,ドゥラメンテ,ウィープノーモア,Mineshaft,鹿毛,210207,    7.4,  ,    ,61.5
24,07,13,3,小倉,5,08,１勝ｸﾗｽ,23,芝,0,2000,良,ホルトバージ      ,牡,3,西塚洸二,54.0,14,02,2,2,0,0.5,8,121.9,"2019",0,8,7,11,7,35.6,460,寺島良,栗,320,21102905,01200,01158,1024350802,YGGホースクラブ,谷川牧場,キンシャサノキセキ,プレインズウーマン,Zensational,鹿毛,210408,   33.2,  ,    ,53.9
24,06,08,4,京都,3,09,一乗寺特･1勝,23,芝,0,2000,良,ホルトバージ      ,牡,3,岩田望来,55.0,9,03,6,6,0,0.6,6,120.1,"2001",0,8,8,7,7,34.4,470,寺島良,栗,0,21102905,01174,01158,0824430903,YGGホースクラブ,谷川牧場,キンシャサノキセキ,プレインズウーマン,Zensational,鹿毛,210408,   23.9,  ,    ,56.8
24,06,02,4,京都,2,07,１勝ｸﾗｽ,23,芝,8,1800,良,ホルトバージ      ,牡,3,今村聖奈,52.0,9,06,7,7,0,0.7,5,108.5,"1485",0,0,0,7,8,34.2,468,寺島良,栗,0,21102905,01193,01158,0824420706,YGGホースクラブ,谷川牧場,キンシャサノキセキ,プレインズウーマン,Zensational,鹿毛,210408,   14.8,  ,    ,58.6
24,04,14,2,阪神,8,06,１勝ｸﾗｽ*,23,芝,0,2000,良,ホルトバージ      ,牡,3,今村聖奈,54.0,7,02,5,5,0,0.5,6,120.9,"2009",0,7,7,6,6,34.7,470,寺島良,栗,78,21102905,01193,01158,0924280602,YGGホースクラブ,谷川牧場,キンシャサノキセキ,プレインズウーマン,Zensational,鹿毛,210408,   20.5,  ,    ,56.5
24,03,02,1,阪神,3,06,１勝ｸﾗｽ*,23,ダ,1,1800,稍,ホルトバージ      ,牡,3,今村聖奈,54.0,6,01,4,4,0,1.8,4,114.3,"1543",0,6,6,6,6,39.1,468,寺島良,栗,120,21102905,01193,01158,0924130601,YGGホースクラブ,谷川牧場,キンシャサノキセキ,プレインズウーマン,Zensational,鹿毛,210408,    9.6,  ,    ,46.2
24,02,18,1,東京,8,09,ヒヤシン(L),115,ダ,1,1600,良,ホルトバージ      ,牡,3,岩田望来,57.0,11,08,8,8,0,1.4,7,97.7,"1377",0,0,0,6,5,38,468,寺島良,栗,0,21102905,01174,01158,0524180908,YGGホースクラブ,谷川牧場,キンシャサノキセキ,プレインズウーマン,Zensational,鹿毛,210408,   18.2,  ,    ,44.3
24,01,08,1,京都,3,04,１勝ｸﾗｽ*,23,ダ,1,1800,良,ホルトバージ      ,牡,3,今村聖奈,54.0,10,05,2,2,0,0.2,7,114.3,"1543",0,10,10,7,7,38.9,470,寺島良,栗,310,21102905,01193,01158,0824130405,YGGホースクラブ,谷川牧場,キンシャサノキセキ,プレインズウーマン,Zensational,鹿毛,210408,   17.1,  ,    ,46.9
23,12,28,5,中山,9,11,ホープフG1,195,芝,0,2000,良,ホルトバージ      ,牡,2,今村聖奈,56.0,18,14,11,11,0,1.6,16,121.8,"2018",0,16,16,15,15,36.3,470,寺島良,栗,0,21102905,01193,01158,0623591114,YGGホースクラブ,谷川牧場,キンシャサノキセキ,プレインズウーマン,Zensational,鹿毛,210408,  322.7,  ,    ,50.9
23,10,28,2,京都,8,08,萩Ｓ(L),115,芝,8,1800,良,ホルトバージ      ,牡,2,Ｍ．デム,56.0,7,06,5,5,0,0.5,6,108.4,"1484",0,0,0,3,3,34.5,466,寺島良,栗,170,21102905,05212,01158,0823280806,YGGホースクラブ,谷川牧場,キンシャサノキセキ,プレインズウーマン,Zensational,鹿毛,210408,   28.1,  ,    ,57.1
23,10,14,2,京都,4,08,紫菊賞･1勝*,23,芝,8,1800,良,ホルトバージ      ,牡,2,岩田望来,56.0,5,01,4,4,0,0.7,5,107.9,"1479",0,0,0,3,3,34.4,466,寺島良,栗,160,21102905,01174,01158,0823240801,YGGホースクラブ,谷川牧場,キンシャサノキセキ,プレインズウーマン,Zensational,鹿毛,210408,   14.1,  ,    ,56.8
23,08,27,3,新潟,6,11,新潟２歳G3,163,芝,8,1600,良,ホルトバージ      ,牡,2,岩田康誠,55.0,12,01,11,11,0,2.1,8,95.9,"1359",0,0,0,8,5,35,472,寺島良,栗,0,21102905,05203,01158,0423361101,YGGホースクラブ,谷川牧場,キンシャサノキセキ,プレインズウーマン,Zensational,鹿毛,210408,   46.0,  ,    ,54.4
23,07,30,2,新潟,2,02,未勝利*,7,芝,8,1800,良,ホルトバージ      ,牡,2,今村聖奈,52.0,10,08,1,1,0,0,5,107.4,"1474",0,0,0,5,5,34.4,466,寺島良,栗,550,21102905,01193,01158,0423220208,YGGホースクラブ,谷川牧場,キンシャサノキセキ,プレインズウーマン,Zensational,鹿毛,210408,   12.1,  ,    ,56.1
23,07,16,3,中京,6,05,新馬,15,芝,0,1600,良,ホルトバージ      ,牡,2,今村聖奈,52.0,12,08,7,7,0,1.2,6,96.5,"1365",0,0,8,9,10,34.3,470,寺島良,栗,0,21102905,01193,01158,0723360508,YGGホースクラブ,谷川牧場,キンシャサノキセキ,プレインズウーマン,Zensational,鹿毛,210408,   22.8,  ,    ,58.8
24,05,04,2,東京,5,09,青竜Ｓ,131,ダ,1,1600,稍,ソレルビュレット  ,牡,3,横山武史,57.0,8,02,2,2,0,0,4,96.2,"1362",0,0,0,7,7,36.9,526,宮田敬介,美,720,21110061,01170,01175,0524250902,シルクレーシング,"St. Simon Place LLC & Scott Stephens","Malibu Moon",Curluck,Curlin,栗毛,210131,    6.1,  ,    ,46.4
24,02,17,1,東京,7,03,未勝利,7,ダ,1,1600,良,ソレルビュレット  ,牡,3,横山武史,57.0,16,12,1,1,0,-0.9,1,98,"1380",0,0,0,3,3,37.7,522,宮田敬介,美,550,21110061,01170,01175,0524170312,シルクレーシング,"St. Simon Place LLC & Scott Stephens","Malibu Moon",Curluck,Curlin,栗毛,210131,    1.8,  ,    ,46.0
24,02,03,1,東京,3,03,未勝利,7,ダ,1,1600,良,ソレルビュレット  ,牡,3,ルメール,57.0,16,04,2,2,0,0.5,1,99.7,"1397",0,0,0,4,5,38.5,524,宮田敬介,美,220,21110061,05339,01175,0524130304,シルクレーシング,"St. Simon Place LLC & Scott Stephens","Malibu Moon",Curluck,Curlin,栗毛,210131,    1.7,  ,    ,45.4
23,12,23,5,中山,7,04,未勝利*,7,ダ,1,1800,良,ソレルビュレット  ,牡,2,マーカン,56.0,16,02,3,3,0,0.3,3,114.9,"1549",0,5,4,4,4,38.9,520,宮田敬介,美,140,21110061,05626,01175,0623570402,シルクレーシング,"St. Simon Place LLC & Scott Stephens","Malibu Moon",Curluck,Curlin,栗毛,210131,    5.3,  ,    ,47.7
23,11,26,5,東京,8,03,未勝利*,7,ダ,1,1600,良,ソレルビュレット  ,牡,2,マーカン,56.0,16,04,2,2,0,1.2,3,99.9,"1399",0,0,0,8,8,37.3,518,宮田敬介,美,220,21110061,05626,01175,0523580304,シルクレーシング,"St. Simon Place LLC & Scott Stephens","Malibu Moon",Curluck,Curlin,栗毛,210131,    9.1,  ,    ,50.7
23,09,16,4,中山,3,04,新馬,15,ダ,1,1800,良,ソレルビュレット  ,牡,2,モレイラ,55.0,15,05,6,6,0,2.2,1,118.1,"1581",0,6,6,5,5,40.4,520,宮田敬介,美,0,21110061,05509,01175,0623430405,シルクレーシング,"St. Simon Place LLC & Scott Stephens","Malibu Moon",Curluck,Curlin,栗毛,210131,    2.1,  ,    ,46.2
24,03,09,2,中山,5,07,１勝ｸﾗｽ*,23,芝,0,2000,重,ダノンピレネー    ,牡,3,岩田望来,57.0,11,02,10,10,0,2.8,5,124.7,"2047",0,2,3,3,3,40.3,524,高柳大輔,栗,0,21104122,01174,01159,0624250702,ダノックス,千代田牧場,キズナ,タミーザトルピード,"More Than Ready",青鹿,210401,   13.5,  ,    ,39.8
24,01,20,1,京都,6,05,新馬,15,芝,0,2000,重,ダノンピレネー    ,牡,3,坂井瑠星,57.0,13,11,1,1,0,-0.1,5,124.8,"2048",0,4,4,3,2,36,526,高柳大輔,栗,620,21104122,01163,01159,0824160511,ダノックス,千代田牧場,キズナ,タミーザトルピード,"More Than Ready",青鹿,210401,    8.6,  ,    ,55.7
24,07,14,2,福島,6,12,１勝ｸﾗｽ,23,ダ,1,1700,稍,ハンデンカイザー  ,牡,3,野中悠太,55.0,15,10,3,3,0,0.4,5,106.9,"1469",0,3,3,3,2,37.8,506,牧光二,美,200,21102456,01158,01106,0324261210,坂田行夫,船越伸也,ディスクリートキャット,ハタノディアマンテ,エンパイアメーカー,鹿毛,210604,   24.2,  ,    ,49.7
24,03,31,3,中山,4,07,１勝ｸﾗｽ*,23,ダ,1,1800,稍,ハンデンカイザー  ,牡,3,木幡巧也,57.0,16,16,9,9,0,1.3,9,114.6,"1546",0,7,7,9,8,38.6,490,牧光二,美,0,21102456,01162,01106,0624340716,坂田行夫,船越伸也,ディスクリートキャット,ハタノディアマンテ,エンパイアメーカー,鹿毛,210604,   30.5,  ,    ,48.4
24,03,10,2,中山,6,06,１勝ｸﾗｽ*,23,ダ,1,1800,稍,ハンデンカイザー  ,牡,3,木幡巧也,57.0,16,08,9,9,0,2.8,11,116.9,"1569",0,8,6,5,5,41.6,494,牧光二,美,0,21102456,01162,01106,0624260608,坂田行夫,船越伸也,ディスクリートキャット,ハタノディアマンテ,エンパイアメーカー,鹿毛,210604,   61.9,  ,    ,40.5
23,10,14,4,東京,4,09,プラタナ･1勝,23,ダ,1,1600,良,ハンデンカイザー  ,牡,2,木幡巧也,56.0,14,14,7,7,0,1.5,8,98.8,"1388",0,0,0,5,5,38.5,486,牧光二,美,0,21102456,01162,01106,0523440914,坂田行夫,船越伸也,ディスクリートキャット,ハタノディアマンテ,エンパイアメーカー,鹿毛,210604,   29.4,  ,    ,44.0
23,09,23,4,中山,6,03,新馬,15,ダ,1,1800,不,ハンデンカイザー  ,牡,2,木幡巧也,55.0,16,14,1,1,0,-0.2,4,114.6,"1546",0,2,2,2,2,38.8,486,牧光二,美,720,21102456,01162,01106,0623460314,坂田行夫,船越伸也,ディスクリートキャット,ハタノディアマンテ,エンパイアメーカー,鹿毛,210604,    8.1,  ,    ,47.7
24,07,14,3,小倉,6,12,１勝ｸﾗｽ,23,ダ,1,1700,不,ジーベック        ,牡,3,坂井瑠星,55.0,16,07,2,2,0,0.3,4,103.3,"1433",0,4,3,4,3,36.8,452,矢作芳人,栗,320,21103242,01163,01075,1024361207,広尾レース,三嶋牧場,"Gun Runner",ステラエージェント,"More Than Ready",栗毛,210226,    6.0,  ,    ,48.6
24,04,27,3,京都,3,03,未勝利,7,ダ,1,1900,良,ジーベック        ,牡,3,坂井瑠星,57.0,11,10,1,1,0,-0.1,1,122.5,"2025",0,4,4,3,1,39.2,460,矢作芳人,栗,550,21103242,01163,01075,0824330310,広尾レース,三嶋牧場,"Gun Runner",ステラエージェント,"More Than Ready",栗毛,210226,    2.1,  ,    ,48.1
24,04,13,2,阪神,7,03,未勝利,7,ダ,1,2000,良,ジーベック        ,牡,3,坂井瑠星,57.0,16,14,3,3,0,0.2,6,129.2,"2092",0,8,7,7,6,38.6,460,矢作芳人,栗,140,21103242,01163,01075,0924270314,広尾レース,三嶋牧場,"Gun Runner",ステラエージェント,"More Than Ready",栗毛,210226,    9.6,  ,    ,50.6
24,07,07,2,福島,4,09,織姫賞･1勝,23,芝,0,1800,良,ティンク          ,牝,3,菅原明良,53.0,16,12,5,5,0,0.5,1,109,"1490",0,7,8,9,7,35.3,488,久保田貴,美,111,21104994,01179,01067,0324240912,社台レースホース,社台ファーム,ダイワメジャー,オーレリアズベル,"Lemon Drop Kid",栗毛,210214,    2.2,  ,    ,54.4
24,03,24,3,中山,2,08,ミモザ賞･1勝,23,芝,0,2000,良,ティンク          ,牝,3,岩田望来,55.0,7,04,3,3,0,0.2,2,120.6,"2006",0,7,7,5,4,35.4,488,久保田貴,美,270,21104994,01174,01067,0624320804,社台レースホース,社台ファーム,ダイワメジャー,オーレリアズベル,"Lemon Drop Kid",栗毛,210214,    2.5,  ,    ,53.1
24,02,25,2,中山,2,09,デイジー･1勝,23,芝,0,1800,稍,ティンク          ,牝,3,岩田望来,55.0,13,01,3,3,0,0.2,1,110.8,"1508",0,10,10,12,12,35.4,492,久保田貴,美,270,21104994,01174,01067,0624220901,社台レースホース,社台ファーム,ダイワメジャー,オーレリアズベル,"Lemon Drop Kid",栗毛,210214,    4.9,  ,    ,56.5
24,01,07,1,中山,2,11,フェアリG3,163,芝,8,1600,良,ティンク          ,牝,3,佐々木大,55.0,14,05,8,8,0,0.4,11,94.4,"1344",0,0,4,4,4,35.1,488,久保田貴,美,0,21104994,01197,01067,0624121105,社台レースホース,社台ファーム,ダイワメジャー,オーレリアズベル,"Lemon Drop Kid",栗毛,210214,   50.3,  ,    ,51.4
23,11,19,5,東京,6,09,赤松賞･1勝*,23,芝,0,1600,良,ティンク          ,牝,2,大野拓弥,55.0,9,01,6,6,0,0.5,4,94.3,"1343",0,0,0,4,4,34.1,492,久保田貴,美,0,21104994,01096,01067,0523560901,社台レースホース,社台ファーム,ダイワメジャー,オーレリアズベル,"Lemon Drop Kid",栗毛,210214,    8.9,  ,    ,55.9
23,09,30,4,中山,8,09,芙蓉Ｓ,131,芝,0,2000,良,ティンク          ,牝,2,大野拓弥,55.0,9,09,4,4,0,0.4,3,123.4,"2034",0,2,2,2,2,36.1,492,久保田貴,美,240,21104994,01096,01067,0623480909,社台レースホース,社台ファーム,ダイワメジャー,オーレリアズベル,"Lemon Drop Kid",栗毛,210214,    6.8,  ,    ,53.6
23,07,22,2,福島,7,02,未勝利*,7,芝,0,1800,良,ティンク          ,牝,2,大野拓弥,55.0,7,04,1,1,0,-0.2,1,111.5,"1515",0,3,3,3,3,35.1,494,久保田貴,美,550,21104994,01096,01067,0323270204,社台レースホース,社台ファーム,ダイワメジャー,オーレリアズベル,"Lemon Drop Kid",栗毛,210214,    1.4,  ,    ,58.8
23,07,02,2,福島,2,05,新馬,15,芝,0,1800,良,ティンク          ,牝,2,大野拓弥,55.0,16,04,2,2,0,0,4,111.6,"1516",0,2,2,2,2,35.5,490,久保田貴,美,290,21104994,01096,01067,0323220504,社台レースホース,社台ファーム,ダイワメジャー,オーレリアズベル,"Lemon Drop Kid",栗毛,210214,    7.8,  ,    ,57.2
24,05,05,1,新潟,4,06,１勝ｸﾗｽ,23,ダ,1,1800,良,リュクススティール,牡,4,大野拓弥,58.0,15,15,11,11,0,2.1,2,114.7,"1547",0,3,3,3,3,39.7,490,高柳瑞樹,美,0,20102944,01096,01118,0424140615,田畑憲士,社台ファーム,リアルスティール,チェリークォーツ,ワークフォース,鹿毛,200325,    6.5,  ,    ,44.5
24,04,13,1,福島,3,12,１勝ｸﾗｽ,23,ダ,1,1700,良,リュクススティール,牡,4,石橋脩,58.0,15,01,6,6,0,0.7,2,107.6,"1476",0,4,4,3,3,40.3,486,高柳瑞樹,美,0,20102944,01077,01118,0324131201,田畑憲士,社台ファーム,リアルスティール,チェリークォーツ,ワークフォース,鹿毛,200325,    4.1,  ,    ,41.1
24,03,16,2,中山,7,07,１勝ｸﾗｽ,23,ダ,1,1800,良,リュクススティール,牡,4,石橋脩,58.0,15,01,7,7,0,1.8,2,116,"1560",0,1,1,1,2,40.9,492,高柳瑞樹,美,0,20102944,01077,01118,0624270701,田畑憲士,社台ファーム,リアルスティール,チェリークォーツ,ワークフォース,鹿毛,200325,    4.5,  ,    ,41.8
23,12,17,5,中山,6,08,１勝ｸﾗｽ,23,ダ,1,1800,良,リュクススティール,牡,3,石橋脩,57.0,15,09,6,6,0,0.7,1,115.8,"1558",0,2,2,2,2,39.8,494,高柳瑞樹,美,0,20102944,01077,01118,0623560809,田畑憲士,社台ファーム,リアルスティール,チェリークォーツ,ワークフォース,鹿毛,200325,    3.6,  ,    ,45.5
23,11,19,3,福島,6,03,１勝ｸﾗｽ,23,ダ,1,1700,重,リュクススティール,牡,3,石橋脩,56.0,15,10,2,2,0,0.1,1,105,"1450",0,1,1,1,1,37,492,高柳瑞樹,美,320,20102944,01077,01118,0323360310,田畑憲士,社台ファーム,リアルスティール,チェリークォーツ,ワークフォース,鹿毛,200325,    4.2,  ,    ,50.2
23,10,29,4,新潟,6,07,１勝ｸﾗｽ,23,ダ,1,1800,不,リュクススティール,牡,3,石橋脩,56.0,13,03,3,3,0,0.4,5,113,"1530",0,1,1,1,1,37.5,490,高柳瑞樹,美,200,20102944,01077,01118,0423460703,田畑憲士,社台ファーム,リアルスティール,チェリークォーツ,ワークフォース,鹿毛,200325,    9.6,  ,    ,50.7
23,07,30,2,新潟,2,08,１勝ｸﾗｽ,23,ダ,1,1800,良,リュクススティール,牡,3,石橋脩,55.0,15,15,9,9,0,2,6,113.8,"1538",0,12,14,14,13,37.1,492,高柳瑞樹,美,0,20102944,01077,01118,0423220815,田畑憲士,社台ファーム,リアルスティール,チェリークォーツ,ワークフォース,鹿毛,200325,   11.5,  ,    ,53.4
23,07,08,2,福島,3,08,１勝ｸﾗｽ,23,ダ,1,1700,良,リュクススティール,牡,3,石橋脩,55.0,15,01,2,2,0,0.3,5,107.6,"1476",0,1,1,1,1,38.2,488,高柳瑞樹,美,320,20102944,01077,01118,0323230801,田畑憲士,社台ファーム,リアルスティール,チェリークォーツ,ワークフォース,鹿毛,200325,   11.7,  ,    ,49.1
23,05,21,1,新潟,8,03,未勝利,7,ダ,1,1800,良,リュクススティール,牡,3,石橋脩,56.0,15,09,1,1,0,-0.2,5,114,"1540",0,5,3,2,1,39.2,496,高柳瑞樹,美,550,20102944,01077,01118,0423180309,田畑憲士,社台ファーム,リアルスティール,チェリークォーツ,ワークフォース,鹿毛,200325,    9.0,  ,    ,45.4
23,05,07,1,新潟,4,03,未勝利,7,ダ,1,1800,不,リュクススティール,牡,3,石橋脩,56.0,15,14,4,4,0,1.3,4,114.3,"1543",0,3,3,3,3,39.2,502,高柳瑞樹,美,83,20102944,01077,01118,0423140314,田畑憲士,社台ファーム,リアルスティール,チェリークォーツ,ワークフォース,鹿毛,200325,    7.2,  ,    ,45.8
23,03,18,2,中山,7,05,未勝利,7,芝,8,2200,重,リュクススティール,牡,3,横山和生,56.0,18,15,9,9,0,1,5,139.6,"2196",0,13,14,13,13,37.8,502,高柳瑞樹,美,0,20102944,01140,01118,0623270515,田畑憲士,社台ファーム,リアルスティール,チェリークォーツ,ワークフォース,鹿毛,200325,   11.0,  ,    ,51.0
23,01,28,1,東京,1,05,未勝利,7,芝,0,1800,良,リュクススティール,牡,3,横山和生,56.0,16,14,11,11,0,1.8,4,107.9,"1479",0,0,3,6,6,35.6,498,高柳瑞樹,美,0,20102944,01140,01118,0523110514,田畑憲士,社台ファーム,リアルスティール,チェリークォーツ,ワークフォース,鹿毛,200325,   12.5,  ,    ,51.5
23,01,08,1,中山,3,06,新馬,15,芝,0,2000,良,リュクススティール,牡,3,横山和生,56.0,17,13,2,2,0,0,3,123.1,"2031",0,3,3,3,3,35.8,500,高柳瑞樹,美,250,20102944,01140,01118,0623130613,田畑憲士,社台ファーム,リアルスティール,チェリークォーツ,ワークフォース,鹿毛,200325,    5.6,  ,    ,54.5
24,03,31,2,阪神,4,03,未勝利,7,ダ,1,1800,良,ケイアイエルナト  ,牡,3,松山弘平,57.0,9,05,1,1,0,-0.2,6,114.8,"1548",0,2,2,2,2,39.5,476,村山明,栗,550,21103121,01126,01107,0924240305,ケイアイスタリオン,日進牧場,シニスターミニスター,フェールクークー,アラムシャー,黒鹿,210430,   11.4,  ,    ,45.3
24,02,28,17,不明,3,02,竜王盃,3,ダ,1,1400,重,ケイアイエルナト  ,牡,3,今村聖奈,53.0,11,07,5,5,0,2.3,4,92.4,"1324",0,6,6,5,5,0,481,村山明,栗,20,21103121,01193,01107,5424H30207,ケイアイスタリオン,日進牧場,シニスターミニスター,フェールクークー,アラムシャー,黒鹿,210430,    0.0,  ,    , 0.0
24,02,03,1,小倉,7,01,未勝利,7,ダ,1,1700,良,ケイアイエルナト  ,牡,3,亀田温心,57.0,16,08,14,14,0,2.7,4,110.5,"1505",0,11,11,10,12,41,484,村山明,栗,0,21103121,01176,01107,1024170108,ケイアイスタリオン,日進牧場,シニスターミニスター,フェールクークー,アラムシャー,黒鹿,210430,    6.8,  ,    ,42.5
23,11,11,3,京都,3,02,未勝利*,7,ダ,1,1800,重,ケイアイエルナト  ,牡,2,松山弘平,56.0,13,09,5,5,0,2.6,4,117.8,"1578",0,3,3,3,2,41.3,484,村山明,栗,55,21103121,01126,01107,0823330209,ケイアイスタリオン,日進牧場,シニスターミニスター,フェールクークー,アラムシャー,黒鹿,210430,    7.0,  ,    ,42.6
23,10,21,2,京都,6,03,新馬,15,ダ,1,1800,良,ケイアイエルナト  ,牡,2,松山弘平,56.0,16,08,2,2,0,0.9,2,116.7,"1567",0,2,2,4,3,40,486,村山明,栗,290,21103121,01126,01107,0823260308,ケイアイスタリオン,日進牧場,シニスターミニスター,フェールクークー,アラムシャー,黒鹿,210430,    5.6,  ,    ,45.9
24,01,21,1,小倉,4,08,１勝ｸﾗｽ,23,ダ,1,1700,重,ジュリエンヌ      ,牝,5,水沼元輝,53.0,16,06,15,15,0,3.1,16,106.7,"1467",0,14,14,13,13,39,462,天間昭一,美,0,19101151,01201,01090,1024140806,吉田勝利,二風谷ファーム,ドレフォン,ヴェルデライト,ディープインパクト,栗毛,190509,  473.3,  ,    ,44.7
23,12,07,20,不明,3,10,揖保川,3,ダ,1,1400,良,ジュリエンヌ      ,牝,4,田口貫太,52.0,11,02,7,7,0,1.1,8,91.2,"1312",0,10,11,11,11,0,458,天間昭一,美,0,19101151,01208,01090,5023K31002,吉田勝利,二風谷ファーム,ドレフォン,ヴェルデライト,ディープインパクト,栗毛,190509,    0.0,  ,    , 0.0
23,10,28,4,新潟,5,08,１勝ｸﾗｽ・牝,23,ダ,1,1800,重,ジュリエンヌ      ,牝,4,井上敏樹,56.0,13,08,13,13,0,2.9,13,116.2,"1562",0,12,13,13,13,39.4,466,天間昭一,美,0,19101151,01151,01090,0423450808,吉田勝利,二風谷ファーム,ドレフォン,ヴェルデライト,ディープインパクト,栗毛,190509,  329.7,  ,    ,47.5
23,10,22,4,新潟,4,08,１勝ｸﾗｽ,23,ダ,1,1800,稍,ジュリエンヌ      ,牝,4,井上敏樹,56.0,10,09,10,10,0,2.5,10,116.3,"1563",0,7,7,7,10,38.1,472,天間昭一,美,0,19101151,01151,01090,0423440809,吉田勝利,二風谷ファーム,ドレフォン,ヴェルデライト,ディープインパクト,栗毛,190509,  272.6,  ,    ,52.6
23,09,15,8,不明,6,09,ヤクル,3,ダ,1,1400,良,ジュリエンヌ      ,牝,4,丸野勝虎,54.0,8,08,3,3,0,0.5,3,88.4,"1284",0,3,3,3,3,0,479,田口輝彦,地,14,19101151,05053,05480,4723860908,吉田勝利,二風谷ファーム,ドレフォン,ヴェルデライト,ディープインパクト,栗毛,190509,    0.0,  ,    , 0.0
23,09,01,8,不明,3,10,ひるが,3,ダ,1,1600,良,ジュリエンヌ      ,牝,4,岡部誠,54.0,7,01,4,4,0,0.5,2,104.7,"1447",0,6,5,5,5,0,488,田口輝彦,地,9,19101151,05171,05480,4723831001,吉田勝利,二風谷ファーム,ドレフォン,ヴェルデライト,ディープインパクト,栗毛,190509,    0.0,  ,    , 0.0
23,08,03,6,不明,5,05,大和撫,3,ダ,1,1400,良,ジュリエンヌ      ,牝,4,今井貴大,55.0,12,05,3,3,0,0.3,2,90.2,"1302",0,9,9,6,4,0,478,田口輝彦,地,19,19101151,05489,05480,4723650505,吉田勝利,二風谷ファーム,ドレフォン,ヴェルデライト,ディープインパクト,栗毛,190509,    0.0,  ,    , 0.0
23,07,20,6,不明,2,09,クチナ,3,ダ,1,1400,良,ジュリエンヌ      ,牝,4,今井貴大,55.0,10,02,1,1,0,-0.3,4,90.1,"1301",0,6,6,3,2,0,480,田口輝彦,地,70,19101151,05489,05480,4723620902,吉田勝利,二風谷ファーム,ドレフォン,ヴェルデライト,ディープインパクト,栗毛,190509,    0.0,  ,    , 0.0
23,07,06,5,不明,3,07,Ａ５組,3,ダ,1,1600,稍,ジュリエンヌ      ,牝,4,深沢杏花,51.0,8,04,5,5,0,1.6,3,105.6,"1456",0,6,7,4,6,0,473,田口輝彦,地,2,19101151,05637,05480,4723530704,吉田勝利,二風谷ファーム,ドレフォン,ヴェルデライト,ディープインパクト,栗毛,190509,    0.0,  ,    , 0.0
23,06,18,6,不明,2,09,涼暮月,3,ダ,1,1400,稍,ジュリエンヌ      ,牝,4,山田義貴,54.0,10,08,3,3,0,0.4,1,90.8,"1308",0,6,7,4,5,0,474,手島勝利,地,8,19101151,05654,05257,5523620908,吉田勝利,二風谷ファーム,ドレフォン,ヴェルデライト,ディープインパクト,栗毛,190509,    0.0,  ,    , 0.0
23,06,05,5,不明,3,09,ＫＹＵ,3,ダ,1,1300,良,ジュリエンヌ      ,牝,4,山田義貴,54.0,9,02,2,2,0,0,1,84.1,"1241",0,5,5,3,1,0,475,手島勝利,地,14,19101151,05654,05257,5523530902,吉田勝利,二風谷ファーム,ドレフォン,ヴェルデライト,ディープインパクト,栗毛,190509,    0.0,  ,    , 0.0
23,05,28,4,不明,5,09,佐藤哲,3,ダ,1,1400,良,ジュリエンヌ      ,牝,4,山田義貴,54.0,10,10,2,2,0,0.8,1,91.6,"1316",0,3,4,4,5,0,479,手島勝利,地,14,19101151,05654,05257,5523450910,吉田勝利,二風谷ファーム,ドレフォン,ヴェルデライト,ディープインパクト,栗毛,190509,    0.0,  ,    , 0.0
23,05,14,3,不明,5,08,ほとめ,3,ダ,1,1300,不,ジュリエンヌ      ,牝,4,山田義貴,53.0,9,08,4,4,0,1.2,2,84.3,"1243",0,6,6,5,5,0,477,手島勝利,地,5,19101151,05654,05257,5523350808,吉田勝利,二風谷ファーム,ドレフォン,ヴェルデライト,ディープインパクト,栗毛,190509,    0.0,  ,    , 0.0
23,04,23,2,不明,2,10,長崎街,3,ダ,1,1400,良,ジュリエンヌ      ,牝,4,山口勲,54.0,11,08,1,1,0,-0.6,1,91.9,"1319",0,3,3,2,1,0,476,手島勝利,地,55,19101151,05229,05257,5523221008,吉田勝利,二風谷ファーム,ドレフォン,ヴェルデライト,ディープインパクト,栗毛,190509,    0.0,  ,    , 0.0
23,04,08,1,不明,3,08,花まつ,3,ダ,1,1300,重,ジュリエンヌ      ,牝,4,山田義貴,53.0,12,07,1,1,0,-0.2,1,85.3,"1253",0,6,5,3,2,0,471,手島勝利,地,37,19101151,05654,05257,5523130807,吉田勝利,二風谷ファーム,ドレフォン,ヴェルデライト,ディープインパクト,栗毛,190509,    0.0,  ,    , 0.0
23,03,25,23,不明,4,08,ほとめ,3,ダ,1,1300,不,ジュリエンヌ      ,牝,4,山田義貴,53.0,12,10,7,7,0,1.1,2,84.8,"1248",0,9,9,8,8,0,476,手島勝利,地,0,19101151,05654,05257,5523N40810,吉田勝利,二風谷ファーム,ドレフォン,ヴェルデライト,ディープインパクト,栗毛,190509,    0.0,  ,    , 0.0
23,03,11,22,不明,4,09,うまか,3,ダ,1,1400,重,ジュリエンヌ      ,牝,4,山田義貴,53.0,12,02,2,2,0,0.3,5,91.6,"1316",0,6,5,6,2,0,467,手島勝利,地,14,19101151,05654,05257,5523M40902,吉田勝利,二風谷ファーム,ドレフォン,ヴェルデライト,ディープインパクト,栗毛,190509,    0.0,  ,    , 0.0
23,02,18,21,不明,1,07,長崎街,3,ダ,1,1400,重,ジュリエンヌ      ,牝,4,山田義貴,53.0,12,06,1,1,0,-0.2,2,91.3,"1313",0,10,10,7,5,0,469,手島勝利,地,55,19101151,05654,05257,5523L10706,吉田勝利,二風谷ファーム,ドレフォン,ヴェルデライト,ディープインパクト,栗毛,190509,    0.0,  ,    , 0.0
23,02,04,20,不明,1,09,ＫＹＵ,3,ダ,1,1400,稍,ジュリエンヌ      ,牝,4,小林凌,54.0,12,06,2,2,0,0.1,2,92.7,"1327",0,5,5,5,3,0,468,手島勝利,地,11,19101151,05560,05257,5523K10906,吉田勝利,二風谷ファーム,ドレフォン,ヴェルデライト,ディープインパクト,栗毛,190509,    0.0,  ,    , 0.0
23,01,23,19,不明,3,07,佐賀競,3,ダ,1,1400,不,ジュリエンヌ      ,牝,4,山田義貴,53.0,11,11,2,2,0,0,2,90.7,"1307",0,9,9,5,5,0,473,手島勝利,地,11,19101151,05654,05257,5523J30711,吉田勝利,二風谷ファーム,ドレフォン,ヴェルデライト,ディープインパクト,栗毛,190509,    0.0,  ,    , 0.0
23,01,12,18,不明,5,03,Ｃ１－,3,ダ,1,1300,稍,ジュリエンヌ      ,牝,4,小林凌,54.0,12,02,1,1,0,-0.4,4,84.6,"1246",0,5,3,4,4,0,470,手島勝利,地,37,19101151,05560,05257,5523I50302,吉田勝利,二風谷ファーム,ドレフォン,ヴェルデライト,ディープインパクト,栗毛,190509,    0.0,  ,    , 0.0
22,12,25,17,不明,5,04,地方競,3,ダ,1,1400,不,ジュリエンヌ      ,牝,3,山田義貴,53.0,11,03,2,2,0,0.1,3,90.1,"1301",0,7,7,3,2,0,470,手島勝利,地,11,19101151,05654,05257,5522H50403,吉田勝利,二風谷ファーム,ドレフォン,ヴェルデライト,ディープインパクト,栗毛,190509,    0.0,  ,    , 0.0
22,12,04,16,不明,5,10,おひつ,3,ダ,1,1300,稍,ジュリエンヌ      ,牝,3,中山蓮王,51.0,11,04,2,2,0,0.2,4,85.7,"1257",0,6,6,3,4,0,469,手島勝利,地,14,19101151,05656,05257,5522G51004,吉田勝利,二風谷ファーム,ドレフォン,ヴェルデライト,ディープインパクト,栗毛,190509,    0.0,  ,    , 0.0
22,11,12,15,不明,3,02,Ｃ２－,3,ダ,1,1300,良,ジュリエンヌ      ,牝,3,山田義貴,52.0,10,05,1,1,0,-0.2,5,87.2,"1272",0,4,4,3,3,0,469,手島勝利,地,35,19101151,05654,05257,5522F30205,吉田勝利,二風谷ファーム,ドレフォン,ヴェルデライト,ディープインパクト,栗毛,190509,    0.0,  ,    , 0.0
22,10,30,14,不明,5,02,騎手候,3,ダ,1,1400,良,ジュリエンヌ      ,牝,3,山田義貴,52.0,10,04,7,7,0,0.8,6,92.7,"1327",0,9,9,8,6,0,469,手島勝利,地,0,19101151,05654,05257,5522E50204,吉田勝利,二風谷ファーム,ドレフォン,ヴェルデライト,ディープインパクト,栗毛,190509,    0.0,  ,    , 0.0
22,10,16,13,不明,5,02,さがけ,3,ダ,1,1300,良,ジュリエンヌ      ,牝,3,山田義貴,52.0,10,05,7,7,0,2,3,86.3,"1263",0,8,8,8,8,0,470,手島勝利,地,0,19101151,05654,05257,5522D50205,吉田勝利,二風谷ファーム,ドレフォン,ヴェルデライト,ディープインパクト,栗毛,190509,    0.0,  ,    , 0.0
22,09,25,12,不明,5,02,３歳－,3,ダ,1,1300,良,ジュリエンヌ      ,牝,3,山田義貴,52.0,9,03,3,3,0,0.6,5,85.3,"1253",0,8,8,4,2,0,470,手島勝利,地,6,19101151,05654,05257,5522C50203,吉田勝利,二風谷ファーム,ドレフォン,ヴェルデライト,ディープインパクト,栗毛,190509,    0.0,  ,    , 0.0
22,09,11,11,不明,5,07,優希乃,3,ダ,1,1300,良,ジュリエンヌ      ,牝,3,山田義貴,52.0,9,02,4,4,0,1.3,8,85.3,"1253",0,8,8,8,4,0,473,手島勝利,地,4,19101151,05654,05257,5522B50702,吉田勝利,二風谷ファーム,ドレフォン,ヴェルデライト,ディープインパクト,栗毛,190509,    0.0,  ,    , 0.0
22,08,25,10,不明,4,05,シュガ,3,ダ,1,1300,不,ジュリエンヌ      ,牝,3,山田義貴,52.0,10,03,9,9,0,2.3,6,86.3,"1263",0,9,8,8,7,0,471,手島勝利,地,0,19101151,05654,05257,5522A40503,吉田勝利,二風谷ファーム,ドレフォン,ヴェルデライト,ディープインパクト,栗毛,190509,    0.0,  ,    , 0.0
22,07,31,9,不明,2,03,Ｃｈシ,3,ダ,1,1400,良,ジュリエンヌ      ,牝,3,山田義貴,51.0,8,02,1,1,0,-0.1,5,92.6,"1326",0,6,6,3,1,0,465,手島勝利,地,37,19101151,05654,05257,5522920302,吉田勝利,二風谷ファーム,ドレフォン,ヴェルデライト,ディープインパクト,栗毛,190509,    0.0,  ,    , 0.0
22,07,15,8,不明,1,05,佐賀競,3,ダ,1,1300,稍,ジュリエンヌ      ,牝,3,石川慎将,54.0,10,01,8,8,0,2.4,7,88.2,"1282",0,7,7,8,8,0,465,手島勝利,地,0,19101151,05478,05257,5522810501,吉田勝利,二風谷ファーム,ドレフォン,ヴェルデライト,ディープインパクト,栗毛,190509,    0.0,  ,    , 0.0
22,06,26,7,不明,2,06,炎陽賞,3,ダ,1,1300,重,ジュリエンヌ      ,牝,3,石川慎将,54.0,12,11,6,6,0,1.6,5,86.7,"1267",0,8,8,9,9,0,467,手島勝利,地,0,19101151,05478,05257,5522720611,吉田勝利,二風谷ファーム,ドレフォン,ヴェルデライト,ディープインパクト,栗毛,190509,    0.0,  ,    , 0.0
22,06,17,6,不明,3,05,さがけ,3,ダ,1,1400,良,ジュリエンヌ      ,牝,3,山口勲,54.0,11,01,11,11,0,5.1,6,95.5,"1355",0,10,9,10,10,0,467,手島勝利,地,0,19101151,05229,05257,5522630501,吉田勝利,二風谷ファーム,ドレフォン,ヴェルデライト,ディープインパクト,栗毛,190509,    0.0,  ,    , 0.0
22,06,03,5,不明,3,04,さがけ,3,ダ,1,1300,良,ジュリエンヌ      ,牝,3,山口勲,54.0,10,03,7,7,0,1.3,1,87.2,"1272",0,8,8,10,9,0,465,手島勝利,地,0,19101151,05229,05257,5522530403,吉田勝利,二風谷ファーム,ドレフォン,ヴェルデライト,ディープインパクト,栗毛,190509,    0.0,  ,    , 0.0
22,05,20,4,不明,3,05,佐賀競,3,ダ,1,1400,良,ジュリエンヌ      ,牝,3,山口勲,54.0,11,03,3,3,0,0.9,2,93.3,"1333",0,3,3,5,3,0,468,手島勝利,地,6,19101151,05229,05257,5522430503,吉田勝利,二風谷ファーム,ドレフォン,ヴェルデライト,ディープインパクト,栗毛,190509,    0.0,  ,    , 0.0
22,04,29,3,不明,1,06,若草賞,3,ダ,1,1300,不,ジュリエンヌ      ,牝,3,山口勲,54.0,11,01,5,5,0,1.3,1,86.4,"1264",0,8,7,7,7,0,467,手島勝利,地,3,19101151,05229,05257,5522310601,吉田勝利,二風谷ファーム,ドレフォン,ヴェルデライト,ディープインパクト,栗毛,190509,    0.0,  ,    , 0.0
22,04,15,2,不明,1,07,佐賀競,3,ダ,1,1400,不,ジュリエンヌ      ,牝,3,山口勲,54.0,11,01,2,2,0,0.3,1,92.3,"1323",0,6,6,6,3,0,478,手島勝利,地,11,19101151,05229,05257,5522210701,吉田勝利,二風谷ファーム,ドレフォン,ヴェルデライト,ディープインパクト,栗毛,190509,    0.0,  ,    , 0.0
22,04,03,1,不明,2,10,ＳＡＧ,3,ダ,1,1300,良,ジュリエンヌ      ,牝,3,飛田愛斗,54.0,11,07,2,2,0,0.1,3,86,"1260",0,9,7,6,6,0,479,手島勝利,地,11,19101151,05609,05257,5522121007,吉田勝利,二風谷ファーム,ドレフォン,ヴェルデライト,ディープインパクト,栗毛,190509,    0.0,  ,    , 0.0
22,01,16,1,中山,6,04,新馬・牝,15,ダ,1,1800,良,ジュリエンヌ      ,牝,3,横山琉人,51.0,14,11,10,10,0,3,14,119.8,"1598",0,13,13,13,13,40.7,452,大和田成,美,0,19101151,01192,01124,0622160411,吉田勝利,二風谷ファーム,ドレフォン,ヴェルデライト,ディープインパクト,栗毛,190509,  211.9,  ,    ,47.2
24,03,31,2,阪神,4,06,１勝ｸﾗｽ,23,ダ,1,1800,良,アヘッド          ,牝,4,柴田裕一,53.0,11,05,10,10,0,3.5,10,116.5,"1565",0,8,8,10,11,40.5,468,中竹和也,栗,0,20110092,01212,01039,0924240605,前田葉子,"North Hills Co. Ltd",Frankel,"Blanc Bonheur","Deep Impact",芦毛,200429,  121.3,  ,    ,43.8
24,03,09,1,中京,1,08,１勝ｸﾗｽ,23,ダ,1,1800,良,アヘッド          ,牝,4,柴田裕一,53.0,8,03,7,7,0,2.5,5,117.7,"1577",0,8,8,8,8,39.2,474,中竹和也,栗,0,20110092,01212,01039,0724110803,前田葉子,"North Hills Co. Ltd",Frankel,"Blanc Bonheur","Deep Impact",芦毛,200429,   19.0,  ,    ,50.1
24,02,25,1,阪神,2,06,１勝ｸﾗｽ,23,ダ,1,1800,不,アヘッド          ,牝,4,池添謙一,55.0,10,06,5,5,0,0.6,5,112.4,"1524",0,8,8,9,9,37,472,中竹和也,栗,80,20110092,01032,01039,0924120606,前田葉子,"North Hills Co. Ltd",Frankel,"Blanc Bonheur","Deep Impact",芦毛,200429,   14.3,  ,    ,51.9
23,12,02,5,阪神,1,08,１勝ｸﾗｽ,23,ダ,1,1800,良,アヘッド          ,牝,3,河原田菜,51.0,10,10,10,10,0,2.6,9,116.7,"1567",0,10,9,10,10,39.2,478,中竹和也,栗,0,20110092,01204,01039,0923510810,前田葉子,"North Hills Co. Ltd",Frankel,"Blanc Bonheur","Deep Impact",芦毛,200429,   71.3,  ,    ,48.9
23,11,25,3,京都,7,07,１勝ｸﾗｽ,23,ダ,1,1800,良,アヘッド          ,牝,3,藤岡康太,54.0,14,12,12,12,0,1.6,11,114.3,"1543",0,14,14,14,12,38.6,478,中竹和也,栗,0,20110092,01116,01039,0823370712,前田葉子,"North Hills Co. Ltd",Frankel,"Blanc Bonheur","Deep Impact",芦毛,200429,   43.3,  ,    ,48.1
23,06,24,3,阪神,7,04,未勝利,7,ダ,1,1800,稍,アヘッド          ,牝,3,藤岡康太,54.0,16,04,1,1,0,-0.2,5,114.7,"1547",0,10,10,10,8,38.6,452,中竹和也,栗,550,20110092,01116,01039,0923370404,前田葉子,"North Hills Co. Ltd",Frankel,"Blanc Bonheur","Deep Impact",芦毛,200429,   10.3,  ,    ,48.6
23,06,11,3,阪神,4,04,未勝利,7,ダ,1,1800,重,アヘッド          ,牝,3,藤岡康太,54.0,16,11,2,2,0,0,11,113,"1530",0,13,13,11,9,37.5,454,中竹和也,栗,220,20110092,01116,01039,0923340411,前田葉子,"North Hills Co. Ltd",Frankel,"Blanc Bonheur","Deep Impact",芦毛,200429,   98.5,  ,    ,50.7
23,04,29,1,京都,3,04,未勝利,7,ダ,1,1800,良,アヘッド          ,牝,3,鮫島克駿,54.0,13,06,9,9,0,4.5,7,118.5,"1585",0,6,6,7,8,40.9,458,中竹和也,栗,0,20110092,01157,01039,0823130406,前田葉子,"North Hills Co. Ltd",Frankel,"Blanc Bonheur","Deep Impact",芦毛,200429,   22.2,  ,    ,44.9
23,04,09,1,福島,2,01,未勝利,7,ダ,1,1700,稍,アヘッド          ,牝,3,藤岡康太,54.0,15,09,5,5,0,1,5,108.4,"1484",0,13,12,5,6,39.2,444,中竹和也,栗,55,20110092,01116,01039,0323120109,前田葉子,"North Hills Co. Ltd",Frankel,"Blanc Bonheur","Deep Impact",芦毛,200429,   11.5,  ,    ,46.3
23,03,11,2,中京,1,02,未勝利,7,ダ,1,1800,良,アヘッド          ,牝,3,鮫島克駿,54.0,14,06,5,5,0,0.6,4,115.9,"1559",0,7,8,6,6,39.4,448,中竹和也,栗,55,20110092,01157,01039,0723210206,前田葉子,"North Hills Co. Ltd",Frankel,"Blanc Bonheur","Deep Impact",芦毛,200429,   10.1,  ,    ,47.1
23,02,12,2,小倉,2,01,未勝利,7,ダ,1,1700,重,アヘッド          ,牝,3,藤岡康太,54.0,16,15,4,4,0,0.3,8,105.6,"1456",0,13,10,6,5,38.3,446,中竹和也,栗,83,20110092,01116,01039,1023220115,前田葉子,"North Hills Co. Ltd",Frankel,"Blanc Bonheur","Deep Impact",芦毛,200429,   30.7,  ,    ,45.8
23,01,22,1,中京,8,01,未勝利,7,ダ,1,1800,良,アヘッド          ,牝,3,鮫島克駿,54.0,15,11,5,5,0,1.8,9,117.3,"1573",0,9,9,7,7,39.5,450,中竹和也,栗,55,20110092,01157,01039,0723180111,前田葉子,"North Hills Co. Ltd",Frankel,"Blanc Bonheur","Deep Impact",芦毛,200429,   51.4,  ,    ,48.5
23,01,07,1,中京,2,05,未勝利,7,芝,0,1600,良,アヘッド          ,牝,3,鮫島克駿,54.0,15,12,10,10,0,2,10,96,"1360",0,0,13,12,12,34.5,454,中竹和也,栗,0,20110092,01157,01039,0723120512,前田葉子,"North Hills Co. Ltd",Frankel,"Blanc Bonheur","Deep Impact",芦毛,200429,   68.3,  ,    ,57.0
22,09,04,3,新潟,8,06,新馬,15,芝,0,1400,良,アヘッド          ,牝,2,鮫島克駿,54.0,18,09,6,6,0,0.9,2,84.6,"1246",0,0,0,12,11,35.8,462,中竹和也,栗,0,20110092,01157,01039,0422380609,前田葉子,"North Hills Co. Ltd",Frankel,"Blanc Bonheur","Deep Impact",芦毛,200429,    4.9,  ,    ,52.2
24,07,06,2,福島,3,08,１勝ｸﾗｽ,23,芝,0,2000,良,バナマンテソーロ  ,牡,3,木幡巧也,55.0,11,02,4,4,0,1,7,120.2,"2002",0,3,3,2,2,36.8,496,加藤士津,美,120,21102281,01162,01169,0324230802,了徳寺健二ホールディングス,リョーケンファーム,ハーツクライ,パールプリンセス,"Astronomer Royal",黒鹿,210416,   29.5,  ,    ,47.1
24,03,30,3,中山,3,09,山吹賞･1勝*,23,芝,8,2200,稍,バナマンテソーロ  ,牡,3,柴田大知,57.0,14,08,11,11,0,0.7,13,135.8,"2158",0,14,14,14,13,34.9,502,加藤士津,美,0,21102281,01009,01169,0624330908,了徳寺健二ホールディングス,リョーケンファーム,ハーツクライ,パールプリンセス,"Astronomer Royal",黒鹿,210416,   87.9,  ,    ,58.4
24,03,09,1,中京,1,06,１勝ｸﾗｽ*,23,ダ,1,1800,稍,バナマンテソーロ  ,牡,3,永島まな,54.0,14,08,11,11,0,3.7,4,117.7,"1577",0,10,10,11,12,40.8,500,加藤士津,美,0,21102281,01187,01169,0724110608,了徳寺健二ホールディングス,リョーケンファーム,ハーツクライ,パールプリンセス,"Astronomer Royal",黒鹿,210416,    9.7,  ,    ,44.2
24,02,18,1,東京,8,09,ヒヤシン(L),115,ダ,1,1600,良,バナマンテソーロ  ,牡,3,松山弘平,57.0,11,03,9,9,0,1.4,9,97.7,"1377",0,0,0,11,11,37.2,504,加藤士津,美,0,21102281,01126,01169,0524180903,了徳寺健二ホールディングス,リョーケンファーム,ハーツクライ,パールプリンセス,"Astronomer Royal",黒鹿,210416,   48.4,  ,    ,47.6
24,01,27,1,東京,1,04,１勝ｸﾗｽ*,23,ダ,1,1600,良,バナマンテソーロ  ,牡,3,柴田大知,57.0,14,10,5,5,0,0.6,9,98.6,"1386",0,0,0,13,13,37.7,508,加藤士津,美,78,21102281,01009,01169,0524110410,了徳寺健二ホールディングス,リョーケンファーム,ハーツクライ,パールプリンセス,"Astronomer Royal",黒鹿,210416,  100.9,  ,    ,46.9
24,01,07,1,中山,2,07,１勝ｸﾗｽ*,23,ダ,1,1800,良,バナマンテソーロ  ,牡,3,原優介,56.0,13,02,6,6,0,0.9,11,115.7,"1557",0,3,3,3,3,40.5,498,加藤士津,美,0,21102281,01184,01169,0624120702,了徳寺健二ホールディングス,リョーケンファーム,ハーツクライ,パールプリンセス,"Astronomer Royal",黒鹿,210416,   43.6,  ,    ,42.8
23,12,10,5,中山,4,07,１勝ｸﾗｽ*,23,ダ,1,1800,良,バナマンテソーロ  ,牡,2,佐々木大,55.0,16,02,11,11,0,2.6,7,115.1,"1551",0,8,8,7,7,39.6,498,加藤士津,美,0,21102281,01197,01169,0623540702,了徳寺健二ホールディングス,リョーケンファーム,ハーツクライ,パールプリンセス,"Astronomer Royal",黒鹿,210416,   20.7,  ,    ,45.3
23,10,28,4,新潟,5,02,未勝利*,7,ダ,1,1800,稍,バナマンテソーロ  ,牡,2,佐々木大,55.0,14,11,1,1,0,-0.2,1,115.4,"1554",0,4,3,3,4,38.6,494,加藤士津,美,550,21102281,01197,01169,0423450211,了徳寺健二ホールディングス,リョーケンファーム,ハーツクライ,パールプリンセス,"Astronomer Royal",黒鹿,210416,    2.5,  ,    ,49.5
23,09,30,4,中山,8,03,未勝利*,7,ダ,1,1800,良,バナマンテソーロ  ,牡,2,戸崎圭太,55.0,16,02,6,6,0,1.4,1,117.1,"1571",0,4,3,3,3,39.4,500,加藤士津,美,0,21102281,05386,01169,0623480302,了徳寺健二ホールディングス,リョーケンファーム,ハーツクライ,パールプリンセス,"Astronomer Royal",黒鹿,210416,    1.7,  ,    ,48.6
23,09,16,4,中山,3,04,新馬,15,ダ,1,1800,良,バナマンテソーロ  ,牡,2,永野猛蔵,54.0,15,03,2,2,0,0.1,12,116,"1560",0,4,3,4,3,38.6,496,加藤士津,美,290,21102281,01188,01169,0623430403,了徳寺健二ホールディングス,リョーケンファーム,ハーツクライ,パールプリンセス,"Astronomer Royal",黒鹿,210416,   65.8,  ,    ,50.3
24,07,06,1,函館,9,08,１勝ｸﾗｽ,23,ダ,1,1700,稍,ポリクシニーズ    ,牡,5,佐々木大,58.0,10,09,5,5,0,1.2,6,106.9,"1469",0,6,8,7,6,38.4,506,黒岩陽一,美,80,19100913,01197,01133,0224190809,今村明浩,村上欽哉,リオンディーズ,ウエストローズ,スピニングワールド,青鹿,190515,   34.3,  ,    ,47.3
24,05,05,2,東京,6,06,１勝ｸﾗｽ,23,ダ,1,1600,良,ポリクシニーズ    ,牡,5,永野猛蔵,57.0,13,03,4,4,0,1.2,9,98.4,"1384",0,0,0,8,6,38.4,506,黒岩陽一,美,120,19100913,01188,01133,0524260603,今村明浩,村上欽哉,リオンディーズ,ウエストローズ,スピニングワールド,青鹿,190515,   67.2,  ,    ,43.8
24,02,25,2,小倉,6,10,国東特別･1勝,23,芝,0,2000,稍,ポリクシニーズ    ,牡,5,荻野極,58.0,9,03,9,9,0,1.2,9,123.6,"2036",0,2,2,2,2,37.2,502,黒岩陽一,美,0,19100913,01160,01133,1024261003,今村明浩,村上欽哉,リオンディーズ,ウエストローズ,スピニングワールド,青鹿,190515,   90.4,  ,    ,49.5
24,01,28,1,小倉,6,12,１勝ｸﾗｽ,23,芝,0,2000,稍,ポリクシニーズ    ,牡,5,荻野極,58.0,13,02,5,5,0,0.5,12,122.4,"2024",0,8,9,8,7,36.9,496,黒岩陽一,美,80,19100913,01160,01133,1024161202,今村明浩,村上欽哉,リオンディーズ,ウエストローズ,スピニングワールド,青鹿,190515,  104.9,  ,    ,49.3
24,01,20,1,小倉,3,10,戸畑特別･1勝,23,芝,0,2000,稍,ポリクシニーズ    ,牡,5,荻野極,58.0,17,08,14,14,0,2.9,10,124.5,"2045",0,2,2,2,5,38.7,498,黒岩陽一,美,0,19100913,01160,01133,1024131008,今村明浩,村上欽哉,リオンディーズ,ウエストローズ,スピニングワールド,青鹿,190515,   54.1,  ,    ,45.0
23,12,16,5,中山,5,07,ヤングジ･1勝,23,芝,0,2000,良,ポリクシニーズ    ,牡,4,松本大輝,58.0,16,01,8,8,0,1.1,11,121,"2010",0,6,6,7,7,36.7,500,黒岩陽一,美,0,19100913,01191,01133,0623550701,今村明浩,村上欽哉,リオンディーズ,ウエストローズ,スピニングワールド,青鹿,190515,   60.9,  ,    ,48.4
23,11,18,3,福島,5,12,１勝ｸﾗｽ,23,芝,0,2000,稍,ポリクシニーズ    ,牡,4,荻野極,58.0,16,06,8,8,0,1.2,11,124.9,"2049",0,4,4,8,8,38,496,黒岩陽一,美,0,19100913,01160,01133,0323351206,今村明浩,村上欽哉,リオンディーズ,ウエストローズ,スピニングワールド,青鹿,190515,   30.6,  ,    ,48.0
23,10,28,4,東京,8,08,１勝ｸﾗｽ,23,芝,0,2000,良,ポリクシニーズ    ,牡,4,木幡巧也,58.0,10,03,5,5,0,0.7,8,120.4,"2004",0,0,6,6,6,34.4,484,黒岩陽一,美,80,19100913,01162,01133,0523480803,今村明浩,村上欽哉,リオンディーズ,ウエストローズ,スピニングワールド,青鹿,190515,   69.3,  ,    ,57.1
23,07,15,2,福島,5,09,南相馬特･1勝,23,芝,0,2000,稍,ポリクシニーズ    ,牡,4,木幡巧也,58.0,10,07,3,3,0,0.5,9,124.6,"2046",0,6,5,5,5,37.2,476,黒岩陽一,美,280,19100913,01162,01133,0323250907,今村明浩,村上欽哉,リオンディーズ,ウエストローズ,スピニングワールド,青鹿,190515,   85.8,  ,    ,50.7
23,06,25,3,東京,8,07,１勝ｸﾗｽ,23,芝,0,2000,良,ポリクシニーズ    ,牡,4,木幡巧也,58.0,11,02,8,8,0,1.9,11,119.8,"1598",0,0,10,9,8,35.3,480,黒岩陽一,美,0,19100913,01162,01133,0523380702,今村明浩,村上欽哉,リオンディーズ,ウエストローズ,スピニングワールド,青鹿,190515,  259.0,  ,    ,52.6
23,06,11,3,東京,4,08,１勝ｸﾗｽ,23,芝,0,2000,稍,ポリクシニーズ    ,牡,4,原優介,56.0,9,08,7,7,0,1.3,8,121.9,"2019",0,0,9,9,8,35.3,478,黒岩陽一,美,0,19100913,01184,01133,0523340808,今村明浩,村上欽哉,リオンディーズ,ウエストローズ,スピニングワールド,青鹿,190515,  173.3,  ,    ,55.1
22,11,14,12,不明,1,07,Ｃ２１,3,ダ,1,1400,良,ポリクシニーズ    ,牡,3,渡辺竜也,56.0,8,03,1,1,0,-0.3,1,90.9,"1309",0,1,1,1,1,0,472,後藤佑耶,無,30,19100913,05558,,4722C10703,今村明浩,村上欽哉,リオンディーズ,ウエストローズ,スピニングワールド,青鹿,190515,    0.0,  ,    , 0.0
22,11,01,11,不明,2,11,一文字,3,ダ,1,1400,稍,ポリクシニーズ    ,牡,3,渡辺竜也,56.0,8,07,4,4,0,1,2,90.5,"1305",0,4,4,3,4,0,481,後藤佑耶,無,4,19100913,05558,,4722B21107,今村明浩,村上欽哉,リオンディーズ,ウエストローズ,スピニングワールド,青鹿,190515,    0.0,  ,    , 0.0
22,10,17,10,不明,1,04,Ｃ２４,3,ダ,1,1400,良,ポリクシニーズ    ,牡,3,渡辺竜也,56.0,7,04,1,1,0,-2.5,1,91,"1310",0,3,3,2,1,0,480,後藤佑耶,無,30,19100913,05558,,4722A10404,今村明浩,村上欽哉,リオンディーズ,ウエストローズ,スピニングワールド,青鹿,190515,    0.0,  ,    , 0.0
22,08,21,3,新潟,4,06,未勝利,7,芝,0,2000,稍,ポリクシニーズ    ,牡,3,津村明秀,56.0,18,13,8,8,0,1.2,9,122.1,"2021",0,10,11,5,5,36.1,474,黒岩陽一,美,0,19100913,01092,01133,0422340613,今村明浩,村上欽哉,リオンディーズ,ウエストローズ,スピニングワールド,青鹿,190515,   56.1,  ,    ,52.1
21,11,20,2,福島,5,05,新馬,15,芝,0,1800,良,ポリクシニーズ    ,牡,2,秋山稔樹,54.0,12,06,6,6,0,1,9,113.8,"1538",0,2,2,2,2,37,456,黒岩陽一,美,0,19100913,01181,01133,0321250506,今村明浩,村上欽哉,リオンディーズ,ウエストローズ,スピニングワールド,青鹿,190515,   35.0,  ,    ,53.8
23,08,05,2,新潟,3,08,１勝ｸﾗｽ,23,ダ,1,1800,良,ショーヘーフェイス,牡,3,団野大成,55.0,15,12,4,4,0,0.4,1,112.9,"1529",0,8,8,7,5,37.7,550,荒川義之,栗,120,20106022,01180,01095,0423230812,STレーシング,森永聡,シルバーステート,オメガカリビアン,フレンチデピュティ,芦毛,200418,    3.4,  ,    ,49.7
23,07,15,3,中京,5,07,１勝ｸﾗｽ,23,ダ,1,1800,稍,ショーヘーフェイス,牡,3,団野大成,55.0,11,05,2,2,0,0.2,5,114.4,"1544",0,5,4,4,3,38.8,534,荒川義之,栗,320,20106022,01180,01095,0723350705,STレーシング,森永聡,シルバーステート,オメガカリビアン,フレンチデピュティ,芦毛,200418,   10.2,  ,    ,47.4
23,04,23,1,京都,2,04,未勝利,7,ダ,1,1800,良,ショーヘーフェイス,牡,3,団野大成,56.0,13,10,1,1,0,-0.4,1,114.2,"1542",0,6,5,6,5,36.7,556,荒川義之,栗,550,20106022,01180,01095,0823120410,STレーシング,森永聡,シルバーステート,オメガカリビアン,フレンチデピュティ,芦毛,200418,    2.8,  ,    ,55.6
23,04,01,2,阪神,3,02,未勝利,7,ダ,1,1800,良,ショーヘーフェイス,牡,3,団野大成,56.0,16,08,2,2,0,0.3,2,115.1,"1551",0,8,9,8,7,38.7,560,荒川義之,栗,220,20106022,01180,01095,0923230208,STレーシング,森永聡,シルバーステート,オメガカリビアン,フレンチデピュティ,芦毛,200418,    2.9,  ,    ,48.7
23,03,18,2,中京,3,03,未勝利,7,ダ,1,1800,重,ショーヘーフェイス,牡,3,菅原明良,56.0,16,14,2,2,0,0.3,6,111.8,"1518",0,6,6,6,7,36,560,荒川義之,栗,220,20106022,01179,01095,0723230314,STレーシング,森永聡,シルバーステート,オメガカリビアン,フレンチデピュティ,芦毛,200418,   11.6,  ,    ,55.3
23,03,05,1,阪神,8,03,未勝利,7,ダ,1,1800,良,ショーヘーフェイス,牡,3,団野大成,56.0,11,11,7,7,0,1.8,2,116.8,"1568",0,1,1,1,1,40.4,560,荒川義之,栗,0,20106022,01180,01095,0923180311,STレーシング,森永聡,シルバーステート,オメガカリビアン,フレンチデピュティ,芦毛,200418,    3.3,  ,    ,44.6
23,02,18,1,阪神,3,05,新馬,15,ダ,1,1800,良,ショーヘーフェイス,牡,3,菅原明良,56.0,16,10,3,3,0,0.8,4,118.3,"1583",0,5,7,4,6,39.6,572,荒川義之,栗,160,20106022,01179,01095,0923130510,STレーシング,森永聡,シルバーステート,オメガカリビアン,フレンチデピュティ,芦毛,200418,   10.0,  ,    ,49.4
24,06,29,2,福島,1,01,障害・オープ,131,芝,2,2750,良,リレーションシップ,牡,7,高田潤,60.0,14,13,5,5,0,0.9,4,179.2,"2592",0,6,6,4,4,13,518,斉藤崇史,栗,135,17105272,01046,01151,0324210113,吉田勝己,ノーザンファーム,ルーラーシップ,カラフルブラッサム,ハーツクライ,鹿毛,170320,   13.0,  ,    , 0.0
24,04,27,1,新潟,1,01,障害未勝利,7,芝,2,2890,良,リレーションシップ,牡,7,高田潤,60.0,14,10,1,1,0,-0.3,1,191.5,"3115",0,5,6,5,4,13.3,518,斉藤崇史,栗,790,17105272,01046,01151,0424110110,吉田勝己,ノーザンファーム,ルーラーシップ,カラフルブラッサム,ハーツクライ,鹿毛,170320,    2.3,  ,    , 0.0
24,04,06,1,福島,1,04,障害未勝利,7,芝,2,2750,良,リレーションシップ,牡,7,高田潤,60.0,14,12,6,6,0,0.9,7,183.3,"3033",0,13,13,13,11,13.3,518,斉藤崇史,栗,0,17105272,01046,01151,0324110412,吉田勝己,ノーザンファーム,ルーラーシップ,カラフルブラッサム,ハーツクライ,鹿毛,170320,   17.5,  ,    , 0.0
24,01,14,1,京都,5,11,日経新春ＨG2,179,芝,8,2400,良,リレーションシップ,牡,7,高田潤,54.0,14,01,13,13,0,2.5,14,146.2,"2262",0,13,13,13,14,37.7,518,斉藤崇史,栗,0,17105272,01046,01151,0824151101,吉田勝己,ノーザンファーム,ルーラーシップ,カラフルブラッサム,ハーツクライ,鹿毛,170320,  397.4,  ,    ,45.9
23,11,05,3,福島,2,11,みちのく,131,芝,0,1200,良,リレーションシップ,牡,6,吉田隼人,57.0,16,02,12,12,0,0.9,5,70.5,"1105",0,0,0,9,10,36.1,504,須貝尚介,栗,0,17105272,01095,01105,0323321102,吉田勝己,ノーザンファーム,ルーラーシップ,カラフルブラッサム,ハーツクライ,鹿毛,170320,   14.2,  ,    ,45.3
23,07,16,2,福島,6,11,福島テレ,131,芝,0,1200,良,リレーションシップ,牡,6,三浦皇成,57.0,16,04,7,7,0,0.3,7,69.7,"1097",0,0,0,7,6,34.7,508,須貝尚介,栗,0,17105272,01122,01105,0323261104,吉田勝己,ノーザンファーム,ルーラーシップ,カラフルブラッサム,ハーツクライ,鹿毛,170320,   18.5,  ,    ,50.9
23,05,07,1,京都,6,11,鞍馬Ｓ,131,芝,0,1200,不,リレーションシップ,牡,6,秋山真一,57.0,18,05,11,11,0,0.8,9,70.7,"1107",0,0,0,4,6,35.6,512,須貝尚介,栗,0,17105272,01019,01105,0823161105,吉田勝己,ノーザンファーム,ルーラーシップ,カラフルブラッサム,ハーツクライ,鹿毛,170320,   20.4,  ,    ,48.6
23,02,26,1,阪神,6,11,阪急杯G3,163,芝,0,1400,良,リレーションシップ,牡,6,岩田康誠,57.0,16,10,11,11,0,0.9,9,80.4,"1204",0,0,0,9,9,34.1,510,須貝尚介,栗,0,17105272,05203,01105,0923161110,吉田勝己,ノーザンファーム,ルーラーシップ,カラフルブラッサム,ハーツクライ,鹿毛,170320,   46.7,  ,    ,51.8
23,02,12,2,小倉,2,11,北九州短,131,芝,0,1200,稍,リレーションシップ,牡,6,西村淳也,57.0,18,04,4,4,0,0.1,5,68.3,"1083",0,0,0,4,3,34.9,508,須貝尚介,栗,350,17105272,01171,01105,1023221104,吉田勝己,ノーザンファーム,ルーラーシップ,カラフルブラッサム,ハーツクライ,鹿毛,170320,    8.3,  ,    ,45.7
22,11,13,5,東京,4,11,オーロＨ(L),115,芝,0,1400,良,リレーションシップ,牡,5,松田大作,55.0,18,18,12,12,0,0.6,9,81.2,"1212",0,0,0,3,3,34.4,506,須貝尚介,栗,0,17105272,01030,01105,0522541118,吉田勝己,ノーザンファーム,ルーラーシップ,カラフルブラッサム,ハーツクライ,鹿毛,170320,   30.8,  ,    ,52.0
22,10,22,4,東京,6,11,富士ＳG2,179,芝,0,1600,良,リレーションシップ,牡,5,石橋脩,56.0,16,11,10,10,0,1.1,13,93.1,"1331",0,0,0,7,5,34.8,504,須貝尚介,栗,0,17105272,01077,01105,0522461111,吉田勝己,ノーザンファーム,ルーラーシップ,カラフルブラッサム,ハーツクライ,鹿毛,170320,  146.5,  ,    ,50.5
22,06,26,3,東京,8,11,パラダＨ(L),115,芝,0,1400,良,リレーションシップ,牡,5,戸崎圭太,55.0,16,12,6,6,0,0.6,3,80.8,"1208",0,0,0,4,4,34.2,504,須貝尚介,栗,0,17105272,05386,01105,0522381112,吉田勝己,ノーザンファーム,ルーラーシップ,カラフルブラッサム,ハーツクライ,鹿毛,170320,    6.0,  ,    ,52.2
22,05,29,3,中京,8,10,安土城Ｈ(L),115,芝,0,1400,良,リレーションシップ,牡,5,酒井学,55.0,18,12,4,4,0,0.2,3,79.6,"1196",0,0,0,4,4,33.9,504,須貝尚介,栗,380,17105272,01034,01105,0722381012,吉田勝己,ノーザンファーム,ルーラーシップ,カラフルブラッサム,ハーツクライ,鹿毛,170320,    5.5,  ,    ,51.1
22,05,14,2,東京,7,11,京王杯スG2,179,芝,0,1400,良,リレーションシップ,牡,5,戸崎圭太,56.0,12,07,6,6,0,0.3,9,80.5,"1205",0,0,0,9,9,33.5,504,須貝尚介,栗,0,17105272,05386,01105,0522271107,吉田勝己,ノーザンファーム,ルーラーシップ,カラフルブラッサム,ハーツクライ,鹿毛,170320,   21.9,  ,    ,55.2
22,02,27,1,阪神,6,11,阪急杯G3,163,芝,0,1400,良,リレーションシップ,牡,5,松田大作,56.0,14,03,4,4,0,0.6,7,80.5,"1205",0,0,0,9,9,34.5,504,須貝尚介,栗,650,17105272,01030,01105,0922161103,吉田勝己,ノーザンファーム,ルーラーシップ,カラフルブラッサム,ハーツクライ,鹿毛,170320,   12.9,  ,    ,50.0
22,01,08,1,中山,2,11,ニューイ(L),115,芝,8,1600,稍,リレーションシップ,牡,5,Ｍ．デム,56.0,16,06,8,8,0,0.6,5,94,"1340",0,0,2,6,5,35.5,502,須貝尚介,栗,0,17105272,05212,01105,0622121106,吉田勝己,ノーザンファーム,ルーラーシップ,カラフルブラッサム,ハーツクライ,鹿毛,170320,    7.0,  ,    ,48.9
21,10,30,4,阪神,7,11,スワンＳG2,179,芝,0,1400,良,リレーションシップ,牡,4,松田大作,56.0,18,01,7,7,0,0.3,8,81,"1210",0,0,0,7,6,34.8,500,須貝尚介,栗,0,17105272,01030,01105,0921471101,吉田勝己,ノーザンファーム,ルーラーシップ,カラフルブラッサム,ハーツクライ,鹿毛,170320,   25.2,  ,    ,49.6
21,10,10,4,阪神,2,10,戎橋ＳＨ･3勝,67,芝,0,1400,良,リレーションシップ,牡,4,Ｍ．デム,56.0,15,10,1,1,0,-0.2,4,80.4,"1204",0,0,0,8,7,35,502,須貝尚介,栗,1820,17105272,05212,01105,0921421010,吉田勝己,ノーザンファーム,ルーラーシップ,カラフルブラッサム,ハーツクライ,鹿毛,170320,    7.1,  ,    ,47.3
21,06,20,3,東京,6,10,多摩川Ｓ･3勝,67,芝,0,1400,良,リレーションシップ,牡,4,菅原明良,57.0,16,10,10,10,0,0.9,1,81.3,"1213",0,0,0,9,9,34.4,508,須貝尚介,栗,0,17105272,01179,01105,0521361010,吉田勝己,ノーザンファーム,ルーラーシップ,カラフルブラッサム,ハーツクライ,鹿毛,170320,    3.0,  ,    ,52.3
21,05,29,3,中京,7,10,志摩ＳＨ･3勝,67,芝,0,1400,良,リレーションシップ,牡,4,ルメール,55.0,13,04,2,2,0,0.2,1,79.6,"1196",0,0,0,3,3,34.3,504,須貝尚介,栗,730,17105272,05339,01105,0721371004,吉田勝己,ノーザンファーム,ルーラーシップ,カラフルブラッサム,ハーツクライ,鹿毛,170320,    2.2,  ,    ,49.1
21,01,31,1,小倉,6,11,巌流島Ｓ･3勝,67,芝,0,1200,良,リレーションシップ,牡,4,浜中俊,56.0,17,13,8,8,0,0.6,1,68.9,"1089",0,0,0,4,4,35.8,500,須貝尚介,栗,0,17105272,01115,01105,1021161113,吉田勝己,ノーザンファーム,ルーラーシップ,カラフルブラッサム,ハーツクライ,鹿毛,170320,    2.0,  ,    ,42.5
21,01,05,1,中京,1,12,２勝ｸﾗｽ,43,芝,0,1400,良,リレーションシップ,牡,4,武豊,56.0,15,13,1,1,0,-0.3,1,80.5,"1205",0,0,0,3,4,34.6,498,須貝尚介,栗,1100,17105272,00666,01105,0721111213,吉田勝己,ノーザンファーム,ルーラーシップ,カラフルブラッサム,ハーツクライ,鹿毛,170320,    2.8,  ,    ,49.5
20,12,12,3,中京,3,09,１勝ｸﾗｽ,23,芝,0,1400,良,リレーションシップ,牡,3,ルメール,56.0,18,05,1,1,0,-0.4,1,80.3,"1203",0,0,0,5,5,34.7,500,須貝尚介,栗,760,17105272,05339,01105,0720330905,吉田勝己,ノーザンファーム,ルーラーシップ,カラフルブラッサム,ハーツクライ,鹿毛,170320,    3.3,  ,    ,48.6
20,10,10,4,新潟,1,12,朝日岳特･1勝,23,芝,0,1200,良,リレーションシップ,牡,3,菱田裕二,55.0,14,12,8,8,0,0.5,2,69.8,"1098",0,0,0,6,6,35.1,502,須貝尚介,栗,0,17105272,01144,01105,0420411212,吉田勝己,ノーザンファーム,ルーラーシップ,カラフルブラッサム,ハーツクライ,鹿毛,170320,    3.1,  ,    ,48.9
20,09,26,2,中京,6,08,１勝ｸﾗｽ,23,芝,0,1400,良,リレーションシップ,牡,3,ルメール,55.0,18,09,4,4,0,0.3,2,80.8,"1208",0,0,0,4,3,35,504,須貝尚介,栗,110,17105272,05339,01105,0720260809,吉田勝己,ノーザンファーム,ルーラーシップ,カラフルブラッサム,ハーツクライ,鹿毛,170320,    4.9,  ,    ,48.1
20,01,18,1,小倉,1,03,未勝利,7,芝,0,1200,稍,リレーションシップ,牡,3,藤岡康太,56.0,18,01,1,1,0,-1.4,2,68.3,"1083",0,0,0,3,2,34.6,506,須貝尚介,栗,510,17105272,01116,01105,1020110301,吉田勝己,ノーザンファーム,ルーラーシップ,カラフルブラッサム,ハーツクライ,鹿毛,170320,    3.8,  ,    ,47.4
19,12,22,5,阪神,8,03,未勝利*,7,芝,0,1200,良,リレーションシップ,牡,2,藤岡康太,55.0,16,14,4,4,0,0.6,6,69.6,"1096",0,0,0,6,6,34.4,518,須貝尚介,栗,75,17105272,01116,01105,0919580314,吉田勝己,ノーザンファーム,ルーラーシップ,カラフルブラッサム,ハーツクライ,鹿毛,170320,   14.3,  ,    ,52.3
19,10,05,4,京都,1,01,未勝利*,7,ダ,1,1400,稍,リレーションシップ,牡,2,シュタル,55.0,14,08,10,10,0,2.7,6,89,"1290",0,0,0,11,12,40.5,490,須貝尚介,栗,0,17105272,05115,01105,0819410108,吉田勝己,ノーザンファーム,ルーラーシップ,カラフルブラッサム,ハーツクライ,鹿毛,170320,   16.8,  ,    ,39.8
19,09,15,4,阪神,4,03,新馬,15,ダ,1,1800,良,リレーションシップ,牡,2,川田将雅,54.0,13,06,13,13,0,5.6,1,121.6,"2016",0,7,6,6,6,44,500,須貝尚介,栗,0,17105272,01088,01105,0919440306,吉田勝己,ノーザンファーム,ルーラーシップ,カラフルブラッサム,ハーツクライ,鹿毛,170320,    2.3,  ,    ,38.2
24,06,22,3,東京,7,08,東京ジャJG3,163,芝,2,3110,稍,ダイシンクローバー,セ,8,黒岩悠,61.0,14,01,10,10,0,4.1,11,210.6,"3306",0,6,7,8,8,13.5,496,高橋一哉,栗,0,16100158,01072,01206,0524370801,大八木信行,カミイスタット,キンシャサノキセキ,ヒシディーバ,"Fusaichi Pegasus",黒鹿,160409,   49.6,  ,    , 0.0
24,06,01,4,京都,1,10,若狭湾特･2勝,43,ダ,1,1800,稍,ダイシンクローバー,セ,8,黒岩悠,58.0,10,03,9,9,0,1.6,8,115.1,"1551",0,6,6,7,8,37,508,高橋一哉,栗,0,16100158,01072,01206,0824411003,大八木信行,カミイスタット,キンシャサノキセキ,ヒシディーバ,"Fusaichi Pegasus",黒鹿,160409,   67.0,  ,    ,55.5
24,04,13,3,中山,7,11,中山グラJG1,195,芝,2,4250,良,ダイシンクローバー,セ,8,高田潤,63.0,12,12,7,7,0,4.3,7,291.5,"4515",0,6,6,7,7,13.7,490,高橋一哉,栗,0,16100158,01046,01206,0624371112,大八木信行,カミイスタット,キンシャサノキセキ,ヒシディーバ,"Fusaichi Pegasus",黒鹿,160409,  123.4,  ,    , 0.0
23,12,23,5,中山,7,10,中山大障JG1,195,芝,2,4100,良,ダイシンクローバー,セ,7,高田潤,63.0,12,05,6,6,0,4.5,5,282.4,"4424",0,8,8,6,6,13.8,484,安田隆行,栗,0,16100158,01046,00438,0623571005,大八木信行,カミイスタット,キンシャサノキセキ,ヒシディーバ,"Fusaichi Pegasus",黒鹿,160409,   12.5,  ,    , 0.0
23,11,11,3,京都,3,08,京都ジャJG3,163,芝,2,3170,稍,ダイシンクローバー,セ,7,高田潤,61.0,12,05,4,4,0,0.8,2,219.5,"3395",0,2,3,6,6,13.8,490,安田隆行,栗,440,16100158,01046,00438,0823330805,大八木信行,カミイスタット,キンシャサノキセキ,ヒシディーバ,"Fusaichi Pegasus",黒鹿,160409,    4.2,  ,    , 0.0
23,10,15,4,東京,5,09,東京ハイJG2,179,芝,2,3110,重,ダイシンクローバー,セ,7,上野翔,61.0,12,06,8,8,0,3.5,7,215.5,"3355",0,10,9,10,9,13.9,490,安田隆行,栗,0,16100158,01087,00438,0523450906,大八木信行,カミイスタット,キンシャサノキセキ,ヒシディーバ,"Fusaichi Pegasus",黒鹿,160409,   17.7,  ,    , 0.0
23,05,13,1,京都,7,08,京都ハイJG2,179,芝,2,3930,良,ダイシンクローバー,セ,7,森一馬,60.0,11,10,1,1,0,0,1,273.7,"4337",0,3,3,4,2,13.9,488,安田隆行,栗,4100,16100158,01139,00438,0823170810,大八木信行,カミイスタット,キンシャサノキセキ,ヒシディーバ,"Fusaichi Pegasus",黒鹿,160409,    2.0,  ,    , 0.0
23,04,15,3,中山,7,11,中山グラJG1,195,芝,2,4250,重,ダイシンクローバー,セ,7,森一馬,63.0,10,07,3,3,0,3.4,5,297.5,"4575",0,6,6,5,6,14,484,安田隆行,栗,1700,16100158,01139,00438,0623371107,大八木信行,カミイスタット,キンシャサノキセキ,ヒシディーバ,"Fusaichi Pegasus",黒鹿,160409,   11.9,  ,    , 0.0
23,03,18,2,中山,7,08,ペガサス,131,芝,2,3350,重,ダイシンクローバー,セ,7,平沢健治,60.0,14,02,2,2,0,0.4,6,228.7,"3487",0,7,6,4,5,13.7,486,安田隆行,栗,660,16100158,01067,00438,0623270802,大八木信行,カミイスタット,キンシャサノキセキ,ヒシディーバ,"Fusaichi Pegasus",黒鹿,160409,    9.4,  ,    , 0.0
23,01,07,1,中山,2,08,中山新春,131,ダ,3,3200,良,ダイシンクローバー,セ,7,森一馬,61.0,11,11,1,1,0,-0.1,2,218.4,"3384",0,5,5,2,2,13.7,486,安田隆行,栗,1650,16100158,01139,00438,0623120811,大八木信行,カミイスタット,キンシャサノキセキ,ヒシディーバ,"Fusaichi Pegasus",黒鹿,160409,    4.4,  ,    , 0.0
22,12,10,6,阪神,3,04,障害・オープ,131,ダ,3,3110,良,ダイシンクローバー,セ,6,小牧加矢,58.0,14,09,3,3,0,0.2,4,211.6,"3316",0,5,5,5,5,13.6,490,安田隆行,栗,340,16100158,01196,00438,0922630409,大八木信行,カミイスタット,キンシャサノキセキ,ヒシディーバ,"Fusaichi Pegasus",黒鹿,160409,    7.5,  ,    , 0.0
22,11,19,5,東京,5,08,秋陽ジャ,131,芝,2,3110,良,ダイシンクローバー,セ,6,高田潤,60.0,14,06,4,4,0,0.7,5,208,"3280",0,5,4,5,4,13.4,488,安田隆行,栗,250,16100158,01046,00438,0522550806,大八木信行,カミイスタット,キンシャサノキセキ,ヒシディーバ,"Fusaichi Pegasus",黒鹿,160409,   10.5,  ,    , 0.0
22,10,16,4,東京,5,09,東京ハイJG2,179,芝,2,3110,良,ダイシンクローバー,セ,6,高田潤,60.0,12,07,3,3,0,2.5,10,208.4,"3284",0,9,9,5,4,13.4,484,安田隆行,栗,1000,16100158,01046,00438,0522450907,大八木信行,カミイスタット,キンシャサノキセキ,ヒシディーバ,"Fusaichi Pegasus",黒鹿,160409,  110.1,  ,    , 0.0
22,08,20,3,新潟,3,04,障害・オープ,131,芝,2,2850,良,ダイシンクローバー,セ,6,小牧加矢,59.0,8,05,6,6,0,1.5,4,188.8,"3088",0,3,4,4,4,13.2,476,安田隆行,栗,0,16100158,01196,00438,0422330405,大八木信行,カミイスタット,キンシャサノキセキ,ヒシディーバ,"Fusaichi Pegasus",黒鹿,160409,    6.4,  ,    , 0.0
22,03,26,3,中山,1,08,ペガサス,131,芝,2,3350,稍,ダイシンクローバー,セ,6,高田潤,60.0,11,08,6,6,0,1,7,226.7,"3467",0,2,2,3,3,13.5,480,安田隆行,栗,0,16100158,01046,00438,0622310808,大八木信行,カミイスタット,キンシャサノキセキ,ヒシディーバ,"Fusaichi Pegasus",黒鹿,160409,   16.5,  ,    , 0.0
22,02,12,2,小倉,1,04,障害・オープ,131,芝,2,3390,良,ダイシンクローバー,セ,6,高田潤,61.0,14,07,5,5,0,0.8,3,224.7,"3447",0,7,6,4,5,13.3,484,安田隆行,栗,135,16100158,01046,00438,1022210407,大八木信行,カミイスタット,キンシャサノキセキ,ヒシディーバ,"Fusaichi Pegasus",黒鹿,160409,    7.1,  ,    , 0.0
21,12,04,5,中山,1,08,イルミネ,131,芝,2,3570,良,ダイシンクローバー,セ,5,高田潤,60.0,13,10,7,7,0,1.7,3,243.7,"4037",0,4,5,5,6,13.7,486,安田隆行,栗,0,16100158,01046,00438,0621510810,大八木信行,カミイスタット,キンシャサノキセキ,ヒシディーバ,"Fusaichi Pegasus",黒鹿,160409,    6.0,  ,    , 0.0
21,05,02,2,東京,4,04,障害・オープ,131,ダ,3,3100,良,ダイシンクローバー,セ,5,高田潤,60.0,13,11,1,1,0,0,1,211.7,"3317",0,1,1,2,1,13.7,478,安田隆行,栗,1350,16100158,01046,00438,0521240411,大八木信行,カミイスタット,キンシャサノキセキ,ヒシディーバ,"Fusaichi Pegasus",黒鹿,160409,    3.3,  ,    , 0.0
21,04,11,3,中山,6,04,障害・オープ,131,ダ,3,3200,良,ダイシンクローバー,セ,5,高田潤,60.0,10,04,3,3,0,0.5,1,214.8,"3348",0,2,2,4,4,13.4,480,安田隆行,栗,340,16100158,01046,00438,0621360404,大八木信行,カミイスタット,キンシャサノキセキ,ヒシディーバ,"Fusaichi Pegasus",黒鹿,160409,    2.7,  ,    , 0.0
21,01,24,1,小倉,4,04,障害未勝利,7,芝,2,2860,重,ダイシンクローバー,セ,5,高田潤,60.0,12,09,1,1,0,0,1,194.9,"3149",0,2,2,2,2,13.6,482,安田隆行,栗,790,16100158,01046,00438,1021140409,大八木信行,カミイスタット,キンシャサノキセキ,ヒシディーバ,"Fusaichi Pegasus",黒鹿,160409,    1.6,  ,    , 0.0
21,01,10,1,中山,3,04,障害未勝利,7,ダ,3,2880,良,ダイシンクローバー,セ,5,高田潤,60.0,12,12,2,2,0,0.8,1,193.3,"3133",0,3,4,3,3,13.4,482,安田隆行,栗,320,16100158,01046,00438,0621130412,大八木信行,カミイスタット,キンシャサノキセキ,ヒシディーバ,"Fusaichi Pegasus",黒鹿,160409,    1.8,  ,    , 0.0
20,11,28,5,東京,8,04,障害未勝利,7,ダ,3,3000,良,ダイシンクローバー,セ,4,高田潤,60.0,12,03,2,2,0,0.5,1,202.1,"3221",0,1,1,2,3,13.5,480,安田隆行,栗,320,16100158,01046,00438,0520580403,大八木信行,カミイスタット,キンシャサノキセキ,ヒシディーバ,"Fusaichi Pegasus",黒鹿,160409,    3.1,  ,    , 0.0
20,09,12,4,中山,1,01,障害未勝利,7,ダ,3,2880,良,ダイシンクローバー,セ,4,高田潤,60.0,13,05,2,2,0,0.4,3,194.5,"3145",0,4,4,3,4,13.5,474,安田隆行,栗,320,16100158,01046,00438,0620410105,大八木信行,カミイスタット,キンシャサノキセキ,ヒシディーバ,"Fusaichi Pegasus",黒鹿,160409,    5.9,  ,    , 0.0
20,08,15,2,小倉,1,01,障害未勝利,7,芝,2,2860,良,ダイシンクローバー,セ,4,佐久間寛,60.0,12,08,7,7,0,1.4,7,191.5,"3115",0,7,6,4,4,13.4,484,安田隆行,栗,0,16100158,01080,00438,1020210108,大八木信行,カミイスタット,キンシャサノキセキ,ヒシディーバ,"Fusaichi Pegasus",黒鹿,160409,   17.0,  ,    , 0.0
20,05,30,2,東京,11,04,障害未勝利,7,ダ,3,3000,良,ダイシンクローバー,セ,4,佐久間寛,59.0,14,01,5,5,0,3,5,204.7,"3247",0,2,2,2,2,13.6,474,安田隆行,栗,79,16100158,01080,00438,05202B0401,大八木信行,カミイスタット,キンシャサノキセキ,ヒシディーバ,"Fusaichi Pegasus",黒鹿,160409,    8.4,  ,    , 0.0
20,05,09,1,新潟,1,01,障害未勝利,7,芝,2,2890,良,ダイシンクローバー,セ,4,佐久間寛,59.0,14,06,5,5,0,2,10,190.9,"3109",0,5,5,6,5,13.2,476,安田隆行,栗,79,16100158,01080,00438,0420110106,大八木信行,カミイスタット,キンシャサノキセキ,ヒシディーバ,"Fusaichi Pegasus",黒鹿,160409,   35.9,  ,    , 0.0
20,02,09,2,京都,4,08,２勝ｸﾗｽ,43,ダ,1,1900,良,ダイシンクローバー,牡,4,中井裕二,56.0,13,11,9,9,0,2.3,11,121.1,"2011",0,2,2,4,5,40.2,484,安田隆行,栗,0,16100158,01141,00438,0820240811,大八木信行,カミイスタット,キンシャサノキセキ,ヒシディーバ,"Fusaichi Pegasus",黒鹿,160409,   52.7,  ,    ,42.9
20,01,18,1,京都,6,08,２勝ｸﾗｽ,43,ダ,1,1900,稍,ダイシンクローバー,牡,4,鮫島克駿,56.0,14,08,7,7,0,0.5,8,120.5,"2005",0,1,1,1,1,38.9,482,安田隆行,栗,0,16100158,01157,00438,0820160808,大八木信行,カミイスタット,キンシャサノキセキ,ヒシディーバ,"Fusaichi Pegasus",黒鹿,160409,   17.9,  ,    ,46.8
19,10,14,4,京都,5,12,２勝ｸﾗｽ,43,ダ,1,1800,稍,ダイシンクローバー,牡,3,斎藤新,53.0,13,05,11,11,0,2.2,5,113.3,"1533",0,10,10,9,8,38.5,482,安田隆行,栗,0,16100158,01178,00438,0819451205,大八木信行,カミイスタット,キンシャサノキセキ,ヒシディーバ,"Fusaichi Pegasus",黒鹿,160409,   17.2,  ,    ,47.1
19,09,29,4,阪神,9,12,２勝ｸﾗｽ,43,ダ,1,1400,良,ダイシンクローバー,牡,3,古川吉洋,55.0,16,02,9,9,0,0.7,4,84.7,"1247",0,0,0,4,5,38.4,476,安田隆行,栗,0,16100158,01015,00438,0919491202,大八木信行,カミイスタット,キンシャサノキセキ,ヒシディーバ,"Fusaichi Pegasus",黒鹿,160409,    9.3,  ,    ,40.4
19,07,13,3,中京,5,12,１勝ｸﾗｽ,23,ダ,1,1400,重,ダイシンクローバー,牡,3,川田将雅,54.0,16,01,1,1,0,0,1,83.5,"1235",0,0,0,1,1,37.7,470,安田隆行,栗,750,16100158,01088,00438,0719351201,大八木信行,カミイスタット,キンシャサノキセキ,ヒシディーバ,"Fusaichi Pegasus",黒鹿,160409,    2.8,  ,    ,41.1
19,06,30,3,中京,2,12,１勝ｸﾗｽ,23,ダ,1,1400,不,ダイシンクローバー,牡,3,斎藤新,51.0,16,01,3,3,0,0.1,2,83.7,"1237",0,0,0,5,4,36.9,472,安田隆行,栗,190,16100158,01178,00438,0719321201,大八木信行,カミイスタット,キンシャサノキセキ,ヒシディーバ,"Fusaichi Pegasus",黒鹿,160409,    5.1,  ,    ,45.1
19,04,28,2,東京,4,06,500万下*,23,ダ,1,1400,良,ダイシンクローバー,牡,3,斎藤新,53.0,16,08,3,3,0,0.2,2,86.3,"1263",0,0,0,5,5,37.5,468,安田隆行,栗,180,16100158,01178,00438,0519240608,大八木信行,カミイスタット,キンシャサノキセキ,ヒシディーバ,"Fusaichi Pegasus",黒鹿,160409,    4.4,  ,    ,47.6
19,04,06,2,阪神,5,06,500万下*,23,芝,8,1600,良,ダイシンクローバー,牡,3,古川吉洋,56.0,12,06,6,6,0,0.5,7,96.1,"1361",0,0,0,3,3,33.7,468,安田隆行,栗,0,16100158,01015,00438,0919250606,大八木信行,カミイスタット,キンシャサノキセキ,ヒシディーバ,"Fusaichi Pegasus",黒鹿,160409,   15.3,  ,    ,61.1
19,03,24,2,阪神,2,07,500万下*,23,ダ,1,1400,良,ダイシンクローバー,牡,3,鮫島克駿,56.0,12,05,4,4,0,0.3,1,86,"1260",0,0,0,6,5,37.8,472,安田隆行,栗,110,16100158,01157,00438,0919220705,大八木信行,カミイスタット,キンシャサノキセキ,ヒシディーバ,"Fusaichi Pegasus",黒鹿,160409,    2.6,  ,    ,45.6
19,02,03,2,京都,4,04,500万下*,23,ダ,1,1400,稍,ダイシンクローバー,牡,3,岩田康誠,56.0,9,05,2,2,0,0.4,3,86.1,"1261",0,0,0,4,4,37.7,474,安田隆行,栗,290,16100158,05203,00438,0819240405,大八木信行,カミイスタット,キンシャサノキセキ,ヒシディーバ,"Fusaichi Pegasus",黒鹿,160409,    5.1,  ,    ,46.3
18,11,10,5,京都,3,01,未勝利*,7,ダ,1,1400,稍,ダイシンクローバー,牡,2,古川吉洋,55.0,15,11,1,1,0,-0.1,1,85.8,"1258",0,0,0,4,2,37.6,460,安田隆行,栗,500,16100158,01015,00438,0818530111,大八木信行,カミイスタット,キンシャサノキセキ,ヒシディーバ,"Fusaichi Pegasus",黒鹿,160409,    2.9,  ,    ,46.1
18,10,27,4,京都,8,01,未勝利*,7,ダ,1,1400,稍,ダイシンクローバー,牡,2,古川吉洋,55.0,14,06,2,2,0,0.4,3,85.6,"1256",0,0,0,3,3,37.1,458,安田隆行,栗,200,16100158,01015,00438,0818480106,大八木信行,カミイスタット,キンシャサノキセキ,ヒシディーバ,"Fusaichi Pegasus",黒鹿,160409,   10.8,  ,    ,48.0
18,07,29,1,札幌,2,06,新馬,15,ダ,1,1700,良,ダイシンクローバー,牡,2,北村友一,54.0,14,13,6,6,0,2.7,3,110.5,"1505",0,7,7,7,6,39.4,444,安田隆行,栗,0,16100158,01102,00438,0118120613,大八木信行,カミイスタット,キンシャサノキセキ,ヒシディーバ,"Fusaichi Pegasus",黒鹿,160409,   10.2,  ,    ,48.4
24,07,13,2,福島,5,04,障害・オープ,131,芝,2,3380,良,マイネルヴァッサー,牡,11,小野寺祐,63.0,8,06,6,6,0,2.7,6,227.6,"3476",0,5,5,6,6,13.5,430,土田稔,美,0,13101904,01123,00417,0324250406,サラブレッドクラブ・ラフィアン,ビッグレッドファーム,ステイゴールド,コスモスプラッシュ,メジロブライト,鹿毛,130512,   23.3,  ,    , 0.0
24,02,24,2,小倉,5,08,春麗ジャ,131,芝,2,3390,稍,マイネルヴァッサー,牡,11,小野寺祐,60.0,10,09,7,7,0,1.3,7,229.9,"3499",0,9,7,7,8,13.6,424,土田稔,美,0,13101904,01123,00417,1024250809,サラブレッドクラブ・ラフィアン,ビッグレッドファーム,ステイゴールド,コスモスプラッシュ,メジロブライト,鹿毛,130512,   42.5,  ,    , 0.0
23,12,23,5,中山,7,10,中山大障JG1,195,芝,2,4100,良,マイネルヴァッサー,牡,10,小野寺祐,63.0,12,10,12,12,0,8,10,285.9,"4459",0,6,6,6,7,13.9,422,土田稔,美,0,13101904,01123,00417,0623571010,サラブレッドクラブ・ラフィアン,ビッグレッドファーム,ステイゴールド,コスモスプラッシュ,メジロブライト,鹿毛,130512,  142.9,  ,    , 0.0
23,11,11,3,京都,3,08,京都ジャJG3,163,芝,2,3170,稍,マイネルヴァッサー,牡,10,小野寺祐,60.0,12,06,8,8,0,1.2,6,219.9,"3399",0,8,5,5,5,13.9,426,土田稔,美,0,13101904,01123,00417,0823330806,サラブレッドクラブ・ラフィアン,ビッグレッドファーム,ステイゴールド,コスモスプラッシュ,メジロブライト,鹿毛,130512,   12.4,  ,    , 0.0
23,09,23,4,中山,6,08,清秋ジャ,131,芝,2,3210,稍,マイネルヴァッサー,牡,10,小野寺祐,63.0,13,12,4,4,0,2.1,5,221.5,"3415",0,7,5,4,4,13.8,430,土田稔,美,250,13101904,01123,00417,0623460812,サラブレッドクラブ・ラフィアン,ビッグレッドファーム,ステイゴールド,コスモスプラッシュ,メジロブライト,鹿毛,130512,   10.5,  ,    , 0.0
23,08,26,3,小倉,5,04,小倉サマJG3,163,芝,2,3390,稍,マイネルヴァッサー,牡,10,小野寺祐,60.0,10,04,3,3,0,0.3,5,227.5,"3475",0,6,7,5,4,13.4,430,土田稔,美,730,13101904,01123,00417,1023350404,サラブレッドクラブ・ラフィアン,ビッグレッドファーム,ステイゴールド,コスモスプラッシュ,メジロブライト,鹿毛,130512,   11.8,  ,    , 0.0
23,07,15,2,福島,5,01,障害・オープ,131,芝,2,3380,稍,マイネルヴァッサー,牡,10,小野寺祐,62.0,13,05,1,1,0,0,3,229.1,"3491",0,6,5,3,3,13.6,428,土田稔,美,1350,13101904,01123,00417,0323250105,サラブレッドクラブ・ラフィアン,ビッグレッドファーム,ステイゴールド,コスモスプラッシュ,メジロブライト,鹿毛,130512,    7.2,  ,    , 0.0
23,06,24,3,東京,7,08,東京ジャJG3,163,芝,2,3110,良,マイネルヴァッサー,牡,10,小野寺祐,60.0,12,08,10,10,0,2.3,11,208.8,"3288",0,7,7,8,7,13.4,434,土田稔,美,0,13101904,01123,00417,0523370808,サラブレッドクラブ・ラフィアン,ビッグレッドファーム,ステイゴールド,コスモスプラッシュ,メジロブライト,鹿毛,130512,   92.9,  ,    , 0.0
23,05,20,1,新潟,7,04,障害・オープ,131,芝,2,3290,良,マイネルヴァッサー,牡,10,小野寺祐,62.0,14,13,10,10,0,2.3,6,217.7,"3377",0,12,11,10,10,13.2,430,土田稔,美,0,13101904,01123,00417,0423170413,サラブレッドクラブ・ラフィアン,ビッグレッドファーム,ステイゴールド,コスモスプラッシュ,メジロブライト,鹿毛,130512,   13.9,  ,    , 0.0
23,04,22,1,福島,5,04,障害・オープ,131,芝,2,3380,良,マイネルヴァッサー,牡,10,小野寺祐,62.0,14,08,2,2,0,0.8,7,226.7,"3467",0,10,8,7,2,13.4,432,土田稔,美,540,13101904,01123,00417,0323150408,サラブレッドクラブ・ラフィアン,ビッグレッドファーム,ステイゴールド,コスモスプラッシュ,メジロブライト,鹿毛,130512,   17.6,  ,    , 0.0
22,06,25,3,東京,7,08,東京ジャJG3,163,芝,2,3110,良,マイネルヴァッサー,牡,9,小野寺祐,60.0,12,03,5,5,0,1.3,9,207.5,"3275",0,7,7,5,3,13.3,430,土田稔,美,290,13101904,01123,00417,0522370803,サラブレッドクラブ・ラフィアン,ビッグレッドファーム,ステイゴールド,コスモスプラッシュ,メジロブライト,鹿毛,130512,   36.1,  ,    , 0.0
22,03,26,3,中山,1,08,ペガサス,131,芝,2,3350,稍,マイネルヴァッサー,牡,9,小野寺祐,60.0,11,11,0,0,1,999.9,0,0,"----",0,0,0,0,0,0,0,土田稔,美,0,13101904,01123,00417,0622310811,サラブレッドクラブ・ラフィアン,ビッグレッドファーム,ステイゴールド,コスモスプラッシュ,メジロブライト,鹿毛,130512,    0.0,  ,    , 0.0
22,02,26,2,小倉,5,08,春麗ジャ,131,芝,2,3390,良,マイネルヴァッサー,牡,9,小野寺祐,60.0,12,07,1,1,0,-0.9,2,225.4,"3454",0,9,8,6,5,13.3,426,土田稔,美,1650,13101904,01123,00417,1022250807,サラブレッドクラブ・ラフィアン,ビッグレッドファーム,ステイゴールド,コスモスプラッシュ,メジロブライト,鹿毛,130512,    5.6,  ,    , 0.0
22,02,12,2,小倉,1,04,障害・オープ,131,芝,2,3390,良,マイネルヴァッサー,牡,9,小野寺祐,61.0,14,04,2,2,0,0,5,223.9,"3439",0,9,9,4,4,13.2,428,土田稔,美,540,13101904,01123,00417,1022210404,サラブレッドクラブ・ラフィアン,ビッグレッドファーム,ステイゴールド,コスモスプラッシュ,メジロブライト,鹿毛,130512,   11.4,  ,    , 0.0
22,01,08,1,中山,2,08,中山新春,131,ダ,3,3200,稍,マイネルヴァッサー,牡,9,石神深一,61.0,14,06,2,2,0,2.1,5,216.8,"3368",0,11,11,8,3,13.6,436,土田稔,美,660,13101904,01059,00417,0622120806,サラブレッドクラブ・ラフィアン,ビッグレッドファーム,ステイゴールド,コスモスプラッシュ,メジロブライト,鹿毛,130512,   10.5,  ,    , 0.0
21,12,04,5,中山,1,08,イルミネ,131,芝,2,3570,良,マイネルヴァッサー,牡,8,石神深一,60.0,13,01,6,6,0,1.7,4,243.7,"4037",0,9,9,5,7,13.7,440,土田稔,美,0,13101904,01059,00417,0621510801,サラブレッドクラブ・ラフィアン,ビッグレッドファーム,ステイゴールド,コスモスプラッシュ,メジロブライト,鹿毛,130512,    6.6,  ,    , 0.0
21,11,06,2,福島,1,05,障害・オープ,131,芝,2,3350,良,マイネルヴァッサー,牡,8,小野寺祐,61.0,10,04,3,3,0,1.1,1,222.2,"3422",0,8,9,4,4,13.3,430,土田稔,美,340,13101904,01123,00417,0321210504,サラブレッドクラブ・ラフィアン,ビッグレッドファーム,ステイゴールド,コスモスプラッシュ,メジロブライト,鹿毛,130512,    3.1,  ,    , 0.0
21,07,17,1,福島,5,04,障害・オープ,131,芝,2,3380,良,マイネルヴァッサー,牡,8,小野寺祐,60.0,14,02,1,1,0,0,2,224.6,"3446",0,8,8,4,3,13.3,430,土田稔,美,1350,13101904,01123,00417,0321150402,サラブレッドクラブ・ラフィアン,ビッグレッドファーム,ステイゴールド,コスモスプラッシュ,メジロブライト,鹿毛,130512,    4.6,  ,    , 0.0
21,07,03,1,福島,1,04,障害・オープ,131,芝,2,2750,良,マイネルヴァッサー,牡,8,小野寺祐,60.0,12,07,2,2,0,0.2,5,179,"2590",0,10,9,6,4,13,430,土田稔,美,540,13101904,01123,00417,0321110407,サラブレッドクラブ・ラフィアン,ビッグレッドファーム,ステイゴールド,コスモスプラッシュ,メジロブライト,鹿毛,130512,   10.6,  ,    , 0.0
21,06,06,4,中京,2,01,障害・オープ,131,芝,2,3330,良,マイネルヴァッサー,牡,8,小野寺祐,60.0,12,08,6,6,0,1.1,3,223.1,"3431",0,8,7,8,7,13.4,430,土田稔,美,0,13101904,01123,00417,0721420108,サラブレッドクラブ・ラフィアン,ビッグレッドファーム,ステイゴールド,コスモスプラッシュ,メジロブライト,鹿毛,130512,    4.9,  ,    , 0.0
21,04,11,3,中山,6,04,障害・オープ,131,ダ,3,3200,良,マイネルヴァッサー,牡,8,草野太郎,60.0,10,07,2,2,0,0.1,5,214.4,"3344",0,7,5,4,2,13.4,436,土田稔,美,540,13101904,01113,00417,0621360407,サラブレッドクラブ・ラフィアン,ビッグレッドファーム,ステイゴールド,コスモスプラッシュ,メジロブライト,鹿毛,130512,   11.5,  ,    , 0.0
21,03,06,2,小倉,7,04,障害・オープ,131,芝,2,3390,重,マイネルヴァッサー,牡,8,小野寺祐,60.0,14,11,2,2,0,1.6,14,230.9,"3509",0,8,8,4,3,13.6,430,土田稔,美,540,13101904,01123,00417,1021270411,サラブレッドクラブ・ラフィアン,ビッグレッドファーム,ステイゴールド,コスモスプラッシュ,メジロブライト,鹿毛,130512,  157.1,  ,    , 0.0
21,02,20,2,小倉,3,05,障害・オープ,131,芝,2,2860,良,マイネルヴァッサー,牡,8,草野太郎,60.0,11,01,9,9,0,3.3,8,193.5,"3135",0,9,9,9,9,13.5,436,土田稔,美,0,13101904,01113,00417,1021230501,サラブレッドクラブ・ラフィアン,ビッグレッドファーム,ステイゴールド,コスモスプラッシュ,メジロブライト,鹿毛,130512,   46.2,  ,    , 0.0
21,01,30,1,小倉,5,09,牛若丸ジ,131,芝,2,3390,良,マイネルヴァッサー,牡,8,草野太郎,59.0,14,14,6,6,0,2,10,228.8,"3488",0,8,8,8,9,13.5,430,土田稔,美,0,13101904,01113,00417,1021150914,サラブレッドクラブ・ラフィアン,ビッグレッドファーム,ステイゴールド,コスモスプラッシュ,メジロブライト,鹿毛,130512,   54.6,  ,    , 0.0
20,09,26,4,中山,6,08,清秋ジャ,131,芝,2,3210,稍,マイネルヴァッサー,牡,7,山本康志,60.0,14,05,11,11,0,1.9,9,220,"3400",0,12,12,12,12,13.7,438,土田稔,美,0,13101904,01008,00417,0620460805,サラブレッドクラブ・ラフィアン,ビッグレッドファーム,ステイゴールド,コスモスプラッシュ,メジロブライト,鹿毛,130512,   34.5,  ,    , 0.0
20,09,05,3,新潟,7,04,障害・オープ,131,芝,2,3250,良,マイネルヴァッサー,牡,7,山本康志,60.0,10,06,8,8,0,2.7,2,219.2,"3392",0,7,6,8,8,13.5,432,土田稔,美,0,13101904,01008,00417,0420370406,サラブレッドクラブ・ラフィアン,ビッグレッドファーム,ステイゴールド,コスモスプラッシュ,メジロブライト,鹿毛,130512,    4.2,  ,    , 0.0
20,07,18,2,福島,5,04,障害・オープ,131,芝,2,3380,稍,マイネルヴァッサー,牡,7,山本康志,60.0,12,03,2,2,0,0.1,6,227.4,"3474",0,4,4,3,2,13.5,434,土田稔,美,540,13101904,01008,00417,0320250403,サラブレッドクラブ・ラフィアン,ビッグレッドファーム,ステイゴールド,コスモスプラッシュ,メジロブライト,鹿毛,130512,   11.9,  ,    , 0.0
20,05,23,1,新潟,5,04,障害・オープ,131,芝,2,3290,良,マイネルヴァッサー,牡,7,山本康志,60.0,14,09,3,3,0,1.2,12,215.7,"3357",0,8,9,9,8,13.1,432,土田稔,美,340,13101904,01008,00417,0420150409,サラブレッドクラブ・ラフィアン,ビッグレッドファーム,ステイゴールド,コスモスプラッシュ,メジロブライト,鹿毛,130512,   92.2,  ,    , 0.0
20,05,02,1,福島,7,05,障害・オープ,131,芝,2,2770,良,マイネルヴァッサー,牡,7,山本康志,60.0,14,05,5,5,0,1.1,11,183.4,"3034",0,12,12,9,8,13.2,432,土田稔,美,135,13101904,01008,00417,0320170505,サラブレッドクラブ・ラフィアン,ビッグレッドファーム,ステイゴールド,コスモスプラッシュ,メジロブライト,鹿毛,130512,   68.4,  ,    , 0.0
20,04,11,1,福島,1,05,障害・オープ,131,芝,2,2750,良,マイネルヴァッサー,牡,7,山本康志,60.0,14,08,8,8,0,1.6,9,182,"3020",0,12,11,10,9,13.2,432,土田稔,美,0,13101904,01008,00417,0320110508,サラブレッドクラブ・ラフィアン,ビッグレッドファーム,ステイゴールド,コスモスプラッシュ,メジロブライト,鹿毛,130512,   27.6,  ,    , 0.0
20,02,29,2,中山,1,08,春麗ジャ,131,ダ,3,3200,良,マイネルヴァッサー,牡,7,山本康志,59.0,14,01,11,11,0,3,13,216.2,"3362",0,7,6,10,10,13.5,440,土田稔,美,0,13101904,01008,00417,0620210801,サラブレッドクラブ・ラフィアン,ビッグレッドファーム,ステイゴールド,コスモスプラッシュ,メジロブライト,鹿毛,130512,  254.0,  ,    , 0.0
19,11,16,5,東京,5,08,秋陽ジャ,131,芝,2,3110,良,マイネルヴァッサー,牡,6,山本康志,59.0,14,13,11,11,0,2.9,11,209.6,"3296",0,10,10,9,10,13.5,430,土田稔,美,0,13101904,01008,00417,0519550813,サラブレッドクラブ・ラフィアン,ビッグレッドファーム,ステイゴールド,コスモスプラッシュ,メジロブライト,鹿毛,130512,  153.4,  ,    , 0.0
19,11,02,3,福島,1,05,障害・オープ,131,芝,2,3350,良,マイネルヴァッサー,牡,6,山本康志,60.0,14,12,6,6,0,0.5,12,222.6,"3426",0,11,11,9,8,13.3,422,土田稔,美,0,13101904,01008,00417,0319310512,サラブレッドクラブ・ラフィアン,ビッグレッドファーム,ステイゴールド,コスモスプラッシュ,メジロブライト,鹿毛,130512,   53.0,  ,    , 0.0
19,09,21,4,中山,6,08,清秋ジャ,131,芝,2,3210,良,マイネルヴァッサー,牡,6,山本康志,60.0,14,12,13,13,0,4.6,9,220.2,"3402",0,13,13,12,12,13.7,432,土田稔,美,0,13101904,01008,00417,0619460812,サラブレッドクラブ・ラフィアン,ビッグレッドファーム,ステイゴールド,コスモスプラッシュ,メジロブライト,鹿毛,130512,   40.2,  ,    , 0.0
19,08,24,2,新潟,9,08,新潟ジャJG3,163,芝,2,3250,良,マイネルヴァッサー,牡,6,山本康志,60.0,11,01,10,10,0,3.6,9,215.8,"3358",0,11,11,11,11,13.3,432,土田稔,美,0,13101904,01008,00417,0419290801,サラブレッドクラブ・ラフィアン,ビッグレッドファーム,ステイゴールド,コスモスプラッシュ,メジロブライト,鹿毛,130512,   35.0,  ,    , 0.0
19,08,10,2,新潟,5,01,障害・オープ,131,芝,2,2850,良,マイネルヴァッサー,牡,6,山本康志,60.0,12,05,4,4,0,1.8,4,186.8,"3068",0,7,7,6,6,13.1,426,土田稔,美,200,13101904,01008,00417,0419250105,サラブレッドクラブ・ラフィアン,ビッグレッドファーム,ステイゴールド,コスモスプラッシュ,メジロブライト,鹿毛,130512,    9.6,  ,    , 0.0
19,07,20,2,福島,7,04,障害・オープ,131,芝,2,3380,良,マイネルヴァッサー,牡,6,山本康志,60.0,10,02,2,2,0,0.1,6,225.1,"3451",0,7,6,4,4,13.3,426,土田稔,美,540,13101904,01008,00417,0319270402,サラブレッドクラブ・ラフィアン,ビッグレッドファーム,ステイゴールド,コスモスプラッシュ,メジロブライト,鹿毛,130512,   18.3,  ,    , 0.0
19,04,27,1,新潟,1,01,障害・オープ,131,芝,2,2890,重,マイネルヴァッサー,牡,6,浜野谷憲,60.0,14,14,6,6,0,1.6,10,188.8,"3088",0,13,13,11,10,13.1,428,土田稔,美,0,13101904,00695,00417,0419110114,サラブレッドクラブ・ラフィアン,ビッグレッドファーム,ステイゴールド,コスモスプラッシュ,メジロブライト,鹿毛,130512,   58.7,  ,    , 0.0
19,04,06,1,福島,1,04,障害未勝利,7,芝,2,2750,良,マイネルヴァッサー,牡,6,浜野谷憲,60.0,14,13,1,1,0,-0.6,6,182.5,"3025",0,7,7,4,3,13.3,426,土田稔,美,780,13101904,00695,00417,0319110413,サラブレッドクラブ・ラフィアン,ビッグレッドファーム,ステイゴールド,コスモスプラッシュ,メジロブライト,鹿毛,130512,   18.7,  ,    , 0.0
19,02,09,2,京都,5,04,障害未勝利,7,ダ,3,2910,良,マイネルヴァッサー,牡,6,山本康志,60.0,14,12,6,6,0,1.4,9,202.3,"3223",0,8,7,8,8,13.9,432,土田稔,美,0,13101904,01008,00417,0819250412,サラブレッドクラブ・ラフィアン,ビッグレッドファーム,ステイゴールド,コスモスプラッシュ,メジロブライト,鹿毛,130512,   47.6,  ,    , 0.0
18,10,28,3,新潟,6,04,障害未勝利,7,芝,2,2850,稍,マイネルヴァッサー,牡,5,山本康志,60.0,14,03,9,9,0,3.3,7,190.8,"3108",0,10,11,11,10,13.4,418,土田稔,美,0,13101904,01008,00417,0418360403,サラブレッドクラブ・ラフィアン,ビッグレッドファーム,ステイゴールド,コスモスプラッシュ,メジロブライト,鹿毛,130512,   26.7,  ,    , 0.0
18,10,06,4,東京,1,04,障害未勝利,7,ダ,3,3000,稍,マイネルヴァッサー,牡,5,山本康志,60.0,12,04,5,5,0,2.2,5,207.2,"3272",0,6,6,6,5,13.8,430,土田稔,美,78,13101904,01008,00417,0518410404,サラブレッドクラブ・ラフィアン,ビッグレッドファーム,ステイゴールド,コスモスプラッシュ,メジロブライト,鹿毛,130512,   17.9,  ,    , 0.0
18,09,17,4,中山,5,04,障害未勝利,7,ダ,3,2880,良,マイネルヴァッサー,牡,5,山本康志,60.0,12,04,5,5,0,1.3,4,192.6,"3126",0,5,5,5,4,13.4,434,土田稔,美,78,13101904,01008,00417,0618450404,サラブレッドクラブ・ラフィアン,ビッグレッドファーム,ステイゴールド,コスモスプラッシュ,メジロブライト,鹿毛,130512,   10.2,  ,    , 0.0
18,08,25,2,新潟,9,04,障害未勝利,7,芝,2,2850,良,マイネルヴァッサー,牡,5,山本康志,60.0,14,04,4,4,0,2.5,2,187.7,"3077",0,9,9,8,6,13.2,426,土田稔,美,120,13101904,01008,00417,0418290404,サラブレッドクラブ・ラフィアン,ビッグレッドファーム,ステイゴールド,コスモスプラッシュ,メジロブライト,鹿毛,130512,    5.2,  ,    , 0.0
18,08,04,2,新潟,3,04,障害未勝利,7,芝,2,2850,良,マイネルヴァッサー,牡,5,山本康志,60.0,14,04,4,4,0,2.3,6,187.3,"3073",0,10,8,6,5,13.1,428,土田稔,美,120,13101904,01008,00417,0418230404,サラブレッドクラブ・ラフィアン,ビッグレッドファーム,ステイゴールド,コスモスプラッシュ,メジロブライト,鹿毛,130512,   13.6,  ,    , 0.0
18,07,08,3,中京,4,04,障害未勝利,7,芝,2,3000,重,マイネルヴァッサー,牡,5,山本康志,60.0,14,06,4,4,0,1.5,7,201.9,"3219",0,5,6,6,4,13.5,420,土田稔,美,120,13101904,01008,00417,0718340406,サラブレッドクラブ・ラフィアン,ビッグレッドファーム,ステイゴールド,コスモスプラッシュ,メジロブライト,鹿毛,130512,   14.3,  ,    , 0.0
18,05,20,1,新潟,8,04,障害未勝利,7,芝,2,2890,稍,マイネルヴァッサー,牡,5,山本康志,60.0,14,14,11,11,0,2.9,4,194.3,"3143",0,7,6,12,12,13.4,418,土田稔,美,0,13101904,01008,00417,0418180414,サラブレッドクラブ・ラフィアン,ビッグレッドファーム,ステイゴールド,コスモスプラッシュ,メジロブライト,鹿毛,130512,    9.7,  ,    , 0.0
18,04,28,1,新潟,1,04,障害未勝利,7,芝,2,2890,良,マイネルヴァッサー,牡,5,山本康志,60.0,13,06,3,3,0,1.3,7,192.2,"3122",0,10,9,8,8,13.3,424,土田稔,美,200,13101904,01008,00417,0418110406,サラブレッドクラブ・ラフィアン,ビッグレッドファーム,ステイゴールド,コスモスプラッシュ,メジロブライト,鹿毛,130512,   14.2,  ,    , 0.0
18,04,01,3,中山,4,04,障害未勝利,7,ダ,3,2880,良,マイネルヴァッサー,牡,5,山本康志,60.0,11,03,5,5,0,1.1,3,195.2,"3152",0,7,7,6,6,13.6,428,土田稔,美,78,13101904,01008,00417,0618340403,サラブレッドクラブ・ラフィアン,ビッグレッドファーム,ステイゴールド,コスモスプラッシュ,メジロブライト,鹿毛,130512,    5.7,  ,    , 0.0
18,03,11,2,中京,2,05,障害未勝利,7,芝,2,3000,稍,マイネルヴァッサー,牡,5,山本康志,60.0,14,14,4,4,0,0.4,5,202.3,"3223",0,2,2,2,2,13.5,422,土田稔,美,120,13101904,01008,00417,0718220514,サラブレッドクラブ・ラフィアン,ビッグレッドファーム,ステイゴールド,コスモスプラッシュ,メジロブライト,鹿毛,130512,   12.9,  ,    , 0.0
17,11,19,3,福島,6,05,障害未勝利,7,芝,2,2770,良,マイネルヴァッサー,牡,4,山本康志,60.0,14,08,9,9,0,1.6,5,182.9,"3029",0,11,11,11,11,13.2,414,土田稔,美,0,13101904,01008,00417,0317360508,サラブレッドクラブ・ラフィアン,ビッグレッドファーム,ステイゴールド,コスモスプラッシュ,メジロブライト,鹿毛,130512,   14.3,  ,    , 0.0
17,09,30,4,中山,8,04,障害未勝利,7,ダ,3,2880,良,マイネルヴァッサー,牡,4,山本康志,60.0,14,03,6,6,0,1.5,1,196.4,"3164",0,8,8,7,5,13.6,424,土田稔,美,0,13101904,01008,00417,0617480403,サラブレッドクラブ・ラフィアン,ビッグレッドファーム,ステイゴールド,コスモスプラッシュ,メジロブライト,鹿毛,130512,    3.2,  ,    , 0.0
17,09,09,4,中山,1,04,障害未勝利,7,ダ,3,2880,良,マイネルヴァッサー,牡,4,山本康志,60.0,9,09,2,2,0,0.3,2,195.7,"3157",0,1,1,2,1,13.6,422,土田稔,美,310,13101904,01008,00417,0617410409,サラブレッドクラブ・ラフィアン,ビッグレッドファーム,ステイゴールド,コスモスプラッシュ,メジロブライト,鹿毛,130512,    3.4,  ,    , 0.0
17,08,12,2,新潟,5,04,障害未勝利,7,芝,2,2850,稍,マイネルヴァッサー,牡,4,山本康志,60.0,14,14,3,3,0,0.2,5,187.2,"3072",0,7,7,7,8,13.1,418,土田稔,美,200,13101904,01008,00417,0417250414,サラブレッドクラブ・ラフィアン,ビッグレッドファーム,ステイゴールド,コスモスプラッシュ,メジロブライト,鹿毛,130512,   11.5,  ,    , 0.0
17,07,16,2,福島,6,04,障害未勝利,7,芝,2,2770,良,マイネルヴァッサー,牡,4,山本康志,60.0,11,09,5,5,0,0.6,4,183.6,"3036",0,6,6,6,7,13.3,414,土田稔,美,78,13101904,01008,00417,0317260409,サラブレッドクラブ・ラフィアン,ビッグレッドファーム,ステイゴールド,コスモスプラッシュ,メジロブライト,鹿毛,130512,    9.1,  ,    , 0.0
17,05,21,1,新潟,8,04,障害未勝利,7,芝,2,2890,良,マイネルヴァッサー,牡,4,山本康志,59.0,14,13,8,8,0,2.6,3,190.5,"3105",0,11,11,10,8,13.2,420,土田稔,美,0,13101904,01008,00417,0417180413,サラブレッドクラブ・ラフィアン,ビッグレッドファーム,ステイゴールド,コスモスプラッシュ,メジロブライト,鹿毛,130512,    6.3,  ,    , 0.0
17,05,06,1,新潟,3,04,障害未勝利,7,芝,2,2890,稍,マイネルヴァッサー,牡,4,山本康志,59.0,12,09,3,3,0,0.8,6,191.1,"3111",0,4,5,4,2,13.2,420,土田稔,美,200,13101904,01008,00417,0417130409,サラブレッドクラブ・ラフィアン,ビッグレッドファーム,ステイゴールド,コスモスプラッシュ,メジロブライト,鹿毛,130512,   22.4,  ,    , 0.0
16,11,26,5,東京,7,04,障害未勝利,7,ダ,3,3000,良,マイネルヴァッサー,牡,3,山本康志,58.0,14,01,4,4,0,1.6,8,213.1,"3331",0,7,7,6,6,14.2,424,土田稔,美,110,13101904,01008,00417,0516570401,サラブレッドクラブ・ラフィアン,ビッグレッドファーム,ステイゴールド,コスモスプラッシュ,メジロブライト,鹿毛,130512,   58.1,  ,    , 0.0
16,11,05,3,福島,1,05,障害未勝利,7,芝,2,2750,良,マイネルヴァッサー,牡,3,江田勇亮,58.0,10,10,6,6,0,3.3,10,184.3,"3043",0,7,4,5,6,13.4,418,土田稔,美,0,13101904,01023,00417,0316310510,サラブレッドクラブ・ラフィアン,ビッグレッドファーム,ステイゴールド,コスモスプラッシュ,メジロブライト,鹿毛,130512,   99.1,  ,    , 0.0
16,10,15,3,新潟,1,04,障害未勝利,7,芝,2,2850,良,マイネルヴァッサー,牡,3,江田勇亮,58.0,14,01,14,14,0,5.6,9,191.8,"3118",0,14,14,14,14,13.5,420,土田稔,美,0,13101904,01023,00417,0416310401,サラブレッドクラブ・ラフィアン,ビッグレッドファーム,ステイゴールド,コスモスプラッシュ,メジロブライト,鹿毛,130512,   28.5,  ,    , 0.0
16,08,21,2,新潟,8,06,未勝利,7,芝,0,2400,良,マイネルヴァッサー,牡,3,武士沢友,56.0,18,02,8,8,0,0.8,6,148.1,"2281",0,10,8,3,4,37.4,424,国枝栄,美,0,13101904,01029,00399,0416280602,サラブレッドクラブ・ラフィアン,ビッグレッドファーム,ステイゴールド,コスモスプラッシュ,メジロブライト,鹿毛,130512,   18.5,  ,    ,48.7
16,07,17,2,福島,6,07,未勝利,7,芝,0,2600,良,マイネルヴァッサー,牡,3,柴田大知,56.0,13,03,3,3,0,0.4,6,162.4,"2424",0,3,3,2,2,37.4,422,国枝栄,美,120,13101904,01009,00399,0316260703,サラブレッドクラブ・ラフィアン,ビッグレッドファーム,ステイゴールド,コスモスプラッシュ,メジロブライト,鹿毛,130512,   24.4,  ,    ,50.3
16,06,25,3,東京,7,04,未勝利,7,芝,0,2400,稍,マイネルヴァッサー,牡,3,柴田大知,56.0,17,06,7,7,0,1.7,9,149.5,"2295",0,14,14,13,11,37.1,414,国枝栄,美,0,13101904,01009,00399,0516370406,サラブレッドクラブ・ラフィアン,ビッグレッドファーム,ステイゴールド,コスモスプラッシュ,メジロブライト,鹿毛,130512,   77.7,  ,    ,51.0
16,03,27,3,中山,2,04,未勝利,7,芝,8,2200,良,マイネルヴァッサー,牡,3,柴田大知,56.0,18,09,10,10,0,1.1,12,136.9,"2169",0,16,14,9,5,36.3,420,国枝栄,美,0,13101904,01009,00399,0616320409,サラブレッドクラブ・ラフィアン,ビッグレッドファーム,ステイゴールド,コスモスプラッシュ,メジロブライト,鹿毛,130512,  104.2,  ,    ,53.9
16,02,28,2,中山,2,06,未勝利,7,芝,8,2200,良,マイネルヴァッサー,牡,3,柴田大知,56.0,16,07,6,6,0,1.4,10,136.9,"2169",0,13,14,12,10,35.5,418,国枝栄,美,0,13101904,01009,00399,0616220607,サラブレッドクラブ・ラフィアン,ビッグレッドファーム,ステイゴールド,コスモスプラッシュ,メジロブライト,鹿毛,130512,   73.6,  ,    ,57.1
16,01,10,1,中山,3,06,新馬,15,芝,8,1600,良,マイネルヴァッサー,牡,3,津村明秀,56.0,16,01,12,12,0,1.2,11,99.9,"1399",0,0,14,15,15,34.9,426,国枝栄,美,0,13101904,01092,00399,0616130601,サラブレッドクラブ・ラフィアン,ビッグレッドファーム,ステイゴールド,コスモスプラッシュ,メジロブライト,鹿毛,130512,   85.8,  ,    ,61.7
24,05,18,1,新潟,7,01,障害・オープ,131,芝,2,3290,良,ウインチェレステ  ,牡,6,金子光希,60.0,14,11,4,4,0,1.3,8,218.5,"3385",0,10,11,8,8,13.3,520,畠山吉宏,美,200,18101630,01052,01048,0424170111,ウイン,コスモヴューファーム,ドゥラメンテ,コスモチェーロ,"Fusaichi Pegasus",鹿毛,180604,   27.2,  ,    , 0.0
24,04,14,1,福島,4,05,障害未勝利,7,芝,2,2750,良,ウインチェレステ  ,牡,6,金子光希,60.0,11,05,1,1,0,-0.1,5,182.5,"3025",0,2,2,2,2,13.3,518,畠山吉宏,美,790,18101630,01052,01048,0324140505,ウイン,コスモヴューファーム,ドゥラメンテ,コスモチェーロ,"Fusaichi Pegasus",鹿毛,180604,   20.0,  ,    , 0.0
23,12,10,4,中京,4,10,名古屋日･2勝,43,芝,0,2000,良,ウインチェレステ  ,牡,5,黛弘人,58.0,12,10,12,12,0,1.2,12,120.2,"2002",0,6,6,5,5,35.4,514,畠山吉宏,美,0,18101630,01109,01048,0723441010,ウイン,コスモヴューファーム,ドゥラメンテ,コスモチェーロ,"Fusaichi Pegasus",鹿毛,180604,  199.9,  ,    ,52.7
23,11,25,5,東京,7,12,２勝ｸﾗｽ,43,芝,0,1600,良,ウインチェレステ  ,牡,5,丹内祐次,58.0,14,03,12,12,0,1.5,12,93.9,"1339",0,0,0,11,11,34.7,516,畠山吉宏,美,0,18101630,01091,01048,0523571203,ウイン,コスモヴューファーム,ドゥラメンテ,コスモチェーロ,"Fusaichi Pegasus",鹿毛,180604,  191.9,  ,    ,52.4
23,11,12,5,東京,4,08,２勝ｸﾗｽ,43,芝,0,1800,良,ウインチェレステ  ,牡,5,石川裕紀,58.0,8,08,8,8,0,0.9,7,108.9,"1489",0,0,4,3,3,34.5,516,畠山吉宏,美,0,18101630,01150,01048,0523540808,ウイン,コスモヴューファーム,ドゥラメンテ,コスモチェーロ,"Fusaichi Pegasus",鹿毛,180604,   38.9,  ,    ,57.8
23,10,07,4,東京,1,09,ｔｖｋ賞･2勝,43,芝,0,1800,良,ウインチェレステ  ,牡,5,佐々木大,58.0,12,03,9,9,0,1.2,11,108.3,"1483",0,0,7,6,7,33.7,510,畠山吉宏,美,0,18101630,01197,01048,0523410903,ウイン,コスモヴューファーム,ドゥラメンテ,コスモチェーロ,"Fusaichi Pegasus",鹿毛,180604,  120.5,  ,    ,60.7
23,04,01,3,中山,3,10,安房特別･2勝,43,芝,0,2500,良,ウインチェレステ  ,牡,5,松岡正海,58.0,11,09,11,11,0,9.4,8,161.7,"2417",0,2,3,4,11,45.2,502,畠山吉宏,美,0,18101630,01085,01048,0623331009,ウイン,コスモヴューファーム,ドゥラメンテ,コスモチェーロ,"Fusaichi Pegasus",鹿毛,180604,   44.0,  ,    ,31.4
23,03,04,2,中山,3,09,潮来特Ｈ･2勝,43,芝,0,2500,良,ウインチェレステ  ,牡,5,松岡正海,55.0,11,07,7,7,0,1.6,7,153.1,"2331",0,1,1,1,2,37.2,502,畠山吉宏,美,0,18101630,01085,01048,0623230907,ウイン,コスモヴューファーム,ドゥラメンテ,コスモチェーロ,"Fusaichi Pegasus",鹿毛,180604,   41.8,  ,    ,48.4
23,02,07,11,不明,2,11,ハート,3,ダ,1,1600,良,ウインチェレステ  ,牡,5,本田正重,56.0,12,09,12,12,0,3.8,7,107.4,"1474",0,8,8,10,12,0,507,畠山吉宏,美,0,18101630,05443,01048,4323B21109,ウイン,コスモヴューファーム,ドゥラメンテ,コスモチェーロ,"Fusaichi Pegasus",鹿毛,180604,    0.0,  ,    , 0.0
23,01,05,1,中山,1,12,２勝ｸﾗｽ,43,芝,0,2000,良,ウインチェレステ  ,牡,5,松岡正海,58.0,14,11,11,11,0,1.6,8,121.8,"2018",0,1,1,1,1,36.7,504,畠山吉宏,美,0,18101630,01085,01048,0623111211,ウイン,コスモヴューファーム,ドゥラメンテ,コスモチェーロ,"Fusaichi Pegasus",鹿毛,180604,   58.7,  ,    ,49.4
22,08,14,2,札幌,2,10,藻岩山特･2勝,43,芝,0,2000,稍,ウインチェレステ  ,牡,4,吉田隼人,57.0,13,12,8,8,0,0.8,6,123.2,"2032",0,1,1,1,1,36.5,512,畠山吉宏,美,0,18101630,01095,01048,0122221012,ウイン,コスモヴューファーム,ドゥラメンテ,コスモチェーロ,"Fusaichi Pegasus",鹿毛,180604,   22.5,  ,    ,51.8
22,07,31,1,札幌,4,07,１勝ｸﾗｽ,23,芝,0,2000,良,ウインチェレステ  ,牡,4,松岡正海,57.0,14,08,1,1,0,0,7,121.5,"2015",0,1,1,1,1,36.6,506,畠山吉宏,美,770,18101630,01085,01048,0122140708,ウイン,コスモヴューファーム,ドゥラメンテ,コスモチェーロ,"Fusaichi Pegasus",鹿毛,180604,   17.3,  ,    ,49.4
22,07,17,1,函館,12,09,臥牛山特･1勝,23,芝,0,1800,重,ウインチェレステ  ,牡,4,黛弘人,57.0,7,06,4,4,0,1.6,3,115.2,"1552",0,2,2,2,2,39.2,510,畠山吉宏,美,160,18101630,01109,01048,02221C0906,ウイン,コスモヴューファーム,ドゥラメンテ,コスモチェーロ,"Fusaichi Pegasus",鹿毛,180604,    8.5,  ,    ,46.9
22,05,07,1,新潟,1,08,１勝ｸﾗｽ,23,芝,8,1800,良,ウインチェレステ  ,牡,4,丹内祐次,57.0,12,11,10,10,0,1.3,5,108.1,"1481",0,0,0,3,3,35.1,496,畠山吉宏,美,0,18101630,01091,01048,0422110811,ウイン,コスモヴューファーム,ドゥラメンテ,コスモチェーロ,"Fusaichi Pegasus",鹿毛,180604,    6.9,  ,    ,54.0
22,04,16,1,福島,1,09,川俣特別･1勝,23,芝,0,1800,稍,ウインチェレステ  ,牡,4,丹内祐次,57.0,15,02,13,13,0,0.6,1,112.1,"1521",0,3,3,3,3,36.9,494,畠山吉宏,美,0,18101630,01091,01048,0322110902,ウイン,コスモヴューファーム,ドゥラメンテ,コスモチェーロ,"Fusaichi Pegasus",鹿毛,180604,    3.7,  ,    ,51.9
21,12,19,6,中京,6,08,１勝ｸﾗｽ,23,芝,0,1600,良,ウインチェレステ  ,牡,3,原優介,53.0,16,09,6,6,0,0.6,5,95.1,"1351",0,0,7,8,8,34.5,486,畠山吉宏,美,0,18101630,01184,01048,0721660809,ウイン,コスモヴューファーム,ドゥラメンテ,コスモチェーロ,"Fusaichi Pegasus",鹿毛,180604,   17.4,  ,    ,55.4
21,06,19,1,札幌,3,07,未勝利,7,芝,0,1800,良,ウインチェレステ  ,牡,3,横山武史,56.0,14,05,1,1,0,-0.2,1,107.3,"1473",0,1,1,1,1,34.7,482,畠山吉宏,美,510,18101630,01170,01048,0121130705,ウイン,コスモヴューファーム,ドゥラメンテ,コスモチェーロ,"Fusaichi Pegasus",鹿毛,180604,    2.0,  ,    ,54.6
21,05,29,2,東京,11,03,未勝利,7,芝,0,1800,良,ウインチェレステ  ,牡,3,横山武史,56.0,15,13,2,2,0,0.1,2,106.5,"1465",0,0,2,2,2,34.5,478,畠山吉宏,美,200,18101630,01170,01048,05212B0313,ウイン,コスモヴューファーム,ドゥラメンテ,コスモチェーロ,"Fusaichi Pegasus",鹿毛,180604,    5.7,  ,    ,54.3
21,01,09,1,中山,2,06,未勝利,7,芝,0,2000,良,ウインチェレステ  ,牡,3,横山武史,56.0,16,03,7,7,0,0.5,4,123.2,"2032",0,3,4,3,3,35.6,474,畠山吉宏,美,0,18101630,01170,01048,0621120603,ウイン,コスモヴューファーム,ドゥラメンテ,コスモチェーロ,"Fusaichi Pegasus",鹿毛,180604,   13.1,  ,    ,55.5
20,12,20,5,中山,6,04,未勝利*,7,芝,0,2000,良,ウインチェレステ  ,牡,2,横山武史,55.0,18,16,3,3,0,0.7,1,124.6,"2046",0,4,4,4,2,37.6,476,畠山吉宏,美,130,18101630,01170,01048,0620560416,ウイン,コスモヴューファーム,ドゥラメンテ,コスモチェーロ,"Fusaichi Pegasus",鹿毛,180604,    4.5,  ,    ,49.2
20,11,29,5,東京,9,06,新馬,15,芝,0,1800,良,ウインチェレステ  ,牡,2,横山武史,55.0,13,10,2,2,0,0.2,5,111,"1510",0,0,2,2,2,34.2,482,畠山吉宏,美,280,18101630,01170,01048,0520590610,ウイン,コスモヴューファーム,ドゥラメンテ,コスモチェーロ,"Fusaichi Pegasus",鹿毛,180604,   17.9,  ,    ,62.3
24,06,22,3,東京,7,08,東京ジャJG3,163,芝,2,3110,稍,ホッコーメヴィウス,セ,8,井上敏樹,60.0,14,02,0,0,4,999.9,4,0,"----",0,0,0,0,0,0,468,清水久詞,栗,0,16102442,01151,01110,0524370802,北幸商事,高昭牧場,ダイワメジャー,ホッコーメモリー,ダンシングブレーヴ,鹿毛,160415,   10.3,  ,    , 0.0
23,10,15,4,東京,5,09,東京ハイJG2,179,芝,2,3110,重,ホッコーメヴィウス,セ,7,平沢健治,60.0,12,05,2,2,0,0.4,4,212.4,"3324",0,1,1,1,1,13.7,474,清水久詞,栗,1600,16102442,01067,01110,0523450905,北幸商事,高昭牧場,ダイワメジャー,ホッコーメモリー,ダンシングブレーヴ,鹿毛,160415,    8.4,  ,    , 0.0
23,09,16,4,阪神,3,08,阪神ジャJG3,163,芝,2,3140,良,ホッコーメヴィウス,セ,7,平沢健治,60.0,14,02,2,2,0,0.3,4,206,"3260",0,1,1,1,1,13.1,484,清水久詞,栗,1200,16102442,01067,01110,0923430802,北幸商事,高昭牧場,ダイワメジャー,ホッコーメモリー,ダンシングブレーヴ,鹿毛,160415,    8.4,  ,    , 0.0
23,08,26,3,小倉,5,04,小倉サマJG3,163,芝,2,3390,稍,ホッコーメヴィウス,セ,7,黒岩悠,60.0,10,03,6,6,0,1,4,228.2,"3482",0,6,8,9,8,13.5,476,清水久詞,栗,0,16102442,01072,01110,1023350403,北幸商事,高昭牧場,ダイワメジャー,ホッコーメモリー,ダンシングブレーヴ,鹿毛,160415,    9.1,  ,    , 0.0
23,07,29,2,新潟,1,04,新潟ジャJG3,163,芝,2,3250,良,ホッコーメヴィウス,セ,7,黒岩悠,60.0,11,04,9,9,0,4.9,2,213.2,"3332",0,1,1,3,5,13.1,476,清水久詞,栗,0,16102442,01072,01110,0423210404,北幸商事,高昭牧場,ダイワメジャー,ホッコーメモリー,ダンシングブレーヴ,鹿毛,160415,    3.6,  ,    , 0.0
23,06,24,3,東京,7,08,東京ジャJG3,163,芝,2,3110,良,ホッコーメヴィウス,セ,7,黒岩悠,60.0,12,10,9,9,0,2.1,1,208.6,"3286",0,6,6,6,7,13.4,472,清水久詞,栗,0,16102442,01072,01110,0523370810,北幸商事,高昭牧場,ダイワメジャー,ホッコーメモリー,ダンシングブレーヴ,鹿毛,160415,    2.0,  ,    , 0.0
22,11,12,5,阪神,3,08,京都ジャJG3,163,芝,2,3140,良,ホッコーメヴィウス,セ,6,黒岩悠,60.0,13,08,1,1,0,-1.1,1,206.2,"3262",0,1,1,1,1,13.1,484,清水久詞,栗,2900,16102442,01072,01110,0922530808,北幸商事,高昭牧場,ダイワメジャー,ホッコーメモリー,ダンシングブレーヴ,鹿毛,160415,    1.7,  ,    , 0.0
22,10,16,4,東京,5,09,東京ハイJG2,179,芝,2,3110,良,ホッコーメヴィウス,セ,6,黒岩悠,60.0,12,12,2,2,0,0.3,1,206.2,"3262",0,1,1,1,1,13.3,480,清水久詞,栗,1600,16102442,01072,01110,0522450912,北幸商事,高昭牧場,ダイワメジャー,ホッコーメモリー,ダンシングブレーヴ,鹿毛,160415,    2.4,  ,    , 0.0
22,09,17,5,中京,3,08,阪神ジャJG3,163,芝,2,3300,良,ホッコーメヴィウス,セ,6,黒岩悠,60.0,14,08,1,1,0,-0.6,1,213.4,"3334",0,1,1,1,1,12.9,476,清水久詞,栗,2900,16102442,01072,01110,0722530808,北幸商事,高昭牧場,ダイワメジャー,ホッコーメモリー,ダンシングブレーヴ,鹿毛,160415,    1.4,  ,    , 0.0
22,07,30,2,新潟,1,08,新潟ジャJG3,163,芝,2,3250,良,ホッコーメヴィウス,セ,6,黒岩悠,60.0,14,05,1,1,0,-0.1,3,208.4,"3284",0,1,1,1,1,12.8,468,清水久詞,栗,2900,16102442,01072,01110,0422210805,北幸商事,高昭牧場,ダイワメジャー,ホッコーメモリー,ダンシングブレーヴ,鹿毛,160415,    6.0,  ,    , 0.0
22,06,25,3,東京,7,08,東京ジャJG3,163,芝,2,3110,良,ホッコーメヴィウス,セ,6,黒岩悠,60.0,12,09,2,2,0,1,3,207.2,"3272",0,2,2,2,2,13.3,468,清水久詞,栗,1200,16102442,01072,01110,0522370809,北幸商事,高昭牧場,ダイワメジャー,ホッコーメモリー,ダンシングブレーヴ,鹿毛,160415,    8.9,  ,    , 0.0
22,02,26,2,小倉,5,08,春麗ジャ,131,芝,2,3390,良,ホッコーメヴィウス,セ,6,黒岩悠,60.0,12,04,7,7,0,1.7,1,227.1,"3471",0,1,1,4,3,13.4,464,清水久詞,栗,0,16102442,01072,01110,1022250804,北幸商事,高昭牧場,ダイワメジャー,ホッコーメモリー,ダンシングブレーヴ,鹿毛,160415,    2.9,  ,    , 0.0
22,01,30,1,小倉,6,12,１勝ｸﾗｽ,23,芝,0,2000,良,ホッコーメヴィウス,セ,6,黒岩悠,57.0,14,01,9,9,0,1,4,121.2,"2012",0,2,2,2,2,37,462,清水久詞,栗,0,16102442,01072,01110,1022161201,北幸商事,高昭牧場,ダイワメジャー,ホッコーメモリー,ダンシングブレーヴ,鹿毛,160415,    9.3,  ,    ,47.5
21,11,13,5,阪神,3,08,京都ジャJG3,163,芝,2,3140,良,ホッコーメヴィウス,セ,5,黒岩悠,60.0,13,10,3,3,0,0.8,3,209.1,"3291",0,1,1,2,2,13.3,462,清水久詞,栗,730,16102442,01072,01110,0921530810,北幸商事,高昭牧場,ダイワメジャー,ホッコーメモリー,ダンシングブレーヴ,鹿毛,160415,    5.6,  ,    , 0.0
21,10,17,4,東京,4,09,東京ハイJG2,179,芝,2,3110,稍,ホッコーメヴィウス,セ,5,黒岩悠,60.0,12,05,2,2,0,0.1,3,208.9,"3289",0,1,1,1,1,13.4,470,清水久詞,栗,1600,16102442,01072,01110,0521440905,北幸商事,高昭牧場,ダイワメジャー,ホッコーメモリー,ダンシングブレーヴ,鹿毛,160415,    7.1,  ,    , 0.0
21,07,31,3,新潟,3,08,新潟ジャJG3,163,芝,2,3250,良,ホッコーメヴィウス,セ,5,黒岩悠,60.0,13,05,8,8,0,2,1,211,"3310",0,5,5,7,7,13,464,清水久詞,栗,0,16102442,01072,01110,0421330805,北幸商事,高昭牧場,ダイワメジャー,ホッコーメモリー,ダンシングブレーヴ,鹿毛,160415,    2.7,  ,    , 0.0
21,06,26,3,東京,7,08,東京ジャJG3,163,芝,2,3110,良,ホッコーメヴィウス,セ,5,黒岩悠,60.0,14,10,2,2,0,0,5,208.3,"3283",0,3,3,7,6,13.4,458,清水久詞,栗,1200,16102442,01072,01110,0521370810,北幸商事,高昭牧場,ダイワメジャー,ホッコーメモリー,ダンシングブレーヴ,鹿毛,160415,   12.4,  ,    , 0.0
21,05,22,2,新潟,5,04,障害・オープ,131,芝,2,3290,重,ホッコーメヴィウス,セ,5,黒岩悠,60.0,14,05,1,1,0,-1.9,5,217.3,"3373",0,3,3,1,1,13.2,456,清水久詞,栗,1350,16102442,01072,01110,0421250405,北幸商事,高昭牧場,ダイワメジャー,ホッコーメモリー,ダンシングブレーヴ,鹿毛,160415,    9.4,  ,    , 0.0
21,05,08,2,新潟,1,01,障害・オープ,131,芝,2,2890,良,ホッコーメヴィウス,セ,5,黒岩悠,60.0,14,12,3,3,0,0.4,4,189.9,"3099",0,2,2,2,2,13.1,450,清水久詞,栗,340,16102442,01072,01110,0421210112,北幸商事,高昭牧場,ダイワメジャー,ホッコーメモリー,ダンシングブレーヴ,鹿毛,160415,    8.9,  ,    , 0.0
21,04,11,3,中山,6,04,障害・オープ,131,ダ,3,3200,良,ホッコーメヴィウス,セ,5,難波剛健,60.0,10,09,5,5,0,1,2,215.3,"3353",0,4,3,2,2,13.5,454,清水久詞,栗,135,16102442,01066,01110,0621360409,北幸商事,高昭牧場,ダイワメジャー,ホッコーメモリー,ダンシングブレーヴ,鹿毛,160415,    3.8,  ,    , 0.0
21,03,27,2,阪神,1,04,障害・オープ,131,ダ,3,3110,良,ホッコーメヴィウス,セ,5,黒岩悠,60.0,11,07,2,2,0,0.4,9,210.6,"3306",0,1,1,1,1,13.5,464,清水久詞,栗,540,16102442,01072,01110,0921210407,北幸商事,高昭牧場,ダイワメジャー,ホッコーメモリー,ダンシングブレーヴ,鹿毛,160415,   17.4,  ,    , 0.0
21,03,06,2,小倉,7,04,障害・オープ,131,芝,2,3390,重,ホッコーメヴィウス,セ,5,小坂忠士,60.0,14,03,5,5,0,3.2,9,232.5,"3525",0,6,7,2,3,13.7,454,清水久詞,栗,135,16102442,01063,01110,1021270403,北幸商事,高昭牧場,ダイワメジャー,ホッコーメモリー,ダンシングブレーヴ,鹿毛,160415,   41.3,  ,    , 0.0
21,02,06,1,小倉,7,04,障害・オープ,131,芝,2,3390,良,ホッコーメヴィウス,セ,5,黒岩悠,60.0,14,02,6,6,0,1.9,7,230.4,"3504",0,3,3,4,4,13.6,454,西浦勝一,栗,0,16102442,01072,01016,1021170402,北幸商事,高昭牧場,ダイワメジャー,ホッコーメモリー,ダンシングブレーヴ,鹿毛,160415,   20.6,  ,    , 0.0
20,12,13,3,中京,4,04,障害未勝利,7,芝,2,3000,良,ホッコーメヴィウス,セ,4,難波剛健,60.0,14,01,1,1,0,-1.4,3,196.5,"3165",0,1,1,1,1,13.1,456,西浦勝一,栗,790,16102442,01066,01016,0720340401,北幸商事,高昭牧場,ダイワメジャー,ホッコーメモリー,ダンシングブレーヴ,鹿毛,160415,    4.6,  ,    , 0.0
20,11,15,3,福島,6,05,障害未勝利,7,芝,2,2770,良,ホッコーメヴィウス,セ,4,難波剛健,60.0,11,04,4,4,0,0.6,4,182.9,"3029",0,1,1,1,2,13.2,460,西浦勝一,栗,120,16102442,01066,01016,0320360504,北幸商事,高昭牧場,ダイワメジャー,ホッコーメモリー,ダンシングブレーヴ,鹿毛,160415,    8.3,  ,    , 0.0
20,10,25,4,新潟,6,04,障害未勝利,7,芝,2,2850,重,ホッコーメヴィウス,セ,4,難波剛健,60.0,14,11,9,9,0,4.2,9,191.9,"3119",0,3,7,9,9,13.5,470,西浦勝一,栗,0,16102442,01066,01016,0420460411,北幸商事,高昭牧場,ダイワメジャー,ホッコーメモリー,ダンシングブレーヴ,鹿毛,160415,   51.2,  ,    , 0.0
20,09,20,2,中京,4,07,１勝ｸﾗｽ,23,芝,0,1600,良,ホッコーメヴィウス,セ,4,国分優作,57.0,16,06,9,9,0,1,13,94.5,"1345",0,0,3,5,4,35.5,468,西浦勝一,栗,0,16102442,01125,01016,0720240706,北幸商事,高昭牧場,ダイワメジャー,ホッコーメモリー,ダンシングブレーヴ,鹿毛,160415,   95.4,  ,    ,49.7
20,07,25,2,新潟,1,12,１勝ｸﾗｽ,23,芝,8,1600,良,ホッコーメヴィウス,セ,4,国分優作,57.0,18,01,15,15,0,1.2,15,95,"1350",0,0,0,4,4,34.2,454,西浦勝一,栗,0,16102442,01125,01016,0420211201,北幸商事,高昭牧場,ダイワメジャー,ホッコーメモリー,ダンシングブレーヴ,鹿毛,160415,   62.6,  ,    ,56.7
20,06,27,3,阪神,7,09,出石特別･1勝,23,芝,0,1400,良,ホッコーメヴィウス,セ,4,荻野極,57.0,17,02,14,14,0,1.7,14,83,"1230",0,0,0,14,14,36.7,454,西浦勝一,栗,0,16102442,01160,01016,0920370902,北幸商事,高昭牧場,ダイワメジャー,ホッコーメモリー,ダンシングブレーヴ,鹿毛,160415,  103.7,  ,    ,44.6
20,06,14,3,阪神,4,08,１勝ｸﾗｽ,23,芝,8,1800,稍,ホッコーメヴィウス,セ,4,菊沢一樹,56.0,11,07,7,7,0,1.4,6,109.2,"1492",0,0,0,2,2,37.2,456,西浦勝一,栗,0,16102442,01161,01016,0920340807,北幸商事,高昭牧場,ダイワメジャー,ホッコーメモリー,ダンシングブレーヴ,鹿毛,160415,   33.7,  ,    ,46.8
20,05,24,1,新潟,6,08,１勝ｸﾗｽ,23,芝,0,1400,良,ホッコーメヴィウス,セ,4,菊沢一樹,56.0,15,06,6,6,0,0.5,6,83.2,"1232",0,0,0,9,9,34.6,454,西浦勝一,栗,0,16102442,01161,01016,0420160806,北幸商事,高昭牧場,ダイワメジャー,ホッコーメモリー,ダンシングブレーヴ,鹿毛,160415,   14.3,  ,    ,55.3
19,12,28,5,阪神,9,08,１勝ｸﾗｽ,23,芝,8,1600,良,ホッコーメヴィウス,セ,3,荻野極,56.0,18,01,9,9,0,0.8,7,96.4,"1364",0,0,0,7,6,34.5,456,西浦勝一,栗,0,16102442,01160,01016,0919590801,北幸商事,高昭牧場,ダイワメジャー,ホッコーメモリー,ダンシングブレーヴ,鹿毛,160415,   20.7,  ,    ,57.7
19,12,08,4,中京,4,09,１勝ｸﾗｽ,23,芝,0,1400,良,ホッコーメヴィウス,セ,3,団野大成,53.0,18,10,4,4,0,0.3,7,81.2,"1212",0,0,0,18,18,33.6,460,西浦勝一,栗,110,16102442,01180,01016,0719440910,北幸商事,高昭牧場,ダイワメジャー,ホッコーメモリー,ダンシングブレーヴ,鹿毛,160415,   23.2,  ,    ,56.2
19,11,16,3,福島,5,12,飯坂温泉･1勝,23,芝,0,1200,良,ホッコーメヴィウス,セ,3,団野大成,56.0,16,06,5,5,0,0.4,8,70.2,"1102",0,0,0,9,9,34.6,460,西浦勝一,栗,105,16102442,01180,01016,0319351206,北幸商事,高昭牧場,ダイワメジャー,ホッコーメモリー,ダンシングブレーヴ,鹿毛,160415,   14.9,  ,    ,52.9
19,10,27,3,新潟,6,10,寺泊特別･1勝,23,芝,8,1600,稍,ホッコーメヴィウス,セ,3,団野大成,55.0,13,03,6,6,0,0.2,10,96.6,"1366",0,0,0,3,3,34.2,466,西浦勝一,栗,0,16102442,01180,01016,0419361003,北幸商事,高昭牧場,ダイワメジャー,ホッコーメモリー,ダンシングブレーヴ,鹿毛,160415,   75.0,  ,    ,59.5
19,09,01,2,札幌,6,07,１勝ｸﾗｽ,23,芝,0,1200,良,ホッコーメヴィウス,セ,3,坂井瑠星,53.0,16,03,16,16,0,1.3,5,71,"1110",0,0,0,14,16,35.3,474,西浦勝一,栗,0,16102442,01163,01016,0119260703,北幸商事,高昭牧場,ダイワメジャー,ホッコーメモリー,ダンシングブレーヴ,鹿毛,160415,   10.7,  ,    ,51.1
19,08,11,1,札幌,6,08,１勝ｸﾗｽ,23,芝,0,1200,良,ホッコーメヴィウス,セ,3,団野大成,51.0,16,13,5,5,0,0.5,2,69.5,"1095",0,0,0,7,7,34.8,468,西浦勝一,栗,75,16102442,01180,01016,0119160813,北幸商事,高昭牧場,ダイワメジャー,ホッコーメモリー,ダンシングブレーヴ,鹿毛,160415,    4.6,  ,    ,49.7
19,07,20,2,函館,5,06,未勝利,7,芝,0,1200,良,ホッコーメヴィウス,セ,3,団野大成,53.0,14,07,1,1,0,0,4,69.3,"1093",0,0,0,8,8,34.9,470,西浦勝一,栗,500,16102442,01180,01016,0219250607,北幸商事,高昭牧場,ダイワメジャー,ホッコーメモリー,ダンシングブレーヴ,鹿毛,160415,    7.4,  ,    ,48.6
19,06,08,3,阪神,3,04,未勝利,7,芝,8,1600,稍,ホッコーメヴィウス,セ,3,幸英明,56.0,18,06,6,6,0,0.6,6,96.6,"1366",0,0,0,7,7,36.6,468,西浦勝一,栗,0,16102442,00732,01016,0919330406,北幸商事,高昭牧場,ダイワメジャー,ホッコーメモリー,ダンシングブレーヴ,鹿毛,160415,   17.1,  ,    ,48.4
19,04,21,3,京都,2,05,未勝利,7,芝,8,1800,良,ホッコーメヴィウス,セ,3,北村友一,56.0,13,04,6,6,0,1.7,5,108.4,"1484",0,0,0,1,1,36.5,448,西浦勝一,栗,0,16102442,01102,01016,0819320504,北幸商事,高昭牧場,ダイワメジャー,ホッコーメモリー,ダンシングブレーヴ,鹿毛,160415,    9.9,  ,    ,48.5
19,03,24,2,中京,6,04,未勝利,7,芝,0,2000,良,ホッコーメヴィウス,セ,3,北村友一,56.0,16,10,6,6,0,0.7,5,124.1,"2041",0,13,13,9,9,34.1,446,西浦勝一,栗,0,16102442,01102,01016,0719260410,北幸商事,高昭牧場,ダイワメジャー,ホッコーメモリー,ダンシングブレーヴ,鹿毛,160415,   15.9,  ,    ,63.1
19,03,02,1,阪神,3,04,未勝利,7,芝,0,2000,良,ホッコーメヴィウス,セ,3,北村友一,56.0,16,15,3,3,0,0.3,6,122.8,"2028",0,11,11,11,8,35.7,450,西浦勝一,栗,130,16102442,01102,01016,0919130415,北幸商事,高昭牧場,ダイワメジャー,ホッコーメモリー,ダンシングブレーヴ,鹿毛,160415,   15.2,  ,    ,54.6
19,02,09,2,京都,5,05,未勝利,7,芝,8,1800,良,ホッコーメヴィウス,セ,3,国分恭介,56.0,11,09,7,7,0,1.4,2,110.7,"1507",0,0,0,10,7,36.2,456,西浦勝一,栗,0,16102442,01124,01016,0819250509,北幸商事,高昭牧場,ダイワメジャー,ホッコーメモリー,ダンシングブレーヴ,鹿毛,160415,    4.1,  ,    ,52.9
19,01,27,2,京都,2,06,新馬,15,芝,8,1800,良,ホッコーメヴィウス,セ,3,国分恭介,56.0,16,08,2,2,0,0.1,12,110.2,"1502",0,0,0,7,7,35.1,458,西浦勝一,栗,240,16102442,01124,01016,0819220608,北幸商事,高昭牧場,ダイワメジャー,ホッコーメモリー,ダンシングブレーヴ,鹿毛,160415,   79.5,  ,    ,57.0
24,05,18,1,新潟,7,01,障害・オープ,131,芝,2,3290,良,パトリック        ,牡,8,森一馬,61.0,14,09,2,2,0,0.6,1,217.8,"3378",0,6,5,4,4,13.2,482,岡田稲男,栗,540,16102133,01139,01066,0424170109,カナヤマホールディングス,松田牧場,ワークフォース,シャムローグ,ディープインパクト,鹿毛,160408,    3.7,  ,    , 0.0
24,04,27,1,新潟,1,04,障害・オープ,131,芝,2,2890,良,パトリック        ,牡,8,森一馬,60.0,11,06,1,1,0,-0.4,6,187.6,"3076",0,8,8,4,3,13,480,岡田稲男,栗,1350,16102133,01139,01066,0424110406,カナヤマホールディングス,松田牧場,ワークフォース,シャムローグ,ディープインパクト,鹿毛,160408,   14.4,  ,    , 0.0
24,02,10,2,小倉,1,05,障害・オープ,131,芝,2,2860,良,パトリック        ,牡,8,森一馬,60.0,12,03,7,7,0,4.8,6,195,"3150",0,8,9,8,8,13.6,474,岡田稲男,栗,0,16102133,01139,01066,1024210503,カナヤマホールディングス,松田牧場,ワークフォース,シャムローグ,ディープインパクト,鹿毛,160408,   12.8,  ,    , 0.0
23,05,20,1,新潟,7,01,障害未勝利,7,芝,2,2890,良,パトリック        ,牡,7,森一馬,60.0,14,03,1,1,0,-0.4,1,188.9,"3089",0,5,4,3,3,13.1,486,岡田稲男,栗,790,16102133,01139,01066,0423170103,カナヤマホールディングス,松田牧場,ワークフォース,シャムローグ,ディープインパクト,鹿毛,160408,    2.8,  ,    , 0.0
23,04,30,1,新潟,2,04,障害未勝利,7,芝,2,2890,重,パトリック        ,牡,7,森一馬,60.0,9,01,4,4,0,1.4,2,195.6,"3156",0,7,7,6,6,13.5,484,岡田稲男,栗,120,16102133,01139,01066,0423120401,カナヤマホールディングス,松田牧場,ワークフォース,シャムローグ,ディープインパクト,鹿毛,160408,    4.4,  ,    , 0.0
23,03,05,2,中山,4,10,総武Ｓ,131,ダ,1,1800,良,パトリック        ,牡,7,北村宏司,57.0,16,07,10,10,0,1.3,13,114.9,"1549",0,16,16,15,14,37.3,472,岡田稲男,栗,0,16102133,01043,01066,0623241007,カナヤマホールディングス,松田牧場,ワークフォース,シャムローグ,ディープインパクト,鹿毛,160408,  170.9,  ,    ,54.0
22,12,03,6,阪神,1,11,チャレンG3,163,芝,0,2000,良,パトリック        ,牡,6,藤岡佑介,56.0,14,11,13,13,0,2.4,14,119.9,"1599",0,8,7,7,8,37.2,480,岡田稲男,栗,0,16102133,01093,01066,0922611111,カナヤマホールディングス,松田牧場,ワークフォース,シャムローグ,ディープインパクト,鹿毛,160408,  370.9,  ,    ,45.3
22,11,13,3,福島,4,11,福島記念ＨG3,163,芝,0,2000,良,パトリック        ,牡,6,藤岡佑介,55.0,16,03,14,14,0,1.4,13,121.6,"2016",0,15,14,13,13,35.7,480,岡田稲男,栗,0,16102133,01093,01066,0322341103,カナヤマホールディングス,松田牧場,ワークフォース,シャムローグ,ディープインパクト,鹿毛,160408,   45.7,  ,    ,53.1
22,10,16,4,東京,5,11,オクトー(L),115,芝,0,2000,良,パトリック        ,牡,6,藤岡佑介,56.0,16,16,5,5,0,0.2,11,118.3,"1583",0,0,3,3,3,34.7,476,岡田稲男,栗,260,16102133,01093,01066,0522451116,カナヤマホールディングス,松田牧場,ワークフォース,シャムローグ,ディープインパクト,鹿毛,160408,   52.4,  ,    ,53.3
22,09,17,5,中京,3,11,ケフェウＨ,131,芝,0,2000,良,パトリック        ,牡,6,松山弘平,55.0,10,04,10,10,0,2.1,2,119.7,"1597",0,10,10,10,10,34.6,472,岡田稲男,栗,0,16102133,01126,01066,0722531104,カナヤマホールディングス,松田牧場,ワークフォース,シャムローグ,ディープインパクト,鹿毛,160408,    4.5,  ,    ,55.4
22,06,04,4,中京,1,11,鳴尾記念G3,163,芝,0,2000,良,パトリック        ,牡,6,松山弘平,56.0,10,01,8,8,0,1.2,9,118.9,"1589",0,10,10,10,9,34.4,476,岡田稲男,栗,0,16102133,01126,01066,0722411101,カナヤマホールディングス,松田牧場,ワークフォース,シャムローグ,ディープインパクト,鹿毛,160408,   43.1,  ,    ,55.3
22,05,14,3,中京,3,11,都大路Ｓ(L),115,芝,0,2000,稍,パトリック        ,牡,6,松山弘平,56.0,7,03,3,3,0,0.1,5,120.6,"2006",0,6,6,6,6,34.1,478,岡田稲男,栗,650,16102133,01126,01066,0722331103,カナヤマホールディングス,松田牧場,ワークフォース,シャムローグ,ディープインパクト,鹿毛,160408,    8.0,  ,    ,58.7
22,04,10,2,阪神,6,10,大阪―ハＨ,131,芝,8,2600,良,パトリック        ,牡,6,ルメール,54.0,10,07,8,8,0,1.2,1,158.3,"2383",0,8,8,7,7,35.4,480,岡田稲男,栗,0,16102133,05339,01066,0922261007,カナヤマホールディングス,松田牧場,ワークフォース,シャムローグ,ディープインパクト,鹿毛,160408,    3.2,  ,    ,54.2
22,01,30,1,中京,10,10,美濃Ｓ･3勝,67,芝,0,2200,良,パトリック        ,牡,6,松山弘平,57.0,11,05,1,1,0,0,5,134.6,"2146",0,6,6,6,8,33.7,488,岡田稲男,栗,1840,16102133,01126,01066,07221A1005,カナヤマホールディングス,松田牧場,ワークフォース,シャムローグ,ディープインパクト,鹿毛,160408,   12.1,  ,    ,62.3
22,01,08,1,中京,2,10,寿Ｓ･3勝,67,芝,0,2000,良,パトリック        ,牡,6,松山弘平,57.0,10,09,4,4,0,0.6,5,120.1,"2001",0,10,10,8,8,34.4,482,岡田稲男,栗,280,16102133,01126,01066,0722121009,カナヤマホールディングス,松田牧場,ワークフォース,シャムローグ,ディープインパクト,鹿毛,160408,   14.9,  ,    ,56.8
21,12,26,6,阪神,8,10,サンタク･3勝,67,芝,0,2000,良,パトリック        ,牡,5,団野大成,57.0,10,03,3,3,0,0.5,3,121.8,"2018",0,9,9,8,9,35.3,482,岡田稲男,栗,460,16102133,01180,01066,0921681003,カナヤマホールディングス,松田牧場,ワークフォース,シャムローグ,ディープインパクト,鹿毛,160408,    7.6,  ,    ,55.0
21,11,13,5,阪神,3,09,岸和田Ｈ･3勝,67,芝,0,2000,良,パトリック        ,牡,5,松若風馬,55.0,11,03,5,5,0,0.5,10,121.6,"2016",0,11,11,11,11,35.4,482,岡田稲男,栗,182,16102133,01154,01066,0921530903,カナヤマホールディングス,松田牧場,ワークフォース,シャムローグ,ディープインパクト,鹿毛,160408,   34.5,  ,    ,54.4
21,10,02,5,中京,8,10,関ケ原Ｓ･3勝,67,芝,0,2000,良,パトリック        ,牡,5,福永祐一,57.0,13,03,5,5,0,0.3,8,120.2,"2002",0,11,11,11,11,33.8,474,岡田稲男,栗,182,16102133,01014,01066,0721581003,カナヤマホールディングス,松田牧場,ワークフォース,シャムローグ,ディープインパクト,鹿毛,160408,   18.8,  ,    ,59.6
21,09,11,5,中京,1,10,ムーンＨ･3勝,67,芝,0,2200,良,パトリック        ,牡,5,菱田裕二,55.0,13,10,8,8,0,0.8,8,132.9,"2129",0,11,11,10,12,34.7,478,岡田稲男,栗,0,16102133,01144,01066,0721511010,カナヤマホールディングス,松田牧場,ワークフォース,シャムローグ,ディープインパクト,鹿毛,160408,   19.3,  ,    ,56.1
21,06,20,3,阪神,2,10,垂水ＳＨ･3勝,67,芝,8,1800,良,パトリック        ,牡,5,横山和生,55.0,18,08,5,5,0,0.6,11,107.2,"1472",0,0,0,18,17,35.4,484,岡田稲男,栗,182,16102133,01140,01066,0921321008,カナヤマホールディングス,松田牧場,ワークフォース,シャムローグ,ディープインパクト,鹿毛,160408,   44.5,  ,    ,51.4
21,06,05,4,中京,1,10,松風月Ｈ･3勝,67,ダ,1,1800,重,パトリック        ,牡,5,福永祐一,55.0,16,11,5,5,0,0.5,1,111,"1510",0,12,13,13,12,36.9,484,岡田稲男,栗,182,16102133,01014,01066,0721411011,カナヤマホールディングス,松田牧場,ワークフォース,シャムローグ,ディープインパクト,鹿毛,160408,    3.3,  ,    ,50.4
21,04,25,2,阪神,10,10,灘ＳＨ･3勝,67,ダ,1,2000,良,パトリック        ,牡,5,福永祐一,55.0,16,01,3,3,0,0.2,7,126.3,"2063",0,9,9,9,8,37.4,478,岡田稲男,栗,460,16102133,01014,01066,09212A1001,カナヤマホールディングス,松田牧場,ワークフォース,シャムローグ,ディープインパクト,鹿毛,160408,   14.8,  ,    ,51.9
21,04,10,2,阪神,5,10,難波ＳＨ･3勝,67,芝,8,1800,良,パトリック        ,牡,5,藤岡康太,55.0,12,01,10,10,0,0.9,8,106.9,"1469",0,0,0,12,12,32.3,480,岡田稲男,栗,0,16102133,01116,01066,0921251001,カナヤマホールディングス,松田牧場,ワークフォース,シャムローグ,ディープインパクト,鹿毛,160408,   19.9,  ,    ,65.5
21,03,07,2,小倉,8,11,壇之浦Ｓ･3勝,67,芝,0,1800,稍,パトリック        ,牡,5,横山和生,57.0,11,03,3,3,0,0.3,3,108.1,"1481",0,11,11,11,9,34.6,476,岡田稲男,栗,460,16102133,01140,01066,1021281103,カナヤマホールディングス,松田牧場,ワークフォース,シャムローグ,ディープインパクト,鹿毛,160408,    6.9,  ,    ,56.2
21,01,30,1,中京,9,10,天竜川特･2勝,43,芝,0,2000,稍,パトリック        ,牡,5,松山弘平,57.0,9,05,1,1,0,0,3,121.3,"2013",0,9,9,7,4,35.4,478,岡田稲男,栗,1500,16102133,01126,01066,0721191005,カナヤマホールディングス,松田牧場,ワークフォース,シャムローグ,ディープインパクト,鹿毛,160408,    4.7,  ,    ,54.0
20,11,01,4,京都,8,08,２勝ｸﾗｽ,43,芝,0,2000,良,パトリック        ,牡,4,藤岡康太,57.0,8,06,3,3,0,1.3,2,122.5,"2025",0,5,6,3,2,35.8,470,岡田稲男,栗,280,16102133,01116,01066,0820480806,カナヤマホールディングス,松田牧場,ワークフォース,シャムローグ,ディープインパクト,鹿毛,160408,    3.4,  ,    ,53.8
20,10,17,4,京都,3,10,清滝特別･2勝,43,芝,8,1800,重,パトリック        ,牡,4,藤岡康太,57.0,14,14,3,3,0,0.4,5,110.1,"1501",0,0,0,10,10,34.8,472,岡田稲男,栗,380,16102133,01116,01066,0820431014,カナヤマホールディングス,松田牧場,ワークフォース,シャムローグ,ディープインパクト,鹿毛,160408,    8.1,  ,    ,58.2
20,05,23,3,京都,9,12,オースＨ･2勝,43,芝,8,1800,良,パトリック        ,牡,4,北村宏司,56.0,17,08,11,11,0,0.8,1,108,"1480",0,0,0,17,16,33.4,470,岡田稲男,栗,0,16102133,01043,01066,0820391208,カナヤマホールディングス,松田牧場,ワークフォース,シャムローグ,ディープインパクト,鹿毛,160408,    3.3,  ,    ,61.7
20,05,09,3,京都,5,09,鴨川特別･2勝,43,芝,0,2000,良,パトリック        ,牡,4,松山弘平,57.0,12,12,7,7,0,0.3,1,119,"1590",0,3,6,6,5,34.2,476,岡田稲男,栗,0,16102133,01126,01066,0820350912,カナヤマホールディングス,松田牧場,ワークフォース,シャムローグ,ディープインパクト,鹿毛,160408,    2.8,  ,    ,56.3
20,04,18,2,阪神,7,09,蓬莱峡特･2勝,43,芝,8,1800,重,パトリック        ,牡,4,藤岡佑介,57.0,13,13,6,6,0,0.2,1,108.2,"1482",0,0,0,13,11,35.8,462,岡田稲男,栗,0,16102133,01093,01066,0920270913,カナヤマホールディングス,松田牧場,ワークフォース,シャムローグ,ディープインパクト,鹿毛,160408,    2.0,  ,    ,51.1
20,02,23,2,京都,8,09,春日特別･2勝,43,芝,8,1800,稍,パトリック        ,牡,4,藤岡佑介,56.0,11,02,2,2,0,0.1,1,112.3,"1523",0,0,0,10,10,33.7,474,岡田稲男,栗,600,16102133,01093,01066,0820280902,カナヤマホールディングス,松田牧場,ワークフォース,シャムローグ,ディープインパクト,鹿毛,160408,    2.3,  ,    ,66.6
20,01,25,1,京都,8,12,１勝ｸﾗｽ,23,芝,8,1800,稍,パトリック        ,牡,4,松山弘平,56.0,9,05,1,1,0,-0.1,2,109.3,"1493",0,0,0,8,7,34.9,468,岡田稲男,栗,760,16102133,01126,01066,0820181205,カナヤマホールディングス,松田牧場,ワークフォース,シャムローグ,ディープインパクト,鹿毛,160408,    3.3,  ,    ,56.6
20,01,06,1,京都,2,07,１勝ｸﾗｽ,23,芝,0,2000,良,パトリック        ,牡,4,松山弘平,56.0,15,06,2,2,0,0.1,1,122.9,"2029",0,14,14,13,13,34.9,474,岡田稲男,栗,300,16102133,01126,01066,0820120706,カナヤマホールディングス,松田牧場,ワークフォース,シャムローグ,ディープインパクト,鹿毛,160408,    3.3,  ,    ,58.1
19,11,02,5,京都,1,12,１勝ｸﾗｽ,23,芝,8,1800,良,パトリック        ,牡,3,Ｍ．デム,55.0,13,11,4,4,0,0.2,2,107.4,"1474",0,0,0,8,8,34.4,464,岡田稲男,栗,110,16102133,05212,01066,0819511211,カナヤマホールディングス,松田牧場,ワークフォース,シャムローグ,ディープインパクト,鹿毛,160408,    4.7,  ,    ,56.1
19,10,13,4,京都,4,07,１勝ｸﾗｽ,23,芝,8,2200,重,パトリック        ,牡,3,Ｍ．デム,54.0,11,11,3,3,0,0.3,2,134.1,"2141",0,5,5,4,3,35.3,468,岡田稲男,栗,190,16102133,05212,01066,0819440711,カナヤマホールディングス,松田牧場,ワークフォース,シャムローグ,ディープインパクト,鹿毛,160408,    4.1,  ,    ,55.0
19,09,29,4,阪神,9,08,１勝ｸﾗｽ,23,芝,8,1800,良,パトリック        ,牡,3,Ｍ．デム,54.0,16,01,4,4,0,0.3,3,106.8,"1468",0,0,0,12,8,34,462,岡田稲男,栗,110,16102133,05212,01066,0919490801,カナヤマホールディングス,松田牧場,ワークフォース,シャムローグ,ディープインパクト,鹿毛,160408,    5.2,  ,    ,57.1
19,03,24,2,中京,6,09,大寒桜賞500*,23,芝,0,2200,良,パトリック        ,牡,3,武豊,56.0,10,04,0,0,4,999.9,7,0,"----",0,9,10,0,0,0,460,岡田稲男,栗,0,16102133,00666,01066,0719260904,カナヤマホールディングス,松田牧場,ワークフォース,シャムローグ,ディープインパクト,鹿毛,160408,   14.2,  ,    , 0.0
19,02,16,1,東京,7,09,フリージ500*,23,芝,0,2000,良,パトリック        ,牡,3,浜中俊,56.0,8,06,5,5,0,0.5,5,120.4,"2004",0,0,7,8,8,33.3,468,岡田稲男,栗,100,16102133,01115,01066,0519170906,カナヤマホールディングス,松田牧場,ワークフォース,シャムローグ,ディープインパクト,鹿毛,160408,   11.5,  ,    ,62.1
19,02,02,2,京都,3,06,未勝利,7,芝,0,2000,稍,パトリック        ,牡,3,浜中俊,56.0,10,04,1,1,0,0,3,122.4,"2024",0,8,8,6,8,35,468,岡田稲男,栗,500,16102133,01115,01066,0819230604,カナヤマホールディングス,松田牧場,ワークフォース,シャムローグ,ディープインパクト,鹿毛,160408,    3.8,  ,    ,57.0
18,10,28,4,京都,9,03,未勝利*,7,芝,0,2000,良,パトリック        ,牡,2,菱田裕二,55.0,9,07,3,3,0,0.2,1,125.3,"2053",0,6,8,4,5,35.2,462,岡田稲男,栗,130,16102133,01144,01066,0818490307,カナヤマホールディングス,松田牧場,ワークフォース,シャムローグ,ディープインパクト,鹿毛,160408,    2.7,  ,    ,59.7
18,10,07,4,京都,2,05,新馬,15,芝,0,2000,良,パトリック        ,牡,2,菱田裕二,55.0,10,10,2,2,0,0,3,125.7,"2057",0,3,3,3,2,35.1,460,岡田稲男,栗,280,16102133,01144,01066,0818420510,カナヤマホールディングス,松田牧場,ワークフォース,シャムローグ,ディープインパクト,鹿毛,160408,    6.8,  ,    ,60.6
24,05,18,1,新潟,7,01,障害・オープ,131,芝,2,3290,良,サペラヴィ        ,牡,7,江田勇亮,61.0,14,04,1,1,0,-0.6,5,217.2,"3372",0,3,2,1,1,13.2,484,南田美知,美,1350,17100316,01023,00437,0424170104,伊達敏明,サンシャイン牧場,ローズキングダム,セミニョン,マンハッタンカフェ,鹿毛,170428,    9.2,  ,    , 0.0
24,04,27,1,新潟,1,04,障害・オープ,131,芝,2,2890,良,サペラヴィ        ,牡,7,大江原圭,62.0,11,02,3,3,0,0.4,4,188,"3080",0,2,2,1,1,13,486,南田美知,美,340,17100316,01120,00437,0424110402,伊達敏明,サンシャイン牧場,ローズキングダム,セミニョン,マンハッタンカフェ,鹿毛,170428,    8.6,  ,    , 0.0
24,02,03,1,東京,3,11,JC受賞Ｈ･3勝,67,芝,0,2400,良,サペラヴィ        ,牡,7,永野猛蔵,55.0,12,02,10,10,0,2.4,9,146,"2260",0,1,1,1,1,36.5,494,南田美知,美,0,17100316,01188,00437,0524131102,伊達敏明,サンシャイン牧場,ローズキングダム,セミニョン,マンハッタンカフェ,鹿毛,170428,  137.5,  ,    ,50.0
23,11,04,5,東京,1,08,秋陽ジャ,131,芝,2,3110,良,サペラヴィ        ,牡,6,江田勇亮,60.0,14,10,8,8,0,1.6,6,205.2,"3252",0,5,5,8,8,13.2,486,南田美知,美,0,17100316,01023,00437,0523510810,伊達敏明,サンシャイン牧場,ローズキングダム,セミニョン,マンハッタンカフェ,鹿毛,170428,   17.3,  ,    , 0.0
23,10,09,4,東京,3,10,六社Ｓ･3勝,67,芝,0,2400,重,サペラヴィ        ,牡,6,石川裕紀,58.0,14,13,13,13,0,2.9,13,146.9,"2269",0,1,1,1,1,38.5,486,南田美知,美,0,17100316,01150,00437,0523431013,伊達敏明,サンシャイン牧場,ローズキングダム,セミニョン,マンハッタンカフェ,鹿毛,170428,   52.1,  ,    ,43.9
23,07,29,2,新潟,1,04,新潟ジャJG3,163,芝,2,3250,良,サペラヴィ        ,牡,6,江田勇亮,60.0,11,08,3,3,0,1,7,209.3,"3293",0,3,4,2,3,12.9,460,南田美知,美,730,17100316,01023,00437,0423210408,伊達敏明,サンシャイン牧場,ローズキングダム,セミニョン,マンハッタンカフェ,鹿毛,170428,   19.5,  ,    , 0.0
23,05,06,1,新潟,3,01,障害・オープ,131,芝,2,2890,良,サペラヴィ        ,牡,6,江田勇亮,60.0,13,09,1,1,0,-0.5,2,188.7,"3087",0,2,2,1,1,13.1,474,南田美知,美,1350,17100316,01023,00437,0423130109,伊達敏明,サンシャイン牧場,ローズキングダム,セミニョン,マンハッタンカフェ,鹿毛,170428,    6.5,  ,    , 0.0
23,02,04,1,東京,3,11,早春ＳＨ･3勝,67,芝,0,2400,良,サペラヴィ        ,牡,6,石川裕紀,55.0,12,11,2,2,0,0.1,12,145.5,"2255",0,1,1,1,1,34.8,486,南田美知,美,740,17100316,01150,00437,0523131111,伊達敏明,サンシャイン牧場,ローズキングダム,セミニョン,マンハッタンカフェ,鹿毛,170428,  234.8,  ,    ,56.0
22,11,19,5,東京,5,08,秋陽ジャ,131,芝,2,3110,良,サペラヴィ        ,牡,5,江田勇亮,59.0,14,04,9,9,0,2,9,209.3,"3293",0,6,6,9,9,13.5,490,南田美知,美,0,17100316,01023,00437,0522550804,伊達敏明,サンシャイン牧場,ローズキングダム,セミニョン,マンハッタンカフェ,鹿毛,170428,   34.3,  ,    , 0.0
22,10,22,4,新潟,3,01,障害・オープ,131,芝,2,3250,良,サペラヴィ        ,牡,5,江田勇亮,60.0,13,05,8,8,0,0.8,7,213.1,"3331",0,3,3,4,2,13.1,486,南田美知,美,0,17100316,01023,00437,0422430105,伊達敏明,サンシャイン牧場,ローズキングダム,セミニョン,マンハッタンカフェ,鹿毛,170428,   13.9,  ,    , 0.0
22,08,28,3,新潟,6,01,障害未勝利,7,芝,2,2850,稍,サペラヴィ        ,牡,5,江田勇亮,60.0,8,06,1,1,0,-0.8,4,188.5,"3085",0,2,2,2,2,13.2,480,南田美知,美,790,17100316,01023,00437,0422360106,伊達敏明,サンシャイン牧場,ローズキングダム,セミニョン,マンハッタンカフェ,鹿毛,170428,    5.2,  ,    , 0.0
22,06,11,3,東京,3,11,ジューＨ･3勝,67,芝,0,2400,良,サペラヴィ        ,牡,5,永野猛蔵,54.0,15,14,6,6,0,0.9,15,146.6,"2266",0,3,3,3,2,35.1,478,相沢郁,美,0,17100316,01188,01020,0522331114,伊達敏明,サンシャイン牧場,ローズキングダム,セミニョン,マンハッタンカフェ,鹿毛,170428,  360.6,  ,    ,55.9
22,04,30,2,東京,3,10,府中Ｓ･3勝,67,芝,0,2000,良,サペラヴィ        ,牡,5,鮫島克駿,57.0,18,15,13,13,0,1.3,15,119.4,"1594",0,0,7,7,7,35.5,482,相沢郁,美,0,17100316,01157,01020,0522231015,伊達敏明,サンシャイン牧場,ローズキングダム,セミニョン,マンハッタンカフェ,鹿毛,170428,  176.3,  ,    ,51.3
22,02,05,1,東京,3,11,早春ＳＨ･3勝,67,芝,0,2400,良,サペラヴィ        ,牡,5,津村明秀,54.0,14,03,13,13,0,1.7,13,146.8,"2268",0,7,6,6,8,35.1,486,相沢郁,美,0,17100316,01092,01020,0522131103,伊達敏明,サンシャイン牧場,ローズキングダム,セミニョン,マンハッタンカフェ,鹿毛,170428,  237.1,  ,    ,56.1
22,01,08,1,中京,2,10,寿Ｓ･3勝,67,芝,0,2000,良,サペラヴィ        ,牡,5,泉谷楓真,57.0,10,10,9,9,0,1.5,8,121,"2010",0,8,8,8,8,35.3,476,相沢郁,美,0,17100316,01182,01020,0722121010,伊達敏明,サンシャイン牧場,ローズキングダム,セミニョン,マンハッタンカフェ,鹿毛,170428,  128.0,  ,    ,54.0
21,11,28,5,東京,8,11,ウェルカ･3勝,67,芝,0,2000,良,サペラヴィ        ,牡,4,松山弘平,57.0,16,01,15,15,0,2.6,11,121,"2010",0,0,7,5,7,36.2,476,相沢郁,美,0,17100316,01126,01020,0521581101,伊達敏明,サンシャイン牧場,ローズキングダム,セミニョン,マンハッタンカフェ,鹿毛,170428,   68.2,  ,    ,50.4
21,10,24,4,東京,6,10,甲斐路Ｈ･3勝,67,芝,0,2000,良,サペラヴィ        ,牡,4,石橋脩,55.0,11,09,8,8,0,0.8,4,120.5,"2005",0,0,8,8,7,35.3,478,相沢郁,美,0,17100316,01077,01020,0521461009,伊達敏明,サンシャイン牧場,ローズキングダム,セミニョン,マンハッタンカフェ,鹿毛,170428,   13.7,  ,    ,53.4
21,09,11,5,中京,1,10,ムーンＨ･3勝,67,芝,0,2200,良,サペラヴィ        ,牡,4,泉谷楓真,55.0,13,11,5,5,0,0.7,12,132.8,"2128",0,8,10,10,9,34.7,466,相沢郁,美,182,17100316,01182,01020,0721511011,伊達敏明,サンシャイン牧場,ローズキングダム,セミニョン,マンハッタンカフェ,鹿毛,170428,   41.3,  ,    ,56.0
21,08,21,4,新潟,3,11,日本海Ｓ･3勝,67,芝,0,2200,良,サペラヴィ        ,牡,4,石川裕紀,57.0,10,04,9,9,0,1,5,132.9,"2129",0,4,4,4,5,37.3,468,相沢郁,美,0,17100316,01150,01020,0421431104,伊達敏明,サンシャイン牧場,ローズキングダム,セミニョン,マンハッタンカフェ,鹿毛,170428,    8.9,  ,    ,46.1
21,05,30,2,東京,12,10,むらさＨ･3勝,67,芝,0,1800,良,サペラヴィ        ,牡,4,石橋脩,55.0,18,04,14,14,0,1.5,10,105.8,"1458",0,0,5,5,6,35.5,474,相沢郁,美,0,17100316,01077,01020,05212C1004,伊達敏明,サンシャイン牧場,ローズキングダム,セミニョン,マンハッタンカフェ,鹿毛,170428,   29.4,  ,    ,49.0
21,05,02,2,東京,4,10,府中Ｓ･3勝,67,芝,0,2000,良,サペラヴィ        ,牡,4,石橋脩,57.0,12,08,5,5,0,0.2,6,119.2,"1592",0,0,6,5,5,34.1,478,相沢郁,美,182,17100316,01077,01020,0521241008,伊達敏明,サンシャイン牧場,ローズキングダム,セミニョン,マンハッタンカフェ,鹿毛,170428,   11.1,  ,    ,57.0
21,02,21,1,東京,8,10,アメジＨ･3勝,67,芝,0,2000,良,サペラヴィ        ,牡,4,石橋脩,54.0,13,05,2,2,0,0.1,6,119.1,"1591",0,0,4,6,5,35.8,484,相沢郁,美,730,17100316,01077,01020,0521181005,伊達敏明,サンシャイン牧場,ローズキングダム,セミニョン,マンハッタンカフェ,鹿毛,170428,   23.0,  ,    ,49.7
20,11,29,5,東京,9,11,ウェルＨ･3勝,67,芝,0,2000,良,サペラヴィ        ,牡,3,武豊,54.0,16,13,13,13,0,1.5,4,122.2,"2022",0,0,4,5,9,34.6,482,相沢郁,美,0,17100316,00666,01020,0520591113,伊達敏明,サンシャイン牧場,ローズキングダム,セミニョン,マンハッタンカフェ,鹿毛,170428,    6.4,  ,    ,58.5
20,11,07,5,東京,1,09,精進湖Ｈ･2勝,43,芝,0,2000,良,サペラヴィ        ,牡,3,石橋脩,53.0,12,12,1,1,0,-0.4,6,118.5,"1585",0,0,3,3,3,35.3,482,相沢郁,美,1500,17100316,01077,01020,0520510912,伊達敏明,サンシャイン牧場,ローズキングダム,セミニョン,マンハッタンカフェ,鹿毛,170428,   16.3,  ,    ,51.0
20,10,25,4,東京,6,09,ｔｖｋ賞･2勝,43,芝,0,1800,良,サペラヴィ        ,牡,3,石橋脩,55.0,8,02,5,5,0,0.9,6,107.8,"1478",0,0,5,5,6,35.7,484,相沢郁,美,150,17100316,01077,01020,0520460902,伊達敏明,サンシャイン牧場,ローズキングダム,セミニョン,マンハッタンカフェ,鹿毛,170428,   10.2,  ,    ,51.0
20,09,21,4,中山,5,11,セントラG2,179,芝,8,2200,良,サペラヴィ        ,牡,3,石橋脩,56.0,12,12,8,8,0,1.8,12,136.8,"2168",0,3,3,5,7,38.3,480,相沢郁,美,0,17100316,01077,01020,0620451112,伊達敏明,サンシャイン牧場,ローズキングダム,セミニョン,マンハッタンカフェ,鹿毛,170428,  143.3,  ,    ,46.4
20,07,11,2,福島,3,10,猪苗代特･2勝,43,芝,0,2000,稍,サペラヴィ        ,牡,3,石橋脩,54.0,13,13,5,5,0,0.5,5,121.4,"2014",0,2,2,3,4,36.3,462,相沢郁,美,150,17100316,01077,01020,0320231013,伊達敏明,サンシャイン牧場,ローズキングダム,セミニョン,マンハッタンカフェ,鹿毛,170428,    7.9,  ,    ,50.5
20,06,28,3,東京,8,08,１勝ｸﾗｽ,23,芝,0,2000,不,サペラヴィ        ,牡,3,石橋脩,54.0,9,05,1,1,0,-0.2,4,122.9,"2029",0,0,5,6,7,36.6,466,相沢郁,美,760,17100316,01077,01020,0520380805,伊達敏明,サンシャイン牧場,ローズキングダム,セミニョン,マンハッタンカフェ,鹿毛,170428,    6.7,  ,    ,51.1
20,05,09,3,京都,5,11,京都新聞G2,179,芝,8,2200,良,サペラヴィ        ,牡,3,秋山真一,56.0,13,12,8,8,0,1.7,9,133.4,"2134",0,11,11,11,10,36.2,450,相沢郁,美,0,17100316,01019,01020,0820351112,伊達敏明,サンシャイン牧場,ローズキングダム,セミニョン,マンハッタンカフェ,鹿毛,170428,   86.4,  ,    ,50.7
20,04,18,3,中山,7,09,山藤賞･1勝*,23,芝,0,2000,不,サペラヴィ        ,牡,3,レーン,56.0,9,07,4,4,0,1.7,2,130.3,"2103",0,6,6,8,5,39,472,相沢郁,美,150,17100316,05585,01020,0620370907,伊達敏明,サンシャイン牧場,ローズキングダム,セミニョン,マンハッタンカフェ,鹿毛,170428,    3.4,  ,    ,50.3
20,03,01,2,中山,2,09,水仙賞･1勝*,23,芝,8,2200,良,サペラヴィ        ,牡,3,石橋脩,56.0,8,02,3,3,0,0.2,3,133.3,"2133",0,8,8,8,6,35.5,464,相沢郁,美,250,17100316,01077,01020,0620220902,伊達敏明,サンシャイン牧場,ローズキングダム,セミニョン,マンハッタンカフェ,鹿毛,170428,    5.1,  ,    ,53.3
20,01,26,1,中山,9,09,若竹賞･1勝*,23,芝,0,1800,稍,サペラヴィ        ,牡,3,石橋脩,56.0,11,01,7,7,0,0.9,6,111.3,"1513",0,3,3,3,3,35.9,468,相沢郁,美,0,17100316,01077,01020,0620190901,伊達敏明,サンシャイン牧場,ローズキングダム,セミニョン,マンハッタンカフェ,鹿毛,170428,    9.7,  ,    ,55.0
19,11,30,5,中山,1,09,葉牡丹賞･1勝,23,芝,0,2000,良,サペラヴィ        ,牡,2,石橋脩,55.0,12,09,4,4,0,0.2,9,119.1,"1591",0,3,3,3,3,36,470,相沢郁,美,150,17100316,01077,01020,0619510909,伊達敏明,サンシャイン牧場,ローズキングダム,セミニョン,マンハッタンカフェ,鹿毛,170428,   57.4,  ,    ,48.9
19,09,22,4,中山,7,08,芙蓉Ｓ,131,芝,0,2000,良,サペラヴィ        ,牡,2,石橋脩,54.0,6,05,3,3,0,0.4,6,123.3,"2033",0,2,2,2,2,34.4,464,相沢郁,美,400,17100316,01077,01020,0619470805,伊達敏明,サンシャイン牧場,ローズキングダム,セミニョン,マンハッタンカフェ,鹿毛,170428,   29.1,  ,    ,60.8
19,09,01,2,新潟,12,03,未勝利*,7,芝,0,2000,良,サペラヴィ        ,牡,2,石橋脩,54.0,14,03,1,1,0,0,3,124.4,"2044",0,10,10,10,9,35.8,470,相沢郁,美,500,17100316,01077,01020,04192C0303,伊達敏明,サンシャイン牧場,ローズキングダム,セミニョン,マンハッタンカフェ,鹿毛,170428,    6.0,  ,    ,56.1
19,08,04,1,札幌,4,01,未勝利*,7,芝,0,1500,良,サペラヴィ        ,牡,2,井上敏樹,54.0,13,08,7,7,0,0.5,6,91.1,"1311",0,0,5,4,4,36.2,470,相沢郁,美,0,17100316,01151,01020,0119140108,伊達敏明,サンシャイン牧場,ローズキングダム,セミニョン,マンハッタンカフェ,鹿毛,170428,   65.2,  ,    ,51.1
19,07,13,2,福島,5,05,新馬,15,芝,0,1800,良,サペラヴィ        ,牡,2,井上敏樹,54.0,16,02,5,5,0,1.1,5,111.7,"1517",0,1,1,1,2,36.6,480,相沢郁,美,70,17100316,01151,01020,0319250502,伊達敏明,サンシャイン牧場,ローズキングダム,セミニョン,マンハッタンカフェ,鹿毛,170428,   17.3,  ,    ,52.6
24,05,18,1,新潟,7,01,障害・オープ,131,芝,2,3290,良,ニューツーリズム  ,セ,8,伴啓太,62.0,14,06,3,3,0,1,3,218.2,"3382",0,2,2,2,2,13.3,520,黒岩陽一,美,340,16104252,01149,01133,0424170106,吉田晴哉,追分ファーム,ドリームジャーニー,インディストラーダ,マンハッタンカフェ,青鹿,160503,    7.3,  ,    , 0.0
24,03,30,2,阪神,3,08,三木ホー,131,芝,2,3140,良,ニューツーリズム  ,セ,8,伴啓太,62.0,11,03,5,5,0,2.3,6,213.4,"3334",0,8,8,8,7,13.6,518,黒岩陽一,美,165,16104252,01149,01133,0924230803,吉田晴哉,追分ファーム,ドリームジャーニー,インディストラーダ,マンハッタンカフェ,青鹿,160503,   17.8,  ,    , 0.0
24,02,24,2,小倉,5,08,春麗ジャ,131,芝,2,3390,稍,ニューツーリズム  ,セ,8,伴啓太,60.0,10,03,3,3,0,0.5,6,229.1,"3491",0,5,5,3,4,13.5,516,黒岩陽一,美,410,16104252,01149,01133,1024250803,吉田晴哉,追分ファーム,ドリームジャーニー,インディストラーダ,マンハッタンカフェ,青鹿,160503,   12.3,  ,    , 0.0
23,12,02,5,中山,1,08,イルミネ,131,芝,2,3570,良,ニューツーリズム  ,セ,7,草野太郎,60.0,14,13,5,5,0,1.8,8,239.7,"3597",0,8,8,7,7,13.4,520,黒岩陽一,美,165,16104252,01113,01133,0623510813,吉田晴哉,追分ファーム,ドリームジャーニー,インディストラーダ,マンハッタンカフェ,青鹿,160503,   15.6,  ,    , 0.0
23,10,15,4,東京,5,09,東京ハイJG2,179,芝,2,3110,重,ニューツーリズム  ,セ,7,小野寺祐,60.0,12,09,3,3,0,1.6,5,213.6,"3336",0,4,3,2,2,13.7,506,黒岩陽一,美,1000,16104252,01123,01133,0523450909,吉田晴哉,追分ファーム,ドリームジャーニー,インディストラーダ,マンハッタンカフェ,青鹿,160503,   14.5,  ,    , 0.0
23,07,29,2,新潟,1,04,新潟ジャJG3,163,芝,2,3250,良,ニューツーリズム  ,セ,7,小野寺祐,60.0,11,11,2,2,0,0.1,4,208.4,"3284",0,2,2,1,1,12.8,502,黒岩陽一,美,1200,16104252,01123,01133,0423210411,吉田晴哉,追分ファーム,ドリームジャーニー,インディストラーダ,マンハッタンカフェ,青鹿,160503,    9.8,  ,    , 0.0
23,05,20,1,新潟,7,04,障害・オープ,131,芝,2,3290,良,ニューツーリズム  ,セ,7,伴啓太,61.0,14,10,2,2,0,0.1,2,215.5,"3355",0,2,2,1,1,13.1,502,黒岩陽一,美,540,16104252,01149,01133,0423170410,吉田晴哉,追分ファーム,ドリームジャーニー,インディストラーダ,マンハッタンカフェ,青鹿,160503,    5.0,  ,    , 0.0
23,02,25,2,小倉,5,08,春麗ジャ,131,芝,2,3390,稍,ニューツーリズム  ,セ,7,伴啓太,60.0,14,05,4,4,0,0.4,9,228.4,"3484",0,4,5,3,3,13.5,504,黒岩陽一,美,250,16104252,01149,01133,1023250805,吉田晴哉,追分ファーム,ドリームジャーニー,インディストラーダ,マンハッタンカフェ,青鹿,160503,   18.6,  ,    , 0.0
23,01,21,1,小倉,3,05,障害・オープ,131,芝,2,2860,稍,ニューツーリズム  ,セ,7,小野寺祐,62.0,12,01,5,5,0,1.6,6,194,"3140",0,10,9,10,8,13.6,502,黒岩陽一,美,135,16104252,01123,01133,1023130501,吉田晴哉,追分ファーム,ドリームジャーニー,インディストラーダ,マンハッタンカフェ,青鹿,160503,    9.4,  ,    , 0.0
22,12,03,5,中山,1,08,イルミネ,131,芝,2,3570,良,ニューツーリズム  ,セ,6,小野寺祐,60.0,14,01,9,9,0,3.6,5,243.7,"4037",0,9,7,9,9,13.7,508,黒岩陽一,美,0,16104252,01123,01133,0622510801,吉田晴哉,追分ファーム,ドリームジャーニー,インディストラーダ,マンハッタンカフェ,青鹿,160503,    9.4,  ,    , 0.0
22,10,22,4,新潟,3,01,障害・オープ,131,芝,2,3250,良,ニューツーリズム  ,セ,6,小野寺祐,61.0,13,11,2,2,0,0.2,1,212.5,"3325",0,6,6,5,6,13.1,498,黒岩陽一,美,540,16104252,01123,01133,0422430111,吉田晴哉,追分ファーム,ドリームジャーニー,インディストラーダ,マンハッタンカフェ,青鹿,160503,    4.1,  ,    , 0.0
22,07,30,2,新潟,1,08,新潟ジャJG3,163,芝,2,3250,良,ニューツーリズム  ,セ,6,伴啓太,60.0,14,11,4,4,0,0.8,10,209.2,"3292",0,2,2,2,3,12.9,492,黒岩陽一,美,440,16104252,01149,01133,0422210811,吉田晴哉,追分ファーム,ドリームジャーニー,インディストラーダ,マンハッタンカフェ,青鹿,160503,   30.3,  ,    , 0.0
22,05,21,1,新潟,5,04,障害・オープ,131,芝,2,3290,良,ニューツーリズム  ,セ,6,小野寺祐,60.0,13,04,1,1,0,-0.6,4,215.3,"3353",0,6,6,7,6,13.1,500,黒岩陽一,美,1350,16104252,01123,01133,0422150404,吉田晴哉,追分ファーム,ドリームジャーニー,インディストラーダ,マンハッタンカフェ,青鹿,160503,   15.1,  ,    , 0.0
22,04,30,1,福島,5,01,障害・オープ,131,芝,2,2770,重,ニューツーリズム  ,セ,6,小野寺祐,60.0,14,13,7,7,0,1.6,5,183.9,"3039",0,12,12,10,10,13.3,506,黒岩陽一,美,0,16104252,01123,01133,0322150113,吉田晴哉,追分ファーム,ドリームジャーニー,インディストラーダ,マンハッタンカフェ,青鹿,160503,   10.5,  ,    , 0.0
22,02,19,2,小倉,3,04,障害・オープ,131,芝,2,2860,稍,ニューツーリズム  ,セ,6,小野寺祐,60.0,12,12,6,6,0,2.3,7,194.7,"3147",0,7,7,7,6,13.6,504,黒岩陽一,美,0,16104252,01123,01133,1022230412,吉田晴哉,追分ファーム,ドリームジャーニー,インディストラーダ,マンハッタンカフェ,青鹿,160503,   24.5,  ,    , 0.0
22,01,08,1,中山,2,08,中山新春,131,ダ,3,3200,稍,ニューツーリズム  ,セ,6,小野寺祐,60.0,14,04,6,6,0,3.7,7,218.4,"3384",0,8,8,10,5,13.7,516,黒岩陽一,美,0,16104252,01123,01133,0622120804,吉田晴哉,追分ファーム,ドリームジャーニー,インディストラーダ,マンハッタンカフェ,青鹿,160503,   21.4,  ,    , 0.0
21,10,30,5,新潟,7,04,障害・オープ,131,芝,2,2850,良,ニューツーリズム  ,セ,5,小野寺祐,60.0,10,09,6,6,0,1.3,5,187.2,"3072",0,8,9,8,8,13.1,500,黒岩陽一,美,0,16104252,01123,01133,0421570409,吉田晴哉,追分ファーム,ドリームジャーニー,インディストラーダ,マンハッタンカフェ,青鹿,160503,    8.1,  ,    , 0.0
21,08,15,4,新潟,2,01,障害未勝利,7,芝,2,2850,稍,ニューツーリズム  ,セ,5,小野寺祐,60.0,13,04,1,1,0,0,3,185.5,"3055",0,2,2,1,1,13,500,黒岩陽一,美,790,16104252,01123,01133,0421420104,吉田晴哉,追分ファーム,ドリームジャーニー,インディストラーダ,マンハッタンカフェ,青鹿,160503,    6.9,  ,    , 0.0
21,05,22,2,新潟,5,01,障害未勝利,7,芝,2,2890,重,ニューツーリズム  ,セ,5,小野寺祐,60.0,14,09,7,7,0,1.4,8,194.6,"3146",0,11,11,9,9,13.5,488,黒岩陽一,美,0,16104252,01123,01133,0421250109,吉田晴哉,追分ファーム,ドリームジャーニー,インディストラーダ,マンハッタンカフェ,青鹿,160503,   30.2,  ,    , 0.0
20,11,22,5,東京,6,07,１勝ｸﾗｽ,23,ダ,1,2100,良,ニューツーリズム  ,牡,4,横山和生,57.0,16,12,13,13,0,3.8,8,137.2,"2172",0,16,16,14,14,40.1,516,黒岩陽一,美,0,16104252,01140,01133,0520560712,吉田晴哉,追分ファーム,ドリームジャーニー,インディストラーダ,マンハッタンカフェ,青鹿,160503,   15.2,  ,    ,46.9
20,10,10,4,東京,1,06,１勝ｸﾗｽ,23,ダ,1,2100,不,ニューツーリズム  ,牡,4,横山和生,57.0,13,11,4,4,0,1.2,5,131.6,"2116",0,9,9,8,7,38.1,514,黒岩陽一,美,110,16104252,01140,01133,0520410611,吉田晴哉,追分ファーム,ドリームジャーニー,インディストラーダ,マンハッタンカフェ,青鹿,160503,   10.3,  ,    ,48.2
20,08,08,1,札幌,5,08,１勝ｸﾗｽ,23,ダ,1,1700,良,ニューツーリズム  ,牡,4,横山和生,57.0,14,07,9,9,0,2.5,5,107.4,"1474",0,13,12,12,11,38.8,500,黒岩陽一,美,0,16104252,01140,01133,0120150807,吉田晴哉,追分ファーム,ドリームジャーニー,インディストラーダ,マンハッタンカフェ,青鹿,160503,   19.5,  ,    ,46.4
20,06,14,3,東京,4,07,１勝ｸﾗｽ,23,ダ,1,2100,不,ニューツーリズム  ,牡,4,横山和生,57.0,16,10,4,4,0,1.1,6,131,"2110",0,12,12,12,13,36.4,506,黒岩陽一,美,110,16104252,01140,01133,0520340710,吉田晴哉,追分ファーム,ドリームジャーニー,インディストラーダ,マンハッタンカフェ,青鹿,160503,   19.3,  ,    ,54.0
20,05,30,2,東京,11,08,１勝ｸﾗｽ,23,ダ,1,2100,良,ニューツーリズム  ,牡,4,横山和生,57.0,14,10,3,3,0,0.5,4,134,"2140",0,1,2,2,2,37.9,500,黒岩陽一,美,190,16104252,01140,01133,05202B0810,吉田晴哉,追分ファーム,ドリームジャーニー,インディストラーダ,マンハッタンカフェ,青鹿,160503,    8.1,  ,    ,51.4
20,03,21,2,中山,8,07,１勝ｸﾗｽ,23,ダ,1,2400,良,ニューツーリズム  ,牡,4,石橋脩,56.0,8,01,8,8,0,2.9,4,160.7,"2407",0,6,6,5,7,39.9,508,黒岩陽一,美,0,16104252,01077,01133,0620280701,吉田晴哉,追分ファーム,ドリームジャーニー,インディストラーダ,マンハッタンカフェ,青鹿,160503,    8.1,  ,    ,50.9
20,02,22,1,東京,7,04,１勝ｸﾗｽ,23,ダ,1,1600,良,ニューツーリズム  ,牡,4,Ｍ．デム,57.0,16,03,9,9,0,1.5,4,99.7,"1397",0,0,0,13,12,36.8,510,黒岩陽一,美,0,16104252,05212,01133,0520170403,吉田晴哉,追分ファーム,ドリームジャーニー,インディストラーダ,マンハッタンカフェ,青鹿,160503,    8.4,  ,    ,52.6
20,02,02,1,東京,2,07,１勝ｸﾗｽ,23,ダ,1,2100,良,ニューツーリズム  ,牡,4,Ｍ．デム,56.0,16,13,4,4,0,0.4,4,135.2,"2152",0,3,3,3,3,37.5,508,黒岩陽一,美,110,16104252,05212,01133,0520120713,吉田晴哉,追分ファーム,ドリームジャーニー,インディストラーダ,マンハッタンカフェ,青鹿,160503,    7.6,  ,    ,54.2
19,11,10,5,東京,4,07,１勝ｸﾗｽ,23,ダ,1,2100,良,ニューツーリズム  ,牡,3,大野拓弥,55.0,13,13,5,5,0,0.6,5,133,"2130",0,6,6,6,5,37.2,502,黒岩陽一,美,75,16104252,01096,01133,0519540713,吉田晴哉,追分ファーム,ドリームジャーニー,インディストラーダ,マンハッタンカフェ,青鹿,160503,    8.0,  ,    ,53.0
19,10,15,4,東京,3,07,１勝ｸﾗｽ,23,ダ,1,2100,稍,ニューツーリズム  ,牡,3,Ｍ．デム,55.0,8,06,3,3,0,0.3,3,133,"2130",0,4,4,5,5,37.6,496,黒岩陽一,美,190,16104252,05212,01133,0519430706,吉田晴哉,追分ファーム,ドリームジャーニー,インディストラーダ,マンハッタンカフェ,青鹿,160503,    4.9,  ,    ,51.5
19,09,16,4,中山,5,07,１勝ｸﾗｽ,23,ダ,1,2400,不,ニューツーリズム  ,牡,3,田辺裕信,54.0,11,08,3,3,0,0.8,7,153.5,"2335",0,2,1,1,1,40,496,黒岩陽一,美,190,16104252,01075,01133,0619450708,吉田晴哉,追分ファーム,ドリームジャーニー,インディストラーダ,マンハッタンカフェ,青鹿,160503,   11.4,  ,    ,44.6
19,06,22,3,東京,7,07,１勝ｸﾗｽ,23,ダ,1,2100,良,ニューツーリズム  ,牡,3,田辺裕信,54.0,16,10,11,11,0,2,9,135.8,"2158",0,12,12,1,2,41.2,498,黒岩陽一,美,0,16104252,01075,01133,0519370710,吉田晴哉,追分ファーム,ドリームジャーニー,インディストラーダ,マンハッタンカフェ,青鹿,160503,   31.0,  ,    ,41.8
19,05,18,2,東京,9,06,500万下*,23,ダ,1,2100,良,ニューツーリズム  ,牡,3,内田博幸,56.0,16,16,9,9,0,1.9,9,134.7,"2147",0,16,16,16,16,38.2,496,黒岩陽一,美,0,16104252,00422,01133,0519290616,吉田晴哉,追分ファーム,ドリームジャーニー,インディストラーダ,マンハッタンカフェ,青鹿,160503,   32.8,  ,    ,51.0
19,02,17,1,東京,8,01,未勝利,7,ダ,1,2100,良,ニューツーリズム  ,牡,3,田辺裕信,56.0,15,07,1,1,0,-0.8,6,135.9,"2159",0,2,2,2,2,39.6,498,黒岩陽一,美,500,16104252,01075,01133,0519180107,吉田晴哉,追分ファーム,ドリームジャーニー,インディストラーダ,マンハッタンカフェ,青鹿,160503,   12.3,  ,    ,47.3
19,01,27,1,東京,2,02,未勝利,7,ダ,1,2100,良,ニューツーリズム  ,牡,3,武藤雅,55.0,15,08,4,4,0,1.3,9,138.4,"2184",0,10,9,9,9,38.8,492,黒岩陽一,美,62,16104252,01169,01133,0519120208,吉田晴哉,追分ファーム,ドリームジャーニー,インディストラーダ,マンハッタンカフェ,青鹿,160503,   22.1,  ,    ,52.7
18,11,17,5,東京,5,02,未勝利*,7,ダ,1,1600,良,ニューツーリズム  ,牡,2,勝浦正樹,55.0,16,16,9,9,0,1.9,13,101.6,"1416",0,0,0,6,6,39.6,492,黒岩陽一,美,0,16104252,01025,01133,0518550216,吉田晴哉,追分ファーム,ドリームジャーニー,インディストラーダ,マンハッタンカフェ,青鹿,160503,  210.1,  ,    ,43.9
18,10,27,3,新潟,5,02,未勝利*,7,ダ,1,1800,稍,ニューツーリズム  ,牡,2,木幡初也,54.0,14,13,7,7,0,2.1,11,120.3,"2003",0,12,12,11,10,41.4,486,黒岩陽一,美,0,16104252,01153,01133,0418350213,吉田晴哉,追分ファーム,ドリームジャーニー,インディストラーダ,マンハッタンカフェ,青鹿,160503,  101.8,  ,    ,45.3
18,10,06,4,東京,1,02,未勝利*,7,ダ,1,1600,重,ニューツーリズム  ,牡,2,田辺裕信,55.0,16,05,9,9,0,3.3,7,100.2,"1402",0,0,0,16,16,38.6,478,黒岩陽一,美,0,16104252,01075,01133,0518410205,吉田晴哉,追分ファーム,ドリームジャーニー,インディストラーダ,マンハッタンカフェ,青鹿,160503,   49.8,  ,    ,45.8
18,07,29,2,新潟,2,05,新馬,15,芝,8,1600,良,ニューツーリズム  ,牡,2,田辺裕信,54.0,14,08,11,11,0,2.4,4,99.4,"1394",0,0,0,5,5,35.3,476,黒岩陽一,美,0,16104252,01075,01133,0418220508,吉田晴哉,追分ファーム,ドリームジャーニー,インディストラーダ,マンハッタンカフェ,青鹿,160503,    5.8,  ,    ,59.0
24,06,29,2,福島,1,01,障害・オープ,131,芝,2,2750,良,ロンギングバース  ,セ,6,五十嵐雄,60.0,14,11,4,4,0,0.3,5,178.6,"2586",0,1,1,1,1,13,460,竹内正洋,美,200,18102216,01069,01152,0324210111,坂本浩一,細川農場,ラブリーデイ,ロンギングシャネル,ネオユニヴァース,鹿毛,180315,   15.6,  ,    , 0.0
24,04,07,1,福島,2,04,障害未勝利,7,芝,2,2750,良,ロンギングバース  ,セ,6,五十嵐雄,60.0,14,05,1,1,0,-0.2,2,179.9,"2599",0,2,2,1,1,13.1,462,竹内正洋,美,790,18102216,01069,01152,0324120405,坂本浩一,細川農場,ラブリーデイ,ロンギングシャネル,ネオユニヴァース,鹿毛,180315,    3.2,  ,    , 0.0
24,02,03,1,東京,3,10,テレビＨ･2勝,43,芝,0,1400,良,ロンギングバース  ,セ,6,小林勝太,53.0,15,07,15,15,0,2.1,15,82,"1220",0,0,0,10,13,35.3,470,竹内正洋,美,0,18102216,01205,01152,0524131007,坂本浩一,細川農場,ラブリーデイ,ロンギングシャネル,ネオユニヴァース,鹿毛,180315,  338.3,  ,    ,49.2
24,01,08,1,中山,3,12,２勝ｸﾗｽ,43,芝,8,1600,良,ロンギングバース  ,セ,6,小林勝太,55.0,15,01,12,12,0,1.7,11,94.2,"1342",0,0,7,12,13,35.4,462,竹内正洋,美,0,18102216,01205,01152,0624131201,坂本浩一,細川農場,ラブリーデイ,ロンギングシャネル,ネオユニヴァース,鹿毛,180315,  125.1,  ,    ,49.7
23,07,01,2,福島,1,01,障害未勝利,7,芝,2,2750,稍,ロンギングバース  ,セ,5,五十嵐雄,60.0,13,10,2,2,0,0.6,2,182.1,"3021",0,1,1,2,1,13.2,452,竹内正洋,美,320,18102216,01069,01152,0323210110,坂本浩一,細川農場,ラブリーデイ,ロンギングシャネル,ネオユニヴァース,鹿毛,180315,    3.9,  ,    , 0.0
23,04,30,1,新潟,2,04,障害未勝利,7,芝,2,2890,重,ロンギングバース  ,セ,5,五十嵐雄,60.0,9,02,3,3,0,0.7,1,194.9,"3149",0,1,1,1,1,13.5,458,竹内正洋,美,200,18102216,01069,01152,0423120402,坂本浩一,細川農場,ラブリーデイ,ロンギングシャネル,ネオユニヴァース,鹿毛,180315,    1.9,  ,    , 0.0
23,02,19,2,小倉,4,04,障害未勝利,7,芝,2,2860,重,ロンギングバース  ,セ,5,五十嵐雄,60.0,12,11,4,4,0,1.4,1,197.1,"3171",0,1,1,2,2,13.8,466,竹内正洋,美,120,18102216,01069,01152,1023240411,坂本浩一,細川農場,ラブリーデイ,ロンギングシャネル,ネオユニヴァース,鹿毛,180315,    1.8,  ,    , 0.0
23,01,28,1,小倉,5,04,障害未勝利,7,芝,2,2860,重,ロンギングバース  ,セ,5,五十嵐雄,60.0,11,02,2,2,0,0.1,3,193.4,"3134",0,1,1,1,1,13.5,466,竹内正洋,美,320,18102216,01069,01152,1023150402,坂本浩一,細川農場,ラブリーデイ,ロンギングシャネル,ネオユニヴァース,鹿毛,180315,    5.0,  ,    , 0.0
23,01,14,1,小倉,1,04,障害未勝利,7,芝,2,2860,重,ロンギングバース  ,セ,5,五十嵐雄,60.0,12,10,5,5,0,3,7,193,"3130",0,1,1,3,4,13.5,464,竹内正洋,美,79,18102216,01069,01152,1023110410,坂本浩一,細川農場,ラブリーデイ,ロンギングシャネル,ネオユニヴァース,鹿毛,180315,   15.6,  ,    , 0.0
22,10,22,4,新潟,3,04,障害未勝利,7,芝,2,2850,良,ロンギングバース  ,セ,4,五十嵐雄,60.0,11,06,7,7,0,2.8,8,188.1,"3081",0,2,1,2,3,13.2,454,竹内正洋,美,0,18102216,01069,01152,0422430406,坂本浩一,細川農場,ラブリーデイ,ロンギングシャネル,ネオユニヴァース,鹿毛,180315,   32.7,  ,    , 0.0
22,06,19,3,東京,6,01,障害未勝利,7,ダ,3,3000,良,ロンギングバース  ,牡,4,大江原圭,60.0,11,06,10,10,0,12.6,9,215.7,"3357",0,3,5,7,8,14.4,478,竹内正洋,美,0,18102216,01120,01152,0522360106,坂本浩一,細川農場,ラブリーデイ,ロンギングシャネル,ネオユニヴァース,鹿毛,180315,   85.8,  ,    , 0.0
22,03,27,3,中山,2,12,２勝ｸﾗｽ,43,芝,8,1200,重,ロンギングバース  ,牡,4,木幡初也,57.0,13,11,12,12,0,0.9,13,70,"1100",0,0,0,6,8,35.8,476,竹内正洋,美,0,18102216,01153,01152,0622321211,坂本浩一,細川農場,ラブリーデイ,ロンギングシャネル,ネオユニヴァース,鹿毛,180315,  197.1,  ,    ,45.5
22,03,12,2,中山,5,12,２勝ｸﾗｽ,43,芝,8,1200,良,ロンギングバース  ,牡,4,木幡初也,57.0,16,02,16,16,0,1.1,14,69.9,"1099",0,0,0,15,14,34.7,472,竹内正洋,美,0,18102216,01153,01152,0622251202,坂本浩一,細川農場,ラブリーデイ,ロンギングシャネル,ネオユニヴァース,鹿毛,180315,  134.7,  ,    ,51.4
22,02,05,1,東京,3,10,テレビＨ･2勝,43,芝,0,1400,良,ロンギングバース  ,牡,4,木幡初也,54.0,16,11,15,15,0,1.9,16,82.4,"1224",0,0,0,3,3,36.1,482,竹内正洋,美,0,18102216,01153,01152,0522131011,坂本浩一,細川農場,ラブリーデイ,ロンギングシャネル,ネオユニヴァース,鹿毛,180315,  327.4,  ,    ,46.2
21,12,26,5,中山,8,12,キャンド･2勝,43,芝,8,1200,良,ロンギングバース  ,牡,3,野中悠太,56.0,16,12,14,14,0,0.9,11,70,"1100",0,0,0,12,12,35.9,480,竹内正洋,美,0,18102216,01158,01152,0621581212,坂本浩一,細川農場,ラブリーデイ,ロンギングシャネル,ネオユニヴァース,鹿毛,180315,   46.0,  ,    ,45.0
21,12,04,5,中山,1,10,鹿島特別･2勝,43,ダ,1,1200,良,ロンギングバース  ,牡,3,横山和生,56.0,16,10,14,14,0,1.9,3,72.7,"1127",0,0,0,6,8,37.8,478,竹内正洋,美,0,18102216,01140,01152,0621511010,坂本浩一,細川農場,ラブリーデイ,ロンギングシャネル,ネオユニヴァース,鹿毛,180315,    8.6,  ,    ,42.3
21,07,17,1,福島,5,10,横手特別･2勝,43,芝,0,1200,良,ロンギングバース  ,牡,3,石橋脩,54.0,16,14,11,11,0,0.9,3,70,"1100",0,0,0,15,16,34.9,462,竹内正洋,美,0,18102216,01077,01152,0321151014,坂本浩一,細川農場,ラブリーデイ,ロンギングシャネル,ネオユニヴァース,鹿毛,180315,    6.9,  ,    ,50.6
21,05,29,3,中京,7,11,葵Ｓ･重,147,芝,0,1200,良,ロンギングバース  ,牡,3,横山和生,56.0,18,16,0,0,3,999.9,0,0,"----",0,0,0,0,0,0,442,竹内正洋,美,0,18102216,01140,01152,0721371116,坂本浩一,細川農場,ラブリーデイ,ロンギングシャネル,ネオユニヴァース,鹿毛,180315,    0.0,  ,    , 0.0
21,04,10,3,中山,5,11,ニュージG2,179,芝,8,1600,良,ロンギングバース  ,牡,3,横山和生,56.0,16,12,8,8,0,1.7,14,94.8,"1348",0,0,13,15,15,35.1,456,竹内正洋,美,0,18102216,01140,01152,0621351112,坂本浩一,細川農場,ラブリーデイ,ロンギングシャネル,ネオユニヴァース,鹿毛,180315,  172.9,  ,    ,52.1
21,01,30,1,東京,1,10,クロッカ(L),115,芝,0,1400,良,ロンギングバース  ,牡,3,石橋脩,56.0,10,07,6,6,0,0.6,6,82.8,"1228",0,0,0,2,2,33.9,462,竹内正洋,美,0,18102216,01077,01152,0521111007,坂本浩一,細川農場,ラブリーデイ,ロンギングシャネル,ネオユニヴァース,鹿毛,180315,   18.4,  ,    ,58.2
21,01,10,1,中山,3,09,朱竹賞･1勝*,23,芝,8,1200,良,ロンギングバース  ,牡,3,石橋脩,56.0,16,16,1,1,0,0,4,69.2,"1092",0,0,0,14,14,34.6,456,竹内正洋,美,1010,18102216,01077,01152,0621130916,坂本浩一,細川農場,ラブリーデイ,ロンギングシャネル,ネオユニヴァース,鹿毛,180315,    9.9,  ,    ,50.0
20,11,07,5,東京,1,11,京王杯２G2,179,芝,0,1400,良,ロンギングバース  ,牡,2,石橋脩,55.0,18,01,14,14,0,1.5,14,83.3,"1233",0,0,0,3,3,35.8,456,竹内正洋,美,0,18102216,01077,01152,0520511101,坂本浩一,細川農場,ラブリーデイ,ロンギングシャネル,ネオユニヴァース,鹿毛,180315,  146.3,  ,    ,49.5
20,10,25,4,東京,6,05,１勝ｸﾗｽ*,23,芝,0,1400,良,ロンギングバース  ,牡,2,石橋脩,55.0,12,02,2,2,0,0.8,8,83.4,"1234",0,0,0,3,3,35.2,452,竹内正洋,美,290,18102216,01077,01152,0520460502,坂本浩一,細川農場,ラブリーデイ,ロンギングシャネル,ネオユニヴァース,鹿毛,180315,   23.4,  ,    ,52.7
20,08,16,3,新潟,2,03,未勝利*,7,芝,0,1200,稍,ロンギングバース  ,牡,2,石橋脩,54.0,18,05,1,1,0,-0.1,1,70.2,"1102",0,0,0,2,2,35.7,450,竹内正洋,美,510,18102216,01077,01152,0420320305,坂本浩一,細川農場,ラブリーデイ,ロンギングシャネル,ネオユニヴァース,鹿毛,180315,    3.4,  ,    ,46.6
20,07,19,2,福島,6,01,未勝利*,7,芝,0,1200,良,ロンギングバース  ,牡,2,石橋脩,54.0,11,03,2,2,0,0.4,3,70.6,"1106",0,0,0,2,2,35.9,448,竹内正洋,美,200,18102216,01077,01152,0320260103,坂本浩一,細川農場,ラブリーデイ,ロンギングシャネル,ネオユニヴァース,鹿毛,180315,    4.0,  ,    ,46.7
20,07,05,2,福島,2,06,新馬,15,芝,0,1200,重,ロンギングバース  ,牡,2,石橋脩,54.0,12,04,2,2,0,0,1,71.8,"1118",0,0,0,3,4,35.7,444,竹内正洋,美,280,18102216,01077,01152,0320220604,坂本浩一,細川農場,ラブリーデイ,ロンギングシャネル,ネオユニヴァース,鹿毛,180315,    3.6,  ,    ,51.1
24,07,06,3,小倉,3,04,障害・オープ,131,芝,2,3390,良,エンデュミオン    ,牡,7,小牧加矢,61.0,6,02,2,2,0,0,2,227.6,"3476",0,4,4,4,4,13.4,456,清水久詞,栗,540,17106153,01196,01110,1024330402,ターフ・スポート,谷川牧場,ヴィクトワールピサ,ヒラボクビジン,ブライアンズタイム,黒鹿,170301,    2.4,  ,    , 0.0
24,03,30,2,阪神,3,08,三木ホー,131,芝,2,3140,良,エンデュミオン    ,牡,7,上野翔,61.0,11,11,11,11,0,5.9,3,217,"3370",0,2,3,4,5,13.8,472,清水久詞,栗,0,17106153,01087,01110,0924230811,ターフ・スポート,谷川牧場,ヴィクトワールピサ,ヒラボクビジン,ブライアンズタイム,黒鹿,170301,    5.4,  ,    , 0.0
24,03,02,2,小倉,7,04,障害・オープ,131,芝,2,2860,稍,エンデュミオン    ,牡,7,小牧加矢,60.0,12,02,1,1,0,-1.1,1,190.3,"3103",0,1,1,1,1,13.3,468,清水久詞,栗,1350,17106153,01196,01110,1024270402,ターフ・スポート,谷川牧場,ヴィクトワールピサ,ヒラボクビジン,ブライアンズタイム,黒鹿,170301,    1.8,  ,    , 0.0
24,01,20,1,小倉,3,05,障害・オープ,131,芝,2,2860,稍,エンデュミオン    ,牡,7,小牧加矢,60.0,12,11,3,3,0,0.8,1,188.6,"3086",0,3,3,2,2,13.2,462,清水久詞,栗,340,17106153,01196,01110,1024130511,ターフ・スポート,谷川牧場,ヴィクトワールピサ,ヒラボクビジン,ブライアンズタイム,黒鹿,170301,    4.2,  ,    , 0.0
23,12,17,5,中山,6,04,障害未勝利,7,ダ,3,2880,良,エンデュミオン    ,牡,6,水沼元輝,57.0,13,04,1,1,0,-0.2,1,192.5,"3125",0,2,2,1,1,13.4,466,清水久詞,栗,790,17106153,01201,01110,0623560404,ターフ・スポート,谷川牧場,ヴィクトワールピサ,ヒラボクビジン,ブライアンズタイム,黒鹿,170301,    2.0,  ,    , 0.0
23,12,03,5,阪神,2,04,障害未勝利,7,ダ,3,2970,良,エンデュミオン    ,牡,6,難波剛健,60.0,11,10,2,2,0,0.5,1,201.6,"3216",0,1,1,1,1,13.6,472,清水久詞,栗,320,17106153,01066,01110,0923520410,ターフ・スポート,谷川牧場,ヴィクトワールピサ,ヒラボクビジン,ブライアンズタイム,黒鹿,170301,    2.6,  ,    , 0.0
23,09,30,4,中山,8,01,障害未勝利,7,ダ,3,2880,良,エンデュミオン    ,牡,6,難波剛健,60.0,14,11,2,2,0,0.3,1,193,"3130",0,1,1,1,1,13.4,458,清水久詞,栗,320,17106153,01066,01110,0623480111,ターフ・スポート,谷川牧場,ヴィクトワールピサ,ヒラボクビジン,ブライアンズタイム,黒鹿,170301,    2.1,  ,    , 0.0
23,09,09,4,中山,1,01,障害未勝利,7,ダ,3,2880,重,エンデュミオン    ,牡,6,難波剛健,60.0,12,02,3,3,0,1,4,199.2,"3192",0,5,8,5,5,13.8,466,清水久詞,栗,200,17106153,01066,01110,0623410102,ターフ・スポート,谷川牧場,ヴィクトワールピサ,ヒラボクビジン,ブライアンズタイム,黒鹿,170301,    7.0,  ,    , 0.0
23,07,02,2,函館,2,11,巴賞,131,芝,0,1800,良,エンデュミオン    ,牡,6,斎藤新,57.0,16,01,8,8,0,0.8,4,108.8,"1488",0,14,16,16,16,35,470,清水久詞,栗,0,17106153,01178,01110,0223221101,ターフ・スポート,谷川牧場,ヴィクトワールピサ,ヒラボクビジン,ブライアンズタイム,黒鹿,170301,   12.9,  ,    ,55.4
23,05,13,1,京都,7,11,都大路Ｓ(L),115,芝,8,1800,良,エンデュミオン    ,牡,6,秋山真一,57.0,10,07,4,4,0,0.4,7,106.3,"1463",0,0,0,10,10,32.9,470,清水久詞,栗,420,17106153,01019,01110,0823171107,ターフ・スポート,谷川牧場,ヴィクトワールピサ,ヒラボクビジン,ブライアンズタイム,黒鹿,170301,   37.0,  ,    ,61.6
23,04,30,1,新潟,2,11,谷川岳Ｓ(L),115,芝,8,1600,重,エンデュミオン    ,牡,6,秋山真一,57.0,14,09,7,7,0,0.7,12,96.1,"1361",0,0,0,14,14,35.1,466,清水久詞,栗,0,17106153,01019,01110,0423121109,ターフ・スポート,谷川牧場,ヴィクトワールピサ,ヒラボクビジン,ブライアンズタイム,黒鹿,170301,   35.5,  ,    ,54.3
23,03,19,2,中京,4,11,名古屋城,131,ダ,1,1800,稍,エンデュミオン    ,牡,6,秋山真一,58.0,16,14,9,9,0,1.4,9,111.6,"1516",0,15,15,15,16,36.7,470,清水久詞,栗,0,17106153,01019,01110,0723241114,ターフ・スポート,谷川牧場,ヴィクトワールピサ,ヒラボクビジン,ブライアンズタイム,黒鹿,170301,   38.6,  ,    ,52.0
23,01,05,1,中京,1,10,万葉ＳＨ,131,芝,0,3000,良,エンデュミオン    ,牡,6,秋山真一,55.0,16,14,15,15,0,2.4,7,185.8,"3058",0,2,2,2,2,38.6,466,清水久詞,栗,0,17106153,01019,01110,0723111014,ターフ・スポート,谷川牧場,ヴィクトワールピサ,ヒラボクビジン,ブライアンズタイム,黒鹿,170301,   19.0,  ,    ,45.3
22,12,18,5,中山,6,11,ディセン(L),115,芝,0,1800,稍,エンデュミオン    ,牡,5,勝浦正樹,56.0,16,05,11,11,0,0.8,8,109.2,"1492",0,14,14,14,14,35.9,464,清水久詞,栗,0,17106153,01025,01110,0622561105,ターフ・スポート,谷川牧場,ヴィクトワールピサ,ヒラボクビジン,ブライアンズタイム,黒鹿,170301,   12.5,  ,    ,52.1
22,10,30,4,阪神,9,11,カシオペ(L),115,芝,8,1800,良,エンデュミオン    ,牡,5,秋山真一,56.0,15,11,6,6,0,0.4,8,106.5,"1465",0,0,0,13,13,33.1,460,清水久詞,栗,0,17106153,01019,01110,0922491111,ターフ・スポート,谷川牧場,ヴィクトワールピサ,ヒラボクビジン,ブライアンズタイム,黒鹿,170301,   23.6,  ,    ,60.9
22,10,02,5,中京,9,11,ポートア(L),115,芝,0,1600,良,エンデュミオン    ,牡,5,城戸義政,56.0,12,05,6,6,0,0.3,6,93.4,"1334",0,0,10,10,10,33.2,466,清水久詞,栗,0,17106153,01147,01110,0722591105,ターフ・スポート,谷川牧場,ヴィクトワールピサ,ヒラボクビジン,ブライアンズタイム,黒鹿,170301,    9.3,  ,    ,58.8
22,08,14,3,新潟,2,11,関屋記念G3,163,芝,8,1600,稍,エンデュミオン    ,牡,5,秋山真一,56.0,14,09,10,10,0,0.9,13,94.2,"1342",0,0,0,12,11,33.3,462,清水久詞,栗,0,17106153,01019,01110,0422321109,ターフ・スポート,谷川牧場,ヴィクトワールピサ,ヒラボクビジン,ブライアンズタイム,黒鹿,170301,   67.7,  ,    ,59.7
22,06,11,4,中京,3,11,桑名Ｓ･3勝,67,芝,0,1600,良,エンデュミオン    ,牡,5,秋山真一,57.0,15,09,1,1,0,-0.2,9,93.5,"1335",0,0,9,12,12,33.6,460,清水久詞,栗,1840,17106153,01019,01110,0722431109,ターフ・スポート,谷川牧場,ヴィクトワールピサ,ヒラボクビジン,ブライアンズタイム,黒鹿,170301,   21.9,  ,    ,57.0
22,05,15,3,中京,4,10,志摩Ｓ･3勝,67,芝,0,1600,良,エンデュミオン    ,牡,5,秋山真一,57.0,9,09,4,4,0,0.1,5,94.8,"1348",0,0,7,6,6,33.3,468,清水久詞,栗,280,17106153,01019,01110,0722341009,ターフ・スポート,谷川牧場,ヴィクトワールピサ,ヒラボクビジン,ブライアンズタイム,黒鹿,170301,   12.1,  ,    ,60.8
22,04,03,3,中山,4,11,美浦Ｓ･3勝,67,芝,0,2000,稍,エンデュミオン    ,牡,5,秋山真一,57.0,9,01,5,5,0,0.2,3,122.3,"2023",0,9,9,9,9,34.8,456,清水久詞,栗,184,17106153,01019,01110,0622341101,ターフ・スポート,谷川牧場,ヴィクトワールピサ,ヒラボクビジン,ブライアンズタイム,黒鹿,170301,    7.2,  ,    ,57.8
22,03,12,1,阪神,9,10,飛鳥ＳＨ･3勝,67,芝,8,1800,良,エンデュミオン    ,牡,5,秋山真一,54.0,16,05,2,2,0,0.2,7,106,"1460",0,0,0,11,12,33.8,464,清水久詞,栗,740,17106153,01019,01110,0922191005,ターフ・スポート,谷川牧場,ヴィクトワールピサ,ヒラボクビジン,ブライアンズタイム,黒鹿,170301,   35.7,  ,    ,56.8
21,12,28,5,中山,9,12,立志Ｓ･3勝,67,芝,8,1600,良,エンデュミオン    ,牡,4,横山和生,57.0,12,12,7,7,0,0.9,7,94.8,"1348",0,0,7,6,3,36.2,448,清水久詞,栗,0,17106153,01140,01110,0621591212,ターフ・スポート,谷川牧場,ヴィクトワールピサ,ヒラボクビジン,ブライアンズタイム,黒鹿,170301,   31.3,  ,    ,47.1
21,11,28,5,東京,8,11,ウェルカ･3勝,67,芝,0,2000,良,エンデュミオン    ,牡,4,大野拓弥,57.0,16,07,8,8,0,1.4,10,119.8,"1598",0,0,5,5,5,35.2,446,清水久詞,栗,0,17106153,01096,01110,0521581107,ターフ・スポート,谷川牧場,ヴィクトワールピサ,ヒラボクビジン,ブライアンズタイム,黒鹿,170301,   38.3,  ,    ,53.0
21,11,06,5,東京,1,10,ノベンバ･3勝,67,芝,0,1800,良,エンデュミオン    ,牡,4,大野拓弥,57.0,9,06,5,5,0,0.4,6,106.5,"1465",0,0,3,6,7,34.3,452,清水久詞,栗,182,17106153,01096,01110,0521511006,ターフ・スポート,谷川牧場,ヴィクトワールピサ,ヒラボクビジン,ブライアンズタイム,黒鹿,170301,   26.7,  ,    ,55.2
21,07,25,1,函館,8,09,北海Ｈ･2勝,43,芝,0,2000,良,エンデュミオン    ,牡,4,横山武史,55.0,12,02,1,1,0,-0.1,2,119.9,"1599",0,3,2,2,2,36.2,458,清水久詞,栗,1500,17106153,01170,01110,0221180902,ターフ・スポート,谷川牧場,ヴィクトワールピサ,ヒラボクビジン,ブライアンズタイム,黒鹿,170301,    4.1,  ,    ,49.1
21,07,10,1,函館,3,12,駒ケ岳特･2勝,43,芝,0,2600,稍,エンデュミオン    ,牡,4,横山武史,57.0,13,12,7,7,0,1.2,2,163.3,"2433",0,4,5,3,3,38,468,清水久詞,栗,0,17106153,01170,01110,0221131212,ターフ・スポート,谷川牧場,ヴィクトワールピサ,ヒラボクビジン,ブライアンズタイム,黒鹿,170301,    6.3,  ,    ,48.9
21,02,06,1,中京,11,08,茶臼山高･2勝,43,芝,0,2200,良,エンデュミオン    ,牡,4,川田将雅,56.0,6,01,3,3,0,0.6,2,134,"2140",0,4,4,4,3,36.4,454,清水久詞,栗,380,17106153,01088,01110,07211B0801,ターフ・スポート,谷川牧場,ヴィクトワールピサ,ヒラボクビジン,ブライアンズタイム,黒鹿,170301,    2.6,  ,    ,50.5
21,01,10,1,中京,3,09,渥美特Ｈ･2勝,43,芝,0,2000,良,エンデュミオン    ,牡,4,川田将雅,55.0,16,01,3,3,0,0.3,2,120,"2000",0,5,4,5,5,34.9,456,清水久詞,栗,380,17106153,01088,01110,0721130901,ターフ・スポート,谷川牧場,ヴィクトワールピサ,ヒラボクビジン,ブライアンズタイム,黒鹿,170301,    5.0,  ,    ,54.5
20,11,22,5,東京,6,10,南武特別･2勝,43,芝,0,2400,良,エンデュミオン    ,牡,3,横山典弘,55.0,11,09,8,8,0,1.6,1,148,"2280",0,10,10,9,8,36,444,清水久詞,栗,0,17106153,00660,01110,0520561009,ターフ・スポート,谷川牧場,ヴィクトワールピサ,ヒラボクビジン,ブライアンズタイム,黒鹿,170301,    2.5,  ,    ,53.7
20,10,25,4,京都,6,09,鳴滝特別･2勝,43,芝,8,2200,良,エンデュミオン    ,牡,3,秋山真一,54.0,13,05,3,3,0,0.2,5,134.6,"2146",0,4,5,4,2,34.7,448,清水久詞,栗,380,17106153,01019,01110,0820460905,ターフ・スポート,谷川牧場,ヴィクトワールピサ,ヒラボクビジン,ブライアンズタイム,黒鹿,170301,    7.6,  ,    ,58.0
20,09,27,2,中京,7,11,神戸新聞G2,179,芝,0,2200,良,エンデュミオン    ,牡,3,秋山真一,56.0,18,07,6,6,0,0.8,7,133.3,"2133",0,5,4,5,5,36.6,442,清水久詞,栗,0,17106153,01019,01110,0720271107,ターフ・スポート,谷川牧場,ヴィクトワールピサ,ヒラボクビジン,ブライアンズタイム,黒鹿,170301,   51.0,  ,    ,49.1
20,08,23,3,新潟,4,10,阿賀野川･2勝,43,芝,0,2200,良,エンデュミオン    ,牡,3,北村宏司,54.0,12,03,2,2,0,0,1,133.9,"2139",0,9,10,11,9,34.9,440,清水久詞,栗,600,17106153,01043,01110,0420341003,ターフ・スポート,谷川牧場,ヴィクトワールピサ,ヒラボクビジン,ブライアンズタイム,黒鹿,170301,    2.1,  ,    ,56.4
20,07,25,2,新潟,1,09,燕特別･1勝,23,芝,0,2400,良,エンデュミオン    ,牡,3,秋山真一,54.0,16,04,1,1,0,-0.6,2,144.6,"2246",0,3,3,3,3,34.7,444,清水久詞,栗,1060,17106153,01019,01110,0420210904,ターフ・スポート,谷川牧場,ヴィクトワールピサ,ヒラボクビジン,ブライアンズタイム,黒鹿,170301,    4.3,  ,    ,55.6
20,06,14,3,阪神,4,08,１勝ｸﾗｽ,23,芝,8,1800,稍,エンデュミオン    ,牡,3,秋山真一,54.0,11,03,2,2,0,0.3,5,108.1,"1481",0,0,0,5,6,35.7,446,清水久詞,栗,300,17106153,01019,01110,0920340803,ターフ・スポート,谷川牧場,ヴィクトワールピサ,ヒラボクビジン,ブライアンズタイム,黒鹿,170301,   10.4,  ,    ,51.4
20,05,23,1,新潟,5,10,早苗賞･1勝*,23,芝,8,1800,良,エンデュミオン    ,牡,3,秋山真一,56.0,14,01,3,3,0,0.1,12,107.9,"1479",0,0,0,5,4,33.7,448,清水久詞,栗,250,17106153,01019,01110,0420151001,ターフ・スポート,谷川牧場,ヴィクトワールピサ,ヒラボクビジン,ブライアンズタイム,黒鹿,170301,   51.1,  ,    ,60.1
20,03,21,1,阪神,8,11,若葉Ｓ(L),115,芝,0,2000,良,エンデュミオン    ,牡,3,藤井勘一,56.0,12,10,11,11,0,2.2,8,120.8,"2008",0,8,8,9,7,35.2,430,清水久詞,栗,0,17106153,05525,01110,0920181110,ターフ・スポート,谷川牧場,ヴィクトワールピサ,ヒラボクビジン,ブライアンズタイム,黒鹿,170301,   30.9,  ,    ,54.2
20,03,08,2,中山,4,11,弥生賞G2,179,芝,0,2000,重,エンデュミオン    ,牡,3,田中勝春,56.0,11,02,7,7,0,1,11,123.9,"2039",0,9,9,9,6,37,436,清水久詞,栗,0,17106153,00684,01110,0620241102,ターフ・スポート,谷川牧場,ヴィクトワールピサ,ヒラボクビジン,ブライアンズタイム,黒鹿,170301,  168.9,  ,    ,50.7
20,02,15,1,小倉,9,10,あすなろ･1勝,23,芝,0,2000,良,エンデュミオン    ,牡,3,西村淳也,56.0,12,04,11,11,0,2,4,123.4,"2034",0,4,5,5,8,38.7,444,清水久詞,栗,0,17106153,01171,01110,1020191004,ターフ・スポート,谷川牧場,ヴィクトワールピサ,ヒラボクビジン,ブライアンズタイム,黒鹿,170301,    7.2,  ,    ,43.8
19,12,22,5,阪神,8,04,未勝利*,7,芝,0,2000,良,エンデュミオン    ,牡,2,田中勝春,55.0,15,01,1,1,0,-0.2,6,121.3,"2013",0,5,5,5,4,35.8,450,清水久詞,栗,500,17106153,00684,01110,0919580401,ターフ・スポート,谷川牧場,ヴィクトワールピサ,ヒラボクビジン,ブライアンズタイム,黒鹿,170301,   13.3,  ,    ,52.4
19,12,07,5,中山,3,05,新馬,15,芝,0,1800,稍,エンデュミオン    ,牡,2,北村宏司,55.0,15,10,3,3,0,0.4,1,111.3,"1513",0,4,5,4,4,35.8,450,清水久詞,栗,180,17106153,01043,01110,0619530510,ターフ・スポート,谷川牧場,ヴィクトワールピサ,ヒラボクビジン,ブライアンズタイム,黒鹿,170301,    2.3,  ,    ,55.4
24,05,11,3,京都,7,08,京都ハイJG2,179,芝,2,3930,良,サクセッション    ,セ,7,伴啓太,60.0,10,08,9,9,0,4.7,3,275.7,"4357",0,7,5,9,8,14,518,国枝栄,美,0,17105181,01149,00399,0824370808,キャロットファーム,ノーザンファーム,キングカメハメハ,アディクティド,Diktat,芦毛,170314,    4.3,  ,    , 0.0
24,01,27,1,小倉,5,08,牛若丸ジ,131,芝,2,3390,良,サクセッション    ,セ,7,蓑島靖典,61.0,14,06,3,3,0,0.3,3,225,"3450",0,4,4,4,4,13.3,524,国枝栄,美,410,17105181,01068,00399,1024150806,キャロットファーム,ノーザンファーム,キングカメハメハ,アディクティド,Diktat,芦毛,170314,    4.5,  ,    , 0.0
23,07,29,2,新潟,1,04,新潟ジャJG3,163,芝,2,3250,良,サクセッション    ,セ,6,蓑島靖典,60.0,11,02,1,1,0,-0.1,3,208.3,"3283",0,8,8,3,2,12.8,526,国枝栄,美,2900,17105181,01068,00399,0423210402,キャロットファーム,ノーザンファーム,キングカメハメハ,アディクティド,Diktat,芦毛,170314,    5.9,  ,    , 0.0
23,05,20,1,新潟,7,04,障害・オープ,131,芝,2,3290,良,サクセッション    ,セ,6,蓑島靖典,60.0,14,08,1,1,0,-0.1,3,215.4,"3354",0,6,6,4,3,13.1,526,国枝栄,美,1350,17105181,01068,00399,0423170408,キャロットファーム,ノーザンファーム,キングカメハメハ,アディクティド,Diktat,芦毛,170314,    8.2,  ,    , 0.0
23,04,08,1,福島,1,04,障害・オープ,131,芝,2,2750,良,サクセッション    ,セ,6,蓑島靖典,60.0,14,06,4,4,0,2.2,2,179.8,"2598",0,9,7,7,6,13.1,522,国枝栄,美,200,17105181,01068,00399,0323110406,キャロットファーム,ノーザンファーム,キングカメハメハ,アディクティド,Diktat,芦毛,170314,    6.4,  ,    , 0.0
22,10,22,4,新潟,3,04,障害未勝利,7,芝,2,2850,良,サクセッション    ,セ,5,石神深一,60.0,11,04,1,1,0,-0.5,4,185.3,"3053",0,3,3,1,1,13,522,国枝栄,美,790,17105181,01059,00399,0422430404,キャロットファーム,ノーザンファーム,キングカメハメハ,アディクティド,Diktat,芦毛,170314,    7.3,  ,    , 0.0
22,09,03,3,新潟,7,01,障害未勝利,7,芝,2,2850,良,サクセッション    ,セ,5,石神深一,60.0,14,06,8,8,0,3,3,189.1,"3091",0,13,13,10,10,13.3,514,国枝栄,美,0,17105181,01059,00399,0422370106,キャロットファーム,ノーザンファーム,キングカメハメハ,アディクティド,Diktat,芦毛,170314,    7.3,  ,    , 0.0
22,05,07,1,新潟,1,11,谷川岳Ｓ(L),115,芝,8,1600,良,サクセッション    ,セ,5,荻野極,56.0,11,04,10,10,0,1,9,94.6,"1346",0,0,0,5,6,33.5,518,国枝栄,美,0,17105181,01160,00399,0422111104,キャロットファーム,ノーザンファーム,キングカメハメハ,アディクティド,Diktat,芦毛,170314,   20.7,  ,    ,59.4
22,03,13,2,中山,6,10,東風Ｓ(L),115,芝,8,1600,良,サクセッション    ,セ,5,津村明秀,56.0,14,14,10,10,0,0.6,7,94.7,"1347",0,0,11,9,9,34,512,国枝栄,美,0,17105181,01092,00399,0622261014,キャロットファーム,ノーザンファーム,キングカメハメハ,アディクティド,Diktat,芦毛,170314,   17.0,  ,    ,57.1
22,01,08,1,中山,2,11,ニューイ(L),115,芝,8,1600,稍,サクセッション    ,セ,5,津村明秀,56.0,16,02,5,5,0,0.3,13,93.7,"1337",0,0,6,7,7,35,526,国枝栄,美,250,17105181,01092,00399,0622121102,キャロットファーム,ノーザンファーム,キングカメハメハ,アディクティド,Diktat,芦毛,170314,   64.9,  ,    ,50.6
21,08,28,4,新潟,5,11,ＢＳＮＨ(L),115,ダ,1,1800,良,サクセッション    ,牡,4,ルメール,55.0,15,05,14,14,0,3.4,8,113.7,"1537",0,13,13,12,13,39.3,534,国枝栄,美,0,17105181,05339,00399,0421451105,キャロットファーム,ノーザンファーム,キングカメハメハ,アディクティド,Diktat,芦毛,170314,   17.7,  ,    ,44.7
21,06,27,3,東京,8,11,パラダＨ(L),115,芝,0,1400,良,サクセッション    ,牡,4,菅原明良,55.0,16,04,14,14,0,0.9,9,82.2,"1222",0,0,0,5,5,33.5,524,国枝栄,美,0,17105181,01179,00399,0521381104,キャロットファーム,ノーザンファーム,キングカメハメハ,アディクティド,Diktat,芦毛,170314,   20.5,  ,    ,59.0
21,05,08,2,新潟,1,11,谷川岳Ｓ(L),115,芝,8,1600,良,サクセッション    ,牡,4,津村明秀,56.0,9,05,6,6,0,0.8,7,94.7,"1347",0,0,0,9,9,34.6,526,国枝栄,美,0,17105181,01092,00399,0421211105,キャロットファーム,ノーザンファーム,キングカメハメハ,アディクティド,Diktat,芦毛,170314,   19.9,  ,    ,54.2
21,03,14,2,中山,6,10,東風Ｓ(L),115,芝,8,1600,重,サクセッション    ,牡,4,横山武史,56.0,14,01,8,8,0,1.3,2,95.7,"1357",0,0,6,6,7,36.9,520,国枝栄,美,0,17105181,01170,00399,0621261001,キャロットファーム,ノーザンファーム,キングカメハメハ,アディクティド,Diktat,芦毛,170314,    4.5,  ,    ,45.6
21,01,16,1,中山,5,11,カーバンＨ,131,芝,8,1200,良,サクセッション    ,牡,4,石川裕紀,55.0,16,13,14,14,0,0.9,3,70.1,"1101",0,0,0,11,14,34.7,528,国枝栄,美,0,17105181,01150,00399,0621151113,キャロットファーム,ノーザンファーム,キングカメハメハ,アディクティド,Diktat,芦毛,170314,   11.4,  ,    ,52.0
20,05,10,2,東京,6,11,ＮＨＫマG1,195,芝,0,1600,良,サクセッション    ,牡,3,横山典弘,57.0,18,08,14,14,0,1.3,5,93.8,"1338",0,0,0,10,10,35.1,514,国枝栄,美,0,17105181,00660,00399,0520261108,キャロットファーム,ノーザンファーム,キングカメハメハ,アディクティド,Diktat,芦毛,170314,   12.0,  ,    ,50.3
20,03,22,2,中山,9,11,スプリンG2,179,芝,0,1800,良,サクセッション    ,牡,3,三浦皇成,56.0,10,09,3,3,0,0.5,2,110.3,"1503",0,7,7,8,4,34.1,510,国枝栄,美,1400,17105181,01122,00399,0620291109,キャロットファーム,ノーザンファーム,キングカメハメハ,アディクティド,Diktat,芦毛,170314,    4.6,  ,    ,61.7
20,01,06,1,中山,2,10,ジュニア(L),115,芝,8,1600,良,サクセッション    ,牡,3,マーフィ,56.0,15,06,1,1,0,-0.4,1,93.4,"1334",0,0,7,7,2,35.2,518,国枝栄,美,2000,17105181,05575,00399,0620121006,キャロットファーム,ノーザンファーム,キングカメハメハ,アディクティド,Diktat,芦毛,170314,    2.4,  ,    ,49.2
19,11,09,5,京都,3,11,デイリーG2,179,芝,8,1600,良,サクセッション    ,牡,2,マーフィ,55.0,11,04,6,6,0,0.7,2,95.2,"1352",0,0,0,2,1,35.5,508,国枝栄,美,0,17105181,05575,00399,0819531104,キャロットファーム,ノーザンファーム,キングカメハメハ,アディクティド,Diktat,芦毛,170314,    3.0,  ,    ,50.9
19,09,07,4,中山,1,09,アスター･1勝,23,芝,8,1600,良,サクセッション    ,牡,2,ルメール,54.0,9,07,1,1,0,-0.2,1,94.6,"1346",0,0,2,1,1,33.9,498,国枝栄,美,1000,17105181,05339,00399,0619410907,キャロットファーム,ノーザンファーム,キングカメハメハ,アディクティド,Diktat,芦毛,170314,    1.7,  ,    ,57.4
19,06,16,3,東京,6,05,新馬,15,芝,0,1600,重,サクセッション    ,牡,2,福永祐一,54.0,13,04,1,1,0,-0.2,1,96.4,"1364",0,0,0,3,3,34.8,496,国枝栄,美,700,17105181,01014,00399,0519360504,キャロットファーム,ノーザンファーム,キングカメハメハ,アディクティド,Diktat,芦毛,170314,    1.9,  ,    ,56.2
24,03,30,2,阪神,3,08,三木ホー,131,芝,2,3140,良,サイード          ,セ,5,小牧加矢,61.0,11,05,7,7,0,2.7,4,213.8,"3338",0,2,2,2,3,13.6,498,角田晃一,栗,0,19103152,01196,01121,0924230805,前田幸治,土居牧場,キズナ,セレブラール,ボストンハーバー,鹿毛,190423,    7.3,  ,    , 0.0
24,01,27,1,小倉,5,08,牛若丸ジ,131,芝,2,3390,良,サイード          ,セ,5,小牧加矢,60.0,14,05,2,2,0,0.2,5,224.9,"3449",0,3,3,3,3,13.3,498,角田晃一,栗,660,19103152,01196,01121,1024150805,前田幸治,土居牧場,キズナ,セレブラール,ボストンハーバー,鹿毛,190423,   15.4,  ,    , 0.0
23,12,02,5,中山,1,08,イルミネ,131,芝,2,3570,良,サイード          ,セ,4,小牧加矢,60.0,14,08,6,6,0,3.1,9,241,"4010",0,4,2,4,5,13.5,496,角田晃一,栗,0,19103152,01196,01121,0623510808,前田幸治,土居牧場,キズナ,セレブラール,ボストンハーバー,鹿毛,190423,   21.2,  ,    , 0.0
23,10,15,4,東京,5,09,東京ハイJG2,179,芝,2,3110,重,サイード          ,セ,4,小牧加矢,60.0,12,10,7,7,0,3.2,6,215.2,"3352",0,7,7,6,7,13.8,494,角田晃一,栗,0,19103152,01196,01121,0523450910,前田幸治,土居牧場,キズナ,セレブラール,ボストンハーバー,鹿毛,190423,   16.6,  ,    , 0.0
23,08,19,3,新潟,3,04,障害・オープ,131,芝,2,2850,良,サイード          ,セ,4,小牧加矢,59.0,10,07,1,1,0,-0.9,1,184.4,"3044",0,5,3,1,1,12.9,490,角田晃一,栗,1350,19103152,01196,01121,0423330407,前田幸治,土居牧場,キズナ,セレブラール,ボストンハーバー,鹿毛,190423,    2.9,  ,    , 0.0
23,07,16,3,中京,6,01,障害未勝利,7,芝,2,3000,良,サイード          ,セ,4,小牧加矢,59.0,10,04,1,1,0,-0.3,1,200.3,"3203",0,2,2,1,1,13.4,500,角田晃一,栗,790,19103152,01196,01121,0723360104,前田幸治,土居牧場,キズナ,セレブラール,ボストンハーバー,鹿毛,190423,    1.1,  ,    , 0.0
23,05,21,1,新潟,8,04,障害未勝利,7,芝,2,2890,良,サイード          ,セ,4,小牧加矢,58.0,13,09,2,2,0,0.1,1,192.7,"3127",0,6,6,3,3,13.3,492,角田晃一,栗,320,19103152,01196,01121,0423180409,前田幸治,土居牧場,キズナ,セレブラール,ボストンハーバー,鹿毛,190423,    1.7,  ,    , 0.0
23,04,29,1,新潟,1,04,障害未勝利,7,芝,2,2890,良,サイード          ,セ,4,小牧加矢,57.0,11,11,2,2,0,0.8,4,189.8,"3098",0,5,3,1,1,13.1,494,角田晃一,栗,320,19103152,01196,01121,0423110411,前田幸治,土居牧場,キズナ,セレブラール,ボストンハーバー,鹿毛,190423,    6.8,  ,    , 0.0
22,12,17,6,中京,5,12,１勝ｸﾗｽ,23,芝,0,1400,良,サイード          ,牡,3,川須栄彦,56.0,17,17,16,16,0,1.1,9,82.5,"1225",0,0,0,13,14,35,500,角田晃一,栗,0,19103152,01128,01121,0722651217,前田幸治,土居牧場,キズナ,セレブラール,ボストンハーバー,鹿毛,190423,   35.3,  ,    ,51.8
22,10,29,4,阪神,8,07,１勝ｸﾗｽ,23,芝,8,1600,良,サイード          ,牡,3,武豊,55.0,18,02,14,14,0,1.3,7,94.5,"1345",0,0,0,5,7,35.8,492,角田晃一,栗,0,19103152,00666,01121,0922480702,前田幸治,土居牧場,キズナ,セレブラール,ボストンハーバー,鹿毛,190423,   15.0,  ,    ,48.4
22,09,24,5,中京,6,07,１勝ｸﾗｽ,23,芝,0,1600,良,サイード          ,牡,3,武豊,55.0,16,14,7,7,0,1.3,4,94.6,"1346",0,0,11,10,10,34.3,496,角田晃一,栗,0,19103152,00666,01121,0722560714,前田幸治,土居牧場,キズナ,セレブラール,ボストンハーバー,鹿毛,190423,   13.8,  ,    ,55.5
22,05,21,2,東京,9,06,１勝ｸﾗｽ*,23,芝,0,1600,稍,サイード          ,牡,3,ルメール,56.0,10,03,2,2,0,0.5,2,94.4,"1344",0,0,0,3,4,35.4,492,角田晃一,栗,300,19103152,05339,01121,0522290603,前田幸治,土居牧場,キズナ,セレブラール,ボストンハーバー,鹿毛,190423,    3.8,  ,    ,50.0
22,05,01,2,東京,4,06,１勝ｸﾗｽ*,23,芝,0,1600,良,サイード          ,牡,3,Ｍ．デム,56.0,10,03,2,2,0,0.2,2,95.7,"1357",0,0,0,9,3,33.9,492,角田晃一,栗,300,19103152,05212,01121,0522240603,前田幸治,土居牧場,キズナ,セレブラール,ボストンハーバー,鹿毛,190423,    3.8,  ,    ,59.4
22,04,03,2,阪神,4,05,１勝ｸﾗｽ*,23,芝,8,1600,良,サイード          ,牡,3,幸英明,56.0,13,08,2,2,0,0.1,9,95,"1350",0,0,0,13,11,34,488,角田晃一,栗,300,19103152,00732,01121,0922240508,前田幸治,土居牧場,キズナ,セレブラール,ボストンハーバー,鹿毛,190423,   76.6,  ,    ,57.6
22,03,13,2,中山,6,07,１勝ｸﾗｽ*,23,芝,8,1200,良,サイード          ,牡,3,丸山元気,56.0,16,15,6,6,0,0.5,10,69,"1090",0,0,0,16,15,34.1,488,角田晃一,栗,0,19103152,01127,01121,0622260715,前田幸治,土居牧場,キズナ,セレブラール,ボストンハーバー,鹿毛,190423,   36.2,  ,    ,52.3
21,11,21,5,阪神,6,09,秋明菊賞･1勝,23,芝,0,1400,良,サイード          ,牡,2,福永祐一,55.0,11,10,7,7,0,0.6,4,82.3,"1223",0,0,0,9,9,34.7,478,角田晃一,栗,0,19103152,01014,01121,0921560910,前田幸治,土居牧場,キズナ,セレブラール,ボストンハーバー,鹿毛,190423,   15.8,  ,    ,52.9
21,08,29,4,新潟,6,11,新潟２歳G3,163,芝,8,1600,良,サイード          ,牡,2,戸崎圭太,54.0,12,10,12,12,0,1.4,10,95.2,"1352",0,0,0,3,3,34.5,476,角田晃一,栗,0,19103152,05386,01121,0421461110,前田幸治,土居牧場,キズナ,セレブラール,ボストンハーバー,鹿毛,190423,   56.6,  ,    ,55.6
21,07,10,3,小倉,3,05,新馬,15,芝,0,1200,良,サイード          ,牡,2,福永祐一,54.0,7,07,1,1,0,-0.1,1,68.8,"1088",0,0,0,4,2,34.6,466,角田晃一,栗,700,19103152,01014,01121,1021330507,前田幸治,土居牧場,キズナ,セレブラール,ボストンハーバー,鹿毛,190423,    1.8,  ,    ,48.8
24,05,11,3,京都,7,08,京都ハイJG2,179,芝,2,3930,良,トライフォーリアル,セ,7,五十嵐雄,60.0,10,04,6,6,0,2.6,1,273.6,"4336",0,7,8,7,7,13.9,492,萩原清,美,0,17105257,01069,01017,0824370804,シルクレーシング,ノーザンファーム,リアルインパクト,エンプレスティアラ,クロフネ,栗毛,170223,    3.8,  ,    , 0.0
24,03,09,1,阪神,5,08,阪神スプJG2,179,芝,2,3900,良,トライフォーリアル,セ,7,中村将之,60.0,10,05,5,5,0,2.9,10,266.8,"4268",0,6,6,7,7,13.7,490,萩原清,美,410,17105257,01101,01017,0924150805,シルクレーシング,ノーザンファーム,リアルインパクト,エンプレスティアラ,クロフネ,栗毛,170223,  146.1,  ,    , 0.0
23,12,09,5,阪神,3,04,障害・オープ,131,ダ,3,3110,良,トライフォーリアル,セ,6,五十嵐雄,61.0,12,12,8,8,0,2.2,1,210,"3300",0,8,8,6,6,13.5,490,萩原清,美,0,17105257,01069,01017,0923530412,シルクレーシング,ノーザンファーム,リアルインパクト,エンプレスティアラ,クロフネ,栗毛,170223,    3.2,  ,    , 0.0
23,10,15,4,東京,5,09,東京ハイJG2,179,芝,2,3110,重,トライフォーリアル,セ,6,蓑島靖典,60.0,12,08,9,9,0,4.7,9,216.7,"3367",0,6,6,8,9,13.9,490,萩原清,美,0,17105257,01068,01017,0523450908,シルクレーシング,ノーザンファーム,リアルインパクト,エンプレスティアラ,クロフネ,栗毛,170223,   24.9,  ,    , 0.0
23,06,24,3,東京,7,08,東京ジャJG3,163,芝,2,3110,良,トライフォーリアル,セ,6,五十嵐雄,60.0,12,02,3,3,0,0.5,3,207,"3270",0,3,3,3,4,13.3,494,萩原清,美,730,17105257,01069,01017,0523370802,シルクレーシング,ノーザンファーム,リアルインパクト,エンプレスティアラ,クロフネ,栗毛,170223,    4.5,  ,    , 0.0
23,05,13,1,京都,7,08,京都ハイJG2,179,芝,2,3930,良,トライフォーリアル,セ,6,五十嵐雄,60.0,11,03,2,2,0,0,4,273.7,"4337",0,4,4,4,2,13.9,486,萩原清,美,1600,17105257,01069,01017,0823170803,シルクレーシング,ノーザンファーム,リアルインパクト,エンプレスティアラ,クロフネ,栗毛,170223,   10.8,  ,    , 0.0
23,04,08,1,福島,1,05,障害未勝利,7,芝,2,2750,良,トライフォーリアル,セ,6,五十嵐雄,60.0,11,08,1,1,0,-1,2,181.8,"3018",0,3,4,2,2,13.2,488,萩原清,美,790,17105257,01069,01017,0323110508,シルクレーシング,ノーザンファーム,リアルインパクト,エンプレスティアラ,クロフネ,栗毛,170223,    4.7,  ,    , 0.0
23,02,05,1,小倉,8,04,障害未勝利,7,芝,2,2860,良,トライフォーリアル,セ,6,五十嵐雄,60.0,12,09,5,5,0,3.2,7,192.4,"3124",0,5,5,6,5,13.5,500,萩原清,美,79,17105257,01069,01017,1023180409,シルクレーシング,ノーザンファーム,リアルインパクト,エンプレスティアラ,クロフネ,栗毛,170223,   27.2,  ,    , 0.0
22,10,22,4,新潟,3,10,村上特別･2勝,43,芝,8,1800,良,トライフォーリアル,セ,5,武藤雅,57.0,13,06,9,9,0,0.8,8,107.3,"1473",0,0,0,13,13,34.2,494,萩原清,美,0,17105257,01169,01017,0422431006,シルクレーシング,ノーザンファーム,リアルインパクト,エンプレスティアラ,クロフネ,栗毛,170223,   19.6,  ,    ,56.9
22,09,03,3,新潟,7,12,１勝ｸﾗｽ,23,芝,8,1600,良,トライフォーリアル,セ,5,木幡巧也,57.0,18,08,1,1,0,0,11,95.2,"1352",0,0,0,8,6,33.5,488,萩原清,美,770,17105257,01162,01017,0422371208,シルクレーシング,ノーザンファーム,リアルインパクト,エンプレスティアラ,クロフネ,栗毛,170223,   51.4,  ,    ,60.5
22,06,05,3,東京,2,08,１勝ｸﾗｽ,23,芝,0,1600,良,トライフォーリアル,セ,5,木幡巧也,57.0,13,03,10,10,0,1.1,8,93.9,"1339",0,0,0,13,11,34.7,494,萩原清,美,0,17105257,01162,01017,0522320803,シルクレーシング,ノーザンファーム,リアルインパクト,エンプレスティアラ,クロフネ,栗毛,170223,   32.9,  ,    ,52.4
22,05,14,2,東京,7,08,１勝ｸﾗｽ,23,芝,0,1600,稍,トライフォーリアル,セ,5,木幡巧也,57.0,11,04,4,4,0,0.3,4,94.2,"1342",0,0,0,10,9,34.3,494,萩原清,美,120,17105257,01162,01017,0522270804,シルクレーシング,ノーザンファーム,リアルインパクト,エンプレスティアラ,クロフネ,栗毛,170223,    9.2,  ,    ,54.8
22,02,19,1,東京,7,07,１勝ｸﾗｽ,23,ダ,1,1600,稍,トライフォーリアル,セ,5,北村宏司,57.0,15,02,11,11,0,1.3,6,99.9,"1399",0,0,0,12,12,37.7,502,萩原清,美,0,17105257,01043,01017,0522170702,シルクレーシング,ノーザンファーム,リアルインパクト,エンプレスティアラ,クロフネ,栗毛,170223,   11.9,  ,    ,49.0
21,11,20,5,東京,5,12,１勝ｸﾗｽ,23,芝,0,1600,良,トライフォーリアル,セ,4,津村明秀,57.0,18,11,14,14,0,1.1,6,96.2,"1362",0,0,0,12,13,34.2,492,萩原清,美,0,17105257,01092,01017,0521551211,シルクレーシング,ノーザンファーム,リアルインパクト,エンプレスティアラ,クロフネ,栗毛,170223,   21.3,  ,    ,58.8
21,09,04,4,新潟,7,12,１勝ｸﾗｽ,23,芝,8,1600,稍,トライフォーリアル,セ,4,木幡巧也,57.0,18,05,11,11,0,1.2,6,96,"1360",0,0,0,6,6,34.9,488,萩原清,美,0,17105257,01162,01017,0421471205,シルクレーシング,ノーザンファーム,リアルインパクト,エンプレスティアラ,クロフネ,栗毛,170223,   14.7,  ,    ,55.0
21,06,12,3,東京,3,08,１勝ｸﾗｽ,23,芝,0,1600,良,トライフォーリアル,セ,4,木幡巧也,57.0,15,13,3,3,0,0.2,5,93.5,"1335",0,0,0,3,4,33.8,492,萩原清,美,190,17105257,01162,01017,0521330813,シルクレーシング,ノーザンファーム,リアルインパクト,エンプレスティアラ,クロフネ,栗毛,170223,   14.2,  ,    ,56.0
21,04,25,2,東京,2,08,１勝ｸﾗｽ,23,芝,0,1600,良,トライフォーリアル,セ,4,木幡巧也,57.0,15,06,2,2,0,0.2,9,93.6,"1336",0,0,0,10,10,33.9,494,萩原清,美,300,17105257,01162,01017,0521220806,シルクレーシング,ノーザンファーム,リアルインパクト,エンプレスティアラ,クロフネ,栗毛,170223,   36.0,  ,    ,55.7
21,02,06,1,東京,3,07,１勝ｸﾗｽ,23,芝,0,1600,良,トライフォーリアル,セ,4,木幡巧也,57.0,16,12,8,8,0,1,14,94,"1340",0,0,0,9,10,35.3,506,萩原清,美,0,17105257,01162,01017,0521130712,シルクレーシング,ノーザンファーム,リアルインパクト,エンプレスティアラ,クロフネ,栗毛,170223,  229.8,  ,    ,49.8
20,09,13,4,中山,2,07,１勝ｸﾗｽ,23,芝,8,1600,良,トライフォーリアル,牡,3,横山武史,55.0,16,01,0,0,4,999.9,10,0,"----",0,0,14,16,16,0,508,萩原清,美,0,17105257,01170,01017,0620420701,シルクレーシング,ノーザンファーム,リアルインパクト,エンプレスティアラ,クロフネ,栗毛,170223,   33.8,  ,    , 0.0
19,10,15,4,東京,3,09,プラタナ･1勝,23,ダ,1,1600,稍,トライフォーリアル,牡,2,三浦皇成,55.0,11,01,9,9,0,2.6,6,100.5,"1405",0,0,0,7,8,37.8,494,萩原清,美,0,17105257,01122,01017,0519430901,シルクレーシング,ノーザンファーム,リアルインパクト,エンプレスティアラ,クロフネ,栗毛,170223,   13.8,  ,    ,49.5
19,08,25,2,新潟,10,11,新潟２歳G3,163,芝,8,1600,良,トライフォーリアル,牡,2,丸山元気,54.0,16,05,11,11,0,1.5,9,96.5,"1365",0,0,0,11,10,34.1,494,萩原清,美,0,17105257,01127,01017,04192A1105,シルクレーシング,ノーザンファーム,リアルインパクト,エンプレスティアラ,クロフネ,栗毛,170223,   37.4,  ,    ,59.8
19,06,16,3,東京,6,06,新馬,15,芝,0,1400,重,トライフォーリアル,牡,2,三浦皇成,54.0,13,08,1,1,0,-0.2,1,84.4,"1244",0,0,0,5,5,35.5,496,萩原清,美,700,17105257,01122,01017,0519360608,シルクレーシング,ノーザンファーム,リアルインパクト,エンプレスティアラ,クロフネ,栗毛,170223,    2.6,  ,    ,53.3
24,06,02,4,京都,2,03,未勝利,7,ダ,1,1400,稍,アクロポリス      ,牡,3,松若風馬,57.0,16,06,7,7,0,1.7,12,87.5,"1275",0,0,0,9,8,37.7,462,中村直也,栗,0,21103247,01154,01186,0824420306,林正道,三嶋牧場,ワールドエース,デコラス,タートルボウル,鹿毛,210210,   77.2,  ,    ,49.1
24,04,07,2,阪神,6,03,未勝利,7,ダ,1,1200,良,アクロポリス      ,牡,3,津村明秀,57.0,16,03,7,7,0,1,8,73.9,"1139",0,0,0,10,8,37.2,458,中村直也,栗,0,21103247,01092,01186,0924260303,林正道,三嶋牧場,ワールドエース,デコラス,タートルボウル,鹿毛,210210,   61.9,  ,    ,48.7
24,03,09,1,阪神,5,03,未勝利,7,ダ,1,1400,良,アクロポリス      ,牡,3,鮫島克駿,57.0,16,02,8,8,0,2,3,88,"1280",0,0,0,6,4,39.8,460,中村直也,栗,0,21103247,01157,01186,0924150302,林正道,三嶋牧場,ワールドエース,デコラス,タートルボウル,鹿毛,210210,   13.6,  ,    ,40.8
24,01,21,1,京都,7,03,未勝利,7,ダ,1,1400,不,アクロポリス      ,牡,3,団野大成,57.0,12,08,5,5,0,1.7,7,85.1,"1251",0,0,0,6,5,36.9,462,中村直也,栗,55,21103247,01180,01186,0824170308,林正道,三嶋牧場,ワールドエース,デコラス,タートルボウル,鹿毛,210210,   48.0,  ,    ,48.0
23,12,23,5,阪神,7,03,未勝利*,7,ダ,1,1400,良,アクロポリス      ,牡,2,鮫島克駿,56.0,16,10,6,6,0,1.7,14,87.4,"1274",0,0,0,10,7,38.1,470,中村直也,栗,0,21103247,01157,01186,0923570310,林正道,三嶋牧場,ワールドエース,デコラス,タートルボウル,鹿毛,210210,  139.7,  ,    ,47.0
23,12,03,5,阪神,2,06,新馬,15,ダ,1,1400,良,アクロポリス      ,牡,2,鮫島克駿,56.0,12,03,3,3,0,1.1,8,88.4,"1284",0,0,0,6,6,39.6,476,中村直也,栗,180,21103247,01157,01186,0923520603,林正道,三嶋牧場,ワールドエース,デコラス,タートルボウル,鹿毛,210210,   21.1,  ,    ,42.4
24,06,23,4,京都,8,01,未勝利・牝,7,ダ,1,1400,不,ゼットシルヴィア  ,牝,3,松山弘平,55.0,16,13,6,6,0,1.2,4,86.1,"1261",0,0,0,7,7,38.2,448,川村禎彦,栗,0,21104414,01126,01003,0824480113,フォーレスト,フジワラフアーム,マクフィ,ネオシルヴィア,ネオユニヴァース,鹿毛,210520,   11.1,  ,    ,44.0
24,06,09,4,京都,4,02,未勝利,7,ダ,1,1400,稍,ゼットシルヴィア  ,牝,3,永島まな,53.0,16,15,4,4,0,0.5,7,86.2,"1262",0,0,0,7,6,37.8,446,川村禎彦,栗,83,21104414,01187,01003,0824440215,フォーレスト,フジワラフアーム,マクフィ,ネオシルヴィア,ネオユニヴァース,鹿毛,210520,   21.5,  ,    ,46.0
24,03,02,1,阪神,3,02,未勝利,7,ダ,1,1400,重,ゼットシルヴィア  ,牝,3,和田竜二,55.0,15,05,7,7,0,1.4,5,87.6,"1276",0,0,0,5,5,40,438,川村禎彦,栗,0,21104414,01018,01003,0924130205,フォーレスト,フジワラフアーム,マクフィ,ネオシルヴィア,ネオユニヴァース,鹿毛,210520,   17.7,  ,    ,39.2
24,02,10,2,京都,5,03,未勝利・牝,7,ダ,1,1400,良,ゼットシルヴィア  ,牝,3,和田竜二,55.0,16,14,4,4,0,0.6,7,86.7,"1267",0,0,0,9,8,38.3,442,川村禎彦,栗,83,21104414,01018,01003,0824250314,フォーレスト,フジワラフアーム,マクフィ,ネオシルヴィア,ネオユニヴァース,鹿毛,210520,   45.5,  ,    ,44.8
24,01,20,1,京都,6,03,新馬・牝,15,ダ,1,1200,稍,ゼットシルヴィア  ,牝,3,松山弘平,55.0,16,04,10,10,0,1.9,2,74.5,"1145",0,0,0,14,14,36.9,444,川村禎彦,栗,0,21104414,01126,01003,0824160304,フォーレスト,フジワラフアーム,マクフィ,ネオシルヴィア,ネオユニヴァース,鹿毛,210520,    5.5,  ,    ,51.9
24,06,08,4,京都,3,03,未勝利,7,ダ,1,1800,良,ハイグッドワールド,牡,3,幸英明,57.0,16,12,6,6,0,2.4,2,115,"1550",0,4,4,3,3,39.8,498,谷潔,栗,0,21104474,00732,00431,0824430312,服部新平,へいはた牧場,アジアエクスプレス,ハイフィールド,マーベラスサンデー,黒鹿,210226,    3.9,  ,    ,44.5
24,05,18,1,新潟,7,06,未勝利・若,7,ダ,1,1800,良,ハイグッドワールド,牡,3,柴田裕一,54.0,15,14,3,3,0,0.9,4,114.2,"1542",0,3,3,7,6,37.9,496,谷潔,栗,140,21104474,01212,00431,0424170614,服部新平,へいはた牧場,アジアエクスプレス,ハイフィールド,マーベラスサンデー,黒鹿,210226,    6.0,  ,    ,50.7
24,04,28,1,新潟,2,03,未勝利,7,ダ,1,1800,良,ハイグッドワールド,牡,3,柴田裕一,54.0,15,07,4,4,0,0.7,3,115.6,"1556",0,5,8,10,8,38.8,492,谷潔,栗,83,21104474,01212,00431,0424120307,服部新平,へいはた牧場,アジアエクスプレス,ハイフィールド,マーベラスサンデー,黒鹿,210226,    7.2,  ,    ,49.0
24,04,07,1,福島,2,01,未勝利,7,ダ,1,1700,良,ハイグッドワールド,牡,3,柴田裕一,54.0,15,14,5,5,0,0.6,4,108.1,"1481",0,10,10,8,8,39.5,490,谷潔,栗,55,21104474,01212,00431,0324120114,服部新平,へいはた牧場,アジアエクスプレス,ハイフィールド,マーベラスサンデー,黒鹿,210226,    7.7,  ,    ,44.7
24,03,24,2,阪神,2,03,未勝利,7,ダ,1,1800,不,ハイグッドワールド,牡,3,幸英明,57.0,15,08,5,5,0,1.2,5,113.9,"1539",0,11,11,11,10,36.4,494,谷潔,栗,55,21104474,00732,00431,0924220308,服部新平,へいはた牧場,アジアエクスプレス,ハイフィールド,マーベラスサンデー,黒鹿,210226,   13.9,  ,    ,56.5
24,03,02,2,小倉,7,07,未勝利,7,ダ,1,1700,稍,ハイグッドワールド,牡,3,幸英明,57.0,16,03,4,4,0,1.5,5,106.2,"1462",0,10,10,5,5,39.2,498,谷潔,栗,83,21104474,00732,00431,1024270703,服部新平,へいはた牧場,アジアエクスプレス,ハイフィールド,マーベラスサンデー,黒鹿,210226,   11.4,  ,    ,43.2
24,02,11,2,小倉,2,01,未勝利,7,ダ,1,1700,良,ハイグッドワールド,牡,3,幸英明,57.0,15,09,7,7,0,2,4,108.4,"1484",0,8,7,6,5,39.7,492,谷潔,栗,0,21104474,00732,00431,1024220109,服部新平,へいはた牧場,アジアエクスプレス,ハイフィールド,マーベラスサンデー,黒鹿,210226,    8.4,  ,    ,44.4
24,01,13,1,小倉,1,01,未勝利,7,ダ,1,1700,良,ハイグッドワールド,牡,3,幸英明,57.0,14,04,4,4,0,0.8,6,109.2,"1492",0,3,4,5,5,39.4,508,谷潔,栗,83,21104474,00732,00431,1024110104,服部新平,へいはた牧場,アジアエクスプレス,ハイフィールド,マーベラスサンデー,黒鹿,210226,   10.9,  ,    ,46.6
23,12,28,5,阪神,9,01,未勝利*,7,ダ,1,1800,良,ハイグッドワールド,牡,2,和田翼,56.0,16,16,6,6,0,0.7,4,116.7,"1567",0,3,3,4,4,40.2,512,谷潔,栗,0,21104474,01146,00431,0923590116,服部新平,へいはた牧場,アジアエクスプレス,ハイフィールド,マーベラスサンデー,黒鹿,210226,    8.0,  ,    ,45.1
23,12,09,5,阪神,3,06,新馬,15,ダ,1,1800,良,ハイグッドワールド,牡,2,和田翼,56.0,9,04,6,6,0,1.1,5,117.5,"1575",0,5,5,4,5,39.3,522,谷潔,栗,0,21104474,01146,00431,0923530604,服部新平,へいはた牧場,アジアエクスプレス,ハイフィールド,マーベラスサンデー,黒鹿,210226,   17.0,  ,    ,49.5
24,06,29,2,福島,1,02,未勝利・牝,7,ダ,1,1700,良,チーチャン        ,牝,3,木幡巧也,55.0,15,04,5,5,0,1.1,6,108.5,"1485",0,5,4,5,6,40.5,486,勢司和浩,美,55,21102825,01162,01047,0324210204,村田哲朗,惣田英幸,ロゴタイプ,キクノアルバ,サウスヴィグラス,黒鹿,210505,    9.4,  ,    ,41.6
24,04,14,3,中山,8,01,未勝利・牝,7,ダ,1,1800,良,チーチャン        ,牝,3,杉原誠人,55.0,16,07,3,3,0,0.3,8,116.2,"1562",0,5,5,4,4,40.2,478,勢司和浩,美,140,21102825,01135,01047,0624380107,村田哲朗,惣田英幸,ロゴタイプ,キクノアルバ,サウスヴィグラス,黒鹿,210505,   26.9,  ,    ,44.5
24,03,24,3,中山,2,01,未勝利・牝,7,ダ,1,1800,良,チーチャン        ,牝,3,木幡巧也,55.0,16,15,4,4,0,0.8,10,116.5,"1565",0,8,8,8,6,39.7,480,勢司和浩,美,83,21102825,01162,01047,0624320115,村田哲朗,惣田英幸,ロゴタイプ,キクノアルバ,サウスヴィグラス,黒鹿,210505,  114.8,  ,    ,46.7
24,02,24,2,中山,1,06,未勝利,7,ダ,1,1800,稍,チーチャン        ,牝,3,木幡巧也,55.0,16,16,5,5,0,2.3,13,116.8,"1568",0,12,12,12,10,39.8,476,勢司和浩,美,55,21102825,01162,01047,0624210616,村田哲朗,惣田英幸,ロゴタイプ,キクノアルバ,サウスヴィグラス,黒鹿,210505,  188.3,  ,    ,46.7
24,01,13,1,中山,4,03,未勝利,7,ダ,1,1200,良,チーチャン        ,牝,3,鮫島良太,55.0,16,15,8,8,0,1.9,13,73.9,"1139",0,0,0,10,11,37.7,478,勢司和浩,美,0,21102825,01099,01047,0624140315,村田哲朗,惣田英幸,ロゴタイプ,キクノアルバ,サウスヴィグラス,黒鹿,210505,  400.0,  ,    ,46.0
23,12,09,5,中山,3,03,未勝利*,7,ダ,1,1200,良,チーチャン        ,牝,2,菊沢一樹,55.0,16,07,10,10,0,1.5,15,74,"1140",0,0,0,10,11,38.5,478,勢司和浩,美,0,21102825,01161,01047,0623530307,村田哲朗,惣田英幸,ロゴタイプ,キクノアルバ,サウスヴィグラス,黒鹿,210505,  293.5,  ,    ,42.2
23,11,12,5,東京,4,01,未勝利*,7,ダ,1,1400,良,チーチャン        ,牝,2,柴田大知,55.0,14,02,12,12,0,2,11,88.5,"1285",0,0,0,12,12,37.9,476,勢司和浩,美,0,21102825,01009,01047,0523540102,村田哲朗,惣田英幸,ロゴタイプ,キクノアルバ,サウスヴィグラス,黒鹿,210505,  234.2,  ,    ,50.1
23,07,22,1,札幌,1,05,新馬,15,ダ,1,1700,良,チーチャン        ,牝,2,横山琉人,54.0,10,01,9,9,0,3.8,8,112.4,"1524",0,7,8,10,10,41.1,466,勢司和浩,美,0,21102825,01192,01047,0123110501,村田哲朗,惣田英幸,ロゴタイプ,キクノアルバ,サウスヴィグラス,黒鹿,210505,   33.5,  ,    ,44.6
24,06,05,6,不明,1,10,氷ノ山,3,ダ,1,1870,良,ユウトザキンパツ  ,牡,3,吉村智洋,56.0,9,07,5,5,0,4.5,6,129.5,"2095",0,6,5,4,5,0,487,小崎憲,栗,15,21104597,05390,01085,5024611007,中川雄斗,山田牧場,トゥザワールド,サクラシンフォニー,ワイルドラッシュ,栗毛,210313,    0.0,  ,    , 0.0
24,05,05,3,京都,6,03,未勝利,7,ダ,1,1800,良,ユウトザキンパツ  ,牡,3,松若風馬,57.0,12,11,8,8,0,2,7,116.8,"1568",0,5,3,3,2,40.3,482,小崎憲,栗,0,21104597,01154,01085,0824360311,中川雄斗,山田牧場,トゥザワールド,サクラシンフォニー,ワイルドラッシュ,栗毛,210313,   43.6,  ,    ,44.9
24,04,20,3,京都,1,02,未勝利,7,ダ,1,1800,良,ユウトザキンパツ  ,牡,3,和田竜二,57.0,16,06,9,9,0,2.6,6,117.1,"1571",0,7,5,4,3,40.1,484,小崎憲,栗,0,21104597,01018,01085,0824310206,中川雄斗,山田牧場,トゥザワールド,サクラシンフォニー,ワイルドラッシュ,栗毛,210313,   21.6,  ,    ,46.0
24,02,18,2,京都,8,03,未勝利,7,ダ,1,1900,稍,ユウトザキンパツ  ,牡,3,小崎綾也,57.0,15,13,8,8,0,4.2,3,123.6,"2036",0,2,2,2,4,41.3,488,小崎憲,栗,0,21104597,01152,01085,0824280313,中川雄斗,山田牧場,トゥザワールド,サクラシンフォニー,ワイルドラッシュ,栗毛,210313,    6.4,  ,    ,42.0
24,02,03,2,京都,3,02,未勝利,7,ダ,1,1800,良,ユウトザキンパツ  ,牡,3,和田竜二,57.0,9,08,3,3,0,0.5,6,114.7,"1547",0,4,4,4,4,38.7,486,小崎憲,栗,140,21104597,01018,01085,0824230208,中川雄斗,山田牧場,トゥザワールド,サクラシンフォニー,ワイルドラッシュ,栗毛,210313,   50.7,  ,    ,48.2
23,11,18,3,福島,5,03,未勝利*,7,ダ,1,1700,不,ユウトザキンパツ  ,牡,2,藤懸貴志,56.0,15,04,10,10,0,2.6,11,107.7,"1477",0,11,11,8,7,39.4,472,小崎憲,栗,0,21104597,01138,01085,0323350304,中川雄斗,山田牧場,トゥザワールド,サクラシンフォニー,ワイルドラッシュ,栗毛,210313,   76.8,  ,    ,44.6
23,11,04,3,福島,1,01,未勝利*,7,ダ,1,1700,良,ユウトザキンパツ  ,牡,2,小崎綾也,56.0,15,14,5,5,0,2.7,9,109.6,"1496",0,3,3,3,4,41.5,468,小崎憲,栗,55,21104597,01152,01085,0323310114,中川雄斗,山田牧場,トゥザワールド,サクラシンフォニー,ワイルドラッシュ,栗毛,210313,  106.7,  ,    ,39.5
23,09,16,4,阪神,3,02,未勝利*,7,ダ,1,1400,良,ユウトザキンパツ  ,牡,2,西村淳也,55.0,16,08,7,7,0,2.9,14,88.5,"1285",0,0,0,12,11,39.8,468,小崎憲,栗,0,21104597,01171,01085,0923430208,中川雄斗,山田牧場,トゥザワールド,サクラシンフォニー,ワイルドラッシュ,栗毛,210313,  204.1,  ,    ,41.8
23,09,03,3,小倉,8,05,新馬,15,芝,0,1800,良,ユウトザキンパツ  ,牡,2,西村淳也,55.0,16,02,15,15,0,2.6,15,113.8,"1538",0,3,3,3,4,39.2,468,小崎憲,栗,0,21104597,01171,01085,1023380502,中川雄斗,山田牧場,トゥザワールド,サクラシンフォニー,ワイルドラッシュ,栗毛,210313,   82.3,  ,    ,45.2
24,06,02,4,京都,2,03,未勝利,7,ダ,1,1400,稍,チョウゲンキ      ,牡,3,加藤祥太,57.0,16,02,13,13,0,3.1,14,88.9,"1289",0,0,0,6,8,39.4,456,羽月友彦,栗,0,21106139,01156,01091,0824420302,丸山隆雄,上井農場,アドミラブル,クリノメダリスト,ステイゴールド,鹿毛,210413,  213.2,  ,    ,44.2
24,03,16,1,阪神,7,04,未勝利,7,ダ,1,2000,良,チョウゲンキ      ,牡,3,松若風馬,57.0,11,05,8,8,0,2.1,7,131.6,"2116",0,6,6,8,9,40.1,448,羽月友彦,栗,0,21106139,01154,01091,0924170405,丸山隆雄,上井農場,アドミラブル,クリノメダリスト,ステイゴールド,鹿毛,210413,   38.0,  ,    ,47.8
24,02,25,1,阪神,2,03,未勝利,7,ダ,1,2000,不,チョウゲンキ      ,牡,3,松若風馬,57.0,11,08,7,7,0,1.6,4,128,"2080",0,9,9,8,7,39.7,450,羽月友彦,栗,0,21106139,01154,01091,0924120308,丸山隆雄,上井農場,アドミラブル,クリノメダリスト,ステイゴールド,鹿毛,210413,   11.1,  ,    ,45.3
24,02,11,2,京都,6,01,未勝利,7,ダ,1,1800,良,チョウゲンキ      ,牡,3,松若風馬,57.0,12,02,6,6,0,1.5,6,116.6,"1566",0,9,9,9,7,40,452,羽月友彦,栗,0,21106139,01154,01091,0824260102,丸山隆雄,上井農場,アドミラブル,クリノメダリスト,ステイゴールド,鹿毛,210413,   21.4,  ,    ,45.8
23,10,07,2,京都,1,03,未勝利*,7,芝,0,2000,良,チョウゲンキ      ,牡,2,松若風馬,56.0,6,06,5,5,0,0.9,5,123.2,"2032",0,2,2,2,2,35.9,432,羽月友彦,栗,55,21106139,01154,01091,0823210306,丸山隆雄,上井農場,アドミラブル,クリノメダリスト,ステイゴールド,鹿毛,210413,   25.6,  ,    ,54.2
23,09,23,4,阪神,6,03,未勝利*,7,芝,0,2000,良,チョウゲンキ      ,牡,2,松若風馬,55.0,10,02,4,4,0,0.5,9,121.8,"2018",0,7,7,7,7,35.6,430,羽月友彦,栗,83,21106139,01154,01091,0923460302,丸山隆雄,上井農場,アドミラブル,クリノメダリスト,ステイゴールド,鹿毛,210413,   84.7,  ,    ,53.8
23,09,02,3,小倉,7,01,未勝利*,7,芝,0,2000,稍,チョウゲンキ      ,牡,2,松若風馬,55.0,9,06,6,6,0,1,7,126.2,"2062",0,6,5,7,7,36.4,432,羽月友彦,栗,0,21106139,01154,01091,1023370106,丸山隆雄,上井農場,アドミラブル,クリノメダリスト,ステイゴールド,鹿毛,210413,   72.3,  ,    ,55.7
23,07,23,3,中京,8,01,未勝利*,7,芝,0,1600,良,チョウゲンキ      ,牡,2,松若風馬,55.0,8,08,6,6,0,1.5,6,97.3,"1373",0,0,8,7,7,35.7,430,羽月友彦,栗,0,21106139,01154,01091,0723380108,丸山隆雄,上井農場,アドミラブル,クリノメダリスト,ステイゴールド,鹿毛,210413,   56.1,  ,    ,53.5
23,07,09,3,中京,4,05,新馬,15,芝,0,2000,稍,チョウゲンキ      ,牡,2,和田竜二,55.0,8,04,6,6,0,1.4,8,126.8,"2068",0,7,7,7,7,35.4,426,羽月友彦,栗,0,21106139,01018,01091,0723340504,丸山隆雄,上井農場,アドミラブル,クリノメダリスト,ステイゴールド,鹿毛,210413,   98.0,  ,    ,60.7
24,06,09,4,京都,4,02,未勝利,7,ダ,1,1400,稍,パリッドキャリア  ,牡,3,吉村誠之,54.0,16,13,10,10,0,2.3,8,88,"1280",0,0,0,15,15,38.7,496,清水久詞,栗,0,21107230,01216,01110,0824440213,広尾レース,メイタイファーム,ヘニーヒューズ,サンライズシェル,キンシャサノキセキ,鹿毛,210206,   25.1,  ,    ,45.5
24,06,01,4,京都,1,03,未勝利,7,ダ,1,1200,稍,テクネチウム      ,牡,3,富田暁,57.0,16,02,13,13,0,2.1,13,74.4,"1144",0,0,0,10,10,38.5,486,木原一良,栗,0,21104280,01168,01033,0824410302,加藤千豊,橋本牧場,マクフィ,プリンセス,キングズベスト,鹿毛,210505,  192.7,  ,    ,43.2
24,02,17,2,京都,7,02,未勝利,7,ダ,1,1800,稍,テクネチウム      ,牡,3,今村聖奈,54.0,15,02,14,14,0,5.6,12,118.9,"1589",0,9,9,12,13,41.3,480,木原一良,栗,0,21104280,01193,01033,0824270202,加藤千豊,橋本牧場,マクフィ,プリンセス,キングズベスト,鹿毛,210505,  295.4,  ,    ,43.9
23,11,12,3,京都,4,01,未勝利*,7,ダ,1,1200,稍,テクネチウム      ,牡,2,池添謙一,56.0,13,02,9,9,0,4.2,11,76.9,"1169",0,0,0,13,13,38.8,474,木原一良,栗,0,21104280,01032,01033,0823340102,加藤千豊,橋本牧場,マクフィ,プリンセス,キングズベスト,鹿毛,210505,   74.4,  ,    ,48.2
23,10,28,2,京都,8,04,新馬,15,ダ,1,1400,良,テクネチウム      ,牡,2,池添謙一,56.0,11,07,6,6,0,1,8,87.8,"1278",0,0,0,5,3,38.9,476,木原一良,栗,0,21104280,01032,01033,0823280407,加藤千豊,橋本牧場,マクフィ,プリンセス,キングズベスト,鹿毛,210505,   54.4,  ,    ,44.3
24,06,22,3,東京,7,02,未勝利,7,ダ,1,2100,重,グレイトマジック  ,牡,3,石橋脩,57.0,16,07,6,6,0,1,12,132.1,"2121",0,3,3,3,3,37.8,482,武市康男,美,0,21104157,01077,01089,0524370207,櫻井秀樹,千代田牧場,ホッコータルマエ,マジックシアター,ネオユニヴァース,黒鹿,210430,   50.7,  ,    ,49.8
24,05,12,1,新潟,6,03,未勝利,7,ダ,1,1800,良,グレイトマジック  ,牡,3,佐々木大,56.0,15,15,4,4,0,1.3,4,115.9,"1559",0,3,3,3,3,38.3,482,武市康男,美,83,21104157,01197,01089,0424160315,櫻井秀樹,千代田牧場,ホッコータルマエ,マジックシアター,ネオユニヴァース,黒鹿,210430,   16.0,  ,    ,51.3
24,04,21,1,福島,6,03,未勝利,7,ダ,1,1700,良,グレイトマジック  ,牡,3,角田大和,56.0,15,15,10,10,0,1.8,12,108.6,"1486",0,3,5,2,6,40.2,480,武市康男,美,0,21104157,01186,01089,0324160315,櫻井秀樹,千代田牧場,ホッコータルマエ,マジックシアター,ネオユニヴァース,黒鹿,210430,   96.1,  ,    ,42.8
24,03,30,3,中山,3,06,未勝利,7,ダ,1,1800,重,グレイトマジック  ,牡,3,丹内祐次,57.0,13,03,4,4,0,1.4,8,115.2,"1552",0,3,2,3,3,38,480,武市康男,美,83,21104157,01091,01089,0624330603,櫻井秀樹,千代田牧場,ホッコータルマエ,マジックシアター,ネオユニヴァース,黒鹿,210430,   96.9,  ,    ,51.6
24,03,17,2,中山,8,03,未勝利,7,ダ,1,1800,良,グレイトマジック  ,牡,3,丹内祐次,57.0,16,02,6,6,0,2.6,13,117.6,"1576",0,10,10,8,6,40.4,482,武市康男,美,0,21104157,01091,01089,0624280302,櫻井秀樹,千代田牧場,ホッコータルマエ,マジックシアター,ネオユニヴァース,黒鹿,210430,  372.7,  ,    ,45.5
24,02,25,2,中山,2,03,未勝利,7,ダ,1,1800,稍,グレイトマジック  ,牡,3,津村明秀,57.0,16,16,10,10,0,2.3,11,118.8,"1588",0,8,9,8,10,39.9,482,武市康男,美,0,21104157,01092,01089,0624220316,櫻井秀樹,千代田牧場,ホッコータルマエ,マジックシアター,ネオユニヴァース,黒鹿,210430,  160.1,  ,    ,48.9
24,02,04,1,東京,4,02,未勝利,7,ダ,1,2100,良,グレイトマジック  ,牡,3,内田博幸,57.0,16,02,12,12,0,3.6,10,139.7,"2197",0,11,10,12,14,39,488,武市康男,美,0,21104157,00422,01089,0524140202,櫻井秀樹,千代田牧場,ホッコータルマエ,マジックシアター,ネオユニヴァース,黒鹿,210430,   89.0,  ,    ,53.3
23,11,05,5,東京,2,01,未勝利*,7,ダ,1,1600,良,グレイトマジック  ,牡,2,内田博幸,56.0,13,11,11,11,0,4.2,7,101.9,"1419",0,0,0,10,10,40.2,476,武市康男,美,0,21104157,00422,01089,0523520111,櫻井秀樹,千代田牧場,ホッコータルマエ,マジックシアター,ネオユニヴァース,黒鹿,210430,   22.4,  ,    ,42.1
23,10,09,4,東京,3,01,未勝利*,7,ダ,1,1600,稍,グレイトマジック  ,牡,2,内田博幸,56.0,13,04,8,8,0,1.5,10,99.3,"1393",0,0,0,12,12,38.1,474,武市康男,美,0,21104157,00422,01089,0523430104,櫻井秀樹,千代田牧場,ホッコータルマエ,マジックシアター,ネオユニヴァース,黒鹿,210430,   75.9,  ,    ,46.4
23,09,16,4,中山,3,04,新馬,15,ダ,1,1800,良,グレイトマジック  ,牡,2,菅原明良,55.0,15,08,7,7,0,3.1,9,119,"1590",0,12,11,12,11,40.9,470,武市康男,美,0,21104157,01179,01089,0623430408,櫻井秀樹,千代田牧場,ホッコータルマエ,マジックシアター,ネオユニヴァース,黒鹿,210430,   44.4,  ,    ,45.5
24,06,08,3,東京,3,06,未勝利,7,ダ,1,1600,良,カシノカンピオーネ,牡,3,岩部純二,57.0,16,08,8,8,0,2.8,16,99.7,"1397",0,0,0,10,11,38.1,486,天間昭一,美,0,21100516,00726,01090,0524330608,柏木務,山際セントラルスタッド,コパノリッキー,バンドゥーラ,スクリーンヒーロー,栗毛,210317,  520.5,  ,    ,47.0
24,05,12,1,新潟,6,03,未勝利,7,ダ,1,1800,良,カシノカンピオーネ,牡,3,岩部純二,57.0,15,07,11,11,0,3.5,9,118.1,"1581",0,15,15,13,14,39.5,482,天間昭一,美,0,21100516,00726,01090,0424160307,柏木務,山際セントラルスタッド,コパノリッキー,バンドゥーラ,スクリーンヒーロー,栗毛,210317,  121.0,  ,    ,49.5
24,03,02,2,小倉,7,06,未勝利,7,芝,0,2000,稍,カシノカンピオーネ,牡,3,鷲頭虎太,54.0,15,01,12,12,0,1.6,10,124.8,"2048",0,13,14,14,13,36.9,486,天間昭一,美,0,21100516,01202,01090,1024270601,柏木務,山際セントラルスタッド,コパノリッキー,バンドゥーラ,スクリーンヒーロー,栗毛,210317,   93.6,  ,    ,52.1
24,02,18,2,小倉,4,01,未勝利,7,ダ,1,1700,良,カシノカンピオーネ,牡,3,菊沢一樹,57.0,16,02,9,9,0,2.6,13,109,"1490",0,14,14,16,15,39.1,492,天間昭一,美,0,21100516,01161,01090,1024240102,柏木務,山際セントラルスタッド,コパノリッキー,バンドゥーラ,スクリーンヒーロー,栗毛,210317,  125.4,  ,    ,47.5
24,01,21,1,小倉,4,01,未勝利,7,ダ,1,1700,重,カシノカンピオーネ,牡,3,菊沢一樹,57.0,16,02,9,9,0,1.9,10,107.3,"1473",0,14,14,7,7,37.5,488,天間昭一,美,0,21100516,01161,01090,1024140102,柏木務,山際セントラルスタッド,コパノリッキー,バンドゥーラ,スクリーンヒーロー,栗毛,210317,  137.4,  ,    ,51.5
24,01,07,1,中山,2,03,未勝利,7,ダ,1,1800,良,カシノカンピオーネ,牡,3,岩部純二,57.0,16,12,5,5,0,1.1,8,118.8,"1588",0,11,11,9,9,40.8,488,天間昭一,美,55,21100516,00726,01090,0624120312,柏木務,山際セントラルスタッド,コパノリッキー,バンドゥーラ,スクリーンヒーロー,栗毛,210317,   66.6,  ,    ,45.6
23,12,09,5,中山,3,02,未勝利*,7,ダ,1,1800,良,カシノカンピオーネ,牡,2,岩部純二,56.0,12,05,6,6,0,2.2,12,117.7,"1577",0,11,11,12,10,39,478,天間昭一,美,0,21100516,00726,01090,0623530205,柏木務,山際セントラルスタッド,コパノリッキー,バンドゥーラ,スクリーンヒーロー,栗毛,210317,  425.9,  ,    ,50.9
23,09,16,4,中山,3,04,新馬,15,ダ,1,1800,良,カシノカンピオーネ,牡,2,岩部純二,55.0,15,02,11,11,0,3.8,15,119.7,"1597",0,14,14,13,13,40.9,480,天間昭一,美,0,21100516,00726,01090,0623430402,柏木務,山際セントラルスタッド,コパノリッキー,バンドゥーラ,スクリーンヒーロー,栗毛,210317,  206.5,  ,    ,46.3
24,04,07,3,中山,6,02,未勝利,7,ダ,1,1800,重,インターシア      ,牡,3,木幡巧也,57.0,14,03,7,7,0,1.1,7,115.2,"1552",0,6,5,4,3,39.5,412,牧光二,美,0,21100644,01162,01106,0624360203,水上行雄,笠松牧場,ワールドエース,シャルマンスタイル,タイキシャトル,栗毛,210408,   14.1,  ,    ,45.8
24,03,24,3,中山,2,03,未勝利,7,ダ,1,1800,良,インターシア      ,牡,3,木幡巧也,57.0,16,01,5,5,0,1.9,12,116.4,"1564",0,7,7,5,4,40.6,416,牧光二,美,55,21100644,01162,01106,0624320301,水上行雄,笠松牧場,ワールドエース,シャルマンスタイル,タイキシャトル,栗毛,210408,  122.8,  ,    ,43.3
24,05,26,2,東京,12,03,未勝利,7,ダ,1,1600,良,セイウンウィズミー,牝,3,原優介,54.0,16,06,11,11,0,4.8,7,101.7,"1417",0,0,0,4,8,41.5,478,堀内岳志,美,0,21102941,01184,01189,05242C0306,西山茂行,大道牧場,ネロ,トーセンミューズ,トーセンロレンス,栗毛,210331,   38.4,  ,    ,37.0
24,04,28,2,東京,4,01,未勝利・牝,7,ダ,1,1600,良,セイウンウィズミー,牝,3,原優介,54.0,16,10,3,3,0,1.1,7,100.1,"1401",0,0,0,7,7,37.9,472,堀内岳志,美,140,21102941,01184,01189,0524240110,西山茂行,大道牧場,ネロ,トーセンミューズ,トーセンロレンス,栗毛,210331,   13.8,  ,    ,48.5
24,04,06,3,中山,5,01,未勝利・牝,7,ダ,1,1800,稍,セイウンウィズミー,牝,3,勝浦正樹,55.0,14,02,4,4,0,0.6,8,116.3,"1563",0,9,9,5,4,39.9,468,堀内岳志,美,83,21102941,01025,01189,0624350102,西山茂行,大道牧場,ネロ,トーセンミューズ,トーセンロレンス,栗毛,210331,   54.4,  ,    ,45.7
24,01,27,1,東京,1,03,未勝利・牝,7,ダ,1,1600,良,セイウンウィズミー,牝,3,大野拓弥,55.0,14,08,7,7,0,1.3,11,101.3,"1413",0,0,0,13,12,38.7,472,堀内岳志,美,0,21102941,01096,01189,0524110308,西山茂行,大道牧場,ネロ,トーセンミューズ,トーセンロレンス,栗毛,210331,  265.5,  ,    ,47.1
24,01,08,1,中山,3,02,未勝利,7,ダ,1,1800,良,セイウンウィズミー,牝,3,佐々木大,54.0,16,09,6,6,0,2.5,14,119.4,"1594",0,15,15,10,8,41.9,476,堀内岳志,美,0,21102941,01197,01189,0624130209,西山茂行,大道牧場,ネロ,トーセンミューズ,トーセンロレンス,栗毛,210331,  332.6,  ,    ,42.5
23,12,17,5,中山,6,06,新馬・牝,15,ダ,1,1800,良,セイウンウィズミー,牝,2,永野猛蔵,54.0,16,03,12,12,0,4.8,15,121.5,"2015",0,12,12,12,11,42.8,472,堀内岳志,美,0,21102941,01188,01189,0623560603,西山茂行,大道牧場,ネロ,トーセンミューズ,トーセンロレンス,栗毛,210331,  161.0,  ,    ,41.9
24,01,21,1,中山,7,05,未勝利,7,芝,8,2200,不,ナイトアウェイ    ,牡,3,横山武史,57.0,17,03,13,13,0,2.8,7,141.8,"2218",0,14,14,15,15,39.5,456,手塚貴久,美,0,21104957,01170,01038,0624170503,社台レースホース,社台ファーム,ハーツクライ,イブニングジュエル,"Northern Afleet",鹿毛,210302,   19.4,  ,    ,47.1
23,11,26,5,東京,8,06,新馬,15,芝,0,1800,良,ナイトアウェイ    ,牡,2,川田将雅,56.0,16,13,3,3,0,0.6,7,111.6,"1516",0,0,5,9,9,33.8,462,手塚貴久,美,180,21104957,01088,01038,0523580613,社台レースホース,社台ファーム,ハーツクライ,イブニングジュエル,"Northern Afleet",鹿毛,210302,   24.7,  ,    ,65.1
24,05,25,3,京都,11,02,未勝利,7,ダ,1,1800,良,ドゥータップ      ,牡,3,松山弘平,57.0,16,03,3,3,0,1.1,1,114.3,"1543",0,1,1,1,1,39.3,496,藤原英昭,栗,140,21110156,01126,01055,08243B0203,グリーンフィールズ,"RanJan Racing Inc.","Twirling Candy",Taparelli,Tapit,鹿毛,210428,    2.4,  ,    ,45.4
23,12,17,4,中京,6,01,未勝利*,7,ダ,1,1800,稍,ドゥータップ      ,牡,2,ドイル,56.0,16,08,3,3,0,0.9,1,115.5,"1555",0,3,3,3,3,39.2,498,藤原英昭,栗,140,21110156,05625,01055,0723460108,グリーンフィールズ,"RanJan Racing Inc.","Twirling Candy",Taparelli,Tapit,鹿毛,210428,    1.7,  ,    ,47.3
23,11,26,5,東京,8,05,新馬,15,ダ,1,1600,良,ドゥータップ      ,牡,2,ビュイッ,56.0,16,02,2,2,0,0.3,2,99.1,"1391",0,0,0,3,3,37.8,500,藤原英昭,栗,290,21110156,05495,01055,0523580502,グリーンフィールズ,"RanJan Racing Inc.","Twirling Candy",Taparelli,Tapit,鹿毛,210428,    5.3,  ,    ,47.3
24,05,11,1,新潟,5,09,はやぶさ･1勝,23,芝,0,1000,良,ネイルンノ        ,牡,3,杉原誠人,57.0,12,09,7,7,0,0.9,2,56.5,"0565",0,0,0,0,6,33.9,456,尾関知人,美,0,21103338,01135,01103,0424150909,ミルファーム,ミルファーム,ファインニードル,ブロワ,メイショウボーラー,黒鹿,210520,    3.4,  ,    ,50.0
24,04,27,1,新潟,1,06,未勝利,7,芝,0,1000,良,ネイルンノ        ,牡,3,杉原誠人,57.0,16,02,1,1,0,0,5,56.2,"0562",0,0,0,0,3,33.7,456,尾関知人,美,550,21103338,01135,01103,0424110602,ミルファーム,ミルファーム,ファインニードル,ブロワ,メイショウボーラー,黒鹿,210520,   13.4,  ,    ,50.1
24,04,06,1,福島,1,02,未勝利,7,芝,0,1200,良,ネイルンノ        ,牡,3,杉原誠人,57.0,16,13,4,4,0,0.6,6,69.7,"1097",0,0,0,2,2,35.2,454,尾関知人,美,83,21103338,01135,01103,0324110213,ミルファーム,ミルファーム,ファインニードル,ブロワ,メイショウボーラー,黒鹿,210520,   18.6,  ,    ,48.0
24,03,17,2,中山,8,02,未勝利,7,ダ,1,1200,良,ネイルンノ        ,牡,3,杉原誠人,57.0,16,09,4,4,0,1.1,10,74,"1140",0,0,0,2,2,38.4,454,尾関知人,美,83,21103338,01135,01103,0624280209,ミルファーム,ミルファーム,ファインニードル,ブロワ,メイショウボーラー,黒鹿,210520,  105.0,  ,    ,42.7
24,01,21,1,中山,7,01,未勝利,7,ダ,1,1200,不,ネイルンノ        ,牡,3,杉原誠人,57.0,16,06,5,5,0,2.7,6,73,"1130",0,0,0,4,5,38.6,462,尾関知人,美,55,21103338,01135,01103,0624170106,ミルファーム,ミルファーム,ファインニードル,ブロワ,メイショウボーラー,黒鹿,210520,   31.1,  ,    ,39.1
24,01,13,1,中山,4,03,未勝利,7,ダ,1,1200,良,ネイルンノ        ,牡,3,杉原誠人,57.0,16,16,5,5,0,1.4,9,73.4,"1134",0,0,0,2,3,38.5,450,尾関知人,美,55,21103338,01135,01103,0624140316,ミルファーム,ミルファーム,ファインニードル,ブロワ,メイショウボーラー,黒鹿,210520,  119.3,  ,    ,40.6
23,10,28,4,東京,8,02,未勝利*,7,ダ,1,1300,良,ネイルンノ        ,牡,2,内田博幸,56.0,16,14,9,9,0,2.7,9,82,"1220",0,0,0,3,2,39.3,440,尾関知人,美,0,21103338,00422,01103,0523480214,ミルファーム,ミルファーム,ファインニードル,ブロワ,メイショウボーラー,黒鹿,210520,   42.7,  ,    ,43.1
23,10,15,4,新潟,2,02,未勝利*,7,ダ,1,1200,良,ネイルンノ        ,牡,2,黛弘人,56.0,11,10,8,8,0,1.3,8,73.6,"1136",0,0,0,3,3,38.7,442,尾関知人,美,0,21103338,01109,01103,0423420210,ミルファーム,ミルファーム,ファインニードル,ブロワ,メイショウボーラー,黒鹿,210520,   45.1,  ,    ,40.2
23,09,24,4,中山,7,02,未勝利*,7,芝,8,1200,稍,ネイルンノ        ,牡,2,黛弘人,55.0,10,09,7,7,0,0.7,6,70.5,"1105",0,0,0,7,7,35.7,436,尾関知人,美,0,21103338,01109,01103,0623470209,ミルファーム,ミルファーム,ファインニードル,ブロワ,メイショウボーラー,黒鹿,210520,   61.4,  ,    ,47.5
23,08,06,2,新潟,4,01,未勝利*,7,芝,0,1200,良,ネイルンノ        ,牡,2,永野猛蔵,54.0,11,04,9,9,0,0.9,8,70.7,"1107",0,0,0,6,6,36.3,438,尾関知人,美,0,21103338,01188,01103,0423240104,ミルファーム,ミルファーム,ファインニードル,ブロワ,メイショウボーラー,黒鹿,210520,  188.8,  ,    ,44.8
23,07,16,2,福島,6,06,新馬,15,芝,0,1200,良,ネイルンノ        ,牡,2,吉村智洋,55.0,10,04,10,10,0,3.5,5,75.1,"1151",0,0,0,9,9,37.4,434,尾関知人,美,0,21103338,05390,01103,0323260604,ミルファーム,ミルファーム,ファインニードル,ブロワ,メイショウボーラー,黒鹿,210520,   13.1,  ,    ,50.8
24,03,03,2,小倉,8,03,１勝ｸﾗｽ,23,ダ,1,1000,稍,ハローメリールー  ,牝,5,丹内祐次,56.0,14,04,14,14,0,2.7,12,61.1,"1011",0,0,0,8,7,38.1,472,伊藤伸一,美,0,19101273,01091,01031,1024280304,藤田在子,天羽禮治,コパノリッキー,ビーラヴリー,Johannesburg,栗毛,190202,  101.8,  ,    ,40.6
23,10,29,4,新潟,6,08,１勝ｸﾗｽ,23,ダ,1,1200,不,ハローメリールー  ,牝,4,松岡正海,56.0,11,10,9,9,0,2.6,10,73.2,"1132",0,0,0,3,4,38.3,462,伊藤伸一,美,0,19101273,01085,01031,0423460810,藤田在子,天羽禮治,コパノリッキー,ビーラヴリー,Johannesburg,栗毛,190202,   21.0,  ,    ,41.1
23,10,15,4,東京,5,06,１勝ｸﾗｽ,23,ダ,1,1300,不,ハローメリールー  ,牝,4,松岡正海,56.0,16,11,14,14,0,1.4,8,79.3,"1193",0,0,0,2,2,37.7,460,伊藤伸一,美,0,19101273,01085,01031,0523450611,藤田在子,天羽禮治,コパノリッキー,ビーラヴリー,Johannesburg,栗毛,190202,   21.9,  ,    ,44.6
23,10,01,4,中山,9,06,１勝ｸﾗｽ,23,ダ,1,1200,良,ハローメリールー  ,牝,4,松岡正海,56.0,16,13,7,7,0,0.8,9,71.9,"1119",0,0,0,3,3,38.1,464,伊藤伸一,美,0,19101273,01085,01031,0623490613,藤田在子,天羽禮治,コパノリッキー,ビーラヴリー,Johannesburg,栗毛,190202,   33.6,  ,    ,38.7
23,05,17,5,不明,1,12,Ｃ１　,3,ダ,1,820,良,ハローメリールー  ,牝,4,下原理,55.0,12,02,1,1,0,-0.3,1,50.3,"0503",0,0,0,1,1,0,476,橋本忠明,地,110,19101273,05328,05734,5023511202,藤田在子,天羽禮治,コパノリッキー,ビーラヴリー,Johannesburg,栗毛,190202,    0.0,  ,    , 0.0
23,04,18,2,不明,3,12,Ｃ１　,3,ダ,1,820,稍,ハローメリールー  ,牝,4,下原理,54.0,10,05,1,1,0,0,1,50.6,"0506",0,0,0,3,3,0,474,橋本忠明,地,110,19101273,05328,05734,5023231205,藤田在子,天羽禮治,コパノリッキー,ビーラヴリー,Johannesburg,栗毛,190202,    0.0,  ,    , 0.0
23,03,31,24,不明,4,09,Ｃ２　,3,ダ,1,820,良,ハローメリールー  ,牝,4,長谷部駿,54.0,10,01,1,1,0,-0.4,2,50.5,"0505",0,0,0,1,1,0,478,橋本忠明,地,70,19101273,05580,05734,5023O40901,藤田在子,天羽禮治,コパノリッキー,ビーラヴリー,Johannesburg,栗毛,190202,    0.0,  ,    , 0.0
22,11,22,19,不明,1,12,Ｃ１Ｃ,3,ダ,1,820,重,ハローメリールー  ,牝,3,田中学,55.0,12,08,5,5,0,0.4,3,51,"0510",0,0,0,5,5,0,469,橋本忠明,地,11,19101273,05217,05734,5022J11208,藤田在子,天羽禮治,コパノリッキー,ビーラヴリー,Johannesburg,栗毛,190202,    0.0,  ,    , 0.0
22,11,08,18,不明,1,12,Ｃ１　,3,ダ,1,820,良,ハローメリールー  ,牝,3,田中学,54.0,12,05,3,3,0,0,4,50.3,"0503",0,0,0,3,3,0,469,橋本忠明,地,27,19101273,05217,05734,5022I11205,藤田在子,天羽禮治,コパノリッキー,ビーラヴリー,Johannesburg,栗毛,190202,    0.0,  ,    , 0.0
22,10,25,16,不明,4,12,サンゴ,3,ダ,1,820,良,ハローメリールー  ,牝,3,田中学,55.0,12,12,3,3,0,0.2,2,50.8,"0508",0,0,0,2,2,0,470,橋本忠明,地,27,19101273,05217,05734,5022G41212,藤田在子,天羽禮治,コパノリッキー,ビーラヴリー,Johannesburg,栗毛,190202,    0.0,  ,    , 0.0
22,10,12,15,不明,4,12,Ｃ１Ｃ,3,ダ,1,820,稍,ハローメリールー  ,牝,3,田中学,55.0,12,02,3,3,0,0.7,1,51.1,"0511",0,0,0,4,4,0,473,橋本忠明,地,27,19101273,05217,05734,5022F41202,藤田在子,天羽禮治,コパノリッキー,ビーラヴリー,Johannesburg,栗毛,190202,    0.0,  ,    , 0.0
22,08,23,10,不明,1,10,地方自,3,ダ,1,1200,稍,ハローメリールー  ,牝,3,落合玄太,53.0,8,05,8,8,0,3,3,76.7,"1167",0,0,0,2,2,0,482,田中淳司,地,0,19101273,05578,05630,3022A11005,藤田在子,天羽禮治,コパノリッキー,ビーラヴリー,Johannesburg,栗毛,190202,    0.0,  ,    , 0.0
22,07,26,8,不明,1,08,日高町,3,ダ,1,1000,良,ハローメリールー  ,牝,3,落合玄太,54.0,7,03,4,4,0,0.6,1,61.9,"1019",0,0,0,1,1,0,476,田中淳司,地,6,19101273,05578,05630,3022810803,藤田在子,天羽禮治,コパノリッキー,ビーラヴリー,Johannesburg,栗毛,190202,    0.0,  ,    , 0.0
22,07,12,7,不明,1,09,ナデシ,3,ダ,1,1000,良,ハローメリールー  ,牝,3,落合玄太,54.0,8,04,2,2,0,0.5,1,62.4,"1024",0,0,0,1,1,0,482,田中淳司,地,12,19101273,05578,05630,3022710904,藤田在子,天羽禮治,コパノリッキー,ビーラヴリー,Johannesburg,栗毛,190202,    0.0,  ,    , 0.0
22,05,08,1,新潟,2,01,未勝利,7,ダ,1,1200,良,ハローメリールー  ,牝,3,嶋田純次,54.0,15,07,5,5,0,1,1,73.4,"1134",0,0,0,3,3,38.1,452,手塚貴久,美,52,19101273,01134,01038,0422120107,藤田在子,天羽禮治,コパノリッキー,ビーラヴリー,Johannesburg,栗毛,190202,    2.6,  ,    ,42.7
22,04,09,3,中山,5,01,未勝利・牝,7,ダ,1,1200,良,ハローメリールー  ,牝,3,嶋田純次,54.0,16,04,2,2,0,0,2,72.7,"1127",0,0,0,1,1,37.5,472,手塚貴久,美,210,19101273,01134,01038,0622350104,藤田在子,天羽禮治,コパノリッキー,ビーラヴリー,Johannesburg,栗毛,190202,    4.6,  ,    ,43.9
21,09,18,4,中山,3,01,未勝利・牝*,7,ダ,1,1200,不,ハローメリールー  ,牝,2,石川裕紀,54.0,16,14,2,2,0,0.3,1,72.2,"1122",0,0,0,2,2,37.8,450,手塚貴久,美,200,19101273,01150,01038,0621430114,藤田在子,天羽禮治,コパノリッキー,ビーラヴリー,Johannesburg,栗毛,190202,    1.7,  ,    ,41.0
21,08,29,4,新潟,6,06,新馬,15,ダ,1,1200,良,ハローメリールー  ,牝,2,石川裕紀,54.0,15,05,2,2,0,1.4,1,72.5,"1125",0,0,0,2,2,38,450,手塚貴久,美,280,19101273,01150,01038,0421460605,藤田在子,天羽禮治,コパノリッキー,ビーラヴリー,Johannesburg,栗毛,190202,    2.7,  ,    ,40.8
24,03,10,2,中山,6,12,１勝ｸﾗｽ,23,ダ,1,1200,稍,アイノセンシ      ,牡,4,木幡巧也,58.0,16,02,15,15,0,2.8,5,74.5,"1145",0,0,0,4,5,40.4,514,牧光二,美,0,20100632,01162,01106,0624261202,日下部勝徳,笠松牧場,ドゥラメンテ,スターズアラインド,"Sea The Stars",鹿毛,200125,   10.7,  ,    ,34.4
23,12,09,5,中山,3,08,１勝ｸﾗｽ,23,ダ,1,1800,良,アイノセンシ      ,牡,3,木幡巧也,57.0,16,11,16,16,0,7.7,9,122,"2020",0,2,2,3,11,47,514,牧光二,美,0,20100632,01162,01106,0623530811,日下部勝徳,笠松牧場,ドゥラメンテ,スターズアラインド,"Sea The Stars",鹿毛,200125,   18.7,  ,    ,29.8
23,10,14,4,新潟,1,12,１勝ｸﾗｽ,23,ダ,1,1200,良,アイノセンシ      ,牡,3,石橋脩,57.0,15,06,15,15,0,8.1,9,78.3,"1183",0,0,0,3,3,43.8,514,牧光二,美,0,20100632,01077,01106,0423411206,日下部勝徳,笠松牧場,ドゥラメンテ,スターズアラインド,"Sea The Stars",鹿毛,200125,   29.0,  ,    ,28.8
23,03,26,3,中山,2,03,未勝利,7,ダ,1,1200,不,アイノセンシ      ,牡,3,石橋脩,56.0,16,14,1,1,0,-0.3,3,72.1,"1121",0,0,0,1,1,37.7,516,牧光二,美,550,20100632,01077,01106,0623320314,日下部勝徳,笠松牧場,ドゥラメンテ,スターズアラインド,"Sea The Stars",鹿毛,200125,    5.1,  ,    ,41.2
23,02,11,1,東京,5,05,未勝利,7,芝,0,1400,稍,アイノセンシ      ,牡,3,石橋脩,56.0,16,11,7,7,0,1.2,10,83.7,"1237",0,0,0,3,4,34.9,514,牧光二,美,0,20100632,01077,01106,0523150511,日下部勝徳,笠松牧場,ドゥラメンテ,スターズアラインド,"Sea The Stars",鹿毛,200125,   46.5,  ,    ,54.9
22,10,10,4,東京,3,06,新馬,15,ダ,1,1400,重,アイノセンシ      ,牡,2,石橋脩,55.0,16,02,13,13,0,3.1,4,88.1,"1281",0,0,0,2,3,40.2,512,牧光二,美,0,20100632,01077,01106,0522430602,日下部勝徳,笠松牧場,ドゥラメンテ,スターズアラインド,"Sea The Stars",鹿毛,200125,    6.8,  ,    ,39.4
24,06,09,4,京都,4,12,１勝ｸﾗｽ,23,芝,0,1200,稍,ドナヴィーナス    ,牝,3,永島まな,51.0,13,10,11,11,0,1.7,5,70.4,"1104",0,0,0,2,2,36.5,446,庄野靖志,栗,0,21100782,01187,01087,0824441210,山田貢一,鮫川啓一,スワーヴリチャード,スパイチャクラ,Shamardal,鹿毛,210322,   11.4,  ,    ,42.9
24,05,11,1,新潟,5,09,はやぶさ･1勝,23,芝,0,1000,良,ドナヴィーナス    ,牝,3,永島まな,55.0,12,08,3,3,0,0.3,4,55.9,"0559",0,0,0,0,1,33.8,450,庄野靖志,栗,270,21100782,01187,01087,0424150908,山田貢一,鮫川啓一,スワーヴリチャード,スパイチャクラ,Shamardal,鹿毛,210322,    8.8,  ,    ,48.1
23,12,02,5,阪神,1,09,さざんか･1勝,23,芝,0,1200,良,ドナヴィーナス    ,牝,2,西村淳也,55.0,10,04,7,7,0,0.9,7,69.4,"1094",0,0,0,5,5,35.5,458,庄野靖志,栗,0,21100782,01171,01087,0923510904,山田貢一,鮫川啓一,スワーヴリチャード,スパイチャクラ,Shamardal,鹿毛,210322,   16.7,  ,    ,45.5
23,11,12,3,福島,4,09,福島２歳,131,芝,0,1200,良,ドナヴィーナス    ,牝,2,川島信二,55.0,15,10,10,10,0,1,6,71.4,"1114",0,0,0,7,8,37.1,464,庄野靖志,栗,0,21100782,01062,01087,0323340910,山田貢一,鮫川啓一,スワーヴリチャード,スパイチャクラ,Shamardal,鹿毛,210322,   10.3,  ,    ,42.5
23,09,03,3,小倉,8,11,小倉２歳G3,163,芝,0,1200,良,ドナヴィーナス    ,牝,2,川島信二,55.0,10,04,8,8,0,0.5,6,69.1,"1091",0,0,0,1,1,35.8,448,庄野靖志,栗,0,21100782,01062,01087,1023381104,山田貢一,鮫川啓一,スワーヴリチャード,スパイチャクラ,Shamardal,鹿毛,210322,   16.4,  ,    ,43.0
23,08,12,3,小倉,1,02,未勝利*,7,芝,0,1200,良,ドナヴィーナス    ,牝,2,川島信二,55.0,8,07,1,1,0,-0.3,1,68.3,"1083",0,0,0,1,1,35.2,444,庄野靖志,栗,550,21100782,01062,01087,1023310207,山田貢一,鮫川啓一,スワーヴリチャード,スパイチャクラ,Shamardal,鹿毛,210322,    1.7,  ,    ,44.0
23,06,11,3,阪神,4,05,新馬,15,芝,0,1200,稍,ドナヴィーナス    ,牝,2,川島信二,55.0,8,05,2,2,0,0.5,5,70.9,"1109",0,0,0,1,1,35.8,432,庄野靖志,栗,290,21100782,01062,01087,0923340505,山田貢一,鮫川啓一,スワーヴリチャード,スパイチャクラ,Shamardal,鹿毛,210322,   22.1,  ,    ,48.0
24,05,12,1,新潟,6,07,未勝利,7,芝,0,1000,良,ファンユー        ,牝,3,河原田菜,51.0,16,11,1,1,0,-0.1,4,55.8,"0558",0,0,0,0,1,33.6,480,加藤和宏,美,550,21103894,01204,01077,0424160711,小原準一郎,静内フアーム,アジアエクスプレス,サブリナ,ダノンシャンティ,栗毛,210530,    7.3,  ,    ,49.1
24,04,14,1,福島,4,01,未勝利・牝,7,ダ,1,1150,良,ファンユー        ,牝,3,佐々木大,54.0,16,03,5,5,0,1,2,70.4,"1104",0,0,0,4,3,38.5,480,加藤和宏,美,55,21103894,01197,01077,0324140103,小原準一郎,静内フアーム,アジアエクスプレス,サブリナ,ダノンシャンティ,栗毛,210530,    4.8,  ,    ,40.4
24,03,16,2,中山,7,01,未勝利・牝,7,ダ,1,1200,稍,ファンユー        ,牝,3,戸崎圭太,55.0,16,02,4,4,0,1.7,8,73.3,"1133",0,0,0,2,2,39.6,484,加藤和宏,美,83,21103894,05386,01077,0624270102,小原準一郎,静内フアーム,アジアエクスプレス,サブリナ,ダノンシャンティ,栗毛,210530,   27.1,  ,    ,35.1
23,12,23,5,中山,7,01,未勝利*,7,ダ,1,1200,良,ファンユー        ,牝,2,佐々木大,54.0,16,03,2,2,0,0.5,9,73.1,"1131",0,0,0,1,1,38.2,488,加藤和宏,美,220,21103894,01197,01077,0623570103,小原準一郎,静内フアーム,アジアエクスプレス,サブリナ,ダノンシャンティ,栗毛,210530,   42.3,  ,    ,41.4
23,12,03,5,中山,2,04,新馬,15,ダ,1,1200,良,ファンユー        ,牝,2,佐々木大,54.0,16,01,5,5,0,1.4,7,74.4,"1144",0,0,0,3,3,39.5,490,加藤和宏,美,72,21103894,01197,01077,0623520401,小原準一郎,静内フアーム,アジアエクスプレス,サブリナ,ダノンシャンティ,栗毛,210530,   26.4,  ,    ,38.4
24,07,06,2,福島,3,12,１勝ｸﾗｽ,23,ダ,1,1150,良,ハヌル            ,牝,3,杉原誠人,53.0,16,11,15,15,0,2.5,11,71,"1110",0,0,0,7,9,38.7,472,岩戸孝樹,美,0,21103343,01135,01051,0324231211,ミルファーム,ミルファーム,トゥザグローリー,ムサ,フレンチデピュティ,鹿毛,210208,   65.9,  ,    ,41.1
24,03,17,2,中山,8,04,１勝ｸﾗｽ*,23,ダ,1,1200,良,ハヌル            ,牝,3,杉原誠人,55.0,16,11,9,9,0,0.9,16,73.8,"1138",0,0,0,3,3,38.7,480,岩戸孝樹,美,0,21103343,01135,01051,0624280411,ミルファーム,ミルファーム,トゥザグローリー,ムサ,フレンチデピュティ,鹿毛,210208,  362.9,  ,    ,40.7
24,03,03,2,中山,4,04,１勝ｸﾗｽ*,23,ダ,1,1200,稍,ハヌル            ,牝,3,杉原誠人,55.0,16,05,14,14,0,1.8,14,73.3,"1133",0,0,0,11,10,38.5,480,岩戸孝樹,美,0,21103343,01135,01051,0624240405,ミルファーム,ミルファーム,トゥザグローリー,ムサ,フレンチデピュティ,鹿毛,210208,  279.0,  ,    ,40.4
24,01,20,1,中山,6,07,１勝ｸﾗｽ*,23,ダ,1,1200,良,ハヌル            ,牝,3,杉原誠人,55.0,10,05,8,8,0,1.2,9,72.1,"1121",0,0,0,2,2,38.6,480,岩戸孝樹,美,0,21103343,01135,01051,0624160705,ミルファーム,ミルファーム,トゥザグローリー,ムサ,フレンチデピュティ,鹿毛,210208,  142.2,  ,    ,36.8
23,12,23,5,中山,7,07,１勝ｸﾗｽ*,23,ダ,1,1200,良,ハヌル            ,牝,2,杉原誠人,55.0,15,03,8,8,0,1.1,14,72.7,"1127",0,0,0,2,2,38.7,478,岩戸孝樹,美,0,21103343,01135,01051,0623570703,ミルファーム,ミルファーム,トゥザグローリー,ムサ,フレンチデピュティ,鹿毛,210208,   78.9,  ,    ,37.9
23,12,09,5,中山,3,01,未勝利・牝*,7,ダ,1,1200,良,ハヌル            ,牝,2,杉原誠人,55.0,16,09,1,1,0,-0.1,3,72.3,"1123",0,0,0,2,2,37.8,474,岩戸孝樹,美,550,21103343,01135,01051,0623530109,ミルファーム,ミルファーム,トゥザグローリー,ムサ,フレンチデピュティ,鹿毛,210208,    5.2,  ,    ,41.3
23,10,29,4,新潟,6,02,未勝利*,7,ダ,1,1200,不,ハヌル            ,牝,2,杉原誠人,55.0,15,03,3,3,0,0.7,7,71.9,"1119",0,0,0,1,1,37.9,470,岩戸孝樹,美,140,21103343,01135,01051,0423460203,ミルファーム,ミルファーム,トゥザグローリー,ムサ,フレンチデピュティ,鹿毛,210208,   37.1,  ,    ,39.7
23,10,01,4,中山,9,01,未勝利*,7,ダ,1,1200,良,ハヌル            ,牝,2,杉原誠人,55.0,14,01,7,7,0,2.2,3,74,"1140",0,0,0,10,10,38.7,472,岩戸孝樹,美,0,21103343,01135,01051,0623490101,ミルファーム,ミルファーム,トゥザグローリー,ムサ,フレンチデピュティ,鹿毛,210208,    5.6,  ,    ,41.2
23,09,16,4,中山,3,01,未勝利・牝*,7,ダ,1,1200,良,ハヌル            ,牝,2,杉原誠人,55.0,13,03,3,3,0,0.2,7,72.8,"1128",0,0,0,1,1,37.9,478,岩戸孝樹,美,140,21103343,01135,01051,0623430103,ミルファーム,ミルファーム,トゥザグローリー,ムサ,フレンチデピュティ,鹿毛,210208,   19.7,  ,    ,42.1
23,08,12,3,新潟,1,01,未勝利*,7,ダ,1,1200,良,ハヌル            ,牝,2,菊沢一樹,55.0,15,04,7,7,0,1.4,4,73.5,"1135",0,0,0,3,3,38,482,岩戸孝樹,美,0,21103343,01161,01051,0423310104,ミルファーム,ミルファーム,トゥザグローリー,ムサ,フレンチデピュティ,鹿毛,210208,   12.5,  ,    ,43.4
23,07,22,2,福島,7,01,未勝利*,7,芝,0,1200,良,ハヌル            ,牝,2,菊沢一樹,55.0,15,04,8,8,0,1.3,13,71.5,"1115",0,0,0,1,2,36.9,478,岩戸孝樹,美,0,21103343,01161,01051,0323270104,ミルファーム,ミルファーム,トゥザグローリー,ムサ,フレンチデピュティ,鹿毛,210208,  214.5,  ,    ,43.8
23,07,09,2,福島,4,06,新馬,15,芝,0,1200,良,ハヌル            ,牝,2,菊沢一樹,55.0,10,07,7,7,0,1,6,72.4,"1124",0,0,0,3,4,36.5,480,岩戸孝樹,美,0,21103343,01161,01051,0323240607,ミルファーム,ミルファーム,トゥザグローリー,ムサ,フレンチデピュティ,鹿毛,210208,   28.1,  ,    ,48.4
24,07,13,2,福島,5,12,１勝ｸﾗｽ・牝,23,芝,0,1200,良,タイガーリリー    ,牝,6,岩部純二,56.0,16,05,10,10,0,1.5,10,70.2,"1102",0,0,0,13,12,34.5,470,石毛善彦,美,0,18100593,00726,00428,0324251205,ミルファーム,高柳隆男,キズナ,ケイエスホノカ,アフリート,鹿毛,180507,   58.0,  ,    ,53.5
24,05,18,1,新潟,7,09,飛竜特別･1勝,23,芝,0,1000,良,タイガーリリー    ,牝,6,岩部純二,56.0,16,13,8,8,0,0.6,4,57.1,"0571",0,0,0,0,11,33.9,470,石毛善彦,美,0,18100593,00726,00428,0424170913,ミルファーム,高柳隆男,キズナ,ケイエスホノカ,アフリート,鹿毛,180507,    8.9,  ,    ,52.7
24,05,12,1,新潟,6,12,１勝ｸﾗｽ,23,芝,0,1200,良,タイガーリリー    ,牝,6,岩部純二,56.0,13,02,5,5,0,0.3,9,70.7,"1107",0,0,0,9,6,35.1,472,石毛善彦,美,80,18100593,00726,00428,0424161202,ミルファーム,高柳隆男,キズナ,ケイエスホノカ,アフリート,鹿毛,180507,   26.5,  ,    ,51.4
24,04,14,1,福島,4,07,１勝ｸﾗｽ・牝,23,芝,0,1200,良,タイガーリリー    ,牝,6,岩部純二,56.0,16,04,7,7,0,0.7,9,69.2,"1092",0,0,0,7,7,35.2,474,石毛善彦,美,0,18100593,00726,00428,0324140704,ミルファーム,高柳隆男,キズナ,ケイエスホノカ,アフリート,鹿毛,180507,   27.3,  ,    ,46.6
24,03,24,1,中京,6,08,１勝ｸﾗｽ,23,芝,0,1200,重,タイガーリリー    ,牝,6,黛弘人,56.0,16,15,9,9,0,1.3,12,71.6,"1116",0,0,0,14,14,35,474,尾関知人,美,0,18100593,01109,01103,0724160815,ミルファーム,高柳隆男,キズナ,ケイエスホノカ,アフリート,鹿毛,180507,   56.6,  ,    ,54.6
24,03,02,2,小倉,7,12,１勝ｸﾗｽ,23,芝,0,1200,稍,タイガーリリー    ,牝,6,黛弘人,56.0,18,13,4,4,0,0.4,10,70.3,"1103",0,0,0,10,11,34.8,472,尾関知人,美,120,18100593,01109,01103,1024271213,ミルファーム,高柳隆男,キズナ,ケイエスホノカ,アフリート,鹿毛,180507,   36.1,  ,    ,52.0
24,01,13,1,中山,4,12,２勝ｸﾗｽ,43,芝,8,1200,良,タイガーリリー    ,牝,6,丸田恭介,56.0,15,06,8,8,0,0.8,13,69.2,"1092",0,0,0,9,9,34.9,478,尾関知人,美,0,18100593,01117,01103,0624141206,ミルファーム,高柳隆男,キズナ,ケイエスホノカ,アフリート,鹿毛,180507,  112.5,  ,    ,48.3
23,11,11,3,福島,3,12,１勝ｸﾗｽ・牝,23,芝,0,1200,良,タイガーリリー    ,牝,5,黛弘人,56.0,14,08,7,7,0,1,11,70.9,"1109",0,0,0,10,9,35.6,466,尾関知人,美,0,18100593,01109,01103,0323331208,ミルファーム,高柳隆男,キズナ,ケイエスホノカ,アフリート,鹿毛,180507,   53.6,  ,    ,49.2
23,11,05,3,福島,2,08,１勝ｸﾗｽ,23,芝,0,1200,良,タイガーリリー    ,牝,5,黛弘人,56.0,13,06,12,12,0,1,7,71.4,"1114",0,0,0,7,9,36.6,470,尾関知人,美,0,18100593,01109,01103,0323320806,ミルファーム,高柳隆男,キズナ,ケイエスホノカ,アフリート,鹿毛,180507,   19.7,  ,    ,45.1
23,08,13,3,新潟,2,12,１勝ｸﾗｽ,23,芝,0,1400,良,タイガーリリー    ,牝,5,内田博幸,56.0,18,12,6,6,0,0.8,7,82,"1220",0,0,0,8,8,35.5,462,尾関知人,美,0,18100593,00422,01103,0423321212,ミルファーム,高柳隆男,キズナ,ケイエスホノカ,アフリート,鹿毛,180507,   26.9,  ,    ,48.2
23,07,23,2,福島,8,12,１勝ｸﾗｽ,23,芝,0,1200,良,タイガーリリー    ,牝,5,杉原誠人,56.0,14,05,3,3,0,0.1,12,69.3,"1093",0,0,0,8,8,34.6,464,尾関知人,美,200,18100593,01135,01103,0323281205,ミルファーム,高柳隆男,キズナ,ケイエスホノカ,アフリート,鹿毛,180507,  144.4,  ,    ,50.3
23,07,15,2,福島,5,08,１勝ｸﾗｽ・牝,23,芝,0,1200,稍,タイガーリリー    ,牝,5,江田照男,56.0,15,07,11,11,0,1,11,72,"1120",0,0,0,10,10,35.8,462,尾関知人,美,0,18100593,00689,01103,0323250807,ミルファーム,高柳隆男,キズナ,ケイエスホノカ,アフリート,鹿毛,180507,   52.7,  ,    ,51.1
23,05,13,1,新潟,5,10,三国特別･1勝,23,芝,8,1600,良,タイガーリリー    ,牝,5,黛弘人,56.0,14,06,13,13,0,1,10,96.1,"1361",0,0,0,6,6,34.6,456,尾関知人,美,0,18100593,01109,01103,0423151006,ミルファーム,高柳隆男,キズナ,ケイエスホノカ,アフリート,鹿毛,180507,   49.1,  ,    ,56.6
23,04,16,1,福島,4,09,医王寺特･1勝,23,芝,0,1200,稍,タイガーリリー    ,牝,5,黛弘人,56.0,16,16,10,10,0,1.4,11,71.4,"1114",0,0,0,9,10,36.7,462,尾関知人,美,0,18100593,01109,01103,0323140916,ミルファーム,高柳隆男,キズナ,ケイエスホノカ,アフリート,鹿毛,180507,   26.2,  ,    ,44.6
23,04,08,1,福島,1,12,１勝ｸﾗｽ,23,芝,0,1200,良,タイガーリリー    ,牝,5,黛弘人,56.0,16,11,7,7,0,1.2,7,69.7,"1097",0,0,0,11,10,34.8,456,尾関知人,美,0,18100593,01109,01103,0323111211,ミルファーム,高柳隆男,キズナ,ケイエスホノカ,アフリート,鹿毛,180507,   19.3,  ,    ,50.3
22,12,10,6,中京,3,12,１勝ｸﾗｽ,23,芝,0,1200,良,タイガーリリー    ,牝,4,黛弘人,55.0,18,16,13,13,0,0.8,10,69.1,"1091",0,0,0,12,11,33.8,470,尾関知人,美,0,18100593,01109,01103,0722631216,ミルファーム,高柳隆男,キズナ,ケイエスホノカ,アフリート,鹿毛,180507,   36.7,  ,    ,54.4
22,11,20,3,福島,6,12,１勝ｸﾗｽ,23,芝,0,1200,良,タイガーリリー    ,牝,4,黛弘人,55.0,16,13,4,4,0,0.4,11,70,"1100",0,0,0,11,10,34.9,476,尾関知人,美,120,18100593,01109,01103,0322361213,ミルファーム,高柳隆男,キズナ,ケイエスホノカ,アフリート,鹿毛,180507,   46.0,  ,    ,50.6
22,11,12,3,福島,3,12,１勝ｸﾗｽ,23,芝,0,1200,良,タイガーリリー    ,牝,4,黛弘人,55.0,16,12,3,3,0,0.1,6,70.8,"1108",0,0,0,8,7,34.9,472,尾関知人,美,190,18100593,01109,01103,0322331212,ミルファーム,高柳隆男,キズナ,ケイエスホノカ,アフリート,鹿毛,180507,   11.4,  ,    ,52.9
22,10,10,4,東京,3,08,１勝ｸﾗｽ,23,芝,0,1400,稍,タイガーリリー    ,牝,4,黛弘人,55.0,18,08,13,13,0,0.9,12,81.8,"1218",0,0,0,2,2,35.5,478,尾関知人,美,0,18100593,01109,01103,0522430808,ミルファーム,高柳隆男,キズナ,ケイエスホノカ,アフリート,鹿毛,180507,   61.3,  ,    ,47.8
22,09,24,4,中山,6,04,１勝ｸﾗｽ,23,芝,8,1200,不,タイガーリリー    ,牝,4,黛弘人,55.0,16,15,15,15,0,2.3,7,70.6,"1106",0,0,0,12,11,34.6,482,尾関知人,美,0,18100593,01109,01103,0622460415,ミルファーム,高柳隆男,キズナ,ケイエスホノカ,アフリート,鹿毛,180507,   22.6,  ,    ,54.0
22,08,27,3,新潟,5,12,１勝ｸﾗｽ,23,芝,0,1200,良,タイガーリリー    ,牝,4,杉原誠人,55.0,18,01,7,7,0,0.7,4,69,"1090",0,0,0,10,9,34.5,472,尾関知人,美,0,18100593,01135,01103,0422351201,ミルファーム,高柳隆男,キズナ,ケイエスホノカ,アフリート,鹿毛,180507,   11.3,  ,    ,50.0
22,08,14,3,新潟,2,12,１勝ｸﾗｽ,23,芝,0,1400,稍,タイガーリリー    ,牝,4,杉原誠人,55.0,18,09,5,5,0,0.7,3,82,"1220",0,0,0,7,7,34.9,472,尾関知人,美,77,18100593,01135,01103,0422321209,ミルファーム,高柳隆男,キズナ,ケイエスホノカ,アフリート,鹿毛,180507,    4.7,  ,    ,51.2
22,06,12,3,東京,4,12,１勝ｸﾗｽ,23,芝,0,1400,重,タイガーリリー    ,牝,4,杉原誠人,55.0,17,02,7,7,0,0.4,7,82.4,"1224",0,0,0,7,8,33.8,472,尾関知人,美,0,18100593,01135,01103,0522341202,ミルファーム,高柳隆男,キズナ,ケイエスホノカ,アフリート,鹿毛,180507,   19.2,  ,    ,57.8
22,05,21,2,東京,9,07,１勝ｸﾗｽ,23,芝,0,1400,稍,タイガーリリー    ,牝,4,杉原誠人,55.0,16,06,4,4,0,0.2,4,82.3,"1223",0,0,0,7,8,33.9,470,尾関知人,美,120,18100593,01135,01103,0522290706,ミルファーム,高柳隆男,キズナ,ケイエスホノカ,アフリート,鹿毛,180507,    9.0,  ,    ,57.1
22,05,14,1,新潟,3,07,１勝ｸﾗｽ,23,芝,0,1200,稍,タイガーリリー    ,牝,4,黛弘人,55.0,16,05,8,8,0,0.6,1,70.7,"1107",0,0,0,5,6,36.5,460,尾関知人,美,0,18100593,01109,01103,0422130705,ミルファーム,高柳隆男,キズナ,ケイエスホノカ,アフリート,鹿毛,180507,    5.2,  ,    ,43.7
22,03,27,3,中山,2,12,２勝ｸﾗｽ,43,芝,8,1200,重,タイガーリリー    ,牝,4,杉原誠人,55.0,13,12,13,13,0,1.1,6,70.2,"1102",0,0,0,9,9,35.9,468,尾関知人,美,0,18100593,01135,01103,0622321212,ミルファーム,高柳隆男,キズナ,ケイエスホノカ,アフリート,鹿毛,180507,   12.0,  ,    ,45.5
22,03,12,2,中山,5,08,１勝ｸﾗｽ・牝,23,ダ,1,1200,良,タイガーリリー    ,牝,4,杉原誠人,55.0,16,08,9,9,0,0.8,1,73.4,"1134",0,0,0,4,5,38,476,尾関知人,美,0,18100593,01135,01103,0622250808,ミルファーム,高柳隆男,キズナ,ケイエスホノカ,アフリート,鹿毛,180507,    2.9,  ,    ,43.2
21,09,11,4,中山,1,10,汐留特別･2勝,43,芝,8,1200,良,タイガーリリー    ,牝,3,杉原誠人,53.0,10,08,2,2,0,0,6,67.9,"1079",0,0,0,4,3,33.3,464,尾関知人,美,600,18100593,01135,01103,0621411008,ミルファーム,高柳隆男,キズナ,ケイエスホノカ,アフリート,鹿毛,180507,   13.5,  ,    ,53.9
21,08,28,4,新潟,5,12,１勝ｸﾗｽ,23,芝,0,1400,良,タイガーリリー    ,牝,3,杉原誠人,52.0,18,15,3,3,0,0.1,6,81.7,"1217",0,0,0,5,5,35.2,460,尾関知人,美,190,18100593,01135,01103,0421451215,ミルファーム,高柳隆男,キズナ,ケイエスホノカ,アフリート,鹿毛,180507,   18.4,  ,    ,49.1
21,06,19,3,東京,5,12,１勝ｸﾗｽ,23,芝,0,1400,稍,タイガーリリー    ,牝,3,杉原誠人,52.0,16,04,7,7,0,0.6,7,82.1,"1221",0,0,0,14,12,34.5,460,尾関知人,美,0,18100593,01135,01103,0521351204,ミルファーム,高柳隆男,キズナ,ケイエスホノカ,アフリート,鹿毛,180507,   17.1,  ,    ,53.5
21,06,06,3,東京,2,08,１勝ｸﾗｽ,23,芝,0,1400,良,タイガーリリー    ,牝,3,大野拓弥,52.0,18,12,3,3,0,0.7,6,81.7,"1217",0,0,0,3,4,34.4,456,尾関知人,美,190,18100593,01096,01103,0521320812,ミルファーム,高柳隆男,キズナ,ケイエスホノカ,アフリート,鹿毛,180507,   10.6,  ,    ,53.1
21,04,17,3,中山,7,06,１勝ｸﾗｽ*,23,芝,8,1200,良,タイガーリリー    ,牝,3,大野拓弥,54.0,16,08,3,3,0,0.1,7,68.9,"1089",0,0,0,5,5,34.8,458,尾関知人,美,180,18100593,01096,01103,0621370608,ミルファーム,高柳隆男,キズナ,ケイエスホノカ,アフリート,鹿毛,180507,   22.9,  ,    ,48.0
21,03,27,3,中山,1,05,１勝ｸﾗｽ*,23,芝,8,1200,良,タイガーリリー    ,牝,3,大野拓弥,54.0,11,04,3,3,0,0.1,10,70.2,"1102",0,0,0,4,4,35.1,450,尾関知人,美,180,18100593,01096,01103,0621310504,ミルファーム,高柳隆男,キズナ,ケイエスホノカ,アフリート,鹿毛,180507,   50.7,  ,    ,50.0
21,03,14,2,中山,6,07,１勝ｸﾗｽ*,23,芝,8,1200,重,タイガーリリー    ,牝,3,杉原誠人,54.0,15,10,13,13,0,1.2,7,72.7,"1127",0,0,0,7,9,37.2,458,尾関知人,美,0,18100593,01135,01103,0621260710,ミルファーム,高柳隆男,キズナ,ケイエスホノカ,アフリート,鹿毛,180507,   24.9,  ,    ,45.4
20,08,30,3,新潟,6,11,新潟２歳G3,163,芝,8,1600,良,タイガーリリー    ,牝,2,三浦皇成,54.0,11,08,11,11,0,2.7,11,97.3,"1373",0,0,0,5,6,36.5,452,尾関知人,美,0,18100593,01122,01103,0420361108,ミルファーム,高柳隆男,キズナ,ケイエスホノカ,アフリート,鹿毛,180507,   79.5,  ,    ,49.9
20,08,15,3,新潟,1,06,新馬・牝,15,芝,0,1400,良,タイガーリリー    ,牝,2,杉原誠人,54.0,18,02,1,1,0,-0.1,6,83.2,"1232",0,0,0,8,8,36.7,444,尾関知人,美,700,18100593,01135,01103,0420310602,ミルファーム,高柳隆男,キズナ,ケイエスホノカ,アフリート,鹿毛,180507,   16.8,  ,    ,45.0
23,12,23,5,中山,7,08,１勝ｸﾗｽ,23,ダ,1,1200,良,イエローベリル    ,牝,4,藤田菜七,54.0,16,04,8,8,0,0.8,14,72.6,"1126",0,0,0,5,5,37.5,434,林徹,美,0,19110124,01164,01163,0623570804,吉田和美,"Arrowfield Group Pty Ltd Jungle Pocket Pty Ltd","Lord Kanaloa",Almandine,"Stay Gold",鹿毛,190819,  123.1,  ,    ,43.6
23,09,30,4,中山,8,08,１勝ｸﾗｽ,23,ダ,1,1200,良,イエローベリル    ,牝,4,丸山元気,56.0,16,03,12,12,0,2.4,9,72.6,"1126",0,0,0,8,8,37.9,430,林徹,美,0,19110124,01127,01163,0623480803,吉田和美,"Arrowfield Group Pty Ltd Jungle Pocket Pty Ltd","Lord Kanaloa",Almandine,"Stay Gold",鹿毛,190819,   38.8,  ,    ,41.6
23,05,16,2,不明,3,04,Ｃ２一,3,ダ,1,1400,良,イエローベリル    ,牝,4,高松亮,54.0,8,02,1,1,0,-0.9,1,88.2,"1282",0,0,0,1,1,0,445,板垣吉則,地,35,19110124,05542,05685,3523230402,吉田和美,"Arrowfield Group Pty Ltd Jungle Pocket Pty Ltd","Lord Kanaloa",Almandine,"Stay Gold",鹿毛,190819,    0.0,  ,    , 0.0
23,05,01,1,不明,2,04,Ｃ２五,3,ダ,1,1200,稍,イエローベリル    ,牝,4,高松亮,54.0,12,03,1,1,0,-0.3,1,73.9,"1139",0,0,0,3,2,0,452,板垣吉則,地,35,19110124,05542,05685,3523120403,吉田和美,"Arrowfield Group Pty Ltd Jungle Pocket Pty Ltd","Lord Kanaloa",Almandine,"Stay Gold",鹿毛,190819,    0.0,  ,    , 0.0
22,12,19,8,不明,5,07,Ｃ２四,3,ダ,1,1400,不,イエローベリル    ,牝,3,菅原辰徳,54.0,12,04,2,2,0,0,1,89.8,"1298",0,8,8,6,4,0,426,板垣吉則,地,11,19110124,05571,05685,3622850704,吉田和美,"Arrowfield Group Pty Ltd Jungle Pocket Pty Ltd","Lord Kanaloa",Almandine,"Stay Gold",鹿毛,190819,    0.0,  ,    , 0.0
22,11,27,7,不明,1,02,Ｃ２八,3,ダ,1,1300,重,イエローベリル    ,牝,3,菅原辰徳,54.0,11,10,1,1,0,-0.8,1,82.6,"1226",0,5,3,3,3,0,432,板垣吉則,地,32,19110124,05571,05685,3622710210,吉田和美,"Arrowfield Group Pty Ltd Jungle Pocket Pty Ltd","Lord Kanaloa",Almandine,"Stay Gold",鹿毛,190819,    0.0,  ,    , 0.0
22,09,04,3,新潟,8,07,未勝利,7,ダ,1,1200,良,イエローベリル    ,牝,3,石川裕紀,52.0,15,02,4,4,0,1,9,73,"1130",0,0,0,10,8,37.2,422,加藤士津,美,78,19110124,01150,01169,0422380702,吉田和美,"Arrowfield Group Pty Ltd Jungle Pocket Pty Ltd","Lord Kanaloa",Almandine,"Stay Gold",鹿毛,190819,   28.6,  ,    ,46.2
22,04,24,2,東京,2,03,未勝利,7,芝,0,1400,良,イエローベリル    ,牝,3,石川裕紀,52.0,18,08,9,9,0,0.9,7,83.1,"1231",0,0,0,13,13,33.8,436,加藤士津,美,0,19110124,01150,01169,0522220308,吉田和美,"Arrowfield Group Pty Ltd Jungle Pocket Pty Ltd","Lord Kanaloa",Almandine,"Stay Gold",鹿毛,190819,   26.2,  ,    ,59.4
24,05,28,5,不明,2,08,サラ系,3,ダ,1,1500,不,マジカルガール    ,牝,4,柴田勇真,54.0,7,07,1,1,0,-1.3,2,95.9,"1359",0,1,1,1,1,0,418,金田一昌,地,42,20104250,,05235,4624520807,ミルファーム,静内酒井牧場,トゥザワールド,ミラクルガール,ロックオブジブラルタル,黒鹿,200304,    0.0,  ,    , 0.0
24,05,14,4,不明,2,09,加賀温,3,ダ,1,1500,稍,マジカルガール    ,牝,4,柴田勇真,54.0,8,07,4,4,0,1.2,5,98.3,"1383",0,2,2,2,2,0,419,金田一昌,地,5,20104250,,05235,4624420907,ミルファーム,静内酒井牧場,トゥザワールド,ミラクルガール,ロックオブジブラルタル,黒鹿,200304,    0.0,  ,    , 0.0
24,05,06,3,不明,4,08,サラ系,3,ダ,1,1400,良,マジカルガール    ,牝,4,柴田勇真,54.0,10,02,5,5,0,0.9,2,90.9,"1309",0,1,1,1,2,0,426,金田一昌,地,4,20104250,,05235,4624340802,ミルファーム,静内酒井牧場,トゥザワールド,ミラクルガール,ロックオブジブラルタル,黒鹿,200304,    0.0,  ,    , 0.0
23,12,18,19,不明,3,03,ヘリコ,3,ダ,1,1400,不,マジカルガール    ,牝,3,田知弘久,54.0,8,05,1,1,0,-0.4,1,90,"1300",0,1,1,1,1,0,426,金田一昌,地,43,20104250,,05235,4623J30305,ミルファーム,静内酒井牧場,トゥザワールド,ミラクルガール,ロックオブジブラルタル,黒鹿,200304,    0.0,  ,    , 0.0
23,12,04,18,不明,4,08,サラ系,3,ダ,1,1400,不,マジカルガール    ,牝,3,田知弘久,54.0,9,09,1,1,0,-0.4,4,89.7,"1297",0,1,1,1,1,0,425,金田一昌,地,42,20104250,,05235,4623I40809,ミルファーム,静内酒井牧場,トゥザワールド,ミラクルガール,ロックオブジブラルタル,黒鹿,200304,    0.0,  ,    , 0.0
23,11,20,17,不明,4,02,サラ系,3,ダ,1,1400,不,マジカルガール    ,牝,3,田知弘久,54.0,9,03,5,5,0,2.4,5,92.5,"1325",0,1,1,3,4,0,425,金田一昌,地,4,20104250,,05235,4623H40203,ミルファーム,静内酒井牧場,トゥザワールド,ミラクルガール,ロックオブジブラルタル,黒鹿,200304,    0.0,  ,    , 0.0
23,10,30,16,不明,1,04,サラ系,3,ダ,1,1500,重,マジカルガール    ,牝,3,田知弘久,54.0,10,01,7,7,0,2.2,3,99.4,"1394",0,1,1,1,3,0,431,金田一昌,地,0,20104250,,05235,4623G10401,ミルファーム,静内酒井牧場,トゥザワールド,ミラクルガール,ロックオブジブラルタル,黒鹿,200304,    0.0,  ,    , 0.0
23,10,15,15,不明,1,07,いしか,3,ダ,1,1400,重,マジカルガール    ,牝,3,田知弘久,54.0,11,10,5,5,0,1.2,4,90.3,"1303",0,2,2,2,4,0,427,金田一昌,地,4,20104250,,05235,4623F10710,ミルファーム,静内酒井牧場,トゥザワールド,ミラクルガール,ロックオブジブラルタル,黒鹿,200304,    0.0,  ,    , 0.0
23,10,02,14,不明,1,09,Ｙａｍ,3,ダ,1,1400,重,マジカルガール    ,牝,3,田知弘久,54.0,8,05,6,6,0,2,2,91.8,"1318",0,1,1,1,3,0,440,金田一昌,地,0,20104250,,05235,4623E10905,ミルファーム,静内酒井牧場,トゥザワールド,ミラクルガール,ロックオブジブラルタル,黒鹿,200304,    0.0,  ,    , 0.0
23,08,26,2,札幌,5,03,未勝利・牝,7,ダ,1,1000,良,マジカルガール    ,牝,3,黛弘人,54.0,12,05,9,9,0,1.6,10,60.4,"1004",0,0,0,5,7,36.6,422,嘉藤貴行,美,0,20104250,01109,01195,0123250305,ミルファーム,静内酒井牧場,トゥザワールド,ミラクルガール,ロックオブジブラルタル,黒鹿,200304,   66.0,  ,    ,47.5
23,07,22,1,札幌,1,02,未勝利,7,ダ,1,1000,良,マジカルガール    ,牝,3,黛弘人,54.0,12,06,8,8,0,1.6,6,60.3,"1003",0,0,0,5,4,36.3,412,嘉藤貴行,美,0,20104250,01109,01195,0123110206,ミルファーム,静内酒井牧場,トゥザワールド,ミラクルガール,ロックオブジブラルタル,黒鹿,200304,   17.0,  ,    ,49.2
23,06,18,3,東京,6,04,未勝利,7,芝,0,1400,良,マジカルガール    ,牝,3,杉原誠人,54.0,16,04,9,9,0,0.9,7,81.2,"1212",0,0,0,4,6,34.4,410,嘉藤貴行,美,0,20104250,01135,01195,0523360404,ミルファーム,静内酒井牧場,トゥザワールド,ミラクルガール,ロックオブジブラルタル,黒鹿,200304,   23.5,  ,    ,52.0
23,05,20,2,東京,9,04,未勝利,7,芝,0,1400,稍,マジカルガール    ,牝,3,杉原誠人,54.0,18,08,5,5,0,0.5,5,81.8,"1218",0,0,0,1,1,34.9,410,嘉藤貴行,美,55,20104250,01135,01195,0523290408,ミルファーム,静内酒井牧場,トゥザワールド,ミラクルガール,ロックオブジブラルタル,黒鹿,200304,   22.6,  ,    ,50.8
22,09,04,3,新潟,8,02,未勝利*,7,芝,0,1400,良,マジカルガール    ,牝,2,杉原誠人,54.0,18,08,4,4,0,0.6,6,83.3,"1233",0,0,0,2,2,36.3,406,嘉藤貴行,美,78,20104250,01135,01195,0422380208,ミルファーム,静内酒井牧場,トゥザワールド,ミラクルガール,ロックオブジブラルタル,黒鹿,200304,   11.1,  ,    ,47.1
22,07,31,2,新潟,2,06,新馬,15,芝,0,1400,良,マジカルガール    ,牝,2,杉原誠人,54.0,16,06,2,2,0,0.1,3,82.6,"1226",0,0,0,1,1,35.2,406,嘉藤貴行,美,280,20104250,01135,01195,0422220606,ミルファーム,静内酒井牧場,トゥザワールド,ミラクルガール,ロックオブジブラルタル,黒鹿,200304,    6.3,  ,    ,51.0
24,05,04,1,新潟,3,12,１勝ｸﾗｽ,23,芝,0,1000,良,ユイノダンディズム,牡,6,小林美駒,54.0,16,09,7,7,0,0.9,2,55.8,"0558",0,0,0,0,1,33.9,490,竹内正洋,美,0,18109046,01206,01152,0424131209,由井健太郎,諏訪牧場,ディープブリランテ,タークオイズローズ,フレンチデピュティ,鹿毛,180417,    5.8,  ,    ,46.9
23,10,22,4,新潟,4,12,１勝ｸﾗｽ,23,芝,0,1000,稍,ユイノダンディズム,牡,5,小林美駒,54.0,18,15,6,6,0,0.6,1,56.5,"0565",0,0,0,0,5,33.6,472,竹内正洋,美,0,18109046,01206,01152,0423441215,由井健太郎,諏訪牧場,ディープブリランテ,タークオイズローズ,フレンチデピュティ,鹿毛,180417,    3.2,  ,    ,52.2
23,09,03,3,新潟,8,12,雷光特別･1勝,23,芝,0,1000,良,ユイノダンディズム,牡,5,木幡初也,58.0,17,06,6,6,0,0.4,3,55.3,"0553",0,0,0,0,12,32.3,478,竹内正洋,美,0,18109046,01153,01152,0423381206,由井健太郎,諏訪牧場,ディープブリランテ,タークオイズローズ,フレンチデピュティ,鹿毛,180417,    7.5,  ,    ,56.8
23,08,20,3,新潟,4,09,閃光特別･1勝,23,芝,0,1000,良,ユイノダンディズム,牡,5,木幡初也,58.0,18,07,3,3,0,0.2,6,54.6,"0546",0,0,0,0,3,32.2,478,竹内正洋,美,280,18109046,01153,01152,0423340907,由井健太郎,諏訪牧場,ディープブリランテ,タークオイズローズ,フレンチデピュティ,鹿毛,180417,   16.6,  ,    ,54.3
23,05,20,1,新潟,7,09,飛竜特別･1勝,23,芝,0,1000,良,ユイノダンディズム,牡,5,藤田菜七,58.0,16,15,3,3,0,0.1,1,55.7,"0557",0,0,0,0,2,33.1,480,竹内正洋,美,280,18109046,01164,01152,0423170915,由井健太郎,諏訪牧場,ディープブリランテ,タークオイズローズ,フレンチデピュティ,鹿毛,180417,    2.5,  ,    ,52.4
23,05,06,1,新潟,3,12,１勝ｸﾗｽ,23,芝,0,1000,稍,ユイノダンディズム,牡,5,藤田菜七,56.0,16,02,3,3,0,0.9,11,57.3,"0573",0,0,0,0,14,34.1,484,竹内正洋,美,200,18109046,01164,01152,0423131202,由井健太郎,諏訪牧場,ディープブリランテ,タークオイズローズ,フレンチデピュティ,鹿毛,180417,   25.4,  ,    ,52.1
22,10,23,4,新潟,4,12,１勝ｸﾗｽ,23,芝,0,1000,稍,ユイノダンディズム,牡,4,今村聖奈,53.0,15,02,6,6,0,0.4,7,56.3,"0563",0,0,0,0,4,33.8,472,竹内正洋,美,0,18109046,01193,01152,0422441202,由井健太郎,諏訪牧場,ディープブリランテ,タークオイズローズ,フレンチデピュティ,鹿毛,180417,   16.8,  ,    ,49.9
22,09,19,4,中山,5,12,１勝ｸﾗｽ,23,ダ,1,1200,重,ユイノダンディズム,牡,4,江田照男,57.0,15,06,10,10,0,1.2,7,72.4,"1124",0,0,0,3,3,38.1,472,竹内正洋,美,0,18109046,00689,01152,0622451206,由井健太郎,諏訪牧場,ディープブリランテ,タークオイズローズ,フレンチデピュティ,鹿毛,180417,   17.5,  ,    ,40.0
22,08,27,3,新潟,5,12,１勝ｸﾗｽ,23,芝,0,1200,良,ユイノダンディズム,牡,4,江田照男,57.0,18,13,11,11,0,1.4,13,69.7,"1097",0,0,0,1,1,36.5,474,竹内正洋,美,0,18109046,00689,01152,0422351213,由井健太郎,諏訪牧場,ディープブリランテ,タークオイズローズ,フレンチデピュティ,鹿毛,180417,   75.3,  ,    ,41.0
22,06,20,6,不明,5,10,ダンデ,3,ダ,1,1600,良,ユイノダンディズム,牡,4,木村暁,56.0,11,01,2,2,0,0,1,103.4,"1434",0,1,1,1,1,0,480,千葉博次,地,14,18109046,,05709,3622651001,由井健太郎,諏訪牧場,ディープブリランテ,タークオイズローズ,フレンチデピュティ,鹿毛,180417,    0.0,  ,    , 0.0
22,06,07,5,不明,6,04,Ｃ２二,3,ダ,1,1400,不,ユイノダンディズム,牡,4,木村暁,56.0,9,06,1,1,0,-1.1,1,87.7,"1277",0,1,1,1,1,0,483,千葉博次,地,30,18109046,,05709,3622560406,由井健太郎,諏訪牧場,ディープブリランテ,タークオイズローズ,フレンチデピュティ,鹿毛,180417,    0.0,  ,    , 0.0
22,05,23,4,不明,5,06,Ｃ２六,3,ダ,1,1400,良,ユイノダンディズム,牡,4,木村暁,56.0,9,03,1,1,0,-1.7,1,90.2,"1302",0,1,1,1,1,0,484,千葉博次,地,30,18109046,,05709,3622450603,由井健太郎,諏訪牧場,ディープブリランテ,タークオイズローズ,フレンチデピュティ,鹿毛,180417,    0.0,  ,    , 0.0
22,05,08,3,不明,4,05,Ｃ２八,3,ダ,1,1300,良,ユイノダンディズム,牡,4,木村暁,56.0,9,05,1,1,0,-2,1,83.4,"1234",0,1,1,1,1,0,482,千葉博次,地,30,18109046,,05709,3622340505,由井健太郎,諏訪牧場,ディープブリランテ,タークオイズローズ,フレンチデピュティ,鹿毛,180417,    0.0,  ,    , 0.0
22,04,24,2,不明,4,03,Ｃ２十,3,ダ,1,1300,良,ユイノダンディズム,牡,4,木村暁,56.0,8,04,1,1,0,-1.4,1,82.9,"1229",0,1,1,1,1,0,485,千葉博次,地,30,18109046,,05709,3622240304,由井健太郎,諏訪牧場,ディープブリランテ,タークオイズローズ,フレンチデピュティ,鹿毛,180417,    0.0,  ,    , 0.0
21,08,21,4,新潟,3,07,未勝利,7,芝,0,1400,良,ユイノダンディズム,牡,3,長岡禎仁,56.0,18,11,10,10,0,0.8,9,82.8,"1228",0,0,0,10,9,36.4,464,竹内正洋,美,0,18109046,01142,01152,0421430711,由井健太郎,諏訪牧場,ディープブリランテ,タークオイズローズ,フレンチデピュティ,鹿毛,180417,   46.0,  ,    ,45.6
21,06,13,3,東京,4,04,未勝利,7,芝,0,1400,良,ユイノダンディズム,牡,3,石川裕紀,56.0,18,10,9,9,0,0.8,7,82.6,"1226",0,0,0,14,12,35.5,466,竹内正洋,美,0,18109046,01150,01152,0521340410,由井健太郎,諏訪牧場,ディープブリランテ,タークオイズローズ,フレンチデピュティ,鹿毛,180417,   23.5,  ,    ,49.5
21,04,25,2,東京,2,01,未勝利,7,ダ,1,1600,良,ユイノダンディズム,牡,3,石川裕紀,56.0,16,01,12,12,0,2.8,5,101.9,"1419",0,0,0,8,8,39.8,470,竹内正洋,美,0,18109046,01150,01152,0521220101,由井健太郎,諏訪牧場,ディープブリランテ,タークオイズローズ,フレンチデピュティ,鹿毛,180417,   11.1,  ,    ,43.6
24,05,18,1,新潟,7,09,飛竜特別･1勝,23,芝,0,1000,良,フレンドパル      ,牝,6,石神深道,56.0,16,14,2,2,0,0.1,2,56.6,"0566",0,0,0,0,3,34.3,458,深山雅史,美,440,18103766,01209,01174,0424170914,前田清二,今牧場,ロードカナロア,パルティール,スペシャルウィーク,鹿毛,180417,    5.3,  ,    ,47.5
24,05,04,1,新潟,3,12,１勝ｸﾗｽ,23,芝,0,1000,良,フレンドパル      ,牝,6,石神深道,53.0,16,03,3,3,0,0.7,9,55.6,"0556",0,0,0,0,1,33.7,464,深山雅史,美,200,18103766,01209,01174,0424131203,前田清二,今牧場,ロードカナロア,パルティール,スペシャルウィーク,鹿毛,180417,   28.5,  ,    ,47.5
24,03,03,2,小倉,8,03,１勝ｸﾗｽ,23,ダ,1,1000,稍,フレンドパル      ,牝,6,石田拓郎,53.0,14,11,12,12,0,1.2,11,59.6,"0596",0,0,0,2,2,37.2,464,深山雅史,美,0,18103766,01203,01174,1024280311,前田清二,今牧場,ロードカナロア,パルティール,スペシャルウィーク,鹿毛,180417,   63.1,  ,    ,40.3
24,02,11,2,小倉,2,03,１勝ｸﾗｽ,23,ダ,1,1000,良,フレンドパル      ,牝,6,小林美駒,52.0,14,14,8,8,0,0.8,5,59.2,"0592",0,0,0,2,2,36.4,462,深山雅史,美,0,18103766,01206,01174,1024220314,前田清二,今牧場,ロードカナロア,パルティール,スペシャルウィーク,鹿毛,180417,   13.0,  ,    ,44.0
23,10,28,4,新潟,5,07,１勝ｸﾗｽ,23,芝,0,1000,重,フレンドパル      ,牝,5,小林美駒,52.0,18,09,3,3,0,0.4,9,57,"0570",0,0,0,0,1,34.5,460,深山雅史,美,200,18103766,01206,01174,0423450709,前田清二,今牧場,ロードカナロア,パルティール,スペシャルウィーク,鹿毛,180417,   24.3,  ,    ,47.8
23,09,18,4,中山,5,12,１勝ｸﾗｽ,23,ダ,1,1200,良,フレンドパル      ,牝,5,藤田菜七,54.0,16,11,16,16,0,3.1,13,75.4,"1154",0,0,0,2,3,40.9,460,深山雅史,美,0,18103766,01164,01174,0623451211,前田清二,今牧場,ロードカナロア,パルティール,スペシャルウィーク,鹿毛,180417,   81.2,  ,    ,34.4
23,09,02,3,新潟,7,08,１勝ｸﾗｽ・牝,23,ダ,1,1200,良,フレンドパル      ,牝,5,藤田菜七,54.0,15,11,13,13,0,1.8,12,73.8,"1138",0,0,0,3,3,39.4,468,深山雅史,美,0,18103766,01164,01174,0423370811,前田清二,今牧場,ロードカナロア,パルティール,スペシャルウィーク,鹿毛,180417,   83.9,  ,    ,37.3
23,05,21,1,新潟,8,07,１勝ｸﾗｽ,23,ダ,1,1200,良,フレンドパル      ,牝,5,藤田菜七,54.0,15,13,7,7,0,0.7,8,72.2,"1122",0,0,0,2,2,38.3,462,深山雅史,美,0,18103766,01164,01174,0423180713,前田清二,今牧場,ロードカナロア,パルティール,スペシャルウィーク,鹿毛,180417,   22.8,  ,    ,38.5
23,02,25,2,小倉,5,03,１勝ｸﾗｽ,23,ダ,1,1000,稍,フレンドパル      ,牝,5,藤田菜七,54.0,14,04,11,11,0,1.4,7,59.6,"0596",0,0,0,2,2,36.6,460,深山雅史,美,0,18103766,01164,01174,1023250304,前田清二,今牧場,ロードカナロア,パルティール,スペシャルウィーク,鹿毛,180417,   14.4,  ,    ,44.3
23,02,19,2,小倉,4,03,１勝ｸﾗｽ,23,ダ,1,1000,不,フレンドパル      ,牝,5,藤田菜七,54.0,14,13,4,4,0,0.2,6,58.8,"0588",0,0,0,1,1,35.9,460,深山雅史,美,120,18103766,01164,01174,1023240313,前田清二,今牧場,ロードカナロア,パルティール,スペシャルウィーク,鹿毛,180417,    8.8,  ,    ,45.7
23,02,05,1,小倉,8,03,１勝ｸﾗｽ,23,ダ,1,1000,良,フレンドパル      ,牝,5,藤田菜七,54.0,14,02,3,3,0,0.7,8,59.2,"0592",0,0,0,3,3,36.3,462,深山雅史,美,200,18103766,01164,01174,1023180302,前田清二,今牧場,ロードカナロア,パルティール,スペシャルウィーク,鹿毛,180417,   23.3,  ,    ,44.6
22,10,30,4,新潟,6,08,１勝ｸﾗｽ,23,ダ,1,1200,稍,フレンドパル      ,牝,4,江田照男,55.0,10,08,5,5,0,1.3,5,73.3,"1133",0,0,0,2,2,38.5,452,深山雅史,美,77,18103766,00689,01174,0422460808,前田清二,今牧場,ロードカナロア,パルティール,スペシャルウィーク,鹿毛,180417,   12.6,  ,    ,40.4
22,09,03,3,新潟,7,08,１勝ｸﾗｽ・牝,23,ダ,1,1200,稍,フレンドパル      ,牝,4,藤田菜七,53.0,15,08,12,12,0,3,11,73.8,"1138",0,0,0,2,2,39.6,448,深山雅史,美,0,18103766,01164,01174,0422370808,前田清二,今牧場,ロードカナロア,パルティール,スペシャルウィーク,鹿毛,180417,   36.7,  ,    ,36.4
22,08,07,2,新潟,4,08,１勝ｸﾗｽ,23,ダ,1,1200,良,フレンドパル      ,牝,4,永島まな,51.0,14,13,5,5,0,1.2,7,72,"1120",0,0,0,5,5,38.3,450,深山雅史,美,77,18103766,01187,01174,0422240813,前田清二,今牧場,ロードカナロア,パルティール,スペシャルウィーク,鹿毛,180417,   16.1,  ,    ,38.0
22,05,29,1,新潟,8,08,１勝ｸﾗｽ,23,ダ,1,1200,良,フレンドパル      ,牝,4,永島まな,51.0,13,12,6,6,0,0.5,4,72.5,"1125",0,0,0,1,1,38.6,454,深山雅史,美,0,18103766,01187,01174,0422180812,前田清二,今牧場,ロードカナロア,パルティール,スペシャルウィーク,鹿毛,180417,    6.3,  ,    ,37.8
22,05,08,1,新潟,2,12,１勝ｸﾗｽ,23,ダ,1,1200,良,フレンドパル      ,牝,4,永島まな,51.0,15,12,2,2,0,0.1,12,72.2,"1122",0,0,0,2,2,37.9,456,深山雅史,美,310,18103766,01187,01174,0422121212,前田清二,今牧場,ロードカナロア,パルティール,スペシャルウィーク,鹿毛,180417,   82.3,  ,    ,40.5
22,04,17,3,中山,8,06,１勝ｸﾗｽ,23,ダ,1,1200,稍,フレンドパル      ,牝,4,江田照男,55.0,16,03,10,10,0,1.6,10,73.3,"1133",0,0,0,5,6,37.8,452,深山雅史,美,0,18103766,00689,01174,0622380603,前田清二,今牧場,ロードカナロア,パルティール,スペシャルウィーク,鹿毛,180417,   67.5,  ,    ,43.9
22,02,06,1,東京,4,07,１勝ｸﾗｽ,23,ダ,1,1300,良,フレンドパル      ,牝,4,江田照男,55.0,16,04,9,9,0,1.4,14,80.4,"1204",0,0,0,2,2,38.8,462,深山雅史,美,0,18103766,00689,01174,0522140704,前田清二,今牧場,ロードカナロア,パルティール,スペシャルウィーク,鹿毛,180417,  151.1,  ,    ,41.9
21,11,13,2,福島,3,04,１勝ｸﾗｽ・牝,23,ダ,1,1150,稍,フレンドパル      ,牝,3,小林脩斗,51.0,16,04,8,8,0,0.6,6,69.7,"1097",0,0,0,7,7,37.5,458,深山雅史,美,0,18103766,01183,01174,0321230404,前田清二,今牧場,ロードカナロア,パルティール,スペシャルウィーク,鹿毛,180417,   15.2,  ,    ,43.7
21,10,31,5,新潟,8,06,１勝ｸﾗｽ・牝,23,ダ,1,1200,良,フレンドパル      ,牝,3,江田照男,53.0,15,11,5,5,0,0.6,11,71.9,"1119",0,0,0,2,2,37.6,462,深山雅史,美,76,18103766,00689,01174,0421580611,前田清二,今牧場,ロードカナロア,パルティール,スペシャルウィーク,鹿毛,180417,   27.2,  ,    ,41.2
21,09,20,4,中山,5,08,１勝ｸﾗｽ・牝,23,ダ,1,1200,良,フレンドパル      ,牝,3,江田照男,53.0,16,03,11,11,0,1.1,9,72.1,"1121",0,0,0,2,1,38.6,450,深山雅史,美,0,18103766,00689,01174,0621450803,前田清二,今牧場,ロードカナロア,パルティール,スペシャルウィーク,鹿毛,180417,   22.8,  ,    ,36.8
21,07,10,1,福島,3,12,１勝ｸﾗｽ,23,芝,0,1200,稍,フレンドパル      ,牝,3,江田照男,52.0,14,04,12,12,0,1.1,3,70.6,"1106",0,0,0,2,2,37.1,452,深山雅史,美,0,18103766,00689,01174,0321131204,前田清二,今牧場,ロードカナロア,パルティール,スペシャルウィーク,鹿毛,180417,    7.0,  ,    ,40.3
21,05,02,1,新潟,8,10,しゃくな･1勝,23,芝,0,1200,重,フレンドパル      ,牝,3,丸田恭介,54.0,16,05,7,7,0,1.1,9,73.1,"1131",0,0,0,4,4,38.2,466,深山雅史,美,0,18103766,01117,01174,0421181005,前田清二,今牧場,ロードカナロア,パルティール,スペシャルウィーク,鹿毛,180417,   43.7,  ,    ,41.4
21,04,17,3,中山,7,06,１勝ｸﾗｽ*,23,芝,8,1200,良,フレンドパル      ,牝,3,江田照男,54.0,16,11,8,8,0,0.6,12,69.4,"1094",0,0,0,3,3,35.7,464,深山雅史,美,0,18103766,00689,01174,0621370611,前田清二,今牧場,ロードカナロア,パルティール,スペシャルウィーク,鹿毛,180417,   74.3,  ,    ,44.4
20,12,12,5,中山,3,09,黒松賞･1勝*,23,芝,8,1200,良,フレンドパル      ,牝,2,江田照男,54.0,16,15,9,9,0,1.1,11,70,"1100",0,0,0,2,3,36.2,458,深山雅史,美,0,18103766,00689,01174,0620530915,前田清二,今牧場,ロードカナロア,パルティール,スペシャルウィーク,鹿毛,180417,   75.5,  ,    ,43.4
20,11,15,3,福島,6,10,福島２歳,131,芝,0,1200,良,フレンドパル      ,牝,2,江田照男,54.0,16,06,6,6,0,0.6,15,70.6,"1106",0,0,0,9,7,35.8,462,深山雅史,美,0,18103766,00689,01174,0320361006,前田清二,今牧場,ロードカナロア,パルティール,スペシャルウィーク,鹿毛,180417,   73.6,  ,    ,47.2
20,10,25,4,東京,6,05,１勝ｸﾗｽ*,23,芝,0,1400,良,フレンドパル      ,牝,2,江田照男,54.0,12,08,9,9,0,1.7,9,84.3,"1243",0,0,0,2,2,36.2,470,深山雅史,美,0,18103766,00689,01174,0520460508,前田清二,今牧場,ロードカナロア,パルティール,スペシャルウィーク,鹿毛,180417,   38.7,  ,    ,49.7
20,08,23,3,新潟,4,06,新馬,15,芝,0,1200,良,フレンドパル      ,牝,2,江田照男,54.0,18,07,1,1,0,0,3,71.7,"1117",0,0,0,1,1,36.3,474,深山雅史,美,700,18103766,00689,01174,0420340607,前田清二,今牧場,ロードカナロア,パルティール,スペシャルウィーク,鹿毛,180417,    7.4,  ,    ,47.5
24,07,01,4,不明,1,03,ライト,3,ダ,1,900,重,ミスサン          ,牝,3,山崎誠士,54.0,8,02,1,1,0,-0.4,1,55.6,"0556",0,0,1,1,1,0,435,佐藤博紀,無,160,21107068,05365,,4524410302,グリーンスウォード,メイタイファーム,カレンブラックヒル,シモーヌ,タイキシャトル,栗毛,210430,    0.0,  ,    , 0.0
24,06,11,3,不明,2,01,ガスト,3,ダ,1,900,重,ミスサン          ,牝,3,山崎誠士,53.0,12,01,1,1,0,-1,1,55.6,"0556",0,0,2,1,1,0,430,佐藤博紀,無,160,21107068,05365,,4524320101,グリーンスウォード,メイタイファーム,カレンブラックヒル,シモーヌ,タイキシャトル,栗毛,210430,    0.0,  ,    , 0.0
24,05,12,2,東京,8,01,未勝利・牝,7,ダ,1,1400,良,ミスサン          ,牝,3,丸田恭介,55.0,16,01,8,8,0,1.7,9,88.1,"1281",0,0,0,1,1,40.2,430,伊藤伸一,美,0,21107068,01117,01031,0524280101,グリーンスウォード,メイタイファーム,カレンブラックヒル,シモーヌ,タイキシャトル,栗毛,210430,   31.5,  ,    ,39.4
24,04,13,3,中山,7,01,未勝利・牝,7,ダ,1,1200,良,ミスサン          ,牝,3,丸田恭介,55.0,16,11,7,7,0,1.2,6,73.6,"1136",0,0,0,4,4,39,432,伊藤伸一,美,0,21107068,01117,01031,0624370111,グリーンスウォード,メイタイファーム,カレンブラックヒル,シモーヌ,タイキシャトル,栗毛,210430,   15.2,  ,    ,38.7
24,02,24,2,小倉,5,03,未勝利・牝,7,ダ,1,1000,重,ミスサン          ,牝,3,小林美駒,51.0,14,05,7,7,0,0.9,8,59.4,"0594",0,0,0,2,2,36.8,438,伊藤伸一,美,0,21107068,01206,01031,1024250305,グリーンスウォード,メイタイファーム,カレンブラックヒル,シモーヌ,タイキシャトル,栗毛,210430,   17.1,  ,    ,42.1
24,02,11,2,小倉,2,06,未勝利,7,芝,0,1200,良,ミスサン          ,牝,3,小林美駒,51.0,18,07,7,7,0,0.9,7,69.8,"1098",0,0,0,15,15,34.2,438,伊藤伸一,美,0,21107068,01206,01031,1024220607,グリーンスウォード,メイタイファーム,カレンブラックヒル,シモーヌ,タイキシャトル,栗毛,210430,   19.6,  ,    ,54.1
24,01,20,1,小倉,3,02,未勝利,7,芝,0,1200,稍,ミスサン          ,牝,3,小林美駒,51.0,16,15,4,4,0,0.9,7,69.4,"1094",0,0,0,7,5,35.2,436,伊藤伸一,美,83,21107068,01206,01031,1024130215,グリーンスウォード,メイタイファーム,カレンブラックヒル,シモーヌ,タイキシャトル,栗毛,210430,   16.6,  ,    ,47.2
23,12,24,5,中山,8,03,未勝利*,7,芝,8,1200,良,ミスサン          ,牝,2,松岡正海,55.0,16,07,8,8,0,0.9,8,69.9,"1099",0,0,0,3,3,35.9,430,伊藤伸一,美,0,21107068,01085,01031,0623580307,グリーンスウォード,メイタイファーム,カレンブラックヒル,シモーヌ,タイキシャトル,栗毛,210430,   51.1,  ,    ,44.7
23,12,10,5,中山,4,02,未勝利*,7,芝,8,1200,良,ミスサン          ,牝,2,小林美駒,51.0,16,02,4,4,0,0.3,7,69.7,"1097",0,0,0,9,7,34.9,432,伊藤伸一,美,83,21107068,01206,01031,0623540202,グリーンスウォード,メイタイファーム,カレンブラックヒル,シモーヌ,タイキシャトル,栗毛,210430,   21.0,  ,    ,49.7
23,11,04,5,東京,1,02,未勝利*,7,芝,0,1400,良,ミスサン          ,牝,2,松岡正海,55.0,15,07,8,8,0,1.3,6,82.9,"1229",0,0,0,7,7,35,430,伊藤伸一,美,0,21107068,01085,01031,0523510207,グリーンスウォード,メイタイファーム,カレンブラックヒル,シモーヌ,タイキシャトル,栗毛,210430,   36.3,  ,    ,52.6
23,09,30,4,中山,8,02,未勝利*,7,芝,8,1200,良,ミスサン          ,牝,2,松岡正海,55.0,16,01,8,8,0,1,13,70.7,"1107",0,0,0,13,12,34.7,426,伊藤伸一,美,0,21107068,01085,01031,0623480201,グリーンスウォード,メイタイファーム,カレンブラックヒル,シモーヌ,タイキシャトル,栗毛,210430,  132.9,  ,    ,53.7
23,07,08,2,福島,3,01,未勝利*,7,芝,0,1200,良,ミスサン          ,牝,2,松岡正海,55.0,9,01,7,7,0,1.4,8,71.3,"1113",0,0,0,8,7,35.8,424,伊藤伸一,美,0,21107068,01085,01031,0323230101,グリーンスウォード,メイタイファーム,カレンブラックヒル,シモーヌ,タイキシャトル,栗毛,210430,   99.6,  ,    ,49.2
23,06,24,3,東京,7,06,新馬,15,芝,0,1400,良,ミスサン          ,牝,2,松岡正海,55.0,16,03,14,14,0,2.4,11,85.2,"1252",0,0,0,8,6,36.3,426,伊藤伸一,美,0,21107068,01085,01031,0523370603,グリーンスウォード,メイタイファーム,カレンブラックヒル,シモーヌ,タイキシャトル,栗毛,210430,   87.4,  ,    ,51.0
24,05,11,1,新潟,5,12,１勝ｸﾗｽ,23,ダ,1,1200,良,オコジュ          ,牝,4,嶋田純次,56.0,14,06,10,10,0,0.8,11,73.2,"1132",0,0,0,3,3,38.3,456,矢嶋大樹,美,0,20101265,01134,01202,0424151206,ミルファーム,荒井ファーム,ロゴタイプ,マロンコート,ハービンジャー,鹿毛,200427,   72.7,  ,    ,41.1
24,05,04,1,新潟,3,12,１勝ｸﾗｽ,23,芝,0,1000,良,オコジュ          ,牝,4,嶋田純次,56.0,16,01,6,6,0,0.9,10,55.8,"0558",0,0,0,0,4,33.6,460,矢嶋大樹,美,0,20101265,01134,01202,0424131201,ミルファーム,荒井ファーム,ロゴタイプ,マロンコート,ハービンジャー,鹿毛,200427,   29.9,  ,    ,49.1
24,03,17,2,中山,8,07,１勝ｸﾗｽ,23,ダ,1,1200,良,オコジュ          ,牝,4,嶋田純次,56.0,16,11,6,6,0,1.5,13,73.5,"1135",0,0,0,6,5,37.6,460,矢嶋大樹,美,0,20101265,01134,01202,0624280711,ミルファーム,荒井ファーム,ロゴタイプ,マロンコート,ハービンジャー,鹿毛,200427,  225.1,  ,    ,45.5
24,01,28,1,小倉,6,08,１勝ｸﾗｽ,23,芝,0,1200,良,オコジュ          ,牝,4,黛弘人,56.0,14,09,13,13,0,1.3,10,70.3,"1103",0,0,0,1,2,36.2,460,中野栄治,美,0,20101265,01109,01010,1024160809,ミルファーム,荒井ファーム,ロゴタイプ,マロンコート,ハービンジャー,鹿毛,200427,   56.4,  ,    ,44.2
24,01,21,1,小倉,4,09,八幡特別･1勝,23,芝,0,1200,稍,オコジュ          ,牝,4,城戸義政,56.0,15,05,7,7,0,0.5,15,70.8,"1108",0,0,0,2,2,35.2,460,中野栄治,美,0,20101265,01147,01010,1024140905,ミルファーム,荒井ファーム,ロゴタイプ,マロンコート,ハービンジャー,鹿毛,200427,  214.6,  ,    ,51.1
24,01,14,1,小倉,2,03,１勝ｸﾗｽ,23,ダ,1,1000,良,オコジュ          ,牝,4,水沼元輝,53.0,14,04,12,12,0,1.6,11,60.6,"1006",0,0,0,2,2,37.8,460,中野栄治,美,0,20101265,01201,01010,1024120304,ミルファーム,荒井ファーム,ロゴタイプ,マロンコート,ハービンジャー,鹿毛,200427,   68.0,  ,    ,40.5
23,11,05,3,福島,2,12,１勝ｸﾗｽ,23,ダ,1,1150,良,オコジュ          ,牝,3,黛弘人,55.0,11,01,8,8,0,1.1,8,69.9,"1099",0,0,0,6,7,37.5,458,中野栄治,美,0,20101265,01109,01010,0323321201,ミルファーム,荒井ファーム,ロゴタイプ,マロンコート,ハービンジャー,鹿毛,200427,   42.3,  ,    ,44.3
23,10,28,4,新潟,5,07,１勝ｸﾗｽ,23,芝,0,1000,重,オコジュ          ,牝,3,永野猛蔵,54.0,18,07,10,10,0,0.8,10,57.4,"0574",0,0,0,0,5,34.5,454,中野栄治,美,0,20101265,01188,01010,0423450707,ミルファーム,荒井ファーム,ロゴタイプ,マロンコート,ハービンジャー,鹿毛,200427,   24.4,  ,    ,49.6
23,09,16,4,中山,3,06,１勝ｸﾗｽ・牝,23,ダ,1,1200,良,オコジュ          ,牝,3,黛弘人,54.0,16,02,8,8,0,1.4,11,72.6,"1126",0,0,0,2,2,38.7,452,中野栄治,美,0,20101265,01109,01010,0623430602,ミルファーム,荒井ファーム,ロゴタイプ,マロンコート,ハービンジャー,鹿毛,200427,   53.2,  ,    ,37.6
23,07,29,1,札幌,3,06,１勝ｸﾗｽ・牝,23,ダ,1,1000,良,オコジュ          ,牝,3,佐々木大,51.0,12,07,7,7,0,0.9,3,59.9,"0599",0,0,0,2,4,36.7,454,中野栄治,美,0,20101265,01197,01010,0123130607,ミルファーム,荒井ファーム,ロゴタイプ,マロンコート,ハービンジャー,鹿毛,200427,    4.9,  ,    ,44.8
23,07,15,2,函館,5,12,１勝ｸﾗｽ,23,ダ,1,1000,不,オコジュ          ,牝,3,佐々木大,51.0,12,08,4,4,0,0.6,1,59.1,"0591",0,0,0,3,3,35.7,450,中野栄治,美,120,20101265,01197,01010,0223251208,ミルファーム,荒井ファーム,ロゴタイプ,マロンコート,ハービンジャー,鹿毛,200427,    3.5,  ,    ,48.3
23,06,17,1,函館,3,03,未勝利・牝,7,ダ,1,1000,良,オコジュ          ,牝,3,佐々木大,52.0,11,05,1,1,0,-0.3,1,59.7,"0597",0,0,0,2,2,36.3,458,中野栄治,美,550,20101265,01197,01010,0223130305,ミルファーム,荒井ファーム,ロゴタイプ,マロンコート,ハービンジャー,鹿毛,200427,    3.3,  ,    ,46.7
23,06,10,1,函館,1,03,未勝利,7,ダ,1,1000,重,オコジュ          ,牝,3,杉原誠人,54.0,12,06,3,3,0,0.5,8,58.6,"0586",0,0,0,5,3,35.7,458,中野栄治,美,140,20101265,01135,01010,0223110306,ミルファーム,荒井ファーム,ロゴタイプ,マロンコート,ハービンジャー,鹿毛,200427,   14.9,  ,    ,46.2
23,05,14,1,新潟,6,07,未勝利,7,芝,0,1000,良,オコジュ          ,牝,3,杉原誠人,54.0,16,04,3,3,0,0.6,5,56.1,"0561",0,0,0,0,7,33.2,456,中野栄治,美,140,20101265,01135,01010,0423160704,ミルファーム,荒井ファーム,ロゴタイプ,マロンコート,ハービンジャー,鹿毛,200427,   12.8,  ,    ,53.5
23,04,29,1,新潟,1,06,未勝利,7,芝,0,1000,良,オコジュ          ,牝,3,岩部純二,54.0,16,04,4,4,0,0.9,7,56.5,"0565",0,0,0,0,4,34,452,中野栄治,美,83,20101265,00726,01010,0423110604,ミルファーム,荒井ファーム,ロゴタイプ,マロンコート,ハービンジャー,鹿毛,200427,   20.1,  ,    ,49.3
23,04,09,3,中山,6,03,未勝利,7,ダ,1,1200,稍,オコジュ          ,牝,3,岩部純二,54.0,16,13,4,4,0,1.5,5,73,"1130",0,0,0,4,5,39.2,450,中野栄治,美,83,20101265,00726,01010,0623360313,ミルファーム,荒井ファーム,ロゴタイプ,マロンコート,ハービンジャー,鹿毛,200427,   19.8,  ,    ,36.2
23,02,04,1,東京,3,02,未勝利,7,ダ,1,1300,良,オコジュ          ,牝,3,岩部純二,54.0,16,08,8,8,0,0.6,6,82.1,"1221",0,0,0,2,3,37.2,452,中野栄治,美,0,20101265,00726,01010,0523130208,ミルファーム,荒井ファーム,ロゴタイプ,マロンコート,ハービンジャー,鹿毛,200427,   16.7,  ,    ,53.5
23,01,22,1,中山,8,01,未勝利,7,ダ,1,1200,良,オコジュ          ,牝,3,岩部純二,54.0,16,13,3,3,0,0.2,9,72.8,"1128",0,0,0,2,2,38.4,450,中野栄治,美,140,20101265,00726,01010,0623180113,ミルファーム,荒井ファーム,ロゴタイプ,マロンコート,ハービンジャー,鹿毛,200427,   50.0,  ,    ,39.6
22,12,28,5,中山,9,01,未勝利*,7,ダ,1,1200,良,オコジュ          ,牝,2,岩部純二,54.0,16,02,9,9,0,1,10,73.6,"1136",0,0,0,1,1,39.6,450,中野栄治,美,0,20101265,00726,01010,0622590102,ミルファーム,荒井ファーム,ロゴタイプ,マロンコート,ハービンジャー,鹿毛,200427,   75.1,  ,    ,35.9
22,10,22,4,新潟,3,05,未勝利*,7,芝,0,1000,良,オコジュ          ,牝,2,岩部純二,54.0,18,01,6,6,0,1.4,14,57,"0570",0,0,0,0,10,33.8,434,中野栄治,美,0,20101265,00726,01010,0422430501,ミルファーム,荒井ファーム,ロゴタイプ,マロンコート,ハービンジャー,鹿毛,200427,   80.2,  ,    ,53.0
22,08,13,3,新潟,1,06,新馬・牝,15,芝,0,1400,良,オコジュ          ,牝,2,岩部純二,54.0,18,07,9,9,0,1.2,11,85.2,"1252",0,0,0,1,1,36.9,434,中野栄治,美,0,20101265,00726,01010,0422310607,ミルファーム,荒井ファーム,ロゴタイプ,マロンコート,ハービンジャー,鹿毛,200427,   80.5,  ,    ,48.2
24,06,01,3,東京,1,07,１勝ｸﾗｽ,23,芝,0,1400,良,マルモリディライト,牝,4,石神深道,53.0,18,12,13,13,0,1,17,81.3,"1213",0,0,0,17,17,33.8,466,和田雄二,美,0,20100997,01209,01143,0524310712,山下繁美,村中牧場,ダンカーク,ロイヤルヴィラ,ゼンノロブロイ,芦毛,200411,  350.3,  ,    ,55.4
24,05,18,1,新潟,7,09,飛竜特別･1勝,23,芝,0,1000,良,マルモリディライト,牝,4,小沢大仁,56.0,16,10,5,5,0,0.5,7,57,"0570",0,0,0,0,6,34.2,466,和田雄二,美,111,20100997,01185,01143,0424170910,山下繁美,村中牧場,ダンカーク,ロイヤルヴィラ,ゼンノロブロイ,芦毛,200411,   13.1,  ,    ,50.0
24,01,13,1,京都,4,12,１勝ｸﾗｽ,23,芝,8,1600,良,マルモリディライト,牝,4,国分優作,55.0,18,06,13,13,0,1.3,15,96.4,"1364",0,0,0,2,2,36.3,474,石橋守,栗,0,20100997,01125,01140,0824141206,山下繁美,村中牧場,ダンカーク,ロイヤルヴィラ,ゼンノロブロイ,芦毛,200411,  220.5,  ,    ,49.3
23,11,18,3,京都,5,12,１勝ｸﾗｽ,23,芝,8,1600,稍,マルモリディライト,牝,3,河原田菜,51.0,15,10,9,9,0,1.3,11,95.7,"1357",0,0,0,11,12,34.5,464,石橋守,栗,0,20100997,01204,01140,0823351210,山下繁美,村中牧場,ダンカーク,ロイヤルヴィラ,ゼンノロブロイ,芦毛,200411,  141.9,  ,    ,56.4
23,11,05,3,京都,2,06,１勝ｸﾗｽ,23,ダ,1,1400,良,マルモリディライト,牝,3,河原田菜,51.0,15,12,9,9,0,1.1,9,85.8,"1258",0,0,0,2,3,38.9,470,石橋守,栗,0,20100997,01204,01140,0823320612,山下繁美,村中牧場,ダンカーク,ロイヤルヴィラ,ゼンノロブロイ,芦毛,200411,   34.0,  ,    ,40.4
23,07,15,2,函館,5,08,１勝ｸﾗｽ・牝,23,芝,0,1200,重,マルモリディライト,牝,3,小沢大仁,52.0,14,01,9,9,0,0.9,3,72.1,"1121",0,0,0,1,1,36.9,460,石橋守,栗,0,20100997,01185,01140,0223250801,山下繁美,村中牧場,ダンカーク,ロイヤルヴィラ,ゼンノロブロイ,芦毛,200411,    6.4,  ,    ,45.4
23,06,25,1,函館,6,12,１勝ｸﾗｽ,23,芝,0,1200,良,マルモリディライト,牝,3,小沢大仁,52.0,13,07,5,5,0,0.7,6,69.7,"1097",0,0,0,2,2,35.8,454,石橋守,栗,80,20100997,01185,01140,0223161207,山下繁美,村中牧場,ダンカーク,ロイヤルヴィラ,ゼンノロブロイ,芦毛,200411,   11.4,  ,    ,44.7
23,06,18,1,函館,4,12,１勝ｸﾗｽ・牝,23,芝,0,1200,良,マルモリディライト,牝,3,小沢大仁,52.0,15,01,6,6,0,0.4,7,70.1,"1101",0,0,0,1,1,35.6,460,石橋守,栗,0,20100997,01185,01140,0223141201,山下繁美,村中牧場,ダンカーク,ロイヤルヴィラ,ゼンノロブロイ,芦毛,200411,   13.0,  ,    ,46.9
23,03,12,1,阪神,10,11,フィリーG2,179,芝,0,1400,良,マルモリディライト,牝,3,国分優作,54.0,18,16,13,13,0,0.8,18,81.5,"1215",0,0,0,12,11,35.4,448,石橋守,栗,0,20100997,01125,01140,09231A1116,山下繁美,村中牧場,ダンカーク,ロイヤルヴィラ,ゼンノロブロイ,芦毛,200411,  467.8,  ,    ,47.7
23,02,25,1,阪神,5,05,１勝ｸﾗｽ*,23,ダ,1,1200,稍,マルモリディライト,牝,3,角田大河,52.0,16,12,13,13,0,2.4,12,73.9,"1139",0,0,0,12,11,37.7,458,石橋守,栗,0,20100997,01199,01140,0923150512,山下繁美,村中牧場,ダンカーク,ロイヤルヴィラ,ゼンノロブロイ,芦毛,200411,   56.4,  ,    ,46.0
23,02,12,1,阪神,2,08,こぶし賞･1勝,23,芝,8,1600,良,マルモリディライト,牝,3,角田大河,54.0,7,05,6,6,0,0.6,7,95.3,"1353",0,0,0,2,2,34.7,460,石橋守,栗,0,20100997,01199,01140,0923120805,山下繁美,村中牧場,ダンカーク,ロイヤルヴィラ,ゼンノロブロイ,芦毛,200411,   61.7,  ,    ,54.8
22,12,11,6,阪神,4,06,１勝ｸﾗｽ*,23,ダ,1,1200,良,マルモリディライト,牝,2,菱田裕二,54.0,8,01,5,5,0,1.3,7,74.1,"1141",0,0,0,6,7,38.4,454,石橋守,栗,75,20100997,01144,01140,0922640601,山下繁美,村中牧場,ダンカーク,ロイヤルヴィラ,ゼンノロブロイ,芦毛,200411,   34.5,  ,    ,43.0
22,11,27,5,阪神,8,09,白菊賞･1勝*,23,芝,8,1600,良,マルモリディライト,牝,2,角田大河,54.0,11,05,7,7,0,0.8,11,95,"1350",0,0,0,8,8,34.3,454,石橋守,栗,0,20100997,01199,01140,0922580905,山下繁美,村中牧場,ダンカーク,ロイヤルヴィラ,ゼンノロブロイ,芦毛,200411,  147.3,  ,    ,56.2
22,08,21,2,札幌,4,09,クローバ,131,芝,0,1500,良,マルモリディライト,牝,2,武豊,54.0,11,05,7,7,0,0.8,5,92.4,"1324",0,0,2,2,2,37.3,450,石橋守,栗,0,20100997,00666,01140,0122240905,山下繁美,村中牧場,ダンカーク,ロイヤルヴィラ,ゼンノロブロイ,芦毛,200411,    9.7,  ,    ,48.5
22,07,17,1,函館,12,01,未勝利*,7,芝,0,1200,稍,マルモリディライト,牝,2,武豊,54.0,8,07,1,1,0,-0.2,3,71.7,"1117",0,0,0,2,2,36.9,444,石橋守,栗,520,20100997,00666,01140,02221C0107,山下繁美,村中牧場,ダンカーク,ロイヤルヴィラ,ゼンノロブロイ,芦毛,200411,    6.5,  ,    ,44.3
22,07,02,1,函館,7,05,新馬,15,芝,0,1200,稍,マルモリディライト,牝,2,武豊,54.0,8,03,3,3,0,0.6,5,71.7,"1117",0,0,0,5,5,35.8,448,石橋守,栗,180,20100997,00666,01140,0222170503,山下繁美,村中牧場,ダンカーク,ロイヤルヴィラ,ゼンノロブロイ,芦毛,200411,   10.2,  ,    ,50.3
24,01,21,1,中山,7,04,１勝ｸﾗｽ,23,ダ,1,1200,不,ニシノコニャック  ,牡,5,大野拓弥,58.0,16,09,11,11,0,0.9,8,72.1,"1121",0,0,0,2,2,38.7,464,伊藤大士,美,0,19100937,01096,01109,0624170409,西山茂行,村上欽哉,ディスクリートキャット,ニシノテキーラ,マンハッタンカフェ,栗毛,190303,   25.2,  ,    ,36.3
23,10,15,4,新潟,2,07,１勝ｸﾗｽ,23,芝,0,1000,稍,ニシノコニャック  ,牡,4,杉原誠人,58.0,18,13,9,9,0,0.9,4,57.4,"0574",0,0,0,0,7,34.5,446,伊藤大士,美,0,19100937,01135,01109,0423420713,西山茂行,村上欽哉,ディスクリートキャット,ニシノテキーラ,マンハッタンカフェ,栗毛,190303,   11.7,  ,    ,49.6
23,08,20,3,新潟,4,09,閃光特別･1勝,23,芝,0,1000,良,ニシノコニャック  ,牡,4,杉原誠人,58.0,18,08,6,6,0,0.5,10,54.9,"0549",0,0,0,0,7,32.1,450,伊藤大士,美,0,19100937,01135,01109,0423340908,西山茂行,村上欽哉,ディスクリートキャット,ニシノテキーラ,マンハッタンカフェ,栗毛,190303,   44.7,  ,    ,56.5
23,05,28,2,東京,12,06,１勝ｸﾗｽ,23,ダ,1,1400,良,ニシノコニャック  ,牡,4,杉原誠人,58.0,16,08,12,12,0,2.1,9,87.1,"1271",0,0,0,9,9,38.4,454,伊藤大士,美,0,19100937,01135,01109,05232C0608,西山茂行,村上欽哉,ディスクリートキャット,ニシノテキーラ,マンハッタンカフェ,栗毛,190303,   27.8,  ,    ,45.1
23,04,16,3,中山,8,07,１勝ｸﾗｽ,23,ダ,1,1200,重,ニシノコニャック  ,牡,4,田辺裕信,58.0,15,13,11,11,0,1.9,3,71.9,"1119",0,0,0,3,3,37.8,458,伊藤大士,美,0,19100937,01075,01109,0623380713,西山茂行,村上欽哉,ディスクリートキャット,ニシノテキーラ,マンハッタンカフェ,栗毛,190303,    4.8,  ,    ,40.2
23,03,25,3,中山,1,07,１勝ｸﾗｽ,23,ダ,1,1200,不,ニシノコニャック  ,牡,4,大野拓弥,58.0,16,13,2,2,0,0.1,5,71.3,"1113",0,0,0,3,3,37.1,456,伊藤大士,美,320,19100937,01096,01109,0623310713,西山茂行,村上欽哉,ディスクリートキャット,ニシノテキーラ,マンハッタンカフェ,栗毛,190303,   11.0,  ,    ,42.2
23,01,28,1,東京,1,07,１勝ｸﾗｽ,23,ダ,1,1400,良,ニシノコニャック  ,牡,4,大野拓弥,57.0,16,12,8,8,0,0.9,10,86.6,"1266",0,0,0,5,6,37.8,464,伊藤大士,美,0,19100937,01096,01109,0523110712,西山茂行,村上欽哉,ディスクリートキャット,ニシノテキーラ,マンハッタンカフェ,栗毛,190303,   51.8,  ,    ,46.8
22,11,20,5,東京,6,04,１勝ｸﾗｽ,23,ダ,1,1400,良,ニシノコニャック  ,牡,3,大野拓弥,56.0,16,04,9,9,0,0.9,12,86.5,"1265",0,0,0,4,7,37.2,452,伊藤大士,美,0,19100937,01096,01109,0522560404,西山茂行,村上欽哉,ディスクリートキャット,ニシノテキーラ,マンハッタンカフェ,栗毛,190303,  121.7,  ,    ,49.4
22,11,05,3,福島,1,07,１勝ｸﾗｽ,23,ダ,1,1150,良,ニシノコニャック  ,牡,3,丸山元気,56.0,16,14,5,5,0,1.1,7,68.9,"1089",0,0,0,2,2,37.4,448,伊藤大士,美,77,19100937,01127,01109,0322310714,西山茂行,村上欽哉,ディスクリートキャット,ニシノテキーラ,マンハッタンカフェ,栗毛,190303,   18.2,  ,    ,41.9
22,08,20,3,新潟,3,08,１勝ｸﾗｽ,23,ダ,1,1200,稍,ニシノコニャック  ,牡,3,三浦皇成,54.0,15,06,6,6,0,0.8,6,72.3,"1123",0,0,0,4,5,37.5,456,伊藤大士,美,0,19100937,01122,01109,0422330806,西山茂行,村上欽哉,ディスクリートキャット,ニシノテキーラ,マンハッタンカフェ,栗毛,190303,   12.9,  ,    ,42.8
22,07,23,2,福島,7,08,１勝ｸﾗｽ,23,ダ,1,1150,重,ニシノコニャック  ,牡,3,三浦皇成,54.0,16,05,5,5,0,1.1,8,68.2,"1082",0,0,0,7,7,36.4,460,伊藤大士,美,77,19100937,01122,01109,0322270805,西山茂行,村上欽哉,ディスクリートキャット,ニシノテキーラ,マンハッタンカフェ,栗毛,190303,   27.7,  ,    ,45.3
22,05,22,2,東京,10,05,１勝ｸﾗｽ*,23,ダ,1,1400,良,ニシノコニャック  ,牡,3,三浦皇成,56.0,16,16,13,13,0,2.4,10,86.2,"1262",0,0,0,2,2,38.4,456,伊藤大士,美,0,19100937,01122,01109,05222A0516,西山茂行,村上欽哉,ディスクリートキャット,ニシノテキーラ,マンハッタンカフェ,栗毛,190303,   95.1,  ,    ,43.4
22,03,26,3,中山,1,03,未勝利,7,ダ,1,1200,稍,ニシノコニャック  ,牡,3,丸山元気,56.0,16,14,1,1,0,-0.2,1,73.3,"1133",0,0,0,2,1,37.8,466,伊藤大士,美,520,19100937,01127,01109,0622310314,西山茂行,村上欽哉,ディスクリートキャット,ニシノテキーラ,マンハッタンカフェ,栗毛,190303,    2.4,  ,    ,43.9
22,02,05,1,東京,3,02,未勝利,7,ダ,1,1300,良,ニシノコニャック  ,牡,3,Ｍ．デム,56.0,16,03,7,7,0,0.8,1,81.1,"1211",0,0,0,4,4,37.9,472,伊藤大士,美,0,19100937,05212,01109,0522130203,西山茂行,村上欽哉,ディスクリートキャット,ニシノテキーラ,マンハッタンカフェ,栗毛,190303,    1.7,  ,    ,47.7
22,01,10,1,中山,4,01,未勝利,7,ダ,1,1200,良,ニシノコニャック  ,牡,3,北村宏司,56.0,16,15,2,2,0,0.2,2,72.4,"1124",0,0,0,2,2,38.4,472,伊藤大士,美,210,19100937,01043,01109,0622140115,西山茂行,村上欽哉,ディスクリートキャット,ニシノテキーラ,マンハッタンカフェ,栗毛,190303,    4.7,  ,    ,38.5
21,12,19,5,中山,6,01,未勝利*,7,ダ,1,1200,稍,ニシノコニャック  ,牡,2,北村宏司,55.0,16,02,3,3,0,0.7,2,72.2,"1122",0,0,0,5,5,37.6,472,伊藤大士,美,130,19100937,01043,01109,0621560102,西山茂行,村上欽哉,ディスクリートキャット,ニシノテキーラ,マンハッタンカフェ,栗毛,190303,    5.5,  ,    ,42.0
21,11,27,5,東京,7,06,新馬,15,ダ,1,1600,稍,ニシノコニャック  ,牡,2,北村宏司,55.0,16,15,2,2,0,0.7,2,100.3,"1403",0,0,0,2,2,38.5,464,伊藤大士,美,280,19100937,01043,01109,0521570615,西山茂行,村上欽哉,ディスクリートキャット,ニシノテキーラ,マンハッタンカフェ,栗毛,190303,    4.5,  ,    ,46.3
24,05,10,3,不明,3,06,ブレイ,3,ダ,1,1400,良,ポケッティーノ    ,牡,4,岡部誠,56.0,8,02,1,1,0,-0.4,1,90.3,"1303",0,1,1,1,1,0,470,後藤佑耶,無,40,20100592,05171,,4724330602,ヒダカ・ブリーダーズ・ユニオン,エムエム、ヤマダファーム,ネロ,ボムシェル,キャプテンスティーヴ,栗毛,200410,    0.0,  ,    , 0.0
24,04,19,2,不明,3,03,Ｃ５組,3,ダ,1,1400,良,ポケッティーノ    ,牡,4,加藤聡一,56.0,10,02,2,2,0,0.4,1,89.6,"1296",0,1,1,1,2,0,471,後藤佑耶,無,14,20100592,05557,,4724230302,ヒダカ・ブリーダーズ・ユニオン,エムエム、ヤマダファーム,ネロ,ボムシェル,キャプテンスティーヴ,栗毛,200410,    0.0,  ,    , 0.0
24,04,05,1,不明,4,12,百十郎,3,ダ,1,1400,良,ポケッティーノ    ,牡,4,塚本征吾,56.0,9,09,3,3,0,0.9,3,88.8,"1288",0,3,3,3,2,0,469,後藤佑耶,無,12,20100592,05638,,4724141209,ヒダカ・ブリーダーズ・ユニオン,エムエム、ヤマダファーム,ネロ,ボムシェル,キャプテンスティーヴ,栗毛,200410,    0.0,  ,    , 0.0
24,03,05,20,不明,2,07,花桃賞,3,ダ,1,1400,良,ポケッティーノ    ,牡,4,保園翔也,56.0,8,04,1,1,0,-1.8,3,89.2,"1292",0,2,2,1,1,0,470,後藤佑耶,無,42,20100592,05553,,4724K20704,ヒダカ・ブリーダーズ・ユニオン,エムエム、ヤマダファーム,ネロ,ボムシェル,キャプテンスティーヴ,栗毛,200410,    0.0,  ,    , 0.0
24,02,06,18,不明,2,10,枯木星,3,ダ,1,1600,稍,ポケッティーノ    ,牡,4,加藤聡一,56.0,9,08,7,7,0,1.6,3,105.7,"1457",0,3,3,2,3,0,474,後藤佑耶,無,0,20100592,05557,,4724I21008,ヒダカ・ブリーダーズ・ユニオン,エムエム、ヤマダファーム,ネロ,ボムシェル,キャプテンスティーヴ,栗毛,200410,    0.0,  ,    , 0.0
23,12,31,9,不明,5,08,Ｃ１五,3,ダ,1,1400,重,ポケッティーノ    ,牡,3,山本政聡,56.0,12,07,5,5,0,0.8,1,91.4,"1314",0,1,1,1,1,0,479,櫻田康二,無,3,20100592,05490,,3623950807,ヒダカ・ブリーダーズ・ユニオン,エムエム、ヤマダファーム,ネロ,ボムシェル,キャプテンスティーヴ,栗毛,200410,    0.0,  ,    , 0.0
23,12,03,7,不明,4,10,Ｃ１七,3,ダ,1,1400,重,ポケッティーノ    ,牡,3,村上忍,56.0,12,01,4,4,0,0.7,1,89.8,"1298",0,5,5,2,3,0,476,櫻田康二,無,5,20100592,05294,,3623741001,ヒダカ・ブリーダーズ・ユニオン,エムエム、ヤマダファーム,ネロ,ボムシェル,キャプテンスティーヴ,栗毛,200410,    0.0,  ,    , 0.0
23,11,20,11,不明,5,03,Ｃ２　,3,ダ,1,1000,不,ポケッティーノ    ,牡,3,村上忍,56.0,11,02,3,3,0,0.6,3,60.5,"1005",0,0,0,8,6,0,476,櫻田康二,無,7,20100592,05294,,3523B50302,ヒダカ・ブリーダーズ・ユニオン,エムエム、ヤマダファーム,ネロ,ボムシェル,キャプテンスティーヴ,栗毛,200410,    0.0,  ,    , 0.0
23,10,30,10,不明,2,04,Ｃ２五,3,ダ,1,1200,良,ポケッティーノ    ,牡,3,村上忍,56.0,10,05,1,1,0,0,2,74.4,"1144",0,0,0,3,3,0,474,櫻田康二,無,35,20100592,05294,,3523A20405,ヒダカ・ブリーダーズ・ユニオン,エムエム、ヤマダファーム,ネロ,ボムシェル,キャプテンスティーヴ,栗毛,200410,    0.0,  ,    , 0.0
23,10,16,9,不明,2,04,Ｃ２五,3,ダ,1,1200,稍,ポケッティーノ    ,牡,3,鈴木祐,56.0,11,05,2,2,0,0.2,2,73.2,"1132",0,0,0,2,2,0,474,櫻田康二,無,12,20100592,05552,,3523920405,ヒダカ・ブリーダーズ・ユニオン,エムエム、ヤマダファーム,ネロ,ボムシェル,キャプテンスティーヴ,栗毛,200410,    0.0,  ,    , 0.0
23,10,08,8,不明,4,07,Ｃ２八,3,ダ,1,1200,稍,ポケッティーノ    ,牡,3,村上忍,56.0,9,06,2,2,0,1.2,2,74.8,"1148",0,0,0,4,4,0,477,櫻田康二,無,12,20100592,05294,,3523840706,ヒダカ・ブリーダーズ・ユニオン,エムエム、ヤマダファーム,ネロ,ボムシェル,キャプテンスティーヴ,栗毛,200410,    0.0,  ,    , 0.0
23,09,06,11,不明,2,08,プレセ,3,ダ,1,1200,重,ポケッティーノ    ,牡,3,石川倭,56.0,8,04,5,5,0,2.3,7,77.1,"1171",0,0,0,5,8,0,474,畠山吉宏,美,7,20100592,05534,01048,3023B20804,ヒダカ・ブリーダーズ・ユニオン,エムエム、ヤマダファーム,ネロ,ボムシェル,キャプテンスティーヴ,栗毛,200410,    0.0,  ,    , 0.0
23,06,24,3,東京,7,03,未勝利,7,ダ,1,1300,良,ポケッティーノ    ,牡,3,丸田恭介,56.0,16,11,12,12,0,1.9,12,81.4,"1214",0,0,0,14,13,36.7,470,畠山吉宏,美,0,20100592,01117,01048,0523370311,ヒダカ・ブリーダーズ・ユニオン,エムエム、ヤマダファーム,ネロ,ボムシェル,キャプテンスティーヴ,栗毛,200410,  181.0,  ,    ,54.4
23,03,05,2,中山,4,02,未勝利,7,ダ,1,1200,良,ポケッティーノ    ,牡,3,丸田恭介,56.0,16,04,12,12,0,1.8,10,74.3,"1143",0,0,0,14,14,38.3,474,畠山吉宏,美,0,20100592,01117,01048,0623240204,ヒダカ・ブリーダーズ・ユニオン,エムエム、ヤマダファーム,ネロ,ボムシェル,キャプテンスティーヴ,栗毛,200410,  107.7,  ,    ,44.0
24,05,18,2,東京,9,07,１勝ｸﾗｽ,23,芝,0,1600,良,ラインアンジェラ  ,牝,4,柴田善臣,56.0,16,07,16,16,0,3.8,14,97.1,"1371",0,0,0,3,4,37.9,468,水野貴広,美,0,20103999,00641,01094,0524290707,大澤繁昌,岡田牧場,シニスターミニスター,ファシネイト,キングカメハメハ,鹿毛,200501,  314.7,  ,    ,43.7
24,04,06,1,福島,1,08,１勝ｸﾗｽ,23,ダ,1,1150,良,ラインアンジェラ  ,牝,4,小沢大仁,55.0,16,05,14,14,0,2.3,13,71.6,"1116",0,0,0,11,12,38.3,458,水野貴広,美,0,20103999,01185,01094,0324110805,大澤繁昌,岡田牧場,シニスターミニスター,ファシネイト,キングカメハメハ,鹿毛,200501,   77.2,  ,    ,44.8
24,01,27,19,不明,4,11,冬天賞,3,ダ,1,1300,不,ラインアンジェラ  ,牝,4,山口勲,54.0,11,07,2,2,0,0.3,1,84.2,"1242",0,1,1,1,1,0,474,池田忠好,地,11,20103999,05229,05741,5524J41107,大澤繁昌,岡田牧場,シニスターミニスター,ファシネイト,キングカメハメハ,鹿毛,200501,    0.0,  ,    , 0.0
23,12,24,17,不明,5,11,ケフェ,3,ダ,1,1300,稍,ラインアンジェラ  ,牝,3,山口勲,54.0,11,04,1,1,0,0,1,83.8,"1238",0,2,2,1,1,0,479,池田忠好,地,45,20103999,05229,05741,5523H51104,大澤繁昌,岡田牧場,シニスターミニスター,ファシネイト,キングカメハメハ,鹿毛,200501,    0.0,  ,    , 0.0
23,12,09,16,不明,4,02,Ｃ２－,3,ダ,1,1300,良,ラインアンジェラ  ,牝,3,山口勲,54.0,9,02,1,1,0,-0.1,2,82.4,"1224",0,1,1,1,1,0,471,池田忠好,地,35,20103999,05229,05741,5523G40202,大澤繁昌,岡田牧場,シニスターミニスター,ファシネイト,キングカメハメハ,鹿毛,200501,    0.0,  ,    , 0.0
23,11,20,15,不明,3,07,ＫＹＵ,3,ダ,1,1300,稍,ラインアンジェラ  ,牝,3,山口勲,54.0,9,01,1,1,0,-0.3,1,84.1,"1241",0,4,3,3,1,0,472,池田忠好,地,35,20103999,05229,05741,5523F30701,大澤繁昌,岡田牧場,シニスターミニスター,ファシネイト,キングカメハメハ,鹿毛,200501,    0.0,  ,    , 0.0
23,11,05,14,不明,2,04,Ｃ２－,3,ダ,1,1400,良,ラインアンジェラ  ,牝,3,山口勲,54.0,11,07,1,1,0,-0.5,3,91.9,"1319",0,1,1,1,1,0,467,池田忠好,地,35,20103999,05229,05741,5523E20407,大澤繁昌,岡田牧場,シニスターミニスター,ファシネイト,キングカメハメハ,鹿毛,200501,    0.0,  ,    , 0.0
23,10,07,12,不明,2,06,的場文,3,ダ,1,1400,良,ラインアンジェラ  ,牝,3,的場文男,54.0,10,08,3,3,0,0.5,1,93,"1330",0,1,1,1,1,0,478,池田忠好,地,8,20103999,00817,05741,5523C20608,大澤繁昌,岡田牧場,シニスターミニスター,ファシネイト,キングカメハメハ,鹿毛,200501,    0.0,  ,    , 0.0
23,09,16,11,不明,1,10,ほとめ,3,ダ,1,1400,不,ラインアンジェラ  ,牝,3,金山昇馬,54.0,12,08,2,2,0,0,4,91,"1310",0,1,1,1,1,0,477,池田忠好,地,12,20103999,05601,05741,5523B11008,大澤繁昌,岡田牧場,シニスターミニスター,ファシネイト,キングカメハメハ,鹿毛,200501,    0.0,  ,    , 0.0
23,08,26,10,不明,1,07,３歳－,3,ダ,1,1300,良,ラインアンジェラ  ,牝,3,金山昇馬,54.0,10,09,1,1,0,-0.9,1,84.6,"1246",0,1,1,1,1,0,472,池田忠好,地,40,20103999,05601,05741,5523A10709,大澤繁昌,岡田牧場,シニスターミニスター,ファシネイト,キングカメハメハ,鹿毛,200501,    0.0,  ,    , 0.0
23,08,12,9,不明,1,12,ＳＡＧ,3,ダ,1,1400,稍,ラインアンジェラ  ,牝,3,金山昇馬,54.0,12,06,4,4,0,0.6,1,93.5,"1335",0,2,2,2,3,0,475,池田忠好,地,4,20103999,05601,05741,5523911206,大澤繁昌,岡田牧場,シニスターミニスター,ファシネイト,キングカメハメハ,鹿毛,200501,    0.0,  ,    , 0.0
23,07,08,2,福島,3,03,未勝利・牝,7,ダ,1,1150,良,ラインアンジェラ  ,牝,3,武藤雅,54.0,16,01,14,14,0,2.2,8,71.1,"1111",0,0,0,12,14,38.3,452,水野貴広,美,0,20103999,01169,01094,0323230301,大澤繁昌,岡田牧場,シニスターミニスター,ファシネイト,キングカメハメハ,鹿毛,200501,   18.3,  ,    ,43.4
23,05,21,2,東京,10,03,未勝利,7,ダ,1,1300,稍,ラインアンジェラ  ,牝,3,永野猛蔵,53.0,16,05,9,9,0,0.8,11,79.4,"1194",0,0,0,6,6,37.9,462,水野貴広,美,0,20103999,01188,01094,05232A0305,大澤繁昌,岡田牧場,シニスターミニスター,ファシネイト,キングカメハメハ,鹿毛,200501,   32.4,  ,    ,43.9
23,04,29,2,東京,3,01,未勝利・牝,7,ダ,1,1400,良,ラインアンジェラ  ,牝,3,永野猛蔵,53.0,16,08,6,6,0,0.7,8,87,"1270",0,0,0,3,3,39.1,462,水野貴広,美,0,20103999,01188,01094,0523230108,大澤繁昌,岡田牧場,シニスターミニスター,ファシネイト,キングカメハメハ,鹿毛,200501,   44.5,  ,    ,41.9
23,03,12,2,中山,6,01,未勝利・牝,7,ダ,1,1800,良,ラインアンジェラ  ,牝,3,武藤雅,54.0,16,04,9,9,0,3.1,7,117.6,"1576",0,5,4,6,7,41.7,460,水野貴広,美,0,20103999,01169,01094,0623260104,大澤繁昌,岡田牧場,シニスターミニスター,ファシネイト,キングカメハメハ,鹿毛,200501,   53.3,  ,    ,41.0
23,01,15,1,中山,6,02,未勝利・牝,7,ダ,1,1800,良,ラインアンジェラ  ,牝,3,武藤雅,54.0,16,13,10,10,0,3.4,6,119.7,"1597",0,2,3,4,5,42.5,458,水野貴広,美,0,20103999,01169,01094,0623160213,大澤繁昌,岡田牧場,シニスターミニスター,ファシネイト,キングカメハメハ,鹿毛,200501,   16.1,  ,    ,40.8
22,12,17,5,中山,5,02,未勝利・牝*,7,ダ,1,1800,良,ラインアンジェラ  ,牝,2,武藤雅,54.0,16,01,6,6,0,2.5,7,116.6,"1566",0,5,5,7,7,40,462,水野貴広,美,0,20103999,01169,01094,0622550201,大澤繁昌,岡田牧場,シニスターミニスター,ファシネイト,キングカメハメハ,鹿毛,200501,   16.7,  ,    ,45.8
22,11,19,5,東京,5,04,新馬,15,ダ,1,1400,良,ラインアンジェラ  ,牝,2,菅原明良,54.0,16,11,6,6,0,2.2,4,87.7,"1277",0,0,0,5,6,38,468,水野貴広,美,0,20103999,01179,01094,0522550411,大澤繁昌,岡田牧場,シニスターミニスター,ファシネイト,キングカメハメハ,鹿毛,200501,   21.2,  ,    ,48.1
24,03,16,1,阪神,7,06,１勝ｸﾗｽ*,23,芝,0,1200,良,ロータスワンド    ,牝,3,酒井学,55.0,10,04,10,10,0,1.4,10,70.1,"1101",0,0,0,10,10,34.9,456,中竹和也,栗,0,21106655,01034,01039,0924170604,前田晋二,ノースヒルズ,ロードカナロア,ルシュクル,サクラバクシンオー,鹿毛,210226,  121.3,  ,    ,50.9
24,01,13,1,中山,4,09,菜の花賞･1勝,23,芝,8,1600,良,ロータスワンド    ,牝,3,菅原明良,55.0,12,12,12,12,0,1.5,11,94.9,"1349",0,0,8,10,10,35.2,454,中竹和也,栗,0,21106655,01179,01039,0624140912,前田晋二,ノースヒルズ,ロードカナロア,ルシュクル,サクラバクシンオー,鹿毛,210226,  195.8,  ,    ,51.8
23,12,23,5,阪神,7,09,万両賞･1勝*,23,芝,0,1400,良,ロータスワンド    ,牝,2,菅原明良,55.0,13,06,9,9,0,1.1,9,81.8,"1218",0,0,0,8,9,35.4,462,中竹和也,栗,0,21106655,01179,01039,0923570906,前田晋二,ノースヒルズ,ロードカナロア,ルシュクル,サクラバクシンオー,鹿毛,210226,   64.8,  ,    ,48.3
23,11,04,3,京都,1,11,ファンタG3,163,芝,8,1400,良,ロータスワンド    ,牝,2,藤岡康太,55.0,18,02,13,13,0,1.1,16,81.5,"1215",0,0,0,15,14,34.2,466,中竹和也,栗,0,21106655,01116,01039,0823311102,前田晋二,ノースヒルズ,ロードカナロア,ルシュクル,サクラバクシンオー,鹿毛,210226,   85.3,  ,    ,53.7
23,07,15,2,函館,5,11,函館２歳G3,163,芝,0,1200,重,ロータスワンド    ,牝,2,藤岡佑介,55.0,15,02,15,15,0,2.6,3,74.3,"1143",0,0,0,5,8,39.1,452,中竹和也,栗,0,21106655,01093,01039,0223251102,前田晋二,ノースヒルズ,ロードカナロア,ルシュクル,サクラバクシンオー,鹿毛,210226,    5.8,  ,    ,40.0
23,06,11,1,函館,2,05,新馬,15,芝,0,1200,良,ロータスワンド    ,牝,2,藤岡佑介,55.0,11,11,1,1,0,-0.1,2,70.2,"1102",0,0,0,1,1,35.6,456,中竹和也,栗,720,21106655,01093,01039,0223120511,前田晋二,ノースヒルズ,ロードカナロア,ルシュクル,サクラバクシンオー,鹿毛,210226,    4.1,  ,    ,47.2
24,05,25,2,東京,11,12,２勝ｸﾗｽ,43,ダ,1,1600,良,メラーキ          ,牡,7,松岡正海,58.0,16,10,9,9,0,1.2,16,97.3,"1373",0,0,0,13,14,36.3,480,稲垣幸雄,美,0,17105634,01085,01167,05242B1210,大塚亮一,ノーザンファーム,ハーツクライ,レツィーナ,キャプテンスティーヴ,青鹿,170222,  468.8,  ,    ,50.8
24,02,25,2,中山,2,12,２勝ｸﾗｽ,43,ダ,1,1800,重,メラーキ          ,牡,7,横山和生,58.0,12,02,11,11,0,3.8,12,117.1,"1571",0,4,3,10,12,41.9,480,稲垣幸雄,美,0,17105634,01140,01167,0624221202,大塚亮一,ノーザンファーム,ハーツクライ,レツィーナ,キャプテンスティーヴ,青鹿,170222,  123.7,  ,    ,39.7
24,02,03,1,東京,3,12,２勝ｸﾗｽ,43,ダ,1,1600,良,メラーキ          ,牡,7,松岡正海,58.0,16,11,12,12,0,1.7,11,101.1,"1411",0,0,0,9,7,36.4,484,稲垣幸雄,美,0,17105634,01085,01167,0524131211,大塚亮一,ノーザンファーム,ハーツクライ,レツィーナ,キャプテンスティーヴ,青鹿,170222,  165.5,  ,    ,56.6
23,12,09,5,中山,3,12,２勝ｸﾗｽ,43,ダ,1,2400,良,メラーキ          ,牡,6,松岡正海,58.0,16,14,16,16,0,4.8,14,160.3,"2403",0,1,1,1,2,43.5,484,稲垣幸雄,美,0,17105634,01085,01167,0623531214,大塚亮一,ノーザンファーム,ハーツクライ,レツィーナ,キャプテンスティーヴ,青鹿,170222,  230.0,  ,    ,39.5
23,04,29,2,東京,3,12,２勝ｸﾗｽ,43,ダ,1,2100,良,メラーキ          ,牡,6,松岡正海,58.0,16,06,15,15,0,4.9,13,136,"2160",0,2,2,2,2,42.4,494,稲垣幸雄,美,0,17105634,01085,01167,0523231206,大塚亮一,ノーザンファーム,ハーツクライ,レツィーナ,キャプテンスティーヴ,青鹿,170222,   61.2,  ,    ,38.3
23,03,19,2,中山,8,12,２勝ｸﾗｽ,43,ダ,1,2400,重,メラーキ          ,牡,6,横山武史,58.0,16,08,13,13,0,2.4,5,155.7,"2357",0,1,1,1,2,40.9,494,稲垣幸雄,美,0,17105634,01170,01167,0623281208,大塚亮一,ノーザンファーム,ハーツクライ,レツィーナ,キャプテンスティーヴ,青鹿,170222,    7.0,  ,    ,43.6
23,02,18,1,東京,7,08,２勝ｸﾗｽ,43,ダ,1,2100,稍,メラーキ          ,牡,6,松岡正海,58.0,16,09,5,5,0,0.3,8,132.3,"2123",0,1,1,1,1,38.6,500,稲垣幸雄,美,114,17105634,01085,01167,0523170809,大塚亮一,ノーザンファーム,ハーツクライ,レツィーナ,キャプテンスティーヴ,青鹿,170222,   68.0,  ,    ,47.1
22,10,29,4,東京,8,09,伊勢佐木･2勝,43,ダ,1,2100,良,メラーキ          ,牡,5,坂井瑠星,57.0,16,02,6,6,0,1.5,12,133.1,"2131",0,1,1,1,1,39.1,484,稲垣幸雄,美,0,17105634,01163,01167,0522480902,大塚亮一,ノーザンファーム,ハーツクライ,レツィーナ,キャプテンスティーヴ,青鹿,170222,   44.6,  ,    ,46.2
22,04,30,2,東京,3,12,２勝ｸﾗｽ,43,ダ,1,2100,重,メラーキ          ,牡,5,横山和生,57.0,14,11,10,10,0,1.2,7,131.4,"2114",0,2,2,2,2,36.4,494,稲垣幸雄,美,0,17105634,01140,01167,0522231211,大塚亮一,ノーザンファーム,ハーツクライ,レツィーナ,キャプテンスティーヴ,青鹿,170222,   14.1,  ,    ,54.4
22,04,09,3,中山,5,09,印西特Ｈ･2勝,43,ダ,1,2400,良,メラーキ          ,牡,5,横山和生,55.0,16,07,4,4,0,0.5,2,155.3,"2353",0,1,1,1,1,39.4,492,稲垣幸雄,美,230,17105634,01140,01167,0622350907,大塚亮一,ノーザンファーム,ハーツクライ,レツィーナ,キャプテンスティーヴ,青鹿,170222,    4.7,  ,    ,48.1
22,01,09,1,中山,3,08,１勝ｸﾗｽ,23,ダ,1,2400,良,メラーキ          ,牡,5,戸崎圭太,57.0,15,04,1,1,0,-0.1,6,156,"2360",0,1,1,1,1,38,492,稲垣幸雄,美,770,17105634,05386,01167,0622130804,大塚亮一,ノーザンファーム,ハーツクライ,レツィーナ,キャプテンスティーヴ,青鹿,170222,   13.6,  ,    ,53.5
21,10,23,5,新潟,5,10,岩船特別･1勝,23,芝,0,2200,稍,メラーキ          ,牡,4,吉田隼人,57.0,12,01,8,8,0,1.6,4,136.1,"2161",0,6,5,6,9,37.7,486,友道康夫,栗,0,17105634,01095,01061,0421551001,大塚亮一,ノーザンファーム,ハーツクライ,レツィーナ,キャプテンスティーヴ,青鹿,170222,   10.2,  ,    ,47.9
21,08,08,3,新潟,6,08,１勝ｸﾗｽ,23,芝,0,2200,良,メラーキ          ,牡,4,西村淳也,57.0,16,04,6,6,0,0.3,8,133.9,"2139",0,11,10,12,12,34.9,480,友道康夫,栗,0,17105634,01171,01061,0421360804,大塚亮一,ノーザンファーム,ハーツクライ,レツィーナ,キャプテンスティーヴ,青鹿,170222,   40.3,  ,    ,56.4
21,07,17,3,小倉,5,08,１勝ｸﾗｽ,23,芝,0,2000,良,メラーキ          ,牡,4,角田大和,54.0,15,11,14,14,0,3,6,122.3,"2023",0,2,1,2,4,39.9,490,友道康夫,栗,0,17105634,01186,01061,1021350811,大塚亮一,ノーザンファーム,ハーツクライ,レツィーナ,キャプテンスティーヴ,青鹿,170222,   19.3,  ,    ,38.5
21,06,27,3,阪神,4,07,１勝ｸﾗｽ,23,芝,0,2200,良,メラーキ          ,牡,4,川田将雅,57.0,11,05,7,7,0,1,3,134.3,"2143",0,8,7,10,9,35.4,484,友道康夫,栗,0,17105634,01088,01061,0921340705,大塚亮一,ノーザンファーム,ハーツクライ,レツィーナ,キャプテンスティーヴ,青鹿,170222,    5.4,  ,    ,54.8
21,01,23,1,小倉,3,12,宝満山特･1勝,23,芝,0,2000,稍,メラーキ          ,牡,4,藤岡康太,56.0,14,10,7,7,0,1.2,2,124.9,"2049",0,5,4,2,2,36.9,480,友道康夫,栗,0,17105634,01116,01061,1021131210,大塚亮一,ノーザンファーム,ハーツクライ,レツィーナ,キャプテンスティーヴ,青鹿,170222,    5.2,  ,    ,52.2
20,12,19,3,中京,5,09,１勝ｸﾗｽ,23,芝,0,2200,良,メラーキ          ,牡,3,浜中俊,55.0,18,09,15,15,0,2.9,1,137.7,"2177",0,10,11,5,6,38.5,468,友道康夫,栗,0,17105634,01115,01061,0720350909,大塚亮一,ノーザンファーム,ハーツクライ,レツィーナ,キャプテンスティーヴ,青鹿,170222,    2.1,  ,    ,46.6
20,12,06,3,中京,2,07,１勝ｸﾗｽ,23,芝,0,2200,良,メラーキ          ,牡,3,川田将雅,55.0,18,12,2,2,0,0.1,1,132,"2120",0,5,5,5,5,34.7,470,友道康夫,栗,300,17105634,01088,01061,0720320712,大塚亮一,ノーザンファーム,ハーツクライ,レツィーナ,キャプテンスティーヴ,青鹿,170222,    4.1,  ,    ,55.2
20,08,09,2,新潟,6,08,１勝ｸﾗｽ,23,芝,0,2200,不,メラーキ          ,牡,3,川田将雅,54.0,13,03,3,3,0,0.2,2,138.2,"2182",0,5,5,5,5,35.8,460,友道康夫,栗,190,17105634,01088,01061,0420260803,大塚亮一,ノーザンファーム,ハーツクライ,レツィーナ,キャプテンスティーヴ,青鹿,170222,    4.3,  ,    ,57.3
20,07,25,2,新潟,1,09,燕特別･1勝,23,芝,0,2400,良,メラーキ          ,牡,3,川田将雅,54.0,16,13,2,2,0,0.6,4,145.2,"2252",0,4,4,3,3,35.3,464,友道康夫,栗,420,17105634,01088,01061,0420210913,大塚亮一,ノーザンファーム,ハーツクライ,レツィーナ,キャプテンスティーヴ,青鹿,170222,    9.7,  ,    ,53.8
20,06,28,3,阪神,8,07,１勝ｸﾗｽ,23,芝,0,2200,良,メラーキ          ,牡,3,武豊,53.0,9,05,5,5,0,0.6,5,135,"2150",0,8,8,8,7,36.5,470,友道康夫,栗,76,17105634,00666,01061,0920380705,大塚亮一,ノーザンファーム,ハーツクライ,レツィーナ,キャプテンスティーヴ,青鹿,170222,    8.4,  ,    ,51.2
20,04,19,2,阪神,8,06,１勝ｸﾗｽ*,23,芝,0,2000,良,メラーキ          ,牡,3,石橋脩,56.0,8,02,6,6,0,1.3,5,122.9,"2029",0,4,4,3,3,35.8,460,友道康夫,栗,0,17105634,01077,01061,0920280602,大塚亮一,ノーザンファーム,ハーツクライ,レツィーナ,キャプテンスティーヴ,青鹿,170222,   14.4,  ,    ,54.3
20,03,29,1,中京,8,04,未勝利,7,芝,0,2200,不,メラーキ          ,牡,3,岩田康誠,56.0,17,16,1,1,0,0,6,138.6,"2186",0,7,7,4,6,36.2,462,友道康夫,栗,510,17105634,05203,01061,0720180416,大塚亮一,ノーザンファーム,ハーツクライ,レツィーナ,キャプテンスティーヴ,青鹿,170222,    8.7,  ,    ,56.1
20,01,11,1,京都,3,05,未勝利,7,芝,8,2200,良,メラーキ          ,牡,3,川田将雅,56.0,16,15,12,12,0,2.1,2,139.7,"2197",0,3,4,4,3,38,470,友道康夫,栗,0,17105634,01088,01061,0820130515,大塚亮一,ノーザンファーム,ハーツクライ,レツィーナ,キャプテンスティーヴ,青鹿,170222,    4.5,  ,    ,50.4
19,12,15,5,阪神,6,05,新馬,15,芝,0,2000,良,メラーキ          ,牡,2,スミヨン,55.0,9,04,4,4,0,1,1,123.6,"2036",0,6,6,6,4,35.1,480,友道康夫,栗,110,17105634,05271,01061,0919560504,大塚亮一,ノーザンファーム,ハーツクライ,レツィーナ,キャプテンスティーヴ,青鹿,170222,    2.1,  ,    ,58.1
24,05,19,1,新潟,8,10,火打山特･2勝,43,ダ,1,1200,良,トモジャミ        ,牝,4,石橋脩,56.0,15,04,5,5,0,0.6,11,71.7,"1117",0,0,0,9,7,36.9,512,鈴木伸尋,美,155,20105246,01077,01026,0424181004,吉冨学,佐藤牧場,ヘニーヒューズ,ヤマノローラ,スペシャルウィーク,黒鹿,200312,   31.2,  ,    ,44.3
24,02,24,2,中山,1,12,２勝ｸﾗｽ・牝,43,ダ,1,1200,稍,トモジャミ        ,牝,4,野中悠太,56.0,16,06,7,7,0,0.7,9,71.4,"1114",0,0,0,12,12,36.9,506,鈴木伸尋,美,0,20105246,01158,01026,0624211206,吉冨学,佐藤牧場,ヘニーヒューズ,ヤマノローラ,スペシャルウィーク,黒鹿,200312,   23.2,  ,    ,43.5
24,01,07,1,中山,2,12,２勝ｸﾗｽ,43,ダ,1,1200,良,トモジャミ        ,牝,4,横山武史,56.0,16,04,9,9,0,1.2,2,72.4,"1124",0,0,0,11,10,37,504,鈴木伸尋,美,0,20105246,01170,01026,0624121204,吉冨学,佐藤牧場,ヘニーヒューズ,ヤマノローラ,スペシャルウィーク,黒鹿,200312,    6.6,  ,    ,45.7
23,12,03,5,中山,2,12,２勝ｸﾗｽ,43,ダ,1,1200,良,トモジャミ        ,牝,3,津村明秀,55.0,16,10,7,7,0,0.5,7,72.1,"1121",0,0,0,11,11,37.2,508,鈴木伸尋,美,0,20105246,01092,01026,0623521210,吉冨学,佐藤牧場,ヘニーヒューズ,ヤマノローラ,スペシャルウィーク,黒鹿,200312,   12.4,  ,    ,43.8
23,09,24,4,中山,7,08,１勝ｸﾗｽ,23,ダ,1,1200,稍,トモジャミ        ,牝,3,小林美駒,50.0,16,14,1,1,0,-0.2,2,71.4,"1114",0,0,0,6,4,37.3,500,鈴木伸尋,美,800,20105246,01206,01026,0623470814,吉冨学,佐藤牧場,ヘニーヒューズ,ヤマノローラ,スペシャルウィーク,黒鹿,200312,    4.0,  ,    ,41.4
23,09,09,4,中山,1,06,１勝ｸﾗｽ・牝,23,ダ,1,1200,重,トモジャミ        ,牝,3,津村明秀,54.0,16,13,4,4,0,1,2,70.9,"1109",0,0,0,5,4,36.7,500,鈴木伸尋,美,120,20105246,01092,01026,0623410613,吉冨学,佐藤牧場,ヘニーヒューズ,ヤマノローラ,スペシャルウィーク,黒鹿,200312,    5.2,  ,    ,43.2
23,07,01,2,福島,1,12,１勝ｸﾗｽ,23,ダ,1,1150,重,トモジャミ        ,牝,3,津村明秀,53.0,16,03,4,4,0,0.2,2,68.2,"1082",0,0,0,10,8,36.1,494,鈴木伸尋,美,120,20105246,01092,01026,0323211203,吉冨学,佐藤牧場,ヘニーヒューズ,ヤマノローラ,スペシャルウィーク,黒鹿,200312,    4.5,  ,    ,47.0
23,04,16,3,中山,8,05,１勝ｸﾗｽ*,23,ダ,1,1200,重,トモジャミ        ,牝,3,武豊,54.0,16,12,3,3,0,0.3,4,70.9,"1109",0,0,0,8,5,36.4,504,鈴木伸尋,美,200,20105246,00666,01026,0623380512,吉冨学,佐藤牧場,ヘニーヒューズ,ヤマノローラ,スペシャルウィーク,黒鹿,200312,   10.0,  ,    ,44.8
23,03,26,3,中山,2,06,１勝ｸﾗｽ*,23,ダ,1,1200,不,トモジャミ        ,牝,3,津村明秀,54.0,16,09,4,4,0,0.2,8,72.1,"1121",0,0,0,7,8,38,504,鈴木伸尋,美,120,20105246,01092,01026,0623320609,吉冨学,佐藤牧場,ヘニーヒューズ,ヤマノローラ,スペシャルウィーク,黒鹿,200312,   14.0,  ,    ,39.7
23,01,28,1,中京,9,06,１勝ｸﾗｽ・牝*,23,ダ,1,1400,良,トモジャミ        ,牝,3,横山典弘,54.0,13,09,13,13,0,2.6,2,88.5,"1285",0,0,0,10,9,39.7,494,鈴木伸尋,美,0,20105246,00660,01026,0723190609,吉冨学,佐藤牧場,ヘニーヒューズ,ヤマノローラ,スペシャルウィーク,黒鹿,200312,    6.5,  ,    ,42.2
22,10,20,14,不明,3,11,エーデG3,163,ダ,1,1200,良,トモジャミ        ,牝,2,津村明秀,54.0,16,14,3,3,0,0.7,2,74.4,"1144",0,0,0,5,2,0,510,鈴木伸尋,美,420,20105246,01092,01026,3022E31114,吉冨学,佐藤牧場,ヘニーヒューズ,ヤマノローラ,スペシャルウィーク,黒鹿,200312,    0.0,  ,    , 0.0
22,09,17,4,中山,3,01,未勝利・牝*,7,ダ,1,1200,良,トモジャミ        ,牝,2,津村明秀,54.0,14,14,1,1,0,-0.5,1,71.4,"1114",0,0,0,2,2,36.8,496,鈴木伸尋,美,520,20105246,01092,01026,0622430114,吉冨学,佐藤牧場,ヘニーヒューズ,ヤマノローラ,スペシャルウィーク,黒鹿,200312,    1.4,  ,    ,44.0
22,07,31,2,新潟,2,01,未勝利*,7,ダ,1,1200,良,トモジャミ        ,牝,2,津村明秀,54.0,13,03,2,2,0,1.1,1,72.1,"1121",0,0,0,2,2,38.2,494,鈴木伸尋,美,210,20105246,01092,01026,0422220103,吉冨学,佐藤牧場,ヘニーヒューズ,ヤマノローラ,スペシャルウィーク,黒鹿,200312,    1.9,  ,    ,38.7
22,07,02,2,福島,1,06,新馬,15,ダ,1,1150,良,トモジャミ        ,牝,2,津村明秀,54.0,12,04,2,2,0,0,4,70,"1100",0,0,0,3,3,37.1,498,鈴木伸尋,美,280,20105246,01092,01026,0322210604,吉冨学,佐藤牧場,ヘニーヒューズ,ヤマノローラ,スペシャルウィーク,黒鹿,200312,    7.5,  ,    ,46.7
24,05,25,2,東京,11,09,富嶽賞･2勝,43,ダ,1,1400,良,バンドールロゼ    ,牡,5,原優介,58.0,16,07,13,13,0,2.2,14,86.1,"1261",0,0,0,7,7,36.9,468,清水英克,美,0,19105819,01184,01080,05242B0907,ノルマンディーサラブレッドレーシング,岡田スタツド,ロージズインメイ,ヤマサラグランジュ,サクラバクシンオー,栗毛,190328,  100.7,  ,    ,50.0
24,03,16,2,中山,7,12,２勝ｸﾗｽ,43,ダ,1,1200,良,バンドールロゼ    ,牡,5,丹内祐次,58.0,16,05,11,11,0,1.6,9,72.4,"1124",0,0,0,1,1,38.3,474,清水英克,美,0,19105819,01091,01080,0624271205,ノルマンディーサラブレッドレーシング,岡田スタツド,ロージズインメイ,ヤマサラグランジュ,サクラバクシンオー,栗毛,190328,   30.1,  ,    ,39.0
24,01,21,1,中山,7,08,２勝ｸﾗｽ,43,ダ,1,1200,不,バンドールロゼ    ,牡,5,小林勝太,55.0,15,13,13,13,0,1.7,5,72,"1120",0,0,0,4,5,38.3,482,清水英克,美,0,19105819,01205,01080,0624170813,ノルマンディーサラブレッドレーシング,岡田スタツド,ロージズインメイ,ヤマサラグランジュ,サクラバクシンオー,栗毛,190328,   12.7,  ,    ,38.0
23,10,28,4,新潟,5,03,１勝ｸﾗｽ,23,ダ,1,1200,稍,バンドールロゼ    ,牡,4,丹内祐次,58.0,11,01,1,1,0,-0.5,1,71.7,"1117",0,0,0,1,1,36.7,478,清水英克,美,800,19105819,01091,01080,0423450301,ノルマンディーサラブレッドレーシング,岡田スタツド,ロージズインメイ,ヤマサラグランジュ,サクラバクシンオー,栗毛,190328,    1.9,  ,    ,45.4
23,10,14,4,新潟,1,12,１勝ｸﾗｽ,23,ダ,1,1200,良,バンドールロゼ    ,牡,4,丹内祐次,58.0,15,01,2,2,0,1.8,2,72,"1120",0,0,0,1,1,38,476,清水英克,美,320,19105819,01091,01080,0423411201,ノルマンディーサラブレッドレーシング,岡田スタツド,ロージズインメイ,ヤマサラグランジュ,サクラバクシンオー,栗毛,190328,    3.4,  ,    ,39.5
23,10,01,4,中山,9,06,１勝ｸﾗｽ,23,ダ,1,1200,良,バンドールロゼ    ,牡,4,丹内祐次,58.0,16,04,2,2,0,0,5,71.1,"1111",0,0,0,1,1,37.6,476,清水英克,美,320,19105819,01091,01080,0623490604,ノルマンディーサラブレッドレーシング,岡田スタツド,ロージズインメイ,ヤマサラグランジュ,サクラバクシンオー,栗毛,190328,   14.2,  ,    ,39.1
23,09,10,4,中山,2,04,１勝ｸﾗｽ,23,ダ,1,1200,稍,バンドールロゼ    ,牡,4,木幡巧也,58.0,16,03,4,4,0,0.3,16,71.5,"1115",0,0,0,1,1,37.6,476,清水英克,美,120,19105819,01162,01080,0623420403,ノルマンディーサラブレッドレーシング,岡田スタツド,ロージズインメイ,ヤマサラグランジュ,サクラバクシンオー,栗毛,190328,  168.0,  ,    ,40.2
23,07,27,10,不明,2,08,藻川特,3,ダ,1,1400,良,バンドールロゼ    ,牡,4,角田大河,55.0,12,08,3,3,0,1.3,4,90.2,"1302",0,3,3,3,3,0,478,松永昌博,栗,50,19105819,01199,01083,5023A20808,ノルマンディーサラブレッドレーシング,岡田スタツド,ロージズインメイ,ヤマサラグランジュ,サクラバクシンオー,栗毛,190328,    0.0,  ,    , 0.0
23,05,07,1,京都,6,08,１勝ｸﾗｽ,23,ダ,1,1200,不,バンドールロゼ    ,牡,4,小沢大仁,57.0,16,13,10,10,0,1.1,13,72.6,"1126",0,0,0,12,11,36.8,476,松永昌博,栗,0,19105819,01185,01083,0823160813,ノルマンディーサラブレッドレーシング,岡田スタツド,ロージズインメイ,ヤマサラグランジュ,サクラバクシンオー,栗毛,190328,  187.2,  ,    ,47.3
23,04,22,1,京都,1,07,１勝ｸﾗｽ,23,ダ,1,1200,良,バンドールロゼ    ,牡,4,小沢大仁,57.0,13,10,8,8,0,2,8,74.3,"1143",0,0,0,7,7,37.5,476,松永昌博,栗,0,19105819,01185,01083,0823110710,ノルマンディーサラブレッドレーシング,岡田スタツド,ロージズインメイ,ヤマサラグランジュ,サクラバクシンオー,栗毛,190328,   20.8,  ,    ,48.1
23,03,26,2,中京,6,06,１勝ｸﾗｽ,23,ダ,1,1400,不,バンドールロゼ    ,牡,4,池添謙一,58.0,16,12,11,11,0,1.5,5,86.7,"1267",0,0,0,13,16,37.1,470,松永昌博,栗,0,19105819,01032,01083,0723260612,ノルマンディーサラブレッドレーシング,岡田スタツド,ロージズインメイ,ヤマサラグランジュ,サクラバクシンオー,栗毛,190328,   13.9,  ,    ,50.3
23,03,12,2,中京,2,12,１勝ｸﾗｽ,23,ダ,1,1400,良,バンドールロゼ    ,牡,4,森泰斗,58.0,16,12,5,5,0,0.7,10,85.5,"1255",0,0,0,15,14,36.4,470,松永昌博,栗,80,19105819,05342,01083,0723221212,ノルマンディーサラブレッドレーシング,岡田スタツド,ロージズインメイ,ヤマサラグランジュ,サクラバクシンオー,栗毛,190328,   38.5,  ,    ,51.2
22,12,11,6,中京,4,08,１勝ｸﾗｽ・若,23,ダ,1,1400,良,バンドールロゼ    ,牡,3,角田大河,54.0,16,14,11,11,0,2.1,5,87.4,"1274",0,0,0,6,7,38.9,468,松永昌博,栗,0,19105819,01199,01083,0722640814,ノルマンディーサラブレッドレーシング,岡田スタツド,ロージズインメイ,ヤマサラグランジュ,サクラバクシンオー,栗毛,190328,   10.1,  ,    ,43.5
22,10,01,5,中京,8,04,１勝ｸﾗｽ,23,ダ,1,1400,良,バンドールロゼ    ,牡,3,小沢大仁,54.0,16,08,13,13,0,2.2,8,86.4,"1264",0,0,0,2,2,39.7,458,松永昌博,栗,0,19105819,01185,01083,0722580408,ノルマンディーサラブレッドレーシング,岡田スタツド,ロージズインメイ,ヤマサラグランジュ,サクラバクシンオー,栗毛,190328,   33.8,  ,    ,38.2
22,09,17,5,中京,3,12,１勝ｸﾗｽ,23,ダ,1,1400,良,バンドールロゼ    ,牡,3,角田大河,52.0,16,04,5,5,0,0.5,15,84.7,"1247",0,0,0,1,1,38.1,458,松永昌博,栗,77,19105819,01199,01083,0722531204,ノルマンディーサラブレッドレーシング,岡田スタツド,ロージズインメイ,ヤマサラグランジュ,サクラバクシンオー,栗毛,190328,  142.0,  ,    ,41.7
22,08,27,4,小倉,5,07,１勝ｸﾗｽ,23,ダ,1,1700,良,バンドールロゼ    ,牡,3,小沢大仁,53.0,16,09,15,15,0,2.8,14,108.4,"1484",0,6,7,7,10,40.4,462,松永昌博,栗,0,19105819,01185,01083,1022450709,ノルマンディーサラブレッドレーシング,岡田スタツド,ロージズインメイ,ヤマサラグランジュ,サクラバクシンオー,栗毛,190328,  233.2,  ,    ,41.8
22,05,22,3,中京,6,06,１勝ｸﾗｽ*,23,ダ,1,1400,良,バンドールロゼ    ,牡,3,泉谷楓真,55.0,13,12,7,7,0,1.6,11,86.1,"1261",0,0,0,12,12,38.1,462,松永昌博,栗,0,19105819,01182,01083,0722360612,ノルマンディーサラブレッドレーシング,岡田スタツド,ロージズインメイ,ヤマサラグランジュ,サクラバクシンオー,栗毛,190328,  199.4,  ,    ,44.5
22,05,08,3,中京,2,06,１勝ｸﾗｽ*,23,ダ,1,1400,良,バンドールロゼ    ,牡,3,藤岡康太,56.0,12,11,7,7,0,1.6,11,86.1,"1261",0,0,0,3,3,39.4,468,松永昌博,栗,0,19105819,01116,01083,0722320611,ノルマンディーサラブレッドレーシング,岡田スタツド,ロージズインメイ,ヤマサラグランジュ,サクラバクシンオー,栗毛,190328,  215.3,  ,    ,38.9
22,04,24,2,東京,2,06,１勝ｸﾗｽ*,23,ダ,1,1400,良,バンドールロゼ    ,牡,3,山田敬士,54.0,16,11,11,11,0,3,16,87.2,"1272",0,0,0,5,6,40,468,松永昌博,栗,0,19105819,01173,01083,0522220611,ノルマンディーサラブレッドレーシング,岡田スタツド,ロージズインメイ,ヤマサラグランジュ,サクラバクシンオー,栗毛,190328,  231.8,  ,    ,38.5
22,02,12,1,阪神,1,06,１勝ｸﾗｽ*,23,ダ,1,1400,良,バンドールロゼ    ,牡,3,高倉稜,56.0,16,03,11,11,0,1.5,14,86.3,"1263",0,0,0,10,10,38.3,472,松永昌博,栗,0,19105819,01130,01083,0922110603,ノルマンディーサラブレッドレーシング,岡田スタツド,ロージズインメイ,ヤマサラグランジュ,サクラバクシンオー,栗毛,190328,  235.6,  ,    ,44.0
22,01,23,1,中京,8,02,未勝利,7,ダ,1,1400,良,バンドールロゼ    ,牡,3,池添謙一,56.0,14,06,1,1,0,0,5,87.3,"1273",0,0,0,6,6,39,474,松永昌博,栗,520,19105819,01032,01083,0722180206,ノルマンディーサラブレッドレーシング,岡田スタツド,ロージズインメイ,ヤマサラグランジュ,サクラバクシンオー,栗毛,190328,   11.1,  ,    ,42.9
22,01,16,1,中京,6,03,未勝利,7,ダ,1,1400,良,バンドールロゼ    ,牡,3,池添謙一,56.0,12,01,6,6,0,1.9,9,87.9,"1279",0,0,0,9,10,39.2,482,松永昌博,栗,0,19105819,01032,01083,0722160301,ノルマンディーサラブレッドレーシング,岡田スタツド,ロージズインメイ,ヤマサラグランジュ,サクラバクシンオー,栗毛,190328,  157.0,  ,    ,43.2
21,11,21,5,阪神,6,02,未勝利*,7,ダ,1,1200,良,バンドールロゼ    ,牡,2,小沢大仁,52.0,15,04,8,8,0,2.2,12,74.9,"1149",0,0,0,8,10,38.4,472,松永昌博,栗,0,19105819,01185,01083,0921560204,ノルマンディーサラブレッドレーシング,岡田スタツド,ロージズインメイ,ヤマサラグランジュ,サクラバクシンオー,栗毛,190328,  106.9,  ,    ,45.1
21,11,07,5,阪神,2,04,新馬,15,ダ,1,1200,良,バンドールロゼ    ,牡,2,小沢大仁,52.0,12,09,7,7,0,1.9,4,75.8,"1158",0,0,0,2,2,39.2,484,松永昌博,栗,0,19105819,01185,01083,0921520409,ノルマンディーサラブレッドレーシング,岡田スタツド,ロージズインメイ,ヤマサラグランジュ,サクラバクシンオー,栗毛,190328,    9.6,  ,    ,43.4
24,07,13,3,小倉,5,09,雲仙特別･2勝,43,ダ,1,1000,良,エランティス      ,牝,4,松若風馬,56.0,14,02,4,4,0,0.7,3,58.1,"0581",0,0,0,6,5,35.2,480,杉山晴紀,栗,230,20104429,01154,01157,1024350902,ヒダカ・ブリーダーズ・ユニオン,谷岡牧場,コパノリッキー,サクラスリール,ファンタスティックライト,栗毛,200407,    5.8,  ,    ,47.6
24,05,19,1,新潟,8,10,火打山特･2勝,43,ダ,1,1200,良,エランティス      ,牝,4,泉谷楓真,56.0,15,05,7,7,0,0.6,4,71.7,"1117",0,0,0,3,3,37.6,482,杉山晴紀,栗,0,20104429,01182,01157,0424181005,ヒダカ・ブリーダーズ・ユニオン,谷岡牧場,コパノリッキー,サクラスリール,ファンタスティックライト,栗毛,200407,   11.9,  ,    ,40.7
24,03,09,1,中京,1,09,伊良湖特･2勝,43,ダ,1,1200,良,エランティス      ,牝,4,三浦皇成,56.0,16,01,16,16,0,1.6,1,74.6,"1146",0,0,0,1,1,40.4,482,杉山晴紀,栗,0,20104429,01122,01157,0724110901,ヒダカ・ブリーダーズ・ユニオン,谷岡牧場,コパノリッキー,サクラスリール,ファンタスティックライト,栗毛,200407,    3.5,  ,    ,34.7
24,02,04,1,東京,4,12,２勝ｸﾗｽ,43,ダ,1,1300,良,エランティス      ,牝,4,戸崎圭太,56.0,16,15,4,4,0,0.8,2,79.2,"1192",0,0,0,2,2,37.4,476,杉山晴紀,栗,170,20104429,05386,01157,0524141215,ヒダカ・ブリーダーズ・ユニオン,谷岡牧場,コパノリッキー,サクラスリール,ファンタスティックライト,栗毛,200407,    4.1,  ,    ,45.8
23,12,09,4,中京,3,10,豊川特別･2勝,43,ダ,1,1200,良,エランティス      ,牝,3,松若風馬,55.0,16,10,10,10,0,1.1,1,72.6,"1126",0,0,0,2,2,38.1,486,杉山晴紀,栗,0,20104429,01154,01157,0723431010,ヒダカ・ブリーダーズ・ユニオン,谷岡牧場,コパノリッキー,サクラスリール,ファンタスティックライト,栗毛,200407,    2.7,  ,    ,40.6
23,10,21,4,新潟,3,08,１勝ｸﾗｽ・牝,23,ダ,1,1200,重,エランティス      ,牝,3,佐々木大,54.0,14,06,1,1,0,-0.2,1,70.6,"1106",0,0,0,1,1,36.6,482,杉山晴紀,栗,800,20104429,01197,01157,0423430806,ヒダカ・ブリーダーズ・ユニオン,谷岡牧場,コパノリッキー,サクラスリール,ファンタスティックライト,栗毛,200407,    1.8,  ,    ,42.9
23,08,27,3,小倉,6,12,１勝ｸﾗｽ,23,ダ,1,1000,良,エランティス      ,牝,3,松若風馬,54.0,14,01,2,2,0,0,1,57.9,"0579",0,0,0,1,1,35.5,478,杉山晴紀,栗,320,20104429,01154,01157,1023361201,ヒダカ・ブリーダーズ・ユニオン,谷岡牧場,コパノリッキー,サクラスリール,ファンタスティックライト,栗毛,200407,    1.4,  ,    ,44.6
23,07,16,3,中京,6,02,未勝利・牝,7,ダ,1,1200,良,エランティス      ,牝,3,松若風馬,54.0,16,06,1,1,0,-0.4,1,72.1,"1121",0,0,0,2,2,37.4,478,杉山晴紀,栗,550,20104429,01154,01157,0723360206,ヒダカ・ブリーダーズ・ユニオン,谷岡牧場,コパノリッキー,サクラスリール,ファンタスティックライト,栗毛,200407,    3.8,  ,    ,42.8
23,07,02,3,中京,2,03,未勝利・牝,7,ダ,1,1400,重,エランティス      ,牝,3,松山弘平,54.0,16,04,3,3,0,0.6,1,84.7,"1247",0,0,0,2,2,38.4,482,杉山晴紀,栗,140,20104429,01126,01157,0723320304,ヒダカ・ブリーダーズ・ユニオン,谷岡牧場,コパノリッキー,サクラスリール,ファンタスティックライト,栗毛,200407,    2.0,  ,    ,40.4
23,06,03,3,阪神,1,03,未勝利・牝,7,ダ,1,1200,重,エランティス      ,牝,3,松若風馬,54.0,16,11,3,3,0,0.3,1,71.2,"1112",0,0,0,1,1,36.9,488,杉山晴紀,栗,140,20104429,01154,01157,0923310311,ヒダカ・ブリーダーズ・ユニオン,谷岡牧場,コパノリッキー,サクラスリール,ファンタスティックライト,栗毛,200407,    1.5,  ,    ,43.0
23,05,06,1,京都,5,01,未勝利・牝,7,ダ,1,1400,良,エランティス      ,牝,3,松若風馬,54.0,15,02,3,3,0,0.6,1,86.3,"1263",0,0,0,1,1,39.3,492,杉山晴紀,栗,140,20104429,01154,01157,0823150102,ヒダカ・ブリーダーズ・ユニオン,谷岡牧場,コパノリッキー,サクラスリール,ファンタスティックライト,栗毛,200407,    1.7,  ,    ,39.7
23,04,15,2,阪神,7,01,未勝利・牝,7,ダ,1,1400,不,エランティス      ,牝,3,松若風馬,54.0,16,12,2,2,0,0.3,1,84.9,"1249",0,0,0,2,2,36.8,490,杉山晴紀,栗,220,20104429,01154,01157,0923270112,ヒダカ・ブリーダーズ・ユニオン,谷岡牧場,コパノリッキー,サクラスリール,ファンタスティックライト,栗毛,200407,    3.5,  ,    ,48.0
24,07,14,2,福島,6,09,横手特別･2勝,43,ダ,1,1700,稍,クリノアルバトロス,牡,4,柴田善臣,58.0,12,12,4,4,0,0.7,3,107,"1470",0,6,6,4,6,37.6,508,伊藤伸一,美,230,20101983,00641,01031,0324260912,栗本博晴,日西牧場,アスカクリチャン,クリノテレジア,スクリーンヒーロー,栗毛,200423,    4.5,  ,    ,50.7
24,06,22,3,東京,7,09,清里特別･2勝,43,ダ,1,1400,重,クリノアルバトロス,牡,4,柴田善臣,58.0,16,15,3,3,0,0.3,12,83.1,"1231",0,0,0,8,7,35.9,510,伊藤伸一,美,390,20101983,00641,01031,0524370915,栗本博晴,日西牧場,アスカクリチャン,クリノテレジア,スクリーンヒーロー,栗毛,200423,   84.6,  ,    ,48.6
24,06,15,3,東京,5,10,立川特別･2勝,43,ダ,1,1400,良,クリノアルバトロス,牡,4,北村宏司,58.0,16,11,4,4,0,1,6,84.3,"1243",0,0,0,11,11,35.9,506,伊藤伸一,美,230,20101983,01043,01031,0524351011,栗本博晴,日西牧場,アスカクリチャン,クリノテレジア,スクリーンヒーロー,栗毛,200423,   24.2,  ,    ,51.1
24,05,25,2,東京,11,09,富嶽賞･2勝,43,ダ,1,1400,良,クリノアルバトロス,牡,4,松岡正海,58.0,16,08,8,8,0,1.2,4,85.1,"1251",0,0,0,10,10,35.7,502,伊藤伸一,美,0,20101983,01085,01031,05242B0908,栗本博晴,日西牧場,アスカクリチャン,クリノテレジア,スクリーンヒーロー,栗毛,200423,    8.6,  ,    ,53.8
24,05,04,2,東京,5,12,２勝ｸﾗｽ,43,ダ,1,1600,稍,クリノアルバトロス,牡,4,松岡正海,58.0,13,07,5,5,0,0.6,4,97.8,"1378",0,0,0,7,7,36.3,504,伊藤伸一,美,114,20101983,01085,01031,0524251207,栗本博晴,日西牧場,アスカクリチャン,クリノテレジア,スクリーンヒーロー,栗毛,200423,    9.1,  ,    ,51.7
24,04,13,3,中山,7,12,袖ケ浦特･2勝,43,ダ,1,1200,良,クリノアルバトロス,牡,4,松岡正海,58.0,15,01,5,5,0,0.5,9,71.3,"1113",0,0,0,13,13,35.4,506,伊藤伸一,美,155,20101983,01085,01031,0624371201,栗本博晴,日西牧場,アスカクリチャン,クリノテレジア,スクリーンヒーロー,栗毛,200423,   30.6,  ,    ,51.4
23,12,28,5,中山,9,10,ベストウ･2勝,43,ダ,1,1200,良,クリノアルバトロス,牡,3,松岡正海,57.0,16,01,7,7,0,0.4,10,71.4,"1114",0,0,0,8,8,36.3,500,伊藤伸一,美,0,20101983,01085,01031,0623591001,栗本博晴,日西牧場,アスカクリチャン,クリノテレジア,スクリーンヒーロー,栗毛,200423,   42.6,  ,    ,46.7
23,12,16,5,中山,5,10,舞浜特別･2勝,43,ダ,1,1200,稍,クリノアルバトロス,牡,3,松岡正海,57.0,16,16,5,5,0,0.2,7,72.2,"1122",0,0,0,13,12,36.7,496,伊藤伸一,美,155,20101983,01085,01031,0623551016,栗本博晴,日西牧場,アスカクリチャン,クリノテレジア,スクリーンヒーロー,栗毛,200423,   13.3,  ,    ,46.7
23,11,25,5,東京,7,08,２勝ｸﾗｽ,43,ダ,1,1400,良,クリノアルバトロス,牡,3,松岡正海,57.0,16,05,7,7,0,0.9,11,84.8,"1248",0,0,0,10,9,36.6,502,伊藤伸一,美,0,20101983,01085,01031,0523570805,栗本博晴,日西牧場,アスカクリチャン,クリノテレジア,スクリーンヒーロー,栗毛,200423,   57.3,  ,    ,48.8
23,08,26,3,新潟,5,09,岩室温泉･2勝,43,ダ,1,1200,良,クリノアルバトロス,牡,3,松岡正海,56.0,15,09,7,7,0,0.6,7,72.2,"1122",0,0,0,10,9,36.9,500,伊藤伸一,美,0,20101983,01085,01031,0423350909,栗本博晴,日西牧場,アスカクリチャン,クリノテレジア,スクリーンヒーロー,栗毛,200423,   12.0,  ,    ,45.7
23,07,30,2,新潟,2,12,２勝ｸﾗｽ,43,ダ,1,1200,良,クリノアルバトロス,牡,3,松岡正海,55.0,15,04,5,5,0,1.1,2,71.9,"1119",0,0,0,14,14,36.5,496,伊藤伸一,美,114,20101983,01085,01031,0423221204,栗本博晴,日西牧場,アスカクリチャン,クリノテレジア,スクリーンヒーロー,栗毛,200423,    6.8,  ,    ,47.0
23,07,08,2,福島,3,12,１勝ｸﾗｽ,23,ダ,1,1150,良,クリノアルバトロス,牡,3,松岡正海,55.0,13,01,1,1,0,0,6,68.8,"1088",0,0,0,12,11,35.8,496,伊藤伸一,美,800,20101983,01085,01031,0323231201,栗本博晴,日西牧場,アスカクリチャン,クリノテレジア,スクリーンヒーロー,栗毛,200423,   12.5,  ,    ,50.6
23,06,18,3,東京,6,06,未勝利,7,ダ,1,1400,良,クリノアルバトロス,牡,3,松岡正海,56.0,16,06,1,1,0,-0.1,2,85.1,"1251",0,0,0,7,7,36.5,486,伊藤伸一,美,550,20101983,01085,01031,0523360606,栗本博晴,日西牧場,アスカクリチャン,クリノテレジア,スクリーンヒーロー,栗毛,200423,    4.2,  ,    ,49.9
23,05,28,2,東京,12,02,未勝利,7,ダ,1,1400,良,クリノアルバトロス,牡,3,松岡正海,56.0,16,06,3,3,0,0.7,3,86.1,"1261",0,0,0,8,8,37.8,492,伊藤伸一,美,140,20101983,01085,01031,05232C0206,栗本博晴,日西牧場,アスカクリチャン,クリノテレジア,スクリーンヒーロー,栗毛,200423,    5.0,  ,    ,45.8
23,05,06,2,東京,5,02,未勝利,7,ダ,1,1300,良,クリノアルバトロス,牡,3,松岡正海,56.0,16,16,2,2,0,0.9,3,79.8,"1198",0,0,0,10,10,36.7,496,伊藤伸一,美,220,20101983,01085,01031,0523250216,栗本博晴,日西牧場,アスカクリチャン,クリノテレジア,スクリーンヒーロー,栗毛,200423,   10.1,  ,    ,50.7
23,04,16,3,中山,8,02,未勝利,7,ダ,1,1200,不,クリノアルバトロス,牡,3,松岡正海,56.0,16,09,6,6,0,0.6,11,71.8,"1118",0,0,0,11,10,36.5,496,伊藤伸一,美,0,20101983,01085,01031,0623380209,栗本博晴,日西牧場,アスカクリチャン,クリノテレジア,スクリーンヒーロー,栗毛,200423,  248.9,  ,    ,46.7
23,04,01,3,中山,3,03,未勝利,7,ダ,1,1800,良,クリノアルバトロス,牡,3,松岡正海,56.0,15,09,9,9,0,2.9,7,117.4,"1574",0,14,14,12,9,39.7,498,伊藤伸一,美,0,20101983,01085,01031,0623330309,栗本博晴,日西牧場,アスカクリチャン,クリノテレジア,スクリーンヒーロー,栗毛,200423,   82.0,  ,    ,47.9
23,03,11,2,中山,5,03,未勝利,7,ダ,1,1800,良,クリノアルバトロス,牡,3,吉田豊,56.0,16,13,8,8,0,2.6,7,116.9,"1569",0,5,5,8,8,40.7,500,伊藤伸一,美,0,20101983,00733,01031,0623250313,栗本博晴,日西牧場,アスカクリチャン,クリノテレジア,スクリーンヒーロー,栗毛,200423,   27.6,  ,    ,43.6
23,02,26,2,中山,2,04,未勝利,7,ダ,1,1800,良,クリノアルバトロス,牡,3,松岡正海,56.0,16,15,8,8,0,2,11,117.9,"1579",0,16,15,15,14,38.9,508,伊藤伸一,美,0,20101983,01085,01031,0623220415,栗本博晴,日西牧場,アスカクリチャン,クリノテレジア,スクリーンヒーロー,栗毛,200423,   67.3,  ,    ,51.5
24,05,18,1,新潟,7,11,大日岳特･2勝,43,芝,0,1200,良,クインズプリーズ  ,牝,5,中井裕二,56.0,16,11,2,2,0,0.2,16,69.9,"1099",0,0,0,3,3,35.6,448,藤野健太,栗,620,19100578,01141,01200,0424171111,亀田和弘,新冠橋本牧場,キンシャサノキセキ,ネネグース,クロフネ,鹿毛,190225,   59.2,  ,    ,46.3
24,04,13,1,福島,3,11,ラジオ福･2勝,43,ダ,1,1150,良,クインズプリーズ  ,牝,5,藤懸貴志,56.0,16,01,8,8,0,0.6,5,69.2,"1092",0,0,0,1,1,38.4,452,藤野健太,栗,0,19100578,01138,01200,0324131101,亀田和弘,新冠橋本牧場,キンシャサノキセキ,ネネグース,クロフネ,鹿毛,190225,   15.8,  ,    ,37.5
23,12,17,5,阪神,6,08,２勝ｸﾗｽ・牝,43,ダ,1,1400,稍,クインズプリーズ  ,牝,4,田口貫太,54.0,14,01,10,10,0,1.4,11,86.8,"1268",0,0,0,3,3,40.3,442,吉岡辰弥,栗,0,19100578,01208,01176,0923560801,亀田和弘,新冠橋本牧場,キンシャサノキセキ,ネネグース,クロフネ,鹿毛,190225,   56.5,  ,    ,36.5
23,10,22,4,新潟,4,10,妙高特Ｈ･2勝,43,ダ,1,1200,稍,クインズプリーズ  ,牝,4,吉田隼人,54.0,15,15,6,6,0,0.6,2,71.2,"1112",0,0,0,4,4,37.1,444,吉岡辰弥,栗,0,19100578,01095,01176,0423441015,亀田和弘,新冠橋本牧場,キンシャサノキセキ,ネネグース,クロフネ,鹿毛,190225,    5.4,  ,    ,41.9
23,08,26,3,新潟,5,09,岩室温泉･2勝,43,ダ,1,1200,良,クインズプリーズ  ,牝,4,津村明秀,56.0,15,05,4,4,0,0.4,4,72,"1120",0,0,0,1,1,37.9,442,吉岡辰弥,栗,230,19100578,01092,01176,0423350905,亀田和弘,新冠橋本牧場,キンシャサノキセキ,ネネグース,クロフネ,鹿毛,190225,    7.7,  ,    ,40.0
23,07,30,2,新潟,2,12,２勝ｸﾗｽ,43,ダ,1,1200,良,クインズプリーズ  ,牝,4,原優介,55.0,15,09,4,4,0,0.9,8,71.7,"1117",0,0,0,9,8,37.1,438,吉岡辰弥,栗,170,19100578,01184,01176,0423221209,亀田和弘,新冠橋本牧場,キンシャサノキセキ,ネネグース,クロフネ,鹿毛,190225,   14.7,  ,    ,43.3
23,05,21,1,新潟,8,07,１勝ｸﾗｽ,23,ダ,1,1200,良,クインズプリーズ  ,牝,4,富田暁,56.0,15,11,1,1,0,-0.1,7,71.5,"1115",0,0,0,1,1,37.7,442,吉岡辰弥,栗,800,19100578,01168,01176,0423180711,亀田和弘,新冠橋本牧場,キンシャサノキセキ,ネネグース,クロフネ,鹿毛,190225,   16.4,  ,    ,39.7
23,04,30,1,新潟,2,12,１勝ｸﾗｽ,23,芝,0,1200,重,クインズプリーズ  ,牝,4,吉田隼人,56.0,15,04,6,6,0,0.4,7,70.7,"1107",0,0,0,4,5,35.6,434,吉岡辰弥,栗,0,19100578,01095,01176,0423121204,亀田和弘,新冠橋本牧場,キンシャサノキセキ,ネネグース,クロフネ,鹿毛,190225,   22.1,  ,    ,48.6
23,02,05,1,小倉,8,03,１勝ｸﾗｽ,23,ダ,1,1000,良,クインズプリーズ  ,牝,4,西村淳也,56.0,14,06,4,4,0,0.8,4,59.3,"0593",0,0,0,5,5,36.2,440,吉岡辰弥,栗,120,19100578,01171,01176,1023180306,亀田和弘,新冠橋本牧場,キンシャサノキセキ,ネネグース,クロフネ,鹿毛,190225,    6.0,  ,    ,45.7
23,01,15,1,小倉,2,03,１勝ｸﾗｽ,23,ダ,1,1000,重,クインズプリーズ  ,牝,4,藤岡康太,56.0,14,12,4,4,0,1,2,58.7,"0587",0,0,0,8,9,35.5,432,吉岡辰弥,栗,120,19100578,01116,01176,1023120312,亀田和弘,新冠橋本牧場,キンシャサノキセキ,ネネグース,クロフネ,鹿毛,190225,    4.6,  ,    ,48.0
22,11,10,15,不明,6,09,ポイン,3,ダ,1,1000,稍,クインズプリーズ  ,牝,3,落合玄太,54.0,12,05,1,1,0,-0.7,1,61.3,"1013",0,0,0,3,1,0,446,安田武広,地,45,19100578,05578,05689,3022F60905,亀田和弘,新冠橋本牧場,キンシャサノキセキ,ネネグース,クロフネ,鹿毛,190225,    0.0,  ,    , 0.0
22,10,25,14,不明,4,06,疾風迅,3,ダ,1,1000,良,クインズプリーズ  ,牝,3,服部茂史,54.0,12,11,1,1,0,-1.1,1,61.7,"1017",0,0,0,1,1,0,444,安田武広,地,30,19100578,05286,05689,3022E40611,亀田和弘,新冠橋本牧場,キンシャサノキセキ,ネネグース,クロフネ,鹿毛,190225,    0.0,  ,    , 0.0
22,10,06,13,不明,3,02,３歳以,3,ダ,1,1000,重,クインズプリーズ  ,牝,3,落合玄太,54.0,9,05,1,1,0,-1.2,1,60.9,"1009",0,0,0,2,1,0,446,安田武広,地,30,19100578,05578,05689,3022D30205,亀田和弘,新冠橋本牧場,キンシャサノキセキ,ネネグース,クロフネ,鹿毛,190225,    0.0,  ,    , 0.0
22,07,23,1,札幌,1,04,未勝利,7,芝,0,1200,稍,クインズプリーズ  ,牝,3,菱田裕二,54.0,16,05,6,6,0,1,13,71,"1110",0,0,0,3,3,36.6,438,吉岡辰弥,栗,0,19100578,01144,01176,0122110405,亀田和弘,新冠橋本牧場,キンシャサノキセキ,ネネグース,クロフネ,鹿毛,190225,   60.8,  ,    ,44.0
22,06,26,3,阪神,4,01,未勝利,7,ダ,1,1400,良,クインズプリーズ  ,牝,3,坂井瑠星,54.0,16,15,12,12,0,2.4,10,88.1,"1281",0,0,0,5,5,40.7,442,吉岡辰弥,栗,0,19100578,01163,01176,0922340115,亀田和弘,新冠橋本牧場,キンシャサノキセキ,ネネグース,クロフネ,鹿毛,190225,   35.9,  ,    ,37.3
24,06,01,4,京都,1,12,２勝ｸﾗｽ,43,ダ,1,1200,稍,ダークンストーミー,牡,4,河原田菜,54.0,14,08,12,12,0,1.7,12,73.2,"1132",0,0,0,13,14,37.1,448,小笠倫弘,美,0,20100656,01204,01076,0824411208,荒井眞澄,上山牧場,サトノアラジン,ラブレインボー,フレンチデピュティ,黒鹿,200313,  149.5,  ,    ,47.3
24,05,25,2,東京,11,09,富嶽賞･2勝,43,ダ,1,1400,良,ダークンストーミー,牡,4,三浦皇成,58.0,16,13,11,11,0,2,15,85.9,"1259",0,0,0,16,14,36.1,452,小笠倫弘,美,0,20100656,01122,01076,05242B0913,荒井眞澄,上山牧場,サトノアラジン,ラブレインボー,フレンチデピュティ,黒鹿,200313,  123.8,  ,    ,53.5
24,03,31,3,中山,4,12,２勝ｸﾗｽ,43,ダ,1,1200,良,ダークンストーミー,牡,4,大江原比,54.0,16,10,6,6,0,0.7,11,71.9,"1119",0,0,0,5,5,37,454,小笠倫弘,美,0,20100656,01210,01076,0624341210,荒井眞澄,上山牧場,サトノアラジン,ラブレインボー,フレンチデピュティ,黒鹿,200313,   54.4,  ,    ,44.3
24,01,07,1,中山,2,12,２勝ｸﾗｽ,43,ダ,1,1200,良,ダークンストーミー,牡,4,田辺裕信,58.0,16,11,8,8,0,1.1,7,72.3,"1123",0,0,0,11,11,36.9,444,小笠倫弘,美,0,20100656,01075,01076,0624121211,荒井眞澄,上山牧場,サトノアラジン,ラブレインボー,フレンチデピュティ,黒鹿,200313,   22.0,  ,    ,45.9
23,12,24,5,中山,8,08,冬至特別･2勝,43,ダ,1,1200,良,ダークンストーミー,牡,3,田辺裕信,57.0,14,07,9,9,0,0.9,9,71.7,"1117",0,0,0,12,10,37.2,446,小笠倫弘,美,0,20100656,01075,01076,0623580807,荒井眞澄,上山牧場,サトノアラジン,ラブレインボー,フレンチデピュティ,黒鹿,200313,   56.0,  ,    ,42.7
23,08,20,3,新潟,4,08,１勝ｸﾗｽ,23,ダ,1,1200,良,ダークンストーミー,牡,3,田辺裕信,56.0,15,12,1,1,0,-0.1,7,72.8,"1128",0,0,0,8,8,37.3,444,小笠倫弘,美,800,20100656,01075,01076,0423340812,荒井眞澄,上山牧場,サトノアラジン,ラブレインボー,フレンチデピュティ,黒鹿,200313,   14.0,  ,    ,45.2
23,07,29,2,新潟,1,08,１勝ｸﾗｽ,23,ダ,1,1200,良,ダークンストーミー,牡,3,田辺裕信,55.0,15,13,5,5,0,1.3,3,73.1,"1131",0,0,0,11,12,37,446,小笠倫弘,美,80,20100656,01075,01076,0423210813,荒井眞澄,上山牧場,サトノアラジン,ラブレインボー,フレンチデピュティ,黒鹿,200313,    6.6,  ,    ,47.6
23,03,26,3,中山,2,06,１勝ｸﾗｽ*,23,ダ,1,1200,不,ダークンストーミー,牡,3,横山武史,56.0,16,05,9,9,0,0.6,5,72.5,"1125",0,0,0,14,14,37.7,444,小笠倫弘,美,0,20100656,01170,01076,0623320605,荒井眞澄,上山牧場,サトノアラジン,ラブレインボー,フレンチデピュティ,黒鹿,200313,    9.9,  ,    ,42.3
23,02,26,2,中山,2,03,未勝利,7,ダ,1,1200,良,ダークンストーミー,牡,3,横山武史,56.0,16,15,1,1,0,-0.6,1,72.2,"1122",0,0,0,2,2,38,444,小笠倫弘,美,550,20100656,01170,01076,0623220315,荒井眞澄,上山牧場,サトノアラジン,ラブレインボー,フレンチデピュティ,黒鹿,200313,    1.9,  ,    ,40.0
23,02,05,1,東京,4,01,未勝利,7,ダ,1,1400,良,ダークンストーミー,牡,3,横山武史,56.0,16,07,4,4,0,0.3,2,87,"1270",0,0,0,1,1,38.2,452,小笠倫弘,美,83,20100656,01170,01076,0523140107,荒井眞澄,上山牧場,サトノアラジン,ラブレインボー,フレンチデピュティ,黒鹿,200313,    3.2,  ,    ,45.8
22,12,17,5,中山,5,01,未勝利*,7,ダ,1,1200,良,ダークンストーミー,牡,2,藤田菜七,53.0,16,04,3,3,0,0.1,1,72.3,"1123",0,0,0,5,4,37.6,442,小笠倫弘,美,130,20100656,01164,01076,0622550104,荒井眞澄,上山牧場,サトノアラジン,ラブレインボー,フレンチデピュティ,黒鹿,200313,    2.2,  ,    ,42.3
22,12,03,5,中山,1,01,未勝利*,7,ダ,1,1200,稍,ダークンストーミー,牡,2,藤田菜七,53.0,16,01,3,3,0,0.1,6,72.4,"1124",0,0,0,6,5,37.6,442,小笠倫弘,美,130,20100656,01164,01076,0622510101,荒井眞澄,上山牧場,サトノアラジン,ラブレインボー,フレンチデピュティ,黒鹿,200313,   18.4,  ,    ,42.6
22,11,06,3,福島,2,05,新馬,15,芝,0,1200,良,ダークンストーミー,牡,2,横山琉人,53.0,16,04,7,7,0,0.9,6,71.4,"1114",0,0,0,12,11,34.8,448,小笠倫弘,美,0,20100656,01192,01076,0322320504,荒井眞澄,上山牧場,サトノアラジン,ラブレインボー,フレンチデピュティ,黒鹿,200313,   12.8,  ,    ,55.2
24,05,11,2,東京,7,12,２勝ｸﾗｽ,43,ダ,1,1400,良,アラカザーム      ,牝,6,北村宏司,56.0,12,11,10,10,0,1.1,12,85.2,"1252",0,0,0,6,6,36.9,450,松永康利,美,0,18102338,01043,01093,0524271211,小林竜太郎,村上牧場,アジアエクスプレス,ボンジュールカレン,ゴールドアリュール,栗毛,180407,  153.7,  ,    ,48.2
24,04,20,2,東京,1,08,２勝ｸﾗｽ・牝,43,芝,0,1400,良,アラカザーム      ,牝,6,長浜鴻緒,53.0,10,06,9,9,0,1.3,9,82,"1220",0,0,0,9,9,34.1,448,松永康利,美,0,18102338,01214,01093,0524210806,小林竜太郎,村上牧場,アジアエクスプレス,ボンジュールカレン,ゴールドアリュール,栗毛,180407,  169.8,  ,    ,55.4
24,02,11,1,東京,6,12,２勝ｸﾗｽ,43,ダ,1,1400,稍,アラカザーム      ,牝,6,丸田恭介,56.0,15,14,10,10,0,1.2,12,86.8,"1268",0,0,0,10,13,36.1,454,松永康利,美,0,18102338,01117,01093,0524161214,小林竜太郎,村上牧場,アジアエクスプレス,ボンジュールカレン,ゴールドアリュール,栗毛,180407,   78.3,  ,    ,55.3
24,01,28,1,東京,2,08,２勝ｸﾗｽ,43,ダ,1,1400,良,アラカザーム      ,牝,6,原優介,55.0,16,09,11,11,0,1.3,10,86.5,"1265",0,0,0,15,15,36.6,456,松永康利,美,0,18102338,01184,01093,0524120809,小林竜太郎,村上牧場,アジアエクスプレス,ボンジュールカレン,ゴールドアリュール,栗毛,180407,   70.0,  ,    ,52.3
23,11,05,5,東京,2,08,２勝ｸﾗｽ・牝,43,ダ,1,1400,良,アラカザーム      ,牝,5,田中勝春,56.0,16,07,6,6,0,0.9,9,84.9,"1249",0,0,0,9,8,36.1,466,松永康利,美,0,18102338,00684,01093,0523520807,小林竜太郎,村上牧場,アジアエクスプレス,ボンジュールカレン,ゴールドアリュール,栗毛,180407,   33.5,  ,    ,51.4
23,10,21,4,東京,6,08,２勝ｸﾗｽ,43,ダ,1,1400,良,アラカザーム      ,牝,5,田中勝春,56.0,14,09,2,2,0,0.2,11,85.2,"1252",0,0,0,6,6,35.4,468,松永康利,美,460,18102338,00684,01093,0523460809,小林竜太郎,村上牧場,アジアエクスプレス,ボンジュールカレン,ゴールドアリュール,栗毛,180407,   90.9,  ,    ,55.5
23,06,17,3,東京,5,09,三浦特別･2勝,43,ダ,1,1400,良,アラカザーム      ,牝,5,田中勝春,56.0,16,09,6,6,0,0.3,13,84.5,"1245",0,0,0,7,7,35.9,450,松永康利,美,0,18102338,00684,01093,0523350909,小林竜太郎,村上牧場,アジアエクスプレス,ボンジュールカレン,ゴールドアリュール,栗毛,180407,  152.2,  ,    ,51.5
23,06,04,3,東京,2,12,小金井特･2勝,43,ダ,1,1400,稍,アラカザーム      ,牝,5,田中勝春,56.0,15,13,6,6,0,1.1,13,85,"1250",0,0,0,13,11,36.2,448,松永康利,美,0,18102338,00684,01093,0523321213,小林竜太郎,村上牧場,アジアエクスプレス,ボンジュールカレン,ゴールドアリュール,栗毛,180407,  103.5,  ,    ,51.1
23,04,30,2,東京,4,12,２勝ｸﾗｽ・牝,43,ダ,1,1400,良,アラカザーム      ,牝,5,田中勝春,56.0,15,09,8,8,0,1.2,14,85.5,"1255",0,0,0,11,11,36.3,448,松永康利,美,0,18102338,00684,01093,0523241209,小林竜太郎,村上牧場,アジアエクスプレス,ボンジュールカレン,ゴールドアリュール,栗毛,180407,  120.4,  ,    ,51.7
23,02,05,1,東京,4,12,２勝ｸﾗｽ,43,ダ,1,1300,良,アラカザーム      ,牝,5,田中勝春,56.0,16,03,9,9,0,0.8,11,79,"1190",0,0,0,7,8,37,452,松永康利,美,0,18102338,00684,01093,0523141203,小林竜太郎,村上牧場,アジアエクスプレス,ボンジュールカレン,ゴールドアリュール,栗毛,180407,   59.9,  ,    ,47.3
23,01,29,1,東京,2,08,２勝ｸﾗｽ,43,ダ,1,1400,良,アラカザーム      ,牝,5,田中勝春,56.0,16,14,11,11,0,1.4,10,86.1,"1261",0,0,0,8,8,37.8,460,松永康利,美,0,18102338,00684,01093,0523120814,小林竜太郎,村上牧場,アジアエクスプレス,ボンジュールカレン,ゴールドアリュール,栗毛,180407,   74.4,  ,    ,45.8
22,10,15,4,東京,4,04,１勝ｸﾗｽ,23,ダ,1,1400,稍,アラカザーム      ,牝,4,田中勝春,55.0,12,05,1,1,0,-0.4,6,84.5,"1245",0,0,0,2,2,35.5,456,松永康利,美,770,18102338,00684,01093,0522440405,小林竜太郎,村上牧場,アジアエクスプレス,ボンジュールカレン,ゴールドアリュール,栗毛,180407,   10.2,  ,    ,53.5
22,10,09,4,東京,2,06,１勝ｸﾗｽ・牝,23,ダ,1,1400,稍,アラカザーム      ,牝,4,原優介,52.0,16,01,4,4,0,0.9,5,85.7,"1257",0,0,0,7,7,36.1,458,松永康利,美,120,18102338,01184,01093,0522420601,小林竜太郎,村上牧場,アジアエクスプレス,ボンジュールカレン,ゴールドアリュール,栗毛,180407,   10.0,  ,    ,53.0
22,09,17,4,中山,3,06,１勝ｸﾗｽ・牝,23,ダ,1,1200,良,アラカザーム      ,牝,4,原優介,52.0,15,12,4,4,0,0.7,2,71.8,"1118",0,0,0,10,10,36.6,454,松永康利,美,120,18102338,01184,01093,0622430612,小林竜太郎,村上牧場,アジアエクスプレス,ボンジュールカレン,ゴールドアリュール,栗毛,180407,    5.4,  ,    ,46.2
22,09,03,3,新潟,7,08,１勝ｸﾗｽ・牝,23,ダ,1,1200,稍,アラカザーム      ,牝,4,原優介,52.0,15,03,5,5,0,1.3,7,72.1,"1121",0,0,0,6,6,37.4,450,松永康利,美,77,18102338,01184,01093,0422370803,小林竜太郎,村上牧場,アジアエクスプレス,ボンジュールカレン,ゴールドアリュール,栗毛,180407,   17.3,  ,    ,42.8
22,06,25,3,東京,7,07,１勝ｸﾗｽ・牝,23,ダ,1,1600,良,アラカザーム      ,牝,4,原優介,52.0,16,09,8,8,0,1.6,9,97.8,"1378",0,0,0,10,10,37.4,458,松永康利,美,0,18102338,01184,01093,0522370709,小林竜太郎,村上牧場,アジアエクスプレス,ボンジュールカレン,ゴールドアリュール,栗毛,180407,   43.0,  ,    ,46.9
22,05,01,2,東京,4,07,１勝ｸﾗｽ・牝,23,ダ,1,1400,稍,アラカザーム      ,牝,4,田中勝春,55.0,16,14,3,3,0,0.6,7,84.7,"1247",0,0,0,5,4,36.9,460,松永康利,美,190,18102338,00684,01093,0522240714,小林竜太郎,村上牧場,アジアエクスプレス,ボンジュールカレン,ゴールドアリュール,栗毛,180407,   17.4,  ,    ,47.2
21,12,04,6,中京,1,03,１勝ｸﾗｽ・牝,23,ダ,1,1400,良,アラカザーム      ,牝,3,原優介,51.0,16,13,5,5,0,0.3,8,85.6,"1256",0,0,0,5,4,37.7,444,松永康利,美,76,18102338,01184,01093,0721610313,小林竜太郎,村上牧場,アジアエクスプレス,ボンジュールカレン,ゴールドアリュール,栗毛,180407,   30.3,  ,    ,45.3
21,11,14,5,東京,4,07,１勝ｸﾗｽ,23,ダ,1,1300,良,アラカザーム      ,牝,3,柴田大知,54.0,14,08,7,7,0,0.8,7,79.3,"1193",0,0,0,6,7,36.8,450,松永康利,美,0,18102338,01009,01093,0521540708,小林竜太郎,村上牧場,アジアエクスプレス,ボンジュールカレン,ゴールドアリュール,栗毛,180407,   14.8,  ,    ,49.0
21,09,04,4,新潟,7,08,１勝ｸﾗｽ・牝,23,ダ,1,1200,稍,アラカザーム      ,牝,3,原優介,50.0,15,04,5,5,0,0.8,6,71.4,"1114",0,0,0,3,3,37,446,松永康利,美,76,18102338,01184,01093,0421470804,小林竜太郎,村上牧場,アジアエクスプレス,ボンジュールカレン,ゴールドアリュール,栗毛,180407,   14.8,  ,    ,43.0
21,08,21,4,新潟,3,08,１勝ｸﾗｽ,23,ダ,1,1200,良,アラカザーム      ,牝,3,原優介,49.0,15,08,5,5,0,0.6,9,71.7,"1117",0,0,0,6,6,36.8,448,松永康利,美,76,18102338,01184,01093,0421430808,小林竜太郎,村上牧場,アジアエクスプレス,ボンジュールカレン,ゴールドアリュール,栗毛,180407,   29.8,  ,    ,44.8
21,05,15,2,東京,7,06,１勝ｸﾗｽ・牝*,23,ダ,1,1400,良,アラカザーム      ,牝,3,田中勝春,54.0,16,13,0,0,3,999.9,0,0,"----",0,0,0,0,0,0,436,松永康利,美,0,18102338,00684,01093,0521270613,小林竜太郎,村上牧場,アジアエクスプレス,ボンジュールカレン,ゴールドアリュール,栗毛,180407,    0.0,  ,    , 0.0
21,04,25,2,東京,2,03,１勝ｸﾗｽ*,23,ダ,1,1400,良,アラカザーム      ,牝,3,田中勝春,54.0,16,04,10,10,0,1.4,9,86.1,"1261",0,0,0,14,15,36.7,442,松永康利,美,0,18102338,00684,01093,0521220304,小林竜太郎,村上牧場,アジアエクスプレス,ボンジュールカレン,ゴールドアリュール,栗毛,180407,   65.8,  ,    ,51.0
21,02,14,1,東京,6,01,未勝利,7,ダ,1,1300,良,アラカザーム      ,牝,3,田中勝春,54.0,16,16,1,1,0,-0.7,11,79.5,"1195",0,0,0,10,11,36.7,452,松永康利,美,510,18102338,00684,01093,0521160116,小林竜太郎,村上牧場,アジアエクスプレス,ボンジュールカレン,ゴールドアリュール,栗毛,180407,   47.7,  ,    ,50.0
21,01,23,1,中山,7,03,未勝利,7,ダ,1,1200,良,アラカザーム      ,牝,3,田中勝春,54.0,16,01,5,5,0,0.5,9,74.8,"1148",0,0,0,13,12,38.1,454,松永康利,美,51,18102338,00684,01093,0621170301,小林竜太郎,村上牧場,アジアエクスプレス,ボンジュールカレン,ゴールドアリュール,栗毛,180407,   29.5,  ,    ,46.3
20,11,28,5,東京,8,02,未勝利*,7,ダ,1,1400,良,アラカザーム      ,牝,2,田中勝春,54.0,16,05,7,7,0,1,11,87.4,"1274",0,0,0,5,7,38.3,454,松永康利,美,0,18102338,00684,01093,0520580205,小林竜太郎,村上牧場,アジアエクスプレス,ボンジュールカレン,ゴールドアリュール,栗毛,180407,  161.2,  ,    ,46.1
20,08,09,2,新潟,6,06,新馬・牝,15,芝,8,1600,不,アラカザーム      ,牝,2,田中勝春,54.0,18,02,14,14,0,3.4,13,100.9,"1409",0,0,0,12,14,36.9,462,松永康利,美,0,18102338,00684,01093,0420260602,小林竜太郎,村上牧場,アジアエクスプレス,ボンジュールカレン,ゴールドアリュール,栗毛,180407,   60.9,  ,    ,54.1
24,05,12,1,新潟,6,08,１勝ｸﾗｽ,23,ダ,1,1200,良,スペキオサレジーナ,牝,4,佐々木大,55.0,14,11,1,1,0,-0.2,3,71.8,"1118",0,0,0,8,7,36.6,462,森一誠,美,800,20103316,01197,01201,0424160811,MOMOレーシング,ノーザンファーム,ルーラーシップ,カンデラ,ダイワメジャー,青鹿,200203,    5.2,  ,    ,46.2
24,03,02,1,阪神,3,08,１勝ｸﾗｽ,23,ダ,1,1400,稍,スペキオサレジーナ,牝,4,岩田康誠,56.0,14,01,11,11,0,1.8,3,86.5,"1265",0,0,0,3,5,39,466,安田隆行,栗,0,20103316,05203,00438,0924130801,MOMOレーシング,ノーザンファーム,ルーラーシップ,カンデラ,ダイワメジャー,青鹿,200203,    5.8,  ,    ,41.3
24,02,03,1,東京,3,08,１勝ｸﾗｽ,23,ダ,1,1600,良,スペキオサレジーナ,牝,4,横山和生,56.0,16,11,10,10,0,0.8,4,99.3,"1393",0,0,0,2,2,38.3,468,安田隆行,栗,0,20103316,01140,00438,0524130811,MOMOレーシング,ノーザンファーム,ルーラーシップ,カンデラ,ダイワメジャー,青鹿,200203,   10.6,  ,    ,45.6
24,01,13,1,京都,4,07,１勝ｸﾗｽ・牝,23,ダ,1,1400,良,スペキオサレジーナ,牝,4,岩田望来,55.0,15,03,7,7,0,0.9,2,87,"1270",0,0,0,6,6,37.9,476,安田隆行,栗,0,20103316,01174,00438,0824140703,MOMOレーシング,ノーザンファーム,ルーラーシップ,カンデラ,ダイワメジャー,青鹿,200203,    4.1,  ,    ,47.2
23,10,08,4,東京,2,06,１勝ｸﾗｽ・牝,23,ダ,1,1400,良,スペキオサレジーナ,牝,3,横山典弘,54.0,15,01,11,11,0,1.2,1,86.4,"1264",0,0,0,9,10,37.4,464,安田隆行,栗,0,20103316,00660,00438,0523420601,MOMOレーシング,ノーザンファーム,ルーラーシップ,カンデラ,ダイワメジャー,青鹿,200203,    4.5,  ,    ,48.3
23,09,17,4,阪神,4,06,１勝ｸﾗｽ,23,ダ,1,1400,良,スペキオサレジーナ,牝,3,川田将雅,54.0,16,13,4,4,0,0.5,1,85.4,"1254",0,0,0,11,11,37.7,472,安田隆行,栗,120,20103316,01088,00438,0923440613,MOMOレーシング,ノーザンファーム,ルーラーシップ,カンデラ,ダイワメジャー,青鹿,200203,    2.0,  ,    ,44.9
23,07,29,2,新潟,1,08,１勝ｸﾗｽ,23,ダ,1,1200,良,スペキオサレジーナ,牝,3,川田将雅,53.0,15,14,2,2,0,0.4,1,72.2,"1122",0,0,0,9,8,36.6,462,安田隆行,栗,320,20103316,01088,00438,0423210814,MOMOレーシング,ノーザンファーム,ルーラーシップ,カンデラ,ダイワメジャー,青鹿,200203,    2.0,  ,    ,47.3
23,07,16,3,中京,6,08,１勝ｸﾗｽ・牝,23,ダ,1,1400,良,スペキオサレジーナ,牝,3,横山典弘,53.0,16,16,2,2,0,0,3,84.7,"1247",0,0,0,9,8,37.2,466,安田隆行,栗,320,20103316,00660,00438,0723360816,MOMOレーシング,ノーザンファーム,ルーラーシップ,カンデラ,ダイワメジャー,青鹿,200203,    5.4,  ,    ,45.8
23,05,27,1,京都,11,06,１勝ｸﾗｽ*,23,ダ,1,1400,良,スペキオサレジーナ,牝,3,横山和生,54.0,16,06,3,3,0,0.8,7,85.2,"1252",0,0,0,9,9,37,464,安田隆行,栗,200,20103316,01140,00438,08231B0606,MOMOレーシング,ノーザンファーム,ルーラーシップ,カンデラ,ダイワメジャー,青鹿,200203,   23.2,  ,    ,47.7
23,05,13,2,東京,7,06,１勝ｸﾗｽ・牝*,23,ダ,1,1400,稍,スペキオサレジーナ,牝,3,横山和生,54.0,16,06,6,6,0,0.8,13,83.6,"1236",0,0,0,8,7,35.9,466,安田隆行,栗,0,20103316,01140,00438,0523270606,MOMOレーシング,ノーザンファーム,ルーラーシップ,カンデラ,ダイワメジャー,青鹿,200203,   48.6,  ,    ,49.7
23,02,05,1,中京,12,02,未勝利・牝,7,ダ,1,1400,良,スペキオサレジーナ,牝,3,岩田望来,54.0,15,06,1,1,0,-0.2,2,86.7,"1267",0,0,0,6,4,37.4,468,安田隆行,栗,550,20103316,01174,00438,07231C0206,MOMOレーシング,ノーザンファーム,ルーラーシップ,カンデラ,ダイワメジャー,青鹿,200203,    2.6,  ,    ,48.9
23,01,15,1,中京,6,02,未勝利,7,ダ,1,1400,稍,スペキオサレジーナ,牝,3,横山和生,54.0,16,14,2,2,0,0.1,8,86.6,"1266",0,0,0,9,7,37.8,460,安田隆行,栗,220,20103316,01140,00438,0723160214,MOMOレーシング,ノーザンファーム,ルーラーシップ,カンデラ,ダイワメジャー,青鹿,200203,   15.9,  ,    ,46.8
22,12,24,6,阪神,7,02,未勝利*,7,ダ,1,1200,稍,スペキオサレジーナ,牝,2,横山和生,54.0,16,15,2,2,0,1.2,6,73.8,"1138",0,0,0,7,5,37.3,464,安田隆行,栗,210,20103316,01140,00438,0922670215,MOMOレーシング,ノーザンファーム,ルーラーシップ,カンデラ,ダイワメジャー,青鹿,200203,   30.2,  ,    ,47.9
22,12,03,6,中京,1,04,未勝利*,7,芝,0,2000,良,スペキオサレジーナ,牝,2,斎藤新,54.0,16,04,14,14,0,3,6,124,"2040",0,2,2,2,2,39.7,464,安田隆行,栗,0,20103316,01178,00438,0722610404,MOMOレーシング,ノーザンファーム,ルーラーシップ,カンデラ,ダイワメジャー,青鹿,200203,   10.9,  ,    ,41.0
22,09,25,4,中山,7,01,未勝利・牝*,7,ダ,1,1800,重,スペキオサレジーナ,牝,2,松山弘平,54.0,11,11,8,8,0,2.7,4,116.9,"1569",0,2,2,3,4,42.5,458,安田隆行,栗,0,20103316,01126,00438,0622470111,MOMOレーシング,ノーザンファーム,ルーラーシップ,カンデラ,ダイワメジャー,青鹿,200203,    8.8,  ,    ,37.5
22,09,03,4,小倉,7,02,未勝利*,7,ダ,1,1700,稍,スペキオサレジーナ,牝,2,坂井瑠星,54.0,16,12,6,6,0,2.2,5,108,"1480",0,7,6,6,5,40.2,464,安田隆行,栗,0,20103316,01163,00438,1022470212,MOMOレーシング,ノーザンファーム,ルーラーシップ,カンデラ,ダイワメジャー,青鹿,200203,   14.0,  ,    ,42.0
22,06,04,4,中京,1,05,新馬,15,芝,0,1600,良,スペキオサレジーナ,牝,2,レーン,54.0,9,03,5,5,0,0.7,5,96.1,"1361",0,0,1,2,2,35.2,460,安田隆行,栗,70,20103316,05585,00438,0722410503,MOMOレーシング,ノーザンファーム,ルーラーシップ,カンデラ,ダイワメジャー,青鹿,200203,   14.3,  ,    ,53.8
24,05,19,1,新潟,8,10,火打山特･2勝,43,ダ,1,1200,良,シュバルツガイスト,牡,4,丹内祐次,58.0,15,09,4,4,0,0.6,5,71.7,"1117",0,0,0,6,6,37.1,494,国枝栄,美,230,20103575,01091,00399,0424181009,インゼルレーシング,ノーザンファーム,キタサンブラック,フリーティングスピリット,"Invincible Spirit",黒鹿,200215,   13.0,  ,    ,43.3
24,05,05,1,新潟,4,12,１勝ｸﾗｽ,23,ダ,1,1200,良,シュバルツガイスト,牡,4,佐々木大,57.0,13,04,1,1,0,-0.2,3,72.8,"1128",0,0,0,7,7,36.9,500,国枝栄,美,800,20103575,01197,00399,0424141204,インゼルレーシング,ノーザンファーム,キタサンブラック,フリーティングスピリット,"Invincible Spirit",黒鹿,200215,    4.5,  ,    ,47.3
24,02,25,1,阪神,2,12,１勝ｸﾗｽ,23,ダ,1,1200,不,シュバルツガイスト,牡,4,松山弘平,58.0,15,13,7,7,0,0.9,4,71.9,"1119",0,0,0,8,10,36.3,498,国枝栄,美,0,20103575,01126,00399,0924121213,インゼルレーシング,ノーザンファーム,キタサンブラック,フリーティングスピリット,"Invincible Spirit",黒鹿,200215,    8.6,  ,    ,48.1
23,12,16,5,中山,5,12,１勝ｸﾗｽ,23,ダ,1,1200,稍,シュバルツガイスト,牡,3,武豊,57.0,16,07,9,9,0,1.4,1,72.6,"1126",0,0,0,2,3,37.7,498,国枝栄,美,0,20103575,00666,00399,0623551207,インゼルレーシング,ノーザンファーム,キタサンブラック,フリーティングスピリット,"Invincible Spirit",黒鹿,200215,    4.1,  ,    ,42.6
23,09,24,4,中山,7,08,１勝ｸﾗｽ,23,ダ,1,1200,稍,シュバルツガイスト,牡,3,ルメール,56.0,16,02,5,5,0,1.2,1,72.6,"1126",0,0,0,4,4,38.9,494,国枝栄,美,80,20103575,05339,00399,0623470802,インゼルレーシング,ノーザンファーム,キタサンブラック,フリーティングスピリット,"Invincible Spirit",黒鹿,200215,    2.9,  ,    ,36.6
23,08,12,3,新潟,1,12,１勝ｸﾗｽ,23,ダ,1,1200,良,シュバルツガイスト,牡,3,ルメール,56.0,15,15,2,2,0,0.6,2,71.7,"1117",0,0,0,3,3,36.7,496,国枝栄,美,320,20103575,05339,00399,0423311215,インゼルレーシング,ノーザンファーム,キタサンブラック,フリーティングスピリット,"Invincible Spirit",黒鹿,200215,    5.0,  ,    ,45.4
23,07,22,2,福島,7,12,１勝ｸﾗｽ,23,ダ,1,1150,良,シュバルツガイスト,牡,3,Ｍ．デム,55.0,16,15,4,4,0,0.9,5,69.2,"1092",0,0,0,10,8,37.2,500,国枝栄,美,120,20103575,05212,00399,0323271215,インゼルレーシング,ノーザンファーム,キタサンブラック,フリーティングスピリット,"Invincible Spirit",黒鹿,200215,    8.5,  ,    ,43.8
23,05,06,2,東京,5,07,１勝ｸﾗｽ*,23,芝,0,1400,良,シュバルツガイスト,牡,3,北村宏司,56.0,17,03,15,15,0,2.1,12,82.7,"1227",0,0,0,11,9,36,492,国枝栄,美,0,20103575,01043,00399,0523250703,インゼルレーシング,ノーザンファーム,キタサンブラック,フリーティングスピリット,"Invincible Spirit",黒鹿,200215,   53.6,  ,    ,47.3
23,04,23,2,東京,2,06,１勝ｸﾗｽ*,23,ダ,1,1400,良,シュバルツガイスト,牡,3,北村宏司,56.0,16,10,7,7,0,0.6,7,86.1,"1261",0,0,0,11,9,37.1,496,国枝栄,美,0,20103575,01043,00399,0523220610,インゼルレーシング,ノーザンファーム,キタサンブラック,フリーティングスピリット,"Invincible Spirit",黒鹿,200215,   18.8,  ,    ,49.1
23,01,05,1,中山,1,01,未勝利,7,ダ,1,1200,良,シュバルツガイスト,牡,3,武豊,56.0,16,14,1,1,0,-0.3,1,72.6,"1126",0,0,0,5,5,38.1,486,国枝栄,美,550,20103575,00666,00399,0623110114,インゼルレーシング,ノーザンファーム,キタサンブラック,フリーティングスピリット,"Invincible Spirit",黒鹿,200215,    1.8,  ,    ,40.6
22,12,17,5,中山,5,01,未勝利*,7,ダ,1,1200,良,シュバルツガイスト,牡,2,ルメール,55.0,16,10,2,2,0,0,2,72.2,"1122",0,0,0,3,2,37.7,490,国枝栄,美,210,20103575,05339,00399,0622550110,インゼルレーシング,ノーザンファーム,キタサンブラック,フリーティングスピリット,"Invincible Spirit",黒鹿,200215,    2.3,  ,    ,41.5
22,11,27,5,東京,8,01,未勝利*,7,ダ,1,1400,稍,シュバルツガイスト,牡,2,Ｃ．デム,55.0,16,07,3,3,0,0.4,3,85.6,"1256",0,0,0,9,9,37.3,486,国枝栄,美,130,20103575,05473,00399,0522580107,インゼルレーシング,ノーザンファーム,キタサンブラック,フリーティングスピリット,"Invincible Spirit",黒鹿,200215,    5.2,  ,    ,47.1
22,09,04,2,札幌,8,02,未勝利*,7,芝,0,1500,良,シュバルツガイスト,牡,2,浜中俊,54.0,14,03,12,12,0,2.2,2,92.3,"1323",0,0,6,4,5,38.4,490,国枝栄,美,0,20103575,01115,00399,0122280203,インゼルレーシング,ノーザンファーム,キタサンブラック,フリーティングスピリット,"Invincible Spirit",黒鹿,200215,    4.6,  ,    ,43.6
22,07,24,1,札幌,2,05,新馬,15,芝,0,1800,良,シュバルツガイスト,牡,2,武豊,54.0,9,02,7,7,0,1.3,2,113.6,"1536",0,3,2,2,3,37.1,486,国枝栄,美,0,20103575,00666,00399,0122120502,インゼルレーシング,ノーザンファーム,キタサンブラック,フリーティングスピリット,"Invincible Spirit",黒鹿,200215,    2.4,  ,    ,53.1
24,07,14,3,小倉,6,10,西部日刊･2勝,43,ダ,1,1700,不,ジャミーレ        ,牝,4,坂井瑠星,56.0,15,14,6,6,0,0.7,1,104,"1440",0,2,2,2,2,37.4,494,斉藤崇史,栗,0,20103412,01163,01151,1024361014,キャロットファーム,ノーザンファーム,リアルインパクト,シンハリーズ,Singspiel,栗毛,200302,    4.1,  ,    ,47.1
24,04,27,2,東京,3,08,１勝ｸﾗｽ・牝,23,ダ,1,1400,稍,ジャミーレ        ,牝,4,オシェア,56.0,15,11,1,1,0,-0.1,1,85.7,"1257",0,0,0,9,10,35.2,476,斉藤崇史,栗,800,20103412,05663,01151,0524230811,キャロットファーム,ノーザンファーム,リアルインパクト,シンハリーズ,Singspiel,栗毛,200302,    2.6,  ,    ,57.6
24,04,14,2,阪神,8,08,１勝ｸﾗｽ,23,ダ,1,1400,良,ジャミーレ        ,牝,4,団野大成,56.0,12,04,4,4,0,0.3,1,85.4,"1254",0,0,0,3,4,37.4,478,斉藤崇史,栗,120,20103412,01180,01151,0924280804,キャロットファーム,ノーザンファーム,リアルインパクト,シンハリーズ,Singspiel,栗毛,200302,    2.7,  ,    ,46.3
24,01,13,1,京都,4,07,１勝ｸﾗｽ・牝,23,ダ,1,1400,良,ジャミーレ        ,牝,4,ルメート,55.0,15,04,1,1,0,-0.2,3,86.1,"1261",0,0,0,3,3,37.6,478,斉藤崇史,栗,800,20103412,05659,01151,0824140704,キャロットファーム,ノーザンファーム,リアルインパクト,シンハリーズ,Singspiel,栗毛,200302,    6.8,  ,    ,46.7
23,02,26,1,阪神,6,05,未勝利,7,芝,8,1600,良,ジャミーレ        ,牝,3,団野大成,54.0,17,16,4,4,0,0.2,3,97.5,"1375",0,0,0,4,4,34.9,468,斉藤崇史,栗,83,20103412,01180,01151,0923160516,キャロットファーム,ノーザンファーム,リアルインパクト,シンハリーズ,Singspiel,栗毛,200302,    8.6,  ,    ,57.6
23,01,15,1,小倉,2,05,新馬,15,芝,0,1200,稍,ジャミーレ        ,牝,3,団野大成,54.0,18,12,2,2,0,0.2,1,70.1,"1101",0,0,0,4,3,35.1,468,斉藤崇史,栗,250,20103412,01180,01151,1023120512,キャロットファーム,ノーザンファーム,リアルインパクト,シンハリーズ,Singspiel,栗毛,200302,    2.9,  ,    ,49.7
24,05,05,2,東京,6,12,日吉特別･2勝,43,ダ,1,1300,良,リッキーヤスオカ  ,牡,5,北村友一,58.0,16,13,11,11,0,1.2,11,78.8,"1188",0,0,0,10,10,35.9,506,高橋一哉,栗,0,19101673,01102,01206,0524261213,スリーエイチレーシング,下河辺牧場,コパノリッキー,ラグジャリークラス,"Gone West",栗毛,190220,   55.8,  ,    ,52.4
24,04,13,3,中山,7,12,袖ケ浦特･2勝,43,ダ,1,1200,良,リッキーヤスオカ  ,牡,5,戸崎圭太,58.0,15,08,8,8,0,0.6,8,71.4,"1114",0,0,0,9,8,35.9,510,高橋一哉,栗,0,19101673,05386,01206,0624371208,スリーエイチレーシング,下河辺牧場,コパノリッキー,ラグジャリークラス,"Gone West",栗毛,190220,   22.5,  ,    ,48.9
24,03,23,1,中京,5,12,１勝ｸﾗｽ,23,ダ,1,1200,重,リッキーヤスオカ  ,牡,5,斎藤新,58.0,16,11,1,1,0,0,11,69.9,"1099",0,0,0,8,7,35,506,高橋一哉,栗,800,19101673,01178,01206,0724151211,スリーエイチレーシング,下河辺牧場,コパノリッキー,ラグジャリークラス,"Gone West",栗毛,190220,   52.2,  ,    ,49.7
24,03,03,2,小倉,8,03,１勝ｸﾗｽ,23,ダ,1,1000,稍,リッキーヤスオカ  ,牡,5,斎藤新,58.0,14,10,5,5,0,0.5,7,58.9,"0589",0,0,0,13,13,35.2,506,安田隆行,栗,80,19101673,01178,00438,1024280310,スリーエイチレーシング,下河辺牧場,コパノリッキー,ラグジャリークラス,"Gone West",栗毛,190220,   26.9,  ,    ,51.0
24,01,13,1,京都,4,08,１勝ｸﾗｽ,23,ダ,1,1200,良,リッキーヤスオカ  ,牡,5,北村友一,58.0,16,15,11,11,0,1.6,10,74.2,"1142",0,0,0,4,4,38.2,514,安田隆行,栗,0,19101673,01102,00438,0824140815,スリーエイチレーシング,下河辺牧場,コパノリッキー,ラグジャリークラス,"Gone West",栗毛,190220,   63.9,  ,    ,44.2
23,12,16,4,中京,5,08,１勝ｸﾗｽ,23,ダ,1,1200,重,リッキーヤスオカ  ,牡,4,吉村智洋,58.0,16,07,8,8,0,1.3,13,71.9,"1119",0,0,0,14,11,35.6,498,安田隆行,栗,0,19101673,05390,00438,0723450807,スリーエイチレーシング,下河辺牧場,コパノリッキー,ラグジャリークラス,"Gone West",栗毛,190220,  122.2,  ,    ,52.0
23,11,12,3,福島,4,12,１勝ｸﾗｽ,23,ダ,1,1150,良,リッキーヤスオカ  ,牡,4,斎藤新,58.0,16,05,11,11,0,1.6,16,69.7,"1097",0,0,0,14,15,36.5,502,安田隆行,栗,0,19101673,01178,00438,0323341205,スリーエイチレーシング,下河辺牧場,コパノリッキー,ラグジャリークラス,"Gone West",栗毛,190220,  159.6,  ,    ,49.2
23,09,23,4,阪神,6,09,１勝ｸﾗｽ,23,ダ,1,1200,稍,リッキーヤスオカ  ,牡,4,田口貫太,55.0,16,15,12,12,0,2.7,13,74.3,"1143",0,0,0,15,14,38.2,488,安田隆行,栗,0,19101673,01208,00438,0923460915,スリーエイチレーシング,下河辺牧場,コパノリッキー,ラグジャリークラス,"Gone West",栗毛,190220,   74.3,  ,    ,44.5
23,07,08,2,福島,3,12,１勝ｸﾗｽ,23,ダ,1,1150,良,リッキーヤスオカ  ,牡,4,Ｍ．デム,58.0,13,05,13,13,0,1.2,5,70,"1100",0,0,0,9,10,37.5,496,安田隆行,栗,0,19101673,05212,00438,0323231205,スリーエイチレーシング,下河辺牧場,コパノリッキー,ラグジャリークラス,"Gone West",栗毛,190220,    8.8,  ,    ,44.5
23,05,20,1,京都,9,08,１勝ｸﾗｽ,23,ダ,1,1200,稍,リッキーヤスオカ  ,牡,4,坂井瑠星,58.0,16,06,6,6,0,1.7,7,74.4,"1144",0,0,0,8,7,37.7,496,安田隆行,栗,0,19101673,01163,00438,0823190806,スリーエイチレーシング,下河辺牧場,コパノリッキー,ラグジャリークラス,"Gone West",栗毛,190220,   15.6,  ,    ,47.3
23,05,07,1,京都,6,08,１勝ｸﾗｽ,23,ダ,1,1200,不,リッキーヤスオカ  ,牡,4,西村淳也,58.0,16,01,4,4,0,0.2,3,71.7,"1117",0,0,0,7,7,36.4,494,安田隆行,栗,120,19101673,01171,00438,0823160801,スリーエイチレーシング,下河辺牧場,コパノリッキー,ラグジャリークラス,"Gone West",栗毛,190220,    9.1,  ,    ,47.0
23,02,26,1,阪神,6,07,１勝ｸﾗｽ,23,ダ,1,1200,稍,リッキーヤスオカ  ,牡,4,岩田望来,58.0,15,05,8,8,0,0.6,3,73.7,"1137",0,0,0,10,9,37.8,492,安田隆行,栗,0,19101673,01174,00438,0923160705,スリーエイチレーシング,下河辺牧場,コパノリッキー,ラグジャリークラス,"Gone West",栗毛,190220,    6.3,  ,    ,45.0
23,02,04,1,中京,11,06,１勝ｸﾗｽ,23,ダ,1,1200,良,リッキーヤスオカ  ,牡,4,岩田望来,58.0,16,05,4,4,0,0.4,12,73.3,"1133",0,0,0,7,6,37.6,494,安田隆行,栗,120,19101673,01174,00438,07231B0605,スリーエイチレーシング,下河辺牧場,コパノリッキー,ラグジャリークラス,"Gone West",栗毛,190220,   52.5,  ,    ,44.9
23,01,14,1,中京,5,08,１勝ｸﾗｽ,23,ダ,1,1200,重,リッキーヤスオカ  ,牡,4,岩田望来,58.0,14,02,9,9,0,1.2,9,73.1,"1131",0,0,0,9,8,36.8,494,安田隆行,栗,0,19101673,01174,00438,0723150802,スリーエイチレーシング,下河辺牧場,コパノリッキー,ラグジャリークラス,"Gone West",栗毛,190220,   30.8,  ,    ,48.6
22,10,01,5,中京,8,04,１勝ｸﾗｽ,23,ダ,1,1400,良,リッキーヤスオカ  ,牡,3,北村友一,55.0,16,09,16,16,0,3,11,87.2,"1272",0,0,0,3,2,40.4,500,小崎憲,栗,0,19101673,01102,01085,0722580409,スリーエイチレーシング,下河辺牧場,コパノリッキー,ラグジャリークラス,"Gone West",栗毛,190220,   38.5,  ,    ,36.9
22,07,31,2,新潟,2,08,１勝ｸﾗｽ,23,ダ,1,1200,良,リッキーヤスオカ  ,牡,3,坂井瑠星,54.0,15,07,10,10,0,2.1,7,72.6,"1126",0,0,0,4,5,38.2,502,小崎憲,栗,0,19101673,01163,01085,0422220807,スリーエイチレーシング,下河辺牧場,コパノリッキー,ラグジャリークラス,"Gone West",栗毛,190220,   19.9,  ,    ,40.1
22,05,01,2,阪神,12,02,未勝利,7,ダ,1,1200,不,リッキーヤスオカ  ,牡,3,坂井瑠星,56.0,16,15,1,1,0,-0.2,1,71.8,"1118",0,0,0,1,1,37.1,498,小崎憲,栗,520,19101673,01163,01085,09222C0215,スリーエイチレーシング,下河辺牧場,コパノリッキー,ラグジャリークラス,"Gone West",栗毛,190220,    2.2,  ,    ,43.5
22,03,20,1,阪神,12,02,未勝利,7,ダ,1,1400,重,リッキーヤスオカ  ,牡,3,坂井瑠星,56.0,16,15,3,3,0,0.7,2,85.6,"1256",0,0,0,3,3,38.4,504,小崎憲,栗,130,19101673,01163,01085,09221C0215,スリーエイチレーシング,下河辺牧場,コパノリッキー,ラグジャリークラス,"Gone West",栗毛,190220,    3.0,  ,    ,42.2
22,02,13,1,阪神,2,03,未勝利,7,ダ,1,1400,良,リッキーヤスオカ  ,牡,3,坂井瑠星,56.0,14,14,2,2,0,0.6,2,86.6,"1266",0,0,0,1,1,39.4,512,小崎憲,栗,210,19101673,01163,01085,0922120314,スリーエイチレーシング,下河辺牧場,コパノリッキー,ラグジャリークラス,"Gone West",栗毛,190220,    6.7,  ,    ,39.8
22,01,30,1,中京,10,03,未勝利,7,ダ,1,1400,良,リッキーヤスオカ  ,牡,3,松山弘平,56.0,16,09,4,4,0,1.2,6,86.9,"1269",0,0,0,8,5,39.1,516,小崎憲,栗,78,19101673,01126,01085,07221A0309,スリーエイチレーシング,下河辺牧場,コパノリッキー,ラグジャリークラス,"Gone West",栗毛,190220,   25.3,  ,    ,41.7
21,10,30,4,阪神,7,01,未勝利*,7,ダ,1,1400,良,リッキーヤスオカ  ,牡,2,鮫島克駿,55.0,10,01,8,8,0,2.5,8,88.6,"1286",0,0,0,1,3,41.4,504,小崎憲,栗,0,19101673,01157,01085,0921470101,スリーエイチレーシング,下河辺牧場,コパノリッキー,ラグジャリークラス,"Gone West",栗毛,190220,   22.7,  ,    ,35.5
21,10,09,4,阪神,1,01,未勝利*,7,ダ,1,1800,良,リッキーヤスオカ  ,牡,2,松山弘平,55.0,11,10,6,6,0,3.4,3,117.4,"1574",0,4,4,6,5,40.3,508,小崎憲,栗,0,19101673,01126,01085,0921410110,スリーエイチレーシング,下河辺牧場,コパノリッキー,ラグジャリークラス,"Gone West",栗毛,190220,    5.4,  ,    ,45.7
21,08,21,4,小倉,3,06,新馬,15,ダ,1,1700,良,リッキーヤスオカ  ,牡,2,松山弘平,54.0,16,02,3,3,0,1.1,7,110.3,"1503",0,1,1,1,1,40.4,496,小崎憲,栗,180,19101673,01126,01085,1021430602,スリーエイチレーシング,下河辺牧場,コパノリッキー,ラグジャリークラス,"Gone West",栗毛,190220,   15.1,  ,    ,44.4
24,07,07,2,福島,4,12,彦星賞･2勝,43,ダ,1,1150,良,ストリンジェンド  ,牡,4,戸崎圭太,58.0,16,12,3,3,0,0.3,1,68.5,"1085",0,0,0,9,7,36.8,468,音無秀孝,栗,390,20102702,05386,01002,0324241212,キャロットファーム,社台コーポレーション白老ファーム,キンシャサノキセキ,フォルテピアノ,フレンチデピュティ,鹿毛,200205,    4.5,  ,    ,44.0
24,04,21,3,京都,2,12,２勝ｸﾗｽ,43,ダ,1,1200,稍,ストリンジェンド  ,牡,4,坂井瑠星,58.0,16,08,11,11,0,1,3,73,"1130",0,0,0,3,3,37.9,466,音無秀孝,栗,0,20102702,01163,01002,0824321208,キャロットファーム,社台コーポレーション白老ファーム,キンシャサノキセキ,フォルテピアノ,フレンチデピュティ,鹿毛,200205,    6.3,  ,    ,42.6
24,04,06,2,阪神,5,12,２勝ｸﾗｽ,43,ダ,1,1200,稍,ストリンジェンド  ,牡,4,ムルザバ,58.0,13,13,4,4,0,0.7,1,72.6,"1126",0,0,0,2,2,36.9,470,音無秀孝,栗,170,20102702,05627,01002,0924251213,キャロットファーム,社台コーポレーション白老ファーム,キンシャサノキセキ,フォルテピアノ,フレンチデピュティ,鹿毛,200205,    2.7,  ,    ,46.7
24,02,24,1,阪神,1,08,２勝ｸﾗｽ,43,ダ,1,1200,稍,ストリンジェンド  ,牡,4,ムルザバ,58.0,16,06,2,2,0,0.4,2,72.1,"1121",0,0,0,3,3,36.4,474,音無秀孝,栗,460,20102702,05627,01002,0924110806,キャロットファーム,社台コーポレーション白老ファーム,キンシャサノキセキ,フォルテピアノ,フレンチデピュティ,鹿毛,200205,    3.6,  ,    ,48.1
24,01,27,2,京都,1,09,２勝ｸﾗｽ,43,ダ,1,1200,良,ストリンジェンド  ,牡,4,ルメート,58.0,16,02,2,2,0,0.3,3,71.9,"1119",0,0,0,4,4,37,480,音無秀孝,栗,460,20102702,05659,01002,0824210902,キャロットファーム,社台コーポレーション白老ファーム,キンシャサノキセキ,フォルテピアノ,フレンチデピュティ,鹿毛,200205,    4.7,  ,    ,44.3
23,12,09,4,中京,3,06,１勝ｸﾗｽ,23,ダ,1,1200,良,ストリンジェンド  ,牡,3,ドイル,57.0,16,02,1,1,0,-0.7,2,72.4,"1124",0,0,0,6,4,37.6,482,音無秀孝,栗,800,20102702,05625,01002,0723430602,キャロットファーム,社台コーポレーション白老ファーム,キンシャサノキセキ,フォルテピアノ,フレンチデピュティ,鹿毛,200205,    2.6,  ,    ,42.6
23,11,12,3,福島,4,12,１勝ｸﾗｽ,23,ダ,1,1150,良,ストリンジェンド  ,牡,3,ドイル,57.0,16,04,2,2,0,0.1,2,68.2,"1082",0,0,0,2,2,36.9,474,音無秀孝,栗,320,20102702,05625,01002,0323341204,キャロットファーム,社台コーポレーション白老ファーム,キンシャサノキセキ,フォルテピアノ,フレンチデピュティ,鹿毛,200205,    3.6,  ,    ,42.5
23,10,29,4,新潟,6,06,１勝ｸﾗｽ・若,23,ダ,1,1200,不,ストリンジェンド  ,牡,3,角田大和,56.0,12,11,4,4,0,0.5,1,70.7,"1107",0,0,0,3,4,36.2,484,音無秀孝,栗,120,20102702,01186,01002,0423460611,キャロットファーム,社台コーポレーション白老ファーム,キンシャサノキセキ,フォルテピアノ,フレンチデピュティ,鹿毛,200205,    1.9,  ,    ,45.3
23,09,03,3,小倉,8,08,１勝ｸﾗｽ,23,ダ,1,1000,良,ストリンジェンド  ,牡,3,松山弘平,56.0,13,04,2,2,0,0.3,1,58.1,"0581",0,0,0,5,4,35.3,468,音無秀孝,栗,320,20102702,01126,01002,1023380804,キャロットファーム,社台コーポレーション白老ファーム,キンシャサノキセキ,フォルテピアノ,フレンチデピュティ,鹿毛,200205,    2.6,  ,    ,46.9
23,08,05,2,新潟,3,12,１勝ｸﾗｽ,23,ダ,1,1200,良,ストリンジェンド  ,牡,3,松山弘平,56.0,15,12,2,2,0,0.4,2,71.9,"1119",0,0,0,5,5,37.4,472,音無秀孝,栗,320,20102702,01126,01002,0423231212,キャロットファーム,社台コーポレーション白老ファーム,キンシャサノキセキ,フォルテピアノ,フレンチデピュティ,鹿毛,200205,    4.9,  ,    ,42.2
23,07,15,3,中京,5,12,１勝ｸﾗｽ,23,ダ,1,1200,良,ストリンジェンド  ,牡,3,松山弘平,55.0,16,02,5,5,0,0.4,5,72.1,"1121",0,0,0,7,7,36.1,472,音無秀孝,栗,80,20102702,01126,01002,0723351202,キャロットファーム,社台コーポレーション白老ファーム,キンシャサノキセキ,フォルテピアノ,フレンチデピュティ,鹿毛,200205,   10.5,  ,    ,49.7
23,04,22,1,京都,1,05,１勝ｸﾗｽ*,23,ダ,1,1400,良,ストリンジェンド  ,牡,3,北村友一,56.0,16,05,7,7,0,2.1,10,86.8,"1268",0,0,0,1,1,40.6,482,音無秀孝,栗,0,20102702,01102,01002,0823110505,キャロットファーム,社台コーポレーション白老ファーム,キンシャサノキセキ,フォルテピアノ,フレンチデピュティ,鹿毛,200205,   56.0,  ,    ,35.3
23,04,08,2,阪神,5,06,１勝ｸﾗｽ*,23,芝,0,1200,稍,ストリンジェンド  ,牡,3,鮫島克駿,56.0,11,01,6,6,0,0.7,5,69.7,"1097",0,0,0,5,3,35.6,480,音無秀孝,栗,0,20102702,01157,01002,0923250601,キャロットファーム,社台コーポレーション白老ファーム,キンシャサノキセキ,フォルテピアノ,フレンチデピュティ,鹿毛,200205,   25.8,  ,    ,45.8
23,02,25,1,阪神,5,05,１勝ｸﾗｽ*,23,ダ,1,1200,稍,ストリンジェンド  ,牡,3,吉田隼人,56.0,16,13,10,10,0,1.9,5,73.4,"1134",0,0,0,6,3,38,482,音無秀孝,栗,0,20102702,01095,01002,0923150513,キャロットファーム,社台コーポレーション白老ファーム,キンシャサノキセキ,フォルテピアノ,フレンチデピュティ,鹿毛,200205,   13.2,  ,    ,43.2
22,12,24,5,中山,7,07,１勝ｸﾗｽ*,23,ダ,1,1200,稍,ストリンジェンド  ,牡,2,マーカン,55.0,16,03,8,8,0,0.9,8,72,"1120",0,0,0,7,7,37.6,478,音無秀孝,栗,0,20102702,05626,01002,0622570703,キャロットファーム,社台コーポレーション白老ファーム,キンシャサノキセキ,フォルテピアノ,フレンチデピュティ,鹿毛,200205,   27.0,  ,    ,41.5
22,12,11,6,阪神,4,06,１勝ｸﾗｽ*,23,ダ,1,1200,良,ストリンジェンド  ,牡,2,イーガン,55.0,8,02,3,3,0,0.7,2,73.5,"1135",0,0,0,1,1,38.5,474,音無秀孝,栗,190,20102702,05620,01002,0922640602,キャロットファーム,社台コーポレーション白老ファーム,キンシャサノキセキ,フォルテピアノ,フレンチデピュティ,鹿毛,200205,    5.5,  ,    ,40.9
22,10,22,4,新潟,3,03,未勝利*,7,ダ,1,1200,良,ストリンジェンド  ,牡,2,角田大河,52.0,13,13,1,1,0,-0.7,1,73.4,"1134",0,0,0,5,4,38.2,470,音無秀孝,栗,520,20102702,01199,01002,0422430313,キャロットファーム,社台コーポレーション白老ファーム,キンシャサノキセキ,フォルテピアノ,フレンチデピュティ,鹿毛,200205,    1.7,  ,    ,42.1
22,10,08,4,阪神,1,01,未勝利*,7,ダ,1,1200,重,ストリンジェンド  ,牡,2,北村友一,55.0,10,09,2,2,0,0.2,2,71.8,"1118",0,0,0,3,3,37.2,470,音無秀孝,栗,210,20102702,01102,01002,0922410109,キャロットファーム,社台コーポレーション白老ファーム,キンシャサノキセキ,フォルテピアノ,フレンチデピュティ,鹿毛,200205,    3.7,  ,    ,43.0
22,09,10,5,中京,1,01,未勝利*,7,ダ,1,1400,不,ストリンジェンド  ,牡,2,北村友一,54.0,12,05,2,2,0,0.3,1,84.6,"1246",0,0,0,5,4,37,472,音無秀孝,栗,210,20102702,01102,01002,0722510105,キャロットファーム,社台コーポレーション白老ファーム,キンシャサノキセキ,フォルテピアノ,フレンチデピュティ,鹿毛,200205,    2.7,  ,    ,46.5
22,07,09,3,小倉,3,05,新馬,15,芝,0,1200,稍,ストリンジェンド  ,牡,2,北村友一,54.0,10,01,5,5,0,0.8,3,69.8,"1098",0,0,0,1,2,35.7,472,音無秀孝,栗,70,20102702,01102,01002,1022330501,キャロットファーム,社台コーポレーション白老ファーム,キンシャサノキセキ,フォルテピアノ,フレンチデピュティ,鹿毛,200205,    4.8,  ,    ,45.5
24,04,06,2,阪神,5,12,２勝ｸﾗｽ,43,ダ,1,1200,稍,ヒビキ            ,牡,4,西村淳也,58.0,13,08,9,9,0,0.9,5,72.8,"1128",0,0,0,2,2,37.3,490,辻野泰之,栗,0,20105517,01171,01183,0924251208,石川達絵,長浜牧場,ドゥラメンテ,ジプシーマイラブ,Manduro,青鹿,200325,   14.2,  ,    ,45.2
24,03,09,1,中京,1,09,伊良湖特･2勝,43,ダ,1,1200,良,ヒビキ            ,牡,4,富田暁,58.0,16,14,7,7,0,0.3,2,73.3,"1133",0,0,0,4,5,38.5,494,辻野泰之,栗,0,20105517,01168,01183,0724110914,石川達絵,長浜牧場,ドゥラメンテ,ジプシーマイラブ,Manduro,青鹿,200325,    6.1,  ,    ,40.4
24,02,24,1,阪神,1,08,２勝ｸﾗｽ,43,ダ,1,1200,稍,ヒビキ            ,牡,4,西村淳也,58.0,16,04,7,7,0,0.8,4,72.5,"1125",0,0,0,1,1,37.3,500,辻野泰之,栗,0,20105517,01171,01183,0924110804,石川達絵,長浜牧場,ドゥラメンテ,ジプシーマイラブ,Manduro,青鹿,200325,    7.1,  ,    ,44.4
23,12,09,4,中京,3,10,豊川特別･2勝,43,ダ,1,1200,良,ヒビキ            ,牡,3,富田暁,57.0,16,09,4,4,0,0.3,6,71.8,"1118",0,0,0,4,4,36.9,492,辻野泰之,栗,230,20105517,01168,01183,0723431009,石川達絵,長浜牧場,ドゥラメンテ,ジプシーマイラブ,Manduro,青鹿,200325,   14.2,  ,    ,44.6
23,11,19,3,福島,6,07,１勝ｸﾗｽ・若,23,ダ,1,1150,重,ヒビキ            ,牡,3,富田暁,57.0,16,08,1,1,0,-0.3,3,68.3,"1083",0,0,0,2,1,37.3,492,辻野泰之,栗,800,20105517,01168,01183,0323360708,石川達絵,長浜牧場,ドゥラメンテ,ジプシーマイラブ,Manduro,青鹿,200325,    4.1,  ,    ,40.7
23,10,29,4,新潟,6,08,１勝ｸﾗｽ,23,ダ,1,1200,不,ヒビキ            ,牡,3,富田暁,57.0,11,07,2,2,0,0.1,2,70.7,"1107",0,0,0,1,1,36.1,494,辻野泰之,栗,320,20105517,01168,01183,0423460807,石川達絵,長浜牧場,ドゥラメンテ,ジプシーマイラブ,Manduro,青鹿,200325,    5.4,  ,    ,45.8
23,10,09,2,京都,3,08,１勝ｸﾗｽ,23,ダ,1,1200,重,ヒビキ            ,牡,3,浜中俊,57.0,16,09,5,5,0,0.4,8,73.2,"1132",0,0,0,3,3,38.3,486,辻野泰之,栗,80,20105517,01115,01183,0823230809,石川達絵,長浜牧場,ドゥラメンテ,ジプシーマイラブ,Manduro,青鹿,200325,   16.3,  ,    ,41.1
23,09,18,4,阪神,5,12,１勝ｸﾗｽ,23,ダ,1,1200,良,ヒビキ            ,牡,3,和田竜二,56.0,16,01,12,12,0,2.3,2,75.1,"1151",0,0,0,2,2,40,486,辻野泰之,栗,0,20105517,01018,01183,0923451201,石川達絵,長浜牧場,ドゥラメンテ,ジプシーマイラブ,Manduro,青鹿,200325,    4.4,  ,    ,37.7
23,04,01,2,阪神,3,03,未勝利,7,ダ,1,1200,良,ヒビキ            ,牡,3,和田竜二,56.0,16,04,1,1,0,-0.1,1,73,"1130",0,0,0,1,1,36.9,478,辻野泰之,栗,550,20105517,01018,01183,0923230304,石川達絵,長浜牧場,ドゥラメンテ,ジプシーマイラブ,Manduro,青鹿,200325,    3.3,  ,    ,47.8
23,03,19,1,阪神,12,02,未勝利,7,ダ,1,1400,重,ヒビキ            ,牡,3,和田竜二,56.0,16,08,5,5,0,1.2,6,86.4,"1264",0,0,0,2,2,39.1,478,辻野泰之,栗,55,20105517,01018,01183,09231C0208,石川達絵,長浜牧場,ドゥラメンテ,ジプシーマイラブ,Manduro,青鹿,200325,   18.8,  ,    ,40.7
23,01,15,1,中京,6,02,未勝利,7,ダ,1,1400,稍,ヒビキ            ,牡,3,イーガン,56.0,16,03,11,11,0,1.7,3,88.2,"1282",0,0,0,2,2,40.4,480,辻野泰之,栗,0,20105517,05620,01183,0723160203,石川達絵,長浜牧場,ドゥラメンテ,ジプシーマイラブ,Manduro,青鹿,200325,    6.2,  ,    ,38.7
22,12,25,6,阪神,8,03,未勝利*,7,芝,8,1600,良,ヒビキ            ,牡,2,鮫島克駿,55.0,15,09,6,6,0,0.4,6,96.3,"1363",0,0,0,2,4,34.7,484,辻野泰之,栗,0,20105517,01157,01183,0922680309,石川達絵,長浜牧場,ドゥラメンテ,ジプシーマイラブ,Manduro,青鹿,200325,   18.7,  ,    ,56.5
22,12,11,6,阪神,4,05,新馬,15,芝,8,1600,良,ヒビキ            ,牡,2,松山弘平,55.0,14,01,11,11,0,1.4,4,97.4,"1374",0,0,0,4,6,35.2,486,辻野泰之,栗,0,20105517,01126,01183,0922640501,石川達絵,長浜牧場,ドゥラメンテ,ジプシーマイラブ,Manduro,青鹿,200325,    7.4,  ,    ,56.0
24,03,09,1,中京,1,09,伊良湖特･2勝,43,ダ,1,1200,良,アタカンテ        ,牝,5,西塚洸二,56.0,16,15,14,14,0,1.2,16,74.2,"1142",0,0,0,2,2,40,494,藤原英昭,栗,0,19106608,01200,01055,0724110915,幅田昌伸,フジワラフアーム,ルーラーシップ,ワイドサファイア,アグネスタキオン,鹿毛,190516,  262.5,  ,    ,35.5
24,02,10,2,小倉,1,11,紫川特別･2勝,43,ダ,1,1700,良,アタカンテ        ,牝,5,西塚洸二,56.0,16,11,15,15,0,2.3,14,106.6,"1466",0,2,2,1,2,39.9,492,藤原英昭,栗,0,19106608,01200,01055,1024211111,幅田昌伸,フジワラフアーム,ルーラーシップ,ワイドサファイア,アグネスタキオン,鹿毛,190516,  240.6,  ,    ,41.2
23,10,21,2,京都,6,12,２勝ｸﾗｽ,43,ダ,1,1200,良,アタカンテ        ,牝,4,浜中俊,56.0,16,09,14,14,0,2.4,16,73.4,"1134",0,0,0,12,13,37.5,490,藤原英昭,栗,0,19106608,01115,01055,0823261209,幅田昌伸,フジワラフアーム,ルーラーシップ,ワイドサファイア,アグネスタキオン,鹿毛,190516,  182.0,  ,    ,45.7
23,10,09,2,京都,3,12,２勝ｸﾗｽ・牝,43,ダ,1,1400,重,アタカンテ        ,牝,4,西塚洸二,53.0,13,01,13,13,0,2.8,10,87.5,"1275",0,0,0,2,2,41.4,494,藤原英昭,栗,0,19106608,01200,01055,0823231201,幅田昌伸,フジワラフアーム,ルーラーシップ,ワイドサファイア,アグネスタキオン,鹿毛,190516,   99.9,  ,    ,33.5
23,04,30,2,東京,4,12,２勝ｸﾗｽ・牝,43,ダ,1,1400,良,アタカンテ        ,牝,4,田辺裕信,56.0,15,04,14,14,0,2.2,9,86.5,"1265",0,0,0,4,4,38.2,492,藤原英昭,栗,0,19106608,01075,01055,0523241204,幅田昌伸,フジワラフアーム,ルーラーシップ,ワイドサファイア,アグネスタキオン,鹿毛,190516,   41.1,  ,    ,44.8
23,01,05,1,中京,1,07,２勝ｸﾗｽ,43,ダ,1,1200,良,アタカンテ        ,牝,4,鷲頭虎太,53.0,16,05,6,6,0,0.6,11,73,"1130",0,0,0,12,12,36.9,480,藤原英昭,栗,0,19106608,01202,01055,0723110705,幅田昌伸,フジワラフアーム,ルーラーシップ,ワイドサファイア,アグネスタキオン,鹿毛,190516,   28.3,  ,    ,47.8
22,12,11,6,中京,4,06,１勝ｸﾗｽ・牝,23,ダ,1,1200,良,アタカンテ        ,牝,3,鷲頭虎太,51.0,15,01,1,1,0,-0.2,4,73.2,"1132",0,0,0,5,4,37.8,482,藤原英昭,栗,770,19106608,01202,01055,0722640601,幅田昌伸,フジワラフアーム,ルーラーシップ,ワイドサファイア,アグネスタキオン,鹿毛,190516,    8.9,  ,    ,43.7
22,10,29,4,新潟,5,03,１勝ｸﾗｽ・牝,23,ダ,1,1200,稍,アタカンテ        ,牝,3,鷲頭虎太,50.0,14,11,4,4,0,0.6,5,72.1,"1121",0,0,0,6,6,37.6,504,藤原英昭,栗,120,19106608,01202,01055,0422450311,幅田昌伸,フジワラフアーム,ルーラーシップ,ワイドサファイア,アグネスタキオン,鹿毛,190516,   14.1,  ,    ,41.8
22,10,16,4,新潟,2,03,１勝ｸﾗｽ・牝,23,ダ,1,1200,良,アタカンテ        ,牝,3,鷲頭虎太,50.0,15,13,9,9,0,0.9,10,72.6,"1126",0,0,0,13,11,36.9,510,藤原英昭,栗,0,19106608,01202,01055,0422420313,幅田昌伸,フジワラフアーム,ルーラーシップ,ワイドサファイア,アグネスタキオン,鹿毛,190516,   36.4,  ,    ,46.7
22,06,12,4,中京,4,07,１勝ｸﾗｽ・牝,23,ダ,1,1400,良,アタカンテ        ,牝,3,藤田菜七,50.0,16,05,16,16,0,2.9,7,87.1,"1271",0,0,0,9,8,40.4,476,藤原英昭,栗,0,19106608,01164,01055,0722440705,幅田昌伸,フジワラフアーム,ルーラーシップ,ワイドサファイア,アグネスタキオン,鹿毛,190516,   17.1,  ,    ,36.7
22,05,14,1,新潟,3,01,未勝利・牝,7,ダ,1,1200,稍,アタカンテ        ,牝,3,藤田菜七,52.0,15,02,1,1,0,-0.5,1,72,"1120",0,0,0,5,5,38.4,484,藤原英昭,栗,520,19106608,01164,01055,0422130102,幅田昌伸,フジワラフアーム,ルーラーシップ,ワイドサファイア,アグネスタキオン,鹿毛,190516,    2.4,  ,    ,37.5
22,03,27,2,中京,6,02,未勝利,7,ダ,1,1200,不,アタカンテ        ,牝,3,藤田菜七,52.0,16,12,2,2,0,0.2,1,72.4,"1124",0,0,0,3,3,37.1,480,藤原英昭,栗,210,19106608,01164,01055,0722260212,幅田昌伸,フジワラフアーム,ルーラーシップ,ワイドサファイア,アグネスタキオン,鹿毛,190516,    3.6,  ,    ,45.1
22,02,26,2,小倉,5,01,未勝利,7,ダ,1,1700,良,アタカンテ        ,牝,3,鮫島克駿,54.0,16,09,12,12,0,3.1,5,109.8,"1498",0,8,7,9,9,40.6,490,藤原英昭,栗,0,19106608,01157,01055,1022250109,幅田昌伸,フジワラフアーム,ルーラーシップ,ワイドサファイア,アグネスタキオン,鹿毛,190516,    7.4,  ,    ,43.0
22,02,06,1,中京,12,03,未勝利・牝,7,ダ,1,1400,稍,アタカンテ        ,牝,3,福永祐一,54.0,16,10,3,3,0,1.2,2,86.5,"1265",0,0,0,2,2,38.6,486,藤原英昭,栗,130,19106608,01014,01055,07221C0310,幅田昌伸,フジワラフアーム,ルーラーシップ,ワイドサファイア,アグネスタキオン,鹿毛,190516,    2.9,  ,    ,43.1
21,12,26,6,阪神,8,02,未勝利*,7,ダ,1,1400,良,アタカンテ        ,牝,2,鮫島克駿,54.0,16,05,4,4,0,0.4,2,86.8,"1268",0,0,0,3,2,38.9,498,藤原英昭,栗,64,19106608,01157,01055,0921680205,幅田昌伸,フジワラフアーム,ルーラーシップ,ワイドサファイア,アグネスタキオン,鹿毛,190516,    3.9,  ,    ,42.4
21,12,04,6,阪神,1,06,新馬,15,ダ,1,1400,良,アタカンテ        ,牝,2,福永祐一,54.0,10,06,2,2,0,0.1,1,86.8,"1268",0,0,0,3,2,37.7,498,藤原英昭,栗,280,19106608,01014,01055,0921610606,幅田昌伸,フジワラフアーム,ルーラーシップ,ワイドサファイア,アグネスタキオン,鹿毛,190516,    2.8,  ,    ,47.7
