201302010504
201302020305
201302020402
201302030102
201302030204
201302040301
201302040401
201305020107
201305020401
201305050408
201305050504
201305050601
201306030703
201306050504
201306050509
201308010603
201308020302
201308020509
201308020603
201308030801
201308040211
201308040307
201308040601
201308050102
201308050202
201309010304
201309010811
201309020101
201309020202
201309020411
201309040209
201309050204
201309050309
201310021201
201401010512
201402010202
201402010409
201403020101
201404030203
201404030609
201405040402
201405040602
201405050203
201405050303
201406030802
201408010904
201408020411
201408030503
201408030806
201408040204
201408040403
201408050406
201408050802
201409010109
201409010311
201409010509
201409020611
201409050705
201410020301
201504020301
201504030302
201504030401
201505030501
201505040501
201505050104
201505050209
201506030603
201506040109
201506050701
201506050801
201508040409
201508040808
201509040101
201509040102
201509040502
201509050707
201510010101
201510020701
201510020901
201510021104
201601010201
201601020401
201602020501
201603010102
201603010103
201605030309
201605040701
201605050101
201606010502
201606020305
201606050901
201607020101
201608010201
201608020411
201608020701
201608031002
201608040401
201608040603
201608050308
201608050408
201609010201
201609010206
201609010608
201609020605
201609030501
201609040605
201609040611
201609040705
201609040802
201701010101
201701010201
201701010205
201702020101
201702020501
201702020605
201704010401
201704030102
201704030111
201704030301
201705010409
201705030501
201705040207
201705040701
201705050102
201705050206
201705050511
201706020305
201706050111
201706050504
201706050710
201707040110
201708010301
201708010401
201708020301
201708020809
201708030209
201708040103
201708040603
201708040803
201708050203
201708050307
201709010811
201709020111
201709040101
201709040205
201709040401
201709040502
201709040601
201709040803
201709050101
201709050105
201709050601
201710020201
201801010101
201801010201
201801010402
201801010510
201801010609
201801020401
201801020405
201802020205
201804020201
201804020301
201804020305
201805030701
201805040102
201805040111
201805040401
201805040403
201805040602
201805040608
201805040702
201805040903
201805050303
201805050405
201805050702
201806030703
201806030711
201806040109
201806040202
201806040502
201806050701
201807030105
201807030201
201808010602
201808020105
201808020202
201808040101
201808040310
201808040402
201808040505
201808050102
201808050104
201808050304
201808050310
201808050402
201808050704
201809010306
201809010501
201809010601
201809010606
201809010701
201809010711
201809030405
201809040102
201809040308
201809040309
201809040403
201809040502
201809040506
201809040612
201809040705
201809040801
201809050203
201809050303
201810010403
201810020101
201810020301
201810020601
201901010201
201901010401
201901020209
201901020401
201902020101
201902020406
201904010102
201904010205
201904030111
201905020206
201905030205
201905030501
201905030701
201905040105
201905040201
201905040609
201905040801
201905040811
201905040902
201906040101
201906050702
201907010202
201907030201
201907030709
201907040101
201907040201
201908010601
201908020507
201908030211
201908031006
201908040209
201908040310
201908050107
201908050205
201908050711
201909010110
201909010508
201909040201
201909040205
201909040309
201909040603
201909040711
201909050301
201909050302
201910010202
201910020201
202001010101
202001010408
202001020205
202001020405
202001020501
202005040701
202006020206
202006020503
202006030503
202006030601
202006030802
202006040202
202007020711
202008010602
202008010701
202008010801
202008020301
202008031106
202008040611
202009010707
202009040401
202009040405
202009050308
202009050311
202009050409
202009060302
202009060502
202101020301
202101020610
202102010505
202102010610
202102010801
202104030102
202104030401
202104030502
202104040102
202104040701
202105020707
202105030105
202105030108
202105030701
202105040703
202106010810
202106040207
202107010103
202107010501
202107020303
202107020403
202107030306
202107030401
202107030811
202107050103
202107050205
202107050310
202109010908
202109020804
202109021009
202109021201
202109030205
202109040309
202109040709
202109050101
202109050201
202109050301
202109050601
202109050610
202109050709
202109060101
202109060103
202109060303
202110030205
202110040601
202110040708
202201010101
202201020501
202201020702
202202010901
202202011005
202203020302
202203020610
202204020101
202204030102
202204030401
202205021001
202205021207
202205030107
202205030209
202205030701
202205040401
202205040501
202205050804
202206010807
202206020505
202206020803
202206030110
202206040601
202206050503
202207010108
202207010602
202207010701
202207010707
202207030102
202207030104
202207030802
202207040209
202207050102
202207050205
202207050402
202207050403
202209010804
202209010809
202209010901
202209010903
202209010904
202209010906
202209011201
202209011207
202209011211
202209020103
202209020302
202209020902
202209020904
202209021101
202209021106
202209040305
202209040402
202209040509
202209050203
202209050807
202209060101
202209060201
202209060301
202209060701
202210030101
202210030201
202210030303
202210030603
202210040102
202210040109
202210040402
202301010101
202301010301
202301020401
202301020501
202301020605
202302010602
202302020301
202302020402
202303020301
202303020702
202304020105
202304030102
202305010506
202305020109
202305030209
202305030405
202305030601
202305030609
202305040111
202305040404
202305040609
202305040706
202305050204
202305050808
202306010702
202306020202
202306020506
202306020702
202306030303
202306030403
202306040406
202306040703
202306050201
202307010801
202307011207
202307030501
202307030601
202307040403
202308010206
202308010905
202308020408
202308020503
202308020511
202308030408
202308030702
202309011102
202309020707
202309040103
202309040301
202309040303
202309040803
202309050103
202309050406
202310010303
202310030208
202310030402
202310030701
202401010101
202401010301
202401010601
202401020201
202401020501
202402010605
202402010701
202402010801
202404020101
202404020302
202404020403
202404030101
202404030405
202404030705
202404030808
202404040704
202405010307
202405010407
202405020302
202405020805
202405020906
202405021102
202405030403
202405030609
202405030701
202405030710
202405040202
202405040606
202405050505
202405050701
202406010402
202406020301
202406030306
202406030706
202406040506
202406040601
202406040609
202406040902
202406040909
202407010307
202407020205
202407020403
202407030103
202407030111
202407030203
202407030206
202407030402
202407030608
202407040301
202407040303
202408020107
202408020404
202408020802
202408030504
202408040409
202408040701
202408050108
202408050201
202408050302
202408050601
202408050606
202408060206
202408070103
202408070403
202409010103
202409010704
202410030801
202501010108
202501010301
202501020101
202501020105
202502010312
202502010805
202502010905
202502011101
202503020110
202503020206
202503020305
202503020501
202503020510
202504020201
202504020202
202504020403
202504020704
202504020803
202504030101
202504030201
202505020205
202505020408
202505020501
202505020607
202505020808
202505030209
202505030509
202505040508
202505040802
202505041103
202505050301
202505050601
202505050802
202506010402
202506010501
202506030101
202506030302
202506030403
202506030705
202506040401
202506040703
202507010204
202507010602
202507030301
202507030401
202507030801
202507030808
202507040205
202508030102
202508030302
202508040302
202508040502
202509010406
202509030107
202509030110
202509030308
202509040102
202509040106
202509040202
202509040208
202509040302
202509040303
202509040409
202509040802
202509050405
202509050601
202510020301
202510020310
202510020406
202602010503
202602010605
202602010705
202602010805
202602011101
202603020203
202603020301
202603020801
202604010803
202604020202
202605020212
202605020306
202605030105
202605030112
202605030304
202605030305
202606010706
202606010902
202606020504
202607010202
202607010301
202607010305
202607010501
202608010601
202608020104
202608020207
202608020301
202608020402
202608020610
202608030305
202609010404
202609010902
202609020503
202610020101
202610020704
202610020705
201302010101
201302010103
201302010104
201302010105
201302010106
201302010107
201302010109
201302010110
201302010111
201302010112
201302010201
201302010202
201302010203
201302010204
201302010205
201302010207
201302010208
201302010209
201302010210
201302010211
201302010212
201302010301
201302010302
201302010303
201302010305
201302010306
201302010308
201302010309
201302010310
201302010311
201302010312
201302010401
201302010402
201302010403
201302010404
201302010405
201302010407
201302010409
201302010411
201302010412
201302010501
201302010503
201302010505
201302010506
201302010507
201302010508
201302010509
201302010510
201302010511
201302010512
201302010601
201302010603
201302010604
201302010605
201302010606
201302010607
201302010608
201302010610
201302010611
201302010612
201302020102
201302020103
201302020104
201302020105
201302020106
201302020108
201302020109
201302020110
201302020111
201302020112
201302020201
201302020202
201302020203
201302020204
201302020205
201302020206
201302020208
201302020209
201302020210
201302020211
201302020212
201302020301
201302020302
201302020303
201302020306
201302020307
201302020308
201302020309
201302020310
201302020311
201302020312
201302020401
201302020403
201302020404
201302020405
201302020406
201302020407
201302020408
201302020409
201302020410
201302020411
201302020412
201302020501
201302020502
201302020503
201302020505
201302020506
201302020507
201302020508
201302020509
201302020510
201302020511
201302020512
201302020601
201302020602
201302020603
201302020604
201302020605
201302020606
201302020607
201302020608
201302020609
201302020611
201302020612
201302030101
201302030103
201302030104
201302030105
201302030107
201302030108
201302030109
201302030110
201302030111
201302030112
201302030201
201302030202
201302030203
201302030205
201302030206
201302030207
201302030208
201302030209
201302030210
201302030211
201302030212
201302030301
201302030302
201302030303
201302030304
201302030305
201302030307
201302030308
201302030309
201302030310
201302030311
201302030312
201302030401
201302030402
201302030403
201302030404
201302030405
201302030406
201302030407
201302030408
201302030409
201302030410
201302030411
201302030412
201302030501
201302030503
201302030504
201302030505
201302030506
201302030507
201302030508
201302030509
201302030510
201302030511
201302030512
201302030601
201302030602
201302030603
201302030604
201302030605
201302030606
201302030607
201302030609
201302030610
201302030611
201302030612
201302040101
201302040102
201302040103
201302040104
201302040105
201302040106
201302040107
201302040108
201302040109
201302040110
201302040111
201302040112
201302040201
201302040202
201302040203
201302040204
201302040205
201302040206
201302040207
201302040209
201302040210
201302040211
201302040212
201302040302
201302040304
201302040305
201302040306
201302040307
201302040308
201302040309
201302040310
201302040311
201302040312
201302040402
201302040403
201302040404
201302040405
201302040406
201302040407
201302040408
201302040409
201302040410
201302040412
201302040501
201302040502
201302040503
201302040504
201302040505
201302040506
201302040507
201302040508
201302040509
201302040510
201302040511
201302040512
201302040601
201302040602
201302040603
201302040604
201302040605
201302040606
201302040607
201302040608
201302040609
201302040610
201302040612
201303010101
201303010102
201303010103
201303010104
201303010106
201303010107
201303010108
201303010109
201303010110
201303010201
201303010202
201303010204
201303010205
201303010206
201303010207
201303010208
201303010209
201303010210
201303010211
201303010212
201303010302
201303010303
201303010304
201303010305
201303010306
201303010307
201303010308
201303010309
201303010310
201303010311
201303010312
201303010401
201303010402
201303010403
201303010405
201303010406
201303010407
201303010408
201303010409
201303010410
201303010411
201303010412
201303010501
201303010502
201303010504
201303010505
201303010506
201303010507
201303010508
201303010509
201303010510
201303010511
201303010512
201303010601
201303010602
201303010603
201303010604
201303010605
201303010606
201303010607
201303010608
201303010609
201303010610
201303010611
201303010612
201303010701
201303010702
201303010704
201303010705
201303010706
201303010707
201303010708
201303010709
201303010710
201303010711
201303010712
201303010801
201303010802
201303010803
201303010804
201303010805
201303010808
201303010809
201303010810
201303010811
201303010812
201303020101
201303020102
201303020103
201303020104
201303020106
201303020108
201303020109
201303020110
201303020111
201303020112
201303020201
201303020202
201303020203
201303020204
201303020206
201303020207
201303020208
201303020209
201303020210
201303020211
201303020212
201303020301
201303020303
201303020304
201303020305
201303020306
201303020307
201303020308
201303020309
201303020310
201303020311
201303020312
201303020401
201303020403
201303020404
201303020405
201303020406
201303020407
201303020408
201303020409
201303020410
201303020411
201303020412
201303020501
201303020502
201303020503
201303020505
201303020506
201303020507
201303020508
201303020510
201303020511
201303020512
201303020601
201303020602
201303020603
201303020604
201303020605
201303020606
201303020607
201303020608
201303020609
201303020610
201303020611
201303020612
201303020701
201303020702
201303020703
201303020704
201303020705
201303020706
201303020707
201303020708
201303020709
201303020710
201303020711
201303020712
201303020801
201303020802
201303020805
201303020806
201303020807
201303020808
201303020809
201303020811
201303020812
201303030101
201303030102
201303030103
201303030104
201303030106
201303030108
201303030109
201303030110
201303030111
201303030112
201303030201
201303030202
201303030203
201303030205
201303030206
201303030207
201303030209
201303030210
201303030211
201303030212
201303030301
201303030302
201303030303
201303030304
201303030305
201303030306
201303030307
201303030309
201303030310
201303030311
201303030402
201303030403
201303030404
201303030405
201303030406
201303030407
201303030408
201303030409
201303030410
201303030411
201303030412
201303030501
201303030502
201303030503
201303030504
201303030505
201303030506
201303030507
201303030508
201303030509
201303030510
201303030511
201303030512
201303030601
201303030602
201303030604
201303030605
201303030606
201303030607
201303030608
201303030609
201303030610
201303030611
201303030612
201304010102
201304010103
201304010104
201304010105
201304010106
201304010107
201304010109
201304010110
201304010111
201304010112
201304010201
201304010202
201304010203
201304010204
201304010205
201304010206
201304010207
201304010208
201304010209
201304010210
201304010211
201304010212
201304010301
201304010302
201304010303
201304010304
201304010305
201304010306
201304010307
201304010308
201304010309
201304010310
201304010311
201304010312
201304010401
201304010402
201304010403
201304010404
201304010405
201304010406
201304010407
201304010408
201304010409
201304010410
201304010411
201304010412
201304010501
201304010503
201304010504
201304010505
201304010506
201304010507
201304010508
201304010509
201304010510
201304010511
201304010512
201304010602
201304010603
201304010604
201304010605
201304010606
201304010607
201304010608
201304010609
201304010610
201304010611
201304010612
201304020101
201304020102
201304020103
201304020104
201304020105
201304020106
201304020107
201304020109
201304020110
201304020111
201304020112
201304020201
201304020202
201304020203
201304020204
201304020205
201304020207
201304020208
201304020209
201304020210
201304020211
201304020212
201304020301
201304020302
201304020305
201304020307
201304020308
201304020309
201304020310
201304020311
201304020312
201304020401
201304020402
201304020403
201304020405
201304020406
201304020407
201304020408
201304020409
201304020410
201304020411
201304020412
201304020501
201304020502
201304020503
201304020504
201304020505
201304020506
201304020507
201304020508
201304020509
201304020510
201304020511
201304020512
201304020602
201304020603
201304020604
201304020606
201304020607
201304020608
201304020609
201304020610
201304020612
201304020701
201304020702
201304020703
201304020705
201304020706
201304020707
201304020708
201304020709
201304020710
201304020711
201304020801
201304020803
201304020804
201304020805
201304020806
201304020807
201304020808
201304020809
201304020810
201304020812
201304020901
201304020902
201304020903
201304020904
201304020905
201304020907
201304020908
201304020909
201304020910
201304020911
201304020912
201304021001
201304021002
201304021003
201304021004
201304021005
201304021006
201304021007
201304021008
201304021009
201304021010
201304021011
201304021012
201304021101
201304021102
201304021103
201304021105
201304021106
201304021107
201304021108
201304021109
201304021110
201304021111
201304021112
201304021201
201304021202
201304021203
201304021204
201304021205
201304021206
201304021207
201304021208
201304021209
201304021211
201304021212
201304030101
201304030102
201304030103
201304030104
201304030105
201304030106
201304030107
201304030109
201304030110
201304030111
201304030112
201304030201
201304030202
201304030204
201304030205
201304030206
201304030207
201304030208
201304030209
201304030210
201304030211
201304030212
201304030301
201304030302
201304030303
201304030304
201304030305
201304030306
201304030307
201304030310
201304030311
201304030312
201304030401
201304030402
201304030403
201304030404
201304030405
201304030406
201304030407
201304030408
201304030409
201304030410
201304030411
201304030412
201304030501
201304030502
201304030503
201304030504
201304030505
201304030507
201304030508
201304030509
201304030510
201304030511
201304030512
201304030601
201304030602
201304030603
201304030604
201304030605
201304030606
201304030607
201304030608
201304030609
201304030610
201304030611
201304030612
201305010101
201305010102
201305010104
201305010105
201305010107
201305010108
201305010109
201305010110
201305010111
201305010112
201305010201
201305010203
201305010204
201305010205
201305010206
201305010207
201305010208
201305010209
201305010210
201305010212
201305010301
201305010302
201305010303
201305010304
201305010305
201305010306
201305010307
201305010309
201305010310
201305010311
201305010312
201305010401
201305010402
201305010403
201305010404
201305010405
201305010406
201305010407
201305010408
201305010409
201305010410
201305010411
201305010412
201305010501
201305010502
201305010503
201305010505
201305010506
201305010507
201305010508
201305010509
201305010510
201305010511
201305010601
201305010602
201305010603
201305010605
201305010606
201305010607
201305010608
201305010609
201305010611
201305010612
201305010701
201305010702
201305010703
201305010704
201305010706
201305010707
201305010708
201305010709
201305010710
201305010711
201305010712
201305010801
201305010802
201305010803
201305010804
201305010805
201305010806
201305010807
201305010808
201305010809
201305010810
201305010811
201305010812
201305020101
201305020102
201305020103
201305020104
201305020105
201305020106
201305020108
201305020109
201305020110
201305020111
201305020112
201305020201
201305020202
201305020203
201305020204
201305020205
201305020206
201305020207
201305020208
201305020209
201305020210
201305020211
201305020212
201305020302
201305020303
201305020305
201305020307
201305020308
201305020309
201305020310
201305020311
201305020312
201305020402
201305020403
201305020404
201305020405
201305020406
201305020407
201305020409
201305020410
201305020411
201305020412
201305020501
201305020502
201305020503
201305020504
201305020506
201305020507
201305020508
201305020509
201305020510
201305020512
201305020602
201305020603
201305020604
201305020605
201305020606
201305020607
201305020608
201305020609
201305020610
201305020611
201305020612
201305020701
201305020702
201305020703
201305020705
201305020706
201305020707
201305020708
201305020709
201305020710
201305020711
201305020712
201305020801
201305020803
201305020804
201305020805
201305020806
201305020807
201305020808
201305020809
201305020810
201305020812
201305020901
201305020902
201305020903
201305020905
201305020906
201305020907
201305020908
201305020909
201305020910
201305020911
201305021001
201305021002
201305021003
201305021004
201305021006
201305021007
201305021008
201305021009
201305021010
201305021011
201305021012
201305021101
201305021102
201305021103
201305021104
201305021105
201305021106
201305021108
201305021109
201305021112
201305021201
201305021204
201305021205
201305021206
201305021207
201305021208
201305021209
201305021210
201305021211
201305021212
201305030101
201305030102
201305030103
201305030105
201305030106
201305030107
201305030108
201305030109
201305030110
201305030111
201305030112
201305030201
201305030202
201305030203
201305030204
201305030205
201305030206
201305030207
201305030208
201305030209
201305030210
201305030211
201305030212
201305030301
201305030302
201305030303
201305030304
201305030306
201305030307
201305030308
201305030309
201305030310
201305030311
201305030312
201305030401
201305030404
201305030406
201305030409
201305030410
201305030411
201305030412
201305030501
201305030502
201305030504
201305030505
201305030506
201305030507
201305030508
201305030510
201305030511
201305030512
201305030601
201305030602
201305030603
201305030604
201305030605
201305030606
201305030607
201305030608
201305030610
201305030611
201305030612
201305030701
201305030702
201305030703
201305030704
201305030705
201305030706
201305030707
201305030708
201305030709
201305030710
201305030711
201305030712
201305030801
201305030802
201305030803
201305030804
201305030805
201305030806
201305030809
201305030810
201305030812
201305040101
201305040102
201305040103
201305040105
201305040106
201305040107
201305040108
201305040109
201305040110
201305040111
201305040112
201305040201
201305040202
201305040203
201305040204
201305040205
201305040207
201305040208
201305040209
201305040210
201305040211
201305040212
201305040301
201305040302
201305040303
201305040304
201305040305
201305040306
201305040307
201305040309
201305040310
201305040311
201305040312
201305040401
201305040402
201305040403
201305040405
201305040406
201305040407
201305040409
201305040410
201305040411
201305040412
201305040501
201305040502
201305040503
201305040504
201305040507
201305040508
201305040509
201305040510
201305040511
201305040601
201305040602
201305040603
201305040604
201305040605
201305040606
201305040607
201305040608
201305040609
201305040611
201305040612
201305040701
201305040702
201305040703
201305040705
201305040706
201305040707
201305040708
201305040709
201305040710
201305040711
201305040712
201305040801
201305040802
201305040803
201305040805
201305040806
201305040807
201305040808
201305040809
201305040810
201305040811
201305040812
201305040901
201305040902
201305040903
201305040904
201305040905
201305040906
201305040907
201305040908
201305040909
201305040910
201305040911
201305040912
201305050102
201305050103
201305050104
201305050105
201305050106
201305050107
201305050108
201305050109
201305050110
201305050111
201305050112
201305050201
201305050202
201305050203
201305050204
201305050205
201305050206
201305050207
201305050208
201305050209
201305050211
201305050212
201305050301
201305050304
201305050305
201305050306
201305050308
201305050309
201305050310
201305050311
201305050312
201305050401
201305050402
201305050403
201305050404
201305050405
201305050406
201305050407
201305050409
201305050410
201305050411
201305050412
201305050501
201305050502
201305050503
201305050507
201305050509
201305050510
201305050511
201305050512
201305050602
201305050603
201305050605
201305050606
201305050607
201305050609
201305050610
201305050611
201305050612
201305050701
201305050702
201305050705
201305050706
201305050707
201305050708
201305050709
201305050710
201305050711
201305050712
201305050801
201305050803
201305050804
201305050805
201305050806
201305050807
201305050808
201305050809
201305050810
201305050811
201306010101
201306010102
201306010103
201306010104
201306010106
201306010107
201306010108
201306010109
201306010110
201306010111
201306010112
201306010202
201306010203
201306010205
201306010206
201306010207
201306010208
201306010209
201306010210
201306010211
201306010212
201306010301
201306010302
201306010303
201306010304
201306010305
201306010309
201306010310
201306010311
201306010312
201306010401
201306010402
201306010403
201306010404
201306010405
201306010406
201306010407
201306010408
201306010409
201306010410
201306010411
201306010412
201306010501
201306010502
201306010503
201306010504
201306010505 -
201306010506 -
201306010507 -
201306010508 -
201306010510
201306010511
201306010512 -
201306010601
201306010602
201306010603
201306010604
201306010605
201306010606
201306010607
201306010609
201306010610
201306010611
201306010612
201306010701
201306010702
201306010703
201306010705
201306010706
201306010707
201306010709
201306010710
201306010711
201306010712
201306020101
201306020102
201306020103
201306020106
201306020108
201306020109
201306020111
201306020112
201306020201
201306020202
201306020203
201306020205
201306020206
201306020207
201306020208
201306020209
201306020210
201306020211
201306020301
201306020302
201306020303
201306020305
201306020306
201306020307
201306020308
201306020309
201306020310
201306020311
201306020312
201306020401
201306020403
201306020404
201306020405
201306020406
201306020407
201306020408
201306020409
201306020410
201306020411
201306020501
201306020502
201306020503
201306020504
201306020506
201306020507
201306020508
201306020509
201306020510
201306020511
201306020512
201306020601
201306020602
201306020603
201306020606
201306020607
201306020608
201306020609
201306020611
201306020612
201306020701
201306020703
201306020705
201306020706
201306020707
201306020708
201306020709
201306020710
201306020711
201306020712
201306020801
201306020802
201306020803
201306020804
201306020805
201306020806
201306020807
201306020808
201306020809
201306020810
201306020811
201306020812
201306030101
201306030102
201306030103
201306030104
201306030105
201306030106
201306030107
201306030109
201306030110
201306030111
201306030112
201306030201
201306030202
201306030203
201306030204
201306030205
201306030206
201306030207
201306030208
201306030209
201306030210
201306030211
201306030212
201306030301
201306030302
201306030303
201306030304
201306030306
201306030307
201306030308
201306030309
201306030310
201306030311
201306030312
201306030401
201306030402
201306030403
201306030404
201306030405
201306030406
201306030407
201306030408
201306030409
201306030410
201306030411
201306030412
201306030501
201306030502
201306030503
201306030504
201306030505
201306030506
201306030507
201306030508
201306030509
201306030510
201306030511
201306030601
201306030603
201306030605
201306030607
201306030608
201306030609
201306030610
201306030611
201306030612
201306030701
201306030702
201306030704
201306030705
201306030706
201306030707
201306030708
201306030709
201306030710
201306030712
201306030802
201306030803
201306030804
201306030805
201306030806
201306030807
201306030808
201306030809
201306030810
201306030811
201306030812
201306040101
201306040102
201306040103
201306040105
201306040106
201306040107
201306040108
201306040109
201306040111
201306040112
201306040202
201306040203
201306040204
201306040205
201306040206
201306040207
201306040208
201306040209
201306040210
201306040211
201306040212
201306040301
201306040302
201306040303
201306040304
201306040305
201306040306
201306040307
201306040308
201306040309
201306040310
201306040311
201306040401
201306040402
201306040403
201306040404
201306040405
201306040407
201306040408
201306040409
201306040410
201306040411
201306040412
201306040502
201306040503
201306040504
201306040506
201306040507
201306040508
201306040509
201306040510
201306040511
201306040512
201306040601
201306040602
201306040603
201306040604
201306040605
201306040606
201306040607
201306040608
201306040609
201306040610
201306040611
201306040612
201306040701
201306040702
201306040703
201306040704
201306040706
201306040707
201306040708
201306040709
201306040710
201306040711
201306040712
201306040801
201306040802
201306040805
201306040806
201306040807
201306040808
201306040809
201306040810
201306040811
201306040812
201306040901
201306040902
201306040903
201306040905
201306040906
201306040907
201306040908
201306040909
201306040911
201306040912
201306050101
201306050102
201306050103
201306050104
201306050105
201306050106
201306050107
201306050109
201306050110
201306050111
201306050112
201306050201
201306050202
201306050203
201306050204
201306050205
201306050206
201306050207
201306050208
201306050209
201306050210
201306050211
201306050212
201306050301
201306050302
201306050303
201306050304
201306050305
201306050306
201306050308
201306050309
201306050310
201306050312
201306050401
201306050402
201306050403
201306050404
201306050405
201306050406
201306050408
201306050409
201306050410
201306050411
201306050501
201306050502
201306050503
201306050505
201306050506
201306050507
201306050508
201306050510
201306050511
201306050512
201306050601
201306050602
201306050603
201306050604
201306050606
201306050607
201306050608
201306050609
201306050610
201306050611
201306050612
201306050701
201306050702
201306050703
201306050704
201306050705
201306050706
201306050707
201306050708
201306050709
201306050711
201306050712
201306050801
201306050802
201306050803
201306050804
201306050805
201306050806
201306050807
201306050808
201306050809
201306050810
201306050811
201306050901
201306050902
201306050903
201306050904
201306050905
201306050906
201306050908
201306050909
201306050910
201306050911
201306050912
201307010101
201307010102
201307010104
201307010105
201307010106
201307010107
201307010108
201307010109
201307010111
201307010112
201307010201
201307010202
201307010203
201307010204
201307010206
201307010207
201307010208
201307010209
201307010210
201307010211
201307010212
201307010301
201307010302
201307010303
201307010304
201307010305
201307010306
201307010307
201307010308
201307010309
201307010310
201307010312
201307010403
201307010404
201307010405
201307010406
201307010407
201307010408
201307010409
201307010410
201307010411
201307010412
201307010503
201307010504
201307010505
201307010506
201307010507
201307010508
201307010509
201307010510
201307010511
201307010512
201307010601
201307010602
201307010603
201307010605
201307010606
201307010607
201307010608
201307010610
201307010611
201307010612
201307020101
201307020102
201307020103
201307020104
201307020105
201307020106
201307020107
201307020108
201307020109
201307020110
201307020112
201307020201
201307020202
201307020203
201307020204
201307020205
201307020206
201307020207
201307020208
201307020209
201307020210
201307020211
201307020212
201307020301
201307020302
201307020303
201307020304
201307020305
201307020306
201307020307
201307020308
201307020309
201307020310
201307020311
201307020312
201307020401
201307020402
201307020403
201307020404
201307020405
201307020406
201307020407
201307020408
201307020409
201307020410
201307020411
201307020412
201307020501
201307020502
201307020503
201307020504
201307020505
201307020506
201307020507
201307020508
201307020509
201307020510
201307020511
201307020601
201307020602
201307020603
201307020604
201307020605
201307020606
201307020607
201307020608
201307020609
201307020610
201307020611
201307020612
201307030101
201307030102
201307030103
201307030104
201307030105
201307030106
201307030107
201307030108
201307030109
201307030110
201307030111
201307030112
201307030201
201307030202
201307030203
201307030204
201307030205
201307030206
201307030207
201307030208
201307030209
201307030210
201307030211
201307030212
201307030301
201307030302
201307030303
201307030305
201307030306
201307030308
201307030309
201307030310
201307030311
201307030312
201307030401
201307030402
201307030403
201307030404
201307030405
201307030406
201307030407
201307030408
201307030409
201307030410
201307030411
201307030412
201307030501
201307030502
201307030503
201307030504
201307030505
201307030506
201307030507
201307030508
201307030509
201307030510
201307030511
201307030512
201307030601
201307030602
201307030604
201307030605
201307030606
201307030607
201307030608
201307030609
201307030610
201307030611
201307030612
201307030701
201307030702
201307030703
201307030704
201307030705
201307030706
201307030707
201307030708
201307030709
201307030710
201307030711
201307030712
201307030801
201307030802
201307030803
201307030804
201307030805
201307030806
201307030807
201307030808
201307030809
201307030810
201307030812
201307040102
201307040103
201307040104
201307040106
201307040107
201307040108
201307040109
201307040110
201307040111
201307040112
201307040201
201307040202
201307040203
201307040204
201307040205
201307040207
201307040208
201307040209
201307040211
201307040212
201307040301
201307040302
201307040303
201307040304
201307040305
201307040306
201307040308
201307040310
201307040311
201307040312
201307040401
201307040402
201307040403
201307040405
201307040406
201307040408
201307040409
201307040410
201307040411
201307040412
201307040501
201307040502
201307040503
201307040504
201307040505
201307040506
201307040507
201307040508
201307040509
201307040510
201307040511
201307040512
201307040602
201307040603
201307040605
201307040607
201307040608
201307040609
201307040610
201307040611
201307040612
201308010101
201308010103
201308010104
201308010105
201308010106
201308010107
201308010108
201308010109
201308010110
201308010111
201308010112
201308010201
201308010202
201308010203
201308010204
201308010205
201308010206
201308010207
201308010208
201308010209
201308010210
201308010211
201308010212
201308010301
201308010302
201308010303
201308010304
201308010305
201308010306
201308010307
201308010308
201308010309
201308010310
201308010311
201308010401
201308010402
201308010404
201308010405
201308010406
201308010407
201308010408
201308010409
201308010410
201308010411
201308010412
201308010501
201308010502
201308010503
201308010504
201308010505
201308010506
201308010507
201308010508
201308010509
201308010510
201308010511
201308010512
201308010602
201308010605
201308010607
201308010609
201308010610
201308010611
201308010612
201308010701
201308010702
201308010703
201308010705
201308010706
201308010707
201308010708
201308010709
201308010710
201308010711
201308020101
201308020102
201308020103
201308020104
201308020105
201308020106
201308020107
201308020108
201308020109
201308020110
201308020111
201308020112
201308020201
201308020202
201308020203
201308020204
201308020205
201308020206
201308020207
201308020208
201308020209
201308020210
201308020211
201308020212
201308020301
201308020303
201308020304
201308020306
201308020307
201308020308
201308020309
201308020310
201308020311
201308020312
201308020401
201308020402
201308020403
201308020404
201308020405
201308020407
201308020408
201308020409
201308020410
201308020412
201308020501
201308020502
201308020503
201308020504
201308020505
201308020506
201308020507
201308020508
201308020510
201308020512
201308020601
201308020602
201308020606
201308020607
201308020609
201308020610
201308020611
201308020612
201308020701
201308020702
201308020703
201308020705
201308020706
201308020707
201308020708
201308020709
201308020710
201308020711
201308020712
201308020801
201308020802
201308020803
201308020804
201308020805
201308020806
201308020807
201308020808
201308020809
201308020810
201308020811
201308020812
201308030101
201308030102
201308030103
201308030105
201308030106
201308030107
201308030108
201308030109
201308030110
201308030111
201308030112
201308030201
201308030202
201308030203
201308030206
201308030207
201308030208
201308030209
201308030210
201308030211
201308030212
201308030301
201308030303
201308030304
201308030305
201308030306
201308030307
201308030308
201308030309
201308030310
201308030311
201308030312
201308030401
201308030403
201308030404
201308030405
201308030406
201308030407
201308030408
201308030409
201308030410
201308030411
201308030412
201308030501
201308030503
201308030504
201308030505
201308030506
201308030507
201308030508
201308030509
201308030510
201308030511
201308030512
201308030601
201308030602
201308030604
201308030605
201308030606
201308030607
201308030608
201308030610
201308030611
201308030612
201308030701
201308030702
201308030703
201308030704
201308030705
201308030706
201308030707
201308030708
201308030709
201308030710
201308030711
201308030712
201308030802
201308030803
201308030805
201308030806
201308030807
201308030808
201308030809
201308030810
201308030811
201308030812
201308030901
201308030902
201308030903
201308030904
201308030905
201308030906
201308030907
201308030908
201308030910
201308030911
201308030912
201308031001
201308031002
201308031003
201308031005
201308031006
201308031008
201308031011
201308031012
201308031101
201308031102
201308031103
201308031104
201308031105
201308031106
201308031107
201308031109
201308031110
201308031111
201308031112
201308031201
201308031202
201308031203
201308031204
201308031205
201308031206
201308031207
201308031208
201308031209
201308031210
201308031211
201308031212
201308040101
201308040102
201308040103
201308040104
201308040105
201308040106
201308040107
201308040108
201308040109
201308040110
201308040111
201308040112
201308040201
201308040202
201308040203
201308040205
201308040206
201308040207
201308040208
201308040209
201308040210
201308040212
201308040301
201308040302
201308040304
201308040305
201308040306
201308040308
201308040309
201308040310
201308040311
201308040312
201308040401
201308040402
201308040403
201308040404
201308040405
201308040406
201308040407
201308040408
201308040409
201308040410
201308040411
201308040412
201308040502
201308040503
201308040504
201308040505
201308040506
201308040507
201308040508
201308040509
201308040510
201308040511
201308040512
201308040603
201308040604
201308040605
201308040606
201308040607
201308040609
201308040610
201308040611
201308040612
201308040701
201308040702
201308040703
201308040704
201308040707
201308040708
201308040709
201308040710
201308040711
201308040712
201308040801
201308040802
201308040803
201308040804
201308040805
201308040806
201308040807
201308040808
201308040809
201308040810
201308040811
201308040812
201308040901
201308040902
201308040906
201308040907
201308040908
201308040909
201308040910
201308040912
201308050101
201308050103
201308050104
201308050106
201308050107
201308050108
201308050109
201308050110
201308050111
201308050112
201308050201
201308050203
201308050204
201308050205
201308050207
201308050208
201308050209
201308050210
201308050211
201308050212
201308050301
201308050302
201308050304
201308050305
201308050306
201308050307
201308050308
201308050309
201308050310
201308050311
201308050312
201308050401
201308050402
201308050403
201308050404
201308050405
201308050406
201308050407
201308050408
201308050409
201308050410
201308050411
201308050412
201308050501
201308050502
201308050503
201308050504
201308050505
201308050507
201308050508
201308050509
201308050510
201308050511
201308050512
201308050601
201308050602
201308050604
201308050605
201308050607
201308050608
201308050609
201308050610
201308050611
201308050612
201308050701
201308050702
201308050703
201308050705
201308050706
201308050707
201308050708
201308050709
201308050710
201308050711
201308050712
201308050801
201308050802
201308050803
201308050805
201308050806
201308050807
201308050808
201308050809
201308050810
201308050811
201308050812
201309010102
201309010103
201309010104
201309010105
201309010107
201309010108
201309010109
201309010110
201309010111
201309010112
201309010203
201309010204
201309010205
201309010206
201309010207
201309010208
201309010209
201309010210
201309010211
201309010212
201309010301
201309010302
201309010303
201309010305
201309010306
201309010307
201309010308
201309010309
201309010310
201309010311
201309010312
201309010401
201309010402
201309010404
201309010405
201309010406
201309010407
201309010408
201309010409
201309010410
201309010411
201309010501
201309010502
201309010503
201309010504
201309010505
201309010506
201309010507
201309010509
201309010510
201309010511
201309010512
201309010601
201309010602
201309010603
201309010604
201309010605
201309010606
201309010607
201309010608
201309010609
201309010610
201309010611
201309010701
201309010702
201309010703
201309010704
201309010705
201309010709
201309010710
201309010711
201309010712
201309010801
201309010802
201309010806
201309010807
201309010808
201309010809
201309010810
201309010812
201309020102
201309020103
201309020104
201309020105
201309020106
201309020108
201309020109
201309020110
201309020111
201309020112
201309020201
201309020203
201309020204
201309020205
201309020206
201309020207
201309020208
201309020209
201309020210
201309020211
201309020212
201309020301
201309020302
201309020303
201309020304
201309020305
201309020306
201309020310
201309020311
201309020403
201309020404
201309020405
201309020406
201309020407
201309020408
201309020409
201309020410
201309020412
201309020501
201309020503
201309020505
201309020506
201309020507
201309020509
201309020510
201309020511
201309020512
201309020601
201309020602
201309020603
201309020604
201309020605
201309020606
201309020607
201309020608
201309020609
201309020610
201309020611
201309020612
201309020701
201309020703
201309020704
201309020705
201309020706
201309020707
201309020709
201309020710
201309020711
201309020712
201309020802
201309020803
201309020805
201309020806
201309020807
201309020808
201309020809
201309020810
201309020811
201309020812
201309030101
201309030102
201309030103
201309030104
201309030105
201309030106
201309030107
201309030108
201309030109
201309030110
201309030112
201309030201
201309030202
201309030203
201309030205
201309030206
201309030207
201309030208
201309030209
201309030211
201309030212
201309030301
201309030302
201309030303
201309030304
201309030305
201309030306
201309030307
201309030308
201309030309
201309030310
201309030312
201309030401
201309030402
201309030404
201309030405
201309030406
201309030407
201309030408
201309030409
201309030411
201309030412
201309030501
201309030502
201309030503
201309030505
201309030506
201309030507
201309030508
201309030509
201309030510
201309030511
201309030512
201309030602
201309030603
201309030606
201309030607
201309030608
201309030609
201309030610
201309030611
201309030612
201309030701
201309030702
201309030703
201309030705
201309030706
201309030707
201309030708
201309030709
201309030710
201309030711
201309030712
201309030801
201309030802
201309030803
201309030804
201309030805
201309030806
201309030807
201309030809
201309030810
201309030811
201309030812
201309040101
201309040102
201309040103
201309040104
201309040105
201309040106
201309040107
201309040108
201309040109
201309040110
201309040111
201309040112
201309040201
201309040202
201309040203
201309040204
201309040205
201309040206
201309040207
201309040208
201309040210
201309040211
201309040212
201309040301
201309040302
201309040303
201309040304
201309040305
201309040306
201309040307
201309040309
201309040310
201309040311
201309040312
201309040401
201309040402
201309040404
201309040405
201309040406
201309040407
201309040408
201309040409
201309040410
201309040411
201309040412
201309040501
201309040502
201309040503
201309040504
201309040505
201309040506
201309040508
201309040509
201309040510
201309040511
201309040512
201309040601
201309040602
201309040603
201309040605
201309040606
201309040607
201309040608
201309040609
201309040610
201309040611
201309040701
201309040702
201309040703
201309040704
201309040705
201309040706
201309040707
201309040708
201309040709
201309040710
201309040711
201309040712
201309040801
201309040802
201309040803
201309040804
201309040805
201309040806
201309040807
201309040808
201309040809
201309040810
201309040812
201309040901
201309040902
201309040903
201309040904
201309040905
201309040906
201309040907
201309040909
201309040910
201309040911
201309040912
201309050101
201309050102
201309050103
201309050105
201309050106
201309050107
201309050108
201309050109
201309050110
201309050111
201309050112
201309050202
201309050203
201309050205
201309050206
201309050207
201309050208
201309050209
201309050210
201309050211
201309050212
201309050301
201309050302
201309050303
201309050305
201309050306
201309050307
201309050308
201309050310
201309050311
201309050401
201309050402
201309050403
201309050404
201309050405
201309050406
201309050407
201309050408
201309050409
201309050410
201309050411
201309050501
201309050502
201309050503
201309050505
201309050506
201309050507
201309050508
201309050509
201309050510
201309050511
201309050512
201309050601
201309050602
201309050603
201309050605
201309050606
201309050607
201309050608
201309050609
201309050610
201309050611
201309050701
201309050702
201309050704
201309050705
201309050706
201309050707
201309050708
201309050709
201309050710
201309050711
201309050712
201309050801
201309050802
201309050803
201309050805
201309050806
201309050807
201309050808
201309050809
201309050810
201309050811
201309050901
201309050902
201309050903
201309050904
201309050905
201309050906
201309050908
201309050909
201309050910
201309050911
201309050912
201310010101
201310010102
201310010103
201310010104
201310010105
201310010106
201310010107
201310010108
201310010109
201310010110
201310010111
201310010112
201310010201
201310010202
201310010203
201310010204
201310010206
201310010207
201310010208
201310010209
201310010210
201310010211
201310010212
201310010301
201310010302
201310010303
201310010304
201310010305
201310010306
201310010307
201310010308
201310010310
201310010311
201310010312
201310010401
201310010402
201310010404
201310010406
201310010407
201310010408
201310010409
201310010410
201310010411
201310010412
201310010501
201310010502
201310010503
201310010504
201310010505
201310010506
201310010507
201310010508
201310010509
201310010510
201310010511
201310010512
201310010602
201310010603
201310010604
201310010605
201310010606
201310010607
201310010608
201310010609
201310010610
201310010611
201310010612
201310010701
201310010702
201310010703
201310010704
201310010705
201310010706
201310010707
201310010708
201310010710
201310010711
201310010712
201310010801
201310010802
201310010803
201310010804
201310010805
201310010806
201310010807
201310010808
201310010809
201310010810
201310010811
201310010812
201310020101
201310020102
201310020103
201310020105
201310020106
201310020107
201310020108
201310020109
201310020110
201310020111
201310020112
201310020201
201310020202
201310020203
201310020205
201310020207
201310020208
201310020209
201310020211
201310020212
201310020301
201310020302
201310020304
201310020305
201310020306
201310020307
201310020308
201310020309
201310020310
201310020311
201310020312
201310020401
201310020402
201310020403
201310020404
201310020405
201310020406
201310020407
201310020408
201310020409
201310020410
201310020411
201310020412
201310020501
201310020502
201310020503
201310020504
201310020505
201310020507
201310020508
201310020509
201310020510
201310020511
201310020512
201310020601
201310020602
201310020603
201310020604
201310020607
201310020608
201310020609
201310020610
201310020611
201310020612
201310020701
201310020702
201310020703
201310020704
201310020705
201310020706
201310020707
201310020709
201310020710
201310020711
201310020712
201310020801
201310020802
201310020803
201310020804
201310020805
201310020806
201310020807
201310020808
201310020809
201310020810
201310020811
201310020812
201310020901
201310020902
201310020903
201310020904
201310020905
201310020906
201310020907
201310020908
201310020909
201310020910
201310020911
201310020912
201310021001
201310021002
201310021004
201310021005
201310021007
201310021008
201310021009
201310021010
201310021012
201310021101
201310021102
201310021103
201310021104
201310021105
201310021106
201310021107
201310021108
201310021109
201310021110
201310021111
201310021112
201310021202
201310021203
201310021204
201310021205
201310021206
201310021207
201310021208
201310021209
201310021210
201310021211
201310021212
201401010101
201401010103
201401010104
201401010107
201401010108
201401010109
201401010110
201401010111
201401010112
201401010201
201401010202
201401010203
201401010204
201401010205
201401010206
201401010207
201401010209
201401010210
201401010211
201401010212
201401010301
201401010302
201401010303
201401010304
201401010305
201401010306
201401010307
201401010308
201401010309
201401010310
201401010311
201401010312
201401010402
201401010403
201401010404
201401010405
201401010406
201401010407
201401010408
201401010409
201401010410
201401010411
201401010412
201401010501
201401010502
201401010503
201401010504
201401010505
201401010506
201401010507
201401010508
201401010509
201401010510
201401010601
201401010602
201401010603
201401010604
201401010605
201401010606
201401010607
201401010608
201401010609
201401010610
201401010611
201401010612
201401010701
201401010702
201401010703
201401010704
201401010705
201401010707
201401010708
201401010709
201401010710
201401010711
201401010801
201401010802
201401010803
201401010804
201401010805
201401010806
201401010807
201401010808
201401010809
201401010810
201401010811
201401010812
201401020101
201401020102
201401020105
201401020106
201401020107
201401020108
201401020109
201401020110
201401020111
201401020112
201401020201
201401020202
201401020203
201401020204
201401020205
201401020206
201401020207
201401020208
201401020209
201401020210
201401020211
201401020301
201401020302
201401020303
201401020304
201401020305
201401020306
201401020307
201401020308
201401020309
201401020311
201401020312
201401020401
201401020402
201401020403
201401020404
201401020405
201401020406
201401020407
201401020408
201401020409
201401020410
201401020411
201401020412
201401020501
201401020502
201401020503
201401020504
201401020505
201401020506
201401020507
201401020508
201401020509
201401020510
201401020511
201401020512
201401020601
201401020602
201401020603
201401020604
201401020605
201401020606
201401020607
201401020608
201401020609
201401020610
201401020611
201401020612
201402010101
201402010103
201402010104
201402010105
201402010106
201402010107
201402010108
201402010109
201402010110
201402010111
201402010112
201402010201
201402010203
201402010204
201402010205
201402010206
201402010208
201402010209
201402010210
201402010211
201402010212
201402010301
201402010302
201402010303
201402010304
201402010305
201402010307
201402010308
201402010311
201402010312
201402010401
201402010402
201402010404
201402010405
201402010406
201402010408
201402010410
201402010411
201402010412
201402010501
201402010502
201402010503
201402010504
201402010505
201402010506
201402010507
201402010508
201402010509
201402010510
201402010511
201402010512
201402010601
201402010602
201402010603
201402010604
201402010605
201402010606
201402010607
201402010608
201402010609
201402010610
201402010611
201402010612
201402020101
201402020102
201402020103
201402020104
201402020105
201402020106
201402020107
201402020108
201402020109
201402020110
201402020111
201402020112
201402020201
201402020202
201402020203
201402020204
201402020205
201402020206
201402020207
201402020208
201402020209
201402020210
201402020211
201402020212
201402020301
201402020303
201402020305
201402020306
201402020307
201402020308
201402020309
201402020310
201402020311
201402020312
201402020401
201402020402
201402020403
201402020404
201402020405
201402020406
201402020408
201402020409
201402020410
201402020411
201402020412
201402020501
201402020502
201402020503
201402020504
201402020505
201402020506
201402020507
201402020508
201402020509
201402020510
201402020511
201402020512
201402020601
201402020602
201402020604
201402020606
201402020607
201402020609
201402020611
201402020612
201403010101
201403010102
201403010103
201403010106
201403010107
201403010108
201403010109
201403010110
201403010111
201403010112
201403010201
201403010202
201403010203
201403010205
201403010206
201403010207
201403010209
201403010210
201403010211
201403010212
201403010301
201403010302
201403010303
201403010304
201403010305
201403010306
201403010307
201403010308
201403010309
201403010310
201403010311
201403010402
201403010405
201403010406
201403010407
201403010408
201403010409
201403010410
201403010411
201403010412
201403010501
201403010502
201403010503
201403010506
201403010507
201403010508
201403010509
201403010510
201403010511
201403010512
201403010601
201403010602
201403010603
201403010605
201403010606
201403010607
201403010608
201403010609
201403010610
201403010611
201403010612
201403020102
201403020103
201403020104
201403020105
201403020106
201403020107
201403020108
201403020109
201403020110
201403020111
201403020112
201403020201
201403020202
201403020203
201403020204
201403020205
201403020206
201403020207
201403020208
201403020209
201403020210
201403020211
201403020212
201403020301
201403020302
201403020303
201403020304
201403020305
201403020306
201403020307
201403020308
201403020309
201403020310
201403020311
201403020312
201403020401
201403020402
201403020403
201403020404
201403020405
201403020406
201403020407
201403020408
201403020409
201403020410
201403020411
201403020412
201403020501
201403020503
201403020504
201403020505
201403020506
201403020507
201403020508
201403020509
201403020510
201403020511
201403020512
201403020601
201403020602
201403020603
201403020605
201403020606
201403020607
201403020608
201403020609
201403020610
201403020611
201403020612
201403020701
201403020702
201403020703
201403020704
201403020707
201403020708
201403020709
201403020710
201403020712
201403020801
201403020802
201403020803
201403020805
201403020806
201403020807
201403020808
201403020809
201403020810
201403020812
201403030103
201403030105
201403030106
201403030107
201403030108
201403030109
201403030111
201403030201
201403030202
201403030203
201403030204
201403030205
201403030206
201403030207
201403030208
201403030209
201403030210
201403030211
201403030301
201403030302
201403030303
201403030305
201403030306
201403030307
201403030308
201403030309
201403030310
201403030311
201403030312
201403030401
201403030402
201403030403
201403030405
201403030406
201403030407
201403030408
201403030409
201403030410
201403030411
201403030412
201403030501
201403030502
201403030505
201403030506
201403030507
201403030508
201403030509
201403030510
201403030511
201403030512
201403030601
201403030602
201403030603
201403030605
201403030606
201403030608
201403030609
201403030610
201403030611
201403040101
201403040102
201403040103
201403040104
201403040106
201403040107
201403040108
201403040109
201403040110
201403040111
201403040112
201403040201
201403040202
201403040203
201403040206
201403040207
201403040208
201403040209
201403040210
201403040211
201403040212
201403040301
201403040303
201403040304
201403040305
201403040307
201403040308
201403040309
201403040310
201403040311
201403040312
201403040403
201403040405
201403040406
201403040407
201403040408
201403040409
201403040410
201403040411
201403040412
201404010102
201404010103
201404010104
201404010105
201404010106
201404010107
201404010108
201404010109
201404010110
201404010111
201404010112
201404010201
201404010202
201404010203
201404010204
201404010205
201404010206
201404010207
201404010209
201404010210
201404010211
201404010212
201404010303
201404010305
201404010306
201404010307
201404010308
201404010309
201404010310
201404010311
201404010312
201404010401
201404010402
201404010403
201404010404
201404010405
201404010406
201404010407
201404010408
201404010409
201404010410
201404010411
201404010412
201404010502
201404010503
201404010505
201404010506
201404010507
201404010508
201404010509
201404010510
201404010511
201404010512
201404010601
201404010602
201404010603
201404010605
201404010606
201404010608
201404010609
201404010610
201404010611
201404010612
201404010701
201404010702
201404010703
201404010705
201404010706
201404010707
201404010708
201404010710
201404010711
201404010712
201404010801
201404010802
201404010803
201404010804
201404010805
201404010806
201404010807
201404010809
201404010810
201404010812
201404020101
201404020102
201404020103
201404020106
201404020107
201404020108
201404020109
201404020110
201404020111
201404020112
201404020201
201404020202
201404020203
201404020204
201404020205
201404020206
201404020207
201404020208
201404020209
201404020210
201404020212
201404020302
201404020303
201404020304
201404020305
201404020306
201404020308
201404020309
201404020310
201404020311
201404020312
201404020401
201404020402
201404020403
201404020404
201404020405
201404020406
201404020407
201404020408
201404020409
201404020411
201404020412
201404020501
201404020503
201404020504
201404020505
201404020506
201404020507
201404020509
201404020510
201404020512
201404020601
201404020602
201404020603
201404020604
201404020606
201404020608
201404020609
201404020612
201404020701
201404020702
201404020703
201404020704
201404020705
201404020706
201404020707
201404020708
201404020709
201404020710
201404020711
201404020712
201404020801
201404020802
201404020803
201404020804
201404020806
201404020807
201404020809
201404020810
201404020811
201404020812
201404020901
201404020903
201404020904
201404020905
201404020906
201404020907
201404020909
201404020910
201404020911
201404020912
201404021001
201404021002
201404021003
201404021004
201404021005
201404021006
201404021007
201404021008
201404021010
201404021011
201404021012
201404021101
201404021102
201404021103
201404021104
201404021105
201404021106
201404021107
201404021108
201404021109
201404021110
201404021111
201404021112
201404021201
201404021202
201404021203
201404021204
201404021205
201404021206
201404021207
201404021208
201404021209
201404021210
201404021211
201404021212
201404030101
201404030102
201404030103
201404030105
201404030106
201404030107
201404030108
201404030109
201404030111
201404030112
201404030201
201404030202
201404030204
201404030205
201404030206
201404030207
201404030208
201404030209
201404030210
201404030212
201404030301
201404030302
201404030303
201404030304
201404030305
201404030306
201404030307
201404030308
201404030309
201404030310
201404030311
201404030312
201404030401
201404030402
201404030403
201404030404
201404030405
201404030406
201404030407
201404030408
201404030409
201404030410
201404030411
201404030412
201404030501
201404030503
201404030504
201404030505
201404030506
201404030507
201404030508
201404030509
201404030510
201404030511
201404030512
201404030601
201404030602
201404030603
201404030604
201404030605
201404030606
201404030607
201404030608
201404030610
201404030611
201404030612
201404030701
201404030702
201404030703
201404030704
201404030705
201404030707
201404030708
201404030709
201404030710
201404030711
201404030712
201404030802
201404030803
201404030804
201404030805
201404030807
201404030808
201404030809
201404030810
201404030811
201404030812
201405010102
201405010103
201405010104
201405010105
201405010106
201405010107
201405010108
201405010109
201405010110
201405010111
201405010112
201405010203
201405010206
201405010207
201405010208
201405010209
201405010211
201405010212
201405010302
201405010303
201405010304
201405010305
201405010307
201405010309
201405010310
201405010312
201405010402
201405010403
201405010406
201405010407
201405010408
201405010409
201405010412
201405010501
201405010502
201405010503
201405010506
201405010507
201405010509
201405010510
201405010512
201405010601
201405010602
201405010603
201405010606
201405010607
201405010608
201405010609
201405010610
201405010611
201405010612
201405010701
201405010702
201405010703
201405010704
201405010705
201405010706
201405010707
201405010708
201405010709
201405010710
201405010711
201405010712
201405010802
201405010803
201405010804
201405010805
201405010806
201405010807
201405010809
201405010810
201405010811
201405020101
201405020102
201405020103
201405020104
201405020105
201405020106
201405020107
201405020108
201405020109
201405020111
201405020112
201405020201
201405020202
201405020204
201405020206
201405020207
201405020208
201405020209
201405020211
201405020212
201405020301
201405020302
201405020303
201405020304
201405020305
201405020308
201405020309
201405020310
201405020311
201405020312
201405020401
201405020402
201405020403
201405020404
201405020405
201405020406
201405020407
201405020408
201405020409
201405020410
201405020412
201405020501
201405020502
201405020503
201405020504
201405020505
201405020506
201405020507
201405020509
201405020510
201405020511
201405020512
201405020601
201405020602
201405020603
201405020604
201405020605
201405020606
201405020607
201405020608
201405020609
201405020610
201405020611
201405020612
201405020701
201405020702
201405020703
201405020704
201405020705
201405020706
201405020707
201405020708
201405020709
201405020711
201405020712
201405020801
201405020802
201405020803
201405020804
201405020805
201405020806
201405020807
201405020809
201405020810
201405020811
201405020901
201405020903
201405020904
201405020905
201405020906
201405020907
201405020908
201405020909
201405020910
201405020911
201405021001
201405021002
201405021004
201405021005
201405021006
201405021007
201405021008
201405021009
201405021010
201405021011
201405021012
201405021101
201405021102
201405021103
201405021104
201405021105
201405021106
201405021108
201405021109
201405021111
201405021112
201405021201
201405021202
201405021203
201405021204
201405021205
201405021206
201405021207
201405021208
201405021209
201405021211
201405021212
201405030101
201405030102
201405030103
201405030104
201405030105
201405030106
201405030107
201405030108
201405030109
201405030110
201405030111
201405030112
201405030202
201405030203
201405030204
201405030205
201405030206
201405030207
201405030208
201405030209
201405030210
201405030211
201405030301
201405030302
201405030303
201405030304
201405030305
201405030306
201405030307
201405030308
201405030309
201405030310
201405030311
201405030312
201405030401
201405030402
201405030403
201405030404
201405030405
201405030406
201405030408
201405030409
201405030410
201405030411
201405030412
201405030502
201405030504
201405030506
201405030507
201405030508
201405030509
201405030510
201405030511
201405030512
201405030601
201405030602
201405030603
201405030604
201405030605
201405030606
201405030607
201405030608
201405030609
201405030610
201405030611
201405030612
201405030701
201405030702
201405030703
201405030704
201405030705
201405030708
201405030709
201405030710
201405030711
201405030712
201405030801
201405030802
201405030804
201405030805
201405030806
201405030807
201405030808
201405030809
201405030810
201405030811
201405030812
201405040101
201405040103
201405040104
201405040106
201405040107
201405040108
201405040109
201405040110
201405040111
201405040112
201405040201
201405040202
201405040203
201405040204
201405040205
201405040206
201405040207
201405040208
201405040209
201405040210
201405040211
201405040212
201405040301
201405040302
201405040303
201405040304
201405040306
201405040307
201405040309
201405040310
201405040311
201405040312
201405040401
201405040403
201405040404
201405040406
201405040407
201405040409
201405040410
201405040411
201405040412
201405040502
201405040503
201405040504
201405040505
201405040506
201405040507
201405040508
201405040509
201405040510
201405040511
201405040512
201405040601
201405040603
201405040604
201405040605
201405040606
201405040607
201405040608
201405040609
201405040610
201405040611
201405040612
201405040701
201405040702
201405040703
201405040704
201405040705
201405040706
201405040707
201405040708
201405040709
201405040710
201405040711
201405040712
201405040801
201405040802
201405040803
201405040804
201405040805
201405040806
201405040807
201405040808
201405040809
201405040810
201405040812
201405040901
201405040902
201405040903
201405040905
201405040906
201405040907
201405040908
201405040909
201405040910
201405040911
201405040912
201405050101
201405050102
201405050103
201405050104
201405050105
201405050106
201405050107
201405050108
201405050109
201405050110
201405050111
201405050112
201405050201
201405050204
201405050205
201405050206
201405050207
201405050209
201405050210
201405050211
201405050212
201405050301
201405050302
201405050304
201405050305
201405050306
201405050307
201405050308
201405050309
201405050310
201405050311
201405050312
201405050401
201405050402
201405050404
201405050405
201405050407
201405050409
201405050411
201405050412
201405050501
201405050502
201405050503
201405050504
201405050505
201405050506
201405050507
201405050508
201405050509
201405050510
201405050511
201405050512
201405050601
201405050602
201405050605
201405050606
201405050607
201405050609
201405050610
201405050611
201405050612
201405050701
201405050702
201405050703
201405050706
201405050707
201405050708
201405050709
201405050710
201405050711
201405050712
201405050801
201405050802
201405050803
201405050805
201405050808
201405050809
201405050810
201405050811
201405050812
201405050901
201405050902
201405050903
201405050904
201405050905
201405050906
201405050907
201405050908
201405050909
201405050910
201406010101
201406010102
201406010103
201406010104
201406010105
201406010106
201406010107
201406010108
201406010109
201406010110
201406010111
201406010112
201406010201
201406010202
201406010203
201406010205
201406010206
201406010207
201406010208
201406010209
201406010210
201406010211
201406010212
201406010301
201406010302
201406010303
201406010304
201406010305
201406010306
201406010307
201406010309
201406010310
201406010311
201406010312
201406010401
201406010402
201406010403
201406010405
201406010406
201406010407
201406010408
201406010409
201406010410
201406010411
201406010412
201406010501
201406010502
201406010503
201406010505
201406010507
201406010508
201406010510
201406010511
201406010512
201406010601
201406010602
201406010603
201406010604
201406010605
201406010606
201406010607
201406010608
201406010609
201406010610
201406010611
201406010612
201406010701
201406010702
201406010703
201406010704
201406010705
201406010706
201406010707
201406010708
201406010709
201406010710
201406010711
201406010712
201406010801
201406010803
201406010804
201406010805
201406010806
201406010807
201406010808
201406010809
201406010810
201406010811
201406010812
201406010902
201406010903
201406010904
201406010905
201406010906
201406010907
201406010908
201406010909
201406010910
201406010911
201406020101
201406020102
201406020104
201406020105
201406020106
201406020107
201406020108
201406020109
201406020110
201406020111
201406020112
201406020203
201406020205
201406020206
201406020207
201406020208
201406020209
201406020210
201406020211
201406020301
201406020302
201406020303
201406020304
201406020306
201406020307
201406020308
201406020309
201406020310
201406020311
201406020312
201406020401
201406020403
201406020404
201406020405
201406020406
201406020407
201406020408
201406020409
201406020411
201406020412
201406020501
201406020502
201406020503
201406020504
201406020505
201406020506
201406020507
201406020508
201406020509
201406020510
201406020511
201406020512
201406020601
201406020602
201406020603
201406020604
201406020605
201406020606
201406020607
201406020608
201406020609
201406020610
201406020611
201406020612
201406020701
201406020702
201406020703
201406020704
201406020705
201406020706
201406020708
201406020709
201406020710
201406020711
201406020712
201406020801
201406020803
201406020805
201406020806
201406020807
201406020808
201406020809
201406020810
201406020811
201406020812
201406030101
201406030102
201406030104
201406030105
201406030106
201406030107
201406030108
201406030109
201406030110
201406030111
201406030112
201406030201
201406030202
201406030203
201406030204
201406030205
201406030206
201406030207
201406030208
201406030209
201406030210
201406030211
201406030212
201406030301
201406030302
201406030303
201406030305
201406030306
201406030307
201406030308
201406030309
201406030310
201406030311
201406030312
201406030402
201406030403
201406030404
201406030405
201406030406
201406030407
201406030408
201406030409
201406030410
201406030411
201406030412
201406030501
201406030502
201406030503
201406030504
201406030505
201406030506
201406030507
201406030508
201406030509
201406030510
201406030511
201406030512
201406030601
201406030602
201406030603
201406030604
201406030605
201406030606
201406030607
201406030608
201406030609
201406030610
201406030611
201406030612
201406030701
201406030702
201406030704
201406030705
201406030706
201406030707
201406030708
201406030709
201406030710
201406030711
201406030712
201406030801
201406030803
201406030804
201406030805
201406030806
201406030807
201406030808
201406030809
201406030810
201406030811
201406030812
201406040101
201406040102
201406040103
201406040104
201406040105
201406040106
201406040107
201406040109
201406040111
201406040112
201406040201
201406040202
201406040203
201406040204
201406040205
201406040207
201406040208
201406040209
201406040210
201406040211
201406040212
201406040301
201406040304
201406040305
201406040306
201406040307
201406040308
201406040309
201406040310
201406040311
201406040312
201406040401
201406040402
201406040403
201406040404
201406040405
201406040406
201406040407
201406040408
201406040409
201406040410
201406040412
201406040501
201406040502
201406040503
201406040504
201406040505
201406040506
201406040507
201406040508
201406040509
201406040510
201406040512
201406040601
201406040602
201406040603
201406040604
201406040606
201406040607
201406040608
201406040609
201406040610
201406040611
201406040612
201406040701
201406040702
201406040703
201406040705
201406040706
201406040708
201406040709
201406040710
201406040711
201406040712
201406040801
201406040802
201406040803
201406040804
201406040805
201406040806
201406040807
201406040808
201406040809
201406040810
201406040811
201407010103
201407010104
201407010106
201407010107
201407010108
201407010109
201407010110
201407010111
201407010112
201407010203
201407010205
201407010206
201407010207
201407010208
201407010209
201407010210
201407010211
201407010212
201407010301
201407010302
201407010303
201407010304
201407010306
201407010307
201407010308
201407010309
201407010310
201407010311
201407010312
201407010401
201407010402
201407010403
201407010405
201407010406
201407010407
201407010408
201407010409
201407010411
201407010412
201407020102
201407020103
201407020104
201407020105
201407020106
201407020107
201407020108
201407020109
201407020110
201407020111
201407020112
201407020201
201407020202
201407020203
201407020204
201407020205
201407020206
201407020207
201407020208
201407020209
201407020210
201407020211
201407020301
201407020302
201407020303
201407020305
201407020307
201407020308
201407020309
201407020310
201407020311
201407020312
201407020401
201407020402
201407020403
201407020405
201407020406
201407020407
201407020408
201407020409
201407020410
201407020411
201407020412
201407020501
201407020502
201407020503
201407020505
201407020506
201407020507
201407020508
201407020509
201407020510
201407020511
201407020512
201407020601
201407020602
201407020603
201407020605
201407020606
201407020607
201407020608
201407020609
201407020610
201407020611
201407020612
201407030102
201407030103
201407030104
201407030105
201407030106
201407030107
201407030108
201407030109
201407030110
201407030111
201407030112
201407030201
201407030202
201407030203
201407030204
201407030205
201407030206
201407030207
201407030209
201407030210
201407030211
201407030212
201407030301
201407030302
201407030303
201407030304
201407030305
201407030306
201407030308
201407030309
201407030310
201407030311
201407030401
201407030403
201407030405
201407030406
201407030407
201407030408
201407030409
201407030410
201407030411
201407030412
201407030502
201407030503
201407030504
201407030505
201407030506
201407030507
201407030509
201407030511
201407030512
201407030601
201407030602
201407030603
201407030604
201407030605
201407030607
201407030608
201407030609
201407030610
201407030611
201407030612
201407030701
201407030702
201407030703
201407030704
201407030705
201407030706
201407030707
201407030708
201407030709
201407030710
201407030711
201407030712
201407030801
201407030802
201407030804
201407030805
201407030806
201407030808
201407030809
201407030811
201407040101
201407040102
201407040103
201407040104
201407040105
201407040106
201407040107
201407040108
201407040109
201407040110
201407040111
201407040112
201407040201
201407040202
201407040203
201407040204
201407040205
201407040206
201407040207
201407040208
201407040209
201407040211
201407040212
201407040301
201407040302
201407040303
201407040305
201407040307
201407040308
201407040309
201407040310
201407040311
201407040312
201407040401
201407040402
201407040403
201407040404
201407040406
201407040407
201407040408
201407040409
201407040410
201407040411
201407040412
201407040501
201407040502
201407040503
201407040504
201407040505
201407040506
201407040507
201407040508
201407040509
201407040510
201407040511
201407040512
201407040601
201407040602
201407040603
201407040606
201407040607
201407040608
201407040609
201407040610
201407040611
201407040612
201408010101
201408010102
201408010103
201408010104
201408010105
201408010106
201408010107
201408010109
201408010111
201408010112
201408010203
201408010204
201408010205
201408010206
201408010207
201408010209
201408010210
201408010211
201408010212
201408010301
201408010302
201408010303
201408010304
201408010305
201408010306
201408010307
201408010308
201408010309
201408010310
201408010311
201408010312
201408010401
201408010402
201408010403
201408010404
201408010405
201408010406
201408010407
201408010408
201408010409
201408010410
201408010411
201408010412
201408010501
201408010502
201408010504
201408010505
201408010506
201408010507
201408010508
201408010509
201408010510
201408010511
201408010512
201408010601
201408010602
201408010603
201408010604
201408010606
201408010607
201408010608
201408010609
201408010610
201408010611
201408010612
201408010701
201408010702
201408010703
201408010704
201408010705
201408010706
201408010707
201408010708
201408010709
201408010710
201408010711
201408010712
201408010801
201408010802
201408010803
201408010804
201408010805
201408010806
201408010807
201408010808
201408010809
201408010811
201408010812
201408010901
201408010902
201408010903
201408010905
201408010906
201408010907
201408010908
201408010909
201408010910
201408010911
201408010912
201408020101
201408020102
201408020103
201408020104
201408020105
201408020106
201408020107
201408020109
201408020110
201408020111
201408020112
201408020201
201408020202
201408020203
201408020204
201408020205
201408020206
201408020207
201408020208
201408020209
201408020210
201408020211
201408020212
201408020301
201408020303
201408020305
201408020306
201408020307
201408020308
201408020309
201408020401
201408020402
201408020403
201408020404
201408020405
201408020407
201408020408
201408020409
201408020410
201408020412
201408020501
201408020502
201408020504
201408020505
201408020506
201408020507
201408020508
201408020509
201408020510
201408020601
201408020602
201408020604
201408020605
201408020606
201408020607
201408020608
201408020609
201408020610
201408020611
201408020701
201408020702
201408020703
201408020704
201408020705
201408020706
201408020707
201408020708
201408020709
201408020710
201408020711
201408020712
201408020801
201408020803
201408020805
201408020806
201408020808
201408020809
201408020810
201408020811
201408020812
201408030102
201408030103
201408030104
201408030105
201408030106
201408030107
201408030108
201408030109
201408030110
201408030111
201408030112
201408030201
201408030202
201408030203
201408030204
201408030205
201408030206
201408030207
201408030208
201408030209
201408030210
201408030211
201408030212
201408030301
201408030302
201408030304
201408030305
201408030306
201408030307
201408030308
201408030309
201408030310
201408030311
201408030312
201408030401
201408030402
201408030403
201408030404
201408030406
201408030407
201408030408
201408030411
201408030412
201408030501
201408030502
201408030504
201408030505
201408030507
201408030508
201408030509
201408030510
201408030601
201408030602
201408030603
201408030604
201408030606
201408030607
201408030608
201408030609
201408030610
201408030611
201408030612
201408030701
201408030702
201408030704
201408030705
201408030706
201408030707
201408030708
201408030709
201408030710
201408030711
201408030712
201408030801
201408030802
201408030804
201408030807
201408030808
201408030809
201408030810
201408030811
201408030812
201408030901
201408030903
201408030904
201408030905
201408030906
201408030908
201408030910
201408030911
201408030912
201408031001
201408031003
201408031004
201408031005
201408031006
201408031007
201408031008
201408031009
201408031010
201408031011
201408031012
201408031101
201408031102
201408031103
201408031105
201408031106
201408031107
201408031109
201408031110
201408031111
201408031112
201408031201
201408031202
201408031203
201408031205
201408031206
201408031207
201408031208
201408031209
201408031210
201408031211
201408031212
201408040101
201408040102
201408040103
201408040105
201408040106
201408040107
201408040108
201408040109
201408040110
201408040111
201408040112
201408040201
201408040202
201408040203
201408040205
201408040206
201408040207
201408040208
201408040209
201408040210
201408040211
201408040212
201408040301
201408040302
201408040303
201408040304
201408040305
201408040306
201408040307
201408040308
201408040309
201408040311
201408040312
201408040401
201408040402
201408040404
201408040407
201408040408
201408040409
201408040410
201408040411
201408040412
201408040502
201408040503
201408040504
201408040505
201408040506
201408040507
201408040508
201408040509
201408040510
201408040601
201408040602
201408040603
201408040604
201408040605
201408040606
201408040607
201408040608
201408040609
201408040610
201408040611
201408040612
201408040701
201408040702
201408040703
201408040705
201408040706
201408040707
201408040708
201408040709
201408040710
201408040711
201408040712
201408040801
201408040802
201408040803
201408040804
201408040805
201408040806
201408040807
201408040808
201408040809
201408040810
201408040811
201408040812
201408040901
201408040903
201408040904
201408040905
201408040906
201408040907
201408040908
201408040909
201408040910
201408040911
201408040912
201408050102
201408050104
201408050105
201408050106
201408050107
201408050109
201408050110
201408050111
201408050112
201408050201
201408050202
201408050203
201408050204
201408050205
201408050206
201408050207
201408050208
201408050209
201408050210
201408050211
201408050212
201408050301
201408050302
201408050303
201408050304
201408050305
201408050306
201408050307
201408050308
201408050309
201408050310
201408050311
201408050312
201408050401
201408050402
201408050403
201408050404
201408050405
201408050407
201408050408
201408050409
201408050410
201408050411
201408050412
201408050501
201408050502
201408050503
201408050504
201408050505
201408050506
201408050507
201408050508
201408050509
201408050510
201408050512
201408050602
201408050603
201408050604
201408050605
201408050606
201408050608
201408050609
201408050610
201408050611
201408050701
201408050702
201408050703
201408050705
201408050706
201408050707
201408050708
201408050709
201408050710
201408050711
201408050801
201408050803
201408050804
201408050805
201408050806
201408050807
201408050808
201408050809
201408050810
201408050811
201408050812
201408050901
201408050902
201408050903
201408050905
201408050906
201408050908
201408050909
201408050910
201408050911
201408050912
201409010101
201409010102
201409010103
201409010104
201409010105
201409010106
201409010107
201409010108
201409010110
201409010111
201409010112
201409010201
201409010202
201409010203
201409010204
201409010205
201409010206
201409010207
201409010208
201409010209
201409010210
201409010212
201409010301
201409010302
201409010304
201409010305
201409010307
201409010308
201409010309
201409010310
201409010312
201409010402
201409010403
201409010405
201409010406
201409010408
201409010409
201409010411
201409010412
201409010501
201409010502
201409010503
201409010504
201409010505
201409010507
201409010510
201409010511
201409010512
201409010601
201409010603
201409010604
201409010605
201409010606
201409010607
201409010608
201409010609
201409010610
201409010611
201409010612
201409010701
201409010702
201409010703
201409010704
201409010705
201409010706
201409010707
201409010708
201409010709
201409010710
201409010711
201409010712
201409010801
201409010802
201409010803
201409010804
201409010805
201409010806
201409010807
201409010808
201409010809
201409010810
201409010811
201409010812
201409020101
201409020102
201409020103
201409020104
201409020105
201409020106
201409020107
201409020108
201409020109
201409020110
201409020111
201409020112
201409020201
201409020202
201409020203
201409020204
201409020205
201409020206
201409020207
201409020208
201409020209
201409020210
201409020211
201409020212
201409020301
201409020302
201409020303
201409020304
201409020305
201409020306
201409020307
201409020309
201409020311
201409020312
201409020402
201409020403
201409020404
201409020405
201409020406
201409020407
201409020408
201409020409
201409020410
201409020411
201409020412
201409020501
201409020502
201409020503
201409020504
201409020505
201409020506
201409020507
201409020508
201409020509
201409020510
201409020511
201409020512
201409020601
201409020602
201409020603
201409020604
201409020605
201409020606
201409020607
201409020608
201409020609
201409020610
201409020612
201409020701
201409020702
201409020704
201409020706
201409020707
201409020708
201409020709
201409020710
201409020711
201409020712
201409020801
201409020802
201409020803
201409020804
201409020805
201409020806
201409020807
201409020808
201409020809
201409020810
201409020811
201409020812
201409030101
201409030102
201409030103
201409030104
201409030105
201409030106
201409030107
201409030108
201409030109
201409030110
201409030111
201409030112
201409030201
201409030202
201409030203
201409030205
201409030206
201409030207
201409030208
201409030210
201409030211
201409030212
201409030301
201409030302
201409030303
201409030304
201409030305
201409030306
201409030307
201409030308
201409030309
201409030310
201409030311
201409030312
201409030401
201409030403
201409030404
201409030405
201409030406
201409030407
201409030408
201409030409
201409030410
201409030411
201409030412
201409030501
201409030502
201409030503
201409030505
201409030506
201409030507
201409030508
201409030509
201409030510
201409030511
201409030512
201409030601
201409030602
201409030603
201409030605
201409030606
201409030607
201409030608
201409030610
201409030611
201409030612
201409030701
201409030702
201409030703
201409030704
201409030705
201409030706
201409030707
201409030708
201409030710
201409030711
201409030712
201409030801
201409030802
201409030803
201409030804
201409030805
201409030806
201409030807
201409030808
201409030809
201409030810
201409030811
201409040101
201409040102
201409040103
201409040105
201409040106
201409040107
201409040108
201409040109
201409040110
201409040111
201409040112
201409040201
201409040202
201409040203
201409040204
201409040205
201409040206
201409040207
201409040208
201409040209
201409040210
201409040211
201409040301
201409040302
201409040303
201409040304
201409040305
201409040306
201409040307
201409040309
201409040310
201409040311
201409040312
201409040401
201409040402
201409040404
201409040405
201409040406
201409040408
201409040409
201409040410
201409040411
201409040412
201409040501
201409040502
201409040503
201409040504
201409040505
201409040506
201409040507
201409040508
201409040509
201409040510
201409040511
201409040512
201409040601
201409040602
201409040603
201409040604
201409040605
201409040606
201409040607
201409040608
201409040610
201409040611
201409040701
201409040702
201409040703
201409040704
201409040705
201409040708
201409040709
201409040710
201409040711
201409040712
201409040801
201409040802
201409040803
201409040804
201409040805
201409040807
201409040808
201409040809
201409040810
201409040811
201409040812
201409050101
201409050102
201409050103
201409050104
201409050105
201409050106
201409050108
201409050109
201409050110
201409050111
201409050112
201409050202
201409050203
201409050204
201409050205
201409050206
201409050207
201409050208
201409050209
201409050210
201409050211
201409050212
201409050302
201409050303
201409050304
201409050305
201409050306
201409050307
201409050308
201409050309
201409050310
201409050311
201409050312
201409050401
201409050403
201409050404
201409050405
201409050406
201409050407
201409050408
201409050409
201409050410
201409050411
201409050412
201409050501
201409050502
201409050503
201409050504
201409050507
201409050508
201409050509
201409050510
201409050511
201409050512
201409050601
201409050602
201409050603
201409050604
201409050605
201409050606
201409050608
201409050609
201409050610
201409050611
201409050612
201409050701
201409050702
201409050703
201409050704
201409050706
201409050708
201409050709
201409050710
201409050711
201409050712
201409050801
201409050802
201409050804
201409050805
201409050806
201409050807
201409050808
201409050809
201409050810
201409050811
201409050812
201410010101
201410010102
201410010103
201410010104
201410010105
201410010106
201410010107
201410010108
201410010109
201410010110
201410010111
201410010112
201410010201
201410010202
201410010203
201410010204
201410010205
201410010206
201410010207
201410010209
201410010210
201410010211
201410010212
201410010301
201410010302
201410010303
201410010304
201410010305
201410010306
201410010308
201410010309
201410010310
201410010311
201410010312
201410010401
201410010402
201410010403
201410010404
201410010405
201410010406
201410010407
201410010409
201410010410
201410010411
201410010412
201410010501
201410010502
201410010503
201410010504
201410010505
201410010507
201410010508
201410010509
201410010510
201410010511
201410010512
201410010601
201410010602
201410010603
201410010604
201410010605
201410010606
201410010607
201410010608
201410010609
201410010610
201410010612
201410010701
201410010702
201410010703
201410010704
201410010705
201410010707
201410010708
201410010709
201410010710
201410010711
201410010712
201410010801
201410010802
201410010804
201410010805
201410010806
201410010807
201410010808
201410010809
201410010810
201410010811
201410010812
201410020101
201410020102
201410020103
201410020105
201410020106
201410020107
201410020109
201410020110
201410020111
201410020112
201410020201
201410020202
201410020203
201410020204
201410020207
201410020208
201410020209
201410020210
201410020211
201410020212
201410020302
201410020303
201410020304
201410020305
201410020306
201410020307
201410020308
201410020309
201410020310
201410020311
201410020312
201410020401
201410020402
201410020403
201410020404
201410020405
201410020406
201410020407
201410020408
201410020409
201410020410
201410020411
201410020412
201410020501
201410020502
201410020503
201410020504
201410020505
201410020508
201410020510
201410020511
201410020512
201410020601
201410020602
201410020604
201410020605
201410020606
201410020608
201410020609
201410020610
201410020611
201410020612
201410020701
201410020702
201410020703
201410020704
201410020705
201410020706
201410020707
201410020708
201410020709
201410020710
201410020711
201410020712
201410020801
201410020802
201410020803
201410020804
201410020805
201410020806
201410020807
201410020808
201410020809
201410020810
201410020811
201410020812
201410020901
201410020902
201410020903
201410020904
201410020905
201410020906
201410020907
201410020908
201410020910
201410020911
201410020912
201410021001
201410021002
201410021003
201410021005
201410021006
201410021007
201410021008
201410021009
201410021010
201410021011
201410021012
201410021101
201410021102
201410021103
201410021104
201410021105
201410021106
201410021107
201410021108
201410021109
201410021110
201410021111
201410021112
201410021201
201410021202
201410021203
201410021204
201410021205
201410021206
201410021207
201410021209
201410021210
201410021212
201501010101
201501010102
201501010103
201501010104
201501010105
201501010106
201501010107
201501010108
201501010109
201501010110
201501010111
201501010112
201501010201
201501010202
201501010203
201501010204
201501010205
201501010206
201501010207
201501010208
201501010209
201501010210
201501010211
201501010212
201501010301
201501010303
201501010306
201501010307
201501010308
201501010309
201501010310
201501010311
201501010312
201501010401
201501010402
201501010403
201501010404
201501010405
201501010406
201501010407
201501010408
201501010409
201501010410
201501010411
201501010412
201501010501
201501010502
201501010503
201501010504
201501010506
201501010507
201501010508
201501010509
201501010510
201501010511
201501010512
201501010601
201501010602
201501010603
201501010604
201501010605
201501010607
201501010608
201501010609
201501010610
201501010611
201501010612
201501020101
201501020103
201501020104
201501020105
201501020106
201501020107
201501020108
201501020109
201501020110
201501020112
201501020201
201501020202
201501020203
201501020205
201501020206
201501020207
201501020208
201501020209
201501020210
201501020211
201501020212
201501020301
201501020303
201501020304
201501020305
201501020307
201501020308
201501020309
201501020311
201501020312
201501020401
201501020402
201501020403
201501020406
201501020407
201501020409
201501020410
201501020411
201501020412
201501020501
201501020502
201501020503
201501020504
201501020505
201501020506
201501020508
201501020509
201501020510
201501020511
201501020512
201501020601
201501020602
201501020603
201501020604
201501020605
201501020606
201501020608
201501020610
201501020611
201501020612
201502010101
201502010102
201502010103
201502010104
201502010105
201502010106
201502010107
201502010108
201502010109
201502010110
201502010111
201502010112
201502010201
201502010203
201502010205
201502010206
201502010207
201502010209
201502010210
201502010211
201502010212
201502010302
201502010303
201502010304
201502010305
201502010306
201502010307
201502010308
201502010309
201502010311
201502010312
201502010401
201502010402
201502010403
201502010404
201502010405
201502010406
201502010407
201502010408
201502010409
201502010410
201502010411
201502010412
201502010501
201502010502
201502010503
201502010504
201502010505
201502010506
201502010507
201502010508
201502010509
201502010510
201502010511
201502010512
201502010601
201502010602
201502010603
201502010604
201502010605
201502010606
201502010607
201502010608
201502010609
201502010610
201502010611
201502010612
201502020101
201502020102
201502020103
201502020104
201502020105
201502020106
201502020107
201502020108
201502020109
201502020110
201502020111
201502020112
201502020201
201502020202
201502020203
201502020204
201502020205
201502020206
201502020207
201502020208
201502020209
201502020210
201502020211
201502020212
201502020301
201502020302
201502020303
201502020304
201502020305
201502020306
201502020307
201502020308
201502020309
201502020310
201502020311
201502020312
201502020401
201502020402
201502020403
201502020404
201502020405
201502020406
201502020407
201502020408
201502020409
201502020410
201502020411
201502020412
201502020501
201502020502
201502020503
201502020504
201502020505
201502020506
201502020507
201502020508
201502020509
201502020510
201502020511
201502020512
201502020601
201502020602
201502020604
201502020606
201502020607
201502020608
201502020609
201502020610
201502020611
201502020612
201503010101
201503010102
201503010103
201503010105
201503010106
201503010107
201503010108
201503010109
201503010110
201503010111
201503010112
201503010203
201503010205
201503010207
201503010208
201503010210
201503010211
201503010212
201503010301
201503010302
201503010303
201503010304
201503010305
201503010306
201503010307
201503010309
201503010310
201503010311
201503010312
201503010402
201503010403
201503010404
201503010405
201503010406
201503010407
201503010408
201503010409
201503010410
201503010412
201503010501
201503010502
201503010503
201503010506
201503010507
201503010508
201503010509
201503010510
201503010511
201503010512
201503010601
201503010602
201503010603
201503010604
201503010605
201503010606
201503010607
201503010608
201503010609
201503010610
201503010611
201503010612
201503020101
201503020102
201503020103
201503020104
201503020105
201503020106
201503020107
201503020108
201503020109
201503020110
201503020111
201503020112
201503020202
201503020203
201503020204
201503020205
201503020206
201503020207
201503020208
201503020209
201503020210
201503020211
201503020212
201503020301
201503020302
201503020303
201503020304
201503020306
201503020307
201503020309
201503020310
201503020311
201503020312
201503020401
201503020402
201503020403
201503020404
201503020405
201503020406
201503020409
201503020410
201503020411
201503020412
201503020501
201503020502
201503020503
201503020504
201503020505
201503020506
201503020507
201503020510
201503020511
201503020512
201503020601
201503020602
201503020603
201503020604
201503020605
201503020606
201503020607
201503020608
201503020609
201503020611
201503020612
201503020701
201503020702
201503020703
201503020704
201503020705
201503020707
201503020708
201503020709
201503020710
201503020711
201503020712
201503020801
201503020802
201503020804
201503020805
201503020806
201503020807
201503020808
201503020809
201503020810
201503020811
201503020812
201503030101
201503030102
201503030103
201503030104
201503030106
201503030107
201503030108
201503030110
201503030111
201503030112
201503030201
201503030202
201503030203
201503030205
201503030206
201503030207
201503030208
201503030209
201503030210
201503030211
201503030212
201503030301
201503030302
201503030303
201503030304
201503030305
201503030306
201503030307
201503030308
201503030309
201503030310
201503030311
201503030401
201503030403
201503030406
201503030407
201503030408
201503030409
201503030410
201503030411
201503030412
201503030501
201503030502
201503030503
201503030504
201503030505
201503030506
201503030507
201503030508
201503030509
201503030510
201503030511
201503030512
201503030601
201503030602
201503030603
201503030605
201503030606
201503030607
201503030608
201503030609
201503030610
201503030611
201503030612
201504010101
201504010102
201504010103
201504010105
201504010106
201504010107
201504010108
201504010109
201504010110
201504010111
201504010112
201504010201
201504010203
201504010205
201504010206
201504010208
201504010209
201504010210
201504010211
201504010212
201504010302
201504010303
201504010304
201504010305
201504010306
201504010307
201504010308
201504010309
201504010310
201504010311
201504010312
201504010401
201504010402
201504010403
201504010404
201504010405
201504010406
201504010407
201504010408
201504010409
201504010410
201504010411
201504010412
201504010501
201504010502
201504010503
201504010504
201504010506
201504010507
201504010508
201504010509
201504010510
201504010511
201504010512
201504010601
201504010602
201504010603
201504010604
201504010605
201504010606
201504010607
201504010608
201504010609
201504010610
201504010611
201504010612
201504010701
201504010702
201504010703
201504010705
201504010707
201504010708
201504010709
201504010710
201504010711
201504010712
201504010801
201504010802
201504010804
201504010805
201504010806
201504010807
201504010808
201504010809
201504010810
201504010811
201504010812
201504020101
201504020102
201504020103
201504020104
201504020105
201504020106
201504020107
201504020108
201504020109
201504020110
201504020111
201504020112
201504020201
201504020203
201504020205
201504020207
201504020209
201504020210
201504020211
201504020212
201504020302
201504020303
201504020306
201504020307
201504020308
201504020309
201504020310
201504020311
201504020312
201504020401
201504020402
201504020404
201504020405
201504020406
201504020407
201504020408
201504020409
201504020410
201504020412
201504020501
201504020502
201504020503
201504020504
201504020505
201504020506
201504020508
201504020510
201504020511
201504020512
201504020601
201504020602
201504020603
201504020604
201504020605
201504020606
201504020607
201504020609
201504020610
201504020611
201504020612
201504020701
201504020702
201504020704
201504020705
201504020706
201504020708
201504020709
201504020710
201504020711
201504020712
201504020801
201504020803
201504020804
201504020805
201504020806
201504020807
201504020808
201504020809
201504020810
201504020811
201504020812
201504020902
201504020903
201504020904
201504020905
201504020906
201504020907
201504020908
201504020909
201504020910
201504020911
201504020912
201504021001
201504021002
201504021003
201504021004
201504021005
201504021006
201504021007
201504021008
201504021009
201504021010
201504021011
201504021012
201504021101
201504021102
201504021103
201504021104
201504021105
201504021106
201504021107
201504021108
201504021109
201504021110
201504021111
201504021112
201504021201
201504021202
201504021203
201504021204
201504021205
201504021206
201504021207
201504021208
201504021210
201504021211
201504021212
201504030101
201504030103
201504030104
201504030105
201504030106
201504030107
201504030108
201504030109
201504030110
201504030111
201504030112
201504030201
201504030202
201504030203
201504030204
201504030205
201504030206
201504030207
201504030208
201504030209
201504030210
201504030211
201504030212
201504030303
201504030305
201504030306
201504030307
201504030308
201504030309
201504030310
201504030311
201504030312
201504030402
201504030403
201504030405
201504030406
201504030407
201504030408
201504030409
201504030410
201504030411
201504030412
201505010101
201505010102
201505010103
201505010104
201505010106
201505010107
201505010108
201505010109
201505010111
201505010201
201505010203
201505010205
201505010206
201505010207
201505010208
201505010209
201505010210
201505010211
201505010212
201505010301
201505010302
201505010303
201505010304
201505010305
201505010306
201505010307
201505010308
201505010310
201505010311
201505010312
201505010401
201505010403
201505010404
201505010407
201505010408
201505010409
201505010410
201505010411
201505010412
201505010502
201505010503
201505010504
201505010506
201505010507
201505010508
201505010509
201505010510
201505010511
201505010512
201505010601
201505010602
201505010603
201505010604
201505010605
201505010606
201505010608
201505010609
201505010610
201505010611
201505010612
201505010701
201505010702
201505010703
201505010704
201505010705
201505010706
201505010707
201505010708
201505010709
201505010712
201505010801
201505010802
201505010803
201505010804
201505010806
201505010807
201505010808
201505010809
201505010810
201505010811
201505010812
201505020101
201505020102
201505020103
201505020104
201505020105
201505020106
201505020107
201505020108
201505020109
201505020110
201505020111
201505020112
201505020202
201505020203
201505020204
201505020205
201505020206
201505020207
201505020209
201505020210
201505020211
201505020212
201505020301
201505020302
201505020303
201505020304
201505020305
201505020306
201505020307
201505020308
201505020309
201505020310
201505020311
201505020312
201505020401
201505020403
201505020404
201505020405
201505020406
201505020407
201505020408
201505020409
201505020411
201505020412
201505020501
201505020502
201505020503
201505020504
201505020506
201505020507
201505020508
201505020509
201505020510
201505020511
201505020512
201505020601
201505020602
201505020605
201505020606
201505020607
201505020608
201505020609
201505020610
201505020611
201505020612
201505020701
201505020702
201505020704
201505020705
201505020706
201505020707
201505020708
201505020709
201505020710
201505020711
201505020712
201505020801
201505020803
201505020804
201505020805
201505020806
201505020807
201505020808
201505020809
201505020810
201505020811
201505020812
201505020901
201505020902
201505020903
201505020904
201505020905
201505020906
201505020908
201505020909
201505020912
201505021001
201505021002
201505021003
201505021004
201505021005
201505021007
201505021008
201505021010
201505021012
201505021101
201505021103
201505021104
201505021105
201505021107
201505021108
201505021111
201505021112
201505021201
201505021203
201505021204
201505021206
201505021207
201505021208
201505021209
201505021210
201505021211
201505021212
201505030101
201505030102
201505030103
201505030105
201505030106
201505030107
201505030108
201505030109
201505030110
201505030111
201505030112
201505030201
201505030204
201505030205
201505030206
201505030207
201505030208
201505030209
201505030210
201505030211
201505030212
201505030301
201505030303
201505030305
201505030306
201505030307
201505030308
201505030309
201505030310
201505030311
201505030312
201505030401
201505030402
201505030403
201505030404
201505030405
201505030406
201505030407
201505030408
201505030409
201505030410
201505030411
201505030412
201505030502
201505030505
201505030506
201505030507
201505030508
201505030509
201505030510
201505030511
201505030512
201505030602
201505030603
201505030605
201505030606
201505030607
201505030608
201505030609
201505030610
201505030611
201505030612
201505030701
201505030702
201505030704
201505030705
201505030706
201505030707
201505030708
201505030709
201505030710
201505030711
201505030712
201505030802
201505030804
201505030805
201505030806
201505030807
201505030808
201505030809
201505030810
201505030811
201505030812
201505040103
201505040104
201505040106
201505040108
201505040109
201505040110
201505040111
201505040112
201505040201
201505040202
201505040203
201505040204
201505040205
201505040206
201505040207
201505040208
201505040209
201505040210
201505040211
201505040301
201505040302
201505040303
201505040304
201505040305
201505040306
201505040307
201505040308
201505040309
201505040311
201505040312
201505040401
201505040402
201505040403
201505040405
201505040406
201505040407
201505040408
201505040409
201505040410
201505040411
201505040502
201505040503
201505040504
201505040505
201505040507
201505040508
201505040510
201505040511
201505040512
201505040601
201505040602
201505040603
201505040604
201505040606
201505040607
201505040608
201505040609
201505040611
201505040701
201505040702
201505040703
201505040704
201505040705
201505040706
201505040707
201505040708
201505040709
201505040710
201505040711
201505040712
201505040802
201505040803
201505040804
201505040805
201505040807
201505040808
201505040809
201505040810
201505040811
201505040812
201505040901
201505040902
201505040903
201505040904
201505040905
201505040906
201505040907
201505040908
201505040909
201505040910
201505040911
201505040912
201505050101
201505050102
201505050103
201505050105
201505050107
201505050108
201505050110
201505050111
201505050112
201505050201
201505050202
201505050203
201505050204
201505050205
201505050206
201505050207
201505050208
201505050210
201505050211
201505050212
201505050301
201505050302
201505050303
201505050304
201505050305
201505050306
201505050307
201505050308
201505050309
201505050310
201505050311
201505050312
201505050401
201505050402
201505050403
201505050404
201505050405
201505050406
201505050407
201505050408
201505050409
201505050410
201505050411
201505050412
201505050501
201505050502
201505050503
201505050504
201505050505
201505050506
201505050507
201505050508
201505050509
201505050510
201505050511
201505050512
201505050601
201505050602
201505050604
201505050605
201505050606
201505050607
201505050608
201505050609
201505050610
201505050611
201505050612
201505050701
201505050702
201505050703
201505050704
201505050705
201505050706
201505050707
201505050709
201505050710
201505050711
201505050712
201505050801
201505050802
201505050803
201505050805
201505050806
201505050807
201505050809
201505050810
201505050811
201505050812
201505050901
201505050902
201505050903
201505050904
201505050906
201505050907
201505050908
201505050909
201505050910
201505050911
201506010101
201506010102
201506010103
201506010104
201506010105
201506010106
201506010107
201506010108
201506010109
201506010110
201506010111
201506010112
201506010201
201506010203
201506010204
201506010205
201506010206
201506010207
201506010208
201506010209
201506010210
201506010211
201506010212
201506010301
201506010302
201506010303
201506010304
201506010305
201506010307
201506010308
201506010309
201506010310
201506010312
201506010401
201506010402
201506010403
201506010405
201506010406
201506010407
201506010408
201506010409
201506010410
201506010411
201506010412
201506010502
201506010503
201506010504
201506010505
201506010506
201506010507
201506010508
201506010509
201506010510
201506010511
201506010512
201506010601
201506010602
201506010603
201506010604
201506010605
201506010607
201506010608
201506010609
201506010610
201506010612
201506010701
201506010702
201506010703
201506010704
201506010705
201506010706
201506010707
201506010708
201506010709
201506010710
201506010711
201506010712
201506010802
201506010803
201506010804
201506010805
201506010806
201506010807
201506010808
201506010809
201506010810
201506010811
201506010812
201506010901
201506010902
201506010903
201506010905
201506010906
201506010907
201506010908
201506010910
201506010911
201506010912
201506020101
201506020102
201506020103
201506020104
201506020105
201506020106
201506020107
201506020108
201506020109
201506020110
201506020111
201506020112
201506020201
201506020202
201506020203
201506020204
201506020205
201506020206
201506020207
201506020209
201506020210
201506020211
201506020212
201506020301
201506020302
201506020304
201506020305
201506020306
201506020307
201506020308
201506020309
201506020310
201506020311
201506020312
201506020401
201506020402
201506020403
201506020405
201506020406
201506020407
201506020408
201506020409
201506020410
201506020411
201506020412
201506020501
201506020503
201506020504
201506020505
201506020507
201506020508
201506020509
201506020510
201506020511
201506020512
201506020601
201506020602
201506020603
201506020604
201506020605
201506020606
201506020607
201506020608
201506020609
201506020610
201506020612
201506020701
201506020702
201506020703
201506020704
201506020705
201506020707
201506020708
201506020709
201506020710
201506020711
201506020712
201506020801
201506020802
201506020803
201506020804
201506020805
201506020806
201506020807
201506020808
201506020809
201506020810
201506020812
201506030101
201506030102
201506030103
201506030104
201506030105
201506030106
201506030107
201506030108
201506030109
201506030110
201506030111
201506030112
201506030201
201506030202
201506030203
201506030204
201506030205
201506030206
201506030207
201506030208
201506030209
201506030210
201506030211
201506030212
201506030301
201506030302
201506030303
201506030305
201506030306
201506030307
201506030308
201506030309
201506030310
201506030311
201506030312
201506030401
201506030402
201506030403
201506030404
201506030405
201506030406
201506030407
201506030408
201506030409
201506030410
201506030411
201506030412
201506030501
201506030502
201506030503
201506030504
201506030505
201506030506
201506030507
201506030508
201506030509
201506030510
201506030511
201506030512
201506030601
201506030602
201506030604
201506030605
201506030606
201506030607
201506030608
201506030609
201506030610
201506030611
201506030612
201506030701
201506030703
201506030704
201506030705
201506030706
201506030707
201506030709
201506030710
201506030712
201506030801
201506030802
201506030803
201506030804
201506030805
201506030806
201506030807
201506030808
201506030809
201506030810
201506030811
201506030812
201506040101
201506040102
201506040103
201506040104
201506040105
201506040106
201506040107
201506040108
201506040110
201506040111
201506040112
201506040201
201506040202
201506040203
201506040204
201506040205
201506040206
201506040207
201506040208
201506040210
201506040211
201506040212
201506040301
201506040302
201506040303
201506040304
201506040305
201506040306
201506040307
201506040308
201506040310
201506040311
201506040312
201506040401
201506040403
201506040404
201506040405
201506040407
201506040408
201506040409
201506040410
201506040412
201506040501
201506040502
201506040503
201506040504
201506040506
201506040507
201506040508
201506040509
201506040510
201506040511
201506040512
201506040602
201506040603
201506040604
201506040605
201506040606
201506040607
201506040608
201506040609
201506040610
201506040611
201506040612
201506040701
201506040702
201506040703
201506040704
201506040705
201506040706
201506040707
201506040708
201506040709
201506040710
201506040711
201506040712
201506040801
201506040803
201506040805
201506040806
201506040809
201506040810
201506040811
201506040812
201506040901
201506040902
201506040903
201506040904
201506040905
201506040906
201506040907
201506040908
201506040910
201506040912
201506050101
201506050102
201506050104
201506050105
201506050107
201506050108
201506050109
201506050110
201506050111
201506050112
201506050201
201506050202
201506050203
201506050204
201506050205
201506050206
201506050207
201506050208
201506050209
201506050210
201506050211
201506050212
201506050301
201506050302
201506050303
201506050304
201506050308
201506050309
201506050311
201506050312
201506050401
201506050402
201506050403
201506050405
201506050406
201506050407
201506050408
201506050409
201506050410
201506050411
201506050412
201506050501
201506050502
201506050503
201506050505
201506050507
201506050508
201506050509
201506050510
201506050511
201506050512
201506050601
201506050602
201506050603
201506050604
201506050605
201506050606
201506050608
201506050609
201506050610
201506050611
201506050612
201506050702
201506050703
201506050704
201506050705
201506050706
201506050707
201506050708
201506050709
201506050711
201506050712
201506050802
201506050803
201506050804
201506050805
201506050806
201506050807
201506050810
201506050811
201507010101
201507010102
201507010103
201507010104
201507010106
201507010107
201507010108
201507010109
201507010110
201507010111
201507010112
201507010201
201507010202
201507010203
201507010205
201507010206
201507010207
201507010208
201507010209
201507010210
201507010211
201507010301
201507010302
201507010303
201507010306
201507010307
201507010308
201507010309
201507010310
201507010311
201507010312
201507010401
201507010402
201507010404
201507010406
201507010407
201507010408
201507010410
201507010411
201507010412
201507020101
201507020102
201507020103
201507020105
201507020106
201507020107
201507020108
201507020109
201507020110
201507020111
201507020112
201507020201
201507020202
201507020203
201507020204
201507020205
201507020206
201507020208
201507020209
201507020210
201507020211
201507020212
201507020301
201507020302
201507020303
201507020304
201507020306
201507020307
201507020308
201507020309
201507020310
201507020311
201507020312
201507020402
201507020403
201507020404
201507020405
201507020406
201507020407
201507020408
201507020409
201507020411
201507020412
201507020501
201507020502
201507020503
201507020504
201507020506
201507020507
201507020508
201507020510
201507020511
201507020512
201507020601
201507020602
201507020603
201507020604
201507020605
201507020608
201507020609
201507020610
201507020611
201507020612
201507030102
201507030103
201507030104
201507030105
201507030106
201507030107
201507030108
201507030109
201507030110
201507030111
201507030112
201507030201
201507030202
201507030203
201507030204
201507030205
201507030206
201507030207
201507030208
201507030209
201507030210
201507030212
201507030302
201507030303
201507030304
201507030305
201507030306
201507030307
201507030308
201507030309
201507030310
201507030311
201507030312
201507030401
201507030402
201507030403
201507030404
201507030405
201507030406
201507030407
201507030408
201507030409
201507030410
201507030411
201507030412
201507030501
201507030504
201507030505
201507030506
201507030508
201507030509
201507030510
201507030511
201507030512
201507030601
201507030602
201507030603
201507030604
201507030605
201507030606
201507030608
201507030609
201507030610
201507030611
201507030612
201507030702
201507030703
201507030704
201507030705
201507030706
201507030708
201507030709
201507030710
201507030711
201507030712
201507030803
201507030804
201507030805
201507030806
201507030807
201507030808
201507030809
201507030810
201507030811
201507030812
201507040101
201507040102
201507040103
201507040104
201507040105
201507040106
201507040107
201507040108
201507040109
201507040110
201507040111
201507040112
201507040201
201507040202
201507040203
201507040204
201507040205
201507040206
201507040207
201507040208
201507040209
201507040211
201507040212
201507040302
201507040303
201507040304
201507040305
201507040306
201507040307
201507040308
201507040309
201507040310
201507040311
201507040312
201507040401
201507040404
201507040405
201507040406
201507040407
201507040408
201507040409
201507040410
201507040411
201507040412
201507040501
201507040502
201507040503
201507040504
201507040505
201507040506
201507040507
201507040508
201507040509
201507040510
201507040511
201507040512
201507040601
201507040602
201507040603
201507040604
201507040605
201507040606
201507040607
201507040608
201507040609
201507040610
201507040611
201507040612
201508010101
201508010102
201508010103
201508010104
201508010105
201508010106
201508010107
201508010108
201508010109
201508010110
201508010111
201508010112
201508010202
201508010203
201508010204
201508010205
201508010207
201508010208
201508010209
201508010210
201508010211
201508010212
201508010301
201508010302
201508010303
201508010304
201508010306
201508010307
201508010308
201508010309
201508010310
201508010401
201508010402
201508010403
201508010404
201508010405
201508010406
201508010407
201508010408
201508010409
201508010410
201508010411
201508010412
201508010501
201508010502
201508010503
201508010505
201508010506
201508010507
201508010508
201508010509
201508010510
201508010511
201508010512
201508010601
201508010602
201508010603
201508010604
201508010606
201508010607
201508010609
201508010610
201508010611
201508010612
201508010701
201508010702
201508010704
201508010705
201508010707
201508010708
201508010709
201508010711
201508010712
201508010803
201508010804
201508010805
201508010806
201508010807
201508010808
201508010809
201508010811
201508010812
201508010902
201508010903
201508010904
201508010905
201508010906
201508010908
201508010909
201508010910
201508010911
201508010912
201508020101
201508020102
201508020103
201508020104
201508020106
201508020107
201508020108
201508020109
201508020110
201508020111
201508020112
201508020201
201508020202
201508020203
201508020204
201508020205
201508020206
201508020207
201508020208
201508020209
201508020210
201508020211
201508020212
201508020301
201508020302
201508020303
201508020304
201508020305
201508020306
201508020307
201508020308
201508020309
201508020310
201508020311
201508020312
201508020401
201508020402
201508020403
201508020404
201508020405
201508020406
201508020407
201508020408
201508020409
201508020410
201508020411
201508020412
201508020501
201508020502
201508020503
201508020504
201508020505
201508020506
201508020507
201508020508
201508020509
201508020510
201508020511
201508020512
201508020601
201508020602
201508020603
201508020605
201508020606
201508020608
201508020610
201508020611
201508020701
201508020702
201508020704
201508020705
201508020706
201508020707
201508020708
201508020710
201508020711
201508020712
201508020801
201508020802
201508020803
201508020804
201508020805
201508020806
201508020807
201508020808
201508020809
201508020810
201508020811
201508020812
201508030101
201508030102
201508030103
201508030104
201508030105
201508030106
201508030107
201508030108
201508030110
201508030111
201508030112
201508030202
201508030203
201508030204
201508030205
201508030206
201508030207
201508030208
201508030209
201508030210
201508030211
201508030212
201508030302
201508030303
201508030304
201508030305
201508030306
201508030307
201508030308
201508030309
201508030310
201508030311
201508030312
201508030401
201508030402
201508030403
201508030404
201508030405
201508030406
201508030407
201508030408
201508030409
201508030410
201508030411
201508030412
201508030501
201508030502
201508030503
201508030504
201508030506
201508030507
201508030508
201508030509
201508030510
201508030511
201508030512
201508030601
201508030602
201508030603
201508030604
201508030605
201508030606
201508030607
201508030608
201508030609
201508030610
201508030611
201508030612
201508030701
201508030702
201508030703
201508030704
201508030705
201508030706
201508030707
201508030708
201508030709
201508030710
201508030711
201508030712
201508030801
201508030802
201508030803
201508030805
201508030806
201508030807
201508030808
201508030809
201508030810
201508030812
201508030902
201508030903
201508030904
201508030905
201508030906
201508030907
201508030908
201508030909
201508030911
201508030912
201508031001
201508031003
201508031004
201508031005
201508031006
201508031008
201508031009
201508031010
201508031011
201508031012
201508031101
201508031102
201508031103
201508031104
201508031105
201508031106
201508031107
201508031109
201508031110
201508031111
201508031112
201508031201
201508031202
201508031203
201508031205
201508031206
201508031208
201508031209
201508031210
201508031211
201508031212
201508040101
201508040102
201508040103
201508040104
201508040105
201508040106
201508040107
201508040108
201508040109
201508040110
201508040111
201508040112
201508040201
201508040202
201508040203
201508040205
201508040206
201508040207
201508040208
201508040209
201508040210
201508040211
201508040212
201508040301
201508040302
201508040303
201508040304
201508040305
201508040306
201508040307
201508040308
201508040309
201508040310
201508040311
201508040312
201508040401
201508040402
201508040403
201508040404
201508040405
201508040406
201508040407
201508040408
201508040410
201508040411
201508040501
201508040502
201508040503
201508040505
201508040506
201508040507
201508040508
201508040509
201508040510
201508040511
201508040512
201508040601
201508040602
201508040604
201508040605
201508040606
201508040607
201508040608
201508040609
201508040610
201508040612
201508040701
201508040703
201508040704
201508040705
201508040706
201508040707
201508040708
201508040709
201508040710
201508040711
201508040712
201508040801
201508040802
201508040803
201508040804
201508040805
201508040806
201508040807
201508040809
201508040810
201508040812
201508040901
201508040902
201508040903
201508040904
201508040905
201508040906
201508040907
201508040909
201508040910
201508040911
201508040912
201508050101
201508050102
201508050103
201508050104
201508050105
201508050107
201508050108
201508050109
201508050110
201508050111
201508050112
201508050201
201508050202
201508050203
201508050204
201508050205
201508050206
201508050207
201508050208
201508050209
201508050210
201508050211
201508050212
201508050301
201508050302
201508050303
201508050304
201508050305
201508050306
201508050307
201508050309
201508050310
201508050311
201508050312
201508050401
201508050402
201508050403
201508050404
201508050405
201508050406
201508050407
201508050408
201508050409
201508050410
201508050411
201508050412
201508050501
201508050502
201508050503
201508050504
201508050505
201508050506
201508050507
201508050508
201508050509
201508050510
201508050511
201508050512
201508050601
201508050602
201508050603
201508050604
201508050605
201508050606
201508050607
201508050608
201508050609
201508050610
201508050611
201508050612
201508050701
201508050702
201508050704
201508050705
201508050706
201508050707
201508050708
201508050709
201508050710
201508050711
201508050712
201508050801
201508050802
201508050804
201508050805
201508050806
201508050807
201508050808
201508050809
201508050810
201508050811
201508050812
201508050901
201508050902
201508050903
201508050904
201508050905
201508050906
201508050907
201508050908
201508050909
201508050910
201508050911
201508050912
201509010101
201509010102
201509010103
201509010104
201509010105
201509010106
201509010107
201509010109
201509010110
201509010111
201509010112
201509010201
201509010202
201509010203
201509010205
201509010206
201509010207
201509010208
201509010209
201509010210
201509010211
201509010212
201509010301
201509010302
201509010303
201509010304
201509010305
201509010307
201509010308
201509010309
201509010310
201509010311
201509010401
201509010402
201509010403
201509010404
201509010405
201509010406
201509010407
201509010409
201509010410
201509010411
201509010412
201509010501
201509010502
201509010503
201509010505
201509010506
201509010507
201509010509
201509010510
201509010511
201509010512
201509010601
201509010604
201509010605
201509010606
201509010607
201509010608
201509010609
201509010610
201509010611
201509010612
201509010701
201509010702
201509010703
201509010704
201509010705
201509010706
201509010707
201509010708
201509010709
201509010710
201509010712
201509010801
201509010802
201509010804
201509010805
201509010806
201509010807
201509010808
201509010809
201509010810
201509010811
201509010812
201509020101
201509020102
201509020103
201509020104
201509020105
201509020106
201509020107
201509020108
201509020109
201509020110
201509020111
201509020112
201509020201
201509020202
201509020203
201509020204
201509020205
201509020206
201509020208
201509020209
201509020210
201509020211
201509020212
201509020301
201509020302
201509020303
201509020304
201509020305
201509020306
201509020308
201509020309
201509020311
201509020312
201509020401
201509020402
201509020403
201509020404
201509020405
201509020406
201509020407
201509020408
201509020409
201509020410
201509020411
201509020412
201509020501
201509020502
201509020503
201509020504
201509020505
201509020506
201509020507
201509020508
201509020510
201509020511
201509020512
201509020601
201509020602
201509020603
201509020604
201509020605
201509020606
201509020607
201509020608
201509020609
201509020610
201509020611
201509020612
201509020701
201509020702
201509020703
201509020704
201509020706
201509020707
201509020708
201509020709
201509020710
201509020711
201509020801
201509020802
201509020803
201509020804
201509020805
201509020806
201509020807
201509020808
201509020809
201509020810
201509020812
201509030101
201509030102
201509030103
201509030104
201509030105
201509030106
201509030107
201509030108
201509030109
201509030110
201509030111
201509030201
201509030202
201509030205
201509030206
201509030207
201509030208
201509030209
201509030210
201509030211
201509030212
201509030301
201509030302
201509030303
201509030304
201509030305
201509030307
201509030308
201509030309
201509030310
201509030311
201509030312
201509030401
201509030402
201509030403
201509030404
201509030405
201509030406
201509030407
201509030408
201509030409
201509030410
201509030411
201509030412
201509030501
201509030502
201509030503
201509030504
201509030505
201509030506
201509030507
201509030508
201509030509
201509030510
201509030511
201509030512
201509030601
201509030602
201509030603
201509030604
201509030605
201509030606
201509030607
201509030608
201509030609
201509030610
201509030611
201509030612
201509030701
201509030702
201509030703
201509030704
201509030705
201509030706
201509030707
201509030708
201509030709
201509030710
201509030711
201509030712
201509030801
201509030802
201509030803
201509030804
201509030805
201509030806
201509030807
201509030808
201509030809
201509030810
201509030811
201509030812
201509040104
201509040105
201509040106
201509040107
201509040108
201509040109
201509040110
201509040111
201509040112
201509040202
201509040203
201509040205
201509040206
201509040207
201509040208
201509040210
201509040211
201509040212
201509040301
201509040302
201509040303
201509040304
201509040305
201509040307
201509040309
201509040310
201509040311
201509040312
201509040401
201509040402
201509040403
201509040404
201509040405
201509040406
201509040407
201509040408
201509040409
201509040410
201509040411
201509040412
201509040501
201509040503
201509040504
201509040506
201509040507
201509040508
201509040509
201509040510
201509040511
201509040512
201509040601
201509040602
201509040603
201509040604
201509040605
201509040606
201509040607
201509040608
201509040610
201509040611
201509040612
201509040701
201509040702
201509040703
201509040705
201509040706
201509040707
201509040708
201509040709
201509040710
201509040711
201509040712
201509040801
201509040802
201509040803
201509040805
201509040806
201509040807
201509040808
201509040809
201509040810
201509040811
201509040812
201509040901
201509040902
201509040903
201509040905
201509040906
201509040907
201509040908
201509040909
201509040910
201509040911
201509040912
201509050101
201509050102
201509050103
201509050104
201509050106
201509050107
201509050108
201509050109
201509050110
201509050111
201509050112
201509050201
201509050202
201509050203
201509050205
201509050206
201509050207
201509050209
201509050210
201509050211
201509050212
201509050301
201509050302
201509050303
201509050304
201509050305
201509050306
201509050307
201509050308
201509050309
201509050310
201509050311
201509050312
201509050401
201509050402
201509050403
201509050404
201509050406
201509050407
201509050408
201509050409
201509050410
201509050411
201509050412
201509050502
201509050503
201509050504
201509050505
201509050506
201509050507
201509050508
201509050510
201509050511
201509050512
201509050602
201509050603
201509050604
201509050605
201509050606
201509050607
201509050608
201509050609
201509050610
201509050611
201509050612
201509050701
201509050702
201509050703
201509050704
201509050705
201509050706
201509050708
201509050709
201509050710
201509050711
201509050712
201509050801
201509050802
201509050803
201509050804
201509050805
201509050806
201509050807
201509050808
201509050809
201509050810
201509050811
201509050812
201510010102
201510010103
201510010104
201510010105
201510010108
201510010109
201510010110
201510010111
201510010112
201510010201
201510010202
201510010203
201510010204
201510010205
201510010206
201510010207
201510010208
201510010209
201510010210
201510010211
201510010212
201510010301
201510010302
201510010303
201510010304
201510010305
201510010306
201510010307
201510010308
201510010309
201510010310
201510010311
201510010312
201510010402
201510010403
201510010404
201510010405
201510010406
201510010407
201510010408
201510010409
201510010410
201510010411
201510010412
201510010501
201510010502
201510010503
201510010504
201510010505
201510010506
201510010507
201510010508
201510010509
201510010510
201510010511
201510010512
201510010601
201510010602
201510010603
201510010604
201510010605
201510010606
201510010607
201510010608
201510010609
201510010610
201510010611
201510010612
201510010702
201510010703
201510010704
201510010705
201510010706
201510010707
201510010708
201510010709
201510010710
201510010711
201510010712
201510010801
201510010802
201510010803
201510010804
201510010805
201510010806
201510010807
201510010808
201510010809
201510010810
201510010811
201510010812
201510020101
201510020102
201510020103
201510020104
201510020106
201510020108
201510020109
201510020110
201510020111
201510020112
201510020201
201510020202
201510020204
201510020206
201510020208
201510020209
201510020211
201510020212
201510020301
201510020302
201510020303
201510020304
201510020305
201510020306
201510020307
201510020308
201510020309
201510020310
201510020311
201510020312
201510020401
201510020402
201510020403
201510020404
201510020405
201510020406
201510020408
201510020409
201510020410
201510020411
201510020501
201510020502
201510020503
201510020504
201510020505
201510020506
201510020507
201510020508
201510020509
201510020510
201510020511
201510020512
201510020601
201510020602
201510020603
201510020604
201510020605
201510020606
201510020607
201510020608
201510020609
201510020610
201510020611
201510020612
201510020703
201510020704
201510020705
201510020706
201510020707
201510020708
201510020709
201510020710
201510020711
201510020712
201510020801
201510020802
201510020803
201510020804
201510020805
201510020806
201510020807
201510020808
201510020811
201510020812
201510020902
201510020903
201510020904
201510020905
201510020906
201510020907
201510020908
201510020909
201510020910
201510021001
201510021003
201510021004
201510021005
201510021006
201510021007
201510021008
201510021009
201510021010
201510021011
201510021012
201510021102
201510021105
201510021108
201510021109
201510021110
201510021111
201510021112
201510021201
201510021202
201510021203
201510021204
201510021205
201510021206
201510021207
201510021208
201510021209
201510021210
201510021211
201510021212
201601010101
201601010102
201601010103
201601010104
201601010105
201601010106
201601010107
201601010108
201601010109
201601010110
201601010111
201601010112
201601010202
201601010203
201601010204
201601010205
201601010206
201601010207
201601010208
201601010209
201601010210
201601010211
201601010212
201601010301
201601010302
201601010303
201601010304
201601010305
201601010306
201601010307
201601010308
201601010309
201601010310
201601010311
201601010312
201601010402
201601010403
201601010404
201601010406
201601010407
201601010408
201601010409
201601010410
201601010411
201601010412
201601010501
201601010502
201601010503
201601010504
201601010505
201601010506
201601010507
201601010508
201601010509
201601010510
201601010511
201601010512
201601010601
201601010602
201601010603
201601010604
201601010605
201601010606
201601010608
201601010609
201601010610
201601010611
201601010612
201601020101
201601020102
201601020104
201601020105
201601020106
201601020107
201601020108
201601020109
201601020110
201601020111
201601020112
201601020202
201601020203
201601020204
201601020205
201601020206
201601020207
201601020208
201601020209
201601020210
201601020211
201601020212
201601020301
201601020302
201601020303
201601020305
201601020307
201601020308
201601020309
201601020310
201601020311
201601020312
201601020402
201601020403
201601020404
201601020405
201601020407
201601020408
201601020411
201601020412
201601020501
201601020502
201601020503
201601020504
201601020506
201601020507
201601020508
201601020509
201601020510
201601020511
201601020512
201601020601
201601020602
201601020603
201601020604
201601020605
201601020606
201601020607
201601020608
201601020609
201601020610
201601020611
201601020612
201602010101
201602010102
201602010103
201602010104
201602010105
201602010106
201602010107
201602010108
201602010109
201602010110
201602010111
201602010201
201602010202
201602010203
201602010204
201602010205
201602010206
201602010207
201602010208
201602010209
201602010210
201602010211
201602010212
201602010302
201602010303
201602010305
201602010306
201602010307
201602010308
201602010309
201602010311
201602010312
201602010401
201602010402
201602010403
201602010404
201602010405
201602010406
201602010407
201602010408
201602010410
201602010411
201602010412
201602010501
201602010502
201602010503
201602010504
201602010505
201602010506
201602010507
201602010508
201602010509
201602010510
201602010511
201602010512
201602010601
201602010602
201602010603
201602010604
201602010605
201602010606
201602010607
201602010609
201602010610
201602010611
201602010612
201602020101
201602020102
201602020103
201602020104
201602020105
201602020106
201602020107
201602020109
201602020110
201602020111
201602020112
201602020202
201602020205
201602020206
201602020207
201602020208
201602020209
201602020211
201602020212
201602020301
201602020302
201602020303
201602020304
201602020305
201602020306
201602020307
201602020308
201602020309
201602020310
201602020311
201602020312
201602020401
201602020402
201602020403
201602020404
201602020405
201602020406
201602020407
201602020408
201602020409
201602020410
201602020411
201602020412
201602020502
201602020503
201602020504
201602020505
201602020506
201602020507
201602020508
201602020510
201602020511
201602020512
201602020602
201602020605
201602020606
201602020608
201602020609
201602020610
201602020611
201603010101
201603010104
201603010106
201603010107
201603010108
201603010109
201603010110
201603010111
201603010112
201603010201
201603010202
201603010203
201603010204
201603010205
201603010206
201603010207
201603010208
201603010209
201603010210
201603010211
201603010212
201603010301
201603010302
201603010303
201603010304
201603010305
201603010306
201603010307
201603010308
201603010309
201603010310
201603010311
201603010312
201603010401
201603010402
201603010403
201603010406
201603010407
201603010408
201603010409
201603010411
201603010412
201603010501
201603010503
201603010504
201603010505
201603010506
201603010507
201603010508
201603010509
201603010510
201603010511
201603010512
201603010601
201603010602
201603010603
201603010604
201603010605
201603010607
201603010608
201603010609
201603010610
201603010611
201603010612
201603020101
201603020102
201603020104
201603020105
201603020106
201603020108
201603020109
201603020110
201603020111
201603020112
201603020201
201603020202
201603020203
201603020205
201603020206
201603020207
201603020208
201603020209
201603020210
201603020211
201603020301
201603020302
201603020305
201603020306
201603020307
201603020308
201603020309
201603020310
201603020311
201603020401
201603020402
201603020403
201603020405
201603020406
201603020407
201603020408
201603020409
201603020410
201603020411
201603020412
201603020501
201603020502
201603020504
201603020505
201603020506
201603020507
201603020508
201603020509
201603020510
201603020511
201603020512
201603020602
201603020603
201603020604
201603020605
201603020606
201603020608
201603020609
201603020610
201603020611
201603020612
201603020701
201603020702
201603020703
201603020705
201603020706
201603020707
201603020708
201603020710
201603020711
201603020801
201603020802
201603020803
201603020804
201603020805
201603020806
201603020807
201603020808
201603020809
201603020810
201603020811
201603020812
201603030101
201603030102
201603030103
201603030105
201603030106
201603030107
201603030108
201603030109
201603030110
201603030112
201603030201
201603030202
201603030203
201603030204
201603030205
201603030206
201603030207
201603030208
201603030209
201603030210
201603030211
201603030212
201603030301
201603030302
201603030303
201603030304
201603030305
201603030306
201603030307
201603030308
201603030309
201603030310
201603030312
201603030401
201603030402
201603030403
201603030404
201603030405
201603030406
201603030407
201603030408
201603030409
201603030410
201603030411
201603030412
201603030501
201603030502
201603030503
201603030504
201603030505
201603030506
201603030507
201603030508
201603030509
201603030511
201603030512
201603030602
201603030603
201603030604
201603030605
201603030606
201603030607
201603030608
201603030609
201603030610
201603030611
201603030612
201604010101
201604010102
201604010103
201604010105
201604010106
201604010107
201604010108
201604010109
201604010110
201604010111
201604010112
201604010201
201604010203
201604010204
201604010205
201604010206
201604010207
201604010208
201604010209
201604010210
201604010211
201604010212
201604010302
201604010305
201604010306
201604010307
201604010308
201604010309
201604010310
201604010311
201604010401
201604010402
201604010403
201604010404
201604010405
201604010406
201604010407
201604010408
201604010409
201604010410
201604010411
201604010501
201604010502
201604010503
201604010505
201604010506
201604010507
201604010508
201604010509
201604010510
201604010511
201604010512
201604010601
201604010602
201604010603
201604010605
201604010606
201604010607
201604010608
201604010609
201604010610
201604010611
201604010612
201604010701
201604010702
201604010703
201604010704
201604010705
201604010706
201604010707
201604010708
201604010709
201604010710
201604010711
201604010712
201604010801
201604010802
201604010803
201604010805
201604010806
201604010807
201604010808
201604010809
201604010810
201604010811
201604010812
201604020101
201604020102
201604020103
201604020104
201604020106
201604020107
201604020108
201604020109
201604020110
201604020111
201604020112
201604020201
201604020202
201604020203
201604020204
201604020205
201604020206
201604020208
201604020209
201604020210
201604020211
201604020212
201604020301
201604020302
201604020303
201604020304
201604020305
201604020306
201604020307
201604020308
201604020311
201604020312
201604020401
201604020402
201604020403
201604020404
201604020405
201604020406
201604020407
201604020408
201604020409
201604020410
201604020411
201604020412
201604020502
201604020503
201604020504
201604020505
201604020506
201604020507
201604020508
201604020509
201604020510
201604020511
201604020512
201604020601
201604020602
201604020603
201604020604
201604020607
201604020608
201604020609
201604020610
201604020611
201604020612
201604020701
201604020702
201604020703
201604020704
201604020705
201604020706
201604020707
201604020708
201604020709
201604020710
201604020711
201604020712
201604020802
201604020803
201604020805
201604020806
201604020807
201604020808
201604020809
201604020810
201604020811
201604020812
201604020901
201604020902
201604020903
201604020904
201604020905
201604020906
201604020907
201604020908
201604020909
201604020910
201604020911
201604020912
201604021001
201604021002
201604021003
201604021004
201604021005
201604021006
201604021007
201604021008
201604021009
201604021010
201604021011
201604021012
201604021101
201604021102
201604021104
201604021105
201604021106
201604021107
201604021108
201604021110
201604021111
201604021112
201604021201
201604021202
201604021203
201604021204
201604021205
201604021206
201604021207
201604021208
201604021209
201604021210
201604021211
201604021212
201604030101
201604030102
201604030103
201604030104
201604030105
201604030106
201604030107
201604030108
201604030110
201604030111
201604030112
201604030201
201604030202
201604030203
201604030204
201604030205
201604030206
201604030207
201604030208
201604030209
201604030210
201604030211
201604030212
201604030302
201604030303
201604030304
201604030305
201604030306
201604030307
201604030308
201604030309
201604030310
201604030311
201604030312
201604030401
201604030402
201604030403
201604030404
201604030405
201604030406
201604030407
201604030408
201604030409
201604030410
201604030411
201604030412
201604030501
201604030502
201604030503
201604030504
201604030505
201604030506
201604030507
201604030508
201604030509
201604030510
201604030511
201604030512
201604030601
201604030602
201604030603
201604030604
201604030605
201604030606
201604030607
201604030608
201604030609
201604030610
201604030611
201604030612
201605010101
201605010102
201605010103
201605010104
201605010105
201605010106
201605010107
201605010108
201605010109
201605010111
201605010201
201605010202
201605010204
201605010205
201605010206
201605010207
201605010208
201605010209
201605010210
201605010211
201605010212
201605010301
201605010302
201605010303
201605010304
201605010305
201605010306
201605010308
201605010309
201605010310
201605010311
201605010312
201605010401
201605010403
201605010404
201605010405
201605010406
201605010407
201605010408
201605010409
201605010410
201605010412
201605010501
201605010502
201605010503
201605010504
201605010505
201605010506
201605010507
201605010508
201605010509
201605010510
201605010511
201605010512
201605010601
201605010602
201605010603
201605010604
201605010605
201605010606
201605010607
201605010608
201605010609
201605010610
201605010611
201605010612
201605010701
201605010702
201605010703
201605010705
201605010706
201605010707
201605010708
201605010709
201605010710
201605010711
201605010712
201605010802
201605010803
201605010804
201605010805
201605010806
201605010807
201605010808
201605010809
201605010810
201605010811
201605010812
201605020102
201605020103
201605020105
201605020106
201605020107
201605020108
201605020109
201605020110
201605020111
201605020112
201605020201
201605020202
201605020203
201605020204
201605020205
201605020206
201605020207
201605020208
201605020209
201605020210
201605020211
201605020301
201605020302
201605020304
201605020305
201605020306
201605020307
201605020308
201605020309
201605020310
201605020311
201605020312
201605020401
201605020402
201605020404
201605020406
201605020407
201605020408
201605020409
201605020410
201605020411
201605020412
201605020501
201605020502
201605020503
201605020504
201605020505
201605020506
201605020507
201605020509
201605020510
201605020511
201605020512
201605020601
201605020602
201605020603
201605020604
201605020605
201605020606
201605020607
201605020608
201605020609
201605020610
201605020611
201605020612
201605020701
201605020702
201605020703
201605020704
201605020705
201605020706
201605020707
201605020708
201605020709
201605020710
201605020711
201605020712
201605020802
201605020803
201605020804
201605020805
201605020806
201605020807
201605020808
201605020809
201605020810
201605020811
201605020812
201605020901
201605020903
201605020904
201605020905
201605020906
201605020907
201605020908
201605020909
201605020910
201605020911
201605020912
201605021001
201605021002
201605021003
201605021005
201605021006
201605021007
201605021008
201605021009
201605021010
201605021011
201605021012
201605021101
201605021102
201605021103
201605021104
201605021105
201605021106
201605021107
201605021108
201605021109
201605021110
201605021111
201605021112
201605021201
201605021202
201605021203
201605021204
201605021205
201605021206
201605021207
201605021208
201605021209
201605021210
201605021211
201605021212
201605030101
201605030102
201605030103
201605030105
201605030106
201605030107
201605030108
201605030109
201605030110
201605030112
201605030201
201605030202
201605030203
201605030204
201605030205
201605030206
201605030207
201605030208
201605030209
201605030210
201605030211
201605030212
201605030302
201605030303
201605030304
201605030305
201605030306
201605030307
201605030308
201605030310
201605030311
201605030312
201605030401
201605030402
201605030403
201605030404
201605030405
201605030406
201605030407
201605030408
201605030409
201605030411
201605030412
201605030501
201605030502
201605030503
201605030505
201605030506
201605030507
201605030508
201605030509
201605030510
201605030511
201605030512
201605030601
201605030602
201605030603
201605030604
201605030605
201605030606
201605030607
201605030609
201605030610
201605030611
201605030612
201605030701
201605030702
201605030703
201605030705
201605030706
201605030707
201605030708
201605030709
201605030710
201605030711
201605030801
201605030802
201605030803
201605030804
201605030805
201605030806
201605030807
201605030808
201605030809
201605030810
201605030811
201605030812
201605040101
201605040102
201605040103
201605040104
201605040105
201605040106
201605040107
201605040108
201605040109
201605040110
201605040111
201605040112
201605040201
201605040202
201605040203
201605040204
201605040205
201605040206
201605040207
201605040208
201605040209
201605040210
201605040211
201605040212
201605040301
201605040302
201605040303
201605040304
201605040305
201605040306
201605040307
201605040308
201605040309
201605040310
201605040311
201605040312
201605040401
201605040402
201605040403
201605040404
201605040405
201605040406
201605040407
201605040408
201605040409
201605040410
201605040411
201605040412
201605040501
201605040502
201605040503
201605040504
201605040505
201605040506
201605040507
201605040508
201605040510
201605040511
201605040512
201605040601
201605040602
201605040603
201605040604
201605040605
201605040606
201605040607
201605040608
201605040609
201605040610
201605040611
201605040612
201605040702
201605040703
201605040704
201605040705
201605040707
201605040708
201605040709
201605040710
201605040711
201605040712
201605040801
201605040802
201605040803
201605040804
201605040805
201605040806
201605040807
201605040808
201605040809
201605040810
201605040811
201605040901
201605040902
201605040903
201605040904
201605040905
201605040906
201605040907
201605040908
201605040909
201605040910
201605040911
201605040912
201605050102
201605050103
201605050104
201605050105
201605050106
201605050107
201605050108
201605050109
201605050110
201605050111
201605050112
201605050201
201605050202
201605050203
201605050204
201605050205
201605050206
201605050207
201605050208
201605050209
201605050210
201605050211
201605050212
201605050301
201605050302
201605050303
201605050304
201605050305
201605050307
201605050309
201605050310
201605050311
201605050312
201605050401
201605050402
201605050403
201605050404
201605050406
201605050407
201605050408
201605050409
201605050410
201605050411
201605050412
201605050501
201605050502
201605050503
201605050505
201605050506
201605050507
201605050508
201605050510
201605050511
201605050512
201605050601
201605050602
201605050603
201605050604
201605050605
201605050606
201605050607
201605050608
201605050609
201605050610
201605050611
201605050612
201605050701
201605050702
201605050703
201605050704
201605050705
201605050706
201605050707
201605050708
201605050709
201605050710
201605050711
201605050712
201605050801
201605050802
201605050803
201605050804
201605050805
201605050806
201605050807
201605050808
201605050809
201605050810
201605050811
201606010101
201606010102
201606010103
201606010104
201606010105
201606010106
201606010107
201606010108
201606010109
201606010110
201606010112
201606010202
201606010203
201606010204
201606010205
201606010206
201606010207
201606010209
201606010210
201606010211
201606010212
201606010301
201606010302
201606010304
201606010305
201606010306
201606010307
201606010308
201606010309
201606010310
201606010311
201606010312
201606010401
201606010402
201606010403
201606010405
201606010406
201606010407
201606010408
201606010410
201606010411
201606010412
201606010501
201606010503
201606010504
201606010505
201606010506
201606010507
201606010508
201606010509
201606010510
201606010511
201606010512
201606010601
201606010602
201606010603
201606010604
201606010605
201606010606
201606010607
201606010608
201606010609
201606010610
201606010611
201606010612
201606010702
201606010703
201606010704
201606010705
201606010706
201606010708
201606010709
201606010710
201606010711
201606010712
201606010801
201606010802
201606010804
201606010805
201606010806
201606010807
201606010808
201606010810
201606010812
201606020101
201606020102
201606020103
201606020104
201606020105
201606020106
201606020107
201606020108
201606020109
201606020110
201606020111
201606020201
201606020202
201606020203
201606020204
201606020206
201606020207
201606020208
201606020209
201606020210
201606020211
201606020212
201606020301
201606020302
201606020303
201606020304
201606020306
201606020307
201606020308
201606020309
201606020310
201606020311
201606020401
201606020402
201606020403
201606020404
201606020405
201606020406
201606020407
201606020408
201606020409
201606020410
201606020411
201606020412
201606020501
201606020502
201606020503
201606020504
201606020505
201606020506
201606020507
201606020508
201606020509
201606020510
201606020511
201606020512
201606020601
201606020602
201606020603
201606020604
201606020605
201606020606
201606020607
201606020609
201606020610
201606020611
201606020612
201606020701
201606020702
201606020703
201606020704
201606020705
201606020707
201606020708
201606020709
201606020710
201606020711
201606020712
201606020802
201606020803
201606020804
201606020805
201606020806
201606020807
201606020808
201606020809
201606020810
201606020811
201606020812
201606030101
201606030102
201606030104
201606030105
201606030106
201606030107
201606030109
201606030110
201606030111
201606030112
201606030201
201606030202
201606030203
201606030204
201606030205
201606030206
201606030207
201606030208
201606030210
201606030212
201606030301
201606030303
201606030304
201606030305
201606030307
201606030308
201606030309
201606030310
201606030311
201606030312
201606030401
201606030402
201606030403
201606030404
201606030405
201606030406
201606030407
201606030408
201606030409
201606030410
201606030411
201606030412
201606030501
201606030503
201606030504
201606030506
201606030507
201606030508
201606030509
201606030510
201606030511
201606030512
201606030601
201606030602
201606030603
201606030604
201606030605
201606030606
201606030607
201606030608
201606030609
201606030610
201606030611
201606030612
201606030701
201606030702
201606030703
201606030704
201606030705
201606030706
201606030707
201606030708
201606030709
201606030710
201606030801
201606030802
201606030804
201606030805
201606030806
201606030807
201606030808
201606030809
201606030810
201606030812
201606040101
201606040102
201606040103
201606040104
201606040105
201606040106
201606040107
201606040108
201606040109
201606040110
201606040111
201606040112
201606040202
201606040203
201606040204
201606040205
201606040206
201606040208
201606040209
201606040210
201606040212
201606040301
201606040302
201606040303
201606040304
201606040306
201606040307
201606040308
201606040309
201606040310
201606040311
201606040312
201606040401
201606040402
201606040403
201606040405
201606040406
201606040408
201606040409
201606040410
201606040411
201606040412
201606040501
201606040502
201606040503
201606040504
201606040505
201606040507
201606040508
201606040510
201606040511
201606040601
201606040602
201606040603
201606040604
201606040605
201606040606
201606040607
201606040608
201606040609
201606040610
201606040611
201606040612
201606040701
201606040702
201606040703
201606040705
201606040707
201606040708
201606040709
201606040710
201606040711
201606040712
201606040801
201606040802
201606040805
201606040806
201606040807
201606040808
201606040809
201606040810
201606040811
201606040812
201606050101
201606050103
201606050104
201606050105
201606050106
201606050107
201606050109
201606050110
201606050111
201606050112
201606050201
201606050202
201606050204
201606050205
201606050206
201606050207
201606050208
201606050209
201606050210
201606050211
201606050212
201606050301
201606050302
201606050303
201606050304
201606050305
201606050306
201606050307
201606050309
201606050310
201606050311
201606050312
201606050401
201606050402
201606050403
201606050404
201606050405
201606050406
201606050407
201606050408
201606050409
201606050410
201606050411
201606050412
201606050502
201606050503
201606050504
201606050506
201606050507
201606050508
201606050509
201606050510
201606050511
201606050512
201606050601
201606050603
201606050604
201606050605
201606050606
201606050607
201606050608
201606050609
201606050610
201606050611
201606050612
201606050701
201606050702
201606050703
201606050704
201606050705
201606050706
201606050707
201606050709
201606050712
201606050801
201606050802
201606050803
201606050804
201606050805
201606050807
201606050808
201606050809
201606050810
201606050811
201606050812
201606050902
201606050903
201606050904
201606050905
201606050906
201606050907
201606050908
201606050909
201606050910
201606050911
201607010101
201607010102
201607010103
201607010105
201607010106
201607010107
201607010108
201607010109
201607010110
201607010111
201607010112
201607010201
201607010202
201607010203
201607010205
201607010206
201607010207
201607010208
201607010209
201607010210
201607010211
201607010212
201607010301
201607010302
201607010303
201607010304
201607010305
201607010306
201607010307
201607010308
201607010309
201607010310
201607010311
201607010312
201607010402
201607010403
201607010405
201607010406
201607010407
201607010408
201607010409
201607010411
201607010412
201607010501
201607010503
201607010504
201607010505
201607010507
201607010509
201607010510
201607010511
201607010512
201607010601
201607010602
201607010603
201607010605
201607010606
201607010609
201607010610
201607010611
201607010612
201607020102
201607020103
201607020104
201607020105
201607020106
201607020107
201607020108
201607020110
201607020111
201607020112
201607020201
201607020202
201607020203
201607020204
201607020205
201607020206
201607020207
201607020208
201607020209
201607020210
201607020211
201607020212
201607020301
201607020302
201607020303
201607020306
201607020307
201607020308
201607020309
201607020310
201607020311
201607020312
201607020401
201607020402
201607020403
201607020406
201607020408
201607020409
201607020410
201607020411
201607020412
201607020501
201607020502
201607020503
201607020504
201607020505
201607020506
201607020507
201607020508
201607020509
201607020510
201607020511
201607020601
201607020602
201607020603
201607020604
201607020605
201607020606
201607020607
201607020608
201607020609
201607020610
201607020611
201607020612
201607030102
201607030103
201607030105
201607030106
201607030107
201607030108
201607030109
201607030110
201607030111
201607030112
201607030201
201607030202
201607030203
201607030204
201607030205
201607030206
201607030207
201607030208
201607030209
201607030210
201607030211
201607030212
201607030301
201607030302
201607030303
201607030304
201607030305
201607030306
201607030307
201607030308
201607030309
201607030310
201607030311
201607030312
201607030401
201607030402
201607030403
201607030404
201607030405
201607030406
201607030407
201607030410
201607030411
201607030412
201607030501
201607030502
201607030503
201607030504
201607030505
201607030506
201607030507
201607030508
201607030509
201607030510
201607030511
201607030512
201607030601
201607030602
201607030603
201607030605
201607030606
201607030607
201607030608
201607030610
201607030611
201607030612
201607030701
201607030702
201607030703
201607030704
201607030705
201607030706
201607030708
201607030709
201607030710
201607030711
201607030801
201607030802
201607030803
201607030805
201607030806
201607030807
201607030808
201607030809
201607030810
201607030811
201607030812
201607040101
201607040102
201607040103
201607040104
201607040106
201607040107
201607040108
201607040109
201607040110
201607040111
201607040112
201607040202
201607040203
201607040204
201607040205
201607040206
201607040207
201607040208
201607040209
201607040210
201607040211
201607040212
201607040301
201607040302
201607040303
201607040305
201607040306
201607040309
201607040310
201607040311
201607040312
201607040401
201607040402
201607040403
201607040404
201607040405
201607040406
201607040408
201607040409
201607040410
201607040411
201607040412
201607040501
201607040502
201607040503
201607040504
201607040505
201607040506
201607040507
201607040508
201607040510
201607040511
201607040512
201607040602
201607040603
201607040604
201607040605
201607040606
201607040607
201607040608
201607040609
201607040610
201607040611
201607040612
201608010101
201608010102
201608010103
201608010104
201608010105
201608010106
201608010107
201608010108
201608010110
201608010111
201608010112
201608010202
201608010203
201608010204
201608010205
201608010206
201608010207
201608010208
201608010209
201608010210
201608010211
201608010212
201608010301
201608010302
201608010303
201608010304
201608010305
201608010306
201608010307
201608010308
201608010309
201608010310
201608010311
201608010312
201608010401
201608010402
201608010403
201608010405
201608010406
201608010407
201608010408
201608010409
201608010410
201608010411
201608010412
201608010501
201608010502
201608010503
201608010504
201608010505
201608010506
201608010507
201608010508
201608010509
201608010510
201608010512
201608010602
201608010603
201608010604
201608010605
201608010606
201608010607
201608010608
201608010609
201608010610
201608010611
201608010701
201608010702
201608010703
201608010704
201608010705
201608010706
201608010707
201608010708
201608010709
201608010710
201608010711
201608010712
201608010801
201608010802
201608010803
201608010804
201608010805
201608010807
201608010808
201608010809
201608010810
201608010811
201608010812
201608020101
201608020102
201608020103
201608020104
201608020105
201608020106
201608020107
201608020109
201608020110
201608020111
201608020112
201608020201
201608020202
201608020204
201608020205
201608020206
201608020207
201608020208
201608020209
201608020210
201608020211
201608020212
201608020301
201608020302
201608020303
201608020304
201608020305
201608020306
201608020307
201608020309
201608020310
201608020311
201608020312
201608020401
201608020402
201608020403
201608020405
201608020406
201608020407
201608020408
201608020409
201608020412
201608020501
201608020502
201608020503
201608020504
201608020505
201608020506
201608020507
201608020508
201608020509
201608020510
201608020511
201608020512
201608020601
201608020602
201608020603
201608020605
201608020606
201608020607
201608020608
201608020609
201608020610
201608020611
201608020612
201608020702
201608020703
201608020704
201608020705
201608020706
201608020707
201608020708
201608020709
201608020710
201608020711
201608020712
201608020801
201608020802
201608020804
201608020805
201608020807
201608020808
201608020809
201608020810
201608020811
201608020812
201608030101
201608030102
201608030103
201608030104
201608030105
201608030106
201608030107
201608030108
201608030109
201608030110
201608030111
201608030112
201608030201
201608030202
201608030203
201608030205
201608030206
201608030207
201608030208
201608030209
201608030210
201608030211
201608030212
201608030302
201608030303
201608030304
201608030305
201608030306
201608030307
201608030308
201608030309
201608030310
201608030312
201608030401
201608030402
201608030403
201608030404
201608030405
201608030406
201608030407
201608030408
201608030410
201608030411
201608030412
201608030502
201608030504
201608030505
201608030506
201608030507
201608030508
201608030509
201608030510
201608030511
201608030512
201608030601
201608030602
201608030603
201608030605
201608030606
201608030607
201608030608
201608030609
201608030610
201608030611
201608030701
201608030702
201608030703
201608030704
201608030705
201608030706
201608030707
201608030708
201608030709
201608030711
201608030712
201608030803
201608030804
201608030805
201608030806
201608030807
201608030809
201608030810
201608030811
201608030812
201608030903
201608030904
201608030905
201608030906
201608030907
201608030908
201608030909
201608030910
201608030911
201608030912
201608031001
201608031003
201608031004
201608031005
201608031006
201608031007
201608031008
201608031009
201608031010
201608031011
201608031012
201608031101
201608031103
201608031105
201608031106
201608031107
201608031108
201608031109
201608031111
201608031112
201608031201
201608031202
201608031203
201608031205
201608031206
201608031207
201608031208
201608031209
201608031210
201608031211
201608031212
201608040101
201608040102
201608040103
201608040104
201608040105
201608040106
201608040107
201608040108
201608040109
201608040110
201608040111
201608040201
201608040202
201608040203
201608040205
201608040206
201608040207
201608040208
201608040209
201608040210
201608040211
201608040212
201608040301
201608040302
201608040303
201608040305
201608040306
201608040307
201608040308
201608040309
201608040310
201608040311
201608040402
201608040403
201608040404
201608040405
201608040406
201608040407
201608040408
201608040409
201608040410
201608040411
201608040412
201608040501
201608040503
201608040505
201608040506
201608040507
201608040508
201608040509
201608040510
201608040511
201608040512
201608040601
201608040602
201608040604
201608040605
201608040606
201608040607
201608040608
201608040610
201608040611
201608040612
201608040701
201608040702
201608040703
201608040704
201608040705
201608040706
201608040707
201608040708
201608040709
201608040710
201608040711
201608040712
201608040801
201608040802
201608040803
201608040804
201608040805
201608040806
201608040807
201608040808
201608040809
201608040810
201608040811
201608040812
201608040902
201608040904
201608040905
201608040906
201608040907
201608040908
201608040909
201608040910
201608040911
201608040912
201608050103
201608050104
201608050105
201608050106
201608050107
201608050108
201608050109
201608050110
201608050111
201608050112
201608050201
201608050202
201608050203
201608050204
201608050205
201608050206
201608050207
201608050208
201608050209
201608050210
201608050211
201608050212
201608050301
201608050302
201608050303
201608050304
201608050305
201608050306
201608050307
201608050309
201608050310
201608050311
201608050312
201608050401
201608050402
201608050403
201608050404
201608050405
201608050406
201608050407
201608050409
201608050410
201608050411
201608050412
201608050501
201608050502
201608050503
201608050504
201608050505
201608050507
201608050508
201608050509
201608050510
201608050511
201608050512
201608050602
201608050603
201608050604
201608050605
201608050606
201608050607
201608050608
201608050609
201608050610
201608050611
201608050612
201608050702
201608050703
201608050704
201608050705
201608050707
201608050708
201608050709
201608050710
201608050711
201608050712
201608050801
201608050802
201608050803
201608050804
201608050805
201608050806
201608050807
201608050809
201608050811
201608050812
201609010102
201609010103
201609010104
201609010105
201609010107
201609010108
201609010109
201609010110
201609010202
201609010203
201609010205
201609010207
201609010208
201609010209
201609010210
201609010211
201609010212
201609010301
201609010303
201609010304
201609010305
201609010306
201609010307
201609010308
201609010309
201609010310
201609010311
201609010312
201609010401
201609010402
201609010403
201609010404
201609010405
201609010406
201609010407
201609010408
201609010409
201609010411
201609010412
201609010501
201609010502
201609010503
201609010504
201609010505
201609010506
201609010507
201609010509
201609010510
201609010511
201609010601
201609010603
201609010604
201609010605
201609010606
201609010607
201609010609
201609010610
201609010611
201609010612
201609010701
201609010702
201609010703
201609010704
201609010705
201609010706
201609010707
201609010708
201609010709
201609010710
201609010711
201609010712
201609010801
201609010803
201609010804
201609010805
201609010806
201609010807
201609010808
201609010809
201609010810
201609010811
201609010812
201609020101
201609020102
201609020103
201609020106
201609020107
201609020108
201609020109
201609020110
201609020111
201609020112
201609020201
201609020202
201609020204
201609020206
201609020207
201609020208
201609020209
201609020210
201609020211
201609020212
201609020301
201609020302
201609020303
201609020304
201609020305
201609020306
201609020307
201609020309
201609020311
201609020312
201609020401
201609020402
201609020403
201609020404
201609020406
201609020407
201609020408
201609020409
201609020410
201609020411
201609020412
201609020501
201609020502
201609020503
201609020504
201609020505
201609020506
201609020507
201609020508
201609020509
201609020510
201609020511
201609020512
201609020601
201609020603
201609020604
201609020606
201609020607
201609020608
201609020609
201609020610
201609020611
201609020612
201609020701
201609020702
201609020703
201609020704
201609020705
201609020706
201609020707
201609020708
201609020709
201609020710
201609020711
201609020712
201609020801
201609020804
201609020805
201609020806
201609020807
201609020808
201609020809
201609020811
201609020812
201609030101
201609030102
201609030103
201609030104
201609030105
201609030106
201609030108
201609030109
201609030110
201609030111
201609030202
201609030204
201609030205
201609030206
201609030207
201609030208
201609030209
201609030210
201609030211
201609030212
201609030302
201609030303
201609030305
201609030307
201609030308
201609030309
201609030310
201609030311
201609030312
201609030401
201609030402
201609030403
201609030405
201609030406
201609030407
201609030408
201609030409
201609030410
201609030411
201609030412
201609030502
201609030503
201609030504
201609030505
201609030507
201609030508
201609030509
201609030510
201609030511
201609030512
201609030601
201609030602
201609030604
201609030605
201609030606
201609030607
201609030608
201609030609
201609030610
201609030611
201609030612
201609030701
201609030702
201609030705
201609030706
201609030707
201609030708
201609030709
201609030710
201609030711
201609030712
201609030801
201609030802
201609030803
201609030804
201609030805
201609030807
201609030808
201609030809
201609030810
201609030811
201609030812
201609040101
201609040102
201609040103
201609040104
201609040105
201609040106
201609040107
201609040108
201609040109
201609040110
201609040111
201609040112
201609040201
201609040203
201609040204
201609040205
201609040206
201609040207
201609040208
201609040209
201609040210
201609040211
201609040212
201609040302
201609040303
201609040304
201609040306
201609040308
201609040309
201609040310
201609040311
201609040312
201609040401
201609040402
201609040403
201609040405
201609040406
201609040407
201609040408
201609040409
201609040410
201609040411
201609040412
201609040502
201609040503
201609040504
201609040505
201609040506
201609040507
201609040508
201609040509
201609040510
201609040511
201609040512
201609040601
201609040602
201609040603
201609040606
201609040607
201609040608
201609040609
201609040610
201609040612
201609040701
201609040702
201609040703
201609040704
201609040707
201609040708
201609040709
201609040710
201609040711
201609040712
201609040801
201609040804
201609040806
201609040807
201609040808
201609040809
201609040810
201609040812
201609050101
201609050102
201609050103
201609050104
201609050106
201609050107
201609050108
201609050109
201609050110
201609050111
201609050112
201609050201
201609050202
201609050203
201609050205
201609050206
201609050207
201609050208
201609050209
201609050210
201609050211
201609050212
201609050301
201609050302
201609050303
201609050304
201609050305
201609050306
201609050307
201609050308
201609050309
201609050310
201609050311
201609050312
201609050401
201609050402
201609050403
201609050404
201609050405
201609050406
201609050407
201609050408
201609050409
201609050410
201609050411
201609050412
201609050501
201609050502
201609050503
201609050504
201609050505
201609050506
201609050509
201609050510
201609050511
201609050512
201609050601
201609050602
201609050603
201609050604
201609050605
201609050606
201609050607
201609050608
201609050609
201609050610
201609050611
201609050612
201609050702
201609050703
201609050704
201609050705
201609050708
201609050709
201609050710
201609050711
201609050712
201609050801
201609050802
201609050803
201609050805
201609050806
201609050807
201609050808
201609050809
201609050810
201609050812
201609050901
201609050902
201609050904
201609050905
201609050906
201609050907
201609050908
201609050909
201609050911
201609050912
201610010101
201610010103
201610010104
201610010105
201610010106
201610010107
201610010108
201610010110
201610010111
201610010112
201610010201
201610010202
201610010203
201610010204
201610010205
201610010206
201610010207
201610010208
201610010209
201610010210
201610010211
201610010212
201610010301
201610010302
201610010303
201610010304
201610010305
201610010306
201610010308
201610010309
201610010310
201610010311
201610010312
201610010401
201610010402
201610010403
201610010404
201610010405
201610010406
201610010407
201610010408
201610010409
201610010410
201610010411
201610010412
201610010502
201610010503
201610010504
201610010505
201610010506
201610010507
201610010508
201610010509
201610010510
201610010511
201610010512
201610010601
201610010602
201610010605
201610010606
201610010607
201610010608
201610010609
201610010610
201610010611
201610010612
201610010701
201610010702
201610010703
201610010704
201610010705
201610010706
201610010707
201610010708
201610010709
201610010710
201610010711
201610010712
201610010801
201610010802
201610010803
201610010804
201610010806
201610010807
201610010808
201610010809
201610010810
201610010811
201610010812
201610020101
201610020102
201610020103
201610020104
201610020105
201610020106
201610020107
201610020109
201610020111
201610020112
201610020201
201610020202
201610020203
201610020204
201610020205
201610020206
201610020207
201610020208
201610020209
201610020210
201610020211
201610020212
201610020301
201610020302
201610020303
201610020304
201610020305
201610020306
201610020307
201610020308
201610020309
201610020311
201610020312
201610020405
201610020406
201610020407
201610020409
201610020410
201610020411
201610020412
201610020502
201610020503
201610020505
201610020507
201610020508
201610020509
201610020510
201610020512
201610020601
201610020602
201610020603
201610020605
201610020606
201610020607
201610020608
201610020609
201610020610
201610020611
201610020612
201610020702
201610020703
201610020704
201610020705
201610020706
201610020707
201610020708
201610020709
201610020710
201610020711
201610020712
201610020801
201610020802
201610020803
201610020804
201610020805
201610020806
201610020807
201610020808
201610020809
201610020810
201610020812
201610020901
201610020902
201610020903
201610020904
201610020905
201610020906
201610020907
201610020908
201610020909
201610020910
201610020912
201610021001
201610021002
201610021003
201610021004
201610021005
201610021006
201610021008
201610021009
201610021010
201610021011
201610021012
201610021101
201610021103
201610021104
201610021106
201610021107
201610021108
201610021109
201610021110
201610021111
201610021112
201610021201
201610021202
201610021204
201610021205
201610021206
201610021207
201610021208
201610021209
201610021210
201610021211
201610021212
201701010102
201701010103
201701010104
201701010105
201701010106
201701010107
201701010108
201701010109
201701010111
201701010112
201701010202
201701010203
201701010204
201701010206
201701010207
201701010208
201701010209
201701010210
201701010211
201701010212
201701010301
201701010302
201701010303
201701010304
201701010305
201701010307
201701010308
201701010309
201701010310
201701010311
201701010312
201701010401
201701010402
201701010404
201701010406
201701010407
201701010408
201701010410
201701010411
201701010501
201701010502
201701010503
201701010504
201701010505
201701010507
201701010509
201701010510
201701010511
201701010512
201701010601
201701010602
201701010603
201701010604
201701010607
201701010608
201701010609
201701010610
201701010611
201701020101
201701020102
201701020103
201701020104
201701020105
201701020106
201701020107
201701020108
201701020109
201701020110
201701020111
201701020112
201701020201
201701020203
201701020204
201701020205
201701020206
201701020207
201701020208
201701020209
201701020210
201701020211
201701020301
201701020302
201701020304
201701020305
201701020306
201701020307
201701020308
201701020309
201701020310
201701020311
201701020312
201701020401
201701020402
201701020403
201701020406
201701020407
201701020408
201701020409
201701020410
201701020411
201701020412
201701020502
201701020503
201701020504
201701020505
201701020506
201701020507
201701020508
201701020509
201701020510
201701020511
201701020512
201701020601
201701020602
201701020603
201701020604
201701020606
201701020607
201701020608
201701020609
201701020610
201701020611
201701020612
201702010101
201702010102
201702010104
201702010105
201702010106
201702010107
201702010108
201702010110
201702010111
201702010202
201702010203
201702010205
201702010206
201702010207
201702010208
201702010209
201702010210
201702010211
201702010212
201702010301
201702010302
201702010303
201702010304
201702010305
201702010306
201702010307
201702010308
201702010309
201702010310
201702010311
201702010312
201702010401
201702010405
201702010406
201702010407
201702010408
201702010409
201702010410
201702010411
201702010412
201702010501
201702010502
201702010503
201702010504
201702010505
201702010506
201702010507
201702010508
201702010509
201702010510
201702010511
201702010512
201702010601
201702010602
201702010603
201702010604
201702010606
201702010608
201702010610
201702010611
201702010612
201702020102
201702020103
201702020104
201702020105
201702020106
201702020107
201702020108
201702020109
201702020110
201702020111
201702020112
201702020201
201702020202
201702020203
201702020204
201702020205
201702020206
201702020207
201702020208
201702020209
201702020210
201702020211
201702020212
201702020301
201702020302
201702020303
201702020305
201702020306
201702020307
201702020308
201702020309
201702020310
201702020311
201702020312
201702020401
201702020402
201702020403
201702020404
201702020405
201702020406
201702020407
201702020408
201702020409
201702020410
201702020411
201702020412
201702020502
201702020503
201702020504
201702020505
201702020506
201702020507
201702020508
201702020509
201702020510
201702020511
201702020512
201702020601
201702020602
201702020603
201702020604
201702020606
201702020607
201702020608
201702020609
201702020610
201702020612
201703010101
201703010102
201703010103
201703010104
201703010106
201703010107
201703010108
201703010109
201703010110
201703010111
201703010112
201703010201
201703010202
201703010203
201703010205
201703010206
201703010207
201703010208
201703010209
201703010210
201703010211
201703010212
201703010301
201703010302
201703010303
201703010304
201703010305
201703010306
201703010307
201703010308
201703010309
201703010310
201703010311
201703010312
201703010402
201703010403
201703010405
201703010406
201703010407
201703010408
201703010409
201703010410
201703010411
201703010412
201703010501
201703010502
201703010503
201703010505
201703010507
201703010508
201703010509
201703010510
201703010511
201703010512
201703010601
201703010602
201703010603
201703010604
201703010605
201703010606
201703010607
201703010608
201703010609
201703010610
201703010611
201703010612
201703020101
201703020102
201703020103
201703020104
201703020105
201703020106
201703020107
201703020108
201703020109
201703020110
201703020112
201703020201
201703020202
201703020203
201703020205
201703020207
201703020208
201703020209
201703020210
201703020211
201703020212
201703020302
201703020303
201703020305
201703020306
201703020307
201703020308
201703020309
201703020310
201703020311
201703020312
201703020402
201703020403
201703020404
201703020406
201703020407
201703020408
201703020409
201703020410
201703020411
201703020412
201703020501
201703020502
201703020503
201703020504
201703020505
201703020506
201703020507
201703020509
201703020510
201703020511
201703020512
201703020601
201703020603
201703020604
201703020605
201703020606
201703020607
201703020608
201703020609
201703020611
201703020612
201703020702
201703020703
201703020705
201703020706
201703020707
201703020708
201703020709
201703020710
201703020711
201703020712
201703020801
201703020802
201703020803
201703020804
201703020805
201703020806
201703020807
201703020808
201703020809
201703020810
201703020811
201703020812
201703030101
201703030102
201703030103
201703030105
201703030106
201703030107
201703030108
201703030110
201703030111
201703030112
201703030201
201703030202
201703030203
201703030204
201703030205
201703030206
201703030207
201703030208
201703030209
201703030210
201703030211
201703030212
201703030301
201703030302
201703030303
201703030305
201703030306
201703030307
201703030308
201703030311
201703030312
201703030401
201703030402
201703030403
201703030406
201703030407
201703030408
201703030409
201703030410
201703030412
201703030501
201703030502
201703030503
201703030504
201703030506
201703030507
201703030509
201703030510
201703030511
201703030512
201703030602
201703030605
201703030606
201703030607
201703030608
201703030609
201703030610
201703030611
201703030612
201704010101
201704010102
201704010105
201704010106
201704010107
201704010108
201704010109
201704010110
201704010111
201704010112
201704010201
201704010202
201704010203
201704010204
201704010206
201704010207
201704010208
201704010209
201704010210
201704010212
201704010302
201704010303
201704010304
201704010307
201704010308
201704010309
201704010310
201704010311
201704010312
201704010402
201704010403
201704010404
201704010405
201704010406
201704010407
201704010408
201704010409
201704010410
201704010411
201704010412
201704010501
201704010502
201704010503
201704010504
201704010505
201704010506
201704010507
201704010508
201704010509
201704010510
201704010511
201704010512
201704010601
201704010602
201704010603
201704010604
201704010605
201704010607
201704010611
201704010612
201704010701
201704010702
201704010703
201704010705
201704010707
201704010708
201704010709
201704010710
201704010711
201704010712
201704010802
201704010803
201704010804
201704010805
201704010806
201704010807
201704010808
201704010809
201704010810
201704010811
201704020101
201704020102
201704020104
201704020105
201704020106
201704020107
201704020108
201704020109
201704020110
201704020111
201704020201
201704020202
201704020203
201704020204
201704020205
201704020206
201704020207
201704020208
201704020209
201704020210
201704020211
201704020212
201704020301
201704020302
201704020303
201704020304
201704020305
201704020306
201704020307
201704020308
201704020309
201704020310
201704020311
201704020312
201704020401
201704020402
201704020403
201704020404
201704020405
201704020406
201704020407
201704020408
201704020409
201704020410
201704020412
201704020501
201704020502
201704020505
201704020506
201704020507
201704020508
201704020509
201704020510
201704020511
201704020512
201704020601
201704020602
201704020603
201704020604
201704020605
201704020606
201704020607
201704020608
201704020609
201704020610
201704020611
201704020702
201704020703
201704020704
201704020705
201704020706
201704020707
201704020708
201704020709
201704020710
201704020711
201704020712
201704020801
201704020802
201704020803
201704020805
201704020806
201704020807
201704020809
201704020811
201704020812
201704020901
201704020902
201704020903
201704020905
201704020906
201704020907
201704020909
201704020910
201704020912
201704021001
201704021003
201704021005
201704021006
201704021007
201704021008
201704021009
201704021010
201704021011
201704021012
201704021101
201704021102
201704021103
201704021104
201704021105
201704021106
201704021107
201704021108
201704021110
201704021111
201704021112
201704021201
201704021202
201704021203
201704021205
201704021206
201704021207
201704021208
201704021209
201704021210
201704021211
201704021212
201704030101
201704030103
201704030105
201704030106
201704030107
201704030108
201704030109
201704030110
201704030112
201704030201
201704030202
201704030203
201704030204
201704030205
201704030206
201704030207
201704030208
201704030209
201704030210
201704030211
201704030212
201704030302
201704030303
201704030304
201704030305
201704030306
201704030307
201704030308
201704030309
201704030310
201704030311
201704030312
201704030401
201704030402
201704030403
201704030408
201704030409
201704030410
201704030411
201704030412
201704030501
201704030502
201704030503
201704030504
201704030505
201704030506
201704030507
201704030508
201704030509
201704030510
201704030511
201704030512
201704030601
201704030602
201704030603
201704030604
201704030605
201704030606
201704030607
201704030608
201704030609
201704030610
201704030611
201704030612
201705010102
201705010103
201705010104
201705010105
201705010106
201705010107
201705010109
201705010110
201705010111
201705010112
201705010201
201705010202
201705010203
201705010204
201705010205
201705010206
201705010207
201705010209
201705010210
201705010211
201705010212
201705010301
201705010302
201705010303
201705010304
201705010305
201705010306
201705010307
201705010308
201705010309
201705010310
201705010311
201705010312
201705010401
201705010402
201705010403
201705010404
201705010405
201705010406
201705010407
201705010408
201705010410
201705010411
201705010412
201705010501
201705010502
201705010503
201705010504
201705010505
201705010506
201705010507
201705010508
201705010509
201705010510
201705010511
201705010512
201705010601
201705010602
201705010603
201705010604
201705010605
201705010606
201705010607
201705010608
201705010609
201705010610
201705010611
201705010612
201705010702
201705010703
201705010704
201705010705
201705010706
201705010707
201705010708
201705010709
201705010712
201705010801
201705010802
201705010803
201705010804
201705010805
201705010806
201705010807
201705010808
201705010809
201705010810
201705010811
201705010812
201705020101
201705020102
201705020103
201705020104
201705020105
201705020106
201705020107
201705020108
201705020109
201705020110
201705020111
201705020112
201705020201
201705020202
201705020203
201705020204
201705020205
201705020206
201705020207
201705020208
201705020209
201705020210
201705020211
201705020212
201705020301
201705020302
201705020303
201705020304
201705020305
201705020306
201705020307
201705020308
201705020309
201705020310
201705020311
201705020312
201705020401
201705020403
201705020404
201705020405
201705020406
201705020407
201705020408
201705020409
201705020410
201705020411
201705020412
201705020501
201705020502
201705020503
201705020505
201705020506
201705020507
201705020508
201705020509
201705020511
201705020512
201705020601
201705020602
201705020604
201705020605
201705020606
201705020607
201705020608
201705020609
201705020610
201705020611
201705020612
201705020701
201705020703
201705020704
201705020705
201705020706
201705020707
201705020708
201705020709
201705020710
201705020711
201705020712
201705020801
201705020802
201705020803
201705020804
201705020805
201705020806
201705020807
201705020808
201705020809
201705020811
201705020812
201705020901
201705020902
201705020903
201705020904
201705020905
201705020906
201705020907
201705020908
201705020909
201705020910
201705020911
201705020912
201705021001
201705021002
201705021003
201705021006
201705021009
201705021010
201705021011
201705021012
201705021101
201705021102
201705021103
201705021104
201705021105
201705021106
201705021107
201705021108
201705021109
201705021110
201705021111
201705021112
201705021202
201705021203
201705021204
201705021206
201705021207
201705021208
201705021209
201705021210
201705021211
201705021212
201705030101
201705030102
201705030103
201705030105
201705030106
201705030107
201705030108
201705030109
201705030110
201705030111
201705030112
201705030201
201705030202
201705030203
201705030204
201705030205
201705030207
201705030208
201705030209
201705030210
201705030211
201705030212
201705030301
201705030302
201705030303
201705030305
201705030306
201705030307
201705030308
201705030309
201705030310
201705030311
201705030312
201705030401
201705030402
201705030403
201705030404
201705030405
201705030406
201705030407
201705030408
201705030409
201705030410
201705030411
201705030412
201705030502
201705030503
201705030504
201705030506
201705030507
201705030508
201705030509
201705030511
201705030512
201705030601
201705030602
201705030603
201705030604
201705030605
201705030608
201705030609
201705030610
201705030611
201705030612
201705030701
201705030702
201705030703
201705030704
201705030705
201705030706
201705030707
201705030708
201705030709
201705030710
201705030711
201705030712
201705030801
201705030802
201705030805
201705030806
201705030807
201705030808
201705030809
201705030810
201705030811
201705030812
201705040101
201705040102
201705040103
201705040105
201705040106
201705040107
201705040108
201705040109
201705040110
201705040111
201705040112
201705040201
201705040202
201705040203
201705040204
201705040205
201705040206
201705040208
201705040209
201705040210
201705040211
201705040212
201705040301
201705040302
201705040303
201705040304
201705040306
201705040307
201705040308
201705040309
201705040310
201705040311
201705040312
201705040401
201705040402
201705040403
201705040404
201705040405
201705040406
201705040407
201705040408
201705040409
201705040410
201705040411
201705040412
201705040501
201705040502
201705040503
201705040504
201705040505
201705040506
201705040508
201705040509
201705040510
201705040511
201705040512
201705040601
201705040602
201705040603
201705040604
201705040605
201705040606
201705040607
201705040608
201705040610
201705040611
201705040612
201705040702
201705040703
201705040704
201705040705
201705040706
201705040708
201705040709
201705040710
201705040711
201705040801
201705040802
201705040803
201705040805
201705040806
201705040807
201705040809
201705040810
201705040811
201705040812
201705040901
201705040902
201705040903
201705040904
201705040905
201705040906
201705040909
201705040910
201705040911
201705040912
201705050101
201705050103
201705050104
201705050105
201705050106
201705050107
201705050108
201705050109
201705050110
201705050111
201705050112
201705050201
201705050202
201705050203
201705050204
201705050205
201705050207
201705050208
201705050209
201705050210
201705050211
201705050212
201705050302
201705050303
201705050304
201705050305
201705050306
201705050307
201705050308
201705050309
201705050310
201705050311
201705050312
201705050401
201705050402
201705050403
201705050404
201705050405
201705050406
201705050407
201705050408
201705050409
201705050410
201705050412
201705050501
201705050502
201705050503
201705050504
201705050505
201705050506
201705050507
201705050508
201705050509
201705050510
201705050512
201705050601
201705050602
201705050603
201705050604
201705050606
201705050607
201705050608
201705050609
201705050610
201705050611
201705050612
201705050701
201705050702
201705050703
201705050704
201705050705
201705050706
201705050707
201705050708
201705050710
201705050711
201705050712
201705050801
201705050802
201705050803
201705050804
201705050805
201705050806
201705050807
201705050808
201705050809
201705050810
201705050811
201706010101
201706010103
201706010104
201706010105
201706010106
201706010107
201706010108
201706010109
201706010110
201706010111
201706010112
201706010201
201706010202
201706010203
201706010204
201706010205
201706010206
201706010207
201706010209
201706010211
201706010212
201706010301
201706010302
201706010303
201706010304
201706010305
201706010306
201706010307
201706010308
201706010309
201706010310
201706010311
201706010312
201706010401
201706010402
201706010403
201706010404
201706010405
201706010406
201706010407
201706010408
201706010409
201706010410
201706010411
201706010412
201706010501
201706010502
201706010503
201706010504
201706010506
201706010507
201706010508
201706010509
201706010510
201706010511
201706010512
201706010602
201706010603
201706010604
201706010605
201706010606
201706010607
201706010608
201706010609
201706010610
201706010611
201706010612
201706010701
201706010702
201706010703
201706010705
201706010706
201706010707
201706010708
201706010709
201706010710
201706010712
201706020102
201706020103
201706020105
201706020106
201706020107
201706020108
201706020109
201706020110
201706020111
201706020112
201706020201
201706020202
201706020203
201706020204
201706020205
201706020206
201706020207
201706020208
201706020209
201706020210
201706020211
201706020212
201706020301
201706020302
201706020303
201706020304
201706020306
201706020307
201706020308
201706020309
201706020310
201706020311
201706020312
201706020401
201706020402
201706020403
201706020405
201706020407
201706020408
201706020409
201706020410
201706020411
201706020412
201706020501
201706020502
201706020503
201706020504
201706020506
201706020507
201706020508
201706020509
201706020510
201706020511
201706020512
201706020601
201706020602
201706020604
201706020605
201706020606
201706020607
201706020608
201706020609
201706020610
201706020611
201706020612
201706020701
201706020702
201706020703
201706020705
201706020706
201706020707
201706020708
201706020709
201706020710
201706020711
201706020712
201706020801
201706020802
201706020803
201706020804
201706020805
201706020806
201706020809
201706020810
201706020811
201706020812
201706030102
201706030103
201706030104
201706030105
201706030107
201706030108
201706030109
201706030110
201706030111
201706030201
201706030203
201706030204
201706030205
201706030206
201706030207
201706030208
201706030209
201706030210
201706030211
201706030212
201706030301
201706030302
201706030303
201706030304
201706030305
201706030306
201706030307
201706030308
201706030309
201706030310
201706030311
201706030312
201706030401
201706030402
201706030403
201706030405
201706030406
201706030408
201706030409
201706030411
201706030412
201706030501
201706030503
201706030504
201706030505
201706030506
201706030508
201706030509
201706030510
201706030511
201706030512
201706030602
201706030603
201706030604
201706030605
201706030606
201706030607
201706030608
201706030609
201706030610
201706030611
201706030612
201706030701
201706030702
201706030703
201706030704
201706030705
201706030706
201706030707
201706030708
201706030710
201706030711
201706030712
201706030801
201706030802
201706030803
201706030804
201706030805
201706030806
201706030807
201706030809
201706030810
201706030811
201706030812
201706040101
201706040102
201706040103
201706040105
201706040107
201706040108
201706040109
201706040110
201706040111
201706040112
201706040201
201706040202
201706040203
201706040204
201706040205
201706040206
201706040207
201706040208
201706040209
201706040210
201706040212
201706040301
201706040302
201706040303
201706040304
201706040305
201706040306
201706040307
201706040308
201706040309
201706040310
201706040311
201706040312
201706040401
201706040403
201706040404
201706040405
201706040407
201706040409
201706040410
201706040411
201706040412
201706040502
201706040503
201706040504
201706040505
201706040506
201706040507
201706040508
201706040509
201706040510
201706040511
201706040512
201706040602
201706040603
201706040604
201706040605
201706040606
201706040607
201706040609
201706040610
201706040612
201706040702
201706040703
201706040704
201706040705
201706040706
201706040707
201706040708
201706040709
201706040710
201706040711
201706040712
201706040801
201706040802
201706040803
201706040805
201706040806
201706040808
201706040809
201706040810
201706040811
201706040901
201706040903
201706040904
201706040905
201706040906
201706040907
201706040908
201706040909
201706040910
201706040911
201706050101
201706050102
201706050103
201706050104
201706050105
201706050106
201706050107
201706050108
201706050109
201706050110
201706050112
201706050201
201706050202
201706050203
201706050204
201706050205
201706050206
201706050207
201706050208
201706050209
201706050210
201706050211
201706050212
201706050301
201706050302
201706050303
201706050304
201706050306
201706050307
201706050308
201706050309
201706050310
201706050311
201706050312
201706050401
201706050402
201706050403
201706050404
201706050405
201706050406
201706050407
201706050408
201706050409
201706050410
201706050411
201706050412
201706050501
201706050502
201706050503
201706050505
201706050506
201706050507
201706050508
201706050509
201706050510
201706050511
201706050512
201706050601
201706050602
201706050603
201706050604
201706050605
201706050606
201706050607
201706050608
201706050609
201706050610
201706050611
201706050612
201706050701
201706050702
201706050703
201706050704
201706050705
201706050706
201706050707
201706050708
201706050709
201706050711
201706050712
201706050801
201706050802
201706050803
201706050804
201706050805
201706050806
201706050807
201706050808
201706050809
201706050810
201706050811
201706050812
201706050901
201706050902
201706050903
201706050904
201706050906
201706050907
201706050908
201706050909
201706050910
201706050912
201707010101
201707010102
201707010103
201707010105
201707010107
201707010108
201707010109
201707010110
201707010111
201707010112
201707010202
201707010203
201707010205
201707010206
201707010207
201707010208
201707010210
201707010211
201707010212
201707010302
201707010303
201707010304
201707010306
201707010307
201707010308
201707010310
201707010311
201707010312
201707010401
201707010403
201707010404
201707010405
201707010406
201707010407
201707010408
201707010409
201707010410
201707010411
201707010412
201707010501
201707010502
201707010503
201707010504
201707010505
201707010506
201707010507
201707010508
201707010509
201707010510
201707010511
201707010512
201707010601
201707010602
201707010603
201707010606
201707010607
201707010608
201707010609
201707010610
201707010611
201707010612
201707020101
201707020102
201707020103
201707020104
201707020105
201707020106
201707020107
201707020108
201707020109
201707020111
201707020112
201707020201
201707020202
201707020203
201707020204
201707020205
201707020206
201707020208
201707020209
201707020210
201707020211
201707020212
201707020301
201707020302
201707020303
201707020304
201707020305
201707020307
201707020308
201707020309
201707020310
201707020311
201707020312
201707020401
201707020402
201707020403
201707020405
201707020406
201707020407
201707020408
201707020409
201707020410
201707020411
201707020412
201707020501
201707020502
201707020503
201707020504
201707020505
201707020506
201707020507
201707020508
201707020509
201707020510
201707020511
201707020512
201707020601
201707020602
201707020603
201707020604
201707020605
201707020606
201707020607
201707020608
201707020609
201707020610
201707020611
201707020612
201707030102
201707030103
201707030104
201707030105
201707030106
201707030107
201707030108
201707030109
201707030110
201707030111
201707030112
201707030201
201707030202
201707030203
201707030205
201707030206
201707030207
201707030208
201707030209
201707030210
201707030211
201707030212
201707030301
201707030302
201707030303
201707030304
201707030305
201707030306
201707030308
201707030309
201707030310
201707030311
201707030312
201707030401
201707030402
201707030403
201707030404
201707030405
201707030406
201707030407
201707030408
201707030409
201707030411
201707030412
201707030501
201707030502
201707030503
201707030505
201707030507
201707030508
201707030509
201707030511
201707030601
201707030602
201707030603
201707030604
201707030605
201707030607
201707030609
201707030610
201707030612
201707030701
201707030702
201707030703
201707030704
201707030706
201707030707
201707030709
201707030710
201707030711
201707030712
201707030802
201707030803
201707030804
201707030806
201707030807
201707030808
201707030809
201707030811
201707040101
201707040102
201707040104
201707040105
201707040106
201707040107
201707040108
201707040109
201707040111
201707040112
201707040201
201707040202
201707040203
201707040204
201707040205
201707040206
201707040207
201707040209
201707040210
201707040212
201707040301
201707040302
201707040303
201707040305
201707040306
201707040308
201707040309
201707040310
201707040311
201707040312
201707040401
201707040402
201707040405
201707040406
201707040407
201707040408
201707040409
201707040410
201707040411
201707040412
201707040501
201707040502
201707040503
201707040504
201707040505
201707040506
201707040507
201707040508
201707040509
201707040510
201707040511
201707040512
201707040601
201707040602
201707040603
201707040605
201707040608
201707040609
201707040610
201707040611
201707040612
201708010101
201708010102
201708010103
201708010104
201708010105
201708010106
201708010107
201708010108
201708010109
201708010110
201708010111
201708010112
201708010201
201708010202
201708010203
201708010206
201708010207
201708010208
201708010209
201708010210
201708010211
201708010212
201708010303
201708010304
201708010306
201708010307
201708010308
201708010309
201708010311
201708010312
201708010402
201708010403
201708010404
201708010405
201708010406
201708010407
201708010409
201708010410
201708010411
201708010412
201708010501
201708010502
201708010503
201708010504
201708010505
201708010506
201708010507
201708010508
201708010509
201708010510
201708010511
201708010512
201708010601
201708010602
201708010603
201708010604
201708010605
201708010606
201708010607
201708010608
201708010609
201708010610
201708010611
201708010612
201708010701
201708010702
201708010703
201708010704
201708010705
201708010706
201708010707
201708010708
201708010709
201708010710
201708010711
201708010712
201708020102
201708020103
201708020104
201708020105
201708020106
201708020107
201708020108
201708020110
201708020111
201708020112
201708020201
201708020202
201708020203
201708020205
201708020206
201708020207
201708020208
201708020209
201708020210
201708020211
201708020212
201708020302
201708020303
201708020304
201708020305
201708020306
201708020307
201708020308
201708020309
201708020310
201708020311
201708020312
201708020401
201708020403
201708020404
201708020405
201708020406
201708020407
201708020408
201708020409
201708020410
201708020412
201708020501
201708020502
201708020504
201708020505
201708020506
201708020508
201708020509
201708020510
201708020511
201708020512
201708020601
201708020602
201708020603
201708020605
201708020606
201708020608
201708020609
201708020610
201708020611
201708020701
201708020702
201708020703
201708020705
201708020706
201708020707
201708020709
201708020710
201708020711
201708020712
201708020801
201708020802
201708020803
201708020804
201708020805
201708020808
201708020810
201708020811
201708020812
201708030101
201708030102
201708030103
201708030105
201708030106
201708030107
201708030108
201708030109
201708030110
201708030111
201708030112
201708030201
201708030202
201708030203
201708030204
201708030205
201708030206
201708030207
201708030208
201708030210
201708030211
201708030212
201708030301
201708030302
201708030303
201708030304
201708030305
201708030306
201708030307
201708030308
201708030309
201708030310
201708030311
201708030312
201708030401
201708030402
201708030403
201708030404
201708030405
201708030406
201708030408
201708030409
201708030410
201708030411
201708030412
201708030501
201708030503
201708030504
201708030505
201708030506
201708030507
201708030508
201708030509
201708030510
201708030511
201708030512
201708030601
201708030602
201708030603
201708030604
201708030605
201708030606
201708030607
201708030608
201708030609
201708030610
201708030611
201708030612
201708030701
201708030702
201708030703
201708030704
201708030705
201708030706
201708030707
201708030708
201708030709
201708030710
201708030711
201708030712
201708030801
201708030802
201708030803
201708030804
201708030805
201708030806
201708030807
201708030808
201708030809
201708030810
201708030811
201708030812
201708030902
201708030903
201708030904
201708030906
201708030907
201708030908
201708030909
201708030910
201708030911
201708030912
201708031001
201708031002
201708031003
201708031004
201708031005
201708031006
201708031007
201708031008
201708031009
201708031010
201708031011
201708031012
201708031101
201708031102
201708031103
201708031104
201708031110
201708031111
201708031112
201708031201
201708031202
201708031203
201708031204
201708031205
201708031206
201708031207
201708031208
201708031209
201708031210
201708031211
201708031212
201708040101
201708040102
201708040105
201708040106
201708040107
201708040108
201708040109
201708040111
201708040112
201708040201
201708040202
201708040203
201708040204
201708040205
201708040206
201708040207
201708040208
201708040209
201708040210
201708040211
201708040212
201708040301
201708040302
201708040303
201708040305
201708040306
201708040307
201708040308
201708040309
201708040310
201708040311
201708040312
201708040401
201708040402
201708040403
201708040405
201708040407
201708040408
201708040409
201708040410
201708040411
201708040501
201708040502
201708040503
201708040504
201708040505
201708040506
201708040507
201708040508
201708040509
201708040510
201708040511
201708040512
201708040602
201708040604
201708040605
201708040606
201708040607
201708040608
201708040609
201708040610
201708040611
201708040612
201708040701
201708040702
201708040703
201708040704
201708040706
201708040707
201708040708
201708040709
201708040710
201708040711
201708040712
201708040801
201708040802
201708040804
201708040805
201708040806
201708040807
201708040808
201708040809
201708040810
201708040811
201708040812
201708040901
201708040902
201708040903
201708040905
201708040906
201708040907
201708040908
201708040909
201708040910
201708040912
201708050101
201708050102
201708050103
201708050104
201708050106
201708050107
201708050108
201708050109
201708050110
201708050111
201708050112
201708050201
201708050202
201708050204
201708050205
201708050206
201708050207
201708050208
201708050209
201708050212
201708050301
201708050302
201708050303
201708050304
201708050305
201708050306
201708050309
201708050310
201708050401
201708050402
201708050404
201708050405
201708050406
201708050407
201708050408
201708050409
201708050410
201708050411
201708050501
201708050502
201708050503
201708050504
201708050506
201708050507
201708050508
201708050510
201708050511
201708050512
201708050602
201708050604
201708050605
201708050606
201708050607
201708050608
201708050609
201708050610
201708050611
201708050612
201708050701
201708050702
201708050703
201708050704
201708050705
201708050706
201708050707
201708050708
201708050709
201708050710
201708050711
201708050712
201708050801
201708050802
201708050803
201708050804
201708050805
201708050806
201708050807
201708050808
201708050809
201708050810
201708050811
201709010101
201709010102
201709010103
201709010104
201709010105
201709010106
201709010107
201709010108
201709010110
201709010111
201709010112
201709010201
201709010202
201709010203
201709010205
201709010207
201709010208
201709010209
201709010210
201709010211
201709010212
201709010301
201709010302
201709010305
201709010306
201709010307
201709010308
201709010309
201709010311
201709010312
201709010401
201709010402
201709010403
201709010404
201709010405
201709010406
201709010409
201709010410
201709010411
201709010412
201709010501
201709010502
201709010503
201709010504
201709010505
201709010506
201709010507
201709010508
201709010509
201709010510
201709010511
201709010512
201709010601
201709010602
201709010603
201709010604
201709010605
201709010606
201709010607
201709010608
201709010609
201709010611
201709010612
201709010701
201709010703
201709010704
201709010705
201709010707
201709010708
201709010709
201709010710
201709010711
201709010712
201709010803
201709010804
201709010805
201709010806
201709010807
201709010808
201709010809
201709010810
201709010812
201709020101
201709020102
201709020103
201709020104
201709020106
201709020107
201709020108
201709020109
201709020110
201709020201
201709020202
201709020203
201709020206
201709020207
201709020208
201709020209
201709020210
201709020211
201709020301
201709020303
201709020304
201709020305
201709020306
201709020307
201709020308
201709020309
201709020310
201709020312
201709020401
201709020403
201709020404
201709020405
201709020406
201709020407
201709020408
201709020410
201709020411
201709020412
201709020501
201709020502
201709020503
201709020504
201709020505
201709020506
201709020507
201709020508
201709020509
201709020511
201709020512
201709020601
201709020602
201709020603
201709020604
201709020605
201709020606
201709020607
201709020608
201709020609
201709020610
201709020612
201709020701
201709020702
201709020703
201709020704
201709020705
201709020706
201709020707
201709020708
201709020709
201709020710
201709020711
201709020712
201709020801
201709020802
201709020804
201709020805
201709020806
201709020807
201709020809
201709020810
201709020811
201709020812
201709030101
201709030102
201709030103
201709030104
201709030105
201709030106
201709030108
201709030109
201709030110
201709030111
201709030112
201709030201
201709030202
201709030203
201709030205
201709030206
201709030207
201709030208
201709030209
201709030210
201709030211
201709030212
201709030301
201709030302
201709030303
201709030304
201709030305
201709030306
201709030307
201709030308
201709030309
201709030310
201709030311
201709030312
201709030401
201709030402
201709030403
201709030404
201709030405
201709030406
201709030407
201709030408
201709030409
201709030410
201709030411
201709030412
201709030501
201709030503
201709030504
201709030505
201709030507
201709030508
201709030509
201709030510
201709030511
201709030512
201709030601
201709030602
201709030603
201709030605
201709030606
201709030607
201709030608
201709030609
201709030610
201709030612
201709030701
201709030702
201709030703
201709030706
201709030707
201709030708
201709030709
201709030710
201709030711
201709030712
201709030801
201709030802
201709030803
201709030804
201709030805
201709030806
201709030807
201709030808
201709030809
201709030810
201709030811
201709030812
201709040102
201709040103
201709040104
201709040105
201709040106
201709040107
201709040108
201709040109
201709040110
201709040111
201709040112
201709040201
201709040202
201709040203
201709040204
201709040206
201709040207
201709040208
201709040209
201709040210
201709040211
201709040212
201709040301
201709040302
201709040303
201709040304
201709040305
201709040306
201709040307
201709040309
201709040310
201709040311
201709040312
201709040402
201709040403
201709040404
201709040405
201709040407
201709040408
201709040409
201709040410
201709040411
201709040412
201709040501
201709040503
201709040504
201709040505
201709040506
201709040507
201709040508
201709040509
201709040510
201709040511
201709040512
201709040602
201709040603
201709040604
201709040605
201709040607
201709040608
201709040609
201709040610
201709040611
201709040612
201709040701
201709040702
201709040703
201709040705
201709040706
201709040707
201709040708
201709040709
201709040710
201709040711
201709040712
201709040801
201709040802
201709040804
201709040805
201709040806
201709040807
201709040808
201709040809
201709040811
201709040812
201709040901
201709040902
201709040903
201709040904
201709040905
201709040906
201709040907
201709040908
201709040909
201709040910
201709040911
201709040912
201709050102
201709050103
201709050104
201709050106
201709050107
201709050108
201709050109
201709050110
201709050111
201709050112
201709050201
201709050202
201709050203
201709050205
201709050206
201709050207
201709050208
201709050209
201709050210
201709050211
201709050212
201709050301
201709050302
201709050303
201709050304
201709050305
201709050306
201709050307
201709050308
201709050309
201709050310
201709050311
201709050401
201709050402
201709050404
201709050405
201709050406
201709050407
201709050408
201709050410
201709050411
201709050412
201709050501
201709050502
201709050503
201709050504
201709050505
201709050506
201709050507
201709050509
201709050510
201709050511
201709050512
201709050602
201709050603
201709050604
201709050605
201709050606
201709050607
201709050608
201709050609
201709050610
201709050611
201709050612
201709050701
201709050702
201709050703
201709050704
201709050705
201709050706
201709050707
201709050708
201709050709
201709050710
201709050711
201709050712
201709050801
201709050802
201709050803
201709050804
201709050806
201709050807
201709050808
201709050809
201709050810
201709050811
201709050812
201709050901
201709050903
201709050904
201709050905
201709050906
201709050907
201709050909
201709050910
201709050911
201709050912
201710010101
201710010102
201710010103
201710010104
201710010105
201710010107
201710010108
201710010109
201710010110
201710010111
201710010112
201710010201
201710010202
201710010203
201710010204
201710010205
201710010206
201710010207
201710010208
201710010210
201710010212
201710010301
201710010302
201710010303
201710010304
201710010305
201710010306
201710010307
201710010308
201710010309
201710010310
201710010311
201710010312
201710010401
201710010402
201710010403
201710010404
201710010405
201710010406
201710010407
201710010408
201710010409
201710010410
201710010411
201710010412
201710010501
201710010502
201710010503
201710010504
201710010505
201710010506
201710010507
201710010508
201710010509
201710010510
201710010511
201710010512
201710010601
201710010602
201710010603
201710010604
201710010605
201710010606
201710010607
201710010608
201710010609
201710010610
201710010611
201710010612
201710010701
201710010702
201710010703
201710010704
201710010705
201710010706
201710010707
201710010708
201710010709
201710010710
201710010711
201710010712
201710010801
201710010802
201710010803
201710010805
201710010807
201710010808
201710010809
201710010810
201710010811
201710010812
201710020101
201710020102
201710020103
201710020104
201710020105
201710020106
201710020107
201710020109
201710020110
201710020112
201710020202
201710020203
201710020204
201710020205
201710020206
201710020207
201710020208
201710020209
201710020210
201710020211
201710020212
201710020301
201710020302
201710020303
201710020304
201710020305
201710020307
201710020308
201710020309
201710020310
201710020311
201710020312
201710020402
201710020403
201710020405
201710020406
201710020408
201710020409
201710020410
201710020411
201710020412
201710020501
201710020502
201710020503
201710020504
201710020505
201710020506
201710020507
201710020508
201710020509
201710020510
201710020511
201710020601
201710020602
201710020603
201710020604
201710020605
201710020606
201710020607
201710020608
201710020609
201710020610
201710020612
201710020701
201710020702
201710020703
201710020704
201710020705
201710020706
201710020707
201710020708
201710020710
201710020711
201710020712
201710020801
201710020802
201710020803
201710020804
201710020805
201710020806
201710020807
201710020808
201710020809
201710020810
201710020811
201710020812
201710020901
201710020902
201710020904
201710020905
201710020909
201710020910
201710020911
201710020912
201710021001
201710021002
201710021003
201710021004
201710021005
201710021006
201710021007
201710021008
201710021009
201710021010
201710021011
201710021012
201710021101
201710021102
201710021103
201710021105
201710021106
201710021107
201710021108
201710021109
201710021110
201710021111
201710021112
201710021202
201710021203
201710021204
201710021205
201710021206
201710021207
201710021208
201710021209
201710021210
201710021211
201710021212
201801010102
201801010103
201801010104
201801010105
201801010106
201801010107
201801010108
201801010110
201801010111
201801010112
201801010202
201801010203
201801010204
201801010205
201801010206
201801010207
201801010208
201801010209
201801010210
201801010211
201801010301
201801010302
201801010303
201801010304
201801010305
201801010306
201801010307
201801010308
201801010309
201801010310
201801010311
201801010312
201801010403
201801010405
201801010407
201801010408
201801010409
201801010411
201801010412
201801010501
201801010502
201801010503
201801010504
201801010505
201801010506
201801010507
201801010508
201801010509
201801010511
201801010512
201801010601
201801010603
201801010604
201801010605
201801010608
201801010610
201801010611
201801010612
201801020101
201801020102
201801020104
201801020105
201801020106
201801020107
201801020109
201801020110
201801020111
201801020112
201801020201
201801020202
201801020203
201801020204
201801020205
201801020207
201801020208
201801020210
201801020211
201801020212
201801020301
201801020302
201801020304
201801020305
201801020307
201801020308
201801020309
201801020310
201801020311
201801020312
201801020402
201801020403
201801020404
201801020408
201801020409
201801020410
201801020411
201801020412
201801020502
201801020504
201801020505
201801020506
201801020507
201801020508
201801020509
201801020510
201801020511
201801020512
201801020601
201801020602
201801020603
201801020604
201801020605
201801020606
201801020607
201801020608
201801020610
201801020611
201801020612
201802010101
201802010102
201802010103
201802010104
201802010105
201802010106
201802010107
201802010108
201802010109
201802010110
201802010111
201802010201
201802010202
201802010203
201802010204
201802010205
201802010206
201802010207
201802010208
201802010209
201802010210
201802010211
201802010301
201802010302
201802010303
201802010304
201802010305
201802010306
201802010307
201802010308
201802010309
201802010310
201802010311
201802010312
201802010401
201802010402
201802010403
201802010404
201802010405
201802010406
201802010407
201802010408
201802010409
201802010410
201802010411
201802010412
201802010501
201802010502
201802010503
201802010504
201802010505
201802010506
201802010507
201802010508
201802010509
201802010510
201802010511
201802010512
201802010601
201802010602
201802010603
201802010604
201802010605
201802010606
201802010607
201802010608
201802010609
201802010611
201802010612
201802020102
201802020103
201802020104
201802020105
201802020106
201802020107
201802020108
201802020109
201802020110
201802020111
201802020112
201802020201
201802020202
201802020203
201802020204
201802020206
201802020207
201802020208
201802020209
201802020210
201802020211
201802020212
201802020301
201802020303
201802020304
201802020305
201802020306
201802020307
201802020308
201802020309
201802020310
201802020311
201802020312
201802020401
201802020402
201802020403
201802020404
201802020405
201802020406
201802020407
201802020408
201802020409
201802020410
201802020411
201802020412
201802020501
201802020503
201802020504
201802020505
201802020506
201802020507
201802020508
201802020509
201802020511
201802020512
201802020601
201802020602
201802020603
201802020604
201802020605
201802020606
201802020607
201802020608
201802020609
201802020610
201802020611
201802020612
201803010101
201803010102
201803010103
201803010106
201803010107
201803010108
201803010109
201803010110
201803010111
201803010112
201803010201
201803010202
201803010203
201803010206
201803010207
201803010208
201803010209
201803010210
201803010211
201803010301
201803010302
201803010303
201803010304
201803010305
201803010306
201803010307
201803010309
201803010310
201803010312
201803010401
201803010402
201803010403
201803010406
201803010407
201803010410
201803010411
201803010412
201803010501
201803010502
201803010503
201803010504
201803010505
201803010506
201803010507
201803010508
201803010509
201803010510
201803010511
201803010512
201803010602
201803010603
201803010604
201803010605
201803010607
201803010608
201803010609
201803010610
201803010611
201803010612
201803020101
201803020102
201803020103
201803020104
201803020105
201803020106
201803020107
201803020108
201803020109
201803020110
201803020111
201803020112
201803020201
201803020202
201803020203
201803020204
201803020205
201803020206
201803020207
201803020209
201803020210
201803020211
201803020212
201803020301
201803020302
201803020303
201803020305
201803020306
201803020307
201803020308
201803020309
201803020310
201803020311
201803020312
201803020401
201803020402
201803020403
201803020404
201803020405
201803020406
201803020407
201803020408
201803020409
201803020410
201803020412
201803020502
201803020503
201803020504
201803020505
201803020506
201803020507
201803020508
201803020509
201803020510
201803020511
201803020512
201803020601
201803020602
201803020603
201803020607
201803020608
201803020609
201803020610
201803020611
201803020612
201803020702
201803020703
201803020704
201803020705
201803020706
201803020707
201803020708
201803020709
201803020710
201803020711
201803020712
201803020801
201803020802
201803020803
201803020804
201803020805
201803020806
201803020807
201803020808
201803020809
201803020810
201803020811
201803020812
201803030101
201803030102
201803030103
201803030104
201803030105
201803030106
201803030107
201803030108
201803030109
201803030110
201803030111
201803030112
201803030201
201803030202
201803030205
201803030207
201803030208
201803030209
201803030210
201803030211
201803030212
201803030302
201803030303
201803030304
201803030305
201803030306
201803030307
201803030308
201803030309
201803030310
201803030311
201803030312
201803030401
201803030402
201803030403
201803030405
201803030406
201803030407
201803030408
201803030409
201803030410
201803030411
201803030412
201803030501
201803030502
201803030503
201803030504
201803030505
201803030506
201803030507
201803030508
201803030509
201803030510
201803030511
201803030512
201803030601
201803030602
201803030603
201803030604
201803030605
201803030606
201803030607
201803030608
201803030609
201803030610
201803030611
201803030612
201804010101
201804010102
201804010103
201804010104
201804010105
201804010106
201804010108
201804010109
201804010110
201804010111
201804010112
201804010201
201804010202
201804010203
201804010204
201804010205
201804010206
201804010207
201804010208
201804010209
201804010210
201804010211
201804010212
201804010301
201804010302
201804010303
201804010304
201804010305
201804010306
201804010307
201804010308
201804010309
201804010310
201804010311
201804010312
201804010401
201804010402
201804010403
201804010404
201804010405
201804010406
201804010407
201804010408
201804010409
201804010410
201804010411
201804010412
201804010501
201804010502
201804010503
201804010504
201804010505
201804010506
201804010507
201804010508
201804010509
201804010510
201804010511
201804010512
201804010601
201804010602
201804010603
201804010606
201804010607
201804010608
201804010609
201804010611
201804010612
201804010702
201804010704
201804010705
201804010706
201804010707
201804010708
201804010709
201804010710
201804010711
201804010712
201804010801
201804010802
201804010803
201804010804
201804010805
201804010806
201804010807
201804010808
201804010809
201804010810
201804010811
201804010812
201804020101
201804020105
201804020106
201804020107
201804020108
201804020110
201804020111
201804020112
201804020202
201804020203
201804020204
201804020205
201804020206
201804020207
201804020208
201804020209
201804020210
201804020211
201804020212
201804020302
201804020303
201804020306
201804020307
201804020308
201804020309
201804020310
201804020311
201804020312
201804020401
201804020402
201804020403
201804020404
201804020405
201804020406
201804020407
201804020408
201804020409
201804020410
201804020411
201804020412
201804020501
201804020502
201804020503
201804020504
201804020506
201804020507
201804020508
201804020509
201804020510
201804020512
201804020601
201804020602
201804020603
201804020604
201804020605
201804020606
201804020607
201804020608
201804020610
201804020611
201804020612
201804020701
201804020702
201804020703
201804020704
201804020705
201804020706
201804020707
201804020709
201804020710
201804020711
201804020801
201804020802
201804020803
201804020804
201804020805
201804020806
201804020807
201804020808
201804020810
201804020811
201804020812 -
201804020901
201804020903
201804020905
201804020906
201804020907
201804020909
201804020910
201804020911
201804020912
201804021001
201804021002
201804021003
201804021004
201804021005
201804021006
201804021007
201804021008
201804021009
201804021010
201804021011
201804021012
201804021101
201804021102
201804021103
201804021104
201804021105
201804021106
201804021107
201804021108
201804021109
201804021110
201804021111
201804021112
201804021201
201804021202
201804021203
201804021205
201804021206
201804021207
201804021208
201804021209
201804021210
201804021211
201804021212
201804030101
201804030102
201804030105
201804030106
201804030107
201804030108
201804030109
201804030111
201804030112
201804030202
201804030204
201804030205
201804030207
201804030208
201804030209
201804030212
201804030301
201804030302
201804030303
201804030304
201804030307
201804030308
201804030309
201804030310
201804030311
201804030312
201804030401
201804030402
201804030403
201804030404
201804030405
201804030406
201804030407
201804030408
