201302010504
201302020305 -
201302020402
201302030102
201302030204
201302040301 -
201302040401
201305020107
201305020401
201305050408 -
201305050504
201305050601
201306030703
201306050504
201306050509
201308010603
201308020302
201308020509 -
201308020603
201308030801
201308040211
201308040307
201308040601 -
201308050102
201308050202
201309010304 -
201309010811
201309020101
201309020202
201309020411
201309040209
201309050204
201309050309 -
201310021201
201401010512
201402010202
201402010409
201403020101
201404030203
201404030609 -
201405040402
201405040602
201405050203
201405050303
201406030802
201408010904
201408020411
201408030503
201408030806 -
201408040204 -
201408040403
201408050406 -
201408050802
201409010109 -
201409010311
201409010509
201409020611
201409050705
201410020301
201504020301
201504030302
201504030401
201505030501
201505040501
201505050104
201505050209 -
201506030603
201506040109
201506050701
201506050801
201508040409 -
201508040808 -
201509040101
201509040102
201509040502 -
201509050707
201510010101
201510020701
201510020901
201510021104 -
201601010201
201601020401
201602020501
201603010102
201603010103
201605030309
201605040701
201605050101
201606010502
201606020305
201606050901
201607020101
201608010201
201608020411
201608020701
201608031002
201608040401
201608040603
201608050308 -
201608050408 -
201609010201
201609010206
201609010608
201609020605
201609030501 -
201609040605
201609040611
201609040705
201609040802
201701010101 -
201701010201 -
201701010205 -
201702020101 -
201702020501 -
201702020605
201704010401
201704030102
201704030111 -
201704030301
201705010409 -
201705030501
201705040207
201705040701
201705050102
201705050206
201705050511 -
201706020305
201706050111
201706050504
201706050710
201707040110
201708010301
201708010401
201708020301
201708020809
201708030209 -
201708040103 -
201708040603 -
201708040803
201708050203
201708050307 -
201709010811
201709020111 -
201709040101
201709040205 -
201709040401
201709040502 -
201709040601
201709040803
201709050101
201709050105
201709050601
201710020201 -
201801010101 -
201801010201 -
201801010402
201801010510
201801010609
201801020401 -
201801020405 -
201802020205 -
201804020201
201804020301
201804020305
201805030701
201805040102
201805040111 -
201805040401
201805040403 -
201805040602
201805040608 -
201805040702 -
201805040903
201805050303
201805050405
201805050702
201806030703
201806030711
201806040109 -
201806040202 -
201806040502
201806050701
201807030105 -
201807030201 -
201808010602
201808020105
201808020202
201808040101
201808040310 -
201808040402
201808040505 -
201808050102
201808050104
201808050304 -
201808050310
201808050402
201808050704 -
201809010306
201809010501
201809010601
201809010606
201809010701
201809010711
201809030405
201809040102 -
201809040308
201809040309 -
201809040403
201809040502 -
201809040506
201809040612
201809040705 -
201809040801
201809050203
201809050303
201810010403
201810020101 -
201810020301
201810020601
201901010201 -
201901010401
201901020209 -
201901020401 -
201902020101 -
201902020406
201904010102
201904010205
201904030111 -
201905020206
201905030205 -
201905030501
201905030701
201905040105
201905040201
201905040609 -
201905040801 -
201905040811
201905040902
201906040101
201906050702
201907010202
201907030201 -
201907030709 -
201907040101
201907040201
201908010601
201908020507
201908030211
201908031006
201908040209 -
201908040310 -
201908050107 -
201908050205 -
201908050711
201909010110 -
201909010508
201909040201
201909040205 -
201909040309 -
201909040603
201909040711 -
201909050301 -
201909050302
201910010202
201910020201 -
202001010101 -
202001010408 -
202001020205 -
202001020405 -
202001020501 -
202005040701
202006020206
202006020503
202006030503
202006030601
202006030802
202006040202
202007020711
202008010602
202008010701
202008010801
202008020301
202008031106 -
202008040611
202009010707 -
202009040401
202009040405 -
202009050308 -
202009050311 -
202009050409 -
202009060302
202009060502
202101020301 -
202101020610
202102010505 -
202102010610
202102010801 -
202104030102
202104030401
202104030502
202104040102
202104040701
202105020707 -
202105030105
202105030108
202105030701 -
202105040703
202106010810
202106040207
202107010103
202107010501
202107020303 -
202107020403 -
202107030306 -
202107030401
202107030811 -
202107050103
202107050205 -
202107050310
202109010908 -
202109020804 -
202109021009 -
202109021201
202109030205 -
202109040309 -
202109040709 -
202109050101
202109050201
202109050301
202109050601
202109050610
202109050709 -
202109060101
202109060103
202109060303
202110030205 -
202110040601
202110040708
202201010101 -
202201020501 -
202201020702
202202010901 -
202202011005 -
202203020302 -
202203020610 -
202204020101 -
202204030102
202204030401
202205021001
202205021207 -
202205030107
202205030209 -
202205030701
202205040401
202205040501
202205050804
202206010807
202206020505
202206020803
202206030110 -
202206040601
202206050503
202207010108
202207010602
202207010701
202207010707
202207030102
202207030104 -
202207030802
202207040209 -
202207050102 -
202207050205 -
202207050402 -
202207050403 -
202209010804 -
202209010809 -
202209010901
202209010903 -
202209010904
202209010906
202209011201
202209011207 -
202209011211
202209020103
202209020302
202209020902
202209020904
202209021101
202209021106 -
202209040305
202209040402
202209040509 -
202209050203 -
202209050807 -
202209060101
202209060201
202209060301
202209060701
202210030101
202210030201 -
202210030303
202210030603
202210040102
202210040109
202210040402 -
202301010101 -
202301010301
202301020401
202301020501
202301020605 -
202302010602
202302020301 -
202302020402
202303020301
202303020702 -
202304020105 -
202304030102
202305010506
202305020109 -
202305030209
202305030405
202305030601 -
202305030609 -
202305040111
202305040404
202305040609 -
202305040706
202305050204 -
202305050808 -
202306010702
202306020202
202306020506
202306020702
202306030303
202306030403
202306040406
202306040703
202306050201
202307010801
202307011207
202307030501 -
202307030601
202307040403
202308010206
202308010905 -
202308020408 -
202308020503 -
202308020511
202308030408
202308030702
202309011102
202309020707 -
202309040103 -
202309040301
202309040303
202309040803 -
202309050103
202309050406 -
202310010303
202310030208
202310030402 -
202310030701
202401010101 -
202401010301
202401010601
202401020201 -
202401020501 -
202402010605 -
202402010701 -
202402010801 -
202404020101 -
202404020302 -
202404020403
202404030101
202404030405
202404030705 -
202404030808
202404040704 -
202405010307
202405010407 -
202405020302
202405020805
202405020906
202405021102
202405030403
202405030609 -
202405030701
202405030710
202405040202 -
202405040606 -
202405050505
202405050701
202406010402
202406020301
202406030306
202406030706
202406040506
202406040601
202406040609 -
202406040902
202406040909
202407010307 -
202407020205
202407020403 -
202407030103 -
202407030111
202407030203 -
202407030206
202407030402
202407030608 -
202407040301
202407040303 -
202408020107
202408020404
202408020802
202408030504
202408040409
202408040701 -
202408050108 -
202408050201
202408050302
202408050601 -
202408050606 -
202408060206
202408070103
202408070403
202409010103
202409010704
202410030801
202501010108 -
202501010301 -
202501020101 -
202501020105
202502010312 -
202502010805 -
202502010905 -
202502011101
202503020110
202503020206 -
202503020305 -
202503020501
202503020510
202504020201 -
202504020202 -
202504020403 -
202504020704
202504020803
202504030101 -
202504030201 -
202505020205
202505020408
202505020501
202505020607 -
202505020808
202505030209
202505030509
202505040508 -
202505040802
202505041103
202505050301
202505050601
202505050802
202506010402
202506010501
202506030101
202506030302
202506030403
202506030705
202506040401
202506040703
202507010204
202507010602
202507030301 -
202507030401 -
202507030801 -
202507030808 -
202507040205 -
202508030102 -
202508030302 -
202508040302
202508040502
202509010406
202509030107
202509030110
202509030308 -
202509040102 -
202509040106
202509040202 -
202509040208 -
202509040302 -
202509040303 -
202509040409
202509040802
202509050405 -
202509050601
202510020301 -
202510020310
202510020406 -
202602010503
202602010605 -
202602010705 -
202602010805 -
202602011101 -
202603020203 -
202603020301 -
202603020801
202604010803
202604020202
202605020212
202605020306 -
202605030105
202605030112
202605030304
202605030305 -
202606010706
202606010902
202606020504
202607010202
202607010301
202607010305
202607010501
202608010601
202608020104
202608020207
202608020301
202608020402
202608020610
202608030305
202609010404 -
202609010902
202609020503
202610020101 -
202610020704 -
202610020705 -
201302010101
201302010103
201302010104
201302010105 -
201302010106
201302010107
201302010109
201302010110
201302010111
201302010112
201302010201
201302010202
201302010203
201302010204
201302010205
201302010207
201302010208
201302010209
201302010210
201302010211
201302010212
201302010301
201302010302
201302010303
201302010305
201302010306 -
201302010308
201302010309
201302010310
201302010311
201302010312
201302010401
201302010402
201302010403
201302010404
201302010405
201302010407
201302010409
201302010411
201302010412
201302010501
201302010503
201302010505 -
201302010506
201302010507
201302010508
201302010509
201302010510
201302010511
201302010512
201302010601
201302010603
201302010604
201302010605 -
201302010606
201302010607
201302010608
201302010610
201302010611
201302010612
201302020102
201302020103
201302020104
201302020105 -
201302020106 -
201302020108
201302020109
201302020110
201302020111
201302020112
201302020201
201302020202
201302020203
201302020204
201302020205 -
201302020206
201302020208
201302020209
201302020210
201302020211
201302020212
201302020301
201302020302
201302020303
201302020306
201302020307
201302020308
201302020309
201302020310
201302020311
201302020312
201302020401
201302020403
201302020404
201302020405
201302020406
201302020407
201302020408
201302020409
201302020410
201302020411
201302020412
201302020501
201302020502
201302020503
201302020505
201302020506
201302020507
201302020508
201302020509
201302020510
201302020511
201302020512
201302020601
201302020602
201302020603
201302020604
201302020605
201302020606
201302020607 -
201302020608
201302020609
201302020611
201302020612
201302030101 -
201302030103
201302030104
201302030105 -
201302030107
201302030108
201302030109
201302030110
201302030111
201302030112 -
201302030201 -
201302030202
201302030203
201302030205
201302030206
201302030207
201302030208
201302030209
201302030210
201302030211 -
201302030212
201302030301 -
201302030302
201302030303
201302030304
201302030305
201302030307
201302030308
201302030309
201302030310
201302030311
201302030312 -
201302030401 -
201302030402
201302030403
201302030404
201302030405
201302030406
201302030407
201302030408
201302030409
201302030410
201302030411
201302030412
201302030501 -
201302030503
201302030504
201302030505 -
201302030506
201302030507
201302030508
201302030509
201302030510
201302030511
201302030512
201302030601
201302030602
201302030603
201302030604
201302030605 -
201302030606
201302030607
201302030609
201302030610
201302030611
201302030612
201302040101
201302040102
201302040103
201302040104
201302040105
201302040106
201302040107
201302040108
201302040109
201302040110
201302040111
201302040112
201302040201
201302040202
201302040203
201302040204
201302040205
201302040206
201302040207
201302040209
201302040210
201302040211
201302040212
201302040302 -
201302040304
201302040305
201302040306
201302040307
201302040308
201302040309
201302040310
201302040311
201302040312
201302040402
201302040403
201302040404
201302040405 -
201302040406
201302040407
201302040408
201302040409
201302040410
201302040412
201302040501
201302040502
201302040503
201302040504
201302040505
201302040506
201302040507
201302040508
201302040509
201302040510
201302040511
201302040512
201302040601
201302040602
201302040603
201302040604
201302040605
201302040606
201302040607
201302040608
201302040609
201302040610
201302040612
201303010101
201303010102
201303010103
201303010104
201303010106
201303010107
201303010108
201303010109
201303010110
201303010201
201303010202
201303010204
201303010205
201303010206
201303010207
201303010208
201303010209
201303010210
201303010211
201303010212
201303010302
201303010303
201303010304
201303010305
201303010306
201303010307
201303010308
201303010309
201303010310
201303010311
201303010312
201303010401
201303010402
201303010403
201303010405
201303010406
201303010407
201303010408
201303010409
201303010410
201303010411
201303010412
201303010501
201303010502
201303010504
201303010505
201303010506
201303010507
201303010508
201303010509
201303010510
201303010511
201303010512
201303010601
201303010602
201303010603
201303010604
201303010605
201303010606
201303010607
201303010608
201303010609
201303010610
201303010611
201303010612
201303010701
201303010702
201303010704
201303010705
201303010706
201303010707
201303010708
201303010709
201303010710
201303010711
201303010712
201303010801
201303010802
201303010803
201303010804
201303010805
201303010808
201303010809
201303010810
201303010811
201303010812
201303020101 -
201303020102
201303020103
201303020104
201303020106
201303020108
201303020109
201303020110
201303020111
201303020112
201303020201
201303020202
201303020203
201303020204
201303020206
201303020207
201303020208
201303020209
201303020210
201303020211
201303020212
201303020301
201303020303
201303020304
201303020305
201303020306
201303020307
201303020308
201303020309
201303020310
201303020311
201303020312
201303020401
201303020403
201303020404
201303020405
201303020406
201303020407
201303020408
201303020409
201303020410
201303020411
201303020412
201303020501
201303020502
201303020503
201303020505
201303020506
201303020507
201303020508
201303020510
201303020511
201303020512
201303020601
201303020602
201303020603
201303020604
201303020605
201303020606
201303020607
201303020608
201303020609
201303020610
201303020611
201303020612
201303020701
201303020702
201303020703
201303020704
201303020705
201303020706
201303020707
201303020708
201303020709
201303020710
201303020711
201303020712
201303020801
201303020802
201303020805
201303020806
201303020807
201303020808
201303020809
201303020811
201303020812
201303030101
201303030102
201303030103
201303030104
201303030106
201303030108
201303030109
201303030110
201303030111
201303030112
201303030201
201303030202
201303030203
201303030205
201303030206
201303030207
201303030209
201303030210
201303030211
201303030212
201303030301
201303030302
201303030303
201303030304
201303030305
201303030306
201303030307
201303030309
201303030310
201303030311
201303030402
201303030403
201303030404
201303030405
201303030406
201303030407
201303030408
201303030409
201303030410
201303030411
201303030412
201303030501
201303030502
201303030503
201303030504
201303030505
201303030506
201303030507
201303030508
201303030509
201303030510
201303030511
201303030512
201303030601
201303030602
201303030604
201303030605
201303030606
201303030607
201303030608
201303030609
201303030610
201303030611
201303030612
201304010102
201304010103
201304010104
201304010105
201304010106
201304010107
201304010109
201304010110
201304010111
201304010112
201304010201
201304010202
201304010203
201304010204
201304010205
201304010206
201304010207
201304010208
201304010209
201304010210
201304010211
201304010212
201304010301
201304010302
201304010303
201304010304
201304010305
201304010306
201304010307
201304010308
201304010309
201304010310
201304010311
201304010312
201304010401
201304010402
201304010403
201304010404
201304010405
201304010406
201304010407
201304010408
201304010409
201304010410
201304010411
201304010412
201304010501
201304010503
201304010504
201304010505
201304010506
201304010507
201304010508
201304010509
201304010510
201304010511
201304010512
201304010602
201304010603
201304010604
201304010605
201304010606
201304010607
201304010608
201304010609
201304010610
201304010611
201304010612
201304020101
201304020102
201304020103
201304020104
201304020105
201304020106
201304020107
201304020109
201304020110
201304020111
201304020112
201304020201
201304020202
201304020203
201304020204
201304020205
201304020207
201304020208
201304020209
201304020210
201304020211
201304020212
201304020301
201304020302
201304020305
201304020307
201304020308
201304020309
201304020310
201304020311
201304020312
201304020401
201304020402
201304020403
201304020405
201304020406
201304020407
201304020408
201304020409
201304020410
201304020411
201304020412
201304020501
201304020502
201304020503
201304020504
201304020505
201304020506
201304020507
201304020508
201304020509
201304020510
201304020511
201304020512
201304020602
201304020603
201304020604
201304020606
201304020607
201304020608
201304020609
201304020610
201304020612
201304020701
201304020702
201304020703
201304020705
201304020706
201304020707
201304020708
201304020709 -
201304020710
201304020711
201304020801
201304020803
201304020804
201304020805
201304020806
201304020807
201304020808
201304020809
201304020810
201304020812
201304020901
201304020902
201304020903
201304020904
201304020905
201304020907
201304020908
201304020909
201304020910
201304020911
201304020912
201304021001
201304021002
201304021003
201304021004
201304021005
201304021006
201304021007
201304021008
201304021009
201304021010
201304021011
201304021012
201304021101
201304021102
201304021103
201304021105
201304021106
201304021107
201304021108
201304021109
201304021110
201304021111
201304021112
201304021201
201304021202
201304021203
201304021204
201304021205
201304021206
201304021207
201304021208
201304021209
201304021211
201304021212
201304030101
201304030102
201304030103
201304030104
201304030105
201304030106
201304030107
201304030109
201304030110
201304030111
201304030112
201304030201
201304030202
201304030204
201304030205
201304030206
201304030207
201304030208
201304030209
201304030210
201304030211
201304030212
201304030301
201304030302
201304030303
201304030304
201304030305
201304030306
201304030307
201304030310
201304030311
201304030312
201304030401
201304030402
201304030403
201304030404
201304030405
201304030406
201304030407
201304030408
201304030409
201304030410
201304030411
201304030412
201304030501
201304030502
201304030503
201304030504
201304030505
201304030507
201304030508
201304030509
201304030510
201304030511
201304030512
201304030601
201304030602
201304030603
201304030604
201304030605
201304030606
201304030607
201304030608
201304030609
201304030610
201304030611
201304030612
201305010101
201305010102
201305010104
201305010105
201305010107
201305010108
201305010109
201305010110
201305010111
201305010112
201305010201
201305010203
201305010204
201305010205
201305010206
201305010207
201305010208
201305010209
201305010210
201305010212
201305010301
201305010302
201305010303
201305010304
201305010305
201305010306
201305010307
201305010309
201305010310
201305010311
201305010312
201305010401
201305010402
201305010403
201305010404
201305010405
201305010406
201305010407
201305010408
201305010409
201305010410
201305010411
201305010412
201305010501
201305010502
201305010503
201305010505
201305010506
201305010507
201305010508
201305010509
201305010510
201305010511
201305010601
201305010602
201305010603
201305010605
201305010606
201305010607
201305010608
201305010609
201305010611
201305010612
201305010701
201305010702
201305010703
201305010704
201305010706
201305010707
201305010708
201305010709
201305010710
201305010711
201305010712
201305010801
201305010802
201305010803
201305010804
201305010805
201305010806
201305010807
201305010808
201305010809
201305010810
201305010811
201305010812
201305020101
201305020102
201305020103
201305020104
201305020105
201305020106
201305020108
201305020109
201305020110
201305020111
201305020112
201305020201
201305020202
201305020203
201305020204
201305020205
201305020206
201305020207
201305020208
201305020209
201305020210
201305020211
201305020212
201305020302
201305020303
201305020305
201305020307
201305020308
201305020309
201305020310
201305020311
201305020312
201305020402
201305020403
201305020404
201305020405
201305020406
201305020407
201305020409
201305020410
201305020411
201305020412
201305020501
201305020502
201305020503
201305020504
201305020506
201305020507
201305020508
201305020509
201305020510
201305020512
201305020602
201305020603
201305020604
201305020605
201305020606
201305020607
201305020608
201305020609
201305020610
201305020611
201305020612
201305020701
201305020702
201305020703
201305020705
201305020706
201305020707
201305020708
201305020709
201305020710
201305020711
201305020712
201305020801
201305020803
201305020804
201305020805
201305020806
201305020807
201305020808
201305020809
201305020810
201305020812
201305020901
201305020902
201305020903
201305020905
201305020906
201305020907
201305020908
201305020909
201305020910
201305020911
201305021001
201305021002
201305021003
201305021004
201305021006
201305021007
201305021008
201305021009
201305021010
201305021011
201305021012
201305021101
201305021102
201305021103
201305021104
201305021105
201305021106
201305021108
201305021109
201305021112
201305021201
201305021204
201305021205
201305021206
201305021207
201305021208
201305021209
201305021210
201305021211
201305021212
201305030101
201305030102
201305030103
201305030105
201305030106
201305030107
201305030108
201305030109
201305030110
201305030111
201305030112
201305030201
201305030202
201305030203
201305030204
201305030205
201305030206
201305030207
201305030208
201305030209
201305030210
201305030211
201305030212
201305030301
201305030302
201305030303
201305030304
201305030306
201305030307
201305030308
201305030309
201305030310
201305030311
201305030312
201305030401
201305030404
201305030406
201305030409
201305030410
201305030411
201305030412
201305030501
201305030502
201305030504
201305030505
201305030506
201305030507
201305030508
201305030510
201305030511
201305030512
201305030601
201305030602
201305030603
201305030604
201305030605
201305030606
201305030607
201305030608
201305030610
201305030611
201305030612
201305030701
201305030702
201305030703
201305030704
201305030705
201305030706
201305030707
201305030708
201305030709
201305030710
201305030711
201305030712
201305030801
201305030802
201305030803
201305030804
201305030805
201305030806
201305030809
201305030810
201305030812
201305040101
201305040102
201305040103
201305040105
201305040106
201305040107
201305040108
201305040109
201305040110
201305040111
201305040112
201305040201
201305040202
201305040203
201305040204
201305040205
201305040207
201305040208
201305040209
201305040210
201305040211
201305040212
201305040301
201305040302
201305040303
201305040304
201305040305
201305040306
201305040307
201305040309
201305040310
201305040311
201305040312
201305040401
201305040402
201305040403
201305040405
201305040406
201305040407
201305040409
201305040410
201305040411
201305040412
201305040501
201305040502
201305040503
201305040504
201305040507
201305040508
201305040509
201305040510
201305040511
201305040601
201305040602
201305040603
201305040604
201305040605
201305040606
201305040607
201305040608
201305040609
201305040611
201305040612
201305040701
201305040702
201305040703
201305040705
201305040706
201305040707
201305040708
201305040709
201305040710
201305040711
201305040712
201305040801
201305040802
201305040803
201305040805
201305040806
201305040807
201305040808
201305040809
201305040810
201305040811
201305040812
201305040901
201305040902
201305040903
201305040904
201305040905
201305040906
201305040907
201305040908
201305040909
201305040910
201305040911
201305040912
201305050102
201305050103
201305050104
201305050105
201305050106
201305050107
201305050108
201305050109
201305050110
201305050111
201305050112
201305050201
201305050202
201305050203
201305050204
201305050205
201305050206
201305050207
201305050208
201305050209
201305050211
201305050212
201305050301
201305050304
201305050305
201305050306 -
201305050308
201305050309
201305050310
201305050311
201305050312
201305050401
201305050402
201305050403
201305050404
201305050405
201305050406
201305050407
201305050409
201305050410
201305050411
201305050412
201305050501
201305050502
201305050503
201305050507
201305050509
201305050510
201305050511
201305050512
201305050602
201305050603
201305050605
201305050606
201305050607
201305050609
201305050610
201305050611
201305050612
201305050701
201305050702
201305050705
201305050706
201305050707
201305050708
201305050709
201305050710
201305050711
201305050712
201305050801
201305050803
201305050804
201305050805
201305050806
201305050807
201305050808
201305050809
201305050810
201305050811
201306010101
201306010102
201306010103
201306010104
201306010106
201306010107
201306010108
201306010109
201306010110
201306010111
201306010112
201306010202
201306010203
201306010205
201306010206
201306010207
201306010208
201306010209
201306010210
201306010211
201306010212
201306010301
201306010302
201306010303
201306010304
201306010305
201306010309
201306010310
201306010311
201306010312
201306010401
201306010402
201306010403
201306010404
201306010405
201306010406
201306010407
201306010408
201306010409
201306010410
201306010411
201306010412
201306010501
201306010502
201306010503
201306010504
201306010505 -
201306010506 -
201306010507 -
201306010508 -
201306010510
201306010511
201306010512 -
201306010601
201306010602
201306010603
201306010604
201306010605
201306010606
201306010607
201306010609
201306010610
201306010611
201306010612
201306010701
201306010702
201306010703
201306010705
201306010706
201306010707
201306010709
201306010710
201306010711
201306010712
201306020101
201306020102
201306020103
201306020106
201306020108
201306020109
201306020111
201306020112
201306020201
201306020202
201306020203
201306020205
201306020206
201306020207
201306020208
201306020209
201306020210
201306020211
201306020301
201306020302
201306020303
201306020305
201306020306
201306020307
201306020308
201306020309
201306020310
201306020311
201306020312
201306020401
201306020403
201306020404
201306020405
201306020406
201306020407
201306020408
201306020409
201306020410
201306020411
201306020501
201306020502
201306020503
201306020504
201306020506
201306020507
201306020508
201306020509
201306020510
201306020511
201306020512
201306020601
201306020602
201306020603
201306020606
201306020607
201306020608
201306020609 -
201306020611
201306020612
201306020701
201306020703
201306020705
201306020706
201306020707
201306020708
201306020709
201306020710
201306020711
201306020712
201306020801
201306020802
201306020803
201306020804
201306020805
201306020806
201306020807
201306020808
201306020809 -
201306020810
201306020811
201306020812
201306030101
201306030102
201306030103
201306030104
201306030105
201306030106
201306030107
201306030109
201306030110
201306030111
201306030112
201306030201
201306030202
201306030203
201306030204
201306030205
201306030206
201306030207
201306030208
201306030209
201306030210
201306030211
201306030212
201306030301
201306030302
201306030303
201306030304
201306030306
201306030307
201306030308
201306030309
201306030310
201306030311
201306030312
201306030401
201306030402
201306030403
201306030404
201306030405
201306030406
201306030407
201306030408
201306030409
201306030410
201306030411
201306030412
201306030501
201306030502
201306030503
201306030504
201306030505
201306030506
201306030507
201306030508
201306030509
201306030510
201306030511
201306030601
201306030603
201306030605
201306030607
201306030608
201306030609
201306030610
201306030611
201306030612
201306030701
201306030702
201306030704
201306030705
201306030706
201306030707
201306030708
201306030709
201306030710
201306030712
201306030802
201306030803
201306030804
201306030805
201306030806
201306030807
201306030808
201306030809
201306030810
201306030811
201306030812
201306040101
201306040102
201306040103
201306040105
201306040106
201306040107
201306040108
201306040109 -
201306040111
201306040112
201306040202
201306040203
201306040204
201306040205
201306040206
201306040207
201306040208
201306040209
201306040210
201306040211
201306040212
201306040301
201306040302
201306040303
201306040304
201306040305
201306040306
201306040307
201306040308
201306040309
201306040310
201306040311
201306040401
201306040402
201306040403
201306040404
201306040405
201306040407
201306040408
201306040409 -
201306040410
201306040411
201306040412
201306040502
201306040503
201306040504
201306040506
201306040507
201306040508
201306040509
201306040510
201306040511
201306040512
201306040601
201306040602
201306040603
201306040604
201306040605
201306040606
201306040607
201306040608
201306040609
201306040610
201306040611
201306040612
201306040701
201306040702
201306040703
201306040704
201306040706
201306040707
201306040708
201306040709
201306040710
201306040711
201306040712
201306040801
201306040802
201306040805
201306040806
201306040807
201306040808
201306040809
201306040810
201306040811
201306040812
201306040901
201306040902
201306040903
201306040905
201306040906
201306040907
201306040908
201306040909
201306040911
201306040912
201306050101
201306050102
201306050103
201306050104
201306050105
201306050106
201306050107
201306050109
201306050110
201306050111
201306050112
201306050201
201306050202
201306050203
201306050204
201306050205
201306050206
201306050207
201306050208
201306050209
201306050210
201306050211
201306050212
201306050301
201306050302
201306050303
201306050304
201306050305
201306050306
201306050308
201306050309
201306050310
201306050312
201306050401
201306050402
201306050403
201306050404
201306050405
201306050406
201306050408
201306050409
201306050410
201306050411
201306050501
201306050502
201306050503
201306050505
201306050506
201306050507
201306050508
201306050510
201306050511
201306050512
201306050601
201306050602
201306050603
201306050604
201306050606
201306050607
201306050608
201306050609
201306050610
201306050611
201306050612
201306050701
201306050702
201306050703
201306050704
201306050705
201306050706
201306050707
201306050708
201306050709
201306050711
201306050712
201306050801
201306050802
201306050803
201306050804
201306050805
201306050806
201306050807
201306050808
201306050809
201306050810
201306050811
201306050901
201306050902
201306050903
201306050904
201306050905
201306050906
201306050908
201306050909
201306050910
201306050911
201306050912
201307010101
201307010102
201307010104
201307010105
201307010106
201307010107
201307010108
201307010109
201307010111
201307010112
201307010201
201307010202
201307010203
201307010204
201307010206
201307010207
201307010208
201307010209
201307010210
201307010211
201307010212
201307010301
201307010302
201307010303
201307010304
201307010305
201307010306
201307010307
201307010308
201307010309
201307010310
201307010312
201307010403
201307010404
201307010405
201307010406
201307010407
201307010408
201307010409
201307010410
201307010411
201307010412
201307010503
201307010504
201307010505
201307010506
201307010507
201307010508
201307010509
201307010510
201307010511
201307010512
201307010601
201307010602
201307010603
201307010605
201307010606
201307010607
201307010608
201307010610
201307010611
201307010612
201307020101
201307020102
201307020103
201307020104
201307020105 -
201307020106
201307020107
201307020108
201307020109
201307020110
201307020112
201307020201
201307020202
201307020203
201307020204
201307020205
201307020206
201307020207
201307020208
201307020209
201307020210
201307020211
201307020212
201307020301
201307020302
201307020303
201307020304
201307020305
201307020306
201307020307
201307020308
201307020309
201307020310
201307020311
201307020312
201307020401
201307020402
201307020403
201307020404
201307020405
201307020406
201307020407
201307020408
201307020409
201307020410
201307020411
201307020412
201307020501
201307020502
201307020503
201307020504
201307020505
201307020506
201307020507
201307020508
201307020509
201307020510
201307020511
201307020601
201307020602
201307020603
201307020604
201307020605
201307020606
201307020607
201307020608
201307020609
201307020610
201307020611
201307020612
201307030101
201307030102
201307030103
201307030104
201307030105
201307030106
201307030107
201307030108
201307030109
201307030110
201307030111
201307030112
201307030201
201307030202
201307030203
201307030204
201307030205
201307030206
201307030207
201307030208
201307030209
201307030210
201307030211
201307030212
201307030301 -
201307030302
201307030303
201307030305
201307030306
201307030308
201307030309
201307030310
201307030311
201307030312
201307030401
201307030402
201307030403
201307030404
201307030405
201307030406
201307030407
201307030408
201307030409
201307030410
201307030411
201307030412
201307030501
201307030502
201307030503
201307030504
201307030505
201307030506
201307030507
201307030508
201307030509
201307030510
201307030511
201307030512
201307030601
201307030602
201307030604
201307030605
201307030606
201307030607
201307030608
201307030609
201307030610
201307030611
201307030612
201307030701
201307030702
201307030703
201307030704
201307030705
201307030706
201307030707
201307030708
201307030709
201307030710
201307030711
201307030712
201307030801
201307030802
201307030803
201307030804
201307030805
201307030806
201307030807
201307030808
201307030809 -
201307030810
201307030812
201307040102
201307040103
201307040104
201307040106
201307040107
201307040108
201307040109
201307040110
201307040111
201307040112
201307040201
201307040202
201307040203
201307040204
201307040205
201307040207
201307040208
201307040209
201307040211
201307040212
201307040301
201307040302
201307040303
201307040304
201307040305
201307040306
201307040308
201307040310
201307040311
201307040312
201307040401
201307040402
201307040403
201307040405
201307040406
201307040408
201307040409
201307040410
201307040411
201307040412
201307040501
201307040502
201307040503
201307040504
201307040505
201307040506
201307040507
201307040508
201307040509
201307040510
201307040511
201307040512
201307040602
201307040603
201307040605
201307040607
201307040608
201307040609
201307040610
201307040611
201307040612
201308010101
201308010103
201308010104
201308010105
201308010106
201308010107
201308010108
201308010109
201308010110
201308010111
201308010112
201308010201
201308010202
201308010203
201308010204
201308010205
201308010206
201308010207
201308010208
201308010209
201308010210
201308010211
201308010212
201308010301
201308010302
201308010303
201308010304
201308010305
201308010306
201308010307
201308010308
201308010309
201308010310
201308010311
201308010401
201308010402
201308010404
201308010405
201308010406
201308010407
201308010408
201308010409
201308010410
201308010411
201308010412
201308010501
201308010502
201308010503
201308010504
201308010505
201308010506
201308010507
201308010508
201308010509
201308010510
201308010511
201308010512
201308010602
201308010605
201308010607
201308010609
201308010610
201308010611
201308010612
201308010701
201308010702
201308010703 -
201308010705
201308010706
201308010707
201308010708
201308010709
201308010710
201308010711
201308020101
201308020102
201308020103
201308020104
201308020105
201308020106
201308020107
201308020108
201308020109 -
201308020110
201308020111
201308020112
201308020201
201308020202
201308020203
201308020204
201308020205
201308020206
201308020207
201308020208
201308020209 -
201308020210
201308020211
201308020212
201308020301
201308020303
201308020304
201308020306
201308020307
201308020308
201308020309
201308020310
201308020311
201308020312
201308020401
201308020402
201308020403
201308020404
201308020405
201308020407
201308020408 -
201308020409
201308020410
201308020412
201308020501
201308020502
201308020503
201308020504
201308020505
201308020506
201308020507 -
201308020508
201308020510
201308020512
201308020601
201308020602
201308020606
201308020607
201308020609
201308020610
201308020611
201308020612
201308020701
201308020702
201308020703
201308020705
201308020706
201308020707
201308020708
201308020709
201308020710
201308020711
201308020712
201308020801
201308020802
201308020803
201308020804
201308020805
201308020806
201308020807
201308020808
201308020809
201308020810
201308020811
201308020812
201308030101
201308030102
201308030103
201308030105
201308030106
201308030107
201308030108
201308030109
201308030110
201308030111
201308030112
201308030201
201308030202
201308030203
201308030206
201308030207
201308030208
201308030209 -
201308030210
201308030211
201308030212
201308030301
201308030303
201308030304
201308030305
201308030306
201308030307
201308030308
201308030309
201308030310
201308030311
201308030312
201308030401
201308030403
201308030404
201308030405
201308030406
201308030407
201308030408
201308030409
201308030410
201308030411
201308030412
201308030501
201308030503
201308030504
201308030505
201308030506
201308030507
201308030508
201308030509
201308030510
201308030511
201308030512
201308030601
201308030602
201308030604
201308030605
201308030606
201308030607
201308030608
201308030610
201308030611
201308030612
201308030701
201308030702
201308030703
201308030704
201308030705
201308030706
201308030707
201308030708
201308030709
201308030710
201308030711
201308030712
201308030802
201308030803
201308030805
201308030806
201308030807
201308030808
201308030809
201308030810
201308030811
201308030812
201308030901
201308030902
201308030903
201308030904
201308030905
201308030906
201308030907
201308030908
201308030910
201308030911
201308030912
201308031001
201308031002
201308031003
201308031005
201308031006
201308031008
201308031011
201308031012
201308031101
201308031102
201308031103
201308031104
201308031105
201308031106
201308031107
201308031109
201308031110
201308031111
201308031112
201308031201
201308031202
201308031203
201308031204
201308031205
201308031206
201308031207
201308031208
201308031209
201308031210
201308031211
201308031212
201308040101
201308040102
201308040103
201308040104 -
201308040105
201308040106
201308040107
201308040108
201308040109
201308040110
201308040111
201308040112
201308040201
201308040202
201308040203
201308040205
201308040206
201308040207
201308040208
201308040209
201308040210
201308040212
201308040301
201308040302
201308040304
201308040305
201308040306
201308040308
201308040309
201308040310
201308040311
201308040312
201308040401
201308040402
201308040403
201308040404
201308040405
201308040406
201308040407
201308040408
201308040409
201308040410
201308040411
201308040412
201308040502
201308040503
201308040504
201308040505
201308040506
201308040507
201308040508
201308040509
201308040510
201308040511
201308040512
201308040603
201308040604
201308040605
201308040606
201308040607
201308040609
201308040610
201308040611
201308040612
201308040701
201308040702
201308040703
201308040704
201308040707
201308040708
201308040709
201308040710
201308040711
201308040712
201308040801
201308040802
201308040803
201308040804
201308040805
201308040806
201308040807
201308040808
201308040809
201308040810
201308040811
201308040812
201308040901
201308040902
201308040906
201308040907
201308040908
201308040909
201308040910
201308040912
201308050101
201308050103
201308050104
201308050106
201308050107
201308050108
201308050109
201308050110
201308050111
201308050112
201308050201
201308050203
201308050204
201308050205
201308050207
201308050208
201308050209
201308050210
201308050211
201308050212
201308050301
201308050302
201308050304
201308050305
201308050306
201308050307
201308050308 -
201308050309
201308050310
201308050311
201308050312
201308050401
201308050402
201308050403
201308050404
201308050405
201308050406
201308050407
201308050408
201308050409
201308050410
201308050411
201308050412
201308050501
201308050502
201308050503
201308050504
201308050505
201308050507
201308050508
201308050509
201308050510
201308050511
201308050512
201308050601
201308050602
201308050604
201308050605
201308050607
201308050608
201308050609
201308050610
201308050611
201308050612
201308050701
201308050702
201308050703
201308050705
201308050706
201308050707
201308050708
201308050709
201308050710
201308050711
201308050712
201308050801
201308050802
201308050803
201308050805
201308050806
201308050807
201308050808
201308050809
201308050810
201308050811
201308050812
201309010102
201309010103
201309010104
201309010105
201309010107
201309010108
201309010109
201309010110
201309010111
201309010112
201309010203
201309010204
201309010205
201309010206
201309010207
201309010208
201309010209 -
201309010210
201309010211
201309010212
201309010301
201309010302
201309010303
201309010305
201309010306
201309010307
201309010308 -
201309010309
201309010310
201309010311
201309010312
201309010401
201309010402
201309010404
201309010405
201309010406
201309010407
201309010408
201309010409
201309010410
201309010411
201309010501
201309010502
201309010503
201309010504
201309010505
201309010506
201309010507
201309010509
201309010510
201309010511
201309010512
201309010601
201309010602
201309010603
201309010604
201309010605
201309010606
201309010607
201309010608
201309010609
201309010610
201309010611
201309010701
201309010702
201309010703
201309010704
201309010705
201309010709
201309010710
201309010711
201309010712
201309010801
201309010802
201309010806
201309010807
201309010808
201309010809
201309010810
201309010812
201309020102
201309020103
201309020104
201309020105
201309020106
201309020108
201309020109
201309020110
201309020111
201309020112
201309020201
201309020203
201309020204
201309020205
201309020206
201309020207
201309020208
201309020209
201309020210
201309020211
201309020212
201309020301
201309020302
201309020303
201309020304
201309020305
201309020306
201309020310
201309020311
201309020403
201309020404
201309020405
201309020406
201309020407
201309020408
201309020409
201309020410
201309020412
201309020501
201309020503
201309020505
201309020506
201309020507
201309020509
201309020510
201309020511
201309020512
201309020601
201309020602
201309020603
201309020604
201309020605
201309020606
201309020607
201309020608
201309020609
201309020610
201309020611
201309020612
201309020701
201309020703
201309020704
201309020705
201309020706
201309020707
201309020709
201309020710
201309020711
201309020712
201309020802
201309020803
201309020805
201309020806
201309020807
201309020808
201309020809
201309020810
201309020811
201309020812
201309030101
201309030102
201309030103
201309030104
201309030105 -
201309030106
201309030107
201309030108
201309030109
201309030110
201309030112
201309030201
201309030202
201309030203
201309030205 -
201309030206
201309030207
201309030208
201309030209
201309030211
201309030212
201309030301
201309030302
201309030303
201309030304 -
201309030305
201309030306
201309030307
201309030308
201309030309
201309030310
201309030312
201309030401
201309030402
201309030404
201309030405
201309030406
201309030407
201309030408
201309030409
201309030411
201309030412
201309030501 -
201309030502
201309030503
201309030505
201309030506
201309030507
201309030508
201309030509
201309030510
201309030511
201309030512
201309030602
201309030603
201309030606
201309030607
201309030608
201309030609
201309030610
201309030611
201309030612
201309030701
201309030702
201309030703
201309030705
201309030706
201309030707
201309030708
201309030709
201309030710
201309030711
201309030712
201309030801
201309030802
201309030803
201309030804
201309030805
201309030806
201309030807
201309030809
201309030810
201309030811
201309030812
201309040101
201309040102
201309040103
201309040104
201309040105
201309040106
201309040107
201309040108
201309040109
201309040110
201309040111
201309040112
201309040201
201309040202
201309040203
201309040204
201309040205 -
201309040206
201309040207
201309040208
201309040210
201309040211
201309040212
201309040301
201309040302
201309040303
201309040304
201309040305
201309040306
201309040307
201309040309
201309040310
201309040311
201309040312
201309040401
201309040402
201309040404
201309040405
201309040406
201309040407
201309040408
201309040409
201309040410
201309040411
201309040412
201309040501
201309040502
201309040503
201309040504
201309040505
201309040506
201309040508
201309040509
201309040510
201309040511
201309040512
201309040601
201309040602
201309040603
201309040605 -
201309040606
201309040607
201309040608
201309040609
201309040610
201309040611
201309040701
201309040702
201309040703
201309040704
201309040705
201309040706
201309040707
201309040708
201309040709
201309040710
201309040711
201309040712
201309040801
201309040802
201309040803
201309040804
201309040805
201309040806
201309040807
201309040808
201309040809
201309040810
201309040812
201309040901
201309040902
201309040903
201309040904
201309040905
201309040906
201309040907
201309040909
201309040910
201309040911
201309040912
201309050101
201309050102
201309050103
201309050105
201309050106
201309050107
201309050108
201309050109
201309050110
201309050111
201309050112
201309050202
201309050203
201309050205
201309050206
201309050207
201309050208
201309050209
201309050210
201309050211
201309050212
201309050301
201309050302
201309050303
201309050305
201309050306
201309050307
201309050308
201309050310
201309050311
201309050401
201309050402
201309050403
201309050404
201309050405
201309050406
201309050407
201309050408
201309050409
201309050410
201309050411
201309050501
201309050502
201309050503
201309050505 -
201309050506
201309050507
201309050508
201309050509
201309050510
201309050511
201309050512
201309050601
201309050602
201309050603
201309050605
201309050606
201309050607
201309050608
201309050609
201309050610
201309050611
201309050701
201309050702
201309050704
201309050705
201309050706
201309050707
201309050708
201309050709
201309050710
201309050711
201309050712
201309050801
201309050802
201309050803
201309050805
201309050806
201309050807
201309050808
201309050809
201309050810
201309050811
201309050901
201309050902
201309050903
201309050904
201309050905
201309050906
201309050908
201309050909
201309050910
201309050911
201309050912
201310010101
201310010102
201310010103
201310010104
201310010105
201310010106
201310010107
201310010108
201310010109
201310010110
201310010111
201310010112
201310010201
201310010202
201310010203
201310010204
201310010206
201310010207
201310010208
201310010209
201310010210
201310010211
201310010212
201310010301
201310010302
201310010303
201310010304
201310010305
201310010306
201310010307
201310010308
201310010310 -
201310010311
201310010312
201310010401
201310010402
201310010404
201310010406
201310010407
201310010408
201310010409
201310010410
201310010411
201310010412
201310010501
201310010502
201310010503
201310010504
201310010505
201310010506
201310010507
201310010508
201310010509
201310010510
201310010511
201310010512
201310010602
201310010603
201310010604
201310010605
201310010606
201310010607
201310010608
201310010609
201310010610
201310010611
201310010612
201310010701
201310010702
201310010703
201310010704
201310010705
201310010706
201310010707
201310010708
201310010710
201310010711
201310010712
201310010801
201310010802
201310010803
201310010804
201310010805
201310010806
201310010807
201310010808
201310010809
201310010810
201310010811
201310010812
201310020101
201310020102
201310020103
201310020105
201310020106
201310020107
201310020108
201310020109
201310020110
201310020111
201310020112
201310020201
201310020202
201310020203
201310020205
201310020207
201310020208
201310020209
201310020211
201310020212
201310020301
201310020302
201310020304
201310020305
201310020306
201310020307
201310020308
201310020309
201310020310
201310020311
201310020312
201310020401
201310020402
201310020403
201310020404
201310020405
201310020406
201310020407
201310020408
201310020409
201310020410
201310020411
201310020412
201310020501
201310020502
201310020503
201310020504
201310020505
201310020507
201310020508
201310020509 -
201310020510
201310020511
201310020512
201310020601
201310020602
201310020603
201310020604 -
201310020607
201310020608
201310020609
201310020610
201310020611
201310020612
201310020701
201310020702
201310020703
201310020704 -
201310020705
201310020706
201310020707
201310020709
201310020710
201310020711
201310020712
201310020801
201310020802
201310020803
201310020804
201310020805
201310020806
201310020807
201310020808
201310020809
201310020810
201310020811
201310020812
201310020901
201310020902
201310020903
201310020904
201310020905
201310020906
201310020907
201310020908
201310020909
201310020910
201310020911
201310020912
201310021001
201310021002
201310021004
201310021005
201310021007
201310021008
201310021009
201310021010
201310021012
201310021101
201310021102
201310021103
201310021104 -
201310021105
201310021106
201310021107
201310021108
201310021109
201310021110
201310021111
201310021112
201310021202
201310021203
201310021204
201310021205
201310021206
201310021207
201310021208
201310021209
201310021210
201310021211
201310021212
201401010101
201401010103
201401010104
201401010107
201401010108
201401010109
201401010110
201401010111
201401010112
201401010201
201401010202
201401010203
201401010204
201401010205
201401010206
201401010207
201401010209
201401010210 -
201401010211
201401010212
201401010301
201401010302
201401010303
201401010304
201401010305
201401010306
201401010307
201401010308
201401010309
201401010310
201401010311
201401010312
201401010402
201401010403
201401010404
201401010405
201401010406
201401010407
201401010408
201401010409
201401010410
201401010411
201401010412
201401010501
201401010502
201401010503
201401010504
201401010505
201401010506
201401010507
201401010508
201401010509
201401010510
201401010601
201401010602
201401010603
201401010604
201401010605
201401010606
201401010607
201401010608
201401010609
201401010610
201401010611
201401010612
201401010701
201401010702
201401010703
201401010704
201401010705
201401010707
201401010708
201401010709
201401010710
201401010711
201401010801
201401010802
201401010803
201401010804
201401010805
201401010806
201401010807
201401010808
201401010809
201401010810
201401010811
201401010812
201401020101
201401020102
201401020105
201401020106
201401020107
201401020108
201401020109
201401020110
201401020111
201401020112
201401020201
201401020202
201401020203
201401020204
201401020205
201401020206
201401020207
201401020208
201401020209
201401020210
201401020211
201401020301
201401020302
201401020303
201401020304
201401020305 -
201401020306
201401020307
201401020308
201401020309
201401020311
201401020312
201401020401
201401020402
201401020403
201401020404
201401020405
201401020406
201401020407
201401020408
201401020409
201401020410
201401020411
201401020412
201401020501
201401020502
201401020503
201401020504
201401020505
201401020506
201401020507
201401020508
201401020509
201401020510
201401020511
201401020512
201401020601
201401020602
201401020603
201401020604
201401020605
201401020606
201401020607
201401020608
201401020609
201401020610
201401020611
201401020612
201402010101
201402010103
201402010104
201402010105
201402010106
201402010107
201402010108
201402010109
201402010110
201402010111
201402010112
201402010201
201402010203
201402010204
201402010205
201402010206
201402010208
201402010209
201402010210
201402010211
201402010212
201402010301
201402010302
201402010303
201402010304
201402010305
201402010307
201402010308
201402010311
201402010312 -
201402010401
201402010402
201402010404
201402010405
201402010406
201402010408
201402010410
201402010411
201402010412
201402010501
201402010502
201402010503
201402010504
201402010505 -
201402010506
201402010507
201402010508
201402010509
201402010510
201402010511
201402010512
201402010601
201402010602
201402010603
201402010604
201402010605
201402010606
201402010607
201402010608
201402010609
201402010610
201402010611
201402010612
201402020101 -
201402020102
201402020103
201402020104
201402020105
201402020106
201402020107
201402020108
201402020109
201402020110
201402020111
201402020112
201402020201
201402020202
201402020203
201402020204
201402020205
201402020206
201402020207
201402020208
201402020209
201402020210
201402020211
201402020212
201402020301
201402020303
201402020305
201402020306
201402020307 -
201402020308
201402020309
201402020310
201402020311
201402020312
201402020401
201402020402
201402020403
201402020404
201402020405
201402020406
201402020408
201402020409
201402020410
201402020411
201402020412
201402020501
201402020502
201402020503
201402020504
201402020505
201402020506
201402020507
201402020508
201402020509
201402020510
201402020511
201402020512
201402020601
201402020602
201402020604
201402020606
201402020607
201402020609
201402020611
201402020612
201403010101
201403010102
201403010103
201403010106
201403010107
201403010108
201403010109
201403010110
201403010111
201403010112
201403010201
201403010202
201403010203
201403010205
201403010206
201403010207
201403010209
201403010210
201403010211
201403010212
201403010301
201403010302
201403010303
201403010304
201403010305
201403010306
201403010307
201403010308
201403010309
201403010310
201403010311
201403010402
201403010405
201403010406
201403010407
201403010408
201403010409
201403010410
201403010411
201403010412
201403010501
201403010502
201403010503
201403010506
201403010507
201403010508
201403010509
201403010510
201403010511
201403010512
201403010601
201403010602
201403010603
201403010605
201403010606
201403010607
201403010608
201403010609
201403010610
201403010611
201403010612
201403020102
201403020103
201403020104
201403020105
201403020106
201403020107
201403020108
201403020109 -
201403020110
201403020111
201403020112
201403020201
201403020202
201403020203
201403020204
201403020205
201403020206
201403020207
201403020208
201403020209
201403020210
201403020211
201403020212
201403020301
201403020302
201403020303
201403020304
201403020305
201403020306
201403020307
201403020308
201403020309
201403020310 -
201403020311
201403020312
201403020401
201403020402
201403020403
201403020404
201403020405
201403020406
201403020407
201403020408
201403020409
201403020410
201403020411
201403020412
201403020501
201403020503
201403020504
201403020505
201403020506
201403020507
201403020508
201403020509
201403020510
201403020511
201403020512
201403020601
201403020602
201403020603
201403020605
201403020606
201403020607
201403020608
201403020609
201403020610
201403020611
201403020612
201403020701
201403020702
201403020703
201403020704
201403020707
201403020708
201403020709
201403020710
201403020712
201403020801
201403020802
201403020803
201403020805
201403020806
201403020807
201403020808
201403020809
201403020810
201403020812
201403030103
201403030105
201403030106
201403030107
201403030108
201403030109
201403030111
201403030201
201403030202
201403030203
201403030204
201403030205
201403030206
201403030207
201403030208
201403030209
201403030210
201403030211
201403030301
201403030302
201403030303
201403030305
201403030306
201403030307
201403030308
201403030309
201403030310
201403030311
201403030312
201403030401
201403030402
201403030403
201403030405
201403030406
201403030407
201403030408
201403030409
201403030410
201403030411
201403030412
201403030501
201403030502
201403030505
201403030506
201403030507
201403030508
201403030509
201403030510
201403030511
201403030512
201403030601
201403030602
201403030603
201403030605
201403030606
201403030608
201403030609
201403030610 -
201403030611
201403040101
201403040102
201403040103
201403040104
201403040106
201403040107
201403040108
201403040109
201403040110
201403040111
201403040112
201403040201
201403040202
201403040203
201403040206
201403040207
201403040208
201403040209
201403040210
201403040211
201403040212
201403040301
201403040303
201403040304
201403040305
201403040307
201403040308
201403040309
201403040310
201403040311
201403040312
201403040403
201403040405
201403040406
201403040407
201403040408
201403040409
201403040410
201403040411
201403040412
201404010102
201404010103
201404010104 -
201404010105
201404010106
201404010107
201404010108
201404010109
201404010110
201404010111
201404010112
201404010201
201404010202
201404010203
201404010204
201404010205
201404010206
201404010207
201404010209
201404010210
201404010211
201404010212
201404010303
201404010305
201404010306
201404010307
201404010308
201404010309
201404010310
201404010311
201404010312
201404010401
201404010402
201404010403
201404010404
201404010405
201404010406
201404010407
201404010408
201404010409
201404010410
201404010411
201404010412
201404010502
201404010503
201404010505
201404010506
201404010507
201404010508
201404010509
201404010510
201404010511
201404010512
201404010601
201404010602
201404010603
201404010605
201404010606
201404010608
201404010609
201404010610
201404010611
201404010612
201404010701
201404010702
201404010703
201404010705
201404010706
201404010707
201404010708
201404010710 -
201404010711
201404010712
201404010801
201404010802
201404010803
201404010804
201404010805
201404010806
201404010807
201404010809
201404010810
201404010812
201404020101
201404020102
201404020103
201404020106
201404020107
201404020108
201404020109
201404020110
201404020111
201404020112
201404020201
201404020202
201404020203
201404020204
201404020205
201404020206
201404020207
201404020208
201404020209
201404020210
201404020212
201404020302
201404020303
201404020304
201404020305
201404020306
201404020308
201404020309
201404020310
201404020311
201404020312
201404020401
201404020402
201404020403
201404020404
201404020405
201404020406
201404020407
201404020408
201404020409
201404020411
201404020412
201404020501
201404020503
201404020504
201404020505
201404020506
201404020507
201404020509
201404020510
201404020512
201404020601
201404020602
201404020603
201404020604
201404020606
201404020608
201404020609 -
201404020612
201404020701
201404020702
201404020703
201404020704
201404020705
201404020706
201404020707
201404020708
201404020709
201404020710
201404020711
201404020712
201404020801
201404020802
201404020803
201404020804
201404020806
201404020807
201404020809
201404020810
201404020811
201404020812
201404020901
201404020903
201404020904
201404020905
201404020906
201404020907
201404020909
201404020910
201404020911
201404020912
201404021001
201404021002
201404021003
201404021004
201404021005
201404021006
201404021007
201404021008
201404021010
201404021011
201404021012
201404021101
201404021102
201404021103
201404021104
201404021105
201404021106
201404021107
201404021108
201404021109
201404021110
201404021111
201404021112
201404021201
201404021202
201404021203
201404021204
201404021205
201404021206
201404021207
201404021208
201404021209
201404021210
201404021211
201404021212
201404030101
201404030102
201404030103
201404030105
201404030106
201404030107
201404030108
201404030109
201404030111
201404030112
201404030201
201404030202
201404030204
201404030205
201404030206
201404030207
201404030208
201404030209 -
201404030210
201404030212
201404030301
201404030302
201404030303
201404030304
201404030305
201404030306
201404030307
201404030308
201404030309
201404030310
201404030311
201404030312
201404030401
201404030402
201404030403
201404030404
201404030405
201404030406
201404030407
201404030408
201404030409
201404030410
201404030411
201404030412
201404030501
201404030503
201404030504
201404030505
201404030506
201404030507
201404030508
201404030509
201404030510
201404030511
201404030512
201404030601
201404030602
201404030603
201404030604
201404030605
201404030606
201404030607
201404030608
201404030610
201404030611
201404030612
201404030701
201404030702
201404030703
201404030704
201404030705
201404030707
201404030708
201404030709
201404030710
201404030711
201404030712
201404030802
201404030803
201404030804
201404030805
201404030807
201404030808
201404030809
201404030810
201404030811
201404030812
201405010102
201405010103
201405010104
201405010105
201405010106
201405010107
201405010108
201405010109
201405010110
201405010111
201405010112
201405010203
201405010206
201405010207
201405010208
201405010209
201405010211
201405010212
201405010302
201405010303
201405010304
201405010305
201405010307
201405010309
201405010310
201405010312
201405010402
201405010403
201405010406
201405010407
201405010408
201405010409
201405010412
201405010501
201405010502
201405010503
201405010506
201405010507
201405010509
201405010510
201405010512
201405010601
201405010602
201405010603
201405010606
201405010607
201405010608
201405010609
201405010610
201405010611
201405010612
201405010701
201405010702
201405010703
201405010704
201405010705
201405010706
201405010707
201405010708
201405010709
201405010710
201405010711
201405010712
201405010802
201405010803
201405010804
201405010805
201405010806
201405010807
201405010809
201405010810
201405010811
201405020101
201405020102
201405020103
201405020104
201405020105
201405020106
201405020107
201405020108
201405020109
201405020111
201405020112
201405020201
201405020202
201405020204
201405020206
201405020207
201405020208
201405020209
201405020211
201405020212
201405020301
201405020302
201405020303
201405020304
201405020305
201405020308
201405020309
201405020310
201405020311
201405020312
201405020401
201405020402
201405020403
201405020404
201405020405
201405020406
201405020407
201405020408
201405020409
201405020410
201405020412
201405020501
201405020502
201405020503
201405020504
201405020505
201405020506
201405020507
201405020509
201405020510
201405020511
201405020512
201405020601
201405020602
201405020603
201405020604
201405020605
201405020606
201405020607
201405020608
201405020609
201405020610
201405020611
201405020612
201405020701
201405020702
201405020703
201405020704
201405020705
201405020706
201405020707
201405020708
201405020709
201405020711
201405020712
201405020801
201405020802
201405020803
201405020804
201405020805
201405020806
201405020807
201405020809
201405020810
201405020811
201405020901
201405020903
201405020904
201405020905
201405020906
201405020907
201405020908
201405020909
201405020910
201405020911
201405021001
201405021002
201405021004
201405021005
201405021006
201405021007
201405021008
201405021009
201405021010
201405021011
201405021012
201405021101
201405021102
201405021103
201405021104
201405021105
201405021106
201405021108
201405021109
201405021111
201405021112
201405021201
201405021202
201405021203
201405021204
201405021205
201405021206
201405021207
201405021208
201405021209
201405021211
201405021212
201405030101
201405030102
201405030103
201405030104
201405030105
201405030106
201405030107
201405030108
201405030109 -
201405030110
201405030111
201405030112
201405030202
201405030203
201405030204
201405030205
201405030206 -
201405030207
201405030208
201405030209
201405030210
201405030211
201405030301
201405030302
201405030303
201405030304
201405030305
201405030306
201405030307
201405030308
201405030309 -
201405030310
201405030311
201405030312
201405030401
201405030402
201405030403
201405030404
201405030405
201405030406
201405030408
201405030409
201405030410
201405030411
201405030412
201405030502
201405030504
201405030506
201405030507
201405030508
201405030509
201405030510
201405030511
201405030512
201405030601
201405030602
201405030603
201405030604
201405030605
201405030606
201405030607
201405030608
201405030609
201405030610
201405030611
201405030612
201405030701
201405030702
201405030703
201405030704
201405030705
201405030708
201405030709
201405030710
201405030711
201405030712
201405030801
201405030802
201405030804
201405030805
201405030806
201405030807
201405030808
201405030809
201405030810
201405030811
201405030812
201405040101
201405040103
201405040104
201405040106
201405040107
201405040108
201405040109
201405040110
201405040111
201405040112
201405040201
201405040202
201405040203
201405040204
201405040205
201405040206
201405040207
201405040208
201405040209
201405040210
201405040211
201405040212
201405040301
201405040302
201405040303
201405040304
201405040306
201405040307
201405040309
201405040310
201405040311
201405040312
201405040401
201405040403
201405040404
201405040406
201405040407
201405040409
201405040410
201405040411
201405040412
201405040502
201405040503
201405040504
201405040505
201405040506
201405040507
201405040508
201405040509 -
201405040510
201405040511 -
201405040512
201405040601
201405040603 -
201405040604
201405040605
201405040606 -
201405040607
201405040608
201405040609 -
201405040610
201405040611
201405040612
201405040701
201405040702
201405040703
201405040704
201405040705
201405040706
201405040707
201405040708 -
201405040709
201405040710
201405040711
201405040712
201405040801
201405040802
201405040803
201405040804
201405040805
201405040806
201405040807
201405040808
201405040809
201405040810
201405040812
201405040901
201405040902
201405040903
201405040905
201405040906
201405040907
201405040908
201405040909
201405040910
201405040911
201405040912
201405050101
201405050102
201405050103
201405050104
201405050105
201405050106
201405050107
201405050108
201405050109
201405050110
201405050111
201405050112
201405050201
201405050204
201405050205
201405050206
201405050207
201405050209
201405050210
201405050211
201405050212
201405050301
201405050302
201405050304
201405050305
201405050306
201405050307
201405050308
201405050309
201405050310
201405050311
201405050312
201405050401
201405050402
201405050404
201405050405
201405050407
201405050409
201405050411
201405050412
201405050501
201405050502
201405050503
201405050504
201405050505
201405050506
201405050507
201405050508
201405050509
201405050510
201405050511
201405050512
201405050601
201405050602
201405050605
201405050606
201405050607
201405050609
201405050610
201405050611
201405050612
201405050701
201405050702
201405050703
201405050706
201405050707
201405050708
201405050709
201405050710
201405050711
201405050712
201405050801
201405050802
201405050803
201405050805
201405050808
201405050809
201405050810
201405050811
201405050812
201405050901
201405050902
201405050903
201405050904
201405050905
201405050906
201405050907
201405050908
201405050909
201405050910
201406010101
201406010102
201406010103
201406010104
201406010105
201406010106
201406010107
201406010108
201406010109
201406010110
201406010111
201406010112
201406010201
201406010202
201406010203
201406010205
201406010206
201406010207
201406010208
201406010209
201406010210
201406010211
201406010212
201406010301
201406010302
201406010303
201406010304
201406010305
201406010306
201406010307
201406010309
201406010310
201406010311
201406010312
201406010401
201406010402
201406010403
201406010405
201406010406
201406010407
201406010408
201406010409
201406010410
201406010411
201406010412
201406010501
201406010502
201406010503
201406010505
201406010507
201406010508
201406010510
201406010511
201406010512
201406010601
201406010602
201406010603
201406010604
201406010605
201406010606
201406010607
201406010608
201406010609
201406010610
201406010611
201406010612
201406010701
201406010702
201406010703
201406010704
201406010705
201406010706
201406010707
201406010708
201406010709
201406010710
201406010711
201406010712
201406010801
201406010803
201406010804
201406010805
201406010806
201406010807
201406010808
201406010809
201406010810
201406010811
201406010812
201406010902
201406010903
201406010904
201406010905
201406010906
201406010907
201406010908
201406010909
201406010910
201406010911
201406020101
201406020102
201406020104 -
201406020105
201406020106
201406020107
201406020108
201406020109 -
201406020110
201406020111
201406020112
201406020203
201406020205
201406020206
201406020207
201406020208
201406020209
201406020210
201406020211
201406020301
201406020302
201406020303
201406020304
201406020306
201406020307
201406020308
201406020309
201406020310 -
201406020311
201406020312
201406020401
201406020403
201406020404
201406020405
201406020406
201406020407
201406020408
201406020409
201406020411
201406020412
201406020501
201406020502
201406020503
201406020504
201406020505
201406020506
201406020507
201406020508
201406020509
201406020510
201406020511
201406020512
201406020601
201406020602
201406020603
201406020604
201406020605
201406020606
201406020607
201406020608
201406020609
201406020610
201406020611
201406020612
201406020701
201406020702
201406020703
201406020704
201406020705
201406020706
201406020708
201406020709
201406020710
201406020711
201406020712
201406020801
201406020803
201406020805
201406020806
201406020807
201406020808
201406020809
201406020810
201406020811
201406020812
201406030101
201406030102
201406030104
201406030105
201406030106
201406030107
201406030108
201406030109
201406030110
201406030111
201406030112
201406030201
201406030202
201406030203
201406030204
201406030205
201406030206
201406030207
201406030208
201406030209
201406030210
201406030211
201406030212
201406030301
201406030302
201406030303
201406030305
201406030306
201406030307
201406030308
201406030309
201406030310
201406030311
201406030312
201406030402
201406030403
201406030404
201406030405
201406030406
201406030407
201406030408
201406030409
201406030410
201406030411
201406030412
201406030501
201406030502
201406030503
201406030504
201406030505
201406030506
201406030507
201406030508
201406030509
201406030510
201406030511
201406030512
201406030601
201406030602
201406030603
201406030604
201406030605
201406030606
201406030607
201406030608
201406030609
201406030610
201406030611
201406030612
201406030701
201406030702
201406030704
201406030705
201406030706
201406030707
201406030708
201406030709
201406030710
201406030711
201406030712
201406030801
201406030803
201406030804
201406030805
201406030806
201406030807
201406030808
201406030809
201406030810
201406030811
201406030812
201406040101
201406040102
201406040103
201406040104
201406040105
201406040106
201406040107
201406040109
201406040111
201406040112
201406040201
201406040202
201406040203
201406040204
201406040205
201406040207
201406040208
201406040209
201406040210 -
201406040211
201406040212
201406040301
201406040304
201406040305
201406040306
201406040307
201406040308
201406040309
201406040310
201406040311
201406040312
201406040401
201406040402
201406040403
201406040404
201406040405
201406040406
201406040407
201406040408
201406040409
201406040410
201406040412
201406040501
201406040502
201406040503
201406040504
201406040505
201406040506
201406040507
201406040508
201406040509
201406040510
201406040512
201406040601
201406040602
201406040603
201406040604
201406040606
201406040607
201406040608
201406040609
201406040610
201406040611
201406040612
201406040701
201406040702
201406040703
201406040705
201406040706
201406040708
201406040709
201406040710
201406040711
201406040712
201406040801
201406040802
201406040803
201406040804
201406040805
201406040806
201406040807
201406040808
201406040809
201406040810
201406040811
201407010103
201407010104
201407010106
201407010107
201407010108
201407010109
201407010110
201407010111
201407010112
201407010203
201407010205
201407010206
201407010207
201407010208
201407010209
201407010210
201407010211
201407010212
201407010301
201407010302
201407010303
201407010304
201407010306
201407010307
201407010308
201407010309
201407010310
201407010311
201407010312
201407010401
201407010402
201407010403
201407010405
201407010406
201407010407
201407010408
201407010409
201407010411
201407010412
201407020102
201407020103
201407020104
201407020105
201407020106
201407020107
201407020108
201407020109
201407020110
201407020111
201407020112
201407020201
201407020202
201407020203
201407020204
201407020205
201407020206
201407020207
201407020208
201407020209
201407020210
201407020211
201407020301
201407020302
201407020303
201407020305
201407020307
201407020308
201407020309
201407020310
201407020311
201407020312
201407020401
201407020402
201407020403
201407020405
201407020406
201407020407
201407020408
201407020409
201407020410
201407020411
201407020412
201407020501
201407020502
201407020503 -
201407020505
201407020506
201407020507
201407020508
201407020509
201407020510
201407020511
201407020512
201407020601
201407020602
201407020603
201407020605
201407020606
201407020607
201407020608
201407020609
201407020610
201407020611
201407020612
201407030102
201407030103
201407030104
201407030105
201407030106
201407030107
201407030108
201407030109
201407030110
201407030111
201407030112
201407030201
201407030202
201407030203
201407030204
201407030205
201407030206
201407030207
201407030209
201407030210
201407030211
201407030212
201407030301
201407030302
201407030303
201407030304
201407030305
201407030306
201407030308
201407030309
201407030310
201407030311
201407030401
201407030403
201407030405
201407030406
201407030407
201407030408
201407030409
201407030410
201407030411
201407030412
201407030502
201407030503
201407030504 -
201407030505
201407030506
201407030507
201407030509
201407030511
201407030512
201407030601
201407030602
201407030603
201407030604
201407030605
201407030607
201407030608
201407030609
201407030610
201407030611
201407030612
201407030701
201407030702
201407030703
201407030704
201407030705
201407030706
201407030707
201407030708
201407030709
201407030710
201407030711
201407030712
201407030801
201407030802
201407030804
201407030805
201407030806
201407030808
201407030809
201407030811
201407040101
201407040102
201407040103
201407040104
201407040105
201407040106
201407040107
201407040108
201407040109
201407040110
201407040111
201407040112
201407040201
201407040202
201407040203
201407040204
201407040205
201407040206
201407040207
201407040208
201407040209
201407040211
201407040212
201407040301
201407040302
201407040303
201407040305
201407040307
201407040308
201407040309
201407040310
201407040311
201407040312
201407040401
201407040402
201407040403
201407040404
201407040406 -
201407040407
201407040408
201407040409
201407040410
201407040411
201407040412
201407040501
201407040502
201407040503
201407040504
201407040505
201407040506
201407040507
201407040508
201407040509
201407040510
201407040511
201407040512
201407040601
201407040602
201407040603
201407040606
201407040607
201407040608
201407040609
201407040610
201407040611
201407040612
201408010101
201408010102
201408010103
201408010104
201408010105
201408010106
201408010107
201408010109 -
201408010111
201408010112
201408010203
201408010204
201408010205
201408010206
201408010207
201408010209
201408010210
201408010211
201408010212
201408010301
201408010302
201408010303
201408010304
201408010305
201408010306
201408010307
201408010308
201408010309
201408010310
201408010311
201408010312
201408010401
201408010402
201408010403
201408010404
201408010405
201408010406
201408010407
201408010408
201408010409
201408010410
201408010411
201408010412
201408010501
201408010502
201408010504
201408010505
201408010506
201408010507
201408010508
201408010509
201408010510
201408010511
201408010512
201408010601
201408010602
201408010603
201408010604
201408010606
201408010607
201408010608
201408010609
201408010610
201408010611
201408010612
201408010701
201408010702
201408010703
201408010704
201408010705
201408010706
201408010707
201408010708
201408010709
201408010710
201408010711
201408010712
201408010801
201408010802
201408010803
201408010804
201408010805
201408010806
201408010807
201408010808
201408010809
201408010811
201408010812
201408010901
201408010902
201408010903
201408010905
201408010906
201408010907
201408010908
201408010909 -
201408010910
201408010911
201408010912
201408020101
201408020102
201408020103
201408020104
201408020105
201408020106
201408020107
201408020109
201408020110
201408020111
201408020112
201408020201
201408020202
201408020203
201408020204
201408020205
201408020206
201408020207
201408020208
201408020209
201408020210
201408020211
201408020212
201408020301
201408020303
201408020305
201408020306
201408020307
201408020308
201408020309
201408020401
201408020402
201408020403
201408020404
201408020405
201408020407
201408020408
201408020409
201408020410
201408020412
201408020501
201408020502
201408020504
201408020505
201408020506
201408020507
201408020508
201408020509
201408020510
201408020601
201408020602
201408020604
201408020605
201408020606
201408020607
201408020608
201408020609
201408020610
201408020611
201408020701
201408020702
201408020703
201408020704
201408020705
201408020706
201408020707
201408020708
201408020709
201408020710
201408020711
201408020712
201408020801
201408020803
201408020805
201408020806
201408020808
201408020809
201408020810
201408020811
201408020812
201408030102
201408030103
201408030104
201408030105
201408030106
201408030107
201408030108
201408030109
201408030110
201408030111
201408030112
201408030201
201408030202
201408030203
201408030204
201408030205
201408030206
201408030207
201408030208
201408030209 -
201408030210
201408030211
201408030212
201408030301
201408030302
201408030304
201408030305
201408030306
201408030307
201408030308
201408030309
201408030310
201408030311
201408030312
201408030401
201408030402
201408030403
201408030404
201408030406
201408030407
201408030408
201408030411
201408030412
201408030501
201408030502
201408030504
201408030505
201408030507
201408030508
201408030509
201408030510
201408030601
201408030602
201408030603
201408030604
201408030606
201408030607
201408030608
201408030609
201408030610
201408030611
201408030612
201408030701
201408030702
201408030704
201408030705
201408030706 -
201408030707
201408030708
201408030709
201408030710
201408030711
201408030712
201408030801
201408030802
201408030804
201408030807
201408030808
201408030809
201408030810
201408030811
201408030812
201408030901
201408030903
201408030904
201408030905
201408030906
201408030908 -
201408030910
201408030911
201408030912
201408031001
201408031003
201408031004
201408031005
201408031006
201408031007
201408031008
201408031009
201408031010
201408031011
201408031012
201408031101
201408031102
201408031103
201408031105
201408031106
201408031107
201408031109
201408031110
201408031111
201408031112
201408031201
201408031202
201408031203
201408031205
201408031206
201408031207
201408031208
201408031209
201408031210
201408031211
201408031212
201408040101
201408040102
201408040103
201408040105
201408040106
201408040107
201408040108
201408040109
201408040110
201408040111
201408040112
201408040201
201408040202
201408040203
201408040205
201408040206
201408040207
201408040208
201408040209
201408040210
201408040211
201408040212
201408040301
201408040302
201408040303
201408040304
201408040305 -
201408040306
201408040307
201408040308
201408040309
201408040311
201408040312
201408040401
201408040402
201408040404
201408040407
201408040408
201408040409 -
201408040410
201408040411
201408040412
201408040502
201408040503
201408040504 -
201408040505
201408040506
201408040507
201408040508
201408040509
201408040510
201408040601
201408040602
201408040603
201408040604
201408040605
201408040606
201408040607
201408040608
201408040609
201408040610
201408040611
201408040612
201408040701
201408040702
201408040703
201408040705
201408040706
201408040707
201408040708
201408040709
201408040710
201408040711
201408040712
201408040801
201408040802
201408040803
201408040804
201408040805
201408040806
201408040807
201408040808
201408040809 -
201408040810
201408040811
201408040812
201408040901
201408040903
201408040904
201408040905
201408040906 -
201408040907
201408040908 -
201408040909
201408040910
201408040911
201408040912
201408050102
201408050104
201408050105
201408050106
201408050107
201408050109
201408050110
201408050111
201408050112
201408050201
201408050202
201408050203
201408050204
201408050205
201408050206
201408050207
201408050208
201408050209
201408050210
201408050211
201408050212
201408050301
201408050302
201408050303
201408050304
201408050305
201408050306
201408050307
201408050308
201408050309
201408050310
201408050311
201408050312
201408050401
201408050402
201408050403
201408050404
201408050405
201408050407
201408050408
201408050409 -
201408050410
201408050411
201408050412
201408050501
201408050502
201408050503
201408050504
201408050505
201408050506
201408050507
201408050508
201408050509
201408050510
201408050512
201408050602
201408050603
201408050604
201408050605
201408050606
201408050608
201408050609
201408050610
201408050611
201408050701
201408050702
201408050703
201408050705
201408050706
201408050707
201408050708
201408050709
201408050710
201408050711
201408050801
201408050803
201408050804
201408050805
201408050806
201408050807
201408050808
201408050809
201408050810
201408050811 -
201408050812
201408050901
201408050902
201408050903
201408050905
201408050906
201408050908
201408050909
201408050910
201408050911
201408050912
201409010101
201409010102
201409010103
201409010104
201409010105
201409010106
201409010107
201409010108
201409010110
201409010111
201409010112
201409010201
201409010202
201409010203
201409010204
201409010205
201409010206
201409010207
201409010208
201409010209 -
201409010210
201409010212
201409010301
201409010302
201409010304
201409010305
201409010307
201409010308
201409010309
201409010310
201409010312
201409010402
201409010403
201409010405
201409010406
201409010408 -
201409010409
201409010411
201409010412
201409010501
201409010502
201409010503
201409010504
201409010505
201409010507
201409010510
201409010511
201409010512
201409010601
201409010603
201409010604
201409010605 -
201409010606
201409010607
201409010608
201409010609
201409010610
201409010611
201409010612
201409010701
201409010702
201409010703
201409010704
201409010705
201409010706
201409010707
201409010708
201409010709
201409010710
201409010711
201409010712
201409010801
201409010802
201409010803
201409010804
201409010805
201409010806
201409010807
201409010808
201409010809
201409010810
201409010811
201409010812
201409020101
201409020102
201409020103
201409020104
201409020105
201409020106
201409020107
201409020108
201409020109
201409020110
201409020111
201409020112
201409020201
201409020202
201409020203
201409020204
201409020205
201409020206
201409020207 -
201409020208
201409020209
201409020210
201409020211
201409020212
201409020301
201409020302
201409020303
201409020304
201409020305
201409020306
201409020307
201409020309
201409020311
201409020312
201409020402
201409020403
201409020404
201409020405
201409020406
201409020407
201409020408
201409020409
201409020410
201409020411 -
201409020412
201409020501
201409020502
201409020503
201409020504
201409020505
201409020506
201409020507
201409020508
201409020509
201409020510
201409020511
201409020512
201409020601
201409020602
201409020603
201409020604
201409020605
201409020606
201409020607
201409020608
201409020609
201409020610
201409020612
201409020701
201409020702
201409020704
201409020706
201409020707
201409020708
201409020709 -
201409020710
201409020711
201409020712
201409020801
201409020802
201409020803
201409020804
201409020805
201409020806
201409020807
201409020808
201409020809
201409020810
201409020811
201409020812
201409030101
201409030102
201409030103
201409030104
201409030105 -
201409030106
201409030107
201409030108
201409030109
201409030110
201409030111
201409030112
201409030201
201409030202
201409030203
201409030205 -
201409030206
201409030207
201409030208 -
201409030210
201409030211
201409030212
201409030301
201409030302
201409030303
201409030304 -
201409030305
201409030306
201409030307
201409030308
201409030309
201409030310
201409030311
201409030312
201409030401
201409030403
201409030404
201409030405
201409030406
201409030407
201409030408
201409030409
201409030410
201409030411
201409030412
201409030501
201409030502
201409030503
201409030505
201409030506
201409030507
201409030508
201409030509
201409030510
201409030511
201409030512
201409030601
201409030602
201409030603
201409030605
201409030606
201409030607
201409030608
201409030610
201409030611
201409030612
201409030701
201409030702
201409030703
201409030704
201409030705
201409030706
201409030707
201409030708
201409030710
201409030711
201409030712
201409030801
201409030802
201409030803
201409030804
201409030805
201409030806 -
201409030807
201409030808
201409030809
201409030810
201409030811
201409040101
201409040102
201409040103
201409040105
201409040106
201409040107
201409040108
201409040109
201409040110 -
201409040111
201409040112
201409040201
201409040202
201409040203
201409040204 -
201409040205
201409040206
201409040207
201409040208
201409040209
201409040210 -
201409040211
201409040301
201409040302
201409040303
201409040304
201409040305
201409040306
201409040307
201409040309 -
201409040310
201409040311
201409040312
201409040401
201409040402
201409040404
201409040405
201409040406
201409040408
201409040409
201409040410
201409040411
201409040412
201409040501
201409040502
201409040503
201409040504
201409040505
201409040506
201409040507
201409040508
201409040509
201409040510
201409040511
201409040512
201409040601
201409040602
201409040603
201409040604 -
201409040605
201409040606
201409040607
201409040608
201409040610
201409040611
201409040701
201409040702
201409040703
201409040704
201409040705
201409040708
201409040709
201409040710
201409040711
201409040712
201409040801
201409040802
201409040803
201409040804
201409040805
201409040807
201409040808
201409040809
201409040810
201409040811
201409040812
201409050101
201409050102
201409050103
201409050104
201409050105
201409050106
201409050108
201409050109
201409050110
201409050111
201409050112
201409050202
201409050203
201409050204
201409050205
201409050206
201409050207 -
201409050208
201409050209 -
201409050210
201409050211
201409050212
201409050302
201409050303
201409050304
201409050305
201409050306
201409050307
201409050308 -
201409050309
201409050310
201409050311
201409050312
201409050401
201409050403
201409050404
201409050405
201409050406
201409050407
201409050408
201409050409
201409050410
201409050411
201409050412
201409050501
201409050502
201409050503
201409050504
201409050507
201409050508
201409050509
201409050510
201409050511
201409050512
201409050601
201409050602
201409050603
201409050604
201409050605
201409050606
201409050608
201409050609
201409050610
201409050611
201409050612
201409050701
201409050702
201409050703
201409050704
201409050706
201409050708
201409050709
201409050710
201409050711
201409050712
201409050801
201409050802
201409050804
201409050805
201409050806
201409050807
201409050808
201409050809
201409050810
201409050811
201409050812
201410010101
201410010102
201410010103
201410010104
201410010105
201410010106
201410010107
201410010108
201410010109
201410010110
201410010111
201410010112
201410010201
201410010202
201410010203
201410010204
201410010205
201410010206
201410010207
201410010209
201410010210
201410010211
201410010212
201410010301
201410010302
201410010303
201410010304
201410010305
201410010306
201410010308
201410010309
201410010310
201410010311
201410010312
201410010401
201410010402
201410010403
201410010404
201410010405
201410010406
201410010407
201410010409
201410010410
201410010411
201410010412
201410010501
201410010502
201410010503
201410010504
201410010505
201410010507
201410010508
201410010509
201410010510
201410010511
201410010512
201410010601
201410010602
201410010603
201410010604
201410010605 -
201410010606
201410010607
201410010608
201410010609
201410010610
201410010612
201410010701
201410010702
201410010703
201410010704
201410010705
201410010707
201410010708
201410010709
201410010710
201410010711
201410010712
201410010801
201410010802
201410010804
201410010805
201410010806
201410010807
201410010808
201410010809
201410010810
201410010811
201410010812
201410020101
201410020102
201410020103
201410020105
201410020106
201410020107
201410020109
201410020110
201410020111
201410020112
201410020201
201410020202
201410020203
201410020204
201410020207
201410020208
201410020209
201410020210
201410020211
201410020212
201410020302
201410020303
201410020304
201410020305
201410020306
201410020307
201410020308
201410020309 -
201410020310
201410020311
201410020312
201410020401
201410020402
201410020403
201410020404 -
201410020405
201410020406
201410020407
201410020408
201410020409 -
201410020410
201410020411
201410020412
201410020501
201410020502
201410020503
201410020504
201410020505
201410020508
201410020510
201410020511
201410020512
201410020601
201410020602
201410020604
201410020605
201410020606
201410020608
201410020609
201410020610
201410020611
201410020612
201410020701
201410020702
201410020703
201410020704
201410020705
201410020706
201410020707
201410020708
201410020709
201410020710
201410020711
201410020712
201410020801
201410020802
201410020803
201410020804
201410020805 -
201410020806
201410020807
201410020808
201410020809
201410020810
201410020811
201410020812
201410020901
201410020902
201410020903
201410020904
201410020905
201410020906
201410020907
201410020908
201410020910
201410020911
201410020912
201410021001
201410021002
201410021003
201410021005
201410021006
201410021007
201410021008
201410021009
201410021010
201410021011
201410021012
201410021101
201410021102
201410021103
201410021104 -
201410021105
201410021106
201410021107
201410021108
201410021109
201410021110
201410021111
201410021112
201410021201
201410021202
201410021203
201410021204
201410021205
201410021206
201410021207
201410021209
201410021210
201410021212
201501010101
201501010102
201501010103
201501010104
201501010105
201501010106
201501010107
201501010108
201501010109
201501010110
201501010111
201501010112
201501010201
201501010202
201501010203
201501010204
201501010205 -
201501010206
201501010207
201501010208
201501010209
201501010210
201501010211
201501010212
201501010301
201501010303
201501010306
201501010307
201501010308
201501010309
201501010310
201501010311
201501010312
201501010401
201501010402
201501010403
201501010404
201501010405
201501010406
201501010407
201501010408
201501010409
201501010410
201501010411
201501010412
201501010501
201501010502
201501010503
201501010504
201501010506
201501010507
201501010508
201501010509
201501010510
201501010511
201501010512
201501010601
201501010602
201501010603
201501010604
201501010605
201501010607
201501010608
201501010609
201501010610
201501010611
201501010612
201501020101
201501020103
201501020104
201501020105
201501020106
201501020107
201501020108
201501020109
201501020110
201501020112
201501020201
201501020202
201501020203
201501020205
201501020206
201501020207
201501020208
201501020209
201501020210
201501020211
201501020212
201501020301
201501020303
201501020304
201501020305
201501020307
201501020308
201501020309
201501020311
201501020312
201501020401
201501020402
201501020403
201501020406
201501020407
201501020409
201501020410
201501020411
201501020412
201501020501
201501020502
201501020503
201501020504
201501020505
201501020506
201501020508
201501020509
201501020510
201501020511
201501020512
201501020601
201501020602
201501020603
201501020604
201501020605
201501020606
201501020608
201501020610
201501020611
201501020612
201502010101
201502010102
201502010103
201502010104
201502010105
201502010106
201502010107
201502010108
201502010109
201502010110
201502010111
201502010112
201502010201
201502010203
201502010205
201502010206
201502010207
201502010209
201502010210
201502010211
201502010212
201502010302
201502010303
201502010304
201502010305
201502010306
201502010307
201502010308
201502010309
201502010311
201502010312
201502010401
201502010402
201502010403
201502010404
201502010405
201502010406
201502010407
201502010408
201502010409
201502010410
201502010411
201502010412
201502010501
201502010502
201502010503
201502010504
201502010505 -
201502010506
201502010507
201502010508
201502010509
201502010510
201502010511
201502010512
201502010601
201502010602
201502010603
201502010604
201502010605 -
201502010606
201502010607
201502010608
201502010609
201502010610
201502010611 -
201502010612
201502020101
201502020102
201502020103
201502020104
201502020105 -
201502020106 -
201502020107
201502020108
201502020109
201502020110
201502020111
201502020112
201502020201
201502020202
201502020203
201502020204
201502020205 -
201502020206
201502020207
201502020208
201502020209
201502020210 -
201502020211
201502020212 -
201502020301
201502020302
201502020303
201502020304
201502020305
201502020306
201502020307
201502020308
201502020309
201502020310
201502020311
201502020312
201502020401
201502020402
201502020403
201502020404
201502020405
201502020406
201502020407
201502020408
201502020409
201502020410
201502020411
201502020412
201502020501
201502020502
201502020503
201502020504
201502020505
201502020506
201502020507
201502020508
201502020509
201502020510
201502020511
201502020512
201502020601
201502020602
201502020604
201502020606
201502020607
201502020608
201502020609
201502020610 -
201502020611
201502020612
201503010101
201503010102
201503010103
201503010105
201503010106
201503010107
201503010108
201503010109
201503010110
201503010111
201503010112
201503010203
201503010205
201503010207
201503010208
201503010210
201503010211
201503010212
201503010301
201503010302
201503010303
201503010304
201503010305
201503010306
201503010307
201503010309
201503010310
201503010311
201503010312
201503010402
201503010403
201503010404
201503010405
201503010406
201503010407
201503010408
201503010409
201503010410
201503010412
201503010501
201503010502
201503010503
201503010506
201503010507
201503010508
201503010509
201503010510
201503010511
201503010512
201503010601
201503010602
201503010603
201503010604
201503010605
201503010606
201503010607
201503010608
201503010609
201503010610
201503010611
201503010612
201503020101
201503020102
201503020103
201503020104
201503020105
201503020106
201503020107
201503020108
201503020109
201503020110
201503020111
201503020112
201503020202
201503020203
201503020204
201503020205
201503020206
201503020207
201503020208
201503020209
201503020210
201503020211
201503020212
201503020301
201503020302
201503020303
201503020304
201503020306
201503020307
201503020309
201503020310
201503020311
201503020312
201503020401
201503020402
201503020403
201503020404
201503020405
201503020406
201503020409
201503020410
201503020411
201503020412
201503020501
201503020502
201503020503
201503020504
201503020505
201503020506
201503020507
201503020510
201503020511
201503020512
201503020601
201503020602
201503020603
201503020604
201503020605
201503020606
201503020607
201503020608
201503020609
201503020611
201503020612
201503020701
201503020702
201503020703
201503020704 -
201503020705
201503020707
201503020708
201503020709
201503020710
201503020711
201503020712
201503020801
201503020802
201503020804
201503020805
201503020806
201503020807
201503020808
201503020809
201503020810
201503020811
201503020812
201503030101
201503030102
201503030103
201503030104
201503030106
201503030107
201503030108
201503030110
201503030111
201503030112
201503030201
201503030202
201503030203
201503030205
201503030206
201503030207
201503030208
201503030209
201503030210 -
201503030211
201503030212
201503030301
201503030302
201503030303
201503030304
201503030305
201503030306
201503030307
201503030308
201503030309
201503030310
201503030311
201503030401
201503030403
201503030406
201503030407
201503030408
201503030409
201503030410
201503030411
201503030412
201503030501
201503030502
201503030503
201503030504
201503030505
201503030506
201503030507
201503030508
201503030509
201503030510
201503030511
201503030512
201503030601
201503030602
201503030603
201503030605
201503030606
201503030607
201503030608
201503030609
201503030610
201503030611
201503030612
201504010101
201504010102
201504010103
201504010105
201504010106
201504010107
201504010108
201504010109
201504010110
201504010111
201504010112
201504010201
201504010203
201504010205
201504010206
201504010208
201504010209
201504010210
201504010211
201504010212
201504010302
201504010303
201504010304
201504010305
201504010306
201504010307
201504010308
201504010309
201504010310
201504010311
201504010312
201504010401
201504010402
201504010403
201504010404
201504010405
201504010406
201504010407
201504010408
201504010409
201504010410
201504010411
201504010412
201504010501
201504010502
201504010503
201504010504
201504010506
201504010507
201504010508
201504010509
201504010510
201504010511
201504010512
201504010601
201504010602
201504010603
201504010604
201504010605
201504010606
201504010607
201504010608
201504010609
201504010610
201504010611
201504010612
201504010701
201504010702
201504010703
201504010705
201504010707
201504010708
201504010709
201504010710
201504010711
201504010712
201504010801
201504010802
201504010804
201504010805
201504010806
201504010807
201504010808
201504010809
201504010810
201504010811
201504010812
201504020101
201504020102
201504020103
201504020104
201504020105
201504020106
201504020107
201504020108
201504020109
201504020110
201504020111
201504020112
201504020201
201504020203
201504020205
201504020207
201504020209
201504020210
201504020211
201504020212
201504020302
201504020303
201504020306
201504020307
201504020308
201504020309
201504020310
201504020311
201504020312
201504020401
201504020402
201504020404
201504020405
201504020406
201504020407
201504020408
201504020409
201504020410
201504020412
201504020501
201504020502
201504020503
201504020504
201504020505
201504020506
201504020508
201504020510
201504020511
201504020512
201504020601
201504020602
201504020603
201504020604
201504020605
201504020606
201504020607
201504020609
201504020610
201504020611
201504020612
201504020701
201504020702
201504020704
201504020705
201504020706
201504020708
201504020709
201504020710
201504020711
201504020712
201504020801
201504020803
201504020804
201504020805
201504020806
201504020807
201504020808
201504020809
201504020810 -
201504020811
201504020812
201504020902
201504020903
201504020904
201504020905
201504020906
201504020907
201504020908
201504020909
201504020910
201504020911
201504020912
201504021001
201504021002
201504021003
201504021004
201504021005
201504021006
201504021007
201504021008
201504021009
201504021010
201504021011
201504021012
201504021101
201504021102
201504021103
201504021104
201504021105
201504021106
201504021107
201504021108
201504021109
201504021110
201504021111
201504021112
201504021201
201504021202
201504021203
201504021204
201504021205
201504021206
201504021207
201504021208
201504021210
201504021211
201504021212
201504030101
201504030103
201504030104
201504030105
201504030106
201504030107
201504030108
201504030109
201504030110
201504030111
201504030112
201504030201
201504030202
201504030203
201504030204
201504030205
201504030206
201504030207
201504030208
201504030209
201504030210
201504030211
201504030212
201504030303
201504030305
201504030306
201504030307
201504030308
201504030309
201504030310
201504030311
201504030312
201504030402
201504030403
201504030405
201504030406
201504030407
201504030408
201504030409
201504030410
201504030411
201504030412
201505010101
201505010102
201505010103
201505010104
201505010106
201505010107
201505010108
201505010109
201505010111
201505010201
201505010203
201505010205
201505010206
201505010207
201505010208
201505010209
201505010210
201505010211
201505010212
201505010301
201505010302
201505010303
201505010304
201505010305
201505010306
201505010307
201505010308
201505010310
201505010311
201505010312
201505010401
201505010403
201505010404
201505010407
201505010408
201505010409
201505010410
201505010411
201505010412
201505010502
201505010503
201505010504
201505010506
201505010507
201505010508
201505010509
201505010510
201505010511
201505010512
201505010601
201505010602
201505010603
201505010604
201505010605
201505010606
201505010608
201505010609
201505010610
201505010611
201505010612
201505010701
201505010702
201505010703
201505010704
201505010705
201505010706
201505010707
201505010708
201505010709
201505010712
201505010801
201505010802
201505010803
201505010804
201505010806
201505010807
201505010808
201505010809
201505010810
201505010811
201505010812
201505020101
201505020102
201505020103
201505020104
201505020105
201505020106
201505020107
201505020108
201505020109
201505020110
201505020111
201505020112
201505020202
201505020203
201505020204
201505020205
201505020206
201505020207
201505020209
201505020210
201505020211
201505020212
201505020301
201505020302
201505020303
201505020304
201505020305
201505020306
201505020307
201505020308
201505020309
201505020310
201505020311
201505020312
201505020401
201505020403
201505020404
201505020405
201505020406
201505020407
201505020408
201505020409
201505020411
201505020412
201505020501
201505020502
201505020503
201505020504
201505020506
201505020507
201505020508
201505020509
201505020510
201505020511
201505020512
201505020601
201505020602
201505020605 -
201505020606
201505020607
201505020608
201505020609
201505020610
201505020611
201505020612
201505020701
201505020702
201505020704
201505020705
201505020706
201505020707
201505020708
201505020709
201505020710
201505020711
201505020712
201505020801
201505020803
201505020804
201505020805
201505020806
201505020807
201505020808
201505020809
201505020810
201505020811
201505020812
201505020901
201505020902
201505020903
201505020904
201505020905
201505020906
201505020908
201505020909
201505020912
201505021001
201505021002
201505021003
201505021004
201505021005
201505021007
201505021008
201505021010
201505021012
201505021101
201505021103
201505021104
201505021105
201505021107
201505021108
201505021111
201505021112
201505021201
201505021203
201505021204
201505021206
201505021207
201505021208
201505021209
201505021210
201505021211
201505021212
201505030101
201505030102
201505030103
201505030105
201505030106
201505030107
201505030108
201505030109
201505030110
201505030111
201505030112
201505030201
201505030204
201505030205
201505030206
201505030207
201505030208
201505030209
201505030210
201505030211
201505030212
201505030301
201505030303
201505030305
201505030306
201505030307
201505030308
201505030309
201505030310
201505030311
201505030312
201505030401
201505030402
201505030403
201505030404
201505030405
201505030406
201505030407
201505030408
201505030409
201505030410
201505030411
201505030412
201505030502
201505030505
201505030506
201505030507
201505030508
201505030509
201505030510
201505030511
201505030512
201505030602
201505030603
201505030605
201505030606
201505030607
201505030608
201505030609
201505030610
201505030611
201505030612
201505030701
201505030702
201505030704
201505030705
201505030706
201505030707
201505030708
201505030709
201505030710
201505030711
201505030712
201505030802
201505030804
201505030805
201505030806
201505030807
201505030808
201505030809
201505030810
201505030811
201505030812
201505040103
201505040104
201505040106
201505040108
201505040109
201505040110
201505040111
201505040112
201505040201
201505040202
201505040203
201505040204
201505040205
201505040206
201505040207
201505040208
201505040209
201505040210
201505040211
201505040301
201505040302
201505040303
201505040304
201505040305
201505040306
201505040307
201505040308
201505040309
201505040311
201505040312
201505040401
201505040402
201505040403
201505040405
201505040406
201505040407
201505040408
201505040409
201505040410
201505040411
201505040502
201505040503
201505040504
201505040505
201505040507
201505040508
201505040510
201505040511
201505040512
201505040601
201505040602
201505040603
201505040604
201505040606
201505040607
201505040608
201505040609
201505040611
201505040701
201505040702
201505040703
201505040704
201505040705
201505040706
201505040707
201505040708
201505040709
201505040710
201505040711
201505040712
201505040802
201505040803
201505040804
201505040805
201505040807
201505040808
201505040809
201505040810
201505040811
201505040812
201505040901
201505040902
201505040903
201505040904
201505040905
201505040906
201505040907
201505040908
201505040909
201505040910
201505040911
201505040912
201505050101
201505050102
201505050103
201505050105
201505050107
201505050108
201505050110
201505050111
201505050112
201505050201
201505050202
201505050203
201505050204
201505050205
201505050206
201505050207
201505050208
201505050210
201505050211
201505050212
201505050301
201505050302
201505050303
201505050304
201505050305
201505050306
201505050307
201505050308
201505050309
201505050310
201505050311
201505050312
201505050401
201505050402
201505050403
201505050404
201505050405
201505050406
201505050407
201505050408
201505050409
201505050410
201505050411
201505050412
201505050501
201505050502
201505050503
201505050504
201505050505
201505050506
201505050507
201505050508
201505050509
201505050510
201505050511
201505050512
201505050601
201505050602
201505050604
201505050605
201505050606
201505050607
201505050608
201505050609
201505050610
201505050611
201505050612
201505050701
201505050702
201505050703
201505050704
201505050705
201505050706
201505050707
201505050709
201505050710
201505050711
201505050712
201505050801
201505050802
201505050803
201505050805
201505050806
201505050807
201505050809
201505050810
201505050811
201505050812
201505050901
201505050902
201505050903
201505050904
201505050906
201505050907
201505050908
201505050909
201505050910
201505050911
201506010101
201506010102
201506010103
201506010104
201506010105
201506010106
201506010107
201506010108
201506010109
201506010110
201506010111
201506010112
201506010201
201506010203
201506010204
201506010205
201506010206
201506010207
201506010208
201506010209
201506010210
201506010211
201506010212
201506010301
201506010302
201506010303
201506010304
201506010305
201506010307
201506010308
201506010309
201506010310
201506010312
201506010401
201506010402
201506010403
201506010405
201506010406
201506010407
201506010408
201506010409
201506010410
201506010411
201506010412
201506010502
201506010503
201506010504
201506010505
201506010506
201506010507
201506010508
201506010509
201506010510
201506010511
201506010512
201506010601
201506010602
201506010603
201506010604
201506010605
201506010607
201506010608
201506010609
201506010610
201506010612
201506010701
201506010702
201506010703
201506010704
201506010705
201506010706
201506010707
201506010708
201506010709
201506010710
201506010711
201506010712
201506010802
201506010803
201506010804
201506010805
201506010806
201506010807
201506010808
201506010809
201506010810
201506010811
201506010812
201506010901
201506010902
201506010903
201506010905
201506010906
201506010907 -
201506010908
201506010910
201506010911
201506010912
201506020101
201506020102
201506020103
201506020104
201506020105
201506020106
201506020107
201506020108
201506020109
201506020110
201506020111
201506020112
201506020201
201506020202
201506020203
201506020204
201506020205
201506020206
201506020207
201506020209
201506020210
201506020211
201506020212
201506020301
201506020302
201506020304
201506020305
201506020306
201506020307
201506020308
201506020309
201506020310
201506020311
201506020312
201506020401
201506020402
201506020403
201506020405
201506020406
201506020407
201506020408
201506020409
201506020410
201506020411
201506020412
201506020501
201506020503
201506020504
201506020505
201506020507
201506020508
201506020509 -
201506020510
201506020511
201506020512
201506020601
201506020602
201506020603
201506020604
201506020605
201506020606
201506020607
201506020608
201506020609
201506020610
201506020612
201506020701
201506020702
201506020703
201506020704
201506020705
201506020707
201506020708
201506020709
201506020710
201506020711
201506020712
201506020801
201506020802
201506020803
201506020804
201506020805
201506020806
201506020807
201506020808
201506020809
201506020810
201506020812
201506030101
201506030102
201506030103
201506030104
201506030105
201506030106
201506030107
201506030108
201506030109
201506030110
201506030111
201506030112
201506030201
201506030202
201506030203
201506030204
201506030205
201506030206
201506030207
201506030208
201506030209
201506030210
201506030211
201506030212
201506030301
201506030302
201506030303
201506030305
201506030306
201506030307
201506030308
201506030309
201506030310
201506030311
201506030312
201506030401
201506030402
201506030403
201506030404
201506030405
201506030406
201506030407
201506030408
201506030409
201506030410
201506030411
201506030412
201506030501
201506030502
201506030503
201506030504
201506030505
201506030506
201506030507
201506030508
201506030509
201506030510
201506030511
201506030512
201506030601
201506030602
201506030604
201506030605
201506030606
201506030607
201506030608
201506030609
201506030610
201506030611
201506030612
201506030701
201506030703
201506030704
201506030705
201506030706
201506030707
201506030709 -
201506030710
201506030712
201506030801
201506030802
201506030803
201506030804
201506030805
201506030806
201506030807
201506030808
201506030809
201506030810
201506030811
201506030812
201506040101
201506040102
201506040103
201506040104
201506040105
201506040106
201506040107
201506040108
201506040110
201506040111
201506040112
201506040201
201506040202
201506040203
201506040204
201506040205
201506040206
201506040207
201506040208
201506040210
201506040211
201506040212
201506040301
201506040302
201506040303
201506040304
201506040305
201506040306
201506040307
201506040308
201506040310
201506040311
201506040312
201506040401
201506040403
201506040404
201506040405
201506040407
201506040408
201506040409
201506040410
201506040412
201506040501
201506040502
201506040503
201506040504
201506040506
201506040507
201506040508
201506040509
201506040510
201506040511
201506040512
201506040602
201506040603
201506040604
201506040605
201506040606
201506040607
201506040608
201506040609
201506040610
201506040611
201506040612
201506040701
201506040702
201506040703
201506040704
201506040705
201506040706
201506040707
201506040708
201506040709
201506040710
201506040711
201506040712
201506040801
201506040803
201506040805
201506040806
201506040809
201506040810
201506040811
201506040812
201506040901
201506040902
201506040903
201506040904
201506040905
201506040906
201506040907
201506040908
201506040910
201506040912
201506050101
201506050102
201506050104
201506050105
201506050107
201506050108
201506050109
201506050110
201506050111
201506050112
201506050201
201506050202
201506050203
201506050204
201506050205
201506050206
201506050207
201506050208
201506050209
201506050210
201506050211
201506050212
201506050301
201506050302
201506050303
201506050304
201506050308
201506050309
201506050311
201506050312
201506050401
201506050402
201506050403
201506050405
201506050406
201506050407
201506050408
201506050409
201506050410
201506050411
201506050412
201506050501
201506050502
201506050503
201506050505
201506050507
201506050508
201506050509
201506050510
201506050511
201506050512
201506050601
201506050602
201506050603
201506050604
201506050605
201506050606
201506050608
201506050609
201506050610
201506050611
201506050612
201506050702
201506050703
201506050704
201506050705
201506050706
201506050707
201506050708
201506050709
201506050711
201506050712
201506050802
201506050803
201506050804
201506050805
201506050806
201506050807
201506050810
201506050811
201507010101
201507010102
201507010103
201507010104
201507010106
201507010107
201507010108
201507010109
201507010110
201507010111
201507010112
201507010201
201507010202
201507010203
201507010205
201507010206
201507010207
201507010208
201507010209
201507010210
201507010211
201507010301
201507010302
201507010303
201507010306
201507010307
201507010308
201507010309
201507010310
201507010311
201507010312
201507010401
201507010402
201507010404
201507010406
201507010407
201507010408
201507010410
201507010411
201507010412
201507020101
201507020102
201507020103
201507020105
201507020106
201507020107
201507020108
201507020109 -
201507020110
201507020111
201507020112
201507020201
201507020202
201507020203
201507020204
201507020205
201507020206
201507020208
201507020209
201507020210
201507020211
201507020212
201507020301
201507020302
201507020303
201507020304
201507020306
201507020307
201507020308
201507020309
201507020310
201507020311
201507020312
201507020402
201507020403
201507020404
201507020405
201507020406
201507020407
201507020408
201507020409
201507020411
201507020412
201507020501
201507020502
201507020503
201507020504
201507020506
201507020507
201507020508
201507020510
201507020511
201507020512
201507020601
201507020602
201507020603
201507020604
201507020605
201507020608
201507020609
201507020610
201507020611
201507020612
201507030102
201507030103
201507030104
201507030105
201507030106
201507030107
201507030108
201507030109
201507030110
201507030111
201507030112
201507030201
201507030202
201507030203
201507030204
201507030205
201507030206
201507030207
201507030208
201507030209
201507030210
201507030212
201507030302
201507030303
201507030304
201507030305
201507030306
201507030307
201507030308
201507030309
201507030310
201507030311
201507030312
201507030401
201507030402
201507030403
201507030404
201507030405
201507030406
201507030407
201507030408
201507030409
201507030410
201507030411
201507030412
201507030501
201507030504 -
201507030505
201507030506
201507030508
201507030509
201507030510
201507030511
201507030512
201507030601
201507030602
201507030603
201507030604
201507030605
201507030606
201507030608
201507030609
201507030610
201507030611
201507030612
201507030702
201507030703
201507030704
201507030705
201507030706
201507030708
201507030709
201507030710
201507030711
201507030712
201507030803
201507030804
201507030805
201507030806
201507030807
201507030808
201507030809
201507030810
201507030811
201507030812
201507040101
201507040102
201507040103
201507040104
201507040105
201507040106
201507040107
201507040108
201507040109
201507040110
201507040111
201507040112
201507040201
201507040202
201507040203
201507040204
201507040205
201507040206
201507040207
201507040208
201507040209
201507040211
201507040212
201507040302
201507040303
201507040304
201507040305
201507040306
201507040307
201507040308
201507040309
201507040310
201507040311
201507040312
201507040401
201507040404
201507040405
201507040406
201507040407
201507040408
201507040409
201507040410
201507040411
201507040412
201507040501
201507040502
201507040503
201507040504
201507040505
201507040506
201507040507
201507040508
201507040509
201507040510
201507040511
201507040512
201507040601
201507040602
201507040603
201507040604
201507040605
201507040606
201507040607
201507040608
201507040609
201507040610
201507040611
201507040612
201508010101
201508010102
201508010103
201508010104
201508010105
201508010106
201508010107
201508010108
201508010109 -
201508010110
201508010111
201508010112
201508010202
201508010203
201508010204 -
201508010205
201508010207
201508010208
201508010209
201508010210
201508010211
201508010212
201508010301
201508010302
201508010303
201508010304
201508010306
201508010307 -
201508010308
201508010309
201508010310
201508010401
201508010402
201508010403
201508010404
201508010405
201508010406
201508010407
201508010408
201508010409
201508010410
201508010411
201508010412
201508010501
201508010502
201508010503
201508010505
201508010506
201508010507
201508010508
201508010509
201508010510
201508010511
201508010512
201508010601
201508010602
201508010603
201508010604
201508010606
201508010607
201508010609
201508010610
201508010611
201508010612
201508010701
201508010702
201508010704
201508010705
201508010707
201508010708
201508010709
201508010711
201508010712
201508010803
201508010804
201508010805
201508010806
201508010807
201508010808
201508010809
201508010811
201508010812
201508010902
201508010903
201508010904
201508010905
201508010906
201508010908
201508010909
201508010910
201508010911
201508010912
201508020101
201508020102
201508020103
201508020104
201508020106
201508020107
201508020108
201508020109 -
201508020110
201508020111
201508020112
201508020201
201508020202
201508020203
201508020204
201508020205
201508020206
201508020207
201508020208
201508020209 -
201508020210
201508020211
201508020212
201508020301
201508020302
201508020303
201508020304
201508020305
201508020306
201508020307
201508020308
201508020309
201508020310
201508020311
201508020312
201508020401
201508020402
201508020403
201508020404
201508020405
201508020406
201508020407
201508020408
201508020409
201508020410
201508020411 -
201508020412
201508020501
201508020502
201508020503
201508020504
201508020505
201508020506
201508020507
201508020508
201508020509 -
201508020510 -
201508020511
201508020512
201508020601
201508020602
201508020603
201508020605
201508020606
201508020608
201508020610
201508020611
201508020701
201508020702
201508020704
201508020705
201508020706
201508020707
201508020708
201508020710
201508020711
201508020712
201508020801
201508020802
201508020803
201508020804
201508020805
201508020806
201508020807
201508020808
201508020809
201508020810
201508020811
201508020812
201508030101
201508030102
201508030103
201508030104
201508030105
201508030106
201508030107
201508030108
201508030110
201508030111 -
201508030112
201508030202
201508030203
201508030204
201508030205
201508030206
201508030207
201508030208
201508030209
201508030210
201508030211
201508030212
201508030302
201508030303
201508030304
201508030305
201508030306
201508030307
201508030308
201508030309 -
201508030310
201508030311
201508030312
201508030401
201508030402
201508030403
201508030404
201508030405
201508030406
201508030407
201508030408
201508030409
201508030410
201508030411
201508030412
201508030501
201508030502
201508030503
201508030504
201508030506
201508030507
201508030508
201508030509
201508030510
201508030511
201508030512
201508030601
201508030602
201508030603
201508030604
201508030605
201508030606 -
201508030607
201508030608 -
201508030609
201508030610
201508030611
201508030612
201508030701
201508030702
201508030703
201508030704
201508030705
201508030706
201508030707
201508030708
201508030709
201508030710
201508030711
201508030712
201508030801
201508030802
201508030803
201508030805
201508030806
201508030807
201508030808
201508030809
201508030810
201508030812
201508030902
201508030903
201508030904
201508030905
201508030906
201508030907
201508030908
201508030909
201508030911
201508030912
201508031001
201508031003
201508031004
201508031005
201508031006
201508031008
201508031009
201508031010
201508031011
201508031012
201508031101
201508031102
201508031103
201508031104
201508031105
201508031106
201508031107
201508031109
201508031110
201508031111
201508031112
201508031201
201508031202
201508031203
201508031205
201508031206
201508031208
201508031209
201508031210
201508031211
201508031212
201508040101
201508040102 -
201508040103
201508040104
201508040105
201508040106
201508040107
201508040108
201508040109
201508040110
201508040111
201508040112
201508040201
201508040202 -
201508040203
201508040205
201508040206
201508040207
201508040208
201508040209
201508040210
201508040211
201508040212
201508040301
201508040302
201508040303
201508040304
201508040305
201508040306
201508040307
201508040308
201508040309
201508040310
201508040311
201508040312
201508040401
201508040402
201508040403
201508040404
201508040405
201508040406
201508040407
201508040408
201508040410
201508040411
201508040501
201508040502
201508040503
201508040505
201508040506
201508040507
201508040508
201508040509
201508040510
201508040511
201508040512
201508040601
201508040602 -
201508040604
201508040605
201508040606
201508040607
201508040608
201508040609
201508040610 -
201508040612
201508040701
201508040703
201508040704
201508040705
201508040706
201508040707
201508040708 -
201508040709
201508040710
201508040711
201508040712
201508040801
201508040802 -
201508040803
201508040804
201508040805
201508040806 -
201508040807 -
201508040809
201508040810
201508040812
201508040901
201508040902
201508040903
201508040904
201508040905
201508040906
201508040907
201508040909
201508040910
201508040911
201508040912
201508050101
201508050102
201508050103
201508050104
201508050105
201508050107
201508050108
201508050109
201508050110
201508050111
201508050112
201508050201
201508050202
201508050203
201508050204
201508050205
201508050206
201508050207
201508050208
201508050209
201508050210
201508050211
201508050212
201508050301
201508050302
201508050303
201508050304
201508050305
201508050306
201508050307 -
201508050309
201508050310
201508050311
201508050312
201508050401
201508050402
201508050403
201508050404
201508050405
201508050406
201508050407
201508050408
201508050409
201508050410
201508050411
201508050412
201508050501
201508050502
201508050503
201508050504
201508050505
201508050506
201508050507
201508050508
201508050509
201508050510
201508050511
201508050512
201508050601
201508050602
201508050603
201508050604
201508050605
201508050606
201508050607
201508050608
201508050609
201508050610
201508050611
201508050612
201508050701
201508050702
201508050704
201508050705
201508050706
201508050707
201508050708
201508050709
201508050710
201508050711
201508050712
201508050801
201508050802
201508050804
201508050805
201508050806
201508050807
201508050808
201508050809
201508050810
201508050811
201508050812
201508050901
201508050902
201508050903
201508050904
201508050905
201508050906
201508050907
201508050908
201508050909
201508050910
201508050911
201508050912
201509010101
201509010102
201509010103
201509010104
201509010105
201509010106
201509010107
201509010109
201509010110
201509010111
201509010112
201509010201
201509010202
201509010203
201509010205
201509010206
201509010207
201509010208
201509010209
201509010210
201509010211
201509010212
201509010301
201509010302
201509010303
201509010304
201509010305
201509010307
201509010308
201509010309
201509010310
201509010311
201509010401
201509010402
201509010403
201509010404
201509010405
201509010406 -
201509010407
201509010409
201509010410
201509010411
201509010412
201509010501
201509010502
201509010503
201509010505
201509010506
201509010507
201509010509 -
201509010510
201509010511
201509010512
201509010601
201509010604
201509010605
201509010606
201509010607
201509010608
201509010609
201509010610
201509010611
201509010612
201509010701
201509010702
201509010703
201509010704
201509010705
201509010706
201509010707
201509010708
201509010709
201509010710
201509010712
201509010801
201509010802
201509010804
201509010805
201509010806
201509010807
201509010808
201509010809
201509010810
201509010811
201509010812
201509020101
201509020102
201509020103
201509020104
201509020105
201509020106
201509020107
201509020108
201509020109
201509020110
201509020111
201509020112
201509020201
201509020202
201509020203
201509020204
201509020205
201509020206
201509020208
201509020209 -
201509020210
201509020211
201509020212
201509020301
201509020302
201509020303
201509020304
201509020305
201509020306
201509020308
201509020309 -
201509020311
201509020312
201509020401
201509020402
201509020403
201509020404
201509020405
201509020406
201509020407
201509020408
201509020409
201509020410
201509020411
201509020412
201509020501
201509020502
201509020503
201509020504
201509020505
201509020506
201509020507
201509020508
201509020510
201509020511
201509020512
201509020601
201509020602
201509020603
201509020604
201509020605
201509020606
201509020607
201509020608
201509020609
201509020610
201509020611
201509020612
201509020701
201509020702
201509020703
201509020704
201509020706
201509020707
201509020708
201509020709
201509020710
201509020711
201509020801
201509020802
201509020803
201509020804
201509020805
201509020806
201509020807
201509020808
201509020809
201509020810
201509020812
201509030101
201509030102
201509030103
201509030104
201509030105 -
201509030106
201509030107
201509030108
201509030109
201509030110
201509030111
201509030201
201509030202
201509030205
201509030206
201509030207
201509030208
201509030209
201509030210
201509030211
201509030212
201509030301
201509030302
201509030303
201509030304
201509030305
201509030307
201509030308
201509030309
201509030310
201509030311
201509030312
201509030401
201509030402
201509030403
201509030404 -
201509030405 -
201509030406
201509030407
201509030408
201509030409
201509030410
201509030411
201509030412
201509030501
201509030502
201509030503
201509030504
201509030505
201509030506
201509030507
201509030508
201509030509
201509030510
201509030511
201509030512
201509030601
201509030602
201509030603
201509030604
201509030605
201509030606
201509030607
201509030608
201509030609
201509030610
201509030611
201509030612
201509030701
201509030702
201509030703
201509030704
201509030705
201509030706
201509030707
201509030708
201509030709
201509030710
201509030711
201509030712
201509030801
201509030802
201509030803
201509030804
201509030805
201509030806
201509030807
201509030808
201509030809
201509030810
201509030811
201509030812
201509040104
201509040105
201509040106
201509040107
201509040108
201509040109
201509040110
201509040111
201509040112
201509040202
201509040203
201509040205
201509040206
201509040207
201509040208
201509040210
201509040211
201509040212
201509040301
201509040302
201509040303
201509040304
201509040305
201509040307
201509040309
201509040310
201509040311
201509040312
201509040401
201509040402
201509040403
201509040404
201509040405 -
201509040406
201509040407
201509040408
201509040409
201509040410
201509040411
201509040412
201509040501
201509040503
201509040504
201509040506
201509040507
201509040508
201509040509
201509040510
201509040511
201509040512
201509040601
201509040602
201509040603
201509040604
201509040605
201509040606
201509040607
201509040608
201509040610
201509040611
201509040612
201509040701
201509040702
201509040703
201509040705 -
201509040706
201509040707
201509040708
201509040709
201509040710
201509040711
201509040712
201509040801
201509040802
201509040803
201509040805
201509040806
201509040807
201509040808
201509040809
201509040810
201509040811
201509040812
201509040901
201509040902
201509040903
201509040905
201509040906
201509040907
201509040908
201509040909 -
201509040910
201509040911
201509040912
201509050101
201509050102 -
201509050103
201509050104
201509050106
201509050107
201509050108
201509050109
201509050110
201509050111
201509050112
201509050201
201509050202
201509050203
201509050205
201509050206
201509050207
201509050209
201509050210
201509050211
201509050212
201509050301
201509050302
201509050303
201509050304
201509050305
201509050306
201509050307
201509050308
201509050309
201509050310
201509050311
201509050312
201509050401
201509050402
201509050403
201509050404
201509050406
201509050407
201509050408
201509050409
201509050410
201509050411
201509050412
201509050502
201509050503
201509050504
201509050505
201509050506
201509050507
201509050508
201509050510
201509050511
201509050512
201509050602
201509050603
201509050604
201509050605
201509050606
201509050607
201509050608
201509050609
201509050610
201509050611
201509050612
201509050701
201509050702
201509050703
201509050704
201509050705
201509050706
201509050708
201509050709
201509050710
201509050711
201509050712
201509050801
201509050802
201509050803
201509050804
201509050805
201509050806
201509050807
201509050808
201509050809
201509050810
201509050811
201509050812
201510010102
201510010103
201510010104
201510010105
201510010108
201510010109
201510010110
201510010111
201510010112
201510010201
201510010202
201510010203
201510010204
201510010205 -
201510010206
201510010207
201510010208
201510010209
201510010210
201510010211
201510010212
201510010301
201510010302
201510010303
201510010304
201510010305
201510010306
201510010307
201510010308
201510010309
201510010310
201510010311
201510010312
201510010402
201510010403
201510010404
201510010405
201510010406
201510010407
201510010408
201510010409
201510010410
201510010411
201510010412
201510010501
201510010502
201510010503
201510010504
201510010505
201510010506
201510010507
201510010508
201510010509
201510010510
201510010511
201510010512
201510010601
201510010602
201510010603
201510010604
201510010605
201510010606
201510010607
201510010608
201510010609
201510010610
201510010611
201510010612
201510010702
201510010703
201510010704
201510010705
201510010706
201510010707
201510010708
201510010709
201510010710
201510010711
201510010712
201510010801
201510010802
201510010803
201510010804
201510010805
201510010806
201510010807
201510010808
201510010809
201510010810
201510010811
201510010812
201510020101 -
201510020102
201510020103
201510020104 -
201510020106
201510020108 -
201510020109
201510020110
201510020111
201510020112
201510020201 -
201510020202
201510020204
201510020206
201510020208
201510020209
201510020211
201510020212
201510020301
201510020302
201510020303
201510020304
201510020305
201510020306
201510020307
201510020308
201510020309
201510020310
201510020311
201510020312
201510020401
201510020402
201510020403
201510020404 -
201510020405
201510020406
201510020408 -
201510020409
201510020410
201510020411
201510020501
201510020502
201510020503
201510020504
201510020505 -
201510020506
201510020507
201510020508
201510020509 -
201510020510
201510020511
201510020512
201510020601
201510020602
201510020603
201510020604
201510020605 -
201510020606
201510020607
201510020608
201510020609
201510020610
201510020611 -
201510020612
201510020703
201510020704
201510020705
201510020706
201510020707
201510020708
201510020709
201510020710
201510020711
201510020712
201510020801
201510020802
201510020803
201510020804
201510020805
201510020806
201510020807
201510020808
201510020811
201510020812
201510020902 -
201510020903
201510020904
201510020905
201510020906
201510020907
201510020908
201510020909
201510020910
201510021001
201510021003
201510021004 -
201510021005 -
201510021006
201510021007
201510021008
201510021009
201510021010
201510021011
201510021012
201510021102
201510021105
201510021108
201510021109
201510021110
201510021111
201510021112
201510021201
201510021202
201510021203
201510021204
201510021205
201510021206
201510021207
201510021208
201510021209
201510021210
201510021211
201510021212
201601010101
201601010102
201601010103
201601010104
201601010105
201601010106 -
201601010107
201601010108
201601010109
201601010110
201601010111
201601010112
201601010202
201601010203
201601010204
201601010205 -
201601010206
201601010207
201601010208
201601010209 -
201601010210
201601010211
201601010212
201601010301
201601010302
201601010303
201601010304
201601010305
201601010306
201601010307
201601010308
201601010309
201601010310
201601010311
201601010312
201601010402
201601010403
201601010404
201601010406
201601010407
201601010408
201601010409
201601010410
201601010411
201601010412
201601010501
201601010502
201601010503
201601010504
201601010505
201601010506
201601010507
201601010508
201601010509
201601010510
201601010511
201601010512
201601010601
201601010602
201601010603
201601010604
201601010605 -
201601010606
201601010608
201601010609
201601010610
201601010611
201601010612
201601020101
201601020102
201601020104
201601020105
201601020106
201601020107
201601020108
201601020109
201601020110
201601020111
201601020112
201601020202
201601020203
201601020204
201601020205
201601020206
201601020207
201601020208
201601020209 -
201601020210
201601020211
201601020212
201601020301
201601020302
201601020303
201601020305
201601020307
201601020308
201601020309
201601020310
201601020311
201601020312
201601020402
201601020403
201601020404
201601020405
201601020407
201601020408
201601020411
201601020412
201601020501
201601020502
201601020503
201601020504
201601020506
201601020507
201601020508
201601020509
201601020510
201601020511
201601020512
201601020601
201601020602
201601020603
201601020604
201601020605
201601020606
201601020607
201601020608
201601020609
201601020610
201601020611
201601020612
201602010101
201602010102
201602010103
201602010104
201602010105
201602010106
201602010107
201602010108
201602010109
201602010110
201602010111
201602010201
201602010202
201602010203
201602010204
201602010205
201602010206
201602010207
201602010208
201602010209
201602010210
201602010211
201602010212
201602010302
201602010303
201602010305
201602010306
201602010307
201602010308
201602010309
201602010311
201602010312
201602010401
201602010402
201602010403
201602010404
201602010405
201602010406
201602010407
201602010408
201602010410
201602010411
201602010412
201602010501
201602010502
201602010503
201602010504
201602010505 -
201602010506
201602010507
201602010508
201602010509
201602010510
201602010511
201602010512
201602010601
201602010602
201602010603
201602010604
201602010605 -
201602010606
201602010607
201602010609
201602010610
201602010611
201602010612
201602020101
201602020102
201602020103
201602020104
201602020105 -
201602020106
201602020107 -
201602020109
201602020110
201602020111
201602020112
201602020202
201602020205
201602020206
201602020207
201602020208
201602020209
201602020211
201602020212
201602020301
201602020302
201602020303
201602020304
201602020305 -
201602020306
201602020307
201602020308
201602020309
201602020310
201602020311
201602020312 -
201602020401
201602020402
201602020403
201602020404
201602020405
201602020406
201602020407
201602020408
201602020409
201602020410
201602020411
201602020412
201602020502
201602020503
201602020504
201602020505
201602020506
201602020507
201602020508
201602020510
201602020511
201602020512
201602020602
201602020605
201602020606
201602020608
201602020609
201602020610
201602020611
201603010101
201603010104
201603010106
201603010107
201603010108
201603010109
201603010110
201603010111
201603010112
201603010201
201603010202
201603010203
201603010204
201603010205
201603010206
201603010207
201603010208
201603010209
201603010210
201603010211
201603010212
201603010301
201603010302
201603010303
201603010304
201603010305
201603010306
201603010307
201603010308
201603010309
201603010310
201603010311
201603010312
201603010401
201603010402
201603010403
201603010406
201603010407
201603010408
201603010409
201603010411
201603010412
201603010501
201603010503
201603010504
201603010505
201603010506
201603010507
201603010508
201603010509
201603010510
201603010511
201603010512
201603010601
201603010602
201603010603
201603010604
201603010605
201603010607
201603010608
201603010609
201603010610
201603010611
201603010612
201603020101
201603020102
201603020104
201603020105
201603020106
201603020108
201603020109
201603020110
201603020111
201603020112
201603020201
201603020202
201603020203
201603020205
201603020206
201603020207
201603020208
201603020209
201603020210
201603020211
201603020301
201603020302
201603020305
201603020306
201603020307
201603020308
201603020309
201603020310
201603020311
201603020401
201603020402
201603020403
201603020405
201603020406
201603020407
201603020408
201603020409
201603020410
201603020411
201603020412
201603020501
201603020502
201603020504
201603020505
201603020506
201603020507
201603020508
201603020509
201603020510
201603020511
201603020512
201603020602
201603020603
201603020604
201603020605
201603020606
201603020608
201603020609
201603020610
201603020611
201603020612
201603020701
201603020702
201603020703
201603020705
201603020706
201603020707
201603020708
201603020710
201603020711
201603020801
201603020802
201603020803
201603020804
201603020805
201603020806
201603020807
201603020808
201603020809
201603020810
201603020811
201603020812
201603030101
201603030102
201603030103
201603030105
201603030106
201603030107
201603030108
201603030109
201603030110
201603030112
201603030201
201603030202
201603030203
201603030204
201603030205
201603030206
201603030207
201603030208
201603030209
201603030210
201603030211
201603030212
201603030301
201603030302
201603030303
201603030304
201603030305
201603030306
201603030307
201603030308
201603030309
201603030310
201603030312
201603030401
201603030402
201603030403
201603030404
201603030405
201603030406
201603030407
201603030408
201603030409
201603030410
201603030411
201603030412
201603030501
201603030502
201603030503
201603030504
201603030505
201603030506
201603030507
201603030508
201603030509
201603030511
201603030512
201603030602
201603030603
201603030604
201603030605
201603030606
201603030607
201603030608
201603030609
201603030610
201603030611
201603030612
201604010101
201604010102
201604010103
201604010105
201604010106
201604010107
201604010108
201604010109
201604010110
201604010111
201604010112
201604010201
201604010203
201604010204
201604010205
201604010206
201604010207
201604010208
201604010209
201604010210
201604010211
201604010212
201604010302
201604010305
201604010306
201604010307
201604010308
201604010309
201604010310
201604010311
201604010401
201604010402
201604010403
201604010404
201604010405
201604010406
201604010407
201604010408
201604010409
201604010410
201604010411
201604010501
201604010502
201604010503
201604010505
201604010506
201604010507
201604010508
201604010509
201604010510
201604010511
201604010512
201604010601
201604010602
201604010603
201604010605
201604010606
201604010607
201604010608
201604010609
201604010610
201604010611
201604010612
201604010701
201604010702
201604010703
201604010704
201604010705
201604010706
201604010707
201604010708
201604010709
201604010710
201604010711
201604010712
201604010801
201604010802
201604010803
201604010805
201604010806
201604010807
201604010808
201604010809
201604010810
201604010811
201604010812
201604020101
201604020102
201604020103
201604020104
201604020106
201604020107
201604020108
201604020109
201604020110
201604020111
201604020112
201604020201
201604020202
201604020203
201604020204
201604020205
201604020206
201604020208
201604020209
201604020210
201604020211
201604020212
201604020301
201604020302
201604020303
201604020304
201604020305
201604020306
201604020307
201604020308 -
201604020311
201604020312
201604020401
201604020402
201604020403
201604020404
201604020405
201604020406
201604020407
201604020408
201604020409
201604020410
201604020411
201604020412
201604020502
201604020503
201604020504
201604020505
201604020506
201604020507
201604020508
201604020509
201604020510
201604020511
201604020512
201604020601
201604020602
201604020603
201604020604
201604020607
201604020608
201604020609
201604020610
201604020611
201604020612
201604020701
201604020702
201604020703
201604020704
201604020705
201604020706
201604020707
201604020708
201604020709
201604020710
201604020711
201604020712
201604020802
201604020803
201604020805
201604020806
201604020807
201604020808
201604020809
201604020810
201604020811
201604020812
201604020901
201604020902
201604020903
201604020904
201604020905
201604020906
201604020907
201604020908
201604020909
201604020910
201604020911
201604020912
201604021001
201604021002
201604021003
201604021004
201604021005
201604021006
201604021007
201604021008
201604021009
201604021010
201604021011
201604021012
201604021101
201604021102
201604021104
201604021105
201604021106
201604021107
201604021108
201604021110
201604021111
201604021112
201604021201
201604021202
201604021203
201604021204
201604021205
201604021206
201604021207
201604021208
201604021209
201604021210
201604021211
201604021212
201604030101
201604030102
201604030103
201604030104
201604030105
201604030106
201604030107
201604030108
201604030110
201604030111
201604030112
201604030201
201604030202
201604030203
201604030204
201604030205
201604030206
201604030207
201604030208
201604030209
201604030210
201604030211
201604030212
201604030302
201604030303
201604030304
201604030305
201604030306
201604030307
201604030308
201604030309
201604030310
201604030311
201604030312
201604030401
201604030402
201604030403
201604030404
201604030405
201604030406
201604030407
201604030408
201604030409
201604030410
201604030411
201604030412
201604030501
201604030502
201604030503
201604030504
201604030505
201604030506
201604030507
201604030508
201604030509
201604030510
201604030511
201604030512
201604030601
201604030602
201604030603
201604030604
201604030605
201604030606
201604030607
201604030608
201604030609
201604030610
201604030611
201604030612
201605010101
201605010102
201605010103
201605010104
201605010105
201605010106
201605010107
201605010108
201605010109
201605010111
201605010201
201605010202
201605010204
201605010205
201605010206
201605010207
201605010208
201605010209
201605010210
201605010211
201605010212
201605010301
201605010302
201605010303
201605010304
201605010305
201605010306
201605010308
201605010309
201605010310
201605010311
201605010312
201605010401
201605010403
201605010404
201605010405
201605010406
201605010407
201605010408
201605010409
201605010410
201605010412
201605010501
201605010502
201605010503
201605010504
201605010505
201605010506
201605010507
201605010508
201605010509
201605010510
201605010511
201605010512
201605010601
201605010602
201605010603
201605010604
201605010605
201605010606
201605010607
201605010608
201605010609
201605010610
201605010611
201605010612
201605010701
201605010702
201605010703
201605010705
201605010706
201605010707
201605010708
201605010709
201605010710
201605010711
201605010712
201605010802
201605010803
201605010804
201605010805
201605010806
201605010807
201605010808
201605010809
201605010810
201605010811
201605010812
201605020102
201605020103
201605020105
201605020106
201605020107
201605020108
201605020109
201605020110 -
201605020111
201605020112
201605020201
201605020202
201605020203
201605020204
201605020205
201605020206
201605020207
201605020208
201605020209
201605020210
201605020211
201605020301
201605020302
201605020304
201605020305
201605020306
201605020307
201605020308
201605020309
201605020310
201605020311
201605020312
201605020401
201605020402
201605020404
201605020406
201605020407
201605020408
201605020409
201605020410
201605020411
201605020412
201605020501
201605020502
201605020503
201605020504
201605020505
201605020506
201605020507
201605020509
201605020510
201605020511
201605020512
201605020601
201605020602
201605020603
201605020604
201605020605
201605020606
201605020607
201605020608
201605020609
201605020610
201605020611
201605020612
201605020701
201605020702
201605020703
201605020704
201605020705
201605020706
201605020707
201605020708
201605020709 -
201605020710
201605020711
201605020712
201605020802
201605020803
201605020804
201605020805
201605020806
201605020807
201605020808
201605020809
201605020810
201605020811
201605020812
201605020901
201605020903
201605020904
201605020905
201605020906
201605020907
201605020908
201605020909
201605020910
201605020911
201605020912
201605021001
201605021002
201605021003
201605021005
201605021006
201605021007
201605021008
201605021009
201605021010
201605021011
201605021012
201605021101
201605021102
201605021103
201605021104
201605021105
201605021106
201605021107
201605021108
201605021109
201605021110
201605021111
201605021112
201605021201
201605021202
201605021203
201605021204
201605021205
201605021206
201605021207
201605021208
201605021209
201605021210
201605021211
201605021212
201605030101
201605030102
201605030103
201605030105
201605030106
201605030107
201605030108
201605030109
201605030110
201605030112
201605030201
201605030202
201605030203
201605030204
201605030205
201605030206
201605030207
201605030208
201605030209
201605030210
201605030211
201605030212
201605030302
201605030303
201605030304
201605030305
201605030306
201605030307 -
201605030308
201605030310
201605030311
201605030312
201605030401
201605030402
201605030403
201605030404
201605030405
201605030406
201605030407
201605030408
201605030409
201605030411
201605030412
201605030501
201605030502
201605030503
201605030505
201605030506
201605030507
201605030508
201605030509
201605030510
201605030511
201605030512
201605030601
201605030602
201605030603
201605030604
201605030605
201605030606
201605030607
201605030609
201605030610
201605030611
201605030612
201605030701
201605030702
201605030703
201605030705
201605030706
201605030707
201605030708
201605030709
201605030710
201605030711
201605030801
201605030802
201605030803
201605030804
201605030805
201605030806
201605030807
201605030808
201605030809
201605030810
201605030811
201605030812
201605040101
201605040102
201605040103
201605040104
201605040105
201605040106
201605040107
201605040108
201605040109
201605040110
201605040111
201605040112
201605040201
201605040202
201605040203
201605040204
201605040205
201605040206
201605040207
201605040208
201605040209
201605040210
201605040211
201605040212
201605040301
201605040302
201605040303
201605040304
201605040305
201605040306
201605040307
201605040308
201605040309
201605040310
201605040311
201605040312
201605040401
201605040402
201605040403
201605040404
201605040405
201605040406
201605040407
201605040408
201605040409 -
201605040410
201605040411
201605040412
201605040501
201605040502
201605040503
201605040504
201605040505
201605040506
201605040507
201605040508
201605040510
201605040511
201605040512
201605040601
201605040602
201605040603
201605040604
201605040605
201605040606
201605040607
201605040608
201605040609
201605040610
201605040611
201605040612
201605040702
201605040703
201605040704
201605040705
201605040707
201605040708
201605040709
201605040710 -
201605040711
201605040712
201605040801
201605040802
201605040803 -
201605040804
201605040805
201605040806
201605040807
201605040808
201605040809
201605040810
201605040811
201605040901
201605040902
201605040903
201605040904
201605040905
201605040906
201605040907
201605040908
201605040909
201605040910
201605040911
201605040912
201605050102
201605050103
201605050104
201605050105
201605050106
201605050107
201605050108
201605050109
201605050110
201605050111
201605050112
201605050201
201605050202
201605050203
201605050204
201605050205
201605050206
201605050207
201605050208
201605050209
201605050210
201605050211
201605050212
201605050301
201605050302
201605050303
201605050304
201605050305
201605050307
201605050309
201605050310
201605050311
201605050312
201605050401
201605050402
201605050403
201605050404
201605050406
201605050407
201605050408
201605050409
201605050410
201605050411
201605050412
201605050501
201605050502
201605050503
201605050505
201605050506
201605050507
201605050508
201605050510
201605050511
201605050512
201605050601
201605050602
201605050603
201605050604
201605050605
201605050606
201605050607
201605050608
201605050609
201605050610
201605050611
201605050612
201605050701
201605050702
201605050703
201605050704
201605050705
201605050706
201605050707
201605050708
201605050709
201605050710
201605050711
201605050712
201605050801
201605050802
201605050803
201605050804
201605050805
201605050806
201605050807
201605050808
201605050809
201605050810
201605050811
201606010101
201606010102
201606010103
201606010104
201606010105
201606010106
201606010107
201606010108
201606010109
201606010110
201606010112
201606010202
201606010203
201606010204
201606010205
201606010206
201606010207
201606010209
201606010210
201606010211
201606010212
201606010301
201606010302
201606010304
201606010305
201606010306
201606010307
201606010308
201606010309
201606010310
201606010311
201606010312
201606010401
201606010402
201606010403
201606010405
201606010406
201606010407
201606010408
201606010410
201606010411
201606010412
201606010501
201606010503
201606010504
201606010505
201606010506
201606010507
201606010508
201606010509
201606010510
201606010511
201606010512
201606010601
201606010602
201606010603
201606010604
201606010605
201606010606
201606010607
201606010608
201606010609
201606010610
201606010611
201606010612
201606010702
201606010703
201606010704
201606010705
201606010706
201606010708
201606010709
201606010710
201606010711
201606010712
201606010801
201606010802
201606010804
201606010805
201606010806
201606010807
201606010808
201606010810
201606010812
201606020101
201606020102
201606020103
201606020104
201606020105
201606020106
201606020107
201606020108
201606020109
201606020110
201606020111
201606020201
201606020202
201606020203
201606020204
201606020206
201606020207
201606020208
201606020209
201606020210
201606020211
201606020212
201606020301
201606020302
201606020303
201606020304
201606020306
201606020307
201606020308
201606020309
201606020310
201606020311
201606020401
201606020402
201606020403
201606020404
201606020405
201606020406
201606020407
201606020408
201606020409
201606020410
201606020411
201606020412
201606020501
201606020502
201606020503
201606020504
201606020505
201606020506
201606020507 -
201606020508
201606020509
201606020510
201606020511
201606020512
201606020601
201606020602
201606020603
201606020604
201606020605
201606020606
201606020607
201606020609
201606020610
201606020611
201606020612
201606020701
201606020702
201606020703
201606020704
201606020705
201606020707
201606020708
201606020709
201606020710
201606020711
201606020712
201606020802
201606020803
201606020804
201606020805
201606020806
201606020807
201606020808
201606020809
201606020810
201606020811
201606020812
201606030101
201606030102
201606030104
201606030105
201606030106
201606030107
201606030109
201606030110
201606030111
201606030112
201606030201
201606030202
201606030203
201606030204
201606030205
201606030206
201606030207
201606030208
201606030210
201606030212
201606030301
201606030303
201606030304
201606030305
201606030307
201606030308
201606030309
201606030310
201606030311
201606030312
201606030401
201606030402
201606030403
201606030404
201606030405
201606030406
201606030407
201606030408
201606030409
201606030410
201606030411
201606030412
201606030501
201606030503
201606030504
201606030506
201606030507
201606030508
201606030509
201606030510
201606030511
201606030512
201606030601
201606030602
201606030603
201606030604
201606030605
201606030606
201606030607
201606030608
201606030609
201606030610
201606030611
201606030612
201606030701
201606030702
201606030703
201606030704
201606030705
201606030706
201606030707
201606030708
201606030709
201606030710
201606030801
201606030802
201606030804
201606030805
201606030806
201606030807
201606030808
201606030809
201606030810
201606030812
201606040101
201606040102
201606040103
201606040104
201606040105
201606040106
201606040107
201606040108
201606040109
201606040110
201606040111
201606040112
201606040202
201606040203
201606040204
201606040205 -
201606040206
201606040208
201606040209
201606040210
201606040212
201606040301
201606040302
201606040303
201606040304
201606040306
201606040307
201606040308
201606040309
201606040310
201606040311
201606040312
201606040401
201606040402
201606040403
201606040405
201606040406
201606040408
201606040409
201606040410
201606040411
201606040412
201606040501
201606040502
201606040503
201606040504
201606040505
201606040507
201606040508
201606040510
201606040511
201606040601
201606040602
201606040603
201606040604
201606040605
201606040606
201606040607
201606040608
201606040609 -
201606040610
201606040611
201606040612
201606040701
201606040702
201606040703
201606040705
201606040707
201606040708
201606040709
201606040710
201606040711
201606040712
201606040801
201606040802
201606040805
201606040806
201606040807
201606040808
201606040809
201606040810
201606040811
201606040812
201606050101
201606050103
201606050104
201606050105
201606050106
201606050107
201606050109
201606050110
201606050111
201606050112
201606050201
201606050202
201606050204
201606050205
201606050206 -
201606050207
201606050208
201606050209
201606050210
201606050211
201606050212
201606050301
201606050302
201606050303
201606050304
201606050305
201606050306
201606050307
201606050309
201606050310
201606050311
201606050312
201606050401
201606050402
201606050403
201606050404
201606050405
201606050406
201606050407
201606050408
201606050409
201606050410
201606050411
201606050412
201606050502
201606050503
201606050504
201606050506
201606050507
201606050508
201606050509
201606050510
201606050511
201606050512
201606050601
201606050603
201606050604
201606050605
201606050606
201606050607
201606050608
201606050609
201606050610
201606050611
201606050612
201606050701
201606050702
201606050703
201606050704
201606050705
201606050706
201606050707
201606050709
201606050712
201606050801
201606050802
201606050803
201606050804
201606050805
201606050807
201606050808
201606050809
201606050810
201606050811
201606050812
201606050902
201606050903
201606050904
201606050905
201606050906
201606050907
201606050908
201606050909
201606050910
201606050911
201607010101
201607010102
201607010103
201607010105
201607010106
201607010107
201607010108
201607010109
201607010110
201607010111
201607010112
201607010201
201607010202
201607010203
201607010205
201607010206
201607010207
201607010208
201607010209
201607010210
201607010211
201607010212
201607010301
201607010302
201607010303
201607010304
201607010305
201607010306
201607010307
201607010308
201607010309
201607010310
201607010311
201607010312
201607010402
201607010403
201607010405
201607010406
201607010407
201607010408
201607010409
201607010411
201607010412
201607010501
201607010503
201607010504
201607010505
201607010507
201607010509
201607010510
201607010511
201607010512
201607010601
201607010602
201607010603
201607010605
201607010606
201607010609
201607010610
201607010611
201607010612
201607020102
201607020103
201607020104
201607020105
201607020106
201607020107
201607020108
201607020110
201607020111
201607020112
201607020201
201607020202
201607020203
201607020204
201607020205
201607020206
201607020207
201607020208
201607020209
201607020210
201607020211
201607020212
201607020301
201607020302
201607020303
201607020306
201607020307
201607020308
201607020309
201607020310
201607020311
201607020312
201607020401
201607020402
201607020403
201607020406
201607020408
201607020409
201607020410
201607020411
201607020412
201607020501
201607020502
201607020503
201607020504
201607020505
201607020506
201607020507
201607020508
201607020509
201607020510
201607020511
201607020601
201607020602
201607020603
201607020604
201607020605
201607020606
201607020607
201607020608
201607020609
201607020610
201607020611
201607020612
201607030102
201607030103
201607030105
201607030106
201607030107
201607030108
201607030109
201607030110
201607030111
201607030112
201607030201
201607030202
201607030203
201607030204
201607030205
201607030206
201607030207
201607030208
201607030209
201607030210
201607030211
201607030212
201607030301
201607030302
201607030303
201607030304
201607030305
201607030306
201607030307
201607030308
201607030309
201607030310
201607030311
201607030312
201607030401
201607030402
201607030403
201607030404
201607030405
201607030406
201607030407
201607030410
201607030411
201607030412
201607030501
201607030502
201607030503
201607030504
201607030505
201607030506
201607030507
201607030508
201607030509
201607030510
201607030511
201607030512
201607030601
201607030602
201607030603
201607030605
201607030606
201607030607
201607030608
201607030610 -
201607030611
201607030612
201607030701
201607030702
201607030703
201607030704
201607030705
201607030706
201607030708
201607030709
201607030710
201607030711
201607030801
201607030802
201607030803
201607030805
201607030806
201607030807
201607030808
201607030809
201607030810
201607030811
201607030812
201607040101
201607040102
201607040103
201607040104
201607040106
201607040107
201607040108
201607040109
201607040110
201607040111
201607040112
201607040202
201607040203
201607040204
201607040205
201607040206
201607040207
201607040208
201607040209
201607040210
201607040211
201607040212
201607040301
201607040302
201607040303
201607040305
201607040306
201607040309
201607040310
201607040311
201607040312
201607040401
201607040402
201607040403
201607040404
201607040405
201607040406
201607040408
201607040409
201607040410
201607040411
201607040412
201607040501
201607040502
201607040503
201607040504
201607040505
201607040506
201607040507
201607040508
201607040510
201607040511
201607040512
201607040602
201607040603
201607040604
201607040605
201607040606
201607040607
201607040608
201607040609
201607040610
201607040611
201607040612
201608010101
201608010102
201608010103
201608010104
201608010105
201608010106
201608010107
201608010108
201608010110
201608010111
201608010112
201608010202
201608010203
201608010204
201608010205
201608010206
201608010207
201608010208
201608010209
201608010210
201608010211
201608010212
201608010301
201608010302
201608010303
201608010304
201608010305
201608010306
201608010307
201608010308
201608010309
201608010310
201608010311
201608010312
201608010401
201608010402
201608010403
201608010405
201608010406
201608010407
201608010408
201608010409
201608010410
201608010411
201608010412
201608010501
201608010502
201608010503
201608010504
201608010505
201608010506
201608010507
201608010508
201608010509
201608010510
201608010512
201608010602
201608010603
201608010604 -
201608010605
201608010606
201608010607
201608010608
201608010609
201608010610
201608010611
201608010701
201608010702
201608010703
201608010704
201608010705
201608010706
201608010707
201608010708
201608010709
201608010710 -
201608010711
201608010712
201608010801
201608010802
201608010803
201608010804
201608010805
201608010807
201608010808
201608010809
201608010810
201608010811
201608010812
201608020101
201608020102
201608020103
201608020104
201608020105
201608020106
201608020107
201608020109
201608020110
201608020111
201608020112
201608020201
201608020202
201608020204
201608020205
201608020206 -
201608020207
201608020208
201608020209
201608020210
201608020211
201608020212
201608020301
201608020302
201608020303
201608020304
201608020305
201608020306
201608020307
201608020309
201608020310
201608020311
201608020312
201608020401
201608020402
201608020403
201608020405
201608020406
201608020407
201608020408
201608020409
201608020412
201608020501
201608020502
201608020503
201608020504
201608020505
201608020506
201608020507
201608020508
201608020509
201608020510
201608020511
201608020512
201608020601
201608020602
201608020603
201608020605
201608020606
201608020607
201608020608
201608020609
201608020610
201608020611
201608020612
201608020702
201608020703
201608020704
201608020705
201608020706
201608020707
201608020708
201608020709
201608020710
201608020711
201608020712
201608020801
201608020802
201608020804
201608020805
201608020807
201608020808
201608020809
201608020810
201608020811
201608020812
201608030101
201608030102
201608030103
201608030104
201608030105
201608030106
201608030107
201608030108
201608030109
201608030110
201608030111
201608030112
201608030201
201608030202
201608030203
201608030205
201608030206
201608030207
201608030208
201608030209 -
201608030210
201608030211
201608030212
201608030302
201608030303
201608030304
201608030305
201608030306
201608030307
201608030308
201608030309
201608030310
201608030312
201608030401
201608030402
201608030403
201608030404
201608030405
201608030406
201608030407
201608030408
201608030410
201608030411
201608030412
201608030502
201608030504
201608030505
201608030506
201608030507
201608030508
201608030509
201608030510
201608030511
201608030512
201608030601
201608030602
201608030603
201608030605 -
201608030606
201608030607
201608030608
201608030609 -
201608030610
201608030611
201608030701
201608030702
201608030703
201608030704
201608030705
201608030706
201608030707
201608030708
201608030709
201608030711
201608030712
201608030803
201608030804
201608030805
201608030806
201608030807
201608030809
201608030810
201608030811
201608030812
201608030903
201608030904
201608030905
201608030906
201608030907
201608030908
201608030909
201608030910
201608030911
201608030912
201608031001
201608031003
201608031004
201608031005
201608031006
201608031007
201608031008
201608031009
201608031010
201608031011
201608031012
201608031101
201608031103
201608031105
201608031106
201608031107
201608031108
201608031109
201608031111
201608031112
201608031201
201608031202
201608031203
201608031205
201608031206
201608031207
201608031208
201608031209
201608031210
201608031211
201608031212
201608040101
201608040102
201608040103
201608040104
201608040105
201608040106
201608040107
201608040108
201608040109
201608040110
201608040111
201608040201
201608040202
201608040203
201608040205
201608040206
201608040207
201608040208
201608040209
201608040210
201608040211
201608040212
201608040301
201608040302
201608040303
201608040305
201608040306
201608040307
201608040308
201608040309
201608040310
201608040311
201608040402
201608040403
201608040404
201608040405
201608040406
201608040407
201608040408
201608040409
201608040410 -
201608040411
201608040412
201608040501
201608040503
201608040505
201608040506
201608040507
201608040508
201608040509
201608040510 -
201608040511
201608040512
201608040601
201608040602
201608040604
201608040605
201608040606
201608040607
201608040608
201608040610
201608040611
201608040612
201608040701
201608040702
201608040703
201608040704
201608040705
201608040706
201608040707
201608040708
201608040709
201608040710
201608040711
201608040712
201608040801
201608040802
201608040803
201608040804
201608040805
201608040806 -
201608040807
201608040808
201608040809
201608040810
201608040811
201608040812
201608040902
201608040904
201608040905
201608040906
201608040907
201608040908
201608040909
201608040910
201608040911
201608040912
201608050103
201608050104 -
201608050105
201608050106
201608050107
201608050108
201608050109
201608050110
201608050111
201608050112
201608050201
201608050202
201608050203
201608050204
201608050205
201608050206
201608050207
201608050208
201608050209
201608050210
201608050211
201608050212
201608050301
201608050302
201608050303
201608050304
201608050305
201608050306
201608050307
201608050309
201608050310
201608050311
201608050312
201608050401
201608050402
201608050403
201608050404
201608050405
201608050406
201608050407
201608050409
201608050410
201608050411
201608050412
201608050501
201608050502
201608050503
201608050504
201608050505
201608050507
201608050508
201608050509
201608050510 -
201608050511
201608050512
201608050602
201608050603
201608050604
201608050605
201608050606
201608050607
201608050608
201608050609
201608050610
201608050611
201608050612
201608050702
201608050703
201608050704
201608050705
201608050707
201608050708
201608050709
201608050710
201608050711
201608050712
201608050801
201608050802
201608050803
201608050804
201608050805
201608050806
201608050807
201608050809
201608050811
201608050812
201609010102
201609010103
201609010104
201609010105
201609010107
201609010108
201609010109
201609010110
201609010202
201609010203
201609010205
201609010207
201609010208
201609010209
201609010210
201609010211
201609010212
201609010301
201609010303
201609010304
201609010305
201609010306
201609010307
201609010308
201609010309
201609010310
201609010311
201609010312
201609010401
201609010402
201609010403
201609010404
201609010405
201609010406 -
201609010407 -
201609010408 -
201609010409
201609010411
201609010412
201609010501
201609010502
201609010503
201609010504
201609010505
201609010506 -
201609010507
201609010509 -
201609010510
201609010511
201609010601
201609010603
201609010604
201609010605
201609010606
201609010607
201609010609
201609010610
201609010611
201609010612
201609010701
201609010702
201609010703
201609010704
201609010705
201609010706 -
201609010707
201609010708
201609010709
201609010710
201609010711
201609010712
201609010801
201609010803
201609010804
201609010805
201609010806
201609010807
201609010808
201609010809
201609010810
201609010811
201609010812
201609020101
201609020102
201609020103
201609020106
201609020107
201609020108
201609020109
201609020110
201609020111
201609020112
201609020201
201609020202
201609020204
201609020206
201609020207
201609020208
201609020209 -
201609020210
201609020211
201609020212
201609020301
201609020302
201609020303
201609020304
201609020305
201609020306
201609020307
201609020309
201609020311
201609020312
201609020401
201609020402
201609020403
201609020404
201609020406
201609020407
201609020408
201609020409
201609020410
201609020411
201609020412
201609020501
201609020502
201609020503
201609020504
201609020505
201609020506
201609020507
201609020508
201609020509
201609020510
201609020511
201609020512
201609020601
201609020603
201609020604
201609020606
201609020607
201609020608
201609020609
201609020610
201609020611
201609020612
201609020701
201609020702
201609020703
201609020704
201609020705
201609020706
201609020707
201609020708
201609020709
201609020710
201609020711
201609020712
201609020801
201609020804
201609020805
201609020806
201609020807
201609020808
201609020809
201609020811
201609020812
201609030101
201609030102
201609030103
201609030104
201609030105
201609030106
201609030108
201609030109
201609030110
201609030111
201609030202
201609030204
201609030205
201609030206
201609030207 -
201609030208
201609030209
201609030210
201609030211 -
201609030212
201609030302
201609030303
201609030305
201609030307
201609030308
201609030309
201609030310
201609030311
201609030312
201609030401
201609030402
201609030403
201609030405
201609030406
201609030407
201609030408
201609030409
201609030410
201609030411
201609030412
201609030502
201609030503
201609030504
201609030505
201609030507
201609030508
201609030509
201609030510 -
201609030511
201609030512
201609030601
201609030602
201609030604
201609030605
201609030606
201609030607
201609030608
201609030609
201609030610
201609030611
201609030612
201609030701
201609030702
201609030705
201609030706
201609030707
201609030708
201609030709
201609030710
201609030711
201609030712
201609030801
201609030802
201609030803
201609030804
201609030805
201609030807
201609030808
201609030809
201609030810
201609030811
201609030812
201609040101
201609040102
201609040103
201609040104
201609040105
201609040106
201609040107
201609040108
201609040109 -
201609040110
201609040111
201609040112
201609040201
201609040203
201609040204 -
201609040205
201609040206
201609040207
201609040208
201609040209
201609040210 -
201609040211
201609040212
201609040302
201609040303
201609040304
201609040306
201609040308
201609040309 -
201609040310
201609040311
201609040312
201609040401
201609040402
201609040403
201609040405 -
201609040406
201609040407
201609040408
201609040409
201609040410
201609040411
201609040412
201609040502
201609040503
201609040504
201609040505
201609040506
201609040507
201609040508
201609040509
201609040510
201609040511
201609040512
201609040601
201609040602
201609040603
201609040606
201609040607
201609040608
201609040609
201609040610
201609040612
201609040701
201609040702
201609040703
201609040704
201609040707
201609040708
201609040709
201609040710
201609040711
201609040712
201609040801
201609040804 -
201609040806
201609040807
201609040808
201609040809
201609040810
201609040812
201609050101
201609050102
201609050103
201609050104
201609050106
201609050107
201609050108
201609050109
201609050110
201609050111
201609050112
201609050201
201609050202
201609050203
201609050205
201609050206
201609050207
201609050208
201609050209
201609050210
201609050211
201609050212
201609050301
201609050302
201609050303
201609050304
201609050305 -
201609050306 -
201609050307 -
201609050308
201609050309
201609050310
201609050311
201609050312
201609050401
201609050402
201609050403
201609050404
201609050405 -
201609050406
201609050407
201609050408
201609050409
201609050410
201609050411
201609050412
201609050501
201609050502
201609050503
201609050504
201609050505
201609050506
201609050509
201609050510
201609050511
201609050512
201609050601
201609050602
201609050603
201609050604
201609050605
201609050606
201609050607
201609050608
201609050609
201609050610
201609050611
201609050612
201609050702
201609050703
201609050704
201609050705
201609050708
201609050709
201609050710
201609050711
201609050712
201609050801
201609050802
201609050803
201609050805
201609050806
201609050807
201609050808
201609050809
201609050810
201609050812
201609050901
201609050902
201609050904
201609050905
201609050906 -
201609050907
201609050908
201609050909
201609050911
201609050912
201610010101
201610010103
201610010104
201610010105
201610010106
201610010107
201610010108
201610010110
201610010111
201610010112
201610010201
201610010202
201610010203
201610010204
201610010205
201610010206
201610010207
201610010208
201610010209
201610010210
201610010211
201610010212
201610010301
201610010302
201610010303
201610010304
201610010305
201610010306
201610010308
201610010309
201610010310
201610010311
201610010312
201610010401
201610010402
201610010403
201610010404
201610010405
201610010406
201610010407
201610010408
201610010409
201610010410
201610010411
201610010412
201610010502
201610010503
201610010504
201610010505
201610010506
201610010507
201610010508
201610010509
201610010510
201610010511
201610010512
201610010601
201610010602
201610010605
201610010606
201610010607
201610010608
201610010609
201610010610
201610010611
201610010612
201610010701
201610010702
201610010703
201610010704
201610010705
201610010706
201610010707
201610010708
201610010709
201610010710
201610010711
201610010712
201610010801
201610010802
201610010803
201610010804
201610010806
201610010807
201610010808
201610010809
201610010810
201610010811
201610010812
201610020101
201610020102
201610020103
201610020104
201610020105
201610020106
201610020107
201610020109
201610020111
201610020112
201610020201
201610020202
201610020203
201610020204
201610020205
201610020206
201610020207
201610020208
201610020209
201610020210
201610020211
201610020212
201610020301
201610020302
201610020303
201610020304
201610020305
201610020306
201610020307
201610020308
201610020309
201610020311
201610020312
201610020405
201610020406
201610020407
201610020409
201610020410
201610020411
201610020412
201610020502
201610020503
201610020505
201610020507
201610020508
201610020509 -
201610020510
201610020512
201610020601
201610020602
201610020603
201610020605
201610020606
201610020607
201610020608
201610020609
201610020610
201610020611
201610020612
201610020702
201610020703
201610020704 -
201610020705
201610020706
201610020707
201610020708
201610020709
201610020710
201610020711
201610020712
201610020801
201610020802
201610020803
201610020804
201610020805
201610020806 -
201610020807
201610020808
201610020809 -
201610020810
201610020812
201610020901
201610020902
201610020903
201610020904
201610020905
201610020906
201610020907
201610020908
201610020909
201610020910 -
201610020912
201610021001
201610021002
201610021003
201610021004 -
201610021005
201610021006
201610021008
201610021009
201610021010
201610021011
201610021012
201610021101
201610021103
201610021104 -
201610021106
201610021107
201610021108
201610021109
201610021110
201610021111
201610021112
201610021201
201610021202
201610021204
201610021205
201610021206
201610021207
201610021208
201610021209
201610021210
201610021211
201610021212
201701010102
201701010103
201701010104
201701010105
201701010106
201701010107
201701010108
201701010109
201701010111
201701010112 -
201701010202
201701010203
201701010204
201701010206
201701010207
201701010208
201701010209
201701010210
201701010211
201701010212
201701010301 -
201701010302
201701010303
201701010304
201701010305
201701010307
201701010308
201701010309
201701010310
201701010311
201701010312
201701010401
201701010402
201701010404
201701010406
201701010407
201701010408
201701010410
201701010411
201701010501
201701010502
201701010503
201701010504
201701010505
201701010507
201701010509
201701010510
201701010511
201701010512
201701010601
201701010602
201701010603
201701010604
201701010607
201701010608
201701010609
201701010610
201701010611
201701020101 -
201701020102
201701020103
201701020104
201701020105
201701020106
201701020107
201701020108
201701020109
201701020110
201701020111
201701020112
201701020201
201701020203
201701020204
201701020205
201701020206
201701020207
201701020208
201701020209
201701020210 -
201701020211
201701020301
201701020302
201701020304
201701020305
201701020306
201701020307
201701020308
201701020309
201701020310
201701020311
201701020312
201701020401
201701020402
201701020403
201701020406
201701020407
201701020408
201701020409
201701020410
201701020411
201701020412
201701020502
201701020503
201701020504
201701020505
201701020506
201701020507
201701020508
201701020509
201701020510
201701020511
201701020512
201701020601
201701020602
201701020603
201701020604
201701020606
201701020607
201701020608
201701020609
201701020610
201701020611
201701020612
201702010101
201702010102
201702010104
201702010105
201702010106
201702010107
201702010108
201702010110
201702010111
201702010202
201702010203
201702010205 -
201702010206
201702010207
201702010208
201702010209
201702010210
201702010211
201702010212
201702010301
201702010302
201702010303
201702010304
201702010305
201702010306 -
201702010307
201702010308
201702010309
201702010310
201702010311
201702010312
201702010401
201702010405
201702010406
201702010407
201702010408
201702010409
201702010410
201702010411
201702010412
201702010501
201702010502
201702010503
201702010504
201702010505
201702010506
201702010507 -
201702010508
201702010509
201702010510
201702010511
201702010512
201702010601
201702010602
201702010603
201702010604
201702010606
201702010608
201702010610
201702010611 -
201702010612
201702020102
201702020103
201702020104
201702020105 -
201702020106 -
201702020107
201702020108
201702020109
201702020110
201702020111 -
201702020112
201702020201 -
201702020202
201702020203
201702020204
201702020205 -
201702020206
201702020207
201702020208
201702020209
201702020210
201702020211
201702020212 -
201702020301
201702020302
201702020303
201702020305 -
201702020306
201702020307
201702020308
201702020309
201702020310 -
201702020311
201702020312
201702020401
201702020402
201702020403
201702020404
201702020405
201702020406
201702020407
201702020408
201702020409 -
201702020410
201702020411
201702020412
201702020502
201702020503
201702020504
201702020505
201702020506
201702020507
201702020508
201702020509
201702020510
201702020511
201702020512
201702020601
201702020602
201702020603
201702020604
201702020606
201702020607
201702020608
201702020609
201702020610
201702020612
201703010101
201703010102
201703010103
201703010104
201703010106
201703010107
201703010108
201703010109
201703010110
201703010111
201703010112
201703010201
201703010202
201703010203
201703010205
201703010206
201703010207
201703010208
201703010209
201703010210
201703010211
201703010212
201703010301
201703010302
201703010303
201703010304
201703010305
201703010306
201703010307
201703010308
201703010309
201703010310
201703010311
201703010312
201703010402
201703010403
201703010405
201703010406
201703010407
201703010408
201703010409
201703010410
201703010411
201703010412
201703010501
201703010502
201703010503
201703010505
201703010507
201703010508
201703010509
201703010510
201703010511
201703010512
201703010601
201703010602
201703010603
201703010604
201703010605
201703010606
201703010607
201703010608
201703010609
201703010610
201703010611
201703010612
201703020101
201703020102
201703020103
201703020104
201703020105
201703020106
201703020107
201703020108
201703020109
201703020110
201703020112
201703020201
201703020202
201703020203
201703020205
201703020207
201703020208
201703020209
201703020210
201703020211
201703020212
201703020302
201703020303
201703020305
201703020306
201703020307
201703020308
201703020309
201703020310
201703020311
201703020312
201703020402
201703020403
201703020404
201703020406
201703020407
201703020408
201703020409
201703020410
201703020411
201703020412
201703020501
201703020502
201703020503
201703020504
201703020505
201703020506
201703020507
201703020509
201703020510
201703020511
201703020512
201703020601
201703020603
201703020604
201703020605
201703020606
201703020607
201703020608
201703020609
201703020611
201703020612
201703020702
201703020703
201703020705
201703020706
201703020707
201703020708
201703020709
201703020710
201703020711
201703020712
201703020801
201703020802
201703020803
201703020804
201703020805
201703020806
201703020807
201703020808
201703020809
201703020810
201703020811 -
201703020812
201703030101
201703030102
201703030103
201703030105
201703030106
201703030107
201703030108
201703030110
201703030111
201703030112
201703030201
201703030202
201703030203
201703030204
201703030205
201703030206
201703030207
201703030208
201703030209 -
201703030210
201703030211
201703030212
201703030301
201703030302
201703030303
201703030305
201703030306
201703030307
201703030308
201703030311
201703030312
201703030401
201703030402
201703030403
201703030406
201703030407
201703030408
201703030409
201703030410
201703030412
201703030501
201703030502
201703030503
201703030504
201703030506
201703030507
201703030509
201703030510
201703030511
201703030512
201703030602
201703030605
201703030606
201703030607
201703030608
201703030609
201703030610
201703030611
201703030612
201704010101
201704010102
201704010105
201704010106
201704010107
201704010108
201704010109
201704010110
201704010111
201704010112
201704010201
201704010202
201704010203
201704010204
201704010206
201704010207
201704010208
201704010209
201704010210
201704010212
201704010302
201704010303
201704010304
201704010307
201704010308
201704010309
201704010310
201704010311
201704010312
201704010402
201704010403
201704010404
201704010405
201704010406
201704010407
201704010408
201704010409
201704010410
201704010411
201704010412
201704010501
201704010502
201704010503
201704010504
201704010505
201704010506
201704010507
201704010508
201704010509
201704010510
201704010511
201704010512
201704010601
201704010602
201704010603
201704010604
201704010605
201704010607
201704010611
201704010612
201704010701
201704010702
201704010703
201704010705
201704010707
201704010708
201704010709
201704010710
201704010711
201704010712
201704010802
201704010803
201704010804
201704010805
201704010806
201704010807
201704010808
201704010809
201704010810
201704010811
201704020101
201704020102
201704020104
201704020105
201704020106
201704020107
201704020108
201704020109
201704020110
201704020111
201704020201
201704020202
201704020203
201704020204
201704020205
201704020206
201704020207
201704020208
201704020209
201704020210
201704020211
201704020212
201704020301
201704020302
201704020303
201704020304
201704020305
201704020306
201704020307
201704020308
201704020309
201704020310
201704020311
201704020312
201704020401
201704020402
201704020403
201704020404
201704020405
201704020406
201704020407
201704020408
201704020409
201704020410
201704020412
201704020501
201704020502
201704020505
201704020506
201704020507
201704020508
201704020509
201704020510
201704020511
201704020512
201704020601
201704020602
201704020603
201704020604
201704020605
201704020606
201704020607
201704020608
201704020609
201704020610
201704020611
201704020702
201704020703
201704020704
201704020705
201704020706
201704020707
201704020708
201704020709
201704020710
201704020711 -
201704020712
201704020801
201704020802
201704020803
201704020805
201704020806
201704020807
201704020809
201704020811
201704020812
201704020901
201704020902
201704020903
201704020905
201704020906
201704020907
201704020909
201704020910
201704020912
201704021001
201704021003
201704021005
201704021006
201704021007
201704021008
201704021009
201704021010
201704021011
201704021012
201704021101
201704021102
201704021103
201704021104
201704021105
201704021106
201704021107
201704021108
201704021110
201704021111
201704021112
201704021201
201704021202
201704021203
201704021205
201704021206
201704021207
201704021208
201704021209
201704021210
201704021211
201704021212
201704030101
201704030103
201704030105
201704030106
201704030107
201704030108
201704030109
201704030110
201704030112
201704030201
201704030202
201704030203
201704030204
201704030205
201704030206
201704030207
201704030208
201704030209
201704030210
201704030211
201704030212
201704030302
201704030303
201704030304
201704030305
201704030306
201704030307
201704030308
201704030309
201704030310
201704030311
201704030312
201704030401
201704030402
201704030403
201704030408
201704030409
201704030410
201704030411
201704030412
201704030501
201704030502
201704030503
201704030504
201704030505
201704030506
201704030507
201704030508
201704030509
201704030510
201704030511
201704030512
201704030601
201704030602
201704030603
201704030604
201704030605
201704030606
201704030607
201704030608
201704030609
201704030610
201704030611
201704030612
201705010102
201705010103
201705010104
201705010105
201705010106
201705010107
201705010109
201705010110
201705010111
201705010112
201705010201
201705010202
201705010203
201705010204
201705010205
201705010206
201705010207
201705010209
201705010210
201705010211
201705010212
201705010301
201705010302
201705010303
201705010304
201705010305
201705010306
201705010307
201705010308
201705010309 -
201705010310
201705010311
201705010312
201705010401
201705010402
201705010403
201705010404
201705010405
201705010406
201705010407
201705010408
201705010410
201705010411
201705010412
201705010501
201705010502
201705010503
201705010504
201705010505
201705010506
201705010507
201705010508
201705010509
201705010510
201705010511
201705010512
201705010601
201705010602
201705010603
201705010604
201705010605
201705010606
201705010607
201705010608
201705010609
201705010610
201705010611
201705010612
201705010702
201705010703
201705010704
201705010705
201705010706
201705010707
201705010708
201705010709
201705010712
201705010801
201705010802
201705010803
201705010804
201705010805
201705010806
201705010807
201705010808
201705010809
201705010810
201705010811
201705010812
201705020101
201705020102
201705020103
201705020104
201705020105
201705020106
201705020107
201705020108
201705020109
201705020110
201705020111
201705020112
201705020201
201705020202
201705020203
201705020204
201705020205
201705020206 -
201705020207
201705020208
201705020209
201705020210
201705020211
201705020212
201705020301
201705020302
201705020303
201705020304
201705020305
201705020306
201705020307
201705020308
201705020309
201705020310
201705020311
201705020312
201705020401
201705020403
201705020404
201705020405
201705020406
201705020407
201705020408
201705020409
201705020410
201705020411
201705020412
201705020501
201705020502
201705020503
201705020505 -
201705020506
201705020507
201705020508
201705020509
201705020511
201705020512
201705020601
201705020602
201705020604
201705020605
201705020606
201705020607
201705020608
201705020609
201705020610
201705020611
201705020612
201705020701
201705020703
201705020704
201705020705
201705020706
201705020707
201705020708
201705020709
201705020710
201705020711
201705020712
201705020801
201705020802
201705020803
201705020804
201705020805
201705020806
201705020807
201705020808
201705020809 -
201705020811
201705020812
201705020901
201705020902
201705020903
201705020904
201705020905
201705020906
201705020907
201705020908
201705020909
201705020910
201705020911
201705020912
201705021001
201705021002
201705021003
201705021006
201705021009
201705021010
201705021011
201705021012
201705021101
201705021102
201705021103
201705021104
201705021105
201705021106
201705021107
201705021108
201705021109
201705021110
201705021111
201705021112
201705021202
201705021203
201705021204
201705021206
201705021207
201705021208
201705021209
201705021210
201705021211
201705021212
201705030101
201705030102
201705030103
201705030105
201705030106
201705030107
201705030108
201705030109
201705030110 -
201705030111
201705030112
201705030201
201705030202
201705030203
201705030204
201705030205
201705030207
201705030208
201705030209
201705030210
201705030211
201705030212
201705030301
201705030302
201705030303
201705030305
201705030306
201705030307
201705030308
201705030309
201705030310
201705030311
201705030312
201705030401
201705030402
201705030403
201705030404
201705030405
201705030406
201705030407
201705030408
201705030409
201705030410
201705030411
201705030412
201705030502
201705030503
201705030504
201705030506
201705030507
201705030508
201705030509
201705030511
201705030512
201705030601
201705030602
201705030603
201705030604
201705030605
201705030608
201705030609
201705030610
201705030611
201705030612
201705030701
201705030702
201705030703
201705030704
201705030705
201705030706
201705030707
201705030708
201705030709
201705030710
201705030711
201705030712
201705030801
201705030802
201705030805
201705030806
201705030807
201705030808
201705030809 -
201705030810
201705030811
201705030812
201705040101
201705040102
201705040103
201705040105
201705040106
201705040107
201705040108
201705040109
201705040110
201705040111
201705040112
201705040201
201705040202
201705040203
201705040204
201705040205
201705040206
201705040208 -
201705040209
201705040210
201705040211
201705040212
201705040301
201705040302
201705040303
201705040304
201705040306
201705040307
201705040308
201705040309
201705040310
201705040311
201705040312
201705040401
201705040402
201705040403
201705040404
201705040405
201705040406
201705040407
201705040408
201705040409
201705040410
201705040411
201705040412
201705040501
201705040502
201705040503
201705040504
201705040505
201705040506
201705040508 -
201705040509
201705040510
201705040511
201705040512
201705040601
201705040602
201705040603
201705040604
201705040605
201705040606
201705040607
201705040608
201705040610
201705040611
201705040612
201705040702
201705040703
201705040704
201705040705
201705040706
201705040708
201705040709 -
201705040710 -
201705040711
201705040801
201705040802
201705040803
201705040805
201705040806 -
201705040807
201705040809
201705040810
201705040811
201705040812
201705040901
201705040902
201705040903
201705040904
201705040905
201705040906
201705040909
201705040910
201705040911
201705040912
201705050101
201705050103
201705050104
201705050105
201705050106
201705050107
201705050108
201705050109
201705050110
201705050111
201705050112
201705050201
201705050202
201705050203
201705050204
201705050205
201705050207
201705050208
201705050209 -
201705050210
201705050211
201705050212
201705050302
201705050303
201705050304
201705050305
201705050306
201705050307
201705050308
201705050309
201705050310
201705050311
201705050312
201705050401
201705050402
201705050403
201705050404
201705050405
201705050406
201705050407
201705050408
201705050409
201705050410
201705050412
201705050501
201705050502
201705050503
201705050504
201705050505
201705050506
201705050507
201705050508
201705050509
201705050510
201705050512
201705050601
201705050602
201705050603
201705050604
201705050606
201705050607
201705050608
201705050609
201705050610
201705050611
201705050612
201705050701
201705050702
201705050703
201705050704
201705050705
201705050706
201705050707
201705050708
201705050710
201705050711
201705050712
201705050801
201705050802
201705050803
201705050804
201705050805
201705050806
201705050807
201705050808
201705050809
201705050810
201705050811
201706010101
201706010103
201706010104
201706010105
201706010106
201706010107
201706010108
201706010109
201706010110
201706010111
201706010112
201706010201
201706010202
201706010203
201706010204
201706010205
201706010206
201706010207
201706010209
201706010211
201706010212
201706010301
201706010302
201706010303
201706010304
201706010305
201706010306
201706010307
201706010308
201706010309
201706010310
201706010311
201706010312
201706010401
201706010402
201706010403
201706010404
201706010405
201706010406
201706010407
201706010408
201706010409
201706010410
201706010411
201706010412
201706010501
201706010502
201706010503
201706010504
201706010506
201706010507
201706010508
201706010509
201706010510
201706010511
201706010512
201706010602
201706010603
201706010604
201706010605
201706010606
201706010607
201706010608
201706010609
201706010610
201706010611
201706010612
201706010701
201706010702
201706010703
201706010705
201706010706
201706010707
201706010708
201706010709
201706010710
201706010712
201706020102
201706020103
201706020105
201706020106
201706020107
201706020108
201706020109
201706020110
201706020111
201706020112
201706020201
201706020202
201706020203
201706020204
201706020205
201706020206
201706020207
201706020208
201706020209
201706020210
201706020211
201706020212
201706020301
201706020302
201706020303
201706020304
201706020306
201706020307
201706020308
201706020309 -
201706020310
201706020311
201706020312
201706020401
201706020402
201706020403
201706020405
201706020407
201706020408
201706020409
201706020410
201706020411
201706020412
201706020501
201706020502
201706020503
201706020504
201706020506
201706020507
201706020508
201706020509
201706020510
201706020511
201706020512
201706020601
201706020602
201706020604
201706020605
201706020606
201706020607
201706020608
201706020609
201706020610
201706020611
201706020612
201706020701
201706020702
201706020703
201706020705
201706020706
201706020707
201706020708
201706020709
201706020710
201706020711
201706020712
201706020801
201706020802
201706020803
201706020804
201706020805
201706020806
201706020809
201706020810
201706020811
201706020812
201706030102
201706030103
201706030104
201706030105
201706030107
201706030108
201706030109 -
201706030110
201706030111
201706030201
201706030203
201706030204
201706030205
201706030206
201706030207
201706030208
201706030209
201706030210
201706030211
201706030212
201706030301
201706030302
201706030303
201706030304
201706030305
201706030306
201706030307
201706030308
201706030309
201706030310
201706030311
201706030312
201706030401
201706030402
201706030403
201706030405
201706030406
201706030408
201706030409
201706030411
201706030412
201706030501
201706030503
201706030504
201706030505
201706030506
201706030508
201706030509
201706030510
201706030511
201706030512
201706030602
201706030603
201706030604
201706030605
201706030606
201706030607
201706030608
201706030609
201706030610
201706030611
201706030612
201706030701
201706030702
201706030703
201706030704
201706030705
201706030706
201706030707
201706030708
201706030710
201706030711
201706030712
201706030801
201706030802
201706030803
201706030804
201706030805
201706030806
201706030807
201706030809
201706030810
201706030811
201706030812
201706040101
201706040102
201706040103
201706040105
201706040107
201706040108
201706040109 -
201706040110
201706040111
201706040112
201706040201
201706040202 -
201706040203
201706040204
201706040205
201706040206
201706040207
201706040208
201706040209
201706040210
201706040212
201706040301
201706040302
201706040303
201706040304
201706040305
201706040306
201706040307
201706040308
201706040309
201706040310
201706040311
201706040312
201706040401
201706040403
201706040404
201706040405
201706040407
201706040409
201706040410
201706040411
201706040412
201706040502
201706040503
201706040504
201706040505
201706040506
201706040507
201706040508
201706040509
201706040510
201706040511
201706040512
201706040602
201706040603
201706040604
201706040605
201706040606
201706040607
201706040609 -
201706040610
201706040612
201706040702
201706040703
201706040704
201706040705
201706040706
201706040707
201706040708
201706040709 -
201706040710
201706040711
201706040712
201706040801
201706040802
201706040803
201706040805
201706040806
201706040808
201706040809
201706040810
201706040811
201706040901
201706040903
201706040904
201706040905
201706040906
201706040907
201706040908
201706040909
201706040910
201706040911
201706050101
201706050102
201706050103
201706050104
201706050105
201706050106
201706050107
201706050108
201706050109
201706050110
201706050112
201706050201
201706050202
201706050203
201706050204
201706050205
201706050206 -
201706050207
201706050208
201706050209
201706050210
201706050211
201706050212
201706050301
201706050302
201706050303
201706050304
201706050306
201706050307
201706050308
201706050309
201706050310
201706050311
201706050312
201706050401
201706050402
201706050403
201706050404
201706050405
201706050406
201706050407
201706050408
201706050409
201706050410
201706050411
201706050412
201706050501
201706050502
201706050503
201706050505
201706050506
201706050507
201706050508
201706050509
201706050510
201706050511
201706050512
201706050601
201706050602
201706050603
201706050604
201706050605
201706050606
201706050607
201706050608
201706050609
201706050610
201706050611
201706050612
201706050701
201706050702
201706050703
201706050704
201706050705
201706050706
201706050707
201706050708
201706050709
201706050711
201706050712
201706050801
201706050802
201706050803
201706050804
201706050805
201706050806
201706050807
201706050808
201706050809
201706050810
201706050811
201706050812
201706050901
201706050902
201706050903
201706050904
201706050906
201706050907
201706050908
201706050909
201706050910
201706050912
201707010101
201707010102
201707010103
201707010105
201707010107
201707010108
201707010109
201707010110
201707010111
201707010112
201707010202
201707010203
201707010205
201707010206
201707010207
201707010208
201707010210
201707010211
201707010212
201707010302
201707010303
201707010304
201707010306
201707010307
201707010308
201707010310
201707010311
201707010312
201707010401
201707010403
201707010404
201707010405
201707010406
201707010407
201707010408
201707010409
201707010410
201707010411
201707010412
201707010501
201707010502
201707010503
201707010504
201707010505
201707010506
201707010507
201707010508
201707010509
201707010510
201707010511
201707010512
201707010601
201707010602
201707010603
201707010606
201707010607
201707010608
201707010609
201707010610
201707010611
201707010612
201707020101
201707020102
201707020103
201707020104
201707020105
201707020106
201707020107
201707020108
201707020109
201707020111
201707020112
201707020201
201707020202
201707020203
201707020204
201707020205
201707020206
201707020208
201707020209
201707020210
201707020211
201707020212
201707020301
201707020302
201707020303
201707020304
201707020305
201707020307
201707020308
201707020309
201707020310
201707020311
201707020312
201707020401
201707020402
201707020403
201707020405
201707020406
201707020407
201707020408
201707020409
201707020410
201707020411
201707020412
201707020501
201707020502
201707020503
201707020504
201707020505
201707020506
201707020507
201707020508
201707020509
201707020510 -
201707020511
201707020512
201707020601
201707020602
201707020603
201707020604
201707020605
201707020606
201707020607
201707020608
201707020609
201707020610
201707020611
201707020612
201707030102
201707030103
201707030104
201707030105
201707030106
201707030107
201707030108
201707030109
201707030110
201707030111
201707030112
201707030201
201707030202
201707030203
201707030205
201707030206
201707030207
201707030208
201707030209
201707030210
201707030211
201707030212
201707030301
201707030302
201707030303
201707030304
201707030305 -
201707030306
201707030308
201707030309
201707030310
201707030311
201707030312
201707030401
201707030402
201707030403
201707030404
201707030405
201707030406
201707030407
201707030408
201707030409
201707030411
201707030412
201707030501
201707030502
201707030503
201707030505
201707030507
201707030508
201707030509
201707030511
201707030601
201707030602
201707030603
201707030604
201707030605
201707030607
201707030609
201707030610
201707030612
201707030701
201707030702
201707030703
201707030704
201707030706
201707030707
201707030709 -
201707030710
201707030711
201707030712
201707030802
201707030803
201707030804
201707030806
201707030807
201707030808
201707030809
201707030811
201707040101
201707040102
201707040104
201707040105
201707040106
201707040107
201707040108
201707040109
201707040111
201707040112
201707040201
201707040202
201707040203
201707040204
201707040205
201707040206
201707040207
201707040209
201707040210
201707040212
201707040301
201707040302
201707040303
201707040305
201707040306
201707040308
201707040309
201707040310
201707040311
201707040312
201707040401
201707040402
201707040405
201707040406
201707040407
201707040408
201707040409
201707040410 -
201707040411
201707040412
201707040501
201707040502
201707040503
201707040504
201707040505
201707040506
201707040507
201707040508
201707040509
201707040510
201707040511
201707040512
201707040601
201707040602
201707040603
201707040605
201707040608
201707040609
201707040610
201707040611
201707040612
201708010101
201708010102
201708010103
201708010104
201708010105
201708010106
201708010107
201708010108
201708010109
201708010110
201708010111
201708010112
201708010201
201708010202
201708010203
201708010206
201708010207
201708010208
201708010209
201708010210
201708010211
201708010212
201708010303
201708010304
201708010306
201708010307
201708010308
201708010309
201708010311
201708010312
201708010402
201708010403
201708010404
201708010405
201708010406
201708010407
201708010409
201708010410
201708010411
201708010412
201708010501
201708010502
201708010503
201708010504
201708010505
201708010506
201708010507
201708010508
201708010509
201708010510
201708010511
201708010512
201708010601
201708010602
201708010603
201708010604
201708010605
201708010606
201708010607
201708010608
201708010609
201708010610 -
201708010611
201708010612
201708010701
201708010702
201708010703
201708010704
201708010705
201708010706
201708010707
201708010708
201708010709
201708010710
201708010711
201708010712
201708020102
201708020103
201708020104
201708020105
201708020106
201708020107
201708020108
201708020110
201708020111
201708020112
201708020201
201708020202
201708020203
201708020205
201708020206
201708020207
201708020208
201708020209
201708020210
201708020211
201708020212
201708020302
201708020303
201708020304
201708020305
201708020306
201708020307
201708020308
201708020309
201708020310
201708020311
201708020312
201708020401
201708020403
201708020404
201708020405
201708020406
201708020407
201708020408
201708020409
201708020410
201708020412
201708020501
201708020502
201708020504
201708020505
201708020506
201708020508
201708020509
201708020510
201708020511
201708020512
201708020601
201708020602
201708020603
201708020605
201708020606
201708020608
201708020609 -
201708020610
201708020611
201708020701
201708020702
201708020703
201708020705
201708020706
201708020707
201708020709
201708020710
201708020711
201708020712
201708020801
201708020802
201708020803
201708020804
201708020805
201708020808
201708020810
201708020811
201708020812
201708030101
201708030102
201708030103
201708030105
201708030106
201708030107
201708030108
201708030109
201708030110
201708030111
201708030112
201708030201
201708030202
201708030203
201708030204
201708030205
201708030206
201708030207
201708030208
201708030210
201708030211
201708030212
201708030301
201708030302
201708030303
201708030304
201708030305
201708030306
201708030307
201708030308
201708030309
201708030310
201708030311
201708030312
201708030401
201708030402
201708030403
201708030404
201708030405
201708030406
201708030408
201708030409
201708030410
201708030411
201708030412
201708030501
201708030503
201708030504
201708030505
201708030506
201708030507
201708030508
201708030509
201708030510
201708030511
201708030512
201708030601
201708030602
201708030603
201708030604
201708030605
201708030606
201708030607
201708030608 -
201708030609
201708030610
201708030611
201708030612
201708030701
201708030702
201708030703
201708030704
201708030705
201708030706
201708030707
201708030708
201708030709
201708030710
201708030711
201708030712
201708030801
201708030802
201708030803
201708030804
201708030805
201708030806
201708030807
201708030808
201708030809
201708030810
201708030811
201708030812
201708030902
201708030903
201708030904
201708030906
201708030907
201708030908 -
201708030909
201708030910
201708030911
201708030912
201708031001
201708031002
201708031003
201708031004
201708031005
201708031006
201708031007
201708031008
201708031009
201708031010
201708031011
201708031012
201708031101
201708031102
201708031103
201708031104
201708031110 -
201708031111
201708031112
201708031201
201708031202
201708031203
201708031204
201708031205
201708031206
201708031207
201708031208
201708031209
201708031210
201708031211
201708031212
201708040101
201708040102
201708040105
201708040106
201708040107
201708040108
201708040109
201708040111
201708040112
201708040201
201708040202
201708040203
201708040204 -
201708040205
201708040206
201708040207
201708040208
201708040209 -
201708040210
201708040211
201708040212
201708040301
201708040302 -
201708040303
201708040305
201708040306
201708040307
201708040308
201708040309
201708040310 -
201708040311
201708040312
201708040401
201708040402
201708040403
201708040405
201708040407
201708040408
201708040409 -
201708040410
201708040411
201708040501 -
201708040502 -
201708040503
201708040504
201708040505
201708040506
201708040507 -
201708040508
201708040509 -
201708040510
201708040511
201708040512
201708040602
201708040604
201708040605
201708040606
201708040607
201708040608
201708040609 -
201708040610
201708040611
201708040612
201708040701
201708040702
201708040703
201708040704
201708040706
201708040707
201708040708
201708040709
201708040710
201708040711
201708040712
201708040801
201708040802
201708040804
201708040805
201708040806
201708040807
201708040808
201708040809 -
201708040810 -
201708040811
201708040812
201708040901
201708040902
201708040903
201708040905
201708040906 -
201708040907
201708040908
201708040909
201708040910
201708040912
201708050101
201708050102 -
201708050103
201708050104 -
201708050106
201708050107
201708050108
201708050109
201708050110
201708050111
201708050112
201708050201
201708050202
201708050204
201708050205
201708050206
201708050207
201708050208
201708050209
201708050212
201708050301
201708050302
201708050303
201708050304
201708050305
201708050306
201708050309
201708050310
201708050401
201708050402
201708050404
201708050405
201708050406
201708050407
201708050408 -
201708050409
201708050410
201708050411
201708050501
201708050502
201708050503
201708050504
201708050506
201708050507
201708050508
201708050510
201708050511
201708050512
201708050602
201708050604
201708050605 -
201708050606
201708050607
201708050608
201708050609
201708050610
201708050611
201708050612
201708050701
201708050702
201708050703
201708050704
201708050705
201708050706
201708050707
201708050708
201708050709
201708050710
201708050711
201708050712
201708050801
201708050802
201708050803
201708050804
201708050805
201708050806
201708050807
201708050808
201708050809
201708050810
201708050811
201709010101
201709010102
201709010103
201709010104
201709010105
201709010106
201709010107
201709010108
201709010110 -
201709010111
201709010112
201709010201
201709010202
201709010203
201709010205
201709010207
201709010208
201709010209 -
201709010210
201709010211
201709010212
201709010301
201709010302
201709010305
201709010306
201709010307
201709010308
201709010309
201709010311
201709010312
201709010401
201709010402
201709010403
201709010404
201709010405
201709010406
201709010409
201709010410
201709010411
201709010412
201709010501
201709010502
201709010503
201709010504
201709010505
201709010506
201709010507
201709010508
201709010509 -
201709010510
201709010511
201709010512
201709010601
201709010602
201709010603
201709010604
201709010605
201709010606
201709010607
201709010608
201709010609
201709010611
201709010612
201709010701
201709010703
201709010704
201709010705
201709010707
201709010708
201709010709
201709010710
201709010711
201709010712
201709010803
201709010804
201709010805
201709010806
201709010807
201709010808
201709010809
201709010810
201709010812
201709020101
201709020102
201709020103
201709020104
201709020106
201709020107
201709020108
201709020109
201709020110
201709020201
201709020202
201709020203
201709020206
201709020207
201709020208
201709020209
201709020210
201709020211
201709020301
201709020303
201709020304
201709020305
201709020306
201709020307
201709020308
201709020309 -
201709020310
201709020312
201709020401
201709020403
201709020404
201709020405
201709020406
201709020407
201709020408
201709020410 -
201709020411
201709020412
201709020501
201709020502
201709020503
201709020504
201709020505
201709020506
201709020507
201709020508
201709020509
201709020511
201709020512
201709020601
201709020602
201709020603
201709020604
201709020605
201709020606
201709020607
201709020608
201709020609
201709020610
201709020612
201709020701
201709020702
201709020703
201709020704
201709020705
201709020706
201709020707
201709020708
201709020709
201709020710
201709020711
201709020712
201709020801
201709020802
201709020804
201709020805
201709020806
201709020807
201709020809
201709020810
201709020811
201709020812
201709030101
201709030102
201709030103
201709030104
201709030105
201709030106
201709030108
201709030109
201709030110
201709030111
201709030112
201709030201
201709030202
201709030203
201709030205
201709030206
201709030207
201709030208
201709030209 -
201709030210
201709030211
201709030212
201709030301
201709030302
201709030303
201709030304
201709030305
201709030306
201709030307
201709030308
201709030309
201709030310
201709030311
201709030312
201709030401
201709030402
201709030403
201709030404 -
201709030405
201709030406
201709030407
201709030408
201709030409
201709030410
201709030411
201709030412
201709030501 -
201709030503
201709030504
201709030505
201709030507
201709030508
201709030509 -
201709030510
201709030511
201709030512
201709030601
201709030602
201709030603
201709030605
201709030606
201709030607
201709030608
201709030609
201709030610
201709030612
201709030701 -
201709030702
201709030703
201709030706
201709030707
201709030708
201709030709 -
201709030710
201709030711
201709030712
201709030801
201709030802
201709030803
201709030804
201709030805
201709030806
201709030807
201709030808
201709030809
201709030810
201709030811
201709030812
201709040102
201709040103 -
201709040104
201709040105
201709040106
201709040107
201709040108
201709040109
201709040110
201709040111
201709040112
201709040201
201709040202
201709040203
201709040204
201709040206
201709040207
201709040208
201709040209
201709040210 -
201709040211
201709040212
201709040301
201709040302 -
201709040303
201709040304
201709040305
201709040306
201709040307
201709040309
201709040310
201709040311
201709040312
201709040402 -
201709040403
201709040404
201709040405
201709040407
201709040408
201709040409
201709040410
201709040411
201709040412
201709040501
201709040503
201709040504
201709040505
201709040506
201709040507
201709040508
201709040509
201709040510
201709040511
201709040512
201709040602
201709040603
201709040604
201709040605
201709040607
201709040608
201709040609
201709040610
201709040611
201709040612
201709040701
201709040702
201709040703
201709040705 -
201709040706
201709040707
201709040708
201709040709
201709040710
201709040711
201709040712
201709040801
201709040802
201709040804
201709040805
201709040806 -
201709040807
201709040808
201709040809
201709040811
201709040812
201709040901
201709040902
201709040903
201709040904
201709040905
201709040906
201709040907
201709040908
201709040909 -
201709040910
201709040911
201709040912
201709050102
201709050103
201709050104
201709050106
201709050107
201709050108
201709050109 -
201709050110
201709050111
201709050112
201709050201
201709050202
201709050203
201709050205
201709050206
201709050207
201709050208
201709050209
201709050210
201709050211
201709050212
201709050301
201709050302
201709050303
201709050304
201709050305
201709050306
201709050307
201709050308
201709050309 -
201709050310
201709050311
201709050401
201709050402
201709050404
201709050405
201709050406
201709050407
201709050408
201709050410
201709050411
201709050412
201709050501
201709050502
201709050503
201709050504
201709050505
201709050506
201709050507
201709050509
201709050510
201709050511
201709050512
201709050602
201709050603
201709050604
201709050605
201709050606
201709050607
201709050608
201709050609
201709050610
201709050611
201709050612
201709050701
201709050702
201709050703
201709050704
201709050705
201709050706
201709050707
201709050708
201709050709
201709050710
201709050711
201709050712
201709050801
201709050802
201709050803
201709050804
201709050806
201709050807
201709050808
201709050809
201709050810
201709050811
201709050812
201709050901
201709050903
201709050904
201709050905
201709050906
201709050907
201709050909
201709050910
201709050911
201709050912
201710010101
201710010102
201710010103
201710010104
201710010105
201710010107
201710010108
201710010109
201710010110
201710010111
201710010112
201710010201
201710010202
201710010203
201710010204
201710010205
201710010206
201710010207
201710010208
201710010210
201710010212
201710010301
201710010302
201710010303
201710010304
201710010305
201710010306
201710010307
201710010308
201710010309
201710010310
201710010311
201710010312
201710010401
201710010402
201710010403
201710010404
201710010405
201710010406
201710010407
201710010408
201710010409
201710010410
201710010411
201710010412
201710010501
201710010502
201710010503
201710010504
201710010505
201710010506
201710010507
201710010508
201710010509
201710010510
201710010511
201710010512
201710010601
201710010602
201710010603
201710010604
201710010605
201710010606
201710010607
201710010608
201710010609
201710010610
201710010611
201710010612
201710010701
201710010702
201710010703
201710010704
201710010705
201710010706
201710010707
201710010708
201710010709
201710010710
201710010711
201710010712
201710010801
201710010802
201710010803
201710010805
201710010807
201710010808
201710010809
201710010810
201710010811
201710010812
201710020101 -
201710020102
201710020103
201710020104
201710020105
201710020106
201710020107
201710020109
201710020110
201710020112
201710020202
201710020203
201710020204
201710020205
201710020206
201710020207
201710020208
201710020209
201710020210
201710020211
201710020212
201710020301
201710020302
201710020303
201710020304
201710020305
201710020307
201710020308
201710020309
201710020310
201710020311
201710020312
201710020402
201710020403
201710020405
201710020406
201710020408
201710020409
201710020410
201710020411
201710020412
201710020501
201710020502
201710020503
201710020504
201710020505
201710020506
201710020507
201710020508
201710020509
201710020510
201710020511
201710020601
201710020602
201710020603
201710020604
201710020605 -
201710020606
201710020607
201710020608
201710020609
201710020610
201710020612
201710020701
201710020702
201710020703
201710020704 -
201710020705
201710020706
201710020707
201710020708
201710020710
201710020711
201710020712
201710020801
201710020802
201710020803
201710020804
201710020805
201710020806
201710020807
201710020808
201710020809
201710020810
201710020811
201710020812
201710020901
201710020902 -
201710020904
201710020905
201710020909
201710020910
201710020911
201710020912
201710021001 -
201710021002
201710021003
201710021004 -
201710021005
201710021006
201710021007
201710021008
201710021009
201710021010
201710021011
201710021012
201710021101
201710021102
201710021103
201710021105
201710021106
201710021107
201710021108
201710021109
201710021110
201710021111
201710021112
201710021202
201710021203
201710021204
201710021205
201710021206
201710021207
201710021208
201710021209
201710021210
201710021211
201710021212
201801010102
201801010103
201801010104
201801010105
201801010106
201801010107
201801010108
201801010110
201801010111
201801010112
201801010202
201801010203
201801010204
201801010205
201801010206
201801010207
201801010208
201801010209 -
201801010210
201801010211
201801010301
201801010302
201801010303
201801010304
201801010305
201801010306
201801010307
201801010308
201801010309
201801010310
201801010311
201801010312
201801010403
201801010405
201801010407
201801010408
201801010409
201801010411
201801010412
201801010501
201801010502 -
201801010503
201801010504
201801010505
201801010506
201801010507
201801010508
201801010509
201801010511
201801010512
201801010601
201801010603
201801010604
201801010605
201801010608
201801010610 -
201801010611
201801010612
201801020101 -
201801020102 -
201801020104
201801020105 -
201801020106
201801020107
201801020109
201801020110
201801020111
201801020112
201801020201
201801020202
201801020203
201801020204
201801020205
201801020207
201801020208
201801020210
201801020211
201801020212
201801020301 -
201801020302 -
201801020304
201801020305
201801020307
201801020308
201801020309
201801020310
201801020311
201801020312
201801020402
201801020403
201801020404
201801020408
201801020409
201801020410
201801020411
201801020412
201801020502
201801020504
201801020505
201801020506
201801020507
201801020508
201801020509
201801020510
201801020511
201801020512
201801020601
201801020602
201801020603
201801020604
201801020605
201801020606
201801020607
201801020608
201801020610
201801020611
201801020612
201802010101
201802010102
201802010103
201802010104
201802010105
201802010106
201802010107
201802010108
201802010109
201802010110
201802010111
201802010201
201802010202
201802010203
201802010204
201802010205
201802010206
201802010207
201802010208
201802010209
201802010210
201802010211
201802010301
201802010302
201802010303
201802010304
201802010305
201802010306
201802010307
201802010308
201802010309 -
201802010310
201802010311
201802010312
201802010401
201802010402
201802010403
201802010404
201802010405
201802010406
201802010407
201802010408
201802010409
201802010410
201802010411
201802010412
201802010501
201802010502
201802010503
201802010504
201802010505 -
201802010506
201802010507 -
201802010508
201802010509
201802010510
201802010511
201802010512
201802010601
201802010602
201802010603
201802010604
201802010605 -
201802010606 -
201802010607
201802010608
201802010609
201802010611
201802010612
201802020102
201802020103
201802020104
201802020105 -
201802020106 -
201802020107
201802020108
201802020109
201802020110 -
201802020111
201802020112
201802020201 -
201802020202
201802020203
201802020204
201802020206
201802020207
201802020208
201802020209
201802020210
201802020211
201802020212 -
201802020301
201802020303
201802020304
201802020305
201802020306
201802020307 -
201802020308
201802020309 -
201802020310
201802020311
201802020312
201802020401
201802020402
201802020403
201802020404
201802020405 -
201802020406
201802020407
201802020408
201802020409
201802020410
201802020411
201802020412
201802020501
201802020503
201802020504
201802020505
201802020506
201802020507
201802020508
201802020509
201802020511
201802020512
201802020601
201802020602
201802020603
201802020604
201802020605
201802020606
201802020607
201802020608
201802020609
201802020610
201802020611
201802020612
201803010101
201803010102
201803010103
201803010106
201803010107
201803010108
201803010109
201803010110
201803010111
201803010112
201803010201
201803010202
201803010203
201803010206
201803010207
201803010208
201803010209
201803010210
201803010211
201803010301
201803010302
201803010303
201803010304
201803010305
201803010306
201803010307
201803010309
201803010310
201803010312
201803010401
201803010402
201803010403
201803010406
201803010407
201803010410
201803010411
201803010412 -
201803010501
201803010502
201803010503
201803010504
201803010505
201803010506
201803010507
201803010508
201803010509
201803010510
201803010511
201803010512
201803010602
201803010603
201803010604
201803010605
201803010607
201803010608
201803010609
201803010610
201803010611
201803010612
201803020101
201803020102
201803020103
201803020104
201803020105
201803020106
201803020107
201803020108
201803020109
201803020110
201803020111
201803020112
201803020201
201803020202
201803020203
201803020204
201803020205
201803020206
201803020207
201803020209
201803020210
201803020211
201803020212
201803020301
201803020302
201803020303
201803020305
201803020306
201803020307
201803020308
201803020309
201803020310
201803020311
201803020312
201803020401
201803020402
201803020403
201803020404
201803020405
201803020406
201803020407
201803020408
201803020409
201803020410
201803020412
201803020502
201803020503
201803020504
201803020505
201803020506
201803020507
201803020508
201803020509
201803020510
201803020511
201803020512
201803020601
201803020602
201803020603
201803020607
201803020608
201803020609
201803020610
201803020611
201803020612
201803020702
201803020703
201803020704
201803020705
201803020706
201803020707
201803020708 -
201803020709
201803020710 -
201803020711
201803020712
201803020801
201803020802
201803020803
201803020804
201803020805
201803020806
201803020807
201803020808
201803020809
201803020810
201803020811
201803020812
201803030101
201803030102
201803030103
201803030104
201803030105
201803030106
201803030107
201803030108
201803030109
201803030110
201803030111
201803030112
201803030201
201803030202
201803030205
201803030207
201803030208
201803030209
201803030210
201803030211
201803030212
201803030302
201803030303
201803030304
201803030305
201803030306
201803030307
201803030308
201803030309
201803030310
201803030311
201803030312
201803030401
201803030402
201803030403
201803030405
201803030406
201803030407
201803030408
201803030409
201803030410
201803030411
201803030412
201803030501
201803030502
201803030503
201803030504
201803030505
201803030506
201803030507
201803030508
201803030509
201803030510
201803030511
201803030512
201803030601
201803030602
201803030603
201803030604
201803030605
201803030606
201803030607
201803030608
201803030609
201803030610
201803030611
201803030612
201804010101
201804010102
201804010103
201804010104
201804010105
201804010106
201804010108
201804010109
201804010110
201804010111
201804010112
201804010201
201804010202
201804010203
201804010204
201804010205
201804010206
201804010207
201804010208
201804010209
201804010210
201804010211
201804010212
201804010301
201804010302
201804010303
201804010304
201804010305
201804010306
201804010307
201804010308
201804010309
201804010310
201804010311
201804010312
201804010401
201804010402
201804010403
201804010404
201804010405
201804010406
201804010407
201804010408
201804010409
201804010410
201804010411
201804010412
201804010501
201804010502
201804010503
201804010504
201804010505
201804010506
201804010507
201804010508
201804010509
201804010510
201804010511
201804010512
201804010601
201804010602
201804010603
201804010606
201804010607
201804010608
201804010609
201804010611
201804010612
201804010702
201804010704
201804010705
201804010706
201804010707
201804010708
201804010709
201804010710
201804010711
201804010712
201804010801
201804010802
201804010803
201804010804
201804010805
201804010806
201804010807
201804010808
201804010809
201804010810
201804010811
201804010812
201804020101
201804020105
201804020106
201804020107
201804020108
201804020110
201804020111
201804020112
201804020202
201804020203
201804020204
201804020205
201804020206
201804020207
201804020208
201804020209
201804020210
201804020211
201804020212
201804020302
201804020303
201804020306
201804020307
201804020308 -
201804020309
201804020310
201804020311
201804020312
201804020401
201804020402
201804020403
201804020404
201804020405 -
201804020406
201804020407
201804020408
201804020409
201804020410
201804020411
201804020412
201804020501
201804020502
201804020503
201804020504
201804020506
201804020507
201804020508
201804020509
201804020510
201804020512
201804020601
201804020602
201804020603
201804020604
201804020605
201804020606
201804020607
201804020608
201804020610
201804020611
201804020612
201804020701
201804020702
201804020703
201804020704
201804020705
201804020706
201804020707
201804020709 -
201804020710
201804020711 -
201804020801
201804020802
201804020803
201804020804
201804020805
201804020806
201804020807
201804020808
201804020810
201804020811
201804020812 -
201804020901
201804020903
201804020905
201804020906
201804020907
201804020909
201804020910
201804020911
201804020912
201804021001
201804021002
201804021003
201804021004
201804021005
201804021006
201804021007
201804021008
201804021009
201804021010
201804021011
201804021012
201804021101
201804021102
201804021103
201804021104
201804021105
201804021106
201804021107
201804021108
201804021109
201804021110
201804021111
201804021112
201804021201
201804021202
201804021203
201804021205
201804021206
201804021207
201804021208
201804021209
201804021210
201804021211
201804021212
201804030101
201804030102
201804030105
201804030106
201804030107
201804030108
201804030109
201804030111
201804030112
201804030202
201804030204
201804030205
201804030207
201804030208
201804030209
201804030212
201804030301
201804030302
201804030303
201804030304
201804030307
201804030308
201804030309
201804030310
201804030311
201804030312
201804030401
201804030402
201804030403
201804030404
201804030405
201804030406
201804030407 -
201804030408
201804030409
201804030410
201804030411
201804030412
201804030502
201804030503
201804030504
201804030505
201804030506
201804030507
201804030508
201804030509
201804030510
201804030511
201804030512
201804030601
201804030602
201804030603
201804030605
201804030606
201804030607
201804030608
201804030609
201804030610
201804030611
201804030612
201805010101
201805010102
201805010103
201805010104
201805010105
201805010106
201805010107
201805010108
201805010109
201805010110
201805010111
201805010112
201805010201
201805010202
201805010203
201805010204
201805010205
201805010206
201805010207
201805010208
201805010209
201805010212
201805010302
201805010303
201805010305
201805010306
201805010307
201805010308
201805010309
201805010310
201805010311
201805010401
201805010402
201805010403
201805010404
201805010405
201805010406
201805010407
201805010408
201805010409
201805010410
201805010411
201805010412
201805010501
201805010502
201805010503
201805010504
201805010505
201805010506
201805010507
201805010508
201805010509
201805010510
201805010511
201805010512 -
201805010601
201805010602 -
201805010603
201805010604
201805010605
201805010606
201805010607
201805010608
201805010609
201805010610
201805010611
201805010612 -
201805010701
201805010702
201805010703
201805010705
201805010706
201805010708
201805010709
201805010710
201805010711
201805010712
201805010801
201805010802
201805010803
201805010804
201805010805
201805010806
201805010807
201805010808
201805010809
201805010811
201805020101
201805020102
201805020103
201805020105
201805020106
201805020107
201805020108
201805020109 -
201805020110
201805020111
201805020112
201805020201
201805020202
201805020203
201805020204
201805020205
201805020206
201805020207
201805020208
201805020209 -
201805020210
201805020211
201805020212
201805020301
201805020302
201805020303
201805020304
201805020305
201805020306
201805020307
201805020309
201805020311
201805020312
201805020401
201805020402
201805020403
201805020404
201805020405
201805020406
201805020407
201805020408
201805020409
201805020410
201805020411
201805020412
201805020501
201805020502
201805020504
201805020505
201805020506 -
201805020507
201805020508
201805020509
201805020510
201805020511
201805020512
201805020601
201805020602
201805020603
201805020604
201805020605
201805020606
201805020607
201805020608
201805020609
201805020610
201805020611
201805020612
201805020702
201805020704
201805020705
201805020706
201805020707
201805020709
201805020710
201805020711
201805020712
201805020801
201805020803
201805020804
201805020805
201805020806
201805020808
201805020809
201805020810
201805020811
201805020812
201805020901
201805020902
201805020903
201805020904
201805020905
201805020906
201805020907
201805020908
201805020909
201805020910
201805020911
201805020912
201805021001
201805021002
201805021003
201805021004
201805021005
201805021006
201805021007
201805021008
201805021009
201805021010
201805021012
201805021101
201805021102
201805021103
201805021104
201805021105 -
201805021106
201805021107
201805021108
201805021109
201805021110
201805021111
201805021112
201805021201
201805021202
201805021204
201805021205
201805021206
201805021207
201805021208
201805021209
201805021210
201805021211
201805021212
201805030101
201805030102
201805030103
201805030104
201805030105
201805030106
201805030107
201805030108
201805030109
201805030110
201805030111
201805030112
201805030202
201805030203
201805030204
201805030205
201805030206
201805030207
201805030208
201805030209
201805030210
201805030211
201805030212
201805030301
201805030302
201805030303
201805030305
201805030306
201805030307
201805030308
201805030309
201805030310
201805030311
201805030312
201805030401
201805030402
201805030403
201805030404
201805030405
201805030406
201805030407
201805030408
201805030409
201805030410
201805030411
201805030412
201805030501
201805030502
201805030503
201805030505
201805030506
201805030507
201805030508
201805030509
201805030510
201805030511
201805030512
201805030601
201805030602
201805030604
201805030606
201805030607
201805030608
201805030609 -
201805030611
201805030612
201805030702
201805030703
201805030704
201805030705
201805030706
201805030707
201805030708
201805030709
201805030710
201805030711
201805030801
201805030802
201805030803
201805030805
201805030806
201805030807
201805030808
201805030809
201805030810
201805030811
201805030812
201805040101
201805040104
201805040105
201805040106
201805040107
201805040108
201805040109
201805040110
201805040112
201805040201
201805040203
201805040204
201805040205
201805040206
201805040207
201805040208
201805040209
201805040210
201805040211
201805040212
201805040301
201805040302
201805040303
201805040304
201805040305
201805040306
201805040308
201805040309
201805040310
201805040312
201805040402
201805040404
201805040405
201805040406
201805040407
201805040408
201805040409
201805040411
201805040412
201805040501
201805040502
201805040503
201805040504
201805040505
201805040506
201805040507
201805040508
201805040510
201805040511
201805040601
201805040603
201805040604
201805040605
201805040607
201805040609
201805040610
201805040611
201805040612
201805040701
201805040706
201805040707
201805040708 -
201805040709 -
201805040710 -
201805040711
201805040712
201805040801
201805040802
201805040803
201805040804
201805040805
201805040806
201805040807
201805040808
201805040809
201805040811
201805040812
201805040901
201805040902
201805040904
201805040905
201805040906
201805040907
201805040908 -
201805040910
201805040912
201805050101
201805050103
201805050104
201805050105
201805050106
201805050107
201805050108
201805050109 -
201805050110
201805050111 -
201805050201
201805050202
201805050203
201805050204
201805050205
201805050206
201805050207
201805050208 -
201805050210
201805050211
201805050301
201805050302
201805050304
201805050305
201805050306
201805050308
201805050309
201805050310
201805050311
201805050312
201805050401
201805050402
201805050403
201805050404
201805050406
201805050407
201805050408
201805050409
201805050410
201805050411
201805050412
201805050501
201805050502
201805050504
201805050505
201805050506
201805050507
201805050508
201805050509
201805050510
201805050511
201805050512
201805050601
201805050602
201805050603
201805050604
201805050605
201805050606
201805050607
201805050608
201805050609
201805050610 -
201805050611
201805050612
201805050705
201805050706
201805050707
201805050708
201805050709
201805050710
201805050711
201805050712
201805050801
201805050802
201805050803
201805050804
201805050805
201805050807 -
201805050808
201805050810
201805050811
201806010101
201806010102
201806010103
201806010104
201806010105
201806010106
201806010107
201806010108
201806010109
201806010111
201806010112
201806010201
201806010203
201806010204
201806010205
201806010206
201806010207
201806010208
201806010209
201806010210
201806010211
201806010212
201806010301
201806010302
201806010303
201806010305
201806010306
201806010307
201806010308
201806010309
201806010310
201806010311
201806010312
201806010401
201806010402
201806010403
201806010404
201806010405
201806010406
201806010407
201806010408
201806010409
201806010410
201806010411
201806010412
201806010501
201806010502
201806010503
201806010504
201806010505
201806010506
201806010507
201806010508
201806010509
201806010510
201806010511
201806010512
201806010601
201806010602
201806010603
201806010604
201806010605
201806010606
201806010607
201806010608
201806010609
201806010610
201806010611
201806010612
201806010701
201806010702
201806010703
201806010704
201806010705
201806010706
201806010707
201806010708
201806010709
201806010710
201806010711
201806010712
201806020101
201806020103
201806020105
201806020106
201806020108
201806020109
201806020110
201806020202
201806020203
201806020204
201806020205
201806020206
201806020207
201806020208
201806020209
201806020210
201806020211
201806020212
201806020301
201806020303
201806020305
201806020306
201806020307
201806020308
201806020309
201806020310
201806020311
201806020312
201806020401
201806020402
201806020404
201806020405
201806020406
201806020407
201806020408
201806020409
201806020410
201806020411
201806020412
201806020502
201806020503
201806020504
201806020505
201806020506
201806020507
201806020508
201806020509
201806020510
201806020511
201806020512
201806020601
201806020602
201806020603
201806020605
201806020606
201806020607
201806020608
201806020609
201806020610
201806020611
201806020612
201806020701
201806020702
201806020703
201806020704
201806020705
201806020707
201806020708 -
201806020709 -
201806020710
201806020711
201806020712
201806020801
201806020802
201806020803
201806020804
201806020805
201806020806
201806020807
201806020808
201806020810
201806020811
201806020812
201806030103
201806030104
201806030105
201806030106
201806030107
201806030108 -
201806030109
201806030110
201806030111
201806030112
201806030201
201806030202
201806030203
201806030204
201806030205
201806030206
201806030207
201806030208
201806030209 -
201806030210
201806030211
201806030212
201806030301
201806030302
201806030303
201806030304
201806030305
201806030306
201806030308
201806030309
201806030310
201806030311
201806030312
201806030401
201806030402
201806030403
201806030404
201806030405
201806030406
201806030407
201806030408
201806030409
201806030410
201806030411
201806030412
201806030501
201806030503
201806030504
201806030505
201806030506
201806030507
201806030508
201806030509
201806030510
201806030511
201806030601
201806030602
201806030603
201806030604
201806030605
201806030606
201806030608
201806030609
201806030610
201806030611
201806030612
201806030701
201806030702
201806030704
201806030705
201806030706
201806030708
201806030709
201806030710
201806030712
201806030801
201806030802
201806030803
201806030804
201806030805
201806030806
201806030808
201806030809
201806030810
201806030811
201806030812
201806040101
201806040102
201806040103
201806040105
201806040106
201806040107
201806040108
201806040110
201806040111
201806040112
201806040201
201806040203
201806040204
201806040206
201806040207
201806040208
201806040209
201806040210
201806040211
201806040212
201806040301
201806040302
201806040303
201806040304
201806040305
201806040306
201806040307
201806040309
201806040310
201806040311
201806040312
201806040401
201806040402
201806040403
201806040404
201806040405
201806040406
201806040407
201806040408
201806040409
201806040410
201806040411
201806040412
201806040501
201806040503
201806040505
201806040506
201806040508
201806040509
201806040510
201806040511
201806040512
201806040601
201806040602
201806040603
201806040604
201806040605
201806040606
201806040607
201806040609
201806040610
201806040611
201806040612
201806040701
201806040702
201806040703
201806040704
201806040705
201806040706
201806040707
201806040709 -
201806040710
201806040711
201806040712
201806040801
201806040802
201806040803
201806040804
201806040805
201806040806
201806040807
201806040808
201806040809
201806040810
201806040811
201806040812
201806040901
201806040902
201806040903
201806040904
201806040905
201806040906
201806040907
201806040909
201806040910
201806050101
201806050102
201806050103
201806050104
201806050105
201806050106
201806050107
201806050108
201806050109
201806050112
201806050201
201806050202
201806050203
201806050204
201806050205
201806050206
201806050207
201806050208
201806050209
201806050210
201806050211
201806050212 -
201806050301
201806050302
201806050303
201806050304
201806050305
201806050306
201806050308
201806050309
201806050310
201806050311
201806050312
201806050401
201806050402
201806050403
201806050404
201806050405
201806050406
201806050407
201806050408
201806050411
201806050412
201806050502
201806050503
201806050504
201806050505
201806050506
201806050507
201806050508
201806050509
201806050510
201806050511
201806050512
201806050601
201806050603
201806050604
201806050606
201806050607
201806050608
201806050609
201806050610
201806050611
201806050612
201806050702
201806050703
201806050704
201806050707
201806050708
201806050709
201806050711
201806050712
201806050801
201806050802
201806050803 -
201806050804
201806050806
201806050807
201806050808
201806050810
201806050811
201806050812
201806050901
201806050903
201806050904
201806050905
201806050906
201806050907
201806050908
201806050909
201806050910
201806050911
201806050912
201807010101
201807010102
201807010103
201807010104
201807010107
201807010108
201807010109
201807010110
201807010112
201807010202
201807010204
201807010205
201807010206
201807010207
201807010208
201807010209
201807010210
201807010211
201807010212
201807010301
201807010302
201807010303
201807010304
201807010305
201807010306
201807010307
201807010308
201807010309
201807010310
201807010311
201807010312
201807010401
201807010402
201807010405
201807010406
201807010407
201807010409
201807010411
201807010502
201807010503
201807010504
201807010505
201807010506
201807010507
201807010508
201807010509
201807010510
201807010511
201807010512
201807010601
201807010602
201807010603
201807010604
201807010606
201807010607
201807010608
201807010609
201807010610
201807010611
201807010612
201807020101
201807020102
201807020103
201807020104
201807020105
201807020106 -
201807020107
201807020108
201807020109
201807020110 -
201807020111
201807020112
201807020201
201807020202
201807020203
201807020205
201807020206
201807020207
201807020208
201807020209
201807020210
201807020211
201807020212
201807020301
201807020302
201807020303
201807020306
201807020307
201807020308
201807020309
201807020310
201807020311
201807020401
201807020402
201807020403
201807020404
201807020405
201807020406
201807020407
201807020409
201807020410
201807020411
201807020412
201807020501
201807020502
201807020503
201807020504
201807020505
201807020507
201807020508
201807020509
201807020510
201807020511
201807020512
201807020601
201807020604
201807020605
201807020606
201807020608
201807020609
201807020610
201807020611
201807020612
201807030102
201807030103
201807030104
201807030107
201807030108
201807030109
201807030110
201807030111
201807030112
201807030205 -
201807030206
201807030207
201807030208
201807030209
201807030211
201807030212
201807030301 -
201807030302
201807030303
201807030304
201807030305
201807030306
201807030307
201807030308
201807030309
201807030310
201807030311
201807030312
201807030401 -
201807030402
201807030403
201807030405
201807030407
201807030408
201807030409
201807030411
201807030412
201807030502
201807030503
201807030505
201807030506
201807030507
201807030508
201807030509
201807030510
201807030511 -
201807030512
201807030601
201807030602
201807030604
201807030605
201807030606
201807030608
201807030609
201807030610
201807030612
201807030701
201807030702
201807030703
201807030704
201807030705
201807030706
201807030707
201807030708
201807030709 -
201807030710
201807030711
201807030712
201807030801
201807030803
201807030804
201807030805
201807030807
201807030808
201807030809
201807030810
201807030811
201807040101
201807040102
201807040103
201807040104
201807040105
201807040106
201807040107
201807040108
201807040110
201807040111
201807040112
201807040201
201807040202
201807040203
201807040204
201807040205
201807040206
201807040207
201807040208
201807040209
201807040210
201807040211
201807040212
201807040301
201807040302
201807040303
201807040305
201807040306
201807040308
201807040309
201807040310
201807040311
201807040312
201807040401
201807040402
201807040403
201807040405 -
201807040406
201807040407
201807040408
201807040409
201807040410
201807040411
201807040412
201807040501
201807040502
201807040503
201807040504
201807040505
201807040506
201807040507
201807040508
201807040509
201807040510
201807040511
201807040512
201807040601
201807040602
201807040604
201807040605
201807040606
201807040607
201807040608
201807040609
201807040610
201807040611
201807040612
201808010101
201808010103
201808010104
201808010105
201808010106
201808010107
201808010108
201808010109 -
201808010110
201808010111
201808010112
201808010201
201808010202
201808010203
201808010205
201808010206
201808010207
201808010208
201808010209
201808010210
201808010211
201808010212
201808010301
201808010302
201808010303
201808010304
201808010305
201808010306
201808010307
201808010308
201808010309
201808010310
201808010311
201808010312
201808010401
201808010402
201808010403
201808010404
201808010405
201808010406
201808010407
201808010408
201808010409
201808010410
201808010411
201808010412
201808010501
201808010502
201808010503
201808010505
201808010506 -
201808010507
201808010509
201808010510
201808010511
201808010512
201808010601
201808010603
201808010604
201808010606
201808010607
201808010608
201808010610
201808010611
201808010612
201808010701
201808010702
201808010704
201808010705
201808010706
201808010707
201808010708
201808010709
201808010711
201808010712
201808020101
201808020102
201808020103
201808020104
201808020106
201808020107
201808020109
201808020110
201808020111
201808020201
201808020203
201808020204
201808020205
201808020206
201808020207
201808020208
201808020209
201808020210
201808020211
201808020212
201808020301
201808020303
201808020304
201808020305
201808020306
201808020308
201808020309
201808020310
201808020311
201808020312
201808020402
201808020403
201808020405
201808020406
201808020407
201808020408
201808020409
201808020410
201808020411
201808020412
201808020502
201808020503
201808020504
201808020505
201808020506
201808020507
201808020508
201808020509
201808020510
201808020511
201808020512 -
201808020601
201808020603
201808020604
201808020605
201808020606
201808020607
201808020608
201808020609
201808020610
201808020611
201808020701
201808020702
201808020703
201808020704
201808020705
201808020706
201808020707
201808020708
201808020709
201808020710
201808020711
201808020801
201808020802
201808020803
201808020804
201808020805
201808020806
201808020807
201808020808
201808020809
201808020811
201808020812
201808030101
201808030102
201808030103
201808030104
201808030105
201808030106
201808030107
201808030108 -
201808030109
201808030110
201808030111
201808030112
201808030202
201808030203
201808030204
201808030205
201808030206
201808030207
201808030208
201808030209
201808030210
201808030211
201808030212
201808030301
201808030302
201808030303
201808030304
201808030305
201808030306
201808030307
201808030308
201808030309
201808030311
201808030312
201808030401
201808030402
201808030403
201808030405
201808030406
201808030407
201808030408
201808030409
201808030410
201808030411
201808030412
201808030502
201808030504
201808030506 -
201808030508
201808030509
201808030510
201808030511
201808030512
201808030601
201808030602
201808030603
201808030604
201808030605
201808030606
201808030607 -
201808030608
201808030610
201808030611
201808030612
201808030701
201808030703
201808030704
201808030705
201808030706
201808030707
201808030708 -
201808030709
201808030710
201808030711
201808030712
201808030801
201808030802
201808030803
201808030804
201808030805
201808030806
201808030807
201808030808
201808030810
201808030811
201808030812
201808030902
201808030903
201808030904
201808030905
201808030906
201808030907
201808030908
201808030909
201808030910
201808030911
201808030912
201808031002
201808031003
201808031004
201808031005
201808031006
201808031007
201808031008
201808031010
201808031011
201808031012
201808031101
201808031102
201808031103
201808031104
201808031105
201808031107
201808031108
201808031109
201808031110
201808031111
201808031112
201808031201
201808031202
201808031203
201808031204
201808031205
201808031207
201808031208 -
201808031209
201808031210
201808031212
201808040102
201808040103 -
201808040104
201808040105
201808040106
201808040107
201808040108
201808040109
201808040111
201808040112
201808040201
201808040202
201808040204 -
201808040205
201808040206
201808040207
201808040208
201808040209
201808040210 -
201808040211
201808040212
201808040301
201808040302
201808040303
201808040305
201808040306
201808040307
201808040308
201808040309
201808040311
201808040312
201808040401
201808040403 -
201808040404
201808040405
201808040407
201808040408
201808040409 -
201808040410
201808040411
201808040412
201808040501
201808040502
201808040503 -
201808040504 -
201808040506
201808040507 -
201808040508
201808040509 -
201808040510 -
201808040512
201808040601
201808040603 -
201808040604
201808040605
201808040606
201808040607 -
201808040608
201808040609
201808040610
201808040611
201808040612
201808040701
201808040702
201808040703
201808040704
201808040705
201808040706
201808040707
201808040708
201808040709
201808040710
201808040711
201808040712
201808040801
201808040802
201808040803
201808040804
201808040805
201808040806
201808040807
201808040808
201808040810 -
201808040811
201808040812
201808040901
201808040902
201808040903
201808040904
201808040905
201808040906 -
201808040907
201808040908
201808040909
201808040910
201808040911
201808040912
201808050101
201808050103
201808050106
201808050107 -
201808050108
201808050111
201808050112
201808050201
201808050202
201808050203
201808050204
201808050205 -
201808050206
201808050207
201808050208
201808050209 -
201808050210
201808050211
201808050212
201808050301
201808050302
201808050303
201808050305
201808050306
201808050307 -
201808050308
201808050309
201808050311
201808050312
201808050401
201808050403
201808050404
201808050405 -
201808050407
201808050409 -
201808050410 -
201808050411
201808050501
201808050502
201808050503
201808050504
201808050505
201808050506
201808050507
201808050508
201808050509
201808050510 -
201808050511
201808050512
201808050601
201808050602
201808050603
201808050605
201808050606
201808050607
201808050608
201808050609
201808050610 -
201808050611
201808050612
201808050701
201808050702
201808050705
201808050707
201808050708
201808050709
201808050710
201808050711
201808050712
201808050801
201808050802
201808050803
201808050805
201808050806
201808050807
201808050808
201808050809
201808050810
201808050811
201808050812
201809010101
201809010102
201809010103
201809010104
201809010105
201809010106
201809010107
201809010108
201809010109 -
201809010110
201809010111
201809010112
201809010201
201809010202
201809010203
201809010205
201809010206
201809010207
201809010208
201809010209 -
201809010210
201809010211
201809010212
201809010303
201809010305
201809010307
201809010308
201809010309
201809010310
201809010311
201809010401
201809010402
201809010403
201809010404
201809010405
201809010406
201809010407
201809010408 -
201809010410
201809010411
201809010412
201809010502
201809010503
201809010504
201809010505
201809010506
201809010507
201809010509
201809010510
201809010511
201809010602
201809010603
201809010604
201809010607
201809010608
201809010609
201809010610
201809010612
201809010702
201809010703
201809010704
201809010705
201809010706
201809010707
201809010709
201809010712
201809010802
201809010803
201809010804
201809010805
201809010806
201809010807
201809010808
201809010809
201809010810
201809010811
201809010812
201809020101
201809020102
201809020103
201809020105
201809020106
201809020107
201809020108
201809020109
201809020111
201809020201
201809020202
201809020203
201809020205
201809020206
201809020207
201809020208
201809020209 -
201809020210
201809020211
201809020212
201809020301
201809020302
201809020303
201809020304
201809020305
201809020306
201809020307
201809020308
201809020309 -
201809020310
201809020311
201809020312
201809020401
201809020402
201809020403
201809020404
201809020405
201809020406
201809020407
201809020408
201809020409 -
201809020410
201809020411
201809020412
201809020501
201809020502
201809020503
201809020506
201809020507
201809020508
201809020509
201809020510 -
201809020511
201809020601
201809020602
201809020603
201809020604
201809020605
201809020606
201809020607
201809020608
201809020609
201809020610
201809020612
201809020701
201809020702
201809020703
201809020704
201809020705
201809020706
201809020707
201809020709
201809020711
201809020712
201809020801
201809020803
201809020805
201809020806
201809020807
201809020808
201809020809
201809020810
201809020811
201809020812
201809030101
201809030102
201809030103
201809030104
201809030105 -
201809030106
201809030107
201809030108
201809030110
201809030111
201809030112
201809030201
201809030202
201809030203
201809030204
201809030206
201809030207
201809030208
201809030210
201809030211
201809030212
201809030301
201809030302
201809030304
201809030305
201809030306
201809030307
201809030308
201809030311
201809030312
201809030401
201809030402
201809030403
201809030406
201809030407
201809030408
201809030409 -
201809030410
201809030411
201809030412
201809030501
201809030502
201809030503
201809030504
201809030506
201809030507
201809030508
201809030509
201809030510
201809030511
201809030512
201809030601
201809030602
201809030603
201809030605
201809030606
201809030608
201809030609
201809030610
201809030611
201809030612
201809030701
201809030702
201809030703
201809030705
201809030706
201809030707
201809030708
201809030710
201809030711
201809030712
201809030801
201809030802
201809030803
201809030804
201809030806
201809030807
201809030808
201809030809
201809030810
201809030811
201809030812
201809040101
201809040103
201809040104
201809040105
201809040106
201809040107
201809040108 -
201809040109 -
201809040110 -
201809040111
201809040112
201809040201
201809040202
201809040203
201809040204
201809040205 -
201809040206
201809040207
201809040208
201809040209
201809040210
201809040211
201809040212
201809040301
201809040302
201809040303
201809040304
201809040305
201809040306
201809040307
201809040310
201809040311
201809040312
201809040401
201809040402
201809040404
201809040405
201809040406
201809040407
201809040408
201809040409
201809040410
201809040411
201809040412
201809040501
201809040503
201809040504
201809040505
201809040507
201809040508
201809040509
201809040510
201809040511
201809040512
201809040601
201809040602
201809040603 -
201809040604
201809040605
201809040607
201809040608
201809040609
201809040610
201809040611
201809040701
201809040702 -
201809040704
201809040706
201809040707
201809040708
201809040709
201809040710 -
201809040711
201809040712
201809040802
201809040803
201809040804
201809040805
201809040807
201809040809
201809040810
201809040811
201809040812
201809040901
201809040902
201809040903
201809040904 -
201809040905
201809040906
201809040907
201809040908
201809040909 -
201809040910
201809040911 -
201809040912
201809050101
201809050102
201809050103
201809050104
201809050105
201809050106
201809050108
201809050110
201809050111
201809050201
201809050202
201809050204
201809050205 -
201809050206
201809050207
201809050208
201809050209 -
201809050210
201809050211
201809050212
201809050301
201809050302
201809050304
201809050305 -
201809050306
201809050307
201809050308 -
201809050310
201809050311
201809050312
201809050401
201809050402
201809050403
201809050404
201809050405 -
201809050406
201809050407
201809050409 -
201809050410
201809050411
201809050412
201809050501
201809050502
201809050503
201809050504
201809050505
201809050506
201809050507
201809050508
201809050509
201809050510
201809050511
201809050512
201809050601
201809050602
201809050604
201809050606
201809050607
201809050608
201809050609
201809050610
201809050611
201809050612
201809050701
201809050702
201809050703
201809050704
201809050705
201809050706
201809050707
201809050708
201809050710
201809050711
201809050712
201809050801
201809050802
201809050803
201809050804
201809050806
201809050807
201809050808
201809050809
201809050810
201809050811
201809050812
201809050902
201809050903
201809050905
201809050906
201809050907
201809050908
201809050909
201809050910
201809050911
201809050912
201810010102
201810010103
201810010104
201810010105
201810010106
201810010107
201810010108
201810010109
201810010110
201810010112 -
201810010201
201810010202
201810010203
201810010204
201810010205
201810010206
201810010207
201810010208
201810010209
201810010210
201810010211
201810010212
201810010301
201810010302
201810010303
201810010304
201810010305
201810010306
201810010307
201810010308
201810010309
201810010310
201810010311
201810010312
201810010402
201810010404
201810010405
201810010406
201810010407
201810010408
201810010409
201810010412
201810010501
201810010502
201810010503
201810010504
201810010506
201810010507
201810010508
201810010509
201810010510
201810010511
201810010512
201810010601
201810010602
201810010603
201810010604
201810010605
201810010606
201810010607
201810010608
201810010609
201810010610
201810010611
201810010612
201810010702
201810010703
201810010704
201810010705
201810010707
201810010708
201810010709
201810010710
201810010712
201810010801
201810010802
201810010803
201810010804
201810010805
201810010806
201810010807
201810010808
201810010809
201810010810
201810010811
201810010812
201810020103
201810020104
201810020105 -
201810020106
201810020107
201810020109 -
201810020110
201810020111
201810020112
201810020201 -
201810020202
201810020203
201810020204
201810020205
201810020206 -
201810020209
201810020210
201810020211
201810020212
201810020302
201810020303
201810020304
201810020305
201810020306
201810020308
201810020309
201810020310
201810020311
201810020312
201810020401
201810020402
201810020405
201810020406 -
201810020407
201810020408
201810020409
201810020410
201810020411
201810020412
201810020502
201810020503
201810020504
201810020505
201810020506
201810020508 -
201810020509
201810020510 -
201810020511 -
201810020512
201810020602
201810020603
201810020604 -
201810020605
201810020606
201810020607
201810020608
201810020611 -
201810020612
201810020701
201810020702 -
201810020703
201810020704 -
201810020705
201810020708
201810020709
201810020710
201810020712
201810020801
201810020802
201810020803
201810020805
201810020806
201810020807
201810020808
201810020809
201810020810 -
201810020811
201810020812
201810020901
201810020902
201810020903
201810020904
201810020905
201810020906
201810020907
201810020908
201810020909
201810020910 -
201810020911
201810020912
201810021001
201810021002
201810021004
201810021005
201810021006
201810021007
201810021008
201810021009
201810021010
201810021011 -
201810021012
201810021101
201810021102 -
201810021104
201810021105
201810021106
201810021107
201810021108
201810021109
201810021110
201810021111
201810021112
201810021202
201810021203
201810021205
201810021208
201810021209
201810021210
201810021211
201810021212
201901010101
201901010102 -
201901010103
201901010104
201901010107
201901010109
201901010110
201901010111
201901010112
201901010202
201901010203
201901010204
201901010205
201901010206
201901010207
201901010208 -
201901010209
201901010210
201901010211
201901010212
201901010301 -
201901010302
201901010303
201901010304
201901010305
201901010306
201901010307
201901010308
201901010309
201901010310
201901010311
201901010312
201901010402
201901010403
201901010404
201901010405
201901010406
201901010407
201901010408
201901010409
201901010410
201901010501
201901010502
201901010503
201901010504
201901010505
201901010506
201901010508
201901010509
201901010510
201901010511
201901010512
201901010601
201901010602
201901010603
201901010604
201901010605
201901010606
201901010607
201901010608
201901010609
201901010610
201901010611
201901010612
201901020101
201901020102
201901020103
201901020104
201901020105
201901020106
201901020107
201901020108
201901020109
201901020110
201901020111
201901020112
201901020201
201901020202
201901020203
201901020204
201901020205
201901020206
201901020207
201901020208
201901020210
201901020211
201901020301 -
201901020302
201901020303
201901020304
201901020305
201901020306
201901020307
201901020308
201901020309
201901020310
201901020311
201901020312
201901020402
201901020403
201901020404
201901020405 -
201901020406
201901020407
201901020408
201901020409
201901020410
201901020411
201901020412
201901020501
201901020502
201901020503
201901020504
201901020505
201901020506
201901020507
201901020508
201901020509
201901020510
201901020511
201901020512
201901020601
201901020602
201901020603
201901020604
201901020606
201901020607
201901020608
201901020610
201901020611
201901020612
201902010202
201902010204
201902010205
201902010206
201902010207 -
201902010208
201902010209
201902010212
201902010301
201902010302
201902010303
201902010304
201902010305
201902010306
201902010307 -
201902010308
201902010309
201902010310
201902010311
201902010312
201902010401
201902010402
201902010403
201902010404
201902010405
201902010406
201902010407
201902010408
201902010409
201902010410
201902010411
201902010412
201902010501
201902010502
201902010503
201902010504
201902010505
201902010506
201902010507
201902010508
201902010509
201902010511
201902010601
201902010602
201902010603
201902010605 -
201902010606
201902010607
201902010608
201902010609
201902010610
201902010611
201902010612
201902020102
201902020103
201902020104
201902020105
201902020106
201902020109
201902020110
201902020111
201902020112 -
201902020201 -
201902020202
201902020203
201902020204
201902020205
201902020206
201902020207
201902020208
201902020209 -
201902020210
201902020211
201902020212 -
201902020301
201902020302 -
201902020303
201902020304
201902020305 -
201902020306
201902020307
201902020308
201902020310
201902020311
201902020312
201902020401
201902020402
201902020403
201902020404
201902020405 -
201902020407
201902020408
201902020409
201902020411
201902020412
201902020501 -
201902020502
201902020504
201902020505
201902020506
201902020507
201902020508
201902020509
201902020510
201902020511
201902020512
201902020601
201902020602
201902020603
201902020604
201902020605 -
201902020606
201902020607
201902020608
201902020609
201902020610
201902020612
201903010101
201903010103
201903010106
201903010107
201903010108
201903010109
201903010110
201903010201
201903010202
201903010203
201903010205
201903010206
201903010207
201903010208
201903010209
201903010210
201903010211
201903010212
201903010301
201903010302
201903010303
201903010304
201903010305
201903010306
201903010307
201903010308
201903010310
201903010311
201903010312
201903010401
201903010402
201903010403
201903010405
201903010406
201903010407
201903010408
201903010409
201903010410
201903010411
201903010412
201903010502
201903010503
201903010505
201903010506
201903010508
201903010509
201903010510
201903010511
201903010512
201903010601
201903010603
201903010605
201903010606
201903010607
201903010608
201903010609
201903010610
201903010611
201903010612
201903020101
201903020102
201903020103
201903020104
201903020105
201903020106
201903020107
201903020108
201903020109
201903020111
201903020112
201903020201
201903020202
201903020203
201903020204
201903020205
201903020206
201903020208
201903020209
201903020211
201903020212
201903020301
201903020302
201903020303
201903020304 -
201903020305
201903020307
201903020308
201903020309
201903020310
201903020311 -
201903020312
201903020401
201903020402
201903020403
201903020405
201903020406
201903020407
201903020408
201903020409
201903020410
201903020411
201903020412
201903020501
201903020502
201903020503
201903020504
201903020505
201903020506
201903020507
201903020508
201903020509
201903020510
201903020511
201903020512
201903020601
201903020602
201903020603
201903020604
201903020605
201903020606
201903020607
201903020608
201903020609
201903020610
201903020611
201903020612
201903020702
201903020703
201903020704
201903020706
201903020707
201903020708
201903020709
201903020710
201903020711
201903020712
201903020801
201903020802
201903020803
201903020804
201903020805
201903020807
201903020808
201903020809
201903020810
201903020811
201903020812
201903030102
201903030103
201903030105
201903030106
201903030107
201903030108
201903030109
201903030110
201903030111
201903030112
201903030201
201903030202
201903030203
201903030204
201903030205
201903030206
201903030207
201903030209 -
201903030210
201903030211
201903030212
201903030301
201903030302
201903030303
201903030304
201903030305
201903030306
201903030307
201903030308
201903030309
201903030310
201903030311
201903030312
201903030401
201903030402
201903030403
201903030406
201903030407
201903030408
201903030409
201903030410
201903030411
201903030412
201903030501
201903030502
201903030503
201903030504
201903030506
201903030507
201903030508
201903030509
201903030510
201903030511
201903030512
201903030601
201903030602
201903030603
201903030604
201903030606
201903030607
201903030608
201903030609
201903030610
201903030611
201903030612
201904010101
201904010103
201904010104
201904010105
201904010106
201904010107
201904010108
201904010109
201904010110 -
201904010111
201904010112
201904010201
201904010203
201904010206
201904010207
201904010208
201904010209
201904010210
201904010211
201904010212
201904010301
201904010302
201904010303
201904010305
201904010306
201904010307
201904010308
201904010309
201904010310
201904010311
201904010312
201904010401
201904010402
201904010403
201904010404
201904010405
201904010406
201904010407
201904010408
201904010409
201904010410
201904010411
201904010412
201904010501
201904010502
201904010503
201904010504
201904010505
201904010506
201904010507
201904010508
201904010509
201904010510
201904010512
201904010601
201904010602
201904010603
201904010604
201904010606
201904010607
201904010608
201904010609
201904010610
201904010611
201904010612
201904010702
201904010703
201904010704
201904010705
201904010706
201904010707
201904010708
201904010709
201904010710
201904010711
201904010712
201904010801
201904010802
201904010803
201904010805
201904010806
201904010807
201904010808
201904010809
201904010810
201904010811
201904010812
201904020101
201904020102
201904020103
201904020104
201904020105
201904020107
201904020108
201904020109
201904020110
201904020111
201904020112
201904020201
201904020202
201904020203
201904020204
201904020205
201904020206
201904020207
201904020208
201904020209
201904020211
201904020212
201904020301
201904020302
201904020303
201904020304
201904020305
201904020306
201904020307
201904020308
201904020309
201904020310
201904020311
201904020312
201904020402
201904020403
201904020404
201904020405
201904020406
201904020407
201904020408
201904020410
201904020411
201904020412
201904020503
201904020504
201904020505
201904020506
201904020507 -
201904020508
201904020509
201904020510
201904020511
201904020512
201904020601
201904020603
201904020605
201904020606
201904020607
201904020609
201904020610
201904020612
201904020701
201904020702
201904020705
201904020706
201904020707
201904020708
201904020709
201904020710
201904020711 -
201904020712
201904020801
201904020802
201904020804
201904020805
201904020806
201904020807
201904020808
201904020809 -
201904020810
201904020811
201904020812
201904020902
201904020903
201904020906
201904020907
201904020908
201904020909
201904020910
201904020911
201904020912
201904021001
201904021002
201904021003
201904021004
201904021005
201904021006
201904021007
201904021008
201904021009
201904021010
201904021011
201904021012
201904021101
201904021102
201904021103
201904021104
201904021105
201904021106
201904021107
201904021108
201904021109
201904021110
201904021111
201904021112
201904021201
201904021203
201904021204
201904021205
201904021206
201904021207
201904021208
201904021209
201904021210
201904021211
201904030101
201904030102
201904030103
201904030104
201904030105
201904030106
201904030107
201904030108
201904030109
201904030110
201904030112
201904030201
201904030202
201904030203
201904030204
201904030205
201904030206
201904030207
201904030209
201904030211
201904030212
201904030301
201904030302
201904030303
201904030304
201904030305
201904030306
201904030307
201904030308
201904030309
201904030310
201904030311
201904030312
201904030401
201904030402
201904030403
201904030405
201904030406
201904030407
201904030408
201904030409
201904030410
201904030411
201904030412
201904030501
201904030503
201904030504
201904030506
201904030507
201904030508
201904030509
201904030510
201904030511 -
201904030512 -
201904030601
201904030602
201904030603
201904030605
201904030606
201904030607
201904030608
201904030609
201904030610
201904030611
201904030612
201905010101
201905010102
201905010103
201905010104
201905010105
201905010106
201905010107
201905010108
201905010109
201905010110
201905010111
201905010112
201905010201
201905010202
201905010203
201905010204
201905010205
201905010206
201905010207
201905010208
201905010209 -
201905010210
201905010211
201905010212 -
201905010301
201905010302
201905010303
201905010304
201905010305
201905010306
201905010307
201905010308
201905010309
201905010310
201905010312
201905010401
201905010402
201905010404
201905010405
201905010406
201905010408
201905010409
201905010410
201905010411
201905010412
201905010501
201905010502
201905010503
201905010504
201905010505
201905010506
201905010507
201905010508
201905010509
201905010510
201905010511
201905010512
201905010601
201905010603
201905010604
201905010605
201905010606
201905010607
201905010608
201905010609
201905010610
201905010611 -
201905010612
201905010701
201905010702
201905010703
201905010704
201905010705
201905010706
201905010707
201905010708
201905010709 -
201905010710
201905010711
201905010712
201905010801
201905010803
201905010804
201905010805
201905010806
201905010807
201905010808
201905010809
201905010810
201905010811
201905010812
201905020101
201905020102
201905020103
201905020104
201905020105
201905020106
201905020108
201905020109 -
201905020110
201905020111
201905020112
201905020201
201905020202
201905020203
201905020204
201905020205
201905020207
201905020209
201905020210
201905020211
201905020212
201905020302
201905020303
201905020304
201905020305
201905020306
201905020307
201905020308
201905020309
201905020311
201905020312
201905020401
201905020402
201905020403
201905020404
201905020405
201905020406
201905020408
201905020409 -
201905020410
201905020411
201905020412
201905020501
201905020502
201905020503
201905020505 -
201905020506 -
201905020507
201905020508
201905020509
201905020601
201905020602
201905020603
201905020605
201905020606
201905020607
201905020608 -
201905020609
201905020610
201905020612
201905020701
201905020702
201905020704
201905020705
201905020706
201905020707
201905020708
201905020709
201905020710
201905020712
201905020802
201905020803
201905020804
201905020805
201905020806
201905020808
201905020809
201905020810
201905020811
201905020812
201905020901
201905020902
201905020904
201905020905
201905020906
201905020907
201905020908
201905020909
201905020910
201905020911
201905020912
201905021001
201905021002
201905021003
201905021004
201905021005
201905021006
201905021007
201905021008
201905021009
201905021010
201905021011
201905021012
201905021102
201905021103
201905021105
201905021107
201905021108
201905021109
201905021110
201905021111
201905021202
201905021203
201905021205
201905021206
201905021208
201905021209
201905021210
201905021211
201905030101
201905030102
201905030103
201905030104
201905030105
201905030106
201905030107
201905030108
201905030109
201905030110
201905030111
201905030112
201905030201
201905030202
201905030203
201905030204
201905030206 -
201905030207
201905030208
201905030209
201905030210
201905030211
201905030212
201905030301
201905030302
201905030305
201905030306
201905030307
201905030308
201905030309
201905030310
201905030311
201905030401
201905030402
201905030404
201905030405
201905030406
201905030407
201905030408
201905030409
201905030410
201905030412
201905030506
201905030511
201905030601
201905030602
201905030603
201905030604
201905030606
201905030607
201905030608
201905030610
201905030612
201905030702
201905030703
201905030704
201905030705
201905030706
201905030707
201905030709
201905030710
201905030711
201905030712
201905030801
201905030802
201905030803
201905030804
201905030805
201905030806
201905030807
201905030808
201905030809
201905030810
201905030811
201905030812
201905040101
201905040102
201905040103
201905040104
201905040106
201905040107
201905040108 -
201905040110
201905040111
201905040112
201905040202
201905040203
201905040204
201905040205
201905040206
201905040207
201905040208
201905040209
201905040210
201905040211
201905040212
201905040301
201905040303
201905040304
201905040305
201905040306
201905040307 -
201905040308
201905040309
201905040310 -
201905040311
201905040312
201905040401
201905040402
201905040403
201905040404
201905040405
201905040406
201905040407
201905040408
201905040409
201905040410
201905040411
201905040412
201905040501
201905040502
201905040503
201905040504
201905040505
201905040506
201905040507 -
201905040508 -
201905040509
201905040510
201905040512
201905040602
201905040603
201905040604
201905040605
201905040606
201905040607
201905040608
201905040610
201905040611
201905040612
201905040701
201905040702
201905040703
201905040704
201905040705
201905040706
201905040707
201905040708
201905040709
201905040710
201905040711
201905040712
201905040802
201905040803
201905040804
201905040805
201905040807 -
201905040808 -
201905040810
201905040901
201905040903
201905040904
201905040905
201905040906
201905040907
201905040908 -
201905040909
201905040910
201905040911
201905040912
201905050101
201905050102
201905050103
201905050104
201905050105
201905050106
201905050107
201905050108
201905050109 -
201905050110 -
201905050111
201905050112
201905050201
201905050203
201905050204
201905050205
201905050206
201905050207
201905050208 -
201905050209
201905050210
201905050211
201905050212
201905050301
201905050302
201905050303
201905050304
201905050305
201905050306
201905050307 -
201905050308
201905050309
201905050310 -
201905050311
201905050312
201905050401
201905050402
201905050403
201905050404
201905050405
201905050406
201905050408
201905050409
201905050410
201905050411
201905050412
201905050501
201905050502
201905050503
201905050504
201905050505
201905050506
201905050507
201905050508
201905050509
201905050510
201905050511 -
201905050512
201905050601
201905050602
201905050603
201905050604
201905050605
201905050606
201905050607
201905050608
201905050609
201905050610
201905050611
201905050612
201905050701
201905050702
201905050703
201905050705
201905050706
201905050707
201905050708
201905050709
201905050710
201905050711
201905050712
201905050801
201905050802
201905050803
201905050804
201905050805
201905050806
201905050807 -
201905050808
201905050809
201905050810
201905050811
201906010101
201906010103
201906010105
201906010106
201906010107
201906010108
201906010109
201906010110
201906010111
201906010112
201906010201
201906010202
201906010203
201906010204
201906010205
201906010207
201906010208
201906010209
201906010210
201906010211
201906010212
201906010301
201906010302
201906010303
201906010304
201906010305
201906010306
201906010307
201906010309
201906010311
201906010312
201906010401
201906010402
201906010407
201906010408
201906010409
201906010410
201906010411
201906010412
201906010501
201906010502
201906010504
201906010505
201906010506
201906010507
201906010508
201906010509
201906010510
201906010511
201906010512
201906010601
201906010602
201906010604
201906010605
201906010606
201906010607
201906010608
201906010609 -
201906010610
201906010611
201906010612
201906010701
201906010702
201906010704
201906010705
201906010706
201906010707
201906010708
201906010709
201906010710
201906010711
201906010712
201906020101
201906020102
201906020103
201906020104
201906020105
201906020106
201906020107
201906020109
201906020111
201906020112
201906020201
201906020202
201906020203
201906020204
201906020206
201906020207
201906020208
201906020209
201906020210
201906020211
201906020212
201906020302
201906020303
201906020306
201906020307
201906020308 -
201906020309
201906020310
201906020311
201906020401
201906020402
201906020403
201906020405
201906020406
201906020407
201906020408
201906020409
201906020410
201906020411
201906020412
201906020501
201906020502
201906020503
201906020504
201906020505
201906020506
201906020507
201906020508
201906020509
201906020510
201906020511
201906020512
201906020601
201906020603
201906020605
201906020606
201906020607
201906020608
201906020609
201906020610
201906020611
201906020612
201906020701
201906020702
201906020703
201906020704
201906020705
201906020707
201906020708 -
201906020709
201906020710
201906020711
201906020712
201906020801
201906020802
201906020803
201906020804
201906020805
201906020806
201906020807
201906020808
201906020809
201906020810
201906020811
201906020812
201906030101
201906030102
201906030103
201906030104
201906030105
201906030106
201906030107
201906030108
201906030109
201906030110
201906030111
201906030112
201906030201
201906030202
201906030203
201906030204
201906030205
201906030206
201906030207
201906030208
201906030209
201906030210
201906030211
201906030212
201906030301
201906030302
201906030303
201906030304
201906030305
201906030306
201906030307
201906030308
201906030309 -
201906030310
201906030311
201906030312
201906030401
201906030402
201906030403
201906030404
201906030406
201906030407
201906030408
201906030410 -
201906030412
201906030501
201906030502
201906030504
201906030505
201906030506
201906030507
201906030508
201906030509
201906030510 -
201906030512
201906030601
201906030602
201906030603
201906030605
201906030606
201906030607
201906030608
201906030609
201906030610
201906030611
201906030612
201906030701
201906030702
201906030703
201906030705
201906030707
201906030708
201906030709
201906030710
201906030712
201906030801
201906030802
201906030803
201906030804
201906030805
201906030806
201906030807
201906030808
201906030810
201906030811
201906030812
201906040102
201906040103 -
201906040104
201906040105 -
201906040106
201906040107 -
201906040108
201906040109
201906040110
201906040111
201906040112
201906040201
201906040202
201906040204
201906040205
201906040206
201906040207
201906040208
201906040209
201906040210
201906040211
201906040212
201906040301
201906040302
201906040303
201906040304
201906040305
201906040306
201906040307
201906040308
201906040309
201906040310
201906040311
201906040312
201906040401
201906040402
201906040403
201906040404
201906040405
201906040407
201906040408
201906040409
201906040410
201906040411
201906040412
201906040501
201906040503
201906040504
201906040505
201906040507
201906040508
201906040509
201906040511
201906040512
201906040601
201906040602
201906040603
201906040604
201906040606
201906040607
201906040608
201906040609
201906040612
201906040701
201906040702
201906040703
201906040704
201906040706
201906040707
201906040708 -
201906040709
201906040711
201906040712
201906040801
201906040803
201906040804
201906040805
201906040807
201906040808
201906040809
201906040810
201906040811
201906040812
201906040901
201906040902
201906040903
201906040904
201906040905
201906040906
201906040907
201906040908
201906040909
201906040910
201906040911
201906040912
201906050101
201906050102
201906050103
201906050104
201906050105
201906050106
201906050107
201906050108
201906050109
201906050110
201906050111
201906050112
201906050201
201906050202
201906050203
201906050204
201906050205
201906050206
201906050207
201906050208
201906050209
201906050210
201906050211
201906050212 -
201906050301
201906050302
201906050303
201906050304
201906050305
201906050307
201906050308
201906050309
201906050310
201906050311
201906050312
201906050401
201906050402
201906050403
201906050406
201906050407
201906050408
201906050409
201906050410
201906050411
201906050412
201906050501
201906050502
201906050503
201906050504
201906050505
201906050507
201906050508
201906050509
201906050510
201906050511
201906050512
201906050601
201906050602
201906050603
201906050604
201906050605
201906050606
201906050607
201906050608
201906050609
201906050610
201906050611
201906050612
201906050701
201906050703
201906050704
201906050705
201906050706
201906050707
201906050708
201906050709
201906050710
201906050711
201906050712
201906050801
201906050802
201906050803
201906050804
201906050805
201906050806
201906050807
201906050808
201906050809
201906050810
201906050811
201906050812
201906050901
201906050903
201906050904
201906050905
201906050907
201906050908
201906050909
201906050910
201906050911
201906050912
201907010101
201907010102
201907010103
201907010104
201907010106
201907010107
201907010108
201907010109
201907010110
201907010112
201907010201
201907010203
201907010204
201907010205
201907010206
201907010207
201907010208
201907010209
201907010210
201907010211
201907010212
201907010301
201907010302
201907010303
201907010304
201907010305
201907010306
201907010307
201907010308
201907010309
201907010310
201907010311
201907010312
201907010401
201907010402
201907010404
201907010405
201907010406
201907010407
201907010408
201907010409
201907010410
201907010412
201907010501
201907010502
201907010503
201907010504
201907010506
201907010507
201907010508
201907010509
201907010510
201907010511
201907010512
201907010601
201907010602
201907010603
201907010605
201907010606
201907010607
201907010608
201907010609
201907010610
201907010611
201907010612
201907020101
201907020103
201907020104
201907020105
201907020106
201907020107
201907020108
201907020109
201907020110
201907020111
201907020201
201907020202
201907020203
201907020204
201907020205
201907020206
201907020207
201907020208
201907020209
201907020210
201907020211
201907020212
201907020301
201907020304
201907020305
201907020306
201907020307
201907020308
201907020309
201907020310
201907020311
201907020312
201907020401
201907020402
201907020403
201907020404
201907020405
201907020406
201907020407
201907020408
201907020409
201907020410
201907020411
201907020412
201907020502
201907020503
201907020504
201907020505
201907020506
201907020507
201907020508 -
201907020509
201907020510
201907020511
201907020512
201907020601
201907020602
201907020603
201907020604
201907020605
201907020606
201907020607
201907020608
201907020610
201907020611
201907020612
201907030101
201907030102
201907030103
201907030104
201907030105
201907030106
201907030107
201907030108
201907030109
201907030110
201907030111
201907030112
201907030202
201907030203
201907030204
201907030205
201907030206
201907030207
201907030208
201907030209
201907030210
201907030211
201907030212
201907030301
201907030302
201907030303
201907030304
201907030305
201907030306
201907030307
201907030308
201907030309 -
201907030310
201907030311 -
201907030312
201907030401
201907030402
201907030403 -
201907030404
201907030405
201907030407 -
201907030408
201907030411
201907030412
201907030501
201907030502
201907030503
201907030505
201907030506
201907030507
201907030508
201907030509
201907030510
201907030511
201907030512
201907030601
201907030602
201907030604
201907030605
201907030606
201907030608
201907030609
201907030610
201907030611
201907030612
201907030701 -
201907030702
201907030703
201907030704
201907030705
201907030706
201907030707
201907030708
201907030710
201907030711
201907030712
201907030802
201907030804
201907030805
201907030806
201907030807
201907030809
201907030810
201907030811
201907030812
201907040102
201907040103
201907040104
201907040105
201907040106
201907040108
201907040109
201907040110 -
201907040111
201907040112
201907040202
201907040203 -
201907040204
201907040205
201907040206
201907040207
201907040208
201907040209
201907040210
201907040211
201907040212
201907040301
201907040302
201907040303
201907040304
201907040306
201907040307
201907040308
201907040309
201907040310
201907040311
201907040312
201907040401
201907040402
201907040403
201907040405
201907040406
201907040407
201907040408
201907040409
201907040411
201907040412
201907040502
201907040503
201907040505
201907040506
201907040507
201907040508
201907040510
201907040511
201907040512
201907040602
201907040603
201907040605
201907040606
201907040607
201907040608
201907040609
201907040610
201907040611
201907040612
201908010102
201908010103
201908010104
201908010105
201908010106
201908010107
201908010108 -
201908010109
201908010110
201908010111
201908010112
201908010201
201908010202
201908010203
201908010205
201908010206
201908010207
201908010208
201908010210
201908010211
201908010212
201908010301
201908010304
201908010305
201908010306
201908010307
201908010308
201908010309
201908010310
201908010311
201908010312
201908010401
201908010402
201908010403
201908010404
201908010405
201908010406
201908010407
201908010408
201908010410
201908010411
201908010412
201908010501
201908010502
201908010503
201908010506
201908010507
201908010508
201908010509
201908010510
201908010511
201908010512
201908010602
201908010603
201908010604
201908010605
201908010606
201908010607
201908010608
201908010609
201908010610 -
201908010611
201908010612
201908010701
201908010702
201908010703
201908010704
201908010705
201908010706
201908010707
201908010708
201908010709 -
201908010710
201908010711
201908020101 -
201908020102
201908020103
201908020104
201908020105
201908020106
201908020107
201908020109 -
201908020110
201908020111
201908020112
201908020201
201908020202
201908020203
201908020204 -
201908020205 -
201908020206
201908020207
201908020208
201908020209
201908020210 -
201908020211
201908020212
201908020301
201908020302
201908020303
201908020305
201908020306
201908020307
201908020308
201908020309
201908020310
201908020311
201908020312
201908020401
201908020402
201908020403
201908020404
201908020405
201908020406
201908020407
201908020408
201908020409
201908020410
201908020411 -
201908020412
201908020501
201908020502 -
201908020503
201908020505
201908020506
201908020508
201908020509 -
201908020510 -
201908020511
201908020512
201908020601
201908020602
201908020603
201908020604
201908020605
201908020606
201908020607
201908020608
201908020609
201908020610
201908020611
201908020612
201908020701
201908020702
201908020703
201908020706 -
201908020707
201908020708
201908020709 -
201908020710
201908020712
201908020801
201908020802
201908020803
201908020805
201908020806
201908020807
201908020808
201908020809 -
201908020810 -
201908020811
201908020812
201908030101
201908030102
201908030103
201908030104
201908030105
201908030106
201908030107
201908030108
201908030109 -
201908030110 -
201908030111
201908030112
201908030202
201908030205
201908030206 -
201908030207
201908030208
201908030209
201908030210
201908030212
201908030301
201908030303
201908030304
201908030305
201908030306 -
201908030307
201908030308
201908030309
201908030310
201908030312
201908030401
201908030402
201908030403
201908030404
201908030405
201908030406
201908030407
201908030408
201908030409 -
201908030410
201908030411
201908030412
201908030501
201908030502
201908030503
201908030504
201908030505
201908030506
201908030507
201908030508
201908030509
201908030510
201908030511
201908030512
201908030601
201908030602
201908030603
201908030605
201908030606
201908030607
201908030608
201908030609
201908030610
201908030611
201908030612
201908030701
201908030703
201908030704
201908030705
201908030706 -
201908030707
201908030709
201908030711
201908030712
201908030801
201908030802
201908030803
201908030804
201908030806 -
201908030808
201908030809
201908030810
201908030811
201908030812
201908030902
201908030903
201908030904
201908030905
201908030907
201908030908
201908030909
201908030911
201908030912 -
201908031001
201908031002
201908031003
201908031004
201908031005
201908031007
201908031008 -
201908031009
201908031010 -
201908031011 -
201908031012
201908031103
201908031104
201908031105
201908031106
201908031107
201908031108
201908031109
201908031110
201908031111
201908031112
201908031201
201908031202
201908031203
201908031205
201908031206
201908031207
201908031208
201908031209
201908031210
201908031211
201908031212
201908040102
201908040103
201908040104
201908040105
201908040106
201908040107
201908040108
201908040109
201908040110
201908040111
201908040112
201908040201
201908040202
201908040203
201908040204
201908040205
201908040206 -
201908040207
201908040208
201908040210
201908040212
201908040301
201908040302
201908040303
201908040304
201908040305 -
201908040306
201908040307
201908040308
201908040309
201908040311
201908040312
201908040401
201908040402
201908040403
201908040404
201908040405
201908040406 -
201908040407
201908040408
201908040409 -
201908040410
201908040412
201908040501
201908040502
201908040504
201908040507
201908040508 -
201908040509
201908040510
201908040511
201908040512
201908040601
201908040602
201908040603
201908040605
201908040606
201908040608
201908040609
201908040610
201908040611
201908040701
201908040702
201908040703 -
201908040704
201908040705
201908040706
201908040707 -
201908040708
201908040709
201908040710
201908040711
201908040712
201908040801
201908040802
201908040803
201908040804
201908040805
201908040806
201908040807
201908040808
201908040809 -
201908040810 -
201908040811
201908040812
201908040901
201908040902
201908040903
201908040904
201908040905
201908040906 -
201908040907
201908040908 -
201908040909
201908040910
201908040911
201908040912
201908050101
201908050102
201908050103
201908050104
201908050105
201908050106
201908050109
201908050110
201908050111
201908050112
201908050201
201908050202
201908050203
201908050204
201908050206
201908050207
201908050208
201908050209
201908050210
201908050212
201908050301
201908050302
201908050304
201908050305
201908050306
201908050307
201908050308
201908050309
201908050310
201908050311
201908050312
201908050401
201908050402
201908050403
201908050404
201908050405
201908050406
201908050407
201908050408
201908050409
201908050411
201908050412
201908050501
201908050502
201908050503
201908050504
201908050505
201908050506
201908050507
201908050508
201908050509
201908050510
201908050511
201908050601
201908050603
201908050604
201908050605
201908050606
201908050607
201908050608
201908050609
201908050610
201908050611
201908050612
201908050701
201908050702
201908050703
201908050704
201908050705
201908050706
201908050707
201908050709 -
201908050710
201908050712
201908050801
201908050802
201908050803
201908050804
201908050805
201908050806
201908050807 -
201908050808
201908050809 -
201908050810
201908050811
201909010101
201909010102
201909010103
201909010104
201909010105
201909010106
201909010107
201909010109
201909010111
201909010112
201909010201
201909010202
201909010203
201909010205
201909010206
201909010207
201909010208 -
201909010209
201909010210 -
201909010211
201909010212
201909010301
201909010302
201909010303
201909010304
201909010305
201909010306
201909010307 -
201909010308
201909010309
201909010310
201909010311
201909010312
201909010401
201909010402
201909010403
201909010404
201909010406
201909010407
201909010408 -
201909010409
201909010410
201909010411
201909010412
201909010501
201909010502
201909010503
201909010504
201909010506
201909010507
201909010509 -
201909010510
201909010511
201909010512
201909010601
201909010602
201909010603
201909010604
201909010605
201909010606 -
201909010607 -
201909010608
201909010610
201909010611
201909010612
201909010702
201909010703
201909010704
201909010705
201909010706
201909010707
201909010708
201909010710
201909010711
201909010712
201909010801
201909010802
201909010803
201909010804
201909010805
201909010807
201909010808
201909010809
201909010810
201909010811
201909020101
201909020102
201909020103
201909020105
201909020106
201909020107
201909020109
201909020110
201909020111
201909020112
201909020201
201909020202
201909020203
201909020205
201909020206
201909020207
201909020208
201909020209 -
201909020210
201909020211
201909020212
201909020301
201909020302
201909020303
201909020304
201909020305
201909020307
201909020308
201909020309
201909020310
201909020311
201909020312
201909020401
201909020402
201909020403
201909020404
201909020405
201909020406
201909020407
201909020408
201909020409
201909020410
201909020411
201909020502
201909020504
201909020505
201909020507
201909020508
201909020509
201909020510
201909020511
201909020512
201909020601
201909020602
201909020603
201909020604
201909020605
201909020606
201909020607
201909020608
201909020609
201909020610
201909020611
201909020612
201909020701
201909020702
201909020703
201909020704
201909020705
201909020706
201909020708
201909020709
201909020710
201909020711
201909020712
201909020801
201909020802
201909020803
201909020804
201909020805
201909020806
201909020807
201909020808
201909020809
201909020810
201909020811
201909020812
201909030101
201909030103
201909030104
201909030106
201909030107
201909030108
201909030109
201909030110
201909030111
201909030112
201909030201
201909030202
201909030203
201909030205
201909030206
201909030207
201909030209
201909030210
201909030211 -
201909030212
201909030301
201909030302
201909030303
201909030304
201909030305 -
201909030306
201909030307
201909030309
201909030311
201909030312
201909030401
201909030402
201909030403
201909030404
201909030406
201909030408
201909030409
201909030410
201909030411
201909030412
201909030505
201909030601
201909030603
201909030605
201909030606
201909030607
201909030608 -
201909030609
201909030610
201909030611
201909030612
201909030701 -
201909030702
201909030704
201909030705 -
201909030706
201909030707
201909030708
201909030709
201909030710
201909030711
201909030801
201909030802
201909030803
201909030804
201909030805
201909030806
201909030807
201909030808
201909030809
201909030810
201909030811
201909030812
201909040101
201909040102
201909040103
201909040104
201909040107
201909040108
201909040109 -
201909040110
201909040111
201909040112
201909040202
201909040203
201909040206
201909040207
201909040208
201909040209
201909040210
201909040211
201909040301
201909040302 -
201909040303
201909040304
201909040305
201909040306
201909040307
201909040310
201909040312
201909040401 -
201909040402
201909040403
201909040404 -
201909040405
201909040406
201909040407
201909040408
201909040409 -
201909040410
201909040411
201909040412
201909040501
201909040502
201909040503
201909040504
201909040505
201909040506
201909040507
201909040508
201909040509
201909040510
201909040511
201909040512
201909040601
201909040602
201909040604
201909040605
201909040606
201909040607
201909040608 -
201909040609 -
201909040610 -
201909040611
201909040612
201909040701
201909040702
201909040704
201909040705
201909040706
201909040707
201909040708
201909040709
201909040710
201909040712
201909040801
201909040802
201909040803 -
201909040804
201909040805
201909040806
201909040809
201909040810
201909040811
201909040812
201909040901
201909040902
201909040903
201909040904
201909040905
201909040906
201909040907
201909040908
201909040909
201909040910
201909040911
201909040912
201909050101
201909050102
201909050103
201909050104
201909050105
201909050106 -
201909050107
201909050108
201909050109 -
201909050110
201909050111
201909050112
201909050201
201909050203
201909050204
201909050205 -
201909050207
201909050208
201909050209 -
201909050210
201909050211
201909050212
201909050303
201909050304
201909050305
201909050306
201909050307
201909050308
201909050309
201909050310
201909050311
201909050312
201909050401
201909050402
201909050403
201909050404
201909050405
201909050406 -
201909050407
201909050408
201909050409
201909050410
201909050411
201909050412
201909050501
201909050502
201909050503
201909050504
201909050505
201909050506
201909050507
201909050508
201909050509
201909050510
201909050511
201909050512
201909050601
201909050602
201909050603
201909050605
201909050606
201909050607
201909050609
201909050610
201909050611
201909050612
201909050701
201909050702
201909050703
201909050704
201909050705
201909050706
201909050707
201909050708
201909050709
201909050710
201909050711
201909050712
201909050801
201909050803
201909050804
201909050805
201909050806
201909050807
201909050808
201909050809
201909050810
201909050811
201909050812
201909050901
201909050902
201909050903
201909050904
201909050905
201909050906
201909050907
201909050908
201909050909
201909050910
201909050911
201910010102
201910010103
201910010104
201910010105
201910010106
201910010107
201910010108
201910010109
201910010110
201910010111
201910010112
201910010201
201910010203
201910010204
201910010205
201910010206
201910010207
201910010208
201910010209
201910010210
201910010211
201910010212
201910010301
201910010302
201910010303
201910010304
201910010305
201910010306
201910010307
201910010308
201910010309
201910010310
201910010311
201910010312
201910010401
201910010402
201910010403
201910010404
201910010405
201910010406 -
201910010407
201910010408
201910010409
201910010410
201910010411
201910010412
201910010501
201910010504
201910010505
201910010506
201910010507
201910010508
201910010509
201910010510
201910010512
201910010601
201910010602
201910010603
201910010604
201910010605
201910010606
201910010607
201910010608
201910010609
201910010610 -
201910010611
201910010612
201910010701
201910010703
201910010704
201910010705
201910010706
201910010707
201910010708
201910010709
201910010710
201910010711
201910010712
201910010801
201910010802
201910010803
201910010804
201910010805
201910010806
201910010807
201910010808
201910010809
201910010810
201910010811
201910020102
201910020103
201910020104
201910020105
201910020106
201910020107
201910020109
201910020110
201910020111
201910020112
201910020202
201910020203
201910020204
201910020206
201910020207
201910020208
201910020209
201910020210
201910020211
201910020212
201910020302
201910020303
201910020304
201910020305
201910020306
201910020307
201910020309
201910020310
201910020311
201910020312
201910020401
201910020402
201910020403
201910020405
201910020406
201910020409
201910020410
201910020411
201910020412
201910020501
201910020502
201910020503
201910020504
201910020505
201910020506
201910020507
201910020508
201910020509 -
201910020510
201910020511
201910020512
201910020601 -
201910020602
201910020603
201910020604
201910020605
201910020606
201910020607
201910020608
201910020609
201910020610
201910020611 -
201910020612
201910020702
201910020703
201910020704 -
201910020705
201910020706
201910020707
201910020708
201910020709
201910020710
201910020712
201910020801
201910020802
201910020803
201910020805
201910020806
201910020808
201910020810
201910020811
201910020812
201910020901
201910020902
201910020903
201910020904
201910020905
201910020907
201910020908
201910020910
201910020911
201910021001 -
201910021002
201910021004
201910021005
201910021006
201910021007
201910021008
201910021009
201910021010
201910021011
201910021012
201910021101
201910021102
201910021103
201910021104
201910021105
201910021106
201910021107
201910021108
201910021109
201910021110
201910021111
201910021112
201910021201
201910021202
201910021203
201910021204
201910021205
201910021206
201910021207
201910021208
201910021209
201910021210
201910021211
201910021212
202001010102
202001010103
202001010104
202001010105 -
202001010107
202001010108 -
202001010109 -
202001010110
202001010111
202001010112
202001010201 -
202001010203
202001010205 -
202001010206 -
202001010207
202001010208 -
202001010209
202001010210
202001010212
202001010301
202001010302
202001010303
202001010304
202001010305
202001010306
202001010307
202001010308
202001010309
202001010310
202001010311
202001010312
202001010401 -
202001010402
202001010404
202001010405 -
202001010406
202001010407 -
202001010409
202001010410
202001010411
202001010412
202001010501 -
202001010502 -
202001010503
202001010504
202001010505
202001010506
202001010507
202001010508
202001010509
202001010511
202001010512
202001010602
202001010603
202001010604
202001010605 -
202001010607
202001010608
202001010611
202001010612
202001020101 -
202001020102
202001020103
202001020104
202001020105 -
202001020106
202001020107
202001020108 -
202001020109
202001020110 -
202001020112
202001020201 -
202001020202
202001020203
202001020204
202001020206
202001020207
202001020208
202001020209
202001020210
202001020211
202001020212
202001020301 -
202001020302 -
202001020303
202001020305 -
202001020306
202001020308
202001020309
202001020310
202001020312
202001020401 -
202001020402
202001020403
202001020404
202001020406
202001020407
202001020408 -
202001020409
202001020410
202001020411
202001020412
202001020502
202001020503
202001020505
202001020506
202001020507
202001020508
202001020509
202001020510
202001020512
202001020602
202001020603
202001020604
202001020606
202001020607
202001020609
202001020610
202001020611
202001020612
202001020701
202001020702
202001020703
202001020704
202001020705
202001020706
202001020707
202001020708
202001020710
202001020711
202001020712
202001020801
202001020802
202001020803
202001020806
202001020807
202001020808
202001020809
202001020810
202001020811
202001020812
202002010101
202002010102
202002010103
202002010104
202002010105
202002010106
202002010107
202002010108
202002010109
202002010110
202002010111
202002010112
202002010201
202002010202
202002010203
202002010204
202002010205
202002010206
202002010207
202002010208
202002010209
202002010210
202002010211
202002010212
202002010301
202002010302
202002010303
202002010304
202002010305
202002010307
202002010308
202002010309
202002010310
202002010311
202002010312
202002010401
202002010402
202002010403
202002010404
202002010405
202002010406
202002010407
202002010408
202002010409
202002010410
202002010411
202002010412
202002010501
202002010502
202002010503
202002010504
202002010505
202002010506 -
202002010508 -
202002010509
202002010510
202002010511
202002010512
202002010601
202002010602
202002010604
202002010605
202002010606
202002010607
202002010608
202002010609
202002010610
202002010611
202002010612
202002020101 -
202002020102
202002020104
202002020105
202002020106
202002020107 -
202002020108
202002020109
202002020110 -
202002020111
202002020112
202002020201
202002020202
202002020203
202002020204
202002020205 -
202002020206
202002020207
202002020208
202002020209
202002020210
202002020211
202002020212
202002020301
202002020302
202002020303
202002020304
202002020305
202002020306
202002020307
202002020308
202002020309
202002020310 -
202002020311
202002020312
202002020401
202002020402
202002020403
202002020404
202002020405 -
202002020407
202002020408
202002020409 -
202002020410
202002020411
202002020412
202002020501
202002020502
202002020503
202002020504
202002020505 -
202002020506
202002020507
202002020508
202002020509
202002020510
202002020511
202002020512
202002020601
202002020602
202002020603
202002020604
202002020605
202002020606
202002020607
202002020608
202002020609
202002020610
202002020611
202002020612
202003010101
202003010102
202003010103
202003010106
202003010107
202003010108
202003010110
202003010111
202003010112
202003010201
202003010202
202003010203
202003010205
202003010207
202003010208
202003010209
202003010210
202003010211
202003010212
202003010301
202003010302
202003010303
202003010304
202003010305
202003010306
202003010307
202003010308
202003010310
202003010311
202003010401
202003010402
202003010403
202003010404
202003010406
202003010407
202003010408
202003010409
202003010410
202003010411
202003010412
202003010501
202003010502
202003010503
202003010505
202003010507
202003010508
202003010509
202003010510
202003010511
202003010512
202003010601
202003010603
202003010605
202003010606
202003010607
202003010608
202003010609
202003010610
202003010611
202003010612
202003010701
202003010702
202003010704
202003010705
202003010706
202003010707
202003010708
202003010709
202003010710
202003010711
202003010712
202003010801
202003010802
202003010803
202003010805
202003010807
202003010808
202003010809
202003010810
202003010811
202003010812
202003020101
202003020103
202003020104
202003020105
202003020106
202003020107
202003020108
202003020109
202003020110
202003020111
202003020112
202003020201
202003020202
202003020203
202003020204
202003020205
202003020206
202003020208
202003020209
202003020211
202003020212
202003020301
202003020302
202003020303
202003020304
202003020305
202003020306
202003020307
202003020308
202003020309
202003020310
202003020312
202003020402
202003020403
202003020404
202003020405
202003020406
202003020407
202003020408
202003020410
202003020411
202003020412
202003020501
202003020503
202003020505
202003020506
202003020507
202003020508
202003020509
202003020510
202003020511
202003020601
202003020602
202003020603
202003020604
202003020605
202003020606
202003020607
202003020608
202003020609
202003020610
202003020611
202003020612
202003030101
202003030102
202003030103
202003030104
202003030106
202003030107
202003030108
202003030109
202003030110
202003030111
202003030112
202003030201
202003030203
202003030205
202003030206
202003030207
202003030208
202003030209
202003030210
202003030211
202003030212
202003030301
202003030302
202003030303
202003030304
202003030305
202003030306
202003030307
202003030308
202003030309
202003030310
202003030311
202003030312
202003030401
202003030402
202003030403
202003030404
202003030405
202003030406
202003030407
202003030408
202003030409
202003030410
202003030411
202003030412
202003030501
202003030502
202003030503
202003030504
202003030505
202003030506
202003030507
202003030508
202003030509
202003030510
202003030511
202003030512
202003030601
202003030602
202003030604
202003030605
202003030606
202003030607
202003030608
202003030609
202003030610
202003030611
202003030612
202004010101
202004010103
202004010104
202004010105
202004010106
202004010107
202004010108
202004010109
202004010110
202004010111
202004010112
202004010201
202004010202
202004010203
202004010206
202004010207
202004010208
202004010209
202004010210
202004010211
202004010212
202004010301
202004010302
202004010303
202004010304
202004010305
202004010306
202004010307
202004010308
202004010309
202004010310
202004010311
202004010312
202004010401
202004010402
202004010403
202004010404
202004010406
202004010407
202004010408
202004010409
202004010410
202004010411
202004010412
202004010502
202004010503
202004010505
202004010506
202004010507
202004010508
202004010510
202004010511
202004010512
202004010601
202004010602
202004010603
202004010604
202004010605
202004010606
202004010607
202004010608
202004010609
202004010610
202004010611
202004010612
202004020101
202004020102
202004020103
202004020104
202004020105
202004020106
202004020107
202004020108
202004020109
202004020110
202004020111
202004020112
202004020201
202004020202
202004020203
202004020204
202004020205
202004020206
202004020207
202004020208
202004020209
202004020210
202004020211
202004020212
202004020301
202004020302
202004020303
202004020305
202004020306
202004020307
202004020309
202004020310
202004020311
202004020312
202004020401
202004020403
202004020404
202004020405
202004020406
202004020407
202004020408
202004020409
202004020410
202004020411
202004020412
202004020501
202004020502
202004020503
202004020504
202004020505
202004020506
202004020507
202004020508
202004020509
202004020511
202004020512
202004020601
202004020602
202004020603
202004020604
202004020606
202004020607
202004020608
202004020609
202004020610
202004020611
202004030101
202004030102
202004030103
202004030104
202004030105
202004030106
202004030107
202004030108
202004030109
202004030110
202004030111
202004030201
202004030202
202004030203
202004030204
202004030205
202004030206
202004030207
202004030208
202004030209
202004030210
202004030211
202004030212
202004030301
202004030302
202004030303
202004030304
202004030305
202004030306
202004030307
202004030308
202004030309
202004030310 -
202004030311
202004030312
202004030401
202004030402
202004030403
202004030404
202004030405
202004030407
202004030408
202004030409
202004030410
202004030411
202004030412
202004030503
202004030504
202004030505
202004030506
202004030507
202004030509
202004030510
202004030511
202004030512
202004030601
202004030602
202004030603
202004030606
202004030607
202004030608
202004030609
202004030610
202004030611
202004030612
202004030702
202004030703
202004030704
202004030705
202004030706
202004030707
202004030708
202004030710
202004030711
202004030801
202004030802
202004030803
202004030804
202004030805
202004030806
202004030807
202004030808 -
202004030809
202004030810
202004030811
202004040102
202004040104
202004040105
202004040106
202004040107
202004040109
202004040110
202004040111
202004040112
202004040201
202004040202
202004040203
202004040204
202004040205
202004040206
202004040207
202004040208
202004040209
202004040210
202004040211
202004040212
202004040301
202004040302
202004040303
202004040304
202004040305
202004040306
202004040307
202004040308
202004040309
202004040310
202004040311
202004040312
202004040401
202004040402
202004040403
202004040404
202004040405
202004040406
202004040408
202004040409
202004040410
202004040411
202004040412
202004040501
202004040502
202004040503
202004040505
202004040506
202004040507
202004040508
202004040509 -
202004040510
202004040511
202004040512
202004040601
202004040602
202004040603
202004040604
202004040606
202004040607
202004040608
202004040609
202004040610
202004040611
202005010101
202005010102
202005010103
202005010104
202005010105
202005010106
202005010107
202005010108
202005010109
202005010110
202005010111
202005010112
202005010201
202005010202
202005010203
202005010204
202005010205
202005010206
202005010207
202005010208
202005010209
202005010210
202005010211
202005010212
202005010301
202005010302
202005010303
202005010304
202005010305
202005010307
202005010308
202005010309
202005010310
202005010311
202005010312
202005010401
202005010402
202005010403
202005010404
202005010405
202005010406
202005010408
202005010409
202005010410
202005010411
202005010412
202005010501
202005010502
202005010503
202005010504
202005010506
202005010507
202005010508
202005010509
202005010510
202005010511
202005010512
202005010602
202005010603
202005010604
202005010605
202005010606
202005010607
202005010608
202005010609
202005010611
202005010612
202005010701
202005010702
202005010703
202005010704
202005010705
202005010706
202005010707
202005010708 -
202005010709
202005010710
202005010711
202005010712
202005010801
202005010802
202005010803
202005010804
202005010805
202005010806
202005010807
202005010808
202005010809
202005010810
202005010811
202005010812
202005020101
202005020102
202005020103
202005020104
202005020105
202005020106
202005020107
202005020108
202005020109 -
202005020110
202005020111
202005020112
202005020201
202005020202
202005020203 -
202005020204
202005020205
202005020206
202005020207
202005020209
202005020211
202005020212
202005020301
202005020302
202005020303
202005020304
202005020305
202005020306
202005020307
202005020308
202005020309
202005020310
202005020311
202005020312
202005020401
202005020402
202005020403
202005020404
202005020405
202005020406
202005020407
202005020408
202005020409
202005020410
202005020411
202005020412
202005020501
202005020502
202005020504
202005020505
202005020506
202005020507
202005020508
202005020509
202005020510
202005020511
202005020512
202005020602
202005020603
202005020605
202005020606
202005020607
202005020608
202005020610
202005020611
202005020612
202005020702
202005020703
202005020704
202005020705
202005020706
202005020707
202005020708
202005020709
202005020710
202005020711
202005020712
202005020801
202005020803
202005020804
202005020805 -
202005020806
202005020807
202005020808
202005020809 -
202005020810
202005020812
202005020902
202005020903
202005020904
202005020905
202005020906
202005020907
202005020908
202005020909 -
202005020910
202005020911
202005020912
202005021001
202005021002
202005021003
202005021004
202005021006
202005021007
202005021008
202005021009 -
202005021011
202005021012
202005021101
202005021102
202005021103
202005021104
202005021105
202005021106
202005021108
202005021110
202005021111
202005021201
202005021202
202005021203
202005021204
202005021205
202005021207
202005021208
202005021209
202005021210
202005021211
202005021212
202005030102
202005030103
202005030104
202005030105
202005030106
202005030107
202005030109
202005030110
202005030111
202005030112
202005030201
202005030202
202005030203
202005030204
202005030205
202005030206
202005030207
202005030208
202005030209 -
202005030210
202005030211
202005030212
202005030301
202005030302
202005030303
202005030304
202005030305
202005030306
202005030308 -
202005030309
202005030310
202005030312
202005030401
202005030402
202005030403
202005030404
202005030405
202005030406
202005030407
202005030408
202005030409
202005030410
202005030411
202005030412
202005030503
202005030504
202005030505
202005030506
202005030507
202005030508
202005030509
202005030510
202005030511
202005030512
202005030601
202005030602
202005030604
202005030605
202005030606
202005030607
202005030608
202005030609
202005030610
202005030611
202005030612
202005030701
202005030702
202005030703
202005030705
202005030707
202005030708
202005030710
202005030711
202005030801
202005030802
202005030803
202005030804
202005030806
202005030807
202005030808
202005030809
202005030810
202005030811
202005040101
202005040102
202005040103
202005040104
202005040105
202005040106
202005040107
202005040108
202005040109
202005040110
202005040111
202005040112
202005040201
202005040203
202005040204
202005040205
202005040206
202005040207
202005040208
202005040209
202005040210
202005040211
202005040212
202005040301
202005040302
202005040303
202005040304
202005040305
202005040306
202005040307
202005040308
202005040309
202005040310
202005040311 -
202005040401
202005040402 -
202005040403
202005040404
202005040405
202005040406
202005040407
202005040408
202005040409 -
202005040410
202005040411
202005040412
202005040501
202005040502
202005040503
202005040504
202005040505
202005040506
202005040507
202005040508
202005040509 -
202005040510
202005040511
202005040512
202005040601
202005040602 -
202005040603
202005040604
202005040605
202005040606
202005040607
202005040609 -
202005040610
202005040611
202005040612
202005040702
202005040703
202005040704
202005040705
202005040707
202005040708
202005040709
202005040710
202005040711
202005040712
202005040801
202005040802
202005040803
202005040804
202005040805
202005040806
202005040807
202005040808 -
202005040809
202005040810
202005040811
202005040812
202005050101
202005050102
202005050103
202005050106
202005050107
202005050109
202005050110
202005050111
202005050112
202005050201
202005050203
202005050204
202005050205
202005050207
202005050208
202005050209 -
202005050210
202005050211
202005050212
202005050301
202005050302
202005050303
202005050304 -
202005050305
202005050306
202005050307
202005050308
202005050309
202005050310
202005050311
202005050312
202005050401
202005050402
202005050403
202005050404
202005050405
202005050406
202005050407
202005050408
202005050409
202005050410
202005050411
202005050412
202005050501
202005050502
202005050503
202005050504
202005050505
202005050506
202005050507
202005050510
202005050511
202005050512
202005050601
202005050602
202005050603
202005050604
202005050605
202005050606
202005050608
202005050609
202005050610
202005050611
202005050612
202005050701
202005050702
202005050703
202005050705
202005050706
202005050707
202005050708
202005050709
202005050710
202005050711
202005050712
202005050801
202005050802
202005050803
202005050804
202005050805
202005050806
202005050807
202005050808
202005050809
202005050810
202005050811
202005050812
202005050901
202005050902
202005050903
202005050904
202005050905
202005050906
202005050907
202005050908
202005050909 -
202005050910
202005050911
202005050912
202006010101
202006010102
202006010103
202006010104
202006010105
202006010106
202006010108
202006010109
202006010110
202006010111
202006010112
202006010201
202006010202
202006010203
202006010204
202006010205
202006010206
202006010207
202006010208
202006010209
202006010210
202006010211
202006010212
202006010301
202006010302
202006010303
202006010304
202006010305
202006010306
202006010307
202006010309
202006010310
202006010311
202006010401
202006010403
202006010405
202006010406
202006010407
202006010408
202006010409
202006010410
202006010411
202006010412
202006010501
202006010503
202006010504
202006010505
202006010506
202006010507
202006010508
202006010510
202006010511
202006010512
202006010601
202006010602
202006010603
202006010605
202006010606 -
202006010607
202006010608
202006010609
202006010610
202006010611
202006010612
202006010701
202006010702
202006010703
202006010704
202006010705
202006010706
202006010707
202006010708
202006010709
202006010710
202006010711
202006010712
202006010801
202006010802
202006010803
202006010804
202006010805
202006010806
202006010807
202006010808
202006010809
202006010810
202006010811
202006010812
202006010905
202006010907
202006010908
202006010909
202006010910
202006010912 -
202006020101
202006020102
202006020103
202006020104
202006020105
202006020106
202006020107
202006020108
202006020109
202006020110
202006020112
202006020201
202006020202
202006020203
202006020204
202006020205
202006020207
202006020208
202006020209 -
202006020210
202006020211
202006020212
202006020301
202006020302
202006020303
202006020304
202006020305
202006020306
202006020307 -
202006020309
202006020310
202006020311
202006020312
202006020401
202006020402
202006020403
202006020404
202006020405
202006020406
202006020408
202006020409
202006020410
202006020411
202006020412
202006020501
202006020502
202006020504
202006020505
202006020506
202006020507
202006020508
202006020509
202006020510
202006020511
202006020512
202006020601
202006020602
202006020603
202006020604
202006020605
202006020606
202006020607
202006020608
202006020609
202006020610
202006020611
202006020612
202006020701
202006020702
202006020704
202006020705
202006020706
202006020707
202006020709
202006020710
202006020711
202006020712
202006020801
202006020802
202006020805
202006020806
202006020807 -
202006020808
202006020809 -
202006020810
202006020811
202006020812
202006020901
202006020902
202006020903
202006020904
202006020905
202006020906
202006020907
202006020908
202006020909
202006020911
202006030101
202006030102
202006030103
202006030104
202006030105
202006030106
202006030107
202006030108
202006030109
202006030110
202006030111
202006030112
202006030201
202006030202
202006030203
202006030205
202006030206
202006030207
202006030208
202006030209
202006030210
202006030211
202006030212
202006030301
202006030302
202006030303
202006030305
202006030306
202006030307
202006030308
202006030309
202006030310
202006030311
202006030401
202006030402
202006030403
202006030404
202006030405
202006030407
202006030408
202006030409
202006030410
202006030411
202006030412
202006030505
202006030506
202006030507
202006030509
202006030510
202006030511
202006030512
202006030602
202006030603
202006030604
202006030605
202006030606 -
202006030607
202006030608
202006030609
202006030610
202006030611
202006030612
202006030701
202006030702
202006030703
202006030704
202006030705
202006030707
202006030708
202006030710
202006030712
202006030801
202006030803
202006030804
202006030805
202006030806
202006030807
202006030808
202006030809
202006030810
202006030811
202006030812
202006040102
202006040103
202006040105
202006040106
202006040107
202006040108
202006040109
202006040110
202006040111
202006040112
202006040204
202006040205
202006040206
202006040208
202006040209
202006040210
202006040211
202006040212
202006040301
202006040302
202006040303
202006040304
202006040305
202006040306
202006040307
202006040308
202006040309
202006040310
202006040311
202006040312
202006040401
202006040402
202006040403
202006040404
202006040405
202006040406
202006040407
202006040408
202006040409
202006040410
202006040411
202006040412
202006040501 -
202006040502
202006040503
202006040504
202006040505
202006040506
202006040507
202006040508
202006040509
202006040510
202006040511
202006040512
202006040601
202006040602
202006040604
202006040606
202006040607
202006040608
202006040609 -
202006040610
202006040611
202006040701
202006040702
202006040703
202006040704
202006040705
202006040706
202006040707
202006040708
202006040709
202006040710
202006040711
202006040712
202006040802
202006040803
202006040804
202006040805
202006040806
202006040808
202006040809
202006040810
202006040811
202006040812
202006040901
202006040902
202006040904
202006040905
202006040906
202006040907
202006040908
202006040909
202006040910
202006040911
202006040912
202006050101
202006050102
202006050103
202006050105
202006050107
202006050108
202006050109
202006050110
202006050111
202006050112
202006050201
202006050202
202006050203
202006050204
202006050205
202006050207
202006050209
202006050210
202006050211
202006050212
202006050301
202006050302
202006050303
202006050304
202006050305
202006050306
202006050307
202006050308
202006050309
202006050310
202006050311
202006050312
202006050401
202006050402
202006050403
202006050404
202006050405
202006050406
202006050407
202006050408
202006050409
202006050410
202006050411
202006050412
202006050501
202006050502
202006050503
202006050505
202006050506
202006050507
202006050509
202006050510
202006050511
202006050512
202006050601
202006050603
202006050605
202006050606
202006050607
202006050608
202006050609
202006050611
202006050612
202006050702
202006050703
202006050704
202006050705
202006050706
202006050707
202006050708
202006050709
202006050712
202006050802
202006050803
202006050804
202006050805
202006050806
202006050807
202006050808
202006050809
202006050810
202006050812
202007010101
202007010102
202007010103
202007010105
202007010106
202007010107
202007010108
202007010109
202007010110
202007010111
202007010112
202007010202
202007010203
202007010204
202007010205
202007010206
202007010207 -
202007010208
202007010209
202007010210
202007010211
202007010212
202007010302
202007010303
202007010305
202007010306
202007010307
202007010308
202007010309
202007010310
202007010311
202007010312
202007010401
202007010402
202007010403
202007010405
202007010406
202007010407
202007010408 -
202007010409
202007010410
202007010411
202007010501
202007010504
202007010505
202007010506
202007010507
202007010508
202007010509
202007010510
202007010511
202007010512
202007010601
202007010602
202007010603
202007010604
202007010605
202007010606
202007010607
202007010608
202007010609
202007010610
202007010611
202007010612
202007010701
202007010702
202007010703
202007010705
202007010706
202007010707
202007010708
202007010709
202007010710
202007010711
202007010712
202007010801
202007010802
202007010803
202007010804
202007010805
202007010806
202007010807
202007010809
202007010810
202007010812
202007020102
202007020103
202007020104
202007020105
202007020106
202007020107
202007020108 -
202007020109
202007020110
202007020111
202007020112
202007020201
202007020202
202007020203
202007020204
202007020205
202007020206
202007020207
202007020208
202007020209
202007020211
202007020212
202007020301
202007020302
202007020306
202007020307
202007020308
202007020309 -
202007020310
202007020311
202007020312
202007020401
202007020402
202007020403
202007020404
202007020405
202007020406
202007020407
202007020408
202007020409
202007020410
202007020411
202007020412
202007020501
202007020502
202007020503
202007020504
202007020505
202007020506
202007020507
202007020508
202007020509
202007020510
202007020511
202007020512
202007020601
202007020602
202007020603
202007020604
202007020605
202007020606
202007020607
202007020608
202007020609
202007020610
202007020611
202007020612
202007020701
202007020702
202007020703
202007020704
202007020705
202007020706
202007020707
202007020708
202007020709
202007020710
202007020712
202007020801
202007020802
202007020804
202007020806
202007020807
202007020808
202007020809 -
202007020810
202007020811
202007020812
202007020901
202007020902
202007020903
202007020904
202007020905
202007020906
202007020907
202007020908
202007020909
202007020910
202007020911
202007020912
202007030101
202007030102
202007030103
202007030104
202007030105
202007030106
202007030107
202007030108
202007030109
202007030110
202007030111
202007030112
202007030201
202007030202
202007030203
202007030204
202007030205
202007030206
202007030207
202007030208
202007030209 -
202007030210
202007030211
202007030212
202007030302
202007030303
202007030304
202007030305
202007030306
202007030307
202007030308
202007030309
202007030311
202007030312
202007030401
202007030402
202007030403
202007030404
202007030406
202007030407
202007030408
202007030409
202007030410 -
202007030411
202007030412
202007030501
202007030502
202007030503
202007030505
202007030506
202007030507
202007030508
202007030509
202007030510
202007030511
202007030512
202007030601
202007030602
202007030603
202007030605
202007030606
202007030607
202007030608
202007030609
202007030610
202007030611
202007030612
202008010101
202008010102
202008010103
202008010105
202008010106
202008010107
202008010109 -
202008010110
202008010111
202008010112
202008010201
202008010202
202008010204
202008010205
202008010206
202008010207
202008010208
202008010209
202008010210
202008010211
202008010301
202008010302
202008010303
202008010304
202008010305
202008010306
202008010307 -
202008010308
202008010309
202008010310
202008010311
202008010312
202008010401
202008010402
202008010403
202008010404
202008010405
202008010406
202008010407
202008010408
202008010409
202008010411
202008010412
202008010501
202008010502
202008010503
202008010505
202008010507
202008010508
202008010509
202008010510
202008010511
202008010512
202008010601
202008010603
202008010604
202008010605
202008010607
202008010608
202008010609
202008010610
202008010611
202008010703
202008010704
202008010705
202008010706
202008010707
202008010708
202008010709
202008010710 -
202008010711
202008010712
202008010802
202008010803
202008010805
202008010806
202008010807
202008010808
202008010809
202008010810
202008010811
202008010812
202008010901
202008010902
202008010903
202008010904
202008010905
202008010906
202008010907
202008010908 -
202008010909
202008010910 -
202008010911
202008010912
202008020101
202008020102
202008020103
202008020105
202008020106
202008020107
202008020109
202008020110
202008020111
202008020112
202008020201
202008020202
202008020203
202008020205
202008020207 -
202008020208
202008020209
202008020210
202008020211
202008020212
202008020302
202008020303
202008020305
202008020306
202008020307
202008020308
202008020309
202008020310
202008020311
202008020312
202008020401
202008020402
202008020403
202008020405
202008020406
202008020407
202008020408
202008020409
202008020410
202008020411 -
202008020412
202008020501
202008020502
202008020504
202008020506
202008020507
202008020508
202008020509 -
202008020510
202008020511
202008020512
202008020601
202008020602
202008020603
202008020605
202008020606
202008020607
202008020608
202008020609 -
202008020612
202008020701
202008020702
202008020703
202008020705
202008020706
202008020707 -
202008020708
202008020709 -
202008020710
202008020711
202008020712
202008020801
202008020803
202008020805
202008020806
202008020807
202008020808
202008020810
202008020811
202008020812
202008030101
202008030102
202008030103
202008030104
202008030105
202008030106
202008030107
202008030108
202008030109
202008030110
202008030112
202008030202
202008030203
202008030204
202008030205
202008030206
202008030207
202008030209
202008030210
202008030212
202008030301
202008030302
202008030303
202008030304
202008030305
202008030306
202008030307
202008030308
202008030309
202008030310
202008030312
202008030401
202008030403
202008030404
202008030405
202008030406
202008030408
202008030409
202008030410
202008030411
202008030412
202008030501
202008030502
202008030503
202008030504
202008030505
202008030506
202008030507
202008030509
202008030510
202008030511
202008030512
202008030602
202008030604
202008030605
202008030606
202008030607 -
202008030608
202008030609
202008030610
202008030611
202008030701
202008030702
202008030703
202008030704
202008030705
202008030706
202008030707
202008030709
202008030710
202008030711
202008030712
202008030801
202008030802
202008030803
202008030804
202008030805
202008030806
202008030807
202008030808
202008030809
202008030810
202008030811
202008030812
202008030901
202008030902
202008030903
202008030904
202008030906
202008030907 -
202008030908
202008030909
202008030910
202008030911
202008030912
202008031001
202008031002
202008031003
202008031004
202008031005
202008031007 -
202008031008
202008031009
202008031010
202008031011
202008031012
202008031101
202008031102
202008031107
202008031108
202008031109 -
202008031110
202008031111
202008031112
202008031201
202008031202
202008031203
202008031205
202008031206
202008031207
202008031208
202008031209
202008031210
202008031211 -
202008031212
202008040101
202008040102
202008040103
202008040104
202008040105
202008040106
202008040107 -
202008040108
202008040109
202008040110
202008040111
202008040112
202008040201
202008040202
202008040203
202008040204
202008040205
202008040206
202008040208 -
202008040209 -
202008040210
202008040211
202008040212
202008040301
202008040302
202008040303
202008040304
202008040305
202008040306
202008040307
202008040310
202008040311
202008040312
202008040402 -
202008040404
202008040405
202008040406
202008040407
202008040408
202008040409 -
202008040410
202008040411
202008040412
202008040501
202008040502
202008040503
202008040504
202008040505
202008040506
202008040507
202008040508
202008040509 -
202008040510
202008040511
202008040512
202008040601
202008040602
202008040603
202008040604
202008040605
202008040606
202008040607
202008040609
202008040612
202008040701
202008040702
202008040703
202008040705
202008040706
202008040708
202008040709 -
202008040711
202008040712
202008040801
202008040802
202008040803
202008040804
202008040805
202008040806
202008040808 -
202008040809
202008040810
202008040811
202009010101 -
202009010102
202009010103
202009010104
202009010105
202009010106
202009010107
202009010108
202009010109
202009010110
202009010112
202009010201
202009010202
202009010203
202009010204
202009010205
202009010206
202009010207
202009010208
202009010209
202009010212
202009010301
202009010302
202009010303
202009010304
202009010305
202009010306
202009010307
202009010308
202009010309
202009010310
202009010311
202009010312
202009010401
202009010402
202009010403
202009010404
202009010405
202009010406 -
202009010407
202009010408
202009010409 -
202009010410
202009010411
202009010412
202009010501
202009010502
202009010503
202009010504
202009010505
202009010506
202009010507
202009010508
202009010509
202009010510
202009010511
202009010512
202009010601
202009010602
202009010603
202009010604
202009010605
202009010606
202009010608
202009010609
202009010610
202009010611
202009010612
202009010701
202009010704
202009010705
202009010706
202009010708 -
202009010710
202009010712
202009010802
202009010803
202009010804
202009010805
202009010806
202009010807
202009010808
202009010809
202009010810
202009010811
202009010812
202009010901
202009010902
202009010903
202009010905
202009010906
202009010907 -
202009010908
202009010909
202009010910
202009010911
202009010912
202009020101
202009020102
202009020103
202009020106
202009020107
202009020108 -
202009020109
202009020110
202009020111
202009020112
202009020201
202009020202
202009020204
202009020205
202009020206
202009020208
202009020209
202009020210
202009020211
202009020212
202009020302
202009020303
202009020306 -
202009020307
202009020308
202009020309 -
202009020310
202009020311
202009020312
202009020401
202009020402
202009020403
202009020404
202009020405
202009020406
202009020407
202009020408
202009020409
202009020410
202009020411
202009020412
202009020501
202009020502
202009020503
202009020504
202009020505
202009020506
202009020507 -
202009020509
202009020510
202009020511
202009020512
202009020601
202009020602
202009020603
202009020604
202009020605
202009020606
202009020607
202009020608
202009020609
202009020610
202009020611
202009020612
202009020701
202009020703
202009020704
202009020705
202009020706
202009020707
202009020708
202009020709
202009020710
202009020711
202009020712
202009020801
202009020802
202009020803
202009020804
202009020805
202009020806 -
202009020807
202009020808 -
202009020809
202009020810 -
202009020811
202009030102
202009030103
202009030104
202009030105
202009030106
202009030107
202009030108
202009030109
202009030110
202009030111
202009030112
202009030202
202009030203
202009030204
202009030205
202009030206
202009030207
202009030208
202009030209
202009030210
202009030211
202009030212
202009030301
202009030302
202009030303
202009030304
202009030305 -
202009030306
202009030307
202009030308
202009030309
202009030310
202009030312
202009030402
202009030404
202009030405
202009030407
202009030408
202009030411
202009030412
202009030501
202009030503
202009030505
202009030506
202009030507
202009030508
202009030509
202009030510
202009030511
202009030512
202009030602
202009030603
202009030604
202009030605
202009030606
202009030607
202009030608
202009030609
202009030610
202009030611
202009030612
202009030701
202009030702
202009030703
202009030704
202009030705 -
202009030706
202009030707
202009030708
202009030710
202009030711
202009030712
202009030801
202009030803
202009030804
202009030805
202009030806
202009030807
202009030808
202009030809
202009030810
202009030811
202009030812
202009040101
202009040102
202009040103
202009040105
202009040106
202009040107
202009040108
202009040109
202009040110
202009040112
202009040202
202009040203
202009040204
202009040205
202009040207
202009040208
202009040209
202009040210
202009040211
202009040212
202009040301
202009040302
202009040303
202009040305
202009040306 -
202009040307
202009040308
202009040309
202009040310
202009040311
202009040312
202009040402
202009040403
202009040406
202009040407
202009040408
202009040409
202009040410
202009040411
202009040412
202009040501
202009040502
202009040503
202009040505
202009040506
202009040507
202009040508
202009040509
202009040510
202009040511
202009040512
202009040601
202009040602
202009040603
202009040604
202009040605
202009040606
202009040608
202009040609
202009040610
202009040611
202009040612
202009050101
202009050102
202009050103
202009050104
202009050105 -
202009050106
202009050107
202009050109
202009050110
202009050111
202009050112
202009050201
202009050202
202009050203
202009050204
202009050205
202009050206
202009050207 -
202009050208
202009050209
202009050210
202009050211
202009050212
202009050301
202009050302
202009050303
202009050304
202009050305
202009050306
202009050307
202009050309
202009050310
202009050312
202009050401
202009050402
202009050403
202009050404
202009050405
202009050406
202009050407
202009050408
202009050410
202009050411
202009050412
202009050501
202009050503
202009050504
202009050505 -
202009050507
202009050508
202009050509
202009050510
202009050511
202009050512
202009050601
202009050602
202009050603
202009050604
202009050605 -
202009050606
202009050607
202009050608
202009050609 -
202009050610
202009050611
202009050612
202009050701
202009050703
202009050704 -
202009050705
202009050706
202009050707
202009050708
202009050709
202009050710
202009050711
202009050712
202009050801
202009050802
202009050803
202009050804
202009050805
202009050806
202009050807
202009050808
202009050809
202009050811
202009050812
202009050901
202009050902
202009050903
202009050904
202009050905
202009050906
202009050907
202009050908
202009050909
202009050910
202009050911
202009050912
202009060101
202009060102
202009060103
202009060104
202009060105
202009060106
202009060107
202009060108 -
202009060109
202009060110
202009060111
202009060112
202009060201
202009060202
202009060203
202009060204 -
202009060205
202009060206
202009060207
202009060208
202009060209
202009060210
202009060211
202009060212
202009060301
202009060303
202009060304
202009060305
202009060306
202009060307
202009060309 -
202009060310 -
202009060311
202009060312
202009060401
202009060402
202009060403
202009060404
202009060405
202009060406
202009060407
202009060408
202009060409
202009060410
202009060411
202009060412
202009060503
202009060504
202009060505
202009060506
202009060507
202009060508
202009060509
202009060510
202009060511
202009060512
202009060602
202009060603
202009060604
202009060605
202009060606
202009060607
202009060608
202009060609
202009060610
202009060611
202009060612
202009060701
202009060702
202009060703
202009060704
202009060705
202009060706
202009060707
202009060708
202009060709
202009060710
202009060711
202009060712
202009060801
202009060802
202009060803
202009060804
202009060807 -
202009060808
202009060809
202009060810
202009060811
202010010101
202010010102
202010010103
202010010105
202010010106
202010010107
202010010108
202010010109
202010010110
202010010111
202010010112
202010010201
202010010202
202010010203
202010010204
202010010205
202010010206
202010010207
202010010208
202010010209
202010010210 -
202010010211
202010010301
202010010302
202010010303
202010010304
202010010305
202010010306
202010010307
202010010308
202010010309 -
202010010310
202010010311
202010010312
202010010401
202010010402
202010010403
202010010404
202010010405
202010010406
202010010407
202010010408
202010010410
202010010411
202010010412
202010010501
202010010502
202010010503
202010010504
202010010505
202010010506
202010010507
202010010508
202010010509 -
202010010510 -
202010010511
202010010512
202010010601
202010010602
202010010603
202010010604
202010010605
202010010606
202010010608
202010010609 -
202010010610
202010010611
202010010612
202010010701
202010010702
202010010704
202010010705
202010010706
202010010707
202010010708
202010010709
202010010710
202010010711
202010010712
202010010801
202010010802
202010010804
202010010805
202010010806
202010010807
202010010809
202010010810
202010010811
202010010901
202010010902
202010010903
202010010904
202010010906
202010010907
202010010908
202010010910
202010010911
202010010912
202010011001
202010011002
202010011003
202010011004
202010011005
202010011007
202010011008
202010011009
202010011010
202010011011
202010011012
202010011101
202010011103
202010011104
202010011105
202010011106 -
202010011107
202010011108
202010011109
202010011110
202010011111
202010011112
202010011202
202010011203
202010011205
202010011206
202010011207
202010011208
202010011209
202010011210
202010011211
202010011212
202010020101
202010020102
202010020104
202010020105
202010020106
202010020107
202010020108
202010020109
202010020110
202010020111
202010020112
202010020201
202010020202
202010020203
202010020204
202010020205
202010020206
202010020207
202010020208
202010020210
202010020211
202010020212
202010020301
202010020302
202010020304
202010020305
202010020306
202010020307
202010020308
202010020309
202010020310
202010020311
202010020312
202010020402
202010020404
202010020406
202010020407
202010020408
202010020409
202010020410
202010020411
202010020412
202010020501
202010020502
202010020503
202010020504
202010020505
202010020506
202010020507
202010020508
202010020509
202010020510
202010020511
202010020512
202010020601
202010020602
202010020603
202010020604
202010020605
202010020606
202010020607
202010020608
202010020609
202010020610
202010020611
202010020612
202010020701
202010020703
202010020704
202010020705
202010020706
202010020708
202010020709
202010020710
202010020711
202010020802
202010020803
202010020804
202010020805
202010020807
202010020808
202010020809
202010020810 -
202010020811
202010020812
202101010101
202101010102
202101010103
202101010104
202101010106
202101010107
202101010108
202101010109
202101010110 -
202101010111
202101010112
202101010201
202101010202
202101010203
202101010204
202101010205
202101010206
202101010207
202101010208
202101010210
202101010211
202101010212
202101010301
202101010302
202101010303
202101010304
202101010305
202101010306 -
202101010307
202101010308
202101010309
202101010310 -
202101010311
202101010312
202101010401
202101010402
202101010403
202101010404
202101010405
202101010406
202101010407
202101010408
202101010409
202101010410
202101010412
202101010501
202101010502
202101010503
202101010504
202101010505 -
202101010506
202101010507
202101010509
202101010510
202101010511
202101010512
202101010601
202101010602
202101010603
202101010604
202101010605
202101010606
202101010607
202101010608
202101010609
202101010610
202101010611
202101010612
202101020101 -
202101020102
202101020103
202101020104
202101020105
202101020107
202101020108
202101020109
202101020110 -
202101020112
202101020201
202101020202
202101020203
202101020204
202101020205 -
202101020206
202101020207
202101020208
202101020209
202101020210
202101020211
202101020212
202101020302
202101020304
202101020306
202101020307
202101020308
202101020310
202101020311
202101020401
202101020402
202101020403
202101020404
202101020405
202101020406
202101020407
202101020408
202101020409
202101020410
202101020412
202101020501 -
202101020502
202101020503
202101020504
202101020506
202101020507
202101020508
202101020509
202101020510
202101020511
202101020601
202101020602
202101020603
202101020604
202101020605
202101020607
202101020609
202101020611
202101020701
202101020702
202101020703
202101020704
202101020705
202101020707
202101020708
202101020709
202101020710
202101020712
202101020802
202101020803
202101020804
202101020806
202101020807
202101020808
202101020809
202101020810
202101020811
202101020812
202102010101
202102010102
202102010103
202102010104
202102010105
202102010106
202102010107
202102010108
202102010110
202102010111
202102010112
202102010201
202102010202
202102010203
202102010204
202102010205
202102010206
202102010207
202102010208
202102010209
202102010210
202102010211
202102010212
202102010301
202102010302
202102010303
202102010304
202102010305
202102010306
202102010307
202102010308
202102010309
202102010310
202102010311
202102010312
202102010401
202102010402
202102010403
202102010404
202102010405
202102010406
202102010407
202102010408
202102010409
202102010410
202102010411
202102010412
202102010501
202102010502
202102010503
202102010504
202102010506
202102010507
202102010508
202102010509
202102010510
202102010511
202102010512
202102010601
202102010602
202102010603
202102010604
202102010605
202102010606
202102010607
202102010608
202102010609
202102010611
202102010612
202102010701
202102010702
202102010703
202102010704
202102010705
202102010707
202102010708
202102010709
202102010710
202102010711
202102010712
202102010802
202102010803
202102010804
202102010805 -
202102010806
202102010807
202102010809
202102010810
202102010811
202102010812
202102010901
202102010902
202102010903
202102010904
202102010905
202102010906
202102010907
202102010908
202102010909
202102010910
202102010911
202102010912
202102011001
202102011002
202102011003
202102011004
202102011005 -
202102011006
202102011007
202102011009
202102011010
202102011011
202102011012
202102011101
202102011102
202102011103
202102011104
202102011105
202102011106
202102011107
202102011108
202102011109
202102011110
202102011111
202102011112
202102011201
202102011202
202102011203
202102011204
202102011205
202102011206
202102011207
202102011208
202102011209
202102011210
202102011211
202102011212
202103010101
202103010102
202103010103
202103010104
202103010105
202103010106
202103010107
202103010108 -
202103010109
202103010110
202103010111
202103010112
202103010201
202103010203
202103010204
202103010205
202103010206
202103010207
202103010208
202103010209
202103010210
202103010211
202103010212
202103010301
202103010304
202103010305
202103010306
202103010307
202103010308
202103010309 -
202103010310
202103010311
202103010312
202103010401
202103010402
202103010403
202103010405
202103010407
202103010408
202103010409
202103010410
202103010411
202103010412
202103010502
202103010503
202103010504
202103010505
202103010506
202103010507
202103010508
202103010509
202103010510
202103010511
202103010512
202103010601
202103010602
202103010603
202103010604
202103010605
202103010606
202103010607
202103010608
202103010609
202103010611
202103010612
202103020101
202103020102
202103020103
202103020104
202103020105
202103020106
202103020107
202103020108
202103020109
202103020110
202103020111
202103020112
202103020202
202103020203
202103020205
202103020206
202103020207
202103020208
202103020210
202103020211
202103020212
202103020303
202103020304
202103020305
202103020306
202103020307
202103020308
202103020309
202103020310
202103020311
202103020312
202103020401
202103020402
202103020403
202103020405
202103020406
202103020407
202103020408
202103020409
202103020410
202103020411
202103020412
202103020501
202103020502
202103020503
202103020504
202103020505
202103020506
202103020507
202103020508
202103020509
202103020510
202103020512
202103020601
202103020602
202103020603
202103020606
202103020608
202103020609
202103020610
202103020611
202103020612
202104010101
202104010102
202104010103
202104010105
202104010106
202104010107
202104010108
202104010109
202104010110 -
202104010111
202104010112
202104010201
202104010203
202104010204
202104010205
202104010206
202104010207
202104010208
202104010209
202104010210
202104010211
202104010212
202104010301
202104010303
202104010304
202104010305
202104010306
202104010307
202104010308
202104010309
202104010310
202104010311
202104010312
202104010401
202104010402
202104010404
202104010405
202104010406
202104010407
202104010408
202104010409
202104010410
202104010411
202104010412
202104010501
202104010503
202104010504
202104010505
202104010506
202104010507
202104010508
202104010509
202104010512
202104010601
202104010602
202104010603
202104010604
202104010605
202104010606
202104010607
202104010608
202104010609 -
202104010610
202104010611
202104010612
202104010701
202104010702
202104010703
202104010704
202104010705
202104010706
202104010707
202104010708
202104010709
202104010710 -
202104010711
202104010801
202104010802
202104010803
202104010804
202104010805
202104010806
202104010807
202104010808
202104010809
202104010810
202104010811
202104010812
202104020101
202104020102
202104020103
202104020105
202104020106
202104020107
202104020108
202104020109
202104020110
202104020111
202104020112
202104020201
202104020202
202104020204
202104020205
202104020206
202104020207
202104020208
202104020209
202104020210
202104020211
202104020212
202104020301
202104020302
202104020303
202104020304
202104020305
202104020306
202104020307
202104020308
202104020309
202104020310
202104020311
202104020312 -
202104020401
202104020402
202104020403
202104020405
202104020406
202104020407
202104020408
202104020409
202104020410
202104020411
202104020412
202104020501
202104020502
202104020503
202104020506
202104020507
202104020508
202104020509
202104020510
202104020511
202104020512
202104020601
202104020602
202104020603
202104020605
202104020607
202104020608
202104020609
202104020610
202104020611
202104020612
202104030101
202104030103
202104030105
202104030107
202104030109
202104030110
202104030111
202104030112
202104030202
202104030203
202104030204
202104030205
202104030207
202104030208
202104030209
202104030210
202104030212
202104030301
202104030304
202104030305
202104030306
202104030307
202104030308
202104030309
202104030310
202104030311
202104030312
202104030402
202104030403
202104030404
202104030405
202104030407
202104030408
202104030409
202104030410
202104030411
202104030412
202104030501
202104030503
202104030504
202104030505
202104030506
202104030508
202104030509 -
202104030510
202104030511
202104030512
202104030601
202104030602
202104030603
202104030604
202104030605
202104030606
202104030607
202104030609
202104030610
202104030611
202104030612
202104040101
202104040103
202104040104
202104040105
202104040107
202104040108
202104040109
202104040110
202104040111
202104040202
202104040203
202104040204
202104040205
202104040206
202104040207
202104040208
202104040209
202104040210
202104040212
202104040302
202104040303
202104040306
202104040307
202104040308
202104040309
202104040310
202104040311
202104040312
202104040401 -
202104040402
202104040403
202104040404
202104040405
202104040406
202104040407
202104040409
202104040410
202104040411
202104040412
202104040501
202104040502
202104040504
202104040505
202104040506
202104040507
202104040508
202104040509
202104040510
202104040511
202104040512
202104040602
202104040603
202104040604
202104040605
202104040606
202104040608
202104040609
202104040610
202104040611
202104040702
202104040703
202104040705
202104040706
202104040707
202104040708
202104040709
202104040710
202104040711
202104040712
202104040802
202104040803
202104040804
202104040805
202104040806
202104040807
202104040808
202104040809
202104040810
202104040811
202104040812
202104050101
202104050103
202104050104
202104050105
202104050106
202104050107
202104050108
202104050110
202104050201
202104050203
202104050204
202104050205
202104050206
202104050207
202104050208
202104050209
202104050211
202104050212
202104050302
202104050303
202104050304
202104050305
202104050306
202104050307
202104050308
202104050309
202104050310
202104050312
202104050401
202104050402
202104050403
202104050404
202104050405
202104050407
202104050408
202104050409
202104050410
202104050411
202104050412
202104050502
202104050503
202104050504
202104050505
202104050506
202104050507
202104050508
202104050509
202104050510
202104050512
202104050601
202104050602
202104050603
202104050604
202104050605
202104050606
202104050607
202104050608
202104050609
202104050610
202104050611 -
202104050612
202104050701
202104050702
202104050703
202104050704
202104050705
202104050706
202104050707
202104050708
202104050709
202104050710
202104050711
202104050712
202104050801
202104050802
202104050803
202104050804
202104050805
202104050806
202104050807
202104050808
202104050809
202104050810
202104050811
202104050812
202105010101
202105010102
202105010103
202105010104
202105010105
202105010106
202105010107
202105010108
202105010109
202105010110
202105010111
202105010112
202105010201
202105010203
202105010204
202105010205
202105010206
202105010207 -
202105010208
202105010209 -
202105010210
202105010211
202105010301
202105010302
202105010303
202105010304
202105010306
202105010307
202105010308
202105010309
202105010310
202105010311
202105010312
202105010401
202105010402
202105010403
202105010404
202105010405
202105010406
202105010407
202105010408
202105010409
202105010410
202105010411
202105010412
202105010501
202105010502
202105010503
202105010504
202105010505
202105010506
202105010507
202105010508
202105010509
202105010510
202105010511
202105010512
202105010601
202105010603
202105010604
202105010605
202105010606
202105010607
202105010608
202105010609
202105010610
202105010611
202105010612
202105010701
202105010702
202105010703
202105010704
202105010705
202105010706
202105010707
202105010708
202105010709
202105010710
202105010711
202105010712
202105010801
202105010802
202105010803
202105010804
202105010806
202105010808
202105010809
202105010810
202105010811
202105010812
202105020102
202105020103
202105020104
202105020105
202105020106
202105020108 -
202105020109
202105020110
202105020112
202105020201
202105020203
202105020205
202105020207
202105020208
202105020209
202105020210
202105020211
202105020212
202105020301
202105020302
202105020303
202105020305
202105020306
202105020307
202105020308
202105020309
202105020310
202105020311
202105020312
202105020401
202105020402
202105020403
202105020405
202105020406
202105020407
202105020409
202105020410
202105020411
202105020412
202105020501
202105020502
202105020503
202105020504
202105020505
202105020506
202105020507
202105020508
202105020509
202105020510
202105020512
202105020601
202105020602
202105020603
202105020604
202105020605
202105020606
202105020607
202105020608 -
202105020609
202105020610
202105020701
202105020703
202105020704
202105020705
202105020709
202105020710
202105020711
202105020712
202105020801
202105020802
202105020803
202105020804
202105020805
202105020806
202105020807 -
202105020808
202105020809
202105020811
202105020812
202105020901
202105020902
202105020903
202105020904
202105020905
202105020906
202105020907
202105020908
202105020909
202105020910 -
202105020911
202105020912
202105021001
202105021002
202105021003
202105021005
202105021006
202105021007
202105021008
202105021009
202105021010
202105021011
202105021012
202105021101
202105021102
202105021103
202105021104
202105021105
202105021106
202105021107
202105021109
202105021110
202105021111
202105021112
202105021201
202105021202
202105021203
202105021204
202105021205
202105021206
202105021207
202105021208 -
202105021209
202105021210
202105021211
202105021212
202105030101
202105030102
202105030103
202105030104
202105030106
202105030107
202105030109
202105030110
202105030111
202105030112
202105030201
202105030202
202105030203
202105030204
202105030205
202105030206
202105030207
202105030208
202105030209
202105030210
202105030211
202105030212
202105030302
202105030303
202105030305
202105030306
202105030307
202105030308
202105030309
202105030310
202105030312
202105030401
202105030403
202105030404
202105030405 -
202105030406
202105030407
202105030408
202105030409
202105030410
202105030411
202105030412
202105030501
202105030502
202105030503
202105030504
202105030505
202105030506
202105030507
202105030508 -
202105030509
202105030510
202105030511
202105030512
202105030602
202105030603
202105030604
202105030605
202105030606
202105030607
202105030608
202105030609
202105030610
202105030612
202105030702
202105030703
202105030704
202105030705
202105030706
202105030707
202105030708
202105030709
202105030710
202105030711 -
202105030712
202105030801
202105030802
202105030803
202105030804
202105030805
202105030806
202105030807
202105030808
202105030809
202105030810
202105030811
202105030812
202105040101
202105040102
202105040103
202105040104
202105040105
202105040106
202105040107
202105040108
202105040109
202105040110
202105040111 -
202105040112
202105040201
202105040202
202105040203
202105040205
202105040206
202105040207
202105040208
202105040209
202105040211
202105040212
202105040301
202105040302
202105040303
202105040304
202105040305
202105040306
202105040307
202105040308 -
202105040309
202105040310
202105040311
202105040401
202105040402
202105040403
202105040405
202105040406
202105040407
202105040408
202105040409
202105040410
202105040411
202105040412
202105040501
202105040502
202105040503
202105040504
202105040505
202105040506
202105040507
202105040508
202105040509 -
202105040510
202105040511
202105040512
202105040601
202105040602
202105040603
202105040604
202105040605
202105040606 -
202105040607
202105040608
202105040610
202105040611
202105040612
202105040701
202105040702
202105040704
202105040705
202105040706
202105040707
202105040708
202105040709
202105040710
202105040711
202105040712
202105040801
202105040802
202105040803
202105040805
202105040806
202105040808 -
202105040809 -
202105040810
202105040811
202105040812
202105050101
202105050102
202105050103
202105050104
202105050105
202105050106
202105050107
202105050108
202105050109
202105050110
202105050111
202105050112
202105050201
202105050202
202105050203
202105050204
202105050205
202105050206
202105050207
202105050208
202105050209 -
202105050210
202105050211
202105050212
202105050301
202105050302
202105050303
202105050304
202105050305
202105050306
202105050307
202105050308
202105050310
202105050311
202105050312
202105050401
202105050402
202105050403
202105050404
202105050405
202105050407
202105050408
202105050409
202105050410 -
202105050411
202105050412
202105050501
202105050502
202105050503
202105050504
202105050505
202105050506
202105050507
202105050509
202105050510
202105050511
202105050512
202105050601
202105050602
202105050603
202105050604
202105050606 -
202105050607
202105050608
202105050609
202105050610
202105050611
202105050612
202105050701
202105050702
202105050703
202105050705
202105050707
202105050708
202105050709
202105050710
202105050711
202105050712
202105050801
202105050802
202105050803
202105050804
202105050805
202105050806
202105050807
202105050808 -
202105050809
202105050810
202105050811
202105050812
202106010101
202106010102
202106010103
202106010104
202106010105
202106010106
202106010107
202106010108
202106010109
202106010110
202106010111
202106010112
202106010203
202106010204
202106010205
202106010206
202106010207
202106010209
202106010210
202106010211
202106010301
202106010302
202106010303
202106010304
202106010305
202106010307
202106010308
202106010309
202106010310
202106010311
202106010312
202106010401
202106010402
202106010403
202106010405
202106010406
202106010407
202106010408
202106010409
202106010410
202106010411
202106010412
202106010501
202106010502
202106010503
202106010506
202106010507
202106010508
202106010509
202106010510
202106010511
202106010601
202106010602
202106010603
202106010605
202106010606
202106010607
202106010608
202106010609
202106010610
202106010611
202106010612
202106010701
202106010702
202106010703
202106010704
202106010705
202106010706
202106010707
202106010708
202106010709 -
202106010710
202106010711
202106010712
202106010801
202106010803
202106010804
202106010805
202106010806
202106010807
202106010808
202106010809 -
202106010811
202106010812
202106020101
202106020102
202106020103
202106020104
202106020105
202106020106
202106020107
202106020108
202106020109
202106020110
202106020111
202106020112
202106020201
202106020202
202106020203
202106020204
202106020205
202106020206 -
202106020207
202106020208
202106020209
202106020210
202106020211
202106020212
202106020301
202106020302
202106020303
202106020304
202106020305
202106020306
202106020307
202106020308
202106020309
202106020310
202106020311
202106020312
202106020401
202106020403
202106020404
202106020405
202106020406
202106020408
202106020409
202106020410
202106020411
202106020412
202106020501
202106020502
202106020503
202106020504
202106020505
202106020506
202106020507
202106020508
202106020509
202106020510
202106020511
202106020512
202106020601
202106020602
202106020603
202106020605
202106020607
202106020608
202106020609
202106020610
202106020611
202106020612
202106020701
202106020702
202106020703
202106020704
202106020705
202106020706
202106020707
202106020708
202106020709
202106020710
202106020711
202106020712
202106020802
202106020803
202106020804
202106020806
202106020807
202106020808
202106020810
202106020811
202106020812
202106030101
202106030102
202106030103
202106030104
202106030105
202106030106 -
202106030107
202106030109
202106030110
202106030111
202106030112
202106030202
202106030203
202106030205
202106030206
202106030207
202106030208 -
202106030209
202106030210
202106030212
202106030302
202106030303
202106030304
202106030305
202106030306
202106030308
202106030310
202106030312
202106030401
202106030402
202106030403
202106030405
202106030407
202106030408
202106030409
202106030410
202106030411
202106030412
202106030501
202106030502
202106030504
202106030505
202106030506
202106030507
202106030508 -
202106030509
202106030510
202106030511
202106030512
202106030601
202106030602
202106030603
202106030604
202106030605
202106030606
202106030607
202106030608
202106030610
202106030611
202106030701
202106030702
202106030703
202106030705
202106030706
202106030707
202106030708
202106030709
202106030710
202106030711 -
202106030712
202106030801
202106030802
202106030803
202106030804
202106030805
202106030807
202106030809
202106030810
202106030811
202106040101
202106040102
202106040103
202106040105
202106040106
202106040107
202106040108
202106040109 -
202106040110
202106040111
202106040112
202106040201
202106040202
202106040203
202106040204
202106040205
202106040206
202106040208 -
202106040209
202106040210
202106040211
202106040212
202106040301
202106040302
202106040303
202106040304
202106040305
202106040306
202106040307
202106040308
202106040309
202106040310
202106040311
202106040312
202106040401
202106040402
202106040403
202106040404
202106040405
202106040406
202106040407
202106040408
202106040409
202106040410
202106040411
202106040412
202106040501
202106040503
202106040504
202106040505
202106040506
202106040507
202106040508
202106040509
202106040510 -
202106040511
202106040512
202106040601
202106040602
202106040603
202106040604
202106040605
202106040606
202106040607
202106040609
202106040610
202106040611
202106040612
202106040701
202106040702
202106040703
202106040704
202106040706
202106040707
202106040708
202106040709
202106040710
202106040711
202106040712
202106040802
202106040803
202106040806
202106040807
202106040808
202106040809
202106040810
202106040811
202106040812
202106040901
202106040902
202106040903
202106040904
202106040905
202106040906
202106040907
202106040908
202106040909 -
202106040910
202106040911
202106050101
202106050102
202106050103
202106050104
202106050105
202106050107
202106050109
202106050110
202106050111
202106050112
202106050201
202106050202
202106050203
202106050204
202106050205 -
202106050207
202106050208
202106050209
202106050210
202106050211
202106050212 -
202106050301
202106050302
202106050303
202106050304
202106050305
202106050306 -
202106050307
202106050308
202106050310
202106050311
202106050312
202106050401
202106050402
202106050403
202106050405
202106050406
202106050407
202106050409
202106050410
202106050411
202106050412
202106050501
202106050502
202106050503
202106050504
202106050505
202106050506
202106050507
202106050508
202106050509
202106050510
202106050511
202106050512
202106050601
202106050602
202106050603
202106050604
202106050605
202106050606
202106050607
202106050608
202106050609
202106050610
202106050611
202106050612
202106050701
202106050702
202106050703
202106050704
202106050707
202106050708
202106050709
202106050710
202106050711
202106050712
202106050801
202106050802
202106050803
202106050804
202106050805
202106050806
202106050807
202106050808
202106050809
202106050810
202106050811
202106050812
202106050901
202106050902
202106050903
202106050904
202106050905 -
202106050906
202106050908
202106050909
202106050910
202106050911
202106050912
202107010101
202107010102
202107010104
202107010105
202107010106 -
202107010107
202107010110
202107010111
202107010112
202107010201
202107010202
202107010203
202107010205
202107010206
202107010207
202107010208
202107010209
202107010210
202107010211
202107010212
202107010301
202107010302
202107010303
202107010304
202107010305
202107010306
202107010308
202107010309
202107010310
202107010311
202107010312
202107010401
202107010402
202107010403
202107010404
202107010405
202107010406
202107010407
202107010408
202107010410
202107010411
202107010412
202107010502
202107010503
202107010504
202107010505
202107010506
202107010508
202107010509
202107010510
202107010511
202107010512
202107010601
202107010602
202107010603
202107010604
202107010605
202107010606
202107010607
202107010608
202107010609 -
202107010610
202107010611
202107010612
202107010702
202107010703
202107010704
202107010705
202107010706
202107010707
202107010708
202107010709
202107010710 -
202107010711
202107010712
202107010801
202107010802
202107010803
202107010804
202107010805
202107010806
202107010807
202107010808 -
202107010809 -
202107010810
202107010811
202107010812
202107010901
202107010902
202107010903
202107010904
202107010906
202107010907 -
202107010908
202107010909 -
202107010910
202107010912
202107011001
202107011002
202107011004
202107011005
202107011006
202107011007
202107011008
202107011009
202107011010
202107011011
202107011012
202107011101
202107011102
202107011103
202107011104
202107011106
202107011107
202107011108 -
202107011109
202107011110
202107011111
202107011112
202107011201
202107011202
202107011203
202107011204
202107011205
202107011206
202107011207
202107011208
202107011209
202107011210
202107011211
202107011212
202107020101
202107020102
202107020103
202107020104
202107020105
202107020106
202107020107
202107020108
202107020109
202107020110
202107020111
202107020112 -
202107020201
202107020202
202107020203
202107020204
202107020205
202107020206
202107020207
202107020208 -
202107020209
202107020210
202107020211
202107020212
202107020301
202107020302
202107020304
202107020305
202107020306
202107020307
202107020308
202107020309
202107020310
202107020311
202107020312
202107020401
202107020402
202107020404
202107020405
202107020406
202107020407
202107020408 -
202107020409
202107020410
202107020411
202107020412
202107020501
202107020502
202107020503
202107020504
202107020505
202107020506
202107020507
202107020508
202107020509
202107020510
202107020512
202107020601
202107020602
202107020603
202107020604
202107020605
202107020606
202107020607
202107020610
202107020611
202107020612
202107030101
202107030102
202107030103
202107030104
202107030105
202107030106
202107030107 -
202107030108
202107030109
202107030110 -
202107030111
202107030112
202107030202
202107030203
202107030204
202107030205 -
202107030206
202107030207
202107030208 -
202107030209
202107030210
202107030211
202107030212
202107030301
202107030302
202107030303
202107030304 -
202107030305
202107030307
202107030308
202107030309
202107030310
202107030312
202107030402
202107030403
202107030404
202107030405
202107030406 -
202107030408
202107030409 -
202107030411
202107030412
202107030501
202107030502
202107030503
202107030504
202107030505
202107030507
202107030508
202107030509
202107030510
202107030511
202107030512 -
202107030602
202107030603
202107030604
202107030605
202107030606 -
202107030607
202107030608
202107030609
202107030610
202107030611
202107030612
202107030701
202107030702
202107030703
202107030704
202107030705
202107030706
202107030707
202107030708
202107030709
202107030710
202107030801
202107030802
202107030805
202107030806
202107030807
202107030808
202107030809
202107030812
202107040101
202107040102
202107040104
202107040105
202107040106
202107040107
202107040108
202107040109
202107040110
202107040111
202107040202
202107040203
202107040204
202107040205
202107040206
202107040208 -
202107040209
202107040210
202107040211
202107040212
202107040301
202107040302
202107040303
202107040304
202107040305
202107040306
202107040307
202107040308 -
202107040309 -
202107040310
202107040311
202107040312
202107040401
202107040402
202107040403
202107040405
202107040406
202107040408
202107040409
202107040410
202107040411
202107040412
202107050101 -
202107050102
202107050104
202107050105
202107050106
202107050107
202107050109
202107050110
202107050111
202107050112
202107050201
202107050202
202107050203
202107050204
202107050206
202107050207
202107050208 -
202107050209 -
202107050211
202107050212
202107050301
202107050302
202107050304
202107050305
202107050306
202107050307
202107050308
202107050309
202107050311
202107050312
202107050401
202107050402 -
202107050403
202107050404
202107050405 -
202107050406
202107050407
202107050408
202107050409
202107050410
202107050411
202107050412
202107050501
202107050502
202107050503
202107050504
202107050505
202107050506
202107050507
202107050509 -
202107050510
202107050511
202107050512
202107050601 -
202107050602
202107050603
202107050606
202107050607
202107050608
202107050609 -
202107050610
202107050611
202107050612
202107050702
202107050703
202107050704
202107050705
202107050706
202107050707
202107050708
202107050709
202107050710
202107050711
202107050801
202107050802
202107050803
202107050804
202107050806
202107050807
202107050808
202107050809 -
202107050810
202107050811
202107050812
202107050901
202107050902
202107050904
202107050905
202107050906
202107050907
202107050909 -
202107050910
202107050911
202107050912
202107060101
202107060103
202107060104
202107060105
202107060106
202107060107
202107060108
202107060109
202107060110
202107060111
202107060112
202107060201
202107060202
202107060203
202107060204
202107060205 -
202107060206
202107060207
202107060208
202107060209
202107060210
202107060211
202107060212
202107060301
202107060302
202107060303
202107060304
202107060305
202107060306
202107060307
202107060308
202107060309
202107060310
202107060311
202107060401
202107060402
202107060403
202107060404
202107060405
202107060406
202107060407
202107060408
202107060409
202107060410
202107060411
202107060412
202107060501
202107060502
202107060503
202107060504
202107060505
202107060506
202107060507
202107060508
202107060509
202107060510
202107060511
202107060601
202107060602
202107060603
202107060604
202107060605
202107060606
202107060607
202107060608
202107060609
202107060610
202107060611
202107060612
202109010101
202109010102
202109010103
202109010104
202109010105
202109010106
202109010107
202109010108
202109010109
202109010110
202109010111
202109010112
202109010201
202109010202
202109010203
202109010204
202109010205
202109010207 -
202109010208 -
202109010209
202109010210
202109010211
202109010212
202109010301
202109010302
202109010303
202109010304
202109010305
202109010306
202109010307
202109010308
202109010309
202109010310
202109010311
202109010312
202109010401
202109010402
202109010403
202109010404
202109010405
202109010406
202109010407
202109010408 -
202109010409
202109010410
202109010411
202109010412
202109010501
202109010502
202109010503
202109010504
202109010505
202109010506
202109010507
202109010508
202109010509
202109010510
202109010511
202109010512
202109010601
202109010603
202109010604
202109010605
202109010606
202109010607
202109010608 -
202109010609
202109010610 -
202109010611
202109010612
202109010701
202109010702
202109010703
202109010704
202109010705
202109010706 -
202109010707
202109010708 -
202109010709
202109010710
202109010711
202109010801
202109010802 -
202109010803
202109010804
202109010805
202109010806
202109010807
202109010808
202109010809 -
202109010810
202109010811
202109010812
202109010901
202109010902
202109010903
202109010904
202109010905
202109010906
202109010907
202109010909
202109010910
202109010911
202109010912
202109011001
202109011002
202109011003
202109011004
202109011005
202109011006 -
202109011007
202109011008
202109011009 -
202109011010
202109011011
202109011101
202109011102 -
202109011103
202109011105
202109011106
202109011107
202109011108 -
202109011109
202109011110
202109011111
202109011112
202109011201
202109011202
202109011203
202109011204
202109011205
202109011206 -
202109011207
202109011208
202109011209
202109011210
202109011212
202109020101
202109020102
202109020103
202109020104
202109020105
202109020106
202109020107
202109020108
202109020109
202109020110
202109020111
202109020112
202109020201
202109020203
202109020204
202109020205
202109020206
202109020207
202109020209
202109020210
202109020211
202109020212
202109020301
202109020302
202109020303
202109020304
202109020305
202109020306
202109020307
202109020309 -
202109020310
202109020311
202109020312
202109020401
202109020402
202109020403
202109020404
202109020405
202109020406
202109020407
202109020408
202109020409
202109020410
202109020411
202109020412
202109020501
202109020502
202109020503
202109020504
202109020505
202109020506
202109020507
202109020508
202109020509
202109020510
202109020511
202109020512
202109020601
202109020602
202109020604
202109020605 -
202109020609
202109020610
202109020611
202109020612
202109020701
202109020702
202109020703
202109020704
202109020705
202109020706
202109020707
202109020708
202109020709
202109020710
202109020711
202109020712
202109020801
202109020802
202109020803
202109020805
202109020806 -
202109020807
202109020808
202109020809 -
202109020810
202109020811
202109020812
202109020901 -
202109020902
202109020904
202109020905
202109020906
202109020907 -
202109020908
202109020909 -
202109020910
202109020911
202109020912
202109021001
202109021002
202109021003
202109021004
202109021005
202109021006
202109021007
202109021008
202109021010
202109021012
202109021103
202109021104
202109021105
202109021106
202109021107
202109021108
202109021109
202109021110
202109021111
202109021112
202109021203
202109021205
202109021206
202109021207
202109021208 -
202109021209
202109021210
202109021211
202109021212
202109030101
202109030102
202109030103
202109030104
202109030105
202109030106
202109030107
202109030108 -
202109030109 -
202109030110
202109030112
202109030201
202109030202
202109030203
202109030204
202109030206
202109030207
202109030208
202109030209
202109030210
202109030211
202109030301
202109030302
202109030303
202109030304
202109030305
202109030306
202109030307
202109030308
202109030309 -
202109030310
202109030311
202109030312
202109030401
202109030402
202109030403
202109030404
202109030405
202109030406
202109030407
202109030408
202109030409
202109030410
202109030411
202109030412
202109040101
202109040103 -
202109040104
202109040105
202109040106
202109040107
202109040109
202109040110
202109040111
202109040112
202109040201
202109040202
202109040203 -
202109040204
202109040205
202109040206
202109040207
202109040208
202109040209
202109040210
202109040211
202109040212
202109040301
202109040302
202109040303
202109040304 -
202109040305
202109040306
202109040307
202109040308
202109040310
202109040311
202109040312
202109040401
202109040402
202109040403
202109040404
202109040405
202109040406 -
202109040408
202109040409 -
202109040410
202109040411
202109040501
202109040503
202109040504
202109040505
202109040506
202109040507
202109040508
202109040509
202109040510
202109040511
202109040512
202109040601
202109040602
202109040603
202109040604
202109040605
202109040606
202109040607
202109040608
202109040609
202109040610
202109040611
202109040612
202109040701
202109040702
202109040703
202109040704
202109040705
202109040706
202109040707 -
202109040708
202109040710
202109040711
202109040712
202109040801
202109040802
202109040803
202109040804
202109040805
202109040806
202109040807
202109040808
202109040809
202109040810
202109040811
202109040812
202109050102
202109050103
202109050105
202109050106
202109050107
202109050108
202109050109
202109050111
202109050112
202109050202
202109050203
202109050204
202109050205 -
202109050207
202109050208
202109050209
202109050210
202109050211
202109050212
202109050302
202109050303
202109050304
202109050306
202109050307
202109050308
202109050309
202109050310
202109050311 -
202109050312
202109050401
202109050402
202109050403
202109050404
202109050405
202109050406
202109050407
202109050408 -
202109050409 -
202109050410
202109050411
202109050412
202109050501
202109050502
202109050503
202109050505
202109050506
202109050507
202109050508
202109050509 -
202109050510
202109050511
202109050512
202109050602
202109050603
202109050604
202109050605 -
202109050606
202109050607
202109050609
202109050611
202109050612
202109050702
202109050703
202109050704
202109050705
202109050706 -
202109050707
202109050708
202109050710
202109050711
202109050712
202109050801
202109050802
202109050803
202109050804
202109050805 -
202109050806 -
202109050807
202109050808
202109050809 -
202109050810
202109050811
202109050812
202109060102
202109060104
202109060105
202109060106
202109060107
202109060108
202109060109
202109060110
202109060111
202109060112
202109060201
202109060203
202109060204
202109060205
202109060206
202109060207
202109060208
202109060209 -
202109060210 -
202109060211
202109060212
202109060301
202109060302
202109060305
202109060306
202109060307
202109060308
202109060309
202109060310
202109060311
202109060312
202109060401 -
202109060402
202109060403
202109060404
202109060405
202109060406
202109060407
202109060408
202109060409
202109060410
202109060411
202109060412
202109060501
202109060502
202109060503
202109060504
202109060505
202109060506
202109060507
202109060508
202109060509
202109060510
202109060511
202109060512
202109060601
202109060602
202109060604
202109060605
202109060606 -
202109060607
202109060608
202109060611
202109060612
202109060701
202109060702
202109060703
202109060704
202109060705
202109060706
202109060707
202109060708
202109060709
202109060710
202109060712
202109060801
202109060802
202109060803
202109060804
202109060806
202109060807
202109060808
202109060809
202109060810
202109060811
202109060812
202109060901
202109060902
202109060903
202109060905
202109060906
202109060907
202109060908
202109060909
202109060910
202109060912
202110010101
202110010102
202110010103
202110010104
202110010106
202110010107
202110010109
202110010111
202110010112
202110010201 -
202110010202
202110010203
202110010205
202110010206
202110010207
202110010208
202110010209
202110010210
202110010211
202110010212
202110010301
202110010302
202110010303
202110010304
202110010306
202110010307
202110010309
202110010310
202110010311
202110010312
202110010401
202110010402
202110010403
202110010405
202110010406
202110010407
202110010408
202110010409
202110010410
202110010411
202110010412
202110010501
202110010503
202110010504
202110010505
202110010506
202110010507
202110010510
202110010511
202110010512
202110010601
202110010602
202110010603
202110010605
202110010607
202110010608
202110010609
202110010610
202110010611
202110010612
202110010701
202110010703
202110010704
202110010706
202110010707
202110010709
202110010710
202110010711
202110010712
202110010801
202110010802
202110010804
202110010805 -
202110010807
202110010808 -
202110010809
202110010810
202110010811
202110010812
202110020101
202110020102
202110020103
202110020104
202110020105
202110020106
202110020107
202110020108
202110020109
202110020110
202110020111
202110020112
202110020201
202110020202
202110020203
202110020205
202110020206
202110020207
202110020208
202110020209
202110020211
202110020212
202110020301
202110020302
202110020303
202110020304
202110020305
202110020306
202110020307
202110020308
202110020309
202110020310
202110020311
202110020312
202110020401
202110020402
202110020403
202110020404
202110020405
202110020406
202110020407
202110020408
202110020410
202110020411
202110020412
202110020501
202110020502
202110020504
202110020505
202110020506
202110020507
202110020508
202110020509
202110020510
202110020511
202110020512
202110020601
202110020602
202110020603
202110020604
202110020605
202110020606
202110020607
202110020608 -
202110020609
202110020610
202110020611
202110020612
202110020702
202110020703
202110020706
202110020707
202110020708
202110020711
202110020712
202110020801
202110020803
202110020805
202110020806
202110020807
202110020808
202110020809
202110020810
202110020811
202110030101 -
202110030102
202110030103
202110030104
202110030105
202110030106
202110030107
202110030108 -
202110030109
202110030110
202110030111
202110030112
202110030201 -
202110030202
202110030204
202110030206
202110030207 -
202110030208
202110030209 -
202110030210 -
202110030211
202110030212 -
202110030302
202110030303
202110030304 -
202110030305 -
202110030306
202110030307
202110030308
202110030309
202110030310
202110030311 -
202110030312
202110030401
202110030402
202110030403
202110030404
202110030405 -
202110030406 -
202110030407
202110030408
202110030409
202110030410 -
202110030411
202110030501 -
202110030502
202110030503
202110030504
202110030505 -
202110030506
202110030508
202110030510
202110030511
202110030512
202110030601
202110030602
202110030603
202110030605 -
202110030606
202110030607
202110030608
202110030609
202110030610
202110030611
202110030612
202110040101
202110040102
202110040103
202110040105
202110040106
202110040107
202110040108
202110040109
202110040110
202110040111
202110040201
202110040202
202110040205
202110040206
202110040207
202110040208
202110040210
202110040212
202110040301
202110040302
202110040303
202110040307
202110040308
202110040309
202110040310 -
202110040311
202110040312
202110040401 -
202110040402
202110040403
202110040404
202110040405
202110040406
202110040407
202110040408
202110040409
202110040410
202110040411
202110040412 -
202110040502
202110040503
202110040504
202110040505
202110040506
202110040507
202110040508 -
202110040509
202110040510
202110040511
202110040512
202110040602
202110040603
202110040604
202110040605
202110040606 -
202110040608
202110040609
202110040610
202110040611
202110040612
202110040701
202110040702
202110040704
202110040705
202110040706
202110040707
202110040709
202110040710
202110040711
202110040712
202110040801
202110040802
202110040803
202110040804
202110040805
202110040806
202110040807
202110040809
202110040810
202110040811
202110040812
202201010102
202201010103
202201010104
202201010105
202201010106
202201010107
202201010108
202201010109 -
202201010111
202201010201
202201010202
202201010203
202201010204
202201010205
202201010206
202201010207
202201010208
202201010209
202201010210
202201010211
202201010212
202201010301 -
202201010302
202201010303
202201010304
202201010307
202201010308
202201010309
202201010310
202201010311
202201010312
202201010401 -
202201010402
202201010403
202201010404
202201010405 -
202201010406
202201010407
202201010408
202201010409
202201010411
202201010412
202201010501
202201010502
202201010503
202201010504
202201010505 -
202201010506
202201010507
202201010508
202201010509
202201010510
202201010511
202201010512
202201010601
202201010602
202201010603
202201010604
202201010605
202201010606
202201010607
202201010608
202201010609
202201010610
202201010611
202201010612
202201020101
202201020102
202201020103
202201020104
202201020105
202201020106
202201020107
202201020108
202201020109
202201020110
202201020111
202201020112
202201020201
202201020202
202201020203
202201020205
202201020206
202201020207
202201020208
202201020209
202201020210
202201020211
202201020212
202201020301
202201020302
202201020303
202201020304
202201020306
202201020307
202201020308
202201020309
202201020310
202201020312 -
202201020401
202201020402
202201020404
202201020405 -
202201020406
202201020407
202201020408
202201020409
202201020410
202201020411
202201020412
202201020502 -
202201020503
202201020504
202201020505 -
202201020507
202201020508
202201020510
202201020511
202201020512
202201020601 -
202201020602
202201020603
202201020604
202201020605 -
202201020607
202201020608
202201020609
202201020701
202201020703
202201020704
202201020705
202201020706
202201020707
202201020708
202201020709
202201020711
202201020712
202201020801 -
202201020802
202201020803
202201020804
202201020805
202201020806
202201020807
202201020808
202201020809
202201020810
202201020811
202201020812
202202010103
202202010104
202202010105
202202010106
202202010107
202202010108
202202010110
202202010111
202202010112
202202010201
202202010202
202202010203
202202010205
202202010207
202202010208
202202010209
202202010210
202202010211
202202010212
202202010301
202202010302
202202010303
202202010304
202202010305
202202010306 -
202202010307
202202010308
202202010309 -
202202010310
202202010311
202202010312
202202010401
202202010402
202202010403
202202010404
202202010405 -
202202010406
202202010407
202202010408
202202010409
202202010410
202202010411
202202010412
202202010501
202202010502 -
202202010503
202202010504
202202010505 -
202202010506
202202010507
202202010508
202202010509
202202010510
202202010512
202202010601
202202010602
202202010603
202202010604
202202010605 -
202202010606
202202010607
202202010608
202202010609
202202010610
202202010611
202202010612
202202010701 -
202202010702
202202010703
202202010705 -
202202010706 -
202202010707
202202010708
202202010709
202202010710
202202010711
202202010712
202202010801
202202010802
202202010803
202202010804
202202010805 -
202202010806
202202010807
202202010808
202202010809
202202010810
202202010811
202202010902
202202010903
202202010904
202202010905
202202010906
202202010907
202202010908
202202010909 -
202202010910
202202010911
202202010912
202202011001
202202011003
202202011004
202202011006
202202011007 -
202202011008
202202011009
202202011010
202202011012
202202011101 -
202202011103
202202011104
202202011105
202202011106
202202011107
202202011108
202202011109
202202011110
202202011111
202202011112
202202011201 -
202202011202
202202011203
202202011204
202202011205
202202011207
202202011210
202202011211
202202011212
202203010101
202203010102
202203010103
202203010104
202203010105
202203010106
202203010107
202203010109
202203010110
202203010111
202203010112
202203010201
202203010202
202203010203
202203010207
202203010208
202203010210
202203010211
202203010212
202203010301
202203010303
202203010307
202203010308
202203010309
202203010310
202203010311
202203010312
202203010401
202203010402
202203010403
202203010405
202203010406
202203010407
202203010408
202203010409
202203010410
202203010411
202203010412
202203010501
202203010502
202203010503
202203010504
202203010505
202203010506
202203010507
202203010508
202203010509
202203010510
202203010511
202203010512
202203010601
202203010602
202203010603
202203010605
202203010606
202203010607
202203010608
202203010609
202203010611
202203010612
202203020102
202203020103
202203020104
202203020105
202203020106
202203020107
202203020108
202203020109
202203020110
202203020111
202203020201 -
202203020203
202203020204
202203020205
202203020206
202203020209
202203020210
202203020211
202203020301
202203020303
202203020304
202203020305
202203020306
202203020307
202203020308
202203020309
202203020310
202203020312
202203020401
202203020402
202203020404
202203020405
202203020406
202203020407
202203020408
202203020409
202203020410
202203020411
202203020412
202203020501
202203020502
202203020504 -
202203020505
202203020507
202203020508
202203020509
202203020510
202203020511
202203020512
202203020601
202203020602
202203020604
202203020605
202203020606
202203020608
202203020609
202203020611
202203020701
202203020702
202203020704
202203020705
202203020706
202203020707
202203020708
202203020709
202203020710
202203020711
202203020802
202203020805
202203020806
202203020807
202203020808
202203020809
202203020811
202203020812
202203030101
202203030102
202203030103
202203030105 -
202203030106
202203030107
202203030108
202203030109
202203030110
202203030111
202203030112
202203030201
202203030202
202203030203
202203030206
202203030207
202203030208
202203030209
202203030210
202203030212
202203030301
202203030303
202203030304
202203030305
202203030306
202203030307
202203030308
202203030309
202203030310
202203030312
202203030402
202203030403
202203030404 -
202203030406
202203030407
202203030408
202203030409
202203030410
202203030411
202203030412
202203030502
202203030503
202203030504
202203030505
202203030506
202203030507
202203030508
202203030509
202203030510
202203030512
202203030601
202203030602
202203030603
202203030605
202203030606
202203030607
202203030608
202203030609
202203030610
202203030611
202203030612
202204010102
202204010103
202204010105
202204010106
202204010107 -
202204010108
202204010109
202204010110
202204010111
202204010112
202204010201
202204010202
202204010203
202204010204
202204010205
202204010207
202204010208
202204010209
202204010210
202204010211
202204010212
202204010301
202204010302
202204010303
202204010304
202204010305
202204010306
202204010307
202204010308
202204010309 -
202204010310
202204010312
202204010401
202204010402
202204010403
202204010404
202204010406
202204010407
202204010408
202204010409
202204010410
202204010411
202204010412
202204010502
202204010503
202204010504
202204010505
202204010506
202204010507
202204010508
202204010509
202204010510
202204010511
202204010512
202204010602
202204010603
202204010604
202204010605
202204010606
202204010608
202204010609
202204010610
202204010611
202204010612
202204010701
202204010702
202204010703
202204010704
202204010705
202204010706
202204010707
202204010708
202204010709
202204010710
202204010712
202204010801
202204010802
202204010803
202204010804
202204010805
202204010806
202204010807
202204010808
202204010809
202204010810
202204010811
202204010812
202204020102
202204020103
202204020104
202204020105
202204020106
202204020107
202204020108
202204020109
202204020110
202204020112
202204020201
202204020202 -
202204020203
202204020204
202204020205
202204020208
202204020209
202204020210
202204020211
202204020212
202204020301
202204020303
202204020305
202204020306
202204020308
202204020309
202204020310
202204020311
202204020312
202204020401
202204020402
202204020403
202204020404
202204020405
202204020406
202204020407
202204020408
202204020409
202204020410
202204020411
202204020412
202204030101
202204030103
202204030104
202204030107
202204030108
202204030109
202204030110
202204030111
202204030112
202204030202
202204030204
202204030205
202204030206
202204030207
202204030210
202204030211
202204030212
202204030301
202204030302
202204030303
202204030304 -
202204030305
202204030306
202204030307
202204030308
202204030309
202204030310
202204030311
202204030312
202204030402
202204030403
202204030404
202204030405
202204030406
202204030407
202204030408
202204030409
202204030410
202204030411
202204030412
202204030501
202204030502
202204030504
202204030505
202204030506
202204030507
202204030508
202204030509
202204030510
202204030511
202204030512
202204030602
202204030603
202204030604
202204030605
202204030606
202204030607
202204030608 -
202204030609
202204030610
202204030611
202204030612
202204030701
202204030702
202204030703
202204030704
202204030705 -
202204030706
202204030707
202204030708
202204030709
202204030710
202204030711
202204030712
202204030801
202204030803
202204030804
202204030805
202204030807
202204030808
202204030809
202204030810
202204030811
202204030812
202204040101
202204040102
202204040103
202204040105
202204040106
202204040107
202204040108
202204040109
202204040110
202204040111
202204040112
202204040201
202204040202
202204040203
202204040204
202204040205
202204040206
202204040207
202204040209
202204040210
202204040211
202204040212
202204040301
202204040302
202204040303
202204040304
202204040305
202204040307
202204040308
202204040309
202204040310
202204040311
202204040312
202204040401
202204040402
202204040403
202204040404
202204040405
202204040406
202204040407
202204040408
202204040409
202204040410
202204040411
202204040412
202204040503
202204040504
202204040506
202204040508
202204040509
202204040510
202204040512
202204040601
202204040602
202204040603
202204040605
202204040606
202204040607
202204040608
202204040609
202204040610
202204040611
202204040612
202205010101
202205010102
202205010103
202205010104
202205010105
202205010106
202205010107
202205010108
202205010109
202205010111
202205010201
202205010202
202205010203
202205010204
202205010205
202205010206
202205010207
202205010208
202205010209 -
202205010210 -
202205010211
202205010212 -
202205010301
202205010302
202205010303
202205010304
202205010305
202205010306
202205010307
202205010308
202205010309
202205010310
202205010311
202205010312
202205010401
202205010402
202205010403
202205010404
202205010405
202205010406
202205010407
202205010408
202205010409
202205010410
202205010411
202205010412
202205010502
202205010504
202205010505
202205010506
202205010507
202205010508
202205010509
202205010510
202205010511
202205010512
202205010601
202205010602
202205010604
202205010605
202205010606
202205010607
202205010608
202205010609
202205010610
202205010611
202205010612
202205010701
202205010702
202205010703
202205010704
202205010705
202205010706
202205010707
202205010708
202205010709
202205010711
202205010801
202205010802
202205010803
202205010804
202205010805
202205010806
202205010807
202205010808
202205010809
202205010810
202205010811
202205010812
202205020101
202205020102
202205020103
202205020104
202205020105
202205020106
202205020108
202205020109
202205020110
202205020111
202205020112
202205020201
202205020202
202205020203
202205020204
202205020205
202205020206
202205020207
202205020208
202205020209
202205020210
202205020211
202205020212
202205020301
202205020302
202205020303
202205020304
202205020305
202205020306
202205020307 -
202205020308
202205020309
202205020310
202205020312
202205020401
202205020403
202205020404
202205020405
202205020406
202205020407
202205020408
202205020409
202205020410
202205020411
202205020412
202205020501
202205020502
202205020503
202205020504
202205020506
202205020507
202205020508
202205020509 -
202205020510
202205020512
202205020601
202205020603
202205020604
202205020605
202205020606
202205020607 -
202205020608
202205020609
202205020610
202205020611
202205020612
202205020701
202205020702
202205020703
202205020704
202205020705
202205020707
202205020708
202205020710
202205020711
202205020712
202205020801
202205020802
202205020803
202205020804
202205020805 -
202205020806
202205020807
202205020808
202205020809
202205020810
202205020811
202205020812
202205020901
202205020902
202205020903
202205020904
202205020905
202205020906
202205020907
202205020908
202205020909
202205020910
202205020911
202205020912
202205021003
202205021004
202205021005
202205021006
202205021007
202205021008
202205021009
202205021010
202205021012
202205021101
202205021102
202205021103
202205021104
202205021105
202205021106
202205021107 -
202205021109
202205021110
202205021111
202205021112
202205021201
202205021202
202205021203
202205021204
202205021206
202205021208
202205021209
202205021210
202205021211
202205021212
202205030101
202205030102
202205030103
202205030104
202205030105
202205030106
202205030108
202205030109 -
202205030110
202205030112
202205030201
202205030203
202205030204
202205030205
202205030206
202205030207
202205030208
202205030210
202205030211
202205030212
202205030302
202205030303
202205030305
202205030306
202205030307
202205030309
202205030310
202205030311
202205030312
202205030401
202205030403
202205030404
202205030405
202205030406
202205030407
202205030408
202205030409
202205030410
202205030411
202205030412
202205030501 -
202205030502
202205030504
202205030505
202205030506
202205030507
202205030508 -
202205030509
202205030510
202205030511
202205030512
202205030602
202205030603
202205030604
202205030605
202205030606
202205030607
202205030608
202205030609
202205030610
202205030611
202205030612
202205030702
202205030703
202205030705
202205030706
202205030708
202205030710
202205030711
202205030801
202205030802
202205030803
202205030804
202205030805
202205030806
202205030807
202205030808
202205030809
202205030810
202205030811
202205030812
202205040101
202205040102
202205040103
202205040104
202205040105
202205040106
202205040107
202205040108
202205040109
202205040110
202205040111
202205040112
202205040201
202205040202
202205040203
202205040204
202205040205
202205040206
202205040207
202205040208
202205040209
202205040210
202205040211
202205040212
202205040301
202205040302
202205040303 -
202205040305
202205040306
202205040307
202205040308
202205040309
202205040310
202205040311
202205040312
202205040402 -
202205040403
202205040404
202205040405
202205040406
202205040407
202205040408 -
202205040409 -
202205040410
202205040411
202205040412
202205040502
202205040503
202205040504
202205040505
202205040507
202205040508
202205040509
202205040510
202205040511
202205040512
202205040601
202205040602
202205040603
202205040604
202205040605
202205040606
202205040607
202205040608
202205040609 -
202205040610
202205040612
202205040701
202205040703
202205040704
202205040705
202205040706 -
202205040707
202205040708
202205040709
202205040710
202205040711
202205040712
202205040801
202205040802
202205040803
202205040804
202205040805
202205040806
202205040807
202205040808
202205040809
202205040810
202205040811
202205040812
202205040901
202205040902
202205040903
202205040904
202205040905
202205040906
202205040907
202205040908
202205040909
202205040910
202205040911
202205040912
202205050101
202205050102
202205050103
202205050104
202205050105
202205050106
202205050107
202205050108
202205050109
202205050110
202205050111
202205050112
202205050201
202205050202
202205050203
202205050204
202205050205
202205050206
202205050207
202205050208
202205050209
202205050210
202205050211
202205050212
202205050301
202205050302
202205050303
202205050305
202205050306
202205050307
202205050308
202205050309
202205050310
202205050311
202205050312
202205050401
202205050402
202205050403
202205050404
202205050407
202205050408
202205050409
202205050410
202205050411
202205050412
202205050502
202205050503
202205050504
202205050505
202205050506
202205050507
202205050509
202205050510
202205050511
202205050512
202205050601
202205050602
202205050603
202205050604
202205050607
202205050608 -
202205050609
202205050610
202205050611
202205050612
202205050701
202205050703
202205050704
202205050706
202205050707 -
202205050708
202205050709
202205050710
202205050711
202205050712
202205050801
202205050802
202205050803
202205050805
202205050806
202205050807
202205050808
202205050810
202205050811
202205050812
202206010101
202206010103
202206010104
202206010105
202206010106
202206010107
202206010108
202206010109
202206010110
202206010111
202206010112
202206010201
202206010202
202206010203
202206010204
202206010205
202206010206
202206010207
202206010209
202206010210
202206010211
202206010212
202206010301
202206010302
202206010304
202206010305
202206010306
202206010307
202206010308
202206010309
202206010310
202206010311
202206010312
202206010401
202206010402
202206010403
202206010405
202206010406
202206010407
202206010408
202206010409
202206010410
202206010411
202206010501
202206010502
202206010503
202206010504 -
202206010505
202206010506
202206010507
202206010508
202206010509
202206010510
202206010511
202206010512
202206010601
202206010602
202206010603
202206010604
202206010605
202206010606
202206010607
202206010608
202206010609
202206010610
202206010611
202206010612
202206010701
202206010702
202206010703
202206010704
202206010705
202206010707
202206010708
202206010710
202206010711
202206010801
202206010802
202206010803
202206010804
202206010805
202206010806
202206010808
202206010809
202206010810
202206010811
202206010812
202206020101
202206020102
202206020103
202206020104
202206020105
202206020106
202206020107
202206020108
202206020109
202206020110
202206020111
202206020112
202206020203
202206020204
202206020205
202206020207
202206020208
202206020209
202206020210
202206020211
202206020212
202206020301
202206020303
202206020304
202206020305
202206020306
202206020307
202206020308
202206020309 -
202206020310
202206020311
202206020312
202206020402
202206020404
202206020405
202206020406
202206020407
202206020408
202206020409
202206020410
202206020411
202206020412
202206020501
202206020502
202206020504
202206020506
202206020507
202206020508
202206020509
202206020511
202206020512
202206020601
202206020602
202206020603
202206020604 -
202206020605
202206020606
202206020607
202206020608
202206020609
202206020610
202206020611
202206020612
202206020701
202206020704
202206020707
202206020708
202206020709
202206020710
202206020711
202206020801
202206020802
202206020805
202206020806
202206020807
202206020808
202206020809
202206020811
202206020812
202206030101
202206030102
202206030103
202206030105
202206030106
202206030107
202206030109
202206030111
202206030112
202206030201
202206030202
202206030203
202206030204
202206030205
202206030206
202206030207
202206030208
202206030209 -
202206030210
202206030211
202206030212
202206030301
202206030302
202206030303
202206030304
202206030305
202206030306
202206030307
202206030308 -
202206030309
202206030310 -
202206030311
202206030312
202206030401
202206030402
202206030403
202206030404
202206030405
202206030407
202206030408
202206030409
202206030410
202206030411
202206030501
202206030502
202206030503
202206030504
202206030505
202206030506
202206030507
202206030508
202206030509
202206030510
202206030511
202206030512
202206030601
202206030602
202206030603
202206030604
202206030606
202206030607
202206030608
202206030609
202206030610
202206030611
202206030612
202206030701
202206030702
202206030703
202206030704
202206030705
202206030706
202206030707
202206030709
202206030710
202206030711
202206030712
202206030801
202206030802
202206030803
202206030804
202206030806
202206030807
202206030808
202206030809
202206030810
202206030811
202206030812
202206040102
202206040103
202206040104
202206040105 -
202206040106
202206040107
202206040108
202206040109
202206040110
202206040111
202206040112
202206040201
202206040202
202206040203
202206040204
202206040205
202206040206
202206040207
202206040208
202206040209
202206040210
202206040301
202206040302
202206040303
202206040304
202206040305
202206040306
202206040307 -
202206040308
202206040309
202206040310
202206040311
202206040312
202206040401
202206040402
202206040403
202206040404
202206040405
202206040406
202206040407
202206040408
202206040410
202206040411
202206040412
202206040502
202206040503
202206040504
202206040505
202206040506
202206040507
202206040508
202206040509
202206040510
202206040511
202206040512
202206040602
202206040605
202206040606
202206040607
202206040608
202206040609
202206040610
202206040611
202206040612
202206040701
202206040702
202206040703
202206040704
202206040705
202206040706
202206040707
202206040708
202206040709
202206040710
202206040711
202206040712
202206040801
202206040802
202206040803
202206040804
202206040805
202206040806
202206040807 -
202206040808
202206040809 -
202206040811
202206040812
202206040901
202206040902
202206040903
202206040904
202206040905
202206040906
202206040907
202206040908
202206040909 -
202206040910
202206040911
202206040912
202206050101
202206050102
202206050103
202206050104
202206050105
202206050106
202206050107
202206050109
202206050110
202206050111
202206050112
202206050201
202206050202
202206050203
202206050204
202206050205
202206050206
202206050207
202206050208
202206050209
202206050210
202206050211
202206050212
202206050301
202206050302
202206050303
202206050304
202206050307
202206050308
202206050309
202206050310
202206050311
202206050312
202206050401
202206050402
202206050403
202206050405
202206050406
202206050408
202206050409
202206050410
202206050411
202206050412
202206050501
202206050502
202206050504
202206050505
202206050506
202206050507
202206050508
202206050510
202206050511
202206050512
202206050601
202206050602
202206050603
202206050605
202206050606
202206050607
202206050608
202206050609
202206050610
202206050611
202206050612
202206050701
202206050702
202206050703
202206050704
202206050705
202206050706
202206050707
202206050709
202206050711
202206050712
202206050801
202206050802
202206050803
202206050804
202206050806
202206050807
202206050808
202206050809
202206050810
202206050811
202206050812
202206050901
202206050902
202206050903
202206050904
202206050905
202206050906
202206050907
202206050908
202206050909
202206050910
202206050911
202206050912
202207010101
202207010102
202207010103
202207010104 -
202207010105
202207010106
202207010107
202207010109
202207010110
202207010111
202207010112
202207010201
202207010202
202207010203
202207010204
202207010207
202207010208
202207010209
202207010210
202207010212
202207010301
202207010302
202207010303
202207010304
202207010305
202207010306
202207010307
202207010308
202207010309
202207010310
202207010311
202207010312
202207010401
202207010402
202207010403
202207010404
202207010405
202207010406
202207010407
202207010408
202207010409
202207010410
202207010411
202207010412
202207010501
202207010502
202207010503
202207010504
202207010505
202207010506
202207010507
202207010508
202207010509
202207010510
202207010511
202207010512
202207010601
202207010603
202207010604
202207010605
202207010606
202207010607
202207010609
202207010610
202207010611
202207010612
202207010702
202207010703
202207010704 -
202207010705 -
202207010706
202207010708
202207010709
202207010710 -
202207010711 -
202207010712
202207010801
202207010802
202207010803
202207010804
202207010805
202207010806
202207010807
202207010808
202207010809
202207010810
202207010811
202207010812
202207010901
202207010902
202207010903
202207010904
202207010905
202207010906
202207010907
202207010908
202207010909
202207010910
202207010911
202207010912
202207011001
202207011002
202207011003
202207011004
202207011005
202207011006
202207011007
202207011008
202207011009
202207011010
202207011011
202207011012
202207011101
202207011102
202207011103
202207011106
202207011107
202207011108
202207011109 -
202207011110
202207011111
202207011112
202207011201
202207011202
202207011203
202207011204
202207011205
202207011206
202207011207
202207011208
202207011209
202207011210
202207011211
202207011212
202207020101
202207020102
202207020103
202207020104
202207020105
202207020106
202207020107
202207020109
202207020110
202207020111
202207020112
202207020201
202207020202
202207020203
202207020204
202207020205
202207020206
202207020207
202207020208
202207020209
202207020210
202207020211
202207020212
202207020301
202207020302
202207020303
202207020304
202207020305
202207020306
202207020307
202207020308
202207020309
202207020310
202207020311
202207020312
202207020401
202207020402
202207020403
202207020404
202207020405
202207020407
202207020408
202207020409
202207020410
202207020411
202207020412
202207020501
202207020502
202207020503
202207020504
202207020505
202207020506
202207020507
202207020508
202207020509
202207020510
202207020511
202207020512
202207020601
202207020602
202207020603
202207020604
202207020605
202207020606
202207020607
202207020608
202207020609 -
202207020610
202207020611
202207020612
202207030101
202207030103
202207030105
202207030106
202207030107
202207030108
202207030109
202207030110 -
202207030111
202207030112
202207030201
202207030202
202207030203
202207030204
202207030206
202207030207
202207030208
202207030209
202207030210
202207030211
202207030212
202207030301
202207030302
202207030303
202207030304
202207030305
202207030306
202207030307
202207030308
202207030309
202207030310
202207030311 -
202207030312
202207030401
202207030402
202207030403
202207030404
202207030405
202207030406
202207030407 -
202207030408
202207030409
202207030411
202207030412 -
202207030501
202207030502
202207030503
202207030504
202207030505
202207030506
202207030507
202207030508
202207030509
202207030510
202207030511
202207030512
202207030601
202207030602
202207030603
202207030604
202207030606
202207030607 -
202207030608
202207030609
202207030610
202207030611
202207030612
202207030701
202207030702
202207030703
202207030704
202207030705
202207030706
202207030707
202207030708
202207030709
202207030711
202207030712
202207030801
202207030803
202207030804
202207030805
202207030807
202207030808
202207030809
202207030810
202207030811 -
202207030812
202207040101
202207040103
202207040104
202207040105
202207040106
202207040107 -
202207040108
202207040109
202207040110
202207040111
202207040112
202207040201
202207040202
202207040203
202207040204
202207040205
202207040206
202207040207
202207040208
202207040210
202207040211
202207040212
202207040301
202207040302
202207040303
202207040304
202207040305
202207040306
202207040307
202207040308
202207040309
202207040310
202207040311
202207040312
202207040402
202207040405
202207040407
202207040408
202207040409
202207040410
202207040412
202207050101
202207050103
202207050104
202207050105 -
202207050106
202207050107
202207050108
202207050109
202207050111
202207050112
202207050201
202207050202
202207050203
202207050204
202207050206
202207050207
202207050208
202207050209 -
202207050210
202207050211
202207050212
202207050301
202207050302 -
202207050303
202207050304
202207050305
202207050306
202207050307
202207050308
202207050310
202207050311
202207050312
202207050401
202207050404
202207050405
202207050406
202207050407
202207050408
202207050409
202207050410
202207050411
202207050412
202207050501
202207050502
202207050503 -
202207050504
202207050505
202207050506
202207050507
202207050508
202207050509 -
202207050510
202207050511
202207050512
202207050601
202207050602
202207050603
202207050604
202207050605
202207050606
202207050607
202207050608
202207050609 -
202207050610
202207050611
202207050612
202207050701
202207050703
202207050704 -
202207050705 -
202207050706
202207050707
202207050708
202207050709
202207050710
202207050711
202207050712
202207050801
202207050802
202207050803
202207050804
202207050805
202207050806
202207050808
202207050809
202207050810
202207050811
202207050812
202207050901
202207050902
202207050903
202207050904
202207050905
202207050907
202207050908
202207050909
202207050911
202207060101
202207060102
202207060103
202207060104
202207060105
202207060106
202207060107
202207060108
202207060109
202207060110
202207060111
202207060112
202207060201
202207060202
202207060204
202207060205
202207060206
202207060208
202207060209
202207060210
202207060211
202207060212
202207060301
202207060302
202207060303
202207060304
202207060305
202207060306
202207060307
202207060308
202207060309
202207060310
202207060311
202207060312
202207060401
202207060403
202207060405
202207060406
202207060407
202207060408
202207060409
202207060410
202207060411
202207060412
202207060501
202207060502
202207060503
202207060504
202207060505 -
202207060506
202207060507
202207060508
202207060509
202207060510
202207060511
202207060602
202207060603
202207060604
202207060605
202207060606
202207060607
202207060608
202207060609
202207060610
202207060611
202207060612
202209010101
202209010102
202209010103
202209010104
202209010105
202209010106
202209010107 -
202209010108
202209010109 -
202209010110 -
202209010111
202209010112
202209010201
202209010202
202209010203
202209010204
202209010205
202209010206
202209010207
202209010208 -
202209010209
202209010210
202209010211
202209010212
202209010301
202209010303
202209010304
202209010305
202209010307
202209010308
202209010309 -
202209010310
202209010312
202209010401
202209010402
202209010403
202209010404
202209010405
202209010406
202209010408
202209010409
202209010410
202209010411
202209010412
202209010501
202209010502
202209010503
202209010504
202209010505
202209010506
202209010507
202209010508
202209010509
202209010510 -
202209010511
202209010512
202209010601
202209010602
202209010603
202209010604
202209010605
202209010606
202209010607
202209010608
202209010609
202209010610
202209010611
202209010701
202209010702
202209010703
202209010704
202209010705
202209010706
202209010707
202209010708
202209010709
202209010710
202209010712
202209010801
202209010802
202209010803
202209010805
202209010806 -
202209010808
202209010810
202209010811
202209010812
202209010902
202209010905
202209010907
202209010908
202209010910
202209010911
202209010912
202209011001
202209011002
202209011003
202209011004
202209011005
202209011006
202209011007
202209011008
202209011009
202209011010
202209011011
202209011012
202209011101
202209011102
202209011103
202209011105
202209011106
202209011107
202209011109
202209011110
202209011111
202209011112
202209011202
202209011203
202209011204
202209011205
202209011206
202209011208
202209011209
202209011210
202209020101
202209020104
202209020105
202209020106
202209020107 -
202209020108
202209020109 -
202209020110
202209020111
202209020112
202209020201
202209020202
202209020203
202209020205
202209020206
202209020207
202209020208
202209020209 -
202209020210
202209020211
202209020212
202209020301
202209020303
202209020304
202209020305
202209020306
202209020307
202209020308
202209020309 -
202209020310
202209020311
202209020312
202209020401
202209020402
202209020403
202209020404
202209020405
202209020406
202209020407
202209020408
202209020409
202209020410
202209020411
202209020412
202209020501
202209020502
202209020504
202209020505
202209020506
202209020507
202209020508
202209020510
202209020512
202209020601
202209020602
202209020603
202209020604
202209020605
202209020606
202209020608
202209020609 -
202209020610
202209020611
202209020612
202209020701
202209020702
202209020704
202209020705
202209020706
202209020707
202209020708
202209020709
202209020710
202209020711
202209020712
202209020801
202209020802
202209020804
202209020805
202209020806 -
202209020807
202209020808
202209020809
202209020810
202209020811
202209020812
202209020901
202209020903
202209020905
202209020906
202209020907
202209020908
202209020909 -
202209020910 -
202209020911 -
202209020912
202209021001
202209021002
202209021003
202209021004
202209021005
202209021006
202209021007
202209021008
202209021009 -
202209021010
202209021011
202209021012
202209021103
202209021104
202209021105
202209021107
202209021108
202209021109 -
202209021110
202209021111
202209021112
202209021201
202209021202
202209021203
202209021204
202209021205
202209021206 -
202209021207
202209021208 -
202209021210
202209021212
202209030101
202209030102
202209030103
202209030104
202209030105
202209030106
202209030107
202209030109
202209030110
202209030111
202209030112
202209030201
202209030202
202209030203
202209030204
202209030205
202209030206
202209030207
202209030208
202209030209
202209030210
202209030211
202209030212
202209030301 -
202209030302
202209030303
202209030304
202209030305
202209030307
202209030308
202209030309
202209030311
202209030312
202209030401
202209030402
202209030404
202209030405
202209030406
202209030407
202209030408
202209030409
202209030410
202209030412
202209040101
202209040102
202209040103
202209040104 -
202209040105
202209040106
202209040107
202209040108
202209040109
202209040110
202209040111
202209040112
202209040201 -
202209040202
202209040203
202209040205
202209040206
202209040207
202209040208 -
202209040209
202209040211
202209040212
202209040301
202209040302
202209040303
202209040306
202209040307
202209040308 -
202209040309
202209040311
202209040312
202209040401
202209040403 -
202209040404
202209040405
202209040406
202209040407
202209040408
202209040409 -
202209040410 -
202209040411
202209040412
202209040501
202209040502 -
202209040503 -
202209040505 -
202209040506
202209040507
202209040508
202209040510
202209040511
202209040512
202209040601
202209040602
202209040603
202209040604
202209040605
202209040606
202209040607
202209040608
202209040609
202209040610
202209040612
202209040701
202209040702
202209040703
202209040704
202209040705
202209040706
202209040707
202209040708
202209040709
202209040710
202209040711
202209040712
202209040802
202209040804
202209040805
202209040806
202209040807
202209040808
202209040809 -
202209040810
202209040811
202209040812
202209040901
202209040902 -
202209040903
202209040904
202209040905
202209040907
202209040908
202209040909
202209040910
202209040911
202209040912
202209050102
202209050103
202209050104 -
202209050105
202209050106
202209050107
202209050108
202209050109
202209050110
202209050111
202209050112
202209050201 -
202209050202
202209050205
202209050206
202209050207
202209050208
202209050209 -
202209050210
202209050211
202209050212
202209050301 -
202209050302
202209050303
202209050304
202209050305
202209050306
202209050307
202209050310
202209050311
202209050312
202209050401
202209050402
202209050404
202209050405 -
202209050406
202209050407
202209050408
202209050409
202209050410
202209050411
202209050412
202209050501
202209050502
202209050503
202209050504
202209050505
202209050506
202209050507
202209050508
202209050509
202209050510
202209050511
202209050512
202209050601
202209050602
202209050603
202209050604
202209050605
202209050606
202209050607
202209050608 -
202209050609
202209050610
202209050611
202209050612
202209050701
202209050702
202209050703
202209050704
202209050705
202209050706
202209050707
202209050708
202209050709
202209050710
202209050711
202209050712
202209050801
202209050802
202209050803
202209050804
202209050805 -
202209050806
202209050808
202209050809
202209050810
202209050811
202209050812
202209060102
202209060103
202209060104
202209060107
202209060108
202209060109
202209060110
202209060111
202209060112
202209060202
202209060203
202209060205
202209060206
202209060207
202209060208
202209060209 -
202209060210
202209060211
202209060212
202209060302
202209060303
202209060305
202209060306
202209060307
202209060308
202209060309
202209060311
202209060312
202209060401
202209060402
202209060403
202209060404
202209060405
202209060406 -
202209060407
202209060408
202209060409
202209060410
202209060411
202209060412
202209060501
202209060502
202209060503
202209060504
202209060505
202209060506
202209060507
202209060508
202209060509
202209060510
202209060511
202209060512
202209060601
202209060602
202209060603
202209060604
202209060605 -
202209060606
202209060607 -
202209060608
202209060610
202209060611
202209060612
202209060702
202209060703
202209060704
202209060705
202209060706
202209060707
202209060708
202209060709
202209060710
202209060711
202209060712 -
202209060801
202209060802
202209060804
202209060805
202209060806
202209060807
202209060808
202209060809
202209060810
202209060811
202209060812
202209060901
202209060902
202209060903
202209060905
202209060906
202209060907
202209060908
202209060909
202209060910
202209060911
202209060912
202210010101
202210010102
202210010103
202210010104
202210010106
202210010109
202210010110
202210010111
202210010112
202210010201
202210010202
202210010203
202210010205
202210010206
202210010207
202210010208
202210010209
202210010212
202210010303
202210010305
202210010306
202210010307
202210010308
202210010309
202210010310
202210010311
202210010312
202210010401
202210010402
202210010403
202210010404
202210010405
202210010406
202210010407
202210010408
202210010409
202210010410
202210010411
202210010412
202210010501
202210010502
202210010503
202210010505
202210010506
202210010507
202210010509
202210010510
202210010511
202210010601
202210010602
202210010603
202210010605
202210010606
202210010607
202210010608
202210010609
202210010610
202210010611
202210010612
202210010701
202210010702
202210010703
202210010705 -
202210010706
202210010707
202210010708
202210010709
202210010710 -
202210010711
202210010712
202210010801
202210010802
202210010803
202210010804
202210010805
202210010807
202210010808
202210010809
202210010810
202210010811
202210010812
202210020101
202210020102
202210020103
202210020105
202210020106
202210020107
202210020108
202210020109
202210020110
202210020111
202210020112
202210020201
202210020202
202210020203 -
202210020205
202210020206
202210020207
202210020208
202210020209 -
202210020210
202210020211
202210020212
202210020301
202210020302
202210020303
202210020306
202210020307
202210020308
202210020309
202210020310
202210020311
202210020312
202210020402
202210020403
202210020404
202210020405
202210020406
202210020407
202210020408
202210020409
202210020410
202210020411
202210020501
202210020502
202210020503
202210020504
202210020506
202210020507
202210020509
202210020510
202210020511
202210020512
202210020601
202210020602
202210020603
202210020604
202210020605
202210020606
202210020607
202210020608
202210020609
202210020611
202210020612
202210030102
202210030103
202210030104
202210030106
202210030107
202210030108
202210030109
202210030110
202210030111
202210030112
202210030202
202210030203
202210030204
202210030205 -
202210030207
202210030208
202210030209
202210030210
202210030211
202210030212
202210030302 -
202210030304 -
202210030305
202210030306
202210030307
202210030308
202210030310
202210030311
202210030312
202210030401
202210030402
202210030404
202210030405
202210030406
202210030407
202210030409
202210030410
202210030411
202210030412 -
202210030501
202210030502
202210030503
202210030504
202210030505 -
202210030506 -
202210030507
202210030508
202210030509
202210030510
202210030511
202210030512
202210030601 -
202210030602
202210030604
202210030605
202210030606
202210030607
202210030608
202210030609
202210030610 -
202210030611
202210030612
202210030701
202210030702
202210030703
202210030704 -
202210030705 -
202210030706
202210030707
202210030708
202210030709
202210030710
202210030711
202210030712
202210030801
202210030802
202210030803
202210030804
202210030805
202210030806
202210030807
202210030808
202210030809
202210030810
202210030811
202210030812
202210040101
202210040105
202210040106
202210040108
202210040110 -
202210040111
202210040112
202210040201
202210040202 -
202210040203
202210040204
202210040205
202210040207
202210040208
202210040209
202210040210
202210040212
202210040301
202210040302
202210040303
202210040305
202210040307
202210040309
202210040310 -
202210040311
202210040312
202210040401
202210040404
202210040405 -
202210040406
202210040407
202210040408
202210040409
202210040410
202210040411
202210040412
202210040501 -
202210040502
202210040503
202210040504
202210040505
202210040506
202210040507
202210040509
202210040510
202210040511
202210040512 -
202210040601
202210040604
202210040605
202210040606
202210040607
202210040608
202210040610
202210040611
202210040612
202210040701
202210040702
202210040703
202210040704
202210040705 -
202210040706
202210040707
202210040708
202210040709
202210040711
202210040712
202210040802
202210040803
202210040804
202210040805
202210040806
202210040809
202210040810
202210040811
202210040812
202301010102
202301010103
202301010104
202301010105
202301010106
202301010107
202301010108
202301010109
202301010110
202301010111
202301010112
202301010201 -
202301010202
202301010203
202301010204
202301010205 -
202301010206
202301010207
202301010208
202301010210
202301010211
202301010212
202301010302
202301010303
202301010304
202301010305
202301010307
202301010308
202301010309
202301010310 -
202301010311
202301010312
202301010401
202301010402
202301010403
202301010404
202301010405
202301010406
202301010407
202301010408
202301010409
202301010410
202301010411
202301010412
202301010501
202301010502
202301010503
202301010504
202301010505
202301010506
202301010507
202301010508
202301010509
202301010510
202301010511
202301010512
202301010601
202301010602
202301010603
202301010604
202301010605 -
202301010607
202301010608
202301010609
202301010610
202301010611
202301010612
202301020101
202301020102
202301020103
202301020104
202301020107
202301020108
202301020109
202301020110
202301020111
202301020112
202301020201 -
202301020205
202301020206
202301020207
202301020208 -
202301020209
202301020210
202301020211
202301020301
202301020302
202301020303
202301020305
202301020306
202301020307
202301020308
202301020309
202301020310
202301020311
202301020403
202301020404
202301020405
202301020406
202301020407
202301020409
202301020410
202301020411
202301020412
202301020502 -
202301020503
202301020504
202301020506
202301020508
202301020509
202301020510
202301020511
202301020601
202301020602
202301020603
202301020604
202301020606
202301020607
202301020608
202301020609
202301020610
202301020611
202301020701 -
202301020702
202301020703
202301020704
202301020705
202301020706
202301020708
202301020709
202301020710
202301020711
202301020801
202301020802
202301020804
202301020805
202301020806
202301020807
202301020808
202301020809
202301020810
202301020811
202301020812
202302010101
202302010102
202302010103
202302010104
202302010105
202302010106
202302010107
202302010108
202302010109 -
202302010110
202302010111
202302010112
202302010201
202302010203
202302010204
202302010205
202302010206
202302010207
202302010209
202302010210
202302010211
202302010212
202302010301
202302010302
202302010303
202302010304
202302010305
202302010306
202302010307
202302010308
202302010309
202302010310
202302010311
202302010312
202302010401
202302010402
202302010403
202302010404
202302010405
202302010406
202302010407
202302010408
202302010409
202302010410
202302010411
202302010412
202302010501
202302010503
202302010504
202302010505 -
202302010506
202302010507
202302010508
202302010509 -
202302010510
202302010511
202302010512
202302010601
202302010603
202302010604
202302010605 -
202302010606
202302010607
202302010608
202302010609
202302010610
202302010611
202302010612
202302020101
202302020102
202302020103
202302020104
202302020105 -
202302020106 -
202302020107
202302020108 -
202302020109
202302020110
202302020111
202302020112
202302020201
202302020202
202302020203
202302020204
202302020205 -
202302020206
202302020207
202302020208
202302020210
202302020211
202302020212
202302020302
202302020304
202302020305
202302020306
202302020307
202302020308
202302020309
202302020310
202302020311
202302020312
202302020401
202302020403
202302020405
202302020406
202302020407
202302020408
202302020410
202302020411
202302020412
202302020501
202302020502
202302020503
202302020505 -
202302020506
202302020507
202302020508
202302020509
202302020510
202302020511
202302020512
202302020601
202302020602
202302020603
202302020604
202302020605
202302020606
202302020607
202302020608
202302020609
202302020610
202302020611
202302020612
202303010101
202303010102
202303010103
202303010106
202303010107
202303010110
202303010111
202303010112
202303010201
202303010202
202303010203
202303010205
202303010206
202303010207
202303010208
202303010210
202303010211
202303010212
202303010301
202303010302
202303010303
202303010304
202303010305
202303010306
202303010307
202303010308
202303010309
202303010310
202303010311
202303010312
202303010401
202303010402
202303010403
202303010404
202303010406
202303010407
202303010408
202303010409
202303010410
202303010411
202303010412
202303010501
202303010502
202303010503
202303010504
202303010506
202303010507
202303010508
202303010509
202303010510
202303010511
202303010512
202303010601
202303010602
202303010603
202303010604
202303010605
202303010606
202303010607
202303010608
202303010609
202303010610
202303010611
202303010612
202303020103
202303020104
202303020105
202303020107
202303020108
202303020109
202303020111
202303020112
202303020201 -
202303020202
202303020203
202303020204
202303020205
202303020206
202303020207
202303020208
202303020209
202303020210
202303020211
202303020212
202303020302 -
202303020303
202303020304
202303020305
202303020306
202303020307
202303020308
202303020309
202303020310
202303020311
202303020312
202303020401
202303020402
202303020403
202303020404
202303020405
202303020406
202303020407
202303020408
202303020409
202303020410
202303020411
202303020502
202303020503
202303020505
202303020506
202303020507
202303020509
202303020510
202303020511
202303020512
202303020601
202303020602
202303020603
202303020604
202303020605
202303020606
202303020607
202303020608
202303020609
202303020610
202303020611
202303020701
202303020703
202303020704
202303020705
202303020707
202303020708
202303020709
202303020710
202303020711
202303020712
202303020802
202303020804
202303020805
202303020806
202303020807
202303020808
202303020809
202303020810
202303020811
202303030101
202303030102
202303030103
202303030104
202303030105
202303030106
202303030107
202303030108
202303030109
202303030110
202303030111
202303030112
202303030201
202303030202
202303030203
202303030206
202303030207
202303030208
202303030209
202303030210
202303030211
202303030212
202303030301
202303030302
202303030304
202303030306
202303030307
202303030308
202303030309
202303030310
202303030311
202303030312
202303030401
202303030402
202303030404
202303030405
202303030406
202303030407
202303030408
202303030409
202303030410
202303030412
202303030501
202303030502
202303030503
202303030504
202303030505
202303030507
202303030508
202303030509
202303030510
202303030511
202303030512
202303030601
202303030602
202303030605
202303030607
202303030608
202303030609
202303030610
202303030611
202303030612
202304010101
202304010102
202304010103
202304010105
202304010106
202304010107
202304010108
202304010109
202304010110
202304010111
202304010112
202304010201
202304010202
202304010204
202304010205
202304010206
202304010207
202304010208
202304010209
202304010211
202304010212
202304010302
202304010303
202304010304 -
202304010305
202304010306
202304010308
202304010309
202304010310
202304010312
202304010402
202304010403
202304010404 -
202304010405
202304010406
202304010408
202304010409
202304010410
202304010411
202304010412
202304010501
202304010502
202304010503
202304010505
202304010507
202304010508
202304010509
202304010510
202304010511
202304010512
202304010601
202304010602
202304010603
202304010604
202304010605
202304010606
202304010607
202304010608
202304010609
202304010610
202304010612
202304010701
202304010702
202304010703
202304010704
202304010705
202304010706
202304010707
202304010708
202304010709
202304010710
202304010711
202304010712
202304010801
202304010802
202304010805
202304010806
202304010807
202304010808
202304010809
202304010811
202304010812
202304020101
202304020102
202304020103
202304020109
202304020110
202304020111
202304020112
202304020201
202304020203
202304020204
202304020205
202304020206
202304020207
202304020208
202304020209
202304020210
202304020211
202304020212
202304020301
202304020302
202304020303
202304020304
202304020305
202304020306
202304020307
202304020308
202304020309
202304020310
202304020311
202304020312
202304020401
202304020402
202304020403
202304020404
202304020406
202304020407
202304020408 -
202304020410
202304020411
202304020412
202304030101
202304030103
202304030104
202304030105
202304030106
202304030107
202304030108
202304030109
202304030110
202304030111
202304030112
202304030202
202304030203
202304030204
202304030205
202304030206
202304030207
202304030208
202304030209
202304030210
202304030211
202304030212
202304030301
202304030302
202304030304
202304030305
202304030306
202304030307
202304030308 -
202304030309
202304030310
202304030311
202304030312
202304030401
202304030403
202304030404
202304030405
202304030406
202304030407
202304030408
202304030409
202304030410
202304030411
202304030412
202304030501
202304030502
202304030504
202304030507
202304030508
202304030509
202304030510
202304030511
202304030512
202304030601
202304030603
202304030604
202304030605
202304030606
202304030607 -
202304030608
202304030609
202304030610
202304030611
202304030612
202304030701
202304030702
202304030705
202304030707
202304030708
202304030709
202304030710
202304030711
202304030712
202304030801
202304030802
202304030803
202304030804
202304030805
202304030806
202304030807
202304030808
202304030809
202304030810
202304030811
202304030812
202304040102
202304040103
202304040104
202304040105
202304040106
202304040107
202304040108
202304040110
202304040111
202304040112
202304040201
202304040202
202304040203
202304040204
202304040205
202304040206
202304040207
202304040208
202304040209
202304040210
202304040211
202304040212
202304040302
202304040303
202304040305
202304040306
202304040307
202304040308
202304040309
202304040311
202304040312
202304040401
202304040402
202304040403
202304040404
202304040406
202304040407
202304040408
202304040409
202304040410
202304040411
202304040412
202304040502
202304040503
202304040505
202304040506
202304040507
202304040508
202304040509
202304040510
202304040511
202304040512
202304040601
202304040602
202304040603
202304040604
202304040606
202304040607
202304040608
202304040609
202304040610
202304040611
202304040612
202305010101
202305010102
202305010103
202305010104
202305010106
202305010107
202305010108
202305010109
202305010110
202305010112
202305010202
202305010203
202305010204
202305010205
202305010206
202305010208
202305010209 -
202305010210
202305010211
202305010212
202305010301
202305010302
202305010303
202305010304
202305010305
202305010306
202305010307
202305010308
202305010309
202305010310
202305010311
202305010312
202305010401
202305010402
202305010403
202305010405
202305010406
202305010407
202305010408
202305010409
202305010411
202305010412
202305010501
202305010502
202305010503
202305010504
202305010505
202305010507
202305010508
202305010509
202305010510
202305010511
202305010512
202305010601
202305010603
202305010604
202305010605
202305010606
202305010607
202305010608
202305010610
202305010611
202305010612
202305010701
202305010702
202305010703
202305010705
202305010706
202305010707
202305010708
202305010709
202305010710
202305010711
202305010712
202305010801
202305010803
202305010804
202305010805
202305010806
202305010807
202305010809
202305010810
202305010811
202305010812
202305020101
202305020102
202305020103
202305020104
202305020105
202305020106
202305020107
202305020108
202305020110
202305020111
202305020112
202305020201
202305020202
202305020203
202305020204
202305020205
202305020206
202305020207
202305020208
202305020209 -
202305020210
202305020211
202305020212
202305020301
202305020302
202305020304
202305020305
202305020306
202305020307
202305020309
202305020310
202305020311
202305020312
202305020402
202305020403
202305020404
202305020405
202305020406
202305020407 -
202305020408
202305020409
202305020410
202305020411
202305020412
202305020501
202305020502
202305020503
202305020504
202305020505
202305020506
202305020508
202305020509
202305020510
202305020511 -
202305020512
202305020601
202305020602
202305020603
202305020604
202305020605
202305020606
202305020608
202305020609
202305020610
202305020612
202305020702
202305020703
202305020704
202305020705
202305020706
202305020707
202305020708
202305020709
202305020710
202305020711
202305020712
202305020801
202305020802
202305020803
202305020804
202305020805
202305020806
202305020807
202305020808
202305020809 -
202305020810
202305020811
202305020812
202305020901
202305020902
202305020903
202305020904
202305020905
202305020906
202305020907
202305020909
202305020910
202305020911
202305020912
202305021001
202305021002
202305021003
202305021004
202305021005
202305021007
202305021008
202305021009
202305021010
202305021011
202305021012
202305021101
202305021102
202305021103
202305021105
202305021106 -
202305021107
202305021108
202305021109
202305021110
202305021111
202305021112
202305021201
202305021202
202305021205
202305021206
202305021207
202305021208
202305021209
202305021210
202305021212
202305030102
202305030103
202305030104
202305030105
202305030106
202305030107
202305030108 -
202305030109
202305030110
202305030111
202305030112
202305030201
202305030204
202305030205
202305030206
202305030207
202305030208
202305030211
202305030301
202305030302
202305030304
202305030305
202305030307
202305030309
202305030310
202305030311
202305030312
202305030402
202305030403
202305030404
202305030406
202305030407
202305030408
202305030410
202305030411
202305030412
202305030501
202305030503
202305030504
202305030505
202305030506
202305030508
202305030510
202305030511
202305030512
202305030602
202305030603
202305030604
202305030605
202305030606
202305030607
202305030608
202305030610
202305030611
202305030612
202305030701
202305030702
202305030703
202305030704
202305030705
202305030706
202305030707
202305030708
202305030709
202305030710
202305030711
202305030712
202305030801 -
202305030802
202305030803
202305030804
202305030805
202305030806
202305030807
202305030808
202305030809
202305030810
202305030811
202305030812
202305040101
202305040102
202305040103
202305040104
202305040105
202305040107
202305040108
202305040109
202305040110
202305040112
202305040201
202305040202
202305040203
202305040204
202305040205
202305040206
202305040207
202305040208
202305040209
202305040210
202305040211
202305040212
202305040301
202305040302
202305040303
202305040304
202305040305
202305040306
202305040307
202305040308
202305040309
202305040310
202305040311
202305040312
202305040401
202305040402 -
202305040403
202305040405
202305040406
202305040407 -
202305040408
202305040409
202305040412
202305040501
202305040502 -
202305040503
202305040504
202305040505
202305040506
202305040507
202305040508
202305040509
202305040510
202305040511
202305040512
202305040601
202305040602
202305040603
202305040604
202305040605
202305040607
202305040608
202305040610
202305040611
202305040612
202305040701
202305040702
202305040704
202305040705
202305040707
202305040708
202305040709
202305040710
202305040711
202305040712
202305040801
202305040802
202305040803
202305040804
202305040805
202305040806
202305040807
202305040808
202305040809
202305040810
202305040811
202305040812
202305040901
202305040902
202305040903
202305040904
202305040905
202305040906
202305040907
202305040908 -
202305040910
202305040911
202305040912
202305050101
202305050102
202305050103
202305050104
202305050105
202305050106
202305050107
202305050108
202305050109
202305050110
202305050111
202305050112
202305050201
202305050205
202305050206
202305050207
202305050208
202305050209
202305050211
202305050212
202305050301
202305050302 -
202305050303
202305050304
202305050305
202305050306
202305050307
202305050308
202305050309
202305050310
202305050311
202305050312 -
202305050401
202305050402
202305050403
202305050404
202305050405
202305050408 -
202305050409
202305050410
202305050411
202305050412
202305050502
202305050504
202305050505
202305050506
202305050507
202305050508
202305050509
202305050510
202305050511
202305050512
202305050601
202305050602
202305050603
202305050604
202305050605
202305050606
202305050607
202305050608
202305050609
202305050610
202305050611
202305050612
202305050701
202305050702
202305050704
202305050705
202305050707
202305050708
202305050709
202305050710
202305050711
202305050712
202305050801
202305050802
202305050803
202305050804
202305050805
202305050806
202305050807
202305050809
202305050810
202305050811
202305050812
202306010101
202306010102
202306010104
202306010105
202306010107
202306010108
202306010109
202306010110
202306010111
202306010112
202306010201
202306010202
202306010203
202306010204
202306010205
202306010206
202306010207
202306010208
202306010209
202306010210
202306010211
202306010212
202306010301
202306010302
202306010303
202306010305
202306010306
202306010307
202306010308
202306010309
202306010310
202306010311
202306010312
202306010401
202306010402
202306010403
202306010404
202306010405
202306010406
202306010407
202306010408
202306010409
202306010410
202306010411
202306010412
202306010501
202306010502
202306010503
202306010504
202306010505
202306010506
202306010507
202306010508
202306010509
202306010510
202306010511
202306010512
202306010601
202306010602
202306010603
202306010604
202306010606
202306010607
202306010608
202306010609
202306010610
202306010611
202306010701
202306010703
202306010704
202306010705
202306010706
202306010707
202306010708
202306010709
202306010711
202306010712
202306010801
202306010802
202306010803
202306010804
202306010805
202306010806
202306010807
202306010808
202306010809
202306010810
202306010811
202306010812
202306020101
202306020102
202306020103
202306020104
202306020105
202306020106
202306020107
202306020108
202306020109 -
202306020110
202306020111
202306020112
202306020201
202306020203
202306020204
202306020205
202306020206
202306020207
202306020208
202306020209
202306020210
202306020211
202306020212
202306020301
202306020302
202306020303
202306020305
202306020306
202306020307
202306020308
202306020309
202306020311
202306020312
202306020401
202306020402
202306020403
202306020404
202306020406
202306020407
202306020408
202306020409
202306020410
202306020411
202306020412
202306020501
202306020502
202306020503
202306020504
202306020505
202306020507
202306020508
202306020509
202306020510
202306020511
202306020512
202306020601
202306020602
202306020603
202306020604
202306020605
202306020606
202306020607
202306020608
202306020609
202306020610
202306020611
202306020612
202306020703
202306020704
202306020706
202306020709
202306020710
202306020711
202306020801
202306020802
202306020803
202306020804
202306020806
202306020808
202306020809
202306020810
202306020811
202306020812
202306030101
202306030102
202306030103
202306030104
202306030105
202306030106
202306030107
202306030108
202306030109
202306030110
202306030111
202306030112
202306030201
202306030202
202306030203
202306030204
202306030205
202306030206
202306030207
202306030208
202306030209
202306030210
202306030211
202306030212
202306030301
202306030302
202306030304
202306030305
202306030306
202306030307
202306030308
202306030309
202306030310
202306030311
202306030312
202306030401
202306030402
202306030405
202306030406
202306030407
202306030408 -
202306030409
202306030410
202306030412
202306030501
202306030502
202306030503
202306030504
202306030505
202306030506
202306030507
202306030510
202306030511
202306030512
202306030601
202306030603
202306030604
202306030605
202306030606
202306030607
202306030608
202306030609
202306030610
202306030611
202306030701
202306030702
202306030703
202306030704
202306030705
202306030706
202306030707
202306030708
202306030709
202306030710
202306030711
202306030712
202306030801
202306030802
202306030803
202306030804
202306030805
202306030806
202306030809
202306030810
202306030811
202306030812
202306040102
202306040103
202306040104
202306040105
202306040106
202306040107
202306040108
202306040109 -
202306040110
202306040111
202306040112
202306040201
202306040202
202306040204
202306040205
202306040206
202306040207
202306040208
202306040209
202306040210
202306040211
202306040212
202306040301
202306040303
202306040304
202306040305
202306040306
202306040307
202306040308
202306040309
202306040310
202306040311
202306040312
202306040401
202306040402
202306040403
202306040404
202306040405
202306040407
202306040408
202306040409
202306040410
202306040411
202306040412
202306040502
202306040503
202306040504
202306040505
202306040506 -
202306040507
202306040508
202306040509
202306040510
202306040511
202306040512
202306040601
202306040602
202306040604
202306040605
202306040606
202306040607
202306040608
202306040609
202306040610
202306040611
202306040612
202306040701
202306040702
202306040704
202306040705 -
202306040706
202306040707
202306040708
202306040709
202306040710
202306040711
202306040712
202306040802
202306040803
202306040804
202306040805
202306040806
202306040807
202306040808
202306040810
202306040812
202306040901
202306040902
202306040903
202306040904
202306040905
202306040906
202306040907
202306040908 -
202306040909
202306040911
202306040912
202306050101
202306050102
202306050104
202306050106
202306050107
202306050109
202306050110
202306050111
202306050112
202306050202
202306050203
202306050205
202306050206
202306050207
202306050208
202306050209
202306050210
202306050211
202306050212
202306050301
202306050302
202306050303
202306050304
202306050306
202306050308
202306050309
202306050310
202306050311
202306050312
202306050401
202306050402
202306050403
202306050404
202306050405
202306050406
202306050407
202306050408
202306050409
202306050410
202306050411
202306050412
202306050501
202306050502
202306050503
202306050504
202306050505
202306050507
202306050508
202306050509
202306050510
202306050511
202306050512
202306050601
202306050603
202306050606
202306050607
202306050608
202306050609
202306050610
202306050611
202306050612
202306050701
202306050702
202306050703
202306050704
202306050705
202306050706
202306050707
202306050708
202306050709
202306050710
202306050712
202306050801
202306050802
202306050803
202306050804
202306050805
202306050807
202306050808
202306050809
202306050810
202306050811
202306050812
202306050901
202306050902
202306050903
202306050904
202306050905
202306050906
202306050907
202306050908
202306050909
202306050910
202306050912
202307010101
202307010102
202307010103
202307010104
202307010105
202307010106
202307010107
202307010108
202307010109
202307010110
202307010111
202307010112
202307010201
202307010202
202307010203
202307010205
202307010206
202307010207
202307010208
202307010209
202307010210
202307010211
202307010212
202307010301
202307010302
202307010303
202307010304
202307010305
202307010306
202307010307
202307010308
202307010309
202307010310
202307010311 -
202307010312
202307010401
202307010402
202307010403
202307010404
202307010405
202307010406
202307010407
202307010408
202307010410
202307010411
202307010412
202307010501
202307010502
202307010503
202307010504
202307010505
202307010506 -
202307010507
202307010508
202307010509 -
202307010510
202307010511
202307010512
202307010601
202307010602
202307010603
202307010604
202307010605
202307010606
202307010607
202307010608
202307010609
202307010610
202307010611
202307010612
202307010701
202307010702
202307010703
202307010704
202307010705
202307010706
202307010707
202307010708
202307010710 -
202307010711
202307010712 -
202307010802
202307010803
202307010804 -
202307010805
202307010806
202307010807
202307010808
202307010809 -
202307010810
202307010812 -
202307010901
202307010902
202307010903
202307010904
202307010905 -
202307010906
202307010907 -
202307010909 -
202307010910
202307010911
202307010912
202307011001
202307011002
202307011003
202307011005
202307011006
202307011007 -
202307011008
202307011009 -
202307011010
202307011011
202307011101
202307011102
202307011103
202307011104
202307011105
202307011106
202307011107
202307011108
202307011109
202307011110
202307011111
202307011112
202307011201
202307011202
202307011203
202307011204 -
202307011205
202307011206
202307011208
202307011209
202307011210
202307011212
202307020101
202307020102
202307020103
202307020104
202307020105
202307020106
202307020107
202307020108
202307020109
202307020110
202307020111
202307020112
202307020202
202307020203
202307020204
202307020205
202307020206
202307020209
202307020210
202307020211
202307020212
202307020302
202307020303
202307020304
202307020305
202307020306
202307020307
202307020308
202307020309
202307020310
202307020311
202307020312
202307020401
202307020402
202307020403
202307020404
202307020405
202307020406
202307020407
202307020408
202307020409 -
202307020410
202307020411
202307020412
202307020501
202307020503
202307020504
202307020505
202307020507
202307020508
202307020509
202307020510
202307020511
202307020512
202307020601
202307020602
202307020603
202307020604
202307020605
202307020606
202307020607
202307020608
202307020609 -
202307020610
202307020611
202307020612
202307030101 -
202307030103
202307030104
202307030105 -
202307030106
202307030107
202307030108 -
202307030109 -
202307030110
202307030111
202307030112
202307030201
202307030202
202307030203
202307030204
202307030205 -
202307030206
202307030207 -
202307030208
202307030209
202307030210
202307030211
202307030212
202307030301
202307030302
202307030303
202307030305
202307030306
202307030307
202307030309
202307030310
202307030311
202307030312
202307030401 -
202307030402
202307030403
202307030404
202307030405 -
202307030406
202307030407
202307030408
202307030409
202307030410
202307030412
202307030503
202307030504
202307030505 -
202307030506
202307030507
202307030508 -
202307030510
202307030511
202307030602
202307030603
202307030604
202307030605
202307030606
202307030607
202307030608
202307030609
202307030610
202307030611
202307030612
202307030701
202307030702
202307030704
202307030705 -
202307030707
202307030708
202307030709
202307030710
202307030711
202307030801 -
202307030802
202307030803
202307030804
202307030805
202307030806
202307030807
202307030808
202307030809
202307030810
202307030811
202307030812
202307040101
202307040102
202307040103
202307040104
202307040105
202307040106
202307040107
202307040108
202307040109
202307040110
202307040111
202307040112
202307040201
202307040202
202307040203
202307040204
202307040205
202307040206
202307040207
202307040208 -
202307040209
202307040210
202307040211
202307040212
202307040301
202307040302
202307040303
202307040304
202307040305
202307040306
202307040307
202307040309
202307040310
202307040311
202307040312
202307040401
202307040404
202307040405
202307040406
202307040407
202307040408
202307040409
202307040410
202307040411
202307040501
202307040502
202307040503
202307040506
202307040507
202307040508
202307040509
202307040510
202307040511
202307040512
202307040601
202307040602
202307040603
202307040604
202307040605
202307040606
202307040607
202307040608
202307040609
202307040610
202307040611
202307040612
202308010101
202308010102
202308010103
202308010104
202308010105
202308010106
202308010107
202308010108
202308010109 -
202308010110
202308010111
202308010112
202308010201
202308010202
202308010204
202308010207
202308010208
202308010209
202308010210
202308010211
202308010212
202308010302
202308010303
202308010305
202308010306
202308010307 -
202308010308
202308010309 -
202308010310
202308010311
202308010312
202308010401
202308010402
202308010403
202308010404
202308010405
202308010406
202308010407
202308010408
202308010409
202308010410
202308010412
202308010501
202308010502
202308010504
202308010505
202308010506
202308010507 -
202308010508
202308010509
202308010511
202308010512
202308010601
202308010602
202308010603
202308010604
202308010605
202308010607
202308010608
202308010609
202308010610
202308010611
202308010612
202308010701
202308010702
202308010703
202308010704
202308010705
202308010706
202308010707
202308010709
202308010710
202308010711
202308010712
202308010801
202308010802
202308010803
202308010804
202308010805
202308010806 -
202308010807
202308010808
202308010809 -
202308010810
202308010811
202308010812
202308010901
202308010902
202308010903
202308010904
202308010907
202308010908
202308010909
202308010911
202308010912
202308011001
202308011002
202308011003
202308011004
202308011005
202308011006
202308011007
202308011008
202308011009
202308011010
202308011011
202308011101
202308011103
202308011104
202308011105
202308011106
202308011107
202308011108
202308011109
202308011110
202308011111
202308011112
202308011201
202308011202
202308011203
202308011205
202308011206 -
202308011208
202308011209
202308011210
202308011211 -
202308011212
202308020101
202308020102
202308020103 -
202308020105
202308020106
202308020107
202308020108
202308020109
202308020110
202308020111
202308020112
202308020201
202308020202
202308020203
202308020205
202308020206
202308020207
202308020208
202308020209
202308020210
202308020211
202308020212
202308020301
202308020302
202308020303
202308020304
202308020305
202308020306
202308020307
202308020308
202308020309
202308020310
202308020312
202308020401
202308020402 -
202308020403
202308020404
202308020405
202308020406
202308020407
202308020409
202308020410 -
202308020411
202308020501
202308020502
202308020504
202308020505
202308020506 -
202308020507
202308020508 -
202308020509
202308020510 -
202308020512
202308020601
202308020602
202308020604
202308020605
202308020606
202308020607 -
202308020608 -
202308020609
202308020610
202308020611
202308020612
202308020701
202308020702
202308020703
202308020704
202308020706
202308020707
202308020708 -
202308020709
202308020710
202308020711
202308020712
202308020801
202308020802
202308020803
202308020804
202308020805
202308020806
202308020807
202308020809
202308020811
202308020901
202308020902
202308020903
202308020904
202308020905
202308020906
202308020907
202308020908
202308020909
202308020910
202308020911
202308030101
202308030102
202308030103
202308030104 -
202308030105
202308030106
202308030107
202308030108
202308030109
202308030110
202308030111
202308030112
202308030201
202308030202
202308030203
202308030204
202308030205 -
202308030206
202308030207
202308030208
202308030209
202308030210
202308030211
202308030212
202308030301
202308030302
202308030303
202308030304
202308030305
202308030307
202308030308
202308030309
202308030310
202308030311
202308030312
202308030401
202308030402
202308030403
202308030404
202308030405 -
202308030406
202308030407
202308030409 -
202308030410
202308030411
202308030412
202308030501
202308030502
202308030503
202308030504
202308030505
202308030506
202308030507
202308030508
202308030509
202308030510
202308030511
202308030603
202308030604
202308030605 -
202308030606
202308030607
202308030608
202308030609 -
202308030610
202308030611
202308030612
202308030701
202308030703
202308030705
202308030706
202308030707
202308030709
202308030710
202308030711
202308030712
202308030801
202308030803
202308030804
202308030805
202308030806
202308030807
202308030808
202308030809
202308030810
202308030811
202308030812
202309010101
202309010102
202309010103
202309010104
202309010106
202309010108
202309010109
202309010110
202309010111
202309010112
202309010201
202309010202
202309010203
202309010204
202309010205
202309010206
202309010207
202309010208 -
202309010209
202309010210
202309010212
202309010301
202309010304
202309010305
202309010306
202309010307 -
202309010308
202309010309
202309010310
202309010311
202309010312
202309010401
202309010402
202309010403
202309010404
202309010405
202309010406
202309010407
202309010408
202309010409
202309010410
202309010411
202309010412
202309010502
202309010503
202309010505
202309010506
202309010508
202309010509 -
202309010510
202309010511
202309010512
202309010601
202309010602
202309010603
202309010604
202309010605
202309010606
202309010607
202309010608
202309010609
202309010610
202309010612
202309010701
202309010702
202309010703
202309010704
202309010705
202309010706
202309010707 -
202309010708
202309010709
202309010710
202309010711
202309010712
202309010801
202309010803
202309010805
202309010806
202309010807
202309010808 -
202309010809
202309010810
202309010811
202309010812
202309010901
202309010902
202309010903
202309010905
202309010906
202309010907
202309010909
202309010911
202309010912
202309011001
202309011002
202309011003
202309011004
202309011005
202309011006
202309011007
202309011008
202309011009
202309011010
202309011011
202309011101
202309011103
202309011104
202309011105
202309011106
202309011107
202309011108
202309011109
202309011110
202309011111 -
202309011112
202309011201
202309011202
202309011203
202309011204
202309011205
202309011206
202309011207 -
202309011208
202309011210
202309011211
202309011212
202309020101
202309020102
202309020103
202309020105
202309020106
202309020107
202309020109
202309020110
202309020111
202309020112
202309020201
202309020202
202309020203
202309020204
202309020205
202309020206
202309020207
202309020208
202309020209
202309020210
202309020211
202309020212
202309020301
202309020302
202309020303
202309020304
202309020305
202309020306
202309020307
202309020309 -
202309020310
202309020312
202309020401
202309020402
202309020403
202309020404
202309020405
202309020406
202309020407
202309020408
202309020409
202309020410
202309020411
202309020412
202309020501
202309020502
202309020503
202309020505
202309020506
202309020507
202309020508
202309020510
202309020511
202309020512
202309020601
202309020602
202309020603
202309020604
202309020605
202309020606
202309020607
202309020608
202309020609
202309020610
202309020611
202309020612
202309020701
202309020702
202309020703
202309020704
202309020705
202309020706
202309020708 -
202309020709
202309020710
202309020711
202309020712
202309020801
202309020802
202309020803
202309020804
202309020805
202309020806
202309020807
202309020808 -
202309020809
202309020810
202309020811
202309030103
202309030104
202309030105 -
202309030108
202309030109 -
202309030110
202309030111
202309030112
202309030202
202309030203
202309030204
202309030205 -
202309030206
202309030207
202309030208
202309030209
202309030210
202309030211
202309030212
202309030301
202309030302
202309030304
202309030305
202309030306
202309030307
202309030308
202309030309 -
202309030310
202309030311
202309030312
202309030402
202309030403
202309030404
202309030405 -
202309030406
202309030407
202309030408
202309030409
202309030411
202309030412
202309030501 -
202309030502
202309030503
202309030504 -
202309030505
202309030506
202309030507
202309030508
202309030509 -
202309030511
202309030512
202309030601
202309030602
202309030603
202309030604
202309030605
202309030606
202309030607
202309030608
202309030609
202309030610
202309030611
202309030612
202309030701
202309030704
202309030705
202309030707
202309030709
202309030710
202309030711
202309030801
202309030802
202309030803
202309030804
202309030805 -
202309030807
202309030808
202309030809
202309030810
202309030811
202309030812
202309040101
202309040102
202309040104
202309040108
202309040109 -
202309040110
202309040111
202309040112
202309040203
202309040204
202309040205 -
202309040206
202309040207
202309040209 -
202309040211
202309040212
202309040302
202309040304
202309040305 -
202309040306
202309040307
202309040308
202309040309 -
202309040310
202309040311
202309040312
202309040401 -
202309040402
202309040403
202309040404 -
202309040405
202309040406
202309040407
202309040409
202309040410
202309040411
202309040412
202309040501
202309040502
202309040503
202309040504 -
202309040505
202309040506
202309040507
202309040508
202309040509
202309040510
202309040511
202309040512
202309040601
202309040602
202309040603
202309040604
202309040605
202309040606
202309040608 -
202309040610
202309040611
202309040612
202309040703
202309040704 -
202309040705 -
202309040706
202309040707
202309040708
202309040709
202309040710
202309040711
202309040712
202309040801
202309040802 -
202309040804
202309040805
202309040806
202309040807 -
202309040808
202309040809
202309040810
202309040811
202309040901
202309040902
202309040903
202309040904
202309040905
202309040906
202309040907
202309040908
202309040910
202309040911
202309040912
202309050101
202309050104
202309050105
202309050108
202309050109
202309050110
202309050111
202309050112
202309050201
202309050202
202309050203
202309050204
202309050205
202309050206
202309050207
202309050208
202309050209
202309050210
202309050211
202309050212
202309050301 -
202309050302
202309050303
202309050304
202309050305
202309050306
202309050307
202309050308
202309050309
202309050310
202309050311
202309050312
202309050401
202309050402
202309050404
202309050407
202309050408 -
202309050410
202309050411
202309050412
202309050501
202309050502
202309050503
202309050505
202309050506
202309050507 -
202309050508
202309050509
202309050510
202309050511
202309050601
202309050602
202309050603
202309050604
202309050605
202309050606
202309050607
202309050608
202309050609
202309050610
202309050611
202309050612
202309050701
202309050702
202309050703
202309050704
202309050705
202309050708
202309050709
202309050710
202309050711
202309050712
202309050801
202309050802
202309050803
202309050805
202309050806
202309050807
202309050808
202309050810
202309050811
202309050812
202309050901
202309050902
202309050903
202309050905
202309050906
202309050907
202309050908
202309050909
202309050910
202309050911
202309050912
202310010101
202310010102
202310010103
202310010104
202310010106
202310010107
202310010108
202310010109
202310010110
202310010111
202310010112
202310010201
202310010202
202310010203
202310010204
202310010205
202310010206
202310010207
202310010208
202310010209
202310010210
202310010211
202310010212
202310010301
202310010302
202310010305
202310010306
202310010307
202310010308
202310010309 -
202310010310
202310010311
202310010312
202310010401
202310010402
202310010403
202310010404
202310010405
202310010406
202310010407 -
202310010408
202310010409
202310010410
202310010411
202310010412
202310010501
202310010502
202310010503
202310010505
202310010506
202310010507
202310010508
202310010509
202310010510
202310010511
202310010512
202310010601
202310010602
202310010603
202310010604
202310010605
202310010606
202310010607
202310010610 -
202310010611
202310010612
202310010701
202310010702
202310010703
202310010704
202310010706
202310010707
202310010708
202310010709
202310010710
202310010711
202310010712
202310010801
202310010802
202310010805
202310010806
202310010807
202310010808
202310010809
202310010810
202310010811
202310010812
202310020101
202310020102
202310020103
202310020105
202310020106
202310020107
202310020108
202310020109
202310020110
202310020111
202310020112
202310020201
202310020202
202310020203
202310020205
202310020206
202310020207 -
202310020209
202310020210
202310020211
202310020212
202310020301
202310020302
202310020303
202310020304
202310020305
202310020307
202310020309
202310020310
202310020311
202310020312
202310020401
202310020402
202310020403
202310020404
202310020405
202310020406
202310020407
202310020408
202310020409
202310020410
202310020411
202310020412
202310020501
202310020502
202310020503
202310020504
202310020505
202310020506
202310020507
202310020509
202310020510
202310020511
202310020512
202310020601
202310020602
202310020603
202310020605
202310020606
202310020607
202310020608
202310020609
202310020610
202310020611
202310020612
202310030101
202310030102 -
202310030103
202310030104 -
202310030106
202310030107
202310030108
202310030109
202310030111
202310030112
202310030202
202310030203
202310030204
202310030205
202310030206
202310030207
202310030209
202310030210
202310030211
202310030212
202310030302
202310030303
202310030304
202310030305
202310030306
202310030307
202310030308
202310030309
202310030310
202310030311
202310030312
202310030401
202310030403
202310030404
202310030406
202310030407
202310030408
202310030409
202310030410
202310030411
202310030501
202310030502
202310030504
202310030505
202310030507
202310030508
202310030510
202310030511
202310030512
202310030601
202310030602
202310030604
202310030605
202310030606
202310030607
202310030608
202310030609
202310030610
202310030611
202310030612
202310030702
202310030703
202310030704
202310030705
202310030706
202310030707
202310030708
202310030710
202310030711
202310030712
202310030802
202310030804
202310030805
202310030806
202310030807
202310030808
202310030809
202310030810
202310030811
202310030812
202401010102
202401010103
202401010104
202401010105
202401010106
202401010107
202401010108
202401010109
202401010110
202401010111
202401010201 -
202401010202
202401010203
202401010205 -
202401010206
202401010207
202401010208
202401010209
202401010210 -
202401010212
202401010302
202401010303
202401010304
202401010305
202401010306
202401010307
202401010308
202401010309
202401010310
202401010311
202401010312
202401010401
202401010402
202401010404
202401010405
202401010406
202401010407
202401010408
202401010409
202401010410
202401010411
202401010412
202401010501
202401010502
202401010503
202401010504
202401010505
202401010506
202401010507
202401010508
202401010509
202401010510
202401010511
202401010512
202401010603
202401010604
202401010605 -
202401010606
202401010607
202401010608
202401010609
202401010610
202401010611
202401020101 -
202401020102
202401020103
202401020104
202401020105 -
202401020106
202401020107
202401020108
202401020109
202401020110
202401020111
202401020112
202401020202
202401020203
202401020204
202401020205
202401020206
202401020207
202401020208 -
202401020209
202401020210
202401020211
202401020212
202401020301
202401020302
202401020303
202401020304
202401020305 -
202401020306
202401020307
202401020308
202401020309
202401020310
202401020311
202401020312
202401020401
202401020403
202401020404
202401020405
202401020406
202401020407
202401020409
202401020410
202401020412
202401020502
202401020504
202401020505
202401020507
202401020508
202401020509
202401020510
202401020511
202401020512
202401020603
202401020604
202401020605
202401020607
202401020608
202401020609
202401020611
202401020612
202401020701
202401020702
202401020704
202401020705
202401020707
202401020708
202401020709
202401020710
202401020711
202401020712
202401020801
202401020802
202401020803
202401020804
202401020805
202401020806
202401020807
202401020808
202401020809
202401020810
202401020811
202401020812
202402010101
202402010102
202402010103
202402010104
202402010105
202402010106
202402010107
202402010108
202402010109
202402010110
202402010111
202402010112
202402010201
202402010202
202402010203
202402010204
202402010205
202402010206
202402010207
202402010208
202402010209
202402010210
202402010211
202402010212
202402010301
202402010303
202402010304
202402010305 -
202402010307
202402010309 -
202402010310
202402010311
202402010312
202402010401
202402010402
202402010403
202402010405 -
202402010406
202402010407
202402010408
202402010409
202402010410
202402010411
202402010412
202402010501
202402010502
202402010503
202402010505 -
202402010506
202402010507 -
202402010509
202402010510
202402010511
202402010512 -
202402010601
202402010602
202402010604
202402010607
202402010608
202402010609
202402010610
202402010611
202402010702
202402010703
202402010705
202402010706
202402010707
202402010708
202402010709
202402010711
202402010712
202402010802
202402010803
202402010804
202402010805
202402010806
202402010807 -
202402010808
202402010809
202402010811
202402010812
202402010901 -
202402010902
202402010903
202402010904
202402010905
202402010906
202402010907
202402010908
202402010909
202402010910
202402010912 -
202402011001
202402011002
202402011003
202402011004
202402011005
202402011006
202402011007
202402011008
202402011011
202402011012
202402011102
202402011103
202402011105
202402011106
202402011107
202402011108
202402011109
202402011110
202402011111
202402011112
202402011201
202402011202
202402011203
202402011204
202402011205
202402011206
202402011208
202402011210
202402011211
202402011212
202403010101
202403010102
202403010103
202403010105
202403010106
202403010107
202403010108
202403010109
202403010110
202403010111
202403010112
202403010201
202403010203
202403010205
202403010207
202403010208
202403010209
202403010210
202403010211
202403010212
202403010301
202403010302
202403010303
202403010304
202403010305
202403010306
202403010307
202403010308
202403010309
202403010310
202403010311
202403010312
202403010401
202403010402
202403010404
202403010405
202403010406
202403010407
202403010408
202403010409
202403010410
202403010411
202403010412
202403010503
202403010505
202403010506
202403010507
202403010508
202403010509
202403010510
202403010512
202403010601
202403010602
202403010603
202403010605
202403010606
202403010607
202403010608
202403010609
202403010610
202403010611
202403010612
202403020102
202403020103
202403020105
202403020106
202403020107
202403020108
202403020109 -
202403020110
202403020111
202403020112
202403020201 -
202403020202
202403020203
202403020204
202403020205
202403020206
202403020207
202403020208
202403020209 -
202403020210
202403020211
202403020212
202403020301 -
202403020302
202403020303
202403020304
202403020305
202403020306
202403020307
202403020308
202403020309
202403020310 -
202403020311
202403020312
202403020402
202403020403
202403020404
202403020405
202403020406
202403020407
202403020409
202403020410
202403020411
202403020412
202403020501 -
202403020502
202403020503
202403020504 -
202403020505
202403020506 -
202403020507
202403020508
202403020509
202403020510
202403020511
202403020512
202403020601 -
202403020602 -
202403020603
202403020604
202403020606 -
202403020607
202403020608
202403020609
202403020610
202403020611
202403020612
202403020701
202403020702
202403020703
202403020704
202403020705
202403020706
202403020708
202403020709
202403020711
202403020712
202403020802
202403020803
202403020804
202403020805
202403020807
202403020808
202403020809
202403020811
202403020812
202403030101
202403030102
202403030103
202403030105
202403030106
202403030107
202403030108
202403030109
202403030110
202403030111
202403030112
202403030201
202403030202
202403030203
202403030205 -
202403030206
202403030207
202403030208
202403030209
202403030210
202403030211
202403030301
202403030302
202403030304
202403030305
202403030306
202403030307
202403030308
202403030309
202403030310
202403030311
202403030312
202403030401
202403030402
202403030404
202403030406
202403030407
202403030408
202403030409
202403030410
202403030411
202403030412
202403030502
202403030503
202403030506
202403030507
202403030509
202403030511
202403030512
202403030601
202403030602
202403030603
202403030605
202403030606
202403030607
202403030608
202403030609
202403030610
202403030611
202403030612
202404010101
202404010103
202404010104
202404010105
202404010106
202404010107 -
202404010108
202404010109
202404010110
202404010111
202404010112
202404010201
202404010202
202404010204
202404010205
202404010206
202404010207
202404010208
202404010209
202404010210
202404010211
202404010212
202404010301
202404010302
202404010305
202404010307
202404010309
202404010310
202404010311
202404010312
202404010401
202404010402
202404010404
202404010405
202404010406
202404010407
202404010408
202404010409
202404010410
202404010411
202404010412
202404010501
202404010502
202404010503
202404010504
202404010506
202404010507 -
202404010508
202404010509
202404010510
202404010511
202404010512
202404010601
202404010602
202404010603
202404010605
202404010606
202404010607
202404010608
202404010609 -
202404010610
202404010611
202404010612
202404010701
202404010702
202404010703
202404010704
202404010705
202404010706
202404010707
202404010709
202404010710
202404010711
202404010712
202404010801
202404010802
202404010804
202404010805
202404010806
202404010807
202404010808
202404010809
202404010810
202404010811
202404020102
202404020103
202404020105
202404020106
202404020107
202404020108
202404020109
202404020111
202404020112
202404020201
202404020202
202404020203
202404020204
202404020205
202404020206
202404020207
202404020208
202404020209
202404020210
202404020211
202404020212
202404020301
202404020303
202404020304
202404020305
202404020306
202404020307
202404020308
202404020309
202404020310
202404020311 -
202404020312
202404020401 -
202404020402
202404020404
202404020405
202404020406
202404020407
202404020408
202404020409
202404020410
202404020411
202404020412
202404030102
202404030103
202404030104
202404030105
202404030106
202404030107
202404030108
202404030109
202404030110
202404030111
202404030112
202404030203
202404030205
202404030207
202404030209
202404030210
202404030211
202404030212
202404030302
202404030303
202404030304
202404030305
202404030306
202404030307
202404030308
202404030309
202404030310
202404030311
202404030312
202404030401
202404030402
202404030404
202404030406
202404030407
202404030408
202404030409
202404030411
202404030412
202404030501
202404030502
202404030503
202404030504
202404030507
202404030508
202404030509
202404030510
202404030511
202404030512
202404030601 -
202404030602
202404030603
202404030604
202404030605
202404030606
202404030607
202404030608
202404030609
202404030610
202404030611
202404030702
202404030704
202404030706
202404030707
202404030708
202404030709
202404030710
202404030711
202404030712
202404030801
202404030802
202404030803
202404030804
202404030805 -
202404030806
202404030807
202404030809 -
202404030810
202404030812
202404040102
202404040103
202404040105
202404040106
202404040107
202404040108
202404040109
202404040110
202404040111
202404040112
202404040201
202404040202
202404040203
202404040204
202404040205
202404040206
202404040207
202404040208
202404040209
202404040210 -
202404040211
202404040212
202404040301
202404040302
202404040304
202404040305
202404040306
202404040307
202404040308
202404040309
202404040310
202404040311
202404040312
202404040401
202404040402
202404040403
202404040404
202404040405
202404040406
202404040407
202404040408 -
202404040409
202404040410
202404040411
202404040412
202404040501
202404040502
202404040503
202404040505
202404040507
202404040508
202404040509
202404040510
202404040512
202404040602
202404040603
202404040604 -
202404040605
202404040606
202404040607
202404040608
202404040609
202404040610
202404040611
202404040612
202404040701
202404040702
202404040703
202404040705
202404040706
202404040707
202404040708
202404040709
202404040710
202404040711
202404040712
202404040801
202404040802
202404040803
202404040804
202404040805
202404040806
202404040807
202404040808
202404040809
202404040810
202404040811
202404040812
202405010101
202405010102
202405010103
202405010104
202405010105
202405010106
202405010107
202405010110
202405010111
202405010112
202405010201
202405010202
202405010203
202405010204
202405010205
202405010206
202405010207
202405010208
202405010209
202405010210
202405010211
202405010212
202405010301
202405010303
202405010305
202405010306
202405010308
202405010309 -
202405010310
202405010312
202405010401
202405010402
202405010403
202405010404
202405010405
202405010406
202405010408
202405010409
202405010410
202405010411
202405010412
202405010501
202405010502
202405010503
202405010504
202405010505
202405010506
202405010507
202405010508
202405010509
202405010510
202405010511
202405010512
202405010601
202405010602
202405010603
202405010605
202405010606
202405010607
202405010608 -
202405010609
202405010611
202405010612
202405010702
202405010703
202405010704
202405010705
202405010707
202405010708
202405010709
202405010710
202405010711
202405010712
202405010801
202405010802
202405010803
202405010804
202405010805
202405010806
202405010807
202405010808
202405010809
202405010810
202405010811
202405010812
202405020102
202405020104
202405020105
202405020106
202405020108
202405020109
202405020110
202405020202
202405020205
202405020206
202405020207
202405020208
202405020210
202405020211
202405020212
202405020301
202405020303
202405020304
202405020305
202405020306
202405020307
202405020308
202405020309
202405020310
202405020311
202405020312
202405020401
202405020402
202405020403
202405020404
202405020405
202405020406
202405020407
202405020408
202405020409 -
202405020410
202405020411
202405020501
202405020502
202405020504
202405020505
202405020507
202405020508
202405020509 -
202405020510 -
202405020511
202405020512
202405020601
202405020602
202405020603
202405020604
202405020605
202405020606
202405020607
202405020608
202405020609
202405020610
202405020611
202405020612
202405020701
202405020702
202405020703
202405020704
202405020705
202405020706
202405020707
202405020708
202405020709
202405020710
202405020711
202405020712
202405020801
202405020802
202405020803
202405020806
202405020807
202405020808
202405020809 -
202405020810
202405020811
202405020812
202405020901
202405020902
202405020903
202405020904
202405020905
202405020907
202405020908
202405020909
202405020910
202405020911
202405020912
202405021001
202405021002
202405021003
202405021004
202405021005
202405021006
202405021007
202405021008
202405021009
202405021010
202405021011
202405021101
202405021103
202405021105
202405021106
202405021107
202405021109
202405021111
202405021112
202405021201
202405021202
202405021203
202405021204
202405021205
202405021206
202405021208
202405021209
202405021210
202405021212
202405030101
202405030102
202405030103
202405030105
202405030106
202405030107
202405030108
202405030109
202405030110
202405030111
202405030112
202405030201
202405030202
202405030203
202405030204
202405030205
202405030206
202405030207
202405030208
202405030209
202405030210
202405030211
202405030301
202405030302
202405030303
202405030304
202405030305 -
202405030306
202405030307
202405030308
202405030309
202405030310
202405030311
202405030312
202405030401
202405030402
202405030404
202405030405
202405030406
202405030407
202405030408
202405030409
202405030410
202405030411
202405030412
202405030501
202405030502
202405030503
202405030504
202405030505 -
202405030507
202405030508
202405030509
202405030510
202405030511
202405030512
202405030602
202405030603
202405030604
202405030605
202405030606
202405030607
202405030608
202405030610
202405030611
202405030612
202405030703
202405030705
202405030706
202405030707
202405030709
202405030712
202405030801
202405030802
202405030805
202405030806
202405030807
202405030808
202405030809
202405030810
202405030811
202405040101
202405040103
202405040104
202405040105
202405040106
202405040107
202405040108
202405040109 -
202405040110
202405040111 -
202405040112
202405040201
202405040203
202405040204
202405040205
202405040206
202405040207
202405040208
202405040209 -
202405040210
202405040211
202405040212
202405040301
202405040302
202405040303
202405040304
202405040305
202405040306
202405040307 -
202405040308
202405040309
202405040310
202405040311
202405040312
202405040401
202405040402
202405040404
202405040405
202405040406
202405040407 -
202405040408
202405040409 -
202405040410
202405040411
202405040412
202405040501
202405040502
202405040503 -
202405040504
202405040505
202405040506
202405040507
202405040508
202405040509 -
202405040510
202405040511
202405040512
202405040601
202405040602
202405040603
202405040604
202405040605
202405040607
202405040608
202405040609 -
202405040610 -
202405040611
202405040612
202405040701
202405040702
202405040703
202405040704
202405040705
202405040706
202405040707
202405040708
202405040709
202405040710 -
202405040711
202405040712
202405040801
202405040802 -
202405040803
202405040804
202405040806
202405040807
202405040808 -
202405040809
202405040810
202405040811
202405040812
202405050101
202405050103
202405050104 -
202405050105
202405050106
202405050108 -
202405050109
202405050110
202405050111
202405050112 -
202405050201
202405050203
202405050204
202405050205
202405050206
202405050207
202405050209 -
202405050210
202405050211
202405050212
202405050301
202405050302
202405050303
202405050304
202405050305
202405050306
202405050307
202405050308
202405050309
202405050310
202405050311
202405050312
202405050401
202405050402
202405050403
202405050405
202405050406
202405050407
202405050408
202405050409
202405050410
202405050411
202405050412
202405050501
202405050502
202405050503
202405050504
202405050506
202405050507
202405050508
202405050509
202405050510
202405050511
202405050512
202405050601
202405050602
202405050603
202405050604
202405050605
202405050606
202405050608 -
202405050609
202405050610
202405050611
202405050612
202405050702
202405050703
202405050706
202405050707
202405050708
202405050709
202405050710
202405050711
202405050712
202405050801
202405050802
202405050803
202405050804
202405050805
202405050806
202405050807
202405050808
202405050809
202405050810
202405050811
202405050812
202406010101
202406010102
202406010104
202406010105
202406010106
202406010107
202406010108
202406010110
202406010111
202406010112
202406010202
202406010204
202406010205
202406010206
202406010207
202406010208
202406010209
202406010210
202406010211
202406010212
202406010301
202406010302
202406010303
202406010304
202406010306
202406010307
202406010308
202406010309
202406010310
202406010311
202406010401
202406010403
202406010405
202406010406
202406010407
202406010408
202406010409
202406010411
202406010412
202406010502
202406010503
202406010504
202406010505
202406010507
202406010509
202406010510
202406010512
202406010601
202406010602
202406010603
202406010604
202406010605
202406010606
202406010607
202406010608
202406010609
202406010610
202406010611
202406010612
202406010701
202406010702
202406010704
202406010705
202406010706
202406010707
202406010708
202406010709
202406010710
202406010711
202406010712
202406020101
202406020102
202406020103
202406020104
202406020105
202406020106
202406020107
202406020108
202406020109 -
202406020110
202406020111
202406020112
202406020201
202406020202
202406020203
202406020204
202406020205
202406020206
202406020207
202406020208
202406020209
202406020210
202406020211
202406020212
202406020302
202406020303
202406020304
202406020305
202406020306
202406020307
202406020308
202406020309
202406020310
202406020311
202406020312
202406020401
202406020402
202406020404
202406020405
202406020406
202406020407
202406020408
202406020409
202406020410
202406020411
202406020412
202406020501
202406020502
202406020503
202406020504
202406020505
202406020506
202406020507
202406020508
202406020509
202406020510
202406020511
202406020512
202406020601
202406020602
202406020603
202406020604
202406020605
202406020606
202406020607
202406020608
202406020609
202406020610
202406020611
202406020612
202406020702
202406020703
202406020704
202406020705
202406020706
202406020707
202406020708
202406020709
202406020710
202406020711
202406020712
202406020801
202406020802
202406020805
202406020806
202406020807
202406020808 -
202406020809
202406020810
202406020811
202406020812
202406030101
202406030102
202406030103
202406030104
202406030105
202406030106
202406030107
202406030108
202406030109
202406030110
202406030111
202406030112
202406030202
202406030204
202406030206
202406030207
202406030208 -
202406030209
202406030210
202406030211
202406030212
202406030301
202406030302
202406030303
202406030305
202406030307
202406030308
202406030309
202406030310
202406030311
202406030312
202406030401
202406030402
202406030403
202406030405
202406030406
202406030407
202406030408
202406030409 -
202406030410
202406030411
202406030412
202406030501
202406030502
202406030503
202406030504
202406030505
202406030507 -
202406030509
202406030510
202406030511
202406030512
202406030602
202406030604
202406030606
202406030607
202406030608 -
202406030610
202406030611
202406030612
202406030701
202406030703
202406030704
202406030705
202406030707
202406030708
202406030709 -
202406030710
202406030712
202406030801
202406030802
202406030803
202406030805
202406030806
202406030807
202406030809
202406030810
202406030812
202406040101 -
202406040102
202406040103
202406040104
202406040105 -
202406040106
202406040107
202406040108
202406040109 -
202406040111
202406040112
202406040201 -
202406040202
202406040203
202406040204
202406040205
202406040206
202406040207
202406040208
202406040209
202406040210
202406040211
202406040212
202406040301
202406040302
202406040304
202406040305
202406040306
202406040307
202406040308
202406040309
202406040310
202406040311
202406040312
202406040401
202406040402
202406040403
202406040404
202406040405
202406040406
202406040407
202406040408
202406040409
202406040410
202406040411
202406040412
202406040501 -
202406040503
202406040504
202406040505
202406040507
202406040508
202406040509
202406040510
202406040511
202406040512
202406040602
202406040603
202406040605
202406040606
202406040607
202406040610
202406040701
202406040702
202406040703
202406040704
202406040705
202406040706
202406040707
202406040708
202406040709
202406040710
202406040711
202406040712
202406040801
202406040803
202406040806
202406040807
202406040808
202406040810
202406040812
202406040901
202406040903
202406040904
202406040905
202406040906
202406040907
202406040908
202406040910
202406040911
202406040912
202406050101
202406050102
202406050103
202406050105
202406050106
202406050107
202406050109
202406050110
202406050111
202406050112
202406050201
202406050202
202406050203
202406050204
202406050205
202406050206
202406050208
202406050209
202406050210
202406050211
202406050212
202406050301
202406050302
202406050303
202406050304
202406050305
202406050306
202406050307
202406050308
202406050309
202406050310
202406050311
202406050312
202406050401
202406050402
202406050403
202406050404
202406050405
202406050406
202406050407
202406050408
202406050409
202406050410
202406050412
202406050501
202406050502
202406050503
202406050504
202406050506
202406050507
202406050508
202406050509
202406050510
202406050511
202406050512
202406050601
202406050602
202406050603
202406050604
202406050606
202406050607
202406050608
202406050610
202406050611
202406050612
202406050701
202406050702
202406050703
202406050707
202406050708
202406050709
202406050711
202406050712
202406050801
202406050802
202406050803
202406050804
202406050806
202406050807
202406050808
202406050809
202406050810
202406050812
202406050901
202406050902
202406050903
202406050904
202406050905
202406050906
202406050907
202406050908
202406050909
202406050910
202406050911
202406050912
202407010101
202407010102
202407010103
202407010104
202407010105
202407010106
202407010107
202407010108 -
202407010109
202407010110
202407010111
202407010112
202407010201
202407010202
202407010203
202407010204
202407010205
202407010206
202407010207
202407010208 -
202407010209
202407010210
202407010211
202407010212
202407010301
202407010302
202407010303
202407010304
202407010305
202407010306 -
202407010308
202407010309
202407010310
202407010311
202407010312
202407010401
202407010402
202407010403
202407010404
202407010405
202407010406
202407010407
202407010408
202407010409
202407010410
202407010411
202407010412
202407010501
202407010502
202407010503
202407010504
202407010505
202407010507
202407010508
202407010509 -
202407010510
202407010512
202407010601
202407010602
202407010603
202407010604
202407010605
202407010606
202407010607
202407010608
202407010609
202407010610
202407010611
202407010612
202407020102
202407020104 -
202407020105
202407020106
202407020108
202407020109
202407020201 -
202407020202
202407020203
202407020204
202407020206
202407020208
202407020209
202407020210
202407020211
202407020212
202407020301
202407020302
202407020303
202407020304
202407020305
202407020306
202407020307
202407020308
202407020309
202407020311
202407020312
202407020402
202407020404
202407020405
202407020406
202407020407
202407020408
202407020409
202407020410
202407020411
202407020412
202407020501
202407020502
202407020505
202407020507
202407020508
202407020511
202407020601
202407020602
202407020603
202407020604
202407020605
202407020607
202407020609
202407020610 -
202407020611
202407020612
202407020701
202407020703
202407020704
202407020705 -
202407020706
202407020707
202407020708
202407020710
202407020711
202407020712
202407020802
202407020803 -
202407020804
202407020805
202407020806
202407020807
202407020808
202407020809 -
202407020810
202407020811
202407020812
202407030101
202407030105 -
202407030106
202407030107
202407030108
202407030109 -
202407030110
202407030112
202407030201
202407030202
202407030204 -
202407030205 -
202407030207
202407030208
202407030209
202407030210
202407030211
202407030212
202407030301
202407030302 -
202407030303
202407030304
202407030305
202407030306
202407030307
202407030309 -
202407030311
202407030312
202407030403 -
202407030405
202407030406
202407030407
202407030408
202407030409
202407030410
202407030411
202407030412
202407030501
202407030502
202407030503
202407030504
202407030506
202407030508
202407030509
202407030510
202407030601
202407030602
202407030603
202407030605
202407030606 -
202407030607
202407030610
202407030611
202407030612
202407030701
202407030702
202407030703
202407030704
202407030705
202407030706
202407030707
202407030708
202407030709
202407030710
202407030712
202407030801
202407030802
202407030803
202407030804
202407030805
202407030806
202407030807
202407030808
202407030809
202407030810
202407030811
202407030812
202407030901
202407030902
202407030903
202407030904
202407030905
202407030906
202407030907
202407030908
202407030909
202407030910
202407030911
202407030912
202407040101
202407040102
202407040103
202407040104
202407040105 -
202407040106
202407040107
202407040108
202407040109
202407040110
202407040111
202407040112
202407040201
202407040202
202407040203
202407040204
202407040205 -
202407040206
202407040207
202407040208
202407040209 -
202407040210
202407040211
202407040212
202407040302
202407040304
202407040305
202407040306
202407040308
202407040309
202407040310
202407040311
202407040312
202407040401
202407040402
202407040404
202407040405
202407040406
202407040407
202407040408
202407040409
202407040410
202407040411
202407040412
202407040501
202407040502
202407040504
202407040505
202407040507
202407040508
202407040509
202407040510
202407040511
202407040512
202407040601
202407040602
202407040604
202407040605
202407040606
202407040607
202407040608
202407040609 -
202407040610
202407040612
202408010101
202408010102
202408010103
202408010104
202408010106
202408010107
202408010108
202408010109
202408010110
202408010111
202408010112
202408010201
202408010203
202408010204
202408010207
202408010208
202408010209
202408010210
202408010211
202408010212
202408010301
202408010302
202408010303
202408010304
202408010305
202408010306
202408010307
202408010308
202408010309
202408010310
202408010311
202408010312
202408010401
202408010402
202408010403
202408010404
202408010405
202408010406
202408010407
202408010408
202408010409
202408010410
202408010411
202408010412
202408010501
202408010502
202408010503
202408010504
202408010505
202408010506
202408010507
202408010508
202408010509
202408010510
202408010511
202408010512
202408010601
202408010602
202408010603
202408010604 -
202408010605
202408010606
202408010607
202408010608
202408010610
202408010611
202408010612
202408010701
202408010704 -
202408010705
202408010706 -
202408010707
202408010709
202408010710
202408010711
202408010712
202408020101
202408020102
202408020103
202408020104
202408020105
202408020106 -
202408020109
202408020110
202408020111
202408020112
202408020201
202408020202
202408020203
202408020204
202408020205
202408020206
202408020207
202408020208
202408020209
202408020210
202408020211
202408020212
202408020301
202408020302
202408020303
202408020304
202408020305
202408020306
202408020307
202408020308
202408020309
202408020310
202408020311
202408020312
202408020401 -
202408020402
202408020403 -
202408020405
202408020406
202408020409
202408020410
202408020412
202408020501
202408020502
202408020503
202408020504
202408020505
202408020506
202408020507 -
202408020508
202408020509
202408020510
202408020511
202408020512
202408020601
202408020602
202408020604
202408020605
202408020606
202408020607
202408020608
202408020609
202408020610
202408020611
202408020612
202408020701
202408020702
202408020703
202408020704
202408020705
202408020707
202408020708
202408020709
202408020710
202408020711
202408020712
202408020801
202408020803
202408020806
202408020807 -
202408020808
202408020809
202408020810
202408020811
202408030101
202408030102
202408030103
202408030104
202408030105
202408030106
202408030107
202408030108
202408030109 -
202408030110
202408030111
202408030112
202408030201
202408030202
202408030203
202408030204
202408030205
202408030206
202408030208
202408030209
202408030210
202408030211
202408030301
202408030302
202408030303
202408030304
202408030305
202408030306
202408030307 -
202408030308
202408030310
202408030311
202408030312
202408030401
202408030403
202408030404
202408030405
202408030406
202408030407
202408030408
202408030409
202408030410
202408030412
202408030501
202408030502
202408030503
202408030505
202408030506
202408030507 -
202408030508
202408030510
202408030511
202408030512
202408030601
202408030602
202408030603
202408030604
202408030607
202408030609
202408030611
202408030612
202408030701
202408030702
202408030703
202408030704
202408030705
202408030707
202408030708
202408030709
202408030710
202408030712
202408030802
202408030803
202408030804
202408030805
202408030806 -
202408030807
202408030808
202408030809 -
202408030811
202408030812
202408030901
202408030902
202408030903
202408030904
202408030905
202408030906
202408030907
202408030908
202408030910
202408030911
202408030912
202408031001
202408031002
202408031003
202408031004
202408031005
202408031007
202408031008
202408031009
202408031010
202408031011
202408031012
202408031101
202408031102
202408031103
202408031104
202408031105
202408031106
202408031107
202408031108
202408031109
202408031110
202408031111
202408031201
202408031202
202408031203
202408031204
202408031205
202408031206
202408031207
202408031209
202408031210
202408031211
202408031212
202408040101
202408040102
202408040103
202408040104
202408040105
202408040106
202408040107
202408040108 -
202408040109
202408040110
202408040112
202408040201
202408040202
202408040203
202408040205
202408040206
202408040207
202408040208
202408040209
202408040210
202408040211
202408040212
202408040301
202408040302
202408040303
202408040304
202408040305
202408040306
202408040307
202408040309
202408040310
202408040311
202408040401
202408040402
202408040403
202408040404
202408040405 -
202408040406
202408040407
202408040408
202408040411
202408040412
202408040502
202408040503
202408040504
202408040505
202408040507 -
202408040508
202408040509
202408040510
202408040511
202408040512
202408040602
202408040603
202408040604
202408040605
202408040606
202408040607
202408040608
202408040610
202408040611
202408040612
202408040702
202408040703
202408040705
202408040707
202408040708
202408040709
202408040710
202408040711
202408040712
202408040801
202408040802
202408040803
202408040804
202408040806
202408040807
202408040808 -
202408040809
202408040810
202408040811
202408040812
202408050101
202408050103 -
202408050104
202408050105
202408050106
202408050107
202408050110
202408050111
202408050112
202408050202
202408050203
202408050204
202408050205
202408050206 -
202408050207
202408050209
202408050211
202408050212
202408050301
202408050303
202408050304
202408050305
202408050306
202408050307
202408050308 -
202408050309
202408050310
202408050311
202408050312
202408050401
202408050402
202408050403
202408050404
202408050405
202408050406
202408050407 -
202408050408 -
202408050409
202408050410
202408050411
202408050501
202408050502
202408050503
202408050504
202408050505
202408050506 -
202408050507
202408050508
202408050509
202408050510
202408050511
202408050602
202408050603
202408050604
202408050605
202408050607
202408050608
202408050609 -
202408050610
202408050611
202408050701
202408050702
202408050703
202408050704
202408050705
202408050706 -
202408050707
202408050708 -
202408050709
202408050711
202408050712
202408050801
202408050804
202408050805
202408050806
202408050807
202408050808
202408050809 -
202408050810 -
202408050811
202408050812
202408060101 -
202408060102
202408060103
202408060104 -
202408060105
202408060106
202408060109
202408060110
202408060111
202408060112 -
202408060201
202408060202
202408060204
202408060207
202408060208
202408060210
202408060211
202408060301
202408060302
202408060303
202408060304
202408060305
202408060306
202408060307
202408060308 -
202408060309
202408060310
202408060311 -
202408060312 -
202408060401
202408060402
202408060403
202408060404
202408060405
202408060406
202408060407
202408060408
202408060410
202408060411
202408060412
202408060501
202408060502
202408060504
202408060506
202408060507
202408060508
202408060509
202408060510
202408060511
202408060512
202408060601
202408060602
202408060603
202408060604
202408060605
202408060606
202408060607
202408060608
202408060609
202408060610
202408060611
202408060612
202408060701
202408060702
202408060703
202408060705
202408060706
202408060707
202408060709
202408060710 -
202408060711 -
202408060801
202408060802
202408060803
202408060804
202408060805
202408060806
202408060807
202408060808
202408060809
202408060810
202408060812
202408070101
202408070102
202408070104
202408070105
202408070106
202408070107
202408070108
202408070109
202408070111
202408070112 -
202408070201
202408070202
202408070203
202408070204
202408070205
202408070206 -
202408070207
202408070208
202408070209
202408070210
202408070212
202408070301
202408070302 -
202408070303
202408070304
202408070305
202408070306
202408070307
202408070309 -
202408070310
202408070311
202408070312
202408070401
202408070402
202408070404
202408070405
202408070406
202408070407
202408070408
202408070409
202408070410
202408070411
202408070412
202408070502
202408070503
202408070504
202408070505
202408070506
202408070507
202408070508
202408070509
202408070510
202408070511
202408070512
202408070601
202408070602
202408070603
202408070604
202408070605
202408070607
202408070608
202408070609
202408070610
202408070611
202408070612
202408070701
202408070702
202408070705
202408070706
202408070707
202408070708
202408070709
202408070710
202408070711
202408070712
202408070801
202408070802
202408070803
202408070804
202408070805
202408070806
202408070807
202408070809
202408070810
202408070811
202408070812
202408070901
202408070902
202408070903
202408070905
202408070908
202408070909
202408070910
202408070911
202408070912
202409010101
202409010102
202409010104
202409010105
202409010107
202409010108
202409010109
202409010110
202409010111
202409010112
202409010201
202409010203
202409010204
202409010205
202409010206
202409010207 -
202409010208
202409010209
202409010210
202409010211
202409010212
202409010301
202409010302
202409010303
202409010304
202409010305
202409010306 -
202409010307 -
202409010308
202409010309 -
202409010310
202409010311
202409010312
202409010401
202409010402
202409010403
202409010404
202409010405
202409010406 -
202409010407 -
202409010408 -
202409010409
202409010410
202409010411
202409010501
202409010502
202409010503
202409010504
202409010505
202409010506
202409010507
202409010509 -
202409010510
202409010511
202409010512
202409010601
202409010602
202409010603
202409010604
202409010605
202409010606
202409010607
202409010608
202409010609
202409010610
202409010612
202409010701
202409010702
202409010703
202409010705
202409010706
202409010707
202409010708
202409010709
202409010712
202409010801
202409010802
202409010803
202409010805
202409010806
202409010807 -
202409010808 -
202409010809
202409010810
202409010811
202409010812
202409020101
202409020102
202409020103
202409020105
202409020106
202409020107
202409020108
202409020111
202409020112
202409020201
202409020202
202409020203
202409020204
202409020205
202409020206
202409020207
202409020208
202409020209
202409020210 -
202409020211
202409020302
202409020303
202409020304
202409020305
202409020307
202409020308
202409020309 -
202409020310
202409020311
202409020312
202409020401
202409020402
202409020403
202409020404
202409020405
202409020406
202409020407
202409020408
202409020409
202409020410
202409020411
202409020412
202409020501
202409020502
202409020503
202409020504
202409020505
202409020506
202409020508
202409020509
202409020510
202409020511
202409020512
202409020601
202409020603
202409020604
202409020605
202409020607
202409020608
202409020609 -
202409020610
202409020611
202409020612
202409020701
202409020702
202409020703
202409020704
202409020705
202409020706
202409020707
202409020708
202409020709
202409020710
202409020711
202409020712
202409020801
202409020802
202409020803
202409020804
202409020805
202409020806 -
202409020807
202409020808
202409020809
202409020810
202409020811
202409020812
202410010101
202410010102
202410010103
202410010104
202410010105
202410010106
202410010107
202410010108
202410010109
202410010110
202410010111
202410010112
202410010201
202410010202
202410010203
202410010205
202410010207
202410010208
202410010209
202410010210
202410010211
202410010212
202410010301
202410010302
202410010303
202410010306
202410010307
202410010309 -
202410010310
202410010311
202410010312
202410010401
202410010402
202410010403
202410010404
202410010405
202410010406
202410010407
202410010408
202410010409
202410010410
202410010411
202410010412
202410010501
202410010502
202410010503
202410010504
202410010505
202410010506
202410010507
202410010509
202410010510
202410010511
202410010512
202410010601
202410010602
202410010603
202410010604
202410010605
202410010606
202410010607
202410010608
202410010609
202410010610
202410010611
202410010612
202410010701
202410010702
202410010703
202410010706
202410010707
202410010708
202410010709
202410010710
202410010711
202410010712
202410010801
202410010802
202410010803
202410010804
202410010805
202410010806
202410010807
202410010808
202410010809
202410010810
202410010811
202410010812
202410020101
202410020102
202410020103
202410020106
202410020107
202410020108
202410020109 -
202410020110
202410020111
202410020112
202410020201
202410020202
202410020203
202410020204
202410020205
202410020206
202410020207
202410020209
202410020210
202410020211
202410020212
202410020301
202410020302
202410020303
202410020304
202410020305
202410020306
202410020307
202410020308
202410020309
202410020311
202410020312
202410020401
202410020402
202410020403
202410020406
202410020408
202410020409
202410020410
202410020501
202410020502
202410020504
202410020505
202410020506
202410020507
202410020509
202410020510
202410020511
202410020512
202410020601
202410020602
202410020603
202410020604
202410020605
202410020606
202410020607
202410020608
202410020609
202410020610
202410020611
202410020701
202410020702
202410020703
202410020704
202410020705
202410020706
202410020707
202410020708
202410020709
202410020710
202410020711
202410020712
202410020801
202410020802
202410020803
202410020805
202410020806
202410020807
202410020808
202410020809
202410020810
202410020811
202410020812
202410030102
202410030103
202410030105
202410030106 -
202410030107
202410030108
202410030109
202410030110
202410030111
202410030112
202410030202
202410030204
202410030205
202410030206 -
202410030207
202410030208
202410030209
202410030211
202410030212
202410030301
202410030302
202410030303
202410030305 -
202410030306
202410030307
202410030308
202410030309
202410030310
202410030312
202410030401
202410030402
202410030403
202410030405 -
202410030406 -
202410030409
202410030410
202410030411
202410030412
202410030501 -
202410030502
202410030503
202410030504
202410030505 -
202410030506
202410030507
202410030508
202410030510
202410030512
202410030601 -
202410030602
202410030604
202410030605 -
202410030606 -
202410030607
202410030608
202410030609
202410030610
202410030611
202410030612
202410030702
202410030703
202410030705
202410030706
202410030707
202410030708
202410030709
202410030710
202410030711
202410030712
202410030802
202410030803
202410030804
202410030805
202410030806
202410030807
202410030808
202410030809
202410030810
202410030811
202410030812
202501010101
202501010102
202501010103
202501010104
202501010105
202501010107 -
202501010109
202501010110
202501010111
202501010112
202501010201
202501010202
202501010203
202501010204
202501010205 -
202501010206
202501010207
202501010208 -
202501010210 -
202501010211
202501010212 -
202501010302
202501010303
202501010304
202501010305
202501010306 -
202501010307
202501010308
202501010309
202501010310
202501010311
202501010312
202501010401
202501010402
202501010403
202501010404
202501010406
202501010407
202501010408
202501010409
202501010410
202501010411
202501010501
202501010502
202501010504
202501010506
202501010507
202501010508
202501010509
202501010511
202501010512
202501010601
202501010602
202501010603
202501010604
202501010605
202501010606
202501010607
202501010608
202501010609
202501010610
202501010611
202501010612
202501010701 -
202501010702
202501010703
202501010704
202501010705
202501010706
202501010707
202501010709 -
202501010710
202501010711
202501010712
202501010801
202501010802
202501010804
202501010805 -
202501010806
202501010807
202501010808
202501010809
202501010810
202501010811
202501010812
202501020102
202501020104
202501020107
202501020108
202501020109
202501020110
202501020111
202501020201
202501020203
202501020205
202501020206
202501020207
202501020208
202501020209
202501020210
202501020211
202501020212
202501020301 -
202501020302 -
202501020303
202501020304
202501020305
202501020306
202501020307
202501020308
202501020309
202501020310
202501020311
202501020401
202501020403
202501020404
202501020405 -
202501020406
202501020407
202501020408
202501020409
202501020410
202501020411
202501020412
202501020501
202501020502
202501020503
202501020504
202501020506
202501020507
202501020508
202501020510
202501020511
202501020512
202501020601 -
202501020602
202501020603
202501020604
202501020605
202501020606
202501020607
202501020608
202501020609
202501020610
202501020611
202501020612
202502010101
202502010102
202502010103
202502010104
202502010105
202502010106
202502010107
202502010108
202502010110
202502010112
202502010201
202502010202
202502010204
202502010205
202502010207
202502010208
202502010209
202502010210
202502010211
202502010301
202502010302
202502010303
202502010304
202502010305
202502010306
202502010307
202502010308
202502010309
202502010310 -
202502010311
202502010402
202502010404
202502010405
202502010406
202502010408
202502010409
202502010410
202502010411
202502010412
202502010501
202502010502
202502010503
202502010504
202502010505
202502010506
202502010507
202502010508
202502010509 -
202502010510
202502010511
202502010512
202502010601
202502010602
202502010603
202502010604
202502010605
202502010606
202502010607
202502010608
202502010609
202502010610
202502010611
202502010612
202502010701 -
202502010702
202502010704
202502010705 -
202502010707
202502010708
202502010709 -
202502010710
202502010711
202502010712
202502010801
202502010802
202502010803
202502010804
202502010806
202502010807
202502010808
202502010809
202502010810
202502010811
202502010812
202502010901
202502010902
202502010904
202502010906
202502010907
202502010908
202502010909
202502010910
202502010911
202502010912
202502011003
202502011004
202502011005 -
202502011006
202502011007
202502011008
202502011010
202502011011
202502011012 -
202502011102
202502011103
202502011104
202502011105
202502011107
202502011108
202502011109
202502011110
202502011111
202502011112
202502011201
202502011202
202502011203
202502011204
202502011205
202502011206
202502011207
202502011208
202502011209
202502011210
202502011211
202503010101
202503010102
202503010104
202503010105
202503010106
202503010110
202503010111
202503010112
202503010201
202503010202
202503010203
202503010204
202503010205
202503010206
202503010207
202503010208
202503010209
202503010210
202503010211
202503010212
202503010301
202503010302
202503010303
202503010304
202503010306
202503010307
202503010308
202503010309
202503010310
202503010311
202503010312
202503010401
202503010402
202503010403
202503010404
202503010405
202503010406
202503010407
202503010408
202503010409
202503010410
202503010412
202503010501
202503010502
202503010503
202503010504
202503010505
202503010507
202503010508
202503010509
202503010510
202503010512
202503010601
202503010602
202503010603
202503010604
202503010606
202503010607
202503010608
202503010609
202503010610
202503010611
202503010612
202503020101
202503020103
202503020104
202503020105 -
202503020107 -
202503020108
202503020109 -
202503020111
202503020112
202503020201
202503020202
202503020203
202503020204
202503020205
202503020207
202503020209
202503020210
202503020211
202503020301
202503020302
202503020303
202503020307
202503020308
202503020309
202503020310
202503020311
202503020312
202503020402
202503020403
202503020404
202503020405 -
202503020406
202503020407
202503020408
202503020409
202503020410
202503020412
202503020502
202503020503
202503020504
202503020505
202503020506
202503020508
202503020509
202503020511
202503020512
202503020602
202503020603
202503020604
202503020605
202503020606
202503020607
202503020608
202503020609
202503020610
202503020611
202503020612
202503020701 -
202503020702
202503020703
202503020704
202503020705
202503020706
202503020707
202503020708
202503020709 -
202503020710
202503020712
202503020801
202503020802
202503020803 -
202503020804 -
202503020805
202503020806
202503020807
202503020808
202503020809
202503020810
202503020811
202503020812
202503030101
202503030102
202503030103
202503030104
202503030105
202503030106
202503030107
202503030108
202503030109
202503030110
202503030111
202503030112
202503030201
202503030202
202503030203
202503030204
202503030205
202503030206
202503030207
202503030208
202503030209
202503030210
202503030211
202503030212
202503030301
202503030302
202503030303
202503030304
202503030305
202503030306
202503030307
202503030309
202503030310
202503030311
202503030312
202503030401
202503030402
202503030403
202503030406
202503030407
202503030408
202503030409
202503030410
202503030411
202503030412
202503030501
202503030502
202503030503
202503030504
202503030505
202503030506
202503030507
202503030508
202503030509
202503030510
202503030511
202503030512
202503030601
202503030602
202503030603
202503030604
202503030605
202503030606
202503030607
202503030608
202503030609
202503030610
202503030612
202504010101
202504010103
202504010104
202504010105
202504010106
202504010107
202504010109
202504010110
202504010111
202504010112
202504010201
202504010202
202504010203
202504010205
202504010206
202504010207
202504010208
202504010210
202504010212
202504010301
202504010302
202504010303
202504010305
202504010306
202504010307
202504010308
202504010309 -
202504010310
202504010311
202504010312
202504010401
202504010402
202504010403
202504010405
202504010406
202504010407
202504010408
202504010410
202504010411
202504010412
202504010501
202504010502
202504010503
202504010504
202504010505
202504010506
202504010507
202504010508
202504010509
202504010511
202504010512
202504010601
202504010602
202504010604
202504010606
202504010607
202504010608
202504010609
202504010610
202504010611
202504010612
202504010701
202504010702
202504010703
202504010705
202504010706
202504010707
202504010708
202504010709
202504010711
202504010801
202504010802
202504010803
202504010804
202504010805
202504010806
202504010807
202504010808
202504010810
202504010811
202504010812
202504020101 -
202504020102
202504020103
202504020104
202504020105
202504020106
202504020107
202504020108
202504020109
202504020110
202504020111
202504020112
202504020203
202504020204
202504020205
202504020207
202504020208
202504020209
202504020210
202504020211
202504020212
202504020301
202504020302
202504020303
202504020305
202504020308
202504020309
202504020310
202504020311
202504020312
202504020401
202504020402
202504020404
202504020405
202504020406 -
202504020407
202504020408
202504020409
202504020410
202504020411
202504020412
202504020501
202504020503
202504020504
202504020505
202504020506
202504020507
202504020508
202504020509
202504020510
202504020511
202504020512
202504020601
202504020602
202504020603
202504020604
202504020605
202504020606
202504020607
202504020608
202504020609
202504020610
202504020611
202504020612
202504020701
202504020702
202504020705
202504020707
202504020708
202504020709
202504020710
202504020711
202504020712
202504020802
202504020804
202504020805
202504020806
202504020807
202504020808
202504020809
202504020811
202504020812
202504030102
202504030103
202504030104
202504030105
202504030106
202504030107
202504030109
202504030110
202504030111
202504030112
202504030202
202504030203
202504030207
202504030208
202504030209
202504030210
202504030211
202504030212
202504030302
202504030303
202504030304
202504030305
202504030306
202504030308
202504030309
202504030310
202504030311
202504030312
202504030401
202504030403
202504030404
202504030405
202504030406
202504030407
202504030408
202504030410
202504030412
202504040101
202504040102
202504040103
202504040104
202504040105
202504040106
202504040107
202504040108
202504040109
202504040110
202504040111
202504040112
202504040201
202504040202
202504040203
202504040204
202504040205
202504040206
202504040207
202504040208
202504040209
202504040210
202504040211
202504040212
202504040301
202504040302
202504040303
202504040304
202504040305
202504040306
202504040307
202504040308
202504040309
202504040310
202504040311
202504040312
202504040401
202504040402
202504040403
202504040404
202504040405
202504040406
202504040407
202504040408
202504040409
202504040410
202504040411
202504040412
202505010101
202505010102
202505010103
202505010104
202505010105
202505010106
202505010107
202505010108
202505010109
202505010110 -
202505010111
202505010112
202505010201
202505010202
202505010203
202505010204
202505010205
202505010206
202505010207
202505010208
202505010209
202505010210
202505010212
202505010301
202505010302
202505010304
202505010305
202505010306
202505010307
202505010308
202505010309
202505010310
202505010311
202505010312
202505010401
202505010402
202505010403
202505010404
202505010405
202505010406
202505010407
202505010408
202505010409
202505010410
202505010411
202505010412
202505010501
202505010502
202505010503
202505010504
202505010505
202505010506
202505010507
202505010508
202505010509
202505010510
202505010511
202505010512
202505010601
202505010602
202505010603
202505010604
202505010605
202505010606
202505010607
202505010608
202505010609
202505010610
202505010611
202505010612
202505010701
202505010702
202505010703
202505010704
202505010705
202505010706
202505010707
202505010708
202505010709
202505010710
202505010711
202505010712
202505010801
202505010802
202505010803
202505010805
202505010807
202505010808
202505010809
202505010810
202505010811
202505010812
202505020102
202505020103
202505020104
202505020105
202505020106
202505020107
202505020108
202505020109
202505020110
202505020111
202505020112
202505020201
202505020202
202505020203
202505020204
202505020206
202505020207
202505020208
202505020209
202505020210
202505020211
202505020212
202505020301
202505020302
202505020303
202505020304
202505020305
202505020306 -
202505020307
202505020308 -
202505020309
202505020310
202505020311
202505020312
202505020401
202505020402
202505020403
202505020404
202505020405
202505020406
202505020407
202505020410
202505020412
202505020503
202505020504 -
202505020505
202505020506
202505020507
202505020508
202505020509
202505020510
202505020511
202505020512
202505020601
202505020602
202505020604
202505020606
202505020609
202505020610
202505020611
202505020612
202505020701
202505020702
202505020703
202505020704
202505020705
202505020706 -
202505020707
202505020708
202505020709
202505020710
202505020711
202505020801
202505020802
202505020803
202505020804
202505020805
202505020806
202505020807
202505020809
202505020810
202505020902
202505020903
202505020904
202505020905
202505020907
202505020908
202505020909
202505020910
202505020911
202505020912
202505021001
202505021002
202505021003
202505021004
202505021005
202505021006
202505021007 -
202505021008
202505021009
202505021010
202505021011
202505021012
202505021101
202505021102
202505021103
202505021105
202505021106
202505021107
202505021108
202505021110
202505021111
202505021112
202505021201
202505021203
202505021205
202505021206
202505021207
202505021208
202505021209
202505021210
202505021211
202505030102
202505030103
202505030104
202505030106
202505030107
202505030108
202505030109
202505030110
202505030111
202505030112
202505030201
202505030202
202505030204
202505030206
202505030207
202505030208
202505030210
202505030211
202505030212
202505030301
202505030302
202505030303
202505030305
202505030306
202505030307
202505030308
202505030309
202505030310
202505030311
202505030312
202505030401
202505030402
202505030403
202505030404
202505030405
202505030406
202505030407
202505030408
202505030409
202505030410
202505030411
202505030412
202505030501
202505030502
202505030503
202505030504
202505030505
202505030506
202505030507
202505030508
202505030510
202505030511
202505030512
202505030602
202505030604
202505030605
202505030607
202505030608
202505030609
202505030610
202505030611
202505030612
202505040101
202505040102
202505040104
202505040105
202505040106
202505040107
202505040108
202505040109
202505040110
202505040111
202505040112
202505040201
202505040202
202505040203
202505040204
202505040205
202505040206
202505040207
202505040208
202505040210
202505040211
202505040212
202505040301
202505040302
202505040303
202505040304
202505040305
202505040307
202505040308
202505040309
202505040310
202505040311 -
202505040312
202505040402
202505040403
202505040404
202505040405
202505040406
202505040407
202505040408
202505040409
202505040411
202505040412
202505040502
202505040503
202505040504
202505040505
202505040506
202505040507
202505040509
202505040510 -
202505040511
202505040512
202505040601
202505040602
202505040603 -
202505040604
202505040605
202505040606
202505040607
202505040609 -
202505040611
202505040612
202505040702 -
202505040703
202505040704
202505040705
202505040706 -
202505040707
202505040708
202505040709
202505040710
202505040711
202505040712
202505040801
202505040803
202505040804
202505040805
202505040806
202505040807
202505040808 -
202505040809
202505040810
202505040811
202505040812
202505040901
202505040902
202505040903
202505040904
202505040905
202505040906
202505040907
202505040908
202505040909
202505040910
202505040911
202505040912
202505041001
202505041002
202505041003
202505041004
202505041005
202505041006
202505041007
202505041008
202505041009 -
202505041010
202505041011
202505041012
202505041101
202505041102
202505041104
202505041106
202505041108 -
202505041109
202505041110
202505041111
202505041112
202505050102
202505050103
202505050105
202505050106
202505050107
202505050108 -
202505050109
202505050110
202505050111
202505050112
202505050201
202505050202
202505050204
202505050205 -
202505050206
202505050207
202505050208
202505050210
202505050211
202505050212
202505050302
202505050304
202505050305
202505050306
202505050307
202505050309
202505050310
202505050311
202505050312
202505050402
202505050403
202505050404
202505050405
202505050406
202505050407
202505050408
202505050409
202505050410
202505050411
202505050412
202505050501
202505050502
202505050504
202505050505
202505050506
202505050507
202505050508
202505050509 -
202505050510
202505050511
202505050512
202505050602
202505050603
202505050604
202505050605
202505050606
202505050607
202505050609
202505050610
202505050611
202505050612
202505050701
202505050702
202505050703
202505050704
202505050705
202505050706
202505050707
202505050708
202505050709
202505050710
202505050711
202505050712
202505050801
202505050803
202505050804
202505050805
202505050806
202505050807
202505050809
202505050810
202506010101
202506010102
202506010103
202506010104
202506010105
202506010107
202506010108
202506010109
202506010110
202506010111
202506010112
202506010201
202506010202
202506010204
202506010205
202506010206
202506010207
202506010210
202506010211
202506010301
202506010302
202506010303
202506010304
202506010305
202506010306
202506010307
202506010308
202506010309
202506010310
202506010311
202506010312
202506010401
202506010403
202506010404
202506010405
202506010406
202506010407
202506010408
202506010409
202506010411
202506010412
202506010502
202506010503
202506010504
202506010505
202506010506
202506010507
202506010508
202506010509
202506010510
202506010511
202506010512
202506010601
202506010602
202506010603
202506010604
202506010605
202506010606
202506010607
202506010608
202506010609
202506010610
202506010611
202506010612
202506010701
202506010702
202506010703
202506010704
202506010705
202506010706
202506010707
202506010708
202506010709
202506010710
202506010711
202506010712
202506010801
202506010803
202506010804
202506010805
202506010806 -
202506010807
202506010808
202506010809
202506010810
202506010811
202506010812
202506010901
202506010902
202506010903
202506010904
202506010905
202506010908
202506010909
202506010910
202506010911
202506010912
202506020101
202506020102
202506020103
202506020104
202506020105
202506020106
202506020107
202506020108
202506020109
202506020110
202506020111
202506020112
202506020201
202506020202
202506020203
202506020204
202506020205
202506020206
202506020208
202506020209
202506020211
202506020212
202506020301
202506020302
202506020303
202506020304
202506020305
202506020306
202506020307
202506020308
202506020309
202506020310
202506020311
202506020312
202506020401
202506020402
202506020408
202506020409
202506020410
202506020411
202506020501
202506020502
202506020503
202506020505
202506020506
202506020507
202506020508
202506020509
202506020510
202506020511
202506020512
202506020601
202506020603
202506020604
202506020606 -
202506020607
202506020609
202506020610
202506020611
202506020612
202506020701
202506020702
202506020703
202506020705
202506020706
202506020707
202506020708
202506020709
202506020710
202506020711
202506020712
202506020801
202506020802
202506020803
202506020805
202506020806
202506020807
202506020808
202506020809
202506020810
202506020811
202506030102
202506030103
202506030104
202506030105
202506030106 -
202506030108
202506030109
202506030110
202506030111
202506030112
202506030201
202506030202
202506030203
202506030204
202506030205
202506030206
202506030207
202506030208
202506030209 -
202506030210
202506030211
202506030212
202506030301
202506030303
202506030304
202506030305
202506030306
202506030307
202506030308
202506030309 -
202506030310
202506030312
202506030401
202506030402
202506030404
202506030405
202506030406
202506030407
202506030408
202506030409
202506030410
202506030411
202506030412
202506030501
202506030502
202506030504
202506030505
202506030506
202506030507
202506030508
202506030509
202506030510
202506030511
202506030512
202506030601
202506030602
202506030603
202506030604
202506030605
202506030606
202506030607
202506030608
202506030609
202506030610
202506030611
202506030612
202506030701
202506030702
202506030703
202506030704
202506030706 -
202506030707
202506030708
202506030709
202506030801
202506030802
202506030803
202506030804
202506030805
202506030806
202506030807
202506030808
202506030809
202506030810
202506030811
202506030812
202506040102
202506040103
202506040105
202506040106
202506040107
202506040108 -
202506040109
202506040111
202506040112
202506040201
202506040202
202506040203
202506040204
202506040205
202506040206
202506040207
202506040208
202506040209
202506040212
202506040301
202506040302
202506040303
202506040304
202506040305
202506040307
202506040309
202506040310
202506040311
202506040312
202506040402
202506040403
202506040404
202506040405
202506040406
202506040407
202506040409 -
202506040410
202506040411
202506040412
202506040501
202506040502
202506040504
202506040505
202506040506
202506040508
202506040509
202506040510
202506040511
202506040512
202506040601
202506040602
202506040603
202506040604
202506040605
202506040606
202506040607
202506040609
202506040610
202506040611
202506040612
202506040701
202506040704
202506040705
202506040706
202506040707
202506040708
202506040709
202506040710
202506040711
202506040712
202506040801
202506040802
202506040803
202506040804
202506040805
202506040806
202506040807
202506040808
202506040809
202506040810
202506040811
202506040812
202506040901
202506040902
202506040903
202506040904
202506040905
202506040906
202506040907
202506040908
202506040909 -
202506040910
202506040911
202506040912
202506050102
202506050103
202506050104
202506050106
202506050107
202506050110
202506050111
202506050201
202506050202
202506050203
202506050204
202506050205
202506050206 -
202506050207
202506050208
202506050209
202506050210
202506050211
202506050212
202506050301
202506050302
202506050303
202506050304
202506050305
202506050306
202506050307
202506050309
202506050310
202506050311
202506050312
202506050402
202506050403
202506050405
202506050407
202506050408
202506050409
202506050410
202506050411
202506050412
202506050501
202506050502
202506050503
202506050504
202506050505
202506050506
202506050507
202506050508
202506050509
202506050510
202506050511
202506050512
202506050601
202506050602
202506050603
202506050605
202506050607
202506050609
202506050610
202506050611
202506050612
202506050701
202506050702
202506050703
202506050704
202506050705
202506050706
202506050707
202506050708
202506050709
202506050710
202506050711
202506050712
202506050801
202506050802
202506050803
202506050804
202506050805
202506050806
202506050807
202506050808
202506050809
202506050810
202506050811
202506050812
202507010101
202507010102
202507010103
202507010104
202507010105
202507010106
202507010107
202507010108
202507010110
202507010111
202507010112
202507010201
202507010202
202507010205
202507010206
202507010207
202507010208
202507010209
202507010210
202507010211
202507010212
202507010301
202507010302
202507010303
202507010304
202507010305
202507010306 -
202507010307
202507010308
202507010309
202507010310
202507010311
202507010312
202507010401
202507010402
202507010403
202507010407
202507010408
202507010409
202507010410
202507010411
202507010412
202507010501
202507010502
202507010503
202507010505
202507010506
202507010507
202507010508
202507010509
202507010511
202507010512
202507010601
202507010603
202507010604
202507010605
202507010606
202507010607
202507010608
202507010609
202507010610
202507010611
202507010612
202507010701
202507010702
202507010703
202507010704
202507010705
202507010706
202507010707
202507010708
202507010709
202507010710
202507010711
202507010712
202507010803
202507010804
202507010805
202507010806
202507010807
202507010808
202507010809
202507010810
202507010811
202507010812
202507010902
202507010903
202507010906
202507010907
202507010908
202507010909
202507010910
202507010911
202507010912
202507020102
202507020103
202507020104
202507020106
202507020107
202507020108
202507020109
202507020110
202507020111
202507020112
202507020201
202507020202
202507020203
202507020206
202507020207
202507020208
202507020209
202507020210
202507020211
202507020212
202507020301
202507020302
202507020303
202507020304
202507020305
202507020306
202507020307
202507020308
202507020310
202507020311
202507020312
202507020401
202507020402
202507020403
202507020404
202507020406
202507020407
202507020408
202507020409
202507020410
202507020411
202507020412
202507020501
202507020502
202507020504
202507020505
202507020506
202507020507
202507020508
202507020509
202507020510
202507020511
202507020512
202507020601
202507020603
202507020604
202507020605
202507020607
202507020608 -
202507020610
202507020611
202507020612
202507030102
202507030103 -
202507030104
202507030105
202507030106
202507030107
202507030108 -
202507030109 -
202507030110
202507030111
202507030112
202507030201
202507030202
202507030203 -
202507030204
202507030205
202507030206
202507030207
202507030208 -
202507030209
202507030210
202507030211
202507030212
202507030302 -
202507030303
202507030304
202507030305
202507030306
202507030308
202507030309
202507030310
202507030311
202507030312
202507030402
202507030403 -
202507030404
202507030405
202507030406
202507030407
202507030408 -
202507030411 -
202507030412
202507030501
202507030502
202507030503
202507030505
202507030506
202507030507
202507030508 -
202507030509
202507030511
202507030512
202507030601
202507030602
202507030603
202507030604
202507030605
202507030606
202507030608
202507030609
202507030610
202507030612
202507030701
202507030702
202507030703
202507030705
202507030706
202507030707
202507030708 -
202507030709
202507030710 -
202507030711
202507030712
202507030802
202507030803
202507030804
202507030805
202507030806
202507030807
202507030809
202507030810
202507030811
202507030812
202507040101 -
202507040102
202507040103
202507040104
202507040105
202507040106
202507040107
202507040108 -
202507040109 -
202507040110
202507040111
202507040112 -
202507040202
202507040203 -
202507040204
202507040206
202507040207 -
202507040208
202507040209
202507040210
202507040211
202507040212
202507040301
202507040302
202507040303
202507040305
202507040306
202507040307
202507040308 -
202507040309
202507040310
202507040311
202507040312
202507040401
202507040402
202507040404
202507040405 -
202507040406
202507040407
202507040408
202507040409 -
202507040410
202507040411
202507050101
202507050102
202507050103
202507050104
202507050105
202507050106
202507050107
202507050108
202507050109 -
202507050110
202507050111
202507050112
202507050201
202507050202
202507050203
202507050204
202507050205
202507050206
202507050207
202507050208
202507050209
202507050210
202507050211
202507050212
202507050301
202507050302
202507050303
202507050304
202507050305
202507050306
202507050307
202507050308
202507050309
202507050310
202507050312
202507050402
202507050403
202507050404
202507050405
202507050406
202507050407
202507050408
202507050409
202507050410
202507050411
202507050412
202507050501
202507050502
202507050503
202507050504
202507050505
202507050506
202507050508
202507050509
202507050510
202507050511
202507050512
202507050601
202507050602
202507050603
202507050605
202507050606
202507050607
202507050608
202507050609
202507050610
202507050611
202507050612
202508010101
202508010102
202508010103
202508010104
202508010105
202508010106
202508010107 -
202508010109 -
202508010110
202508010111
202508010112 -
202508010201
202508010202
202508010204 -
202508010207
202508010208
202508010209
202508010210 -
202508010301
202508010303
202508010304
202508010305
202508010306
202508010308 -
202508010309
202508010311
202508010312
202508010401
202508010402
202508010403
202508010405
202508010406
202508010408
202508010409
202508010410
202508010411
202508010412
202508010501
202508010502
202508010503
202508010504
202508010505
202508010506
202508010508
202508010510
202508010512
202508010601
202508010602
202508010603
202508010604
202508010605
202508010606
202508010607
202508010608
202508010609
202508010610
202508010611
202508010612
202508010701
202508010702
202508010703
202508010704
202508010705
202508010706
202508010707
202508010708
202508010709 -
202508010710
202508010711
202508010712
202508010801
202508010802
202508010803
202508010804
202508010805
202508010806
202508010807
202508010808
202508010809
202508010811
202508010812
202508020101
202508020102
202508020103
202508020104
202508020105
202508020106
202508020107
202508020108 -
202508020109
202508020110
202508020111
202508020112
202508020203
202508020204
202508020205
202508020206
202508020207
202508020208
202508020209 -
202508020210
202508020211
202508020212
202508020302
202508020303
202508020304
202508020305
202508020306
202508020307 -
202508020308
202508020309 -
202508020310 -
202508020311
202508020312
202508020401
202508020402
202508020403
202508020404
202508020405
202508020406 -
202508020407
202508020408 -
202508020409
202508020410
202508020411
202508020412
202508020501
202508020502
202508020503
202508020504
202508020505
202508020506
202508020507
202508020508 -
202508020509 -
202508020510 -
202508020511
202508020512
202508020601
202508020602
202508020603
202508020604
202508020605
202508020606
202508020607 -
202508020608
202508020609
202508020610
202508020611
202508020612
202508020702
202508020703
202508020704
202508020705
202508020706
202508020707
202508020708
202508020709
202508020710
202508020711
202508020712
202508020801
202508020803
202508020804
202508020805
202508020806
202508020807
202508020808
202508020809
202508020810
202508020811
202508020812
202508020901
202508020902
202508020904
202508020905
202508020906
202508020907
202508020908
202508020909
202508020910 -
202508020911
202508020912
202508021001
202508021002
202508021003
202508021004
202508021005
202508021006
202508021007
202508021008 -
202508021009
202508021010
202508021011
202508021012
202508021101
202508021102
202508021103
202508021105
202508021106
202508021107 -
202508021108
202508021109
202508021110
202508021111
202508021112
202508021202
202508021203
202508021204
202508021205
202508021206
202508021208
202508021209
202508021210
202508021211
202508021212
202508030101
202508030103
202508030104
202508030105
202508030106
202508030107
202508030108
202508030109 -
202508030110
202508030111
202508030112
202508030201
202508030202 -
202508030203
202508030204
202508030205
202508030206
202508030207
202508030208
202508030209
202508030210
202508030211
202508030301
202508030303 -
202508030306
202508030307
202508030308 -
202508030309
202508030310
202508030311
202508030312
202508030401
202508030402 -
202508030403
202508030404
202508030405
202508030406
202508030407
202508030408
202508030409
202508030410
202508030412
202508030501 -
202508030502
202508030503
202508030504
202508030506
202508030507
202508030508
202508030509
202508030510
202508030511
202508030512
202508030601
202508030602
202508030603 -
202508030604
202508030605
202508030606
202508030607 -
202508030608 -
202508030611
202508030612
202508030701
202508030702 -
202508030703
202508030704
202508030706
202508030707
202508030708
202508030709 -
202508030710
202508030711
202508030712
202508030801
202508030803
202508030804 -
202508030805
202508030806
202508030807
202508030808
202508030809
202508030810
202508030811
202508030812
202508030901
202508030902
202508030903
202508030904
202508030905
202508030906
202508030907
202508030908
202508030909 -
202508030910
202508030911
202508030912
202508031001
202508031003 -
202508031005
202508031006
202508031007
202508031008
202508031011
202508031012
202508031101
202508031102 -
202508031103
202508031104
202508031105
202508031107
202508031109
202508031110
202508031111
202508031112
202508040101
202508040102
202508040104
202508040105
202508040106
202508040107
202508040108
202508040109
202508040110
202508040111
202508040112
202508040201
202508040202 -
202508040203 -
202508040204
202508040205 -
202508040206
202508040207 -
202508040208
202508040209 -
202508040210
202508040212
202508040301
202508040303
202508040304
202508040305
202508040306
202508040307
202508040308 -
202508040309
202508040310
202508040311 -
202508040312
202508040401
202508040402
202508040403
202508040404
202508040405
202508040406
202508040407
202508040408
202508040409 -
202508040410
202508040411
202508040412
202508040501
202508040504
202508040505
202508040506
202508040507
202508040508
202508040509
202508040510
202508040511
202508040512
202508040601
202508040602
202508040603
202508040604 -
202508040605
202508040606
202508040607
202508040608
202508040609
202508040610
202508040611
202508040612
202508040701
202508040702
202508040703
202508040704
202508040705
202508040707
202508040708
202508040709
202508040710
202508040711
202508040712
202508040801
202508040802
202508040803
202508040804
202508040807
202508040808 -
202508040809
202508040810
202508040811
202509010101
202509010102
202509010103
202509010104
202509010105
202509010106
202509010107
202509010108
202509010109 -
202509010110
202509010111
202509010112
202509010201
202509010202
202509010203
202509010204
202509010205
202509010206
202509010207
202509010208
202509010209
202509010210
202509010211
202509010212
202509010301
202509010302
202509010303
202509010304
202509010305
202509010306
202509010307
202509010308
202509010309
202509010310
202509010311
202509010312
202509010401
202509010402
202509010404
202509010407
202509010408
202509010409 -
202509010410
202509010411
202509010412
202509010501
202509010502
202509010503
202509010505
202509010506
202509010507
202509010509
202509010510
202509010511
202509010512
202509010601
202509010602
202509010603
202509010604
202509010605
202509010606
202509010607
202509010608
202509010609
202509010610
202509010611
202509010612
202509010701
202509010702
202509010703
202509010704
202509010705
202509010706
202509010707
202509010708
202509010709
202509010710
202509010711
202509010712
202509010801
202509010802
202509010803
202509010804
202509010805
202509010806
202509010807
202509010808
202509010810
202509010811
202509010812
202509020101
202509020102
202509020104
202509020105
202509020106
202509020107
202509020109
202509020110 -
202509020112
202509020201
202509020202
202509020203
202509020206
202509020208
202509020209
202509020210
202509020212
202509020301
202509020302
202509020303
202509020305
202509020307
202509020308 -
202509020309
202509020310
202509020311
202509020312
202509020401
202509020403
202509020404
202509020405
202509020406
202509020407
202509020408
202509020409
202509020410
202509020411
202509020412
202509020501
202509020502
202509020503
202509020504
202509020505
202509020507
202509020508
202509020509
202509020510
202509020511
202509020512
202509020601
202509020602
202509020603
202509020605
202509020606
202509020607 -
202509020608
202509020609 -
202509020610
202509020611
202509020612
202509020701
202509020702
202509020703
202509020705 -
202509020706 -
202509020707
202509020708
202509020709
202509020710
202509020801
202509020802
202509020803
202509020804
202509020805
202509020806
202509020807
202509020808
202509020809 -
202509020811
202509020812
202509030101
202509030102
202509030103
202509030104
202509030106
202509030108
202509030109
202509030111
202509030112
202509030201
202509030202
202509030203
202509030204
202509030205
202509030207
202509030208
202509030209 -
202509030210
202509030211
202509030212
202509030301
202509030302
202509030303
202509030304
202509030305 -
202509030306
202509030307
202509030309
202509030310
202509030312
202509030401
202509030402
202509030403
202509030404
202509030405 -
202509030407
202509030408
202509030409
202509030410
202509030411
202509030412
202509030501
202509030502
202509030503
202509030504
202509030505
202509030507
202509030508
202509030509
202509030510
202509030511
202509030512
202509030601
202509030602
202509030603
202509030604
202509030605
202509030606
202509030607
202509030608
202509030609
202509030610
202509030611
202509030612
202509040101
202509040103
202509040104
202509040105
202509040107
202509040108
202509040109
202509040110
202509040111
202509040112
202509040201 -
202509040203
202509040204
202509040205 -
202509040206
202509040207
202509040209
202509040210
202509040211
202509040212
202509040301 -
202509040304
202509040305
202509040306
202509040307
202509040308 -
202509040309
202509040310
202509040311
202509040312
202509040401
202509040402
202509040405 -
202509040406
202509040407
202509040408
202509040412
202509040501 -
202509040502 -
202509040503 -
202509040504
202509040505
202509040506
202509040507
202509040508 -
202509040509
202509040510
202509040511
202509040512
202509040601
202509040602 -
202509040603
202509040604
202509040605
202509040606
202509040607
202509040608 -
202509040609
202509040610 -
202509040611
202509040612
202509040701 -
202509040702
202509040703
202509040704
202509040705
202509040706
202509040707
202509040708
202509040709
202509040710
202509040711
202509040804
202509040805
202509040806
202509040807
202509040808
202509040809 -
202509040810
202509040811
202509040812
202509040902
202509040903
202509040904
202509040905
202509040906
202509040907
202509040908
202509040909
202509040910
202509040911
202509040912
202509050101
202509050102
202509050103
202509050104
202509050105
202509050106
202509050107
202509050108
202509050109 -
202509050110
202509050111
202509050112
202509050201
202509050202
202509050203
202509050204 -
202509050205
202509050207
202509050208 -
202509050209
202509050210
202509050211
202509050212
202509050301
202509050302
202509050303
202509050304
202509050305 -
202509050306
202509050307 -
202509050309
202509050310
202509050311
202509050312
202509050401
202509050402
202509050403
202509050404
202509050406 -
202509050407
202509050408
202509050409
202509050410
202509050411
202509050412
202509050501
202509050502
202509050503
202509050505
202509050506
202509050507
202509050508
202509050509
202509050510 -
202509050512
202509050602
202509050603
202509050604
202509050605
202509050606
202509050607
202509050608
202509050609
202509050610
202509050611
202509050612
202509050701
202509050702
202509050703
202509050704
202509050705
202509050706
202509050707
202509050708
202509050709
202509050710
202509050711
202509050712
202509050801
202509050802
202509050803
202509050804
202509050806
202509050807
202509050808
202509050809
202509050810
202509050811
202509050812
202510010101
202510010102
202510010104
202510010106
202510010107
202510010108
202510010109
202510010110
202510010111
202510010112
202510010201
202510010202
202510010203
202510010205
202510010206
202510010207
202510010208
202510010209
202510010210
202510010211
202510010212
202510010301
202510010302
202510010303
202510010304
202510010306
202510010307
202510010308
202510010309
202510010310
202510010311
202510010312
202510010402
202510010403
202510010404
202510010406
202510010407
202510010408 -
202510010409
202510010410
202510010411
202510010412
202510010502
202510010503
202510010506
202510010507
202510010508
202510010509
202510010510
202510010511
202510010512
202510010601
202510010602
202510010603
202510010604
202510010605
202510010606
202510010607
202510010608
202510010609
202510010610
202510010611
202510010701
202510010702
202510010703
202510010705
202510010706
202510010707
202510010709
202510010710
202510010711
202510010712
202510010801
202510010802
202510010803
202510010805
202510010806
202510010807
202510010808
202510010809
202510010810
202510010811
202510010812
202510010901
202510010902
202510010906
202510010907
202510010908
202510010909
202510010910
202510010911
202510010912
202510011001
202510011002
202510011003
202510011005
202510011006
202510011007
202510011008
202510011009
202510011010
202510011012
202510011101
202510011102
202510011103
202510011104
202510011106
202510011108
202510011109
202510011110
202510011111
202510011112
202510011201
202510011202
202510011203
202510011205
202510011206
202510011208
202510011209
202510011210
202510011211
202510011212
202510020101
202510020102 -
202510020103
202510020104
202510020105
202510020106
202510020107
202510020109 -
202510020110 -
202510020111
202510020112
202510020201
202510020202
202510020203
202510020204
202510020205
202510020206
202510020208
202510020209 -
202510020210
202510020211
202510020212
202510020302
202510020303
202510020304
202510020305 -
202510020306
202510020307
202510020308
202510020309 -
202510020311
202510020312
202510020401
202510020403
202510020404
202510020407
202510020408
202510020409 -
202510020411
202510020412
202510020501
202510020502
202510020503
202510020504 -
202510020505
202510020506
202510020507
202510020508
202510020509
202510020510
202510020511
202510020512
202510020601
202510020602
202510020604
202510020605 -
202510020606 -
202510020607
202510020608
202510020609
202510020610
202510020611
202510020701
202510020702
202510020703
202510020704
202510020705
202510020706
202510020707
202510020708
202510020709
202510020710
202510020711
202510020712
202510020801
202510020802
202510020803
202510020804
202510020805
202510020806
202510020807
202510020808
202510020809 -
202510020810
202510020811
202510020812
202601010101 -
202601010102 -
202601010103
202601010104
202601010105 -
202601010106
202601010107
202601010108
202601010109
202601010110
202601010111
202601010112
202601010201
202601010202
202601010203
202601010204
202601010205
202601010206
202601010207 -
202601010208
202601010209 -
202601010212
202602010102
202602010103
202602010104
202602010105
202602010106
202602010107 -
202602010108
202602010109
202602010110
202602010112
202602010201
202602010202
202602010203
202602010204
202602010205 -
202602010207
202602010208
202602010209
202602010210
202602010211
202602010212
202602010301
202602010302
202602010303
202602010304
202602010305
202602010306
202602010307
202602010308
202602010309
202602010310 -
202602010311
202602010312
202602010401
202602010403
202602010404
202602010405
202602010406
202602010407
202602010408
202602010409
202602010410
202602010411
202602010412
202602010501
202602010502
202602010504
202602010505 -
202602010506
202602010507
202602010508
202602010509
202602010510
202602010511
202602010512
202602010601 -
202602010602
202602010604
202602010606
202602010607
202602010608
202602010609
202602010611
202602010612
202602010701
202602010702
202602010704
202602010707
202602010708 -
202602010709
202602010710
202602010711
202602010712 -
202602010801
202602010802
202602010803
202602010804
202602010806
202602010807
202602010808 -
202602010809
202602010810
202602010811
202602010812
202602010903
202602010904
202602010905
202602010907
202602010908
202602010909
202602010910
202602010911
202602010912 -
202602011001
202602011002
202602011003
202602011004
202602011005
202602011006
202602011007
202602011008
202602011009
202602011010
202602011011
202602011012 -
202602011102
202602011103
202602011104
202602011105
202602011106
202602011107
202602011108
202602011109
202602011110
202602011111
202602011112
202602011201 -
202602011202
202602011203
202602011204
202602011205
202602011206
202602011207
202602011208
202602011209
202602011210
202602011211
202602011212
202603010101
202603010102
202603010103
202603010104
202603010105
202603010106
202603010107
202603010108
202603010109
202603010110
202603010111
202603010112
202603010201
202603010202
202603010203
202603010205
202603010206
202603010207
202603010208
202603010209
202603010210
202603010211
202603010212
202603010301
202603010302
202603010303
202603010304
202603010305
202603010306
202603010307
202603010308
202603010309
202603010310 -
202603010311
202603010312
202603010401
202603010402
202603010403
202603010404
202603010405
202603010406
202603010407
202603010408
202603010409
202603010410
202603010411
202603010412
202603010501
202603010502
202603010503
202603010504
202603010505
202603010506
202603010507
202603010508
202603010509
202603010510
202603010512
202603010601
202603010602
202603010603
202603010604
202603010605
202603010606
202603010607
202603010608
202603010609
202603010610
202603010611
202603010612
202603020102
202603020103
202603020104
202603020105
202603020106
202603020107
202603020108
202603020109
202603020111
202603020112
202603020204
202603020205
202603020206
202603020208
202603020210
202603020211
202603020212
202603020302
202603020303
202603020304
202603020305
202603020306
202603020307
202603020308
202603020309
202603020310
202603020311
202603020312
202603020401
202603020403
202603020404
202603020406
202603020407
202603020408
202603020409
202603020410
202603020411
202603020412
202603020501
202603020502
202603020503
202603020504
202603020505
202603020506
202603020507
202603020508
202603020509
202603020510
202603020511
202603020512
202603020601
202603020602
202603020603
202603020604
202603020605
202603020606
202603020607
202603020608
202603020609
202603020610
202603020611
202603020702
202603020703
202603020704
202603020705
202603020706
202603020707
202603020709
202603020710
202603020711
202603020712
202603020802
202603020803
202603020804
202603020805
202603020806
202603020808
202603020809
202603020810
202603020811
202603020812
202604010101
202604010102
202604010103
202604010104
202604010105
202604010106
202604010107
202604010108
202604010109
202604010110
202604010111
202604010112
202604010201
202604010203
202604010205
202604010206
202604010207
202604010208
202604010209
202604010210
202604010211
202604010212
202604010302
202604010303
202604010304
202604010305
202604010306
202604010307
202604010308
202604010309
202604010310
202604010311
202604010312
202604010401
202604010402
202604010403
202604010405
202604010406
202604010407
202604010408
202604010409
202604010410
202604010411
202604010412
202604010501
202604010502
202604010503
202604010504
202604010505
202604010507
202604010508
202604010509
202604010510
202604010511
202604010512
202604010601
202604010602
202604010603
202604010605
202604010606
202604010607
202604010608
202604010609
202604010612
202604010702
202604010703
202604010704
202604010705
202604010706
202604010707
202604010708
202604010709
202604010710
202604010711
202604010712
202604010801
202604010805
202604010806
202604010807
202604010808
202604010809
202604010810
202604010811
202604020101
202604020102
202604020103 -
202604020104
202604020105
202604020106
202604020108
202604020110
202604020111
202604020112
202604020201
202604020203
202604020204
202604020205
202604020206
202604020207
202604020208
202604020209
202604020210
202604020211
202604020212
202605010101
202605010102
202605010103
202605010104
202605010105
202605010106
202605010107
202605010109
202605010110
202605010112
202605010201
202605010202
202605010203
202605010204
202605010205
202605010206
202605010207
202605010208
202605010209
202605010210
202605010211
202605010212
202605010301
202605010302
202605010303
202605010304
202605010305
202605010306
202605010307
202605010402
202605010403
202605010404
202605010405
202605010406
202605010407
202605010408
202605010409 -
202605010410
202605010411
202605010412
202605010501
202605010502
202605010503
202605010505
202605010506
202605010507
202605010508
202605010509 -
202605010510
202605010511
202605010512
202605010601
202605010602
202605010603
202605010604
202605010605
202605010606
202605010608
202605010609
202605010610
202605010611
202605010612
202605010701
202605010702
202605010703
202605010704
202605010705
202605010706
202605010707
202605010708
202605010709 -
202605010710
202605010711
202605010712
202605010801
202605010802
202605010803
202605010804
202605010805
202605010806
202605010807
202605010808
202605010809
202605010810
202605010811
202605010812
202605020101
202605020102
202605020103
202605020104
202605020105
202605020106
202605020107
202605020108 -
202605020109
202605020110
202605020112
202605020202
202605020203
202605020204
202605020205
202605020206 -
202605020207
202605020208
202605020209
202605020301
202605020302
202605020303
202605020304
202605020305
202605020307
202605020308
202605020310
202605020311
202605020312
202605020401
202605020402
202605020403
202605020404
202605020405
202605020406
202605020407
202605020408
202605020409
202605020410
202605020411
202605020412
202605020501
202605020503
202605020504
202605020505
202605020506
202605020507
202605020508 -
202605020509
202605020510
202605020511
202605020512
202605020601
202605020602
202605020603
202605020604
202605020605
202605020607
202605020608
202605020609
202605020610
202605020611
202605020612
202605020701
202605020702
202605020703
202605020704
202605020705
202605020706 -
202605020707
202605020708
202605020709
202605020710
202605020711
202605020712
202605020801
202605020802
202605020803
202605020804
202605020805
202605020806 -
202605020807 -
202605020808
202605020809
202605020810
202605020811
202605020812
202605020901
202605020902
202605020903
202605020904
202605020905
202605020906
202605020907
202605020908
202605020909
202605020910
202605020911
202605020912
202605021001
202605021002
202605021003
202605021004
202605021005
202605021006
202605021007
202605021008
202605021009
202605021010
202605021011
202605021012
202605021101
202605021103
202605021105
202605021106
202605021108
202605021109
202605021110
202605021111
202605021112
202605021201
202605021202
202605021203
202605021204
202605021205
202605021206
202605021207
202605021208
202605021209
202605021211
202605021212
202605030101
202605030102
202605030103
202605030104 -
202605030106
202605030107
202605030108
202605030109
202605030110
202605030201
202605030202
202605030203
202605030204
202605030205
202605030206
202605030208
202605030209 -
202605030210
202605030211
202605030212
202605030301
202605030302
202605030303
202605030306
202605030307
202605030308
202605030309
202605030310
202605030311
202605030312
202605030401
202605030402
202605030404
202605030405 -
202605030407 -
202605030408
202605030409
202605030410
202605030412
202605030501
202605030502
202605030503
202605030504
202605030505
202605030506
202605030507
202605030508
202605030509
202605030510
202605030511
202605030512
202605030601
202605030602
202605030603
202605030604
202605030605
202605030606
202605030607
202605030608
202605030609
202605030610
202605030611
202605030612
202606010101
202606010102
202606010104
202606010105
202606010106
202606010107
202606010108
202606010109
202606010110 -
202606010111
202606010112
202606010201
202606010202
202606010203
202606010204
202606010205
202606010206
202606010207
202606010208
202606010209
202606010211
202606010212
202606010301
202606010302
202606010303
202606010304
202606010305
202606010306
202606010307
202606010308
202606010309
202606010310
202606010311
202606010312
202606010401
202606010402
202606010403
202606010404
202606010405
202606010407
202606010408
202606010409
202606010410
202606010411
202606010412
202606010501
202606010502
202606010503
202606010504
202606010506
202606010508
202606010509
202606010510
202606010511
202606010512
202606010601
202606010603
202606010604
202606010605
202606010606
202606010607
202606010608
202606010609 -
202606010610
202606010611
202606010612
202606010701
202606010702
202606010703
202606010704
202606010705
202606010707
202606010708
202606010709
202606010710
202606010711
202606010712
202606010801
202606010802
202606010803
202606010804
202606010805
202606010806
202606010807
202606010809
202606010810
202606010811
202606010812
202606010901
202606010903
202606010904
202606010905
202606010908
202606010909
202606010910
202606010911
202606010912
202606020103
202606020104
202606020105
202606020106
202606020107
202606020108
202606020109 -
202606020110
202606020111
202606020112
202606020201
202606020202
202606020203
202606020204 -
202606020205
202606020207
202606020208
202606020210
202606020211
202606020212
202606020301
202606020303
202606020304
202606020305
202606020306
202606020308
202606020311
202606020312
202606020401
202606020402
202606020403
202606020404
202606020405
202606020406
202606020407
202606020408
202606020409
202606020410
202606020411
202606020412
202606020501
202606020502
202606020503
202606020505
202606020506
202606020507
202606020508
202606020510
202606020511
202606020512
202606020601
202606020602
202606020603
202606020604
202606020605
202606020607
202606020608
202606020609
202606020610
202606020611
202606020612
202606020701
202606020702
202606020703
202606020705
202606020706
202606020708
202606020710
202606020711
202606020712
202606020801
202606020802
202606020803
202606020804
202606020805
202606020806
202606020807 -
202606020809
202606020810
202606020811
202606020812
202606030101
202606030102
202606030103
202606030105
202606030106
202606030107
202606030108
202606030109
202606030110
202606030111
202606030112
202606030201
202606030202
202606030203
202606030204
202606030205
202606030206
202606030207
202606030208
202606030209 -
202606030210
202606030212
202606030301
202606030302
202606030303
202606030304
202606030305
202606030306
202606030307
202606030308
202606030310
202606030312
202606030402
202606030403
202606030406
202606030407
202606030408
202606030409 -
202606030410
202606030411
202606030412
202606030501
202606030502
202606030503
202606030504
202606030506
202606030507
202606030508
202606030509 -
202606030510
202606030511
202606030512
202606030601
202606030603
202606030604
202606030605
202606030606
202606030607
202606030608
202606030609
202606030610
202606030611
202606030612
202606030702
202606030703
202606030704
202606030705
202606030706 -
202606030707
202606030708
202606030709
202606030710
202606030711
202606030712
202606030801
202606030802
202606030803
202606030804
202606030805
202606030806 -
202606030807
202606030809
202606030810
202606030811
202606030812
202607010101
202607010102
202607010103
202607010104
202607010105
202607010106
202607010107
202607010108
202607010109
202607010110
202607010111
202607010112
202607010201
202607010203
202607010204
202607010205
202607010206
202607010207
202607010208
202607010210
202607010211
202607010212
202607010302
202607010303
202607010304
202607010306
202607010307
202607010308
202607010309
202607010310
202607010311
202607010312
202607010402
202607010403
202607010404
202607010405
202607010406
202607010407
202607010408
202607010409
202607010410
202607010411
202607010412
202607010502
202607010503
202607010504
202607010506
202607010509
202607010510
202607010511
202607010512
202607010601
202607010602
202607010603
202607010605
202607010606
202607010607
202607010608 -
202607010611
202607010612
202607020101
202607020102
202607020103
202607020104
202607020105
202607020106
202607020107
202607020108 -
202607020109
202607020111 -
202607020112
202607020201
202607020202 -
202607020203
202607020204
202607020205
202607020206
202607020207
202607020208
202607020209
202607020210
202607020211
202607020212
202608010101
202608010102
202608010103
202608010105
202608010106 -
202608010107
202608010108
202608010109
202608010110
202608010111
202608010112
202608010201
202608010202
202608010203
202608010204
202608010205
202608010208
202608010209
202608010210
202608010211
202608010212
202608010301
202608010302
202608010303
202608010304
202608010305
202608010306
202608010309 -
202608010310
202608010311
202608010312
202608010402
202608010403
202608010405
202608010406
202608010407
202608010408
202608010409
202608010410
202608010411
202608010412
202608010501
202608010502
202608010503
202608010504
202608010505
202608010506
202608010507
202608010508
202608010509
202608010510
202608010511
202608010512
202608010602
202608010603
202608010604
202608010605
202608010606 -
202608010608 -
202608010609
202608010610
202608010611
202608010612
202608010701
202608010702
202608010703
202608010704
202608010705
202608010706
202608010707
202608010708
202608010709
202608010710
202608010711
202608010801
202608010802
202608010803
202608010804
202608010805
202608010806
202608010807
202608010808
202608010809
202608010810
202608010811
202608010812
202608010901
202608010902
202608010904
202608010905
202608010907
202608010908
202608010909
202608010910
202608010911
202608010912
202608020101
202608020102
202608020103
202608020105
202608020106
202608020107
202608020108
202608020109
202608020110 -
202608020112
202608020201
202608020202
202608020203
202608020204
202608020205
202608020206
202608020208
202608020209
202608020210 -
202608020211
202608020212 -
202608020302
202608020303
202608020304
202608020305
202608020306
202608020307
202608020308 -
202608020309
202608020310
202608020311
202608020312
202608020401
202608020404
202608020405
202608020406
202608020407 -
202608020408
202608020409
202608020410
202608020411
202608020501
202608020502
202608020503
202608020504
202608020506
202608020507
202608020508
202608020509
202608020510
202608020511
202608020512
202608020601
202608020603
202608020604
202608020605
202608020606
202608020607
202608020608
202608020609
202608020611
202608020612
202608030101
202608030102
202608030105
202608030107
202608030108 -
202608030109
202608030110
202608030111
202608030112
202608030201
202608030203
202608030205
202608030206
202608030207
202608030208
202608030209
202608030210
202608030211
202608030212
202608030301
202608030302
202608030303
202608030304
202608030306
202608030307
202608030308
202608030309
202608030310
202608030311
202608030312
202608030402
202608030403
202608030404
202608030405
202608030406
202608030407 -
202608030408
202608030409
202608030410
202608030411
202608030412
202608030502
202608030504
202608030505 -
202608030506
202608030507
202608030508
202608030509
202608030510 -
202608030511
202608030512
202608030601
202608030602
202608030603
202608030605
202608030606
202608030607
202608030608
202608030609
202608030610
202608030611
202608030612
202608030701
202608030702
202608030703
202608030704
202608030705
202608030706
202608030707
202608030708 -
202608030709
202608030710
202608030712
202608030801
202608030802
202608030805
202608030806
202608030807
202608030808 -
202608030809
202608030810
202608030811
202608030901
202608030903
202608030904
202608030905
202608030906
202608030907
202608030908
202608030909
202608030910
202608030911
202608030912
202608031002
202608031003
202608031005
202608031007
202608031008
202608031010
202608031011
202608031012
202608031101
202608031102
202608031104
202608031105
202608031106
202608031107
202608031108
202608031109
202608031110
202608031111
202608031112
202608031201
202608031202
202608031203
202608031205
202608031206
202608031207
202608031208 -
202608031210
202608031211
202608031212
202609010101
202609010102
202609010104
202609010105
202609010106
202609010107
202609010108 -
202609010109
202609010110
202609010111
202609010201
202609010202
202609010203
202609010204
202609010205
202609010206
202609010207
202609010208
202609010209
202609010210 -
202609010211
202609010212
202609010301
202609010302
202609010303
202609010304
202609010305
202609010306
202609010307
202609010309
202609010310
202609010311
202609010312
202609010401
202609010402
202609010403
202609010405
202609010406 -
202609010408
202609010409
202609010410
202609010411
202609010412
202609010501
202609010502
202609010503
202609010504
202609010505
202609010506
202609010507 -
202609010508
202609010509
202609010510
202609010511
202609010512
202609010601
202609010602
202609010603
202609010604
202609010605
202609010606
202609010607
202609010608
202609010609 -
202609010610
202609010701
202609010702
202609010703
202609010704
202609010706
202609010707
202609010708
202609010709
202609010710
202609010711
202609010712 -
202609010801
202609010802
202609010803
202609010804
202609010805
202609010806
202609010807
202609010808
202609010809 -
202609010810
202609010812
202609010901
202609010903
202609010904
202609010905
202609010906
202609010907
202609010908
202609010909 -
202609010910
202609010911
202609010912
202609011001
202609011002
202609011003
202609011005
202609011006
202609011008
202609011009 -
202609011010
202609011011
202609020101
202609020102
202609020103
202609020104
202609020105
202609020106
202609020107
202609020108
202609020109 -
202609020110
202609020111 -
202609020112
202609020201
202609020202
202609020203
202609020204
202609020205
202609020206
202609020207
202609020208 -
202609020209
202609020210
202609020211
202609020212
202609020301
202609020302
202609020303
202609020304
202609020305
202609020306
202609020307
202609020308
202609020309
202609020310
202609020311
202609020312
202609020401
202609020403
202609020404
202609020405
202609020406
202609020407
202609020408
202609020409
202609020410
202609020411
202609020412
202609020501
202609020502
202609020505
202609020506
202609020507
202609020508
202609020509 -
202609020510
202609020511
202609020512
202609020601
202609020602
202609020603
202609020604
202609020605
202609020606
202609020607
202609020608
202609020609
202609020610
202609020611
202609020612
202609020701
202609020702
202609020703
202609020704
202609020707
202609020708
202609020709
202609020710
202609020711
202609020712
202609020801
202609020802
202609020803
202609020804
202609020805
202609020806
202609020807 -
202609020808
202609020809
202609020810
202609020811
202609020812
202609030101
202609030102
202609030103
202609030104
202609030105 -
202609030106
202609030107
202609030108
202609030109
202609030110
202609030111
202609030112
202609030201
202609030202
202609030203
202609030204
202609030205
202609030206
202609030207
202609030208
202609030209
202609030210
202609030211
202609030212
202609030301
202609030302
202609030303
202609030304
202609030305
202609030306
202609030307
202609030308
202609030309
202609030310
202609030311
202609030312
202609030401
202609030402
202609030403
202609030404
202609030405 -
202609030406
202609030407
202609030408
202609030410
202609030502
202609030503
202609030504
202609030505
202609030507
202609030508
202609030510
202609030511
202609030512
202609030602
202609030603
202609030604
202609030605
202609030606
202609030607
202609030608 -
202609030609 -
202609030610
202609030611
202609030612
202610010101
202610010102
202610010103
202610010106
202610010107
202610010108 -
202610010109
202610010111
202610010112
202610010201
202610010202
202610010203
202610010204
202610010205
202610010206
202610010207
202610010208
202610010209
202610010210
202610010211
202610010212
202610010301
202610010302
202610010303
202610010306
202610010307
202610010308
202610010309
202610010310
202610010311
202610010312
202610010401
202610010402
202610010403
202610010404
202610010405
202610010406
202610010407
202610010408
202610010409
202610010410
202610010411
202610010412
202610010501
202610010502
202610010503
202610010506
202610010507
202610010508
202610010509
202610010510
202610010511
202610010601
202610010602
202610010606
202610010607
202610010608
202610010609
202610010611
202610010612
202610010701
202610010702
202610010703
202610010704
202610010705
202610010706
202610010707
202610010708
202610010709
202610010710
202610010711
202610010712
202610010801
202610010802
202610010803
202610010805
202610010806
202610010807
202610010808
202610010809 -
202610010810
202610010811
202610010812
202610010901
202610010902
202610010903
202610010906
202610010907
202610010908
202610010909
202610010910
202610010911
202610010912
202610011002
202610011003
202610011004
202610011005
202610011006
202610011007
202610011008
202610011009
202610011010
202610011011
202610011012
202610011101
202610011102
202610011103
202610011106
202610011107
202610011108
202610011109
202610011110
202610011111
202610011112
202610011202
202610011203
202610011205
202610011207
202610011208
202610011209
202610011210
202610011211
202610011212
202610020102
202610020103
202610020104
202610020105
202610020107
202610020108
202610020109 -
202610020110
202610020111
202610020112 -
202610020201
202610020202
202610020203
202610020204
202610020205
202610020206
202610020207
202610020208
202610020209 -
202610020210
202610020211 -
202610020212
202610020301
202610020302
202610020303
202610020304
202610020305
202610020306
202610020307
202610020308
202610020309
202610020310
202610020311
202610020312
202610020402
202610020404
202610020405
202610020406
202610020407
202610020408
202610020410
202610020411
202610020412
202610020501
202610020502
202610020503
202610020504
202610020505
202610020506
202610020507
202610020508
202610020509
202610020510
202610020511
202610020512
202610020601
202610020602
202610020603
202610020604
202610020605 -
202610020606
202610020608
202610020609
202610020610
202610020611
202610020612
202610020701
202610020702
202610020703
202610020707
202610020708
202610020709
202610020710
202610020711
202610020712
202610020801
202610020802
202610020803
202610020805 -
202610020806
202610020808
202610020809 -
202610020810
202610020812
